Year,Month,Day,Hour,Minute,wind speed at 10m (m/s),wind speed at 60m (m/s)
2014,1,1,0,0,4.816,11.226
2014,1,1,1,0,5.03,12.274
2014,1,1,2,0,5.038,11.762
2014,1,1,3,0,4.596,11.016
2014,1,1,4,0,5.146,11.598
2014,1,1,5,0,5.578,12.158
2014,1,1,6,0,5.744,12.916
2014,1,1,7,0,4.604,12.846
2014,1,1,8,0,5.65,12.908
2014,1,1,9,0,7.49,12.248
2014,1,1,10,0,7.524,12.112
2014,1,1,11,0,7.984,11.78
2014,1,1,12,0,8.204,11.424
2014,1,1,13,0,8.316,11.634
2014,1,1,14,0,7.862,10.908
2014,1,1,15,0,7.13,10.22
2014,1,1,16,0,4.596,10.38
2014,1,1,17,0,3.514,9.612
2014,1,1,18,0,3.874,9.936
2014,1,1,19,0,3.184,9.476
2014,1,1,20,0,3.726,9.102
2014,1,1,21,0,4.05,10.494
2014,1,1,22,0,3.526,9.92
2014,1,1,23,0,4.048,9.672
2014,1,2,0,0,3.576,9.224
2014,1,2,1,0,3.76,9.022
2014,1,2,2,0,3.958,8.764
2014,1,2,3,0,3.906,9.538
2014,1,2,4,0,4.238,9.172
2014,1,2,5,0,4.172,8.968
2014,1,2,6,0,4.434,9.056
2014,1,2,7,0,4.172,8.79
2014,1,2,8,0,4.514,8.37
2014,1,2,9,0,5.96,8.466
2014,1,2,10,0,6.406,8.772
2014,1,2,11,0,6.28,8.532
2014,1,2,12,0,6.034,8.002
2014,1,2,13,0,5.838,7.72
2014,1,2,14,0,5.394,7.312
2014,1,2,15,0,4.62,7.182
2014,1,2,16,0,3.862,7.638
2014,1,2,17,0,3.736,7.854
2014,1,2,18,0,3.714,8.664
2014,1,2,19,0,3.394,8.25
2014,1,2,20,0,4.008,8.5
2014,1,2,21,0,3.242,7.908
2014,1,2,22,0,2.668,7.664
2014,1,2,23,0,2.72,7.536
2014,1,3,0,0,3.324,7.998
2014,1,3,1,0,3.81,8.032
2014,1,3,2,0,4.012,8.198
2014,1,3,3,0,4.052,8.596
2014,1,3,4,0,4.13,8.632
2014,1,3,5,0,3.908,9.022
2014,1,3,6,0,4.28,9.506
2014,1,3,7,0,4.52,9.776
2014,1,3,8,0,4.464,9.712
2014,1,3,9,0,5.28,8.888
2014,1,3,10,0,5.992,9.034
2014,1,3,11,0,6.036,8.01
2014,1,3,12,0,5.888,7.69
2014,1,3,13,0,5.648,7.37
2014,1,3,14,0,4.81,6.33
2014,1,3,15,0,3.942,6.42
2014,1,3,16,0,3.054,7.3
2014,1,3,17,0,2.918,7.646
2014,1,3,18,0,3.176,8.086
2014,1,3,19,0,3.454,8.63
2014,1,3,20,0,2.984,8.54
2014,1,3,21,0,2.592,7.916
2014,1,3,22,0,3.014,7.982
2014,1,3,23,0,2.77,7.546
2014,1,4,0,0,2.42,6.682
2014,1,4,1,0,2.786,6.976
2014,1,4,2,0,2.83,6.87
2014,1,4,3,0,2.974,8.028
2014,1,4,4,0,3.584,8.88
2014,1,4,5,0,4.004,9.458
2014,1,4,6,0,3.732,9.476
2014,1,4,7,0,4.096,10.374
2014,1,4,8,0,3.966,10.412
2014,1,4,9,0,4.806,10.374
2014,1,4,10,0,5.566,10.83
2014,1,4,11,0,5.914,11.032
2014,1,4,12,0,6.652,11.79
2014,1,4,13,0,7.098,11.536
2014,1,4,14,0,6.804,11.562
2014,1,4,15,0,5.486,11.62
2014,1,4,16,0,5.768,12.666
2014,1,4,17,0,5.756,12.63
2014,1,4,18,0,5.492,12.904
2014,1,4,19,0,5.542,13.198
2014,1,4,20,0,5.612,13.452
2014,1,4,21,0,4.916,12.324
2014,1,4,22,0,4.576,10.922
2014,1,4,23,0,4.658,10.76
2014,1,5,0,0,4.448,10.076
2014,1,5,1,0,4.74,10.094
2014,1,5,2,0,4.736,10.49
2014,1,5,3,0,4.818,10.772
2014,1,5,4,0,5.0,11.52
2014,1,5,5,0,5.718,13.05
2014,1,5,6,0,4.912,10.99
2014,1,5,7,0,4.682,11.85
2014,1,5,8,0,5.098,11.638
2014,1,5,9,0,6.524,11.232
2014,1,5,10,0,7.27,10.796
2014,1,5,11,0,7.016,10.374
2014,1,5,12,0,7.212,10.734
2014,1,5,13,0,7.91,11.148
2014,1,5,14,0,8.292,12.114
2014,1,5,15,0,7.212,11.916
2014,1,5,16,0,5.672,11.778
2014,1,5,17,0,4.99,10.574
2014,1,5,18,0,5.668,10.96
2014,1,5,19,0,5.09,10.246
2014,1,5,20,0,5.632,11.828
2014,1,5,21,0,6.136,12.38
2014,1,5,22,0,6.1,12.802
2014,1,5,23,0,6.222,12.876
2014,1,6,0,0,5.576,13.528
2014,1,6,1,0,5.964,14.232
2014,1,6,2,0,5.82,13.368
2014,1,6,3,0,5.516,13.094
2014,1,6,4,0,4.988,11.964
2014,1,6,5,0,4.71,12.412
2014,1,6,6,0,4.068,10.686
2014,1,6,7,0,4.404,10.56
2014,1,6,8,0,4.738,10.718
2014,1,6,9,0,6.026,10.122
2014,1,6,10,0,7.266,11.686
2014,1,6,11,0,6.23,9.654
2014,1,6,12,0,6.504,9.852
2014,1,6,13,0,6.576,9.866
2014,1,6,14,0,6.184,9.696
2014,1,6,15,0,5.64,9.504
2014,1,6,16,0,4.986,10.97
2014,1,6,17,0,4.778,11.27
2014,1,6,18,0,4.69,10.978
2014,1,6,19,0,4.94,11.126
2014,1,6,20,0,5.07,11.458
2014,1,6,21,0,5.204,11.578
2014,1,6,22,0,5.18,11.296
2014,1,6,23,0,5.706,11.796
2014,1,7,0,0,6.204,11.57
2014,1,7,1,0,6.19,11.366
2014,1,7,2,0,6.02,11.366
2014,1,7,3,0,6.414,11.566
2014,1,7,4,0,6.026,10.974
2014,1,7,5,0,5.346,11.006
2014,1,7,6,0,5.172,10.474
2014,1,7,7,0,4.294,9.826
2014,1,7,8,0,4.828,9.526
2014,1,7,9,0,5.976,8.432
2014,1,7,10,0,6.306,8.334
2014,1,7,11,0,5.932,7.458
2014,1,7,12,0,6.474,8.38
2014,1,7,13,0,6.312,8.192
2014,1,7,14,0,5.386,6.994
2014,1,7,15,0,4.808,6.476
2014,1,7,16,0,4.126,7.15
2014,1,7,17,0,4.572,8.644
2014,1,7,18,0,4.708,8.684
2014,1,7,19,0,4.478,9.698
2014,1,7,20,0,4.3,8.77
2014,1,7,21,0,3.906,8.724
2014,1,7,22,0,4.67,9.29
2014,1,7,23,0,3.902,8.22
2014,1,8,0,0,4.068,8.52
2014,1,8,1,0,4.306,8.22
2014,1,8,2,0,4.156,8.262
2014,1,8,3,0,3.822,7.894
2014,1,8,4,0,4.192,8.382
2014,1,8,5,0,3.732,8.29
2014,1,8,6,0,2.678,8.296
2014,1,8,7,0,2.486,8.586
2014,1,8,8,0,3.074,8.544
2014,1,8,9,0,4.516,7.67
2014,1,8,10,0,6.062,9.08
2014,1,8,11,0,6.068,8.772
2014,1,8,12,0,5.79,8.782
2014,1,8,13,0,5.38,8.264
2014,1,8,14,0,5.228,8.206
2014,1,8,15,0,4.432,9.026
2014,1,8,16,0,3.812,9.522
2014,1,8,17,0,2.942,9.974
2014,1,8,18,0,3.56,10.104
2014,1,8,19,0,3.532,9.746
2014,1,8,20,0,4.272,11.558
2014,1,8,21,0,4.284,11.384
2014,1,8,22,0,4.764,12.25
2014,1,8,23,0,4.01,11.434
2014,1,9,0,0,4.092,9.97
2014,1,9,1,0,4.196,11.038
2014,1,9,2,0,4.132,11.184
2014,1,9,3,0,4.052,10.68
2014,1,9,4,0,3.724,9.42
2014,1,9,5,0,3.948,10.89
2014,1,9,6,0,3.372,10.158
2014,1,9,7,0,4.212,10.924
2014,1,9,8,0,4.068,10.318
2014,1,9,9,0,6.238,10.316
2014,1,9,10,0,6.928,9.994
2014,1,9,11,0,7.29,10.132
2014,1,9,12,0,6.736,9.186
2014,1,9,13,0,6.6,8.972
2014,1,9,14,0,6.334,8.942
2014,1,9,15,0,5.422,8.726
2014,1,9,16,0,3.938,8.958
2014,1,9,17,0,3.474,8.574
2014,1,9,18,0,3.31,8.316
2014,1,9,19,0,3.378,7.98
2014,1,9,20,0,3.376,7.46
2014,1,9,21,0,3.792,8.126
2014,1,9,22,0,3.706,8.582
2014,1,9,23,0,3.138,7.762
2014,1,10,0,0,3.16,7.334
2014,1,10,1,0,2.656,7.054
2014,1,10,2,0,2.864,6.97
2014,1,10,3,0,2.822,6.634
2014,1,10,4,0,2.45,6.302
2014,1,10,5,0,2.912,6.432
2014,1,10,6,0,2.798,6.344
2014,1,10,7,0,2.534,6.738
2014,1,10,8,0,2.876,6.624
2014,1,10,9,0,3.88,6.216
2014,1,10,10,0,4.422,6.268
2014,1,10,11,0,4.954,6.764
2014,1,10,12,0,5.226,7.348
2014,1,10,13,0,5.324,7.474
2014,1,10,14,0,5.414,8.354
2014,1,10,15,0,4.8,7.714
2014,1,10,16,0,3.736,7.942
2014,1,10,17,0,3.718,8.724
2014,1,10,18,0,3.236,8.938
2014,1,10,19,0,2.974,8.366
2014,1,10,20,0,2.892,8.26
2014,1,10,21,0,3.026,8.448
2014,1,10,22,0,2.93,8.016
2014,1,10,23,0,3.068,7.962
2014,1,11,0,0,3.488,9.172
2014,1,11,1,0,3.868,8.632
2014,1,11,2,0,3.814,8.966
2014,1,11,3,0,3.056,9.126
2014,1,11,4,0,4.196,10.252
2014,1,11,5,0,3.936,10.09
2014,1,11,6,0,4.068,9.978
2014,1,11,7,0,3.922,9.416
2014,1,11,8,0,3.568,8.982
2014,1,11,9,0,3.79,8.534
2014,1,11,10,0,4.006,8.538
2014,1,11,11,0,4.86,9.494
2014,1,11,12,0,5.874,11.182
2014,1,11,13,0,5.936,11.912
2014,1,11,14,0,5.97,12.386
2014,1,11,15,0,6.004,12.668
2014,1,11,16,0,5.534,12.76
2014,1,11,17,0,4.614,12.818
2014,1,11,18,0,4.728,12.364
2014,1,11,19,0,4.75,12.818
2014,1,11,20,0,4.606,12.768
2014,1,11,21,0,3.55,10.452
2014,1,11,22,0,3.278,8.984
2014,1,11,23,0,3.082,9.366
2014,1,12,0,0,3.014,9.478
2014,1,12,1,0,3.204,9.298
2014,1,12,2,0,3.414,9.026
2014,1,12,3,0,3.464,9.592
2014,1,12,4,0,3.638,10.724
2014,1,12,5,0,4.21,10.934
2014,1,12,6,0,4.378,11.476
2014,1,12,7,0,4.442,12.012
2014,1,12,8,0,3.952,10.45
2014,1,12,9,0,4.654,10.158
2014,1,12,10,0,5.032,9.36
2014,1,12,11,0,6.16,10.916
2014,1,12,12,0,6.42,11.112
2014,1,12,13,0,6.312,11.108
2014,1,12,14,0,5.982,10.788
2014,1,12,15,0,5.186,11.03
2014,1,12,16,0,4.67,11.316
2014,1,12,17,0,4.198,11.848
2014,1,12,18,0,3.9,11.586
2014,1,12,19,0,4.41,12.02
2014,1,12,20,0,4.5,11.61
2014,1,12,21,0,4.788,11.998
2014,1,12,22,0,4.176,11.062
2014,1,12,23,0,3.666,9.724
2014,1,13,0,0,3.588,9.458
2014,1,13,1,0,3.748,8.888
2014,1,13,2,0,3.58,8.8
2014,1,13,3,0,3.616,9.106
2014,1,13,4,0,3.442,8.794
2014,1,13,5,0,3.824,8.644
2014,1,13,6,0,3.912,8.048
2014,1,13,7,0,3.458,8.384
2014,1,13,8,0,4.668,8.604
2014,1,13,9,0,5.66,8.156
2014,1,13,10,0,5.708,7.706
2014,1,13,11,0,5.554,7.064
2014,1,13,12,0,5.632,7.118
2014,1,13,13,0,5.312,6.672
2014,1,13,14,0,5.21,6.842
2014,1,13,15,0,4.446,6.39
2014,1,13,16,0,3.626,6.938
2014,1,13,17,0,3.466,7.714
2014,1,13,18,0,3.444,7.68
2014,1,13,19,0,3.618,7.938
2014,1,13,20,0,3.376,8.124
2014,1,13,21,0,3.372,8.134
2014,1,13,22,0,3.112,8.118
2014,1,13,23,0,3.098,8.164
2014,1,14,0,0,3.422,7.978
2014,1,14,1,0,3.45,7.67
2014,1,14,2,0,3.336,7.988
2014,1,14,3,0,3.446,7.994
2014,1,14,4,0,3.322,7.964
2014,1,14,5,0,2.938,7.756
2014,1,14,6,0,3.208,7.606
2014,1,14,7,0,3.086,7.37
2014,1,14,8,0,3.428,7.232
2014,1,14,9,0,4.172,6.804
2014,1,14,10,0,4.022,6.09
2014,1,14,11,0,3.96,5.966
2014,1,14,12,0,4.48,6.462
2014,1,14,13,0,4.138,6.08
2014,1,14,14,0,3.692,5.412
2014,1,14,15,0,3.13,5.184
2014,1,14,16,0,2.3,4.468
2014,1,14,17,0,2.164,5.14
2014,1,14,18,0,2.114,5.696
2014,1,14,19,0,2.342,5.776
2014,1,14,20,0,2.344,5.314
2014,1,14,21,0,2.236,4.646
2014,1,14,22,0,2.28,4.888
2014,1,14,23,0,2.64,5.966
2014,1,15,0,0,2.502,5.998
2014,1,15,1,0,2.574,6.25
2014,1,15,2,0,2.428,5.98
2014,1,15,3,0,2.126,5.528
2014,1,15,4,0,2.648,6.412
2014,1,15,5,0,2.744,6.228
2014,1,15,6,0,2.63,6.254
2014,1,15,7,0,2.858,6.426
2014,1,15,8,0,2.936,6.914
2014,1,15,9,0,3.684,6.45
2014,1,15,10,0,4.398,6.544
2014,1,15,11,0,4.512,6.292
2014,1,15,12,0,4.634,6.402
2014,1,15,13,0,4.366,5.87
2014,1,15,14,0,4.154,5.6
2014,1,15,15,0,3.744,5.638
2014,1,15,16,0,2.646,5.56
2014,1,15,17,0,2.956,5.884
2014,1,15,18,0,2.558,5.454
2014,1,15,19,0,2.77,4.868
2014,1,15,20,0,2.834,5.006
2014,1,15,21,0,2.602,5.382
2014,1,15,22,0,2.264,5.908
2014,1,15,23,0,2.448,5.73
2014,1,16,0,0,2.646,5.622
2014,1,16,1,0,2.846,6.266
2014,1,16,2,0,3.508,8.224
2014,1,16,3,0,3.264,8.702
2014,1,16,4,0,3.134,7.948
2014,1,16,5,0,2.702,7.886
2014,1,16,6,0,2.996,7.498
2014,1,16,7,0,3.098,7.858
2014,1,16,8,0,3.792,8.606
2014,1,16,9,0,4.974,8.23
2014,1,16,10,0,5.61,7.632
2014,1,16,11,0,6.012,8.052
2014,1,16,12,0,5.432,7.256
2014,1,16,13,0,6.514,8.926
2014,1,16,14,0,5.872,7.984
2014,1,16,15,0,5.73,8.5
2014,1,16,16,0,4.786,9.316
2014,1,16,17,0,4.502,9.582
2014,1,16,18,0,5.048,10.222
2014,1,16,19,0,3.744,10.182
2014,1,16,20,0,4.168,9.624
2014,1,16,21,0,4.72,9.52
2014,1,16,22,0,4.002,9.318
2014,1,16,23,0,4.618,10.254
2014,1,17,0,0,4.358,9.66
2014,1,17,1,0,4.118,9.316
2014,1,17,2,0,4.814,9.614
2014,1,17,3,0,4.69,9.324
2014,1,17,4,0,5.004,9.778
2014,1,17,5,0,3.752,7.59
2014,1,17,6,0,4.486,7.678
2014,1,17,7,0,4.59,8.024
2014,1,17,8,0,4.198,7.134
2014,1,17,9,0,4.594,6.522
2014,1,17,10,0,5.036,6.628
2014,1,17,11,0,5.142,6.576
2014,1,17,12,0,5.328,6.508
2014,1,17,13,0,4.834,5.948
2014,1,17,14,0,4.808,6.138
2014,1,17,15,0,4.112,5.8
2014,1,17,16,0,3.186,5.142
2014,1,17,17,0,2.102,4.748
2014,1,17,18,0,2.246,5.284
2014,1,17,19,0,2.29,5.172
2014,1,17,20,0,2.514,5.762
2014,1,17,21,0,2.59,5.446
2014,1,17,22,0,2.478,5.47
2014,1,17,23,0,2.558,5.836
2014,1,18,0,0,2.582,6.25
2014,1,18,1,0,2.07,6.058
2014,1,18,2,0,2.306,5.1
2014,1,18,3,0,1.984,4.656
2014,1,18,4,0,1.762,4.314
2014,1,18,5,0,1.526,4.968
2014,1,18,6,0,2.024,5.974
2014,1,18,7,0,2.038,6.228
2014,1,18,8,0,2.18,5.776
2014,1,18,9,0,2.732,5.212
2014,1,18,10,0,3.016,4.602
2014,1,18,11,0,3.974,5.276
2014,1,18,12,0,4.41,5.874
2014,1,18,13,0,4.582,6.394
2014,1,18,14,0,4.772,6.988
2014,1,18,15,0,4.418,6.534
2014,1,18,16,0,3.748,8.664
2014,1,18,17,0,3.626,9.1
2014,1,18,18,0,3.836,10.344
2014,1,18,19,0,4.124,11.242
2014,1,18,20,0,3.978,11.06
2014,1,18,21,0,3.976,11.25
2014,1,18,22,0,3.748,10.566
2014,1,18,23,0,3.714,9.98
2014,1,19,0,0,3.818,10.2
2014,1,19,1,0,3.026,7.86
2014,1,19,2,0,3.386,8.454
2014,1,19,3,0,3.334,8.25
2014,1,19,4,0,3.432,8.288
2014,1,19,5,0,2.934,8.0
2014,1,19,6,0,3.804,8.316
2014,1,19,7,0,4.616,9.78
2014,1,19,8,0,4.414,9.376
2014,1,19,9,0,5.694,8.84
2014,1,19,10,0,6.108,8.206
2014,1,19,11,0,6.714,9.118
2014,1,19,12,0,6.758,9.096
2014,1,19,13,0,6.75,9.132
2014,1,19,14,0,6.312,8.602
2014,1,19,15,0,5.906,8.922
2014,1,19,16,0,4.486,9.242
2014,1,19,17,0,4.764,11.098
2014,1,19,18,0,3.732,11.086
2014,1,19,19,0,3.874,11.748
2014,1,19,20,0,4.326,11.826
2014,1,19,21,0,4.382,10.862
2014,1,19,22,0,4.63,11.444
2014,1,19,23,0,4.462,11.758
2014,1,20,0,0,4.568,11.904
2014,1,20,1,0,4.294,11.88
2014,1,20,2,0,4.514,11.688
2014,1,20,3,0,4.428,10.978
2014,1,20,4,0,4.052,10.418
2014,1,20,5,0,4.476,12.558
2014,1,20,6,0,5.1,12.98
2014,1,20,7,0,4.872,12.862
2014,1,20,8,0,6.028,13.112
2014,1,20,9,0,6.346,10.126
2014,1,20,10,0,6.206,9.83
2014,1,20,11,0,6.674,10.204
2014,1,20,12,0,7.354,11.988
2014,1,20,13,0,7.112,11.716
2014,1,20,14,0,6.4,10.896
2014,1,20,15,0,6.076,10.672
2014,1,20,16,0,4.222,10.366
2014,1,20,17,0,3.964,10.722
2014,1,20,18,0,3.494,9.4
2014,1,20,19,0,4.476,10.092
2014,1,20,20,0,4.358,10.014
2014,1,20,21,0,4.548,9.948
2014,1,20,22,0,5.814,11.114
2014,1,20,23,0,5.314,10.482
2014,1,21,0,0,5.562,10.558
2014,1,21,1,0,5.37,10.174
2014,1,21,2,0,5.226,9.47
2014,1,21,3,0,5.302,9.824
2014,1,21,4,0,5.234,9.688
2014,1,21,5,0,5.212,9.424
2014,1,21,6,0,5.076,9.552
2014,1,21,7,0,4.726,9.056
2014,1,21,8,0,4.872,8.17
2014,1,21,9,0,5.718,7.708
2014,1,21,10,0,5.592,7.038
2014,1,21,11,0,5.478,6.786
2014,1,21,12,0,5.518,6.828
2014,1,21,13,0,5.784,7.292
2014,1,21,14,0,5.962,7.704
2014,1,21,15,0,5.604,7.76
2014,1,21,16,0,4.806,7.214
2014,1,21,17,0,4.494,7.072
2014,1,21,18,0,4.672,8.232
2014,1,21,19,0,5.13,9.104
2014,1,21,20,0,5.262,9.532
2014,1,21,21,0,5.102,9.66
2014,1,21,22,0,4.854,9.838
2014,1,21,23,0,4.59,9.582
2014,1,22,0,0,4.576,8.96
2014,1,22,1,0,4.376,8.38
2014,1,22,2,0,4.734,8.756
2014,1,22,3,0,4.28,8.222
2014,1,22,4,0,4.47,8.276
2014,1,22,5,0,3.536,8.234
2014,1,22,6,0,4.03,8.6
2014,1,22,7,0,4.452,8.574
2014,1,22,8,0,3.632,7.878
2014,1,22,9,0,5.076,7.436
2014,1,22,10,0,5.072,6.918
2014,1,22,11,0,5.23,6.744
2014,1,22,12,0,4.982,6.162
2014,1,22,13,0,4.4,5.478
2014,1,22,14,0,4.188,5.34
2014,1,22,15,0,4.156,5.508
2014,1,22,16,0,3.04,5.694
2014,1,22,17,0,2.658,5.966
2014,1,22,18,0,2.326,6.08
2014,1,22,19,0,2.562,6.572
2014,1,22,20,0,2.186,6.146
2014,1,22,21,0,2.268,6.25
2014,1,22,22,0,2.148,5.87
2014,1,22,23,0,2.218,6.466
2014,1,23,0,0,2.13,6.42
2014,1,23,1,0,2.04,5.806
2014,1,23,2,0,2.038,5.936
2014,1,23,3,0,2.066,5.626
2014,1,23,4,0,2.366,6.494
2014,1,23,5,0,2.516,6.79
2014,1,23,6,0,2.824,7.386
2014,1,23,7,0,2.896,7.138
2014,1,23,8,0,2.952,8.268
2014,1,23,9,0,4.03,7.806
2014,1,23,10,0,4.674,7.528
2014,1,23,11,0,5.248,8.15
2014,1,23,12,0,5.252,8.808
2014,1,23,13,0,5.126,8.95
2014,1,23,14,0,4.956,8.934
2014,1,23,15,0,4.55,9.034
2014,1,23,16,0,4.342,9.26
2014,1,23,17,0,3.838,8.694
2014,1,23,18,0,3.576,8.746
2014,1,23,19,0,3.408,8.832
2014,1,23,20,0,3.346,9.096
2014,1,23,21,0,3.8,9.95
2014,1,23,22,0,3.766,9.69
2014,1,23,23,0,3.288,9.292
2014,1,24,0,0,3.542,9.87
2014,1,24,1,0,3.656,10.424
2014,1,24,2,0,3.686,9.97
2014,1,24,3,0,3.346,9.954
2014,1,24,4,0,3.904,10.678
2014,1,24,5,0,3.752,10.464
2014,1,24,6,0,3.968,11.2
2014,1,24,7,0,4.198,11.308
2014,1,24,8,0,3.712,10.272
2014,1,24,9,0,5.542,9.38
2014,1,24,10,0,5.694,9.526
2014,1,24,11,0,6.034,10.068
2014,1,24,12,0,6.386,11.15
2014,1,24,13,0,6.614,12.196
2014,1,24,14,0,6.68,12.62
2014,1,24,15,0,6.62,12.606
2014,1,24,16,0,4.984,10.692
2014,1,24,17,0,4.61,10.64
2014,1,24,18,0,5.362,12.43
2014,1,24,19,0,5.058,11.714
2014,1,24,20,0,4.074,11.188
2014,1,24,21,0,3.956,10.268
2014,1,24,22,0,4.288,9.492
2014,1,24,23,0,5.194,11.632
2014,1,25,0,0,5.722,12.392
2014,1,25,1,0,5.634,11.63
2014,1,25,2,0,5.428,12.128
2014,1,25,3,0,5.12,11.788
2014,1,25,4,0,5.772,11.662
2014,1,25,5,0,5.58,11.672
2014,1,25,6,0,5.574,11.658
2014,1,25,7,0,5.394,11.14
2014,1,25,8,0,5.35,10.562
2014,1,25,9,0,6.844,11.6
2014,1,25,10,0,8.06,11.33
2014,1,25,11,0,7.896,10.93
2014,1,25,12,0,7.934,11.148
2014,1,25,13,0,8.126,11.6
2014,1,25,14,0,7.222,11.516
2014,1,25,15,0,6.768,11.496
2014,1,25,16,0,6.198,11.66
2014,1,25,17,0,4.81,11.67
2014,1,25,18,0,4.896,11.848
2014,1,25,19,0,5.158,11.16
2014,1,25,20,0,5.718,11.99
2014,1,25,21,0,4.968,10.76
2014,1,25,22,0,3.802,8.966
2014,1,25,23,0,4.19,8.776
2014,1,26,0,0,4.406,9.158
2014,1,26,1,0,4.19,8.254
2014,1,26,2,0,4.168,8.408
2014,1,26,3,0,3.89,7.732
2014,1,26,4,0,3.79,8.066
2014,1,26,5,0,3.51,8.522
2014,1,26,6,0,3.514,8.55
2014,1,26,7,0,3.2,7.506
2014,1,26,8,0,3.42,7.086
2014,1,26,9,0,4.596,6.044
2014,1,26,10,0,4.968,6.266
2014,1,26,11,0,5.28,6.532
2014,1,26,12,0,5.498,6.748
2014,1,26,13,0,5.686,7.244
2014,1,26,14,0,5.138,6.62
2014,1,26,15,0,5.192,7.014
2014,1,26,16,0,4.128,7.354
2014,1,26,17,0,3.618,8.01
2014,1,26,18,0,3.782,8.594
2014,1,26,19,0,3.89,8.618
2014,1,26,20,0,3.852,8.796
2014,1,26,21,0,4.106,9.83
2014,1,26,22,0,3.846,9.166
2014,1,26,23,0,4.154,9.72
2014,1,27,0,0,4.66,10.876
2014,1,27,1,0,4.896,10.62
2014,1,27,2,0,5.166,10.646
2014,1,27,3,0,5.422,11.282
2014,1,27,4,0,5.906,11.644
2014,1,27,5,0,4.832,10.79
2014,1,27,6,0,4.562,10.556
2014,1,27,7,0,4.844,10.462
2014,1,27,8,0,4.776,10.97
2014,1,27,9,0,5.424,9.684
2014,1,27,10,0,6.672,10.16
2014,1,27,11,0,7.564,10.818
2014,1,27,12,0,7.476,10.586
2014,1,27,13,0,7.446,10.376
2014,1,27,14,0,7.24,10.218
2014,1,27,15,0,7.428,11.388
2014,1,27,16,0,5.068,11.694
2014,1,27,17,0,4.356,11.968
2014,1,27,18,0,4.706,12.228
2014,1,27,19,0,4.048,11.242
2014,1,27,20,0,4.284,11.046
2014,1,27,21,0,4.51,11.564
2014,1,27,22,0,4.602,11.772
2014,1,27,23,0,4.616,11.166
2014,1,28,0,0,3.984,10.374
2014,1,28,1,0,3.394,9.448
2014,1,28,2,0,2.924,8.552
2014,1,28,3,0,3.17,9.018
2014,1,28,4,0,3.044,8.92
2014,1,28,5,0,3.688,9.29
2014,1,28,6,0,4.286,9.706
2014,1,28,7,0,4.574,10.024
2014,1,28,8,0,4.792,9.224
2014,1,28,9,0,5.604,8.67
2014,1,28,10,0,5.538,7.672
2014,1,28,11,0,4.748,6.664
2014,1,28,12,0,4.67,6.094
2014,1,28,13,0,4.618,6.024
2014,1,28,14,0,4.712,6.146
2014,1,28,15,0,4.53,6.308
2014,1,28,16,0,3.268,6.068
2014,1,28,17,0,2.718,6.564
2014,1,28,18,0,2.642,6.822
2014,1,28,19,0,2.88,6.99
2014,1,28,20,0,2.93,6.674
2014,1,28,21,0,2.292,6.266
2014,1,28,22,0,2.486,6.516
2014,1,28,23,0,2.752,6.784
2014,1,29,0,0,2.556,6.554
2014,1,29,1,0,2.754,6.762
2014,1,29,2,0,2.502,6.578
2014,1,29,3,0,2.348,6.464
2014,1,29,4,0,2.806,6.604
2014,1,29,5,0,3.126,6.81
2014,1,29,6,0,2.876,6.508
2014,1,29,7,0,2.84,6.282
2014,1,29,8,0,2.888,5.678
2014,1,29,9,0,3.694,5.094
2014,1,29,10,0,4.246,5.244
2014,1,29,11,0,4.242,5.112
2014,1,29,12,0,4.204,5.044
2014,1,29,13,0,4.472,5.462
2014,1,29,14,0,4.238,5.284
2014,1,29,15,0,3.984,5.558
2014,1,29,16,0,3.164,6.008
2014,1,29,17,0,3.012,7.218
2014,1,29,18,0,3.146,8.024
2014,1,29,19,0,3.26,7.436
2014,1,29,20,0,2.396,7.802
2014,1,29,21,0,2.744,8.338
2014,1,29,22,0,3.206,8.908
2014,1,29,23,0,3.282,8.156
2014,1,30,0,0,3.264,8.732
2014,1,30,1,0,3.77,9.274
2014,1,30,2,0,3.6,9.13
2014,1,30,3,0,3.812,8.75
2014,1,30,4,0,3.764,8.358
2014,1,30,5,0,4.588,8.962
2014,1,30,6,0,4.632,9.002
2014,1,30,7,0,4.59,8.81
2014,1,30,8,0,4.808,8.012
2014,1,30,9,0,4.914,6.842
2014,1,30,10,0,4.622,5.976
2014,1,30,11,0,4.346,5.312
2014,1,30,12,0,5.082,6.51
2014,1,30,13,0,6.148,8.096
2014,1,30,14,0,5.968,8.322
2014,1,30,15,0,6.652,9.394
2014,1,30,16,0,5.804,8.766
2014,1,30,17,0,5.682,8.998
2014,1,30,18,0,5.202,8.452
2014,1,30,19,0,5.112,8.366
2014,1,30,20,0,5.002,8.1
2014,1,30,21,0,4.898,8.246
2014,1,30,22,0,4.366,7.304
2014,1,30,23,0,4.358,7.982
2014,1,31,0,0,4.278,8.106
2014,1,31,1,0,4.07,8.102
2014,1,31,2,0,4.594,8.862
2014,1,31,3,0,4.922,9.516
2014,1,31,4,0,4.918,10.016
2014,1,31,5,0,4.926,9.502
2014,1,31,6,0,4.196,9.328
2014,1,31,7,0,4.686,9.632
2014,1,31,8,0,5.37,8.99
2014,1,31,9,0,6.222,8.69
2014,1,31,10,0,6.51,8.588
2014,1,31,11,0,6.606,8.656
2014,1,31,12,0,6.548,8.568
2014,1,31,13,0,6.63,8.808
2014,1,31,14,0,6.664,8.912
2014,1,31,15,0,6.314,8.958
2014,1,31,16,0,5.404,9.468
2014,1,31,17,0,3.906,9.444
2014,1,31,18,0,4.124,9.75
2014,1,31,19,0,3.414,8.952
2014,1,31,20,0,3.426,9.37
2014,1,31,21,0,3.92,9.604
2014,1,31,22,0,3.754,9.244
2014,1,31,23,0,3.31,9.084
2014,2,1,0,0,2.756,7.488
2014,2,1,1,0,2.442,7.52
2014,2,1,2,0,2.238,7.036
2014,2,1,3,0,2.322,6.624
2014,2,1,4,0,2.19,6.6
2014,2,1,5,0,2.426,6.796
2014,2,1,6,0,2.38,6.472
2014,2,1,7,0,2.596,6.696
2014,2,1,8,0,2.732,6.888
2014,2,1,9,0,3.906,6.188
2014,2,1,10,0,4.47,6.048
2014,2,1,11,0,5.078,6.604
2014,2,1,12,0,5.07,6.518
2014,2,1,13,0,4.846,6.16
2014,2,1,14,0,4.692,6.144
2014,2,1,15,0,4.106,6.202
2014,2,1,16,0,3.222,6.3
2014,2,1,17,0,2.858,6.356
2014,2,1,18,0,2.7,6.416
2014,2,1,19,0,2.772,7.0
2014,2,1,20,0,2.41,6.85
2014,2,1,21,0,2.694,6.742
2014,2,1,22,0,2.754,6.518
2014,2,1,23,0,2.742,6.946
2014,2,2,0,0,2.768,7.146
2014,2,2,1,0,2.944,7.298
2014,2,2,2,0,3.218,7.64
2014,2,2,3,0,3.652,8.162
2014,2,2,4,0,3.342,7.358
2014,2,2,5,0,3.254,7.384
2014,2,2,6,0,2.984,7.626
2014,2,2,7,0,3.104,8.174
2014,2,2,8,0,3.552,7.698
2014,2,2,9,0,4.458,7.148
2014,2,2,10,0,4.968,7.542
2014,2,2,11,0,5.402,8.266
2014,2,2,12,0,6.316,9.682
2014,2,2,13,0,6.448,9.82
2014,2,2,14,0,6.128,9.54
2014,2,2,15,0,6.054,9.868
2014,2,2,16,0,5.788,9.868
2014,2,2,17,0,4.056,9.586
2014,2,2,18,0,4.384,9.536
2014,2,2,19,0,4.268,8.906
2014,2,2,20,0,5.542,10.828
2014,2,2,21,0,5.628,11.106
2014,2,2,22,0,6.01,11.362
2014,2,2,23,0,5.67,10.542
2014,2,3,0,0,5.274,11.326
2014,2,3,1,0,5.162,10.962
2014,2,3,2,0,5.54,11.932
2014,2,3,3,0,5.158,11.302
2014,2,3,4,0,4.46,9.792
2014,2,3,5,0,4.352,9.528
2014,2,3,6,0,4.148,8.928
2014,2,3,7,0,3.894,8.398
2014,2,3,8,0,4.75,8.476
2014,2,3,9,0,5.572,7.772
2014,2,3,10,0,5.374,6.972
2014,2,3,11,0,4.714,5.902
2014,2,3,12,0,4.812,5.844
2014,2,3,13,0,5.078,6.366
2014,2,3,14,0,5.248,6.866
2014,2,3,15,0,5.212,7.326
2014,2,3,16,0,4.084,6.952
2014,2,3,17,0,3.152,7.738
2014,2,3,18,0,3.17,8.122
2014,2,3,19,0,3.054,8.454
2014,2,3,20,0,2.436,8.338
2014,2,3,21,0,2.136,7.636
2014,2,3,22,0,2.008,7.784
2014,2,3,23,0,2.698,7.582
2014,2,4,0,0,2.336,7.026
2014,2,4,1,0,2.072,6.724
2014,2,4,2,0,2.522,6.42
2014,2,4,3,0,2.306,6.532
2014,2,4,4,0,2.12,6.362
2014,2,4,5,0,1.694,5.49
2014,2,4,6,0,2.026,5.68
2014,2,4,7,0,1.406,5.804
2014,2,4,8,0,1.988,6.052
2014,2,4,9,0,3.148,5.3
2014,2,4,10,0,3.928,5.576
2014,2,4,11,0,4.504,6.002
2014,2,4,12,0,4.424,6.002
2014,2,4,13,0,4.042,5.094
2014,2,4,14,0,3.73,5.186
2014,2,4,15,0,3.438,6.06
2014,2,4,16,0,3.144,6.752
2014,2,4,17,0,3.104,6.474
2014,2,4,18,0,2.4,6.312
2014,2,4,19,0,2.36,6.354
2014,2,4,20,0,2.05,6.646
2014,2,4,21,0,2.194,7.626
2014,2,4,22,0,2.72,7.9
2014,2,4,23,0,2.456,7.296
2014,2,5,0,0,2.798,7.668
2014,2,5,1,0,3.234,8.35
2014,2,5,2,0,3.15,7.624
2014,2,5,3,0,2.818,7.036
2014,2,5,4,0,3.774,7.66
2014,2,5,5,0,4.102,8.436
2014,2,5,6,0,4.466,8.742
2014,2,5,7,0,4.724,9.136
2014,2,5,8,0,4.822,9.15
2014,2,5,9,0,5.66,9.568
2014,2,5,10,0,6.348,9.824
2014,2,5,11,0,6.686,10.194
2014,2,5,12,0,7.012,10.636
2014,2,5,13,0,6.876,10.336
2014,2,5,14,0,6.89,10.158
2014,2,5,15,0,6.642,9.946
2014,2,5,16,0,5.67,9.8
2014,2,5,17,0,4.514,10.258
2014,2,5,18,0,5.37,11.19
2014,2,5,19,0,4.962,10.41
2014,2,5,20,0,4.842,9.88
2014,2,5,21,0,4.22,9.184
2014,2,5,22,0,4.354,9.57
2014,2,5,23,0,4.538,9.996
2014,2,6,0,0,4.238,9.412
2014,2,6,1,0,3.676,8.704
2014,2,6,2,0,3.27,8.066
2014,2,6,3,0,3.5,8.652
2014,2,6,4,0,3.748,8.488
2014,2,6,5,0,3.666,8.066
2014,2,6,6,0,3.358,7.274
2014,2,6,7,0,2.924,6.832
2014,2,6,8,0,3.15,5.51
2014,2,6,9,0,3.388,4.554
2014,2,6,10,0,3.638,4.176
2014,2,6,11,0,4.01,4.548
2014,2,6,12,0,3.662,4.102
2014,2,6,13,0,3.868,4.272
2014,2,6,14,0,3.864,4.45
2014,2,6,15,0,4.06,4.964
2014,2,6,16,0,3.306,4.746
2014,2,6,17,0,2.572,5.676
2014,2,6,18,0,2.23,6.066
2014,2,6,19,0,1.844,4.776
2014,2,6,20,0,1.766,4.68
2014,2,6,21,0,1.594,4.628
2014,2,6,22,0,2.058,5.118
2014,2,6,23,0,1.636,4.342
2014,2,7,0,0,1.57,4.726
2014,2,7,1,0,1.398,4.338
2014,2,7,2,0,1.822,4.892
2014,2,7,3,0,1.634,6.23
2014,2,7,4,0,2.72,6.946
2014,2,7,5,0,3.486,9.046
2014,2,7,6,0,3.364,9.13
2014,2,7,7,0,2.468,7.06
2014,2,7,8,0,2.662,6.626
2014,2,7,9,0,4.314,7.988
2014,2,7,10,0,5.27,8.198
2014,2,7,11,0,6.092,8.4
2014,2,7,12,0,5.348,7.518
2014,2,7,13,0,5.522,7.976
2014,2,7,14,0,5.472,8.22
2014,2,7,15,0,4.982,7.916
2014,2,7,16,0,4.946,9.04
2014,2,7,17,0,3.576,9.298
2014,2,7,18,0,3.492,9.708
2014,2,7,19,0,3.718,9.796
2014,2,7,20,0,4.186,11.014
2014,2,7,21,0,4.026,11.23
2014,2,7,22,0,4.418,11.878
2014,2,7,23,0,4.226,11.422
2014,2,8,0,0,4.298,10.83
2014,2,8,1,0,4.754,11.054
2014,2,8,2,0,3.468,7.66
2014,2,8,3,0,3.39,7.932
2014,2,8,4,0,3.596,8.034
2014,2,8,5,0,3.88,8.128
2014,2,8,6,0,4.14,8.426
2014,2,8,7,0,3.824,8.024
2014,2,8,8,0,3.552,6.798
2014,2,8,9,0,4.784,7.084
2014,2,8,10,0,5.612,7.858
2014,2,8,11,0,5.914,7.814
2014,2,8,12,0,6.554,8.882
2014,2,8,13,0,5.954,8.81
2014,2,8,14,0,5.456,7.992
2014,2,8,15,0,5.37,7.152
2014,2,8,16,0,5.014,7.384
2014,2,8,17,0,4.114,7.898
2014,2,8,18,0,4.012,7.984
2014,2,8,19,0,4.256,8.538
2014,2,8,20,0,4.802,9.194
2014,2,8,21,0,4.232,8.286
2014,2,8,22,0,5.094,9.566
2014,2,8,23,0,4.726,9.198
2014,2,9,0,0,4.828,8.644
2014,2,9,1,0,5.436,9.366
2014,2,9,2,0,4.914,8.402
2014,2,9,3,0,5.262,9.068
2014,2,9,4,0,5.154,8.546
2014,2,9,5,0,4.924,9.154
2014,2,9,6,0,4.556,8.738
2014,2,9,7,0,4.042,8.686
2014,2,9,8,0,4.91,7.566
2014,2,9,9,0,5.116,7.71
2014,2,9,10,0,5.348,7.532
2014,2,9,11,0,5.05,7.06
2014,2,9,12,0,5.544,7.174
2014,2,9,13,0,5.814,7.764
2014,2,9,14,0,5.428,7.836
2014,2,9,15,0,4.942,7.648
2014,2,9,16,0,4.578,7.05
2014,2,9,17,0,3.458,6.746
2014,2,9,18,0,3.356,7.118
2014,2,9,19,0,3.59,6.7
2014,2,9,20,0,3.716,6.722
2014,2,9,21,0,3.596,6.292
2014,2,9,22,0,2.92,6.444
2014,2,9,23,0,3.14,6.476
2014,2,10,0,0,3.456,6.696
2014,2,10,1,0,3.348,6.868
2014,2,10,2,0,3.226,6.448
2014,2,10,3,0,3.732,6.528
2014,2,10,4,0,3.44,6.442
2014,2,10,5,0,3.49,6.84
2014,2,10,6,0,2.67,6.596
2014,2,10,7,0,2.68,6.744
2014,2,10,8,0,2.96,5.672
2014,2,10,9,0,3.756,5.472
2014,2,10,10,0,3.752,5.062
2014,2,10,11,0,3.634,4.796
2014,2,10,12,0,3.702,4.606
2014,2,10,13,0,4.266,5.14
2014,2,10,14,0,4.272,5.42
2014,2,10,15,0,4.552,6.2
2014,2,10,16,0,4.046,6.466
2014,2,10,17,0,1.934,6.266
2014,2,10,18,0,1.886,7.092
2014,2,10,19,0,2.55,8.118
2014,2,10,20,0,3.014,8.47
2014,2,10,21,0,2.716,7.878
2014,2,10,22,0,2.486,7.45
2014,2,10,23,0,2.66,6.402
2014,2,11,0,0,2.046,5.726
2014,2,11,1,0,2.548,5.618
2014,2,11,2,0,2.574,6.114
2014,2,11,3,0,2.796,6.312
2014,2,11,4,0,2.602,6.852
2014,2,11,5,0,2.29,6.106
2014,2,11,6,0,2.01,5.34
2014,2,11,7,0,2.2,5.316
2014,2,11,8,0,2.462,5.404
2014,2,11,9,0,3.506,5.38
2014,2,11,10,0,4.232,5.906
2014,2,11,11,0,3.912,6.088
2014,2,11,12,0,4.67,6.108
2014,2,11,13,0,4.818,5.872
2014,2,11,14,0,4.898,6.012
2014,2,11,15,0,3.692,5.324
2014,2,11,16,0,3.838,5.994
2014,2,11,17,0,2.424,6.2
2014,2,11,18,0,2.34,6.512
2014,2,11,19,0,2.258,6.692
2014,2,11,20,0,2.616,6.654
2014,2,11,21,0,2.898,7.026
2014,2,11,22,0,2.78,6.61
2014,2,11,23,0,2.682,6.452
2014,2,12,0,0,2.798,6.094
2014,2,12,1,0,3.148,5.992
2014,2,12,2,0,3.078,6.264
2014,2,12,3,0,2.672,5.896
2014,2,12,4,0,3.342,6.74
2014,2,12,5,0,3.178,6.314
2014,2,12,6,0,3.134,5.828
2014,2,12,7,0,2.61,5.748
2014,2,12,8,0,3.75,6.06
2014,2,12,9,0,4.378,6.66
2014,2,12,10,0,3.922,5.478
2014,2,12,11,0,4.182,5.458
2014,2,12,12,0,4.532,5.88
2014,2,12,13,0,4.354,5.66
2014,2,12,14,0,4.06,5.46
2014,2,12,15,0,4.06,6.286
2014,2,12,16,0,3.65,6.878
2014,2,12,17,0,3.418,7.742
2014,2,12,18,0,3.34,8.362
2014,2,12,19,0,3.424,8.308
2014,2,12,20,0,3.812,9.246
2014,2,12,21,0,3.938,9.224
2014,2,12,22,0,3.796,8.714
2014,2,12,23,0,3.538,8.23
2014,2,13,0,0,3.01,8.768
2014,2,13,1,0,3.532,8.936
2014,2,13,2,0,3.808,9.314
2014,2,13,3,0,3.734,9.072
2014,2,13,4,0,3.838,7.98
2014,2,13,5,0,4.212,8.638
2014,2,13,6,0,4.066,8.654
2014,2,13,7,0,4.304,8.904
2014,2,13,8,0,5.35,9.474
2014,2,13,9,0,5.612,9.57
2014,2,13,10,0,6.002,9.98
2014,2,13,11,0,6.192,9.09
2014,2,13,12,0,6.132,8.818
2014,2,13,13,0,5.9,8.754
2014,2,13,14,0,5.81,8.646
2014,2,13,15,0,5.856,9.094
2014,2,13,16,0,4.962,9.02
2014,2,13,17,0,4.118,8.788
2014,2,13,18,0,4.754,10.22
2014,2,13,19,0,4.382,10.04
2014,2,13,20,0,4.36,9.826
2014,2,13,21,0,4.122,9.174
2014,2,13,22,0,4.34,9.502
2014,2,13,23,0,4.418,9.884
2014,2,14,0,0,4.67,10.256
2014,2,14,1,0,4.5,8.976
2014,2,14,2,0,4.148,8.306
2014,2,14,3,0,4.602,9.014
2014,2,14,4,0,4.356,8.528
2014,2,14,5,0,4.148,8.346
2014,2,14,6,0,4.242,7.618
2014,2,14,7,0,4.262,8.456
2014,2,14,8,0,4.772,8.282
2014,2,14,9,0,5.284,7.348
2014,2,14,10,0,5.402,7.702
2014,2,14,11,0,5.654,7.362
2014,2,14,12,0,6.71,8.62
2014,2,14,13,0,6.764,8.846
2014,2,14,14,0,6.616,9.274
2014,2,14,15,0,6.092,9.202
2014,2,14,16,0,5.132,9.082
2014,2,14,17,0,4.362,8.868
2014,2,14,18,0,3.958,8.5
2014,2,14,19,0,4.282,9.422
2014,2,14,20,0,4.2,9.632
2014,2,14,21,0,3.55,9.366
2014,2,14,22,0,3.712,8.74
2014,2,14,23,0,2.94,7.618
2014,2,15,0,0,2.706,7.194
2014,2,15,1,0,3.71,8.594
2014,2,15,2,0,4.168,9.096
2014,2,15,3,0,4.104,8.858
2014,2,15,4,0,3.862,8.668
2014,2,15,5,0,3.646,9.046
2014,2,15,6,0,3.968,9.152
2014,2,15,7,0,3.81,8.426
2014,2,15,8,0,5.146,8.768
2014,2,15,9,0,6.426,10.692
2014,2,15,10,0,6.458,10.322
2014,2,15,11,0,7.464,10.732
2014,2,15,12,0,6.974,10.968
2014,2,15,13,0,6.994,11.808
2014,2,15,14,0,7.69,12.438
2014,2,15,15,0,7.342,12.204
2014,2,15,16,0,6.462,11.958
2014,2,15,17,0,6.026,13.252
2014,2,15,18,0,5.992,13.154
2014,2,15,19,0,4.958,11.534
2014,2,15,20,0,5.332,12.25
2014,2,15,21,0,4.956,12.304
2014,2,15,22,0,4.632,10.752
2014,2,15,23,0,4.722,11.074
2014,2,16,0,0,4.646,10.978
2014,2,16,1,0,4.046,11.148
2014,2,16,2,0,4.482,11.224
2014,2,16,3,0,4.544,11.554
2014,2,16,4,0,5.224,13.15
2014,2,16,5,0,5.216,13.186
2014,2,16,6,0,4.894,11.738
2014,2,16,7,0,5.138,12.504
2014,2,16,8,0,5.906,11.336
2014,2,16,9,0,7.148,11.4
2014,2,16,10,0,7.114,10.092
2014,2,16,11,0,7.154,9.626
2014,2,16,12,0,7.974,10.672
2014,2,16,13,0,7.85,10.56
2014,2,16,14,0,7.562,10.458
2014,2,16,15,0,7.264,10.252
2014,2,16,16,0,6.608,10.354
2014,2,16,17,0,5.054,10.204
2014,2,16,18,0,4.248,9.394
2014,2,16,19,0,4.104,10.18
2014,2,16,20,0,4.598,9.734
2014,2,16,21,0,4.9,9.784
2014,2,16,22,0,4.716,9.748
2014,2,16,23,0,4.472,8.926
2014,2,17,0,0,4.55,7.998
2014,2,17,1,0,4.402,8.07
2014,2,17,2,0,3.804,7.292
2014,2,17,3,0,3.79,7.13
2014,2,17,4,0,3.556,6.712
2014,2,17,5,0,3.606,7.29
2014,2,17,6,0,3.126,6.92
2014,2,17,7,0,2.292,6.466
2014,2,17,8,0,3.944,5.942
2014,2,17,9,0,4.286,5.396
2014,2,17,10,0,4.008,4.614
2014,2,17,11,0,4.072,4.602
2014,2,17,12,0,3.812,4.38
2014,2,17,13,0,4.272,4.906
2014,2,17,14,0,3.984,4.626
2014,2,17,15,0,3.832,4.524
2014,2,17,16,0,3.604,4.742
2014,2,17,17,0,2.466,4.892
2014,2,17,18,0,2.276,5.412
2014,2,17,19,0,2.188,5.062
2014,2,17,20,0,2.154,5.182
2014,2,17,21,0,1.772,4.294
2014,2,17,22,0,1.914,4.184
2014,2,17,23,0,2.208,4.552
2014,2,18,0,0,2.382,4.754
2014,2,18,1,0,2.476,5.048
2014,2,18,2,0,2.29,4.722
2014,2,18,3,0,2.292,4.84
2014,2,18,4,0,2.408,4.974
2014,2,18,5,0,2.634,5.562
2014,2,18,6,0,2.93,5.938
2014,2,18,7,0,2.876,6.002
2014,2,18,8,0,3.618,5.682
2014,2,18,9,0,4.382,5.626
2014,2,18,10,0,4.45,5.522
2014,2,18,11,0,4.502,5.71
2014,2,18,12,0,4.71,5.84
2014,2,18,13,0,5.02,6.356
2014,2,18,14,0,4.93,6.294
2014,2,18,15,0,4.826,6.9
2014,2,18,16,0,4.14,7.26
2014,2,18,17,0,3.0,6.41
2014,2,18,18,0,2.74,6.826
2014,2,18,19,0,2.656,7.148
2014,2,18,20,0,3.018,7.526
2014,2,18,21,0,3.118,7.764
2014,2,18,22,0,3.376,8.552
2014,2,18,23,0,3.038,8.018
2014,2,19,0,0,3.03,7.826
2014,2,19,1,0,3.048,7.538
2014,2,19,2,0,2.658,7.106
2014,2,19,3,0,2.796,8.436
2014,2,19,4,0,2.704,7.836
2014,2,19,5,0,2.558,7.02
2014,2,19,6,0,2.676,7.88
2014,2,19,7,0,3.22,8.73
2014,2,19,8,0,4.708,8.926
2014,2,19,9,0,5.918,9.398
2014,2,19,10,0,6.112,9.318
2014,2,19,11,0,6.732,10.188
2014,2,19,12,0,7.294,10.928
2014,2,19,13,0,7.648,11.31
2014,2,19,14,0,7.322,10.69
2014,2,19,15,0,6.472,9.688
2014,2,19,16,0,5.55,9.218
2014,2,19,17,0,4.43,9.358
2014,2,19,18,0,3.884,9.828
2014,2,19,19,0,4.206,10.502
2014,2,19,20,0,5.058,11.174
2014,2,19,21,0,4.774,10.652
2014,2,19,22,0,4.25,9.778
2014,2,19,23,0,3.644,9.468
2014,2,20,0,0,3.958,8.97
2014,2,20,1,0,3.456,7.832
2014,2,20,2,0,3.744,8.118
2014,2,20,3,0,3.792,8.142
2014,2,20,4,0,3.072,8.054
2014,2,20,5,0,2.942,7.852
2014,2,20,6,0,2.854,7.616
2014,2,20,7,0,2.08,7.138
2014,2,20,8,0,3.284,6.654
2014,2,20,9,0,4.108,6.512
2014,2,20,10,0,4.492,5.944
2014,2,20,11,0,4.286,6.132
2014,2,20,12,0,5.042,6.892
2014,2,20,13,0,4.766,6.248
2014,2,20,14,0,4.31,6.476
2014,2,20,15,0,4.202,6.176
2014,2,20,16,0,3.636,6.038
2014,2,20,17,0,2.694,5.714
2014,2,20,18,0,2.786,6.146
2014,2,20,19,0,2.884,6.468
2014,2,20,20,0,2.602,5.988
2014,2,20,21,0,2.56,6.106
2014,2,20,22,0,2.482,7.4
2014,2,20,23,0,2.626,7.686
2014,2,21,0,0,2.428,8.026
2014,2,21,1,0,3.412,8.494
2014,2,21,2,0,3.524,8.722
2014,2,21,3,0,3.088,7.878
2014,2,21,4,0,2.836,7.978
2014,2,21,5,0,2.964,7.764
2014,2,21,6,0,2.856,7.416
2014,2,21,7,0,3.3,8.042
2014,2,21,8,0,3.508,7.858
2014,2,21,9,0,3.324,7.636
2014,2,21,10,0,4.762,7.752
2014,2,21,11,0,6.052,9.45
2014,2,21,12,0,6.398,9.95
2014,2,21,13,0,6.49,10.234
2014,2,21,14,0,6.146,10.01
2014,2,21,15,0,5.782,11.432
2014,2,21,16,0,5.202,11.234
2014,2,21,17,0,3.872,9.094
2014,2,21,18,0,3.458,9.76
2014,2,21,19,0,3.62,10.694
2014,2,21,20,0,2.67,10.808
2014,2,21,21,0,2.684,9.548
2014,2,21,22,0,2.862,9.196
2014,2,21,23,0,3.054,9.392
2014,2,22,0,0,3.352,9.85
2014,2,22,1,0,3.64,9.946
2014,2,22,2,0,3.784,9.84
2014,2,22,3,0,4.08,9.648
2014,2,22,4,0,3.786,9.744
2014,2,22,5,0,3.922,9.792
2014,2,22,6,0,3.684,9.606
2014,2,22,7,0,3.65,9.154
2014,2,22,8,0,4.53,9.516
2014,2,22,9,0,5.176,8.748
2014,2,22,10,0,5.51,9.196
2014,2,22,11,0,6.22,9.866
2014,2,22,12,0,5.968,9.302
2014,2,22,13,0,5.722,9.444
2014,2,22,14,0,5.172,8.328
2014,2,22,15,0,4.652,8.194
2014,2,22,16,0,4.232,8.77
2014,2,22,17,0,3.83,9.458
2014,2,22,18,0,3.578,9.318
2014,2,22,19,0,3.878,10.2
2014,2,22,20,0,3.66,9.904
2014,2,22,21,0,3.724,10.16
2014,2,22,22,0,3.986,9.924
2014,2,22,23,0,3.488,9.194
2014,2,23,0,0,3.258,8.948
2014,2,23,1,0,3.576,8.916
2014,2,23,2,0,3.838,8.974
2014,2,23,3,0,3.974,8.444
2014,2,23,4,0,3.53,8.152
2014,2,23,5,0,3.44,7.11
2014,2,23,6,0,3.338,6.594
2014,2,23,7,0,3.44,6.702
2014,2,23,8,0,4.256,6.656
2014,2,23,9,0,4.578,6.248
2014,2,23,10,0,4.752,6.02
2014,2,23,11,0,4.496,5.544
2014,2,23,12,0,4.8,5.868
2014,2,23,13,0,4.78,5.848
2014,2,23,14,0,4.536,5.622
2014,2,23,15,0,4.06,5.554
2014,2,23,16,0,3.466,5.068
2014,2,23,17,0,3.304,6.48
2014,2,23,18,0,3.274,6.178
2014,2,23,19,0,2.464,6.004
2014,2,23,20,0,2.832,6.928
2014,2,23,21,0,2.736,6.764
2014,2,23,22,0,2.114,6.052
2014,2,23,23,0,1.77,4.796
2014,2,24,0,0,2.108,5.324
2014,2,24,1,0,2.136,5.734
2014,2,24,2,0,2.518,6.178
2014,2,24,3,0,2.57,6.556
2014,2,24,4,0,2.51,7.006
2014,2,24,5,0,2.934,6.896
2014,2,24,6,0,3.212,7.476
2014,2,24,7,0,3.52,7.798
2014,2,24,8,0,3.868,7.622
2014,2,24,9,0,4.06,6.626
2014,2,24,10,0,4.58,6.672
2014,2,24,11,0,4.642,6.558
2014,2,24,12,0,5.248,7.49
2014,2,24,13,0,5.002,7.08
2014,2,24,14,0,4.948,7.032
2014,2,24,15,0,4.726,7.168
2014,2,24,16,0,4.824,7.656
2014,2,24,17,0,4.178,8.162
2014,2,24,18,0,3.828,9.248
2014,2,24,19,0,3.914,10.44
2014,2,24,20,0,3.598,9.868
2014,2,24,21,0,3.95,10.328
2014,2,24,22,0,4.242,11.276
2014,2,24,23,0,4.41,10.724
2014,2,25,0,0,4.068,9.944
2014,2,25,1,0,3.686,9.516
2014,2,25,2,0,3.56,9.744
2014,2,25,3,0,3.732,9.92
2014,2,25,4,0,3.774,10.272
2014,2,25,5,0,3.786,10.506
2014,2,25,6,0,4.27,11.06
2014,2,25,7,0,4.658,10.656
2014,2,25,8,0,6.306,10.832
2014,2,25,9,0,7.43,11.55
2014,2,25,10,0,7.6,11.756
2014,2,25,11,0,7.53,11.938
2014,2,25,12,0,6.194,9.428
2014,2,25,13,0,6.898,10.238
2014,2,25,14,0,6.368,9.568
2014,2,25,15,0,6.174,9.036
2014,2,25,16,0,5.782,8.704
2014,2,25,17,0,5.022,8.726
2014,2,25,18,0,5.162,10.06
2014,2,25,19,0,4.954,10.24
2014,2,25,20,0,4.878,9.696
2014,2,25,21,0,4.604,9.366
2014,2,25,22,0,4.236,8.784
2014,2,25,23,0,4.24,8.816
2014,2,26,0,0,3.74,8.662
2014,2,26,1,0,3.736,8.686
2014,2,26,2,0,3.368,7.994
2014,2,26,3,0,3.556,7.86
2014,2,26,4,0,3.09,7.418
2014,2,26,5,0,3.374,7.404
2014,2,26,6,0,3.118,6.646
2014,2,26,7,0,2.93,6.622
2014,2,26,8,0,3.916,5.97
2014,2,26,9,0,4.46,6.094
2014,2,26,10,0,4.896,6.516
2014,2,26,11,0,5.11,6.416
2014,2,26,12,0,5.87,7.288
2014,2,26,13,0,6.524,8.164
2014,2,26,14,0,7.226,9.526
2014,2,26,15,0,6.876,9.138
2014,2,26,16,0,6.62,9.488
2014,2,26,17,0,5.824,9.506
2014,2,26,18,0,4.684,9.392
2014,2,26,19,0,4.842,9.338
2014,2,26,20,0,4.668,9.864
2014,2,26,21,0,3.792,8.714
2014,2,26,22,0,3.936,8.442
2014,2,26,23,0,3.802,7.724
2014,2,27,0,0,3.576,8.288
2014,2,27,1,0,4.096,8.918
2014,2,27,2,0,4.26,9.256
2014,2,27,3,0,3.916,8.284
2014,2,27,4,0,3.416,7.344
2014,2,27,5,0,3.182,6.81
2014,2,27,6,0,3.048,6.196
2014,2,27,7,0,3.678,7.332
2014,2,27,8,0,5.162,7.1
2014,2,27,9,0,5.638,7.174
2014,2,27,10,0,6.01,7.502
2014,2,27,11,0,6.158,7.566
2014,2,27,12,0,5.86,7.182
2014,2,27,13,0,6.246,7.89
2014,2,27,14,0,6.094,7.796
2014,2,27,15,0,6.07,7.752
2014,2,27,16,0,5.778,7.686
2014,2,27,17,0,6.286,9.968
2014,2,27,18,0,5.494,10.398
2014,2,27,19,0,4.684,9.66
2014,2,27,20,0,4.62,9.796
2014,2,27,21,0,4.778,10.294
2014,2,27,22,0,4.382,10.056
2014,2,27,23,0,4.22,10.15
2014,2,28,0,0,4.0,9.628
2014,2,28,1,0,3.938,9.808
2014,2,28,2,0,3.982,9.462
2014,2,28,3,0,4.12,9.454
2014,2,28,4,0,3.578,8.78
2014,2,28,5,0,3.448,9.096
2014,2,28,6,0,3.8,9.12
2014,2,28,7,0,4.382,9.374
2014,2,28,8,0,6.214,9.072
2014,2,28,9,0,7.012,9.43
2014,2,28,10,0,6.994,9.104
2014,2,28,11,0,6.85,8.64
2014,2,28,12,0,7.224,9.046
2014,2,28,13,0,6.896,8.576
2014,2,28,14,0,6.832,8.6
2014,2,28,15,0,6.18,7.874
2014,2,28,16,0,5.298,6.872
2014,2,28,17,0,3.84,6.872
2014,2,28,18,0,2.786,7.12
2014,2,28,19,0,2.918,7.64
2014,2,28,20,0,2.6,7.278
2014,2,28,21,0,2.552,7.038
2014,2,28,22,0,2.658,7.172
2014,2,28,23,0,2.314,6.698
2014,3,1,0,0,2.55,6.952
2014,3,1,1,0,2.702,6.852
2014,3,1,2,0,2.498,6.208
2014,3,1,3,0,2.34,5.452
2014,3,1,4,0,2.144,5.33
2014,3,1,5,0,1.934,5.34
2014,3,1,6,0,1.812,4.974
2014,3,1,7,0,2.122,4.494
2014,3,1,8,0,2.682,3.816
2014,3,1,9,0,2.752,3.332
2014,3,1,10,0,3.492,4.028
2014,3,1,11,0,3.926,4.634
2014,3,1,12,0,3.942,4.612
2014,3,1,13,0,4.398,5.202
2014,3,1,14,0,4.834,5.828
2014,3,1,15,0,4.552,5.622
2014,3,1,16,0,3.976,5.428
2014,3,1,17,0,3.054,5.602
2014,3,1,18,0,2.82,6.632
2014,3,1,19,0,2.948,7.27
2014,3,1,20,0,2.066,6.154
2014,3,1,21,0,2.148,6.034
2014,3,1,22,0,2.396,6.266
2014,3,1,23,0,2.9,7.094
2014,3,2,0,0,2.362,6.514
2014,3,2,1,0,2.63,7.248
2014,3,2,2,0,2.92,7.356
2014,3,2,3,0,3.216,7.726
2014,3,2,4,0,3.666,8.082
2014,3,2,5,0,3.77,8.076
2014,3,2,6,0,3.79,8.682
2014,3,2,7,0,4.052,9.672
2014,3,2,8,0,4.964,10.838
2014,3,2,9,0,6.198,11.474
2014,3,2,10,0,7.568,12.834
2014,3,2,11,0,8.156,12.4
2014,3,2,12,0,7.898,12.438
2014,3,2,13,0,8.314,12.16
2014,3,2,14,0,7.8,12.472
2014,3,2,15,0,7.438,12.246
2014,3,2,16,0,6.404,11.8
2014,3,2,17,0,5.612,11.614
2014,3,2,18,0,5.954,12.208
2014,3,2,19,0,5.104,11.494
2014,3,2,20,0,5.046,11.698
2014,3,2,21,0,5.672,11.944
2014,3,2,22,0,5.92,12.102
2014,3,2,23,0,5.69,11.73
2014,3,3,0,0,5.214,11.672
2014,3,3,1,0,5.592,12.308
2014,3,3,2,0,5.362,11.504
2014,3,3,3,0,5.622,11.518
2014,3,3,4,0,5.472,11.248
2014,3,3,5,0,5.536,11.428
2014,3,3,6,0,5.312,11.15
2014,3,3,7,0,5.38,11.58
2014,3,3,8,0,6.484,9.632
2014,3,3,9,0,6.526,8.686
2014,3,3,10,0,6.042,7.826
2014,3,3,11,0,5.642,6.924
2014,3,3,12,0,5.99,7.17
2014,3,3,13,0,5.52,6.564
2014,3,3,14,0,5.204,6.258
2014,3,3,15,0,5.578,6.924
2014,3,3,16,0,4.846,6.19
2014,3,3,17,0,4.384,7.144
2014,3,3,18,0,3.07,7.264
2014,3,3,19,0,3.37,8.196
2014,3,3,20,0,3.928,8.83
2014,3,3,21,0,4.632,10.594
2014,3,3,22,0,5.108,11.796
2014,3,3,23,0,5.196,12.032
2014,3,4,0,0,5.268,11.772
2014,3,4,1,0,5.414,12.642
2014,3,4,2,0,5.534,13.226
2014,3,4,3,0,5.48,13.092
2014,3,4,4,0,5.356,12.312
2014,3,4,5,0,5.694,12.656
2014,3,4,6,0,5.064,11.67
2014,3,4,7,0,4.81,11.672
2014,3,4,8,0,6.728,10.312
2014,3,4,9,0,6.964,9.778
2014,3,4,10,0,7.614,10.36
2014,3,4,11,0,7.044,10.048
2014,3,4,12,0,6.566,9.206
2014,3,4,13,0,7.056,9.688
2014,3,4,14,0,6.752,9.178
2014,3,4,15,0,6.348,9.41
2014,3,4,16,0,5.704,8.588
2014,3,4,17,0,3.85,8.094
2014,3,4,18,0,3.44,8.958
2014,3,4,19,0,4.134,9.36
2014,3,4,20,0,4.248,9.512
2014,3,4,21,0,4.038,10.108
2014,3,4,22,0,4.336,9.69
2014,3,4,23,0,4.166,9.298
2014,3,5,0,0,4.362,9.648
2014,3,5,1,0,4.598,9.534
2014,3,5,2,0,4.864,9.958
2014,3,5,3,0,4.81,9.722
2014,3,5,4,0,4.764,9.628
2014,3,5,5,0,4.212,9.962
2014,3,5,6,0,4.688,9.566
2014,3,5,7,0,4.746,9.22
2014,3,5,8,0,6.786,9.228
2014,3,5,9,0,6.714,8.636
2014,3,5,10,0,5.88,7.068
2014,3,5,11,0,5.804,6.772
2014,3,5,12,0,5.524,6.422
2014,3,5,13,0,5.388,6.192
2014,3,5,14,0,5.548,6.566
2014,3,5,15,0,5.458,6.686
2014,3,5,16,0,5.452,6.89
2014,3,5,17,0,4.466,7.418
2014,3,5,18,0,4.034,8.558
2014,3,5,19,0,3.806,8.258
2014,3,5,20,0,3.44,8.054
2014,3,5,21,0,3.104,7.736
2014,3,5,22,0,3.556,7.868
2014,3,5,23,0,3.15,8.218
2014,3,6,0,0,3.436,8.67
2014,3,6,1,0,3.84,8.812
2014,3,6,2,0,3.562,8.754
2014,3,6,3,0,3.4,8.868
2014,3,6,4,0,2.9,8.844
2014,3,6,5,0,3.904,9.664
2014,3,6,6,0,3.858,9.256
2014,3,6,7,0,4.362,9.598
2014,3,6,8,0,5.9,8.038
2014,3,6,9,0,5.988,7.43
2014,3,6,10,0,6.106,7.388
2014,3,6,11,0,5.694,6.752
2014,3,6,12,0,5.694,6.736
2014,3,6,13,0,5.372,6.372
2014,3,6,14,0,5.092,6.192
2014,3,6,15,0,5.236,6.664
2014,3,6,16,0,4.814,6.598
2014,3,6,17,0,4.528,7.194
2014,3,6,18,0,3.592,6.992
2014,3,6,19,0,4.046,8.294
2014,3,6,20,0,3.908,8.194
2014,3,6,21,0,3.632,7.788
2014,3,6,22,0,3.57,8.468
2014,3,6,23,0,3.534,8.244
2014,3,7,0,0,3.566,8.226
2014,3,7,1,0,3.278,7.888
2014,3,7,2,0,3.42,7.92
2014,3,7,3,0,3.446,8.154
2014,3,7,4,0,3.818,8.076
2014,3,7,5,0,3.682,8.536
2014,3,7,6,0,3.29,8.272
2014,3,7,7,0,3.844,8.444
2014,3,7,8,0,5.548,7.62
2014,3,7,9,0,5.91,7.606
2014,3,7,10,0,5.944,7.43
2014,3,7,11,0,6.102,7.454
2014,3,7,12,0,6.372,7.894
2014,3,7,13,0,6.534,8.11
2014,3,7,14,0,6.276,8.056
2014,3,7,15,0,5.802,7.474
2014,3,7,16,0,4.94,7.806
2014,3,7,17,0,4.45,9.202
2014,3,7,18,0,4.264,10.268
2014,3,7,19,0,4.878,11.852
2014,3,7,20,0,3.538,11.338
2014,3,7,21,0,3.828,10.834
2014,3,7,22,0,4.244,10.782
2014,3,7,23,0,3.528,9.89
2014,3,8,0,0,3.738,9.192
2014,3,8,1,0,4.082,9.442
2014,3,8,2,0,3.49,8.068
2014,3,8,3,0,2.534,6.72
2014,3,8,4,0,2.988,6.898
2014,3,8,5,0,2.8,6.336
2014,3,8,6,0,2.86,6.982
2014,3,8,7,0,3.43,7.79
2014,3,8,8,0,5.26,7.768
2014,3,8,9,0,5.372,7.062
2014,3,8,10,0,5.41,6.916
2014,3,8,11,0,5.714,7.224
2014,3,8,12,0,5.594,6.928
2014,3,8,13,0,5.882,7.312
2014,3,8,14,0,6.15,7.868
2014,3,8,15,0,6.288,8.522
2014,3,8,16,0,5.034,9.232
2014,3,8,17,0,3.954,9.692
2014,3,8,18,0,3.496,9.144
2014,3,8,19,0,3.78,9.634
2014,3,8,20,0,3.468,9.088
2014,3,8,21,0,3.442,8.494
2014,3,8,22,0,3.338,8.586
2014,3,8,23,0,2.984,8.306
2014,3,9,0,0,3.02,7.814
2014,3,9,1,0,2.888,8.062
2014,3,9,2,0,3.132,7.364
2014,3,9,3,0,3.068,7.55
2014,3,9,4,0,3.074,7.976
2014,3,9,5,0,3.352,8.054
2014,3,9,6,0,3.122,7.542
2014,3,9,7,0,2.998,7.722
2014,3,9,8,0,5.246,7.648
2014,3,9,9,0,5.654,7.456
2014,3,9,10,0,6.196,7.834
2014,3,9,11,0,6.066,7.542
2014,3,9,12,0,6.072,7.502
2014,3,9,13,0,5.892,7.276
2014,3,9,14,0,6.138,7.826
2014,3,9,15,0,6.01,8.06
2014,3,9,16,0,4.61,7.75
2014,3,9,17,0,3.708,7.872
2014,3,9,18,0,3.232,8.114
2014,3,9,19,0,2.892,7.736
2014,3,9,20,0,2.802,8.356
2014,3,9,21,0,3.33,9.214
2014,3,9,22,0,3.528,9.4
2014,3,9,23,0,3.322,8.986
2014,3,10,0,0,2.718,8.888
2014,3,10,1,0,2.45,8.464
2014,3,10,2,0,2.946,7.976
2014,3,10,3,0,3.024,7.716
2014,3,10,4,0,3.224,8.228
2014,3,10,5,0,3.612,8.744
2014,3,10,6,0,3.448,8.39
2014,3,10,7,0,3.35,8.84
2014,3,10,8,0,4.512,8.468
2014,3,10,9,0,5.404,8.48
2014,3,10,10,0,5.756,8.942
2014,3,10,11,0,6.114,9.456
2014,3,10,12,0,6.246,9.536
2014,3,10,13,0,6.228,9.39
2014,3,10,14,0,5.834,9.194
2014,3,10,15,0,5.546,8.702
2014,3,10,16,0,4.63,8.88
2014,3,10,17,0,3.628,9.162
2014,3,10,18,0,3.578,9.78
2014,3,10,19,0,3.37,10.05
2014,3,10,20,0,3.974,10.504
2014,3,10,21,0,3.834,10.64
2014,3,10,22,0,4.078,10.332
2014,3,10,23,0,4.166,10.708
2014,3,11,0,0,4.22,11.404
2014,3,11,1,0,3.716,10.55
2014,3,11,2,0,4.078,10.062
2014,3,11,3,0,3.87,10.182
2014,3,11,4,0,4.286,10.394
2014,3,11,5,0,4.32,10.586
2014,3,11,6,0,4.344,10.672
2014,3,11,7,0,3.346,10.468
2014,3,11,8,0,5.122,10.016
2014,3,11,9,0,6.484,9.71
2014,3,11,10,0,6.294,8.644
2014,3,11,11,0,6.334,8.446
2014,3,11,12,0,5.948,8.012
2014,3,11,13,0,5.648,7.444
2014,3,11,14,0,5.86,7.74
2014,3,11,15,0,5.554,7.616
2014,3,11,16,0,4.422,8.312
2014,3,11,17,0,3.714,8.346
2014,3,11,18,0,3.39,8.552
2014,3,11,19,0,2.578,7.98
2014,3,11,20,0,2.66,8.528
2014,3,11,21,0,3.026,8.174
2014,3,11,22,0,2.912,8.03
2014,3,11,23,0,2.612,7.902
2014,3,12,0,0,2.458,7.408
2014,3,12,1,0,2.476,6.108
2014,3,12,2,0,2.304,6.022
2014,3,12,3,0,2.524,7.032
2014,3,12,4,0,3.246,7.866
2014,3,12,5,0,3.048,7.304
2014,3,12,6,0,2.674,7.018
2014,3,12,7,0,3.02,7.206
2014,3,12,8,0,4.468,6.496
2014,3,12,9,0,5.022,7.086
2014,3,12,10,0,5.07,6.898
2014,3,12,11,0,5.1,7.278
2014,3,12,12,0,5.668,7.398
2014,3,12,13,0,6.036,7.614
2014,3,12,14,0,6.454,8.45
2014,3,12,15,0,6.518,8.816
2014,3,12,16,0,5.79,9.334
2014,3,12,17,0,4.818,9.582
2014,3,12,18,0,3.97,9.442
2014,3,12,19,0,4.672,9.79
2014,3,12,20,0,5.136,10.146
2014,3,12,21,0,5.416,10.274
2014,3,12,22,0,5.938,10.966
2014,3,12,23,0,5.482,11.208
2014,3,13,0,0,5.942,11.128
2014,3,13,1,0,5.948,11.346
2014,3,13,2,0,6.21,11.742
2014,3,13,3,0,5.89,11.356
2014,3,13,4,0,6.182,12.126
2014,3,13,5,0,5.972,11.274
2014,3,13,6,0,5.488,10.4
2014,3,13,7,0,5.968,10.6
2014,3,13,8,0,6.466,10.714
2014,3,13,9,0,6.904,10.58
2014,3,13,10,0,6.246,10.014
2014,3,13,11,0,6.31,10.334
2014,3,13,12,0,6.452,10.698
2014,3,13,13,0,6.754,11.186
2014,3,13,14,0,6.624,11.116
2014,3,13,15,0,7.162,11.088
2014,3,13,16,0,6.316,10.308
2014,3,13,17,0,6.8,11.742
2014,3,13,18,0,5.62,11.42
2014,3,13,19,0,5.09,11.158
2014,3,13,20,0,4.91,10.928
2014,3,13,21,0,4.514,10.352
2014,3,13,22,0,3.568,8.974
2014,3,13,23,0,2.97,8.314
2014,3,14,0,0,3.16,7.872
2014,3,14,1,0,2.834,7.058
2014,3,14,2,0,2.86,6.808
2014,3,14,3,0,2.596,7.138
2014,3,14,4,0,2.788,7.854
2014,3,14,5,0,3.232,7.7
2014,3,14,6,0,3.288,7.996
2014,3,14,7,0,3.792,8.398
2014,3,14,8,0,4.732,7.478
2014,3,14,9,0,5.104,7.544
2014,3,14,10,0,4.914,7.782
2014,3,14,11,0,5.596,8.014
2014,3,14,12,0,5.964,8.928
2014,3,14,13,0,6.106,9.094
2014,3,14,14,0,5.944,9.152
2014,3,14,15,0,6.06,9.564
2014,3,14,16,0,5.712,9.578
2014,3,14,17,0,4.7,10.996
2014,3,14,18,0,4.512,11.594
2014,3,14,19,0,4.802,12.13
2014,3,14,20,0,4.832,12.174
2014,3,14,21,0,4.622,11.502
2014,3,14,22,0,4.95,11.646
2014,3,14,23,0,4.24,11.02
2014,3,15,0,0,4.454,11.81
2014,3,15,1,0,4.582,11.728
2014,3,15,2,0,4.29,11.034
2014,3,15,3,0,4.544,11.714
2014,3,15,4,0,4.288,11.858
2014,3,15,5,0,4.824,12.606
2014,3,15,6,0,4.828,12.02
2014,3,15,7,0,5.466,12.52
2014,3,15,8,0,6.402,12.808
2014,3,15,9,0,7.158,13.176
2014,3,15,10,0,7.17,11.712
2014,3,15,11,0,8.104,12.104
2014,3,15,12,0,8.014,11.722
2014,3,15,13,0,7.62,11.844
2014,3,15,14,0,7.416,11.55
2014,3,15,15,0,6.938,11.412
2014,3,15,16,0,6.268,11.198
2014,3,15,17,0,5.55,11.476
2014,3,15,18,0,4.93,11.458
2014,3,15,19,0,5.204,12.568
2014,3,15,20,0,5.696,13.32
2014,3,15,21,0,5.622,12.77
2014,3,15,22,0,5.096,12.156
2014,3,15,23,0,5.026,12.342
2014,3,16,0,0,4.91,11.4
2014,3,16,1,0,5.07,11.576
2014,3,16,2,0,4.884,10.512
2014,3,16,3,0,5.14,11.172
2014,3,16,4,0,4.88,10.672
2014,3,16,5,0,5.188,11.262
2014,3,16,6,0,5.132,10.872
2014,3,16,7,0,5.368,9.382
2014,3,16,8,0,7.086,9.882
2014,3,16,9,0,7.266,9.544
2014,3,16,10,0,7.162,9.31
2014,3,16,11,0,7.29,9.364
2014,3,16,12,0,7.284,9.314
2014,3,16,13,0,7.634,9.796
2014,3,16,14,0,7.886,10.286
2014,3,16,15,0,7.828,10.466
2014,3,16,16,0,6.662,9.902
2014,3,16,17,0,5.196,9.754
2014,3,16,18,0,4.464,8.956
2014,3,16,19,0,4.472,9.182
2014,3,16,20,0,4.464,9.834
2014,3,16,21,0,3.972,9.504
2014,3,16,22,0,2.93,9.07
2014,3,16,23,0,3.308,9.082
2014,3,17,0,0,4.018,9.804
2014,3,17,1,0,3.54,9.064
2014,3,17,2,0,4.148,10.34
2014,3,17,3,0,4.354,9.0
2014,3,17,4,0,3.758,8.078
2014,3,17,5,0,3.81,8.052
2014,3,17,6,0,4.09,8.422
2014,3,17,7,0,4.358,8.016
2014,3,17,8,0,4.704,7.636
2014,3,17,9,0,5.222,8.04
2014,3,17,10,0,5.566,8.154
2014,3,17,11,0,5.884,7.986
2014,3,17,12,0,5.826,7.66
2014,3,17,13,0,6.212,7.798
2014,3,17,14,0,5.838,7.348
2014,3,17,15,0,5.56,7.828
2014,3,17,16,0,5.324,8.526
2014,3,17,17,0,4.702,9.24
2014,3,17,18,0,4.098,9.654
2014,3,17,19,0,3.658,8.514
2014,3,17,20,0,3.616,9.32
2014,3,17,21,0,3.406,8.596
2014,3,17,22,0,3.868,9.078
2014,3,17,23,0,4.088,8.592
2014,3,18,0,0,4.136,8.624
2014,3,18,1,0,3.25,7.97
2014,3,18,2,0,3.466,7.6
2014,3,18,3,0,3.658,8.056
2014,3,18,4,0,3.266,7.692
2014,3,18,5,0,3.264,7.416
2014,3,18,6,0,3.584,8.188
2014,3,18,7,0,4.64,7.818
2014,3,18,8,0,5.258,6.642
2014,3,18,9,0,5.358,6.4
2014,3,18,10,0,5.462,6.414
2014,3,18,11,0,4.734,5.508
2014,3,18,12,0,5.342,6.446
2014,3,18,13,0,6.098,7.366
2014,3,18,14,0,6.426,7.852
2014,3,18,15,0,6.27,7.79
2014,3,18,16,0,5.55,7.144
2014,3,18,17,0,4.718,7.328
2014,3,18,18,0,3.422,7.644
2014,3,18,19,0,3.086,7.604
2014,3,18,20,0,2.828,7.87
2014,3,18,21,0,2.752,7.432
2014,3,18,22,0,2.776,7.23
2014,3,18,23,0,2.616,6.79
2014,3,19,0,0,2.946,7.006
2014,3,19,1,0,3.074,7.548
2014,3,19,2,0,3.256,7.97
2014,3,19,3,0,3.838,8.402
2014,3,19,4,0,3.448,7.892
2014,3,19,5,0,4.008,8.168
2014,3,19,6,0,4.014,8.916
2014,3,19,7,0,4.826,8.472
2014,3,19,8,0,5.992,9.126
2014,3,19,9,0,6.292,9.084
2014,3,19,10,0,6.31,8.908
2014,3,19,11,0,6.972,9.004
2014,3,19,12,0,6.464,8.184
2014,3,19,13,0,6.716,8.378
2014,3,19,14,0,6.66,8.49
2014,3,19,15,0,6.142,7.928
2014,3,19,16,0,5.44,7.176
2014,3,19,17,0,4.134,7.094
2014,3,19,18,0,3.424,7.438
2014,3,19,19,0,3.016,7.194
2014,3,19,20,0,3.032,7.458
2014,3,19,21,0,2.846,6.858
2014,3,19,22,0,2.402,6.026
2014,3,19,23,0,2.524,6.524
2014,3,20,0,0,2.104,6.074
2014,3,20,1,0,2.128,4.95
2014,3,20,2,0,1.128,4.604
2014,3,20,3,0,1.376,4.838
2014,3,20,4,0,1.624,4.704
2014,3,20,5,0,2.148,5.076
2014,3,20,6,0,1.904,4.802
2014,3,20,7,0,1.954,4.656
2014,3,20,8,0,2.658,4.122
2014,3,20,9,0,2.852,4.384
2014,3,20,10,0,4.03,4.83
2014,3,20,11,0,4.374,5.056
2014,3,20,12,0,4.818,5.906
2014,3,20,13,0,5.098,6.36
2014,3,20,14,0,5.866,7.424
2014,3,20,15,0,5.566,7.174
2014,3,20,16,0,4.676,6.778
2014,3,20,17,0,3.766,7.446
2014,3,20,18,0,3.26,7.978
2014,3,20,19,0,3.302,8.278
2014,3,20,20,0,3.064,7.878
2014,3,20,21,0,3.44,9.054
2014,3,20,22,0,3.466,9.124
2014,3,20,23,0,3.45,9.2
2014,3,21,0,0,3.422,9.102
2014,3,21,1,0,3.794,9.458
2014,3,21,2,0,3.828,9.032
2014,3,21,3,0,4.092,8.526
2014,3,21,4,0,4.306,8.384
2014,3,21,5,0,4.332,8.376
2014,3,21,6,0,4.34,8.836
2014,3,21,7,0,5.208,8.99
2014,3,21,8,0,6.094,8.4
2014,3,21,9,0,6.346,8.496
2014,3,21,10,0,6.628,8.594
2014,3,21,11,0,6.928,9.188
2014,3,21,12,0,7.176,9.432
2014,3,21,13,0,7.066,9.524
2014,3,21,14,0,6.978,9.454
2014,3,21,15,0,6.278,9.056
2014,3,21,16,0,5.578,8.872
2014,3,21,17,0,5.046,9.806
2014,3,21,18,0,5.02,11.15
2014,3,21,19,0,5.348,11.748
2014,3,21,20,0,4.994,11.632
2014,3,21,21,0,4.61,11.572
2014,3,21,22,0,5.21,11.578
2014,3,21,23,0,5.382,11.95
2014,3,22,0,0,5.226,11.336
2014,3,22,1,0,5.912,11.63
2014,3,22,2,0,5.452,10.744
2014,3,22,3,0,5.6,9.938
2014,3,22,4,0,5.648,9.926
2014,3,22,5,0,5.67,9.59
2014,3,22,6,0,5.612,9.432
2014,3,22,7,0,5.924,9.63
2014,3,22,8,0,7.056,10.172
2014,3,22,9,0,7.43,10.63
2014,3,22,10,0,7.68,11.332
2014,3,22,11,0,8.162,11.212
2014,3,22,12,0,7.306,10.142
2014,3,22,13,0,7.02,9.854
2014,3,22,14,0,7.558,10.862
2014,3,22,15,0,7.506,11.006
2014,3,22,16,0,6.802,10.066
2014,3,22,17,0,5.518,9.588
2014,3,22,18,0,4.968,10.734
2014,3,22,19,0,4.902,11.028
2014,3,22,20,0,4.75,10.61
2014,3,22,21,0,4.16,10.396
2014,3,22,22,0,4.322,10.316
2014,3,22,23,0,4.39,10.146
2014,3,23,0,0,3.864,9.34
2014,3,23,1,0,4.002,9.022
2014,3,23,2,0,3.744,8.802
2014,3,23,3,0,3.918,9.016
2014,3,23,4,0,3.816,9.214
2014,3,23,5,0,4.074,9.638
2014,3,23,6,0,3.968,9.628
2014,3,23,7,0,5.21,9.474
2014,3,23,8,0,5.964,8.676
2014,3,23,9,0,6.77,9.032
2014,3,23,10,0,6.79,8.896
2014,3,23,11,0,6.948,8.932
2014,3,23,12,0,7.072,9.134
2014,3,23,13,0,6.956,9.28
2014,3,23,14,0,6.52,9.212
2014,3,23,15,0,6.772,10.034
2014,3,23,16,0,6.652,10.314
2014,3,23,17,0,5.798,10.872
2014,3,23,18,0,5.878,11.828
2014,3,23,19,0,5.564,12.078
2014,3,23,20,0,5.3,11.278
2014,3,23,21,0,5.724,11.608
2014,3,23,22,0,5.228,11.548
2014,3,23,23,0,5.88,11.304
2014,3,24,0,0,4.978,10.166
2014,3,24,1,0,4.64,9.482
2014,3,24,2,0,4.798,9.788
2014,3,24,3,0,4.626,9.88
2014,3,24,4,0,4.576,9.478
2014,3,24,5,0,4.108,8.826
2014,3,24,6,0,3.84,8.244
2014,3,24,7,0,4.754,8.288
2014,3,24,8,0,5.904,7.96
2014,3,24,9,0,6.272,7.834
2014,3,24,10,0,6.144,7.542
2014,3,24,11,0,6.208,7.542
2014,3,24,12,0,5.924,7.036
2014,3,24,13,0,5.714,6.828
2014,3,24,14,0,5.502,6.666
2014,3,24,15,0,4.934,6.032
2014,3,24,16,0,4.166,5.396
2014,3,24,17,0,3.234,5.458
2014,3,24,18,0,2.468,5.316
2014,3,24,19,0,2.81,6.306
2014,3,24,20,0,2.686,6.438
2014,3,24,21,0,2.616,7.018
2014,3,24,22,0,2.446,6.792
2014,3,24,23,0,2.502,6.406
2014,3,25,0,0,1.918,5.446
2014,3,25,1,0,1.868,5.036
2014,3,25,2,0,2.192,4.922
2014,3,25,3,0,1.82,5.034
2014,3,25,4,0,1.642,4.492
2014,3,25,5,0,1.21,3.996
2014,3,25,6,0,1.75,4.156
2014,3,25,7,0,2.7,4.74
2014,3,25,8,0,3.604,4.484
2014,3,25,9,0,3.604,4.27
2014,3,25,10,0,4.102,4.906
2014,3,25,11,0,4.26,4.936
2014,3,25,12,0,4.448,5.196
2014,3,25,13,0,4.7,5.954
2014,3,25,14,0,4.674,6.076
2014,3,25,15,0,4.814,6.308
2014,3,25,16,0,4.362,6.314
2014,3,25,17,0,3.27,6.212
2014,3,25,18,0,3.128,6.72
2014,3,25,19,0,3.38,7.948
2014,3,25,20,0,3.166,7.91
2014,3,25,21,0,3.33,7.844
2014,3,25,22,0,2.904,7.228
2014,3,25,23,0,3.058,8.044
2014,3,26,0,0,3.558,9.016
2014,3,26,1,0,3.948,9.696
2014,3,26,2,0,4.112,9.88
2014,3,26,3,0,3.81,9.904
2014,3,26,4,0,4.462,10.568
2014,3,26,5,0,4.204,10.242
2014,3,26,6,0,4.616,10.434
2014,3,26,7,0,5.818,10.36
2014,3,26,8,0,7.034,9.802
2014,3,26,9,0,7.61,10.08
2014,3,26,10,0,7.254,9.314
2014,3,26,11,0,7.248,9.308
2014,3,26,12,0,7.42,9.59
2014,3,26,13,0,7.946,10.422
2014,3,26,14,0,7.758,10.144
2014,3,26,15,0,7.646,10.134
2014,3,26,16,0,7.014,9.95
2014,3,26,17,0,4.79,9.564
2014,3,26,18,0,4.756,10.486
2014,3,26,19,0,4.714,11.698
2014,3,26,20,0,4.888,11.882
2014,3,26,21,0,4.776,11.902
2014,3,26,22,0,4.536,11.302
2014,3,26,23,0,4.076,12.006
2014,3,27,0,0,5.15,12.094
2014,3,27,1,0,4.434,10.424
2014,3,27,2,0,3.782,9.596
2014,3,27,3,0,3.622,9.756
2014,3,27,4,0,3.388,9.062
2014,3,27,5,0,3.456,8.732
2014,3,27,6,0,3.004,7.688
2014,3,27,7,0,4.574,6.988
2014,3,27,8,0,5.05,6.612
2014,3,27,9,0,4.658,5.728
2014,3,27,10,0,4.558,5.258
2014,3,27,11,0,4.036,4.492
2014,3,27,12,0,3.662,4.088
2014,3,27,13,0,3.764,4.482
2014,3,27,14,0,3.884,4.654
2014,3,27,15,0,4.332,5.942
2014,3,27,16,0,3.854,5.698
2014,3,27,17,0,3.316,5.464
2014,3,27,18,0,2.69,6.13
2014,3,27,19,0,2.672,6.234
2014,3,27,20,0,2.682,6.846
2014,3,27,21,0,3.122,6.378
2014,3,27,22,0,3.036,6.414
2014,3,27,23,0,2.83,7.14
2014,3,28,0,0,3.182,7.108
2014,3,28,1,0,2.504,6.342
2014,3,28,2,0,2.734,6.866
2014,3,28,3,0,2.284,6.402
2014,3,28,4,0,2.544,6.094
2014,3,28,5,0,2.594,6.822
2014,3,28,6,0,3.042,7.302
2014,3,28,7,0,3.356,7.028
2014,3,28,8,0,4.632,6.704
2014,3,28,9,0,5.112,6.498
2014,3,28,10,0,5.286,6.478
2014,3,28,11,0,5.508,6.714
2014,3,28,12,0,5.266,7.092
2014,3,28,13,0,6.072,7.896
2014,3,28,14,0,6.206,7.942
2014,3,28,15,0,5.646,8.474
2014,3,28,16,0,5.23,8.752
2014,3,28,17,0,4.278,9.332
2014,3,28,18,0,4.142,9.872
2014,3,28,19,0,3.99,10.158
2014,3,28,20,0,4.672,10.618
2014,3,28,21,0,4.738,10.558
2014,3,28,22,0,3.876,9.636
2014,3,28,23,0,3.888,9.428
2014,3,29,0,0,3.142,8.476
2014,3,29,1,0,2.89,8.116
2014,3,29,2,0,3.216,8.154
2014,3,29,3,0,2.952,7.978
2014,3,29,4,0,2.588,7.366
2014,3,29,5,0,2.602,7.042
2014,3,29,6,0,2.318,6.834
2014,3,29,7,0,2.61,5.886
2014,3,29,8,0,3.172,5.532
2014,3,29,9,0,3.476,6.224
2014,3,29,10,0,3.548,5.742
2014,3,29,11,0,3.4,5.432
2014,3,29,12,0,3.546,6.06
2014,3,29,13,0,3.408,5.87
2014,3,29,14,0,3.344,5.532
2014,3,29,15,0,3.328,4.734
2014,3,29,16,0,2.998,4.846
2014,3,29,17,0,2.274,4.628
2014,3,29,18,0,1.936,4.954
2014,3,29,19,0,2.318,6.408
2014,3,29,20,0,2.402,6.078
2014,3,29,21,0,2.45,6.114
2014,3,29,22,0,2.482,6.652
2014,3,29,23,0,2.982,7.52
2014,3,30,0,0,2.782,8.018
2014,3,30,1,0,3.542,8.074
2014,3,30,2,0,4.154,9.296
2014,3,30,3,0,4.024,9.39
2014,3,30,4,0,3.882,9.542
2014,3,30,5,0,4.198,9.73
2014,3,30,6,0,4.14,10.206
2014,3,30,7,0,4.726,10.834
2014,3,30,8,0,6.224,11.294
2014,3,30,9,0,6.56,11.758
2014,3,30,10,0,7.33,12.574
2014,3,30,11,0,7.424,12.99
2014,3,30,12,0,8.074,13.626
2014,3,30,13,0,8.252,14.38
2014,3,30,14,0,8.8,14.236
2014,3,30,15,0,8.396,12.994
2014,3,30,16,0,7.312,12.744
2014,3,30,17,0,6.208,13.098
2014,3,30,18,0,5.638,13.496
2014,3,30,19,0,6.08,14.038
2014,3,30,20,0,5.204,12.8
2014,3,30,21,0,5.516,12.872
2014,3,30,22,0,5.49,12.426
2014,3,30,23,0,5.9,12.956
2014,3,31,0,0,5.476,12.312
2014,3,31,1,0,5.61,12.764
2014,3,31,2,0,5.396,12.186
2014,3,31,3,0,5.39,11.814
2014,3,31,4,0,4.944,11.784
2014,3,31,5,0,4.66,11.336
2014,3,31,6,0,4.89,11.112
2014,3,31,7,0,6.198,10.788
2014,3,31,8,0,6.178,9.568
2014,3,31,9,0,6.968,10.064
2014,3,31,10,0,7.372,10.114
2014,3,31,11,0,7.128,9.528
2014,3,31,12,0,7.23,10.4
2014,3,31,13,0,7.052,9.962
2014,3,31,14,0,6.656,8.546
2014,3,31,15,0,6.22,8.128
2014,3,31,16,0,5.838,8.318
2014,3,31,17,0,5.028,8.1
2014,3,31,18,0,3.828,7.722
2014,3,31,19,0,4.026,9.428
2014,3,31,20,0,3.66,8.742
2014,3,31,21,0,3.732,9.362
2014,3,31,22,0,3.542,8.836
2014,3,31,23,0,4.256,9.866
2014,4,1,0,0,4.38,10.166
2014,4,1,1,0,4.292,10.076
2014,4,1,2,0,4.834,11.218
2014,4,1,3,0,5.04,10.956
2014,4,1,4,0,4.802,10.882
2014,4,1,5,0,4.532,10.574
2014,4,1,6,0,4.918,11.058
2014,4,1,7,0,6.658,10.312
2014,4,1,8,0,6.744,9.892
2014,4,1,9,0,6.7,9.174
2014,4,1,10,0,7.0,8.87
2014,4,1,11,0,7.22,8.88
2014,4,1,12,0,6.904,8.374
2014,4,1,13,0,6.604,8.096
2014,4,1,14,0,6.37,7.858
2014,4,1,15,0,6.174,7.736
2014,4,1,16,0,5.692,7.414
2014,4,1,17,0,4.3,6.738
2014,4,1,18,0,2.83,7.078
2014,4,1,19,0,2.458,6.502
2014,4,1,20,0,2.76,7.648
2014,4,1,21,0,2.682,6.922
2014,4,1,22,0,2.416,6.286
2014,4,1,23,0,2.184,6.666
2014,4,2,0,0,2.232,5.826
2014,4,2,1,0,2.248,5.848
2014,4,2,2,0,2.312,5.812
2014,4,2,3,0,1.924,5.252
2014,4,2,4,0,1.918,4.714
2014,4,2,5,0,2.144,4.938
2014,4,2,6,0,2.38,5.796
2014,4,2,7,0,3.536,4.87
2014,4,2,8,0,3.888,4.8
2014,4,2,9,0,4.454,5.326
2014,4,2,10,0,4.538,5.408
2014,4,2,11,0,4.654,5.428
2014,4,2,12,0,4.952,5.832
2014,4,2,13,0,5.59,6.82
2014,4,2,14,0,5.54,6.918
2014,4,2,15,0,5.488,7.2
2014,4,2,16,0,5.004,6.762
2014,4,2,17,0,4.272,7.352
2014,4,2,18,0,3.472,8.13
2014,4,2,19,0,3.73,8.49
2014,4,2,20,0,3.448,8.636
2014,4,2,21,0,3.404,9.448
2014,4,2,22,0,3.522,9.174
2014,4,2,23,0,3.294,8.254
2014,4,3,0,0,3.154,7.732
2014,4,3,1,0,2.886,7.888
2014,4,3,2,0,3.068,8.462
2014,4,3,3,0,3.422,8.754
2014,4,3,4,0,3.342,8.576
2014,4,3,5,0,3.688,8.81
2014,4,3,6,0,3.822,9.25
2014,4,3,7,0,4.716,9.152
2014,4,3,8,0,5.58,9.09
2014,4,3,9,0,6.394,9.668
2014,4,3,10,0,6.508,9.81
2014,4,3,11,0,6.28,9.7
2014,4,3,12,0,5.866,9.592
2014,4,3,13,0,6.43,10.446
2014,4,3,14,0,6.14,10.164
2014,4,3,15,0,5.9,10.252
2014,4,3,16,0,5.264,10.186
2014,4,3,17,0,4.584,10.332
2014,4,3,18,0,4.56,10.418
2014,4,3,19,0,4.552,10.394
2014,4,3,20,0,4.022,9.528
2014,4,3,21,0,3.924,9.908
2014,4,3,22,0,4.768,10.63
2014,4,3,23,0,3.908,10.036
2014,4,4,0,0,4.548,11.634
2014,4,4,1,0,4.55,11.292
2014,4,4,2,0,5.144,12.26
2014,4,4,3,0,4.988,11.446
2014,4,4,4,0,5.026,12.032
2014,4,4,5,0,5.312,11.54
2014,4,4,6,0,6.144,11.506
2014,4,4,7,0,6.598,11.288
2014,4,4,8,0,8.142,11.526
2014,4,4,9,0,8.158,11.344
2014,4,4,10,0,8.782,11.664
2014,4,4,11,0,8.49,10.852
2014,4,4,12,0,8.494,11.074
2014,4,4,13,0,8.698,11.662
2014,4,4,14,0,8.014,10.59
2014,4,4,15,0,7.018,10.044
2014,4,4,16,0,6.562,9.658
2014,4,4,17,0,6.038,9.288
2014,4,4,18,0,4.556,9.472
2014,4,4,19,0,4.476,9.394
2014,4,4,20,0,4.536,9.886
2014,4,4,21,0,3.678,9.306
2014,4,4,22,0,3.3,8.538
2014,4,4,23,0,3.14,8.03
2014,4,5,0,0,3.332,7.87
2014,4,5,1,0,3.346,8.244
2014,4,5,2,0,3.408,8.016
2014,4,5,3,0,3.368,8.5
2014,4,5,4,0,3.108,7.794
2014,4,5,5,0,3.16,7.508
2014,4,5,6,0,3.092,6.278
2014,4,5,7,0,3.994,5.668
2014,4,5,8,0,4.432,5.824
2014,4,5,9,0,4.524,5.644
2014,4,5,10,0,4.796,6.006
2014,4,5,11,0,5.752,7.138
2014,4,5,12,0,6.046,7.376
2014,4,5,13,0,5.93,7.25
2014,4,5,14,0,5.642,6.876
2014,4,5,15,0,6.138,7.628
2014,4,5,16,0,6.142,7.992
2014,4,5,17,0,5.724,8.036
2014,4,5,18,0,3.968,9.308
2014,4,5,19,0,3.678,10.068
2014,4,5,20,0,4.424,11.42
2014,4,5,21,0,3.682,10.634
2014,4,5,22,0,3.59,10.152
2014,4,5,23,0,3.738,10.148
2014,4,6,0,0,2.752,7.834
2014,4,6,1,0,2.864,7.74
2014,4,6,2,0,3.566,9.146
2014,4,6,3,0,3.132,8.406
2014,4,6,4,0,2.696,6.908
2014,4,6,5,0,2.748,7.126
2014,4,6,6,0,2.784,7.06
2014,4,6,7,0,4.17,6.556
2014,4,6,8,0,5.012,7.26
2014,4,6,9,0,4.974,6.782
2014,4,6,10,0,4.648,7.078
2014,4,6,11,0,5.266,6.484
2014,4,6,12,0,5.334,6.446
2014,4,6,13,0,5.29,6.498
2014,4,6,14,0,5.11,6.262
2014,4,6,15,0,5.0,6.154
2014,4,6,16,0,4.054,6.304
2014,4,6,17,0,3.236,5.626
2014,4,6,18,0,2.776,6.348
2014,4,6,19,0,2.66,7.436
2014,4,6,20,0,2.812,8.66
2014,4,6,21,0,3.012,8.662
2014,4,6,22,0,2.656,8.892
2014,4,6,23,0,2.868,7.98
2014,4,7,0,0,2.718,7.808
2014,4,7,1,0,2.556,7.874
2014,4,7,2,0,2.55,7.998
2014,4,7,3,0,2.232,7.774
2014,4,7,4,0,2.278,7.32
2014,4,7,5,0,2.052,6.496
2014,4,7,6,0,1.988,6.12
2014,4,7,7,0,2.922,5.514
2014,4,7,8,0,3.478,4.702
2014,4,7,9,0,3.412,4.02
2014,4,7,10,0,3.95,4.822
2014,4,7,11,0,3.874,4.356
2014,4,7,12,0,3.982,4.414
2014,4,7,13,0,4.064,4.648
2014,4,7,14,0,4.552,5.108
2014,4,7,15,0,4.368,5.054
2014,4,7,16,0,4.498,5.512
2014,4,7,17,0,4.27,5.98
2014,4,7,18,0,3.174,6.776
2014,4,7,19,0,3.02,7.672
2014,4,7,20,0,2.714,7.972
2014,4,7,21,0,2.964,8.104
2014,4,7,22,0,2.974,7.15
2014,4,7,23,0,3.936,8.802
2014,4,8,0,0,3.978,9.336
2014,4,8,1,0,3.938,9.612
2014,4,8,2,0,3.776,9.18
2014,4,8,3,0,4.114,8.632
2014,4,8,4,0,4.008,8.576
2014,4,8,5,0,4.146,9.196
2014,4,8,6,0,4.144,9.318
2014,4,8,7,0,5.118,9.776
2014,4,8,8,0,5.752,9.488
2014,4,8,9,0,6.152,10.14
2014,4,8,10,0,6.426,10.32
2014,4,8,11,0,6.466,8.966
2014,4,8,12,0,6.074,8.62
2014,4,8,13,0,6.598,8.746
2014,4,8,14,0,6.732,9.532
2014,4,8,15,0,6.924,10.02
2014,4,8,16,0,6.394,9.456
2014,4,8,17,0,5.832,9.672
2014,4,8,18,0,4.486,8.874
2014,4,8,19,0,4.24,8.856
2014,4,8,20,0,4.364,9.19
2014,4,8,21,0,4.334,8.972
2014,4,8,22,0,4.006,8.592
2014,4,8,23,0,3.604,7.978
2014,4,9,0,0,3.934,8.504
2014,4,9,1,0,3.722,8.254
2014,4,9,2,0,3.636,7.994
2014,4,9,3,0,3.236,7.648
2014,4,9,4,0,3.472,7.722
2014,4,9,5,0,3.268,7.838
2014,4,9,6,0,3.504,7.88
2014,4,9,7,0,5.238,7.542
2014,4,9,8,0,5.414,7.618
2014,4,9,9,0,6.21,8.424
2014,4,9,10,0,6.348,8.634
2014,4,9,11,0,6.752,9.656
2014,4,9,12,0,6.778,9.512
2014,4,9,13,0,6.426,9.414
2014,4,9,14,0,6.256,8.812
2014,4,9,15,0,7.118,10.724
2014,4,9,16,0,6.846,9.424
2014,4,9,17,0,5.706,8.642
2014,4,9,18,0,4.674,9.29
2014,4,9,19,0,3.63,9.156
2014,4,9,20,0,3.516,8.442
2014,4,9,21,0,3.248,8.178
2014,4,9,22,0,3.31,8.058
2014,4,9,23,0,3.204,8.112
2014,4,10,0,0,2.892,7.34
2014,4,10,1,0,2.38,6.566
2014,4,10,2,0,2.05,6.128
2014,4,10,3,0,2.384,6.358
2014,4,10,4,0,3.132,7.498
2014,4,10,5,0,3.012,7.638
2014,4,10,6,0,3.126,7.744
2014,4,10,7,0,4.548,6.98
2014,4,10,8,0,5.154,7.74
2014,4,10,9,0,6.212,9.374
2014,4,10,10,0,7.404,10.182
2014,4,10,11,0,7.976,10.788
2014,4,10,12,0,7.726,10.668
2014,4,10,13,0,7.868,10.694
2014,4,10,14,0,8.384,11.682
2014,4,10,15,0,7.206,9.668
2014,4,10,16,0,7.234,10.212
2014,4,10,17,0,6.608,9.684
2014,4,10,18,0,4.668,11.036
2014,4,10,19,0,4.628,11.372
2014,4,10,20,0,3.984,10.572
2014,4,10,21,0,3.074,10.23
2014,4,10,22,0,3.728,10.354
2014,4,10,23,0,3.996,10.456
2014,4,11,0,0,4.124,10.192
2014,4,11,1,0,3.858,10.098
2014,4,11,2,0,3.488,9.704
2014,4,11,3,0,3.596,10.304
2014,4,11,4,0,3.822,9.744
2014,4,11,5,0,2.962,9.4
2014,4,11,6,0,2.958,8.73
2014,4,11,7,0,5.0,8.122
2014,4,11,8,0,5.82,7.66
2014,4,11,9,0,6.362,8.144
2014,4,11,10,0,6.55,8.282
2014,4,11,11,0,6.044,7.504
2014,4,11,12,0,6.002,7.482
2014,4,11,13,0,5.646,6.93
2014,4,11,14,0,5.504,6.644
2014,4,11,15,0,5.268,6.4
2014,4,11,16,0,5.224,6.552
2014,4,11,17,0,3.95,4.984
2014,4,11,18,0,3.432,6.624
2014,4,11,19,0,3.166,6.972
2014,4,11,20,0,2.556,6.642
2014,4,11,21,0,2.496,6.404
2014,4,11,22,0,1.916,6.284
2014,4,11,23,0,1.89,5.624
2014,4,12,0,0,2.008,5.302
2014,4,12,1,0,2.032,5.194
2014,4,12,2,0,1.528,4.95
2014,4,12,3,0,1.976,4.242
2014,4,12,4,0,2.56,5.348
2014,4,12,5,0,2.296,6.45
2014,4,12,6,0,1.608,5.176
2014,4,12,7,0,3.114,4.364
2014,4,12,8,0,3.628,4.29
2014,4,12,9,0,3.884,4.302
2014,4,12,10,0,4.128,4.53
2014,4,12,11,0,4.444,4.892
2014,4,12,12,0,4.264,4.71
2014,4,12,13,0,4.03,4.36
2014,4,12,14,0,4.35,5.01
2014,4,12,15,0,5.072,5.998
2014,4,12,16,0,5.456,6.84
2014,4,12,17,0,4.874,6.42
2014,4,12,18,0,3.25,7.436
2014,4,12,19,0,2.982,9.252
2014,4,12,20,0,2.93,9.766
2014,4,12,21,0,2.676,10.152
2014,4,12,22,0,3.632,10.698
2014,4,12,23,0,3.788,10.738
2014,4,13,0,0,3.308,10.03
2014,4,13,1,0,3.45,9.628
2014,4,13,2,0,3.426,9.466
2014,4,13,3,0,3.318,9.136
2014,4,13,4,0,3.404,8.914
2014,4,13,5,0,3.872,9.436
2014,4,13,6,0,3.69,9.63
2014,4,13,7,0,4.438,9.706
2014,4,13,8,0,5.212,9.634
2014,4,13,9,0,6.172,9.804
2014,4,13,10,0,6.232,9.842
2014,4,13,11,0,7.384,11.716
2014,4,13,12,0,8.04,10.362
2014,4,13,13,0,8.118,10.69
2014,4,13,14,0,8.032,10.732
2014,4,13,15,0,7.434,10.144
2014,4,13,16,0,6.584,9.134
2014,4,13,17,0,5.732,9.09
2014,4,13,18,0,3.514,9.464
2014,4,13,19,0,3.26,10.126
2014,4,13,20,0,4.078,11.654
2014,4,13,21,0,4.52,12.288
2014,4,13,22,0,3.852,11.96
2014,4,13,23,0,3.652,11.27
2014,4,14,0,0,3.914,11.176
2014,4,14,1,0,3.626,10.7
2014,4,14,2,0,3.52,10.766
2014,4,14,3,0,3.712,11.0
2014,4,14,4,0,3.544,10.544
2014,4,14,5,0,2.906,9.562
2014,4,14,6,0,2.626,8.978
2014,4,14,7,0,4.912,8.162
2014,4,14,8,0,5.234,7.244
2014,4,14,9,0,5.122,6.876
2014,4,14,10,0,5.374,6.586
2014,4,14,11,0,5.182,6.34
2014,4,14,12,0,5.3,6.568
2014,4,14,13,0,5.208,6.434
2014,4,14,14,0,4.88,6.212
2014,4,14,15,0,4.846,6.44
2014,4,14,16,0,4.77,7.202
2014,4,14,17,0,4.294,7.454
2014,4,14,18,0,3.502,7.84
2014,4,14,19,0,3.828,8.732
2014,4,14,20,0,4.276,10.026
2014,4,14,21,0,4.66,10.578
2014,4,14,22,0,4.724,10.318
2014,4,14,23,0,4.786,10.232
2014,4,15,0,0,5.028,10.17
2014,4,15,1,0,5.106,10.142
2014,4,15,2,0,4.488,9.164
2014,4,15,3,0,4.278,8.688
2014,4,15,4,0,4.542,9.408
2014,4,15,5,0,4.602,9.568
2014,4,15,6,0,4.576,9.502
2014,4,15,7,0,5.938,9.566
2014,4,15,8,0,6.642,9.456
2014,4,15,9,0,6.596,9.312
2014,4,15,10,0,7.24,9.846
2014,4,15,11,0,7.358,10.168
2014,4,15,12,0,7.248,10.882
2014,4,15,13,0,7.684,10.642
2014,4,15,14,0,7.614,11.188
2014,4,15,15,0,7.738,11.286
2014,4,15,16,0,7.008,10.758
2014,4,15,17,0,6.2,11.042
2014,4,15,18,0,5.75,13.062
2014,4,15,19,0,5.634,13.95
2014,4,15,20,0,5.982,14.374
2014,4,15,21,0,5.994,13.888
2014,4,15,22,0,5.064,12.976
2014,4,15,23,0,5.426,11.558
2014,4,16,0,0,5.368,11.892
2014,4,16,1,0,5.382,12.228
2014,4,16,2,0,5.744,11.938
2014,4,16,3,0,5.894,12.442
2014,4,16,4,0,5.47,12.144
2014,4,16,5,0,5.656,13.298
2014,4,16,6,0,5.584,12.738
2014,4,16,7,0,6.982,11.764
2014,4,16,8,0,7.828,12.044
2014,4,16,9,0,7.392,11.022
2014,4,16,10,0,7.694,10.752
2014,4,16,11,0,8.346,11.946
2014,4,16,12,0,8.462,12.09
2014,4,16,13,0,8.756,12.18
2014,4,16,14,0,8.212,11.25
2014,4,16,15,0,7.344,11.024
2014,4,16,16,0,8.06,12.432
2014,4,16,17,0,7.336,11.544
2014,4,16,18,0,4.764,10.814
2014,4,16,19,0,4.45,11.862
2014,4,16,20,0,4.042,11.756
2014,4,16,21,0,4.654,11.368
2014,4,16,22,0,4.806,11.334
2014,4,16,23,0,4.414,11.198
2014,4,17,0,0,4.048,10.606
2014,4,17,1,0,4.374,10.618
2014,4,17,2,0,4.436,11.406
2014,4,17,3,0,3.918,10.144
2014,4,17,4,0,3.636,9.768
2014,4,17,5,0,3.714,9.304
2014,4,17,6,0,3.672,8.224
2014,4,17,7,0,5.226,7.23
2014,4,17,8,0,5.798,7.428
2014,4,17,9,0,6.07,7.742
2014,4,17,10,0,6.24,7.708
2014,4,17,11,0,5.902,7.066
2014,4,17,12,0,5.608,6.576
2014,4,17,13,0,5.494,6.536
2014,4,17,14,0,5.554,6.88
2014,4,17,15,0,5.662,7.292
2014,4,17,16,0,4.324,6.168
2014,4,17,17,0,4.486,8.232
2014,4,17,18,0,3.274,8.044
2014,4,17,19,0,2.858,7.948
2014,4,17,20,0,3.234,8.89
2014,4,17,21,0,3.248,8.756
2014,4,17,22,0,2.638,7.458
2014,4,17,23,0,1.808,6.446
2014,4,18,0,0,2.636,6.972
2014,4,18,1,0,2.566,7.096
2014,4,18,2,0,2.998,7.23
2014,4,18,3,0,2.984,7.528
2014,4,18,4,0,2.714,7.726
2014,4,18,5,0,2.81,7.502
2014,4,18,6,0,3.296,7.934
2014,4,18,7,0,5.034,7.722
2014,4,18,8,0,5.626,7.76
2014,4,18,9,0,5.52,7.334
2014,4,18,10,0,5.682,7.244
2014,4,18,11,0,5.812,7.278
2014,4,18,12,0,5.47,6.916
2014,4,18,13,0,5.308,6.728
2014,4,18,14,0,4.952,6.4
2014,4,18,15,0,4.446,6.222
2014,4,18,16,0,4.03,6.164
2014,4,18,17,0,3.596,5.836
2014,4,18,18,0,2.698,5.972
2014,4,18,19,0,2.75,6.75
2014,4,18,20,0,2.698,7.196
2014,4,18,21,0,2.494,7.116
2014,4,18,22,0,2.678,6.526
2014,4,18,23,0,2.854,6.62
2014,4,19,0,0,3.258,7.412
2014,4,19,1,0,3.27,8.53
2014,4,19,2,0,3.51,9.274
2014,4,19,3,0,3.692,9.626
2014,4,19,4,0,2.962,8.554
2014,4,19,5,0,3.018,7.564
2014,4,19,6,0,3.048,7.08
2014,4,19,7,0,4.218,6.136
2014,4,19,8,0,4.9,6.222
2014,4,19,9,0,5.512,6.84
2014,4,19,10,0,6.176,7.728
2014,4,19,11,0,7.004,8.788
2014,4,19,12,0,7.076,9.124
2014,4,19,13,0,7.332,9.684
2014,4,19,14,0,7.576,9.994
2014,4,19,15,0,7.464,9.964
2014,4,19,16,0,7.228,9.828
2014,4,19,17,0,6.63,9.886
2014,4,19,18,0,5.268,11.67
2014,4,19,19,0,4.614,11.986
2014,4,19,20,0,4.13,11.58
2014,4,19,21,0,3.892,11.248
2014,4,19,22,0,4.202,11.61
2014,4,19,23,0,3.884,10.792
2014,4,20,0,0,3.946,10.198
2014,4,20,1,0,4.1,10.07
2014,4,20,2,0,3.096,9.784
2014,4,20,3,0,4.054,10.632
2014,4,20,4,0,3.668,10.374
2014,4,20,5,0,3.708,9.922
2014,4,20,6,0,4.522,10.352
2014,4,20,7,0,6.294,9.55
2014,4,20,8,0,6.916,9.928
2014,4,20,9,0,7.048,9.566
2014,4,20,10,0,7.354,9.734
2014,4,20,11,0,7.346,9.688
2014,4,20,12,0,7.248,9.524
2014,4,20,13,0,6.86,9.25
2014,4,20,14,0,6.042,9.264
2014,4,20,15,0,6.318,9.47
2014,4,20,16,0,5.856,9.37
2014,4,20,17,0,5.444,9.578
2014,4,20,18,0,4.734,9.774
2014,4,20,19,0,4.452,10.058
2014,4,20,20,0,4.208,10.11
2014,4,20,21,0,3.288,7.376
2014,4,20,22,0,3.34,8.514
2014,4,20,23,0,3.098,7.75
2014,4,21,0,0,2.596,6.92
2014,4,21,1,0,2.032,6.698
2014,4,21,2,0,1.888,5.944
2014,4,21,3,0,1.984,5.636
2014,4,21,4,0,2.054,6.696
2014,4,21,5,0,2.58,7.462
2014,4,21,6,0,2.38,7.166
2014,4,21,7,0,4.376,6.652
2014,4,21,8,0,5.026,6.402
2014,4,21,9,0,4.842,6.322
2014,4,21,10,0,5.84,7.086
2014,4,21,11,0,5.542,7.212
2014,4,21,12,0,6.054,8.16
2014,4,21,13,0,5.884,8.22
2014,4,21,14,0,5.982,8.526
2014,4,21,15,0,5.78,9.008
2014,4,21,16,0,5.9,8.614
2014,4,21,17,0,6.426,9.704
2014,4,21,18,0,4.176,8.436
2014,4,21,19,0,3.666,9.51
2014,4,21,20,0,3.564,10.118
2014,4,21,21,0,3.432,9.794
2014,4,21,22,0,3.112,9.728
2014,4,21,23,0,3.004,9.514
2014,4,22,0,0,3.056,9.668
2014,4,22,1,0,3.096,9.162
2014,4,22,2,0,3.178,9.412
2014,4,22,3,0,2.944,9.328
2014,4,22,4,0,2.458,9.126
2014,4,22,5,0,3.058,9.452
2014,4,22,6,0,3.12,8.8
2014,4,22,7,0,5.432,7.708
2014,4,22,8,0,5.626,7.482
2014,4,22,9,0,6.16,8.0
2014,4,22,10,0,6.414,8.254
2014,4,22,11,0,6.946,9.072
2014,4,22,12,0,7.336,9.518
2014,4,22,13,0,7.886,10.426
2014,4,22,14,0,7.942,10.608
2014,4,22,15,0,7.434,10.048
2014,4,22,16,0,6.692,9.218
2014,4,22,17,0,6.684,9.572
2014,4,22,18,0,4.598,10.044
2014,4,22,19,0,3.624,9.766
2014,4,22,20,0,3.878,8.72
2014,4,22,21,0,3.068,8.3
2014,4,22,22,0,3.078,8.364
2014,4,22,23,0,3.416,7.764
2014,4,23,0,0,3.622,8.546
2014,4,23,1,0,3.01,8.262
2014,4,23,2,0,3.142,9.396
2014,4,23,3,0,3.322,9.188
2014,4,23,4,0,2.456,8.194
2014,4,23,5,0,2.196,7.926
2014,4,23,6,0,2.766,6.522
2014,4,23,7,0,4.95,6.496
2014,4,23,8,0,5.178,6.378
2014,4,23,9,0,5.472,6.606
2014,4,23,10,0,4.998,5.944
2014,4,23,11,0,4.99,5.8
2014,4,23,12,0,4.778,5.582
2014,4,23,13,0,5.106,5.936
2014,4,23,14,0,4.624,5.408
2014,4,23,15,0,5.682,6.922
2014,4,23,16,0,5.264,6.886
2014,4,23,17,0,5.016,7.398
2014,4,23,18,0,3.672,7.01
2014,4,23,19,0,2.954,7.678
2014,4,23,20,0,3.076,8.316
2014,4,23,21,0,2.766,7.618
2014,4,23,22,0,2.648,7.75
2014,4,23,23,0,2.884,7.882
2014,4,24,0,0,2.714,8.106
2014,4,24,1,0,3.302,9.026
2014,4,24,2,0,2.946,9.116
2014,4,24,3,0,3.424,9.228
2014,4,24,4,0,3.75,9.416
2014,4,24,5,0,3.244,10.106
2014,4,24,6,0,4.418,9.892
2014,4,24,7,0,6.446,10.356
2014,4,24,8,0,6.686,10.676
2014,4,24,9,0,7.53,11.874
2014,4,24,10,0,7.488,11.448
2014,4,24,11,0,7.85,11.21
2014,4,24,12,0,7.9,10.416
2014,4,24,13,0,8.194,11.054
2014,4,24,14,0,8.442,11.628
2014,4,24,15,0,8.802,12.196
2014,4,24,16,0,8.216,11.364
2014,4,24,17,0,6.546,10.456
2014,4,24,18,0,5.118,10.954
2014,4,24,19,0,4.24,11.146
2014,4,24,20,0,4.378,11.346
2014,4,24,21,0,4.726,11.488
2014,4,24,22,0,4.158,10.824
2014,4,24,23,0,3.558,9.582
2014,4,25,0,0,3.252,8.982
2014,4,25,1,0,3.31,8.354
2014,4,25,2,0,3.7,8.84
2014,4,25,3,0,3.482,8.452
2014,4,25,4,0,3.336,8.15
2014,4,25,5,0,3.182,7.8
2014,4,25,6,0,3.8,7.546
2014,4,25,7,0,4.634,7.686
2014,4,25,8,0,4.862,7.678
2014,4,25,9,0,4.282,6.576
2014,4,25,10,0,4.668,6.768
2014,4,25,11,0,5.458,6.844
2014,4,25,12,0,5.048,7.292
2014,4,25,13,0,4.972,7.322
2014,4,25,14,0,5.01,7.252
2014,4,25,15,0,5.254,7.722
2014,4,25,16,0,4.76,7.264
2014,4,25,17,0,4.498,6.88
2014,4,25,18,0,3.504,6.614
2014,4,25,19,0,2.592,7.288
2014,4,25,20,0,2.36,6.794
2014,4,25,21,0,2.02,6.278
2014,4,25,22,0,1.818,5.936
2014,4,25,23,0,1.534,5.204
2014,4,26,0,0,1.932,5.696
2014,4,26,1,0,2.238,6.09
2014,4,26,2,0,1.666,6.238
2014,4,26,3,0,2.376,6.996
2014,4,26,4,0,2.052,6.908
2014,4,26,5,0,2.294,6.984
2014,4,26,6,0,3.254,7.054
2014,4,26,7,0,4.424,6.118
2014,4,26,8,0,4.466,6.008
2014,4,26,9,0,4.396,5.614
2014,4,26,10,0,4.872,6.182
2014,4,26,11,0,4.934,6.252
2014,4,26,12,0,5.108,6.546
2014,4,26,13,0,5.83,7.406
2014,4,26,14,0,5.764,7.598
2014,4,26,15,0,6.38,8.666
2014,4,26,16,0,5.936,8.436
2014,4,26,17,0,4.848,7.814
2014,4,26,18,0,3.592,7.87
2014,4,26,19,0,3.994,9.286
2014,4,26,20,0,3.998,9.74
2014,4,26,21,0,4.33,10.022
2014,4,26,22,0,3.988,9.934
2014,4,26,23,0,3.52,9.7
2014,4,27,0,0,3.792,9.088
2014,4,27,1,0,3.892,8.808
2014,4,27,2,0,3.572,9.378
2014,4,27,3,0,3.758,9.868
2014,4,27,4,0,3.364,9.344
2014,4,27,5,0,3.106,8.806
2014,4,27,6,0,3.268,8.564
2014,4,27,7,0,4.756,7.67
2014,4,27,8,0,5.118,7.682
2014,4,27,9,0,5.242,7.362
2014,4,27,10,0,5.552,7.216
2014,4,27,11,0,5.732,7.114
2014,4,27,12,0,5.866,7.282
2014,4,27,13,0,6.444,8.012
2014,4,27,14,0,6.58,8.312
2014,4,27,15,0,5.926,7.658
2014,4,27,16,0,5.172,7.508
2014,4,27,17,0,5.24,7.896
2014,4,27,18,0,3.966,8.8
2014,4,27,19,0,3.258,8.784
2014,4,27,20,0,3.234,8.768
2014,4,27,21,0,2.798,7.972
2014,4,27,22,0,2.9,8.168
2014,4,27,23,0,2.804,8.45
2014,4,28,0,0,2.656,7.964
2014,4,28,1,0,2.664,7.436
2014,4,28,2,0,2.894,7.196
2014,4,28,3,0,2.928,7.718
2014,4,28,4,0,3.076,8.18
2014,4,28,5,0,2.648,7.052
2014,4,28,6,0,3.198,7.882
2014,4,28,7,0,5.126,7.484
2014,4,28,8,0,6.018,7.844
2014,4,28,9,0,6.222,7.808
2014,4,28,10,0,6.502,8.058
2014,4,28,11,0,6.574,7.962
2014,4,28,12,0,6.476,7.964
2014,4,28,13,0,6.046,7.484
2014,4,28,14,0,5.482,6.858
2014,4,28,15,0,5.482,7.046
2014,4,28,16,0,5.394,7.504
2014,4,28,17,0,5.494,7.838
2014,4,28,18,0,3.92,8.468
2014,4,28,19,0,3.45,8.808
2014,4,28,20,0,2.464,8.464
2014,4,28,21,0,2.794,8.62
2014,4,28,22,0,2.56,8.026
2014,4,28,23,0,2.332,7.25
2014,4,29,0,0,2.44,7.43
2014,4,29,1,0,2.78,7.45
2014,4,29,2,0,2.582,7.146
2014,4,29,3,0,2.678,6.97
2014,4,29,4,0,2.346,6.042
2014,4,29,5,0,2.284,6.172
2014,4,29,6,0,2.742,5.51
2014,4,29,7,0,3.882,5.102
2014,4,29,8,0,4.26,5.198
2014,4,29,9,0,4.444,5.476
2014,4,29,10,0,4.178,5.05
2014,4,29,11,0,4.144,5.162
2014,4,29,12,0,5.106,6.03
2014,4,29,13,0,5.146,5.994
2014,4,29,14,0,5.49,6.404
2014,4,29,15,0,5.11,6.238
2014,4,29,16,0,4.806,6.334
2014,4,29,17,0,4.314,5.786
2014,4,29,18,0,3.794,5.898
2014,4,29,19,0,3.046,5.762
2014,4,29,20,0,2.906,7.038
2014,4,29,21,0,2.968,7.08
2014,4,29,22,0,2.596,6.416
2014,4,29,23,0,2.47,6.034
2014,4,30,0,0,2.278,5.66
2014,4,30,1,0,2.648,6.506
2014,4,30,2,0,2.282,6.202
2014,4,30,3,0,2.182,5.696
2014,4,30,4,0,2.398,6.302
2014,4,30,5,0,2.238,5.892
2014,4,30,6,0,3.344,6.224
2014,4,30,7,0,3.906,6.174
2014,4,30,8,0,4.23,6.268
2014,4,30,9,0,5.12,6.9
2014,4,30,10,0,5.28,7.814
2014,4,30,11,0,5.518,8.094
2014,4,30,12,0,5.448,8.032
2014,4,30,13,0,5.416,7.32
2014,4,30,14,0,5.518,7.11
2014,4,30,15,0,5.258,7.288
2014,4,30,16,0,5.204,7.66
2014,4,30,17,0,4.978,7.154
2014,4,30,18,0,3.742,7.656
2014,4,30,19,0,3.028,7.018
2014,4,30,20,0,2.932,7.246
2014,4,30,21,0,3.304,8.95
2014,4,30,22,0,3.514,8.912
2014,4,30,23,0,3.124,8.496
2014,5,1,0,0,3.244,8.612
2014,5,1,1,0,3.232,8.59
2014,5,1,2,0,2.964,8.208
2014,5,1,3,0,3.194,8.656
2014,5,1,4,0,3.12,8.274
2014,5,1,5,0,3.064,8.652
2014,5,1,6,0,4.094,8.834
2014,5,1,7,0,5.168,7.916
2014,5,1,8,0,5.404,7.656
2014,5,1,9,0,5.264,7.824
2014,5,1,10,0,5.428,7.856
2014,5,1,11,0,5.89,8.258
2014,5,1,12,0,5.618,8.332
2014,5,1,13,0,5.658,8.684
2014,5,1,14,0,5.878,9.22
2014,5,1,15,0,5.58,8.624
2014,5,1,16,0,4.852,7.868
2014,5,1,17,0,3.792,7.828
2014,5,1,18,0,3.02,7.162
2014,5,1,19,0,2.908,7.272
2014,5,1,20,0,2.356,6.406
2014,5,1,21,0,2.36,6.492
2014,5,1,22,0,2.348,7.158
2014,5,1,23,0,2.386,6.962
2014,5,2,0,0,2.514,7.0
2014,5,2,1,0,2.99,7.75
2014,5,2,2,0,2.474,7.192
2014,5,2,3,0,2.548,6.486
2014,5,2,4,0,2.84,6.708
2014,5,2,5,0,3.018,6.742
2014,5,2,6,0,2.828,6.848
2014,5,2,7,0,3.684,5.57
2014,5,2,8,0,4.328,6.042
2014,5,2,9,0,4.798,6.176
2014,5,2,10,0,5.22,6.574
2014,5,2,11,0,5.856,7.464
2014,5,2,12,0,5.668,7.07
2014,5,2,13,0,6.234,7.984
2014,5,2,14,0,6.53,8.51
2014,5,2,15,0,6.254,8.244
2014,5,2,16,0,6.138,8.2
2014,5,2,17,0,4.444,7.804
2014,5,2,18,0,3.264,7.056
2014,5,2,19,0,2.688,8.128
2014,5,2,20,0,2.648,8.058
2014,5,2,21,0,2.936,8.042
2014,5,2,22,0,3.002,7.702
2014,5,2,23,0,2.28,6.796
2014,5,3,0,0,2.452,7.31
2014,5,3,1,0,2.312,6.73
2014,5,3,2,0,2.682,6.62
2014,5,3,3,0,2.2,5.806
2014,5,3,4,0,2.508,6.486
2014,5,3,5,0,2.848,7.042
2014,5,3,6,0,2.254,6.322
2014,5,3,7,0,3.274,5.068
2014,5,3,8,0,3.33,4.39
2014,5,3,9,0,3.6,5.298
2014,5,3,10,0,3.722,4.78
2014,5,3,11,0,3.498,4.694
2014,5,3,12,0,4.144,6.052
2014,5,3,13,0,5.076,6.65
2014,5,3,14,0,5.332,6.782
2014,5,3,15,0,4.822,5.998
2014,5,3,16,0,4.588,6.162
2014,5,3,17,0,4.832,6.882
2014,5,3,18,0,3.436,7.054
2014,5,3,19,0,2.642,7.732
2014,5,3,20,0,2.486,7.706
2014,5,3,21,0,2.206,7.484
2014,5,3,22,0,2.438,7.114
2014,5,3,23,0,2.202,7.044
2014,5,4,0,0,1.828,6.624
2014,5,4,1,0,1.732,6.266
2014,5,4,2,0,2.102,5.682
2014,5,4,3,0,1.826,5.414
2014,5,4,4,0,1.908,5.778
2014,5,4,5,0,1.892,6.606
2014,5,4,6,0,2.452,6.456
2014,5,4,7,0,4.052,5.93
2014,5,4,8,0,4.764,6.646
2014,5,4,9,0,5.326,7.268
2014,5,4,10,0,5.722,7.768
2014,5,4,11,0,6.126,8.112
2014,5,4,12,0,7.126,9.42
2014,5,4,13,0,7.298,9.71
2014,5,4,14,0,7.438,10.046
2014,5,4,15,0,7.056,9.546
2014,5,4,16,0,6.026,9.338
2014,5,4,17,0,6.686,10.908
2014,5,4,18,0,4.868,11.42
2014,5,4,19,0,3.946,10.24
2014,5,4,20,0,4.09,10.62
2014,5,4,21,0,3.84,10.382
2014,5,4,22,0,3.856,11.2
2014,5,4,23,0,4.198,10.958
2014,5,5,0,0,3.596,10.31
2014,5,5,1,0,3.504,9.924
2014,5,5,2,0,3.37,9.702
2014,5,5,3,0,3.152,10.138
2014,5,5,4,0,3.246,9.588
2014,5,5,5,0,3.68,9.846
2014,5,5,6,0,4.192,9.156
2014,5,5,7,0,5.566,7.88
2014,5,5,8,0,5.326,7.252
2014,5,5,9,0,5.346,6.944
2014,5,5,10,0,5.408,6.874
2014,5,5,11,0,5.232,6.598
2014,5,5,12,0,5.516,6.782
2014,5,5,13,0,6.232,7.814
2014,5,5,14,0,5.188,7.568
2014,5,5,15,0,4.652,6.966
2014,5,5,16,0,4.398,6.51
2014,5,5,17,0,3.922,6.292
2014,5,5,18,0,3.032,6.774
2014,5,5,19,0,2.714,6.622
2014,5,5,20,0,2.414,6.74
2014,5,5,21,0,2.752,5.95
2014,5,5,22,0,2.61,6.316
2014,5,5,23,0,2.178,5.888
2014,5,6,0,0,1.918,5.586
2014,5,6,1,0,1.898,5.052
2014,5,6,2,0,1.958,5.84
2014,5,6,3,0,1.928,6.452
2014,5,6,4,0,1.792,6.78
2014,5,6,5,0,1.722,6.866
2014,5,6,6,0,2.16,6.008
2014,5,6,7,0,2.72,4.852
2014,5,6,8,0,3.528,4.506
2014,5,6,9,0,3.924,4.722
2014,5,6,10,0,3.818,4.454
2014,5,6,11,0,3.772,4.456
2014,5,6,12,0,3.974,4.68
2014,5,6,13,0,4.052,4.712
2014,5,6,14,0,4.312,5.124
2014,5,6,15,0,3.908,5.078
2014,5,6,16,0,3.766,5.228
2014,5,6,17,0,3.56,5.606
2014,5,6,18,0,2.566,5.346
2014,5,6,19,0,2.346,6.316
2014,5,6,20,0,2.246,6.302
2014,5,6,21,0,2.028,5.73
2014,5,6,22,0,1.752,5.23
2014,5,6,23,0,2.052,5.646
2014,5,7,0,0,1.766,5.244
2014,5,7,1,0,1.976,4.694
2014,5,7,2,0,2.126,4.882
2014,5,7,3,0,2.304,5.014
2014,5,7,4,0,2.278,4.86
2014,5,7,5,0,2.082,5.108
2014,5,7,6,0,1.962,5.4
2014,5,7,7,0,3.724,5.014
2014,5,7,8,0,4.088,4.898
2014,5,7,9,0,4.246,4.872
2014,5,7,10,0,4.306,4.808
2014,5,7,11,0,4.278,4.746
2014,5,7,12,0,4.494,5.06
2014,5,7,13,0,4.304,4.99
2014,5,7,14,0,4.68,5.526
2014,5,7,15,0,4.66,5.698
2014,5,7,16,0,4.532,5.894
2014,5,7,17,0,4.436,6.312
2014,5,7,18,0,3.338,7.162
2014,5,7,19,0,3.466,9.238
2014,5,7,20,0,3.01,8.926
2014,5,7,21,0,3.26,8.81
2014,5,7,22,0,2.144,6.884
2014,5,7,23,0,3.486,9.034
2014,5,8,0,0,3.102,7.738
2014,5,8,1,0,2.932,7.33
2014,5,8,2,0,3.038,7.072
2014,5,8,3,0,2.97,7.586
2014,5,8,4,0,2.538,6.298
2014,5,8,5,0,2.352,6.486
2014,5,8,6,0,2.406,5.482
2014,5,8,7,0,3.71,4.76
2014,5,8,8,0,3.842,4.556
2014,5,8,9,0,3.78,4.29
2014,5,8,10,0,3.994,4.492
2014,5,8,11,0,4.09,4.536
2014,5,8,12,0,4.038,4.504
2014,5,8,13,0,4.276,4.854
2014,5,8,14,0,3.756,4.304
2014,5,8,15,0,3.414,3.98
2014,5,8,16,0,3.636,4.404
2014,5,8,17,0,3.344,4.602
2014,5,8,18,0,3.016,5.672
2014,5,8,19,0,2.686,6.194
2014,5,8,20,0,1.828,4.844
2014,5,8,21,0,2.154,5.946
2014,5,8,22,0,2.136,6.522
2014,5,8,23,0,2.84,6.724
2014,5,9,0,0,2.982,6.6
2014,5,9,1,0,2.632,7.102
2014,5,9,2,0,2.378,6.636
2014,5,9,3,0,1.998,5.832
2014,5,9,4,0,2.524,6.648
2014,5,9,5,0,2.082,7.11
2014,5,9,6,0,3.166,6.114
2014,5,9,7,0,3.294,4.41
2014,5,9,8,0,3.998,5.024
2014,5,9,9,0,4.364,5.426
2014,5,9,10,0,4.16,5.254
2014,5,9,11,0,4.308,5.238
2014,5,9,12,0,4.746,5.698
2014,5,9,13,0,4.62,5.556
2014,5,9,14,0,4.678,5.656
2014,5,9,15,0,4.86,6.116
2014,5,9,16,0,4.594,5.924
2014,5,9,17,0,4.406,5.88
2014,5,9,18,0,3.01,6.106
2014,5,9,19,0,2.878,6.684
2014,5,9,20,0,2.13,5.982
2014,5,9,21,0,1.376,5.758
2014,5,9,22,0,2.194,6.524
2014,5,9,23,0,2.088,6.502
2014,5,10,0,0,2.404,7.098
2014,5,10,1,0,1.994,6.008
2014,5,10,2,0,1.8,5.952
2014,5,10,3,0,1.662,5.862
2014,5,10,4,0,1.478,5.778
2014,5,10,5,0,1.624,6.786
2014,5,10,6,0,2.214,6.408
2014,5,10,7,0,3.69,5.63
2014,5,10,8,0,4.634,6.494
2014,5,10,9,0,4.596,6.146
2014,5,10,10,0,4.494,5.716
2014,5,10,11,0,4.582,6.416
2014,5,10,12,0,5.036,6.596
2014,5,10,13,0,5.278,8.046
2014,5,10,14,0,5.366,8.544
2014,5,10,15,0,6.25,8.948
2014,5,10,16,0,6.128,8.664
2014,5,10,17,0,5.548,7.97
2014,5,10,18,0,4.14,8.106
2014,5,10,19,0,3.782,9.84
2014,5,10,20,0,4.142,10.582
2014,5,10,21,0,4.094,10.386
2014,5,10,22,0,4.048,11.064
2014,5,10,23,0,3.722,10.242
2014,5,11,0,0,3.506,9.588
2014,5,11,1,0,3.092,8.942
2014,5,11,2,0,2.412,7.552
2014,5,11,3,0,2.406,7.012
2014,5,11,4,0,2.928,7.562
2014,5,11,5,0,2.14,5.92
2014,5,11,6,0,3.068,5.566
2014,5,11,7,0,3.636,4.836
2014,5,11,8,0,3.72,5.106
2014,5,11,9,0,3.584,4.23
2014,5,11,10,0,4.392,5.146
2014,5,11,11,0,4.738,5.788
2014,5,11,12,0,4.93,5.97
2014,5,11,13,0,4.906,6.084
2014,5,11,14,0,5.002,6.264
2014,5,11,15,0,4.66,5.902
2014,5,11,16,0,4.44,5.696
2014,5,11,17,0,3.41,5.372
2014,5,11,18,0,3.394,7.312
2014,5,11,19,0,2.914,8.142
2014,5,11,20,0,3.312,9.206
2014,5,11,21,0,3.712,10.532
2014,5,11,22,0,3.884,11.438
2014,5,11,23,0,4.284,11.338
2014,5,12,0,0,3.878,10.962
2014,5,12,1,0,3.758,10.678
2014,5,12,2,0,3.382,10.256
2014,5,12,3,0,3.502,10.448
2014,5,12,4,0,3.224,9.644
2014,5,12,5,0,2.968,9.482
2014,5,12,6,0,4.05,8.816
2014,5,12,7,0,4.766,7.482
2014,5,12,8,0,4.652,7.158
2014,5,12,9,0,4.538,6.792
2014,5,12,10,0,5.174,7.322
2014,5,12,11,0,5.852,7.976
2014,5,12,12,0,5.868,8.576
2014,5,12,13,0,6.786,9.216
2014,5,12,14,0,6.656,9.71
2014,5,12,15,0,7.048,9.686
2014,5,12,16,0,6.474,10.068
2014,5,12,17,0,5.762,9.94
2014,5,12,18,0,4.448,11.004
2014,5,12,19,0,4.132,10.682
2014,5,12,20,0,3.884,9.78
2014,5,12,21,0,3.248,9.606
2014,5,12,22,0,3.37,10.68
2014,5,12,23,0,3.102,9.072
2014,5,13,0,0,2.818,8.854
2014,5,13,1,0,3.316,9.364
2014,5,13,2,0,3.408,9.122
2014,5,13,3,0,3.34,8.82
2014,5,13,4,0,3.168,8.83
2014,5,13,5,0,3.424,9.402
2014,5,13,6,0,4.618,8.602
2014,5,13,7,0,5.31,8.734
2014,5,13,8,0,5.668,8.738
2014,5,13,9,0,5.604,8.18
2014,5,13,10,0,5.802,8.62
2014,5,13,11,0,6.306,8.506
2014,5,13,12,0,6.338,8.502
2014,5,13,13,0,6.348,8.432
2014,5,13,14,0,6.026,8.04
2014,5,13,15,0,6.024,8.188
2014,5,13,16,0,5.22,7.072
2014,5,13,17,0,5.452,8.02
2014,5,13,18,0,4.446,8.05
2014,5,13,19,0,3.458,8.304
2014,5,13,20,0,3.356,8.624
2014,5,13,21,0,2.852,7.724
2014,5,13,22,0,2.97,7.524
2014,5,13,23,0,2.334,6.79
2014,5,14,0,0,2.132,6.234
2014,5,14,1,0,1.794,5.336
2014,5,14,2,0,2.116,4.444
2014,5,14,3,0,2.028,4.304
2014,5,14,4,0,1.642,4.062
2014,5,14,5,0,1.702,4.192
2014,5,14,6,0,2.376,3.64
2014,5,14,7,0,2.74,3.394
2014,5,14,8,0,2.876,3.27
2014,5,14,9,0,2.91,3.164
2014,5,14,10,0,3.176,3.446
2014,5,14,11,0,3.346,3.754
2014,5,14,12,0,3.99,4.538
2014,5,14,13,0,4.514,5.264
2014,5,14,14,0,4.004,4.584
2014,5,14,15,0,3.82,4.488
2014,5,14,16,0,4.784,5.838
2014,5,14,17,0,4.128,5.166
2014,5,14,18,0,3.42,5.188
2014,5,14,19,0,2.112,6.472
2014,5,14,20,0,1.912,7.258
2014,5,14,21,0,2.302,8.646
2014,5,14,22,0,2.664,8.594
2014,5,14,23,0,2.874,7.944
2014,5,15,0,0,2.832,8.21
2014,5,15,1,0,2.532,8.194
2014,5,15,2,0,2.5,7.658
2014,5,15,3,0,2.832,8.512
2014,5,15,4,0,2.922,8.552
2014,5,15,5,0,2.922,8.966
2014,5,15,6,0,3.622,8.156
2014,5,15,7,0,4.54,7.202
2014,5,15,8,0,4.568,6.146
2014,5,15,9,0,4.358,5.614
2014,5,15,10,0,4.71,5.92
2014,5,15,11,0,4.868,5.966
2014,5,15,12,0,5.104,6.086
2014,5,15,13,0,4.672,5.552
2014,5,15,14,0,4.686,5.59
2014,5,15,15,0,3.858,4.632
2014,5,15,16,0,3.694,4.69
2014,5,15,17,0,4.02,5.3
2014,5,15,18,0,2.768,5.15
2014,5,15,19,0,2.496,5.946
2014,5,15,20,0,2.22,6.73
2014,5,15,21,0,2.194,7.746
2014,5,15,22,0,2.412,7.66
2014,5,15,23,0,2.338,7.764
2014,5,16,0,0,2.508,7.406
2014,5,16,1,0,2.538,7.18
2014,5,16,2,0,2.302,6.606
2014,5,16,3,0,2.092,6.836
2014,5,16,4,0,2.31,7.01
2014,5,16,5,0,2.188,6.432
2014,5,16,6,0,2.322,5.774
2014,5,16,7,0,3.826,5.604
2014,5,16,8,0,4.298,5.938
2014,5,16,9,0,4.742,6.496
2014,5,16,10,0,5.23,6.75
2014,5,16,11,0,5.428,6.946
2014,5,16,12,0,5.506,6.896
2014,5,16,13,0,5.416,6.826
2014,5,16,14,0,5.214,6.628
2014,5,16,15,0,5.196,6.71
2014,5,16,16,0,4.88,6.826
2014,5,16,17,0,4.6,6.824
2014,5,16,18,0,3.644,6.722
2014,5,16,19,0,2.756,7.67
2014,5,16,20,0,3.044,7.852
2014,5,16,21,0,2.876,7.474
2014,5,16,22,0,2.696,7.46
2014,5,16,23,0,2.726,7.242
2014,5,17,0,0,2.664,6.93
2014,5,17,1,0,2.656,6.398
2014,5,17,2,0,2.384,6.24
2014,5,17,3,0,2.432,6.08
2014,5,17,4,0,2.258,5.674
2014,5,17,5,0,2.536,6.186
2014,5,17,6,0,2.738,5.612
2014,5,17,7,0,2.932,5.158
2014,5,17,8,0,2.826,4.91
2014,5,17,9,0,3.236,5.21
2014,5,17,10,0,3.428,4.326
2014,5,17,11,0,3.282,3.868
2014,5,17,12,0,3.702,4.584
2014,5,17,13,0,4.398,5.352
2014,5,17,14,0,4.264,5.236
2014,5,17,15,0,4.314,5.274
2014,5,17,16,0,4.34,5.922
2014,5,17,17,0,3.922,6.138
2014,5,17,18,0,3.49,6.898
2014,5,17,19,0,3.192,7.82
2014,5,17,20,0,3.26,8.28
2014,5,17,21,0,2.786,7.426
2014,5,17,22,0,2.556,7.236
2014,5,17,23,0,2.258,6.786
2014,5,18,0,0,2.162,6.45
2014,5,18,1,0,2.118,5.89
2014,5,18,2,0,1.616,4.788
2014,5,18,3,0,2.822,6.754
2014,5,18,4,0,2.972,8.174
2014,5,18,5,0,2.514,7.826
2014,5,18,6,0,3.268,7.48
2014,5,18,7,0,4.298,6.98
2014,5,18,8,0,5.116,7.256
2014,5,18,9,0,5.04,6.912
2014,5,18,10,0,5.27,6.932
2014,5,18,11,0,5.368,7.0
2014,5,18,12,0,5.562,7.318
2014,5,18,13,0,5.69,7.494
2014,5,18,14,0,5.384,7.122
2014,5,18,15,0,5.296,7.07
2014,5,18,16,0,5.056,7.426
2014,5,18,17,0,4.85,7.534
2014,5,18,18,0,3.592,7.994
2014,5,18,19,0,3.27,8.61
2014,5,18,20,0,3.058,8.726
2014,5,18,21,0,2.646,8.09
2014,5,18,22,0,2.376,7.89
2014,5,18,23,0,2.254,7.41
2014,5,19,0,0,2.268,6.98
2014,5,19,1,0,2.4,6.612
2014,5,19,2,0,2.524,6.734
2014,5,19,3,0,2.188,6.69
2014,5,19,4,0,2.284,6.918
2014,5,19,5,0,2.29,7.154
2014,5,19,6,0,3.318,6.128
2014,5,19,7,0,3.766,6.022
2014,5,19,8,0,4.548,6.274
2014,5,19,9,0,4.686,6.018
2014,5,19,10,0,4.916,6.252
2014,5,19,11,0,5.36,6.472
2014,5,19,12,0,5.638,7.03
2014,5,19,13,0,5.882,7.384
2014,5,19,14,0,5.926,7.652
2014,5,19,15,0,5.774,7.612
2014,5,19,16,0,5.448,7.346
2014,5,19,17,0,5.298,7.472
2014,5,19,18,0,3.254,6.958
2014,5,19,19,0,2.942,8.858
2014,5,19,20,0,2.802,8.874
2014,5,19,21,0,2.974,9.342
2014,5,19,22,0,2.924,9.856
2014,5,19,23,0,2.864,9.214
2014,5,20,0,0,3.03,9.548
2014,5,20,1,0,2.956,9.164
2014,5,20,2,0,2.85,8.716
2014,5,20,3,0,2.748,8.754
2014,5,20,4,0,2.728,9.03
2014,5,20,5,0,2.824,9.206
2014,5,20,6,0,4.596,8.626
2014,5,20,7,0,5.556,7.902
2014,5,20,8,0,5.96,8.06
2014,5,20,9,0,6.264,8.35
2014,5,20,10,0,6.31,8.106
2014,5,20,11,0,6.042,7.506
2014,5,20,12,0,6.27,7.838
2014,5,20,13,0,6.588,8.42
2014,5,20,14,0,6.62,8.68
2014,5,20,15,0,6.43,8.648
2014,5,20,16,0,6.174,8.52
2014,5,20,17,0,5.402,8.58
2014,5,20,18,0,4.512,9.618
2014,5,20,19,0,3.842,10.696
2014,5,20,20,0,3.55,9.824
2014,5,20,21,0,3.018,9.166
2014,5,20,22,0,2.666,8.842
2014,5,20,23,0,2.418,8.324
2014,5,21,0,0,2.52,8.27
2014,5,21,1,0,2.47,7.094
2014,5,21,2,0,2.644,6.964
2014,5,21,3,0,2.0,6.186
2014,5,21,4,0,1.616,5.622
2014,5,21,5,0,1.904,5.642
2014,5,21,6,0,1.834,4.408
2014,5,21,7,0,3.16,4.384
2014,5,21,8,0,3.456,4.528
2014,5,21,9,0,3.832,4.848
2014,5,21,10,0,3.992,4.838
2014,5,21,11,0,4.354,5.154
2014,5,21,12,0,4.284,5.096
2014,5,21,13,0,4.426,5.33
2014,5,21,14,0,5.368,6.456
2014,5,21,15,0,5.026,6.104
2014,5,21,16,0,4.652,5.876
2014,5,21,17,0,4.292,5.846
2014,5,21,18,0,3.438,6.056
2014,5,21,19,0,2.874,6.7
2014,5,21,20,0,2.52,6.324
2014,5,21,21,0,2.264,5.882
2014,5,21,22,0,2.31,6.058
2014,5,21,23,0,1.83,5.694
2014,5,22,0,0,1.566,5.152
2014,5,22,1,0,1.92,5.108
2014,5,22,2,0,2.026,4.67
2014,5,22,3,0,2.312,4.738
2014,5,22,4,0,1.924,4.724
2014,5,22,5,0,1.51,4.814
2014,5,22,6,0,1.97,4.292
2014,5,22,7,0,2.962,4.064
2014,5,22,8,0,3.07,4.252
2014,5,22,9,0,3.092,3.916
2014,5,22,10,0,3.076,3.768
2014,5,22,11,0,2.954,3.968
2014,5,22,12,0,3.272,4.752
2014,5,22,13,0,3.78,5.268
2014,5,22,14,0,3.828,5.466
2014,5,22,15,0,3.746,5.756
2014,5,22,16,0,3.678,5.09
2014,5,22,17,0,3.164,5.482
2014,5,22,18,0,3.07,5.424
2014,5,22,19,0,2.566,6.762
2014,5,22,20,0,2.236,7.212
2014,5,22,21,0,2.01,6.316
2014,5,22,22,0,2.336,6.512
2014,5,22,23,0,2.254,6.386
2014,5,23,0,0,2.356,6.858
2014,5,23,1,0,1.92,7.028
2014,5,23,2,0,2.036,7.012
2014,5,23,3,0,2.06,7.11
2014,5,23,4,0,1.976,6.972
2014,5,23,5,0,2.096,6.674
2014,5,23,6,0,3.068,6.004
2014,5,23,7,0,3.42,5.174
2014,5,23,8,0,3.476,5.138
2014,5,23,9,0,3.538,4.392
2014,5,23,10,0,3.626,4.35
2014,5,23,11,0,4.068,4.88
2014,5,23,12,0,3.944,4.792
2014,5,23,13,0,4.524,5.4
2014,5,23,14,0,4.994,6.134
2014,5,23,15,0,5.584,7.304
2014,5,23,16,0,5.588,7.474
2014,5,23,17,0,5.016,7.122
2014,5,23,18,0,4.38,8.284
2014,5,23,19,0,3.734,9.066
2014,5,23,20,0,3.878,8.97
2014,5,23,21,0,2.656,8.146
2014,5,23,22,0,2.348,6.654
2014,5,23,23,0,2.68,7.014
2014,5,24,0,0,3.582,7.876
2014,5,24,1,0,3.424,9.532
2014,5,24,2,0,3.34,9.498
2014,5,24,3,0,3.41,9.444
2014,5,24,4,0,3.53,8.972
2014,5,24,5,0,2.962,8.474
2014,5,24,6,0,3.438,8.47
2014,5,24,7,0,4.856,7.328
2014,5,24,8,0,4.996,6.768
2014,5,24,9,0,5.1,6.652
2014,5,24,10,0,5.356,6.818
2014,5,24,11,0,5.25,6.526
2014,5,24,12,0,5.58,7.066
2014,5,24,13,0,5.448,7.07
2014,5,24,14,0,4.81,6.292
2014,5,24,15,0,4.984,6.512
2014,5,24,16,0,5.3,7.116
2014,5,24,17,0,4.934,7.352
2014,5,24,18,0,3.32,7.362
2014,5,24,19,0,2.822,7.44
2014,5,24,20,0,2.68,7.436
2014,5,24,21,0,3.014,7.838
2014,5,24,22,0,2.432,7.234
2014,5,24,23,0,2.122,7.06
2014,5,25,0,0,2.126,6.648
2014,5,25,1,0,2.152,6.276
2014,5,25,2,0,1.982,5.802
2014,5,25,3,0,1.964,5.372
2014,5,25,4,0,1.754,5.154
2014,5,25,5,0,1.58,4.638
2014,5,25,6,0,1.98,4.068
2014,5,25,7,0,2.57,3.42
2014,5,25,8,0,2.258,3.222
2014,5,25,9,0,2.562,3.756
2014,5,25,10,0,2.554,3.764
2014,5,25,11,0,2.748,3.456
2014,5,25,12,0,3.252,3.738
2014,5,25,13,0,3.748,4.562
2014,5,25,14,0,4.322,5.432
2014,5,25,15,0,4.666,5.876
2014,5,25,16,0,4.406,6.254
2014,5,25,17,0,4.016,5.8
2014,5,25,18,0,3.552,6.818
2014,5,25,19,0,2.77,8.51
2014,5,25,20,0,2.754,8.94
2014,5,25,21,0,3.012,9.242
2014,5,25,22,0,2.864,9.32
2014,5,25,23,0,2.972,9.492
2014,5,26,0,0,3.28,9.672
2014,5,26,1,0,2.788,8.794
2014,5,26,2,0,2.792,8.502
2014,5,26,3,0,2.484,7.818
2014,5,26,4,0,2.2,6.974
2014,5,26,5,0,2.146,6.614
2014,5,26,6,0,2.78,5.584
2014,5,26,7,0,3.078,4.334
2014,5,26,8,0,3.418,4.438
2014,5,26,9,0,3.864,4.824
2014,5,26,10,0,4.268,5.306
2014,5,26,11,0,4.558,5.66
2014,5,26,12,0,4.846,5.998
2014,5,26,13,0,5.146,6.318
2014,5,26,14,0,4.418,5.48
2014,5,26,15,0,5.194,6.722
2014,5,26,16,0,5.178,7.05
2014,5,26,17,0,4.55,7.642
2014,5,26,18,0,3.542,7.564
2014,5,26,19,0,3.29,8.862
2014,5,26,20,0,3.102,8.612
2014,5,26,21,0,3.046,8.322
2014,5,26,22,0,2.594,8.758
2014,5,26,23,0,2.522,8.174
2014,5,27,0,0,2.51,7.434
2014,5,27,1,0,2.488,7.904
2014,5,27,2,0,2.098,7.27
2014,5,27,3,0,2.176,6.5
2014,5,27,4,0,2.02,6.258
2014,5,27,5,0,2.268,6.254
2014,5,27,6,0,3.14,5.638
2014,5,27,7,0,3.49,6.248
2014,5,27,8,0,4.26,6.224
2014,5,27,9,0,3.798,5.21
2014,5,27,10,0,4.432,5.738
2014,5,27,11,0,4.806,6.108
2014,5,27,12,0,4.852,6.226
2014,5,27,13,0,4.67,5.742
2014,5,27,14,0,4.514,5.5
2014,5,27,15,0,4.622,5.782
2014,5,27,16,0,4.332,6.36
2014,5,27,17,0,4.216,5.534
2014,5,27,18,0,4.062,6.264
2014,5,27,19,0,3.66,6.844
2014,5,27,20,0,3.452,6.89
2014,5,27,21,0,3.626,7.672
2014,5,27,22,0,3.48,7.586
2014,5,27,23,0,3.204,6.982
2014,5,28,0,0,2.956,6.624
2014,5,28,1,0,2.706,6.654
2014,5,28,2,0,3.13,7.34
2014,5,28,3,0,2.762,6.802
2014,5,28,4,0,2.492,6.112
2014,5,28,5,0,2.266,5.582
2014,5,28,6,0,3.438,5.684
2014,5,28,7,0,3.63,5.634
2014,5,28,8,0,3.3,4.868
2014,5,28,9,0,3.72,4.992
2014,5,28,10,0,3.548,5.238
2014,5,28,11,0,3.896,5.398
2014,5,28,12,0,4.388,5.802
2014,5,28,13,0,4.39,5.846
2014,5,28,14,0,4.894,6.364
2014,5,28,15,0,5.032,6.674
2014,5,28,16,0,4.55,6.564
2014,5,28,17,0,4.388,6.858
2014,5,28,18,0,4.114,7.182
2014,5,28,19,0,3.222,7.85
2014,5,28,20,0,2.952,8.318
2014,5,28,21,0,3.058,8.89
2014,5,28,22,0,2.378,7.706
2014,5,28,23,0,2.24,6.12
2014,5,29,0,0,2.476,7.116
2014,5,29,1,0,2.02,6.444
2014,5,29,2,0,1.61,6.808
2014,5,29,3,0,1.466,6.072
2014,5,29,4,0,1.368,5.04
2014,5,29,5,0,1.236,5.002
2014,5,29,6,0,2.45,4.052
2014,5,29,7,0,2.93,3.826
2014,5,29,8,0,2.776,3.43
2014,5,29,9,0,2.87,3.344
2014,5,29,10,0,3.022,3.55
2014,5,29,11,0,3.434,4.1
2014,5,29,12,0,4.09,4.794
2014,5,29,13,0,4.28,5.306
2014,5,29,14,0,4.062,5.006
2014,5,29,15,0,4.498,5.702
2014,5,29,16,0,4.596,6.484
2014,5,29,17,0,4.368,6.152
2014,5,29,18,0,3.624,6.3
2014,5,29,19,0,2.898,7.76
2014,5,29,20,0,2.406,8.056
2014,5,29,21,0,2.296,8.222
2014,5,29,22,0,2.802,9.05
2014,5,29,23,0,2.692,8.716
2014,5,30,0,0,2.7,8.51
2014,5,30,1,0,2.504,7.686
2014,5,30,2,0,2.65,7.122
2014,5,30,3,0,2.43,6.916
2014,5,30,4,0,2.186,7.176
2014,5,30,5,0,2.57,6.89
2014,5,30,6,0,3.19,5.868
2014,5,30,7,0,3.352,4.784
2014,5,30,8,0,3.49,4.394
2014,5,30,9,0,3.62,4.308
2014,5,30,10,0,3.936,4.62
2014,5,30,11,0,3.954,4.558
2014,5,30,12,0,4.76,5.55
2014,5,30,13,0,5.046,6.082
2014,5,30,14,0,5.118,6.902
2014,5,30,15,0,5.22,6.884
2014,5,30,16,0,4.128,5.672
2014,5,30,17,0,3.734,5.72
2014,5,30,18,0,3.506,7.062
2014,5,30,19,0,3.578,8.712
2014,5,30,20,0,3.114,8.716
2014,5,30,21,0,2.592,7.85
2014,5,30,22,0,1.95,7.546
2014,5,30,23,0,2.636,8.216
2014,5,31,0,0,2.432,7.962
2014,5,31,1,0,2.61,8.068
2014,5,31,2,0,2.834,8.912
2014,5,31,3,0,2.918,8.906
2014,5,31,4,0,2.618,8.546
2014,5,31,5,0,2.502,8.02
2014,5,31,6,0,3.85,6.782
2014,5,31,7,0,4.536,6.258
2014,5,31,8,0,5.028,6.758
2014,5,31,9,0,5.048,6.426
2014,5,31,10,0,4.818,5.864
2014,5,31,11,0,4.822,5.884
2014,5,31,12,0,5.41,6.69
2014,5,31,13,0,5.556,6.886
2014,5,31,14,0,5.134,6.338
2014,5,31,15,0,4.79,6.338
2014,5,31,16,0,4.87,6.478
2014,5,31,17,0,4.034,5.86
2014,5,31,18,0,3.082,6.878
2014,5,31,19,0,3.25,7.844
2014,5,31,20,0,3.39,8.83
2014,5,31,21,0,3.588,7.792
2014,5,31,22,0,3.266,8.19
2014,5,31,23,0,2.638,7.668
2014,6,1,0,0,2.352,7.182
2014,6,1,1,0,2.24,6.926
2014,6,1,2,0,2.502,6.688
2014,6,1,3,0,2.306,6.414
2014,6,1,4,0,2.518,6.448
2014,6,1,5,0,1.846,6.0
2014,6,1,6,0,2.306,4.802
2014,6,1,7,0,3.002,4.718
2014,6,1,8,0,2.898,4.572
2014,6,1,9,0,3.184,4.374
2014,6,1,10,0,3.152,4.184
2014,6,1,11,0,3.79,5.154
2014,6,1,12,0,4.202,5.338
2014,6,1,13,0,3.664,5.704
2014,6,1,14,0,3.438,5.156
2014,6,1,15,0,4.118,5.796
2014,6,1,16,0,3.84,5.456
2014,6,1,17,0,3.714,5.642
2014,6,1,18,0,2.644,5.264
2014,6,1,19,0,2.282,5.67
2014,6,1,20,0,2.482,6.184
2014,6,1,21,0,2.52,6.586
2014,6,1,22,0,2.812,6.17
2014,6,1,23,0,2.538,5.836
2014,6,2,0,0,2.18,5.656
2014,6,2,1,0,2.506,6.25
2014,6,2,2,0,1.918,5.568
2014,6,2,3,0,1.582,5.286
2014,6,2,4,0,2.212,5.57
2014,6,2,5,0,2.058,6.056
2014,6,2,6,0,2.78,5.446
2014,6,2,7,0,3.198,4.474
2014,6,2,8,0,3.636,5.042
2014,6,2,9,0,3.704,4.822
2014,6,2,10,0,3.684,4.516
2014,6,2,11,0,3.63,4.494
2014,6,2,12,0,3.502,4.302
2014,6,2,13,0,3.926,4.884
2014,6,2,14,0,4.012,5.19
2014,6,2,15,0,3.674,5.184
2014,6,2,16,0,3.89,6.026
2014,6,2,17,0,4.102,7.466
2014,6,2,18,0,3.514,7.882
2014,6,2,19,0,3.256,8.368
2014,6,2,20,0,3.036,8.61
2014,6,2,21,0,2.884,8.326
2014,6,2,22,0,2.942,8.736
2014,6,2,23,0,2.898,8.902
2014,6,3,0,0,2.94,8.77
2014,6,3,1,0,2.35,7.896
2014,6,3,2,0,2.504,7.544
2014,6,3,3,0,2.584,7.514
2014,6,3,4,0,2.466,7.312
2014,6,3,5,0,2.3,6.916
2014,6,3,6,0,3.264,5.736
2014,6,3,7,0,3.716,5.126
2014,6,3,8,0,4.156,5.546
2014,6,3,9,0,4.558,5.89
2014,6,3,10,0,4.508,5.638
2014,6,3,11,0,5.202,6.686
2014,6,3,12,0,5.456,6.89
2014,6,3,13,0,5.57,7.256
2014,6,3,14,0,5.31,6.792
2014,6,3,15,0,5.53,7.354
2014,6,3,16,0,5.378,7.36
2014,6,3,17,0,3.91,6.038
2014,6,3,18,0,2.83,6.16
2014,6,3,19,0,3.188,8.46
2014,6,3,20,0,3.112,8.282
2014,6,3,21,0,2.746,7.826
2014,6,3,22,0,2.388,7.212
2014,6,3,23,0,2.008,6.482
2014,6,4,0,0,2.354,6.704
2014,6,4,1,0,2.392,6.446
2014,6,4,2,0,2.374,5.926
2014,6,4,3,0,2.146,6.026
2014,6,4,4,0,1.92,6.1
2014,6,4,5,0,1.718,5.966
2014,6,4,6,0,2.238,4.014
2014,6,4,7,0,2.934,3.958
2014,6,4,8,0,3.208,4.1
2014,6,4,9,0,3.37,4.05
2014,6,4,10,0,3.374,3.958
2014,6,4,11,0,3.804,4.446
2014,6,4,12,0,4.038,4.696
2014,6,4,13,0,3.976,4.59
2014,6,4,14,0,3.792,4.274
2014,6,4,15,0,3.116,3.546
2014,6,4,16,0,3.79,4.612
2014,6,4,17,0,3.904,4.994
2014,6,4,18,0,3.102,4.99
2014,6,4,19,0,2.328,5.692
2014,6,4,20,0,1.924,6.208
2014,6,4,21,0,1.92,5.992
2014,6,4,22,0,1.504,5.794
2014,6,4,23,0,1.27,5.444
2014,6,5,0,0,1.322,5.18
2014,6,5,1,0,1.944,5.388
2014,6,5,2,0,2.186,5.72
2014,6,5,3,0,2.062,5.674
2014,6,5,4,0,1.788,6.25
2014,6,5,5,0,1.866,6.056
2014,6,5,6,0,2.958,5.358
2014,6,5,7,0,2.834,4.648
2014,6,5,8,0,2.996,3.918
2014,6,5,9,0,3.346,4.16
2014,6,5,10,0,3.812,4.406
2014,6,5,11,0,4.408,5.358
2014,6,5,12,0,4.414,6.208
2014,6,5,13,0,5.292,6.882
2014,6,5,14,0,5.482,7.378
2014,6,5,15,0,5.992,8.32
2014,6,5,16,0,5.574,7.828
2014,6,5,17,0,4.854,7.966
2014,6,5,18,0,4.0,8.224
2014,6,5,19,0,2.768,7.838
2014,6,5,20,0,2.46,8.682
2014,6,5,21,0,2.76,9.398
2014,6,5,22,0,2.396,8.924
2014,6,5,23,0,2.542,8.508
2014,6,6,0,0,2.46,8.212
2014,6,6,1,0,2.07,7.766
2014,6,6,2,0,1.828,7.354
2014,6,6,3,0,1.806,6.936
2014,6,6,4,0,1.78,7.04
2014,6,6,5,0,2.098,6.634
2014,6,6,6,0,3.366,5.61
2014,6,6,7,0,3.46,4.648
2014,6,6,8,0,4.118,5.254
2014,6,6,9,0,4.412,5.52
2014,6,6,10,0,4.594,5.554
2014,6,6,11,0,4.62,5.504
2014,6,6,12,0,4.804,5.814
2014,6,6,13,0,4.862,6.058
2014,6,6,14,0,4.528,5.762
2014,6,6,15,0,4.402,5.682
2014,6,6,16,0,4.566,5.852
2014,6,6,17,0,4.772,6.638
2014,6,6,18,0,4.018,7.17
2014,6,6,19,0,2.764,6.804
2014,6,6,20,0,2.406,7.15
2014,6,6,21,0,1.94,7.086
2014,6,6,22,0,1.884,6.996
2014,6,6,23,0,2.214,7.588
2014,6,7,0,0,1.948,7.246
2014,6,7,1,0,2.058,7.304
2014,6,7,2,0,2.082,7.0
2014,6,7,3,0,2.12,6.79
2014,6,7,4,0,2.3,6.57
2014,6,7,5,0,1.648,7.086
2014,6,7,6,0,3.576,6.634
2014,6,7,7,0,4.314,5.982
2014,6,7,8,0,4.8,6.342
2014,6,7,9,0,5.288,6.776
2014,6,7,10,0,5.698,7.086
2014,6,7,11,0,5.936,7.384
2014,6,7,12,0,5.936,7.428
2014,6,7,13,0,6.012,7.588
2014,6,7,14,0,5.952,7.68
2014,6,7,15,0,5.826,7.762
2014,6,7,16,0,5.212,7.084
2014,6,7,17,0,4.476,6.318
2014,6,7,18,0,3.672,6.67
2014,6,7,19,0,2.896,7.536
2014,6,7,20,0,2.43,7.96
2014,6,7,21,0,2.396,7.246
2014,6,7,22,0,2.204,6.818
2014,6,7,23,0,2.094,6.778
2014,6,8,0,0,2.41,7.408
2014,6,8,1,0,2.442,7.85
2014,6,8,2,0,1.904,7.566
2014,6,8,3,0,2.562,8.252
2014,6,8,4,0,2.208,8.228
2014,6,8,5,0,2.062,7.456
2014,6,8,6,0,3.304,6.084
2014,6,8,7,0,3.772,5.168
2014,6,8,8,0,4.174,5.364
2014,6,8,9,0,4.442,5.556
2014,6,8,10,0,4.506,5.45
2014,6,8,11,0,4.554,5.514
2014,6,8,12,0,4.596,5.538
2014,6,8,13,0,4.542,5.492
2014,6,8,14,0,4.534,5.652
2014,6,8,15,0,5.18,6.59
2014,6,8,16,0,4.852,6.392
2014,6,8,17,0,4.4,6.174
2014,6,8,18,0,3.494,5.826
2014,6,8,19,0,2.702,7.082
2014,6,8,20,0,2.472,7.182
2014,6,8,21,0,2.494,7.384
2014,6,8,22,0,2.246,6.794
2014,6,8,23,0,2.336,6.606
2014,6,9,0,0,2.498,6.604
2014,6,9,1,0,2.55,6.412
2014,6,9,2,0,2.412,6.116
2014,6,9,3,0,2.816,6.482
2014,6,9,4,0,2.542,6.616
2014,6,9,5,0,1.93,6.714
2014,6,9,6,0,2.902,5.636
2014,6,9,7,0,3.54,4.834
2014,6,9,8,0,3.476,4.476
2014,6,9,9,0,3.574,4.554
2014,6,9,10,0,3.512,5.106
2014,6,9,11,0,3.316,4.768
2014,6,9,12,0,4.022,5.146
2014,6,9,13,0,4.548,5.664
2014,6,9,14,0,4.382,5.462
2014,6,9,15,0,4.584,5.816
2014,6,9,16,0,4.744,6.27
2014,6,9,17,0,4.656,6.586
2014,6,9,18,0,3.924,6.8
2014,6,9,19,0,2.816,8.442
2014,6,9,20,0,2.612,8.9
2014,6,9,21,0,2.262,7.778
2014,6,9,22,0,1.974,6.684
2014,6,9,23,0,1.838,6.396
2014,6,10,0,0,2.158,6.938
2014,6,10,1,0,2.046,6.796
2014,6,10,2,0,1.926,6.602
2014,6,10,3,0,1.79,6.472
2014,6,10,4,0,1.764,6.708
2014,6,10,5,0,1.192,6.498
2014,6,10,6,0,2.572,5.168
2014,6,10,7,0,3.038,3.968
2014,6,10,8,0,3.056,4.092
2014,6,10,9,0,3.078,3.612
2014,6,10,10,0,3.356,3.816
2014,6,10,11,0,3.758,4.28
2014,6,10,12,0,4.752,5.816
2014,6,10,13,0,4.988,6.098
2014,6,10,14,0,5.202,6.592
2014,6,10,15,0,5.13,6.79
2014,6,10,16,0,5.008,7.444
2014,6,10,17,0,4.344,7.028
2014,6,10,18,0,4.294,7.266
2014,6,10,19,0,3.272,8.208
2014,6,10,20,0,2.67,8.638
2014,6,10,21,0,2.398,8.532
2014,6,10,22,0,2.112,7.8
2014,6,10,23,0,2.07,7.37
2014,6,11,0,0,2.126,7.888
2014,6,11,1,0,1.71,7.918
2014,6,11,2,0,2.262,8.232
2014,6,11,3,0,2.206,7.642
2014,6,11,4,0,1.942,7.562
2014,6,11,5,0,1.794,7.034
2014,6,11,6,0,3.224,6.11
2014,6,11,7,0,4.016,5.98
2014,6,11,8,0,4.478,6.256
2014,6,11,9,0,4.91,6.7
2014,6,11,10,0,5.532,7.19
2014,6,11,11,0,5.942,7.694
2014,6,11,12,0,6.004,7.74
2014,6,11,13,0,5.892,7.69
2014,6,11,14,0,6.184,8.294
2014,6,11,15,0,6.138,8.5
2014,6,11,16,0,5.822,8.192
2014,6,11,17,0,5.44,8.196
2014,6,11,18,0,4.876,8.528
2014,6,11,19,0,3.506,9.03
2014,6,11,20,0,3.31,9.752
2014,6,11,21,0,2.96,9.322
2014,6,11,22,0,2.826,8.586
2014,6,11,23,0,2.87,8.154
2014,6,12,0,0,2.292,7.394
2014,6,12,1,0,2.282,6.886
2014,6,12,2,0,1.786,6.632
2014,6,12,3,0,1.546,5.846
2014,6,12,4,0,1.326,5.09
2014,6,12,5,0,1.212,5.2
2014,6,12,6,0,1.666,4.196
2014,6,12,7,0,2.354,3.174
2014,6,12,8,0,2.652,3.12
2014,6,12,9,0,2.656,3.008
2014,6,12,10,0,2.604,3.05
2014,6,12,11,0,3.322,3.91
2014,6,12,12,0,3.748,4.432
2014,6,12,13,0,3.98,4.812
2014,6,12,14,0,4.624,5.742
2014,6,12,15,0,4.85,6.206
2014,6,12,16,0,4.736,6.386
2014,6,12,17,0,4.766,6.874
2014,6,12,18,0,3.832,7.444
2014,6,12,19,0,2.68,8.458
2014,6,12,20,0,2.702,8.44
2014,6,12,21,0,2.46,8.524
2014,6,12,22,0,3.28,9.832
2014,6,12,23,0,3.222,9.178
2014,6,13,0,0,3.128,8.746
2014,6,13,1,0,2.462,8.166
2014,6,13,2,0,2.36,7.704
2014,6,13,3,0,2.702,8.368
2014,6,13,4,0,2.334,7.294
2014,6,13,5,0,2.052,7.278
2014,6,13,6,0,3.406,7.012
2014,6,13,7,0,4.146,6.074
2014,6,13,8,0,4.27,5.722
2014,6,13,9,0,4.334,5.72
2014,6,13,10,0,4.306,5.514
2014,6,13,11,0,4.468,5.592
2014,6,13,12,0,4.964,6.32
2014,6,13,13,0,5.22,6.656
2014,6,13,14,0,5.294,6.818
2014,6,13,15,0,5.578,7.382
2014,6,13,16,0,5.774,8.01
2014,6,13,17,0,5.886,8.622
2014,6,13,18,0,4.992,8.694
2014,6,13,19,0,3.962,9.172
2014,6,13,20,0,3.484,8.958
2014,6,13,21,0,3.258,8.92
2014,6,13,22,0,3.152,9.352
2014,6,13,23,0,3.356,9.374
2014,6,14,0,0,2.846,8.142
2014,6,14,1,0,2.436,7.664
2014,6,14,2,0,2.888,7.994
2014,6,14,3,0,2.988,8.358
2014,6,14,4,0,2.764,7.874
2014,6,14,5,0,2.552,7.382
2014,6,14,6,0,4.162,6.786
2014,6,14,7,0,4.02,6.022
2014,6,14,8,0,4.334,5.896
2014,6,14,9,0,4.82,6.326
2014,6,14,10,0,5.142,6.752
2014,6,14,11,0,4.894,6.306
2014,6,14,12,0,5.246,6.794
2014,6,14,13,0,6.054,7.92
2014,6,14,14,0,5.528,7.356
2014,6,14,15,0,4.824,6.332
2014,6,14,16,0,4.858,6.58
2014,6,14,17,0,4.674,6.766
2014,6,14,18,0,3.24,7.166
2014,6,14,19,0,2.676,7.298
2014,6,14,20,0,2.65,6.422
2014,6,14,21,0,2.644,5.726
2014,6,14,22,0,2.25,5.776
2014,6,14,23,0,2.264,6.39
2014,6,15,0,0,2.072,6.398
2014,6,15,1,0,1.8,6.63
2014,6,15,2,0,2.218,6.95
2014,6,15,3,0,2.28,6.826
2014,6,15,4,0,2.516,7.262
2014,6,15,5,0,1.988,7.342
2014,6,15,6,0,3.732,6.636
2014,6,15,7,0,4.422,6.144
2014,6,15,8,0,5.272,7.276
2014,6,15,9,0,5.332,7.128
2014,6,15,10,0,5.618,7.444
2014,6,15,11,0,5.734,7.524
2014,6,15,12,0,5.414,7.074
2014,6,15,13,0,5.344,7.042
2014,6,15,14,0,5.662,7.572
2014,6,15,15,0,5.208,7.246
2014,6,15,16,0,5.594,7.916
2014,6,15,17,0,4.812,7.51
2014,6,15,18,0,4.098,8.91
2014,6,15,19,0,3.43,8.712
2014,6,15,20,0,3.122,8.738
2014,6,15,21,0,2.694,8.914
2014,6,15,22,0,2.768,8.35
2014,6,15,23,0,2.924,8.43
2014,6,16,0,0,2.784,8.38
2014,6,16,1,0,2.562,8.124
2014,6,16,2,0,2.662,8.338
2014,6,16,3,0,2.738,7.374
2014,6,16,4,0,2.446,7.508
2014,6,16,5,0,2.224,6.922
2014,6,16,6,0,3.302,6.16
2014,6,16,7,0,3.924,5.64
2014,6,16,8,0,4.116,5.444
2014,6,16,9,0,4.328,5.716
2014,6,16,10,0,4.806,6.408
2014,6,16,11,0,5.11,6.67
2014,6,16,12,0,5.012,6.512
2014,6,16,13,0,4.926,6.192
2014,6,16,14,0,4.058,5.692
2014,6,16,15,0,3.8,4.918
2014,6,16,16,0,3.838,4.94
2014,6,16,17,0,3.478,5.21
2014,6,16,18,0,3.08,5.858
2014,6,16,19,0,2.018,7.31
2014,6,16,20,0,2.382,8.212
2014,6,16,21,0,2.138,7.564
2014,6,16,22,0,1.796,6.788
2014,6,16,23,0,1.944,6.986
2014,6,17,0,0,2.024,6.836
2014,6,17,1,0,2.022,6.9
2014,6,17,2,0,1.964,6.494
2014,6,17,3,0,2.16,6.352
2014,6,17,4,0,1.802,6.034
2014,6,17,5,0,1.634,5.98
2014,6,17,6,0,2.752,5.442
2014,6,17,7,0,3.112,4.258
2014,6,17,8,0,3.258,4.452
2014,6,17,9,0,3.138,3.948
2014,6,17,10,0,3.036,3.936
2014,6,17,11,0,3.258,4.476
2014,6,17,12,0,2.912,4.08
2014,6,17,13,0,3.654,4.978
2014,6,17,14,0,4.494,5.818
2014,6,17,15,0,4.144,5.208
2014,6,17,16,0,4.076,5.17
2014,6,17,17,0,3.76,4.966
2014,6,17,18,0,3.172,5.254
2014,6,17,19,0,2.274,6.362
2014,6,17,20,0,2.136,6.812
2014,6,17,21,0,1.892,6.484
2014,6,17,22,0,2.152,6.268
2014,6,17,23,0,2.476,6.564
2014,6,18,0,0,2.218,6.084
2014,6,18,1,0,2.162,6.14
2014,6,18,2,0,2.016,5.72
2014,6,18,3,0,2.044,5.798
2014,6,18,4,0,1.854,5.24
2014,6,18,5,0,1.864,5.516
2014,6,18,6,0,2.846,5.858
2014,6,18,7,0,3.206,5.206
2014,6,18,8,0,3.476,4.978
2014,6,18,9,0,3.538,5.238
2014,6,18,10,0,3.76,5.04
2014,6,18,11,0,3.91,5.322
2014,6,18,12,0,3.672,4.758
2014,6,18,13,0,4.288,5.814
2014,6,18,14,0,4.558,6.758
2014,6,18,15,0,4.734,7.342
2014,6,18,16,0,4.066,7.3
2014,6,18,17,0,3.896,7.006
2014,6,18,18,0,3.334,7.486
2014,6,18,19,0,2.838,5.638
2014,6,18,20,0,2.294,6.634
2014,6,18,21,0,2.432,6.872
2014,6,18,22,0,1.802,6.14
2014,6,18,23,0,1.858,5.872
2014,6,19,0,0,1.976,6.308
2014,6,19,1,0,2.384,6.524
2014,6,19,2,0,2.41,6.732
2014,6,19,3,0,2.172,6.722
2014,6,19,4,0,1.672,6.48
2014,6,19,5,0,1.804,5.946
2014,6,19,6,0,3.148,6.464
2014,6,19,7,0,3.998,5.918
2014,6,19,8,0,4.49,6.352
2014,6,19,9,0,4.614,6.226
2014,6,19,10,0,5.056,6.656
2014,6,19,11,0,5.468,7.136
2014,6,19,12,0,5.13,6.78
2014,6,19,13,0,5.134,6.744
2014,6,19,14,0,5.52,7.39
2014,6,19,15,0,5.63,7.708
2014,6,19,16,0,5.254,7.466
2014,6,19,17,0,4.432,6.474
2014,6,19,18,0,3.236,6.608
2014,6,19,19,0,2.85,7.8
2014,6,19,20,0,2.1,7.592
2014,6,19,21,0,2.768,7.72
2014,6,19,22,0,2.204,7.43
2014,6,19,23,0,2.378,6.852
2014,6,20,0,0,1.724,5.824
2014,6,20,1,0,2.124,6.14
2014,6,20,2,0,1.744,6.104
2014,6,20,3,0,1.824,5.578
2014,6,20,4,0,1.818,4.582
2014,6,20,5,0,2.074,4.594
2014,6,20,6,0,2.35,3.778
2014,6,20,7,0,2.508,3.912
2014,6,20,8,0,2.56,3.352
2014,6,20,9,0,2.744,3.348
2014,6,20,10,0,3.478,4.176
2014,6,20,11,0,3.57,4.22
2014,6,20,12,0,4.04,4.642
2014,6,20,13,0,4.156,4.856
2014,6,20,14,0,4.044,4.772
2014,6,20,15,0,3.864,4.61
2014,6,20,16,0,3.67,4.386
2014,6,20,17,0,3.608,4.604
2014,6,20,18,0,2.612,4.198
2014,6,20,19,0,2.306,4.806
2014,6,20,20,0,1.926,4.606
2014,6,20,21,0,1.852,5.314
2014,6,20,22,0,1.92,4.934
2014,6,20,23,0,1.56,4.916
2014,6,21,0,0,1.758,4.512
2014,6,21,1,0,1.538,4.62
2014,6,21,2,0,1.362,4.078
2014,6,21,3,0,1.158,4.446
2014,6,21,4,0,1.618,4.354
2014,6,21,5,0,1.336,4.294
2014,6,21,6,0,2.308,4.182
2014,6,21,7,0,2.976,4.224
2014,6,21,8,0,3.606,4.808
2014,6,21,9,0,3.778,4.88
2014,6,21,10,0,3.574,5.274
2014,6,21,11,0,3.768,5.312
2014,6,21,12,0,3.756,5.83
2014,6,21,13,0,4.136,5.812
2014,6,21,14,0,4.41,6.35
2014,6,21,15,0,4.312,6.312
2014,6,21,16,0,4.648,6.46
2014,6,21,17,0,4.354,6.712
2014,6,21,18,0,3.526,6.392
2014,6,21,19,0,2.682,6.836
2014,6,21,20,0,2.532,6.75
2014,6,21,21,0,1.984,5.638
2014,6,21,22,0,2.454,6.286
2014,6,21,23,0,2.358,6.124
2014,6,22,0,0,2.27,6.018
2014,6,22,1,0,2.334,6.314
2014,6,22,2,0,2.52,6.338
2014,6,22,3,0,2.372,6.554
2014,6,22,4,0,2.17,7.29
2014,6,22,5,0,2.428,6.986
2014,6,22,6,0,2.882,6.306
2014,6,22,7,0,4.038,5.682
2014,6,22,8,0,4.1,5.24
2014,6,22,9,0,4.262,5.3
2014,6,22,10,0,4.542,5.472
2014,6,22,11,0,5.006,6.492
2014,6,22,12,0,5.576,8.048
2014,6,22,13,0,5.872,7.548
2014,6,22,14,0,5.688,7.276
2014,6,22,15,0,5.298,6.808
2014,6,22,16,0,5.166,6.89
2014,6,22,17,0,4.56,6.612
2014,6,22,18,0,3.654,6.928
2014,6,22,19,0,2.814,7.648
2014,6,22,20,0,1.96,7.476
2014,6,22,21,0,1.954,7.486
2014,6,22,22,0,2.108,7.37
2014,6,22,23,0,2.55,7.71
2014,6,23,0,0,2.578,7.144
2014,6,23,1,0,2.724,7.684
2014,6,23,2,0,2.248,7.142
2014,6,23,3,0,2.492,6.512
2014,6,23,4,0,2.264,5.878
2014,6,23,5,0,1.996,5.324
2014,6,23,6,0,2.858,5.246
2014,6,23,7,0,3.768,5.182
2014,6,23,8,0,3.532,5.302
2014,6,23,9,0,3.57,5.55
2014,6,23,10,0,4.34,5.496
2014,6,23,11,0,4.59,5.914
2014,6,23,12,0,5.048,6.468
2014,6,23,13,0,5.346,6.976
2014,6,23,14,0,5.348,7.004
2014,6,23,15,0,5.076,6.996
2014,6,23,16,0,4.484,6.44
2014,6,23,17,0,3.88,6.012
2014,6,23,18,0,3.382,6.272
2014,6,23,19,0,2.704,7.326
2014,6,23,20,0,2.206,8.02
2014,6,23,21,0,2.242,8.44
2014,6,23,22,0,2.512,8.544
2014,6,23,23,0,2.682,8.466
2014,6,24,0,0,2.628,8.348
2014,6,24,1,0,2.652,8.616
2014,6,24,2,0,2.672,8.25
2014,6,24,3,0,2.36,7.978
2014,6,24,4,0,2.182,7.414
2014,6,24,5,0,1.754,7.116
2014,6,24,6,0,3.018,6.24
2014,6,24,7,0,3.67,5.128
2014,6,24,8,0,3.504,4.368
2014,6,24,9,0,3.972,4.772
2014,6,24,10,0,3.844,4.582
2014,6,24,11,0,4.078,4.946
2014,6,24,12,0,4.484,5.402
2014,6,24,13,0,4.492,5.556
2014,6,24,14,0,4.704,5.914
2014,6,24,15,0,4.662,5.92
2014,6,24,16,0,5.006,6.798
2014,6,24,17,0,4.694,6.71
2014,6,24,18,0,3.71,6.804
2014,6,24,19,0,2.59,7.42
2014,6,24,20,0,2.418,8.99
2014,6,24,21,0,2.506,8.49
2014,6,24,22,0,2.24,8.236
2014,6,24,23,0,2.418,8.524
2014,6,25,0,0,2.396,8.152
2014,6,25,1,0,2.37,6.906
2014,6,25,2,0,1.516,5.512
2014,6,25,3,0,1.462,5.038
2014,6,25,4,0,1.162,5.23
2014,6,25,5,0,1.354,5.104
2014,6,25,6,0,2.162,4.418
2014,6,25,7,0,3.764,5.796
2014,6,25,8,0,3.802,4.99
2014,6,25,9,0,3.922,4.85
2014,6,25,10,0,3.948,5.0
2014,6,25,11,0,4.454,5.62
2014,6,25,12,0,5.242,6.806
2014,6,25,13,0,5.77,7.58
2014,6,25,14,0,5.968,7.814
2014,6,25,15,0,5.744,7.728
2014,6,25,16,0,5.106,7.106
2014,6,25,17,0,4.618,7.212
2014,6,25,18,0,3.98,7.714
2014,6,25,19,0,2.518,7.39
2014,6,25,20,0,2.484,7.722
2014,6,25,21,0,2.286,7.72
2014,6,25,22,0,2.09,5.9
2014,6,25,23,0,2.08,6.382
2014,6,26,0,0,1.77,7.196
2014,6,26,1,0,1.606,7.212
2014,6,26,2,0,2.112,6.888
2014,6,26,3,0,2.132,5.654
2014,6,26,4,0,1.604,5.884
2014,6,26,5,0,1.286,5.744
2014,6,26,6,0,2.168,5.096
2014,6,26,7,0,2.982,4.712
2014,6,26,8,0,2.964,4.288
2014,6,26,9,0,3.32,4.258
2014,6,26,10,0,3.756,4.596
2014,6,26,11,0,3.902,4.634
2014,6,26,12,0,3.81,4.47
2014,6,26,13,0,3.692,4.39
2014,6,26,14,0,3.866,4.71
2014,6,26,15,0,4.028,4.924
2014,6,26,16,0,4.1,5.378
2014,6,26,17,0,3.968,5.468
2014,6,26,18,0,3.436,6.278
2014,6,26,19,0,2.098,6.236
2014,6,26,20,0,2.332,7.23
2014,6,26,21,0,1.928,6.43
2014,6,26,22,0,1.89,7.138
2014,6,26,23,0,2.232,7.34
2014,6,27,0,0,2.022,6.606
2014,6,27,1,0,1.946,7.12
2014,6,27,2,0,2.144,7.016
2014,6,27,3,0,1.786,6.924
2014,6,27,4,0,1.892,6.906
2014,6,27,5,0,1.484,6.326
2014,6,27,6,0,2.434,4.8
2014,6,27,7,0,2.738,3.798
2014,6,27,8,0,2.954,3.73
2014,6,27,9,0,3.048,3.566
2014,6,27,10,0,3.02,3.634
2014,6,27,11,0,3.136,3.678
2014,6,27,12,0,3.092,3.824
2014,6,27,13,0,3.9,4.994
2014,6,27,14,0,4.424,5.74
2014,6,27,15,0,4.176,6.202
2014,6,27,16,0,4.106,5.856
2014,6,27,17,0,3.714,6.924
2014,6,27,18,0,3.386,7.05
2014,6,27,19,0,2.794,7.534
2014,6,27,20,0,3.024,8.372
2014,6,27,21,0,2.926,8.778
2014,6,27,22,0,3.616,9.302
2014,6,27,23,0,3.446,9.548
2014,6,28,0,0,3.59,9.2
2014,6,28,1,0,3.216,9.082
2014,6,28,2,0,1.93,6.74
2014,6,28,3,0,2.01,6.522
2014,6,28,4,0,1.786,5.898
2014,6,28,5,0,1.532,5.092
2014,6,28,6,0,2.34,4.36
2014,6,28,7,0,2.514,3.332
2014,6,28,8,0,3.038,3.858
2014,6,28,9,0,3.542,4.472
2014,6,28,10,0,3.45,4.284
2014,6,28,11,0,3.7,4.726
2014,6,28,12,0,3.83,4.914
2014,6,28,13,0,4.216,5.46
2014,6,28,14,0,4.436,5.624
2014,6,28,15,0,4.35,6.028
2014,6,28,16,0,4.342,6.13
2014,6,28,17,0,4.032,5.58
2014,6,28,18,0,3.858,5.786
2014,6,28,19,0,3.44,7.986
2014,6,28,20,0,2.978,8.054
2014,6,28,21,0,3.458,8.3
2014,6,28,22,0,2.824,7.626
2014,6,28,23,0,2.736,7.068
2014,6,29,0,0,2.512,7.024
2014,6,29,1,0,2.394,6.76
2014,6,29,2,0,2.126,6.504
2014,6,29,3,0,1.82,6.104
2014,6,29,4,0,1.832,6.242
2014,6,29,5,0,2.022,6.242
2014,6,29,6,0,3.01,5.136
2014,6,29,7,0,3.476,5.076
2014,6,29,8,0,4.092,5.278
2014,6,29,9,0,4.47,5.612
2014,6,29,10,0,4.256,5.754
2014,6,29,11,0,4.486,5.672
2014,6,29,12,0,4.796,6.228
2014,6,29,13,0,4.55,6.52
2014,6,29,14,0,4.19,6.036
2014,6,29,15,0,4.184,6.864
2014,6,29,16,0,4.342,6.558
2014,6,29,17,0,3.636,5.818
2014,6,29,18,0,2.154,5.118
2014,6,29,19,0,2.242,5.908
2014,6,29,20,0,2.094,7.174
2014,6,29,21,0,2.522,8.396
2014,6,29,22,0,2.33,8.466
2014,6,29,23,0,2.312,7.922
2014,6,30,0,0,2.204,7.154
2014,6,30,1,0,1.498,6.264
2014,6,30,2,0,1.74,5.428
2014,6,30,3,0,1.652,5.1
2014,6,30,4,0,2.068,5.21
2014,6,30,5,0,1.402,4.65
2014,6,30,6,0,1.566,3.36
2014,6,30,7,0,2.024,2.562
2014,6,30,8,0,2.336,2.82
2014,6,30,9,0,3.038,3.684
2014,6,30,10,0,3.01,3.5
2014,6,30,11,0,3.084,3.584
2014,6,30,12,0,3.814,4.436
2014,6,30,13,0,4.326,5.248
2014,6,30,14,0,3.966,4.828
2014,6,30,15,0,3.85,5.842
2014,6,30,16,0,4.572,5.952
2014,6,30,17,0,4.54,6.602
2014,6,30,18,0,3.444,6.432
2014,6,30,19,0,2.512,7.338
2014,6,30,20,0,1.776,7.008
2014,6,30,21,0,1.914,7.258
2014,6,30,22,0,1.948,7.226
2014,6,30,23,0,1.88,7.01
2014,7,1,0,0,1.984,6.96
2014,7,1,1,0,1.604,6.536
2014,7,1,2,0,1.676,5.75
2014,7,1,3,0,2.034,6.486
2014,7,1,4,0,2.074,6.148
2014,7,1,5,0,2.344,7.27
2014,7,1,6,0,2.584,6.298
2014,7,1,7,0,2.72,5.15
2014,7,1,8,0,3.182,4.326
2014,7,1,9,0,3.34,4.426
2014,7,1,10,0,3.59,4.634
2014,7,1,11,0,4.032,5.208
2014,7,1,12,0,4.31,5.408
2014,7,1,13,0,4.578,5.816
2014,7,1,14,0,4.566,5.852
2014,7,1,15,0,4.696,6.332
2014,7,1,16,0,4.618,6.768
2014,7,1,17,0,4.602,7.176
2014,7,1,18,0,4.068,7.652
2014,7,1,19,0,3.236,9.034
2014,7,1,20,0,2.942,8.958
2014,7,1,21,0,2.458,7.448
2014,7,1,22,0,2.274,7.182
2014,7,1,23,0,2.646,6.742
2014,7,2,0,0,2.512,6.39
2014,7,2,1,0,2.552,6.002
2014,7,2,2,0,2.228,5.906
2014,7,2,3,0,2.132,5.404
2014,7,2,4,0,1.948,5.478
2014,7,2,5,0,1.65,5.32
2014,7,2,6,0,2.452,4.148
2014,7,2,7,0,2.978,4.25
2014,7,2,8,0,2.926,3.636
2014,7,2,9,0,2.438,2.684
2014,7,2,10,0,2.268,2.348
2014,7,2,11,0,2.644,3.028
2014,7,2,12,0,2.538,3.096
2014,7,2,13,0,3.4,4.142
2014,7,2,14,0,3.836,4.824
2014,7,2,15,0,4.328,5.39
2014,7,2,16,0,3.93,5.052
2014,7,2,17,0,3.848,5.412
2014,7,2,18,0,2.328,3.816
2014,7,2,19,0,1.664,4.096
2014,7,2,20,0,1.708,5.208
2014,7,2,21,0,1.3,5.48
2014,7,2,22,0,1.392,5.994
2014,7,2,23,0,1.666,4.866
2014,7,3,0,0,1.408,4.346
2014,7,3,1,0,1.874,5.292
2014,7,3,2,0,1.48,4.676
2014,7,3,3,0,1.362,5.038
2014,7,3,4,0,1.882,5.52
2014,7,3,5,0,1.362,5.572
2014,7,3,6,0,1.972,4.714
2014,7,3,7,0,2.874,3.968
2014,7,3,8,0,2.982,3.75
2014,7,3,9,0,3.234,3.778
2014,7,3,10,0,3.482,3.888
2014,7,3,11,0,3.742,4.312
2014,7,3,12,0,3.564,4.086
2014,7,3,13,0,3.15,3.674
2014,7,3,14,0,3.526,4.48
2014,7,3,15,0,3.996,5.012
2014,7,3,16,0,3.856,5.016
2014,7,3,17,0,4.024,5.642
2014,7,3,18,0,3.736,6.2
2014,7,3,19,0,2.796,6.836
2014,7,3,20,0,2.28,6.624
2014,7,3,21,0,2.282,5.42
2014,7,3,22,0,1.98,4.976
2014,7,3,23,0,1.774,4.314
2014,7,4,0,0,1.616,3.93
2014,7,4,1,0,2.04,4.274
2014,7,4,2,0,1.794,4.516
2014,7,4,3,0,1.276,4.11
2014,7,4,4,0,1.662,3.94
2014,7,4,5,0,1.444,3.754
2014,7,4,6,0,1.988,4.034
2014,7,4,7,0,2.506,3.628
2014,7,4,8,0,2.432,3.252
2014,7,4,9,0,2.426,3.022
2014,7,4,10,0,2.802,3.35
2014,7,4,11,0,2.89,3.462
2014,7,4,12,0,3.902,4.91
2014,7,4,13,0,3.696,4.878
2014,7,4,14,0,3.692,5.336
2014,7,4,15,0,3.782,5.702
2014,7,4,16,0,3.822,6.16
2014,7,4,17,0,3.37,5.962
2014,7,4,18,0,2.968,5.896
2014,7,4,19,0,2.448,5.87
2014,7,4,20,0,2.492,5.584
2014,7,4,21,0,2.118,5.764
2014,7,4,22,0,2.472,6.324
2014,7,4,23,0,1.858,5.264
2014,7,5,0,0,1.686,5.292
2014,7,5,1,0,1.648,5.48
2014,7,5,2,0,1.888,5.604
2014,7,5,3,0,1.846,5.138
2014,7,5,4,0,1.756,4.308
2014,7,5,5,0,1.308,5.064
2014,7,5,6,0,2.024,4.336
2014,7,5,7,0,2.852,3.898
2014,7,5,8,0,3.374,4.262
2014,7,5,9,0,3.262,3.876
2014,7,5,10,0,3.384,3.87
2014,7,5,11,0,3.154,3.804
2014,7,5,12,0,3.412,3.986
2014,7,5,13,0,4.236,5.136
2014,7,5,14,0,4.37,5.39
2014,7,5,15,0,4.692,6.018
2014,7,5,16,0,4.796,6.544
2014,7,5,17,0,4.71,6.824
2014,7,5,18,0,3.84,6.766
2014,7,5,19,0,2.946,8.262
2014,7,5,20,0,2.614,8.222
2014,7,5,21,0,2.74,8.326
2014,7,5,22,0,2.68,8.164
2014,7,5,23,0,2.596,8.222
2014,7,6,0,0,2.378,7.706
2014,7,6,1,0,2.63,6.498
2014,7,6,2,0,2.206,5.894
2014,7,6,3,0,2.188,5.74
2014,7,6,4,0,1.916,5.87
2014,7,6,5,0,1.632,5.58
2014,7,6,6,0,2.962,5.13
2014,7,6,7,0,3.334,4.634
2014,7,6,8,0,3.694,4.878
2014,7,6,9,0,3.594,5.006
2014,7,6,10,0,3.246,4.862
2014,7,6,11,0,3.422,5.128
2014,7,6,12,0,3.86,5.542
2014,7,6,13,0,5.318,6.92
2014,7,6,14,0,5.58,7.382
2014,7,6,15,0,5.142,6.98
2014,7,6,16,0,4.526,6.412
2014,7,6,17,0,4.704,6.936
2014,7,6,18,0,3.994,7.598
2014,7,6,19,0,3.246,9.734
2014,7,6,20,0,3.276,10.188
2014,7,6,21,0,3.428,9.868
2014,7,6,22,0,2.776,8.458
2014,7,6,23,0,2.934,8.706
2014,7,7,0,0,2.726,8.168
2014,7,7,1,0,2.272,7.964
2014,7,7,2,0,2.268,7.652
2014,7,7,3,0,2.464,7.742
2014,7,7,4,0,2.372,7.066
2014,7,7,5,0,2.078,7.052
2014,7,7,6,0,3.188,6.06
2014,7,7,7,0,4.204,5.928
2014,7,7,8,0,4.284,5.704
2014,7,7,9,0,4.522,5.802
2014,7,7,10,0,4.836,6.064
2014,7,7,11,0,4.802,5.852
2014,7,7,12,0,4.84,5.88
2014,7,7,13,0,4.514,5.478
2014,7,7,14,0,4.384,5.422
2014,7,7,15,0,4.418,5.604
2014,7,7,16,0,4.588,5.94
2014,7,7,17,0,4.744,6.548
2014,7,7,18,0,3.972,6.396
2014,7,7,19,0,3.074,6.9
2014,7,7,20,0,2.764,7.676
2014,7,7,21,0,2.358,6.61
2014,7,7,22,0,1.748,6.138
2014,7,7,23,0,2.232,6.15
2014,7,8,0,0,1.836,5.324
2014,7,8,1,0,1.712,5.45
2014,7,8,2,0,1.776,5.16
2014,7,8,3,0,1.658,4.75
2014,7,8,4,0,1.808,4.71
2014,7,8,5,0,1.598,4.75
2014,7,8,6,0,1.704,3.738
2014,7,8,7,0,2.174,2.828
2014,7,8,8,0,2.236,2.752
2014,7,8,9,0,2.358,2.758
2014,7,8,10,0,2.674,3.15
2014,7,8,11,0,3.076,3.78
2014,7,8,12,0,2.858,3.5
2014,7,8,13,0,3.318,3.96
2014,7,8,14,0,4.334,5.196
2014,7,8,15,0,4.706,5.904
2014,7,8,16,0,4.678,6.14
2014,7,8,17,0,4.652,6.672
2014,7,8,18,0,4.034,6.834
2014,7,8,19,0,2.802,8.374
2014,7,8,20,0,2.492,8.488
2014,7,8,21,0,2.336,7.736
2014,7,8,22,0,1.488,7.16
2014,7,8,23,0,1.922,6.208
2014,7,9,0,0,2.114,6.446
2014,7,9,1,0,1.912,5.528
2014,7,9,2,0,1.982,6.258
2014,7,9,3,0,1.684,5.184
2014,7,9,4,0,1.528,5.03
2014,7,9,5,0,1.288,5.142
2014,7,9,6,0,2.1,4.886
2014,7,9,7,0,2.714,3.592
2014,7,9,8,0,2.892,3.598
2014,7,9,9,0,2.86,3.322
2014,7,9,10,0,3.19,3.65
2014,7,9,11,0,3.54,4.072
2014,7,9,12,0,3.438,3.926
2014,7,9,13,0,3.32,3.936
2014,7,9,14,0,3.666,4.326
2014,7,9,15,0,4.52,5.518
2014,7,9,16,0,4.18,5.476
2014,7,9,17,0,4.854,7.21
2014,7,9,18,0,4.25,7.34
2014,7,9,19,0,2.82,8.156
2014,7,9,20,0,2.548,8.778
2014,7,9,21,0,2.446,8.076
2014,7,9,22,0,2.23,7.632
2014,7,9,23,0,1.992,6.772
2014,7,10,0,0,1.99,6.512
2014,7,10,1,0,1.958,6.544
2014,7,10,2,0,1.904,5.906
2014,7,10,3,0,1.956,4.892
2014,7,10,4,0,1.822,4.688
2014,7,10,5,0,1.718,4.366
2014,7,10,6,0,2.01,4.092
2014,7,10,7,0,2.536,3.306
2014,7,10,8,0,2.414,2.884
2014,7,10,9,0,2.474,2.776
2014,7,10,10,0,3.044,3.358
2014,7,10,11,0,3.11,3.43
2014,7,10,12,0,3.4,3.82
2014,7,10,13,0,3.346,3.76
2014,7,10,14,0,3.572,4.072
2014,7,10,15,0,4.012,4.832
2014,7,10,16,0,4.012,5.04
2014,7,10,17,0,3.59,4.744
2014,7,10,18,0,2.65,4.268
2014,7,10,19,0,2.596,6.876
2014,7,10,20,0,2.278,6.606
2014,7,10,21,0,1.782,6.02
2014,7,10,22,0,1.964,5.486
2014,7,10,23,0,1.924,6.348
2014,7,11,0,0,1.914,5.948
2014,7,11,1,0,1.918,5.734
2014,7,11,2,0,1.91,5.566
2014,7,11,3,0,1.54,5.23
2014,7,11,4,0,1.384,5.058
2014,7,11,5,0,0.898,4.516
2014,7,11,6,0,1.746,4.014
2014,7,11,7,0,2.384,2.982
2014,7,11,8,0,2.286,2.604
2014,7,11,9,0,2.536,2.84
2014,7,11,10,0,2.958,3.332
2014,7,11,11,0,2.824,3.196
2014,7,11,12,0,3.448,3.816
2014,7,11,13,0,3.728,4.24
2014,7,11,14,0,3.792,4.364
2014,7,11,15,0,3.546,4.466
2014,7,11,16,0,3.75,4.668
2014,7,11,17,0,4.104,5.55
2014,7,11,18,0,3.396,5.368
2014,7,11,19,0,2.276,6.014
2014,7,11,20,0,2.026,6.622
2014,7,11,21,0,1.86,7.034
2014,7,11,22,0,1.726,6.94
2014,7,11,23,0,1.716,6.524
2014,7,12,0,0,1.92,6.22
2014,7,12,1,0,1.62,5.832
2014,7,12,2,0,1.502,5.672
2014,7,12,3,0,1.704,5.174
2014,7,12,4,0,1.65,4.476
2014,7,12,5,0,1.49,4.412
2014,7,12,6,0,2.146,4.088
2014,7,12,7,0,2.21,3.516
2014,7,12,8,0,2.504,3.232
2014,7,12,9,0,2.88,3.592
2014,7,12,10,0,3.464,4.162
2014,7,12,11,0,4.074,4.816
2014,7,12,12,0,4.282,5.206
2014,7,12,13,0,4.468,5.532
2014,7,12,14,0,4.18,5.158
2014,7,12,15,0,4.582,5.96
2014,7,12,16,0,4.886,6.546
2014,7,12,17,0,4.52,6.312
2014,7,12,18,0,3.924,6.274
2014,7,12,19,0,2.974,7.588
2014,7,12,20,0,2.816,7.478
2014,7,12,21,0,2.336,8.31
2014,7,12,22,0,2.238,8.004
2014,7,12,23,0,2.478,8.438
2014,7,13,0,0,2.592,8.514
2014,7,13,1,0,2.412,8.3
2014,7,13,2,0,2.406,8.26
2014,7,13,3,0,2.004,7.472
2014,7,13,4,0,2.192,7.072
2014,7,13,5,0,1.846,6.7
2014,7,13,6,0,2.406,5.894
2014,7,13,7,0,3.626,5.034
2014,7,13,8,0,3.864,4.974
2014,7,13,9,0,4.236,5.342
2014,7,13,10,0,4.408,5.398
2014,7,13,11,0,4.574,5.546
2014,7,13,12,0,4.33,5.544
2014,7,13,13,0,4.358,5.634
2014,7,13,14,0,4.77,6.41
2014,7,13,15,0,5.128,7.16
2014,7,13,16,0,5.182,7.63
2014,7,13,17,0,4.548,7.728
2014,7,13,18,0,4.066,7.634
2014,7,13,19,0,2.666,8.138
2014,7,13,20,0,2.338,8.434
2014,7,13,21,0,2.62,8.436
2014,7,13,22,0,2.594,7.988
2014,7,13,23,0,2.652,8.242
2014,7,14,0,0,2.67,8.48
2014,7,14,1,0,2.354,6.984
2014,7,14,2,0,2.15,5.994
2014,7,14,3,0,2.114,6.382
2014,7,14,4,0,1.734,5.916
2014,7,14,5,0,2.046,6.814
2014,7,14,6,0,2.608,6.072
2014,7,14,7,0,3.988,5.652
2014,7,14,8,0,4.476,6.098
2014,7,14,9,0,4.962,6.58
2014,7,14,10,0,4.672,6.182
2014,7,14,11,0,4.746,6.014
2014,7,14,12,0,4.954,6.256
2014,7,14,13,0,4.628,6.02
2014,7,14,14,0,4.584,5.838
2014,7,14,15,0,4.834,6.198
2014,7,14,16,0,5.114,7.138
2014,7,14,17,0,4.92,7.086
2014,7,14,18,0,4.028,7.174
2014,7,14,19,0,2.964,8.398
2014,7,14,20,0,2.526,8.412
2014,7,14,21,0,2.506,8.662
2014,7,14,22,0,2.434,8.396
2014,7,14,23,0,2.552,8.298
2014,7,15,0,0,2.484,7.382
2014,7,15,1,0,2.352,7.698
2014,7,15,2,0,2.29,7.862
2014,7,15,3,0,2.462,7.822
2014,7,15,4,0,2.432,7.492
2014,7,15,5,0,2.532,7.014
2014,7,15,6,0,3.158,6.462
2014,7,15,7,0,4.502,6.504
2014,7,15,8,0,4.822,6.69
2014,7,15,9,0,4.778,6.306
2014,7,15,10,0,4.626,5.934
2014,7,15,11,0,5.04,6.44
2014,7,15,12,0,5.108,6.64
2014,7,15,13,0,5.154,6.802
2014,7,15,14,0,4.994,6.55
2014,7,15,15,0,4.99,6.572
2014,7,15,16,0,4.928,6.74
2014,7,15,17,0,4.606,6.692
2014,7,15,18,0,3.354,6.492
2014,7,15,19,0,2.774,8.472
2014,7,15,20,0,2.948,8.53
2014,7,15,21,0,3.022,8.878
2014,7,15,22,0,2.846,8.206
2014,7,15,23,0,2.842,7.852
2014,7,16,0,0,3.04,8.46
2014,7,16,1,0,2.882,8.454
2014,7,16,2,0,2.744,8.47
2014,7,16,3,0,2.52,7.764
2014,7,16,4,0,2.588,7.5
2014,7,16,5,0,2.452,6.962
2014,7,16,6,0,3.036,6.1
2014,7,16,7,0,3.612,4.968
2014,7,16,8,0,3.966,5.16
2014,7,16,9,0,4.298,5.378
2014,7,16,10,0,4.3,5.328
2014,7,16,11,0,4.108,5.012
2014,7,16,12,0,3.512,4.318
2014,7,16,13,0,4.248,5.188
2014,7,16,14,0,4.576,5.568
2014,7,16,15,0,4.412,5.502
2014,7,16,16,0,4.53,5.958
2014,7,16,17,0,4.27,6.054
2014,7,16,18,0,3.746,6.534
2014,7,16,19,0,2.36,7.204
2014,7,16,20,0,2.51,8.214
2014,7,16,21,0,1.914,7.806
2014,7,16,22,0,2.16,7.574
2014,7,16,23,0,2.18,7.774
2014,7,17,0,0,2.1,7.276
2014,7,17,1,0,2.158,7.478
2014,7,17,2,0,2.184,7.38
2014,7,17,3,0,1.94,6.548
2014,7,17,4,0,2.016,6.28
2014,7,17,5,0,1.708,6.262
2014,7,17,6,0,2.242,5.318
2014,7,17,7,0,2.982,4.02
2014,7,17,8,0,3.272,3.998
2014,7,17,9,0,3.406,3.97
2014,7,17,10,0,3.79,4.34
2014,7,17,11,0,4.076,4.646
2014,7,17,12,0,4.85,5.832
2014,7,17,13,0,4.88,5.964
2014,7,17,14,0,4.544,5.648
2014,7,17,15,0,4.368,5.492
2014,7,17,16,0,3.902,5.208
2014,7,17,17,0,4.068,5.756
2014,7,17,18,0,3.06,5.97
2014,7,17,19,0,2.638,7.532
2014,7,17,20,0,2.482,7.024
2014,7,17,21,0,2.298,6.784
2014,7,17,22,0,1.844,6.352
2014,7,17,23,0,2.022,6.134
2014,7,18,0,0,1.716,6.416
2014,7,18,1,0,2.284,6.974
2014,7,18,2,0,2.208,6.16
2014,7,18,3,0,2.078,5.944
2014,7,18,4,0,1.858,6.362
2014,7,18,5,0,2.01,6.828
2014,7,18,6,0,2.498,6.066
2014,7,18,7,0,3.344,4.858
2014,7,18,8,0,3.054,3.956
2014,7,18,9,0,2.602,3.036
2014,7,18,10,0,2.12,2.344
2014,7,18,11,0,2.44,2.714
2014,7,18,12,0,3.416,3.808
2014,7,18,13,0,4.034,4.644
2014,7,18,14,0,3.936,4.612
2014,7,18,15,0,4.536,5.556
2014,7,18,16,0,4.492,5.982
2014,7,18,17,0,4.202,6.008
2014,7,18,18,0,3.48,6.348
2014,7,18,19,0,2.532,7.92
2014,7,18,20,0,2.172,7.988
2014,7,18,21,0,1.978,7.752
2014,7,18,22,0,2.31,6.108
2014,7,18,23,0,1.928,5.458
2014,7,19,0,0,2.204,5.852
2014,7,19,1,0,2.21,5.97
2014,7,19,2,0,1.78,5.01
2014,7,19,3,0,2.014,5.132
2014,7,19,4,0,2.094,4.832
2014,7,19,5,0,1.904,4.788
2014,7,19,6,0,1.716,4.136
2014,7,19,7,0,2.69,3.546
2014,7,19,8,0,2.742,3.188
2014,7,19,9,0,2.626,2.968
2014,7,19,10,0,2.574,2.848
2014,7,19,11,0,2.53,2.784
2014,7,19,12,0,2.82,3.138
2014,7,19,13,0,3.19,3.524
2014,7,19,14,0,4.088,4.656
2014,7,19,15,0,3.782,4.446
2014,7,19,16,0,4.124,5.328
2014,7,19,17,0,4.288,6.044
2014,7,19,18,0,3.328,6.364
2014,7,19,19,0,2.442,6.71
2014,7,19,20,0,1.944,7.002
2014,7,19,21,0,1.948,6.994
2014,7,19,22,0,1.79,7.358
2014,7,19,23,0,1.432,6.592
2014,7,20,0,0,1.5,5.54
2014,7,20,1,0,1.786,6.222
2014,7,20,2,0,1.726,6.47
2014,7,20,3,0,1.716,5.836
2014,7,20,4,0,1.514,5.7
2014,7,20,5,0,1.548,6.05
2014,7,20,6,0,1.914,5.546
2014,7,20,7,0,3.048,4.206
2014,7,20,8,0,3.692,4.802
2014,7,20,9,0,3.814,4.724
2014,7,20,10,0,3.896,4.756
2014,7,20,11,0,4.26,5.18
2014,7,20,12,0,3.974,4.808
2014,7,20,13,0,4.608,5.604
2014,7,20,14,0,5.208,6.574
2014,7,20,15,0,5.4,7.218
2014,7,20,16,0,5.108,7.152
2014,7,20,17,0,4.74,6.888
2014,7,20,18,0,3.602,6.314
2014,7,20,19,0,2.558,7.386
2014,7,20,20,0,2.058,6.932
2014,7,20,21,0,2.342,7.296
2014,7,20,22,0,2.012,6.888
2014,7,20,23,0,2.058,6.598
2014,7,21,0,0,1.694,6.576
2014,7,21,1,0,1.862,6.236
2014,7,21,2,0,1.852,6.45
2014,7,21,3,0,1.968,6.476
2014,7,21,4,0,2.03,5.972
2014,7,21,5,0,1.868,5.934
2014,7,21,6,0,1.868,5.228
2014,7,21,7,0,2.862,4.412
2014,7,21,8,0,3.412,4.546
2014,7,21,9,0,3.388,4.23
2014,7,21,10,0,3.856,4.812
2014,7,21,11,0,3.876,4.714
2014,7,21,12,0,4.022,5.1
2014,7,21,13,0,4.67,6.288
2014,7,21,14,0,5.226,6.82
2014,7,21,15,0,4.922,6.662
2014,7,21,16,0,4.916,6.84
2014,7,21,17,0,4.406,6.742
2014,7,21,18,0,3.006,6.406
2014,7,21,19,0,2.3,8.168
2014,7,21,20,0,2.898,8.896
2014,7,21,21,0,2.302,7.818
2014,7,21,22,0,2.242,6.962
2014,7,21,23,0,2.182,7.074
2014,7,22,0,0,2.214,7.96
2014,7,22,1,0,2.374,8.086
2014,7,22,2,0,2.162,7.46
2014,7,22,3,0,2.254,7.472
2014,7,22,4,0,2.258,6.868
2014,7,22,5,0,2.428,7.472
2014,7,22,6,0,2.726,6.248
2014,7,22,7,0,3.836,5.436
2014,7,22,8,0,3.794,4.862
2014,7,22,9,0,4.004,5.042
2014,7,22,10,0,4.162,4.928
2014,7,22,11,0,3.84,4.912
2014,7,22,12,0,3.844,4.52
2014,7,22,13,0,3.754,4.68
2014,7,22,14,0,3.628,4.378
2014,7,22,15,0,3.9,4.792
2014,7,22,16,0,4.018,5.218
2014,7,22,17,0,3.748,5.404
2014,7,22,18,0,3.19,6.498
2014,7,22,19,0,2.47,6.986
2014,7,22,20,0,2.052,6.9
2014,7,22,21,0,2.336,6.932
2014,7,22,22,0,2.394,7.578
2014,7,22,23,0,2.68,7.968
2014,7,23,0,0,2.224,7.304
2014,7,23,1,0,2.16,6.434
2014,7,23,2,0,2.144,6.302
2014,7,23,3,0,2.042,6.156
2014,7,23,4,0,2.03,5.936
2014,7,23,5,0,2.0,5.916
2014,7,23,6,0,2.114,5.286
2014,7,23,7,0,2.568,3.49
2014,7,23,8,0,2.71,3.774
2014,7,23,9,0,3.248,3.92
2014,7,23,10,0,3.346,3.974
2014,7,23,11,0,3.24,3.774
2014,7,23,12,0,4.004,4.77
2014,7,23,13,0,4.078,5.02
2014,7,23,14,0,3.896,4.714
2014,7,23,15,0,4.086,4.912
2014,7,23,16,0,4.304,5.61
2014,7,23,17,0,4.226,5.836
2014,7,23,18,0,3.27,5.68
2014,7,23,19,0,2.642,7.08
2014,7,23,20,0,2.634,7.772
2014,7,23,21,0,2.502,7.21
2014,7,23,22,0,2.266,6.72
2014,7,23,23,0,2.252,6.274
2014,7,24,0,0,1.766,5.984
2014,7,24,1,0,1.878,6.372
2014,7,24,2,0,1.836,6.322
2014,7,24,3,0,1.984,6.21
2014,7,24,4,0,1.702,5.934
2014,7,24,5,0,1.898,5.844
2014,7,24,6,0,1.998,5.43
2014,7,24,7,0,2.952,4.842
2014,7,24,8,0,2.972,4.704
2014,7,24,9,0,3.114,4.908
2014,7,24,10,0,3.86,4.986
2014,7,24,11,0,4.124,4.884
2014,7,24,12,0,4.108,4.822
2014,7,24,13,0,4.292,5.128
2014,7,24,14,0,3.982,4.788
2014,7,24,15,0,4.004,4.914
2014,7,24,16,0,3.356,4.244
2014,7,24,17,0,2.924,3.862
2014,7,24,18,0,2.766,5.248
2014,7,24,19,0,2.466,6.408
2014,7,24,20,0,2.256,6.532
2014,7,24,21,0,1.998,6.634
2014,7,24,22,0,2.194,6.636
2014,7,24,23,0,2.37,5.984
2014,7,25,0,0,2.24,5.832
2014,7,25,1,0,2.124,5.618
2014,7,25,2,0,2.062,5.642
2014,7,25,3,0,1.994,5.164
2014,7,25,4,0,2.1,5.102
2014,7,25,5,0,1.996,4.974
2014,7,25,6,0,1.7,5.032
2014,7,25,7,0,3.144,4.596
2014,7,25,8,0,2.952,3.956
2014,7,25,9,0,2.888,3.704
2014,7,25,10,0,2.956,3.772
2014,7,25,11,0,3.456,4.286
2014,7,25,12,0,3.574,4.276
2014,7,25,13,0,3.52,4.412
2014,7,25,14,0,3.428,4.296
2014,7,25,15,0,4.0,4.938
2014,7,25,16,0,4.514,5.742
2014,7,25,17,0,4.304,5.914
2014,7,25,18,0,3.454,6.128
2014,7,25,19,0,2.448,7.354
2014,7,25,20,0,2.066,7.288
2014,7,25,21,0,2.006,7.154
2014,7,25,22,0,1.942,7.078
2014,7,25,23,0,1.844,6.986
2014,7,26,0,0,2.058,7.006
2014,7,26,1,0,1.82,6.428
2014,7,26,2,0,1.964,6.05
2014,7,26,3,0,1.756,5.394
2014,7,26,4,0,2.152,5.354
2014,7,26,5,0,1.892,5.69
2014,7,26,6,0,1.902,4.578
2014,7,26,7,0,2.59,4.434
2014,7,26,8,0,3.408,4.54
2014,7,26,9,0,3.762,4.854
2014,7,26,10,0,3.83,4.986
2014,7,26,11,0,3.946,5.498
2014,7,26,12,0,4.016,4.928
2014,7,26,13,0,4.556,5.916
2014,7,26,14,0,4.526,5.624
2014,7,26,15,0,4.174,5.274
2014,7,26,16,0,4.448,5.99
2014,7,26,17,0,4.378,6.31
2014,7,26,18,0,3.434,6.866
2014,7,26,19,0,2.818,7.614
2014,7,26,20,0,2.308,7.75
2014,7,26,21,0,2.084,7.714
2014,7,26,22,0,1.814,6.936
2014,7,26,23,0,2.106,6.608
2014,7,27,0,0,1.646,6.396
2014,7,27,1,0,1.938,6.686
2014,7,27,2,0,1.59,5.858
2014,7,27,3,0,1.87,5.634
2014,7,27,4,0,1.768,5.536
2014,7,27,5,0,1.81,5.394
2014,7,27,6,0,1.644,4.646
2014,7,27,7,0,2.532,3.454
2014,7,27,8,0,2.612,3.246
2014,7,27,9,0,2.66,3.104
2014,7,27,10,0,3.238,3.688
2014,7,27,11,0,3.748,4.336
2014,7,27,12,0,4.08,4.736
2014,7,27,13,0,4.738,5.676
2014,7,27,14,0,4.496,5.502
2014,7,27,15,0,4.886,6.364
2014,7,27,16,0,4.908,6.714
2014,7,27,17,0,4.75,6.852
2014,7,27,18,0,3.942,6.84
2014,7,27,19,0,2.576,7.576
2014,7,27,20,0,2.396,8.282
2014,7,27,21,0,2.18,8.124
2014,7,27,22,0,2.414,8.402
2014,7,27,23,0,2.246,7.81
2014,7,28,0,0,2.48,7.824
2014,7,28,1,0,2.384,8.176
2014,7,28,2,0,2.312,7.246
2014,7,28,3,0,2.132,6.91
2014,7,28,4,0,2.032,6.904
2014,7,28,5,0,1.944,6.698
2014,7,28,6,0,2.378,5.64
2014,7,28,7,0,3.43,4.76
2014,7,28,8,0,3.872,5.116
2014,7,28,9,0,4.102,5.212
2014,7,28,10,0,4.52,5.6
2014,7,28,11,0,4.986,6.138
2014,7,28,12,0,5.354,6.772
2014,7,28,13,0,5.128,6.64
2014,7,28,14,0,5.496,7.23
2014,7,28,15,0,5.76,7.78
2014,7,28,16,0,5.468,7.844
2014,7,28,17,0,5.372,8.29
2014,7,28,18,0,4.35,8.824
2014,7,28,19,0,3.564,10.154
2014,7,28,20,0,3.284,9.88
2014,7,28,21,0,2.798,8.98
2014,7,28,22,0,2.144,8.006
2014,7,28,23,0,1.954,6.958
2014,7,29,0,0,1.95,6.37
2014,7,29,1,0,2.166,6.536
2014,7,29,2,0,2.106,6.014
2014,7,29,3,0,2.29,6.824
2014,7,29,4,0,1.91,6.574
2014,7,29,5,0,2.1,5.994
2014,7,29,6,0,1.344,4.71
2014,7,29,7,0,2.618,3.616
2014,7,29,8,0,2.724,3.38
2014,7,29,9,0,2.756,3.516
2014,7,29,10,0,3.522,4.404
2014,7,29,11,0,3.996,5.0
2014,7,29,12,0,5.038,6.292
2014,7,29,13,0,4.904,6.114
2014,7,29,14,0,5.214,6.668
2014,7,29,15,0,5.002,6.546
2014,7,29,16,0,5.134,7.104
2014,7,29,17,0,5.034,7.724
2014,7,29,18,0,3.37,7.486
2014,7,29,19,0,2.796,8.772
2014,7,29,20,0,2.704,8.718
2014,7,29,21,0,2.28,8.264
2014,7,29,22,0,2.282,8.058
2014,7,29,23,0,2.046,7.734
2014,7,30,0,0,2.168,6.974
2014,7,30,1,0,2.226,6.574
2014,7,30,2,0,1.606,6.414
2014,7,30,3,0,1.512,5.57
2014,7,30,4,0,1.592,4.398
2014,7,30,5,0,0.964,3.686
2014,7,30,6,0,1.02,3.35
2014,7,30,7,0,1.836,2.392
2014,7,30,8,0,2.054,2.456
2014,7,30,9,0,2.212,2.516
2014,7,30,10,0,2.152,2.484
2014,7,30,11,0,2.886,3.39
2014,7,30,12,0,3.718,4.406
2014,7,30,13,0,5.052,6.194
2014,7,30,14,0,4.944,6.158
2014,7,30,15,0,4.84,6.39
2014,7,30,16,0,4.742,6.454
2014,7,30,17,0,4.4,6.296
2014,7,30,18,0,3.048,6.06
2014,7,30,19,0,2.58,7.498
2014,7,30,20,0,2.524,8.354
2014,7,30,21,0,2.292,8.27
2014,7,30,22,0,2.262,8.212
2014,7,30,23,0,2.37,7.82
2014,7,31,0,0,2.042,6.9
2014,7,31,1,0,1.71,6.584
2014,7,31,2,0,1.684,6.382
2014,7,31,3,0,1.844,6.104
2014,7,31,4,0,1.788,6.492
2014,7,31,5,0,1.536,5.866
2014,7,31,6,0,1.268,4.312
2014,7,31,7,0,2.218,3.048
2014,7,31,8,0,2.562,3.092
2014,7,31,9,0,2.692,3.08
2014,7,31,10,0,2.752,3.106
2014,7,31,11,0,2.896,3.182
2014,7,31,12,0,4.37,4.976
2014,7,31,13,0,4.13,5.048
2014,7,31,14,0,4.602,6.222
2014,7,31,15,0,4.156,5.33
2014,7,31,16,0,4.54,7.31
2014,7,31,17,0,4.798,8.424
2014,7,31,18,0,2.782,6.038
2014,7,31,19,0,2.158,6.95
2014,7,31,20,0,2.186,6.884
2014,7,31,21,0,1.804,7.202
2014,7,31,22,0,1.964,6.328
2014,7,31,23,0,2.256,6.672
2014,8,1,0,0,1.984,7.064
2014,8,1,1,0,2.212,7.188
2014,8,1,2,0,2.252,7.354
2014,8,1,3,0,2.082,6.98
2014,8,1,4,0,2.03,6.316
2014,8,1,5,0,1.596,5.598
2014,8,1,6,0,1.434,4.898
2014,8,1,7,0,2.258,3.142
2014,8,1,8,0,2.034,2.53
2014,8,1,9,0,2.6,3.07
2014,8,1,10,0,3.002,3.544
2014,8,1,11,0,3.338,3.958
2014,8,1,12,0,4.448,5.33
2014,8,1,13,0,4.386,5.274
2014,8,1,14,0,4.234,5.172
2014,8,1,15,0,4.884,6.26
2014,8,1,16,0,4.64,6.328
2014,8,1,17,0,4.296,6.638
2014,8,1,18,0,3.43,7.014
2014,8,1,19,0,2.5,7.622
2014,8,1,20,0,2.682,8.288
2014,8,1,21,0,2.592,8.418
2014,8,1,22,0,2.16,7.648
2014,8,1,23,0,2.146,6.934
2014,8,2,0,0,2.2,6.45
2014,8,2,1,0,2.23,5.802
2014,8,2,2,0,2.184,6.014
2014,8,2,3,0,2.156,6.112
2014,8,2,4,0,2.106,5.654
2014,8,2,5,0,1.996,4.756
2014,8,2,6,0,1.712,4.772
2014,8,2,7,0,2.702,4.674
2014,8,2,8,0,3.498,4.582
2014,8,2,9,0,3.5,4.916
2014,8,2,10,0,3.862,4.796
2014,8,2,11,0,4.398,5.57
2014,8,2,12,0,4.628,6.066
2014,8,2,13,0,5.128,7.266
2014,8,2,14,0,5.584,8.202
2014,8,2,15,0,5.24,8.064
2014,8,2,16,0,5.234,7.94
2014,8,2,17,0,5.156,7.972
2014,8,2,18,0,4.32,8.372
2014,8,2,19,0,3.182,9.164
2014,8,2,20,0,3.072,8.912
2014,8,2,21,0,2.828,8.294
2014,8,2,22,0,2.668,7.402
2014,8,2,23,0,2.606,8.0
2014,8,3,0,0,2.426,7.434
2014,8,3,1,0,2.108,6.762
2014,8,3,2,0,2.1,6.816
2014,8,3,3,0,1.978,6.616
2014,8,3,4,0,1.662,6.488
2014,8,3,5,0,1.466,6.412
2014,8,3,6,0,2.13,5.86
2014,8,3,7,0,3.14,4.466
2014,8,3,8,0,3.91,5.168
2014,8,3,9,0,4.116,5.29
2014,8,3,10,0,4.262,5.46
2014,8,3,11,0,4.37,5.648
2014,8,3,12,0,4.902,6.246
2014,8,3,13,0,5.032,6.632
2014,8,3,14,0,5.142,7.0
2014,8,3,15,0,5.226,7.188
2014,8,3,16,0,5.258,7.434
2014,8,3,17,0,4.766,7.482
2014,8,3,18,0,3.826,8.142
2014,8,3,19,0,3.35,9.196
2014,8,3,20,0,2.986,9.038
2014,8,3,21,0,2.754,8.86
2014,8,3,22,0,2.92,8.606
2014,8,3,23,0,2.506,7.536
2014,8,4,0,0,2.454,7.78
2014,8,4,1,0,1.786,6.77
2014,8,4,2,0,2.146,6.656
2014,8,4,3,0,1.884,6.09
2014,8,4,4,0,1.724,6.146
2014,8,4,5,0,1.638,5.828
2014,8,4,6,0,1.43,4.562
2014,8,4,7,0,3.138,4.454
2014,8,4,8,0,3.552,5.046
2014,8,4,9,0,4.012,5.122
2014,8,4,10,0,4.272,5.616
2014,8,4,11,0,4.38,5.692
2014,8,4,12,0,3.65,5.55
2014,8,4,13,0,4.092,5.372
2014,8,4,14,0,4.622,5.784
2014,8,4,15,0,4.866,6.404
2014,8,4,16,0,4.492,6.06
2014,8,4,17,0,3.928,5.786
2014,8,4,18,0,2.434,5.508
2014,8,4,19,0,2.31,6.822
2014,8,4,20,0,2.108,6.724
2014,8,4,21,0,2.282,6.972
2014,8,4,22,0,1.878,6.98
2014,8,4,23,0,2.048,6.948
2014,8,5,0,0,2.378,6.552
2014,8,5,1,0,2.392,6.014
2014,8,5,2,0,2.168,6.2
2014,8,5,3,0,2.53,7.016
2014,8,5,4,0,1.954,5.588
2014,8,5,5,0,1.318,4.814
2014,8,5,6,0,1.26,5.136
2014,8,5,7,0,2.83,4.78
2014,8,5,8,0,3.11,4.154
2014,8,5,9,0,3.002,3.982
2014,8,5,10,0,3.33,3.782
2014,8,5,11,0,3.856,4.56
2014,8,5,12,0,3.604,4.462
2014,8,5,13,0,3.672,4.224
2014,8,5,14,0,3.238,4.272
2014,8,5,15,0,3.326,4.46
2014,8,5,16,0,3.06,4.794
2014,8,5,17,0,3.138,4.604
2014,8,5,18,0,1.884,4.572
2014,8,5,19,0,2.062,6.0
2014,8,5,20,0,1.646,6.7
2014,8,5,21,0,1.63,6.418
2014,8,5,22,0,1.722,7.15
2014,8,5,23,0,2.306,7.22
2014,8,6,0,0,2.354,7.052
2014,8,6,1,0,1.718,6.334
2014,8,6,2,0,1.802,6.302
2014,8,6,3,0,1.606,6.166
2014,8,6,4,0,1.66,5.874
2014,8,6,5,0,1.732,5.436
2014,8,6,6,0,1.35,4.67
2014,8,6,7,0,2.304,3.432
2014,8,6,8,0,2.604,3.214
2014,8,6,9,0,2.718,3.256
2014,8,6,10,0,3.346,3.822
2014,8,6,11,0,3.336,3.808
2014,8,6,12,0,3.73,4.24
2014,8,6,13,0,4.18,4.858
2014,8,6,14,0,3.786,4.434
2014,8,6,15,0,3.822,4.656
2014,8,6,16,0,3.448,4.52
2014,8,6,17,0,3.06,4.512
2014,8,6,18,0,2.488,4.926
2014,8,6,19,0,2.022,5.83
2014,8,6,20,0,2.004,6.398
2014,8,6,21,0,2.018,5.728
2014,8,6,22,0,2.096,5.69
2014,8,6,23,0,1.818,5.624
2014,8,7,0,0,1.85,5.506
2014,8,7,1,0,1.944,5.53
2014,8,7,2,0,1.85,4.842
2014,8,7,3,0,1.826,4.592
2014,8,7,4,0,1.588,4.87
2014,8,7,5,0,1.59,5.412
2014,8,7,6,0,1.284,5.1
2014,8,7,7,0,2.544,3.638
2014,8,7,8,0,2.878,3.598
2014,8,7,9,0,3.094,3.702
2014,8,7,10,0,3.18,3.652
2014,8,7,11,0,3.506,4.016
2014,8,7,12,0,4.144,4.82
2014,8,7,13,0,4.3,4.986
2014,8,7,14,0,4.756,5.864
2014,8,7,15,0,4.606,6.096
2014,8,7,16,0,4.464,6.214
2014,8,7,17,0,4.008,6.272
2014,8,7,18,0,2.532,6.458
2014,8,7,19,0,2.67,7.752
2014,8,7,20,0,2.41,8.278
2014,8,7,21,0,2.12,7.016
2014,8,7,22,0,2.07,6.908
2014,8,7,23,0,2.144,6.73
2014,8,8,0,0,2.04,6.692
2014,8,8,1,0,2.272,7.142
2014,8,8,2,0,2.204,6.906
2014,8,8,3,0,2.012,6.78
2014,8,8,4,0,1.916,6.416
2014,8,8,5,0,2.066,6.292
2014,8,8,6,0,1.83,6.164
2014,8,8,7,0,3.086,4.93
2014,8,8,8,0,3.584,4.666
2014,8,8,9,0,3.51,4.334
2014,8,8,10,0,3.608,4.314
2014,8,8,11,0,4.436,5.388
2014,8,8,12,0,4.872,6.08
2014,8,8,13,0,4.888,6.17
2014,8,8,14,0,4.834,6.14
2014,8,8,15,0,4.81,6.32
2014,8,8,16,0,4.598,6.44
2014,8,8,17,0,4.518,6.79
2014,8,8,18,0,2.914,7.288
2014,8,8,19,0,2.42,7.688
2014,8,8,20,0,2.11,6.136
2014,8,8,21,0,2.024,6.234
2014,8,8,22,0,2.038,6.556
2014,8,8,23,0,1.958,6.382
2014,8,9,0,0,2.008,6.202
2014,8,9,1,0,1.842,5.288
2014,8,9,2,0,1.64,3.96
2014,8,9,3,0,1.674,4.358
2014,8,9,4,0,1.528,4.826
2014,8,9,5,0,1.004,4.444
2014,8,9,6,0,0.94,4.156
2014,8,9,7,0,2.672,3.766
2014,8,9,8,0,2.9,3.784
2014,8,9,9,0,3.166,3.876
2014,8,9,10,0,3.23,3.836
2014,8,9,11,0,3.632,4.184
2014,8,9,12,0,4.226,5.15
2014,8,9,13,0,4.074,4.896
2014,8,9,14,0,3.93,4.808
2014,8,9,15,0,4.94,6.324
2014,8,9,16,0,4.632,6.184
2014,8,9,17,0,4.204,6.172
2014,8,9,18,0,2.718,6.472
2014,8,9,19,0,1.838,7.056
2014,8,9,20,0,1.472,7.662
2014,8,9,21,0,2.062,7.034
2014,8,9,22,0,2.318,7.566
2014,8,9,23,0,1.946,6.864
2014,8,10,0,0,2.142,7.018
2014,8,10,1,0,1.8,6.134
2014,8,10,2,0,1.698,5.312
2014,8,10,3,0,1.736,5.372
2014,8,10,4,0,1.594,5.398
2014,8,10,5,0,1.612,5.026
2014,8,10,6,0,1.166,4.654
2014,8,10,7,0,2.332,3.656
2014,8,10,8,0,2.68,3.642
2014,8,10,9,0,3.368,4.106
2014,8,10,10,0,3.692,4.404
2014,8,10,11,0,4.212,5.106
2014,8,10,12,0,4.94,6.148
2014,8,10,13,0,4.918,6.26
2014,8,10,14,0,5.384,7.106
2014,8,10,15,0,4.888,7.04
2014,8,10,16,0,4.52,6.726
2014,8,10,17,0,4.312,7.43
2014,8,10,18,0,3.102,7.704
2014,8,10,19,0,2.366,8.014
2014,8,10,20,0,2.926,8.364
2014,8,10,21,0,2.618,7.488
2014,8,10,22,0,2.75,7.912
2014,8,10,23,0,2.702,7.792
2014,8,11,0,0,2.626,7.826
2014,8,11,1,0,2.524,7.358
2014,8,11,2,0,2.506,7.272
2014,8,11,3,0,2.486,7.37
2014,8,11,4,0,2.778,7.762
2014,8,11,5,0,2.86,7.858
2014,8,11,6,0,2.12,7.12
2014,8,11,7,0,3.492,7.228
2014,8,11,8,0,3.164,4.824
2014,8,11,9,0,4.336,6.81
2014,8,11,10,0,4.17,6.894
2014,8,11,11,0,3.952,6.188
2014,8,11,12,0,4.694,6.532
2014,8,11,13,0,4.4,7.316
2014,8,11,14,0,4.414,7.42
2014,8,11,15,0,4.898,7.608
2014,8,11,16,0,4.8,7.778
2014,8,11,17,0,3.852,6.252
2014,8,11,18,0,2.584,5.83
2014,8,11,19,0,2.418,6.59
2014,8,11,20,0,2.75,7.944
2014,8,11,21,0,2.858,7.904
2014,8,11,22,0,3.036,7.878
2014,8,11,23,0,3.1,8.642
2014,8,12,0,0,2.818,7.298
2014,8,12,1,0,3.164,6.632
2014,8,12,2,0,3.318,8.658
2014,8,12,3,0,3.022,8.514
2014,8,12,4,0,2.342,7.506
2014,8,12,5,0,2.378,7.224
2014,8,12,6,0,2.342,6.25
2014,8,12,7,0,3.206,4.854
2014,8,12,8,0,3.684,5.29
2014,8,12,9,0,4.128,5.782
2014,8,12,10,0,4.518,5.798
2014,8,12,11,0,4.216,5.318
2014,8,12,12,0,3.792,4.948
2014,8,12,13,0,4.74,5.946
2014,8,12,14,0,4.874,6.182
2014,8,12,15,0,4.716,6.364
2014,8,12,16,0,4.478,6.416
2014,8,12,17,0,4.57,7.708
2014,8,12,18,0,2.392,6.608
2014,8,12,19,0,2.628,7.08
2014,8,12,20,0,2.534,7.51
2014,8,12,21,0,2.612,8.044
2014,8,12,22,0,2.608,7.784
2014,8,12,23,0,2.382,7.826
2014,8,13,0,0,2.054,7.468
2014,8,13,1,0,2.004,6.99
2014,8,13,2,0,2.138,6.76
2014,8,13,3,0,1.782,6.51
2014,8,13,4,0,1.928,6.318
2014,8,13,5,0,1.77,5.846
2014,8,13,6,0,2.058,5.806
2014,8,13,7,0,3.25,5.49
2014,8,13,8,0,3.576,5.39
2014,8,13,9,0,3.618,5.296
2014,8,13,10,0,3.87,4.896
2014,8,13,11,0,4.04,5.162
2014,8,13,12,0,4.466,5.78
2014,8,13,13,0,4.602,5.966
2014,8,13,14,0,4.512,5.88
2014,8,13,15,0,4.42,5.95
2014,8,13,16,0,3.818,5.868
2014,8,13,17,0,3.676,6.14
2014,8,13,18,0,2.576,6.186
2014,8,13,19,0,2.734,6.688
2014,8,13,20,0,2.598,6.906
2014,8,13,21,0,1.878,6.216
2014,8,13,22,0,1.738,5.332
2014,8,13,23,0,1.588,4.194
2014,8,14,0,0,1.37,3.218
2014,8,14,1,0,1.358,2.366
2014,8,14,2,0,1.074,2.132
2014,8,14,3,0,1.386,2.496
2014,8,14,4,0,1.392,3.28
2014,8,14,5,0,1.432,3.398
2014,8,14,6,0,2.06,4.538
2014,8,14,7,0,2.04,3.178
2014,8,14,8,0,2.424,2.912
2014,8,14,9,0,2.082,2.652
2014,8,14,10,0,1.676,2.028
2014,8,14,11,0,2.316,2.51
2014,8,14,12,0,3.39,3.99
2014,8,14,13,0,3.394,4.312
2014,8,14,14,0,4.264,5.374
2014,8,14,15,0,4.342,5.514
2014,8,14,16,0,4.97,6.808
2014,8,14,17,0,4.274,7.016
2014,8,14,18,0,3.352,7.754
2014,8,14,19,0,2.862,8.124
2014,8,14,20,0,2.414,7.46
2014,8,14,21,0,2.316,7.314
2014,8,14,22,0,2.006,7.306
2014,8,14,23,0,2.056,7.106
2014,8,15,0,0,2.036,6.98
2014,8,15,1,0,1.932,6.648
2014,8,15,2,0,1.816,5.906
2014,8,15,3,0,1.958,5.69
2014,8,15,4,0,2.096,6.996
2014,8,15,5,0,2.022,6.434
2014,8,15,6,0,1.506,6.014
2014,8,15,7,0,3.1,4.478
2014,8,15,8,0,3.336,4.25
2014,8,15,9,0,3.7,4.656
2014,8,15,10,0,3.966,4.884
2014,8,15,11,0,3.674,4.358
2014,8,15,12,0,3.56,4.186
2014,8,15,13,0,3.662,4.488
2014,8,15,14,0,4.494,5.448
2014,8,15,15,0,4.322,5.458
2014,8,15,16,0,4.324,5.782
2014,8,15,17,0,3.666,5.708
2014,8,15,18,0,2.482,6.408
2014,8,15,19,0,2.368,6.71
2014,8,15,20,0,2.008,7.054
2014,8,15,21,0,1.698,6.37
2014,8,15,22,0,1.966,6.326
2014,8,15,23,0,2.212,6.944
2014,8,16,0,0,1.928,6.824
2014,8,16,1,0,1.942,6.688
2014,8,16,2,0,1.7,5.706
2014,8,16,3,0,1.8,5.904
2014,8,16,4,0,1.74,5.322
2014,8,16,5,0,1.68,5.15
2014,8,16,6,0,1.198,4.866
2014,8,16,7,0,2.552,3.906
2014,8,16,8,0,3.1,3.924
2014,8,16,9,0,3.022,3.688
2014,8,16,10,0,3.236,3.828
2014,8,16,11,0,2.922,3.476
2014,8,16,12,0,3.62,4.13
2014,8,16,13,0,4.396,5.12
2014,8,16,14,0,4.716,5.794
2014,8,16,15,0,4.636,5.91
2014,8,16,16,0,4.552,6.182
2014,8,16,17,0,3.84,5.858
2014,8,16,18,0,2.322,6.494
2014,8,16,19,0,2.338,7.45
2014,8,16,20,0,2.136,7.52
2014,8,16,21,0,2.022,7.828
2014,8,16,22,0,1.948,7.826
2014,8,16,23,0,2.124,7.732
2014,8,17,0,0,1.934,7.782
2014,8,17,1,0,1.818,7.338
2014,8,17,2,0,1.782,6.81
2014,8,17,3,0,1.784,5.998
2014,8,17,4,0,1.648,5.18
2014,8,17,5,0,1.732,4.848
2014,8,17,6,0,0.868,4.59
2014,8,17,7,0,1.928,3.412
2014,8,17,8,0,2.324,3.012
2014,8,17,9,0,2.816,3.41
2014,8,17,10,0,3.326,3.954
2014,8,17,11,0,3.148,4.42
2014,8,17,12,0,3.75,4.542
2014,8,17,13,0,3.958,4.768
2014,8,17,14,0,3.628,4.038
2014,8,17,15,0,3.556,4.498
2014,8,17,16,0,3.528,4.69
2014,8,17,17,0,3.038,5.146
2014,8,17,18,0,2.086,5.29
2014,8,17,19,0,2.206,6.548
2014,8,17,20,0,1.9,5.944
2014,8,17,21,0,1.868,5.876
2014,8,17,22,0,1.846,6.248
2014,8,17,23,0,1.838,6.48
2014,8,18,0,0,1.974,6.44
2014,8,18,1,0,2.272,6.46
2014,8,18,2,0,1.99,5.47
2014,8,18,3,0,1.732,5.736
2014,8,18,4,0,2.07,6.392
2014,8,18,5,0,2.112,6.498
2014,8,18,6,0,1.582,6.348
2014,8,18,7,0,3.326,5.204
2014,8,18,8,0,3.502,4.576
2014,8,18,9,0,3.206,3.856
2014,8,18,10,0,3.446,4.106
2014,8,18,11,0,4.004,4.748
2014,8,18,12,0,4.778,5.808
2014,8,18,13,0,4.574,5.552
2014,8,18,14,0,4.486,5.524
2014,8,18,15,0,4.412,5.604
2014,8,18,16,0,4.016,5.428
2014,8,18,17,0,3.402,6.038
2014,8,18,18,0,2.304,5.826
2014,8,18,19,0,2.442,6.07
2014,8,18,20,0,2.15,6.314
2014,8,18,21,0,1.594,4.506
2014,8,18,22,0,1.738,3.78
2014,8,18,23,0,1.8,4.678
2014,8,19,0,0,1.876,4.934
2014,8,19,1,0,1.732,4.524
2014,8,19,2,0,1.694,4.766
2014,8,19,3,0,1.56,4.788
2014,8,19,4,0,1.542,4.694
2014,8,19,5,0,1.126,4.562
2014,8,19,6,0,0.78,4.48
2014,8,19,7,0,2.168,3.13
2014,8,19,8,0,2.376,2.742
2014,8,19,9,0,2.766,3.072
2014,8,19,10,0,2.874,3.144
2014,8,19,11,0,2.692,2.968
2014,8,19,12,0,3.194,3.61
2014,8,19,13,0,3.666,4.214
2014,8,19,14,0,3.84,4.48
2014,8,19,15,0,4.21,5.114
2014,8,19,16,0,3.982,5.14
2014,8,19,17,0,3.198,5.01
2014,8,19,18,0,2.222,5.986
2014,8,19,19,0,2.286,6.562
2014,8,19,20,0,2.14,6.684
2014,8,19,21,0,2.014,6.338
2014,8,19,22,0,1.994,5.908
2014,8,19,23,0,2.2,6.188
2014,8,20,0,0,2.242,6.77
2014,8,20,1,0,2.262,6.888
2014,8,20,2,0,2.122,6.068
2014,8,20,3,0,2.09,5.712
2014,8,20,4,0,2.384,5.56
2014,8,20,5,0,2.492,5.88
2014,8,20,6,0,1.808,5.68
2014,8,20,7,0,2.714,5.012
2014,8,20,8,0,3.402,5.398
2014,8,20,9,0,3.39,5.208
2014,8,20,10,0,4.23,5.438
2014,8,20,11,0,3.736,4.972
2014,8,20,12,0,3.876,4.896
2014,8,20,13,0,3.914,4.994
2014,8,20,14,0,3.424,4.678
2014,8,20,15,0,3.782,5.382
2014,8,20,16,0,4.138,6.428
2014,8,20,17,0,3.602,6.314
2014,8,20,18,0,2.656,7.098
2014,8,20,19,0,2.57,7.77
2014,8,20,20,0,2.44,7.68
2014,8,20,21,0,2.184,7.422
2014,8,20,22,0,1.794,7.12
2014,8,20,23,0,1.876,7.122
2014,8,21,0,0,1.86,6.692
2014,8,21,1,0,1.7,5.878
2014,8,21,2,0,1.694,5.434
2014,8,21,3,0,1.91,5.546
2014,8,21,4,0,1.796,5.776
2014,8,21,5,0,1.998,6.224
2014,8,21,6,0,1.976,6.092
2014,8,21,7,0,3.208,4.966
2014,8,21,8,0,3.178,4.218
2014,8,21,9,0,3.19,3.864
2014,8,21,10,0,3.548,4.222
2014,8,21,11,0,4.084,4.81
2014,8,21,12,0,4.128,4.956
2014,8,21,13,0,4.268,4.996
2014,8,21,14,0,4.374,5.516
2014,8,21,15,0,4.096,5.136
2014,8,21,16,0,4.272,5.684
2014,8,21,17,0,3.768,5.67
2014,8,21,18,0,2.542,6.122
2014,8,21,19,0,2.178,6.662
2014,8,21,20,0,1.756,6.286
2014,8,21,21,0,1.682,6.226
2014,8,21,22,0,1.4,5.874
2014,8,21,23,0,1.376,5.19
2014,8,22,0,0,1.474,4.83
2014,8,22,1,0,1.472,4.11
2014,8,22,2,0,1.444,4.392
2014,8,22,3,0,1.228,3.794
2014,8,22,4,0,1.316,3.588
2014,8,22,5,0,1.276,3.45
2014,8,22,6,0,0.972,3.382
2014,8,22,7,0,1.484,2.068
2014,8,22,8,0,1.78,2.23
2014,8,22,9,0,1.892,2.098
2014,8,22,10,0,1.924,2.042
2014,8,22,11,0,2.244,2.356
2014,8,22,12,0,2.882,3.15
2014,8,22,13,0,2.974,3.256
2014,8,22,14,0,3.506,3.99
2014,8,22,15,0,3.904,4.578
2014,8,22,16,0,3.864,5.274
2014,8,22,17,0,3.692,6.15
2014,8,22,18,0,2.56,6.294
2014,8,22,19,0,2.026,6.046
2014,8,22,20,0,1.974,6.178
2014,8,22,21,0,1.494,5.586
2014,8,22,22,0,1.868,5.348
2014,8,22,23,0,1.844,5.166
2014,8,23,0,0,1.866,5.344
2014,8,23,1,0,2.07,5.264
2014,8,23,2,0,2.044,5.416
2014,8,23,3,0,2.02,5.854
2014,8,23,4,0,2.138,5.806
2014,8,23,5,0,2.258,5.672
2014,8,23,6,0,1.914,5.316
2014,8,23,7,0,2.914,4.506
2014,8,23,8,0,3.282,4.274
2014,8,23,9,0,3.69,4.506
2014,8,23,10,0,4.414,5.36
2014,8,23,11,0,3.846,4.526
2014,8,23,12,0,4.35,5.23
2014,8,23,13,0,4.296,5.122
2014,8,23,14,0,4.584,5.582
2014,8,23,15,0,4.494,5.712
2014,8,23,16,0,4.374,5.92
2014,8,23,17,0,3.502,6.03
2014,8,23,18,0,2.62,6.962
2014,8,23,19,0,2.544,7.914
2014,8,23,20,0,2.376,7.726
2014,8,23,21,0,2.438,7.216
2014,8,23,22,0,2.65,7.618
2014,8,23,23,0,2.276,6.944
2014,8,24,0,0,2.106,6.032
2014,8,24,1,0,2.234,6.994
2014,8,24,2,0,1.794,6.85
2014,8,24,3,0,1.758,6.612
2014,8,24,4,0,1.472,6.28
2014,8,24,5,0,1.696,6.358
2014,8,24,6,0,1.23,5.92
2014,8,24,7,0,3.088,4.516
2014,8,24,8,0,3.672,4.51
2014,8,24,9,0,3.504,4.02
2014,8,24,10,0,3.474,3.936
2014,8,24,11,0,3.52,3.966
2014,8,24,12,0,3.536,4.054
2014,8,24,13,0,4.01,4.688
2014,8,24,14,0,3.244,3.972
2014,8,24,15,0,3.124,3.616
2014,8,24,16,0,3.576,4.428
2014,8,24,17,0,2.958,4.068
2014,8,24,18,0,1.862,4.686
2014,8,24,19,0,1.942,5.342
2014,8,24,20,0,1.818,5.59
2014,8,24,21,0,1.786,5.578
2014,8,24,22,0,1.676,5.974
2014,8,24,23,0,1.542,5.362
2014,8,25,0,0,1.856,5.086
2014,8,25,1,0,1.526,4.464
2014,8,25,2,0,1.848,4.482
2014,8,25,3,0,2.0,4.578
2014,8,25,4,0,1.722,4.306
2014,8,25,5,0,1.684,4.386
2014,8,25,6,0,1.34,4.22
2014,8,25,7,0,2.346,3.434
2014,8,25,8,0,2.732,3.462
2014,8,25,9,0,3.512,4.324
2014,8,25,10,0,3.852,4.558
2014,8,25,11,0,4.15,4.8
2014,8,25,12,0,4.67,5.528
2014,8,25,13,0,4.68,5.602
2014,8,25,14,0,4.634,5.584
2014,8,25,15,0,4.458,5.57
2014,8,25,16,0,4.198,5.622
2014,8,25,17,0,3.314,5.654
2014,8,25,18,0,2.076,5.912
2014,8,25,19,0,2.15,6.992
2014,8,25,20,0,1.538,6.246
2014,8,25,21,0,2.076,7.474
2014,8,25,22,0,2.062,7.1
2014,8,25,23,0,2.312,7.358
2014,8,26,0,0,2.258,6.83
2014,8,26,1,0,1.654,6.348
2014,8,26,2,0,1.86,5.55
2014,8,26,3,0,1.888,5.118
2014,8,26,4,0,1.88,5.132
2014,8,26,5,0,2.08,5.108
2014,8,26,6,0,1.32,5.144
2014,8,26,7,0,2.882,4.518
2014,8,26,8,0,3.182,4.136
2014,8,26,9,0,3.364,4.084
2014,8,26,10,0,3.436,4.028
2014,8,26,11,0,3.576,4.114
2014,8,26,12,0,3.808,4.452
2014,8,26,13,0,3.954,4.656
2014,8,26,14,0,3.52,4.192
2014,8,26,15,0,3.914,4.796
2014,8,26,16,0,4.002,5.174
2014,8,26,17,0,3.2,4.98
2014,8,26,18,0,2.144,6.214
2014,8,26,19,0,2.412,7.524
2014,8,26,20,0,1.85,7.108
2014,8,26,21,0,2.096,7.39
2014,8,26,22,0,1.708,6.318
2014,8,26,23,0,1.996,6.442
2014,8,27,0,0,1.886,6.272
2014,8,27,1,0,2.118,5.676
2014,8,27,2,0,2.278,5.574
2014,8,27,3,0,2.124,5.174
2014,8,27,4,0,2.16,4.95
2014,8,27,5,0,2.124,4.97
2014,8,27,6,0,1.502,5.28
2014,8,27,7,0,2.112,3.57
2014,8,27,8,0,1.82,2.216
2014,8,27,9,0,2.108,2.356
2014,8,27,10,0,2.172,2.398
2014,8,27,11,0,2.788,3.042
2014,8,27,12,0,3.472,4.016
2014,8,27,13,0,3.85,4.63
2014,8,27,14,0,3.656,4.436
2014,8,27,15,0,3.844,4.65
2014,8,27,16,0,3.594,4.49
2014,8,27,17,0,2.98,4.8
2014,8,27,18,0,2.284,6.528
2014,8,27,19,0,2.128,7.01
2014,8,27,20,0,2.238,6.994
2014,8,27,21,0,2.018,6.358
2014,8,27,22,0,2.024,5.838
2014,8,27,23,0,1.784,5.234
2014,8,28,0,0,2.14,5.762
2014,8,28,1,0,2.242,6.008
2014,8,28,2,0,2.37,6.424
2014,8,28,3,0,2.552,6.43
2014,8,28,4,0,2.264,6.074
2014,8,28,5,0,2.044,6.246
2014,8,28,6,0,1.676,5.322
2014,8,28,7,0,2.382,4.088
2014,8,28,8,0,2.676,3.406
2014,8,28,9,0,2.708,3.26
2014,8,28,10,0,3.234,3.8
2014,8,28,11,0,3.096,3.556
2014,8,28,12,0,3.386,3.828
2014,8,28,13,0,3.412,3.842
2014,8,28,14,0,4.178,4.982
2014,8,28,15,0,4.242,5.34
2014,8,28,16,0,3.848,5.1
2014,8,28,17,0,3.03,5.462
2014,8,28,18,0,2.368,7.002
2014,8,28,19,0,2.258,7.19
2014,8,28,20,0,1.908,7.436
2014,8,28,21,0,1.946,6.914
2014,8,28,22,0,1.932,6.48
2014,8,28,23,0,1.954,6.376
2014,8,29,0,0,1.58,5.79
2014,8,29,1,0,1.57,5.316
2014,8,29,2,0,1.772,5.288
2014,8,29,3,0,1.858,5.036
2014,8,29,4,0,1.4,4.746
2014,8,29,5,0,1.314,5.178
2014,8,29,6,0,0.826,4.672
2014,8,29,7,0,1.556,3.504
2014,8,29,8,0,2.424,3.592
2014,8,29,9,0,2.51,3.042
2014,8,29,10,0,2.436,3.222
2014,8,29,11,0,3.068,3.522
2014,8,29,12,0,3.128,3.642
2014,8,29,13,0,2.788,3.474
2014,8,29,14,0,2.914,3.568
2014,8,29,15,0,3.996,5.058
2014,8,29,16,0,3.912,5.204
2014,8,29,17,0,3.574,5.952
2014,8,29,18,0,2.418,6.202
2014,8,29,19,0,2.422,6.714
2014,8,29,20,0,2.252,6.976
2014,8,29,21,0,2.632,7.582
2014,8,29,22,0,2.462,8.016
2014,8,29,23,0,2.444,7.714
2014,8,30,0,0,2.194,7.284
2014,8,30,1,0,2.592,7.442
2014,8,30,2,0,2.138,6.844
2014,8,30,3,0,1.972,6.19
2014,8,30,4,0,2.48,7.604
2014,8,30,5,0,2.498,7.256
2014,8,30,6,0,1.932,6.892
2014,8,30,7,0,2.658,5.436
2014,8,30,8,0,3.494,4.882
2014,8,30,9,0,4.242,5.62
2014,8,30,10,0,4.482,5.814
2014,8,30,11,0,4.606,5.918
2014,8,30,12,0,5.006,6.456
2014,8,30,13,0,4.708,6.144
2014,8,30,14,0,4.918,6.504
2014,8,30,15,0,4.918,6.77
2014,8,30,16,0,4.442,6.344
2014,8,30,17,0,3.758,7.84
2014,8,30,18,0,2.414,7.096
2014,8,30,19,0,2.61,8.144
2014,8,30,20,0,2.406,8.11
2014,8,30,21,0,2.88,8.54
2014,8,30,22,0,2.46,8.104
2014,8,30,23,0,2.398,6.92
2014,8,31,0,0,2.386,6.514
2014,8,31,1,0,2.196,6.432
2014,8,31,2,0,2.246,6.594
2014,8,31,3,0,2.398,6.822
2014,8,31,4,0,1.966,6.61
2014,8,31,5,0,2.252,6.8
2014,8,31,6,0,1.788,6.83
2014,8,31,7,0,3.742,6.066
2014,8,31,8,0,4.128,5.502
2014,8,31,9,0,3.928,4.75
2014,8,31,10,0,4.376,5.294
2014,8,31,11,0,4.276,5.048
2014,8,31,12,0,4.602,5.54
2014,8,31,13,0,4.528,5.558
2014,8,31,14,0,4.198,5.188
2014,8,31,15,0,4.2,5.334
2014,8,31,16,0,3.712,5.096
2014,8,31,17,0,2.944,5.54
2014,8,31,18,0,2.488,6.238
2014,8,31,19,0,2.572,6.9
2014,8,31,20,0,2.558,7.312
2014,8,31,21,0,2.372,7.532
2014,8,31,22,0,2.396,7.336
2014,8,31,23,0,1.97,6.94
2014,9,1,0,0,1.996,6.518
2014,9,1,1,0,1.508,6.254
2014,9,1,2,0,1.708,6.422
2014,9,1,3,0,2.068,6.56
2014,9,1,4,0,2.054,6.042
2014,9,1,5,0,2.184,6.046
2014,9,1,6,0,1.76,6.234
2014,9,1,7,0,3.002,4.986
2014,9,1,8,0,3.508,4.458
2014,9,1,9,0,3.44,4.026
2014,9,1,10,0,3.432,3.884
2014,9,1,11,0,3.302,3.69
2014,9,1,12,0,3.37,3.716
2014,9,1,13,0,3.706,4.186
2014,9,1,14,0,3.86,4.472
2014,9,1,15,0,3.744,4.514
2014,9,1,16,0,4.02,5.128
2014,9,1,17,0,3.436,5.138
2014,9,1,18,0,2.152,5.974
2014,9,1,19,0,2.18,6.6
2014,9,1,20,0,1.498,6.36
2014,9,1,21,0,1.944,6.358
2014,9,1,22,0,1.47,6.056
2014,9,1,23,0,1.554,6.018
2014,9,2,0,0,1.634,5.614
2014,9,2,1,0,1.248,5.138
2014,9,2,2,0,1.194,4.586
2014,9,2,3,0,1.35,4.564
2014,9,2,4,0,1.408,4.894
2014,9,2,5,0,1.422,4.508
2014,9,2,6,0,1.458,4.488
2014,9,2,7,0,2.11,3.196
2014,9,2,8,0,2.774,3.544
2014,9,2,9,0,2.902,3.606
2014,9,2,10,0,3.39,4.006
2014,9,2,11,0,3.464,4.072
2014,9,2,12,0,4.656,5.488
2014,9,2,13,0,4.552,5.61
2014,9,2,14,0,5.16,6.726
2014,9,2,15,0,5.076,6.948
2014,9,2,16,0,4.824,7.13
2014,9,2,17,0,4.432,7.464
2014,9,2,18,0,2.9,8.848
2014,9,2,19,0,3.042,9.894
2014,9,2,20,0,3.17,10.134
2014,9,2,21,0,3.076,9.672
2014,9,2,22,0,2.814,8.484
2014,9,2,23,0,2.492,8.048
2014,9,3,0,0,2.346,7.608
2014,9,3,1,0,2.238,7.184
2014,9,3,2,0,1.724,5.636
2014,9,3,3,0,1.392,4.966
2014,9,3,4,0,1.35,4.75
2014,9,3,5,0,1.546,4.662
2014,9,3,6,0,0.938,4.732
2014,9,3,7,0,2.686,4.026
2014,9,3,8,0,3.17,3.994
2014,9,3,9,0,3.234,3.786
2014,9,3,10,0,3.34,3.818
2014,9,3,11,0,3.13,3.45
2014,9,3,12,0,3.314,3.668
2014,9,3,13,0,3.346,3.758
2014,9,3,14,0,3.378,3.88
2014,9,3,15,0,3.906,4.64
2014,9,3,16,0,3.854,5.156
2014,9,3,17,0,3.338,5.3
2014,9,3,18,0,2.144,6.17
2014,9,3,19,0,2.266,7.192
2014,9,3,20,0,2.114,6.658
2014,9,3,21,0,2.298,8.318
2014,9,3,22,0,2.358,7.704
2014,9,3,23,0,2.352,7.656
2014,9,4,0,0,2.56,8.074
2014,9,4,1,0,2.006,7.082
2014,9,4,2,0,1.884,6.308
2014,9,4,3,0,2.178,6.916
2014,9,4,4,0,1.858,6.538
2014,9,4,5,0,2.178,6.414
2014,9,4,6,0,1.83,6.548
2014,9,4,7,0,3.336,5.57
2014,9,4,8,0,3.99,5.6
2014,9,4,9,0,4.468,6.032
2014,9,4,10,0,4.4,5.798
2014,9,4,11,0,4.286,5.588
2014,9,4,12,0,4.29,5.37
2014,9,4,13,0,4.286,5.39
2014,9,4,14,0,4.416,5.708
2014,9,4,15,0,4.77,6.292
2014,9,4,16,0,4.752,6.842
2014,9,4,17,0,3.624,7.096
2014,9,4,18,0,2.852,8.324
2014,9,4,19,0,2.458,7.804
2014,9,4,20,0,2.162,7.542
2014,9,4,21,0,2.526,8.368
2014,9,4,22,0,2.212,8.028
2014,9,4,23,0,2.184,7.802
2014,9,5,0,0,2.676,7.864
2014,9,5,1,0,2.502,7.502
2014,9,5,2,0,2.698,7.878
2014,9,5,3,0,2.632,8.034
2014,9,5,4,0,2.448,7.6
2014,9,5,5,0,2.276,7.27
2014,9,5,6,0,1.948,7.022
2014,9,5,7,0,3.166,5.514
2014,9,5,8,0,3.416,4.394
2014,9,5,9,0,3.57,4.296
2014,9,5,10,0,3.78,4.45
2014,9,5,11,0,3.99,4.626
2014,9,5,12,0,3.866,4.578
2014,9,5,13,0,3.708,4.56
2014,9,5,14,0,4.038,4.91
2014,9,5,15,0,3.648,4.586
2014,9,5,16,0,3.386,4.458
2014,9,5,17,0,2.458,3.968
2014,9,5,18,0,2.552,6.466
2014,9,5,19,0,2.33,6.572
2014,9,5,20,0,2.124,5.954
2014,9,5,21,0,2.064,5.746
2014,9,5,22,0,2.2,5.772
2014,9,5,23,0,2.168,5.118
2014,9,6,0,0,2.12,5.09
2014,9,6,1,0,1.868,4.966
2014,9,6,2,0,1.836,4.902
2014,9,6,3,0,1.782,4.998
2014,9,6,4,0,2.052,5.084
2014,9,6,5,0,1.902,4.676
2014,9,6,6,0,1.4,4.462
2014,9,6,7,0,1.808,3.188
2014,9,6,8,0,2.076,2.708
2014,9,6,9,0,2.33,2.648
2014,9,6,10,0,2.226,2.376
2014,9,6,11,0,2.978,3.222
2014,9,6,12,0,3.506,3.888
2014,9,6,13,0,3.752,4.252
2014,9,6,14,0,3.818,4.452
2014,9,6,15,0,4.266,5.328
2014,9,6,16,0,4.168,5.598
2014,9,6,17,0,3.452,5.95
2014,9,6,18,0,2.606,6.7
2014,9,6,19,0,2.148,6.202
2014,9,6,20,0,1.758,4.874
2014,9,6,21,0,1.508,4.158
2014,9,6,22,0,1.25,4.776
2014,9,6,23,0,1.27,4.774
2014,9,7,0,0,1.532,4.68
2014,9,7,1,0,1.19,3.936
2014,9,7,2,0,1.656,4.536
2014,9,7,3,0,1.754,5.064
2014,9,7,4,0,1.814,5.246
2014,9,7,5,0,1.764,5.29
2014,9,7,6,0,1.6,5.018
2014,9,7,7,0,2.662,4.512
2014,9,7,8,0,3.216,4.23
2014,9,7,9,0,3.282,3.908
2014,9,7,10,0,3.262,3.768
2014,9,7,11,0,3.136,3.522
2014,9,7,12,0,3.288,3.656
2014,9,7,13,0,3.226,3.6
2014,9,7,14,0,2.976,3.434
2014,9,7,15,0,3.044,3.566
2014,9,7,16,0,2.656,3.282
2014,9,7,17,0,2.434,3.858
2014,9,7,18,0,2.222,4.734
2014,9,7,19,0,2.116,5.444
2014,9,7,20,0,1.6,5.532
2014,9,7,21,0,1.706,4.968
2014,9,7,22,0,1.146,4.174
2014,9,7,23,0,1.674,4.128
2014,9,8,0,0,1.636,4.11
2014,9,8,1,0,1.426,4.482
2014,9,8,2,0,1.322,4.468
2014,9,8,3,0,1.682,5.186
2014,9,8,4,0,1.944,6.004
2014,9,8,5,0,2.326,6.822
2014,9,8,6,0,2.358,7.264
2014,9,8,7,0,3.19,6.776
2014,9,8,8,0,3.822,6.29
2014,9,8,9,0,4.302,6.334
2014,9,8,10,0,4.758,6.314
2014,9,8,11,0,4.762,6.066
2014,9,8,12,0,5.096,6.56
2014,9,8,13,0,5.136,6.704
2014,9,8,14,0,4.572,5.826
2014,9,8,15,0,4.022,5.582
2014,9,8,16,0,3.594,5.748
2014,9,8,17,0,2.46,5.444
2014,9,8,18,0,2.48,6.372
2014,9,8,19,0,2.504,6.292
2014,9,8,20,0,2.554,7.496
2014,9,8,21,0,2.83,8.258
2014,9,8,22,0,2.244,8.036
2014,9,8,23,0,1.94,7.4
2014,9,9,0,0,2.476,7.44
2014,9,9,1,0,2.648,7.54
2014,9,9,2,0,2.62,8.16
2014,9,9,3,0,3.046,8.648
2014,9,9,4,0,2.978,8.642
2014,9,9,5,0,2.91,8.518
2014,9,9,6,0,2.924,8.388
2014,9,9,7,0,3.79,7.564
2014,9,9,8,0,4.362,7.124
2014,9,9,9,0,4.636,7.38
2014,9,9,10,0,4.192,6.928
2014,9,9,11,0,4.256,7.328
2014,9,9,12,0,4.64,7.802
2014,9,9,13,0,4.94,8.144
2014,9,9,14,0,4.768,8.116
2014,9,9,15,0,4.274,7.9
2014,9,9,16,0,4.256,7.778
2014,9,9,17,0,2.912,6.448
2014,9,9,18,0,2.59,7.838
2014,9,9,19,0,2.652,8.718
2014,9,9,20,0,2.572,7.392
2014,9,9,21,0,2.32,6.986
2014,9,9,22,0,2.2,7.13
2014,9,9,23,0,2.634,6.732
2014,9,10,0,0,2.866,7.774
2014,9,10,1,0,2.73,7.834
2014,9,10,2,0,2.82,8.22
2014,9,10,3,0,2.944,8.06
2014,9,10,4,0,2.938,8.158
2014,9,10,5,0,2.892,8.08
2014,9,10,6,0,2.704,7.914
2014,9,10,7,0,3.964,7.868
2014,9,10,8,0,4.582,6.866
2014,9,10,9,0,4.348,6.052
2014,9,10,10,0,4.446,6.116
2014,9,10,11,0,4.334,5.526
2014,9,10,12,0,4.558,5.754
2014,9,10,13,0,4.462,5.964
2014,9,10,14,0,3.848,5.48
2014,9,10,15,0,4.18,5.882
2014,9,10,16,0,3.864,5.402
2014,9,10,17,0,2.774,5.392
2014,9,10,18,0,2.484,6.19
2014,9,10,19,0,1.968,6.706
2014,9,10,20,0,2.294,7.108
2014,9,10,21,0,2.268,7.168
2014,9,10,22,0,1.998,6.604
2014,9,10,23,0,1.884,6.288
2014,9,11,0,0,1.884,5.434
2014,9,11,1,0,1.722,5.664
2014,9,11,2,0,1.904,5.904
2014,9,11,3,0,2.068,5.758
2014,9,11,4,0,1.814,6.064
2014,9,11,5,0,1.894,6.146
2014,9,11,6,0,1.86,5.698
2014,9,11,7,0,2.844,5.866
2014,9,11,8,0,3.884,5.822
2014,9,11,9,0,4.222,5.402
2014,9,11,10,0,4.424,5.582
2014,9,11,11,0,4.368,5.43
2014,9,11,12,0,4.368,5.392
2014,9,11,13,0,3.72,4.584
2014,9,11,14,0,3.854,4.932
2014,9,11,15,0,3.926,5.164
2014,9,11,16,0,4.052,5.638
2014,9,11,17,0,3.506,5.484
2014,9,11,18,0,2.9,6.794
2014,9,11,19,0,2.62,6.78
2014,9,11,20,0,2.19,6.628
2014,9,11,21,0,2.222,6.724
2014,9,11,22,0,2.258,6.682
2014,9,11,23,0,1.884,6.298
2014,9,12,0,0,1.696,4.962
2014,9,12,1,0,1.97,5.24
2014,9,12,2,0,1.98,5.772
2014,9,12,3,0,1.722,5.432
2014,9,12,4,0,2.048,6.196
2014,9,12,5,0,2.492,6.372
2014,9,12,6,0,2.66,6.466
2014,9,12,7,0,3.442,5.71
2014,9,12,8,0,4.236,5.722
2014,9,12,9,0,4.416,5.662
2014,9,12,10,0,4.23,5.26
2014,9,12,11,0,4.374,5.42
2014,9,12,12,0,4.178,5.158
2014,9,12,13,0,4.188,5.012
2014,9,12,14,0,3.772,4.604
2014,9,12,15,0,3.482,4.218
2014,9,12,16,0,3.482,4.57
2014,9,12,17,0,2.316,4.39
2014,9,12,18,0,2.204,5.504
2014,9,12,19,0,1.986,5.076
2014,9,12,20,0,1.954,4.736
2014,9,12,21,0,1.61,4.946
2014,9,12,22,0,1.956,5.348
2014,9,12,23,0,2.128,5.46
2014,9,13,0,0,2.046,5.74
2014,9,13,1,0,2.176,5.568
2014,9,13,2,0,2.178,5.82
2014,9,13,3,0,2.114,6.214
2014,9,13,4,0,2.076,6.136
2014,9,13,5,0,2.168,6.344
2014,9,13,6,0,2.36,6.39
2014,9,13,7,0,2.662,5.57
2014,9,13,8,0,4.208,5.63
2014,9,13,9,0,4.12,5.366
2014,9,13,10,0,4.522,5.818
2014,9,13,11,0,3.956,5.6
2014,9,13,12,0,4.526,5.728
2014,9,13,13,0,4.918,6.266
2014,9,13,14,0,4.46,5.674
2014,9,13,15,0,4.236,5.492
2014,9,13,16,0,3.722,5.462
2014,9,13,17,0,2.812,5.72
2014,9,13,18,0,2.224,5.554
2014,9,13,19,0,1.992,6.038
2014,9,13,20,0,1.896,5.938
2014,9,13,21,0,2.162,6.974
2014,9,13,22,0,2.132,7.184
2014,9,13,23,0,1.972,7.224
2014,9,14,0,0,2.902,8.99
2014,9,14,1,0,2.93,9.076
2014,9,14,2,0,2.726,8.574
2014,9,14,3,0,2.432,7.918
2014,9,14,4,0,2.582,8.086
2014,9,14,5,0,2.82,8.422
2014,9,14,6,0,2.642,8.706
2014,9,14,7,0,4.822,8.592
2014,9,14,8,0,5.71,8.332
2014,9,14,9,0,5.858,8.212
2014,9,14,10,0,5.746,8.148
2014,9,14,11,0,5.938,8.05
2014,9,14,12,0,5.73,7.666
2014,9,14,13,0,5.472,7.378
2014,9,14,14,0,5.482,7.236
2014,9,14,15,0,4.884,6.998
2014,9,14,16,0,4.564,7.246
2014,9,14,17,0,3.186,7.222
2014,9,14,18,0,2.832,8.372
2014,9,14,19,0,2.856,8.144
2014,9,14,20,0,2.614,7.96
2014,9,14,21,0,3.08,9.11
2014,9,14,22,0,3.02,8.968
2014,9,14,23,0,3.118,9.068
2014,9,15,0,0,2.802,8.89
2014,9,15,1,0,2.538,8.124
2014,9,15,2,0,2.832,7.964
2014,9,15,3,0,2.55,7.322
2014,9,15,4,0,2.528,6.85
2014,9,15,5,0,2.7,7.594
2014,9,15,6,0,2.348,7.684
2014,9,15,7,0,3.306,6.962
2014,9,15,8,0,4.106,6.85
2014,9,15,9,0,3.97,6.122
2014,9,15,10,0,3.996,4.956
2014,9,15,11,0,3.956,5.056
2014,9,15,12,0,2.762,3.972
2014,9,15,13,0,2.254,3.12
2014,9,15,14,0,1.732,2.638
2014,9,15,15,0,2.372,2.964
2014,9,15,16,0,2.274,3.11
2014,9,15,17,0,1.88,3.274
2014,9,15,18,0,2.198,4.628
2014,9,15,19,0,1.846,5.102
2014,9,15,20,0,1.844,4.154
2014,9,15,21,0,1.56,3.504
2014,9,15,22,0,1.544,3.556
2014,9,15,23,0,1.168,3.344
2014,9,16,0,0,1.348,3.468
2014,9,16,1,0,0.966,3.936
2014,9,16,2,0,1.486,4.096
2014,9,16,3,0,1.688,4.578
2014,9,16,4,0,1.624,4.252
2014,9,16,5,0,1.562,3.978
2014,9,16,6,0,1.51,3.718
2014,9,16,7,0,1.47,4.082
2014,9,16,8,0,2.134,3.216
2014,9,16,9,0,2.218,2.714
2014,9,16,10,0,2.584,3.126
2014,9,16,11,0,2.98,3.964
2014,9,16,12,0,3.316,4.218
2014,9,16,13,0,3.162,4.264
2014,9,16,14,0,3.7,5.162
2014,9,16,15,0,3.722,5.414
2014,9,16,16,0,3.9,5.624
2014,9,16,17,0,2.766,6.338
2014,9,16,18,0,2.378,6.688
2014,9,16,19,0,1.942,6.434
2014,9,16,20,0,1.77,6.06
2014,9,16,21,0,1.97,5.976
2014,9,16,22,0,1.826,5.972
2014,9,16,23,0,1.856,5.86
2014,9,17,0,0,2.042,6.632
2014,9,17,1,0,1.716,6.208
2014,9,17,2,0,1.716,6.21
2014,9,17,3,0,1.788,6.478
2014,9,17,4,0,1.99,6.364
2014,9,17,5,0,1.814,5.792
2014,9,17,6,0,1.676,5.778
2014,9,17,7,0,1.82,4.854
2014,9,17,8,0,2.902,4.084
2014,9,17,9,0,3.15,3.836
2014,9,17,10,0,3.412,3.94
2014,9,17,11,0,3.498,4.048
2014,9,17,12,0,3.642,4.23
2014,9,17,13,0,3.638,4.226
2014,9,17,14,0,3.592,4.406
2014,9,17,15,0,2.97,3.984
2014,9,17,16,0,3.464,4.532
2014,9,17,17,0,2.718,5.444
2014,9,17,18,0,2.476,6.648
2014,9,17,19,0,2.136,6.314
2014,9,17,20,0,2.454,7.104
2014,9,17,21,0,2.402,7.154
2014,9,17,22,0,2.4,7.146
2014,9,17,23,0,2.626,6.958
2014,9,18,0,0,3.026,7.456
2014,9,18,1,0,2.954,7.892
2014,9,18,2,0,3.172,8.402
2014,9,18,3,0,3.19,8.44
2014,9,18,4,0,3.184,8.918
2014,9,18,5,0,3.01,8.854
2014,9,18,6,0,3.082,8.47
2014,9,18,7,0,3.49,8.33
2014,9,18,8,0,4.342,7.042
2014,9,18,9,0,5.072,7.022
2014,9,18,10,0,5.294,6.868
2014,9,18,11,0,5.488,6.96
2014,9,18,12,0,5.16,6.56
2014,9,18,13,0,4.614,6.002
2014,9,18,14,0,4.958,6.666
2014,9,18,15,0,4.314,6.482
2014,9,18,16,0,3.76,6.162
2014,9,18,17,0,2.072,5.858
2014,9,18,18,0,3.038,7.68
2014,9,18,19,0,3.12,8.186
2014,9,18,20,0,3.556,9.972
2014,9,18,21,0,3.614,10.388
2014,9,18,22,0,4.164,10.8
2014,9,18,23,0,3.95,10.04
2014,9,19,0,0,3.472,9.492
2014,9,19,1,0,3.39,9.428
2014,9,19,2,0,3.222,8.908
2014,9,19,3,0,3.018,8.39
2014,9,19,4,0,3.17,8.718
2014,9,19,5,0,2.87,8.452
2014,9,19,6,0,2.652,7.952
2014,9,19,7,0,3.978,7.288
2014,9,19,8,0,4.62,6.204
2014,9,19,9,0,4.518,5.716
2014,9,19,10,0,4.382,5.254
2014,9,19,11,0,4.418,5.218
2014,9,19,12,0,4.214,4.894
2014,9,19,13,0,4.086,4.712
2014,9,19,14,0,3.674,4.152
2014,9,19,15,0,3.652,4.26
2014,9,19,16,0,3.172,3.936
2014,9,19,17,0,2.122,4.002
2014,9,19,18,0,2.042,4.292
2014,9,19,19,0,1.76,4.524
2014,9,19,20,0,1.496,4.486
2014,9,19,21,0,1.514,4.738
2014,9,19,22,0,1.962,5.024
2014,9,19,23,0,1.67,4.808
2014,9,20,0,0,1.464,5.834
2014,9,20,1,0,1.904,6.014
2014,9,20,2,0,2.232,6.586
2014,9,20,3,0,2.046,6.17
2014,9,20,4,0,2.078,5.846
2014,9,20,5,0,2.138,6.298
2014,9,20,6,0,2.122,7.128
2014,9,20,7,0,2.182,6.552
2014,9,20,8,0,3.274,5.45
2014,9,20,9,0,3.72,5.474
2014,9,20,10,0,3.918,5.142
2014,9,20,11,0,4.368,5.44
2014,9,20,12,0,4.322,5.17
2014,9,20,13,0,4.364,5.286
2014,9,20,14,0,4.352,5.298
2014,9,20,15,0,3.924,5.264
2014,9,20,16,0,3.166,4.704
2014,9,20,17,0,1.86,4.486
2014,9,20,18,0,1.946,3.636
2014,9,20,19,0,1.844,5.538
2014,9,20,20,0,2.4,6.522
2014,9,20,21,0,2.364,7.152
2014,9,20,22,0,2.428,7.632
2014,9,20,23,0,2.302,7.41
2014,9,21,0,0,2.414,7.382
2014,9,21,1,0,2.416,7.1
2014,9,21,2,0,1.956,6.358
2014,9,21,3,0,2.414,6.828
2014,9,21,4,0,2.724,7.378
2014,9,21,5,0,2.392,6.934
2014,9,21,6,0,2.092,6.852
2014,9,21,7,0,1.998,6.044
2014,9,21,8,0,3.452,5.216
2014,9,21,9,0,3.592,5.58
2014,9,21,10,0,4.502,5.84
2014,9,21,11,0,4.928,6.38
2014,9,21,12,0,4.922,6.092
2014,9,21,13,0,4.938,6.208
2014,9,21,14,0,4.372,5.592
2014,9,21,15,0,4.138,5.454
2014,9,21,16,0,3.848,5.39
2014,9,21,17,0,2.668,6.816
2014,9,21,18,0,2.884,8.132
2014,9,21,19,0,2.748,8.046
2014,9,21,20,0,3.122,8.882
2014,9,21,21,0,2.77,7.864
2014,9,21,22,0,3.182,8.678
2014,9,21,23,0,3.37,8.618
2014,9,22,0,0,3.006,7.992
2014,9,22,1,0,2.35,6.338
2014,9,22,2,0,2.002,6.58
2014,9,22,3,0,2.444,6.5
2014,9,22,4,0,2.594,7.014
2014,9,22,5,0,2.412,6.678
2014,9,22,6,0,2.456,6.984
2014,9,22,7,0,2.596,6.482
2014,9,22,8,0,4.166,5.796
2014,9,22,9,0,4.39,5.718
2014,9,22,10,0,4.494,5.674
2014,9,22,11,0,4.662,5.828
2014,9,22,12,0,4.49,5.592
2014,9,22,13,0,4.756,5.834
2014,9,22,14,0,4.068,5.098
2014,9,22,15,0,3.848,4.946
2014,9,22,16,0,3.074,4.336
2014,9,22,17,0,2.144,5.152
2014,9,22,18,0,2.538,5.878
2014,9,22,19,0,2.472,6.456
2014,9,22,20,0,2.308,6.75
2014,9,22,21,0,2.112,6.62
2014,9,22,22,0,2.538,6.584
2014,9,22,23,0,2.262,6.144
2014,9,23,0,0,2.462,5.726
2014,9,23,1,0,2.214,5.456
2014,9,23,2,0,2.1,5.514
2014,9,23,3,0,2.002,4.79
2014,9,23,4,0,2.45,5.484
2014,9,23,5,0,2.45,5.618
2014,9,23,6,0,2.148,5.72
2014,9,23,7,0,1.59,4.41
2014,9,23,8,0,2.948,3.886
2014,9,23,9,0,3.144,3.734
2014,9,23,10,0,3.07,3.606
2014,9,23,11,0,3.802,4.502
2014,9,23,12,0,3.864,4.686
2014,9,23,13,0,3.474,4.722
2014,9,23,14,0,3.05,3.65
2014,9,23,15,0,2.574,3.108
2014,9,23,16,0,2.82,3.618
2014,9,23,17,0,1.788,4.056
2014,9,23,18,0,2.122,4.826
2014,9,23,19,0,2.016,4.572
2014,9,23,20,0,1.882,3.998
2014,9,23,21,0,1.78,4.57
2014,9,23,22,0,1.638,5.426
2014,9,23,23,0,1.52,5.46
2014,9,24,0,0,1.846,6.196
2014,9,24,1,0,2.168,6.172
2014,9,24,2,0,2.0,5.646
2014,9,24,3,0,2.09,6.308
2014,9,24,4,0,2.418,6.908
2014,9,24,5,0,2.794,8.092
2014,9,24,6,0,2.668,7.564
2014,9,24,7,0,2.628,6.736
2014,9,24,8,0,4.348,6.01
2014,9,24,9,0,4.906,6.546
2014,9,24,10,0,5.096,6.506
2014,9,24,11,0,4.976,6.192
2014,9,24,12,0,4.9,6.092
2014,9,24,13,0,4.994,6.224
2014,9,24,14,0,4.764,6.054
2014,9,24,15,0,4.472,6.186
2014,9,24,16,0,3.684,5.762
2014,9,24,17,0,2.346,6.294
2014,9,24,18,0,2.438,7.328
2014,9,24,19,0,2.382,7.174
2014,9,24,20,0,2.038,7.548
2014,9,24,21,0,2.282,6.782
2014,9,24,22,0,1.958,6.328
2014,9,24,23,0,1.968,5.81
2014,9,25,0,0,2.416,6.894
2014,9,25,1,0,2.636,7.202
2014,9,25,2,0,2.676,7.458
2014,9,25,3,0,2.774,7.574
2014,9,25,4,0,2.822,7.636
2014,9,25,5,0,2.75,7.754
2014,9,25,6,0,2.896,8.116
2014,9,25,7,0,3.062,7.272
2014,9,25,8,0,3.806,5.95
2014,9,25,9,0,3.63,5.366
2014,9,25,10,0,4.21,5.328
2014,9,25,11,0,4.158,5.194
2014,9,25,12,0,3.934,4.938
2014,9,25,13,0,3.844,4.582
2014,9,25,14,0,3.828,4.666
2014,9,25,15,0,3.406,4.148
2014,9,25,16,0,3.26,4.346
2014,9,25,17,0,1.908,4.444
2014,9,25,18,0,2.114,5.626
2014,9,25,19,0,2.078,6.064
2014,9,25,20,0,1.46,5.794
2014,9,25,21,0,1.692,5.652
2014,9,25,22,0,1.908,6.034
2014,9,25,23,0,2.11,6.164
2014,9,26,0,0,2.318,6.326
2014,9,26,1,0,2.436,6.34
2014,9,26,2,0,2.518,6.946
2014,9,26,3,0,2.416,6.588
2014,9,26,4,0,2.316,6.858
2014,9,26,5,0,2.392,7.41
2014,9,26,6,0,2.366,8.2
2014,9,26,7,0,3.256,8.084
2014,9,26,8,0,5.112,7.762
2014,9,26,9,0,5.726,8.126
2014,9,26,10,0,6.128,8.58
2014,9,26,11,0,6.384,8.956
2014,9,26,12,0,6.106,9.4
2014,9,26,13,0,5.984,9.26
2014,9,26,14,0,5.684,8.778
2014,9,26,15,0,5.304,8.492
2014,9,26,16,0,4.968,8.352
2014,9,26,17,0,3.756,8.754
2014,9,26,18,0,3.714,9.504
2014,9,26,19,0,3.726,9.558
2014,9,26,20,0,3.33,8.844
2014,9,26,21,0,2.672,8.132
2014,9,26,22,0,2.25,7.566
2014,9,26,23,0,2.774,7.654
2014,9,27,0,0,2.664,8.108
2014,9,27,1,0,2.644,7.478
2014,9,27,2,0,2.584,7.182
2014,9,27,3,0,2.31,6.468
2014,9,27,4,0,2.09,6.77
2014,9,27,5,0,2.08,6.876
2014,9,27,6,0,2.444,6.8
2014,9,27,7,0,2.442,5.982
2014,9,27,8,0,3.39,4.458
2014,9,27,9,0,3.496,4.514
2014,9,27,10,0,3.398,3.918
2014,9,27,11,0,3.404,4.042
2014,9,27,12,0,3.906,4.498
2014,9,27,13,0,3.472,3.976
2014,9,27,14,0,3.204,3.758
2014,9,27,15,0,2.414,3.076
2014,9,27,16,0,2.064,3.07
2014,9,27,17,0,2.13,3.824
2014,9,27,18,0,2.264,5.536
2014,9,27,19,0,2.006,4.912
2014,9,27,20,0,1.938,5.08
2014,9,27,21,0,1.832,5.018
2014,9,27,22,0,2.07,5.274
2014,9,27,23,0,1.804,5.092
2014,9,28,0,0,2.0,5.0
2014,9,28,1,0,1.746,4.644
2014,9,28,2,0,2.114,4.442
2014,9,28,3,0,1.872,3.614
2014,9,28,4,0,1.88,4.052
2014,9,28,5,0,1.63,4.18
2014,9,28,6,0,1.302,4.238
2014,9,28,7,0,1.562,4.15
2014,9,28,8,0,2.154,3.412
2014,9,28,9,0,1.86,2.648
2014,9,28,10,0,2.68,3.578
2014,9,28,11,0,2.98,3.716
2014,9,28,12,0,3.274,3.76
2014,9,28,13,0,3.504,4.04
2014,9,28,14,0,3.434,3.978
2014,9,28,15,0,3.272,3.974
2014,9,28,16,0,2.906,3.804
2014,9,28,17,0,1.672,3.982
2014,9,28,18,0,1.688,4.62
2014,9,28,19,0,1.81,4.676
2014,9,28,20,0,1.76,4.852
2014,9,28,21,0,1.642,4.874
2014,9,28,22,0,1.592,5.078
2014,9,28,23,0,1.74,5.174
2014,9,29,0,0,1.708,5.702
2014,9,29,1,0,1.916,5.944
2014,9,29,2,0,2.252,6.478
2014,9,29,3,0,2.3,7.03
2014,9,29,4,0,2.274,7.204
2014,9,29,5,0,2.526,7.276
2014,9,29,6,0,2.34,6.546
2014,9,29,7,0,2.566,6.494
2014,9,29,8,0,4.358,6.364
2014,9,29,9,0,4.594,6.36
2014,9,29,10,0,4.748,6.294
2014,9,29,11,0,4.574,6.104
2014,9,29,12,0,4.2,6.192
2014,9,29,13,0,4.236,6.062
2014,9,29,14,0,4.186,5.954
2014,9,29,15,0,4.508,6.29
2014,9,29,16,0,3.784,6.956
2014,9,29,17,0,3.058,8.074
2014,9,29,18,0,3.162,8.158
2014,9,29,19,0,3.308,8.706
2014,9,29,20,0,3.94,10.5
2014,9,29,21,0,3.956,10.858
2014,9,29,22,0,3.878,10.728
2014,9,29,23,0,3.8,10.42
2014,9,30,0,0,3.658,10.136
2014,9,30,1,0,3.332,9.174
2014,9,30,2,0,3.332,8.926
2014,9,30,3,0,3.308,8.692
2014,9,30,4,0,2.938,8.73
2014,9,30,5,0,3.016,8.37
2014,9,30,6,0,2.788,8.044
2014,9,30,7,0,3.044,8.312
2014,9,30,8,0,4.302,7.698
2014,9,30,9,0,4.6,8.458
2014,9,30,10,0,4.56,6.484
2014,9,30,11,0,4.214,6.722
2014,9,30,12,0,4.082,5.898
2014,9,30,13,0,4.114,6.042
2014,9,30,14,0,4.046,6.208
2014,9,30,15,0,3.692,5.934
2014,9,30,16,0,3.544,6.67
2014,9,30,17,0,3.228,7.398
2014,9,30,18,0,3.694,9.208
2014,9,30,19,0,3.998,9.508
2014,9,30,20,0,3.956,9.996
2014,9,30,21,0,4.228,10.832
2014,9,30,22,0,4.306,10.612
2014,9,30,23,0,4.086,10.64
2014,10,1,0,0,4.184,10.542
2014,10,1,1,0,3.874,9.542
2014,10,1,2,0,3.916,9.502
2014,10,1,3,0,3.928,9.914
2014,10,1,4,0,3.966,9.806
2014,10,1,5,0,3.286,8.54
2014,10,1,6,0,3.728,9.768
2014,10,1,7,0,4.07,9.284
2014,10,1,8,0,4.878,7.252
2014,10,1,9,0,5.242,7.078
2014,10,1,10,0,5.488,7.206
2014,10,1,11,0,5.81,7.612
2014,10,1,12,0,5.53,7.318
2014,10,1,13,0,4.998,7.302
2014,10,1,14,0,5.084,7.59
2014,10,1,15,0,5.238,7.41
2014,10,1,16,0,3.448,7.158
2014,10,1,17,0,3.232,8.738
2014,10,1,18,0,3.256,9.52
2014,10,1,19,0,3.446,10.044
2014,10,1,20,0,3.988,9.948
2014,10,1,21,0,4.52,9.812
2014,10,1,22,0,3.984,9.724
2014,10,1,23,0,3.718,8.824
2014,10,2,0,0,3.538,8.892
2014,10,2,1,0,3.444,8.278
2014,10,2,2,0,3.564,8.47
2014,10,2,3,0,3.02,7.804
2014,10,2,4,0,2.606,7.448
2014,10,2,5,0,2.748,7.732
2014,10,2,6,0,2.588,7.694
2014,10,2,7,0,3.406,8.096
2014,10,2,8,0,5.068,7.918
2014,10,2,9,0,5.612,8.16
2014,10,2,10,0,6.022,8.478
2014,10,2,11,0,6.082,9.486
2014,10,2,12,0,6.18,9.942
2014,10,2,13,0,5.95,9.548
2014,10,2,14,0,5.942,9.682
2014,10,2,15,0,5.242,9.236
2014,10,2,16,0,4.728,8.782
2014,10,2,17,0,3.644,9.028
2014,10,2,18,0,3.086,8.842
2014,10,2,19,0,3.834,9.382
2014,10,2,20,0,3.644,8.8
2014,10,2,21,0,3.594,8.698
2014,10,2,22,0,3.542,8.468
2014,10,2,23,0,3.486,8.342
2014,10,3,0,0,3.824,8.848
2014,10,3,1,0,3.754,9.308
2014,10,3,2,0,3.962,8.67
2014,10,3,3,0,3.524,8.602
2014,10,3,4,0,3.422,8.308
2014,10,3,5,0,3.26,7.892
2014,10,3,6,0,3.642,8.582
2014,10,3,7,0,3.154,7.956
2014,10,3,8,0,3.504,6.896
2014,10,3,9,0,4.392,6.998
2014,10,3,10,0,4.292,6.458
2014,10,3,11,0,4.686,6.422
2014,10,3,12,0,4.984,6.73
2014,10,3,13,0,4.37,6.696
2014,10,3,14,0,4.03,6.856
2014,10,3,15,0,3.596,6.53
2014,10,3,16,0,3.324,6.662
2014,10,3,17,0,3.092,6.782
2014,10,3,18,0,3.072,6.876
2014,10,3,19,0,2.976,7.288
2014,10,3,20,0,2.76,7.224
2014,10,3,21,0,2.782,7.054
2014,10,3,22,0,2.848,6.872
2014,10,3,23,0,2.502,6.286
2014,10,4,0,0,2.302,6.304
2014,10,4,1,0,2.64,6.712
2014,10,4,2,0,2.394,6.662
2014,10,4,3,0,2.676,6.144
2014,10,4,4,0,2.404,5.672
2014,10,4,5,0,2.73,6.41
2014,10,4,6,0,2.92,7.022
2014,10,4,7,0,2.67,6.942
2014,10,4,8,0,3.504,6.916
2014,10,4,9,0,4.194,7.134
2014,10,4,10,0,4.456,7.168
2014,10,4,11,0,4.982,6.91
2014,10,4,12,0,4.906,7.294
2014,10,4,13,0,5.392,8.098
2014,10,4,14,0,6.076,8.594
2014,10,4,15,0,5.646,8.796
2014,10,4,16,0,5.34,8.972
2014,10,4,17,0,4.01,10.402
2014,10,4,18,0,4.306,9.96
2014,10,4,19,0,3.924,9.18
2014,10,4,20,0,3.82,8.75
2014,10,4,21,0,3.782,8.874
2014,10,4,22,0,4.2,9.418
2014,10,4,23,0,4.002,10.032
2014,10,5,0,0,3.996,10.01
2014,10,5,1,0,4.292,10.154
2014,10,5,2,0,4.282,10.578
2014,10,5,3,0,4.008,9.77
2014,10,5,4,0,4.322,10.068
2014,10,5,5,0,3.606,9.602
2014,10,5,6,0,3.232,8.958
2014,10,5,7,0,3.784,8.594
2014,10,5,8,0,5.362,7.554
2014,10,5,9,0,5.224,6.904
2014,10,5,10,0,5.49,6.914
2014,10,5,11,0,5.28,6.482
2014,10,5,12,0,4.73,5.688
2014,10,5,13,0,4.556,5.53
2014,10,5,14,0,3.684,4.628
2014,10,5,15,0,3.57,4.968
2014,10,5,16,0,3.094,4.826
2014,10,5,17,0,1.948,4.866
2014,10,5,18,0,2.498,5.61
2014,10,5,19,0,2.366,5.77
2014,10,5,20,0,2.33,6.206
2014,10,5,21,0,1.858,5.856
2014,10,5,22,0,2.32,5.596
2014,10,5,23,0,2.298,5.094
2014,10,6,0,0,2.062,4.776
2014,10,6,1,0,1.976,4.966
2014,10,6,2,0,1.604,4.872
2014,10,6,3,0,1.548,4.606
2014,10,6,4,0,1.522,4.326
2014,10,6,5,0,1.394,3.932
2014,10,6,6,0,0.946,3.346
2014,10,6,7,0,0.914,3.166
2014,10,6,8,0,1.76,2.22
2014,10,6,9,0,2.152,2.368
2014,10,6,10,0,3.262,3.73
2014,10,6,11,0,3.73,4.332
2014,10,6,12,0,3.264,3.968
2014,10,6,13,0,3.88,4.71
2014,10,6,14,0,4.508,5.638
2014,10,6,15,0,4.198,5.334
2014,10,6,16,0,3.44,5.962
2014,10,6,17,0,2.218,5.93
2014,10,6,18,0,2.224,6.864
2014,10,6,19,0,2.3,7.124
2014,10,6,20,0,2.336,7.47
2014,10,6,21,0,2.662,8.416
2014,10,6,22,0,2.97,9.014
2014,10,6,23,0,2.918,9.134
2014,10,7,0,0,2.89,8.996
2014,10,7,1,0,2.596,8.786
2014,10,7,2,0,2.558,8.838
2014,10,7,3,0,2.614,8.66
2014,10,7,4,0,2.344,8.806
2014,10,7,5,0,2.446,8.696
2014,10,7,6,0,2.598,8.592
2014,10,7,7,0,2.476,8.752
2014,10,7,8,0,4.88,7.816
2014,10,7,9,0,5.562,7.61
2014,10,7,10,0,5.776,7.93
2014,10,7,11,0,6.194,8.46
2014,10,7,12,0,6.368,8.806
2014,10,7,13,0,6.05,8.212
2014,10,7,14,0,5.658,7.69
2014,10,7,15,0,5.112,7.256
2014,10,7,16,0,3.978,7.938
2014,10,7,17,0,3.124,8.254
2014,10,7,18,0,3.214,9.0
2014,10,7,19,0,2.924,8.94
2014,10,7,20,0,3.072,10.208
2014,10,7,21,0,3.18,8.682
2014,10,7,22,0,2.802,7.314
2014,10,7,23,0,2.896,7.7
2014,10,8,0,0,3.09,9.282
2014,10,8,1,0,3.216,8.556
2014,10,8,2,0,3.286,8.98
2014,10,8,3,0,4.028,9.864
2014,10,8,4,0,3.518,9.604
2014,10,8,5,0,3.524,9.26
2014,10,8,6,0,3.772,9.75
2014,10,8,7,0,3.718,9.026
2014,10,8,8,0,5.11,8.01
2014,10,8,9,0,5.438,7.428
2014,10,8,10,0,5.404,7.53
2014,10,8,11,0,5.278,7.0
2014,10,8,12,0,4.898,6.27
2014,10,8,13,0,5.196,6.73
2014,10,8,14,0,5.074,6.868
2014,10,8,15,0,4.9,6.788
2014,10,8,16,0,3.466,7.016
2014,10,8,17,0,3.19,6.942
2014,10,8,18,0,2.818,6.95
2014,10,8,19,0,2.624,6.96
2014,10,8,20,0,2.576,7.468
2014,10,8,21,0,2.572,7.498
2014,10,8,22,0,2.688,7.68
2014,10,8,23,0,2.212,7.044
2014,10,9,0,0,2.014,6.494
2014,10,9,1,0,1.898,6.008
2014,10,9,2,0,2.274,6.37
2014,10,9,3,0,2.184,6.238
2014,10,9,4,0,2.284,6.852
2014,10,9,5,0,2.442,6.794
2014,10,9,6,0,2.61,7.13
2014,10,9,7,0,2.506,7.112
2014,10,9,8,0,4.34,6.044
2014,10,9,9,0,5.16,6.914
2014,10,9,10,0,5.458,7.206
2014,10,9,11,0,5.338,6.956
2014,10,9,12,0,5.106,6.622
2014,10,9,13,0,5.328,6.75
2014,10,9,14,0,4.778,6.988
2014,10,9,15,0,4.648,6.654
2014,10,9,16,0,3.574,7.164
2014,10,9,17,0,2.834,7.238
2014,10,9,18,0,2.852,8.344
2014,10,9,19,0,2.836,8.776
2014,10,9,20,0,2.494,7.982
2014,10,9,21,0,2.392,8.212
2014,10,9,22,0,3.174,9.898
2014,10,9,23,0,2.726,9.616
2014,10,10,0,0,3.266,9.92
2014,10,10,1,0,3.056,9.434
2014,10,10,2,0,3.292,9.666
2014,10,10,3,0,2.83,8.69
2014,10,10,4,0,2.654,8.418
2014,10,10,5,0,2.504,8.77
2014,10,10,6,0,2.53,8.458
2014,10,10,7,0,2.498,7.616
2014,10,10,8,0,4.42,7.07
2014,10,10,9,0,4.994,6.774
2014,10,10,10,0,5.262,6.904
2014,10,10,11,0,5.428,7.07
2014,10,10,12,0,5.446,7.092
2014,10,10,13,0,5.578,7.33
2014,10,10,14,0,5.204,6.91
2014,10,10,15,0,4.538,6.196
2014,10,10,16,0,3.214,6.39
2014,10,10,17,0,2.726,6.72
2014,10,10,18,0,2.808,7.302
2014,10,10,19,0,2.48,7.848
2014,10,10,20,0,2.344,7.466
2014,10,10,21,0,2.622,7.504
2014,10,10,22,0,2.826,7.526
2014,10,10,23,0,2.712,7.36
2014,10,11,0,0,2.678,7.642
2014,10,11,1,0,2.73,7.934
2014,10,11,2,0,2.82,8.042
2014,10,11,3,0,2.704,8.12
2014,10,11,4,0,2.74,8.042
2014,10,11,5,0,2.498,7.994
2014,10,11,6,0,2.57,8.196
2014,10,11,7,0,2.732,8.096
2014,10,11,8,0,4.866,7.158
2014,10,11,9,0,5.192,7.028
2014,10,11,10,0,5.006,6.808
2014,10,11,11,0,4.996,6.594
2014,10,11,12,0,5.014,6.578
2014,10,11,13,0,5.132,6.746
2014,10,11,14,0,4.474,6.768
2014,10,11,15,0,4.132,6.314
2014,10,11,16,0,2.892,6.294
2014,10,11,17,0,3.234,7.858
2014,10,11,18,0,3.084,7.844
2014,10,11,19,0,2.976,7.958
2014,10,11,20,0,3.588,9.064
2014,10,11,21,0,3.508,9.362
2014,10,11,22,0,3.44,9.542
2014,10,11,23,0,3.498,9.778
2014,10,12,0,0,3.358,9.316
2014,10,12,1,0,3.622,9.756
2014,10,12,2,0,3.572,9.58
2014,10,12,3,0,3.532,9.538
2014,10,12,4,0,3.534,9.85
2014,10,12,5,0,3.562,9.338
2014,10,12,6,0,3.504,8.916
2014,10,12,7,0,3.286,8.462
2014,10,12,8,0,4.84,7.14
2014,10,12,9,0,5.13,6.922
2014,10,12,10,0,5.304,6.97
2014,10,12,11,0,5.508,7.112
2014,10,12,12,0,5.22,6.702
2014,10,12,13,0,5.186,6.558
2014,10,12,14,0,4.94,6.35
2014,10,12,15,0,4.368,5.796
2014,10,12,16,0,3.436,5.574
2014,10,12,17,0,1.77,5.422
2014,10,12,18,0,2.452,5.444
2014,10,12,19,0,2.222,5.648
2014,10,12,20,0,2.228,5.882
2014,10,12,21,0,2.48,5.916
2014,10,12,22,0,2.354,5.86
2014,10,12,23,0,2.04,5.282
2014,10,13,0,0,2.232,5.234
2014,10,13,1,0,2.282,6.746
2014,10,13,2,0,2.5,6.548
2014,10,13,3,0,2.324,6.208
2014,10,13,4,0,2.236,5.988
2014,10,13,5,0,2.136,6.496
2014,10,13,6,0,2.448,7.052
2014,10,13,7,0,2.412,7.066
2014,10,13,8,0,3.922,7.378
2014,10,13,9,0,4.144,7.704
2014,10,13,10,0,3.914,7.194
2014,10,13,11,0,4.426,6.716
2014,10,13,12,0,3.546,5.402
2014,10,13,13,0,4.026,5.798
2014,10,13,14,0,3.728,5.962
2014,10,13,15,0,3.792,6.4
2014,10,13,16,0,2.996,6.932
2014,10,13,17,0,3.264,6.882
2014,10,13,18,0,2.672,6.62
2014,10,13,19,0,2.726,7.068
2014,10,13,20,0,2.672,7.624
2014,10,13,21,0,2.938,7.222
2014,10,13,22,0,2.244,6.952
2014,10,13,23,0,1.852,5.63
2014,10,14,0,0,1.942,5.366
2014,10,14,1,0,2.308,5.42
2014,10,14,2,0,2.204,5.882
2014,10,14,3,0,2.582,6.776
2014,10,14,4,0,2.08,5.92
2014,10,14,5,0,2.494,6.104
2014,10,14,6,0,2.088,5.39
2014,10,14,7,0,1.376,5.2
2014,10,14,8,0,2.702,4.09
2014,10,14,9,0,3.266,4.574
2014,10,14,10,0,3.974,5.034
2014,10,14,11,0,4.08,5.12
2014,10,14,12,0,3.93,4.86
2014,10,14,13,0,3.794,4.91
2014,10,14,14,0,3.672,4.656
2014,10,14,15,0,3.676,4.978
2014,10,14,16,0,2.32,5.406
2014,10,14,17,0,2.346,5.38
2014,10,14,18,0,2.438,7.06
2014,10,14,19,0,2.418,7.466
2014,10,14,20,0,2.504,7.4
2014,10,14,21,0,2.242,7.122
2014,10,14,22,0,2.67,7.56
2014,10,14,23,0,2.834,7.874
2014,10,15,0,0,2.996,7.764
2014,10,15,1,0,2.844,7.088
2014,10,15,2,0,2.822,7.268
2014,10,15,3,0,3.014,7.38
2014,10,15,4,0,2.822,7.752
2014,10,15,5,0,2.794,7.636
2014,10,15,6,0,2.996,8.02
2014,10,15,7,0,2.234,7.822
2014,10,15,8,0,2.972,5.49
2014,10,15,9,0,3.444,4.58
2014,10,15,10,0,4.502,6.228
2014,10,15,11,0,4.904,7.292
2014,10,15,12,0,4.68,6.934
2014,10,15,13,0,4.736,6.89
2014,10,15,14,0,4.474,6.63
2014,10,15,15,0,4.262,6.816
2014,10,15,16,0,2.828,6.778
2014,10,15,17,0,2.312,6.984
2014,10,15,18,0,2.382,6.754
2014,10,15,19,0,2.292,6.442
2014,10,15,20,0,2.576,7.344
2014,10,15,21,0,2.862,7.598
2014,10,15,22,0,3.224,7.838
2014,10,15,23,0,3.34,9.078
2014,10,16,0,0,2.84,8.784
2014,10,16,1,0,3.18,8.896
2014,10,16,2,0,3.598,9.578
2014,10,16,3,0,3.838,10.15
2014,10,16,4,0,3.42,9.938
2014,10,16,5,0,3.282,9.372
2014,10,16,6,0,2.652,8.796
2014,10,16,7,0,2.448,8.73
2014,10,16,8,0,4.334,7.602
2014,10,16,9,0,5.158,7.0
2014,10,16,10,0,5.404,7.112
2014,10,16,11,0,5.076,7.22
2014,10,16,12,0,4.506,6.926
2014,10,16,13,0,4.592,6.996
2014,10,16,14,0,4.34,6.956
2014,10,16,15,0,4.36,7.204
2014,10,16,16,0,2.944,7.206
2014,10,16,17,0,3.304,7.69
2014,10,16,18,0,3.336,8.894
2014,10,16,19,0,3.124,8.13
2014,10,16,20,0,2.592,7.452
2014,10,16,21,0,3.438,8.36
2014,10,16,22,0,3.12,8.028
2014,10,16,23,0,3.448,8.524
2014,10,17,0,0,3.45,9.194
2014,10,17,1,0,3.374,8.75
2014,10,17,2,0,3.454,9.1
2014,10,17,3,0,3.864,10.042
2014,10,17,4,0,3.864,9.86
2014,10,17,5,0,3.34,8.758
2014,10,17,6,0,2.584,7.938
2014,10,17,7,0,2.65,7.948
2014,10,17,8,0,5.062,8.554
2014,10,17,9,0,5.858,9.268
2014,10,17,10,0,6.89,9.552
2014,10,17,11,0,6.968,9.534
2014,10,17,12,0,6.736,10.622
2014,10,17,13,0,7.346,10.21
2014,10,17,14,0,7.224,10.38
2014,10,17,15,0,6.44,9.638
2014,10,17,16,0,4.356,10.376
2014,10,17,17,0,4.642,10.49
2014,10,17,18,0,3.784,9.286
2014,10,17,19,0,3.662,9.942
2014,10,17,20,0,4.09,10.232
2014,10,17,21,0,4.06,10.742
2014,10,17,22,0,4.006,10.64
2014,10,17,23,0,4.19,10.768
2014,10,18,0,0,3.692,10.416
2014,10,18,1,0,3.204,9.884
2014,10,18,2,0,3.438,10.392
2014,10,18,3,0,3.374,9.934
2014,10,18,4,0,3.642,9.878
2014,10,18,5,0,3.956,10.362
2014,10,18,6,0,3.676,10.404
2014,10,18,7,0,3.396,9.41
2014,10,18,8,0,5.562,8.498
2014,10,18,9,0,6.35,8.836
2014,10,18,10,0,6.794,9.278
2014,10,18,11,0,6.59,8.56
2014,10,18,12,0,6.504,8.466
2014,10,18,13,0,6.458,8.686
2014,10,18,14,0,6.242,8.472
2014,10,18,15,0,5.786,8.13
2014,10,18,16,0,3.936,8.426
2014,10,18,17,0,3.636,8.782
2014,10,18,18,0,3.558,9.326
2014,10,18,19,0,3.074,8.962
2014,10,18,20,0,3.478,9.436
2014,10,18,21,0,3.41,9.396
2014,10,18,22,0,3.406,8.858
2014,10,18,23,0,3.304,9.032
2014,10,19,0,0,3.236,8.056
2014,10,19,1,0,3.08,8.666
2014,10,19,2,0,3.0,8.276
2014,10,19,3,0,2.908,8.52
2014,10,19,4,0,2.992,8.312
2014,10,19,5,0,3.1,8.734
2014,10,19,6,0,2.728,8.432
2014,10,19,7,0,2.454,8.114
2014,10,19,8,0,4.068,5.936
2014,10,19,9,0,4.408,5.554
2014,10,19,10,0,4.712,5.766
2014,10,19,11,0,4.66,5.716
2014,10,19,12,0,4.766,5.874
2014,10,19,13,0,4.764,6.054
2014,10,19,14,0,4.542,5.796
2014,10,19,15,0,3.998,5.288
2014,10,19,16,0,2.566,5.634
2014,10,19,17,0,2.64,7.214
2014,10,19,18,0,2.728,7.692
2014,10,19,19,0,2.598,7.7
2014,10,19,20,0,2.478,7.314
2014,10,19,21,0,2.552,7.876
2014,10,19,22,0,2.438,7.856
2014,10,19,23,0,2.728,8.122
2014,10,20,0,0,2.6,7.886
2014,10,20,1,0,2.576,7.788
2014,10,20,2,0,2.178,7.332
2014,10,20,3,0,2.306,7.346
2014,10,20,4,0,2.44,6.98
2014,10,20,5,0,2.488,6.722
2014,10,20,6,0,2.186,6.212
2014,10,20,7,0,2.262,6.582
2014,10,20,8,0,2.994,6.082
2014,10,20,9,0,3.324,5.558
2014,10,20,10,0,3.602,5.986
2014,10,20,11,0,4.734,6.168
2014,10,20,12,0,4.51,6.066
2014,10,20,13,0,4.85,6.286
2014,10,20,14,0,4.504,5.784
2014,10,20,15,0,3.938,5.458
2014,10,20,16,0,2.606,5.534
2014,10,20,17,0,2.184,5.91
2014,10,20,18,0,2.17,6.442
2014,10,20,19,0,2.27,6.17
2014,10,20,20,0,2.128,5.924
2014,10,20,21,0,2.198,5.986
2014,10,20,22,0,2.388,6.494
2014,10,20,23,0,2.03,6.444
2014,10,21,0,0,2.058,6.762
2014,10,21,1,0,1.836,6.174
2014,10,21,2,0,1.596,5.956
2014,10,21,3,0,1.562,5.674
2014,10,21,4,0,1.944,6.104
2014,10,21,5,0,2.174,7.132
2014,10,21,6,0,2.71,7.102
2014,10,21,7,0,2.258,6.738
2014,10,21,8,0,3.116,5.436
2014,10,21,9,0,3.752,5.1
2014,10,21,10,0,4.112,5.29
2014,10,21,11,0,4.598,5.878
2014,10,21,12,0,4.728,6.144
2014,10,21,13,0,4.746,6.206
2014,10,21,14,0,4.804,6.158
2014,10,21,15,0,4.486,6.012
2014,10,21,16,0,3.182,5.836
2014,10,21,17,0,2.552,6.266
2014,10,21,18,0,2.594,6.628
2014,10,21,19,0,2.286,6.478
2014,10,21,20,0,2.456,7.116
2014,10,21,21,0,2.272,7.524
2014,10,21,22,0,2.382,7.54
2014,10,21,23,0,2.49,7.758
2014,10,22,0,0,2.402,6.89
2014,10,22,1,0,2.284,6.934
2014,10,22,2,0,2.296,6.338
2014,10,22,3,0,2.462,6.65
2014,10,22,4,0,2.472,7.284
2014,10,22,5,0,2.772,7.612
2014,10,22,6,0,2.7,7.888
2014,10,22,7,0,3.002,7.964
2014,10,22,8,0,3.616,6.266
2014,10,22,9,0,3.912,6.278
2014,10,22,10,0,4.484,6.178
2014,10,22,11,0,4.696,6.348
2014,10,22,12,0,5.13,7.092
2014,10,22,13,0,4.766,6.512
2014,10,22,14,0,4.13,6.76
2014,10,22,15,0,3.58,6.47
2014,10,22,16,0,3.142,7.492
2014,10,22,17,0,3.238,8.132
2014,10,22,18,0,3.13,8.388
2014,10,22,19,0,2.83,8.578
2014,10,22,20,0,2.722,7.926
2014,10,22,21,0,2.584,8.168
2014,10,22,22,0,2.504,8.16
2014,10,22,23,0,2.922,8.408
2014,10,23,0,0,3.38,9.224
2014,10,23,1,0,3.318,8.682
2014,10,23,2,0,3.244,8.73
2014,10,23,3,0,2.91,8.312
2014,10,23,4,0,2.504,7.758
2014,10,23,5,0,2.54,7.296
2014,10,23,6,0,2.49,7.152
2014,10,23,7,0,2.342,7.088
2014,10,23,8,0,3.62,6.948
2014,10,23,9,0,4.74,6.976
2014,10,23,10,0,4.882,6.354
2014,10,23,11,0,4.64,6.302
2014,10,23,12,0,5.444,7.07
2014,10,23,13,0,5.136,7.44
2014,10,23,14,0,5.11,7.406
2014,10,23,15,0,5.154,7.598
2014,10,23,16,0,3.542,8.176
2014,10,23,17,0,3.548,9.238
2014,10,23,18,0,3.472,9.258
2014,10,23,19,0,3.584,9.424
2014,10,23,20,0,3.474,9.294
2014,10,23,21,0,3.382,8.966
2014,10,23,22,0,3.48,8.96
2014,10,23,23,0,2.788,7.99
2014,10,24,0,0,3.092,8.164
2014,10,24,1,0,3.032,8.246
2014,10,24,2,0,3.046,7.846
2014,10,24,3,0,3.13,7.63
2014,10,24,4,0,3.036,7.738
2014,10,24,5,0,3.084,7.674
2014,10,24,6,0,3.048,8.31
2014,10,24,7,0,3.102,8.578
2014,10,24,8,0,4.492,7.56
2014,10,24,9,0,5.012,6.846
2014,10,24,10,0,5.718,7.702
2014,10,24,11,0,5.916,7.842
2014,10,24,12,0,5.622,7.376
2014,10,24,13,0,5.36,7.406
2014,10,24,14,0,5.67,7.98
2014,10,24,15,0,5.388,8.284
2014,10,24,16,0,3.814,8.704
2014,10,24,17,0,4.532,9.814
2014,10,24,18,0,3.714,9.402
2014,10,24,19,0,3.696,8.958
2014,10,24,20,0,3.436,8.994
2014,10,24,21,0,3.486,8.948
2014,10,24,22,0,3.462,8.988
2014,10,24,23,0,3.592,8.708
2014,10,25,0,0,3.022,8.42
2014,10,25,1,0,2.9,7.91
2014,10,25,2,0,2.816,7.738
2014,10,25,3,0,3.038,7.636
2014,10,25,4,0,2.96,8.644
2014,10,25,5,0,3.024,8.064
2014,10,25,6,0,3.004,8.1
2014,10,25,7,0,3.084,8.146
2014,10,25,8,0,4.598,7.37
2014,10,25,9,0,5.208,6.872
2014,10,25,10,0,5.008,6.218
2014,10,25,11,0,4.73,5.85
2014,10,25,12,0,4.468,5.49
2014,10,25,13,0,4.398,5.47
2014,10,25,14,0,4.146,5.242
2014,10,25,15,0,3.634,4.754
2014,10,25,16,0,2.318,5.056
2014,10,25,17,0,2.342,5.102
2014,10,25,18,0,1.934,5.066
2014,10,25,19,0,1.886,5.694
2014,10,25,20,0,2.39,5.686
2014,10,25,21,0,2.564,5.828
2014,10,25,22,0,2.624,6.774
2014,10,25,23,0,2.684,7.204
2014,10,26,0,0,2.484,6.958
2014,10,26,1,0,2.8,7.412
2014,10,26,2,0,2.792,7.416
2014,10,26,3,0,2.822,7.524
2014,10,26,4,0,3.028,8.282
2014,10,26,5,0,3.084,8.488
2014,10,26,6,0,2.65,8.352
2014,10,26,7,0,2.824,8.462
2014,10,26,8,0,4.658,7.83
2014,10,26,9,0,4.82,7.004
2014,10,26,10,0,4.87,6.796
2014,10,26,11,0,5.226,6.39
2014,10,26,12,0,4.424,5.244
2014,10,26,13,0,4.604,5.6
2014,10,26,14,0,4.414,5.506
2014,10,26,15,0,3.726,4.948
2014,10,26,16,0,2.436,5.382
2014,10,26,17,0,1.994,6.366
2014,10,26,18,0,2.148,6.028
2014,10,26,19,0,2.192,6.77
2014,10,26,20,0,2.254,7.088
2014,10,26,21,0,2.236,7.416
2014,10,26,22,0,1.902,7.258
2014,10,26,23,0,1.854,7.026
2014,10,27,0,0,2.44,7.924
2014,10,27,1,0,2.49,7.8
2014,10,27,2,0,3.008,8.462
2014,10,27,3,0,3.066,8.484
2014,10,27,4,0,3.418,8.79
2014,10,27,5,0,3.136,8.878
2014,10,27,6,0,3.416,9.454
2014,10,27,7,0,3.436,10.346
2014,10,27,8,0,4.994,10.024
2014,10,27,9,0,6.102,10.114
2014,10,27,10,0,5.902,9.932
2014,10,27,11,0,6.306,9.958
2014,10,27,12,0,6.152,9.758
2014,10,27,13,0,5.936,9.466
2014,10,27,14,0,5.41,8.732
2014,10,27,15,0,5.056,8.846
2014,10,27,16,0,3.88,9.666
2014,10,27,17,0,3.956,9.532
2014,10,27,18,0,3.816,9.754
2014,10,27,19,0,3.576,9.356
2014,10,27,20,0,3.386,9.254
2014,10,27,21,0,4.09,10.366
2014,10,27,22,0,3.748,10.0
2014,10,27,23,0,3.798,10.194
2014,10,28,0,0,3.63,10.01
2014,10,28,1,0,3.982,9.96
2014,10,28,2,0,3.998,9.65
2014,10,28,3,0,3.992,9.41
2014,10,28,4,0,3.766,8.962
2014,10,28,5,0,3.454,7.982
2014,10,28,6,0,3.57,8.554
2014,10,28,7,0,3.48,8.03
2014,10,28,8,0,3.55,7.43
2014,10,28,9,0,5.164,7.04
2014,10,28,10,0,4.416,6.582
2014,10,28,11,0,4.658,6.35
2014,10,28,12,0,4.52,6.05
2014,10,28,13,0,3.93,6.17
2014,10,28,14,0,4.21,6.85
2014,10,28,15,0,4.482,6.99
2014,10,28,16,0,3.332,7.3
2014,10,28,17,0,3.306,8.638
2014,10,28,18,0,2.77,8.266
2014,10,28,19,0,3.154,8.878
2014,10,28,20,0,3.164,8.162
2014,10,28,21,0,3.244,8.756
2014,10,28,22,0,2.998,8.28
2014,10,28,23,0,2.882,8.716
2014,10,29,0,0,2.608,8.234
2014,10,29,1,0,2.536,7.464
2014,10,29,2,0,2.364,7.36
2014,10,29,3,0,2.678,7.794
2014,10,29,4,0,2.47,7.108
2014,10,29,5,0,2.252,7.75
2014,10,29,6,0,2.828,8.364
2014,10,29,7,0,3.416,9.366
2014,10,29,8,0,4.08,8.39
2014,10,29,9,0,3.386,6.644
2014,10,29,10,0,3.564,6.228
2014,10,29,11,0,3.978,5.216
2014,10,29,12,0,3.732,5.096
2014,10,29,13,0,3.902,5.692
2014,10,29,14,0,4.924,7.492
2014,10,29,15,0,4.896,8.372
2014,10,29,16,0,4.008,8.226
2014,10,29,17,0,3.498,8.294
2014,10,29,18,0,3.406,7.9
2014,10,29,19,0,3.516,8.584
2014,10,29,20,0,3.438,8.892
2014,10,29,21,0,3.384,8.686
2014,10,29,22,0,3.344,8.76
2014,10,29,23,0,3.54,9.236
2014,10,30,0,0,3.468,8.706
2014,10,30,1,0,3.332,8.506
2014,10,30,2,0,3.422,8.528
2014,10,30,3,0,3.056,7.766
2014,10,30,4,0,3.392,8.244
2014,10,30,5,0,3.486,8.19
2014,10,30,6,0,3.38,8.418
2014,10,30,7,0,3.138,8.268
2014,10,30,8,0,4.51,8.0
2014,10,30,9,0,4.25,7.426
2014,10,30,10,0,5.978,8.352
2014,10,30,11,0,6.188,8.628
2014,10,30,12,0,6.294,8.63
2014,10,30,13,0,5.822,7.916
2014,10,30,14,0,5.324,7.236
2014,10,30,15,0,5.45,7.562
2014,10,30,16,0,3.682,7.526
2014,10,30,17,0,2.866,7.112
2014,10,30,18,0,3.174,7.456
2014,10,30,19,0,3.046,7.604
2014,10,30,20,0,3.102,8.224
2014,10,30,21,0,2.918,8.232
2014,10,30,22,0,2.554,7.672
2014,10,30,23,0,2.59,7.142
2014,10,31,0,0,2.438,6.56
2014,10,31,1,0,2.814,6.99
2014,10,31,2,0,2.682,6.824
2014,10,31,3,0,2.63,6.78
2014,10,31,4,0,2.778,7.1
2014,10,31,5,0,2.836,7.318
2014,10,31,6,0,2.518,7.59
2014,10,31,7,0,2.182,7.0
2014,10,31,8,0,3.364,5.974
2014,10,31,9,0,3.51,5.492
2014,10,31,10,0,3.558,5.554
2014,10,31,11,0,3.616,5.624
2014,10,31,12,0,3.698,5.694
2014,10,31,13,0,3.562,5.676
2014,10,31,14,0,3.582,6.04
2014,10,31,15,0,3.83,6.41
2014,10,31,16,0,2.8,6.714
2014,10,31,17,0,2.802,7.282
2014,10,31,18,0,2.99,7.756
2014,10,31,19,0,3.204,8.17
2014,10,31,20,0,3.67,8.69
2014,10,31,21,0,3.714,8.992
2014,10,31,22,0,3.876,10.076
2014,10,31,23,0,4.136,10.084
2014,11,1,0,0,4.056,9.558
2014,11,1,1,0,3.962,9.664
2014,11,1,2,0,4.19,9.928
2014,11,1,3,0,3.96,10.84
2014,11,1,4,0,3.83,10.936
2014,11,1,5,0,3.816,10.06
2014,11,1,6,0,3.44,9.936
2014,11,1,7,0,3.158,9.196
2014,11,1,8,0,3.948,9.614
2014,11,1,9,0,5.166,8.82
2014,11,1,10,0,5.546,9.256
2014,11,1,11,0,5.328,8.714
2014,11,1,12,0,5.642,9.24
2014,11,1,13,0,5.462,9.256
2014,11,1,14,0,5.546,9.102
2014,11,1,15,0,5.204,9.356
2014,11,1,16,0,3.726,9.858
2014,11,1,17,0,3.96,11.228
2014,11,1,18,0,3.676,11.374
2014,11,1,19,0,3.496,10.344
2014,11,1,20,0,3.882,11.2
2014,11,1,21,0,4.132,10.994
2014,11,1,22,0,4.246,10.864
2014,11,1,23,0,4.294,11.134
2014,11,2,0,0,4.26,10.896
2014,11,2,1,0,4.816,11.956
2014,11,2,2,0,4.942,12.174
2014,11,2,3,0,4.85,11.768
2014,11,2,4,0,5.044,12.364
2014,11,2,5,0,5.36,12.692
2014,11,2,6,0,5.512,13.026
2014,11,2,7,0,5.046,12.522
2014,11,2,8,0,5.818,11.584
2014,11,2,9,0,6.374,11.15
2014,11,2,10,0,6.404,10.554
2014,11,2,11,0,6.75,10.312
2014,11,2,12,0,7.16,10.79
2014,11,2,13,0,7.172,10.84
2014,11,2,14,0,6.708,11.262
2014,11,2,15,0,6.22,11.506
2014,11,2,16,0,5.232,11.974
2014,11,2,17,0,4.438,10.82
2014,11,2,18,0,4.286,10.444
2014,11,2,19,0,3.848,10.306
2014,11,2,20,0,4.192,10.07
2014,11,2,21,0,4.078,10.392
2014,11,2,22,0,3.694,10.564
2014,11,2,23,0,4.648,11.486
2014,11,3,0,0,4.392,10.278
2014,11,3,1,0,4.23,9.72
2014,11,3,2,0,4.048,9.798
2014,11,3,3,0,4.48,10.474
2014,11,3,4,0,3.506,9.334
2014,11,3,5,0,4.09,10.004
2014,11,3,6,0,3.712,9.602
2014,11,3,7,0,3.684,9.48
2014,11,3,8,0,3.97,8.62
2014,11,3,9,0,5.864,9.104
2014,11,3,10,0,6.17,8.862
2014,11,3,11,0,6.382,8.724
2014,11,3,12,0,6.28,8.338
2014,11,3,13,0,6.42,8.694
2014,11,3,14,0,6.106,8.428
2014,11,3,15,0,5.02,7.274
2014,11,3,16,0,3.072,7.718
2014,11,3,17,0,2.986,8.824
2014,11,3,18,0,3.066,8.794
2014,11,3,19,0,2.81,8.684
2014,11,3,20,0,2.89,8.69
2014,11,3,21,0,3.078,8.702
2014,11,3,22,0,2.43,7.418
2014,11,3,23,0,1.794,6.546
2014,11,4,0,0,2.478,6.638
2014,11,4,1,0,2.296,6.258
2014,11,4,2,0,2.118,5.92
2014,11,4,3,0,1.888,5.63
2014,11,4,4,0,1.772,5.776
2014,11,4,5,0,1.482,3.862
2014,11,4,6,0,1.6,4.228
2014,11,4,7,0,1.394,4.708
2014,11,4,8,0,1.568,3.706
2014,11,4,9,0,2.258,2.69
2014,11,4,10,0,2.302,2.536
2014,11,4,11,0,2.49,2.726
2014,11,4,12,0,2.538,2.752
2014,11,4,13,0,2.564,2.87
2014,11,4,14,0,2.51,3.032
2014,11,4,15,0,2.866,4.07
2014,11,4,16,0,2.17,4.868
2014,11,4,17,0,2.26,5.562
2014,11,4,18,0,2.078,5.886
2014,11,4,19,0,2.114,6.058
2014,11,4,20,0,2.01,6.67
2014,11,4,21,0,2.022,7.078
2014,11,4,22,0,1.704,7.378
2014,11,4,23,0,1.65,7.294
2014,11,5,0,0,2.022,7.514
2014,11,5,1,0,2.178,7.298
2014,11,5,2,0,2.53,7.95
2014,11,5,3,0,2.67,7.418
2014,11,5,4,0,2.392,7.342
2014,11,5,5,0,2.04,7.144
2014,11,5,6,0,1.888,6.886
2014,11,5,7,0,1.762,6.676
2014,11,5,8,0,1.51,5.9
2014,11,5,9,0,2.968,5.172
2014,11,5,10,0,3.65,5.546
2014,11,5,11,0,4.806,6.796
2014,11,5,12,0,5.282,7.188
2014,11,5,13,0,4.552,6.648
2014,11,5,14,0,4.12,6.17
2014,11,5,15,0,3.444,6.39
2014,11,5,16,0,2.644,7.798
2014,11,5,17,0,2.584,8.074
2014,11,5,18,0,2.796,8.726
2014,11,5,19,0,2.6,7.872
2014,11,5,20,0,2.788,8.804
2014,11,5,21,0,3.058,9.026
2014,11,5,22,0,3.276,9.062
2014,11,5,23,0,2.388,7.968
2014,11,6,0,0,2.804,8.154
2014,11,6,1,0,2.81,7.48
2014,11,6,2,0,2.542,7.518
2014,11,6,3,0,2.138,6.712
2014,11,6,4,0,2.116,6.324
2014,11,6,5,0,2.712,7.256
2014,11,6,6,0,2.44,7.094
2014,11,6,7,0,2.722,7.608
2014,11,6,8,0,2.93,6.922
2014,11,6,9,0,4.008,6.278
2014,11,6,10,0,4.304,6.19
2014,11,6,11,0,4.73,7.43
2014,11,6,12,0,5.612,8.264
2014,11,6,13,0,5.504,8.578
2014,11,6,14,0,5.662,9.504
2014,11,6,15,0,5.466,10.156
2014,11,6,16,0,4.042,10.632
2014,11,6,17,0,4.398,11.38
2014,11,6,18,0,4.554,11.798
2014,11,6,19,0,5.2,12.652
2014,11,6,20,0,4.942,12.384
2014,11,6,21,0,4.626,11.668
2014,11,6,22,0,3.866,10.186
2014,11,6,23,0,3.426,8.862
2014,11,7,0,0,3.486,8.294
2014,11,7,1,0,3.008,7.798
2014,11,7,2,0,2.68,7.09
2014,11,7,3,0,2.778,7.542
2014,11,7,4,0,2.664,6.984
2014,11,7,5,0,2.286,6.69
2014,11,7,6,0,2.298,6.348
2014,11,7,7,0,2.706,7.04
2014,11,7,8,0,3.02,6.508
2014,11,7,9,0,3.906,5.696
2014,11,7,10,0,4.918,6.71
2014,11,7,11,0,5.126,6.942
2014,11,7,12,0,5.508,7.514
2014,11,7,13,0,5.586,7.662
2014,11,7,14,0,5.744,7.98
2014,11,7,15,0,5.048,8.176
2014,11,7,16,0,3.312,8.446
2014,11,7,17,0,3.316,9.09
2014,11,7,18,0,3.586,9.8
2014,11,7,19,0,3.346,9.578
2014,11,7,20,0,3.566,9.552
2014,11,7,21,0,3.278,9.4
2014,11,7,22,0,3.4,9.212
2014,11,7,23,0,4.278,10.05
2014,11,8,0,0,4.604,9.848
2014,11,8,1,0,3.778,9.886
2014,11,8,2,0,3.412,8.964
2014,11,8,3,0,3.318,8.326
2014,11,8,4,0,2.772,8.478
2014,11,8,5,0,2.792,8.292
2014,11,8,6,0,3.166,8.732
2014,11,8,7,0,2.704,8.314
2014,11,8,8,0,3.526,6.722
2014,11,8,9,0,4.71,6.296
2014,11,8,10,0,5.046,6.52
2014,11,8,11,0,5.184,6.632
2014,11,8,12,0,5.14,6.578
2014,11,8,13,0,4.856,6.066
2014,11,8,14,0,5.108,6.614
2014,11,8,15,0,4.402,5.966
2014,11,8,16,0,2.66,6.258
2014,11,8,17,0,2.774,6.62
2014,11,8,18,0,2.704,6.68
2014,11,8,19,0,2.788,6.394
2014,11,8,20,0,2.5,5.996
2014,11,8,21,0,2.734,5.866
2014,11,8,22,0,2.258,5.676
2014,11,8,23,0,2.334,5.42
2014,11,9,0,0,2.398,5.448
2014,11,9,1,0,2.168,5.288
2014,11,9,2,0,1.838,5.29
2014,11,9,3,0,1.41,5.28
2014,11,9,4,0,1.366,4.682
2014,11,9,5,0,1.514,4.796
2014,11,9,6,0,1.6,4.684
2014,11,9,7,0,1.184,4.72
2014,11,9,8,0,1.626,4.02
2014,11,9,9,0,2.254,3.082
2014,11,9,10,0,2.438,2.912
2014,11,9,11,0,2.5,2.908
2014,11,9,12,0,3.132,3.654
2014,11,9,13,0,3.154,3.934
2014,11,9,14,0,3.254,3.952
2014,11,9,15,0,3.19,4.8
2014,11,9,16,0,2.174,5.1
2014,11,9,17,0,2.352,5.998
2014,11,9,18,0,2.246,6.816
2014,11,9,19,0,2.402,6.692
2014,11,9,20,0,2.328,6.336
2014,11,9,21,0,2.462,6.746
2014,11,9,22,0,2.96,8.246
2014,11,9,23,0,2.91,8.422
2014,11,10,0,0,3.428,9.376
2014,11,10,1,0,3.044,8.736
2014,11,10,2,0,3.062,8.668
2014,11,10,3,0,3.034,8.874
2014,11,10,4,0,2.988,8.63
2014,11,10,5,0,2.986,8.24
2014,11,10,6,0,3.268,8.7
2014,11,10,7,0,3.002,8.116
2014,11,10,8,0,3.518,7.462
2014,11,10,9,0,4.014,6.09
2014,11,10,10,0,4.526,6.096
2014,11,10,11,0,4.676,6.258
2014,11,10,12,0,5.024,6.64
2014,11,10,13,0,5.184,6.778
2014,11,10,14,0,4.554,6.006
2014,11,10,15,0,3.912,5.878
2014,11,10,16,0,3.042,7.092
2014,11,10,17,0,2.89,7.096
2014,11,10,18,0,2.878,7.044
2014,11,10,19,0,3.214,7.946
2014,11,10,20,0,2.858,8.29
2014,11,10,21,0,3.35,8.71
2014,11,10,22,0,3.042,8.818
2014,11,10,23,0,3.376,8.806
2014,11,11,0,0,3.61,8.924
2014,11,11,1,0,3.216,8.62
2014,11,11,2,0,3.244,8.61
2014,11,11,3,0,3.244,8.276
2014,11,11,4,0,2.538,7.808
2014,11,11,5,0,2.87,8.108
2014,11,11,6,0,2.612,8.184
2014,11,11,7,0,2.664,7.906
2014,11,11,8,0,2.848,6.884
2014,11,11,9,0,4.06,5.888
2014,11,11,10,0,4.272,5.552
2014,11,11,11,0,4.268,5.228
2014,11,11,12,0,4.978,6.176
2014,11,11,13,0,4.81,5.996
2014,11,11,14,0,4.202,5.18
2014,11,11,15,0,3.746,5.004
2014,11,11,16,0,1.988,5.214
2014,11,11,17,0,2.114,6.39
2014,11,11,18,0,1.902,6.746
2014,11,11,19,0,2.18,6.644
2014,11,11,20,0,2.434,6.584
2014,11,11,21,0,2.49,6.97
2014,11,11,22,0,2.374,6.764
2014,11,11,23,0,2.38,6.594
2014,11,12,0,0,2.376,6.942
2014,11,12,1,0,2.558,7.184
2014,11,12,2,0,2.412,7.042
2014,11,12,3,0,2.526,7.046
2014,11,12,4,0,2.33,7.012
2014,11,12,5,0,2.31,6.662
2014,11,12,6,0,2.444,7.152
2014,11,12,7,0,2.308,6.526
2014,11,12,8,0,2.898,6.178
2014,11,12,9,0,3.12,6.27
2014,11,12,10,0,3.636,6.132
2014,11,12,11,0,4.522,6.466
2014,11,12,12,0,5.084,7.158
2014,11,12,13,0,4.66,7.788
2014,11,12,14,0,4.458,8.344
2014,11,12,15,0,4.68,9.042
2014,11,12,16,0,5.0,10.284
2014,11,12,17,0,4.61,9.938
2014,11,12,18,0,4.772,10.602
2014,11,12,19,0,4.468,9.994
2014,11,12,20,0,4.67,9.8
2014,11,12,21,0,3.52,8.892
2014,11,12,22,0,4.286,9.916
2014,11,12,23,0,3.49,8.824
2014,11,13,0,0,3.236,8.008
2014,11,13,1,0,2.324,7.41
2014,11,13,2,0,2.904,8.39
2014,11,13,3,0,2.884,8.12
2014,11,13,4,0,3.374,8.416
2014,11,13,5,0,3.402,8.806
2014,11,13,6,0,3.8,8.564
2014,11,13,7,0,3.596,8.572
2014,11,13,8,0,4.178,7.694
2014,11,13,9,0,4.63,7.336
2014,11,13,10,0,4.638,6.716
2014,11,13,11,0,4.656,7.208
2014,11,13,12,0,4.902,7.486
2014,11,13,13,0,5.048,7.712
2014,11,13,14,0,5.24,8.296
2014,11,13,15,0,4.764,7.878
2014,11,13,16,0,4.59,9.444
2014,11,13,17,0,4.336,10.296
2014,11,13,18,0,3.96,10.178
2014,11,13,19,0,4.04,10.794
2014,11,13,20,0,4.072,10.164
2014,11,13,21,0,3.364,8.88
2014,11,13,22,0,3.46,8.63
2014,11,13,23,0,3.856,9.392
2014,11,14,0,0,3.988,9.856
2014,11,14,1,0,3.642,9.126
2014,11,14,2,0,3.524,9.186
2014,11,14,3,0,3.46,9.21
2014,11,14,4,0,3.414,7.882
2014,11,14,5,0,3.652,8.356
2014,11,14,6,0,3.534,8.39
2014,11,14,7,0,3.734,8.534
2014,11,14,8,0,5.186,8.616
2014,11,14,9,0,5.648,7.728
2014,11,14,10,0,5.336,6.76
2014,11,14,11,0,5.506,7.064
2014,11,14,12,0,5.26,6.536
2014,11,14,13,0,5.824,7.59
2014,11,14,14,0,5.744,7.708
2014,11,14,15,0,5.09,7.642
2014,11,14,16,0,3.03,7.82
2014,11,14,17,0,3.84,9.06
2014,11,14,18,0,2.584,7.878
2014,11,14,19,0,2.812,7.95
2014,11,14,20,0,3.472,8.72
2014,11,14,21,0,2.758,8.554
2014,11,14,22,0,3.032,7.856
2014,11,14,23,0,2.904,7.008
2014,11,15,0,0,2.32,5.74
2014,11,15,1,0,2.424,5.41
2014,11,15,2,0,2.228,5.51
2014,11,15,3,0,2.208,5.714
2014,11,15,4,0,1.928,5.386
2014,11,15,5,0,2.136,5.168
2014,11,15,6,0,1.994,5.9
2014,11,15,7,0,2.004,5.13
2014,11,15,8,0,3.158,6.01
2014,11,15,9,0,3.54,5.062
2014,11,15,10,0,4.262,5.288
2014,11,15,11,0,4.734,6.04
2014,11,15,12,0,4.53,5.878
2014,11,15,13,0,4.696,6.19
2014,11,15,14,0,4.754,6.584
2014,11,15,15,0,3.946,7.33
2014,11,15,16,0,3.04,7.59
2014,11,15,17,0,2.894,8.058
2014,11,15,18,0,2.946,7.606
2014,11,15,19,0,3.106,8.292
2014,11,15,20,0,3.13,8.164
2014,11,15,21,0,3.144,9.622
2014,11,15,22,0,3.396,8.39
2014,11,15,23,0,3.544,8.776
2014,11,16,0,0,3.716,9.318
2014,11,16,1,0,3.43,8.386
2014,11,16,2,0,3.486,8.35
2014,11,16,3,0,4.12,9.07
2014,11,16,4,0,3.718,8.186
2014,11,16,5,0,3.11,6.942
2014,11,16,6,0,3.066,6.784
2014,11,16,7,0,2.622,6.734
2014,11,16,8,0,2.97,5.984
2014,11,16,9,0,3.682,5.64
2014,11,16,10,0,3.934,5.508
2014,11,16,11,0,4.304,6.004
2014,11,16,12,0,5.09,6.664
2014,11,16,13,0,4.784,7.068
2014,11,16,14,0,4.206,6.122
2014,11,16,15,0,3.832,6.866
2014,11,16,16,0,2.73,7.364
2014,11,16,17,0,3.32,9.122
2014,11,16,18,0,3.24,9.366
2014,11,16,19,0,2.956,9.178
2014,11,16,20,0,3.14,10.04
2014,11,16,21,0,3.316,10.13
2014,11,16,22,0,3.846,10.622
2014,11,16,23,0,3.978,10.71
2014,11,17,0,0,4.252,10.82
2014,11,17,1,0,3.812,10.702
2014,11,17,2,0,4.41,11.974
2014,11,17,3,0,5.238,13.478
2014,11,17,4,0,4.436,12.204
2014,11,17,5,0,4.634,12.322
2014,11,17,6,0,4.414,11.842
2014,11,17,7,0,4.442,12.126
2014,11,17,8,0,4.802,10.782
2014,11,17,9,0,5.874,10.158
2014,11,17,10,0,6.222,10.222
2014,11,17,11,0,6.322,10.384
2014,11,17,12,0,6.164,10.088
2014,11,17,13,0,5.778,9.252
2014,11,17,14,0,5.5,8.958
2014,11,17,15,0,4.884,8.782
2014,11,17,16,0,4.396,10.206
2014,11,17,17,0,5.042,11.912
2014,11,17,18,0,5.258,12.13
2014,11,17,19,0,4.424,10.17
2014,11,17,20,0,3.484,8.552
2014,11,17,21,0,3.4,8.406
2014,11,17,22,0,3.406,8.01
2014,11,17,23,0,3.948,9.19
2014,11,18,0,0,3.802,9.308
2014,11,18,1,0,3.792,9.194
2014,11,18,2,0,3.32,8.868
2014,11,18,3,0,3.9,9.264
2014,11,18,4,0,3.736,9.762
2014,11,18,5,0,3.826,9.358
2014,11,18,6,0,3.906,9.134
2014,11,18,7,0,4.072,9.172
2014,11,18,8,0,5.29,8.19
2014,11,18,9,0,5.786,7.716
2014,11,18,10,0,5.69,7.374
2014,11,18,11,0,5.978,7.616
2014,11,18,12,0,5.67,7.13
2014,11,18,13,0,5.582,7.134
2014,11,18,14,0,5.182,6.934
2014,11,18,15,0,4.548,6.794
2014,11,18,16,0,3.22,6.714
2014,11,18,17,0,2.67,6.714
2014,11,18,18,0,2.79,6.664
2014,11,18,19,0,2.82,6.75
2014,11,18,20,0,2.46,6.162
2014,11,18,21,0,2.628,6.572
2014,11,18,22,0,2.824,7.208
2014,11,18,23,0,2.918,7.238
2014,11,19,0,0,2.792,6.596
2014,11,19,1,0,3.106,6.896
2014,11,19,2,0,3.044,7.03
2014,11,19,3,0,2.918,6.952
2014,11,19,4,0,2.576,6.788
2014,11,19,5,0,2.448,6.698
2014,11,19,6,0,2.422,6.552
2014,11,19,7,0,2.368,6.464
2014,11,19,8,0,3.022,5.756
2014,11,19,9,0,3.266,5.132
2014,11,19,10,0,3.732,4.75
2014,11,19,11,0,3.908,4.862
2014,11,19,12,0,4.076,5.028
2014,11,19,13,0,4.174,5.254
2014,11,19,14,0,4.002,5.284
2014,11,19,15,0,2.94,5.464
2014,11,19,16,0,2.58,5.952
2014,11,19,17,0,2.568,6.312
2014,11,19,18,0,2.572,6.496
2014,11,19,19,0,2.64,6.606
2014,11,19,20,0,2.396,6.248
2014,11,19,21,0,2.392,6.496
2014,11,19,22,0,2.752,7.272
2014,11,19,23,0,2.552,8.004
2014,11,20,0,0,2.918,9.424
2014,11,20,1,0,3.388,9.56
2014,11,20,2,0,3.464,9.848
2014,11,20,3,0,3.18,9.952
2014,11,20,4,0,3.254,9.922
2014,11,20,5,0,3.43,9.652
2014,11,20,6,0,3.584,9.55
2014,11,20,7,0,2.804,8.466
2014,11,20,8,0,3.428,7.772
2014,11,20,9,0,3.884,7.026
2014,11,20,10,0,4.622,6.932
2014,11,20,11,0,5.43,7.62
2014,11,20,12,0,5.818,8.082
2014,11,20,13,0,5.576,7.698
2014,11,20,14,0,4.95,6.828
2014,11,20,15,0,3.678,6.898
2014,11,20,16,0,2.81,7.92
2014,11,20,17,0,3.006,8.542
2014,11,20,18,0,3.146,9.396
2014,11,20,19,0,3.572,10.116
2014,11,20,20,0,3.596,10.188
2014,11,20,21,0,3.476,10.426
2014,11,20,22,0,3.518,9.762
2014,11,20,23,0,3.742,10.424
2014,11,21,0,0,3.538,9.354
2014,11,21,1,0,3.718,9.494
2014,11,21,2,0,3.616,9.372
2014,11,21,3,0,3.326,9.54
2014,11,21,4,0,3.086,8.996
2014,11,21,5,0,3.396,8.416
2014,11,21,6,0,2.924,7.978
2014,11,21,7,0,2.826,8.066
2014,11,21,8,0,3.478,6.986
2014,11,21,9,0,5.034,6.69
2014,11,21,10,0,5.358,6.936
2014,11,21,11,0,5.45,7.01
2014,11,21,12,0,5.662,7.276
2014,11,21,13,0,5.6,7.244
2014,11,21,14,0,5.118,6.698
2014,11,21,15,0,4.516,6.598
2014,11,21,16,0,2.834,6.578
2014,11,21,17,0,2.628,7.176
2014,11,21,18,0,2.82,7.572
2014,11,21,19,0,3.58,8.548
2014,11,21,20,0,3.194,8.616
2014,11,21,21,0,2.93,8.14
2014,11,21,22,0,2.922,6.924
2014,11,21,23,0,2.85,6.582
2014,11,22,0,0,3.178,6.112
2014,11,22,1,0,3.472,6.464
2014,11,22,2,0,3.258,7.582
2014,11,22,3,0,3.706,9.11
2014,11,22,4,0,3.616,8.806
2014,11,22,5,0,3.742,9.674
2014,11,22,6,0,4.442,10.122
2014,11,22,7,0,4.63,10.072
2014,11,22,8,0,5.124,10.846
2014,11,22,9,0,5.682,10.432
2014,11,22,10,0,6.272,10.648
2014,11,22,11,0,6.662,10.074
2014,11,22,12,0,6.418,9.428
2014,11,22,13,0,6.416,9.438
2014,11,22,14,0,6.702,9.926
2014,11,22,15,0,5.548,9.494
2014,11,22,16,0,4.77,10.316
2014,11,22,17,0,5.072,12.112
2014,11,22,18,0,4.962,12.568
2014,11,22,19,0,5.146,12.674
2014,11,22,20,0,4.812,12.03
2014,11,22,21,0,3.528,10.784
2014,11,22,22,0,4.078,11.226
2014,11,22,23,0,3.654,11.07
2014,11,23,0,0,3.868,11.402
2014,11,23,1,0,3.344,10.538
2014,11,23,2,0,3.674,10.972
2014,11,23,3,0,3.912,10.462
2014,11,23,4,0,2.918,8.98
2014,11,23,5,0,3.268,8.98
2014,11,23,6,0,2.932,8.396
2014,11,23,7,0,2.784,8.2
2014,11,23,8,0,3.082,7.81
2014,11,23,9,0,3.808,6.958
2014,11,23,10,0,3.892,6.512
2014,11,23,11,0,3.746,6.224
2014,11,23,12,0,4.388,6.666
2014,11,23,13,0,4.38,6.602
2014,11,23,14,0,4.082,6.226
2014,11,23,15,0,3.892,6.924
2014,11,23,16,0,2.804,7.036
2014,11,23,17,0,2.588,7.696
2014,11,23,18,0,3.634,8.138
2014,11,23,19,0,3.0,7.826
2014,11,23,20,0,3.13,8.508
2014,11,23,21,0,2.83,8.38
2014,11,23,22,0,3.122,8.934
2014,11,23,23,0,3.188,9.026
2014,11,24,0,0,3.332,8.898
2014,11,24,1,0,3.356,9.262
2014,11,24,2,0,3.292,9.988
2014,11,24,3,0,3.674,10.036
2014,11,24,4,0,3.59,10.004
2014,11,24,5,0,3.836,10.352
2014,11,24,6,0,3.812,10.244
2014,11,24,7,0,4.002,9.982
2014,11,24,8,0,4.604,10.726
2014,11,24,9,0,5.842,11.336
2014,11,24,10,0,6.256,10.75
2014,11,24,11,0,5.488,9.168
2014,11,24,12,0,6.592,10.31
2014,11,24,13,0,6.178,10.296
2014,11,24,14,0,6.072,10.718
2014,11,24,15,0,5.354,10.636
2014,11,24,16,0,4.762,10.608
2014,11,24,17,0,4.99,11.568
2014,11,24,18,0,5.232,12.9
2014,11,24,19,0,4.772,12.516
2014,11,24,20,0,4.772,12.316
2014,11,24,21,0,4.282,11.364
2014,11,24,22,0,3.846,10.496
2014,11,24,23,0,3.95,10.148
2014,11,25,0,0,3.394,9.216
2014,11,25,1,0,3.4,9.192
2014,11,25,2,0,2.696,7.482
2014,11,25,3,0,2.948,7.754
2014,11,25,4,0,2.466,7.904
2014,11,25,5,0,2.894,8.242
2014,11,25,6,0,2.716,7.892
2014,11,25,7,0,2.852,7.812
2014,11,25,8,0,3.332,7.854
2014,11,25,9,0,2.624,5.202
2014,11,25,10,0,3.284,4.854
2014,11,25,11,0,3.886,5.03
2014,11,25,12,0,4.154,5.67
2014,11,25,13,0,4.16,5.856
2014,11,25,14,0,3.336,5.326
2014,11,25,15,0,2.916,5.992
2014,11,25,16,0,2.346,6.272
2014,11,25,17,0,2.628,6.646
2014,11,25,18,0,2.572,6.484
2014,11,25,19,0,2.346,7.192
2014,11,25,20,0,2.136,7.154
2014,11,25,21,0,2.164,6.284
2014,11,25,22,0,2.182,6.48
2014,11,25,23,0,2.328,7.114
2014,11,26,0,0,2.55,6.92
2014,11,26,1,0,2.188,6.796
2014,11,26,2,0,2.362,6.33
2014,11,26,3,0,2.206,7.446
2014,11,26,4,0,2.334,6.418
2014,11,26,5,0,2.638,7.08
2014,11,26,6,0,2.68,7.292
2014,11,26,7,0,2.89,7.868
2014,11,26,8,0,2.1,6.948
2014,11,26,9,0,2.89,6.712
2014,11,26,10,0,4.04,6.75
2014,11,26,11,0,4.526,7.226
2014,11,26,12,0,4.402,7.806
2014,11,26,13,0,4.388,8.092
2014,11,26,14,0,3.902,7.718
2014,11,26,15,0,3.97,8.212
2014,11,26,16,0,4.03,7.768
2014,11,26,17,0,3.516,7.874
2014,11,26,18,0,3.114,6.954
2014,11,26,19,0,2.666,7.11
2014,11,26,20,0,2.482,7.092
2014,11,26,21,0,2.898,7.942
2014,11,26,22,0,2.786,8.1
2014,11,26,23,0,3.322,8.49
2014,11,27,0,0,3.282,8.246
2014,11,27,1,0,2.69,7.284
2014,11,27,2,0,2.49,7.086
2014,11,27,3,0,2.568,6.404
2014,11,27,4,0,2.296,5.972
2014,11,27,5,0,2.366,5.73
2014,11,27,6,0,2.552,6.252
2014,11,27,7,0,2.2,5.988
2014,11,27,8,0,2.188,5.988
2014,11,27,9,0,2.614,5.38
2014,11,27,10,0,3.346,5.348
2014,11,27,11,0,3.524,5.214
2014,11,27,12,0,3.588,5.436
2014,11,27,13,0,3.59,5.552
2014,11,27,14,0,3.722,5.83
2014,11,27,15,0,3.478,6.616
2014,11,27,16,0,3.04,8.18
2014,11,27,17,0,3.344,8.648
2014,11,27,18,0,3.426,8.628
2014,11,27,19,0,3.592,8.814
2014,11,27,20,0,3.332,8.422
2014,11,27,21,0,3.052,8.734
2014,11,27,22,0,3.562,9.418
2014,11,27,23,0,3.31,8.332
2014,11,28,0,0,3.184,8.446
2014,11,28,1,0,3.234,8.862
2014,11,28,2,0,3.542,8.828
2014,11,28,3,0,3.646,9.16
2014,11,28,4,0,2.94,8.062
2014,11,28,5,0,2.828,7.67
2014,11,28,6,0,3.256,8.442
2014,11,28,7,0,3.47,8.542
2014,11,28,8,0,3.276,7.658
2014,11,28,9,0,4.582,6.7
2014,11,28,10,0,5.336,7.136
2014,11,28,11,0,5.404,7.236
2014,11,28,12,0,6.182,8.36
2014,11,28,13,0,6.35,8.808
2014,11,28,14,0,6.012,8.23
2014,11,28,15,0,5.226,8.222
2014,11,28,16,0,4.062,9.59
2014,11,28,17,0,4.212,10.276
2014,11,28,18,0,3.624,9.798
2014,11,28,19,0,3.228,9.07
2014,11,28,20,0,3.45,8.738
2014,11,28,21,0,3.158,7.78
2014,11,28,22,0,3.078,7.102
2014,11,28,23,0,3.014,7.372
2014,11,29,0,0,2.798,7.456
2014,11,29,1,0,2.81,7.518
2014,11,29,2,0,3.024,8.072
2014,11,29,3,0,2.544,7.466
2014,11,29,4,0,2.576,7.698
2014,11,29,5,0,2.922,7.49
2014,11,29,6,0,2.69,7.472
2014,11,29,7,0,2.442,7.214
2014,11,29,8,0,2.654,6.7
2014,11,29,9,0,4.806,6.618
2014,11,29,10,0,4.994,6.456
2014,11,29,11,0,4.864,6.252
2014,11,29,12,0,4.316,5.48
2014,11,29,13,0,4.82,6.154
2014,11,29,14,0,4.704,6.324
2014,11,29,15,0,3.86,6.696
2014,11,29,16,0,3.094,6.626
2014,11,29,17,0,3.312,7.998
2014,11,29,18,0,3.172,8.746
2014,11,29,19,0,3.278,8.58
2014,11,29,20,0,3.378,7.888
2014,11,29,21,0,3.392,8.398
2014,11,29,22,0,3.238,7.96
2014,11,29,23,0,3.044,7.846
2014,11,30,0,0,2.692,6.634
2014,11,30,1,0,2.602,6.918
2014,11,30,2,0,2.82,7.132
2014,11,30,3,0,2.848,7.662
2014,11,30,4,0,3.108,8.14
2014,11,30,5,0,3.082,9.01
2014,11,30,6,0,3.388,9.442
2014,11,30,7,0,3.446,9.532
2014,11,30,8,0,3.924,9.206
2014,11,30,9,0,4.516,8.82
2014,11,30,10,0,5.1,9.052
2014,11,30,11,0,5.43,9.376
2014,11,30,12,0,5.982,9.858
2014,11,30,13,0,5.554,9.204
2014,11,30,14,0,5.26,9.442
2014,11,30,15,0,5.28,10.242
2014,11,30,16,0,4.462,10.694
2014,11,30,17,0,4.016,11.142
2014,11,30,18,0,3.516,10.784
2014,11,30,19,0,3.838,10.732
2014,11,30,20,0,3.746,10.7
2014,11,30,21,0,3.982,10.45
2014,11,30,22,0,3.87,10.662
2014,11,30,23,0,3.862,9.51
2014,12,1,0,0,2.966,7.932
2014,12,1,1,0,2.964,7.63
2014,12,1,2,0,2.584,6.894
2014,12,1,3,0,2.072,6.12
2014,12,1,4,0,1.988,6.412
2014,12,1,5,0,2.092,6.228
2014,12,1,6,0,1.944,6.974
2014,12,1,7,0,2.462,6.186
2014,12,1,8,0,2.616,6.674
2014,12,1,9,0,2.632,5.796
2014,12,1,10,0,2.934,5.64
2014,12,1,11,0,2.814,5.726
2014,12,1,12,0,2.914,5.764
2014,12,1,13,0,3.3,6.292
2014,12,1,14,0,3.074,6.21
2014,12,1,15,0,3.13,7.004
2014,12,1,16,0,3.162,7.564
2014,12,1,17,0,3.592,8.968
2014,12,1,18,0,3.628,9.54
2014,12,1,19,0,3.814,10.026
2014,12,1,20,0,4.974,11.322
2014,12,1,21,0,5.154,11.578
2014,12,1,22,0,5.102,11.588
2014,12,1,23,0,5.464,12.094
2014,12,2,0,0,5.532,12.66
2014,12,2,1,0,5.374,11.654
2014,12,2,2,0,4.486,11.28
2014,12,2,3,0,4.234,11.286
2014,12,2,4,0,4.59,10.648
2014,12,2,5,0,4.276,10.632
2014,12,2,6,0,4.648,10.918
2014,12,2,7,0,4.2,10.366
2014,12,2,8,0,4.496,10.082
2014,12,2,9,0,5.488,9.47
2014,12,2,10,0,5.464,8.468
2014,12,2,11,0,5.188,8.89
2014,12,2,12,0,5.556,9.12
2014,12,2,13,0,5.214,9.732
2014,12,2,14,0,5.462,9.592
2014,12,2,15,0,5.296,9.942
2014,12,2,16,0,4.22,10.236
2014,12,2,17,0,4.388,10.234
2014,12,2,18,0,4.63,10.148
2014,12,2,19,0,4.702,10.078
2014,12,2,20,0,4.092,9.252
2014,12,2,21,0,3.816,8.448
2014,12,2,22,0,3.142,7.866
2014,12,2,23,0,3.026,8.028
2014,12,3,0,0,3.09,8.048
2014,12,3,1,0,3.328,8.76
2014,12,3,2,0,3.296,9.13
2014,12,3,3,0,3.76,9.246
2014,12,3,4,0,4.198,9.866
2014,12,3,5,0,4.596,10.594
2014,12,3,6,0,4.81,11.124
2014,12,3,7,0,4.48,10.522
2014,12,3,8,0,4.338,9.406
2014,12,3,9,0,4.874,9.478
2014,12,3,10,0,5.328,9.1
2014,12,3,11,0,5.818,8.626
2014,12,3,12,0,6.274,9.24
2014,12,3,13,0,6.82,9.612
2014,12,3,14,0,7.066,10.234
2014,12,3,15,0,6.014,10.696
2014,12,3,16,0,5.13,12.476
2014,12,3,17,0,4.098,11.482
2014,12,3,18,0,4.634,12.284
2014,12,3,19,0,5.42,12.984
2014,12,3,20,0,5.316,13.312
2014,12,3,21,0,4.44,12.596
2014,12,3,22,0,4.046,11.124
2014,12,3,23,0,3.62,10.412
2014,12,4,0,0,3.956,10.114
2014,12,4,1,0,3.89,9.85
2014,12,4,2,0,3.23,9.634
2014,12,4,3,0,3.08,9.914
2014,12,4,4,0,3.124,9.542
2014,12,4,5,0,3.358,9.722
2014,12,4,6,0,3.53,9.212
2014,12,4,7,0,3.95,9.702
2014,12,4,8,0,4.462,9.084
2014,12,4,9,0,5.712,8.572
2014,12,4,10,0,5.788,7.714
2014,12,4,11,0,5.538,6.9
2014,12,4,12,0,5.808,7.33
2014,12,4,13,0,5.762,7.392
2014,12,4,14,0,5.172,6.768
2014,12,4,15,0,4.1,6.466
2014,12,4,16,0,3.026,7.424
2014,12,4,17,0,3.002,8.286
2014,12,4,18,0,2.974,8.958
2014,12,4,19,0,2.62,8.73
2014,12,4,20,0,3.05,8.4
2014,12,4,21,0,2.804,8.104
2014,12,4,22,0,2.602,7.59
2014,12,4,23,0,2.632,7.476
2014,12,5,0,0,2.428,7.142
2014,12,5,1,0,2.552,7.224
2014,12,5,2,0,2.786,7.032
2014,12,5,3,0,2.574,6.496
2014,12,5,4,0,2.222,5.824
2014,12,5,5,0,2.216,5.464
2014,12,5,6,0,2.438,5.21
2014,12,5,7,0,2.718,5.688
2014,12,5,8,0,2.458,5.604
2014,12,5,9,0,3.47,5.21
2014,12,5,10,0,3.992,5.634
2014,12,5,11,0,4.046,5.858
2014,12,5,12,0,4.388,6.28
2014,12,5,13,0,4.374,6.266
2014,12,5,14,0,4.09,6.14
2014,12,5,15,0,3.38,6.53
2014,12,5,16,0,2.674,6.69
2014,12,5,17,0,3.062,6.98
2014,12,5,18,0,2.648,6.498
2014,12,5,19,0,2.696,6.836
2014,12,5,20,0,2.856,7.236
2014,12,5,21,0,2.816,7.384
2014,12,5,22,0,3.402,8.452
2014,12,5,23,0,3.54,8.924
2014,12,6,0,0,3.51,9.276
2014,12,6,1,0,3.882,10.118
2014,12,6,2,0,2.472,5.51
2014,12,6,3,0,2.698,7.136
2014,12,6,4,0,2.43,6.236
2014,12,6,5,0,2.256,5.742
2014,12,6,6,0,2.476,6.414
2014,12,6,7,0,2.308,5.952
2014,12,6,8,0,2.254,5.736
2014,12,6,9,0,3.068,5.13
2014,12,6,10,0,3.558,5.194
2014,12,6,11,0,4.088,6.124
2014,12,6,12,0,4.662,6.928
2014,12,6,13,0,4.69,7.194
2014,12,6,14,0,4.28,7.196
2014,12,6,15,0,3.372,6.814
2014,12,6,16,0,2.96,7.378
2014,12,6,17,0,2.292,7.006
2014,12,6,18,0,2.212,7.092
2014,12,6,19,0,2.682,7.818
2014,12,6,20,0,3.426,9.162
2014,12,6,21,0,4.042,10.048
2014,12,6,22,0,3.448,9.922
2014,12,6,23,0,4.046,10.11
2014,12,7,0,0,4.32,10.604
2014,12,7,1,0,3.742,10.106
2014,12,7,2,0,3.7,10.092
2014,12,7,3,0,3.638,10.166
2014,12,7,4,0,4.4,10.418
2014,12,7,5,0,4.298,10.502
2014,12,7,6,0,4.26,9.856
2014,12,7,7,0,4.064,9.632
2014,12,7,8,0,5.218,9.418
2014,12,7,9,0,6.354,9.086
2014,12,7,10,0,6.324,8.506
2014,12,7,11,0,5.85,7.776
2014,12,7,12,0,5.784,7.534
2014,12,7,13,0,5.53,7.18
2014,12,7,14,0,5.05,6.6
2014,12,7,15,0,4.944,7.11
2014,12,7,16,0,3.44,7.368
2014,12,7,17,0,2.78,7.028
2014,12,7,18,0,3.26,7.638
2014,12,7,19,0,2.966,7.374
2014,12,7,20,0,2.76,6.888
2014,12,7,21,0,2.746,7.176
2014,12,7,22,0,2.662,7.182
2014,12,7,23,0,3.02,6.902
2014,12,8,0,0,3.472,7.35
2014,12,8,1,0,3.63,6.916
2014,12,8,2,0,3.496,7.208
2014,12,8,3,0,3.358,6.87
2014,12,8,4,0,3.606,7.466
2014,12,8,5,0,4.208,7.896
2014,12,8,6,0,4.01,7.486
2014,12,8,7,0,4.234,7.48
2014,12,8,8,0,4.286,7.634
2014,12,8,9,0,4.818,7.224
2014,12,8,10,0,5.316,6.948
2014,12,8,11,0,5.618,7.244
2014,12,8,12,0,5.76,7.434
2014,12,8,13,0,5.804,7.622
2014,12,8,14,0,5.138,7.212
2014,12,8,15,0,4.54,7.678
2014,12,8,16,0,3.664,8.454
2014,12,8,17,0,3.652,8.646
2014,12,8,18,0,3.326,8.018
2014,12,8,19,0,3.432,8.18
2014,12,8,20,0,3.198,8.608
2014,12,8,21,0,3.486,8.128
2014,12,8,22,0,3.522,9.028
2014,12,8,23,0,3.512,8.942
2014,12,9,0,0,3.732,9.256
2014,12,9,1,0,3.338,9.168
2014,12,9,2,0,2.912,7.818
2014,12,9,3,0,3.006,7.366
2014,12,9,4,0,2.812,6.786
2014,12,9,5,0,2.302,6.312
2014,12,9,6,0,2.708,5.998
2014,12,9,7,0,2.772,6.494
2014,12,9,8,0,2.984,7.196
2014,12,9,9,0,3.772,7.542
2014,12,9,10,0,3.896,7.464
2014,12,9,11,0,4.404,8.466
2014,12,9,12,0,4.94,9.056
2014,12,9,13,0,5.1,9.338
2014,12,9,14,0,5.476,10.144
2014,12,9,15,0,5.284,10.434
2014,12,9,16,0,5.054,11.166
2014,12,9,17,0,4.856,11.438
2014,12,9,18,0,4.798,11.626
2014,12,9,19,0,4.728,12.184
2014,12,9,20,0,4.364,11.8
2014,12,9,21,0,4.668,11.92
2014,12,9,22,0,4.884,11.936
2014,12,9,23,0,4.28,11.12
2014,12,10,0,0,4.244,10.78
2014,12,10,1,0,4.164,10.698
2014,12,10,2,0,3.834,10.4
2014,12,10,3,0,4.298,11.334
2014,12,10,4,0,4.576,11.228
2014,12,10,5,0,4.176,10.354
2014,12,10,6,0,3.92,9.912
2014,12,10,7,0,3.678,10.004
2014,12,10,8,0,3.83,10.074
2014,12,10,9,0,4.64,9.626
2014,12,10,10,0,5.742,9.818
2014,12,10,11,0,6.142,9.754
2014,12,10,12,0,5.562,9.326
2014,12,10,13,0,5.434,9.202
2014,12,10,14,0,5.08,8.71
2014,12,10,15,0,4.298,8.466
2014,12,10,16,0,3.918,9.022
2014,12,10,17,0,3.91,9.348
2014,12,10,18,0,4.09,9.604
2014,12,10,19,0,2.948,7.96
2014,12,10,20,0,2.234,7.05
2014,12,10,21,0,3.73,7.742
2014,12,10,22,0,3.402,7.218
2014,12,10,23,0,3.602,7.668
2014,12,11,0,0,3.356,7.146
2014,12,11,1,0,3.308,6.67
2014,12,11,2,0,3.256,6.488
2014,12,11,3,0,3.134,6.162
2014,12,11,4,0,2.906,5.668
2014,12,11,5,0,2.642,5.128
2014,12,11,6,0,2.712,5.208
2014,12,11,7,0,2.728,4.922
2014,12,11,8,0,2.588,4.77
2014,12,11,9,0,3.07,5.01
2014,12,11,10,0,3.636,4.82
2014,12,11,11,0,4.12,5.524
2014,12,11,12,0,4.562,5.92
2014,12,11,13,0,4.944,6.658
2014,12,11,14,0,4.908,6.966
2014,12,11,15,0,3.942,7.062
2014,12,11,16,0,3.844,8.122
2014,12,11,17,0,2.91,8.182
2014,12,11,18,0,3.116,8.47
2014,12,11,19,0,2.868,8.26
2014,12,11,20,0,3.338,8.63
2014,12,11,21,0,3.066,8.128
2014,12,11,22,0,2.63,7.998
2014,12,11,23,0,3.584,8.99
2014,12,12,0,0,3.406,8.982
2014,12,12,1,0,3.376,8.92
2014,12,12,2,0,3.758,9.576
2014,12,12,3,0,3.86,9.622
2014,12,12,4,0,3.026,8.1
2014,12,12,5,0,3.43,7.988
2014,12,12,6,0,3.352,7.966
2014,12,12,7,0,2.74,7.358
2014,12,12,8,0,3.35,7.022
2014,12,12,9,0,4.092,5.968
2014,12,12,10,0,4.186,5.52
2014,12,12,11,0,3.816,4.824
2014,12,12,12,0,4.652,5.782
2014,12,12,13,0,4.326,5.992
2014,12,12,14,0,4.07,6.424
2014,12,12,15,0,3.184,6.238
2014,12,12,16,0,2.738,7.272
2014,12,12,17,0,2.782,7.158
2014,12,12,18,0,2.922,7.228
2014,12,12,19,0,2.744,6.882
2014,12,12,20,0,2.62,6.868
2014,12,12,21,0,2.694,7.42
2014,12,12,22,0,2.594,7.996
2014,12,12,23,0,2.55,7.846
2014,12,13,0,0,2.658,7.592
2014,12,13,1,0,3.122,7.802
2014,12,13,2,0,3.022,7.338
2014,12,13,3,0,2.874,7.51
2014,12,13,4,0,2.82,7.202
2014,12,13,5,0,3.0,6.698
2014,12,13,6,0,2.294,6.096
2014,12,13,7,0,2.6,6.524
2014,12,13,8,0,2.202,6.784
2014,12,13,9,0,3.536,5.874
2014,12,13,10,0,3.816,5.254
2014,12,13,11,0,4.426,5.86
2014,12,13,12,0,4.51,6.21
2014,12,13,13,0,4.29,6.316
2014,12,13,14,0,4.222,6.528
2014,12,13,15,0,3.584,6.942
2014,12,13,16,0,2.952,7.37
2014,12,13,17,0,2.614,7.65
2014,12,13,18,0,2.824,7.378
2014,12,13,19,0,2.51,7.352
2014,12,13,20,0,2.88,7.582
2014,12,13,21,0,2.754,7.81
2014,12,13,22,0,2.824,7.84
2014,12,13,23,0,2.554,7.99
2014,12,14,0,0,2.852,7.768
2014,12,14,1,0,3.146,8.086
2014,12,14,2,0,2.848,7.978
2014,12,14,3,0,3.11,8.358
2014,12,14,4,0,2.874,8.846
2014,12,14,5,0,2.57,8.504
2014,12,14,6,0,2.95,8.508
2014,12,14,7,0,2.978,8.178
2014,12,14,8,0,2.882,7.936
2014,12,14,9,0,2.672,6.802
2014,12,14,10,0,3.414,6.552
2014,12,14,11,0,3.162,5.85
2014,12,14,12,0,3.306,4.892
2014,12,14,13,0,3.732,6.05
2014,12,14,14,0,3.512,6.76
2014,12,14,15,0,3.53,8.25
2014,12,14,16,0,3.654,9.724
2014,12,14,17,0,3.566,10.592
2014,12,14,18,0,4.13,11.822
2014,12,14,19,0,4.678,12.814
2014,12,14,20,0,4.964,12.59
2014,12,14,21,0,5.186,12.902
2014,12,14,22,0,5.3,12.934
2014,12,14,23,0,5.284,13.364
2014,12,15,0,0,5.182,13.15
2014,12,15,1,0,4.84,12.342
2014,12,15,2,0,5.068,12.362
2014,12,15,3,0,5.056,12.434
2014,12,15,4,0,4.778,12.886
2014,12,15,5,0,5.494,12.862
2014,12,15,6,0,4.912,11.964
2014,12,15,7,0,5.35,13.05
2014,12,15,8,0,5.2,11.912
2014,12,15,9,0,5.722,9.722
2014,12,15,10,0,6.528,9.632
2014,12,15,11,0,7.052,10.076
2014,12,15,12,0,6.884,10.196
2014,12,15,13,0,6.826,9.742
2014,12,15,14,0,6.104,9.188
2014,12,15,15,0,5.312,8.942
2014,12,15,16,0,4.084,9.442
2014,12,15,17,0,4.184,9.588
2014,12,15,18,0,4.588,10.01
2014,12,15,19,0,4.394,9.786
2014,12,15,20,0,4.724,10.074
2014,12,15,21,0,4.822,10.304
2014,12,15,22,0,4.604,9.926
2014,12,15,23,0,4.044,9.072
2014,12,16,0,0,3.916,8.328
2014,12,16,1,0,3.97,8.294
2014,12,16,2,0,3.824,8.04
2014,12,16,3,0,3.378,7.24
2014,12,16,4,0,3.816,8.074
2014,12,16,5,0,3.89,8.004
2014,12,16,6,0,3.552,7.182
2014,12,16,7,0,3.238,6.98
2014,12,16,8,0,3.542,6.776
2014,12,16,9,0,4.288,5.946
2014,12,16,10,0,4.474,5.484
2014,12,16,11,0,4.098,4.878
2014,12,16,12,0,4.13,4.878
2014,12,16,13,0,3.888,4.612
2014,12,16,14,0,3.818,4.658
2014,12,16,15,0,3.546,5.196
2014,12,16,16,0,3.262,6.024
2014,12,16,17,0,2.738,5.956
2014,12,16,18,0,2.972,6.114
2014,12,16,19,0,2.628,5.958
2014,12,16,20,0,2.252,5.672
2014,12,16,21,0,2.418,5.75
2014,12,16,22,0,2.818,6.798
2014,12,16,23,0,2.482,6.68
2014,12,17,0,0,2.88,6.854
2014,12,17,1,0,3.304,7.276
2014,12,17,2,0,2.798,6.89
2014,12,17,3,0,3.618,7.972
2014,12,17,4,0,3.456,8.286
2014,12,17,5,0,3.812,8.696
2014,12,17,6,0,4.146,9.434
2014,12,17,7,0,4.044,9.824
2014,12,17,8,0,4.258,9.93
2014,12,17,9,0,5.312,10.382
2014,12,17,10,0,5.994,10.498
2014,12,17,11,0,6.142,10.024
2014,12,17,12,0,5.956,10.464
2014,12,17,13,0,6.392,11.344
2014,12,17,14,0,5.928,9.426
2014,12,17,15,0,5.162,9.486
2014,12,17,16,0,3.774,9.206
2014,12,17,17,0,4.51,10.574
2014,12,17,18,0,4.916,11.14
2014,12,17,19,0,4.896,11.532
2014,12,17,20,0,4.564,11.174
2014,12,17,21,0,5.214,12.392
2014,12,17,22,0,5.262,12.554
2014,12,17,23,0,4.72,11.616
2014,12,18,0,0,4.508,11.256
2014,12,18,1,0,5.986,13.026
2014,12,18,2,0,5.346,12.742
2014,12,18,3,0,4.822,11.996
2014,12,18,4,0,5.764,12.582
2014,12,18,5,0,5.422,11.518
2014,12,18,6,0,4.298,10.554
2014,12,18,7,0,3.816,10.34
2014,12,18,8,0,4.64,9.532
2014,12,18,9,0,6.548,9.926
2014,12,18,10,0,6.436,8.654
2014,12,18,11,0,6.352,8.426
2014,12,18,12,0,5.898,7.634
2014,12,18,13,0,6.046,7.932
2014,12,18,14,0,5.862,7.87
2014,12,18,15,0,4.768,7.936
2014,12,18,16,0,3.716,8.504
2014,12,18,17,0,4.094,9.33
2014,12,18,18,0,4.21,10.17
2014,12,18,19,0,4.226,9.606
2014,12,18,20,0,4.566,10.286
2014,12,18,21,0,4.668,10.538
2014,12,18,22,0,4.526,10.53
2014,12,18,23,0,3.372,8.63
2014,12,19,0,0,3.048,7.966
2014,12,19,1,0,3.324,7.546
2014,12,19,2,0,3.31,6.772
2014,12,19,3,0,3.58,8.26
2014,12,19,4,0,3.74,7.958
2014,12,19,5,0,3.338,7.65
2014,12,19,6,0,3.438,7.554
2014,12,19,7,0,3.888,8.306
2014,12,19,8,0,4.298,8.09
2014,12,19,9,0,4.886,7.23
2014,12,19,10,0,5.19,6.982
2014,12,19,11,0,5.12,6.718
2014,12,19,12,0,5.796,7.656
2014,12,19,13,0,5.828,7.684
2014,12,19,14,0,5.29,7.238
2014,12,19,15,0,5.064,7.714
2014,12,19,16,0,4.374,8.92
2014,12,19,17,0,4.31,9.754
2014,12,19,18,0,4.208,10.29
2014,12,19,19,0,4.202,10.24
2014,12,19,20,0,4.004,10.066
2014,12,19,21,0,3.652,9.652
2014,12,19,22,0,3.6,9.19
2014,12,19,23,0,3.45,8.808
2014,12,20,0,0,3.26,8.402
2014,12,20,1,0,3.36,8.276
2014,12,20,2,0,2.492,7.224
2014,12,20,3,0,2.5,6.856
2014,12,20,4,0,2.382,7.064
2014,12,20,5,0,2.656,7.154
2014,12,20,6,0,2.002,6.24
2014,12,20,7,0,1.972,6.102
2014,12,20,8,0,2.694,6.442
2014,12,20,9,0,3.586,5.668
2014,12,20,10,0,3.796,5.502
2014,12,20,11,0,3.644,5.066
2014,12,20,12,0,3.712,5.014
2014,12,20,13,0,3.806,4.954
2014,12,20,14,0,3.672,5.024
2014,12,20,15,0,2.828,4.966
2014,12,20,16,0,2.506,5.626
2014,12,20,17,0,2.328,5.664
2014,12,20,18,0,1.92,6.218
2014,12,20,19,0,2.322,7.272
2014,12,20,20,0,2.49,7.324
2014,12,20,21,0,2.522,6.962
2014,12,20,22,0,2.304,7.298
2014,12,20,23,0,3.07,7.992
2014,12,21,0,0,3.084,7.736
2014,12,21,1,0,3.166,8.482
2014,12,21,2,0,3.048,8.612
2014,12,21,3,0,2.96,9.37
2014,12,21,4,0,3.654,9.33
2014,12,21,5,0,3.872,9.658
2014,12,21,6,0,3.872,9.43
2014,12,21,7,0,3.804,9.522
2014,12,21,8,0,3.682,9.352
2014,12,21,9,0,4.398,9.668
2014,12,21,10,0,4.604,9.372
2014,12,21,11,0,4.356,8.484
2014,12,21,12,0,4.888,9.562
2014,12,21,13,0,4.26,8.464
2014,12,21,14,0,4.178,8.694
2014,12,21,15,0,3.77,8.556
2014,12,21,16,0,3.454,8.548
2014,12,21,17,0,3.112,8.624
2014,12,21,18,0,3.094,9.044
2014,12,21,19,0,3.254,8.844
2014,12,21,20,0,3.572,9.5
2014,12,21,21,0,3.534,9.214
2014,12,21,22,0,3.242,8.89
2014,12,21,23,0,3.406,8.676
2014,12,22,0,0,3.418,8.918
2014,12,22,1,0,3.48,8.834
2014,12,22,2,0,3.724,9.746
2014,12,22,3,0,3.664,9.552
2014,12,22,4,0,3.918,9.858
2014,12,22,5,0,3.838,10.074
2014,12,22,6,0,3.738,9.29
2014,12,22,7,0,3.086,8.754
2014,12,22,8,0,2.988,8.056
2014,12,22,9,0,4.48,7.758
2014,12,22,10,0,5.368,7.622
2014,12,22,11,0,5.456,7.79
2014,12,22,12,0,5.564,8.182
2014,12,22,13,0,5.474,8.28
2014,12,22,14,0,5.464,9.046
2014,12,22,15,0,4.746,9.64
2014,12,22,16,0,3.836,9.26
2014,12,22,17,0,3.632,8.814
2014,12,22,18,0,3.25,8.88
2014,12,22,19,0,3.532,10.38
2014,12,22,20,0,3.594,10.228
2014,12,22,21,0,3.27,10.136
2014,12,22,22,0,3.96,9.966
2014,12,22,23,0,3.502,9.472
2014,12,23,0,0,3.632,9.814
2014,12,23,1,0,3.078,8.718
2014,12,23,2,0,2.468,8.02
2014,12,23,3,0,2.9,7.648
2014,12,23,4,0,3.122,8.328
2014,12,23,5,0,2.166,7.342
2014,12,23,6,0,2.486,6.866
2014,12,23,7,0,2.554,6.9
2014,12,23,8,0,2.368,6.774
2014,12,23,9,0,3.03,6.234
2014,12,23,10,0,3.83,6.162
2014,12,23,11,0,3.526,5.346
2014,12,23,12,0,3.702,5.566
2014,12,23,13,0,3.57,5.982
2014,12,23,14,0,3.762,6.782
2014,12,23,15,0,2.918,6.026
2014,12,23,16,0,3.014,7.146
2014,12,23,17,0,2.574,6.564
2014,12,23,18,0,3.526,7.146
2014,12,23,19,0,3.168,6.888
2014,12,23,20,0,3.432,8.016
2014,12,23,21,0,3.354,7.996
2014,12,23,22,0,2.816,7.654
2014,12,23,23,0,2.778,7.638
2014,12,24,0,0,2.988,8.612
2014,12,24,1,0,2.656,8.26
2014,12,24,2,0,3.482,9.458
2014,12,24,3,0,2.75,8.198
2014,12,24,4,0,3.466,9.456
2014,12,24,5,0,3.336,9.736
2014,12,24,6,0,3.064,9.03
2014,12,24,7,0,2.994,8.462
2014,12,24,8,0,3.462,9.532
2014,12,24,9,0,4.292,10.608
2014,12,24,10,0,4.396,10.156
2014,12,24,11,0,5.344,10.656
2014,12,24,12,0,6.028,10.912
2014,12,24,13,0,5.772,11.076
2014,12,24,14,0,5.78,11.036
2014,12,24,15,0,3.928,10.012
2014,12,24,16,0,4.54,11.478
2014,12,24,17,0,4.436,11.792
2014,12,24,18,0,4.862,12.488
2014,12,24,19,0,4.818,12.952
2014,12,24,20,0,5.178,13.714
2014,12,24,21,0,5.3,13.696
2014,12,24,22,0,4.994,12.604
2014,12,24,23,0,4.332,11.92
2014,12,25,0,0,4.938,12.636
2014,12,25,1,0,5.074,12.91
2014,12,25,2,0,5.568,13.684
2014,12,25,3,0,5.466,13.87
2014,12,25,4,0,4.508,12.188
2014,12,25,5,0,4.802,11.532
2014,12,25,6,0,4.556,11.048
2014,12,25,7,0,3.904,10.26
2014,12,25,8,0,3.406,8.63
2014,12,25,9,0,3.79,7.526
2014,12,25,10,0,4.272,7.226
2014,12,25,11,0,4.566,7.278
2014,12,25,12,0,4.76,7.508
2014,12,25,13,0,4.946,7.76
2014,12,25,14,0,4.66,7.466
2014,12,25,15,0,3.692,7.364
2014,12,25,16,0,3.262,7.646
2014,12,25,17,0,3.296,7.672
2014,12,25,18,0,3.268,7.916
2014,12,25,19,0,3.822,8.814
2014,12,25,20,0,3.67,8.944
2014,12,25,21,0,3.558,9.474
2014,12,25,22,0,3.746,9.742
2014,12,25,23,0,3.546,9.636
2014,12,26,0,0,3.542,9.402
2014,12,26,1,0,3.53,9.47
2014,12,26,2,0,2.914,8.962
2014,12,26,3,0,2.856,8.432
2014,12,26,4,0,2.966,7.856
2014,12,26,5,0,2.772,8.134
2014,12,26,6,0,2.738,8.404
2014,12,26,7,0,3.014,8.032
2014,12,26,8,0,3.38,7.662
2014,12,26,9,0,4.868,7.286
2014,12,26,10,0,4.968,6.9
2014,12,26,11,0,4.67,6.202
2014,12,26,12,0,5.366,6.966
2014,12,26,13,0,5.18,6.758
2014,12,26,14,0,4.578,6.466
2014,12,26,15,0,4.108,6.6
2014,12,26,16,0,3.218,7.354
2014,12,26,17,0,2.966,7.49
2014,12,26,18,0,2.71,7.014
2014,12,26,19,0,2.716,6.992
2014,12,26,20,0,2.796,7.09
2014,12,26,21,0,2.772,7.218
2014,12,26,22,0,2.584,6.844
2014,12,26,23,0,2.626,6.866
2014,12,27,0,0,3.1,7.578
2014,12,27,1,0,2.88,7.1
2014,12,27,2,0,2.472,6.444
2014,12,27,3,0,2.216,6.308
2014,12,27,4,0,2.258,5.75
2014,12,27,5,0,1.986,5.262
2014,12,27,6,0,1.87,5.946
2014,12,27,7,0,1.62,5.824
2014,12,27,8,0,2.016,6.34
2014,12,27,9,0,3.132,5.578
2014,12,27,10,0,3.3,4.93
2014,12,27,11,0,3.73,5.156
2014,12,27,12,0,3.754,5.116
2014,12,27,13,0,3.62,5.158
2014,12,27,14,0,3.262,4.484
2014,12,27,15,0,2.176,4.272
2014,12,27,16,0,2.51,5.462
2014,12,27,17,0,2.17,5.47
2014,12,27,18,0,1.522,4.314
2014,12,27,19,0,1.968,5.394
2014,12,27,20,0,2.086,6.052
2014,12,27,21,0,2.688,7.154
2014,12,27,22,0,2.446,6.612
2014,12,27,23,0,2.718,6.046
2014,12,28,0,0,2.44,5.99
2014,12,28,1,0,2.61,5.812
2014,12,28,2,0,2.682,6.854
2014,12,28,3,0,2.58,7.544
2014,12,28,4,0,2.304,7.976
2014,12,28,5,0,2.736,8.464
2014,12,28,6,0,3.308,8.636
2014,12,28,7,0,3.16,9.368
2014,12,28,8,0,3.25,9.368
2014,12,28,9,0,3.64,8.816
2014,12,28,10,0,4.82,8.892
2014,12,28,11,0,4.968,8.902
2014,12,28,12,0,5.782,9.394
2014,12,28,13,0,5.836,9.914
2014,12,28,14,0,5.256,10.142
2014,12,28,15,0,5.172,10.452
2014,12,28,16,0,4.226,10.268
2014,12,28,17,0,3.574,10.686
2014,12,28,18,0,4.058,10.078
2014,12,28,19,0,4.596,10.414
2014,12,28,20,0,4.544,10.722
2014,12,28,21,0,4.454,10.976
2014,12,28,22,0,4.22,10.486
2014,12,28,23,0,4.358,10.65
2014,12,29,0,0,3.928,10.2
2014,12,29,1,0,4.344,10.706
2014,12,29,2,0,3.85,9.878
2014,12,29,3,0,3.986,9.622
2014,12,29,4,0,4.008,9.638
2014,12,29,5,0,4.064,9.644
2014,12,29,6,0,3.35,9.05
2014,12,29,7,0,3.78,10.06
2014,12,29,8,0,4.366,10.046
2014,12,29,9,0,5.306,10.02
2014,12,29,10,0,5.874,9.924
2014,12,29,11,0,5.798,8.69
2014,12,29,12,0,5.014,6.344
2014,12,29,13,0,6.418,9.42
2014,12,29,14,0,6.566,9.308
2014,12,29,15,0,6.128,8.882
2014,12,29,16,0,4.662,8.47
2014,12,29,17,0,4.236,8.468
2014,12,29,18,0,3.316,8.418
2014,12,29,19,0,3.266,8.138
2014,12,29,20,0,2.888,8.194
2014,12,29,21,0,2.816,8.016
2014,12,29,22,0,3.326,7.566
2014,12,29,23,0,2.582,6.588
2014,12,30,0,0,2.896,5.832
2014,12,30,1,0,2.996,7.334
2014,12,30,2,0,3.268,7.286
2014,12,30,3,0,3.072,7.066
2014,12,30,4,0,3.092,7.178
2014,12,30,5,0,3.036,6.996
2014,12,30,6,0,2.852,6.596
2014,12,30,7,0,2.82,6.328
2014,12,30,8,0,2.704,5.462
2014,12,30,9,0,3.152,5.232
2014,12,30,10,0,3.318,5.098
2014,12,30,11,0,3.27,5.168
2014,12,30,12,0,3.438,5.25
2014,12,30,13,0,3.476,5.618
2014,12,30,14,0,4.026,6.52
2014,12,30,15,0,4.116,7.198
2014,12,30,16,0,3.262,7.426
2014,12,30,17,0,2.946,7.582
2014,12,30,18,0,2.732,7.508
2014,12,30,19,0,3.236,7.534
2014,12,30,20,0,3.506,7.932
2014,12,30,21,0,3.038,7.468
2014,12,30,22,0,2.904,7.228
2014,12,30,23,0,2.716,7.164
2014,12,31,0,0,2.892,7.716
2014,12,31,1,0,2.924,7.232
2014,12,31,2,0,2.618,7.09
2014,12,31,3,0,2.5,6.916
2014,12,31,4,0,2.476,6.402
2014,12,31,5,0,2.676,6.264
2014,12,31,6,0,2.72,5.854
2014,12,31,7,0,2.708,6.448
2014,12,31,8,0,2.91,6.68
2014,12,31,9,0,3.578,6.442
2014,12,31,10,0,4.24,6.89
2014,12,31,11,0,4.346,6.944
2014,12,31,12,0,4.23,6.154
2014,12,31,13,0,4.302,6.004
2014,12,31,14,0,4.03,5.51
2014,12,31,15,0,3.76,6.296
2014,12,31,16,0,2.454,5.338
2014,12,31,17,0,2.58,6.332
2014,12,31,18,0,2.502,6.562
2014,12,31,19,0,2.818,7.312
2014,12,31,20,0,3.868,9.612
2014,12,31,21,0,3.944,9.524
2014,12,31,22,0,4.426,9.928
2014,12,31,23,0,4.48,10.78
