hour,baseline_MW,ev_MW,hvac_MW,total_MW
2050-01-01 00:00:00,2028.918,1203.554,1414.72,4647.192
2050-01-01 01:00:00,1927.625,1133.15,1406.45,4467.225
2050-01-01 02:00:00,1868.784,956.427,1380.76,4205.97
2050-01-01 03:00:00,1843.281,851.09,1355.78,4050.151
2050-01-01 04:00:00,1865.26,747.299,1339.79,3952.349
2050-01-01 05:00:00,1949.351,650.747,1340.75,3940.848
2050-01-01 06:00:00,2118.144,590.499,1357.15,4065.793
2050-01-01 07:00:00,2197.683,612.992,1332.75,4143.425
2050-01-01 08:00:00,2241.921,696.827,1200.55,4139.298
2050-01-01 09:00:00,2287.547,842.616,1004.95,4135.113
2050-01-01 10:00:00,2300.817,881.98,797.98,3980.777
2050-01-01 11:00:00,2301.654,918.686,604.86,3825.2
2050-01-01 12:00:00,2305.033,953.295,448.65,3706.978
2050-01-01 13:00:00,2305.305,966.718,290.86,3562.884
2050-01-01 14:00:00,2333.61,963.886,168.32,3465.815
2050-01-01 15:00:00,2380.749,971.301,100.4,3452.45
2050-01-01 16:00:00,2529.397,1039.327,128.46,3697.184
2050-01-01 17:00:00,2738.337,1141.428,304.29,4184.056
2050-01-01 18:00:00,2821.872,1359.189,537.67,4718.732
2050-01-01 19:00:00,2871.278,1433.371,754.2,5058.85
2050-01-01 20:00:00,2829.567,1474.587,900.01,5204.163
2050-01-01 21:00:00,2625.419,1540.717,1025.02,5191.156
2050-01-01 22:00:00,2430.564,1467.435,1128.35,5026.348
2050-01-01 23:00:00,2213.944,1366.336,1227.72,4808.0
2050-01-02 00:00:00,2028.918,1203.554,1317.54,4550.012
2050-01-02 01:00:00,1927.625,1133.15,1428.61,4489.385
2050-01-02 02:00:00,1868.784,956.427,1526.75,4351.96
2050-01-02 03:00:00,1843.281,851.09,1629.29,4323.661
2050-01-02 04:00:00,1865.26,747.299,1727.31,4339.869
2050-01-02 05:00:00,1949.351,650.747,1810.34,4410.438
2050-01-02 06:00:00,2118.144,590.499,1898.49,4607.133
2050-01-02 07:00:00,2197.743,612.992,1939.69,4750.426
2050-01-02 08:00:00,2241.921,696.827,1873.92,4812.668
2050-01-02 09:00:00,2287.547,842.616,1782.9,4913.063
2050-01-02 10:00:00,2300.817,881.98,1663.08,4845.877
2050-01-02 11:00:00,2301.654,918.686,1586.57,4806.91
2050-01-02 12:00:00,2305.033,953.295,1542.19,4800.518
2050-01-02 13:00:00,2305.305,966.718,1533.32,4805.344
2050-01-02 14:00:00,2333.61,963.886,1545.58,4843.075
2050-01-02 15:00:00,2380.749,971.301,1562.54,4914.59
2050-01-02 16:00:00,2527.737,1039.327,1620.85,5187.914
2050-01-02 17:00:00,2738.337,1141.428,1735.09,5614.856
2050-01-02 18:00:00,2821.872,1359.189,1908.63,6089.692
2050-01-02 19:00:00,2871.278,1433.371,2030.3,6334.95
2050-01-02 20:00:00,2829.567,1474.587,2097.37,6401.523
2050-01-02 21:00:00,2625.419,1540.717,2151.94,6318.076
2050-01-02 22:00:00,2430.564,1467.435,2213.7,6111.698
2050-01-02 23:00:00,2213.944,1366.336,2277.81,5858.09
2050-01-03 00:00:00,2028.918,1203.554,2336.49,5568.962
2050-01-03 01:00:00,1927.625,1133.15,2414.86,5475.635
2050-01-03 02:00:00,1868.784,956.427,2468.09,5293.3
2050-01-03 03:00:00,1843.281,851.09,2513.03,5207.401
2050-01-03 04:00:00,1865.26,747.299,2549.94,5162.499
2050-01-03 05:00:00,1949.351,650.747,2585.51,5185.608
2050-01-03 06:00:00,2118.144,590.499,2619.57,5328.213
2050-01-03 07:00:00,2197.777,612.992,2614.38,5425.149
2050-01-03 08:00:00,2241.921,696.827,2508.44,5447.188
2050-01-03 09:00:00,2287.547,842.616,2385.8,5515.963
2050-01-03 10:00:00,2300.817,881.98,2308.77,5491.567
2050-01-03 11:00:00,2301.654,918.686,2209.6,5429.94
2050-01-03 12:00:00,2305.033,953.295,2072.25,5330.578
2050-01-03 13:00:00,2305.305,966.718,1974.97,5246.994
2050-01-03 14:00:00,2333.61,963.886,1913.81,5211.305
2050-01-03 15:00:00,2380.749,971.301,1886.15,5238.2
2050-01-03 16:00:00,2525.666,1039.327,1883.82,5448.813
2050-01-03 17:00:00,2738.337,1141.428,1963.78,5843.546
2050-01-03 18:00:00,2821.872,1359.189,2082.26,6263.322
2050-01-03 19:00:00,2871.278,1433.371,2190.01,6494.66
2050-01-03 20:00:00,2829.567,1474.587,2238.85,6543.003
2050-01-03 21:00:00,2625.419,1540.717,2258.39,6424.526
2050-01-03 22:00:00,2430.564,1467.435,2267.93,6165.928
2050-01-03 23:00:00,2213.944,1366.336,2268.15,5848.43
2050-01-04 00:00:00,2028.918,1203.554,2276.27,5508.742
2050-01-04 01:00:00,1927.625,1133.15,2286.62,5347.395
2050-01-04 02:00:00,1868.784,956.427,2298.18,5123.39
2050-01-04 03:00:00,1843.281,851.09,2303.52,4997.891
2050-01-04 04:00:00,1865.26,747.299,2313.39,4925.949
2050-01-04 05:00:00,1949.351,650.747,2312.69,4912.788
2050-01-04 06:00:00,2118.144,590.499,2308.49,5017.133
2050-01-04 07:00:00,2197.777,612.992,2274.62,5085.389
2050-01-04 08:00:00,2241.921,696.827,2127.12,5065.868
2050-01-04 09:00:00,2287.547,842.616,1838.02,4968.183
2050-01-04 10:00:00,2300.817,881.98,1596.6,4779.397
2050-01-04 11:00:00,2301.654,918.686,1381.94,4602.28
2050-01-04 12:00:00,2305.033,953.295,1218.82,4477.148
2050-01-04 13:00:00,2305.305,966.718,1041.83,4313.854
2050-01-04 14:00:00,2333.61,963.886,879.61,4177.105
2050-01-04 15:00:00,2380.749,971.301,781.41,4133.46
2050-01-04 16:00:00,2523.823,1039.327,830.89,4394.04
2050-01-04 17:00:00,2738.337,1141.428,1001.46,4881.226
2050-01-04 18:00:00,2821.872,1359.189,1196.75,5377.812
2050-01-04 19:00:00,2871.278,1433.371,1425.25,5729.9
2050-01-04 20:00:00,2829.567,1474.587,1578.96,5883.113
2050-01-04 21:00:00,2625.419,1540.717,1686.6,5852.736
2050-01-04 22:00:00,2430.564,1467.435,1772.28,5670.278
2050-01-04 23:00:00,2213.944,1366.336,1838.3,5418.58
2050-01-05 00:00:00,2028.918,1203.554,1892.58,5125.052
2050-01-05 01:00:00,1927.625,1133.15,1941.35,5002.125
2050-01-05 02:00:00,1868.784,956.427,1986.52,4811.73
2050-01-05 03:00:00,1843.281,851.09,2026.35,4720.721
2050-01-05 04:00:00,1865.26,747.299,2059.28,4671.839
2050-01-05 05:00:00,1949.351,650.747,2092.6,4692.698
2050-01-05 06:00:00,2118.144,590.499,2116.46,4825.103
2050-01-05 07:00:00,2197.743,612.992,2123.78,4934.516
2050-01-05 08:00:00,2241.921,696.827,2017.76,4956.508
2050-01-05 09:00:00,2287.547,842.616,1758.61,4888.773
2050-01-05 10:00:00,2300.817,881.98,1554.08,4736.877
2050-01-05 11:00:00,2301.654,918.686,1386.87,4607.21
2050-01-05 12:00:00,2305.033,953.295,1309.24,4567.568
2050-01-05 13:00:00,2305.305,966.718,1253.43,4525.454
2050-01-05 14:00:00,2333.61,963.886,1205.22,4502.715
2050-01-05 15:00:00,2380.749,971.301,1177.05,4529.1
2050-01-05 16:00:00,2522.023,1039.327,1238.07,4799.42
2050-01-05 17:00:00,2738.337,1141.428,1348.41,5228.176
2050-01-05 18:00:00,2821.872,1359.189,1455.34,5636.402
2050-01-05 19:00:00,2871.278,1433.371,1606.33,5910.98
2050-01-05 20:00:00,2829.567,1474.587,1689.46,5993.613
2050-01-05 21:00:00,2625.419,1540.717,1730.16,5896.296
2050-01-05 22:00:00,2430.564,1467.435,1770.69,5668.688
2050-01-05 23:00:00,2213.944,1366.336,1814.08,5394.36
2050-01-06 00:00:00,2028.918,1203.554,1851.63,5084.102
2050-01-06 01:00:00,1927.625,1133.15,1880.19,4940.965
2050-01-06 02:00:00,1868.784,956.427,1895.83,4721.04
2050-01-06 03:00:00,1843.281,851.09,1910.14,4604.511
2050-01-06 04:00:00,1865.26,747.299,1931.46,4544.019
2050-01-06 05:00:00,1949.351,650.747,1960.62,4560.718
2050-01-06 06:00:00,2118.144,590.499,2006.36,4715.003
2050-01-06 07:00:00,2197.743,612.992,2040.9,4851.636
2050-01-06 08:00:00,2241.921,696.827,1966.33,4905.078
2050-01-06 09:00:00,2287.547,842.616,1720.25,4850.413
2050-01-06 10:00:00,2300.817,881.98,1542.75,4725.547
2050-01-06 11:00:00,2301.654,918.686,1406.64,4626.98
2050-01-06 12:00:00,2305.033,953.295,1289.52,4547.848
2050-01-06 13:00:00,2305.305,966.718,1163.11,4435.134
2050-01-06 14:00:00,2333.61,963.886,1047.08,4344.575
2050-01-06 15:00:00,2380.749,971.301,970.42,4322.47
2050-01-06 16:00:00,2520.116,1039.327,1018.53,4577.972
2050-01-06 17:00:00,2738.337,1141.428,1179.43,5059.196
2050-01-06 18:00:00,2821.872,1359.189,1325.42,5506.482
2050-01-06 19:00:00,2871.278,1433.371,1518.02,5822.67
2050-01-06 20:00:00,2829.567,1474.587,1640.36,5944.513
2050-01-06 21:00:00,2625.419,1540.717,1701.45,5867.586
2050-01-06 22:00:00,2430.564,1467.435,1749.54,5647.538
2050-01-06 23:00:00,2213.944,1366.336,1767.7,5347.98
2050-01-07 00:00:00,2028.918,1203.554,1797.84,5030.312
2050-01-07 01:00:00,1927.625,1133.15,1843.7,4904.475
2050-01-07 02:00:00,1868.784,956.427,1880.87,4706.08
2050-01-07 03:00:00,1843.281,851.09,1910.31,4604.681
2050-01-07 04:00:00,1865.26,747.299,1932.97,4545.529
2050-01-07 05:00:00,1949.351,650.747,1949.81,4549.908
2050-01-07 06:00:00,2118.144,590.499,1955.78,4664.423
2050-01-07 07:00:00,2197.682,612.992,1945.65,4756.324
2050-01-07 08:00:00,2241.921,696.827,1843.87,4782.618
2050-01-07 09:00:00,2287.547,842.616,1596.48,4726.643
2050-01-07 10:00:00,2300.817,881.98,1401.72,4584.517
2050-01-07 11:00:00,2301.654,918.686,1198.06,4418.4
2050-01-07 12:00:00,2305.033,953.295,1026.76,4285.088
2050-01-07 13:00:00,2305.305,966.718,842.47,4114.494
2050-01-07 14:00:00,2333.61,963.886,683.58,3981.075
2050-01-07 15:00:00,2380.749,971.301,592.77,3944.82
2050-01-07 16:00:00,2518.044,1039.327,637.08,4194.451
2050-01-07 17:00:00,2738.337,1141.428,831.92,4711.686
2050-01-07 18:00:00,2821.872,1359.189,1017.83,5198.892
2050-01-07 19:00:00,2871.278,1433.371,1251.24,5555.89
2050-01-07 20:00:00,2829.567,1474.587,1406.6,5710.753
2050-01-07 21:00:00,2625.419,1540.717,1502.19,5668.326
2050-01-07 22:00:00,2430.564,1467.435,1579.47,5477.468
2050-01-07 23:00:00,2213.944,1366.336,1618.47,5198.75
2050-01-08 00:00:00,2028.918,1203.554,1648.2,4880.672
2050-01-08 01:00:00,1927.625,1133.15,1664.12,4724.895
2050-01-08 02:00:00,1868.784,956.427,1674.57,4499.78
2050-01-08 03:00:00,1843.281,851.09,1695.61,4389.981
2050-01-08 04:00:00,1865.26,747.299,1706.77,4319.329
2050-01-08 05:00:00,1949.351,650.747,1700.66,4300.758
2050-01-08 06:00:00,2118.144,590.499,1708.58,4417.223
2050-01-08 07:00:00,2197.468,612.992,1715.34,4525.8
2050-01-08 08:00:00,2241.921,696.827,1658.43,4597.178
2050-01-08 09:00:00,2287.547,842.616,1499.74,4629.903
2050-01-08 10:00:00,2300.817,881.98,1373.92,4556.717
2050-01-08 11:00:00,2301.654,918.686,1251.11,4471.45
2050-01-08 12:00:00,2305.033,953.295,1140.99,4399.318
2050-01-08 13:00:00,2305.305,966.718,1012.36,4284.384
2050-01-08 14:00:00,2333.61,963.886,973.99,4271.485
2050-01-08 15:00:00,2380.749,971.301,1000.56,4352.61
2050-01-08 16:00:00,2515.973,1039.327,1062.32,4617.62
2050-01-08 17:00:00,2738.337,1141.428,1209.23,5088.996
2050-01-08 18:00:00,2821.872,1359.189,1378.66,5559.722
2050-01-08 19:00:00,2871.278,1433.371,1639.47,5944.12
2050-01-08 20:00:00,2829.567,1474.587,1833.89,6138.043
2050-01-08 21:00:00,2625.419,1540.717,1957.14,6123.276
2050-01-08 22:00:00,2430.564,1467.435,2072.43,5970.428
2050-01-08 23:00:00,2213.944,1366.336,2169.73,5750.01
2050-01-09 00:00:00,2028.918,1203.554,2251.93,5484.402
2050-01-09 01:00:00,1927.625,1133.15,2320.96,5381.735
2050-01-09 02:00:00,1868.784,956.427,2375.4,5200.61
2050-01-09 03:00:00,1843.281,851.09,2426.69,5121.061
2050-01-09 04:00:00,1865.26,747.299,2472.43,5084.989
2050-01-09 05:00:00,1949.351,650.747,2512.12,5112.218
2050-01-09 06:00:00,2118.144,590.499,2550.26,5258.903
2050-01-09 07:00:00,2197.351,612.992,2581.89,5392.234
2050-01-09 08:00:00,2241.921,696.827,2506.72,5445.468
2050-01-09 09:00:00,2287.547,842.616,2273.28,5403.443
2050-01-09 10:00:00,2300.817,881.98,2118.23,5301.027
2050-01-09 11:00:00,2301.654,918.686,1965.59,5185.93
2050-01-09 12:00:00,2305.033,953.295,1845.58,5103.908
2050-01-09 13:00:00,2305.305,966.718,1699.42,4971.444
2050-01-09 14:00:00,2333.61,963.886,1556.82,4854.315
2050-01-09 15:00:00,2380.749,971.301,1472.17,4824.22
2050-01-09 16:00:00,2513.746,1039.327,1538.16,5091.233
2050-01-09 17:00:00,2738.337,1141.428,1784.1,5663.866
2050-01-09 18:00:00,2821.872,1359.189,1980.45,6161.512
2050-01-09 19:00:00,2871.278,1433.371,2244.87,6549.52
2050-01-09 20:00:00,2829.567,1474.587,2435.36,6739.513
2050-01-09 21:00:00,2625.419,1540.717,2563.02,6729.156
2050-01-09 22:00:00,2430.564,1467.435,2674.2,6572.198
2050-01-09 23:00:00,2213.944,1366.336,2768.22,6348.5
2050-01-10 00:00:00,2028.918,1203.554,2847.26,6079.732
2050-01-10 01:00:00,1927.625,1133.15,2908.02,5968.795
2050-01-10 02:00:00,1868.784,956.427,2953.01,5778.22
2050-01-10 03:00:00,1843.281,851.09,2983.22,5677.591
2050-01-10 04:00:00,1865.26,747.299,3005.0,5617.559
2050-01-10 05:00:00,1949.351,650.747,3019.31,5619.408
2050-01-10 06:00:00,2118.144,590.499,3029.41,5738.053
2050-01-10 07:00:00,2197.296,612.992,3034.18,5844.469
2050-01-10 08:00:00,2241.921,696.827,2934.39,5873.138
2050-01-10 09:00:00,2287.547,842.616,2638.63,5768.793
2050-01-10 10:00:00,2300.817,881.98,2391.93,5574.727
2050-01-10 11:00:00,2301.654,918.686,2161.58,5381.92
2050-01-10 12:00:00,2305.033,953.295,1979.51,5237.838
2050-01-10 13:00:00,2305.305,966.718,1778.77,5050.794
2050-01-10 14:00:00,2333.61,963.886,1584.29,4881.785
2050-01-10 15:00:00,2380.749,971.301,1440.81,4792.86
2050-01-10 16:00:00,2511.499,1039.327,1428.61,4979.435
2050-01-10 17:00:00,2738.337,1141.428,1598.57,5478.336
2050-01-10 18:00:00,2821.872,1359.189,1723.44,5904.502
2050-01-10 19:00:00,2871.278,1433.371,1929.93,6234.58
2050-01-10 20:00:00,2829.567,1474.587,2048.79,6352.943
2050-01-10 21:00:00,2625.419,1540.717,2095.96,6262.096
2050-01-10 22:00:00,2430.564,1467.435,2150.92,6048.918
2050-01-10 23:00:00,2213.944,1366.336,2204.07,5784.35
2050-01-11 00:00:00,2028.918,1203.554,2252.53,5485.002
2050-01-11 01:00:00,1927.625,1133.15,2297.57,5358.345
2050-01-11 02:00:00,1868.784,956.427,2344.8,5170.01
2050-01-11 03:00:00,1843.281,851.09,2389.32,5083.691
2050-01-11 04:00:00,1865.26,747.299,2432.26,5044.819
2050-01-11 05:00:00,1949.351,650.747,2469.49,5069.588
2050-01-11 06:00:00,2118.144,590.499,2496.38,5205.023
2050-01-11 07:00:00,2197.05,612.992,2514.01,5324.052
2050-01-11 08:00:00,2241.921,696.827,2407.36,5346.108
2050-01-11 09:00:00,2287.547,842.616,2068.26,5198.423
2050-01-11 10:00:00,2300.817,881.98,1823.09,5005.887
2050-01-11 11:00:00,2301.654,918.686,1599.8,4820.14
2050-01-11 12:00:00,2305.033,953.295,1418.6,4676.928
2050-01-11 13:00:00,2305.305,966.718,1214.72,4486.744
2050-01-11 14:00:00,2333.61,963.886,1079.76,4377.255
2050-01-11 15:00:00,2380.749,971.301,1035.7,4387.75
2050-01-11 16:00:00,2509.42,1039.327,1036.42,4585.166
2050-01-11 17:00:00,2738.337,1141.428,1210.38,5090.146
2050-01-11 18:00:00,2821.872,1359.189,1342.5,5523.562
2050-01-11 19:00:00,2871.278,1433.371,1559.08,5863.73
2050-01-11 20:00:00,2829.567,1474.587,1698.42,6002.573
2050-01-11 21:00:00,2625.419,1540.717,1774.96,5941.096
2050-01-11 22:00:00,2430.564,1467.435,1841.72,5739.718
2050-01-11 23:00:00,2213.944,1366.336,1890.08,5470.36
2050-01-12 00:00:00,2028.918,1203.554,1926.67,5159.142
2050-01-12 01:00:00,1927.625,1133.15,1967.73,5028.505
2050-01-12 02:00:00,1868.784,956.427,2012.1,4837.31
2050-01-12 03:00:00,1843.281,851.09,2058.22,4752.591
2050-01-12 04:00:00,1865.26,747.299,2091.67,4704.229
2050-01-12 05:00:00,1949.351,650.747,2128.77,4728.868
2050-01-12 06:00:00,2118.144,590.499,2155.38,4864.023
2050-01-12 07:00:00,2196.747,612.992,2174.81,4984.549
2050-01-12 08:00:00,2241.921,696.827,2090.18,5028.928
2050-01-12 09:00:00,2287.547,842.616,1865.71,4995.873
2050-01-12 10:00:00,2300.817,881.98,1725.48,4908.277
2050-01-12 11:00:00,2301.654,918.686,1562.36,4782.7
2050-01-12 12:00:00,2305.033,953.295,1472.26,4730.588
2050-01-12 13:00:00,2305.305,966.718,1317.29,4589.314
2050-01-12 14:00:00,2333.61,963.886,1182.14,4479.635
2050-01-12 15:00:00,2380.749,971.301,1079.49,4431.54
2050-01-12 16:00:00,2507.228,1039.327,1110.42,4656.975
2050-01-12 17:00:00,2738.337,1141.428,1337.27,5217.036
2050-01-12 18:00:00,2821.872,1359.189,1551.31,5732.372
2050-01-12 19:00:00,2871.278,1433.371,1857.07,6161.72
2050-01-12 20:00:00,2829.567,1474.587,2085.52,6389.673
2050-01-12 21:00:00,2625.419,1540.717,2265.21,6431.346
2050-01-12 22:00:00,2430.564,1467.435,2418.96,6316.958
2050-01-12 23:00:00,2213.944,1366.336,2557.9,6138.18
2050-01-13 00:00:00,2028.918,1203.554,2673.73,5906.202
2050-01-13 01:00:00,1927.625,1133.15,2766.68,5827.455
2050-01-13 02:00:00,1868.784,956.427,2836.09,5661.3
2050-01-13 03:00:00,1843.281,851.09,2874.85,5569.221
2050-01-13 04:00:00,1865.26,747.299,2889.64,5502.199
2050-01-13 05:00:00,1949.351,650.747,2885.64,5485.738
2050-01-13 06:00:00,2118.144,590.499,2873.53,5582.173
2050-01-13 07:00:00,2196.625,612.992,2873.46,5683.077
2050-01-13 08:00:00,2241.921,696.827,2744.79,5683.538
2050-01-13 09:00:00,2287.547,842.616,2388.91,5519.073
2050-01-13 10:00:00,2300.817,881.98,2126.25,5309.047
2050-01-13 11:00:00,2301.654,918.686,1893.07,5113.41
2050-01-13 12:00:00,2305.033,953.295,1703.1,4961.428
2050-01-13 13:00:00,2305.305,966.718,1503.14,4775.164
2050-01-13 14:00:00,2333.61,963.886,1301.16,4598.655
2050-01-13 15:00:00,2380.749,971.301,1161.94,4513.99
2050-01-13 16:00:00,2505.162,1039.327,1161.24,4705.729
2050-01-13 17:00:00,2738.337,1141.428,1264.56,5144.326
2050-01-13 18:00:00,2821.872,1359.189,1347.69,5528.752
2050-01-13 19:00:00,2871.278,1433.371,1525.2,5829.85
2050-01-13 20:00:00,2829.567,1474.587,1652.4,5956.553
2050-01-13 21:00:00,2625.419,1540.717,1725.95,5892.086
2050-01-13 22:00:00,2430.564,1467.435,1785.78,5683.778
2050-01-13 23:00:00,2213.944,1366.336,1841.28,5421.56
2050-01-14 00:00:00,2028.918,1203.554,1898.81,5131.282
2050-01-14 01:00:00,1927.625,1133.15,1949.58,5010.355
2050-01-14 02:00:00,1868.784,956.427,1989.22,4814.43
2050-01-14 03:00:00,1843.281,851.09,2021.88,4716.251
2050-01-14 04:00:00,1865.26,747.299,2043.76,4656.319
2050-01-14 05:00:00,1949.351,650.747,2056.33,4656.428
2050-01-14 06:00:00,2118.144,590.499,2056.61,4765.253
2050-01-14 07:00:00,2196.324,612.992,2045.49,4854.806
2050-01-14 08:00:00,2241.921,696.827,1915.47,4854.218
2050-01-14 09:00:00,2287.547,842.616,1586.7,4716.863
2050-01-14 10:00:00,2300.817,881.98,1348.86,4531.657
2050-01-14 11:00:00,2301.654,918.686,1088.74,4309.08
2050-01-14 12:00:00,2305.033,953.295,826.48,4084.808
2050-01-14 13:00:00,2305.305,966.718,574.22,3846.244
2050-01-14 14:00:00,2333.61,963.886,341.77,3639.265
2050-01-14 15:00:00,2380.749,971.301,201.64,3553.69
2050-01-14 16:00:00,2503.095,1039.327,183.08,3725.502
2050-01-14 17:00:00,2738.337,1141.428,344.78,4224.546
2050-01-14 18:00:00,2821.872,1359.189,504.27,4685.332
2050-01-14 19:00:00,2871.278,1433.371,752.38,5057.03
2050-01-14 20:00:00,2829.567,1474.587,935.75,5239.903
2050-01-14 21:00:00,2625.419,1540.717,1049.5,5215.636
2050-01-14 22:00:00,2430.564,1467.435,1147.34,5045.338
2050-01-14 23:00:00,2213.944,1366.336,1229.2,4809.48
2050-01-15 00:00:00,2028.918,1203.554,1299.4,4531.872
2050-01-15 01:00:00,1927.625,1133.15,1366.05,4426.825
2050-01-15 02:00:00,1868.784,956.427,1431.15,4256.36
2050-01-15 03:00:00,1843.281,851.09,1485.61,4179.981
2050-01-15 04:00:00,1865.26,747.299,1538.89,4151.449
2050-01-15 05:00:00,1949.351,650.747,1583.95,4184.048
2050-01-15 06:00:00,2118.144,590.499,1620.38,4329.023
2050-01-15 07:00:00,2195.959,612.992,1651.47,4460.422
2050-01-15 08:00:00,2241.921,696.827,1563.61,4502.358
2050-01-15 09:00:00,2287.547,842.616,1223.94,4354.103
2050-01-15 10:00:00,2300.817,881.98,946.69,4129.487
2050-01-15 11:00:00,2301.654,918.686,686.28,3906.62
2050-01-15 12:00:00,2305.033,953.295,484.88,3743.208
2050-01-15 13:00:00,2305.305,966.718,311.93,3583.954
2050-01-15 14:00:00,2333.61,963.886,206.25,3503.745
2050-01-15 15:00:00,2380.749,971.301,164.54,3516.59
2050-01-15 16:00:00,2500.782,1039.327,205.62,3745.728
2050-01-15 17:00:00,2738.337,1141.428,381.95,4261.716
2050-01-15 18:00:00,2821.872,1359.189,550.82,4731.882
2050-01-15 19:00:00,2871.278,1433.371,791.12,5095.77
2050-01-15 20:00:00,2829.567,1474.587,960.58,5264.733
2050-01-15 21:00:00,2625.419,1540.717,1089.0,5255.136
2050-01-15 22:00:00,2430.564,1467.435,1188.04,5086.038
2050-01-15 23:00:00,2213.944,1366.336,1248.27,4828.55
2050-01-16 00:00:00,2028.918,1203.554,1299.78,4532.252
2050-01-16 01:00:00,1927.625,1133.15,1367.22,4427.995
2050-01-16 02:00:00,1868.784,956.427,1434.14,4259.35
2050-01-16 03:00:00,1843.281,851.09,1502.61,4196.981
2050-01-16 04:00:00,1865.26,747.299,1559.34,4171.899
2050-01-16 05:00:00,1949.351,650.747,1602.4,4202.498
2050-01-16 06:00:00,2118.144,590.499,1638.09,4346.733
2050-01-16 07:00:00,2195.707,612.992,1668.96,4477.659
2050-01-16 08:00:00,2241.921,696.827,1572.83,4511.578
2050-01-16 09:00:00,2287.547,842.616,1250.71,4380.873
2050-01-16 10:00:00,2300.817,881.98,1017.93,4200.727
2050-01-16 11:00:00,2301.654,918.686,787.33,4007.67
2050-01-16 12:00:00,2305.033,953.295,592.79,3851.118
2050-01-16 13:00:00,2305.305,966.718,388.35,3660.374
2050-01-16 14:00:00,2333.61,963.886,212.29,3509.785
2050-01-16 15:00:00,2380.749,971.301,107.62,3459.67
2050-01-16 16:00:00,2498.556,1039.327,95.83,3633.713
2050-01-16 17:00:00,2738.337,1141.428,243.35,4123.116
2050-01-16 18:00:00,2821.872,1359.189,405.87,4586.932
2050-01-16 19:00:00,2871.278,1433.371,672.47,4977.12
2050-01-16 20:00:00,2829.567,1474.587,875.65,5179.803
2050-01-16 21:00:00,2625.419,1540.717,1013.03,5179.166
2050-01-16 22:00:00,2430.564,1467.435,1126.59,5024.588
2050-01-16 23:00:00,2213.944,1366.336,1216.95,4797.23
2050-01-17 00:00:00,2028.918,1203.554,1294.6,4527.072
2050-01-17 01:00:00,1927.625,1133.15,1366.36,4427.135
2050-01-17 02:00:00,1868.784,956.427,1422.9,4248.11
2050-01-17 03:00:00,1843.281,851.09,1463.35,4157.721
2050-01-17 04:00:00,1865.26,747.299,1507.99,4120.549
2050-01-17 05:00:00,1949.351,650.747,1533.72,4133.818
2050-01-17 06:00:00,2118.144,590.499,1550.47,4259.113
2050-01-17 07:00:00,2195.324,612.992,1559.94,4368.256
2050-01-17 08:00:00,2241.921,696.827,1446.08,4384.828
2050-01-17 09:00:00,2287.547,842.616,1192.5,4322.663
2050-01-17 10:00:00,2300.817,881.98,989.75,4172.547
2050-01-17 11:00:00,2301.654,918.686,828.8,4049.14
2050-01-17 12:00:00,2305.033,953.295,714.66,3972.988
2050-01-17 13:00:00,2305.305,966.718,628.34,3900.364
2050-01-17 14:00:00,2333.61,963.886,571.25,3868.745
2050-01-17 15:00:00,2380.749,971.301,541.03,3893.08
2050-01-17 16:00:00,2496.173,1039.327,528.83,4064.33
2050-01-17 17:00:00,2738.337,1141.428,525.16,4404.926
2050-01-17 18:00:00,2821.872,1359.189,496.73,4677.792
2050-01-17 19:00:00,2871.278,1433.371,572.09,4876.74
2050-01-17 20:00:00,2829.567,1474.587,593.24,4897.393
2050-01-17 21:00:00,2625.419,1540.717,582.14,4748.276
2050-01-17 22:00:00,2430.564,1467.435,594.5,4492.498
2050-01-17 23:00:00,2213.944,1366.336,598.35,4178.63
2050-01-18 00:00:00,2028.918,1203.554,643.34,3875.812
2050-01-18 01:00:00,1927.625,1133.15,679.54,3740.315
2050-01-18 02:00:00,1868.784,956.427,710.97,3536.18
2050-01-18 03:00:00,1843.281,851.09,759.2,3453.571
2050-01-18 04:00:00,1865.26,747.299,842.64,3455.199
2050-01-18 05:00:00,1949.351,650.747,925.98,3526.078
2050-01-18 06:00:00,2118.144,590.499,1000.06,3708.703
2050-01-18 07:00:00,2194.98,612.992,1052.74,3860.713
2050-01-18 08:00:00,2241.921,696.827,1055.73,3994.478
2050-01-18 09:00:00,2287.547,842.616,896.23,4026.393
2050-01-18 10:00:00,2300.817,881.98,799.59,3982.387
2050-01-18 11:00:00,2301.654,918.686,659.23,3879.57
2050-01-18 12:00:00,2305.033,953.295,520.84,3779.168
2050-01-18 13:00:00,2305.305,966.718,393.61,3665.634
2050-01-18 14:00:00,2333.61,963.886,260.43,3557.925
2050-01-18 15:00:00,2380.749,971.301,172.38,3524.43
2050-01-18 16:00:00,2494.153,1039.327,167.86,3701.34
2050-01-18 17:00:00,2736.787,1141.428,308.0,4186.215
2050-01-18 18:00:00,2821.872,1359.189,447.5,4628.562
2050-01-18 19:00:00,2871.278,1433.371,659.25,4963.9
2050-01-18 20:00:00,2829.567,1474.587,804.18,5108.333
2050-01-18 21:00:00,2625.419,1540.717,896.71,5062.846
2050-01-18 22:00:00,2430.564,1467.435,957.1,4855.098
2050-01-18 23:00:00,2213.944,1366.336,1004.96,4585.24
2050-01-19 00:00:00,2028.918,1203.554,1034.91,4267.382
2050-01-19 01:00:00,1927.625,1133.15,1054.7,4115.475
2050-01-19 02:00:00,1868.784,956.427,1078.99,3904.2
2050-01-19 03:00:00,1843.281,851.09,1100.22,3794.591
2050-01-19 04:00:00,1865.26,747.299,1108.46,3721.019
2050-01-19 05:00:00,1949.351,650.747,1115.09,3715.188
2050-01-19 06:00:00,2118.144,590.499,1120.51,3829.153
2050-01-19 07:00:00,2194.598,612.992,1111.48,3919.07
2050-01-19 08:00:00,2241.921,696.827,1017.78,3956.528
2050-01-19 09:00:00,2287.547,842.616,820.91,3951.073
2050-01-19 10:00:00,2300.817,881.98,697.72,3880.517
2050-01-19 11:00:00,2301.654,918.686,573.27,3793.61
2050-01-19 12:00:00,2305.033,953.295,483.31,3741.638
2050-01-19 13:00:00,2305.305,966.718,393.45,3665.474
2050-01-19 14:00:00,2333.61,963.886,245.26,3542.755
2050-01-19 15:00:00,2380.749,971.301,113.3,3465.35
2050-01-19 16:00:00,2492.419,1039.327,77.14,3608.886
2050-01-19 17:00:00,2736.344,1141.428,213.6,4091.372
2050-01-19 18:00:00,2821.872,1359.189,356.34,4537.402
2050-01-19 19:00:00,2871.278,1433.371,585.89,4890.54
2050-01-19 20:00:00,2829.567,1474.587,790.88,5095.033
2050-01-19 21:00:00,2625.419,1540.717,934.76,5100.896
2050-01-19 22:00:00,2430.564,1467.435,1062.43,4960.428
2050-01-19 23:00:00,2213.944,1366.336,1181.17,4761.45
2050-01-20 00:00:00,2028.918,1203.554,1281.78,4514.252
2050-01-20 01:00:00,1927.625,1133.15,1370.75,4431.525
2050-01-20 02:00:00,1868.784,956.427,1459.28,4284.49
2050-01-20 03:00:00,1843.281,851.09,1544.42,4238.791
2050-01-20 04:00:00,1865.26,747.299,1612.18,4224.739
2050-01-20 05:00:00,1949.351,650.747,1673.02,4273.118
2050-01-20 06:00:00,2118.144,590.499,1728.94,4437.583
2050-01-20 07:00:00,2194.166,612.992,1780.55,4587.708
2050-01-20 08:00:00,2241.921,696.827,1683.28,4622.028
2050-01-20 09:00:00,2287.547,842.616,1364.77,4494.933
2050-01-20 10:00:00,2300.817,881.98,1126.59,4309.387
2050-01-20 11:00:00,2301.654,918.686,890.7,4111.04
2050-01-20 12:00:00,2305.033,953.295,697.8,3956.128
2050-01-20 13:00:00,2305.305,966.718,514.95,3786.974
2050-01-20 14:00:00,2333.61,963.886,358.61,3656.105
2050-01-20 15:00:00,2380.749,971.301,275.67,3627.72
2050-01-20 16:00:00,2490.44,1039.327,289.47,3819.237
2050-01-20 17:00:00,2735.726,1141.428,444.22,4321.374
2050-01-20 18:00:00,2821.872,1359.189,586.52,4767.582
2050-01-20 19:00:00,2871.278,1433.371,850.68,5155.33
2050-01-20 20:00:00,2829.567,1474.587,1071.01,5375.163
2050-01-20 21:00:00,2625.419,1540.717,1204.57,5370.706
2050-01-20 22:00:00,2430.564,1467.435,1327.96,5225.958
2050-01-20 23:00:00,2213.944,1366.336,1441.19,5021.47
2050-01-21 00:00:00,2028.918,1203.554,1525.91,4758.382
2050-01-21 01:00:00,1927.625,1133.15,1602.08,4662.855
2050-01-21 02:00:00,1868.784,956.427,1665.41,4490.62
2050-01-21 03:00:00,1843.281,851.09,1720.7,4415.071
2050-01-21 04:00:00,1865.26,747.299,1774.9,4387.459
2050-01-21 05:00:00,1949.351,650.747,1811.4,4411.498
2050-01-21 06:00:00,2118.144,590.499,1837.44,4546.083
2050-01-21 07:00:00,2193.661,612.992,1856.27,4662.924
2050-01-21 08:00:00,2241.921,696.827,1754.42,4693.168
2050-01-21 09:00:00,2287.547,842.616,1453.62,4583.783
2050-01-21 10:00:00,2300.817,881.98,1209.9,4392.697
2050-01-21 11:00:00,2301.654,918.686,974.6,4194.94
2050-01-21 12:00:00,2305.033,953.295,784.59,4042.918
2050-01-21 13:00:00,2305.305,966.718,587.6,3859.624
2050-01-21 14:00:00,2333.61,963.886,395.06,3692.555
2050-01-21 15:00:00,2380.749,971.301,261.44,3613.49
2050-01-21 16:00:00,2488.724,1039.327,236.11,3764.161
2050-01-21 17:00:00,2735.197,1141.428,399.67,4276.295
2050-01-21 18:00:00,2821.872,1359.189,557.21,4738.272
2050-01-21 19:00:00,2871.278,1433.371,798.78,5103.43
2050-01-21 20:00:00,2829.567,1474.587,975.26,5279.413
2050-01-21 21:00:00,2625.419,1540.717,1100.91,5267.046
2050-01-21 22:00:00,2430.564,1467.435,1208.04,5106.038
2050-01-21 23:00:00,2213.944,1366.336,1291.73,4872.01
2050-01-22 00:00:00,2028.918,1203.554,1365.04,4597.512
2050-01-22 01:00:00,1927.625,1133.15,1407.63,4468.405
2050-01-22 02:00:00,1868.784,956.427,1441.21,4266.42
2050-01-22 03:00:00,1843.281,851.09,1462.4,4156.771
2050-01-22 04:00:00,1865.26,747.299,1477.72,4090.279
2050-01-22 05:00:00,1949.351,650.747,1505.08,4105.178
2050-01-22 06:00:00,2118.144,590.499,1530.01,4238.653
2050-01-22 07:00:00,2193.175,612.992,1548.92,4355.087
2050-01-22 08:00:00,2241.921,696.827,1441.79,4380.538
2050-01-22 09:00:00,2287.547,842.616,1168.55,4298.713
2050-01-22 10:00:00,2300.817,881.98,996.73,4179.527
2050-01-22 11:00:00,2301.654,918.686,828.85,4049.19
2050-01-22 12:00:00,2305.033,953.295,697.05,3955.378
2050-01-22 13:00:00,2305.305,966.718,544.34,3816.364
2050-01-22 14:00:00,2333.61,963.886,392.76,3690.255
2050-01-22 15:00:00,2380.749,971.301,290.25,3642.3
2050-01-22 16:00:00,2486.609,1039.327,305.26,3831.196
2050-01-22 17:00:00,2734.149,1141.428,479.08,4354.658
2050-01-22 18:00:00,2821.872,1359.189,615.06,4796.122
2050-01-22 19:00:00,2871.278,1433.371,846.18,5150.83
2050-01-22 20:00:00,2829.567,1474.587,1019.37,5323.523
2050-01-22 21:00:00,2625.419,1540.717,1145.84,5311.976
2050-01-22 22:00:00,2430.564,1467.435,1255.7,5153.698
2050-01-22 23:00:00,2213.944,1366.336,1349.78,4930.06
2050-01-23 00:00:00,2028.918,1203.554,1446.62,4679.092
2050-01-23 01:00:00,1927.625,1133.15,1543.55,4604.325
2050-01-23 02:00:00,1868.784,956.427,1635.28,4460.49
2050-01-23 03:00:00,1843.281,851.09,1720.32,4414.691
2050-01-23 04:00:00,1865.26,747.299,1812.96,4425.519
2050-01-23 05:00:00,1949.351,650.747,1908.16,4508.258
2050-01-23 06:00:00,2118.144,590.499,1984.89,4693.533
2050-01-23 07:00:00,2192.657,612.992,2050.82,4856.469
2050-01-23 08:00:00,2241.921,696.827,1952.59,4891.338
2050-01-23 09:00:00,2287.547,842.616,1633.84,4764.003
2050-01-23 10:00:00,2300.817,881.98,1405.69,4588.487
2050-01-23 11:00:00,2301.654,918.686,1188.75,4409.09
2050-01-23 12:00:00,2305.033,953.295,1009.73,4268.058
2050-01-23 13:00:00,2305.305,966.718,814.36,4086.384
2050-01-23 14:00:00,2333.61,963.886,613.61,3911.105
2050-01-23 15:00:00,2380.749,971.301,463.4,3815.45
2050-01-23 16:00:00,2485.735,1039.327,429.62,3954.682
2050-01-23 17:00:00,2732.581,1141.428,609.89,4483.899
2050-01-23 18:00:00,2821.872,1359.189,775.19,4956.252
2050-01-23 19:00:00,2871.278,1433.371,1022.27,5326.92
2050-01-23 20:00:00,2829.567,1474.587,1204.05,5508.203
2050-01-23 21:00:00,2625.419,1540.717,1313.1,5479.236
2050-01-23 22:00:00,2430.564,1467.435,1419.08,5317.078
2050-01-23 23:00:00,2213.944,1366.336,1524.89,5105.17
2050-01-24 00:00:00,2028.918,1203.554,1610.64,4843.112
2050-01-24 01:00:00,1927.625,1133.15,1672.71,4733.485
2050-01-24 02:00:00,1868.784,956.427,1719.36,4544.57
2050-01-24 03:00:00,1843.281,851.09,1745.58,4439.951
2050-01-24 04:00:00,1865.26,747.299,1727.78,4340.339
2050-01-24 05:00:00,1949.351,650.747,1674.13,4274.228
2050-01-24 06:00:00,2118.144,590.499,1599.67,4308.313
2050-01-24 07:00:00,2192.182,612.992,1510.89,4316.064
2050-01-24 08:00:00,2241.921,696.827,1354.9,4293.648
2050-01-24 09:00:00,2287.547,842.616,1151.1,4281.263
2050-01-24 10:00:00,2300.817,881.98,991.31,4174.107
2050-01-24 11:00:00,2301.654,918.686,750.4,3970.74
2050-01-24 12:00:00,2305.033,953.295,494.5,3752.828
2050-01-24 13:00:00,2305.305,966.718,247.68,3519.704
2050-01-24 14:00:00,2333.61,963.886,91.69,3389.185
2050-01-24 15:00:00,2380.749,971.301,55.56,3407.61
2050-01-24 16:00:00,2485.491,1039.327,42.93,3567.748
2050-01-24 17:00:00,2730.228,1141.428,58.85,3930.507
2050-01-24 18:00:00,2821.872,1359.189,74.66,4255.722
2050-01-24 19:00:00,2871.278,1433.371,136.47,4441.12
2050-01-24 20:00:00,2829.567,1474.587,167.86,4472.013
2050-01-24 21:00:00,2625.419,1540.717,157.08,4323.216
2050-01-24 22:00:00,2430.564,1467.435,142.9,4040.898
2050-01-24 23:00:00,2213.944,1366.336,127.49,3707.77
2050-01-25 00:00:00,2028.918,1203.554,115.29,3347.762
2050-01-25 01:00:00,1927.625,1133.15,102.89,3163.665
2050-01-25 02:00:00,1868.784,956.427,87.07,2912.28
2050-01-25 03:00:00,1843.281,851.09,79.72,2774.091
2050-01-25 04:00:00,1865.26,747.299,75.51,2688.069
2050-01-25 05:00:00,1949.351,650.747,67.34,2667.438
2050-01-25 06:00:00,2118.144,590.499,59.7,2768.343
2050-01-25 07:00:00,2191.605,612.992,45.93,2850.527
2050-01-25 08:00:00,2241.921,696.827,14.28,2953.028
2050-01-25 09:00:00,2287.547,842.616,6.55,3136.713
2050-01-25 10:00:00,2300.817,881.98,11.17,3193.967
2050-01-25 11:00:00,2301.654,918.686,15.77,3236.11
2050-01-25 12:00:00,2305.033,953.295,18.79,3277.118
2050-01-25 13:00:00,2305.305,966.718,21.47,3293.494
2050-01-25 14:00:00,2333.61,963.886,22.59,3320.085
2050-01-25 15:00:00,2380.749,971.301,23.76,3375.81
2050-01-25 16:00:00,2485.328,1039.327,25.47,3550.125
2050-01-25 17:00:00,2727.889,1141.428,23.99,3893.307
2050-01-25 18:00:00,2821.872,1359.189,18.72,4199.782
2050-01-25 19:00:00,2871.278,1433.371,3.44,4308.09
2050-01-25 20:00:00,2829.567,1474.587,28.93,4333.083
2050-01-25 21:00:00,2625.419,1540.717,126.17,4292.306
2050-01-25 22:00:00,2430.564,1467.435,269.91,4167.908
2050-01-25 23:00:00,2213.944,1366.336,419.81,4000.09
2050-01-26 00:00:00,2028.918,1203.554,574.04,3806.512
2050-01-26 01:00:00,1927.625,1133.15,724.79,3785.565
2050-01-26 02:00:00,1868.784,956.427,861.61,3686.82
2050-01-26 03:00:00,1843.281,851.09,978.74,3673.111
2050-01-26 04:00:00,1865.26,747.299,1097.33,3709.889
2050-01-26 05:00:00,1949.351,650.747,1194.54,3794.638
2050-01-26 06:00:00,2118.144,590.499,1272.58,3981.223
2050-01-26 07:00:00,2190.967,612.992,1357.73,4161.689
2050-01-26 08:00:00,2241.921,696.827,1308.2,4246.948
2050-01-26 09:00:00,2287.547,842.616,1067.23,4197.393
2050-01-26 10:00:00,2300.817,881.98,931.03,4113.827
2050-01-26 11:00:00,2301.654,918.686,807.44,4027.78
2050-01-26 12:00:00,2305.033,953.295,723.47,3981.798
2050-01-26 13:00:00,2305.305,966.718,624.05,3896.074
2050-01-26 14:00:00,2333.61,963.886,509.84,3807.335
2050-01-26 15:00:00,2380.749,971.301,435.36,3787.41
2050-01-26 16:00:00,2485.328,1039.327,467.93,3992.585
2050-01-26 17:00:00,2725.209,1141.428,692.99,4559.627
2050-01-26 18:00:00,2821.872,1359.189,901.3,5082.362
2050-01-26 19:00:00,2871.278,1433.371,1178.38,5483.03
2050-01-26 20:00:00,2829.567,1474.587,1387.74,5691.893
2050-01-26 21:00:00,2625.419,1540.717,1525.29,5691.426
2050-01-26 22:00:00,2430.564,1467.435,1653.03,5551.028
2050-01-26 23:00:00,2213.944,1366.336,1761.66,5341.94
2050-01-27 00:00:00,2028.918,1203.554,1852.93,5085.402
2050-01-27 01:00:00,1927.625,1133.15,1927.44,4988.215
2050-01-27 02:00:00,1868.784,956.427,1987.82,4813.03
2050-01-27 03:00:00,1843.281,851.09,2042.31,4736.681
2050-01-27 04:00:00,1865.26,747.299,2084.45,4697.009
2050-01-27 05:00:00,1949.351,650.747,2116.46,4716.558
2050-01-27 06:00:00,2118.144,590.499,2150.73,4859.373
2050-01-27 07:00:00,2190.423,612.992,2175.09,4978.505
2050-01-27 08:00:00,2241.921,696.827,2037.57,4976.318
2050-01-27 09:00:00,2287.547,842.616,1706.51,4836.673
2050-01-27 10:00:00,2300.817,881.98,1479.62,4662.417
2050-01-27 11:00:00,2301.654,918.686,1268.29,4488.63
2050-01-27 12:00:00,2305.033,953.295,1097.52,4355.848
2050-01-27 13:00:00,2305.305,966.718,916.24,4188.264
2050-01-27 14:00:00,2333.61,963.886,733.38,4030.875
2050-01-27 15:00:00,2380.749,971.301,597.99,3950.04
2050-01-27 16:00:00,2485.328,1039.327,567.57,4092.225
2050-01-27 17:00:00,2722.187,1141.428,753.91,4617.525
2050-01-27 18:00:00,2821.872,1359.189,944.85,5125.912
2050-01-27 19:00:00,2871.278,1433.371,1208.18,5512.83
2050-01-27 20:00:00,2829.567,1474.587,1408.71,5712.863
2050-01-27 21:00:00,2625.419,1540.717,1541.91,5708.046
2050-01-27 22:00:00,2430.564,1467.435,1649.07,5547.068
2050-01-27 23:00:00,2213.944,1366.336,1732.75,5313.03
2050-01-28 00:00:00,2028.918,1203.554,1809.67,5042.142
2050-01-28 01:00:00,1927.625,1133.15,1881.6,4942.375
2050-01-28 02:00:00,1868.784,956.427,1944.05,4769.26
2050-01-28 03:00:00,1843.281,851.09,1999.71,4694.081
2050-01-28 04:00:00,1865.26,747.299,2050.23,4662.789
2050-01-28 05:00:00,1949.351,650.747,2090.6,4690.698
2050-01-28 06:00:00,2118.144,590.499,2125.56,4834.203
2050-01-28 07:00:00,2189.754,612.992,2152.36,4955.106
2050-01-28 08:00:00,2241.921,696.827,2007.01,4945.758
2050-01-28 09:00:00,2287.547,842.616,1757.51,4887.673
2050-01-28 10:00:00,2300.817,881.98,1657.78,4840.577
2050-01-28 11:00:00,2301.654,918.686,1579.53,4799.87
2050-01-28 12:00:00,2305.033,953.295,1490.36,4748.688
2050-01-28 13:00:00,2305.305,966.718,1418.36,4690.384
2050-01-28 14:00:00,2333.61,963.886,1391.17,4688.665
2050-01-28 15:00:00,2380.749,971.301,1350.8,4702.85
2050-01-28 16:00:00,2485.328,1039.327,1182.39,4707.045
2050-01-28 17:00:00,2719.533,1141.428,1244.37,5105.331
2050-01-28 18:00:00,2821.872,1359.189,1337.87,5518.932
2050-01-28 19:00:00,2871.278,1433.371,1534.68,5839.33
2050-01-28 20:00:00,2829.567,1474.587,1718.2,6022.353
2050-01-28 21:00:00,2625.419,1540.717,1893.5,6059.636
2050-01-28 22:00:00,2430.564,1467.435,2102.14,6000.138
2050-01-28 23:00:00,2213.944,1366.336,2304.53,5884.81
2050-01-29 00:00:00,2028.918,1203.554,2470.33,5702.802
2050-01-29 01:00:00,1927.625,1133.15,2615.37,5676.145
2050-01-29 02:00:00,1868.784,956.427,2722.91,5548.12
2050-01-29 03:00:00,1843.281,851.09,2803.22,5497.591
2050-01-29 04:00:00,1865.26,747.299,2859.19,5471.749
2050-01-29 05:00:00,1949.351,650.747,2902.97,5503.068
2050-01-29 06:00:00,2118.144,590.499,2940.42,5649.063
2050-01-29 07:00:00,2189.076,612.992,2972.35,5774.418
2050-01-29 08:00:00,2241.921,696.827,2846.45,5785.198
2050-01-29 09:00:00,2287.547,842.616,2541.54,5671.703
2050-01-29 10:00:00,2300.817,881.98,2350.39,5533.187
2050-01-29 11:00:00,2301.654,918.686,2191.95,5412.29
2050-01-29 12:00:00,2305.033,953.295,2080.4,5338.728
2050-01-29 13:00:00,2305.305,966.718,1972.54,5244.564
2050-01-29 14:00:00,2333.61,963.886,1834.68,5132.175
2050-01-29 15:00:00,2380.749,971.301,1714.35,5066.4
2050-01-29 16:00:00,2485.328,1039.327,1666.98,5191.635
2050-01-29 17:00:00,2716.925,1141.428,1818.38,5676.734
2050-01-29 18:00:00,2821.872,1359.189,1981.38,6162.442
2050-01-29 19:00:00,2871.278,1433.371,2226.26,6530.91
2050-01-29 20:00:00,2829.567,1474.587,2411.19,6715.343
2050-01-29 21:00:00,2625.419,1540.717,2543.81,6709.946
2050-01-29 22:00:00,2430.564,1467.435,2661.17,6559.168
2050-01-29 23:00:00,2213.944,1366.336,2756.24,6336.52
2050-01-30 00:00:00,2028.918,1203.554,2831.64,6064.112
2050-01-30 01:00:00,1927.625,1133.15,2907.72,5968.495
2050-01-30 02:00:00,1868.784,956.427,2993.06,5818.27
2050-01-30 03:00:00,1843.281,851.09,3062.06,5756.431
2050-01-30 04:00:00,1865.26,747.299,3126.38,5738.939
2050-01-30 05:00:00,1949.351,650.747,3179.85,5779.948
2050-01-30 06:00:00,2118.144,590.499,3222.1,5930.743
2050-01-30 07:00:00,2188.434,612.992,3256.27,6057.696
2050-01-30 08:00:00,2241.921,696.827,3143.32,6082.068
2050-01-30 09:00:00,2287.547,842.616,2869.57,5999.733
2050-01-30 10:00:00,2300.817,881.98,2674.19,5856.987
2050-01-30 11:00:00,2301.654,918.686,2478.07,5698.41
2050-01-30 12:00:00,2305.033,953.295,2292.65,5550.978
2050-01-30 13:00:00,2305.305,966.718,2110.1,5382.124
2050-01-30 14:00:00,2333.61,963.886,1983.96,5281.455
2050-01-30 15:00:00,2380.749,971.301,1905.13,5257.18
2050-01-30 16:00:00,2485.328,1039.327,1882.33,5406.985
2050-01-30 17:00:00,2714.42,1141.428,1954.61,5810.459
2050-01-30 18:00:00,2821.872,1359.189,2042.47,6223.532
2050-01-30 19:00:00,2871.278,1433.371,2215.04,6519.69
2050-01-30 20:00:00,2829.567,1474.587,2314.36,6618.513
2050-01-30 21:00:00,2625.419,1540.717,2354.8,6520.936
2050-01-30 22:00:00,2430.564,1467.435,2398.37,6296.368
2050-01-30 23:00:00,2213.944,1366.336,2441.71,6021.99
2050-01-31 00:00:00,2028.918,1203.554,2487.3,5719.772
2050-01-31 01:00:00,1927.625,1133.15,2527.77,5588.545
2050-01-31 02:00:00,1868.784,956.427,2569.81,5395.02
2050-01-31 03:00:00,1843.281,851.09,2599.3,5293.671
2050-01-31 04:00:00,1865.26,747.299,2632.17,5244.729
2050-01-31 05:00:00,1949.351,650.747,2669.13,5269.228
2050-01-31 06:00:00,2118.144,590.499,2707.14,5415.783
2050-01-31 07:00:00,2187.74,612.992,2745.12,5545.852
2050-01-31 08:00:00,2241.921,696.827,2633.42,5572.168
2050-01-31 09:00:00,2287.547,842.616,2281.48,5411.643
2050-01-31 10:00:00,2300.817,881.98,2022.1,5204.897
2050-01-31 11:00:00,2301.654,918.686,1783.16,5003.5
2050-01-31 12:00:00,2305.033,953.295,1590.04,4848.368
2050-01-31 13:00:00,2305.305,966.718,1392.85,4664.874
2050-01-31 14:00:00,2333.61,963.886,1188.06,4485.555
2050-01-31 15:00:00,2380.749,971.301,1025.84,4377.89
2050-01-31 16:00:00,2485.328,1039.327,954.39,4479.045
2050-01-31 17:00:00,2711.13,1141.428,1089.15,4941.708
2050-01-31 18:00:00,2821.872,1359.189,1249.8,5430.862
2050-01-31 19:00:00,2871.278,1433.371,1358.57,5663.22
2050-01-31 20:00:00,2829.567,1474.587,1540.43,5844.583
2050-01-31 21:00:00,2625.419,1540.717,1657.25,5823.386
2050-01-31 22:00:00,2430.564,1467.435,1763.82,5661.818
2050-01-31 23:00:00,2213.944,1366.336,1871.17,5451.45
2050-02-01 00:00:00,2028.918,1421.34,1966.65,5416.908
2050-02-01 01:00:00,1927.625,1338.197,2058.67,5324.491
2050-02-01 02:00:00,1868.784,1129.494,2148.37,5146.648
2050-02-01 03:00:00,1843.281,1005.097,2239.1,5087.478
2050-02-01 04:00:00,1865.26,882.524,2322.3,5070.084
2050-02-01 05:00:00,1949.351,768.502,2388.64,5106.492
2050-02-01 06:00:00,2118.144,697.351,2440.63,5256.125
2050-02-01 07:00:00,2187.011,723.915,2483.15,5394.076
2050-02-01 08:00:00,2241.921,822.919,2328.75,5393.59
2050-02-01 09:00:00,2287.547,995.09,1987.89,5270.527
2050-02-01 10:00:00,2300.817,1041.576,1754.63,5097.023
2050-02-01 11:00:00,2301.654,1084.924,1523.56,4910.138
2050-02-01 12:00:00,2305.033,1125.796,1338.35,4769.179
2050-02-01 13:00:00,2305.305,1141.648,1141.43,4588.384
2050-02-01 14:00:00,2333.61,1138.303,930.53,4402.443
2050-02-01 15:00:00,2380.749,1147.06,760.54,4288.349
2050-02-01 16:00:00,2485.328,1227.395,685.54,4398.264
2050-02-01 17:00:00,2708.687,1347.973,831.39,4888.05
2050-02-01 18:00:00,2821.872,1605.138,1029.47,5456.48
2050-02-01 19:00:00,2871.278,1692.743,1288.77,5852.792
2050-02-01 20:00:00,2829.567,1741.417,1482.62,6053.603
2050-02-01 21:00:00,2625.419,1819.513,1603.86,6048.793
2050-02-01 22:00:00,2430.564,1732.97,1704.45,5867.984
2050-02-01 23:00:00,2213.944,1613.577,1799.02,5626.541
2050-02-02 00:00:00,2028.918,1421.34,1877.16,5327.418
2050-02-02 01:00:00,1927.625,1338.197,1948.58,5214.401
2050-02-02 02:00:00,1868.784,1129.494,2010.56,5008.838
2050-02-02 03:00:00,1843.281,1005.097,2063.01,4911.388
2050-02-02 04:00:00,1865.26,882.524,2102.73,4850.514
2050-02-02 05:00:00,1949.351,768.502,2134.26,4852.112
2050-02-02 06:00:00,2118.144,697.351,2153.42,4968.915
2050-02-02 07:00:00,2186.284,723.915,2158.24,5068.439
2050-02-02 08:00:00,2241.921,822.919,2002.03,5066.87
2050-02-02 09:00:00,2287.547,995.09,1686.46,4969.097
2050-02-02 10:00:00,2300.817,1041.576,1448.45,4790.843
2050-02-02 11:00:00,2301.654,1084.924,1168.06,4554.638
2050-02-02 12:00:00,2305.033,1125.796,912.16,4342.989
2050-02-02 13:00:00,2305.305,1141.648,708.16,4155.114
2050-02-02 14:00:00,2333.61,1138.303,480.27,3952.183
2050-02-02 15:00:00,2380.749,1147.06,304.28,3832.089
2050-02-02 16:00:00,2485.328,1227.395,224.62,3937.344
2050-02-02 17:00:00,2705.902,1347.973,319.71,4373.585
2050-02-02 18:00:00,2821.872,1605.138,446.36,4873.37
2050-02-02 19:00:00,2871.278,1692.743,676.87,5240.892
2050-02-02 20:00:00,2829.567,1741.417,852.86,5423.843
2050-02-02 21:00:00,2625.419,1819.513,962.91,5407.843
2050-02-02 22:00:00,2430.564,1732.97,1051.51,5215.044
2050-02-02 23:00:00,2213.944,1613.577,1123.95,4951.471
2050-02-03 00:00:00,2028.918,1421.34,1172.41,4622.668
2050-02-03 01:00:00,1927.625,1338.197,1215.69,4481.511
2050-02-03 02:00:00,1868.784,1129.494,1253.79,4252.068
2050-02-03 03:00:00,1843.281,1005.097,1272.42,4120.798
2050-02-03 04:00:00,1865.26,882.524,1297.64,4045.424
2050-02-03 05:00:00,1949.351,768.502,1313.43,4031.282
2050-02-03 06:00:00,2118.144,697.351,1333.99,4149.485
2050-02-03 07:00:00,2185.504,723.915,1353.33,4262.748
2050-02-03 08:00:00,2241.921,822.919,1259.94,4324.78
2050-02-03 09:00:00,2287.547,995.09,1035.07,4317.707
2050-02-03 10:00:00,2300.817,1041.576,923.54,4265.933
2050-02-03 11:00:00,2301.654,1084.924,799.07,4185.648
2050-02-03 12:00:00,2305.033,1125.796,671.02,4101.849
2050-02-03 13:00:00,2305.305,1141.648,525.72,3972.674
2050-02-03 14:00:00,2333.61,1138.303,375.57,3847.483
2050-02-03 15:00:00,2380.749,1147.06,325.86,3853.669
2050-02-03 16:00:00,2485.328,1227.395,347.85,4060.574
2050-02-03 17:00:00,2703.324,1347.973,472.63,4523.927
2050-02-03 18:00:00,2821.872,1605.138,654.24,5081.25
2050-02-03 19:00:00,2871.278,1692.743,905.72,5469.742
2050-02-03 20:00:00,2829.567,1741.417,1101.58,5672.563
2050-02-03 21:00:00,2625.419,1819.513,1234.84,5679.773
2050-02-03 22:00:00,2430.564,1732.97,1359.68,5523.214
2050-02-03 23:00:00,2213.944,1613.577,1475.68,5303.201
2050-02-04 00:00:00,2028.918,1421.34,1572.74,5022.998
2050-02-04 01:00:00,1927.625,1338.197,1651.57,4917.391
2050-02-04 02:00:00,1868.784,1129.494,1737.36,4735.638
2050-02-04 03:00:00,1843.281,1005.097,1813.58,4661.958
2050-02-04 04:00:00,1865.26,882.524,1867.0,4614.784
2050-02-04 05:00:00,1949.351,768.502,1914.14,4631.992
2050-02-04 06:00:00,2118.144,697.351,1994.1,4809.595
2050-02-04 07:00:00,2184.777,723.915,2083.22,4991.912
2050-02-04 08:00:00,2241.921,822.919,1978.2,5043.04
2050-02-04 09:00:00,2287.547,995.09,1716.0,4998.637
2050-02-04 10:00:00,2300.817,1041.576,1554.15,4896.543
2050-02-04 11:00:00,2301.654,1084.924,1410.19,4796.768
2050-02-04 12:00:00,2305.033,1125.796,1296.06,4726.889
2050-02-04 13:00:00,2305.305,1141.648,1150.52,4597.474
2050-02-04 14:00:00,2333.61,1138.303,975.41,4447.323
2050-02-04 15:00:00,2380.749,1147.06,826.71,4354.519
2050-02-04 16:00:00,2485.328,1227.395,766.65,4479.374
2050-02-04 17:00:00,2700.256,1347.973,918.2,4966.429
2050-02-04 18:00:00,2821.872,1605.138,1124.09,5551.1
2050-02-04 19:00:00,2871.278,1692.743,1390.51,5954.532
2050-02-04 20:00:00,2829.567,1741.417,1578.36,6149.343
2050-02-04 21:00:00,2625.419,1819.513,1669.1,6114.033
2050-02-04 22:00:00,2430.564,1732.97,1738.43,5901.964
2050-02-04 23:00:00,2213.944,1613.577,1786.93,5614.451
2050-02-05 00:00:00,2028.918,1421.34,1830.11,5280.368
2050-02-05 01:00:00,1927.625,1338.197,1865.68,5131.501
2050-02-05 02:00:00,1868.784,1129.494,1895.74,4894.018
2050-02-05 03:00:00,1843.281,1005.097,1918.74,4767.118
2050-02-05 04:00:00,1865.26,882.524,1950.24,4698.024
2050-02-05 05:00:00,1949.351,768.502,1978.46,4696.312
2050-02-05 06:00:00,2118.144,697.351,1992.36,4807.855
2050-02-05 07:00:00,2183.977,723.915,1991.53,4899.421
2050-02-05 08:00:00,2241.921,822.919,1835.62,4900.46
2050-02-05 09:00:00,2287.547,995.09,1589.63,4872.267
2050-02-05 10:00:00,2300.817,1041.576,1445.15,4787.543
2050-02-05 11:00:00,2301.654,1084.924,1297.15,4683.728
2050-02-05 12:00:00,2305.033,1125.796,1177.28,4608.109
2050-02-05 13:00:00,2305.305,1141.648,1065.34,4512.294
2050-02-05 14:00:00,2333.61,1138.303,966.45,4438.363
2050-02-05 15:00:00,2380.749,1147.06,891.47,4419.279
2050-02-05 16:00:00,2485.328,1227.395,854.52,4567.244
2050-02-05 17:00:00,2697.559,1347.973,885.93,4931.462
2050-02-05 18:00:00,2821.872,1605.138,954.94,5381.95
2050-02-05 19:00:00,2871.278,1692.743,1117.71,5681.732
2050-02-05 20:00:00,2829.567,1741.417,1228.35,5799.333
2050-02-05 21:00:00,2625.419,1819.513,1299.16,5744.093
2050-02-05 22:00:00,2430.564,1732.97,1373.98,5537.514
2050-02-05 23:00:00,2213.944,1613.577,1453.04,5280.561
2050-02-06 00:00:00,2028.918,1421.34,1524.62,4974.878
2050-02-06 01:00:00,1927.625,1338.197,1598.82,4864.641
2050-02-06 02:00:00,1868.784,1129.494,1674.4,4672.678
2050-02-06 03:00:00,1843.281,1005.097,1760.84,4609.218
2050-02-06 04:00:00,1865.26,882.524,1854.81,4602.594
2050-02-06 05:00:00,1949.351,768.502,1927.56,4645.412
2050-02-06 06:00:00,2118.144,697.351,1979.62,4795.115
2050-02-06 07:00:00,2183.191,723.915,2010.43,4917.536
2050-02-06 08:00:00,2241.921,822.919,1960.97,5025.81
2050-02-06 09:00:00,2287.547,995.09,1840.93,5123.567
2050-02-06 10:00:00,2300.817,1041.576,1825.04,5167.433
2050-02-06 11:00:00,2301.654,1084.924,1811.81,5198.388
2050-02-06 12:00:00,2305.033,1125.796,1792.48,5223.309
2050-02-06 13:00:00,2305.305,1141.648,1746.48,5193.434
2050-02-06 14:00:00,2333.61,1138.303,1671.04,5142.953
2050-02-06 15:00:00,2380.749,1147.06,1601.32,5129.129
2050-02-06 16:00:00,2485.328,1227.395,1599.09,5311.814
2050-02-06 17:00:00,2694.95,1347.973,1661.05,5703.973
2050-02-06 18:00:00,2821.872,1605.138,1752.08,6179.09
2050-02-06 19:00:00,2871.278,1692.743,1939.9,6503.922
2050-02-06 20:00:00,2829.567,1741.417,2079.6,6650.583
2050-02-06 21:00:00,2625.419,1819.513,2194.95,6639.883
2050-02-06 22:00:00,2430.564,1732.97,2325.42,6488.954
2050-02-06 23:00:00,2213.944,1613.577,2435.11,6262.631
2050-02-07 00:00:00,2028.918,1421.34,2553.96,6004.218
2050-02-07 01:00:00,1927.625,1338.197,2660.14,5925.961
2050-02-07 02:00:00,1868.784,1129.494,2745.29,5743.568
2050-02-07 03:00:00,1843.281,1005.097,2809.31,5657.688
2050-02-07 04:00:00,1865.26,882.524,2860.03,5607.814
2050-02-07 05:00:00,1949.351,768.502,2897.97,5615.822
2050-02-07 06:00:00,2118.144,697.351,2921.24,5736.735
2050-02-07 07:00:00,2182.553,723.915,2944.07,5850.537
2050-02-07 08:00:00,2241.921,822.919,2807.6,5872.44
2050-02-07 09:00:00,2287.547,995.09,2501.88,5784.517
2050-02-07 10:00:00,2300.817,1041.576,2249.03,5591.423
2050-02-07 11:00:00,2301.654,1084.924,1995.59,5382.168
2050-02-07 12:00:00,2305.033,1125.796,1782.27,5213.099
2050-02-07 13:00:00,2305.305,1141.648,1556.93,5003.884
2050-02-07 14:00:00,2333.61,1138.303,1315.95,4787.863
2050-02-07 15:00:00,2380.749,1147.06,1119.54,4647.349
2050-02-07 16:00:00,2485.328,1227.395,1027.71,4740.434
2050-02-07 17:00:00,2692.193,1347.973,1153.53,5193.695
2050-02-07 18:00:00,2821.872,1605.138,1365.33,5792.34
2050-02-07 19:00:00,2871.278,1692.743,1643.58,6207.602
2050-02-07 20:00:00,2829.567,1741.417,1859.19,6430.173
2050-02-07 21:00:00,2625.419,1819.513,1993.9,6438.833
2050-02-07 22:00:00,2430.564,1732.97,2098.13,6261.664
2050-02-07 23:00:00,2213.944,1613.577,2183.66,6011.181
2050-02-08 00:00:00,2028.918,1421.34,2257.72,5707.978
2050-02-08 01:00:00,1927.625,1338.197,2319.69,5585.511
2050-02-08 02:00:00,1868.784,1129.494,2372.95,5371.228
2050-02-08 03:00:00,1843.281,1005.097,2410.06,5258.438
2050-02-08 04:00:00,1865.26,882.524,2452.53,5200.314
2050-02-08 05:00:00,1949.351,768.502,2491.3,5209.152
2050-02-08 06:00:00,2117.715,697.351,2526.77,5341.836
2050-02-08 07:00:00,2181.968,723.915,2559.82,5465.703
2050-02-08 08:00:00,2241.921,822.919,2387.61,5452.45
2050-02-08 09:00:00,2287.547,995.09,2058.01,5340.647
2050-02-08 10:00:00,2300.817,1041.576,1818.06,5160.453
2050-02-08 11:00:00,2301.654,1084.924,1591.05,4977.628
2050-02-08 12:00:00,2305.033,1125.796,1401.73,4832.559
2050-02-08 13:00:00,2305.305,1141.648,1207.47,4654.424
2050-02-08 14:00:00,2333.61,1138.303,1010.11,4482.023
2050-02-08 15:00:00,2380.749,1147.06,863.92,4391.729
2050-02-08 16:00:00,2485.328,1227.395,830.53,4543.254
2050-02-08 17:00:00,2689.113,1347.973,1006.79,5043.875
2050-02-08 18:00:00,2821.872,1605.138,1231.45,5658.46
2050-02-08 19:00:00,2871.278,1692.743,1492.63,6056.652
2050-02-08 20:00:00,2829.567,1741.417,1673.49,6244.473
2050-02-08 21:00:00,2625.419,1819.513,1775.55,6220.483
2050-02-08 22:00:00,2430.564,1732.97,1858.54,6022.074
2050-02-08 23:00:00,2213.944,1613.577,1918.64,5746.161
2050-02-09 00:00:00,2028.918,1421.34,1968.33,5418.588
2050-02-09 01:00:00,1927.625,1338.197,2004.38,5270.201
2050-02-09 02:00:00,1868.784,1129.494,2037.0,5035.278
2050-02-09 03:00:00,1843.281,1005.097,2082.47,4930.848
2050-02-09 04:00:00,1865.26,882.524,2133.18,4880.964
2050-02-09 05:00:00,1949.351,768.502,2184.26,4902.112
2050-02-09 06:00:00,2117.311,697.351,2225.76,5040.422
2050-02-09 07:00:00,2181.466,723.915,2257.94,5163.321
2050-02-09 08:00:00,2241.921,822.919,2082.57,5147.41
2050-02-09 09:00:00,2287.547,995.09,1751.85,5034.487
2050-02-09 10:00:00,2300.817,1041.576,1506.87,4849.263
2050-02-09 11:00:00,2301.654,1084.924,1269.48,4656.058
2050-02-09 12:00:00,2305.033,1125.796,1067.46,4498.289
2050-02-09 13:00:00,2305.305,1141.648,847.58,4294.534
2050-02-09 14:00:00,2333.61,1138.303,628.3,4100.213
2050-02-09 15:00:00,2380.749,1147.06,489.99,4017.799
2050-02-09 16:00:00,2485.328,1227.395,450.54,4163.264
2050-02-09 17:00:00,2686.45,1347.973,518.36,4552.783
2050-02-09 18:00:00,2821.872,1605.138,635.65,5062.66
2050-02-09 19:00:00,2871.278,1692.743,830.36,5394.382
2050-02-09 20:00:00,2829.567,1741.417,975.81,5546.793
2050-02-09 21:00:00,2625.419,1819.513,1053.08,5498.013
2050-02-09 22:00:00,2430.564,1732.97,1108.35,5271.884
2050-02-09 23:00:00,2213.944,1613.577,1167.32,4994.841
2050-02-10 00:00:00,2028.918,1421.34,1213.83,4664.088
2050-02-10 01:00:00,1927.625,1338.197,1254.7,4520.521
2050-02-10 02:00:00,1868.784,1129.494,1293.17,4291.448
2050-02-10 03:00:00,1843.281,1005.097,1335.45,4183.828
2050-02-10 04:00:00,1865.26,882.524,1363.19,4110.974
2050-02-10 05:00:00,1949.351,768.502,1388.89,4106.742
2050-02-10 06:00:00,2116.781,697.351,1406.15,4220.282
2050-02-10 07:00:00,2181.208,723.915,1413.96,4319.083
2050-02-10 08:00:00,2241.921,822.919,1348.15,4412.99
2050-02-10 09:00:00,2287.547,995.09,1175.65,4458.287
2050-02-10 10:00:00,2300.817,1041.576,1142.73,4485.123
2050-02-10 11:00:00,2301.654,1084.924,1094.71,4481.288
2050-02-10 12:00:00,2305.033,1125.796,1040.36,4471.189
2050-02-10 13:00:00,2305.305,1141.648,986.32,4433.274
2050-02-10 14:00:00,2333.61,1138.303,971.63,4443.543
2050-02-10 15:00:00,2380.749,1147.06,964.88,4492.689
2050-02-10 16:00:00,2485.328,1227.395,981.17,4693.894
2050-02-10 17:00:00,2683.998,1347.973,1032.81,5064.781
2050-02-10 18:00:00,2821.872,1605.138,1093.12,5520.13
2050-02-10 19:00:00,2871.278,1692.743,1238.57,5802.592
2050-02-10 20:00:00,2829.567,1741.417,1344.11,5915.093
2050-02-10 21:00:00,2625.419,1819.513,1413.16,5858.093
2050-02-10 22:00:00,2430.564,1732.97,1494.77,5658.304
2050-02-10 23:00:00,2213.944,1613.577,1561.35,5388.871
2050-02-11 00:00:00,2028.918,1421.34,1621.33,5071.588
2050-02-11 01:00:00,1927.625,1338.197,1689.48,4955.301
2050-02-11 02:00:00,1868.784,1129.494,1744.29,4742.568
2050-02-11 03:00:00,1843.281,1005.097,1798.91,4647.288
2050-02-11 04:00:00,1865.26,882.524,1849.62,4597.404
2050-02-11 05:00:00,1949.351,768.502,1901.02,4618.872
2050-02-11 06:00:00,2116.155,697.351,1965.81,4779.316
2050-02-11 07:00:00,2180.947,723.915,2014.57,4919.431
2050-02-11 08:00:00,2241.921,822.919,1910.62,4975.46
2050-02-11 09:00:00,2287.547,995.09,1705.42,4988.057
2050-02-11 10:00:00,2300.817,1041.576,1549.09,4891.483
2050-02-11 11:00:00,2301.654,1084.924,1375.99,4762.568
2050-02-11 12:00:00,2305.033,1125.796,1234.37,4665.199
2050-02-11 13:00:00,2305.305,1141.648,1080.11,4527.064
2050-02-11 14:00:00,2333.61,1138.303,999.81,4471.723
2050-02-11 15:00:00,2380.749,1147.06,970.43,4498.239
2050-02-11 16:00:00,2485.328,1227.395,982.82,4695.544
2050-02-11 17:00:00,2681.135,1347.973,1090.74,5119.847
2050-02-11 18:00:00,2821.872,1605.138,1251.59,5678.6
2050-02-11 19:00:00,2871.278,1692.743,1483.68,6047.702
2050-02-11 20:00:00,2829.567,1741.417,1640.09,6211.073
2050-02-11 21:00:00,2625.419,1819.513,1737.29,6182.223
2050-02-11 22:00:00,2430.564,1732.97,1818.34,5981.874
2050-02-11 23:00:00,2213.944,1613.577,1882.56,5710.081
2050-02-12 00:00:00,2028.918,1421.34,1932.51,5382.768
2050-02-12 01:00:00,1927.625,1338.197,1974.42,5240.241
2050-02-12 02:00:00,1868.784,1129.494,2014.37,5012.648
2050-02-12 03:00:00,1843.281,1005.097,2053.11,4901.488
2050-02-12 04:00:00,1865.26,882.524,2090.59,4838.374
2050-02-12 05:00:00,1949.351,768.502,2129.52,4847.372
2050-02-12 06:00:00,2115.521,697.351,2167.58,4980.452
2050-02-12 07:00:00,2180.733,723.915,2204.34,5108.988
2050-02-12 08:00:00,2241.921,822.919,2051.9,5116.74
2050-02-12 09:00:00,2287.547,995.09,1751.37,5034.007
2050-02-12 10:00:00,2300.817,1041.576,1524.09,4866.483
2050-02-12 11:00:00,2301.654,1084.924,1315.67,4702.248
2050-02-12 12:00:00,2305.033,1125.796,1147.07,4577.899
2050-02-12 13:00:00,2305.305,1141.648,969.67,4416.624
2050-02-12 14:00:00,2333.61,1138.303,785.13,4257.043
2050-02-12 15:00:00,2380.749,1147.06,649.35,4177.159
2050-02-12 16:00:00,2485.328,1227.395,606.2,4318.924
2050-02-12 17:00:00,2678.081,1347.973,754.17,4780.223
2050-02-12 18:00:00,2821.872,1605.138,990.52,5417.53
2050-02-12 19:00:00,2871.278,1692.743,1266.18,5830.202
2050-02-12 20:00:00,2829.567,1741.417,1463.51,6034.493
2050-02-12 21:00:00,2625.419,1819.513,1584.3,6029.233
2050-02-12 22:00:00,2430.564,1732.97,1695.05,5858.584
2050-02-12 23:00:00,2213.944,1613.577,1789.41,5616.931
2050-02-13 00:00:00,2028.918,1421.34,1858.24,5308.498
2050-02-13 01:00:00,1927.625,1338.197,1906.06,5171.881
2050-02-13 02:00:00,1868.784,1129.494,1945.79,4944.068
2050-02-13 03:00:00,1843.281,1005.097,1966.98,4815.358
2050-02-13 04:00:00,1865.26,882.524,1983.13,4730.914
2050-02-13 05:00:00,1949.351,768.502,2004.69,4722.542
2050-02-13 06:00:00,2114.77,697.351,2041.45,4853.571
2050-02-13 07:00:00,2180.474,723.915,2077.81,4982.198
2050-02-13 08:00:00,2241.921,822.919,1944.87,5009.71
2050-02-13 09:00:00,2287.547,995.09,1694.53,4977.167
2050-02-13 10:00:00,2300.817,1041.576,1538.66,4881.053
2050-02-13 11:00:00,2301.654,1084.924,1395.02,4781.598
2050-02-13 12:00:00,2305.033,1125.796,1279.63,4710.459
2050-02-13 13:00:00,2305.305,1141.648,1164.26,4611.214
2050-02-13 14:00:00,2333.61,1138.303,1031.45,4503.363
2050-02-13 15:00:00,2380.749,1147.06,905.94,4433.749
2050-02-13 16:00:00,2485.328,1227.395,894.92,4607.644
2050-02-13 17:00:00,2675.67,1347.973,1012.05,5035.693
2050-02-13 18:00:00,2821.872,1605.138,1174.93,5601.94
2050-02-13 19:00:00,2871.278,1692.743,1412.3,5976.322
2050-02-13 20:00:00,2829.567,1741.417,1570.32,6141.303
2050-02-13 21:00:00,2625.419,1819.513,1653.49,6098.423
2050-02-13 22:00:00,2430.564,1732.97,1733.57,5897.104
2050-02-13 23:00:00,2213.944,1613.577,1802.53,5630.051
2050-02-14 00:00:00,2028.918,1421.34,1865.58,5315.838
2050-02-14 01:00:00,1927.625,1338.197,1928.23,5194.051
2050-02-14 02:00:00,1868.784,1129.494,1988.47,4986.748
2050-02-14 03:00:00,1843.281,1005.097,2043.85,4892.228
2050-02-14 04:00:00,1865.26,882.524,2093.5,4841.284
2050-02-14 05:00:00,1949.351,768.502,2137.7,4855.552
2050-02-14 06:00:00,2114.13,697.351,2174.11,4985.591
2050-02-14 07:00:00,2180.268,723.915,2198.78,5102.962
2050-02-14 08:00:00,2241.921,822.919,2015.32,5080.16
2050-02-14 09:00:00,2287.547,995.09,1702.92,4985.557
2050-02-14 10:00:00,2300.817,1041.576,1485.28,4827.673
2050-02-14 11:00:00,2301.654,1084.924,1277.22,4663.798
2050-02-14 12:00:00,2305.033,1125.796,1109.66,4540.489
2050-02-14 13:00:00,2305.305,1141.648,947.43,4394.384
2050-02-14 14:00:00,2333.61,1138.303,788.98,4260.893
2050-02-14 15:00:00,2380.749,1147.06,680.14,4207.949
2050-02-14 16:00:00,2485.328,1227.395,629.0,4341.724
2050-02-14 17:00:00,2672.97,1347.973,733.72,4754.663
2050-02-14 18:00:00,2821.872,1605.138,937.75,5364.76
2050-02-14 19:00:00,2871.278,1692.743,1200.96,5764.982
2050-02-14 20:00:00,2829.567,1741.417,1413.22,5984.203
2050-02-14 21:00:00,2625.419,1819.513,1553.56,5998.493
2050-02-14 22:00:00,2430.564,1732.97,1677.73,5841.264
2050-02-14 23:00:00,2213.944,1613.577,1785.69,5613.211
2050-02-15 00:00:00,2028.918,1421.34,1878.28,5328.538
2050-02-15 01:00:00,1927.625,1338.197,1960.55,5226.371
2050-02-15 02:00:00,1868.784,1129.494,2035.74,5034.018
2050-02-15 03:00:00,1843.281,1005.097,2104.66,4953.038
2050-02-15 04:00:00,1865.26,882.524,2164.73,4912.514
2050-02-15 05:00:00,1949.351,768.502,2215.16,4933.012
2050-02-15 06:00:00,2113.38,697.351,2255.93,5066.661
2050-02-15 07:00:00,2180.054,723.915,2286.77,5190.738
2050-02-15 08:00:00,2241.921,822.919,2069.09,5133.93
2050-02-15 09:00:00,2287.547,995.09,1707.84,4990.477
2050-02-15 10:00:00,2300.817,1041.576,1436.38,4778.773
2050-02-15 11:00:00,2301.654,1084.924,1183.53,4570.108
2050-02-15 12:00:00,2305.033,1125.796,971.08,4401.909
2050-02-15 13:00:00,2305.305,1141.648,752.52,4199.474
2050-02-15 14:00:00,2333.61,1138.303,532.23,4004.143
2050-02-15 15:00:00,2380.749,1147.06,366.64,3894.449
2050-02-15 16:00:00,2485.328,1227.395,293.02,4005.744
2050-02-15 17:00:00,2670.281,1347.973,391.48,4409.734
2050-02-15 18:00:00,2821.872,1605.138,618.13,5045.14
2050-02-15 19:00:00,2871.278,1692.743,880.78,5444.802
2050-02-15 20:00:00,2829.567,1741.417,1047.53,5618.513
2050-02-15 21:00:00,2625.419,1819.513,1140.6,5585.533
2050-02-15 22:00:00,2430.564,1732.97,1202.79,5366.324
2050-02-15 23:00:00,2213.944,1613.577,1240.42,5067.941
2050-02-16 00:00:00,2028.918,1421.34,1292.95,4743.208
2050-02-16 01:00:00,1927.625,1338.197,1307.0,4572.821
2050-02-16 02:00:00,1868.784,1129.494,1360.6,4358.878
2050-02-16 03:00:00,1843.281,1005.097,1377.19,4225.568
2050-02-16 04:00:00,1865.26,882.524,1403.79,4151.574
2050-02-16 05:00:00,1949.351,768.502,1402.49,4120.342
2050-02-16 06:00:00,2112.597,697.351,1397.25,4207.198
2050-02-16 07:00:00,2179.878,723.915,1401.9,4305.693
2050-02-16 08:00:00,2241.921,822.919,1319.42,4384.26
2050-02-16 09:00:00,2287.547,995.09,1165.93,4448.567
2050-02-16 10:00:00,2300.817,1041.576,1124.28,4466.673
2050-02-16 11:00:00,2301.654,1084.924,1085.32,4471.898
2050-02-16 12:00:00,2305.033,1125.796,1094.39,4525.219
2050-02-16 13:00:00,2305.305,1141.648,1121.1,4568.054
2050-02-16 14:00:00,2333.61,1138.303,1168.13,4640.043
2050-02-16 15:00:00,2380.749,1147.06,1210.56,4738.369
2050-02-16 16:00:00,2485.328,1227.395,1239.6,4952.324
2050-02-16 17:00:00,2667.475,1347.973,1307.58,5323.027
2050-02-16 18:00:00,2821.872,1605.138,1399.14,5826.15
2050-02-16 19:00:00,2871.278,1692.743,1564.4,6128.422
2050-02-16 20:00:00,2829.567,1741.417,1666.31,6237.293
2050-02-16 21:00:00,2625.419,1819.513,1702.35,6147.283
2050-02-16 22:00:00,2430.564,1732.97,1731.23,5894.764
2050-02-16 23:00:00,2213.944,1613.577,1769.23,5596.751
2050-02-17 00:00:00,2028.918,1421.34,1803.31,5253.568
2050-02-17 01:00:00,1927.625,1338.197,1845.28,5111.101
2050-02-17 02:00:00,1868.784,1129.494,1883.65,4881.928
2050-02-17 03:00:00,1843.281,1005.097,1925.17,4773.548
2050-02-17 04:00:00,1865.26,882.524,1963.59,4711.374
2050-02-17 05:00:00,1949.351,768.502,1999.66,4717.512
2050-02-17 06:00:00,2111.854,697.351,2028.45,4837.655
2050-02-17 07:00:00,2179.719,723.915,2052.85,4956.484
2050-02-17 08:00:00,2241.921,822.919,1858.3,4923.14
2050-02-17 09:00:00,2287.547,995.09,1537.17,4819.807
2050-02-17 10:00:00,2300.817,1041.576,1309.08,4651.473
2050-02-17 11:00:00,2301.654,1084.924,1093.83,4480.408
2050-02-17 12:00:00,2305.033,1125.796,907.22,4338.049
2050-02-17 13:00:00,2305.305,1141.648,727.91,4174.864
2050-02-17 14:00:00,2333.61,1138.303,576.18,4048.093
2050-02-17 15:00:00,2380.749,1147.06,567.9,4095.709
2050-02-17 16:00:00,2485.328,1227.395,596.84,4309.564
2050-02-17 17:00:00,2664.798,1347.973,697.49,4710.261
2050-02-17 18:00:00,2821.872,1605.138,868.2,5295.21
2050-02-17 19:00:00,2871.278,1692.743,1127.55,5691.572
2050-02-17 20:00:00,2829.567,1741.417,1321.21,5892.193
2050-02-17 21:00:00,2625.419,1819.513,1424.58,5869.513
2050-02-17 22:00:00,2430.564,1732.97,1522.75,5686.284
2050-02-17 23:00:00,2213.944,1613.577,1611.82,5439.341
2050-02-18 00:00:00,2028.918,1421.34,1682.18,5132.438
2050-02-18 01:00:00,1927.625,1338.197,1745.85,5011.671
2050-02-18 02:00:00,1868.784,1129.494,1800.58,4798.858
2050-02-18 03:00:00,1843.281,1005.097,1832.42,4680.798
2050-02-18 04:00:00,1865.26,882.524,1867.46,4615.244
2050-02-18 05:00:00,1949.351,768.502,1901.32,4619.172
2050-02-18 06:00:00,2110.931,697.351,1927.84,4736.122
2050-02-18 07:00:00,2179.635,723.915,1938.85,4842.4
2050-02-18 08:00:00,2241.921,822.919,1726.44,4791.28
2050-02-18 09:00:00,2287.547,995.09,1407.42,4690.057
2050-02-18 10:00:00,2300.817,1041.576,1222.8,4565.193
2050-02-18 11:00:00,2301.654,1084.924,1064.06,4450.638
2050-02-18 12:00:00,2305.033,1125.796,924.75,4355.579
2050-02-18 13:00:00,2305.305,1141.648,779.54,4226.494
2050-02-18 14:00:00,2333.61,1138.303,619.11,4091.023
2050-02-18 15:00:00,2380.749,1147.06,518.7,4046.509
2050-02-18 16:00:00,2485.328,1227.395,503.82,4216.544
2050-02-18 17:00:00,2662.084,1347.973,616.85,4626.907
2050-02-18 18:00:00,2821.872,1605.138,825.93,5252.94
2050-02-18 19:00:00,2871.278,1692.743,1092.94,5656.962
2050-02-18 20:00:00,2829.567,1741.417,1302.27,5873.253
2050-02-18 21:00:00,2625.419,1819.513,1434.89,5879.823
2050-02-18 22:00:00,2430.564,1732.97,1553.83,5717.364
2050-02-18 23:00:00,2213.944,1613.577,1655.14,5482.661
2050-02-19 00:00:00,2028.918,1421.34,1740.45,5190.708
2050-02-19 01:00:00,1927.625,1338.197,1812.09,5077.911
2050-02-19 02:00:00,1868.784,1129.494,1881.21,4879.488
2050-02-19 03:00:00,1843.281,1005.097,1943.82,4792.198
2050-02-19 04:00:00,1865.26,882.524,2001.1,4748.884
2050-02-19 05:00:00,1949.351,768.502,2043.34,4761.192
2050-02-19 06:00:00,2109.995,697.351,2079.88,4887.226
2050-02-19 07:00:00,2179.608,723.915,2107.93,5011.453
2050-02-19 08:00:00,2241.921,822.919,1899.61,4964.45
2050-02-19 09:00:00,2287.547,995.09,1562.94,4845.577
2050-02-19 10:00:00,2300.817,1041.576,1360.02,4702.413
2050-02-19 11:00:00,2301.654,1084.924,1174.84,4561.418
2050-02-19 12:00:00,2305.033,1125.796,1010.26,4441.089
2050-02-19 13:00:00,2305.305,1141.648,838.8,4285.754
2050-02-19 14:00:00,2333.61,1138.303,670.16,4142.073
2050-02-19 15:00:00,2380.749,1147.06,562.08,4089.889
2050-02-19 16:00:00,2485.328,1227.395,537.98,4250.704
2050-02-19 17:00:00,2659.42,1347.973,642.49,4649.883
2050-02-19 18:00:00,2821.872,1605.138,846.49,5273.5
2050-02-19 19:00:00,2871.278,1692.743,1092.7,5656.722
2050-02-19 20:00:00,2829.567,1741.417,1265.85,5836.833
2050-02-19 21:00:00,2625.419,1819.513,1357.84,5802.773
2050-02-19 22:00:00,2430.564,1732.97,1422.21,5585.744
2050-02-19 23:00:00,2213.944,1613.577,1471.12,5298.641
2050-02-20 00:00:00,2028.918,1421.34,1515.24,4965.498
2050-02-20 01:00:00,1927.625,1338.197,1543.62,4809.441
2050-02-20 02:00:00,1868.784,1129.494,1564.01,4562.288
2050-02-20 03:00:00,1843.281,1005.097,1581.13,4429.508
2050-02-20 04:00:00,1865.26,882.524,1594.5,4342.284
2050-02-20 05:00:00,1949.351,768.502,1613.39,4331.242
2050-02-20 06:00:00,2109.007,697.351,1630.18,4436.538
2050-02-20 07:00:00,2179.553,723.915,1636.67,4540.138
2050-02-20 08:00:00,2241.921,822.919,1505.73,4570.57
2050-02-20 09:00:00,2287.547,995.09,1301.29,4583.927
2050-02-20 10:00:00,2300.817,1041.576,1157.82,4500.213
2050-02-20 11:00:00,2301.654,1084.924,977.17,4363.748
2050-02-20 12:00:00,2305.033,1125.796,810.68,4241.509
2050-02-20 13:00:00,2305.305,1141.648,640.0,4086.954
2050-02-20 14:00:00,2333.61,1138.303,488.81,3960.723
2050-02-20 15:00:00,2380.749,1147.06,377.0,3904.809
2050-02-20 16:00:00,2485.328,1227.395,322.02,4034.744
2050-02-20 17:00:00,2656.798,1347.973,394.97,4399.741
2050-02-20 18:00:00,2821.872,1605.138,598.07,5025.08
2050-02-20 19:00:00,2871.278,1692.743,858.31,5422.332
2050-02-20 20:00:00,2829.567,1741.417,1054.41,5625.393
2050-02-20 21:00:00,2625.419,1819.513,1167.93,5612.863
2050-02-20 22:00:00,2430.564,1732.97,1263.55,5427.084
2050-02-20 23:00:00,2213.944,1613.577,1353.67,5181.191
2050-02-21 00:00:00,2028.918,1421.34,1437.11,4887.368
2050-02-21 01:00:00,1927.625,1338.197,1512.15,4777.971
2050-02-21 02:00:00,1868.784,1129.494,1568.2,4566.478
2050-02-21 03:00:00,1843.281,1005.097,1614.7,4463.078
2050-02-21 04:00:00,1865.26,882.524,1650.36,4398.144
2050-02-21 05:00:00,1949.351,768.502,1690.54,4408.392
2050-02-21 06:00:00,2108.059,697.351,1723.71,4529.12
2050-02-21 07:00:00,2179.526,723.915,1757.96,4661.401
2050-02-21 08:00:00,2241.921,822.919,1545.18,4610.02
2050-02-21 09:00:00,2287.547,995.09,1231.31,4513.947
2050-02-21 10:00:00,2300.817,1041.576,1021.5,4363.893
2050-02-21 11:00:00,2301.654,1084.924,839.85,4226.428
2050-02-21 12:00:00,2305.033,1125.796,707.6,4138.429
2050-02-21 13:00:00,2305.305,1141.648,566.16,4013.114
2050-02-21 14:00:00,2333.61,1138.303,437.56,3909.473
2050-02-21 15:00:00,2380.749,1147.06,359.54,3887.349
2050-02-21 16:00:00,2485.328,1227.395,344.01,4056.734
2050-02-21 17:00:00,2654.086,1347.973,461.51,4463.569
2050-02-21 18:00:00,2821.872,1605.138,719.92,5146.93
2050-02-21 19:00:00,2871.278,1692.743,1012.19,5576.212
2050-02-21 20:00:00,2829.567,1741.417,1238.14,5809.123
2050-02-21 21:00:00,2625.419,1819.513,1392.83,5837.763
2050-02-21 22:00:00,2430.564,1732.97,1513.71,5677.244
2050-02-21 23:00:00,2213.944,1613.577,1610.1,5437.621
2050-02-22 00:00:00,2028.918,1421.34,1687.24,5137.498
2050-02-22 01:00:00,1927.625,1338.197,1748.75,5014.571
2050-02-22 02:00:00,1868.784,1129.494,1799.15,4797.428
2050-02-22 03:00:00,1843.281,1005.097,1842.91,4691.288
2050-02-22 04:00:00,1865.26,882.524,1884.9,4632.684
2050-02-22 05:00:00,1949.351,768.502,1924.45,4642.302
2050-02-22 06:00:00,2107.114,697.351,1954.31,4758.775
2050-02-22 07:00:00,2179.471,723.915,1964.09,4867.476
2050-02-22 08:00:00,2241.921,822.919,1721.08,4785.92
2050-02-22 09:00:00,2287.547,995.09,1365.65,4648.287
2050-02-22 10:00:00,2300.817,1041.576,1091.62,4434.013
2050-02-22 11:00:00,2301.654,1084.924,825.46,4212.038
2050-02-22 12:00:00,2305.033,1125.796,594.12,4024.949
2050-02-22 13:00:00,2305.305,1141.648,351.04,3797.994
2050-02-22 14:00:00,2333.61,1138.303,148.63,3620.543
2050-02-22 15:00:00,2380.749,1147.06,36.95,3564.759
2050-02-22 16:00:00,2485.328,1227.395,22.16,3734.884
2050-02-22 17:00:00,2651.47,1347.973,56.71,4056.153
2050-02-22 18:00:00,2821.872,1605.138,167.85,4594.86
2050-02-22 19:00:00,2871.278,1692.743,364.12,4928.142
2050-02-22 20:00:00,2829.567,1741.417,536.37,5107.353
2050-02-22 21:00:00,2625.419,1819.513,648.59,5093.523
2050-02-22 22:00:00,2430.564,1732.97,742.03,4905.564
2050-02-22 23:00:00,2213.944,1613.577,799.99,4627.511
2050-02-23 00:00:00,2028.918,1421.34,833.81,4284.068
2050-02-23 01:00:00,1927.625,1338.197,846.51,4112.331
2050-02-23 02:00:00,1868.784,1129.494,849.16,3847.438
2050-02-23 03:00:00,1843.281,1005.097,846.8,3695.178
2050-02-23 04:00:00,1865.26,882.524,845.31,3593.094
2050-02-23 05:00:00,1949.351,768.502,851.94,3569.792
2050-02-23 06:00:00,2106.096,697.351,840.18,3643.627
2050-02-23 07:00:00,2179.471,723.915,811.18,3714.566
2050-02-23 08:00:00,2241.921,822.919,741.77,3806.61
2050-02-23 09:00:00,2287.547,995.09,608.53,3891.167
2050-02-23 10:00:00,2300.817,1041.576,586.22,3928.613
2050-02-23 11:00:00,2301.654,1084.924,583.14,3969.718
2050-02-23 12:00:00,2305.033,1125.796,582.94,4013.769
2050-02-23 13:00:00,2305.305,1141.648,571.46,4018.414
2050-02-23 14:00:00,2333.61,1138.303,571.83,4043.743
2050-02-23 15:00:00,2380.749,1147.06,581.71,4109.519
2050-02-23 16:00:00,2485.328,1227.395,594.51,4307.234
2050-02-23 17:00:00,2648.959,1347.973,624.04,4620.972
2050-02-23 18:00:00,2821.872,1605.138,623.64,5050.65
2050-02-23 19:00:00,2871.278,1692.743,756.69,5320.712
2050-02-23 20:00:00,2829.567,1741.417,848.83,5419.813
2050-02-23 21:00:00,2625.419,1819.513,842.79,5287.723
2050-02-23 22:00:00,2430.564,1732.97,829.37,4992.904
2050-02-23 23:00:00,2213.944,1613.577,828.46,4655.981
2050-02-24 00:00:00,2028.918,1421.34,823.37,4273.628
2050-02-24 01:00:00,1927.625,1338.197,852.01,4117.831
2050-02-24 02:00:00,1868.784,1129.494,884.99,3883.268
2050-02-24 03:00:00,1843.281,1005.097,897.29,3745.668
2050-02-24 04:00:00,1865.26,882.524,896.97,3644.754
2050-02-24 05:00:00,1949.351,768.502,903.35,3621.202
2050-02-24 06:00:00,2105.064,697.351,893.42,3695.835
2050-02-24 07:00:00,2179.471,723.915,873.53,3776.916
2050-02-24 08:00:00,2241.921,822.919,750.08,3814.92
2050-02-24 09:00:00,2287.547,995.09,530.41,3813.047
2050-02-24 10:00:00,2300.817,1041.576,347.86,3690.253
2050-02-24 11:00:00,2301.654,1084.924,198.17,3584.748
2050-02-24 12:00:00,2305.033,1125.796,124.97,3555.799
2050-02-24 13:00:00,2305.305,1141.648,88.13,3535.084
2050-02-24 14:00:00,2333.61,1138.303,100.24,3572.153
2050-02-24 15:00:00,2380.749,1147.06,97.06,3624.869
2050-02-24 16:00:00,2485.328,1227.395,91.44,3804.164
2050-02-24 17:00:00,2646.316,1347.973,110.37,4104.659
2050-02-24 18:00:00,2821.872,1605.138,211.34,4638.35
2050-02-24 19:00:00,2871.278,1692.743,424.56,4988.582
2050-02-24 20:00:00,2829.567,1741.417,607.05,5178.033
2050-02-24 21:00:00,2625.419,1819.513,738.16,5183.093
2050-02-24 22:00:00,2430.564,1732.97,845.47,5009.004
2050-02-24 23:00:00,2213.944,1613.577,937.81,4765.331
2050-02-25 00:00:00,2028.918,1421.34,1010.7,4460.958
2050-02-25 01:00:00,1927.625,1338.197,1068.97,4334.791
2050-02-25 02:00:00,1868.784,1129.494,1109.4,4107.678
2050-02-25 03:00:00,1843.281,1005.097,1136.86,3985.238
2050-02-25 04:00:00,1865.26,882.524,1159.59,3907.374
2050-02-25 05:00:00,1949.351,768.502,1171.31,3889.162
2050-02-25 06:00:00,2104.044,697.351,1188.11,3989.505
2050-02-25 07:00:00,2179.471,723.915,1201.77,4105.156
2050-02-25 08:00:00,2241.921,822.919,1139.31,4204.15
2050-02-25 09:00:00,2287.547,995.09,1023.67,4306.307
2050-02-25 10:00:00,2300.817,1041.576,1000.83,4343.223
2050-02-25 11:00:00,2301.654,1084.924,982.46,4369.038
2050-02-25 12:00:00,2305.033,1125.796,970.93,4401.759
2050-02-25 13:00:00,2305.305,1141.648,968.76,4415.714
2050-02-25 14:00:00,2333.61,1138.303,964.23,4436.143
2050-02-25 15:00:00,2380.749,1147.06,985.31,4513.119
2050-02-25 16:00:00,2485.328,1227.395,1028.49,4741.214
2050-02-25 17:00:00,2643.606,1347.973,1088.07,5079.648
2050-02-25 18:00:00,2821.872,1605.138,1163.62,5590.63
2050-02-25 19:00:00,2871.278,1692.743,1331.85,5895.872
2050-02-25 20:00:00,2829.567,1741.417,1443.36,6014.343
2050-02-25 21:00:00,2625.419,1819.513,1501.01,5945.943
2050-02-25 22:00:00,2430.564,1732.97,1568.8,5732.334
2050-02-25 23:00:00,2213.944,1613.577,1649.35,5476.871
2050-02-26 00:00:00,2028.918,1421.34,1731.0,5181.258
2050-02-26 01:00:00,1927.625,1338.197,1851.94,5117.761
2050-02-26 02:00:00,1868.784,1129.494,2001.84,5000.118
2050-02-26 03:00:00,1843.281,1005.097,2125.92,4974.298
2050-02-26 04:00:00,1865.26,882.524,2232.47,4980.254
2050-02-26 05:00:00,1949.351,768.502,2312.35,5030.202
2050-02-26 06:00:00,2102.989,697.351,2375.59,5175.93
2050-02-26 07:00:00,2179.471,723.915,2410.75,5314.136
2050-02-26 08:00:00,2241.921,822.919,2358.19,5423.03
2050-02-26 09:00:00,2287.547,995.09,2221.74,5504.377
2050-02-26 10:00:00,2300.817,1041.576,2173.16,5515.553
2050-02-26 11:00:00,2301.654,1084.924,2104.02,5490.598
2050-02-26 12:00:00,2305.033,1125.796,2003.76,5434.589
2050-02-26 13:00:00,2305.305,1141.648,1882.69,5329.644
2050-02-26 14:00:00,2333.61,1138.303,1775.47,5247.383
2050-02-26 15:00:00,2380.749,1147.06,1703.17,5230.979
2050-02-26 16:00:00,2485.328,1227.395,1656.95,5369.674
2050-02-26 17:00:00,2641.131,1347.973,1647.34,5636.444
2050-02-26 18:00:00,2821.872,1605.138,1684.32,6111.33
2050-02-26 19:00:00,2871.278,1692.743,1815.21,6379.232
2050-02-26 20:00:00,2829.567,1741.417,1892.86,6463.843
2050-02-26 21:00:00,2625.419,1819.513,1927.18,6372.113
2050-02-26 22:00:00,2430.564,1732.97,1956.64,6120.174
2050-02-26 23:00:00,2213.944,1613.577,1994.43,5821.951
2050-02-27 00:00:00,2028.918,1421.34,2028.84,5479.098
2050-02-27 01:00:00,1927.625,1338.197,2084.79,5350.611
2050-02-27 02:00:00,1868.784,1129.494,2138.93,5137.208
2050-02-27 03:00:00,1843.281,1005.097,2169.32,5017.698
2050-02-27 04:00:00,1865.26,882.524,2192.81,4940.594
2050-02-27 05:00:00,1949.351,768.502,2217.47,4935.322
2050-02-27 06:00:00,2101.912,697.351,2240.48,5039.743
2050-02-27 07:00:00,2179.471,723.915,2234.28,5137.666
2050-02-27 08:00:00,2241.921,822.919,1996.42,5061.26
2050-02-27 09:00:00,2287.547,995.09,1643.65,4926.287
2050-02-27 10:00:00,2300.817,1041.576,1374.53,4716.923
2050-02-27 11:00:00,2301.654,1084.924,1139.21,4525.788
2050-02-27 12:00:00,2305.033,1125.796,956.85,4387.679
2050-02-27 13:00:00,2305.305,1141.648,813.22,4260.174
2050-02-27 14:00:00,2333.61,1138.303,733.72,4205.633
2050-02-27 15:00:00,2380.749,1147.06,715.7,4243.509
2050-02-27 16:00:00,2485.328,1227.395,724.87,4437.594
2050-02-27 17:00:00,2638.418,1347.973,762.13,4748.521
2050-02-27 18:00:00,2821.872,1605.138,917.21,5344.22
2050-02-27 19:00:00,2871.278,1692.743,1098.49,5662.512
2050-02-27 20:00:00,2829.567,1741.417,1246.14,5817.123
2050-02-27 21:00:00,2625.419,1819.513,1323.6,5768.533
2050-02-27 22:00:00,2430.564,1732.97,1401.29,5564.824
2050-02-27 23:00:00,2213.944,1613.577,1490.06,5317.581
2050-02-28 00:00:00,2028.918,1421.34,1581.99,5032.248
2050-02-28 01:00:00,1927.625,1338.197,1671.54,4937.361
2050-02-28 02:00:00,1868.784,1129.494,1758.34,4756.618
2050-02-28 03:00:00,1843.281,1005.097,1833.39,4681.768
2050-02-28 04:00:00,1865.26,882.524,1901.85,4649.634
2050-02-28 05:00:00,1949.351,768.502,1960.5,4678.352
2050-02-28 06:00:00,2100.887,697.351,2009.38,4807.618
2050-02-28 07:00:00,2179.471,723.915,2015.11,4918.496
2050-02-28 08:00:00,2241.921,822.919,1769.99,4834.83
2050-02-28 09:00:00,2287.547,995.09,1421.03,4703.667
2050-02-28 10:00:00,2300.817,1041.576,1188.51,4530.903
2050-02-28 11:00:00,2301.654,1084.924,963.82,4350.398
2050-02-28 12:00:00,2305.033,1125.796,767.24,4198.069
2050-02-28 13:00:00,2305.305,1141.648,567.82,4014.774
2050-02-28 14:00:00,2333.61,1138.303,393.91,3865.823
2050-02-28 15:00:00,2380.749,1147.06,319.74,3847.549
2050-02-28 16:00:00,2485.328,1227.395,342.59,4055.314
2050-02-28 17:00:00,2636.327,1347.973,438.07,4422.369
2050-02-28 18:00:00,2821.872,1605.138,609.01,5036.02
2050-02-28 19:00:00,2871.278,1692.743,762.15,5326.172
2050-02-28 20:00:00,2829.567,1741.417,939.85,5510.833
2050-02-28 21:00:00,2625.419,1819.513,1041.32,5486.253
2050-02-28 22:00:00,2430.564,1732.97,1138.43,5301.964
2050-02-28 23:00:00,2213.944,1613.577,1208.0,5035.521
2050-03-01 00:00:00,2028.918,1364.028,1266.73,4659.676
2050-03-01 01:00:00,1927.625,1284.237,1330.01,4541.872
2050-03-01 02:00:00,1868.784,1083.95,1406.27,4359.004
2050-03-01 03:00:00,1843.281,964.569,1483.05,4290.9
2050-03-01 04:00:00,1865.26,846.938,1533.48,4245.679
2050-03-01 05:00:00,1949.351,737.514,1577.21,4264.074
2050-03-01 06:00:00,2099.782,669.232,1637.29,4406.304
2050-03-01 07:00:00,2179.471,694.725,1651.17,4525.366
2050-03-01 08:00:00,2241.921,789.737,1444.17,4475.828
2050-03-01 09:00:00,2287.547,954.965,1176.76,4419.272
2050-03-01 10:00:00,2300.817,999.577,1010.36,4310.754
2050-03-01 11:00:00,2301.654,1041.177,867.84,4210.672
2050-03-01 12:00:00,2305.033,1080.401,772.61,4158.044
2050-03-01 13:00:00,2305.305,1095.614,683.67,4084.589
2050-03-01 14:00:00,2333.61,1092.404,572.81,3998.823
2050-03-01 15:00:00,2380.749,1100.808,470.38,3951.937
2050-03-01 16:00:00,2485.328,1177.904,407.79,4071.022
2050-03-01 17:00:00,2633.689,1293.619,453.05,4380.358
2050-03-01 18:00:00,2821.872,1540.415,649.7,5011.987
2050-03-01 19:00:00,2871.278,1624.487,895.82,5391.586
2050-03-01 20:00:00,2829.567,1671.198,1076.51,5577.275
2050-03-01 21:00:00,2625.419,1746.146,1185.78,5557.345
2050-03-01 22:00:00,2430.564,1663.093,1273.22,5366.876
2050-03-01 23:00:00,2213.944,1548.514,1346.09,5108.548
2050-03-02 00:00:00,2028.918,1364.028,1407.67,4800.616
2050-03-02 01:00:00,1927.625,1284.237,1458.84,4670.702
2050-03-02 02:00:00,1868.784,1083.95,1507.7,4460.434
2050-03-02 03:00:00,1843.281,964.569,1556.82,4364.67
2050-03-02 04:00:00,1865.26,846.938,1607.25,4319.449
2050-03-02 05:00:00,1949.351,737.514,1645.64,4332.504
2050-03-02 06:00:00,2098.645,669.232,1678.29,4446.167
2050-03-02 07:00:00,2179.471,694.725,1668.78,4542.976
2050-03-02 08:00:00,2241.921,789.737,1399.69,4431.348
2050-03-02 09:00:00,2287.547,954.965,1048.49,4291.002
2050-03-02 10:00:00,2300.817,999.577,788.88,4089.274
2050-03-02 11:00:00,2301.654,1041.177,555.47,3898.302
2050-03-02 12:00:00,2305.033,1080.401,380.48,3765.914
2050-03-02 13:00:00,2305.305,1095.614,236.0,3636.919
2050-03-02 14:00:00,2333.61,1092.404,117.43,3543.443
2050-03-02 15:00:00,2380.749,1100.808,40.74,3522.297
2050-03-02 16:00:00,2485.328,1177.904,11.16,3674.392
2050-03-02 17:00:00,2631.162,1293.619,16.18,3940.961
2050-03-02 18:00:00,2821.872,1540.415,87.67,4449.957
2050-03-02 19:00:00,2871.278,1624.487,267.66,4763.426
2050-03-02 20:00:00,2829.567,1671.198,426.04,4926.805
2050-03-02 21:00:00,2625.419,1746.146,537.5,4909.065
2050-03-02 22:00:00,2430.564,1663.093,653.06,4746.716
2050-03-02 23:00:00,2213.944,1548.514,750.27,4512.728
2050-03-03 00:00:00,2028.918,1364.028,829.68,4222.626
2050-03-03 01:00:00,1927.625,1284.237,883.18,4095.042
2050-03-03 02:00:00,1868.784,1083.95,938.94,3891.674
2050-03-03 03:00:00,1843.281,964.569,980.9,3788.75
2050-03-03 04:00:00,1865.26,846.938,1013.48,3725.679
2050-03-03 05:00:00,1949.351,737.514,1045.42,3732.284
2050-03-03 06:00:00,2097.593,669.232,1076.13,3842.955
2050-03-03 07:00:00,2179.471,694.725,1100.84,3975.036
2050-03-03 08:00:00,2241.921,789.737,1063.68,4095.338
2050-03-03 09:00:00,2287.547,954.965,964.51,4207.022
2050-03-03 10:00:00,2300.817,999.577,971.78,4272.174
2050-03-03 11:00:00,2301.654,1041.177,971.47,4314.302
2050-03-03 12:00:00,2305.033,1080.401,953.39,4338.824
2050-03-03 13:00:00,2305.305,1095.614,909.13,4310.049
2050-03-03 14:00:00,2333.61,1092.404,857.55,4283.563
2050-03-03 15:00:00,2380.749,1100.808,837.23,4318.787
2050-03-03 16:00:00,2485.328,1177.904,844.41,4507.642
2050-03-03 17:00:00,2628.432,1293.619,854.93,4776.981
2050-03-03 18:00:00,2821.872,1540.415,908.63,5270.917
2050-03-03 19:00:00,2871.278,1624.487,1058.22,5553.986
2050-03-03 20:00:00,2829.567,1671.198,1184.33,5685.095
2050-03-03 21:00:00,2625.419,1746.146,1252.53,5624.095
2050-03-03 22:00:00,2430.564,1663.093,1322.39,5416.046
2050-03-03 23:00:00,2213.944,1548.514,1392.54,5154.998
2050-03-04 00:00:00,2028.918,1364.028,1440.63,4833.576
2050-03-04 01:00:00,1927.625,1284.237,1501.83,4713.692
2050-03-04 02:00:00,1868.784,1083.95,1554.56,4507.294
2050-03-04 03:00:00,1843.281,964.569,1606.27,4414.12
2050-03-04 04:00:00,1865.26,846.938,1655.03,4367.229
2050-03-04 05:00:00,1949.351,737.514,1695.55,4382.414
2050-03-04 06:00:00,2096.429,669.232,1733.51,4499.171
2050-03-04 07:00:00,2179.471,694.725,1736.1,4610.296
2050-03-04 08:00:00,2241.921,789.737,1529.93,4561.588
2050-03-04 09:00:00,2287.547,954.965,1215.85,4458.362
2050-03-04 10:00:00,2300.817,999.577,995.73,4296.124
2050-03-04 11:00:00,2301.654,1041.177,798.56,4141.392
2050-03-04 12:00:00,2305.033,1080.401,646.22,4031.654
2050-03-04 13:00:00,2305.305,1095.614,488.0,3888.919
2050-03-04 14:00:00,2333.61,1092.404,329.74,3755.753
2050-03-04 15:00:00,2380.749,1100.808,215.74,3697.297
2050-03-04 16:00:00,2485.328,1177.904,184.14,3847.372
2050-03-04 17:00:00,2626.342,1293.619,280.53,4200.491
2050-03-04 18:00:00,2821.872,1540.415,478.37,4840.657
2050-03-04 19:00:00,2871.278,1624.487,749.89,5245.656
2050-03-04 20:00:00,2829.567,1671.198,969.45,5470.215
2050-03-04 21:00:00,2625.419,1746.146,1126.2,5497.765
2050-03-04 22:00:00,2430.564,1663.093,1257.46,5351.116
2050-03-04 23:00:00,2213.944,1548.514,1364.19,5126.648
2050-03-05 00:00:00,2028.918,1364.028,1454.49,4847.436
2050-03-05 01:00:00,1927.625,1284.237,1536.24,4748.102
2050-03-05 02:00:00,1868.784,1083.95,1610.1,4562.834
2050-03-05 03:00:00,1843.281,964.569,1672.15,4480.0
2050-03-05 04:00:00,1865.26,846.938,1713.83,4426.029
2050-03-05 05:00:00,1949.351,737.514,1754.85,4441.714
2050-03-05 06:00:00,2095.386,669.232,1797.09,4561.708
2050-03-05 07:00:00,2179.471,694.725,1803.82,4678.016
2050-03-05 08:00:00,2241.921,789.737,1668.56,4700.218
2050-03-05 09:00:00,2287.547,954.965,1477.38,4719.892
2050-03-05 10:00:00,2300.817,999.577,1379.1,4679.494
2050-03-05 11:00:00,2301.654,1041.177,1266.46,4609.292
2050-03-05 12:00:00,2305.033,1080.401,1136.06,4521.494
2050-03-05 13:00:00,2305.305,1095.614,981.4,4382.319
2050-03-05 14:00:00,2333.61,1092.404,811.68,4237.693
2050-03-05 15:00:00,2380.749,1100.808,669.54,4151.097
2050-03-05 16:00:00,2485.328,1177.904,589.61,4252.842
2050-03-05 17:00:00,2624.134,1293.619,615.74,4533.493
2050-03-05 18:00:00,2821.872,1540.415,771.15,5133.437
2050-03-05 19:00:00,2871.278,1624.487,1002.28,5498.046
2050-03-05 20:00:00,2829.567,1671.198,1177.33,5678.095
2050-03-05 21:00:00,2625.419,1746.146,1303.88,5675.445
2050-03-05 22:00:00,2430.564,1663.093,1430.16,5523.816
2050-03-05 23:00:00,2213.944,1548.514,1547.32,5309.778
2050-03-06 00:00:00,2028.918,1364.028,1660.22,5053.166
2050-03-06 01:00:00,1927.625,1284.237,1763.95,4975.812
2050-03-06 02:00:00,1868.784,1083.95,1854.66,4807.394
2050-03-06 03:00:00,1843.281,964.569,1932.52,4740.37
2050-03-06 04:00:00,1865.26,846.938,2000.84,4713.039
2050-03-06 05:00:00,1949.351,737.514,2056.66,4743.524
2050-03-06 06:00:00,2094.242,669.232,2095.42,4858.894
2050-03-06 07:00:00,2179.471,694.725,2058.45,4932.646
2050-03-06 08:00:00,2241.921,789.737,1746.83,4778.488
2050-03-06 09:00:00,2287.547,954.965,1348.94,4591.452
2050-03-06 10:00:00,2300.817,999.577,1047.48,4347.874
2050-03-06 11:00:00,2301.654,1041.177,775.33,4118.162
2050-03-06 12:00:00,2305.033,1080.401,555.02,3940.454
2050-03-06 13:00:00,2305.305,1095.614,332.93,3733.849
2050-03-06 14:00:00,2333.61,1092.404,131.82,3557.833
2050-03-06 15:00:00,2380.749,1100.808,20.36,3501.917
2050-03-06 16:00:00,2485.328,1177.904,8.98,3672.212
2050-03-06 17:00:00,2622.078,1293.619,7.43,3923.127
2050-03-06 18:00:00,2821.872,1540.415,63.36,4425.647
2050-03-06 19:00:00,2871.278,1624.487,271.67,4767.436
2050-03-06 20:00:00,2829.567,1671.198,481.06,4981.825
2050-03-06 21:00:00,2625.419,1746.146,630.88,5002.445
2050-03-06 22:00:00,2430.564,1663.093,763.2,4856.856
2050-03-06 23:00:00,2213.944,1548.514,883.56,4646.018
2050-03-07 00:00:00,2028.918,1364.028,990.82,4383.766
2050-03-07 01:00:00,1927.625,1284.237,1083.71,4295.572
2050-03-07 02:00:00,1868.784,1083.95,1166.89,4119.624
2050-03-07 03:00:00,1843.281,964.569,1243.18,4051.03
2050-03-07 04:00:00,1865.26,846.938,1311.41,4023.609
2050-03-07 05:00:00,1949.351,737.514,1371.76,4058.624
2050-03-07 06:00:00,2093.105,669.232,1429.26,4191.597
2050-03-07 07:00:00,2179.471,694.725,1417.01,4291.206
2050-03-07 08:00:00,2241.921,789.737,1132.61,4164.268
2050-03-07 09:00:00,2287.547,954.965,769.51,4012.022
2050-03-07 10:00:00,2300.817,999.577,496.5,3796.894
2050-03-07 11:00:00,2301.654,1041.177,256.04,3598.872
2050-03-07 12:00:00,2305.033,1080.401,88.55,3473.984
2050-03-07 13:00:00,2305.305,1095.614,5.47,3406.389
2050-03-07 14:00:00,2333.61,1092.404,15.16,3441.173
2050-03-07 15:00:00,2380.749,1100.808,28.97,3510.527
2050-03-07 16:00:00,2485.328,1177.904,58.87,3722.102
2050-03-07 17:00:00,2619.936,1293.619,63.59,3977.145
2050-03-07 18:00:00,2820.161,1540.415,27.2,4387.776
2050-03-07 19:00:00,2871.278,1624.487,3.17,4498.936
2050-03-07 20:00:00,2829.567,1671.198,28.53,4529.295
2050-03-07 21:00:00,2625.419,1746.146,118.25,4489.815
2050-03-07 22:00:00,2430.564,1663.093,241.64,4335.296
2050-03-07 23:00:00,2213.944,1548.514,367.77,4130.228
2050-03-08 00:00:00,2028.918,1364.028,495.93,3888.876
2050-03-08 01:00:00,1927.625,1284.237,622.59,3834.452
2050-03-08 02:00:00,1868.784,1083.95,744.86,3697.594
2050-03-08 03:00:00,1843.281,964.569,863.75,3671.6
2050-03-08 04:00:00,1865.26,846.938,973.07,3685.269
2050-03-08 05:00:00,1949.351,737.514,1069.7,3756.564
2050-03-08 06:00:00,2092.028,669.232,1160.25,3921.51
2050-03-08 07:00:00,2179.471,694.725,1179.71,4053.906
2050-03-08 08:00:00,2241.921,789.737,931.84,3963.498
2050-03-08 09:00:00,2287.547,954.965,599.66,3842.172
2050-03-08 10:00:00,2300.817,999.577,357.27,3657.664
2050-03-08 11:00:00,2301.654,1041.177,174.88,3517.712
2050-03-08 12:00:00,2305.033,1080.401,41.72,3427.154
2050-03-08 13:00:00,2305.305,1095.614,8.92,3409.839
2050-03-08 14:00:00,2333.61,1092.404,27.73,3453.743
2050-03-08 15:00:00,2380.749,1100.808,37.67,3519.227
2050-03-08 16:00:00,2485.328,1177.904,113.47,3776.702
2050-03-08 17:00:00,2617.964,1293.619,88.01,3999.593
2050-03-08 18:00:00,2819.53,1540.415,33.44,4393.385
2050-03-08 19:00:00,2871.278,1624.487,6.69,4502.456
2050-03-08 20:00:00,2829.567,1671.198,13.97,4514.735
2050-03-08 21:00:00,2625.419,1746.146,88.88,4460.445
2050-03-08 22:00:00,2430.564,1663.093,204.75,4298.406
2050-03-08 23:00:00,2213.944,1548.514,333.01,4095.468
2050-03-09 00:00:00,2028.918,1364.028,463.68,3856.626
2050-03-09 01:00:00,1927.625,1284.237,585.33,3797.192
2050-03-09 02:00:00,1868.784,1083.95,695.63,3648.364
2050-03-09 03:00:00,1843.281,964.569,793.97,3601.82
2050-03-09 04:00:00,1865.26,846.938,882.71,3594.909
2050-03-09 05:00:00,1949.351,737.514,962.58,3649.444
2050-03-09 06:00:00,2090.811,669.232,1035.85,3795.893
2050-03-09 07:00:00,2179.471,694.725,1032.9,3907.096
2050-03-09 08:00:00,2241.921,789.737,784.34,3815.998
2050-03-09 09:00:00,2287.547,954.965,464.11,3706.622
2050-03-09 10:00:00,2300.817,999.577,251.52,3551.914
2050-03-09 11:00:00,2301.654,1041.177,83.5,3426.332
2050-03-09 12:00:00,2305.033,1080.401,12.23,3397.664
2050-03-09 13:00:00,2305.305,1095.614,15.04,3415.959
2050-03-09 14:00:00,2333.61,1092.404,32.1,3458.113
2050-03-09 15:00:00,2380.749,1100.808,93.18,3574.737
2050-03-09 16:00:00,2485.328,1177.904,140.02,3803.252
2050-03-09 17:00:00,2615.905,1293.619,115.12,4024.644
2050-03-09 18:00:00,2818.984,1540.415,39.88,4399.279
2050-03-09 19:00:00,2871.278,1624.487,8.62,4504.386
2050-03-09 20:00:00,2829.567,1671.198,4.58,4505.345
2050-03-09 21:00:00,2625.419,1746.146,57.3,4428.865
2050-03-09 22:00:00,2430.564,1663.093,178.65,4272.306
2050-03-09 23:00:00,2213.944,1548.514,318.93,4081.388
2050-03-10 00:00:00,2028.918,1364.028,460.95,3853.896
2050-03-10 01:00:00,1927.625,1284.237,599.32,3811.182
2050-03-10 02:00:00,1868.784,1083.95,726.58,3679.314
2050-03-10 03:00:00,1843.281,964.569,839.87,3647.72
2050-03-10 04:00:00,1865.26,846.938,947.16,3659.359
2050-03-10 05:00:00,1949.351,737.514,1046.24,3733.104
2050-03-10 06:00:00,2118.144,669.232,1137.87,3925.246
2050-03-10 07:00:00,2193.183,694.725,1151.51,4039.418
2050-03-10 08:00:00,2241.921,789.737,913.82,3945.478
2050-03-10 09:00:00,2287.547,954.965,606.94,3849.452
2050-03-10 10:00:00,2300.817,999.577,420.66,3721.054
2050-03-10 11:00:00,2301.654,1041.177,232.08,3574.912
2050-03-10 12:00:00,2305.033,1080.401,69.92,3455.354
2050-03-10 13:00:00,2305.305,1095.614,10.08,3410.999
2050-03-10 14:00:00,2333.61,1092.404,31.17,3457.183
2050-03-10 15:00:00,2380.749,1100.808,33.3,3514.857
2050-03-10 16:00:00,2485.328,1177.904,49.9,3713.132
2050-03-10 17:00:00,2607.94,1293.619,38.51,3940.069
2050-03-10 18:00:00,2693.823,1540.415,27.61,4261.848
2050-03-10 19:00:00,2867.784,1624.487,5.91,4498.182
2050-03-10 20:00:00,2829.567,1671.198,18.93,4519.695
2050-03-10 21:00:00,2625.419,1746.146,48.0,4419.565
2050-03-10 22:00:00,2430.564,1663.093,80.66,4174.316
2050-03-10 23:00:00,2213.944,1548.514,119.08,3881.538
2050-03-11 00:00:00,2028.918,1364.028,152.01,3544.956
2050-03-11 01:00:00,1927.625,1284.237,187.8,3399.662
2050-03-11 02:00:00,1868.784,1083.95,216.88,3169.614
2050-03-11 03:00:00,1843.281,964.569,253.21,3061.06
2050-03-11 04:00:00,1865.26,846.938,285.44,2997.639
2050-03-11 05:00:00,1949.351,737.514,326.45,3013.314
2050-03-11 06:00:00,2118.144,669.232,358.75,3146.126
2050-03-11 07:00:00,2192.041,694.725,356.3,3243.065
2050-03-11 08:00:00,2241.921,789.737,221.85,3253.508
2050-03-11 09:00:00,2287.547,954.965,66.21,3308.722
2050-03-11 10:00:00,2300.817,999.577,29.42,3329.814
2050-03-11 11:00:00,2301.654,1041.177,23.92,3366.752
2050-03-11 12:00:00,2305.033,1080.401,35.79,3421.224
2050-03-11 13:00:00,2305.305,1095.614,59.42,3460.339
2050-03-11 14:00:00,2333.61,1092.404,150.59,3576.603
2050-03-11 15:00:00,2380.749,1100.808,270.34,3751.897
2050-03-11 16:00:00,2485.328,1177.904,349.61,4012.842
2050-03-11 17:00:00,2607.94,1293.619,284.38,4185.939
2050-03-11 18:00:00,2691.947,1540.415,165.72,4398.081
2050-03-11 19:00:00,2867.148,1624.487,52.7,4544.336
2050-03-11 20:00:00,2829.567,1671.198,28.02,4528.785
2050-03-11 21:00:00,2625.419,1746.146,28.78,4400.345
2050-03-11 22:00:00,2430.564,1663.093,33.4,4127.056
2050-03-11 23:00:00,2213.944,1548.514,43.59,3806.048
2050-03-12 00:00:00,2028.918,1364.028,61.19,3454.136
2050-03-12 01:00:00,1927.625,1284.237,81.93,3293.792
2050-03-12 02:00:00,1868.784,1083.95,111.08,3063.814
2050-03-12 03:00:00,1843.281,964.569,154.49,2962.34
2050-03-12 04:00:00,1865.26,846.938,199.91,2912.109
2050-03-12 05:00:00,1949.351,737.514,256.33,2943.194
2050-03-12 06:00:00,2118.144,669.232,289.82,3077.196
2050-03-12 07:00:00,2190.798,694.725,313.34,3198.862
2050-03-12 08:00:00,2241.921,789.737,284.99,3316.648
2050-03-12 09:00:00,2287.547,954.965,238.95,3481.462
2050-03-12 10:00:00,2300.817,999.577,262.57,3562.964
2050-03-12 11:00:00,2301.654,1041.177,282.48,3625.312
2050-03-12 12:00:00,2305.033,1080.401,286.75,3672.184
2050-03-12 13:00:00,2305.305,1095.614,279.0,3679.919
2050-03-12 14:00:00,2333.61,1092.404,261.3,3687.313
2050-03-12 15:00:00,2380.749,1100.808,258.94,3740.497
2050-03-12 16:00:00,2485.328,1177.904,274.79,3938.022
2050-03-12 17:00:00,2607.94,1293.619,296.24,4197.799
2050-03-12 18:00:00,2690.232,1540.415,330.95,4561.596
2050-03-12 19:00:00,2866.42,1624.487,436.67,4927.577
2050-03-12 20:00:00,2829.567,1671.198,480.54,4981.305
2050-03-12 21:00:00,2625.419,1746.146,472.78,4844.345
2050-03-12 22:00:00,2430.564,1663.093,454.71,4548.366
2050-03-12 23:00:00,2213.944,1548.514,450.53,4212.988
2050-03-13 00:00:00,2028.918,1364.028,447.7,3840.646
2050-03-13 01:00:00,1927.625,1284.237,441.96,3653.822
2050-03-13 02:00:00,1868.784,1083.95,111.08,3063.814
2050-03-13 03:00:00,1843.281,964.569,429.54,3237.39
2050-03-13 04:00:00,1865.26,846.938,417.46,3129.659
2050-03-13 05:00:00,1949.351,737.514,412.45,3099.314
2050-03-13 06:00:00,2118.144,669.232,402.95,3190.326
2050-03-13 07:00:00,2189.616,694.725,382.81,3267.151
2050-03-13 08:00:00,2241.921,789.737,361.91,3393.568
2050-03-13 09:00:00,2287.547,954.965,263.02,3505.532
2050-03-13 10:00:00,2300.817,999.577,153.68,3454.074
2050-03-13 11:00:00,2301.654,1041.177,122.17,3465.002
2050-03-13 12:00:00,2305.033,1080.401,95.08,3480.514
2050-03-13 13:00:00,2305.305,1095.614,74.37,3475.289
2050-03-13 14:00:00,2333.61,1092.404,72.62,3498.633
2050-03-13 15:00:00,2380.749,1100.808,68.63,3550.187
2050-03-13 16:00:00,2485.328,1177.904,74.06,3737.292
2050-03-13 17:00:00,2607.94,1293.619,90.84,3992.399
2050-03-13 18:00:00,2688.509,1540.415,118.97,4347.894
2050-03-13 19:00:00,2865.488,1624.487,143.11,4633.086
2050-03-13 20:00:00,2829.567,1671.198,241.21,4741.975
2050-03-13 21:00:00,2625.419,1746.146,297.94,4669.505
2050-03-13 22:00:00,2430.564,1663.093,288.8,4382.456
2050-03-13 23:00:00,2213.944,1548.514,251.75,4014.208
2050-03-14 00:00:00,2028.918,1364.028,235.39,3628.336
2050-03-14 01:00:00,1927.625,1284.237,212.86,3424.722
2050-03-14 02:00:00,1868.784,1083.95,194.85,3147.584
2050-03-14 03:00:00,1843.281,964.569,204.52,3012.37
2050-03-14 04:00:00,1865.26,846.938,227.92,2940.119
2050-03-14 05:00:00,1949.351,737.514,231.33,2918.194
2050-03-14 06:00:00,2118.144,669.232,247.33,3034.706
2050-03-14 07:00:00,2188.437,694.725,268.56,3151.722
2050-03-14 08:00:00,2241.921,789.737,230.13,3261.788
2050-03-14 09:00:00,2287.547,954.965,121.15,3363.662
2050-03-14 10:00:00,2300.817,999.577,30.49,3330.884
2050-03-14 11:00:00,2301.654,1041.177,12.29,3355.122
2050-03-14 12:00:00,2305.033,1080.401,23.89,3409.324
2050-03-14 13:00:00,2305.305,1095.614,41.1,3442.019
2050-03-14 14:00:00,2333.61,1092.404,104.35,3530.363
2050-03-14 15:00:00,2380.749,1100.808,199.87,3681.427
2050-03-14 16:00:00,2485.328,1177.904,287.32,3950.552
2050-03-14 17:00:00,2607.94,1293.619,318.2,4219.759
2050-03-14 18:00:00,2687.599,1540.415,215.88,4443.893
2050-03-14 19:00:00,2863.72,1624.487,67.57,4555.778
2050-03-14 20:00:00,2829.567,1671.198,18.62,4519.385
2050-03-14 21:00:00,2625.419,1746.146,5.91,4377.475
2050-03-14 22:00:00,2430.564,1663.093,9.89,4103.546
2050-03-14 23:00:00,2213.944,1548.514,39.21,3801.668
2050-03-15 00:00:00,2028.918,1364.028,103.63,3496.576
2050-03-15 01:00:00,1927.625,1284.237,184.61,3396.472
2050-03-15 02:00:00,1868.784,1083.95,268.91,3221.644
2050-03-15 03:00:00,1843.281,964.569,347.66,3155.51
2050-03-15 04:00:00,1865.26,846.938,420.31,3132.509
2050-03-15 05:00:00,1949.351,737.514,479.59,3166.454
2050-03-15 06:00:00,2118.144,669.232,529.71,3317.086
2050-03-15 07:00:00,2187.165,694.725,566.86,3448.75
2050-03-15 08:00:00,2241.921,789.737,586.81,3618.468
2050-03-15 09:00:00,2287.547,954.965,529.83,3772.342
2050-03-15 10:00:00,2300.817,999.577,384.8,3685.194
2050-03-15 11:00:00,2301.654,1041.177,359.47,3702.302
2050-03-15 12:00:00,2305.033,1080.401,304.35,3689.784
2050-03-15 13:00:00,2305.305,1095.614,317.14,3718.059
2050-03-15 14:00:00,2333.61,1092.404,326.17,3752.183
2050-03-15 15:00:00,2380.749,1100.808,330.2,3811.757
2050-03-15 16:00:00,2485.328,1177.904,322.49,3985.722
2050-03-15 17:00:00,2607.94,1293.619,340.76,4242.319
2050-03-15 18:00:00,2687.497,1540.415,368.42,4596.332
2050-03-15 19:00:00,2861.179,1624.487,424.42,4910.086
2050-03-15 20:00:00,2829.567,1671.198,554.09,5054.855
2050-03-15 21:00:00,2625.419,1746.146,639.08,5010.645
2050-03-15 22:00:00,2430.564,1663.093,670.84,4764.496
2050-03-15 23:00:00,2213.944,1548.514,698.93,4461.388
2050-03-16 00:00:00,2028.918,1364.028,733.4,4126.346
2050-03-16 01:00:00,1927.625,1284.237,768.08,3979.942
2050-03-16 02:00:00,1868.784,1083.95,803.89,3756.624
2050-03-16 03:00:00,1843.281,964.569,856.71,3664.56
2050-03-16 04:00:00,1865.26,846.938,932.71,3644.909
2050-03-16 05:00:00,1949.351,737.514,1009.65,3696.514
2050-03-16 06:00:00,2118.144,669.232,1063.95,3851.326
2050-03-16 07:00:00,2185.928,694.725,1127.47,4008.122
2050-03-16 08:00:00,2241.921,789.737,1109.73,4141.388
2050-03-16 09:00:00,2287.547,954.965,935.66,4178.172
2050-03-16 10:00:00,2300.817,999.577,638.76,3939.154
2050-03-16 11:00:00,2301.654,1041.177,417.93,3760.762
2050-03-16 12:00:00,2305.033,1080.401,239.33,3624.764
2050-03-16 13:00:00,2305.305,1095.614,111.15,3512.069
2050-03-16 14:00:00,2333.61,1092.404,28.5,3454.513
2050-03-16 15:00:00,2380.749,1100.808,23.37,3504.927
2050-03-16 16:00:00,2485.328,1177.904,34.59,3697.822
2050-03-16 17:00:00,2607.94,1293.619,63.59,3965.149
2050-03-16 18:00:00,2687.497,1540.415,83.77,4311.682
2050-03-16 19:00:00,2858.9,1624.487,35.82,4519.208
2050-03-16 20:00:00,2829.567,1671.198,10.87,4511.635
2050-03-16 21:00:00,2625.419,1746.146,57.1,4428.665
2050-03-16 22:00:00,2430.564,1663.093,146.71,4240.366
2050-03-16 23:00:00,2213.944,1548.514,265.78,4028.238
2050-03-17 00:00:00,2028.918,1364.028,382.97,3775.916
2050-03-17 01:00:00,1927.625,1284.237,498.96,3710.822
2050-03-17 02:00:00,1868.784,1083.95,609.42,3562.154
2050-03-17 03:00:00,1843.281,964.569,711.75,3519.6
2050-03-17 04:00:00,1865.26,846.938,803.93,3516.129
2050-03-17 05:00:00,1949.351,737.514,885.63,3572.494
2050-03-17 06:00:00,2118.144,669.232,954.0,3741.376
2050-03-17 07:00:00,2184.805,694.725,1015.24,3894.769
2050-03-17 08:00:00,2241.921,789.737,963.06,3994.718
2050-03-17 09:00:00,2287.547,954.965,662.38,3904.892
2050-03-17 10:00:00,2300.817,999.577,308.83,3609.224
2050-03-17 11:00:00,2301.654,1041.177,95.81,3438.642
2050-03-17 12:00:00,2305.033,1080.401,10.85,3396.284
2050-03-17 13:00:00,2305.305,1095.614,21.48,3422.399
2050-03-17 14:00:00,2333.61,1092.404,39.1,3465.113
2050-03-17 15:00:00,2380.749,1100.808,215.55,3697.107
2050-03-17 16:00:00,2485.328,1177.904,462.25,4125.482
2050-03-17 17:00:00,2607.94,1293.619,530.52,4432.079
2050-03-17 18:00:00,2687.497,1540.415,519.07,4746.982
2050-03-17 19:00:00,2856.541,1624.487,322.7,4803.728
2050-03-17 20:00:00,2829.567,1671.198,69.25,4570.015
2050-03-17 21:00:00,2625.419,1746.146,15.21,4386.775
2050-03-17 22:00:00,2430.564,1663.093,6.31,4099.966
2050-03-17 23:00:00,2213.944,1548.514,9.23,3771.688
2050-03-18 00:00:00,2028.918,1364.028,41.99,3434.936
2050-03-18 01:00:00,1927.625,1284.237,116.47,3328.332
2050-03-18 02:00:00,1868.784,1083.95,218.1,3170.834
2050-03-18 03:00:00,1843.281,964.569,319.11,3126.96
2050-03-18 04:00:00,1865.26,846.938,412.65,3124.849
2050-03-18 05:00:00,1949.351,737.514,502.28,3189.144
2050-03-18 06:00:00,2118.144,669.232,588.03,3375.406
2050-03-18 07:00:00,2183.417,694.725,666.19,3544.332
2050-03-18 08:00:00,2241.921,789.737,629.22,3660.878
2050-03-18 09:00:00,2287.547,954.965,361.09,3603.602
2050-03-18 10:00:00,2300.817,999.577,108.43,3408.824
2050-03-18 11:00:00,2301.654,1041.177,12.29,3355.122
2050-03-18 12:00:00,2305.033,1080.401,19.53,3404.964
2050-03-18 13:00:00,2305.305,1095.614,51.02,3451.939
2050-03-18 14:00:00,2333.61,1092.404,204.01,3630.023
2050-03-18 15:00:00,2380.749,1100.808,424.24,3905.797
2050-03-18 16:00:00,2485.328,1177.904,588.0,4251.232
2050-03-18 17:00:00,2607.94,1293.619,675.6,4577.159
2050-03-18 18:00:00,2687.497,1540.415,648.91,4876.822
2050-03-18 19:00:00,2853.874,1624.487,444.11,4922.471
2050-03-18 20:00:00,2829.567,1671.198,160.29,4661.055
2050-03-18 21:00:00,2625.419,1746.146,34.21,4405.775
2050-03-18 22:00:00,2430.564,1663.093,14.8,4108.456
2050-03-18 23:00:00,2213.944,1548.514,7.61,3770.068
2050-03-19 00:00:00,2028.918,1364.028,11.18,3404.126
2050-03-19 01:00:00,1927.625,1284.237,35.84,3247.702
2050-03-19 02:00:00,1868.784,1083.95,97.0,3049.734
2050-03-19 03:00:00,1843.281,964.569,167.54,2975.39
2050-03-19 04:00:00,1865.26,846.938,243.22,2955.419
2050-03-19 05:00:00,1949.351,737.514,328.46,3015.324
2050-03-19 06:00:00,2118.144,669.232,417.94,3205.316
2050-03-19 07:00:00,2182.292,694.725,508.29,3385.307
2050-03-19 08:00:00,2241.921,789.737,478.08,3509.738
2050-03-19 09:00:00,2287.547,954.965,251.52,3494.032
2050-03-19 10:00:00,2300.817,999.577,34.68,3335.074
2050-03-19 11:00:00,2301.654,1041.177,15.89,3358.722
2050-03-19 12:00:00,2305.033,1080.401,46.56,3431.994
2050-03-19 13:00:00,2305.305,1095.614,207.03,3607.949
2050-03-19 14:00:00,2333.61,1092.404,439.93,3865.943
2050-03-19 15:00:00,2380.749,1100.808,656.56,4138.117
2050-03-19 16:00:00,2485.328,1177.904,818.94,4482.172
2050-03-19 17:00:00,2607.94,1293.619,897.09,4798.649
2050-03-19 18:00:00,2687.497,1540.415,840.03,5067.942
2050-03-19 19:00:00,2851.218,1624.487,603.68,5079.386
2050-03-19 20:00:00,2829.567,1671.198,281.76,4782.525
2050-03-19 21:00:00,2625.419,1746.146,83.58,4455.145
2050-03-19 22:00:00,2430.564,1663.093,27.14,4120.796
2050-03-19 23:00:00,2213.944,1548.514,13.29,3775.748
2050-03-20 00:00:00,2028.918,1364.028,7.74,3400.686
2050-03-20 01:00:00,1927.625,1284.237,7.59,3219.452
2050-03-20 02:00:00,1868.784,1083.95,19.27,2972.004
2050-03-20 03:00:00,1843.281,964.569,49.26,2857.11
2050-03-20 04:00:00,1865.26,846.938,106.49,2818.689
2050-03-20 05:00:00,1949.351,737.514,181.48,2868.344
2050-03-20 06:00:00,2118.144,669.232,260.41,3047.786
2050-03-20 07:00:00,2181.4,694.725,338.14,3214.265
2050-03-20 08:00:00,2241.921,789.737,306.35,3338.008
2050-03-20 09:00:00,2287.547,954.965,124.24,3366.752
2050-03-20 10:00:00,2300.817,999.577,15.44,3315.834
2050-03-20 11:00:00,2301.654,1041.177,39.54,3382.372
2050-03-20 12:00:00,2305.033,1080.401,130.23,3515.664
2050-03-20 13:00:00,2305.305,1095.614,329.33,3730.249
2050-03-20 14:00:00,2333.61,1092.404,544.31,3970.323
2050-03-20 15:00:00,2380.749,1100.808,750.74,4232.297
2050-03-20 16:00:00,2485.328,1177.904,907.5,4570.732
2050-03-20 17:00:00,2607.94,1293.619,990.36,4891.919
2050-03-20 18:00:00,2687.497,1540.415,935.52,5163.432
2050-03-20 19:00:00,2848.757,1624.487,716.81,5190.055
2050-03-20 20:00:00,2829.567,1671.198,410.93,4911.695
2050-03-20 21:00:00,2625.419,1746.146,185.29,4556.855
2050-03-20 22:00:00,2430.564,1663.093,72.03,4165.686
2050-03-20 23:00:00,2213.944,1548.514,27.04,3789.498
2050-03-21 00:00:00,2028.918,1364.028,13.68,3406.626
2050-03-21 01:00:00,1927.625,1284.237,8.17,3220.032
2050-03-21 02:00:00,1868.784,1083.95,6.32,2959.054
2050-03-21 03:00:00,1843.281,964.569,11.6,2819.45
2050-03-21 04:00:00,1865.26,846.938,30.28,2742.479
2050-03-21 05:00:00,1949.351,737.514,77.52,2764.384
2050-03-21 06:00:00,2117.019,669.232,147.5,2933.751
2050-03-21 07:00:00,2180.966,694.725,221.01,3096.7
2050-03-21 08:00:00,2241.921,789.737,200.11,3231.768
2050-03-21 09:00:00,2287.547,954.965,45.71,3288.222
2050-03-21 10:00:00,2300.817,999.577,18.56,3318.954
2050-03-21 11:00:00,2301.654,1041.177,45.04,3387.872
2050-03-21 12:00:00,2305.033,1080.401,120.07,3505.504
2050-03-21 13:00:00,2305.305,1095.614,284.82,3685.739
2050-03-21 14:00:00,2333.61,1092.404,521.54,3947.553
2050-03-21 15:00:00,2380.749,1100.808,753.12,4234.677
2050-03-21 16:00:00,2485.328,1177.904,910.19,4573.422
2050-03-21 17:00:00,2607.94,1293.619,987.11,4888.669
2050-03-21 18:00:00,2687.497,1540.415,923.71,5151.622
2050-03-21 19:00:00,2846.221,1624.487,709.37,5180.078
2050-03-21 20:00:00,2829.567,1671.198,425.41,4926.175
2050-03-21 21:00:00,2625.419,1746.146,226.59,4598.155
2050-03-21 22:00:00,2430.564,1663.093,114.4,4208.056
2050-03-21 23:00:00,2213.944,1548.514,46.22,3808.678
2050-03-22 00:00:00,2028.918,1364.028,23.6,3416.546
2050-03-22 01:00:00,1927.625,1284.237,15.14,3227.002
2050-03-22 02:00:00,1868.784,1083.95,10.7,2963.434
2050-03-22 03:00:00,1843.281,964.569,7.34,2815.19
2050-03-22 04:00:00,1865.26,846.938,5.68,2717.879
2050-03-22 05:00:00,1949.351,737.514,6.01,2692.874
2050-03-22 06:00:00,2116.164,669.232,10.6,2795.996
2050-03-22 07:00:00,2180.611,694.725,19.44,2894.775
2050-03-22 08:00:00,2241.921,789.737,22.59,3054.248
2050-03-22 09:00:00,2287.547,954.965,12.04,3254.552
2050-03-22 10:00:00,2300.817,999.577,17.98,3318.374
2050-03-22 11:00:00,2301.654,1041.177,20.13,3362.962
2050-03-22 12:00:00,2305.033,1080.401,22.73,3408.164
2050-03-22 13:00:00,2305.305,1095.614,23.14,3424.059
2050-03-22 14:00:00,2333.61,1092.404,23.82,3449.833
2050-03-22 15:00:00,2380.749,1100.808,23.26,3504.817
2050-03-22 16:00:00,2485.328,1177.904,22.71,3685.942
2050-03-22 17:00:00,2607.94,1293.619,23.04,3924.599
2050-03-22 18:00:00,2687.497,1540.415,23.39,4251.302
2050-03-22 19:00:00,2843.678,1624.487,22.96,4491.125
2050-03-22 20:00:00,2829.567,1671.198,11.87,4512.635
2050-03-22 21:00:00,2625.419,1746.146,9.37,4380.935
2050-03-22 22:00:00,2430.564,1663.093,12.04,4105.696
2050-03-22 23:00:00,2213.944,1548.514,11.03,3773.488
2050-03-23 00:00:00,2028.918,1364.028,12.52,3405.466
2050-03-23 01:00:00,1927.625,1284.237,14.24,3226.102
2050-03-23 02:00:00,1868.784,1083.95,14.62,2967.354
2050-03-23 03:00:00,1843.281,964.569,14.15,2822.0
2050-03-23 04:00:00,1865.26,846.938,15.53,2727.729
2050-03-23 05:00:00,1949.351,737.514,16.6,2703.464
2050-03-23 06:00:00,2115.257,669.232,23.24,2807.729
2050-03-23 07:00:00,2180.323,694.725,42.88,2917.927
2050-03-23 08:00:00,2241.921,789.737,48.88,3080.538
2050-03-23 09:00:00,2287.547,954.965,14.71,3257.222
2050-03-23 10:00:00,2300.817,999.577,26.25,3326.644
2050-03-23 11:00:00,2301.654,1041.177,49.04,3391.872
2050-03-23 12:00:00,2305.033,1080.401,120.62,3506.054
2050-03-23 13:00:00,2305.305,1095.614,254.38,3655.299
2050-03-23 14:00:00,2333.61,1092.404,412.94,3838.953
2050-03-23 15:00:00,2380.749,1100.808,459.63,3941.187
2050-03-23 16:00:00,2485.328,1177.904,451.31,4114.542
2050-03-23 17:00:00,2607.94,1293.619,348.79,4250.349
2050-03-23 18:00:00,2687.497,1540.415,182.02,4409.932
2050-03-23 19:00:00,2841.23,1624.487,68.12,4533.837
2050-03-23 20:00:00,2829.567,1671.198,22.98,4523.745
2050-03-23 21:00:00,2625.419,1746.146,9.22,4380.785
2050-03-23 22:00:00,2430.564,1663.093,14.09,4107.746
2050-03-23 23:00:00,2213.944,1548.514,36.74,3799.198
2050-03-24 00:00:00,2028.918,1364.028,100.51,3493.456
2050-03-24 01:00:00,1927.625,1284.237,205.97,3417.832
2050-03-24 02:00:00,1868.784,1083.95,320.81,3273.544
2050-03-24 03:00:00,1843.281,964.569,482.72,3290.57
2050-03-24 04:00:00,1865.26,846.938,627.19,3339.389
2050-03-24 05:00:00,1949.351,737.514,768.75,3455.614
2050-03-24 06:00:00,2114.371,669.232,906.94,3690.543
2050-03-24 07:00:00,2180.112,694.725,1026.84,3901.676
2050-03-24 08:00:00,2241.921,789.737,997.49,4029.148
2050-03-24 09:00:00,2287.547,954.965,818.91,4061.422
2050-03-24 10:00:00,2300.817,999.577,569.11,3869.504
2050-03-24 11:00:00,2301.654,1041.177,412.2,3755.032
2050-03-24 12:00:00,2305.033,1080.401,270.46,3655.894
2050-03-24 13:00:00,2305.305,1095.614,161.59,3562.509
2050-03-24 14:00:00,2333.61,1092.404,61.96,3487.973
2050-03-24 15:00:00,2380.749,1100.808,14.12,3495.677
2050-03-24 16:00:00,2485.328,1177.904,23.31,3686.542
2050-03-24 17:00:00,2607.94,1293.619,28.67,3930.229
2050-03-24 18:00:00,2687.497,1540.415,27.66,4255.572
2050-03-24 19:00:00,2838.597,1624.487,19.05,4482.135
2050-03-24 20:00:00,2829.567,1671.198,55.18,4555.945
2050-03-24 21:00:00,2625.419,1746.146,177.52,4549.085
2050-03-24 22:00:00,2430.564,1663.093,301.76,4395.416
2050-03-24 23:00:00,2213.944,1548.514,419.81,4182.268
2050-03-25 00:00:00,2028.918,1364.028,528.6,3921.546
2050-03-25 01:00:00,1927.625,1284.237,625.68,3837.542
2050-03-25 02:00:00,1868.784,1083.95,716.88,3669.614
2050-03-25 03:00:00,1843.281,964.569,800.11,3607.96
2050-03-25 04:00:00,1865.26,846.938,876.26,3588.459
2050-03-25 05:00:00,1949.351,737.514,942.66,3629.524
2050-03-25 06:00:00,2113.412,669.232,1000.94,3783.584
2050-03-25 07:00:00,2179.841,694.725,1051.09,3925.656
2050-03-25 08:00:00,2241.921,789.737,947.54,3979.198
2050-03-25 09:00:00,2287.547,954.965,630.95,3873.462
2050-03-25 10:00:00,2300.817,999.577,272.4,3572.794
2050-03-25 11:00:00,2301.654,1041.177,45.22,3388.052
2050-03-25 12:00:00,2305.033,1080.401,10.83,3396.264
2050-03-25 13:00:00,2305.305,1095.614,23.18,3424.099
2050-03-25 14:00:00,2333.61,1092.404,33.55,3459.563
2050-03-25 15:00:00,2380.749,1100.808,41.72,3523.277
2050-03-25 16:00:00,2485.328,1177.904,79.87,3743.102
2050-03-25 17:00:00,2607.94,1293.619,118.8,4020.359
2050-03-25 18:00:00,2687.497,1540.415,150.04,4377.952
2050-03-25 19:00:00,2836.229,1624.487,116.54,4577.256
2050-03-25 20:00:00,2829.567,1671.198,36.27,4537.035
2050-03-25 21:00:00,2625.419,1746.146,17.84,4389.405
2050-03-25 22:00:00,2430.564,1663.093,13.77,4107.426
2050-03-25 23:00:00,2213.944,1548.514,10.69,3773.148
2050-03-26 00:00:00,2028.918,1364.028,8.22,3401.166
2050-03-26 01:00:00,1927.625,1284.237,5.67,3217.532
2050-03-26 02:00:00,1868.784,1083.95,2.88,2955.614
2050-03-26 03:00:00,1843.281,964.569,3.7,2811.55
2050-03-26 04:00:00,1865.26,846.938,24.41,2736.609
2050-03-26 05:00:00,1949.351,737.514,88.28,2775.144
2050-03-26 06:00:00,2112.335,669.232,212.62,2994.187
2050-03-26 07:00:00,2179.692,694.725,427.21,3301.626
2050-03-26 08:00:00,2241.921,789.737,645.06,3676.718
2050-03-26 09:00:00,2287.547,954.965,812.21,4054.722
2050-03-26 10:00:00,2300.817,999.577,927.51,4227.904
2050-03-26 11:00:00,2301.654,1041.177,1103.16,4445.992
2050-03-26 12:00:00,2305.033,1080.401,1276.27,4661.704
2050-03-26 13:00:00,2305.305,1095.614,1400.54,4801.459
2050-03-26 14:00:00,2333.61,1092.404,1452.14,4878.153
2050-03-26 15:00:00,2380.749,1100.808,1393.3,4874.857
2050-03-26 16:00:00,2485.328,1177.904,1272.73,4935.962
2050-03-26 17:00:00,2607.94,1293.619,1202.65,5104.209
2050-03-26 18:00:00,2687.497,1540.415,1212.02,5439.932
2050-03-26 19:00:00,2833.649,1624.487,1315.01,5773.147
2050-03-26 20:00:00,2829.567,1671.198,1547.71,6048.475
2050-03-26 21:00:00,2625.419,1746.146,1717.93,6089.495
2050-03-26 22:00:00,2430.564,1663.093,1832.79,5926.446
2050-03-26 23:00:00,2213.944,1548.514,1931.9,5694.358
2050-03-27 00:00:00,2028.918,1364.028,2022.2,5415.146
2050-03-27 01:00:00,1927.625,1284.237,2104.11,5315.972
2050-03-27 02:00:00,1868.784,1083.95,2181.31,5134.044
2050-03-27 03:00:00,1843.281,964.569,2254.67,5062.52
2050-03-27 04:00:00,1865.26,846.938,2316.35,5028.549
2050-03-27 05:00:00,1949.351,737.514,2358.68,5045.544
2050-03-27 06:00:00,2111.284,669.232,2388.44,5168.956
2050-03-27 07:00:00,2179.608,694.725,2404.39,5278.722
2050-03-27 08:00:00,2241.921,789.737,2249.16,5280.818
2050-03-27 09:00:00,2287.547,954.965,1937.73,5180.242
2050-03-27 10:00:00,2300.817,999.577,1578.15,4878.544
2050-03-27 11:00:00,2301.654,1041.177,1338.87,4681.702
2050-03-27 12:00:00,2305.033,1080.401,1130.44,4515.874
2050-03-27 13:00:00,2305.305,1095.614,956.99,4357.909
2050-03-27 14:00:00,2333.61,1092.404,743.33,4169.343
2050-03-27 15:00:00,2380.749,1100.808,517.54,3999.097
2050-03-27 16:00:00,2485.328,1177.904,323.78,3987.012
2050-03-27 17:00:00,2607.94,1293.619,195.12,4096.679
2050-03-27 18:00:00,2687.497,1540.415,177.16,4405.072
2050-03-27 19:00:00,2831.192,1624.487,319.24,4774.919
2050-03-27 20:00:00,2829.567,1671.198,580.57,5081.335
2050-03-27 21:00:00,2625.419,1746.146,790.46,5162.025
2050-03-27 22:00:00,2430.564,1663.093,917.2,5010.856
2050-03-27 23:00:00,2213.944,1548.514,1028.92,4791.378
2050-03-28 00:00:00,2028.918,1364.028,1121.71,4514.656
2050-03-28 01:00:00,1927.625,1284.237,1186.63,4398.492
2050-03-28 02:00:00,1868.784,1083.95,1204.09,4156.824
2050-03-28 03:00:00,1843.281,964.569,1198.96,4006.81
2050-03-28 04:00:00,1865.26,846.938,1158.35,3870.549
2050-03-28 05:00:00,1949.351,737.514,1098.48,3785.344
2050-03-28 06:00:00,2110.166,669.232,1068.56,3847.958
2050-03-28 07:00:00,2179.581,694.725,1046.89,3921.195
2050-03-28 08:00:00,2241.921,789.737,1020.92,4052.578
2050-03-28 09:00:00,2287.547,954.965,957.93,4200.442
2050-03-28 10:00:00,2300.817,999.577,864.4,4164.794
2050-03-28 11:00:00,2301.654,1041.177,836.06,4178.892
2050-03-28 12:00:00,2305.033,1080.401,819.63,4205.064
2050-03-28 13:00:00,2305.305,1095.614,748.87,4149.789
2050-03-28 14:00:00,2333.61,1092.404,566.77,3992.783
2050-03-28 15:00:00,2380.749,1100.808,374.85,3856.407
2050-03-28 16:00:00,2485.328,1177.904,211.79,3875.022
2050-03-28 17:00:00,2607.94,1293.619,74.38,3975.939
2050-03-28 18:00:00,2687.497,1540.415,41.7,4269.612
2050-03-28 19:00:00,2828.822,1624.487,69.16,4522.469
2050-03-28 20:00:00,2829.567,1671.198,153.57,4654.335
2050-03-28 21:00:00,2625.419,1746.146,214.74,4586.305
2050-03-28 22:00:00,2430.564,1663.093,233.48,4327.136
2050-03-28 23:00:00,2213.944,1548.514,228.74,3991.198
2050-03-29 00:00:00,2028.918,1364.028,217.09,3610.036
2050-03-29 01:00:00,1927.625,1284.237,198.62,3410.482
2050-03-29 02:00:00,1868.784,1083.95,167.65,3120.384
2050-03-29 03:00:00,1843.281,964.569,144.26,2952.11
2050-03-29 04:00:00,1865.26,846.938,122.82,2835.019
2050-03-29 05:00:00,1949.351,737.514,111.41,2798.274
2050-03-29 06:00:00,2108.98,669.232,120.07,2898.282
2050-03-29 07:00:00,2179.526,694.725,158.06,3032.31
2050-03-29 08:00:00,2241.921,789.737,179.62,3211.278
2050-03-29 09:00:00,2287.547,954.965,126.22,3368.732
2050-03-29 10:00:00,2300.817,999.577,57.12,3357.514
2050-03-29 11:00:00,2301.654,1041.177,46.32,3389.152
2050-03-29 12:00:00,2305.033,1080.401,44.11,3429.544
2050-03-29 13:00:00,2305.305,1095.614,53.95,3454.869
2050-03-29 14:00:00,2333.61,1092.404,60.87,3486.883
2050-03-29 15:00:00,2380.749,1100.808,76.6,3558.157
2050-03-29 16:00:00,2485.328,1177.904,91.83,3755.062
2050-03-29 17:00:00,2607.94,1293.619,95.25,3996.809
2050-03-29 18:00:00,2687.497,1540.415,108.9,4336.812
2050-03-29 19:00:00,2826.258,1624.487,124.41,4575.156
2050-03-29 20:00:00,2829.567,1671.198,194.73,4695.495
2050-03-29 21:00:00,2625.419,1746.146,250.3,4621.865
2050-03-29 22:00:00,2430.564,1663.093,272.82,4366.476
2050-03-29 23:00:00,2213.944,1548.514,294.02,4056.478
2050-03-30 00:00:00,2028.918,1364.028,319.72,3712.666
2050-03-30 01:00:00,1927.625,1284.237,355.28,3567.142
2050-03-30 02:00:00,1868.784,1083.95,392.4,3345.134
2050-03-30 03:00:00,1843.281,964.569,465.43,3273.28
2050-03-30 04:00:00,1865.26,846.938,535.97,3248.169
2050-03-30 05:00:00,1949.351,737.514,611.5,3298.364
2050-03-30 06:00:00,2107.817,669.232,692.13,3469.179
2050-03-30 07:00:00,2179.471,694.725,765.87,3640.066
2050-03-30 08:00:00,2241.921,789.737,801.79,3833.448
2050-03-30 09:00:00,2287.547,954.965,775.84,4018.352
2050-03-30 10:00:00,2300.817,999.577,706.3,4006.694
2050-03-30 11:00:00,2301.654,1041.177,686.29,4029.122
2050-03-30 12:00:00,2305.033,1080.401,734.28,4119.714
2050-03-30 13:00:00,2305.305,1095.614,788.94,4189.859
2050-03-30 14:00:00,2333.61,1092.404,794.53,4220.543
2050-03-30 15:00:00,2380.749,1100.808,771.68,4253.237
2050-03-30 16:00:00,2485.328,1177.904,762.15,4425.382
2050-03-30 17:00:00,2607.94,1293.619,799.39,4700.949
2050-03-30 18:00:00,2687.497,1540.415,823.95,5051.862
2050-03-30 19:00:00,2823.817,1624.487,875.53,5323.834
2050-03-30 20:00:00,2829.567,1671.198,986.19,5486.955
2050-03-30 21:00:00,2625.419,1746.146,1045.75,5417.315
2050-03-30 22:00:00,2430.564,1663.093,1051.46,5145.116
2050-03-30 23:00:00,2213.944,1548.514,1042.06,4804.518
2050-03-31 00:00:00,2028.918,1364.028,1024.07,4417.016
2050-03-31 01:00:00,1927.625,1284.237,999.39,4211.252
2050-03-31 02:00:00,1868.784,1083.95,966.45,3919.184
2050-03-31 03:00:00,1843.281,964.569,957.8,3765.65
2050-03-31 04:00:00,1865.26,846.938,928.79,3640.989
2050-03-31 05:00:00,1949.351,737.514,896.35,3583.214
2050-03-31 06:00:00,2106.728,669.232,872.54,3648.5
2050-03-31 07:00:00,2179.471,694.725,861.83,3736.026
2050-03-31 08:00:00,2241.921,789.737,801.69,3833.348
2050-03-31 09:00:00,2287.547,954.965,677.6,3920.112
2050-03-31 10:00:00,2300.817,999.577,473.79,3774.184
2050-03-31 11:00:00,2301.654,1041.177,310.55,3653.382
2050-03-31 12:00:00,2305.033,1080.401,223.66,3609.094
2050-03-31 13:00:00,2305.305,1095.614,151.15,3552.069
2050-03-31 14:00:00,2333.61,1092.404,137.0,3563.013
2050-03-31 15:00:00,2380.749,1100.808,125.55,3607.107
2050-03-31 16:00:00,2485.328,1177.904,129.79,3793.022
2050-03-31 17:00:00,2607.94,1293.619,110.55,4012.109
2050-03-31 18:00:00,2687.497,1540.415,107.9,4335.812
2050-03-31 19:00:00,2821.447,1624.487,166.72,4612.654
2050-03-31 20:00:00,2829.567,1671.198,143.98,4644.745
2050-03-31 21:00:00,2625.419,1746.146,230.06,4601.625
2050-03-31 22:00:00,2430.564,1663.093,317.71,4411.366
2050-03-31 23:00:00,2213.944,1548.514,402.74,4165.198
2050-04-01 00:00:00,2028.918,1475.825,487.43,3992.173
2050-04-01 01:00:00,1927.625,1389.494,570.59,3887.709
2050-04-01 02:00:00,1868.784,1172.792,644.64,3686.215
2050-04-01 03:00:00,1843.281,1043.626,715.49,3602.397
2050-04-01 04:00:00,1865.26,916.354,778.19,3559.804
2050-04-01 05:00:00,1949.351,797.961,825.73,3573.041
2050-04-01 06:00:00,2105.571,724.083,864.83,3694.484
2050-04-01 07:00:00,2179.471,751.665,885.96,3817.096
2050-04-01 08:00:00,2241.921,854.465,758.11,3854.496
2050-04-01 09:00:00,2287.547,1033.235,512.89,3833.672
2050-04-01 10:00:00,2300.817,1081.503,243.11,3625.43
2050-04-01 11:00:00,2301.654,1126.513,62.32,3490.487
2050-04-01 12:00:00,2305.033,1168.952,8.68,3482.665
2050-04-01 13:00:00,2305.305,1185.411,20.74,3511.457
2050-04-01 14:00:00,2333.61,1181.938,71.18,3586.728
2050-04-01 15:00:00,2380.749,1191.031,238.49,3810.27
2050-04-01 16:00:00,2485.328,1274.445,455.08,4214.854
2050-04-01 17:00:00,2607.94,1399.645,620.99,4628.575
2050-04-01 18:00:00,2687.497,1666.668,659.3,5013.466
2050-04-01 19:00:00,2818.9,1757.632,485.65,5062.182
2050-04-01 20:00:00,2829.567,1808.171,225.58,4863.318
2050-04-01 21:00:00,2625.419,1889.261,63.31,4577.991
2050-04-01 22:00:00,2430.564,1799.401,21.71,4251.675
2050-04-01 23:00:00,2213.944,1675.431,11.81,3901.185
2050-04-02 00:00:00,2028.918,1475.825,6.0,3510.743
2050-04-02 01:00:00,1927.625,1389.494,3.99,3321.109
2050-04-02 02:00:00,1868.784,1172.792,9.27,3050.845
2050-04-02 03:00:00,1843.281,1043.626,30.21,2917.117
2050-04-02 04:00:00,1865.26,916.354,73.18,2854.794
2050-04-02 05:00:00,1949.351,797.961,129.05,2876.361
2050-04-02 06:00:00,2104.334,724.083,182.9,3011.317
2050-04-02 07:00:00,2179.471,751.665,224.76,3155.896
2050-04-02 08:00:00,2241.921,854.465,137.26,3233.646
2050-04-02 09:00:00,2287.547,1033.235,10.68,3331.462
2050-04-02 10:00:00,2300.817,1081.503,25.68,3408.0
2050-04-02 11:00:00,2301.654,1126.513,76.59,3504.757
2050-04-02 12:00:00,2305.033,1168.952,234.04,3708.025
2050-04-02 13:00:00,2305.305,1185.411,404.58,3895.297
2050-04-02 14:00:00,2333.61,1181.938,576.42,4091.968
2050-04-02 15:00:00,2380.749,1191.031,714.24,4286.02
2050-04-02 16:00:00,2485.328,1274.445,794.45,4554.224
2050-04-02 17:00:00,2607.94,1399.645,814.76,4822.345
2050-04-02 18:00:00,2687.497,1666.668,748.29,5102.456
2050-04-02 19:00:00,2816.309,1757.632,493.95,5067.89
2050-04-02 20:00:00,2829.567,1808.171,9.06,4646.798
2050-04-02 21:00:00,2625.419,1889.261,8.87,4523.551
2050-04-02 22:00:00,2430.564,1799.401,120.19,4350.155
2050-04-02 23:00:00,2213.944,1675.431,306.38,4195.755
2050-04-03 00:00:00,2028.918,1475.825,491.06,3995.803
2050-04-03 01:00:00,1927.625,1389.494,645.95,3963.069
2050-04-03 02:00:00,1868.784,1172.792,782.5,3824.075
2050-04-03 03:00:00,1843.281,1043.626,902.6,3789.507
2050-04-03 04:00:00,1865.26,916.354,1013.79,3795.404
2050-04-03 05:00:00,1949.351,797.961,1103.54,3850.851
2050-04-03 06:00:00,2103.24,724.083,1182.75,4010.073
2050-04-03 07:00:00,2179.471,751.665,1124.0,4055.136
2050-04-03 08:00:00,2241.921,854.465,937.18,4033.566
2050-04-03 09:00:00,2287.547,1033.235,653.28,3974.062
2050-04-03 10:00:00,2300.817,1081.503,442.3,3824.62
2050-04-03 11:00:00,2301.654,1126.513,272.28,3700.447
2050-04-03 12:00:00,2305.033,1168.952,143.19,3617.175
2050-04-03 13:00:00,2305.305,1185.411,93.44,3584.157
2050-04-03 14:00:00,2333.61,1181.938,69.71,3585.258
2050-04-03 15:00:00,2380.749,1191.031,55.03,3626.81
2050-04-03 16:00:00,2485.328,1274.445,49.95,3809.724
2050-04-03 17:00:00,2607.94,1399.645,43.98,4051.565
2050-04-03 18:00:00,2687.497,1666.668,42.71,4396.876
2050-04-03 19:00:00,2813.854,1757.632,57.82,4629.306
2050-04-03 20:00:00,2829.567,1808.171,254.24,4891.978
2050-04-03 21:00:00,2625.419,1889.261,97.49,4612.171
2050-04-03 22:00:00,2430.564,1799.401,39.1,4269.065
2050-04-03 23:00:00,2213.944,1675.431,22.97,3912.345
2050-04-04 00:00:00,2028.918,1475.825,15.86,3520.603
2050-04-04 01:00:00,1927.625,1389.494,10.55,3327.669
2050-04-04 02:00:00,1868.784,1172.792,7.09,3048.665
2050-04-04 03:00:00,1843.281,1043.626,5.12,2892.027
2050-04-04 04:00:00,1865.26,916.354,7.14,2788.754
2050-04-04 05:00:00,1949.351,797.961,14.82,2762.131
2050-04-04 06:00:00,2102.11,724.083,27.6,2853.793
2050-04-04 07:00:00,2179.471,751.665,41.53,2972.666
2050-04-04 08:00:00,2241.921,854.465,11.94,3108.326
2050-04-04 09:00:00,2287.547,1033.235,19.65,3340.432
2050-04-04 10:00:00,2300.817,1081.503,61.32,3443.64
2050-04-04 11:00:00,2301.654,1126.513,198.02,3626.187
2050-04-04 12:00:00,2305.033,1168.952,447.05,3921.035
2050-04-04 13:00:00,2305.305,1185.411,684.31,4175.027
2050-04-04 14:00:00,2333.61,1181.938,941.99,4457.538
2050-04-04 15:00:00,2380.749,1191.031,1197.58,4769.36
2050-04-04 16:00:00,2485.328,1274.445,1371.44,5131.214
2050-04-04 17:00:00,2607.94,1399.645,1479.27,5486.855
2050-04-04 18:00:00,2687.497,1666.668,1460.61,5814.776
2050-04-04 19:00:00,2811.322,1757.632,1164.92,5733.873
2050-04-04 20:00:00,2829.567,1808.171,862.15,5499.888
2050-04-04 21:00:00,2625.419,1889.261,646.63,5161.311
2050-04-04 22:00:00,2430.564,1799.401,468.23,4698.195
2050-04-04 23:00:00,2213.944,1675.431,272.71,4162.085
2050-04-05 00:00:00,2028.918,1475.825,117.38,3622.123
2050-04-05 01:00:00,1927.625,1389.494,41.66,3358.779
2050-04-05 02:00:00,1868.784,1172.792,19.39,3060.965
2050-04-05 03:00:00,1843.281,1043.626,10.86,2897.767
2050-04-05 04:00:00,1865.26,916.354,7.32,2788.934
2050-04-05 05:00:00,1949.351,797.961,6.11,2753.421
2050-04-05 06:00:00,2100.873,724.083,9.9,2834.856
2050-04-05 07:00:00,2179.471,751.665,22.02,2953.156
2050-04-05 08:00:00,2241.921,854.465,15.51,3111.896
2050-04-05 09:00:00,2287.547,1033.235,25.86,3346.642
2050-04-05 10:00:00,2300.817,1081.503,128.72,3511.04
2050-04-05 11:00:00,2301.654,1126.513,303.25,3731.417
2050-04-05 12:00:00,2305.033,1168.952,521.62,3995.605
2050-04-05 13:00:00,2305.305,1185.411,670.43,4161.147
2050-04-05 14:00:00,2333.61,1181.938,840.97,4356.518
2050-04-05 15:00:00,2380.749,1191.031,998.16,4569.94
2050-04-05 16:00:00,2485.328,1274.445,1118.57,4878.344
2050-04-05 17:00:00,2607.94,1399.645,1143.79,5151.375
2050-04-05 18:00:00,2687.497,1666.668,1073.97,5428.136
2050-04-05 19:00:00,2809.043,1757.632,806.26,5372.935
2050-04-05 20:00:00,2829.567,1808.171,554.44,5192.178
2050-04-05 21:00:00,2625.419,1889.261,398.14,4912.821
2050-04-05 22:00:00,2430.564,1799.401,261.72,4491.685
2050-04-05 23:00:00,2213.944,1675.431,147.84,4037.215
2050-04-06 00:00:00,2028.918,1475.825,65.9,3570.643
2050-04-06 01:00:00,1927.625,1389.494,32.95,3350.069
2050-04-06 02:00:00,1868.784,1172.792,17.5,3059.075
2050-04-06 03:00:00,1843.281,1043.626,9.96,2896.867
2050-04-06 04:00:00,1865.26,916.354,6.84,2788.454
2050-04-06 05:00:00,1949.351,797.961,5.5,2752.811
2050-04-06 06:00:00,2099.716,724.083,5.37,2829.169
2050-04-06 07:00:00,2179.471,751.665,12.97,2944.106
2050-04-06 08:00:00,2241.921,854.465,8.7,3105.086
2050-04-06 09:00:00,2287.547,1033.235,26.47,3347.252
2050-04-06 10:00:00,2300.817,1081.503,89.8,3472.12
2050-04-06 11:00:00,2301.654,1126.513,143.26,3571.427
2050-04-06 12:00:00,2305.033,1168.952,204.92,3678.905
2050-04-06 13:00:00,2305.305,1185.411,218.18,3708.897
2050-04-06 14:00:00,2333.61,1181.938,482.13,3997.678
2050-04-06 15:00:00,2380.749,1191.031,729.23,4301.01
2050-04-06 16:00:00,2485.328,1274.445,904.82,4664.594
2050-04-06 17:00:00,2607.94,1399.645,998.08,5005.665
2050-04-06 18:00:00,2687.497,1666.668,987.73,5341.896
2050-04-06 19:00:00,2806.498,1757.632,790.25,5354.379
2050-04-06 20:00:00,2829.567,1808.171,594.56,5232.298
2050-04-06 21:00:00,2625.419,1889.261,490.84,5005.521
2050-04-06 22:00:00,2430.564,1799.401,406.6,4636.565
2050-04-06 23:00:00,2213.944,1675.431,348.56,4237.935
2050-04-07 00:00:00,2028.918,1475.825,293.56,3798.303
2050-04-07 01:00:00,1927.625,1389.494,214.47,3531.589
2050-04-07 02:00:00,1868.784,1172.792,145.54,3187.115
2050-04-07 03:00:00,1843.281,1043.626,94.34,2981.247
2050-04-07 04:00:00,1865.26,916.354,54.85,2836.464
2050-04-07 05:00:00,1949.351,797.961,27.93,2775.241
2050-04-07 06:00:00,2098.682,724.083,15.45,2838.215
2050-04-07 07:00:00,2179.471,751.665,10.86,2941.996
2050-04-07 08:00:00,2241.921,854.465,37.55,3133.936
2050-04-07 09:00:00,2287.547,1033.235,243.36,3564.142
2050-04-07 10:00:00,2300.817,1081.503,535.07,3917.39
2050-04-07 11:00:00,2301.654,1126.513,860.45,4288.617
2050-04-07 12:00:00,2305.033,1168.952,1133.51,4607.495
2050-04-07 13:00:00,2305.305,1185.411,1358.52,4849.237
2050-04-07 14:00:00,2333.61,1181.938,1593.1,5108.648
2050-04-07 15:00:00,2380.749,1191.031,1780.25,5352.03
2050-04-07 16:00:00,2485.328,1274.445,1888.06,5647.834
2050-04-07 17:00:00,2607.94,1399.645,1915.85,5923.435
2050-04-07 18:00:00,2687.497,1666.668,1851.02,6205.186
2050-04-07 19:00:00,2803.938,1757.632,1524.21,6085.779
2050-04-07 20:00:00,2829.567,1808.171,1210.09,5847.828
2050-04-07 21:00:00,2625.419,1889.261,1023.74,5538.421
2050-04-07 22:00:00,2430.564,1799.401,884.78,5114.745
2050-04-07 23:00:00,2213.944,1675.431,756.18,4645.555
2050-04-08 00:00:00,2028.918,1475.825,631.29,4136.033
2050-04-08 01:00:00,1927.625,1389.494,517.6,3834.719
2050-04-08 02:00:00,1868.784,1172.792,405.38,3446.955
2050-04-08 03:00:00,1843.281,1043.626,295.79,3182.697
2050-04-08 04:00:00,1865.26,916.354,194.3,2975.914
2050-04-08 05:00:00,1949.351,797.961,110.66,2857.971
2050-04-08 06:00:00,2097.436,724.083,59.32,2880.839
2050-04-08 07:00:00,2179.471,751.665,36.65,2967.786
2050-04-08 08:00:00,2241.921,854.465,95.31,3191.696
2050-04-08 09:00:00,2287.547,1033.235,367.08,3687.862
2050-04-08 10:00:00,2300.817,1081.503,647.06,4029.38
2050-04-08 11:00:00,2301.654,1126.513,910.78,4338.947
2050-04-08 12:00:00,2305.033,1168.952,1095.02,4569.005
2050-04-08 13:00:00,2305.305,1185.411,1239.18,4729.897
2050-04-08 14:00:00,2333.61,1181.938,1353.77,4869.318
2050-04-08 15:00:00,2380.749,1191.031,1465.79,5037.57
2050-04-08 16:00:00,2485.328,1274.445,1526.35,5286.124
2050-04-08 17:00:00,2607.94,1399.645,1515.82,5523.405
2050-04-08 18:00:00,2687.497,1666.668,1434.77,5788.936
2050-04-08 19:00:00,2801.659,1757.632,1123.51,5682.801
2050-04-08 20:00:00,2829.567,1808.171,830.77,5468.508
2050-04-08 21:00:00,2625.419,1889.261,646.58,5161.261
2050-04-08 22:00:00,2430.564,1799.401,495.44,4725.405
2050-04-08 23:00:00,2213.944,1675.431,375.87,4265.245
2050-04-09 00:00:00,2028.918,1475.825,277.35,3782.093
2050-04-09 01:00:00,1927.625,1389.494,196.27,3513.389
2050-04-09 02:00:00,1868.784,1172.792,128.82,3170.395
2050-04-09 03:00:00,1843.281,1043.626,75.39,2962.297
2050-04-09 04:00:00,1865.26,916.354,44.25,2825.864
2050-04-09 05:00:00,1949.351,797.961,26.41,2773.721
2050-04-09 06:00:00,2096.37,724.083,18.26,2838.713
2050-04-09 07:00:00,2179.471,751.665,13.28,2944.416
2050-04-09 08:00:00,2241.921,854.465,18.41,3114.796
2050-04-09 09:00:00,2287.547,1033.235,35.38,3356.162
2050-04-09 10:00:00,2300.817,1081.503,31.74,3414.06
2050-04-09 11:00:00,2301.654,1126.513,24.14,3452.307
2050-04-09 12:00:00,2305.033,1168.952,19.73,3493.715
2050-04-09 13:00:00,2305.305,1185.411,15.76,3506.477
2050-04-09 14:00:00,2333.61,1181.938,14.12,3529.668
2050-04-09 15:00:00,2380.749,1191.031,15.05,3586.83
2050-04-09 16:00:00,2485.328,1274.445,19.03,3778.804
2050-04-09 17:00:00,2607.94,1399.645,20.33,4027.915
2050-04-09 18:00:00,2687.497,1666.668,25.24,4379.406
2050-04-09 19:00:00,2799.199,1757.632,72.32,4629.151
2050-04-09 20:00:00,2829.567,1808.171,154.69,4792.428
2050-04-09 21:00:00,2625.419,1889.261,244.19,4758.871
2050-04-09 22:00:00,2430.564,1799.401,376.67,4606.635
2050-04-09 23:00:00,2213.944,1675.431,526.92,4416.295
2050-04-10 00:00:00,2028.918,1475.825,671.59,4176.333
2050-04-10 01:00:00,1927.625,1389.494,814.84,4131.959
2050-04-10 02:00:00,1868.784,1172.792,943.24,3984.815
2050-04-10 03:00:00,1843.281,1043.626,1057.78,3944.687
2050-04-10 04:00:00,1865.26,916.354,1156.38,3937.994
2050-04-10 05:00:00,1949.351,797.961,1243.98,3991.291
2050-04-10 06:00:00,2095.311,724.083,1320.87,4140.263
2050-04-10 07:00:00,2179.471,751.665,1343.41,4274.546
2050-04-10 08:00:00,2241.921,854.465,1166.83,4263.216
2050-04-10 09:00:00,2287.547,1033.235,867.58,4188.362
2050-04-10 10:00:00,2300.817,1081.503,634.12,4016.44
2050-04-10 11:00:00,2301.654,1126.513,428.96,3857.127
2050-04-10 12:00:00,2305.033,1168.952,297.63,3771.615
2050-04-10 13:00:00,2305.305,1185.411,188.01,3678.727
2050-04-10 14:00:00,2333.61,1181.938,73.0,3588.548
2050-04-10 15:00:00,2380.749,1191.031,15.77,3587.55
2050-04-10 16:00:00,2485.328,1274.445,30.03,3789.804
2050-04-10 17:00:00,2607.94,1399.645,36.23,4043.815
2050-04-10 18:00:00,2687.497,1666.668,43.21,4397.376
2050-04-10 19:00:00,2796.696,1757.632,17.02,4571.347
2050-04-10 20:00:00,2829.567,1808.171,6.02,4643.758
2050-04-10 21:00:00,2625.419,1889.261,52.99,4567.671
2050-04-10 22:00:00,2430.564,1799.401,130.19,4360.155
2050-04-10 23:00:00,2213.944,1675.431,228.32,4117.695
2050-04-11 00:00:00,2028.918,1475.825,320.87,3825.613
2050-04-11 01:00:00,1927.625,1389.494,395.02,3712.139
2050-04-11 02:00:00,1868.784,1172.792,453.91,3495.485
2050-04-11 03:00:00,1843.281,1043.626,517.51,3404.417
2050-04-11 04:00:00,1865.26,916.354,579.06,3360.674
2050-04-11 05:00:00,1949.351,797.961,635.8,3383.111
2050-04-11 06:00:00,2094.153,724.083,682.4,3500.636
2050-04-11 07:00:00,2179.471,751.665,673.33,3604.466
2050-04-11 08:00:00,2241.921,854.465,441.89,3538.276
2050-04-11 09:00:00,2287.547,1033.235,152.83,3473.612
2050-04-11 10:00:00,2300.817,1081.503,18.47,3400.79
2050-04-11 11:00:00,2301.654,1126.513,16.24,3444.407
2050-04-11 12:00:00,2305.033,1168.952,76.9,3550.885
2050-04-11 13:00:00,2305.305,1185.411,263.7,3754.417
2050-04-11 14:00:00,2333.61,1181.938,526.3,4041.848
2050-04-11 15:00:00,2380.749,1191.031,639.87,4211.65
2050-04-11 16:00:00,2485.328,1274.445,666.99,4426.764
2050-04-11 17:00:00,2607.94,1399.645,690.44,4698.025
2050-04-11 18:00:00,2687.497,1666.668,743.8,5097.966
2050-04-11 19:00:00,2794.162,1757.632,543.92,5095.714
2050-04-11 20:00:00,2829.567,1808.171,299.9,4937.638
2050-04-11 21:00:00,2625.419,1889.261,139.62,4654.301
2050-04-11 22:00:00,2430.564,1799.401,37.6,4267.565
2050-04-11 23:00:00,2213.944,1675.431,15.75,3905.125
2050-04-12 00:00:00,2028.918,1475.825,9.89,3514.633
2050-04-12 01:00:00,1927.625,1389.494,5.89,3323.009
2050-04-12 02:00:00,1868.784,1172.792,4.33,3045.905
2050-04-12 03:00:00,1843.281,1043.626,10.43,2897.337
2050-04-12 04:00:00,1865.26,916.354,34.37,2815.984
2050-04-12 05:00:00,1949.351,797.961,78.6,2825.911
2050-04-12 06:00:00,2092.944,724.083,171.29,2988.317
2050-04-12 07:00:00,2179.471,751.665,234.1,3165.236
2050-04-12 08:00:00,2241.921,854.465,149.77,3246.156
2050-04-12 09:00:00,2287.547,1033.235,30.96,3351.742
2050-04-12 10:00:00,2300.817,1081.503,16.03,3398.35
2050-04-12 11:00:00,2301.654,1126.513,35.52,3463.687
2050-04-12 12:00:00,2305.033,1168.952,67.45,3541.435
2050-04-12 13:00:00,2305.305,1185.411,106.08,3596.797
2050-04-12 14:00:00,2333.61,1181.938,255.85,3771.398
2050-04-12 15:00:00,2380.749,1191.031,481.41,4053.19
2050-04-12 16:00:00,2485.328,1274.445,547.71,4307.484
2050-04-12 17:00:00,2607.94,1399.645,623.49,4631.075
2050-04-12 18:00:00,2687.497,1666.668,597.16,4951.326
2050-04-12 19:00:00,2791.8,1757.632,312.87,4862.302
2050-04-12 20:00:00,2829.567,1808.171,61.52,4699.258
2050-04-12 21:00:00,2625.419,1889.261,19.35,4534.031
2050-04-12 22:00:00,2430.564,1799.401,7.62,4237.585
2050-04-12 23:00:00,2213.944,1675.431,12.2,3901.575
2050-04-13 00:00:00,2028.918,1475.825,74.15,3578.893
2050-04-13 01:00:00,1927.625,1389.494,181.21,3498.329
2050-04-13 02:00:00,1868.784,1172.792,284.07,3325.645
2050-04-13 03:00:00,1843.281,1043.626,378.46,3265.367
2050-04-13 04:00:00,1865.26,916.354,465.94,3247.554
2050-04-13 05:00:00,1949.351,797.961,541.9,3289.211
2050-04-13 06:00:00,2091.899,724.083,606.84,3422.822
2050-04-13 07:00:00,2179.471,751.665,615.52,3546.656
2050-04-13 08:00:00,2241.921,854.465,510.97,3607.356
2050-04-13 09:00:00,2287.547,1033.235,343.99,3664.772
2050-04-13 10:00:00,2300.817,1081.503,219.6,3601.92
2050-04-13 11:00:00,2301.654,1126.513,66.09,3494.257
2050-04-13 12:00:00,2305.033,1168.952,12.38,3486.365
2050-04-13 13:00:00,2305.305,1185.411,24.9,3515.617
2050-04-13 14:00:00,2333.61,1181.938,28.66,3544.208
2050-04-13 15:00:00,2380.749,1191.031,36.35,3608.13
2050-04-13 16:00:00,2485.328,1274.445,57.75,3817.524
2050-04-13 17:00:00,2607.94,1399.645,166.17,4173.755
2050-04-13 18:00:00,2687.497,1666.668,246.56,4600.726
2050-04-13 19:00:00,2789.105,1757.632,59.8,4606.537
2050-04-13 20:00:00,2829.567,1808.171,17.85,4655.588
2050-04-13 21:00:00,2625.419,1889.261,7.45,4522.131
2050-04-13 22:00:00,2430.564,1799.401,3.98,4233.945
2050-04-13 23:00:00,2213.944,1675.431,10.62,3899.995
2050-04-14 00:00:00,2028.918,1475.825,102.31,3607.053
2050-04-14 01:00:00,1927.625,1389.494,212.91,3530.029
2050-04-14 02:00:00,1868.784,1172.792,321.69,3363.265
2050-04-14 03:00:00,1843.281,1043.626,430.7,3317.607
2050-04-14 04:00:00,1865.26,916.354,539.24,3320.854
2050-04-14 05:00:00,1949.351,797.961,632.51,3379.821
2050-04-14 06:00:00,2090.782,724.083,715.29,3530.155
2050-04-14 07:00:00,2179.471,751.665,731.56,3662.696
2050-04-14 08:00:00,2241.921,854.465,519.8,3616.186
2050-04-14 09:00:00,2287.547,1033.235,242.97,3563.752
2050-04-14 10:00:00,2300.817,1081.503,54.61,3436.93
2050-04-14 11:00:00,2301.654,1126.513,13.75,3441.917
2050-04-14 12:00:00,2305.033,1168.952,33.99,3507.975
2050-04-14 13:00:00,2305.305,1185.411,48.38,3539.097
2050-04-14 14:00:00,2333.61,1181.938,250.96,3766.508
2050-04-14 15:00:00,2380.749,1191.031,503.89,4075.67
2050-04-14 16:00:00,2485.328,1274.445,617.41,4377.184
2050-04-14 17:00:00,2607.94,1399.645,724.16,4731.745
2050-04-14 18:00:00,2687.497,1666.668,746.43,5100.596
2050-04-14 19:00:00,2786.641,1757.632,540.17,5084.442
2050-04-14 20:00:00,2829.567,1808.171,266.31,4904.048
2050-04-14 21:00:00,2625.419,1889.261,82.48,4597.161
2050-04-14 22:00:00,2430.564,1799.401,23.19,4253.155
2050-04-14 23:00:00,2213.944,1675.431,8.68,3898.055
2050-04-15 00:00:00,2028.918,1475.825,4.3,3509.043
2050-04-15 01:00:00,1927.625,1389.494,17.18,3334.299
2050-04-15 02:00:00,1868.784,1172.792,83.71,3125.285
2050-04-15 03:00:00,1843.281,1043.626,193.16,3080.067
2050-04-15 04:00:00,1865.26,916.354,300.55,3082.164
2050-04-15 05:00:00,1949.351,797.961,401.75,3149.061
2050-04-15 06:00:00,2089.679,724.083,497.07,3310.832
2050-04-15 07:00:00,2179.471,751.665,519.87,3451.006
2050-04-15 08:00:00,2241.921,854.465,336.85,3433.236
2050-04-15 09:00:00,2287.547,1033.235,103.46,3424.242
2050-04-15 10:00:00,2300.817,1081.503,15.57,3397.89
2050-04-15 11:00:00,2301.654,1126.513,42.8,3470.967
2050-04-15 12:00:00,2305.033,1168.952,132.61,3606.595
2050-04-15 13:00:00,2305.305,1185.411,385.41,3876.127
2050-04-15 14:00:00,2333.61,1181.938,558.37,4073.918
2050-04-15 15:00:00,2380.749,1191.031,763.78,4335.56
2050-04-15 16:00:00,2485.328,1274.445,926.52,4686.294
2050-04-15 17:00:00,2607.94,1399.645,1017.99,5025.575
2050-04-15 18:00:00,2687.497,1666.668,980.76,5334.926
2050-04-15 19:00:00,2784.181,1757.632,741.77,5283.583
2050-04-15 20:00:00,2829.567,1808.171,454.99,5092.728
2050-04-15 21:00:00,2625.419,1889.261,269.13,4783.811
2050-04-15 22:00:00,2430.564,1799.401,124.9,4354.865
2050-04-15 23:00:00,2213.944,1675.431,31.05,3920.425
2050-04-16 00:00:00,2028.918,1475.825,13.42,3518.163
2050-04-16 01:00:00,1927.625,1389.494,7.26,3324.379
2050-04-16 02:00:00,1868.784,1172.792,13.76,3055.335
2050-04-16 03:00:00,1843.281,1043.626,28.36,2915.267
2050-04-16 04:00:00,1865.26,916.354,51.25,2832.864
2050-04-16 05:00:00,1949.351,797.961,80.25,2827.561
2050-04-16 06:00:00,2088.595,724.083,117.23,2929.908
2050-04-16 07:00:00,2179.471,751.665,150.43,3081.566
2050-04-16 08:00:00,2241.921,854.465,151.01,3247.396
2050-04-16 09:00:00,2287.547,1033.235,109.88,3430.662
2050-04-16 10:00:00,2300.817,1081.503,82.86,3465.18
2050-04-16 11:00:00,2301.654,1126.513,66.94,3495.107
2050-04-16 12:00:00,2305.033,1168.952,50.42,3524.405
2050-04-16 13:00:00,2305.305,1185.411,37.77,3528.487
2050-04-16 14:00:00,2333.61,1181.938,54.57,3570.118
2050-04-16 15:00:00,2380.749,1191.031,118.77,3690.55
2050-04-16 16:00:00,2485.328,1274.445,179.68,3939.454
2050-04-16 17:00:00,2607.94,1399.645,231.57,4239.155
2050-04-16 18:00:00,2687.497,1666.668,235.44,4589.606
2050-04-16 19:00:00,2781.643,1757.632,127.13,4666.404
2050-04-16 20:00:00,2829.567,1808.171,52.5,4690.238
2050-04-16 21:00:00,2625.419,1889.261,35.89,4550.571
2050-04-16 22:00:00,2430.564,1799.401,26.87,4256.835
2050-04-16 23:00:00,2213.944,1675.431,19.7,3909.075
2050-04-17 00:00:00,2028.918,1475.825,14.31,3519.053
2050-04-17 01:00:00,1927.625,1389.494,10.07,3327.189
2050-04-17 02:00:00,1868.784,1172.792,9.78,3051.355
2050-04-17 03:00:00,1843.281,1043.626,11.53,2898.437
2050-04-17 04:00:00,1865.26,916.354,24.27,2805.884
2050-04-17 05:00:00,1949.351,797.961,48.89,2796.201
2050-04-17 06:00:00,2087.55,724.083,80.15,2891.783
2050-04-17 07:00:00,2179.471,751.665,115.96,3047.096
2050-04-17 08:00:00,2241.921,854.465,116.83,3213.216
2050-04-17 09:00:00,2287.547,1033.235,92.27,3413.052
2050-04-17 10:00:00,2300.817,1081.503,99.1,3481.42
2050-04-17 11:00:00,2301.654,1126.513,84.75,3512.917
2050-04-17 12:00:00,2305.033,1168.952,73.17,3547.155
2050-04-17 13:00:00,2305.305,1185.411,70.41,3561.127
2050-04-17 14:00:00,2333.61,1181.938,89.49,3605.038
2050-04-17 15:00:00,2380.749,1191.031,149.58,3721.36
2050-04-17 16:00:00,2485.328,1274.445,187.69,3947.464
2050-04-17 17:00:00,2607.94,1399.645,213.8,4221.385
2050-04-17 18:00:00,2687.497,1666.668,174.21,4528.376
2050-04-17 19:00:00,2779.269,1757.632,65.01,4601.911
2050-04-17 20:00:00,2829.567,1808.171,41.15,4678.888
2050-04-17 21:00:00,2625.419,1889.261,58.7,4573.381
2050-04-17 22:00:00,2430.564,1799.401,100.2,4330.165
2050-04-17 23:00:00,2213.944,1675.431,181.95,4071.325
2050-04-18 00:00:00,2028.918,1475.825,310.19,3814.933
2050-04-18 01:00:00,1927.625,1389.494,453.0,3770.119
2050-04-18 02:00:00,1868.784,1172.792,600.13,3641.705
2050-04-18 03:00:00,1843.281,1043.626,739.16,3626.067
2050-04-18 04:00:00,1865.26,916.354,866.13,3647.744
2050-04-18 05:00:00,1949.351,797.961,980.6,3727.911
2050-04-18 06:00:00,2086.492,724.083,1083.85,3894.424
2050-04-18 07:00:00,2179.471,751.665,1094.29,4025.426
2050-04-18 08:00:00,2241.921,854.465,909.54,4005.926
2050-04-18 09:00:00,2287.547,1033.235,618.68,3939.462
2050-04-18 10:00:00,2300.817,1081.503,404.7,3787.02
2050-04-18 11:00:00,2301.654,1126.513,214.79,3642.957
2050-04-18 12:00:00,2305.033,1168.952,66.21,3540.195
2050-04-18 13:00:00,2305.305,1185.411,12.49,3503.207
2050-04-18 14:00:00,2333.61,1181.938,19.23,3534.778
2050-04-18 15:00:00,2380.749,1191.031,26.91,3598.69
2050-04-18 16:00:00,2485.328,1274.445,31.76,3791.534
2050-04-18 17:00:00,2607.94,1399.645,36.95,4044.535
2050-04-18 18:00:00,2687.497,1666.668,36.95,4391.116
2050-04-18 19:00:00,2776.784,1757.632,14.73,4549.146
2050-04-18 20:00:00,2829.567,1808.171,5.79,4643.528
2050-04-18 21:00:00,2625.419,1889.261,51.62,4566.301
2050-04-18 22:00:00,2430.564,1799.401,148.36,4378.325
2050-04-18 23:00:00,2213.944,1675.431,261.67,4151.045
2050-04-19 00:00:00,2028.918,1475.825,374.87,3879.613
2050-04-19 01:00:00,1927.625,1389.494,478.69,3795.809
2050-04-19 02:00:00,1868.784,1172.792,571.18,3612.755
2050-04-19 03:00:00,1843.281,1043.626,661.88,3548.787
2050-04-19 04:00:00,1865.26,916.354,749.13,3530.744
2050-04-19 05:00:00,1949.351,797.961,826.29,3573.601
2050-04-19 06:00:00,2085.446,724.083,895.0,3704.529
2050-04-19 07:00:00,2179.471,751.665,876.72,3807.856
2050-04-19 08:00:00,2241.921,854.465,676.55,3772.936
2050-04-19 09:00:00,2287.547,1033.235,400.98,3721.762
2050-04-19 10:00:00,2300.817,1081.503,222.15,3604.47
2050-04-19 11:00:00,2301.654,1126.513,74.86,3503.027
2050-04-19 12:00:00,2305.033,1168.952,11.76,3485.745
2050-04-19 13:00:00,2305.305,1185.411,20.06,3510.777
2050-04-19 14:00:00,2333.61,1181.938,33.12,3548.668
2050-04-19 15:00:00,2380.749,1191.031,60.78,3632.56
2050-04-19 16:00:00,2485.328,1274.445,180.19,3939.964
2050-04-19 17:00:00,2607.94,1399.645,250.74,4258.325
2050-04-19 18:00:00,2687.497,1666.668,276.51,4630.676
2050-04-19 19:00:00,2774.325,1757.632,126.09,4658.047
2050-04-19 20:00:00,2829.567,1808.171,25.94,4663.678
2050-04-19 21:00:00,2625.419,1889.261,11.68,4526.361
2050-04-19 22:00:00,2430.564,1799.401,5.62,4235.585
2050-04-19 23:00:00,2213.944,1675.431,26.36,3915.735
2050-04-20 00:00:00,2028.918,1475.825,89.58,3594.323
2050-04-20 01:00:00,1927.625,1389.494,188.38,3505.499
2050-04-20 02:00:00,1868.784,1172.792,293.15,3334.725
2050-04-20 03:00:00,1843.281,1043.626,396.19,3283.097
2050-04-20 04:00:00,1865.26,916.354,495.09,3276.704
2050-04-20 05:00:00,1949.351,797.961,587.49,3334.801
2050-04-20 06:00:00,2084.34,724.083,672.31,3480.733
2050-04-20 07:00:00,2179.471,751.665,657.62,3588.756
2050-04-20 08:00:00,2241.921,854.465,440.0,3536.386
2050-04-20 09:00:00,2287.547,1033.235,190.58,3511.362
2050-04-20 10:00:00,2300.817,1081.503,31.97,3414.29
2050-04-20 11:00:00,2301.654,1126.513,13.97,3442.137
2050-04-20 12:00:00,2305.033,1168.952,30.93,3504.915
2050-04-20 13:00:00,2305.305,1185.411,66.84,3557.557
2050-04-20 14:00:00,2333.61,1181.938,231.51,3747.058
2050-04-20 15:00:00,2380.749,1191.031,445.09,4016.87
2050-04-20 16:00:00,2485.328,1274.445,606.18,4365.954
2050-04-20 17:00:00,2607.94,1399.645,720.83,4728.415
2050-04-20 18:00:00,2687.497,1666.668,743.87,5098.036
2050-04-20 19:00:00,2772.046,1757.632,552.65,5082.328
2050-04-20 20:00:00,2829.567,1808.171,300.65,4938.388
2050-04-20 21:00:00,2625.419,1889.261,126.53,4641.211
2050-04-20 22:00:00,2430.564,1799.401,34.97,4264.935
2050-04-20 23:00:00,2213.944,1675.431,18.15,3907.525
2050-04-21 00:00:00,2028.918,1475.825,10.26,3515.003
2050-04-21 01:00:00,1927.625,1389.494,6.2,3323.319
2050-04-21 02:00:00,1868.784,1172.792,6.31,3047.885
2050-04-21 03:00:00,1843.281,1043.626,17.83,2904.737
2050-04-21 04:00:00,1865.26,916.354,49.84,2831.454
2050-04-21 05:00:00,1949.351,797.961,107.9,2855.211
2050-04-21 06:00:00,2083.369,724.083,174.45,2981.902
2050-04-21 07:00:00,2179.471,751.665,171.9,3103.036
2050-04-21 08:00:00,2241.921,854.465,83.68,3180.066
2050-04-21 09:00:00,2287.547,1033.235,14.72,3335.502
2050-04-21 10:00:00,2300.817,1081.503,26.97,3409.29
2050-04-21 11:00:00,2301.654,1126.513,76.85,3505.017
2050-04-21 12:00:00,2305.033,1168.952,260.73,3734.715
2050-04-21 13:00:00,2305.305,1185.411,421.02,3911.737
2050-04-21 14:00:00,2333.61,1181.938,570.23,4085.778
2050-04-21 15:00:00,2380.749,1191.031,666.38,4238.16
2050-04-21 16:00:00,2485.328,1274.445,724.52,4484.294
2050-04-21 17:00:00,2607.94,1399.645,733.1,4740.685
2050-04-21 18:00:00,2687.497,1666.668,654.56,5008.726
2050-04-21 19:00:00,2769.665,1757.632,418.74,4946.037
2050-04-21 20:00:00,2829.567,1808.171,165.66,4803.398
2050-04-21 21:00:00,2625.419,1889.261,61.54,4576.221
2050-04-21 22:00:00,2430.564,1799.401,23.16,4253.125
2050-04-21 23:00:00,2213.944,1675.431,13.48,3902.855
2050-04-22 00:00:00,2028.918,1475.825,7.46,3512.203
2050-04-22 01:00:00,1927.625,1389.494,5.32,3322.439
2050-04-22 02:00:00,1868.784,1172.792,7.65,3049.225
2050-04-22 03:00:00,1843.281,1043.626,22.21,2909.117
2050-04-22 04:00:00,1865.26,916.354,48.96,2830.574
2050-04-22 05:00:00,1949.351,797.961,87.83,2835.141
2050-04-22 06:00:00,2082.228,724.083,128.28,2934.591
2050-04-22 07:00:00,2179.471,751.665,145.88,3077.016
2050-04-22 08:00:00,2241.921,854.465,90.35,3186.736
2050-04-22 09:00:00,2287.547,1033.235,22.99,3343.772
2050-04-22 10:00:00,2300.817,1081.503,20.68,3403.0
2050-04-22 11:00:00,2301.654,1126.513,48.93,3477.097
2050-04-22 12:00:00,2305.033,1168.952,147.67,3621.655
2050-04-22 13:00:00,2305.305,1185.411,362.26,3852.977
2050-04-22 14:00:00,2333.61,1181.938,604.41,4119.958
2050-04-22 15:00:00,2380.749,1191.031,708.39,4280.17
2050-04-22 16:00:00,2485.328,1274.445,836.99,4596.764
2050-04-22 17:00:00,2607.94,1399.645,867.61,4875.195
2050-04-22 18:00:00,2687.497,1666.668,827.75,5181.916
2050-04-22 19:00:00,2767.212,1757.632,610.01,5134.853
2050-04-22 20:00:00,2829.567,1808.171,349.9,4987.638
2050-04-22 21:00:00,2625.419,1889.261,162.15,4676.831
2050-04-22 22:00:00,2430.564,1799.401,34.99,4264.955
2050-04-22 23:00:00,2213.944,1675.431,12.45,3901.825
2050-04-23 00:00:00,2028.918,1475.825,5.08,3509.823
2050-04-23 01:00:00,1927.625,1389.494,9.27,3326.389
2050-04-23 02:00:00,1868.784,1172.792,89.17,3130.745
2050-04-23 03:00:00,1843.281,1043.626,215.44,3102.347
2050-04-23 04:00:00,1865.26,916.354,344.16,3125.774
2050-04-23 05:00:00,1949.351,797.961,473.46,3220.771
2050-04-23 06:00:00,2081.317,724.083,592.5,3397.9
2050-04-23 07:00:00,2179.471,751.665,587.5,3518.636
2050-04-23 08:00:00,2241.921,854.465,419.5,3515.886
2050-04-23 09:00:00,2287.547,1033.235,213.47,3534.252
2050-04-23 10:00:00,2300.817,1081.503,64.36,3446.68
2050-04-23 11:00:00,2301.654,1126.513,14.56,3442.727
2050-04-23 12:00:00,2305.033,1168.952,30.36,3504.345
2050-04-23 13:00:00,2305.305,1185.411,43.14,3533.857
2050-04-23 14:00:00,2333.61,1181.938,123.76,3639.308
2050-04-23 15:00:00,2380.749,1191.031,279.83,3851.61
2050-04-23 16:00:00,2485.328,1274.445,504.85,4264.624
2050-04-23 17:00:00,2607.94,1399.645,540.48,4548.065
2050-04-23 18:00:00,2687.497,1666.668,556.82,4910.986
2050-04-23 19:00:00,2764.639,1757.632,355.08,4877.35
2050-04-23 20:00:00,2829.567,1808.171,99.6,4737.338
2050-04-23 21:00:00,2625.419,1889.261,26.81,4541.491
2050-04-23 22:00:00,2430.564,1799.401,11.72,4241.685
2050-04-23 23:00:00,2213.944,1675.431,5.57,3894.945
2050-04-24 00:00:00,2028.918,1475.825,21.1,3525.843
2050-04-24 01:00:00,1927.625,1389.494,94.75,3411.869
2050-04-24 02:00:00,1868.784,1172.792,201.61,3243.185
2050-04-24 03:00:00,1843.281,1043.626,309.38,3196.287
2050-04-24 04:00:00,1865.26,916.354,421.45,3203.064
2050-04-24 05:00:00,1949.351,797.961,530.17,3277.481
2050-04-24 06:00:00,2080.202,724.083,633.28,3437.565
2050-04-24 07:00:00,2179.471,751.665,606.89,3538.026
2050-04-24 08:00:00,2241.921,854.465,401.0,3497.386
2050-04-24 09:00:00,2287.547,1033.235,176.17,3496.952
2050-04-24 10:00:00,2300.817,1081.503,28.87,3411.19
2050-04-24 11:00:00,2301.654,1126.513,16.45,3444.617
2050-04-24 12:00:00,2305.033,1168.952,40.75,3514.735
2050-04-24 13:00:00,2305.305,1185.411,102.06,3592.777
2050-04-24 14:00:00,2333.61,1181.938,328.38,3843.928
2050-04-24 15:00:00,2380.749,1191.031,584.06,4155.84
2050-04-24 16:00:00,2485.328,1274.445,637.76,4397.534
2050-04-24 17:00:00,2607.94,1399.645,671.88,4679.465
2050-04-24 18:00:00,2687.497,1666.668,607.0,4961.166
2050-04-24 19:00:00,2762.446,1757.632,377.64,4897.717
2050-04-24 20:00:00,2829.567,1808.171,131.71,4769.448
2050-04-24 21:00:00,2625.419,1889.261,43.96,4558.641
2050-04-24 22:00:00,2430.564,1799.401,20.42,4250.385
2050-04-24 23:00:00,2213.944,1675.431,12.27,3901.645
2050-04-25 00:00:00,2028.918,1475.825,7.89,3512.633
2050-04-25 01:00:00,1927.625,1389.494,6.54,3323.659
2050-04-25 02:00:00,1868.784,1172.792,9.91,3051.485
2050-04-25 03:00:00,1843.281,1043.626,18.23,2905.137
2050-04-25 04:00:00,1865.26,916.354,30.2,2811.814
2050-04-25 05:00:00,1949.351,797.961,47.14,2794.451
2050-04-25 06:00:00,2079.294,724.083,73.61,2876.987
2050-04-25 07:00:00,2179.471,751.665,99.79,3030.926
2050-04-25 08:00:00,2241.921,854.465,84.11,3180.496
2050-04-25 09:00:00,2287.547,1033.235,45.61,3366.392
2050-04-25 10:00:00,2300.817,1081.503,39.58,3421.9
2050-04-25 11:00:00,2301.654,1126.513,42.45,3470.617
2050-04-25 12:00:00,2305.033,1168.952,46.84,3520.825
2050-04-25 13:00:00,2305.305,1185.411,59.06,3549.777
2050-04-25 14:00:00,2333.61,1181.938,64.95,3580.498
2050-04-25 15:00:00,2380.749,1191.031,71.39,3643.17
2050-04-25 16:00:00,2485.328,1274.445,82.26,3842.034
2050-04-25 17:00:00,2607.94,1399.645,100.28,4107.865
2050-04-25 18:00:00,2687.497,1666.668,104.93,4459.096
2050-04-25 19:00:00,2760.021,1757.632,169.25,4686.903
2050-04-25 20:00:00,2829.567,1808.171,217.64,4855.378
2050-04-25 21:00:00,2625.419,1889.261,233.42,4748.101
2050-04-25 22:00:00,2430.564,1799.401,248.57,4478.535
2050-04-25 23:00:00,2213.944,1675.431,252.28,4141.655
2050-04-26 00:00:00,2028.918,1475.825,260.89,3765.633
2050-04-26 01:00:00,1927.625,1389.494,268.32,3585.439
2050-04-26 02:00:00,1868.784,1172.792,264.67,3306.245
2050-04-26 03:00:00,1843.281,1043.626,278.87,3165.777
2050-04-26 04:00:00,1865.26,916.354,289.63,3071.244
2050-04-26 05:00:00,1949.351,797.961,296.67,3043.981
2050-04-26 06:00:00,2078.38,724.083,313.69,3116.153
2050-04-26 07:00:00,2179.471,751.665,289.69,3220.826
2050-04-26 08:00:00,2241.921,854.465,208.81,3305.196
2050-04-26 09:00:00,2287.547,1033.235,114.57,3435.352
2050-04-26 10:00:00,2300.817,1081.503,103.91,3486.23
2050-04-26 11:00:00,2301.654,1126.513,84.63,3512.797
2050-04-26 12:00:00,2305.033,1168.952,86.83,3560.815
2050-04-26 13:00:00,2305.305,1185.411,68.86,3559.577
2050-04-26 14:00:00,2333.61,1181.938,47.24,3562.788
2050-04-26 15:00:00,2380.749,1191.031,38.6,3610.38
2050-04-26 16:00:00,2485.328,1274.445,43.56,3803.334
2050-04-26 17:00:00,2607.94,1399.645,52.85,4060.435
2050-04-26 18:00:00,2687.497,1666.668,67.83,4421.996
2050-04-26 19:00:00,2757.742,1757.632,131.63,4647.004
2050-04-26 20:00:00,2829.567,1808.171,223.14,4860.878
2050-04-26 21:00:00,2625.419,1889.261,279.46,4794.141
2050-04-26 22:00:00,2430.564,1799.401,327.61,4557.575
2050-04-26 23:00:00,2213.944,1675.431,382.82,4272.195
2050-04-27 00:00:00,2028.918,1475.825,439.04,3943.783
2050-04-27 01:00:00,1927.625,1389.494,487.91,3805.029
2050-04-27 02:00:00,1868.784,1172.792,534.27,3575.845
2050-04-27 03:00:00,1843.281,1043.626,585.96,3472.867
2050-04-27 04:00:00,1865.26,916.354,619.4,3401.014
2050-04-27 05:00:00,1948.787,797.961,652.84,3399.588
2050-04-27 06:00:00,2077.892,724.083,685.42,3487.394
2050-04-27 07:00:00,2179.471,751.665,684.27,3615.406
2050-04-27 08:00:00,2241.921,854.465,598.19,3694.576
2050-04-27 09:00:00,2287.547,1033.235,391.45,3712.232
2050-04-27 10:00:00,2300.817,1081.503,212.82,3595.14
2050-04-27 11:00:00,2301.654,1126.513,74.33,3502.497
2050-04-27 12:00:00,2305.033,1168.952,28.77,3502.755
2050-04-27 13:00:00,2305.305,1185.411,36.61,3527.327
2050-04-27 14:00:00,2333.61,1181.938,48.81,3564.358
2050-04-27 15:00:00,2380.749,1191.031,108.37,3680.15
2050-04-27 16:00:00,2485.328,1274.445,171.17,3930.944
2050-04-27 17:00:00,2607.94,1399.645,242.9,4250.485
2050-04-27 18:00:00,2687.497,1666.668,224.05,4578.216
2050-04-27 19:00:00,2755.592,1757.632,60.94,4574.164
2050-04-27 20:00:00,2829.567,1808.171,9.06,4646.798
2050-04-27 21:00:00,2625.419,1889.261,8.87,4523.551
2050-04-27 22:00:00,2430.564,1799.401,120.19,4350.155
2050-04-27 23:00:00,2213.944,1675.431,306.38,4195.755
2050-04-28 00:00:00,2028.918,1475.825,491.06,3995.803
2050-04-28 01:00:00,1927.625,1389.494,645.95,3963.069
2050-04-28 02:00:00,1868.784,1172.792,782.5,3824.075
2050-04-28 03:00:00,1843.281,1043.626,902.6,3789.507
2050-04-28 04:00:00,1865.26,916.354,1013.79,3795.404
2050-04-28 05:00:00,1948.2,797.961,1103.54,3849.701
2050-04-28 06:00:00,2077.673,724.083,1182.75,3984.506
2050-04-28 07:00:00,2179.471,751.665,1124.0,4055.136
2050-04-28 08:00:00,2241.921,854.465,937.18,4033.566
2050-04-28 09:00:00,2287.547,1033.235,653.28,3974.062
2050-04-28 10:00:00,2300.817,1081.503,442.3,3824.62
2050-04-28 11:00:00,2301.654,1126.513,272.28,3700.447
2050-04-28 12:00:00,2305.033,1168.952,143.19,3617.175
2050-04-28 13:00:00,2305.305,1185.411,93.44,3584.157
2050-04-28 14:00:00,2333.61,1181.938,69.71,3585.258
2050-04-28 15:00:00,2380.749,1191.031,55.03,3626.81
2050-04-28 16:00:00,2485.328,1274.445,49.95,3809.724
2050-04-28 17:00:00,2607.94,1399.645,43.98,4051.565
2050-04-28 18:00:00,2687.497,1666.668,42.71,4396.876
2050-04-28 19:00:00,2753.366,1757.632,57.82,4568.817
2050-04-28 20:00:00,2829.567,1808.171,152.71,4790.448
2050-04-28 21:00:00,2625.419,1889.261,247.54,4762.221
2050-04-28 22:00:00,2430.564,1799.401,346.7,4576.665
2050-04-28 23:00:00,2213.944,1675.431,440.39,4329.765
2050-04-29 00:00:00,2028.918,1475.825,528.05,4032.793
2050-04-29 01:00:00,1927.625,1389.494,619.19,3936.309
2050-04-29 02:00:00,1868.784,1172.792,708.32,3749.895
2050-04-29 03:00:00,1843.281,1043.626,792.39,3679.297
2050-04-29 04:00:00,1865.26,916.354,870.56,3652.174
2050-04-29 05:00:00,1947.459,797.961,943.63,3689.05
2050-04-29 06:00:00,2077.388,724.083,1013.18,3814.651
2050-04-29 07:00:00,2179.471,751.665,936.57,3867.706
2050-04-29 08:00:00,2241.921,854.465,713.76,3810.146
2050-04-29 09:00:00,2287.547,1033.235,403.86,3724.642
2050-04-29 10:00:00,2300.817,1081.503,197.61,3579.93
2050-04-29 11:00:00,2301.654,1126.513,38.5,3466.667
2050-04-29 12:00:00,2305.033,1168.952,11.19,3485.175
2050-04-29 13:00:00,2305.305,1185.411,32.34,3523.057
2050-04-29 14:00:00,2333.61,1181.938,56.66,3572.208
2050-04-29 15:00:00,2380.749,1191.031,234.67,3806.45
2050-04-29 16:00:00,2485.328,1274.445,403.81,4163.584
2050-04-29 17:00:00,2607.94,1399.645,488.59,4496.175
2050-04-29 18:00:00,2687.497,1666.668,508.99,4863.156
2050-04-29 19:00:00,2751.471,1757.632,342.66,4851.762
2050-04-29 20:00:00,2827.931,1808.171,121.97,4758.072
2050-04-29 21:00:00,2625.419,1889.261,36.82,4551.501
2050-04-29 22:00:00,2430.564,1799.401,12.91,4242.875
2050-04-29 23:00:00,2213.944,1675.431,5.46,3894.835
2050-04-30 00:00:00,2028.918,1475.825,10.32,3515.063
2050-04-30 01:00:00,1927.625,1389.494,50.36,3367.479
2050-04-30 02:00:00,1868.784,1172.792,128.37,3169.945
2050-04-30 03:00:00,1843.281,1043.626,224.72,3111.627
2050-04-30 04:00:00,1865.26,916.354,301.61,3083.224
2050-04-30 05:00:00,1946.809,797.961,391.7,3136.47
2050-04-30 06:00:00,2077.247,724.083,483.49,3284.819
2050-04-30 07:00:00,2179.471,751.665,430.35,3361.486
2050-04-30 08:00:00,2241.921,854.465,244.07,3340.456
2050-04-30 09:00:00,2287.547,1033.235,53.47,3374.252
2050-04-30 10:00:00,2300.817,1081.503,14.95,3397.27
2050-04-30 11:00:00,2301.654,1126.513,41.43,3469.597
2050-04-30 12:00:00,2305.033,1168.952,162.85,3636.835
2050-04-30 13:00:00,2305.305,1185.411,389.57,3880.287
2050-04-30 14:00:00,2333.61,1181.938,578.62,4094.168
2050-04-30 15:00:00,2380.749,1191.031,825.87,4397.65
2050-04-30 16:00:00,2485.328,1274.445,1027.51,4787.284
2050-04-30 17:00:00,2607.94,1399.645,1152.25,5159.835
2050-04-30 18:00:00,2687.497,1666.668,1181.51,5535.676
2050-04-30 19:00:00,2749.569,1757.632,970.38,5477.58
2050-04-30 20:00:00,2827.473,1808.171,685.33,5320.974
2050-04-30 21:00:00,2625.419,1889.261,513.53,5028.211
2050-04-30 22:00:00,2430.564,1799.401,379.84,4609.805
2050-04-30 23:00:00,2213.944,1675.431,272.35,4161.725
2050-05-01 00:00:00,2028.918,1468.336,177.15,3674.404
2050-05-01 01:00:00,1927.625,1382.443,104.62,3414.688
2050-05-01 02:00:00,1868.784,1166.841,58.54,3094.164
2050-05-01 03:00:00,1843.281,1038.33,29.9,2911.511
2050-05-01 04:00:00,1865.26,911.704,14.59,2791.555
2050-05-01 05:00:00,1946.172,793.912,9.06,2749.143
2050-05-01 06:00:00,2077.046,720.409,6.57,2804.024
2050-05-01 07:00:00,2179.471,747.851,7.43,2934.752
2050-05-01 08:00:00,2241.921,850.129,29.91,3121.96
2050-05-01 09:00:00,2287.547,1027.992,191.0,3506.539
2050-05-01 10:00:00,2300.817,1076.015,502.32,3879.152
2050-05-01 11:00:00,2301.654,1120.797,840.31,4262.761
2050-05-01 12:00:00,2305.033,1163.02,1117.8,4585.853
2050-05-01 13:00:00,2305.305,1179.396,1285.05,4769.752
2050-05-01 14:00:00,2333.61,1175.94,1430.17,4939.72
2050-05-01 15:00:00,2380.749,1184.987,1555.95,5121.686
2050-05-01 16:00:00,2485.328,1267.979,1629.64,5382.947
2050-05-01 17:00:00,2607.94,1392.543,1626.1,5626.583
2050-05-01 18:00:00,2687.497,1658.211,1565.2,5910.908
2050-05-01 19:00:00,2747.564,1748.713,1334.58,5830.857
2050-05-01 20:00:00,2826.935,1798.996,1036.81,5662.741
2050-05-01 21:00:00,2625.419,1879.675,871.28,5376.374
2050-05-01 22:00:00,2430.564,1790.27,743.62,4964.454
2050-05-01 23:00:00,2213.944,1666.929,635.86,4516.734
2050-05-02 00:00:00,2028.918,1468.336,552.46,4049.714
2050-05-02 01:00:00,1927.625,1382.443,488.57,3798.638
2050-05-02 02:00:00,1868.784,1166.841,432.07,3467.694
2050-05-02 03:00:00,1843.281,1038.33,374.36,3255.971
2050-05-02 04:00:00,1865.26,911.704,331.06,3108.025
2050-05-02 05:00:00,1945.408,793.912,289.35,3028.67
2050-05-02 06:00:00,2076.875,720.409,251.33,3048.614
2050-05-02 07:00:00,2179.471,747.851,344.07,3271.392
2050-05-02 08:00:00,2241.921,850.129,588.39,3680.44
2050-05-02 09:00:00,2287.547,1027.992,907.02,4222.559
2050-05-02 10:00:00,2300.817,1076.015,1146.72,4523.552
2050-05-02 11:00:00,2301.654,1120.797,1388.16,4810.611
2050-05-02 12:00:00,2305.033,1163.02,1569.5,5037.553
2050-05-02 13:00:00,2305.305,1179.396,1719.75,5204.452
2050-05-02 14:00:00,2333.61,1175.94,1851.1,5360.65
2050-05-02 15:00:00,2380.749,1184.987,1946.05,5511.786
2050-05-02 16:00:00,2485.328,1267.979,1954.49,5707.797
2050-05-02 17:00:00,2607.94,1392.543,1743.65,5744.133
2050-05-02 18:00:00,2687.497,1658.211,1624.49,5970.198
2050-05-02 19:00:00,2745.667,1748.713,1365.14,5859.52
2050-05-02 20:00:00,2826.213,1798.996,1130.24,5755.449
2050-05-02 21:00:00,2625.419,1879.675,977.3,5482.394
2050-05-02 22:00:00,2430.564,1790.27,851.3,5072.134
2050-05-02 23:00:00,2213.944,1666.929,752.53,4633.404
2050-05-03 00:00:00,2028.918,1468.336,667.64,4164.894
2050-05-03 01:00:00,1927.625,1382.443,600.42,3910.488
2050-05-03 02:00:00,1868.784,1166.841,550.58,3586.204
2050-05-03 03:00:00,1843.281,1038.33,503.18,3384.791
2050-05-03 04:00:00,1865.26,911.704,462.33,3239.295
2050-05-03 05:00:00,1944.65,793.912,435.49,3174.052
2050-05-03 06:00:00,2076.822,720.409,401.01,3198.24
2050-05-03 07:00:00,2179.471,747.851,447.25,3374.572
2050-05-03 08:00:00,2241.921,850.129,566.96,3659.01
2050-05-03 09:00:00,2287.547,1027.992,705.75,4021.289
2050-05-03 10:00:00,2300.817,1076.015,744.74,4121.572
2050-05-03 11:00:00,2301.654,1120.797,800.73,4223.181
2050-05-03 12:00:00,2305.033,1163.02,983.37,4451.423
2050-05-03 13:00:00,2305.305,1179.396,1106.05,4590.752
2050-05-03 14:00:00,2333.61,1175.94,1209.92,4719.47
2050-05-03 15:00:00,2380.749,1184.987,1215.7,4781.436
2050-05-03 16:00:00,2485.328,1267.979,1406.29,5159.597
2050-05-03 17:00:00,2607.94,1392.543,1374.45,5374.933
2050-05-03 18:00:00,2687.497,1658.211,1353.92,5699.628
2050-05-03 19:00:00,2743.86,1748.713,1152.4,5644.973
2050-05-03 20:00:00,2825.667,1798.996,953.03,5577.692
2050-05-03 21:00:00,2625.419,1879.675,797.28,5302.374
2050-05-03 22:00:00,2430.564,1790.27,656.32,4877.154
2050-05-03 23:00:00,2213.944,1666.929,535.53,4416.404
2050-05-04 00:00:00,2028.918,1468.336,382.32,3879.574
2050-05-04 01:00:00,1927.625,1382.443,285.14,3595.208
2050-05-04 02:00:00,1868.784,1166.841,194.07,3229.694
2050-05-04 03:00:00,1843.281,1038.33,117.74,2999.351
2050-05-04 04:00:00,1865.26,911.704,61.63,2838.595
2050-05-04 05:00:00,1943.913,793.912,44.26,2782.085
2050-05-04 06:00:00,2076.768,720.409,23.77,2820.947
2050-05-04 07:00:00,2179.471,747.851,36.5,2963.822
2050-05-04 08:00:00,2241.921,850.129,171.04,3263.09
2050-05-04 09:00:00,2287.547,1027.992,520.85,3836.389
2050-05-04 10:00:00,2300.817,1076.015,831.34,4208.172
2050-05-04 11:00:00,2301.654,1120.797,1128.93,4551.381
2050-05-04 12:00:00,2305.033,1163.02,1344.3,4812.353
2050-05-04 13:00:00,2305.305,1179.396,1475.55,4960.252
2050-05-04 14:00:00,2333.61,1175.94,1603.56,5113.11
2050-05-04 15:00:00,2380.749,1184.987,1700.48,5266.216
2050-05-04 16:00:00,2485.328,1267.979,1736.12,5489.427
2050-05-04 17:00:00,2607.94,1392.543,1532.31,5532.793
2050-05-04 18:00:00,2687.497,1658.211,1438.24,5783.948
2050-05-04 19:00:00,2741.961,1748.713,1203.04,5693.714
2050-05-04 20:00:00,2825.006,1798.996,930.37,5554.372
2050-05-04 21:00:00,2625.419,1879.675,720.12,5225.214
2050-05-04 22:00:00,2430.564,1790.27,527.89,4748.724
2050-05-04 23:00:00,2213.944,1666.929,333.11,4213.984
2050-05-05 00:00:00,2028.918,1468.336,175.23,3672.484
2050-05-05 01:00:00,1927.625,1382.443,76.11,3386.178
2050-05-05 02:00:00,1868.784,1166.841,29.59,3065.214
2050-05-05 03:00:00,1843.281,1038.33,12.54,2894.151
2050-05-05 04:00:00,1865.26,911.704,6.97,2783.935
2050-05-05 05:00:00,1943.241,793.912,6.14,2743.292
2050-05-05 06:00:00,2076.716,720.409,19.87,2816.994
2050-05-05 07:00:00,2179.471,747.851,12.43,2939.752
2050-05-05 08:00:00,2241.921,850.129,12.2,3104.25
2050-05-05 09:00:00,2287.547,1027.992,79.85,3395.389
2050-05-05 10:00:00,2300.817,1076.015,214.17,3591.002
2050-05-05 11:00:00,2301.654,1120.797,510.76,3933.211
2050-05-05 12:00:00,2305.033,1163.02,802.0,4270.053
2050-05-05 13:00:00,2305.305,1179.396,1000.69,4485.392
2050-05-05 14:00:00,2333.61,1175.94,1185.15,4694.7
2050-05-05 15:00:00,2380.749,1184.987,1309.51,4875.246
2050-05-05 16:00:00,2485.328,1267.979,1377.46,5130.767
2050-05-05 17:00:00,2607.94,1392.543,1382.0,5382.483
2050-05-05 18:00:00,2687.497,1658.211,1331.09,5676.798
2050-05-05 19:00:00,2740.307,1748.713,1111.9,5600.92
2050-05-05 20:00:00,2824.377,1798.996,810.76,5434.133
2050-05-05 21:00:00,2625.419,1879.675,620.41,5125.504
2050-05-05 22:00:00,2430.564,1790.27,466.71,4687.544
2050-05-05 23:00:00,2213.944,1666.929,344.32,4225.194
2050-05-06 00:00:00,2028.918,1468.336,238.31,3735.564
2050-05-06 01:00:00,1927.625,1382.443,151.71,3461.778
2050-05-06 02:00:00,1868.784,1166.841,91.59,3127.214
2050-05-06 03:00:00,1843.281,1038.33,60.03,2941.641
2050-05-06 04:00:00,1865.26,911.704,46.57,2823.535
2050-05-06 05:00:00,1942.417,793.912,36.34,2772.669
2050-05-06 06:00:00,2076.69,720.409,32.59,2829.688
2050-05-06 07:00:00,2179.471,747.851,71.89,2999.212
2050-05-06 08:00:00,2241.921,850.129,225.68,3317.73
2050-05-06 09:00:00,2287.547,1027.992,461.53,3777.069
2050-05-06 10:00:00,2300.817,1076.015,589.12,3965.952
2050-05-06 11:00:00,2301.654,1120.797,730.05,4152.501
2050-05-06 12:00:00,2305.033,1163.02,947.94,4415.993
2050-05-06 13:00:00,2305.305,1179.396,1161.39,4646.092
2050-05-06 14:00:00,2333.61,1175.94,1394.13,4903.68
2050-05-06 15:00:00,2380.749,1184.987,1554.86,5120.596
2050-05-06 16:00:00,2485.328,1267.979,1707.67,5460.977
2050-05-06 17:00:00,2607.94,1392.543,1784.52,5785.003
2050-05-06 18:00:00,2687.497,1658.211,1802.18,6147.888
2050-05-06 19:00:00,2738.672,1748.713,1643.83,6131.215
2050-05-06 20:00:00,2823.659,1798.996,1312.36,5935.015
2050-05-06 21:00:00,2625.419,1879.675,1039.48,5544.574
2050-05-06 22:00:00,2430.564,1790.27,753.76,4974.594
2050-05-06 23:00:00,2213.944,1666.929,471.07,4351.944
2050-05-07 00:00:00,2028.918,1468.336,242.43,3739.684
2050-05-07 01:00:00,1927.625,1382.443,76.21,3386.278
2050-05-07 02:00:00,1868.784,1166.841,22.68,3058.304
2050-05-07 03:00:00,1843.281,1038.33,8.52,2890.131
2050-05-07 04:00:00,1865.26,911.704,5.28,2782.245
2050-05-07 05:00:00,1941.661,793.912,9.88,2745.453
2050-05-07 06:00:00,2076.664,720.409,66.62,2863.692
2050-05-07 07:00:00,2179.471,747.851,54.64,2981.962
2050-05-07 08:00:00,2241.921,850.129,19.88,3111.93
2050-05-07 09:00:00,2287.547,1027.992,22.84,3338.379
2050-05-07 10:00:00,2300.817,1076.015,64.11,3440.942
2050-05-07 11:00:00,2301.654,1120.797,127.89,3550.341
2050-05-07 12:00:00,2305.033,1163.02,285.82,3753.873
2050-05-07 13:00:00,2305.305,1179.396,521.84,4006.542
2050-05-07 14:00:00,2333.61,1175.94,694.91,4204.46
2050-05-07 15:00:00,2380.749,1184.987,894.72,4460.456
2050-05-07 16:00:00,2485.328,1267.979,1027.65,4780.957
2050-05-07 17:00:00,2607.94,1392.543,1060.07,5060.553
2050-05-07 18:00:00,2687.497,1658.211,1012.77,5358.478
2050-05-07 19:00:00,2737.185,1748.713,765.52,5251.418
2050-05-07 20:00:00,2822.681,1798.996,468.74,5090.417
2050-05-07 21:00:00,2625.419,1879.675,274.01,4779.104
2050-05-07 22:00:00,2430.564,1790.27,129.49,4350.324
2050-05-07 23:00:00,2213.944,1666.929,56.78,3937.654
2050-05-08 00:00:00,2028.918,1468.336,34.09,3531.344
2050-05-08 01:00:00,1927.625,1382.443,23.22,3333.288
2050-05-08 02:00:00,1868.784,1166.841,17.61,3053.234
2050-05-08 03:00:00,1843.281,1038.33,17.16,2898.771
2050-05-08 04:00:00,1865.26,911.704,15.19,2792.155
2050-05-08 05:00:00,1940.948,793.912,14.71,2749.569
2050-05-08 06:00:00,2076.638,720.409,17.94,2814.986
2050-05-08 07:00:00,2179.471,747.851,22.87,2950.192
2050-05-08 08:00:00,2241.921,850.129,43.75,3135.8
2050-05-08 09:00:00,2287.547,1027.992,157.14,3472.679
2050-05-08 10:00:00,2300.817,1076.015,317.71,3694.542
2050-05-08 11:00:00,2301.654,1120.797,457.78,3880.231
2050-05-08 12:00:00,2305.033,1163.02,578.22,4046.273
2050-05-08 13:00:00,2305.305,1179.396,634.3,4119.002
2050-05-08 14:00:00,2333.61,1175.94,749.5,4259.05
2050-05-08 15:00:00,2380.749,1184.987,983.86,4549.596
2050-05-08 16:00:00,2485.328,1267.979,1166.74,4920.047
2050-05-08 17:00:00,2607.94,1392.543,1267.77,5268.253
2050-05-08 18:00:00,2687.497,1658.211,1245.08,5590.788
2050-05-08 19:00:00,2735.958,1748.713,1067.23,5551.901
2050-05-08 20:00:00,2821.556,1798.996,716.35,5336.902
2050-05-08 21:00:00,2625.419,1879.675,374.1,4879.194
2050-05-08 22:00:00,2430.564,1790.27,78.97,4299.804
2050-05-08 23:00:00,2213.944,1666.929,14.99,3895.864
2050-05-09 00:00:00,2028.918,1468.336,4.85,3502.104
2050-05-09 01:00:00,1927.625,1382.443,19.27,3329.338
2050-05-09 02:00:00,1868.784,1166.841,170.35,3205.974
2050-05-09 03:00:00,1843.281,1038.33,332.37,3213.981
2050-05-09 04:00:00,1865.26,911.704,491.56,3268.525
2050-05-09 05:00:00,1940.211,793.912,648.78,3382.903
2050-05-09 06:00:00,2076.612,720.409,778.29,3575.31
2050-05-09 07:00:00,2179.471,747.851,731.71,3659.032
2050-05-09 08:00:00,2241.921,850.129,597.12,3689.17
2050-05-09 09:00:00,2287.547,1027.992,404.36,3719.899
2050-05-09 10:00:00,2300.817,1076.015,276.55,3653.382
2050-05-09 11:00:00,2301.654,1120.797,158.49,3580.941
2050-05-09 12:00:00,2305.033,1163.02,71.01,3539.063
2050-05-09 13:00:00,2305.305,1179.396,35.66,3520.362
2050-05-09 14:00:00,2333.61,1175.94,23.2,3532.75
2050-05-09 15:00:00,2380.749,1184.987,28.91,3594.646
2050-05-09 16:00:00,2485.328,1267.979,35.41,3788.717
2050-05-09 17:00:00,2607.94,1392.543,39.66,4040.143
2050-05-09 18:00:00,2687.497,1658.211,40.29,4385.998
2050-05-09 19:00:00,2735.197,1748.713,15.07,4498.98
2050-05-09 20:00:00,2819.957,1798.996,33.6,4652.553
2050-05-09 21:00:00,2625.419,1879.675,139.92,4645.014
2050-05-09 22:00:00,2430.564,1790.27,291.77,4512.604
2050-05-09 23:00:00,2213.944,1666.929,426.52,4307.394
2050-05-10 00:00:00,2028.918,1468.336,554.65,4051.904
2050-05-10 01:00:00,1927.625,1382.443,670.52,3980.588
2050-05-10 02:00:00,1868.784,1166.841,772.43,3808.054
2050-05-10 03:00:00,1843.281,1038.33,860.45,3742.061
2050-05-10 04:00:00,1865.26,911.704,952.92,3729.885
2050-05-10 05:00:00,1939.523,793.912,1050.97,3784.404
2050-05-10 06:00:00,2076.612,720.409,1132.86,3929.88
2050-05-10 07:00:00,2179.471,747.851,1027.65,3954.972
2050-05-10 08:00:00,2241.921,850.129,846.71,3938.76
2050-05-10 09:00:00,2287.547,1027.992,595.52,3911.059
2050-05-10 10:00:00,2300.817,1076.015,406.9,3783.732
2050-05-10 11:00:00,2301.654,1120.797,240.26,3662.711
2050-05-10 12:00:00,2305.033,1163.02,104.7,3572.753
2050-05-10 13:00:00,2305.305,1179.396,31.97,3516.672
2050-05-10 14:00:00,2333.61,1175.94,25.81,3535.36
2050-05-10 15:00:00,2380.749,1184.987,39.25,3604.986
2050-05-10 16:00:00,2485.328,1267.979,50.63,3803.937
2050-05-10 17:00:00,2607.94,1392.543,92.13,4092.613
2050-05-10 18:00:00,2687.497,1658.211,120.86,4466.568
2050-05-10 19:00:00,2734.744,1748.713,35.65,4519.107
2050-05-10 20:00:00,2818.069,1798.996,10.98,4628.045
2050-05-10 21:00:00,2625.419,1879.675,3.54,4508.634
2050-05-10 22:00:00,2430.564,1790.27,43.54,4264.374
2050-05-10 23:00:00,2213.944,1666.929,170.45,4051.324
2050-05-11 00:00:00,2028.918,1468.336,318.13,3815.384
2050-05-11 01:00:00,1927.625,1382.443,468.49,3778.558
2050-05-11 02:00:00,1868.784,1166.841,605.62,3641.244
2050-05-11 03:00:00,1843.281,1038.33,726.85,3608.461
2050-05-11 04:00:00,1865.26,911.704,834.4,3611.365
2050-05-11 05:00:00,1938.834,793.912,930.14,3662.886
2050-05-11 06:00:00,2076.612,720.409,1003.82,3800.84
2050-05-11 07:00:00,2179.471,747.851,870.46,3797.782
2050-05-11 08:00:00,2241.921,850.129,653.51,3745.56
2050-05-11 09:00:00,2287.547,1027.992,401.3,3716.839
2050-05-11 10:00:00,2300.817,1076.015,241.14,3617.972
2050-05-11 11:00:00,2301.654,1120.797,103.24,3525.691
2050-05-11 12:00:00,2305.033,1163.02,15.18,3483.233
2050-05-11 13:00:00,2305.305,1179.396,17.65,3502.352
2050-05-11 14:00:00,2333.61,1175.94,34.05,3543.6
2050-05-11 15:00:00,2380.749,1184.987,42.48,3608.216
2050-05-11 16:00:00,2485.328,1267.979,48.38,3801.687
2050-05-11 17:00:00,2607.94,1392.543,52.95,4053.433
2050-05-11 18:00:00,2687.497,1658.211,42.69,4388.398
2050-05-11 19:00:00,2734.551,1748.713,20.98,4504.244
2050-05-11 20:00:00,2815.93,1798.996,5.75,4620.675
2050-05-11 21:00:00,2625.419,1879.675,3.06,4508.154
2050-05-11 22:00:00,2430.564,1790.27,2.95,4223.784
2050-05-11 23:00:00,2213.944,1666.929,19.74,3900.614
2050-05-12 00:00:00,2028.918,1468.336,68.0,3565.254
2050-05-12 01:00:00,1927.625,1382.443,130.61,3440.678
2050-05-12 02:00:00,1868.784,1166.841,198.51,3234.134
2050-05-12 03:00:00,1843.281,1038.33,278.25,3159.861
2050-05-12 04:00:00,1865.26,911.704,359.06,3136.025
2050-05-12 05:00:00,1938.164,793.912,420.27,3152.346
2050-05-12 06:00:00,2076.612,720.409,472.96,3269.98
2050-05-12 07:00:00,2179.471,747.851,481.76,3409.082
2050-05-12 08:00:00,2241.921,850.129,415.86,3507.91
2050-05-12 09:00:00,2287.547,1027.992,324.08,3639.619
2050-05-12 10:00:00,2300.817,1076.015,296.17,3673.002
2050-05-12 11:00:00,2301.654,1120.797,268.04,3690.491
2050-05-12 12:00:00,2305.033,1163.02,217.65,3685.703
2050-05-12 13:00:00,2305.305,1179.396,137.09,3621.792
2050-05-12 14:00:00,2333.61,1175.94,81.49,3591.04
2050-05-12 15:00:00,2380.749,1184.987,64.66,3630.396
2050-05-12 16:00:00,2485.328,1267.979,96.66,3849.967
2050-05-12 17:00:00,2607.94,1392.543,137.65,4138.133
2050-05-12 18:00:00,2687.497,1658.211,144.77,4490.478
2050-05-12 19:00:00,2734.551,1748.713,62.97,4546.234
2050-05-12 20:00:00,2813.684,1798.996,49.36,4662.04
2050-05-12 21:00:00,2625.419,1879.675,60.96,4566.054
2050-05-12 22:00:00,2430.564,1790.27,85.37,4306.204
2050-05-12 23:00:00,2213.944,1666.929,130.25,4011.124
2050-05-13 00:00:00,2028.918,1468.336,193.27,3690.524
2050-05-13 01:00:00,1927.625,1382.443,265.35,3575.418
2050-05-13 02:00:00,1868.784,1166.841,323.46,3359.084
2050-05-13 03:00:00,1843.281,1038.33,371.04,3252.651
2050-05-13 04:00:00,1865.26,911.704,407.98,3184.945
2050-05-13 05:00:00,1937.497,793.912,444.23,3175.638
2050-05-13 06:00:00,2076.612,720.409,506.49,3303.51
2050-05-13 07:00:00,2179.471,747.851,399.32,3326.642
2050-05-13 08:00:00,2241.921,850.129,230.53,3322.58
2050-05-13 09:00:00,2287.547,1027.992,66.61,3382.149
2050-05-13 10:00:00,2300.817,1076.015,12.56,3389.392
2050-05-13 11:00:00,2301.654,1120.797,23.43,3445.881
2050-05-13 12:00:00,2305.033,1163.02,42.37,3510.423
2050-05-13 13:00:00,2305.305,1179.396,144.25,3628.952
2050-05-13 14:00:00,2333.61,1175.94,361.46,3871.01
2050-05-13 15:00:00,2380.749,1184.987,546.2,4111.936
2050-05-13 16:00:00,2485.328,1267.979,664.58,4417.887
2050-05-13 17:00:00,2607.94,1392.543,689.1,4689.583
2050-05-13 18:00:00,2687.497,1658.211,674.69,5020.398
2050-05-13 19:00:00,2734.551,1748.713,496.2,4979.464
2050-05-13 20:00:00,2811.438,1798.996,242.99,4853.424
2050-05-13 21:00:00,2625.419,1879.675,93.9,4598.994
2050-05-13 22:00:00,2430.564,1790.27,31.72,4252.554
2050-05-13 23:00:00,2213.944,1666.929,19.7,3900.574
2050-05-14 00:00:00,2028.918,1468.336,11.74,3508.994
2050-05-14 01:00:00,1927.625,1382.443,7.24,3317.308
2050-05-14 02:00:00,1868.784,1166.841,5.82,3041.444
2050-05-14 03:00:00,1843.281,1038.33,5.46,2887.071
2050-05-14 04:00:00,1865.26,911.704,7.37,2784.335
2050-05-14 05:00:00,1936.86,793.912,12.22,2742.991
2050-05-14 06:00:00,2076.612,720.409,19.4,2816.42
2050-05-14 07:00:00,2179.471,747.851,24.88,2952.202
2050-05-14 08:00:00,2241.921,850.129,17.35,3109.4
2050-05-14 09:00:00,2287.547,1027.992,17.74,3333.279
2050-05-14 10:00:00,2300.817,1076.015,27.89,3404.722
2050-05-14 11:00:00,2301.654,1120.797,59.27,3481.721
2050-05-14 12:00:00,2305.033,1163.02,183.56,3651.613
2050-05-14 13:00:00,2305.305,1179.396,405.48,3890.182
2050-05-14 14:00:00,2333.61,1175.94,667.19,4176.74
2050-05-14 15:00:00,2380.749,1184.987,906.77,4472.506
2050-05-14 16:00:00,2485.328,1267.979,1107.28,4860.587
2050-05-14 17:00:00,2607.94,1392.543,1197.0,5197.483
2050-05-14 18:00:00,2687.497,1658.211,1077.13,5422.838
2050-05-14 19:00:00,2734.551,1748.713,910.23,5393.494
2050-05-14 20:00:00,2809.193,1798.996,748.83,5357.018
2050-05-14 21:00:00,2625.419,1879.675,618.08,5123.174
2050-05-14 22:00:00,2430.564,1790.27,478.57,4699.404
2050-05-14 23:00:00,2213.944,1666.929,369.07,4249.944
2050-05-15 00:00:00,2028.918,1468.336,280.51,3777.764
2050-05-15 01:00:00,1927.625,1382.443,179.72,3489.788
2050-05-15 02:00:00,1868.784,1166.841,120.91,3156.534
2050-05-15 03:00:00,1843.281,1038.33,77.72,2959.331
2050-05-15 04:00:00,1865.26,911.704,31.17,2808.135
2050-05-15 05:00:00,1936.226,793.912,15.57,2745.708
2050-05-15 06:00:00,2076.612,720.409,9.21,2806.23
2050-05-15 07:00:00,2179.471,747.851,11.89,2939.212
2050-05-15 08:00:00,2241.921,850.129,42.8,3134.85
2050-05-15 09:00:00,2287.547,1027.992,164.16,3479.699
2050-05-15 10:00:00,2300.817,1076.015,319.33,3696.162
2050-05-15 11:00:00,2301.654,1120.797,523.35,3945.801
2050-05-15 12:00:00,2305.033,1163.02,700.22,4168.273
2050-05-15 13:00:00,2305.305,1179.396,841.12,4325.822
2050-05-15 14:00:00,2333.61,1175.94,1006.81,4516.36
2050-05-15 15:00:00,2380.749,1184.987,1170.84,4736.576
2050-05-15 16:00:00,2485.328,1267.979,1301.12,5054.427
2050-05-15 17:00:00,2607.94,1392.543,1376.09,5376.573
2050-05-15 18:00:00,2687.497,1658.211,1399.48,5745.188
2050-05-15 19:00:00,2734.551,1748.713,1239.04,5722.304
2050-05-15 20:00:00,2806.694,1798.996,947.24,5552.93
2050-05-15 21:00:00,2625.419,1879.675,700.55,5205.644
2050-05-15 22:00:00,2430.564,1790.27,481.36,4702.194
2050-05-15 23:00:00,2213.944,1666.929,288.61,4169.484
2050-05-16 00:00:00,2028.918,1468.336,124.29,3621.544
2050-05-16 01:00:00,1927.625,1382.443,42.7,3352.768
2050-05-16 02:00:00,1868.784,1166.841,18.37,3053.994
2050-05-16 03:00:00,1843.281,1038.33,9.98,2891.591
2050-05-16 04:00:00,1865.26,911.704,6.87,2783.835
2050-05-16 05:00:00,1935.593,793.912,5.03,2734.535
2050-05-16 06:00:00,2076.612,720.409,9.3,2806.32
2050-05-16 07:00:00,2179.471,747.851,5.76,2933.082
2050-05-16 08:00:00,2241.921,850.129,12.77,3104.82
2050-05-16 09:00:00,2287.547,1027.992,68.87,3384.409
2050-05-16 10:00:00,2300.817,1076.015,164.24,3541.072
2050-05-16 11:00:00,2301.654,1120.797,382.69,3805.141
2050-05-16 12:00:00,2305.033,1163.02,590.43,4058.483
2050-05-16 13:00:00,2305.305,1179.396,732.26,4216.962
2050-05-16 14:00:00,2333.61,1175.94,913.78,4423.33
2050-05-16 15:00:00,2380.749,1184.987,1084.85,4650.586
2050-05-16 16:00:00,2485.328,1267.979,1231.18,4984.487
2050-05-16 17:00:00,2607.94,1392.543,1321.06,5321.543
2050-05-16 18:00:00,2687.497,1658.211,1358.27,5703.978
2050-05-16 19:00:00,2734.551,1748.713,1220.4,5703.664
2050-05-16 20:00:00,2804.532,1798.996,946.45,5549.978
2050-05-16 21:00:00,2625.419,1879.675,719.77,5224.864
2050-05-16 22:00:00,2430.564,1790.27,521.94,4742.774
2050-05-16 23:00:00,2213.944,1666.929,352.61,4233.484
2050-05-17 00:00:00,2028.918,1468.336,176.97,3674.224
2050-05-17 01:00:00,1927.625,1382.443,53.47,3363.538
2050-05-17 02:00:00,1868.784,1166.841,20.61,3056.234
2050-05-17 03:00:00,1843.281,1038.33,9.85,2891.461
2050-05-17 04:00:00,1865.26,911.704,6.55,2783.515
2050-05-17 05:00:00,1934.987,793.912,8.48,2737.378
2050-05-17 06:00:00,2076.612,720.409,28.15,2825.17
2050-05-17 07:00:00,2179.471,747.851,20.12,2947.442
2050-05-17 08:00:00,2241.921,850.129,9.87,3101.92
2050-05-17 09:00:00,2287.547,1027.992,40.45,3355.989
2050-05-17 10:00:00,2300.817,1076.015,97.86,3474.692
2050-05-17 11:00:00,2301.654,1120.797,189.95,3612.401
2050-05-17 12:00:00,2305.033,1163.02,450.94,3918.993
2050-05-17 13:00:00,2305.305,1179.396,582.52,4067.222
2050-05-17 14:00:00,2333.61,1175.94,757.87,4267.42
2050-05-17 15:00:00,2380.749,1184.987,886.74,4452.476
2050-05-17 16:00:00,2485.328,1267.979,905.49,4658.797
2050-05-17 17:00:00,2607.94,1392.543,899.54,4900.023
2050-05-17 18:00:00,2687.497,1658.211,854.01,5199.718
2050-05-17 19:00:00,2734.551,1748.713,635.92,5119.184
2050-05-17 20:00:00,2802.379,1798.996,437.49,5038.865
2050-05-17 21:00:00,2625.419,1879.675,284.82,4789.914
2050-05-17 22:00:00,2430.564,1790.27,151.99,4372.824
2050-05-17 23:00:00,2213.944,1666.929,65.62,3946.494
2050-05-18 00:00:00,2028.918,1468.336,34.39,3531.644
2050-05-18 01:00:00,1927.625,1382.443,22.14,3332.208
2050-05-18 02:00:00,1868.784,1166.841,15.67,3051.294
2050-05-18 03:00:00,1843.281,1038.33,11.13,2892.741
2050-05-18 04:00:00,1865.26,911.704,8.2,2785.165
2050-05-18 05:00:00,1934.376,793.912,6.87,2735.158
2050-05-18 06:00:00,2076.612,720.409,6.01,2803.03
2050-05-18 07:00:00,2179.471,747.851,6.03,2933.352
2050-05-18 08:00:00,2241.921,850.129,10.12,3102.17
2050-05-18 09:00:00,2287.547,1027.992,27.68,3343.219
2050-05-18 10:00:00,2300.817,1076.015,35.59,3412.422
2050-05-18 11:00:00,2301.654,1120.797,38.75,3461.201
2050-05-18 12:00:00,2305.033,1163.02,40.4,3508.453
2050-05-18 13:00:00,2305.305,1179.396,39.95,3524.652
2050-05-18 14:00:00,2333.61,1175.94,38.35,3547.9
2050-05-18 15:00:00,2380.749,1184.987,40.56,3606.296
2050-05-18 16:00:00,2485.328,1267.979,43.96,3797.267
2050-05-18 17:00:00,2607.94,1392.543,39.33,4039.813
2050-05-18 18:00:00,2687.497,1658.211,34.24,4379.948
2050-05-18 19:00:00,2734.551,1748.713,10.95,4494.214
2050-05-18 20:00:00,2800.237,1798.996,3.33,4602.562
2050-05-18 21:00:00,2625.419,1879.675,2.82,4507.914
2050-05-18 22:00:00,2430.564,1790.27,4.57,4225.404
2050-05-18 23:00:00,2213.944,1666.929,14.4,3895.274
2050-05-19 00:00:00,2028.918,1468.336,36.64,3533.894
2050-05-19 01:00:00,1927.625,1382.443,69.61,3379.678
2050-05-19 02:00:00,1868.784,1166.841,106.34,3141.964
2050-05-19 03:00:00,1843.281,1038.33,138.22,3019.831
2050-05-19 04:00:00,1865.26,911.704,171.31,2948.275
2050-05-19 05:00:00,1933.768,793.912,205.24,2932.92
2050-05-19 06:00:00,2076.612,720.409,232.11,3029.13
2050-05-19 07:00:00,2179.471,747.851,230.89,3158.212
2050-05-19 08:00:00,2241.921,850.129,187.78,3279.83
2050-05-19 09:00:00,2287.547,1027.992,110.08,3425.619
2050-05-19 10:00:00,2300.817,1076.015,64.74,3441.572
2050-05-19 11:00:00,2301.654,1120.797,38.08,3460.531
2050-05-19 12:00:00,2305.033,1163.02,25.56,3493.613
2050-05-19 13:00:00,2305.305,1179.396,30.47,3515.172
2050-05-19 14:00:00,2333.61,1175.94,44.59,3554.14
2050-05-19 15:00:00,2380.749,1184.987,90.05,3655.786
2050-05-19 16:00:00,2485.328,1267.979,166.53,3919.837
2050-05-19 17:00:00,2607.94,1392.543,236.36,4236.843
2050-05-19 18:00:00,2687.497,1658.211,280.71,4626.418
2050-05-19 19:00:00,2734.551,1748.713,211.69,4694.954
2050-05-19 20:00:00,2797.991,1798.996,91.79,4688.777
2050-05-19 21:00:00,2625.419,1879.675,33.73,4538.824
2050-05-19 22:00:00,2430.564,1790.27,19.69,4240.524
2050-05-19 23:00:00,2213.944,1666.929,16.23,3897.104
2050-05-20 00:00:00,2028.918,1468.336,23.06,3520.314
2050-05-20 01:00:00,1927.625,1382.443,43.87,3353.938
2050-05-20 02:00:00,1868.784,1166.841,76.45,3112.074
2050-05-20 03:00:00,1843.281,1038.33,122.78,3004.391
2050-05-20 04:00:00,1865.26,911.704,178.5,2955.465
2050-05-20 05:00:00,1933.176,793.912,230.84,2957.928
2050-05-20 06:00:00,2076.612,720.409,256.38,3053.4
2050-05-20 07:00:00,2179.471,747.851,149.31,3076.632
2050-05-20 08:00:00,2241.921,850.129,18.55,3110.6
2050-05-20 09:00:00,2287.547,1027.992,21.64,3337.179
2050-05-20 10:00:00,2300.817,1076.015,70.56,3447.392
2050-05-20 11:00:00,2301.654,1120.797,277.98,3700.431
2050-05-20 12:00:00,2305.033,1163.02,578.23,4046.283
2050-05-20 13:00:00,2305.305,1179.396,822.02,4306.722
2050-05-20 14:00:00,2333.61,1175.94,1055.07,4564.62
2050-05-20 15:00:00,2380.749,1184.987,1231.36,4797.096
2050-05-20 16:00:00,2485.328,1267.979,1344.31,5097.617
2050-05-20 17:00:00,2607.94,1392.543,1384.84,5385.323
2050-05-20 18:00:00,2687.497,1658.211,1373.81,5719.518
2050-05-20 19:00:00,2734.551,1748.713,1195.41,5678.674
2050-05-20 20:00:00,2795.91,1798.996,913.62,5508.526
2050-05-20 21:00:00,2625.419,1879.675,685.66,5190.754
2050-05-20 22:00:00,2430.564,1790.27,504.9,4725.734
2050-05-20 23:00:00,2213.944,1666.929,341.44,4222.314
2050-05-21 00:00:00,2028.918,1468.336,212.23,3709.484
2050-05-21 01:00:00,1927.625,1382.443,121.22,3431.288
2050-05-21 02:00:00,1868.784,1166.841,64.36,3099.984
2050-05-21 03:00:00,1843.281,1038.33,36.41,2918.021
2050-05-21 04:00:00,1865.26,911.704,21.47,2798.435
2050-05-21 05:00:00,1932.712,793.912,13.06,2739.683
2050-05-21 06:00:00,2076.612,720.409,9.71,2806.73
2050-05-21 07:00:00,2179.471,747.851,22.33,2949.652
2050-05-21 08:00:00,2241.921,850.129,129.82,3221.87
2050-05-21 09:00:00,2287.547,1027.992,436.64,3752.179
2050-05-21 10:00:00,2300.817,1076.015,705.37,4082.202
2050-05-21 11:00:00,2301.654,1120.797,926.65,4349.101
2050-05-21 12:00:00,2305.033,1163.02,1087.73,4555.783
2050-05-21 13:00:00,2305.305,1179.396,1158.06,4642.762
2050-05-21 14:00:00,2333.61,1175.94,1248.3,4757.85
2050-05-21 15:00:00,2380.749,1184.987,1287.37,4853.106
2050-05-21 16:00:00,2485.328,1267.979,1335.02,5088.327
2050-05-21 17:00:00,2607.94,1392.543,1294.88,5295.363
2050-05-21 18:00:00,2687.497,1658.211,1238.08,5583.788
2050-05-21 19:00:00,2734.551,1748.713,1001.47,5484.734
2050-05-21 20:00:00,2794.037,1798.996,769.37,5362.403
2050-05-21 21:00:00,2625.419,1879.675,572.92,5078.014
2050-05-21 22:00:00,2430.564,1790.27,422.83,4643.664
2050-05-21 23:00:00,2213.944,1666.929,295.53,4176.404
2050-05-22 00:00:00,2028.918,1468.336,186.64,3683.894
2050-05-22 01:00:00,1927.625,1382.443,108.89,3418.958
2050-05-22 02:00:00,1868.784,1166.841,64.44,3100.064
2050-05-22 03:00:00,1843.281,1038.33,40.01,2921.621
2050-05-22 04:00:00,1865.26,911.704,26.79,2803.755
2050-05-22 05:00:00,1932.228,793.912,18.15,2744.289
2050-05-22 06:00:00,2076.612,720.409,14.63,2811.65
2050-05-22 07:00:00,2179.471,747.851,29.39,2956.712
2050-05-22 08:00:00,2241.921,850.129,80.61,3172.66
2050-05-22 09:00:00,2287.547,1027.992,211.28,3526.819
2050-05-22 10:00:00,2300.817,1076.015,301.48,3678.312
2050-05-22 11:00:00,2301.654,1120.797,422.7,3845.151
2050-05-22 12:00:00,2305.033,1163.02,543.74,4011.793
2050-05-22 13:00:00,2305.305,1179.396,638.45,4123.152
2050-05-22 14:00:00,2333.61,1175.94,728.89,4238.44
2050-05-22 15:00:00,2380.749,1184.987,790.31,4356.046
2050-05-22 16:00:00,2485.328,1267.979,824.71,4578.017
2050-05-22 17:00:00,2607.94,1392.543,824.86,4825.343
2050-05-22 18:00:00,2687.497,1658.211,779.0,5124.708
2050-05-22 19:00:00,2734.551,1748.713,601.24,5084.504
2050-05-22 20:00:00,2791.885,1798.996,427.24,5018.121
2050-05-22 21:00:00,2625.419,1879.675,298.83,4803.924
2050-05-22 22:00:00,2430.564,1790.27,191.0,4411.834
2050-05-22 23:00:00,2213.944,1666.929,107.76,3988.634
2050-05-23 00:00:00,2028.918,1468.336,60.07,3557.324
2050-05-23 01:00:00,1927.625,1382.443,40.54,3350.608
2050-05-23 02:00:00,1868.784,1166.841,26.65,3062.274
2050-05-23 03:00:00,1843.281,1038.33,22.02,2903.631
2050-05-23 04:00:00,1865.26,911.704,20.66,2797.625
2050-05-23 05:00:00,1931.769,793.912,20.78,2746.461
2050-05-23 06:00:00,2076.612,720.409,19.59,2816.61
2050-05-23 07:00:00,2179.471,747.851,40.36,2967.682
2050-05-23 08:00:00,2241.921,850.129,113.61,3205.66
2050-05-23 09:00:00,2287.547,1027.992,265.11,3580.649
2050-05-23 10:00:00,2300.817,1076.015,321.95,3698.782
2050-05-23 11:00:00,2301.654,1120.797,460.65,3883.101
2050-05-23 12:00:00,2305.033,1163.02,589.54,4057.593
2050-05-23 13:00:00,2305.305,1179.396,674.42,4159.122
2050-05-23 14:00:00,2333.61,1175.94,782.35,4291.9
2050-05-23 15:00:00,2380.749,1184.987,791.5,4357.236
2050-05-23 16:00:00,2485.328,1267.979,735.15,4488.457
2050-05-23 17:00:00,2607.94,1392.543,658.83,4659.313
2050-05-23 18:00:00,2687.497,1658.211,562.1,4907.808
2050-05-23 19:00:00,2734.551,1748.713,375.4,4858.664
2050-05-23 20:00:00,2789.828,1798.996,235.23,4824.053
2050-05-23 21:00:00,2625.419,1879.675,164.64,4669.734
2050-05-23 22:00:00,2430.564,1790.27,118.33,4339.164
2050-05-23 23:00:00,2213.944,1666.929,83.93,3964.804
2050-05-24 00:00:00,2028.918,1468.336,62.16,3559.414
2050-05-24 01:00:00,1927.625,1382.443,47.96,3358.028
2050-05-24 02:00:00,1868.784,1166.841,40.76,3076.384
2050-05-24 03:00:00,1843.281,1038.33,36.62,2918.231
2050-05-24 04:00:00,1865.26,911.704,32.55,2809.515
2050-05-24 05:00:00,1931.242,793.912,29.51,2754.664
2050-05-24 06:00:00,2076.612,720.409,28.84,2825.86
2050-05-24 07:00:00,2179.471,747.851,44.04,2971.362
2050-05-24 08:00:00,2241.921,850.129,235.5,3327.55
2050-05-24 09:00:00,2287.547,1027.992,476.68,3792.219
2050-05-24 10:00:00,2300.817,1076.015,661.71,4038.542
2050-05-24 11:00:00,2301.654,1120.797,847.29,4269.741
2050-05-24 12:00:00,2305.033,1163.02,996.01,4464.063
2050-05-24 13:00:00,2305.305,1179.396,1089.56,4574.262
2050-05-24 14:00:00,2333.61,1175.94,1201.31,4710.86
2050-05-24 15:00:00,2380.749,1184.987,1297.22,4862.956
2050-05-24 16:00:00,2485.328,1267.979,1366.47,5119.777
2050-05-24 17:00:00,2607.94,1392.543,1390.78,5391.263
2050-05-24 18:00:00,2687.497,1658.211,1388.9,5734.608
2050-05-24 19:00:00,2734.551,1748.713,1226.04,5709.304
2050-05-24 20:00:00,2787.771,1798.996,965.67,5552.436
2050-05-24 21:00:00,2625.419,1879.675,735.42,5240.514
2050-05-24 22:00:00,2430.564,1790.27,549.01,4769.844
2050-05-24 23:00:00,2213.944,1666.929,390.94,4271.814
2050-05-25 00:00:00,2028.918,1468.336,261.52,3758.774
2050-05-25 01:00:00,1927.625,1382.443,167.15,3477.218
2050-05-25 02:00:00,1868.784,1166.841,113.78,3149.404
2050-05-25 03:00:00,1843.281,1038.33,72.64,2954.251
2050-05-25 04:00:00,1865.26,911.704,50.97,2827.935
2050-05-25 05:00:00,1930.724,793.912,37.21,2761.846
2050-05-25 06:00:00,2076.612,720.409,33.0,2830.02
2050-05-25 07:00:00,2179.471,747.851,89.02,3016.342
2050-05-25 08:00:00,2241.921,850.129,241.47,3333.52
2050-05-25 09:00:00,2287.547,1027.992,520.03,3835.569
2050-05-25 10:00:00,2300.817,1076.015,762.4,4139.232
2050-05-25 11:00:00,2301.654,1120.797,1039.21,4461.661
2050-05-25 12:00:00,2305.033,1163.02,1282.06,4750.113
2050-05-25 13:00:00,2305.305,1179.396,1442.11,4926.812
2050-05-25 14:00:00,2333.61,1175.94,1574.19,5083.74
2050-05-25 15:00:00,2380.749,1184.987,1669.82,5235.556
2050-05-25 16:00:00,2485.328,1267.979,1718.21,5471.517
2050-05-25 17:00:00,2607.94,1392.543,1702.15,5702.633
2050-05-25 18:00:00,2687.497,1658.211,1651.33,5997.038
2050-05-25 19:00:00,2734.551,1748.713,1443.69,5926.954
2050-05-25 20:00:00,2785.605,1798.996,1149.55,5734.15
2050-05-25 21:00:00,2625.419,1879.675,898.51,5403.604
2050-05-25 22:00:00,2430.564,1790.27,700.13,4920.964
2050-05-25 23:00:00,2213.944,1666.929,535.23,4416.104
2050-05-26 00:00:00,2028.918,1468.336,394.48,3891.734
2050-05-26 01:00:00,1927.625,1382.443,274.7,3584.768
2050-05-26 02:00:00,1868.784,1166.841,175.9,3211.524
2050-05-26 03:00:00,1843.281,1038.33,104.32,2985.931
2050-05-26 04:00:00,1865.26,911.704,63.63,2840.595
2050-05-26 05:00:00,1930.369,793.912,44.13,2768.411
2050-05-26 06:00:00,2076.612,720.409,41.05,2838.07
2050-05-26 07:00:00,2179.471,747.851,136.9,3064.222
2050-05-26 08:00:00,2241.921,850.129,384.12,3476.17
2050-05-26 09:00:00,2287.547,1027.992,741.13,4056.669
2050-05-26 10:00:00,2300.817,1076.015,1060.62,4437.452
2050-05-26 11:00:00,2301.654,1120.797,1392.82,4815.271
2050-05-26 12:00:00,2305.033,1163.02,1703.14,5171.193
2050-05-26 13:00:00,2305.305,1179.396,1943.65,5428.352
2050-05-26 14:00:00,2333.61,1175.94,2173.33,5682.88
2050-05-26 15:00:00,2380.749,1184.987,2328.6,5894.336
2050-05-26 16:00:00,2485.328,1267.979,2405.83,6159.137
2050-05-26 17:00:00,2607.94,1392.543,2399.51,6399.993
2050-05-26 18:00:00,2687.497,1658.211,2319.83,6665.538
2050-05-26 19:00:00,2734.551,1748.713,2026.01,6509.274
2050-05-26 20:00:00,2783.53,1798.996,1720.4,6302.925
2050-05-26 21:00:00,2625.419,1879.675,1475.91,5981.004
2050-05-26 22:00:00,2430.564,1790.27,1262.7,5483.534
2050-05-26 23:00:00,2213.944,1666.929,1069.6,4950.474
2050-05-27 00:00:00,2028.918,1468.336,912.0,4409.254
2050-05-27 01:00:00,1927.625,1382.443,783.35,4093.418
2050-05-27 02:00:00,1868.784,1166.841,679.49,3715.114
2050-05-27 03:00:00,1843.281,1038.33,595.37,3476.981
2050-05-27 04:00:00,1865.26,911.704,520.49,3297.455
2050-05-27 05:00:00,1929.936,793.912,415.96,3139.808
2050-05-27 06:00:00,2076.612,720.409,349.23,3146.25
2050-05-27 07:00:00,2179.471,747.851,432.98,3360.302
2050-05-27 08:00:00,2241.921,850.129,595.44,3687.49
2050-05-27 09:00:00,2287.547,1027.992,808.72,4124.259
2050-05-27 10:00:00,2300.817,1076.015,976.09,4352.922
2050-05-27 11:00:00,2301.654,1120.797,1162.81,4585.261
2050-05-27 12:00:00,2305.033,1163.02,1330.74,4798.793
2050-05-27 13:00:00,2305.305,1179.396,1440.17,4924.872
2050-05-27 14:00:00,2333.61,1175.94,1513.6,5023.15
2050-05-27 15:00:00,2380.749,1184.987,1543.47,5109.206
2050-05-27 16:00:00,2485.328,1267.979,1564.8,5318.107
2050-05-27 17:00:00,2607.94,1392.543,1508.22,5508.703
2050-05-27 18:00:00,2687.497,1658.211,1412.49,5758.198
2050-05-27 19:00:00,2734.551,1748.713,1124.47,5607.734
2050-05-27 20:00:00,2781.882,1798.996,811.96,5392.838
2050-05-27 21:00:00,2625.419,1879.675,597.62,5102.714
2050-05-27 22:00:00,2430.564,1790.27,426.2,4647.034
2050-05-27 23:00:00,2213.944,1666.929,289.21,4170.084
2050-05-28 00:00:00,2028.918,1468.336,179.08,3676.334
2050-05-28 01:00:00,1927.625,1382.443,102.65,3412.718
2050-05-28 02:00:00,1868.784,1166.841,52.09,3087.714
2050-05-28 03:00:00,1843.281,1038.33,29.61,2911.221
2050-05-28 04:00:00,1865.26,911.704,17.89,2794.855
2050-05-28 05:00:00,1929.505,793.912,13.12,2736.536
2050-05-28 06:00:00,2076.612,720.409,10.65,2807.67
2050-05-28 07:00:00,2179.471,747.851,11.18,2938.502
2050-05-28 08:00:00,2241.921,850.129,28.69,3120.74
2050-05-28 09:00:00,2287.547,1027.992,115.64,3431.179
2050-05-28 10:00:00,2300.817,1076.015,280.55,3657.382
2050-05-28 11:00:00,2301.654,1120.797,524.97,3947.421
2050-05-28 12:00:00,2305.033,1163.02,728.82,4196.873
2050-05-28 13:00:00,2305.305,1179.396,851.48,4336.182
2050-05-28 14:00:00,2333.61,1175.94,947.0,4456.55
2050-05-28 15:00:00,2380.749,1184.987,1023.19,4588.926
2050-05-28 16:00:00,2485.328,1267.979,1080.21,4833.517
2050-05-28 17:00:00,2607.94,1392.543,1064.59,5065.073
2050-05-28 18:00:00,2687.497,1658.211,993.93,5339.638
2050-05-28 19:00:00,2734.551,1748.713,788.72,5271.984
2050-05-28 20:00:00,2779.822,1798.996,565.56,5144.377
2050-05-28 21:00:00,2625.419,1879.675,364.97,4870.064
2050-05-28 22:00:00,2430.564,1790.27,216.72,4437.554
2050-05-28 23:00:00,2213.944,1666.929,115.54,3996.414
2050-05-29 00:00:00,2028.918,1468.336,67.77,3565.024
2050-05-29 01:00:00,1927.625,1382.443,36.24,3346.308
2050-05-29 02:00:00,1868.784,1166.841,22.16,3057.784
2050-05-29 03:00:00,1843.281,1038.33,13.59,2895.201
2050-05-29 04:00:00,1865.26,911.704,9.27,2786.235
2050-05-29 05:00:00,1929.229,793.912,7.3,2730.44
2050-05-29 06:00:00,2076.612,720.409,6.93,2803.95
2050-05-29 07:00:00,2179.471,747.851,8.88,2936.202
2050-05-29 08:00:00,2241.921,850.129,47.51,3139.56
2050-05-29 09:00:00,2287.547,1027.992,189.06,3504.599
2050-05-29 10:00:00,2300.817,1076.015,435.5,3812.332
2050-05-29 11:00:00,2301.654,1120.797,710.51,4132.961
2050-05-29 12:00:00,2305.033,1163.02,940.67,4408.723
2050-05-29 13:00:00,2305.305,1179.396,1107.19,4591.892
2050-05-29 14:00:00,2333.61,1175.94,1261.85,4771.4
2050-05-29 15:00:00,2380.749,1184.987,1389.75,4955.486
2050-05-29 16:00:00,2485.328,1267.979,1466.07,5219.377
2050-05-29 17:00:00,2607.94,1392.543,1483.67,5484.153
2050-05-29 18:00:00,2687.497,1658.211,1466.59,5812.298
2050-05-29 19:00:00,2734.551,1748.713,1300.45,5783.714
2050-05-29 20:00:00,2778.143,1798.996,1045.99,5623.129
2050-05-29 21:00:00,2625.419,1879.675,838.12,5343.214
2050-05-29 22:00:00,2430.564,1790.27,671.1,4891.934
2050-05-29 23:00:00,2213.944,1666.929,523.17,4404.044
2050-05-30 00:00:00,2028.918,1468.336,423.5,3920.754
2050-05-30 01:00:00,1927.625,1382.443,326.32,3636.388
2050-05-30 02:00:00,1868.784,1166.841,237.45,3273.074
2050-05-30 03:00:00,1843.281,1038.33,158.21,3039.821
2050-05-30 04:00:00,1865.26,911.704,96.7,2873.665
2050-05-30 05:00:00,1928.813,793.912,59.84,2782.565
2050-05-30 06:00:00,2076.612,720.409,52.72,2849.74
2050-05-30 07:00:00,2179.471,747.851,146.95,3074.272
2050-05-30 08:00:00,2241.921,850.129,317.37,3409.42
2050-05-30 09:00:00,2287.547,1027.992,602.55,3918.089
2050-05-30 10:00:00,2300.817,1076.015,818.08,4194.912
2050-05-30 11:00:00,2301.654,1120.797,1035.9,4458.351
2050-05-30 12:00:00,2305.033,1163.02,1231.68,4699.733
2050-05-30 13:00:00,2305.305,1179.396,1381.33,4866.032
2050-05-30 14:00:00,2333.61,1175.94,1548.43,5057.98
2050-05-30 15:00:00,2380.749,1184.987,1740.73,5306.466
2050-05-30 16:00:00,2485.328,1267.979,1890.34,5643.647
2050-05-30 17:00:00,2607.94,1392.543,1996.9,5997.383
2050-05-30 18:00:00,2687.497,1658.211,2046.07,6391.778
2050-05-30 19:00:00,2734.551,1748.713,1822.37,6305.634
2050-05-30 20:00:00,2776.37,1798.996,1521.39,6096.755
2050-05-30 21:00:00,2625.419,1879.675,1230.65,5735.744
2050-05-30 22:00:00,2430.564,1790.27,1023.39,5244.224
2050-05-30 23:00:00,2213.944,1666.929,870.83,4751.704
2050-05-31 00:00:00,2028.918,1468.336,718.81,4216.064
2050-05-31 01:00:00,1927.625,1382.443,565.13,3875.198
2050-05-31 02:00:00,1868.784,1166.841,420.56,3456.184
2050-05-31 03:00:00,1843.281,1038.33,297.01,3178.621
2050-05-31 04:00:00,1865.26,911.704,183.26,2960.225
2050-05-31 05:00:00,1928.568,793.912,97.15,2819.629
2050-05-31 06:00:00,2076.612,720.409,67.44,2864.46
2050-05-31 07:00:00,2179.471,747.851,161.35,3088.672
2050-05-31 08:00:00,2241.921,850.129,390.81,3482.86
2050-05-31 09:00:00,2287.547,1027.992,669.77,3985.309
2050-05-31 10:00:00,2300.817,1076.015,878.43,4255.262
2050-05-31 11:00:00,2301.654,1120.797,1066.97,4489.421
2050-05-31 12:00:00,2305.033,1163.02,1198.32,4666.373
2050-05-31 13:00:00,2305.305,1179.396,1257.85,4742.552
2050-05-31 14:00:00,2333.61,1175.94,1329.39,4838.94
2050-05-31 15:00:00,2380.749,1184.987,1379.09,4944.826
2050-05-31 16:00:00,2485.328,1267.979,1370.78,5124.087
2050-05-31 17:00:00,2607.94,1392.543,1301.79,5302.273
2050-05-31 18:00:00,2687.497,1658.211,1257.28,5602.988
2050-05-31 19:00:00,2734.551,1748.713,1055.27,5538.534
2050-05-31 20:00:00,2774.376,1798.996,786.37,5359.742
2050-05-31 21:00:00,2625.419,1879.675,552.64,5057.734
2050-05-31 22:00:00,2430.564,1790.27,382.87,4603.704
2050-05-31 23:00:00,2213.944,1666.929,255.32,4136.194
2050-06-01 00:00:00,2028.918,1550.445,178.07,3757.433
2050-06-01 01:00:00,1927.625,1459.749,132.7,3520.074
2050-06-01 02:00:00,1868.784,1232.09,123.52,3224.394
2050-06-01 03:00:00,1843.281,1096.393,124.74,3064.414
2050-06-01 04:00:00,1865.26,962.687,118.21,2946.157
2050-06-01 05:00:00,1928.176,838.307,112.19,2878.673
2050-06-01 06:00:00,2076.612,760.694,128.25,2965.555
2050-06-01 07:00:00,2179.471,789.67,318.5,3287.641
2050-06-01 08:00:00,2241.921,897.668,550.2,3689.789
2050-06-01 09:00:00,2287.547,1085.477,870.85,4243.874
2050-06-01 10:00:00,2300.817,1136.186,1129.35,4566.353
2050-06-01 11:00:00,2301.654,1183.472,1354.23,4839.356
2050-06-01 12:00:00,2305.033,1228.056,1503.31,5036.399
2050-06-01 13:00:00,2305.305,1245.348,1478.16,5028.813
2050-06-01 14:00:00,2333.61,1241.699,1381.13,4956.439
2050-06-01 15:00:00,2380.749,1251.251,1468.39,5100.391
2050-06-01 16:00:00,2485.328,1338.884,1346.85,5171.062
2050-06-01 17:00:00,2607.94,1470.413,1193.85,5272.204
2050-06-01 18:00:00,2687.497,1750.938,1015.66,5454.095
2050-06-01 19:00:00,2734.551,1846.501,806.88,5387.931
2050-06-01 20:00:00,2772.722,1899.595,663.67,5335.987
2050-06-01 21:00:00,2625.419,1984.786,569.38,5179.585
2050-06-01 22:00:00,2430.564,1890.382,468.14,4789.086
2050-06-01 23:00:00,2213.944,1760.144,386.22,4360.308
2050-06-02 00:00:00,2028.918,1550.445,309.46,3888.823
2050-06-02 01:00:00,1927.625,1459.749,239.99,3627.364
2050-06-02 02:00:00,1868.784,1232.09,174.09,3274.964
2050-06-02 03:00:00,1843.281,1096.393,119.85,3059.524
2050-06-02 04:00:00,1865.26,962.687,78.59,2906.537
2050-06-02 05:00:00,1927.953,838.307,55.59,2821.85
2050-06-02 06:00:00,2076.612,760.694,53.92,2891.225
2050-06-02 07:00:00,2179.471,789.67,168.1,3137.241
2050-06-02 08:00:00,2241.921,897.668,435.03,3574.619
2050-06-02 09:00:00,2287.547,1085.477,738.9,4111.924
2050-06-02 10:00:00,2300.817,1136.186,1010.95,4447.953
2050-06-02 11:00:00,2301.654,1183.472,1310.54,4795.666
2050-06-02 12:00:00,2305.033,1228.056,1581.07,5114.159
2050-06-02 13:00:00,2305.305,1245.348,1733.21,5283.863
2050-06-02 14:00:00,2333.61,1241.699,1856.52,5431.829
2050-06-02 15:00:00,2380.749,1251.251,1948.54,5580.541
2050-06-02 16:00:00,2485.328,1338.884,1995.95,5820.162
2050-06-02 17:00:00,2607.94,1470.413,1989.86,6068.214
2050-06-02 18:00:00,2687.497,1750.938,1954.79,6393.225
2050-06-02 19:00:00,2734.551,1846.501,1746.82,6327.871
2050-06-02 20:00:00,2771.127,1899.595,1446.87,6117.592
2050-06-02 21:00:00,2625.419,1984.786,1170.8,5781.005
2050-06-02 22:00:00,2430.564,1890.382,967.08,5288.026
2050-06-02 23:00:00,2213.944,1760.144,805.01,4779.098
2050-06-03 00:00:00,2028.918,1550.445,675.13,4254.493
2050-06-03 01:00:00,1927.625,1459.749,568.73,3956.104
2050-06-03 02:00:00,1868.784,1232.09,482.95,3583.824
2050-06-03 03:00:00,1843.281,1096.393,414.89,3354.564
2050-06-03 04:00:00,1865.26,962.687,353.64,3181.587
2050-06-03 05:00:00,1927.624,838.307,307.95,3073.881
2050-06-03 06:00:00,2076.612,760.694,301.35,3138.655
2050-06-03 07:00:00,2179.471,789.67,355.82,3324.961
2050-06-03 08:00:00,2241.921,897.668,443.04,3582.629
2050-06-03 09:00:00,2287.547,1085.477,587.77,3960.794
2050-06-03 10:00:00,2300.817,1136.186,707.85,4144.853
2050-06-03 11:00:00,2301.654,1183.472,957.93,4443.056
2050-06-03 12:00:00,2305.033,1228.056,1172.57,4705.659
2050-06-03 13:00:00,2305.305,1245.348,1228.16,4778.813
2050-06-03 14:00:00,2333.61,1241.699,1217.07,4792.379
2050-06-03 15:00:00,2380.749,1251.251,1069.21,4701.211
2050-06-03 16:00:00,2485.328,1338.884,957.32,4781.532
2050-06-03 17:00:00,2607.94,1470.413,953.83,5032.184
2050-06-03 18:00:00,2687.497,1750.938,917.51,5355.945
2050-06-03 19:00:00,2734.551,1846.501,771.76,5352.811
2050-06-03 20:00:00,2769.519,1899.595,640.39,5309.504
2050-06-03 21:00:00,2625.419,1984.786,539.12,5149.325
2050-06-03 22:00:00,2430.564,1890.382,467.73,4788.676
2050-06-03 23:00:00,2213.944,1760.144,396.05,4370.138
2050-06-04 00:00:00,2028.918,1550.445,329.39,3908.753
2050-06-04 01:00:00,1927.625,1459.749,292.17,3679.544
2050-06-04 02:00:00,1868.784,1232.09,258.0,3358.874
2050-06-04 03:00:00,1843.281,1096.393,233.39,3173.064
2050-06-04 04:00:00,1865.26,962.687,207.12,3035.067
2050-06-04 05:00:00,1927.482,838.307,162.17,2927.959
2050-06-04 06:00:00,2076.612,760.694,149.58,2986.885
2050-06-04 07:00:00,2179.471,789.67,187.98,3157.121
2050-06-04 08:00:00,2241.921,897.668,315.76,3455.349
2050-06-04 09:00:00,2287.547,1085.477,538.74,3911.764
2050-06-04 10:00:00,2300.817,1136.186,731.21,4168.213
2050-06-04 11:00:00,2301.654,1183.472,1010.21,4495.336
2050-06-04 12:00:00,2305.033,1228.056,1291.16,4824.249
2050-06-04 13:00:00,2305.305,1245.348,1501.79,5052.443
2050-06-04 14:00:00,2333.61,1241.699,1683.37,5258.679
2050-06-04 15:00:00,2380.749,1251.251,1804.47,5436.471
2050-06-04 16:00:00,2485.328,1338.884,1871.11,5695.322
2050-06-04 17:00:00,2607.94,1470.413,1875.5,5953.854
2050-06-04 18:00:00,2687.497,1750.938,1853.88,6292.315
2050-06-04 19:00:00,2734.551,1846.501,1590.16,6171.211
2050-06-04 20:00:00,2767.896,1899.595,1357.59,6025.082
2050-06-04 21:00:00,2625.419,1984.786,1153.63,5763.835
2050-06-04 22:00:00,2430.564,1890.382,986.72,5307.666
2050-06-04 23:00:00,2213.944,1760.144,858.12,4832.208
2050-06-05 00:00:00,2028.918,1550.445,751.46,4330.823
2050-06-05 01:00:00,1927.625,1459.749,661.84,4049.214
2050-06-05 02:00:00,1868.784,1232.09,586.29,3687.164
2050-06-05 03:00:00,1843.281,1096.393,521.6,3461.274
2050-06-05 04:00:00,1865.26,962.687,468.47,3296.417
2050-06-05 05:00:00,1927.236,838.307,418.86,3184.404
2050-06-05 06:00:00,2076.612,760.694,416.79,3254.095
2050-06-05 07:00:00,2179.471,789.67,588.88,3558.021
2050-06-05 08:00:00,2241.921,897.668,791.37,3930.959
2050-06-05 09:00:00,2287.547,1085.477,1080.01,4453.034
2050-06-05 10:00:00,2300.817,1136.186,1283.29,4720.293
2050-06-05 11:00:00,2301.654,1183.472,1514.51,4999.636
2050-06-05 12:00:00,2305.033,1228.056,1656.17,5189.259
2050-06-05 13:00:00,2305.305,1245.348,1775.47,5326.123
2050-06-05 14:00:00,2333.61,1241.699,1806.33,5381.639
2050-06-05 15:00:00,2380.749,1251.251,1597.09,5229.091
2050-06-05 16:00:00,2485.328,1338.884,1493.38,5317.592
2050-06-05 17:00:00,2607.94,1470.413,1183.5,5261.854
2050-06-05 18:00:00,2687.497,1750.938,1061.74,5500.175
2050-06-05 19:00:00,2734.551,1846.501,962.06,5543.111
2050-06-05 20:00:00,2766.547,1899.595,815.66,5481.802
2050-06-05 21:00:00,2625.419,1984.786,716.98,5327.185
2050-06-05 22:00:00,2430.564,1890.382,637.85,4958.796
2050-06-05 23:00:00,2213.944,1760.144,582.39,4556.478
2050-06-06 00:00:00,2028.918,1550.445,515.74,4095.103
2050-06-06 01:00:00,1927.625,1459.749,453.96,3841.334
2050-06-06 02:00:00,1868.784,1232.09,396.33,3497.204
2050-06-06 03:00:00,1843.281,1096.393,334.28,3273.954
2050-06-06 04:00:00,1865.26,962.687,280.52,3108.467
2050-06-06 05:00:00,1926.987,838.307,223.1,2988.394
2050-06-06 06:00:00,2076.612,760.694,213.53,3050.835
2050-06-06 07:00:00,2179.471,789.67,280.35,3249.491
2050-06-06 08:00:00,2241.921,897.668,494.83,3634.419
2050-06-06 09:00:00,2287.547,1085.477,830.78,4203.804
2050-06-06 10:00:00,2300.817,1136.186,1018.86,4455.863
2050-06-06 11:00:00,2301.654,1183.472,1147.43,4632.556
2050-06-06 12:00:00,2305.033,1228.056,1353.51,4886.599
2050-06-06 13:00:00,2305.305,1245.348,1472.68,5023.333
2050-06-06 14:00:00,2333.61,1241.699,1525.94,5101.249
2050-06-06 15:00:00,2380.749,1251.251,1522.76,5154.761
2050-06-06 16:00:00,2485.328,1338.884,1452.28,5276.492
2050-06-06 17:00:00,2607.94,1470.413,1370.11,5448.464
2050-06-06 18:00:00,2687.497,1750.938,1253.79,5692.225
2050-06-06 19:00:00,2734.551,1846.501,1024.25,5605.301
2050-06-06 20:00:00,2764.858,1899.595,671.34,5335.793
2050-06-06 21:00:00,2625.419,1984.786,430.64,5040.845
2050-06-06 22:00:00,2430.564,1890.382,209.12,4530.066
2050-06-06 23:00:00,2213.944,1760.144,45.59,4019.678
2050-06-07 00:00:00,2028.918,1550.445,18.06,3597.423
2050-06-07 01:00:00,1927.625,1459.749,8.2,3395.574
2050-06-07 02:00:00,1868.784,1232.09,5.24,3106.114
2050-06-07 03:00:00,1843.281,1096.393,4.2,2943.874
2050-06-07 04:00:00,1865.26,962.687,22.6,2850.547
2050-06-07 05:00:00,1926.845,838.307,83.62,2848.772
2050-06-07 06:00:00,2076.612,760.694,116.59,2953.895
2050-06-07 07:00:00,2179.471,789.67,34.62,3003.761
2050-06-07 08:00:00,2241.921,897.668,9.49,3149.079
2050-06-07 09:00:00,2287.547,1085.477,29.72,3402.744
2050-06-07 10:00:00,2300.817,1136.186,91.58,3528.583
2050-06-07 11:00:00,2301.654,1183.472,250.86,3735.986
2050-06-07 12:00:00,2305.033,1228.056,431.05,3964.139
2050-06-07 13:00:00,2305.305,1245.348,535.42,4086.073
2050-06-07 14:00:00,2333.61,1241.699,657.77,4233.079
2050-06-07 15:00:00,2380.749,1251.251,839.77,4471.771
2050-06-07 16:00:00,2485.328,1338.884,992.7,4816.912
2050-06-07 17:00:00,2607.94,1470.413,1112.69,5191.044
2050-06-07 18:00:00,2687.497,1750.938,1205.49,5643.925
2050-06-07 19:00:00,2734.551,1846.501,1128.53,5709.581
2050-06-07 20:00:00,2763.499,1899.595,928.1,5591.195
2050-06-07 21:00:00,2625.419,1984.786,703.87,5314.075
2050-06-07 22:00:00,2430.564,1890.382,507.62,4828.566
2050-06-07 23:00:00,2213.944,1760.144,316.35,4290.438
2050-06-08 00:00:00,2028.918,1550.445,144.31,3723.673
2050-06-08 01:00:00,1927.625,1459.749,46.64,3434.014
2050-06-08 02:00:00,1868.784,1232.09,19.55,3120.424
2050-06-08 03:00:00,1843.281,1096.393,9.12,2948.794
2050-06-08 04:00:00,1865.26,962.687,5.88,2833.827
2050-06-08 05:00:00,1926.679,838.307,4.39,2769.376
2050-06-08 06:00:00,2076.612,760.694,7.53,2844.835
2050-06-08 07:00:00,2179.471,789.67,5.95,2975.091
2050-06-08 08:00:00,2241.921,897.668,20.11,3159.699
2050-06-08 09:00:00,2287.547,1085.477,106.92,3479.944
2050-06-08 10:00:00,2300.817,1136.186,232.43,3669.433
2050-06-08 11:00:00,2301.654,1183.472,472.44,3957.566
2050-06-08 12:00:00,2305.033,1228.056,712.75,4245.839
2050-06-08 13:00:00,2305.305,1245.348,873.04,4423.693
2050-06-08 14:00:00,2333.61,1241.699,1033.99,4609.299
2050-06-08 15:00:00,2380.749,1251.251,1164.71,4796.711
2050-06-08 16:00:00,2485.328,1338.884,1258.64,5082.852
2050-06-08 17:00:00,2607.94,1470.413,1318.69,5397.044
2050-06-08 18:00:00,2687.497,1750.938,1370.16,5808.595
2050-06-08 19:00:00,2734.551,1846.501,1242.82,5823.871
2050-06-08 20:00:00,2762.32,1899.595,1002.68,5664.595
2050-06-08 21:00:00,2625.419,1984.786,735.41,5345.615
2050-06-08 22:00:00,2430.564,1890.382,515.13,4836.076
2050-06-08 23:00:00,2213.944,1760.144,312.29,4286.378
2050-06-09 00:00:00,2028.918,1550.445,135.9,3715.263
2050-06-09 01:00:00,1927.625,1459.749,48.1,3435.474
2050-06-09 02:00:00,1868.784,1232.09,20.68,3121.554
2050-06-09 03:00:00,1843.281,1096.393,10.14,2949.814
2050-06-09 04:00:00,1865.26,962.687,6.89,2834.837
2050-06-09 05:00:00,1926.574,838.307,5.28,2770.161
2050-06-09 06:00:00,2076.612,760.694,5.23,2842.535
2050-06-09 07:00:00,2179.471,789.67,7.85,2976.991
2050-06-09 08:00:00,2241.921,897.668,52.97,3192.559
2050-06-09 09:00:00,2287.547,1085.477,165.92,3538.944
2050-06-09 10:00:00,2300.817,1136.186,391.1,3828.103
2050-06-09 11:00:00,2301.654,1183.472,535.55,4020.676
2050-06-09 12:00:00,2305.033,1228.056,657.66,4190.749
2050-06-09 13:00:00,2305.305,1245.348,690.09,4240.743
2050-06-09 14:00:00,2333.61,1241.699,671.58,4246.889
2050-06-09 15:00:00,2380.749,1251.251,614.87,4246.871
2050-06-09 16:00:00,2485.328,1338.884,478.42,4302.632
2050-06-09 17:00:00,2607.94,1470.413,356.53,4434.884
2050-06-09 18:00:00,2687.497,1750.938,240.28,4678.715
2050-06-09 19:00:00,2734.551,1846.501,62.65,4643.701
2050-06-09 20:00:00,2760.778,1899.595,23.69,4684.064
2050-06-09 21:00:00,2625.419,1984.786,16.33,4626.535
2050-06-09 22:00:00,2430.564,1890.382,12.67,4333.616
2050-06-09 23:00:00,2213.944,1760.144,11.52,3985.608
2050-06-10 00:00:00,2028.918,1550.445,13.71,3593.073
2050-06-10 01:00:00,1927.625,1459.749,15.32,3402.694
2050-06-10 02:00:00,1868.784,1232.09,16.51,3117.384
2050-06-10 03:00:00,1843.281,1096.393,17.75,2957.424
2050-06-10 04:00:00,1865.26,962.687,14.52,2842.467
2050-06-10 05:00:00,1926.379,838.307,12.58,2777.267
2050-06-10 06:00:00,2076.612,760.694,9.99,2847.295
2050-06-10 07:00:00,2179.471,789.67,15.82,2984.961
2050-06-10 08:00:00,2241.921,897.668,75.51,3215.099
2050-06-10 09:00:00,2287.547,1085.477,255.72,3628.744
2050-06-10 10:00:00,2300.817,1136.186,436.92,3873.923
2050-06-10 11:00:00,2301.654,1183.472,662.7,4147.826
2050-06-10 12:00:00,2305.033,1228.056,867.64,4400.729
2050-06-10 13:00:00,2305.305,1245.348,1050.0,4600.653
2050-06-10 14:00:00,2333.61,1241.699,1255.66,4830.969
2050-06-10 15:00:00,2380.749,1251.251,1442.35,5074.351
2050-06-10 16:00:00,2485.328,1338.884,1566.08,5390.292
2050-06-10 17:00:00,2607.94,1470.413,1632.67,5711.024
2050-06-10 18:00:00,2687.497,1750.938,1613.34,6051.775
2050-06-10 19:00:00,2734.551,1846.501,1407.21,5988.261
2050-06-10 20:00:00,2759.721,1899.595,1131.79,5791.106
2050-06-10 21:00:00,2625.419,1984.786,844.39,5454.595
2050-06-10 22:00:00,2430.564,1890.382,631.12,4952.066
2050-06-10 23:00:00,2213.944,1760.144,440.51,4414.598
2050-06-11 00:00:00,2028.918,1550.445,284.86,3864.223
2050-06-11 01:00:00,1927.625,1459.749,156.44,3543.814
2050-06-11 02:00:00,1868.784,1232.09,83.36,3184.234
2050-06-11 03:00:00,1843.281,1096.393,48.26,2987.934
2050-06-11 04:00:00,1865.26,962.687,24.92,2852.867
2050-06-11 05:00:00,1926.35,838.307,16.02,2780.677
2050-06-11 06:00:00,2076.612,760.694,11.49,2848.795
2050-06-11 07:00:00,2179.471,789.67,10.01,2979.151
2050-06-11 08:00:00,2241.921,897.668,24.94,3164.529
2050-06-11 09:00:00,2287.547,1085.477,80.6,3453.624
2050-06-11 10:00:00,2300.817,1136.186,114.05,3551.053
2050-06-11 11:00:00,2301.654,1183.472,213.88,3699.006
2050-06-11 12:00:00,2305.033,1228.056,379.64,3912.729
2050-06-11 13:00:00,2305.305,1245.348,535.23,4085.883
2050-06-11 14:00:00,2333.61,1241.699,679.68,4254.989
2050-06-11 15:00:00,2380.749,1251.251,717.67,4349.671
2050-06-11 16:00:00,2485.328,1338.884,715.67,4539.882
2050-06-11 17:00:00,2607.94,1470.413,751.33,4829.684
2050-06-11 18:00:00,2687.497,1750.938,801.54,5239.975
2050-06-11 19:00:00,2734.551,1846.501,664.0,5245.051
2050-06-11 20:00:00,2758.453,1899.595,495.34,5153.389
2050-06-11 21:00:00,2625.419,1984.786,305.01,4915.215
2050-06-11 22:00:00,2430.564,1890.382,177.11,4498.056
2050-06-11 23:00:00,2213.944,1760.144,105.76,4079.848
2050-06-12 00:00:00,2028.918,1550.445,63.5,3642.863
2050-06-12 01:00:00,1927.625,1459.749,46.3,3433.674
2050-06-12 02:00:00,1868.784,1232.09,38.53,3139.404
2050-06-12 03:00:00,1843.281,1096.393,34.15,2973.824
2050-06-12 04:00:00,1865.26,962.687,29.8,2857.747
2050-06-12 05:00:00,1926.24,838.307,26.24,2790.787
2050-06-12 06:00:00,2076.612,760.694,25.72,2863.025
2050-06-12 07:00:00,2179.471,789.67,56.49,3025.631
2050-06-12 08:00:00,2241.921,897.668,150.08,3289.669
2050-06-12 09:00:00,2287.547,1085.477,336.63,3709.654
2050-06-12 10:00:00,2300.817,1136.186,484.34,3921.343
2050-06-12 11:00:00,2301.654,1183.472,672.05,4157.176
2050-06-12 12:00:00,2305.033,1228.056,806.92,4340.009
2050-06-12 13:00:00,2305.305,1245.348,934.62,4485.273
2050-06-12 14:00:00,2333.61,1241.699,1038.91,4614.219
2050-06-12 15:00:00,2380.749,1251.251,1032.03,4664.031
2050-06-12 16:00:00,2485.328,1338.884,983.35,4807.562
2050-06-12 17:00:00,2607.94,1470.413,933.65,5012.004
2050-06-12 18:00:00,2687.497,1750.938,921.45,5359.885
2050-06-12 19:00:00,2734.551,1846.501,748.62,5329.671
2050-06-12 20:00:00,2757.475,1899.595,580.83,5237.901
2050-06-12 21:00:00,2625.419,1984.786,465.12,5075.325
2050-06-12 22:00:00,2430.564,1890.382,379.74,4700.686
2050-06-12 23:00:00,2213.944,1760.144,311.19,4285.278
2050-06-13 00:00:00,2028.918,1550.445,250.69,3830.053
2050-06-13 01:00:00,1927.625,1459.749,196.74,3584.114
2050-06-13 02:00:00,1868.784,1232.09,160.35,3261.224
2050-06-13 03:00:00,1843.281,1096.393,119.76,3059.434
2050-06-13 04:00:00,1865.26,962.687,99.38,2927.327
2050-06-13 05:00:00,1926.236,838.307,80.52,2845.063
2050-06-13 06:00:00,2076.612,760.694,91.71,2929.015
2050-06-13 07:00:00,2179.471,789.67,237.13,3206.271
2050-06-13 08:00:00,2241.921,897.668,408.08,3547.669
2050-06-13 09:00:00,2287.547,1085.477,614.74,3987.764
2050-06-13 10:00:00,2300.817,1136.186,752.88,4189.883
2050-06-13 11:00:00,2301.654,1183.472,847.41,4332.536
2050-06-13 12:00:00,2305.033,1228.056,878.68,4411.769
2050-06-13 13:00:00,2305.305,1245.348,915.29,4465.943
2050-06-13 14:00:00,2333.61,1241.699,1041.02,4616.329
2050-06-13 15:00:00,2380.749,1251.251,1164.45,4796.451
2050-06-13 16:00:00,2485.328,1338.884,1327.6,5151.812
2050-06-13 17:00:00,2607.94,1470.413,1376.18,5454.534
2050-06-13 18:00:00,2687.497,1750.938,1322.84,5761.275
2050-06-13 19:00:00,2734.551,1846.501,1105.22,5686.271
2050-06-13 20:00:00,2756.287,1899.595,899.18,5555.062
2050-06-13 21:00:00,2625.419,1984.786,729.48,5339.685
2050-06-13 22:00:00,2430.564,1890.382,589.4,4910.346
2050-06-13 23:00:00,2213.944,1760.144,455.41,4429.498
2050-06-14 00:00:00,2028.918,1550.445,354.41,3933.773
2050-06-14 01:00:00,1927.625,1459.749,271.66,3659.034
2050-06-14 02:00:00,1868.784,1232.09,197.32,3298.194
2050-06-14 03:00:00,1843.281,1096.393,118.53,3058.204
2050-06-14 04:00:00,1865.26,962.687,65.89,2893.837
2050-06-14 05:00:00,1926.236,838.307,33.51,2798.053
2050-06-14 06:00:00,2076.612,760.694,27.71,2865.015
2050-06-14 07:00:00,2179.471,789.67,36.42,3005.561
2050-06-14 08:00:00,2241.921,897.668,77.72,3217.309
2050-06-14 09:00:00,2287.547,1085.477,189.04,3562.064
2050-06-14 10:00:00,2300.817,1136.186,277.62,3714.623
2050-06-14 11:00:00,2301.654,1183.472,460.37,3945.496
2050-06-14 12:00:00,2305.033,1228.056,681.75,4214.839
2050-06-14 13:00:00,2305.305,1245.348,897.53,4448.183
2050-06-14 14:00:00,2333.61,1241.699,1127.35,4702.659
2050-06-14 15:00:00,2380.749,1251.251,1321.04,4953.041
2050-06-14 16:00:00,2485.328,1338.884,1466.15,5290.362
2050-06-14 17:00:00,2607.94,1470.413,1547.56,5625.914
2050-06-14 18:00:00,2687.497,1750.938,1584.92,6023.355
2050-06-14 19:00:00,2734.551,1846.501,1446.36,6027.411
2050-06-14 20:00:00,2755.406,1899.595,1215.93,5870.931
2050-06-14 21:00:00,2625.419,1984.786,1006.13,5616.335
2050-06-14 22:00:00,2430.564,1890.382,830.71,5151.656
2050-06-14 23:00:00,2213.944,1760.144,626.42,4600.508
2050-06-15 00:00:00,2028.918,1550.445,458.25,4037.613
2050-06-15 01:00:00,1927.625,1459.749,327.27,3714.644
2050-06-15 02:00:00,1868.784,1232.09,198.07,3298.944
2050-06-15 03:00:00,1843.281,1096.393,92.9,3032.574
2050-06-15 04:00:00,1865.26,962.687,43.87,2871.817
2050-06-15 05:00:00,1926.236,838.307,25.2,2789.743
2050-06-15 06:00:00,2076.612,760.694,17.86,2855.165
2050-06-15 07:00:00,2179.471,789.67,36.58,3005.721
2050-06-15 08:00:00,2241.921,897.668,133.31,3272.899
2050-06-15 09:00:00,2287.547,1085.477,388.88,3761.904
2050-06-15 10:00:00,2300.817,1136.186,627.99,4064.993
2050-06-15 11:00:00,2301.654,1183.472,853.57,4338.696
2050-06-15 12:00:00,2305.033,1228.056,1046.33,4579.419
2050-06-15 13:00:00,2305.305,1245.348,1191.19,4741.843
2050-06-15 14:00:00,2333.61,1241.699,1351.98,4927.289
2050-06-15 15:00:00,2380.749,1251.251,1480.54,5112.541
2050-06-15 16:00:00,2485.328,1338.884,1555.79,5380.002
2050-06-15 17:00:00,2607.94,1470.413,1559.96,5638.314
2050-06-15 18:00:00,2687.497,1750.938,1538.47,5976.905
2050-06-15 19:00:00,2734.551,1846.501,1359.02,5940.071
2050-06-15 20:00:00,2754.422,1899.595,1097.67,5751.687
2050-06-15 21:00:00,2625.419,1984.786,811.89,5422.095
2050-06-15 22:00:00,2430.564,1890.382,586.02,4906.966
2050-06-15 23:00:00,2213.944,1760.144,394.95,4369.038
2050-06-16 00:00:00,2028.918,1550.445,234.71,3814.073
2050-06-16 01:00:00,1927.625,1459.749,122.37,3509.744
2050-06-16 02:00:00,1868.784,1232.09,58.72,3159.594
2050-06-16 03:00:00,1843.281,1096.393,32.59,2972.264
2050-06-16 04:00:00,1865.26,962.687,18.03,2845.977
2050-06-16 05:00:00,1926.236,838.307,11.17,2775.713
2050-06-16 06:00:00,2076.612,760.694,9.89,2847.195
2050-06-16 07:00:00,2179.471,789.67,19.56,2988.701
2050-06-16 08:00:00,2241.921,897.668,94.23,3233.819
2050-06-16 09:00:00,2287.547,1085.477,272.01,3645.034
2050-06-16 10:00:00,2300.817,1136.186,487.83,3924.833
2050-06-16 11:00:00,2301.654,1183.472,650.02,4135.146
2050-06-16 12:00:00,2305.033,1228.056,816.4,4349.489
2050-06-16 13:00:00,2305.305,1245.348,928.43,4479.083
2050-06-16 14:00:00,2333.61,1241.699,1049.48,4624.789
2050-06-16 15:00:00,2380.749,1251.251,1130.41,4762.411
2050-06-16 16:00:00,2485.328,1338.884,1190.96,5015.172
2050-06-16 17:00:00,2607.94,1470.413,1212.31,5290.664
2050-06-16 18:00:00,2687.497,1750.938,1211.23,5649.665
2050-06-16 19:00:00,2734.551,1846.501,1007.38,5588.431
2050-06-16 20:00:00,2753.53,1899.595,823.06,5476.185
2050-06-16 21:00:00,2625.419,1984.786,676.15,5286.355
2050-06-16 22:00:00,2430.564,1890.382,575.21,4896.156
2050-06-16 23:00:00,2213.944,1760.144,500.36,4474.448
2050-06-17 00:00:00,2028.918,1550.445,448.51,4027.873
2050-06-17 01:00:00,1927.625,1459.749,410.69,3798.064
2050-06-17 02:00:00,1868.784,1232.09,373.66,3474.534
2050-06-17 03:00:00,1843.281,1096.393,344.76,3284.434
2050-06-17 04:00:00,1865.26,962.687,325.4,3153.347
2050-06-17 05:00:00,1926.24,838.307,305.36,3069.907
2050-06-17 06:00:00,2076.612,760.694,303.02,3140.325
2050-06-17 07:00:00,2179.471,789.67,392.72,3361.861
2050-06-17 08:00:00,2241.921,897.668,546.95,3686.539
2050-06-17 09:00:00,2287.547,1085.477,690.68,4063.704
2050-06-17 10:00:00,2300.817,1136.186,833.96,4270.963
2050-06-17 11:00:00,2301.654,1183.472,946.25,4431.376
2050-06-17 12:00:00,2305.033,1228.056,1033.19,4566.279
2050-06-17 13:00:00,2305.305,1245.348,1080.93,4631.583
2050-06-17 14:00:00,2333.61,1241.699,1132.23,4707.539
2050-06-17 15:00:00,2380.749,1251.251,1200.09,4832.091
2050-06-17 16:00:00,2485.328,1338.884,1279.26,5103.472
2050-06-17 17:00:00,2607.94,1470.413,1311.75,5390.104
2050-06-17 18:00:00,2687.497,1750.938,1323.94,5762.375
2050-06-17 19:00:00,2734.551,1846.501,1198.8,5779.851
2050-06-17 20:00:00,2752.901,1899.595,986.9,5639.397
2050-06-17 21:00:00,2625.419,1984.786,756.88,5367.085
2050-06-17 22:00:00,2430.564,1890.382,587.68,4908.626
2050-06-17 23:00:00,2213.944,1760.144,440.6,4414.688
2050-06-18 00:00:00,2028.918,1550.445,313.63,3892.993
2050-06-18 01:00:00,1927.625,1459.749,203.74,3591.114
2050-06-18 02:00:00,1868.784,1232.09,107.82,3208.694
2050-06-18 03:00:00,1843.281,1096.393,55.69,2995.364
2050-06-18 04:00:00,1865.26,962.687,30.46,2858.407
2050-06-18 05:00:00,1926.318,838.307,17.27,2781.895
2050-06-18 06:00:00,2076.612,760.694,13.2,2850.505
2050-06-18 07:00:00,2179.471,789.67,51.29,3020.431
2050-06-18 08:00:00,2241.921,897.668,191.22,3330.809
2050-06-18 09:00:00,2287.547,1085.477,523.45,3896.474
2050-06-18 10:00:00,2300.817,1136.186,790.76,4227.763
2050-06-18 11:00:00,2301.654,1183.472,1062.85,4547.976
2050-06-18 12:00:00,2305.033,1228.056,1303.33,4836.419
2050-06-18 13:00:00,2305.305,1245.348,1478.02,5028.673
2050-06-18 14:00:00,2333.61,1241.699,1642.73,5218.039
2050-06-18 15:00:00,2380.749,1251.251,1766.93,5398.931
2050-06-18 16:00:00,2485.328,1338.884,1831.12,5655.332
2050-06-18 17:00:00,2607.94,1470.413,1834.39,5912.744
2050-06-18 18:00:00,2687.497,1750.938,1817.06,6255.495
2050-06-18 19:00:00,2734.551,1846.501,1644.98,6226.031
2050-06-18 20:00:00,2751.89,1899.595,1385.98,6037.466
2050-06-18 21:00:00,2625.419,1984.786,1094.44,5704.645
2050-06-18 22:00:00,2430.564,1890.382,870.13,5191.076
2050-06-18 23:00:00,2213.944,1760.144,679.6,4653.688
2050-06-19 00:00:00,2028.918,1550.445,519.77,4099.133
2050-06-19 01:00:00,1927.625,1459.749,385.49,3772.864
2050-06-19 02:00:00,1868.784,1232.09,263.34,3364.214
2050-06-19 03:00:00,1843.281,1096.393,162.47,3102.144
2050-06-19 04:00:00,1865.26,962.687,93.74,2921.687
2050-06-19 05:00:00,1926.379,838.307,60.98,2825.667
2050-06-19 06:00:00,2076.612,760.694,54.84,2892.145
2050-06-19 07:00:00,2179.471,789.67,125.64,3094.781
2050-06-19 08:00:00,2241.921,897.668,355.67,3495.259
2050-06-19 09:00:00,2287.547,1085.477,574.32,3947.344
2050-06-19 10:00:00,2300.817,1136.186,747.17,4184.173
2050-06-19 11:00:00,2301.654,1183.472,939.41,4424.536
2050-06-19 12:00:00,2305.033,1228.056,1102.24,4635.329
2050-06-19 13:00:00,2305.305,1245.348,1212.72,4763.373
2050-06-19 14:00:00,2333.61,1241.699,1333.23,4908.539
2050-06-19 15:00:00,2380.749,1251.251,1447.77,5079.771
2050-06-19 16:00:00,2485.328,1338.884,1535.01,5359.222
2050-06-19 17:00:00,2607.94,1470.413,1570.0,5648.354
2050-06-19 18:00:00,2687.497,1750.938,1580.55,6018.985
2050-06-19 19:00:00,2734.551,1846.501,1431.46,6012.511
2050-06-19 20:00:00,2751.383,1899.595,1199.26,5850.239
2050-06-19 21:00:00,2625.419,1984.786,947.61,5557.815
2050-06-19 22:00:00,2430.564,1890.382,774.22,5095.166
2050-06-19 23:00:00,2213.944,1760.144,633.85,4607.938
2050-06-20 00:00:00,2028.918,1550.445,521.68,4101.043
2050-06-20 01:00:00,1927.625,1459.749,443.71,3831.084
2050-06-20 02:00:00,1868.784,1232.09,382.53,3483.404
2050-06-20 03:00:00,1843.281,1096.393,327.43,3267.104
2050-06-20 04:00:00,1865.26,962.687,287.81,3115.757
2050-06-20 05:00:00,1926.5,838.307,253.63,3018.437
2050-06-20 06:00:00,2076.612,760.694,283.84,3121.145
2050-06-20 07:00:00,2179.471,789.67,446.36,3415.501
2050-06-20 08:00:00,2241.921,897.668,626.42,3766.009
2050-06-20 09:00:00,2287.547,1085.477,935.84,4308.864
2050-06-20 10:00:00,2300.817,1136.186,1143.73,4580.733
2050-06-20 11:00:00,2301.654,1183.472,1369.88,4855.006
2050-06-20 12:00:00,2305.033,1228.056,1573.76,5106.849
2050-06-20 13:00:00,2305.305,1245.348,1731.75,5282.403
2050-06-20 14:00:00,2333.61,1241.699,1885.67,5460.979
2050-06-20 15:00:00,2380.749,1251.251,2030.72,5662.721
2050-06-20 16:00:00,2485.328,1338.884,2112.58,5936.792
2050-06-20 17:00:00,2607.94,1470.413,2139.77,6218.124
2050-06-20 18:00:00,2687.497,1750.938,2151.62,6590.055
2050-06-20 19:00:00,2734.551,1846.501,1991.19,6572.241
2050-06-20 20:00:00,2750.914,1899.595,1744.13,6394.64
2050-06-20 21:00:00,2625.419,1984.786,1467.07,6077.275
2050-06-20 22:00:00,2430.564,1890.382,1270.65,5591.596
2050-06-20 23:00:00,2213.944,1760.144,1101.58,5075.668
2050-06-21 00:00:00,2028.918,1550.445,922.69,4502.053
2050-06-21 01:00:00,1927.625,1459.749,790.93,4178.304
2050-06-21 02:00:00,1868.784,1232.09,679.51,3780.384
2050-06-21 03:00:00,1843.281,1096.393,585.48,3525.154
2050-06-21 04:00:00,1865.26,962.687,492.93,3320.877
2050-06-21 05:00:00,1926.679,838.307,400.58,3165.566
2050-06-21 06:00:00,2076.612,760.694,360.56,3197.865
2050-06-21 07:00:00,2179.471,789.67,511.22,3480.361
2050-06-21 08:00:00,2241.921,897.668,744.32,3883.909
2050-06-21 09:00:00,2287.547,1085.477,1040.24,4413.264
2050-06-21 10:00:00,2300.817,1136.186,1275.57,4712.573
2050-06-21 11:00:00,2301.654,1183.472,1507.18,4992.306
2050-06-21 12:00:00,2305.033,1228.056,1722.23,5255.319
2050-06-21 13:00:00,2305.305,1245.348,1890.76,5441.413
2050-06-21 14:00:00,2333.61,1241.699,2072.9,5648.209
2050-06-21 15:00:00,2380.749,1251.251,2240.91,5872.911
2050-06-21 16:00:00,2485.328,1338.884,2370.16,6194.372
2050-06-21 17:00:00,2607.94,1470.413,2439.03,6517.384
2050-06-21 18:00:00,2687.497,1750.938,2427.3,6865.735
2050-06-21 19:00:00,2734.551,1846.501,2220.46,6801.511
2050-06-21 20:00:00,2750.209,1899.595,1942.63,6592.435
2050-06-21 21:00:00,2625.419,1984.786,1661.13,6271.335
2050-06-21 22:00:00,2430.564,1890.382,1432.16,5753.106
2050-06-21 23:00:00,2213.944,1760.144,1226.12,5200.208
2050-06-22 00:00:00,2028.918,1550.445,1049.13,4628.493
2050-06-22 01:00:00,1927.625,1459.749,875.77,4263.144
2050-06-22 02:00:00,1868.784,1232.09,720.42,3821.294
2050-06-22 03:00:00,1843.281,1096.393,578.41,3518.084
2050-06-22 04:00:00,1865.26,962.687,446.75,3274.697
2050-06-22 05:00:00,1926.773,838.307,345.79,3110.87
2050-06-22 06:00:00,2076.612,760.694,294.05,3131.355
2050-06-22 07:00:00,2179.471,789.67,410.89,3380.031
2050-06-22 08:00:00,2241.921,897.668,643.4,3782.989
2050-06-22 09:00:00,2287.547,1085.477,920.52,4293.544
2050-06-22 10:00:00,2300.817,1136.186,1135.74,4572.743
2050-06-22 11:00:00,2301.654,1183.472,1360.62,4845.746
2050-06-22 12:00:00,2305.033,1228.056,1554.21,5087.299
2050-06-22 13:00:00,2305.305,1245.348,1677.21,5227.863
2050-06-22 14:00:00,2333.61,1241.699,1793.53,5368.839
2050-06-22 15:00:00,2380.749,1251.251,1846.32,5478.321
2050-06-22 16:00:00,2485.328,1338.884,1887.22,5711.432
2050-06-22 17:00:00,2607.94,1470.413,1883.08,5961.434
2050-06-22 18:00:00,2687.497,1750.938,1791.96,6230.395
2050-06-22 19:00:00,2734.551,1846.501,1493.91,6074.961
2050-06-22 20:00:00,2749.817,1899.595,1240.28,5889.693
2050-06-22 21:00:00,2625.419,1984.786,1062.41,5672.615
2050-06-22 22:00:00,2430.564,1890.382,927.99,5248.936
2050-06-22 23:00:00,2213.944,1760.144,809.17,4783.258
2050-06-23 00:00:00,2028.918,1550.445,704.62,4283.983
2050-06-23 01:00:00,1927.625,1459.749,612.38,3999.754
2050-06-23 02:00:00,1868.784,1232.09,536.43,3637.304
2050-06-23 03:00:00,1843.281,1096.393,479.43,3419.104
2050-06-23 04:00:00,1865.26,962.687,419.04,3246.987
2050-06-23 05:00:00,1926.904,838.307,361.75,3126.961
2050-06-23 06:00:00,2076.612,760.694,353.73,3191.035
2050-06-23 07:00:00,2179.471,789.67,519.0,3488.141
2050-06-23 08:00:00,2241.921,897.668,753.43,3893.019
2050-06-23 09:00:00,2287.547,1085.477,1059.57,4432.594
2050-06-23 10:00:00,2300.817,1136.186,1309.17,4746.173
2050-06-23 11:00:00,2301.654,1183.472,1559.73,5044.856
2050-06-23 12:00:00,2305.033,1228.056,1781.41,5314.499
2050-06-23 13:00:00,2305.305,1245.348,1930.98,5481.633
2050-06-23 14:00:00,2333.61,1241.699,2067.08,5642.389
2050-06-23 15:00:00,2380.749,1251.251,2084.74,5716.741
2050-06-23 16:00:00,2485.328,1338.884,2138.2,5962.412
2050-06-23 17:00:00,2607.94,1470.413,2154.28,6232.634
2050-06-23 18:00:00,2687.497,1750.938,2165.95,6604.385
2050-06-23 19:00:00,2734.551,1846.501,2019.19,6600.241
2050-06-23 20:00:00,2749.55,1899.595,1785.23,6434.375
2050-06-23 21:00:00,2625.419,1984.786,1509.81,6120.015
2050-06-23 22:00:00,2430.564,1890.382,1298.11,5619.056
2050-06-23 23:00:00,2213.944,1760.144,1122.69,5096.778
2050-06-24 00:00:00,2028.918,1550.445,980.57,4559.933
2050-06-24 01:00:00,1927.625,1459.749,862.29,4249.664
2050-06-24 02:00:00,1868.784,1232.09,759.17,3860.044
2050-06-24 03:00:00,1843.281,1096.393,666.98,3606.654
2050-06-24 04:00:00,1865.26,962.687,601.52,3429.467
2050-06-24 05:00:00,1927.137,838.307,537.35,3302.794
2050-06-24 06:00:00,2076.612,760.694,529.34,3366.645
2050-06-24 07:00:00,2179.471,789.67,726.12,3695.261
2050-06-24 08:00:00,2241.921,897.668,1003.16,4142.749
2050-06-24 09:00:00,2287.547,1085.477,1353.07,4726.094
2050-06-24 10:00:00,2300.817,1136.186,1634.72,5071.723
2050-06-24 11:00:00,2301.654,1183.472,1908.82,5393.946
2050-06-24 12:00:00,2305.033,1228.056,2142.97,5676.059
2050-06-24 13:00:00,2305.305,1245.348,2298.05,5848.703
2050-06-24 14:00:00,2333.61,1241.699,2434.5,6009.809
2050-06-24 15:00:00,2380.749,1251.251,2476.21,6108.211
2050-06-24 16:00:00,2485.328,1338.884,2367.47,6191.682
2050-06-24 17:00:00,2607.94,1470.413,2021.39,6099.744
2050-06-24 18:00:00,2687.497,1750.938,1894.24,6332.675
2050-06-24 19:00:00,2734.551,1846.501,1645.08,6226.131
2050-06-24 20:00:00,2749.138,1899.595,1477.88,6126.613
2050-06-24 21:00:00,2625.419,1984.786,1258.21,5868.415
2050-06-24 22:00:00,2430.564,1890.382,1027.89,5348.836
2050-06-24 23:00:00,2213.944,1760.144,843.03,4817.118
2050-06-25 00:00:00,2028.918,1550.445,688.17,4267.533
2050-06-25 01:00:00,1927.625,1459.749,549.73,3937.104
2050-06-25 02:00:00,1868.784,1232.09,423.26,3524.134
2050-06-25 03:00:00,1843.281,1096.393,306.9,3246.574
2050-06-25 04:00:00,1865.26,962.687,206.03,3033.977
2050-06-25 05:00:00,1927.363,838.307,131.87,2897.54
2050-06-25 06:00:00,2076.612,760.694,107.69,2944.995
2050-06-25 07:00:00,2179.471,789.67,247.3,3216.441
2050-06-25 08:00:00,2241.921,897.668,501.78,3641.369
2050-06-25 09:00:00,2287.547,1085.477,816.57,4189.594
2050-06-25 10:00:00,2300.817,1136.186,1069.06,4506.063
2050-06-25 11:00:00,2301.654,1183.472,1334.18,4819.306
2050-06-25 12:00:00,2305.033,1228.056,1543.77,5076.859
2050-06-25 13:00:00,2305.305,1245.348,1651.08,5201.733
2050-06-25 14:00:00,2333.61,1241.699,1747.32,5322.629
2050-06-25 15:00:00,2380.749,1251.251,1825.02,5457.021
2050-06-25 16:00:00,2485.328,1338.884,1854.08,5678.292
2050-06-25 17:00:00,2607.94,1470.413,1835.61,5913.964
2050-06-25 18:00:00,2687.497,1750.938,1799.9,6238.335
2050-06-25 19:00:00,2734.551,1846.501,1624.64,6205.691
2050-06-25 20:00:00,2749.038,1899.595,1383.48,6032.114
2050-06-25 21:00:00,2625.419,1984.786,1121.75,5731.955
2050-06-25 22:00:00,2430.564,1890.382,929.33,5250.276
2050-06-25 23:00:00,2213.944,1760.144,768.31,4742.398
2050-06-26 00:00:00,2028.918,1550.445,630.65,4210.013
2050-06-26 01:00:00,1927.625,1459.749,512.49,3899.864
2050-06-26 02:00:00,1868.784,1232.09,402.49,3503.364
2050-06-26 03:00:00,1843.281,1096.393,297.5,3237.174
2050-06-26 04:00:00,1865.26,962.687,212.63,3040.577
2050-06-26 05:00:00,1927.514,838.307,155.62,2921.441
2050-06-26 06:00:00,2076.612,760.694,135.23,2972.535
2050-06-26 07:00:00,2179.471,789.67,301.54,3270.681
2050-06-26 08:00:00,2241.921,897.668,541.94,3681.529
2050-06-26 09:00:00,2287.547,1085.477,859.25,4232.274
2050-06-26 10:00:00,2300.817,1136.186,1110.4,4547.403
2050-06-26 11:00:00,2301.654,1183.472,1367.56,4852.686
2050-06-26 12:00:00,2305.033,1228.056,1611.47,5144.559
2050-06-26 13:00:00,2305.305,1245.348,1790.62,5341.273
2050-06-26 14:00:00,2333.61,1241.699,1928.93,5504.239
2050-06-26 15:00:00,2380.749,1251.251,2025.74,5657.741
2050-06-26 16:00:00,2485.328,1338.884,2082.81,5907.022
2050-06-26 17:00:00,2607.94,1470.413,2090.35,6168.704
2050-06-26 18:00:00,2687.497,1750.938,2062.26,6500.695
2050-06-26 19:00:00,2734.551,1846.501,1899.39,6480.441
2050-06-26 20:00:00,2749.038,1899.595,1658.78,6307.414
2050-06-26 21:00:00,2625.419,1984.786,1401.63,6011.835
2050-06-26 22:00:00,2430.564,1890.382,1202.87,5523.816
2050-06-26 23:00:00,2213.944,1760.144,1017.27,4991.358
2050-06-27 00:00:00,2028.918,1550.445,838.59,4417.953
2050-06-27 01:00:00,1927.625,1459.749,685.8,4073.174
2050-06-27 02:00:00,1868.784,1232.09,550.67,3651.544
2050-06-27 03:00:00,1843.281,1096.393,444.17,3383.844
2050-06-27 04:00:00,1865.26,962.687,348.97,3176.917
2050-06-27 05:00:00,1927.799,838.307,259.3,3025.407
2050-06-27 06:00:00,2076.612,760.694,216.08,3053.385
2050-06-27 07:00:00,2179.471,789.67,355.31,3324.451
2050-06-27 08:00:00,2241.921,897.668,590.37,3729.959
2050-06-27 09:00:00,2287.547,1085.477,894.26,4267.284
2050-06-27 10:00:00,2300.817,1136.186,1117.1,4554.103
2050-06-27 11:00:00,2301.654,1183.472,1340.36,4825.486
2050-06-27 12:00:00,2305.033,1228.056,1590.16,5123.249
2050-06-27 13:00:00,2305.305,1245.348,1776.45,5327.103
2050-06-27 14:00:00,2333.61,1241.699,1949.56,5524.869
2050-06-27 15:00:00,2380.749,1251.251,2106.3,5738.301
2050-06-27 16:00:00,2485.328,1338.884,2209.82,6034.032
2050-06-27 17:00:00,2607.94,1470.413,2225.48,6303.834
2050-06-27 18:00:00,2687.497,1750.938,2183.81,6622.245
2050-06-27 19:00:00,2734.551,1846.501,1912.22,6493.271
2050-06-27 20:00:00,2748.95,1899.595,1676.25,6324.795
2050-06-27 21:00:00,2625.419,1984.786,1440.1,6050.305
2050-06-27 22:00:00,2430.564,1890.382,1252.09,5573.036
2050-06-27 23:00:00,2213.944,1760.144,1102.71,5076.798
2050-06-28 00:00:00,2028.918,1550.445,968.62,4547.983
2050-06-28 01:00:00,1927.625,1459.749,870.79,4258.164
2050-06-28 02:00:00,1868.784,1232.09,799.65,3900.524
2050-06-28 03:00:00,1843.281,1096.393,736.19,3675.864
2050-06-28 04:00:00,1865.26,962.687,681.07,3509.017
2050-06-28 05:00:00,1928.047,838.307,636.41,3402.764
2050-06-28 06:00:00,2076.612,760.694,637.73,3475.035
2050-06-28 07:00:00,2179.471,789.67,810.65,3779.791
2050-06-28 08:00:00,2241.921,897.668,1077.86,4217.449
2050-06-28 09:00:00,2287.547,1085.477,1393.9,4766.924
2050-06-28 10:00:00,2300.817,1136.186,1633.18,5070.183
2050-06-28 11:00:00,2301.654,1183.472,1750.47,5235.596
2050-06-28 12:00:00,2305.033,1228.056,1877.29,5410.379
2050-06-28 13:00:00,2305.305,1245.348,2028.94,5579.593
2050-06-28 14:00:00,2333.61,1241.699,2182.34,5757.649
2050-06-28 15:00:00,2380.749,1251.251,2287.13,5919.131
2050-06-28 16:00:00,2485.328,1338.884,2362.98,6187.192
2050-06-28 17:00:00,2607.94,1470.413,2307.34,6385.694
2050-06-28 18:00:00,2687.497,1750.938,2111.64,6550.075
2050-06-28 19:00:00,2734.551,1846.501,1733.15,6314.201
2050-06-28 20:00:00,2749.038,1899.595,1501.45,6150.084
2050-06-28 21:00:00,2625.419,1984.786,1302.05,5912.255
2050-06-28 22:00:00,2430.564,1890.382,1132.46,5453.406
2050-06-28 23:00:00,2213.944,1760.144,987.0,4961.088
2050-06-29 00:00:00,2028.918,1550.445,866.9,4446.263
2050-06-29 01:00:00,1927.625,1459.749,775.45,4162.824
2050-06-29 02:00:00,1868.784,1232.09,708.14,3809.014
2050-06-29 03:00:00,1843.281,1096.393,637.0,3576.674
2050-06-29 04:00:00,1865.26,962.687,577.78,3405.727
2050-06-29 05:00:00,1928.291,838.307,525.12,3291.718
2050-06-29 06:00:00,2076.612,760.694,511.03,3348.335
2050-06-29 07:00:00,2179.471,789.67,641.88,3611.021
2050-06-29 08:00:00,2241.921,897.668,882.45,4022.039
2050-06-29 09:00:00,2287.547,1085.477,1158.57,4531.594
2050-06-29 10:00:00,2300.817,1136.186,1357.79,4794.793
2050-06-29 11:00:00,2301.654,1183.472,1591.82,5076.946
2050-06-29 12:00:00,2305.033,1228.056,1750.86,5283.949
2050-06-29 13:00:00,2305.305,1245.348,1818.16,5368.813
2050-06-29 14:00:00,2333.61,1241.699,1909.4,5484.709
2050-06-29 15:00:00,2380.749,1251.251,1982.54,5614.541
2050-06-29 16:00:00,2485.328,1338.884,2017.2,5841.412
2050-06-29 17:00:00,2607.94,1470.413,2017.13,6095.484
2050-06-29 18:00:00,2687.497,1750.938,2033.08,6471.515
2050-06-29 19:00:00,2734.551,1846.501,1881.71,6462.761
2050-06-29 20:00:00,2749.038,1899.595,1690.06,6338.694
2050-06-29 21:00:00,2625.419,1984.786,1454.36,6064.565
2050-06-29 22:00:00,2430.564,1890.382,1236.86,5557.806
2050-06-29 23:00:00,2213.944,1760.144,1027.97,5002.058
2050-06-30 00:00:00,2028.918,1550.445,821.78,4401.143
2050-06-30 01:00:00,1927.625,1459.749,616.49,4003.864
2050-06-30 02:00:00,1868.784,1232.09,445.27,3546.144
2050-06-30 03:00:00,1843.281,1096.393,276.43,3216.104
2050-06-30 04:00:00,1865.26,962.687,158.17,2986.117
2050-06-30 05:00:00,1928.662,838.307,77.98,2844.949
2050-06-30 06:00:00,2076.612,760.694,44.54,2881.845
2050-06-30 07:00:00,2179.471,789.67,46.52,3015.661
2050-06-30 08:00:00,2241.921,897.668,70.52,3210.109
2050-06-30 09:00:00,2287.547,1085.477,187.3,3560.324
2050-06-30 10:00:00,2300.817,1136.186,388.95,3825.953
2050-06-30 11:00:00,2301.654,1183.472,624.09,4109.216
2050-06-30 12:00:00,2305.033,1228.056,851.76,4384.849
2050-06-30 13:00:00,2305.305,1245.348,1038.16,4588.813
2050-06-30 14:00:00,2333.61,1241.699,1237.0,4812.309
2050-06-30 15:00:00,2380.749,1251.251,1414.16,5046.161
2050-06-30 16:00:00,2485.328,1338.884,1546.33,5370.542
2050-06-30 17:00:00,2607.94,1470.413,1608.7,5687.054
2050-06-30 18:00:00,2687.497,1750.938,1623.42,6061.855
2050-06-30 19:00:00,2734.551,1846.501,1477.74,6058.791
2050-06-30 20:00:00,2749.138,1899.595,1271.36,5920.093
2050-06-30 21:00:00,2625.419,1984.786,970.57,5580.775
2050-06-30 22:00:00,2430.564,1890.382,744.63,5065.576
2050-06-30 23:00:00,2213.944,1760.144,549.01,4523.098
2050-07-01 00:00:00,2028.918,1516.478,382.97,3928.366
2050-07-01 01:00:00,1927.625,1427.769,240.72,3596.114
2050-07-01 02:00:00,1868.784,1205.098,115.6,3189.481
2050-07-01 03:00:00,1843.281,1072.373,48.53,2964.185
2050-07-01 04:00:00,1865.26,941.596,23.37,2830.226
2050-07-01 05:00:00,1928.898,819.942,12.21,2761.05
2050-07-01 06:00:00,2076.612,744.029,8.74,2829.38
2050-07-01 07:00:00,2179.471,772.37,19.96,2971.801
2050-07-01 08:00:00,2241.921,878.002,97.99,3217.913
2050-07-01 09:00:00,2287.547,1061.697,279.68,3628.924
2050-07-01 10:00:00,2300.817,1111.294,524.89,3937.002
2050-07-01 11:00:00,2301.654,1157.544,752.5,4211.698
2050-07-01 12:00:00,2305.033,1201.152,941.44,4447.625
2050-07-01 13:00:00,2305.305,1218.065,1091.05,4614.42
2050-07-01 14:00:00,2333.61,1214.496,1279.94,4828.046
2050-07-01 15:00:00,2380.749,1223.839,1468.48,5073.068
2050-07-01 16:00:00,2485.328,1309.552,1612.08,5406.96
2050-07-01 17:00:00,2607.94,1438.2,1699.62,5745.76
2050-07-01 18:00:00,2687.497,1712.579,1749.68,6149.756
2050-07-01 19:00:00,2734.551,1806.048,1639.36,6179.959
2050-07-01 20:00:00,2749.228,1857.979,1397.83,6005.037
2050-07-01 21:00:00,2625.419,1941.303,1094.34,5661.063
2050-07-01 22:00:00,2430.564,1848.968,870.35,5149.881
2050-07-01 23:00:00,2213.944,1721.583,662.85,4598.377
2050-07-02 00:00:00,2028.918,1516.478,473.96,4019.356
2050-07-02 01:00:00,1927.625,1427.769,302.3,3657.694
2050-07-02 02:00:00,1868.784,1205.098,152.79,3226.671
2050-07-02 03:00:00,1843.281,1072.373,64.22,2979.875
2050-07-02 04:00:00,1865.26,941.596,30.03,2836.886
2050-07-02 05:00:00,1929.275,819.942,14.89,2764.107
2050-07-02 06:00:00,2076.612,744.029,9.65,2830.29
2050-07-02 07:00:00,2179.471,772.37,27.78,2979.621
2050-07-02 08:00:00,2241.921,878.002,117.21,3237.133
2050-07-02 09:00:00,2287.547,1061.697,391.43,3740.674
2050-07-02 10:00:00,2300.817,1111.294,626.84,4038.952
2050-07-02 11:00:00,2301.654,1157.544,844.77,4303.968
2050-07-02 12:00:00,2305.033,1201.152,1036.36,4542.545
2050-07-02 13:00:00,2305.305,1218.065,1195.64,4719.01
2050-07-02 14:00:00,2333.61,1214.496,1383.55,4931.656
2050-07-02 15:00:00,2380.749,1223.839,1546.31,5150.898
2050-07-02 16:00:00,2485.328,1309.552,1648.75,5443.63
2050-07-02 17:00:00,2607.94,1438.2,1684.68,5730.82
2050-07-02 18:00:00,2687.497,1712.579,1688.05,6088.126
2050-07-02 19:00:00,2734.551,1806.048,1547.39,6087.989
2050-07-02 20:00:00,2749.723,1857.979,1275.71,5883.412
2050-07-02 21:00:00,2625.419,1941.303,967.92,5534.643
2050-07-02 22:00:00,2430.564,1848.968,747.35,5026.881
2050-07-02 23:00:00,2213.944,1721.583,557.26,4492.787
2050-07-03 00:00:00,2028.918,1516.478,388.93,3934.326
2050-07-03 01:00:00,1927.625,1427.769,247.04,3602.434
2050-07-03 02:00:00,1868.784,1205.098,135.32,3209.201
2050-07-03 03:00:00,1843.281,1072.373,69.57,2985.225
2050-07-03 04:00:00,1865.26,941.596,40.12,2846.976
2050-07-03 05:00:00,1929.535,819.942,21.33,2770.807
2050-07-03 06:00:00,2076.612,744.029,14.14,2834.78
2050-07-03 07:00:00,2179.471,772.37,35.21,2987.051
2050-07-03 08:00:00,2241.921,878.002,137.71,3257.633
2050-07-03 09:00:00,2287.547,1061.697,458.89,3808.134
2050-07-03 10:00:00,2300.817,1111.294,786.72,4198.832
2050-07-03 11:00:00,2301.654,1157.544,1120.63,4579.828
2050-07-03 12:00:00,2305.033,1201.152,1416.72,4922.905
2050-07-03 13:00:00,2305.305,1218.065,1634.25,5157.62
2050-07-03 14:00:00,2333.61,1214.496,1841.62,5389.726
2050-07-03 15:00:00,2380.749,1223.839,2020.17,5624.758
2050-07-03 16:00:00,2485.328,1309.552,2145.25,5940.13
2050-07-03 17:00:00,2607.94,1438.2,2187.87,6234.01
2050-07-03 18:00:00,2687.497,1712.579,2160.55,6560.626
2050-07-03 19:00:00,2734.551,1806.048,1998.76,6539.359
2050-07-03 20:00:00,2750.025,1857.979,1695.69,6303.694
2050-07-03 21:00:00,2625.419,1941.303,1355.24,5921.963
2050-07-03 22:00:00,2430.564,1848.968,1122.3,5401.831
2050-07-03 23:00:00,2213.944,1721.583,944.94,4880.467
2050-07-04 00:00:00,2028.918,1516.478,799.81,4345.206
2050-07-04 01:00:00,1927.625,1427.769,670.65,4026.044
2050-07-04 02:00:00,1868.784,1205.098,562.62,3636.501
2050-07-04 03:00:00,1843.281,1072.373,455.25,3370.905
2050-07-04 04:00:00,1865.26,941.596,350.25,3157.106
2050-07-04 05:00:00,1930.005,819.942,252.74,3002.687
2050-07-04 06:00:00,2076.612,744.029,196.79,3017.43
2050-07-04 07:00:00,2179.471,772.37,335.31,3287.151
2050-07-04 08:00:00,2241.921,878.002,595.58,3715.503
2050-07-04 09:00:00,2287.547,1061.697,947.01,4296.254
2050-07-04 10:00:00,2300.817,1111.294,1311.23,4723.342
2050-07-04 11:00:00,2301.654,1157.544,1648.44,5107.638
2050-07-04 12:00:00,2305.033,1201.152,1958.65,5464.835
2050-07-04 13:00:00,2305.305,1218.065,2186.16,5709.53
2050-07-04 14:00:00,2333.61,1214.496,2329.79,5877.896
2050-07-04 15:00:00,2380.749,1223.839,2434.52,6039.108
2050-07-04 16:00:00,2485.328,1309.552,2505.3,6300.18
2050-07-04 17:00:00,2607.94,1438.2,2486.71,6532.85
2050-07-04 18:00:00,2687.497,1712.579,2464.21,6864.286
2050-07-04 19:00:00,2734.551,1806.048,2314.64,6855.239
2050-07-04 20:00:00,2750.738,1857.979,2020.03,6628.748
2050-07-04 21:00:00,2625.419,1941.303,1747.35,6314.073
2050-07-04 22:00:00,2430.564,1848.968,1585.62,5865.151
2050-07-04 23:00:00,2213.944,1721.583,1431.0,5366.527
2050-07-05 00:00:00,2028.918,1516.478,1298.99,4844.386
2050-07-05 01:00:00,1927.625,1427.769,1181.63,4537.024
2050-07-05 02:00:00,1868.784,1205.098,1061.04,4134.921
2050-07-05 03:00:00,1843.281,1072.373,948.41,3864.065
2050-07-05 04:00:00,1865.26,941.596,829.73,3636.586
2050-07-05 05:00:00,1930.299,819.942,713.49,3463.73
2050-07-05 06:00:00,2076.612,744.029,639.08,3459.72
2050-07-05 07:00:00,2179.471,772.37,774.69,3726.531
2050-07-05 08:00:00,2241.921,878.002,1028.1,4148.023
2050-07-05 09:00:00,2287.547,1061.697,1356.92,4706.164
2050-07-05 10:00:00,2300.817,1111.294,1695.48,5107.592
2050-07-05 11:00:00,2301.654,1157.544,1989.92,5449.118
2050-07-05 12:00:00,2305.033,1201.152,2255.63,5761.815
2050-07-05 13:00:00,2305.305,1218.065,2456.05,5979.42
2050-07-05 14:00:00,2333.61,1214.496,2637.43,6185.536
2050-07-05 15:00:00,2380.749,1223.839,2782.69,6387.278
2050-07-05 16:00:00,2485.328,1309.552,2829.63,6624.51
2050-07-05 17:00:00,2607.94,1438.2,2797.87,6844.01
2050-07-05 18:00:00,2687.497,1712.579,2756.26,7156.336
2050-07-05 19:00:00,2734.551,1806.048,2587.12,7127.719
2050-07-05 20:00:00,2751.284,1857.979,2258.58,6867.843
2050-07-05 21:00:00,2625.419,1941.303,1916.85,6483.573
2050-07-05 22:00:00,2430.564,1848.968,1666.28,5945.811
2050-07-05 23:00:00,2213.944,1721.583,1442.41,5377.937
2050-07-06 00:00:00,2028.918,1516.478,1252.49,4797.886
2050-07-06 01:00:00,1927.625,1427.769,1089.28,4444.674
2050-07-06 02:00:00,1868.784,1205.098,940.39,4014.271
2050-07-06 03:00:00,1843.281,1072.373,818.01,3733.665
2050-07-06 04:00:00,1865.26,941.596,715.46,3522.316
2050-07-06 05:00:00,1930.695,819.942,633.32,3383.957
2050-07-06 06:00:00,2076.612,744.029,604.26,3424.9
2050-07-06 07:00:00,2179.471,772.37,799.26,3751.101
2050-07-06 08:00:00,2241.921,878.002,1120.28,4240.203
2050-07-06 09:00:00,2287.547,1061.697,1484.29,4833.534
2050-07-06 10:00:00,2300.817,1111.294,1849.09,5261.202
2050-07-06 11:00:00,2301.654,1157.544,2143.14,5602.338
2050-07-06 12:00:00,2305.033,1201.152,2391.1,5897.285
2050-07-06 13:00:00,2305.305,1218.065,2576.16,6099.53
2050-07-06 14:00:00,2333.61,1214.496,2731.34,6279.446
2050-07-06 15:00:00,2380.749,1223.839,2817.04,6421.628
2050-07-06 16:00:00,2485.328,1309.552,2861.08,6655.96
2050-07-06 17:00:00,2607.94,1438.2,2845.55,6891.69
2050-07-06 18:00:00,2687.497,1712.579,2785.56,7185.636
2050-07-06 19:00:00,2734.551,1806.048,2631.83,7172.429
2050-07-06 20:00:00,2751.919,1857.979,2317.01,6926.909
2050-07-06 21:00:00,2625.419,1941.303,1995.7,6562.423
2050-07-06 22:00:00,2430.564,1848.968,1770.83,6050.361
2050-07-06 23:00:00,2213.944,1721.583,1548.78,5484.307
2050-07-07 00:00:00,2028.918,1516.478,1352.61,4898.006
2050-07-07 01:00:00,1927.625,1427.769,1191.28,4546.674
2050-07-07 02:00:00,1868.784,1205.098,1051.5,4125.381
2050-07-07 03:00:00,1843.281,1072.373,923.75,3839.405
2050-07-07 04:00:00,1865.26,941.596,810.27,3617.126
2050-07-07 05:00:00,1931.138,819.942,709.42,3460.5
2050-07-07 06:00:00,2076.612,744.029,646.41,3467.05
2050-07-07 07:00:00,2179.471,772.37,771.16,3723.001
2050-07-07 08:00:00,2241.921,878.002,985.29,4105.213
2050-07-07 09:00:00,2287.547,1061.697,1277.21,4626.454
2050-07-07 10:00:00,2300.817,1111.294,1609.18,5021.292
2050-07-07 11:00:00,2301.654,1157.544,1873.11,5332.308
2050-07-07 12:00:00,2305.033,1201.152,2063.88,5570.065
2050-07-07 13:00:00,2305.305,1218.065,2183.62,5706.99
2050-07-07 14:00:00,2333.61,1214.496,2289.6,5837.706
2050-07-07 15:00:00,2380.749,1223.839,2368.06,5972.648
2050-07-07 16:00:00,2485.328,1309.552,2393.96,6188.84
2050-07-07 17:00:00,2607.94,1438.2,2339.01,6385.15
2050-07-07 18:00:00,2687.497,1712.579,2261.24,6661.316
2050-07-07 19:00:00,2734.551,1806.048,2091.24,6631.839
2050-07-07 20:00:00,2752.429,1857.979,1746.78,6357.188
2050-07-07 21:00:00,2625.419,1941.303,1404.54,5971.263
2050-07-07 22:00:00,2430.564,1848.968,1173.74,5453.271
2050-07-07 23:00:00,2213.944,1721.583,986.38,4921.907
2050-07-08 00:00:00,2028.918,1516.478,828.29,4373.686
2050-07-08 01:00:00,1927.625,1427.769,703.53,4058.924
2050-07-08 02:00:00,1868.784,1205.098,599.06,3672.941
2050-07-08 03:00:00,1843.281,1072.373,509.7,3425.355
2050-07-08 04:00:00,1865.26,941.596,440.85,3247.706
2050-07-08 05:00:00,1931.499,819.942,381.19,3132.631
2050-07-08 06:00:00,2076.612,744.029,345.55,3166.19
2050-07-08 07:00:00,2179.471,772.37,393.3,3345.141
2050-07-08 08:00:00,2241.921,878.002,548.35,3668.273
2050-07-08 09:00:00,2287.547,1061.697,736.37,4085.614
2050-07-08 10:00:00,2300.817,1111.294,1032.96,4445.072
2050-07-08 11:00:00,2301.654,1157.544,1212.87,4672.068
2050-07-08 12:00:00,2305.033,1201.152,1402.44,4908.625
2050-07-08 13:00:00,2305.305,1218.065,1549.76,5073.13
2050-07-08 14:00:00,2333.61,1214.496,1703.31,5251.416
2050-07-08 15:00:00,2380.749,1223.839,1843.92,5448.508
2050-07-08 16:00:00,2485.328,1309.552,1935.94,5730.82
2050-07-08 17:00:00,2607.94,1438.2,1965.74,6011.88
2050-07-08 18:00:00,2687.497,1712.579,1956.86,6356.936
2050-07-08 19:00:00,2734.551,1806.048,1855.51,6396.109
2050-07-08 20:00:00,2753.53,1857.979,1567.36,6178.869
2050-07-08 21:00:00,2625.419,1941.303,1255.6,5822.323
2050-07-08 22:00:00,2430.564,1848.968,1043.31,5322.841
2050-07-08 23:00:00,2213.944,1721.583,865.77,4801.297
2050-07-09 00:00:00,2028.918,1516.478,717.31,4262.706
2050-07-09 01:00:00,1927.625,1427.769,596.28,3951.674
2050-07-09 02:00:00,1868.784,1205.098,496.84,3570.721
2050-07-09 03:00:00,1843.281,1072.373,409.47,3325.125
2050-07-09 04:00:00,1865.26,941.596,334.01,3140.866
2050-07-09 05:00:00,1931.966,819.942,268.45,3020.357
2050-07-09 06:00:00,2076.612,744.029,245.04,3065.68
2050-07-09 07:00:00,2179.471,772.37,378.51,3330.351
2050-07-09 08:00:00,2241.921,878.002,511.34,3631.263
2050-07-09 09:00:00,2287.547,1061.697,725.56,4074.804
2050-07-09 10:00:00,2300.817,1111.294,976.11,4388.222
2050-07-09 11:00:00,2301.654,1157.544,1179.77,4638.968
2050-07-09 12:00:00,2305.033,1201.152,1374.92,4881.105
2050-07-09 13:00:00,2305.305,1218.065,1504.07,5027.44
2050-07-09 14:00:00,2333.61,1214.496,1666.19,5214.296
2050-07-09 15:00:00,2380.749,1223.839,1810.02,5414.608
2050-07-09 16:00:00,2485.328,1309.552,1911.75,5706.63
2050-07-09 17:00:00,2607.94,1438.2,1950.19,5996.33
2050-07-09 18:00:00,2687.497,1712.579,1949.62,6349.696
2050-07-09 19:00:00,2734.551,1806.048,1862.63,6403.229
2050-07-09 20:00:00,2754.248,1857.979,1581.94,6194.167
2050-07-09 21:00:00,2625.419,1941.303,1279.8,5846.523
2050-07-09 22:00:00,2430.564,1848.968,1073.88,5353.411
2050-07-09 23:00:00,2213.944,1721.583,901.45,4836.977
2050-07-10 00:00:00,2028.918,1516.478,761.61,4307.006
2050-07-10 01:00:00,1927.625,1427.769,647.49,4002.884
2050-07-10 02:00:00,1868.784,1205.098,552.6,3626.481
2050-07-10 03:00:00,1843.281,1072.373,471.67,3387.325
2050-07-10 04:00:00,1865.26,941.596,400.75,3207.606
2050-07-10 05:00:00,1932.412,819.942,341.34,3093.694
2050-07-10 06:00:00,2076.612,744.029,313.48,3134.12
2050-07-10 07:00:00,2179.471,772.37,470.28,3422.121
2050-07-10 08:00:00,2241.921,878.002,666.26,3786.183
2050-07-10 09:00:00,2287.547,1061.697,877.91,4227.154
2050-07-10 10:00:00,2300.817,1111.294,1130.27,4542.382
2050-07-10 11:00:00,2301.654,1157.544,1314.42,4773.618
2050-07-10 12:00:00,2305.033,1201.152,1428.23,4934.415
2050-07-10 13:00:00,2305.305,1218.065,1407.69,4931.06
2050-07-10 14:00:00,2333.61,1214.496,1327.81,4875.916
2050-07-10 15:00:00,2380.749,1223.839,1263.0,4867.588
2050-07-10 16:00:00,2485.328,1309.552,1235.12,5030.0
2050-07-10 17:00:00,2607.94,1438.2,1209.02,5255.16
2050-07-10 18:00:00,2687.497,1712.579,1195.24,5595.316
2050-07-10 19:00:00,2734.551,1806.048,1102.94,5643.539
2050-07-10 20:00:00,2755.305,1857.979,907.67,5520.955
2050-07-10 21:00:00,2625.419,1941.303,756.64,5323.363
2050-07-10 22:00:00,2430.564,1848.968,664.51,4944.041
2050-07-10 23:00:00,2213.944,1721.583,578.65,4514.177
2050-07-11 00:00:00,2028.918,1516.478,488.89,4034.286
2050-07-11 01:00:00,1927.625,1427.769,411.51,3766.904
2050-07-11 02:00:00,1868.784,1205.098,344.9,3418.781
2050-07-11 03:00:00,1843.281,1072.373,282.75,3198.405
2050-07-11 04:00:00,1865.26,941.596,222.94,3029.796
2050-07-11 05:00:00,1932.869,819.942,165.42,2918.23
2050-07-11 06:00:00,2076.612,744.029,139.37,2960.01
2050-07-11 07:00:00,2179.471,772.37,300.17,3252.011
2050-07-11 08:00:00,2241.921,878.002,494.74,3614.663
2050-07-11 09:00:00,2287.547,1061.697,752.82,4102.064
2050-07-11 10:00:00,2300.817,1111.294,1050.74,4462.852
2050-07-11 11:00:00,2301.654,1157.544,1274.93,4734.128
2050-07-11 12:00:00,2305.033,1201.152,1487.29,4993.475
2050-07-11 13:00:00,2305.305,1218.065,1655.63,5179.0
2050-07-11 14:00:00,2333.61,1214.496,1826.04,5374.146
2050-07-11 15:00:00,2380.749,1223.839,1973.18,5577.768
2050-07-11 16:00:00,2485.328,1309.552,2058.92,5853.8
2050-07-11 17:00:00,2607.94,1438.2,2059.18,6105.32
2050-07-11 18:00:00,2687.497,1712.579,1993.52,6393.596
2050-07-11 19:00:00,2734.551,1806.048,1857.01,6397.609
2050-07-11 20:00:00,2756.331,1857.979,1538.27,6152.58
2050-07-11 21:00:00,2625.419,1941.303,1234.1,5800.823
2050-07-11 22:00:00,2430.564,1848.968,1040.8,5320.331
2050-07-11 23:00:00,2213.944,1721.583,878.29,4813.817
2050-07-12 00:00:00,2028.918,1516.478,742.66,4288.056
2050-07-12 01:00:00,1927.625,1427.769,623.04,3978.434
2050-07-12 02:00:00,1868.784,1205.098,519.8,3593.681
2050-07-12 03:00:00,1843.281,1072.373,438.14,3353.795
2050-07-12 04:00:00,1865.26,941.596,370.76,3177.616
2050-07-12 05:00:00,1933.276,819.942,309.13,3062.347
2050-07-12 06:00:00,2076.612,744.029,269.06,3089.7
2050-07-12 07:00:00,2179.471,772.37,385.86,3337.701
2050-07-12 08:00:00,2241.921,878.002,581.01,3700.933
2050-07-12 09:00:00,2287.547,1061.697,866.72,4215.964
2050-07-12 10:00:00,2300.817,1111.294,1207.46,4619.572
2050-07-12 11:00:00,2301.654,1157.544,1460.66,4919.858
2050-07-12 12:00:00,2305.033,1201.152,1672.97,5179.155
2050-07-12 13:00:00,2305.305,1218.065,1809.87,5333.24
2050-07-12 14:00:00,2333.61,1214.496,1917.92,5466.026
2050-07-12 15:00:00,2380.749,1223.839,2013.45,5618.038
2050-07-12 16:00:00,2485.328,1309.552,2066.42,5861.3
2050-07-12 17:00:00,2607.94,1438.2,1972.01,6018.15
2050-07-12 18:00:00,2687.497,1712.579,1854.31,6254.386
2050-07-12 19:00:00,2734.551,1806.048,1668.1,6208.699
2050-07-12 20:00:00,2757.365,1857.979,1370.79,5986.134
2050-07-12 21:00:00,2625.419,1941.303,1134.15,5700.873
2050-07-12 22:00:00,2430.564,1848.968,978.05,5257.581
2050-07-12 23:00:00,2213.944,1721.583,851.96,4787.487
2050-07-13 00:00:00,2028.918,1516.478,749.76,4295.156
2050-07-13 01:00:00,1927.625,1427.769,661.96,4017.354
2050-07-13 02:00:00,1868.784,1205.098,583.67,3657.551
2050-07-13 03:00:00,1843.281,1072.373,513.22,3428.875
2050-07-13 04:00:00,1865.26,941.596,459.0,3265.856
2050-07-13 05:00:00,1933.829,819.942,405.75,3159.52
2050-07-13 06:00:00,2076.612,744.029,367.97,3188.61
2050-07-13 07:00:00,2179.471,772.37,427.07,3378.911
2050-07-13 08:00:00,2241.921,878.002,502.18,3622.103
2050-07-13 09:00:00,2287.547,1061.697,717.7,4066.944
2050-07-13 10:00:00,2300.817,1111.294,1012.77,4424.882
2050-07-13 11:00:00,2301.654,1157.544,1151.47,4610.668
2050-07-13 12:00:00,2305.033,1201.152,1296.24,4802.425
2050-07-13 13:00:00,2305.305,1218.065,1372.36,4895.73
2050-07-13 14:00:00,2333.61,1214.496,1488.3,5036.406
2050-07-13 15:00:00,2380.749,1223.839,1413.8,5018.388
2050-07-13 16:00:00,2485.328,1309.552,1360.43,5155.31
2050-07-13 17:00:00,2607.94,1438.2,1261.86,5308.0
2050-07-13 18:00:00,2687.497,1712.579,1166.05,5566.126
2050-07-13 19:00:00,2734.551,1806.048,1063.66,5604.259
2050-07-13 20:00:00,2758.577,1857.979,890.98,5507.536
2050-07-13 21:00:00,2625.419,1941.303,753.64,5320.363
2050-07-13 22:00:00,2430.564,1848.968,686.21,4965.741
2050-07-13 23:00:00,2213.944,1721.583,636.83,4572.357
2050-07-14 00:00:00,2028.918,1516.478,593.75,4139.146
2050-07-14 01:00:00,1927.625,1427.769,560.94,3916.334
2050-07-14 02:00:00,1868.784,1205.098,540.53,3614.411
2050-07-14 03:00:00,1843.281,1072.373,534.73,3450.385
2050-07-14 04:00:00,1865.26,941.596,527.17,3334.026
2050-07-14 05:00:00,1934.347,819.942,521.69,3275.979
2050-07-14 06:00:00,2076.612,744.029,509.3,3329.94
2050-07-14 07:00:00,2179.471,772.37,614.74,3566.581
2050-07-14 08:00:00,2241.921,878.002,771.33,3891.253
2050-07-14 09:00:00,2287.547,1061.697,989.24,4338.484
2050-07-14 10:00:00,2300.817,1111.294,1287.16,4699.272
2050-07-14 11:00:00,2301.654,1157.544,1520.84,4980.038
2050-07-14 12:00:00,2305.033,1201.152,1722.79,5228.975
2050-07-14 13:00:00,2305.305,1218.065,1890.19,5413.56
2050-07-14 14:00:00,2333.61,1214.496,2040.3,5588.406
2050-07-14 15:00:00,2380.749,1223.839,2169.87,5774.458
2050-07-14 16:00:00,2485.328,1309.552,2224.12,6019.0
2050-07-14 17:00:00,2607.94,1438.2,2187.26,6233.4
2050-07-14 18:00:00,2687.497,1712.579,2088.9,6488.976
2050-07-14 19:00:00,2734.551,1806.048,1950.26,6490.859
2050-07-14 20:00:00,2759.717,1857.979,1673.72,6291.416
2050-07-14 21:00:00,2625.419,1941.303,1441.51,6008.233
2050-07-14 22:00:00,2430.564,1848.968,1306.39,5585.921
2050-07-14 23:00:00,2213.944,1721.583,1186.1,5121.627
2050-07-15 00:00:00,2028.918,1516.478,1044.69,4590.086
2050-07-15 01:00:00,1927.625,1427.769,921.2,4276.594
2050-07-15 02:00:00,1868.784,1205.098,819.38,3893.261
2050-07-15 03:00:00,1843.281,1072.373,729.11,3644.765
2050-07-15 04:00:00,1865.26,941.596,639.8,3446.656
2050-07-15 05:00:00,1934.828,819.942,545.8,3300.57
2050-07-15 06:00:00,2076.612,744.029,473.52,3294.16
2050-07-15 07:00:00,2179.471,772.37,574.72,3526.561
2050-07-15 08:00:00,2241.921,878.002,726.52,3846.443
2050-07-15 09:00:00,2287.547,1061.697,943.75,4292.994
2050-07-15 10:00:00,2300.817,1111.294,1239.72,4651.832
2050-07-15 11:00:00,2301.654,1157.544,1445.44,4904.638
2050-07-15 12:00:00,2305.033,1201.152,1613.07,5119.255
2050-07-15 13:00:00,2305.305,1218.065,1695.59,5218.96
2050-07-15 14:00:00,2333.61,1214.496,1774.97,5323.076
2050-07-15 15:00:00,2380.749,1223.839,1863.2,5467.788
2050-07-15 16:00:00,2485.328,1309.552,1918.55,5713.43
2050-07-15 17:00:00,2607.94,1438.2,1911.82,5957.96
2050-07-15 18:00:00,2687.497,1712.579,1870.86,6270.936
2050-07-15 19:00:00,2734.551,1806.048,1775.26,6315.859
2050-07-15 20:00:00,2760.902,1857.979,1468.72,6087.601
2050-07-15 21:00:00,2625.419,1941.303,1154.0,5720.723
2050-07-15 22:00:00,2430.564,1848.968,942.95,5222.481
2050-07-15 23:00:00,2213.944,1721.583,766.7,4702.227
2050-07-16 00:00:00,2028.918,1516.478,624.44,4169.836
2050-07-16 01:00:00,1927.625,1427.769,513.31,3868.704
2050-07-16 02:00:00,1868.784,1205.098,421.58,3495.461
2050-07-16 03:00:00,1843.281,1072.373,346.49,3262.145
2050-07-16 04:00:00,1865.26,941.596,284.68,3091.536
2050-07-16 05:00:00,1935.339,819.942,242.81,2998.091
2050-07-16 06:00:00,2076.612,744.029,215.72,3036.36
2050-07-16 07:00:00,2179.471,772.37,241.08,3192.921
2050-07-16 08:00:00,2241.921,878.002,311.34,3431.263
2050-07-16 09:00:00,2287.547,1061.697,498.03,3847.274
2050-07-16 10:00:00,2300.817,1111.294,815.82,4227.932
2050-07-16 11:00:00,2301.654,1157.544,1050.19,4509.388
2050-07-16 12:00:00,2305.033,1201.152,1254.53,4760.715
2050-07-16 13:00:00,2305.305,1218.065,1403.37,4926.74
2050-07-16 14:00:00,2333.61,1214.496,1564.0,5112.106
2050-07-16 15:00:00,2380.749,1223.839,1721.21,5325.798
2050-07-16 16:00:00,2485.328,1309.552,1837.76,5632.64
2050-07-16 17:00:00,2607.94,1438.2,1861.3,5907.44
2050-07-16 18:00:00,2687.497,1712.579,1821.51,6221.586
2050-07-16 19:00:00,2734.551,1806.048,1707.24,6247.839
2050-07-16 20:00:00,2762.593,1857.979,1444.65,6065.223
2050-07-16 21:00:00,2625.419,1941.303,1216.41,5783.133
2050-07-16 22:00:00,2430.564,1848.968,1081.56,5361.091
2050-07-16 23:00:00,2213.944,1721.583,971.14,4906.667
2050-07-17 00:00:00,2028.918,1516.478,874.01,4419.406
2050-07-17 01:00:00,1927.625,1427.769,797.22,4152.614
2050-07-17 02:00:00,1868.784,1205.098,729.83,3803.711
2050-07-17 03:00:00,1843.281,1072.373,669.77,3585.425
2050-07-17 04:00:00,1865.26,941.596,615.48,3422.336
2050-07-17 05:00:00,1935.82,819.942,573.08,3328.842
2050-07-17 06:00:00,2076.612,744.029,537.79,3358.43
2050-07-17 07:00:00,2179.471,772.37,643.09,3594.931
2050-07-17 08:00:00,2241.921,878.002,812.49,3932.413
2050-07-17 09:00:00,2287.547,1061.697,1059.62,4408.864
2050-07-17 10:00:00,2300.817,1111.294,1397.08,4809.192
2050-07-17 11:00:00,2301.654,1157.544,1650.79,5109.988
2050-07-17 12:00:00,2305.033,1201.152,1876.4,5382.585
2050-07-17 13:00:00,2305.305,1218.065,2060.68,5584.05
2050-07-17 14:00:00,2333.61,1214.496,2247.53,5795.636
2050-07-17 15:00:00,2380.749,1223.839,2395.84,6000.428
2050-07-17 16:00:00,2485.328,1309.552,2475.62,6270.5
2050-07-17 17:00:00,2607.94,1438.2,2472.46,6518.6
2050-07-17 18:00:00,2687.497,1712.579,2412.69,6812.766
2050-07-17 19:00:00,2734.551,1806.048,2284.2,6824.799
2050-07-17 20:00:00,2763.999,1857.979,1943.74,6565.718
2050-07-17 21:00:00,2625.419,1941.303,1634.92,6201.643
2050-07-17 22:00:00,2430.564,1848.968,1427.48,5707.011
2050-07-17 23:00:00,2213.944,1721.583,1244.64,5180.167
2050-07-18 00:00:00,2028.918,1516.478,1118.95,4664.346
2050-07-18 01:00:00,1927.625,1427.769,1003.55,4358.944
2050-07-18 02:00:00,1868.784,1205.098,909.24,3983.121
2050-07-18 03:00:00,1843.281,1072.373,828.02,3743.675
2050-07-18 04:00:00,1865.26,941.596,739.28,3546.136
2050-07-18 05:00:00,1936.361,819.942,655.08,3411.383
2050-07-18 06:00:00,2076.612,744.029,592.92,3413.56
2050-07-18 07:00:00,2179.471,772.37,723.57,3675.411
2050-07-18 08:00:00,2241.921,878.002,934.93,4054.853
2050-07-18 09:00:00,2287.547,1061.697,1220.65,4569.894
2050-07-18 10:00:00,2300.817,1111.294,1591.02,5003.132
2050-07-18 11:00:00,2301.654,1157.544,1852.59,5311.788
2050-07-18 12:00:00,2305.033,1201.152,2066.52,5572.705
2050-07-18 13:00:00,2305.305,1218.065,2185.07,5708.44
2050-07-18 14:00:00,2333.61,1214.496,2245.83,5793.936
2050-07-18 15:00:00,2380.749,1223.839,2339.33,5943.918
2050-07-18 16:00:00,2485.328,1309.552,2428.26,6223.14
2050-07-18 17:00:00,2607.94,1438.2,2477.92,6524.06
2050-07-18 18:00:00,2687.497,1712.579,2509.6,6909.676
2050-07-18 19:00:00,2734.551,1806.048,2474.27,7014.869
2050-07-18 20:00:00,2765.394,1857.979,2190.41,6813.783
2050-07-18 21:00:00,2625.419,1941.303,1881.88,6448.603
2050-07-18 22:00:00,2430.564,1848.968,1676.2,5955.731
2050-07-18 23:00:00,2213.944,1721.583,1491.49,5427.017
2050-07-19 00:00:00,2028.918,1516.478,1324.08,4869.476
2050-07-19 01:00:00,1927.625,1427.769,1190.08,4545.474
2050-07-19 02:00:00,1868.784,1205.098,1085.66,4159.541
2050-07-19 03:00:00,1843.281,1072.373,981.45,3897.105
2050-07-19 04:00:00,1865.26,941.596,894.67,3701.526
2050-07-19 05:00:00,1936.976,819.942,821.59,3578.507
2050-07-19 06:00:00,2076.612,744.029,773.89,3594.53
2050-07-19 07:00:00,2179.471,772.37,886.15,3837.991
2050-07-19 08:00:00,2241.921,878.002,1099.28,4219.203
2050-07-19 09:00:00,2287.547,1061.697,1355.14,4704.384
2050-07-19 10:00:00,2300.817,1111.294,1668.64,5080.752
2050-07-19 11:00:00,2301.654,1157.544,1837.12,5296.318
2050-07-19 12:00:00,2305.033,1201.152,1990.83,5497.015
2050-07-19 13:00:00,2305.305,1218.065,2034.64,5558.01
2050-07-19 14:00:00,2333.61,1214.496,2028.49,5576.596
2050-07-19 15:00:00,2380.749,1223.839,2025.22,5629.808
2050-07-19 16:00:00,2485.328,1309.552,2018.83,5813.71
2050-07-19 17:00:00,2607.94,1438.2,1758.86,5805.0
2050-07-19 18:00:00,2687.497,1712.579,1735.43,6135.506
2050-07-19 19:00:00,2734.551,1806.048,1697.6,6238.199
2050-07-19 20:00:00,2767.371,1857.979,1454.92,6080.27
2050-07-19 21:00:00,2625.419,1941.303,1224.82,5791.543
2050-07-19 22:00:00,2430.564,1848.968,1100.47,5380.001
2050-07-19 23:00:00,2213.944,1721.583,978.77,4914.297
2050-07-20 00:00:00,2028.918,1516.478,885.12,4430.516
2050-07-20 01:00:00,1927.625,1427.769,784.5,4139.894
2050-07-20 02:00:00,1868.784,1205.098,685.49,3759.371
2050-07-20 03:00:00,1843.281,1072.373,591.23,3506.885
2050-07-20 04:00:00,1865.26,941.596,506.47,3313.326
2050-07-20 05:00:00,1937.529,819.942,434.66,3192.131
2050-07-20 06:00:00,2076.612,744.029,383.04,3203.68
2050-07-20 07:00:00,2179.471,772.37,508.95,3460.791
2050-07-20 08:00:00,2241.921,878.002,699.85,3819.773
2050-07-20 09:00:00,2287.547,1061.697,966.76,4316.004
2050-07-20 10:00:00,2300.817,1111.294,1309.25,4721.362
2050-07-20 11:00:00,2301.654,1157.544,1537.85,4997.048
2050-07-20 12:00:00,2305.033,1201.152,1718.82,5225.005
2050-07-20 13:00:00,2305.305,1218.065,1871.88,5395.25
2050-07-20 14:00:00,2333.61,1214.496,2009.79,5557.896
2050-07-20 15:00:00,2380.749,1223.839,2128.71,5733.298
2050-07-20 16:00:00,2485.328,1309.552,2218.3,6013.18
2050-07-20 17:00:00,2607.94,1438.2,2252.47,6298.61
2050-07-20 18:00:00,2687.497,1712.579,2181.88,6581.956
2050-07-20 19:00:00,2734.551,1806.048,2080.46,6621.059
2050-07-20 20:00:00,2768.683,1857.979,1771.48,6398.143
2050-07-20 21:00:00,2625.419,1941.303,1464.43,6031.153
2050-07-20 22:00:00,2430.564,1848.968,1293.15,5572.681
2050-07-20 23:00:00,2213.944,1721.583,1177.14,5112.667
2050-07-21 00:00:00,2028.918,1516.478,1073.92,4619.316
2050-07-21 01:00:00,1927.625,1427.769,979.28,4334.674
2050-07-21 02:00:00,1868.784,1205.098,883.49,3957.371
2050-07-21 03:00:00,1843.281,1072.373,798.51,3714.165
2050-07-21 04:00:00,1865.26,941.596,723.05,3529.906
2050-07-21 05:00:00,1938.037,819.942,656.51,3414.489
2050-07-21 06:00:00,2076.612,744.029,603.38,3424.02
2050-07-21 07:00:00,2179.471,772.37,728.96,3680.801
2050-07-21 08:00:00,2241.921,878.002,911.32,4031.243
2050-07-21 09:00:00,2287.547,1061.697,1155.27,4504.514
2050-07-21 10:00:00,2300.817,1111.294,1490.87,4902.982
2050-07-21 11:00:00,2301.654,1157.544,1736.92,5196.118
2050-07-21 12:00:00,2305.033,1201.152,1954.01,5460.195
2050-07-21 13:00:00,2305.305,1218.065,2106.55,5629.92
2050-07-21 14:00:00,2333.61,1214.496,2226.03,5774.136
2050-07-21 15:00:00,2380.749,1223.839,2333.75,5938.338
2050-07-21 16:00:00,2485.328,1309.552,2406.95,6201.83
2050-07-21 17:00:00,2607.94,1438.2,2245.42,6291.56
2050-07-21 18:00:00,2687.497,1712.579,1956.45,6356.526
2050-07-21 19:00:00,2734.551,1806.048,1805.77,6346.369
2050-07-21 20:00:00,2770.722,1857.979,1518.95,6147.651
2050-07-21 21:00:00,2625.419,1941.303,1243.54,5810.263
2050-07-21 22:00:00,2430.564,1848.968,1071.85,5351.381
2050-07-21 23:00:00,2213.944,1721.583,923.05,4858.577
2050-07-22 00:00:00,2028.918,1516.478,805.38,4350.776
2050-07-22 01:00:00,1927.625,1427.769,704.35,4059.744
2050-07-22 02:00:00,1868.784,1205.098,615.62,3689.501
2050-07-22 03:00:00,1843.281,1072.373,535.52,3451.175
2050-07-22 04:00:00,1865.26,941.596,457.79,3264.646
2050-07-22 05:00:00,1938.621,819.942,390.64,3149.203
2050-07-22 06:00:00,2076.612,744.029,340.19,3160.83
2050-07-22 07:00:00,2179.471,772.37,458.75,3410.591
2050-07-22 08:00:00,2241.921,878.002,625.82,3745.743
2050-07-22 09:00:00,2287.547,1061.697,850.48,4199.724
2050-07-22 10:00:00,2300.817,1111.294,1167.24,4579.352
2050-07-22 11:00:00,2301.654,1157.544,1389.25,4848.448
2050-07-22 12:00:00,2305.033,1201.152,1585.79,5091.975
2050-07-22 13:00:00,2305.305,1218.065,1741.35,5264.72
2050-07-22 14:00:00,2333.61,1214.496,1924.41,5472.516
2050-07-22 15:00:00,2380.749,1223.839,2102.51,5707.098
2050-07-22 16:00:00,2485.328,1309.552,2236.58,6031.46
2050-07-22 17:00:00,2607.94,1438.2,2321.64,6367.78
2050-07-22 18:00:00,2687.497,1712.579,2357.97,6758.046
2050-07-22 19:00:00,2734.551,1806.048,2299.82,6840.419
2050-07-22 20:00:00,2772.398,1857.979,1997.25,6627.627
2050-07-22 21:00:00,2625.419,1941.303,1711.68,6278.403
2050-07-22 22:00:00,2430.564,1848.968,1499.62,5779.151
2050-07-22 23:00:00,2213.944,1721.583,1303.46,5238.987
2050-07-23 00:00:00,2028.918,1516.478,1124.83,4670.226
2050-07-23 01:00:00,1927.625,1427.769,982.98,4338.374
2050-07-23 02:00:00,1868.784,1205.098,854.12,3928.001
2050-07-23 03:00:00,1843.281,1072.373,748.11,3663.765
2050-07-23 04:00:00,1865.26,941.596,643.24,3450.096
2050-07-23 05:00:00,1939.231,819.942,555.14,3314.313
2050-07-23 06:00:00,2076.612,744.029,478.16,3298.8
2050-07-23 07:00:00,2179.471,772.37,481.68,3433.521
2050-07-23 08:00:00,2241.921,878.002,471.22,3591.143
2050-07-23 09:00:00,2287.547,1061.697,541.48,3890.724
2050-07-23 10:00:00,2300.817,1111.294,670.22,4082.332
2050-07-23 11:00:00,2301.654,1157.544,713.22,4172.418
2050-07-23 12:00:00,2305.033,1201.152,725.66,4231.845
2050-07-23 13:00:00,2305.305,1218.065,727.2,4250.57
2050-07-23 14:00:00,2333.61,1214.496,751.76,4299.866
2050-07-23 15:00:00,2380.749,1223.839,782.94,4387.528
2050-07-23 16:00:00,2485.328,1309.552,801.28,4596.16
2050-07-23 17:00:00,2607.94,1438.2,845.93,4892.07
2050-07-23 18:00:00,2687.497,1712.579,966.39,5366.466
2050-07-23 19:00:00,2734.551,1806.048,1076.01,5616.609
2050-07-23 20:00:00,2774.475,1857.979,941.97,5574.424
2050-07-23 21:00:00,2625.419,1941.303,807.4,5374.123
2050-07-23 22:00:00,2430.564,1848.968,745.98,5025.511
2050-07-23 23:00:00,2213.944,1721.583,692.19,4627.717
2050-07-24 00:00:00,2028.918,1516.478,651.41,4196.806
2050-07-24 01:00:00,1927.625,1427.769,607.83,3963.224
2050-07-24 02:00:00,1868.784,1205.098,557.34,3631.221
2050-07-24 03:00:00,1843.281,1072.373,516.29,3431.945
2050-07-24 04:00:00,1865.26,941.596,478.6,3285.456
2050-07-24 05:00:00,1939.767,819.942,440.08,3199.789
2050-07-24 06:00:00,2076.612,744.029,417.51,3238.15
2050-07-24 07:00:00,2179.471,772.37,572.55,3524.391
2050-07-24 08:00:00,2241.921,878.002,825.77,3945.693
2050-07-24 09:00:00,2287.547,1061.697,1149.56,4498.804
2050-07-24 10:00:00,2300.817,1111.294,1544.67,4956.782
2050-07-24 11:00:00,2301.654,1157.544,1828.54,5287.738
2050-07-24 12:00:00,2305.033,1201.152,2091.63,5597.815
2050-07-24 13:00:00,2305.305,1218.065,2297.84,5821.21
2050-07-24 14:00:00,2333.61,1214.496,2513.3,6061.406
2050-07-24 15:00:00,2380.749,1223.839,2692.99,6297.578
2050-07-24 16:00:00,2485.328,1309.552,2803.5,6598.38
2050-07-24 17:00:00,2607.94,1438.2,2838.14,6884.28
2050-07-24 18:00:00,2687.497,1712.579,2697.32,7097.396
2050-07-24 19:00:00,2734.551,1806.048,2346.41,6887.009
2050-07-24 20:00:00,2776.354,1857.979,1947.35,6581.683
2050-07-24 21:00:00,2625.419,1941.303,1659.59,6226.313
2050-07-24 22:00:00,2430.564,1848.968,1486.1,5765.631
2050-07-24 23:00:00,2213.944,1721.583,1333.51,5269.037
2050-07-25 00:00:00,2028.918,1516.478,1207.84,4753.236
2050-07-25 01:00:00,1927.625,1427.769,1092.12,4447.514
2050-07-25 02:00:00,1868.784,1205.098,1006.01,4079.891
2050-07-25 03:00:00,1843.281,1072.373,937.34,3852.995
2050-07-25 04:00:00,1865.26,941.596,875.58,3682.436
2050-07-25 05:00:00,1940.331,819.942,823.99,3584.262
2050-07-25 06:00:00,2076.612,744.029,782.58,3603.22
2050-07-25 07:00:00,2179.471,772.37,906.49,3858.331
2050-07-25 08:00:00,2241.921,878.002,1118.36,4238.283
2050-07-25 09:00:00,2287.547,1061.697,1405.9,4755.144
2050-07-25 10:00:00,2300.817,1111.294,1753.66,5165.772
2050-07-25 11:00:00,2301.654,1157.544,1996.63,5455.828
2050-07-25 12:00:00,2305.033,1201.152,2205.09,5711.275
2050-07-25 13:00:00,2305.305,1218.065,2363.18,5886.55
2050-07-25 14:00:00,2333.61,1214.496,2532.84,6080.946
2050-07-25 15:00:00,2380.749,1223.839,2581.65,6186.238
2050-07-25 16:00:00,2485.328,1309.552,2165.87,5960.75
2050-07-25 17:00:00,2607.94,1438.2,1947.95,5994.09
2050-07-25 18:00:00,2687.497,1712.579,1741.94,6142.016
2050-07-25 19:00:00,2734.551,1806.048,1660.79,6201.389
2050-07-25 20:00:00,2778.411,1857.979,1432.94,6069.33
2050-07-25 21:00:00,2625.419,1941.303,1227.02,5793.743
2050-07-25 22:00:00,2430.564,1848.968,1101.41,5380.941
2050-07-25 23:00:00,2213.944,1721.583,984.04,4919.567
2050-07-26 00:00:00,2028.918,1516.478,844.24,4389.636
2050-07-26 01:00:00,1927.625,1427.769,716.45,4071.844
2050-07-26 02:00:00,1868.784,1205.098,573.4,3647.281
2050-07-26 03:00:00,1843.281,1072.373,455.33,3370.985
2050-07-26 04:00:00,1865.26,941.596,356.43,3163.286
2050-07-26 05:00:00,1940.922,819.942,265.74,3026.603
2050-07-26 06:00:00,2076.612,744.029,188.86,3009.5
2050-07-26 07:00:00,2179.471,772.37,290.82,3242.661
2050-07-26 08:00:00,2241.921,878.002,472.66,3592.583
2050-07-26 09:00:00,2287.547,1061.697,704.69,4053.934
2050-07-26 10:00:00,2300.817,1111.294,1026.24,4438.352
2050-07-26 11:00:00,2301.654,1157.544,1246.75,4705.948
2050-07-26 12:00:00,2305.033,1201.152,1430.19,4936.375
2050-07-26 13:00:00,2305.305,1218.065,1571.48,5094.85
2050-07-26 14:00:00,2333.61,1214.496,1740.82,5288.926
2050-07-26 15:00:00,2380.749,1223.839,1920.74,5525.328
2050-07-26 16:00:00,2485.328,1309.552,2068.11,5862.99
2050-07-26 17:00:00,2607.94,1438.2,2160.38,6206.52
2050-07-26 18:00:00,2687.497,1712.579,2186.05,6586.126
2050-07-26 19:00:00,2734.551,1806.048,2128.48,6669.079
2050-07-26 20:00:00,2780.563,1857.979,1812.14,6450.683
2050-07-26 21:00:00,2625.419,1941.303,1505.09,6071.813
2050-07-26 22:00:00,2430.564,1848.968,1288.33,5567.861
2050-07-26 23:00:00,2213.944,1721.583,1089.02,5024.547
2050-07-27 00:00:00,2028.918,1516.478,907.15,4452.546
2050-07-27 01:00:00,1927.625,1427.769,750.16,4105.554
2050-07-27 02:00:00,1868.784,1205.098,610.79,3684.671
2050-07-27 03:00:00,1843.281,1072.373,484.45,3400.105
2050-07-27 04:00:00,1865.26,941.596,370.6,3177.456
2050-07-27 05:00:00,1941.535,819.942,267.23,3028.706
2050-07-27 06:00:00,2076.638,744.029,179.24,2999.906
2050-07-27 07:00:00,2179.471,772.37,241.7,3193.541
2050-07-27 08:00:00,2241.921,878.002,424.65,3544.573
2050-07-27 09:00:00,2287.547,1061.697,696.87,4046.114
2050-07-27 10:00:00,2300.817,1111.294,1067.14,4479.252
2050-07-27 11:00:00,2301.654,1157.544,1340.84,4800.038
2050-07-27 12:00:00,2305.033,1201.152,1573.88,5080.065
2050-07-27 13:00:00,2305.305,1218.065,1715.26,5238.63
2050-07-27 14:00:00,2333.61,1214.496,1834.13,5382.236
2050-07-27 15:00:00,2380.749,1223.839,1935.88,5540.468
2050-07-27 16:00:00,2485.328,1309.552,2001.77,5796.65
2050-07-27 17:00:00,2607.94,1438.2,2002.26,6048.4
2050-07-27 18:00:00,2687.497,1712.579,1941.59,6341.666
2050-07-27 19:00:00,2734.551,1806.048,1825.41,6366.009
2050-07-27 20:00:00,2782.809,1857.979,1478.77,6119.558
2050-07-27 21:00:00,2625.419,1941.303,1168.92,5735.643
2050-07-27 22:00:00,2430.564,1848.968,976.23,5255.761
2050-07-27 23:00:00,2213.944,1721.583,831.25,4766.777
2050-07-28 00:00:00,2028.918,1516.478,687.67,4233.066
2050-07-28 01:00:00,1927.625,1427.769,563.46,3918.854
2050-07-28 02:00:00,1868.784,1205.098,457.16,3531.041
2050-07-28 03:00:00,1843.281,1072.373,364.85,3280.505
2050-07-28 04:00:00,1865.26,941.596,285.65,3092.506
2050-07-28 05:00:00,1942.125,819.942,216.88,2978.947
2050-07-28 06:00:00,2076.664,744.029,163.31,2984.002
2050-07-28 07:00:00,2179.471,772.37,281.14,3232.981
2050-07-28 08:00:00,2241.921,878.002,486.03,3605.953
2050-07-28 09:00:00,2287.547,1061.697,763.2,4112.444
2050-07-28 10:00:00,2300.817,1111.294,1121.48,4533.592
2050-07-28 11:00:00,2301.654,1157.544,1364.17,4823.368
2050-07-28 12:00:00,2305.033,1201.152,1561.13,5067.315
2050-07-28 13:00:00,2305.305,1218.065,1695.76,5219.13
2050-07-28 14:00:00,2333.61,1214.496,1828.71,5376.816
2050-07-28 15:00:00,2380.749,1223.839,1925.35,5529.938
2050-07-28 16:00:00,2485.328,1309.552,1984.12,5779.0
2050-07-28 17:00:00,2607.94,1438.2,1987.14,6033.28
2050-07-28 18:00:00,2687.497,1712.579,1935.55,6335.626
2050-07-28 19:00:00,2734.551,1806.048,1831.57,6372.169
2050-07-28 20:00:00,2784.962,1857.979,1504.54,6147.481
2050-07-28 21:00:00,2625.419,1941.303,1225.82,5792.543
2050-07-28 22:00:00,2430.564,1848.968,1048.55,5328.081
2050-07-28 23:00:00,2213.944,1721.583,906.03,4841.557
2050-07-29 00:00:00,2028.918,1516.478,790.84,4336.236
2050-07-29 01:00:00,1927.625,1427.769,696.13,4051.524
2050-07-29 02:00:00,1868.784,1205.098,618.68,3692.561
2050-07-29 03:00:00,1843.281,1072.373,553.29,3468.945
2050-07-29 04:00:00,1865.26,941.596,499.97,3306.826
2050-07-29 05:00:00,1942.665,819.942,456.72,3219.326
2050-07-29 06:00:00,2076.69,744.029,423.52,3244.238
2050-07-29 07:00:00,2179.471,772.37,547.8,3499.641
2050-07-29 08:00:00,2241.921,878.002,738.84,3858.763
2050-07-29 09:00:00,2287.547,1061.697,985.43,4334.674
2050-07-29 10:00:00,2300.817,1111.294,1330.63,4742.742
2050-07-29 11:00:00,2301.654,1157.544,1560.14,5019.338
2050-07-29 12:00:00,2305.033,1201.152,1772.7,5278.885
2050-07-29 13:00:00,2305.305,1218.065,1793.22,5316.59
2050-07-29 14:00:00,2333.61,1214.496,1700.17,5248.276
2050-07-29 15:00:00,2380.749,1223.839,1726.03,5330.618
2050-07-29 16:00:00,2485.328,1309.552,1823.77,5618.65
2050-07-29 17:00:00,2607.94,1438.2,1847.19,5893.33
2050-07-29 18:00:00,2687.497,1712.579,1796.42,6196.496
2050-07-29 19:00:00,2734.551,1806.048,1670.22,6210.819
2050-07-29 20:00:00,2787.3,1857.979,1381.78,6027.06
2050-07-29 21:00:00,2625.419,1941.303,1132.92,5699.643
2050-07-29 22:00:00,2430.564,1848.968,980.45,5259.981
2050-07-29 23:00:00,2213.944,1721.583,840.38,4775.907
2050-07-30 00:00:00,2028.918,1516.478,669.24,4214.636
2050-07-30 01:00:00,1927.625,1427.769,523.76,3879.154
2050-07-30 02:00:00,1868.784,1205.098,422.21,3496.091
2050-07-30 03:00:00,1843.281,1072.373,326.46,3242.115
2050-07-30 04:00:00,1865.26,941.596,233.57,3040.426
2050-07-30 05:00:00,1943.224,819.942,142.25,2905.415
2050-07-30 06:00:00,2076.716,744.029,74.87,2895.614
2050-07-30 07:00:00,2179.471,772.37,132.48,3084.321
2050-07-30 08:00:00,2241.921,878.002,299.21,3419.133
2050-07-30 09:00:00,2287.547,1061.697,524.17,3873.414
2050-07-30 10:00:00,2300.817,1111.294,842.66,4254.772
2050-07-30 11:00:00,2301.654,1157.544,1059.11,4518.308
2050-07-30 12:00:00,2305.033,1201.152,1249.69,4755.875
2050-07-30 13:00:00,2305.305,1218.065,1401.46,4924.83
2050-07-30 14:00:00,2333.61,1214.496,1578.69,5126.796
2050-07-30 15:00:00,2380.749,1223.839,1749.49,5354.078
2050-07-30 16:00:00,2485.328,1309.552,1874.37,5669.25
2050-07-30 17:00:00,2607.94,1438.2,1924.68,5970.82
2050-07-30 18:00:00,2687.497,1712.579,1874.71,6274.786
2050-07-30 19:00:00,2734.551,1806.048,1782.46,6323.059
2050-07-30 20:00:00,2789.634,1857.979,1453.78,6101.394
2050-07-30 21:00:00,2625.419,1941.303,1153.46,5720.183
2050-07-30 22:00:00,2430.564,1848.968,942.24,5221.771
2050-07-30 23:00:00,2213.944,1721.583,759.1,4694.627
2050-07-31 00:00:00,2028.918,1516.478,601.04,4146.436
2050-07-31 01:00:00,1927.625,1427.769,466.61,3822.004
2050-07-31 02:00:00,1868.784,1205.098,349.75,3423.631
2050-07-31 03:00:00,1843.281,1072.373,237.05,3152.705
2050-07-31 04:00:00,1865.26,941.596,134.4,2941.256
2050-07-31 05:00:00,1943.862,819.942,69.17,2832.974
2050-07-31 06:00:00,2076.742,744.029,40.07,2860.84
2050-07-31 07:00:00,2179.471,772.37,62.95,3014.791
2050-07-31 08:00:00,2241.921,878.002,160.05,3279.973
2050-07-31 09:00:00,2287.547,1061.697,392.81,3742.054
2050-07-31 10:00:00,2300.817,1111.294,725.56,4137.672
2050-07-31 11:00:00,2301.654,1157.544,980.31,4439.508
2050-07-31 12:00:00,2305.033,1201.152,1202.84,4709.025
2050-07-31 13:00:00,2305.305,1218.065,1360.96,4884.33
2050-07-31 14:00:00,2333.61,1214.496,1497.92,5046.026
2050-07-31 15:00:00,2380.749,1223.839,1609.41,5213.998
2050-07-31 16:00:00,2485.328,1309.552,1687.99,5482.87
2050-07-31 17:00:00,2607.94,1438.2,1710.99,5757.13
2050-07-31 18:00:00,2687.497,1712.579,1673.03,6073.106
2050-07-31 19:00:00,2734.551,1806.048,1579.12,6119.719
2050-07-31 20:00:00,2792.059,1857.979,1225.04,5875.078
2050-07-31 21:00:00,2625.419,1941.303,937.01,5503.733
2050-07-31 22:00:00,2430.564,1848.968,739.06,5018.591
2050-07-31 23:00:00,2213.944,1721.583,574.07,4509.597
2050-08-01 00:00:00,2028.918,1524.502,457.01,4010.43
2050-08-01 01:00:00,1927.625,1435.324,359.51,3722.459
2050-08-01 02:00:00,1868.784,1211.474,284.6,3364.857
2050-08-01 03:00:00,1843.281,1078.047,217.07,3138.398
2050-08-01 04:00:00,1865.26,946.578,165.33,2977.168
2050-08-01 05:00:00,1944.475,824.28,119.54,2888.295
2050-08-01 06:00:00,2076.768,747.965,86.4,2911.133
2050-08-01 07:00:00,2179.471,776.457,180.74,3136.668
2050-08-01 08:00:00,2241.921,882.647,368.39,3492.958
2050-08-01 09:00:00,2287.547,1067.314,598.42,3953.281
2050-08-01 10:00:00,2300.817,1117.174,923.61,4341.601
2050-08-01 11:00:00,2301.654,1163.669,1141.57,4606.893
2050-08-01 12:00:00,2305.033,1207.507,1290.89,4803.43
2050-08-01 13:00:00,2305.305,1224.51,1334.23,4864.045
2050-08-01 14:00:00,2333.61,1220.922,1386.81,4941.341
2050-08-01 15:00:00,2380.749,1230.315,1490.28,5101.344
2050-08-01 16:00:00,2485.328,1316.48,1560.04,5361.849
2050-08-01 17:00:00,2607.94,1445.809,1576.78,5630.53
2050-08-01 18:00:00,2687.497,1721.64,1536.8,5945.937
2050-08-01 19:00:00,2734.551,1815.604,1432.78,5982.934
2050-08-01 20:00:00,2794.304,1867.81,1098.71,5760.824
2050-08-01 21:00:00,2625.419,1951.575,817.77,5394.764
2050-08-01 22:00:00,2430.564,1858.751,629.54,4918.854
2050-08-01 23:00:00,2213.944,1730.692,470.05,4414.686
2050-08-02 00:00:00,2028.918,1524.502,341.61,3895.03
2050-08-02 01:00:00,1927.625,1435.324,235.46,3598.409
2050-08-02 02:00:00,1868.784,1211.474,152.33,3232.587
2050-08-02 03:00:00,1843.281,1078.047,91.69,3013.018
2050-08-02 04:00:00,1865.26,946.578,57.23,2869.068
2050-08-02 05:00:00,1945.063,824.28,38.67,2808.013
2050-08-02 06:00:00,2076.822,747.965,25.82,2850.607
2050-08-02 07:00:00,2179.471,776.457,45.17,3001.098
2050-08-02 08:00:00,2241.921,882.647,143.57,3268.138
2050-08-02 09:00:00,2287.547,1067.314,386.23,3741.091
2050-08-02 10:00:00,2300.817,1117.174,764.41,4182.401
2050-08-02 11:00:00,2301.654,1163.669,1037.42,4502.743
2050-08-02 12:00:00,2305.033,1207.507,1260.23,4772.77
2050-08-02 13:00:00,2305.305,1224.51,1390.0,4919.815
2050-08-02 14:00:00,2333.61,1220.922,1502.58,5057.111
2050-08-02 15:00:00,2380.749,1230.315,1598.44,5209.504
2050-08-02 16:00:00,2485.328,1316.48,1655.09,5456.899
2050-08-02 17:00:00,2607.94,1445.809,1655.44,5709.19
2050-08-02 18:00:00,2687.497,1721.64,1596.35,6005.487
2050-08-02 19:00:00,2734.551,1815.604,1481.98,6032.134
2050-08-02 20:00:00,2796.912,1867.81,1136.07,5800.792
2050-08-02 21:00:00,2625.419,1951.575,852.08,5429.074
2050-08-02 22:00:00,2430.564,1858.751,664.59,4953.904
2050-08-02 23:00:00,2213.944,1730.692,508.38,4453.016
2050-08-03 00:00:00,2028.918,1524.502,379.15,3932.57
2050-08-03 01:00:00,1927.625,1435.324,272.89,3635.839
2050-08-03 02:00:00,1868.784,1211.474,191.19,3271.447
2050-08-03 03:00:00,1843.281,1078.047,132.44,3053.768
2050-08-03 04:00:00,1865.26,946.578,89.46,2901.298
2050-08-03 05:00:00,1945.676,824.28,65.37,2835.326
2050-08-03 06:00:00,2076.903,747.965,54.39,2879.258
2050-08-03 07:00:00,2179.471,776.457,99.99,3055.918
2050-08-03 08:00:00,2241.921,882.647,276.96,3401.528
2050-08-03 09:00:00,2287.547,1067.314,538.36,3893.221
2050-08-03 10:00:00,2300.817,1117.174,884.54,4302.531
2050-08-03 11:00:00,2301.654,1163.669,1123.6,4588.923
2050-08-03 12:00:00,2305.033,1207.507,1311.13,4823.67
2050-08-03 13:00:00,2305.305,1224.51,1432.18,4961.995
2050-08-03 14:00:00,2333.61,1220.922,1556.51,5111.041
2050-08-03 15:00:00,2380.749,1230.315,1669.08,5280.144
2050-08-03 16:00:00,2485.328,1316.48,1736.33,5538.139
2050-08-03 17:00:00,2607.94,1445.809,1742.35,5796.1
2050-08-03 18:00:00,2687.497,1721.64,1687.24,6096.377
2050-08-03 19:00:00,2734.551,1815.604,1575.91,6126.064
2050-08-03 20:00:00,2799.625,1867.81,1243.81,5911.245
2050-08-03 21:00:00,2625.419,1951.575,989.19,5566.184
2050-08-03 22:00:00,2430.564,1858.751,831.55,5120.864
2050-08-03 23:00:00,2213.944,1730.692,707.12,4651.756
2050-08-04 00:00:00,2028.918,1524.502,612.12,4165.54
2050-08-04 01:00:00,1927.625,1435.324,535.7,3898.649
2050-08-04 02:00:00,1868.784,1211.474,474.35,3554.607
2050-08-04 03:00:00,1843.281,1078.047,428.71,3350.038
2050-08-04 04:00:00,1865.26,946.578,391.38,3203.218
2050-08-04 05:00:00,1946.179,824.28,361.88,3132.339
2050-08-04 06:00:00,2077.02,747.965,347.88,3172.865
2050-08-04 07:00:00,2179.471,776.457,447.86,3403.788
2050-08-04 08:00:00,2241.921,882.647,637.51,3762.078
2050-08-04 09:00:00,2287.547,1067.314,811.74,4166.601
2050-08-04 10:00:00,2300.817,1117.174,1121.43,4539.421
2050-08-04 11:00:00,2301.654,1163.669,1310.61,4775.933
2050-08-04 12:00:00,2305.033,1207.507,1497.21,5009.75
2050-08-04 13:00:00,2305.305,1224.51,1596.37,5126.185
2050-08-04 14:00:00,2333.61,1220.922,1731.86,5286.391
2050-08-04 15:00:00,2380.749,1230.315,1867.88,5478.944
2050-08-04 16:00:00,2485.328,1316.48,1970.67,5772.479
2050-08-04 17:00:00,2607.94,1445.809,2003.95,6057.7
2050-08-04 18:00:00,2687.497,1721.64,1962.38,6371.517
2050-08-04 19:00:00,2734.551,1815.604,1861.94,6412.094
2050-08-04 20:00:00,2802.361,1867.81,1528.36,6198.531
2050-08-04 21:00:00,2625.419,1951.575,1272.34,5849.334
2050-08-04 22:00:00,2430.564,1858.751,1112.0,5401.314
2050-08-04 23:00:00,2213.944,1730.692,985.89,4930.526
2050-08-05 00:00:00,2028.918,1524.502,885.74,4439.16
2050-08-05 01:00:00,1927.625,1435.324,805.6,4168.549
2050-08-05 02:00:00,1868.784,1211.474,743.18,3823.437
2050-08-05 03:00:00,1843.281,1078.047,690.08,3611.408
2050-08-05 04:00:00,1865.26,946.578,642.76,3454.598
2050-08-05 05:00:00,1946.686,824.28,600.56,3371.526
2050-08-05 06:00:00,2077.161,747.965,567.01,3392.136
2050-08-05 07:00:00,2179.471,776.457,663.62,3619.548
2050-08-05 08:00:00,2241.921,882.647,866.12,3990.688
2050-08-05 09:00:00,2287.547,1067.314,1146.85,4501.711
2050-08-05 10:00:00,2300.817,1117.174,1525.09,4943.081
2050-08-05 11:00:00,2301.654,1163.669,1799.09,5264.413
2050-08-05 12:00:00,2305.033,1207.507,2036.19,5548.73
2050-08-05 13:00:00,2305.305,1224.51,2224.56,5754.375
2050-08-05 14:00:00,2333.61,1220.922,2407.02,5961.551
2050-08-05 15:00:00,2380.749,1230.315,2551.85,6162.914
2050-08-05 16:00:00,2485.328,1316.48,2618.74,6420.549
2050-08-05 17:00:00,2607.94,1445.809,2466.05,6519.8
2050-08-05 18:00:00,2687.497,1721.64,2421.35,6830.487
2050-08-05 19:00:00,2734.551,1815.604,2233.09,6783.244
2050-08-05 20:00:00,2804.874,1867.81,1911.98,6584.664
2050-08-05 21:00:00,2625.419,1951.575,1665.55,6242.544
2050-08-05 22:00:00,2430.564,1858.751,1511.5,5800.814
2050-08-05 23:00:00,2213.944,1730.692,1372.2,5316.836
2050-08-06 00:00:00,2028.918,1524.502,1247.57,4800.99
2050-08-06 01:00:00,1927.625,1435.324,1132.46,4495.409
2050-08-06 02:00:00,1868.784,1211.474,1028.52,4108.777
2050-08-06 03:00:00,1843.281,1078.047,930.02,3851.348
2050-08-06 04:00:00,1865.26,946.578,834.73,3646.568
2050-08-06 05:00:00,1947.193,824.28,743.57,3515.043
2050-08-06 06:00:00,2077.302,747.965,656.01,3481.277
2050-08-06 07:00:00,2179.471,776.457,701.14,3657.068
2050-08-06 08:00:00,2241.921,882.647,865.15,3989.718
2050-08-06 09:00:00,2287.547,1067.314,1102.0,4456.861
2050-08-06 10:00:00,2300.817,1117.174,1425.73,4843.721
2050-08-06 11:00:00,2301.654,1163.669,1645.99,5111.313
2050-08-06 12:00:00,2305.033,1207.507,1835.13,5347.67
2050-08-06 13:00:00,2305.305,1224.51,1977.5,5507.315
2050-08-06 14:00:00,2333.61,1220.922,2132.31,5686.841
2050-08-06 15:00:00,2380.749,1230.315,2285.39,5896.454
2050-08-06 16:00:00,2485.328,1316.48,2405.63,6207.439
2050-08-06 17:00:00,2607.94,1445.809,2441.43,6495.18
2050-08-06 18:00:00,2687.497,1721.64,2402.0,6811.137
2050-08-06 19:00:00,2734.551,1815.604,2279.55,6829.704
2050-08-06 20:00:00,2807.606,1867.81,1915.81,6591.226
2050-08-06 21:00:00,2625.419,1951.575,1621.37,6198.364
2050-08-06 22:00:00,2430.564,1858.751,1401.18,5690.494
2050-08-06 23:00:00,2213.944,1730.692,1178.87,5123.506
2050-08-07 00:00:00,2028.918,1524.502,1001.64,4555.06
2050-08-07 01:00:00,1927.625,1435.324,819.98,4182.929
2050-08-07 02:00:00,1868.784,1211.474,653.68,3733.937
2050-08-07 03:00:00,1843.281,1078.047,501.59,3422.918
2050-08-07 04:00:00,1865.26,946.578,345.75,3157.588
2050-08-07 05:00:00,1947.697,824.28,203.34,2975.317
2050-08-07 06:00:00,2077.443,747.965,94.77,2920.179
2050-08-07 07:00:00,2179.471,776.457,109.25,3065.178
2050-08-07 08:00:00,2241.921,882.647,277.61,3402.178
2050-08-07 09:00:00,2287.547,1067.314,507.6,3862.461
2050-08-07 10:00:00,2300.817,1117.174,807.61,4225.601
2050-08-07 11:00:00,2301.654,1163.669,1017.49,4482.813
2050-08-07 12:00:00,2305.033,1207.507,1184.7,4697.24
2050-08-07 13:00:00,2305.305,1224.51,1281.06,4810.875
2050-08-07 14:00:00,2333.61,1220.922,1389.37,4943.901
2050-08-07 15:00:00,2380.749,1230.315,1495.14,5106.204
2050-08-07 16:00:00,2485.328,1316.48,1572.56,5374.369
2050-08-07 17:00:00,2607.94,1445.809,1596.48,5650.23
2050-08-07 18:00:00,2687.497,1721.64,1537.38,5946.517
2050-08-07 19:00:00,2734.551,1815.604,1414.79,5964.944
2050-08-07 20:00:00,2810.22,1867.81,1064.84,5742.87
2050-08-07 21:00:00,2625.419,1951.575,798.3,5375.294
2050-08-07 22:00:00,2430.564,1858.751,628.85,4918.164
2050-08-07 23:00:00,2213.944,1730.692,495.81,4440.446
2050-08-08 00:00:00,2028.918,1524.502,383.27,3936.69
2050-08-08 01:00:00,1927.625,1435.324,290.24,3653.189
2050-08-08 02:00:00,1868.784,1211.474,215.89,3296.147
2050-08-08 03:00:00,1843.281,1078.047,177.47,3098.798
2050-08-08 04:00:00,1865.26,946.578,149.52,2961.358
2050-08-08 05:00:00,1948.175,824.28,123.54,2895.995
2050-08-08 06:00:00,2077.612,747.965,100.1,2925.677
2050-08-08 07:00:00,2179.471,776.457,178.97,3134.898
2050-08-08 08:00:00,2241.921,882.647,356.76,3481.328
2050-08-08 09:00:00,2287.547,1067.314,592.38,3947.241
2050-08-08 10:00:00,2300.817,1117.174,924.0,4341.991
2050-08-08 11:00:00,2301.654,1163.669,1145.84,4611.163
2050-08-08 12:00:00,2305.033,1207.507,1333.08,4845.62
2050-08-08 13:00:00,2305.305,1224.51,1468.71,4998.525
2050-08-08 14:00:00,2333.61,1220.922,1620.46,5174.991
2050-08-08 15:00:00,2380.749,1230.315,1760.2,5371.264
2050-08-08 16:00:00,2485.328,1316.48,1848.65,5650.459
2050-08-08 17:00:00,2607.94,1445.809,1874.93,5928.68
2050-08-08 18:00:00,2687.497,1721.64,1835.73,6244.867
2050-08-08 19:00:00,2734.551,1815.604,1711.19,6261.344
2050-08-08 20:00:00,2813.508,1867.81,1351.89,6033.208
2050-08-08 21:00:00,2625.419,1951.575,1079.84,5656.834
2050-08-08 22:00:00,2430.564,1858.751,897.91,5187.224
2050-08-08 23:00:00,2213.944,1730.692,749.83,4694.466
2050-08-09 00:00:00,2028.918,1524.502,628.81,4182.23
2050-08-09 01:00:00,1927.625,1435.324,530.89,3893.839
2050-08-09 02:00:00,1868.784,1211.474,446.31,3526.567
2050-08-09 03:00:00,1843.281,1078.047,367.5,3288.828
2050-08-09 04:00:00,1865.26,946.578,296.49,3108.328
2050-08-09 05:00:00,1948.657,824.28,237.66,3010.597
2050-08-09 06:00:00,2077.78,747.965,189.0,3014.746
2050-08-09 07:00:00,2179.471,776.457,231.24,3187.168
2050-08-09 08:00:00,2241.921,882.647,416.44,3541.008
2050-08-09 09:00:00,2287.547,1067.314,696.23,4051.091
2050-08-09 10:00:00,2300.817,1117.174,1064.77,4482.761
2050-08-09 11:00:00,2301.654,1163.669,1339.96,4805.283
2050-08-09 12:00:00,2305.033,1207.507,1586.91,5099.45
2050-08-09 13:00:00,2305.305,1224.51,1759.15,5288.965
2050-08-09 14:00:00,2333.61,1220.922,1915.3,5469.831
2050-08-09 15:00:00,2380.749,1230.315,2031.34,5642.404
2050-08-09 16:00:00,2485.328,1316.48,2093.89,5895.699
2050-08-09 17:00:00,2607.94,1445.809,2051.75,6105.5
2050-08-09 18:00:00,2687.497,1721.64,1932.44,6341.577
2050-08-09 19:00:00,2734.551,1815.604,1781.81,6331.964
2050-08-09 20:00:00,2816.187,1867.81,1445.04,6129.037
2050-08-09 21:00:00,2625.419,1951.575,1200.34,5777.334
2050-08-09 22:00:00,2430.564,1858.751,1036.22,5325.534
2050-08-09 23:00:00,2213.944,1730.692,901.47,4846.106
2050-08-10 00:00:00,2028.918,1524.502,796.67,4350.09
2050-08-10 01:00:00,1927.625,1435.324,720.38,4083.329
2050-08-10 02:00:00,1868.784,1211.474,662.28,3742.537
2050-08-10 03:00:00,1843.281,1078.047,611.08,3532.408
2050-08-10 04:00:00,1865.26,946.578,566.2,3378.038
2050-08-10 05:00:00,1949.351,824.28,524.82,3298.451
2050-08-10 06:00:00,2078.054,747.965,481.57,3307.59
2050-08-10 07:00:00,2179.471,776.457,510.44,3466.368
2050-08-10 08:00:00,2241.921,882.647,582.43,3706.998
2050-08-10 09:00:00,2287.547,1067.314,767.04,4121.901
2050-08-10 10:00:00,2300.817,1117.174,1085.39,4503.381
2050-08-10 11:00:00,2301.654,1163.669,1299.28,4764.603
2050-08-10 12:00:00,2305.033,1207.507,1542.96,5055.5
2050-08-10 13:00:00,2305.305,1224.51,1734.06,5263.875
2050-08-10 14:00:00,2333.61,1220.922,1885.94,5440.471
2050-08-10 15:00:00,2380.749,1230.315,1994.44,5605.504
2050-08-10 16:00:00,2485.328,1316.48,2019.23,5821.039
2050-08-10 17:00:00,2607.94,1445.809,1940.31,5994.06
2050-08-10 18:00:00,2687.497,1721.64,1791.79,6200.927
2050-08-10 19:00:00,2734.829,1815.604,1681.76,6232.192
2050-08-10 20:00:00,2818.675,1867.81,1393.91,6080.394
2050-08-10 21:00:00,2625.419,1951.575,1200.93,5777.924
2050-08-10 22:00:00,2430.564,1858.751,1061.1,5350.414
2050-08-10 23:00:00,2213.944,1730.692,942.98,4887.616
2050-08-11 00:00:00,2028.918,1524.502,846.39,4399.81
2050-08-11 01:00:00,1927.625,1435.324,767.99,4130.939
2050-08-11 02:00:00,1868.784,1211.474,682.98,3763.237
2050-08-11 03:00:00,1843.281,1078.047,608.22,3529.548
2050-08-11 04:00:00,1865.26,946.578,539.23,3351.068
2050-08-11 05:00:00,1949.351,824.28,477.78,3251.411
2050-08-11 06:00:00,2078.546,747.965,426.47,3252.981
2050-08-11 07:00:00,2179.471,776.457,471.26,3427.188
2050-08-11 08:00:00,2241.921,882.647,603.72,3728.288
2050-08-11 09:00:00,2287.547,1067.314,832.0,4186.861
2050-08-11 10:00:00,2300.817,1117.174,1151.04,4569.031
2050-08-11 11:00:00,2301.654,1163.669,1404.51,4869.833
2050-08-11 12:00:00,2305.033,1207.507,1662.88,5175.42
2050-08-11 13:00:00,2305.305,1224.51,1864.57,5394.385
2050-08-11 14:00:00,2333.61,1220.922,2073.42,5627.951
2050-08-11 15:00:00,2380.749,1230.315,2244.07,5855.134
2050-08-11 16:00:00,2485.328,1316.48,2351.13,6152.939
2050-08-11 17:00:00,2607.94,1445.809,2370.1,6423.85
2050-08-11 18:00:00,2687.497,1721.64,2298.29,6707.427
2050-08-11 19:00:00,2735.565,1815.604,2112.54,6663.709
2050-08-11 20:00:00,2821.148,1867.81,1689.66,6378.618
2050-08-11 21:00:00,2625.419,1951.575,1353.74,5930.734
2050-08-11 22:00:00,2430.564,1858.751,1095.22,5384.534
2050-08-11 23:00:00,2213.944,1730.692,882.76,4827.396
2050-08-12 00:00:00,2028.918,1524.502,720.34,4273.76
2050-08-12 01:00:00,1927.625,1435.324,593.99,3956.939
2050-08-12 02:00:00,1868.784,1211.474,493.91,3574.167
2050-08-12 03:00:00,1843.281,1078.047,418.83,3340.158
2050-08-12 04:00:00,1865.26,946.578,366.62,3178.458
2050-08-12 05:00:00,1949.351,824.28,327.75,3101.381
2050-08-12 06:00:00,2079.218,747.965,297.92,3125.104
2050-08-12 07:00:00,2179.471,776.457,281.83,3237.758
2050-08-12 08:00:00,2241.921,882.647,296.93,3421.498
2050-08-12 09:00:00,2287.547,1067.314,377.16,3732.021
2050-08-12 10:00:00,2300.817,1117.174,502.7,3920.691
2050-08-12 11:00:00,2301.654,1163.669,560.44,4025.763
2050-08-12 12:00:00,2305.033,1207.507,583.05,4095.59
2050-08-12 13:00:00,2305.305,1224.51,565.53,4095.345
2050-08-12 14:00:00,2333.61,1220.922,531.34,4085.871
2050-08-12 15:00:00,2380.749,1230.315,484.69,4095.754
2050-08-12 16:00:00,2485.328,1316.48,457.36,4259.169
2050-08-12 17:00:00,2607.94,1445.809,404.64,4458.39
2050-08-12 18:00:00,2687.497,1721.64,375.51,4784.647
2050-08-12 19:00:00,2736.894,1815.604,324.78,4877.278
2050-08-12 20:00:00,2822.771,1867.81,194.51,4885.091
2050-08-12 21:00:00,2625.419,1951.575,116.66,4693.654
2050-08-12 22:00:00,2430.564,1858.751,79.83,4369.144
2050-08-12 23:00:00,2213.944,1730.692,48.11,3992.746
2050-08-13 00:00:00,2028.918,1524.502,35.3,3588.72
2050-08-13 01:00:00,1927.625,1435.324,31.28,3394.229
2050-08-13 02:00:00,1868.784,1211.474,28.83,3109.087
2050-08-13 03:00:00,1843.281,1078.047,25.33,2946.658
2050-08-13 04:00:00,1865.26,946.578,22.14,2833.978
2050-08-13 05:00:00,1949.351,824.28,18.62,2792.251
2050-08-13 06:00:00,2079.909,747.965,15.84,2843.714
2050-08-13 07:00:00,2179.471,776.457,18.25,2974.178
2050-08-13 08:00:00,2241.921,882.647,68.11,3192.678
2050-08-13 09:00:00,2287.547,1067.314,234.03,3588.891
2050-08-13 10:00:00,2300.817,1117.174,485.89,3903.881
2050-08-13 11:00:00,2301.654,1163.669,695.52,4160.843
2050-08-13 12:00:00,2305.033,1207.507,913.14,4425.68
2050-08-13 13:00:00,2305.305,1224.51,1080.95,4610.765
2050-08-13 14:00:00,2333.61,1220.922,1248.04,4802.571
2050-08-13 15:00:00,2380.749,1230.315,1396.66,5007.724
2050-08-13 16:00:00,2485.328,1316.48,1492.32,5294.129
2050-08-13 17:00:00,2607.94,1445.809,1520.7,5574.45
2050-08-13 18:00:00,2687.497,1721.64,1470.77,5879.907
2050-08-13 19:00:00,2738.845,1815.604,1322.78,5877.228
2050-08-13 20:00:00,2823.947,1867.81,966.82,5658.577
2050-08-13 21:00:00,2625.419,1951.575,699.01,5276.004
2050-08-13 22:00:00,2430.564,1858.751,503.07,4792.384
2050-08-13 23:00:00,2213.944,1730.692,333.01,4277.646
2050-08-14 00:00:00,2028.918,1524.502,185.5,3738.92
2050-08-14 01:00:00,1927.625,1435.324,85.6,3448.549
2050-08-14 02:00:00,1868.784,1211.474,42.27,3122.527
2050-08-14 03:00:00,1843.281,1078.047,22.78,2944.108
2050-08-14 04:00:00,1865.26,946.578,12.49,2824.328
2050-08-14 05:00:00,1949.351,824.28,8.24,2781.871
2050-08-14 06:00:00,2080.601,747.965,6.51,2835.076
2050-08-14 07:00:00,2179.471,776.457,6.84,2962.768
2050-08-14 08:00:00,2241.921,882.647,13.36,3137.928
2050-08-14 09:00:00,2287.547,1067.314,100.09,3454.951
2050-08-14 10:00:00,2300.817,1117.174,370.0,3787.991
2050-08-14 11:00:00,2301.654,1163.669,687.04,4152.363
2050-08-14 12:00:00,2305.033,1207.507,942.16,4454.7
2050-08-14 13:00:00,2305.305,1224.51,1114.44,4644.255
2050-08-14 14:00:00,2333.61,1220.922,1274.32,4828.851
2050-08-14 15:00:00,2380.749,1230.315,1402.53,5013.594
2050-08-14 16:00:00,2485.328,1316.48,1476.83,5278.639
2050-08-14 17:00:00,2607.94,1445.809,1486.91,5540.66
2050-08-14 18:00:00,2687.497,1721.64,1418.75,5827.887
2050-08-14 19:00:00,2741.178,1815.604,1224.9,5781.682
2050-08-14 20:00:00,2824.916,1867.81,869.57,5562.296
2050-08-14 21:00:00,2625.419,1951.575,604.04,5181.034
2050-08-14 22:00:00,2430.564,1858.751,407.78,4697.094
2050-08-14 23:00:00,2213.944,1730.692,241.4,4186.036
2050-08-15 00:00:00,2028.918,1524.502,115.88,3669.3
2050-08-15 01:00:00,1927.625,1435.324,55.65,3418.599
2050-08-15 02:00:00,1868.784,1211.474,30.47,3110.727
2050-08-15 03:00:00,1843.281,1078.047,16.42,2937.748
2050-08-15 04:00:00,1865.26,946.578,10.93,2822.768
2050-08-15 05:00:00,1949.351,824.28,9.09,2782.721
2050-08-15 06:00:00,2081.293,747.965,8.17,2837.428
2050-08-15 07:00:00,2179.471,776.457,9.71,2965.638
2050-08-15 08:00:00,2241.921,882.647,29.08,3153.648
2050-08-15 09:00:00,2287.547,1067.314,151.6,3506.461
2050-08-15 10:00:00,2300.817,1117.174,451.9,3869.891
2050-08-15 11:00:00,2301.654,1163.669,729.11,4194.433
2050-08-15 12:00:00,2305.033,1207.507,945.37,4457.91
2050-08-15 13:00:00,2305.305,1224.51,1082.87,4612.685
2050-08-15 14:00:00,2333.61,1220.922,1228.15,4782.681
2050-08-15 15:00:00,2380.749,1230.315,1363.06,4974.124
2050-08-15 16:00:00,2485.328,1316.48,1454.48,5256.289
2050-08-15 17:00:00,2607.94,1445.809,1490.19,5543.94
2050-08-15 18:00:00,2687.497,1721.64,1451.01,5860.147
2050-08-15 19:00:00,2743.482,1815.604,1304.5,5863.586
2050-08-15 20:00:00,2825.667,1867.81,978.89,5672.366
2050-08-15 21:00:00,2625.419,1951.575,754.8,5331.794
2050-08-15 22:00:00,2430.564,1858.751,600.66,4889.974
2050-08-15 23:00:00,2213.944,1730.692,477.81,4422.446
2050-08-16 00:00:00,2028.918,1524.502,382.41,3935.83
2050-08-16 01:00:00,1927.625,1435.324,308.21,3671.159
2050-08-16 02:00:00,1868.784,1211.474,250.03,3330.287
2050-08-16 03:00:00,1843.281,1078.047,214.02,3135.348
2050-08-16 04:00:00,1865.26,946.578,190.86,3002.698
2050-08-16 05:00:00,1949.351,824.28,187.81,2961.441
2050-08-16 06:00:00,2082.037,747.965,186.59,3016.593
2050-08-16 07:00:00,2179.471,776.457,196.48,3152.408
2050-08-16 08:00:00,2241.921,882.647,223.08,3347.648
2050-08-16 09:00:00,2287.547,1067.314,323.89,3678.751
2050-08-16 10:00:00,2300.817,1117.174,414.89,3832.881
2050-08-16 11:00:00,2301.654,1163.669,473.71,3939.033
2050-08-16 12:00:00,2305.033,1207.507,587.07,4099.61
2050-08-16 13:00:00,2305.305,1224.51,796.82,4326.635
2050-08-16 14:00:00,2333.61,1220.922,1055.5,4610.031
2050-08-16 15:00:00,2380.749,1230.315,1301.45,4912.514
2050-08-16 16:00:00,2485.328,1316.48,1477.32,5279.129
2050-08-16 17:00:00,2607.94,1445.809,1326.45,5380.2
2050-08-16 18:00:00,2687.497,1721.64,1200.61,5609.747
2050-08-16 19:00:00,2746.031,1815.604,1040.59,5602.224
2050-08-16 20:00:00,2826.468,1867.81,825.19,5519.468
2050-08-16 21:00:00,2625.419,1951.575,706.17,5283.164
2050-08-16 22:00:00,2430.564,1858.751,647.54,4936.854
2050-08-16 23:00:00,2213.944,1730.692,586.36,4530.996
2050-08-17 00:00:00,2028.918,1524.502,536.01,4089.43
2050-08-17 01:00:00,1927.625,1435.324,495.71,3858.659
2050-08-17 02:00:00,1868.784,1211.474,459.1,3539.357
2050-08-17 03:00:00,1843.281,1078.047,430.0,3351.328
2050-08-17 04:00:00,1865.26,946.578,391.44,3203.278
2050-08-17 05:00:00,1949.351,824.28,378.17,3151.801
2050-08-17 06:00:00,2082.755,747.965,371.47,3202.19
2050-08-17 07:00:00,2179.471,776.457,389.3,3345.228
2050-08-17 08:00:00,2241.921,882.647,446.89,3571.458
2050-08-17 09:00:00,2287.547,1067.314,565.87,3920.731
2050-08-17 10:00:00,2300.817,1117.174,757.18,4175.171
2050-08-17 11:00:00,2301.654,1163.669,980.97,4446.293
2050-08-17 12:00:00,2305.033,1207.507,1260.69,4773.23
2050-08-17 13:00:00,2305.305,1224.51,1519.18,5048.995
2050-08-17 14:00:00,2333.61,1220.922,1789.46,5343.991
2050-08-17 15:00:00,2380.749,1230.315,1978.66,5589.724
2050-08-17 16:00:00,2485.328,1316.48,1968.67,5770.479
2050-08-17 17:00:00,2607.94,1445.809,1963.25,6017.0
2050-08-17 18:00:00,2687.497,1721.64,1947.56,6356.697
2050-08-17 19:00:00,2748.448,1815.604,1806.79,6370.842
2050-08-17 20:00:00,2827.218,1867.81,1478.64,6173.668
2050-08-17 21:00:00,2625.419,1951.575,1248.61,5825.604
2050-08-17 22:00:00,2430.564,1858.751,1081.18,5370.494
2050-08-17 23:00:00,2213.944,1730.692,937.59,4882.226
2050-08-18 00:00:00,2028.918,1524.502,812.14,4365.56
2050-08-18 01:00:00,1927.625,1435.324,690.03,4052.979
2050-08-18 02:00:00,1868.784,1211.474,587.05,3667.307
2050-08-18 03:00:00,1843.281,1078.047,481.72,3403.048
2050-08-18 04:00:00,1865.26,946.578,414.94,3226.778
2050-08-18 05:00:00,1949.351,824.28,356.45,3130.081
2050-08-18 06:00:00,2083.447,747.965,279.89,3111.302
2050-08-18 07:00:00,2179.471,776.457,266.88,3222.808
2050-08-18 08:00:00,2241.921,882.647,401.21,3525.778
2050-08-18 09:00:00,2287.547,1067.314,704.09,4058.951
2050-08-18 10:00:00,2300.817,1117.174,1059.63,4477.621
2050-08-18 11:00:00,2301.654,1163.669,1340.89,4806.213
2050-08-18 12:00:00,2305.033,1207.507,1548.67,5061.21
2050-08-18 13:00:00,2305.305,1224.51,1644.75,5174.565
2050-08-18 14:00:00,2333.61,1220.922,1797.44,5351.971
2050-08-18 15:00:00,2380.749,1230.315,1903.97,5515.034
2050-08-18 16:00:00,2485.328,1316.48,1951.73,5753.539
2050-08-18 17:00:00,2607.94,1445.809,1954.72,6008.47
2050-08-18 18:00:00,2687.497,1721.64,1838.85,6247.987
2050-08-18 19:00:00,2751.103,1815.604,1571.42,6138.126
2050-08-18 20:00:00,2827.931,1867.81,1275.53,5971.271
2050-08-18 21:00:00,2625.419,1951.575,1071.44,5648.434
2050-08-18 22:00:00,2430.564,1858.751,911.95,5201.264
2050-08-18 23:00:00,2213.944,1730.692,787.39,4732.026
2050-08-19 00:00:00,2028.918,1524.502,703.13,4256.55
2050-08-19 01:00:00,1927.625,1435.324,618.43,3981.379
2050-08-19 02:00:00,1868.784,1211.474,531.81,3612.067
2050-08-19 03:00:00,1843.281,1078.047,449.35,3370.678
2050-08-19 04:00:00,1865.26,946.578,385.32,3197.158
2050-08-19 05:00:00,1949.351,824.28,286.55,3060.181
2050-08-19 06:00:00,2084.139,747.965,183.7,3015.804
2050-08-19 07:00:00,2179.471,776.457,172.7,3128.628
2050-08-19 08:00:00,2241.921,882.647,325.82,3450.388
2050-08-19 09:00:00,2287.547,1067.314,636.32,3991.181
2050-08-19 10:00:00,2300.817,1117.174,982.27,4400.261
2050-08-19 11:00:00,2301.654,1163.669,1300.67,4765.993
2050-08-19 12:00:00,2305.033,1207.507,1608.91,5121.45
2050-08-19 13:00:00,2305.305,1224.51,1799.61,5329.425
2050-08-19 14:00:00,2333.61,1220.922,1989.85,5544.381
2050-08-19 15:00:00,2380.749,1230.315,2138.84,5749.904
2050-08-19 16:00:00,2485.328,1316.48,2201.07,6002.879
2050-08-19 17:00:00,2607.94,1445.809,2157.69,6211.44
2050-08-19 18:00:00,2687.497,1721.64,2007.09,6416.227
2050-08-19 19:00:00,2753.855,1815.604,1713.88,6283.338
2050-08-19 20:00:00,2829.567,1867.81,1349.32,6046.696
2050-08-19 21:00:00,2625.419,1951.575,1116.97,5693.964
2050-08-19 22:00:00,2430.564,1858.751,944.76,5234.074
2050-08-19 23:00:00,2213.944,1730.692,807.69,4752.326
2050-08-20 00:00:00,2028.918,1524.502,696.09,4249.51
2050-08-20 01:00:00,1927.625,1435.324,599.87,3962.819
2050-08-20 02:00:00,1868.784,1211.474,514.19,3594.447
2050-08-20 03:00:00,1843.281,1078.047,424.47,3345.798
2050-08-20 04:00:00,1865.26,946.578,341.33,3153.168
2050-08-20 05:00:00,1949.351,824.28,271.51,3045.141
2050-08-20 06:00:00,2084.832,747.965,196.61,3029.407
2050-08-20 07:00:00,2179.471,776.457,189.47,3145.398
2050-08-20 08:00:00,2241.921,882.647,381.46,3506.028
2050-08-20 09:00:00,2287.547,1067.314,702.08,4056.941
2050-08-20 10:00:00,2300.817,1117.174,1030.04,4448.031
2050-08-20 11:00:00,2301.654,1163.669,1323.69,4789.013
2050-08-20 12:00:00,2305.033,1207.507,1567.14,5079.68
2050-08-20 13:00:00,2305.305,1224.51,1741.16,5270.975
2050-08-20 14:00:00,2333.61,1220.922,1908.75,5463.281
2050-08-20 15:00:00,2380.749,1230.315,2074.57,5685.634
2050-08-20 16:00:00,2485.328,1316.48,2207.9,6009.709
2050-08-20 17:00:00,2607.94,1445.809,2263.59,6317.34
2050-08-20 18:00:00,2687.497,1721.64,2221.35,6630.487
2050-08-20 19:00:00,2756.876,1815.604,1992.68,6565.16
2050-08-20 20:00:00,2829.567,1867.81,1620.72,6318.096
2050-08-20 21:00:00,2625.419,1951.575,1356.08,5933.074
2050-08-20 22:00:00,2430.564,1858.751,1132.46,5421.774
2050-08-20 23:00:00,2213.944,1730.692,912.34,4856.976
2050-08-21 00:00:00,2028.918,1524.502,715.12,4268.54
2050-08-21 01:00:00,1927.625,1435.324,538.4,3901.349
2050-08-21 02:00:00,1868.784,1211.474,381.3,3461.557
2050-08-21 03:00:00,1843.281,1078.047,243.05,3164.378
2050-08-21 04:00:00,1865.26,946.578,130.94,2942.778
2050-08-21 05:00:00,1949.351,824.28,65.36,2838.991
2050-08-21 06:00:00,2085.496,747.965,40.02,2873.481
2050-08-21 07:00:00,2179.471,776.457,36.48,2992.408
2050-08-21 08:00:00,2241.921,882.647,90.45,3215.018
2050-08-21 09:00:00,2287.547,1067.314,327.7,3682.561
2050-08-21 10:00:00,2300.817,1117.174,623.34,4041.331
2050-08-21 11:00:00,2301.654,1163.669,879.47,4344.793
2050-08-21 12:00:00,2305.033,1207.507,1088.94,4601.48
2050-08-21 13:00:00,2305.305,1224.51,1238.84,4768.655
2050-08-21 14:00:00,2333.61,1220.922,1396.25,4950.781
2050-08-21 15:00:00,2380.749,1230.315,1528.32,5139.384
2050-08-21 16:00:00,2485.328,1316.48,1575.24,5377.049
2050-08-21 17:00:00,2607.94,1445.809,1555.97,5609.72
2050-08-21 18:00:00,2687.497,1721.64,1411.5,5820.637
2050-08-21 19:00:00,2760.136,1815.604,1142.32,5718.06
2050-08-21 20:00:00,2829.567,1867.81,860.0,5557.376
2050-08-21 21:00:00,2625.419,1951.575,673.98,5250.974
2050-08-21 22:00:00,2430.564,1858.751,532.66,4821.974
2050-08-21 23:00:00,2213.944,1730.692,426.25,4370.886
2050-08-22 00:00:00,2028.918,1524.502,344.64,3898.06
2050-08-22 01:00:00,1927.625,1435.324,275.64,3638.589
2050-08-22 02:00:00,1868.784,1211.474,221.61,3301.867
2050-08-22 03:00:00,1843.281,1078.047,182.51,3103.838
2050-08-22 04:00:00,1865.26,946.578,152.25,2964.088
2050-08-22 05:00:00,1949.351,824.28,126.5,2900.131
2050-08-22 06:00:00,2086.188,747.965,108.91,2943.064
2050-08-22 07:00:00,2179.471,776.457,109.13,3065.058
2050-08-22 08:00:00,2241.921,882.647,175.76,3300.328
2050-08-22 09:00:00,2287.547,1067.314,305.64,3660.501
2050-08-22 10:00:00,2300.817,1117.174,352.43,3770.421
2050-08-22 11:00:00,2301.654,1163.669,419.33,3884.653
2050-08-22 12:00:00,2305.033,1207.507,478.33,3990.87
2050-08-22 13:00:00,2305.305,1224.51,550.89,4080.705
2050-08-22 14:00:00,2333.61,1220.922,556.6,4111.131
2050-08-22 15:00:00,2380.749,1230.315,590.22,4201.284
2050-08-22 16:00:00,2485.328,1316.48,615.0,4416.809
2050-08-22 17:00:00,2607.94,1445.809,604.99,4658.74
2050-08-22 18:00:00,2687.497,1721.64,565.18,4974.317
2050-08-22 19:00:00,2763.454,1815.604,449.14,5028.198
2050-08-22 20:00:00,2829.567,1867.81,360.39,5057.766
2050-08-22 21:00:00,2625.419,1951.575,331.18,4908.174
2050-08-22 22:00:00,2430.564,1858.751,301.13,4590.444
2050-08-22 23:00:00,2213.944,1730.692,279.64,4224.276
2050-08-23 00:00:00,2028.918,1524.502,255.54,3808.96
2050-08-23 01:00:00,1927.625,1435.324,234.59,3597.539
2050-08-23 02:00:00,1868.784,1211.474,219.4,3299.657
2050-08-23 03:00:00,1843.281,1078.047,201.85,3123.178
2050-08-23 04:00:00,1865.26,946.578,156.11,2967.948
2050-08-23 05:00:00,1949.351,824.28,140.55,2914.181
2050-08-23 06:00:00,2086.908,747.965,137.38,2972.253
2050-08-23 07:00:00,2179.471,776.457,123.6,3079.528
2050-08-23 08:00:00,2241.921,882.647,175.28,3299.848
2050-08-23 09:00:00,2287.547,1067.314,290.74,3645.601
2050-08-23 10:00:00,2300.817,1117.174,289.69,3707.681
2050-08-23 11:00:00,2301.654,1163.669,282.51,3747.833
2050-08-23 12:00:00,2305.033,1207.507,302.08,3814.62
2050-08-23 13:00:00,2305.305,1224.51,334.93,3864.745
2050-08-23 14:00:00,2333.61,1220.922,393.82,3948.351
2050-08-23 15:00:00,2380.749,1230.315,404.97,4016.034
2050-08-23 16:00:00,2485.328,1316.48,421.35,4223.159
2050-08-23 17:00:00,2607.94,1445.809,388.58,4442.33
2050-08-23 18:00:00,2687.497,1721.64,317.23,4726.367
2050-08-23 19:00:00,2766.986,1815.604,154.61,4737.199
2050-08-23 20:00:00,2829.567,1867.81,51.94,4749.316
2050-08-23 21:00:00,2625.419,1951.575,28.95,4605.944
2050-08-23 22:00:00,2430.564,1858.751,21.85,4311.164
2050-08-23 23:00:00,2213.944,1730.692,17.34,3961.976
2050-08-24 00:00:00,2028.918,1524.502,14.02,3567.44
2050-08-24 01:00:00,1927.625,1435.324,12.07,3375.019
2050-08-24 02:00:00,1868.784,1211.474,10.45,3090.707
2050-08-24 03:00:00,1843.281,1078.047,9.49,2930.818
2050-08-24 04:00:00,1865.26,946.578,8.86,2820.698
2050-08-24 05:00:00,1949.351,824.28,8.37,2782.001
2050-08-24 06:00:00,2087.6,747.965,8.13,2843.695
2050-08-24 07:00:00,2179.471,776.457,7.67,2963.598
2050-08-24 08:00:00,2241.921,882.647,17.84,3142.408
2050-08-24 09:00:00,2287.547,1067.314,37.63,3392.491
2050-08-24 10:00:00,2300.817,1117.174,37.26,3455.251
2050-08-24 11:00:00,2301.654,1163.669,38.61,3503.933
2050-08-24 12:00:00,2305.033,1207.507,41.26,3553.8
2050-08-24 13:00:00,2305.305,1224.51,44.34,3574.155
2050-08-24 14:00:00,2333.61,1220.922,48.09,3602.621
2050-08-24 15:00:00,2380.749,1230.315,53.9,3664.964
2050-08-24 16:00:00,2485.328,1316.48,59.73,3861.539
2050-08-24 17:00:00,2607.94,1445.809,66.06,4119.81
2050-08-24 18:00:00,2687.497,1721.64,64.99,4474.127
2050-08-24 19:00:00,2770.334,1815.604,31.33,4617.268
2050-08-24 20:00:00,2829.567,1867.81,19.04,4716.416
2050-08-24 21:00:00,2625.419,1951.575,17.32,4594.314
2050-08-24 22:00:00,2430.564,1858.751,15.51,4304.824
2050-08-24 23:00:00,2213.944,1730.692,14.11,3958.746
2050-08-25 00:00:00,2028.918,1524.502,12.94,3566.36
2050-08-25 01:00:00,1927.625,1435.324,12.28,3375.229
2050-08-25 02:00:00,1868.784,1211.474,10.92,3091.177
2050-08-25 03:00:00,1843.281,1078.047,10.25,2931.578
2050-08-25 04:00:00,1865.26,946.578,10.06,2821.898
2050-08-25 05:00:00,1949.351,824.28,9.73,2783.361
2050-08-25 06:00:00,2088.295,747.965,8.89,2845.15
2050-08-25 07:00:00,2179.471,776.457,8.97,2964.898
2050-08-25 08:00:00,2241.921,882.647,18.44,3143.008
2050-08-25 09:00:00,2287.547,1067.314,43.09,3397.951
2050-08-25 10:00:00,2300.817,1117.174,44.01,3462.001
2050-08-25 11:00:00,2301.654,1163.669,54.83,3520.153
2050-08-25 12:00:00,2305.033,1207.507,77.3,3589.84
2050-08-25 13:00:00,2305.305,1224.51,152.96,3682.775
2050-08-25 14:00:00,2333.61,1220.922,383.82,3938.351
2050-08-25 15:00:00,2380.749,1230.315,628.54,4239.604
2050-08-25 16:00:00,2485.328,1316.48,832.04,4633.849
2050-08-25 17:00:00,2607.94,1445.809,920.23,4973.98
2050-08-25 18:00:00,2687.497,1721.64,924.98,5334.117
2050-08-25 19:00:00,2773.924,1815.604,773.46,5362.988
2050-08-25 20:00:00,2829.567,1867.81,640.63,5338.006
2050-08-25 21:00:00,2625.419,1951.575,535.66,5112.654
2050-08-25 22:00:00,2430.564,1858.751,426.2,4715.514
2050-08-25 23:00:00,2213.944,1730.692,339.64,4284.276
2050-08-26 00:00:00,2028.918,1524.502,248.0,3801.42
2050-08-26 01:00:00,1927.625,1435.324,172.0,3534.949
2050-08-26 02:00:00,1868.784,1211.474,118.25,3198.507
2050-08-26 03:00:00,1843.281,1078.047,76.07,2997.398
2050-08-26 04:00:00,1865.26,946.578,47.5,2859.338
2050-08-26 05:00:00,1949.351,824.28,33.38,2807.011
2050-08-26 06:00:00,2088.987,747.965,25.0,2861.952
2050-08-26 07:00:00,2179.471,776.457,24.9,2980.828
2050-08-26 08:00:00,2241.921,882.647,130.97,3255.538
2050-08-26 09:00:00,2287.547,1067.314,457.9,3812.761
2050-08-26 10:00:00,2300.817,1117.174,715.41,4133.401
2050-08-26 11:00:00,2301.654,1163.669,1003.69,4469.013
2050-08-26 12:00:00,2305.033,1207.507,1257.42,4769.96
2050-08-26 13:00:00,2305.305,1224.51,1448.95,4978.765
2050-08-26 14:00:00,2333.61,1220.922,1624.6,5179.131
2050-08-26 15:00:00,2380.749,1230.315,1770.6,5381.664
2050-08-26 16:00:00,2485.328,1316.48,1852.91,5654.719
2050-08-26 17:00:00,2607.94,1445.809,1883.57,5937.32
2050-08-26 18:00:00,2687.497,1721.64,1850.52,6259.657
2050-08-26 19:00:00,2777.255,1815.604,1589.88,6182.739
2050-08-26 20:00:00,2829.567,1867.81,1293.64,5991.016
2050-08-26 21:00:00,2625.419,1951.575,1096.81,5673.804
2050-08-26 22:00:00,2430.564,1858.751,881.64,5170.954
2050-08-26 23:00:00,2213.944,1730.692,684.03,4628.666
2050-08-27 00:00:00,2028.918,1524.502,510.94,4064.36
2050-08-27 01:00:00,1927.625,1435.324,350.59,3713.539
2050-08-27 02:00:00,1868.784,1211.474,206.97,3287.227
2050-08-27 03:00:00,1843.281,1078.047,93.84,3015.168
2050-08-27 04:00:00,1865.26,946.578,39.7,2851.538
2050-08-27 05:00:00,1949.351,824.28,19.48,2793.111
2050-08-27 06:00:00,2089.707,747.965,10.43,2848.102
2050-08-27 07:00:00,2179.471,776.457,7.86,2963.788
2050-08-27 08:00:00,2241.921,882.647,25.01,3149.578
2050-08-27 09:00:00,2287.547,1067.314,135.43,3490.291
2050-08-27 10:00:00,2300.817,1117.174,328.12,3746.111
2050-08-27 11:00:00,2301.654,1163.669,575.25,4040.573
2050-08-27 12:00:00,2305.033,1207.507,794.67,4307.21
2050-08-27 13:00:00,2305.305,1224.51,973.33,4503.145
2050-08-27 14:00:00,2333.61,1220.922,1188.57,4743.101
2050-08-27 15:00:00,2380.749,1230.315,1405.21,5016.274
2050-08-27 16:00:00,2485.328,1316.48,1567.53,5369.339
2050-08-27 17:00:00,2607.94,1445.809,1650.4,5704.15
2050-08-27 18:00:00,2687.497,1721.64,1628.59,6037.727
2050-08-27 19:00:00,2781.147,1815.604,1363.46,5960.21
2050-08-27 20:00:00,2829.567,1867.81,1044.81,5742.186
2050-08-27 21:00:00,2625.419,1951.575,817.94,5394.934
2050-08-27 22:00:00,2430.564,1858.751,616.58,4905.894
2050-08-27 23:00:00,2213.944,1730.692,443.88,4388.516
2050-08-28 00:00:00,2028.918,1524.502,296.2,3849.62
2050-08-28 01:00:00,1927.625,1435.324,173.41,3536.359
2050-08-28 02:00:00,1868.784,1211.474,86.56,3166.817
2050-08-28 03:00:00,1843.281,1078.047,46.16,2967.488
2050-08-28 04:00:00,1865.26,946.578,24.66,2836.498
2050-08-28 05:00:00,1949.351,824.28,12.97,2786.601
2050-08-28 06:00:00,2090.434,747.965,8.68,2847.079
2050-08-28 07:00:00,2179.471,776.457,7.71,2963.638
2050-08-28 08:00:00,2241.921,882.647,22.07,3146.638
2050-08-28 09:00:00,2287.547,1067.314,158.11,3512.971
2050-08-28 10:00:00,2300.817,1117.174,440.02,3858.011
2050-08-28 11:00:00,2301.654,1163.669,754.65,4219.973
2050-08-28 12:00:00,2305.033,1207.507,1027.19,4539.73
2050-08-28 13:00:00,2305.305,1224.51,1235.11,4764.925
2050-08-28 14:00:00,2333.61,1220.922,1453.13,5007.661
2050-08-28 15:00:00,2380.749,1230.315,1660.31,5271.374
2050-08-28 16:00:00,2485.328,1316.48,1819.39,5621.199
2050-08-28 17:00:00,2607.94,1445.809,1914.6,5968.35
2050-08-28 18:00:00,2687.497,1721.64,1905.6,6314.737
2050-08-28 19:00:00,2784.883,1815.604,1644.32,6244.807
2050-08-28 20:00:00,2829.567,1867.81,1322.53,6019.906
2050-08-28 21:00:00,2625.419,1951.575,1083.95,5660.944
2050-08-28 22:00:00,2430.564,1858.751,871.66,5160.974
2050-08-28 23:00:00,2213.944,1730.692,687.86,4632.496
2050-08-29 00:00:00,2028.918,1524.502,531.9,4085.32
2050-08-29 01:00:00,1927.625,1435.324,398.1,3761.049
2050-08-29 02:00:00,1868.784,1211.474,283.15,3363.407
2050-08-29 03:00:00,1843.281,1078.047,183.85,3105.178
2050-08-29 04:00:00,1865.26,946.578,106.79,2918.628
2050-08-29 05:00:00,1949.351,824.28,58.88,2832.511
2050-08-29 06:00:00,2091.152,747.965,35.41,2874.527
2050-08-29 07:00:00,2179.471,776.457,29.11,2985.038
2050-08-29 08:00:00,2241.921,882.647,109.69,3234.258
2050-08-29 09:00:00,2287.547,1067.314,473.46,3828.321
2050-08-29 10:00:00,2300.817,1117.174,831.34,4249.331
2050-08-29 11:00:00,2301.654,1163.669,1190.19,4655.513
2050-08-29 12:00:00,2305.033,1207.507,1504.52,5017.06
2050-08-29 13:00:00,2305.305,1224.51,1756.81,5286.625
2050-08-29 14:00:00,2333.61,1220.922,2017.43,5571.961
2050-08-29 15:00:00,2380.749,1230.315,2252.12,5863.184
2050-08-29 16:00:00,2485.328,1316.48,2429.16,6230.969
2050-08-29 17:00:00,2607.94,1445.809,2519.32,6573.07
2050-08-29 18:00:00,2687.497,1721.64,2481.8,6890.937
2050-08-29 19:00:00,2788.294,1815.604,2151.89,6755.788
2050-08-29 20:00:00,2829.567,1867.81,1777.18,6474.556
2050-08-29 21:00:00,2625.419,1951.575,1498.06,6075.054
2050-08-29 22:00:00,2430.564,1858.751,1256.89,5546.204
2050-08-29 23:00:00,2213.944,1730.692,1059.19,5003.826
2050-08-30 00:00:00,2028.918,1524.502,889.37,4442.79
2050-08-30 01:00:00,1927.625,1435.324,740.8,4103.749
2050-08-30 02:00:00,1868.784,1211.474,609.28,3689.537
2050-08-30 03:00:00,1843.281,1078.047,477.97,3399.298
2050-08-30 04:00:00,1865.26,946.578,368.5,3180.338
2050-08-30 05:00:00,1949.351,824.28,272.63,3046.261
2050-08-30 06:00:00,2091.899,747.965,199.84,3039.704
2050-08-30 07:00:00,2179.471,776.457,184.38,3140.308
2050-08-30 08:00:00,2241.921,882.647,395.55,3520.118
2050-08-30 09:00:00,2287.547,1067.314,797.63,4152.491
2050-08-30 10:00:00,2300.817,1117.174,1129.95,4547.941
2050-08-30 11:00:00,2301.654,1163.669,1467.86,4933.183
2050-08-30 12:00:00,2305.033,1207.507,1772.47,5285.01
2050-08-30 13:00:00,2305.305,1224.51,2015.29,5545.105
2050-08-30 14:00:00,2333.61,1220.922,2258.16,5812.691
2050-08-30 15:00:00,2380.749,1230.315,2461.59,6072.654
2050-08-30 16:00:00,2485.328,1316.48,2607.21,6409.019
2050-08-30 17:00:00,2607.94,1445.809,2672.51,6726.26
2050-08-30 18:00:00,2687.497,1721.64,2611.9,7021.037
2050-08-30 19:00:00,2792.247,1815.604,2286.52,6894.371
2050-08-30 20:00:00,2829.567,1867.81,1920.07,6617.446
2050-08-30 21:00:00,2625.419,1951.575,1648.64,6225.634
2050-08-30 22:00:00,2430.564,1858.751,1421.95,5711.264
2050-08-30 23:00:00,2213.944,1730.692,1230.23,5174.866
2050-08-31 00:00:00,2028.918,1524.502,1062.13,4615.55
2050-08-31 01:00:00,1927.625,1435.324,909.47,4272.419
2050-08-31 02:00:00,1868.784,1211.474,770.79,3851.047
2050-08-31 03:00:00,1843.281,1078.047,636.8,3558.128
2050-08-31 04:00:00,1865.26,946.578,516.58,3328.418
2050-08-31 05:00:00,1949.351,824.28,407.5,3181.131
2050-08-31 06:00:00,2092.591,747.965,307.12,3147.676
2050-08-31 07:00:00,2179.471,776.457,265.04,3220.968
2050-08-31 08:00:00,2241.921,882.647,470.69,3595.258
2050-08-31 09:00:00,2287.547,1067.314,859.93,4214.791
2050-08-31 10:00:00,2300.817,1117.174,1191.18,4609.171
2050-08-31 11:00:00,2301.654,1163.669,1518.34,4983.663
2050-08-31 12:00:00,2305.033,1207.507,1819.19,5331.73
2050-08-31 13:00:00,2305.305,1224.51,2058.99,5588.805
2050-08-31 14:00:00,2333.61,1220.922,2294.9,5849.431
2050-08-31 15:00:00,2380.749,1230.315,2508.67,6119.734
2050-08-31 16:00:00,2485.328,1316.48,2662.66,6464.469
2050-08-31 17:00:00,2607.94,1445.809,2738.18,6791.93
2050-08-31 18:00:00,2687.497,1721.64,2686.26,7095.397
2050-08-31 19:00:00,2795.842,1815.604,2362.11,6973.555
2050-08-31 20:00:00,2829.567,1867.81,1847.88,6545.256
2050-08-31 21:00:00,2625.419,1951.575,1597.86,6174.854
2050-08-31 22:00:00,2430.564,1858.751,1386.45,5675.764
2050-08-31 23:00:00,2213.944,1730.692,1207.17,5151.806
2050-09-01 00:00:00,2028.918,1542.154,1060.3,4631.372
2050-09-01 01:00:00,1927.625,1451.943,943.68,4323.248
2050-09-01 02:00:00,1868.784,1225.501,829.38,3923.665
2050-09-01 03:00:00,1843.281,1090.53,718.56,3652.371
2050-09-01 04:00:00,1865.26,957.539,612.25,3435.049
2050-09-01 05:00:00,1949.351,833.824,513.77,3296.945
2050-09-01 06:00:00,2093.283,756.626,421.89,3271.799
2050-09-01 07:00:00,2179.471,785.447,373.72,3338.639
2050-09-01 08:00:00,2241.921,892.868,583.61,3718.398
2050-09-01 09:00:00,2287.547,1079.673,967.13,4334.349
2050-09-01 10:00:00,2300.817,1130.11,1321.46,4752.387
2050-09-01 11:00:00,2301.654,1177.143,1683.52,5162.317
2050-09-01 12:00:00,2305.033,1221.489,2003.14,5529.662
2050-09-01 13:00:00,2305.305,1238.688,2247.6,5791.594
2050-09-01 14:00:00,2333.61,1235.059,2482.62,6051.288
2050-09-01 15:00:00,2380.749,1244.56,2681.87,6307.179
2050-09-01 16:00:00,2485.328,1331.724,2802.62,6619.672
2050-09-01 17:00:00,2607.94,1462.55,2800.65,6871.141
2050-09-01 18:00:00,2687.497,1741.575,2663.56,7092.632
2050-09-01 19:00:00,2799.661,1836.626,2261.21,6897.498
2050-09-01 20:00:00,2829.567,1889.437,1875.94,6594.944
2050-09-01 21:00:00,2625.419,1974.172,1624.21,6223.801
2050-09-01 22:00:00,2430.564,1880.273,1411.51,5722.347
2050-09-01 23:00:00,2213.944,1750.731,1232.83,5197.505
2050-09-02 00:00:00,2028.918,1542.154,1087.39,4658.462
2050-09-02 01:00:00,1927.625,1451.943,965.76,4345.328
2050-09-02 02:00:00,1868.784,1225.501,856.56,3950.845
2050-09-02 03:00:00,1843.281,1090.53,753.87,3687.681
2050-09-02 04:00:00,1865.26,957.539,655.96,3478.759
2050-09-02 05:00:00,1949.351,833.824,563.01,3346.185
2050-09-02 06:00:00,2093.951,756.626,479.66,3330.237
2050-09-02 07:00:00,2179.471,785.447,442.34,3407.259
2050-09-02 08:00:00,2241.921,892.868,653.68,3788.468
2050-09-02 09:00:00,2287.547,1079.673,990.3,4357.519
2050-09-02 10:00:00,2300.817,1130.11,1266.67,4697.597
2050-09-02 11:00:00,2301.654,1177.143,1549.28,5028.077
2050-09-02 12:00:00,2305.033,1221.489,1794.59,5321.112
2050-09-02 13:00:00,2305.305,1238.688,1979.26,5523.254
2050-09-02 14:00:00,2333.61,1235.059,2162.86,5731.528
2050-09-02 15:00:00,2380.749,1244.56,2316.43,5941.739
2050-09-02 16:00:00,2485.328,1331.724,2391.0,6208.052
2050-09-02 17:00:00,2607.94,1462.55,2365.14,6435.631
2050-09-02 18:00:00,2687.497,1741.575,2232.57,6661.642
2050-09-02 19:00:00,2803.451,1836.626,1860.6,6500.678
2050-09-02 20:00:00,2829.567,1889.437,1515.15,6234.154
2050-09-02 21:00:00,2625.419,1974.172,1288.84,5888.431
2050-09-02 22:00:00,2430.564,1880.273,1102.03,5412.867
2050-09-02 23:00:00,2213.944,1750.731,948.44,4913.115
2050-09-03 00:00:00,2028.918,1542.154,820.05,4391.122
2050-09-03 01:00:00,1927.625,1451.943,713.55,4093.118
2050-09-03 02:00:00,1868.784,1225.501,622.4,3716.685
2050-09-03 03:00:00,1843.281,1090.53,544.77,3478.581
2050-09-03 04:00:00,1865.26,957.539,467.04,3289.839
2050-09-03 05:00:00,1949.351,833.824,395.37,3178.545
2050-09-03 06:00:00,2094.643,756.626,334.95,3186.219
2050-09-03 07:00:00,2179.471,785.447,308.36,3273.279
2050-09-03 08:00:00,2241.921,892.868,451.78,3586.568
2050-09-03 09:00:00,2287.547,1079.673,719.57,4086.789
2050-09-03 10:00:00,2300.817,1130.11,939.61,4370.537
2050-09-03 11:00:00,2301.654,1177.143,1193.24,4672.037
2050-09-03 12:00:00,2305.033,1221.489,1363.16,4889.682
2050-09-03 13:00:00,2305.305,1238.688,1505.1,5049.094
2050-09-03 14:00:00,2333.61,1235.059,1641.57,5210.238
2050-09-03 15:00:00,2380.749,1244.56,1650.35,5275.659
2050-09-03 16:00:00,2485.328,1331.724,1582.11,5399.162
2050-09-03 17:00:00,2607.94,1462.55,1486.92,5557.411
2050-09-03 18:00:00,2687.497,1741.575,1380.53,5809.602
2050-09-03 19:00:00,2806.95,1836.626,1140.52,5784.096
2050-09-03 20:00:00,2829.567,1889.437,960.52,5679.524
2050-09-03 21:00:00,2625.419,1974.172,893.63,5493.221
2050-09-03 22:00:00,2430.564,1880.273,813.9,5124.737
2050-09-03 23:00:00,2213.944,1750.731,747.06,4711.735
2050-09-04 00:00:00,2028.918,1542.154,693.73,4264.802
2050-09-04 01:00:00,1927.625,1451.943,644.17,4023.738
2050-09-04 02:00:00,1868.784,1225.501,593.05,3687.335
2050-09-04 03:00:00,1843.281,1090.53,528.82,3462.631
2050-09-04 04:00:00,1865.26,957.539,429.82,3252.619
2050-09-04 05:00:00,1949.351,833.824,336.44,3119.615
2050-09-04 06:00:00,2095.311,756.626,220.43,3072.366
2050-09-04 07:00:00,2179.471,785.447,152.39,3117.309
2050-09-04 08:00:00,2241.921,892.868,307.22,3442.008
2050-09-04 09:00:00,2287.547,1079.673,606.71,3973.929
2050-09-04 10:00:00,2300.817,1130.11,859.46,4290.387
2050-09-04 11:00:00,2301.654,1177.143,1108.45,4587.247
2050-09-04 12:00:00,2305.033,1221.489,1325.75,4852.272
2050-09-04 13:00:00,2305.305,1238.688,1470.04,5014.034
2050-09-04 14:00:00,2333.61,1235.059,1641.94,5210.608
2050-09-04 15:00:00,2380.749,1244.56,1817.59,5442.899
2050-09-04 16:00:00,2485.328,1331.724,1930.67,5747.722
2050-09-04 17:00:00,2607.94,1462.55,1958.23,6028.721
2050-09-04 18:00:00,2687.497,1741.575,1881.46,6310.532
2050-09-04 19:00:00,2810.951,1836.626,1550.49,6198.067
2050-09-04 20:00:00,2829.567,1889.437,1210.55,5929.554
2050-09-04 21:00:00,2625.419,1974.172,951.39,5550.981
2050-09-04 22:00:00,2430.564,1880.273,728.58,5039.417
2050-09-04 23:00:00,2213.944,1750.731,514.48,4479.155
2050-09-05 00:00:00,2028.918,1542.154,298.57,3869.642
2050-09-05 01:00:00,1927.625,1451.943,132.24,3511.808
2050-09-05 02:00:00,1868.784,1225.501,46.23,3140.515
2050-09-05 03:00:00,1843.281,1090.53,19.44,2953.251
2050-09-05 04:00:00,1865.26,957.539,9.76,2832.559
2050-09-05 05:00:00,1949.351,833.824,7.37,2790.545
2050-09-05 06:00:00,2096.003,756.626,24.46,2877.089
2050-09-05 07:00:00,2179.471,785.447,51.57,3016.489
2050-09-05 08:00:00,2241.921,892.868,15.14,3149.928
2050-09-05 09:00:00,2287.547,1079.673,71.8,3439.019
2050-09-05 10:00:00,2300.817,1130.11,146.01,3576.937
2050-09-05 11:00:00,2301.654,1177.143,368.52,3847.317
2050-09-05 12:00:00,2305.033,1221.489,618.1,4144.622
2050-09-05 13:00:00,2305.305,1238.688,821.38,4365.374
2050-09-05 14:00:00,2333.61,1235.059,1042.76,4611.428
2050-09-05 15:00:00,2380.749,1244.56,1252.31,4877.619
2050-09-05 16:00:00,2485.328,1331.724,1372.53,5189.582
2050-09-05 17:00:00,2607.94,1462.55,1370.24,5440.731
2050-09-05 18:00:00,2687.497,1741.575,1289.3,5718.372
2050-09-05 19:00:00,2814.876,1836.626,956.99,5608.493
2050-09-05 20:00:00,2829.567,1889.437,655.95,5374.954
2050-09-05 21:00:00,2625.419,1974.172,463.65,5063.241
2050-09-05 22:00:00,2430.564,1880.273,302.46,4613.297
2050-09-05 23:00:00,2213.944,1750.731,180.03,4144.705
2050-09-06 00:00:00,2028.918,1542.154,96.05,3667.122
2050-09-06 01:00:00,1927.625,1451.943,51.13,3430.698
2050-09-06 02:00:00,1868.784,1225.501,24.83,3119.115
2050-09-06 03:00:00,1843.281,1090.53,11.68,2945.491
2050-09-06 04:00:00,1865.26,957.539,7.57,2830.369
2050-09-06 05:00:00,1949.351,833.824,5.44,2788.615
2050-09-06 06:00:00,2096.72,756.626,6.72,2860.066
2050-09-06 07:00:00,2179.471,785.447,16.56,2981.479
2050-09-06 08:00:00,2241.921,892.868,8.81,3143.598
2050-09-06 09:00:00,2287.547,1079.673,46.99,3414.209
2050-09-06 10:00:00,2300.817,1130.11,159.2,3590.127
2050-09-06 11:00:00,2301.654,1177.143,461.2,3939.997
2050-09-06 12:00:00,2305.033,1221.489,826.43,4352.952
2050-09-06 13:00:00,2305.305,1238.688,1111.91,4655.904
2050-09-06 14:00:00,2333.61,1235.059,1365.95,4934.618
2050-09-06 15:00:00,2380.749,1244.56,1573.15,5198.459
2050-09-06 16:00:00,2485.328,1331.724,1706.92,5523.972
2050-09-06 17:00:00,2607.94,1462.55,1720.15,5790.641
2050-09-06 18:00:00,2687.497,1741.575,1619.04,6048.112
2050-09-06 19:00:00,2818.425,1836.626,1254.07,5909.121
2050-09-06 20:00:00,2829.567,1889.437,939.14,5658.144
2050-09-06 21:00:00,2625.419,1974.172,735.31,5334.901
2050-09-06 22:00:00,2430.564,1880.273,569.29,4880.127
2050-09-06 23:00:00,2213.944,1750.731,427.68,4392.355
2050-09-07 00:00:00,2028.918,1542.154,303.76,3874.832
2050-09-07 01:00:00,1927.625,1451.943,193.32,3572.888
2050-09-07 02:00:00,1868.784,1225.501,110.23,3204.515
2050-09-07 03:00:00,1843.281,1090.53,61.39,2995.201
2050-09-07 04:00:00,1865.26,957.539,37.91,2860.709
2050-09-07 05:00:00,1949.351,833.824,23.15,2806.325
2050-09-07 06:00:00,2097.412,756.626,14.68,2868.718
2050-09-07 07:00:00,2179.471,785.447,11.1,2976.019
2050-09-07 08:00:00,2241.921,892.868,52.1,3186.888
2050-09-07 09:00:00,2287.547,1079.673,267.21,3634.429
2050-09-07 10:00:00,2300.817,1130.11,589.17,4020.097
2050-09-07 11:00:00,2301.654,1177.143,888.1,4366.897
2050-09-07 12:00:00,2305.033,1221.489,1125.71,4652.232
2050-09-07 13:00:00,2305.305,1238.688,1310.99,4854.984
2050-09-07 14:00:00,2333.61,1235.059,1517.51,5086.178
2050-09-07 15:00:00,2380.749,1244.56,1691.08,5316.389
2050-09-07 16:00:00,2485.328,1331.724,1803.31,5620.362
2050-09-07 17:00:00,2607.94,1462.55,1825.17,5895.661
2050-09-07 18:00:00,2687.497,1741.575,1726.94,6156.012
2050-09-07 19:00:00,2822.53,1836.626,1373.03,6032.187
2050-09-07 20:00:00,2829.567,1889.437,1074.91,5793.914
2050-09-07 21:00:00,2625.419,1974.172,882.22,5481.811
2050-09-07 22:00:00,2430.564,1880.273,720.14,5030.977
2050-09-07 23:00:00,2213.944,1750.731,592.96,4557.635
2050-09-08 00:00:00,2028.918,1542.154,487.75,4058.822
2050-09-08 01:00:00,1927.625,1451.943,396.53,3776.098
2050-09-08 02:00:00,1868.784,1225.501,310.65,3404.935
2050-09-08 03:00:00,1843.281,1090.53,228.19,3162.001
2050-09-08 04:00:00,1865.26,957.539,158.41,2981.209
2050-09-08 05:00:00,1949.351,833.824,114.84,2898.015
2050-09-08 06:00:00,2098.104,756.626,82.81,2937.54
2050-09-08 07:00:00,2179.471,785.447,77.62,3042.539
2050-09-08 08:00:00,2241.921,892.868,136.08,3270.868
2050-09-08 09:00:00,2287.547,1079.673,262.94,3630.159
2050-09-08 10:00:00,2300.817,1130.11,283.25,3714.177
2050-09-08 11:00:00,2301.654,1177.143,516.25,3995.047
2050-09-08 12:00:00,2305.033,1221.489,803.91,4330.432
2050-09-08 13:00:00,2305.305,1238.688,1049.67,4593.664
2050-09-08 14:00:00,2333.61,1235.059,1322.95,4891.618
2050-09-08 15:00:00,2380.749,1244.56,1578.86,5204.169
2050-09-08 16:00:00,2485.328,1331.724,1792.35,5609.402
2050-09-08 17:00:00,2607.94,1462.55,1918.8,5989.291
2050-09-08 18:00:00,2687.497,1741.575,1915.05,6344.122
2050-09-08 19:00:00,2826.437,1836.626,1606.21,6269.273
2050-09-08 20:00:00,2829.567,1889.437,1280.97,5999.974
2050-09-08 21:00:00,2625.419,1974.172,1003.21,5602.801
2050-09-08 22:00:00,2430.564,1880.273,735.77,5046.607
2050-09-08 23:00:00,2213.944,1750.731,495.38,4460.055
2050-09-09 00:00:00,2028.918,1542.154,283.79,3854.862
2050-09-09 01:00:00,1927.625,1451.943,108.11,3487.678
2050-09-09 02:00:00,1868.784,1225.501,37.17,3131.455
2050-09-09 03:00:00,1843.281,1090.53,15.81,2949.621
2050-09-09 04:00:00,1865.26,957.539,8.61,2831.409
2050-09-09 05:00:00,1949.351,833.824,6.04,2789.215
2050-09-09 06:00:00,2098.796,756.626,5.97,2861.392
2050-09-09 07:00:00,2179.471,785.447,18.27,2983.189
2050-09-09 08:00:00,2241.921,892.868,8.59,3143.378
2050-09-09 09:00:00,2287.547,1079.673,34.89,3402.109
2050-09-09 10:00:00,2300.817,1130.11,106.57,3537.497
2050-09-09 11:00:00,2301.654,1177.143,247.05,3725.847
2050-09-09 12:00:00,2305.033,1221.489,475.23,4001.752
2050-09-09 13:00:00,2305.305,1238.688,648.09,4192.084
2050-09-09 14:00:00,2333.61,1235.059,808.09,4376.758
2050-09-09 15:00:00,2380.749,1244.56,942.55,4567.859
2050-09-09 16:00:00,2485.328,1331.724,1065.04,4882.092
2050-09-09 17:00:00,2607.94,1462.55,1119.68,5190.171
2050-09-09 18:00:00,2687.497,1741.575,1088.18,5517.252
2050-09-09 19:00:00,2830.211,1836.626,797.28,5464.117
2050-09-09 20:00:00,2829.567,1889.437,532.55,5251.554
2050-09-09 21:00:00,2625.419,1974.172,352.92,4952.511
2050-09-09 22:00:00,2430.564,1880.273,190.83,4501.667
2050-09-09 23:00:00,2213.944,1750.731,75.48,4040.155
2050-09-10 00:00:00,2028.918,1542.154,32.38,3603.452
2050-09-10 01:00:00,1927.625,1451.943,16.17,3395.738
2050-09-10 02:00:00,1868.784,1225.501,9.3,3103.585
2050-09-10 03:00:00,1843.281,1090.53,6.67,2940.481
2050-09-10 04:00:00,1865.26,957.539,5.1,2827.899
2050-09-10 05:00:00,1949.351,833.824,5.29,2788.465
2050-09-10 06:00:00,2099.515,756.626,15.63,2871.77
2050-09-10 07:00:00,2179.471,785.447,22.74,2987.659
2050-09-10 08:00:00,2241.921,892.868,14.05,3148.838
2050-09-10 09:00:00,2287.547,1079.673,14.0,3381.219
2050-09-10 10:00:00,2300.817,1130.11,20.71,3451.637
2050-09-10 11:00:00,2301.654,1177.143,42.44,3521.237
2050-09-10 12:00:00,2305.033,1221.489,111.43,3637.952
2050-09-10 13:00:00,2305.305,1238.688,281.27,3825.264
2050-09-10 14:00:00,2333.61,1235.059,577.89,4146.558
2050-09-10 15:00:00,2380.749,1244.56,850.46,4475.769
2050-09-10 16:00:00,2485.328,1331.724,1070.94,4887.992
2050-09-10 17:00:00,2607.94,1462.55,1212.35,5282.841
2050-09-10 18:00:00,2687.497,1741.575,1230.47,5659.542
2050-09-10 19:00:00,2834.029,1836.626,959.9,5630.555
2050-09-10 20:00:00,2829.567,1889.437,708.88,5427.884
2050-09-10 21:00:00,2625.419,1974.172,531.02,5130.611
2050-09-10 22:00:00,2430.564,1880.273,367.43,4678.267
2050-09-10 23:00:00,2213.944,1750.731,219.13,4183.805
2050-09-11 00:00:00,2028.918,1542.154,94.44,3665.512
2050-09-11 01:00:00,1927.625,1451.943,36.35,3415.918
2050-09-11 02:00:00,1868.784,1225.501,18.01,3112.295
2050-09-11 03:00:00,1843.281,1090.53,10.06,2943.871
2050-09-11 04:00:00,1865.26,957.539,6.52,2829.319
2050-09-11 05:00:00,1949.351,833.824,4.99,2788.165
2050-09-11 06:00:00,2100.234,756.626,4.82,2861.68
2050-09-11 07:00:00,2179.471,785.447,13.19,2978.109
2050-09-11 08:00:00,2241.921,892.868,8.72,3143.508
2050-09-11 09:00:00,2287.547,1079.673,46.92,3414.139
2050-09-11 10:00:00,2300.817,1130.11,145.83,3576.757
2050-09-11 11:00:00,2301.654,1177.143,404.48,3883.277
2050-09-11 12:00:00,2305.033,1221.489,691.21,4217.732
2050-09-11 13:00:00,2305.305,1238.688,915.53,4459.524
2050-09-11 14:00:00,2333.61,1235.059,1158.69,4727.358
2050-09-11 15:00:00,2380.749,1244.56,1364.78,4990.089
2050-09-11 16:00:00,2485.328,1331.724,1494.27,5311.322
2050-09-11 17:00:00,2607.94,1462.55,1530.62,5601.111
2050-09-11 18:00:00,2687.497,1741.575,1431.48,5860.552
2050-09-11 19:00:00,2838.13,1836.626,1058.89,5733.646
2050-09-11 20:00:00,2829.567,1889.437,750.58,5469.584
2050-09-11 21:00:00,2625.419,1974.172,535.28,5134.871
2050-09-11 22:00:00,2430.564,1880.273,355.53,4666.367
2050-09-11 23:00:00,2213.944,1750.731,206.72,4171.395
2050-09-12 00:00:00,2028.918,1542.154,116.08,3687.152
2050-09-12 01:00:00,1927.625,1451.943,61.64,3441.208
2050-09-12 02:00:00,1868.784,1225.501,36.04,3130.325
2050-09-12 03:00:00,1843.281,1090.53,18.91,2952.721
2050-09-12 04:00:00,1865.26,957.539,10.94,2833.739
2050-09-12 05:00:00,1949.351,833.824,7.87,2791.045
2050-09-12 06:00:00,2100.947,756.626,7.26,2864.833
2050-09-12 07:00:00,2179.471,785.447,9.63,2974.549
2050-09-12 08:00:00,2241.921,892.868,9.62,3144.408
2050-09-12 09:00:00,2287.547,1079.673,26.32,3393.539
2050-09-12 10:00:00,2300.817,1130.11,32.96,3463.887
2050-09-12 11:00:00,2301.654,1177.143,39.87,3518.667
2050-09-12 12:00:00,2305.033,1221.489,48.31,3574.832
2050-09-12 13:00:00,2305.305,1238.688,51.22,3595.214
2050-09-12 14:00:00,2333.61,1235.059,58.57,3627.238
2050-09-12 15:00:00,2380.749,1244.56,72.76,3698.069
2050-09-12 16:00:00,2485.328,1331.724,93.81,3910.862
2050-09-12 17:00:00,2607.94,1462.55,107.14,4177.631
2050-09-12 18:00:00,2687.497,1741.575,104.33,4533.402
2050-09-12 19:00:00,2841.956,1836.626,35.74,4714.322
2050-09-12 20:00:00,2829.567,1889.437,18.38,4737.384
2050-09-12 21:00:00,2625.419,1974.172,15.96,4615.551
2050-09-12 22:00:00,2430.564,1880.273,14.21,4325.047
2050-09-12 23:00:00,2213.944,1750.731,12.7,3977.375
2050-09-13 00:00:00,2028.918,1542.154,11.9,3582.972
2050-09-13 01:00:00,1927.625,1451.943,11.47,3391.038
2050-09-13 02:00:00,1868.784,1225.501,10.94,3105.225
2050-09-13 03:00:00,1843.281,1090.53,10.14,2943.951
2050-09-13 04:00:00,1865.26,957.539,10.03,2832.829
2050-09-13 05:00:00,1949.351,833.824,9.56,2792.735
2050-09-13 06:00:00,2101.643,756.626,8.09,2866.359
2050-09-13 07:00:00,2179.471,785.447,7.02,2971.939
2050-09-13 08:00:00,2241.921,892.868,20.46,3155.248
2050-09-13 09:00:00,2287.547,1079.673,76.34,3443.559
2050-09-13 10:00:00,2300.817,1130.11,171.07,3601.997
2050-09-13 11:00:00,2301.654,1177.143,338.0,3816.797
2050-09-13 12:00:00,2305.033,1221.489,540.85,4067.372
2050-09-13 13:00:00,2305.305,1238.688,728.82,4272.814
2050-09-13 14:00:00,2333.61,1235.059,959.41,4528.078
2050-09-13 15:00:00,2380.749,1244.56,1185.73,4811.039
2050-09-13 16:00:00,2485.328,1331.724,1363.17,5180.222
2050-09-13 17:00:00,2607.94,1462.55,1448.14,5518.631
2050-09-13 18:00:00,2687.497,1741.575,1378.76,5807.832
2050-09-13 19:00:00,2845.859,1836.626,1028.06,5710.546
2050-09-13 20:00:00,2829.567,1889.437,758.14,5477.144
2050-09-13 21:00:00,2625.419,1974.172,596.89,5196.481
2050-09-13 22:00:00,2430.564,1880.273,450.09,4760.927
2050-09-13 23:00:00,2213.944,1750.731,344.56,4309.235
2050-09-14 00:00:00,2028.918,1542.154,154.18,3725.252
2050-09-14 01:00:00,1927.625,1451.943,71.95,3451.518
2050-09-14 02:00:00,1868.784,1225.501,36.48,3130.765
2050-09-14 03:00:00,1843.281,1090.53,21.1,2954.911
2050-09-14 04:00:00,1865.26,957.539,11.89,2834.689
2050-09-14 05:00:00,1949.351,833.824,7.95,2791.125
2050-09-14 06:00:00,2102.335,756.626,6.38,2865.341
2050-09-14 07:00:00,2179.471,785.447,5.44,2970.359
2050-09-14 08:00:00,2241.921,892.868,11.64,3146.428
2050-09-14 09:00:00,2287.547,1079.673,87.63,3454.849
2050-09-14 10:00:00,2300.817,1130.11,234.81,3665.737
2050-09-14 11:00:00,2301.654,1177.143,556.03,4034.827
2050-09-14 12:00:00,2305.033,1221.489,830.66,4357.182
2050-09-14 13:00:00,2305.305,1238.688,1038.25,4582.244
2050-09-14 14:00:00,2333.61,1235.059,1259.81,4828.478
2050-09-14 15:00:00,2380.749,1244.56,1456.46,5081.769
2050-09-14 16:00:00,2485.328,1331.724,1618.22,5435.272
2050-09-14 17:00:00,2607.94,1462.55,1674.86,5745.351
2050-09-14 18:00:00,2687.497,1741.575,1596.45,6025.522
2050-09-14 19:00:00,2849.615,1836.626,1233.08,5919.322
2050-09-14 20:00:00,2829.567,1889.437,930.8,5649.804
2050-09-14 21:00:00,2625.419,1974.172,702.28,5301.871
2050-09-14 22:00:00,2430.564,1880.273,494.85,4805.687
2050-09-14 23:00:00,2213.944,1750.731,311.92,4276.595
2050-09-15 00:00:00,2028.918,1542.154,155.93,3727.002
2050-09-15 01:00:00,1927.625,1451.943,63.45,3443.018
2050-09-15 02:00:00,1868.784,1225.501,28.36,3122.645
2050-09-15 03:00:00,1843.281,1090.53,13.21,2947.021
2050-09-15 04:00:00,1865.26,957.539,8.12,2830.919
2050-09-15 05:00:00,1949.351,833.824,6.25,2789.425
2050-09-15 06:00:00,2103.08,756.626,5.96,2865.666
2050-09-15 07:00:00,2179.471,785.447,19.33,2984.249
2050-09-15 08:00:00,2241.921,892.868,8.64,3143.428
2050-09-15 09:00:00,2287.547,1079.673,59.02,3426.239
2050-09-15 10:00:00,2300.817,1130.11,128.71,3559.637
2050-09-15 11:00:00,2301.654,1177.143,336.78,3815.577
2050-09-15 12:00:00,2305.033,1221.489,570.02,4096.542
2050-09-15 13:00:00,2305.305,1238.688,752.85,4296.844
2050-09-15 14:00:00,2333.61,1235.059,956.82,4525.488
2050-09-15 15:00:00,2380.749,1244.56,1150.49,4775.799
2050-09-15 16:00:00,2485.328,1331.724,1299.99,5117.042
2050-09-15 17:00:00,2607.94,1462.55,1374.63,5445.121
2050-09-15 18:00:00,2687.497,1741.575,1308.59,5737.662
2050-09-15 19:00:00,2853.779,1836.626,957.44,5647.845
2050-09-15 20:00:00,2829.567,1889.437,679.64,5398.644
2050-09-15 21:00:00,2625.419,1974.172,469.83,5069.421
2050-09-15 22:00:00,2430.564,1880.273,279.12,4589.957
2050-09-15 23:00:00,2213.944,1750.731,124.95,4089.625
2050-09-16 00:00:00,2028.918,1542.154,44.74,3615.812
2050-09-16 01:00:00,1927.625,1451.943,17.72,3397.288
2050-09-16 02:00:00,1868.784,1225.501,8.51,3102.795
2050-09-16 03:00:00,1843.281,1090.53,6.09,2939.901
2050-09-16 04:00:00,1865.26,957.539,6.86,2829.659
2050-09-16 05:00:00,1949.351,833.824,29.12,2812.295
2050-09-16 06:00:00,2103.8,756.626,85.66,2946.086
2050-09-16 07:00:00,2179.471,785.447,149.88,3114.799
2050-09-16 08:00:00,2241.921,892.868,63.08,3197.868
2050-09-16 09:00:00,2287.547,1079.673,21.3,3388.519
2050-09-16 10:00:00,2300.817,1130.11,73.94,3504.867
2050-09-16 11:00:00,2301.654,1177.143,197.44,3676.237
2050-09-16 12:00:00,2305.033,1221.489,453.59,3980.112
2050-09-16 13:00:00,2305.305,1238.688,665.36,4209.354
2050-09-16 14:00:00,2333.61,1235.059,855.44,4424.108
2050-09-16 15:00:00,2380.749,1244.56,962.69,4587.999
2050-09-16 16:00:00,2485.328,1331.724,1068.04,4885.092
2050-09-16 17:00:00,2607.94,1462.55,1046.62,5117.111
2050-09-16 18:00:00,2687.497,1741.575,944.89,5373.962
2050-09-16 19:00:00,2857.687,1836.626,755.25,5449.563
2050-09-16 20:00:00,2829.567,1889.437,625.93,5344.934
2050-09-16 21:00:00,2625.419,1974.172,555.47,5155.061
2050-09-16 22:00:00,2430.564,1880.273,500.36,4811.197
2050-09-16 23:00:00,2213.944,1750.731,458.76,4423.435
2050-09-17 00:00:00,2028.918,1542.154,425.39,3996.462
2050-09-17 01:00:00,1927.625,1451.943,398.79,3778.358
2050-09-17 02:00:00,1868.784,1225.501,363.93,3458.215
2050-09-17 03:00:00,1843.281,1090.53,327.42,3261.231
2050-09-17 04:00:00,1865.26,957.539,303.28,3126.079
2050-09-17 05:00:00,1949.351,833.824,252.26,3035.435
2050-09-17 06:00:00,2104.493,756.626,195.92,3057.038
2050-09-17 07:00:00,2179.471,785.447,146.68,3111.599
2050-09-17 08:00:00,2241.921,892.868,289.35,3424.138
2050-09-17 09:00:00,2287.547,1079.673,530.94,3898.159
2050-09-17 10:00:00,2300.817,1130.11,656.14,4087.067
2050-09-17 11:00:00,2301.654,1177.143,829.38,4308.177
2050-09-17 12:00:00,2305.033,1221.489,953.69,4480.212
2050-09-17 13:00:00,2305.305,1238.688,978.95,4522.944
2050-09-17 14:00:00,2333.61,1235.059,1082.19,4650.858
2050-09-17 15:00:00,2380.749,1244.56,1199.07,4824.379
2050-09-17 16:00:00,2485.328,1331.724,1285.94,5102.992
2050-09-17 17:00:00,2607.94,1462.55,1310.36,5380.851
2050-09-17 18:00:00,2687.497,1741.575,1216.98,5646.052
2050-09-17 19:00:00,2861.565,1836.626,896.65,5594.842
2050-09-17 20:00:00,2829.567,1889.437,648.92,5367.924
2050-09-17 21:00:00,2625.419,1974.172,481.65,5081.241
2050-09-17 22:00:00,2430.564,1880.273,329.13,4639.967
2050-09-17 23:00:00,2213.944,1750.731,216.13,4180.805
2050-09-18 00:00:00,2028.918,1542.154,120.0,3691.072
2050-09-18 01:00:00,1927.625,1451.943,63.23,3442.798
2050-09-18 02:00:00,1868.784,1225.501,33.13,3127.415
2050-09-18 03:00:00,1843.281,1090.53,15.27,2949.081
2050-09-18 04:00:00,1865.26,957.539,8.84,2831.639
2050-09-18 05:00:00,1949.351,833.824,6.63,2789.805
2050-09-18 06:00:00,2105.211,756.626,6.36,2868.197
2050-09-18 07:00:00,2179.471,785.447,8.32,2973.239
2050-09-18 08:00:00,2241.921,892.868,9.9,3144.688
2050-09-18 09:00:00,2287.547,1079.673,44.37,3411.589
2050-09-18 10:00:00,2300.817,1130.11,79.39,3510.317
2050-09-18 11:00:00,2301.654,1177.143,124.65,3603.447
2050-09-18 12:00:00,2305.033,1221.489,220.94,3747.462
2050-09-18 13:00:00,2305.305,1238.688,365.22,3909.214
2050-09-18 14:00:00,2333.61,1235.059,529.31,4097.978
2050-09-18 15:00:00,2380.749,1244.56,693.7,4319.009
2050-09-18 16:00:00,2485.328,1331.724,836.96,4654.012
2050-09-18 17:00:00,2607.94,1462.55,917.94,4988.431
2050-09-18 18:00:00,2688.251,1741.575,864.13,5293.955
2050-09-18 19:00:00,2864.608,1836.626,546.37,5247.604
2050-09-18 20:00:00,2829.567,1889.437,311.5,5030.504
2050-09-18 21:00:00,2625.419,1974.172,154.02,4753.611
2050-09-18 22:00:00,2430.564,1880.273,61.21,4372.047
2050-09-18 23:00:00,2213.944,1750.731,30.72,3995.395
2050-09-19 00:00:00,2028.918,1542.154,18.22,3589.292
2050-09-19 01:00:00,1927.625,1451.943,11.84,3391.408
2050-09-19 02:00:00,1868.784,1225.501,9.07,3103.355
2050-09-19 03:00:00,1843.281,1090.53,7.83,2941.641
2050-09-19 04:00:00,1865.26,957.539,7.26,2830.059
2050-09-19 05:00:00,1949.351,833.824,8.46,2791.635
2050-09-19 06:00:00,2105.955,756.626,13.29,2875.871
2050-09-19 07:00:00,2179.471,785.447,20.85,2985.769
2050-09-19 08:00:00,2241.921,892.868,10.74,3145.528
2050-09-19 09:00:00,2287.547,1079.673,62.35,3429.569
2050-09-19 10:00:00,2300.817,1130.11,153.45,3584.377
2050-09-19 11:00:00,2301.654,1177.143,418.91,3897.707
2050-09-19 12:00:00,2305.033,1221.489,721.45,4247.972
2050-09-19 13:00:00,2305.305,1238.688,957.14,4501.134
2050-09-19 14:00:00,2333.61,1235.059,1197.62,4766.288
2050-09-19 15:00:00,2380.749,1244.56,1393.84,5019.149
2050-09-19 16:00:00,2485.328,1331.724,1511.81,5328.862
2050-09-19 17:00:00,2607.94,1462.55,1536.4,5606.891
2050-09-19 18:00:00,2690.689,1741.575,1423.66,5855.923
2050-09-19 19:00:00,2866.304,1836.626,1056.68,5759.611
2050-09-19 20:00:00,2829.567,1889.437,787.01,5506.014
2050-09-19 21:00:00,2625.419,1974.172,608.51,5208.101
2050-09-19 22:00:00,2430.564,1880.273,471.07,4781.907
2050-09-19 23:00:00,2213.944,1750.731,361.86,4326.535
2050-09-20 00:00:00,2028.918,1542.154,262.88,3833.952
2050-09-20 01:00:00,1927.625,1451.943,163.27,3542.838
2050-09-20 02:00:00,1868.784,1225.501,79.22,3173.505
2050-09-20 03:00:00,1843.281,1090.53,38.53,2972.341
2050-09-20 04:00:00,1865.26,957.539,20.1,2842.899
2050-09-20 05:00:00,1949.351,833.824,10.84,2794.015
2050-09-20 06:00:00,2106.675,756.626,6.56,2869.861
2050-09-20 07:00:00,2179.471,785.447,4.93,2969.849
2050-09-20 08:00:00,2241.921,892.868,10.63,3145.418
2050-09-20 09:00:00,2287.547,1079.673,75.4,3442.619
2050-09-20 10:00:00,2300.817,1130.11,183.49,3614.417
2050-09-20 11:00:00,2301.654,1177.143,410.65,3889.447
2050-09-20 12:00:00,2305.033,1221.489,637.01,4163.532
2050-09-20 13:00:00,2305.305,1238.688,823.37,4367.364
2050-09-20 14:00:00,2333.61,1235.059,1037.74,4606.408
2050-09-20 15:00:00,2380.749,1244.56,1244.73,4870.039
2050-09-20 16:00:00,2485.328,1331.724,1401.7,5218.752
2050-09-20 17:00:00,2607.94,1462.55,1463.85,5534.341
2050-09-20 18:00:00,2693.548,1741.575,1348.79,5783.912
2050-09-20 19:00:00,2867.321,1836.626,966.42,5670.367
2050-09-20 20:00:00,2829.567,1889.437,680.22,5399.224
2050-09-20 21:00:00,2625.419,1974.172,463.91,5063.501
2050-09-20 22:00:00,2430.564,1880.273,266.4,4577.237
2050-09-20 23:00:00,2213.944,1750.731,106.62,4071.295
2050-09-21 00:00:00,2028.918,1542.154,38.79,3609.862
2050-09-21 01:00:00,1927.625,1451.943,15.44,3395.008
2050-09-21 02:00:00,1868.784,1225.501,7.97,3102.255
2050-09-21 03:00:00,1843.281,1090.53,5.69,2939.501
2050-09-21 04:00:00,1865.26,957.539,8.64,2831.439
2050-09-21 05:00:00,1949.351,833.824,43.87,2827.045
2050-09-21 06:00:00,2107.368,756.626,112.55,2976.543
2050-09-21 07:00:00,2179.471,785.447,181.92,3146.839
2050-09-21 08:00:00,2241.921,892.868,102.35,3237.138
2050-09-21 09:00:00,2287.547,1079.673,19.77,3386.989
2050-09-21 10:00:00,2300.817,1130.11,64.75,3495.677
2050-09-21 11:00:00,2301.654,1177.143,151.17,3629.967
2050-09-21 12:00:00,2305.033,1221.489,467.39,3993.912
2050-09-21 13:00:00,2305.305,1238.688,626.3,4170.294
2050-09-21 14:00:00,2333.61,1235.059,848.06,4416.728
2050-09-21 15:00:00,2380.749,1244.56,1001.21,4626.519
2050-09-21 16:00:00,2485.328,1331.724,1088.72,4905.772
2050-09-21 17:00:00,2607.94,1462.55,1099.11,5169.601
2050-09-21 18:00:00,2696.326,1741.575,979.51,5417.411
2050-09-21 19:00:00,2868.339,1836.626,620.98,5325.946
2050-09-21 20:00:00,2829.567,1889.437,380.89,5099.894
2050-09-21 21:00:00,2625.419,1974.172,231.96,4831.551
2050-09-21 22:00:00,2430.564,1880.273,130.52,4441.357
2050-09-21 23:00:00,2213.944,1750.731,71.2,4035.875
2050-09-22 00:00:00,2028.918,1542.154,43.02,3614.092
2050-09-22 01:00:00,1927.625,1451.943,29.03,3408.598
2050-09-22 02:00:00,1868.784,1225.501,20.28,3114.565
2050-09-22 03:00:00,1843.281,1090.53,15.09,2948.901
2050-09-22 04:00:00,1865.26,957.539,11.92,2834.719
2050-09-22 05:00:00,1949.351,833.824,10.0,2793.175
2050-09-22 06:00:00,2108.03,756.626,8.42,2873.075
2050-09-22 07:00:00,2179.499,785.447,7.49,2972.436
2050-09-22 08:00:00,2241.921,892.868,29.05,3163.838
2050-09-22 09:00:00,2287.547,1079.673,160.22,3527.439
2050-09-22 10:00:00,2300.817,1130.11,394.51,3825.437
2050-09-22 11:00:00,2301.654,1177.143,681.99,4160.787
2050-09-22 12:00:00,2305.033,1221.489,940.81,4467.332
2050-09-22 13:00:00,2305.305,1238.688,1145.61,4689.604
2050-09-22 14:00:00,2333.61,1235.059,1342.16,4910.828
2050-09-22 15:00:00,2380.749,1244.56,1526.49,5151.799
2050-09-22 16:00:00,2485.328,1331.724,1641.0,5458.052
2050-09-22 17:00:00,2607.94,1462.55,1649.87,5720.361
2050-09-22 18:00:00,2699.703,1741.575,1532.47,5973.748
2050-09-22 19:00:00,2869.188,1836.626,1213.42,5919.234
2050-09-22 20:00:00,2829.567,1889.437,999.31,5718.314
2050-09-22 21:00:00,2625.419,1974.172,865.74,5465.331
2050-09-22 22:00:00,2430.564,1880.273,745.03,5055.867
2050-09-22 23:00:00,2213.944,1750.731,646.95,4611.625
2050-09-23 00:00:00,2028.918,1542.154,561.14,4132.212
2050-09-23 01:00:00,1927.625,1451.943,485.51,3865.078
2050-09-23 02:00:00,1868.784,1225.501,411.32,3505.605
2050-09-23 03:00:00,1843.281,1090.53,338.81,3272.621
2050-09-23 04:00:00,1865.26,957.539,261.07,3083.869
2050-09-23 05:00:00,1949.351,833.824,187.76,2970.935
2050-09-23 06:00:00,2108.696,756.626,124.33,2989.652
2050-09-23 07:00:00,2179.526,785.447,77.41,3042.383
2050-09-23 08:00:00,2241.921,892.868,234.34,3369.128
2050-09-23 09:00:00,2287.547,1079.673,501.89,3869.109
2050-09-23 10:00:00,2300.817,1130.11,733.49,4164.417
2050-09-23 11:00:00,2301.654,1177.143,959.52,4438.317
2050-09-23 12:00:00,2305.033,1221.489,1149.92,4676.442
2050-09-23 13:00:00,2305.305,1238.688,1296.32,4840.314
2050-09-23 14:00:00,2333.61,1235.059,1462.36,5031.028
2050-09-23 15:00:00,2380.749,1244.56,1589.03,5214.339
2050-09-23 16:00:00,2485.328,1331.724,1631.46,5448.512
2050-09-23 17:00:00,2607.94,1462.55,1581.38,5651.871
2050-09-23 18:00:00,2702.451,1741.575,1405.58,5849.606
2050-09-23 19:00:00,2871.278,1836.626,1013.54,5721.445
2050-09-23 20:00:00,2829.567,1889.437,736.45,5455.454
2050-09-23 21:00:00,2625.419,1974.172,547.02,5146.611
2050-09-23 22:00:00,2430.564,1880.273,391.45,4702.287
2050-09-23 23:00:00,2213.944,1750.731,274.68,4239.355
2050-09-24 00:00:00,2028.918,1542.154,193.35,3764.422
2050-09-24 01:00:00,1927.625,1451.943,133.99,3513.558
2050-09-24 02:00:00,1868.784,1225.501,93.66,3187.945
2050-09-24 03:00:00,1843.281,1090.53,77.12,3010.931
2050-09-24 04:00:00,1865.26,957.539,69.16,2891.959
2050-09-24 05:00:00,1949.351,833.824,66.05,2849.225
2050-09-24 06:00:00,2109.362,756.626,65.58,2931.568
2050-09-24 07:00:00,2179.553,785.447,68.42,3033.421
2050-09-24 08:00:00,2241.921,892.868,179.01,3313.798
2050-09-24 09:00:00,2287.547,1079.673,449.5,3816.719
2050-09-24 10:00:00,2300.817,1130.11,687.1,4118.027
2050-09-24 11:00:00,2301.654,1177.143,959.08,4437.877
2050-09-24 12:00:00,2305.033,1221.489,1200.38,4726.902
2050-09-24 13:00:00,2305.305,1238.688,1384.6,4928.594
2050-09-24 14:00:00,2333.61,1235.059,1588.42,5157.088
2050-09-24 15:00:00,2380.749,1244.56,1756.57,5381.879
2050-09-24 16:00:00,2485.328,1331.724,1805.57,5622.622
2050-09-24 17:00:00,2607.94,1462.55,1767.95,5838.441
2050-09-24 18:00:00,2705.737,1741.575,1630.82,6078.132
2050-09-24 19:00:00,2871.278,1836.626,1310.19,6018.095
2050-09-24 20:00:00,2829.567,1889.437,1093.84,5812.844
2050-09-24 21:00:00,2625.419,1974.172,958.07,5557.661
2050-09-24 22:00:00,2430.564,1880.273,846.46,5157.297
2050-09-24 23:00:00,2213.944,1750.731,758.7,4723.375
2050-09-25 00:00:00,2028.918,1542.154,691.06,4262.132
2050-09-25 01:00:00,1927.625,1451.943,633.81,4013.378
2050-09-25 02:00:00,1868.784,1225.501,585.33,3679.615
2050-09-25 03:00:00,1843.281,1090.53,539.44,3473.251
2050-09-25 04:00:00,1865.26,957.539,495.1,3317.899
2050-09-25 05:00:00,1949.351,833.824,449.28,3232.455
2050-09-25 06:00:00,2110.028,756.626,402.13,3268.784
2050-09-25 07:00:00,2179.581,785.447,358.39,3323.418
2050-09-25 08:00:00,2241.921,892.868,531.27,3666.058
2050-09-25 09:00:00,2287.547,1079.673,859.71,4226.929
2050-09-25 10:00:00,2300.817,1130.11,1106.98,4537.907
2050-09-25 11:00:00,2301.654,1177.143,1349.7,4828.497
2050-09-25 12:00:00,2305.033,1221.489,1559.09,5085.612
2050-09-25 13:00:00,2305.305,1238.688,1733.74,5277.734
2050-09-25 14:00:00,2333.61,1235.059,1923.17,5491.838
2050-09-25 15:00:00,2380.749,1244.56,2072.23,5697.539
2050-09-25 16:00:00,2485.328,1331.724,2166.15,5983.202
2050-09-25 17:00:00,2607.94,1462.55,2175.66,6246.151
2050-09-25 18:00:00,2709.445,1741.575,2027.5,6478.52
2050-09-25 19:00:00,2871.278,1836.626,1629.8,6337.705
2050-09-25 20:00:00,2829.567,1889.437,1331.58,6050.584
2050-09-25 21:00:00,2625.419,1974.172,1098.1,5697.691
2050-09-25 22:00:00,2430.564,1880.273,883.81,5194.647
2050-09-25 23:00:00,2213.944,1750.731,677.31,4641.985
2050-09-26 00:00:00,2028.918,1542.154,469.02,4040.092
2050-09-26 01:00:00,1927.625,1451.943,294.59,3674.158
2050-09-26 02:00:00,1868.784,1225.501,154.6,3248.885
2050-09-26 03:00:00,1843.281,1090.53,69.01,3002.821
2050-09-26 04:00:00,1865.26,957.539,34.37,2857.169
2050-09-26 05:00:00,1949.351,833.824,17.67,2800.845
2050-09-26 06:00:00,2110.694,756.626,11.39,2878.71
2050-09-26 07:00:00,2179.608,785.447,8.91,2973.965
2050-09-26 08:00:00,2241.921,892.868,18.56,3153.348
2050-09-26 09:00:00,2287.547,1079.673,70.19,3437.409
2050-09-26 10:00:00,2300.817,1130.11,99.18,3530.107
2050-09-26 11:00:00,2301.654,1177.143,156.19,3634.987
2050-09-26 12:00:00,2305.033,1221.489,333.48,3860.002
2050-09-26 13:00:00,2305.305,1238.688,508.7,4052.694
2050-09-26 14:00:00,2333.61,1235.059,602.12,4170.788
2050-09-26 15:00:00,2380.749,1244.56,632.78,4258.089
2050-09-26 16:00:00,2485.328,1331.724,593.18,4410.232
2050-09-26 17:00:00,2607.94,1462.55,489.96,4560.451
2050-09-26 18:00:00,2713.281,1741.575,364.59,4819.446
2050-09-26 19:00:00,2871.278,1836.626,146.14,4854.045
2050-09-26 20:00:00,2829.567,1889.437,48.81,4767.814
2050-09-26 21:00:00,2625.419,1974.172,29.69,4629.281
2050-09-26 22:00:00,2430.564,1880.273,21.47,4332.307
2050-09-26 23:00:00,2213.944,1750.731,15.29,3979.965
2050-09-27 00:00:00,2028.918,1542.154,11.67,3582.742
2050-09-27 01:00:00,1927.625,1451.943,8.8,3388.368
2050-09-27 02:00:00,1868.784,1225.501,6.92,3101.205
2050-09-27 03:00:00,1843.281,1090.53,6.23,2940.041
2050-09-27 04:00:00,1865.26,957.539,6.2,2828.999
2050-09-27 05:00:00,1949.351,833.824,6.19,2789.365
2050-09-27 06:00:00,2111.412,756.626,5.86,2873.898
2050-09-27 07:00:00,2179.635,785.447,5.31,2970.393
2050-09-27 08:00:00,2241.921,892.868,11.12,3145.908
2050-09-27 09:00:00,2287.547,1079.673,35.12,3402.339
2050-09-27 10:00:00,2300.817,1130.11,33.73,3464.657
2050-09-27 11:00:00,2301.654,1177.143,41.93,3520.727
2050-09-27 12:00:00,2305.033,1221.489,63.01,3589.532
2050-09-27 13:00:00,2305.305,1238.688,109.29,3653.284
2050-09-27 14:00:00,2333.61,1235.059,277.19,3845.858
2050-09-27 15:00:00,2380.749,1244.56,369.23,3994.539
2050-09-27 16:00:00,2485.328,1331.724,500.41,4317.462
2050-09-27 17:00:00,2607.94,1462.55,502.4,4572.891
2050-09-27 18:00:00,2716.881,1741.575,478.82,4937.276
2050-09-27 19:00:00,2871.278,1836.626,332.61,5040.515
2050-09-27 20:00:00,2829.567,1889.437,240.08,4959.084
2050-09-27 21:00:00,2625.419,1974.172,196.19,4795.781
2050-09-27 22:00:00,2430.564,1880.273,169.8,4480.637
2050-09-27 23:00:00,2213.944,1750.731,150.79,4115.465
2050-09-28 00:00:00,2028.918,1542.154,142.6,3713.672
2050-09-28 01:00:00,1927.625,1451.943,136.51,3516.078
2050-09-28 02:00:00,1868.784,1225.501,130.78,3225.065
2050-09-28 03:00:00,1843.281,1090.53,120.74,3054.551
2050-09-28 04:00:00,1865.26,957.539,116.02,2938.819
2050-09-28 05:00:00,1949.351,833.824,102.37,2885.545
2050-09-28 06:00:00,2112.113,756.626,88.19,2956.929
2050-09-28 07:00:00,2179.692,785.447,77.13,3042.269
2050-09-28 08:00:00,2241.921,892.868,301.47,3436.258
2050-09-28 09:00:00,2287.547,1079.673,625.79,3993.009
2050-09-28 10:00:00,2300.817,1130.11,708.3,4139.227
2050-09-28 11:00:00,2301.654,1177.143,786.23,4265.027
2050-09-28 12:00:00,2305.033,1221.489,884.88,4411.402
2050-09-28 13:00:00,2305.305,1238.688,895.13,4439.124
2050-09-28 14:00:00,2333.61,1235.059,996.35,4565.018
2050-09-28 15:00:00,2380.749,1244.56,974.59,4599.899
2050-09-28 16:00:00,2485.328,1331.724,946.86,4763.912
2050-09-28 17:00:00,2607.94,1462.55,835.21,4905.701
2050-09-28 18:00:00,2720.393,1741.575,738.97,5200.938
2050-09-28 19:00:00,2871.278,1836.626,496.82,5204.725
2050-09-28 20:00:00,2829.567,1889.437,345.18,5064.184
2050-09-28 21:00:00,2625.419,1974.172,309.0,4908.591
2050-09-28 22:00:00,2430.564,1880.273,261.2,4572.037
2050-09-28 23:00:00,2213.944,1750.731,234.32,4198.995
2050-09-29 00:00:00,2028.918,1542.154,223.82,3794.892
2050-09-29 01:00:00,1927.625,1451.943,199.24,3578.808
2050-09-29 02:00:00,1868.784,1225.501,174.96,3269.245
2050-09-29 03:00:00,1843.281,1090.53,131.53,3065.341
2050-09-29 04:00:00,1865.26,957.539,86.46,2909.259
2050-09-29 05:00:00,1949.351,833.824,48.6,2831.775
2050-09-29 06:00:00,2112.774,756.626,25.84,2895.24
2050-09-29 07:00:00,2179.785,785.447,14.53,2979.762
2050-09-29 08:00:00,2241.921,892.868,42.94,3177.728
2050-09-29 09:00:00,2287.547,1079.673,252.45,3619.669
2050-09-29 10:00:00,2300.817,1130.11,482.74,3913.667
2050-09-29 11:00:00,2301.654,1177.143,709.65,4188.447
2050-09-29 12:00:00,2305.033,1221.489,944.71,4471.232
2050-09-29 13:00:00,2305.305,1238.688,1146.99,4690.984
2050-09-29 14:00:00,2333.61,1235.059,1375.1,4943.768
2050-09-29 15:00:00,2380.749,1244.56,1548.48,5173.789
2050-09-29 16:00:00,2485.328,1331.724,1618.42,5435.472
2050-09-29 17:00:00,2607.94,1462.55,1586.26,5656.751
2050-09-29 18:00:00,2724.422,1741.575,1411.51,5877.507
2050-09-29 19:00:00,2871.278,1836.626,1037.88,5745.785
2050-09-29 20:00:00,2829.567,1889.437,790.87,5509.874
2050-09-29 21:00:00,2625.419,1974.172,645.2,5244.791
2050-09-29 22:00:00,2430.564,1880.273,521.08,4831.917
2050-09-29 23:00:00,2213.944,1750.731,428.38,4393.055
2050-09-30 00:00:00,2028.918,1542.154,365.77,3936.842
2050-09-30 01:00:00,1927.625,1451.943,335.48,3715.048
2050-09-30 02:00:00,1868.784,1225.501,312.4,3406.685
2050-09-30 03:00:00,1843.281,1090.53,299.39,3233.201
2050-09-30 04:00:00,1865.26,957.539,276.92,3099.719
2050-09-30 05:00:00,1949.351,833.824,246.26,3029.435
2050-09-30 06:00:00,2113.378,756.626,215.04,3085.044
2050-09-30 07:00:00,2179.878,785.447,191.81,3157.135
2050-09-30 08:00:00,2241.921,892.868,294.28,3429.068
2050-09-30 09:00:00,2287.547,1079.673,423.24,3790.459
2050-09-30 10:00:00,2300.817,1130.11,490.82,3921.747
2050-09-30 11:00:00,2301.654,1177.143,600.02,4078.817
2050-09-30 12:00:00,2305.033,1221.489,721.37,4247.892
2050-09-30 13:00:00,2305.305,1238.688,776.59,4320.584
2050-09-30 14:00:00,2333.61,1235.059,830.88,4399.548
2050-09-30 15:00:00,2380.749,1244.56,883.01,4508.319
2050-09-30 16:00:00,2485.328,1331.724,934.37,4751.422
2050-09-30 17:00:00,2607.94,1462.55,949.55,5020.041
2050-09-30 18:00:00,2728.2,1741.575,898.93,5368.705
2050-09-30 19:00:00,2871.278,1836.626,688.18,5396.085
2050-09-30 20:00:00,2829.567,1889.437,584.88,5303.884
2050-09-30 21:00:00,2625.419,1974.172,525.65,5125.241
2050-09-30 22:00:00,2430.564,1880.273,480.66,4791.497
2050-09-30 23:00:00,2213.944,1750.731,445.71,4410.385
2050-10-01 00:00:00,2028.918,1444.265,416.12,3889.303
2050-10-01 01:00:00,1927.625,1359.78,390.36,3677.765
2050-10-01 02:00:00,1868.784,1147.712,365.62,3382.116
2050-10-01 03:00:00,1843.281,1021.308,356.34,3220.929
2050-10-01 04:00:00,1865.26,896.758,346.42,3108.439
2050-10-01 05:00:00,1949.351,780.897,341.39,3071.637
2050-10-01 06:00:00,2113.933,708.599,335.56,3158.091
2050-10-01 07:00:00,2180.055,735.591,329.2,3244.846
2050-10-01 08:00:00,2241.921,836.192,439.98,3518.093
2050-10-01 09:00:00,2287.547,1011.14,507.57,3806.257
2050-10-01 10:00:00,2300.817,1058.376,429.98,3789.173
2050-10-01 11:00:00,2301.654,1102.423,409.63,3813.707
2050-10-01 12:00:00,2305.033,1143.954,361.08,3810.067
2050-10-01 13:00:00,2305.305,1160.062,302.09,3767.457
2050-10-01 14:00:00,2333.61,1156.663,271.89,3762.162
2050-10-01 15:00:00,2380.749,1165.561,189.47,3735.78
2050-10-01 16:00:00,2485.328,1247.192,127.65,3860.17
2050-10-01 17:00:00,2607.94,1369.714,90.7,4068.354
2050-10-01 18:00:00,2732.09,1631.027,64.36,4427.477
2050-10-01 19:00:00,2871.278,1720.045,19.23,4610.554
2050-10-01 20:00:00,2829.567,1769.504,7.96,4607.031
2050-10-01 21:00:00,2625.419,1848.86,5.7,4479.979
2050-10-01 22:00:00,2430.564,1760.922,3.71,4195.195
2050-10-01 23:00:00,2213.944,1639.603,2.77,3856.317
2050-10-02 00:00:00,2028.918,1444.265,6.42,3479.603
2050-10-02 01:00:00,1927.625,1359.78,35.21,3322.615
2050-10-02 02:00:00,1868.784,1147.712,93.18,3109.676
2050-10-02 03:00:00,1843.281,1021.308,158.49,3023.079
2050-10-02 04:00:00,1865.26,896.758,232.5,2994.519
2050-10-02 05:00:00,1949.351,780.897,314.47,3044.717
2050-10-02 06:00:00,2114.536,708.599,395.54,3218.674
2050-10-02 07:00:00,2180.231,735.591,474.12,3389.942
2050-10-02 08:00:00,2241.921,836.192,359.0,3437.113
2050-10-02 09:00:00,2287.547,1011.14,151.16,3449.847
2050-10-02 10:00:00,2300.817,1058.376,32.83,3392.023
2050-10-02 11:00:00,2301.654,1102.423,14.18,3418.257
2050-10-02 12:00:00,2305.033,1143.954,26.3,3475.287
2050-10-02 13:00:00,2305.305,1160.062,60.71,3526.077
2050-10-02 14:00:00,2333.61,1156.663,213.8,3704.072
2050-10-02 15:00:00,2380.749,1165.561,417.91,3964.22
2050-10-02 16:00:00,2485.328,1247.192,595.55,4328.07
2050-10-02 17:00:00,2607.94,1369.714,699.43,4677.084
2050-10-02 18:00:00,2735.7,1631.027,623.88,4990.607
2050-10-02 19:00:00,2871.278,1720.045,317.73,4909.054
2050-10-02 20:00:00,2829.567,1769.504,95.84,4694.911
2050-10-02 21:00:00,2625.419,1848.86,26.4,4500.679
2050-10-02 22:00:00,2430.564,1760.922,10.65,4202.135
2050-10-02 23:00:00,2213.944,1639.603,5.81,3859.357
2050-10-03 00:00:00,2028.918,1444.265,4.29,3477.473
2050-10-03 01:00:00,1927.625,1359.78,26.5,3313.905
2050-10-03 02:00:00,1868.784,1147.712,101.56,3118.056
2050-10-03 03:00:00,1843.281,1021.308,187.91,3052.499
2050-10-03 04:00:00,1865.26,896.758,262.56,3024.579
2050-10-03 05:00:00,1949.351,780.897,333.99,3064.237
2050-10-03 06:00:00,2115.116,708.599,390.11,3213.824
2050-10-03 07:00:00,2180.379,735.591,424.66,3340.63
2050-10-03 08:00:00,2241.921,836.192,329.2,3407.313
2050-10-03 09:00:00,2287.547,1011.14,157.71,3456.397
2050-10-03 10:00:00,2300.817,1058.376,79.29,3438.483
2050-10-03 11:00:00,2301.654,1102.423,18.53,3422.607
2050-10-03 12:00:00,2305.033,1143.954,14.09,3463.077
2050-10-03 13:00:00,2305.305,1160.062,22.37,3487.737
2050-10-03 14:00:00,2333.61,1156.663,32.66,3522.932
2050-10-03 15:00:00,2380.749,1165.561,37.61,3583.92
2050-10-03 16:00:00,2485.328,1247.192,57.57,3790.09
2050-10-03 17:00:00,2607.94,1369.714,86.77,4064.424
2050-10-03 18:00:00,2739.478,1631.027,63.25,4433.755
2050-10-03 19:00:00,2871.278,1720.045,14.57,4605.894
2050-10-03 20:00:00,2829.567,1769.504,7.25,4606.321
2050-10-03 21:00:00,2625.419,1848.86,19.24,4493.519
2050-10-03 22:00:00,2430.564,1760.922,57.24,4248.725
2050-10-03 23:00:00,2213.944,1639.603,110.93,3964.477
2050-10-04 00:00:00,2028.918,1444.265,163.66,3636.843
2050-10-04 01:00:00,1927.625,1359.78,212.22,3499.625
2050-10-04 02:00:00,1868.784,1147.712,252.58,3269.076
2050-10-04 03:00:00,1843.281,1021.308,284.7,3149.289
2050-10-04 04:00:00,1865.26,896.758,325.4,3087.419
2050-10-04 05:00:00,1949.351,780.897,355.09,3085.337
2050-10-04 06:00:00,2115.639,708.599,383.62,3207.858
2050-10-04 07:00:00,2180.585,735.591,410.17,3326.346
2050-10-04 08:00:00,2241.921,836.192,345.77,3423.883
2050-10-04 09:00:00,2287.547,1011.14,232.02,3530.707
2050-10-04 10:00:00,2300.817,1058.376,235.24,3594.433
2050-10-04 11:00:00,2301.654,1102.423,231.79,3635.867
2050-10-04 12:00:00,2305.033,1143.954,214.88,3663.867
2050-10-04 13:00:00,2305.305,1160.062,208.12,3673.487
2050-10-04 14:00:00,2333.61,1156.663,194.23,3684.502
2050-10-04 15:00:00,2380.749,1165.561,191.28,3737.59
2050-10-04 16:00:00,2485.328,1247.192,188.84,3921.36
2050-10-04 17:00:00,2607.94,1369.714,191.34,4168.994
2050-10-04 18:00:00,2743.489,1631.027,199.77,4574.286
2050-10-04 19:00:00,2871.278,1720.045,280.25,4871.574
2050-10-04 20:00:00,2829.567,1769.504,323.69,4922.761
2050-10-04 21:00:00,2625.419,1848.86,328.21,4802.489
2050-10-04 22:00:00,2430.564,1760.922,332.22,4523.705
2050-10-04 23:00:00,2213.944,1639.603,337.52,4191.067
2050-10-05 00:00:00,2028.918,1444.265,341.68,3814.863
2050-10-05 01:00:00,1927.625,1359.78,343.78,3631.185
2050-10-05 02:00:00,1868.784,1147.712,343.86,3360.356
2050-10-05 03:00:00,1843.281,1021.308,342.65,3207.239
2050-10-05 04:00:00,1865.26,896.758,338.23,3100.249
2050-10-05 05:00:00,1949.351,780.897,331.22,3061.467
2050-10-05 06:00:00,2116.219,708.599,322.34,3147.158
2050-10-05 07:00:00,2180.762,735.591,314.58,3230.933
2050-10-05 08:00:00,2241.921,836.192,267.36,3345.473
2050-10-05 09:00:00,2287.547,1011.14,182.65,3481.337
2050-10-05 10:00:00,2300.817,1058.376,167.92,3527.113
2050-10-05 11:00:00,2301.654,1102.423,149.81,3553.887
2050-10-05 12:00:00,2305.033,1143.954,132.25,3581.237
2050-10-05 13:00:00,2305.305,1160.062,117.69,3583.057
2050-10-05 14:00:00,2333.61,1156.663,96.86,3587.132
2050-10-05 15:00:00,2380.749,1165.561,74.07,3620.38
2050-10-05 16:00:00,2485.328,1247.192,66.18,3798.7
2050-10-05 17:00:00,2607.94,1369.714,65.87,4043.524
2050-10-05 18:00:00,2747.159,1631.027,70.77,4448.957
2050-10-05 19:00:00,2871.278,1720.045,131.42,4722.744
2050-10-05 20:00:00,2829.567,1769.504,163.05,4762.121
2050-10-05 21:00:00,2625.419,1848.86,160.44,4634.719
2050-10-05 22:00:00,2430.564,1760.922,161.26,4352.745
2050-10-05 23:00:00,2213.944,1639.603,187.77,4041.317
2050-10-06 00:00:00,2028.918,1444.265,226.56,3699.743
2050-10-06 01:00:00,1927.625,1359.78,244.31,3531.715
2050-10-06 02:00:00,1868.784,1147.712,263.17,3279.666
2050-10-06 03:00:00,1843.281,1021.308,284.95,3149.539
2050-10-06 04:00:00,1865.26,896.758,315.35,3077.369
2050-10-06 05:00:00,1949.351,780.897,356.61,3086.857
2050-10-06 06:00:00,2116.801,708.599,384.6,3210.0
2050-10-06 07:00:00,2180.966,735.591,417.33,3333.886
2050-10-06 08:00:00,2241.921,836.192,308.73,3386.843
2050-10-06 09:00:00,2287.547,1011.14,83.49,3382.177
2050-10-06 10:00:00,2300.817,1058.376,11.4,3370.593
2050-10-06 11:00:00,2301.654,1102.423,17.87,3421.947
2050-10-06 12:00:00,2305.033,1143.954,34.44,3483.427
2050-10-06 13:00:00,2305.305,1160.062,52.39,3517.757
2050-10-06 14:00:00,2333.61,1156.663,165.04,3655.312
2050-10-06 15:00:00,2380.749,1165.561,335.81,3882.12
2050-10-06 16:00:00,2485.328,1247.192,470.73,4203.25
2050-10-06 17:00:00,2607.94,1369.714,507.6,4485.254
2050-10-06 18:00:00,2750.587,1631.027,374.91,4756.524
2050-10-06 19:00:00,2871.278,1720.045,88.32,4679.644
2050-10-06 20:00:00,2829.567,1769.504,23.11,4622.181
2050-10-06 21:00:00,2625.419,1848.86,14.7,4488.979
2050-10-06 22:00:00,2430.564,1760.922,13.8,4205.285
2050-10-06 23:00:00,2213.944,1639.603,22.59,3876.137
2050-10-07 00:00:00,2028.918,1444.265,69.84,3543.023
2050-10-07 01:00:00,1927.625,1359.78,161.95,3449.355
2050-10-07 02:00:00,1868.784,1147.712,258.78,3275.276
2050-10-07 03:00:00,1843.281,1021.308,349.16,3213.749
2050-10-07 04:00:00,1865.26,896.758,445.7,3207.719
2050-10-07 05:00:00,1949.351,780.897,534.53,3264.777
2050-10-07 06:00:00,2117.325,708.599,617.23,3443.154
2050-10-07 07:00:00,2181.206,735.591,684.79,3601.587
2050-10-07 08:00:00,2241.921,836.192,562.94,3641.053
2050-10-07 09:00:00,2287.547,1011.14,280.12,3578.807
2050-10-07 10:00:00,2300.817,1058.376,140.56,3499.753
2050-10-07 11:00:00,2301.654,1102.423,23.31,3427.387
2050-10-07 12:00:00,2305.033,1143.954,13.67,3462.657
2050-10-07 13:00:00,2305.305,1160.062,27.57,3492.937
2050-10-07 14:00:00,2333.61,1156.663,69.89,3560.162
2050-10-07 15:00:00,2380.749,1165.561,290.67,3836.98
2050-10-07 16:00:00,2485.328,1247.192,540.78,4273.3
2050-10-07 17:00:00,2607.94,1369.714,647.02,4624.674
2050-10-07 18:00:00,2754.676,1631.027,542.69,4928.393
2050-10-07 19:00:00,2871.278,1720.045,256.51,4847.834
2050-10-07 20:00:00,2829.567,1769.504,77.93,4677.001
2050-10-07 21:00:00,2625.419,1848.86,25.95,4500.229
2050-10-07 22:00:00,2430.564,1760.922,12.98,4204.465
2050-10-07 23:00:00,2213.944,1639.603,6.9,3860.447
2050-10-08 00:00:00,2028.918,1444.265,4.36,3477.543
2050-10-08 01:00:00,1927.625,1359.78,4.58,3291.985
2050-10-08 02:00:00,1868.784,1147.712,27.82,3044.316
2050-10-08 03:00:00,1843.281,1021.308,92.54,2957.129
2050-10-08 04:00:00,1865.26,896.758,175.08,2937.099
2050-10-08 05:00:00,1949.351,780.897,260.21,2990.457
2050-10-08 06:00:00,2118.144,708.599,346.94,3173.682
2050-10-08 07:00:00,2181.567,735.591,433.22,3350.378
2050-10-08 08:00:00,2241.921,836.192,342.08,3420.193
2050-10-08 09:00:00,2287.547,1011.14,125.29,3423.977
2050-10-08 10:00:00,2300.817,1058.376,16.51,3375.703
2050-10-08 11:00:00,2301.654,1102.423,19.02,3423.097
2050-10-08 12:00:00,2305.033,1143.954,61.18,3510.167
2050-10-08 13:00:00,2305.305,1160.062,188.42,3653.787
2050-10-08 14:00:00,2333.61,1156.663,439.12,3929.392
2050-10-08 15:00:00,2380.749,1165.561,690.79,4237.1
2050-10-08 16:00:00,2485.328,1247.192,886.87,4619.39
2050-10-08 17:00:00,2607.94,1369.714,964.2,4941.854
2050-10-08 18:00:00,2758.114,1631.027,836.5,5225.642
2050-10-08 19:00:00,2871.278,1720.045,527.32,5118.644
2050-10-08 20:00:00,2829.567,1769.504,303.55,4902.621
2050-10-08 21:00:00,2625.419,1848.86,148.77,4623.049
2050-10-08 22:00:00,2430.564,1760.922,59.0,4250.485
2050-10-08 23:00:00,2213.944,1639.603,23.64,3877.187
2050-10-09 00:00:00,2028.918,1444.265,12.3,3485.483
2050-10-09 01:00:00,1927.625,1359.78,7.61,3295.015
2050-10-09 02:00:00,1868.784,1147.712,6.25,3022.746
2050-10-09 03:00:00,1843.281,1021.308,10.28,2874.869
2050-10-09 04:00:00,1865.26,896.758,23.28,2785.299
2050-10-09 05:00:00,1949.351,780.897,49.26,2779.507
2050-10-09 06:00:00,2118.144,708.599,90.2,2916.942
2050-10-09 07:00:00,2182.016,735.591,138.52,3056.127
2050-10-09 08:00:00,2241.921,836.192,83.83,3161.943
2050-10-09 09:00:00,2287.547,1011.14,15.44,3314.127
2050-10-09 10:00:00,2300.817,1058.376,35.35,3394.543
2050-10-09 11:00:00,2301.654,1102.423,88.39,3492.467
2050-10-09 12:00:00,2305.033,1143.954,208.58,3657.567
2050-10-09 13:00:00,2305.305,1160.062,380.89,3846.257
2050-10-09 14:00:00,2333.61,1156.663,591.42,4081.692
2050-10-09 15:00:00,2380.749,1165.561,762.85,4309.16
2050-10-09 16:00:00,2485.328,1247.192,860.81,4593.33
2050-10-09 17:00:00,2607.94,1369.714,859.02,4836.674
2050-10-09 18:00:00,2761.771,1631.027,665.45,5058.248
2050-10-09 19:00:00,2871.278,1720.045,296.28,4887.604
2050-10-09 20:00:00,2829.567,1769.504,82.24,4681.311
2050-10-09 21:00:00,2625.419,1848.86,21.21,4495.489
2050-10-09 22:00:00,2430.564,1760.922,8.79,4200.275
2050-10-09 23:00:00,2213.944,1639.603,16.95,3870.497
2050-10-10 00:00:00,2028.918,1444.265,77.01,3550.193
2050-10-10 01:00:00,1927.625,1359.78,190.38,3477.785
2050-10-10 02:00:00,1868.784,1147.712,308.96,3325.456
2050-10-10 03:00:00,1843.281,1021.308,426.9,3291.489
2050-10-10 04:00:00,1865.26,896.758,538.92,3300.939
2050-10-10 05:00:00,1949.351,780.897,637.96,3368.207
2050-10-10 06:00:00,2118.144,708.599,727.16,3553.902
2050-10-10 07:00:00,2182.693,735.591,804.82,3723.103
2050-10-10 08:00:00,2241.921,836.192,709.8,3787.913
2050-10-10 09:00:00,2287.547,1011.14,407.34,3706.027
2050-10-10 10:00:00,2300.817,1058.376,208.26,3567.453
2050-10-10 11:00:00,2301.654,1102.423,26.85,3430.927
2050-10-10 12:00:00,2305.033,1143.954,16.85,3465.837
2050-10-10 13:00:00,2305.305,1160.062,37.03,3502.397
2050-10-10 14:00:00,2333.61,1156.663,138.86,3629.132
2050-10-10 15:00:00,2380.749,1165.561,376.78,3923.09
2050-10-10 16:00:00,2485.328,1247.192,474.86,4207.38
2050-10-10 17:00:00,2607.94,1369.714,533.2,4510.854
2050-10-10 18:00:00,2765.772,1631.027,425.62,4822.42
2050-10-10 19:00:00,2871.278,1720.045,163.79,4755.114
2050-10-10 20:00:00,2829.567,1769.504,53.65,4652.721
2050-10-10 21:00:00,2625.419,1848.86,25.07,4499.349
2050-10-10 22:00:00,2430.564,1760.922,13.66,4205.145
2050-10-10 23:00:00,2213.944,1639.603,8.79,3862.337
2050-10-11 00:00:00,2028.918,1444.265,7.59,3480.773
2050-10-11 01:00:00,1927.625,1359.78,9.84,3297.245
2050-10-11 02:00:00,1868.784,1147.712,16.37,3032.866
2050-10-11 03:00:00,1843.281,1021.308,29.93,2894.519
2050-10-11 04:00:00,1865.26,896.758,58.92,2820.939
2050-10-11 05:00:00,1949.351,780.897,101.96,2832.207
2050-10-11 06:00:00,2118.144,708.599,153.27,2980.012
2050-10-11 07:00:00,2183.504,735.591,211.32,3130.415
2050-10-11 08:00:00,2241.921,836.192,155.91,3234.023
2050-10-11 09:00:00,2287.547,1011.14,18.61,3317.297
2050-10-11 10:00:00,2300.817,1058.376,19.78,3378.973
2050-10-11 11:00:00,2301.654,1102.423,66.59,3470.667
2050-10-11 12:00:00,2305.033,1143.954,226.81,3675.797
2050-10-11 13:00:00,2305.305,1160.062,457.98,3923.347
2050-10-11 14:00:00,2333.61,1156.663,703.73,4194.002
2050-10-11 15:00:00,2380.749,1165.561,925.41,4471.72
2050-10-11 16:00:00,2485.328,1247.192,1066.43,4798.95
2050-10-11 17:00:00,2607.94,1369.714,1081.73,5059.384
2050-10-11 18:00:00,2768.953,1631.027,900.0,5299.98
2050-10-11 19:00:00,2871.278,1720.045,565.3,5156.624
2050-10-11 20:00:00,2829.567,1769.504,329.58,4928.651
2050-10-11 21:00:00,2625.419,1848.86,180.1,4654.379
2050-10-11 22:00:00,2430.564,1760.922,90.21,4281.695
2050-10-11 23:00:00,2213.944,1639.603,45.32,3898.867
2050-10-12 00:00:00,2028.918,1444.265,30.11,3503.293
2050-10-12 01:00:00,1927.625,1359.78,23.23,3310.635
2050-10-12 02:00:00,1868.784,1147.712,16.95,3033.446
2050-10-12 03:00:00,1843.281,1021.308,13.39,2877.979
2050-10-12 04:00:00,1865.26,896.758,9.82,2771.839
2050-10-12 05:00:00,1949.351,780.897,8.96,2739.207
2050-10-12 06:00:00,2118.144,708.599,8.3,2835.042
2050-10-12 07:00:00,2184.256,735.591,7.4,2927.247
2050-10-12 08:00:00,2241.921,836.192,11.71,3089.823
2050-10-12 09:00:00,2287.547,1011.14,17.14,3315.827
2050-10-12 10:00:00,2300.817,1058.376,24.48,3383.673
2050-10-12 11:00:00,2301.654,1102.423,34.34,3438.417
2050-10-12 12:00:00,2305.033,1143.954,66.99,3515.977
2050-10-12 13:00:00,2305.305,1160.062,135.5,3600.867
2050-10-12 14:00:00,2333.61,1156.663,270.19,3760.462
2050-10-12 15:00:00,2380.749,1165.561,405.79,3952.1
2050-10-12 16:00:00,2485.328,1247.192,421.73,4154.25
2050-10-12 17:00:00,2607.94,1369.714,428.49,4406.144
2050-10-12 18:00:00,2772.672,1631.027,302.35,4706.049
2050-10-12 19:00:00,2871.278,1720.045,77.77,4669.094
2050-10-12 20:00:00,2829.567,1769.504,19.97,4619.041
2050-10-12 21:00:00,2625.419,1848.86,9.84,4484.119
2050-10-12 22:00:00,2430.564,1760.922,5.43,4196.915
2050-10-12 23:00:00,2213.944,1639.603,15.71,3869.257
2050-10-13 00:00:00,2028.918,1444.265,73.89,3547.073
2050-10-13 01:00:00,1927.625,1359.78,179.62,3467.025
2050-10-13 02:00:00,1868.784,1147.712,291.51,3308.006
2050-10-13 03:00:00,1843.281,1021.308,406.92,3271.509
2050-10-13 04:00:00,1865.26,896.758,519.07,3281.089
2050-10-13 05:00:00,1949.351,780.897,625.7,3355.947
2050-10-13 06:00:00,2118.144,708.599,719.96,3546.702
2050-10-13 07:00:00,2185.075,735.591,799.79,3720.456
2050-10-13 08:00:00,2241.921,836.192,702.05,3780.163
2050-10-13 09:00:00,2287.547,1011.14,394.33,3693.017
2050-10-13 10:00:00,2300.817,1058.376,212.78,3571.973
2050-10-13 11:00:00,2301.654,1102.423,49.55,3453.627
2050-10-13 12:00:00,2305.033,1143.954,13.44,3462.427
2050-10-13 13:00:00,2305.305,1160.062,22.64,3488.007
2050-10-13 14:00:00,2333.61,1156.663,63.91,3554.182
2050-10-13 15:00:00,2380.749,1165.561,219.99,3766.3
2050-10-13 16:00:00,2485.328,1247.192,394.25,4126.77
2050-10-13 17:00:00,2607.94,1369.714,443.81,4421.464
2050-10-13 18:00:00,2776.404,1631.027,326.31,4733.741
2050-10-13 19:00:00,2871.278,1720.045,70.54,4661.864
2050-10-13 20:00:00,2829.567,1769.504,15.73,4614.801
2050-10-13 21:00:00,2625.419,1848.86,7.38,4481.659
2050-10-13 22:00:00,2430.564,1760.922,5.17,4196.655
2050-10-13 23:00:00,2213.944,1639.603,17.91,3871.457
2050-10-14 00:00:00,2028.918,1444.265,79.36,3552.543
2050-10-14 01:00:00,1927.625,1359.78,168.71,3456.115
2050-10-14 02:00:00,1868.784,1147.712,244.87,3261.366
2050-10-14 03:00:00,1843.281,1021.308,313.48,3178.069
2050-10-14 04:00:00,1865.26,896.758,381.79,3143.809
2050-10-14 05:00:00,1949.351,780.897,442.07,3172.317
2050-10-14 06:00:00,2118.144,708.599,482.63,3309.372
2050-10-14 07:00:00,2185.925,735.591,493.83,3415.345
2050-10-14 08:00:00,2241.921,836.192,405.85,3483.963
2050-10-14 09:00:00,2287.547,1011.14,192.46,3491.147
2050-10-14 10:00:00,2300.817,1058.376,73.28,3432.473
2050-10-14 11:00:00,2301.654,1102.423,30.91,3434.987
2050-10-14 12:00:00,2305.033,1143.954,21.78,3470.767
2050-10-14 13:00:00,2305.305,1160.062,32.17,3497.537
2050-10-14 14:00:00,2333.61,1156.663,70.62,3560.892
2050-10-14 15:00:00,2380.749,1165.561,126.5,3672.81
2050-10-14 16:00:00,2485.328,1247.192,153.81,3886.33
2050-10-14 17:00:00,2607.94,1369.714,118.37,4096.024
2050-10-14 18:00:00,2779.752,1631.027,61.06,4471.839
2050-10-14 19:00:00,2871.278,1720.045,21.56,4612.884
2050-10-14 20:00:00,2829.567,1769.504,8.13,4607.201
2050-10-14 21:00:00,2625.419,1848.86,5.51,4479.789
2050-10-14 22:00:00,2430.564,1760.922,4.18,4195.665
2050-10-14 23:00:00,2213.944,1639.603,5.45,3858.997
2050-10-15 00:00:00,2028.918,1444.265,14.73,3487.913
2050-10-15 01:00:00,1927.625,1359.78,38.63,3326.035
2050-10-15 02:00:00,1868.784,1147.712,77.79,3094.286
2050-10-15 03:00:00,1843.281,1021.308,138.59,3003.179
2050-10-15 04:00:00,1865.26,896.758,210.99,2973.009
2050-10-15 05:00:00,1949.351,780.897,276.6,3006.847
2050-10-15 06:00:00,2118.144,708.599,333.8,3160.542
2050-10-15 07:00:00,2186.758,735.591,396.3,3318.649
2050-10-15 08:00:00,2241.921,836.192,364.66,3442.773
2050-10-15 09:00:00,2287.547,1011.14,257.7,3556.387
2050-10-15 10:00:00,2300.817,1058.376,132.09,3491.283
2050-10-15 11:00:00,2301.654,1102.423,43.2,3447.277
2050-10-15 12:00:00,2305.033,1143.954,22.39,3471.377
2050-10-15 13:00:00,2305.305,1160.062,21.65,3487.017
2050-10-15 14:00:00,2333.61,1156.663,29.35,3519.622
2050-10-15 15:00:00,2380.749,1165.561,36.45,3582.76
2050-10-15 16:00:00,2485.328,1247.192,42.34,3774.86
2050-10-15 17:00:00,2607.94,1369.714,32.16,4009.814
2050-10-15 18:00:00,2783.457,1631.027,36.63,4451.115
2050-10-15 19:00:00,2871.278,1720.045,82.42,4673.744
2050-10-15 20:00:00,2829.567,1769.504,182.22,4781.291
2050-10-15 21:00:00,2625.419,1848.86,282.51,4756.789
2050-10-15 22:00:00,2430.564,1760.922,370.11,4561.595
2050-10-15 23:00:00,2213.944,1639.603,444.1,4297.647
2050-10-16 00:00:00,2028.918,1444.265,513.31,3986.493
2050-10-16 01:00:00,1927.625,1359.78,574.23,3861.635
2050-10-16 02:00:00,1868.784,1147.712,625.79,3642.286
2050-10-16 03:00:00,1843.281,1021.308,703.01,3567.599
2050-10-16 04:00:00,1865.26,896.758,775.6,3537.619
2050-10-16 05:00:00,1949.351,780.897,838.53,3568.777
2050-10-16 06:00:00,2118.144,708.599,888.29,3715.032
2050-10-16 07:00:00,2187.567,735.591,931.29,3854.448
2050-10-16 08:00:00,2241.921,836.192,825.72,3903.833
2050-10-16 09:00:00,2287.547,1011.14,552.96,3851.647
2050-10-16 10:00:00,2300.817,1058.376,411.39,3770.583
2050-10-16 11:00:00,2301.654,1102.423,313.5,3717.577
2050-10-16 12:00:00,2305.033,1143.954,236.17,3685.157
2050-10-16 13:00:00,2305.305,1160.062,156.11,3621.477
2050-10-16 14:00:00,2333.61,1156.663,65.67,3555.942
2050-10-16 15:00:00,2380.749,1165.561,18.58,3564.89
2050-10-16 16:00:00,2485.328,1247.192,17.77,3750.29
2050-10-16 17:00:00,2607.94,1369.714,20.09,3997.744
2050-10-16 18:00:00,2786.946,1631.027,17.98,4435.953
2050-10-16 19:00:00,2871.278,1720.045,54.82,4646.144
2050-10-16 20:00:00,2829.567,1769.504,156.77,4755.841
2050-10-16 21:00:00,2625.419,1848.86,264.76,4739.039
2050-10-16 22:00:00,2430.564,1760.922,369.46,4560.945
2050-10-16 23:00:00,2213.944,1639.603,470.2,4323.747
2050-10-17 00:00:00,2028.918,1444.265,565.12,4038.303
2050-10-17 01:00:00,1927.625,1359.78,652.77,3940.175
2050-10-17 02:00:00,1868.784,1147.712,730.39,3746.886
2050-10-17 03:00:00,1843.281,1021.308,801.29,3665.879
2050-10-17 04:00:00,1865.26,896.758,867.99,3630.009
2050-10-17 05:00:00,1949.351,780.897,931.11,3661.357
2050-10-17 06:00:00,2118.144,708.599,990.22,3816.962
2050-10-17 07:00:00,2188.434,735.591,1043.76,3967.785
2050-10-17 08:00:00,2241.921,836.192,936.66,4014.773
2050-10-17 09:00:00,2287.547,1011.14,590.91,3889.597
2050-10-17 10:00:00,2300.817,1058.376,327.54,3686.733
2050-10-17 11:00:00,2301.654,1102.423,119.24,3523.317
2050-10-17 12:00:00,2305.033,1143.954,10.91,3459.897
2050-10-17 13:00:00,2305.305,1160.062,12.31,3477.677
2050-10-17 14:00:00,2333.61,1156.663,34.12,3524.392
2050-10-17 15:00:00,2380.749,1165.561,142.23,3688.54
2050-10-17 16:00:00,2485.328,1247.192,272.02,4004.54
2050-10-17 17:00:00,2607.94,1369.714,340.22,4317.874
2050-10-17 18:00:00,2790.329,1631.027,200.48,4621.836
2050-10-17 19:00:00,2871.278,1720.045,51.14,4642.464
2050-10-17 20:00:00,2829.567,1769.504,13.22,4612.291
2050-10-17 21:00:00,2625.419,1848.86,5.87,4480.149
2050-10-17 22:00:00,2430.564,1760.922,3.21,4194.695
2050-10-17 23:00:00,2213.944,1639.603,12.42,3865.967
2050-10-18 00:00:00,2028.918,1444.265,49.35,3522.533
2050-10-18 01:00:00,1927.625,1359.78,126.81,3414.215
2050-10-18 02:00:00,1868.784,1147.712,225.04,3241.536
2050-10-18 03:00:00,1843.281,1021.308,331.62,3196.209
2050-10-18 04:00:00,1865.26,896.758,439.71,3201.729
2050-10-18 05:00:00,1949.351,780.897,543.42,3273.667
2050-10-18 06:00:00,2118.144,708.599,638.28,3465.022
2050-10-18 07:00:00,2189.189,735.591,723.77,3648.55
2050-10-18 08:00:00,2241.921,836.192,661.1,3739.213
2050-10-18 09:00:00,2287.547,1011.14,374.48,3673.167
2050-10-18 10:00:00,2300.817,1058.376,202.73,3561.923
2050-10-18 11:00:00,2301.654,1102.423,50.01,3454.087
2050-10-18 12:00:00,2305.033,1143.954,11.69,3460.677
2050-10-18 13:00:00,2305.305,1160.062,15.63,3480.997
2050-10-18 14:00:00,2333.61,1156.663,25.78,3516.052
2050-10-18 15:00:00,2380.749,1165.561,36.77,3583.08
2050-10-18 16:00:00,2485.328,1247.192,40.02,3772.54
2050-10-18 17:00:00,2607.94,1369.714,40.39,4018.044
2050-10-18 18:00:00,2793.753,1631.027,32.49,4457.27
2050-10-18 19:00:00,2871.278,1720.045,9.36,4600.684
2050-10-18 20:00:00,2829.567,1769.504,3.59,4602.661
2050-10-18 21:00:00,2625.419,1848.86,27.93,4502.209
2050-10-18 22:00:00,2430.564,1760.922,101.86,4293.345
2050-10-18 23:00:00,2213.944,1639.603,193.91,4047.457
2050-10-19 00:00:00,2028.918,1444.265,279.01,3752.193
2050-10-19 01:00:00,1927.625,1359.78,342.57,3629.975
2050-10-19 02:00:00,1868.784,1147.712,396.93,3413.426
2050-10-19 03:00:00,1843.281,1021.308,436.68,3301.269
2050-10-19 04:00:00,1865.26,896.758,464.82,3226.839
2050-10-19 05:00:00,1949.351,780.897,480.64,3210.887
2050-10-19 06:00:00,2118.144,708.599,497.09,3323.832
2050-10-19 07:00:00,2189.978,735.591,510.87,3436.438
2050-10-19 08:00:00,2241.921,836.192,473.38,3551.493
2050-10-19 09:00:00,2287.547,1011.14,400.54,3699.227
2050-10-19 10:00:00,2300.817,1058.376,400.22,3759.413
2050-10-19 11:00:00,2301.654,1102.423,396.42,3800.497
2050-10-19 12:00:00,2305.033,1143.954,390.95,3839.937
2050-10-19 13:00:00,2305.305,1160.062,398.81,3864.177
2050-10-19 14:00:00,2333.61,1156.663,392.17,3882.442
2050-10-19 15:00:00,2380.749,1165.561,313.67,3859.98
2050-10-19 16:00:00,2485.328,1247.192,197.91,3930.43
2050-10-19 17:00:00,2607.94,1369.714,101.24,4078.894
2050-10-19 18:00:00,2797.047,1631.027,135.59,4563.665
2050-10-19 19:00:00,2871.278,1720.045,279.69,4871.014
2050-10-19 20:00:00,2829.567,1769.504,414.93,5014.001
2050-10-19 21:00:00,2625.419,1848.86,509.92,4984.199
2050-10-19 22:00:00,2430.564,1760.922,596.05,4787.535
2050-10-19 23:00:00,2213.944,1639.603,673.71,4527.257
2050-10-20 00:00:00,2028.918,1444.265,742.1,4215.283
2050-10-20 01:00:00,1927.625,1359.78,799.11,4086.515
2050-10-20 02:00:00,1868.784,1147.712,846.1,3862.596
2050-10-20 03:00:00,1843.281,1021.308,885.9,3750.489
2050-10-20 04:00:00,1865.26,896.758,921.47,3683.489
2050-10-20 05:00:00,1949.351,780.897,949.37,3679.617
2050-10-20 06:00:00,2118.144,708.599,970.21,3796.952
2050-10-20 07:00:00,2190.837,735.591,987.97,3914.398
2050-10-20 08:00:00,2241.921,836.192,876.77,3954.883
2050-10-20 09:00:00,2287.547,1011.14,538.96,3837.647
2050-10-20 10:00:00,2300.817,1058.376,264.41,3623.603
2050-10-20 11:00:00,2301.654,1102.423,44.07,3448.147
2050-10-20 12:00:00,2305.033,1143.954,9.43,3458.417
2050-10-20 13:00:00,2305.305,1160.062,18.14,3483.507
2050-10-20 14:00:00,2333.61,1156.663,44.37,3534.642
2050-10-20 15:00:00,2380.749,1165.561,206.83,3753.14
2050-10-20 16:00:00,2485.328,1247.192,267.65,4000.17
2050-10-20 17:00:00,2607.94,1369.714,212.2,4189.854
2050-10-20 18:00:00,2800.554,1631.027,99.18,4530.761
2050-10-20 19:00:00,2871.278,1720.045,24.19,4615.514
2050-10-20 20:00:00,2829.567,1769.504,7.37,4606.441
2050-10-20 21:00:00,2625.419,1848.86,3.76,4478.039
2050-10-20 22:00:00,2430.564,1760.922,2.88,4194.365
2050-10-20 23:00:00,2213.944,1639.603,9.79,3863.337
2050-10-21 00:00:00,2028.918,1444.265,51.31,3524.493
2050-10-21 01:00:00,1927.625,1359.78,129.69,3417.095
2050-10-21 02:00:00,1868.784,1147.712,220.68,3237.176
2050-10-21 03:00:00,1843.281,1021.308,315.99,3180.579
2050-10-21 04:00:00,1865.26,896.758,411.54,3173.559
2050-10-21 05:00:00,1949.351,780.897,493.08,3223.327
2050-10-21 06:00:00,2118.144,708.599,551.36,3378.102
2050-10-21 07:00:00,2191.68,735.591,589.9,3517.171
2050-10-21 08:00:00,2241.921,836.192,514.11,3592.223
2050-10-21 09:00:00,2287.547,1011.14,278.14,3576.827
2050-10-21 10:00:00,2300.817,1058.376,90.22,3449.413
2050-10-21 11:00:00,2301.654,1102.423,14.57,3418.647
2050-10-21 12:00:00,2305.033,1143.954,21.52,3470.507
2050-10-21 13:00:00,2305.305,1160.062,43.15,3508.517
2050-10-21 14:00:00,2333.61,1156.663,128.01,3618.282
2050-10-21 15:00:00,2380.749,1165.561,275.87,3822.18
2050-10-21 16:00:00,2485.328,1247.192,387.09,4119.61
2050-10-21 17:00:00,2607.94,1369.714,244.0,4221.654
2050-10-21 18:00:00,2803.679,1631.027,64.74,4499.446
2050-10-21 19:00:00,2871.278,1720.045,11.78,4603.104
2050-10-21 20:00:00,2829.567,1769.504,5.1,4604.171
2050-10-21 21:00:00,2625.419,1848.86,74.7,4548.979
2050-10-21 22:00:00,2430.564,1760.922,213.14,4404.625
2050-10-21 23:00:00,2213.944,1639.603,355.04,4208.587
2050-10-22 00:00:00,2028.918,1444.265,495.78,3968.963
2050-10-22 01:00:00,1927.625,1359.78,626.73,3914.135
2050-10-22 02:00:00,1868.784,1147.712,746.56,3763.056
2050-10-22 03:00:00,1843.281,1021.308,853.92,3718.509
2050-10-22 04:00:00,1865.26,896.758,950.83,3712.849
2050-10-22 05:00:00,1949.351,780.897,1038.81,3769.057
2050-10-22 06:00:00,2118.144,708.599,1118.07,3944.812
2050-10-22 07:00:00,2192.459,735.591,1187.99,4116.04
2050-10-22 08:00:00,2241.921,836.192,1117.32,4195.433
2050-10-22 09:00:00,2287.547,1011.14,804.87,4103.557
2050-10-22 10:00:00,2300.817,1058.376,581.05,3940.243
2050-10-22 11:00:00,2301.654,1102.423,388.55,3792.627
2050-10-22 12:00:00,2305.033,1143.954,254.96,3703.947
2050-10-22 13:00:00,2305.305,1160.062,169.49,3634.857
2050-10-22 14:00:00,2333.61,1156.663,77.62,3567.892
2050-10-22 15:00:00,2380.749,1165.561,35.06,3581.37
2050-10-22 16:00:00,2485.328,1247.192,26.22,3758.74
2050-10-22 17:00:00,2607.94,1369.714,30.78,4008.434
2050-10-22 18:00:00,2806.995,1631.027,86.31,4524.333
2050-10-22 19:00:00,2871.278,1720.045,240.59,4831.914
2050-10-22 20:00:00,2829.567,1769.504,421.03,5020.101
2050-10-22 21:00:00,2625.419,1848.86,563.98,5038.259
2050-10-22 22:00:00,2430.564,1760.922,692.75,4884.235
2050-10-22 23:00:00,2213.944,1639.603,809.19,4662.737
2050-10-23 00:00:00,2028.918,1444.265,910.59,4383.773
2050-10-23 01:00:00,1927.625,1359.78,993.32,4280.725
2050-10-23 02:00:00,1868.784,1147.712,1066.91,4083.406
2050-10-23 03:00:00,1843.281,1021.308,1129.73,3994.319
2050-10-23 04:00:00,1865.26,896.758,1184.84,3946.859
2050-10-23 05:00:00,1949.351,780.897,1229.48,3959.727
2050-10-23 06:00:00,2118.144,708.599,1267.75,4094.492
2050-10-23 07:00:00,2193.43,735.591,1300.92,4229.941
2050-10-23 08:00:00,2241.921,836.192,1200.27,4278.383
2050-10-23 09:00:00,2287.547,1011.14,850.71,4149.397
2050-10-23 10:00:00,2300.817,1058.376,578.76,3937.953
2050-10-23 11:00:00,2301.654,1102.423,352.97,3757.047
2050-10-23 12:00:00,2305.033,1143.954,165.82,3614.807
2050-10-23 13:00:00,2305.305,1160.062,42.3,3507.667
2050-10-23 14:00:00,2333.61,1156.663,10.74,3501.012
2050-10-23 15:00:00,2380.749,1165.561,34.32,3580.63
2050-10-23 16:00:00,2485.328,1247.192,83.97,3816.49
2050-10-23 17:00:00,2607.94,1369.714,137.5,4115.154
2050-10-23 18:00:00,2810.161,1631.027,60.04,4501.228
2050-10-23 19:00:00,2871.278,1720.045,15.39,4606.714
2050-10-23 20:00:00,2829.567,1769.504,5.05,4604.121
2050-10-23 21:00:00,2625.419,1848.86,17.19,4491.469
2050-10-23 22:00:00,2430.564,1760.922,31.67,4223.155
2050-10-23 23:00:00,2213.944,1639.603,45.67,3899.217
2050-10-24 00:00:00,2028.918,1444.265,59.0,3532.183
2050-10-24 01:00:00,1927.625,1359.78,75.4,3362.805
2050-10-24 02:00:00,1868.784,1147.712,102.34,3118.836
2050-10-24 03:00:00,1843.281,1021.308,129.25,2993.839
2050-10-24 04:00:00,1865.26,896.758,167.3,2929.319
2050-10-24 05:00:00,1949.351,780.897,211.63,2941.877
2050-10-24 06:00:00,2118.144,708.599,266.66,3093.402
2050-10-24 07:00:00,2194.244,735.591,342.89,3272.725
2050-10-24 08:00:00,2241.921,836.192,309.88,3387.993
2050-10-24 09:00:00,2287.547,1011.14,108.66,3407.347
2050-10-24 10:00:00,2300.817,1058.376,22.57,3381.763
2050-10-24 11:00:00,2301.654,1102.423,19.94,3424.017
2050-10-24 12:00:00,2305.033,1143.954,41.57,3490.557
2050-10-24 13:00:00,2305.305,1160.062,77.09,3542.457
2050-10-24 14:00:00,2333.61,1156.663,140.16,3630.432
2050-10-24 15:00:00,2380.749,1165.561,195.98,3742.29
2050-10-24 16:00:00,2485.328,1247.192,223.97,3956.49
2050-10-24 17:00:00,2607.94,1369.714,264.03,4241.684
2050-10-24 18:00:00,2813.446,1631.027,197.43,4641.903
2050-10-24 19:00:00,2871.278,1720.045,80.65,4671.974
2050-10-24 20:00:00,2829.567,1769.504,30.92,4629.991
2050-10-24 21:00:00,2625.419,1848.86,18.24,4492.519
2050-10-24 22:00:00,2430.564,1760.922,13.07,4204.555
2050-10-24 23:00:00,2213.944,1639.603,8.8,3862.347
2050-10-25 00:00:00,2028.918,1444.265,6.81,3479.993
2050-10-25 01:00:00,1927.625,1359.78,4.77,3292.175
2050-10-25 02:00:00,1868.784,1147.712,5.29,3021.786
2050-10-25 03:00:00,1843.281,1021.308,13.96,2878.549
2050-10-25 04:00:00,1865.26,896.758,33.21,2795.229
2050-10-25 05:00:00,1949.351,780.897,58.15,2788.397
2050-10-25 06:00:00,2118.144,708.599,79.69,2906.432
2050-10-25 07:00:00,2195.095,735.591,95.79,3026.476
2050-10-25 08:00:00,2241.921,836.192,59.05,3137.163
2050-10-25 09:00:00,2287.547,1011.14,20.47,3319.157
2050-10-25 10:00:00,2300.817,1058.376,42.73,3401.923
2050-10-25 11:00:00,2301.654,1102.423,115.49,3519.567
2050-10-25 12:00:00,2305.033,1143.954,294.96,3743.947
2050-10-25 13:00:00,2305.305,1160.062,505.4,3970.767
2050-10-25 14:00:00,2333.61,1156.663,727.0,4217.272
2050-10-25 15:00:00,2380.749,1165.561,901.42,4447.73
2050-10-25 16:00:00,2485.328,1247.192,994.69,4727.21
2050-10-25 17:00:00,2608.41,1369.714,945.36,4923.484
2050-10-25 18:00:00,2816.116,1631.027,768.58,5215.723
2050-10-25 19:00:00,2871.278,1720.045,533.91,5125.234
2050-10-25 20:00:00,2829.567,1769.504,395.2,4994.271
2050-10-25 21:00:00,2625.419,1848.86,313.83,4788.109
2050-10-25 22:00:00,2430.564,1760.922,248.64,4440.125
2050-10-25 23:00:00,2213.944,1639.603,189.86,4043.407
2050-10-26 00:00:00,2028.918,1444.265,138.34,3611.523
2050-10-26 01:00:00,1927.625,1359.78,89.87,3377.275
2050-10-26 02:00:00,1868.784,1147.712,58.25,3074.746
2050-10-26 03:00:00,1843.281,1021.308,39.29,2903.879
2050-10-26 04:00:00,1865.26,896.758,28.92,2790.939
2050-10-26 05:00:00,1949.351,780.897,24.39,2754.637
2050-10-26 06:00:00,2118.144,708.599,21.01,2847.752
2050-10-26 07:00:00,2195.884,735.591,18.7,2950.175
2050-10-26 08:00:00,2241.921,836.192,33.05,3111.163
2050-10-26 09:00:00,2287.547,1011.14,121.91,3420.597
2050-10-26 10:00:00,2300.817,1058.376,139.26,3498.453
2050-10-26 11:00:00,2301.654,1102.423,185.02,3589.097
2050-10-26 12:00:00,2305.033,1143.954,230.19,3679.177
2050-10-26 13:00:00,2305.305,1160.062,289.69,3755.057
2050-10-26 14:00:00,2333.61,1156.663,404.12,3894.392
2050-10-26 15:00:00,2380.749,1165.561,505.22,4051.53
2050-10-26 16:00:00,2485.328,1247.192,598.3,4330.82
2050-10-26 17:00:00,2610.058,1369.714,603.29,4583.062
2050-10-26 18:00:00,2817.643,1631.027,535.8,4984.47
2050-10-26 19:00:00,2871.278,1720.045,371.58,4962.904
2050-10-26 20:00:00,2829.567,1769.504,267.39,4866.461
2050-10-26 21:00:00,2625.419,1848.86,223.58,4697.859
2050-10-26 22:00:00,2430.564,1760.922,197.26,4388.745
2050-10-26 23:00:00,2213.944,1639.603,165.8,4019.347
2050-10-27 00:00:00,2028.918,1444.265,139.84,3613.023
2050-10-27 01:00:00,1927.625,1359.78,120.06,3407.465
2050-10-27 02:00:00,1868.784,1147.712,115.36,3131.856
2050-10-27 03:00:00,1843.281,1021.308,111.53,2976.119
2050-10-27 04:00:00,1865.26,896.758,103.92,2865.939
2050-10-27 05:00:00,1949.351,780.897,107.65,2837.897
2050-10-27 06:00:00,2118.144,708.599,103.72,2930.462
2050-10-27 07:00:00,2196.792,735.591,108.05,3040.433
2050-10-27 08:00:00,2241.921,836.192,217.78,3295.893
2050-10-27 09:00:00,2287.547,1011.14,370.44,3669.127
2050-10-27 10:00:00,2300.817,1058.376,411.39,3770.583
2050-10-27 11:00:00,2301.654,1102.423,589.96,3994.037
2050-10-27 12:00:00,2305.033,1143.954,697.23,4146.217
2050-10-27 13:00:00,2305.305,1160.062,763.38,4228.747
2050-10-27 14:00:00,2333.61,1156.663,914.85,4405.122
2050-10-27 15:00:00,2380.749,1165.561,1008.08,4554.39
2050-10-27 16:00:00,2485.328,1247.192,992.81,4725.33
2050-10-27 17:00:00,2612.122,1369.714,909.13,4890.966
2050-10-27 18:00:00,2818.359,1631.027,787.02,5236.406
2050-10-27 19:00:00,2871.278,1720.045,557.38,5148.704
2050-10-27 20:00:00,2829.567,1769.504,394.45,4993.521
2050-10-27 21:00:00,2625.419,1848.86,318.25,4792.529
2050-10-27 22:00:00,2430.564,1760.922,261.22,4452.705
2050-10-27 23:00:00,2213.944,1639.603,219.33,4072.877
2050-10-28 00:00:00,2028.918,1444.265,206.13,3679.313
2050-10-28 01:00:00,1927.625,1359.78,212.11,3499.515
2050-10-28 02:00:00,1868.784,1147.712,198.44,3214.936
2050-10-28 03:00:00,1843.281,1021.308,161.77,3026.359
2050-10-28 04:00:00,1865.26,896.758,82.06,2844.079
2050-10-28 05:00:00,1949.351,780.897,37.54,2767.787
2050-10-28 06:00:00,2118.144,708.599,22.57,2849.312
2050-10-28 07:00:00,2197.658,735.591,20.73,2953.979
2050-10-28 08:00:00,2241.921,836.192,34.17,3112.283
2050-10-28 09:00:00,2287.547,1011.14,169.12,3467.807
2050-10-28 10:00:00,2300.817,1058.376,276.89,3636.083
2050-10-28 11:00:00,2301.654,1102.423,480.13,3884.207
2050-10-28 12:00:00,2305.033,1143.954,656.51,4105.497
2050-10-28 13:00:00,2305.305,1160.062,824.91,4290.277
2050-10-28 14:00:00,2333.61,1156.663,1021.47,4511.742
2050-10-28 15:00:00,2380.749,1165.561,1174.25,4720.56
2050-10-28 16:00:00,2485.328,1247.192,1252.59,4985.11
2050-10-28 17:00:00,2614.569,1369.714,1216.43,5200.713
2050-10-28 18:00:00,2819.181,1631.027,970.74,5420.949
2050-10-28 19:00:00,2871.278,1720.045,643.23,5234.554
2050-10-28 20:00:00,2829.567,1769.504,366.16,4965.231
2050-10-28 21:00:00,2625.419,1848.86,163.82,4638.099
2050-10-28 22:00:00,2430.564,1760.922,45.67,4237.155
2050-10-28 23:00:00,2213.944,1639.603,12.84,3866.387
2050-10-29 00:00:00,2028.918,1444.265,5.17,3478.353
2050-10-29 01:00:00,1927.625,1359.78,8.9,3296.305
2050-10-29 02:00:00,1868.784,1147.712,74.74,3091.236
2050-10-29 03:00:00,1843.281,1021.308,195.78,3060.369
2050-10-29 04:00:00,1865.26,896.758,314.55,3076.569
2050-10-29 05:00:00,1949.351,780.897,435.68,3165.927
2050-10-29 06:00:00,2118.144,708.599,549.03,3375.772
2050-10-29 07:00:00,2198.529,735.591,637.54,3571.659
2050-10-29 08:00:00,2241.921,836.192,606.15,3684.263
2050-10-29 09:00:00,2287.547,1011.14,488.37,3787.057
2050-10-29 10:00:00,2300.817,1058.376,423.35,3782.543
2050-10-29 11:00:00,2301.654,1102.423,372.69,3776.767
2050-10-29 12:00:00,2305.033,1143.954,324.32,3773.307
2050-10-29 13:00:00,2305.305,1160.062,298.91,3764.277
2050-10-29 14:00:00,2333.61,1156.663,242.9,3733.172
2050-10-29 15:00:00,2380.749,1165.561,172.66,3718.97
2050-10-29 16:00:00,2485.328,1247.192,77.93,3810.45
2050-10-29 17:00:00,2616.726,1369.714,67.57,4054.01
2050-10-29 18:00:00,2819.818,1631.027,144.48,4595.325
2050-10-29 19:00:00,2871.278,1720.045,332.18,4923.504
2050-10-29 20:00:00,2829.567,1769.504,498.31,5097.381
2050-10-29 21:00:00,2625.419,1848.86,628.07,5102.349
2050-10-29 22:00:00,2430.564,1760.922,746.54,4938.025
2050-10-29 23:00:00,2213.944,1639.603,850.65,4704.197
2050-10-30 00:00:00,2028.918,1444.265,939.68,4412.863
2050-10-30 01:00:00,1927.625,1359.78,1021.23,4308.635
2050-10-30 02:00:00,1868.784,1147.712,1094.8,4111.296
2050-10-30 03:00:00,1843.281,1021.308,1161.19,4025.779
2050-10-30 04:00:00,1865.26,896.758,1223.6,3985.619
2050-10-30 05:00:00,1949.351,780.897,1281.74,4011.987
2050-10-30 06:00:00,2118.144,708.599,1337.73,4164.472
2050-10-30 07:00:00,2199.424,735.591,1390.23,4325.245
2050-10-30 08:00:00,2241.921,836.192,1339.04,4417.153
2050-10-30 09:00:00,2287.547,1011.14,1052.0,4350.687
2050-10-30 10:00:00,2300.817,1058.376,804.01,4163.203
2050-10-30 11:00:00,2301.654,1102.423,536.5,3940.577
2050-10-30 12:00:00,2305.033,1143.954,317.58,3766.567
2050-10-30 13:00:00,2305.305,1160.062,169.3,3634.667
2050-10-30 14:00:00,2333.61,1156.663,38.23,3528.502
2050-10-30 15:00:00,2380.749,1165.561,8.74,3555.05
2050-10-30 16:00:00,2485.328,1247.192,10.1,3742.62
2050-10-30 17:00:00,2618.779,1369.714,10.59,3999.083
2050-10-30 18:00:00,2820.354,1631.027,14.44,4465.822
2050-10-30 19:00:00,2871.278,1720.045,89.59,4680.914
2050-10-30 20:00:00,2829.567,1769.504,191.74,4790.811
2050-10-30 21:00:00,2625.419,1848.86,253.9,4728.179
2050-10-30 22:00:00,2430.564,1760.922,318.65,4510.135
2050-10-30 23:00:00,2213.944,1639.603,373.72,4227.267
2050-10-31 00:00:00,2028.918,1444.265,416.69,3889.873
2050-10-31 01:00:00,1927.625,1359.78,455.3,3742.705
2050-10-31 02:00:00,1868.784,1147.712,509.07,3525.566
2050-10-31 03:00:00,1843.281,1021.308,575.48,3440.069
2050-10-31 04:00:00,1865.26,896.758,640.97,3402.989
2050-10-31 05:00:00,1949.351,780.897,704.47,3434.717
2050-10-31 06:00:00,2118.144,708.599,769.28,3596.022
2050-10-31 07:00:00,2200.181,735.591,823.44,3759.211
2050-10-31 08:00:00,2241.921,836.192,785.57,3863.683
2050-10-31 09:00:00,2287.547,1011.14,503.52,3802.207
2050-10-31 10:00:00,2300.817,1058.376,286.44,3645.633
2050-10-31 11:00:00,2301.654,1102.423,128.25,3532.327
2050-10-31 12:00:00,2305.033,1143.954,32.7,3481.687
2050-10-31 13:00:00,2305.305,1160.062,9.45,3474.817
2050-10-31 14:00:00,2333.61,1156.663,17.81,3508.082
2050-10-31 15:00:00,2380.749,1165.561,27.38,3573.69
2050-10-31 16:00:00,2485.328,1247.192,35.84,3768.36
2050-10-31 17:00:00,2621.39,1369.714,29.03,4020.134
2050-10-31 18:00:00,2821.872,1631.027,15.6,4468.5
2050-10-31 19:00:00,2871.278,1720.045,38.95,4630.274
2050-10-31 20:00:00,2829.567,1769.504,128.11,4727.181
2050-10-31 21:00:00,2625.419,1848.86,285.13,4759.409
2050-10-31 22:00:00,2430.564,1760.922,443.29,4634.775
2050-10-31 23:00:00,2213.944,1639.603,610.86,4464.407
2050-11-01 00:00:00,2028.918,1450.951,750.57,4230.439
2050-11-01 01:00:00,1927.625,1366.076,892.32,4186.021
2050-11-01 02:00:00,1868.784,1153.025,1017.61,4039.419
2050-11-01 03:00:00,1843.281,1026.036,1132.16,4001.477
2050-11-01 04:00:00,1865.26,900.91,1237.35,4003.52
2050-11-01 05:00:00,1949.351,784.512,1338.93,4072.793
2050-11-01 06:00:00,2118.144,711.879,1432.68,4262.703
2050-11-01 07:00:00,2201.162,738.996,1512.31,4452.468
2050-11-01 08:00:00,2241.921,840.064,1490.07,4572.055
2050-11-01 09:00:00,2287.547,1015.821,1190.76,4494.128
2050-11-01 10:00:00,2300.817,1063.275,975.65,4339.743
2050-11-01 11:00:00,2301.654,1107.527,775.4,4184.581
2050-11-01 12:00:00,2305.033,1149.25,604.28,4058.563
2050-11-01 13:00:00,2305.305,1165.433,466.03,3936.768
2050-11-01 14:00:00,2333.61,1162.018,310.75,3806.377
2050-11-01 15:00:00,2380.749,1170.957,185.54,3737.246
2050-11-01 16:00:00,2485.328,1252.966,110.15,3848.444
2050-11-01 17:00:00,2623.891,1376.055,112.25,4112.197
2050-11-01 18:00:00,2821.872,1638.578,268.61,4729.061
2050-11-01 19:00:00,2871.278,1728.009,502.84,5102.127
2050-11-01 20:00:00,2829.567,1777.696,709.1,5316.363
2050-11-01 21:00:00,2625.419,1857.42,845.65,5328.489
2050-11-01 22:00:00,2430.564,1769.074,963.86,5163.498
2050-11-01 23:00:00,2213.944,1647.194,1068.69,4929.828
2050-11-02 00:00:00,2028.918,1450.951,1165.13,4644.999
2050-11-02 01:00:00,1927.625,1366.076,1249.87,4543.571
2050-11-02 02:00:00,1868.784,1153.025,1322.9,4344.709
2050-11-02 03:00:00,1843.281,1026.036,1392.93,4262.247
2050-11-02 04:00:00,1865.26,900.91,1454.78,4220.95
2050-11-02 05:00:00,1949.351,784.512,1508.83,4242.693
2050-11-02 06:00:00,2118.144,711.879,1558.74,4388.763
2050-11-02 07:00:00,2201.991,738.996,1603.48,4544.467
2050-11-02 08:00:00,2241.921,840.064,1552.86,4634.845
2050-11-02 09:00:00,2287.547,1015.821,1231.07,4534.438
2050-11-02 10:00:00,2300.817,1063.275,984.97,4349.063
2050-11-02 11:00:00,2301.654,1107.527,743.47,4152.651
2050-11-02 12:00:00,2305.033,1149.25,539.63,3993.913
2050-11-02 13:00:00,2305.305,1165.433,374.66,3845.398
2050-11-02 14:00:00,2333.61,1162.018,207.49,3703.117
2050-11-02 15:00:00,2380.749,1170.957,85.15,3636.856
2050-11-02 16:00:00,2485.328,1252.966,31.0,3769.294
2050-11-02 17:00:00,2626.089,1376.055,28.83,4030.975
2050-11-02 18:00:00,2821.872,1638.578,120.94,4581.391
2050-11-02 19:00:00,2871.278,1728.009,337.44,4936.727
2050-11-02 20:00:00,2829.567,1777.696,554.43,5161.693
2050-11-02 21:00:00,2625.419,1857.42,719.55,5202.389
2050-11-02 22:00:00,2430.564,1769.074,859.41,5059.048
2050-11-02 23:00:00,2213.944,1647.194,981.53,4842.668
2050-11-03 00:00:00,2028.918,1450.951,1082.67,4562.539
2050-11-03 01:00:00,1927.625,1366.076,1168.01,4461.711
2050-11-03 02:00:00,1868.784,1153.025,1243.29,4265.099
2050-11-03 03:00:00,1843.281,1026.036,1312.35,4181.667
2050-11-03 04:00:00,1865.26,900.91,1370.01,4136.18
2050-11-03 05:00:00,1949.351,784.512,1420.84,4154.703
2050-11-03 06:00:00,2098.924,711.879,1462.75,4273.553
2050-11-03 07:00:00,2179.471,738.996,1502.36,4420.827
2050-11-03 08:00:00,2241.921,840.064,1449.91,4531.895
2050-11-03 09:00:00,2287.547,1015.821,1098.51,4401.878
2050-11-03 10:00:00,2300.817,1063.275,808.09,4172.183
2050-11-03 11:00:00,2301.654,1107.527,514.9,3924.081
2050-11-03 12:00:00,2305.033,1149.25,290.44,3744.723
2050-11-03 13:00:00,2305.305,1165.433,168.35,3639.088
2050-11-03 14:00:00,2333.61,1162.018,95.48,3591.107
2050-11-03 15:00:00,2380.749,1170.957,46.03,3597.736
2050-11-03 16:00:00,2505.006,1252.966,37.54,3795.512
2050-11-03 17:00:00,2738.337,1376.055,48.69,4163.083
2050-11-03 18:00:00,2821.872,1638.578,131.48,4591.931
2050-11-03 19:00:00,2871.278,1728.009,297.8,4897.087
2050-11-03 20:00:00,2829.567,1777.696,445.04,5052.303
2050-11-03 21:00:00,2625.419,1857.42,551.73,5034.569
2050-11-03 22:00:00,2430.564,1769.074,647.45,4847.088
2050-11-03 23:00:00,2213.944,1647.194,706.98,4568.118
2050-11-04 00:00:00,2028.918,1450.951,744.74,4224.609
2050-11-04 01:00:00,1927.625,1366.076,781.75,4075.451
2050-11-04 02:00:00,1868.784,1153.025,779.66,3801.469
2050-11-04 03:00:00,1843.281,1026.036,775.63,3644.947
2050-11-04 04:00:00,1865.26,900.91,769.69,3535.86
2050-11-04 05:00:00,1949.351,784.512,760.66,3494.523
2050-11-04 06:00:00,2099.722,711.879,746.04,3557.641
2050-11-04 07:00:00,2179.471,738.996,723.61,3642.077
2050-11-04 08:00:00,2241.921,840.064,650.34,3732.325
2050-11-04 09:00:00,2287.547,1015.821,507.08,3810.448
2050-11-04 10:00:00,2300.817,1063.275,459.43,3823.523
2050-11-04 11:00:00,2301.654,1107.527,415.74,3824.921
2050-11-04 12:00:00,2305.033,1149.25,375.36,3829.643
2050-11-04 13:00:00,2305.305,1165.433,338.57,3809.308
2050-11-04 14:00:00,2333.61,1162.018,283.07,3778.697
2050-11-04 15:00:00,2380.749,1170.957,210.15,3761.856
2050-11-04 16:00:00,2507.431,1252.966,130.49,3890.887
2050-11-04 17:00:00,2738.337,1376.055,91.34,4205.733
2050-11-04 18:00:00,2821.872,1638.578,97.05,4557.501
2050-11-04 19:00:00,2871.278,1728.009,168.7,4767.987
2050-11-04 20:00:00,2829.567,1777.696,235.94,4843.203
2050-11-04 21:00:00,2625.419,1857.42,281.45,4764.289
2050-11-04 22:00:00,2430.564,1769.074,323.67,4523.308
2050-11-04 23:00:00,2213.944,1647.194,350.56,4211.698
2050-11-05 00:00:00,2028.918,1450.951,374.89,3854.759
2050-11-05 01:00:00,1927.625,1366.076,403.93,3697.631
2050-11-05 02:00:00,1868.784,1153.025,435.21,3457.019
2050-11-05 03:00:00,1843.281,1026.036,467.24,3336.557
2050-11-05 04:00:00,1865.26,900.91,496.58,3262.75
2050-11-05 05:00:00,1949.351,784.512,526.11,3259.973
2050-11-05 06:00:00,2100.628,711.879,559.89,3372.397
2050-11-05 07:00:00,2179.471,738.996,594.84,3513.307
2050-11-05 08:00:00,2241.921,840.064,573.38,3655.365
2050-11-05 09:00:00,2287.547,1015.821,444.63,3747.998
2050-11-05 10:00:00,2300.817,1063.275,348.97,3713.063
2050-11-05 11:00:00,2301.654,1107.527,199.85,3609.031
2050-11-05 12:00:00,2305.033,1149.25,83.18,3537.463
2050-11-05 13:00:00,2305.305,1165.433,25.34,3496.078
2050-11-05 14:00:00,2333.61,1162.018,15.93,3511.557
2050-11-05 15:00:00,2380.749,1170.957,16.3,3568.006
2050-11-05 16:00:00,2510.022,1252.966,18.34,3781.328
2050-11-05 17:00:00,2738.337,1376.055,16.36,4130.753
2050-11-05 18:00:00,2821.872,1638.578,13.94,4474.391
2050-11-05 19:00:00,2871.278,1728.009,57.2,4656.487
2050-11-05 20:00:00,2829.567,1777.696,199.73,4806.993
2050-11-05 21:00:00,2625.419,1857.42,339.07,4821.909
2050-11-05 22:00:00,2430.564,1769.074,476.93,4676.568
2050-11-05 23:00:00,2213.944,1647.194,614.3,4475.438
2050-11-06 00:00:00,2028.918,1450.951,739.0,4218.869
2050-11-06 01:00:00,1927.625,1366.076,889.91,4183.611
2050-11-06 02:00:00,1868.784,1153.025,1011.13,4032.939
2050-11-06 03:00:00,1843.281,1026.036,1073.93,3943.247
2050-11-06 04:00:00,1865.26,900.91,1127.66,3893.83
2050-11-06 05:00:00,1949.351,784.512,1173.68,3907.543
2050-11-06 06:00:00,2101.473,711.879,1214.09,4027.442
2050-11-06 07:00:00,2179.471,738.996,1168.82,4087.287
2050-11-06 08:00:00,2241.921,840.064,867.56,3949.545
2050-11-06 09:00:00,2287.547,1015.821,636.93,3940.298
2050-11-06 10:00:00,2300.817,1063.275,417.93,3782.023
2050-11-06 11:00:00,2301.654,1107.527,248.23,3657.411
2050-11-06 12:00:00,2305.033,1149.25,127.82,3582.103
2050-11-06 13:00:00,2305.305,1165.433,23.57,3494.308
2050-11-06 14:00:00,2333.61,1162.018,9.32,3504.947
2050-11-06 15:00:00,2380.749,1170.957,15.09,3566.796
2050-11-06 16:00:00,2512.312,1252.966,13.5,3778.778
2050-11-06 17:00:00,2738.337,1376.055,11.76,4126.153
2050-11-06 18:00:00,2821.872,1638.578,96.36,4556.811
2050-11-06 19:00:00,2871.278,1728.009,266.43,4865.717
2050-11-06 20:00:00,2829.567,1777.696,404.06,5011.323
2050-11-06 21:00:00,2625.419,1857.42,526.45,5009.289
2050-11-06 22:00:00,2430.564,1769.074,633.2,4832.838
2050-11-06 23:00:00,2213.944,1647.194,723.64,4584.778
2050-11-07 00:00:00,2028.918,1450.951,821.11,4300.979
2050-11-07 01:00:00,1927.625,1366.076,914.86,4208.561
2050-11-07 02:00:00,1868.784,1153.025,1001.57,4023.379
2050-11-07 03:00:00,1843.281,1026.036,1087.4,3956.717
2050-11-07 04:00:00,1865.26,900.91,1164.99,3931.16
2050-11-07 05:00:00,1949.351,784.512,1252.75,3986.613
2050-11-07 06:00:00,2102.275,711.879,1326.99,4141.145
2050-11-07 07:00:00,2179.471,738.996,1319.42,4237.887
2050-11-07 08:00:00,2241.921,840.064,1055.12,4137.105
2050-11-07 09:00:00,2287.547,1015.821,854.39,4157.758
2050-11-07 10:00:00,2300.817,1063.275,648.56,4012.653
2050-11-07 11:00:00,2301.654,1107.527,470.18,3879.361
2050-11-07 12:00:00,2305.033,1149.25,328.26,3782.543
2050-11-07 13:00:00,2305.305,1165.433,184.16,3654.898
2050-11-07 14:00:00,2333.61,1162.018,71.52,3567.147
2050-11-07 15:00:00,2380.749,1170.957,30.14,3581.846
2050-11-07 16:00:00,2514.399,1252.966,49.96,3817.325
2050-11-07 17:00:00,2738.337,1376.055,196.89,4311.283
2050-11-07 18:00:00,2821.872,1638.578,423.85,4884.301
2050-11-07 19:00:00,2871.278,1728.009,618.04,5217.327
2050-11-07 20:00:00,2829.567,1777.696,756.94,5364.203
2050-11-07 21:00:00,2625.419,1857.42,886.39,5369.229
2050-11-07 22:00:00,2430.564,1769.074,1010.46,5210.098
2050-11-07 23:00:00,2213.944,1647.194,1131.57,4992.708
2050-11-08 00:00:00,2028.918,1450.951,1250.94,4730.809
2050-11-08 01:00:00,1927.625,1366.076,1358.98,4652.681
2050-11-08 02:00:00,1868.784,1153.025,1460.98,4482.789
2050-11-08 03:00:00,1843.281,1026.036,1548.73,4418.047
2050-11-08 04:00:00,1865.26,900.91,1616.21,4382.38
2050-11-08 05:00:00,1949.351,784.512,1660.99,4394.853
2050-11-08 06:00:00,2103.101,711.879,1696.08,4511.06
2050-11-08 07:00:00,2179.471,738.996,1648.59,4567.057
2050-11-08 08:00:00,2241.921,840.064,1403.17,4485.155
2050-11-08 09:00:00,2287.547,1015.821,1228.84,4532.208
2050-11-08 10:00:00,2300.817,1063.275,1164.22,4528.313
2050-11-08 11:00:00,2301.654,1107.527,1178.15,4587.331
2050-11-08 12:00:00,2305.033,1149.25,1181.08,4635.363
2050-11-08 13:00:00,2305.305,1165.433,1186.56,4657.298
2050-11-08 14:00:00,2333.61,1162.018,1147.25,4642.877
2050-11-08 15:00:00,2380.749,1170.957,1111.37,4663.076
2050-11-08 16:00:00,2516.551,1252.966,1135.83,4905.347
2050-11-08 17:00:00,2738.337,1376.055,1168.43,5282.823
2050-11-08 18:00:00,2821.872,1638.578,1290.64,5751.091
2050-11-08 19:00:00,2871.278,1728.009,1359.15,5958.437
2050-11-08 20:00:00,2829.567,1777.696,1372.71,5979.973
2050-11-08 21:00:00,2625.419,1857.42,1381.1,5863.939
2050-11-08 22:00:00,2430.564,1769.074,1395.15,5594.788
2050-11-08 23:00:00,2213.944,1647.194,1406.94,5268.078
2050-11-09 00:00:00,2028.918,1450.951,1411.29,4891.159
2050-11-09 01:00:00,1927.625,1366.076,1412.32,4706.021
2050-11-09 02:00:00,1868.784,1153.025,1400.75,4422.559
2050-11-09 03:00:00,1843.281,1026.036,1386.71,4256.027
2050-11-09 04:00:00,1865.26,900.91,1388.98,4155.15
2050-11-09 05:00:00,1949.351,784.512,1375.01,4108.873
2050-11-09 06:00:00,2103.98,711.879,1371.58,4187.439
2050-11-09 07:00:00,2179.471,738.996,1304.7,4223.167
2050-11-09 08:00:00,2241.921,840.064,1081.73,4163.715
2050-11-09 09:00:00,2287.547,1015.821,878.45,4181.818
2050-11-09 10:00:00,2300.817,1063.275,656.35,4020.443
2050-11-09 11:00:00,2301.654,1107.527,464.97,3874.151
2050-11-09 12:00:00,2305.033,1149.25,293.48,3747.763
2050-11-09 13:00:00,2305.305,1165.433,133.65,3604.388
2050-11-09 14:00:00,2333.61,1162.018,45.44,3541.067
2050-11-09 15:00:00,2380.749,1170.957,29.72,3581.426
2050-11-09 16:00:00,2518.622,1252.966,65.81,3837.398
2050-11-09 17:00:00,2738.337,1376.055,180.6,4294.993
2050-11-09 18:00:00,2821.872,1638.578,366.85,4827.301
2050-11-09 19:00:00,2871.278,1728.009,506.12,5105.407
2050-11-09 20:00:00,2829.567,1777.696,581.74,5189.003
2050-11-09 21:00:00,2625.419,1857.42,645.81,5128.649
2050-11-09 22:00:00,2430.564,1769.074,703.57,4903.208
2050-11-09 23:00:00,2213.944,1647.194,765.74,4626.878
2050-11-10 00:00:00,2028.918,1450.951,817.17,4297.039
2050-11-10 01:00:00,1927.625,1366.076,881.15,4174.851
2050-11-10 02:00:00,1868.784,1153.025,943.21,3965.019
2050-11-10 03:00:00,1843.281,1026.036,998.32,3867.637
2050-11-10 04:00:00,1865.26,900.91,1037.72,3803.89
2050-11-10 05:00:00,1949.351,784.512,1089.6,3823.463
2050-11-10 06:00:00,2104.839,711.879,1110.24,3926.958
2050-11-10 07:00:00,2179.471,738.996,1071.83,3990.297
2050-11-10 08:00:00,2241.921,840.064,884.03,3966.015
2050-11-10 09:00:00,2287.547,1015.821,771.1,4074.468
2050-11-10 10:00:00,2300.817,1063.275,682.21,4046.303
2050-11-10 11:00:00,2301.654,1107.527,551.1,3960.281
2050-11-10 12:00:00,2305.033,1149.25,395.46,3849.743
2050-11-10 13:00:00,2305.305,1165.433,224.08,3694.818
2050-11-10 14:00:00,2333.61,1162.018,113.96,3609.587
2050-11-10 15:00:00,2380.749,1170.957,61.84,3613.546
2050-11-10 16:00:00,2520.916,1252.966,66.15,3840.032
2050-11-10 17:00:00,2738.337,1376.055,158.41,4272.803
2050-11-10 18:00:00,2821.872,1638.578,368.25,4828.701
2050-11-10 19:00:00,2871.278,1728.009,555.99,5155.277
2050-11-10 20:00:00,2829.567,1777.696,688.65,5295.913
2050-11-10 21:00:00,2625.419,1857.42,798.89,5281.729
2050-11-10 22:00:00,2430.564,1769.074,896.26,5095.898
2050-11-10 23:00:00,2213.944,1647.194,983.37,4844.508
2050-11-11 00:00:00,2028.918,1450.951,1061.72,4541.589
2050-11-11 01:00:00,1927.625,1366.076,1135.21,4428.911
2050-11-11 02:00:00,1868.784,1153.025,1201.86,4223.669
2050-11-11 03:00:00,1843.281,1026.036,1261.44,4130.757
2050-11-11 04:00:00,1865.26,900.91,1317.28,4083.45
2050-11-11 05:00:00,1949.351,784.512,1367.77,4101.633
2050-11-11 06:00:00,2105.654,711.879,1409.07,4226.603
2050-11-11 07:00:00,2179.471,738.996,1376.54,4295.007
2050-11-11 08:00:00,2241.921,840.064,1171.17,4253.155
2050-11-11 09:00:00,2287.547,1015.821,1062.52,4365.888
2050-11-11 10:00:00,2300.817,1063.275,904.09,4268.183
2050-11-11 11:00:00,2301.654,1107.527,708.63,4117.811
2050-11-11 12:00:00,2305.033,1149.25,525.2,3979.483
2050-11-11 13:00:00,2305.305,1165.433,314.49,3785.228
2050-11-11 14:00:00,2333.61,1162.018,150.37,3645.997
2050-11-11 15:00:00,2380.749,1170.957,67.01,3618.716
2050-11-11 16:00:00,2522.914,1252.966,71.97,3847.85
2050-11-11 17:00:00,2738.337,1376.055,200.98,4315.373
2050-11-11 18:00:00,2821.872,1638.578,414.05,4874.501
2050-11-11 19:00:00,2871.278,1728.009,599.92,5199.207
2050-11-11 20:00:00,2829.567,1777.696,724.65,5331.913
2050-11-11 21:00:00,2625.419,1857.42,828.62,5311.459
2050-11-11 22:00:00,2430.564,1769.074,918.61,5118.248
2050-11-11 23:00:00,2213.944,1647.194,997.47,4858.608
2050-11-12 00:00:00,2028.918,1450.951,1064.73,4544.599
2050-11-12 01:00:00,1927.625,1366.076,1124.98,4418.681
2050-11-12 02:00:00,1868.784,1153.025,1181.2,4203.009
2050-11-12 03:00:00,1843.281,1026.036,1232.27,4101.587
2050-11-12 04:00:00,1865.26,900.91,1277.9,4044.07
2050-11-12 05:00:00,1949.351,784.512,1321.19,4055.053
2050-11-12 06:00:00,2106.456,711.879,1359.77,4178.105
2050-11-12 07:00:00,2179.471,738.996,1326.01,4244.477
2050-11-12 08:00:00,2241.921,840.064,1008.88,4090.865
2050-11-12 09:00:00,2287.547,1015.821,731.06,4034.428
2050-11-12 10:00:00,2300.817,1063.275,463.72,3827.813
2050-11-12 11:00:00,2301.654,1107.527,245.95,3655.131
2050-11-12 12:00:00,2305.033,1149.25,95.74,3550.023
2050-11-12 13:00:00,2305.305,1165.433,10.29,3481.028
2050-11-12 14:00:00,2333.61,1162.018,9.01,3504.637
2050-11-12 15:00:00,2380.749,1170.957,23.19,3574.896
2050-11-12 16:00:00,2524.985,1252.966,20.7,3798.651
2050-11-12 17:00:00,2738.337,1376.055,12.66,4127.053
2050-11-12 18:00:00,2821.872,1638.578,24.82,4485.271
2050-11-12 19:00:00,2871.278,1728.009,127.46,4726.747
2050-11-12 20:00:00,2829.567,1777.696,250.04,4857.303
2050-11-12 21:00:00,2625.419,1857.42,372.66,4855.499
2050-11-12 22:00:00,2430.564,1769.074,484.91,4684.548
2050-11-12 23:00:00,2213.944,1647.194,583.85,4444.988
2050-11-13 00:00:00,2028.918,1450.951,667.19,4147.059
2050-11-13 01:00:00,1927.625,1366.076,736.45,4030.151
2050-11-13 02:00:00,1868.784,1153.025,795.72,3817.529
2050-11-13 03:00:00,1843.281,1026.036,849.35,3718.667
2050-11-13 04:00:00,1865.26,900.91,898.13,3664.3
2050-11-13 05:00:00,1949.351,784.512,939.85,3673.713
2050-11-13 06:00:00,2107.272,711.879,976.7,3795.851
2050-11-13 07:00:00,2179.526,738.996,950.47,3868.992
2050-11-13 08:00:00,2241.921,840.064,648.26,3730.245
2050-11-13 09:00:00,2287.547,1015.821,363.96,3667.328
2050-11-13 10:00:00,2300.817,1063.275,149.77,3513.863
2050-11-13 11:00:00,2301.654,1107.527,15.21,3424.391
2050-11-13 12:00:00,2305.033,1149.25,8.27,3462.553
2050-11-13 13:00:00,2305.305,1165.433,18.27,3489.008
2050-11-13 14:00:00,2333.61,1162.018,61.79,3557.417
2050-11-13 15:00:00,2380.749,1170.957,168.26,3719.966
2050-11-13 16:00:00,2526.887,1252.966,137.02,3916.873
2050-11-13 17:00:00,2738.337,1376.055,46.84,4161.233
2050-11-13 18:00:00,2821.872,1638.578,10.29,4470.741
2050-11-13 19:00:00,2871.278,1728.009,1.81,4601.097
2050-11-13 20:00:00,2829.567,1777.696,8.37,4615.633
2050-11-13 21:00:00,2625.419,1857.42,58.96,4541.799
2050-11-13 22:00:00,2430.564,1769.074,151.75,4351.388
2050-11-13 23:00:00,2213.944,1647.194,247.74,4108.878
2050-11-14 00:00:00,2028.918,1450.951,342.83,3822.699
2050-11-14 01:00:00,1927.625,1366.076,437.85,3731.551
2050-11-14 02:00:00,1868.784,1153.025,524.18,3545.989
2050-11-14 03:00:00,1843.281,1026.036,601.73,3471.047
2050-11-14 04:00:00,1865.26,900.91,669.99,3436.16
2050-11-14 05:00:00,1949.351,784.512,731.31,3465.173
2050-11-14 06:00:00,2108.169,711.879,780.79,3600.838
2050-11-14 07:00:00,2179.553,738.996,766.45,3684.999
2050-11-14 08:00:00,2241.921,840.064,494.83,3576.815
2050-11-14 09:00:00,2287.547,1015.821,258.75,3562.118
2050-11-14 10:00:00,2300.817,1063.275,74.12,3438.213
2050-11-14 11:00:00,2301.654,1107.527,10.05,3419.231
2050-11-14 12:00:00,2305.033,1149.25,12.41,3466.693
2050-11-14 13:00:00,2305.305,1165.433,23.77,3494.508
2050-11-14 14:00:00,2333.61,1162.018,36.2,3531.827
2050-11-14 15:00:00,2380.749,1170.957,51.57,3603.276
2050-11-14 16:00:00,2528.811,1252.966,47.83,3829.607
2050-11-14 17:00:00,2738.337,1376.055,30.06,4144.453
2050-11-14 18:00:00,2821.872,1638.578,8.13,4468.581
2050-11-14 19:00:00,2871.278,1728.009,4.44,4603.727
2050-11-14 20:00:00,2829.567,1777.696,28.79,4636.053
2050-11-14 21:00:00,2625.419,1857.42,77.81,4560.649
2050-11-14 22:00:00,2430.564,1769.074,143.92,4343.558
2050-11-14 23:00:00,2213.944,1647.194,210.11,4071.248
2050-11-15 00:00:00,2028.918,1450.951,267.94,3747.809
2050-11-15 01:00:00,1927.625,1366.076,318.52,3612.221
2050-11-15 02:00:00,1868.784,1153.025,362.79,3384.599
2050-11-15 03:00:00,1843.281,1026.036,407.67,3276.987
2050-11-15 04:00:00,1865.26,900.91,441.6,3207.77
2050-11-15 05:00:00,1949.351,784.512,461.33,3195.193
2050-11-15 06:00:00,2108.864,711.879,471.56,3292.303
2050-11-15 07:00:00,2179.581,738.996,424.48,3343.057
2050-11-15 08:00:00,2241.921,840.064,259.3,3341.285
2050-11-15 09:00:00,2287.547,1015.821,185.28,3488.648
2050-11-15 10:00:00,2300.817,1063.275,128.39,3492.483
2050-11-15 11:00:00,2301.654,1107.527,62.97,3472.151
2050-11-15 12:00:00,2305.033,1149.25,34.14,3488.423
2050-11-15 13:00:00,2305.305,1165.433,17.91,3488.648
2050-11-15 14:00:00,2333.61,1162.018,21.18,3516.807
2050-11-15 15:00:00,2380.749,1170.957,28.7,3580.406
2050-11-15 16:00:00,2530.499,1252.966,31.68,3815.145
2050-11-15 17:00:00,2738.337,1376.055,23.79,4138.183
2050-11-15 18:00:00,2821.872,1638.578,5.95,4466.401
2050-11-15 19:00:00,2871.278,1728.009,14.83,4614.117
2050-11-15 20:00:00,2829.567,1777.696,45.53,4652.793
2050-11-15 21:00:00,2625.419,1857.42,86.79,4569.629
2050-11-15 22:00:00,2430.564,1769.074,134.04,4333.678
2050-11-15 23:00:00,2213.944,1647.194,181.09,4042.228
2050-11-16 00:00:00,2028.918,1450.951,244.33,3724.199
2050-11-16 01:00:00,1927.625,1366.076,307.82,3601.521
2050-11-16 02:00:00,1868.784,1153.025,371.51,3393.319
2050-11-16 03:00:00,1843.281,1026.036,425.21,3294.527
2050-11-16 04:00:00,1865.26,900.91,457.97,3224.14
2050-11-16 05:00:00,1949.351,784.512,479.48,3213.343
2050-11-16 06:00:00,2109.704,711.879,490.01,3311.593
2050-11-16 07:00:00,2179.608,738.996,444.28,3362.884
2050-11-16 08:00:00,2241.921,840.064,340.4,3422.385
2050-11-16 09:00:00,2287.547,1015.821,255.77,3559.138
2050-11-16 10:00:00,2300.817,1063.275,100.66,3464.753
2050-11-16 11:00:00,2301.654,1107.527,22.94,3432.121
2050-11-16 12:00:00,2305.033,1149.25,11.39,3465.673
2050-11-16 13:00:00,2305.305,1165.433,16.9,3487.638
2050-11-16 14:00:00,2333.61,1162.018,23.69,3519.317
2050-11-16 15:00:00,2380.749,1170.957,27.26,3578.966
2050-11-16 16:00:00,2532.152,1252.966,25.74,3810.858
2050-11-16 17:00:00,2738.337,1376.055,21.33,4135.723
2050-11-16 18:00:00,2821.872,1638.578,5.16,4465.611
2050-11-16 19:00:00,2871.278,1728.009,7.5,4606.787
2050-11-16 20:00:00,2829.567,1777.696,20.46,4627.723
2050-11-16 21:00:00,2625.419,1857.42,34.92,4517.759
2050-11-16 22:00:00,2430.564,1769.074,38.97,4238.608
2050-11-16 23:00:00,2213.944,1647.194,36.55,3897.688
2050-11-17 00:00:00,2028.918,1450.951,29.37,3509.239
2050-11-17 01:00:00,1927.625,1366.076,21.1,3314.801
2050-11-17 02:00:00,1868.784,1153.025,14.35,3036.159
2050-11-17 03:00:00,1843.281,1026.036,9.65,2878.967
2050-11-17 04:00:00,1865.26,900.91,5.37,2771.54
2050-11-17 05:00:00,1949.351,784.512,4.18,2738.043
2050-11-17 06:00:00,2110.453,711.879,3.88,2826.212
2050-11-17 07:00:00,2179.635,738.996,11.81,2930.441
2050-11-17 08:00:00,2241.921,840.064,33.03,3115.015
2050-11-17 09:00:00,2287.547,1015.821,47.39,3350.758
2050-11-17 10:00:00,2300.817,1063.275,110.32,3474.413
2050-11-17 11:00:00,2301.654,1107.527,155.12,3564.301
2050-11-17 12:00:00,2305.033,1149.25,90.56,3544.843
2050-11-17 13:00:00,2305.305,1165.433,96.25,3566.988
2050-11-17 14:00:00,2333.61,1162.018,119.6,3615.227
2050-11-17 15:00:00,2380.749,1170.957,107.39,3659.096
2050-11-17 16:00:00,2534.017,1252.966,47.39,3834.373
2050-11-17 17:00:00,2738.337,1376.055,21.93,4136.323
2050-11-17 18:00:00,2821.872,1638.578,10.68,4471.131
2050-11-17 19:00:00,2871.278,1728.009,77.07,4676.357
2050-11-17 20:00:00,2829.567,1777.696,195.15,4802.413
2050-11-17 21:00:00,2625.419,1857.42,323.03,4805.869
2050-11-17 22:00:00,2430.564,1769.074,445.79,4645.428
2050-11-17 23:00:00,2213.944,1647.194,555.68,4416.818
2050-11-18 00:00:00,2028.918,1450.951,652.09,4131.959
2050-11-18 01:00:00,1927.625,1366.076,735.56,4029.261
2050-11-18 02:00:00,1868.784,1153.025,808.84,3830.649
2050-11-18 03:00:00,1843.281,1026.036,872.8,3742.117
2050-11-18 04:00:00,1865.26,900.91,933.44,3699.61
2050-11-18 05:00:00,1949.351,784.512,992.14,3726.003
2050-11-18 06:00:00,2111.244,711.879,1049.06,3872.183
2050-11-18 07:00:00,2179.756,738.996,1051.82,3970.572
2050-11-18 08:00:00,2241.921,840.064,807.36,3889.345
2050-11-18 09:00:00,2287.547,1015.821,586.84,3890.208
2050-11-18 10:00:00,2300.817,1063.275,382.96,3747.053
2050-11-18 11:00:00,2301.654,1107.527,228.74,3637.921
2050-11-18 12:00:00,2305.033,1149.25,115.57,3569.853
2050-11-18 13:00:00,2305.305,1165.433,32.99,3503.728
2050-11-18 14:00:00,2333.61,1162.018,11.1,3506.727
2050-11-18 15:00:00,2380.749,1170.957,11.68,3563.386
2050-11-18 16:00:00,2535.661,1252.966,14.95,3803.577
2050-11-18 17:00:00,2738.337,1376.055,54.66,4169.053
2050-11-18 18:00:00,2821.872,1638.578,152.93,4613.381
2050-11-18 19:00:00,2871.278,1728.009,280.27,4879.557
2050-11-18 20:00:00,2829.567,1777.696,384.09,4991.353
2050-11-18 21:00:00,2625.419,1857.42,487.79,4970.629
2050-11-18 22:00:00,2430.564,1769.074,598.79,4798.428
2050-11-18 23:00:00,2213.944,1647.194,688.61,4549.748
2050-11-19 00:00:00,2028.918,1450.951,800.8,4280.669
2050-11-19 01:00:00,1927.625,1366.076,904.3,4198.001
2050-11-19 02:00:00,1868.784,1153.025,1010.55,4032.359
2050-11-19 03:00:00,1843.281,1026.036,1108.18,3977.497
2050-11-19 04:00:00,1865.26,900.91,1188.19,3954.36
2050-11-19 05:00:00,1949.351,784.512,1255.14,3989.003
2050-11-19 06:00:00,2111.954,711.879,1323.92,4147.753
2050-11-19 07:00:00,2179.849,738.996,1339.65,4258.495
2050-11-19 08:00:00,2241.921,840.064,1113.9,4195.885
2050-11-19 09:00:00,2287.547,1015.821,949.5,4252.868
2050-11-19 10:00:00,2300.817,1063.275,792.53,4156.623
2050-11-19 11:00:00,2301.654,1107.527,671.29,4080.471
2050-11-19 12:00:00,2305.033,1149.25,573.75,4028.033
2050-11-19 13:00:00,2305.305,1165.433,438.54,3909.278
2050-11-19 14:00:00,2333.61,1162.018,325.91,3821.537
2050-11-19 15:00:00,2380.749,1170.957,268.2,3819.906
2050-11-19 16:00:00,2537.355,1252.966,338.97,4129.291
2050-11-19 17:00:00,2738.337,1376.055,546.36,4660.753
2050-11-19 18:00:00,2821.872,1638.578,802.22,5262.671
2050-11-19 19:00:00,2871.278,1728.009,993.01,5592.297
2050-11-19 20:00:00,2829.567,1777.696,1108.78,5716.043
2050-11-19 21:00:00,2625.419,1857.42,1206.63,5689.469
2050-11-19 22:00:00,2430.564,1769.074,1293.99,5493.628
2050-11-19 23:00:00,2213.944,1647.194,1362.26,5223.398
2050-11-20 00:00:00,2028.918,1450.951,1417.98,4897.849
2050-11-20 01:00:00,1927.625,1366.076,1462.71,4756.411
2050-11-20 02:00:00,1868.784,1153.025,1504.0,4525.809
2050-11-20 03:00:00,1843.281,1026.036,1531.58,4400.897
2050-11-20 04:00:00,1865.26,900.91,1544.55,4310.72
2050-11-20 05:00:00,1949.351,784.512,1535.59,4269.453
2050-11-20 06:00:00,2112.643,711.879,1507.29,4331.812
2050-11-20 07:00:00,2180.0,738.996,1401.94,4320.937
2050-11-20 08:00:00,2241.921,840.064,1158.05,4240.035
2050-11-20 09:00:00,2287.547,1015.821,999.0,4302.368
2050-11-20 10:00:00,2300.817,1063.275,824.99,4189.083
2050-11-20 11:00:00,2301.654,1107.527,660.77,4069.951
2050-11-20 12:00:00,2305.033,1149.25,528.18,3982.463
2050-11-20 13:00:00,2305.305,1165.433,396.03,3866.768
2050-11-20 14:00:00,2333.61,1162.018,285.78,3781.407
2050-11-20 15:00:00,2380.749,1170.957,241.54,3793.246
2050-11-20 16:00:00,2538.365,1252.966,276.61,4067.941
2050-11-20 17:00:00,2738.337,1376.055,371.38,4485.773
2050-11-20 18:00:00,2821.872,1638.578,534.92,4995.371
2050-11-20 19:00:00,2871.278,1728.009,670.26,5269.547
2050-11-20 20:00:00,2829.567,1777.696,769.73,5376.993
2050-11-20 21:00:00,2625.419,1857.42,881.82,5364.659
2050-11-20 22:00:00,2430.564,1769.074,986.95,5186.588
2050-11-20 23:00:00,2213.944,1647.194,1080.99,4942.128
2050-11-21 00:00:00,2028.918,1450.951,1152.8,4632.669
2050-11-21 01:00:00,1927.625,1366.076,1221.41,4515.111
2050-11-21 02:00:00,1868.784,1153.025,1319.61,4341.419
2050-11-21 03:00:00,1843.281,1026.036,1405.22,4274.537
2050-11-21 04:00:00,1865.26,900.91,1491.48,4257.65
2050-11-21 05:00:00,1949.351,784.512,1580.65,4314.513
2050-11-21 06:00:00,2113.283,711.879,1656.88,4482.043
2050-11-21 07:00:00,2180.149,738.996,1669.36,4588.505
2050-11-21 08:00:00,2241.921,840.064,1435.78,4517.765
2050-11-21 09:00:00,2287.547,1015.821,1240.39,4543.758
2050-11-21 10:00:00,2300.817,1063.275,1051.77,4415.863
2050-11-21 11:00:00,2301.654,1107.527,870.52,4279.701
2050-11-21 12:00:00,2305.033,1149.25,720.08,4174.363
2050-11-21 13:00:00,2305.305,1165.433,530.29,4001.028
2050-11-21 14:00:00,2333.61,1162.018,358.77,3854.397
2050-11-21 15:00:00,2380.749,1170.957,261.93,3813.636
2050-11-21 16:00:00,2540.144,1252.966,307.61,4100.72
2050-11-21 17:00:00,2738.337,1376.055,482.67,4597.063
2050-11-21 18:00:00,2821.872,1638.578,730.56,5191.011
2050-11-21 19:00:00,2871.278,1728.009,916.57,5515.857
2050-11-21 20:00:00,2829.567,1777.696,1010.74,5618.003
2050-11-21 21:00:00,2625.419,1857.42,1052.49,5535.329
2050-11-21 22:00:00,2430.564,1769.074,1069.77,5269.408
2050-11-21 23:00:00,2213.944,1647.194,1047.84,4908.978
2050-11-22 00:00:00,2028.918,1450.951,1010.02,4489.889
2050-11-22 01:00:00,1927.625,1366.076,964.18,4257.881
2050-11-22 02:00:00,1868.784,1153.025,912.68,3934.489
2050-11-22 03:00:00,1843.281,1026.036,865.8,3735.117
2050-11-22 04:00:00,1865.26,900.91,815.61,3581.78
2050-11-22 05:00:00,1949.351,784.512,775.62,3509.483
2050-11-22 06:00:00,2113.974,711.879,740.33,3566.183
2050-11-22 07:00:00,2180.35,738.996,665.51,3584.856
2050-11-22 08:00:00,2241.921,840.064,493.92,3575.905
2050-11-22 09:00:00,2287.547,1015.821,283.3,3586.668
2050-11-22 10:00:00,2300.817,1063.275,93.69,3457.783
2050-11-22 11:00:00,2301.654,1107.527,18.72,3427.901
2050-11-22 12:00:00,2305.033,1149.25,9.1,3463.383
2050-11-22 13:00:00,2305.305,1165.433,20.19,3490.928
2050-11-22 14:00:00,2333.61,1162.018,63.81,3559.437
2050-11-22 15:00:00,2380.749,1170.957,137.17,3688.876
2050-11-22 16:00:00,2541.577,1252.966,127.2,3921.743
2050-11-22 17:00:00,2738.337,1376.055,59.39,4173.783
2050-11-22 18:00:00,2821.872,1638.578,13.21,4473.661
2050-11-22 19:00:00,2871.278,1728.009,2.91,4602.197
2050-11-22 20:00:00,2829.567,1777.696,2.24,4609.503
2050-11-22 21:00:00,2625.419,1857.42,5.54,4488.379
2050-11-22 22:00:00,2430.564,1769.074,14.58,4214.218
2050-11-22 23:00:00,2213.944,1647.194,29.41,3890.548
2050-11-23 00:00:00,2028.918,1450.951,55.24,3535.109
2050-11-23 01:00:00,1927.625,1366.076,92.42,3386.121
2050-11-23 02:00:00,1868.784,1153.025,141.38,3163.189
2050-11-23 03:00:00,1843.281,1026.036,198.65,3067.967
2050-11-23 04:00:00,1865.26,900.91,261.31,3027.48
2050-11-23 05:00:00,1949.351,784.512,324.72,3058.583
2050-11-23 06:00:00,2114.526,711.879,387.61,3214.016
2050-11-23 07:00:00,2180.593,738.996,403.36,3322.949
2050-11-23 08:00:00,2241.921,840.064,229.47,3311.455
2050-11-23 09:00:00,2287.547,1015.821,74.36,3377.728
2050-11-23 10:00:00,2300.817,1063.275,13.04,3377.133
2050-11-23 11:00:00,2301.654,1107.527,16.13,3425.311
2050-11-23 12:00:00,2305.033,1149.25,25.23,3479.513
2050-11-23 13:00:00,2305.305,1165.433,37.85,3508.588
2050-11-23 14:00:00,2333.61,1162.018,49.54,3545.167
2050-11-23 15:00:00,2380.749,1170.957,55.5,3607.206
2050-11-23 16:00:00,2542.383,1252.966,47.38,3842.729
2050-11-23 17:00:00,2738.337,1376.055,34.07,4148.463
2050-11-23 18:00:00,2821.872,1638.578,11.32,4471.771
2050-11-23 19:00:00,2871.278,1728.009,3.23,4602.517
2050-11-23 20:00:00,2829.567,1777.696,5.07,4612.333
2050-11-23 21:00:00,2625.419,1857.42,22.18,4505.019
2050-11-23 22:00:00,2430.564,1769.074,70.48,4270.118
2050-11-23 23:00:00,2213.944,1647.194,201.68,4062.818
2050-11-24 00:00:00,2028.918,1450.951,373.22,3853.089
2050-11-24 01:00:00,1927.625,1366.076,551.28,3844.981
2050-11-24 02:00:00,1868.784,1153.025,736.64,3758.449
2050-11-24 03:00:00,1843.281,1026.036,895.13,3764.447
2050-11-24 04:00:00,1865.26,900.91,1039.48,3805.65
2050-11-24 05:00:00,1949.351,784.512,1170.72,3904.583
2050-11-24 06:00:00,2115.121,711.879,1274.86,4101.861
2050-11-24 07:00:00,2180.77,738.996,1313.71,4233.476
2050-11-24 08:00:00,2241.921,840.064,1121.4,4203.385
2050-11-24 09:00:00,2287.547,1015.821,943.08,4246.448
2050-11-24 10:00:00,2300.817,1063.275,802.42,4166.513
2050-11-24 11:00:00,2301.654,1107.527,701.17,4110.351
2050-11-24 12:00:00,2305.033,1149.25,628.69,4082.973
2050-11-24 13:00:00,2305.305,1165.433,506.88,3977.618
2050-11-24 14:00:00,2333.61,1162.018,396.45,3892.077
2050-11-24 15:00:00,2380.749,1170.957,344.72,3896.426
2050-11-24 16:00:00,2543.798,1252.966,440.88,4237.644
2050-11-24 17:00:00,2738.337,1376.055,656.33,4770.723
2050-11-24 18:00:00,2821.872,1638.578,907.01,5367.461
2050-11-24 19:00:00,2871.278,1728.009,1088.37,5687.657
2050-11-24 20:00:00,2829.567,1777.696,1208.58,5815.843
2050-11-24 21:00:00,2625.419,1857.42,1306.87,5789.709
2050-11-24 22:00:00,2430.564,1769.074,1392.05,5591.688
2050-11-24 23:00:00,2213.944,1647.194,1457.95,5319.088
2050-11-25 00:00:00,2028.918,1450.951,1518.6,4998.469
2050-11-25 01:00:00,1927.625,1366.076,1584.97,4878.671
2050-11-25 02:00:00,1868.784,1153.025,1660.56,4682.369
2050-11-25 03:00:00,1843.281,1026.036,1717.7,4587.017
2050-11-25 04:00:00,1865.26,900.91,1768.34,4534.51
2050-11-25 05:00:00,1949.351,784.512,1806.92,4540.783
2050-11-25 06:00:00,2115.722,711.879,1834.49,4662.092
2050-11-25 07:00:00,2180.947,738.996,1800.49,4720.433
2050-11-25 08:00:00,2241.921,840.064,1618.56,4700.545
2050-11-25 09:00:00,2287.547,1015.821,1476.84,4780.208
2050-11-25 10:00:00,2300.817,1063.275,1325.08,4689.173
2050-11-25 11:00:00,2301.654,1107.527,1175.77,4584.951
2050-11-25 12:00:00,2305.033,1149.25,1036.42,4490.703
2050-11-25 13:00:00,2305.305,1165.433,872.26,4342.998
2050-11-25 14:00:00,2333.61,1162.018,741.46,4237.087
2050-11-25 15:00:00,2380.749,1170.957,674.24,4225.946
2050-11-25 16:00:00,2544.736,1252.966,692.56,4490.262
2050-11-25 17:00:00,2738.337,1376.055,749.08,4863.473
2050-11-25 18:00:00,2821.872,1638.578,905.02,5365.471
2050-11-25 19:00:00,2871.278,1728.009,1000.38,5599.667
2050-11-25 20:00:00,2829.567,1777.696,1050.58,5657.843
2050-11-25 21:00:00,2625.419,1857.42,1083.04,5565.879
2050-11-25 22:00:00,2430.564,1769.074,1112.43,5312.068
2050-11-25 23:00:00,2213.944,1647.194,1117.82,4978.958
2050-11-26 00:00:00,2028.918,1450.951,1089.06,4568.929
2050-11-26 01:00:00,1927.625,1366.076,1038.3,4332.001
2050-11-26 02:00:00,1868.784,1153.025,991.14,4012.949
2050-11-26 03:00:00,1843.281,1026.036,921.83,3791.147
2050-11-26 04:00:00,1865.26,900.91,844.11,3610.28
2050-11-26 05:00:00,1949.351,784.512,774.64,3508.503
2050-11-26 06:00:00,2116.251,711.879,737.39,3565.52
2050-11-26 07:00:00,2181.237,738.996,646.06,3566.293
2050-11-26 08:00:00,2241.921,840.064,429.94,3511.925
2050-11-26 09:00:00,2287.547,1015.821,362.72,3666.088
2050-11-26 10:00:00,2300.817,1063.275,332.93,3697.023
2050-11-26 11:00:00,2301.654,1107.527,294.55,3703.731
2050-11-26 12:00:00,2305.033,1149.25,202.28,3656.563
2050-11-26 13:00:00,2305.305,1165.433,95.8,3566.538
2050-11-26 14:00:00,2333.61,1162.018,62.62,3558.247
2050-11-26 15:00:00,2380.749,1170.957,97.77,3649.476
2050-11-26 16:00:00,2546.117,1252.966,221.66,4020.743
2050-11-26 17:00:00,2738.337,1376.055,428.84,4543.233
2050-11-26 18:00:00,2821.872,1638.578,700.95,5161.401
2050-11-26 19:00:00,2871.278,1728.009,940.89,5540.177
2050-11-26 20:00:00,2829.567,1777.696,1098.81,5706.073
2050-11-26 21:00:00,2625.419,1857.42,1238.91,5721.749
2050-11-26 22:00:00,2430.564,1769.074,1360.18,5559.818
2050-11-26 23:00:00,2213.944,1647.194,1474.19,5335.328
2050-11-27 00:00:00,2028.918,1450.951,1581.08,5060.949
2050-11-27 01:00:00,1927.625,1366.076,1681.51,4975.211
2050-11-27 02:00:00,1868.784,1153.025,1774.48,4796.289
2050-11-27 03:00:00,1843.281,1026.036,1864.21,4733.527
2050-11-27 04:00:00,1865.26,900.91,1948.61,4714.78
2050-11-27 05:00:00,1949.351,784.512,2024.96,4758.823
2050-11-27 06:00:00,2116.78,711.879,2092.08,4920.739
2050-11-27 07:00:00,2181.469,738.996,2097.44,5017.905
2050-11-27 08:00:00,2241.921,840.064,1890.86,4972.845
2050-11-27 09:00:00,2287.547,1015.821,1676.08,4979.448
2050-11-27 10:00:00,2300.817,1063.275,1470.77,4834.863
2050-11-27 11:00:00,2301.654,1107.527,1287.23,4696.411
2050-11-27 12:00:00,2305.033,1149.25,1123.49,4577.773
2050-11-27 13:00:00,2305.305,1165.433,935.16,4405.898
2050-11-27 14:00:00,2333.61,1162.018,757.64,4253.267
2050-11-27 15:00:00,2380.749,1170.957,657.59,4209.296
2050-11-27 16:00:00,2546.729,1252.966,739.37,4539.065
2050-11-27 17:00:00,2738.337,1376.055,925.58,5039.973
2050-11-27 18:00:00,2821.872,1638.578,1153.33,5613.781
2050-11-27 19:00:00,2871.278,1728.009,1317.61,5916.897
2050-11-27 20:00:00,2829.567,1777.696,1417.97,6025.233
2050-11-27 21:00:00,2625.419,1857.42,1503.21,5986.049
2050-11-27 22:00:00,2430.564,1769.074,1575.99,5775.628
2050-11-27 23:00:00,2213.944,1647.194,1636.07,5497.208
2050-11-28 00:00:00,2028.918,1450.951,1680.42,5160.289
2050-11-28 01:00:00,1927.625,1366.076,1704.74,4998.441
2050-11-28 02:00:00,1868.784,1153.025,1716.58,4738.389
2050-11-28 03:00:00,1843.281,1026.036,1734.84,4604.157
2050-11-28 04:00:00,1865.26,900.91,1754.44,4520.61
2050-11-28 05:00:00,1949.351,784.512,1765.48,4499.343
2050-11-28 06:00:00,2117.228,711.879,1786.69,4615.797
2050-11-28 07:00:00,2181.756,738.996,1758.43,4679.182
2050-11-28 08:00:00,2241.921,840.064,1530.56,4612.545
2050-11-28 09:00:00,2287.547,1015.821,1275.15,4578.518
2050-11-28 10:00:00,2300.817,1063.275,1044.88,4408.973
2050-11-28 11:00:00,2301.654,1107.527,841.64,4250.821
2050-11-28 12:00:00,2305.033,1149.25,675.98,4130.263
2050-11-28 13:00:00,2305.305,1165.433,483.8,3954.538
2050-11-28 14:00:00,2333.61,1162.018,317.42,3813.047
2050-11-28 15:00:00,2380.749,1170.957,225.82,3777.526
2050-11-28 16:00:00,2547.628,1252.966,270.77,4071.364
2050-11-28 17:00:00,2738.337,1376.055,429.19,4543.583
2050-11-28 18:00:00,2821.872,1638.578,657.37,5117.821
2050-11-28 19:00:00,2871.278,1728.009,830.97,5430.257
2050-11-28 20:00:00,2829.567,1777.696,944.1,5551.363
2050-11-28 21:00:00,2625.419,1857.42,1037.25,5520.089
2050-11-28 22:00:00,2430.564,1769.074,1123.68,5323.318
2050-11-28 23:00:00,2213.944,1647.194,1204.63,5065.768
2050-11-29 00:00:00,2028.918,1450.951,1283.81,4763.679
2050-11-29 01:00:00,1927.625,1366.076,1340.15,4633.851
2050-11-29 02:00:00,1868.784,1153.025,1386.51,4408.319
2050-11-29 03:00:00,1843.281,1026.036,1423.09,4292.407
2050-11-29 04:00:00,1865.26,900.91,1457.14,4223.31
2050-11-29 05:00:00,1949.351,784.512,1484.99,4218.853
2050-11-29 06:00:00,2117.633,711.879,1508.44,4337.953
2050-11-29 07:00:00,2182.173,738.996,1476.65,4397.819
2050-11-29 08:00:00,2241.921,840.064,1248.15,4330.135
2050-11-29 09:00:00,2287.547,1015.821,965.98,4269.348
2050-11-29 10:00:00,2300.817,1063.275,694.48,4058.573
2050-11-29 11:00:00,2301.654,1107.527,472.2,3881.381
2050-11-29 12:00:00,2305.033,1149.25,305.6,3759.883
2050-11-29 13:00:00,2305.305,1165.433,185.5,3656.238
2050-11-29 14:00:00,2333.61,1162.018,144.15,3639.777
2050-11-29 15:00:00,2380.749,1170.957,153.99,3705.696
2050-11-29 16:00:00,2548.417,1252.966,194.74,3996.123
2050-11-29 17:00:00,2738.337,1376.055,282.96,4397.353
2050-11-29 18:00:00,2821.872,1638.578,458.34,4918.791
2050-11-29 19:00:00,2871.278,1728.009,580.64,5179.927
2050-11-29 20:00:00,2829.567,1777.696,630.12,5237.383
2050-11-29 21:00:00,2625.419,1857.42,665.24,5148.079
2050-11-29 22:00:00,2430.564,1769.074,703.13,4902.768
2050-11-29 23:00:00,2213.944,1647.194,748.23,4609.368
2050-11-30 00:00:00,2028.918,1450.951,804.29,4284.159
2050-11-30 01:00:00,1927.625,1366.076,824.13,4117.831
2050-11-30 02:00:00,1868.784,1153.025,878.38,3900.189
2050-11-30 03:00:00,1843.281,1026.036,918.31,3787.627
2050-11-30 04:00:00,1865.26,900.91,940.47,3706.64
2050-11-30 05:00:00,1949.351,784.512,931.54,3665.403
2050-11-30 06:00:00,2118.144,711.879,923.01,3753.033
2050-11-30 07:00:00,2182.75,738.996,848.06,3769.806
2050-11-30 08:00:00,2241.921,840.064,693.74,3775.725
2050-11-30 09:00:00,2287.547,1015.821,603.52,3906.888
2050-11-30 10:00:00,2300.817,1063.275,441.69,3805.783
2050-11-30 11:00:00,2301.654,1107.527,291.98,3701.161
2050-11-30 12:00:00,2305.033,1149.25,162.24,3616.523
2050-11-30 13:00:00,2305.305,1165.433,69.28,3540.018
2050-11-30 14:00:00,2333.61,1162.018,24.02,3519.647
2050-11-30 15:00:00,2380.749,1170.957,20.11,3571.816
2050-11-30 16:00:00,2549.111,1252.966,23.84,3825.917
2050-11-30 17:00:00,2738.337,1376.055,30.7,4145.093
2050-11-30 18:00:00,2821.872,1638.578,64.56,4525.011
2050-11-30 19:00:00,2871.278,1728.009,30.39,4629.677
2050-11-30 20:00:00,2829.567,1777.696,40.29,4647.553
2050-11-30 21:00:00,2625.419,1857.42,45.89,4528.729
2050-11-30 22:00:00,2430.564,1769.074,49.42,4249.058
2050-11-30 23:00:00,2213.944,1647.194,50.64,3911.778
2050-12-01 00:00:00,2028.918,1404.146,50.96,3484.024
2050-12-01 01:00:00,1927.625,1322.009,48.53,3298.164
2050-12-01 02:00:00,1868.784,1115.831,44.25,3028.865
2050-12-01 03:00:00,1843.281,992.938,37.45,2873.669
2050-12-01 04:00:00,1865.26,871.848,34.15,2771.259
2050-12-01 05:00:00,1949.351,759.205,29.12,2737.676
2050-12-01 06:00:00,2118.144,688.915,26.36,2833.419
2050-12-01 07:00:00,2183.328,715.158,14.44,2912.925
2050-12-01 08:00:00,2241.921,812.965,11.98,3066.866
2050-12-01 09:00:00,2287.547,983.053,14.49,3285.089
2050-12-01 10:00:00,2300.817,1028.976,18.11,3347.903
2050-12-01 11:00:00,2301.654,1071.8,20.37,3393.824
2050-12-01 12:00:00,2305.033,1112.178,22.64,3439.851
2050-12-01 13:00:00,2305.305,1127.838,24.96,3458.103
2050-12-01 14:00:00,2333.61,1124.533,27.42,3485.563
2050-12-01 15:00:00,2380.749,1133.184,29.5,3543.434
2050-12-01 16:00:00,2550.028,1212.548,32.18,3794.756
2050-12-01 17:00:00,2738.337,1331.667,29.89,4099.894
2050-12-01 18:00:00,2821.872,1585.721,3.93,4411.523
2050-12-01 19:00:00,2871.278,1672.266,35.3,4578.845
2050-12-01 20:00:00,2829.567,1720.351,214.91,4764.828
2050-12-01 21:00:00,2625.419,1797.503,427.76,4850.682
2050-12-01 22:00:00,2430.564,1712.007,638.16,4780.731
2050-12-01 23:00:00,2213.944,1594.058,836.71,4644.712
2050-12-02 00:00:00,2028.918,1404.146,1017.3,4450.364
2050-12-02 01:00:00,1927.625,1322.009,1192.04,4441.674
2050-12-02 02:00:00,1868.784,1115.831,1341.15,4325.765
2050-12-02 03:00:00,1843.281,992.938,1472.38,4308.599
2050-12-02 04:00:00,1865.26,871.848,1584.63,4321.739
2050-12-02 05:00:00,1949.351,759.205,1677.17,4385.726
2050-12-02 06:00:00,2118.144,688.915,1754.88,4561.939
2050-12-02 07:00:00,2183.973,715.158,1774.5,4673.631
2050-12-02 08:00:00,2241.921,812.965,1605.72,4660.606
2050-12-02 09:00:00,2287.547,983.053,1405.03,4675.629
2050-12-02 10:00:00,2300.817,1028.976,1202.08,4531.873
2050-12-02 11:00:00,2301.654,1071.8,1020.01,4393.464
2050-12-02 12:00:00,2305.033,1112.178,865.61,4282.821
2050-12-02 13:00:00,2305.305,1127.838,678.52,4111.663
2050-12-02 14:00:00,2333.61,1124.533,514.38,3972.523
2050-12-02 15:00:00,2380.749,1133.184,416.91,3930.844
2050-12-02 16:00:00,2550.415,1212.548,492.78,4255.742
2050-12-02 17:00:00,2738.337,1331.667,683.98,4753.984
2050-12-02 18:00:00,2821.872,1585.721,932.93,5340.523
2050-12-02 19:00:00,2871.278,1672.266,1119.9,5663.445
2050-12-02 20:00:00,2829.567,1720.351,1230.29,5780.208
2050-12-02 21:00:00,2625.419,1797.503,1317.33,5740.252
2050-12-02 22:00:00,2430.564,1712.007,1391.07,5533.641
2050-12-02 23:00:00,2213.944,1594.058,1451.17,5259.172
2050-12-03 00:00:00,2028.918,1404.146,1500.29,4933.354
2050-12-03 01:00:00,1927.625,1322.009,1545.11,4794.744
2050-12-03 02:00:00,1868.784,1115.831,1577.47,4562.085
2050-12-03 03:00:00,1843.281,992.938,1606.82,4443.039
2050-12-03 04:00:00,1865.26,871.848,1623.29,4360.399
2050-12-03 05:00:00,1949.351,759.205,1639.64,4348.196
2050-12-03 06:00:00,2118.144,688.915,1656.14,4463.199
2050-12-03 07:00:00,2184.7,715.158,1626.31,4526.167
2050-12-03 08:00:00,2241.921,812.965,1465.43,4520.316
2050-12-03 09:00:00,2287.547,983.053,1319.65,4590.249
2050-12-03 10:00:00,2300.817,1028.976,1152.27,4482.063
2050-12-03 11:00:00,2301.654,1071.8,993.52,4366.974
2050-12-03 12:00:00,2305.033,1112.178,852.94,4270.151
2050-12-03 13:00:00,2305.305,1127.838,684.62,4117.763
2050-12-03 14:00:00,2333.61,1124.533,536.66,3994.803
2050-12-03 15:00:00,2380.749,1133.184,451.92,3965.854
2050-12-03 16:00:00,2550.592,1212.548,523.61,4286.75
2050-12-03 17:00:00,2738.337,1331.667,698.54,4768.544
2050-12-03 18:00:00,2821.872,1585.721,931.7,5339.293
2050-12-03 19:00:00,2871.278,1672.266,1108.77,5652.315
2050-12-03 20:00:00,2829.567,1720.351,1221.6,5771.518
2050-12-03 21:00:00,2625.419,1797.503,1314.35,5737.272
2050-12-03 22:00:00,2430.564,1712.007,1398.64,5541.211
2050-12-03 23:00:00,2213.944,1594.058,1478.93,5286.932
2050-12-04 00:00:00,2028.918,1404.146,1550.11,4983.174
2050-12-04 01:00:00,1927.625,1322.009,1612.56,4862.194
2050-12-04 02:00:00,1868.784,1115.831,1676.02,4660.635
2050-12-04 03:00:00,1843.281,992.938,1737.12,4573.339
2050-12-04 04:00:00,1865.26,871.848,1790.19,4527.299
2050-12-04 05:00:00,1949.351,759.205,1838.9,4547.456
2050-12-04 06:00:00,2118.144,688.915,1884.42,4691.479
2050-12-04 07:00:00,2185.426,715.158,1875.49,4776.074
2050-12-04 08:00:00,2241.921,812.965,1681.0,4735.886
2050-12-04 09:00:00,2287.547,983.053,1455.96,4726.559
2050-12-04 10:00:00,2300.817,1028.976,1242.95,4572.743
2050-12-04 11:00:00,2301.654,1071.8,1062.01,4435.464
2050-12-04 12:00:00,2305.033,1112.178,924.48,4341.691
2050-12-04 13:00:00,2305.305,1127.838,758.42,4191.563
2050-12-04 14:00:00,2333.61,1124.533,609.56,4067.703
2050-12-04 15:00:00,2380.749,1133.184,531.16,4045.094
2050-12-04 16:00:00,2551.182,1212.548,635.26,4398.99
2050-12-04 17:00:00,2738.337,1331.667,830.33,4900.334
2050-12-04 18:00:00,2821.872,1585.721,1077.4,5484.993
2050-12-04 19:00:00,2871.278,1672.266,1261.73,5805.275
2050-12-04 20:00:00,2829.567,1720.351,1384.25,5934.168
2050-12-04 21:00:00,2625.419,1797.503,1491.25,5914.172
2050-12-04 22:00:00,2430.564,1712.007,1584.81,5727.381
2050-12-04 23:00:00,2213.944,1594.058,1663.69,5471.692
2050-12-05 00:00:00,2028.918,1404.146,1731.37,5164.434
2050-12-05 01:00:00,1927.625,1322.009,1782.51,5032.144
2050-12-05 02:00:00,1868.784,1115.831,1823.45,4808.065
2050-12-05 03:00:00,1843.281,992.938,1865.13,4701.349
2050-12-05 04:00:00,1865.26,871.848,1894.93,4632.039
2050-12-05 05:00:00,1949.351,759.205,1924.13,4632.686
2050-12-05 06:00:00,2118.144,688.915,1952.9,4759.959
2050-12-05 07:00:00,2186.12,715.158,1931.69,4832.967
2050-12-05 08:00:00,2241.921,812.965,1754.22,4809.106
2050-12-05 09:00:00,2287.547,983.053,1572.64,4843.239
2050-12-05 10:00:00,2300.817,1028.976,1417.92,4747.713
2050-12-05 11:00:00,2301.654,1071.8,1286.86,4660.314
2050-12-05 12:00:00,2305.033,1112.178,1174.24,4591.451
2050-12-05 13:00:00,2305.305,1127.838,1072.29,4505.433
2050-12-05 14:00:00,2333.61,1124.533,1004.7,4462.843
2050-12-05 15:00:00,2380.749,1133.184,970.31,4484.244
2050-12-05 16:00:00,2551.416,1212.548,1034.0,4797.963
2050-12-05 17:00:00,2738.337,1331.667,1192.71,5262.714
2050-12-05 18:00:00,2821.872,1585.721,1412.69,5820.283
2050-12-05 19:00:00,2871.278,1672.266,1593.8,6137.345
2050-12-05 20:00:00,2829.567,1720.351,1707.06,6256.978
2050-12-05 21:00:00,2625.419,1797.503,1807.9,6230.822
2050-12-05 22:00:00,2430.564,1712.007,1898.79,6041.361
2050-12-05 23:00:00,2213.944,1594.058,1979.22,5787.222
2050-12-06 00:00:00,2028.918,1404.146,2043.8,5476.864
2050-12-06 01:00:00,1927.625,1322.009,2093.76,5343.394
2050-12-06 02:00:00,1868.784,1115.831,2130.04,5114.655
2050-12-06 03:00:00,1843.281,992.938,2163.05,4999.269
2050-12-06 04:00:00,1865.26,871.848,2186.27,4923.379
2050-12-06 05:00:00,1949.351,759.205,2203.45,4912.006
2050-12-06 06:00:00,2118.144,688.915,2221.78,5028.839
2050-12-06 07:00:00,2186.846,715.158,2188.89,5090.894
2050-12-06 08:00:00,2241.921,812.965,1992.71,5047.596
2050-12-06 09:00:00,2287.547,983.053,1779.8,5050.399
2050-12-06 10:00:00,2300.817,1028.976,1574.3,4904.093
2050-12-06 11:00:00,2301.654,1071.8,1406.16,4779.614
2050-12-06 12:00:00,2305.033,1112.178,1283.76,4700.971
2050-12-06 13:00:00,2305.305,1127.838,1144.81,4577.953
2050-12-06 14:00:00,2333.61,1124.533,1038.17,4496.313
2050-12-06 15:00:00,2380.749,1133.184,1004.89,4518.824
2050-12-06 16:00:00,2552.087,1212.548,1120.29,4884.925
2050-12-06 17:00:00,2738.337,1331.667,1301.21,5371.214
2050-12-06 18:00:00,2821.872,1585.721,1539.72,5947.313
2050-12-06 19:00:00,2871.278,1672.266,1715.01,6258.555
2050-12-06 20:00:00,2829.567,1720.351,1830.2,6380.118
2050-12-06 21:00:00,2625.419,1797.503,1930.92,6353.842
2050-12-06 22:00:00,2430.564,1712.007,2011.49,6154.061
2050-12-06 23:00:00,2213.944,1594.058,2080.33,5888.332
2050-12-07 00:00:00,2028.918,1404.146,2141.74,5574.804
2050-12-07 01:00:00,1927.625,1322.009,2193.7,5443.334
2050-12-07 02:00:00,1868.784,1115.831,2241.54,5226.155
2050-12-07 03:00:00,1843.281,992.938,2282.87,5119.089
2050-12-07 04:00:00,1865.26,871.848,2317.92,5055.029
2050-12-07 05:00:00,1949.351,759.205,2336.76,5045.316
2050-12-07 06:00:00,2118.144,688.915,2351.48,5158.539
2050-12-07 07:00:00,2187.538,715.158,2307.55,5210.246
2050-12-07 08:00:00,2241.921,812.965,2127.06,5181.946
2050-12-07 09:00:00,2287.547,983.053,1928.89,5199.489
2050-12-07 10:00:00,2300.817,1028.976,1703.26,5033.053
2050-12-07 11:00:00,2301.654,1071.8,1502.03,4875.484
2050-12-07 12:00:00,2305.033,1112.178,1339.03,4756.241
2050-12-07 13:00:00,2305.305,1127.838,1145.78,4578.923
2050-12-07 14:00:00,2333.61,1124.533,981.87,4440.013
2050-12-07 15:00:00,2380.749,1133.184,896.49,4410.424
2050-12-07 16:00:00,2552.099,1212.548,996.63,4761.277
2050-12-07 17:00:00,2738.337,1331.667,1179.83,5249.834
2050-12-07 18:00:00,2821.872,1585.721,1419.44,5827.033
2050-12-07 19:00:00,2871.278,1672.266,1600.41,6143.955
2050-12-07 20:00:00,2829.567,1720.351,1714.22,6264.138
2050-12-07 21:00:00,2625.419,1797.503,1816.53,6239.452
2050-12-07 22:00:00,2430.564,1712.007,1908.71,6051.281
2050-12-07 23:00:00,2213.944,1594.058,1990.18,5798.182
2050-12-08 00:00:00,2028.918,1404.146,2059.13,5492.194
2050-12-08 01:00:00,1927.625,1322.009,2115.74,5365.374
2050-12-08 02:00:00,1868.784,1115.831,2164.66,5149.275
2050-12-08 03:00:00,1843.281,992.938,2204.34,5040.559
2050-12-08 04:00:00,1865.26,871.848,2240.17,4977.279
2050-12-08 05:00:00,1949.351,759.205,2274.54,4983.096
2050-12-08 06:00:00,2118.144,688.915,2301.1,5108.159
2050-12-08 07:00:00,2188.179,715.158,2272.74,5176.076
2050-12-08 08:00:00,2241.921,812.965,2087.4,5142.286
2050-12-08 09:00:00,2287.547,983.053,1872.79,5143.389
2050-12-08 10:00:00,2300.817,1028.976,1674.33,5004.123
2050-12-08 11:00:00,2301.654,1071.8,1491.59,4865.044
2050-12-08 12:00:00,2305.033,1112.178,1348.74,4765.951
2050-12-08 13:00:00,2305.305,1127.838,1191.88,4625.023
2050-12-08 14:00:00,2333.61,1124.533,1071.86,4530.003
2050-12-08 15:00:00,2380.749,1133.184,1017.53,4531.464
2050-12-08 16:00:00,2552.099,1212.548,1113.48,4878.127
2050-12-08 17:00:00,2738.337,1331.667,1288.81,5358.814
2050-12-08 18:00:00,2821.872,1585.721,1517.91,5925.503
2050-12-08 19:00:00,2871.278,1672.266,1694.95,6238.495
2050-12-08 20:00:00,2829.567,1720.351,1817.84,6367.758
2050-12-08 21:00:00,2625.419,1797.503,1928.21,6351.132
2050-12-08 22:00:00,2430.564,1712.007,2027.83,6170.401
2050-12-08 23:00:00,2213.944,1594.058,2118.21,5926.212
2050-12-09 00:00:00,2028.918,1404.146,2195.14,5628.204
2050-12-09 01:00:00,1927.625,1322.009,2258.07,5507.704
2050-12-09 02:00:00,1868.784,1115.831,2314.34,5298.955
2050-12-09 03:00:00,1843.281,992.938,2364.33,5200.549
2050-12-09 04:00:00,1865.26,871.848,2407.38,5144.489
2050-12-09 05:00:00,1949.351,759.205,2447.27,5155.826
2050-12-09 06:00:00,2118.144,688.915,2482.89,5289.949
2050-12-09 07:00:00,2188.813,715.158,2462.54,5366.511
2050-12-09 08:00:00,2241.921,812.965,2291.67,5346.556
2050-12-09 09:00:00,2287.547,983.053,2078.56,5349.159
2050-12-09 10:00:00,2300.817,1028.976,1851.1,5180.893
2050-12-09 11:00:00,2301.654,1071.8,1656.46,5029.914
2050-12-09 12:00:00,2305.033,1112.178,1512.83,4930.041
2050-12-09 13:00:00,2305.305,1127.838,1365.87,4799.013
2050-12-09 14:00:00,2333.61,1124.533,1244.44,4702.583
2050-12-09 15:00:00,2380.749,1133.184,1191.85,4705.784
2050-12-09 16:00:00,2552.099,1212.548,1306.76,5071.407
2050-12-09 17:00:00,2738.337,1331.667,1495.0,5565.004
2050-12-09 18:00:00,2821.872,1585.721,1734.26,6141.853
2050-12-09 19:00:00,2871.278,1672.266,1903.59,6447.135
2050-12-09 20:00:00,2829.567,1720.351,2017.39,6567.308
2050-12-09 21:00:00,2625.419,1797.503,2108.27,6531.192
2050-12-09 22:00:00,2430.564,1712.007,2187.82,6330.391
2050-12-09 23:00:00,2213.944,1594.058,2254.34,6062.342
2050-12-10 00:00:00,2028.918,1404.146,2305.32,5738.384
2050-12-10 01:00:00,1927.625,1322.009,2334.02,5583.654
2050-12-10 02:00:00,1868.784,1115.831,2363.07,5347.685
2050-12-10 03:00:00,1843.281,992.938,2386.26,5222.479
2050-12-10 04:00:00,1865.26,871.848,2400.13,5137.239
2050-12-10 05:00:00,1949.351,759.205,2422.18,5130.736
2050-12-10 06:00:00,2118.144,688.915,2444.64,5251.699
2050-12-10 07:00:00,2189.36,715.158,2412.76,5317.278
2050-12-10 08:00:00,2241.921,812.965,2245.95,5300.836
2050-12-10 09:00:00,2287.547,983.053,2060.15,5330.749
2050-12-10 10:00:00,2300.817,1028.976,1923.51,5253.303
2050-12-10 11:00:00,2301.654,1071.8,1789.24,5162.694
2050-12-10 12:00:00,2305.033,1112.178,1673.59,5090.801
2050-12-10 13:00:00,2305.305,1127.838,1535.37,4968.513
2050-12-10 14:00:00,2333.61,1124.533,1435.28,4893.423
2050-12-10 15:00:00,2380.749,1133.184,1377.83,4891.764
2050-12-10 16:00:00,2552.087,1212.548,1381.47,5146.105
2050-12-10 17:00:00,2738.337,1331.667,1420.03,5490.034
2050-12-10 18:00:00,2821.872,1585.721,1564.87,5972.463
2050-12-10 19:00:00,2871.278,1672.266,1650.45,6193.995
2050-12-10 20:00:00,2829.567,1720.351,1666.61,6216.528
2050-12-10 21:00:00,2625.419,1797.503,1688.2,6111.122
2050-12-10 22:00:00,2430.564,1712.007,1669.92,5812.491
2050-12-10 23:00:00,2213.944,1594.058,1665.13,5473.132
2050-12-11 00:00:00,2028.918,1404.146,1681.28,5114.344
2050-12-11 01:00:00,1927.625,1322.009,1725.26,4974.894
2050-12-11 02:00:00,1868.784,1115.831,1761.39,4746.005
2050-12-11 03:00:00,1843.281,992.938,1788.83,4625.049
2050-12-11 04:00:00,1865.26,871.848,1821.0,4558.109
2050-12-11 05:00:00,1949.351,759.205,1841.14,4549.696
2050-12-11 06:00:00,2118.144,688.915,1857.45,4664.509
2050-12-11 07:00:00,2190.061,715.158,1827.3,4732.518
2050-12-11 08:00:00,2241.921,812.965,1652.78,4707.666
2050-12-11 09:00:00,2287.547,983.053,1416.28,4686.879
2050-12-11 10:00:00,2300.817,1028.976,1164.52,4494.313
2050-12-11 11:00:00,2301.654,1071.8,940.95,4314.404
2050-12-11 12:00:00,2305.033,1112.178,758.14,4175.351
2050-12-11 13:00:00,2305.305,1127.838,540.89,3974.033
2050-12-11 14:00:00,2333.61,1124.533,353.42,3811.563
2050-12-11 15:00:00,2380.749,1133.184,266.66,3780.594
2050-12-11 16:00:00,2551.821,1212.548,319.27,4083.639
2050-12-11 17:00:00,2738.337,1331.667,438.06,4508.064
2050-12-11 18:00:00,2821.872,1585.721,631.47,5039.063
2050-12-11 19:00:00,2871.278,1672.266,769.01,5312.555
2050-12-11 20:00:00,2829.567,1720.351,843.55,5393.468
2050-12-11 21:00:00,2625.419,1797.503,902.97,5325.892
2050-12-11 22:00:00,2430.564,1712.007,959.61,5102.181
2050-12-11 23:00:00,2213.944,1594.058,1010.09,4818.092
2050-12-12 00:00:00,2028.918,1404.146,1052.84,4485.904
2050-12-12 01:00:00,1927.625,1322.009,1056.51,4306.144
2050-12-12 02:00:00,1868.784,1115.831,1051.56,4036.175
2050-12-12 03:00:00,1843.281,992.938,1040.03,3876.249
2050-12-12 04:00:00,1865.26,871.848,1006.72,3743.829
2050-12-12 05:00:00,1949.351,759.205,915.47,3624.026
2050-12-12 06:00:00,2118.144,688.915,819.86,3626.919
2050-12-12 07:00:00,2190.704,715.158,684.28,3590.142
2050-12-12 08:00:00,2241.921,812.965,483.06,3537.946
2050-12-12 09:00:00,2287.547,983.053,370.61,3641.209
2050-12-12 10:00:00,2300.817,1028.976,296.64,3626.433
2050-12-12 11:00:00,2301.654,1071.8,206.84,3580.294
2050-12-12 12:00:00,2305.033,1112.178,109.55,3526.761
2050-12-12 13:00:00,2305.305,1127.838,60.06,3493.203
2050-12-12 14:00:00,2333.61,1124.533,23.22,3481.363
2050-12-12 15:00:00,2380.749,1133.184,8.98,3522.914
2050-12-12 16:00:00,2551.402,1212.548,5.97,3769.92
2050-12-12 17:00:00,2738.337,1331.667,5.97,4075.974
2050-12-12 18:00:00,2821.872,1585.721,23.28,4430.873
2050-12-12 19:00:00,2871.278,1672.266,64.73,4608.275
2050-12-12 20:00:00,2829.567,1720.351,111.5,4661.418
2050-12-12 21:00:00,2625.419,1797.503,184.17,4607.092
2050-12-12 22:00:00,2430.564,1712.007,271.3,4413.871
2050-12-12 23:00:00,2213.944,1594.058,346.23,4154.232
2050-12-13 00:00:00,2028.918,1404.146,407.43,3840.494
2050-12-13 01:00:00,1927.625,1322.009,471.52,3721.154
2050-12-13 02:00:00,1868.784,1115.831,553.94,3538.555
2050-12-13 03:00:00,1843.281,992.938,629.08,3465.299
2050-12-13 04:00:00,1865.26,871.848,694.38,3431.489
2050-12-13 05:00:00,1949.351,759.205,747.57,3456.126
2050-12-13 06:00:00,2118.144,688.915,798.58,3605.639
2050-12-13 07:00:00,2191.205,715.158,816.29,3722.653
2050-12-13 08:00:00,2241.921,812.965,739.07,3793.956
2050-12-13 09:00:00,2287.547,983.053,727.22,3997.819
2050-12-13 10:00:00,2300.817,1028.976,713.38,4043.173
2050-12-13 11:00:00,2301.654,1071.8,694.99,4068.444
2050-12-13 12:00:00,2305.033,1112.178,696.9,4114.111
2050-12-13 13:00:00,2305.305,1127.838,690.23,4123.373
2050-12-13 14:00:00,2333.61,1124.533,675.23,4133.373
2050-12-13 15:00:00,2380.749,1133.184,689.52,4203.454
2050-12-13 16:00:00,2551.003,1212.548,771.4,4534.951
2050-12-13 17:00:00,2738.337,1331.667,924.62,4994.624
2050-12-13 18:00:00,2821.872,1585.721,1140.89,5548.483
2050-12-13 19:00:00,2871.278,1672.266,1298.34,5841.885
2050-12-13 20:00:00,2829.567,1720.351,1412.52,5962.438
2050-12-13 21:00:00,2625.419,1797.503,1532.98,5955.902
2050-12-13 22:00:00,2430.564,1712.007,1650.4,5792.971
2050-12-13 23:00:00,2213.944,1594.058,1748.57,5556.572
2050-12-14 00:00:00,2028.918,1404.146,1834.69,5267.754
2050-12-14 01:00:00,1927.625,1322.009,1886.32,5135.954
2050-12-14 02:00:00,1868.784,1115.831,1928.59,4913.205
2050-12-14 03:00:00,1843.281,992.938,1959.9,4796.119
2050-12-14 04:00:00,1865.26,871.848,1999.62,4736.729
2050-12-14 05:00:00,1949.351,759.205,2045.02,4753.576
2050-12-14 06:00:00,2118.144,688.915,2087.27,4894.329
2050-12-14 07:00:00,2191.748,715.158,2078.61,4985.516
2050-12-14 08:00:00,2241.921,812.965,1955.94,5010.826
2050-12-14 09:00:00,2287.547,983.053,1809.3,5079.899
2050-12-14 10:00:00,2300.817,1028.976,1658.49,4988.283
2050-12-14 11:00:00,2301.654,1071.8,1520.94,4894.394
2050-12-14 12:00:00,2305.033,1112.178,1413.7,4830.911
2050-12-14 13:00:00,2305.305,1127.838,1280.59,4713.733
2050-12-14 14:00:00,2333.61,1124.533,1169.55,4627.693
2050-12-14 15:00:00,2380.749,1133.184,1136.68,4650.614
2050-12-14 16:00:00,2550.519,1212.548,1269.74,5032.807
2050-12-14 17:00:00,2738.337,1331.667,1457.94,5527.944
2050-12-14 18:00:00,2821.872,1585.721,1706.2,6113.793
2050-12-14 19:00:00,2871.278,1672.266,1897.14,6440.685
2050-12-14 20:00:00,2829.567,1720.351,2017.76,6567.678
2050-12-14 21:00:00,2625.419,1797.503,2123.09,6546.012
2050-12-14 22:00:00,2430.564,1712.007,2222.03,6364.601
2050-12-14 23:00:00,2213.944,1594.058,2311.78,6119.782
2050-12-15 00:00:00,2028.918,1404.146,2401.16,5834.224
2050-12-15 01:00:00,1927.625,1322.009,2486.03,5735.664
2050-12-15 02:00:00,1868.784,1115.831,2567.7,5552.315
2050-12-15 03:00:00,1843.281,992.938,2641.36,5477.579
2050-12-15 04:00:00,1865.26,871.848,2715.21,5452.319
2050-12-15 05:00:00,1949.351,759.205,2785.76,5494.316
2050-12-15 06:00:00,2118.144,688.915,2842.45,5649.509
2050-12-15 07:00:00,2192.266,715.158,2828.64,5736.064
2050-12-15 08:00:00,2241.921,812.965,2671.09,5725.976
2050-12-15 09:00:00,2287.547,983.053,2468.6,5739.199
2050-12-15 10:00:00,2300.817,1028.976,2251.22,5581.013
2050-12-15 11:00:00,2301.654,1071.8,2073.39,5446.844
2050-12-15 12:00:00,2305.033,1112.178,1926.48,5343.691
2050-12-15 13:00:00,2305.305,1127.838,1749.7,5182.843
2050-12-15 14:00:00,2333.61,1124.533,1628.03,5086.173
2050-12-15 15:00:00,2380.749,1133.184,1582.21,5096.144
2050-12-15 16:00:00,2550.028,1212.548,1658.89,5421.466
2050-12-15 17:00:00,2738.337,1331.667,1796.73,5866.734
2050-12-15 18:00:00,2821.872,1585.721,2002.73,6410.323
2050-12-15 19:00:00,2871.278,1672.266,2153.16,6696.705
2050-12-15 20:00:00,2829.567,1720.351,2242.65,6792.568
2050-12-15 21:00:00,2625.419,1797.503,2325.92,6748.842
2050-12-15 22:00:00,2430.564,1712.007,2394.08,6536.651
2050-12-15 23:00:00,2213.944,1594.058,2445.22,6253.222
2050-12-16 00:00:00,2028.918,1404.146,2484.44,5917.504
2050-12-16 01:00:00,1927.625,1322.009,2522.09,5771.724
2050-12-16 02:00:00,1868.784,1115.831,2556.92,5541.535
2050-12-16 03:00:00,1843.281,992.938,2584.91,5421.129
2050-12-16 04:00:00,1865.26,871.848,2609.02,5346.129
2050-12-16 05:00:00,1949.351,759.205,2627.7,5336.256
2050-12-16 06:00:00,2118.144,688.915,2639.12,5446.179
2050-12-16 07:00:00,2192.883,715.158,2599.22,5507.261
2050-12-16 08:00:00,2241.921,812.965,2424.21,5479.096
2050-12-16 09:00:00,2287.547,983.053,2188.74,5459.339
2050-12-16 10:00:00,2300.817,1028.976,1946.41,5276.203
2050-12-16 11:00:00,2301.654,1071.8,1722.18,5095.634
2050-12-16 12:00:00,2305.033,1112.178,1533.5,4950.711
2050-12-16 13:00:00,2305.305,1127.838,1327.7,4760.843
2050-12-16 14:00:00,2333.61,1124.533,1203.26,4661.403
2050-12-16 15:00:00,2380.749,1133.184,1131.43,4645.364
2050-12-16 16:00:00,2549.674,1212.548,1204.75,4966.972
2050-12-16 17:00:00,2738.337,1331.667,1371.89,5441.894
2050-12-16 18:00:00,2821.872,1585.721,1608.91,6016.503
2050-12-16 19:00:00,2871.278,1672.266,1762.54,6306.085
2050-12-16 20:00:00,2829.567,1720.351,1815.89,6365.808
2050-12-16 21:00:00,2625.419,1797.503,1866.31,6289.232
2050-12-16 22:00:00,2430.564,1712.007,1915.0,6057.571
2050-12-16 23:00:00,2213.944,1594.058,1959.91,5767.912
2050-12-17 00:00:00,2028.918,1404.146,2016.09,5449.154
2050-12-17 01:00:00,1927.625,1322.009,2067.77,5317.404
2050-12-17 02:00:00,1868.784,1115.831,2116.07,5100.685
2050-12-17 03:00:00,1843.281,992.938,2165.03,5001.249
2050-12-17 04:00:00,1865.26,871.848,2213.06,4950.169
2050-12-17 05:00:00,1949.351,759.205,2245.14,4953.696
2050-12-17 06:00:00,2118.144,688.915,2278.11,5085.169
2050-12-17 07:00:00,2193.291,715.158,2262.02,5170.469
2050-12-17 08:00:00,2241.921,812.965,2095.01,5149.896
2050-12-17 09:00:00,2287.547,983.053,1857.17,5127.769
2050-12-17 10:00:00,2300.817,1028.976,1630.46,4960.253
2050-12-17 11:00:00,2301.654,1071.8,1427.64,4801.094
2050-12-17 12:00:00,2305.033,1112.178,1268.56,4685.771
2050-12-17 13:00:00,2305.305,1127.838,1087.09,4520.233
2050-12-17 14:00:00,2333.61,1124.533,928.13,4386.273
2050-12-17 15:00:00,2380.749,1133.184,837.33,4351.264
2050-12-17 16:00:00,2548.681,1212.548,899.1,4660.329
2050-12-17 17:00:00,2738.337,1331.667,1066.16,5136.164
2050-12-17 18:00:00,2821.872,1585.721,1286.14,5693.733
2050-12-17 19:00:00,2871.278,1672.266,1444.26,5987.805
2050-12-17 20:00:00,2829.567,1720.351,1550.17,6100.088
2050-12-17 21:00:00,2625.419,1797.503,1651.75,6074.672
2050-12-17 22:00:00,2430.564,1712.007,1739.29,5881.861
2050-12-17 23:00:00,2213.944,1594.058,1814.04,5622.042
2050-12-18 00:00:00,2028.918,1404.146,1878.04,5311.104
2050-12-18 01:00:00,1927.625,1322.009,1932.79,5182.424
2050-12-18 02:00:00,1868.784,1115.831,1983.12,4967.735
2050-12-18 03:00:00,1843.281,992.938,2024.96,4861.179
2050-12-18 04:00:00,1865.26,871.848,2061.74,4798.849
2050-12-18 05:00:00,1949.351,759.205,2091.41,4799.966
2050-12-18 06:00:00,2118.144,688.915,2120.82,4927.879
2050-12-18 07:00:00,2193.719,715.158,2098.2,5007.077
2050-12-18 08:00:00,2241.921,812.965,1944.22,4999.106
2050-12-18 09:00:00,2287.547,983.053,1712.28,4982.879
2050-12-18 10:00:00,2300.817,1028.976,1476.32,4806.113
2050-12-18 11:00:00,2301.654,1071.8,1265.11,4638.564
2050-12-18 12:00:00,2305.033,1112.178,1119.04,4536.251
2050-12-18 13:00:00,2305.305,1127.838,970.18,4403.323
2050-12-18 14:00:00,2333.61,1124.533,850.36,4308.503
2050-12-18 15:00:00,2380.749,1133.184,772.2,4286.134
2050-12-18 16:00:00,2548.142,1212.548,837.06,4597.75
2050-12-18 17:00:00,2738.337,1331.667,1015.53,5085.534
2050-12-18 18:00:00,2821.872,1585.721,1258.56,5666.153
2050-12-18 19:00:00,2871.278,1672.266,1438.83,5982.375
2050-12-18 20:00:00,2829.567,1720.351,1542.21,6092.128
2050-12-18 21:00:00,2625.419,1797.503,1614.71,6037.632
2050-12-18 22:00:00,2430.564,1712.007,1683.17,5825.741
2050-12-18 23:00:00,2213.944,1594.058,1733.19,5541.192
2050-12-19 00:00:00,2028.918,1404.146,1773.02,5206.084
2050-12-19 01:00:00,1927.625,1322.009,1816.9,5066.534
2050-12-19 02:00:00,1868.784,1115.831,1866.22,4850.835
2050-12-19 03:00:00,1843.281,992.938,1902.27,4738.489
2050-12-19 04:00:00,1865.26,871.848,1935.26,4672.369
2050-12-19 05:00:00,1949.351,759.205,1954.19,4662.746
2050-12-19 06:00:00,2118.144,688.915,1962.36,4769.419
2050-12-19 07:00:00,2194.228,715.158,1924.91,4834.296
2050-12-19 08:00:00,2241.921,812.965,1760.7,4815.586
2050-12-19 09:00:00,2287.547,983.053,1548.43,4819.029
2050-12-19 10:00:00,2300.817,1028.976,1377.64,4707.433
2050-12-19 11:00:00,2301.654,1071.8,1215.94,4589.394
2050-12-19 12:00:00,2305.033,1112.178,1070.87,4488.081
2050-12-19 13:00:00,2305.305,1127.838,931.94,4365.083
2050-12-19 14:00:00,2333.61,1124.533,851.23,4309.373
2050-12-19 15:00:00,2380.749,1133.184,804.65,4318.584
2050-12-19 16:00:00,2547.425,1212.548,860.14,4620.113
2050-12-19 17:00:00,2738.337,1331.667,1004.23,5074.234
2050-12-19 18:00:00,2821.872,1585.721,1201.92,5609.513
2050-12-19 19:00:00,2871.278,1672.266,1343.53,5887.075
2050-12-19 20:00:00,2829.567,1720.351,1407.43,5957.348
2050-12-19 21:00:00,2625.419,1797.503,1451.59,5874.512
2050-12-19 22:00:00,2430.564,1712.007,1488.95,5631.521
2050-12-19 23:00:00,2213.944,1594.058,1534.47,5342.472
2050-12-20 00:00:00,2028.918,1404.146,1577.95,5011.014
2050-12-20 01:00:00,1927.625,1322.009,1617.96,4867.594
2050-12-20 02:00:00,1868.784,1115.831,1658.73,4643.345
2050-12-20 03:00:00,1843.281,992.938,1693.9,4530.119
2050-12-20 04:00:00,1865.26,871.848,1725.19,4462.299
2050-12-20 05:00:00,1949.351,759.205,1752.86,4461.416
2050-12-20 06:00:00,2118.144,688.915,1773.46,4580.519
2050-12-20 07:00:00,2194.625,715.158,1744.6,4654.383
2050-12-20 08:00:00,2241.921,812.965,1638.14,4693.026
2050-12-20 09:00:00,2287.547,983.053,1597.94,4868.539
2050-12-20 10:00:00,2300.817,1028.976,1545.54,4875.333
2050-12-20 11:00:00,2301.654,1071.8,1459.43,4832.884
2050-12-20 12:00:00,2305.033,1112.178,1373.55,4790.761
2050-12-20 13:00:00,2305.305,1127.838,1251.49,4684.633
2050-12-20 14:00:00,2333.61,1124.533,1075.82,4533.963
2050-12-20 15:00:00,2380.749,1133.184,992.85,4506.784
2050-12-20 16:00:00,2546.295,1212.548,1093.43,4852.273
2050-12-20 17:00:00,2738.337,1331.667,1307.98,5377.984
2050-12-20 18:00:00,2821.872,1585.721,1575.12,5982.713
2050-12-20 19:00:00,2871.278,1672.266,1770.82,6314.365
2050-12-20 20:00:00,2829.567,1720.351,1906.11,6456.028
2050-12-20 21:00:00,2625.419,1797.503,2008.33,6431.252
2050-12-20 22:00:00,2430.564,1712.007,2096.81,6239.381
2050-12-20 23:00:00,2213.944,1594.058,2181.98,5989.982
2050-12-21 00:00:00,2028.918,1404.146,2250.17,5683.234
2050-12-21 01:00:00,1927.625,1322.009,2314.16,5563.794
2050-12-21 02:00:00,1868.784,1115.831,2364.39,5349.005
2050-12-21 03:00:00,1843.281,992.938,2405.7,5241.919
2050-12-21 04:00:00,1865.26,871.848,2440.82,5177.929
2050-12-21 05:00:00,1949.351,759.205,2456.31,5164.866
2050-12-21 06:00:00,2118.144,688.915,2466.63,5273.689
2050-12-21 07:00:00,2195.063,715.158,2419.76,5329.981
2050-12-21 08:00:00,2241.921,812.965,2255.56,5310.446
2050-12-21 09:00:00,2287.547,983.053,2043.05,5313.649
2050-12-21 10:00:00,2300.817,1028.976,1817.31,5147.103
2050-12-21 11:00:00,2301.654,1071.8,1611.4,4984.854
2050-12-21 12:00:00,2305.033,1112.178,1441.75,4858.961
2050-12-21 13:00:00,2305.305,1127.838,1251.96,4685.103
2050-12-21 14:00:00,2333.61,1124.533,1081.55,4539.693
2050-12-21 15:00:00,2380.749,1133.184,984.93,4498.864
2050-12-21 16:00:00,2545.608,1212.548,1063.01,4821.166
2050-12-21 17:00:00,2738.337,1331.667,1247.93,5317.934
2050-12-21 18:00:00,2821.872,1585.721,1488.38,5895.973
2050-12-21 19:00:00,2871.278,1672.266,1662.4,6205.945
2050-12-21 20:00:00,2829.567,1720.351,1763.24,6313.158
2050-12-21 21:00:00,2625.419,1797.503,1843.93,6266.852
2050-12-21 22:00:00,2430.564,1712.007,1907.18,6049.751
2050-12-21 23:00:00,2213.944,1594.058,1957.68,5765.682
2050-12-22 00:00:00,2028.918,1404.146,1999.64,5432.704
2050-12-22 01:00:00,1927.625,1322.009,2033.2,5282.834
2050-12-22 02:00:00,1868.784,1115.831,2056.03,5040.645
2050-12-22 03:00:00,1843.281,992.938,2074.12,4910.339
2050-12-22 04:00:00,1865.26,871.848,2083.18,4820.289
2050-12-22 05:00:00,1949.351,759.205,2087.42,4795.976
2050-12-22 06:00:00,2118.144,688.915,2093.39,4900.449
2050-12-22 07:00:00,2195.352,715.158,2049.33,4959.839
2050-12-22 08:00:00,2241.921,812.965,1893.01,4947.896
2050-12-22 09:00:00,2287.547,983.053,1694.3,4964.899
2050-12-22 10:00:00,2300.817,1028.976,1475.28,4805.073
2050-12-22 11:00:00,2301.654,1071.8,1269.41,4642.864
2050-12-22 12:00:00,2305.033,1112.178,1108.6,4525.811
2050-12-22 13:00:00,2305.305,1127.838,928.44,4361.583
2050-12-22 14:00:00,2333.61,1124.533,769.51,4227.653
2050-12-22 15:00:00,2380.749,1133.184,681.63,4195.564
2050-12-22 16:00:00,2544.387,1212.548,766.99,4523.925
2050-12-22 17:00:00,2738.337,1331.667,969.79,5039.794
2050-12-22 18:00:00,2821.872,1585.721,1224.1,5631.693
2050-12-22 19:00:00,2871.278,1672.266,1418.07,5961.615
2050-12-22 20:00:00,2829.567,1720.351,1548.16,6098.078
2050-12-22 21:00:00,2625.419,1797.503,1662.76,6085.682
2050-12-22 22:00:00,2430.564,1712.007,1759.33,5901.901
2050-12-22 23:00:00,2213.944,1594.058,1838.93,5646.932
2050-12-23 00:00:00,2028.918,1404.146,1908.5,5341.564
2050-12-23 01:00:00,1927.625,1322.009,1968.97,5218.604
2050-12-23 02:00:00,1868.784,1115.831,2024.19,5008.805
2050-12-23 03:00:00,1843.281,992.938,2076.88,4913.099
2050-12-23 04:00:00,1865.26,871.848,2125.07,4862.179
2050-12-23 05:00:00,1949.351,759.205,2158.67,4867.226
2050-12-23 06:00:00,2118.144,688.915,2183.52,4990.579
2050-12-23 07:00:00,2195.759,715.158,2146.9,5057.817
2050-12-23 08:00:00,2241.921,812.965,2003.54,5058.426
2050-12-23 09:00:00,2287.547,983.053,1856.87,5127.469
2050-12-23 10:00:00,2300.817,1028.976,1691.58,5021.373
2050-12-23 11:00:00,2301.654,1071.8,1536.98,4910.434
2050-12-23 12:00:00,2305.033,1112.178,1429.97,4847.181
2050-12-23 13:00:00,2305.305,1127.838,1298.36,4731.503
2050-12-23 14:00:00,2333.61,1124.533,1191.97,4650.113
2050-12-23 15:00:00,2380.749,1133.184,1188.3,4702.234
2050-12-23 16:00:00,2543.378,1212.548,1279.55,5035.475
2050-12-23 17:00:00,2738.337,1331.667,1404.63,5474.634
2050-12-23 18:00:00,2821.872,1585.721,1609.17,6016.763
2050-12-23 19:00:00,2871.278,1672.266,1749.46,6293.005
2050-12-23 20:00:00,2829.567,1720.351,1824.27,6374.188
2050-12-23 21:00:00,2625.419,1797.503,1890.06,6312.982
2050-12-23 22:00:00,2430.564,1712.007,1949.66,6092.231
2050-12-23 23:00:00,2213.944,1594.058,2005.84,5813.842
2050-12-24 00:00:00,2028.918,1404.146,2052.18,5485.244
2050-12-24 01:00:00,1927.625,1322.009,2093.91,5343.544
2050-12-24 02:00:00,1868.784,1115.831,2129.0,5113.615
2050-12-24 03:00:00,1843.281,992.938,2155.58,4991.799
2050-12-24 04:00:00,1865.26,871.848,2179.67,4916.779
2050-12-24 05:00:00,1949.351,759.205,2205.19,4913.746
2050-12-24 06:00:00,2118.144,688.915,2227.63,5034.689
2050-12-24 07:00:00,2196.049,715.158,2190.23,5101.437
2050-12-24 08:00:00,2241.921,812.965,2048.86,5103.746
2050-12-24 09:00:00,2287.547,983.053,1900.02,5170.619
2050-12-24 10:00:00,2300.817,1028.976,1682.34,5012.133
2050-12-24 11:00:00,2301.654,1071.8,1477.22,4850.674
2050-12-24 12:00:00,2305.033,1112.178,1318.62,4735.831
2050-12-24 13:00:00,2305.305,1127.838,1138.36,4571.503
2050-12-24 14:00:00,2333.61,1124.533,970.5,4428.643
2050-12-24 15:00:00,2380.749,1133.184,867.19,4381.124
2050-12-24 16:00:00,2541.929,1212.548,941.72,4696.196
2050-12-24 17:00:00,2738.337,1331.667,1143.18,5213.184
2050-12-24 18:00:00,2821.872,1585.721,1392.25,5799.843
2050-12-24 19:00:00,2871.278,1672.266,1581.9,6125.445
2050-12-24 20:00:00,2829.567,1720.351,1704.91,6254.828
2050-12-24 21:00:00,2625.419,1797.503,1805.38,6228.302
2050-12-24 22:00:00,2430.564,1712.007,1889.99,6032.561
2050-12-24 23:00:00,2213.944,1594.058,1963.85,5771.852
2050-12-25 00:00:00,2028.918,1404.146,2030.34,5463.404
2050-12-25 01:00:00,1927.625,1322.009,2077.95,5327.584
2050-12-25 02:00:00,1868.784,1115.831,2113.96,5098.575
2050-12-25 03:00:00,1843.281,992.938,2138.07,4974.289
2050-12-25 04:00:00,1865.26,871.848,2148.71,4885.819
2050-12-25 05:00:00,1949.351,759.205,2158.63,4867.186
2050-12-25 06:00:00,2118.144,688.915,2167.69,4974.749
2050-12-25 07:00:00,2196.319,715.158,2117.52,5028.997
2050-12-25 08:00:00,2241.921,812.965,1969.45,5024.336
2050-12-25 09:00:00,2287.547,983.053,1858.27,5128.869
2050-12-25 10:00:00,2300.817,1028.976,1688.23,5018.023
2050-12-25 11:00:00,2301.654,1071.8,1523.98,4897.434
2050-12-25 12:00:00,2305.033,1112.178,1370.98,4788.191
2050-12-25 13:00:00,2305.305,1127.838,1230.67,4663.813
2050-12-25 14:00:00,2333.61,1124.533,1108.26,4566.403
2050-12-25 15:00:00,2380.749,1133.184,1039.56,4553.494
2050-12-25 16:00:00,2540.647,1212.548,1079.71,4832.905
2050-12-25 17:00:00,2738.337,1331.667,1201.37,5271.374
2050-12-25 18:00:00,2821.872,1585.721,1394.17,5801.763
2050-12-25 19:00:00,2871.278,1672.266,1526.37,6069.915
2050-12-25 20:00:00,2829.567,1720.351,1588.59,6138.508
2050-12-25 21:00:00,2625.419,1797.503,1647.61,6070.532
2050-12-25 22:00:00,2430.564,1712.007,1688.69,5831.261
2050-12-25 23:00:00,2213.944,1594.058,1721.54,5529.542
2050-12-26 00:00:00,2028.918,1404.146,1747.66,5180.724
2050-12-26 01:00:00,1927.625,1322.009,1771.51,5021.144
2050-12-26 02:00:00,1868.784,1115.831,1789.48,4774.095
2050-12-26 03:00:00,1843.281,992.938,1812.11,4648.329
2050-12-26 04:00:00,1865.26,871.848,1831.49,4568.599
2050-12-26 05:00:00,1949.351,759.205,1837.41,4545.966
2050-12-26 06:00:00,2118.144,688.915,1831.98,4639.039
2050-12-26 07:00:00,2196.599,715.158,1769.4,4681.157
2050-12-26 08:00:00,2241.921,812.965,1646.74,4701.626
2050-12-26 09:00:00,2287.547,983.053,1606.07,4876.669
2050-12-26 10:00:00,2300.817,1028.976,1581.97,4911.763
2050-12-26 11:00:00,2301.654,1071.8,1563.24,4936.694
2050-12-26 12:00:00,2305.033,1112.178,1541.89,4959.101
2050-12-26 13:00:00,2305.305,1127.838,1512.55,4945.693
2050-12-26 14:00:00,2333.61,1124.533,1491.8,4949.943
2050-12-26 15:00:00,2380.749,1133.184,1473.41,4987.344
2050-12-26 16:00:00,2539.66,1212.548,1476.51,5228.718
2050-12-26 17:00:00,2738.337,1331.667,1526.04,5596.044
2050-12-26 18:00:00,2821.872,1585.721,1654.09,6061.683
2050-12-26 19:00:00,2871.278,1672.266,1738.56,6282.105
2050-12-26 20:00:00,2829.567,1720.351,1780.01,6329.928
2050-12-26 21:00:00,2625.419,1797.503,1844.07,6266.992
2050-12-26 22:00:00,2430.564,1712.007,1900.55,6043.121
2050-12-26 23:00:00,2213.944,1594.058,1957.16,5765.162
2050-12-27 00:00:00,2028.918,1404.146,2028.79,5461.854
2050-12-27 01:00:00,1927.625,1322.009,2112.27,5361.904
2050-12-27 02:00:00,1868.784,1115.831,2162.83,5147.445
2050-12-27 03:00:00,1843.281,992.938,2223.21,5059.429
2050-12-27 04:00:00,1865.26,871.848,2269.82,5006.929
2050-12-27 05:00:00,1949.351,759.205,2314.54,5023.096
2050-12-27 06:00:00,2118.144,688.915,2348.91,5155.969
2050-12-27 07:00:00,2196.805,715.158,2334.18,5246.142
2050-12-27 08:00:00,2241.921,812.965,2248.11,5302.996
2050-12-27 09:00:00,2287.547,983.053,2204.34,5474.939
2050-12-27 10:00:00,2300.817,1028.976,2128.35,5458.143
2050-12-27 11:00:00,2301.654,1071.8,2053.44,5426.894
2050-12-27 12:00:00,2305.033,1112.178,2013.0,5430.211
2050-12-27 13:00:00,2305.305,1127.838,1943.04,5376.183
2050-12-27 14:00:00,2333.61,1124.533,1836.28,5294.423
2050-12-27 15:00:00,2380.749,1133.184,1787.78,5301.714
2050-12-27 16:00:00,2537.937,1212.548,1883.7,5634.185
2050-12-27 17:00:00,2738.337,1331.667,2084.03,6154.034
2050-12-27 18:00:00,2821.872,1585.721,2343.39,6750.983
2050-12-27 19:00:00,2871.278,1672.266,2535.72,7079.265
2050-12-27 20:00:00,2829.567,1720.351,2660.09,7210.008
2050-12-27 21:00:00,2625.419,1797.503,2759.62,7182.542
2050-12-27 22:00:00,2430.564,1712.007,2831.62,6974.191
2050-12-27 23:00:00,2213.944,1594.058,2873.5,6681.502
2050-12-28 00:00:00,2028.918,1404.146,2901.73,6334.794
2050-12-28 01:00:00,1927.625,1322.009,2918.09,6167.724
2050-12-28 02:00:00,1868.784,1115.831,2929.23,5913.845
2050-12-28 03:00:00,1843.281,992.938,2931.46,5767.679
2050-12-28 04:00:00,1865.26,871.848,2931.09,5668.199
2050-12-28 05:00:00,1949.351,759.205,2923.03,5631.586
2050-12-28 06:00:00,2118.144,688.915,2904.83,5711.889
2050-12-28 07:00:00,2197.017,715.158,2830.53,5742.705
2050-12-28 08:00:00,2241.921,812.965,2626.79,5681.676
2050-12-28 09:00:00,2287.547,983.053,2340.12,5610.719
2050-12-28 10:00:00,2300.817,1028.976,2071.63,5401.423
2050-12-28 11:00:00,2301.654,1071.8,1841.48,5214.934
2050-12-28 12:00:00,2305.033,1112.178,1724.04,5141.251
2050-12-28 13:00:00,2305.305,1127.838,1622.14,5055.283
2050-12-28 14:00:00,2333.61,1124.533,1528.23,4986.373
2050-12-28 15:00:00,2380.749,1133.184,1439.98,4953.914
2050-12-28 16:00:00,2536.505,1212.548,1434.66,5183.713
2050-12-28 17:00:00,2738.337,1331.667,1498.35,5568.354
2050-12-28 18:00:00,2821.872,1585.721,1659.55,6067.143
2050-12-28 19:00:00,2871.278,1672.266,1785.1,6328.645
2050-12-28 20:00:00,2829.567,1720.351,1854.85,6404.768
2050-12-28 21:00:00,2625.419,1797.503,1918.24,6341.162
2050-12-28 22:00:00,2430.564,1712.007,1973.22,6115.791
2050-12-28 23:00:00,2213.944,1594.058,2021.58,5829.582
2050-12-29 00:00:00,2028.918,1404.146,2068.2,5501.264
2050-12-29 01:00:00,1927.625,1322.009,2114.13,5363.764
2050-12-29 02:00:00,1868.784,1115.831,2150.86,5135.475
2050-12-29 03:00:00,1843.281,992.938,2177.92,5014.139
2050-12-29 04:00:00,1865.26,871.848,2193.29,4930.399
2050-12-29 05:00:00,1949.351,759.205,2198.06,4906.616
2050-12-29 06:00:00,2118.144,688.915,2195.42,5002.479
2050-12-29 07:00:00,2197.242,715.158,2133.75,5046.15
2050-12-29 08:00:00,2241.921,812.965,1961.86,5016.746
2050-12-29 09:00:00,2287.547,983.053,1788.85,5059.449
2050-12-29 10:00:00,2300.817,1028.976,1641.59,4971.383
2050-12-29 11:00:00,2301.654,1071.8,1521.27,4894.724
2050-12-29 12:00:00,2305.033,1112.178,1429.93,4847.141
2050-12-29 13:00:00,2305.305,1127.838,1323.22,4756.363
2050-12-29 14:00:00,2333.61,1124.533,1197.33,4655.473
2050-12-29 15:00:00,2380.749,1133.184,1087.64,4601.574
2050-12-29 16:00:00,2535.252,1212.548,1094.32,4842.12
2050-12-29 17:00:00,2738.337,1331.667,1207.21,5277.214
2050-12-29 18:00:00,2821.872,1585.721,1395.53,5803.123
2050-12-29 19:00:00,2871.278,1672.266,1521.82,6065.365
2050-12-29 20:00:00,2829.567,1720.351,1584.65,6134.568
2050-12-29 21:00:00,2625.419,1797.503,1646.89,6069.812
2050-12-29 22:00:00,2430.564,1712.007,1701.07,5843.641
2050-12-29 23:00:00,2213.944,1594.058,1747.61,5555.612
2050-12-30 00:00:00,2028.918,1404.146,1779.82,5212.884
2050-12-30 01:00:00,1927.625,1322.009,1797.54,5047.174
2050-12-30 02:00:00,1868.784,1115.831,1809.65,4794.265
2050-12-30 03:00:00,1843.281,992.938,1817.62,4653.839
2050-12-30 04:00:00,1865.26,871.848,1815.89,4552.999
2050-12-30 05:00:00,1949.351,759.205,1823.94,4532.496
2050-12-30 06:00:00,2118.144,688.915,1819.76,4626.819
2050-12-30 07:00:00,2197.351,715.158,1757.67,4670.179
2050-12-30 08:00:00,2241.921,812.965,1602.93,4657.816
2050-12-30 09:00:00,2287.547,983.053,1408.26,4678.859
2050-12-30 10:00:00,2300.817,1028.976,1169.41,4499.203
2050-12-30 11:00:00,2301.654,1071.8,936.97,4310.424
2050-12-30 12:00:00,2305.033,1112.178,744.23,4161.441
2050-12-30 13:00:00,2305.305,1127.838,544.08,3977.223
2050-12-30 14:00:00,2333.61,1124.533,378.02,3836.163
2050-12-30 15:00:00,2380.749,1133.184,296.19,3810.124
2050-12-30 16:00:00,2533.459,1212.548,365.61,4111.617
2050-12-30 17:00:00,2738.337,1331.667,567.77,4637.774
2050-12-30 18:00:00,2821.872,1585.721,837.56,5245.153
2050-12-30 19:00:00,2871.278,1672.266,1054.27,5597.815
2050-12-30 20:00:00,2829.567,1720.351,1205.89,5755.808
2050-12-30 21:00:00,2625.419,1797.503,1326.36,5749.282
2050-12-30 22:00:00,2430.564,1712.007,1428.06,5570.631
2050-12-30 23:00:00,2213.944,1594.058,1512.72,5320.722
2050-12-31 00:00:00,2028.918,1404.146,1582.03,5015.094
2050-12-31 01:00:00,1927.625,1322.009,1636.0,4885.634
2050-12-31 02:00:00,1868.784,1115.831,1675.8,4660.415
2050-12-31 03:00:00,1843.281,992.938,1707.9,4544.119
2050-12-31 04:00:00,1865.26,871.848,1734.1,4471.209
2050-12-31 05:00:00,1949.351,759.205,1753.63,4462.186
2050-12-31 06:00:00,2118.144,688.915,1768.01,4575.069
2050-12-31 07:00:00,2197.502,715.158,1727.58,4640.24
2050-12-31 08:00:00,2241.921,812.965,1568.64,4623.526
2050-12-31 09:00:00,2287.547,983.053,1370.64,4641.239
2050-12-31 10:00:00,2300.817,1028.976,1180.94,4510.733
2050-12-31 11:00:00,2301.654,1071.8,969.82,4343.274
2050-12-31 12:00:00,2305.033,1112.178,808.63,4225.841
2050-12-31 13:00:00,2305.305,1127.838,669.97,4103.113
2050-12-31 14:00:00,2333.61,1124.533,569.84,4027.983
2050-12-31 15:00:00,2380.749,1133.184,503.58,4017.514
2050-12-31 16:00:00,2531.806,1212.548,525.3,4269.654
2050-12-31 17:00:00,2738.337,1331.667,644.29,4714.294
2050-12-31 18:00:00,2821.872,1585.721,833.36,5240.953
2050-12-31 19:00:00,2871.278,1672.266,1054.27,5597.815
2050-12-31 20:00:00,2829.567,1720.351,1205.89,5755.808
2050-12-31 21:00:00,2625.419,1797.503,1326.36,5749.282
2050-12-31 22:00:00,2430.564,1712.007,1428.06,5570.631
2050-12-31 23:00:00,2213.944,1594.058,1512.72,5320.722
