2026-04-28 16:15:21  INFO  ============================================================
2026-04-28 16:15:21  INFO  Year 2050  (domain=d02, zones=K)
2026-04-28 16:15:21  INFO  ============================================================
/network/rit/lab/CUERG/kaiden/531_final_project/load_projections/2050/compare_hvac_baf.py:356: FutureWarning: The ABSStore is deprecated and will be removed in a Zarr-Python version 3, see https://github.com/zarr-developers/zarr-python/issues/1274 for more information.
  ds = open_blob_month(yy, mm, dom)
2026-04-28 16:15:25  INFO  Request URL: 'https://agileloadforecasting.blob.core.windows.net/ualbany/final_uWRF_simulations/ssp45_cooler/2d_vars/zarr_2d_vars_d02_2050_01.zarr/.zmetadata?sp=REDACTED&st=REDACTED&se=REDACTED&spr=REDACTED&sv=REDACTED&sr=REDACTED&sig=REDACTED'
Request method: 'GET'
Request headers:
    'x-ms-range': 'REDACTED'
    'x-ms-version': 'REDACTED'
    'Accept': 'application/xml'
    'User-Agent': 'azsdk-python-storage-blob/12.24.0 Python/3.13.1 (Linux-5.4.17-2136.353.3.el8uek.x86_64-x86_64-with-glibc2.28)'
    'x-ms-date': 'REDACTED'
    'x-ms-client-request-id': 'fdd02db2-433e-11f1-a90b-6c92cfa5c7f0'
No body was attached to the request
2026-04-28 16:15:25  INFO  Response status: 206
Response headers:
    'Content-Length': '93201'
    'Content-Type': 'application/octet-stream'
    'Content-Range': 'REDACTED'
    'Last-Modified': 'Thu, 16 Apr 2026 18:56:26 GMT'
    'Accept-Ranges': 'REDACTED'
    'ETag': '"0x8DE9BE9DCC2D804"'
    'Server': 'Windows-Azure-Blob/1.0 Microsoft-HTTPAPI/2.0'
    'x-ms-request-id': '6d400a06-301e-007d-034b-d7b9bc000000'
    'x-ms-client-request-id': 'fdd02db2-433e-11f1-a90b-6c92cfa5c7f0'
    'x-ms-version': 'REDACTED'
    'x-ms-resource-type': 'REDACTED'
    'x-ms-creation-time': 'REDACTED'
    'x-ms-blob-content-md5': 'REDACTED'
    'x-ms-lease-status': 'REDACTED'
    'x-ms-lease-state': 'REDACTED'
    'x-ms-blob-type': 'REDACTED'
    'x-ms-server-encrypted': 'REDACTED'
    'x-ms-access-tier': 'REDACTED'
    'x-ms-access-tier-inferred': 'REDACTED'
    'x-ms-owner': 'REDACTED'
    'x-ms-group': 'REDACTED'
    'x-ms-permissions': 'REDACTED'
    'x-ms-acl': 'REDACTED'
    'Date': 'Tue, 28 Apr 2026 20:15:24 GMT'
2026-04-28 16:15:25  INFO  Request URL: 'https://agileloadforecasting.blob.core.windows.net/ualbany/final_uWRF_simulations/ssp45_cooler/2d_vars/zarr_2d_vars_d02_2050_01.zarr/XLAT/0.0.0?sp=REDACTED&st=REDACTED&se=REDACTED&spr=REDACTED&sv=REDACTED&sr=REDACTED&sig=REDACTED'
Request method: 'HEAD'
Request headers:
    'x-ms-version': 'REDACTED'
    'Accept': 'application/xml'
    'User-Agent': 'azsdk-python-storage-blob/12.24.0 Python/3.13.1 (Linux-5.4.17-2136.353.3.el8uek.x86_64-x86_64-with-glibc2.28)'
    'x-ms-date': 'REDACTED'
    'x-ms-client-request-id': 'fde7bafe-433e-11f1-a90b-6c92cfa5c7f0'
No body was attached to the request
2026-04-28 16:15:25  INFO  Response status: 200
Response headers:
    'Content-Length': '73506'
    'Content-Type': 'application/octet-stream'
    'Content-MD5': 'REDACTED'
    'Last-Modified': 'Thu, 16 Apr 2026 18:56:28 GMT'
    'Accept-Ranges': 'REDACTED'
    'ETag': '"0x8DE9BE9DDB9BB8C"'
    'Server': 'Windows-Azure-Blob/1.0 Microsoft-HTTPAPI/2.0'
    'x-ms-request-id': '6d400a58-301e-007d-414b-d7b9bc000000'
    'x-ms-client-request-id': 'fde7bafe-433e-11f1-a90b-6c92cfa5c7f0'
    'x-ms-version': 'REDACTED'
    'x-ms-resource-type': 'REDACTED'
    'x-ms-creation-time': 'REDACTED'
    'x-ms-lease-status': 'REDACTED'
    'x-ms-lease-state': 'REDACTED'
    'x-ms-blob-type': 'REDACTED'
    'x-ms-server-encrypted': 'REDACTED'
    'x-ms-access-tier': 'REDACTED'
    'x-ms-access-tier-inferred': 'REDACTED'
    'x-ms-owner': 'REDACTED'
    'x-ms-group': 'REDACTED'
    'x-ms-permissions': 'REDACTED'
    'x-ms-acl': 'REDACTED'
    'Date': 'Tue, 28 Apr 2026 20:15:24 GMT'
2026-04-28 16:15:25  INFO  Request URL: 'https://agileloadforecasting.blob.core.windows.net/ualbany/final_uWRF_simulations/ssp45_cooler/2d_vars/zarr_2d_vars_d02_2050_01.zarr/XLAT/0.0.0?sp=REDACTED&st=REDACTED&se=REDACTED&spr=REDACTED&sv=REDACTED&sr=REDACTED&sig=REDACTED'
Request method: 'GET'
Request headers:
    'x-ms-range': 'REDACTED'
    'x-ms-version': 'REDACTED'
    'Accept': 'application/xml'
    'User-Agent': 'azsdk-python-storage-blob/12.24.0 Python/3.13.1 (Linux-5.4.17-2136.353.3.el8uek.x86_64-x86_64-with-glibc2.28)'
    'x-ms-date': 'REDACTED'
    'x-ms-client-request-id': 'fded0f2c-433e-11f1-a90b-6c92cfa5c7f0'
No body was attached to the request
2026-04-28 16:15:25  INFO  Response status: 206
Response headers:
    'Content-Length': '73506'
    'Content-Type': 'application/octet-stream'
    'Content-Range': 'REDACTED'
    'Last-Modified': 'Thu, 16 Apr 2026 18:56:28 GMT'
    'Accept-Ranges': 'REDACTED'
    'ETag': '"0x8DE9BE9DDB9BB8C"'
    'Server': 'Windows-Azure-Blob/1.0 Microsoft-HTTPAPI/2.0'
    'x-ms-request-id': '6d400a6f-301e-007d-514b-d7b9bc000000'
    'x-ms-client-request-id': 'fded0f2c-433e-11f1-a90b-6c92cfa5c7f0'
    'x-ms-version': 'REDACTED'
    'x-ms-resource-type': 'REDACTED'
    'x-ms-creation-time': 'REDACTED'
    'x-ms-blob-content-md5': 'REDACTED'
    'x-ms-lease-status': 'REDACTED'
    'x-ms-lease-state': 'REDACTED'
    'x-ms-blob-type': 'REDACTED'
    'x-ms-server-encrypted': 'REDACTED'
    'x-ms-access-tier': 'REDACTED'
    'x-ms-access-tier-inferred': 'REDACTED'
    'x-ms-owner': 'REDACTED'
    'x-ms-group': 'REDACTED'
    'x-ms-permissions': 'REDACTED'
    'x-ms-acl': 'REDACTED'
    'Date': 'Tue, 28 Apr 2026 20:15:24 GMT'
2026-04-28 16:15:25  INFO  Request URL: 'https://agileloadforecasting.blob.core.windows.net/ualbany/final_uWRF_simulations/ssp45_cooler/2d_vars/zarr_2d_vars_d02_2050_01.zarr/XLAT/1.0.0?sp=REDACTED&st=REDACTED&se=REDACTED&spr=REDACTED&sv=REDACTED&sr=REDACTED&sig=REDACTED'
Request method: 'HEAD'
Request headers:
    'x-ms-version': 'REDACTED'
    'Accept': 'application/xml'
    'User-Agent': 'azsdk-python-storage-blob/12.24.0 Python/3.13.1 (Linux-5.4.17-2136.353.3.el8uek.x86_64-x86_64-with-glibc2.28)'
    'x-ms-date': 'REDACTED'
    'x-ms-client-request-id': 'fdf2b71a-433e-11f1-a90b-6c92cfa5c7f0'
No body was attached to the request
2026-04-28 16:15:25  INFO  Response status: 200
Response headers:
    'Content-Length': '69631'
    'Content-Type': 'application/octet-stream'
    'Content-MD5': 'REDACTED'
    'Last-Modified': 'Thu, 16 Apr 2026 18:56:28 GMT'
    'Accept-Ranges': 'REDACTED'
    'ETag': '"0x8DE9BE9DDB5CE2C"'
    'Server': 'Windows-Azure-Blob/1.0 Microsoft-HTTPAPI/2.0'
    'x-ms-request-id': '6d400a8a-301e-007d-644b-d7b9bc000000'
    'x-ms-client-request-id': 'fdf2b71a-433e-11f1-a90b-6c92cfa5c7f0'
    'x-ms-version': 'REDACTED'
    'x-ms-resource-type': 'REDACTED'
    'x-ms-creation-time': 'REDACTED'
    'x-ms-lease-status': 'REDACTED'
    'x-ms-lease-state': 'REDACTED'
    'x-ms-blob-type': 'REDACTED'
    'x-ms-server-encrypted': 'REDACTED'
    'x-ms-access-tier': 'REDACTED'
    'x-ms-access-tier-inferred': 'REDACTED'
    'x-ms-owner': 'REDACTED'
    'x-ms-group': 'REDACTED'
    'x-ms-permissions': 'REDACTED'
    'x-ms-acl': 'REDACTED'
    'Date': 'Tue, 28 Apr 2026 20:15:24 GMT'
2026-04-28 16:15:25  INFO  Request URL: 'https://agileloadforecasting.blob.core.windows.net/ualbany/final_uWRF_simulations/ssp45_cooler/2d_vars/zarr_2d_vars_d02_2050_01.zarr/XLAT/1.0.0?sp=REDACTED&st=REDACTED&se=REDACTED&spr=REDACTED&sv=REDACTED&sr=REDACTED&sig=REDACTED'
Request method: 'GET'
Request headers:
    'x-ms-range': 'REDACTED'
    'x-ms-version': 'REDACTED'
    'Accept': 'application/xml'
    'User-Agent': 'azsdk-python-storage-blob/12.24.0 Python/3.13.1 (Linux-5.4.17-2136.353.3.el8uek.x86_64-x86_64-with-glibc2.28)'
    'x-ms-date': 'REDACTED'
    'x-ms-client-request-id': 'fdf5d5a8-433e-11f1-a90b-6c92cfa5c7f0'
No body was attached to the request
2026-04-28 16:15:25  INFO  Response status: 206
Response headers:
    'Content-Length': '69631'
    'Content-Type': 'application/octet-stream'
    'Content-Range': 'REDACTED'
    'Last-Modified': 'Thu, 16 Apr 2026 18:56:28 GMT'
    'Accept-Ranges': 'REDACTED'
    'ETag': '"0x8DE9BE9DDB5CE2C"'
    'Server': 'Windows-Azure-Blob/1.0 Microsoft-HTTPAPI/2.0'
    'x-ms-request-id': '6d400a9c-301e-007d-6f4b-d7b9bc000000'
    'x-ms-client-request-id': 'fdf5d5a8-433e-11f1-a90b-6c92cfa5c7f0'
    'x-ms-version': 'REDACTED'
    'x-ms-resource-type': 'REDACTED'
    'x-ms-creation-time': 'REDACTED'
    'x-ms-blob-content-md5': 'REDACTED'
    'x-ms-lease-status': 'REDACTED'
    'x-ms-lease-state': 'REDACTED'
    'x-ms-blob-type': 'REDACTED'
    'x-ms-server-encrypted': 'REDACTED'
    'x-ms-access-tier': 'REDACTED'
    'x-ms-access-tier-inferred': 'REDACTED'
    'x-ms-owner': 'REDACTED'
    'x-ms-group': 'REDACTED'
    'x-ms-permissions': 'REDACTED'
    'x-ms-acl': 'REDACTED'
    'Date': 'Tue, 28 Apr 2026 20:15:24 GMT'
2026-04-28 16:15:25  INFO  Request URL: 'https://agileloadforecasting.blob.core.windows.net/ualbany/final_uWRF_simulations/ssp45_cooler/2d_vars/zarr_2d_vars_d02_2050_01.zarr/XLONG/0.0.0?sp=REDACTED&st=REDACTED&se=REDACTED&spr=REDACTED&sv=REDACTED&sr=REDACTED&sig=REDACTED'
Request method: 'HEAD'
Request headers:
    'x-ms-version': 'REDACTED'
    'Accept': 'application/xml'
    'User-Agent': 'azsdk-python-storage-blob/12.24.0 Python/3.13.1 (Linux-5.4.17-2136.353.3.el8uek.x86_64-x86_64-with-glibc2.28)'
    'x-ms-date': 'REDACTED'
    'x-ms-client-request-id': 'fe033c66-433e-11f1-a90b-6c92cfa5c7f0'
No body was attached to the request
2026-04-28 16:15:25  INFO  Response status: 200
Response headers:
    'Content-Length': '69217'
    'Content-Type': 'application/octet-stream'
    'Content-MD5': 'REDACTED'
    'Last-Modified': 'Thu, 16 Apr 2026 18:56:26 GMT'
    'Accept-Ranges': 'REDACTED'
    'ETag': '"0x8DE9BE9DCBB7638"'
    'Server': 'Windows-Azure-Blob/1.0 Microsoft-HTTPAPI/2.0'
    'x-ms-request-id': '6d400ac1-301e-007d-0d4b-d7b9bc000000'
    'x-ms-client-request-id': 'fe033c66-433e-11f1-a90b-6c92cfa5c7f0'
    'x-ms-version': 'REDACTED'
    'x-ms-resource-type': 'REDACTED'
    'x-ms-creation-time': 'REDACTED'
    'x-ms-lease-status': 'REDACTED'
    'x-ms-lease-state': 'REDACTED'
    'x-ms-blob-type': 'REDACTED'
    'x-ms-server-encrypted': 'REDACTED'
    'x-ms-access-tier': 'REDACTED'
    'x-ms-access-tier-inferred': 'REDACTED'
    'x-ms-owner': 'REDACTED'
    'x-ms-group': 'REDACTED'
    'x-ms-permissions': 'REDACTED'
    'x-ms-acl': 'REDACTED'
    'Date': 'Tue, 28 Apr 2026 20:15:24 GMT'
2026-04-28 16:15:25  INFO  Request URL: 'https://agileloadforecasting.blob.core.windows.net/ualbany/final_uWRF_simulations/ssp45_cooler/2d_vars/zarr_2d_vars_d02_2050_01.zarr/XLONG/0.0.0?sp=REDACTED&st=REDACTED&se=REDACTED&spr=REDACTED&sv=REDACTED&sr=REDACTED&sig=REDACTED'
Request method: 'GET'
Request headers:
    'x-ms-range': 'REDACTED'
    'x-ms-version': 'REDACTED'
    'Accept': 'application/xml'
    'User-Agent': 'azsdk-python-storage-blob/12.24.0 Python/3.13.1 (Linux-5.4.17-2136.353.3.el8uek.x86_64-x86_64-with-glibc2.28)'
    'x-ms-date': 'REDACTED'
    'x-ms-client-request-id': 'fe08695c-433e-11f1-a90b-6c92cfa5c7f0'
No body was attached to the request
2026-04-28 16:15:25  INFO  Response status: 206
Response headers:
    'Content-Length': '69217'
    'Content-Type': 'application/octet-stream'
    'Content-Range': 'REDACTED'
    'Last-Modified': 'Thu, 16 Apr 2026 18:56:26 GMT'
    'Accept-Ranges': 'REDACTED'
    'ETag': '"0x8DE9BE9DCBB7638"'
    'Server': 'Windows-Azure-Blob/1.0 Microsoft-HTTPAPI/2.0'
    'x-ms-request-id': '6d400acd-301e-007d-184b-d7b9bc000000'
    'x-ms-client-request-id': 'fe08695c-433e-11f1-a90b-6c92cfa5c7f0'
    'x-ms-version': 'REDACTED'
    'x-ms-resource-type': 'REDACTED'
    'x-ms-creation-time': 'REDACTED'
    'x-ms-blob-content-md5': 'REDACTED'
    'x-ms-lease-status': 'REDACTED'
    'x-ms-lease-state': 'REDACTED'
    'x-ms-blob-type': 'REDACTED'
    'x-ms-server-encrypted': 'REDACTED'
    'x-ms-access-tier': 'REDACTED'
    'x-ms-access-tier-inferred': 'REDACTED'
    'x-ms-owner': 'REDACTED'
    'x-ms-group': 'REDACTED'
    'x-ms-permissions': 'REDACTED'
    'x-ms-acl': 'REDACTED'
    'Date': 'Tue, 28 Apr 2026 20:15:24 GMT'
2026-04-28 16:15:25  INFO  Request URL: 'https://agileloadforecasting.blob.core.windows.net/ualbany/final_uWRF_simulations/ssp45_cooler/2d_vars/zarr_2d_vars_d02_2050_01.zarr/XLONG/1.0.0?sp=REDACTED&st=REDACTED&se=REDACTED&spr=REDACTED&sv=REDACTED&sr=REDACTED&sig=REDACTED'
Request method: 'HEAD'
Request headers:
    'x-ms-version': 'REDACTED'
    'Accept': 'application/xml'
    'User-Agent': 'azsdk-python-storage-blob/12.24.0 Python/3.13.1 (Linux-5.4.17-2136.353.3.el8uek.x86_64-x86_64-with-glibc2.28)'
    'x-ms-date': 'REDACTED'
    'x-ms-client-request-id': 'fe0d40a8-433e-11f1-a90b-6c92cfa5c7f0'
No body was attached to the request
2026-04-28 16:15:25  INFO  Response status: 200
Response headers:
    'Content-Length': '65342'
    'Content-Type': 'application/octet-stream'
    'Content-MD5': 'REDACTED'
    'Last-Modified': 'Thu, 16 Apr 2026 18:56:26 GMT'
    'Accept-Ranges': 'REDACTED'
    'ETag': '"0x8DE9BE9DCBABD8C"'
    'Server': 'Windows-Azure-Blob/1.0 Microsoft-HTTPAPI/2.0'
    'x-ms-request-id': '6d400adf-301e-007d-244b-d7b9bc000000'
    'x-ms-client-request-id': 'fe0d40a8-433e-11f1-a90b-6c92cfa5c7f0'
    'x-ms-version': 'REDACTED'
    'x-ms-resource-type': 'REDACTED'
    'x-ms-creation-time': 'REDACTED'
    'x-ms-lease-status': 'REDACTED'
    'x-ms-lease-state': 'REDACTED'
    'x-ms-blob-type': 'REDACTED'
    'x-ms-server-encrypted': 'REDACTED'
    'x-ms-access-tier': 'REDACTED'
    'x-ms-access-tier-inferred': 'REDACTED'
    'x-ms-owner': 'REDACTED'
    'x-ms-group': 'REDACTED'
    'x-ms-permissions': 'REDACTED'
    'x-ms-acl': 'REDACTED'
    'Date': 'Tue, 28 Apr 2026 20:15:24 GMT'
2026-04-28 16:15:25  INFO  Request URL: 'https://agileloadforecasting.blob.core.windows.net/ualbany/final_uWRF_simulations/ssp45_cooler/2d_vars/zarr_2d_vars_d02_2050_01.zarr/XLONG/1.0.0?sp=REDACTED&st=REDACTED&se=REDACTED&spr=REDACTED&sv=REDACTED&sr=REDACTED&sig=REDACTED'
Request method: 'GET'
Request headers:
    'x-ms-range': 'REDACTED'
    'x-ms-version': 'REDACTED'
    'Accept': 'application/xml'
    'User-Agent': 'azsdk-python-storage-blob/12.24.0 Python/3.13.1 (Linux-5.4.17-2136.353.3.el8uek.x86_64-x86_64-with-glibc2.28)'
    'x-ms-date': 'REDACTED'
    'x-ms-client-request-id': 'fe1041d6-433e-11f1-a90b-6c92cfa5c7f0'
No body was attached to the request
2026-04-28 16:15:25  INFO  Response status: 206
Response headers:
    'Content-Length': '65342'
    'Content-Type': 'application/octet-stream'
    'Content-Range': 'REDACTED'
    'Last-Modified': 'Thu, 16 Apr 2026 18:56:26 GMT'
    'Accept-Ranges': 'REDACTED'
    'ETag': '"0x8DE9BE9DCBABD8C"'
    'Server': 'Windows-Azure-Blob/1.0 Microsoft-HTTPAPI/2.0'
    'x-ms-request-id': '6d400aed-301e-007d-304b-d7b9bc000000'
    'x-ms-client-request-id': 'fe1041d6-433e-11f1-a90b-6c92cfa5c7f0'
    'x-ms-version': 'REDACTED'
    'x-ms-resource-type': 'REDACTED'
    'x-ms-creation-time': 'REDACTED'
    'x-ms-blob-content-md5': 'REDACTED'
    'x-ms-lease-status': 'REDACTED'
    'x-ms-lease-state': 'REDACTED'
    'x-ms-blob-type': 'REDACTED'
    'x-ms-server-encrypted': 'REDACTED'
    'x-ms-access-tier': 'REDACTED'
    'x-ms-access-tier-inferred': 'REDACTED'
    'x-ms-owner': 'REDACTED'
    'x-ms-group': 'REDACTED'
    'x-ms-permissions': 'REDACTED'
    'x-ms-acl': 'REDACTED'
    'Date': 'Tue, 28 Apr 2026 20:15:24 GMT'
2026-04-28 16:15:25  INFO  Building grid for d02 shape=(141, 162) dx=1333 m
2026-04-28 16:15:25  INFO  LU source /network/rit/lab/CUERG/kaiden/wrf/4.2.2_Forecast_NYC/validation/energy/diag/NYPA/wrfndi_1km_UCP: 4890 urban cells on target grid
2026-04-28 16:15:26  INFO    Zone I: 236 polygon cells, 198 urban-overlap
2026-04-28 16:15:26  INFO    Zone J: 556 polygon cells, 428 urban-overlap
2026-04-28 16:15:26  INFO    Zone K: 2969 polygon cells, 1069 urban-overlap
2026-04-28 16:15:26  INFO    BAF cuerg: src=(120, 120), target-max=0.415
2026-04-28 16:15:26  INFO    BAF swain: src=(150, 150), target-max=0.625
2026-04-28 16:15:26  INFO    BAF forecast: src=(150, 150), target-max=0.601
2026-04-28 16:15:26  INFO    BAF nypa: src=(141, 162), target-max=0.888
2026-04-28 16:15:26  INFO    Excluding source 'cuerg' for Zone I (BAF mean=0.0000)
2026-04-28 16:15:26  INFO    Zone I valid sources: ['no_baf', 'swain', 'forecast', 'nypa']
2026-04-28 16:15:26  INFO    Zone J valid sources: ['no_baf', 'cuerg', 'swain', 'forecast', 'nypa']
2026-04-28 16:15:26  INFO    Excluding source 'cuerg' for Zone K (BAF mean=0.0000)
2026-04-28 16:15:26  INFO    Zone K valid sources: ['no_baf', 'swain', 'forecast', 'nypa']
2026-04-28 16:15:26  INFO  Request URL: 'https://agileloadforecasting.blob.core.windows.net/ualbany/final_uWRF_simulations/ssp45_cooler/2d_vars/zarr_2d_vars_d02_2050_01.zarr/Times/0?sp=REDACTED&st=REDACTED&se=REDACTED&spr=REDACTED&sv=REDACTED&sr=REDACTED&sig=REDACTED'
Request method: 'HEAD'
Request headers:
    'x-ms-version': 'REDACTED'
    'Accept': 'application/xml'
    'User-Agent': 'azsdk-python-storage-blob/12.24.0 Python/3.13.1 (Linux-5.4.17-2136.353.3.el8uek.x86_64-x86_64-with-glibc2.28)'
    'x-ms-date': 'REDACTED'
    'x-ms-client-request-id': 'fecd3f5c-433e-11f1-a90b-6c92cfa5c7f0'
No body was attached to the request
2026-04-28 16:15:26  INFO  Response status: 200
Response headers:
    'Content-Length': '532'
    'Content-Type': 'application/octet-stream'
    'Content-MD5': 'REDACTED'
    'Last-Modified': 'Thu, 16 Apr 2026 18:56:27 GMT'
    'Accept-Ranges': 'REDACTED'
    'ETag': '"0x8DE9BE9DD1AD288"'
    'Server': 'Windows-Azure-Blob/1.0 Microsoft-HTTPAPI/2.0'
    'x-ms-request-id': '6d400e6b-301e-007d-774b-d7b9bc000000'
    'x-ms-client-request-id': 'fecd3f5c-433e-11f1-a90b-6c92cfa5c7f0'
    'x-ms-version': 'REDACTED'
    'x-ms-resource-type': 'REDACTED'
    'x-ms-creation-time': 'REDACTED'
    'x-ms-lease-status': 'REDACTED'
    'x-ms-lease-state': 'REDACTED'
    'x-ms-blob-type': 'REDACTED'
    'x-ms-server-encrypted': 'REDACTED'
    'x-ms-access-tier': 'REDACTED'
    'x-ms-access-tier-inferred': 'REDACTED'
    'x-ms-owner': 'REDACTED'
    'x-ms-group': 'REDACTED'
    'x-ms-permissions': 'REDACTED'
    'x-ms-acl': 'REDACTED'
    'Date': 'Tue, 28 Apr 2026 20:15:25 GMT'
2026-04-28 16:15:26  INFO  Request URL: 'https://agileloadforecasting.blob.core.windows.net/ualbany/final_uWRF_simulations/ssp45_cooler/2d_vars/zarr_2d_vars_d02_2050_01.zarr/Times/0?sp=REDACTED&st=REDACTED&se=REDACTED&spr=REDACTED&sv=REDACTED&sr=REDACTED&sig=REDACTED'
Request method: 'GET'
Request headers:
    'x-ms-range': 'REDACTED'
    'x-ms-version': 'REDACTED'
    'Accept': 'application/xml'
    'User-Agent': 'azsdk-python-storage-blob/12.24.0 Python/3.13.1 (Linux-5.4.17-2136.353.3.el8uek.x86_64-x86_64-with-glibc2.28)'
    'x-ms-date': 'REDACTED'
    'x-ms-client-request-id': 'fed18440-433e-11f1-a90b-6c92cfa5c7f0'
No body was attached to the request
2026-04-28 16:15:26  INFO  Response status: 206
Response headers:
    'Content-Length': '532'
    'Content-Type': 'application/octet-stream'
    'Content-Range': 'REDACTED'
    'Last-Modified': 'Thu, 16 Apr 2026 18:56:27 GMT'
    'Accept-Ranges': 'REDACTED'
    'ETag': '"0x8DE9BE9DD1AD288"'
    'Server': 'Windows-Azure-Blob/1.0 Microsoft-HTTPAPI/2.0'
    'x-ms-request-id': '6d400e7e-301e-007d-094b-d7b9bc000000'
    'x-ms-client-request-id': 'fed18440-433e-11f1-a90b-6c92cfa5c7f0'
    'x-ms-version': 'REDACTED'
    'x-ms-resource-type': 'REDACTED'
    'x-ms-creation-time': 'REDACTED'
    'x-ms-blob-content-md5': 'REDACTED'
    'x-ms-lease-status': 'REDACTED'
    'x-ms-lease-state': 'REDACTED'
    'x-ms-blob-type': 'REDACTED'
    'x-ms-server-encrypted': 'REDACTED'
    'x-ms-access-tier': 'REDACTED'
    'x-ms-access-tier-inferred': 'REDACTED'
    'x-ms-owner': 'REDACTED'
    'x-ms-group': 'REDACTED'
    'x-ms-permissions': 'REDACTED'
    'x-ms-acl': 'REDACTED'
    'Date': 'Tue, 28 Apr 2026 20:15:26 GMT'
2026-04-28 16:15:26  INFO  Request URL: 'https://agileloadforecasting.blob.core.windows.net/ualbany/final_uWRF_simulations/ssp45_cooler/2d_vars/zarr_2d_vars_d02_2050_01.zarr/Times/1?sp=REDACTED&st=REDACTED&se=REDACTED&spr=REDACTED&sv=REDACTED&sr=REDACTED&sig=REDACTED'
Request method: 'HEAD'
Request headers:
    'x-ms-version': 'REDACTED'
    'Accept': 'application/xml'
    'User-Agent': 'azsdk-python-storage-blob/12.24.0 Python/3.13.1 (Linux-5.4.17-2136.353.3.el8uek.x86_64-x86_64-with-glibc2.28)'
    'x-ms-date': 'REDACTED'
    'x-ms-client-request-id': 'fee05c18-433e-11f1-a90b-6c92cfa5c7f0'
No body was attached to the request
2026-04-28 16:15:26  INFO  Response status: 200
Response headers:
    'Content-Length': '84'
    'Content-Type': 'application/octet-stream'
    'Content-MD5': 'REDACTED'
    'Last-Modified': 'Thu, 16 Apr 2026 18:56:27 GMT'
    'Accept-Ranges': 'REDACTED'
    'ETag': '"0x8DE9BE9DD25F6A4"'
    'Server': 'Windows-Azure-Blob/1.0 Microsoft-HTTPAPI/2.0'
    'x-ms-request-id': '6d400ed2-301e-007d-4f4b-d7b9bc000000'
    'x-ms-client-request-id': 'fee05c18-433e-11f1-a90b-6c92cfa5c7f0'
    'x-ms-version': 'REDACTED'
    'x-ms-resource-type': 'REDACTED'
    'x-ms-creation-time': 'REDACTED'
    'x-ms-lease-status': 'REDACTED'
    'x-ms-lease-state': 'REDACTED'
    'x-ms-blob-type': 'REDACTED'
    'x-ms-server-encrypted': 'REDACTED'
    'x-ms-access-tier': 'REDACTED'
    'x-ms-access-tier-inferred': 'REDACTED'
    'x-ms-owner': 'REDACTED'
    'x-ms-group': 'REDACTED'
    'x-ms-permissions': 'REDACTED'
    'x-ms-acl': 'REDACTED'
    'Date': 'Tue, 28 Apr 2026 20:15:26 GMT'
2026-04-28 16:15:26  INFO  Request URL: 'https://agileloadforecasting.blob.core.windows.net/ualbany/final_uWRF_simulations/ssp45_cooler/2d_vars/zarr_2d_vars_d02_2050_01.zarr/Times/1?sp=REDACTED&st=REDACTED&se=REDACTED&spr=REDACTED&sv=REDACTED&sr=REDACTED&sig=REDACTED'
Request method: 'GET'
Request headers:
    'x-ms-range': 'REDACTED'
    'x-ms-version': 'REDACTED'
    'Accept': 'application/xml'
    'User-Agent': 'azsdk-python-storage-blob/12.24.0 Python/3.13.1 (Linux-5.4.17-2136.353.3.el8uek.x86_64-x86_64-with-glibc2.28)'
    'x-ms-date': 'REDACTED'
    'x-ms-client-request-id': 'fee403fe-433e-11f1-a90b-6c92cfa5c7f0'
No body was attached to the request
2026-04-28 16:15:26  INFO  Response status: 206
Response headers:
    'Content-Length': '84'
    'Content-Type': 'application/octet-stream'
    'Content-Range': 'REDACTED'
    'Last-Modified': 'Thu, 16 Apr 2026 18:56:27 GMT'
    'Accept-Ranges': 'REDACTED'
    'ETag': '"0x8DE9BE9DD25F6A4"'
    'Server': 'Windows-Azure-Blob/1.0 Microsoft-HTTPAPI/2.0'
    'x-ms-request-id': '6d400edf-301e-007d-5c4b-d7b9bc000000'
    'x-ms-client-request-id': 'fee403fe-433e-11f1-a90b-6c92cfa5c7f0'
    'x-ms-version': 'REDACTED'
    'x-ms-resource-type': 'REDACTED'
    'x-ms-creation-time': 'REDACTED'
    'x-ms-blob-content-md5': 'REDACTED'
    'x-ms-lease-status': 'REDACTED'
    'x-ms-lease-state': 'REDACTED'
    'x-ms-blob-type': 'REDACTED'
    'x-ms-server-encrypted': 'REDACTED'
    'x-ms-access-tier': 'REDACTED'
    'x-ms-access-tier-inferred': 'REDACTED'
    'x-ms-owner': 'REDACTED'
    'x-ms-group': 'REDACTED'
    'x-ms-permissions': 'REDACTED'
    'x-ms-acl': 'REDACTED'
    'Date': 'Tue, 28 Apr 2026 20:15:26 GMT'
2026-04-28 16:15:26  INFO  Request URL: 'https://agileloadforecasting.blob.core.windows.net/ualbany/final_uWRF_simulations/ssp45_cooler/2d_vars/zarr_2d_vars_d02_2050_01.zarr/CM_AC_URB3D/0.0.0?sp=REDACTED&st=REDACTED&se=REDACTED&spr=REDACTED&sv=REDACTED&sr=REDACTED&sig=REDACTED'
Request method: 'HEAD'
Request headers:
    'x-ms-version': 'REDACTED'
    'Accept': 'application/xml'
    'User-Agent': 'azsdk-python-storage-blob/12.24.0 Python/3.13.1 (Linux-5.4.17-2136.353.3.el8uek.x86_64-x86_64-with-glibc2.28)'
    'x-ms-date': 'REDACTED'
    'x-ms-client-request-id': 'fee9c4b0-433e-11f1-a90b-6c92cfa5c7f0'
No body was attached to the request
2026-04-28 16:15:26  INFO  Response status: 200
Response headers:
    'Content-Length': '13517003'
    'Content-Type': 'application/octet-stream'
    'Content-MD5': 'REDACTED'
    'Last-Modified': 'Thu, 16 Apr 2026 18:56:27 GMT'
    'Accept-Ranges': 'REDACTED'
    'ETag': '"0x8DE9BE9DD78A3D4"'
    'Server': 'Windows-Azure-Blob/1.0 Microsoft-HTTPAPI/2.0'
    'x-ms-request-id': '6d400ef7-301e-007d-724b-d7b9bc000000'
    'x-ms-client-request-id': 'fee9c4b0-433e-11f1-a90b-6c92cfa5c7f0'
    'x-ms-version': 'REDACTED'
    'x-ms-resource-type': 'REDACTED'
    'x-ms-creation-time': 'REDACTED'
    'x-ms-lease-status': 'REDACTED'
    'x-ms-lease-state': 'REDACTED'
    'x-ms-blob-type': 'REDACTED'
    'x-ms-server-encrypted': 'REDACTED'
    'x-ms-access-tier': 'REDACTED'
    'x-ms-access-tier-inferred': 'REDACTED'
    'x-ms-owner': 'REDACTED'
    'x-ms-group': 'REDACTED'
    'x-ms-permissions': 'REDACTED'
    'x-ms-acl': 'REDACTED'
    'Date': 'Tue, 28 Apr 2026 20:15:26 GMT'
2026-04-28 16:15:26  INFO  Request URL: 'https://agileloadforecasting.blob.core.windows.net/ualbany/final_uWRF_simulations/ssp45_cooler/2d_vars/zarr_2d_vars_d02_2050_01.zarr/CM_AC_URB3D/0.0.0?sp=REDACTED&st=REDACTED&se=REDACTED&spr=REDACTED&sv=REDACTED&sr=REDACTED&sig=REDACTED'
Request method: 'GET'
Request headers:
    'x-ms-range': 'REDACTED'
    'x-ms-version': 'REDACTED'
    'Accept': 'application/xml'
    'User-Agent': 'azsdk-python-storage-blob/12.24.0 Python/3.13.1 (Linux-5.4.17-2136.353.3.el8uek.x86_64-x86_64-with-glibc2.28)'
    'x-ms-date': 'REDACTED'
    'x-ms-client-request-id': 'feee2640-433e-11f1-a90b-6c92cfa5c7f0'
No body was attached to the request
2026-04-28 16:15:27  INFO  Response status: 206
Response headers:
    'Content-Length': '13517003'
    'Content-Type': 'application/octet-stream'
    'Content-Range': 'REDACTED'
    'Last-Modified': 'Thu, 16 Apr 2026 18:56:27 GMT'
    'Accept-Ranges': 'REDACTED'
    'ETag': '"0x8DE9BE9DD78A3D4"'
    'Server': 'Windows-Azure-Blob/1.0 Microsoft-HTTPAPI/2.0'
    'x-ms-request-id': '6d400f0e-301e-007d-054b-d7b9bc000000'
    'x-ms-client-request-id': 'feee2640-433e-11f1-a90b-6c92cfa5c7f0'
    'x-ms-version': 'REDACTED'
    'x-ms-resource-type': 'REDACTED'
    'x-ms-creation-time': 'REDACTED'
    'x-ms-blob-content-md5': 'REDACTED'
    'x-ms-lease-status': 'REDACTED'
    'x-ms-lease-state': 'REDACTED'
    'x-ms-blob-type': 'REDACTED'
    'x-ms-server-encrypted': 'REDACTED'
    'x-ms-access-tier': 'REDACTED'
    'x-ms-access-tier-inferred': 'REDACTED'
    'x-ms-owner': 'REDACTED'
    'x-ms-group': 'REDACTED'
    'x-ms-permissions': 'REDACTED'
    'x-ms-acl': 'REDACTED'
    'Date': 'Tue, 28 Apr 2026 20:15:26 GMT'
2026-04-28 16:15:27  INFO  Request URL: 'https://agileloadforecasting.blob.core.windows.net/ualbany/final_uWRF_simulations/ssp45_cooler/2d_vars/zarr_2d_vars_d02_2050_01.zarr/CM_AC_URB3D/1.0.0?sp=REDACTED&st=REDACTED&se=REDACTED&spr=REDACTED&sv=REDACTED&sr=REDACTED&sig=REDACTED'
Request method: 'HEAD'
Request headers:
    'x-ms-version': 'REDACTED'
    'Accept': 'application/xml'
    'User-Agent': 'azsdk-python-storage-blob/12.24.0 Python/3.13.1 (Linux-5.4.17-2136.353.3.el8uek.x86_64-x86_64-with-glibc2.28)'
    'x-ms-date': 'REDACTED'
    'x-ms-client-request-id': 'ff1b9c2e-433e-11f1-a90b-6c92cfa5c7f0'
No body was attached to the request
2026-04-28 16:15:27  INFO  Response status: 200
Response headers:
    'Content-Length': '457266'
    'Content-Type': 'application/octet-stream'
    'Content-MD5': 'REDACTED'
    'Last-Modified': 'Thu, 16 Apr 2026 18:56:27 GMT'
    'Accept-Ranges': 'REDACTED'
    'ETag': '"0x8DE9BE9DD5DDFE0"'
    'Server': 'Windows-Azure-Blob/1.0 Microsoft-HTTPAPI/2.0'
    'x-ms-request-id': '6d400fe3-301e-007d-374b-d7b9bc000000'
    'x-ms-client-request-id': 'ff1b9c2e-433e-11f1-a90b-6c92cfa5c7f0'
    'x-ms-version': 'REDACTED'
    'x-ms-resource-type': 'REDACTED'
    'x-ms-creation-time': 'REDACTED'
    'x-ms-lease-status': 'REDACTED'
    'x-ms-lease-state': 'REDACTED'
    'x-ms-blob-type': 'REDACTED'
    'x-ms-server-encrypted': 'REDACTED'
    'x-ms-access-tier': 'REDACTED'
    'x-ms-access-tier-inferred': 'REDACTED'
    'x-ms-owner': 'REDACTED'
    'x-ms-group': 'REDACTED'
    'x-ms-permissions': 'REDACTED'
    'x-ms-acl': 'REDACTED'
    'Date': 'Tue, 28 Apr 2026 20:15:26 GMT'
2026-04-28 16:15:27  INFO  Request URL: 'https://agileloadforecasting.blob.core.windows.net/ualbany/final_uWRF_simulations/ssp45_cooler/2d_vars/zarr_2d_vars_d02_2050_01.zarr/CM_AC_URB3D/1.0.0?sp=REDACTED&st=REDACTED&se=REDACTED&spr=REDACTED&sv=REDACTED&sr=REDACTED&sig=REDACTED'
Request method: 'GET'
Request headers:
    'x-ms-range': 'REDACTED'
    'x-ms-version': 'REDACTED'
    'Accept': 'application/xml'
    'User-Agent': 'azsdk-python-storage-blob/12.24.0 Python/3.13.1 (Linux-5.4.17-2136.353.3.el8uek.x86_64-x86_64-with-glibc2.28)'
    'x-ms-date': 'REDACTED'
    'x-ms-client-request-id': 'ff1e9460-433e-11f1-a90b-6c92cfa5c7f0'
No body was attached to the request
2026-04-28 16:15:27  INFO  Response status: 206
Response headers:
    'Content-Length': '457266'
    'Content-Type': 'application/octet-stream'
    'Content-Range': 'REDACTED'
    'Last-Modified': 'Thu, 16 Apr 2026 18:56:27 GMT'
    'Accept-Ranges': 'REDACTED'
    'ETag': '"0x8DE9BE9DD5DDFE0"'
    'Server': 'Windows-Azure-Blob/1.0 Microsoft-HTTPAPI/2.0'
    'x-ms-request-id': '6d400ff3-301e-007d-434b-d7b9bc000000'
    'x-ms-client-request-id': 'ff1e9460-433e-11f1-a90b-6c92cfa5c7f0'
    'x-ms-version': 'REDACTED'
    'x-ms-resource-type': 'REDACTED'
    'x-ms-creation-time': 'REDACTED'
    'x-ms-blob-content-md5': 'REDACTED'
    'x-ms-lease-status': 'REDACTED'
    'x-ms-lease-state': 'REDACTED'
    'x-ms-blob-type': 'REDACTED'
    'x-ms-server-encrypted': 'REDACTED'
    'x-ms-access-tier': 'REDACTED'
    'x-ms-access-tier-inferred': 'REDACTED'
    'x-ms-owner': 'REDACTED'
    'x-ms-group': 'REDACTED'
    'x-ms-permissions': 'REDACTED'
    'x-ms-acl': 'REDACTED'
    'Date': 'Tue, 28 Apr 2026 20:15:26 GMT'
2026-04-28 16:15:27  INFO    2050-01 -> 739 rows (2.2s, days seen=31)
/network/rit/lab/CUERG/kaiden/531_final_project/load_projections/2050/compare_hvac_baf.py:356: FutureWarning: The ABSStore is deprecated and will be removed in a Zarr-Python version 3, see https://github.com/zarr-developers/zarr-python/issues/1274 for more information.
  ds = open_blob_month(yy, mm, dom)
2026-04-28 16:15:27  INFO  Request URL: 'https://agileloadforecasting.blob.core.windows.net/ualbany/final_uWRF_simulations/ssp45_cooler/2d_vars/zarr_2d_vars_d02_2050_02.zarr/.zmetadata?sp=REDACTED&st=REDACTED&se=REDACTED&spr=REDACTED&sv=REDACTED&sr=REDACTED&sig=REDACTED'
Request method: 'GET'
Request headers:
    'x-ms-range': 'REDACTED'
    'x-ms-version': 'REDACTED'
    'Accept': 'application/xml'
    'User-Agent': 'azsdk-python-storage-blob/12.24.0 Python/3.13.1 (Linux-5.4.17-2136.353.3.el8uek.x86_64-x86_64-with-glibc2.28)'
    'x-ms-date': 'REDACTED'
    'x-ms-client-request-id': 'ff3707d4-433e-11f1-a90b-6c92cfa5c7f0'
No body was attached to the request
2026-04-28 16:15:27  INFO  Response status: 206
Response headers:
    'Content-Length': '93201'
    'Content-Type': 'application/octet-stream'
    'Content-Range': 'REDACTED'
    'Last-Modified': 'Thu, 16 Apr 2026 17:20:54 GMT'
    'Accept-Ranges': 'REDACTED'
    'ETag': '"0x8DE9BDC83F6F060"'
    'Server': 'Windows-Azure-Blob/1.0 Microsoft-HTTPAPI/2.0'
    'x-ms-request-id': '6d40106c-301e-007d-284b-d7b9bc000000'
    'x-ms-client-request-id': 'ff3707d4-433e-11f1-a90b-6c92cfa5c7f0'
    'x-ms-version': 'REDACTED'
    'x-ms-resource-type': 'REDACTED'
    'x-ms-creation-time': 'REDACTED'
    'x-ms-blob-content-md5': 'REDACTED'
    'x-ms-lease-status': 'REDACTED'
    'x-ms-lease-state': 'REDACTED'
    'x-ms-blob-type': 'REDACTED'
    'x-ms-server-encrypted': 'REDACTED'
    'x-ms-access-tier': 'REDACTED'
    'x-ms-access-tier-inferred': 'REDACTED'
    'x-ms-owner': 'REDACTED'
    'x-ms-group': 'REDACTED'
    'x-ms-permissions': 'REDACTED'
    'x-ms-acl': 'REDACTED'
    'Date': 'Tue, 28 Apr 2026 20:15:26 GMT'
2026-04-28 16:15:27  INFO  Request URL: 'https://agileloadforecasting.blob.core.windows.net/ualbany/final_uWRF_simulations/ssp45_cooler/2d_vars/zarr_2d_vars_d02_2050_02.zarr/Times/0?sp=REDACTED&st=REDACTED&se=REDACTED&spr=REDACTED&sv=REDACTED&sr=REDACTED&sig=REDACTED'
Request method: 'HEAD'
Request headers:
    'x-ms-version': 'REDACTED'
    'Accept': 'application/xml'
    'User-Agent': 'azsdk-python-storage-blob/12.24.0 Python/3.13.1 (Linux-5.4.17-2136.353.3.el8uek.x86_64-x86_64-with-glibc2.28)'
    'x-ms-date': 'REDACTED'
    'x-ms-client-request-id': 'ff4a58d4-433e-11f1-a90b-6c92cfa5c7f0'
No body was attached to the request
2026-04-28 16:15:27  INFO  Response status: 200
Response headers:
    'Content-Length': '472'
    'Content-Type': 'application/octet-stream'
    'Content-MD5': 'REDACTED'
    'Last-Modified': 'Thu, 16 Apr 2026 17:20:54 GMT'
    'Accept-Ranges': 'REDACTED'
    'ETag': '"0x8DE9BDC8433F0C8"'
    'Server': 'Windows-Azure-Blob/1.0 Microsoft-HTTPAPI/2.0'
    'x-ms-request-id': '6d4010d1-301e-007d-7a4b-d7b9bc000000'
    'x-ms-client-request-id': 'ff4a58d4-433e-11f1-a90b-6c92cfa5c7f0'
    'x-ms-version': 'REDACTED'
    'x-ms-resource-type': 'REDACTED'
    'x-ms-creation-time': 'REDACTED'
    'x-ms-lease-status': 'REDACTED'
    'x-ms-lease-state': 'REDACTED'
    'x-ms-blob-type': 'REDACTED'
    'x-ms-server-encrypted': 'REDACTED'
    'x-ms-access-tier': 'REDACTED'
    'x-ms-access-tier-inferred': 'REDACTED'
    'x-ms-owner': 'REDACTED'
    'x-ms-group': 'REDACTED'
    'x-ms-permissions': 'REDACTED'
    'x-ms-acl': 'REDACTED'
    'Date': 'Tue, 28 Apr 2026 20:15:26 GMT'
2026-04-28 16:15:27  INFO  Request URL: 'https://agileloadforecasting.blob.core.windows.net/ualbany/final_uWRF_simulations/ssp45_cooler/2d_vars/zarr_2d_vars_d02_2050_02.zarr/Times/0?sp=REDACTED&st=REDACTED&se=REDACTED&spr=REDACTED&sv=REDACTED&sr=REDACTED&sig=REDACTED'
Request method: 'GET'
Request headers:
    'x-ms-range': 'REDACTED'
    'x-ms-version': 'REDACTED'
    'Accept': 'application/xml'
    'User-Agent': 'azsdk-python-storage-blob/12.24.0 Python/3.13.1 (Linux-5.4.17-2136.353.3.el8uek.x86_64-x86_64-with-glibc2.28)'
    'x-ms-date': 'REDACTED'
    'x-ms-client-request-id': 'ff4ff47e-433e-11f1-a90b-6c92cfa5c7f0'
No body was attached to the request
2026-04-28 16:15:27  INFO  Response status: 206
Response headers:
    'Content-Length': '472'
    'Content-Type': 'application/octet-stream'
    'Content-Range': 'REDACTED'
    'Last-Modified': 'Thu, 16 Apr 2026 17:20:54 GMT'
    'Accept-Ranges': 'REDACTED'
    'ETag': '"0x8DE9BDC8433F0C8"'
    'Server': 'Windows-Azure-Blob/1.0 Microsoft-HTTPAPI/2.0'
    'x-ms-request-id': '6d4010ea-301e-007d-0d4b-d7b9bc000000'
    'x-ms-client-request-id': 'ff4ff47e-433e-11f1-a90b-6c92cfa5c7f0'
    'x-ms-version': 'REDACTED'
    'x-ms-resource-type': 'REDACTED'
    'x-ms-creation-time': 'REDACTED'
    'x-ms-blob-content-md5': 'REDACTED'
    'x-ms-lease-status': 'REDACTED'
    'x-ms-lease-state': 'REDACTED'
    'x-ms-blob-type': 'REDACTED'
    'x-ms-server-encrypted': 'REDACTED'
    'x-ms-access-tier': 'REDACTED'
    'x-ms-access-tier-inferred': 'REDACTED'
    'x-ms-owner': 'REDACTED'
    'x-ms-group': 'REDACTED'
    'x-ms-permissions': 'REDACTED'
    'x-ms-acl': 'REDACTED'
    'Date': 'Tue, 28 Apr 2026 20:15:26 GMT'
2026-04-28 16:15:27  INFO  Request URL: 'https://agileloadforecasting.blob.core.windows.net/ualbany/final_uWRF_simulations/ssp45_cooler/2d_vars/zarr_2d_vars_d02_2050_02.zarr/CM_AC_URB3D/0.0.0?sp=REDACTED&st=REDACTED&se=REDACTED&spr=REDACTED&sv=REDACTED&sr=REDACTED&sig=REDACTED'
Request method: 'HEAD'
Request headers:
    'x-ms-version': 'REDACTED'
    'Accept': 'application/xml'
    'User-Agent': 'azsdk-python-storage-blob/12.24.0 Python/3.13.1 (Linux-5.4.17-2136.353.3.el8uek.x86_64-x86_64-with-glibc2.28)'
    'x-ms-date': 'REDACTED'
    'x-ms-client-request-id': 'ff5a52ac-433e-11f1-a90b-6c92cfa5c7f0'
No body was attached to the request
2026-04-28 16:15:27  INFO  Response status: 200
Response headers:
    'Content-Length': '12780813'
    'Content-Type': 'application/octet-stream'
    'Content-MD5': 'REDACTED'
    'Last-Modified': 'Thu, 16 Apr 2026 17:20:57 GMT'
    'Accept-Ranges': 'REDACTED'
    'ETag': '"0x8DE9BDC85CB7614"'
    'Server': 'Windows-Azure-Blob/1.0 Microsoft-HTTPAPI/2.0'
    'x-ms-request-id': '6d401116-301e-007d-334b-d7b9bc000000'
    'x-ms-client-request-id': 'ff5a52ac-433e-11f1-a90b-6c92cfa5c7f0'
    'x-ms-version': 'REDACTED'
    'x-ms-resource-type': 'REDACTED'
    'x-ms-creation-time': 'REDACTED'
    'x-ms-lease-status': 'REDACTED'
    'x-ms-lease-state': 'REDACTED'
    'x-ms-blob-type': 'REDACTED'
    'x-ms-server-encrypted': 'REDACTED'
    'x-ms-access-tier': 'REDACTED'
    'x-ms-access-tier-inferred': 'REDACTED'
    'x-ms-owner': 'REDACTED'
    'x-ms-group': 'REDACTED'
    'x-ms-permissions': 'REDACTED'
    'x-ms-acl': 'REDACTED'
    'Date': 'Tue, 28 Apr 2026 20:15:26 GMT'
2026-04-28 16:15:27  INFO  Request URL: 'https://agileloadforecasting.blob.core.windows.net/ualbany/final_uWRF_simulations/ssp45_cooler/2d_vars/zarr_2d_vars_d02_2050_02.zarr/CM_AC_URB3D/0.0.0?sp=REDACTED&st=REDACTED&se=REDACTED&spr=REDACTED&sv=REDACTED&sr=REDACTED&sig=REDACTED'
Request method: 'GET'
Request headers:
    'x-ms-range': 'REDACTED'
    'x-ms-version': 'REDACTED'
    'Accept': 'application/xml'
    'User-Agent': 'azsdk-python-storage-blob/12.24.0 Python/3.13.1 (Linux-5.4.17-2136.353.3.el8uek.x86_64-x86_64-with-glibc2.28)'
    'x-ms-date': 'REDACTED'
    'x-ms-client-request-id': 'ff5e1e0a-433e-11f1-a90b-6c92cfa5c7f0'
No body was attached to the request
2026-04-28 16:15:27  INFO  Response status: 206
Response headers:
    'Content-Length': '12780813'
    'Content-Type': 'application/octet-stream'
    'Content-Range': 'REDACTED'
    'Last-Modified': 'Thu, 16 Apr 2026 17:20:57 GMT'
    'Accept-Ranges': 'REDACTED'
    'ETag': '"0x8DE9BDC85CB7614"'
    'Server': 'Windows-Azure-Blob/1.0 Microsoft-HTTPAPI/2.0'
    'x-ms-request-id': '6d401127-301e-007d-414b-d7b9bc000000'
    'x-ms-client-request-id': 'ff5e1e0a-433e-11f1-a90b-6c92cfa5c7f0'
    'x-ms-version': 'REDACTED'
    'x-ms-resource-type': 'REDACTED'
    'x-ms-creation-time': 'REDACTED'
    'x-ms-blob-content-md5': 'REDACTED'
    'x-ms-lease-status': 'REDACTED'
    'x-ms-lease-state': 'REDACTED'
    'x-ms-blob-type': 'REDACTED'
    'x-ms-server-encrypted': 'REDACTED'
    'x-ms-access-tier': 'REDACTED'
    'x-ms-access-tier-inferred': 'REDACTED'
    'x-ms-owner': 'REDACTED'
    'x-ms-group': 'REDACTED'
    'x-ms-permissions': 'REDACTED'
    'x-ms-acl': 'REDACTED'
    'Date': 'Tue, 28 Apr 2026 20:15:27 GMT'
2026-04-28 16:15:28  INFO    2050-02 -> 672 rows (0.5s, days seen=59)
2026-04-28 16:15:28  INFO  Request URL: 'https://agileloadforecasting.blob.core.windows.net/ualbany/final_uWRF_simulations/ssp45_cooler/2d_vars/zarr_2d_vars_d02_2050_03.zarr/.zmetadata?sp=REDACTED&st=REDACTED&se=REDACTED&spr=REDACTED&sv=REDACTED&sr=REDACTED&sig=REDACTED'
Request method: 'GET'
Request headers:
    'x-ms-range': 'REDACTED'
    'x-ms-version': 'REDACTED'
    'Accept': 'application/xml'
    'User-Agent': 'azsdk-python-storage-blob/12.24.0 Python/3.13.1 (Linux-5.4.17-2136.353.3.el8uek.x86_64-x86_64-with-glibc2.28)'
    'x-ms-date': 'REDACTED'
    'x-ms-client-request-id': 'ff925af8-433e-11f1-a90b-6c92cfa5c7f0'
No body was attached to the request
2026-04-28 16:15:28  INFO  Response status: 206
Response headers:
    'Content-Length': '93201'
    'Content-Type': 'application/octet-stream'
    'Content-Range': 'REDACTED'
    'Last-Modified': 'Thu, 16 Apr 2026 19:11:58 GMT'
    'Accept-Ranges': 'REDACTED'
    'ETag': '"0x8DE9BEC085DEE0C"'
    'Server': 'Windows-Azure-Blob/1.0 Microsoft-HTTPAPI/2.0'
    'x-ms-request-id': '6d40122f-301e-007d-054b-d7b9bc000000'
    'x-ms-client-request-id': 'ff925af8-433e-11f1-a90b-6c92cfa5c7f0'
    'x-ms-version': 'REDACTED'
    'x-ms-resource-type': 'REDACTED'
    'x-ms-creation-time': 'REDACTED'
    'x-ms-blob-content-md5': 'REDACTED'
    'x-ms-lease-status': 'REDACTED'
    'x-ms-lease-state': 'REDACTED'
    'x-ms-blob-type': 'REDACTED'
    'x-ms-server-encrypted': 'REDACTED'
    'x-ms-access-tier': 'REDACTED'
    'x-ms-access-tier-inferred': 'REDACTED'
    'x-ms-owner': 'REDACTED'
    'x-ms-group': 'REDACTED'
    'x-ms-permissions': 'REDACTED'
    'x-ms-acl': 'REDACTED'
    'Date': 'Tue, 28 Apr 2026 20:15:27 GMT'
2026-04-28 16:15:28  INFO  Request URL: 'https://agileloadforecasting.blob.core.windows.net/ualbany/final_uWRF_simulations/ssp45_cooler/2d_vars/zarr_2d_vars_d02_2050_03.zarr/Times/0?sp=REDACTED&st=REDACTED&se=REDACTED&spr=REDACTED&sv=REDACTED&sr=REDACTED&sig=REDACTED'
Request method: 'HEAD'
Request headers:
    'x-ms-version': 'REDACTED'
    'Accept': 'application/xml'
    'User-Agent': 'azsdk-python-storage-blob/12.24.0 Python/3.13.1 (Linux-5.4.17-2136.353.3.el8uek.x86_64-x86_64-with-glibc2.28)'
    'x-ms-date': 'REDACTED'
    'x-ms-client-request-id': 'ff9a91d2-433e-11f1-a90b-6c92cfa5c7f0'
No body was attached to the request
2026-04-28 16:15:28  INFO  Response status: 200
Response headers:
    'Content-Length': '532'
    'Content-Type': 'application/octet-stream'
    'Content-MD5': 'REDACTED'
    'Last-Modified': 'Thu, 16 Apr 2026 19:12:01 GMT'
    'Accept-Ranges': 'REDACTED'
    'ETag': '"0x8DE9BEC09CE387C"'
    'Server': 'Windows-Azure-Blob/1.0 Microsoft-HTTPAPI/2.0'
    'x-ms-request-id': '6d401252-301e-007d-234b-d7b9bc000000'
    'x-ms-client-request-id': 'ff9a91d2-433e-11f1-a90b-6c92cfa5c7f0'
    'x-ms-version': 'REDACTED'
    'x-ms-resource-type': 'REDACTED'
    'x-ms-creation-time': 'REDACTED'
    'x-ms-lease-status': 'REDACTED'
    'x-ms-lease-state': 'REDACTED'
    'x-ms-blob-type': 'REDACTED'
    'x-ms-server-encrypted': 'REDACTED'
    'x-ms-access-tier': 'REDACTED'
    'x-ms-access-tier-inferred': 'REDACTED'
    'x-ms-owner': 'REDACTED'
    'x-ms-group': 'REDACTED'
    'x-ms-permissions': 'REDACTED'
    'x-ms-acl': 'REDACTED'
    'Date': 'Tue, 28 Apr 2026 20:15:27 GMT'
2026-04-28 16:15:28  INFO  Request URL: 'https://agileloadforecasting.blob.core.windows.net/ualbany/final_uWRF_simulations/ssp45_cooler/2d_vars/zarr_2d_vars_d02_2050_03.zarr/Times/0?sp=REDACTED&st=REDACTED&se=REDACTED&spr=REDACTED&sv=REDACTED&sr=REDACTED&sig=REDACTED'
Request method: 'GET'
Request headers:
    'x-ms-range': 'REDACTED'
    'x-ms-version': 'REDACTED'
    'Accept': 'application/xml'
    'User-Agent': 'azsdk-python-storage-blob/12.24.0 Python/3.13.1 (Linux-5.4.17-2136.353.3.el8uek.x86_64-x86_64-with-glibc2.28)'
    'x-ms-date': 'REDACTED'
    'x-ms-client-request-id': 'ff9fb3d8-433e-11f1-a90b-6c92cfa5c7f0'
No body was attached to the request
2026-04-28 16:15:28  INFO  Response status: 206
Response headers:
    'Content-Length': '532'
    'Content-Type': 'application/octet-stream'
    'Content-Range': 'REDACTED'
    'Last-Modified': 'Thu, 16 Apr 2026 19:12:01 GMT'
    'Accept-Ranges': 'REDACTED'
    'ETag': '"0x8DE9BEC09CE387C"'
    'Server': 'Windows-Azure-Blob/1.0 Microsoft-HTTPAPI/2.0'
    'x-ms-request-id': '6d401267-301e-007d-354b-d7b9bc000000'
    'x-ms-client-request-id': 'ff9fb3d8-433e-11f1-a90b-6c92cfa5c7f0'
    'x-ms-version': 'REDACTED'
    'x-ms-resource-type': 'REDACTED'
    'x-ms-creation-time': 'REDACTED'
    'x-ms-blob-content-md5': 'REDACTED'
    'x-ms-lease-status': 'REDACTED'
    'x-ms-lease-state': 'REDACTED'
    'x-ms-blob-type': 'REDACTED'
    'x-ms-server-encrypted': 'REDACTED'
    'x-ms-access-tier': 'REDACTED'
    'x-ms-access-tier-inferred': 'REDACTED'
    'x-ms-owner': 'REDACTED'
    'x-ms-group': 'REDACTED'
    'x-ms-permissions': 'REDACTED'
    'x-ms-acl': 'REDACTED'
    'Date': 'Tue, 28 Apr 2026 20:15:27 GMT'
2026-04-28 16:15:28  INFO  Request URL: 'https://agileloadforecasting.blob.core.windows.net/ualbany/final_uWRF_simulations/ssp45_cooler/2d_vars/zarr_2d_vars_d02_2050_03.zarr/Times/1?sp=REDACTED&st=REDACTED&se=REDACTED&spr=REDACTED&sv=REDACTED&sr=REDACTED&sig=REDACTED'
Request method: 'HEAD'
Request headers:
    'x-ms-version': 'REDACTED'
    'Accept': 'application/xml'
    'User-Agent': 'azsdk-python-storage-blob/12.24.0 Python/3.13.1 (Linux-5.4.17-2136.353.3.el8uek.x86_64-x86_64-with-glibc2.28)'
    'x-ms-date': 'REDACTED'
    'x-ms-client-request-id': 'ffa41a72-433e-11f1-a90b-6c92cfa5c7f0'
No body was attached to the request
2026-04-28 16:15:28  INFO  Response status: 200
Response headers:
    'Content-Length': '84'
    'Content-Type': 'application/octet-stream'
    'Content-MD5': 'REDACTED'
    'Last-Modified': 'Thu, 16 Apr 2026 19:12:01 GMT'
    'Accept-Ranges': 'REDACTED'
    'ETag': '"0x8DE9BEC09D719C8"'
    'Server': 'Windows-Azure-Blob/1.0 Microsoft-HTTPAPI/2.0'
    'x-ms-request-id': '6d40127a-301e-007d-484b-d7b9bc000000'
    'x-ms-client-request-id': 'ffa41a72-433e-11f1-a90b-6c92cfa5c7f0'
    'x-ms-version': 'REDACTED'
    'x-ms-resource-type': 'REDACTED'
    'x-ms-creation-time': 'REDACTED'
    'x-ms-lease-status': 'REDACTED'
    'x-ms-lease-state': 'REDACTED'
    'x-ms-blob-type': 'REDACTED'
    'x-ms-server-encrypted': 'REDACTED'
    'x-ms-access-tier': 'REDACTED'
    'x-ms-access-tier-inferred': 'REDACTED'
    'x-ms-owner': 'REDACTED'
    'x-ms-group': 'REDACTED'
    'x-ms-permissions': 'REDACTED'
    'x-ms-acl': 'REDACTED'
    'Date': 'Tue, 28 Apr 2026 20:15:27 GMT'
2026-04-28 16:15:28  INFO  Request URL: 'https://agileloadforecasting.blob.core.windows.net/ualbany/final_uWRF_simulations/ssp45_cooler/2d_vars/zarr_2d_vars_d02_2050_03.zarr/Times/1?sp=REDACTED&st=REDACTED&se=REDACTED&spr=REDACTED&sv=REDACTED&sr=REDACTED&sig=REDACTED'
Request method: 'GET'
Request headers:
    'x-ms-range': 'REDACTED'
    'x-ms-version': 'REDACTED'
    'Accept': 'application/xml'
    'User-Agent': 'azsdk-python-storage-blob/12.24.0 Python/3.13.1 (Linux-5.4.17-2136.353.3.el8uek.x86_64-x86_64-with-glibc2.28)'
    'x-ms-date': 'REDACTED'
    'x-ms-client-request-id': 'ffa68816-433e-11f1-a90b-6c92cfa5c7f0'
No body was attached to the request
2026-04-28 16:15:28  INFO  Response status: 206
Response headers:
    'Content-Length': '84'
    'Content-Type': 'application/octet-stream'
    'Content-Range': 'REDACTED'
    'Last-Modified': 'Thu, 16 Apr 2026 19:12:01 GMT'
    'Accept-Ranges': 'REDACTED'
    'ETag': '"0x8DE9BEC09D719C8"'
    'Server': 'Windows-Azure-Blob/1.0 Microsoft-HTTPAPI/2.0'
    'x-ms-request-id': '6d401284-301e-007d-524b-d7b9bc000000'
    'x-ms-client-request-id': 'ffa68816-433e-11f1-a90b-6c92cfa5c7f0'
    'x-ms-version': 'REDACTED'
    'x-ms-resource-type': 'REDACTED'
    'x-ms-creation-time': 'REDACTED'
    'x-ms-blob-content-md5': 'REDACTED'
    'x-ms-lease-status': 'REDACTED'
    'x-ms-lease-state': 'REDACTED'
    'x-ms-blob-type': 'REDACTED'
    'x-ms-server-encrypted': 'REDACTED'
    'x-ms-access-tier': 'REDACTED'
    'x-ms-access-tier-inferred': 'REDACTED'
    'x-ms-owner': 'REDACTED'
    'x-ms-group': 'REDACTED'
    'x-ms-permissions': 'REDACTED'
    'x-ms-acl': 'REDACTED'
    'Date': 'Tue, 28 Apr 2026 20:15:27 GMT'
2026-04-28 16:15:28  INFO  Request URL: 'https://agileloadforecasting.blob.core.windows.net/ualbany/final_uWRF_simulations/ssp45_cooler/2d_vars/zarr_2d_vars_d02_2050_03.zarr/CM_AC_URB3D/0.0.0?sp=REDACTED&st=REDACTED&se=REDACTED&spr=REDACTED&sv=REDACTED&sr=REDACTED&sig=REDACTED'
Request method: 'HEAD'
Request headers:
    'x-ms-version': 'REDACTED'
    'Accept': 'application/xml'
    'User-Agent': 'azsdk-python-storage-blob/12.24.0 Python/3.13.1 (Linux-5.4.17-2136.353.3.el8uek.x86_64-x86_64-with-glibc2.28)'
    'x-ms-date': 'REDACTED'
    'x-ms-client-request-id': 'ffb30f00-433e-11f1-a90b-6c92cfa5c7f0'
No body was attached to the request
2026-04-28 16:15:28  INFO  Response status: 200
Response headers:
    'Content-Length': '11817392'
    'Content-Type': 'application/octet-stream'
    'Content-MD5': 'REDACTED'
    'Last-Modified': 'Thu, 16 Apr 2026 19:11:58 GMT'
    'Accept-Ranges': 'REDACTED'
    'ETag': '"0x8DE9BEC086EB754"'
    'Server': 'Windows-Azure-Blob/1.0 Microsoft-HTTPAPI/2.0'
    'x-ms-request-id': '6d4012c5-301e-007d-0b4b-d7b9bc000000'
    'x-ms-client-request-id': 'ffb30f00-433e-11f1-a90b-6c92cfa5c7f0'
    'x-ms-version': 'REDACTED'
    'x-ms-resource-type': 'REDACTED'
    'x-ms-creation-time': 'REDACTED'
    'x-ms-lease-status': 'REDACTED'
    'x-ms-lease-state': 'REDACTED'
    'x-ms-blob-type': 'REDACTED'
    'x-ms-server-encrypted': 'REDACTED'
    'x-ms-access-tier': 'REDACTED'
    'x-ms-access-tier-inferred': 'REDACTED'
    'x-ms-owner': 'REDACTED'
    'x-ms-group': 'REDACTED'
    'x-ms-permissions': 'REDACTED'
    'x-ms-acl': 'REDACTED'
    'Date': 'Tue, 28 Apr 2026 20:15:27 GMT'
2026-04-28 16:15:28  INFO  Request URL: 'https://agileloadforecasting.blob.core.windows.net/ualbany/final_uWRF_simulations/ssp45_cooler/2d_vars/zarr_2d_vars_d02_2050_03.zarr/CM_AC_URB3D/0.0.0?sp=REDACTED&st=REDACTED&se=REDACTED&spr=REDACTED&sv=REDACTED&sr=REDACTED&sig=REDACTED'
Request method: 'GET'
Request headers:
    'x-ms-range': 'REDACTED'
    'x-ms-version': 'REDACTED'
    'Accept': 'application/xml'
    'User-Agent': 'azsdk-python-storage-blob/12.24.0 Python/3.13.1 (Linux-5.4.17-2136.353.3.el8uek.x86_64-x86_64-with-glibc2.28)'
    'x-ms-date': 'REDACTED'
    'x-ms-client-request-id': 'ffb6ab56-433e-11f1-a90b-6c92cfa5c7f0'
No body was attached to the request
2026-04-28 16:15:28  INFO  Response status: 206
Response headers:
    'Content-Length': '11817392'
    'Content-Type': 'application/octet-stream'
    'Content-Range': 'REDACTED'
    'Last-Modified': 'Thu, 16 Apr 2026 19:11:58 GMT'
    'Accept-Ranges': 'REDACTED'
    'ETag': '"0x8DE9BEC086EB754"'
    'Server': 'Windows-Azure-Blob/1.0 Microsoft-HTTPAPI/2.0'
    'x-ms-request-id': '6d4012d5-301e-007d-194b-d7b9bc000000'
    'x-ms-client-request-id': 'ffb6ab56-433e-11f1-a90b-6c92cfa5c7f0'
    'x-ms-version': 'REDACTED'
    'x-ms-resource-type': 'REDACTED'
    'x-ms-creation-time': 'REDACTED'
    'x-ms-blob-content-md5': 'REDACTED'
    'x-ms-lease-status': 'REDACTED'
    'x-ms-lease-state': 'REDACTED'
    'x-ms-blob-type': 'REDACTED'
    'x-ms-server-encrypted': 'REDACTED'
    'x-ms-access-tier': 'REDACTED'
    'x-ms-access-tier-inferred': 'REDACTED'
    'x-ms-owner': 'REDACTED'
    'x-ms-group': 'REDACTED'
    'x-ms-permissions': 'REDACTED'
    'x-ms-acl': 'REDACTED'
    'Date': 'Tue, 28 Apr 2026 20:15:27 GMT'
2026-04-28 16:15:28  INFO  Request URL: 'https://agileloadforecasting.blob.core.windows.net/ualbany/final_uWRF_simulations/ssp45_cooler/2d_vars/zarr_2d_vars_d02_2050_03.zarr/CM_AC_URB3D/1.0.0?sp=REDACTED&st=REDACTED&se=REDACTED&spr=REDACTED&sv=REDACTED&sr=REDACTED&sig=REDACTED'
Request method: 'HEAD'
Request headers:
    'x-ms-version': 'REDACTED'
    'Accept': 'application/xml'
    'User-Agent': 'azsdk-python-storage-blob/12.24.0 Python/3.13.1 (Linux-5.4.17-2136.353.3.el8uek.x86_64-x86_64-with-glibc2.28)'
    'x-ms-date': 'REDACTED'
    'x-ms-client-request-id': 'ffd96d62-433e-11f1-a90b-6c92cfa5c7f0'
No body was attached to the request
2026-04-28 16:15:28  INFO  Response status: 200
Response headers:
    'Content-Length': '416396'
    'Content-Type': 'application/octet-stream'
    'Content-MD5': 'REDACTED'
    'Last-Modified': 'Thu, 16 Apr 2026 19:11:58 GMT'
    'Accept-Ranges': 'REDACTED'
    'ETag': '"0x8DE9BEC08606A6C"'
    'Server': 'Windows-Azure-Blob/1.0 Microsoft-HTTPAPI/2.0'
    'x-ms-request-id': '6d40137e-301e-007d-254b-d7b9bc000000'
    'x-ms-client-request-id': 'ffd96d62-433e-11f1-a90b-6c92cfa5c7f0'
    'x-ms-version': 'REDACTED'
    'x-ms-resource-type': 'REDACTED'
    'x-ms-creation-time': 'REDACTED'
    'x-ms-lease-status': 'REDACTED'
    'x-ms-lease-state': 'REDACTED'
    'x-ms-blob-type': 'REDACTED'
    'x-ms-server-encrypted': 'REDACTED'
    'x-ms-access-tier': 'REDACTED'
    'x-ms-access-tier-inferred': 'REDACTED'
    'x-ms-owner': 'REDACTED'
    'x-ms-group': 'REDACTED'
    'x-ms-permissions': 'REDACTED'
    'x-ms-acl': 'REDACTED'
    'Date': 'Tue, 28 Apr 2026 20:15:27 GMT'
2026-04-28 16:15:28  INFO  Request URL: 'https://agileloadforecasting.blob.core.windows.net/ualbany/final_uWRF_simulations/ssp45_cooler/2d_vars/zarr_2d_vars_d02_2050_03.zarr/CM_AC_URB3D/1.0.0?sp=REDACTED&st=REDACTED&se=REDACTED&spr=REDACTED&sv=REDACTED&sr=REDACTED&sig=REDACTED'
Request method: 'GET'
Request headers:
    'x-ms-range': 'REDACTED'
    'x-ms-version': 'REDACTED'
    'Accept': 'application/xml'
    'User-Agent': 'azsdk-python-storage-blob/12.24.0 Python/3.13.1 (Linux-5.4.17-2136.353.3.el8uek.x86_64-x86_64-with-glibc2.28)'
    'x-ms-date': 'REDACTED'
    'x-ms-client-request-id': 'ffdca298-433e-11f1-a90b-6c92cfa5c7f0'
No body was attached to the request
2026-04-28 16:15:28  INFO  Response status: 206
Response headers:
    'Content-Length': '416396'
    'Content-Type': 'application/octet-stream'
    'Content-Range': 'REDACTED'
    'Last-Modified': 'Thu, 16 Apr 2026 19:11:58 GMT'
    'Accept-Ranges': 'REDACTED'
    'ETag': '"0x8DE9BEC08606A6C"'
    'Server': 'Windows-Azure-Blob/1.0 Microsoft-HTTPAPI/2.0'
    'x-ms-request-id': '6d40138c-301e-007d-324b-d7b9bc000000'
    'x-ms-client-request-id': 'ffdca298-433e-11f1-a90b-6c92cfa5c7f0'
    'x-ms-version': 'REDACTED'
    'x-ms-resource-type': 'REDACTED'
    'x-ms-creation-time': 'REDACTED'
    'x-ms-blob-content-md5': 'REDACTED'
    'x-ms-lease-status': 'REDACTED'
    'x-ms-lease-state': 'REDACTED'
    'x-ms-blob-type': 'REDACTED'
    'x-ms-server-encrypted': 'REDACTED'
    'x-ms-access-tier': 'REDACTED'
    'x-ms-access-tier-inferred': 'REDACTED'
    'x-ms-owner': 'REDACTED'
    'x-ms-group': 'REDACTED'
    'x-ms-permissions': 'REDACTED'
    'x-ms-acl': 'REDACTED'
    'Date': 'Tue, 28 Apr 2026 20:15:27 GMT'
2026-04-28 16:15:28  INFO    2050-03 -> 744 rows (0.6s, days seen=90)
2026-04-28 16:15:28  INFO  Request URL: 'https://agileloadforecasting.blob.core.windows.net/ualbany/final_uWRF_simulations/ssp45_cooler/2d_vars/zarr_2d_vars_d02_2050_04.zarr/.zmetadata?sp=REDACTED&st=REDACTED&se=REDACTED&spr=REDACTED&sv=REDACTED&sr=REDACTED&sig=REDACTED'
Request method: 'GET'
Request headers:
    'x-ms-range': 'REDACTED'
    'x-ms-version': 'REDACTED'
    'Accept': 'application/xml'
    'User-Agent': 'azsdk-python-storage-blob/12.24.0 Python/3.13.1 (Linux-5.4.17-2136.353.3.el8uek.x86_64-x86_64-with-glibc2.28)'
    'x-ms-date': 'REDACTED'
    'x-ms-client-request-id': 'fffae5fa-433e-11f1-a90b-6c92cfa5c7f0'
No body was attached to the request
2026-04-28 16:15:28  INFO  Response status: 206
Response headers:
    'Content-Length': '93201'
    'Content-Type': 'application/octet-stream'
    'Content-Range': 'REDACTED'
    'Last-Modified': 'Thu, 16 Apr 2026 18:17:12 GMT'
    'Accept-Ranges': 'REDACTED'
    'ETag': '"0x8DE9BE46160DC6C"'
    'Server': 'Windows-Azure-Blob/1.0 Microsoft-HTTPAPI/2.0'
    'x-ms-request-id': '6d40141d-301e-007d-234b-d7b9bc000000'
    'x-ms-client-request-id': 'fffae5fa-433e-11f1-a90b-6c92cfa5c7f0'
    'x-ms-version': 'REDACTED'
    'x-ms-resource-type': 'REDACTED'
    'x-ms-creation-time': 'REDACTED'
    'x-ms-blob-content-md5': 'REDACTED'
    'x-ms-lease-status': 'REDACTED'
    'x-ms-lease-state': 'REDACTED'
    'x-ms-blob-type': 'REDACTED'
    'x-ms-server-encrypted': 'REDACTED'
    'x-ms-access-tier': 'REDACTED'
    'x-ms-access-tier-inferred': 'REDACTED'
    'x-ms-owner': 'REDACTED'
    'x-ms-group': 'REDACTED'
    'x-ms-permissions': 'REDACTED'
    'x-ms-acl': 'REDACTED'
    'Date': 'Tue, 28 Apr 2026 20:15:27 GMT'
2026-04-28 16:15:28  INFO  Request URL: 'https://agileloadforecasting.blob.core.windows.net/ualbany/final_uWRF_simulations/ssp45_cooler/2d_vars/zarr_2d_vars_d02_2050_04.zarr/Times/0?sp=REDACTED&st=REDACTED&se=REDACTED&spr=REDACTED&sv=REDACTED&sr=REDACTED&sig=REDACTED'
Request method: 'HEAD'
Request headers:
    'x-ms-version': 'REDACTED'
    'Accept': 'application/xml'
    'User-Agent': 'azsdk-python-storage-blob/12.24.0 Python/3.13.1 (Linux-5.4.17-2136.353.3.el8uek.x86_64-x86_64-with-glibc2.28)'
    'x-ms-date': 'REDACTED'
    'x-ms-client-request-id': '0000d500-433f-11f1-a90b-6c92cfa5c7f0'
No body was attached to the request
2026-04-28 16:15:28  INFO  Response status: 200
Response headers:
    'Content-Length': '532'
    'Content-Type': 'application/octet-stream'
    'Content-MD5': 'REDACTED'
    'Last-Modified': 'Thu, 16 Apr 2026 18:17:12 GMT'
    'Accept-Ranges': 'REDACTED'
    'ETag': '"0x8DE9BE461B26F20"'
    'Server': 'Windows-Azure-Blob/1.0 Microsoft-HTTPAPI/2.0'
    'x-ms-request-id': '6d40142f-301e-007d-324b-d7b9bc000000'
    'x-ms-client-request-id': '0000d500-433f-11f1-a90b-6c92cfa5c7f0'
    'x-ms-version': 'REDACTED'
    'x-ms-resource-type': 'REDACTED'
    'x-ms-creation-time': 'REDACTED'
    'x-ms-lease-status': 'REDACTED'
    'x-ms-lease-state': 'REDACTED'
    'x-ms-blob-type': 'REDACTED'
    'x-ms-server-encrypted': 'REDACTED'
    'x-ms-access-tier': 'REDACTED'
    'x-ms-access-tier-inferred': 'REDACTED'
    'x-ms-owner': 'REDACTED'
    'x-ms-group': 'REDACTED'
    'x-ms-permissions': 'REDACTED'
    'x-ms-acl': 'REDACTED'
    'Date': 'Tue, 28 Apr 2026 20:15:27 GMT'
2026-04-28 16:15:28  INFO  Request URL: 'https://agileloadforecasting.blob.core.windows.net/ualbany/final_uWRF_simulations/ssp45_cooler/2d_vars/zarr_2d_vars_d02_2050_04.zarr/Times/0?sp=REDACTED&st=REDACTED&se=REDACTED&spr=REDACTED&sv=REDACTED&sr=REDACTED&sig=REDACTED'
Request method: 'GET'
Request headers:
    'x-ms-range': 'REDACTED'
    'x-ms-version': 'REDACTED'
    'Accept': 'application/xml'
    'User-Agent': 'azsdk-python-storage-blob/12.24.0 Python/3.13.1 (Linux-5.4.17-2136.353.3.el8uek.x86_64-x86_64-with-glibc2.28)'
    'x-ms-date': 'REDACTED'
    'x-ms-client-request-id': '0005ecfc-433f-11f1-a90b-6c92cfa5c7f0'
No body was attached to the request
2026-04-28 16:15:28  INFO  Response status: 206
Response headers:
    'Content-Length': '532'
    'Content-Type': 'application/octet-stream'
    'Content-Range': 'REDACTED'
    'Last-Modified': 'Thu, 16 Apr 2026 18:17:12 GMT'
    'Accept-Ranges': 'REDACTED'
    'ETag': '"0x8DE9BE461B26F20"'
    'Server': 'Windows-Azure-Blob/1.0 Microsoft-HTTPAPI/2.0'
    'x-ms-request-id': '6d401440-301e-007d-3f4b-d7b9bc000000'
    'x-ms-client-request-id': '0005ecfc-433f-11f1-a90b-6c92cfa5c7f0'
    'x-ms-version': 'REDACTED'
    'x-ms-resource-type': 'REDACTED'
    'x-ms-creation-time': 'REDACTED'
    'x-ms-blob-content-md5': 'REDACTED'
    'x-ms-lease-status': 'REDACTED'
    'x-ms-lease-state': 'REDACTED'
    'x-ms-blob-type': 'REDACTED'
    'x-ms-server-encrypted': 'REDACTED'
    'x-ms-access-tier': 'REDACTED'
    'x-ms-access-tier-inferred': 'REDACTED'
    'x-ms-owner': 'REDACTED'
    'x-ms-group': 'REDACTED'
    'x-ms-permissions': 'REDACTED'
    'x-ms-acl': 'REDACTED'
    'Date': 'Tue, 28 Apr 2026 20:15:27 GMT'
2026-04-28 16:15:28  INFO  Request URL: 'https://agileloadforecasting.blob.core.windows.net/ualbany/final_uWRF_simulations/ssp45_cooler/2d_vars/zarr_2d_vars_d02_2050_04.zarr/CM_AC_URB3D/0.0.0?sp=REDACTED&st=REDACTED&se=REDACTED&spr=REDACTED&sv=REDACTED&sr=REDACTED&sig=REDACTED'
Request method: 'HEAD'
Request headers:
    'x-ms-version': 'REDACTED'
    'Accept': 'application/xml'
    'User-Agent': 'azsdk-python-storage-blob/12.24.0 Python/3.13.1 (Linux-5.4.17-2136.353.3.el8uek.x86_64-x86_64-with-glibc2.28)'
    'x-ms-date': 'REDACTED'
    'x-ms-client-request-id': '000ad7ee-433f-11f1-a90b-6c92cfa5c7f0'
No body was attached to the request
2026-04-28 16:15:28  INFO  Response status: 200
Response headers:
    'Content-Length': '10762684'
    'Content-Type': 'application/octet-stream'
    'Content-MD5': 'REDACTED'
    'Last-Modified': 'Thu, 16 Apr 2026 18:17:13 GMT'
    'Accept-Ranges': 'REDACTED'
    'ETag': '"0x8DE9BE4626D7BD8"'
    'Server': 'Windows-Azure-Blob/1.0 Microsoft-HTTPAPI/2.0'
    'x-ms-request-id': '6d401456-301e-007d-504b-d7b9bc000000'
    'x-ms-client-request-id': '000ad7ee-433f-11f1-a90b-6c92cfa5c7f0'
    'x-ms-version': 'REDACTED'
    'x-ms-resource-type': 'REDACTED'
    'x-ms-creation-time': 'REDACTED'
    'x-ms-lease-status': 'REDACTED'
    'x-ms-lease-state': 'REDACTED'
    'x-ms-blob-type': 'REDACTED'
    'x-ms-server-encrypted': 'REDACTED'
    'x-ms-access-tier': 'REDACTED'
    'x-ms-access-tier-inferred': 'REDACTED'
    'x-ms-owner': 'REDACTED'
    'x-ms-group': 'REDACTED'
    'x-ms-permissions': 'REDACTED'
    'x-ms-acl': 'REDACTED'
    'Date': 'Tue, 28 Apr 2026 20:15:28 GMT'
2026-04-28 16:15:28  INFO  Request URL: 'https://agileloadforecasting.blob.core.windows.net/ualbany/final_uWRF_simulations/ssp45_cooler/2d_vars/zarr_2d_vars_d02_2050_04.zarr/CM_AC_URB3D/0.0.0?sp=REDACTED&st=REDACTED&se=REDACTED&spr=REDACTED&sv=REDACTED&sr=REDACTED&sig=REDACTED'
Request method: 'GET'
Request headers:
    'x-ms-range': 'REDACTED'
    'x-ms-version': 'REDACTED'
    'Accept': 'application/xml'
    'User-Agent': 'azsdk-python-storage-blob/12.24.0 Python/3.13.1 (Linux-5.4.17-2136.353.3.el8uek.x86_64-x86_64-with-glibc2.28)'
    'x-ms-date': 'REDACTED'
    'x-ms-client-request-id': '000f6822-433f-11f1-a90b-6c92cfa5c7f0'
No body was attached to the request
2026-04-28 16:15:28  INFO  Response status: 206
Response headers:
    'Content-Length': '10762684'
    'Content-Type': 'application/octet-stream'
    'Content-Range': 'REDACTED'
    'Last-Modified': 'Thu, 16 Apr 2026 18:17:13 GMT'
    'Accept-Ranges': 'REDACTED'
    'ETag': '"0x8DE9BE4626D7BD8"'
    'Server': 'Windows-Azure-Blob/1.0 Microsoft-HTTPAPI/2.0'
    'x-ms-request-id': '6d401469-301e-007d-5e4b-d7b9bc000000'
    'x-ms-client-request-id': '000f6822-433f-11f1-a90b-6c92cfa5c7f0'
    'x-ms-version': 'REDACTED'
    'x-ms-resource-type': 'REDACTED'
    'x-ms-creation-time': 'REDACTED'
    'x-ms-blob-content-md5': 'REDACTED'
    'x-ms-lease-status': 'REDACTED'
    'x-ms-lease-state': 'REDACTED'
    'x-ms-blob-type': 'REDACTED'
    'x-ms-server-encrypted': 'REDACTED'
    'x-ms-access-tier': 'REDACTED'
    'x-ms-access-tier-inferred': 'REDACTED'
    'x-ms-owner': 'REDACTED'
    'x-ms-group': 'REDACTED'
    'x-ms-permissions': 'REDACTED'
    'x-ms-acl': 'REDACTED'
    'Date': 'Tue, 28 Apr 2026 20:15:28 GMT'
2026-04-28 16:15:29  INFO    2050-04 -> 720 rows (0.3s, days seen=120)
2026-04-28 16:15:29  INFO  Request URL: 'https://agileloadforecasting.blob.core.windows.net/ualbany/final_uWRF_simulations/ssp45_cooler/2d_vars/zarr_2d_vars_d02_2050_05.zarr/.zmetadata?sp=REDACTED&st=REDACTED&se=REDACTED&spr=REDACTED&sv=REDACTED&sr=REDACTED&sig=REDACTED'
Request method: 'GET'
Request headers:
    'x-ms-range': 'REDACTED'
    'x-ms-version': 'REDACTED'
    'Accept': 'application/xml'
    'User-Agent': 'azsdk-python-storage-blob/12.24.0 Python/3.13.1 (Linux-5.4.17-2136.353.3.el8uek.x86_64-x86_64-with-glibc2.28)'
    'x-ms-date': 'REDACTED'
    'x-ms-client-request-id': '0035b824-433f-11f1-a90b-6c92cfa5c7f0'
No body was attached to the request
2026-04-28 16:15:29  INFO  Response status: 206
Response headers:
    'Content-Length': '93201'
    'Content-Type': 'application/octet-stream'
    'Content-Range': 'REDACTED'
    'Last-Modified': 'Fri, 17 Apr 2026 02:08:57 GMT'
    'Accept-Ranges': 'REDACTED'
    'ETag': '"0x8DE9C2648BC7EE0"'
    'Server': 'Windows-Azure-Blob/1.0 Microsoft-HTTPAPI/2.0'
    'x-ms-request-id': '6d4014ed-301e-007d-494b-d7b9bc000000'
    'x-ms-client-request-id': '0035b824-433f-11f1-a90b-6c92cfa5c7f0'
    'x-ms-version': 'REDACTED'
    'x-ms-resource-type': 'REDACTED'
    'x-ms-creation-time': 'REDACTED'
    'x-ms-blob-content-md5': 'REDACTED'
    'x-ms-lease-status': 'REDACTED'
    'x-ms-lease-state': 'REDACTED'
    'x-ms-blob-type': 'REDACTED'
    'x-ms-server-encrypted': 'REDACTED'
    'x-ms-access-tier': 'REDACTED'
    'x-ms-access-tier-inferred': 'REDACTED'
    'x-ms-owner': 'REDACTED'
    'x-ms-group': 'REDACTED'
    'x-ms-permissions': 'REDACTED'
    'x-ms-acl': 'REDACTED'
    'Date': 'Tue, 28 Apr 2026 20:15:28 GMT'
2026-04-28 16:15:29  INFO  Request URL: 'https://agileloadforecasting.blob.core.windows.net/ualbany/final_uWRF_simulations/ssp45_cooler/2d_vars/zarr_2d_vars_d02_2050_05.zarr/Times/0?sp=REDACTED&st=REDACTED&se=REDACTED&spr=REDACTED&sv=REDACTED&sr=REDACTED&sig=REDACTED'
Request method: 'HEAD'
Request headers:
    'x-ms-version': 'REDACTED'
    'Accept': 'application/xml'
    'User-Agent': 'azsdk-python-storage-blob/12.24.0 Python/3.13.1 (Linux-5.4.17-2136.353.3.el8uek.x86_64-x86_64-with-glibc2.28)'
    'x-ms-date': 'REDACTED'
    'x-ms-client-request-id': '003b818c-433f-11f1-a90b-6c92cfa5c7f0'
No body was attached to the request
2026-04-28 16:15:29  INFO  Response status: 200
Response headers:
    'Content-Length': '532'
    'Content-Type': 'application/octet-stream'
    'Content-MD5': 'REDACTED'
    'Last-Modified': 'Fri, 17 Apr 2026 02:08:59 GMT'
    'Accept-Ranges': 'REDACTED'
    'ETag': '"0x8DE9C2649FE768C"'
    'Server': 'Windows-Azure-Blob/1.0 Microsoft-HTTPAPI/2.0'
    'x-ms-request-id': '6d401507-301e-007d-5d4b-d7b9bc000000'
    'x-ms-client-request-id': '003b818c-433f-11f1-a90b-6c92cfa5c7f0'
    'x-ms-version': 'REDACTED'
    'x-ms-resource-type': 'REDACTED'
    'x-ms-creation-time': 'REDACTED'
    'x-ms-lease-status': 'REDACTED'
    'x-ms-lease-state': 'REDACTED'
    'x-ms-blob-type': 'REDACTED'
    'x-ms-server-encrypted': 'REDACTED'
    'x-ms-access-tier': 'REDACTED'
    'x-ms-access-tier-inferred': 'REDACTED'
    'x-ms-owner': 'REDACTED'
    'x-ms-group': 'REDACTED'
    'x-ms-permissions': 'REDACTED'
    'x-ms-acl': 'REDACTED'
    'Date': 'Tue, 28 Apr 2026 20:15:28 GMT'
2026-04-28 16:15:29  INFO  Request URL: 'https://agileloadforecasting.blob.core.windows.net/ualbany/final_uWRF_simulations/ssp45_cooler/2d_vars/zarr_2d_vars_d02_2050_05.zarr/Times/0?sp=REDACTED&st=REDACTED&se=REDACTED&spr=REDACTED&sv=REDACTED&sr=REDACTED&sig=REDACTED'
Request method: 'GET'
Request headers:
    'x-ms-range': 'REDACTED'
    'x-ms-version': 'REDACTED'
    'Accept': 'application/xml'
    'User-Agent': 'azsdk-python-storage-blob/12.24.0 Python/3.13.1 (Linux-5.4.17-2136.353.3.el8uek.x86_64-x86_64-with-glibc2.28)'
    'x-ms-date': 'REDACTED'
    'x-ms-client-request-id': '003ff6cc-433f-11f1-a90b-6c92cfa5c7f0'
No body was attached to the request
2026-04-28 16:15:29  INFO  Response status: 206
Response headers:
    'Content-Length': '532'
    'Content-Type': 'application/octet-stream'
    'Content-Range': 'REDACTED'
    'Last-Modified': 'Fri, 17 Apr 2026 02:08:59 GMT'
    'Accept-Ranges': 'REDACTED'
    'ETag': '"0x8DE9C2649FE768C"'
    'Server': 'Windows-Azure-Blob/1.0 Microsoft-HTTPAPI/2.0'
    'x-ms-request-id': '6d40151b-301e-007d-6c4b-d7b9bc000000'
    'x-ms-client-request-id': '003ff6cc-433f-11f1-a90b-6c92cfa5c7f0'
    'x-ms-version': 'REDACTED'
    'x-ms-resource-type': 'REDACTED'
    'x-ms-creation-time': 'REDACTED'
    'x-ms-blob-content-md5': 'REDACTED'
    'x-ms-lease-status': 'REDACTED'
    'x-ms-lease-state': 'REDACTED'
    'x-ms-blob-type': 'REDACTED'
    'x-ms-server-encrypted': 'REDACTED'
    'x-ms-access-tier': 'REDACTED'
    'x-ms-access-tier-inferred': 'REDACTED'
    'x-ms-owner': 'REDACTED'
    'x-ms-group': 'REDACTED'
    'x-ms-permissions': 'REDACTED'
    'x-ms-acl': 'REDACTED'
    'Date': 'Tue, 28 Apr 2026 20:15:28 GMT'
2026-04-28 16:15:29  INFO  Request URL: 'https://agileloadforecasting.blob.core.windows.net/ualbany/final_uWRF_simulations/ssp45_cooler/2d_vars/zarr_2d_vars_d02_2050_05.zarr/Times/1?sp=REDACTED&st=REDACTED&se=REDACTED&spr=REDACTED&sv=REDACTED&sr=REDACTED&sig=REDACTED'
Request method: 'HEAD'
Request headers:
    'x-ms-version': 'REDACTED'
    'Accept': 'application/xml'
    'User-Agent': 'azsdk-python-storage-blob/12.24.0 Python/3.13.1 (Linux-5.4.17-2136.353.3.el8uek.x86_64-x86_64-with-glibc2.28)'
    'x-ms-date': 'REDACTED'
    'x-ms-client-request-id': '00444cf4-433f-11f1-a90b-6c92cfa5c7f0'
No body was attached to the request
2026-04-28 16:15:29  INFO  Response status: 200
Response headers:
    'Content-Length': '84'
    'Content-Type': 'application/octet-stream'
    'Content-MD5': 'REDACTED'
    'Last-Modified': 'Fri, 17 Apr 2026 02:08:59 GMT'
    'Accept-Ranges': 'REDACTED'
    'ETag': '"0x8DE9C2649F2AE64"'
    'Server': 'Windows-Azure-Blob/1.0 Microsoft-HTTPAPI/2.0'
    'x-ms-request-id': '6d401526-301e-007d-764b-d7b9bc000000'
    'x-ms-client-request-id': '00444cf4-433f-11f1-a90b-6c92cfa5c7f0'
    'x-ms-version': 'REDACTED'
    'x-ms-resource-type': 'REDACTED'
    'x-ms-creation-time': 'REDACTED'
    'x-ms-lease-status': 'REDACTED'
    'x-ms-lease-state': 'REDACTED'
    'x-ms-blob-type': 'REDACTED'
    'x-ms-server-encrypted': 'REDACTED'
    'x-ms-access-tier': 'REDACTED'
    'x-ms-access-tier-inferred': 'REDACTED'
    'x-ms-owner': 'REDACTED'
    'x-ms-group': 'REDACTED'
    'x-ms-permissions': 'REDACTED'
    'x-ms-acl': 'REDACTED'
    'Date': 'Tue, 28 Apr 2026 20:15:28 GMT'
2026-04-28 16:15:29  INFO  Request URL: 'https://agileloadforecasting.blob.core.windows.net/ualbany/final_uWRF_simulations/ssp45_cooler/2d_vars/zarr_2d_vars_d02_2050_05.zarr/Times/1?sp=REDACTED&st=REDACTED&se=REDACTED&spr=REDACTED&sv=REDACTED&sr=REDACTED&sig=REDACTED'
Request method: 'GET'
Request headers:
    'x-ms-range': 'REDACTED'
    'x-ms-version': 'REDACTED'
    'Accept': 'application/xml'
    'User-Agent': 'azsdk-python-storage-blob/12.24.0 Python/3.13.1 (Linux-5.4.17-2136.353.3.el8uek.x86_64-x86_64-with-glibc2.28)'
    'x-ms-date': 'REDACTED'
    'x-ms-client-request-id': '00476740-433f-11f1-a90b-6c92cfa5c7f0'
No body was attached to the request
2026-04-28 16:15:29  INFO  Response status: 206
Response headers:
    'Content-Length': '84'
    'Content-Type': 'application/octet-stream'
    'Content-Range': 'REDACTED'
    'Last-Modified': 'Fri, 17 Apr 2026 02:08:59 GMT'
    'Accept-Ranges': 'REDACTED'
    'ETag': '"0x8DE9C2649F2AE64"'
    'Server': 'Windows-Azure-Blob/1.0 Microsoft-HTTPAPI/2.0'
    'x-ms-request-id': '6d40153b-301e-007d-054b-d7b9bc000000'
    'x-ms-client-request-id': '00476740-433f-11f1-a90b-6c92cfa5c7f0'
    'x-ms-version': 'REDACTED'
    'x-ms-resource-type': 'REDACTED'
    'x-ms-creation-time': 'REDACTED'
    'x-ms-blob-content-md5': 'REDACTED'
    'x-ms-lease-status': 'REDACTED'
    'x-ms-lease-state': 'REDACTED'
    'x-ms-blob-type': 'REDACTED'
    'x-ms-server-encrypted': 'REDACTED'
    'x-ms-access-tier': 'REDACTED'
    'x-ms-access-tier-inferred': 'REDACTED'
    'x-ms-owner': 'REDACTED'
    'x-ms-group': 'REDACTED'
    'x-ms-permissions': 'REDACTED'
    'x-ms-acl': 'REDACTED'
    'Date': 'Tue, 28 Apr 2026 20:15:28 GMT'
2026-04-28 16:15:29  INFO  Request URL: 'https://agileloadforecasting.blob.core.windows.net/ualbany/final_uWRF_simulations/ssp45_cooler/2d_vars/zarr_2d_vars_d02_2050_05.zarr/CM_AC_URB3D/0.0.0?sp=REDACTED&st=REDACTED&se=REDACTED&spr=REDACTED&sv=REDACTED&sr=REDACTED&sig=REDACTED'
Request method: 'HEAD'
Request headers:
    'x-ms-version': 'REDACTED'
    'Accept': 'application/xml'
    'User-Agent': 'azsdk-python-storage-blob/12.24.0 Python/3.13.1 (Linux-5.4.17-2136.353.3.el8uek.x86_64-x86_64-with-glibc2.28)'
    'x-ms-date': 'REDACTED'
    'x-ms-client-request-id': '004c05ca-433f-11f1-a90b-6c92cfa5c7f0'
No body was attached to the request
2026-04-28 16:15:29  INFO  Response status: 200
Response headers:
    'Content-Length': '11464644'
    'Content-Type': 'application/octet-stream'
    'Content-MD5': 'REDACTED'
    'Last-Modified': 'Fri, 17 Apr 2026 02:08:58 GMT'
    'Accept-Ranges': 'REDACTED'
    'ETag': '"0x8DE9C26490F16CC"'
    'Server': 'Windows-Azure-Blob/1.0 Microsoft-HTTPAPI/2.0'
    'x-ms-request-id': '6d40154e-301e-007d-134b-d7b9bc000000'
    'x-ms-client-request-id': '004c05ca-433f-11f1-a90b-6c92cfa5c7f0'
    'x-ms-version': 'REDACTED'
    'x-ms-resource-type': 'REDACTED'
    'x-ms-creation-time': 'REDACTED'
    'x-ms-lease-status': 'REDACTED'
    'x-ms-lease-state': 'REDACTED'
    'x-ms-blob-type': 'REDACTED'
    'x-ms-server-encrypted': 'REDACTED'
    'x-ms-access-tier': 'REDACTED'
    'x-ms-access-tier-inferred': 'REDACTED'
    'x-ms-owner': 'REDACTED'
    'x-ms-group': 'REDACTED'
    'x-ms-permissions': 'REDACTED'
    'x-ms-acl': 'REDACTED'
    'Date': 'Tue, 28 Apr 2026 20:15:28 GMT'
2026-04-28 16:15:29  INFO  Request URL: 'https://agileloadforecasting.blob.core.windows.net/ualbany/final_uWRF_simulations/ssp45_cooler/2d_vars/zarr_2d_vars_d02_2050_05.zarr/CM_AC_URB3D/0.0.0?sp=REDACTED&st=REDACTED&se=REDACTED&spr=REDACTED&sv=REDACTED&sr=REDACTED&sig=REDACTED'
Request method: 'GET'
Request headers:
    'x-ms-range': 'REDACTED'
    'x-ms-version': 'REDACTED'
    'Accept': 'application/xml'
    'User-Agent': 'azsdk-python-storage-blob/12.24.0 Python/3.13.1 (Linux-5.4.17-2136.353.3.el8uek.x86_64-x86_64-with-glibc2.28)'
    'x-ms-date': 'REDACTED'
    'x-ms-client-request-id': '005100b6-433f-11f1-a90b-6c92cfa5c7f0'
No body was attached to the request
2026-04-28 16:15:29  INFO  Response status: 206
Response headers:
    'Content-Length': '11464644'
    'Content-Type': 'application/octet-stream'
    'Content-Range': 'REDACTED'
    'Last-Modified': 'Fri, 17 Apr 2026 02:08:58 GMT'
    'Accept-Ranges': 'REDACTED'
    'ETag': '"0x8DE9C26490F16CC"'
    'Server': 'Windows-Azure-Blob/1.0 Microsoft-HTTPAPI/2.0'
    'x-ms-request-id': '6d40155d-301e-007d-1f4b-d7b9bc000000'
    'x-ms-client-request-id': '005100b6-433f-11f1-a90b-6c92cfa5c7f0'
    'x-ms-version': 'REDACTED'
    'x-ms-resource-type': 'REDACTED'
    'x-ms-creation-time': 'REDACTED'
    'x-ms-blob-content-md5': 'REDACTED'
    'x-ms-lease-status': 'REDACTED'
    'x-ms-lease-state': 'REDACTED'
    'x-ms-blob-type': 'REDACTED'
    'x-ms-server-encrypted': 'REDACTED'
    'x-ms-access-tier': 'REDACTED'
    'x-ms-access-tier-inferred': 'REDACTED'
    'x-ms-owner': 'REDACTED'
    'x-ms-group': 'REDACTED'
    'x-ms-permissions': 'REDACTED'
    'x-ms-acl': 'REDACTED'
    'Date': 'Tue, 28 Apr 2026 20:15:28 GMT'
2026-04-28 16:15:29  INFO  Request URL: 'https://agileloadforecasting.blob.core.windows.net/ualbany/final_uWRF_simulations/ssp45_cooler/2d_vars/zarr_2d_vars_d02_2050_05.zarr/CM_AC_URB3D/1.0.0?sp=REDACTED&st=REDACTED&se=REDACTED&spr=REDACTED&sv=REDACTED&sr=REDACTED&sig=REDACTED'
Request method: 'HEAD'
Request headers:
    'x-ms-version': 'REDACTED'
    'Accept': 'application/xml'
    'User-Agent': 'azsdk-python-storage-blob/12.24.0 Python/3.13.1 (Linux-5.4.17-2136.353.3.el8uek.x86_64-x86_64-with-glibc2.28)'
    'x-ms-date': 'REDACTED'
    'x-ms-client-request-id': '0066ea52-433f-11f1-a90b-6c92cfa5c7f0'
No body was attached to the request
2026-04-28 16:15:29  INFO  Response status: 200
Response headers:
    'Content-Length': '463897'
    'Content-Type': 'application/octet-stream'
    'Content-MD5': 'REDACTED'
    'Last-Modified': 'Fri, 17 Apr 2026 02:08:57 GMT'
    'Accept-Ranges': 'REDACTED'
    'ETag': '"0x8DE9C2648E2CEC8"'
    'Server': 'Windows-Azure-Blob/1.0 Microsoft-HTTPAPI/2.0'
    'x-ms-request-id': '6d4015bb-301e-007d-6c4b-d7b9bc000000'
    'x-ms-client-request-id': '0066ea52-433f-11f1-a90b-6c92cfa5c7f0'
    'x-ms-version': 'REDACTED'
    'x-ms-resource-type': 'REDACTED'
    'x-ms-creation-time': 'REDACTED'
    'x-ms-lease-status': 'REDACTED'
    'x-ms-lease-state': 'REDACTED'
    'x-ms-blob-type': 'REDACTED'
    'x-ms-server-encrypted': 'REDACTED'
    'x-ms-access-tier': 'REDACTED'
    'x-ms-access-tier-inferred': 'REDACTED'
    'x-ms-owner': 'REDACTED'
    'x-ms-group': 'REDACTED'
    'x-ms-permissions': 'REDACTED'
    'x-ms-acl': 'REDACTED'
    'Date': 'Tue, 28 Apr 2026 20:15:28 GMT'
2026-04-28 16:15:29  INFO  Request URL: 'https://agileloadforecasting.blob.core.windows.net/ualbany/final_uWRF_simulations/ssp45_cooler/2d_vars/zarr_2d_vars_d02_2050_05.zarr/CM_AC_URB3D/1.0.0?sp=REDACTED&st=REDACTED&se=REDACTED&spr=REDACTED&sv=REDACTED&sr=REDACTED&sig=REDACTED'
Request method: 'GET'
Request headers:
    'x-ms-range': 'REDACTED'
    'x-ms-version': 'REDACTED'
    'Accept': 'application/xml'
    'User-Agent': 'azsdk-python-storage-blob/12.24.0 Python/3.13.1 (Linux-5.4.17-2136.353.3.el8uek.x86_64-x86_64-with-glibc2.28)'
    'x-ms-date': 'REDACTED'
    'x-ms-client-request-id': '00698b54-433f-11f1-a90b-6c92cfa5c7f0'
No body was attached to the request
2026-04-28 16:15:29  INFO  Response status: 206
Response headers:
    'Content-Length': '463897'
    'Content-Type': 'application/octet-stream'
    'Content-Range': 'REDACTED'
    'Last-Modified': 'Fri, 17 Apr 2026 02:08:57 GMT'
    'Accept-Ranges': 'REDACTED'
    'ETag': '"0x8DE9C2648E2CEC8"'
    'Server': 'Windows-Azure-Blob/1.0 Microsoft-HTTPAPI/2.0'
    'x-ms-request-id': '6d4015cd-301e-007d-7c4b-d7b9bc000000'
    'x-ms-client-request-id': '00698b54-433f-11f1-a90b-6c92cfa5c7f0'
    'x-ms-version': 'REDACTED'
    'x-ms-resource-type': 'REDACTED'
    'x-ms-creation-time': 'REDACTED'
    'x-ms-blob-content-md5': 'REDACTED'
    'x-ms-lease-status': 'REDACTED'
    'x-ms-lease-state': 'REDACTED'
    'x-ms-blob-type': 'REDACTED'
    'x-ms-server-encrypted': 'REDACTED'
    'x-ms-access-tier': 'REDACTED'
    'x-ms-access-tier-inferred': 'REDACTED'
    'x-ms-owner': 'REDACTED'
    'x-ms-group': 'REDACTED'
    'x-ms-permissions': 'REDACTED'
    'x-ms-acl': 'REDACTED'
    'Date': 'Tue, 28 Apr 2026 20:15:28 GMT'
2026-04-28 16:15:29  INFO    2050-05 -> 744 rows (0.5s, days seen=151)
2026-04-28 16:15:29  INFO  Request URL: 'https://agileloadforecasting.blob.core.windows.net/ualbany/final_uWRF_simulations/ssp45_cooler/2d_vars/zarr_2d_vars_d02_2050_06.zarr/.zmetadata?sp=REDACTED&st=REDACTED&se=REDACTED&spr=REDACTED&sv=REDACTED&sr=REDACTED&sig=REDACTED'
Request method: 'GET'
Request headers:
    'x-ms-range': 'REDACTED'
    'x-ms-version': 'REDACTED'
    'Accept': 'application/xml'
    'User-Agent': 'azsdk-python-storage-blob/12.24.0 Python/3.13.1 (Linux-5.4.17-2136.353.3.el8uek.x86_64-x86_64-with-glibc2.28)'
    'x-ms-date': 'REDACTED'
    'x-ms-client-request-id': '0081978a-433f-11f1-a90b-6c92cfa5c7f0'
No body was attached to the request
2026-04-28 16:15:29  INFO  Response status: 206
Response headers:
    'Content-Length': '93201'
    'Content-Type': 'application/octet-stream'
    'Content-Range': 'REDACTED'
    'Last-Modified': 'Thu, 16 Apr 2026 18:23:44 GMT'
    'Accept-Ranges': 'REDACTED'
    'ETag': '"0x8DE9BE54B4A49E4"'
    'Server': 'Windows-Azure-Blob/1.0 Microsoft-HTTPAPI/2.0'
    'x-ms-request-id': '6d40164e-301e-007d-6b4b-d7b9bc000000'
    'x-ms-client-request-id': '0081978a-433f-11f1-a90b-6c92cfa5c7f0'
    'x-ms-version': 'REDACTED'
    'x-ms-resource-type': 'REDACTED'
    'x-ms-creation-time': 'REDACTED'
    'x-ms-blob-content-md5': 'REDACTED'
    'x-ms-lease-status': 'REDACTED'
    'x-ms-lease-state': 'REDACTED'
    'x-ms-blob-type': 'REDACTED'
    'x-ms-server-encrypted': 'REDACTED'
    'x-ms-access-tier': 'REDACTED'
    'x-ms-access-tier-inferred': 'REDACTED'
    'x-ms-owner': 'REDACTED'
    'x-ms-group': 'REDACTED'
    'x-ms-permissions': 'REDACTED'
    'x-ms-acl': 'REDACTED'
    'Date': 'Tue, 28 Apr 2026 20:15:28 GMT'
2026-04-28 16:15:29  INFO  Request URL: 'https://agileloadforecasting.blob.core.windows.net/ualbany/final_uWRF_simulations/ssp45_cooler/2d_vars/zarr_2d_vars_d02_2050_06.zarr/Times/0?sp=REDACTED&st=REDACTED&se=REDACTED&spr=REDACTED&sv=REDACTED&sr=REDACTED&sig=REDACTED'
Request method: 'HEAD'
Request headers:
    'x-ms-version': 'REDACTED'
    'Accept': 'application/xml'
    'User-Agent': 'azsdk-python-storage-blob/12.24.0 Python/3.13.1 (Linux-5.4.17-2136.353.3.el8uek.x86_64-x86_64-with-glibc2.28)'
    'x-ms-date': 'REDACTED'
    'x-ms-client-request-id': '0088b34e-433f-11f1-a90b-6c92cfa5c7f0'
No body was attached to the request
2026-04-28 16:15:29  INFO  Response status: 200
Response headers:
    'Content-Length': '532'
    'Content-Type': 'application/octet-stream'
    'Content-MD5': 'REDACTED'
    'Last-Modified': 'Thu, 16 Apr 2026 18:23:55 GMT'
    'Accept-Ranges': 'REDACTED'
    'ETag': '"0x8DE9BE551EA8C34"'
    'Server': 'Windows-Azure-Blob/1.0 Microsoft-HTTPAPI/2.0'
    'x-ms-request-id': '6d40166c-301e-007d-064b-d7b9bc000000'
    'x-ms-client-request-id': '0088b34e-433f-11f1-a90b-6c92cfa5c7f0'
    'x-ms-version': 'REDACTED'
    'x-ms-resource-type': 'REDACTED'
    'x-ms-creation-time': 'REDACTED'
    'x-ms-lease-status': 'REDACTED'
    'x-ms-lease-state': 'REDACTED'
    'x-ms-blob-type': 'REDACTED'
    'x-ms-server-encrypted': 'REDACTED'
    'x-ms-access-tier': 'REDACTED'
    'x-ms-access-tier-inferred': 'REDACTED'
    'x-ms-owner': 'REDACTED'
    'x-ms-group': 'REDACTED'
    'x-ms-permissions': 'REDACTED'
    'x-ms-acl': 'REDACTED'
    'Date': 'Tue, 28 Apr 2026 20:15:28 GMT'
2026-04-28 16:15:29  INFO  Request URL: 'https://agileloadforecasting.blob.core.windows.net/ualbany/final_uWRF_simulations/ssp45_cooler/2d_vars/zarr_2d_vars_d02_2050_06.zarr/Times/0?sp=REDACTED&st=REDACTED&se=REDACTED&spr=REDACTED&sv=REDACTED&sr=REDACTED&sig=REDACTED'
Request method: 'GET'
Request headers:
    'x-ms-range': 'REDACTED'
    'x-ms-version': 'REDACTED'
    'Accept': 'application/xml'
    'User-Agent': 'azsdk-python-storage-blob/12.24.0 Python/3.13.1 (Linux-5.4.17-2136.353.3.el8uek.x86_64-x86_64-with-glibc2.28)'
    'x-ms-date': 'REDACTED'
    'x-ms-client-request-id': '008f92ea-433f-11f1-a90b-6c92cfa5c7f0'
No body was attached to the request
2026-04-28 16:15:29  INFO  Response status: 206
Response headers:
    'Content-Length': '532'
    'Content-Type': 'application/octet-stream'
    'Content-Range': 'REDACTED'
    'Last-Modified': 'Thu, 16 Apr 2026 18:23:55 GMT'
    'Accept-Ranges': 'REDACTED'
    'ETag': '"0x8DE9BE551EA8C34"'
    'Server': 'Windows-Azure-Blob/1.0 Microsoft-HTTPAPI/2.0'
    'x-ms-request-id': '6d40167c-301e-007d-154b-d7b9bc000000'
    'x-ms-client-request-id': '008f92ea-433f-11f1-a90b-6c92cfa5c7f0'
    'x-ms-version': 'REDACTED'
    'x-ms-resource-type': 'REDACTED'
    'x-ms-creation-time': 'REDACTED'
    'x-ms-blob-content-md5': 'REDACTED'
    'x-ms-lease-status': 'REDACTED'
    'x-ms-lease-state': 'REDACTED'
    'x-ms-blob-type': 'REDACTED'
    'x-ms-server-encrypted': 'REDACTED'
    'x-ms-access-tier': 'REDACTED'
    'x-ms-access-tier-inferred': 'REDACTED'
    'x-ms-owner': 'REDACTED'
    'x-ms-group': 'REDACTED'
    'x-ms-permissions': 'REDACTED'
    'x-ms-acl': 'REDACTED'
    'Date': 'Tue, 28 Apr 2026 20:15:28 GMT'
2026-04-28 16:15:29  INFO  Request URL: 'https://agileloadforecasting.blob.core.windows.net/ualbany/final_uWRF_simulations/ssp45_cooler/2d_vars/zarr_2d_vars_d02_2050_06.zarr/CM_AC_URB3D/0.0.0?sp=REDACTED&st=REDACTED&se=REDACTED&spr=REDACTED&sv=REDACTED&sr=REDACTED&sig=REDACTED'
Request method: 'HEAD'
Request headers:
    'x-ms-version': 'REDACTED'
    'Accept': 'application/xml'
    'User-Agent': 'azsdk-python-storage-blob/12.24.0 Python/3.13.1 (Linux-5.4.17-2136.353.3.el8uek.x86_64-x86_64-with-glibc2.28)'
    'x-ms-date': 'REDACTED'
    'x-ms-client-request-id': '0094060e-433f-11f1-a90b-6c92cfa5c7f0'
No body was attached to the request
2026-04-28 16:15:29  INFO  Response status: 200
Response headers:
    'Content-Length': '12925035'
    'Content-Type': 'application/octet-stream'
    'Content-MD5': 'REDACTED'
    'Last-Modified': 'Thu, 16 Apr 2026 18:23:57 GMT'
    'Accept-Ranges': 'REDACTED'
    'ETag': '"0x8DE9BE552D195B4"'
    'Server': 'Windows-Azure-Blob/1.0 Microsoft-HTTPAPI/2.0'
    'x-ms-request-id': '6d401695-301e-007d-284b-d7b9bc000000'
    'x-ms-client-request-id': '0094060e-433f-11f1-a90b-6c92cfa5c7f0'
    'x-ms-version': 'REDACTED'
    'x-ms-resource-type': 'REDACTED'
    'x-ms-creation-time': 'REDACTED'
    'x-ms-lease-status': 'REDACTED'
    'x-ms-lease-state': 'REDACTED'
    'x-ms-blob-type': 'REDACTED'
    'x-ms-server-encrypted': 'REDACTED'
    'x-ms-access-tier': 'REDACTED'
    'x-ms-access-tier-inferred': 'REDACTED'
    'x-ms-owner': 'REDACTED'
    'x-ms-group': 'REDACTED'
    'x-ms-permissions': 'REDACTED'
    'x-ms-acl': 'REDACTED'
    'Date': 'Tue, 28 Apr 2026 20:15:28 GMT'
2026-04-28 16:15:29  INFO  Request URL: 'https://agileloadforecasting.blob.core.windows.net/ualbany/final_uWRF_simulations/ssp45_cooler/2d_vars/zarr_2d_vars_d02_2050_06.zarr/CM_AC_URB3D/0.0.0?sp=REDACTED&st=REDACTED&se=REDACTED&spr=REDACTED&sv=REDACTED&sr=REDACTED&sig=REDACTED'
Request method: 'GET'
Request headers:
    'x-ms-range': 'REDACTED'
    'x-ms-version': 'REDACTED'
    'Accept': 'application/xml'
    'User-Agent': 'azsdk-python-storage-blob/12.24.0 Python/3.13.1 (Linux-5.4.17-2136.353.3.el8uek.x86_64-x86_64-with-glibc2.28)'
    'x-ms-date': 'REDACTED'
    'x-ms-client-request-id': '00984c0a-433f-11f1-a90b-6c92cfa5c7f0'
No body was attached to the request
2026-04-28 16:15:29  INFO  Response status: 206
Response headers:
    'Content-Length': '12925035'
    'Content-Type': 'application/octet-stream'
    'Content-Range': 'REDACTED'
    'Last-Modified': 'Thu, 16 Apr 2026 18:23:57 GMT'
    'Accept-Ranges': 'REDACTED'
    'ETag': '"0x8DE9BE552D195B4"'
    'Server': 'Windows-Azure-Blob/1.0 Microsoft-HTTPAPI/2.0'
    'x-ms-request-id': '6d4016a9-301e-007d-3a4b-d7b9bc000000'
    'x-ms-client-request-id': '00984c0a-433f-11f1-a90b-6c92cfa5c7f0'
    'x-ms-version': 'REDACTED'
    'x-ms-resource-type': 'REDACTED'
    'x-ms-creation-time': 'REDACTED'
    'x-ms-blob-content-md5': 'REDACTED'
    'x-ms-lease-status': 'REDACTED'
    'x-ms-lease-state': 'REDACTED'
    'x-ms-blob-type': 'REDACTED'
    'x-ms-server-encrypted': 'REDACTED'
    'x-ms-access-tier': 'REDACTED'
    'x-ms-access-tier-inferred': 'REDACTED'
    'x-ms-owner': 'REDACTED'
    'x-ms-group': 'REDACTED'
    'x-ms-permissions': 'REDACTED'
    'x-ms-acl': 'REDACTED'
    'Date': 'Tue, 28 Apr 2026 20:15:29 GMT'
2026-04-28 16:15:30  INFO    2050-06 -> 720 rows (0.5s, days seen=181)
2026-04-28 16:15:30  INFO  Request URL: 'https://agileloadforecasting.blob.core.windows.net/ualbany/final_uWRF_simulations/ssp45_cooler/2d_vars/zarr_2d_vars_d02_2050_07.zarr/.zmetadata?sp=REDACTED&st=REDACTED&se=REDACTED&spr=REDACTED&sv=REDACTED&sr=REDACTED&sig=REDACTED'
Request method: 'GET'
Request headers:
    'x-ms-range': 'REDACTED'
    'x-ms-version': 'REDACTED'
    'Accept': 'application/xml'
    'User-Agent': 'azsdk-python-storage-blob/12.24.0 Python/3.13.1 (Linux-5.4.17-2136.353.3.el8uek.x86_64-x86_64-with-glibc2.28)'
    'x-ms-date': 'REDACTED'
    'x-ms-client-request-id': '00d82230-433f-11f1-a90b-6c92cfa5c7f0'
No body was attached to the request
2026-04-28 16:15:30  INFO  Response status: 206
Response headers:
    'Content-Length': '93201'
    'Content-Type': 'application/octet-stream'
    'Content-Range': 'REDACTED'
    'Last-Modified': 'Thu, 16 Apr 2026 19:14:10 GMT'
    'Accept-Ranges': 'REDACTED'
    'ETag': '"0x8DE9BEC56F0CB30"'
    'Server': 'Windows-Azure-Blob/1.0 Microsoft-HTTPAPI/2.0'
    'x-ms-request-id': '6d4017ad-301e-007d-7e4b-d7b9bc000000'
    'x-ms-client-request-id': '00d82230-433f-11f1-a90b-6c92cfa5c7f0'
    'x-ms-version': 'REDACTED'
    'x-ms-resource-type': 'REDACTED'
    'x-ms-creation-time': 'REDACTED'
    'x-ms-blob-content-md5': 'REDACTED'
    'x-ms-lease-status': 'REDACTED'
    'x-ms-lease-state': 'REDACTED'
    'x-ms-blob-type': 'REDACTED'
    'x-ms-server-encrypted': 'REDACTED'
    'x-ms-access-tier': 'REDACTED'
    'x-ms-access-tier-inferred': 'REDACTED'
    'x-ms-owner': 'REDACTED'
    'x-ms-group': 'REDACTED'
    'x-ms-permissions': 'REDACTED'
    'x-ms-acl': 'REDACTED'
    'Date': 'Tue, 28 Apr 2026 20:15:29 GMT'
2026-04-28 16:15:30  INFO  Request URL: 'https://agileloadforecasting.blob.core.windows.net/ualbany/final_uWRF_simulations/ssp45_cooler/2d_vars/zarr_2d_vars_d02_2050_07.zarr/Times/0?sp=REDACTED&st=REDACTED&se=REDACTED&spr=REDACTED&sv=REDACTED&sr=REDACTED&sig=REDACTED'
Request method: 'HEAD'
Request headers:
    'x-ms-version': 'REDACTED'
    'Accept': 'application/xml'
    'User-Agent': 'azsdk-python-storage-blob/12.24.0 Python/3.13.1 (Linux-5.4.17-2136.353.3.el8uek.x86_64-x86_64-with-glibc2.28)'
    'x-ms-date': 'REDACTED'
    'x-ms-client-request-id': '00de4dea-433f-11f1-a90b-6c92cfa5c7f0'
No body was attached to the request
2026-04-28 16:15:30  INFO  Response status: 200
Response headers:
    'Content-Length': '532'
    'Content-Type': 'application/octet-stream'
    'Content-MD5': 'REDACTED'
    'Last-Modified': 'Thu, 16 Apr 2026 19:14:11 GMT'
    'Accept-Ranges': 'REDACTED'
    'ETag': '"0x8DE9BEC57603EE0"'
    'Server': 'Windows-Azure-Blob/1.0 Microsoft-HTTPAPI/2.0'
    'x-ms-request-id': '6d4017c4-301e-007d-104b-d7b9bc000000'
    'x-ms-client-request-id': '00de4dea-433f-11f1-a90b-6c92cfa5c7f0'
    'x-ms-version': 'REDACTED'
    'x-ms-resource-type': 'REDACTED'
    'x-ms-creation-time': 'REDACTED'
    'x-ms-lease-status': 'REDACTED'
    'x-ms-lease-state': 'REDACTED'
    'x-ms-blob-type': 'REDACTED'
    'x-ms-server-encrypted': 'REDACTED'
    'x-ms-access-tier': 'REDACTED'
    'x-ms-access-tier-inferred': 'REDACTED'
    'x-ms-owner': 'REDACTED'
    'x-ms-group': 'REDACTED'
    'x-ms-permissions': 'REDACTED'
    'x-ms-acl': 'REDACTED'
    'Date': 'Tue, 28 Apr 2026 20:15:29 GMT'
2026-04-28 16:15:30  INFO  Request URL: 'https://agileloadforecasting.blob.core.windows.net/ualbany/final_uWRF_simulations/ssp45_cooler/2d_vars/zarr_2d_vars_d02_2050_07.zarr/Times/0?sp=REDACTED&st=REDACTED&se=REDACTED&spr=REDACTED&sv=REDACTED&sr=REDACTED&sig=REDACTED'
Request method: 'GET'
Request headers:
    'x-ms-range': 'REDACTED'
    'x-ms-version': 'REDACTED'
    'Accept': 'application/xml'
    'User-Agent': 'azsdk-python-storage-blob/12.24.0 Python/3.13.1 (Linux-5.4.17-2136.353.3.el8uek.x86_64-x86_64-with-glibc2.28)'
    'x-ms-date': 'REDACTED'
    'x-ms-client-request-id': '00e39516-433f-11f1-a90b-6c92cfa5c7f0'
No body was attached to the request
2026-04-28 16:15:30  INFO  Response status: 206
Response headers:
    'Content-Length': '532'
    'Content-Type': 'application/octet-stream'
    'Content-Range': 'REDACTED'
    'Last-Modified': 'Thu, 16 Apr 2026 19:14:11 GMT'
    'Accept-Ranges': 'REDACTED'
    'ETag': '"0x8DE9BEC57603EE0"'
    'Server': 'Windows-Azure-Blob/1.0 Microsoft-HTTPAPI/2.0'
    'x-ms-request-id': '6d4017ea-301e-007d-2b4b-d7b9bc000000'
    'x-ms-client-request-id': '00e39516-433f-11f1-a90b-6c92cfa5c7f0'
    'x-ms-version': 'REDACTED'
    'x-ms-resource-type': 'REDACTED'
    'x-ms-creation-time': 'REDACTED'
    'x-ms-blob-content-md5': 'REDACTED'
    'x-ms-lease-status': 'REDACTED'
    'x-ms-lease-state': 'REDACTED'
    'x-ms-blob-type': 'REDACTED'
    'x-ms-server-encrypted': 'REDACTED'
    'x-ms-access-tier': 'REDACTED'
    'x-ms-access-tier-inferred': 'REDACTED'
    'x-ms-owner': 'REDACTED'
    'x-ms-group': 'REDACTED'
    'x-ms-permissions': 'REDACTED'
    'x-ms-acl': 'REDACTED'
    'Date': 'Tue, 28 Apr 2026 20:15:29 GMT'
2026-04-28 16:15:30  INFO  Request URL: 'https://agileloadforecasting.blob.core.windows.net/ualbany/final_uWRF_simulations/ssp45_cooler/2d_vars/zarr_2d_vars_d02_2050_07.zarr/Times/1?sp=REDACTED&st=REDACTED&se=REDACTED&spr=REDACTED&sv=REDACTED&sr=REDACTED&sig=REDACTED'
Request method: 'HEAD'
Request headers:
    'x-ms-version': 'REDACTED'
    'Accept': 'application/xml'
    'User-Agent': 'azsdk-python-storage-blob/12.24.0 Python/3.13.1 (Linux-5.4.17-2136.353.3.el8uek.x86_64-x86_64-with-glibc2.28)'
    'x-ms-date': 'REDACTED'
    'x-ms-client-request-id': '00ee2eea-433f-11f1-a90b-6c92cfa5c7f0'
No body was attached to the request
2026-04-28 16:15:30  INFO  Response status: 200
Response headers:
    'Content-Length': '84'
    'Content-Type': 'application/octet-stream'
    'Content-MD5': 'REDACTED'
    'Last-Modified': 'Thu, 16 Apr 2026 19:14:11 GMT'
    'Accept-Ranges': 'REDACTED'
    'ETag': '"0x8DE9BEC575E34F0"'
    'Server': 'Windows-Azure-Blob/1.0 Microsoft-HTTPAPI/2.0'
    'x-ms-request-id': '6d401823-301e-007d-5a4b-d7b9bc000000'
    'x-ms-client-request-id': '00ee2eea-433f-11f1-a90b-6c92cfa5c7f0'
    'x-ms-version': 'REDACTED'
    'x-ms-resource-type': 'REDACTED'
    'x-ms-creation-time': 'REDACTED'
    'x-ms-lease-status': 'REDACTED'
    'x-ms-lease-state': 'REDACTED'
    'x-ms-blob-type': 'REDACTED'
    'x-ms-server-encrypted': 'REDACTED'
    'x-ms-access-tier': 'REDACTED'
    'x-ms-access-tier-inferred': 'REDACTED'
    'x-ms-owner': 'REDACTED'
    'x-ms-group': 'REDACTED'
    'x-ms-permissions': 'REDACTED'
    'x-ms-acl': 'REDACTED'
    'Date': 'Tue, 28 Apr 2026 20:15:29 GMT'
2026-04-28 16:15:30  INFO  Request URL: 'https://agileloadforecasting.blob.core.windows.net/ualbany/final_uWRF_simulations/ssp45_cooler/2d_vars/zarr_2d_vars_d02_2050_07.zarr/Times/1?sp=REDACTED&st=REDACTED&se=REDACTED&spr=REDACTED&sv=REDACTED&sr=REDACTED&sig=REDACTED'
Request method: 'GET'
Request headers:
    'x-ms-range': 'REDACTED'
    'x-ms-version': 'REDACTED'
    'Accept': 'application/xml'
    'User-Agent': 'azsdk-python-storage-blob/12.24.0 Python/3.13.1 (Linux-5.4.17-2136.353.3.el8uek.x86_64-x86_64-with-glibc2.28)'
    'x-ms-date': 'REDACTED'
    'x-ms-client-request-id': '00f0e310-433f-11f1-a90b-6c92cfa5c7f0'
No body was attached to the request
2026-04-28 16:15:30  INFO  Response status: 206
Response headers:
    'Content-Length': '84'
    'Content-Type': 'application/octet-stream'
    'Content-Range': 'REDACTED'
    'Last-Modified': 'Thu, 16 Apr 2026 19:14:11 GMT'
    'Accept-Ranges': 'REDACTED'
    'ETag': '"0x8DE9BEC575E34F0"'
    'Server': 'Windows-Azure-Blob/1.0 Microsoft-HTTPAPI/2.0'
    'x-ms-request-id': '6d401832-301e-007d-654b-d7b9bc000000'
    'x-ms-client-request-id': '00f0e310-433f-11f1-a90b-6c92cfa5c7f0'
    'x-ms-version': 'REDACTED'
    'x-ms-resource-type': 'REDACTED'
    'x-ms-creation-time': 'REDACTED'
    'x-ms-blob-content-md5': 'REDACTED'
    'x-ms-lease-status': 'REDACTED'
    'x-ms-lease-state': 'REDACTED'
    'x-ms-blob-type': 'REDACTED'
    'x-ms-server-encrypted': 'REDACTED'
    'x-ms-access-tier': 'REDACTED'
    'x-ms-access-tier-inferred': 'REDACTED'
    'x-ms-owner': 'REDACTED'
    'x-ms-group': 'REDACTED'
    'x-ms-permissions': 'REDACTED'
    'x-ms-acl': 'REDACTED'
    'Date': 'Tue, 28 Apr 2026 20:15:29 GMT'
2026-04-28 16:15:30  INFO  Request URL: 'https://agileloadforecasting.blob.core.windows.net/ualbany/final_uWRF_simulations/ssp45_cooler/2d_vars/zarr_2d_vars_d02_2050_07.zarr/CM_AC_URB3D/0.0.0?sp=REDACTED&st=REDACTED&se=REDACTED&spr=REDACTED&sv=REDACTED&sr=REDACTED&sig=REDACTED'
Request method: 'HEAD'
Request headers:
    'x-ms-version': 'REDACTED'
    'Accept': 'application/xml'
    'User-Agent': 'azsdk-python-storage-blob/12.24.0 Python/3.13.1 (Linux-5.4.17-2136.353.3.el8uek.x86_64-x86_64-with-glibc2.28)'
    'x-ms-date': 'REDACTED'
    'x-ms-client-request-id': '00fde8b2-433f-11f1-a90b-6c92cfa5c7f0'
No body was attached to the request
2026-04-28 16:15:30  INFO  Response status: 200
Response headers:
    'Content-Length': '13733124'
    'Content-Type': 'application/octet-stream'
    'Content-MD5': 'REDACTED'
    'Last-Modified': 'Thu, 16 Apr 2026 19:14:16 GMT'
    'Accept-Ranges': 'REDACTED'
    'ETag': '"0x8DE9BEC5A7D233C"'
    'Server': 'Windows-Azure-Blob/1.0 Microsoft-HTTPAPI/2.0'
    'x-ms-request-id': '6d40186f-301e-007d-184b-d7b9bc000000'
    'x-ms-client-request-id': '00fde8b2-433f-11f1-a90b-6c92cfa5c7f0'
    'x-ms-version': 'REDACTED'
    'x-ms-resource-type': 'REDACTED'
    'x-ms-creation-time': 'REDACTED'
    'x-ms-lease-status': 'REDACTED'
    'x-ms-lease-state': 'REDACTED'
    'x-ms-blob-type': 'REDACTED'
    'x-ms-server-encrypted': 'REDACTED'
    'x-ms-access-tier': 'REDACTED'
    'x-ms-access-tier-inferred': 'REDACTED'
    'x-ms-owner': 'REDACTED'
    'x-ms-group': 'REDACTED'
    'x-ms-permissions': 'REDACTED'
    'x-ms-acl': 'REDACTED'
    'Date': 'Tue, 28 Apr 2026 20:15:29 GMT'
2026-04-28 16:15:30  INFO  Request URL: 'https://agileloadforecasting.blob.core.windows.net/ualbany/final_uWRF_simulations/ssp45_cooler/2d_vars/zarr_2d_vars_d02_2050_07.zarr/CM_AC_URB3D/0.0.0?sp=REDACTED&st=REDACTED&se=REDACTED&spr=REDACTED&sv=REDACTED&sr=REDACTED&sig=REDACTED'
Request method: 'GET'
Request headers:
    'x-ms-range': 'REDACTED'
    'x-ms-version': 'REDACTED'
    'Accept': 'application/xml'
    'User-Agent': 'azsdk-python-storage-blob/12.24.0 Python/3.13.1 (Linux-5.4.17-2136.353.3.el8uek.x86_64-x86_64-with-glibc2.28)'
    'x-ms-date': 'REDACTED'
    'x-ms-client-request-id': '0102294a-433f-11f1-a90b-6c92cfa5c7f0'
No body was attached to the request
2026-04-28 16:15:30  INFO  Response status: 206
Response headers:
    'Content-Length': '13733124'
    'Content-Type': 'application/octet-stream'
    'Content-Range': 'REDACTED'
    'Last-Modified': 'Thu, 16 Apr 2026 19:14:16 GMT'
    'Accept-Ranges': 'REDACTED'
    'ETag': '"0x8DE9BEC5A7D233C"'
    'Server': 'Windows-Azure-Blob/1.0 Microsoft-HTTPAPI/2.0'
    'x-ms-request-id': '6d40187d-301e-007d-244b-d7b9bc000000'
    'x-ms-client-request-id': '0102294a-433f-11f1-a90b-6c92cfa5c7f0'
    'x-ms-version': 'REDACTED'
    'x-ms-resource-type': 'REDACTED'
    'x-ms-creation-time': 'REDACTED'
    'x-ms-blob-content-md5': 'REDACTED'
    'x-ms-lease-status': 'REDACTED'
    'x-ms-lease-state': 'REDACTED'
    'x-ms-blob-type': 'REDACTED'
    'x-ms-server-encrypted': 'REDACTED'
    'x-ms-access-tier': 'REDACTED'
    'x-ms-access-tier-inferred': 'REDACTED'
    'x-ms-owner': 'REDACTED'
    'x-ms-group': 'REDACTED'
    'x-ms-permissions': 'REDACTED'
    'x-ms-acl': 'REDACTED'
    'Date': 'Tue, 28 Apr 2026 20:15:29 GMT'
2026-04-28 16:15:30  INFO  Request URL: 'https://agileloadforecasting.blob.core.windows.net/ualbany/final_uWRF_simulations/ssp45_cooler/2d_vars/zarr_2d_vars_d02_2050_07.zarr/CM_AC_URB3D/1.0.0?sp=REDACTED&st=REDACTED&se=REDACTED&spr=REDACTED&sv=REDACTED&sr=REDACTED&sig=REDACTED'
Request method: 'HEAD'
Request headers:
    'x-ms-version': 'REDACTED'
    'Accept': 'application/xml'
    'User-Agent': 'azsdk-python-storage-blob/12.24.0 Python/3.13.1 (Linux-5.4.17-2136.353.3.el8uek.x86_64-x86_64-with-glibc2.28)'
    'x-ms-date': 'REDACTED'
    'x-ms-client-request-id': '011dc22c-433f-11f1-a90b-6c92cfa5c7f0'
No body was attached to the request
2026-04-28 16:15:30  INFO  Response status: 200
Response headers:
    'Content-Length': '450040'
    'Content-Type': 'application/octet-stream'
    'Content-MD5': 'REDACTED'
    'Last-Modified': 'Thu, 16 Apr 2026 19:14:15 GMT'
    'Accept-Ranges': 'REDACTED'
    'ETag': '"0x8DE9BEC59B727A8"'
    'Server': 'Windows-Azure-Blob/1.0 Microsoft-HTTPAPI/2.0'
    'x-ms-request-id': '6d4018ed-301e-007d-014b-d7b9bc000000'
    'x-ms-client-request-id': '011dc22c-433f-11f1-a90b-6c92cfa5c7f0'
    'x-ms-version': 'REDACTED'
    'x-ms-resource-type': 'REDACTED'
    'x-ms-creation-time': 'REDACTED'
    'x-ms-lease-status': 'REDACTED'
    'x-ms-lease-state': 'REDACTED'
    'x-ms-blob-type': 'REDACTED'
    'x-ms-server-encrypted': 'REDACTED'
    'x-ms-access-tier': 'REDACTED'
    'x-ms-access-tier-inferred': 'REDACTED'
    'x-ms-owner': 'REDACTED'
    'x-ms-group': 'REDACTED'
    'x-ms-permissions': 'REDACTED'
    'x-ms-acl': 'REDACTED'
    'Date': 'Tue, 28 Apr 2026 20:15:29 GMT'
2026-04-28 16:15:30  INFO  Request URL: 'https://agileloadforecasting.blob.core.windows.net/ualbany/final_uWRF_simulations/ssp45_cooler/2d_vars/zarr_2d_vars_d02_2050_07.zarr/CM_AC_URB3D/1.0.0?sp=REDACTED&st=REDACTED&se=REDACTED&spr=REDACTED&sv=REDACTED&sr=REDACTED&sig=REDACTED'
Request method: 'GET'
Request headers:
    'x-ms-range': 'REDACTED'
    'x-ms-version': 'REDACTED'
    'Accept': 'application/xml'
    'User-Agent': 'azsdk-python-storage-blob/12.24.0 Python/3.13.1 (Linux-5.4.17-2136.353.3.el8uek.x86_64-x86_64-with-glibc2.28)'
    'x-ms-date': 'REDACTED'
    'x-ms-client-request-id': '0120f5a0-433f-11f1-a90b-6c92cfa5c7f0'
No body was attached to the request
2026-04-28 16:15:30  INFO  Response status: 206
Response headers:
    'Content-Length': '450040'
    'Content-Type': 'application/octet-stream'
    'Content-Range': 'REDACTED'
    'Last-Modified': 'Thu, 16 Apr 2026 19:14:15 GMT'
    'Accept-Ranges': 'REDACTED'
    'ETag': '"0x8DE9BEC59B727A8"'
    'Server': 'Windows-Azure-Blob/1.0 Microsoft-HTTPAPI/2.0'
    'x-ms-request-id': '6d401905-301e-007d-154b-d7b9bc000000'
    'x-ms-client-request-id': '0120f5a0-433f-11f1-a90b-6c92cfa5c7f0'
    'x-ms-version': 'REDACTED'
    'x-ms-resource-type': 'REDACTED'
    'x-ms-creation-time': 'REDACTED'
    'x-ms-blob-content-md5': 'REDACTED'
    'x-ms-lease-status': 'REDACTED'
    'x-ms-lease-state': 'REDACTED'
    'x-ms-blob-type': 'REDACTED'
    'x-ms-server-encrypted': 'REDACTED'
    'x-ms-access-tier': 'REDACTED'
    'x-ms-access-tier-inferred': 'REDACTED'
    'x-ms-owner': 'REDACTED'
    'x-ms-group': 'REDACTED'
    'x-ms-permissions': 'REDACTED'
    'x-ms-acl': 'REDACTED'
    'Date': 'Tue, 28 Apr 2026 20:15:29 GMT'
2026-04-28 16:15:30  INFO    2050-07 -> 744 rows (0.7s, days seen=212)
2026-04-28 16:15:30  INFO  Request URL: 'https://agileloadforecasting.blob.core.windows.net/ualbany/final_uWRF_simulations/ssp45_cooler/2d_vars/zarr_2d_vars_d02_2050_08.zarr/.zmetadata?sp=REDACTED&st=REDACTED&se=REDACTED&spr=REDACTED&sv=REDACTED&sr=REDACTED&sig=REDACTED'
Request method: 'GET'
Request headers:
    'x-ms-range': 'REDACTED'
    'x-ms-version': 'REDACTED'
    'Accept': 'application/xml'
    'User-Agent': 'azsdk-python-storage-blob/12.24.0 Python/3.13.1 (Linux-5.4.17-2136.353.3.el8uek.x86_64-x86_64-with-glibc2.28)'
    'x-ms-date': 'REDACTED'
    'x-ms-client-request-id': '014927fa-433f-11f1-a90b-6c92cfa5c7f0'
No body was attached to the request
2026-04-28 16:15:30  INFO  Response status: 206
Response headers:
    'Content-Length': '93201'
    'Content-Type': 'application/octet-stream'
    'Content-Range': 'REDACTED'
    'Last-Modified': 'Fri, 17 Apr 2026 01:40:39 GMT'
    'Accept-Ranges': 'REDACTED'
    'ETag': '"0x8DE9C22548577C0"'
    'Server': 'Windows-Azure-Blob/1.0 Microsoft-HTTPAPI/2.0'
    'x-ms-request-id': '6d401996-301e-007d-0f4b-d7b9bc000000'
    'x-ms-client-request-id': '014927fa-433f-11f1-a90b-6c92cfa5c7f0'
    'x-ms-version': 'REDACTED'
    'x-ms-resource-type': 'REDACTED'
    'x-ms-creation-time': 'REDACTED'
    'x-ms-blob-content-md5': 'REDACTED'
    'x-ms-lease-status': 'REDACTED'
    'x-ms-lease-state': 'REDACTED'
    'x-ms-blob-type': 'REDACTED'
    'x-ms-server-encrypted': 'REDACTED'
    'x-ms-access-tier': 'REDACTED'
    'x-ms-access-tier-inferred': 'REDACTED'
    'x-ms-owner': 'REDACTED'
    'x-ms-group': 'REDACTED'
    'x-ms-permissions': 'REDACTED'
    'x-ms-acl': 'REDACTED'
    'Date': 'Tue, 28 Apr 2026 20:15:30 GMT'
2026-04-28 16:15:30  INFO  Request URL: 'https://agileloadforecasting.blob.core.windows.net/ualbany/final_uWRF_simulations/ssp45_cooler/2d_vars/zarr_2d_vars_d02_2050_08.zarr/Times/0?sp=REDACTED&st=REDACTED&se=REDACTED&spr=REDACTED&sv=REDACTED&sr=REDACTED&sig=REDACTED'
Request method: 'HEAD'
Request headers:
    'x-ms-version': 'REDACTED'
    'Accept': 'application/xml'
    'User-Agent': 'azsdk-python-storage-blob/12.24.0 Python/3.13.1 (Linux-5.4.17-2136.353.3.el8uek.x86_64-x86_64-with-glibc2.28)'
    'x-ms-date': 'REDACTED'
    'x-ms-client-request-id': '0151a9a2-433f-11f1-a90b-6c92cfa5c7f0'
No body was attached to the request
2026-04-28 16:15:30  INFO  Response status: 200
Response headers:
    'Content-Length': '533'
    'Content-Type': 'application/octet-stream'
    'Content-MD5': 'REDACTED'
    'Last-Modified': 'Fri, 17 Apr 2026 01:40:40 GMT'
    'Accept-Ranges': 'REDACTED'
    'ETag': '"0x8DE9C22553CA348"'
    'Server': 'Windows-Azure-Blob/1.0 Microsoft-HTTPAPI/2.0'
    'x-ms-request-id': '6d4019c3-301e-007d-374b-d7b9bc000000'
    'x-ms-client-request-id': '0151a9a2-433f-11f1-a90b-6c92cfa5c7f0'
    'x-ms-version': 'REDACTED'
    'x-ms-resource-type': 'REDACTED'
    'x-ms-creation-time': 'REDACTED'
    'x-ms-lease-status': 'REDACTED'
    'x-ms-lease-state': 'REDACTED'
    'x-ms-blob-type': 'REDACTED'
    'x-ms-server-encrypted': 'REDACTED'
    'x-ms-access-tier': 'REDACTED'
    'x-ms-access-tier-inferred': 'REDACTED'
    'x-ms-owner': 'REDACTED'
    'x-ms-group': 'REDACTED'
    'x-ms-permissions': 'REDACTED'
    'x-ms-acl': 'REDACTED'
    'Date': 'Tue, 28 Apr 2026 20:15:30 GMT'
2026-04-28 16:15:30  INFO  Request URL: 'https://agileloadforecasting.blob.core.windows.net/ualbany/final_uWRF_simulations/ssp45_cooler/2d_vars/zarr_2d_vars_d02_2050_08.zarr/Times/0?sp=REDACTED&st=REDACTED&se=REDACTED&spr=REDACTED&sv=REDACTED&sr=REDACTED&sig=REDACTED'
Request method: 'GET'
Request headers:
    'x-ms-range': 'REDACTED'
    'x-ms-version': 'REDACTED'
    'Accept': 'application/xml'
    'User-Agent': 'azsdk-python-storage-blob/12.24.0 Python/3.13.1 (Linux-5.4.17-2136.353.3.el8uek.x86_64-x86_64-with-glibc2.28)'
    'x-ms-date': 'REDACTED'
    'x-ms-client-request-id': '0156301c-433f-11f1-a90b-6c92cfa5c7f0'
No body was attached to the request
2026-04-28 16:15:31  INFO  Response status: 206
Response headers:
    'Content-Length': '533'
    'Content-Type': 'application/octet-stream'
    'Content-Range': 'REDACTED'
    'Last-Modified': 'Fri, 17 Apr 2026 01:40:40 GMT'
    'Accept-Ranges': 'REDACTED'
    'ETag': '"0x8DE9C22553CA348"'
    'Server': 'Windows-Azure-Blob/1.0 Microsoft-HTTPAPI/2.0'
    'x-ms-request-id': '6d4019db-301e-007d-4b4b-d7b9bc000000'
    'x-ms-client-request-id': '0156301c-433f-11f1-a90b-6c92cfa5c7f0'
    'x-ms-version': 'REDACTED'
    'x-ms-resource-type': 'REDACTED'
    'x-ms-creation-time': 'REDACTED'
    'x-ms-blob-content-md5': 'REDACTED'
    'x-ms-lease-status': 'REDACTED'
    'x-ms-lease-state': 'REDACTED'
    'x-ms-blob-type': 'REDACTED'
    'x-ms-server-encrypted': 'REDACTED'
    'x-ms-access-tier': 'REDACTED'
    'x-ms-access-tier-inferred': 'REDACTED'
    'x-ms-owner': 'REDACTED'
    'x-ms-group': 'REDACTED'
    'x-ms-permissions': 'REDACTED'
    'x-ms-acl': 'REDACTED'
    'Date': 'Tue, 28 Apr 2026 20:15:30 GMT'
2026-04-28 16:15:31  INFO  Request URL: 'https://agileloadforecasting.blob.core.windows.net/ualbany/final_uWRF_simulations/ssp45_cooler/2d_vars/zarr_2d_vars_d02_2050_08.zarr/Times/1?sp=REDACTED&st=REDACTED&se=REDACTED&spr=REDACTED&sv=REDACTED&sr=REDACTED&sig=REDACTED'
Request method: 'HEAD'
Request headers:
    'x-ms-version': 'REDACTED'
    'Accept': 'application/xml'
    'User-Agent': 'azsdk-python-storage-blob/12.24.0 Python/3.13.1 (Linux-5.4.17-2136.353.3.el8uek.x86_64-x86_64-with-glibc2.28)'
    'x-ms-date': 'REDACTED'
    'x-ms-client-request-id': '016928de-433f-11f1-a90b-6c92cfa5c7f0'
No body was attached to the request
2026-04-28 16:15:31  INFO  Response status: 200
Response headers:
    'Content-Length': '84'
    'Content-Type': 'application/octet-stream'
    'Content-MD5': 'REDACTED'
    'Last-Modified': 'Fri, 17 Apr 2026 01:40:40 GMT'
    'Accept-Ranges': 'REDACTED'
    'ETag': '"0x8DE9C22553A66BC"'
    'Server': 'Windows-Azure-Blob/1.0 Microsoft-HTTPAPI/2.0'
    'x-ms-request-id': '6d401a28-301e-007d-0e4b-d7b9bc000000'
    'x-ms-client-request-id': '016928de-433f-11f1-a90b-6c92cfa5c7f0'
    'x-ms-version': 'REDACTED'
    'x-ms-resource-type': 'REDACTED'
    'x-ms-creation-time': 'REDACTED'
    'x-ms-lease-status': 'REDACTED'
    'x-ms-lease-state': 'REDACTED'
    'x-ms-blob-type': 'REDACTED'
    'x-ms-server-encrypted': 'REDACTED'
    'x-ms-access-tier': 'REDACTED'
    'x-ms-access-tier-inferred': 'REDACTED'
    'x-ms-owner': 'REDACTED'
    'x-ms-group': 'REDACTED'
    'x-ms-permissions': 'REDACTED'
    'x-ms-acl': 'REDACTED'
    'Date': 'Tue, 28 Apr 2026 20:15:30 GMT'
2026-04-28 16:15:31  INFO  Request URL: 'https://agileloadforecasting.blob.core.windows.net/ualbany/final_uWRF_simulations/ssp45_cooler/2d_vars/zarr_2d_vars_d02_2050_08.zarr/Times/1?sp=REDACTED&st=REDACTED&se=REDACTED&spr=REDACTED&sv=REDACTED&sr=REDACTED&sig=REDACTED'
Request method: 'GET'
Request headers:
    'x-ms-range': 'REDACTED'
    'x-ms-version': 'REDACTED'
    'Accept': 'application/xml'
    'User-Agent': 'azsdk-python-storage-blob/12.24.0 Python/3.13.1 (Linux-5.4.17-2136.353.3.el8uek.x86_64-x86_64-with-glibc2.28)'
    'x-ms-date': 'REDACTED'
    'x-ms-client-request-id': '016c370e-433f-11f1-a90b-6c92cfa5c7f0'
No body was attached to the request
2026-04-28 16:15:31  INFO  Response status: 206
Response headers:
    'Content-Length': '84'
    'Content-Type': 'application/octet-stream'
    'Content-Range': 'REDACTED'
    'Last-Modified': 'Fri, 17 Apr 2026 01:40:40 GMT'
    'Accept-Ranges': 'REDACTED'
    'ETag': '"0x8DE9C22553A66BC"'
    'Server': 'Windows-Azure-Blob/1.0 Microsoft-HTTPAPI/2.0'
    'x-ms-request-id': '6d401a31-301e-007d-174b-d7b9bc000000'
    'x-ms-client-request-id': '016c370e-433f-11f1-a90b-6c92cfa5c7f0'
    'x-ms-version': 'REDACTED'
    'x-ms-resource-type': 'REDACTED'
    'x-ms-creation-time': 'REDACTED'
    'x-ms-blob-content-md5': 'REDACTED'
    'x-ms-lease-status': 'REDACTED'
    'x-ms-lease-state': 'REDACTED'
    'x-ms-blob-type': 'REDACTED'
    'x-ms-server-encrypted': 'REDACTED'
    'x-ms-access-tier': 'REDACTED'
    'x-ms-access-tier-inferred': 'REDACTED'
    'x-ms-owner': 'REDACTED'
    'x-ms-group': 'REDACTED'
    'x-ms-permissions': 'REDACTED'
    'x-ms-acl': 'REDACTED'
    'Date': 'Tue, 28 Apr 2026 20:15:30 GMT'
2026-04-28 16:15:31  INFO  Request URL: 'https://agileloadforecasting.blob.core.windows.net/ualbany/final_uWRF_simulations/ssp45_cooler/2d_vars/zarr_2d_vars_d02_2050_08.zarr/CM_AC_URB3D/0.0.0?sp=REDACTED&st=REDACTED&se=REDACTED&spr=REDACTED&sv=REDACTED&sr=REDACTED&sig=REDACTED'
Request method: 'HEAD'
Request headers:
    'x-ms-version': 'REDACTED'
    'Accept': 'application/xml'
    'User-Agent': 'azsdk-python-storage-blob/12.24.0 Python/3.13.1 (Linux-5.4.17-2136.353.3.el8uek.x86_64-x86_64-with-glibc2.28)'
    'x-ms-date': 'REDACTED'
    'x-ms-client-request-id': '017646cc-433f-11f1-a90b-6c92cfa5c7f0'
No body was attached to the request
2026-04-28 16:15:31  INFO  Response status: 200
Response headers:
    'Content-Length': '12516456'
    'Content-Type': 'application/octet-stream'
    'Content-MD5': 'REDACTED'
    'Last-Modified': 'Fri, 17 Apr 2026 01:40:40 GMT'
    'Accept-Ranges': 'REDACTED'
    'ETag': '"0x8DE9C2254E31EA0"'
    'Server': 'Windows-Azure-Blob/1.0 Microsoft-HTTPAPI/2.0'
    'x-ms-request-id': '6d401a67-301e-007d-464b-d7b9bc000000'
    'x-ms-client-request-id': '017646cc-433f-11f1-a90b-6c92cfa5c7f0'
    'x-ms-version': 'REDACTED'
    'x-ms-resource-type': 'REDACTED'
    'x-ms-creation-time': 'REDACTED'
    'x-ms-lease-status': 'REDACTED'
    'x-ms-lease-state': 'REDACTED'
    'x-ms-blob-type': 'REDACTED'
    'x-ms-server-encrypted': 'REDACTED'
    'x-ms-access-tier': 'REDACTED'
    'x-ms-access-tier-inferred': 'REDACTED'
    'x-ms-owner': 'REDACTED'
    'x-ms-group': 'REDACTED'
    'x-ms-permissions': 'REDACTED'
    'x-ms-acl': 'REDACTED'
    'Date': 'Tue, 28 Apr 2026 20:15:30 GMT'
2026-04-28 16:15:31  INFO  Request URL: 'https://agileloadforecasting.blob.core.windows.net/ualbany/final_uWRF_simulations/ssp45_cooler/2d_vars/zarr_2d_vars_d02_2050_08.zarr/CM_AC_URB3D/0.0.0?sp=REDACTED&st=REDACTED&se=REDACTED&spr=REDACTED&sv=REDACTED&sr=REDACTED&sig=REDACTED'
Request method: 'GET'
Request headers:
    'x-ms-range': 'REDACTED'
    'x-ms-version': 'REDACTED'
    'Accept': 'application/xml'
    'User-Agent': 'azsdk-python-storage-blob/12.24.0 Python/3.13.1 (Linux-5.4.17-2136.353.3.el8uek.x86_64-x86_64-with-glibc2.28)'
    'x-ms-date': 'REDACTED'
    'x-ms-client-request-id': '0179f772-433f-11f1-a90b-6c92cfa5c7f0'
No body was attached to the request
2026-04-28 16:15:31  INFO  Response status: 206
Response headers:
    'Content-Length': '12516456'
    'Content-Type': 'application/octet-stream'
    'Content-Range': 'REDACTED'
    'Last-Modified': 'Fri, 17 Apr 2026 01:40:40 GMT'
    'Accept-Ranges': 'REDACTED'
    'ETag': '"0x8DE9C2254E31EA0"'
    'Server': 'Windows-Azure-Blob/1.0 Microsoft-HTTPAPI/2.0'
    'x-ms-request-id': '6d401a77-301e-007d-544b-d7b9bc000000'
    'x-ms-client-request-id': '0179f772-433f-11f1-a90b-6c92cfa5c7f0'
    'x-ms-version': 'REDACTED'
    'x-ms-resource-type': 'REDACTED'
    'x-ms-creation-time': 'REDACTED'
    'x-ms-blob-content-md5': 'REDACTED'
    'x-ms-lease-status': 'REDACTED'
    'x-ms-lease-state': 'REDACTED'
    'x-ms-blob-type': 'REDACTED'
    'x-ms-server-encrypted': 'REDACTED'
    'x-ms-access-tier': 'REDACTED'
    'x-ms-access-tier-inferred': 'REDACTED'
    'x-ms-owner': 'REDACTED'
    'x-ms-group': 'REDACTED'
    'x-ms-permissions': 'REDACTED'
    'x-ms-acl': 'REDACTED'
    'Date': 'Tue, 28 Apr 2026 20:15:30 GMT'
2026-04-28 16:15:31  INFO  Request URL: 'https://agileloadforecasting.blob.core.windows.net/ualbany/final_uWRF_simulations/ssp45_cooler/2d_vars/zarr_2d_vars_d02_2050_08.zarr/CM_AC_URB3D/1.0.0?sp=REDACTED&st=REDACTED&se=REDACTED&spr=REDACTED&sv=REDACTED&sr=REDACTED&sig=REDACTED'
Request method: 'HEAD'
Request headers:
    'x-ms-version': 'REDACTED'
    'Accept': 'application/xml'
    'User-Agent': 'azsdk-python-storage-blob/12.24.0 Python/3.13.1 (Linux-5.4.17-2136.353.3.el8uek.x86_64-x86_64-with-glibc2.28)'
    'x-ms-date': 'REDACTED'
    'x-ms-client-request-id': '0194fd2e-433f-11f1-a90b-6c92cfa5c7f0'
No body was attached to the request
2026-04-28 16:15:31  INFO  Response status: 200
Response headers:
    'Content-Length': '466739'
    'Content-Type': 'application/octet-stream'
    'Content-MD5': 'REDACTED'
    'Last-Modified': 'Fri, 17 Apr 2026 01:40:39 GMT'
    'Accept-Ranges': 'REDACTED'
    'ETag': '"0x8DE9C2254BCA6A8"'
    'Server': 'Windows-Azure-Blob/1.0 Microsoft-HTTPAPI/2.0'
    'x-ms-request-id': '6d401af9-301e-007d-3f4b-d7b9bc000000'
    'x-ms-client-request-id': '0194fd2e-433f-11f1-a90b-6c92cfa5c7f0'
    'x-ms-version': 'REDACTED'
    'x-ms-resource-type': 'REDACTED'
    'x-ms-creation-time': 'REDACTED'
    'x-ms-lease-status': 'REDACTED'
    'x-ms-lease-state': 'REDACTED'
    'x-ms-blob-type': 'REDACTED'
    'x-ms-server-encrypted': 'REDACTED'
    'x-ms-access-tier': 'REDACTED'
    'x-ms-access-tier-inferred': 'REDACTED'
    'x-ms-owner': 'REDACTED'
    'x-ms-group': 'REDACTED'
    'x-ms-permissions': 'REDACTED'
    'x-ms-acl': 'REDACTED'
    'Date': 'Tue, 28 Apr 2026 20:15:30 GMT'
2026-04-28 16:15:31  INFO  Request URL: 'https://agileloadforecasting.blob.core.windows.net/ualbany/final_uWRF_simulations/ssp45_cooler/2d_vars/zarr_2d_vars_d02_2050_08.zarr/CM_AC_URB3D/1.0.0?sp=REDACTED&st=REDACTED&se=REDACTED&spr=REDACTED&sv=REDACTED&sr=REDACTED&sig=REDACTED'
Request method: 'GET'
Request headers:
    'x-ms-range': 'REDACTED'
    'x-ms-version': 'REDACTED'
    'Accept': 'application/xml'
    'User-Agent': 'azsdk-python-storage-blob/12.24.0 Python/3.13.1 (Linux-5.4.17-2136.353.3.el8uek.x86_64-x86_64-with-glibc2.28)'
    'x-ms-date': 'REDACTED'
    'x-ms-client-request-id': '01981ec8-433f-11f1-a90b-6c92cfa5c7f0'
No body was attached to the request
2026-04-28 16:15:31  INFO  Response status: 206
Response headers:
    'Content-Length': '466739'
    'Content-Type': 'application/octet-stream'
    'Content-Range': 'REDACTED'
    'Last-Modified': 'Fri, 17 Apr 2026 01:40:39 GMT'
    'Accept-Ranges': 'REDACTED'
    'ETag': '"0x8DE9C2254BCA6A8"'
    'Server': 'Windows-Azure-Blob/1.0 Microsoft-HTTPAPI/2.0'
    'x-ms-request-id': '6d401b09-301e-007d-4c4b-d7b9bc000000'
    'x-ms-client-request-id': '01981ec8-433f-11f1-a90b-6c92cfa5c7f0'
    'x-ms-version': 'REDACTED'
    'x-ms-resource-type': 'REDACTED'
    'x-ms-creation-time': 'REDACTED'
    'x-ms-blob-content-md5': 'REDACTED'
    'x-ms-lease-status': 'REDACTED'
    'x-ms-lease-state': 'REDACTED'
    'x-ms-blob-type': 'REDACTED'
    'x-ms-server-encrypted': 'REDACTED'
    'x-ms-access-tier': 'REDACTED'
    'x-ms-access-tier-inferred': 'REDACTED'
    'x-ms-owner': 'REDACTED'
    'x-ms-group': 'REDACTED'
    'x-ms-permissions': 'REDACTED'
    'x-ms-acl': 'REDACTED'
    'Date': 'Tue, 28 Apr 2026 20:15:30 GMT'
2026-04-28 16:15:31  INFO    2050-08 -> 744 rows (0.7s, days seen=243)
2026-04-28 16:15:31  INFO  Request URL: 'https://agileloadforecasting.blob.core.windows.net/ualbany/final_uWRF_simulations/ssp45_cooler/2d_vars/zarr_2d_vars_d02_2050_09.zarr/.zmetadata?sp=REDACTED&st=REDACTED&se=REDACTED&spr=REDACTED&sv=REDACTED&sr=REDACTED&sig=REDACTED'
Request method: 'GET'
Request headers:
    'x-ms-range': 'REDACTED'
    'x-ms-version': 'REDACTED'
    'Accept': 'application/xml'
    'User-Agent': 'azsdk-python-storage-blob/12.24.0 Python/3.13.1 (Linux-5.4.17-2136.353.3.el8uek.x86_64-x86_64-with-glibc2.28)'
    'x-ms-date': 'REDACTED'
    'x-ms-client-request-id': '01b8b656-433f-11f1-a90b-6c92cfa5c7f0'
No body was attached to the request
2026-04-28 16:15:31  INFO  Response status: 206
Response headers:
    'Content-Length': '93201'
    'Content-Type': 'application/octet-stream'
    'Content-Range': 'REDACTED'
    'Last-Modified': 'Thu, 16 Apr 2026 18:09:56 GMT'
    'Accept-Ranges': 'REDACTED'
    'ETag': '"0x8DE9BE35DA73748"'
    'Server': 'Windows-Azure-Blob/1.0 Microsoft-HTTPAPI/2.0'
    'x-ms-request-id': '6d401bce-301e-007d-6a4b-d7b9bc000000'
    'x-ms-client-request-id': '01b8b656-433f-11f1-a90b-6c92cfa5c7f0'
    'x-ms-version': 'REDACTED'
    'x-ms-resource-type': 'REDACTED'
    'x-ms-creation-time': 'REDACTED'
    'x-ms-blob-content-md5': 'REDACTED'
    'x-ms-lease-status': 'REDACTED'
    'x-ms-lease-state': 'REDACTED'
    'x-ms-blob-type': 'REDACTED'
    'x-ms-server-encrypted': 'REDACTED'
    'x-ms-access-tier': 'REDACTED'
    'x-ms-access-tier-inferred': 'REDACTED'
    'x-ms-owner': 'REDACTED'
    'x-ms-group': 'REDACTED'
    'x-ms-permissions': 'REDACTED'
    'x-ms-acl': 'REDACTED'
    'Date': 'Tue, 28 Apr 2026 20:15:30 GMT'
2026-04-28 16:15:31  INFO  Request URL: 'https://agileloadforecasting.blob.core.windows.net/ualbany/final_uWRF_simulations/ssp45_cooler/2d_vars/zarr_2d_vars_d02_2050_09.zarr/Times/0?sp=REDACTED&st=REDACTED&se=REDACTED&spr=REDACTED&sv=REDACTED&sr=REDACTED&sig=REDACTED'
Request method: 'HEAD'
Request headers:
    'x-ms-version': 'REDACTED'
    'Accept': 'application/xml'
    'User-Agent': 'azsdk-python-storage-blob/12.24.0 Python/3.13.1 (Linux-5.4.17-2136.353.3.el8uek.x86_64-x86_64-with-glibc2.28)'
    'x-ms-date': 'REDACTED'
    'x-ms-client-request-id': '01c6c39a-433f-11f1-a90b-6c92cfa5c7f0'
No body was attached to the request
2026-04-28 16:15:31  INFO  Response status: 200
Response headers:
    'Content-Length': '533'
    'Content-Type': 'application/octet-stream'
    'Content-MD5': 'REDACTED'
    'Last-Modified': 'Thu, 16 Apr 2026 18:09:56 GMT'
    'Accept-Ranges': 'REDACTED'
    'ETag': '"0x8DE9BE35DB96440"'
    'Server': 'Windows-Azure-Blob/1.0 Microsoft-HTTPAPI/2.0'
    'x-ms-request-id': '6d401c22-301e-007d-2d4b-d7b9bc000000'
    'x-ms-client-request-id': '01c6c39a-433f-11f1-a90b-6c92cfa5c7f0'
    'x-ms-version': 'REDACTED'
    'x-ms-resource-type': 'REDACTED'
    'x-ms-creation-time': 'REDACTED'
    'x-ms-lease-status': 'REDACTED'
    'x-ms-lease-state': 'REDACTED'
    'x-ms-blob-type': 'REDACTED'
    'x-ms-server-encrypted': 'REDACTED'
    'x-ms-access-tier': 'REDACTED'
    'x-ms-access-tier-inferred': 'REDACTED'
    'x-ms-owner': 'REDACTED'
    'x-ms-group': 'REDACTED'
    'x-ms-permissions': 'REDACTED'
    'x-ms-acl': 'REDACTED'
    'Date': 'Tue, 28 Apr 2026 20:15:30 GMT'
2026-04-28 16:15:31  INFO  Request URL: 'https://agileloadforecasting.blob.core.windows.net/ualbany/final_uWRF_simulations/ssp45_cooler/2d_vars/zarr_2d_vars_d02_2050_09.zarr/Times/0?sp=REDACTED&st=REDACTED&se=REDACTED&spr=REDACTED&sv=REDACTED&sr=REDACTED&sig=REDACTED'
Request method: 'GET'
Request headers:
    'x-ms-range': 'REDACTED'
    'x-ms-version': 'REDACTED'
    'Accept': 'application/xml'
    'User-Agent': 'azsdk-python-storage-blob/12.24.0 Python/3.13.1 (Linux-5.4.17-2136.353.3.el8uek.x86_64-x86_64-with-glibc2.28)'
    'x-ms-date': 'REDACTED'
    'x-ms-client-request-id': '01cc0d78-433f-11f1-a90b-6c92cfa5c7f0'
No body was attached to the request
2026-04-28 16:15:31  INFO  Response status: 206
Response headers:
    'Content-Length': '533'
    'Content-Type': 'application/octet-stream'
    'Content-Range': 'REDACTED'
    'Last-Modified': 'Thu, 16 Apr 2026 18:09:56 GMT'
    'Accept-Ranges': 'REDACTED'
    'ETag': '"0x8DE9BE35DB96440"'
    'Server': 'Windows-Azure-Blob/1.0 Microsoft-HTTPAPI/2.0'
    'x-ms-request-id': '6d401c35-301e-007d-3d4b-d7b9bc000000'
    'x-ms-client-request-id': '01cc0d78-433f-11f1-a90b-6c92cfa5c7f0'
    'x-ms-version': 'REDACTED'
    'x-ms-resource-type': 'REDACTED'
    'x-ms-creation-time': 'REDACTED'
    'x-ms-blob-content-md5': 'REDACTED'
    'x-ms-lease-status': 'REDACTED'
    'x-ms-lease-state': 'REDACTED'
    'x-ms-blob-type': 'REDACTED'
    'x-ms-server-encrypted': 'REDACTED'
    'x-ms-access-tier': 'REDACTED'
    'x-ms-access-tier-inferred': 'REDACTED'
    'x-ms-owner': 'REDACTED'
    'x-ms-group': 'REDACTED'
    'x-ms-permissions': 'REDACTED'
    'x-ms-acl': 'REDACTED'
    'Date': 'Tue, 28 Apr 2026 20:15:30 GMT'
2026-04-28 16:15:31  INFO  Request URL: 'https://agileloadforecasting.blob.core.windows.net/ualbany/final_uWRF_simulations/ssp45_cooler/2d_vars/zarr_2d_vars_d02_2050_09.zarr/CM_AC_URB3D/0.0.0?sp=REDACTED&st=REDACTED&se=REDACTED&spr=REDACTED&sv=REDACTED&sr=REDACTED&sig=REDACTED'
Request method: 'HEAD'
Request headers:
    'x-ms-version': 'REDACTED'
    'Accept': 'application/xml'
    'User-Agent': 'azsdk-python-storage-blob/12.24.0 Python/3.13.1 (Linux-5.4.17-2136.353.3.el8uek.x86_64-x86_64-with-glibc2.28)'
    'x-ms-date': 'REDACTED'
    'x-ms-client-request-id': '01d3a984-433f-11f1-a90b-6c92cfa5c7f0'
No body was attached to the request
2026-04-28 16:15:31  INFO  Response status: 200
Response headers:
    'Content-Length': '11477002'
    'Content-Type': 'application/octet-stream'
    'Content-MD5': 'REDACTED'
    'Last-Modified': 'Thu, 16 Apr 2026 18:10:04 GMT'
    'Accept-Ranges': 'REDACTED'
    'ETag': '"0x8DE9BE3623B9104"'
    'Server': 'Windows-Azure-Blob/1.0 Microsoft-HTTPAPI/2.0'
    'x-ms-request-id': '6d401c55-301e-007d-544b-d7b9bc000000'
    'x-ms-client-request-id': '01d3a984-433f-11f1-a90b-6c92cfa5c7f0'
    'x-ms-version': 'REDACTED'
    'x-ms-resource-type': 'REDACTED'
    'x-ms-creation-time': 'REDACTED'
    'x-ms-lease-status': 'REDACTED'
    'x-ms-lease-state': 'REDACTED'
    'x-ms-blob-type': 'REDACTED'
    'x-ms-server-encrypted': 'REDACTED'
    'x-ms-access-tier': 'REDACTED'
    'x-ms-access-tier-inferred': 'REDACTED'
    'x-ms-owner': 'REDACTED'
    'x-ms-group': 'REDACTED'
    'x-ms-permissions': 'REDACTED'
    'x-ms-acl': 'REDACTED'
    'Date': 'Tue, 28 Apr 2026 20:15:31 GMT'
2026-04-28 16:15:31  INFO  Request URL: 'https://agileloadforecasting.blob.core.windows.net/ualbany/final_uWRF_simulations/ssp45_cooler/2d_vars/zarr_2d_vars_d02_2050_09.zarr/CM_AC_URB3D/0.0.0?sp=REDACTED&st=REDACTED&se=REDACTED&spr=REDACTED&sv=REDACTED&sr=REDACTED&sig=REDACTED'
Request method: 'GET'
Request headers:
    'x-ms-range': 'REDACTED'
    'x-ms-version': 'REDACTED'
    'Accept': 'application/xml'
    'User-Agent': 'azsdk-python-storage-blob/12.24.0 Python/3.13.1 (Linux-5.4.17-2136.353.3.el8uek.x86_64-x86_64-with-glibc2.28)'
    'x-ms-date': 'REDACTED'
    'x-ms-client-request-id': '01d7cde8-433f-11f1-a90b-6c92cfa5c7f0'
No body was attached to the request
2026-04-28 16:15:32  INFO  Response status: 206
Response headers:
    'Content-Length': '11477002'
    'Content-Type': 'application/octet-stream'
    'Content-Range': 'REDACTED'
    'Last-Modified': 'Thu, 16 Apr 2026 18:10:04 GMT'
    'Accept-Ranges': 'REDACTED'
    'ETag': '"0x8DE9BE3623B9104"'
    'Server': 'Windows-Azure-Blob/1.0 Microsoft-HTTPAPI/2.0'
    'x-ms-request-id': '6d401c61-301e-007d-5b4b-d7b9bc000000'
    'x-ms-client-request-id': '01d7cde8-433f-11f1-a90b-6c92cfa5c7f0'
    'x-ms-version': 'REDACTED'
    'x-ms-resource-type': 'REDACTED'
    'x-ms-creation-time': 'REDACTED'
    'x-ms-blob-content-md5': 'REDACTED'
    'x-ms-lease-status': 'REDACTED'
    'x-ms-lease-state': 'REDACTED'
    'x-ms-blob-type': 'REDACTED'
    'x-ms-server-encrypted': 'REDACTED'
    'x-ms-access-tier': 'REDACTED'
    'x-ms-access-tier-inferred': 'REDACTED'
    'x-ms-owner': 'REDACTED'
    'x-ms-group': 'REDACTED'
    'x-ms-permissions': 'REDACTED'
    'x-ms-acl': 'REDACTED'
    'Date': 'Tue, 28 Apr 2026 20:15:31 GMT'
2026-04-28 16:15:32  INFO    2050-09 -> 720 rows (0.5s, days seen=273)
2026-04-28 16:15:32  INFO  Request URL: 'https://agileloadforecasting.blob.core.windows.net/ualbany/final_uWRF_simulations/ssp45_cooler/2d_vars/zarr_2d_vars_d02_2050_10.zarr/.zmetadata?sp=REDACTED&st=REDACTED&se=REDACTED&spr=REDACTED&sv=REDACTED&sr=REDACTED&sig=REDACTED'
Request method: 'GET'
Request headers:
    'x-ms-range': 'REDACTED'
    'x-ms-version': 'REDACTED'
    'Accept': 'application/xml'
    'User-Agent': 'azsdk-python-storage-blob/12.24.0 Python/3.13.1 (Linux-5.4.17-2136.353.3.el8uek.x86_64-x86_64-with-glibc2.28)'
    'x-ms-date': 'REDACTED'
    'x-ms-client-request-id': '0214d2ec-433f-11f1-a90b-6c92cfa5c7f0'
No body was attached to the request
2026-04-28 16:15:32  INFO  Response status: 206
Response headers:
    'Content-Length': '93201'
    'Content-Type': 'application/octet-stream'
    'Content-Range': 'REDACTED'
    'Last-Modified': 'Thu, 16 Apr 2026 18:57:23 GMT'
    'Accept-Ranges': 'REDACTED'
    'ETag': '"0x8DE9BE9FEB2B398"'
    'Server': 'Windows-Azure-Blob/1.0 Microsoft-HTTPAPI/2.0'
    'x-ms-request-id': '6d401d84-301e-007d-4e4b-d7b9bc000000'
    'x-ms-client-request-id': '0214d2ec-433f-11f1-a90b-6c92cfa5c7f0'
    'x-ms-version': 'REDACTED'
    'x-ms-resource-type': 'REDACTED'
    'x-ms-creation-time': 'REDACTED'
    'x-ms-blob-content-md5': 'REDACTED'
    'x-ms-lease-status': 'REDACTED'
    'x-ms-lease-state': 'REDACTED'
    'x-ms-blob-type': 'REDACTED'
    'x-ms-server-encrypted': 'REDACTED'
    'x-ms-access-tier': 'REDACTED'
    'x-ms-access-tier-inferred': 'REDACTED'
    'x-ms-owner': 'REDACTED'
    'x-ms-group': 'REDACTED'
    'x-ms-permissions': 'REDACTED'
    'x-ms-acl': 'REDACTED'
    'Date': 'Tue, 28 Apr 2026 20:15:31 GMT'
2026-04-28 16:15:32  INFO  Request URL: 'https://agileloadforecasting.blob.core.windows.net/ualbany/final_uWRF_simulations/ssp45_cooler/2d_vars/zarr_2d_vars_d02_2050_10.zarr/Times/0?sp=REDACTED&st=REDACTED&se=REDACTED&spr=REDACTED&sv=REDACTED&sr=REDACTED&sig=REDACTED'
Request method: 'HEAD'
Request headers:
    'x-ms-version': 'REDACTED'
    'Accept': 'application/xml'
    'User-Agent': 'azsdk-python-storage-blob/12.24.0 Python/3.13.1 (Linux-5.4.17-2136.353.3.el8uek.x86_64-x86_64-with-glibc2.28)'
    'x-ms-date': 'REDACTED'
    'x-ms-client-request-id': '021b2476-433f-11f1-a90b-6c92cfa5c7f0'
No body was attached to the request
2026-04-28 16:15:32  INFO  Response status: 200
Response headers:
    'Content-Length': '532'
    'Content-Type': 'application/octet-stream'
    'Content-MD5': 'REDACTED'
    'Last-Modified': 'Thu, 16 Apr 2026 18:57:27 GMT'
    'Accept-Ranges': 'REDACTED'
    'ETag': '"0x8DE9BEA0116F380"'
    'Server': 'Windows-Azure-Blob/1.0 Microsoft-HTTPAPI/2.0'
    'x-ms-request-id': '6d401dae-301e-007d-6d4b-d7b9bc000000'
    'x-ms-client-request-id': '021b2476-433f-11f1-a90b-6c92cfa5c7f0'
    'x-ms-version': 'REDACTED'
    'x-ms-resource-type': 'REDACTED'
    'x-ms-creation-time': 'REDACTED'
    'x-ms-lease-status': 'REDACTED'
    'x-ms-lease-state': 'REDACTED'
    'x-ms-blob-type': 'REDACTED'
    'x-ms-server-encrypted': 'REDACTED'
    'x-ms-access-tier': 'REDACTED'
    'x-ms-access-tier-inferred': 'REDACTED'
    'x-ms-owner': 'REDACTED'
    'x-ms-group': 'REDACTED'
    'x-ms-permissions': 'REDACTED'
    'x-ms-acl': 'REDACTED'
    'Date': 'Tue, 28 Apr 2026 20:15:31 GMT'
2026-04-28 16:15:32  INFO  Request URL: 'https://agileloadforecasting.blob.core.windows.net/ualbany/final_uWRF_simulations/ssp45_cooler/2d_vars/zarr_2d_vars_d02_2050_10.zarr/Times/0?sp=REDACTED&st=REDACTED&se=REDACTED&spr=REDACTED&sv=REDACTED&sr=REDACTED&sig=REDACTED'
Request method: 'GET'
Request headers:
    'x-ms-range': 'REDACTED'
    'x-ms-version': 'REDACTED'
    'Accept': 'application/xml'
    'User-Agent': 'azsdk-python-storage-blob/12.24.0 Python/3.13.1 (Linux-5.4.17-2136.353.3.el8uek.x86_64-x86_64-with-glibc2.28)'
    'x-ms-date': 'REDACTED'
    'x-ms-client-request-id': '02209794-433f-11f1-a90b-6c92cfa5c7f0'
No body was attached to the request
2026-04-28 16:15:32  INFO  Response status: 206
Response headers:
    'Content-Length': '532'
    'Content-Type': 'application/octet-stream'
    'Content-Range': 'REDACTED'
    'Last-Modified': 'Thu, 16 Apr 2026 18:57:27 GMT'
    'Accept-Ranges': 'REDACTED'
    'ETag': '"0x8DE9BEA0116F380"'
    'Server': 'Windows-Azure-Blob/1.0 Microsoft-HTTPAPI/2.0'
    'x-ms-request-id': '6d401dcf-301e-007d-064b-d7b9bc000000'
    'x-ms-client-request-id': '02209794-433f-11f1-a90b-6c92cfa5c7f0'
    'x-ms-version': 'REDACTED'
    'x-ms-resource-type': 'REDACTED'
    'x-ms-creation-time': 'REDACTED'
    'x-ms-blob-content-md5': 'REDACTED'
    'x-ms-lease-status': 'REDACTED'
    'x-ms-lease-state': 'REDACTED'
    'x-ms-blob-type': 'REDACTED'
    'x-ms-server-encrypted': 'REDACTED'
    'x-ms-access-tier': 'REDACTED'
    'x-ms-access-tier-inferred': 'REDACTED'
    'x-ms-owner': 'REDACTED'
    'x-ms-group': 'REDACTED'
    'x-ms-permissions': 'REDACTED'
    'x-ms-acl': 'REDACTED'
    'Date': 'Tue, 28 Apr 2026 20:15:31 GMT'
2026-04-28 16:15:32  INFO  Request URL: 'https://agileloadforecasting.blob.core.windows.net/ualbany/final_uWRF_simulations/ssp45_cooler/2d_vars/zarr_2d_vars_d02_2050_10.zarr/Times/1?sp=REDACTED&st=REDACTED&se=REDACTED&spr=REDACTED&sv=REDACTED&sr=REDACTED&sig=REDACTED'
Request method: 'HEAD'
Request headers:
    'x-ms-version': 'REDACTED'
    'Accept': 'application/xml'
    'User-Agent': 'azsdk-python-storage-blob/12.24.0 Python/3.13.1 (Linux-5.4.17-2136.353.3.el8uek.x86_64-x86_64-with-glibc2.28)'
    'x-ms-date': 'REDACTED'
    'x-ms-client-request-id': '02279ae4-433f-11f1-a90b-6c92cfa5c7f0'
No body was attached to the request
2026-04-28 16:15:32  INFO  Response status: 200
Response headers:
    'Content-Length': '84'
    'Content-Type': 'application/octet-stream'
    'Content-MD5': 'REDACTED'
    'Last-Modified': 'Thu, 16 Apr 2026 18:57:27 GMT'
    'Accept-Ranges': 'REDACTED'
    'ETag': '"0x8DE9BEA011E1070"'
    'Server': 'Windows-Azure-Blob/1.0 Microsoft-HTTPAPI/2.0'
    'x-ms-request-id': '6d401df4-301e-007d-244b-d7b9bc000000'
    'x-ms-client-request-id': '02279ae4-433f-11f1-a90b-6c92cfa5c7f0'
    'x-ms-version': 'REDACTED'
    'x-ms-resource-type': 'REDACTED'
    'x-ms-creation-time': 'REDACTED'
    'x-ms-lease-status': 'REDACTED'
    'x-ms-lease-state': 'REDACTED'
    'x-ms-blob-type': 'REDACTED'
    'x-ms-server-encrypted': 'REDACTED'
    'x-ms-access-tier': 'REDACTED'
    'x-ms-access-tier-inferred': 'REDACTED'
    'x-ms-owner': 'REDACTED'
    'x-ms-group': 'REDACTED'
    'x-ms-permissions': 'REDACTED'
    'x-ms-acl': 'REDACTED'
    'Date': 'Tue, 28 Apr 2026 20:15:31 GMT'
2026-04-28 16:15:32  INFO  Request URL: 'https://agileloadforecasting.blob.core.windows.net/ualbany/final_uWRF_simulations/ssp45_cooler/2d_vars/zarr_2d_vars_d02_2050_10.zarr/Times/1?sp=REDACTED&st=REDACTED&se=REDACTED&spr=REDACTED&sv=REDACTED&sr=REDACTED&sig=REDACTED'
Request method: 'GET'
Request headers:
    'x-ms-range': 'REDACTED'
    'x-ms-version': 'REDACTED'
    'Accept': 'application/xml'
    'User-Agent': 'azsdk-python-storage-blob/12.24.0 Python/3.13.1 (Linux-5.4.17-2136.353.3.el8uek.x86_64-x86_64-with-glibc2.28)'
    'x-ms-date': 'REDACTED'
    'x-ms-client-request-id': '022a45aa-433f-11f1-a90b-6c92cfa5c7f0'
No body was attached to the request
2026-04-28 16:15:32  INFO  Response status: 206
Response headers:
    'Content-Length': '84'
    'Content-Type': 'application/octet-stream'
    'Content-Range': 'REDACTED'
    'Last-Modified': 'Thu, 16 Apr 2026 18:57:27 GMT'
    'Accept-Ranges': 'REDACTED'
    'ETag': '"0x8DE9BEA011E1070"'
    'Server': 'Windows-Azure-Blob/1.0 Microsoft-HTTPAPI/2.0'
    'x-ms-request-id': '6d401e04-301e-007d-324b-d7b9bc000000'
    'x-ms-client-request-id': '022a45aa-433f-11f1-a90b-6c92cfa5c7f0'
    'x-ms-version': 'REDACTED'
    'x-ms-resource-type': 'REDACTED'
    'x-ms-creation-time': 'REDACTED'
    'x-ms-blob-content-md5': 'REDACTED'
    'x-ms-lease-status': 'REDACTED'
    'x-ms-lease-state': 'REDACTED'
    'x-ms-blob-type': 'REDACTED'
    'x-ms-server-encrypted': 'REDACTED'
    'x-ms-access-tier': 'REDACTED'
    'x-ms-access-tier-inferred': 'REDACTED'
    'x-ms-owner': 'REDACTED'
    'x-ms-group': 'REDACTED'
    'x-ms-permissions': 'REDACTED'
    'x-ms-acl': 'REDACTED'
    'Date': 'Tue, 28 Apr 2026 20:15:31 GMT'
2026-04-28 16:15:32  INFO  Request URL: 'https://agileloadforecasting.blob.core.windows.net/ualbany/final_uWRF_simulations/ssp45_cooler/2d_vars/zarr_2d_vars_d02_2050_10.zarr/CM_AC_URB3D/0.0.0?sp=REDACTED&st=REDACTED&se=REDACTED&spr=REDACTED&sv=REDACTED&sr=REDACTED&sig=REDACTED'
Request method: 'HEAD'
Request headers:
    'x-ms-version': 'REDACTED'
    'Accept': 'application/xml'
    'User-Agent': 'azsdk-python-storage-blob/12.24.0 Python/3.13.1 (Linux-5.4.17-2136.353.3.el8uek.x86_64-x86_64-with-glibc2.28)'
    'x-ms-date': 'REDACTED'
    'x-ms-client-request-id': '022e66da-433f-11f1-a90b-6c92cfa5c7f0'
No body was attached to the request
2026-04-28 16:15:32  INFO  Response status: 200
Response headers:
    'Content-Length': '10915778'
    'Content-Type': 'application/octet-stream'
    'Content-MD5': 'REDACTED'
    'Last-Modified': 'Thu, 16 Apr 2026 18:57:30 GMT'
    'Accept-Ranges': 'REDACTED'
    'ETag': '"0x8DE9BEA02DA9F80"'
    'Server': 'Windows-Azure-Blob/1.0 Microsoft-HTTPAPI/2.0'
    'x-ms-request-id': '6d401e19-301e-007d-464b-d7b9bc000000'
    'x-ms-client-request-id': '022e66da-433f-11f1-a90b-6c92cfa5c7f0'
    'x-ms-version': 'REDACTED'
    'x-ms-resource-type': 'REDACTED'
    'x-ms-creation-time': 'REDACTED'
    'x-ms-lease-status': 'REDACTED'
    'x-ms-lease-state': 'REDACTED'
    'x-ms-blob-type': 'REDACTED'
    'x-ms-server-encrypted': 'REDACTED'
    'x-ms-access-tier': 'REDACTED'
    'x-ms-access-tier-inferred': 'REDACTED'
    'x-ms-owner': 'REDACTED'
    'x-ms-group': 'REDACTED'
    'x-ms-permissions': 'REDACTED'
    'x-ms-acl': 'REDACTED'
    'Date': 'Tue, 28 Apr 2026 20:15:31 GMT'
2026-04-28 16:15:32  INFO  Request URL: 'https://agileloadforecasting.blob.core.windows.net/ualbany/final_uWRF_simulations/ssp45_cooler/2d_vars/zarr_2d_vars_d02_2050_10.zarr/CM_AC_URB3D/0.0.0?sp=REDACTED&st=REDACTED&se=REDACTED&spr=REDACTED&sv=REDACTED&sr=REDACTED&sig=REDACTED'
Request method: 'GET'
Request headers:
    'x-ms-range': 'REDACTED'
    'x-ms-version': 'REDACTED'
    'Accept': 'application/xml'
    'User-Agent': 'azsdk-python-storage-blob/12.24.0 Python/3.13.1 (Linux-5.4.17-2136.353.3.el8uek.x86_64-x86_64-with-glibc2.28)'
    'x-ms-date': 'REDACTED'
    'x-ms-client-request-id': '0232c914-433f-11f1-a90b-6c92cfa5c7f0'
No body was attached to the request
2026-04-28 16:15:32  INFO  Response status: 206
Response headers:
    'Content-Length': '10915778'
    'Content-Type': 'application/octet-stream'
    'Content-Range': 'REDACTED'
    'Last-Modified': 'Thu, 16 Apr 2026 18:57:30 GMT'
    'Accept-Ranges': 'REDACTED'
    'ETag': '"0x8DE9BEA02DA9F80"'
    'Server': 'Windows-Azure-Blob/1.0 Microsoft-HTTPAPI/2.0'
    'x-ms-request-id': '6d401e36-301e-007d-614b-d7b9bc000000'
    'x-ms-client-request-id': '0232c914-433f-11f1-a90b-6c92cfa5c7f0'
    'x-ms-version': 'REDACTED'
    'x-ms-resource-type': 'REDACTED'
    'x-ms-creation-time': 'REDACTED'
    'x-ms-blob-content-md5': 'REDACTED'
    'x-ms-lease-status': 'REDACTED'
    'x-ms-lease-state': 'REDACTED'
    'x-ms-blob-type': 'REDACTED'
    'x-ms-server-encrypted': 'REDACTED'
    'x-ms-access-tier': 'REDACTED'
    'x-ms-access-tier-inferred': 'REDACTED'
    'x-ms-owner': 'REDACTED'
    'x-ms-group': 'REDACTED'
    'x-ms-permissions': 'REDACTED'
    'x-ms-acl': 'REDACTED'
    'Date': 'Tue, 28 Apr 2026 20:15:31 GMT'
2026-04-28 16:15:32  INFO  Request URL: 'https://agileloadforecasting.blob.core.windows.net/ualbany/final_uWRF_simulations/ssp45_cooler/2d_vars/zarr_2d_vars_d02_2050_10.zarr/CM_AC_URB3D/1.0.0?sp=REDACTED&st=REDACTED&se=REDACTED&spr=REDACTED&sv=REDACTED&sr=REDACTED&sig=REDACTED'
Request method: 'HEAD'
Request headers:
    'x-ms-version': 'REDACTED'
    'Accept': 'application/xml'
    'User-Agent': 'azsdk-python-storage-blob/12.24.0 Python/3.13.1 (Linux-5.4.17-2136.353.3.el8uek.x86_64-x86_64-with-glibc2.28)'
    'x-ms-date': 'REDACTED'
    'x-ms-client-request-id': '025b76ca-433f-11f1-a90b-6c92cfa5c7f0'
No body was attached to the request
2026-04-28 16:15:32  INFO  Response status: 200
Response headers:
    'Content-Length': '383616'
    'Content-Type': 'application/octet-stream'
    'Content-MD5': 'REDACTED'
    'Last-Modified': 'Thu, 16 Apr 2026 18:57:29 GMT'
    'Accept-Ranges': 'REDACTED'
    'ETag': '"0x8DE9BEA027CDE08"'
    'Server': 'Windows-Azure-Blob/1.0 Microsoft-HTTPAPI/2.0'
    'x-ms-request-id': '6d401f1b-301e-007d-254b-d7b9bc000000'
    'x-ms-client-request-id': '025b76ca-433f-11f1-a90b-6c92cfa5c7f0'
    'x-ms-version': 'REDACTED'
    'x-ms-resource-type': 'REDACTED'
    'x-ms-creation-time': 'REDACTED'
    'x-ms-lease-status': 'REDACTED'
    'x-ms-lease-state': 'REDACTED'
    'x-ms-blob-type': 'REDACTED'
    'x-ms-server-encrypted': 'REDACTED'
    'x-ms-access-tier': 'REDACTED'
    'x-ms-access-tier-inferred': 'REDACTED'
    'x-ms-owner': 'REDACTED'
    'x-ms-group': 'REDACTED'
    'x-ms-permissions': 'REDACTED'
    'x-ms-acl': 'REDACTED'
    'Date': 'Tue, 28 Apr 2026 20:15:31 GMT'
2026-04-28 16:15:32  INFO  Request URL: 'https://agileloadforecasting.blob.core.windows.net/ualbany/final_uWRF_simulations/ssp45_cooler/2d_vars/zarr_2d_vars_d02_2050_10.zarr/CM_AC_URB3D/1.0.0?sp=REDACTED&st=REDACTED&se=REDACTED&spr=REDACTED&sv=REDACTED&sr=REDACTED&sig=REDACTED'
Request method: 'GET'
Request headers:
    'x-ms-range': 'REDACTED'
    'x-ms-version': 'REDACTED'
    'Accept': 'application/xml'
    'User-Agent': 'azsdk-python-storage-blob/12.24.0 Python/3.13.1 (Linux-5.4.17-2136.353.3.el8uek.x86_64-x86_64-with-glibc2.28)'
    'x-ms-date': 'REDACTED'
    'x-ms-client-request-id': '025e27a8-433f-11f1-a90b-6c92cfa5c7f0'
No body was attached to the request
2026-04-28 16:15:32  INFO  Response status: 206
Response headers:
    'Content-Length': '383616'
    'Content-Type': 'application/octet-stream'
    'Content-Range': 'REDACTED'
    'Last-Modified': 'Thu, 16 Apr 2026 18:57:29 GMT'
    'Accept-Ranges': 'REDACTED'
    'ETag': '"0x8DE9BEA027CDE08"'
    'Server': 'Windows-Azure-Blob/1.0 Microsoft-HTTPAPI/2.0'
    'x-ms-request-id': '6d401f26-301e-007d-304b-d7b9bc000000'
    'x-ms-client-request-id': '025e27a8-433f-11f1-a90b-6c92cfa5c7f0'
    'x-ms-version': 'REDACTED'
    'x-ms-resource-type': 'REDACTED'
    'x-ms-creation-time': 'REDACTED'
    'x-ms-blob-content-md5': 'REDACTED'
    'x-ms-lease-status': 'REDACTED'
    'x-ms-lease-state': 'REDACTED'
    'x-ms-blob-type': 'REDACTED'
    'x-ms-server-encrypted': 'REDACTED'
    'x-ms-access-tier': 'REDACTED'
    'x-ms-access-tier-inferred': 'REDACTED'
    'x-ms-owner': 'REDACTED'
    'x-ms-group': 'REDACTED'
    'x-ms-permissions': 'REDACTED'
    'x-ms-acl': 'REDACTED'
    'Date': 'Tue, 28 Apr 2026 20:15:31 GMT'
2026-04-28 16:15:32  INFO    2050-10 -> 744 rows (0.6s, days seen=304)
2026-04-28 16:15:32  INFO  Request URL: 'https://agileloadforecasting.blob.core.windows.net/ualbany/final_uWRF_simulations/ssp45_cooler/2d_vars/zarr_2d_vars_d02_2050_11.zarr/.zmetadata?sp=REDACTED&st=REDACTED&se=REDACTED&spr=REDACTED&sv=REDACTED&sr=REDACTED&sig=REDACTED'
Request method: 'GET'
Request headers:
    'x-ms-range': 'REDACTED'
    'x-ms-version': 'REDACTED'
    'Accept': 'application/xml'
    'User-Agent': 'azsdk-python-storage-blob/12.24.0 Python/3.13.1 (Linux-5.4.17-2136.353.3.el8uek.x86_64-x86_64-with-glibc2.28)'
    'x-ms-date': 'REDACTED'
    'x-ms-client-request-id': '02797b34-433f-11f1-a90b-6c92cfa5c7f0'
No body was attached to the request
2026-04-28 16:15:32  INFO  Response status: 206
Response headers:
    'Content-Length': '93201'
    'Content-Type': 'application/octet-stream'
    'Content-Range': 'REDACTED'
    'Last-Modified': 'Thu, 16 Apr 2026 18:45:54 GMT'
    'Accept-Ranges': 'REDACTED'
    'ETag': '"0x8DE9BE8641669E0"'
    'Server': 'Windows-Azure-Blob/1.0 Microsoft-HTTPAPI/2.0'
    'x-ms-request-id': '6d401fbb-301e-007d-364b-d7b9bc000000'
    'x-ms-client-request-id': '02797b34-433f-11f1-a90b-6c92cfa5c7f0'
    'x-ms-version': 'REDACTED'
    'x-ms-resource-type': 'REDACTED'
    'x-ms-creation-time': 'REDACTED'
    'x-ms-blob-content-md5': 'REDACTED'
    'x-ms-lease-status': 'REDACTED'
    'x-ms-lease-state': 'REDACTED'
    'x-ms-blob-type': 'REDACTED'
    'x-ms-server-encrypted': 'REDACTED'
    'x-ms-access-tier': 'REDACTED'
    'x-ms-access-tier-inferred': 'REDACTED'
    'x-ms-owner': 'REDACTED'
    'x-ms-group': 'REDACTED'
    'x-ms-permissions': 'REDACTED'
    'x-ms-acl': 'REDACTED'
    'Date': 'Tue, 28 Apr 2026 20:15:32 GMT'
2026-04-28 16:15:33  INFO  Request URL: 'https://agileloadforecasting.blob.core.windows.net/ualbany/final_uWRF_simulations/ssp45_cooler/2d_vars/zarr_2d_vars_d02_2050_11.zarr/Times/0?sp=REDACTED&st=REDACTED&se=REDACTED&spr=REDACTED&sv=REDACTED&sr=REDACTED&sig=REDACTED'
Request method: 'HEAD'
Request headers:
    'x-ms-version': 'REDACTED'
    'Accept': 'application/xml'
    'User-Agent': 'azsdk-python-storage-blob/12.24.0 Python/3.13.1 (Linux-5.4.17-2136.353.3.el8uek.x86_64-x86_64-with-glibc2.28)'
    'x-ms-date': 'REDACTED'
    'x-ms-client-request-id': '028e91e0-433f-11f1-a90b-6c92cfa5c7f0'
No body was attached to the request
2026-04-28 16:15:33  INFO  Response status: 200
Response headers:
    'Content-Length': '532'
    'Content-Type': 'application/octet-stream'
    'Content-MD5': 'REDACTED'
    'Last-Modified': 'Thu, 16 Apr 2026 18:45:56 GMT'
    'Accept-Ranges': 'REDACTED'
    'ETag': '"0x8DE9BE86507F894"'
    'Server': 'Windows-Azure-Blob/1.0 Microsoft-HTTPAPI/2.0'
    'x-ms-request-id': '6d402057-301e-007d-344b-d7b9bc000000'
    'x-ms-client-request-id': '028e91e0-433f-11f1-a90b-6c92cfa5c7f0'
    'x-ms-version': 'REDACTED'
    'x-ms-resource-type': 'REDACTED'
    'x-ms-creation-time': 'REDACTED'
    'x-ms-lease-status': 'REDACTED'
    'x-ms-lease-state': 'REDACTED'
    'x-ms-blob-type': 'REDACTED'
    'x-ms-server-encrypted': 'REDACTED'
    'x-ms-access-tier': 'REDACTED'
    'x-ms-access-tier-inferred': 'REDACTED'
    'x-ms-owner': 'REDACTED'
    'x-ms-group': 'REDACTED'
    'x-ms-permissions': 'REDACTED'
    'x-ms-acl': 'REDACTED'
    'Date': 'Tue, 28 Apr 2026 20:15:32 GMT'
2026-04-28 16:15:33  INFO  Request URL: 'https://agileloadforecasting.blob.core.windows.net/ualbany/final_uWRF_simulations/ssp45_cooler/2d_vars/zarr_2d_vars_d02_2050_11.zarr/Times/0?sp=REDACTED&st=REDACTED&se=REDACTED&spr=REDACTED&sv=REDACTED&sr=REDACTED&sig=REDACTED'
Request method: 'GET'
Request headers:
    'x-ms-range': 'REDACTED'
    'x-ms-version': 'REDACTED'
    'Accept': 'application/xml'
    'User-Agent': 'azsdk-python-storage-blob/12.24.0 Python/3.13.1 (Linux-5.4.17-2136.353.3.el8uek.x86_64-x86_64-with-glibc2.28)'
    'x-ms-date': 'REDACTED'
    'x-ms-client-request-id': '02931666-433f-11f1-a90b-6c92cfa5c7f0'
No body was attached to the request
2026-04-28 16:15:33  INFO  Response status: 206
Response headers:
    'Content-Length': '532'
    'Content-Type': 'application/octet-stream'
    'Content-Range': 'REDACTED'
    'Last-Modified': 'Thu, 16 Apr 2026 18:45:56 GMT'
    'Accept-Ranges': 'REDACTED'
    'ETag': '"0x8DE9BE86507F894"'
    'Server': 'Windows-Azure-Blob/1.0 Microsoft-HTTPAPI/2.0'
    'x-ms-request-id': '6d402079-301e-007d-514b-d7b9bc000000'
    'x-ms-client-request-id': '02931666-433f-11f1-a90b-6c92cfa5c7f0'
    'x-ms-version': 'REDACTED'
    'x-ms-resource-type': 'REDACTED'
    'x-ms-creation-time': 'REDACTED'
    'x-ms-blob-content-md5': 'REDACTED'
    'x-ms-lease-status': 'REDACTED'
    'x-ms-lease-state': 'REDACTED'
    'x-ms-blob-type': 'REDACTED'
    'x-ms-server-encrypted': 'REDACTED'
    'x-ms-access-tier': 'REDACTED'
    'x-ms-access-tier-inferred': 'REDACTED'
    'x-ms-owner': 'REDACTED'
    'x-ms-group': 'REDACTED'
    'x-ms-permissions': 'REDACTED'
    'x-ms-acl': 'REDACTED'
    'Date': 'Tue, 28 Apr 2026 20:15:32 GMT'
2026-04-28 16:15:33  INFO  Request URL: 'https://agileloadforecasting.blob.core.windows.net/ualbany/final_uWRF_simulations/ssp45_cooler/2d_vars/zarr_2d_vars_d02_2050_11.zarr/CM_AC_URB3D/0.0.0?sp=REDACTED&st=REDACTED&se=REDACTED&spr=REDACTED&sv=REDACTED&sr=REDACTED&sig=REDACTED'
Request method: 'HEAD'
Request headers:
    'x-ms-version': 'REDACTED'
    'Accept': 'application/xml'
    'User-Agent': 'azsdk-python-storage-blob/12.24.0 Python/3.13.1 (Linux-5.4.17-2136.353.3.el8uek.x86_64-x86_64-with-glibc2.28)'
    'x-ms-date': 'REDACTED'
    'x-ms-client-request-id': '02975dc0-433f-11f1-a90b-6c92cfa5c7f0'
No body was attached to the request
2026-04-28 16:15:33  INFO  Response status: 200
Response headers:
    'Content-Length': '12581196'
    'Content-Type': 'application/octet-stream'
    'Content-MD5': 'REDACTED'
    'Last-Modified': 'Thu, 16 Apr 2026 18:45:54 GMT'
    'Accept-Ranges': 'REDACTED'
    'ETag': '"0x8DE9BE8642EC40C"'
    'Server': 'Windows-Azure-Blob/1.0 Microsoft-HTTPAPI/2.0'
    'x-ms-request-id': '6d402090-301e-007d-644b-d7b9bc000000'
    'x-ms-client-request-id': '02975dc0-433f-11f1-a90b-6c92cfa5c7f0'
    'x-ms-version': 'REDACTED'
    'x-ms-resource-type': 'REDACTED'
    'x-ms-creation-time': 'REDACTED'
    'x-ms-lease-status': 'REDACTED'
    'x-ms-lease-state': 'REDACTED'
    'x-ms-blob-type': 'REDACTED'
    'x-ms-server-encrypted': 'REDACTED'
    'x-ms-access-tier': 'REDACTED'
    'x-ms-access-tier-inferred': 'REDACTED'
    'x-ms-owner': 'REDACTED'
    'x-ms-group': 'REDACTED'
    'x-ms-permissions': 'REDACTED'
    'x-ms-acl': 'REDACTED'
    'Date': 'Tue, 28 Apr 2026 20:15:32 GMT'
2026-04-28 16:15:33  INFO  Request URL: 'https://agileloadforecasting.blob.core.windows.net/ualbany/final_uWRF_simulations/ssp45_cooler/2d_vars/zarr_2d_vars_d02_2050_11.zarr/CM_AC_URB3D/0.0.0?sp=REDACTED&st=REDACTED&se=REDACTED&spr=REDACTED&sv=REDACTED&sr=REDACTED&sig=REDACTED'
Request method: 'GET'
Request headers:
    'x-ms-range': 'REDACTED'
    'x-ms-version': 'REDACTED'
    'Accept': 'application/xml'
    'User-Agent': 'azsdk-python-storage-blob/12.24.0 Python/3.13.1 (Linux-5.4.17-2136.353.3.el8uek.x86_64-x86_64-with-glibc2.28)'
    'x-ms-date': 'REDACTED'
    'x-ms-client-request-id': '029a9846-433f-11f1-a90b-6c92cfa5c7f0'
No body was attached to the request
2026-04-28 16:15:33  INFO  Response status: 206
Response headers:
    'Content-Length': '12581196'
    'Content-Type': 'application/octet-stream'
    'Content-Range': 'REDACTED'
    'Last-Modified': 'Thu, 16 Apr 2026 18:45:54 GMT'
    'Accept-Ranges': 'REDACTED'
    'ETag': '"0x8DE9BE8642EC40C"'
    'Server': 'Windows-Azure-Blob/1.0 Microsoft-HTTPAPI/2.0'
    'x-ms-request-id': '6d40209f-301e-007d-724b-d7b9bc000000'
    'x-ms-client-request-id': '029a9846-433f-11f1-a90b-6c92cfa5c7f0'
    'x-ms-version': 'REDACTED'
    'x-ms-resource-type': 'REDACTED'
    'x-ms-creation-time': 'REDACTED'
    'x-ms-blob-content-md5': 'REDACTED'
    'x-ms-lease-status': 'REDACTED'
    'x-ms-lease-state': 'REDACTED'
    'x-ms-blob-type': 'REDACTED'
    'x-ms-server-encrypted': 'REDACTED'
    'x-ms-access-tier': 'REDACTED'
    'x-ms-access-tier-inferred': 'REDACTED'
    'x-ms-owner': 'REDACTED'
    'x-ms-group': 'REDACTED'
    'x-ms-permissions': 'REDACTED'
    'x-ms-acl': 'REDACTED'
    'Date': 'Tue, 28 Apr 2026 20:15:32 GMT'
2026-04-28 16:15:33  INFO    2050-11 -> 720 rows (0.5s, days seen=334)
2026-04-28 16:15:33  INFO  Request URL: 'https://agileloadforecasting.blob.core.windows.net/ualbany/final_uWRF_simulations/ssp45_cooler/2d_vars/zarr_2d_vars_d02_2050_12.zarr/.zmetadata?sp=REDACTED&st=REDACTED&se=REDACTED&spr=REDACTED&sv=REDACTED&sr=REDACTED&sig=REDACTED'
Request method: 'GET'
Request headers:
    'x-ms-range': 'REDACTED'
    'x-ms-version': 'REDACTED'
    'Accept': 'application/xml'
    'User-Agent': 'azsdk-python-storage-blob/12.24.0 Python/3.13.1 (Linux-5.4.17-2136.353.3.el8uek.x86_64-x86_64-with-glibc2.28)'
    'x-ms-date': 'REDACTED'
    'x-ms-client-request-id': '02d5373a-433f-11f1-a90b-6c92cfa5c7f0'
No body was attached to the request
2026-04-28 16:15:33  INFO  Response status: 206
Response headers:
    'Content-Length': '93201'
    'Content-Type': 'application/octet-stream'
    'Content-Range': 'REDACTED'
    'Last-Modified': 'Thu, 16 Apr 2026 19:37:45 GMT'
    'Accept-Ranges': 'REDACTED'
    'ETag': '"0x8DE9BEFA284276C"'
    'Server': 'Windows-Azure-Blob/1.0 Microsoft-HTTPAPI/2.0'
    'x-ms-request-id': '6d4021fa-301e-007d-164b-d7b9bc000000'
    'x-ms-client-request-id': '02d5373a-433f-11f1-a90b-6c92cfa5c7f0'
    'x-ms-version': 'REDACTED'
    'x-ms-resource-type': 'REDACTED'
    'x-ms-creation-time': 'REDACTED'
    'x-ms-blob-content-md5': 'REDACTED'
    'x-ms-lease-status': 'REDACTED'
    'x-ms-lease-state': 'REDACTED'
    'x-ms-blob-type': 'REDACTED'
    'x-ms-server-encrypted': 'REDACTED'
    'x-ms-access-tier': 'REDACTED'
    'x-ms-access-tier-inferred': 'REDACTED'
    'x-ms-owner': 'REDACTED'
    'x-ms-group': 'REDACTED'
    'x-ms-permissions': 'REDACTED'
    'x-ms-acl': 'REDACTED'
    'Date': 'Tue, 28 Apr 2026 20:15:32 GMT'
2026-04-28 16:15:33  INFO  Request URL: 'https://agileloadforecasting.blob.core.windows.net/ualbany/final_uWRF_simulations/ssp45_cooler/2d_vars/zarr_2d_vars_d02_2050_12.zarr/Times/0?sp=REDACTED&st=REDACTED&se=REDACTED&spr=REDACTED&sv=REDACTED&sr=REDACTED&sig=REDACTED'
Request method: 'HEAD'
Request headers:
    'x-ms-version': 'REDACTED'
    'Accept': 'application/xml'
    'User-Agent': 'azsdk-python-storage-blob/12.24.0 Python/3.13.1 (Linux-5.4.17-2136.353.3.el8uek.x86_64-x86_64-with-glibc2.28)'
    'x-ms-date': 'REDACTED'
    'x-ms-client-request-id': '02db3298-433f-11f1-a90b-6c92cfa5c7f0'
No body was attached to the request
2026-04-28 16:15:33  INFO  Response status: 200
Response headers:
    'Content-Length': '532'
    'Content-Type': 'application/octet-stream'
    'Content-MD5': 'REDACTED'
    'Last-Modified': 'Thu, 16 Apr 2026 19:37:49 GMT'
    'Accept-Ranges': 'REDACTED'
    'ETag': '"0x8DE9BEFA4C66E64"'
    'Server': 'Windows-Azure-Blob/1.0 Microsoft-HTTPAPI/2.0'
    'x-ms-request-id': '6d402222-301e-007d-384b-d7b9bc000000'
    'x-ms-client-request-id': '02db3298-433f-11f1-a90b-6c92cfa5c7f0'
    'x-ms-version': 'REDACTED'
    'x-ms-resource-type': 'REDACTED'
    'x-ms-creation-time': 'REDACTED'
    'x-ms-lease-status': 'REDACTED'
    'x-ms-lease-state': 'REDACTED'
    'x-ms-blob-type': 'REDACTED'
    'x-ms-server-encrypted': 'REDACTED'
    'x-ms-access-tier': 'REDACTED'
    'x-ms-access-tier-inferred': 'REDACTED'
    'x-ms-owner': 'REDACTED'
    'x-ms-group': 'REDACTED'
    'x-ms-permissions': 'REDACTED'
    'x-ms-acl': 'REDACTED'
    'Date': 'Tue, 28 Apr 2026 20:15:32 GMT'
2026-04-28 16:15:33  INFO  Request URL: 'https://agileloadforecasting.blob.core.windows.net/ualbany/final_uWRF_simulations/ssp45_cooler/2d_vars/zarr_2d_vars_d02_2050_12.zarr/Times/0?sp=REDACTED&st=REDACTED&se=REDACTED&spr=REDACTED&sv=REDACTED&sr=REDACTED&sig=REDACTED'
Request method: 'GET'
Request headers:
    'x-ms-range': 'REDACTED'
    'x-ms-version': 'REDACTED'
    'Accept': 'application/xml'
    'User-Agent': 'azsdk-python-storage-blob/12.24.0 Python/3.13.1 (Linux-5.4.17-2136.353.3.el8uek.x86_64-x86_64-with-glibc2.28)'
    'x-ms-date': 'REDACTED'
    'x-ms-client-request-id': '02df9b9e-433f-11f1-a90b-6c92cfa5c7f0'
No body was attached to the request
2026-04-28 16:15:33  INFO  Response status: 206
Response headers:
    'Content-Length': '532'
    'Content-Type': 'application/octet-stream'
    'Content-Range': 'REDACTED'
    'Last-Modified': 'Thu, 16 Apr 2026 19:37:49 GMT'
    'Accept-Ranges': 'REDACTED'
    'ETag': '"0x8DE9BEFA4C66E64"'
    'Server': 'Windows-Azure-Blob/1.0 Microsoft-HTTPAPI/2.0'
    'x-ms-request-id': '6d40223d-301e-007d-4d4b-d7b9bc000000'
    'x-ms-client-request-id': '02df9b9e-433f-11f1-a90b-6c92cfa5c7f0'
    'x-ms-version': 'REDACTED'
    'x-ms-resource-type': 'REDACTED'
    'x-ms-creation-time': 'REDACTED'
    'x-ms-blob-content-md5': 'REDACTED'
    'x-ms-lease-status': 'REDACTED'
    'x-ms-lease-state': 'REDACTED'
    'x-ms-blob-type': 'REDACTED'
    'x-ms-server-encrypted': 'REDACTED'
    'x-ms-access-tier': 'REDACTED'
    'x-ms-access-tier-inferred': 'REDACTED'
    'x-ms-owner': 'REDACTED'
    'x-ms-group': 'REDACTED'
    'x-ms-permissions': 'REDACTED'
    'x-ms-acl': 'REDACTED'
    'Date': 'Tue, 28 Apr 2026 20:15:32 GMT'
2026-04-28 16:15:33  INFO  Request URL: 'https://agileloadforecasting.blob.core.windows.net/ualbany/final_uWRF_simulations/ssp45_cooler/2d_vars/zarr_2d_vars_d02_2050_12.zarr/Times/1?sp=REDACTED&st=REDACTED&se=REDACTED&spr=REDACTED&sv=REDACTED&sr=REDACTED&sig=REDACTED'
Request method: 'HEAD'
Request headers:
    'x-ms-version': 'REDACTED'
    'Accept': 'application/xml'
    'User-Agent': 'azsdk-python-storage-blob/12.24.0 Python/3.13.1 (Linux-5.4.17-2136.353.3.el8uek.x86_64-x86_64-with-glibc2.28)'
    'x-ms-date': 'REDACTED'
    'x-ms-client-request-id': '02e37444-433f-11f1-a90b-6c92cfa5c7f0'
No body was attached to the request
2026-04-28 16:15:33  INFO  Response status: 200
Response headers:
    'Content-Length': '84'
    'Content-Type': 'application/octet-stream'
    'Content-MD5': 'REDACTED'
    'Last-Modified': 'Thu, 16 Apr 2026 19:37:49 GMT'
    'Accept-Ranges': 'REDACTED'
    'ETag': '"0x8DE9BEFA4BF1888"'
    'Server': 'Windows-Azure-Blob/1.0 Microsoft-HTTPAPI/2.0'
    'x-ms-request-id': '6d402259-301e-007d-634b-d7b9bc000000'
    'x-ms-client-request-id': '02e37444-433f-11f1-a90b-6c92cfa5c7f0'
    'x-ms-version': 'REDACTED'
    'x-ms-resource-type': 'REDACTED'
    'x-ms-creation-time': 'REDACTED'
    'x-ms-lease-status': 'REDACTED'
    'x-ms-lease-state': 'REDACTED'
    'x-ms-blob-type': 'REDACTED'
    'x-ms-server-encrypted': 'REDACTED'
    'x-ms-access-tier': 'REDACTED'
    'x-ms-access-tier-inferred': 'REDACTED'
    'x-ms-owner': 'REDACTED'
    'x-ms-group': 'REDACTED'
    'x-ms-permissions': 'REDACTED'
    'x-ms-acl': 'REDACTED'
    'Date': 'Tue, 28 Apr 2026 20:15:32 GMT'
2026-04-28 16:15:33  INFO  Request URL: 'https://agileloadforecasting.blob.core.windows.net/ualbany/final_uWRF_simulations/ssp45_cooler/2d_vars/zarr_2d_vars_d02_2050_12.zarr/Times/1?sp=REDACTED&st=REDACTED&se=REDACTED&spr=REDACTED&sv=REDACTED&sr=REDACTED&sig=REDACTED'
Request method: 'GET'
Request headers:
    'x-ms-range': 'REDACTED'
    'x-ms-version': 'REDACTED'
    'Accept': 'application/xml'
    'User-Agent': 'azsdk-python-storage-blob/12.24.0 Python/3.13.1 (Linux-5.4.17-2136.353.3.el8uek.x86_64-x86_64-with-glibc2.28)'
    'x-ms-date': 'REDACTED'
    'x-ms-client-request-id': '02e5ea44-433f-11f1-a90b-6c92cfa5c7f0'
No body was attached to the request
2026-04-28 16:15:33  INFO  Response status: 206
Response headers:
    'Content-Length': '84'
    'Content-Type': 'application/octet-stream'
    'Content-Range': 'REDACTED'
    'Last-Modified': 'Thu, 16 Apr 2026 19:37:49 GMT'
    'Accept-Ranges': 'REDACTED'
    'ETag': '"0x8DE9BEFA4BF1888"'
    'Server': 'Windows-Azure-Blob/1.0 Microsoft-HTTPAPI/2.0'
    'x-ms-request-id': '6d40226c-301e-007d-704b-d7b9bc000000'
    'x-ms-client-request-id': '02e5ea44-433f-11f1-a90b-6c92cfa5c7f0'
    'x-ms-version': 'REDACTED'
    'x-ms-resource-type': 'REDACTED'
    'x-ms-creation-time': 'REDACTED'
    'x-ms-blob-content-md5': 'REDACTED'
    'x-ms-lease-status': 'REDACTED'
    'x-ms-lease-state': 'REDACTED'
    'x-ms-blob-type': 'REDACTED'
    'x-ms-server-encrypted': 'REDACTED'
    'x-ms-access-tier': 'REDACTED'
    'x-ms-access-tier-inferred': 'REDACTED'
    'x-ms-owner': 'REDACTED'
    'x-ms-group': 'REDACTED'
    'x-ms-permissions': 'REDACTED'
    'x-ms-acl': 'REDACTED'
    'Date': 'Tue, 28 Apr 2026 20:15:32 GMT'
2026-04-28 16:15:33  INFO  Request URL: 'https://agileloadforecasting.blob.core.windows.net/ualbany/final_uWRF_simulations/ssp45_cooler/2d_vars/zarr_2d_vars_d02_2050_12.zarr/CM_AC_URB3D/0.0.0?sp=REDACTED&st=REDACTED&se=REDACTED&spr=REDACTED&sv=REDACTED&sr=REDACTED&sig=REDACTED'
Request method: 'HEAD'
Request headers:
    'x-ms-version': 'REDACTED'
    'Accept': 'application/xml'
    'User-Agent': 'azsdk-python-storage-blob/12.24.0 Python/3.13.1 (Linux-5.4.17-2136.353.3.el8uek.x86_64-x86_64-with-glibc2.28)'
    'x-ms-date': 'REDACTED'
    'x-ms-client-request-id': '02eb0af6-433f-11f1-a90b-6c92cfa5c7f0'
No body was attached to the request
2026-04-28 16:15:33  INFO  Response status: 200
Response headers:
    'Content-Length': '13462487'
    'Content-Type': 'application/octet-stream'
    'Content-MD5': 'REDACTED'
    'Last-Modified': 'Thu, 16 Apr 2026 19:37:49 GMT'
    'Accept-Ranges': 'REDACTED'
    'ETag': '"0x8DE9BEFA4620634"'
    'Server': 'Windows-Azure-Blob/1.0 Microsoft-HTTPAPI/2.0'
    'x-ms-request-id': '6d40228a-301e-007d-094b-d7b9bc000000'
    'x-ms-client-request-id': '02eb0af6-433f-11f1-a90b-6c92cfa5c7f0'
    'x-ms-version': 'REDACTED'
    'x-ms-resource-type': 'REDACTED'
    'x-ms-creation-time': 'REDACTED'
    'x-ms-lease-status': 'REDACTED'
    'x-ms-lease-state': 'REDACTED'
    'x-ms-blob-type': 'REDACTED'
    'x-ms-server-encrypted': 'REDACTED'
    'x-ms-access-tier': 'REDACTED'
    'x-ms-access-tier-inferred': 'REDACTED'
    'x-ms-owner': 'REDACTED'
    'x-ms-group': 'REDACTED'
    'x-ms-permissions': 'REDACTED'
    'x-ms-acl': 'REDACTED'
    'Date': 'Tue, 28 Apr 2026 20:15:32 GMT'
2026-04-28 16:15:33  INFO  Request URL: 'https://agileloadforecasting.blob.core.windows.net/ualbany/final_uWRF_simulations/ssp45_cooler/2d_vars/zarr_2d_vars_d02_2050_12.zarr/CM_AC_URB3D/0.0.0?sp=REDACTED&st=REDACTED&se=REDACTED&spr=REDACTED&sv=REDACTED&sr=REDACTED&sig=REDACTED'
Request method: 'GET'
Request headers:
    'x-ms-range': 'REDACTED'
    'x-ms-version': 'REDACTED'
    'Accept': 'application/xml'
    'User-Agent': 'azsdk-python-storage-blob/12.24.0 Python/3.13.1 (Linux-5.4.17-2136.353.3.el8uek.x86_64-x86_64-with-glibc2.28)'
    'x-ms-date': 'REDACTED'
    'x-ms-client-request-id': '02f1472c-433f-11f1-a90b-6c92cfa5c7f0'
No body was attached to the request
2026-04-28 16:15:33  INFO  Response status: 206
Response headers:
    'Content-Length': '13462487'
    'Content-Type': 'application/octet-stream'
    'Content-Range': 'REDACTED'
    'Last-Modified': 'Thu, 16 Apr 2026 19:37:49 GMT'
    'Accept-Ranges': 'REDACTED'
    'ETag': '"0x8DE9BEFA4620634"'
    'Server': 'Windows-Azure-Blob/1.0 Microsoft-HTTPAPI/2.0'
    'x-ms-request-id': '6d4022ab-301e-007d-254b-d7b9bc000000'
    'x-ms-client-request-id': '02f1472c-433f-11f1-a90b-6c92cfa5c7f0'
    'x-ms-version': 'REDACTED'
    'x-ms-resource-type': 'REDACTED'
    'x-ms-creation-time': 'REDACTED'
    'x-ms-blob-content-md5': 'REDACTED'
    'x-ms-lease-status': 'REDACTED'
    'x-ms-lease-state': 'REDACTED'
    'x-ms-blob-type': 'REDACTED'
    'x-ms-server-encrypted': 'REDACTED'
    'x-ms-access-tier': 'REDACTED'
    'x-ms-access-tier-inferred': 'REDACTED'
    'x-ms-owner': 'REDACTED'
    'x-ms-group': 'REDACTED'
    'x-ms-permissions': 'REDACTED'
    'x-ms-acl': 'REDACTED'
    'Date': 'Tue, 28 Apr 2026 20:15:33 GMT'
2026-04-28 16:15:34  INFO  Request URL: 'https://agileloadforecasting.blob.core.windows.net/ualbany/final_uWRF_simulations/ssp45_cooler/2d_vars/zarr_2d_vars_d02_2050_12.zarr/CM_AC_URB3D/1.0.0?sp=REDACTED&st=REDACTED&se=REDACTED&spr=REDACTED&sv=REDACTED&sr=REDACTED&sig=REDACTED'
Request method: 'HEAD'
Request headers:
    'x-ms-version': 'REDACTED'
    'Accept': 'application/xml'
    'User-Agent': 'azsdk-python-storage-blob/12.24.0 Python/3.13.1 (Linux-5.4.17-2136.353.3.el8uek.x86_64-x86_64-with-glibc2.28)'
    'x-ms-date': 'REDACTED'
    'x-ms-client-request-id': '03293ec0-433f-11f1-a90b-6c92cfa5c7f0'
No body was attached to the request
2026-04-28 16:15:34  INFO  Response status: 200
Response headers:
    'Content-Length': '455765'
    'Content-Type': 'application/octet-stream'
    'Content-MD5': 'REDACTED'
    'Last-Modified': 'Thu, 16 Apr 2026 19:37:48 GMT'
    'Accept-Ranges': 'REDACTED'
    'ETag': '"0x8DE9BEFA4447C68"'
    'Server': 'Windows-Azure-Blob/1.0 Microsoft-HTTPAPI/2.0'
    'x-ms-request-id': '6d4023f3-301e-007d-404b-d7b9bc000000'
    'x-ms-client-request-id': '03293ec0-433f-11f1-a90b-6c92cfa5c7f0'
    'x-ms-version': 'REDACTED'
    'x-ms-resource-type': 'REDACTED'
    'x-ms-creation-time': 'REDACTED'
    'x-ms-lease-status': 'REDACTED'
    'x-ms-lease-state': 'REDACTED'
    'x-ms-blob-type': 'REDACTED'
    'x-ms-server-encrypted': 'REDACTED'
    'x-ms-access-tier': 'REDACTED'
    'x-ms-access-tier-inferred': 'REDACTED'
    'x-ms-owner': 'REDACTED'
    'x-ms-group': 'REDACTED'
    'x-ms-permissions': 'REDACTED'
    'x-ms-acl': 'REDACTED'
    'Date': 'Tue, 28 Apr 2026 20:15:33 GMT'
2026-04-28 16:15:34  INFO  Request URL: 'https://agileloadforecasting.blob.core.windows.net/ualbany/final_uWRF_simulations/ssp45_cooler/2d_vars/zarr_2d_vars_d02_2050_12.zarr/CM_AC_URB3D/1.0.0?sp=REDACTED&st=REDACTED&se=REDACTED&spr=REDACTED&sv=REDACTED&sr=REDACTED&sig=REDACTED'
Request method: 'GET'
Request headers:
    'x-ms-range': 'REDACTED'
    'x-ms-version': 'REDACTED'
    'Accept': 'application/xml'
    'User-Agent': 'azsdk-python-storage-blob/12.24.0 Python/3.13.1 (Linux-5.4.17-2136.353.3.el8uek.x86_64-x86_64-with-glibc2.28)'
    'x-ms-date': 'REDACTED'
    'x-ms-client-request-id': '032bd180-433f-11f1-a90b-6c92cfa5c7f0'
No body was attached to the request
2026-04-28 16:15:34  INFO  Response status: 206
Response headers:
    'Content-Length': '455765'
    'Content-Type': 'application/octet-stream'
    'Content-Range': 'REDACTED'
    'Last-Modified': 'Thu, 16 Apr 2026 19:37:48 GMT'
    'Accept-Ranges': 'REDACTED'
    'ETag': '"0x8DE9BEFA4447C68"'
    'Server': 'Windows-Azure-Blob/1.0 Microsoft-HTTPAPI/2.0'
    'x-ms-request-id': '6d402406-301e-007d-524b-d7b9bc000000'
    'x-ms-client-request-id': '032bd180-433f-11f1-a90b-6c92cfa5c7f0'
    'x-ms-version': 'REDACTED'
    'x-ms-resource-type': 'REDACTED'
    'x-ms-creation-time': 'REDACTED'
    'x-ms-blob-content-md5': 'REDACTED'
    'x-ms-lease-status': 'REDACTED'
    'x-ms-lease-state': 'REDACTED'
    'x-ms-blob-type': 'REDACTED'
    'x-ms-server-encrypted': 'REDACTED'
    'x-ms-access-tier': 'REDACTED'
    'x-ms-access-tier-inferred': 'REDACTED'
    'x-ms-owner': 'REDACTED'
    'x-ms-group': 'REDACTED'
    'x-ms-permissions': 'REDACTED'
    'x-ms-acl': 'REDACTED'
    'Date': 'Tue, 28 Apr 2026 20:15:33 GMT'
2026-04-28 16:15:34  INFO    2050-12 -> 744 rows (0.8s, days seen=365)
2026-04-28 16:15:34  INFO  Request URL: 'https://agileloadforecasting.blob.core.windows.net/ualbany/final_uWRF_simulations/ssp45_cooler/2d_vars/zarr_2d_vars_d02_2051_01.zarr/.zmetadata?sp=REDACTED&st=REDACTED&se=REDACTED&spr=REDACTED&sv=REDACTED&sr=REDACTED&sig=REDACTED'
Request method: 'GET'
Request headers:
    'x-ms-range': 'REDACTED'
    'x-ms-version': 'REDACTED'
    'Accept': 'application/xml'
    'User-Agent': 'azsdk-python-storage-blob/12.24.0 Python/3.13.1 (Linux-5.4.17-2136.353.3.el8uek.x86_64-x86_64-with-glibc2.28)'
    'x-ms-date': 'REDACTED'
    'x-ms-client-request-id': '034e7cd0-433f-11f1-a90b-6c92cfa5c7f0'
No body was attached to the request
2026-04-28 16:15:34  INFO  Response status: 404
Response headers:
    'Content-Length': '215'
    'Content-Type': 'application/xml'
    'Server': 'Windows-Azure-Blob/1.0 Microsoft-HTTPAPI/2.0'
    'x-ms-request-id': '6d4024d1-301e-007d-7c4b-d7b9bc000000'
    'x-ms-client-request-id': '034e7cd0-433f-11f1-a90b-6c92cfa5c7f0'
    'x-ms-version': 'REDACTED'
    'x-ms-error-code': 'BlobNotFound'
    'Date': 'Tue, 28 Apr 2026 20:15:33 GMT'
2026-04-28 16:15:34  WARNING  Cannot open blob final_uWRF_simulations/ssp45_cooler/2d_vars/zarr_2d_vars_d02_2051_01.zarr: 'Blob final_uWRF_simulations/ssp45_cooler/2d_vars/zarr_2d_vars_d02_2051_01.zarr/.zmetadata not found'
2026-04-28 16:15:34  INFO  Year 2050 Zone K: /network/rit/lab/CUERG/kaiden/531_final_project/load_projections/2050/HVAC_only/compare_hvac_baf_ZoneK_2050.csv (rows=8755)
2026-04-28 16:15:34  INFO  Saved /network/rit/lab/CUERG/kaiden/531_final_project/load_projections/2050/HVAC_only/compare_hvac_baf_ZoneK_2050.png
2026-04-28 16:15:34  INFO  Done. Output in /network/rit/lab/CUERG/kaiden/531_final_project/load_projections/2050/HVAC_only
