datetime,deficit_MW
2050-01-01 00:00:00,-4299.46
2050-01-01 01:00:00,-5758.81
2050-01-01 02:00:00,-7344.39
2050-01-01 03:00:00,-7564.52
2050-01-01 04:00:00,-7656.79
2050-01-01 05:00:00,-7585.66
2050-01-01 06:00:00,-7397.78
2050-01-01 07:00:00,-7561.36
2050-01-01 08:00:00,-7112.41
2050-01-01 09:00:00,-6918.48
2050-01-01 10:00:00,-6898.21
2050-01-01 11:00:00,-6693.9
2050-01-01 12:00:00,-9930.76
2050-01-01 13:00:00,-9421.72
2050-01-01 14:00:00,-7067.53
2050-01-01 15:00:00,-4989.17
2050-01-01 16:00:00,-4741.55
2050-01-01 17:00:00,-3529.9
2050-01-01 18:00:00,-1754.57
2050-01-01 19:00:00,-3261.94
2050-01-01 20:00:00,-2539.01
2050-01-01 21:00:00,-2826.22
2050-01-01 22:00:00,-4058.62
2050-01-01 23:00:00,-4813.61
2050-01-02 00:00:00,-5483.77
2050-01-02 01:00:00,-3853.88
2050-01-02 02:00:00,-1388.64
2050-01-02 03:00:00,-2008.05
2050-01-02 04:00:00,-2079.49
2050-01-02 05:00:00,-1474.01
2050-01-02 06:00:00,-991.88
2050-01-02 07:00:00,-723.16
2050-01-02 08:00:00,-1136.9
2050-01-02 09:00:00,-2928.93
2050-01-02 10:00:00,-4717.45
2050-01-02 11:00:00,-4770.96
2050-01-02 12:00:00,-6243.33
2050-01-02 13:00:00,-4384.32
2050-01-02 14:00:00,-2834.23
2050-01-02 15:00:00,-2456.27
2050-01-02 16:00:00,-1356.14
2050-01-02 17:00:00,-1463.05
2050-01-02 18:00:00,-884.81
2050-01-02 19:00:00,-2653.2
2050-01-02 20:00:00,-2877.07
2050-01-02 21:00:00,-2207.24
2050-01-02 22:00:00,-793.14
2050-01-02 23:00:00,1012.02
2050-01-03 00:00:00,1203.69
2050-01-03 01:00:00,977.24
2050-01-03 02:00:00,-188.83
2050-01-03 03:00:00,-744.47
2050-01-03 04:00:00,-1142.24
2050-01-03 05:00:00,-1044.96
2050-01-03 06:00:00,-1763.17
2050-01-03 07:00:00,-1775.19
2050-01-03 08:00:00,-2743.6
2050-01-03 09:00:00,-2998.26
2050-01-03 10:00:00,-3152.99
2050-01-03 11:00:00,-4240.33
2050-01-03 12:00:00,-8415.14
2050-01-03 13:00:00,-8945.05
2050-01-03 14:00:00,-8221.33
2050-01-03 15:00:00,-7055.97
2050-01-03 16:00:00,-3029.85
2050-01-03 17:00:00,-3446.12
2050-01-03 18:00:00,-2522.72
2050-01-03 19:00:00,-3196.11
2050-01-03 20:00:00,-3125.64
2050-01-03 21:00:00,-1111.88
2050-01-03 22:00:00,-1285.06
2050-01-03 23:00:00,-2443.15
2050-01-04 00:00:00,-1512.97
2050-01-04 01:00:00,-2894.74
2050-01-04 02:00:00,-2559.1
2050-01-04 03:00:00,-3095.91
2050-01-04 04:00:00,-4872.7
2050-01-04 05:00:00,-5699.13
2050-01-04 06:00:00,-4850.67
2050-01-04 07:00:00,-3894.04
2050-01-04 08:00:00,-4729.32
2050-01-04 09:00:00,-5662.14
2050-01-04 10:00:00,-6945.06
2050-01-04 11:00:00,-7985.01
2050-01-04 12:00:00,-8452.52
2050-01-04 13:00:00,-5119.06
2050-01-04 14:00:00,-6058.48
2050-01-04 15:00:00,-7607.36
2050-01-04 16:00:00,-6992.71
2050-01-04 17:00:00,-5803.31
2050-01-04 18:00:00,-6292.19
2050-01-04 19:00:00,-5940.1
2050-01-04 20:00:00,-5786.89
2050-01-04 21:00:00,-5817.26
2050-01-04 22:00:00,-5999.72
2050-01-04 23:00:00,-6251.42
2050-01-05 00:00:00,-6544.95
2050-01-05 01:00:00,-6667.88
2050-01-05 02:00:00,-6858.27
2050-01-05 03:00:00,-6949.28
2050-01-05 04:00:00,-6998.16
2050-01-05 05:00:00,-6977.3
2050-01-05 06:00:00,-6844.9
2050-01-05 07:00:00,-6747.09
2050-01-05 08:00:00,-6987.4
2050-01-05 09:00:00,-6948.48
2050-01-05 10:00:00,-7111.83
2050-01-05 11:00:00,-7304.31
2050-01-05 12:00:00,-7398.85
2050-01-05 13:00:00,-6854.63
2050-01-05 14:00:00,-6306.24
2050-01-05 15:00:00,-6909.67
2050-01-05 16:00:00,-6662.88
2050-01-05 17:00:00,-4382.37
2050-01-05 18:00:00,-4678.84
2050-01-05 19:00:00,-5164.63
2050-01-05 20:00:00,-4321.63
2050-01-05 21:00:00,-4024.07
2050-01-05 22:00:00,-3124.1
2050-01-05 23:00:00,-1038.49
2050-01-06 00:00:00,-888.0
2050-01-06 01:00:00,-1424.46
2050-01-06 02:00:00,-570.06
2050-01-06 03:00:00,423.71
2050-01-06 04:00:00,475.43
2050-01-06 05:00:00,-32.77
2050-01-06 06:00:00,127.22
2050-01-06 07:00:00,-928.85
2050-01-06 08:00:00,-2063.17
2050-01-06 09:00:00,-2915.37
2050-01-06 10:00:00,-2142.13
2050-01-06 11:00:00,-5334.8
2050-01-06 12:00:00,-5406.89
2050-01-06 13:00:00,-4104.64
2050-01-06 14:00:00,-1525.21
2050-01-06 15:00:00,-1436.8
2050-01-06 16:00:00,-2125.03
2050-01-06 17:00:00,-1627.63
2050-01-06 18:00:00,-1061.22
2050-01-06 19:00:00,-1358.62
2050-01-06 20:00:00,-1310.95
2050-01-06 21:00:00,-3233.98
2050-01-06 22:00:00,-1963.03
2050-01-06 23:00:00,-2570.5
2050-01-07 00:00:00,-2912.9
2050-01-07 01:00:00,-3625.35
2050-01-07 02:00:00,-3868.69
2050-01-07 03:00:00,-3489.12
2050-01-07 04:00:00,-3247.09
2050-01-07 05:00:00,-2779.72
2050-01-07 06:00:00,-1509.95
2050-01-07 07:00:00,-3442.59
2050-01-07 08:00:00,-4899.1
2050-01-07 09:00:00,-3779.48
2050-01-07 10:00:00,-4158.43
2050-01-07 11:00:00,-4445.79
2050-01-07 12:00:00,-5269.17
2050-01-07 13:00:00,-5148.28
2050-01-07 14:00:00,-4412.0
2050-01-07 15:00:00,-3224.53
2050-01-07 16:00:00,-2526.2
2050-01-07 17:00:00,-3449.53
2050-01-07 18:00:00,-3689.67
2050-01-07 19:00:00,-3523.55
2050-01-07 20:00:00,-4278.77
2050-01-07 21:00:00,-4301.83
2050-01-07 22:00:00,-3698.78
2050-01-07 23:00:00,-4406.27
2050-01-08 00:00:00,-5003.74
2050-01-08 01:00:00,-3703.79
2050-01-08 02:00:00,-5315.47
2050-01-08 03:00:00,-5773.81
2050-01-08 04:00:00,-6475.16
2050-01-08 05:00:00,-5906.61
2050-01-08 06:00:00,-5508.67
2050-01-08 07:00:00,-5521.78
2050-01-08 08:00:00,-7359.55
2050-01-08 09:00:00,-3487.33
2050-01-08 10:00:00,-3128.23
2050-01-08 11:00:00,-3230.07
2050-01-08 12:00:00,-2087.41
2050-01-08 13:00:00,-1832.52
2050-01-08 14:00:00,-1700.54
2050-01-08 15:00:00,-963.92
2050-01-08 16:00:00,-1130.8
2050-01-08 17:00:00,-1683.23
2050-01-08 18:00:00,-232.58
2050-01-08 19:00:00,-1046.13
2050-01-08 20:00:00,-1090.44
2050-01-08 21:00:00,-1195.11
2050-01-08 22:00:00,-2017.73
2050-01-08 23:00:00,-3112.44
2050-01-09 00:00:00,-4333.62
2050-01-09 01:00:00,-6160.33
2050-01-09 02:00:00,-4783.38
2050-01-09 03:00:00,-5977.37
2050-01-09 04:00:00,-5288.35
2050-01-09 05:00:00,-6081.65
2050-01-09 06:00:00,-5687.04
2050-01-09 07:00:00,-5267.4
2050-01-09 08:00:00,-7255.82
2050-01-09 09:00:00,-8070.09
2050-01-09 10:00:00,-9075.72
2050-01-09 11:00:00,-7158.93
2050-01-09 12:00:00,-7506.05
2050-01-09 13:00:00,-6642.93
2050-01-09 14:00:00,-5449.87
2050-01-09 15:00:00,-4542.9
2050-01-09 16:00:00,-3731.54
2050-01-09 17:00:00,-2890.68
2050-01-09 18:00:00,-3404.77
2050-01-09 19:00:00,-4222.15
2050-01-09 20:00:00,-4312.23
2050-01-09 21:00:00,-3637.96
2050-01-09 22:00:00,-4261.72
2050-01-09 23:00:00,-3919.02
2050-01-10 00:00:00,-4652.51
2050-01-10 01:00:00,-4354.74
2050-01-10 02:00:00,-4898.01
2050-01-10 03:00:00,-4325.76
2050-01-10 04:00:00,-5369.87
2050-01-10 05:00:00,-4540.24
2050-01-10 06:00:00,-4963.08
2050-01-10 07:00:00,-5262.09
2050-01-10 08:00:00,-5572.81
2050-01-10 09:00:00,-5752.23
2050-01-10 10:00:00,-4729.3
2050-01-10 11:00:00,-4350.25
2050-01-10 12:00:00,-5092.6
2050-01-10 13:00:00,-4631.26
2050-01-10 14:00:00,-5878.3
2050-01-10 15:00:00,-4893.15
2050-01-10 16:00:00,-3033.55
2050-01-10 17:00:00,-3168.35
2050-01-10 18:00:00,-3199.83
2050-01-10 19:00:00,-2614.4
2050-01-10 20:00:00,-3083.34
2050-01-10 21:00:00,-4204.6
2050-01-10 22:00:00,-5205.12
2050-01-10 23:00:00,-5525.7
2050-01-11 00:00:00,-6088.18
2050-01-11 01:00:00,-6264.62
2050-01-11 02:00:00,-6403.86
2050-01-11 03:00:00,-6582.15
2050-01-11 04:00:00,-6625.18
2050-01-11 05:00:00,-6571.37
2050-01-11 06:00:00,-6184.9
2050-01-11 07:00:00,-5829.33
2050-01-11 08:00:00,-7435.82
2050-01-11 09:00:00,-6156.26
2050-01-11 10:00:00,-6172.96
2050-01-11 11:00:00,-5531.16
2050-01-11 12:00:00,-5350.36
2050-01-11 13:00:00,-5631.8
2050-01-11 14:00:00,-4842.56
2050-01-11 15:00:00,-2653.56
2050-01-11 16:00:00,256.72
2050-01-11 17:00:00,-171.73
2050-01-11 18:00:00,-617.11
2050-01-11 19:00:00,-508.44
2050-01-11 20:00:00,-353.85
2050-01-11 21:00:00,-736.73
2050-01-11 22:00:00,-839.22
2050-01-11 23:00:00,-1429.98
2050-01-12 00:00:00,-2691.92
2050-01-12 01:00:00,-3206.89
2050-01-12 02:00:00,-5105.18
2050-01-12 03:00:00,-4714.11
2050-01-12 04:00:00,-6343.37
2050-01-12 05:00:00,-6344.67
2050-01-12 06:00:00,-6494.77
2050-01-12 07:00:00,-6430.54
2050-01-12 08:00:00,-7035.49
2050-01-12 09:00:00,-7081.92
2050-01-12 10:00:00,-10906.21
2050-01-12 11:00:00,-11155.25
2050-01-12 12:00:00,-10994.56
2050-01-12 13:00:00,-9084.14
2050-01-12 14:00:00,-8467.44
2050-01-12 15:00:00,-8068.28
2050-01-12 16:00:00,-7029.96
2050-01-12 17:00:00,-4155.62
2050-01-12 18:00:00,-3892.01
2050-01-12 19:00:00,-2628.81
2050-01-12 20:00:00,-3655.17
2050-01-12 21:00:00,-4375.59
2050-01-12 22:00:00,-5353.04
2050-01-12 23:00:00,-5498.63
2050-01-13 00:00:00,-5763.8
2050-01-13 01:00:00,-5714.96
2050-01-13 02:00:00,-5855.87
2050-01-13 03:00:00,-5922.36
2050-01-13 04:00:00,-5698.92
2050-01-13 05:00:00,-6064.62
2050-01-13 06:00:00,-5883.47
2050-01-13 07:00:00,-5951.95
2050-01-13 08:00:00,-5882.53
2050-01-13 09:00:00,-5737.14
2050-01-13 10:00:00,-8233.96
2050-01-13 11:00:00,-5641.47
2050-01-13 12:00:00,-6492.6
2050-01-13 13:00:00,-5577.93
2050-01-13 14:00:00,-2845.97
2050-01-13 15:00:00,-3341.75
2050-01-13 16:00:00,-1708.92
2050-01-13 17:00:00,-2133.6
2050-01-13 18:00:00,-1488.47
2050-01-13 19:00:00,-1956.02
2050-01-13 20:00:00,54.12
2050-01-13 21:00:00,250.38
2050-01-13 22:00:00,-429.91
2050-01-13 23:00:00,-1543.96
2050-01-14 00:00:00,-2569.19
2050-01-14 01:00:00,-1044.9
2050-01-14 02:00:00,-1998.26
2050-01-14 03:00:00,-1168.19
2050-01-14 04:00:00,-1661.9
2050-01-14 05:00:00,-1789.9
2050-01-14 06:00:00,-1917.07
2050-01-14 07:00:00,-1455.5
2050-01-14 08:00:00,-2977.2
2050-01-14 09:00:00,-3557.21
2050-01-14 10:00:00,-4550.85
2050-01-14 11:00:00,-3214.09
2050-01-14 12:00:00,-3370.85
2050-01-14 13:00:00,-5581.47
2050-01-14 14:00:00,-4596.03
2050-01-14 15:00:00,-3500.09
2050-01-14 16:00:00,-2468.98
2050-01-14 17:00:00,-1394.69
2050-01-14 18:00:00,432.27
2050-01-14 19:00:00,355.14
2050-01-14 20:00:00,589.36
2050-01-14 21:00:00,1061.47
2050-01-14 22:00:00,605.89
2050-01-14 23:00:00,-32.1
2050-01-15 00:00:00,-646.84
2050-01-15 01:00:00,-1774.53
2050-01-15 02:00:00,-3131.7
2050-01-15 03:00:00,-3035.02
2050-01-15 04:00:00,-3110.75
2050-01-15 05:00:00,-3098.38
2050-01-15 06:00:00,-2841.02
2050-01-15 07:00:00,-2160.86
2050-01-15 08:00:00,-6169.38
2050-01-15 09:00:00,-5488.14
2050-01-15 10:00:00,-5776.85
2050-01-15 11:00:00,-7061.91
2050-01-15 12:00:00,-6364.63
2050-01-15 13:00:00,-6230.58
2050-01-15 14:00:00,-5482.33
2050-01-15 15:00:00,-3825.2
2050-01-15 16:00:00,-2838.39
2050-01-15 17:00:00,-2849.9
2050-01-15 18:00:00,-2528.07
2050-01-15 19:00:00,164.28
2050-01-15 20:00:00,1160.01
2050-01-15 21:00:00,146.09
2050-01-15 22:00:00,382.25
2050-01-15 23:00:00,-190.59
2050-01-16 00:00:00,166.98
2050-01-16 01:00:00,-993.46
2050-01-16 02:00:00,464.62
2050-01-16 03:00:00,-177.8
2050-01-16 04:00:00,721.38
2050-01-16 05:00:00,-762.7
2050-01-16 06:00:00,-1387.12
2050-01-16 07:00:00,1418.57
2050-01-16 08:00:00,-1718.9
2050-01-16 09:00:00,-2502.4
2050-01-16 10:00:00,-3017.1
2050-01-16 11:00:00,-6344.77
2050-01-16 12:00:00,-3955.93
2050-01-16 13:00:00,-7519.35
2050-01-16 14:00:00,-4117.36
2050-01-16 15:00:00,-5468.49
2050-01-16 16:00:00,-6376.52
2050-01-16 17:00:00,-7072.83
2050-01-16 18:00:00,-6933.69
2050-01-16 19:00:00,-6692.88
2050-01-16 20:00:00,-6469.8
2050-01-16 21:00:00,-6490.83
2050-01-16 22:00:00,-6621.21
2050-01-16 23:00:00,-6872.77
2050-01-17 00:00:00,-7142.93
2050-01-17 01:00:00,-7242.86
2050-01-17 02:00:00,-7421.89
2050-01-17 03:00:00,-7415.8
2050-01-17 04:00:00,-7549.45
2050-01-17 05:00:00,-5081.16
2050-01-17 06:00:00,-3310.99
2050-01-17 07:00:00,-3777.03
2050-01-17 08:00:00,-5256.74
2050-01-17 09:00:00,-3473.62
2050-01-17 10:00:00,-4628.13
2050-01-17 11:00:00,-6331.28
2050-01-17 12:00:00,-4538.01
2050-01-17 13:00:00,-3349.94
2050-01-17 14:00:00,-2600.83
2050-01-17 15:00:00,-2178.81
2050-01-17 16:00:00,-2356.71
2050-01-17 17:00:00,-1812.16
2050-01-17 18:00:00,-2330.43
2050-01-17 19:00:00,-3558.69
2050-01-17 20:00:00,-1465.78
2050-01-17 21:00:00,-2637.54
2050-01-17 22:00:00,-3363.06
2050-01-17 23:00:00,-3544.32
2050-01-18 00:00:00,-4606.81
2050-01-18 01:00:00,-3043.15
2050-01-18 02:00:00,-4604.81
2050-01-18 03:00:00,-5833.33
2050-01-18 04:00:00,-5604.88
2050-01-18 05:00:00,-7579.61
2050-01-18 06:00:00,-7191.59
2050-01-18 07:00:00,-5588.21
2050-01-18 08:00:00,-6561.39
2050-01-18 09:00:00,-5860.59
2050-01-18 10:00:00,-4714.38
2050-01-18 11:00:00,-6337.27
2050-01-18 12:00:00,-8400.52
2050-01-18 13:00:00,-8475.34
2050-01-18 14:00:00,-6939.47
2050-01-18 15:00:00,-5734.0
2050-01-18 16:00:00,-3973.61
2050-01-18 17:00:00,-7101.01
2050-01-18 18:00:00,-6812.19
2050-01-18 19:00:00,-6586.46
2050-01-18 20:00:00,-4554.78
2050-01-18 21:00:00,-4157.67
2050-01-18 22:00:00,-6215.32
2050-01-18 23:00:00,-5586.85
2050-01-19 00:00:00,-5285.07
2050-01-19 01:00:00,-6042.09
2050-01-19 02:00:00,-4816.66
2050-01-19 03:00:00,-4278.97
2050-01-19 04:00:00,-4210.95
2050-01-19 05:00:00,-4558.41
2050-01-19 06:00:00,-4132.04
2050-01-19 07:00:00,-4118.33
2050-01-19 08:00:00,-5077.81
2050-01-19 09:00:00,-5643.91
2050-01-19 10:00:00,-6850.28
2050-01-19 11:00:00,-7592.91
2050-01-19 12:00:00,-7091.52
2050-01-19 13:00:00,-6857.61
2050-01-19 14:00:00,-7560.98
2050-01-19 15:00:00,-7974.33
2050-01-19 16:00:00,-8047.21
2050-01-19 17:00:00,-7578.63
2050-01-19 18:00:00,-7132.6
2050-01-19 19:00:00,-6779.46
2050-01-19 20:00:00,-6574.97
2050-01-19 21:00:00,-6526.23
2050-01-19 22:00:00,-6709.57
2050-01-19 23:00:00,-6908.55
2050-01-20 00:00:00,-7020.89
2050-01-20 01:00:00,-5499.9
2050-01-20 02:00:00,-5897.97
2050-01-20 03:00:00,-6101.34
2050-01-20 04:00:00,-4601.76
2050-01-20 05:00:00,-3153.16
2050-01-20 06:00:00,-1604.2
2050-01-20 07:00:00,-1702.71
2050-01-20 08:00:00,-1251.71
2050-01-20 09:00:00,-2696.74
2050-01-20 10:00:00,-3642.61
2050-01-20 11:00:00,-5898.87
2050-01-20 12:00:00,-4909.95
2050-01-20 13:00:00,-5528.95
2050-01-20 14:00:00,-6759.43
2050-01-20 15:00:00,-9053.77
2050-01-20 16:00:00,-6259.81
2050-01-20 17:00:00,-5651.55
2050-01-20 18:00:00,-5504.1
2050-01-20 19:00:00,-4657.16
2050-01-20 20:00:00,-3132.19
2050-01-20 21:00:00,-3822.14
2050-01-20 22:00:00,-3582.56
2050-01-20 23:00:00,-2843.07
2050-01-21 00:00:00,-3326.42
2050-01-21 01:00:00,-2887.03
2050-01-21 02:00:00,-2277.12
2050-01-21 03:00:00,-1907.65
2050-01-21 04:00:00,-1060.96
2050-01-21 05:00:00,-1890.99
2050-01-21 06:00:00,-2765.56
2050-01-21 07:00:00,-2492.76
2050-01-21 08:00:00,-1778.37
2050-01-21 09:00:00,-2718.5
2050-01-21 10:00:00,-3402.87
2050-01-21 11:00:00,-3018.7
2050-01-21 12:00:00,-4613.58
2050-01-21 13:00:00,-3061.47
2050-01-21 14:00:00,-2701.86
2050-01-21 15:00:00,-1611.69
2050-01-21 16:00:00,-435.51
2050-01-21 17:00:00,-927.14
2050-01-21 18:00:00,686.8
2050-01-21 19:00:00,1124.22
2050-01-21 20:00:00,988.31
2050-01-21 21:00:00,1864.07
2050-01-21 22:00:00,782.61
2050-01-21 23:00:00,618.95
2050-01-22 00:00:00,-79.65
2050-01-22 01:00:00,-49.01
2050-01-22 02:00:00,-72.23
2050-01-22 03:00:00,145.23
2050-01-22 04:00:00,816.62
2050-01-22 05:00:00,-242.98
2050-01-22 06:00:00,841.39
2050-01-22 07:00:00,889.78
2050-01-22 08:00:00,-1241.02
2050-01-22 09:00:00,-2872.3
2050-01-22 10:00:00,-2320.19
2050-01-22 11:00:00,-2510.21
2050-01-22 12:00:00,-2777.44
2050-01-22 13:00:00,-2116.59
2050-01-22 14:00:00,-1297.3
2050-01-22 15:00:00,88.3
2050-01-22 16:00:00,2294.99
2050-01-22 17:00:00,2355.2
2050-01-22 18:00:00,2499.47
2050-01-22 19:00:00,2921.08
2050-01-22 20:00:00,3148.24
2050-01-22 21:00:00,1486.81
2050-01-22 22:00:00,613.46
2050-01-22 23:00:00,7.57
2050-01-23 00:00:00,-1367.18
2050-01-23 01:00:00,-3138.85
2050-01-23 02:00:00,-4685.34
2050-01-23 03:00:00,-5478.01
2050-01-23 04:00:00,-7122.76
2050-01-23 05:00:00,-7161.74
2050-01-23 06:00:00,-6976.47
2050-01-23 07:00:00,-6813.53
2050-01-23 08:00:00,-9239.76
2050-01-23 09:00:00,-7238.33
2050-01-23 10:00:00,-7379.87
2050-01-23 11:00:00,-7513.82
2050-01-23 12:00:00,-7824.42
2050-01-23 13:00:00,-8529.21
2050-01-23 14:00:00,-8664.29
2050-01-23 15:00:00,-8506.45
2050-01-23 16:00:00,-7700.66
2050-01-23 17:00:00,-7186.1
2050-01-23 18:00:00,-6713.75
2050-01-23 19:00:00,-6343.08
2050-01-23 20:00:00,-6161.8
2050-01-23 21:00:00,-6190.76
2050-01-23 22:00:00,-6352.92
2050-01-23 23:00:00,-6564.83
2050-01-24 00:00:00,-6826.89
2050-01-24 01:00:00,-6921.3
2050-01-24 02:00:00,-6981.94
2050-01-24 03:00:00,-7102.8
2050-01-24 04:00:00,-7329.66
2050-01-24 05:00:00,-7395.77
2050-01-24 06:00:00,-7361.69
2050-01-24 07:00:00,-7371.34
2050-01-24 08:00:00,-7428.49
2050-01-24 09:00:00,-7555.99
2050-01-24 10:00:00,-7622.98
2050-01-24 11:00:00,-7789.95
2050-01-24 12:00:00,-7951.17
2050-01-24 13:00:00,-8206.54
2050-01-24 14:00:00,-7541.32
2050-01-24 15:00:00,-7895.98
2050-01-24 16:00:00,-7882.17
2050-01-24 17:00:00,-7332.86
2050-01-24 18:00:00,-6794.99
2050-01-24 19:00:00,-6550.47
2050-01-24 20:00:00,-6583.89
2050-01-24 21:00:00,-6902.81
2050-01-24 22:00:00,-7155.04
2050-01-24 23:00:00,-7095.02
2050-01-25 00:00:00,-7349.22
2050-01-25 01:00:00,-5871.51
2050-01-25 02:00:00,-6078.64
2050-01-25 03:00:00,-6794.96
2050-01-25 04:00:00,-6526.91
2050-01-25 05:00:00,-5361.17
2050-01-25 06:00:00,-3754.41
2050-01-25 07:00:00,-4829.72
2050-01-25 08:00:00,-7262.05
2050-01-25 09:00:00,-6162.6
2050-01-25 10:00:00,-7112.7
2050-01-25 11:00:00,-7515.41
2050-01-25 12:00:00,-6619.18
2050-01-25 13:00:00,-7320.97
2050-01-25 14:00:00,-7758.27
2050-01-25 15:00:00,-5753.37
2050-01-25 16:00:00,-3477.17
2050-01-25 17:00:00,-2685.63
2050-01-25 18:00:00,-2394.89
2050-01-25 19:00:00,-3507.01
2050-01-25 20:00:00,-4428.24
2050-01-25 21:00:00,-5691.68
2050-01-25 22:00:00,-5923.96
2050-01-25 23:00:00,-4505.01
2050-01-26 00:00:00,-4159.17
2050-01-26 01:00:00,-3798.03
2050-01-26 02:00:00,-2811.21
2050-01-26 03:00:00,-3874.53
2050-01-26 04:00:00,-5413.8
2050-01-26 05:00:00,-3717.04
2050-01-26 06:00:00,-2766.29
2050-01-26 07:00:00,-2842.26
2050-01-26 08:00:00,-6176.71
2050-01-26 09:00:00,-6956.22
2050-01-26 10:00:00,-7286.95
2050-01-26 11:00:00,-6791.83
2050-01-26 12:00:00,-7965.83
2050-01-26 13:00:00,-8135.56
2050-01-26 14:00:00,-8056.86
2050-01-26 15:00:00,-6561.99
2050-01-26 16:00:00,-6688.15
2050-01-26 17:00:00,-5865.57
2050-01-26 18:00:00,-6325.19
2050-01-26 19:00:00,-5992.99
2050-01-26 20:00:00,-5481.22
2050-01-26 21:00:00,-5347.88
2050-01-26 22:00:00,-5430.19
2050-01-26 23:00:00,-5373.71
2050-01-27 00:00:00,-4099.14
2050-01-27 01:00:00,-4318.05
2050-01-27 02:00:00,-4778.16
2050-01-27 03:00:00,-4154.65
2050-01-27 04:00:00,-5568.44
2050-01-27 05:00:00,-6109.05
2050-01-27 06:00:00,-4059.62
2050-01-27 07:00:00,-4795.25
2050-01-27 08:00:00,-7952.6
2050-01-27 09:00:00,-9312.77
2050-01-27 10:00:00,-10333.89
2050-01-27 11:00:00,-10438.56
2050-01-27 12:00:00,-8606.81
2050-01-27 13:00:00,-8602.65
2050-01-27 14:00:00,-8310.24
2050-01-27 15:00:00,-8007.17
2050-01-27 16:00:00,-7481.59
2050-01-27 17:00:00,-6671.78
2050-01-27 18:00:00,-5995.34
2050-01-27 19:00:00,-5659.25
2050-01-27 20:00:00,-4320.92
2050-01-27 21:00:00,-4949.51
2050-01-27 22:00:00,-5373.97
2050-01-27 23:00:00,-4815.49
2050-01-28 00:00:00,-5200.49
2050-01-28 01:00:00,-3672.85
2050-01-28 02:00:00,-4090.95
2050-01-28 03:00:00,-3705.38
2050-01-28 04:00:00,-3529.9
2050-01-28 05:00:00,-4673.66
2050-01-28 06:00:00,-4862.1
2050-01-28 07:00:00,-3973.0
2050-01-28 08:00:00,-3922.93
2050-01-28 09:00:00,-4626.05
2050-01-28 10:00:00,-4901.05
2050-01-28 11:00:00,-3266.08
2050-01-28 12:00:00,-3384.23
2050-01-28 13:00:00,-2693.12
2050-01-28 14:00:00,-722.27
2050-01-28 15:00:00,-64.23
2050-01-28 16:00:00,86.67
2050-01-28 17:00:00,216.55
2050-01-28 18:00:00,124.45
2050-01-28 19:00:00,629.15
2050-01-28 20:00:00,717.78
2050-01-28 21:00:00,296.56
2050-01-28 22:00:00,3.31
2050-01-28 23:00:00,61.05
2050-01-29 00:00:00,-734.55
2050-01-29 01:00:00,-979.21
2050-01-29 02:00:00,-1412.91
2050-01-29 03:00:00,-2479.33
2050-01-29 04:00:00,-1839.89
2050-01-29 05:00:00,-4642.05
2050-01-29 06:00:00,-4395.78
2050-01-29 07:00:00,-4772.57
2050-01-29 08:00:00,-4577.96
2050-01-29 09:00:00,-3746.29
2050-01-29 10:00:00,-4951.97
2050-01-29 11:00:00,-5422.1
2050-01-29 12:00:00,-6253.48
2050-01-29 13:00:00,-6444.3
2050-01-29 14:00:00,-6785.04
2050-01-29 15:00:00,-6782.31
2050-01-29 16:00:00,-6570.91
2050-01-29 17:00:00,-5993.27
2050-01-29 18:00:00,-5507.56
2050-01-29 19:00:00,-5077.19
2050-01-29 20:00:00,-4778.31
2050-01-29 21:00:00,-4943.8
2050-01-29 22:00:00,-4810.0
2050-01-29 23:00:00,-4300.3
2050-01-30 00:00:00,-4076.86
2050-01-30 01:00:00,-4722.26
2050-01-30 02:00:00,-5366.26
2050-01-30 03:00:00,-3732.4
2050-01-30 04:00:00,-2705.47
2050-01-30 05:00:00,-2091.34
2050-01-30 06:00:00,-650.45
2050-01-30 07:00:00,158.61
2050-01-30 08:00:00,-2821.27
2050-01-30 09:00:00,-2980.63
2050-01-30 10:00:00,-2134.3
2050-01-30 11:00:00,-2047.95
2050-01-30 12:00:00,-1994.53
2050-01-30 13:00:00,-3127.27
2050-01-30 14:00:00,-3278.09
2050-01-30 15:00:00,-1290.19
2050-01-30 16:00:00,-2406.8
2050-01-30 17:00:00,-4465.36
2050-01-30 18:00:00,-5440.94
2050-01-30 19:00:00,-5150.31
2050-01-30 20:00:00,-5017.6
2050-01-30 21:00:00,-5011.44
2050-01-30 22:00:00,-4908.91
2050-01-30 23:00:00,-4020.09
2050-01-31 00:00:00,-3043.79
2050-01-31 01:00:00,-2579.42
2050-01-31 02:00:00,-1689.62
2050-01-31 03:00:00,-201.95
2050-01-31 04:00:00,-594.76
2050-01-31 05:00:00,-725.35
2050-01-31 06:00:00,-1010.33
2050-01-31 07:00:00,-1414.29
2050-01-31 08:00:00,-1521.42
2050-01-31 09:00:00,-2536.85
2050-01-31 10:00:00,-1231.86
2050-01-31 11:00:00,-1030.03
2050-01-31 12:00:00,-750.3
2050-01-31 13:00:00,-1682.52
2050-01-31 14:00:00,-1866.34
2050-01-31 15:00:00,-1006.6
2050-01-31 16:00:00,1498.35
2050-01-31 17:00:00,1460.77
2050-01-31 18:00:00,501.63
2050-01-31 19:00:00,-66.14
2050-01-31 20:00:00,-772.56
2050-01-31 21:00:00,-2508.64
2050-01-31 22:00:00,-1126.14
2050-01-31 23:00:00,-1221.89
2050-02-01 00:00:00,-2384.71
2050-02-01 01:00:00,-3394.12
2050-02-01 02:00:00,-3960.44
2050-02-01 03:00:00,-4180.05
2050-02-01 04:00:00,-5494.11
2050-02-01 05:00:00,-5515.8
2050-02-01 06:00:00,-5380.69
2050-02-01 07:00:00,-5268.31
2050-02-01 08:00:00,-5760.98
2050-02-01 09:00:00,-6162.23
2050-02-01 10:00:00,-6619.41
2050-02-01 11:00:00,-6436.64
2050-02-01 12:00:00,-4519.44
2050-02-01 13:00:00,-5342.06
2050-02-01 14:00:00,-3756.32
2050-02-01 15:00:00,-3469.25
2050-02-01 16:00:00,-2860.82
2050-02-01 17:00:00,-800.85
2050-02-01 18:00:00,500.28
2050-02-01 19:00:00,-433.97
2050-02-01 20:00:00,1306.07
2050-02-01 21:00:00,3125.07
2050-02-01 22:00:00,889.31
2050-02-01 23:00:00,-183.73
2050-02-02 00:00:00,-1291.98
2050-02-02 01:00:00,-1483.67
2050-02-02 02:00:00,-2507.33
2050-02-02 03:00:00,-1384.36
2050-02-02 04:00:00,-397.87
2050-02-02 05:00:00,640.89
2050-02-02 06:00:00,-800.91
2050-02-02 07:00:00,-1937.98
2050-02-02 08:00:00,-1896.39
2050-02-02 09:00:00,-2822.23
2050-02-02 10:00:00,-4083.02
2050-02-02 11:00:00,-2126.49
2050-02-02 12:00:00,-1254.79
2050-02-02 13:00:00,-1464.26
2050-02-02 14:00:00,-724.45
2050-02-02 15:00:00,-2023.37
2050-02-02 16:00:00,-2999.06
2050-02-02 17:00:00,-3697.74
2050-02-02 18:00:00,-3732.87
2050-02-02 19:00:00,-4812.25
2050-02-02 20:00:00,-3658.36
2050-02-02 21:00:00,-4296.75
2050-02-02 22:00:00,-3875.45
2050-02-02 23:00:00,-3313.14
2050-02-03 00:00:00,-3785.79
2050-02-03 01:00:00,-5750.74
2050-02-03 02:00:00,-6144.08
2050-02-03 03:00:00,-6294.02
2050-02-03 04:00:00,-5426.81
2050-02-03 05:00:00,-5089.64
2050-02-03 06:00:00,-4115.13
2050-02-03 07:00:00,-3057.89
2050-02-03 08:00:00,-5484.29
2050-02-03 09:00:00,-6201.96
2050-02-03 10:00:00,-6792.14
2050-02-03 11:00:00,-5155.65
2050-02-03 12:00:00,-7487.86
2050-02-03 13:00:00,-7559.72
2050-02-03 14:00:00,-6795.86
2050-02-03 15:00:00,-6865.06
2050-02-03 16:00:00,-6450.37
2050-02-03 17:00:00,-6036.13
2050-02-03 18:00:00,-5138.55
2050-02-03 19:00:00,-4943.01
2050-02-03 20:00:00,-5250.56
2050-02-03 21:00:00,-5990.23
2050-02-03 22:00:00,-6146.79
2050-02-03 23:00:00,-6366.8
2050-02-04 00:00:00,-6346.17
2050-02-04 01:00:00,-6150.95
2050-02-04 02:00:00,-6324.41
2050-02-04 03:00:00,-6854.17
2050-02-04 04:00:00,-6403.77
2050-02-04 05:00:00,-6091.96
2050-02-04 06:00:00,-6299.21
2050-02-04 07:00:00,-5383.36
2050-02-04 08:00:00,-5301.43
2050-02-04 09:00:00,-5547.66
2050-02-04 10:00:00,-5160.2
2050-02-04 11:00:00,-319.89
2050-02-04 12:00:00,-1063.87
2050-02-04 13:00:00,-49.28
2050-02-04 14:00:00,-790.98
2050-02-04 15:00:00,-1976.62
2050-02-04 16:00:00,-1923.68
2050-02-04 17:00:00,-1664.21
2050-02-04 18:00:00,-328.85
2050-02-04 19:00:00,-152.43
2050-02-04 20:00:00,273.88
2050-02-04 21:00:00,-1413.37
2050-02-04 22:00:00,-1771.54
2050-02-04 23:00:00,-2814.23
2050-02-05 00:00:00,-3143.82
2050-02-05 01:00:00,-3697.24
2050-02-05 02:00:00,-4857.61
2050-02-05 03:00:00,-5310.92
2050-02-05 04:00:00,-4693.99
2050-02-05 05:00:00,-5764.16
2050-02-05 06:00:00,-5843.48
2050-02-05 07:00:00,-6679.98
2050-02-05 08:00:00,-9858.43
2050-02-05 09:00:00,-10739.78
2050-02-05 10:00:00,-11414.04
2050-02-05 11:00:00,-11799.96
2050-02-05 12:00:00,-11704.34
2050-02-05 13:00:00,-11169.44
2050-02-05 14:00:00,-10600.52
2050-02-05 15:00:00,-8543.52
2050-02-05 16:00:00,-5212.39
2050-02-05 17:00:00,-4164.57
2050-02-05 18:00:00,-3381.61
2050-02-05 19:00:00,-4901.14
2050-02-05 20:00:00,-5442.25
2050-02-05 21:00:00,-5127.17
2050-02-05 22:00:00,-4999.71
2050-02-05 23:00:00,-5231.78
2050-02-06 00:00:00,-3844.88
2050-02-06 01:00:00,-2426.78
2050-02-06 02:00:00,-1872.55
2050-02-06 03:00:00,418.91
2050-02-06 04:00:00,-243.48
2050-02-06 05:00:00,803.13
2050-02-06 06:00:00,1712.68
2050-02-06 07:00:00,3094.55
2050-02-06 08:00:00,2318.51
2050-02-06 09:00:00,1280.66
2050-02-06 10:00:00,2923.89
2050-02-06 11:00:00,3181.32
2050-02-06 12:00:00,2375.27
2050-02-06 13:00:00,3283.43
2050-02-06 14:00:00,2447.37
2050-02-06 15:00:00,2731.45
2050-02-06 16:00:00,2419.79
2050-02-06 17:00:00,401.64
2050-02-06 18:00:00,831.81
2050-02-06 19:00:00,-288.53
2050-02-06 20:00:00,-20.5
2050-02-06 21:00:00,263.22
2050-02-06 22:00:00,-254.05
2050-02-06 23:00:00,328.74
2050-02-07 00:00:00,2310.28
2050-02-07 01:00:00,4215.44
2050-02-07 02:00:00,3070.36
2050-02-07 03:00:00,2395.44
2050-02-07 04:00:00,1723.69
2050-02-07 05:00:00,1106.02
2050-02-07 06:00:00,1784.15
2050-02-07 07:00:00,1822.61
2050-02-07 08:00:00,1260.45
2050-02-07 09:00:00,45.01
2050-02-07 10:00:00,-1830.93
2050-02-07 11:00:00,-2605.06
2050-02-07 12:00:00,-1743.77
2050-02-07 13:00:00,-2500.87
2050-02-07 14:00:00,-1398.7
2050-02-07 15:00:00,730.93
2050-02-07 16:00:00,-1111.97
2050-02-07 17:00:00,-2659.61
2050-02-07 18:00:00,-2402.59
2050-02-07 19:00:00,-1827.75
2050-02-07 20:00:00,-1715.31
2050-02-07 21:00:00,-1888.7
2050-02-07 22:00:00,-4822.25
2050-02-07 23:00:00,-5542.63
2050-02-08 00:00:00,-5849.3
2050-02-08 01:00:00,-5713.13
2050-02-08 02:00:00,-5134.89
2050-02-08 03:00:00,-5069.26
2050-02-08 04:00:00,-5885.67
2050-02-08 05:00:00,-4979.54
2050-02-08 06:00:00,-5129.0
2050-02-08 07:00:00,-4759.52
2050-02-08 08:00:00,-5541.56
2050-02-08 09:00:00,-4067.92
2050-02-08 10:00:00,-1637.82
2050-02-08 11:00:00,-1625.04
2050-02-08 12:00:00,-2391.31
2050-02-08 13:00:00,-1461.72
2050-02-08 14:00:00,-3811.82
2050-02-08 15:00:00,-3372.84
2050-02-08 16:00:00,-845.81
2050-02-08 17:00:00,-1744.09
2050-02-08 18:00:00,-2493.77
2050-02-08 19:00:00,-1371.86
2050-02-08 20:00:00,-2071.83
2050-02-08 21:00:00,-2014.91
2050-02-08 22:00:00,-1449.14
2050-02-08 23:00:00,-637.25
2050-02-09 00:00:00,-92.77
2050-02-09 01:00:00,572.12
2050-02-09 02:00:00,829.76
2050-02-09 03:00:00,915.5
2050-02-09 04:00:00,-443.84
2050-02-09 05:00:00,-418.19
2050-02-09 06:00:00,568.65
2050-02-09 07:00:00,583.14
2050-02-09 08:00:00,-737.3
2050-02-09 09:00:00,-2172.11
2050-02-09 10:00:00,-4367.74
2050-02-09 11:00:00,-4365.09
2050-02-09 12:00:00,-5555.23
2050-02-09 13:00:00,-6066.2
2050-02-09 14:00:00,-4659.97
2050-02-09 15:00:00,-5610.76
2050-02-09 16:00:00,-6131.32
2050-02-09 17:00:00,-5940.88
2050-02-09 18:00:00,-4979.42
2050-02-09 19:00:00,-5458.2
2050-02-09 20:00:00,-5490.44
2050-02-09 21:00:00,-5821.37
2050-02-09 22:00:00,-6259.46
2050-02-09 23:00:00,-6383.67
2050-02-10 00:00:00,-5076.48
2050-02-10 01:00:00,-5809.25
2050-02-10 02:00:00,-6063.21
2050-02-10 03:00:00,-6687.43
2050-02-10 04:00:00,-6121.28
2050-02-10 05:00:00,-6285.26
2050-02-10 06:00:00,-6020.27
2050-02-10 07:00:00,-6373.75
2050-02-10 08:00:00,-9631.89
2050-02-10 09:00:00,-10584.32
2050-02-10 10:00:00,-9386.72
2050-02-10 11:00:00,-10602.55
2050-02-10 12:00:00,-11232.94
2050-02-10 13:00:00,-10893.14
2050-02-10 14:00:00,-9703.12
2050-02-10 15:00:00,-6469.81
2050-02-10 16:00:00,-5087.24
2050-02-10 17:00:00,-2330.02
2050-02-10 18:00:00,-1382.45
2050-02-10 19:00:00,-1023.58
2050-02-10 20:00:00,-1102.12
2050-02-10 21:00:00,-345.5
2050-02-10 22:00:00,-1626.37
2050-02-10 23:00:00,-275.32
2050-02-11 00:00:00,1603.95
2050-02-11 01:00:00,607.14
2050-02-11 02:00:00,-130.47
2050-02-11 03:00:00,500.72
2050-02-11 04:00:00,-799.32
2050-02-11 05:00:00,-1339.75
2050-02-11 06:00:00,-1111.88
2050-02-11 07:00:00,-2686.64
2050-02-11 08:00:00,-3819.31
2050-02-11 09:00:00,-3620.61
2050-02-11 10:00:00,-3952.13
2050-02-11 11:00:00,-3616.07
2050-02-11 12:00:00,-4886.82
2050-02-11 13:00:00,-5559.99
2050-02-11 14:00:00,-5947.08
2050-02-11 15:00:00,-5106.81
2050-02-11 16:00:00,-2946.76
2050-02-11 17:00:00,-2740.2
2050-02-11 18:00:00,115.56
2050-02-11 19:00:00,-807.69
2050-02-11 20:00:00,540.14
2050-02-11 21:00:00,-524.83
2050-02-11 22:00:00,-673.48
2050-02-11 23:00:00,-3648.75
2050-02-12 00:00:00,-4020.31
2050-02-12 01:00:00,-4337.11
2050-02-12 02:00:00,-5308.81
2050-02-12 03:00:00,-5143.36
2050-02-12 04:00:00,-5270.1
2050-02-12 05:00:00,-4160.14
2050-02-12 06:00:00,-5212.38
2050-02-12 07:00:00,-9618.11
2050-02-12 08:00:00,-2109.36
2050-02-12 09:00:00,-1642.78
2050-02-12 10:00:00,986.34
2050-02-12 11:00:00,1223.96
2050-02-12 12:00:00,137.02
2050-02-12 13:00:00,671.49
2050-02-12 14:00:00,1132.27
2050-02-12 15:00:00,740.39
2050-02-12 16:00:00,-75.09
2050-02-12 17:00:00,-225.43
2050-02-12 18:00:00,896.32
2050-02-12 19:00:00,-1308.38
2050-02-12 20:00:00,-1892.98
2050-02-12 21:00:00,-3824.74
2050-02-12 22:00:00,-4177.97
2050-02-12 23:00:00,-4455.57
2050-02-13 00:00:00,-3129.17
2050-02-13 01:00:00,-3216.34
2050-02-13 02:00:00,-5147.8
2050-02-13 03:00:00,-5335.99
2050-02-13 04:00:00,-6902.43
2050-02-13 05:00:00,-6947.46
2050-02-13 06:00:00,-6751.43
2050-02-13 07:00:00,-7119.9
2050-02-13 08:00:00,-9785.88
2050-02-13 09:00:00,-10627.08
2050-02-13 10:00:00,-11300.5
2050-02-13 11:00:00,-10355.97
2050-02-13 12:00:00,-10410.06
2050-02-13 13:00:00,-8502.56
2050-02-13 14:00:00,-6075.24
2050-02-13 15:00:00,-6264.53
2050-02-13 16:00:00,-4898.36
2050-02-13 17:00:00,-4580.39
2050-02-13 18:00:00,-5704.99
2050-02-13 19:00:00,-5686.42
2050-02-13 20:00:00,-5528.7
2050-02-13 21:00:00,-5571.58
2050-02-13 22:00:00,-5662.94
2050-02-13 23:00:00,-5991.88
2050-02-14 00:00:00,-6232.44
2050-02-14 01:00:00,-5666.83
2050-02-14 02:00:00,-4554.64
2050-02-14 03:00:00,-5535.05
2050-02-14 04:00:00,-2144.46
2050-02-14 05:00:00,-2345.96
2050-02-14 06:00:00,-2768.82
2050-02-14 07:00:00,-2742.13
2050-02-14 08:00:00,-3605.47
2050-02-14 09:00:00,-6732.58
2050-02-14 10:00:00,-6000.49
2050-02-14 11:00:00,-6985.51
2050-02-14 12:00:00,-5670.5
2050-02-14 13:00:00,-4841.86
2050-02-14 14:00:00,-4382.53
2050-02-14 15:00:00,-3052.47
2050-02-14 16:00:00,-661.04
2050-02-14 17:00:00,912.39
2050-02-14 18:00:00,134.35
2050-02-14 19:00:00,318.81
2050-02-14 20:00:00,1892.78
2050-02-14 21:00:00,2017.38
2050-02-14 22:00:00,1934.32
2050-02-14 23:00:00,937.95
2050-02-15 00:00:00,-830.11
2050-02-15 01:00:00,-1370.55
2050-02-15 02:00:00,-3554.24
2050-02-15 03:00:00,-4353.23
2050-02-15 04:00:00,-4911.04
2050-02-15 05:00:00,-4699.66
2050-02-15 06:00:00,-5231.99
2050-02-15 07:00:00,-9350.79
2050-02-15 08:00:00,-7960.74
2050-02-15 09:00:00,-8853.5
2050-02-15 10:00:00,-8802.97
2050-02-15 11:00:00,-8633.69
2050-02-15 12:00:00,-8607.89
2050-02-15 13:00:00,-8535.31
2050-02-15 14:00:00,-7765.71
2050-02-15 15:00:00,-7463.57
2050-02-15 16:00:00,-7131.09
2050-02-15 17:00:00,-6735.37
2050-02-15 18:00:00,-6487.24
2050-02-15 19:00:00,-6225.2
2050-02-15 20:00:00,-6051.49
2050-02-15 21:00:00,-5747.33
2050-02-15 22:00:00,-6303.68
2050-02-15 23:00:00,-6602.06
2050-02-16 00:00:00,-6921.95
2050-02-16 01:00:00,-7097.18
2050-02-16 02:00:00,-7311.12
2050-02-16 03:00:00,-7444.43
2050-02-16 04:00:00,-7518.43
2050-02-16 05:00:00,-7549.66
2050-02-16 06:00:00,-7462.8
2050-02-16 07:00:00,-10750.1
2050-02-16 08:00:00,-10261.15
2050-02-16 09:00:00,-11101.69
2050-02-16 10:00:00,-10533.57
2050-02-16 11:00:00,-10777.23
2050-02-16 12:00:00,-11573.09
2050-02-16 13:00:00,-9640.77
2050-02-16 14:00:00,-9027.38
2050-02-16 15:00:00,-9163.44
2050-02-16 16:00:00,-7778.12
2050-02-16 17:00:00,-3065.19
2050-02-16 18:00:00,-3958.67
2050-02-16 19:00:00,-5499.05
2050-02-16 20:00:00,-5145.37
2050-02-16 21:00:00,-5397.19
2050-02-16 22:00:00,-5631.04
2050-02-16 23:00:00,-5764.12
2050-02-17 00:00:00,-5970.38
2050-02-17 01:00:00,-6122.18
2050-02-17 02:00:00,-5451.99
2050-02-17 03:00:00,-4055.19
2050-02-17 04:00:00,-4547.86
2050-02-17 05:00:00,-3306.6
2050-02-17 06:00:00,-2840.34
2050-02-17 07:00:00,-3827.58
2050-02-17 08:00:00,-4386.27
2050-02-17 09:00:00,-5207.06
2050-02-17 10:00:00,-4961.85
2050-02-17 11:00:00,-3083.3
2050-02-17 12:00:00,-4164.29
2050-02-17 13:00:00,-2403.98
2050-02-17 14:00:00,-1001.51
2050-02-17 15:00:00,-1417.79
2050-02-17 16:00:00,-9.73
2050-02-17 17:00:00,251.81
2050-02-17 18:00:00,-103.76
2050-02-17 19:00:00,227.42
2050-02-17 20:00:00,39.21
2050-02-17 21:00:00,-952.16
2050-02-17 22:00:00,-97.02
2050-02-17 23:00:00,-6.83
2050-02-18 00:00:00,-943.05
2050-02-18 01:00:00,-481.7
2050-02-18 02:00:00,-3099.4
2050-02-18 03:00:00,-4556.31
2050-02-18 04:00:00,-6386.72
2050-02-18 05:00:00,-6065.37
2050-02-18 06:00:00,-5178.71
2050-02-18 07:00:00,-5987.31
2050-02-18 08:00:00,-3943.52
2050-02-18 09:00:00,-3767.24
2050-02-18 10:00:00,-3615.17
2050-02-18 11:00:00,-3884.03
2050-02-18 12:00:00,-5061.61
2050-02-18 13:00:00,-4313.47
2050-02-18 14:00:00,-4190.7
2050-02-18 15:00:00,-4956.44
2050-02-18 16:00:00,-4419.93
2050-02-18 17:00:00,-3529.82
2050-02-18 18:00:00,-3978.64
2050-02-18 19:00:00,-3436.3
2050-02-18 20:00:00,-2483.51
2050-02-18 21:00:00,-2587.07
2050-02-18 22:00:00,-3389.73
2050-02-18 23:00:00,-2624.62
2050-02-19 00:00:00,-1788.3
2050-02-19 01:00:00,-3748.59
2050-02-19 02:00:00,-4388.04
2050-02-19 03:00:00,-3667.95
2050-02-19 04:00:00,-2953.83
2050-02-19 05:00:00,-2132.41
2050-02-19 06:00:00,-1269.18
2050-02-19 07:00:00,-1875.04
2050-02-19 08:00:00,-2300.94
2050-02-19 09:00:00,-3708.16
2050-02-19 10:00:00,-4918.31
2050-02-19 11:00:00,-6883.31
2050-02-19 12:00:00,-6244.36
2050-02-19 13:00:00,-5518.33
2050-02-19 14:00:00,-4983.21
2050-02-19 15:00:00,-5665.44
2050-02-19 16:00:00,-5160.99
2050-02-19 17:00:00,-6568.87
2050-02-19 18:00:00,-5999.21
2050-02-19 19:00:00,-5922.68
2050-02-19 20:00:00,-5688.97
2050-02-19 21:00:00,-5850.97
2050-02-19 22:00:00,-6084.26
2050-02-19 23:00:00,-6371.36
2050-02-20 00:00:00,-6550.28
2050-02-20 01:00:00,-6518.24
2050-02-20 02:00:00,-6645.07
2050-02-20 03:00:00,-6068.31
2050-02-20 04:00:00,-6531.04
2050-02-20 05:00:00,-6473.63
2050-02-20 06:00:00,-5918.12
2050-02-20 07:00:00,-5008.73
2050-02-20 08:00:00,-5859.5
2050-02-20 09:00:00,-5008.53
2050-02-20 10:00:00,-3930.8
2050-02-20 11:00:00,-4201.55
2050-02-20 12:00:00,-5107.94
2050-02-20 13:00:00,-2767.14
2050-02-20 14:00:00,-3145.68
2050-02-20 15:00:00,-5455.63
2050-02-20 16:00:00,-5389.0
2050-02-20 17:00:00,-4942.48
2050-02-20 18:00:00,-6080.61
2050-02-20 19:00:00,-6093.8
2050-02-20 20:00:00,-6039.08
2050-02-20 21:00:00,-6004.24
2050-02-20 22:00:00,-6240.84
2050-02-20 23:00:00,-6350.16
2050-02-21 00:00:00,-5724.55
2050-02-21 01:00:00,-6444.94
2050-02-21 02:00:00,-5804.78
2050-02-21 03:00:00,-5529.21
2050-02-21 04:00:00,-2985.42
2050-02-21 05:00:00,-3278.59
2050-02-21 06:00:00,-3530.96
2050-02-21 07:00:00,-3335.42
2050-02-21 08:00:00,-3034.18
2050-02-21 09:00:00,-3169.13
2050-02-21 10:00:00,-2414.22
2050-02-21 11:00:00,-894.2
2050-02-21 12:00:00,-52.04
2050-02-21 13:00:00,-523.88
2050-02-21 14:00:00,-669.93
2050-02-21 15:00:00,1279.29
2050-02-21 16:00:00,1136.88
2050-02-21 17:00:00,1844.82
2050-02-21 18:00:00,1578.5
2050-02-21 19:00:00,1560.87
2050-02-21 20:00:00,900.11
2050-02-21 21:00:00,103.91
2050-02-21 22:00:00,-676.94
2050-02-21 23:00:00,-597.41
2050-02-22 00:00:00,-1288.61
2050-02-22 01:00:00,-2881.43
2050-02-22 02:00:00,-3505.39
2050-02-22 03:00:00,-2775.43
2050-02-22 04:00:00,-2011.43
2050-02-22 05:00:00,-1604.0
2050-02-22 06:00:00,-2312.38
2050-02-22 07:00:00,-5610.47
2050-02-22 08:00:00,-4150.71
2050-02-22 09:00:00,-5740.47
2050-02-22 10:00:00,-4878.54
2050-02-22 11:00:00,-4449.9
2050-02-22 12:00:00,-3831.42
2050-02-22 13:00:00,-4307.55
2050-02-22 14:00:00,-4054.95
2050-02-22 15:00:00,-3391.23
2050-02-22 16:00:00,-4337.8
2050-02-22 17:00:00,-2232.86
2050-02-22 18:00:00,-2417.86
2050-02-22 19:00:00,-2082.33
2050-02-22 20:00:00,-3825.47
2050-02-22 21:00:00,-3894.63
2050-02-22 22:00:00,-2774.68
2050-02-22 23:00:00,-2493.09
2050-02-23 00:00:00,-5738.64
2050-02-23 01:00:00,-6022.41
2050-02-23 02:00:00,-6633.77
2050-02-23 03:00:00,-6247.31
2050-02-23 04:00:00,-5904.03
2050-02-23 05:00:00,-5642.42
2050-02-23 06:00:00,-4508.6
2050-02-23 07:00:00,-4569.4
2050-02-23 08:00:00,-6994.57
2050-02-23 09:00:00,-7159.64
2050-02-23 10:00:00,-6229.02
2050-02-23 11:00:00,-5209.75
2050-02-23 12:00:00,-6230.19
2050-02-23 13:00:00,-5612.49
2050-02-23 14:00:00,-4796.08
2050-02-23 15:00:00,-4963.2
2050-02-23 16:00:00,-5029.11
2050-02-23 17:00:00,-6894.81
2050-02-23 18:00:00,-6610.01
2050-02-23 19:00:00,-6349.29
2050-02-23 20:00:00,-6135.74
2050-02-23 21:00:00,-6077.3
2050-02-23 22:00:00,-6610.71
2050-02-23 23:00:00,-6843.89
2050-02-24 00:00:00,-7333.44
2050-02-24 01:00:00,-7363.37
2050-02-24 02:00:00,-6440.27
2050-02-24 03:00:00,-6721.03
2050-02-24 04:00:00,-4752.46
2050-02-24 05:00:00,-5989.35
2050-02-24 06:00:00,-5344.87
2050-02-24 07:00:00,-4946.13
2050-02-24 08:00:00,-5817.78
2050-02-24 09:00:00,-6112.03
2050-02-24 10:00:00,-4481.93
2050-02-24 11:00:00,-6082.4
2050-02-24 12:00:00,-7457.22
2050-02-24 13:00:00,-8291.74
2050-02-24 14:00:00,-8940.72
2050-02-24 15:00:00,-10317.19
2050-02-24 16:00:00,-8427.07
2050-02-24 17:00:00,-7546.27
2050-02-24 18:00:00,-7031.65
2050-02-24 19:00:00,-6681.42
2050-02-24 20:00:00,-6491.97
2050-02-24 21:00:00,-6486.91
2050-02-24 22:00:00,-6661.0
2050-02-24 23:00:00,-6904.67
2050-02-25 00:00:00,-7209.04
2050-02-25 01:00:00,-7335.21
2050-02-25 02:00:00,-7562.32
2050-02-25 03:00:00,-7684.76
2050-02-25 04:00:00,-7762.63
2050-02-25 05:00:00,-7780.84
2050-02-25 06:00:00,-7680.5
2050-02-25 07:00:00,-7794.7
2050-02-25 08:00:00,-8306.79
2050-02-25 09:00:00,-8584.28
2050-02-25 10:00:00,-8806.49
2050-02-25 11:00:00,-6630.16
2050-02-25 12:00:00,-7208.39
2050-02-25 13:00:00,-5929.05
2050-02-25 14:00:00,-4781.72
2050-02-25 15:00:00,-5759.69
2050-02-25 16:00:00,-7319.1
2050-02-25 17:00:00,-6296.55
2050-02-25 18:00:00,-5700.75
2050-02-25 19:00:00,-4334.31
2050-02-25 20:00:00,-5430.55
2050-02-25 21:00:00,-4761.41
2050-02-25 22:00:00,-3861.62
2050-02-25 23:00:00,-2171.9
2050-02-26 00:00:00,-1593.22
2050-02-26 01:00:00,-939.75
2050-02-26 02:00:00,-971.98
2050-02-26 03:00:00,-1739.5
2050-02-26 04:00:00,-2333.64
2050-02-26 05:00:00,-3029.88
2050-02-26 06:00:00,-3540.44
2050-02-26 07:00:00,-4591.98
2050-02-26 08:00:00,-3692.4
2050-02-26 09:00:00,-5076.78
2050-02-26 10:00:00,-4157.24
2050-02-26 11:00:00,-6531.06
2050-02-26 12:00:00,-5539.11
2050-02-26 13:00:00,-6133.52
2050-02-26 14:00:00,-5652.65
2050-02-26 15:00:00,-2832.88
2050-02-26 16:00:00,-1821.73
2050-02-26 17:00:00,-696.59
2050-02-26 18:00:00,-627.18
2050-02-26 19:00:00,-1581.96
2050-02-26 20:00:00,-3558.87
2050-02-26 21:00:00,-2310.54
2050-02-26 22:00:00,-1755.61
2050-02-26 23:00:00,-2921.39
2050-02-27 00:00:00,-3311.43
2050-02-27 01:00:00,-4811.11
2050-02-27 02:00:00,-3682.55
2050-02-27 03:00:00,-1983.79
2050-02-27 04:00:00,-516.81
2050-02-27 05:00:00,-1101.95
2050-02-27 06:00:00,-1584.15
2050-02-27 07:00:00,-4603.75
2050-02-27 08:00:00,-6209.94
2050-02-27 09:00:00,-6717.47
2050-02-27 10:00:00,-7083.52
2050-02-27 11:00:00,-8017.43
2050-02-27 12:00:00,-7979.62
2050-02-27 13:00:00,-6029.67
2050-02-27 14:00:00,-6212.88
2050-02-27 15:00:00,-3919.61
2050-02-27 16:00:00,-3486.63
2050-02-27 17:00:00,-5166.63
2050-02-27 18:00:00,-5348.62
2050-02-27 19:00:00,-5634.05
2050-02-27 20:00:00,-5815.88
2050-02-27 21:00:00,-5818.83
2050-02-27 22:00:00,-5812.64
2050-02-27 23:00:00,-6352.42
2050-02-28 00:00:00,-6636.71
2050-02-28 01:00:00,-6589.48
2050-02-28 02:00:00,-5039.26
2050-02-28 03:00:00,-3342.35
2050-02-28 04:00:00,-4476.82
2050-02-28 05:00:00,-3383.97
2050-02-28 06:00:00,-3470.47
2050-02-28 07:00:00,-2451.72
2050-02-28 08:00:00,-3925.08
2050-02-28 09:00:00,-3866.53
2050-02-28 10:00:00,-4804.06
2050-02-28 11:00:00,-2794.67
2050-02-28 12:00:00,-1370.27
2050-02-28 13:00:00,-2322.78
2050-02-28 14:00:00,-3246.82
2050-02-28 15:00:00,-3044.76
2050-02-28 16:00:00,-3711.3
2050-02-28 17:00:00,-4175.0
2050-02-28 18:00:00,-2713.9
2050-02-28 19:00:00,-1144.89
2050-02-28 20:00:00,-1973.87
2050-02-28 21:00:00,-3025.59
2050-02-28 22:00:00,-1944.5
2050-02-28 23:00:00,-1667.04
2050-03-01 00:00:00,-2299.1
2050-03-01 01:00:00,-1452.7
2050-03-01 02:00:00,-759.03
2050-03-01 03:00:00,220.4
2050-03-01 04:00:00,-1020.69
2050-03-01 05:00:00,-557.62
2050-03-01 06:00:00,288.26
2050-03-01 07:00:00,412.54
2050-03-01 08:00:00,320.78
2050-03-01 09:00:00,-207.05
2050-03-01 10:00:00,-247.46
2050-03-01 11:00:00,-2158.12
2050-03-01 12:00:00,-3252.63
2050-03-01 13:00:00,-3016.46
2050-03-01 14:00:00,-2514.82
2050-03-01 15:00:00,-2762.66
2050-03-01 16:00:00,-4644.68
2050-03-01 17:00:00,-6538.3
2050-03-01 18:00:00,-5467.16
2050-03-01 19:00:00,-5701.66
2050-03-01 20:00:00,-5595.84
2050-03-01 21:00:00,-6112.66
2050-03-01 22:00:00,-6303.12
2050-03-01 23:00:00,-6552.8
2050-03-02 00:00:00,-6869.38
2050-03-02 01:00:00,-6999.3
2050-03-02 02:00:00,-7209.57
2050-03-02 03:00:00,-7305.33
2050-03-02 04:00:00,-7350.55
2050-03-02 05:00:00,-7337.5
2050-03-02 06:00:00,-7223.83
2050-03-02 07:00:00,-9108.14
2050-03-02 08:00:00,-10271.02
2050-03-02 09:00:00,-7818.43
2050-03-02 10:00:00,-8241.96
2050-03-02 11:00:00,-8813.67
2050-03-02 12:00:00,-8402.01
2050-03-02 13:00:00,-8583.93
2050-03-02 14:00:00,-8995.19
2050-03-02 15:00:00,-8501.56
2050-03-02 16:00:00,-8094.59
2050-03-02 17:00:00,-7778.62
2050-03-02 18:00:00,-7220.04
2050-03-02 19:00:00,-6906.57
2050-03-02 20:00:00,-6743.2
2050-03-02 21:00:00,-6760.94
2050-03-02 22:00:00,-6923.28
2050-03-02 23:00:00,-7157.27
2050-03-03 00:00:00,-7447.37
2050-03-03 01:00:00,-7574.96
2050-03-03 02:00:00,-7394.51
2050-03-03 03:00:00,-7787.2
2050-03-03 04:00:00,-6998.27
2050-03-03 05:00:00,-5809.11
2050-03-03 06:00:00,-7205.69
2050-03-03 07:00:00,-8626.22
2050-03-03 08:00:00,-7506.24
2050-03-03 09:00:00,-5731.03
2050-03-03 10:00:00,-5245.61
2050-03-03 11:00:00,-5598.68
2050-03-03 12:00:00,-4655.28
2050-03-03 13:00:00,-3871.72
2050-03-03 14:00:00,-2985.1
2050-03-03 15:00:00,-3079.09
2050-03-03 16:00:00,-2745.12
2050-03-03 17:00:00,-2240.87
2050-03-03 18:00:00,-5235.2
2050-03-03 19:00:00,-4875.36
2050-03-03 20:00:00,-3955.88
2050-03-03 21:00:00,-5047.99
2050-03-03 22:00:00,-5672.01
2050-03-03 23:00:00,-6502.9
2050-03-04 00:00:00,-6836.42
2050-03-04 01:00:00,-6956.31
2050-03-04 02:00:00,-7162.71
2050-03-04 03:00:00,-7255.88
2050-03-04 04:00:00,-6786.18
2050-03-04 05:00:00,-7287.59
2050-03-04 06:00:00,-7171.06
2050-03-04 07:00:00,-8655.92
2050-03-04 08:00:00,-8954.22
2050-03-04 09:00:00,-10838.19
2050-03-04 10:00:00,-10808.65
2050-03-04 11:00:00,-11053.8
2050-03-04 12:00:00,-10719.95
2050-03-04 13:00:00,-9875.05
2050-03-04 14:00:00,-10989.92
2050-03-04 15:00:00,-10754.81
2050-03-04 16:00:00,-9619.89
2050-03-04 17:00:00,-7664.54
2050-03-04 18:00:00,-6770.21
2050-03-04 19:00:00,-6424.34
2050-03-04 20:00:00,-6050.06
2050-03-04 21:00:00,-5338.22
2050-03-04 22:00:00,-6058.51
2050-03-04 23:00:00,-6303.73
2050-03-05 00:00:00,-6734.74
2050-03-05 01:00:00,-6027.72
2050-03-05 02:00:00,-6403.85
2050-03-05 03:00:00,-5039.27
2050-03-05 04:00:00,-4523.39
2050-03-05 05:00:00,-3712.77
2050-03-05 06:00:00,-3056.21
2050-03-05 07:00:00,-2643.75
2050-03-05 08:00:00,-4513.21
2050-03-05 09:00:00,-5237.2
2050-03-05 10:00:00,-5749.81
2050-03-05 11:00:00,-4748.9
2050-03-05 12:00:00,-3564.78
2050-03-05 13:00:00,-3266.0
2050-03-05 14:00:00,-1069.91
2050-03-05 15:00:00,-3040.9
2050-03-05 16:00:00,-3416.73
2050-03-05 17:00:00,-1781.92
2050-03-05 18:00:00,-996.0
2050-03-05 19:00:00,-1161.8
2050-03-05 20:00:00,-685.08
2050-03-05 21:00:00,-1811.51
2050-03-05 22:00:00,-1967.64
2050-03-05 23:00:00,-1413.01
2050-03-06 00:00:00,-1822.45
2050-03-06 01:00:00,-2935.93
2050-03-06 02:00:00,-946.7
2050-03-06 03:00:00,300.93
2050-03-06 04:00:00,-384.77
2050-03-06 05:00:00,-1839.91
2050-03-06 06:00:00,-1375.77
2050-03-06 07:00:00,-2991.55
2050-03-06 08:00:00,-3718.97
2050-03-06 09:00:00,-2300.73
2050-03-06 10:00:00,-960.92
2050-03-06 11:00:00,-1872.14
2050-03-06 12:00:00,289.32
2050-03-06 13:00:00,-490.94
2050-03-06 14:00:00,-2339.75
2050-03-06 15:00:00,-2544.95
2050-03-06 16:00:00,-1728.73
2050-03-06 17:00:00,-622.91
2050-03-06 18:00:00,-312.37
2050-03-06 19:00:00,-1013.63
2050-03-06 20:00:00,-2887.21
2050-03-06 21:00:00,-2637.34
2050-03-06 22:00:00,-3270.65
2050-03-06 23:00:00,-1865.49
2050-03-07 00:00:00,-1624.3
2050-03-07 01:00:00,-3114.96
2050-03-07 02:00:00,-3926.97
2050-03-07 03:00:00,-3573.03
2050-03-07 04:00:00,-3942.08
2050-03-07 05:00:00,-4567.84
2050-03-07 06:00:00,-3801.69
2050-03-07 07:00:00,-6643.07
2050-03-07 08:00:00,-8726.7
2050-03-07 09:00:00,-10700.3
2050-03-07 10:00:00,-12217.71
2050-03-07 11:00:00,-12830.67
2050-03-07 12:00:00,-12927.28
2050-03-07 13:00:00,-11896.99
2050-03-07 14:00:00,-9399.76
2050-03-07 15:00:00,-8529.42
2050-03-07 16:00:00,-8707.44
2050-03-07 17:00:00,-7797.31
2050-03-07 18:00:00,-7282.22
2050-03-07 19:00:00,-7171.06
2050-03-07 20:00:00,-7140.7
2050-03-07 21:00:00,-7180.18
2050-03-07 22:00:00,-7334.7
2050-03-07 23:00:00,-7539.77
2050-03-08 00:00:00,-7781.12
2050-03-08 01:00:00,-7817.91
2050-03-08 02:00:00,-7597.93
2050-03-08 03:00:00,-5457.62
2050-03-08 04:00:00,-4523.15
2050-03-08 05:00:00,-5156.9
2050-03-08 06:00:00,-3479.4
2050-03-08 07:00:00,-4305.08
2050-03-08 08:00:00,-4062.73
2050-03-08 09:00:00,-4255.83
2050-03-08 10:00:00,-6370.12
2050-03-08 11:00:00,-6500.73
2050-03-08 12:00:00,-6513.2
2050-03-08 13:00:00,-5443.37
2050-03-08 14:00:00,-2629.02
2050-03-08 15:00:00,-2006.87
2050-03-08 16:00:00,-2622.9
2050-03-08 17:00:00,-2598.95
2050-03-08 18:00:00,-1855.16
2050-03-08 19:00:00,-2526.0
2050-03-08 20:00:00,-2300.19
2050-03-08 21:00:00,-2417.42
2050-03-08 22:00:00,-3887.54
2050-03-08 23:00:00,-4681.59
2050-03-09 00:00:00,-3077.43
2050-03-09 01:00:00,-4582.04
2050-03-09 02:00:00,-4708.39
2050-03-09 03:00:00,-5895.31
2050-03-09 04:00:00,-5561.98
2050-03-09 05:00:00,-5073.66
2050-03-09 06:00:00,-5233.68
2050-03-09 07:00:00,-7873.43
2050-03-09 08:00:00,-8625.05
2050-03-09 09:00:00,-5579.13
2050-03-09 10:00:00,-4661.53
2050-03-09 11:00:00,-4039.22
2050-03-09 12:00:00,-4400.53
2050-03-09 13:00:00,-3918.14
2050-03-09 14:00:00,-2631.51
2050-03-09 15:00:00,-4659.63
2050-03-09 16:00:00,-6472.01
2050-03-09 17:00:00,-4592.65
2050-03-09 18:00:00,-5849.57
2050-03-09 19:00:00,-6794.25
2050-03-09 20:00:00,-7040.52
2050-03-09 21:00:00,-7019.15
2050-03-09 22:00:00,-7032.55
2050-03-09 23:00:00,-6829.28
2050-03-10 00:00:00,-6675.03
2050-03-10 01:00:00,-4734.37
2050-03-10 02:00:00,-4475.17
2050-03-10 03:00:00,-4142.66
2050-03-10 04:00:00,-6258.24
2050-03-10 05:00:00,-6281.31
2050-03-10 06:00:00,-6363.68
2050-03-10 07:00:00,-6941.3
2050-03-10 08:00:00,-9280.94
2050-03-10 09:00:00,-10331.24
2050-03-10 10:00:00,-8302.7
2050-03-10 11:00:00,-9443.97
2050-03-10 12:00:00,-9289.16
2050-03-10 13:00:00,-3926.16
2050-03-10 14:00:00,-4865.16
2050-03-10 15:00:00,-3529.9
2050-03-10 16:00:00,-3545.98
2050-03-10 17:00:00,-1861.36
2050-03-10 18:00:00,-2663.21
2050-03-10 19:00:00,-3678.77
2050-03-10 20:00:00,-5052.12
2050-03-10 21:00:00,-6061.65
2050-03-10 22:00:00,-7174.11
2050-03-10 23:00:00,-6713.78
2050-03-11 00:00:00,-6156.88
2050-03-11 01:00:00,-6266.21
2050-03-11 02:00:00,-5821.3
2050-03-11 03:00:00,-7484.47
2050-03-11 04:00:00,-5833.35
2050-03-11 05:00:00,-5280.51
2050-03-11 06:00:00,-6486.38
2050-03-11 07:00:00,-5379.28
2050-03-11 08:00:00,-3607.99
2050-03-11 09:00:00,-3580.74
2050-03-11 10:00:00,-3168.9
2050-03-11 11:00:00,-4207.24
2050-03-11 12:00:00,-3573.12
2050-03-11 13:00:00,-3620.24
2050-03-11 14:00:00,-4464.09
2050-03-11 15:00:00,-4290.04
2050-03-11 16:00:00,-4397.93
2050-03-11 17:00:00,-4215.86
2050-03-11 18:00:00,-5566.55
2050-03-11 19:00:00,-5450.72
2050-03-11 20:00:00,-6006.38
2050-03-11 21:00:00,-6597.46
2050-03-11 22:00:00,-6208.93
2050-03-11 23:00:00,-5790.67
2050-03-12 00:00:00,-5545.08
2050-03-12 01:00:00,-6159.08
2050-03-12 02:00:00,-7755.57
2050-03-12 03:00:00,-7481.53
2050-03-12 04:00:00,-7347.12
2050-03-12 05:00:00,-5370.86
2050-03-12 06:00:00,-5253.58
2050-03-12 07:00:00,-5800.96
2050-03-12 08:00:00,-4549.48
2050-03-12 09:00:00,-5483.87
2050-03-12 10:00:00,-6907.24
2050-03-12 11:00:00,-5825.31
2050-03-12 12:00:00,-7176.77
2050-03-12 13:00:00,-6102.64
2050-03-12 14:00:00,-5748.75
2050-03-12 15:00:00,-6517.25
2050-03-12 16:00:00,-8095.63
2050-03-12 17:00:00,-7107.19
2050-03-12 18:00:00,-6851.15
2050-03-12 19:00:00,-6742.42
2050-03-12 20:00:00,-6688.7
2050-03-12 21:00:00,-6825.66
2050-03-12 22:00:00,-7121.63
2050-03-12 23:00:00,-7457.01
2050-03-13 00:00:00,-7829.35
2050-03-13 01:00:00,-8016.18
2050-03-13 02:00:00,-8606.19
2050-03-13 03:00:00,-8432.61
2050-03-13 04:00:00,-8461.85
2050-03-13 05:00:00,-8496.69
2050-03-13 06:00:00,-8250.76
2050-03-13 07:00:00,-7495.07
2050-03-13 08:00:00,-8275.15
2050-03-13 09:00:00,-7082.3
2050-03-13 10:00:00,-6520.24
2050-03-13 11:00:00,-7175.94
2050-03-13 12:00:00,-6143.03
2050-03-13 13:00:00,-4283.93
2050-03-13 14:00:00,-3394.94
2050-03-13 15:00:00,-3239.94
2050-03-13 16:00:00,-1534.63
2050-03-13 17:00:00,-358.14
2050-03-13 18:00:00,-1442.15
2050-03-13 19:00:00,-1984.06
2050-03-13 20:00:00,-4572.59
2050-03-13 21:00:00,-5548.23
2050-03-13 22:00:00,-4591.86
2050-03-13 23:00:00,-7423.43
2050-03-14 00:00:00,-8027.15
2050-03-14 01:00:00,-8245.28
2050-03-14 02:00:00,-8522.42
2050-03-14 03:00:00,-8657.63
2050-03-14 04:00:00,-8729.88
2050-03-14 05:00:00,-8751.81
2050-03-14 06:00:00,-8772.56
2050-03-14 07:00:00,-9644.7
2050-03-14 08:00:00,-10607.58
2050-03-14 09:00:00,-11093.87
2050-03-14 10:00:00,-11819.41
2050-03-14 11:00:00,-12071.42
2050-03-14 12:00:00,-11994.6
2050-03-14 13:00:00,-11741.99
2050-03-14 14:00:00,-11060.82
2050-03-14 15:00:00,-9503.78
2050-03-14 16:00:00,-8474.84
2050-03-14 17:00:00,-7576.58
2050-03-14 18:00:00,-7226.11
2050-03-14 19:00:00,-7114.22
2050-03-14 20:00:00,-7150.62
2050-03-14 21:00:00,-7292.52
2050-03-14 22:00:00,-7566.45
2050-03-14 23:00:00,-7868.33
2050-03-15 00:00:00,-8173.42
2050-03-15 01:00:00,-8273.53
2050-03-15 02:00:00,-8448.36
2050-03-15 03:00:00,-8514.49
2050-03-15 04:00:00,-8537.49
2050-03-15 05:00:00,-8503.55
2050-03-15 06:00:00,-8440.94
2050-03-15 07:00:00,-8821.34
2050-03-15 08:00:00,-8755.79
2050-03-15 09:00:00,-9204.75
2050-03-15 10:00:00,-9609.19
2050-03-15 11:00:00,-9927.18
2050-03-15 12:00:00,-10754.94
2050-03-15 13:00:00,-10771.92
2050-03-15 14:00:00,-9742.93
2050-03-15 15:00:00,-9089.44
2050-03-15 16:00:00,-8605.57
2050-03-15 17:00:00,-7510.22
2050-03-15 18:00:00,-7073.67
2050-03-15 19:00:00,-6759.91
2050-03-15 20:00:00,-6615.14
2050-03-15 21:00:00,-6659.36
2050-03-15 22:00:00,-6789.67
2050-03-15 23:00:00,-4883.6
2050-03-16 00:00:00,-6161.93
2050-03-16 01:00:00,-4749.91
2050-03-16 02:00:00,-4476.51
2050-03-16 03:00:00,-3732.49
2050-03-16 04:00:00,-3873.51
2050-03-16 05:00:00,-4109.6
2050-03-16 06:00:00,-4096.62
2050-03-16 07:00:00,-3345.66
2050-03-16 08:00:00,-3043.89
2050-03-16 09:00:00,-3971.37
2050-03-16 10:00:00,-4358.21
2050-03-16 11:00:00,-3356.87
2050-03-16 12:00:00,-3581.98
2050-03-16 13:00:00,-2936.95
2050-03-16 14:00:00,-2371.72
2050-03-16 15:00:00,-1934.5
2050-03-16 16:00:00,-2803.87
2050-03-16 17:00:00,-3873.2
2050-03-16 18:00:00,-4458.63
2050-03-16 19:00:00,-4726.2
2050-03-16 20:00:00,-3454.05
2050-03-16 21:00:00,-3943.82
2050-03-16 22:00:00,-3756.78
2050-03-16 23:00:00,-4324.03
2050-03-17 00:00:00,-3827.91
2050-03-17 01:00:00,-3477.21
2050-03-17 02:00:00,-3551.7
2050-03-17 03:00:00,-3342.54
2050-03-17 04:00:00,-2498.67
2050-03-17 05:00:00,-1502.84
2050-03-17 06:00:00,-594.74
2050-03-17 07:00:00,-2365.89
2050-03-17 08:00:00,-1938.19
2050-03-17 09:00:00,-3209.82
2050-03-17 10:00:00,-4081.94
2050-03-17 11:00:00,-5737.74
2050-03-17 12:00:00,-6796.06
2050-03-17 13:00:00,-6720.87
2050-03-17 14:00:00,-5068.82
2050-03-17 15:00:00,-5752.08
2050-03-17 16:00:00,-3097.14
2050-03-17 17:00:00,-3310.05
2050-03-17 18:00:00,-2877.08
2050-03-17 19:00:00,-2026.94
2050-03-17 20:00:00,-2822.54
2050-03-17 21:00:00,-2270.83
2050-03-17 22:00:00,-5632.3
2050-03-17 23:00:00,-4023.18
2050-03-18 00:00:00,-3058.6
2050-03-18 01:00:00,-1571.68
2050-03-18 02:00:00,-1688.73
2050-03-18 03:00:00,151.89
2050-03-18 04:00:00,-681.3
2050-03-18 05:00:00,-1762.57
2050-03-18 06:00:00,-1801.69
2050-03-18 07:00:00,-4573.09
2050-03-18 08:00:00,-4531.52
2050-03-18 09:00:00,-4971.26
2050-03-18 10:00:00,-4955.84
2050-03-18 11:00:00,-5599.06
2050-03-18 12:00:00,-5680.38
2050-03-18 13:00:00,-5227.23
2050-03-18 14:00:00,-4938.83
2050-03-18 15:00:00,-3903.79
2050-03-18 16:00:00,-2289.0
2050-03-18 17:00:00,-2112.81
2050-03-18 18:00:00,-2297.72
2050-03-18 19:00:00,-3485.99
2050-03-18 20:00:00,-3942.93
2050-03-18 21:00:00,-3580.13
2050-03-18 22:00:00,-2056.93
2050-03-18 23:00:00,-2575.13
2050-03-19 00:00:00,-2691.59
2050-03-19 01:00:00,-5122.54
2050-03-19 02:00:00,-5358.72
2050-03-19 03:00:00,-8074.28
2050-03-19 04:00:00,-7886.79
2050-03-19 05:00:00,-7777.09
2050-03-19 06:00:00,-6612.34
2050-03-19 07:00:00,-5541.97
2050-03-19 08:00:00,-5176.51
2050-03-19 09:00:00,-4832.81
2050-03-19 10:00:00,-4503.85
2050-03-19 11:00:00,-3282.36
2050-03-19 12:00:00,-2269.81
2050-03-19 13:00:00,-981.9
2050-03-19 14:00:00,-1724.46
2050-03-19 15:00:00,-541.68
2050-03-19 16:00:00,-243.7
2050-03-19 17:00:00,-518.84
2050-03-19 18:00:00,502.99
2050-03-19 19:00:00,729.32
2050-03-19 20:00:00,1436.61
2050-03-19 21:00:00,508.27
2050-03-19 22:00:00,1414.91
2050-03-19 23:00:00,2226.23
2050-03-20 00:00:00,1558.38
2050-03-20 01:00:00,770.3
2050-03-20 02:00:00,185.21
2050-03-20 03:00:00,-783.58
2050-03-20 04:00:00,-1563.7
2050-03-20 05:00:00,-1723.24
2050-03-20 06:00:00,-1788.22
2050-03-20 07:00:00,-955.24
2050-03-20 08:00:00,-813.38
2050-03-20 09:00:00,-1260.7
2050-03-20 10:00:00,-1432.28
2050-03-20 11:00:00,-1655.92
2050-03-20 12:00:00,-2710.12
2050-03-20 13:00:00,-1706.75
2050-03-20 14:00:00,-5224.65
2050-03-20 15:00:00,-4535.98
2050-03-20 16:00:00,-5622.84
2050-03-20 17:00:00,-6380.21
2050-03-20 18:00:00,-5999.31
2050-03-20 19:00:00,-6127.25
2050-03-20 20:00:00,-6255.2
2050-03-20 21:00:00,-6264.61
2050-03-20 22:00:00,-6753.28
2050-03-20 23:00:00,-7202.09
2050-03-21 00:00:00,-6450.11
2050-03-21 01:00:00,-7926.11
2050-03-21 02:00:00,-8282.53
2050-03-21 03:00:00,-8382.71
2050-03-21 04:00:00,-7477.33
2050-03-21 05:00:00,-5084.43
2050-03-21 06:00:00,-4373.23
2050-03-21 07:00:00,-6531.7
2050-03-21 08:00:00,-6494.33
2050-03-21 09:00:00,-6480.45
2050-03-21 10:00:00,-6564.1
2050-03-21 11:00:00,-6046.55
2050-03-21 12:00:00,-5245.66
2050-03-21 13:00:00,-5365.89
2050-03-21 14:00:00,-5406.77
2050-03-21 15:00:00,-5823.21
2050-03-21 16:00:00,-4078.59
2050-03-21 17:00:00,-3657.41
2050-03-21 18:00:00,-4638.73
2050-03-21 19:00:00,-4057.03
2050-03-21 20:00:00,-5704.41
2050-03-21 21:00:00,-6119.57
2050-03-21 22:00:00,-6970.25
2050-03-21 23:00:00,-7433.94
2050-03-22 00:00:00,-7498.28
2050-03-22 01:00:00,-4940.96
2050-03-22 02:00:00,-6185.16
2050-03-22 03:00:00,-2610.75
2050-03-22 04:00:00,-5856.89
2050-03-22 05:00:00,-5908.86
2050-03-22 06:00:00,-7620.56
2050-03-22 07:00:00,-10104.48
2050-03-22 08:00:00,-11076.48
2050-03-22 09:00:00,-9060.44
2050-03-22 10:00:00,-9441.22
2050-03-22 11:00:00,-6535.05
2050-03-22 12:00:00,-9194.34
2050-03-22 13:00:00,-10815.0
2050-03-22 14:00:00,-8478.93
2050-03-22 15:00:00,-9009.77
2050-03-22 16:00:00,-9454.71
2050-03-22 17:00:00,-7756.53
2050-03-22 18:00:00,-6356.47
2050-03-22 19:00:00,-7146.71
2050-03-22 20:00:00,-7102.04
2050-03-22 21:00:00,-7158.71
2050-03-22 22:00:00,-7562.23
2050-03-22 23:00:00,-7857.78
2050-03-23 00:00:00,-8160.45
2050-03-23 01:00:00,-8441.13
2050-03-23 02:00:00,-8702.65
2050-03-23 03:00:00,-8791.98
2050-03-23 04:00:00,-8794.62
2050-03-23 05:00:00,-8503.89
2050-03-23 06:00:00,-9144.11
2050-03-23 07:00:00,-10405.18
2050-03-23 08:00:00,-10672.06
2050-03-23 09:00:00,-10375.16
2050-03-23 10:00:00,-9262.43
2050-03-23 11:00:00,-10327.58
2050-03-23 12:00:00,-10699.3
2050-03-23 13:00:00,-10018.48
2050-03-23 14:00:00,-8839.57
2050-03-23 15:00:00,-7785.0
2050-03-23 16:00:00,-5871.91
2050-03-23 17:00:00,-5260.68
2050-03-23 18:00:00,-4586.52
2050-03-23 19:00:00,-6078.08
2050-03-23 20:00:00,-6359.95
2050-03-23 21:00:00,-6979.05
2050-03-23 22:00:00,-7553.27
2050-03-23 23:00:00,-7242.17
2050-03-24 00:00:00,-8075.93
2050-03-24 01:00:00,-7146.37
2050-03-24 02:00:00,-7000.21
2050-03-24 03:00:00,-5941.01
2050-03-24 04:00:00,-5069.07
2050-03-24 05:00:00,-3044.66
2050-03-24 06:00:00,-4248.23
2050-03-24 07:00:00,-3576.18
2050-03-24 08:00:00,-3832.27
2050-03-24 09:00:00,-3831.76
2050-03-24 10:00:00,-5013.8
2050-03-24 11:00:00,-4124.25
2050-03-24 12:00:00,-4406.67
2050-03-24 13:00:00,-4983.79
2050-03-24 14:00:00,-5398.89
2050-03-24 15:00:00,-4999.25
2050-03-24 16:00:00,-4697.03
2050-03-24 17:00:00,-1918.73
2050-03-24 18:00:00,-2064.9
2050-03-24 19:00:00,-1782.15
2050-03-24 20:00:00,-265.75
2050-03-24 21:00:00,-912.83
2050-03-24 22:00:00,-1187.86
2050-03-24 23:00:00,-2533.77
2050-03-25 00:00:00,-6070.74
2050-03-25 01:00:00,-4505.73
2050-03-25 02:00:00,-4217.4
2050-03-25 03:00:00,-4353.23
2050-03-25 04:00:00,-4390.71
2050-03-25 05:00:00,-3911.37
2050-03-25 06:00:00,-3673.93
2050-03-25 07:00:00,-4651.71
2050-03-25 08:00:00,-5695.55
2050-03-25 09:00:00,-7540.34
2050-03-25 10:00:00,-8985.32
2050-03-25 11:00:00,-9227.76
2050-03-25 12:00:00,-9020.52
2050-03-25 13:00:00,-7483.4
2050-03-25 14:00:00,-8905.18
2050-03-25 15:00:00,-7907.72
2050-03-25 16:00:00,-6792.23
2050-03-25 17:00:00,-6042.47
2050-03-25 18:00:00,-3416.92
2050-03-25 19:00:00,-3085.01
2050-03-25 20:00:00,-3197.15
2050-03-25 21:00:00,-135.61
2050-03-25 22:00:00,-2916.53
2050-03-25 23:00:00,-2401.23
2050-03-26 00:00:00,-4737.57
2050-03-26 01:00:00,-6204.91
2050-03-26 02:00:00,-7525.6
2050-03-26 03:00:00,-6771.34
2050-03-26 04:00:00,-6854.58
2050-03-26 05:00:00,-7349.23
2050-03-26 06:00:00,-6848.54
2050-03-26 07:00:00,-7714.14
2050-03-26 08:00:00,-7905.66
2050-03-26 09:00:00,-5034.34
2050-03-26 10:00:00,-6400.13
2050-03-26 11:00:00,-4475.97
2050-03-26 12:00:00,-3700.0
2050-03-26 13:00:00,-2509.25
2050-03-26 14:00:00,-3348.09
2050-03-26 15:00:00,-4317.39
2050-03-26 16:00:00,-4028.77
2050-03-26 17:00:00,-3946.72
2050-03-26 18:00:00,-3797.18
2050-03-26 19:00:00,-3925.92
2050-03-26 20:00:00,-4119.47
2050-03-26 21:00:00,-4964.33
2050-03-26 22:00:00,-3819.65
2050-03-26 23:00:00,-2790.51
2050-03-27 00:00:00,-1168.29
2050-03-27 01:00:00,-1579.88
2050-03-27 02:00:00,-2159.62
2050-03-27 03:00:00,-1867.04
2050-03-27 04:00:00,-2226.91
2050-03-27 05:00:00,-762.49
2050-03-27 06:00:00,-1374.26
2050-03-27 07:00:00,-2888.97
2050-03-27 08:00:00,-2885.96
2050-03-27 09:00:00,-1871.01
2050-03-27 10:00:00,-1905.52
2050-03-27 11:00:00,-2526.71
2050-03-27 12:00:00,-2190.98
2050-03-27 13:00:00,-940.49
2050-03-27 14:00:00,-729.25
2050-03-27 15:00:00,169.1
2050-03-27 16:00:00,1417.21
2050-03-27 17:00:00,2153.1
2050-03-27 18:00:00,2282.68
2050-03-27 19:00:00,1784.28
2050-03-27 20:00:00,1583.28
2050-03-27 21:00:00,-230.2
2050-03-27 22:00:00,928.95
2050-03-27 23:00:00,975.72
2050-03-28 00:00:00,-2525.04
2050-03-28 01:00:00,-1209.5
2050-03-28 02:00:00,-3642.54
2050-03-28 03:00:00,-4464.57
2050-03-28 04:00:00,-3582.69
2050-03-28 05:00:00,-3710.6
2050-03-28 06:00:00,-4623.15
2050-03-28 07:00:00,-5130.87
2050-03-28 08:00:00,-4776.86
2050-03-28 09:00:00,-5007.74
2050-03-28 10:00:00,-4611.69
2050-03-28 11:00:00,-6058.48
2050-03-28 12:00:00,-6017.52
2050-03-28 13:00:00,-4578.7
2050-03-28 14:00:00,-5743.0
2050-03-28 15:00:00,-5302.46
2050-03-28 16:00:00,-3180.63
2050-03-28 17:00:00,-4568.45
2050-03-28 18:00:00,-7308.42
2050-03-28 19:00:00,-5298.31
2050-03-28 20:00:00,-6396.37
2050-03-28 21:00:00,-6979.61
2050-03-28 22:00:00,-7126.06
2050-03-28 23:00:00,-7246.23
2050-03-29 00:00:00,-7640.88
2050-03-29 01:00:00,-7834.22
2050-03-29 02:00:00,-7174.11
2050-03-29 03:00:00,-7626.62
2050-03-29 04:00:00,-8285.2
2050-03-29 05:00:00,-8316.75
2050-03-29 06:00:00,-8130.59
2050-03-29 07:00:00,-6896.95
2050-03-29 08:00:00,-5725.49
2050-03-29 09:00:00,-6677.32
2050-03-29 10:00:00,-5020.88
2050-03-29 11:00:00,-4699.93
2050-03-29 12:00:00,-4154.6
2050-03-29 13:00:00,-3222.26
2050-03-29 14:00:00,-4613.44
2050-03-29 15:00:00,-2862.72
2050-03-29 16:00:00,-3850.54
2050-03-29 17:00:00,-4118.11
2050-03-29 18:00:00,-3163.63
2050-03-29 19:00:00,-3392.77
2050-03-29 20:00:00,-3928.72
2050-03-29 21:00:00,-4452.04
2050-03-29 22:00:00,-4311.69
2050-03-29 23:00:00,-5269.15
2050-03-30 00:00:00,-4374.39
2050-03-30 01:00:00,-3499.52
2050-03-30 02:00:00,-4822.83
2050-03-30 03:00:00,-4892.44
2050-03-30 04:00:00,-4861.36
2050-03-30 05:00:00,-5195.49
2050-03-30 06:00:00,-5013.59
2050-03-30 07:00:00,-3598.1
2050-03-30 08:00:00,-3266.22
2050-03-30 09:00:00,-2600.72
2050-03-30 10:00:00,-2776.58
2050-03-30 11:00:00,-1186.64
2050-03-30 12:00:00,-4501.24
2050-03-30 13:00:00,-4628.04
2050-03-30 14:00:00,-2770.91
2050-03-30 15:00:00,-3361.76
2050-03-30 16:00:00,-3858.44
2050-03-30 17:00:00,-4485.61
2050-03-30 18:00:00,-3100.37
2050-03-30 19:00:00,-3237.45
2050-03-30 20:00:00,-2737.2
2050-03-30 21:00:00,-3532.1
2050-03-30 22:00:00,-5047.72
2050-03-30 23:00:00,-4830.92
2050-03-31 00:00:00,-5215.66
2050-03-31 01:00:00,-5952.54
2050-03-31 02:00:00,-7599.71
2050-03-31 03:00:00,-7826.21
2050-03-31 04:00:00,-7995.12
2050-03-31 05:00:00,-7973.37
2050-03-31 06:00:00,-8840.6
2050-03-31 07:00:00,-9727.73
2050-03-31 08:00:00,-11075.67
2050-03-31 09:00:00,-11872.53
2050-03-31 10:00:00,-12314.58
2050-03-31 11:00:00,-12684.81
2050-03-31 12:00:00,-11783.75
2050-03-31 13:00:00,-12288.08
2050-03-31 14:00:00,-12199.08
2050-03-31 15:00:00,-11267.69
2050-03-31 16:00:00,-9888.27
2050-03-31 17:00:00,-8330.84
2050-03-31 18:00:00,-7334.19
2050-03-31 19:00:00,-7057.35
2050-03-31 20:00:00,-7025.26
2050-03-31 21:00:00,-7068.38
2050-03-31 22:00:00,-7258.63
2050-03-31 23:00:00,-7504.8
2050-04-01 00:00:00,-7677.83
2050-04-01 01:00:00,-7782.29
2050-04-01 02:00:00,-7983.78
2050-04-01 03:00:00,-8067.6
2050-04-01 04:00:00,-8110.2
2050-04-01 05:00:00,-8096.96
2050-04-01 06:00:00,-8063.54
2050-04-01 07:00:00,-7951.89
2050-04-01 08:00:00,-8425.98
2050-04-01 09:00:00,-8684.82
2050-04-01 10:00:00,-8472.85
2050-04-01 11:00:00,-8629.6
2050-04-01 12:00:00,-9047.71
2050-04-01 13:00:00,-9113.07
2050-04-01 14:00:00,-8521.29
2050-04-01 15:00:00,-7874.54
2050-04-01 16:00:00,-7563.5
2050-04-01 17:00:00,-6940.92
2050-04-01 18:00:00,-5635.79
2050-04-01 19:00:00,-6429.4
2050-04-01 20:00:00,-5649.02
2050-04-01 21:00:00,-5911.52
2050-04-01 22:00:00,-2713.84
2050-04-01 23:00:00,-4918.57
2050-04-02 00:00:00,-6704.92
2050-04-02 01:00:00,-6530.1
2050-04-02 02:00:00,-6930.38
2050-04-02 03:00:00,-7860.78
2050-04-02 04:00:00,-7429.32
2050-04-02 05:00:00,-8669.51
2050-04-02 06:00:00,-8576.58
2050-04-02 07:00:00,-8699.42
2050-04-02 08:00:00,-7059.56
2050-04-02 09:00:00,-5805.54
2050-04-02 10:00:00,-5032.46
2050-04-02 11:00:00,-4869.65
2050-04-02 12:00:00,-4296.28
2050-04-02 13:00:00,-4463.3
2050-04-02 14:00:00,-4645.59
2050-04-02 15:00:00,-3582.74
2050-04-02 16:00:00,-3971.52
2050-04-02 17:00:00,-4709.7
2050-04-02 18:00:00,-3888.46
2050-04-02 19:00:00,-2789.91
2050-04-02 20:00:00,-3775.14
2050-04-02 21:00:00,-2554.35
2050-04-02 22:00:00,-3777.35
2050-04-02 23:00:00,-6716.99
2050-04-03 00:00:00,-7278.97
2050-04-03 01:00:00,-7360.46
2050-04-03 02:00:00,-7213.15
2050-04-03 03:00:00,-6652.3
2050-04-03 04:00:00,-5483.19
2050-04-03 05:00:00,-6746.55
2050-04-03 06:00:00,-7448.93
2050-04-03 07:00:00,-5953.34
2050-04-03 08:00:00,-5639.76
2050-04-03 09:00:00,-7581.17
2050-04-03 10:00:00,-7468.85
2050-04-03 11:00:00,-6564.97
2050-04-03 12:00:00,-7732.1
2050-04-03 13:00:00,-6408.5
2050-04-03 14:00:00,-7350.14
2050-04-03 15:00:00,-6852.31
2050-04-03 16:00:00,-7169.14
2050-04-03 17:00:00,-7344.97
2050-04-03 18:00:00,-6927.69
2050-04-03 19:00:00,-5434.9
2050-04-03 20:00:00,-4007.65
2050-04-03 21:00:00,-6540.19
2050-04-03 22:00:00,-7226.67
2050-04-03 23:00:00,-6196.13
2050-04-04 00:00:00,-7070.58
2050-04-04 01:00:00,-7864.12
2050-04-04 02:00:00,-8527.62
2050-04-04 03:00:00,-8777.97
2050-04-04 04:00:00,-8881.25
2050-04-04 05:00:00,-8907.87
2050-04-04 06:00:00,-8948.01
2050-04-04 07:00:00,-8713.72
2050-04-04 08:00:00,-8466.13
2050-04-04 09:00:00,-8141.63
2050-04-04 10:00:00,-11845.66
2050-04-04 11:00:00,-10422.77
2050-04-04 12:00:00,-9437.81
2050-04-04 13:00:00,-4492.24
2050-04-04 14:00:00,-1932.86
2050-04-04 15:00:00,-1568.59
2050-04-04 16:00:00,-52.24
2050-04-04 17:00:00,-595.18
2050-04-04 18:00:00,-4011.54
2050-04-04 19:00:00,-2454.31
2050-04-04 20:00:00,-1045.34
2050-04-04 21:00:00,-3485.38
2050-04-04 22:00:00,-4865.32
2050-04-04 23:00:00,-6754.81
2050-04-05 00:00:00,-7342.5
2050-04-05 01:00:00,-4418.11
2050-04-05 02:00:00,-2697.62
2050-04-05 03:00:00,-2110.13
2050-04-05 04:00:00,-3052.81
2050-04-05 05:00:00,-4178.38
2050-04-05 06:00:00,-5040.06
2050-04-05 07:00:00,-6899.35
2050-04-05 08:00:00,-5964.42
2050-04-05 09:00:00,-5188.02
2050-04-05 10:00:00,-4062.06
2050-04-05 11:00:00,-7221.64
2050-04-05 12:00:00,-7045.28
2050-04-05 13:00:00,-8625.82
2050-04-05 14:00:00,-9702.99
2050-04-05 15:00:00,-8916.24
2050-04-05 16:00:00,-7034.03
2050-04-05 17:00:00,-6628.37
2050-04-05 18:00:00,-5670.29
2050-04-05 19:00:00,-5824.04
2050-04-05 20:00:00,-6477.82
2050-04-05 21:00:00,-6757.18
2050-04-05 22:00:00,-7178.32
2050-04-05 23:00:00,-4461.14
2050-04-06 00:00:00,-4271.42
2050-04-06 01:00:00,-1961.25
2050-04-06 02:00:00,-1317.61
2050-04-06 03:00:00,-2486.38
2050-04-06 04:00:00,-2576.81
2050-04-06 05:00:00,-4183.49
2050-04-06 06:00:00,-3859.19
2050-04-06 07:00:00,-5482.29
2050-04-06 08:00:00,-5853.32
2050-04-06 09:00:00,-6860.04
2050-04-06 10:00:00,-7234.99
2050-04-06 11:00:00,-9324.56
2050-04-06 12:00:00,-9698.9
2050-04-06 13:00:00,-7577.15
2050-04-06 14:00:00,-7731.55
2050-04-06 15:00:00,-9182.43
2050-04-06 16:00:00,-8773.97
2050-04-06 17:00:00,-7124.84
2050-04-06 18:00:00,-6313.24
2050-04-06 19:00:00,-5931.81
2050-04-06 20:00:00,-6293.51
2050-04-06 21:00:00,-6530.32
2050-04-06 22:00:00,-6957.02
2050-04-06 23:00:00,-7220.45
2050-04-07 00:00:00,-6299.09
2050-04-07 01:00:00,-7720.37
2050-04-07 02:00:00,-8133.3
2050-04-07 03:00:00,-8018.64
2050-04-07 04:00:00,-7266.48
2050-04-07 05:00:00,-6611.24
2050-04-07 06:00:00,-8710.45
2050-04-07 07:00:00,-7654.01
2050-04-07 08:00:00,-6180.0
2050-04-07 09:00:00,-6151.44
2050-04-07 10:00:00,-9087.88
2050-04-07 11:00:00,-5170.69
2050-04-07 12:00:00,-5617.07
2050-04-07 13:00:00,-7023.36
2050-04-07 14:00:00,-8112.79
2050-04-07 15:00:00,-6574.57
2050-04-07 16:00:00,-6643.66
2050-04-07 17:00:00,-6008.45
2050-04-07 18:00:00,-4926.44
2050-04-07 19:00:00,-5359.12
2050-04-07 20:00:00,-5583.59
2050-04-07 21:00:00,-6131.58
2050-04-07 22:00:00,-5777.25
2050-04-07 23:00:00,-6767.19
2050-04-08 00:00:00,-7395.32
2050-04-08 01:00:00,-5582.19
2050-04-08 02:00:00,-4779.45
2050-04-08 03:00:00,-7903.29
2050-04-08 04:00:00,-7565.47
2050-04-08 05:00:00,-8398.13
2050-04-08 06:00:00,-8003.66
2050-04-08 07:00:00,-9126.44
2050-04-08 08:00:00,-9761.33
2050-04-08 09:00:00,-7910.66
2050-04-08 10:00:00,-7876.51
2050-04-08 11:00:00,-5515.24
2050-04-08 12:00:00,-3513.67
2050-04-08 13:00:00,-1653.3
2050-04-08 14:00:00,-1885.01
2050-04-08 15:00:00,-1244.54
2050-04-08 16:00:00,-1461.19
2050-04-08 17:00:00,-2322.96
2050-04-08 18:00:00,-3051.04
2050-04-08 19:00:00,-3100.99
2050-04-08 20:00:00,-2730.92
2050-04-08 21:00:00,-2343.67
2050-04-08 22:00:00,-2745.81
2050-04-08 23:00:00,-1221.38
2050-04-09 00:00:00,-1861.87
2050-04-09 01:00:00,-2458.71
2050-04-09 02:00:00,-1069.36
2050-04-09 03:00:00,38.58
2050-04-09 04:00:00,530.76
2050-04-09 05:00:00,962.54
2050-04-09 06:00:00,-595.09
2050-04-09 07:00:00,-2893.77
2050-04-09 08:00:00,-4102.81
2050-04-09 09:00:00,-4834.0
2050-04-09 10:00:00,-5031.86
2050-04-09 11:00:00,-7282.27
2050-04-09 12:00:00,-5419.89
2050-04-09 13:00:00,-2637.35
2050-04-09 14:00:00,-5143.41
2050-04-09 15:00:00,-6432.26
2050-04-09 16:00:00,-4144.51
2050-04-09 17:00:00,-3334.75
2050-04-09 18:00:00,-1583.71
2050-04-09 19:00:00,-369.76
2050-04-09 20:00:00,-100.85
2050-04-09 21:00:00,-1467.2
2050-04-09 22:00:00,-1736.31
2050-04-09 23:00:00,-1638.96
2050-04-10 00:00:00,-1582.25
2050-04-10 01:00:00,-552.81
2050-04-10 02:00:00,-313.9
2050-04-10 03:00:00,-382.55
2050-04-10 04:00:00,-499.55
2050-04-10 05:00:00,181.92
2050-04-10 06:00:00,-1396.11
2050-04-10 07:00:00,-2132.98
2050-04-10 08:00:00,-2534.14
2050-04-10 09:00:00,-4567.15
2050-04-10 10:00:00,-5134.04
2050-04-10 11:00:00,-6015.19
2050-04-10 12:00:00,-7868.69
2050-04-10 13:00:00,-7414.96
2050-04-10 14:00:00,-5625.14
2050-04-10 15:00:00,-7002.49
2050-04-10 16:00:00,-7866.06
2050-04-10 17:00:00,-7744.53
2050-04-10 18:00:00,-7026.77
2050-04-10 19:00:00,-7098.65
2050-04-10 20:00:00,-7026.24
2050-04-10 21:00:00,-7102.33
2050-04-10 22:00:00,-7309.84
2050-04-10 23:00:00,-6249.42
2050-04-11 00:00:00,-6163.91
2050-04-11 01:00:00,-6346.54
2050-04-11 02:00:00,-5382.01
2050-04-11 03:00:00,-4590.48
2050-04-11 04:00:00,-4982.59
2050-04-11 05:00:00,-5032.9
2050-04-11 06:00:00,-5026.73
2050-04-11 07:00:00,-4178.21
2050-04-11 08:00:00,-4017.64
2050-04-11 09:00:00,-4558.38
2050-04-11 10:00:00,-4488.55
2050-04-11 11:00:00,-4368.34
2050-04-11 12:00:00,-5010.87
2050-04-11 13:00:00,-4530.67
2050-04-11 14:00:00,-4228.58
2050-04-11 15:00:00,-6865.76
2050-04-11 16:00:00,-7310.5
2050-04-11 17:00:00,-7032.1
2050-04-11 18:00:00,-6560.62
2050-04-11 19:00:00,-6574.29
2050-04-11 20:00:00,-6732.36
2050-04-11 21:00:00,-7015.7
2050-04-11 22:00:00,-7402.44
2050-04-11 23:00:00,-7698.83
2050-04-12 00:00:00,-7954.13
2050-04-12 01:00:00,-8066.91
2050-04-12 02:00:00,-6896.58
2050-04-12 03:00:00,-8267.48
2050-04-12 04:00:00,-7493.04
2050-04-12 05:00:00,-6117.89
2050-04-12 06:00:00,-5452.02
2050-04-12 07:00:00,-5524.74
2050-04-12 08:00:00,-4435.65
2050-04-12 09:00:00,-3462.07
2050-04-12 10:00:00,-3839.88
2050-04-12 11:00:00,-5509.08
2050-04-12 12:00:00,-6709.08
2050-04-12 13:00:00,-3357.51
2050-04-12 14:00:00,-2668.83
2050-04-12 15:00:00,-2844.26
2050-04-12 16:00:00,-2463.04
2050-04-12 17:00:00,-1500.69
2050-04-12 18:00:00,-3279.57
2050-04-12 19:00:00,-6321.19
2050-04-12 20:00:00,-6970.74
2050-04-12 21:00:00,-7135.97
2050-04-12 22:00:00,-7432.42
2050-04-12 23:00:00,-7768.42
2050-04-13 00:00:00,-8091.11
2050-04-13 01:00:00,-8171.67
2050-04-13 02:00:00,-8238.89
2050-04-13 03:00:00,-7450.28
2050-04-13 04:00:00,-7030.34
2050-04-13 05:00:00,-6011.49
2050-04-13 06:00:00,-6195.85
2050-04-13 07:00:00,-8296.23
2050-04-13 08:00:00,-8374.4
2050-04-13 09:00:00,-8781.38
2050-04-13 10:00:00,-7401.94
2050-04-13 11:00:00,-8966.08
2050-04-13 12:00:00,-5444.0
2050-04-13 13:00:00,-6289.65
2050-04-13 14:00:00,-6523.92
2050-04-13 15:00:00,-6957.23
2050-04-13 16:00:00,-7688.88
2050-04-13 17:00:00,-7659.46
2050-04-13 18:00:00,-6594.18
2050-04-13 19:00:00,-5727.38
2050-04-13 20:00:00,-7014.41
2050-04-13 21:00:00,-7091.16
2050-04-13 22:00:00,-7436.06
2050-04-13 23:00:00,-7770.0
2050-04-14 00:00:00,-7911.16
2050-04-14 01:00:00,-7587.07
2050-04-14 02:00:00,-5366.58
2050-04-14 03:00:00,-6555.73
2050-04-14 04:00:00,-6386.51
2050-04-14 05:00:00,-6711.91
2050-04-14 06:00:00,-6777.13
2050-04-14 07:00:00,-3525.57
2050-04-14 08:00:00,-1564.99
2050-04-14 09:00:00,-2001.36
2050-04-14 10:00:00,-1482.6
2050-04-14 11:00:00,-874.89
2050-04-14 12:00:00,-532.49
2050-04-14 13:00:00,-1380.61
2050-04-14 14:00:00,-386.62
2050-04-14 15:00:00,-2162.73
2050-04-14 16:00:00,-1187.83
2050-04-14 17:00:00,-2531.27
2050-04-14 18:00:00,-5067.35
2050-04-14 19:00:00,-6454.5
2050-04-14 20:00:00,-5573.02
2050-04-14 21:00:00,-6355.01
2050-04-14 22:00:00,-6858.76
2050-04-14 23:00:00,-6790.63
2050-04-15 00:00:00,-8071.05
2050-04-15 01:00:00,-7975.75
2050-04-15 02:00:00,-8034.35
2050-04-15 03:00:00,-8050.52
2050-04-15 04:00:00,-8028.71
2050-04-15 05:00:00,-7865.94
2050-04-15 06:00:00,-5014.24
2050-04-15 07:00:00,-2746.99
2050-04-15 08:00:00,-1147.16
2050-04-15 09:00:00,-3201.34
2050-04-15 10:00:00,-4014.3
2050-04-15 11:00:00,-6520.29
2050-04-15 12:00:00,-6169.73
2050-04-15 13:00:00,-6603.67
2050-04-15 14:00:00,-6191.14
2050-04-15 15:00:00,-9744.93
2050-04-15 16:00:00,-7130.44
2050-04-15 17:00:00,-5353.31
2050-04-15 18:00:00,-3880.06
2050-04-15 19:00:00,-4969.42
2050-04-15 20:00:00,-5274.39
2050-04-15 21:00:00,-6631.0
2050-04-15 22:00:00,-7265.69
2050-04-15 23:00:00,-6759.96
2050-04-16 00:00:00,-5898.75
2050-04-16 01:00:00,-7063.47
2050-04-16 02:00:00,-7639.57
2050-04-16 03:00:00,-8495.4
2050-04-16 04:00:00,-8694.33
2050-04-16 05:00:00,-7309.26
2050-04-16 06:00:00,-9737.04
2050-04-16 07:00:00,-10574.61
2050-04-16 08:00:00,-10775.31
2050-04-16 09:00:00,-11128.76
2050-04-16 10:00:00,-11869.36
2050-04-16 11:00:00,-11591.21
2050-04-16 12:00:00,-11343.56
2050-04-16 13:00:00,-11268.39
2050-04-16 14:00:00,-8197.0
2050-04-16 15:00:00,-8442.79
2050-04-16 16:00:00,-7374.59
2050-04-16 17:00:00,-6633.27
2050-04-16 18:00:00,-4404.08
2050-04-16 19:00:00,-7003.6
2050-04-16 20:00:00,-6979.76
2050-04-16 21:00:00,-7119.43
2050-04-16 22:00:00,-7179.76
2050-04-16 23:00:00,-6663.43
2050-04-17 00:00:00,-4496.08
2050-04-17 01:00:00,-4575.56
2050-04-17 02:00:00,-4981.76
2050-04-17 03:00:00,-5525.75
2050-04-17 04:00:00,-3337.03
2050-04-17 05:00:00,-1895.41
2050-04-17 06:00:00,-3672.75
2050-04-17 07:00:00,-5681.57
2050-04-17 08:00:00,-4343.68
2050-04-17 09:00:00,-3272.18
2050-04-17 10:00:00,-4713.91
2050-04-17 11:00:00,-5163.88
2050-04-17 12:00:00,-4230.7
2050-04-17 13:00:00,-3827.13
2050-04-17 14:00:00,-3453.33
2050-04-17 15:00:00,-1371.5
2050-04-17 16:00:00,-1081.31
2050-04-17 17:00:00,-905.05
2050-04-17 18:00:00,-1825.81
2050-04-17 19:00:00,-3772.83
2050-04-17 20:00:00,-1700.02
2050-04-17 21:00:00,-3115.85
2050-04-17 22:00:00,-2714.02
2050-04-17 23:00:00,-3017.81
2050-04-18 00:00:00,-2377.43
2050-04-18 01:00:00,-3510.06
2050-04-18 02:00:00,-1289.78
2050-04-18 03:00:00,-1550.39
2050-04-18 04:00:00,-219.26
2050-04-18 05:00:00,-696.78
2050-04-18 06:00:00,-1287.13
2050-04-18 07:00:00,-2099.56
2050-04-18 08:00:00,-1865.09
2050-04-18 09:00:00,-2642.42
2050-04-18 10:00:00,-4960.87
2050-04-18 11:00:00,-4619.2
2050-04-18 12:00:00,-3395.44
2050-04-18 13:00:00,-1779.91
2050-04-18 14:00:00,-3882.52
2050-04-18 15:00:00,-3984.36
2050-04-18 16:00:00,-6569.82
2050-04-18 17:00:00,-4965.51
2050-04-18 18:00:00,-6085.95
2050-04-18 19:00:00,-7012.98
2050-04-18 20:00:00,-7006.07
2050-04-18 21:00:00,-6769.68
2050-04-18 22:00:00,-7228.74
2050-04-18 23:00:00,-7474.35
2050-04-19 00:00:00,-7757.54
2050-04-19 01:00:00,-7874.19
2050-04-19 02:00:00,-7919.97
2050-04-19 03:00:00,-6108.79
2050-04-19 04:00:00,-4419.21
2050-04-19 05:00:00,-4263.35
2050-04-19 06:00:00,-5416.79
2050-04-19 07:00:00,-6520.85
2050-04-19 08:00:00,-8324.31
2050-04-19 09:00:00,-6056.69
2050-04-19 10:00:00,-9723.54
2050-04-19 11:00:00,-9004.13
2050-04-19 12:00:00,-9323.1
2050-04-19 13:00:00,-8751.86
2050-04-19 14:00:00,-10131.09
2050-04-19 15:00:00,-8544.49
2050-04-19 16:00:00,-8858.96
2050-04-19 17:00:00,-7390.3
2050-04-19 18:00:00,-6957.72
2050-04-19 19:00:00,-7011.95
2050-04-19 20:00:00,-7006.32
2050-04-19 21:00:00,-6771.24
2050-04-19 22:00:00,-6889.81
2050-04-19 23:00:00,-7450.33
2050-04-20 00:00:00,-8075.68
2050-04-20 01:00:00,-8164.5
2050-04-20 02:00:00,-8293.78
2050-04-20 03:00:00,-8386.9
2050-04-20 04:00:00,-8389.14
2050-04-20 05:00:00,-8011.55
2050-04-20 06:00:00,-9642.78
2050-04-20 07:00:00,-10139.16
2050-04-20 08:00:00,-11264.91
2050-04-20 09:00:00,-11725.82
2050-04-20 10:00:00,-12241.55
2050-04-20 11:00:00,-9421.98
2050-04-20 12:00:00,-11578.85
2050-04-20 13:00:00,-8944.42
2050-04-20 14:00:00,-9444.98
2050-04-20 15:00:00,-5943.74
2050-04-20 16:00:00,-2830.19
2050-04-20 17:00:00,-1658.48
2050-04-20 18:00:00,-2704.17
2050-04-20 19:00:00,-3018.2
2050-04-20 20:00:00,-3049.77
2050-04-20 21:00:00,-2861.48
2050-04-20 22:00:00,-2920.84
2050-04-20 23:00:00,-4384.06
2050-04-21 00:00:00,-5073.25
2050-04-21 01:00:00,-4586.18
2050-04-21 02:00:00,-3892.92
2050-04-21 03:00:00,-4786.74
2050-04-21 04:00:00,-4839.8
2050-04-21 05:00:00,-3308.02
2050-04-21 06:00:00,-4521.56
2050-04-21 07:00:00,-3509.99
2050-04-21 08:00:00,-5530.58
2050-04-21 09:00:00,-7817.46
2050-04-21 10:00:00,-9953.74
2050-04-21 11:00:00,-11222.36
2050-04-21 12:00:00,-10935.71
2050-04-21 13:00:00,-9542.32
2050-04-21 14:00:00,-8834.83
2050-04-21 15:00:00,-6984.74
2050-04-21 16:00:00,-4358.53
2050-04-21 17:00:00,-5407.53
2050-04-21 18:00:00,-6560.63
2050-04-21 19:00:00,-6723.96
2050-04-21 20:00:00,-6730.02
2050-04-21 21:00:00,-6162.26
2050-04-21 22:00:00,-3146.17
2050-04-21 23:00:00,-2914.33
2050-04-22 00:00:00,-2241.89
2050-04-22 01:00:00,-3998.2
2050-04-22 02:00:00,-4170.27
2050-04-22 03:00:00,-3667.58
2050-04-22 04:00:00,-2829.12
2050-04-22 05:00:00,-3146.08
2050-04-22 06:00:00,-4386.52
2050-04-22 07:00:00,-3769.57
2050-04-22 08:00:00,-4909.61
2050-04-22 09:00:00,-6033.54
2050-04-22 10:00:00,-7305.69
2050-04-22 11:00:00,-8332.42
2050-04-22 12:00:00,-8274.07
2050-04-22 13:00:00,-9107.7
2050-04-22 14:00:00,-8330.52
2050-04-22 15:00:00,-7267.9
2050-04-22 16:00:00,-8558.94
2050-04-22 17:00:00,-6736.96
2050-04-22 18:00:00,-3281.3
2050-04-22 19:00:00,-4016.5
2050-04-22 20:00:00,-4528.86
2050-04-22 21:00:00,-4651.56
2050-04-22 22:00:00,-3399.55
2050-04-22 23:00:00,-3036.73
2050-04-23 00:00:00,-5325.66
2050-04-23 01:00:00,-6096.05
2050-04-23 02:00:00,-5279.95
2050-04-23 03:00:00,-3366.46
2050-04-23 04:00:00,-4116.2
2050-04-23 05:00:00,-2765.19
2050-04-23 06:00:00,-3067.62
2050-04-23 07:00:00,-18.19
2050-04-23 08:00:00,-1728.37
2050-04-23 09:00:00,-702.63
2050-04-23 10:00:00,734.77
2050-04-23 11:00:00,-170.6
2050-04-23 12:00:00,554.52
2050-04-23 13:00:00,-62.55
2050-04-23 14:00:00,1408.99
2050-04-23 15:00:00,855.7
2050-04-23 16:00:00,34.02
2050-04-23 17:00:00,1272.5
2050-04-23 18:00:00,369.81
2050-04-23 19:00:00,-843.03
2050-04-23 20:00:00,-3367.7
2050-04-23 21:00:00,-4869.89
2050-04-23 22:00:00,-5645.49
2050-04-23 23:00:00,-6127.76
2050-04-24 00:00:00,-5481.67
2050-04-24 01:00:00,-4556.06
2050-04-24 02:00:00,-5894.34
2050-04-24 03:00:00,-4710.95
2050-04-24 04:00:00,-5108.74
2050-04-24 05:00:00,-3822.9
2050-04-24 06:00:00,-5567.17
2050-04-24 07:00:00,-6359.54
2050-04-24 08:00:00,-6874.59
2050-04-24 09:00:00,-7580.25
2050-04-24 10:00:00,-8493.94
2050-04-24 11:00:00,-7264.55
2050-04-24 12:00:00,-6407.39
2050-04-24 13:00:00,-6663.59
2050-04-24 14:00:00,-5642.87
2050-04-24 15:00:00,-3466.78
2050-04-24 16:00:00,-3264.02
2050-04-24 17:00:00,-2690.24
2050-04-24 18:00:00,-2613.34
2050-04-24 19:00:00,-4787.52
2050-04-24 20:00:00,-3744.63
2050-04-24 21:00:00,-2218.08
2050-04-24 22:00:00,-1391.32
2050-04-24 23:00:00,-1099.51
2050-04-25 00:00:00,-2729.17
2050-04-25 01:00:00,-3138.41
2050-04-25 02:00:00,-2952.08
2050-04-25 03:00:00,-2370.22
2050-04-25 04:00:00,-2731.0
2050-04-25 05:00:00,-2835.88
2050-04-25 06:00:00,-3534.41
2050-04-25 07:00:00,-6254.39
2050-04-25 08:00:00,-7507.29
2050-04-25 09:00:00,-6932.36
2050-04-25 10:00:00,-6880.53
2050-04-25 11:00:00,-4406.08
2050-04-25 12:00:00,-4694.7
2050-04-25 13:00:00,-1958.29
2050-04-25 14:00:00,-501.06
2050-04-25 15:00:00,-600.55
2050-04-25 16:00:00,-1978.78
2050-04-25 17:00:00,-1113.28
2050-04-25 18:00:00,-357.84
2050-04-25 19:00:00,388.19
2050-04-25 20:00:00,347.48
2050-04-25 21:00:00,-1372.34
2050-04-25 22:00:00,-2233.01
2050-04-25 23:00:00,-4957.14
2050-04-26 00:00:00,-6927.2
2050-04-26 01:00:00,-4335.29
2050-04-26 02:00:00,-5255.04
2050-04-26 03:00:00,-6804.38
2050-04-26 04:00:00,-5782.22
2050-04-26 05:00:00,-4921.07
2050-04-26 06:00:00,-6019.69
2050-04-26 07:00:00,-5240.45
2050-04-26 08:00:00,-5317.49
2050-04-26 09:00:00,-7779.43
2050-04-26 10:00:00,-7304.32
2050-04-26 11:00:00,-8484.48
2050-04-26 12:00:00,-4643.77
2050-04-26 13:00:00,-1379.26
2050-04-26 14:00:00,-1530.19
2050-04-26 15:00:00,-2527.21
2050-04-26 16:00:00,-645.32
2050-04-26 17:00:00,-3061.6
2050-04-26 18:00:00,-3471.35
2050-04-26 19:00:00,-707.02
2050-04-26 20:00:00,-884.22
2050-04-26 21:00:00,282.44
2050-04-26 22:00:00,-1383.06
2050-04-26 23:00:00,-2344.95
2050-04-27 00:00:00,-2338.48
2050-04-27 01:00:00,-2504.2
2050-04-27 02:00:00,-1906.29
2050-04-27 03:00:00,-1236.63
2050-04-27 04:00:00,-1847.37
2050-04-27 05:00:00,-1716.67
2050-04-27 06:00:00,-2495.39
2050-04-27 07:00:00,-3085.52
2050-04-27 08:00:00,-4245.25
2050-04-27 09:00:00,-4704.03
2050-04-27 10:00:00,-6867.54
2050-04-27 11:00:00,-5803.14
2050-04-27 12:00:00,-921.59
2050-04-27 13:00:00,-2996.17
2050-04-27 14:00:00,-1059.72
2050-04-27 15:00:00,-2051.12
2050-04-27 16:00:00,-2334.74
2050-04-27 17:00:00,95.91
2050-04-27 18:00:00,-843.29
2050-04-27 19:00:00,-2096.92
2050-04-27 20:00:00,-2981.75
2050-04-27 21:00:00,-2062.13
2050-04-27 22:00:00,-1792.76
2050-04-27 23:00:00,-2243.83
2050-04-28 00:00:00,-1454.87
2050-04-28 01:00:00,-615.2
2050-04-28 02:00:00,-1147.86
2050-04-28 03:00:00,-2220.8
2050-04-28 04:00:00,-1900.24
2050-04-28 05:00:00,-603.06
2050-04-28 06:00:00,-2952.82
2050-04-28 07:00:00,-2310.49
2050-04-28 08:00:00,-3499.08
2050-04-28 09:00:00,-4071.2
2050-04-28 10:00:00,-3180.13
2050-04-28 11:00:00,-2710.96
2050-04-28 12:00:00,-3353.52
2050-04-28 13:00:00,-3148.18
2050-04-28 14:00:00,-3608.53
2050-04-28 15:00:00,-4791.12
2050-04-28 16:00:00,-8466.6
2050-04-28 17:00:00,-8285.42
2050-04-28 18:00:00,-7117.51
2050-04-28 19:00:00,-6946.28
2050-04-28 20:00:00,-5462.56
2050-04-28 21:00:00,-3601.28
2050-04-28 22:00:00,-5249.65
2050-04-28 23:00:00,-3644.91
2050-04-29 00:00:00,-2116.87
2050-04-29 01:00:00,-2451.59
2050-04-29 02:00:00,-5135.9
2050-04-29 03:00:00,-4684.21
2050-04-29 04:00:00,-3947.15
2050-04-29 05:00:00,-7877.7
2050-04-29 06:00:00,-5543.46
2050-04-29 07:00:00,-2810.14
2050-04-29 08:00:00,-5866.84
2050-04-29 09:00:00,-8016.37
2050-04-29 10:00:00,-8667.52
2050-04-29 11:00:00,-6954.12
2050-04-29 12:00:00,-7566.48
2050-04-29 13:00:00,-7336.31
2050-04-29 14:00:00,-6899.72
2050-04-29 15:00:00,-8357.56
2050-04-29 16:00:00,-8891.04
2050-04-29 17:00:00,-7862.69
2050-04-29 18:00:00,-6930.37
2050-04-29 19:00:00,-6719.0
2050-04-29 20:00:00,-6911.93
2050-04-29 21:00:00,-6133.04
2050-04-29 22:00:00,-3738.54
2050-04-29 23:00:00,-3873.07
2050-04-30 00:00:00,-5351.88
2050-04-30 01:00:00,-5076.93
2050-04-30 02:00:00,-5202.54
2050-04-30 03:00:00,-5503.6
2050-04-30 04:00:00,-4453.18
2050-04-30 05:00:00,-7560.26
2050-04-30 06:00:00,-5673.3
2050-04-30 07:00:00,-7898.61
2050-04-30 08:00:00,-8139.83
2050-04-30 09:00:00,-8494.4
2050-04-30 10:00:00,-8414.78
2050-04-30 11:00:00,-8895.98
2050-04-30 12:00:00,-8684.58
2050-04-30 13:00:00,-7659.95
2050-04-30 14:00:00,-8551.85
2050-04-30 15:00:00,-8109.79
2050-04-30 16:00:00,-5969.39
2050-04-30 17:00:00,-7316.43
2050-04-30 18:00:00,-6079.24
2050-04-30 19:00:00,-6099.75
2050-04-30 20:00:00,-6233.88
2050-04-30 21:00:00,-6641.79
2050-04-30 22:00:00,-7060.2
2050-04-30 23:00:00,-3161.15
2050-05-01 00:00:00,-4927.33
2050-05-01 01:00:00,-4070.02
2050-05-01 02:00:00,-5824.83
2050-05-01 03:00:00,-5272.18
2050-05-01 04:00:00,-4021.13
2050-05-01 05:00:00,-2986.59
2050-05-01 06:00:00,-3747.04
2050-05-01 07:00:00,-4648.18
2050-05-01 08:00:00,-5101.51
2050-05-01 09:00:00,-3813.1
2050-05-01 10:00:00,-4273.17
2050-05-01 11:00:00,-3597.47
2050-05-01 12:00:00,-2264.78
2050-05-01 13:00:00,-1459.09
2050-05-01 14:00:00,-2174.96
2050-05-01 15:00:00,-2253.04
2050-05-01 16:00:00,-868.42
2050-05-01 17:00:00,-88.4
2050-05-01 18:00:00,-1055.25
2050-05-01 19:00:00,-1114.44
2050-05-01 20:00:00,-821.8
2050-05-01 21:00:00,-3126.47
2050-05-01 22:00:00,-3479.96
2050-05-01 23:00:00,-3608.53
2050-05-02 00:00:00,-4214.9
2050-05-02 01:00:00,-6293.23
2050-05-02 02:00:00,-6317.12
2050-05-02 03:00:00,-5210.92
2050-05-02 04:00:00,-4994.76
2050-05-02 05:00:00,-6913.42
2050-05-02 06:00:00,-6568.17
2050-05-02 07:00:00,-4975.56
2050-05-02 08:00:00,-2820.86
2050-05-02 09:00:00,-4527.27
2050-05-02 10:00:00,-3967.51
2050-05-02 11:00:00,-5252.65
2050-05-02 12:00:00,-2373.07
2050-05-02 13:00:00,-3286.3
2050-05-02 14:00:00,-2721.31
2050-05-02 15:00:00,-3786.72
2050-05-02 16:00:00,-2903.93
2050-05-02 17:00:00,-4012.44
2050-05-02 18:00:00,-2774.27
2050-05-02 19:00:00,-2492.75
2050-05-02 20:00:00,-3636.57
2050-05-02 21:00:00,-3928.98
2050-05-02 22:00:00,-3637.49
2050-05-02 23:00:00,-1421.86
2050-05-03 00:00:00,-2443.27
2050-05-03 01:00:00,-3387.67
2050-05-03 02:00:00,-1907.17
2050-05-03 03:00:00,-3668.38
2050-05-03 04:00:00,-4288.11
2050-05-03 05:00:00,-4344.6
2050-05-03 06:00:00,-6613.19
2050-05-03 07:00:00,-6590.88
2050-05-03 08:00:00,-4911.61
2050-05-03 09:00:00,-3711.41
2050-05-03 10:00:00,-5189.26
2050-05-03 11:00:00,-4638.53
2050-05-03 12:00:00,-5626.25
2050-05-03 13:00:00,-5144.13
2050-05-03 14:00:00,-6578.18
2050-05-03 15:00:00,-4779.17
2050-05-03 16:00:00,-2313.8
2050-05-03 17:00:00,-2165.68
2050-05-03 18:00:00,-1247.47
2050-05-03 19:00:00,-1936.37
2050-05-03 20:00:00,-1976.68
2050-05-03 21:00:00,-1658.65
2050-05-03 22:00:00,-1654.59
2050-05-03 23:00:00,-1591.66
2050-05-04 00:00:00,-1407.02
2050-05-04 01:00:00,-825.21
2050-05-04 02:00:00,-1552.07
2050-05-04 03:00:00,-2527.74
2050-05-04 04:00:00,-1347.91
2050-05-04 05:00:00,-949.99
2050-05-04 06:00:00,-1074.79
2050-05-04 07:00:00,-2453.06
2050-05-04 08:00:00,-3000.54
2050-05-04 09:00:00,-2799.46
2050-05-04 10:00:00,-3422.29
2050-05-04 11:00:00,-1194.22
2050-05-04 12:00:00,-1904.03
2050-05-04 13:00:00,-1962.21
2050-05-04 14:00:00,-2861.01
2050-05-04 15:00:00,-2007.3
2050-05-04 16:00:00,-3056.27
2050-05-04 17:00:00,-3975.47
2050-05-04 18:00:00,-3109.08
2050-05-04 19:00:00,-4038.55
2050-05-04 20:00:00,-5215.22
2050-05-04 21:00:00,-5885.66
2050-05-04 22:00:00,-6304.06
2050-05-04 23:00:00,-7180.09
2050-05-05 00:00:00,-6402.79
2050-05-05 01:00:00,-6282.46
2050-05-05 02:00:00,-5626.43
2050-05-05 03:00:00,-7271.71
2050-05-05 04:00:00,-6115.69
2050-05-05 05:00:00,-5476.17
2050-05-05 06:00:00,-6354.6
2050-05-05 07:00:00,-5062.62
2050-05-05 08:00:00,-4776.46
2050-05-05 09:00:00,-5207.34
2050-05-05 10:00:00,-7652.89
2050-05-05 11:00:00,-6865.63
2050-05-05 12:00:00,-5827.23
2050-05-05 13:00:00,-4136.95
2050-05-05 14:00:00,-38.61
2050-05-05 15:00:00,-562.7
2050-05-05 16:00:00,1636.67
2050-05-05 17:00:00,702.43
2050-05-05 18:00:00,-3090.14
2050-05-05 19:00:00,-2328.8
2050-05-05 20:00:00,-3064.22
2050-05-05 21:00:00,-4637.19
2050-05-05 22:00:00,-4593.83
2050-05-05 23:00:00,-6185.48
2050-05-06 00:00:00,-6451.05
2050-05-06 01:00:00,-6245.58
2050-05-06 02:00:00,-5750.28
2050-05-06 03:00:00,-4246.39
2050-05-06 04:00:00,-5270.26
2050-05-06 05:00:00,-6146.25
2050-05-06 06:00:00,-6128.18
2050-05-06 07:00:00,-5933.92
2050-05-06 08:00:00,-6365.38
2050-05-06 09:00:00,-7112.41
2050-05-06 10:00:00,-8728.38
2050-05-06 11:00:00,-8039.88
2050-05-06 12:00:00,-7974.9
2050-05-06 13:00:00,-6394.56
2050-05-06 14:00:00,-5690.41
2050-05-06 15:00:00,-4203.58
2050-05-06 16:00:00,-3055.36
2050-05-06 17:00:00,-1123.58
2050-05-06 18:00:00,-891.31
2050-05-06 19:00:00,-2041.24
2050-05-06 20:00:00,-1235.03
2050-05-06 21:00:00,-65.67
2050-05-06 22:00:00,424.85
2050-05-06 23:00:00,462.11
2050-05-07 00:00:00,34.33
2050-05-07 01:00:00,-872.49
2050-05-07 02:00:00,-1276.54
2050-05-07 03:00:00,-1302.08
2050-05-07 04:00:00,-1712.35
2050-05-07 05:00:00,-4009.5
2050-05-07 06:00:00,-4594.46
2050-05-07 07:00:00,-3519.45
2050-05-07 08:00:00,-4194.13
2050-05-07 09:00:00,-3630.8
2050-05-07 10:00:00,-4478.46
2050-05-07 11:00:00,-3922.78
2050-05-07 12:00:00,-3319.22
2050-05-07 13:00:00,-2326.59
2050-05-07 14:00:00,-1689.74
2050-05-07 15:00:00,-2720.58
2050-05-07 16:00:00,-3161.82
2050-05-07 17:00:00,-6135.9
2050-05-07 18:00:00,-6402.22
2050-05-07 19:00:00,-6115.68
2050-05-07 20:00:00,-6237.27
2050-05-07 21:00:00,-5793.4
2050-05-07 22:00:00,-3332.17
2050-05-07 23:00:00,-4756.24
2050-05-08 00:00:00,-4710.79
2050-05-08 01:00:00,-2841.09
2050-05-08 02:00:00,-1019.16
2050-05-08 03:00:00,-627.82
2050-05-08 04:00:00,-401.62
2050-05-08 05:00:00,-2511.77
2050-05-08 06:00:00,-2282.7
2050-05-08 07:00:00,-4009.05
2050-05-08 08:00:00,-3723.56
2050-05-08 09:00:00,-3405.57
2050-05-08 10:00:00,-3933.89
2050-05-08 11:00:00,-4314.89
2050-05-08 12:00:00,-3368.19
2050-05-08 13:00:00,-4405.55
2050-05-08 14:00:00,-3943.94
2050-05-08 15:00:00,-3565.3
2050-05-08 16:00:00,-2340.79
2050-05-08 17:00:00,-2840.44
2050-05-08 18:00:00,-1227.53
2050-05-08 19:00:00,339.47
2050-05-08 20:00:00,754.83
2050-05-08 21:00:00,67.0
2050-05-08 22:00:00,-466.74
2050-05-08 23:00:00,-2065.0
2050-05-09 00:00:00,-3685.93
2050-05-09 01:00:00,-3811.49
2050-05-09 02:00:00,-4690.03
2050-05-09 03:00:00,-4250.5
2050-05-09 04:00:00,-4816.28
2050-05-09 05:00:00,-6593.18
2050-05-09 06:00:00,-7590.23
2050-05-09 07:00:00,-8140.0
2050-05-09 08:00:00,-8432.5
2050-05-09 09:00:00,-8451.32
2050-05-09 10:00:00,-8621.51
2050-05-09 11:00:00,-7121.77
2050-05-09 12:00:00,-8498.33
2050-05-09 13:00:00,-8542.45
2050-05-09 14:00:00,-8368.24
2050-05-09 15:00:00,-6491.63
2050-05-09 16:00:00,-3782.63
2050-05-09 17:00:00,-3561.31
2050-05-09 18:00:00,-1201.66
2050-05-09 19:00:00,-969.66
2050-05-09 20:00:00,-885.77
2050-05-09 21:00:00,-2484.57
2050-05-09 22:00:00,-2212.43
2050-05-09 23:00:00,-1523.11
2050-05-10 00:00:00,-2502.32
2050-05-10 01:00:00,-3056.85
2050-05-10 02:00:00,-1685.32
2050-05-10 03:00:00,-436.84
2050-05-10 04:00:00,-2035.45
2050-05-10 05:00:00,-2451.44
2050-05-10 06:00:00,-1520.17
2050-05-10 07:00:00,-892.68
2050-05-10 08:00:00,-1229.27
2050-05-10 09:00:00,-1016.59
2050-05-10 10:00:00,-1350.49
2050-05-10 11:00:00,-1622.25
2050-05-10 12:00:00,-2355.32
2050-05-10 13:00:00,-2986.59
2050-05-10 14:00:00,-4301.11
2050-05-10 15:00:00,-4008.29
2050-05-10 16:00:00,-6211.51
2050-05-10 17:00:00,-7574.99
2050-05-10 18:00:00,-7052.26
2050-05-10 19:00:00,-7150.89
2050-05-10 20:00:00,-6984.55
2050-05-10 21:00:00,-7033.08
2050-05-10 22:00:00,-7144.22
2050-05-10 23:00:00,-7418.47
2050-05-11 00:00:00,-4993.13
2050-05-11 01:00:00,-5086.15
2050-05-11 02:00:00,-2117.34
2050-05-11 03:00:00,-3476.17
2050-05-11 04:00:00,-4543.12
2050-05-11 05:00:00,-5774.27
2050-05-11 06:00:00,-6684.06
2050-05-11 07:00:00,-5131.58
2050-05-11 08:00:00,-3908.56
2050-05-11 09:00:00,-3777.3
2050-05-11 10:00:00,-4998.48
2050-05-11 11:00:00,-4160.06
2050-05-11 12:00:00,-2728.79
2050-05-11 13:00:00,-2242.25
2050-05-11 14:00:00,-3349.62
2050-05-11 15:00:00,-4431.73
2050-05-11 16:00:00,-3789.48
2050-05-11 17:00:00,-4027.84
2050-05-11 18:00:00,756.59
2050-05-11 19:00:00,557.37
2050-05-11 20:00:00,-1212.07
2050-05-11 21:00:00,-1470.69
2050-05-11 22:00:00,-2528.22
2050-05-11 23:00:00,-2482.79
2050-05-12 00:00:00,-1997.79
2050-05-12 01:00:00,-1690.84
2050-05-12 02:00:00,-2063.7
2050-05-12 03:00:00,-2281.81
2050-05-12 04:00:00,-3090.05
2050-05-12 05:00:00,-3996.98
2050-05-12 06:00:00,-1426.13
2050-05-12 07:00:00,-3175.78
2050-05-12 08:00:00,-5954.05
2050-05-12 09:00:00,-7939.88
2050-05-12 10:00:00,-7296.31
2050-05-12 11:00:00,-6475.62
2050-05-12 12:00:00,-7045.09
2050-05-12 13:00:00,-5084.89
2050-05-12 14:00:00,-3638.19
2050-05-12 15:00:00,-4350.36
2050-05-12 16:00:00,-5198.81
2050-05-12 17:00:00,-6097.29
2050-05-12 18:00:00,-5639.94
2050-05-12 19:00:00,-4898.34
2050-05-12 20:00:00,-4184.68
2050-05-12 21:00:00,-3066.99
2050-05-12 22:00:00,-4214.62
2050-05-12 23:00:00,-5411.32
2050-05-13 00:00:00,-4463.96
2050-05-13 01:00:00,-5537.21
2050-05-13 02:00:00,-5276.37
2050-05-13 03:00:00,-4647.86
2050-05-13 04:00:00,-4108.72
2050-05-13 05:00:00,-3390.59
2050-05-13 06:00:00,-2228.15
2050-05-13 07:00:00,-3015.8
2050-05-13 08:00:00,-3711.53
2050-05-13 09:00:00,-5070.66
2050-05-13 10:00:00,-4130.05
2050-05-13 11:00:00,-4887.03
2050-05-13 12:00:00,-4456.98
2050-05-13 13:00:00,-4684.24
2050-05-13 14:00:00,-3200.15
2050-05-13 15:00:00,-5863.59
2050-05-13 16:00:00,-6961.85
2050-05-13 17:00:00,-4568.42
2050-05-13 18:00:00,-3239.21
2050-05-13 19:00:00,-1457.88
2050-05-13 20:00:00,-2491.93
2050-05-13 21:00:00,-3575.71
2050-05-13 22:00:00,-1384.66
2050-05-13 23:00:00,-1087.1
2050-05-14 00:00:00,-1151.06
2050-05-14 01:00:00,-1827.69
2050-05-14 02:00:00,-2427.2
2050-05-14 03:00:00,-1765.37
2050-05-14 04:00:00,-1442.11
2050-05-14 05:00:00,-675.7
2050-05-14 06:00:00,-1724.38
2050-05-14 07:00:00,-841.41
2050-05-14 08:00:00,-951.1
2050-05-14 09:00:00,-1411.68
2050-05-14 10:00:00,-1553.17
2050-05-14 11:00:00,-1434.44
2050-05-14 12:00:00,-1462.43
2050-05-14 13:00:00,-1549.33
2050-05-14 14:00:00,-918.38
2050-05-14 15:00:00,-75.92
2050-05-14 16:00:00,309.49
2050-05-14 17:00:00,44.69
2050-05-14 18:00:00,-663.24
2050-05-14 19:00:00,-335.87
2050-05-14 20:00:00,83.91
2050-05-14 21:00:00,-1091.66
2050-05-14 22:00:00,-2063.84
2050-05-14 23:00:00,-1488.42
2050-05-15 00:00:00,-2075.22
2050-05-15 01:00:00,-2551.99
2050-05-15 02:00:00,-3564.0
2050-05-15 03:00:00,-5581.72
2050-05-15 04:00:00,-5283.41
2050-05-15 05:00:00,-7068.25
2050-05-15 06:00:00,-5780.12
2050-05-15 07:00:00,-5168.29
2050-05-15 08:00:00,-4019.55
2050-05-15 09:00:00,-3876.8
2050-05-15 10:00:00,-4349.5
2050-05-15 11:00:00,-6341.99
2050-05-15 12:00:00,-3277.42
2050-05-15 13:00:00,-4999.66
2050-05-15 14:00:00,-7940.72
2050-05-15 15:00:00,-9814.46
2050-05-15 16:00:00,-8623.26
2050-05-15 17:00:00,-7540.18
2050-05-15 18:00:00,-6317.11
2050-05-15 19:00:00,-5884.76
2050-05-15 20:00:00,-6117.07
2050-05-15 21:00:00,-6464.36
2050-05-15 22:00:00,-6967.81
2050-05-15 23:00:00,-7261.93
2050-05-16 00:00:00,-7284.98
2050-05-16 01:00:00,-7514.34
2050-05-16 02:00:00,-8487.72
2050-05-16 03:00:00,-7907.05
2050-05-16 04:00:00,-5831.39
2050-05-16 05:00:00,-8022.08
2050-05-16 06:00:00,-7839.28
2050-05-16 07:00:00,-6373.66
2050-05-16 08:00:00,-6240.16
2050-05-16 09:00:00,-6397.05
2050-05-16 10:00:00,-6434.34
2050-05-16 11:00:00,-7555.59
2050-05-16 12:00:00,-7089.45
2050-05-16 13:00:00,-7141.39
2050-05-16 14:00:00,-5897.91
2050-05-16 15:00:00,-6430.37
2050-05-16 16:00:00,-8148.84
2050-05-16 17:00:00,-7156.28
2050-05-16 18:00:00,-5869.28
2050-05-16 19:00:00,-5894.41
2050-05-16 20:00:00,-1691.99
2050-05-16 21:00:00,-3228.53
2050-05-16 22:00:00,-6219.77
2050-05-16 23:00:00,-6029.9
2050-05-17 00:00:00,-4889.3
2050-05-17 01:00:00,-4265.01
2050-05-17 02:00:00,-4500.39
2050-05-17 03:00:00,-3723.45
2050-05-17 04:00:00,-5418.16
2050-05-17 05:00:00,-4610.83
2050-05-17 06:00:00,-3219.92
2050-05-17 07:00:00,-2823.02
2050-05-17 08:00:00,-3898.48
2050-05-17 09:00:00,-4649.4
2050-05-17 10:00:00,-5459.63
2050-05-17 11:00:00,-5268.23
2050-05-17 12:00:00,-5785.79
2050-05-17 13:00:00,-5552.25
2050-05-17 14:00:00,-5102.33
2050-05-17 15:00:00,-3447.47
2050-05-17 16:00:00,-2588.3
2050-05-17 17:00:00,-4036.28
2050-05-17 18:00:00,-1266.74
2050-05-17 19:00:00,-1626.08
2050-05-17 20:00:00,-1692.9
2050-05-17 21:00:00,-3178.01
2050-05-17 22:00:00,-2203.87
2050-05-17 23:00:00,-1953.68
2050-05-18 00:00:00,-3874.39
2050-05-18 01:00:00,-2491.55
2050-05-18 02:00:00,-3293.91
2050-05-18 03:00:00,-1784.42
2050-05-18 04:00:00,-2021.32
2050-05-18 05:00:00,-3061.54
2050-05-18 06:00:00,-1068.0
2050-05-18 07:00:00,-4369.97
2050-05-18 08:00:00,-4804.04
2050-05-18 09:00:00,-5268.51
2050-05-18 10:00:00,-5503.57
2050-05-18 11:00:00,-4494.65
2050-05-18 12:00:00,-4341.51
2050-05-18 13:00:00,-5898.22
2050-05-18 14:00:00,-7185.26
2050-05-18 15:00:00,-7767.51
2050-05-18 16:00:00,-8159.59
2050-05-18 17:00:00,-7373.77
2050-05-18 18:00:00,-7050.04
2050-05-18 19:00:00,-6049.25
2050-05-18 20:00:00,-6127.62
2050-05-18 21:00:00,-6840.51
2050-05-18 22:00:00,-6324.28
2050-05-18 23:00:00,-6299.64
2050-05-19 00:00:00,-6071.12
2050-05-19 01:00:00,-6081.49
2050-05-19 02:00:00,-5311.43
2050-05-19 03:00:00,-5352.66
2050-05-19 04:00:00,-4700.5
2050-05-19 05:00:00,-4170.18
2050-05-19 06:00:00,-7380.76
2050-05-19 07:00:00,-5276.57
2050-05-19 08:00:00,-2347.5
2050-05-19 09:00:00,-2571.34
2050-05-19 10:00:00,-2383.27
2050-05-19 11:00:00,-1858.52
2050-05-19 12:00:00,-4488.3
2050-05-19 13:00:00,-4486.17
2050-05-19 14:00:00,-4446.18
2050-05-19 15:00:00,-2418.57
2050-05-19 16:00:00,-1319.21
2050-05-19 17:00:00,-2803.98
2050-05-19 18:00:00,-3240.36
2050-05-19 19:00:00,-5489.58
2050-05-19 20:00:00,-6837.38
2050-05-19 21:00:00,-7109.74
2050-05-19 22:00:00,-7429.48
2050-05-19 23:00:00,-7651.18
2050-05-20 00:00:00,-7481.65
2050-05-20 01:00:00,-7274.58
2050-05-20 02:00:00,-7045.49
2050-05-20 03:00:00,-6509.34
2050-05-20 04:00:00,-5808.1
2050-05-20 05:00:00,-5662.93
2050-05-20 06:00:00,-4784.34
2050-05-20 07:00:00,-4185.93
2050-05-20 08:00:00,-5249.23
2050-05-20 09:00:00,-4949.84
2050-05-20 10:00:00,-4334.54
2050-05-20 11:00:00,-3785.23
2050-05-20 12:00:00,-3055.0
2050-05-20 13:00:00,-3487.47
2050-05-20 14:00:00,-4858.64
2050-05-20 15:00:00,-4982.44
2050-05-20 16:00:00,-5396.27
2050-05-20 17:00:00,-5445.07
2050-05-20 18:00:00,-4956.26
2050-05-20 19:00:00,-349.62
2050-05-20 20:00:00,-737.77
2050-05-20 21:00:00,-415.0
2050-05-20 22:00:00,978.54
2050-05-20 23:00:00,-758.62
2050-05-21 00:00:00,106.83
2050-05-21 01:00:00,-116.22
2050-05-21 02:00:00,9.77
2050-05-21 03:00:00,134.34
2050-05-21 04:00:00,522.0
2050-05-21 05:00:00,1577.23
2050-05-21 06:00:00,671.69
2050-05-21 07:00:00,1254.46
2050-05-21 08:00:00,141.79
2050-05-21 09:00:00,379.03
2050-05-21 10:00:00,498.97
2050-05-21 11:00:00,1597.61
2050-05-21 12:00:00,1654.73
2050-05-21 13:00:00,1055.78
2050-05-21 14:00:00,2126.78
2050-05-21 15:00:00,1919.45
2050-05-21 16:00:00,2126.0
2050-05-21 17:00:00,2298.93
2050-05-21 18:00:00,1885.75
2050-05-21 19:00:00,-348.01
2050-05-21 20:00:00,-2711.16
2050-05-21 21:00:00,-2896.66
2050-05-21 22:00:00,-2099.34
2050-05-21 23:00:00,-2272.18
2050-05-22 00:00:00,-1998.28
2050-05-22 01:00:00,-3384.73
2050-05-22 02:00:00,-3629.46
2050-05-22 03:00:00,-1871.55
2050-05-22 04:00:00,-2024.35
2050-05-22 05:00:00,-4260.17
2050-05-22 06:00:00,-3558.38
2050-05-22 07:00:00,-5169.08
2050-05-22 08:00:00,-3591.96
2050-05-22 09:00:00,-2563.01
2050-05-22 10:00:00,-832.15
2050-05-22 11:00:00,-588.23
2050-05-22 12:00:00,-679.66
2050-05-22 13:00:00,-506.56
2050-05-22 14:00:00,48.12
2050-05-22 15:00:00,-1461.35
2050-05-22 16:00:00,191.08
2050-05-22 17:00:00,-2228.85
2050-05-22 18:00:00,-2152.05
2050-05-22 19:00:00,-746.0
2050-05-22 20:00:00,-1016.91
2050-05-22 21:00:00,-212.96
2050-05-22 22:00:00,-1540.04
2050-05-22 23:00:00,-1729.49
2050-05-23 00:00:00,-1706.79
2050-05-23 01:00:00,-814.98
2050-05-23 02:00:00,-1641.52
2050-05-23 03:00:00,-1987.39
2050-05-23 04:00:00,-2628.32
2050-05-23 05:00:00,-2276.82
2050-05-23 06:00:00,-2041.73
2050-05-23 07:00:00,-1338.5
2050-05-23 08:00:00,-1506.07
2050-05-23 09:00:00,-1142.47
2050-05-23 10:00:00,-1969.28
2050-05-23 11:00:00,-70.48
2050-05-23 12:00:00,780.53
2050-05-23 13:00:00,1740.08
2050-05-23 14:00:00,1953.84
2050-05-23 15:00:00,1805.34
2050-05-23 16:00:00,1600.17
2050-05-23 17:00:00,833.32
2050-05-23 18:00:00,767.86
2050-05-23 19:00:00,-565.04
2050-05-23 20:00:00,-1163.78
2050-05-23 21:00:00,-162.86
2050-05-23 22:00:00,-3332.09
2050-05-23 23:00:00,-4463.88
2050-05-24 00:00:00,-4305.13
2050-05-24 01:00:00,-3355.77
2050-05-24 02:00:00,-3423.89
2050-05-24 03:00:00,-3415.73
2050-05-24 04:00:00,-2517.54
2050-05-24 05:00:00,-2294.82
2050-05-24 06:00:00,-3669.1
2050-05-24 07:00:00,-4419.95
2050-05-24 08:00:00,-4511.81
2050-05-24 09:00:00,-1497.2
2050-05-24 10:00:00,-3927.69
2050-05-24 11:00:00,-4638.64
2050-05-24 12:00:00,-4403.64
2050-05-24 13:00:00,-4758.36
2050-05-24 14:00:00,-3148.29
2050-05-24 15:00:00,-2327.24
2050-05-24 16:00:00,-1819.13
2050-05-24 17:00:00,-2545.12
2050-05-24 18:00:00,-1939.41
2050-05-24 19:00:00,-896.6
2050-05-24 20:00:00,-2458.2
2050-05-24 21:00:00,-4707.51
2050-05-24 22:00:00,-4696.86
2050-05-24 23:00:00,-4161.36
2050-05-25 00:00:00,-3993.39
2050-05-25 01:00:00,-4014.23
2050-05-25 02:00:00,-4544.32
2050-05-25 03:00:00,-4908.05
2050-05-25 04:00:00,-4312.89
2050-05-25 05:00:00,-4790.43
2050-05-25 06:00:00,-4668.36
2050-05-25 07:00:00,-2947.19
2050-05-25 08:00:00,-3915.4
2050-05-25 09:00:00,-4181.11
2050-05-25 10:00:00,-5096.38
2050-05-25 11:00:00,-4418.04
2050-05-25 12:00:00,-3520.55
2050-05-25 13:00:00,-4484.04
2050-05-25 14:00:00,-4610.26
2050-05-25 15:00:00,-5739.27
2050-05-25 16:00:00,-4744.06
2050-05-25 17:00:00,-4011.35
2050-05-25 18:00:00,-3657.91
2050-05-25 19:00:00,-2481.5
2050-05-25 20:00:00,-2022.51
2050-05-25 21:00:00,-2995.86
2050-05-25 22:00:00,-3608.86
2050-05-25 23:00:00,-4140.69
2050-05-26 00:00:00,-3714.34
2050-05-26 01:00:00,-5837.67
2050-05-26 02:00:00,-5329.53
2050-05-26 03:00:00,-4168.39
2050-05-26 04:00:00,-4273.26
2050-05-26 05:00:00,-6048.93
2050-05-26 06:00:00,-5658.97
2050-05-26 07:00:00,-3607.63
2050-05-26 08:00:00,-3423.93
2050-05-26 09:00:00,-3108.15
2050-05-26 10:00:00,-3965.81
2050-05-26 11:00:00,-4453.4
2050-05-26 12:00:00,-3651.82
2050-05-26 13:00:00,-4262.79
2050-05-26 14:00:00,-6877.73
2050-05-26 15:00:00,-6216.37
2050-05-26 16:00:00,-5036.93
2050-05-26 17:00:00,-3351.86
2050-05-26 18:00:00,-5494.56
2050-05-26 19:00:00,-3325.34
2050-05-26 20:00:00,-2298.81
2050-05-26 21:00:00,-3159.29
2050-05-26 22:00:00,-2055.11
2050-05-26 23:00:00,-5644.85
2050-05-27 00:00:00,-4282.39
2050-05-27 01:00:00,-3054.15
2050-05-27 02:00:00,-4416.89
2050-05-27 03:00:00,-7317.51
2050-05-27 04:00:00,-4598.55
2050-05-27 05:00:00,-4800.52
2050-05-27 06:00:00,-5082.77
2050-05-27 07:00:00,-3251.53
2050-05-27 08:00:00,-2818.94
2050-05-27 09:00:00,-2679.04
2050-05-27 10:00:00,-2733.29
2050-05-27 11:00:00,-3613.22
2050-05-27 12:00:00,-3636.52
2050-05-27 13:00:00,-3695.52
2050-05-27 14:00:00,-3795.46
2050-05-27 15:00:00,-4668.92
2050-05-27 16:00:00,-3808.86
2050-05-27 17:00:00,-4686.77
2050-05-27 18:00:00,-3236.07
2050-05-27 19:00:00,-5195.06
2050-05-27 20:00:00,-5158.92
2050-05-27 21:00:00,-5527.87
2050-05-27 22:00:00,-5616.35
2050-05-27 23:00:00,-4658.66
2050-05-28 00:00:00,-5859.53
2050-05-28 01:00:00,-7655.62
2050-05-28 02:00:00,-6525.6
2050-05-28 03:00:00,-4081.27
2050-05-28 04:00:00,-3037.89
2050-05-28 05:00:00,-3101.78
2050-05-28 06:00:00,-2882.27
2050-05-28 07:00:00,-4758.75
2050-05-28 08:00:00,-3819.59
2050-05-28 09:00:00,-5595.42
2050-05-28 10:00:00,-5386.18
2050-05-28 11:00:00,-5229.38
2050-05-28 12:00:00,-5671.93
2050-05-28 13:00:00,-4798.97
2050-05-28 14:00:00,-4717.05
2050-05-28 15:00:00,-8382.88
2050-05-28 16:00:00,-7377.01
2050-05-28 17:00:00,-6673.13
2050-05-28 18:00:00,-6308.94
2050-05-28 19:00:00,-6302.93
2050-05-28 20:00:00,-6411.51
2050-05-28 21:00:00,-6799.94
2050-05-28 22:00:00,-7232.45
2050-05-28 23:00:00,-7673.59
2050-05-29 00:00:00,-7918.26
2050-05-29 01:00:00,-6463.41
2050-05-29 02:00:00,-8476.67
2050-05-29 03:00:00,-5591.91
2050-05-29 04:00:00,-5669.42
2050-05-29 05:00:00,-4560.99
2050-05-29 06:00:00,-2959.01
2050-05-29 07:00:00,-5035.01
2050-05-29 08:00:00,-5555.58
2050-05-29 09:00:00,-6459.59
2050-05-29 10:00:00,-7159.78
2050-05-29 11:00:00,-6494.22
2050-05-29 12:00:00,-4004.94
2050-05-29 13:00:00,-3275.23
2050-05-29 14:00:00,-4073.65
2050-05-29 15:00:00,-5184.74
2050-05-29 16:00:00,-5522.71
2050-05-29 17:00:00,-5099.35
2050-05-29 18:00:00,-5902.53
2050-05-29 19:00:00,-2611.25
2050-05-29 20:00:00,-2931.41
2050-05-29 21:00:00,-2680.9
2050-05-29 22:00:00,-2714.14
2050-05-29 23:00:00,-4112.29
2050-05-30 00:00:00,-3386.39
2050-05-30 01:00:00,-3511.18
2050-05-30 02:00:00,-3980.13
2050-05-30 03:00:00,-3608.8
2050-05-30 04:00:00,-4343.58
2050-05-30 05:00:00,-5099.48
2050-05-30 06:00:00,-4073.96
2050-05-30 07:00:00,-3463.1
2050-05-30 08:00:00,-3344.54
2050-05-30 09:00:00,-3905.7
2050-05-30 10:00:00,-4628.82
2050-05-30 11:00:00,-4707.24
2050-05-30 12:00:00,-5440.32
2050-05-30 13:00:00,-6725.26
2050-05-30 14:00:00,-8175.18
2050-05-30 15:00:00,-7663.89
2050-05-30 16:00:00,-6707.73
2050-05-30 17:00:00,-3321.65
2050-05-30 18:00:00,-3630.04
2050-05-30 19:00:00,-3291.09
2050-05-30 20:00:00,-3289.73
2050-05-30 21:00:00,-4795.26
2050-05-30 22:00:00,-2550.65
2050-05-30 23:00:00,-3447.72
2050-05-31 00:00:00,-3315.84
2050-05-31 01:00:00,-2802.63
2050-05-31 02:00:00,-3405.95
2050-05-31 03:00:00,-4209.43
2050-05-31 04:00:00,-3594.0
2050-05-31 05:00:00,-6551.47
2050-05-31 06:00:00,-3940.77
2050-05-31 07:00:00,-3744.64
2050-05-31 08:00:00,-2006.8
2050-05-31 09:00:00,-2008.38
2050-05-31 10:00:00,-2477.61
2050-05-31 11:00:00,-3589.85
2050-05-31 12:00:00,-3273.54
2050-05-31 13:00:00,-2083.39
2050-05-31 14:00:00,-975.7
2050-05-31 15:00:00,-1466.56
2050-05-31 16:00:00,-120.6
2050-05-31 17:00:00,-923.23
2050-05-31 18:00:00,-1367.83
2050-05-31 19:00:00,-1959.66
2050-05-31 20:00:00,-2151.93
2050-05-31 21:00:00,-2768.6
2050-05-31 22:00:00,-3766.53
2050-05-31 23:00:00,-1739.27
2050-06-01 00:00:00,-2513.59
2050-06-01 01:00:00,-2128.38
2050-06-01 02:00:00,227.54
2050-06-01 03:00:00,156.25
2050-06-01 04:00:00,232.5
2050-06-01 05:00:00,-220.03
2050-06-01 06:00:00,232.54
2050-06-01 07:00:00,-830.35
2050-06-01 08:00:00,-222.7
2050-06-01 09:00:00,-308.19
2050-06-01 10:00:00,79.37
2050-06-01 11:00:00,226.14
2050-06-01 12:00:00,749.99
2050-06-01 13:00:00,2279.13
2050-06-01 14:00:00,1403.86
2050-06-01 15:00:00,2310.96
2050-06-01 16:00:00,652.02
2050-06-01 17:00:00,-250.01
2050-06-01 18:00:00,449.05
2050-06-01 19:00:00,649.91
2050-06-01 20:00:00,698.76
2050-06-01 21:00:00,1843.18
2050-06-01 22:00:00,2101.87
2050-06-01 23:00:00,2286.16
2050-06-02 00:00:00,565.72
2050-06-02 01:00:00,163.53
2050-06-02 02:00:00,-196.48
2050-06-02 03:00:00,-236.95
2050-06-02 04:00:00,838.61
2050-06-02 05:00:00,576.93
2050-06-02 06:00:00,419.86
2050-06-02 07:00:00,836.29
2050-06-02 08:00:00,1090.37
2050-06-02 09:00:00,2710.68
2050-06-02 10:00:00,-9.59
2050-06-02 11:00:00,-266.51
2050-06-02 12:00:00,-868.56
2050-06-02 13:00:00,-623.3
2050-06-02 14:00:00,-120.51
2050-06-02 15:00:00,-793.09
2050-06-02 16:00:00,-1363.96
2050-06-02 17:00:00,-119.18
2050-06-02 18:00:00,1477.52
2050-06-02 19:00:00,1945.48
2050-06-02 20:00:00,2368.5
2050-06-02 21:00:00,85.36
2050-06-02 22:00:00,2361.19
2050-06-02 23:00:00,896.87
2050-06-03 00:00:00,1254.52
2050-06-03 01:00:00,11.13
2050-06-03 02:00:00,-1743.23
2050-06-03 03:00:00,-386.92
2050-06-03 04:00:00,-343.1
2050-06-03 05:00:00,-2783.57
2050-06-03 06:00:00,-4249.02
2050-06-03 07:00:00,-4295.83
2050-06-03 08:00:00,-5538.91
2050-06-03 09:00:00,-5843.5
2050-06-03 10:00:00,-5238.77
2050-06-03 11:00:00,-4827.89
2050-06-03 12:00:00,-5300.0
2050-06-03 13:00:00,-3300.24
2050-06-03 14:00:00,-1482.57
2050-06-03 15:00:00,-3037.22
2050-06-03 16:00:00,-3671.53
2050-06-03 17:00:00,-1668.72
2050-06-03 18:00:00,-1679.88
2050-06-03 19:00:00,-1113.76
2050-06-03 20:00:00,-2166.22
2050-06-03 21:00:00,-3108.54
2050-06-03 22:00:00,-3219.71
2050-06-03 23:00:00,-1494.08
2050-06-04 00:00:00,-2115.04
2050-06-04 01:00:00,-2402.68
2050-06-04 02:00:00,-2123.26
2050-06-04 03:00:00,-1697.74
2050-06-04 04:00:00,-1246.53
2050-06-04 05:00:00,-888.64
2050-06-04 06:00:00,-1131.59
2050-06-04 07:00:00,-247.81
2050-06-04 08:00:00,-151.37
2050-06-04 09:00:00,1278.79
2050-06-04 10:00:00,1282.24
2050-06-04 11:00:00,1418.45
2050-06-04 12:00:00,1993.1
2050-06-04 13:00:00,514.26
2050-06-04 14:00:00,1347.32
2050-06-04 15:00:00,397.14
2050-06-04 16:00:00,992.27
2050-06-04 17:00:00,-1083.48
2050-06-04 18:00:00,1522.53
2050-06-04 19:00:00,482.31
2050-06-04 20:00:00,-450.47
2050-06-04 21:00:00,-954.46
2050-06-04 22:00:00,311.0
2050-06-04 23:00:00,-1151.13
2050-06-05 00:00:00,-1025.45
2050-06-05 01:00:00,-759.18
2050-06-05 02:00:00,-1821.94
2050-06-05 03:00:00,-968.66
2050-06-05 04:00:00,-2250.89
2050-06-05 05:00:00,-1891.9
2050-06-05 06:00:00,-4580.22
2050-06-05 07:00:00,-3652.11
2050-06-05 08:00:00,-2989.11
2050-06-05 09:00:00,-4123.28
2050-06-05 10:00:00,-4360.85
2050-06-05 11:00:00,-1075.31
2050-06-05 12:00:00,-662.26
2050-06-05 13:00:00,-407.59
2050-06-05 14:00:00,-449.91
2050-06-05 15:00:00,-881.62
2050-06-05 16:00:00,207.88
2050-06-05 17:00:00,-1821.7
2050-06-05 18:00:00,-2018.39
2050-06-05 19:00:00,-1044.83
2050-06-05 20:00:00,-816.19
2050-06-05 21:00:00,-1858.59
2050-06-05 22:00:00,-2067.41
2050-06-05 23:00:00,-988.59
2050-06-06 00:00:00,-1067.88
2050-06-06 01:00:00,-2411.71
2050-06-06 02:00:00,-3012.07
2050-06-06 03:00:00,-1460.26
2050-06-06 04:00:00,-264.08
2050-06-06 05:00:00,-2156.0
2050-06-06 06:00:00,-3706.15
2050-06-06 07:00:00,-3699.55
2050-06-06 08:00:00,-3296.58
2050-06-06 09:00:00,-720.57
2050-06-06 10:00:00,663.79
2050-06-06 11:00:00,1332.32
2050-06-06 12:00:00,2330.27
2050-06-06 13:00:00,389.61
2050-06-06 14:00:00,-1824.17
2050-06-06 15:00:00,-3012.06
2050-06-06 16:00:00,-4071.8
2050-06-06 17:00:00,-513.53
2050-06-06 18:00:00,-2104.34
2050-06-06 19:00:00,-1126.47
2050-06-06 20:00:00,-1672.43
2050-06-06 21:00:00,-1983.11
2050-06-06 22:00:00,-2453.44
2050-06-06 23:00:00,-3091.94
2050-06-07 00:00:00,-2455.58
2050-06-07 01:00:00,-2300.07
2050-06-07 02:00:00,-1654.73
2050-06-07 03:00:00,-2028.06
2050-06-07 04:00:00,-1839.93
2050-06-07 05:00:00,-2731.49
2050-06-07 06:00:00,-3496.84
2050-06-07 07:00:00,-3004.47
2050-06-07 08:00:00,-3040.12
2050-06-07 09:00:00,-3104.98
2050-06-07 10:00:00,-3745.4
2050-06-07 11:00:00,-4283.14
2050-06-07 12:00:00,-1643.59
2050-06-07 13:00:00,102.67
2050-06-07 14:00:00,-1896.32
2050-06-07 15:00:00,-2361.22
2050-06-07 16:00:00,-1223.15
2050-06-07 17:00:00,646.91
2050-06-07 18:00:00,1017.87
2050-06-07 19:00:00,1812.15
2050-06-07 20:00:00,856.98
2050-06-07 21:00:00,747.22
2050-06-07 22:00:00,-192.81
2050-06-07 23:00:00,-953.45
2050-06-08 00:00:00,-1079.01
2050-06-08 01:00:00,-1501.96
2050-06-08 02:00:00,-474.62
2050-06-08 03:00:00,-237.37
2050-06-08 04:00:00,-936.19
2050-06-08 05:00:00,-3162.83
2050-06-08 06:00:00,-2210.04
2050-06-08 07:00:00,-2798.27
2050-06-08 08:00:00,-2226.2
2050-06-08 09:00:00,-2589.61
2050-06-08 10:00:00,-3055.67
2050-06-08 11:00:00,-3023.77
2050-06-08 12:00:00,-2231.89
2050-06-08 13:00:00,-4084.69
2050-06-08 14:00:00,-5048.61
2050-06-08 15:00:00,-5876.03
2050-06-08 16:00:00,-7427.13
2050-06-08 17:00:00,-6299.85
2050-06-08 18:00:00,-3623.06
2050-06-08 19:00:00,-4185.01
2050-06-08 20:00:00,-5117.45
2050-06-08 21:00:00,-5782.9
2050-06-08 22:00:00,-2963.29
2050-06-08 23:00:00,-4005.2
2050-06-09 00:00:00,-3598.63
2050-06-09 01:00:00,-3489.59
2050-06-09 02:00:00,-3700.12
2050-06-09 03:00:00,-3049.25
2050-06-09 04:00:00,-2836.09
2050-06-09 05:00:00,-5695.29
2050-06-09 06:00:00,-6897.74
2050-06-09 07:00:00,-4784.82
2050-06-09 08:00:00,-4006.75
2050-06-09 09:00:00,-3031.41
2050-06-09 10:00:00,-2865.94
2050-06-09 11:00:00,-3979.84
2050-06-09 12:00:00,-2792.01
2050-06-09 13:00:00,-3353.03
2050-06-09 14:00:00,-3237.75
2050-06-09 15:00:00,-7218.69
2050-06-09 16:00:00,-6891.86
2050-06-09 17:00:00,-3973.0
2050-06-09 18:00:00,-3727.35
2050-06-09 19:00:00,-4063.67
2050-06-09 20:00:00,-3151.26
2050-06-09 21:00:00,-2898.63
2050-06-09 22:00:00,-3139.85
2050-06-09 23:00:00,-3878.93
2050-06-10 00:00:00,-4329.91
2050-06-10 01:00:00,-3890.97
2050-06-10 02:00:00,-4135.82
2050-06-10 03:00:00,-3835.03
2050-06-10 04:00:00,-3006.02
2050-06-10 05:00:00,-1573.49
2050-06-10 06:00:00,-1581.57
2050-06-10 07:00:00,-1691.97
2050-06-10 08:00:00,-3514.59
2050-06-10 09:00:00,-4750.05
2050-06-10 10:00:00,-4361.45
2050-06-10 11:00:00,-3510.04
2050-06-10 12:00:00,-2090.73
2050-06-10 13:00:00,-2048.45
2050-06-10 14:00:00,-3932.13
2050-06-10 15:00:00,-6205.64
2050-06-10 16:00:00,-6689.32
2050-06-10 17:00:00,-6173.68
2050-06-10 18:00:00,-4962.6
2050-06-10 19:00:00,-5173.44
2050-06-10 20:00:00,-5117.5
2050-06-10 21:00:00,-4723.72
2050-06-10 22:00:00,-3609.22
2050-06-10 23:00:00,-3924.18
2050-06-11 00:00:00,-4359.93
2050-06-11 01:00:00,-5712.65
2050-06-11 02:00:00,-6481.64
2050-06-11 03:00:00,-5368.82
2050-06-11 04:00:00,-5164.3
2050-06-11 05:00:00,-7458.94
2050-06-11 06:00:00,-5571.42
2050-06-11 07:00:00,-5158.58
2050-06-11 08:00:00,-6280.7
2050-06-11 09:00:00,-4965.89
2050-06-11 10:00:00,-5841.22
2050-06-11 11:00:00,-8094.32
2050-06-11 12:00:00,-9230.0
2050-06-11 13:00:00,-10039.33
2050-06-11 14:00:00,-9797.49
2050-06-11 15:00:00,-9576.82
2050-06-11 16:00:00,-9059.1
2050-06-11 17:00:00,-7839.72
2050-06-11 18:00:00,-6782.96
2050-06-11 19:00:00,-6424.95
2050-06-11 20:00:00,-6426.37
2050-06-11 21:00:00,-6138.61
2050-06-11 22:00:00,-6648.09
2050-06-11 23:00:00,-6716.72
2050-06-12 00:00:00,-5134.19
2050-06-12 01:00:00,-3774.58
2050-06-12 02:00:00,-3513.71
2050-06-12 03:00:00,-3090.42
2050-06-12 04:00:00,-2981.54
2050-06-12 05:00:00,-3096.03
2050-06-12 06:00:00,-2633.17
2050-06-12 07:00:00,-3285.13
2050-06-12 08:00:00,-2958.17
2050-06-12 09:00:00,-746.37
2050-06-12 10:00:00,-641.72
2050-06-12 11:00:00,-577.3
2050-06-12 12:00:00,-864.36
2050-06-12 13:00:00,-680.06
2050-06-12 14:00:00,-1666.02
2050-06-12 15:00:00,-5404.94
2050-06-12 16:00:00,-4530.08
2050-06-12 17:00:00,-4270.73
2050-06-12 18:00:00,-2092.03
2050-06-12 19:00:00,-4438.55
2050-06-12 20:00:00,-5427.97
2050-06-12 21:00:00,-2822.93
2050-06-12 22:00:00,-3166.11
2050-06-12 23:00:00,-2994.9
2050-06-13 00:00:00,-4005.27
2050-06-13 01:00:00,-6542.33
2050-06-13 02:00:00,-6097.6
2050-06-13 03:00:00,-5420.93
2050-06-13 04:00:00,-5122.54
2050-06-13 05:00:00,-4365.82
2050-06-13 06:00:00,-4887.47
2050-06-13 07:00:00,-4076.33
2050-06-13 08:00:00,-3154.79
2050-06-13 09:00:00,-2396.41
2050-06-13 10:00:00,-1353.49
2050-06-13 11:00:00,-2528.48
2050-06-13 12:00:00,-844.7
2050-06-13 13:00:00,-1054.06
2050-06-13 14:00:00,-1575.07
2050-06-13 15:00:00,-351.21
2050-06-13 16:00:00,1196.12
2050-06-13 17:00:00,891.89
2050-06-13 18:00:00,2336.6
2050-06-13 19:00:00,1503.57
2050-06-13 20:00:00,2664.02
2050-06-13 21:00:00,1940.52
2050-06-13 22:00:00,55.28
2050-06-13 23:00:00,-1439.22
2050-06-14 00:00:00,-1325.85
2050-06-14 01:00:00,-864.08
2050-06-14 02:00:00,-3487.53
2050-06-14 03:00:00,-4181.51
2050-06-14 04:00:00,-5264.94
2050-06-14 05:00:00,-9480.87
2050-06-14 06:00:00,-7227.81
2050-06-14 07:00:00,-6179.36
2050-06-14 08:00:00,-3937.26
2050-06-14 09:00:00,-1035.07
2050-06-14 10:00:00,-1642.15
2050-06-14 11:00:00,-216.24
2050-06-14 12:00:00,-626.08
2050-06-14 13:00:00,-671.28
2050-06-14 14:00:00,613.38
2050-06-14 15:00:00,329.63
2050-06-14 16:00:00,-62.81
2050-06-14 17:00:00,-1694.93
2050-06-14 18:00:00,-932.72
2050-06-14 19:00:00,-556.02
2050-06-14 20:00:00,-912.54
2050-06-14 21:00:00,1747.43
2050-06-14 22:00:00,-2420.7
2050-06-14 23:00:00,-2376.25
2050-06-15 00:00:00,-702.31
2050-06-15 01:00:00,-873.14
2050-06-15 02:00:00,-3473.29
2050-06-15 03:00:00,-1820.24
2050-06-15 04:00:00,-1502.96
2050-06-15 05:00:00,-3396.76
2050-06-15 06:00:00,-3900.6
2050-06-15 07:00:00,-3756.16
2050-06-15 08:00:00,-2710.02
2050-06-15 09:00:00,-2562.69
2050-06-15 10:00:00,-2417.88
2050-06-15 11:00:00,-1591.04
2050-06-15 12:00:00,-1111.38
2050-06-15 13:00:00,-1743.01
2050-06-15 14:00:00,-1959.45
2050-06-15 15:00:00,-1557.83
2050-06-15 16:00:00,-1131.35
2050-06-15 17:00:00,-744.83
2050-06-15 18:00:00,-290.65
2050-06-15 19:00:00,-227.57
2050-06-15 20:00:00,-1422.85
2050-06-15 21:00:00,-1916.51
2050-06-15 22:00:00,-2427.15
2050-06-15 23:00:00,-1187.27
2050-06-16 00:00:00,-863.09
2050-06-16 01:00:00,-233.64
2050-06-16 02:00:00,-1057.34
2050-06-16 03:00:00,-927.07
2050-06-16 04:00:00,-135.32
2050-06-16 05:00:00,-2602.71
2050-06-16 06:00:00,-2012.57
2050-06-16 07:00:00,-2702.48
2050-06-16 08:00:00,-2685.75
2050-06-16 09:00:00,-2453.72
2050-06-16 10:00:00,-2950.31
2050-06-16 11:00:00,-2638.31
2050-06-16 12:00:00,-2529.08
2050-06-16 13:00:00,-2867.31
2050-06-16 14:00:00,-1966.48
2050-06-16 15:00:00,-515.23
2050-06-16 16:00:00,-1052.8
2050-06-16 17:00:00,-1310.34
2050-06-16 18:00:00,1368.21
2050-06-16 19:00:00,1449.47
2050-06-16 20:00:00,1196.49
2050-06-16 21:00:00,517.91
2050-06-16 22:00:00,-648.91
2050-06-16 23:00:00,-1057.13
2050-06-17 00:00:00,56.27
2050-06-17 01:00:00,1145.09
2050-06-17 02:00:00,1408.16
2050-06-17 03:00:00,1334.76
2050-06-17 04:00:00,937.6
2050-06-17 05:00:00,-715.54
2050-06-17 06:00:00,-1003.88
2050-06-17 07:00:00,-358.65
2050-06-17 08:00:00,-1016.19
2050-06-17 09:00:00,-665.3
2050-06-17 10:00:00,-1095.99
2050-06-17 11:00:00,-2123.37
2050-06-17 12:00:00,-2370.2
2050-06-17 13:00:00,-1859.14
2050-06-17 14:00:00,-50.12
2050-06-17 15:00:00,1092.27
2050-06-17 16:00:00,1157.72
2050-06-17 17:00:00,-1269.08
2050-06-17 18:00:00,70.8
2050-06-17 19:00:00,1481.14
2050-06-17 20:00:00,998.37
2050-06-17 21:00:00,1273.76
2050-06-17 22:00:00,-566.76
2050-06-17 23:00:00,486.82
2050-06-18 00:00:00,149.61
2050-06-18 01:00:00,508.68
2050-06-18 02:00:00,361.21
2050-06-18 03:00:00,-780.36
2050-06-18 04:00:00,-740.45
2050-06-18 05:00:00,-716.56
2050-06-18 06:00:00,-3118.82
2050-06-18 07:00:00,-2448.6
2050-06-18 08:00:00,-2067.11
2050-06-18 09:00:00,-2690.34
2050-06-18 10:00:00,-3730.54
2050-06-18 11:00:00,-4550.74
2050-06-18 12:00:00,-5518.29
2050-06-18 13:00:00,-5682.42
2050-06-18 14:00:00,-3631.76
2050-06-18 15:00:00,-4796.72
2050-06-18 16:00:00,-5193.22
2050-06-18 17:00:00,-5452.01
2050-06-18 18:00:00,-4079.28
2050-06-18 19:00:00,-3914.94
2050-06-18 20:00:00,-2862.16
2050-06-18 21:00:00,-2052.02
2050-06-18 22:00:00,-1495.75
2050-06-18 23:00:00,-1675.77
2050-06-19 00:00:00,-2194.37
2050-06-19 01:00:00,-3603.96
2050-06-19 02:00:00,-3931.69
2050-06-19 03:00:00,-2422.69
2050-06-19 04:00:00,-3369.56
2050-06-19 05:00:00,-2219.33
2050-06-19 06:00:00,-4013.78
2050-06-19 07:00:00,-3892.03
2050-06-19 08:00:00,-2836.3
2050-06-19 09:00:00,-2210.45
2050-06-19 10:00:00,-1111.44
2050-06-19 11:00:00,-1174.53
2050-06-19 12:00:00,-516.31
2050-06-19 13:00:00,-2359.67
2050-06-19 14:00:00,-2535.9
2050-06-19 15:00:00,-3314.4
2050-06-19 16:00:00,-2753.79
2050-06-19 17:00:00,-2354.15
2050-06-19 18:00:00,-999.67
2050-06-19 19:00:00,2189.24
2050-06-19 20:00:00,-1492.88
2050-06-19 21:00:00,1574.8
2050-06-19 22:00:00,752.71
2050-06-19 23:00:00,2541.57
2050-06-20 00:00:00,1569.43
2050-06-20 01:00:00,-1365.61
2050-06-20 02:00:00,-2895.5
2050-06-20 03:00:00,-2179.06
2050-06-20 04:00:00,-1567.11
2050-06-20 05:00:00,-2795.36
2050-06-20 06:00:00,-2740.12
2050-06-20 07:00:00,-2691.17
2050-06-20 08:00:00,-1974.57
2050-06-20 09:00:00,-2094.01
2050-06-20 10:00:00,-2833.22
2050-06-20 11:00:00,-2314.91
2050-06-20 12:00:00,-2091.31
2050-06-20 13:00:00,-1695.61
2050-06-20 14:00:00,-1374.61
2050-06-20 15:00:00,-1755.93
2050-06-20 16:00:00,-1288.08
2050-06-20 17:00:00,-933.97
2050-06-20 18:00:00,-2257.72
2050-06-20 19:00:00,-1973.31
2050-06-20 20:00:00,-1384.5
2050-06-20 21:00:00,-4231.75
2050-06-20 22:00:00,-3844.68
2050-06-20 23:00:00,-5005.13
2050-06-21 00:00:00,-5956.34
2050-06-21 01:00:00,-7092.33
2050-06-21 02:00:00,-7842.94
2050-06-21 03:00:00,-6665.6
2050-06-21 04:00:00,-4856.07
2050-06-21 05:00:00,-7036.05
2050-06-21 06:00:00,-5839.82
2050-06-21 07:00:00,-4394.05
2050-06-21 08:00:00,-2778.57
2050-06-21 09:00:00,-3504.61
2050-06-21 10:00:00,-3454.04
2050-06-21 11:00:00,-2938.52
2050-06-21 12:00:00,-2137.62
2050-06-21 13:00:00,-314.4
2050-06-21 14:00:00,-1163.61
2050-06-21 15:00:00,-1385.01
2050-06-21 16:00:00,-1475.78
2050-06-21 17:00:00,-964.06
2050-06-21 18:00:00,1719.11
2050-06-21 19:00:00,779.97
2050-06-21 20:00:00,9.0
2050-06-21 21:00:00,-2119.14
2050-06-21 22:00:00,-3075.63
2050-06-21 23:00:00,-2297.99
2050-06-22 00:00:00,-2507.84
2050-06-22 01:00:00,-3587.92
2050-06-22 02:00:00,-2636.28
2050-06-22 03:00:00,-3465.42
2050-06-22 04:00:00,-1879.29
2050-06-22 05:00:00,-4875.83
2050-06-22 06:00:00,-3378.07
2050-06-22 07:00:00,-4766.48
2050-06-22 08:00:00,-3275.4
2050-06-22 09:00:00,-4030.04
2050-06-22 10:00:00,-4666.35
2050-06-22 11:00:00,-3498.08
2050-06-22 12:00:00,-3468.87
2050-06-22 13:00:00,-1327.0
2050-06-22 14:00:00,-473.31
2050-06-22 15:00:00,-710.95
2050-06-22 16:00:00,-2356.03
2050-06-22 17:00:00,-1397.03
2050-06-22 18:00:00,-1672.63
2050-06-22 19:00:00,-1638.99
2050-06-22 20:00:00,-2237.81
2050-06-22 21:00:00,-2666.16
2050-06-22 22:00:00,-3364.04
2050-06-22 23:00:00,-3130.73
2050-06-23 00:00:00,-3432.22
2050-06-23 01:00:00,-4130.0
2050-06-23 02:00:00,-5696.62
2050-06-23 03:00:00,-6133.35
2050-06-23 04:00:00,-3853.39
2050-06-23 05:00:00,-5015.87
2050-06-23 06:00:00,-5692.47
2050-06-23 07:00:00,-5052.65
2050-06-23 08:00:00,-4410.38
2050-06-23 09:00:00,-5129.78
2050-06-23 10:00:00,-4764.55
2050-06-23 11:00:00,-3710.7
2050-06-23 12:00:00,-3201.99
2050-06-23 13:00:00,-2750.5
2050-06-23 14:00:00,-2971.19
2050-06-23 15:00:00,-2963.88
2050-06-23 16:00:00,-2494.82
2050-06-23 17:00:00,-2681.1
2050-06-23 18:00:00,-3052.35
2050-06-23 19:00:00,-2268.96
2050-06-23 20:00:00,-400.79
2050-06-23 21:00:00,871.63
2050-06-23 22:00:00,280.77
2050-06-23 23:00:00,-201.05
2050-06-24 00:00:00,-1830.21
2050-06-24 01:00:00,-2131.49
2050-06-24 02:00:00,-1932.26
2050-06-24 03:00:00,-1578.81
2050-06-24 04:00:00,-966.24
2050-06-24 05:00:00,-3760.01
2050-06-24 06:00:00,-2849.06
2050-06-24 07:00:00,-2052.2
2050-06-24 08:00:00,-165.07
2050-06-24 09:00:00,-644.47
2050-06-24 10:00:00,-226.36
2050-06-24 11:00:00,64.5
2050-06-24 12:00:00,-291.46
2050-06-24 13:00:00,-932.45
2050-06-24 14:00:00,-130.1
2050-06-24 15:00:00,907.38
2050-06-24 16:00:00,214.55
2050-06-24 17:00:00,606.44
2050-06-24 18:00:00,-753.21
2050-06-24 19:00:00,76.47
2050-06-24 20:00:00,-1517.67
2050-06-24 21:00:00,-1481.43
2050-06-24 22:00:00,-1364.96
2050-06-24 23:00:00,276.88
2050-06-25 00:00:00,-632.48
2050-06-25 01:00:00,-1331.52
2050-06-25 02:00:00,-628.13
2050-06-25 03:00:00,-1124.4
2050-06-25 04:00:00,-1051.74
2050-06-25 05:00:00,-352.69
2050-06-25 06:00:00,-119.07
2050-06-25 07:00:00,393.07
2050-06-25 08:00:00,2056.21
2050-06-25 09:00:00,2361.9
2050-06-25 10:00:00,2715.62
2050-06-25 11:00:00,1805.21
2050-06-25 12:00:00,1020.18
2050-06-25 13:00:00,464.19
2050-06-25 14:00:00,807.08
2050-06-25 15:00:00,857.28
2050-06-25 16:00:00,1839.6
2050-06-25 17:00:00,2740.77
2050-06-25 18:00:00,3633.48
2050-06-25 19:00:00,3151.27
2050-06-25 20:00:00,2904.9
2050-06-25 21:00:00,2209.17
2050-06-25 22:00:00,2527.28
2050-06-25 23:00:00,1033.24
2050-06-26 00:00:00,2173.21
2050-06-26 01:00:00,2193.66
2050-06-26 02:00:00,1986.26
2050-06-26 03:00:00,1483.56
2050-06-26 04:00:00,1458.64
2050-06-26 05:00:00,-696.85
2050-06-26 06:00:00,-247.34
2050-06-26 07:00:00,323.46
2050-06-26 08:00:00,371.84
2050-06-26 09:00:00,1595.84
2050-06-26 10:00:00,2102.24
2050-06-26 11:00:00,473.46
2050-06-26 12:00:00,431.09
2050-06-26 13:00:00,256.1
2050-06-26 14:00:00,598.45
2050-06-26 15:00:00,-1404.29
2050-06-26 16:00:00,-2712.51
2050-06-26 17:00:00,-3532.74
2050-06-26 18:00:00,-1934.93
2050-06-26 19:00:00,-1799.9
2050-06-26 20:00:00,-1487.46
2050-06-26 21:00:00,-2171.86
2050-06-26 22:00:00,-1940.67
2050-06-26 23:00:00,-2769.8
2050-06-27 00:00:00,-3363.43
2050-06-27 01:00:00,-3897.0
2050-06-27 02:00:00,-3720.78
2050-06-27 03:00:00,-3046.76
2050-06-27 04:00:00,-730.02
2050-06-27 05:00:00,-4591.89
2050-06-27 06:00:00,-7095.99
2050-06-27 07:00:00,-6132.35
2050-06-27 08:00:00,-5833.74
2050-06-27 09:00:00,-4525.02
2050-06-27 10:00:00,-4774.6
2050-06-27 11:00:00,-4661.08
2050-06-27 12:00:00,-5181.31
2050-06-27 13:00:00,-4776.07
2050-06-27 14:00:00,-5265.83
2050-06-27 15:00:00,-3374.9
2050-06-27 16:00:00,-4488.09
2050-06-27 17:00:00,-3381.91
2050-06-27 18:00:00,-2265.35
2050-06-27 19:00:00,-2613.82
2050-06-27 20:00:00,-2823.8
2050-06-27 21:00:00,-3095.52
2050-06-27 22:00:00,-2102.71
2050-06-27 23:00:00,-1917.94
2050-06-28 00:00:00,-3995.32
2050-06-28 01:00:00,-4118.82
2050-06-28 02:00:00,-4494.44
2050-06-28 03:00:00,-4865.19
2050-06-28 04:00:00,-2009.07
2050-06-28 05:00:00,-3047.75
2050-06-28 06:00:00,-2182.39
2050-06-28 07:00:00,-695.8
2050-06-28 08:00:00,-2015.29
2050-06-28 09:00:00,-838.03
2050-06-28 10:00:00,-1370.46
2050-06-28 11:00:00,-796.08
2050-06-28 12:00:00,229.78
2050-06-28 13:00:00,-71.33
2050-06-28 14:00:00,716.48
2050-06-28 15:00:00,1278.16
2050-06-28 16:00:00,667.97
2050-06-28 17:00:00,880.95
2050-06-28 18:00:00,-228.43
2050-06-28 19:00:00,162.29
2050-06-28 20:00:00,-298.5
2050-06-28 21:00:00,1307.35
2050-06-28 22:00:00,1196.54
2050-06-28 23:00:00,-365.96
2050-06-29 00:00:00,-3042.94
2050-06-29 01:00:00,-2935.3
2050-06-29 02:00:00,-3931.92
2050-06-29 03:00:00,-3570.9
2050-06-29 04:00:00,-2676.5
2050-06-29 05:00:00,-1090.52
2050-06-29 06:00:00,-1391.27
2050-06-29 07:00:00,-950.34
2050-06-29 08:00:00,-1061.3
2050-06-29 09:00:00,-1214.43
2050-06-29 10:00:00,-1100.6
2050-06-29 11:00:00,-627.61
2050-06-29 12:00:00,161.99
2050-06-29 13:00:00,535.17
2050-06-29 14:00:00,-464.94
2050-06-29 15:00:00,-778.22
2050-06-29 16:00:00,-1247.98
2050-06-29 17:00:00,-2097.56
2050-06-29 18:00:00,-2835.0
2050-06-29 19:00:00,-736.51
2050-06-29 20:00:00,-838.1
2050-06-29 21:00:00,-2175.32
2050-06-29 22:00:00,-4130.2
2050-06-29 23:00:00,-4041.41
2050-06-30 00:00:00,-3679.16
2050-06-30 01:00:00,-3208.88
2050-06-30 02:00:00,-3178.89
2050-06-30 03:00:00,-2675.09
2050-06-30 04:00:00,-1285.97
2050-06-30 05:00:00,-1101.13
2050-06-30 06:00:00,-3372.03
2050-06-30 07:00:00,-2866.94
2050-06-30 08:00:00,-2977.14
2050-06-30 09:00:00,-2353.39
2050-06-30 10:00:00,-1789.73
2050-06-30 11:00:00,-1301.53
2050-06-30 12:00:00,-1634.43
2050-06-30 13:00:00,-2944.44
2050-06-30 14:00:00,-2659.01
2050-06-30 15:00:00,-3189.3
2050-06-30 16:00:00,-3390.91
2050-06-30 17:00:00,-3909.86
2050-06-30 18:00:00,-4278.45
2050-06-30 19:00:00,-4609.8
2050-06-30 20:00:00,-3460.86
2050-06-30 21:00:00,-3620.37
2050-06-30 22:00:00,-3185.55
2050-06-30 23:00:00,-2698.65
2050-07-01 00:00:00,-2203.31
2050-07-01 01:00:00,-2762.57
2050-07-01 02:00:00,-1567.56
2050-07-01 03:00:00,-2446.03
2050-07-01 04:00:00,-3820.0
2050-07-01 05:00:00,-2405.5
2050-07-01 06:00:00,-2555.47
2050-07-01 07:00:00,-2403.17
2050-07-01 08:00:00,-1944.13
2050-07-01 09:00:00,-1284.79
2050-07-01 10:00:00,-1859.11
2050-07-01 11:00:00,-1796.52
2050-07-01 12:00:00,-1751.63
2050-07-01 13:00:00,-3384.63
2050-07-01 14:00:00,-2880.7
2050-07-01 15:00:00,-3524.35
2050-07-01 16:00:00,-3588.05
2050-07-01 17:00:00,-3548.35
2050-07-01 18:00:00,-4194.29
2050-07-01 19:00:00,-3151.17
2050-07-01 20:00:00,-1861.76
2050-07-01 21:00:00,1320.51
2050-07-01 22:00:00,-1190.82
2050-07-01 23:00:00,-751.15
2050-07-02 00:00:00,26.83
2050-07-02 01:00:00,713.74
2050-07-02 02:00:00,99.46
2050-07-02 03:00:00,-965.1
2050-07-02 04:00:00,-722.78
2050-07-02 05:00:00,-1628.64
2050-07-02 06:00:00,-1540.79
2050-07-02 07:00:00,-1913.58
2050-07-02 08:00:00,-1427.31
2050-07-02 09:00:00,-1062.52
2050-07-02 10:00:00,-1638.01
2050-07-02 11:00:00,-1219.64
2050-07-02 12:00:00,-1537.04
2050-07-02 13:00:00,-2002.57
2050-07-02 14:00:00,-2040.45
2050-07-02 15:00:00,-17.68
2050-07-02 16:00:00,-2292.06
2050-07-02 17:00:00,-680.67
2050-07-02 18:00:00,-1794.83
2050-07-02 19:00:00,3081.65
2050-07-02 20:00:00,531.63
2050-07-02 21:00:00,1372.86
2050-07-02 22:00:00,361.13
2050-07-02 23:00:00,-199.59
2050-07-03 00:00:00,-419.53
2050-07-03 01:00:00,-578.37
2050-07-03 02:00:00,-543.7
2050-07-03 03:00:00,-963.55
2050-07-03 04:00:00,-1198.04
2050-07-03 05:00:00,-2141.35
2050-07-03 06:00:00,-2013.06
2050-07-03 07:00:00,-1584.41
2050-07-03 08:00:00,-1138.97
2050-07-03 09:00:00,-748.11
2050-07-03 10:00:00,-57.27
2050-07-03 11:00:00,161.18
2050-07-03 12:00:00,525.78
2050-07-03 13:00:00,998.08
2050-07-03 14:00:00,1971.4
2050-07-03 15:00:00,3030.99
2050-07-03 16:00:00,2967.97
2050-07-03 17:00:00,3860.9
2050-07-03 18:00:00,2718.25
2050-07-03 19:00:00,1989.8
2050-07-03 20:00:00,3075.69
2050-07-03 21:00:00,3545.95
2050-07-03 22:00:00,3584.43
2050-07-03 23:00:00,2719.18
2050-07-04 00:00:00,3306.8
2050-07-04 01:00:00,2462.49
2050-07-04 02:00:00,2531.1
2050-07-04 03:00:00,2203.91
2050-07-04 04:00:00,2083.77
2050-07-04 05:00:00,1951.99
2050-07-04 06:00:00,1039.89
2050-07-04 07:00:00,284.26
2050-07-04 08:00:00,347.16
2050-07-04 09:00:00,1204.15
2050-07-04 10:00:00,1126.35
2050-07-04 11:00:00,1423.05
2050-07-04 12:00:00,2084.73
2050-07-04 13:00:00,2268.29
2050-07-04 14:00:00,2345.28
2050-07-04 15:00:00,3797.43
2050-07-04 16:00:00,5426.72
2050-07-04 17:00:00,5566.23
2050-07-04 18:00:00,4997.2
2050-07-04 19:00:00,5574.67
2050-07-04 20:00:00,4842.46
2050-07-04 21:00:00,4976.34
2050-07-04 22:00:00,4933.71
2050-07-04 23:00:00,4693.45
2050-07-05 00:00:00,4021.0
2050-07-05 01:00:00,3321.4
2050-07-05 02:00:00,2488.16
2050-07-05 03:00:00,2326.44
2050-07-05 04:00:00,2278.86
2050-07-05 05:00:00,749.15
2050-07-05 06:00:00,100.73
2050-07-05 07:00:00,510.68
2050-07-05 08:00:00,874.79
2050-07-05 09:00:00,300.63
2050-07-05 10:00:00,-44.25
2050-07-05 11:00:00,-19.18
2050-07-05 12:00:00,-240.78
2050-07-05 13:00:00,-463.29
2050-07-05 14:00:00,-615.15
2050-07-05 15:00:00,-938.51
2050-07-05 16:00:00,-1201.2
2050-07-05 17:00:00,598.12
2050-07-05 18:00:00,120.59
2050-07-05 19:00:00,-1962.75
2050-07-05 20:00:00,-1275.4
2050-07-05 21:00:00,-1050.58
2050-07-05 22:00:00,-1568.12
2050-07-05 23:00:00,-1385.31
2050-07-06 00:00:00,-1282.1
2050-07-06 01:00:00,-2170.23
2050-07-06 02:00:00,-2043.24
2050-07-06 03:00:00,-1179.84
2050-07-06 04:00:00,-1575.08
2050-07-06 05:00:00,-2434.68
2050-07-06 06:00:00,-1229.98
2050-07-06 07:00:00,1122.84
2050-07-06 08:00:00,774.94
2050-07-06 09:00:00,2422.87
2050-07-06 10:00:00,2131.02
2050-07-06 11:00:00,2584.48
2050-07-06 12:00:00,1579.94
2050-07-06 13:00:00,1064.57
2050-07-06 14:00:00,2326.74
2050-07-06 15:00:00,-1480.08
2050-07-06 16:00:00,-1975.47
2050-07-06 17:00:00,-3490.37
2050-07-06 18:00:00,-635.28
2050-07-06 19:00:00,300.28
2050-07-06 20:00:00,1246.99
2050-07-06 21:00:00,1932.81
2050-07-06 22:00:00,1255.29
2050-07-06 23:00:00,1695.28
2050-07-07 00:00:00,-2170.9
2050-07-07 01:00:00,-2018.79
2050-07-07 02:00:00,-2177.11
2050-07-07 03:00:00,-1725.89
2050-07-07 04:00:00,-1933.04
2050-07-07 05:00:00,-4060.01
2050-07-07 06:00:00,-4619.96
2050-07-07 07:00:00,-3158.92
2050-07-07 08:00:00,-2786.74
2050-07-07 09:00:00,-2587.48
2050-07-07 10:00:00,-2918.34
2050-07-07 11:00:00,-3411.94
2050-07-07 12:00:00,-4028.18
2050-07-07 13:00:00,-3740.0
2050-07-07 14:00:00,-2839.25
2050-07-07 15:00:00,-4405.01
2050-07-07 16:00:00,-333.62
2050-07-07 17:00:00,908.59
2050-07-07 18:00:00,2304.67
2050-07-07 19:00:00,3480.28
2050-07-07 20:00:00,2408.41
2050-07-07 21:00:00,1564.16
2050-07-07 22:00:00,1032.85
2050-07-07 23:00:00,1949.94
2050-07-08 00:00:00,1857.63
2050-07-08 01:00:00,1857.18
2050-07-08 02:00:00,1107.09
2050-07-08 03:00:00,1439.9
2050-07-08 04:00:00,1248.69
2050-07-08 05:00:00,-659.57
2050-07-08 06:00:00,-586.57
2050-07-08 07:00:00,-609.13
2050-07-08 08:00:00,-315.74
2050-07-08 09:00:00,-601.23
2050-07-08 10:00:00,-1231.04
2050-07-08 11:00:00,-1608.09
2050-07-08 12:00:00,-1395.03
2050-07-08 13:00:00,-1875.68
2050-07-08 14:00:00,-2198.31
2050-07-08 15:00:00,-2102.99
2050-07-08 16:00:00,-124.36
2050-07-08 17:00:00,726.64
2050-07-08 18:00:00,1697.72
2050-07-08 19:00:00,3061.97
2050-07-08 20:00:00,4553.72
2050-07-08 21:00:00,3030.86
2050-07-08 22:00:00,2669.86
2050-07-08 23:00:00,3126.43
2050-07-09 00:00:00,3041.67
2050-07-09 01:00:00,2817.09
2050-07-09 02:00:00,2397.23
2050-07-09 03:00:00,1151.39
2050-07-09 04:00:00,-1081.01
2050-07-09 05:00:00,-1300.96
2050-07-09 06:00:00,-635.58
2050-07-09 07:00:00,396.62
2050-07-09 08:00:00,-319.72
2050-07-09 09:00:00,-1528.68
2050-07-09 10:00:00,-1450.41
2050-07-09 11:00:00,-1055.38
2050-07-09 12:00:00,-1084.98
2050-07-09 13:00:00,-535.84
2050-07-09 14:00:00,1017.87
2050-07-09 15:00:00,1680.77
2050-07-09 16:00:00,2322.5
2050-07-09 17:00:00,2762.71
2050-07-09 18:00:00,1931.25
2050-07-09 19:00:00,1528.14
2050-07-09 20:00:00,1589.27
2050-07-09 21:00:00,1717.07
2050-07-09 22:00:00,1982.76
2050-07-09 23:00:00,395.63
2050-07-10 00:00:00,3007.1
2050-07-10 01:00:00,1458.82
2050-07-10 02:00:00,423.19
2050-07-10 03:00:00,471.38
2050-07-10 04:00:00,541.9
2050-07-10 05:00:00,-1396.13
2050-07-10 06:00:00,-1889.53
2050-07-10 07:00:00,-1621.6
2050-07-10 08:00:00,-1884.86
2050-07-10 09:00:00,-1117.9
2050-07-10 10:00:00,-877.62
2050-07-10 11:00:00,-1092.71
2050-07-10 12:00:00,-1663.92
2050-07-10 13:00:00,-1062.3
2050-07-10 14:00:00,-918.52
2050-07-10 15:00:00,-530.09
2050-07-10 16:00:00,-785.87
2050-07-10 17:00:00,-454.95
2050-07-10 18:00:00,116.12
2050-07-10 19:00:00,-436.25
2050-07-10 20:00:00,-170.2
2050-07-10 21:00:00,-1844.43
2050-07-10 22:00:00,-1918.09
2050-07-10 23:00:00,-3415.54
2050-07-11 00:00:00,-1115.21
2050-07-11 01:00:00,-1209.53
2050-07-11 02:00:00,-956.0
2050-07-11 03:00:00,-73.35
2050-07-11 04:00:00,35.91
2050-07-11 05:00:00,-1215.0
2050-07-11 06:00:00,-2473.61
2050-07-11 07:00:00,-1594.37
2050-07-11 08:00:00,-1143.04
2050-07-11 09:00:00,-972.6
2050-07-11 10:00:00,-948.29
2050-07-11 11:00:00,-889.85
2050-07-11 12:00:00,-1038.99
2050-07-11 13:00:00,-404.11
2050-07-11 14:00:00,-219.76
2050-07-11 15:00:00,-26.2
2050-07-11 16:00:00,-193.76
2050-07-11 17:00:00,-1305.35
2050-07-11 18:00:00,1205.21
2050-07-11 19:00:00,1143.71
2050-07-11 20:00:00,-10.57
2050-07-11 21:00:00,1578.19
2050-07-11 22:00:00,1411.49
2050-07-11 23:00:00,-484.01
2050-07-12 00:00:00,1652.19
2050-07-12 01:00:00,-57.83
2050-07-12 02:00:00,-1157.65
2050-07-12 03:00:00,-465.67
2050-07-12 04:00:00,106.77
2050-07-12 05:00:00,921.81
2050-07-12 06:00:00,-288.01
2050-07-12 07:00:00,-162.62
2050-07-12 08:00:00,-1320.33
2050-07-12 09:00:00,-1519.42
2050-07-12 10:00:00,-2172.53
2050-07-12 11:00:00,-1721.89
2050-07-12 12:00:00,-2140.98
2050-07-12 13:00:00,-2769.08
2050-07-12 14:00:00,-1525.06
2050-07-12 15:00:00,-702.23
2050-07-12 16:00:00,-2358.27
2050-07-12 17:00:00,-1233.31
2050-07-12 18:00:00,-2299.13
2050-07-12 19:00:00,-4529.07
2050-07-12 20:00:00,-5188.02
2050-07-12 21:00:00,-2255.81
2050-07-12 22:00:00,-3018.27
2050-07-12 23:00:00,-2247.7
2050-07-13 00:00:00,-1097.07
2050-07-13 01:00:00,-237.61
2050-07-13 02:00:00,-538.47
2050-07-13 03:00:00,783.67
2050-07-13 04:00:00,914.6
2050-07-13 05:00:00,-220.06
2050-07-13 06:00:00,-221.43
2050-07-13 07:00:00,-57.3
2050-07-13 08:00:00,-509.07
2050-07-13 09:00:00,-891.04
2050-07-13 10:00:00,-537.67
2050-07-13 11:00:00,-1100.85
2050-07-13 12:00:00,-357.07
2050-07-13 13:00:00,-866.97
2050-07-13 14:00:00,-744.16
2050-07-13 15:00:00,-1321.23
2050-07-13 16:00:00,161.62
2050-07-13 17:00:00,405.69
2050-07-13 18:00:00,1069.91
2050-07-13 19:00:00,1081.33
2050-07-13 20:00:00,403.0
2050-07-13 21:00:00,977.91
2050-07-13 22:00:00,748.81
2050-07-13 23:00:00,-249.34
2050-07-14 00:00:00,-1255.33
2050-07-14 01:00:00,-925.25
2050-07-14 02:00:00,-1007.6
2050-07-14 03:00:00,306.06
2050-07-14 04:00:00,742.44
2050-07-14 05:00:00,282.12
2050-07-14 06:00:00,-113.71
2050-07-14 07:00:00,656.99
2050-07-14 08:00:00,83.95
2050-07-14 09:00:00,-576.67
2050-07-14 10:00:00,-1851.78
2050-07-14 11:00:00,-575.34
2050-07-14 12:00:00,-1369.61
2050-07-14 13:00:00,-214.19
2050-07-14 14:00:00,-166.0
2050-07-14 15:00:00,-359.81
2050-07-14 16:00:00,783.91
2050-07-14 17:00:00,-1872.94
2050-07-14 18:00:00,360.23
2050-07-14 19:00:00,-1072.51
2050-07-14 20:00:00,-2400.22
2050-07-14 21:00:00,-395.4
2050-07-14 22:00:00,-1842.59
2050-07-14 23:00:00,-654.94
2050-07-15 00:00:00,171.57
2050-07-15 01:00:00,1031.47
2050-07-15 02:00:00,77.6
2050-07-15 03:00:00,1217.41
2050-07-15 04:00:00,1019.3
2050-07-15 05:00:00,985.35
2050-07-15 06:00:00,1817.38
2050-07-15 07:00:00,2353.4
2050-07-15 08:00:00,1766.49
2050-07-15 09:00:00,2183.16
2050-07-15 10:00:00,1920.25
2050-07-15 11:00:00,2298.45
2050-07-15 12:00:00,1426.69
2050-07-15 13:00:00,1560.92
2050-07-15 14:00:00,2329.69
2050-07-15 15:00:00,2926.03
2050-07-15 16:00:00,2674.45
2050-07-15 17:00:00,2507.11
2050-07-15 18:00:00,2548.7
2050-07-15 19:00:00,2022.85
2050-07-15 20:00:00,2964.2
2050-07-15 21:00:00,963.68
2050-07-15 22:00:00,-1059.78
2050-07-15 23:00:00,-1811.54
2050-07-16 00:00:00,-1993.31
2050-07-16 01:00:00,-1820.2
2050-07-16 02:00:00,-1267.29
2050-07-16 03:00:00,-1008.04
2050-07-16 04:00:00,-208.55
2050-07-16 05:00:00,-2035.95
2050-07-16 06:00:00,-1585.88
2050-07-16 07:00:00,-1063.55
2050-07-16 08:00:00,-1529.65
2050-07-16 09:00:00,-605.1
2050-07-16 10:00:00,-615.39
2050-07-16 11:00:00,-367.74
2050-07-16 12:00:00,165.19
2050-07-16 13:00:00,-67.42
2050-07-16 14:00:00,-14.13
2050-07-16 15:00:00,-193.8
2050-07-16 16:00:00,322.25
2050-07-16 17:00:00,370.9
2050-07-16 18:00:00,1507.72
2050-07-16 19:00:00,426.33
2050-07-16 20:00:00,690.97
2050-07-16 21:00:00,1807.72
2050-07-16 22:00:00,1667.15
2050-07-16 23:00:00,1562.65
2050-07-17 00:00:00,987.91
2050-07-17 01:00:00,1879.3
2050-07-17 02:00:00,1695.33
2050-07-17 03:00:00,2082.38
2050-07-17 04:00:00,2725.21
2050-07-17 05:00:00,1276.44
2050-07-17 06:00:00,567.66
2050-07-17 07:00:00,387.57
2050-07-17 08:00:00,-120.0
2050-07-17 09:00:00,-155.42
2050-07-17 10:00:00,-122.25
2050-07-17 11:00:00,-678.1
2050-07-17 12:00:00,883.16
2050-07-17 13:00:00,-84.85
2050-07-17 14:00:00,-623.0
2050-07-17 15:00:00,-589.27
2050-07-17 16:00:00,-1306.16
2050-07-17 17:00:00,-950.02
2050-07-17 18:00:00,-1429.46
2050-07-17 19:00:00,-2960.02
2050-07-17 20:00:00,-2497.12
2050-07-17 21:00:00,-343.58
2050-07-17 22:00:00,1767.73
2050-07-17 23:00:00,2548.97
2050-07-18 00:00:00,1661.27
2050-07-18 01:00:00,2653.83
2050-07-18 02:00:00,1495.08
2050-07-18 03:00:00,1433.02
2050-07-18 04:00:00,846.48
2050-07-18 05:00:00,-1182.59
2050-07-18 06:00:00,-997.15
2050-07-18 07:00:00,-2205.29
2050-07-18 08:00:00,-1368.41
2050-07-18 09:00:00,-296.13
2050-07-18 10:00:00,-2231.21
2050-07-18 11:00:00,-3335.81
2050-07-18 12:00:00,-3441.96
2050-07-18 13:00:00,-2327.63
2050-07-18 14:00:00,-2575.0
2050-07-18 15:00:00,-1319.69
2050-07-18 16:00:00,-1850.35
2050-07-18 17:00:00,-2486.52
2050-07-18 18:00:00,-1750.36
2050-07-18 19:00:00,-188.89
2050-07-18 20:00:00,772.0
2050-07-18 21:00:00,-33.7
2050-07-18 22:00:00,-483.86
2050-07-18 23:00:00,-1176.65
2050-07-19 00:00:00,-650.87
2050-07-19 01:00:00,381.79
2050-07-19 02:00:00,157.51
2050-07-19 03:00:00,-329.34
2050-07-19 04:00:00,-5.73
2050-07-19 05:00:00,-1416.07
2050-07-19 06:00:00,-1033.49
2050-07-19 07:00:00,-888.46
2050-07-19 08:00:00,-185.17
2050-07-19 09:00:00,-761.92
2050-07-19 10:00:00,-275.0
2050-07-19 11:00:00,-497.77
2050-07-19 12:00:00,-322.18
2050-07-19 13:00:00,216.21
2050-07-19 14:00:00,660.48
2050-07-19 15:00:00,234.75
2050-07-19 16:00:00,356.5
2050-07-19 17:00:00,840.85
2050-07-19 18:00:00,209.17
2050-07-19 19:00:00,2142.97
2050-07-19 20:00:00,1684.57
2050-07-19 21:00:00,684.75
2050-07-19 22:00:00,-225.75
2050-07-19 23:00:00,-217.22
2050-07-20 00:00:00,255.42
2050-07-20 01:00:00,-603.83
2050-07-20 02:00:00,-919.69
2050-07-20 03:00:00,-1339.19
2050-07-20 04:00:00,-534.66
2050-07-20 05:00:00,-2088.15
2050-07-20 06:00:00,-970.06
2050-07-20 07:00:00,-1407.76
2050-07-20 08:00:00,-1305.42
2050-07-20 09:00:00,-273.13
2050-07-20 10:00:00,863.24
2050-07-20 11:00:00,1009.49
2050-07-20 12:00:00,1241.35
2050-07-20 13:00:00,803.79
2050-07-20 14:00:00,577.19
2050-07-20 15:00:00,-1020.22
2050-07-20 16:00:00,879.21
2050-07-20 17:00:00,326.79
2050-07-20 18:00:00,1028.55
2050-07-20 19:00:00,662.44
2050-07-20 20:00:00,-351.61
2050-07-20 21:00:00,-1754.72
2050-07-20 22:00:00,-752.28
2050-07-20 23:00:00,1774.36
2050-07-21 00:00:00,845.49
2050-07-21 01:00:00,1434.29
2050-07-21 02:00:00,1839.65
2050-07-21 03:00:00,1039.4
2050-07-21 04:00:00,683.98
2050-07-21 05:00:00,-1280.65
2050-07-21 06:00:00,-342.1
2050-07-21 07:00:00,-1683.75
2050-07-21 08:00:00,-1294.94
2050-07-21 09:00:00,-1663.09
2050-07-21 10:00:00,-1859.71
2050-07-21 11:00:00,-583.8
2050-07-21 12:00:00,212.65
2050-07-21 13:00:00,590.03
2050-07-21 14:00:00,-2033.82
2050-07-21 15:00:00,-1631.42
2050-07-21 16:00:00,-1776.36
2050-07-21 17:00:00,-795.86
2050-07-21 18:00:00,-976.69
2050-07-21 19:00:00,-918.08
2050-07-21 20:00:00,-3413.1
2050-07-21 21:00:00,-4631.54
2050-07-21 22:00:00,-5490.83
2050-07-21 23:00:00,-6539.64
2050-07-22 00:00:00,-7244.54
2050-07-22 01:00:00,-7094.7
2050-07-22 02:00:00,-7080.09
2050-07-22 03:00:00,-4141.41
2050-07-22 04:00:00,-3467.12
2050-07-22 05:00:00,-3597.88
2050-07-22 06:00:00,-2480.19
2050-07-22 07:00:00,-903.55
2050-07-22 08:00:00,-1077.51
2050-07-22 09:00:00,-1188.51
2050-07-22 10:00:00,878.76
2050-07-22 11:00:00,2635.07
2050-07-22 12:00:00,2092.14
2050-07-22 13:00:00,1128.85
2050-07-22 14:00:00,224.54
2050-07-22 15:00:00,48.9
2050-07-22 16:00:00,-271.38
2050-07-22 17:00:00,-202.33
2050-07-22 18:00:00,-1526.68
2050-07-22 19:00:00,-4196.81
2050-07-22 20:00:00,534.16
2050-07-22 21:00:00,1679.21
2050-07-22 22:00:00,2457.95
2050-07-22 23:00:00,3276.87
2050-07-23 00:00:00,1455.53
2050-07-23 01:00:00,-3546.39
2050-07-23 02:00:00,-3278.0
2050-07-23 03:00:00,-4643.55
2050-07-23 04:00:00,-1890.45
2050-07-23 05:00:00,-1842.01
2050-07-23 06:00:00,-1572.29
2050-07-23 07:00:00,-3348.79
2050-07-23 08:00:00,-3534.94
2050-07-23 09:00:00,-1484.96
2050-07-23 10:00:00,-992.75
2050-07-23 11:00:00,-976.57
2050-07-23 12:00:00,-271.71
2050-07-23 13:00:00,179.24
2050-07-23 14:00:00,410.63
2050-07-23 15:00:00,99.97
2050-07-23 16:00:00,127.36
2050-07-23 17:00:00,-196.44
2050-07-23 18:00:00,-966.37
2050-07-23 19:00:00,-1600.63
2050-07-23 20:00:00,-566.25
2050-07-23 21:00:00,-460.88
2050-07-23 22:00:00,-519.56
2050-07-23 23:00:00,-1232.01
2050-07-24 00:00:00,-94.3
2050-07-24 01:00:00,-753.87
2050-07-24 02:00:00,-1205.87
2050-07-24 03:00:00,410.2
2050-07-24 04:00:00,241.92
2050-07-24 05:00:00,-790.82
2050-07-24 06:00:00,-751.82
2050-07-24 07:00:00,-382.9
2050-07-24 08:00:00,-102.56
2050-07-24 09:00:00,-604.52
2050-07-24 10:00:00,12.1
2050-07-24 11:00:00,308.96
2050-07-24 12:00:00,109.25
2050-07-24 13:00:00,-454.46
2050-07-24 14:00:00,-528.07
2050-07-24 15:00:00,471.05
2050-07-24 16:00:00,543.7
2050-07-24 17:00:00,1918.57
2050-07-24 18:00:00,2984.06
2050-07-24 19:00:00,2255.49
2050-07-24 20:00:00,1578.28
2050-07-24 21:00:00,1733.62
2050-07-24 22:00:00,804.94
2050-07-24 23:00:00,1789.99
2050-07-25 00:00:00,753.11
2050-07-25 01:00:00,795.41
2050-07-25 02:00:00,-169.38
2050-07-25 03:00:00,-398.16
2050-07-25 04:00:00,-709.46
2050-07-25 05:00:00,-1018.14
2050-07-25 06:00:00,-1609.27
2050-07-25 07:00:00,-1239.73
2050-07-25 08:00:00,-1770.32
2050-07-25 09:00:00,154.3
2050-07-25 10:00:00,159.25
2050-07-25 11:00:00,919.11
2050-07-25 12:00:00,604.43
2050-07-25 13:00:00,1342.07
2050-07-25 14:00:00,647.99
2050-07-25 15:00:00,-393.88
2050-07-25 16:00:00,-142.81
2050-07-25 17:00:00,-54.26
2050-07-25 18:00:00,-491.64
2050-07-25 19:00:00,-667.49
2050-07-25 20:00:00,2662.55
2050-07-25 21:00:00,936.43
2050-07-25 22:00:00,1369.4
2050-07-25 23:00:00,-243.42
2050-07-26 00:00:00,-744.13
2050-07-26 01:00:00,-17.67
2050-07-26 02:00:00,683.1
2050-07-26 03:00:00,1248.6
2050-07-26 04:00:00,1400.33
2050-07-26 05:00:00,-1151.74
2050-07-26 06:00:00,-987.59
2050-07-26 07:00:00,-336.58
2050-07-26 08:00:00,64.43
2050-07-26 09:00:00,1310.34
2050-07-26 10:00:00,1500.54
2050-07-26 11:00:00,2011.97
2050-07-26 12:00:00,2132.39
2050-07-26 13:00:00,1365.09
2050-07-26 14:00:00,803.94
2050-07-26 15:00:00,820.08
2050-07-26 16:00:00,839.72
2050-07-26 17:00:00,1.96
2050-07-26 18:00:00,403.77
2050-07-26 19:00:00,350.86
2050-07-26 20:00:00,1285.46
2050-07-26 21:00:00,1280.54
2050-07-26 22:00:00,1352.83
2050-07-26 23:00:00,1631.09
2050-07-27 00:00:00,1552.17
2050-07-27 01:00:00,740.61
2050-07-27 02:00:00,1009.91
2050-07-27 03:00:00,1417.76
2050-07-27 04:00:00,1645.23
2050-07-27 05:00:00,456.27
2050-07-27 06:00:00,317.58
2050-07-27 07:00:00,312.4
2050-07-27 08:00:00,222.41
2050-07-27 09:00:00,-158.95
2050-07-27 10:00:00,-402.99
2050-07-27 11:00:00,1049.51
2050-07-27 12:00:00,-52.93
2050-07-27 13:00:00,-499.1
2050-07-27 14:00:00,-1680.59
2050-07-27 15:00:00,-1736.68
2050-07-27 16:00:00,-1863.19
2050-07-27 17:00:00,-1547.94
2050-07-27 18:00:00,-1244.65
2050-07-27 19:00:00,-1649.12
2050-07-27 20:00:00,-1949.51
2050-07-27 21:00:00,-2032.26
2050-07-27 22:00:00,-1433.31
2050-07-27 23:00:00,255.07
2050-07-28 00:00:00,1609.65
2050-07-28 01:00:00,323.81
2050-07-28 02:00:00,242.18
2050-07-28 03:00:00,808.02
2050-07-28 04:00:00,2000.07
2050-07-28 05:00:00,1128.53
2050-07-28 06:00:00,661.35
2050-07-28 07:00:00,1135.02
2050-07-28 08:00:00,765.97
2050-07-28 09:00:00,970.95
2050-07-28 10:00:00,1357.15
2050-07-28 11:00:00,958.89
2050-07-28 12:00:00,1847.72
2050-07-28 13:00:00,2112.57
2050-07-28 14:00:00,1616.39
2050-07-28 15:00:00,1616.79
2050-07-28 16:00:00,867.83
2050-07-28 17:00:00,569.43
2050-07-28 18:00:00,1172.63
2050-07-28 19:00:00,1822.42
2050-07-28 20:00:00,968.77
2050-07-28 21:00:00,1476.72
2050-07-28 22:00:00,687.05
2050-07-28 23:00:00,455.36
2050-07-29 00:00:00,-1022.28
2050-07-29 01:00:00,1073.34
2050-07-29 02:00:00,767.28
2050-07-29 03:00:00,280.88
2050-07-29 04:00:00,-514.54
2050-07-29 05:00:00,-2112.68
2050-07-29 06:00:00,-1315.05
2050-07-29 07:00:00,-1958.19
2050-07-29 08:00:00,-1572.69
2050-07-29 09:00:00,-1030.48
2050-07-29 10:00:00,-631.14
2050-07-29 11:00:00,-775.5
2050-07-29 12:00:00,-1021.85
2050-07-29 13:00:00,-1433.1
2050-07-29 14:00:00,-3324.93
2050-07-29 15:00:00,-3362.83
2050-07-29 16:00:00,-1870.93
2050-07-29 17:00:00,-2022.48
2050-07-29 18:00:00,-1839.18
2050-07-29 19:00:00,-1914.44
2050-07-29 20:00:00,-889.01
2050-07-29 21:00:00,-2205.36
2050-07-29 22:00:00,-743.58
2050-07-29 23:00:00,-623.07
2050-07-30 00:00:00,-1015.78
2050-07-30 01:00:00,-1252.37
2050-07-30 02:00:00,-2338.91
2050-07-30 03:00:00,-1153.59
2050-07-30 04:00:00,-1572.07
2050-07-30 05:00:00,-1601.68
2050-07-30 06:00:00,-3230.28
2050-07-30 07:00:00,-2312.62
2050-07-30 08:00:00,-2167.95
2050-07-30 09:00:00,-1250.36
2050-07-30 10:00:00,-503.78
2050-07-30 11:00:00,607.46
2050-07-30 12:00:00,1303.49
2050-07-30 13:00:00,927.84
2050-07-30 14:00:00,1941.55
2050-07-30 15:00:00,2120.58
2050-07-30 16:00:00,998.65
2050-07-30 17:00:00,223.14
2050-07-30 18:00:00,1193.83
2050-07-30 19:00:00,1596.45
2050-07-30 20:00:00,1610.6
2050-07-30 21:00:00,2233.54
2050-07-30 22:00:00,2531.45
2050-07-30 23:00:00,1982.52
2050-07-31 00:00:00,2165.65
2050-07-31 01:00:00,1396.2
2050-07-31 02:00:00,1246.79
2050-07-31 03:00:00,1556.73
2050-07-31 04:00:00,1237.21
2050-07-31 05:00:00,-508.31
2050-07-31 06:00:00,-305.8
2050-07-31 07:00:00,-180.9
2050-07-31 08:00:00,-93.41
2050-07-31 09:00:00,-716.93
2050-07-31 10:00:00,-598.44
2050-07-31 11:00:00,-531.73
2050-07-31 12:00:00,-94.23
2050-07-31 13:00:00,297.83
2050-07-31 14:00:00,990.76
2050-07-31 15:00:00,1519.89
2050-07-31 16:00:00,1890.97
2050-07-31 17:00:00,3777.36
2050-07-31 18:00:00,4349.02
2050-07-31 19:00:00,3700.14
2050-07-31 20:00:00,3331.02
2050-07-31 21:00:00,3582.07
2050-07-31 22:00:00,3054.92
2050-07-31 23:00:00,3413.91
2050-08-01 00:00:00,3369.21
2050-08-01 01:00:00,2849.37
2050-08-01 02:00:00,2275.66
2050-08-01 03:00:00,1446.25
2050-08-01 04:00:00,1276.37
2050-08-01 05:00:00,-55.2
2050-08-01 06:00:00,637.71
2050-08-01 07:00:00,-134.39
2050-08-01 08:00:00,-430.71
2050-08-01 09:00:00,-671.3
2050-08-01 10:00:00,-1389.45
2050-08-01 11:00:00,-602.55
2050-08-01 12:00:00,-313.8
2050-08-01 13:00:00,-268.91
2050-08-01 14:00:00,745.91
2050-08-01 15:00:00,1827.63
2050-08-01 16:00:00,2305.18
2050-08-01 17:00:00,2408.67
2050-08-01 18:00:00,2875.77
2050-08-01 19:00:00,2804.38
2050-08-01 20:00:00,3409.7
2050-08-01 21:00:00,3614.7
2050-08-01 22:00:00,2760.69
2050-08-01 23:00:00,1977.99
2050-08-02 00:00:00,1708.85
2050-08-02 01:00:00,1209.95
2050-08-02 02:00:00,856.57
2050-08-02 03:00:00,311.8
2050-08-02 04:00:00,321.89
2050-08-02 05:00:00,-2038.45
2050-08-02 06:00:00,-1549.22
2050-08-02 07:00:00,-2566.18
2050-08-02 08:00:00,-1724.11
2050-08-02 09:00:00,-1076.12
2050-08-02 10:00:00,-1615.84
2050-08-02 11:00:00,-2338.48
2050-08-02 12:00:00,-2209.58
2050-08-02 13:00:00,-2123.8
2050-08-02 14:00:00,-1365.52
2050-08-02 15:00:00,-1989.33
2050-08-02 16:00:00,-2318.16
2050-08-02 17:00:00,-128.96
2050-08-02 18:00:00,1834.53
2050-08-02 19:00:00,846.67
2050-08-02 20:00:00,302.93
2050-08-02 21:00:00,517.82
2050-08-02 22:00:00,651.4
2050-08-02 23:00:00,1605.54
2050-08-03 00:00:00,-318.59
2050-08-03 01:00:00,61.7
2050-08-03 02:00:00,853.42
2050-08-03 03:00:00,-284.54
2050-08-03 04:00:00,316.78
2050-08-03 05:00:00,-2940.02
2050-08-03 06:00:00,-884.97
2050-08-03 07:00:00,-212.92
2050-08-03 08:00:00,-595.33
2050-08-03 09:00:00,-756.42
2050-08-03 10:00:00,-764.43
2050-08-03 11:00:00,-550.18
2050-08-03 12:00:00,-840.43
2050-08-03 13:00:00,-1062.36
2050-08-03 14:00:00,-1264.9
2050-08-03 15:00:00,-1678.27
2050-08-03 16:00:00,-787.6
2050-08-03 17:00:00,-193.09
2050-08-03 18:00:00,-463.5
2050-08-03 19:00:00,-117.99
2050-08-03 20:00:00,-660.95
2050-08-03 21:00:00,522.33
2050-08-03 22:00:00,1206.31
2050-08-03 23:00:00,240.85
2050-08-04 00:00:00,-450.76
2050-08-04 01:00:00,309.31
2050-08-04 02:00:00,195.37
2050-08-04 03:00:00,1120.29
2050-08-04 04:00:00,758.74
2050-08-04 05:00:00,984.73
2050-08-04 06:00:00,-92.07
2050-08-04 07:00:00,-945.57
2050-08-04 08:00:00,-163.13
2050-08-04 09:00:00,-1796.91
2050-08-04 10:00:00,-39.3
2050-08-04 11:00:00,-2864.55
2050-08-04 12:00:00,-5558.02
2050-08-04 13:00:00,-6096.06
2050-08-04 14:00:00,-7308.62
2050-08-04 15:00:00,-5208.72
2050-08-04 16:00:00,-3721.18
2050-08-04 17:00:00,-2744.22
2050-08-04 18:00:00,-956.81
2050-08-04 19:00:00,201.75
2050-08-04 20:00:00,559.07
2050-08-04 21:00:00,-50.84
2050-08-04 22:00:00,2317.32
2050-08-04 23:00:00,707.89
2050-08-05 00:00:00,1531.0
2050-08-05 01:00:00,113.27
2050-08-05 02:00:00,256.91
2050-08-05 03:00:00,1135.82
2050-08-05 04:00:00,1942.9
2050-08-05 05:00:00,-4428.24
2050-08-05 06:00:00,-927.8
2050-08-05 07:00:00,183.76
2050-08-05 08:00:00,161.63
2050-08-05 09:00:00,-123.06
2050-08-05 10:00:00,-317.98
2050-08-05 11:00:00,248.31
2050-08-05 12:00:00,727.87
2050-08-05 13:00:00,1106.12
2050-08-05 14:00:00,1507.51
2050-08-05 15:00:00,2066.44
2050-08-05 16:00:00,2488.67
2050-08-05 17:00:00,2430.9
2050-08-05 18:00:00,2321.02
2050-08-05 19:00:00,2497.84
2050-08-05 20:00:00,3044.77
2050-08-05 21:00:00,2025.61
2050-08-05 22:00:00,1694.19
2050-08-05 23:00:00,1248.24
2050-08-06 00:00:00,384.37
2050-08-06 01:00:00,426.82
2050-08-06 02:00:00,1085.47
2050-08-06 03:00:00,1338.41
2050-08-06 04:00:00,2075.44
2050-08-06 05:00:00,-3842.08
2050-08-06 06:00:00,278.18
2050-08-06 07:00:00,436.3
2050-08-06 08:00:00,306.0
2050-08-06 09:00:00,98.83
2050-08-06 10:00:00,89.24
2050-08-06 11:00:00,-186.84
2050-08-06 12:00:00,-854.0
2050-08-06 13:00:00,-649.61
2050-08-06 14:00:00,-844.5
2050-08-06 15:00:00,230.62
2050-08-06 16:00:00,1693.65
2050-08-06 17:00:00,1468.65
2050-08-06 18:00:00,3486.98
2050-08-06 19:00:00,2730.69
2050-08-06 20:00:00,2612.01
2050-08-06 21:00:00,826.36
2050-08-06 22:00:00,1357.55
2050-08-06 23:00:00,408.31
2050-08-07 00:00:00,1.51
2050-08-07 01:00:00,-1330.67
2050-08-07 02:00:00,-737.83
2050-08-07 03:00:00,-989.89
2050-08-07 04:00:00,-814.02
2050-08-07 05:00:00,-305.94
2050-08-07 06:00:00,-1613.63
2050-08-07 07:00:00,-1782.47
2050-08-07 08:00:00,-1088.23
2050-08-07 09:00:00,-2913.03
2050-08-07 10:00:00,-3342.14
2050-08-07 11:00:00,-4851.48
2050-08-07 12:00:00,-5568.69
2050-08-07 13:00:00,-3702.35
2050-08-07 14:00:00,-4508.66
2050-08-07 15:00:00,-4520.04
2050-08-07 16:00:00,-4921.04
2050-08-07 17:00:00,-3612.48
2050-08-07 18:00:00,-5103.03
2050-08-07 19:00:00,-5553.95
2050-08-07 20:00:00,-4734.2
2050-08-07 21:00:00,-4778.12
2050-08-07 22:00:00,956.07
2050-08-07 23:00:00,2210.69
2050-08-08 00:00:00,-375.33
2050-08-08 01:00:00,556.75
2050-08-08 02:00:00,-297.0
2050-08-08 03:00:00,739.91
2050-08-08 04:00:00,544.89
2050-08-08 05:00:00,471.75
2050-08-08 06:00:00,-1231.88
2050-08-08 07:00:00,-1281.13
2050-08-08 08:00:00,-2684.72
2050-08-08 09:00:00,-3450.54
2050-08-08 10:00:00,-2481.28
2050-08-08 11:00:00,-2949.74
2050-08-08 12:00:00,-3497.77
2050-08-08 13:00:00,-3374.22
2050-08-08 14:00:00,-1399.09
2050-08-08 15:00:00,-1617.5
2050-08-08 16:00:00,-2521.93
2050-08-08 17:00:00,-1875.62
2050-08-08 18:00:00,344.31
2050-08-08 19:00:00,1091.62
2050-08-08 20:00:00,-633.38
2050-08-08 21:00:00,664.66
2050-08-08 22:00:00,2106.34
2050-08-08 23:00:00,1027.15
2050-08-09 00:00:00,-508.25
2050-08-09 01:00:00,-918.36
2050-08-09 02:00:00,-1324.0
2050-08-09 03:00:00,-720.81
2050-08-09 04:00:00,193.94
2050-08-09 05:00:00,230.02
2050-08-09 06:00:00,-1327.15
2050-08-09 07:00:00,-1547.29
2050-08-09 08:00:00,-1335.84
2050-08-09 09:00:00,-1535.43
2050-08-09 10:00:00,-1466.34
2050-08-09 11:00:00,-1142.61
2050-08-09 12:00:00,-1633.23
2050-08-09 13:00:00,-739.47
2050-08-09 14:00:00,-776.02
2050-08-09 15:00:00,-566.21
2050-08-09 16:00:00,537.84
2050-08-09 17:00:00,2317.44
2050-08-09 18:00:00,2715.86
2050-08-09 19:00:00,2928.99
2050-08-09 20:00:00,2414.17
2050-08-09 21:00:00,2359.14
2050-08-09 22:00:00,2464.05
2050-08-09 23:00:00,3180.97
2050-08-10 00:00:00,1059.33
2050-08-10 01:00:00,3130.28
2050-08-10 02:00:00,2122.79
2050-08-10 03:00:00,1719.67
2050-08-10 04:00:00,2308.28
2050-08-10 05:00:00,2544.22
2050-08-10 06:00:00,992.74
2050-08-10 07:00:00,949.62
2050-08-10 08:00:00,451.09
2050-08-10 09:00:00,-456.29
2050-08-10 10:00:00,-970.94
2050-08-10 11:00:00,2603.07
2050-08-10 12:00:00,-530.05
2050-08-10 13:00:00,-1185.56
2050-08-10 14:00:00,-1892.82
2050-08-10 15:00:00,-2785.31
2050-08-10 16:00:00,-2438.31
2050-08-10 17:00:00,-1165.05
2050-08-10 18:00:00,-1325.58
2050-08-10 19:00:00,78.04
2050-08-10 20:00:00,22.88
2050-08-10 21:00:00,574.49
2050-08-10 22:00:00,825.39
2050-08-10 23:00:00,-3.41
2050-08-11 00:00:00,633.6
2050-08-11 01:00:00,393.26
2050-08-11 02:00:00,792.84
2050-08-11 03:00:00,912.35
2050-08-11 04:00:00,166.8
2050-08-11 05:00:00,978.48
2050-08-11 06:00:00,-972.65
2050-08-11 07:00:00,-1515.12
2050-08-11 08:00:00,-1785.25
2050-08-11 09:00:00,-2770.7
2050-08-11 10:00:00,-2653.34
2050-08-11 11:00:00,-2548.47
2050-08-11 12:00:00,-1528.38
2050-08-11 13:00:00,-1265.45
2050-08-11 14:00:00,-876.28
2050-08-11 15:00:00,-1640.45
2050-08-11 16:00:00,726.1
2050-08-11 17:00:00,-518.62
2050-08-11 18:00:00,385.86
2050-08-11 19:00:00,642.16
2050-08-11 20:00:00,718.92
2050-08-11 21:00:00,176.64
2050-08-11 22:00:00,1023.07
2050-08-11 23:00:00,1711.59
2050-08-12 00:00:00,-990.36
2050-08-12 01:00:00,-1682.52
2050-08-12 02:00:00,-1878.75
2050-08-12 03:00:00,-1910.48
2050-08-12 04:00:00,-1074.6
2050-08-12 05:00:00,-1041.33
2050-08-12 06:00:00,-2010.5
2050-08-12 07:00:00,-1674.25
2050-08-12 08:00:00,-2580.93
2050-08-12 09:00:00,-2542.73
2050-08-12 10:00:00,-2569.02
2050-08-12 11:00:00,-2097.61
2050-08-12 12:00:00,-1714.33
2050-08-12 13:00:00,-1413.28
2050-08-12 14:00:00,-1346.55
2050-08-12 15:00:00,-616.41
2050-08-12 16:00:00,-1443.31
2050-08-12 17:00:00,543.49
2050-08-12 18:00:00,25.37
2050-08-12 19:00:00,-1951.14
2050-08-12 20:00:00,-1714.07
2050-08-12 21:00:00,-498.55
2050-08-12 22:00:00,842.55
2050-08-12 23:00:00,-940.98
2050-08-13 00:00:00,-2605.89
2050-08-13 01:00:00,-2150.84
2050-08-13 02:00:00,-2424.75
2050-08-13 03:00:00,-1353.96
2050-08-13 04:00:00,-1118.6
2050-08-13 05:00:00,-1050.03
2050-08-13 06:00:00,-2324.41
2050-08-13 07:00:00,-2980.5
2050-08-13 08:00:00,-2685.52
2050-08-13 09:00:00,-2266.11
2050-08-13 10:00:00,-2414.36
2050-08-13 11:00:00,-2279.54
2050-08-13 12:00:00,-2004.27
2050-08-13 13:00:00,-1340.48
2050-08-13 14:00:00,-505.47
2050-08-13 15:00:00,1127.04
2050-08-13 16:00:00,1971.49
2050-08-13 17:00:00,2967.82
2050-08-13 18:00:00,4781.01
2050-08-13 19:00:00,2112.92
2050-08-13 20:00:00,1515.81
2050-08-13 21:00:00,579.82
2050-08-13 22:00:00,1087.03
2050-08-13 23:00:00,2282.86
2050-08-14 00:00:00,2874.48
2050-08-14 01:00:00,1812.59
2050-08-14 02:00:00,1965.25
2050-08-14 03:00:00,1657.16
2050-08-14 04:00:00,1568.72
2050-08-14 05:00:00,1469.69
2050-08-14 06:00:00,232.1
2050-08-14 07:00:00,-215.48
2050-08-14 08:00:00,-784.75
2050-08-14 09:00:00,-1454.96
2050-08-14 10:00:00,-973.74
2050-08-14 11:00:00,-1164.79
2050-08-14 12:00:00,-886.96
2050-08-14 13:00:00,-602.56
2050-08-14 14:00:00,-247.32
2050-08-14 15:00:00,120.85
2050-08-14 16:00:00,379.24
2050-08-14 17:00:00,2238.09
2050-08-14 18:00:00,3226.05
2050-08-14 19:00:00,3159.82
2050-08-14 20:00:00,2677.47
2050-08-14 21:00:00,2409.79
2050-08-14 22:00:00,890.95
2050-08-14 23:00:00,1162.72
2050-08-15 00:00:00,666.22
2050-08-15 01:00:00,289.49
2050-08-15 02:00:00,56.3
2050-08-15 03:00:00,-474.74
2050-08-15 04:00:00,384.52
2050-08-15 05:00:00,-252.58
2050-08-15 06:00:00,-169.83
2050-08-15 07:00:00,-1238.78
2050-08-15 08:00:00,826.43
2050-08-15 09:00:00,1456.35
2050-08-15 10:00:00,2246.39
2050-08-15 11:00:00,2192.23
2050-08-15 12:00:00,-468.97
2050-08-15 13:00:00,-206.04
2050-08-15 14:00:00,686.73
2050-08-15 15:00:00,3113.21
2050-08-15 16:00:00,1867.27
2050-08-15 17:00:00,3172.62
2050-08-15 18:00:00,2958.75
2050-08-15 19:00:00,2608.95
2050-08-15 20:00:00,2077.32
2050-08-15 21:00:00,1004.56
2050-08-15 22:00:00,1043.89
2050-08-15 23:00:00,83.8
2050-08-16 00:00:00,755.37
2050-08-16 01:00:00,1236.02
2050-08-16 02:00:00,624.4
2050-08-16 03:00:00,1030.08
2050-08-16 04:00:00,648.47
2050-08-16 05:00:00,417.38
2050-08-16 06:00:00,-2675.6
2050-08-16 07:00:00,-1728.23
2050-08-16 08:00:00,-2512.45
2050-08-16 09:00:00,-2414.1
2050-08-16 10:00:00,-2727.25
2050-08-16 11:00:00,-2495.92
2050-08-16 12:00:00,-2559.92
2050-08-16 13:00:00,-2517.95
2050-08-16 14:00:00,-2175.12
2050-08-16 15:00:00,-1735.2
2050-08-16 16:00:00,-2144.02
2050-08-16 17:00:00,-1295.25
2050-08-16 18:00:00,-1592.83
2050-08-16 19:00:00,-2098.25
2050-08-16 20:00:00,-2115.83
2050-08-16 21:00:00,-2217.27
2050-08-16 22:00:00,-2257.92
2050-08-16 23:00:00,-1495.04
2050-08-17 00:00:00,-1781.53
2050-08-17 01:00:00,-1854.97
2050-08-17 02:00:00,-1601.15
2050-08-17 03:00:00,-747.69
2050-08-17 04:00:00,-678.95
2050-08-17 05:00:00,-137.06
2050-08-17 06:00:00,-1172.97
2050-08-17 07:00:00,-903.05
2050-08-17 08:00:00,-1454.74
2050-08-17 09:00:00,-1180.5
2050-08-17 10:00:00,-1138.47
2050-08-17 11:00:00,-348.0
2050-08-17 12:00:00,2504.71
2050-08-17 13:00:00,1064.78
2050-08-17 14:00:00,1830.08
2050-08-17 15:00:00,89.57
2050-08-17 16:00:00,900.61
2050-08-17 17:00:00,2252.19
2050-08-17 18:00:00,3811.76
2050-08-17 19:00:00,2663.59
2050-08-17 20:00:00,3131.68
2050-08-17 21:00:00,1616.28
2050-08-17 22:00:00,2305.17
2050-08-17 23:00:00,1947.61
2050-08-18 00:00:00,1560.09
2050-08-18 01:00:00,794.54
2050-08-18 02:00:00,1423.55
2050-08-18 03:00:00,-1380.61
2050-08-18 04:00:00,-969.24
2050-08-18 05:00:00,326.63
2050-08-18 06:00:00,103.26
2050-08-18 07:00:00,746.04
2050-08-18 08:00:00,555.95
2050-08-18 09:00:00,-359.71
2050-08-18 10:00:00,98.19
2050-08-18 11:00:00,1813.43
2050-08-18 12:00:00,1946.94
2050-08-18 13:00:00,-520.01
2050-08-18 14:00:00,-625.92
2050-08-18 15:00:00,-2116.47
2050-08-18 16:00:00,-2023.7
2050-08-18 17:00:00,-1698.26
2050-08-18 18:00:00,-2082.75
2050-08-18 19:00:00,-712.77
2050-08-18 20:00:00,-1198.78
2050-08-18 21:00:00,-2103.73
2050-08-18 22:00:00,-217.93
2050-08-18 23:00:00,-666.95
2050-08-19 00:00:00,-2331.39
2050-08-19 01:00:00,-591.18
2050-08-19 02:00:00,-273.96
2050-08-19 03:00:00,-648.47
2050-08-19 04:00:00,-884.75
2050-08-19 05:00:00,-770.69
2050-08-19 06:00:00,-1281.92
2050-08-19 07:00:00,-683.59
2050-08-19 08:00:00,-481.68
2050-08-19 09:00:00,-492.38
2050-08-19 10:00:00,-389.55
2050-08-19 11:00:00,577.76
2050-08-19 12:00:00,-201.35
2050-08-19 13:00:00,-323.5
2050-08-19 14:00:00,1170.04
2050-08-19 15:00:00,2144.09
2050-08-19 16:00:00,3030.65
2050-08-19 17:00:00,2157.54
2050-08-19 18:00:00,2923.32
2050-08-19 19:00:00,2530.44
2050-08-19 20:00:00,2170.18
2050-08-19 21:00:00,1874.5
2050-08-19 22:00:00,2831.61
2050-08-19 23:00:00,1511.01
2050-08-20 00:00:00,2394.76
2050-08-20 01:00:00,2322.53
2050-08-20 02:00:00,2127.05
2050-08-20 03:00:00,1643.93
2050-08-20 04:00:00,1583.12
2050-08-20 05:00:00,1478.31
2050-08-20 06:00:00,690.06
2050-08-20 07:00:00,-234.45
2050-08-20 08:00:00,-665.02
2050-08-20 09:00:00,-653.84
2050-08-20 10:00:00,-828.45
2050-08-20 11:00:00,-752.08
2050-08-20 12:00:00,531.92
2050-08-20 13:00:00,1257.47
2050-08-20 14:00:00,1745.55
2050-08-20 15:00:00,2079.97
2050-08-20 16:00:00,3042.93
2050-08-20 17:00:00,3507.29
2050-08-20 18:00:00,4295.01
2050-08-20 19:00:00,4223.38
2050-08-20 20:00:00,4301.52
2050-08-20 21:00:00,3392.13
2050-08-20 22:00:00,3332.06
2050-08-20 23:00:00,3194.0
2050-08-21 00:00:00,2507.15
2050-08-21 01:00:00,1895.66
2050-08-21 02:00:00,1935.81
2050-08-21 03:00:00,1674.29
2050-08-21 04:00:00,2121.56
2050-08-21 05:00:00,2235.42
2050-08-21 06:00:00,245.86
2050-08-21 07:00:00,150.71
2050-08-21 08:00:00,-1078.42
2050-08-21 09:00:00,-1639.69
2050-08-21 10:00:00,-323.78
2050-08-21 11:00:00,-1334.91
2050-08-21 12:00:00,-1130.96
2050-08-21 13:00:00,-1758.21
2050-08-21 14:00:00,-1939.24
2050-08-21 15:00:00,-1344.37
2050-08-21 16:00:00,-667.9
2050-08-21 17:00:00,-591.5
2050-08-21 18:00:00,-233.34
2050-08-21 19:00:00,694.43
2050-08-21 20:00:00,-284.37
2050-08-21 21:00:00,-2150.57
2050-08-21 22:00:00,1289.69
2050-08-21 23:00:00,-1277.57
2050-08-22 00:00:00,-1107.59
2050-08-22 01:00:00,-1023.35
2050-08-22 02:00:00,-637.41
2050-08-22 03:00:00,-4412.33
2050-08-22 04:00:00,-5570.23
2050-08-22 05:00:00,-3283.04
2050-08-22 06:00:00,-3937.96
2050-08-22 07:00:00,-4207.35
2050-08-22 08:00:00,-6410.04
2050-08-22 09:00:00,-6297.7
2050-08-22 10:00:00,-5557.41
2050-08-22 11:00:00,-4949.57
2050-08-22 12:00:00,-4774.22
2050-08-22 13:00:00,-4593.28
2050-08-22 14:00:00,-3162.04
2050-08-22 15:00:00,-4116.66
2050-08-22 16:00:00,-3429.55
2050-08-22 17:00:00,-3542.26
2050-08-22 18:00:00,-846.1
2050-08-22 19:00:00,-964.13
2050-08-22 20:00:00,-1190.78
2050-08-22 21:00:00,-412.13
2050-08-22 22:00:00,-1240.06
2050-08-22 23:00:00,-1343.26
2050-08-23 00:00:00,-174.06
2050-08-23 01:00:00,-20.34
2050-08-23 02:00:00,1502.48
2050-08-23 03:00:00,633.58
2050-08-23 04:00:00,845.56
2050-08-23 05:00:00,136.72
2050-08-23 06:00:00,-1703.98
2050-08-23 07:00:00,-1764.36
2050-08-23 08:00:00,-1920.0
2050-08-23 09:00:00,-2251.85
2050-08-23 10:00:00,-2574.1
2050-08-23 11:00:00,-2183.59
2050-08-23 12:00:00,-1692.44
2050-08-23 13:00:00,-1195.3
2050-08-23 14:00:00,-605.17
2050-08-23 15:00:00,-344.31
2050-08-23 16:00:00,1088.61
2050-08-23 17:00:00,1864.54
2050-08-23 18:00:00,2875.13
2050-08-23 19:00:00,2524.57
2050-08-23 20:00:00,2751.41
2050-08-23 21:00:00,2075.89
2050-08-23 22:00:00,2138.99
2050-08-23 23:00:00,2559.42
2050-08-24 00:00:00,2638.16
2050-08-24 01:00:00,2358.21
2050-08-24 02:00:00,1597.38
2050-08-24 03:00:00,1638.47
2050-08-24 04:00:00,1641.81
2050-08-24 05:00:00,2064.27
2050-08-24 06:00:00,2114.44
2050-08-24 07:00:00,1842.37
2050-08-24 08:00:00,2091.98
2050-08-24 09:00:00,-978.57
2050-08-24 10:00:00,-1340.82
2050-08-24 11:00:00,-94.88
2050-08-24 12:00:00,852.99
2050-08-24 13:00:00,1710.27
2050-08-24 14:00:00,3257.27
2050-08-24 15:00:00,1915.89
2050-08-24 16:00:00,1951.14
2050-08-24 17:00:00,2600.91
2050-08-24 18:00:00,2377.92
2050-08-24 19:00:00,875.78
2050-08-24 20:00:00,-12.09
2050-08-24 21:00:00,731.11
2050-08-24 22:00:00,953.2
2050-08-24 23:00:00,1349.33
2050-08-25 00:00:00,-504.14
2050-08-25 01:00:00,-1702.34
2050-08-25 02:00:00,-1631.63
2050-08-25 03:00:00,-1614.37
2050-08-25 04:00:00,-3446.88
2050-08-25 05:00:00,-2147.02
2050-08-25 06:00:00,-2054.79
2050-08-25 07:00:00,-1810.82
2050-08-25 08:00:00,-11.93
2050-08-25 09:00:00,1212.99
2050-08-25 10:00:00,2003.56
2050-08-25 11:00:00,705.1
2050-08-25 12:00:00,577.28
2050-08-25 13:00:00,1648.56
2050-08-25 14:00:00,513.73
2050-08-25 15:00:00,1380.59
2050-08-25 16:00:00,1472.83
2050-08-25 17:00:00,1000.96
2050-08-25 18:00:00,-559.31
2050-08-25 19:00:00,280.92
2050-08-25 20:00:00,1451.98
2050-08-25 21:00:00,1047.86
2050-08-25 22:00:00,-128.32
2050-08-25 23:00:00,-791.05
2050-08-26 00:00:00,-645.63
2050-08-26 01:00:00,-1159.33
2050-08-26 02:00:00,-1037.45
2050-08-26 03:00:00,-380.85
2050-08-26 04:00:00,234.37
2050-08-26 05:00:00,1228.95
2050-08-26 06:00:00,1162.65
2050-08-26 07:00:00,926.55
2050-08-26 08:00:00,197.28
2050-08-26 09:00:00,1643.69
2050-08-26 10:00:00,1793.28
2050-08-26 11:00:00,1775.11
2050-08-26 12:00:00,1680.45
2050-08-26 13:00:00,1605.6
2050-08-26 14:00:00,2788.91
2050-08-26 15:00:00,2426.21
2050-08-26 16:00:00,1956.11
2050-08-26 17:00:00,3944.17
2050-08-26 18:00:00,2580.92
2050-08-26 19:00:00,2011.45
2050-08-26 20:00:00,1722.74
2050-08-26 21:00:00,871.12
2050-08-26 22:00:00,1400.94
2050-08-26 23:00:00,1527.56
2050-08-27 00:00:00,657.58
2050-08-27 01:00:00,953.2
2050-08-27 02:00:00,388.4
2050-08-27 03:00:00,452.44
2050-08-27 04:00:00,757.16
2050-08-27 05:00:00,1134.68
2050-08-27 06:00:00,1145.78
2050-08-27 07:00:00,2123.79
2050-08-27 08:00:00,1377.94
2050-08-27 09:00:00,1553.86
2050-08-27 10:00:00,1725.39
2050-08-27 11:00:00,2074.11
2050-08-27 12:00:00,2887.22
2050-08-27 13:00:00,2840.4
2050-08-27 14:00:00,2923.87
2050-08-27 15:00:00,3332.23
2050-08-27 16:00:00,2792.21
2050-08-27 17:00:00,2852.37
2050-08-27 18:00:00,3860.89
2050-08-27 19:00:00,2304.3
2050-08-27 20:00:00,1958.85
2050-08-27 21:00:00,3417.25
2050-08-27 22:00:00,3865.32
2050-08-27 23:00:00,3621.32
2050-08-28 00:00:00,2091.34
2050-08-28 01:00:00,639.08
2050-08-28 02:00:00,352.01
2050-08-28 03:00:00,-173.04
2050-08-28 04:00:00,-1306.27
2050-08-28 05:00:00,-455.87
2050-08-28 06:00:00,-1283.43
2050-08-28 07:00:00,-1923.33
2050-08-28 08:00:00,-1122.64
2050-08-28 09:00:00,-694.68
2050-08-28 10:00:00,-1034.51
2050-08-28 11:00:00,-1221.67
2050-08-28 12:00:00,541.94
2050-08-28 13:00:00,1982.43
2050-08-28 14:00:00,588.24
2050-08-28 15:00:00,910.9
2050-08-28 16:00:00,169.61
2050-08-28 17:00:00,932.86
2050-08-28 18:00:00,2118.72
2050-08-28 19:00:00,1814.88
2050-08-28 20:00:00,935.59
2050-08-28 21:00:00,1527.69
2050-08-28 22:00:00,793.8
2050-08-28 23:00:00,910.02
2050-08-29 00:00:00,1447.9
2050-08-29 01:00:00,997.59
2050-08-29 02:00:00,171.53
2050-08-29 03:00:00,-571.65
2050-08-29 04:00:00,387.02
2050-08-29 05:00:00,32.28
2050-08-29 06:00:00,-1358.4
2050-08-29 07:00:00,-1559.9
2050-08-29 08:00:00,-1680.98
2050-08-29 09:00:00,-620.75
2050-08-29 10:00:00,911.53
2050-08-29 11:00:00,206.71
2050-08-29 12:00:00,1811.62
2050-08-29 13:00:00,1496.02
2050-08-29 14:00:00,884.82
2050-08-29 15:00:00,688.08
2050-08-29 16:00:00,1522.38
2050-08-29 17:00:00,632.34
2050-08-29 18:00:00,453.59
2050-08-29 19:00:00,864.6
2050-08-29 20:00:00,-722.46
2050-08-29 21:00:00,-175.75
2050-08-29 22:00:00,-715.84
2050-08-29 23:00:00,-33.3
2050-08-30 00:00:00,-944.95
2050-08-30 01:00:00,-1956.0
2050-08-30 02:00:00,-717.57
2050-08-30 03:00:00,-895.61
2050-08-30 04:00:00,-1171.63
2050-08-30 05:00:00,-608.89
2050-08-30 06:00:00,-929.05
2050-08-30 07:00:00,-1209.3
2050-08-30 08:00:00,-784.42
2050-08-30 09:00:00,-1169.84
2050-08-30 10:00:00,163.79
2050-08-30 11:00:00,777.36
2050-08-30 12:00:00,311.68
2050-08-30 13:00:00,577.15
2050-08-30 14:00:00,1214.54
2050-08-30 15:00:00,1224.67
2050-08-30 16:00:00,1492.57
2050-08-30 17:00:00,925.71
2050-08-30 18:00:00,448.84
2050-08-30 19:00:00,769.44
2050-08-30 20:00:00,128.41
2050-08-30 21:00:00,-2029.98
2050-08-30 22:00:00,-22.59
2050-08-30 23:00:00,-367.95
2050-08-31 00:00:00,-356.38
2050-08-31 01:00:00,-1407.5
2050-08-31 02:00:00,-2770.59
2050-08-31 03:00:00,-2683.68
2050-08-31 04:00:00,-1362.06
2050-08-31 05:00:00,-840.06
2050-08-31 06:00:00,-1441.22
2050-08-31 07:00:00,-2707.5
2050-08-31 08:00:00,-1908.12
2050-08-31 09:00:00,-1057.52
2050-08-31 10:00:00,-1192.96
2050-08-31 11:00:00,49.7
2050-08-31 12:00:00,595.48
2050-08-31 13:00:00,1210.29
2050-08-31 14:00:00,1536.67
2050-08-31 15:00:00,1557.04
2050-08-31 16:00:00,2966.86
2050-08-31 17:00:00,3386.82
2050-08-31 18:00:00,3623.96
2050-08-31 19:00:00,3930.02
2050-08-31 20:00:00,1763.5
2050-08-31 21:00:00,764.64
2050-08-31 22:00:00,-127.77
2050-08-31 23:00:00,-1240.59
2050-09-01 00:00:00,-542.85
2050-09-01 01:00:00,-1610.64
2050-09-01 02:00:00,-1475.31
2050-09-01 03:00:00,-956.33
2050-09-01 04:00:00,-734.34
2050-09-01 05:00:00,-1027.96
2050-09-01 06:00:00,8.19
2050-09-01 07:00:00,-1563.81
2050-09-01 08:00:00,-1578.89
2050-09-01 09:00:00,-1846.55
2050-09-01 10:00:00,-1917.91
2050-09-01 11:00:00,-2248.87
2050-09-01 12:00:00,-1163.66
2050-09-01 13:00:00,391.9
2050-09-01 14:00:00,1340.65
2050-09-01 15:00:00,2414.87
2050-09-01 16:00:00,3878.9
2050-09-01 17:00:00,3887.5
2050-09-01 18:00:00,4793.34
2050-09-01 19:00:00,4566.61
2050-09-01 20:00:00,3313.69
2050-09-01 21:00:00,2773.29
2050-09-01 22:00:00,691.97
2050-09-01 23:00:00,-457.7
2050-09-02 00:00:00,1525.55
2050-09-02 01:00:00,2724.49
2050-09-02 02:00:00,907.31
2050-09-02 03:00:00,284.71
2050-09-02 04:00:00,146.16
2050-09-02 05:00:00,1150.77
2050-09-02 06:00:00,80.7
2050-09-02 07:00:00,-582.77
2050-09-02 08:00:00,-1355.84
2050-09-02 09:00:00,-1841.8
2050-09-02 10:00:00,-1839.66
2050-09-02 11:00:00,-1633.06
2050-09-02 12:00:00,-914.15
2050-09-02 13:00:00,-661.47
2050-09-02 14:00:00,-614.15
2050-09-02 15:00:00,757.69
2050-09-02 16:00:00,1617.77
2050-09-02 17:00:00,2282.89
2050-09-02 18:00:00,3112.29
2050-09-02 19:00:00,969.1
2050-09-02 20:00:00,547.49
2050-09-02 21:00:00,-14.0
2050-09-02 22:00:00,-759.27
2050-09-02 23:00:00,315.82
2050-09-03 00:00:00,-316.47
2050-09-03 01:00:00,-941.75
2050-09-03 02:00:00,-644.78
2050-09-03 03:00:00,380.58
2050-09-03 04:00:00,618.19
2050-09-03 05:00:00,291.65
2050-09-03 06:00:00,-390.83
2050-09-03 07:00:00,-961.53
2050-09-03 08:00:00,-1407.54
2050-09-03 09:00:00,-1328.53
2050-09-03 10:00:00,-1150.32
2050-09-03 11:00:00,-1227.74
2050-09-03 12:00:00,-735.79
2050-09-03 13:00:00,125.36
2050-09-03 14:00:00,1446.65
2050-09-03 15:00:00,2581.45
2050-09-03 16:00:00,3143.26
2050-09-03 17:00:00,3358.41
2050-09-03 18:00:00,3341.78
2050-09-03 19:00:00,4002.47
2050-09-03 20:00:00,2972.08
2050-09-03 21:00:00,3243.24
2050-09-03 22:00:00,2663.15
2050-09-03 23:00:00,770.55
2050-09-04 00:00:00,675.46
2050-09-04 01:00:00,1517.02
2050-09-04 02:00:00,1631.86
2050-09-04 03:00:00,875.01
2050-09-04 04:00:00,314.89
2050-09-04 05:00:00,891.02
2050-09-04 06:00:00,263.16
2050-09-04 07:00:00,-40.29
2050-09-04 08:00:00,-1631.76
2050-09-04 09:00:00,-1487.87
2050-09-04 10:00:00,-2345.56
2050-09-04 11:00:00,-832.16
2050-09-04 12:00:00,-727.2
2050-09-04 13:00:00,199.87
2050-09-04 14:00:00,792.81
2050-09-04 15:00:00,917.77
2050-09-04 16:00:00,108.32
2050-09-04 17:00:00,496.63
2050-09-04 18:00:00,677.81
2050-09-04 19:00:00,1532.32
2050-09-04 20:00:00,2233.71
2050-09-04 21:00:00,394.74
2050-09-04 22:00:00,1497.62
2050-09-04 23:00:00,83.45
2050-09-05 00:00:00,-992.16
2050-09-05 01:00:00,-1716.35
2050-09-05 02:00:00,-1572.78
2050-09-05 03:00:00,-1699.19
2050-09-05 04:00:00,-2125.9
2050-09-05 05:00:00,-1699.28
2050-09-05 06:00:00,-1872.82
2050-09-05 07:00:00,-2568.7
2050-09-05 08:00:00,-3141.82
2050-09-05 09:00:00,-3547.83
2050-09-05 10:00:00,-1909.54
2050-09-05 11:00:00,-1452.26
2050-09-05 12:00:00,-1927.47
2050-09-05 13:00:00,-2310.76
2050-09-05 14:00:00,-1621.99
2050-09-05 15:00:00,-383.65
2050-09-05 16:00:00,175.2
2050-09-05 17:00:00,793.66
2050-09-05 18:00:00,1031.7
2050-09-05 19:00:00,-1116.54
2050-09-05 20:00:00,-914.06
2050-09-05 21:00:00,37.36
2050-09-05 22:00:00,36.93
2050-09-05 23:00:00,182.61
2050-09-06 00:00:00,262.25
2050-09-06 01:00:00,533.42
2050-09-06 02:00:00,-105.08
2050-09-06 03:00:00,-501.22
2050-09-06 04:00:00,-252.06
2050-09-06 05:00:00,-851.52
2050-09-06 06:00:00,-1617.73
2050-09-06 07:00:00,-2435.33
2050-09-06 08:00:00,-3285.67
2050-09-06 09:00:00,-1760.47
2050-09-06 10:00:00,-1016.03
2050-09-06 11:00:00,-1201.08
2050-09-06 12:00:00,566.14
2050-09-06 13:00:00,1609.13
2050-09-06 14:00:00,17.32
2050-09-06 15:00:00,-1621.58
2050-09-06 16:00:00,-1068.33
2050-09-06 17:00:00,-1916.08
2050-09-06 18:00:00,-2041.18
2050-09-06 19:00:00,-2011.61
2050-09-06 20:00:00,-3134.64
2050-09-06 21:00:00,-2127.33
2050-09-06 22:00:00,-1399.89
2050-09-06 23:00:00,-2188.84
2050-09-07 00:00:00,-1281.41
2050-09-07 01:00:00,-946.42
2050-09-07 02:00:00,-942.06
2050-09-07 03:00:00,-542.79
2050-09-07 04:00:00,-1225.0
2050-09-07 05:00:00,-2030.56
2050-09-07 06:00:00,-1866.79
2050-09-07 07:00:00,-2788.68
2050-09-07 08:00:00,-1444.4
2050-09-07 09:00:00,-809.72
2050-09-07 10:00:00,-1126.67
2050-09-07 11:00:00,-191.92
2050-09-07 12:00:00,9.17
2050-09-07 13:00:00,-248.38
2050-09-07 14:00:00,426.04
2050-09-07 15:00:00,325.93
2050-09-07 16:00:00,-468.03
2050-09-07 17:00:00,-748.59
2050-09-07 18:00:00,-249.87
2050-09-07 19:00:00,105.04
2050-09-07 20:00:00,-535.54
2050-09-07 21:00:00,307.59
2050-09-07 22:00:00,-78.07
2050-09-07 23:00:00,82.06
2050-09-08 00:00:00,652.05
2050-09-08 01:00:00,477.72
2050-09-08 02:00:00,431.42
2050-09-08 03:00:00,-79.32
2050-09-08 04:00:00,-537.77
2050-09-08 05:00:00,-846.71
2050-09-08 06:00:00,-1646.7
2050-09-08 07:00:00,-2272.09
2050-09-08 08:00:00,-3535.57
2050-09-08 09:00:00,-3224.2
2050-09-08 10:00:00,-3531.64
2050-09-08 11:00:00,-3524.61
2050-09-08 12:00:00,-3246.17
2050-09-08 13:00:00,-3309.84
2050-09-08 14:00:00,-3059.6
2050-09-08 15:00:00,-2082.54
2050-09-08 16:00:00,-994.61
2050-09-08 17:00:00,-52.51
2050-09-08 18:00:00,1149.68
2050-09-08 19:00:00,-1035.63
2050-09-08 20:00:00,162.72
2050-09-08 21:00:00,358.91
2050-09-08 22:00:00,-287.19
2050-09-08 23:00:00,-1024.33
2050-09-09 00:00:00,-234.66
2050-09-09 01:00:00,-1801.17
2050-09-09 02:00:00,-1336.51
2050-09-09 03:00:00,-2159.42
2050-09-09 04:00:00,-1029.89
2050-09-09 05:00:00,-753.34
2050-09-09 06:00:00,-722.61
2050-09-09 07:00:00,-1683.71
2050-09-09 08:00:00,-2449.41
2050-09-09 09:00:00,-2454.06
2050-09-09 10:00:00,-1960.01
2050-09-09 11:00:00,-2439.66
2050-09-09 12:00:00,-2654.09
2050-09-09 13:00:00,-1466.06
2050-09-09 14:00:00,-605.07
2050-09-09 15:00:00,-811.68
2050-09-09 16:00:00,938.84
2050-09-09 17:00:00,2444.75
2050-09-09 18:00:00,3762.08
2050-09-09 19:00:00,3690.28
2050-09-09 20:00:00,2400.96
2050-09-09 21:00:00,2229.51
2050-09-09 22:00:00,2010.51
2050-09-09 23:00:00,1869.54
2050-09-10 00:00:00,1359.7
2050-09-10 01:00:00,748.98
2050-09-10 02:00:00,1709.67
2050-09-10 03:00:00,1483.89
2050-09-10 04:00:00,1044.72
2050-09-10 05:00:00,1066.69
2050-09-10 06:00:00,327.86
2050-09-10 07:00:00,-817.53
2050-09-10 08:00:00,-2967.67
2050-09-10 09:00:00,-3032.75
2050-09-10 10:00:00,-3292.99
2050-09-10 11:00:00,-4482.23
2050-09-10 12:00:00,-4003.82
2050-09-10 13:00:00,-3741.27
2050-09-10 14:00:00,-1906.67
2050-09-10 15:00:00,-1521.82
2050-09-10 16:00:00,-242.77
2050-09-10 17:00:00,1231.37
2050-09-10 18:00:00,1649.91
2050-09-10 19:00:00,514.78
2050-09-10 20:00:00,359.3
2050-09-10 21:00:00,1084.84
2050-09-10 22:00:00,1480.69
2050-09-10 23:00:00,685.75
2050-09-11 00:00:00,-908.95
2050-09-11 01:00:00,-295.14
2050-09-11 02:00:00,361.29
2050-09-11 03:00:00,-1174.17
2050-09-11 04:00:00,-2043.72
2050-09-11 05:00:00,-1725.07
2050-09-11 06:00:00,-759.13
2050-09-11 07:00:00,130.6
2050-09-11 08:00:00,-31.51
2050-09-11 09:00:00,-1318.9
2050-09-11 10:00:00,-345.35
2050-09-11 11:00:00,537.05
2050-09-11 12:00:00,819.41
2050-09-11 13:00:00,1564.85
2050-09-11 14:00:00,1881.88
2050-09-11 15:00:00,2442.73
2050-09-11 16:00:00,3521.15
2050-09-11 17:00:00,4529.56
2050-09-11 18:00:00,4470.96
2050-09-11 19:00:00,3822.88
2050-09-11 20:00:00,1671.05
2050-09-11 21:00:00,1408.59
2050-09-11 22:00:00,396.19
2050-09-11 23:00:00,260.65
2050-09-12 00:00:00,-202.68
2050-09-12 01:00:00,397.67
2050-09-12 02:00:00,685.85
2050-09-12 03:00:00,172.15
2050-09-12 04:00:00,428.17
2050-09-12 05:00:00,782.11
2050-09-12 06:00:00,462.21
2050-09-12 07:00:00,1068.5
2050-09-12 08:00:00,-1240.31
2050-09-12 09:00:00,-506.42
2050-09-12 10:00:00,542.32
2050-09-12 11:00:00,-257.96
2050-09-12 12:00:00,-1742.93
2050-09-12 13:00:00,-1976.23
2050-09-12 14:00:00,-1367.31
2050-09-12 15:00:00,-1440.93
2050-09-12 16:00:00,26.07
2050-09-12 17:00:00,1276.07
2050-09-12 18:00:00,-94.31
2050-09-12 19:00:00,-850.97
2050-09-12 20:00:00,-2.54
2050-09-12 21:00:00,143.78
2050-09-12 22:00:00,-363.53
2050-09-12 23:00:00,-631.33
2050-09-13 00:00:00,-592.12
2050-09-13 01:00:00,832.97
2050-09-13 02:00:00,-122.78
2050-09-13 03:00:00,-1090.41
2050-09-13 04:00:00,-33.32
2050-09-13 05:00:00,22.91
2050-09-13 06:00:00,-716.25
2050-09-13 07:00:00,-2577.31
2050-09-13 08:00:00,-2477.7
2050-09-13 09:00:00,-2489.83
2050-09-13 10:00:00,-2828.13
2050-09-13 11:00:00,-1943.6
2050-09-13 12:00:00,-1601.09
2050-09-13 13:00:00,-2010.71
2050-09-13 14:00:00,-782.62
2050-09-13 15:00:00,253.83
2050-09-13 16:00:00,-7.37
2050-09-13 17:00:00,2033.07
2050-09-13 18:00:00,2751.84
2050-09-13 19:00:00,1636.25
2050-09-13 20:00:00,1556.89
2050-09-13 21:00:00,190.83
2050-09-13 22:00:00,-289.67
2050-09-13 23:00:00,-286.15
2050-09-14 00:00:00,489.64
2050-09-14 01:00:00,-542.9
2050-09-14 02:00:00,-1363.83
2050-09-14 03:00:00,-2086.7
2050-09-14 04:00:00,-3577.93
2050-09-14 05:00:00,-2943.55
2050-09-14 06:00:00,-2108.34
2050-09-14 07:00:00,-2739.27
2050-09-14 08:00:00,-3984.01
2050-09-14 09:00:00,-5156.71
2050-09-14 10:00:00,-5184.32
2050-09-14 11:00:00,-5029.43
2050-09-14 12:00:00,-4669.18
2050-09-14 13:00:00,-3872.96
2050-09-14 14:00:00,-2116.44
2050-09-14 15:00:00,-1268.15
2050-09-14 16:00:00,377.12
2050-09-14 17:00:00,1665.57
2050-09-14 18:00:00,496.19
2050-09-14 19:00:00,484.38
2050-09-14 20:00:00,28.32
2050-09-14 21:00:00,-1139.97
2050-09-14 22:00:00,-2443.03
2050-09-14 23:00:00,-3385.67
2050-09-15 00:00:00,-3431.81
2050-09-15 01:00:00,-4192.28
2050-09-15 02:00:00,-3200.08
2050-09-15 03:00:00,-3427.39
2050-09-15 04:00:00,-2606.26
2050-09-15 05:00:00,-2181.19
2050-09-15 06:00:00,-2897.89
2050-09-15 07:00:00,-4243.21
2050-09-15 08:00:00,-3391.28
2050-09-15 09:00:00,-3558.16
2050-09-15 10:00:00,-3574.49
2050-09-15 11:00:00,-3084.54
2050-09-15 12:00:00,-2287.04
2050-09-15 13:00:00,-1656.16
2050-09-15 14:00:00,-778.94
2050-09-15 15:00:00,316.47
2050-09-15 16:00:00,1796.34
2050-09-15 17:00:00,2929.23
2050-09-15 18:00:00,3532.81
2050-09-15 19:00:00,3365.19
2050-09-15 20:00:00,2436.02
2050-09-15 21:00:00,1898.46
2050-09-15 22:00:00,2031.89
2050-09-15 23:00:00,1539.34
2050-09-16 00:00:00,1084.2
2050-09-16 01:00:00,1733.23
2050-09-16 02:00:00,1851.51
2050-09-16 03:00:00,1944.71
2050-09-16 04:00:00,1793.41
2050-09-16 05:00:00,1573.86
2050-09-16 06:00:00,1014.88
2050-09-16 07:00:00,244.84
2050-09-16 08:00:00,-675.91
2050-09-16 09:00:00,-788.19
2050-09-16 10:00:00,-1418.06
2050-09-16 11:00:00,-1600.46
2050-09-16 12:00:00,-1424.62
2050-09-16 13:00:00,-953.8
2050-09-16 14:00:00,-451.62
2050-09-16 15:00:00,738.92
2050-09-16 16:00:00,2121.27
2050-09-16 17:00:00,3485.33
2050-09-16 18:00:00,3763.93
2050-09-16 19:00:00,4242.58
2050-09-16 20:00:00,3724.1
2050-09-16 21:00:00,4141.5
2050-09-16 22:00:00,3753.33
2050-09-16 23:00:00,3731.25
2050-09-17 00:00:00,3035.85
2050-09-17 01:00:00,2775.6
2050-09-17 02:00:00,2089.15
2050-09-17 03:00:00,1748.45
2050-09-17 04:00:00,2004.46
2050-09-17 05:00:00,1961.25
2050-09-17 06:00:00,2027.59
2050-09-17 07:00:00,555.77
2050-09-17 08:00:00,1553.84
2050-09-17 09:00:00,-158.66
2050-09-17 10:00:00,391.49
2050-09-17 11:00:00,-688.58
2050-09-17 12:00:00,-507.36
2050-09-17 13:00:00,272.45
2050-09-17 14:00:00,674.09
2050-09-17 15:00:00,1658.26
2050-09-17 16:00:00,2656.97
2050-09-17 17:00:00,3768.08
2050-09-17 18:00:00,3417.86
2050-09-17 19:00:00,2233.71
2050-09-17 20:00:00,1031.18
2050-09-17 21:00:00,946.08
2050-09-17 22:00:00,1292.15
2050-09-17 23:00:00,-74.16
2050-09-18 00:00:00,-293.85
2050-09-18 01:00:00,-572.55
2050-09-18 02:00:00,-456.22
2050-09-18 03:00:00,-1176.57
2050-09-18 04:00:00,-1246.47
2050-09-18 05:00:00,-2596.7
2050-09-18 06:00:00,-2233.59
2050-09-18 07:00:00,-2801.19
2050-09-18 08:00:00,-6604.52
2050-09-18 09:00:00,-6243.4
2050-09-18 10:00:00,-6393.67
2050-09-18 11:00:00,-6539.53
2050-09-18 12:00:00,-6889.6
2050-09-18 13:00:00,-5050.65
2050-09-18 14:00:00,-4468.64
2050-09-18 15:00:00,-2189.96
2050-09-18 16:00:00,-580.47
2050-09-18 17:00:00,321.02
2050-09-18 18:00:00,-529.81
2050-09-18 19:00:00,-1980.88
2050-09-18 20:00:00,-2730.65
2050-09-18 21:00:00,-3672.82
2050-09-18 22:00:00,-3011.52
2050-09-18 23:00:00,-2873.49
2050-09-19 00:00:00,-4266.26
2050-09-19 01:00:00,-3302.15
2050-09-19 02:00:00,-4136.36
2050-09-19 03:00:00,-4617.24
2050-09-19 04:00:00,-4297.29
2050-09-19 05:00:00,-3728.87
2050-09-19 06:00:00,-3601.14
2050-09-19 07:00:00,-3889.63
2050-09-19 08:00:00,-5128.9
2050-09-19 09:00:00,-6969.89
2050-09-19 10:00:00,-5651.08
2050-09-19 11:00:00,-4869.85
2050-09-19 12:00:00,-4637.11
2050-09-19 13:00:00,-3279.74
2050-09-19 14:00:00,-2410.18
2050-09-19 15:00:00,-2652.47
2050-09-19 16:00:00,-457.65
2050-09-19 17:00:00,1316.49
2050-09-19 18:00:00,1971.8
2050-09-19 19:00:00,2535.41
2050-09-19 20:00:00,1819.68
2050-09-19 21:00:00,525.23
2050-09-19 22:00:00,1620.46
2050-09-19 23:00:00,1717.12
2050-09-20 00:00:00,1185.64
2050-09-20 01:00:00,-841.45
2050-09-20 02:00:00,-1208.88
2050-09-20 03:00:00,-1746.66
2050-09-20 04:00:00,-1998.68
2050-09-20 05:00:00,-1905.97
2050-09-20 06:00:00,-2688.94
2050-09-20 07:00:00,-3247.15
2050-09-20 08:00:00,-3343.13
2050-09-20 09:00:00,-5100.46
2050-09-20 10:00:00,-5004.52
2050-09-20 11:00:00,-5011.08
2050-09-20 12:00:00,-3860.9
2050-09-20 13:00:00,-3069.94
2050-09-20 14:00:00,370.77
2050-09-20 15:00:00,1724.81
2050-09-20 16:00:00,2031.41
2050-09-20 17:00:00,2367.84
2050-09-20 18:00:00,2658.6
2050-09-20 19:00:00,1976.43
2050-09-20 20:00:00,1884.04
2050-09-20 21:00:00,1261.16
2050-09-20 22:00:00,-493.6
2050-09-20 23:00:00,-313.0
2050-09-21 00:00:00,-736.4
2050-09-21 01:00:00,-344.57
2050-09-21 02:00:00,-582.19
2050-09-21 03:00:00,-1138.6
2050-09-21 04:00:00,-1442.55
2050-09-21 05:00:00,-760.39
2050-09-21 06:00:00,-1474.04
2050-09-21 07:00:00,-3030.05
2050-09-21 08:00:00,-3588.45
2050-09-21 09:00:00,-3011.81
2050-09-21 10:00:00,-3592.85
2050-09-21 11:00:00,-2799.99
2050-09-21 12:00:00,-2277.59
2050-09-21 13:00:00,-1407.25
2050-09-21 14:00:00,-848.71
2050-09-21 15:00:00,456.8
2050-09-21 16:00:00,1617.49
2050-09-21 17:00:00,2586.3
2050-09-21 18:00:00,2520.14
2050-09-21 19:00:00,273.09
2050-09-21 20:00:00,-809.28
2050-09-21 21:00:00,-1174.26
2050-09-21 22:00:00,-692.4
2050-09-21 23:00:00,-540.49
2050-09-22 00:00:00,-1330.87
2050-09-22 01:00:00,-2653.41
2050-09-22 02:00:00,-3264.34
2050-09-22 03:00:00,-3162.55
2050-09-22 04:00:00,-3793.67
2050-09-22 05:00:00,-2709.18
2050-09-22 06:00:00,-3747.15
2050-09-22 07:00:00,-5004.78
2050-09-22 08:00:00,-6103.42
2050-09-22 09:00:00,-4583.91
2050-09-22 10:00:00,-5605.52
2050-09-22 11:00:00,-2568.97
2050-09-22 12:00:00,-1398.45
2050-09-22 13:00:00,-1515.45
2050-09-22 14:00:00,-2679.26
2050-09-22 15:00:00,-4876.15
2050-09-22 16:00:00,-3738.84
2050-09-22 17:00:00,-1269.75
2050-09-22 18:00:00,-807.47
2050-09-22 19:00:00,-2734.2
2050-09-22 20:00:00,-4754.6
2050-09-22 21:00:00,-5212.98
2050-09-22 22:00:00,-5192.98
2050-09-22 23:00:00,-4974.03
2050-09-23 00:00:00,-5304.07
2050-09-23 01:00:00,-4833.31
2050-09-23 02:00:00,-5361.34
2050-09-23 03:00:00,-5925.75
2050-09-23 04:00:00,-6382.83
2050-09-23 05:00:00,-6158.28
2050-09-23 06:00:00,-8100.78
2050-09-23 07:00:00,-9477.85
2050-09-23 08:00:00,-8551.64
2050-09-23 09:00:00,-8301.77
2050-09-23 10:00:00,-9467.4
2050-09-23 11:00:00,-8985.59
2050-09-23 12:00:00,-9327.05
2050-09-23 13:00:00,-8057.35
2050-09-23 14:00:00,-7755.15
2050-09-23 15:00:00,-5979.15
2050-09-23 16:00:00,-5308.92
2050-09-23 17:00:00,-3283.38
2050-09-23 18:00:00,-2862.27
2050-09-23 19:00:00,-3066.85
2050-09-23 20:00:00,-3305.87
2050-09-23 21:00:00,-2329.11
2050-09-23 22:00:00,-2499.22
2050-09-23 23:00:00,-2265.42
2050-09-24 00:00:00,-3147.16
2050-09-24 01:00:00,-2683.29
2050-09-24 02:00:00,-2743.69
2050-09-24 03:00:00,-3891.65
2050-09-24 04:00:00,-4089.29
2050-09-24 05:00:00,-3032.97
2050-09-24 06:00:00,-3912.7
2050-09-24 07:00:00,-3793.72
2050-09-24 08:00:00,-3678.34
2050-09-24 09:00:00,-4873.36
2050-09-24 10:00:00,-3952.68
2050-09-24 11:00:00,-4218.69
2050-09-24 12:00:00,-2320.24
2050-09-24 13:00:00,-2622.54
2050-09-24 14:00:00,-1606.23
2050-09-24 15:00:00,-335.01
2050-09-24 16:00:00,1423.51
2050-09-24 17:00:00,2152.58
2050-09-24 18:00:00,2775.95
2050-09-24 19:00:00,1607.19
2050-09-24 20:00:00,784.72
2050-09-24 21:00:00,1664.04
2050-09-24 22:00:00,845.28
2050-09-24 23:00:00,1495.37
2050-09-25 00:00:00,71.82
2050-09-25 01:00:00,-125.59
2050-09-25 02:00:00,-807.37
2050-09-25 03:00:00,53.16
2050-09-25 04:00:00,-189.67
2050-09-25 05:00:00,346.08
2050-09-25 06:00:00,368.26
2050-09-25 07:00:00,221.92
2050-09-25 08:00:00,-1576.15
2050-09-25 09:00:00,340.68
2050-09-25 10:00:00,-1531.42
2050-09-25 11:00:00,-197.24
2050-09-25 12:00:00,441.07
2050-09-25 13:00:00,-605.98
2050-09-25 14:00:00,-854.19
2050-09-25 15:00:00,364.25
2050-09-25 16:00:00,186.61
2050-09-25 17:00:00,944.92
2050-09-25 18:00:00,2153.19
2050-09-25 19:00:00,352.12
2050-09-25 20:00:00,399.89
2050-09-25 21:00:00,-2719.75
2050-09-25 22:00:00,-2116.99
2050-09-25 23:00:00,-3330.45
2050-09-26 00:00:00,-1190.32
2050-09-26 01:00:00,-1670.88
2050-09-26 02:00:00,-2132.11
2050-09-26 03:00:00,-1626.8
2050-09-26 04:00:00,-1384.49
2050-09-26 05:00:00,-2240.77
2050-09-26 06:00:00,-3418.26
2050-09-26 07:00:00,-4789.15
2050-09-26 08:00:00,-6366.03
2050-09-26 09:00:00,-6744.86
2050-09-26 10:00:00,-7672.77
2050-09-26 11:00:00,-7906.81
2050-09-26 12:00:00,-8458.76
2050-09-26 13:00:00,-8180.91
2050-09-26 14:00:00,-6585.1
2050-09-26 15:00:00,-5637.12
2050-09-26 16:00:00,-5362.19
2050-09-26 17:00:00,-4924.06
2050-09-26 18:00:00,-2062.91
2050-09-26 19:00:00,-1077.59
2050-09-26 20:00:00,-1730.22
2050-09-26 21:00:00,-1410.25
2050-09-26 22:00:00,-1280.18
2050-09-26 23:00:00,-1245.94
2050-09-27 00:00:00,-2267.99
2050-09-27 01:00:00,-3338.91
2050-09-27 02:00:00,-3286.7
2050-09-27 03:00:00,-3135.44
2050-09-27 04:00:00,-2614.93
2050-09-27 05:00:00,-1690.01
2050-09-27 06:00:00,-1288.17
2050-09-27 07:00:00,-2033.58
2050-09-27 08:00:00,-3728.09
2050-09-27 09:00:00,-3923.81
2050-09-27 10:00:00,-3907.1
2050-09-27 11:00:00,-3458.98
2050-09-27 12:00:00,-3383.93
2050-09-27 13:00:00,-3779.0
2050-09-27 14:00:00,-2541.54
2050-09-27 15:00:00,-1770.31
2050-09-27 16:00:00,-1127.32
2050-09-27 17:00:00,-163.26
2050-09-27 18:00:00,421.77
2050-09-27 19:00:00,-1131.62
2050-09-27 20:00:00,-786.01
2050-09-27 21:00:00,-535.76
2050-09-27 22:00:00,-507.04
2050-09-27 23:00:00,-1141.92
2050-09-28 00:00:00,-2325.86
2050-09-28 01:00:00,-1869.41
2050-09-28 02:00:00,-2803.23
2050-09-28 03:00:00,-3951.43
2050-09-28 04:00:00,-4152.56
2050-09-28 05:00:00,-3261.86
2050-09-28 06:00:00,-5551.4
2050-09-28 07:00:00,-6880.63
2050-09-28 08:00:00,-6910.14
2050-09-28 09:00:00,-5363.85
2050-09-28 10:00:00,-6752.98
2050-09-28 11:00:00,-7281.25
2050-09-28 12:00:00,-7094.27
2050-09-28 13:00:00,-5646.38
2050-09-28 14:00:00,-3785.34
2050-09-28 15:00:00,-1381.49
2050-09-28 16:00:00,-1726.58
2050-09-28 17:00:00,-812.32
2050-09-28 18:00:00,-643.05
2050-09-28 19:00:00,-1790.02
2050-09-28 20:00:00,-1766.49
2050-09-28 21:00:00,-1250.05
2050-09-28 22:00:00,-2966.61
2050-09-28 23:00:00,-3858.84
2050-09-29 00:00:00,-4224.73
2050-09-29 01:00:00,-4391.37
2050-09-29 02:00:00,-4219.95
2050-09-29 03:00:00,-5412.79
2050-09-29 04:00:00,-6139.74
2050-09-29 05:00:00,-6598.97
2050-09-29 06:00:00,-6600.47
2050-09-29 07:00:00,-5473.41
2050-09-29 08:00:00,-8462.43
2050-09-29 09:00:00,-6973.34
2050-09-29 10:00:00,-6287.05
2050-09-29 11:00:00,-6217.78
2050-09-29 12:00:00,-5626.55
2050-09-29 13:00:00,-2784.33
2050-09-29 14:00:00,-614.25
2050-09-29 15:00:00,1220.35
2050-09-29 16:00:00,1337.76
2050-09-29 17:00:00,1291.34
2050-09-29 18:00:00,2518.27
2050-09-29 19:00:00,-116.18
2050-09-29 20:00:00,492.99
2050-09-29 21:00:00,-232.85
2050-09-29 22:00:00,-1520.02
2050-09-29 23:00:00,-4357.03
2050-09-30 00:00:00,-3026.43
2050-09-30 01:00:00,-5195.65
2050-09-30 02:00:00,-7033.04
2050-09-30 03:00:00,-8356.93
2050-09-30 04:00:00,-7969.66
2050-09-30 05:00:00,-4857.58
2050-09-30 06:00:00,-7495.0
2050-09-30 07:00:00,-8486.18
2050-09-30 08:00:00,-7689.81
2050-09-30 09:00:00,-7420.91
2050-09-30 10:00:00,-7225.46
2050-09-30 11:00:00,-6956.54
2050-09-30 12:00:00,-5606.42
2050-09-30 13:00:00,-4411.08
2050-09-30 14:00:00,-3845.58
2050-09-30 15:00:00,-2747.06
2050-09-30 16:00:00,-3048.46
2050-09-30 17:00:00,-2271.98
2050-09-30 18:00:00,-1351.83
2050-09-30 19:00:00,-2540.38
2050-09-30 20:00:00,-2686.52
2050-09-30 21:00:00,-2555.01
2050-09-30 22:00:00,-3234.87
2050-09-30 23:00:00,-3362.01
2050-10-01 00:00:00,-5314.6
2050-10-01 01:00:00,-4768.9
2050-10-01 02:00:00,-4003.7
2050-10-01 03:00:00,-4493.02
2050-10-01 04:00:00,-4592.03
2050-10-01 05:00:00,-4691.76
2050-10-01 06:00:00,-4344.18
2050-10-01 07:00:00,-4504.21
2050-10-01 08:00:00,-4700.76
2050-10-01 09:00:00,-5205.03
2050-10-01 10:00:00,-4543.65
2050-10-01 11:00:00,-3863.62
2050-10-01 12:00:00,-3275.45
2050-10-01 13:00:00,-1214.83
2050-10-01 14:00:00,-1538.79
2050-10-01 15:00:00,-1680.88
2050-10-01 16:00:00,-1759.43
2050-10-01 17:00:00,-1330.62
2050-10-01 18:00:00,-1106.36
2050-10-01 19:00:00,-1882.98
2050-10-01 20:00:00,-4093.61
2050-10-01 21:00:00,-4400.28
2050-10-01 22:00:00,-3458.07
2050-10-01 23:00:00,-3617.15
2050-10-02 00:00:00,-3957.91
2050-10-02 01:00:00,-5070.1
2050-10-02 02:00:00,-6168.92
2050-10-02 03:00:00,-5904.21
2050-10-02 04:00:00,-6001.93
2050-10-02 05:00:00,-5913.0
2050-10-02 06:00:00,-5770.45
2050-10-02 07:00:00,-6506.86
2050-10-02 08:00:00,-5034.56
2050-10-02 09:00:00,-5144.2
2050-10-02 10:00:00,-6377.83
2050-10-02 11:00:00,-5467.75
2050-10-02 12:00:00,-6258.2
2050-10-02 13:00:00,-6287.81
2050-10-02 14:00:00,-5210.86
2050-10-02 15:00:00,-4615.09
2050-10-02 16:00:00,-3849.14
2050-10-02 17:00:00,-1767.01
2050-10-02 18:00:00,-2008.63
2050-10-02 19:00:00,-3369.04
2050-10-02 20:00:00,-6542.52
2050-10-02 21:00:00,-3629.07
2050-10-02 22:00:00,-5281.16
2050-10-02 23:00:00,-5527.13
2050-10-03 00:00:00,-6592.27
2050-10-03 01:00:00,-3644.87
2050-10-03 02:00:00,-3663.16
2050-10-03 03:00:00,-3319.67
2050-10-03 04:00:00,-3212.73
2050-10-03 05:00:00,-3788.9
2050-10-03 06:00:00,-3496.28
2050-10-03 07:00:00,-3126.11
2050-10-03 08:00:00,-3275.27
2050-10-03 09:00:00,-4772.97
2050-10-03 10:00:00,-4555.63
2050-10-03 11:00:00,-3691.8
2050-10-03 12:00:00,-4632.77
2050-10-03 13:00:00,-5693.58
2050-10-03 14:00:00,-2965.23
2050-10-03 15:00:00,-3160.71
2050-10-03 16:00:00,-1119.02
2050-10-03 17:00:00,-300.84
2050-10-03 18:00:00,-30.41
2050-10-03 19:00:00,-350.31
2050-10-03 20:00:00,478.77
2050-10-03 21:00:00,-431.22
2050-10-03 22:00:00,-1112.04
2050-10-03 23:00:00,-570.05
2050-10-04 00:00:00,-1097.37
2050-10-04 01:00:00,-1627.39
2050-10-04 02:00:00,-2961.49
2050-10-04 03:00:00,-2957.67
2050-10-04 04:00:00,-3988.23
2050-10-04 05:00:00,-4206.08
2050-10-04 06:00:00,-4111.66
2050-10-04 07:00:00,-5231.8
2050-10-04 08:00:00,-3427.62
2050-10-04 09:00:00,-3765.03
2050-10-04 10:00:00,-6373.6
2050-10-04 11:00:00,-6513.85
2050-10-04 12:00:00,-4734.1
2050-10-04 13:00:00,-4916.6
2050-10-04 14:00:00,-6803.55
2050-10-04 15:00:00,-6765.26
2050-10-04 16:00:00,-5449.08
2050-10-04 17:00:00,-4929.8
2050-10-04 18:00:00,-6041.78
2050-10-04 19:00:00,-4786.0
2050-10-04 20:00:00,-3690.21
2050-10-04 21:00:00,-4744.43
2050-10-04 22:00:00,-3707.19
2050-10-04 23:00:00,-2976.73
2050-10-05 00:00:00,-5596.51
2050-10-05 01:00:00,-4548.01
2050-10-05 02:00:00,-4603.08
2050-10-05 03:00:00,-5949.65
2050-10-05 04:00:00,-5067.71
2050-10-05 05:00:00,-3686.05
2050-10-05 06:00:00,-2800.22
2050-10-05 07:00:00,-5435.84
2050-10-05 08:00:00,-2634.97
2050-10-05 09:00:00,-1824.94
2050-10-05 10:00:00,-5615.43
2050-10-05 11:00:00,-5239.02
2050-10-05 12:00:00,-4987.59
2050-10-05 13:00:00,-3361.97
2050-10-05 14:00:00,-2903.13
2050-10-05 15:00:00,-1448.49
2050-10-05 16:00:00,138.37
2050-10-05 17:00:00,2198.11
2050-10-05 18:00:00,1841.1
2050-10-05 19:00:00,2612.81
2050-10-05 20:00:00,2748.66
2050-10-05 21:00:00,2372.29
2050-10-05 22:00:00,2350.17
2050-10-05 23:00:00,2528.53
2050-10-06 00:00:00,1683.17
2050-10-06 01:00:00,1818.56
2050-10-06 02:00:00,1864.14
2050-10-06 03:00:00,1757.79
2050-10-06 04:00:00,1353.32
2050-10-06 05:00:00,1439.01
2050-10-06 06:00:00,1525.41
2050-10-06 07:00:00,-836.61
2050-10-06 08:00:00,-1261.81
2050-10-06 09:00:00,-1513.01
2050-10-06 10:00:00,-2005.0
2050-10-06 11:00:00,-1806.19
2050-10-06 12:00:00,-1641.64
2050-10-06 13:00:00,-1400.06
2050-10-06 14:00:00,-711.71
2050-10-06 15:00:00,490.16
2050-10-06 16:00:00,2179.35
2050-10-06 17:00:00,3926.86
2050-10-06 18:00:00,3667.33
2050-10-06 19:00:00,2770.43
2050-10-06 20:00:00,2787.66
2050-10-06 21:00:00,1982.26
2050-10-06 22:00:00,1172.64
2050-10-06 23:00:00,883.95
2050-10-07 00:00:00,315.02
2050-10-07 01:00:00,587.87
2050-10-07 02:00:00,404.46
2050-10-07 03:00:00,-61.8
2050-10-07 04:00:00,114.39
2050-10-07 05:00:00,88.12
2050-10-07 06:00:00,1252.31
2050-10-07 07:00:00,-1977.51
2050-10-07 08:00:00,-2681.29
2050-10-07 09:00:00,-3252.92
2050-10-07 10:00:00,-4589.42
2050-10-07 11:00:00,-4456.67
2050-10-07 12:00:00,-3589.22
2050-10-07 13:00:00,-4464.35
2050-10-07 14:00:00,-3495.48
2050-10-07 15:00:00,-4473.07
2050-10-07 16:00:00,-3211.16
2050-10-07 17:00:00,-1637.37
2050-10-07 18:00:00,-2437.2
2050-10-07 19:00:00,31.85
2050-10-07 20:00:00,-3320.15
2050-10-07 21:00:00,-3474.44
2050-10-07 22:00:00,-2502.59
2050-10-07 23:00:00,-3053.37
2050-10-08 00:00:00,-2735.05
2050-10-08 01:00:00,-2765.53
2050-10-08 02:00:00,-1457.89
2050-10-08 03:00:00,-2165.39
2050-10-08 04:00:00,-4668.98
2050-10-08 05:00:00,-4561.68
2050-10-08 06:00:00,-4377.64
2050-10-08 07:00:00,-4593.48
2050-10-08 08:00:00,-4051.99
2050-10-08 09:00:00,-4184.28
2050-10-08 10:00:00,-4694.45
2050-10-08 11:00:00,-3168.7
2050-10-08 12:00:00,-2264.42
2050-10-08 13:00:00,-1717.14
2050-10-08 14:00:00,-1389.41
2050-10-08 15:00:00,-436.76
2050-10-08 16:00:00,-506.73
2050-10-08 17:00:00,144.88
2050-10-08 18:00:00,-162.09
2050-10-08 19:00:00,-2163.79
2050-10-08 20:00:00,-1105.45
2050-10-08 21:00:00,-1461.43
2050-10-08 22:00:00,-1155.23
2050-10-08 23:00:00,-1240.84
2050-10-09 00:00:00,-2109.03
2050-10-09 01:00:00,-2351.19
2050-10-09 02:00:00,-2951.61
2050-10-09 03:00:00,-3423.13
2050-10-09 04:00:00,-4243.16
2050-10-09 05:00:00,-4684.98
2050-10-09 06:00:00,-5794.83
2050-10-09 07:00:00,-5772.75
2050-10-09 08:00:00,-5096.3
2050-10-09 09:00:00,-5776.05
2050-10-09 10:00:00,-6104.45
2050-10-09 11:00:00,-7486.96
2050-10-09 12:00:00,-7311.32
2050-10-09 13:00:00,-7151.9
2050-10-09 14:00:00,-7608.78
2050-10-09 15:00:00,-7664.9
2050-10-09 16:00:00,-7175.65
2050-10-09 17:00:00,-6833.33
2050-10-09 18:00:00,-6611.75
2050-10-09 19:00:00,-6726.38
2050-10-09 20:00:00,-6952.73
2050-10-09 21:00:00,-7120.22
2050-10-09 22:00:00,-7460.39
2050-10-09 23:00:00,-7381.46
2050-10-10 00:00:00,-7988.41
2050-10-10 01:00:00,-7871.68
2050-10-10 02:00:00,-8220.41
2050-10-10 03:00:00,-7937.64
2050-10-10 04:00:00,-7618.03
2050-10-10 05:00:00,-6048.7
2050-10-10 06:00:00,-6455.26
2050-10-10 07:00:00,-6632.58
2050-10-10 08:00:00,-7655.44
2050-10-10 09:00:00,-7196.06
2050-10-10 10:00:00,-6922.77
2050-10-10 11:00:00,-6644.72
2050-10-10 12:00:00,-6148.24
2050-10-10 13:00:00,-6279.84
2050-10-10 14:00:00,-6005.75
2050-10-10 15:00:00,-5115.0
2050-10-10 16:00:00,-3008.05
2050-10-10 17:00:00,-255.69
2050-10-10 18:00:00,-279.88
2050-10-10 19:00:00,-1668.74
2050-10-10 20:00:00,-2067.81
2050-10-10 21:00:00,-3405.65
2050-10-10 22:00:00,-2955.92
2050-10-10 23:00:00,-685.51
2050-10-11 00:00:00,-3235.27
2050-10-11 01:00:00,-3133.36
2050-10-11 02:00:00,-3671.93
2050-10-11 03:00:00,-3727.12
2050-10-11 04:00:00,-2596.02
2050-10-11 05:00:00,-1808.82
2050-10-11 06:00:00,-1821.82
2050-10-11 07:00:00,-3660.27
2050-10-11 08:00:00,-4361.98
2050-10-11 09:00:00,-5052.77
2050-10-11 10:00:00,-6904.47
2050-10-11 11:00:00,-6976.44
2050-10-11 12:00:00,-4778.49
2050-10-11 13:00:00,-4595.02
2050-10-11 14:00:00,-4224.36
2050-10-11 15:00:00,-2236.62
2050-10-11 16:00:00,-1024.65
2050-10-11 17:00:00,-402.53
2050-10-11 18:00:00,-330.49
2050-10-11 19:00:00,1409.43
2050-10-11 20:00:00,-535.5
2050-10-11 21:00:00,-1425.61
2050-10-11 22:00:00,-1546.56
2050-10-11 23:00:00,-1264.12
2050-10-12 00:00:00,-2167.64
2050-10-12 01:00:00,-697.1
2050-10-12 02:00:00,-1844.1
2050-10-12 03:00:00,-3509.92
2050-10-12 04:00:00,-3795.86
2050-10-12 05:00:00,-5100.62
2050-10-12 06:00:00,-4004.75
2050-10-12 07:00:00,-6700.71
2050-10-12 08:00:00,-5686.64
2050-10-12 09:00:00,-7130.05
2050-10-12 10:00:00,-3285.5
2050-10-12 11:00:00,-2804.51
2050-10-12 12:00:00,-1517.52
2050-10-12 13:00:00,-2565.89
2050-10-12 14:00:00,-3071.45
2050-10-12 15:00:00,-1349.79
2050-10-12 16:00:00,-349.18
2050-10-12 17:00:00,911.89
2050-10-12 18:00:00,28.89
2050-10-12 19:00:00,570.08
2050-10-12 20:00:00,289.9
2050-10-12 21:00:00,92.22
2050-10-12 22:00:00,-506.88
2050-10-12 23:00:00,-1320.7
2050-10-13 00:00:00,-1285.52
2050-10-13 01:00:00,-995.23
2050-10-13 02:00:00,-2169.64
2050-10-13 03:00:00,-1992.61
2050-10-13 04:00:00,-414.75
2050-10-13 05:00:00,-644.18
2050-10-13 06:00:00,-955.71
2050-10-13 07:00:00,-766.31
2050-10-13 08:00:00,-2816.28
2050-10-13 09:00:00,-2510.05
2050-10-13 10:00:00,-2730.91
2050-10-13 11:00:00,-3648.57
2050-10-13 12:00:00,-4337.88
2050-10-13 13:00:00,-1642.67
2050-10-13 14:00:00,-576.14
2050-10-13 15:00:00,-53.37
2050-10-13 16:00:00,983.29
2050-10-13 17:00:00,525.94
2050-10-13 18:00:00,1711.99
2050-10-13 19:00:00,32.25
2050-10-13 20:00:00,369.34
2050-10-13 21:00:00,1168.07
2050-10-13 22:00:00,303.03
2050-10-13 23:00:00,-121.07
2050-10-14 00:00:00,1616.88
2050-10-14 01:00:00,131.11
2050-10-14 02:00:00,-1356.84
2050-10-14 03:00:00,-2746.84
2050-10-14 04:00:00,-1753.96
2050-10-14 05:00:00,-1118.79
2050-10-14 06:00:00,49.16
2050-10-14 07:00:00,-1840.14
2050-10-14 08:00:00,-1388.76
2050-10-14 09:00:00,-1502.57
2050-10-14 10:00:00,-1988.13
2050-10-14 11:00:00,-2236.12
2050-10-14 12:00:00,-1976.23
2050-10-14 13:00:00,-1338.41
2050-10-14 14:00:00,-845.7
2050-10-14 15:00:00,282.25
2050-10-14 16:00:00,1612.27
2050-10-14 17:00:00,2983.06
2050-10-14 18:00:00,3551.2
2050-10-14 19:00:00,3137.92
2050-10-14 20:00:00,3714.67
2050-10-14 21:00:00,3068.58
2050-10-14 22:00:00,2712.06
2050-10-14 23:00:00,776.56
2050-10-15 00:00:00,1043.43
2050-10-15 01:00:00,-331.77
2050-10-15 02:00:00,-694.74
2050-10-15 03:00:00,-122.13
2050-10-15 04:00:00,-44.07
2050-10-15 05:00:00,106.47
2050-10-15 06:00:00,74.55
2050-10-15 07:00:00,-1313.57
2050-10-15 08:00:00,-1680.06
2050-10-15 09:00:00,-2465.25
2050-10-15 10:00:00,-2902.0
2050-10-15 11:00:00,-2987.14
2050-10-15 12:00:00,-3158.42
2050-10-15 13:00:00,-3035.03
2050-10-15 14:00:00,-3064.34
2050-10-15 15:00:00,-2109.01
2050-10-15 16:00:00,-1178.29
2050-10-15 17:00:00,-1863.39
2050-10-15 18:00:00,-2139.06
2050-10-15 19:00:00,-2979.52
2050-10-15 20:00:00,-3818.2
2050-10-15 21:00:00,-3883.17
2050-10-15 22:00:00,-4667.22
2050-10-15 23:00:00,-5097.13
2050-10-16 00:00:00,-5018.25
2050-10-16 01:00:00,-4605.25
2050-10-16 02:00:00,-3125.45
2050-10-16 03:00:00,-4508.22
2050-10-16 04:00:00,-6202.94
2050-10-16 05:00:00,-5239.74
2050-10-16 06:00:00,-5704.64
2050-10-16 07:00:00,-7555.96
2050-10-16 08:00:00,-6934.1
2050-10-16 09:00:00,-7676.55
2050-10-16 10:00:00,-7968.68
2050-10-16 11:00:00,-7333.54
2050-10-16 12:00:00,-6807.38
2050-10-16 13:00:00,-6328.67
2050-10-16 14:00:00,-5470.43
2050-10-16 15:00:00,-4337.38
2050-10-16 16:00:00,-2660.1
2050-10-16 17:00:00,-4338.79
2050-10-16 18:00:00,-3810.68
2050-10-16 19:00:00,-4187.1
2050-10-16 20:00:00,-6627.86
2050-10-16 21:00:00,-4935.13
2050-10-16 22:00:00,-6695.16
2050-10-16 23:00:00,-6630.5
2050-10-17 00:00:00,-6094.37
2050-10-17 01:00:00,-5355.03
2050-10-17 02:00:00,-6148.59
2050-10-17 03:00:00,-5131.4
2050-10-17 04:00:00,-3933.36
2050-10-17 05:00:00,-4171.72
2050-10-17 06:00:00,-4993.7
2050-10-17 07:00:00,-5219.55
2050-10-17 08:00:00,-7105.15
2050-10-17 09:00:00,-8826.98
2050-10-17 10:00:00,-11077.31
2050-10-17 11:00:00,-9024.12
2050-10-17 12:00:00,-8346.69
2050-10-17 13:00:00,-7609.15
2050-10-17 14:00:00,-7586.2
2050-10-17 15:00:00,-6420.84
2050-10-17 16:00:00,-5052.52
2050-10-17 17:00:00,-5074.14
2050-10-17 18:00:00,-4521.22
2050-10-17 19:00:00,-5167.26
2050-10-17 20:00:00,-4633.11
2050-10-17 21:00:00,-4499.69
2050-10-17 22:00:00,-2411.21
2050-10-17 23:00:00,-3209.68
2050-10-18 00:00:00,-4467.87
2050-10-18 01:00:00,-4540.23
2050-10-18 02:00:00,-3984.7
2050-10-18 03:00:00,-4317.72
2050-10-18 04:00:00,-3990.8
2050-10-18 05:00:00,-3644.66
2050-10-18 06:00:00,-3010.53
2050-10-18 07:00:00,-4528.03
2050-10-18 08:00:00,-4623.66
2050-10-18 09:00:00,-4630.46
2050-10-18 10:00:00,-6132.4
2050-10-18 11:00:00,-5882.42
2050-10-18 12:00:00,-6217.82
2050-10-18 13:00:00,-5722.43
2050-10-18 14:00:00,-6278.35
2050-10-18 15:00:00,-5514.35
2050-10-18 16:00:00,-4033.41
2050-10-18 17:00:00,-3653.21
2050-10-18 18:00:00,-2960.01
2050-10-18 19:00:00,-2270.44
2050-10-18 20:00:00,-2540.42
2050-10-18 21:00:00,-1615.99
2050-10-18 22:00:00,-452.28
2050-10-18 23:00:00,568.41
2050-10-19 00:00:00,136.22
2050-10-19 01:00:00,-250.35
2050-10-19 02:00:00,-143.59
2050-10-19 03:00:00,-495.37
2050-10-19 04:00:00,-278.83
2050-10-19 05:00:00,-228.22
2050-10-19 06:00:00,155.66
2050-10-19 07:00:00,-1352.2
2050-10-19 08:00:00,9.28
2050-10-19 09:00:00,425.65
2050-10-19 10:00:00,-140.79
2050-10-19 11:00:00,-620.92
2050-10-19 12:00:00,-2550.95
2050-10-19 13:00:00,-1847.87
2050-10-19 14:00:00,-776.34
2050-10-19 15:00:00,116.4
2050-10-19 16:00:00,911.64
2050-10-19 17:00:00,1206.52
2050-10-19 18:00:00,683.34
2050-10-19 19:00:00,1163.76
2050-10-19 20:00:00,104.99
2050-10-19 21:00:00,-974.42
2050-10-19 22:00:00,-4358.29
2050-10-19 23:00:00,-3914.9
2050-10-20 00:00:00,-4217.89
2050-10-20 01:00:00,-3825.23
2050-10-20 02:00:00,-3559.17
2050-10-20 03:00:00,-3426.3
2050-10-20 04:00:00,-2526.85
2050-10-20 05:00:00,-3106.1
2050-10-20 06:00:00,-2535.83
2050-10-20 07:00:00,-3997.1
2050-10-20 08:00:00,-8382.15
2050-10-20 09:00:00,-7367.13
2050-10-20 10:00:00,-6938.85
2050-10-20 11:00:00,-4961.9
2050-10-20 12:00:00,-2493.19
2050-10-20 13:00:00,-697.93
2050-10-20 14:00:00,-361.18
2050-10-20 15:00:00,-1108.7
2050-10-20 16:00:00,-320.99
2050-10-20 17:00:00,-887.72
2050-10-20 18:00:00,-123.59
2050-10-20 19:00:00,-736.27
2050-10-20 20:00:00,-954.36
2050-10-20 21:00:00,-552.34
2050-10-20 22:00:00,-2040.69
2050-10-20 23:00:00,-2050.33
2050-10-21 00:00:00,-2139.69
2050-10-21 01:00:00,-1433.47
2050-10-21 02:00:00,-517.62
2050-10-21 03:00:00,-2229.63
2050-10-21 04:00:00,-1090.92
2050-10-21 05:00:00,-772.99
2050-10-21 06:00:00,-922.51
2050-10-21 07:00:00,205.27
2050-10-21 08:00:00,452.83
2050-10-21 09:00:00,-3080.13
2050-10-21 10:00:00,-2390.38
2050-10-21 11:00:00,-1179.11
2050-10-21 12:00:00,-530.47
2050-10-21 13:00:00,-1516.46
2050-10-21 14:00:00,15.78
2050-10-21 15:00:00,-1298.69
2050-10-21 16:00:00,-541.42
2050-10-21 17:00:00,-215.89
2050-10-21 18:00:00,-1110.8
2050-10-21 19:00:00,-874.54
2050-10-21 20:00:00,-401.48
2050-10-21 21:00:00,-1479.31
2050-10-21 22:00:00,-1551.74
2050-10-21 23:00:00,-1390.42
2050-10-22 00:00:00,-1364.83
2050-10-22 01:00:00,-2424.32
2050-10-22 02:00:00,-636.45
2050-10-22 03:00:00,-232.17
2050-10-22 04:00:00,338.4
2050-10-22 05:00:00,1055.4
2050-10-22 06:00:00,489.94
2050-10-22 07:00:00,-309.78
2050-10-22 08:00:00,15.34
2050-10-22 09:00:00,660.43
2050-10-22 10:00:00,-33.5
2050-10-22 11:00:00,-1055.18
2050-10-22 12:00:00,-871.51
2050-10-22 13:00:00,-1458.14
2050-10-22 14:00:00,-1485.33
2050-10-22 15:00:00,-2571.37
2050-10-22 16:00:00,-3226.38
2050-10-22 17:00:00,-2732.33
2050-10-22 18:00:00,-1809.63
2050-10-22 19:00:00,-3500.12
2050-10-22 20:00:00,-3019.75
2050-10-22 21:00:00,-2271.14
2050-10-22 22:00:00,-2166.7
2050-10-22 23:00:00,-2129.72
2050-10-23 00:00:00,-3408.85
2050-10-23 01:00:00,-2273.5
2050-10-23 02:00:00,-1989.84
2050-10-23 03:00:00,-3964.62
2050-10-23 04:00:00,-3310.84
2050-10-23 05:00:00,-2819.25
2050-10-23 06:00:00,-2273.17
2050-10-23 07:00:00,-5022.38
2050-10-23 08:00:00,-5990.45
2050-10-23 09:00:00,-6661.82
2050-10-23 10:00:00,-6730.56
2050-10-23 11:00:00,-6613.53
2050-10-23 12:00:00,-6230.75
2050-10-23 13:00:00,-6216.32
2050-10-23 14:00:00,-5195.19
2050-10-23 15:00:00,-4042.76
2050-10-23 16:00:00,-2104.39
2050-10-23 17:00:00,-1101.77
2050-10-23 18:00:00,-1484.36
2050-10-23 19:00:00,-1691.28
2050-10-23 20:00:00,-2314.21
2050-10-23 21:00:00,-2024.55
2050-10-23 22:00:00,-2589.53
2050-10-23 23:00:00,-2470.7
2050-10-24 00:00:00,-2228.64
2050-10-24 01:00:00,-1829.4
2050-10-24 02:00:00,-3347.73
2050-10-24 03:00:00,-3313.14
2050-10-24 04:00:00,-4231.74
2050-10-24 05:00:00,-2890.87
2050-10-24 06:00:00,-2654.32
2050-10-24 07:00:00,-4582.7
2050-10-24 08:00:00,-4765.34
2050-10-24 09:00:00,-5571.19
2050-10-24 10:00:00,-3341.35
2050-10-24 11:00:00,-3297.45
2050-10-24 12:00:00,-2349.85
2050-10-24 13:00:00,-1840.45
2050-10-24 14:00:00,-4283.34
2050-10-24 15:00:00,-5305.53
2050-10-24 16:00:00,-1113.67
2050-10-24 17:00:00,-1629.27
2050-10-24 18:00:00,-2689.97
2050-10-24 19:00:00,-2208.14
2050-10-24 20:00:00,-3466.05
2050-10-24 21:00:00,-2473.0
2050-10-24 22:00:00,-3994.87
2050-10-24 23:00:00,-3440.31
2050-10-25 00:00:00,-3395.62
2050-10-25 01:00:00,-2176.47
2050-10-25 02:00:00,-1427.17
2050-10-25 03:00:00,-1060.73
2050-10-25 04:00:00,-628.67
2050-10-25 05:00:00,-1392.4
2050-10-25 06:00:00,-2005.71
2050-10-25 07:00:00,-4738.66
2050-10-25 08:00:00,-4339.95
2050-10-25 09:00:00,-5648.1
2050-10-25 10:00:00,-5676.87
2050-10-25 11:00:00,-4238.78
2050-10-25 12:00:00,-4349.82
2050-10-25 13:00:00,-2170.16
2050-10-25 14:00:00,-1998.02
2050-10-25 15:00:00,-1354.49
2050-10-25 16:00:00,1579.8
2050-10-25 17:00:00,1830.15
2050-10-25 18:00:00,508.13
2050-10-25 19:00:00,-1799.83
2050-10-25 20:00:00,-4259.43
2050-10-25 21:00:00,-3923.77
2050-10-25 22:00:00,-3482.86
2050-10-25 23:00:00,-3439.05
2050-10-26 00:00:00,-4533.96
2050-10-26 01:00:00,-3298.32
2050-10-26 02:00:00,-2425.37
2050-10-26 03:00:00,-2180.44
2050-10-26 04:00:00,-2237.19
2050-10-26 05:00:00,-2833.13
2050-10-26 06:00:00,-1230.28
2050-10-26 07:00:00,-1883.22
2050-10-26 08:00:00,-4102.08
2050-10-26 09:00:00,-4678.98
2050-10-26 10:00:00,-3417.81
2050-10-26 11:00:00,-3274.14
2050-10-26 12:00:00,-3505.4
2050-10-26 13:00:00,-2244.05
2050-10-26 14:00:00,-103.3
2050-10-26 15:00:00,2296.68
2050-10-26 16:00:00,3400.54
2050-10-26 17:00:00,2989.24
2050-10-26 18:00:00,3140.61
2050-10-26 19:00:00,1795.75
2050-10-26 20:00:00,883.44
2050-10-26 21:00:00,-642.68
2050-10-26 22:00:00,-271.31
2050-10-26 23:00:00,-948.09
2050-10-27 00:00:00,-1172.54
2050-10-27 01:00:00,-2369.1
2050-10-27 02:00:00,-3114.44
2050-10-27 03:00:00,-4308.55
2050-10-27 04:00:00,-6716.95
2050-10-27 05:00:00,-6327.29
2050-10-27 06:00:00,-8500.19
2050-10-27 07:00:00,-8777.75
2050-10-27 08:00:00,-8639.29
2050-10-27 09:00:00,-8751.13
2050-10-27 10:00:00,-8638.51
2050-10-27 11:00:00,-7733.62
2050-10-27 12:00:00,-6973.37
2050-10-27 13:00:00,-6138.83
2050-10-27 14:00:00,-6629.99
2050-10-27 15:00:00,-1631.36
2050-10-27 16:00:00,-826.37
2050-10-27 17:00:00,-2065.57
2050-10-27 18:00:00,-1391.98
2050-10-27 19:00:00,-1868.51
2050-10-27 20:00:00,-2385.55
2050-10-27 21:00:00,-3015.82
2050-10-27 22:00:00,-3980.47
2050-10-27 23:00:00,-3656.82
2050-10-28 00:00:00,-3848.09
2050-10-28 01:00:00,-3985.19
2050-10-28 02:00:00,-3968.6
2050-10-28 03:00:00,-4880.88
2050-10-28 04:00:00,-4328.22
2050-10-28 05:00:00,-4170.76
2050-10-28 06:00:00,-4197.49
2050-10-28 07:00:00,-6461.15
2050-10-28 08:00:00,-6616.99
2050-10-28 09:00:00,-6989.56
2050-10-28 10:00:00,-7687.19
2050-10-28 11:00:00,-5423.73
2050-10-28 12:00:00,-5657.4
2050-10-28 13:00:00,-4766.68
2050-10-28 14:00:00,-5113.61
2050-10-28 15:00:00,-5289.76
2050-10-28 16:00:00,-3353.82
2050-10-28 17:00:00,-1863.7
2050-10-28 18:00:00,-2351.45
2050-10-28 19:00:00,-2342.3
2050-10-28 20:00:00,-3038.66
2050-10-28 21:00:00,-4253.23
2050-10-28 22:00:00,-4067.91
2050-10-28 23:00:00,-3863.31
2050-10-29 00:00:00,-2705.02
2050-10-29 01:00:00,-3505.15
2050-10-29 02:00:00,-2309.99
2050-10-29 03:00:00,-3839.97
2050-10-29 04:00:00,-4493.54
2050-10-29 05:00:00,-2851.12
2050-10-29 06:00:00,-2024.89
2050-10-29 07:00:00,-2947.74
2050-10-29 08:00:00,-6167.3
2050-10-29 09:00:00,-5648.39
2050-10-29 10:00:00,-7170.74
2050-10-29 11:00:00,-8545.68
2050-10-29 12:00:00,-11524.7
2050-10-29 13:00:00,-9993.69
2050-10-29 14:00:00,-10286.96
2050-10-29 15:00:00,-8503.55
2050-10-29 16:00:00,-7803.77
2050-10-29 17:00:00,-7615.99
2050-10-29 18:00:00,-7074.68
2050-10-29 19:00:00,-6746.5
2050-10-29 20:00:00,-6572.62
2050-10-29 21:00:00,-6567.65
2050-10-29 22:00:00,-6731.98
2050-10-29 23:00:00,-6965.8
2050-10-30 00:00:00,-6991.57
2050-10-30 01:00:00,-6771.12
2050-10-30 02:00:00,-5407.97
2050-10-30 03:00:00,-6231.37
2050-10-30 04:00:00,-6221.74
2050-10-30 05:00:00,-5136.6
2050-10-30 06:00:00,-5509.62
2050-10-30 07:00:00,-7898.11
2050-10-30 08:00:00,-6996.05
2050-10-30 09:00:00,-7081.42
2050-10-30 10:00:00,-8807.11
2050-10-30 11:00:00,-8434.49
2050-10-30 12:00:00,-7168.32
2050-10-30 13:00:00,-5850.18
2050-10-30 14:00:00,-6935.72
2050-10-30 15:00:00,-4353.09
2050-10-30 16:00:00,-3688.29
2050-10-30 17:00:00,-1755.01
2050-10-30 18:00:00,-1214.1
2050-10-30 19:00:00,-1549.65
2050-10-30 20:00:00,-1250.97
2050-10-30 21:00:00,-1214.7
2050-10-30 22:00:00,-1360.82
2050-10-30 23:00:00,-337.69
2050-10-31 00:00:00,-1545.07
2050-10-31 01:00:00,-517.97
2050-10-31 02:00:00,-1547.51
2050-10-31 03:00:00,-2905.13
2050-10-31 04:00:00,-2270.18
2050-10-31 05:00:00,-1175.88
2050-10-31 06:00:00,-90.31
2050-10-31 07:00:00,-1845.84
2050-10-31 08:00:00,-3628.29
2050-10-31 09:00:00,-3697.12
2050-10-31 10:00:00,-3963.92
2050-10-31 11:00:00,-4291.0
2050-10-31 12:00:00,-5141.13
2050-10-31 13:00:00,-4489.21
2050-10-31 14:00:00,-3620.67
2050-10-31 15:00:00,-3296.91
2050-10-31 16:00:00,-1762.17
2050-10-31 17:00:00,-1859.82
2050-10-31 18:00:00,-2090.22
2050-10-31 19:00:00,-2031.83
2050-10-31 20:00:00,-2712.57
2050-10-31 21:00:00,-3318.65
2050-10-31 22:00:00,-3398.34
2050-10-31 23:00:00,-4022.71
2050-11-01 00:00:00,-4467.95
2050-11-01 01:00:00,-2631.16
2050-11-01 02:00:00,-858.35
2050-11-01 03:00:00,-1022.15
2050-11-01 04:00:00,-1809.0
2050-11-01 05:00:00,-560.63
2050-11-01 06:00:00,-1277.86
2050-11-01 07:00:00,-4377.64
2050-11-01 08:00:00,-6035.37
2050-11-01 09:00:00,-5685.14
2050-11-01 10:00:00,-5560.52
2050-11-01 11:00:00,-5400.67
2050-11-01 12:00:00,-6585.26
2050-11-01 13:00:00,-5326.96
2050-11-01 14:00:00,-5146.16
2050-11-01 15:00:00,-4351.49
2050-11-01 16:00:00,-1703.72
2050-11-01 17:00:00,-2264.47
2050-11-01 18:00:00,-2016.2
2050-11-01 19:00:00,-2162.32
2050-11-01 20:00:00,-4108.84
2050-11-01 21:00:00,-4691.45
2050-11-01 22:00:00,-4707.07
2050-11-01 23:00:00,-4772.0
2050-11-02 00:00:00,-4010.69
2050-11-02 01:00:00,-3042.28
2050-11-02 02:00:00,-3196.19
2050-11-02 03:00:00,-2824.64
2050-11-02 04:00:00,-3050.24
2050-11-02 05:00:00,-2527.3
2050-11-02 06:00:00,-2372.23
2050-11-02 07:00:00,-4125.54
2050-11-02 08:00:00,-5519.17
2050-11-02 09:00:00,-5928.46
2050-11-02 10:00:00,-4391.69
2050-11-02 11:00:00,-3674.45
2050-11-02 12:00:00,-5502.45
2050-11-02 13:00:00,-4214.81
2050-11-02 14:00:00,-3627.92
2050-11-02 15:00:00,-2807.85
2050-11-02 16:00:00,-239.51
2050-11-02 17:00:00,802.97
2050-11-02 18:00:00,1326.76
2050-11-02 19:00:00,1680.19
2050-11-02 20:00:00,2071.48
2050-11-02 21:00:00,1141.4
2050-11-02 22:00:00,-1122.07
2050-11-02 23:00:00,-1911.58
2050-11-03 00:00:00,-2542.33
2050-11-03 01:00:00,-2627.43
2050-11-03 02:00:00,-2635.24
2050-11-03 03:00:00,-1473.53
2050-11-03 04:00:00,181.7
2050-11-03 05:00:00,474.07
2050-11-03 06:00:00,836.35
2050-11-03 07:00:00,-2686.42
2050-11-03 08:00:00,-4460.91
2050-11-03 09:00:00,-5103.07
2050-11-03 10:00:00,-6651.94
2050-11-03 11:00:00,-6936.71
2050-11-03 12:00:00,-7564.81
2050-11-03 13:00:00,-6937.28
2050-11-03 14:00:00,-5862.26
2050-11-03 15:00:00,-4701.04
2050-11-03 16:00:00,-2804.61
2050-11-03 17:00:00,-2991.23
2050-11-03 18:00:00,-2528.67
2050-11-03 19:00:00,-2751.69
2050-11-03 20:00:00,-2796.51
2050-11-03 21:00:00,-1778.12
2050-11-03 22:00:00,-448.5
2050-11-03 23:00:00,615.54
2050-11-04 00:00:00,448.89
2050-11-04 01:00:00,541.26
2050-11-04 02:00:00,90.41
2050-11-04 03:00:00,472.1
2050-11-04 04:00:00,172.82
2050-11-04 05:00:00,-191.81
2050-11-04 06:00:00,1288.99
2050-11-04 07:00:00,1764.3
2050-11-04 08:00:00,1933.81
2050-11-04 09:00:00,2133.75
2050-11-04 10:00:00,2085.76
2050-11-04 11:00:00,1554.77
2050-11-04 12:00:00,2121.3
2050-11-04 13:00:00,2017.96
2050-11-04 14:00:00,2445.79
2050-11-04 15:00:00,2773.24
2050-11-04 16:00:00,2993.68
2050-11-04 17:00:00,2522.23
2050-11-04 18:00:00,2662.29
2050-11-04 19:00:00,2046.54
2050-11-04 20:00:00,997.12
2050-11-04 21:00:00,81.42
2050-11-04 22:00:00,701.94
2050-11-04 23:00:00,-252.46
2050-11-05 00:00:00,-668.36
2050-11-05 01:00:00,273.73
2050-11-05 02:00:00,221.41
2050-11-05 03:00:00,303.91
2050-11-05 04:00:00,-391.26
2050-11-05 05:00:00,197.76
2050-11-05 06:00:00,153.89
2050-11-05 07:00:00,356.66
2050-11-05 08:00:00,297.94
2050-11-05 09:00:00,-689.79
2050-11-05 10:00:00,-313.8
2050-11-05 11:00:00,-2001.66
2050-11-05 12:00:00,-2296.68
2050-11-05 13:00:00,-2162.77
2050-11-05 14:00:00,-1768.32
2050-11-05 15:00:00,-797.7
2050-11-05 16:00:00,-852.43
2050-11-05 17:00:00,1024.98
2050-11-05 18:00:00,-225.6
2050-11-05 19:00:00,-1387.53
2050-11-05 20:00:00,-1812.41
2050-11-05 21:00:00,-2022.24
2050-11-05 22:00:00,-1733.81
2050-11-05 23:00:00,-1489.92
2050-11-06 00:00:00,-1858.87
2050-11-06 01:00:00,-1732.3
2050-11-06 02:00:00,-1112.06
2050-11-06 03:00:00,-439.14
2050-11-06 04:00:00,95.29
2050-11-06 05:00:00,645.3
2050-11-06 06:00:00,-109.62
2050-11-06 07:00:00,-857.88
2050-11-06 08:00:00,-2162.51
2050-11-06 09:00:00,-4615.29
2050-11-06 10:00:00,-5869.49
2050-11-06 11:00:00,-5488.35
2050-11-06 12:00:00,-5290.8
2050-11-06 13:00:00,-6241.66
2050-11-06 14:00:00,-5292.34
2050-11-06 15:00:00,-2682.57
2050-11-06 16:00:00,-976.71
2050-11-06 17:00:00,-964.91
2050-11-06 18:00:00,-1066.92
2050-11-06 19:00:00,-2057.1
2050-11-06 20:00:00,-3003.81
2050-11-06 21:00:00,-2882.22
2050-11-06 22:00:00,-2917.08
2050-11-06 23:00:00,-4023.7
2050-11-07 00:00:00,-2860.08
2050-11-07 01:00:00,-2064.72
2050-11-07 02:00:00,-2413.97
2050-11-07 03:00:00,-3471.8
2050-11-07 04:00:00,-4297.49
2050-11-07 05:00:00,-4406.1
2050-11-07 06:00:00,-2959.23
2050-11-07 07:00:00,-2661.55
2050-11-07 08:00:00,-4694.66
2050-11-07 09:00:00,-5498.27
2050-11-07 10:00:00,-5387.61
2050-11-07 11:00:00,-4621.93
2050-11-07 12:00:00,-4461.27
2050-11-07 13:00:00,-3907.07
2050-11-07 14:00:00,-3605.08
2050-11-07 15:00:00,-2509.97
2050-11-07 16:00:00,-485.73
2050-11-07 17:00:00,-223.25
2050-11-07 18:00:00,-743.92
2050-11-07 19:00:00,-2112.3
2050-11-07 20:00:00,-3313.96
2050-11-07 21:00:00,-4028.32
2050-11-07 22:00:00,-3819.54
2050-11-07 23:00:00,-5530.0
2050-11-08 00:00:00,-6159.12
2050-11-08 01:00:00,-6527.69
2050-11-08 02:00:00,-6176.85
2050-11-08 03:00:00,-6486.4
2050-11-08 04:00:00,-6611.27
2050-11-08 05:00:00,-5856.08
2050-11-08 06:00:00,-5038.63
2050-11-08 07:00:00,-2692.0
2050-11-08 08:00:00,-4410.74
2050-11-08 09:00:00,-2674.85
2050-11-08 10:00:00,-2038.05
2050-11-08 11:00:00,-2222.36
2050-11-08 12:00:00,-1083.71
2050-11-08 13:00:00,-70.05
2050-11-08 14:00:00,1969.84
2050-11-08 15:00:00,3187.38
2050-11-08 16:00:00,3857.53
2050-11-08 17:00:00,4177.42
2050-11-08 18:00:00,4702.95
2050-11-08 19:00:00,4644.48
2050-11-08 20:00:00,3938.5
2050-11-08 21:00:00,3013.34
2050-11-08 22:00:00,3032.06
2050-11-08 23:00:00,2826.71
2050-11-09 00:00:00,2566.5
2050-11-09 01:00:00,2666.1
2050-11-09 02:00:00,2376.42
2050-11-09 03:00:00,2289.25
2050-11-09 04:00:00,2182.14
2050-11-09 05:00:00,2316.36
2050-11-09 06:00:00,2816.21
2050-11-09 07:00:00,118.56
2050-11-09 08:00:00,63.34
2050-11-09 09:00:00,-691.25
2050-11-09 10:00:00,-1263.71
2050-11-09 11:00:00,403.67
2050-11-09 12:00:00,-877.35
2050-11-09 13:00:00,-728.33
2050-11-09 14:00:00,237.03
2050-11-09 15:00:00,1501.17
2050-11-09 16:00:00,3220.43
2050-11-09 17:00:00,3621.34
2050-11-09 18:00:00,3573.86
2050-11-09 19:00:00,2867.88
2050-11-09 20:00:00,3082.18
2050-11-09 21:00:00,2590.81
2050-11-09 22:00:00,1173.13
2050-11-09 23:00:00,1071.76
2050-11-10 00:00:00,1410.66
2050-11-10 01:00:00,650.16
2050-11-10 02:00:00,-73.15
2050-11-10 03:00:00,474.18
2050-11-10 04:00:00,-1002.6
2050-11-10 05:00:00,-2189.1
2050-11-10 06:00:00,-2429.47
2050-11-10 07:00:00,-4115.87
2050-11-10 08:00:00,-4722.57
2050-11-10 09:00:00,-4570.5
2050-11-10 10:00:00,-5963.5
2050-11-10 11:00:00,-5255.44
2050-11-10 12:00:00,-9410.97
2050-11-10 13:00:00,-10964.28
2050-11-10 14:00:00,-8322.11
2050-11-10 15:00:00,-7011.36
2050-11-10 16:00:00,-7296.04
2050-11-10 17:00:00,-5976.05
2050-11-10 18:00:00,-4732.05
2050-11-10 19:00:00,-5556.23
2050-11-10 20:00:00,-5177.0
2050-11-10 21:00:00,-4969.2
2050-11-10 22:00:00,-5955.85
2050-11-10 23:00:00,-6126.33
2050-11-11 00:00:00,-4532.31
2050-11-11 01:00:00,-4656.06
2050-11-11 02:00:00,-3416.12
2050-11-11 03:00:00,-3783.23
2050-11-11 04:00:00,-3518.13
2050-11-11 05:00:00,-2870.63
2050-11-11 06:00:00,-2424.26
2050-11-11 07:00:00,-5863.65
2050-11-11 08:00:00,-6478.94
2050-11-11 09:00:00,-6126.19
2050-11-11 10:00:00,-6380.1
2050-11-11 11:00:00,-7233.49
2050-11-11 12:00:00,-7119.59
2050-11-11 13:00:00,-6032.31
2050-11-11 14:00:00,-5486.39
2050-11-11 15:00:00,-4879.59
2050-11-11 16:00:00,-3931.41
2050-11-11 17:00:00,-3045.71
2050-11-11 18:00:00,-3489.0
2050-11-11 19:00:00,-4436.23
2050-11-11 20:00:00,-5802.82
2050-11-11 21:00:00,-5474.74
2050-11-11 22:00:00,-6059.02
2050-11-11 23:00:00,-6329.04
2050-11-12 00:00:00,-5364.7
2050-11-12 01:00:00,-3850.42
2050-11-12 02:00:00,-5700.76
2050-11-12 03:00:00,-4158.52
2050-11-12 04:00:00,-3476.59
2050-11-12 05:00:00,-2627.27
2050-11-12 06:00:00,-2274.97
2050-11-12 07:00:00,-5326.65
2050-11-12 08:00:00,-6236.68
2050-11-12 09:00:00,-8340.3
2050-11-12 10:00:00,-7771.97
2050-11-12 11:00:00,-8029.19
2050-11-12 12:00:00,-8472.35
2050-11-12 13:00:00,-5662.06
2050-11-12 14:00:00,-5265.08
2050-11-12 15:00:00,-2452.01
2050-11-12 16:00:00,-327.0
2050-11-12 17:00:00,260.05
2050-11-12 18:00:00,17.31
2050-11-12 19:00:00,-197.99
2050-11-12 20:00:00,-53.95
2050-11-12 21:00:00,965.67
2050-11-12 22:00:00,1213.11
2050-11-12 23:00:00,1289.24
2050-11-13 00:00:00,1137.75
2050-11-13 01:00:00,737.48
2050-11-13 02:00:00,-1684.83
2050-11-13 03:00:00,-4289.72
2050-11-13 04:00:00,-2919.13
2050-11-13 05:00:00,-2610.8
2050-11-13 06:00:00,-3801.24
2050-11-13 07:00:00,-6227.54
2050-11-13 08:00:00,-6597.47
2050-11-13 09:00:00,-7760.75
2050-11-13 10:00:00,-7139.66
2050-11-13 11:00:00,-9008.41
2050-11-13 12:00:00,-8497.5
2050-11-13 13:00:00,-6793.87
2050-11-13 14:00:00,-6905.07
2050-11-13 15:00:00,-8186.0
2050-11-13 16:00:00,-7642.13
2050-11-13 17:00:00,-6662.31
2050-11-13 18:00:00,-5948.24
2050-11-13 19:00:00,-6307.51
2050-11-13 20:00:00,-5813.72
2050-11-13 21:00:00,-6506.84
2050-11-13 22:00:00,-6877.74
2050-11-13 23:00:00,-6766.52
2050-11-14 00:00:00,-7437.56
2050-11-14 01:00:00,-7025.6
2050-11-14 02:00:00,-7542.06
2050-11-14 03:00:00,-6734.24
2050-11-14 04:00:00,-6522.94
2050-11-14 05:00:00,-5453.82
2050-11-14 06:00:00,-4268.2
2050-11-14 07:00:00,-8176.06
2050-11-14 08:00:00,-8049.79
2050-11-14 09:00:00,-6787.38
2050-11-14 10:00:00,-5431.64
2050-11-14 11:00:00,-5839.67
2050-11-14 12:00:00,-5909.39
2050-11-14 13:00:00,-5206.19
2050-11-14 14:00:00,-4699.0
2050-11-14 15:00:00,-2844.94
2050-11-14 16:00:00,-830.45
2050-11-14 17:00:00,-336.83
2050-11-14 18:00:00,19.63
2050-11-14 19:00:00,-624.43
2050-11-14 20:00:00,-935.99
2050-11-14 21:00:00,-269.69
2050-11-14 22:00:00,-92.08
2050-11-14 23:00:00,668.28
2050-11-15 00:00:00,441.83
2050-11-15 01:00:00,1150.63
2050-11-15 02:00:00,929.23
2050-11-15 03:00:00,1115.7
2050-11-15 04:00:00,536.12
2050-11-15 05:00:00,909.43
2050-11-15 06:00:00,1255.5
2050-11-15 07:00:00,-514.51
2050-11-15 08:00:00,-843.12
2050-11-15 09:00:00,-842.63
2050-11-15 10:00:00,-2028.91
2050-11-15 11:00:00,-3937.75
2050-11-15 12:00:00,-3140.33
2050-11-15 13:00:00,-4326.17
2050-11-15 14:00:00,-4977.77
2050-11-15 15:00:00,-4280.6
2050-11-15 16:00:00,-4130.3
2050-11-15 17:00:00,-6011.09
2050-11-15 18:00:00,-7122.34
2050-11-15 19:00:00,-7055.88
2050-11-15 20:00:00,-7017.21
2050-11-15 21:00:00,-7100.37
2050-11-15 22:00:00,-7336.32
2050-11-15 23:00:00,-7627.77
2050-11-16 00:00:00,-7945.8
2050-11-16 01:00:00,-8068.48
2050-11-16 02:00:00,-8276.68
2050-11-16 03:00:00,-8375.47
2050-11-16 04:00:00,-8445.86
2050-11-16 05:00:00,-8380.24
2050-11-16 06:00:00,-8277.84
2050-11-16 07:00:00,-7122.03
2050-11-16 08:00:00,-8319.23
2050-11-16 09:00:00,-7653.89
2050-11-16 10:00:00,-7575.95
2050-11-16 11:00:00,-7444.34
2050-11-16 12:00:00,-6618.79
2050-11-16 13:00:00,-5979.15
2050-11-16 14:00:00,-4931.81
2050-11-16 15:00:00,-3842.53
2050-11-16 16:00:00,-5287.94
2050-11-16 17:00:00,-4990.73
2050-11-16 18:00:00,-5496.25
2050-11-16 19:00:00,-5001.0
2050-11-16 20:00:00,-4764.29
2050-11-16 21:00:00,-5936.48
2050-11-16 22:00:00,-5565.58
2050-11-16 23:00:00,-6261.96
2050-11-17 00:00:00,-6546.67
2050-11-17 01:00:00,-7282.6
2050-11-17 02:00:00,-7565.38
2050-11-17 03:00:00,-7413.46
2050-11-17 04:00:00,-7867.35
2050-11-17 05:00:00,-7013.58
2050-11-17 06:00:00,-6529.85
2050-11-17 07:00:00,-10988.05
2050-11-17 08:00:00,-9725.11
2050-11-17 09:00:00,-9156.22
2050-11-17 10:00:00,-6346.53
2050-11-17 11:00:00,-5958.4
2050-11-17 12:00:00,-8484.48
2050-11-17 13:00:00,-5790.78
2050-11-17 14:00:00,-8202.26
2050-11-17 15:00:00,-7467.82
2050-11-17 16:00:00,-5958.74
2050-11-17 17:00:00,-6085.56
2050-11-17 18:00:00,-6076.47
2050-11-17 19:00:00,-5788.26
2050-11-17 20:00:00,-5519.05
2050-11-17 21:00:00,-5631.78
2050-11-17 22:00:00,-5493.47
2050-11-17 23:00:00,-5484.19
2050-11-18 00:00:00,-5019.4
2050-11-18 01:00:00,-6018.35
2050-11-18 02:00:00,-4611.51
2050-11-18 03:00:00,-4843.89
2050-11-18 04:00:00,-3895.23
2050-11-18 05:00:00,-2632.68
2050-11-18 06:00:00,-1942.59
2050-11-18 07:00:00,-6945.42
2050-11-18 08:00:00,-4974.46
2050-11-18 09:00:00,-6131.76
2050-11-18 10:00:00,-6671.67
2050-11-18 11:00:00,-7272.87
2050-11-18 12:00:00,-5706.69
2050-11-18 13:00:00,-5955.18
2050-11-18 14:00:00,-4986.03
2050-11-18 15:00:00,-4432.15
2050-11-18 16:00:00,-4510.48
2050-11-18 17:00:00,-4407.97
2050-11-18 18:00:00,-3179.24
2050-11-18 19:00:00,-3400.79
2050-11-18 20:00:00,-3587.92
2050-11-18 21:00:00,-3251.27
2050-11-18 22:00:00,-3589.79
2050-11-18 23:00:00,-2698.97
2050-11-19 00:00:00,-3480.49
2050-11-19 01:00:00,-3738.46
2050-11-19 02:00:00,-2000.42
2050-11-19 03:00:00,-1697.93
2050-11-19 04:00:00,-2193.05
2050-11-19 05:00:00,-1749.36
2050-11-19 06:00:00,-664.44
2050-11-19 07:00:00,-4844.8
2050-11-19 08:00:00,-6132.34
2050-11-19 09:00:00,-5758.36
2050-11-19 10:00:00,-6330.47
2050-11-19 11:00:00,-5504.4
2050-11-19 12:00:00,-5749.6
2050-11-19 13:00:00,-4801.08
2050-11-19 14:00:00,-4839.17
2050-11-19 15:00:00,-6025.91
2050-11-19 16:00:00,-4553.36
2050-11-19 17:00:00,-3179.07
2050-11-19 18:00:00,-2478.26
2050-11-19 19:00:00,-3166.77
2050-11-19 20:00:00,-3099.22
2050-11-19 21:00:00,-4247.49
2050-11-19 22:00:00,-6176.37
2050-11-19 23:00:00,-5280.64
2050-11-20 00:00:00,-6706.45
2050-11-20 01:00:00,-6805.01
2050-11-20 02:00:00,-6494.83
2050-11-20 03:00:00,-5966.22
2050-11-20 04:00:00,-6149.75
2050-11-20 05:00:00,-6800.97
2050-11-20 06:00:00,-7036.32
2050-11-20 07:00:00,-7680.45
2050-11-20 08:00:00,-8227.03
2050-11-20 09:00:00,-9093.76
2050-11-20 10:00:00,-9446.54
2050-11-20 11:00:00,-8607.19
2050-11-20 12:00:00,-8454.07
2050-11-20 13:00:00,-8374.83
2050-11-20 14:00:00,-7557.35
2050-11-20 15:00:00,-7712.38
2050-11-20 16:00:00,-6176.77
2050-11-20 17:00:00,-5678.02
2050-11-20 18:00:00,-6074.01
2050-11-20 19:00:00,-5931.58
2050-11-20 20:00:00,-6082.43
2050-11-20 21:00:00,-6220.63
2050-11-20 22:00:00,-6235.49
2050-11-20 23:00:00,-5906.3
2050-11-21 00:00:00,-5690.87
2050-11-21 01:00:00,-5372.06
2050-11-21 02:00:00,-5562.35
2050-11-21 03:00:00,-5449.42
2050-11-21 04:00:00,-3791.2
2050-11-21 05:00:00,-2857.79
2050-11-21 06:00:00,-1923.84
2050-11-21 07:00:00,-7595.51
2050-11-21 08:00:00,-3745.01
2050-11-21 09:00:00,-6962.04
2050-11-21 10:00:00,-7602.19
2050-11-21 11:00:00,-7424.21
2050-11-21 12:00:00,-7816.56
2050-11-21 13:00:00,-6942.46
2050-11-21 14:00:00,-6181.86
2050-11-21 15:00:00,-5361.57
2050-11-21 16:00:00,-3597.5
2050-11-21 17:00:00,-5701.58
2050-11-21 18:00:00,-6188.53
2050-11-21 19:00:00,-6154.14
2050-11-21 20:00:00,-6052.0
2050-11-21 21:00:00,-6134.67
2050-11-21 22:00:00,-6400.59
2050-11-21 23:00:00,-6761.02
2050-11-22 00:00:00,-7180.11
2050-11-22 01:00:00,-7412.12
2050-11-22 02:00:00,-7735.51
2050-11-22 03:00:00,-7934.88
2050-11-22 04:00:00,-8088.22
2050-11-22 05:00:00,-8160.52
2050-11-22 06:00:00,-8103.82
2050-11-22 07:00:00,-7461.08
2050-11-22 08:00:00,-6450.74
2050-11-22 09:00:00,-4389.24
2050-11-22 10:00:00,-5555.04
2050-11-22 11:00:00,-4732.1
2050-11-22 12:00:00,-4553.26
2050-11-22 13:00:00,-6437.72
2050-11-22 14:00:00,-7044.43
2050-11-22 15:00:00,-7033.51
2050-11-22 16:00:00,-6192.26
2050-11-22 17:00:00,-6504.52
2050-11-22 18:00:00,-6984.73
2050-11-22 19:00:00,-7034.26
2050-11-22 20:00:00,-6762.78
2050-11-22 21:00:00,-6704.45
2050-11-22 22:00:00,-6855.16
2050-11-22 23:00:00,-7580.28
2050-11-23 00:00:00,-7941.95
2050-11-23 01:00:00,-8045.3
2050-11-23 02:00:00,-8375.07
2050-11-23 03:00:00,-7539.81
2050-11-23 04:00:00,-6796.07
2050-11-23 05:00:00,-5502.7
2050-11-23 06:00:00,-4789.88
2050-11-23 07:00:00,-9407.27
2050-11-23 08:00:00,-6821.53
2050-11-23 09:00:00,-6659.33
2050-11-23 10:00:00,-6905.61
2050-11-23 11:00:00,-5217.25
2050-11-23 12:00:00,-3438.62
2050-11-23 13:00:00,-2604.16
2050-11-23 14:00:00,-2863.63
2050-11-23 15:00:00,-2717.1
2050-11-23 16:00:00,-946.64
2050-11-23 17:00:00,-247.24
2050-11-23 18:00:00,-121.72
2050-11-23 19:00:00,191.61
2050-11-23 20:00:00,-667.53
2050-11-23 21:00:00,217.72
2050-11-23 22:00:00,490.59
2050-11-23 23:00:00,-450.79
2050-11-24 00:00:00,-457.03
2050-11-24 01:00:00,42.64
2050-11-24 02:00:00,-142.79
2050-11-24 03:00:00,-315.56
2050-11-24 04:00:00,-1206.74
2050-11-24 05:00:00,-527.25
2050-11-24 06:00:00,909.99
2050-11-24 07:00:00,942.49
2050-11-24 08:00:00,1579.22
2050-11-24 09:00:00,-1202.45
2050-11-24 10:00:00,-2842.17
2050-11-24 11:00:00,-3330.56
2050-11-24 12:00:00,-3110.52
2050-11-24 13:00:00,-2551.37
2050-11-24 14:00:00,-1453.81
2050-11-24 15:00:00,427.0
2050-11-24 16:00:00,427.69
2050-11-24 17:00:00,-333.82
2050-11-24 18:00:00,562.88
2050-11-24 19:00:00,77.41
2050-11-24 20:00:00,389.9
2050-11-24 21:00:00,-948.81
2050-11-24 22:00:00,-279.27
2050-11-24 23:00:00,-1098.02
2050-11-25 00:00:00,-643.24
2050-11-25 01:00:00,-2704.93
2050-11-25 02:00:00,-2292.14
2050-11-25 03:00:00,-2947.13
2050-11-25 04:00:00,-2123.1
2050-11-25 05:00:00,-1402.09
2050-11-25 06:00:00,270.19
2050-11-25 07:00:00,632.04
2050-11-25 08:00:00,-147.61
2050-11-25 09:00:00,706.5
2050-11-25 10:00:00,682.02
2050-11-25 11:00:00,148.25
2050-11-25 12:00:00,1642.37
2050-11-25 13:00:00,1599.65
2050-11-25 14:00:00,1877.98
2050-11-25 15:00:00,1603.86
2050-11-25 16:00:00,2952.63
2050-11-25 17:00:00,3316.11
2050-11-25 18:00:00,3847.29
2050-11-25 19:00:00,3536.41
2050-11-25 20:00:00,3393.86
2050-11-25 21:00:00,3861.84
2050-11-25 22:00:00,3265.93
2050-11-25 23:00:00,2199.95
2050-11-26 00:00:00,1146.93
2050-11-26 01:00:00,-8.55
2050-11-26 02:00:00,-318.09
2050-11-26 03:00:00,256.96
2050-11-26 04:00:00,315.71
2050-11-26 05:00:00,-1052.65
2050-11-26 06:00:00,-1597.46
2050-11-26 07:00:00,-1985.1
2050-11-26 08:00:00,-3329.35
2050-11-26 09:00:00,-4443.26
2050-11-26 10:00:00,-5447.12
2050-11-26 11:00:00,-4139.21
2050-11-26 12:00:00,-4409.87
2050-11-26 13:00:00,-4801.69
2050-11-26 14:00:00,-5970.23
2050-11-26 15:00:00,-7367.93
2050-11-26 16:00:00,-7057.97
2050-11-26 17:00:00,-7034.45
2050-11-26 18:00:00,-5871.67
2050-11-26 19:00:00,-5075.89
2050-11-26 20:00:00,-5834.61
2050-11-26 21:00:00,-5915.06
2050-11-26 22:00:00,-6110.18
2050-11-26 23:00:00,-6334.67
2050-11-27 00:00:00,-5694.12
2050-11-27 01:00:00,-5792.31
2050-11-27 02:00:00,-6332.22
2050-11-27 03:00:00,-5836.9
2050-11-27 04:00:00,-5449.01
2050-11-27 05:00:00,-4738.3
2050-11-27 06:00:00,-3098.89
2050-11-27 07:00:00,-3271.42
2050-11-27 08:00:00,-6859.64
2050-11-27 09:00:00,-9161.86
2050-11-27 10:00:00,-7581.77
2050-11-27 11:00:00,-8961.87
2050-11-27 12:00:00,-7653.55
2050-11-27 13:00:00,-6795.19
2050-11-27 14:00:00,-8264.9
2050-11-27 15:00:00,-5066.54
2050-11-27 16:00:00,-5981.57
2050-11-27 17:00:00,-6438.13
2050-11-27 18:00:00,-5933.81
2050-11-27 19:00:00,-5674.96
2050-11-27 20:00:00,-5468.42
2050-11-27 21:00:00,-5683.95
2050-11-27 22:00:00,-5807.23
2050-11-27 23:00:00,-6028.95
2050-11-28 00:00:00,-6327.15
2050-11-28 01:00:00,-6130.07
2050-11-28 02:00:00,-6743.85
2050-11-28 03:00:00,-5852.16
2050-11-28 04:00:00,-4827.14
2050-11-28 05:00:00,-3868.65
2050-11-28 06:00:00,-4125.29
2050-11-28 07:00:00,-3639.37
2050-11-28 08:00:00,-6569.46
2050-11-28 09:00:00,-7607.54
2050-11-28 10:00:00,-7615.28
2050-11-28 11:00:00,-7956.98
2050-11-28 12:00:00,-8061.77
2050-11-28 13:00:00,-7643.56
2050-11-28 14:00:00,-7009.69
2050-11-28 15:00:00,-6704.79
2050-11-28 16:00:00,-6810.26
2050-11-28 17:00:00,-6362.94
2050-11-28 18:00:00,-6403.49
2050-11-28 19:00:00,-5865.26
2050-11-28 20:00:00,-5380.05
2050-11-28 21:00:00,-5784.77
2050-11-28 22:00:00,-5725.32
2050-11-28 23:00:00,-5550.3
2050-11-29 00:00:00,-5788.08
2050-11-29 01:00:00,-4913.07
2050-11-29 02:00:00,-4936.67
2050-11-29 03:00:00,-4491.38
2050-11-29 04:00:00,-3333.32
2050-11-29 05:00:00,-3803.02
2050-11-29 06:00:00,-3459.16
2050-11-29 07:00:00,-3590.32
2050-11-29 08:00:00,-6329.87
2050-11-29 09:00:00,-7183.03
2050-11-29 10:00:00,-7176.79
2050-11-29 11:00:00,-6118.63
2050-11-29 12:00:00,-5986.51
2050-11-29 13:00:00,-6464.16
2050-11-29 14:00:00,-4921.31
2050-11-29 15:00:00,-4461.95
2050-11-29 16:00:00,-3182.91
2050-11-29 17:00:00,-2981.72
2050-11-29 18:00:00,-2197.32
2050-11-29 19:00:00,-2347.48
2050-11-29 20:00:00,-1986.6
2050-11-29 21:00:00,-3303.08
2050-11-29 22:00:00,-3265.19
2050-11-29 23:00:00,-2980.98
2050-11-30 00:00:00,-1962.14
2050-11-30 01:00:00,-1020.42
2050-11-30 02:00:00,-550.67
2050-11-30 03:00:00,-524.39
2050-11-30 04:00:00,31.71
2050-11-30 05:00:00,199.67
2050-11-30 06:00:00,376.68
2050-11-30 07:00:00,-37.33
2050-11-30 08:00:00,-1039.29
2050-11-30 09:00:00,-1915.83
2050-11-30 10:00:00,-1938.45
2050-11-30 11:00:00,-2909.1
2050-11-30 12:00:00,-5146.91
2050-11-30 13:00:00,-4045.06
2050-11-30 14:00:00,-4749.48
2050-11-30 15:00:00,-5414.98
2050-11-30 16:00:00,-4342.04
2050-11-30 17:00:00,-4364.5
2050-11-30 18:00:00,-3845.23
2050-11-30 19:00:00,-5243.66
2050-11-30 20:00:00,-6781.79
2050-11-30 21:00:00,-6508.5
2050-11-30 22:00:00,-6248.76
2050-11-30 23:00:00,-5790.05
2050-12-01 00:00:00,-7590.55
2050-12-01 01:00:00,-5505.86
2050-12-01 02:00:00,-7400.49
2050-12-01 03:00:00,-5822.46
2050-12-01 04:00:00,-7514.94
2050-12-01 05:00:00,-8424.03
2050-12-01 06:00:00,-7258.45
2050-12-01 07:00:00,-6083.52
2050-12-01 08:00:00,-10131.94
2050-12-01 09:00:00,-8591.86
2050-12-01 10:00:00,-9052.54
2050-12-01 11:00:00,-9168.46
2050-12-01 12:00:00,-7491.6
2050-12-01 13:00:00,-5148.85
2050-12-01 14:00:00,-5328.19
2050-12-01 15:00:00,-3886.46
2050-12-01 16:00:00,-5323.4
2050-12-01 17:00:00,-5864.73
2050-12-01 18:00:00,-5625.03
2050-12-01 19:00:00,-6721.87
2050-12-01 20:00:00,-5610.58
2050-12-01 21:00:00,-4961.8
2050-12-01 22:00:00,-3951.37
2050-12-01 23:00:00,-3660.35
2050-12-02 00:00:00,-3742.33
2050-12-02 01:00:00,-3168.89
2050-12-02 02:00:00,-3480.34
2050-12-02 03:00:00,-4174.02
2050-12-02 04:00:00,-5067.51
2050-12-02 05:00:00,-4467.74
2050-12-02 06:00:00,-2862.08
2050-12-02 07:00:00,-2793.23
2050-12-02 08:00:00,-4643.67
2050-12-02 09:00:00,-6734.87
2050-12-02 10:00:00,-7996.34
2050-12-02 11:00:00,-7685.96
2050-12-02 12:00:00,-6752.72
2050-12-02 13:00:00,-2275.22
2050-12-02 14:00:00,-3678.19
2050-12-02 15:00:00,-4751.41
2050-12-02 16:00:00,-5197.13
2050-12-02 17:00:00,-4676.76
2050-12-02 18:00:00,-5460.19
2050-12-02 19:00:00,-5526.26
2050-12-02 20:00:00,-5667.81
2050-12-02 21:00:00,-5869.58
2050-12-02 22:00:00,-5533.67
2050-12-02 23:00:00,-4332.02
2050-12-03 00:00:00,-3340.24
2050-12-03 01:00:00,-4940.29
2050-12-03 02:00:00,-5361.04
2050-12-03 03:00:00,-5222.84
2050-12-03 04:00:00,-6471.44
2050-12-03 05:00:00,-7241.23
2050-12-03 06:00:00,-6869.67
2050-12-03 07:00:00,-7136.91
2050-12-03 08:00:00,-10380.59
2050-12-03 09:00:00,-10953.19
2050-12-03 10:00:00,-11502.17
2050-12-03 11:00:00,-11745.94
2050-12-03 12:00:00,-11690.56
2050-12-03 13:00:00,-9056.66
2050-12-03 14:00:00,-9458.91
2050-12-03 15:00:00,-9233.61
2050-12-03 16:00:00,-7344.87
2050-12-03 17:00:00,-6901.46
2050-12-03 18:00:00,-6165.77
2050-12-03 19:00:00,-5714.78
2050-12-03 20:00:00,-5157.82
2050-12-03 21:00:00,-5200.37
2050-12-03 22:00:00,-4315.53
2050-12-03 23:00:00,-4988.89
2050-12-04 00:00:00,-3836.58
2050-12-04 01:00:00,-1986.45
2050-12-04 02:00:00,-1626.12
2050-12-04 03:00:00,-3100.16
2050-12-04 04:00:00,-2716.92
2050-12-04 05:00:00,-2173.08
2050-12-04 06:00:00,-1031.14
2050-12-04 07:00:00,-1147.73
2050-12-04 08:00:00,-2826.17
2050-12-04 09:00:00,-2938.7
2050-12-04 10:00:00,-2815.27
2050-12-04 11:00:00,-3257.81
2050-12-04 12:00:00,-2836.2
2050-12-04 13:00:00,-2537.43
2050-12-04 14:00:00,-140.39
2050-12-04 15:00:00,1412.23
2050-12-04 16:00:00,1928.07
2050-12-04 17:00:00,2407.62
2050-12-04 18:00:00,2718.42
2050-12-04 19:00:00,3083.83
2050-12-04 20:00:00,1390.13
2050-12-04 21:00:00,2011.04
2050-12-04 22:00:00,2278.77
2050-12-04 23:00:00,2932.3
2050-12-05 00:00:00,1603.61
2050-12-05 01:00:00,942.63
2050-12-05 02:00:00,1121.73
2050-12-05 03:00:00,-881.93
2050-12-05 04:00:00,-1025.4
2050-12-05 05:00:00,-1645.09
2050-12-05 06:00:00,-2482.01
2050-12-05 07:00:00,-1937.7
2050-12-05 08:00:00,-1816.97
2050-12-05 09:00:00,-2730.03
2050-12-05 10:00:00,-3057.75
2050-12-05 11:00:00,-3536.25
2050-12-05 12:00:00,-5552.76
2050-12-05 13:00:00,-5925.96
2050-12-05 14:00:00,-4649.75
2050-12-05 15:00:00,-3698.24
2050-12-05 16:00:00,-1567.46
2050-12-05 17:00:00,-761.08
2050-12-05 18:00:00,-799.12
2050-12-05 19:00:00,-1043.94
2050-12-05 20:00:00,637.74
2050-12-05 21:00:00,393.57
2050-12-05 22:00:00,-153.25
2050-12-05 23:00:00,-769.24
2050-12-06 00:00:00,-1432.46
2050-12-06 01:00:00,-1019.78
2050-12-06 02:00:00,-2170.02
2050-12-06 03:00:00,-871.69
2050-12-06 04:00:00,-761.03
2050-12-06 05:00:00,-1651.2
2050-12-06 06:00:00,-444.31
2050-12-06 07:00:00,-2846.04
2050-12-06 08:00:00,-3254.78
2050-12-06 09:00:00,-4113.9
2050-12-06 10:00:00,-4238.17
2050-12-06 11:00:00,-3768.78
2050-12-06 12:00:00,-5742.25
2050-12-06 13:00:00,-6297.69
2050-12-06 14:00:00,-5683.55
2050-12-06 15:00:00,-6427.92
2050-12-06 16:00:00,-6331.77
2050-12-06 17:00:00,-5831.99
2050-12-06 18:00:00,-5620.34
2050-12-06 19:00:00,-5383.09
2050-12-06 20:00:00,-5218.65
2050-12-06 21:00:00,-4924.05
2050-12-06 22:00:00,-4812.62
2050-12-06 23:00:00,-5750.89
2050-12-07 00:00:00,-6079.64
2050-12-07 01:00:00,-5771.28
2050-12-07 02:00:00,-6136.8
2050-12-07 03:00:00,-4970.01
2050-12-07 04:00:00,-4206.97
2050-12-07 05:00:00,-4238.82
2050-12-07 06:00:00,-3285.87
2050-12-07 07:00:00,-2767.44
2050-12-07 08:00:00,-481.94
2050-12-07 09:00:00,-846.72
2050-12-07 10:00:00,432.5
2050-12-07 11:00:00,928.48
2050-12-07 12:00:00,389.28
2050-12-07 13:00:00,867.97
2050-12-07 14:00:00,264.94
2050-12-07 15:00:00,929.74
2050-12-07 16:00:00,867.65
2050-12-07 17:00:00,2107.41
2050-12-07 18:00:00,2909.53
2050-12-07 19:00:00,2136.22
2050-12-07 20:00:00,3203.48
2050-12-07 21:00:00,3119.84
2050-12-07 22:00:00,2819.47
2050-12-07 23:00:00,1900.75
2050-12-08 00:00:00,687.61
2050-12-08 01:00:00,927.83
2050-12-08 02:00:00,915.22
2050-12-08 03:00:00,1000.49
2050-12-08 04:00:00,2089.34
2050-12-08 05:00:00,2789.14
2050-12-08 06:00:00,3447.34
2050-12-08 07:00:00,3483.24
2050-12-08 08:00:00,3052.67
2050-12-08 09:00:00,2175.2
2050-12-08 10:00:00,1498.48
2050-12-08 11:00:00,2218.28
2050-12-08 12:00:00,1293.53
2050-12-08 13:00:00,2197.28
2050-12-08 14:00:00,1992.55
2050-12-08 15:00:00,2366.0
2050-12-08 16:00:00,2200.25
2050-12-08 17:00:00,2391.52
2050-12-08 18:00:00,1681.94
2050-12-08 19:00:00,1627.9
2050-12-08 20:00:00,2757.49
2050-12-08 21:00:00,1913.59
2050-12-08 22:00:00,488.23
2050-12-08 23:00:00,-151.52
2050-12-09 00:00:00,-1398.0
2050-12-09 01:00:00,-500.36
2050-12-09 02:00:00,70.8
2050-12-09 03:00:00,302.78
2050-12-09 04:00:00,1041.67
2050-12-09 05:00:00,1062.5
2050-12-09 06:00:00,1459.07
2050-12-09 07:00:00,-1474.62
2050-12-09 08:00:00,-2662.21
2050-12-09 09:00:00,-4909.74
2050-12-09 10:00:00,-2389.04
2050-12-09 11:00:00,-3771.03
2050-12-09 12:00:00,-2166.06
2050-12-09 13:00:00,-2195.38
2050-12-09 14:00:00,-1544.81
2050-12-09 15:00:00,-477.03
2050-12-09 16:00:00,586.32
2050-12-09 17:00:00,-195.82
2050-12-09 18:00:00,-1039.43
2050-12-09 19:00:00,-1523.04
2050-12-09 20:00:00,-1771.47
2050-12-09 21:00:00,-3328.31
2050-12-09 22:00:00,-2228.64
2050-12-09 23:00:00,-2775.4
2050-12-10 00:00:00,-3070.13
2050-12-10 01:00:00,-3675.58
2050-12-10 02:00:00,-4265.63
2050-12-10 03:00:00,-4598.3
2050-12-10 04:00:00,-5721.57
2050-12-10 05:00:00,-6015.41
2050-12-10 06:00:00,-5410.01
2050-12-10 07:00:00,-5798.65
2050-12-10 08:00:00,-7366.53
2050-12-10 09:00:00,-8358.37
2050-12-10 10:00:00,-7457.15
2050-12-10 11:00:00,-7458.9
2050-12-10 12:00:00,-3896.72
2050-12-10 13:00:00,-2212.49
2050-12-10 14:00:00,-1173.55
2050-12-10 15:00:00,-796.98
2050-12-10 16:00:00,126.97
2050-12-10 17:00:00,-322.49
2050-12-10 18:00:00,1162.17
2050-12-10 19:00:00,561.27
2050-12-10 20:00:00,675.96
2050-12-10 21:00:00,195.21
2050-12-10 22:00:00,-424.82
2050-12-10 23:00:00,382.07
2050-12-11 00:00:00,610.24
2050-12-11 01:00:00,740.84
2050-12-11 02:00:00,941.76
2050-12-11 03:00:00,-911.02
2050-12-11 04:00:00,-1117.32
2050-12-11 05:00:00,435.46
2050-12-11 06:00:00,1248.22
2050-12-11 07:00:00,-222.39
2050-12-11 08:00:00,-2046.61
2050-12-11 09:00:00,-5054.26
2050-12-11 10:00:00,-2400.34
2050-12-11 11:00:00,-3853.72
2050-12-11 12:00:00,-5290.02
2050-12-11 13:00:00,-3872.65
2050-12-11 14:00:00,-3071.35
2050-12-11 15:00:00,-4332.11
2050-12-11 16:00:00,-4396.73
2050-12-11 17:00:00,-3994.78
2050-12-11 18:00:00,-4438.7
2050-12-11 19:00:00,-4300.76
2050-12-11 20:00:00,-4720.54
2050-12-11 21:00:00,-5907.39
2050-12-11 22:00:00,-6346.87
2050-12-11 23:00:00,-6460.83
2050-12-12 00:00:00,-6728.71
2050-12-12 01:00:00,-6504.94
2050-12-12 02:00:00,-7141.09
2050-12-12 03:00:00,-6176.9
2050-12-12 04:00:00,-5169.64
2050-12-12 05:00:00,-4737.23
2050-12-12 06:00:00,-4716.35
2050-12-12 07:00:00,-6869.84
2050-12-12 08:00:00,-7276.0
2050-12-12 09:00:00,-5383.98
2050-12-12 10:00:00,-3962.62
2050-12-12 11:00:00,-3687.47
2050-12-12 12:00:00,-3525.34
2050-12-12 13:00:00,-2135.45
2050-12-12 14:00:00,-1235.25
2050-12-12 15:00:00,-1670.53
2050-12-12 16:00:00,-1431.27
2050-12-12 17:00:00,-1471.34
2050-12-12 18:00:00,-2402.04
2050-12-12 19:00:00,-1981.9
2050-12-12 20:00:00,-3349.22
2050-12-12 21:00:00,-4486.17
2050-12-12 22:00:00,-5022.41
2050-12-12 23:00:00,-4869.88
2050-12-13 00:00:00,-4073.49
2050-12-13 01:00:00,-4986.22
2050-12-13 02:00:00,-5312.66
2050-12-13 03:00:00,-5406.67
2050-12-13 04:00:00,-4801.65
2050-12-13 05:00:00,-4237.6
2050-12-13 06:00:00,-3858.84
2050-12-13 07:00:00,-4000.26
2050-12-13 08:00:00,-4960.82
2050-12-13 09:00:00,-6956.83
2050-12-13 10:00:00,-7055.51
2050-12-13 11:00:00,-2847.29
2050-12-13 12:00:00,-3745.9
2050-12-13 13:00:00,-4091.78
2050-12-13 14:00:00,-3664.6
2050-12-13 15:00:00,-3375.51
2050-12-13 16:00:00,-2671.05
2050-12-13 17:00:00,-1874.26
2050-12-13 18:00:00,-1880.03
2050-12-13 19:00:00,-2919.44
2050-12-13 20:00:00,-3722.8
2050-12-13 21:00:00,-3046.08
2050-12-13 22:00:00,-2577.27
2050-12-13 23:00:00,-2930.54
2050-12-14 00:00:00,-3322.75
2050-12-14 01:00:00,-3009.53
2050-12-14 02:00:00,-2674.89
2050-12-14 03:00:00,-3167.31
2050-12-14 04:00:00,-3271.66
2050-12-14 05:00:00,-3513.28
2050-12-14 06:00:00,-3723.15
2050-12-14 07:00:00,-1461.22
2050-12-14 08:00:00,-2536.07
2050-12-14 09:00:00,-4678.34
2050-12-14 10:00:00,-4340.51
2050-12-14 11:00:00,-5217.59
2050-12-14 12:00:00,-5530.89
2050-12-14 13:00:00,-5326.36
2050-12-14 14:00:00,-4420.42
2050-12-14 15:00:00,-4477.48
2050-12-14 16:00:00,-3795.93
2050-12-14 17:00:00,-3374.45
2050-12-14 18:00:00,-3383.33
2050-12-14 19:00:00,-2777.06
2050-12-14 20:00:00,-3743.42
2050-12-14 21:00:00,-4686.23
2050-12-14 22:00:00,-4831.34
2050-12-14 23:00:00,-5094.83
2050-12-15 00:00:00,-5266.28
2050-12-15 01:00:00,-4606.55
2050-12-15 02:00:00,-5555.45
2050-12-15 03:00:00,-5672.72
2050-12-15 04:00:00,-3585.62
2050-12-15 05:00:00,-3287.23
2050-12-15 06:00:00,-4118.71
2050-12-15 07:00:00,-4570.07
2050-12-15 08:00:00,-4919.34
2050-12-15 09:00:00,-4389.5
2050-12-15 10:00:00,-5544.64
2050-12-15 11:00:00,-5407.43
2050-12-15 12:00:00,-7831.35
2050-12-15 13:00:00,-8565.7
2050-12-15 14:00:00,-6437.49
2050-12-15 15:00:00,-6448.47
2050-12-15 16:00:00,-5863.68
2050-12-15 17:00:00,-5415.31
2050-12-15 18:00:00,-5259.68
2050-12-15 19:00:00,-4973.3
2050-12-15 20:00:00,-4877.43
2050-12-15 21:00:00,-4921.16
2050-12-15 22:00:00,-5133.35
2050-12-15 23:00:00,-5416.78
2050-12-16 00:00:00,-5752.5
2050-12-16 01:00:00,-5898.28
2050-12-16 02:00:00,-6128.46
2050-12-16 03:00:00,-6248.87
2050-12-16 04:00:00,-6323.87
2050-12-16 05:00:00,-6333.74
2050-12-16 06:00:00,-6222.78
2050-12-16 07:00:00,-6111.21
2050-12-16 08:00:00,-7130.19
2050-12-16 09:00:00,-6708.47
2050-12-16 10:00:00,-5888.5
2050-12-16 11:00:00,-5714.31
2050-12-16 12:00:00,-8161.74
2050-12-16 13:00:00,-7886.41
2050-12-16 14:00:00,-4375.43
2050-12-16 15:00:00,-4546.13
2050-12-16 16:00:00,-5821.29
2050-12-16 17:00:00,-5606.75
2050-12-16 18:00:00,-5170.1
2050-12-16 19:00:00,-4183.42
2050-12-16 20:00:00,-4995.07
2050-12-16 21:00:00,-4922.27
2050-12-16 22:00:00,-5205.8
2050-12-16 23:00:00,-5358.52
2050-12-17 00:00:00,-5629.56
2050-12-17 01:00:00,-5537.25
2050-12-17 02:00:00,-6569.32
2050-12-17 03:00:00,-6668.75
2050-12-17 04:00:00,-6643.75
2050-12-17 05:00:00,-5562.79
2050-12-17 06:00:00,-6584.83
2050-12-17 07:00:00,-6540.36
2050-12-17 08:00:00,-6615.53
2050-12-17 09:00:00,-6300.61
2050-12-17 10:00:00,-5454.44
2050-12-17 11:00:00,-4018.55
2050-12-17 12:00:00,-5129.99
2050-12-17 13:00:00,-4347.4
2050-12-17 14:00:00,-6368.04
2050-12-17 15:00:00,-6132.56
2050-12-17 16:00:00,-3948.15
2050-12-17 17:00:00,-2431.7
2050-12-17 18:00:00,-3200.36
2050-12-17 19:00:00,-3708.49
2050-12-17 20:00:00,-3618.34
2050-12-17 21:00:00,-2349.52
2050-12-17 22:00:00,-3781.25
2050-12-17 23:00:00,-4805.23
2050-12-18 00:00:00,-4523.51
2050-12-18 01:00:00,-5996.92
2050-12-18 02:00:00,-6548.73
2050-12-18 03:00:00,-6800.17
2050-12-18 04:00:00,-6871.15
2050-12-18 05:00:00,-6870.03
2050-12-18 06:00:00,-6718.61
2050-12-18 07:00:00,-6697.71
2050-12-18 08:00:00,-6751.91
2050-12-18 09:00:00,-6785.43
2050-12-18 10:00:00,-8483.59
2050-12-18 11:00:00,-5731.92
2050-12-18 12:00:00,-4427.44
2050-12-18 13:00:00,-6525.73
2050-12-18 14:00:00,-6704.99
2050-12-18 15:00:00,-6281.86
2050-12-18 16:00:00,-6449.85
2050-12-18 17:00:00,-6343.81
2050-12-18 18:00:00,-5921.21
2050-12-18 19:00:00,-5641.63
2050-12-18 20:00:00,-5189.91
2050-12-18 21:00:00,-5632.37
2050-12-18 22:00:00,-5803.11
2050-12-18 23:00:00,-5749.15
2050-12-19 00:00:00,-6051.05
2050-12-19 01:00:00,-4527.42
2050-12-19 02:00:00,-6207.14
2050-12-19 03:00:00,-6147.29
2050-12-19 04:00:00,-5151.18
2050-12-19 05:00:00,-5102.71
2050-12-19 06:00:00,-5363.26
2050-12-19 07:00:00,-5036.11
2050-12-19 08:00:00,-4801.21
2050-12-19 09:00:00,-5366.36
2050-12-19 10:00:00,-7627.48
2050-12-19 11:00:00,-8171.05
2050-12-19 12:00:00,-7377.7
2050-12-19 13:00:00,-6013.19
2050-12-19 14:00:00,-5398.7
2050-12-19 15:00:00,-4834.11
2050-12-19 16:00:00,-3862.51
2050-12-19 17:00:00,-4043.92
2050-12-19 18:00:00,-4122.75
2050-12-19 19:00:00,-2872.0
2050-12-19 20:00:00,-2482.57
2050-12-19 21:00:00,-4303.81
2050-12-19 22:00:00,-3713.46
2050-12-19 23:00:00,-3398.61
2050-12-20 00:00:00,-3808.74
2050-12-20 01:00:00,-3170.01
2050-12-20 02:00:00,-2513.21
2050-12-20 03:00:00,-1808.34
2050-12-20 04:00:00,-804.07
2050-12-20 05:00:00,-244.28
2050-12-20 06:00:00,403.52
2050-12-20 07:00:00,413.49
2050-12-20 08:00:00,-813.38
2050-12-20 09:00:00,-2810.54
2050-12-20 10:00:00,-2089.5
2050-12-20 11:00:00,-1422.88
2050-12-20 12:00:00,-877.25
2050-12-20 13:00:00,-875.7
2050-12-20 14:00:00,-323.54
2050-12-20 15:00:00,1144.38
2050-12-20 16:00:00,2773.46
2050-12-20 17:00:00,3191.81
2050-12-20 18:00:00,2940.73
2050-12-20 19:00:00,2515.83
2050-12-20 20:00:00,2214.37
2050-12-20 21:00:00,1030.03
2050-12-20 22:00:00,548.23
2050-12-20 23:00:00,-986.78
2050-12-21 00:00:00,-870.99
2050-12-21 01:00:00,-2383.91
2050-12-21 02:00:00,-2194.13
2050-12-21 03:00:00,-1779.79
2050-12-21 04:00:00,-3030.49
2050-12-21 05:00:00,-3917.33
2050-12-21 06:00:00,-2033.46
2050-12-21 07:00:00,-2201.05
2050-12-21 08:00:00,-1235.26
2050-12-21 09:00:00,-1476.11
2050-12-21 10:00:00,-642.82
2050-12-21 11:00:00,-915.42
2050-12-21 12:00:00,1871.44
2050-12-21 13:00:00,2769.51
2050-12-21 14:00:00,2431.13
2050-12-21 15:00:00,1753.57
2050-12-21 16:00:00,2507.39
2050-12-21 17:00:00,2608.94
2050-12-21 18:00:00,2612.82
2050-12-21 19:00:00,2778.24
2050-12-21 20:00:00,2571.67
2050-12-21 21:00:00,1907.29
2050-12-21 22:00:00,3435.67
2050-12-21 23:00:00,3240.29
2050-12-22 00:00:00,3433.25
2050-12-22 01:00:00,3463.87
2050-12-22 02:00:00,2701.98
2050-12-22 03:00:00,2142.22
2050-12-22 04:00:00,2329.13
2050-12-22 05:00:00,1721.32
2050-12-22 06:00:00,852.78
2050-12-22 07:00:00,-2006.75
2050-12-22 08:00:00,-3604.36
2050-12-22 09:00:00,-4478.16
2050-12-22 10:00:00,-7032.83
2050-12-22 11:00:00,-7991.85
2050-12-22 12:00:00,-8205.16
2050-12-22 13:00:00,-9250.72
2050-12-22 14:00:00,-9480.89
2050-12-22 15:00:00,-8512.75
2050-12-22 16:00:00,-6906.45
2050-12-22 17:00:00,-6525.78
2050-12-22 18:00:00,-5707.39
2050-12-22 19:00:00,-5226.03
2050-12-22 20:00:00,-4470.27
2050-12-22 21:00:00,-4383.09
2050-12-22 22:00:00,-3506.71
2050-12-22 23:00:00,-3410.38
2050-12-23 00:00:00,-5448.77
2050-12-23 01:00:00,-5370.5
2050-12-23 02:00:00,-5138.39
2050-12-23 03:00:00,-3899.91
2050-12-23 04:00:00,-4842.42
2050-12-23 05:00:00,-4488.83
2050-12-23 06:00:00,-1932.24
2050-12-23 07:00:00,-489.49
2050-12-23 08:00:00,-1166.26
2050-12-23 09:00:00,-4500.98
2050-12-23 10:00:00,-4013.23
2050-12-23 11:00:00,-3024.78
2050-12-23 12:00:00,-3784.52
2050-12-23 13:00:00,-4423.2
2050-12-23 14:00:00,-4404.74
2050-12-23 15:00:00,-4074.15
2050-12-23 16:00:00,-2287.4
2050-12-23 17:00:00,-2302.25
2050-12-23 18:00:00,-933.03
2050-12-23 19:00:00,-2432.35
2050-12-23 20:00:00,-1874.68
2050-12-23 21:00:00,-1140.26
2050-12-23 22:00:00,-1707.13
2050-12-23 23:00:00,-2324.9
2050-12-24 00:00:00,-2673.73
2050-12-24 01:00:00,-3118.85
2050-12-24 02:00:00,-3422.94
2050-12-24 03:00:00,-2704.18
2050-12-24 04:00:00,-3361.31
2050-12-24 05:00:00,-2928.32
2050-12-24 06:00:00,-3728.87
2050-12-24 07:00:00,-4952.78
2050-12-24 08:00:00,-5650.51
2050-12-24 09:00:00,-3362.6
2050-12-24 10:00:00,-5655.45
2050-12-24 11:00:00,-7203.8
2050-12-24 12:00:00,-5956.28
2050-12-24 13:00:00,-6228.95
2050-12-24 14:00:00,-5571.11
2050-12-24 15:00:00,-5765.1
2050-12-24 16:00:00,-2986.29
2050-12-24 17:00:00,-2653.61
2050-12-24 18:00:00,-2554.66
2050-12-24 19:00:00,-1548.06
2050-12-24 20:00:00,-2508.74
2050-12-24 21:00:00,-3387.78
2050-12-24 22:00:00,-4359.45
2050-12-24 23:00:00,-2802.91
2050-12-25 00:00:00,-3399.05
2050-12-25 01:00:00,-3740.79
2050-12-25 02:00:00,-4661.35
2050-12-25 03:00:00,-5034.59
2050-12-25 04:00:00,-6288.33
2050-12-25 05:00:00,-3372.7
2050-12-25 06:00:00,-1923.34
2050-12-25 07:00:00,-925.89
2050-12-25 08:00:00,-6753.89
2050-12-25 09:00:00,-7270.74
2050-12-25 10:00:00,-7524.72
2050-12-25 11:00:00,-6389.85
2050-12-25 12:00:00,-5835.65
2050-12-25 13:00:00,-5470.51
2050-12-25 14:00:00,-3912.07
2050-12-25 15:00:00,-1629.64
2050-12-25 16:00:00,705.35
2050-12-25 17:00:00,1263.64
2050-12-25 18:00:00,1932.85
2050-12-25 19:00:00,1026.06
2050-12-25 20:00:00,541.75
2050-12-25 21:00:00,-375.8
2050-12-25 22:00:00,-125.11
2050-12-25 23:00:00,-705.52
2050-12-26 00:00:00,-804.87
2050-12-26 01:00:00,-1901.68
2050-12-26 02:00:00,-3108.43
2050-12-26 03:00:00,-3400.52
2050-12-26 04:00:00,-3064.44
2050-12-26 05:00:00,-3264.64
2050-12-26 06:00:00,-3922.25
2050-12-26 07:00:00,-3021.56
2050-12-26 08:00:00,-2894.37
2050-12-26 09:00:00,-4632.02
2050-12-26 10:00:00,-2524.79
2050-12-26 11:00:00,-1853.15
2050-12-26 12:00:00,-142.63
2050-12-26 13:00:00,194.95
2050-12-26 14:00:00,-127.34
2050-12-26 15:00:00,-1018.69
2050-12-26 16:00:00,351.17
2050-12-26 17:00:00,390.36
2050-12-26 18:00:00,-337.46
2050-12-26 19:00:00,-409.22
2050-12-26 20:00:00,-662.56
2050-12-26 21:00:00,-1136.81
2050-12-26 22:00:00,-1266.28
2050-12-26 23:00:00,-1380.16
2050-12-27 00:00:00,-1296.9
2050-12-27 01:00:00,-104.5
2050-12-27 02:00:00,-772.97
2050-12-27 03:00:00,-1018.31
2050-12-27 04:00:00,-1279.83
2050-12-27 05:00:00,-1585.06
2050-12-27 06:00:00,-816.13
2050-12-27 07:00:00,-1944.85
2050-12-27 08:00:00,-1422.26
2050-12-27 09:00:00,-147.94
2050-12-27 10:00:00,357.18
2050-12-27 11:00:00,822.84
2050-12-27 12:00:00,-2058.94
2050-12-27 13:00:00,-923.63
2050-12-27 14:00:00,-1083.67
2050-12-27 15:00:00,379.89
2050-12-27 16:00:00,1763.37
2050-12-27 17:00:00,1697.48
2050-12-27 18:00:00,2922.01
2050-12-27 19:00:00,943.1
2050-12-27 20:00:00,134.36
2050-12-27 21:00:00,-594.35
2050-12-27 22:00:00,-777.97
2050-12-27 23:00:00,-1992.16
2050-12-28 00:00:00,-884.7
2050-12-28 01:00:00,-667.44
2050-12-28 02:00:00,-2332.78
2050-12-28 03:00:00,-1791.2
2050-12-28 04:00:00,-3209.3
2050-12-28 05:00:00,-3887.68
2050-12-28 06:00:00,-5063.93
2050-12-28 07:00:00,-4750.48
2050-12-28 08:00:00,-4613.77
2050-12-28 09:00:00,-5330.04
2050-12-28 10:00:00,-6623.86
2050-12-28 11:00:00,-3556.28
2050-12-28 12:00:00,-6099.77
2050-12-28 13:00:00,-6777.89
2050-12-28 14:00:00,-4843.87
2050-12-28 15:00:00,-4843.21
2050-12-28 16:00:00,-1467.15
2050-12-28 17:00:00,-2179.31
2050-12-28 18:00:00,-2159.26
2050-12-28 19:00:00,-704.3
2050-12-28 20:00:00,1394.62
2050-12-28 21:00:00,1886.5
2050-12-28 22:00:00,2208.85
2050-12-28 23:00:00,1241.8
2050-12-29 00:00:00,896.36
2050-12-29 01:00:00,1879.02
2050-12-29 02:00:00,802.53
2050-12-29 03:00:00,-312.91
2050-12-29 04:00:00,-920.33
2050-12-29 05:00:00,292.22
2050-12-29 06:00:00,273.97
2050-12-29 07:00:00,-1437.22
2050-12-29 08:00:00,-779.02
2050-12-29 09:00:00,-2467.73
2050-12-29 10:00:00,-819.6
2050-12-29 11:00:00,-1859.65
2050-12-29 12:00:00,-1467.67
2050-12-29 13:00:00,-559.56
2050-12-29 14:00:00,-988.41
2050-12-29 15:00:00,-1683.32
2050-12-29 16:00:00,-2498.74
2050-12-29 17:00:00,-1288.25
2050-12-29 18:00:00,-1094.97
2050-12-29 19:00:00,-293.31
2050-12-29 20:00:00,-496.07
2050-12-29 21:00:00,-1704.82
2050-12-29 22:00:00,-524.02
2050-12-29 23:00:00,-333.33
2050-12-30 00:00:00,731.6
2050-12-30 01:00:00,1594.76
2050-12-30 02:00:00,1507.3
2050-12-30 03:00:00,1870.16
2050-12-30 04:00:00,1858.01
2050-12-30 05:00:00,1613.44
2050-12-30 06:00:00,1938.05
2050-12-30 07:00:00,1100.96
2050-12-30 08:00:00,-610.89
2050-12-30 09:00:00,-3678.09
2050-12-30 10:00:00,-5167.07
2050-12-30 11:00:00,-1664.43
2050-12-30 12:00:00,-2483.0
2050-12-30 13:00:00,-3995.78
2050-12-30 14:00:00,-5524.81
2050-12-30 15:00:00,-3335.06
2050-12-30 16:00:00,-2350.45
2050-12-30 17:00:00,-3062.7
2050-12-30 18:00:00,-1981.09
2050-12-30 19:00:00,-2716.24
2050-12-30 20:00:00,-4868.56
2050-12-30 21:00:00,-3734.02
2050-12-30 22:00:00,-4277.81
2050-12-30 23:00:00,-5446.8
2050-12-31 00:00:00,-5634.17
2050-12-31 01:00:00,-3565.52
2050-12-31 02:00:00,-2995.11
2050-12-31 03:00:00,-3255.25
2050-12-31 04:00:00,-2458.36
2050-12-31 05:00:00,-3053.98
2050-12-31 06:00:00,-1424.0
2050-12-31 07:00:00,-1785.98
2050-12-31 08:00:00,-925.56
2050-12-31 09:00:00,-205.06
2050-12-31 10:00:00,-929.02
2050-12-31 11:00:00,-1047.37
2050-12-31 12:00:00,-1417.74
2050-12-31 13:00:00,-2869.07
2050-12-31 14:00:00,-1770.44
2050-12-31 15:00:00,-2641.65
2050-12-31 16:00:00,-4421.99
2050-12-31 17:00:00,-2296.18
2050-12-31 18:00:00,-2585.38
2050-12-31 19:00:00,-3744.41
2050-12-31 20:00:00,-2814.46
2050-12-31 21:00:00,-4353.66
2050-12-31 22:00:00,-5956.21
2050-12-31 23:00:00,-5687.46
