Time_Local,Time_UTC,run_date,ZoneK_no_baf_MW,ZoneK_cuerg_MW,ZoneK_swain_MW,ZoneK_forecast_MW,ZoneK_nypa_MW
2050-01-01 00:00:00,2050-01-01 05:00:00,2050-01-01,4453.8,nan,1658.66,1713.17,1414.72
2050-01-01 01:00:00,2050-01-01 06:00:00,2050-01-01,4429.02,nan,1648.09,1702.46,1406.45
2050-01-01 02:00:00,2050-01-01 07:00:00,2050-01-01,4350.79,nan,1617.61,1671.08,1380.76
2050-01-01 03:00:00,2050-01-01 08:00:00,2050-01-01,4275.42,nan,1588.34,1640.9,1355.78
2050-01-01 04:00:00,2050-01-01 09:00:00,2050-01-01,4228.14,nan,1569.43,1621.56,1339.79
2050-01-01 05:00:00,2050-01-01 10:00:00,2050-01-01,4234.02,nan,1570.88,1623.35,1340.75
2050-01-01 06:00:00,2050-01-01 11:00:00,2050-01-01,4284.28,nan,1588.7,1641.83,1357.15
2050-01-01 07:00:00,2050-01-01 12:00:00,2050-01-01,4218.26,nan,1565.23,1618.57,1332.75
2050-01-01 08:00:00,2050-01-01 13:00:00,2050-01-01,3808.14,nan,1412.0,1461.99,1200.55
2050-01-01 09:00:00,2050-01-01 14:00:00,2050-01-01,3180.28,nan,1179.15,1220.8,1004.95
2050-01-01 10:00:00,2050-01-01 15:00:00,2050-01-01,2524.94,nan,929.56,962.77,797.98
2050-01-01 11:00:00,2050-01-01 16:00:00,2050-01-01,1920.13,nan,700.21,725.19,604.86
2050-01-01 12:00:00,2050-01-01 17:00:00,2050-01-01,1434.73,nan,513.43,533.02,448.65
2050-01-01 13:00:00,2050-01-01 18:00:00,2050-01-01,933.84,nan,322.14,335.77,290.86
2050-01-01 14:00:00,2050-01-01 19:00:00,2050-01-01,539.08,nan,175.84,184.06,168.32
2050-01-01 15:00:00,2050-01-01 20:00:00,2050-01-01,318.43,nan,95.94,100.83,100.4
2050-01-01 16:00:00,2050-01-01 21:00:00,2050-01-01,407.04,nan,128.83,134.4,128.46
2050-01-01 17:00:00,2050-01-01 22:00:00,2050-01-01,982.05,nan,343.57,356.78,304.29
2050-01-01 18:00:00,2050-01-01 23:00:00,2050-01-01,1720.48,nan,622.81,646.15,537.67
2050-01-01 19:00:00,2050-01-02 00:00:00,2050-01-01,2391.85,nan,881.05,912.19,754.2
2050-01-01 20:00:00,2050-01-02 01:00:00,2050-01-01,2849.83,nan,1055.8,1092.28,900.01
2050-01-01 21:00:00,2050-01-02 02:00:00,2050-01-01,3243.3,nan,1205.9,1247.07,1025.02
2050-01-01 22:00:00,2050-01-02 03:00:00,2050-01-01,3569.92,nan,1329.67,1374.88,1128.35
2050-01-01 23:00:00,2050-01-02 04:00:00,2050-01-01,3883.75,nan,1447.68,1497.83,1227.72
2050-01-02 00:00:00,2050-01-02 05:00:00,2050-01-02,4171.94,nan,1555.65,1609.34,1317.54
2050-01-02 01:00:00,2050-01-02 06:00:00,2050-01-02,4520.3,nan,1689.16,1747.23,1428.61
2050-01-02 02:00:00,2050-01-02 07:00:00,2050-01-02,4827.0,nan,1805.01,1866.2,1526.75
2050-01-02 03:00:00,2050-01-02 08:00:00,2050-01-02,5145.74,nan,1925.97,1990.69,1629.29
2050-01-02 04:00:00,2050-01-02 09:00:00,2050-01-02,5448.74,nan,2041.11,2109.3,1727.31
2050-01-02 05:00:00,2050-01-02 10:00:00,2050-01-02,5706.12,nan,2137.19,2208.54,1810.34
2050-01-02 06:00:00,2050-01-02 11:00:00,2050-01-02,5978.96,nan,2240.96,2315.45,1898.49
2050-01-02 07:00:00,2050-01-02 12:00:00,2050-01-02,6116.05,nan,2293.92,2371.25,1939.69
2050-01-02 08:00:00,2050-01-02 13:00:00,2050-01-02,5922.84,nan,2219.97,2297.03,1873.92
2050-01-02 09:00:00,2050-01-02 14:00:00,2050-01-02,5631.04,nan,2101.5,2172.82,1782.9
2050-01-02 10:00:00,2050-01-02 15:00:00,2050-01-02,5267.89,nan,1954.6,2019.77,1663.08
2050-01-02 11:00:00,2050-01-02 16:00:00,2050-01-02,5029.94,nan,1854.46,1916.77,1586.57
2050-01-02 12:00:00,2050-01-02 17:00:00,2050-01-02,4901.92,nan,1801.14,1861.86,1542.19
2050-01-02 13:00:00,2050-01-02 18:00:00,2050-01-02,4874.69,nan,1787.75,1847.75,1533.32
2050-01-02 14:00:00,2050-01-02 19:00:00,2050-01-02,4914.06,nan,1802.22,1863.35,1545.58
2050-01-02 15:00:00,2050-01-02 20:00:00,2050-01-02,4970.74,nan,1824.25,1886.64,1562.54
2050-01-02 16:00:00,2050-01-02 21:00:00,2050-01-02,5151.1,nan,1893.95,1958.7,1620.85
2050-01-02 17:00:00,2050-01-02 22:00:00,2050-01-02,5512.03,nan,2034.4,2103.92,1735.09
2050-01-02 18:00:00,2050-01-02 23:00:00,2050-01-02,6025.28,nan,2231.04,2305.75,1908.63
2050-01-02 19:00:00,2050-01-03 00:00:00,2050-01-02,6398.8,nan,2372.57,2450.43,2030.3
2050-01-02 20:00:00,2050-01-03 01:00:00,2050-01-02,6611.08,nan,2452.59,2532.6,2097.37
2050-01-02 21:00:00,2050-01-03 02:00:00,2050-01-02,6780.14,nan,2516.66,2598.61,2151.94
2050-01-02 22:00:00,2050-01-03 03:00:00,2050-01-02,6972.72,nan,2589.73,2673.88,2213.7
2050-01-02 23:00:00,2050-01-03 04:00:00,2050-01-02,7170.96,nan,2664.85,2751.25,2277.81
2050-01-03 00:00:00,2050-01-03 05:00:00,2050-01-03,7355.77,nan,2733.88,2822.67,2336.49
2050-01-03 01:00:00,2050-01-03 06:00:00,2050-01-03,7597.38,nan,2826.61,2918.87,2414.86
2050-01-03 02:00:00,2050-01-03 07:00:00,2050-01-03,7762.55,nan,2888.27,2982.76,2468.09
2050-01-03 03:00:00,2050-01-03 08:00:00,2050-01-03,7899.4,nan,2940.53,3036.96,2513.03
2050-01-03 04:00:00,2050-01-03 09:00:00,2050-01-03,8011.4,nan,2982.93,3080.68,2549.94
2050-01-03 05:00:00,2050-01-03 10:00:00,2050-01-03,8120.99,nan,3025.89,3124.64,2585.51
2050-01-03 06:00:00,2050-01-03 11:00:00,2050-01-03,8226.85,nan,3067.46,3167.72,2619.57
2050-01-03 07:00:00,2050-01-03 12:00:00,2050-01-03,8223.06,nan,3068.64,3169.02,2614.38
2050-01-03 08:00:00,2050-01-03 13:00:00,2050-01-03,7903.05,nan,2949.67,3047.12,2508.44
2050-01-03 09:00:00,2050-01-03 14:00:00,2050-01-03,7504.08,nan,2797.14,2889.86,2385.8
2050-01-03 10:00:00,2050-01-03 15:00:00,2050-01-03,7259.11,nan,2704.48,2794.06,2308.77
2050-01-03 11:00:00,2050-01-03 16:00:00,2050-01-03,6949.05,nan,2587.4,2673.39,2209.6
2050-01-03 12:00:00,2050-01-03 17:00:00,2050-01-03,6525.57,nan,2419.97,2500.51,2072.25
2050-01-03 13:00:00,2050-01-03 18:00:00,2050-01-03,6216.97,nan,2297.91,2373.86,1974.97
2050-01-03 14:00:00,2050-01-03 19:00:00,2050-01-03,6028.33,nan,2224.06,2297.36,1913.81
2050-01-03 15:00:00,2050-01-03 20:00:00,2050-01-03,5945.27,nan,2193.93,2266.38,1886.15
2050-01-03 16:00:00,2050-01-03 21:00:00,2050-01-03,5939.09,nan,2191.56,2264.01,1883.82
2050-01-03 17:00:00,2050-01-03 22:00:00,2050-01-03,6193.56,nan,2290.56,2366.9,1963.78
2050-01-03 18:00:00,2050-01-03 23:00:00,2050-01-03,6541.8,nan,2422.79,2502.47,2082.26
2050-01-03 19:00:00,2050-01-04 00:00:00,2050-01-03,6872.14,nan,2548.66,2631.07,2190.01
2050-01-03 20:00:00,2050-01-04 01:00:00,2050-01-03,7028.75,nan,2609.26,2693.35,2238.85
2050-01-03 21:00:00,2050-01-04 02:00:00,2050-01-03,7092.44,nan,2634.71,2719.55,2258.39
2050-01-03 22:00:00,2050-01-04 03:00:00,2050-01-03,7124.86,nan,2648.58,2733.58,2267.93
2050-01-03 23:00:00,2050-01-04 04:00:00,2050-01-03,7126.19,nan,2650.58,2735.59,2268.15
2050-01-04 00:00:00,2050-01-04 05:00:00,2050-01-04,7151.23,nan,2662.12,2747.17,2276.27
2050-01-04 01:00:00,2050-01-04 06:00:00,2050-01-04,7185.28,nan,2676.16,2761.87,2286.62
2050-01-04 02:00:00,2050-01-04 07:00:00,2050-01-04,7222.56,nan,2691.52,2777.91,2298.18
2050-01-04 03:00:00,2050-01-04 08:00:00,2050-01-04,7239.83,nan,2698.21,2785.6,2303.52
2050-01-04 04:00:00,2050-01-04 09:00:00,2050-01-04,7270.07,nan,2711.52,2799.74,2313.39
2050-01-04 05:00:00,2050-01-04 10:00:00,2050-01-04,7268.38,nan,2712.4,2800.77,2312.69
2050-01-04 06:00:00,2050-01-04 11:00:00,2050-01-04,7255.81,nan,2708.36,2797.06,2308.49
2050-01-04 07:00:00,2050-01-04 12:00:00,2050-01-04,7162.0,nan,2674.64,2763.23,2274.62
2050-01-04 08:00:00,2050-01-04 13:00:00,2050-01-04,6708.53,nan,2505.11,2589.61,2127.12
2050-01-04 09:00:00,2050-01-04 14:00:00,2050-01-04,5788.25,nan,2151.72,2224.7,1838.02
2050-01-04 10:00:00,2050-01-04 15:00:00,2050-01-04,5029.68,nan,1863.59,1926.78,1596.6
2050-01-04 11:00:00,2050-01-04 16:00:00,2050-01-04,4358.05,nan,1609.63,1664.62,1381.94
2050-01-04 12:00:00,2050-01-04 17:00:00,2050-01-04,3850.14,nan,1417.49,1466.38,1218.82
2050-01-04 13:00:00,2050-01-04 18:00:00,2050-01-04,3295.18,nan,1209.09,1251.4,1041.83
2050-01-04 14:00:00,2050-01-04 19:00:00,2050-01-04,2785.63,nan,1017.23,1053.82,879.61
2050-01-04 15:00:00,2050-01-04 20:00:00,2050-01-04,2478.45,nan,901.97,935.34,781.41
2050-01-04 16:00:00,2050-01-04 21:00:00,2050-01-04,2634.09,nan,959.73,994.92,830.89
2050-01-04 17:00:00,2050-01-04 22:00:00,2050-01-04,3192.88,nan,1167.77,1209.68,1001.46
2050-01-04 18:00:00,2050-01-04 23:00:00,2050-01-04,3791.56,nan,1388.86,1438.0,1196.75
2050-01-04 19:00:00,2050-01-05 00:00:00,2050-01-04,4505.58,nan,1660.75,1717.28,1425.25
2050-01-04 20:00:00,2050-01-05 01:00:00,2050-01-04,4987.0,nan,1843.54,1905.85,1578.96
2050-01-04 21:00:00,2050-01-05 02:00:00,2050-01-04,5324.76,nan,1971.91,2038.27,1686.6
2050-01-04 22:00:00,2050-01-05 03:00:00,2050-01-04,5596.06,nan,2074.46,2143.77,1772.28
2050-01-04 23:00:00,2050-01-05 04:00:00,2050-01-04,5807.66,nan,2154.89,2225.87,1838.3
2050-01-05 00:00:00,2050-01-05 05:00:00,2050-01-05,5979.15,nan,2218.28,2291.01,1892.58
2050-01-05 01:00:00,2050-01-05 06:00:00,2050-01-05,6134.24,nan,2276.33,2350.61,1941.35
2050-01-05 02:00:00,2050-01-05 07:00:00,2050-01-05,6275.89,nan,2329.93,2405.61,1986.52
2050-01-05 03:00:00,2050-01-05 08:00:00,2050-01-05,6395.61,nan,2375.34,2452.2,2026.35
2050-01-05 04:00:00,2050-01-05 09:00:00,2050-01-05,6500.18,nan,2414.6,2492.81,2059.28
2050-01-05 05:00:00,2050-01-05 10:00:00,2050-01-05,6604.31,nan,2455.68,2534.96,2092.6
2050-01-05 06:00:00,2050-01-05 11:00:00,2050-01-05,6676.17,nan,2482.84,2563.06,2116.46
2050-01-05 07:00:00,2050-01-05 12:00:00,2050-01-05,6700.1,nan,2494.09,2575.25,2123.78
2050-01-05 08:00:00,2050-01-05 13:00:00,2050-01-05,6367.68,nan,2371.7,2450.2,2017.76
2050-01-05 09:00:00,2050-01-05 14:00:00,2050-01-05,5550.69,nan,2061.91,2129.96,1758.61
2050-01-05 10:00:00,2050-01-05 15:00:00,2050-01-05,4905.13,nan,1818.73,1878.69,1554.08
2050-01-05 11:00:00,2050-01-05 16:00:00,2050-01-05,4378.18,nan,1619.97,1673.78,1386.87
2050-01-05 12:00:00,2050-01-05 17:00:00,2050-01-05,4129.98,nan,1526.61,1579.08,1309.24
2050-01-05 13:00:00,2050-01-05 18:00:00,2050-01-05,3949.88,nan,1459.5,1510.33,1253.43
2050-01-05 14:00:00,2050-01-05 19:00:00,2050-01-05,3783.24,nan,1397.39,1445.48,1205.22
2050-01-05 15:00:00,2050-01-05 20:00:00,2050-01-05,3688.09,nan,1361.12,1407.59,1177.05
2050-01-05 16:00:00,2050-01-05 21:00:00,2050-01-05,3884.32,nan,1435.05,1483.99,1238.07
2050-01-05 17:00:00,2050-01-05 22:00:00,2050-01-05,4247.74,nan,1571.04,1624.94,1348.41
2050-01-05 18:00:00,2050-01-05 23:00:00,2050-01-05,4585.98,nan,1694.01,1750.94,1455.34
2050-01-05 19:00:00,2050-01-06 00:00:00,2050-01-05,5049.97,nan,1868.0,1929.67,1606.33
2050-01-05 20:00:00,2050-01-06 01:00:00,2050-01-05,5313.04,nan,1968.43,2033.38,1689.46
2050-01-05 21:00:00,2050-01-06 02:00:00,2050-01-05,5438.97,nan,2015.83,2082.59,1730.16
2050-01-05 22:00:00,2050-01-06 03:00:00,2050-01-05,5569.13,nan,2065.26,2133.94,1770.69
2050-01-05 23:00:00,2050-01-06 04:00:00,2050-01-05,5705.94,nan,2118.53,2189.19,1814.08
2050-01-06 00:00:00,2050-01-06 05:00:00,2050-01-06,5826.1,nan,2166.04,2238.35,1851.63
2050-01-06 01:00:00,2050-01-06 06:00:00,2050-01-06,5916.05,nan,2201.87,2275.29,1880.19
2050-01-06 02:00:00,2050-01-06 07:00:00,2050-01-06,5969.43,nan,2222.27,2296.12,1895.83
2050-01-06 03:00:00,2050-01-06 08:00:00,2050-01-06,6013.5,nan,2238.42,2312.86,1910.14
2050-01-06 04:00:00,2050-01-06 09:00:00,2050-01-06,6082.64,nan,2263.47,2338.55,1931.46
2050-01-06 05:00:00,2050-01-06 10:00:00,2050-01-06,6178.16,nan,2298.33,2374.78,1960.62
2050-01-06 06:00:00,2050-01-06 11:00:00,2050-01-06,6322.43,nan,2352.02,2429.81,2006.36
2050-01-06 07:00:00,2050-01-06 12:00:00,2050-01-06,6432.52,nan,2393.32,2471.67,2040.9
2050-01-06 08:00:00,2050-01-06 13:00:00,2050-01-06,6202.94,nan,2306.98,2383.87,1966.33
2050-01-06 09:00:00,2050-01-06 14:00:00,2050-01-06,5436.69,nan,2010.29,2078.52,1720.25
2050-01-06 10:00:00,2050-01-06 15:00:00,2050-01-06,4877.72,nan,1796.46,1858.34,1542.75
2050-01-06 11:00:00,2050-01-06 16:00:00,2050-01-06,4444.46,nan,1630.52,1687.09,1406.64
2050-01-06 12:00:00,2050-01-06 17:00:00,2050-01-06,4078.49,nan,1489.2,1540.92,1289.52
2050-01-06 13:00:00,2050-01-06 18:00:00,2050-01-06,3686.62,nan,1343.14,1389.98,1163.11
2050-01-06 14:00:00,2050-01-06 19:00:00,2050-01-06,3319.51,nan,1208.26,1250.26,1047.08
2050-01-06 15:00:00,2050-01-06 20:00:00,2050-01-06,3077.82,nan,1117.42,1156.17,970.42
2050-01-06 16:00:00,2050-01-06 21:00:00,2050-01-06,3229.69,nan,1173.81,1214.37,1018.53
2050-01-06 17:00:00,2050-01-06 22:00:00,2050-01-06,3750.43,nan,1368.6,1416.53,1179.43
2050-01-06 18:00:00,2050-01-06 23:00:00,2050-01-06,4211.74,nan,1539.8,1593.13,1325.42
2050-01-06 19:00:00,2050-01-07 00:00:00,2050-01-06,4801.88,nan,1764.43,1823.84,1518.02
2050-01-06 20:00:00,2050-01-07 01:00:00,2050-01-06,5177.79,nan,1908.78,1971.67,1640.36
2050-01-06 21:00:00,2050-01-07 02:00:00,2050-01-06,5372.02,nan,1982.97,2048.22,1701.45
2050-01-06 22:00:00,2050-01-07 03:00:00,2050-01-06,5523.18,nan,2041.31,2108.24,1749.54
2050-01-06 23:00:00,2050-01-07 04:00:00,2050-01-06,5579.06,nan,2061.06,2128.28,1767.7
2050-01-07 00:00:00,2050-01-07 05:00:00,2050-01-07,5672.44,nan,2095.73,2163.66,1797.84
2050-01-07 01:00:00,2050-01-07 06:00:00,2050-01-07,5814.17,nan,2150.31,2220.33,1843.7
2050-01-07 02:00:00,2050-01-07 07:00:00,2050-01-07,5927.44,nan,2193.59,2265.14,1880.87
2050-01-07 03:00:00,2050-01-07 08:00:00,2050-01-07,6016.86,nan,2228.1,2300.8,1910.31
2050-01-07 04:00:00,2050-01-07 09:00:00,2050-01-07,6090.7,nan,2257.71,2331.82,1932.97
2050-01-07 05:00:00,2050-01-07 10:00:00,2050-01-07,6145.1,nan,2278.4,2353.83,1949.81
2050-01-07 06:00:00,2050-01-07 11:00:00,2050-01-07,6167.34,nan,2287.21,2362.96,1955.78
2050-01-07 07:00:00,2050-01-07 12:00:00,2050-01-07,6142.13,nan,2279.01,2355.25,1945.65
2050-01-07 08:00:00,2050-01-07 13:00:00,2050-01-07,5825.69,nan,2163.05,2236.41,1843.87
2050-01-07 09:00:00,2050-01-07 14:00:00,2050-01-07,5042.0,nan,1864.63,1928.6,1596.48
2050-01-07 10:00:00,2050-01-07 15:00:00,2050-01-07,4418.94,nan,1628.72,1684.88,1401.72
2050-01-07 11:00:00,2050-01-07 16:00:00,2050-01-07,3777.9,nan,1385.91,1434.13,1198.06
2050-01-07 12:00:00,2050-01-07 17:00:00,2050-01-07,3243.85,nan,1184.42,1226.38,1026.76
2050-01-07 13:00:00,2050-01-07 18:00:00,2050-01-07,2667.08,nan,968.99,1003.73,842.47
2050-01-07 14:00:00,2050-01-07 19:00:00,2050-01-07,2167.4,nan,783.2,811.67,683.58
2050-01-07 15:00:00,2050-01-07 20:00:00,2050-01-07,1881.66,nan,678.02,702.39,592.77
2050-01-07 16:00:00,2050-01-07 21:00:00,2050-01-07,2019.21,nan,730.33,756.15,637.08
2050-01-07 17:00:00,2050-01-07 22:00:00,2050-01-07,2649.8,nan,967.03,1001.95,831.92
2050-01-07 18:00:00,2050-01-07 23:00:00,2050-01-07,3235.24,nan,1184.09,1226.11,1017.83
2050-01-07 19:00:00,2050-01-08 00:00:00,2050-01-07,3954.73,nan,1456.85,1506.65,1251.24
2050-01-07 20:00:00,2050-01-08 01:00:00,2050-01-07,4435.17,nan,1639.18,1694.16,1406.6
2050-01-07 21:00:00,2050-01-08 02:00:00,2050-01-07,4735.19,nan,1752.17,1811.54,1502.19
2050-01-07 22:00:00,2050-01-08 03:00:00,2050-01-07,4971.72,nan,1840.47,1902.24,1579.47
2050-01-07 23:00:00,2050-01-08 04:00:00,2050-01-07,5097.41,nan,1885.81,1949.44,1618.47
2050-01-08 00:00:00,2050-01-08 05:00:00,2050-01-08,5189.33,nan,1920.22,1985.0,1648.2
2050-01-08 01:00:00,2050-01-08 06:00:00,2050-01-08,5241.86,nan,1939.51,2004.82,1664.12
2050-01-08 02:00:00,2050-01-08 07:00:00,2050-01-08,5277.94,nan,1952.95,2018.01,1674.57
2050-01-08 03:00:00,2050-01-08 08:00:00,2050-01-08,5344.68,nan,1978.71,2044.33,1695.61
2050-01-08 04:00:00,2050-01-08 09:00:00,2050-01-08,5378.78,nan,1990.91,2056.77,1706.77
2050-01-08 05:00:00,2050-01-08 10:00:00,2050-01-08,5364.46,nan,1983.94,2049.91,1700.66
2050-01-08 06:00:00,2050-01-08 11:00:00,2050-01-08,5388.72,nan,1993.86,2059.61,1708.58
2050-01-08 07:00:00,2050-01-08 12:00:00,2050-01-08,5407.81,nan,2002.73,2068.81,1715.34
2050-01-08 08:00:00,2050-01-08 13:00:00,2050-01-08,5234.05,nan,1939.65,2004.97,1658.43
2050-01-08 09:00:00,2050-01-08 14:00:00,2050-01-08,4759.51,nan,1756.33,1816.67,1499.74
2050-01-08 10:00:00,2050-01-08 15:00:00,2050-01-08,4365.26,nan,1601.42,1656.28,1373.92
2050-01-08 11:00:00,2050-01-08 16:00:00,2050-01-08,3980.5,nan,1450.73,1500.85,1251.11
2050-01-08 12:00:00,2050-01-08 17:00:00,2050-01-08,3637.2,nan,1317.63,1362.41,1140.99
2050-01-08 13:00:00,2050-01-08 18:00:00,2050-01-08,3235.3,nan,1159.72,1201.2,1012.36
2050-01-08 14:00:00,2050-01-08 19:00:00,2050-01-08,3111.23,nan,1112.86,1154.63,973.99
2050-01-08 15:00:00,2050-01-08 20:00:00,2050-01-08,3189.43,nan,1147.39,1189.06,1000.56
2050-01-08 16:00:00,2050-01-08 21:00:00,2050-01-08,3375.63,nan,1222.44,1265.82,1062.32
2050-01-08 17:00:00,2050-01-08 22:00:00,2050-01-08,3851.44,nan,1401.58,1450.52,1209.23
2050-01-08 18:00:00,2050-01-08 23:00:00,2050-01-08,4386.9,nan,1598.98,1654.88,1378.66
2050-01-08 19:00:00,2050-01-09 00:00:00,2050-01-08,5185.34,nan,1902.9,1966.04,1639.47
2050-01-08 20:00:00,2050-01-09 01:00:00,2050-01-08,5775.08,nan,2129.49,2198.47,1833.89
2050-01-08 21:00:00,2050-01-09 02:00:00,2050-01-08,6158.77,nan,2274.03,2347.58,1957.14
2050-01-08 22:00:00,2050-01-09 03:00:00,2050-01-08,6519.33,nan,2411.32,2489.48,2072.43
2050-01-08 23:00:00,2050-01-09 04:00:00,2050-01-08,6824.26,nan,2526.01,2608.17,2169.73
2050-01-09 00:00:00,2050-01-09 05:00:00,2050-01-09,7080.01,nan,2623.16,2708.86,2251.93
2050-01-09 01:00:00,2050-01-09 06:00:00,2050-01-09,7295.5,nan,2705.23,2794.08,2320.96
2050-01-09 02:00:00,2050-01-09 07:00:00,2050-01-09,7464.42,nan,2769.55,2860.65,2375.4
2050-01-09 03:00:00,2050-01-09 08:00:00,2050-01-09,7624.65,nan,2830.85,2923.8,2426.69
2050-01-09 04:00:00,2050-01-09 09:00:00,2050-01-09,7769.66,nan,2887.07,2981.21,2472.43
2050-01-09 05:00:00,2050-01-09 10:00:00,2050-01-09,7893.9,nan,2934.37,3029.83,2512.12
2050-01-09 06:00:00,2050-01-09 11:00:00,2050-01-09,8012.65,nan,2978.98,3075.81,2550.26
2050-01-09 07:00:00,2050-01-09 12:00:00,2050-01-09,8108.3,nan,3016.89,3115.05,2581.89
2050-01-09 08:00:00,2050-01-09 13:00:00,2050-01-09,7871.94,nan,2929.21,3025.14,2506.72
2050-01-09 09:00:00,2050-01-09 14:00:00,2050-01-09,7154.47,nan,2651.05,2738.56,2273.28
2050-01-09 10:00:00,2050-01-09 15:00:00,2050-01-09,6669.69,nan,2464.05,2545.17,2118.23
2050-01-09 11:00:00,2050-01-09 16:00:00,2050-01-09,6194.33,nan,2282.58,2357.99,1965.59
2050-01-09 12:00:00,2050-01-09 17:00:00,2050-01-09,5821.05,nan,2141.54,2212.87,1845.58
2050-01-09 13:00:00,2050-01-09 18:00:00,2050-01-09,5362.86,nan,1971.1,2037.17,1699.42
2050-01-09 14:00:00,2050-01-09 19:00:00,2050-01-09,4913.09,nan,1805.0,1865.5,1556.82
2050-01-09 15:00:00,2050-01-09 20:00:00,2050-01-09,4642.34,nan,1705.08,1761.91,1472.17
2050-01-09 16:00:00,2050-01-09 21:00:00,2050-01-09,4839.29,nan,1779.62,1838.67,1538.16
2050-01-09 17:00:00,2050-01-09 22:00:00,2050-01-09,5624.24,nan,2074.91,2143.75,1784.1
2050-01-09 18:00:00,2050-01-09 23:00:00,2050-01-09,6245.44,nan,2304.62,2381.22,1980.45
2050-01-09 19:00:00,2050-01-10 00:00:00,2050-01-09,7055.69,nan,2610.11,2694.78,2244.87
2050-01-09 20:00:00,2050-01-10 01:00:00,2050-01-09,7643.76,nan,2832.15,2923.3,2435.36
2050-01-09 21:00:00,2050-01-10 02:00:00,2050-01-09,8043.85,nan,2982.38,3078.54,2563.02
2050-01-09 22:00:00,2050-01-10 03:00:00,2050-01-09,8391.65,nan,3113.36,3213.94,2674.2
2050-01-09 23:00:00,2050-01-10 04:00:00,2050-01-09,8685.11,nan,3223.94,3328.4,2768.22
2050-01-10 00:00:00,2050-01-10 05:00:00,2050-01-10,8930.35,nan,3316.72,3424.73,2847.26
2050-01-10 01:00:00,2050-01-10 06:00:00,2050-01-10,9119.52,nan,3388.83,3499.57,2908.02
2050-01-10 02:00:00,2050-01-10 07:00:00,2050-01-10,9260.69,nan,3442.74,3555.64,2953.01
2050-01-10 03:00:00,2050-01-10 08:00:00,2050-01-10,9356.87,nan,3479.51,3593.92,2983.22
2050-01-10 04:00:00,2050-01-10 09:00:00,2050-01-10,9426.22,nan,3506.09,3621.63,3005.0
2050-01-10 05:00:00,2050-01-10 10:00:00,2050-01-10,9471.96,nan,3523.92,3640.06,3019.31
2050-01-10 06:00:00,2050-01-10 11:00:00,2050-01-10,9504.15,nan,3536.35,3652.88,3029.41
2050-01-10 07:00:00,2050-01-10 12:00:00,2050-01-10,9518.19,nan,3543.5,3660.22,3034.18
2050-01-10 08:00:00,2050-01-10 13:00:00,2050-01-10,9205.85,nan,3428.32,3541.9,2934.39
2050-01-10 09:00:00,2050-01-10 14:00:00,2050-01-10,8287.44,nan,3078.99,3182.31,2638.63
2050-01-10 10:00:00,2050-01-10 15:00:00,2050-01-10,7512.34,nan,2787.15,2880.65,2391.93
2050-01-10 11:00:00,2050-01-10 16:00:00,2050-01-10,6789.75,nan,2516.03,2600.78,2161.58
2050-01-10 12:00:00,2050-01-10 17:00:00,2050-01-10,6223.17,nan,2303.41,2381.0,1979.51
2050-01-10 13:00:00,2050-01-10 18:00:00,2050-01-10,5596.3,nan,2069.18,2139.18,1778.77
2050-01-10 14:00:00,2050-01-10 19:00:00,2050-01-10,4987.28,nan,1841.74,1904.07,1584.29
2050-01-10 15:00:00,2050-01-10 20:00:00,2050-01-10,4535.81,nan,1672.42,1728.38,1440.81
2050-01-10 16:00:00,2050-01-10 21:00:00,2050-01-10,4491.7,nan,1654.0,1708.89,1428.61
2050-01-10 17:00:00,2050-01-10 22:00:00,2050-01-10,5042.97,nan,1857.47,1919.12,1598.57
2050-01-10 18:00:00,2050-01-10 23:00:00,2050-01-10,5445.47,nan,2004.63,2071.42,1723.44
2050-01-10 19:00:00,2050-01-11 00:00:00,2050-01-10,6074.06,nan,2242.28,2314.94,1929.93
2050-01-10 20:00:00,2050-01-11 01:00:00,2050-01-10,6440.37,nan,2380.65,2456.64,2048.79
2050-01-10 21:00:00,2050-01-11 02:00:00,2050-01-10,6586.95,nan,2435.62,2513.83,2095.96
2050-01-10 22:00:00,2050-01-11 03:00:00,2050-01-10,6756.99,nan,2503.19,2584.21,2150.92
2050-01-10 23:00:00,2050-01-11 04:00:00,2050-01-10,6920.8,nan,2569.01,2652.04,2204.07
2050-01-11 00:00:00,2050-01-11 05:00:00,2050-01-11,7069.07,nan,2627.79,2712.71,2252.53
2050-01-11 01:00:00,2050-01-11 06:00:00,2050-01-11,7208.09,nan,2682.55,2769.18,2297.57
2050-01-11 02:00:00,2050-01-11 07:00:00,2050-01-11,7352.58,nan,2740.28,2828.84,2344.8
2050-01-11 03:00:00,2050-01-11 08:00:00,2050-01-11,7489.94,nan,2794.88,2885.11,2389.32
2050-01-11 04:00:00,2050-01-11 09:00:00,2050-01-11,7622.87,nan,2846.56,2938.23,2432.26
2050-01-11 05:00:00,2050-01-11 10:00:00,2050-01-11,7737.38,nan,2890.38,2983.45,2469.49
2050-01-11 06:00:00,2050-01-11 11:00:00,2050-01-11,7820.03,nan,2922.5,3016.78,2496.38
2050-01-11 07:00:00,2050-01-11 12:00:00,2050-01-11,7873.79,nan,2945.44,3040.27,2514.01
2050-01-11 08:00:00,2050-01-11 13:00:00,2050-01-11,7535.82,nan,2821.54,2912.99,2407.36
2050-01-11 09:00:00,2050-01-11 14:00:00,2050-01-11,6477.29,nan,2422.18,2502.18,2068.26
2050-01-11 10:00:00,2050-01-11 15:00:00,2050-01-11,5707.32,nan,2132.91,2203.64,1823.09
2050-01-11 11:00:00,2050-01-11 16:00:00,2050-01-11,5009.21,nan,1870.86,1933.16,1599.8
2050-01-11 12:00:00,2050-01-11 17:00:00,2050-01-11,4447.53,nan,1659.15,1714.93,1418.6
2050-01-11 13:00:00,2050-01-11 18:00:00,2050-01-11,3812.6,nan,1419.92,1468.36,1214.72
2050-01-11 14:00:00,2050-01-11 19:00:00,2050-01-11,3386.92,nan,1262.55,1306.38,1079.76
2050-01-11 15:00:00,2050-01-11 20:00:00,2050-01-11,3248.82,nan,1211.29,1252.81,1035.7
2050-01-11 16:00:00,2050-01-11 21:00:00,2050-01-11,3253.19,nan,1205.52,1245.77,1036.42
2050-01-11 17:00:00,2050-01-11 22:00:00,2050-01-11,3812.08,nan,1411.87,1459.61,1210.38
2050-01-11 18:00:00,2050-01-11 23:00:00,2050-01-11,4236.45,nan,1566.79,1619.88,1342.5
2050-01-11 19:00:00,2050-01-12 00:00:00,2050-01-11,4897.82,nan,1816.04,1875.47,1559.08
2050-01-11 20:00:00,2050-01-12 01:00:00,2050-01-11,5325.56,nan,1977.31,2040.86,1698.42
2050-01-11 21:00:00,2050-01-12 02:00:00,2050-01-11,5570.73,nan,2068.72,2135.36,1774.96
2050-01-11 22:00:00,2050-01-12 03:00:00,2050-01-11,5781.03,nan,2148.48,2217.86,1841.72
2050-01-11 23:00:00,2050-01-12 04:00:00,2050-01-11,5934.74,nan,2205.9,2277.16,1890.08
2050-01-12 00:00:00,2050-01-12 05:00:00,2050-01-12,6050.67,nan,2248.98,2321.78,1926.67
2050-01-12 01:00:00,2050-01-12 06:00:00,2050-01-12,6181.44,nan,2298.46,2373.09,1967.73
2050-01-12 02:00:00,2050-01-12 07:00:00,2050-01-12,6319.56,nan,2350.83,2427.3,2012.1
2050-01-12 03:00:00,2050-01-12 08:00:00,2050-01-12,6464.16,nan,2405.39,2483.47,2058.22
2050-01-12 04:00:00,2050-01-12 09:00:00,2050-01-12,6564.89,nan,2443.93,2523.52,2091.67
2050-01-12 05:00:00,2050-01-12 10:00:00,2050-01-12,6678.12,nan,2489.4,2570.62,2128.77
2050-01-12 06:00:00,2050-01-12 11:00:00,2050-01-12,6765.83,nan,2525.55,2606.99,2155.38
2050-01-12 07:00:00,2050-01-12 12:00:00,2050-01-12,6823.13,nan,2549.04,2631.87,2174.81
2050-01-12 08:00:00,2050-01-12 13:00:00,2050-01-12,6561.71,nan,2452.83,2532.73,2090.18
2050-01-12 09:00:00,2050-01-12 14:00:00,2050-01-12,5862.22,nan,2186.87,2258.48,1865.71
2050-01-12 10:00:00,2050-01-12 15:00:00,2050-01-12,5414.05,nan,2022.58,2087.22,1725.48
2050-01-12 11:00:00,2050-01-12 16:00:00,2050-01-12,4904.84,nan,1829.12,1888.38,1562.36
2050-01-12 12:00:00,2050-01-12 17:00:00,2050-01-12,4630.31,nan,1723.93,1780.43,1472.26
2050-01-12 13:00:00,2050-01-12 18:00:00,2050-01-12,4147.86,nan,1541.94,1592.32,1317.29
2050-01-12 14:00:00,2050-01-12 19:00:00,2050-01-12,3726.63,nan,1379.4,1425.04,1182.14
2050-01-12 15:00:00,2050-01-12 20:00:00,2050-01-12,3405.17,nan,1253.66,1295.26,1079.49
2050-01-12 16:00:00,2050-01-12 21:00:00,2050-01-12,3503.81,nan,1286.23,1329.59,1110.42
2050-01-12 17:00:00,2050-01-12 22:00:00,2050-01-12,4237.59,nan,1555.85,1608.79,1337.27
2050-01-12 18:00:00,2050-01-12 23:00:00,2050-01-12,4920.03,nan,1807.66,1868.72,1551.31
2050-01-12 19:00:00,2050-01-13 00:00:00,2050-01-12,5859.07,nan,2159.8,2230.37,1857.07
2050-01-12 20:00:00,2050-01-13 01:00:00,2050-01-12,6567.37,nan,2425.6,2503.86,2085.52
2050-01-12 21:00:00,2050-01-13 02:00:00,2050-01-12,7130.48,nan,2637.39,2722.39,2265.21
2050-01-12 22:00:00,2050-01-13 03:00:00,2050-01-12,7609.3,nan,2817.57,2908.0,2418.96
2050-01-12 23:00:00,2050-01-13 04:00:00,2050-01-12,8038.78,nan,2979.96,3076.03,2557.9
2050-01-13 00:00:00,2050-01-13 05:00:00,2050-01-13,8399.28,nan,3115.56,3215.47,2673.73
2050-01-13 01:00:00,2050-01-13 06:00:00,2050-01-13,8685.8,nan,3223.94,3327.24,2766.68
2050-01-13 02:00:00,2050-01-13 07:00:00,2050-01-13,8897.2,nan,3304.21,3409.71,2836.09
2050-01-13 03:00:00,2050-01-13 08:00:00,2050-01-13,9015.49,nan,3347.58,3454.41,2874.85
2050-01-13 04:00:00,2050-01-13 09:00:00,2050-01-13,9060.42,nan,3363.48,3470.66,2889.64
2050-01-13 05:00:00,2050-01-13 10:00:00,2050-01-13,9049.59,nan,3358.12,3465.09,2885.64
2050-01-13 06:00:00,2050-01-13 11:00:00,2050-01-13,9014.81,nan,3343.77,3450.09,2873.53
2050-01-13 07:00:00,2050-01-13 12:00:00,2050-01-13,9016.18,nan,3345.0,3451.49,2873.46
2050-01-13 08:00:00,2050-01-13 13:00:00,2050-01-13,8610.87,nan,3195.74,3297.9,2744.79
2050-01-13 09:00:00,2050-01-13 14:00:00,2050-01-13,7500.26,nan,2778.82,2868.59,2388.91
2050-01-13 10:00:00,2050-01-13 15:00:00,2050-01-13,6676.04,nan,2469.73,2549.52,2126.25
2050-01-13 11:00:00,2050-01-13 16:00:00,2050-01-13,5947.33,nan,2196.79,2268.23,1893.07
2050-01-13 12:00:00,2050-01-13 17:00:00,2050-01-13,5356.66,nan,1975.7,2040.46,1703.1
2050-01-13 13:00:00,2050-01-13 18:00:00,2050-01-13,4732.29,nan,1743.13,1800.88,1503.14
2050-01-13 14:00:00,2050-01-13 19:00:00,2050-01-13,4096.39,nan,1505.31,1555.9,1301.16
2050-01-13 15:00:00,2050-01-13 20:00:00,2050-01-13,3660.77,nan,1339.69,1384.98,1161.94
2050-01-13 16:00:00,2050-01-13 21:00:00,2050-01-13,3658.95,nan,1337.68,1383.15,1161.24
2050-01-13 17:00:00,2050-01-13 22:00:00,2050-01-13,3994.91,nan,1463.27,1513.6,1264.56
2050-01-13 18:00:00,2050-01-13 23:00:00,2050-01-13,4262.8,nan,1562.64,1616.68,1347.69
2050-01-13 19:00:00,2050-01-14 00:00:00,2050-01-13,4799.53,nan,1765.16,1824.52,1525.2
2050-01-13 20:00:00,2050-01-14 01:00:00,2050-01-13,5188.59,nan,1914.5,1977.67,1652.4
2050-01-13 21:00:00,2050-01-14 02:00:00,2050-01-13,5416.96,nan,2003.94,2069.71,1725.95
2050-01-13 22:00:00,2050-01-14 03:00:00,2050-01-13,5603.3,nan,2075.8,2143.32,1785.78
2050-01-13 23:00:00,2050-01-14 04:00:00,2050-01-13,5776.16,nan,2141.06,2210.75,1841.28
2050-01-14 00:00:00,2050-01-14 05:00:00,2050-01-14,5955.49,nan,2210.18,2281.8,1898.81
2050-01-14 01:00:00,2050-01-14 06:00:00,2050-01-14,6113.22,nan,2270.97,2344.26,1949.58
2050-01-14 02:00:00,2050-01-14 07:00:00,2050-01-14,6236.86,nan,2319.11,2393.84,1989.22
2050-01-14 03:00:00,2050-01-14 08:00:00,2050-01-14,6335.48,nan,2357.47,2433.37,2021.88
2050-01-14 04:00:00,2050-01-14 09:00:00,2050-01-14,6403.58,nan,2386.61,2463.26,2043.76
2050-01-14 05:00:00,2050-01-14 10:00:00,2050-01-14,6442.3,nan,2403.61,2480.83,2056.33
2050-01-14 06:00:00,2050-01-14 11:00:00,2050-01-14,6441.26,nan,2406.1,2483.53,2056.61
2050-01-14 07:00:00,2050-01-14 12:00:00,2050-01-14,6409.17,nan,2397.08,2474.28,2045.49
2050-01-14 08:00:00,2050-01-14 13:00:00,2050-01-14,6006.01,nan,2247.67,2320.89,1915.47
2050-01-14 09:00:00,2050-01-14 14:00:00,2050-01-14,4989.89,nan,1860.51,1922.27,1586.7
2050-01-14 10:00:00,2050-01-14 15:00:00,2050-01-14,4245.98,nan,1575.1,1628.24,1348.86
2050-01-14 11:00:00,2050-01-14 16:00:00,2050-01-14,3423.36,nan,1263.54,1306.98,1088.74
2050-01-14 12:00:00,2050-01-14 17:00:00,2050-01-14,2599.37,nan,953.62,987.13,826.48
2050-01-14 13:00:00,2050-01-14 18:00:00,2050-01-14,1811.23,nan,659.71,683.52,574.22
2050-01-14 14:00:00,2050-01-14 19:00:00,2050-01-14,1084.34,nan,387.07,402.18,341.77
2050-01-14 15:00:00,2050-01-14 20:00:00,2050-01-14,640.44,nan,222.2,231.15,201.64
2050-01-14 16:00:00,2050-01-14 21:00:00,2050-01-14,576.76,nan,197.9,205.75,183.08
2050-01-14 17:00:00,2050-01-14 22:00:00,2050-01-14,1104.96,nan,392.56,408.01,344.78
2050-01-14 18:00:00,2050-01-14 23:00:00,2050-01-14,1619.56,nan,583.92,606.14,504.27
2050-01-14 19:00:00,2050-01-15 00:00:00,2050-01-14,2388.98,nan,871.69,902.92,752.38
2050-01-14 20:00:00,2050-01-15 01:00:00,2050-01-14,2958.64,nan,1084.32,1121.94,935.75
2050-01-14 21:00:00,2050-01-15 02:00:00,2050-01-14,3317.14,nan,1217.56,1259.51,1049.5
2050-01-14 22:00:00,2050-01-15 03:00:00,2050-01-14,3622.67,nan,1331.05,1376.66,1147.34
2050-01-14 23:00:00,2050-01-15 04:00:00,2050-01-14,3877.94,nan,1426.29,1474.88,1229.2
2050-01-15 00:00:00,2050-01-15 05:00:00,2050-01-15,4094.26,nan,1507.81,1559.0,1299.4
2050-01-15 01:00:00,2050-01-15 06:00:00,2050-01-15,4300.45,nan,1586.29,1639.93,1366.05
2050-01-15 02:00:00,2050-01-15 07:00:00,2050-01-15,4505.79,nan,1663.64,1719.63,1431.15
2050-01-15 03:00:00,2050-01-15 08:00:00,2050-01-15,4675.35,nan,1727.76,1785.74,1485.61
2050-01-15 04:00:00,2050-01-15 09:00:00,2050-01-15,4841.18,nan,1789.92,1849.75,1538.89
2050-01-15 05:00:00,2050-01-15 10:00:00,2050-01-15,4981.69,nan,1842.84,1904.41,1583.95
2050-01-15 06:00:00,2050-01-15 11:00:00,2050-01-15,5094.4,nan,1885.27,1948.15,1620.38
2050-01-15 07:00:00,2050-01-15 12:00:00,2050-01-15,5189.15,nan,1921.63,1985.74,1651.47
2050-01-15 08:00:00,2050-01-15 13:00:00,2050-01-15,4910.01,nan,1819.19,1880.6,1563.61
2050-01-15 09:00:00,2050-01-15 14:00:00,2050-01-15,3845.83,nan,1422.05,1471.09,1223.94
2050-01-15 10:00:00,2050-01-15 15:00:00,2050-01-15,2970.68,nan,1096.07,1134.16,946.69
2050-01-15 11:00:00,2050-01-15 16:00:00,2050-01-15,2153.83,nan,790.88,819.03,686.28
2050-01-15 12:00:00,2050-01-15 17:00:00,2050-01-15,1528.54,nan,556.24,576.94,484.88
2050-01-15 13:00:00,2050-01-15 18:00:00,2050-01-15,987.06,nan,354.48,368.81,311.93
2050-01-15 14:00:00,2050-01-15 19:00:00,2050-01-15,651.55,nan,232.25,242.31,206.25
2050-01-15 15:00:00,2050-01-15 20:00:00,2050-01-15,519.97,nan,185.38,193.4,164.54
2050-01-15 16:00:00,2050-01-15 21:00:00,2050-01-15,650.23,nan,230.74,240.22,205.62
2050-01-15 17:00:00,2050-01-15 22:00:00,2050-01-15,1223.84,nan,445.14,462.48,381.95
2050-01-15 18:00:00,2050-01-15 23:00:00,2050-01-15,1764.2,nan,647.63,672.58,550.82
2050-01-15 19:00:00,2050-01-16 00:00:00,2050-01-15,2505.88,nan,928.25,962.02,791.12
2050-01-15 20:00:00,2050-01-16 01:00:00,2050-01-15,3028.36,nan,1122.98,1162.75,960.58
2050-01-15 21:00:00,2050-01-16 02:00:00,2050-01-15,3431.27,nan,1276.69,1321.93,1089.0
2050-01-15 22:00:00,2050-01-16 03:00:00,2050-01-15,3742.27,nan,1395.53,1443.88,1188.04
2050-01-15 23:00:00,2050-01-16 04:00:00,2050-01-15,3932.28,nan,1465.32,1515.63,1248.27
2050-01-16 00:00:00,2050-01-16 05:00:00,2050-01-16,4095.55,nan,1526.46,1578.98,1299.78
2050-01-16 01:00:00,2050-01-16 06:00:00,2050-01-16,4304.44,nan,1604.36,1659.84,1367.22
2050-01-16 02:00:00,2050-01-16 07:00:00,2050-01-16,4514.89,nan,1684.74,1742.64,1434.14
2050-01-16 03:00:00,2050-01-16 08:00:00,2050-01-16,4725.88,nan,1765.42,1825.69,1502.61
2050-01-16 04:00:00,2050-01-16 09:00:00,2050-01-16,4901.55,nan,1833.2,1895.05,1559.34
2050-01-16 05:00:00,2050-01-16 10:00:00,2050-01-16,5032.99,nan,1883.62,1946.58,1602.4
2050-01-16 06:00:00,2050-01-16 11:00:00,2050-01-16,5143.16,nan,1925.5,1989.89,1638.09
2050-01-16 07:00:00,2050-01-16 12:00:00,2050-01-16,5237.41,nan,1961.76,2026.76,1668.96
2050-01-16 08:00:00,2050-01-16 13:00:00,2050-01-16,4933.32,nan,1848.47,1910.43,1572.83
2050-01-16 09:00:00,2050-01-16 14:00:00,2050-01-16,3935.38,nan,1466.57,1517.96,1250.71
2050-01-16 10:00:00,2050-01-16 15:00:00,2050-01-16,3204.68,nan,1186.87,1229.58,1017.93
2050-01-16 11:00:00,2050-01-16 16:00:00,2050-01-16,2481.99,nan,912.39,946.24,787.33
2050-01-16 12:00:00,2050-01-16 17:00:00,2050-01-16,1877.45,nan,684.5,711.05,592.79
2050-01-16 13:00:00,2050-01-16 18:00:00,2050-01-16,1237.02,nan,445.07,463.37,388.35
2050-01-16 14:00:00,2050-01-16 19:00:00,2050-01-16,673.89,nan,236.52,246.96,212.29
2050-01-16 15:00:00,2050-01-16 20:00:00,2050-01-16,335.82,nan,111.97,117.03,107.62
2050-01-16 16:00:00,2050-01-16 21:00:00,2050-01-16,294.01,nan,97.28,101.19,95.83
2050-01-16 17:00:00,2050-01-16 22:00:00,2050-01-16,782.77,nan,272.72,283.45,243.35
2050-01-16 18:00:00,2050-01-16 23:00:00,2050-01-16,1307.32,nan,465.93,483.93,405.87
2050-01-16 19:00:00,2050-01-17 00:00:00,2050-01-16,2139.86,nan,778.79,807.36,672.47
2050-01-16 20:00:00,2050-01-17 01:00:00,2050-01-16,2769.93,nan,1015.81,1051.56,875.65
2050-01-16 21:00:00,2050-01-17 02:00:00,2050-01-16,3199.7,nan,1179.35,1220.28,1013.03
2050-01-16 22:00:00,2050-01-17 03:00:00,2050-01-16,3554.61,nan,1314.42,1359.57,1126.59
2050-01-16 23:00:00,2050-01-17 04:00:00,2050-01-16,3835.83,nan,1423.15,1471.06,1216.95
2050-01-17 00:00:00,2050-01-17 05:00:00,2050-01-17,4077.27,nan,1515.63,1566.7,1294.6
2050-01-17 01:00:00,2050-01-17 06:00:00,2050-01-17,4301.45,nan,1601.32,1654.94,1366.36
2050-01-17 02:00:00,2050-01-17 07:00:00,2050-01-17,4476.25,nan,1667.9,1723.3,1422.9
2050-01-17 03:00:00,2050-01-17 08:00:00,2050-01-17,4603.14,nan,1715.04,1772.08,1463.35
2050-01-17 04:00:00,2050-01-17 09:00:00,2050-01-17,4741.03,nan,1767.44,1826.35,1507.99
2050-01-17 05:00:00,2050-01-17 10:00:00,2050-01-17,4822.44,nan,1798.33,1858.02,1533.72
2050-01-17 06:00:00,2050-01-17 11:00:00,2050-01-17,4873.77,nan,1817.74,1878.01,1550.47
2050-01-17 07:00:00,2050-01-17 12:00:00,2050-01-17,4903.38,nan,1828.28,1889.28,1559.94
2050-01-17 08:00:00,2050-01-17 13:00:00,2050-01-17,4546.48,nan,1696.65,1753.99,1446.08
2050-01-17 09:00:00,2050-01-17 14:00:00,2050-01-17,3759.9,nan,1402.88,1452.04,1192.5
2050-01-17 10:00:00,2050-01-17 15:00:00,2050-01-17,3125.91,nan,1160.42,1201.93,989.75
2050-01-17 11:00:00,2050-01-17 16:00:00,2050-01-17,2627.54,nan,968.99,1003.52,828.8
2050-01-17 12:00:00,2050-01-17 17:00:00,2050-01-17,2275.97,nan,839.42,869.62,714.66
2050-01-17 13:00:00,2050-01-17 18:00:00,2050-01-17,2011.8,nan,741.53,768.3,628.34
2050-01-17 14:00:00,2050-01-17 19:00:00,2050-01-17,1830.32,nan,675.54,700.42,571.25
2050-01-17 15:00:00,2050-01-17 20:00:00,2050-01-17,1734.73,nan,643.2,667.09,541.03
2050-01-17 16:00:00,2050-01-17 21:00:00,2050-01-17,1689.08,nan,627.46,650.63,528.83
2050-01-17 17:00:00,2050-01-17 22:00:00,2050-01-17,1674.99,nan,621.32,644.27,525.16
2050-01-17 18:00:00,2050-01-17 23:00:00,2050-01-17,1587.84,nan,585.52,607.62,496.73
2050-01-17 19:00:00,2050-01-18 00:00:00,2050-01-17,1806.03,nan,668.06,692.46,572.09
2050-01-17 20:00:00,2050-01-18 01:00:00,2050-01-17,1865.62,nan,688.61,713.59,593.24
2050-01-17 21:00:00,2050-01-18 02:00:00,2050-01-17,1834.48,nan,675.99,700.68,582.14
2050-01-17 22:00:00,2050-01-18 03:00:00,2050-01-17,1870.75,nan,689.87,715.09,594.5
2050-01-17 23:00:00,2050-01-18 04:00:00,2050-01-17,1885.49,nan,693.67,719.16,598.35
2050-01-18 00:00:00,2050-01-18 05:00:00,2050-01-18,2024.87,nan,748.59,775.67,643.34
2050-01-18 01:00:00,2050-01-18 06:00:00,2050-01-18,2139.23,nan,793.8,822.04,679.54
2050-01-18 02:00:00,2050-01-18 07:00:00,2050-01-18,2239.5,nan,829.9,859.85,710.97
2050-01-18 03:00:00,2050-01-18 08:00:00,2050-01-18,2392.66,nan,885.24,917.85,759.2
2050-01-18 04:00:00,2050-01-18 09:00:00,2050-01-18,2656.5,nan,985.78,1022.04,842.64
2050-01-18 05:00:00,2050-01-18 10:00:00,2050-01-18,2919.72,nan,1085.44,1125.01,925.98
2050-01-18 06:00:00,2050-01-18 11:00:00,2050-01-18,3151.66,nan,1173.83,1216.01,1000.06
2050-01-18 07:00:00,2050-01-18 12:00:00,2050-01-18,3320.17,nan,1236.05,1279.55,1052.74
2050-01-18 08:00:00,2050-01-18 13:00:00,2050-01-18,3335.68,nan,1240.17,1284.76,1055.73
2050-01-18 09:00:00,2050-01-18 14:00:00,2050-01-18,2847.25,nan,1052.83,1090.35,896.23
2050-01-18 10:00:00,2050-01-18 15:00:00,2050-01-18,2540.87,nan,931.48,962.97,799.59
2050-01-18 11:00:00,2050-01-18 16:00:00,2050-01-18,2107.37,nan,761.73,785.89,659.23
2050-01-18 12:00:00,2050-01-18 17:00:00,2050-01-18,1677.69,nan,593.05,612.11,520.84
2050-01-18 13:00:00,2050-01-18 18:00:00,2050-01-18,1277.27,nan,443.06,456.72,393.61
2050-01-18 14:00:00,2050-01-18 19:00:00,2050-01-18,853.62,nan,283.3,291.74,260.43
2050-01-18 15:00:00,2050-01-18 20:00:00,2050-01-18,570.23,nan,179.89,184.89,172.38
2050-01-18 16:00:00,2050-01-18 21:00:00,2050-01-18,551.67,nan,172.83,177.39,167.86
2050-01-18 17:00:00,2050-01-18 22:00:00,2050-01-18,1006.2,nan,339.51,349.94,308.0
2050-01-18 18:00:00,2050-01-18 23:00:00,2050-01-18,1452.35,nan,508.58,525.65,447.5
2050-01-18 19:00:00,2050-01-19 00:00:00,2050-01-18,2110.12,nan,757.26,783.08,659.25
2050-01-18 20:00:00,2050-01-19 01:00:00,2050-01-18,2552.64,nan,925.15,955.84,804.18
2050-01-18 21:00:00,2050-01-19 02:00:00,2050-01-18,2842.87,nan,1038.1,1072.62,896.71
2050-01-18 22:00:00,2050-01-19 03:00:00,2050-01-18,3035.98,nan,1112.46,1149.89,957.1
2050-01-18 23:00:00,2050-01-19 04:00:00,2050-01-18,3184.39,nan,1171.84,1210.63,1004.96
2050-01-19 00:00:00,2050-01-19 05:00:00,2050-01-19,3275.47,nan,1206.34,1246.41,1034.91
2050-01-19 01:00:00,2050-01-19 06:00:00,2050-01-19,3339.16,nan,1228.77,1269.71,1054.7
2050-01-19 02:00:00,2050-01-19 07:00:00,2050-01-19,3418.39,nan,1259.23,1300.93,1078.99
2050-01-19 03:00:00,2050-01-19 08:00:00,2050-01-19,3485.28,nan,1282.35,1325.3,1100.22
2050-01-19 04:00:00,2050-01-19 09:00:00,2050-01-19,3512.88,nan,1291.31,1334.52,1108.46
2050-01-19 05:00:00,2050-01-19 10:00:00,2050-01-19,3534.55,nan,1299.55,1343.49,1115.09
2050-01-19 06:00:00,2050-01-19 11:00:00,2050-01-19,3549.99,nan,1307.35,1351.72,1120.51
2050-01-19 07:00:00,2050-01-19 12:00:00,2050-01-19,3519.04,nan,1296.9,1341.22,1111.48
2050-01-19 08:00:00,2050-01-19 13:00:00,2050-01-19,3229.21,nan,1189.61,1230.85,1017.78
2050-01-19 09:00:00,2050-01-19 14:00:00,2050-01-19,2623.74,nan,960.67,994.41,820.91
2050-01-19 10:00:00,2050-01-19 15:00:00,2050-01-19,2237.65,nan,812.22,841.16,697.72
2050-01-19 11:00:00,2050-01-19 16:00:00,2050-01-19,1845.56,nan,664.3,689.03,573.27
2050-01-19 12:00:00,2050-01-19 17:00:00,2050-01-19,1558.84,nan,561.77,583.18,483.31
2050-01-19 13:00:00,2050-01-19 18:00:00,2050-01-19,1272.71,nan,460.99,478.75,393.45
2050-01-19 14:00:00,2050-01-19 19:00:00,2050-01-19,795.14,nan,282.65,293.31,245.26
2050-01-19 15:00:00,2050-01-19 20:00:00,2050-01-19,365.46,nan,123.61,128.2,113.3
2050-01-19 16:00:00,2050-01-19 21:00:00,2050-01-19,243.15,nan,79.55,82.12,77.14
2050-01-19 17:00:00,2050-01-19 22:00:00,2050-01-19,693.15,nan,242.82,251.71,213.6
2050-01-19 18:00:00,2050-01-19 23:00:00,2050-01-19,1154.85,nan,415.21,430.43,356.34
2050-01-19 19:00:00,2050-01-20 00:00:00,2050-01-19,1872.39,nan,683.74,708.88,585.89
2050-01-19 20:00:00,2050-01-20 01:00:00,2050-01-19,2505.27,nan,924.34,956.91,790.88
2050-01-19 21:00:00,2050-01-20 02:00:00,2050-01-19,2957.14,nan,1094.03,1132.36,934.76
2050-01-19 22:00:00,2050-01-20 03:00:00,2050-01-19,3358.64,nan,1244.36,1287.42,1062.43
2050-01-19 23:00:00,2050-01-20 04:00:00,2050-01-19,3730.47,nan,1384.47,1431.88,1181.17
2050-01-20 00:00:00,2050-01-20 05:00:00,2050-01-20,4045.19,nan,1503.54,1554.75,1281.78
2050-01-20 01:00:00,2050-01-20 06:00:00,2050-01-20,4321.29,nan,1608.53,1663.03,1370.75
2050-01-20 02:00:00,2050-01-20 07:00:00,2050-01-20,4595.89,nan,1713.57,1771.1,1459.28
2050-01-20 03:00:00,2050-01-20 08:00:00,2050-01-20,4858.38,nan,1812.69,1873.11,1544.42
2050-01-20 04:00:00,2050-01-20 09:00:00,2050-01-20,5068.23,nan,1891.82,1954.6,1612.18
2050-01-20 05:00:00,2050-01-20 10:00:00,2050-01-20,5256.06,nan,1962.57,2027.28,1673.02
2050-01-20 06:00:00,2050-01-20 11:00:00,2050-01-20,5428.75,nan,2027.79,2094.32,1728.94
2050-01-20 07:00:00,2050-01-20 12:00:00,2050-01-20,5587.55,nan,2087.47,2155.74,1780.55
2050-01-20 08:00:00,2050-01-20 13:00:00,2050-01-20,5279.21,nan,1972.74,2037.6,1683.28
2050-01-20 09:00:00,2050-01-20 14:00:00,2050-01-20,4290.24,nan,1598.17,1652.17,1364.77
2050-01-20 10:00:00,2050-01-20 15:00:00,2050-01-20,3540.5,nan,1315.0,1360.02,1126.59
2050-01-20 11:00:00,2050-01-20 16:00:00,2050-01-20,2800.42,nan,1035.51,1071.14,890.7
2050-01-20 12:00:00,2050-01-20 17:00:00,2050-01-20,2200.29,nan,809.82,838.25,697.8
2050-01-20 13:00:00,2050-01-20 18:00:00,2050-01-20,1625.86,nan,594.96,616.19,514.95
2050-01-20 14:00:00,2050-01-20 19:00:00,2050-01-20,1131.79,nan,410.73,426.11,358.61
2050-01-20 15:00:00,2050-01-20 20:00:00,2050-01-20,860.09,nan,309.59,322.18,275.67
2050-01-20 16:00:00,2050-01-20 21:00:00,2050-01-20,903.86,nan,325.39,338.93,289.47
2050-01-20 17:00:00,2050-01-20 22:00:00,2050-01-20,1414.36,nan,508.91,529.37,444.22
2050-01-20 18:00:00,2050-01-20 23:00:00,2050-01-20,1881.45,nan,678.86,706.01,586.52
2050-01-20 19:00:00,2050-01-21 00:00:00,2050-01-20,2700.65,nan,983.43,1020.15,850.68
2050-01-20 20:00:00,2050-01-21 01:00:00,2050-01-20,3389.69,nan,1243.1,1287.21,1071.01
2050-01-20 21:00:00,2050-01-21 02:00:00,2050-01-20,3809.59,nan,1401.0,1450.05,1204.57
2050-01-20 22:00:00,2050-01-21 03:00:00,2050-01-20,4194.34,nan,1546.9,1600.11,1327.96
2050-01-20 23:00:00,2050-01-21 04:00:00,2050-01-20,4546.03,nan,1680.66,1737.97,1441.19
2050-01-21 00:00:00,2050-01-21 05:00:00,2050-01-21,4808.21,nan,1779.34,1840.21,1525.91
2050-01-21 01:00:00,2050-01-21 06:00:00,2050-01-21,5044.52,nan,1869.11,1933.15,1602.08
2050-01-21 02:00:00,2050-01-21 07:00:00,2050-01-21,5243.9,nan,1944.13,2010.4,1665.41
2050-01-21 03:00:00,2050-01-21 08:00:00,2050-01-21,5416.45,nan,2009.33,2078.03,1720.7
2050-01-21 04:00:00,2050-01-21 09:00:00,2050-01-21,5587.82,nan,2074.63,2144.42,1774.9
2050-01-21 05:00:00,2050-01-21 10:00:00,2050-01-21,5705.48,nan,2116.94,2188.03,1811.4
2050-01-21 06:00:00,2050-01-21 11:00:00,2050-01-21,5786.06,nan,2147.44,2219.46,1837.44
2050-01-21 07:00:00,2050-01-21 12:00:00,2050-01-21,5844.85,nan,2168.99,2241.38,1856.27
2050-01-21 08:00:00,2050-01-21 13:00:00,2050-01-21,5523.41,nan,2050.15,2119.6,1754.42
2050-01-21 09:00:00,2050-01-21 14:00:00,2050-01-21,4581.76,nan,1701.97,1760.7,1453.62
2050-01-21 10:00:00,2050-01-21 15:00:00,2050-01-21,3810.01,nan,1414.19,1463.1,1209.9
2050-01-21 11:00:00,2050-01-21 16:00:00,2050-01-21,3069.61,nan,1136.23,1176.05,974.6
2050-01-21 12:00:00,2050-01-21 17:00:00,2050-01-21,2476.41,nan,912.9,945.49,784.59
2050-01-21 13:00:00,2050-01-21 18:00:00,2050-01-21,1861.09,nan,682.51,707.42,587.6
2050-01-21 14:00:00,2050-01-21 19:00:00,2050-01-21,1254.51,nan,456.04,472.88,395.06
2050-01-21 15:00:00,2050-01-21 20:00:00,2050-01-21,826.13,nan,297.14,307.91,261.44
2050-01-21 16:00:00,2050-01-21 21:00:00,2050-01-21,738.66,nan,265.18,274.19,236.11
2050-01-21 17:00:00,2050-01-21 22:00:00,2050-01-21,1276.29,nan,462.22,478.82,399.67
2050-01-21 18:00:00,2050-01-21 23:00:00,2050-01-21,1784.74,nan,649.44,673.0,557.21
2050-01-21 19:00:00,2050-01-22 00:00:00,2050-01-21,2535.84,nan,927.73,960.14,798.78
2050-01-21 20:00:00,2050-01-22 01:00:00,2050-01-21,3088.47,nan,1133.97,1172.58,975.26
2050-01-21 21:00:00,2050-01-22 02:00:00,2050-01-21,3484.15,nan,1282.53,1326.16,1100.91
2050-01-21 22:00:00,2050-01-22 03:00:00,2050-01-21,3820.24,nan,1408.87,1456.38,1208.04
2050-01-21 23:00:00,2050-01-22 04:00:00,2050-01-21,4082.68,nan,1507.76,1558.35,1291.73
2050-01-22 00:00:00,2050-01-22 05:00:00,2050-01-22,4309.37,nan,1593.69,1646.83,1365.04
2050-01-22 01:00:00,2050-01-22 06:00:00,2050-01-22,4439.59,nan,1642.41,1696.98,1407.63
2050-01-22 02:00:00,2050-01-22 07:00:00,2050-01-22,4544.65,nan,1682.01,1737.86,1441.21
2050-01-22 03:00:00,2050-01-22 08:00:00,2050-01-22,4610.11,nan,1706.59,1763.11,1462.4
2050-01-22 04:00:00,2050-01-22 09:00:00,2050-01-22,4657.27,nan,1723.87,1780.97,1477.72
2050-01-22 05:00:00,2050-01-22 10:00:00,2050-01-22,4745.67,nan,1757.56,1815.46,1505.08
2050-01-22 06:00:00,2050-01-22 11:00:00,2050-01-22,4821.38,nan,1785.93,1844.68,1530.01
2050-01-22 07:00:00,2050-01-22 12:00:00,2050-01-22,4878.96,nan,1807.71,1867.26,1548.92
2050-01-22 08:00:00,2050-01-22 13:00:00,2050-01-22,4539.52,nan,1682.62,1738.93,1441.79
2050-01-22 09:00:00,2050-01-22 14:00:00,2050-01-22,3688.5,nan,1366.12,1413.43,1168.55
2050-01-22 10:00:00,2050-01-22 15:00:00,2050-01-22,3146.21,nan,1164.06,1204.74,996.73
2050-01-22 11:00:00,2050-01-22 16:00:00,2050-01-22,2618.33,nan,966.87,1000.79,828.85
2050-01-22 12:00:00,2050-01-22 17:00:00,2050-01-22,2209.9,nan,813.92,842.98,697.05
2050-01-22 13:00:00,2050-01-22 18:00:00,2050-01-22,1733.1,nan,635.05,657.98,544.34
2050-01-22 14:00:00,2050-01-22 19:00:00,2050-01-22,1253.35,nan,456.22,472.8,392.76
2050-01-22 15:00:00,2050-01-22 20:00:00,2050-01-22,921.95,nan,332.8,344.6,290.25
2050-01-22 16:00:00,2050-01-22 21:00:00,2050-01-22,965.55,nan,348.18,360.79,305.26
2050-01-22 17:00:00,2050-01-22 22:00:00,2050-01-22,1532.54,nan,558.15,579.29,479.08
2050-01-22 18:00:00,2050-01-22 23:00:00,2050-01-22,1971.27,nan,717.86,744.66,615.06
2050-01-22 19:00:00,2050-01-23 00:00:00,2050-01-22,2688.35,nan,985.68,1020.9,846.18
2050-01-22 20:00:00,2050-01-23 01:00:00,2050-01-22,3227.65,nan,1187.18,1228.51,1019.37
2050-01-22 21:00:00,2050-01-23 02:00:00,2050-01-22,3626.62,nan,1335.24,1381.47,1145.84
2050-01-22 22:00:00,2050-01-23 03:00:00,2050-01-22,3976.22,nan,1464.89,1515.51,1255.7
2050-01-22 23:00:00,2050-01-23 04:00:00,2050-01-22,4270.01,nan,1573.52,1627.56,1349.78
2050-01-23 00:00:00,2050-01-23 05:00:00,2050-01-23,4573.74,nan,1685.93,1743.67,1446.62
2050-01-23 01:00:00,2050-01-23 06:00:00,2050-01-23,4878.31,nan,1799.54,1861.16,1543.55
2050-01-23 02:00:00,2050-01-23 07:00:00,2050-01-23,5164.91,nan,1905.89,1971.23,1635.28
2050-01-23 03:00:00,2050-01-23 08:00:00,2050-01-23,5431.76,nan,2004.96,2073.32,1720.32
2050-01-23 04:00:00,2050-01-23 09:00:00,2050-01-23,5719.1,nan,2112.8,2184.62,1812.96
2050-01-23 05:00:00,2050-01-23 10:00:00,2050-01-23,6016.61,nan,2224.83,2299.93,1908.16
2050-01-23 06:00:00,2050-01-23 11:00:00,2050-01-23,6254.97,nan,2314.39,2391.98,1984.89
2050-01-23 07:00:00,2050-01-23 12:00:00,2050-01-23,6458.95,nan,2391.57,2471.19,2050.82
2050-01-23 08:00:00,2050-01-23 13:00:00,2050-01-23,6146.77,nan,2274.76,2351.04,1952.59
2050-01-23 09:00:00,2050-01-23 14:00:00,2050-01-23,5153.1,nan,1898.72,1964.3,1633.84
2050-01-23 10:00:00,2050-01-23 15:00:00,2050-01-23,4437.12,nan,1627.76,1684.4,1405.69
2050-01-23 11:00:00,2050-01-23 16:00:00,2050-01-23,3753.03,nan,1373.13,1421.25,1188.75
2050-01-23 12:00:00,2050-01-23 17:00:00,2050-01-23,3192.34,nan,1165.22,1206.47,1009.73
2050-01-23 13:00:00,2050-01-23 18:00:00,2050-01-23,2579.45,nan,938.34,972.07,814.36
2050-01-23 14:00:00,2050-01-23 19:00:00,2050-01-23,1948.53,nan,704.22,730.0,613.61
2050-01-23 15:00:00,2050-01-23 20:00:00,2050-01-23,1474.27,nan,527.97,547.43,463.4
2050-01-23 16:00:00,2050-01-23 21:00:00,2050-01-23,1358.81,nan,485.93,503.31,429.62
2050-01-23 17:00:00,2050-01-23 22:00:00,2050-01-23,1944.08,nan,703.63,729.01,609.89
2050-01-23 18:00:00,2050-01-23 23:00:00,2050-01-23,2470.45,nan,899.12,931.4,775.19
2050-01-23 19:00:00,2050-01-24 00:00:00,2050-01-23,3239.28,nan,1184.73,1225.27,1022.27
2050-01-23 20:00:00,2050-01-24 01:00:00,2050-01-23,3804.56,nan,1396.11,1442.96,1204.05
2050-01-23 21:00:00,2050-01-24 02:00:00,2050-01-23,4149.21,nan,1524.66,1576.01,1313.1
2050-01-23 22:00:00,2050-01-24 03:00:00,2050-01-23,4481.75,nan,1649.99,1705.23,1419.08
2050-01-23 23:00:00,2050-01-24 04:00:00,2050-01-23,4812.82,nan,1775.46,1834.63,1524.89
2050-01-24 00:00:00,2050-01-24 05:00:00,2050-01-24,5079.59,nan,1876.36,1938.74,1610.64
2050-01-24 01:00:00,2050-01-24 06:00:00,2050-01-24,5271.83,nan,1950.4,2014.96,1672.71
2050-01-24 02:00:00,2050-01-24 07:00:00,2050-01-24,5412.19,nan,2006.47,2072.57,1719.36
2050-01-24 03:00:00,2050-01-24 08:00:00,2050-01-24,5488.15,nan,2039.02,2105.61,1745.58
2050-01-24 04:00:00,2050-01-24 09:00:00,2050-01-24,5427.66,nan,2014.49,2080.41,1727.78
2050-01-24 05:00:00,2050-01-24 10:00:00,2050-01-24,5252.56,nan,1950.88,2015.05,1674.13
2050-01-24 06:00:00,2050-01-24 11:00:00,2050-01-24,5014.27,nan,1863.65,1924.93,1599.67
2050-01-24 07:00:00,2050-01-24 12:00:00,2050-01-24,4735.5,nan,1760.84,1818.84,1510.89
2050-01-24 08:00:00,2050-01-24 13:00:00,2050-01-24,4255.61,nan,1582.42,1636.78,1354.9
2050-01-24 09:00:00,2050-01-24 14:00:00,2050-01-24,3627.22,nan,1350.48,1398.44,1151.1
2050-01-24 10:00:00,2050-01-24 15:00:00,2050-01-24,3132.48,nan,1161.47,1201.8,991.31
2050-01-24 11:00:00,2050-01-24 16:00:00,2050-01-24,2382.85,nan,870.94,899.97,750.4
2050-01-24 12:00:00,2050-01-24 17:00:00,2050-01-24,1587.38,nan,562.95,581.42,494.5
2050-01-24 13:00:00,2050-01-24 18:00:00,2050-01-24,809.18,nan,270.03,278.1,247.68
2050-01-24 14:00:00,2050-01-24 19:00:00,2050-01-24,306.48,nan,95.32,97.81,91.69
2050-01-24 15:00:00,2050-01-24 20:00:00,2050-01-24,186.21,nan,59.02,60.69,55.56
2050-01-24 16:00:00,2050-01-24 21:00:00,2050-01-24,144.51,nan,46.77,48.53,42.93
2050-01-24 17:00:00,2050-01-24 22:00:00,2050-01-24,197.13,nan,64.35,66.86,58.85
2050-01-24 18:00:00,2050-01-24 23:00:00,2050-01-24,249.45,nan,82.05,85.38,74.66
2050-01-24 19:00:00,2050-01-25 00:00:00,2050-01-24,440.8,nan,151.42,157.47,136.47
2050-01-24 20:00:00,2050-01-25 01:00:00,2050-01-24,535.95,nan,186.51,194.03,167.86
2050-01-24 21:00:00,2050-01-25 02:00:00,2050-01-24,501.61,nan,173.7,180.87,157.08
2050-01-24 22:00:00,2050-01-25 03:00:00,2050-01-24,457.01,nan,157.17,163.72,142.9
2050-01-24 23:00:00,2050-01-25 04:00:00,2050-01-24,408.78,nan,139.45,145.27,127.49
2050-01-25 00:00:00,2050-01-25 05:00:00,2050-01-25,371.62,nan,125.39,130.71,115.29
2050-01-25 01:00:00,2050-01-25 06:00:00,2050-01-25,332.55,nan,111.44,116.12,102.89
2050-01-25 02:00:00,2050-01-25 07:00:00,2050-01-25,282.39,nan,93.1,97.26,87.07
2050-01-25 03:00:00,2050-01-25 08:00:00,2050-01-25,259.02,nan,85.21,89.09,79.72
2050-01-25 04:00:00,2050-01-25 09:00:00,2050-01-25,245.76,nan,80.52,84.33,75.51
2050-01-25 05:00:00,2050-01-25 10:00:00,2050-01-25,220.03,nan,71.69,75.16,67.34
2050-01-25 06:00:00,2050-01-25 11:00:00,2050-01-25,195.68,nan,62.92,66.1,59.7
2050-01-25 07:00:00,2050-01-25 12:00:00,2050-01-25,151.76,nan,47.97,50.53,45.93
2050-01-25 08:00:00,2050-01-25 13:00:00,2050-01-25,52.38,nan,15.45,15.99,14.28
2050-01-25 09:00:00,2050-01-25 14:00:00,2050-01-25,21.85,nan,6.08,3.92,6.55
2050-01-25 10:00:00,2050-01-25 15:00:00,2050-01-25,32.65,nan,10.12,7.32,11.17
2050-01-25 11:00:00,2050-01-25 16:00:00,2050-01-25,42.82,nan,13.77,10.36,15.77
2050-01-25 12:00:00,2050-01-25 17:00:00,2050-01-25,49.43,nan,16.33,12.59,18.79
2050-01-25 13:00:00,2050-01-25 18:00:00,2050-01-25,55.54,nan,18.67,14.61,21.47
2050-01-25 14:00:00,2050-01-25 19:00:00,2050-01-25,58.24,nan,19.63,15.41,22.59
2050-01-25 15:00:00,2050-01-25 20:00:00,2050-01-25,61.27,nan,20.76,16.35,23.76
2050-01-25 16:00:00,2050-01-25 21:00:00,2050-01-25,65.9,nan,22.22,17.62,25.47
2050-01-25 17:00:00,2050-01-25 22:00:00,2050-01-25,61.11,nan,20.83,16.51,23.99
2050-01-25 18:00:00,2050-01-25 23:00:00,2050-01-25,47.74,nan,15.77,12.17,18.72
2050-01-25 19:00:00,2050-01-26 00:00:00,2050-01-25,9.85,nan,2.66,1.98,3.44
2050-01-25 20:00:00,2050-01-26 01:00:00,2050-01-25,99.26,nan,33.7,35.56,28.93
2050-01-25 21:00:00,2050-01-26 02:00:00,2050-01-25,419.38,nan,155.78,162.27,126.17
2050-01-25 22:00:00,2050-01-26 03:00:00,2050-01-25,883.07,nan,331.09,344.43,269.91
2050-01-25 23:00:00,2050-01-26 04:00:00,2050-01-25,1360.13,nan,508.4,528.47,419.81
2050-01-26 00:00:00,2050-01-26 05:00:00,2050-01-26,1845.52,nan,689.21,716.03,574.04
2050-01-26 01:00:00,2050-01-26 06:00:00,2050-01-26,2318.18,nan,866.37,899.33,724.79
2050-01-26 02:00:00,2050-01-26 07:00:00,2050-01-26,2741.57,nan,1025.97,1063.8,861.61
2050-01-26 03:00:00,2050-01-26 08:00:00,2050-01-26,3103.93,nan,1162.2,1204.78,978.74
2050-01-26 04:00:00,2050-01-26 09:00:00,2050-01-26,3473.33,nan,1300.42,1347.0,1097.33
2050-01-26 05:00:00,2050-01-26 10:00:00,2050-01-26,3775.66,nan,1411.69,1461.76,1194.54
2050-01-26 06:00:00,2050-01-26 11:00:00,2050-01-26,4015.27,nan,1500.12,1552.64,1272.58
2050-01-26 07:00:00,2050-01-26 12:00:00,2050-01-26,4281.87,nan,1598.11,1653.71,1357.73
2050-01-26 08:00:00,2050-01-26 13:00:00,2050-01-26,4118.48,nan,1536.96,1591.01,1308.2
2050-01-26 09:00:00,2050-01-26 14:00:00,2050-01-26,3367.04,nan,1253.72,1298.58,1067.23
2050-01-26 10:00:00,2050-01-26 15:00:00,2050-01-26,2935.74,nan,1091.17,1130.3,931.03
2050-01-26 11:00:00,2050-01-26 16:00:00,2050-01-26,2550.65,nan,944.57,978.96,807.44
2050-01-26 12:00:00,2050-01-26 17:00:00,2050-01-26,2295.2,nan,846.09,877.33,723.47
2050-01-26 13:00:00,2050-01-26 18:00:00,2050-01-26,1991.58,nan,727.87,755.55,624.05
2050-01-26 14:00:00,2050-01-26 19:00:00,2050-01-26,1636.71,nan,592.66,615.65,509.84
2050-01-26 15:00:00,2050-01-26 20:00:00,2050-01-26,1402.35,nan,502.44,522.16,435.36
2050-01-26 16:00:00,2050-01-26 21:00:00,2050-01-26,1501.91,nan,539.2,559.97,467.93
2050-01-26 17:00:00,2050-01-26 22:00:00,2050-01-26,2224.15,nan,809.56,839.97,692.99
2050-01-26 18:00:00,2050-01-26 23:00:00,2050-01-26,2883.82,nan,1056.93,1095.94,901.3
2050-01-26 19:00:00,2050-01-27 00:00:00,2050-01-26,3740.97,nan,1378.34,1426.75,1178.38
2050-01-26 20:00:00,2050-01-27 01:00:00,2050-01-26,4392.64,nan,1622.31,1677.87,1387.74
2050-01-26 21:00:00,2050-01-27 02:00:00,2050-01-26,4821.99,nan,1783.92,1844.41,1525.29
2050-01-26 22:00:00,2050-01-27 03:00:00,2050-01-26,5219.16,nan,1934.24,1999.23,1653.03
2050-01-26 23:00:00,2050-01-27 04:00:00,2050-01-26,5556.86,nan,2062.14,2130.8,1761.66
2050-01-27 00:00:00,2050-01-27 05:00:00,2050-01-27,5839.43,nan,2169.28,2241.09,1852.93
2050-01-27 01:00:00,2050-01-27 06:00:00,2050-01-27,6070.47,nan,2256.03,2330.36,1927.44
2050-01-27 02:00:00,2050-01-27 07:00:00,2050-01-27,6256.27,nan,2326.73,2402.97,1987.82
2050-01-27 03:00:00,2050-01-27 08:00:00,2050-01-27,6423.06,nan,2390.92,2469.09,2042.31
2050-01-27 04:00:00,2050-01-27 09:00:00,2050-01-27,6552.54,nan,2440.57,2520.01,2084.45
2050-01-27 05:00:00,2050-01-27 10:00:00,2050-01-27,6650.47,nan,2478.68,2559.05,2116.46
2050-01-27 06:00:00,2050-01-27 11:00:00,2050-01-27,6755.5,nan,2520.52,2602.08,2150.73
2050-01-27 07:00:00,2050-01-27 12:00:00,2050-01-27,6830.13,nan,2549.71,2632.16,2175.09
2050-01-27 08:00:00,2050-01-27 13:00:00,2050-01-27,6391.11,nan,2385.89,2463.86,2037.57
2050-01-27 09:00:00,2050-01-27 14:00:00,2050-01-27,5361.49,nan,1999.07,2065.82,1706.51
2050-01-27 10:00:00,2050-01-27 15:00:00,2050-01-27,4649.76,nan,1730.15,1788.65,1479.62
2050-01-27 11:00:00,2050-01-27 16:00:00,2050-01-27,3987.03,nan,1481.18,1531.94,1268.29
2050-01-27 12:00:00,2050-01-27 17:00:00,2050-01-27,3455.42,nan,1281.34,1325.91,1097.52
2050-01-27 13:00:00,2050-01-27 18:00:00,2050-01-27,2889.43,nan,1069.48,1107.2,916.24
2050-01-27 14:00:00,2050-01-27 19:00:00,2050-01-27,2319.73,nan,854.68,885.41,733.38
2050-01-27 15:00:00,2050-01-27 20:00:00,2050-01-27,1897.85,nan,694.26,719.37,597.99
2050-01-27 16:00:00,2050-01-27 21:00:00,2050-01-27,1800.62,nan,654.46,677.97,567.57
2050-01-27 17:00:00,2050-01-27 22:00:00,2050-01-27,2401.11,nan,876.86,908.38,753.91
2050-01-27 18:00:00,2050-01-27 23:00:00,2050-01-27,3009.31,nan,1104.85,1144.22,944.85
2050-01-27 19:00:00,2050-01-28 00:00:00,2050-01-27,3823.98,nan,1410.01,1457.87,1208.18
2050-01-27 20:00:00,2050-01-28 01:00:00,2050-01-27,4445.11,nan,1643.01,1697.54,1408.71
2050-01-27 21:00:00,2050-01-28 02:00:00,2050-01-27,4860.02,nan,1799.76,1859.17,1541.91
2050-01-27 22:00:00,2050-01-28 03:00:00,2050-01-27,5193.84,nan,1925.14,1988.51,1649.07
2050-01-27 23:00:00,2050-01-28 04:00:00,2050-01-27,5455.85,nan,2023.6,2089.9,1732.75
2050-01-28 00:00:00,2050-01-28 05:00:00,2050-01-28,5694.92,nan,2113.89,2183.07,1809.67
2050-01-28 01:00:00,2050-01-28 06:00:00,2050-01-28,5918.25,nan,2198.06,2269.74,1881.6
2050-01-28 02:00:00,2050-01-28 07:00:00,2050-01-28,6113.36,nan,2270.56,2344.49,1944.05
2050-01-28 03:00:00,2050-01-28 08:00:00,2050-01-28,6287.74,nan,2335.03,2410.85,1999.71
2050-01-28 04:00:00,2050-01-28 09:00:00,2050-01-28,6445.85,nan,2392.66,2470.4,2050.23
2050-01-28 05:00:00,2050-01-28 10:00:00,2050-01-28,6572.74,nan,2438.41,2517.77,2090.6
2050-01-28 06:00:00,2050-01-28 11:00:00,2050-01-28,6683.3,nan,2478.38,2559.26,2125.56
2050-01-28 07:00:00,2050-01-28 12:00:00,2050-01-28,6766.6,nan,2508.76,2590.71,2152.36
2050-01-28 08:00:00,2050-01-28 13:00:00,2050-01-28,6301.82,nan,2336.93,2413.82,2007.01
2050-01-28 09:00:00,2050-01-28 14:00:00,2050-01-28,5528.32,nan,2055.09,2125.73,1757.51
2050-01-28 10:00:00,2050-01-28 15:00:00,2050-01-28,5206.48,nan,1942.63,2010.4,1657.78
2050-01-28 11:00:00,2050-01-28 16:00:00,2050-01-28,4956.96,nan,1854.75,1919.65,1579.53
2050-01-28 12:00:00,2050-01-28 17:00:00,2050-01-28,4680.48,nan,1749.65,1810.93,1490.36
2050-01-28 13:00:00,2050-01-28 18:00:00,2050-01-28,4462.31,nan,1665.46,1724.55,1418.36
2050-01-28 14:00:00,2050-01-28 19:00:00,2050-01-28,4384.04,nan,1635.62,1694.05,1391.17
2050-01-28 15:00:00,2050-01-28 20:00:00,2050-01-28,4264.75,nan,1586.38,1642.41,1350.8
2050-01-28 16:00:00,2050-01-28 21:00:00,2050-01-28,3728.98,nan,1375.35,1423.41,1182.39
2050-01-28 17:00:00,2050-01-28 22:00:00,2050-01-28,3930.68,nan,1447.03,1498.0,1244.37
2050-01-28 18:00:00,2050-01-28 23:00:00,2050-01-28,4232.04,nan,1562.97,1617.44,1337.87
2050-01-28 19:00:00,2050-01-29 00:00:00,2050-01-28,4833.99,nan,1788.08,1847.88,1534.68
2050-01-28 20:00:00,2050-01-29 01:00:00,2050-01-28,5401.51,nan,2001.36,2067.46,1718.2
2050-01-28 21:00:00,2050-01-29 02:00:00,2050-01-28,5953.36,nan,2209.38,2282.19,1893.5
2050-01-28 22:00:00,2050-01-29 03:00:00,2050-01-28,6604.07,nan,2455.62,2535.33,2102.14
2050-01-28 23:00:00,2050-01-29 04:00:00,2050-01-28,7240.19,nan,2695.03,2782.41,2304.53
2050-01-29 00:00:00,2050-01-29 05:00:00,2050-01-29,7757.66,nan,2889.39,2982.83,2470.33
2050-01-29 01:00:00,2050-01-29 06:00:00,2050-01-29,8207.92,nan,3058.22,3157.09,2615.37
2050-01-29 02:00:00,2050-01-29 07:00:00,2050-01-29,8544.15,nan,3183.23,3286.18,2722.91
2050-01-29 03:00:00,2050-01-29 08:00:00,2050-01-29,8797.7,nan,3276.79,3382.65,2803.22
2050-01-29 04:00:00,2050-01-29 09:00:00,2050-01-29,8973.39,nan,3339.48,3447.85,2859.19
2050-01-29 05:00:00,2050-01-29 10:00:00,2050-01-29,9113.3,nan,3389.06,3499.58,2902.97
2050-01-29 06:00:00,2050-01-29 11:00:00,2050-01-29,9235.78,nan,3432.13,3544.28,2940.42
2050-01-29 07:00:00,2050-01-29 12:00:00,2050-01-29,9340.43,nan,3468.71,3581.77,2972.35
2050-01-29 08:00:00,2050-01-29 13:00:00,2050-01-29,8938.66,nan,3316.84,3425.49,2846.45
2050-01-29 09:00:00,2050-01-29 14:00:00,2050-01-29,7992.35,nan,2962.03,3058.85,2541.54
2050-01-29 10:00:00,2050-01-29 15:00:00,2050-01-29,7390.49,nan,2733.92,2823.23,2350.39
2050-01-29 11:00:00,2050-01-29 16:00:00,2050-01-29,6893.51,nan,2546.49,2629.02,2191.95
2050-01-29 12:00:00,2050-01-29 17:00:00,2050-01-29,6551.09,nan,2416.63,2494.92,2080.4
2050-01-29 13:00:00,2050-01-29 18:00:00,2050-01-29,6219.88,nan,2290.05,2364.55,1972.54
2050-01-29 14:00:00,2050-01-29 19:00:00,2050-01-29,5792.0,nan,2127.13,2196.95,1834.68
2050-01-29 15:00:00,2050-01-29 20:00:00,2050-01-29,5416.8,nan,1983.59,2048.75,1714.35
2050-01-29 16:00:00,2050-01-29 21:00:00,2050-01-29,5263.22,nan,1922.67,1985.26,1666.98
2050-01-29 17:00:00,2050-01-29 22:00:00,2050-01-29,5745.06,nan,2104.48,2173.83,1818.38
2050-01-29 18:00:00,2050-01-29 23:00:00,2050-01-29,6260.69,nan,2301.11,2377.64,1981.38
2050-01-29 19:00:00,2050-01-30 00:00:00,2050-01-29,7009.93,nan,2584.01,2667.89,2226.26
2050-01-29 20:00:00,2050-01-30 01:00:00,2050-01-29,7579.47,nan,2801.09,2891.2,2411.19
2050-01-29 21:00:00,2050-01-30 02:00:00,2050-01-29,7993.39,nan,2959.71,3054.74,2543.81
2050-01-29 22:00:00,2050-01-30 03:00:00,2050-01-29,8360.34,nan,3098.82,3198.73,2661.17
2050-01-29 23:00:00,2050-01-30 04:00:00,2050-01-29,8659.67,nan,3210.22,3314.55,2756.24
2050-01-30 00:00:00,2050-01-30 05:00:00,2050-01-30,8903.4,nan,3299.64,3406.61,2831.64
2050-01-30 01:00:00,2050-01-30 06:00:00,2050-01-30,9140.41,nan,3384.71,3493.53,2907.72
2050-01-30 02:00:00,2050-01-30 07:00:00,2050-01-30,9413.24,nan,3485.19,3598.02,2993.06
2050-01-30 03:00:00,2050-01-30 08:00:00,2050-01-30,9629.95,nan,3565.16,3679.98,3062.06
2050-01-30 04:00:00,2050-01-30 09:00:00,2050-01-30,9829.63,nan,3639.15,3755.94,3126.38
2050-01-30 05:00:00,2050-01-30 10:00:00,2050-01-30,9996.88,nan,3701.55,3820.34,3179.85
2050-01-30 06:00:00,2050-01-30 11:00:00,2050-01-30,10127.74,nan,3750.7,3870.73,3222.1
2050-01-30 07:00:00,2050-01-30 12:00:00,2050-01-30,10228.88,nan,3790.42,3911.97,3256.27
2050-01-30 08:00:00,2050-01-30 13:00:00,2050-01-30,9872.14,nan,3656.38,3774.43,3143.32
2050-01-30 09:00:00,2050-01-30 14:00:00,2050-01-30,9032.16,nan,3337.48,3446.27,2869.57
2050-01-30 10:00:00,2050-01-30 15:00:00,2050-01-30,8422.24,nan,3107.24,3208.84,2674.19
2050-01-30 11:00:00,2050-01-30 16:00:00,2050-01-30,7806.76,nan,2877.96,2972.52,2478.07
2050-01-30 12:00:00,2050-01-30 17:00:00,2050-01-30,7225.51,nan,2661.49,2749.38,2292.65
2050-01-30 13:00:00,2050-01-30 18:00:00,2050-01-30,6652.64,nan,2451.41,2532.82,2110.1
2050-01-30 14:00:00,2050-01-30 19:00:00,2050-01-30,6255.17,nan,2308.19,2385.33,1983.96
2050-01-30 15:00:00,2050-01-30 20:00:00,2050-01-30,6009.66,nan,2218.46,2292.99,1905.13
2050-01-30 16:00:00,2050-01-30 21:00:00,2050-01-30,5934.39,nan,2193.03,2266.64,1882.33
2050-01-30 17:00:00,2050-01-30 22:00:00,2050-01-30,6161.03,nan,2279.81,2357.0,1954.61
2050-01-30 18:00:00,2050-01-30 23:00:00,2050-01-30,6441.74,nan,2385.77,2466.75,2042.47
2050-01-30 19:00:00,2050-01-31 00:00:00,2050-01-30,6965.26,nan,2580.86,2666.59,2215.04
2050-01-30 20:00:00,2050-01-31 01:00:00,2050-01-30,7269.96,nan,2694.33,2782.96,2314.36
2050-01-30 21:00:00,2050-01-31 02:00:00,2050-01-30,7399.93,nan,2741.84,2832.32,2354.8
2050-01-30 22:00:00,2050-01-31 03:00:00,2050-01-30,7539.2,nan,2793.6,2885.74,2398.37
2050-01-30 23:00:00,2050-01-31 04:00:00,2050-01-30,7677.48,nan,2844.68,2938.43,2441.71
2050-01-31 00:00:00,2050-01-31 05:00:00,2050-01-31,7822.08,nan,2898.26,2993.7,2487.3
2050-01-31 01:00:00,2050-01-31 06:00:00,2050-01-31,7949.56,nan,2945.52,3042.51,2527.77
2050-01-31 02:00:00,2050-01-31 07:00:00,2050-01-31,8082.63,nan,2995.28,3093.74,2569.81
2050-01-31 03:00:00,2050-01-31 08:00:00,2050-01-31,8175.14,nan,3029.53,3128.99,2599.3
2050-01-31 04:00:00,2050-01-31 09:00:00,2050-01-31,8276.13,nan,3067.41,3168.33,2632.17
2050-01-31 05:00:00,2050-01-31 10:00:00,2050-01-31,8391.34,nan,3110.93,3213.14,2669.13
2050-01-31 06:00:00,2050-01-31 11:00:00,2050-01-31,8508.05,nan,3155.51,3259.18,2707.14
2050-01-31 07:00:00,2050-01-31 12:00:00,2050-01-31,8625.37,nan,3200.33,3305.56,2745.12
2050-01-31 08:00:00,2050-01-31 13:00:00,2050-01-31,8269.48,nan,3069.03,3170.6,2633.42
2050-01-31 09:00:00,2050-01-31 14:00:00,2050-01-31,7173.3,nan,2657.1,2746.32,2281.48
2050-01-31 10:00:00,2050-01-31 15:00:00,2050-01-31,6357.37,nan,2351.91,2431.19,2022.1
2050-01-31 11:00:00,2050-01-31 16:00:00,2050-01-31,5609.42,nan,2072.01,2142.53,1783.16
2050-01-31 12:00:00,2050-01-31 17:00:00,2050-01-31,5009.18,nan,1848.1,1911.6,1590.04
2050-01-31 13:00:00,2050-01-31 18:00:00,2050-01-31,4394.19,nan,1619.81,1675.97,1392.85
2050-01-31 14:00:00,2050-01-31 19:00:00,2050-01-31,3752.78,nan,1381.11,1429.21,1188.06
2050-01-31 15:00:00,2050-01-31 20:00:00,2050-01-31,3242.41,nan,1190.12,1231.52,1025.84
2050-01-31 16:00:00,2050-01-31 21:00:00,2050-01-31,3012.78,nan,1102.39,1140.29,954.39
2050-01-31 17:00:00,2050-01-31 22:00:00,2050-01-31,3446.51,nan,1261.19,1305.08,1089.15
2050-01-31 18:00:00,2050-01-31 23:00:00,2050-01-31,3959.29,nan,1453.65,1503.96,1249.8
2050-01-31 19:00:00,2050-02-01 00:00:00,2050-01-31,4295.65,nan,1580.63,1633.59,1358.57
2050-01-31 20:00:00,2050-02-01 01:00:00,2050-01-31,4857.8,nan,1793.09,1851.93,1540.43
2050-01-31 21:00:00,2050-02-01 02:00:00,2050-01-31,5219.9,nan,1931.66,1994.14,1657.25
2050-01-31 22:00:00,2050-02-01 03:00:00,2050-01-31,5555.13,nan,2058.28,2124.52,1763.82
2050-01-31 23:00:00,2050-02-01 04:00:00,2050-01-31,5890.9,nan,2185.33,2255.5,1871.17
2050-02-01 00:00:00,2050-02-01 05:00:00,2050-02-01,6188.74,nan,2297.51,2371.27,1966.65
2050-02-01 01:00:00,2050-02-01 06:00:00,2050-02-01,6477.2,nan,2405.66,2482.86,2058.67
2050-02-01 02:00:00,2050-02-01 07:00:00,2050-02-01,6757.69,nan,2511.08,2591.63,2148.37
2050-02-01 03:00:00,2050-02-01 08:00:00,2050-02-01,7042.65,nan,2616.77,2700.89,2239.1
2050-02-01 04:00:00,2050-02-01 09:00:00,2050-02-01,7302.48,nan,2714.53,2801.76,2322.3
2050-02-01 05:00:00,2050-02-01 10:00:00,2050-02-01,7509.22,nan,2792.39,2882.0,2388.64
2050-02-01 06:00:00,2050-02-01 11:00:00,2050-02-01,7669.25,nan,2853.92,2945.32,2440.63
2050-02-01 07:00:00,2050-02-01 12:00:00,2050-02-01,7800.43,nan,2903.79,2996.53,2483.15
2050-02-01 08:00:00,2050-02-01 13:00:00,2050-02-01,7309.07,nan,2719.97,2807.49,2328.75
2050-02-01 09:00:00,2050-02-01 14:00:00,2050-02-01,6252.79,nan,2321.62,2398.01,1987.89
2050-02-01 10:00:00,2050-02-01 15:00:00,2050-02-01,5522.44,nan,2046.34,2113.86,1754.63
2050-02-01 11:00:00,2050-02-01 16:00:00,2050-02-01,4800.55,nan,1774.9,1833.83,1523.56
2050-02-01 12:00:00,2050-02-01 17:00:00,2050-02-01,4223.64,nan,1558.67,1611.18,1338.35
2050-02-01 13:00:00,2050-02-01 18:00:00,2050-02-01,3608.58,nan,1329.14,1374.61,1141.43
2050-02-01 14:00:00,2050-02-01 19:00:00,2050-02-01,2947.83,nan,1081.78,1119.38,930.53
2050-02-01 15:00:00,2050-02-01 20:00:00,2050-02-01,2415.93,nan,880.98,911.67,760.54
2050-02-01 16:00:00,2050-02-01 21:00:00,2050-02-01,2175.38,nan,789.07,816.33,685.54
2050-02-01 17:00:00,2050-02-01 22:00:00,2050-02-01,2644.22,nan,961.78,995.22,831.39
2050-02-01 18:00:00,2050-02-01 23:00:00,2050-02-01,3280.09,nan,1197.55,1239.13,1029.47
2050-02-01 19:00:00,2050-02-02 00:00:00,2050-02-01,4082.79,nan,1497.2,1547.09,1288.77
2050-02-01 20:00:00,2050-02-02 01:00:00,2050-02-01,4678.83,nan,1720.93,1776.93,1482.62
2050-02-01 21:00:00,2050-02-02 02:00:00,2050-02-01,5058.56,nan,1863.76,1924.47,1603.86
2050-02-01 22:00:00,2050-02-02 03:00:00,2050-02-01,5372.56,nan,1982.53,2046.73,1704.45
2050-02-01 23:00:00,2050-02-02 04:00:00,2050-02-01,5667.2,nan,2093.61,2161.52,1799.02
2050-02-02 00:00:00,2050-02-02 05:00:00,2050-02-02,5909.37,nan,2186.17,2256.55,1877.16
2050-02-02 01:00:00,2050-02-02 06:00:00,2050-02-02,6131.73,nan,2270.98,2343.82,1948.58
2050-02-02 02:00:00,2050-02-02 07:00:00,2050-02-02,6324.61,nan,2344.6,2419.7,2010.56
2050-02-02 03:00:00,2050-02-02 08:00:00,2050-02-02,6488.78,nan,2406.63,2483.6,2063.01
2050-02-02 04:00:00,2050-02-02 09:00:00,2050-02-02,6614.72,nan,2455.36,2533.34,2102.73
2050-02-02 05:00:00,2050-02-02 10:00:00,2050-02-02,6711.5,nan,2492.54,2571.52,2134.26
2050-02-02 06:00:00,2050-02-02 11:00:00,2050-02-02,6766.28,nan,2513.96,2594.29,2153.42
2050-02-02 07:00:00,2050-02-02 12:00:00,2050-02-02,6777.43,nan,2520.1,2600.69,2158.24
2050-02-02 08:00:00,2050-02-02 13:00:00,2050-02-02,6289.48,nan,2336.48,2412.53,2002.03
2050-02-02 09:00:00,2050-02-02 14:00:00,2050-02-02,5323.34,nan,1968.81,2035.26,1686.46
2050-02-02 10:00:00,2050-02-02 15:00:00,2050-02-02,4579.25,nan,1685.6,1743.64,1448.45
2050-02-02 11:00:00,2050-02-02 16:00:00,2050-02-02,3700.25,nan,1355.55,1403.31,1168.06
2050-02-02 12:00:00,2050-02-02 17:00:00,2050-02-02,2897.82,nan,1055.95,1094.01,912.16
2050-02-02 13:00:00,2050-02-02 18:00:00,2050-02-02,2261.96,nan,818.27,848.71,708.16
2050-02-02 14:00:00,2050-02-02 19:00:00,2050-02-02,1547.19,nan,548.98,570.41,480.27
2050-02-02 15:00:00,2050-02-02 20:00:00,2050-02-02,989.44,nan,340.63,354.2,304.28
2050-02-02 16:00:00,2050-02-02 21:00:00,2050-02-02,730.94,nan,243.75,253.29,224.62
2050-02-02 17:00:00,2050-02-02 22:00:00,2050-02-02,1040.45,nan,356.49,370.01,319.71
2050-02-02 18:00:00,2050-02-02 23:00:00,2050-02-02,1455.45,nan,511.21,531.22,446.36
2050-02-02 19:00:00,2050-02-03 00:00:00,2050-02-02,2170.24,nan,779.96,808.15,676.87
2050-02-02 20:00:00,2050-02-03 01:00:00,2050-02-02,2718.24,nan,986.36,1020.32,852.86
2050-02-02 21:00:00,2050-02-03 02:00:00,2050-02-02,3062.03,nan,1116.47,1154.69,962.91
2050-02-02 22:00:00,2050-02-03 03:00:00,2050-02-02,3339.02,nan,1221.1,1262.33,1051.51
2050-02-02 23:00:00,2050-02-03 04:00:00,2050-02-02,3568.06,nan,1306.36,1350.53,1123.95
2050-02-03 00:00:00,2050-02-03 05:00:00,2050-02-03,3716.7,nan,1362.27,1408.64,1172.41
2050-02-03 01:00:00,2050-02-03 06:00:00,2050-02-03,3852.68,nan,1414.2,1462.3,1215.69
2050-02-03 02:00:00,2050-02-03 07:00:00,2050-02-03,3970.13,nan,1460.92,1509.98,1253.79
2050-02-03 03:00:00,2050-02-03 08:00:00,2050-02-03,4029.01,nan,1483.6,1533.66,1272.42
2050-02-03 04:00:00,2050-02-03 09:00:00,2050-02-03,4108.21,nan,1514.13,1564.88,1297.64
2050-02-03 05:00:00,2050-02-03 10:00:00,2050-02-03,4158.42,nan,1533.1,1584.69,1313.43
2050-02-03 06:00:00,2050-02-03 11:00:00,2050-02-03,4221.56,nan,1557.16,1609.3,1333.99
2050-02-03 07:00:00,2050-02-03 12:00:00,2050-02-03,4282.78,nan,1579.52,1632.91,1353.33
2050-02-03 08:00:00,2050-02-03 13:00:00,2050-02-03,3992.2,nan,1467.11,1517.71,1259.94
2050-02-03 09:00:00,2050-02-03 14:00:00,2050-02-03,3299.71,nan,1199.63,1242.99,1035.07
2050-02-03 10:00:00,2050-02-03 15:00:00,2050-02-03,2943.34,nan,1059.92,1098.3,923.54
2050-02-03 11:00:00,2050-02-03 16:00:00,2050-02-03,2553.66,nan,912.56,945.15,799.07
2050-02-03 12:00:00,2050-02-03 17:00:00,2050-02-03,2151.2,nan,760.91,788.29,671.02
2050-02-03 13:00:00,2050-02-03 18:00:00,2050-02-03,1692.32,nan,589.91,610.68,525.72
2050-02-03 14:00:00,2050-02-03 19:00:00,2050-02-03,1219.84,nan,414.3,429.95,375.57
2050-02-03 15:00:00,2050-02-03 20:00:00,2050-02-03,1057.44,nan,357.81,371.74,325.86
2050-02-03 16:00:00,2050-02-03 21:00:00,2050-02-03,1127.79,nan,390.82,404.66,347.85
2050-02-03 17:00:00,2050-02-03 22:00:00,2050-02-03,1526.56,nan,540.55,560.23,472.63
2050-02-03 18:00:00,2050-02-03 23:00:00,2050-02-03,2107.43,nan,759.65,787.05,654.24
2050-02-03 19:00:00,2050-02-04 00:00:00,2050-02-03,2883.23,nan,1052.77,1089.37,905.72
2050-02-03 20:00:00,2050-02-04 01:00:00,2050-02-03,3491.24,nan,1282.07,1325.41,1101.58
2050-02-03 21:00:00,2050-02-04 02:00:00,2050-02-03,3909.76,nan,1440.66,1489.46,1234.84
2050-02-03 22:00:00,2050-02-04 03:00:00,2050-02-03,4298.9,nan,1588.92,1642.28,1359.68
2050-02-03 23:00:00,2050-02-04 04:00:00,2050-02-03,4661.91,nan,1725.56,1783.37,1475.68
2050-02-04 00:00:00,2050-02-04 05:00:00,2050-02-04,4964.77,nan,1839.09,1900.93,1572.74
2050-02-04 01:00:00,2050-02-04 06:00:00,2050-02-04,5209.23,nan,1931.18,1995.94,1651.57
2050-02-04 02:00:00,2050-02-04 07:00:00,2050-02-04,5476.97,nan,2031.01,2099.77,1737.36
2050-02-04 03:00:00,2050-02-04 08:00:00,2050-02-04,5717.62,nan,2122.54,2193.5,1813.58
2050-02-04 04:00:00,2050-02-04 09:00:00,2050-02-04,5885.86,nan,2183.91,2256.4,1867.0
2050-02-04 05:00:00,2050-02-04 10:00:00,2050-02-04,6036.52,nan,2238.29,2312.15,1914.14
2050-02-04 06:00:00,2050-02-04 11:00:00,2050-02-04,6287.18,nan,2330.31,2406.88,1994.1
2050-02-04 07:00:00,2050-02-04 12:00:00,2050-02-04,6566.53,nan,2433.02,2512.64,2083.22
2050-02-04 08:00:00,2050-02-04 13:00:00,2050-02-04,6226.56,nan,2304.88,2380.81,1978.2
2050-02-04 09:00:00,2050-02-04 14:00:00,2050-02-04,5414.44,nan,2000.05,2067.33,1716.0
2050-02-04 10:00:00,2050-02-04 15:00:00,2050-02-04,4905.31,nan,1807.26,1867.9,1554.15
2050-02-04 11:00:00,2050-02-04 16:00:00,2050-02-04,4453.74,nan,1636.84,1691.75,1410.19
2050-02-04 12:00:00,2050-02-04 17:00:00,2050-02-04,4099.68,nan,1503.08,1553.77,1296.06
2050-02-04 13:00:00,2050-02-04 18:00:00,2050-02-04,3645.56,nan,1333.03,1378.33,1150.52
2050-02-04 14:00:00,2050-02-04 19:00:00,2050-02-04,3096.63,nan,1127.89,1166.54,975.41
2050-02-04 15:00:00,2050-02-04 20:00:00,2050-02-04,2629.75,nan,953.41,986.27,826.71
2050-02-04 16:00:00,2050-02-04 21:00:00,2050-02-04,2435.91,nan,880.83,911.13,766.65
2050-02-04 17:00:00,2050-02-04 22:00:00,2050-02-04,2918.48,nan,1060.69,1097.41,918.2
2050-02-04 18:00:00,2050-02-04 23:00:00,2050-02-04,3577.2,nan,1308.28,1353.61,1124.09
2050-02-04 19:00:00,2050-02-05 00:00:00,2050-02-04,4400.45,nan,1618.25,1672.45,1390.51
2050-02-04 20:00:00,2050-02-05 01:00:00,2050-02-04,4979.15,nan,1836.5,1896.59,1578.36
2050-02-04 21:00:00,2050-02-05 02:00:00,2050-02-04,5263.68,nan,1942.92,2006.13,1669.1
2050-02-04 22:00:00,2050-02-05 03:00:00,2050-02-04,5478.09,nan,2023.91,2089.81,1738.43
2050-02-04 23:00:00,2050-02-05 04:00:00,2050-02-04,5625.93,nan,2080.2,2148.06,1786.93
2050-02-05 00:00:00,2050-02-05 05:00:00,2050-02-05,5758.76,nan,2129.83,2199.43,1830.11
2050-02-05 01:00:00,2050-02-05 06:00:00,2050-02-05,5869.16,nan,2171.45,2241.53,1865.68
2050-02-05 02:00:00,2050-02-05 07:00:00,2050-02-05,5963.34,nan,2205.93,2277.07,1895.74
2050-02-05 03:00:00,2050-02-05 08:00:00,2050-02-05,6036.96,nan,2232.3,2304.6,1918.74
2050-02-05 04:00:00,2050-02-05 09:00:00,2050-02-05,6132.56,nan,2269.77,2343.08,1950.24
2050-02-05 05:00:00,2050-02-05 10:00:00,2050-02-05,6219.67,nan,2305.29,2379.22,1978.46
2050-02-05 06:00:00,2050-02-05 11:00:00,2050-02-05,6261.16,nan,2323.75,2397.74,1992.36
2050-02-05 07:00:00,2050-02-05 12:00:00,2050-02-05,6258.28,nan,2324.36,2398.39,1991.53
2050-02-05 08:00:00,2050-02-05 13:00:00,2050-02-05,5767.88,nan,2140.94,2210.35,1835.62
2050-02-05 09:00:00,2050-02-05 14:00:00,2050-02-05,5010.11,nan,1856.61,1918.91,1589.63
2050-02-05 10:00:00,2050-02-05 15:00:00,2050-02-05,4556.8,nan,1687.87,1744.87,1445.15
2050-02-05 11:00:00,2050-02-05 16:00:00,2050-02-05,4093.98,nan,1514.12,1565.8,1297.15
2050-02-05 12:00:00,2050-02-05 17:00:00,2050-02-05,3722.45,nan,1374.52,1421.77,1177.28
2050-02-05 13:00:00,2050-02-05 18:00:00,2050-02-05,3374.16,nan,1243.95,1286.95,1065.34
2050-02-05 14:00:00,2050-02-05 19:00:00,2050-02-05,3067.95,nan,1128.91,1168.29,966.45
2050-02-05 15:00:00,2050-02-05 20:00:00,2050-02-05,2834.57,nan,1040.59,1077.18,891.47
2050-02-05 16:00:00,2050-02-05 21:00:00,2050-02-05,2718.96,nan,995.9,1030.78,854.52
2050-02-05 17:00:00,2050-02-05 22:00:00,2050-02-05,2821.1,nan,1030.99,1067.16,885.93
2050-02-05 18:00:00,2050-02-05 23:00:00,2050-02-05,3046.02,nan,1111.49,1150.87,954.94
2050-02-05 19:00:00,2050-02-06 00:00:00,2050-02-05,3547.25,nan,1297.23,1341.34,1117.71
2050-02-05 20:00:00,2050-02-06 01:00:00,2050-02-05,3887.69,nan,1422.07,1469.5,1228.35
2050-02-05 21:00:00,2050-02-06 02:00:00,2050-02-05,4113.42,nan,1506.34,1556.99,1299.16
2050-02-05 22:00:00,2050-02-06 03:00:00,2050-02-05,4348.45,nan,1594.66,1648.16,1373.98
2050-02-05 23:00:00,2050-02-06 04:00:00,2050-02-05,4596.9,nan,1688.29,1744.9,1453.04
2050-02-06 00:00:00,2050-02-06 05:00:00,2050-02-06,4822.63,nan,1772.14,1831.47,1524.62
2050-02-06 01:00:00,2050-02-06 06:00:00,2050-02-06,5054.46,nan,1857.5,1919.74,1598.82
2050-02-06 02:00:00,2050-02-06 07:00:00,2050-02-06,5292.66,nan,1945.51,2010.54,1674.4
2050-02-06 03:00:00,2050-02-06 08:00:00,2050-02-06,5564.24,nan,2046.51,2114.71,1760.84
2050-02-06 04:00:00,2050-02-06 09:00:00,2050-02-06,5857.65,nan,2157.27,2228.95,1854.81
2050-02-06 05:00:00,2050-02-06 10:00:00,2050-02-06,6084.38,nan,2242.82,2317.3,1927.56
2050-02-06 06:00:00,2050-02-06 11:00:00,2050-02-06,6243.46,nan,2302.83,2379.39,1979.62
2050-02-06 07:00:00,2050-02-06 12:00:00,2050-02-06,6337.71,nan,2338.53,2416.62,2010.43
2050-02-06 08:00:00,2050-02-06 13:00:00,2050-02-06,6189.65,nan,2282.96,2359.69,1960.97
2050-02-06 09:00:00,2050-02-06 14:00:00,2050-02-06,5830.28,nan,2149.73,2224.39,1840.93
2050-02-06 10:00:00,2050-02-06 15:00:00,2050-02-06,5773.19,nan,2131.17,2205.32,1825.04
2050-02-06 11:00:00,2050-02-06 16:00:00,2050-02-06,5727.17,nan,2116.84,2190.26,1811.81
2050-02-06 12:00:00,2050-02-06 17:00:00,2050-02-06,5665.56,nan,2096.16,2168.85,1792.48
2050-02-06 13:00:00,2050-02-06 18:00:00,2050-02-06,5518.48,nan,2044.29,2115.27,1746.48
2050-02-06 14:00:00,2050-02-06 19:00:00,2050-02-06,5282.54,nan,1957.41,2025.14,1671.04
2050-02-06 15:00:00,2050-02-06 20:00:00,2050-02-06,5063.37,nan,1875.13,1940.36,1601.32
2050-02-06 16:00:00,2050-02-06 21:00:00,2050-02-06,5054.98,nan,1871.91,1936.84,1599.09
2050-02-06 17:00:00,2050-02-06 22:00:00,2050-02-06,5252.54,nan,1944.02,2011.47,1661.05
2050-02-06 18:00:00,2050-02-06 23:00:00,2050-02-06,5544.73,nan,2051.95,2122.83,1752.08
2050-02-06 19:00:00,2050-02-07 00:00:00,2050-02-06,6114.33,nan,2264.64,2340.79,1939.9
2050-02-06 20:00:00,2050-02-07 01:00:00,2050-02-06,6541.85,nan,2425.57,2505.86,2079.6
2050-02-06 21:00:00,2050-02-07 02:00:00,2050-02-06,6903.64,nan,2560.85,2645.99,2194.95
2050-02-06 22:00:00,2050-02-07 03:00:00,2050-02-06,7314.72,nan,2714.82,2805.6,2325.42
2050-02-06 23:00:00,2050-02-07 04:00:00,2050-02-06,7657.75,nan,2843.79,2938.93,2435.11
2050-02-07 00:00:00,2050-02-07 05:00:00,2050-02-07,8027.43,nan,2983.36,3083.03,2553.96
2050-02-07 01:00:00,2050-02-07 06:00:00,2050-02-07,8359.17,nan,3108.32,3211.91,2660.14
2050-02-07 02:00:00,2050-02-07 07:00:00,2050-02-07,8625.12,nan,3207.65,3314.41,2745.29
2050-02-07 03:00:00,2050-02-07 08:00:00,2050-02-07,8824.74,nan,3281.8,3389.88,2809.31
2050-02-07 04:00:00,2050-02-07 09:00:00,2050-02-07,8983.96,nan,3340.19,3449.74,2860.03
2050-02-07 05:00:00,2050-02-07 10:00:00,2050-02-07,9103.72,nan,3384.35,3495.46,2897.97
2050-02-07 06:00:00,2050-02-07 11:00:00,2050-02-07,9175.51,nan,3410.37,3522.14,2921.24
2050-02-07 07:00:00,2050-02-07 12:00:00,2050-02-07,9244.8,nan,3436.1,3548.71,2944.07
2050-02-07 08:00:00,2050-02-07 13:00:00,2050-02-07,8814.64,nan,3273.68,3381.05,2807.6
2050-02-07 09:00:00,2050-02-07 14:00:00,2050-02-07,7874.01,nan,2916.93,3012.66,2501.88
2050-02-07 10:00:00,2050-02-07 15:00:00,2050-02-07,7080.72,nan,2617.3,2703.56,2249.03
2050-02-07 11:00:00,2050-02-07 16:00:00,2050-02-07,6283.6,nan,2320.85,2397.92,1995.59
2050-02-07 12:00:00,2050-02-07 17:00:00,2050-02-07,5617.12,nan,2073.03,2142.39,1782.27
2050-02-07 13:00:00,2050-02-07 18:00:00,2050-02-07,4912.87,nan,1811.07,1871.99,1556.93
2050-02-07 14:00:00,2050-02-07 19:00:00,2050-02-07,4156.86,nan,1528.94,1580.53,1315.95
2050-02-07 15:00:00,2050-02-07 20:00:00,2050-02-07,3540.66,nan,1297.98,1341.77,1119.54
2050-02-07 16:00:00,2050-02-07 21:00:00,2050-02-07,3249.95,nan,1188.11,1228.05,1027.71
2050-02-07 17:00:00,2050-02-07 22:00:00,2050-02-07,3652.04,nan,1337.11,1382.57,1153.53
2050-02-07 18:00:00,2050-02-07 23:00:00,2050-02-07,4332.95,nan,1593.03,1647.58,1365.33
2050-02-07 19:00:00,2050-02-08 00:00:00,2050-02-07,5189.24,nan,1914.62,1978.11,1643.58
2050-02-07 20:00:00,2050-02-08 01:00:00,2050-02-07,5857.29,nan,2165.96,2236.75,1859.19
2050-02-07 21:00:00,2050-02-08 02:00:00,2050-02-07,6281.45,nan,2324.93,2400.61,1993.9
2050-02-07 22:00:00,2050-02-08 03:00:00,2050-02-07,6609.32,nan,2447.58,2526.78,2098.13
2050-02-07 23:00:00,2050-02-08 04:00:00,2050-02-07,6876.52,nan,2546.72,2628.48,2183.66
2050-02-08 00:00:00,2050-02-08 05:00:00,2050-02-08,7108.8,nan,2632.81,2716.64,2257.72
2050-02-08 01:00:00,2050-02-08 06:00:00,2050-02-08,7303.51,nan,2704.73,2790.29,2319.69
2050-02-08 02:00:00,2050-02-08 07:00:00,2050-02-08,7470.25,nan,2766.41,2853.81,2372.95
2050-02-08 03:00:00,2050-02-08 08:00:00,2050-02-08,7594.8,nan,2812.72,2902.03,2410.06
2050-02-08 04:00:00,2050-02-08 09:00:00,2050-02-08,7728.48,nan,2862.95,2954.14,2452.53
2050-02-08 05:00:00,2050-02-08 10:00:00,2050-02-08,7848.06,nan,2908.1,3001.76,2491.3
2050-02-08 06:00:00,2050-02-08 11:00:00,2050-02-08,7957.36,nan,2949.9,3045.09,2526.77
2050-02-08 07:00:00,2050-02-08 12:00:00,2050-02-08,8057.69,nan,2988.66,3085.63,2559.82
2050-02-08 08:00:00,2050-02-08 13:00:00,2050-02-08,7509.01,nan,2782.25,2873.05,2387.61
2050-02-08 09:00:00,2050-02-08 14:00:00,2050-02-08,6490.14,nan,2398.28,2477.33,2058.01
2050-02-08 10:00:00,2050-02-08 15:00:00,2050-02-08,5738.22,nan,2113.97,2184.02,1818.06
2050-02-08 11:00:00,2050-02-08 16:00:00,2050-02-08,5026.58,nan,1847.08,1909.08,1591.05
2050-02-08 12:00:00,2050-02-08 17:00:00,2050-02-08,4435.87,nan,1625.98,1681.14,1401.73
2050-02-08 13:00:00,2050-02-08 18:00:00,2050-02-08,3827.09,nan,1399.07,1447.17,1207.47
2050-02-08 14:00:00,2050-02-08 19:00:00,2050-02-08,3207.56,nan,1168.71,1209.29,1010.11
2050-02-08 15:00:00,2050-02-08 20:00:00,2050-02-08,2749.63,nan,997.76,1032.81,863.92
2050-02-08 16:00:00,2050-02-08 21:00:00,2050-02-08,2639.23,nan,956.91,990.39,830.53
2050-02-08 17:00:00,2050-02-08 22:00:00,2050-02-08,3196.17,nan,1167.09,1207.87,1006.79
2050-02-08 18:00:00,2050-02-08 23:00:00,2050-02-08,3909.89,nan,1437.49,1487.47,1231.45
2050-02-08 19:00:00,2050-02-09 00:00:00,2050-02-08,4713.56,nan,1739.37,1797.89,1492.63
2050-02-08 20:00:00,2050-02-09 01:00:00,2050-02-08,5271.52,nan,1949.96,2014.56,1673.49
2050-02-08 21:00:00,2050-02-09 02:00:00,2050-02-08,5593.62,nan,2071.59,2140.37,1775.55
2050-02-08 22:00:00,2050-02-09 03:00:00,2050-02-08,5853.99,nan,2169.37,2241.82,1858.54
2050-02-08 23:00:00,2050-02-09 04:00:00,2050-02-08,6046.58,nan,2240.69,2316.2,1918.64
2050-02-09 00:00:00,2050-02-09 05:00:00,2050-02-09,6203.81,nan,2299.15,2376.66,1968.33
2050-02-09 01:00:00,2050-02-09 06:00:00,2050-02-09,6323.66,nan,2342.11,2421.39,2004.38
2050-02-09 02:00:00,2050-02-09 07:00:00,2050-02-09,6430.31,nan,2380.7,2461.21,2037.0
2050-02-09 03:00:00,2050-02-09 08:00:00,2050-02-09,6572.31,nan,2434.66,2516.36,2082.47
2050-02-09 04:00:00,2050-02-09 09:00:00,2050-02-09,6729.82,nan,2493.86,2577.44,2133.18
2050-02-09 05:00:00,2050-02-09 10:00:00,2050-02-09,6884.2,nan,2551.97,2637.72,2184.26
2050-02-09 06:00:00,2050-02-09 11:00:00,2050-02-09,7011.05,nan,2599.27,2686.76,2225.76
2050-02-09 07:00:00,2050-02-09 12:00:00,2050-02-09,7109.2,nan,2635.5,2724.43,2257.94
2050-02-09 08:00:00,2050-02-09 13:00:00,2050-02-09,6550.82,nan,2426.36,2507.91,2082.57
2050-02-09 09:00:00,2050-02-09 14:00:00,2050-02-09,5526.24,nan,2041.72,2111.27,1751.85
2050-02-09 10:00:00,2050-02-09 15:00:00,2050-02-09,4757.31,nan,1752.52,1812.41,1506.87
2050-02-09 11:00:00,2050-02-09 16:00:00,2050-02-09,4013.13,nan,1472.82,1523.87,1269.48
2050-02-09 12:00:00,2050-02-09 17:00:00,2050-02-09,3382.65,nan,1237.62,1280.86,1067.46
2050-02-09 13:00:00,2050-02-09 18:00:00,2050-02-09,2693.78,nan,981.47,1016.3,847.58
2050-02-09 14:00:00,2050-02-09 19:00:00,2050-02-09,2005.2,nan,726.77,753.25,628.3
2050-02-09 15:00:00,2050-02-09 20:00:00,2050-02-09,1570.83,nan,568.27,589.54,489.99
2050-02-09 16:00:00,2050-02-09 21:00:00,2050-02-09,1444.44,nan,522.25,541.7,450.54
2050-02-09 17:00:00,2050-02-09 22:00:00,2050-02-09,1662.89,nan,601.51,623.95,518.36
2050-02-09 18:00:00,2050-02-09 23:00:00,2050-02-09,2046.08,nan,739.39,766.89,635.65
2050-02-09 19:00:00,2050-02-10 00:00:00,2050-02-09,2649.65,nan,963.61,997.02,830.36
2050-02-09 20:00:00,2050-02-10 01:00:00,2050-02-09,3102.54,nan,1132.17,1170.67,975.81
2050-02-09 21:00:00,2050-02-10 02:00:00,2050-02-09,3347.32,nan,1222.68,1264.35,1053.08
2050-02-09 22:00:00,2050-02-10 03:00:00,2050-02-09,3522.35,nan,1288.55,1332.62,1108.35
2050-02-09 23:00:00,2050-02-10 04:00:00,2050-02-09,3703.11,nan,1359.31,1405.39,1167.32
2050-02-10 00:00:00,2050-02-10 05:00:00,2050-02-10,3847.6,nan,1414.74,1462.4,1213.83
2050-02-10 01:00:00,2050-02-10 06:00:00,2050-02-10,3972.7,nan,1463.8,1513.18,1254.7
2050-02-10 02:00:00,2050-02-10 07:00:00,2050-02-10,4091.29,nan,1508.8,1559.62,1293.17
2050-02-10 03:00:00,2050-02-10 08:00:00,2050-02-10,4220.66,nan,1559.81,1612.3,1335.45
2050-02-10 04:00:00,2050-02-10 09:00:00,2050-02-10,4307.7,nan,1593.09,1646.71,1363.19
2050-02-10 05:00:00,2050-02-10 10:00:00,2050-02-10,4385.37,nan,1624.01,1678.4,1388.89
2050-02-10 06:00:00,2050-02-10 11:00:00,2050-02-10,4437.74,nan,1643.77,1699.07,1406.15
2050-02-10 07:00:00,2050-02-10 12:00:00,2050-02-10,4461.17,nan,1652.7,1708.59,1413.96
2050-02-10 08:00:00,2050-02-10 13:00:00,2050-02-10,4260.4,nan,1578.74,1632.98,1348.15
2050-02-10 09:00:00,2050-02-10 14:00:00,2050-02-10,3731.84,nan,1373.75,1423.45,1175.65
2050-02-10 10:00:00,2050-02-10 15:00:00,2050-02-10,3625.82,nan,1335.39,1383.52,1142.73
2050-02-10 11:00:00,2050-02-10 16:00:00,2050-02-10,3479.79,nan,1282.42,1329.26,1094.71
2050-02-10 12:00:00,2050-02-10 17:00:00,2050-02-10,3308.66,nan,1221.27,1266.2,1040.36
2050-02-10 13:00:00,2050-02-10 18:00:00,2050-02-10,3136.09,nan,1157.5,1200.8,986.32
2050-02-10 14:00:00,2050-02-10 19:00:00,2050-02-10,3091.15,nan,1143.82,1186.16,971.63
2050-02-10 15:00:00,2050-02-10 20:00:00,2050-02-10,3074.08,nan,1136.69,1178.38,964.88
2050-02-10 16:00:00,2050-02-10 21:00:00,2050-02-10,3122.81,nan,1155.08,1197.41,981.17
2050-02-10 17:00:00,2050-02-10 22:00:00,2050-02-10,3287.2,nan,1215.86,1259.95,1032.81
2050-02-10 18:00:00,2050-02-10 23:00:00,2050-02-10,3478.72,nan,1286.34,1333.07,1093.12
2050-02-10 19:00:00,2050-02-11 00:00:00,2050-02-10,3921.0,nan,1451.2,1501.68,1238.57
2050-02-10 20:00:00,2050-02-11 01:00:00,2050-02-10,4240.69,nan,1571.2,1624.29,1344.11
2050-02-10 21:00:00,2050-02-11 02:00:00,2050-02-10,4457.68,nan,1653.28,1709.44,1413.16
2050-02-10 22:00:00,2050-02-11 03:00:00,2050-02-10,4716.37,nan,1748.92,1807.98,1494.77
2050-02-10 23:00:00,2050-02-11 04:00:00,2050-02-10,4925.36,nan,1825.7,1887.18,1561.35
2050-02-11 00:00:00,2050-02-11 05:00:00,2050-02-11,5114.14,nan,1895.32,1958.79,1621.33
2050-02-11 01:00:00,2050-02-11 06:00:00,2050-02-11,5327.48,nan,1974.67,2040.82,1689.48
2050-02-11 02:00:00,2050-02-11 07:00:00,2050-02-11,5497.47,nan,2038.18,2106.59,1744.29
2050-02-11 03:00:00,2050-02-11 08:00:00,2050-02-11,5666.42,nan,2102.48,2173.15,1798.91
2050-02-11 04:00:00,2050-02-11 09:00:00,2050-02-11,5823.43,nan,2162.85,2235.36,1849.62
2050-02-11 05:00:00,2050-02-11 10:00:00,2050-02-11,5982.48,nan,2224.33,2298.82,1901.02
2050-02-11 06:00:00,2050-02-11 11:00:00,2050-02-11,6180.68,nan,2300.8,2377.55,1965.81
2050-02-11 07:00:00,2050-02-11 12:00:00,2050-02-11,6331.88,nan,2356.24,2434.72,2014.57
2050-02-11 08:00:00,2050-02-11 13:00:00,2050-02-11,5999.34,nan,2233.41,2308.28,1910.62
2050-02-11 09:00:00,2050-02-11 14:00:00,2050-02-11,5367.76,nan,1998.18,2066.29,1705.42
2050-02-11 10:00:00,2050-02-11 15:00:00,2050-02-11,4875.93,nan,1810.73,1872.06,1549.09
2050-02-11 11:00:00,2050-02-11 16:00:00,2050-02-11,4336.98,nan,1604.31,1659.05,1375.99
2050-02-11 12:00:00,2050-02-11 17:00:00,2050-02-11,3896.65,nan,1437.93,1487.37,1234.37
2050-02-11 13:00:00,2050-02-11 18:00:00,2050-02-11,3419.67,nan,1259.35,1302.95,1080.11
2050-02-11 14:00:00,2050-02-11 19:00:00,2050-02-11,3169.02,nan,1170.92,1212.03,999.81
2050-02-11 15:00:00,2050-02-11 20:00:00,2050-02-11,3081.49,nan,1139.94,1179.92,970.43
2050-02-11 16:00:00,2050-02-11 21:00:00,2050-02-11,3120.37,nan,1153.44,1194.15,982.82
2050-02-11 17:00:00,2050-02-11 22:00:00,2050-02-11,3459.48,nan,1280.49,1325.64,1090.74
2050-02-11 18:00:00,2050-02-11 23:00:00,2050-02-11,3972.24,nan,1473.0,1524.81,1251.59
2050-02-11 19:00:00,2050-02-12 00:00:00,2050-02-11,4684.43,nan,1739.58,1798.02,1483.68
2050-02-11 20:00:00,2050-02-12 01:00:00,2050-02-11,5166.6,nan,1918.56,1981.5,1640.09
2050-02-11 21:00:00,2050-02-12 02:00:00,2050-02-11,5475.02,nan,2032.6,2098.92,1737.29
2050-02-11 22:00:00,2050-02-12 03:00:00,2050-02-11,5732.77,nan,2126.63,2195.99,1818.34
2050-02-11 23:00:00,2050-02-12 04:00:00,2050-02-11,5941.36,nan,2202.75,2274.75,1882.56
2050-02-12 00:00:00,2050-02-12 05:00:00,2050-02-12,6101.59,nan,2260.2,2333.93,1932.51
2050-02-12 01:00:00,2050-02-12 06:00:00,2050-02-12,6233.92,nan,2306.74,2381.97,1974.42
2050-02-12 02:00:00,2050-02-12 07:00:00,2050-02-12,6362.55,nan,2353.0,2428.82,2014.37
2050-02-12 03:00:00,2050-02-12 08:00:00,2050-02-12,6482.09,nan,2395.12,2472.45,2053.11
2050-02-12 04:00:00,2050-02-12 09:00:00,2050-02-12,6603.33,nan,2438.01,2516.58,2090.59
2050-02-12 05:00:00,2050-02-12 10:00:00,2050-02-12,6728.22,nan,2483.51,2563.76,2129.52
2050-02-12 06:00:00,2050-02-12 11:00:00,2050-02-12,6847.35,nan,2527.13,2608.52,2167.58
2050-02-12 07:00:00,2050-02-12 12:00:00,2050-02-12,6962.41,nan,2570.1,2652.86,2204.34
2050-02-12 08:00:00,2050-02-12 13:00:00,2050-02-12,6472.06,nan,2388.26,2466.23,2051.9
2050-02-12 09:00:00,2050-02-12 14:00:00,2050-02-12,5536.92,nan,2038.65,2106.99,1751.37
2050-02-12 10:00:00,2050-02-12 15:00:00,2050-02-12,4821.25,nan,1770.53,1830.46,1524.09
2050-02-12 11:00:00,2050-02-12 16:00:00,2050-02-12,4166.42,nan,1526.13,1578.07,1315.67
2050-02-12 12:00:00,2050-02-12 17:00:00,2050-02-12,3640.12,nan,1330.24,1375.95,1147.07
2050-02-12 13:00:00,2050-02-12 18:00:00,2050-02-12,3085.25,nan,1124.35,1163.79,969.67
2050-02-12 14:00:00,2050-02-12 19:00:00,2050-02-12,2504.06,nan,909.23,941.73,785.13
2050-02-12 15:00:00,2050-02-12 20:00:00,2050-02-12,2076.29,nan,750.91,778.3,649.35
2050-02-12 16:00:00,2050-02-12 21:00:00,2050-02-12,1935.46,nan,699.43,724.71,606.2
2050-02-12 17:00:00,2050-02-12 22:00:00,2050-02-12,2401.89,nan,874.73,906.12,754.17
2050-02-12 18:00:00,2050-02-12 23:00:00,2050-02-12,3161.63,nan,1159.43,1200.64,990.52
2050-02-12 19:00:00,2050-02-13 00:00:00,2050-02-12,4016.37,nan,1480.22,1530.72,1266.18
2050-02-12 20:00:00,2050-02-13 01:00:00,2050-02-12,4625.25,nan,1708.15,1765.41,1463.51
2050-02-12 21:00:00,2050-02-13 02:00:00,2050-02-12,5003.2,nan,1849.53,1911.73,1584.3
2050-02-12 22:00:00,2050-02-13 03:00:00,2050-02-12,5350.51,nan,1980.99,2047.64,1695.05
2050-02-12 23:00:00,2050-02-13 04:00:00,2050-02-12,5647.38,nan,2091.88,2162.53,1789.41
2050-02-13 00:00:00,2050-02-13 05:00:00,2050-02-13,5866.55,nan,2174.84,2247.3,1858.24
2050-02-13 01:00:00,2050-02-13 06:00:00,2050-02-13,6013.06,nan,2227.76,2301.85,1906.06
2050-02-13 02:00:00,2050-02-13 07:00:00,2050-02-13,6135.96,nan,2273.87,2349.42,1945.79
2050-02-13 03:00:00,2050-02-13 08:00:00,2050-02-13,6201.48,nan,2296.94,2373.39,1966.98
2050-02-13 04:00:00,2050-02-13 09:00:00,2050-02-13,6251.91,nan,2315.19,2392.18,1983.13
2050-02-13 05:00:00,2050-02-13 10:00:00,2050-02-13,6316.74,nan,2338.91,2416.72,2004.69
2050-02-13 06:00:00,2050-02-13 11:00:00,2050-02-13,6429.39,nan,2380.54,2459.33,2041.45
2050-02-13 07:00:00,2050-02-13 12:00:00,2050-02-13,6542.14,nan,2422.45,2502.32,2077.81
2050-02-13 08:00:00,2050-02-13 13:00:00,2050-02-13,6121.35,nan,2264.6,2339.97,1944.87
2050-02-13 09:00:00,2050-02-13 14:00:00,2050-02-13,5358.3,nan,1979.69,2045.99,1694.53
2050-02-13 10:00:00,2050-02-13 15:00:00,2050-02-13,4869.37,nan,1795.8,1855.8,1538.66
2050-02-13 11:00:00,2050-02-13 16:00:00,2050-02-13,4416.11,nan,1627.33,1682.04,1395.02
2050-02-13 12:00:00,2050-02-13 17:00:00,2050-02-13,4056.66,nan,1494.29,1544.77,1279.63
2050-02-13 13:00:00,2050-02-13 18:00:00,2050-02-13,3694.82,nan,1361.35,1408.07,1164.26
2050-02-13 14:00:00,2050-02-13 19:00:00,2050-02-13,3274.66,nan,1207.12,1249.25,1031.45
2050-02-13 15:00:00,2050-02-13 20:00:00,2050-02-13,2874.63,nan,1058.09,1095.99,905.94
2050-02-13 16:00:00,2050-02-13 21:00:00,2050-02-13,2831.43,nan,1045.2,1082.12,894.92
2050-02-13 17:00:00,2050-02-13 22:00:00,2050-02-13,3206.05,nan,1183.71,1225.99,1012.05
2050-02-13 18:00:00,2050-02-13 23:00:00,2050-02-13,3730.5,nan,1379.8,1428.79,1174.93
2050-02-13 19:00:00,2050-02-14 00:00:00,2050-02-13,4461.99,nan,1653.26,1709.75,1412.3
2050-02-13 20:00:00,2050-02-14 01:00:00,2050-02-13,4949.7,nan,1834.97,1896.18,1570.32
2050-02-13 21:00:00,2050-02-14 02:00:00,2050-02-13,5211.98,nan,1931.81,1996.25,1653.49
2050-02-13 22:00:00,2050-02-14 03:00:00,2050-02-13,5462.48,nan,2026.02,2093.54,1733.57
2050-02-13 23:00:00,2050-02-14 04:00:00,2050-02-13,5678.04,nan,2107.11,2177.24,1802.53
2050-02-14 00:00:00,2050-02-14 05:00:00,2050-02-14,5875.27,nan,2181.72,2254.29,1865.58
2050-02-14 01:00:00,2050-02-14 06:00:00,2050-02-14,6069.94,nan,2255.18,2330.31,1928.23
2050-02-14 02:00:00,2050-02-14 07:00:00,2050-02-14,6256.26,nan,2326.91,2404.39,1988.47
2050-02-14 03:00:00,2050-02-14 08:00:00,2050-02-14,6427.96,nan,2393.42,2473.08,2043.85
2050-02-14 04:00:00,2050-02-14 09:00:00,2050-02-14,6580.06,nan,2451.87,2533.09,2093.5
2050-02-14 05:00:00,2050-02-14 10:00:00,2050-02-14,6715.72,nan,2504.61,2587.38,2137.7
2050-02-14 06:00:00,2050-02-14 11:00:00,2050-02-14,6827.52,nan,2547.84,2631.88,2174.11
2050-02-14 07:00:00,2050-02-14 12:00:00,2050-02-14,6903.01,nan,2577.19,2662.09,2198.78
2050-02-14 08:00:00,2050-02-14 13:00:00,2050-02-14,6326.46,nan,2356.4,2434.12,2015.32
2050-02-14 09:00:00,2050-02-14 14:00:00,2050-02-14,5369.85,nan,1990.3,2057.66,1702.92
2050-02-14 10:00:00,2050-02-14 15:00:00,2050-02-14,4691.95,nan,1730.69,1789.94,1485.28
2050-02-14 11:00:00,2050-02-14 16:00:00,2050-02-14,4041.62,nan,1483.24,1534.38,1277.22
2050-02-14 12:00:00,2050-02-14 17:00:00,2050-02-14,3520.53,nan,1285.04,1328.98,1109.66
2050-02-14 13:00:00,2050-02-14 18:00:00,2050-02-14,3020.37,nan,1095.03,1132.71,947.43
2050-02-14 14:00:00,2050-02-14 19:00:00,2050-02-14,2530.47,nan,908.35,940.07,788.98
2050-02-14 15:00:00,2050-02-14 20:00:00,2050-02-14,2195.43,nan,779.21,806.61,680.14
2050-02-14 16:00:00,2050-02-14 21:00:00,2050-02-14,2030.44,nan,716.05,741.41,629.0
2050-02-14 17:00:00,2050-02-14 22:00:00,2050-02-14,2355.47,nan,840.07,869.92,733.72
2050-02-14 18:00:00,2050-02-14 23:00:00,2050-02-14,3002.73,nan,1086.91,1125.41,937.75
2050-02-14 19:00:00,2050-02-15 00:00:00,2050-02-14,3815.59,nan,1396.58,1443.75,1200.96
2050-02-14 20:00:00,2050-02-15 01:00:00,2050-02-14,4469.2,nan,1646.01,1700.19,1413.22
2050-02-14 21:00:00,2050-02-15 02:00:00,2050-02-14,4905.08,nan,1813.28,1872.65,1553.56
2050-02-14 22:00:00,2050-02-15 03:00:00,2050-02-14,5291.14,nan,1960.77,2024.7,1677.73
2050-02-14 23:00:00,2050-02-15 04:00:00,2050-02-14,5626.65,nan,2088.51,2156.37,1785.69
2050-02-15 00:00:00,2050-02-15 05:00:00,2050-02-15,5913.9,nan,2197.91,2269.1,1878.28
2050-02-15 01:00:00,2050-02-15 06:00:00,2050-02-15,6169.66,nan,2294.46,2368.65,1960.55
2050-02-15 02:00:00,2050-02-15 07:00:00,2050-02-15,6402.89,nan,2382.94,2459.63,2035.74
2050-02-15 03:00:00,2050-02-15 08:00:00,2050-02-15,6615.76,nan,2463.62,2542.77,2104.66
2050-02-15 04:00:00,2050-02-15 09:00:00,2050-02-15,6802.0,nan,2532.79,2614.13,2164.73
2050-02-15 05:00:00,2050-02-15 10:00:00,2050-02-15,6957.9,nan,2590.56,2673.82,2215.16
2050-02-15 06:00:00,2050-02-15 11:00:00,2050-02-15,7083.6,nan,2637.21,2721.89,2255.93
2050-02-15 07:00:00,2050-02-15 12:00:00,2050-02-15,7177.86,nan,2672.18,2758.03,2286.77
2050-02-15 08:00:00,2050-02-15 13:00:00,2050-02-15,6483.61,nan,2412.9,2490.73,2069.09
2050-02-15 09:00:00,2050-02-15 14:00:00,2050-02-15,5366.98,nan,1993.91,2060.11,1707.84
2050-02-15 10:00:00,2050-02-15 15:00:00,2050-02-15,4517.92,nan,1674.14,1730.69,1436.38
2050-02-15 11:00:00,2050-02-15 16:00:00,2050-02-15,3727.71,nan,1377.45,1424.75,1183.53
2050-02-15 12:00:00,2050-02-15 17:00:00,2050-02-15,3068.78,nan,1130.39,1169.78,971.08
2050-02-15 13:00:00,2050-02-15 18:00:00,2050-02-15,2388.47,nan,876.58,907.88,752.52
2050-02-15 14:00:00,2050-02-15 19:00:00,2050-02-15,1700.08,nan,620.05,642.84,532.23
2050-02-15 15:00:00,2050-02-15 20:00:00,2050-02-15,1176.28,nan,424.49,440.24,366.64
2050-02-15 16:00:00,2050-02-15 21:00:00,2050-02-15,937.59,nan,335.03,347.38,293.02
2050-02-15 17:00:00,2050-02-15 22:00:00,2050-02-15,1254.09,nan,451.28,467.9,391.48
2050-02-15 18:00:00,2050-02-15 23:00:00,2050-02-15,1987.39,nan,722.43,749.2,618.13
2050-02-15 19:00:00,2050-02-16 00:00:00,2050-02-15,2802.98,nan,1025.2,1061.02,880.78
2050-02-15 20:00:00,2050-02-16 01:00:00,2050-02-15,3322.52,nan,1216.87,1258.56,1047.53
2050-02-15 21:00:00,2050-02-16 02:00:00,2050-02-15,3611.03,nan,1326.19,1371.33,1140.6
2050-02-15 22:00:00,2050-02-16 03:00:00,2050-02-15,3804.57,nan,1399.44,1446.19,1202.79
2050-02-15 23:00:00,2050-02-16 04:00:00,2050-02-15,3922.29,nan,1446.19,1494.18,1240.42
2050-02-16 00:00:00,2050-02-16 05:00:00,2050-02-16,4081.56,nan,1509.81,1559.99,1292.95
2050-02-16 01:00:00,2050-02-16 06:00:00,2050-02-16,4132.44,nan,1526.63,1577.81,1307.0
2050-02-16 02:00:00,2050-02-16 07:00:00,2050-02-16,4294.37,nan,1590.14,1643.73,1360.6
2050-02-16 03:00:00,2050-02-16 08:00:00,2050-02-16,4347.02,nan,1609.09,1663.27,1377.19
2050-02-16 04:00:00,2050-02-16 09:00:00,2050-02-16,4426.28,nan,1640.35,1695.24,1403.79
2050-02-16 05:00:00,2050-02-16 10:00:00,2050-02-16,4425.96,nan,1638.45,1693.57,1402.49
2050-02-16 06:00:00,2050-02-16 11:00:00,2050-02-16,4411.32,nan,1631.32,1686.7,1397.25
2050-02-16 07:00:00,2050-02-16 12:00:00,2050-02-16,4423.34,nan,1636.09,1690.99,1401.9
2050-02-16 08:00:00,2050-02-16 13:00:00,2050-02-16,4170.19,nan,1541.61,1594.8,1319.42
2050-02-16 09:00:00,2050-02-16 14:00:00,2050-02-16,3694.67,nan,1363.28,1411.92,1165.93
2050-02-16 10:00:00,2050-02-16 15:00:00,2050-02-16,3558.45,nan,1315.77,1362.5,1124.28
2050-02-16 11:00:00,2050-02-16 16:00:00,2050-02-16,3433.14,nan,1270.44,1314.95,1085.32
2050-02-16 12:00:00,2050-02-16 17:00:00,2050-02-16,3466.83,nan,1288.38,1333.94,1094.39
2050-02-16 13:00:00,2050-02-16 18:00:00,2050-02-16,3554.1,nan,1327.2,1374.68,1121.1
2050-02-16 14:00:00,2050-02-16 19:00:00,2050-02-16,3700.16,nan,1382.41,1431.6,1168.13
2050-02-16 15:00:00,2050-02-16 20:00:00,2050-02-16,3830.98,nan,1434.45,1485.58,1210.56
2050-02-16 16:00:00,2050-02-16 21:00:00,2050-02-16,3921.6,nan,1463.92,1515.94,1239.6
2050-02-16 17:00:00,2050-02-16 22:00:00,2050-02-16,4137.54,nan,1542.22,1596.68,1307.58
2050-02-16 18:00:00,2050-02-16 23:00:00,2050-02-16,4433.43,nan,1651.0,1708.99,1399.14
2050-02-16 19:00:00,2050-02-17 00:00:00,2050-02-16,4936.0,nan,1838.24,1900.51,1564.4
2050-02-16 20:00:00,2050-02-17 01:00:00,2050-02-16,5246.58,nan,1953.68,2018.8,1666.31
2050-02-16 21:00:00,2050-02-17 02:00:00,2050-02-16,5360.98,nan,1995.94,2062.15,1702.35
2050-02-16 22:00:00,2050-02-17 03:00:00,2050-02-16,5456.01,nan,2031.91,2099.49,1731.23
2050-02-16 23:00:00,2050-02-17 04:00:00,2050-02-16,5576.29,nan,2077.86,2146.79,1769.23
2050-02-17 00:00:00,2050-02-17 05:00:00,2050-02-17,5681.01,nan,2116.92,2187.29,1803.31
2050-02-17 01:00:00,2050-02-17 06:00:00,2050-02-17,5811.72,nan,2165.22,2237.46,1845.28
2050-02-17 02:00:00,2050-02-17 07:00:00,2050-02-17,5931.15,nan,2209.31,2283.09,1883.65
2050-02-17 03:00:00,2050-02-17 08:00:00,2050-02-17,6061.49,nan,2256.86,2332.16,1925.17
2050-02-17 04:00:00,2050-02-17 09:00:00,2050-02-17,6180.8,nan,2300.72,2377.32,1963.59
2050-02-17 05:00:00,2050-02-17 10:00:00,2050-02-17,6292.39,nan,2341.12,2419.03,1999.66
2050-02-17 06:00:00,2050-02-17 11:00:00,2050-02-17,6382.13,nan,2373.97,2452.89,2028.45
2050-02-17 07:00:00,2050-02-17 12:00:00,2050-02-17,6455.58,nan,2402.6,2482.38,2052.85
2050-02-17 08:00:00,2050-02-17 13:00:00,2050-02-17,5836.7,nan,2172.15,2244.17,1858.3
2050-02-17 09:00:00,2050-02-17 14:00:00,2050-02-17,4845.49,nan,1798.01,1858.61,1537.17
2050-02-17 10:00:00,2050-02-17 15:00:00,2050-02-17,4134.53,nan,1527.16,1578.66,1309.08
2050-02-17 11:00:00,2050-02-17 16:00:00,2050-02-17,3465.06,nan,1270.86,1314.34,1093.83
2050-02-17 12:00:00,2050-02-17 17:00:00,2050-02-17,2885.28,nan,1051.13,1087.98,907.22
2050-02-17 13:00:00,2050-02-17 18:00:00,2050-02-17,2331.99,nan,841.1,871.35,727.91
2050-02-17 14:00:00,2050-02-17 19:00:00,2050-02-17,1866.83,nan,664.61,688.9,576.18
2050-02-17 15:00:00,2050-02-17 20:00:00,2050-02-17,1841.91,nan,658.23,682.84,567.9
2050-02-17 16:00:00,2050-02-17 21:00:00,2050-02-17,1932.7,nan,693.18,721.4,596.84
2050-02-17 17:00:00,2050-02-17 22:00:00,2050-02-17,2247.54,nan,810.58,842.66,697.49
2050-02-17 18:00:00,2050-02-17 23:00:00,2050-02-17,2792.19,nan,1015.89,1054.34,868.2
2050-02-17 19:00:00,2050-02-18 00:00:00,2050-02-17,3591.26,nan,1318.03,1364.39,1127.55
2050-02-17 20:00:00,2050-02-18 01:00:00,2050-02-17,4186.59,nan,1544.79,1597.07,1321.21
2050-02-17 21:00:00,2050-02-18 02:00:00,2050-02-17,4507.1,nan,1666.0,1721.62,1424.58
2050-02-17 22:00:00,2050-02-18 03:00:00,2050-02-17,4810.77,nan,1782.92,1842.18,1522.75
2050-02-17 23:00:00,2050-02-18 04:00:00,2050-02-17,5085.98,nan,1889.82,1952.0,1611.82
2050-02-18 00:00:00,2050-02-18 05:00:00,2050-02-18,5302.6,nan,1972.27,2036.63,1682.18
2050-02-18 01:00:00,2050-02-18 06:00:00,2050-02-18,5495.35,nan,2046.51,2113.33,1745.85
2050-02-18 02:00:00,2050-02-18 07:00:00,2050-02-18,5663.38,nan,2110.82,2179.72,1800.58
2050-02-18 03:00:00,2050-02-18 08:00:00,2050-02-18,5762.98,nan,2148.25,2218.62,1832.42
2050-02-18 04:00:00,2050-02-18 09:00:00,2050-02-18,5868.73,nan,2187.91,2259.84,1867.46
2050-02-18 05:00:00,2050-02-18 10:00:00,2050-02-18,5972.94,nan,2227.98,2301.37,1901.32
2050-02-18 06:00:00,2050-02-18 11:00:00,2050-02-18,6054.42,nan,2259.07,2333.94,1927.84
2050-02-18 07:00:00,2050-02-18 12:00:00,2050-02-18,6090.05,nan,2272.8,2348.51,1938.85
2050-02-18 08:00:00,2050-02-18 13:00:00,2050-02-18,5421.68,nan,2020.42,2086.97,1726.44
2050-02-18 09:00:00,2050-02-18 14:00:00,2050-02-18,4431.32,nan,1643.49,1699.69,1407.42
2050-02-18 10:00:00,2050-02-18 15:00:00,2050-02-18,3842.71,nan,1420.75,1470.13,1222.8
2050-02-18 11:00:00,2050-02-18 16:00:00,2050-02-18,3345.29,nan,1232.59,1275.47,1064.06
2050-02-18 12:00:00,2050-02-18 17:00:00,2050-02-18,2910.83,nan,1068.66,1106.03,924.75
2050-02-18 13:00:00,2050-02-18 18:00:00,2050-02-18,2451.99,nan,898.67,930.31,779.54
2050-02-18 14:00:00,2050-02-18 19:00:00,2050-02-18,1945.95,nan,709.13,734.94,619.11
2050-02-18 15:00:00,2050-02-18 20:00:00,2050-02-18,1629.79,nan,592.15,613.75,518.7
2050-02-18 16:00:00,2050-02-18 21:00:00,2050-02-18,1593.54,nan,577.26,598.28,503.82
2050-02-18 17:00:00,2050-02-18 22:00:00,2050-02-18,1952.78,nan,711.62,737.66,616.85
2050-02-18 18:00:00,2050-02-18 23:00:00,2050-02-18,2621.94,nan,965.91,1001.39,825.93
2050-02-18 19:00:00,2050-02-19 00:00:00,2050-02-18,3449.64,nan,1277.12,1321.71,1092.94
2050-02-18 20:00:00,2050-02-19 01:00:00,2050-02-18,4099.55,nan,1522.71,1574.75,1302.27
2050-02-18 21:00:00,2050-02-19 02:00:00,2050-02-18,4512.15,nan,1679.29,1735.98,1434.89
2050-02-18 22:00:00,2050-02-19 03:00:00,2050-02-18,4883.61,nan,1819.81,1880.92,1553.83
2050-02-18 23:00:00,2050-02-19 04:00:00,2050-02-18,5199.44,nan,1939.42,2004.01,1655.14
2050-02-19 00:00:00,2050-02-19 05:00:00,2050-02-19,5464.36,nan,2040.03,2107.53,1740.45
2050-02-19 01:00:00,2050-02-19 06:00:00,2050-02-19,5688.22,nan,2124.61,2194.42,1812.09
2050-02-19 02:00:00,2050-02-19 07:00:00,2050-02-19,5902.04,nan,2205.09,2277.45,1881.21
2050-02-19 03:00:00,2050-02-19 08:00:00,2050-02-19,6097.66,nan,2278.66,2353.44,1943.82
2050-02-19 04:00:00,2050-02-19 09:00:00,2050-02-19,6275.83,nan,2346.1,2422.71,2001.1
2050-02-19 05:00:00,2050-02-19 10:00:00,2050-02-19,6406.47,nan,2395.51,2473.64,2043.34
2050-02-19 06:00:00,2050-02-19 11:00:00,2050-02-19,6519.43,nan,2438.38,2517.57,2079.88
2050-02-19 07:00:00,2050-02-19 12:00:00,2050-02-19,6604.88,nan,2471.51,2551.05,2107.93
2050-02-19 08:00:00,2050-02-19 13:00:00,2050-02-19,5949.98,nan,2219.01,2291.12,1899.61
2050-02-19 09:00:00,2050-02-19 14:00:00,2050-02-19,4920.65,nan,1823.04,1885.04,1562.94
2050-02-19 10:00:00,2050-02-19 15:00:00,2050-02-19,4282.31,nan,1579.71,1634.11,1360.02
2050-02-19 11:00:00,2050-02-19 16:00:00,2050-02-19,3704.12,nan,1361.46,1407.81,1174.84
2050-02-19 12:00:00,2050-02-19 17:00:00,2050-02-19,3192.13,nan,1164.67,1204.62,1010.26
2050-02-19 13:00:00,2050-02-19 18:00:00,2050-02-19,2658.93,nan,962.19,995.72,838.8
2050-02-19 14:00:00,2050-02-19 19:00:00,2050-02-19,2134.68,nan,763.09,789.97,670.16
2050-02-19 15:00:00,2050-02-19 20:00:00,2050-02-19,1808.13,nan,635.33,658.09,562.08
2050-02-19 16:00:00,2050-02-19 21:00:00,2050-02-19,1732.12,nan,604.14,624.95,537.98
2050-02-19 17:00:00,2050-02-19 22:00:00,2050-02-19,2059.95,nan,729.31,754.76,642.49
2050-02-19 18:00:00,2050-02-19 23:00:00,2050-02-19,2705.88,nan,978.84,1013.73,846.49
2050-02-19 19:00:00,2050-02-20 00:00:00,2050-02-19,3462.5,nan,1266.47,1310.12,1092.7
2050-02-19 20:00:00,2050-02-20 01:00:00,2050-02-19,3995.21,nan,1470.93,1520.69,1265.85
2050-02-19 21:00:00,2050-02-20 02:00:00,2050-02-19,4282.35,nan,1581.91,1635.47,1357.84
2050-02-19 22:00:00,2050-02-20 03:00:00,2050-02-19,4484.05,nan,1659.73,1715.62,1422.21
2050-02-19 23:00:00,2050-02-20 04:00:00,2050-02-19,4638.91,nan,1719.35,1777.51,1471.12
2050-02-20 00:00:00,2050-02-20 05:00:00,2050-02-20,4778.41,nan,1774.35,1834.4,1515.24
2050-02-20 01:00:00,2050-02-20 06:00:00,2050-02-20,4871.44,nan,1809.92,1871.51,1543.62
2050-02-20 02:00:00,2050-02-20 07:00:00,2050-02-20,4938.17,nan,1835.17,1897.65,1564.01
2050-02-20 03:00:00,2050-02-20 08:00:00,2050-02-20,4993.69,nan,1855.01,1918.14,1581.13
2050-02-20 04:00:00,2050-02-20 09:00:00,2050-02-20,5037.69,nan,1870.05,1933.82,1594.5
2050-02-20 05:00:00,2050-02-20 10:00:00,2050-02-20,5098.69,nan,1892.29,1956.67,1613.39
2050-02-20 06:00:00,2050-02-20 11:00:00,2050-02-20,5153.47,nan,1910.88,1976.13,1630.18
2050-02-20 07:00:00,2050-02-20 12:00:00,2050-02-20,5175.32,nan,1918.36,1983.19,1636.67
2050-02-20 08:00:00,2050-02-20 13:00:00,2050-02-20,4754.92,nan,1762.74,1824.1,1505.73
2050-02-20 09:00:00,2050-02-20 14:00:00,2050-02-20,4122.14,nan,1530.25,1586.53,1301.29
2050-02-20 10:00:00,2050-02-20 15:00:00,2050-02-20,3653.31,nan,1355.43,1406.68,1157.82
2050-02-20 11:00:00,2050-02-20 16:00:00,2050-02-20,3079.83,nan,1139.44,1182.67,977.17
2050-02-20 12:00:00,2050-02-20 17:00:00,2050-02-20,2560.36,nan,942.74,978.11,810.68
2050-02-20 13:00:00,2050-02-20 18:00:00,2050-02-20,2029.94,nan,741.93,769.23,640.0
2050-02-20 14:00:00,2050-02-20 19:00:00,2050-02-20,1552.76,nan,560.05,580.86,488.81
2050-02-20 15:00:00,2050-02-20 20:00:00,2050-02-20,1200.93,nan,426.57,442.18,377.0
2050-02-20 16:00:00,2050-02-20 21:00:00,2050-02-20,1028.12,nan,360.54,373.74,322.02
2050-02-20 17:00:00,2050-02-20 22:00:00,2050-02-20,1260.46,nan,447.94,464.45,394.97
2050-02-20 18:00:00,2050-02-20 23:00:00,2050-02-20,1913.05,nan,696.94,722.69,598.07
2050-02-20 19:00:00,2050-02-21 00:00:00,2050-02-20,2716.97,nan,1001.91,1037.34,858.31
2050-02-20 20:00:00,2050-02-21 01:00:00,2050-02-20,3325.06,nan,1233.21,1275.33,1054.41
2050-02-20 21:00:00,2050-02-21 02:00:00,2050-02-20,3684.02,nan,1369.11,1415.65,1167.93
2050-02-20 22:00:00,2050-02-21 03:00:00,2050-02-20,3985.3,nan,1482.37,1532.74,1263.55
2050-02-20 23:00:00,2050-02-21 04:00:00,2050-02-20,4265.82,nan,1588.03,1642.28,1353.67
2050-02-21 00:00:00,2050-02-21 05:00:00,2050-02-21,4526.57,nan,1686.62,1743.86,1437.11
2050-02-21 01:00:00,2050-02-21 06:00:00,2050-02-21,4759.09,nan,1775.33,1835.68,1512.15
2050-02-21 02:00:00,2050-02-21 07:00:00,2050-02-21,4931.17,nan,1840.89,1903.49,1568.2
2050-02-21 03:00:00,2050-02-21 08:00:00,2050-02-21,5075.44,nan,1895.55,1960.0,1614.7
2050-02-21 04:00:00,2050-02-21 09:00:00,2050-02-21,5188.52,nan,1937.09,2002.87,1650.36
2050-02-21 05:00:00,2050-02-21 10:00:00,2050-02-21,5313.83,nan,1982.06,2049.3,1690.54
2050-02-21 06:00:00,2050-02-21 11:00:00,2050-02-21,5422.71,nan,2018.87,2087.9,1723.71
2050-02-21 07:00:00,2050-02-21 12:00:00,2050-02-21,5530.48,nan,2057.11,2126.99,1757.96
2050-02-21 08:00:00,2050-02-21 13:00:00,2050-02-21,4854.81,nan,1803.35,1865.07,1545.18
2050-02-21 09:00:00,2050-02-21 14:00:00,2050-02-21,3884.28,nan,1438.35,1489.57,1231.31
2050-02-21 10:00:00,2050-02-21 15:00:00,2050-02-21,3225.34,nan,1189.73,1232.63,1021.5
2050-02-21 11:00:00,2050-02-21 16:00:00,2050-02-21,2658.09,nan,975.52,1011.36,839.85
2050-02-21 12:00:00,2050-02-21 17:00:00,2050-02-21,2250.15,nan,821.46,852.27,707.6
2050-02-21 13:00:00,2050-02-21 18:00:00,2050-02-21,1811.2,nan,656.4,681.79,566.16
2050-02-21 14:00:00,2050-02-21 19:00:00,2050-02-21,1406.72,nan,504.64,523.78,437.56
2050-02-21 15:00:00,2050-02-21 20:00:00,2050-02-21,1156.03,nan,411.37,426.44,359.54
2050-02-21 16:00:00,2050-02-21 21:00:00,2050-02-21,1104.65,nan,392.05,405.59,344.01
2050-02-21 17:00:00,2050-02-21 22:00:00,2050-02-21,1477.69,nan,530.16,549.26,461.51
2050-02-21 18:00:00,2050-02-21 23:00:00,2050-02-21,2307.43,nan,841.6,872.35,719.92
2050-02-21 19:00:00,2050-02-22 00:00:00,2050-02-21,3215.03,nan,1180.5,1221.96,1012.19
2050-02-21 20:00:00,2050-02-22 01:00:00,2050-02-21,3922.23,nan,1445.12,1494.58,1238.14
2050-02-21 21:00:00,2050-02-22 02:00:00,2050-02-21,4407.03,nan,1627.29,1682.18,1392.83
2050-02-21 22:00:00,2050-02-22 03:00:00,2050-02-21,4784.73,nan,1769.13,1828.28,1513.71
2050-02-21 23:00:00,2050-02-22 04:00:00,2050-02-21,5085.65,nan,1881.79,1944.29,1610.1
2050-02-22 00:00:00,2050-02-22 05:00:00,2050-02-22,5324.92,nan,1971.94,2036.94,1687.24
2050-02-22 01:00:00,2050-02-22 06:00:00,2050-02-22,5516.47,nan,2043.87,2110.98,1748.75
2050-02-22 02:00:00,2050-02-22 07:00:00,2050-02-22,5672.19,nan,2102.66,2171.51,1799.15
2050-02-22 03:00:00,2050-02-22 08:00:00,2050-02-22,5808.26,nan,2154.65,2224.86,1842.91
2050-02-22 04:00:00,2050-02-22 09:00:00,2050-02-22,5937.8,nan,2204.53,2275.96,1884.9
2050-02-22 05:00:00,2050-02-22 10:00:00,2050-02-22,6059.03,nan,2250.87,2323.58,1924.45
2050-02-22 06:00:00,2050-02-22 11:00:00,2050-02-22,6148.81,nan,2284.43,2358.04,1954.31
2050-02-22 07:00:00,2050-02-22 12:00:00,2050-02-22,6174.57,nan,2294.75,2368.93,1964.09
2050-02-22 08:00:00,2050-02-22 13:00:00,2050-02-22,5399.27,nan,2007.14,2072.37,1721.08
2050-02-22 09:00:00,2050-02-22 14:00:00,2050-02-22,4294.53,nan,1594.43,1648.14,1365.65
2050-02-22 10:00:00,2050-02-22 15:00:00,2050-02-22,3429.46,nan,1271.52,1315.04,1091.62
2050-02-22 11:00:00,2050-02-22 16:00:00,2050-02-22,2595.43,nan,960.21,993.89,825.46
2050-02-22 12:00:00,2050-02-22 17:00:00,2050-02-22,1876.82,nan,691.04,715.96,594.12
2050-02-22 13:00:00,2050-02-22 18:00:00,2050-02-22,1115.12,nan,405.67,420.86,351.04
2050-02-22 14:00:00,2050-02-22 19:00:00,2050-02-22,468.32,nan,165.69,171.84,148.63
2050-02-22 15:00:00,2050-02-22 20:00:00,2050-02-22,115.6,nan,38.08,39.79,36.95
2050-02-22 16:00:00,2050-02-22 21:00:00,2050-02-22,68.88,nan,22.89,23.97,22.16
2050-02-22 17:00:00,2050-02-22 22:00:00,2050-02-22,178.57,nan,61.97,64.62,56.71
2050-02-22 18:00:00,2050-02-22 23:00:00,2050-02-22,544.87,nan,194.28,202.19,167.85
2050-02-22 19:00:00,2050-02-23 00:00:00,2050-02-22,1168.1,nan,426.3,442.61,364.12
2050-02-22 20:00:00,2050-02-23 01:00:00,2050-02-22,1709.81,nan,628.61,652.22,536.37
2050-02-22 21:00:00,2050-02-23 02:00:00,2050-02-22,2063.45,nan,760.86,788.84,648.59
2050-02-22 22:00:00,2050-02-23 03:00:00,2050-02-22,2350.39,nan,871.2,902.52,742.03
2050-02-22 23:00:00,2050-02-23 04:00:00,2050-02-22,2526.26,nan,938.49,971.85,799.99
2050-02-23 00:00:00,2050-02-23 05:00:00,2050-02-23,2626.53,nan,976.1,1010.77,833.81
2050-02-23 01:00:00,2050-02-23 06:00:00,2050-02-23,2663.73,nan,989.02,1024.22,846.51
2050-02-23 02:00:00,2050-02-23 07:00:00,2050-02-23,2669.41,nan,990.42,1025.83,849.16
2050-02-23 03:00:00,2050-02-23 08:00:00,2050-02-23,2658.35,nan,985.94,1021.36,846.8
2050-02-23 04:00:00,2050-02-23 09:00:00,2050-02-23,2654.07,nan,984.64,1019.78,845.31
2050-02-23 05:00:00,2050-02-23 10:00:00,2050-02-23,2673.46,nan,994.89,1030.41,851.94
2050-02-23 06:00:00,2050-02-23 11:00:00,2050-02-23,2639.58,nan,982.69,1018.04,840.18
2050-02-23 07:00:00,2050-02-23 12:00:00,2050-02-23,2550.4,nan,947.23,981.26,811.18
2050-02-23 08:00:00,2050-02-23 13:00:00,2050-02-23,2343.4,nan,869.08,901.4,741.77
2050-02-23 09:00:00,2050-02-23 14:00:00,2050-02-23,1947.64,nan,719.08,746.84,608.53
2050-02-23 10:00:00,2050-02-23 15:00:00,2050-02-23,1877.34,nan,692.47,719.11,586.22
2050-02-23 11:00:00,2050-02-23 16:00:00,2050-02-23,1868.52,nan,690.66,716.99,583.14
2050-02-23 12:00:00,2050-02-23 17:00:00,2050-02-23,1865.13,nan,690.32,716.52,582.94
2050-02-23 13:00:00,2050-02-23 18:00:00,2050-02-23,1832.21,nan,679.39,704.3,571.46
2050-02-23 14:00:00,2050-02-23 19:00:00,2050-02-23,1834.6,nan,680.31,705.04,571.83
2050-02-23 15:00:00,2050-02-23 20:00:00,2050-02-23,1867.43,nan,693.83,719.17,581.71
2050-02-23 16:00:00,2050-02-23 21:00:00,2050-02-23,1908.31,nan,709.34,735.14,594.51
2050-02-23 17:00:00,2050-02-23 22:00:00,2050-02-23,1998.91,nan,747.14,773.86,624.04
2050-02-23 18:00:00,2050-02-23 23:00:00,2050-02-23,1996.32,nan,745.58,772.76,623.64
2050-02-23 19:00:00,2050-02-24 00:00:00,2050-02-23,2395.46,nan,900.31,931.46,756.69
2050-02-23 20:00:00,2050-02-24 01:00:00,2050-02-23,2670.44,nan,1003.86,1038.8,848.83
2050-02-23 21:00:00,2050-02-24 02:00:00,2050-02-23,2652.3,nan,994.88,1029.66,842.79
2050-02-23 22:00:00,2050-02-24 03:00:00,2050-02-23,2616.18,nan,978.73,1013.5,829.37
2050-02-23 23:00:00,2050-02-24 04:00:00,2050-02-23,2613.8,nan,975.07,1009.51,828.46
2050-02-24 00:00:00,2050-02-24 05:00:00,2050-02-24,2601.28,nan,966.19,1000.46,823.37
2050-02-24 01:00:00,2050-02-24 06:00:00,2050-02-24,2688.45,nan,998.53,1033.59,852.01
2050-02-24 02:00:00,2050-02-24 07:00:00,2050-02-24,2791.11,nan,1037.13,1073.58,884.99
2050-02-24 03:00:00,2050-02-24 08:00:00,2050-02-24,2830.26,nan,1051.63,1087.95,897.29
2050-02-24 04:00:00,2050-02-24 09:00:00,2050-02-24,2828.34,nan,1051.87,1087.95,896.97
2050-02-24 05:00:00,2050-02-24 10:00:00,2050-02-24,2845.76,nan,1060.9,1097.46,903.35
2050-02-24 06:00:00,2050-02-24 11:00:00,2050-02-24,2813.61,nan,1050.63,1087.01,893.42
2050-02-24 07:00:00,2050-02-24 12:00:00,2050-02-24,2741.04,nan,1028.53,1064.05,873.53
2050-02-24 08:00:00,2050-02-24 13:00:00,2050-02-24,2358.65,nan,887.49,918.52,750.08
2050-02-24 09:00:00,2050-02-24 14:00:00,2050-02-24,1687.68,nan,634.84,657.98,530.41
2050-02-24 10:00:00,2050-02-24 15:00:00,2050-02-24,1121.93,nan,415.61,431.39,347.86
2050-02-24 11:00:00,2050-02-24 16:00:00,2050-02-24,650.42,nan,227.62,236.91,198.17
2050-02-24 12:00:00,2050-02-24 17:00:00,2050-02-24,414.74,nan,138.21,144.84,124.97
2050-02-24 13:00:00,2050-02-24 18:00:00,2050-02-24,300.01,nan,93.32,98.48,88.13
2050-02-24 14:00:00,2050-02-24 19:00:00,2050-02-24,339.78,nan,105.48,111.73,100.24
2050-02-24 15:00:00,2050-02-24 20:00:00,2050-02-24,326.07,nan,97.26,102.77,97.06
2050-02-24 16:00:00,2050-02-24 21:00:00,2050-02-24,300.51,nan,89.79,95.36,91.44
2050-02-24 17:00:00,2050-02-24 22:00:00,2050-02-24,359.98,nan,116.8,123.61,110.37
2050-02-24 18:00:00,2050-02-24 23:00:00,2050-02-24,696.15,nan,241.02,252.94,211.34
2050-02-24 19:00:00,2050-02-25 00:00:00,2050-02-24,1381.83,nan,499.73,522.4,424.56
2050-02-24 20:00:00,2050-02-25 01:00:00,2050-02-24,1959.72,nan,717.37,747.77,607.05
2050-02-24 21:00:00,2050-02-25 02:00:00,2050-02-24,2370.04,nan,874.37,909.91,738.16
2050-02-24 22:00:00,2050-02-25 03:00:00,2050-02-24,2707.6,nan,1002.37,1041.52,845.47
2050-02-24 23:00:00,2050-02-25 04:00:00,2050-02-24,2994.78,nan,1110.56,1152.67,937.81
2050-02-25 00:00:00,2050-02-25 05:00:00,2050-02-25,3219.61,nan,1196.73,1241.25,1010.7
2050-02-25 01:00:00,2050-02-25 06:00:00,2050-02-25,3399.02,nan,1265.01,1311.31,1068.97
2050-02-25 02:00:00,2050-02-25 07:00:00,2050-02-25,3522.07,nan,1310.99,1358.22,1109.4
2050-02-25 03:00:00,2050-02-25 08:00:00,2050-02-25,3606.21,nan,1341.94,1389.96,1136.86
2050-02-25 04:00:00,2050-02-25 09:00:00,2050-02-25,3674.89,nan,1367.65,1416.3,1159.59
2050-02-25 05:00:00,2050-02-25 10:00:00,2050-02-25,3709.56,nan,1380.57,1429.51,1171.31
2050-02-25 06:00:00,2050-02-25 11:00:00,2050-02-25,3760.15,nan,1400.09,1449.43,1188.11
2050-02-25 07:00:00,2050-02-25 12:00:00,2050-02-25,3800.51,nan,1415.92,1465.47,1201.77
2050-02-25 08:00:00,2050-02-25 13:00:00,2050-02-25,3608.66,nan,1344.64,1392.36,1139.31
2050-02-25 09:00:00,2050-02-25 14:00:00,2050-02-25,3259.05,nan,1215.04,1259.35,1023.67
2050-02-25 10:00:00,2050-02-25 15:00:00,2050-02-25,3183.97,nan,1188.66,1232.08,1000.83
2050-02-25 11:00:00,2050-02-25 16:00:00,2050-02-25,3125.33,nan,1167.83,1210.19,982.46
2050-02-25 12:00:00,2050-02-25 17:00:00,2050-02-25,3088.37,nan,1155.08,1197.21,970.93
2050-02-25 13:00:00,2050-02-25 18:00:00,2050-02-25,3081.31,nan,1154.58,1196.65,968.76
2050-02-25 14:00:00,2050-02-25 19:00:00,2050-02-25,3066.94,nan,1150.05,1191.98,964.23
2050-02-25 15:00:00,2050-02-25 20:00:00,2050-02-25,3132.26,nan,1178.06,1220.99,985.31
2050-02-25 16:00:00,2050-02-25 21:00:00,2050-02-25,3263.63,nan,1231.1,1275.74,1028.49
2050-02-25 17:00:00,2050-02-25 22:00:00,2050-02-25,3446.37,nan,1302.38,1350.05,1088.07
2050-02-25 18:00:00,2050-02-25 23:00:00,2050-02-25,3682.87,nan,1392.81,1442.82,1163.62
2050-02-25 19:00:00,2050-02-26 00:00:00,2050-02-25,4194.63,nan,1585.22,1639.81,1331.85
2050-02-25 20:00:00,2050-02-26 01:00:00,2050-02-25,4533.49,nan,1710.19,1767.88,1443.36
2050-02-25 21:00:00,2050-02-26 02:00:00,2050-02-25,4713.05,nan,1776.94,1836.7,1501.01
2050-02-25 22:00:00,2050-02-26 03:00:00,2050-02-25,4924.1,nan,1855.93,1917.94,1568.8
2050-02-25 23:00:00,2050-02-26 04:00:00,2050-02-25,5175.45,nan,1949.94,2014.63,1649.35
2050-02-26 00:00:00,2050-02-26 05:00:00,2050-02-26,5434.5,nan,2044.92,2111.99,1731.0
2050-02-26 01:00:00,2050-02-26 06:00:00,2050-02-26,5822.39,nan,2185.63,2257.63,1851.94
2050-02-26 02:00:00,2050-02-26 07:00:00,2050-02-26,6288.75,nan,2361.13,2438.75,2001.84
2050-02-26 03:00:00,2050-02-26 08:00:00,2050-02-26,6674.21,nan,2501.03,2583.43,2125.92
2050-02-26 04:00:00,2050-02-26 09:00:00,2050-02-26,7004.7,nan,2621.64,2707.98,2232.47
2050-02-26 05:00:00,2050-02-26 10:00:00,2050-02-26,7253.44,nan,2711.4,2800.45,2312.35
2050-02-26 06:00:00,2050-02-26 11:00:00,2050-02-26,7447.49,nan,2782.71,2874.01,2375.59
2050-02-26 07:00:00,2050-02-26 12:00:00,2050-02-26,7552.73,nan,2822.59,2914.89,2410.75
2050-02-26 08:00:00,2050-02-26 13:00:00,2050-02-26,7390.52,nan,2767.54,2858.24,2358.19
2050-02-26 09:00:00,2050-02-26 14:00:00,2050-02-26,6974.35,nan,2619.26,2706.93,2221.74
2050-02-26 10:00:00,2050-02-26 15:00:00,2050-02-26,6812.35,nan,2567.1,2653.6,2173.16
2050-02-26 11:00:00,2050-02-26 16:00:00,2050-02-26,6596.77,nan,2491.94,2576.29,2104.02
2050-02-26 12:00:00,2050-02-26 17:00:00,2050-02-26,6284.65,nan,2376.82,2458.31,2003.76
2050-02-26 13:00:00,2050-02-26 18:00:00,2050-02-26,5910.06,nan,2234.16,2312.61,1882.69
2050-02-26 14:00:00,2050-02-26 19:00:00,2050-02-26,5582.52,nan,2111.67,2186.91,1775.47
2050-02-26 15:00:00,2050-02-26 20:00:00,2050-02-26,5362.1,nan,2029.22,2101.43,1703.17
2050-02-26 16:00:00,2050-02-26 21:00:00,2050-02-26,5224.23,nan,1974.4,2044.15,1656.95
2050-02-26 17:00:00,2050-02-26 22:00:00,2050-02-26,5192.85,nan,1957.82,2026.62,1647.34
2050-02-26 18:00:00,2050-02-26 23:00:00,2050-02-26,5315.55,nan,1998.32,2068.28,1684.32
2050-02-26 19:00:00,2050-02-27 00:00:00,2050-02-26,5704.4,nan,2140.31,2212.49,1815.21
2050-02-26 20:00:00,2050-02-27 01:00:00,2050-02-26,5940.66,nan,2224.73,2298.47,1892.86
2050-02-26 21:00:00,2050-02-27 02:00:00,2050-02-26,6051.1,nan,2261.99,2336.66,1927.18
2050-02-26 22:00:00,2050-02-27 03:00:00,2050-02-26,6140.86,nan,2293.37,2368.94,1956.64
2050-02-26 23:00:00,2050-02-27 04:00:00,2050-02-26,6257.71,nan,2335.47,2412.32,1994.43
2050-02-27 00:00:00,2050-02-27 05:00:00,2050-02-27,6372.83,nan,2375.9,2453.6,2028.84
2050-02-27 01:00:00,2050-02-27 06:00:00,2050-02-27,6544.75,nan,2442.49,2522.17,2084.79
2050-02-27 02:00:00,2050-02-27 07:00:00,2050-02-27,6705.89,nan,2505.31,2586.47,2138.93
2050-02-27 03:00:00,2050-02-27 08:00:00,2050-02-27,6800.35,nan,2536.45,2618.59,2169.32
2050-02-27 04:00:00,2050-02-27 09:00:00,2050-02-27,6871.35,nan,2560.93,2644.67,2192.81
2050-02-27 05:00:00,2050-02-27 10:00:00,2050-02-27,6942.1,nan,2587.28,2671.77,2217.47
2050-02-27 06:00:00,2050-02-27 11:00:00,2050-02-27,7018.0,nan,2613.74,2698.66,2240.48
2050-02-27 07:00:00,2050-02-27 12:00:00,2050-02-27,6988.05,nan,2602.86,2687.27,2234.28
2050-02-27 08:00:00,2050-02-27 13:00:00,2050-02-27,6238.65,nan,2323.84,2400.35,1996.42
2050-02-27 09:00:00,2050-02-27 14:00:00,2050-02-27,5158.56,nan,1917.49,1983.92,1643.65
2050-02-27 10:00:00,2050-02-27 15:00:00,2050-02-27,4319.22,nan,1603.45,1659.33,1374.53
2050-02-27 11:00:00,2050-02-27 16:00:00,2050-02-27,3584.25,nan,1329.23,1376.38,1139.21
2050-02-27 12:00:00,2050-02-27 17:00:00,2050-02-27,3018.89,nan,1115.91,1157.4,956.85
2050-02-27 13:00:00,2050-02-27 18:00:00,2050-02-27,2579.94,nan,952.87,989.3,813.22
2050-02-27 14:00:00,2050-02-27 19:00:00,2050-02-27,2315.73,nan,860.31,892.45,733.72
2050-02-27 15:00:00,2050-02-27 20:00:00,2050-02-27,2272.86,nan,852.64,885.08,715.7
2050-02-27 16:00:00,2050-02-27 21:00:00,2050-02-27,2304.66,nan,867.51,900.78,724.87
2050-02-27 17:00:00,2050-02-27 22:00:00,2050-02-27,2421.58,nan,904.59,938.74,762.13
2050-02-27 18:00:00,2050-02-27 23:00:00,2050-02-27,2915.93,nan,1085.43,1125.34,917.21
2050-02-27 19:00:00,2050-02-28 00:00:00,2050-02-27,3475.46,nan,1290.85,1335.31,1098.49
2050-02-27 20:00:00,2050-02-28 01:00:00,2050-02-27,3927.39,nan,1458.71,1508.15,1246.14
2050-02-27 21:00:00,2050-02-28 02:00:00,2050-02-27,4171.24,nan,1549.19,1601.18,1323.6
2050-02-27 22:00:00,2050-02-28 03:00:00,2050-02-27,4418.05,nan,1641.35,1696.37,1401.29
2050-02-27 23:00:00,2050-02-28 04:00:00,2050-02-27,4696.87,nan,1747.0,1805.17,1490.06
2050-02-28 00:00:00,2050-02-28 05:00:00,2050-02-28,4983.81,nan,1855.71,1917.38,1581.99
2050-02-28 01:00:00,2050-02-28 06:00:00,2050-02-28,5264.05,nan,1960.97,2025.91,1671.54
2050-02-28 02:00:00,2050-02-28 07:00:00,2050-02-28,5535.29,nan,2061.82,2129.92,1758.34
2050-02-28 03:00:00,2050-02-28 08:00:00,2050-02-28,5771.19,nan,2148.02,2218.89,1833.39
2050-02-28 04:00:00,2050-02-28 09:00:00,2050-02-28,5985.61,nan,2226.88,2300.33,1901.85
2050-02-28 05:00:00,2050-02-28 10:00:00,2050-02-28,6169.54,nan,2294.51,2370.22,1960.5
2050-02-28 06:00:00,2050-02-28 11:00:00,2050-02-28,6321.66,nan,2350.88,2428.34,2009.38
2050-02-28 07:00:00,2050-02-28 12:00:00,2050-02-28,6333.65,nan,2354.34,2431.87,2015.11
2050-02-28 08:00:00,2050-02-28 13:00:00,2050-02-28,5556.72,nan,2064.67,2133.21,1769.99
2050-02-28 09:00:00,2050-02-28 14:00:00,2050-02-28,4480.67,nan,1659.78,1717.17,1421.03
2050-02-28 10:00:00,2050-02-28 15:00:00,2050-02-28,3755.02,nan,1385.87,1434.1,1188.51
2050-02-28 11:00:00,2050-02-28 16:00:00,2050-02-28,3057.82,nan,1121.79,1161.48,963.82
2050-02-28 12:00:00,2050-02-28 17:00:00,2050-02-28,2451.3,nan,892.1,924.35,767.24
2050-02-28 13:00:00,2050-02-28 18:00:00,2050-02-28,1831.52,nan,659.64,684.53,567.82
2050-02-28 14:00:00,2050-02-28 19:00:00,2050-02-28,1278.26,nan,454.19,472.42,393.91
2050-02-28 15:00:00,2050-02-28 20:00:00,2050-02-28,1035.48,nan,371.42,386.47,319.74
2050-02-28 16:00:00,2050-02-28 21:00:00,2050-02-28,1108.93,nan,406.89,423.28,342.59
2050-02-28 17:00:00,2050-02-28 22:00:00,2050-02-28,1406.27,nan,523.51,543.87,438.07
2050-02-28 18:00:00,2050-02-28 23:00:00,2050-02-28,1954.79,nan,727.42,754.97,609.01
2050-02-28 19:00:00,2050-03-01 00:00:00,2050-02-28,2430.47,nan,902.58,935.03,762.15
2050-02-28 20:00:00,2050-03-01 01:00:00,2050-02-28,2979.48,nan,1109.43,1147.96,939.85
2050-02-28 21:00:00,2050-03-01 02:00:00,2050-02-28,3297.24,nan,1228.38,1271.22,1041.32
2050-02-28 22:00:00,2050-03-01 03:00:00,2050-02-28,3599.14,nan,1341.5,1388.69,1138.43
2050-02-28 23:00:00,2050-03-01 04:00:00,2050-02-28,3821.7,nan,1423.82,1473.65,1208.0
2050-03-01 00:00:00,2050-03-01 05:00:00,2050-03-01,4007.18,nan,1492.01,1544.45,1266.73
2050-03-01 01:00:00,2050-03-01 06:00:00,2050-03-01,4206.04,nan,1564.87,1619.75,1330.01
2050-03-01 02:00:00,2050-03-01 07:00:00,2050-03-01,4446.07,nan,1654.65,1712.41,1406.27
2050-03-01 03:00:00,2050-03-01 08:00:00,2050-03-01,4683.95,nan,1745.02,1805.15,1483.05
2050-03-01 04:00:00,2050-03-01 09:00:00,2050-03-01,4838.52,nan,1802.34,1863.96,1533.48
2050-03-01 05:00:00,2050-03-01 10:00:00,2050-03-01,4975.02,nan,1852.87,1915.85,1577.21
2050-03-01 06:00:00,2050-03-01 11:00:00,2050-03-01,5161.82,nan,1924.39,1989.36,1637.29
2050-03-01 07:00:00,2050-03-01 12:00:00,2050-03-01,5199.94,nan,1939.73,2004.76,1651.17
2050-03-01 08:00:00,2050-03-01 13:00:00,2050-03-01,4548.7,nan,1689.83,1747.07,1444.17
2050-03-01 09:00:00,2050-03-01 14:00:00,2050-03-01,3723.56,nan,1375.97,1424.25,1176.76
2050-03-01 10:00:00,2050-03-01 15:00:00,2050-03-01,3199.55,nan,1174.73,1216.48,1010.36
2050-03-01 11:00:00,2050-03-01 16:00:00,2050-03-01,2750.76,nan,1003.43,1039.96,867.84
2050-03-01 12:00:00,2050-03-01 17:00:00,2050-03-01,2449.25,nan,890.97,923.57,772.61
2050-03-01 13:00:00,2050-03-01 18:00:00,2050-03-01,2161.26,nan,786.27,814.64,683.67
2050-03-01 14:00:00,2050-03-01 19:00:00,2050-03-01,1804.04,nan,655.47,678.8,572.81
2050-03-01 15:00:00,2050-03-01 20:00:00,2050-03-01,1485.92,nan,539.09,558.19,470.38
2050-03-01 16:00:00,2050-03-01 21:00:00,2050-03-01,1289.67,nan,465.3,481.86,407.79
2050-03-01 17:00:00,2050-03-01 22:00:00,2050-03-01,1433.47,nan,519.12,537.75,453.05
2050-03-01 18:00:00,2050-03-01 23:00:00,2050-03-01,2070.03,nan,759.74,786.88,649.7
2050-03-01 19:00:00,2050-03-02 00:00:00,2050-03-01,2832.08,nan,1046.19,1082.29,895.82
2050-03-01 20:00:00,2050-03-02 01:00:00,2050-03-01,3394.78,nan,1257.88,1300.35,1076.51
2050-03-01 21:00:00,2050-03-02 02:00:00,2050-03-01,3739.56,nan,1388.03,1434.82,1185.78
2050-03-01 22:00:00,2050-03-02 03:00:00,2050-03-01,4014.6,nan,1491.81,1542.0,1273.22
2050-03-01 23:00:00,2050-03-02 04:00:00,2050-03-01,4242.88,nan,1577.6,1630.63,1346.09
2050-03-02 00:00:00,2050-03-02 05:00:00,2050-03-02,4435.75,nan,1649.79,1705.18,1407.67
2050-03-02 01:00:00,2050-03-02 06:00:00,2050-03-02,4595.31,nan,1709.41,1766.75,1458.84
2050-03-02 02:00:00,2050-03-02 07:00:00,2050-03-02,4747.93,nan,1766.56,1825.77,1507.7
2050-03-02 03:00:00,2050-03-02 08:00:00,2050-03-02,4901.66,nan,1824.44,1885.49,1556.82
2050-03-02 04:00:00,2050-03-02 09:00:00,2050-03-02,5059.03,nan,1884.05,1946.91,1607.25
2050-03-02 05:00:00,2050-03-02 10:00:00,2050-03-02,5178.16,nan,1928.67,1992.87,1645.64
2050-03-02 06:00:00,2050-03-02 11:00:00,2050-03-02,5279.23,nan,1966.76,2032.14,1678.29
2050-03-02 07:00:00,2050-03-02 12:00:00,2050-03-02,5241.73,nan,1953.91,2018.76,1668.78
2050-03-02 08:00:00,2050-03-02 13:00:00,2050-03-02,4389.91,nan,1635.43,1690.32,1399.69
2050-03-02 09:00:00,2050-03-02 14:00:00,2050-03-02,3299.11,nan,1226.79,1269.93,1048.49
2050-03-02 10:00:00,2050-03-02 15:00:00,2050-03-02,2483.49,nan,921.69,954.94,788.88
2050-03-02 11:00:00,2050-03-02 16:00:00,2050-03-02,1754.5,nan,648.65,672.86,555.47
2050-03-02 12:00:00,2050-03-02 17:00:00,2050-03-02,1210.92,nan,445.71,463.24,380.48
2050-03-02 13:00:00,2050-03-02 18:00:00,2050-03-02,750.29,nan,275.38,286.44,236.0
2050-03-02 14:00:00,2050-03-02 19:00:00,2050-03-02,370.12,nan,135.45,141.13,117.43
2050-03-02 15:00:00,2050-03-02 20:00:00,2050-03-02,118.18,nan,41.63,43.53,40.74
2050-03-02 16:00:00,2050-03-02 21:00:00,2050-03-02,28.85,nan,9.71,10.11,11.16
2050-03-02 17:00:00,2050-03-02 22:00:00,2050-03-02,44.95,nan,15.35,15.97,16.18
2050-03-02 18:00:00,2050-03-02 23:00:00,2050-03-02,284.63,nan,100.34,103.65,87.67
2050-03-02 19:00:00,2050-03-03 00:00:00,2050-03-02,866.0,nan,315.53,327.68,267.66
2050-03-02 20:00:00,2050-03-03 01:00:00,2050-03-02,1371.45,nan,504.01,523.22,426.04
2050-03-02 21:00:00,2050-03-03 02:00:00,2050-03-02,1725.98,nan,635.2,658.85,537.5
2050-03-02 22:00:00,2050-03-03 03:00:00,2050-03-02,2089.33,nan,771.2,799.19,653.06
2050-03-02 23:00:00,2050-03-03 04:00:00,2050-03-02,2393.4,nan,884.76,916.67,750.27
2050-03-03 00:00:00,2050-03-03 05:00:00,2050-03-03,2641.02,nan,978.53,1013.11,829.68
2050-03-03 01:00:00,2050-03-03 06:00:00,2050-03-03,2808.62,nan,1039.51,1076.24,883.18
2050-03-03 02:00:00,2050-03-03 07:00:00,2050-03-03,2981.53,nan,1103.84,1142.79,938.94
2050-03-03 03:00:00,2050-03-03 08:00:00,2050-03-03,3114.11,nan,1153.14,1193.53,980.9
2050-03-03 04:00:00,2050-03-03 09:00:00,2050-03-03,3215.76,nan,1190.83,1232.59,1013.48
2050-03-03 05:00:00,2050-03-03 10:00:00,2050-03-03,3314.67,nan,1227.52,1270.16,1045.42
2050-03-03 06:00:00,2050-03-03 11:00:00,2050-03-03,3414.08,nan,1262.63,1306.8,1076.13
2050-03-03 07:00:00,2050-03-03 12:00:00,2050-03-03,3489.56,nan,1290.3,1335.38,1100.84
2050-03-03 08:00:00,2050-03-03 13:00:00,2050-03-03,3377.32,nan,1248.71,1293.08,1063.68
2050-03-03 09:00:00,2050-03-03 14:00:00,2050-03-03,3082.07,nan,1135.97,1178.32,964.51
2050-03-03 10:00:00,2050-03-03 15:00:00,2050-03-03,3099.98,nan,1142.73,1185.0,971.78
2050-03-03 11:00:00,2050-03-03 16:00:00,2050-03-03,3093.69,nan,1141.08,1183.33,971.47
2050-03-03 12:00:00,2050-03-03 17:00:00,2050-03-03,3034.19,nan,1120.42,1161.06,953.39
2050-03-03 13:00:00,2050-03-03 18:00:00,2050-03-03,2894.5,nan,1067.9,1106.44,909.13
2050-03-03 14:00:00,2050-03-03 19:00:00,2050-03-03,2735.39,nan,1005.78,1042.33,857.55
2050-03-03 15:00:00,2050-03-03 20:00:00,2050-03-03,2678.49,nan,981.98,1018.06,837.23
2050-03-03 16:00:00,2050-03-03 21:00:00,2050-03-03,2702.76,nan,991.41,1027.87,844.41
2050-03-03 17:00:00,2050-03-03 22:00:00,2050-03-03,2736.3,nan,1002.72,1039.16,854.93
2050-03-03 18:00:00,2050-03-03 23:00:00,2050-03-03,2908.55,nan,1066.1,1104.82,908.63
2050-03-03 19:00:00,2050-03-04 00:00:00,2050-03-03,3363.01,nan,1235.52,1279.02,1058.22
2050-03-03 20:00:00,2050-03-04 01:00:00,2050-03-03,3753.95,nan,1382.15,1429.72,1184.33
2050-03-03 21:00:00,2050-03-04 02:00:00,2050-03-03,3970.64,nan,1462.56,1512.87,1252.53
2050-03-03 22:00:00,2050-03-04 03:00:00,2050-03-03,4187.43,nan,1543.14,1596.21,1322.39
2050-03-03 23:00:00,2050-03-04 04:00:00,2050-03-03,4407.98,nan,1626.85,1682.42,1392.54
2050-03-04 00:00:00,2050-03-04 05:00:00,2050-03-04,4557.67,nan,1681.78,1739.06,1440.63
2050-03-04 01:00:00,2050-03-04 06:00:00,2050-03-04,4746.44,nan,1754.09,1813.67,1501.83
2050-03-04 02:00:00,2050-03-04 07:00:00,2050-03-04,4910.12,nan,1816.67,1878.24,1554.56
2050-03-04 03:00:00,2050-03-04 08:00:00,2050-03-04,5070.54,nan,1878.18,1941.64,1606.27
2050-03-04 04:00:00,2050-03-04 09:00:00,2050-03-04,5221.54,nan,1936.18,2001.49,1655.03
2050-03-04 05:00:00,2050-03-04 10:00:00,2050-03-04,5346.38,nan,1984.38,2051.16,1695.55
2050-03-04 06:00:00,2050-03-04 11:00:00,2050-03-04,5463.22,nan,2028.99,2097.14,1733.51
2050-03-04 07:00:00,2050-03-04 12:00:00,2050-03-04,5465.52,nan,2030.63,2098.62,1736.1
2050-03-04 08:00:00,2050-03-04 13:00:00,2050-03-04,4816.61,nan,1783.49,1844.2,1529.93
2050-03-04 09:00:00,2050-03-04 14:00:00,2050-03-04,3846.3,nan,1416.88,1467.59,1215.85
2050-03-04 10:00:00,2050-03-04 15:00:00,2050-03-04,3153.03,nan,1156.46,1198.57,995.73
2050-03-04 11:00:00,2050-03-04 16:00:00,2050-03-04,2534.99,nan,924.83,959.63,798.56
2050-03-04 12:00:00,2050-03-04 17:00:00,2050-03-04,2063.99,nan,748.29,777.54,646.22
2050-03-04 13:00:00,2050-03-04 18:00:00,2050-03-04,1570.73,nan,563.78,586.8,488.0
2050-03-04 14:00:00,2050-03-04 19:00:00,2050-03-04,1066.31,nan,374.98,390.73,329.74
2050-03-04 15:00:00,2050-03-04 20:00:00,2050-03-04,703.05,nan,237.53,247.95,215.74
2050-03-04 16:00:00,2050-03-04 21:00:00,2050-03-04,607.13,nan,197.59,206.19,184.14
2050-03-04 17:00:00,2050-03-04 22:00:00,2050-03-04,919.85,nan,311.18,323.26,280.53
2050-03-04 18:00:00,2050-03-04 23:00:00,2050-03-04,1560.82,nan,551.26,572.77,478.37
2050-03-04 19:00:00,2050-03-05 00:00:00,2050-03-04,2414.0,nan,872.04,904.64,749.89
2050-03-04 20:00:00,2050-03-05 01:00:00,2050-03-04,3095.72,nan,1128.57,1168.81,969.45
2050-03-04 21:00:00,2050-03-05 02:00:00,2050-03-04,3587.25,nan,1315.53,1361.94,1126.2
2050-03-04 22:00:00,2050-03-05 03:00:00,2050-03-04,3996.91,nan,1470.98,1522.56,1257.46
2050-03-04 23:00:00,2050-03-05 04:00:00,2050-03-04,4329.48,nan,1596.68,1652.3,1364.19
2050-03-05 00:00:00,2050-03-05 05:00:00,2050-03-05,4609.91,nan,1703.08,1761.96,1454.49
2050-03-05 01:00:00,2050-03-05 06:00:00,2050-03-05,4863.4,nan,1799.37,1861.12,1536.24
2050-03-05 02:00:00,2050-03-05 07:00:00,2050-03-05,5092.02,nan,1885.98,1950.55,1610.1
2050-03-05 03:00:00,2050-03-05 08:00:00,2050-03-05,5282.09,nan,1958.52,2025.32,1672.15
2050-03-05 04:00:00,2050-03-05 09:00:00,2050-03-05,5411.26,nan,2007.46,2075.99,1713.83
2050-03-05 05:00:00,2050-03-05 10:00:00,2050-03-05,5536.94,nan,2054.01,2123.92,1754.85
2050-03-05 06:00:00,2050-03-05 11:00:00,2050-03-05,5668.36,nan,2103.34,2175.13,1797.09
2050-03-05 07:00:00,2050-03-05 12:00:00,2050-03-05,5685.66,nan,2109.22,2180.89,1803.82
2050-03-05 08:00:00,2050-03-05 13:00:00,2050-03-05,5266.06,nan,1948.57,2014.83,1668.56
2050-03-05 09:00:00,2050-03-05 14:00:00,2050-03-05,4685.3,nan,1729.53,1789.69,1477.38
2050-03-05 10:00:00,2050-03-05 15:00:00,2050-03-05,4376.78,nan,1612.35,1668.09,1379.1
2050-03-05 11:00:00,2050-03-05 16:00:00,2050-03-05,4023.81,nan,1480.24,1531.14,1266.46
2050-03-05 12:00:00,2050-03-05 17:00:00,2050-03-05,3616.71,nan,1327.88,1373.8,1136.06
2050-03-05 13:00:00,2050-03-05 18:00:00,2050-03-05,3133.79,nan,1147.2,1187.54,981.4
2050-03-05 14:00:00,2050-03-05 19:00:00,2050-03-05,2602.43,nan,948.88,982.84,811.68
2050-03-05 15:00:00,2050-03-05 20:00:00,2050-03-05,2157.89,nan,784.06,813.06,669.54
2050-03-05 16:00:00,2050-03-05 21:00:00,2050-03-05,1902.78,nan,690.92,717.41,589.61
2050-03-05 17:00:00,2050-03-05 22:00:00,2050-03-05,1979.94,nan,720.94,749.19,615.74
2050-03-05 18:00:00,2050-03-05 23:00:00,2050-03-05,2474.91,nan,906.76,941.65,771.15
2050-03-05 19:00:00,2050-03-06 00:00:00,2050-03-05,3186.17,nan,1174.1,1216.76,1002.28
2050-03-05 20:00:00,2050-03-06 01:00:00,2050-03-05,3728.94,nan,1377.07,1425.68,1177.33
2050-03-05 21:00:00,2050-03-06 02:00:00,2050-03-05,4126.16,nan,1525.27,1578.46,1303.88
2050-03-05 22:00:00,2050-03-06 03:00:00,2050-03-05,4521.44,nan,1673.58,1731.43,1430.16
2050-03-05 23:00:00,2050-03-06 04:00:00,2050-03-05,4887.59,nan,1810.75,1872.79,1547.32
2050-03-06 00:00:00,2050-03-06 05:00:00,2050-03-06,5240.39,nan,1942.48,2008.52,1660.22
2050-03-06 01:00:00,2050-03-06 06:00:00,2050-03-06,5563.85,nan,2063.63,2133.35,1763.95
2050-03-06 02:00:00,2050-03-06 07:00:00,2050-03-06,5846.14,nan,2169.44,2242.39,1854.66
2050-03-06 03:00:00,2050-03-06 08:00:00,2050-03-06,6087.87,nan,2259.91,2335.63,1932.52
2050-03-06 04:00:00,2050-03-06 09:00:00,2050-03-06,6300.16,nan,2339.93,2418.29,2000.84
2050-03-06 05:00:00,2050-03-06 10:00:00,2050-03-06,6472.67,nan,2405.77,2486.22,2056.66
2050-03-06 06:00:00,2050-03-06 11:00:00,2050-03-06,6591.21,nan,2451.36,2533.13,2095.42
2050-03-06 07:00:00,2050-03-06 12:00:00,2050-03-06,6462.41,nan,2405.61,2485.73,2058.45
2050-03-06 08:00:00,2050-03-06 13:00:00,2050-03-06,5477.22,nan,2037.97,2106.4,1746.83
2050-03-06 09:00:00,2050-03-06 14:00:00,2050-03-06,4242.11,nan,1576.05,1631.12,1348.94
2050-03-06 10:00:00,2050-03-06 15:00:00,2050-03-06,3294.15,nan,1221.54,1264.93,1047.48
2050-03-06 11:00:00,2050-03-06 16:00:00,2050-03-06,2443.25,nan,903.52,936.7,775.33
2050-03-06 12:00:00,2050-03-06 17:00:00,2050-03-06,1760.29,nan,648.01,672.83,555.02
2050-03-06 13:00:00,2050-03-06 18:00:00,2050-03-06,1060.96,nan,387.37,402.78,332.93
2050-03-06 14:00:00,2050-03-06 19:00:00,2050-03-06,413.29,nan,147.74,153.79,131.82
2050-03-06 15:00:00,2050-03-06 20:00:00,2050-03-06,55.64,nan,18.49,19.65,20.36
2050-03-06 16:00:00,2050-03-06 21:00:00,2050-03-06,15.81,nan,6.17,5.59,8.98
2050-03-06 17:00:00,2050-03-06 22:00:00,2050-03-06,14.76,nan,5.73,5.46,7.43
2050-03-06 18:00:00,2050-03-06 23:00:00,2050-03-06,197.38,nan,69.68,71.5,63.36
2050-03-06 19:00:00,2050-03-07 00:00:00,2050-03-06,868.47,nan,318.27,329.17,271.67
2050-03-06 20:00:00,2050-03-07 01:00:00,2050-03-06,1533.11,nan,567.34,587.18,481.06
2050-03-06 21:00:00,2050-03-07 02:00:00,2050-03-06,2004.6,nan,744.78,770.74,630.88
2050-03-06 22:00:00,2050-03-07 03:00:00,2050-03-06,2418.33,nan,900.69,931.75,763.2
2050-03-06 23:00:00,2050-03-07 04:00:00,2050-03-06,2795.91,nan,1042.5,1078.07,883.56
2050-03-07 00:00:00,2050-03-07 05:00:00,2050-03-07,3131.72,nan,1168.59,1208.13,990.82
2050-03-07 01:00:00,2050-03-07 06:00:00,2050-03-07,3423.86,nan,1277.97,1320.84,1083.71
2050-03-07 02:00:00,2050-03-07 07:00:00,2050-03-07,3684.76,nan,1375.54,1421.51,1166.89
2050-03-07 03:00:00,2050-03-07 08:00:00,2050-03-07,3923.91,nan,1465.16,1513.94,1243.18
2050-03-07 04:00:00,2050-03-07 09:00:00,2050-03-07,4137.8,nan,1545.24,1596.35,1311.41
2050-03-07 05:00:00,2050-03-07 10:00:00,2050-03-07,4326.73,nan,1615.88,1669.18,1371.76
2050-03-07 06:00:00,2050-03-07 11:00:00,2050-03-07,4505.69,nan,1683.24,1738.59,1429.26
2050-03-07 07:00:00,2050-03-07 12:00:00,2050-03-07,4456.21,nan,1666.62,1721.11,1417.01
2050-03-07 08:00:00,2050-03-07 13:00:00,2050-03-07,3553.4,nan,1328.38,1372.68,1132.61
2050-03-07 09:00:00,2050-03-07 14:00:00,2050-03-07,2424.6,nan,904.28,935.71,769.51
2050-03-07 10:00:00,2050-03-07 15:00:00,2050-03-07,1565.74,nan,581.87,602.23,496.5
2050-03-07 11:00:00,2050-03-07 16:00:00,2050-03-07,804.73,nan,296.37,306.9,256.04
2050-03-07 12:00:00,2050-03-07 17:00:00,2050-03-07,268.11,nan,95.35,98.16,88.55
2050-03-07 13:00:00,2050-03-07 18:00:00,2050-03-07,10.05,nan,3.97,3.68,5.47
2050-03-07 14:00:00,2050-03-07 19:00:00,2050-03-07,28.57,nan,12.26,11.16,15.16
2050-03-07 15:00:00,2050-03-07 20:00:00,2050-03-07,57.0,nan,24.05,22.04,28.97
2050-03-07 16:00:00,2050-03-07 21:00:00,2050-03-07,145.64,nan,62.43,60.46,58.87
2050-03-07 17:00:00,2050-03-07 22:00:00,2050-03-07,164.85,nan,69.64,68.82,63.59
2050-03-07 18:00:00,2050-03-07 23:00:00,2050-03-07,53.51,nan,22.37,20.39,27.2
2050-03-07 19:00:00,2050-03-08 00:00:00,2050-03-07,5.46,nan,2.32,2.08,3.17
2050-03-07 20:00:00,2050-03-08 01:00:00,2050-03-07,93.42,nan,32.81,33.47,28.53
2050-03-07 21:00:00,2050-03-08 02:00:00,2050-03-07,384.11,nan,138.69,142.5,118.25
2050-03-07 22:00:00,2050-03-08 03:00:00,2050-03-07,781.67,nan,287.85,297.0,241.64
2050-03-07 23:00:00,2050-03-08 04:00:00,2050-03-07,1185.78,nan,439.58,454.52,367.77
2050-03-08 00:00:00,2050-03-08 05:00:00,2050-03-08,1591.48,nan,592.91,613.65,495.93
2050-03-08 01:00:00,2050-03-08 06:00:00,2050-03-08,1989.38,nan,743.32,769.6,622.59
2050-03-08 02:00:00,2050-03-08 07:00:00,2050-03-08,2370.59,nan,886.95,918.22,744.86
2050-03-08 03:00:00,2050-03-08 08:00:00,2050-03-08,2741.21,nan,1026.75,1062.7,863.75
2050-03-08 04:00:00,2050-03-08 09:00:00,2050-03-08,3081.74,nan,1154.94,1195.27,973.07
2050-03-08 05:00:00,2050-03-08 10:00:00,2050-03-08,3383.42,nan,1268.07,1312.15,1069.7
2050-03-08 06:00:00,2050-03-08 11:00:00,2050-03-08,3665.49,nan,1373.55,1421.06,1160.25
2050-03-08 07:00:00,2050-03-08 12:00:00,2050-03-08,3714.46,nan,1393.57,1441.32,1179.71
2050-03-08 08:00:00,2050-03-08 13:00:00,2050-03-08,2922.74,nan,1098.82,1136.69,931.84
2050-03-08 09:00:00,2050-03-08 14:00:00,2050-03-08,1890.66,nan,710.84,736.55,599.66
2050-03-08 10:00:00,2050-03-08 15:00:00,2050-03-08,1121.28,nan,420.47,436.33,357.27
2050-03-08 11:00:00,2050-03-08 16:00:00,2050-03-08,532.36,nan,199.34,206.65,174.88
2050-03-08 12:00:00,2050-03-08 17:00:00,2050-03-08,114.03,nan,40.91,42.36,41.72
2050-03-08 13:00:00,2050-03-08 18:00:00,2050-03-08,16.86,nan,6.93,6.44,8.92
2050-03-08 14:00:00,2050-03-08 19:00:00,2050-03-08,54.54,nan,22.71,20.6,27.73
2050-03-08 15:00:00,2050-03-08 20:00:00,2050-03-08,74.95,nan,31.18,28.43,37.67
2050-03-08 16:00:00,2050-03-08 21:00:00,2050-03-08,319.26,nan,134.94,135.35,113.47
2050-03-08 17:00:00,2050-03-08 22:00:00,2050-03-08,232.48,nan,97.37,97.0,88.01
2050-03-08 18:00:00,2050-03-08 23:00:00,2050-03-08,67.67,nan,27.65,24.94,33.44
2050-03-08 19:00:00,2050-03-09 00:00:00,2050-03-08,12.03,nan,4.96,4.47,6.69
2050-03-08 20:00:00,2050-03-09 01:00:00,2050-03-08,43.97,nan,15.68,16.03,13.97
2050-03-08 21:00:00,2050-03-09 02:00:00,2050-03-08,290.12,nan,105.26,108.43,88.88
2050-03-08 22:00:00,2050-03-09 03:00:00,2050-03-08,662.71,nan,245.61,253.93,204.75
2050-03-08 23:00:00,2050-03-09 04:00:00,2050-03-08,1074.37,nan,401.44,415.66,333.01
2050-03-09 00:00:00,2050-03-09 05:00:00,2050-03-09,1488.9,nan,558.77,578.73,463.68
2050-03-09 01:00:00,2050-03-09 06:00:00,2050-03-09,1872.3,nan,703.49,728.65,585.33
2050-03-09 02:00:00,2050-03-09 07:00:00,2050-03-09,2216.07,nan,832.49,862.02,695.63
2050-03-09 03:00:00,2050-03-09 08:00:00,2050-03-09,2524.33,nan,947.02,980.38,793.97
2050-03-09 04:00:00,2050-03-09 09:00:00,2050-03-09,2801.65,nan,1049.5,1086.23,882.71
2050-03-09 05:00:00,2050-03-09 10:00:00,2050-03-09,3052.95,nan,1142.06,1181.71,962.58
2050-03-09 06:00:00,2050-03-09 11:00:00,2050-03-09,3281.99,nan,1226.03,1268.4,1035.85
2050-03-09 07:00:00,2050-03-09 12:00:00,2050-03-09,3261.41,nan,1218.0,1259.73,1032.9
2050-03-09 08:00:00,2050-03-09 13:00:00,2050-03-09,2472.45,nan,920.47,952.08,784.34
2050-03-09 09:00:00,2050-03-09 14:00:00,2050-03-09,1475.81,nan,544.29,563.63,464.11
2050-03-09 10:00:00,2050-03-09 15:00:00,2050-03-09,790.21,nan,286.2,296.41,251.52
2050-03-09 11:00:00,2050-03-09 16:00:00,2050-03-09,252.87,nan,84.79,86.97,83.5
2050-03-09 12:00:00,2050-03-09 17:00:00,2050-03-09,29.52,nan,8.88,8.53,12.23
2050-03-09 13:00:00,2050-03-09 18:00:00,2050-03-09,29.12,nan,11.65,10.23,15.04
2050-03-09 14:00:00,2050-03-09 19:00:00,2050-03-09,64.88,nan,26.6,24.02,32.1
2050-03-09 15:00:00,2050-03-09 20:00:00,2050-03-09,256.81,nan,106.98,107.78,93.18
2050-03-09 16:00:00,2050-03-09 21:00:00,2050-03-09,390.12,nan,161.09,161.55,140.02
2050-03-09 17:00:00,2050-03-09 22:00:00,2050-03-09,322.97,nan,133.44,133.36,115.12
2050-03-09 18:00:00,2050-03-09 23:00:00,2050-03-09,84.7,nan,34.04,30.82,39.88
2050-03-09 19:00:00,2050-03-10 00:00:00,2050-03-09,15.81,nan,6.37,5.71,8.62
2050-03-09 20:00:00,2050-03-10 01:00:00,2050-03-09,17.15,nan,3.91,4.01,4.58
2050-03-09 21:00:00,2050-03-10 02:00:00,2050-03-09,192.52,nan,64.88,67.21,57.3
2050-03-09 22:00:00,2050-03-10 03:00:00,2050-03-09,586.55,nan,211.32,219.05,178.65
2050-03-09 23:00:00,2050-03-10 04:00:00,2050-03-09,1037.77,nan,379.25,393.01,318.93
2050-03-10 00:00:00,2050-03-10 05:00:00,2050-03-10,1491.1,nan,548.67,568.23,460.95
2050-03-10 01:00:00,2050-03-10 06:00:00,2050-03-10,1928.26,nan,711.33,736.77,599.32
2050-03-10 02:00:00,2050-03-10 07:00:00,2050-03-10,2326.34,nan,858.78,889.22,726.58
2050-03-10 03:00:00,2050-03-10 08:00:00,2050-03-10,2680.28,nan,988.84,1023.44,839.87
2050-03-10 04:00:00,2050-03-10 09:00:00,2050-03-10,3016.48,nan,1112.91,1151.51,947.16
2050-03-10 05:00:00,2050-03-10 10:00:00,2050-03-10,3325.75,nan,1227.69,1270.0,1046.24
2050-03-10 06:00:00,2050-03-10 11:00:00,2050-03-10,3612.25,nan,1334.01,1379.8,1137.87
2050-03-10 07:00:00,2050-03-10 12:00:00,2050-03-10,3641.37,nan,1346.84,1392.72,1151.51
2050-03-10 08:00:00,2050-03-10 13:00:00,2050-03-10,2883.96,nan,1064.61,1101.21,913.82
2050-03-10 09:00:00,2050-03-10 14:00:00,2050-03-10,1934.26,nan,710.7,735.82,606.94
2050-03-10 10:00:00,2050-03-10 15:00:00,2050-03-10,1336.37,nan,493.09,511.81,420.66
2050-03-10 11:00:00,2050-03-10 16:00:00,2050-03-10,721.54,nan,264.18,273.73,232.08
2050-03-10 12:00:00,2050-03-10 17:00:00,2050-03-10,208.12,nan,72.49,74.45,69.92
2050-03-10 13:00:00,2050-03-10 18:00:00,2050-03-10,19.76,nan,7.91,7.2,10.08
2050-03-10 14:00:00,2050-03-10 19:00:00,2050-03-10,60.37,nan,24.99,22.89,31.17
2050-03-10 15:00:00,2050-03-10 20:00:00,2050-03-10,67.42,nan,27.65,25.01,33.3
2050-03-10 16:00:00,2050-03-10 21:00:00,2050-03-10,119.3,nan,50.9,48.28,49.9
2050-03-10 17:00:00,2050-03-10 22:00:00,2050-03-10,81.64,nan,33.76,30.92,38.51
2050-03-10 18:00:00,2050-03-10 23:00:00,2050-03-10,56.19,nan,22.94,20.69,27.61
2050-03-10 19:00:00,2050-03-11 00:00:00,2050-03-10,12.66,nan,4.61,4.3,5.91
2050-03-10 20:00:00,2050-03-11 01:00:00,2050-03-10,72.12,nan,20.01,21.01,18.93
2050-03-10 21:00:00,2050-03-11 02:00:00,2050-03-10,172.0,nan,51.8,53.85,48.0
2050-03-10 22:00:00,2050-03-11 03:00:00,2050-03-10,278.2,nan,87.78,90.98,80.66
2050-03-10 23:00:00,2050-03-11 04:00:00,2050-03-10,400.91,nan,132.75,137.54,119.08
2050-03-11 00:00:00,2050-03-11 05:00:00,2050-03-11,505.51,nan,171.64,177.68,152.01
2050-03-11 01:00:00,2050-03-11 06:00:00,2050-03-11,619.15,nan,214.07,221.33,187.8
2050-03-11 02:00:00,2050-03-11 07:00:00,2050-03-11,709.94,nan,247.42,255.93,216.88
2050-03-11 03:00:00,2050-03-11 08:00:00,2050-03-11,824.52,nan,290.22,300.62,253.21
2050-03-11 04:00:00,2050-03-11 09:00:00,2050-03-11,927.42,nan,331.85,344.16,285.44
2050-03-11 05:00:00,2050-03-11 10:00:00,2050-03-11,1056.22,nan,382.12,396.6,326.45
2050-03-11 06:00:00,2050-03-11 11:00:00,2050-03-11,1154.94,nan,420.56,436.07,358.75
2050-03-11 07:00:00,2050-03-11 12:00:00,2050-03-11,1139.1,nan,414.33,429.38,356.3
2050-03-11 08:00:00,2050-03-11 13:00:00,2050-03-11,711.93,nan,249.85,258.39,221.85
2050-03-11 09:00:00,2050-03-11 14:00:00,2050-03-11,217.78,nan,65.61,66.95,66.21
2050-03-11 10:00:00,2050-03-11 15:00:00,2050-03-11,98.25,nan,28.18,27.23,29.42
2050-03-11 11:00:00,2050-03-11 16:00:00,2050-03-11,68.49,nan,21.33,19.13,23.92
2050-03-11 12:00:00,2050-03-11 17:00:00,2050-03-11,89.85,nan,30.84,26.63,35.79
2050-03-11 13:00:00,2050-03-11 18:00:00,2050-03-11,155.75,nan,57.94,52.67,59.42
2050-03-11 14:00:00,2050-03-11 19:00:00,2050-03-11,459.32,nan,184.77,183.39,150.59
2050-03-11 15:00:00,2050-03-11 20:00:00,2050-03-11,828.68,nan,339.01,343.18,270.34
2050-03-11 16:00:00,2050-03-11 21:00:00,2050-03-11,1074.36,nan,437.55,446.36,349.61
2050-03-11 17:00:00,2050-03-11 22:00:00,2050-03-11,879.29,nan,357.59,363.08,284.38
2050-03-11 18:00:00,2050-03-11 23:00:00,2050-03-11,511.01,nan,202.38,203.14,165.72
2050-03-11 19:00:00,2050-03-12 00:00:00,2050-03-11,165.01,nan,52.59,50.97,52.7
2050-03-11 20:00:00,2050-03-12 01:00:00,2050-03-11,96.2,nan,21.84,22.03,28.02
2050-03-11 21:00:00,2050-03-12 02:00:00,2050-03-11,105.35,nan,23.23,23.83,28.78
2050-03-11 22:00:00,2050-03-12 03:00:00,2050-03-11,124.78,nan,29.38,30.7,33.4
2050-03-11 23:00:00,2050-03-12 04:00:00,2050-03-11,162.58,nan,41.76,43.33,43.59
2050-03-12 00:00:00,2050-03-12 05:00:00,2050-03-12,218.75,nan,61.98,64.54,61.19
2050-03-12 01:00:00,2050-03-12 06:00:00,2050-03-12,283.34,nan,85.26,88.91,81.93
2050-03-12 02:00:00,2050-03-12 07:00:00,2050-03-12,375.88,nan,120.96,125.37,111.08
2050-03-12 03:00:00,2050-03-12 08:00:00,2050-03-12,515.64,nan,173.69,180.22,154.49
2050-03-12 04:00:00,2050-03-12 09:00:00,2050-03-12,661.79,nan,229.85,238.02,199.91
2050-03-12 05:00:00,2050-03-12 10:00:00,2050-03-12,840.07,nan,298.64,309.69,256.33
2050-03-12 06:00:00,2050-03-12 11:00:00,2050-03-12,946.71,nan,340.29,352.82,289.82
2050-03-12 07:00:00,2050-03-12 12:00:00,2050-03-12,1019.37,nan,367.14,380.85,313.34
2050-03-12 08:00:00,2050-03-12 13:00:00,2050-03-12,930.07,nan,333.83,345.92,284.99
2050-03-12 09:00:00,2050-03-12 14:00:00,2050-03-12,788.41,nan,278.57,287.47,238.95
2050-03-12 10:00:00,2050-03-12 15:00:00,2050-03-12,862.88,nan,307.84,318.07,262.57
2050-03-12 11:00:00,2050-03-12 16:00:00,2050-03-12,925.73,nan,332.89,344.35,282.48
2050-03-12 12:00:00,2050-03-12 17:00:00,2050-03-12,939.0,nan,337.96,349.77,286.75
2050-03-12 13:00:00,2050-03-12 18:00:00,2050-03-12,914.71,nan,329.31,340.51,279.0
2050-03-12 14:00:00,2050-03-12 19:00:00,2050-03-12,857.4,nan,307.42,317.77,261.3
2050-03-12 15:00:00,2050-03-12 20:00:00,2050-03-12,849.52,nan,305.07,315.24,258.94
2050-03-12 16:00:00,2050-03-12 21:00:00,2050-03-12,899.74,nan,325.76,336.92,274.79
2050-03-12 17:00:00,2050-03-12 22:00:00,2050-03-12,968.98,nan,351.67,363.66,296.24
2050-03-12 18:00:00,2050-03-12 23:00:00,2050-03-12,1078.81,nan,394.88,408.67,330.95
2050-03-12 19:00:00,2050-03-13 00:00:00,2050-03-12,1405.48,nan,521.35,540.74,436.67
2050-03-12 20:00:00,2050-03-13 01:00:00,2050-03-12,1534.09,nan,570.78,591.8,480.54
2050-03-12 21:00:00,2050-03-13 02:00:00,2050-03-12,1504.47,nan,558.21,578.71,472.78
2050-03-12 22:00:00,2050-03-13 03:00:00,2050-03-12,1445.91,nan,533.77,553.43,454.71
2050-03-12 23:00:00,2050-03-13 04:00:00,2050-03-12,1429.99,nan,526.79,546.19,450.53
2050-03-13 00:00:00,2050-03-13 05:00:00,2050-03-13,1418.63,nan,521.31,540.41,447.7
2050-03-13 01:00:00,2050-03-13 06:00:00,2050-03-13,1399.07,nan,512.78,531.7,441.96
2050-03-13 03:00:00,2050-03-13 07:00:00,2050-03-13,1361.1,nan,496.69,515.43,429.54
2050-03-13 04:00:00,2050-03-13 08:00:00,2050-03-13,1324.12,nan,481.38,499.51,417.46
2050-03-13 05:00:00,2050-03-13 09:00:00,2050-03-13,1308.33,nan,475.95,493.91,412.45
2050-03-13 06:00:00,2050-03-13 10:00:00,2050-03-13,1276.37,nan,463.67,480.96,402.95
2050-03-13 07:00:00,2050-03-13 11:00:00,2050-03-13,1212.66,nan,438.43,454.79,382.81
2050-03-13 08:00:00,2050-03-13 12:00:00,2050-03-13,1145.86,nan,414.21,429.79,361.91
2050-03-13 09:00:00,2050-03-13 13:00:00,2050-03-13,840.59,nan,295.14,305.89,263.02
2050-03-13 10:00:00,2050-03-13 14:00:00,2050-03-13,505.5,nan,167.99,173.59,153.68
2050-03-13 11:00:00,2050-03-13 15:00:00,2050-03-13,406.24,nan,132.27,136.92,122.17
2050-03-13 12:00:00,2050-03-13 16:00:00,2050-03-13,323.65,nan,102.55,105.39,95.08
2050-03-13 13:00:00,2050-03-13 17:00:00,2050-03-13,260.09,nan,80.2,82.01,74.37
2050-03-13 14:00:00,2050-03-13 18:00:00,2050-03-13,254.82,nan,79.19,80.81,72.62
2050-03-13 15:00:00,2050-03-13 19:00:00,2050-03-13,239.65,nan,75.07,76.4,68.63
2050-03-13 16:00:00,2050-03-13 20:00:00,2050-03-13,255.85,nan,81.55,83.28,74.06
2050-03-13 17:00:00,2050-03-13 21:00:00,2050-03-13,308.52,nan,101.75,104.17,90.84
2050-03-13 18:00:00,2050-03-13 22:00:00,2050-03-13,396.6,nan,134.96,138.59,118.97
2050-03-13 19:00:00,2050-03-13 23:00:00,2050-03-13,474.67,nan,165.2,169.66,143.11
2050-03-13 20:00:00,2050-03-14 00:00:00,2050-03-13,778.46,nan,281.47,290.96,241.21
2050-03-13 21:00:00,2050-03-14 01:00:00,2050-03-13,948.36,nan,345.77,358.01,297.94
2050-03-13 22:00:00,2050-03-14 02:00:00,2050-03-13,917.56,nan,332.75,345.13,288.8
2050-03-13 23:00:00,2050-03-14 03:00:00,2050-03-13,802.33,nan,289.76,300.5,251.75
2050-03-14 00:00:00,2050-03-14 04:00:00,2050-03-14,752.87,nan,270.67,280.53,235.39
2050-03-14 01:00:00,2050-03-14 05:00:00,2050-03-14,681.44,nan,243.06,252.28,212.86
2050-03-14 02:00:00,2050-03-14 06:00:00,2050-03-14,631.19,nan,223.83,231.5,194.85
2050-03-14 03:00:00,2050-03-14 07:00:00,2050-03-14,656.74,nan,234.8,243.14,204.52
2050-03-14 04:00:00,2050-03-14 08:00:00,2050-03-14,726.8,nan,265.23,274.68,227.92
2050-03-14 05:00:00,2050-03-14 09:00:00,2050-03-14,737.56,nan,272.61,282.3,231.33
2050-03-14 06:00:00,2050-03-14 10:00:00,2050-03-14,784.6,nan,291.8,302.17,247.33
2050-03-14 07:00:00,2050-03-14 11:00:00,2050-03-14,847.78,nan,317.1,328.84,268.56
2050-03-14 08:00:00,2050-03-14 12:00:00,2050-03-14,719.17,nan,267.89,277.78,230.13
2050-03-14 09:00:00,2050-03-14 13:00:00,2050-03-14,377.86,nan,140.44,145.02,121.15
2050-03-14 10:00:00,2050-03-14 14:00:00,2050-03-14,95.47,nan,31.65,30.69,30.49
2050-03-14 11:00:00,2050-03-14 15:00:00,2050-03-14,37.76,nan,11.41,8.16,12.29
2050-03-14 12:00:00,2050-03-14 16:00:00,2050-03-14,61.0,nan,20.65,16.3,23.89
2050-03-14 13:00:00,2050-03-14 17:00:00,2050-03-14,103.27,nan,36.04,30.25,41.1
2050-03-14 14:00:00,2050-03-14 18:00:00,2050-03-14,301.2,nan,117.84,113.45,104.35
2050-03-14 15:00:00,2050-03-14 19:00:00,2050-03-14,596.1,nan,234.19,231.22,199.87
2050-03-14 16:00:00,2050-03-14 20:00:00,2050-03-14,863.5,nan,335.52,335.58,287.32
2050-03-14 17:00:00,2050-03-14 21:00:00,2050-03-14,951.02,nan,376.07,376.64,318.2
2050-03-14 18:00:00,2050-03-14 22:00:00,2050-03-14,626.7,nan,250.59,248.08,215.88
2050-03-14 19:00:00,2050-03-14 23:00:00,2050-03-14,166.63,nan,62.98,57.65,67.57
2050-03-14 20:00:00,2050-03-15 00:00:00,2050-03-14,44.82,nan,13.98,11.92,18.62
2050-03-14 21:00:00,2050-03-15 01:00:00,2050-03-14,20.7,nan,3.3,3.03,5.91
2050-03-14 22:00:00,2050-03-15 02:00:00,2050-03-14,41.03,nan,7.55,8.29,9.89
2050-03-14 23:00:00,2050-03-15 03:00:00,2050-03-14,139.89,nan,42.51,45.0,39.21
2050-03-15 00:00:00,2050-03-15 04:00:00,2050-03-15,352.61,nan,121.88,127.71,103.63
2050-03-15 01:00:00,2050-03-15 05:00:00,2050-03-15,612.86,nan,221.48,231.05,184.61
2050-03-15 02:00:00,2050-03-15 06:00:00,2050-03-15,880.21,nan,323.14,337.22,268.91
2050-03-15 03:00:00,2050-03-15 07:00:00,2050-03-15,1130.0,nan,420.32,437.93,347.66
2050-03-15 04:00:00,2050-03-15 08:00:00,2050-03-15,1359.28,nan,508.12,529.1,420.31
2050-03-15 05:00:00,2050-03-15 09:00:00,2050-03-15,1544.36,nan,578.27,601.95,479.59
2050-03-15 06:00:00,2050-03-15 10:00:00,2050-03-15,1698.48,nan,637.45,662.91,529.71
2050-03-15 07:00:00,2050-03-15 11:00:00,2050-03-15,1813.18,nan,681.22,708.27,566.86
2050-03-15 08:00:00,2050-03-15 12:00:00,2050-03-15,1870.85,nan,703.73,731.31,586.81
2050-03-15 09:00:00,2050-03-15 13:00:00,2050-03-15,1692.96,nan,635.08,660.32,529.83
2050-03-15 10:00:00,2050-03-15 14:00:00,2050-03-15,1238.32,nan,461.64,480.21,384.8
2050-03-15 11:00:00,2050-03-15 15:00:00,2050-03-15,1153.18,nan,428.46,445.19,359.47
2050-03-15 12:00:00,2050-03-15 16:00:00,2050-03-15,974.76,nan,357.82,371.4,304.35
2050-03-15 13:00:00,2050-03-15 17:00:00,2050-03-15,1019.5,nan,379.95,394.01,317.14
2050-03-15 14:00:00,2050-03-15 18:00:00,2050-03-15,1053.5,nan,394.95,409.18,326.17
2050-03-15 15:00:00,2050-03-15 19:00:00,2050-03-15,1067.8,nan,401.62,415.18,330.2
2050-03-15 16:00:00,2050-03-15 20:00:00,2050-03-15,1045.31,nan,390.08,403.61,322.49
2050-03-15 17:00:00,2050-03-15 21:00:00,2050-03-15,1105.68,nan,410.77,425.66,340.76
2050-03-15 18:00:00,2050-03-15 22:00:00,2050-03-15,1193.33,nan,441.96,457.78,368.42
2050-03-15 19:00:00,2050-03-15 23:00:00,2050-03-15,1374.31,nan,509.78,528.38,424.42
2050-03-15 20:00:00,2050-03-16 00:00:00,2050-03-15,1776.57,nan,660.86,685.37,554.09
2050-03-15 21:00:00,2050-03-16 01:00:00,2050-03-15,2036.09,nan,757.79,785.92,639.08
2050-03-15 22:00:00,2050-03-16 02:00:00,2050-03-15,2135.43,nan,794.18,823.46,670.84
2050-03-15 23:00:00,2050-03-16 03:00:00,2050-03-15,2221.83,nan,826.84,857.05,698.93
2050-03-16 00:00:00,2050-03-16 04:00:00,2050-03-16,2327.57,nan,865.55,897.1,733.4
2050-03-16 01:00:00,2050-03-16 05:00:00,2050-03-16,2437.11,nan,905.41,938.43,768.08
2050-03-16 02:00:00,2050-03-16 06:00:00,2050-03-16,2550.09,nan,945.99,980.63,803.89
2050-03-16 03:00:00,2050-03-16 07:00:00,2050-03-16,2716.18,nan,1007.51,1044.38,856.71
2050-03-16 04:00:00,2050-03-16 08:00:00,2050-03-16,2951.47,nan,1096.5,1136.34,932.71
2050-03-16 05:00:00,2050-03-16 09:00:00,2050-03-16,3195.04,nan,1186.92,1229.57,1009.65
2050-03-16 06:00:00,2050-03-16 10:00:00,2050-03-16,3363.43,nan,1249.52,1294.43,1063.95
2050-03-16 07:00:00,2050-03-16 11:00:00,2050-03-16,3561.3,nan,1323.61,1370.83,1127.47
2050-03-16 08:00:00,2050-03-16 12:00:00,2050-03-16,3497.74,nan,1298.56,1344.35,1109.73
2050-03-16 09:00:00,2050-03-16 13:00:00,2050-03-16,2955.27,nan,1092.31,1130.09,935.66
2050-03-16 10:00:00,2050-03-16 14:00:00,2050-03-16,2039.21,nan,743.31,769.71,638.76
2050-03-16 11:00:00,2050-03-16 15:00:00,2050-03-16,1339.75,nan,480.98,498.39,417.93
2050-03-16 12:00:00,2050-03-16 16:00:00,2050-03-16,764.97,nan,268.75,278.17,239.33
2050-03-16 13:00:00,2050-03-16 17:00:00,2050-03-16,352.55,nan,117.23,120.71,111.15
2050-03-16 14:00:00,2050-03-16 18:00:00,2050-03-16,84.64,nan,27.8,27.85,28.5
2050-03-16 15:00:00,2050-03-16 19:00:00,2050-03-16,46.06,nan,19.37,17.41,23.37
2050-03-16 16:00:00,2050-03-16 20:00:00,2050-03-16,70.59,nan,29.05,26.2,34.59
2050-03-16 17:00:00,2050-03-16 21:00:00,2050-03-16,157.16,nan,66.48,63.19,63.59
2050-03-16 18:00:00,2050-03-16 22:00:00,2050-03-16,227.23,nan,95.8,94.44,83.77
2050-03-16 19:00:00,2050-03-16 23:00:00,2050-03-16,74.52,nan,30.35,27.23,35.82
2050-03-16 20:00:00,2050-03-17 00:00:00,2050-03-16,27.57,nan,9.37,8.75,10.87
2050-03-16 21:00:00,2050-03-17 01:00:00,2050-03-16,195.49,nan,64.1,65.29,57.1
2050-03-16 22:00:00,2050-03-17 02:00:00,2050-03-16,485.9,nan,166.91,170.81,146.71
2050-03-16 23:00:00,2050-03-17 03:00:00,2050-03-16,867.43,nan,309.17,317.85,265.78
2050-03-17 00:00:00,2050-03-17 04:00:00,2050-03-17,1240.7,nan,449.68,463.65,382.97
2050-03-17 01:00:00,2050-03-17 05:00:00,2050-03-17,1607.55,nan,588.33,607.57,498.96
2050-03-17 02:00:00,2050-03-17 06:00:00,2050-03-17,1952.61,nan,720.29,744.49,609.42
2050-03-17 03:00:00,2050-03-17 07:00:00,2050-03-17,2269.32,nan,841.04,869.38,711.75
2050-03-17 04:00:00,2050-03-17 08:00:00,2050-03-17,2552.96,nan,948.87,980.85,803.93
2050-03-17 05:00:00,2050-03-17 09:00:00,2050-03-17,2805.23,nan,1045.01,1080.38,885.63
2050-03-17 06:00:00,2050-03-17 10:00:00,2050-03-17,3016.47,nan,1125.54,1163.76,954.0
2050-03-17 07:00:00,2050-03-17 11:00:00,2050-03-17,3205.25,nan,1197.34,1238.17,1015.24
2050-03-17 08:00:00,2050-03-17 12:00:00,2050-03-17,3023.42,nan,1131.64,1170.0,963.06
2050-03-17 09:00:00,2050-03-17 13:00:00,2050-03-17,2072.77,nan,776.22,802.49,662.38
2050-03-17 10:00:00,2050-03-17 14:00:00,2050-03-17,960.68,nan,357.7,370.12,308.83
2050-03-17 11:00:00,2050-03-17 15:00:00,2050-03-17,276.62,nan,101.32,103.88,95.81
2050-03-17 12:00:00,2050-03-17 16:00:00,2050-03-17,23.98,nan,8.94,7.62,10.85
2050-03-17 13:00:00,2050-03-17 17:00:00,2050-03-17,44.65,nan,17.09,14.84,21.48
2050-03-17 14:00:00,2050-03-17 18:00:00,2050-03-17,86.13,nan,33.58,29.33,39.1
2050-03-17 15:00:00,2050-03-17 19:00:00,2050-03-17,656.08,nan,266.68,271.62,215.55
2050-03-17 16:00:00,2050-03-17 20:00:00,2050-03-17,1412.76,nan,537.91,548.11,462.25
2050-03-17 17:00:00,2050-03-17 21:00:00,2050-03-17,1619.07,nan,621.56,636.4,530.52
2050-03-17 18:00:00,2050-03-17 22:00:00,2050-03-17,1591.32,nan,614.44,628.55,519.07
2050-03-17 19:00:00,2050-03-17 23:00:00,2050-03-17,957.59,nan,379.79,385.92,322.7
2050-03-17 20:00:00,2050-03-18 00:00:00,2050-03-17,182.84,nan,75.45,73.64,69.25
2050-03-17 21:00:00,2050-03-18 01:00:00,2050-03-17,31.45,nan,12.66,11.28,15.21
2050-03-17 22:00:00,2050-03-18 02:00:00,2050-03-17,13.76,nan,5.1,4.28,6.31
2050-03-17 23:00:00,2050-03-18 03:00:00,2050-03-17,34.93,nan,9.19,9.14,9.23
2050-03-18 00:00:00,2050-03-18 04:00:00,2050-03-18,155.42,nan,47.07,48.6,41.99
2050-03-18 01:00:00,2050-03-18 05:00:00,2050-03-18,399.38,nan,135.71,140.07,116.47
2050-03-18 02:00:00,2050-03-18 06:00:00,2050-03-18,723.88,nan,259.01,267.44,218.1
2050-03-18 03:00:00,2050-03-18 07:00:00,2050-03-18,1043.62,nan,382.42,394.84,319.11
2050-03-18 04:00:00,2050-03-18 08:00:00,2050-03-18,1337.62,nan,495.4,511.58,412.65
2050-03-18 05:00:00,2050-03-18 09:00:00,2050-03-18,1618.17,nan,603.14,623.13,502.28
2050-03-18 06:00:00,2050-03-18 10:00:00,2050-03-18,1884.78,nan,704.87,728.38,588.03
2050-03-18 07:00:00,2050-03-18 11:00:00,2050-03-18,2125.97,nan,797.21,823.88,666.19
2050-03-18 08:00:00,2050-03-18 12:00:00,2050-03-18,1988.67,nan,748.32,773.11,629.22
2050-03-18 09:00:00,2050-03-18 13:00:00,2050-03-18,1129.93,nan,426.81,440.51,361.09
2050-03-18 10:00:00,2050-03-18 14:00:00,2050-03-18,321.68,nan,121.1,123.05,108.43
2050-03-18 11:00:00,2050-03-18 15:00:00,2050-03-18,29.88,nan,10.46,8.55,12.29
2050-03-18 12:00:00,2050-03-18 16:00:00,2050-03-18,49.16,nan,17.61,14.73,19.53
2050-03-18 13:00:00,2050-03-18 17:00:00,2050-03-18,131.52,nan,50.83,47.3,51.02
2050-03-18 14:00:00,2050-03-18 18:00:00,2050-03-18,628.46,nan,246.31,248.9,204.01
2050-03-18 15:00:00,2050-03-18 19:00:00,2050-03-18,1284.75,nan,488.47,498.24,424.24
2050-03-18 16:00:00,2050-03-18 20:00:00,2050-03-18,1804.95,nan,688.83,704.22,588.0
2050-03-18 17:00:00,2050-03-18 21:00:00,2050-03-18,2071.09,nan,791.02,809.39,675.6
2050-03-18 18:00:00,2050-03-18 22:00:00,2050-03-18,1992.19,nan,764.74,782.57,648.91
2050-03-18 19:00:00,2050-03-18 23:00:00,2050-03-18,1335.05,nan,521.68,531.36,444.11
2050-03-18 20:00:00,2050-03-19 00:00:00,2050-03-18,464.18,nan,190.45,191.58,160.29
2050-03-18 21:00:00,2050-03-19 01:00:00,2050-03-18,85.6,nan,34.1,31.71,34.21
2050-03-18 22:00:00,2050-03-19 02:00:00,2050-03-18,35.29,nan,12.92,10.96,14.8
2050-03-18 23:00:00,2050-03-19 03:00:00,2050-03-18,19.14,nan,6.6,5.33,7.61
2050-03-19 00:00:00,2050-03-19 04:00:00,2050-03-19,39.42,nan,11.61,10.98,11.18
2050-03-19 01:00:00,2050-03-19 05:00:00,2050-03-19,129.85,nan,40.9,41.45,35.84
2050-03-19 02:00:00,2050-03-19 06:00:00,2050-03-19,331.16,nan,116.99,119.92,97.0
2050-03-19 03:00:00,2050-03-19 07:00:00,2050-03-19,556.28,nan,202.98,209.2,167.54
2050-03-19 04:00:00,2050-03-19 08:00:00,2050-03-19,796.48,nan,295.13,304.71,243.22
2050-03-19 05:00:00,2050-03-19 09:00:00,2050-03-19,1068.58,nan,399.75,412.97,328.46
2050-03-19 06:00:00,2050-03-19 10:00:00,2050-03-19,1351.51,nan,507.56,524.58,417.94
2050-03-19 07:00:00,2050-03-19 11:00:00,2050-03-19,1634.4,nan,615.4,636.26,508.29
2050-03-19 08:00:00,2050-03-19 12:00:00,2050-03-19,1517.84,nan,574.37,593.7,478.08
2050-03-19 09:00:00,2050-03-19 13:00:00,2050-03-19,782.64,nan,297.37,307.25,251.52
2050-03-19 10:00:00,2050-03-19 14:00:00,2050-03-19,93.15,nan,33.9,32.69,34.68
2050-03-19 11:00:00,2050-03-19 15:00:00,2050-03-19,40.59,nan,14.1,11.48,15.89
2050-03-19 12:00:00,2050-03-19 16:00:00,2050-03-19,126.46,nan,47.59,44.25,46.56
2050-03-19 13:00:00,2050-03-19 17:00:00,2050-03-19,649.83,nan,248.94,252.88,207.03
2050-03-19 14:00:00,2050-03-19 18:00:00,2050-03-19,1332.43,nan,502.65,512.94,439.93
2050-03-19 15:00:00,2050-03-19 19:00:00,2050-03-19,2013.88,nan,759.11,777.5,656.56
2050-03-19 16:00:00,2050-03-19 20:00:00,2050-03-19,2514.58,nan,946.42,970.87,818.94
2050-03-19 17:00:00,2050-03-19 21:00:00,2050-03-19,2750.23,nan,1035.89,1063.65,897.09
2050-03-19 18:00:00,2050-03-19 22:00:00,2050-03-19,2574.41,nan,970.74,996.87,840.03
2050-03-19 19:00:00,2050-03-19 23:00:00,2050-03-19,1823.87,nan,694.09,710.68,603.68
2050-03-19 20:00:00,2050-03-20 00:00:00,2050-03-19,831.35,nan,323.26,329.66,281.76
2050-03-19 21:00:00,2050-03-20 01:00:00,2050-03-19,233.21,nan,92.46,91.73,83.58
2050-03-19 22:00:00,2050-03-20 02:00:00,2050-03-19,69.26,nan,25.96,23.33,27.14
2050-03-19 23:00:00,2050-03-20 03:00:00,2050-03-19,34.82,nan,11.94,9.72,13.29
2050-03-20 00:00:00,2050-03-20 04:00:00,2050-03-20,22.86,nan,7.19,5.41,7.74
2050-03-20 01:00:00,2050-03-20 05:00:00,2050-03-20,26.72,nan,8.02,6.64,7.59
2050-03-20 02:00:00,2050-03-20 06:00:00,2050-03-20,73.63,nan,22.89,22.41,19.27
2050-03-20 03:00:00,2050-03-20 07:00:00,2050-03-20,179.07,nan,59.34,60.3,49.26
2050-03-20 04:00:00,2050-03-20 08:00:00,2050-03-20,366.42,nan,129.37,132.66,106.49
2050-03-20 05:00:00,2050-03-20 09:00:00,2050-03-20,607.65,nan,220.74,227.42,181.48
2050-03-20 06:00:00,2050-03-20 10:00:00,2050-03-20,858.87,nan,316.42,326.66,260.41
2050-03-20 07:00:00,2050-03-20 11:00:00,2050-03-20,1103.77,nan,410.84,424.13,338.14
2050-03-20 08:00:00,2050-03-20 12:00:00,2050-03-20,980.44,nan,368.87,380.5,306.35
2050-03-20 09:00:00,2050-03-20 13:00:00,2050-03-20,382.58,nan,145.22,148.17,124.24
2050-03-20 10:00:00,2050-03-20 14:00:00,2050-03-20,41.87,nan,13.87,11.08,15.44
2050-03-20 11:00:00,2050-03-20 15:00:00,2050-03-20,109.98,nan,39.93,37.09,39.54
2050-03-20 12:00:00,2050-03-20 16:00:00,2050-03-20,394.72,nan,151.44,151.42,130.23
2050-03-20 13:00:00,2050-03-20 17:00:00,2050-03-20,1009.2,nan,385.33,391.53,329.33
2050-03-20 14:00:00,2050-03-20 18:00:00,2050-03-20,1673.98,nan,634.73,648.29,544.31
2050-03-20 15:00:00,2050-03-20 19:00:00,2050-03-20,2304.68,nan,871.24,892.27,750.74
2050-03-20 16:00:00,2050-03-20 20:00:00,2050-03-20,2789.13,nan,1054.28,1081.25,907.5
2050-03-20 17:00:00,2050-03-20 21:00:00,2050-03-20,3038.99,nan,1149.54,1179.83,990.36
2050-03-20 18:00:00,2050-03-20 22:00:00,2050-03-20,2870.61,nan,1086.87,1115.28,935.52
2050-03-20 19:00:00,2050-03-20 23:00:00,2050-03-20,2176.55,nan,831.0,850.9,716.81
2050-03-20 20:00:00,2050-03-21 00:00:00,2050-03-20,1232.86,nan,478.02,487.96,410.93
2050-03-20 21:00:00,2050-03-21 01:00:00,2050-03-20,544.0,nan,216.04,218.46,185.29
2050-03-20 22:00:00,2050-03-21 02:00:00,2050-03-20,202.73,nan,79.79,78.06,72.03
2050-03-20 23:00:00,2050-03-21 03:00:00,2050-03-20,71.47,nan,25.73,22.86,27.04
2050-03-21 00:00:00,2050-03-21 04:00:00,2050-03-21,37.34,nan,12.42,9.96,13.68
2050-03-21 01:00:00,2050-03-21 05:00:00,2050-03-21,24.87,nan,7.68,5.69,8.17
2050-03-21 02:00:00,2050-03-21 06:00:00,2050-03-21,21.17,nan,6.34,4.77,6.32
2050-03-21 03:00:00,2050-03-21 07:00:00,2050-03-21,42.6,nan,13.93,13.0,11.6
2050-03-21 04:00:00,2050-03-21 08:00:00,2050-03-21,108.42,nan,37.41,37.37,30.28
2050-03-21 05:00:00,2050-03-21 09:00:00,2050-03-21,265.32,nan,96.36,98.31,77.52
2050-03-21 06:00:00,2050-03-21 10:00:00,2050-03-21,494.43,nan,183.15,188.26,147.5
2050-03-21 07:00:00,2050-03-21 11:00:00,2050-03-21,726.92,nan,271.45,280.14,221.01
2050-03-21 08:00:00,2050-03-21 12:00:00,2050-03-21,641.34,nan,243.68,251.15,200.11
2050-03-21 09:00:00,2050-03-21 13:00:00,2050-03-21,137.73,nan,51.12,50.84,45.71
2050-03-21 10:00:00,2050-03-21 14:00:00,2050-03-21,51.16,nan,16.83,13.54,18.56
2050-03-21 11:00:00,2050-03-21 15:00:00,2050-03-21,125.32,nan,44.87,40.97,45.04
2050-03-21 12:00:00,2050-03-21 16:00:00,2050-03-21,359.78,nan,134.11,132.09,120.07
2050-03-21 13:00:00,2050-03-21 17:00:00,2050-03-21,873.88,nan,340.89,343.24,284.82
2050-03-21 14:00:00,2050-03-21 18:00:00,2050-03-21,1601.5,nan,616.57,627.19,521.54
2050-03-21 15:00:00,2050-03-21 19:00:00,2050-03-21,2313.32,nan,881.59,900.9,753.12
2050-03-21 16:00:00,2050-03-21 20:00:00,2050-03-21,2797.21,nan,1060.74,1086.36,910.19
2050-03-21 17:00:00,2050-03-21 21:00:00,2050-03-21,3032.16,nan,1148.36,1177.32,987.11
2050-03-21 18:00:00,2050-03-21 22:00:00,2050-03-21,2833.28,nan,1071.94,1098.82,923.71
2050-03-21 19:00:00,2050-03-21 23:00:00,2050-03-21,2151.02,nan,819.92,838.3,709.37
2050-03-21 20:00:00,2050-03-22 00:00:00,2050-03-21,1280.08,nan,493.93,503.8,425.41
2050-03-21 21:00:00,2050-03-22 01:00:00,2050-03-21,670.73,nan,263.99,267.69,226.59
2050-03-21 22:00:00,2050-03-22 02:00:00,2050-03-21,327.86,nan,129.98,129.72,114.4
2050-03-21 23:00:00,2050-03-22 03:00:00,2050-03-21,123.74,nan,46.99,44.4,46.22
2050-03-22 00:00:00,2050-03-22 04:00:00,2050-03-22,58.95,nan,20.9,18.09,23.6
2050-03-22 01:00:00,2050-03-22 05:00:00,2050-03-22,38.24,nan,13.04,10.66,15.14
2050-03-22 02:00:00,2050-03-22 06:00:00,2050-03-22,27.84,nan,9.2,7.27,10.7
2050-03-22 03:00:00,2050-03-22 07:00:00,2050-03-22,20.35,nan,6.42,4.86,7.34
2050-03-22 04:00:00,2050-03-22 08:00:00,2050-03-22,16.61,nan,5.08,3.71,5.68
2050-03-22 05:00:00,2050-03-22 09:00:00,2050-03-22,21.58,nan,6.11,5.1,6.01
2050-03-22 06:00:00,2050-03-22 10:00:00,2050-03-22,42.47,nan,12.33,11.78,10.6
2050-03-22 07:00:00,2050-03-22 11:00:00,2050-03-22,74.49,nan,22.88,22.78,19.44
2050-03-22 08:00:00,2050-03-22 12:00:00,2050-03-22,82.62,nan,26.47,26.22,22.59
2050-03-22 09:00:00,2050-03-22 13:00:00,2050-03-22,40.33,nan,12.05,10.52,12.04
2050-03-22 10:00:00,2050-03-22 14:00:00,2050-03-22,50.08,nan,15.25,11.8,17.98
2050-03-22 11:00:00,2050-03-22 15:00:00,2050-03-22,54.04,nan,16.62,13.1,20.13
2050-03-22 12:00:00,2050-03-22 16:00:00,2050-03-22,58.38,nan,18.32,14.67,22.73
2050-03-22 13:00:00,2050-03-22 17:00:00,2050-03-22,58.96,nan,18.64,14.71,23.14
2050-03-22 14:00:00,2050-03-22 18:00:00,2050-03-22,59.92,nan,19.31,15.26,23.82
2050-03-22 15:00:00,2050-03-22 19:00:00,2050-03-22,57.22,nan,18.7,14.86,23.26
2050-03-22 16:00:00,2050-03-22 20:00:00,2050-03-22,58.89,nan,18.71,14.54,22.71
2050-03-22 17:00:00,2050-03-22 21:00:00,2050-03-22,60.19,nan,18.99,14.75,23.04
2050-03-22 18:00:00,2050-03-22 22:00:00,2050-03-22,57.92,nan,19.01,15.04,23.39
2050-03-22 19:00:00,2050-03-22 23:00:00,2050-03-22,60.54,nan,19.1,14.73,22.96
2050-03-22 20:00:00,2050-03-23 00:00:00,2050-03-22,36.48,nan,10.64,8.56,11.87
2050-03-22 21:00:00,2050-03-23 01:00:00,2050-03-22,29.97,nan,8.53,7.63,9.37
2050-03-22 22:00:00,2050-03-23 02:00:00,2050-03-22,40.47,nan,12.01,11.43,12.04
2050-03-22 23:00:00,2050-03-23 03:00:00,2050-03-22,36.62,nan,10.4,9.46,11.03
2050-03-23 00:00:00,2050-03-23 04:00:00,2050-03-23,41.32,nan,11.67,10.9,12.52
2050-03-23 01:00:00,2050-03-23 05:00:00,2050-03-23,46.57,nan,12.96,12.28,14.24
2050-03-23 02:00:00,2050-03-23 06:00:00,2050-03-23,46.37,nan,13.28,13.08,14.62
2050-03-23 03:00:00,2050-03-23 07:00:00,2050-03-23,44.12,nan,12.69,12.58,14.15
2050-03-23 04:00:00,2050-03-23 08:00:00,2050-03-23,48.78,nan,14.39,14.64,15.53
2050-03-23 05:00:00,2050-03-23 09:00:00,2050-03-23,52.18,nan,15.84,16.4,16.6
2050-03-23 06:00:00,2050-03-23 10:00:00,2050-03-23,74.27,nan,24.27,25.55,23.24
2050-03-23 07:00:00,2050-03-23 11:00:00,2050-03-23,138.06,nan,48.8,51.52,42.88
2050-03-23 08:00:00,2050-03-23 12:00:00,2050-03-23,156.05,nan,55.87,58.96,48.88
2050-03-23 09:00:00,2050-03-23 13:00:00,2050-03-23,42.27,nan,13.12,12.8,14.71
2050-03-23 10:00:00,2050-03-23 14:00:00,2050-03-23,60.67,nan,21.78,18.19,26.25
2050-03-23 11:00:00,2050-03-23 15:00:00,2050-03-23,116.37,nan,43.18,38.35,49.04
2050-03-23 12:00:00,2050-03-23 16:00:00,2050-03-23,333.86,nan,131.65,127.52,120.62
2050-03-23 13:00:00,2050-03-23 17:00:00,2050-03-23,741.38,nan,296.75,295.99,254.38
2050-03-23 14:00:00,2050-03-23 18:00:00,2050-03-23,1214.36,nan,475.76,480.16,412.94
2050-03-23 15:00:00,2050-03-23 19:00:00,2050-03-23,1360.71,nan,524.26,531.87,459.63
2050-03-23 16:00:00,2050-03-23 20:00:00,2050-03-23,1314.57,nan,509.67,516.6,451.31
2050-03-23 17:00:00,2050-03-23 21:00:00,2050-03-23,994.35,nan,390.06,393.43,348.79
2050-03-23 18:00:00,2050-03-23 22:00:00,2050-03-23,496.23,nan,196.82,194.99,182.02
2050-03-23 19:00:00,2050-03-23 23:00:00,2050-03-23,159.19,nan,60.12,54.87,68.12
2050-03-23 20:00:00,2050-03-24 00:00:00,2050-03-23,51.97,nan,18.2,15.55,22.98
2050-03-23 21:00:00,2050-03-24 01:00:00,2050-03-23,29.87,nan,6.84,6.24,9.22
2050-03-23 22:00:00,2050-03-24 02:00:00,2050-03-23,60.86,nan,12.4,12.98,14.09
2050-03-23 23:00:00,2050-03-24 03:00:00,2050-03-23,147.48,nan,38.44,40.19,36.74
2050-03-24 00:00:00,2050-03-24 04:00:00,2050-03-24,362.76,nan,117.58,122.56,100.51
2050-03-24 01:00:00,2050-03-24 05:00:00,2050-03-24,707.11,nan,248.0,258.08,205.97
2050-03-24 02:00:00,2050-03-24 06:00:00,2050-03-24,1075.73,nan,385.19,400.81,320.81
2050-03-24 03:00:00,2050-03-24 07:00:00,2050-03-24,1590.27,nan,585.67,608.86,482.72
2050-03-24 04:00:00,2050-03-24 08:00:00,2050-03-24,2042.07,nan,758.48,787.5,627.19
2050-03-24 05:00:00,2050-03-24 09:00:00,2050-03-24,2479.75,nan,925.38,959.99,768.75
2050-03-24 06:00:00,2050-03-24 10:00:00,2050-03-24,2907.25,nan,1087.11,1126.98,906.94
2050-03-24 07:00:00,2050-03-24 11:00:00,2050-03-24,3278.31,nan,1226.05,1270.38,1026.84
2050-03-24 08:00:00,2050-03-24 12:00:00,2050-03-24,3167.29,nan,1182.34,1224.63,997.49
2050-03-24 09:00:00,2050-03-24 13:00:00,2050-03-24,2601.04,nan,968.08,1003.58,818.91
2050-03-24 10:00:00,2050-03-24 14:00:00,2050-03-24,1824.14,nan,671.45,696.45,569.11
2050-03-24 11:00:00,2050-03-24 15:00:00,2050-03-24,1319.29,nan,478.25,496.48,412.2
2050-03-24 12:00:00,2050-03-24 16:00:00,2050-03-24,860.44,nan,306.7,318.47,270.46
2050-03-24 13:00:00,2050-03-24 17:00:00,2050-03-24,512.46,nan,177.29,183.86,161.59
2050-03-24 14:00:00,2050-03-24 18:00:00,2050-03-24,192.16,nan,61.74,63.67,61.96
2050-03-24 15:00:00,2050-03-24 19:00:00,2050-03-24,34.41,nan,11.45,10.48,14.12
2050-03-24 16:00:00,2050-03-24 20:00:00,2050-03-24,49.43,nan,19.44,17.36,23.31
2050-03-24 17:00:00,2050-03-24 21:00:00,2050-03-24,58.94,nan,23.66,21.15,28.67
2050-03-24 18:00:00,2050-03-24 22:00:00,2050-03-24,57.34,nan,22.96,20.46,27.66
2050-03-24 19:00:00,2050-03-24 23:00:00,2050-03-24,40.03,nan,15.27,13.4,19.05
2050-03-24 20:00:00,2050-03-25 00:00:00,2050-03-24,182.84,nan,58.88,60.58,55.18
2050-03-24 21:00:00,2050-03-25 01:00:00,2050-03-24,579.67,nan,205.62,212.6,177.52
2050-03-24 22:00:00,2050-03-25 02:00:00,2050-03-24,981.8,nan,356.53,369.11,301.76
2050-03-24 23:00:00,2050-03-25 03:00:00,2050-03-24,1360.29,nan,499.5,517.23,419.81
2050-03-25 00:00:00,2050-03-25 04:00:00,2050-03-25,1704.2,nan,630.15,652.25,528.6
2050-03-25 01:00:00,2050-03-25 05:00:00,2050-03-25,2008.12,nan,745.41,771.11,625.68
2050-03-25 02:00:00,2050-03-25 06:00:00,2050-03-25,2290.09,nan,851.7,881.01,716.88
2050-03-25 03:00:00,2050-03-25 07:00:00,2050-03-25,2546.72,nan,949.17,981.45,800.11
2050-03-25 04:00:00,2050-03-25 08:00:00,2050-03-25,2781.88,nan,1037.88,1073.11,876.26
2050-03-25 05:00:00,2050-03-25 09:00:00,2050-03-25,2987.15,nan,1114.86,1152.7,942.66
2050-03-25 06:00:00,2050-03-25 10:00:00,2050-03-25,3166.47,nan,1181.77,1222.15,1000.94
2050-03-25 07:00:00,2050-03-25 11:00:00,2050-03-25,3320.0,nan,1238.44,1280.75,1051.09
2050-03-25 08:00:00,2050-03-25 12:00:00,2050-03-25,2973.6,nan,1112.36,1150.09,947.54
2050-03-25 09:00:00,2050-03-25 13:00:00,2050-03-25,1973.39,nan,741.42,766.31,630.95
2050-03-25 10:00:00,2050-03-25 14:00:00,2050-03-25,841.24,nan,312.71,323.37,272.4
2050-03-25 11:00:00,2050-03-25 15:00:00,2050-03-25,123.57,nan,43.55,44.07,45.22
2050-03-25 12:00:00,2050-03-25 16:00:00,2050-03-25,24.95,nan,9.0,7.5,10.83
2050-03-25 13:00:00,2050-03-25 17:00:00,2050-03-25,49.42,nan,19.1,16.67,23.18
2050-03-25 14:00:00,2050-03-25 18:00:00,2050-03-25,71.77,nan,27.9,24.35,33.55
2050-03-25 15:00:00,2050-03-25 19:00:00,2050-03-25,91.56,nan,35.53,30.97,41.72
2050-03-25 16:00:00,2050-03-25 20:00:00,2050-03-25,205.44,nan,83.73,80.23,79.87
2050-03-25 17:00:00,2050-03-25 21:00:00,2050-03-25,328.07,nan,134.08,131.98,118.8
2050-03-25 18:00:00,2050-03-25 22:00:00,2050-03-25,431.31,nan,177.26,176.28,150.04
2050-03-25 19:00:00,2050-03-25 23:00:00,2050-03-25,327.48,nan,133.45,131.14,116.54
2050-03-25 20:00:00,2050-03-26 00:00:00,2050-03-25,88.47,nan,34.5,31.23,36.27
2050-03-25 21:00:00,2050-03-26 01:00:00,2050-03-25,40.84,nan,15.35,13.14,17.84
2050-03-25 22:00:00,2050-03-26 02:00:00,2050-03-25,32.3,nan,11.69,9.75,13.77
2050-03-25 23:00:00,2050-03-26 03:00:00,2050-03-25,26.13,nan,8.97,7.2,10.69
2050-03-26 00:00:00,2050-03-26 04:00:00,2050-03-26,19.76,nan,6.63,5.25,8.22
2050-03-26 01:00:00,2050-03-26 05:00:00,2050-03-26,13.95,nan,4.47,3.41,5.67
2050-03-26 02:00:00,2050-03-26 06:00:00,2050-03-26,8.88,nan,2.51,1.69,2.88
2050-03-26 03:00:00,2050-03-26 07:00:00,2050-03-26,12.77,nan,3.32,2.86,3.7
2050-03-26 04:00:00,2050-03-26 08:00:00,2050-03-26,87.38,nan,26.17,27.81,24.41
2050-03-26 05:00:00,2050-03-26 09:00:00,2050-03-26,299.21,nan,102.93,108.19,88.28
2050-03-26 06:00:00,2050-03-26 10:00:00,2050-03-26,704.5,nan,253.66,264.87,212.62
2050-03-26 07:00:00,2050-03-26 11:00:00,2050-03-26,1395.04,nan,512.79,533.95,427.21
2050-03-26 08:00:00,2050-03-26 12:00:00,2050-03-26,2089.64,nan,772.05,802.85,645.06
2050-03-26 09:00:00,2050-03-26 13:00:00,2050-03-26,2623.12,nan,971.65,1009.36,812.21
2050-03-26 10:00:00,2050-03-26 14:00:00,2050-03-26,3003.27,nan,1107.36,1150.29,927.51
2050-03-26 11:00:00,2050-03-26 15:00:00,2050-03-26,3551.77,nan,1311.75,1361.1,1103.16
2050-03-26 12:00:00,2050-03-26 16:00:00,2050-03-26,4091.13,nan,1512.64,1568.82,1276.27
2050-03-26 13:00:00,2050-03-26 17:00:00,2050-03-26,4479.17,nan,1656.21,1716.92,1400.54
2050-03-26 14:00:00,2050-03-26 18:00:00,2050-03-26,4636.32,nan,1713.58,1775.84,1452.14
2050-03-26 15:00:00,2050-03-26 19:00:00,2050-03-26,4448.57,nan,1639.42,1698.7,1393.3
2050-03-26 16:00:00,2050-03-26 20:00:00,2050-03-26,4067.64,nan,1493.99,1547.99,1272.73
2050-03-26 17:00:00,2050-03-26 21:00:00,2050-03-26,3850.49,nan,1409.68,1460.22,1202.65
2050-03-26 18:00:00,2050-03-26 22:00:00,2050-03-26,3877.54,nan,1418.65,1469.35,1212.02
2050-03-26 19:00:00,2050-03-26 23:00:00,2050-03-26,4204.47,nan,1537.24,1592.55,1315.01
2050-03-26 20:00:00,2050-03-27 00:00:00,2050-03-26,4920.7,nan,1809.68,1873.02,1547.71
2050-03-26 21:00:00,2050-03-27 01:00:00,2050-03-26,5444.66,nan,2009.76,2078.54,1717.93
2050-03-26 22:00:00,2050-03-27 02:00:00,2050-03-26,5802.22,nan,2144.62,2217.6,1832.79
2050-03-26 23:00:00,2050-03-27 03:00:00,2050-03-26,6109.69,nan,2259.97,2336.49,1931.9
2050-03-27 00:00:00,2050-03-27 04:00:00,2050-03-27,6388.33,nan,2364.69,2444.54,2022.2
2050-03-27 01:00:00,2050-03-27 05:00:00,2050-03-27,6641.59,nan,2459.31,2542.07,2104.11
2050-03-27 02:00:00,2050-03-27 06:00:00,2050-03-27,6880.91,nan,2548.63,2634.04,2181.31
2050-03-27 03:00:00,2050-03-27 07:00:00,2050-03-27,7109.24,nan,2633.9,2721.72,2254.67
2050-03-27 04:00:00,2050-03-27 08:00:00,2050-03-27,7301.68,nan,2705.8,2795.84,2316.35
2050-03-27 05:00:00,2050-03-27 09:00:00,2050-03-27,7431.67,nan,2754.38,2845.68,2358.68
2050-03-27 06:00:00,2050-03-27 10:00:00,2050-03-27,7522.04,nan,2788.54,2880.71,2388.44
2050-03-27 07:00:00,2050-03-27 11:00:00,2050-03-27,7569.32,nan,2806.92,2899.5,2404.39
2050-03-27 08:00:00,2050-03-27 12:00:00,2050-03-27,7060.8,nan,2619.89,2705.9,2249.16
2050-03-27 09:00:00,2050-03-27 13:00:00,2050-03-27,6084.72,nan,2256.89,2331.45,1937.73
2050-03-27 10:00:00,2050-03-27 14:00:00,2050-03-27,4976.51,nan,1838.16,1901.27,1578.15
2050-03-27 11:00:00,2050-03-27 15:00:00,2050-03-27,4224.01,nan,1556.56,1609.97,1338.87
2050-03-27 12:00:00,2050-03-27 16:00:00,2050-03-27,3571.56,nan,1313.99,1359.84,1130.44
2050-03-27 13:00:00,2050-03-27 17:00:00,2050-03-27,3029.53,nan,1112.34,1151.54,956.99
2050-03-27 14:00:00,2050-03-27 18:00:00,2050-03-27,2365.86,nan,864.97,896.15,743.33
2050-03-27 15:00:00,2050-03-27 19:00:00,2050-03-27,1657.13,nan,599.81,621.61,517.54
2050-03-27 16:00:00,2050-03-27 20:00:00,2050-03-27,1040.39,nan,370.28,383.93,323.78
2050-03-27 17:00:00,2050-03-27 21:00:00,2050-03-27,630.11,nan,217.76,225.95,195.12
2050-03-27 18:00:00,2050-03-27 22:00:00,2050-03-27,569.35,nan,195.87,203.1,177.16
2050-03-27 19:00:00,2050-03-27 23:00:00,2050-03-27,1032.66,nan,361.9,375.71,319.24
2050-03-27 20:00:00,2050-03-28 00:00:00,2050-03-27,1861.64,nan,673.04,698.21,580.57
2050-03-27 21:00:00,2050-03-28 01:00:00,2050-03-27,2513.62,nan,918.54,951.14,790.46
2050-03-27 22:00:00,2050-03-28 02:00:00,2050-03-27,2908.38,nan,1066.84,1103.9,917.2
2050-03-27 23:00:00,2050-03-28 03:00:00,2050-03-27,3255.74,nan,1199.31,1240.19,1028.92
2050-03-28 00:00:00,2050-03-28 04:00:00,2050-03-28,3545.94,nan,1309.94,1353.83,1121.71
2050-03-28 01:00:00,2050-03-28 05:00:00,2050-03-28,3746.13,nan,1388.67,1435.55,1186.63
2050-03-28 02:00:00,2050-03-28 06:00:00,2050-03-28,3795.65,nan,1408.51,1455.51,1204.09
2050-03-28 03:00:00,2050-03-28 07:00:00,2050-03-28,3769.1,nan,1402.02,1449.51,1198.96
2050-03-28 04:00:00,2050-03-28 08:00:00,2050-03-28,3636.23,nan,1350.6,1396.15,1158.35
2050-03-28 05:00:00,2050-03-28 09:00:00,2050-03-28,3454.55,nan,1281.06,1325.24,1098.48
2050-03-28 06:00:00,2050-03-28 10:00:00,2050-03-28,3363.26,nan,1247.6,1290.96,1068.56
2050-03-28 07:00:00,2050-03-28 11:00:00,2050-03-28,3298.28,nan,1223.96,1267.07,1046.89
2050-03-28 08:00:00,2050-03-28 12:00:00,2050-03-28,3217.07,nan,1197.12,1239.36,1020.92
2050-03-28 09:00:00,2050-03-28 13:00:00,2050-03-28,3025.65,nan,1128.38,1169.89,957.93
2050-03-28 10:00:00,2050-03-28 14:00:00,2050-03-28,2754.37,nan,1024.34,1063.54,864.4
2050-03-28 11:00:00,2050-03-28 15:00:00,2050-03-28,2665.68,nan,990.59,1028.37,836.06
2050-03-28 12:00:00,2050-03-28 16:00:00,2050-03-28,2612.96,nan,972.81,1009.41,819.63
2050-03-28 13:00:00,2050-03-28 17:00:00,2050-03-28,2389.97,nan,887.51,920.66,748.87
2050-03-28 14:00:00,2050-03-28 18:00:00,2050-03-28,1823.66,nan,666.76,691.17,566.77
2050-03-28 15:00:00,2050-03-28 19:00:00,2050-03-28,1218.27,nan,438.07,452.41,374.85
2050-03-28 16:00:00,2050-03-28 20:00:00,2050-03-28,697.11,nan,242.69,248.9,211.79
2050-03-28 17:00:00,2050-03-28 21:00:00,2050-03-28,255.72,nan,79.01,81.47,74.38
2050-03-28 18:00:00,2050-03-28 22:00:00,2050-03-28,143.17,nan,44.89,46.17,41.7
2050-03-28 19:00:00,2050-03-28 23:00:00,2050-03-28,238.34,nan,74.36,76.47,69.16
2050-03-28 20:00:00,2050-03-29 00:00:00,2050-03-28,508.87,nan,172.03,177.93,153.57
2050-03-28 21:00:00,2050-03-29 01:00:00,2050-03-28,699.4,nan,244.15,253.33,214.74
2050-03-28 22:00:00,2050-03-29 02:00:00,2050-03-28,757.93,nan,266.1,276.1,233.48
2050-03-28 23:00:00,2050-03-29 03:00:00,2050-03-28,741.98,nan,260.03,269.83,228.74
2050-03-29 00:00:00,2050-03-29 04:00:00,2050-03-29,702.75,nan,246.19,255.54,217.09
2050-03-29 01:00:00,2050-03-29 05:00:00,2050-03-29,643.64,nan,224.44,233.08,198.62
2050-03-29 02:00:00,2050-03-29 06:00:00,2050-03-29,544.02,nan,187.71,195.01,167.65
2050-03-29 03:00:00,2050-03-29 07:00:00,2050-03-29,468.56,nan,160.19,166.64,144.26
2050-03-29 04:00:00,2050-03-29 08:00:00,2050-03-29,398.53,nan,135.27,141.16,122.82
2050-03-29 05:00:00,2050-03-29 09:00:00,2050-03-29,361.09,nan,123.05,128.66,111.41
2050-03-29 06:00:00,2050-03-29 10:00:00,2050-03-29,390.54,nan,135.14,141.75,120.07
2050-03-29 07:00:00,2050-03-29 11:00:00,2050-03-29,506.59,nan,185.16,194.21,158.06
2050-03-29 08:00:00,2050-03-29 12:00:00,2050-03-29,571.13,nan,214.11,223.41,179.62
2050-03-29 09:00:00,2050-03-29 13:00:00,2050-03-29,405.39,nan,150.94,157.49,126.22
2050-03-29 10:00:00,2050-03-29 14:00:00,2050-03-29,186.8,nan,65.46,67.7,57.12
2050-03-29 11:00:00,2050-03-29 15:00:00,2050-03-29,150.23,nan,50.56,52.33,46.32
2050-03-29 12:00:00,2050-03-29 16:00:00,2050-03-29,141.82,nan,48.01,49.66,44.11
2050-03-29 13:00:00,2050-03-29 17:00:00,2050-03-29,174.13,nan,61.19,62.5,53.95
2050-03-29 14:00:00,2050-03-29 18:00:00,2050-03-29,195.75,nan,69.82,71.5,60.87
2050-03-29 15:00:00,2050-03-29 19:00:00,2050-03-29,242.25,nan,89.9,92.61,76.6
2050-03-29 16:00:00,2050-03-29 20:00:00,2050-03-29,290.34,nan,108.79,112.25,91.83
2050-03-29 17:00:00,2050-03-29 21:00:00,2050-03-29,298.4,nan,112.39,115.95,95.25
2050-03-29 18:00:00,2050-03-29 22:00:00,2050-03-29,341.58,nan,129.43,133.9,108.9
2050-03-29 19:00:00,2050-03-29 23:00:00,2050-03-29,395.22,nan,149.88,155.0,124.41
2050-03-29 20:00:00,2050-03-30 00:00:00,2050-03-29,617.21,nan,238.55,248.44,194.73
2050-03-29 21:00:00,2050-03-30 01:00:00,2050-03-29,792.16,nan,307.01,320.11,250.3
2050-03-29 22:00:00,2050-03-30 02:00:00,2050-03-29,865.28,nan,335.15,349.31,272.82
2050-03-29 23:00:00,2050-03-30 03:00:00,2050-03-29,934.1,nan,360.81,375.79,294.02
2050-03-30 00:00:00,2050-03-30 04:00:00,2050-03-30,1016.4,nan,390.68,406.75,319.72
2050-03-30 01:00:00,2050-03-30 05:00:00,2050-03-30,1129.5,nan,433.18,450.78,355.28
2050-03-30 02:00:00,2050-03-30 06:00:00,2050-03-30,1249.37,nan,475.61,495.02,392.4
2050-03-30 03:00:00,2050-03-30 07:00:00,2050-03-30,1482.8,nan,561.62,583.73,465.43
2050-03-30 04:00:00,2050-03-30 08:00:00,2050-03-30,1703.75,nan,643.78,668.73,535.97
2050-03-30 05:00:00,2050-03-30 09:00:00,2050-03-30,1945.58,nan,732.66,760.73,611.5
2050-03-30 06:00:00,2050-03-30 10:00:00,2050-03-30,2199.34,nan,826.87,857.98,692.13
2050-03-30 07:00:00,2050-03-30 11:00:00,2050-03-30,2430.59,nan,913.63,947.69,765.87
2050-03-30 08:00:00,2050-03-30 12:00:00,2050-03-30,2541.32,nan,956.28,992.09,801.79
2050-03-30 09:00:00,2050-03-30 13:00:00,2050-03-30,2469.62,nan,929.99,966.05,775.84
2050-03-30 10:00:00,2050-03-30 14:00:00,2050-03-30,2268.01,nan,849.98,882.66,706.3
2050-03-30 11:00:00,2050-03-30 15:00:00,2050-03-30,2196.72,nan,815.46,847.25,686.29
2050-03-30 12:00:00,2050-03-30 16:00:00,2050-03-30,2342.56,nan,875.02,909.04,734.28
2050-03-30 13:00:00,2050-03-30 17:00:00,2050-03-30,2511.74,nan,941.86,979.31,788.94
2050-03-30 14:00:00,2050-03-30 18:00:00,2050-03-30,2517.79,nan,953.93,992.06,794.53
2050-03-30 15:00:00,2050-03-30 19:00:00,2050-03-30,2442.91,nan,931.98,969.9,771.68
2050-03-30 16:00:00,2050-03-30 20:00:00,2050-03-30,2412.08,nan,922.82,959.89,762.15
2050-03-30 17:00:00,2050-03-30 21:00:00,2050-03-30,2526.14,nan,970.9,1009.57,799.39
2050-03-30 18:00:00,2050-03-30 22:00:00,2050-03-30,2602.68,nan,1000.53,1039.88,823.95
2050-03-30 19:00:00,2050-03-30 23:00:00,2050-03-30,2758.99,nan,1057.05,1097.08,875.53
2050-03-30 20:00:00,2050-03-31 00:00:00,2050-03-30,3086.75,nan,1180.03,1223.12,986.19
2050-03-30 21:00:00,2050-03-31 01:00:00,2050-03-30,3265.96,nan,1246.66,1291.08,1045.75
2050-03-30 22:00:00,2050-03-31 02:00:00,2050-03-30,3288.76,nan,1251.55,1295.71,1051.46
2050-03-30 23:00:00,2050-03-31 03:00:00,2050-03-30,3266.36,nan,1238.71,1282.33,1042.06
2050-03-31 00:00:00,2050-03-31 04:00:00,2050-03-31,3215.85,nan,1216.59,1259.3,1024.07
2050-03-31 01:00:00,2050-03-31 05:00:00,2050-03-31,3139.98,nan,1186.98,1228.12,999.39
2050-03-31 02:00:00,2050-03-31 06:00:00,2050-03-31,3038.4,nan,1145.46,1185.11,966.45
2050-03-31 03:00:00,2050-03-31 07:00:00,2050-03-31,3011.15,nan,1136.1,1175.19,957.8
2050-03-31 04:00:00,2050-03-31 08:00:00,2050-03-31,2920.99,nan,1101.45,1139.53,928.79
2050-03-31 05:00:00,2050-03-31 09:00:00,2050-03-31,2821.32,nan,1062.21,1099.27,896.35
2050-03-31 06:00:00,2050-03-31 10:00:00,2050-03-31,2749.3,nan,1033.84,1070.2,872.54
2050-03-31 07:00:00,2050-03-31 11:00:00,2050-03-31,2718.22,nan,1021.63,1057.87,861.83
2050-03-31 08:00:00,2050-03-31 12:00:00,2050-03-31,2523.72,nan,950.82,985.69,801.69
2050-03-31 09:00:00,2050-03-31 13:00:00,2050-03-31,2143.62,nan,810.08,841.3,677.6
2050-03-31 10:00:00,2050-03-31 14:00:00,2050-03-31,1516.58,nan,564.34,586.43,473.79
2050-03-31 11:00:00,2050-03-31 15:00:00,2050-03-31,996.61,nan,361.2,375.97,310.55
2050-03-31 12:00:00,2050-03-31 16:00:00,2050-03-31,716.36,nan,254.98,264.82,223.66
2050-03-31 13:00:00,2050-03-31 17:00:00,2050-03-31,484.63,nan,170.27,176.19,151.15
2050-03-31 14:00:00,2050-03-31 18:00:00,2050-03-31,437.24,nan,155.16,161.65,137.0
2050-03-31 15:00:00,2050-03-31 19:00:00,2050-03-31,399.72,nan,140.61,146.57,125.55
2050-03-31 16:00:00,2050-03-31 20:00:00,2050-03-31,417.07,nan,146.76,152.57,129.79
2050-03-31 17:00:00,2050-03-31 21:00:00,2050-03-31,362.22,nan,122.84,127.8,110.55
2050-03-31 18:00:00,2050-03-31 22:00:00,2050-03-31,360.24,nan,118.97,122.8,107.9
2050-03-31 19:00:00,2050-03-31 23:00:00,2050-03-31,550.01,nan,181.35,186.85,166.72
2050-03-31 20:00:00,2050-04-01 00:00:00,2050-03-31,478.35,nan,158.74,164.27,143.98
2050-03-31 21:00:00,2050-04-01 01:00:00,2050-03-31,745.1,nan,256.72,266.5,230.06
2050-03-31 22:00:00,2050-04-01 02:00:00,2050-03-31,1025.4,nan,364.06,378.23,317.71
2050-03-31 23:00:00,2050-04-01 03:00:00,2050-03-31,1296.35,nan,468.83,487.27,402.74
2050-04-01 00:00:00,2050-04-01 04:00:00,2050-04-01,1563.7,nan,573.13,596.0,487.43
2050-04-01 01:00:00,2050-04-01 05:00:00,2050-04-01,1825.03,nan,675.96,702.21,570.59
2050-04-01 02:00:00,2050-04-01 06:00:00,2050-04-01,2055.57,nan,764.95,794.0,644.64
2050-04-01 03:00:00,2050-04-01 07:00:00,2050-04-01,2274.07,nan,848.82,880.74,715.49
2050-04-01 04:00:00,2050-04-01 08:00:00,2050-04-01,2467.91,nan,922.67,956.69,778.19
2050-04-01 05:00:00,2050-04-01 09:00:00,2050-04-01,2613.88,nan,979.89,1015.76,825.73
2050-04-01 06:00:00,2050-04-01 10:00:00,2050-04-01,2733.42,nan,1025.78,1063.53,864.83
2050-04-01 07:00:00,2050-04-01 11:00:00,2050-04-01,2797.05,nan,1049.67,1088.84,885.96
2050-04-01 08:00:00,2050-04-01 12:00:00,2050-04-01,2384.37,nan,898.02,931.23,758.11
2050-04-01 09:00:00,2050-04-01 13:00:00,2050-04-01,1611.35,nan,611.67,634.71,512.89
2050-04-01 10:00:00,2050-04-01 14:00:00,2050-04-01,757.12,nan,288.28,298.63,243.11
2050-04-01 11:00:00,2050-04-01 15:00:00,2050-04-01,178.16,nan,67.27,69.0,62.32
2050-04-01 12:00:00,2050-04-01 16:00:00,2050-04-01,17.33,nan,6.64,5.81,8.68
2050-04-01 13:00:00,2050-04-01 17:00:00,2050-04-01,43.72,nan,17.22,15.26,20.74
2050-04-01 14:00:00,2050-04-01 18:00:00,2050-04-01,190.61,nan,78.48,76.38,71.18
2050-04-01 15:00:00,2050-04-01 19:00:00,2050-04-01,710.87,nan,278.19,283.01,238.49
2050-04-01 16:00:00,2050-04-01 20:00:00,2050-04-01,1391.04,nan,534.47,547.85,455.08
2050-04-01 17:00:00,2050-04-01 21:00:00,2050-04-01,1899.21,nan,723.57,742.93,620.99
2050-04-01 18:00:00,2050-04-01 22:00:00,2050-04-01,2015.89,nan,764.98,785.72,659.3
2050-04-01 19:00:00,2050-04-01 23:00:00,2050-04-01,1471.32,nan,563.17,577.35,485.65
2050-04-01 20:00:00,2050-04-02 00:00:00,2050-04-01,659.97,nan,259.32,264.61,225.58
2050-04-01 21:00:00,2050-04-02 01:00:00,2050-04-01,163.14,nan,66.97,66.03,63.31
2050-04-01 22:00:00,2050-04-02 02:00:00,2050-04-01,45.6,nan,18.32,16.28,21.71
2050-04-01 23:00:00,2050-04-02 03:00:00,2050-04-01,25.08,nan,9.71,8.41,11.81
2050-04-02 00:00:00,2050-04-02 04:00:00,2050-04-02,13.62,nan,4.88,3.99,6.0
2050-04-02 01:00:00,2050-04-02 05:00:00,2050-04-02,9.72,nan,3.22,2.5,3.99
2050-04-02 02:00:00,2050-04-02 06:00:00,2050-04-02,34.75,nan,11.32,10.91,9.27
2050-04-02 03:00:00,2050-04-02 07:00:00,2050-04-02,113.14,nan,38.05,38.21,30.21
2050-04-02 04:00:00,2050-04-02 08:00:00,2050-04-02,257.5,nan,91.09,92.82,73.18
2050-04-02 05:00:00,2050-04-02 09:00:00,2050-04-02,438.16,nan,159.64,163.75,129.05
2050-04-02 06:00:00,2050-04-02 10:00:00,2050-04-02,608.09,nan,224.27,231.16,182.9
2050-04-02 07:00:00,2050-04-02 11:00:00,2050-04-02,739.27,nan,274.9,283.51,224.76
2050-04-02 08:00:00,2050-04-02 12:00:00,2050-04-02,439.73,nan,165.52,169.79,137.26
2050-04-02 09:00:00,2050-04-02 13:00:00,2050-04-02,26.28,nan,8.68,6.84,10.68
2050-04-02 10:00:00,2050-04-02 14:00:00,2050-04-02,68.23,nan,23.33,19.12,25.68
2050-04-02 11:00:00,2050-04-02 15:00:00,2050-04-02,210.1,nan,79.98,75.69,76.59
2050-04-02 12:00:00,2050-04-02 16:00:00,2050-04-02,703.48,nan,275.02,278.31,234.04
2050-04-02 13:00:00,2050-04-02 17:00:00,2050-04-02,1223.08,nan,473.14,482.56,404.58
2050-04-02 14:00:00,2050-04-02 18:00:00,2050-04-02,1745.71,nan,670.48,685.54,576.42
2050-04-02 15:00:00,2050-04-02 19:00:00,2050-04-02,2165.03,nan,825.61,846.38,714.24
2050-04-02 16:00:00,2050-04-02 20:00:00,2050-04-02,2414.69,nan,916.19,941.05,794.45
2050-04-02 17:00:00,2050-04-02 21:00:00,2050-04-02,2477.06,nan,937.01,962.66,814.76
2050-04-02 18:00:00,2050-04-02 22:00:00,2050-04-02,2275.55,nan,859.99,883.55,748.29
2050-04-02 19:00:00,2050-04-02 23:00:00,2050-04-02,1497.73,nan,573.39,588.04,493.95
2050-04-02 20:00:00,2050-04-03 00:00:00,2050-04-02,16.45,nan,6.68,5.89,9.06
2050-04-02 21:00:00,2050-04-03 01:00:00,2050-04-02,37.06,nan,8.3,8.95,8.87
2050-04-02 22:00:00,2050-04-03 02:00:00,2050-04-02,417.46,nan,139.74,145.0,120.19
2050-04-02 23:00:00,2050-04-03 03:00:00,2050-04-02,1018.76,nan,362.95,376.39,306.38
2050-04-03 00:00:00,2050-04-03 04:00:00,2050-04-03,1609.19,nan,585.6,607.38,491.06
2050-04-03 01:00:00,2050-04-03 05:00:00,2050-04-03,2096.25,nan,769.19,797.16,645.95
2050-04-03 02:00:00,2050-04-03 06:00:00,2050-04-03,2519.7,nan,929.12,962.33,782.5
2050-04-03 03:00:00,2050-04-03 07:00:00,2050-04-03,2891.39,nan,1069.24,1107.18,902.6
2050-04-03 04:00:00,2050-04-03 08:00:00,2050-04-03,3234.18,nan,1199.19,1241.42,1013.79
2050-04-03 05:00:00,2050-04-03 09:00:00,2050-04-03,3510.79,nan,1303.63,1349.06,1103.54
2050-04-03 06:00:00,2050-04-03 10:00:00,2050-04-03,3754.16,nan,1395.06,1443.44,1182.75
2050-04-03 07:00:00,2050-04-03 11:00:00,2050-04-03,3548.23,nan,1319.55,1365.21,1124.0
2050-04-03 08:00:00,2050-04-03 12:00:00,2050-04-03,2959.37,nan,1097.93,1136.0,937.18
2050-04-03 09:00:00,2050-04-03 13:00:00,2050-04-03,2082.66,nan,767.64,795.11,653.28
2050-04-03 10:00:00,2050-04-03 14:00:00,2050-04-03,1414.47,nan,515.34,534.14,442.3
2050-04-03 11:00:00,2050-04-03 15:00:00,2050-04-03,868.78,nan,311.11,322.28,272.28
2050-04-03 12:00:00,2050-04-03 16:00:00,2050-04-03,454.9,nan,157.15,162.43,143.19
2050-04-03 13:00:00,2050-04-03 17:00:00,2050-04-03,305.22,nan,102.61,105.01,93.44
2050-04-03 14:00:00,2050-04-03 18:00:00,2050-04-03,223.45,nan,76.57,78.85,69.71
2050-04-03 15:00:00,2050-04-03 19:00:00,2050-04-03,169.24,nan,58.08,59.21,55.03
2050-04-03 16:00:00,2050-04-03 20:00:00,2050-04-03,141.4,nan,50.54,50.78,49.95
2050-04-03 17:00:00,2050-04-03 21:00:00,2050-04-03,122.72,nan,44.41,44.32,43.98
2050-04-03 18:00:00,2050-04-03 22:00:00,2050-04-03,116.55,nan,43.22,42.22,42.71
2050-04-03 19:00:00,2050-04-03 23:00:00,2050-04-03,169.78,nan,61.53,63.35,57.82
2050-04-03 20:00:00,2050-04-04 00:00:00,2050-04-03,742.25,nan,288.51,293.57,254.24
2050-04-03 21:00:00,2050-04-04 01:00:00,2050-04-03,263.59,nan,104.01,103.18,97.49
2050-04-03 22:00:00,2050-04-04 02:00:00,2050-04-03,95.31,nan,36.2,33.19,39.1
2050-04-03 23:00:00,2050-04-04 03:00:00,2050-04-03,54.54,nan,19.72,16.85,22.97
2050-04-04 00:00:00,2050-04-04 04:00:00,2050-04-04,39.66,nan,13.76,11.29,15.86
2050-04-04 01:00:00,2050-04-04 05:00:00,2050-04-04,27.11,nan,9.06,7.16,10.55
2050-04-04 02:00:00,2050-04-04 06:00:00,2050-04-04,18.68,nan,6.04,4.62,7.09
2050-04-04 03:00:00,2050-04-04 07:00:00,2050-04-04,14.94,nan,4.45,3.32,5.12
2050-04-04 04:00:00,2050-04-04 08:00:00,2050-04-04,26.96,nan,7.76,7.11,7.14
2050-04-04 05:00:00,2050-04-04 09:00:00,2050-04-04,57.55,nan,17.49,17.37,14.82
2050-04-04 06:00:00,2050-04-04 10:00:00,2050-04-04,102.64,nan,32.53,33.26,27.6
2050-04-04 07:00:00,2050-04-04 11:00:00,2050-04-04,147.56,nan,49.16,50.57,41.53
2050-04-04 08:00:00,2050-04-04 12:00:00,2050-04-04,37.75,nan,11.96,11.6,11.94
2050-04-04 09:00:00,2050-04-04 13:00:00,2050-04-04,42.39,nan,15.52,13.2,19.65
2050-04-04 10:00:00,2050-04-04 14:00:00,2050-04-04,160.37,nan,60.09,55.88,61.32
2050-04-04 11:00:00,2050-04-04 15:00:00,2050-04-04,584.95,nan,225.11,225.06,198.02
2050-04-04 12:00:00,2050-04-04 16:00:00,2050-04-04,1368.41,nan,517.9,526.47,447.05
2050-04-04 13:00:00,2050-04-04 17:00:00,2050-04-04,2100.48,nan,789.62,806.77,684.31
2050-04-04 14:00:00,2050-04-04 18:00:00,2050-04-04,2898.24,nan,1087.76,1114.2,941.99
2050-04-04 15:00:00,2050-04-04 19:00:00,2050-04-04,3686.69,nan,1383.92,1420.65,1197.58
2050-04-04 16:00:00,2050-04-04 20:00:00,2050-04-04,4209.3,nan,1578.46,1621.75,1371.44
2050-04-04 17:00:00,2050-04-04 21:00:00,2050-04-04,4538.28,nan,1705.84,1754.55,1479.27
2050-04-04 18:00:00,2050-04-04 22:00:00,2050-04-04,4482.32,nan,1686.74,1735.4,1460.61
2050-04-04 19:00:00,2050-04-04 23:00:00,2050-04-04,3585.56,nan,1353.34,1391.1,1164.92
2050-04-04 20:00:00,2050-04-05 00:00:00,2050-04-04,2629.65,nan,996.9,1024.28,862.15
2050-04-04 21:00:00,2050-04-05 01:00:00,2050-04-04,1958.55,nan,745.72,765.57,646.63
2050-04-04 22:00:00,2050-04-05 02:00:00,2050-04-04,1401.88,nan,540.57,553.5,468.23
2050-04-04 23:00:00,2050-04-05 03:00:00,2050-04-04,802.67,nan,313.14,319.05,272.71
2050-04-05 00:00:00,2050-04-05 04:00:00,2050-04-05,329.17,nan,129.24,129.37,117.38
2050-04-05 01:00:00,2050-04-05 05:00:00,2050-04-05,106.5,nan,40.37,37.7,41.66
2050-04-05 02:00:00,2050-04-05 06:00:00,2050-04-05,47.18,nan,16.68,14.16,19.39
2050-04-05 03:00:00,2050-04-05 07:00:00,2050-04-05,28.09,nan,9.44,7.51,10.86
2050-04-05 04:00:00,2050-04-05 08:00:00,2050-04-05,19.86,nan,6.51,5.02,7.32
2050-04-05 05:00:00,2050-04-05 09:00:00,2050-04-05,17.12,nan,5.47,4.23,6.11
2050-04-05 06:00:00,2050-04-05 10:00:00,2050-04-05,33.53,nan,11.32,10.19,9.9
2050-04-05 07:00:00,2050-04-05 11:00:00,2050-04-05,76.85,nan,27.4,26.51,22.02
2050-04-05 08:00:00,2050-04-05 12:00:00,2050-04-05,46.89,nan,17.08,15.31,15.51
2050-04-05 09:00:00,2050-04-05 13:00:00,2050-04-05,66.93,nan,21.69,18.14,25.86
2050-04-05 10:00:00,2050-04-05 14:00:00,2050-04-05,355.1,nan,128.49,128.32,128.72
2050-04-05 11:00:00,2050-04-05 15:00:00,2050-04-05,910.9,nan,346.45,353.48,303.25
2050-04-05 12:00:00,2050-04-05 16:00:00,2050-04-05,1579.71,nan,594.95,609.54,521.62
2050-04-05 13:00:00,2050-04-05 17:00:00,2050-04-05,2043.15,nan,766.31,786.09,670.43
2050-04-05 14:00:00,2050-04-05 18:00:00,2050-04-05,2567.92,nan,961.88,987.51,840.97
2050-04-05 15:00:00,2050-04-05 19:00:00,2050-04-05,3053.35,nan,1145.93,1176.98,998.16
2050-04-05 16:00:00,2050-04-05 20:00:00,2050-04-05,3423.87,nan,1286.09,1321.62,1118.57
2050-04-05 17:00:00,2050-04-05 21:00:00,2050-04-05,3497.61,nan,1314.95,1350.91,1143.79
2050-04-05 18:00:00,2050-04-05 22:00:00,2050-04-05,3279.92,nan,1232.86,1266.62,1073.97
2050-04-05 19:00:00,2050-04-05 23:00:00,2050-04-05,2462.43,nan,929.15,955.38,806.26
2050-04-05 20:00:00,2050-04-06 00:00:00,2050-04-05,1680.82,nan,637.67,654.56,554.44
2050-04-05 21:00:00,2050-04-06 01:00:00,2050-04-05,1194.49,nan,455.03,465.83,398.14
2050-04-05 22:00:00,2050-04-06 02:00:00,2050-04-05,771.34,nan,295.23,300.64,261.72
2050-04-05 23:00:00,2050-04-06 03:00:00,2050-04-05,424.14,nan,161.6,162.6,147.84
2050-04-06 00:00:00,2050-04-06 04:00:00,2050-04-06,180.73,nan,66.84,64.87,65.9
2050-04-06 01:00:00,2050-04-06 05:00:00,2050-04-06,84.57,nan,30.32,27.37,32.95
2050-04-06 02:00:00,2050-04-06 06:00:00,2050-04-06,45.83,nan,15.25,12.38,17.5
2050-04-06 03:00:00,2050-04-06 07:00:00,2050-04-06,29.72,nan,9.17,6.82,9.96
2050-04-06 04:00:00,2050-04-06 08:00:00,2050-04-06,22.18,nan,6.6,4.68,6.84
2050-04-06 05:00:00,2050-04-06 09:00:00,2050-04-06,18.3,nan,5.28,3.57,5.5
2050-04-06 06:00:00,2050-04-06 10:00:00,2050-04-06,19.47,nan,5.64,4.22,5.37
2050-04-06 07:00:00,2050-04-06 11:00:00,2050-04-06,47.12,nan,16.35,15.2,12.97
2050-04-06 08:00:00,2050-04-06 12:00:00,2050-04-06,26.4,nan,8.34,6.3,8.7
2050-04-06 09:00:00,2050-04-06 13:00:00,2050-04-06,77.03,nan,24.87,21.07,26.47
2050-04-06 10:00:00,2050-04-06 14:00:00,2050-04-06,252.91,nan,90.61,87.29,89.8
2050-04-06 11:00:00,2050-04-06 15:00:00,2050-04-06,423.25,nan,153.57,152.52,143.26
2050-04-06 12:00:00,2050-04-06 16:00:00,2050-04-06,616.53,nan,226.36,227.43,204.92
2050-04-06 13:00:00,2050-04-06 17:00:00,2050-04-06,657.31,nan,242.55,244.22,218.18
2050-04-06 14:00:00,2050-04-06 18:00:00,2050-04-06,1470.21,nan,557.33,569.7,482.13
2050-04-06 15:00:00,2050-04-06 19:00:00,2050-04-06,2240.66,nan,843.65,865.38,729.23
2050-04-06 16:00:00,2050-04-06 20:00:00,2050-04-06,2783.31,nan,1045.19,1073.2,904.82
2050-04-06 17:00:00,2050-04-06 21:00:00,2050-04-06,3066.46,nan,1151.02,1181.81,998.08
2050-04-06 18:00:00,2050-04-06 22:00:00,2050-04-06,3036.33,nan,1140.2,1170.82,987.73
2050-04-06 19:00:00,2050-04-06 23:00:00,2050-04-06,2431.01,nan,920.18,945.58,790.25
2050-04-06 20:00:00,2050-04-07 00:00:00,2050-04-06,1821.48,nan,694.57,713.0,594.56
2050-04-06 21:00:00,2050-04-07 01:00:00,2050-04-06,1493.21,nan,571.66,585.54,490.84
2050-04-06 22:00:00,2050-04-07 02:00:00,2050-04-06,1245.7,nan,476.99,487.45,406.6
2050-04-06 23:00:00,2050-04-07 03:00:00,2050-04-06,1071.6,nan,411.08,419.66,348.56
2050-04-07 00:00:00,2050-04-07 04:00:00,2050-04-07,899.5,nan,349.0,355.13,293.56
2050-04-07 01:00:00,2050-04-07 05:00:00,2050-04-07,661.06,nan,259.02,262.71,214.47
2050-04-07 02:00:00,2050-04-07 06:00:00,2050-04-07,455.83,nan,176.86,178.44,145.54
2050-04-07 03:00:00,2050-04-07 07:00:00,2050-04-07,295.85,nan,113.39,113.32,94.34
2050-04-07 04:00:00,2050-04-07 08:00:00,2050-04-07,174.29,nan,63.79,62.23,54.85
2050-04-07 05:00:00,2050-04-07 09:00:00,2050-04-07,91.01,nan,30.27,27.51,27.93
2050-04-07 06:00:00,2050-04-07 10:00:00,2050-04-07,55.26,nan,16.33,13.14,15.45
2050-04-07 07:00:00,2050-04-07 11:00:00,2050-04-07,42.0,nan,11.55,8.4,10.86
2050-04-07 08:00:00,2050-04-07 12:00:00,2050-04-07,124.79,nan,42.49,39.89,37.55
2050-04-07 09:00:00,2050-04-07 13:00:00,2050-04-07,750.92,nan,285.21,288.95,243.36
2050-04-07 10:00:00,2050-04-07 14:00:00,2050-04-07,1662.05,nan,626.57,641.45,535.07
2050-04-07 11:00:00,2050-04-07 15:00:00,2050-04-07,2670.54,nan,1003.11,1029.8,860.45
2050-04-07 12:00:00,2050-04-07 16:00:00,2050-04-07,3511.15,nan,1316.68,1353.28,1133.51
2050-04-07 13:00:00,2050-04-07 17:00:00,2050-04-07,4197.04,nan,1574.72,1619.31,1358.52
2050-04-07 14:00:00,2050-04-07 18:00:00,2050-04-07,4914.2,nan,1842.95,1895.87,1593.1
2050-04-07 15:00:00,2050-04-07 19:00:00,2050-04-07,5490.28,nan,2054.96,2115.34,1780.25
2050-04-07 16:00:00,2050-04-07 20:00:00,2050-04-07,5815.37,nan,2174.92,2240.06,1888.06
2050-04-07 17:00:00,2050-04-07 21:00:00,2050-04-07,5893.87,nan,2205.42,2272.28,1915.85
2050-04-07 18:00:00,2050-04-07 22:00:00,2050-04-07,5689.34,nan,2132.79,2197.75,1851.02
2050-04-07 19:00:00,2050-04-07 23:00:00,2050-04-07,4683.75,nan,1757.9,1812.39,1524.21
2050-04-07 20:00:00,2050-04-08 00:00:00,2050-04-07,3706.54,nan,1392.4,1436.15,1210.09
2050-04-07 21:00:00,2050-04-08 01:00:00,2050-04-07,3124.66,nan,1177.37,1213.82,1023.74
2050-04-07 22:00:00,2050-04-08 02:00:00,2050-04-07,2698.69,nan,1017.29,1049.65,884.78
2050-04-07 23:00:00,2050-04-08 03:00:00,2050-04-07,2306.46,nan,869.14,896.35,756.18
2050-04-08 00:00:00,2050-04-08 04:00:00,2050-04-08,1919.79,nan,722.82,744.91,631.29
2050-04-08 01:00:00,2050-04-08 05:00:00,2050-04-08,1563.27,nan,590.25,607.65,517.6
2050-04-08 02:00:00,2050-04-08 06:00:00,2050-04-08,1219.09,nan,462.45,475.51,405.38
2050-04-08 03:00:00,2050-04-08 07:00:00,2050-04-08,882.72,nan,336.72,345.36,295.79
2050-04-08 04:00:00,2050-04-08 08:00:00,2050-04-08,577.62,nan,220.02,224.96,194.3
2050-04-08 05:00:00,2050-04-08 09:00:00,2050-04-08,324.28,nan,121.77,122.9,110.66
2050-04-08 06:00:00,2050-04-08 10:00:00,2050-04-08,168.54,nan,61.92,60.58,59.32
2050-04-08 07:00:00,2050-04-08 11:00:00,2050-04-08,102.25,nan,36.92,34.77,36.65
2050-04-08 08:00:00,2050-04-08 12:00:00,2050-04-08,276.1,nan,101.18,100.78,95.31
2050-04-08 09:00:00,2050-04-08 13:00:00,2050-04-08,1112.97,nan,416.82,426.31,367.08
2050-04-08 10:00:00,2050-04-08 14:00:00,2050-04-08,1986.92,nan,745.82,765.1,647.06
2050-04-08 11:00:00,2050-04-08 15:00:00,2050-04-08,2803.77,nan,1051.49,1079.96,910.78
2050-04-08 12:00:00,2050-04-08 16:00:00,2050-04-08,3369.5,nan,1261.39,1296.1,1095.02
2050-04-08 13:00:00,2050-04-08 17:00:00,2050-04-08,3796.82,nan,1423.91,1463.42,1239.18
2050-04-08 14:00:00,2050-04-08 18:00:00,2050-04-08,4150.54,nan,1555.27,1599.59,1353.77
2050-04-08 15:00:00,2050-04-08 19:00:00,2050-04-08,4493.05,nan,1685.5,1733.44,1465.79
2050-04-08 16:00:00,2050-04-08 20:00:00,2050-04-08,4676.16,nan,1754.83,1805.06,1526.35
2050-04-08 17:00:00,2050-04-08 21:00:00,2050-04-08,4643.23,nan,1744.12,1794.3,1515.82
2050-04-08 18:00:00,2050-04-08 22:00:00,2050-04-08,4393.16,nan,1652.59,1700.02,1434.77
2050-04-08 19:00:00,2050-04-08 23:00:00,2050-04-08,3438.99,nan,1297.41,1334.98,1123.51
2050-04-08 20:00:00,2050-04-09 00:00:00,2050-04-08,2528.85,nan,957.05,984.12,830.77
2050-04-08 21:00:00,2050-04-09 01:00:00,2050-04-08,1955.81,nan,741.55,761.34,646.58
2050-04-08 22:00:00,2050-04-09 02:00:00,2050-04-08,1487.1,nan,565.35,579.23,495.44
2050-04-08 23:00:00,2050-04-09 03:00:00,2050-04-08,1117.26,nan,426.06,435.26,375.87
2050-04-09 00:00:00,2050-04-09 04:00:00,2050-04-09,813.92,nan,311.36,316.73,277.35
2050-04-09 01:00:00,2050-04-09 05:00:00,2050-04-09,567.25,nan,217.06,219.41,196.27
2050-04-09 02:00:00,2050-04-09 06:00:00,2050-04-09,364.58,nan,137.7,137.83,128.82
2050-04-09 03:00:00,2050-04-09 07:00:00,2050-04-09,206.61,nan,75.66,73.5,75.39
2050-04-09 04:00:00,2050-04-09 08:00:00,2050-04-09,115.94,nan,41.46,38.44,44.25
2050-04-09 05:00:00,2050-04-09 09:00:00,2050-04-09,67.77,nan,23.26,20.48,26.41
2050-04-09 06:00:00,2050-04-09 10:00:00,2050-04-09,46.03,nan,15.51,12.96,18.26
2050-04-09 07:00:00,2050-04-09 11:00:00,2050-04-09,33.89,nan,11.29,9.12,13.28
2050-04-09 08:00:00,2050-04-09 12:00:00,2050-04-09,44.62,nan,14.63,12.12,18.41
2050-04-09 09:00:00,2050-04-09 13:00:00,2050-04-09,84.51,nan,28.3,24.24,35.38
2050-04-09 10:00:00,2050-04-09 14:00:00,2050-04-09,76.06,nan,25.31,21.53,31.74
2050-04-09 11:00:00,2050-04-09 15:00:00,2050-04-09,56.48,nan,18.72,15.59,24.14
2050-04-09 12:00:00,2050-04-09 16:00:00,2050-04-09,45.94,nan,15.27,12.49,19.73
2050-04-09 13:00:00,2050-04-09 17:00:00,2050-04-09,36.72,nan,12.2,9.93,15.76
2050-04-09 14:00:00,2050-04-09 18:00:00,2050-04-09,33.98,nan,11.11,9.05,14.12
2050-04-09 15:00:00,2050-04-09 19:00:00,2050-04-09,38.9,nan,12.93,11.19,15.05
2050-04-09 16:00:00,2050-04-09 20:00:00,2050-04-09,54.97,nan,18.89,17.46,19.03
2050-04-09 17:00:00,2050-04-09 21:00:00,2050-04-09,60.37,nan,20.97,19.58,20.33
2050-04-09 18:00:00,2050-04-09 22:00:00,2050-04-09,78.36,nan,27.36,26.26,25.24
2050-04-09 19:00:00,2050-04-09 23:00:00,2050-04-09,247.19,nan,91.48,94.42,72.32
2050-04-09 20:00:00,2050-04-10 00:00:00,2050-04-09,522.09,nan,195.1,202.28,154.69
2050-04-09 21:00:00,2050-04-10 01:00:00,2050-04-09,812.12,nan,303.28,314.61,244.19
2050-04-09 22:00:00,2050-04-10 02:00:00,2050-04-09,1241.53,nan,464.68,482.49,376.67
2050-04-09 23:00:00,2050-04-10 03:00:00,2050-04-09,1724.39,nan,645.57,669.9,526.92
2050-04-10 00:00:00,2050-04-10 04:00:00,2050-04-10,2179.67,nan,816.73,846.85,671.59
2050-04-10 01:00:00,2050-04-10 05:00:00,2050-04-10,2625.26,nan,983.31,1018.74,814.84
2050-04-10 02:00:00,2050-04-10 06:00:00,2050-04-10,3024.64,nan,1131.65,1171.61,943.24
2050-04-10 03:00:00,2050-04-10 07:00:00,2050-04-10,3379.01,nan,1263.27,1307.54,1057.78
2050-04-10 04:00:00,2050-04-10 08:00:00,2050-04-10,3682.51,nan,1376.21,1424.14,1156.38
2050-04-10 05:00:00,2050-04-10 09:00:00,2050-04-10,3952.16,nan,1476.75,1527.92,1243.98
2050-04-10 06:00:00,2050-04-10 10:00:00,2050-04-10,4188.93,nan,1564.96,1618.98,1320.87
2050-04-10 07:00:00,2050-04-10 11:00:00,2050-04-10,4249.88,nan,1587.96,1642.53,1343.41
2050-04-10 08:00:00,2050-04-10 12:00:00,2050-04-10,3683.62,nan,1375.81,1423.3,1166.83
2050-04-10 09:00:00,2050-04-10 13:00:00,2050-04-10,2756.54,nan,1027.59,1063.57,867.58
2050-04-10 10:00:00,2050-04-10 14:00:00,2050-04-10,2018.59,nan,749.22,776.08,634.12
2050-04-10 11:00:00,2050-04-10 15:00:00,2050-04-10,1376.48,nan,501.58,520.43,428.96
2050-04-10 12:00:00,2050-04-10 16:00:00,2050-04-10,953.69,nan,343.12,355.56,297.63
2050-04-10 13:00:00,2050-04-10 17:00:00,2050-04-10,602.23,nan,212.4,219.46,188.01
2050-04-10 14:00:00,2050-04-10 18:00:00,2050-04-10,231.24,nan,78.18,80.19,73.0
2050-04-10 15:00:00,2050-04-10 19:00:00,2050-04-10,38.93,nan,14.2,12.76,15.77
2050-04-10 16:00:00,2050-04-10 20:00:00,2050-04-10,62.31,nan,25.1,22.58,30.03
2050-04-10 17:00:00,2050-04-10 21:00:00,2050-04-10,74.99,nan,30.55,27.36,36.23
2050-04-10 18:00:00,2050-04-10 22:00:00,2050-04-10,95.19,nan,38.57,35.34,43.21
2050-04-10 19:00:00,2050-04-10 23:00:00,2050-04-10,33.87,nan,14.37,13.11,17.02
2050-04-10 20:00:00,2050-04-11 00:00:00,2050-04-10,16.78,nan,6.63,6.45,6.02
2050-04-10 21:00:00,2050-04-11 01:00:00,2050-04-10,181.2,nan,60.18,61.36,52.99
2050-04-10 22:00:00,2050-04-11 02:00:00,2050-04-10,431.12,nan,146.11,150.29,130.19
2050-04-10 23:00:00,2050-04-11 03:00:00,2050-04-10,746.56,nan,262.62,271.03,228.32
2050-04-11 00:00:00,2050-04-11 04:00:00,2050-04-11,1042.87,nan,373.69,386.13,320.87
2050-04-11 01:00:00,2050-04-11 05:00:00,2050-04-11,1278.0,nan,462.04,477.91,395.02
2050-04-11 02:00:00,2050-04-11 06:00:00,2050-04-11,1463.22,nan,532.78,551.33,453.91
2050-04-11 03:00:00,2050-04-11 07:00:00,2050-04-11,1660.39,nan,609.63,630.93,517.51
2050-04-11 04:00:00,2050-04-11 08:00:00,2050-04-11,1850.9,nan,683.08,706.99,579.06
2050-04-11 05:00:00,2050-04-11 09:00:00,2050-04-11,2025.9,nan,749.74,776.03,635.8
2050-04-11 06:00:00,2050-04-11 10:00:00,2050-04-11,2167.66,nan,804.2,832.39,682.4
2050-04-11 07:00:00,2050-04-11 11:00:00,2050-04-11,2127.05,nan,791.24,818.96,673.33
2050-04-11 08:00:00,2050-04-11 12:00:00,2050-04-11,1384.49,nan,515.07,533.04,441.89
2050-04-11 09:00:00,2050-04-11 13:00:00,2050-04-11,459.74,nan,167.18,172.28,152.83
2050-04-11 10:00:00,2050-04-11 14:00:00,2050-04-11,48.35,nan,16.49,15.08,18.47
2050-04-11 11:00:00,2050-04-11 15:00:00,2050-04-11,42.23,nan,14.91,12.28,16.24
2050-04-11 12:00:00,2050-04-11 16:00:00,2050-04-11,223.4,nan,87.87,86.55,76.9
2050-04-11 13:00:00,2050-04-11 17:00:00,2050-04-11,808.85,nan,318.55,321.79,263.7
2050-04-11 14:00:00,2050-04-11 18:00:00,2050-04-11,1597.33,nan,610.21,623.19,526.3
2050-04-11 15:00:00,2050-04-11 19:00:00,2050-04-11,1981.81,nan,763.2,780.86,639.87
2050-04-11 16:00:00,2050-04-11 20:00:00,2050-04-11,2046.45,nan,771.63,791.59,666.99
2050-04-11 17:00:00,2050-04-11 21:00:00,2050-04-11,2135.77,nan,795.35,815.64,690.44
2050-04-11 18:00:00,2050-04-11 22:00:00,2050-04-11,2304.16,nan,863.04,886.32,743.8
2050-04-11 19:00:00,2050-04-11 23:00:00,2050-04-11,1691.74,nan,635.98,653.43,543.92
2050-04-11 20:00:00,2050-04-12 00:00:00,2050-04-11,923.75,nan,351.49,359.89,299.9
2050-04-11 21:00:00,2050-04-12 01:00:00,2050-04-11,421.04,nan,165.67,167.73,139.62
2050-04-11 22:00:00,2050-04-12 02:00:00,2050-04-11,103.55,nan,39.02,36.83,37.6
2050-04-11 23:00:00,2050-04-12 03:00:00,2050-04-11,38.87,nan,13.84,11.54,15.75
2050-04-12 00:00:00,2050-04-12 04:00:00,2050-04-12,24.78,nan,8.52,6.83,9.89
2050-04-12 01:00:00,2050-04-12 05:00:00,2050-04-12,15.21,nan,5.03,3.91,5.89
2050-04-12 02:00:00,2050-04-12 06:00:00,2050-04-12,12.5,nan,3.71,2.88,4.33
2050-04-12 03:00:00,2050-04-12 07:00:00,2050-04-12,35.63,nan,11.44,11.02,10.43
2050-04-12 04:00:00,2050-04-12 08:00:00,2050-04-12,118.82,nan,41.17,41.88,34.37
2050-04-12 05:00:00,2050-04-12 09:00:00,2050-04-12,267.05,nan,95.21,97.95,78.6
2050-04-12 06:00:00,2050-04-12 10:00:00,2050-04-12,567.89,nan,210.46,218.02,171.29
2050-04-12 07:00:00,2050-04-12 11:00:00,2050-04-12,765.22,nan,284.88,295.09,234.1
2050-04-12 08:00:00,2050-04-12 12:00:00,2050-04-12,472.71,nan,175.72,181.35,149.77
2050-04-12 09:00:00,2050-04-12 13:00:00,2050-04-12,88.1,nan,30.66,29.57,30.96
2050-04-12 10:00:00,2050-04-12 14:00:00,2050-04-12,39.66,nan,13.98,11.46,16.03
2050-04-12 11:00:00,2050-04-12 15:00:00,2050-04-12,83.58,nan,30.58,26.68,35.52
2050-04-12 12:00:00,2050-04-12 16:00:00,2050-04-12,174.98,nan,67.15,63.58,67.45
2050-04-12 13:00:00,2050-04-12 17:00:00,2050-04-12,292.86,nan,115.75,112.33,106.08
2050-04-12 14:00:00,2050-04-12 18:00:00,2050-04-12,747.99,nan,297.84,300.59,255.85
2050-04-12 15:00:00,2050-04-12 19:00:00,2050-04-12,1434.97,nan,540.01,550.32,481.41
2050-04-12 16:00:00,2050-04-12 20:00:00,2050-04-12,1648.68,nan,629.87,642.42,547.71
2050-04-12 17:00:00,2050-04-12 21:00:00,2050-04-12,1885.23,nan,719.64,735.25,623.49
2050-04-12 18:00:00,2050-04-12 22:00:00,2050-04-12,1805.65,nan,691.36,706.61,597.16
2050-04-12 19:00:00,2050-04-12 23:00:00,2050-04-12,937.7,nan,367.53,374.44,312.87
2050-04-12 20:00:00,2050-04-13 00:00:00,2050-04-12,165.41,nan,66.36,64.56,61.52
2050-04-12 21:00:00,2050-04-13 01:00:00,2050-04-12,43.3,nan,16.52,14.31,19.35
2050-04-12 22:00:00,2050-04-13 02:00:00,2050-04-12,17.71,nan,6.38,5.24,7.62
2050-04-12 23:00:00,2050-04-13 03:00:00,2050-04-12,41.78,nan,13.52,13.0,12.2
2050-04-13 00:00:00,2050-04-13 04:00:00,2050-04-13,253.35,nan,89.45,91.36,74.15
2050-04-13 01:00:00,2050-04-13 05:00:00,2050-04-13,600.27,nan,220.16,227.02,181.21
2050-04-13 02:00:00,2050-04-13 06:00:00,2050-04-13,930.38,nan,344.52,355.92,284.07
2050-04-13 03:00:00,2050-04-13 07:00:00,2050-04-13,1232.76,nan,458.93,474.08,378.46
2050-04-13 04:00:00,2050-04-13 08:00:00,2050-04-13,1510.75,nan,564.1,582.75,465.94
2050-04-13 05:00:00,2050-04-13 09:00:00,2050-04-13,1748.85,nan,653.6,675.4,541.9
2050-04-13 06:00:00,2050-04-13 10:00:00,2050-04-13,1952.36,nan,729.75,754.21,606.84
2050-04-13 07:00:00,2050-04-13 11:00:00,2050-04-13,1973.09,nan,737.53,762.24,615.52
2050-04-13 08:00:00,2050-04-13 12:00:00,2050-04-13,1637.99,nan,612.73,633.35,510.97
2050-04-13 09:00:00,2050-04-13 13:00:00,2050-04-13,1098.6,nan,409.59,423.19,343.99
2050-04-13 10:00:00,2050-04-13 14:00:00,2050-04-13,696.51,nan,258.94,266.24,219.6
2050-04-13 11:00:00,2050-04-13 15:00:00,2050-04-13,199.18,nan,74.07,74.35,66.09
2050-04-13 12:00:00,2050-04-13 16:00:00,2050-04-13,29.76,nan,10.41,8.47,12.38
2050-04-13 13:00:00,2050-04-13 17:00:00,2050-04-13,51.1,nan,18.82,15.67,24.9
2050-04-13 14:00:00,2050-04-13 18:00:00,2050-04-13,60.44,nan,23.06,19.72,28.66
2050-04-13 15:00:00,2050-04-13 19:00:00,2050-04-13,80.47,nan,30.37,25.79,36.35
2050-04-13 16:00:00,2050-04-13 20:00:00,2050-04-13,147.91,nan,49.74,44.73,57.75
2050-04-13 17:00:00,2050-04-13 21:00:00,2050-04-13,465.66,nan,157.65,155.52,166.17
2050-04-13 18:00:00,2050-04-13 22:00:00,2050-04-13,713.57,nan,262.57,263.44,246.56
2050-04-13 19:00:00,2050-04-13 23:00:00,2050-04-13,152.96,nan,53.9,51.39,59.8
2050-04-13 20:00:00,2050-04-14 00:00:00,2050-04-13,34.56,nan,13.84,12.21,17.85
2050-04-13 21:00:00,2050-04-14 01:00:00,2050-04-13,14.48,nan,5.47,4.66,7.45
2050-04-13 22:00:00,2050-04-14 02:00:00,2050-04-13,6.89,nan,2.73,2.42,3.98
2050-04-13 23:00:00,2050-04-14 03:00:00,2050-04-13,35.85,nan,12.98,13.22,10.62
2050-04-14 00:00:00,2050-04-14 04:00:00,2050-04-14,350.76,nan,130.75,135.68,102.31
2050-04-14 01:00:00,2050-04-14 05:00:00,2050-04-14,708.15,nan,264.06,274.23,212.91
2050-04-14 02:00:00,2050-04-14 06:00:00,2050-04-14,1060.11,nan,395.27,410.63,321.69
2050-04-14 03:00:00,2050-04-14 07:00:00,2050-04-14,1408.53,nan,526.17,546.29,430.7
2050-04-14 04:00:00,2050-04-14 08:00:00,2050-04-14,1748.39,nan,655.69,680.11,539.24
2050-04-14 05:00:00,2050-04-14 09:00:00,2050-04-14,2037.19,nan,765.36,793.35,632.51
2050-04-14 06:00:00,2050-04-14 10:00:00,2050-04-14,2290.54,nan,863.13,894.12,715.29
2050-04-14 07:00:00,2050-04-14 11:00:00,2050-04-14,2327.46,nan,878.98,910.03,731.56
2050-04-14 08:00:00,2050-04-14 12:00:00,2050-04-14,1644.84,nan,622.39,644.73,519.8
2050-04-14 09:00:00,2050-04-14 13:00:00,2050-04-14,753.5,nan,285.01,295.18,242.97
2050-04-14 10:00:00,2050-04-14 14:00:00,2050-04-14,155.05,nan,57.84,58.06,54.61
2050-04-14 11:00:00,2050-04-14 15:00:00,2050-04-14,33.52,nan,11.89,9.7,13.75
2050-04-14 12:00:00,2050-04-14 16:00:00,2050-04-14,76.19,nan,29.55,25.8,33.99
2050-04-14 13:00:00,2050-04-14 17:00:00,2050-04-14,109.56,nan,42.16,36.68,48.38
2050-04-14 14:00:00,2050-04-14 18:00:00,2050-04-14,759.06,nan,294.86,298.88,250.96
2050-04-14 15:00:00,2050-04-14 19:00:00,2050-04-14,1517.11,nan,568.11,579.84,503.89
2050-04-14 16:00:00,2050-04-14 20:00:00,2050-04-14,1869.28,nan,702.43,718.71,617.41
2050-04-14 17:00:00,2050-04-14 21:00:00,2050-04-14,2207.18,nan,829.06,849.57,724.16
2050-04-14 18:00:00,2050-04-14 22:00:00,2050-04-14,2280.22,nan,856.62,878.84,746.43
2050-04-14 19:00:00,2050-04-14 23:00:00,2050-04-14,1652.94,nan,624.54,641.24,540.17
2050-04-14 20:00:00,2050-04-15 00:00:00,2050-04-14,792.54,nan,306.22,312.89,266.31
2050-04-14 21:00:00,2050-04-15 01:00:00,2050-04-14,225.29,nan,90.92,90.28,82.48
2050-04-14 22:00:00,2050-04-15 02:00:00,2050-04-14,49.82,nan,19.45,16.98,23.19
2050-04-14 23:00:00,2050-04-15 03:00:00,2050-04-14,19.08,nan,6.91,5.7,8.68
2050-04-15 00:00:00,2050-04-15 04:00:00,2050-04-15,10.29,nan,3.39,2.67,4.3
2050-04-15 01:00:00,2050-04-15 05:00:00,2050-04-15,65.26,nan,20.16,20.24,17.18
2050-04-15 02:00:00,2050-04-15 06:00:00,2050-04-15,294.64,nan,102.34,105.05,83.71
2050-04-15 03:00:00,2050-04-15 07:00:00,2050-04-15,649.38,nan,235.7,243.49,193.16
2050-04-15 04:00:00,2050-04-15 08:00:00,2050-04-15,994.14,nan,365.33,377.55,300.55
2050-04-15 05:00:00,2050-04-15 09:00:00,2050-04-15,1317.66,nan,486.84,503.32,401.75
2050-04-15 06:00:00,2050-04-15 10:00:00,2050-04-15,1620.06,nan,601.61,621.84,497.07
2050-04-15 07:00:00,2050-04-15 11:00:00,2050-04-15,1678.18,nan,625.59,646.52,519.87
2050-04-15 08:00:00,2050-04-15 12:00:00,2050-04-15,1073.29,nan,401.3,414.33,336.85
2050-04-15 09:00:00,2050-04-15 13:00:00,2050-04-15,320.86,nan,117.65,118.42,103.46
2050-04-15 10:00:00,2050-04-15 14:00:00,2050-04-15,38.89,nan,13.55,11.06,15.57
2050-04-15 11:00:00,2050-04-15 15:00:00,2050-04-15,99.15,nan,36.26,31.62,42.8
2050-04-15 12:00:00,2050-04-15 16:00:00,2050-04-15,385.76,nan,154.2,153.96,132.61
2050-04-15 13:00:00,2050-04-15 17:00:00,2050-04-15,1168.23,nan,445.47,454.81,385.41
2050-04-15 14:00:00,2050-04-15 18:00:00,2050-04-15,1679.69,nan,635.4,649.52,558.37
2050-04-15 15:00:00,2050-04-15 19:00:00,2050-04-15,2335.14,nan,881.69,903.8,763.78
2050-04-15 16:00:00,2050-04-15 20:00:00,2050-04-15,2835.73,nan,1067.4,1096.9,926.52
2050-04-15 17:00:00,2050-04-15 21:00:00,2050-04-15,3116.61,nan,1172.21,1205.85,1017.99
2050-04-15 18:00:00,2050-04-15 22:00:00,2050-04-15,3009.52,nan,1130.53,1163.06,980.76
2050-04-15 19:00:00,2050-04-15 23:00:00,2050-04-15,2277.82,nan,861.44,886.68,741.77
2050-04-15 20:00:00,2050-04-16 00:00:00,2050-04-15,1377.73,nan,531.23,545.39,454.99
2050-04-15 21:00:00,2050-04-16 01:00:00,2050-04-15,792.87,nan,314.74,322.44,269.13
2050-04-15 22:00:00,2050-04-16 02:00:00,2050-04-15,370.18,nan,149.29,151.52,124.9
2050-04-15 23:00:00,2050-04-16 03:00:00,2050-04-15,84.88,nan,31.96,29.29,31.05
2050-04-16 00:00:00,2050-04-16 04:00:00,2050-04-16,36.77,nan,12.53,10.21,13.42
2050-04-16 01:00:00,2050-04-16 05:00:00,2050-04-16,26.52,nan,6.83,5.54,7.26
2050-04-16 02:00:00,2050-04-16 06:00:00,2050-04-16,59.44,nan,14.95,14.74,13.76
2050-04-16 03:00:00,2050-04-16 07:00:00,2050-04-16,115.2,nan,31.76,32.26,28.36
2050-04-16 04:00:00,2050-04-16 08:00:00,2050-04-16,195.67,nan,57.95,59.3,51.25
2050-04-16 05:00:00,2050-04-16 09:00:00,2050-04-16,290.61,nan,90.88,93.31,80.25
2050-04-16 06:00:00,2050-04-16 10:00:00,2050-04-16,408.47,nan,134.65,138.58,117.23
2050-04-16 07:00:00,2050-04-16 11:00:00,2050-04-16,513.7,nan,174.04,179.41,150.43
2050-04-16 08:00:00,2050-04-16 12:00:00,2050-04-16,514.72,nan,174.12,179.07,151.01
2050-04-16 09:00:00,2050-04-16 13:00:00,2050-04-16,382.52,nan,124.37,125.86,109.88
2050-04-16 10:00:00,2050-04-16 14:00:00,2050-04-16,294.23,nan,90.69,90.59,82.86
2050-04-16 11:00:00,2050-04-16 15:00:00,2050-04-16,244.37,nan,72.89,71.66,66.94
2050-04-16 12:00:00,2050-04-16 16:00:00,2050-04-16,190.92,nan,54.3,51.79,50.42
2050-04-16 13:00:00,2050-04-16 17:00:00,2050-04-16,145.36,nan,38.64,35.15,37.77
2050-04-16 14:00:00,2050-04-16 18:00:00,2050-04-16,185.52,nan,55.58,51.18,54.57
2050-04-16 15:00:00,2050-04-16 19:00:00,2050-04-16,381.67,nan,139.48,137.16,118.77
2050-04-16 16:00:00,2050-04-16 20:00:00,2050-04-16,558.95,nan,215.61,215.44,179.68
2050-04-16 17:00:00,2050-04-16 21:00:00,2050-04-16,699.58,nan,272.99,274.97,231.57
2050-04-16 18:00:00,2050-04-16 22:00:00,2050-04-16,701.17,nan,276.71,278.87,235.44
2050-04-16 19:00:00,2050-04-16 23:00:00,2050-04-16,375.86,nan,146.7,145.98,127.13
2050-04-16 20:00:00,2050-04-17 00:00:00,2050-04-16,151.74,nan,55.36,52.36,52.5
2050-04-16 21:00:00,2050-04-17 01:00:00,2050-04-16,101.82,nan,35.46,31.64,35.89
2050-04-16 22:00:00,2050-04-17 02:00:00,2050-04-16,72.66,nan,25.1,21.36,26.87
2050-04-16 23:00:00,2050-04-17 03:00:00,2050-04-16,52.86,nan,18.11,14.73,19.7
2050-04-17 00:00:00,2050-04-17 04:00:00,2050-04-17,40.98,nan,13.46,10.57,14.31
2050-04-17 01:00:00,2050-04-17 05:00:00,2050-04-17,31.78,nan,9.57,7.19,10.07
2050-04-17 02:00:00,2050-04-17 06:00:00,2050-04-17,35.32,nan,9.92,7.87,9.78
2050-04-17 03:00:00,2050-04-17 07:00:00,2050-04-17,44.05,nan,12.22,10.75,11.53
2050-04-17 04:00:00,2050-04-17 08:00:00,2050-04-17,93.71,nan,27.76,27.38,24.27
2050-04-17 05:00:00,2050-04-17 09:00:00,2050-04-17,182.97,nan,57.94,58.35,48.89
2050-04-17 06:00:00,2050-04-17 10:00:00,2050-04-17,287.9,nan,94.39,95.79,80.15
2050-04-17 07:00:00,2050-04-17 11:00:00,2050-04-17,400.4,nan,133.88,136.55,115.96
2050-04-17 08:00:00,2050-04-17 12:00:00,2050-04-17,400.7,nan,131.77,134.25,116.83
2050-04-17 09:00:00,2050-04-17 13:00:00,2050-04-17,320.8,nan,100.56,101.78,92.27
2050-04-17 10:00:00,2050-04-17 14:00:00,2050-04-17,344.63,nan,106.58,107.85,99.1
2050-04-17 11:00:00,2050-04-17 15:00:00,2050-04-17,296.23,nan,87.81,87.4,84.75
2050-04-17 12:00:00,2050-04-17 16:00:00,2050-04-17,246.63,nan,69.27,67.93,73.17
2050-04-17 13:00:00,2050-04-17 17:00:00,2050-04-17,218.07,nan,62.07,59.69,70.41
2050-04-17 14:00:00,2050-04-17 18:00:00,2050-04-17,264.96,nan,88.24,86.08,89.49
2050-04-17 15:00:00,2050-04-17 19:00:00,2050-04-17,434.1,nan,166.96,166.17,149.58
2050-04-17 16:00:00,2050-04-17 20:00:00,2050-04-17,542.42,nan,216.47,217.02,187.69
2050-04-17 17:00:00,2050-04-17 21:00:00,2050-04-17,618.13,nan,248.32,250.22,213.8
2050-04-17 18:00:00,2050-04-17 22:00:00,2050-04-17,508.39,nan,204.64,205.98,174.21
2050-04-17 19:00:00,2050-04-17 23:00:00,2050-04-17,187.04,nan,70.43,69.37,65.01
2050-04-17 20:00:00,2050-04-18 00:00:00,2050-04-17,136.95,nan,40.07,40.3,41.15
2050-04-17 21:00:00,2050-04-18 01:00:00,2050-04-17,212.56,nan,61.54,63.0,58.7
2050-04-17 22:00:00,2050-04-18 02:00:00,2050-04-17,356.92,nan,109.3,112.24,100.2
2050-04-17 23:00:00,2050-04-18 03:00:00,2050-04-17,625.0,nan,207.66,213.9,181.95
2050-04-18 00:00:00,2050-04-18 04:00:00,2050-04-18,1040.45,nan,366.39,379.27,310.19
2050-04-18 01:00:00,2050-04-18 05:00:00,2050-04-18,1494.02,nan,541.08,560.61,453.0
2050-04-18 02:00:00,2050-04-18 06:00:00,2050-04-18,1957.83,nan,719.45,745.45,600.13
2050-04-18 03:00:00,2050-04-18 07:00:00,2050-04-18,2390.69,nan,885.26,916.95,739.16
2050-04-18 04:00:00,2050-04-18 08:00:00,2050-04-18,2782.06,nan,1035.0,1071.53,866.13
2050-04-18 05:00:00,2050-04-18 09:00:00,2050-04-18,3134.7,nan,1168.53,1209.41,980.6
2050-04-18 06:00:00,2050-04-18 10:00:00,2050-04-18,3452.61,nan,1288.74,1333.49,1083.85
2050-04-18 07:00:00,2050-04-18 11:00:00,2050-04-18,3467.43,nan,1296.62,1341.25,1094.29
2050-04-18 08:00:00,2050-04-18 12:00:00,2050-04-18,2878.11,nan,1076.71,1113.98,909.54
2050-04-18 09:00:00,2050-04-18 13:00:00,2050-04-18,1972.96,nan,735.83,762.38,618.68
2050-04-18 10:00:00,2050-04-18 14:00:00,2050-04-18,1287.26,nan,474.5,492.72,404.7
2050-04-18 11:00:00,2050-04-18 15:00:00,2050-04-18,675.61,nan,246.21,255.65,214.79
2050-04-18 12:00:00,2050-04-18 16:00:00,2050-04-18,198.81,nan,68.86,71.2,66.21
2050-04-18 13:00:00,2050-04-18 17:00:00,2050-04-18,32.16,nan,10.81,9.9,12.49
2050-04-18 14:00:00,2050-04-18 18:00:00,2050-04-18,39.13,nan,15.18,13.0,19.23
2050-04-18 15:00:00,2050-04-18 19:00:00,2050-04-18,56.4,nan,22.11,19.58,26.91
2050-04-18 16:00:00,2050-04-18 20:00:00,2050-04-18,65.53,nan,25.83,22.75,31.76
2050-04-18 17:00:00,2050-04-18 21:00:00,2050-04-18,75.56,nan,30.32,26.95,36.95
2050-04-18 18:00:00,2050-04-18 22:00:00,2050-04-18,76.45,nan,30.84,27.44,36.95
2050-04-18 19:00:00,2050-04-18 23:00:00,2050-04-18,28.64,nan,11.86,10.68,14.73
2050-04-18 20:00:00,2050-04-19 00:00:00,2050-04-18,17.84,nan,6.44,6.34,5.79
2050-04-18 21:00:00,2050-04-19 01:00:00,2050-04-18,178.78,nan,61.25,62.12,51.62
2050-04-18 22:00:00,2050-04-19 02:00:00,2050-04-18,492.81,nan,176.56,180.96,148.36
2050-04-18 23:00:00,2050-04-19 03:00:00,2050-04-18,858.69,nan,312.82,322.5,261.67
2050-04-19 00:00:00,2050-04-19 04:00:00,2050-04-19,1222.41,nan,448.8,463.52,374.87
2050-04-19 01:00:00,2050-04-19 05:00:00,2050-04-19,1553.11,nan,573.54,592.91,478.69
2050-04-19 02:00:00,2050-04-19 06:00:00,2050-04-19,1844.74,nan,683.35,706.52,571.18
2050-04-19 03:00:00,2050-04-19 07:00:00,2050-04-19,2127.39,nan,789.7,816.42,661.88
2050-04-19 04:00:00,2050-04-19 08:00:00,2050-04-19,2396.54,nan,891.34,921.48,749.13
2050-04-19 05:00:00,2050-04-19 09:00:00,2050-04-19,2636.03,nan,981.36,1014.51,826.29
2050-04-19 06:00:00,2050-04-19 10:00:00,2050-04-19,2848.45,nan,1060.75,1096.58,895.0
2050-04-19 07:00:00,2050-04-19 11:00:00,2050-04-19,2775.93,nan,1035.61,1070.6,876.72
2050-04-19 08:00:00,2050-04-19 12:00:00,2050-04-19,2142.74,nan,796.51,823.57,676.55
2050-04-19 09:00:00,2050-04-19 13:00:00,2050-04-19,1278.32,nan,470.89,487.28,400.98
2050-04-19 10:00:00,2050-04-19 14:00:00,2050-04-19,699.0,nan,254.2,262.84,222.15
2050-04-19 11:00:00,2050-04-19 15:00:00,2050-04-19,227.12,nan,77.71,79.02,74.86
2050-04-19 12:00:00,2050-04-19 16:00:00,2050-04-19,28.74,nan,9.97,8.7,11.76
2050-04-19 13:00:00,2050-04-19 17:00:00,2050-04-19,42.41,nan,16.3,13.78,20.06
2050-04-19 14:00:00,2050-04-19 18:00:00,2050-04-19,72.8,nan,28.24,24.54,33.12
2050-04-19 15:00:00,2050-04-19 19:00:00,2050-04-19,147.04,nan,58.89,54.38,60.78
2050-04-19 16:00:00,2050-04-19 20:00:00,2050-04-19,522.33,nan,214.54,216.31,180.19
2050-04-19 17:00:00,2050-04-19 21:00:00,2050-04-19,723.48,nan,290.27,294.51,250.74
2050-04-19 18:00:00,2050-04-19 22:00:00,2050-04-19,812.04,nan,325.28,330.75,276.51
2050-04-19 19:00:00,2050-04-19 23:00:00,2050-04-19,362.44,nan,149.86,150.84,126.09
2050-04-19 20:00:00,2050-04-20 00:00:00,2050-04-19,56.52,nan,23.08,20.99,25.94
2050-04-19 21:00:00,2050-04-20 01:00:00,2050-04-19,24.31,nan,9.63,8.5,11.68
2050-04-19 22:00:00,2050-04-20 02:00:00,2050-04-19,14.77,nan,4.99,4.51,5.62
2050-04-19 23:00:00,2050-04-20 03:00:00,2050-04-19,93.56,nan,31.07,31.0,26.36
2050-04-20 00:00:00,2050-04-20 04:00:00,2050-04-20,302.3,nan,105.41,107.39,89.58
2050-04-20 01:00:00,2050-04-20 05:00:00,2050-04-20,621.93,nan,225.54,231.65,188.38
2050-04-20 02:00:00,2050-04-20 06:00:00,2050-04-20,959.5,nan,352.06,362.87,293.15
2050-04-20 03:00:00,2050-04-20 07:00:00,2050-04-20,1288.53,nan,476.11,491.62,396.19
2050-04-20 04:00:00,2050-04-20 08:00:00,2050-04-20,1600.95,nan,594.96,614.88,495.09
2050-04-20 05:00:00,2050-04-20 09:00:00,2050-04-20,1890.04,nan,704.87,728.74,587.49
2050-04-20 06:00:00,2050-04-20 10:00:00,2050-04-20,2152.11,nan,804.35,831.55,672.31
2050-04-20 07:00:00,2050-04-20 11:00:00,2050-04-20,2087.93,nan,783.56,809.57,657.62
2050-04-20 08:00:00,2050-04-20 12:00:00,2050-04-20,1391.73,nan,522.28,539.72,440.0
2050-04-20 09:00:00,2050-04-20 13:00:00,2050-04-20,589.61,nan,220.02,226.68,190.58
2050-04-20 10:00:00,2050-04-20 14:00:00,2050-04-20,84.21,nan,30.86,30.12,31.97
2050-04-20 11:00:00,2050-04-20 15:00:00,2050-04-20,33.64,nan,12.04,9.94,13.97
2050-04-20 12:00:00,2050-04-20 16:00:00,2050-04-20,71.3,nan,26.81,22.87,30.93
2050-04-20 13:00:00,2050-04-20 17:00:00,2050-04-20,173.99,nan,68.87,64.19,66.84
2050-04-20 14:00:00,2050-04-20 18:00:00,2050-04-20,693.7,nan,265.42,268.27,231.51
2050-04-20 15:00:00,2050-04-20 19:00:00,2050-04-20,1345.36,nan,510.63,520.07,445.09
2050-04-20 16:00:00,2050-04-20 20:00:00,2050-04-20,1852.61,nan,700.52,717.04,606.18
2050-04-20 17:00:00,2050-04-20 21:00:00,2050-04-20,2207.05,nan,833.2,854.03,720.83
2050-04-20 18:00:00,2050-04-20 22:00:00,2050-04-20,2276.54,nan,859.35,881.66,743.87
2050-04-20 19:00:00,2050-04-20 23:00:00,2050-04-20,1696.73,nan,643.21,660.45,552.65
2050-04-20 20:00:00,2050-04-21 00:00:00,2050-04-20,902.7,nan,347.42,355.97,300.65
2050-04-20 21:00:00,2050-04-21 01:00:00,2050-04-20,357.89,nan,141.94,143.17,126.53
2050-04-20 22:00:00,2050-04-21 02:00:00,2050-04-20,85.58,nan,33.48,30.77,34.97
2050-04-20 23:00:00,2050-04-21 03:00:00,2050-04-20,42.19,nan,15.71,13.35,18.15
2050-04-21 00:00:00,2050-04-21 04:00:00,2050-04-21,25.48,nan,8.9,7.17,10.26
2050-04-21 01:00:00,2050-04-21 05:00:00,2050-04-21,16.8,nan,5.49,4.19,6.2
2050-04-21 02:00:00,2050-04-21 06:00:00,2050-04-21,20.76,nan,6.3,5.4,6.31
2050-04-21 03:00:00,2050-04-21 07:00:00,2050-04-21,67.95,nan,20.98,20.58,17.83
2050-04-21 04:00:00,2050-04-21 08:00:00,2050-04-21,179.79,nan,60.41,61.34,49.84
2050-04-21 05:00:00,2050-04-21 09:00:00,2050-04-21,371.27,nan,132.36,136.13,107.9
2050-04-21 06:00:00,2050-04-21 10:00:00,2050-04-21,581.73,nan,212.43,219.35,174.45
2050-04-21 07:00:00,2050-04-21 11:00:00,2050-04-21,561.67,nan,206.43,213.18,171.9
2050-04-21 08:00:00,2050-04-21 12:00:00,2050-04-21,264.99,nan,98.69,100.48,83.68
2050-04-21 09:00:00,2050-04-21 13:00:00,2050-04-21,38.68,nan,13.06,10.31,14.72
2050-04-21 10:00:00,2050-04-21 14:00:00,2050-04-21,66.12,nan,23.11,19.24,26.97
2050-04-21 11:00:00,2050-04-21 15:00:00,2050-04-21,202.51,nan,76.92,72.98,76.85
2050-04-21 12:00:00,2050-04-21 16:00:00,2050-04-21,769.78,nan,298.81,302.0,260.73
2050-04-21 13:00:00,2050-04-21 17:00:00,2050-04-21,1255.17,nan,482.99,492.38,421.02
2050-04-21 14:00:00,2050-04-21 18:00:00,2050-04-21,1708.22,nan,657.28,672.35,570.23
2050-04-21 15:00:00,2050-04-21 19:00:00,2050-04-21,2002.23,nan,769.47,786.45,666.38
2050-04-21 16:00:00,2050-04-21 20:00:00,2050-04-21,2185.56,nan,833.77,852.78,724.52
2050-04-21 17:00:00,2050-04-21 21:00:00,2050-04-21,2205.69,nan,838.08,857.49,733.1
2050-04-21 18:00:00,2050-04-21 22:00:00,2050-04-21,1960.36,nan,742.34,759.14,654.56
2050-04-21 19:00:00,2050-04-21 23:00:00,2050-04-21,1247.06,nan,475.24,485.57,418.74
2050-04-21 20:00:00,2050-04-22 00:00:00,2050-04-21,465.77,nan,183.83,185.19,165.66
2050-04-21 21:00:00,2050-04-22 01:00:00,2050-04-21,154.63,nan,61.65,59.15,61.54
2050-04-21 22:00:00,2050-04-22 02:00:00,2050-04-21,49.82,nan,18.98,16.54,23.16
2050-04-21 23:00:00,2050-04-22 03:00:00,2050-04-21,29.29,nan,10.76,9.11,13.48
2050-04-22 00:00:00,2050-04-22 04:00:00,2050-04-22,17.61,nan,6.09,4.9,7.46
2050-04-22 01:00:00,2050-04-22 05:00:00,2050-04-22,12.69,nan,4.33,3.43,5.32
2050-04-22 02:00:00,2050-04-22 06:00:00,2050-04-22,24.73,nan,7.83,7.52,7.65
2050-04-22 03:00:00,2050-04-22 07:00:00,2050-04-22,81.11,nan,26.36,26.86,22.21
2050-04-22 04:00:00,2050-04-22 08:00:00,2050-04-22,175.68,nan,58.54,60.34,48.96
2050-04-22 05:00:00,2050-04-22 09:00:00,2050-04-22,306.24,nan,105.74,109.62,87.83
2050-04-22 06:00:00,2050-04-22 10:00:00,2050-04-22,438.48,nan,154.9,160.75,128.28
2050-04-22 07:00:00,2050-04-22 11:00:00,2050-04-22,490.87,nan,174.45,181.1,145.88
2050-04-22 08:00:00,2050-04-22 12:00:00,2050-04-22,306.8,nan,102.94,106.24,90.35
2050-04-22 09:00:00,2050-04-22 13:00:00,2050-04-22,77.46,nan,20.27,19.07,22.99
2050-04-22 10:00:00,2050-04-22 14:00:00,2050-04-22,50.9,nan,17.45,14.57,20.68
2050-04-22 11:00:00,2050-04-22 15:00:00,2050-04-22,118.92,nan,45.33,41.01,48.93
2050-04-22 12:00:00,2050-04-22 16:00:00,2050-04-22,408.78,nan,163.33,162.7,147.67
2050-04-22 13:00:00,2050-04-22 17:00:00,2050-04-22,1055.37,nan,417.37,423.64,362.26
2050-04-22 14:00:00,2050-04-22 18:00:00,2050-04-22,1790.83,nan,691.7,706.86,604.41
2050-04-22 15:00:00,2050-04-22 19:00:00,2050-04-22,2126.82,nan,801.3,820.04,708.39
2050-04-22 16:00:00,2050-04-22 20:00:00,2050-04-22,2523.52,nan,953.22,977.1,836.99
2050-04-22 17:00:00,2050-04-22 21:00:00,2050-04-22,2620.17,nan,985.88,1011.68,867.61
2050-04-22 18:00:00,2050-04-22 22:00:00,2050-04-22,2492.88,nan,937.33,962.38,827.75
2050-04-22 19:00:00,2050-04-22 23:00:00,2050-04-22,1836.61,nan,691.77,710.55,610.01
2050-04-22 20:00:00,2050-04-23 00:00:00,2050-04-22,1022.73,nan,391.6,401.04,349.9
2050-04-22 21:00:00,2050-04-23 01:00:00,2050-04-22,452.16,nan,174.05,176.24,162.15
2050-04-22 22:00:00,2050-04-23 02:00:00,2050-04-22,80.89,nan,31.09,28.3,34.99
2050-04-22 23:00:00,2050-04-23 03:00:00,2050-04-22,26.91,nan,9.93,8.4,12.45
2050-04-23 00:00:00,2050-04-23 04:00:00,2050-04-23,11.23,nan,3.93,3.19,5.08
2050-04-23 01:00:00,2050-04-23 05:00:00,2050-04-23,34.17,nan,10.9,10.65,9.27
2050-04-23 02:00:00,2050-04-23 06:00:00,2050-04-23,312.91,nan,113.45,116.73,89.17
2050-04-23 03:00:00,2050-04-23 07:00:00,2050-04-23,724.94,nan,267.77,277.14,215.44
2050-04-23 04:00:00,2050-04-23 08:00:00,2050-04-23,1138.52,nan,422.67,437.53,344.16
2050-04-23 05:00:00,2050-04-23 09:00:00,2050-04-23,1550.55,nan,577.79,598.11,473.46
2050-04-23 06:00:00,2050-04-23 10:00:00,2050-04-23,1924.35,nan,718.62,743.66,592.5
2050-04-23 07:00:00,2050-04-23 11:00:00,2050-04-23,1888.61,nan,706.96,731.43,587.5
2050-04-23 08:00:00,2050-04-23 12:00:00,2050-04-23,1342.58,nan,499.88,517.11,419.5
2050-04-23 09:00:00,2050-04-23 13:00:00,2050-04-23,674.04,nan,247.91,255.68,213.47
2050-04-23 10:00:00,2050-04-23 14:00:00,2050-04-23,192.67,nan,67.57,67.94,64.36
2050-04-23 11:00:00,2050-04-23 15:00:00,2050-04-23,34.32,nan,12.33,10.25,14.56
2050-04-23 12:00:00,2050-04-23 16:00:00,2050-04-23,67.13,nan,25.52,22.07,30.36
2050-04-23 13:00:00,2050-04-23 17:00:00,2050-04-23,98.09,nan,36.51,31.91,43.14
2050-04-23 14:00:00,2050-04-23 18:00:00,2050-04-23,345.86,nan,140.62,138.69,123.76
2050-04-23 15:00:00,2050-04-23 19:00:00,2050-04-23,809.07,nan,323.57,327.88,279.83
2050-04-23 16:00:00,2050-04-23 20:00:00,2050-04-23,1503.75,nan,571.82,582.84,504.85
2050-04-23 17:00:00,2050-04-23 21:00:00,2050-04-23,1623.66,nan,625.48,638.8,540.48
2050-04-23 18:00:00,2050-04-23 22:00:00,2050-04-23,1676.47,nan,645.42,659.95,556.82
2050-04-23 19:00:00,2050-04-23 23:00:00,2050-04-23,1071.82,nan,419.0,428.43,355.08
2050-04-23 20:00:00,2050-04-24 00:00:00,2050-04-23,284.71,nan,115.6,115.78,99.6
2050-04-23 21:00:00,2050-04-24 01:00:00,2050-04-23,62.41,nan,23.94,21.23,26.81
2050-04-23 22:00:00,2050-04-24 02:00:00,2050-04-23,27.31,nan,9.95,8.33,11.72
2050-04-23 23:00:00,2050-04-24 03:00:00,2050-04-23,14.07,nan,4.73,3.81,5.57
2050-04-24 00:00:00,2050-04-24 04:00:00,2050-04-24,74.41,nan,25.54,25.06,21.1
2050-04-24 01:00:00,2050-04-24 05:00:00,2050-04-24,319.22,nan,116.76,119.13,94.75
2050-04-24 02:00:00,2050-04-24 06:00:00,2050-04-24,663.86,nan,246.99,254.85,201.61
2050-04-24 03:00:00,2050-04-24 07:00:00,2050-04-24,1009.13,nan,377.43,389.97,309.38
2050-04-24 04:00:00,2050-04-24 08:00:00,2050-04-24,1367.64,nan,513.56,530.86,421.45
2050-04-24 05:00:00,2050-04-24 09:00:00,2050-04-24,1710.09,nan,642.78,664.72,530.17
2050-04-24 06:00:00,2050-04-24 10:00:00,2050-04-24,2031.09,nan,764.07,790.13,633.28
2050-04-24 07:00:00,2050-04-24 11:00:00,2050-04-24,1927.36,nan,727.17,751.76,606.89
2050-04-24 08:00:00,2050-04-24 12:00:00,2050-04-24,1265.04,nan,476.76,492.97,401.0
2050-04-24 09:00:00,2050-04-24 13:00:00,2050-04-24,543.78,nan,202.29,207.14,176.17
2050-04-24 10:00:00,2050-04-24 14:00:00,2050-04-24,76.37,nan,27.51,26.19,28.87
2050-04-24 11:00:00,2050-04-24 15:00:00,2050-04-24,41.25,nan,14.51,11.85,16.45
2050-04-24 12:00:00,2050-04-24 16:00:00,2050-04-24,97.05,nan,36.37,31.49,40.75
2050-04-24 13:00:00,2050-04-24 17:00:00,2050-04-24,285.75,nan,114.32,111.4,102.06
2050-04-24 14:00:00,2050-04-24 18:00:00,2050-04-24,995.16,nan,390.47,398.47,328.38
2050-04-24 15:00:00,2050-04-24 19:00:00,2050-04-24,1758.41,nan,661.63,675.62,584.06
2050-04-24 16:00:00,2050-04-24 20:00:00,2050-04-24,1928.48,nan,728.17,745.21,637.76
2050-04-24 17:00:00,2050-04-24 21:00:00,2050-04-24,2031.05,nan,767.63,787.08,671.88
2050-04-24 18:00:00,2050-04-24 22:00:00,2050-04-24,1827.1,nan,693.15,710.81,607.0
2050-04-24 19:00:00,2050-04-24 23:00:00,2050-04-24,1131.82,nan,435.21,446.1,377.64
2050-04-24 20:00:00,2050-04-25 00:00:00,2050-04-24,373.13,nan,150.0,151.62,131.71
2050-04-24 21:00:00,2050-04-25 01:00:00,2050-04-24,111.06,nan,44.36,42.19,43.96
2050-04-24 22:00:00,2050-04-25 02:00:00,2050-04-24,45.39,nan,17.5,15.26,20.42
2050-04-24 23:00:00,2050-04-25 03:00:00,2050-04-24,27.68,nan,10.3,8.75,12.27
2050-04-25 00:00:00,2050-04-25 04:00:00,2050-04-25,18.58,nan,6.53,5.37,7.89
2050-04-25 01:00:00,2050-04-25 05:00:00,2050-04-25,19.68,nan,5.72,4.89,6.54
2050-04-25 02:00:00,2050-04-25 06:00:00,2050-04-25,37.21,nan,10.21,9.88,9.91
2050-04-25 03:00:00,2050-04-25 07:00:00,2050-04-25,70.69,nan,20.16,20.39,18.23
2050-04-25 04:00:00,2050-04-25 08:00:00,2050-04-25,113.99,nan,34.11,34.82,30.2
2050-04-25 05:00:00,2050-04-25 09:00:00,2050-04-25,171.94,nan,53.8,55.1,47.14
2050-04-25 06:00:00,2050-04-25 10:00:00,2050-04-25,258.76,nan,85.7,87.81,73.61
2050-04-25 07:00:00,2050-04-25 11:00:00,2050-04-25,341.54,nan,118.29,121.37,99.79
2050-04-25 08:00:00,2050-04-25 12:00:00,2050-04-25,287.01,nan,97.33,99.13,84.11
2050-04-25 09:00:00,2050-04-25 13:00:00,2050-04-25,158.19,nan,50.77,50.15,45.61
2050-04-25 10:00:00,2050-04-25 14:00:00,2050-04-25,134.83,nan,44.26,43.56,39.58
2050-04-25 11:00:00,2050-04-25 15:00:00,2050-04-25,144.01,nan,48.34,47.75,42.45
2050-04-25 12:00:00,2050-04-25 16:00:00,2050-04-25,158.71,nan,54.1,53.76,46.84
2050-04-25 13:00:00,2050-04-25 17:00:00,2050-04-25,201.65,nan,68.79,69.06,59.06
2050-04-25 14:00:00,2050-04-25 18:00:00,2050-04-25,223.95,nan,76.02,76.43,64.95
2050-04-25 15:00:00,2050-04-25 19:00:00,2050-04-25,244.76,nan,82.02,82.66,71.39
2050-04-25 16:00:00,2050-04-25 20:00:00,2050-04-25,282.1,nan,93.82,95.08,82.26
2050-04-25 17:00:00,2050-04-25 21:00:00,2050-04-25,340.45,nan,114.75,116.78,100.28
2050-04-25 18:00:00,2050-04-25 22:00:00,2050-04-25,353.54,nan,118.54,120.69,104.93
2050-04-25 19:00:00,2050-04-25 23:00:00,2050-04-25,556.41,nan,197.51,203.58,169.25
2050-04-25 20:00:00,2050-04-26 00:00:00,2050-04-25,709.82,nan,257.11,265.94,217.64
2050-04-25 21:00:00,2050-04-26 01:00:00,2050-04-25,760.62,nan,277.04,286.59,233.42
2050-04-25 22:00:00,2050-04-26 02:00:00,2050-04-25,807.81,nan,295.39,305.87,248.57
2050-04-25 23:00:00,2050-04-26 03:00:00,2050-04-25,818.04,nan,299.79,310.63,252.28
2050-04-26 00:00:00,2050-04-26 04:00:00,2050-04-26,844.69,nan,311.02,322.26,260.89
2050-04-26 01:00:00,2050-04-26 05:00:00,2050-04-26,866.91,nan,320.12,331.62,268.32
2050-04-26 02:00:00,2050-04-26 06:00:00,2050-04-26,854.73,nan,315.57,326.89,264.67
2050-04-26 03:00:00,2050-04-26 07:00:00,2050-04-26,901.02,nan,333.46,345.7,278.87
2050-04-26 04:00:00,2050-04-26 08:00:00,2050-04-26,935.1,nan,346.41,358.93,289.63
2050-04-26 05:00:00,2050-04-26 09:00:00,2050-04-26,957.74,nan,354.81,367.96,296.67
2050-04-26 06:00:00,2050-04-26 10:00:00,2050-04-26,1011.68,nan,376.47,390.54,313.69
2050-04-26 07:00:00,2050-04-26 11:00:00,2050-04-26,934.39,nan,345.32,357.98,289.69
2050-04-26 08:00:00,2050-04-26 12:00:00,2050-04-26,679.09,nan,242.19,251.16,208.81
2050-04-26 09:00:00,2050-04-26 13:00:00,2050-04-26,389.29,nan,127.85,131.24,114.57
2050-04-26 10:00:00,2050-04-26 14:00:00,2050-04-26,353.55,nan,115.47,118.33,103.91
2050-04-26 11:00:00,2050-04-26 15:00:00,2050-04-26,289.36,nan,92.54,94.79,84.63
2050-04-26 12:00:00,2050-04-26 16:00:00,2050-04-26,298.6,nan,98.29,100.0,86.83
2050-04-26 13:00:00,2050-04-26 17:00:00,2050-04-26,240.38,nan,76.36,76.45,68.86
2050-04-26 14:00:00,2050-04-26 18:00:00,2050-04-26,162.27,nan,51.12,49.83,47.24
2050-04-26 15:00:00,2050-04-26 19:00:00,2050-04-26,131.56,nan,40.98,39.25,38.6
2050-04-26 16:00:00,2050-04-26 20:00:00,2050-04-26,150.47,nan,48.61,46.62,43.56
2050-04-26 17:00:00,2050-04-26 21:00:00,2050-04-26,186.98,nan,59.53,58.15,52.85
2050-04-26 18:00:00,2050-04-26 22:00:00,2050-04-26,238.81,nan,76.95,76.39,67.83
2050-04-26 19:00:00,2050-04-26 23:00:00,2050-04-26,440.56,nan,149.08,153.08,131.63
2050-04-26 20:00:00,2050-04-27 00:00:00,2050-04-26,727.22,nan,260.04,267.81,223.14
2050-04-26 21:00:00,2050-04-27 01:00:00,2050-04-26,905.23,nan,327.43,338.13,279.46
2050-04-26 22:00:00,2050-04-27 02:00:00,2050-04-26,1060.13,nan,386.48,400.31,327.61
2050-04-26 23:00:00,2050-04-27 03:00:00,2050-04-26,1235.24,nan,453.43,470.62,382.82
2050-04-27 00:00:00,2050-04-27 04:00:00,2050-04-27,1414.8,nan,523.16,542.98,439.04
2050-04-27 01:00:00,2050-04-27 05:00:00,2050-04-27,1568.8,nan,582.62,605.24,487.91
2050-04-27 02:00:00,2050-04-27 06:00:00,2050-04-27,1712.52,nan,637.39,662.08,534.27
2050-04-27 03:00:00,2050-04-27 07:00:00,2050-04-27,1874.77,nan,698.89,725.71,585.96
2050-04-27 04:00:00,2050-04-27 08:00:00,2050-04-27,1980.23,nan,737.39,765.3,619.4
2050-04-27 05:00:00,2050-04-27 09:00:00,2050-04-27,2084.33,nan,775.31,804.42,652.84
2050-04-27 06:00:00,2050-04-27 10:00:00,2050-04-27,2186.62,nan,812.35,842.77,685.42
2050-04-27 07:00:00,2050-04-27 11:00:00,2050-04-27,2181.34,nan,809.33,839.45,684.27
2050-04-27 08:00:00,2050-04-27 12:00:00,2050-04-27,1915.5,nan,706.83,734.07,598.19
2050-04-27 09:00:00,2050-04-27 13:00:00,2050-04-27,1271.34,nan,459.14,475.32,391.45
2050-04-27 10:00:00,2050-04-27 14:00:00,2050-04-27,697.78,nan,234.39,241.57,212.82
2050-04-27 11:00:00,2050-04-27 15:00:00,2050-04-27,253.45,nan,70.34,71.64,74.33
2050-04-27 12:00:00,2050-04-27 16:00:00,2050-04-27,98.57,nan,18.72,18.2,28.77
2050-04-27 13:00:00,2050-04-27 17:00:00,2050-04-27,103.91,nan,27.48,24.8,36.61
2050-04-27 14:00:00,2050-04-27 18:00:00,2050-04-27,121.13,nan,42.06,37.48,48.81
2050-04-27 15:00:00,2050-04-27 19:00:00,2050-04-27,293.73,nan,118.12,114.83,108.37
2050-04-27 16:00:00,2050-04-27 20:00:00,2050-04-27,489.91,nan,197.89,197.93,171.17
2050-04-27 17:00:00,2050-04-27 21:00:00,2050-04-27,705.26,nan,284.71,286.86,242.9
2050-04-27 18:00:00,2050-04-27 22:00:00,2050-04-27,648.62,nan,264.91,266.4,224.05
2050-04-27 19:00:00,2050-04-27 23:00:00,2050-04-27,157.05,nan,63.83,61.89,60.94
2050-04-27 20:00:00,2050-04-28 00:00:00,2050-04-27,16.45,nan,6.68,5.89,9.06
2050-04-27 21:00:00,2050-04-28 01:00:00,2050-04-27,37.06,nan,8.3,8.95,8.87
2050-04-27 22:00:00,2050-04-28 02:00:00,2050-04-27,417.46,nan,139.74,145.0,120.19
2050-04-27 23:00:00,2050-04-28 03:00:00,2050-04-27,1018.76,nan,362.95,376.39,306.38
2050-04-28 00:00:00,2050-04-28 04:00:00,2050-04-28,1609.19,nan,585.6,607.38,491.06
2050-04-28 01:00:00,2050-04-28 05:00:00,2050-04-28,2096.25,nan,769.19,797.16,645.95
2050-04-28 02:00:00,2050-04-28 06:00:00,2050-04-28,2519.7,nan,929.12,962.33,782.5
2050-04-28 03:00:00,2050-04-28 07:00:00,2050-04-28,2891.39,nan,1069.24,1107.18,902.6
2050-04-28 04:00:00,2050-04-28 08:00:00,2050-04-28,3234.18,nan,1199.19,1241.42,1013.79
2050-04-28 05:00:00,2050-04-28 09:00:00,2050-04-28,3510.79,nan,1303.63,1349.06,1103.54
2050-04-28 06:00:00,2050-04-28 10:00:00,2050-04-28,3754.16,nan,1395.06,1443.44,1182.75
2050-04-28 07:00:00,2050-04-28 11:00:00,2050-04-28,3548.23,nan,1319.55,1365.21,1124.0
2050-04-28 08:00:00,2050-04-28 12:00:00,2050-04-28,2959.37,nan,1097.93,1136.0,937.18
2050-04-28 09:00:00,2050-04-28 13:00:00,2050-04-28,2082.66,nan,767.64,795.11,653.28
2050-04-28 10:00:00,2050-04-28 14:00:00,2050-04-28,1414.47,nan,515.34,534.14,442.3
2050-04-28 11:00:00,2050-04-28 15:00:00,2050-04-28,868.78,nan,311.11,322.28,272.28
2050-04-28 12:00:00,2050-04-28 16:00:00,2050-04-28,454.9,nan,157.15,162.43,143.19
2050-04-28 13:00:00,2050-04-28 17:00:00,2050-04-28,305.22,nan,102.61,105.01,93.44
2050-04-28 14:00:00,2050-04-28 18:00:00,2050-04-28,223.45,nan,76.57,78.85,69.71
2050-04-28 15:00:00,2050-04-28 19:00:00,2050-04-28,169.24,nan,58.08,59.21,55.03
2050-04-28 16:00:00,2050-04-28 20:00:00,2050-04-28,141.4,nan,50.54,50.78,49.95
2050-04-28 17:00:00,2050-04-28 21:00:00,2050-04-28,122.72,nan,44.41,44.32,43.98
2050-04-28 18:00:00,2050-04-28 22:00:00,2050-04-28,116.55,nan,43.22,42.22,42.71
2050-04-28 19:00:00,2050-04-28 23:00:00,2050-04-28,169.78,nan,61.53,63.35,57.82
2050-04-28 20:00:00,2050-04-29 00:00:00,2050-04-28,477.55,nan,171.7,177.29,152.71
2050-04-28 21:00:00,2050-04-29 01:00:00,2050-04-28,785.18,nan,285.27,294.94,247.54
2050-04-28 22:00:00,2050-04-29 02:00:00,2050-04-28,1105.15,nan,406.04,420.15,346.7
2050-04-28 23:00:00,2050-04-29 03:00:00,2050-04-28,1405.46,nan,520.23,538.6,440.39
2050-04-29 00:00:00,2050-04-29 04:00:00,2050-04-29,1683.82,nan,625.92,648.21,528.05
2050-04-29 01:00:00,2050-04-29 05:00:00,2050-04-29,1970.55,nan,734.73,760.81,619.19
2050-04-29 02:00:00,2050-04-29 06:00:00,2050-04-29,2249.48,nan,840.33,869.89,708.32
2050-04-29 03:00:00,2050-04-29 07:00:00,2050-04-29,2511.09,nan,939.39,972.15,792.39
2050-04-29 04:00:00,2050-04-29 08:00:00,2050-04-29,2754.44,nan,1031.12,1066.9,870.56
2050-04-29 05:00:00,2050-04-29 09:00:00,2050-04-29,2981.41,nan,1116.94,1155.41,943.63
2050-04-29 06:00:00,2050-04-29 10:00:00,2050-04-29,3197.15,nan,1198.77,1239.66,1013.18
2050-04-29 07:00:00,2050-04-29 11:00:00,2050-04-29,2935.5,nan,1103.56,1140.57,936.57
2050-04-29 08:00:00,2050-04-29 12:00:00,2050-04-29,2235.69,nan,839.74,867.97,713.76
2050-04-29 09:00:00,2050-04-29 13:00:00,2050-04-29,1274.29,nan,476.68,493.34,403.86
2050-04-29 10:00:00,2050-04-29 14:00:00,2050-04-29,607.61,nan,225.45,232.73,197.61
2050-04-29 11:00:00,2050-04-29 15:00:00,2050-04-29,108.54,nan,39.23,39.09,38.5
2050-04-29 12:00:00,2050-04-29 16:00:00,2050-04-29,26.85,nan,9.73,8.1,11.19
2050-04-29 13:00:00,2050-04-29 17:00:00,2050-04-29,68.77,nan,27.3,24.34,32.34
2050-04-29 14:00:00,2050-04-29 18:00:00,2050-04-29,136.19,nan,54.71,50.17,56.66
2050-04-29 15:00:00,2050-04-29 19:00:00,2050-04-29,696.59,nan,289.02,292.72,234.67
2050-04-29 16:00:00,2050-04-29 20:00:00,2050-04-29,1211.09,nan,479.42,487.91,403.81
2050-04-29 17:00:00,2050-04-29 21:00:00,2050-04-29,1472.46,nan,570.8,583.08,488.59
2050-04-29 18:00:00,2050-04-29 22:00:00,2050-04-29,1541.03,nan,602.14,615.64,508.99
2050-04-29 19:00:00,2050-04-29 23:00:00,2050-04-29,1045.72,nan,416.12,426.0,342.66
2050-04-29 20:00:00,2050-04-30 00:00:00,2050-04-29,361.12,nan,148.19,149.93,121.97
2050-04-29 21:00:00,2050-04-30 01:00:00,2050-04-29,96.41,nan,38.62,36.52,36.82
2050-04-29 22:00:00,2050-04-30 02:00:00,2050-04-29,31.2,nan,11.55,9.76,12.91
2050-04-29 23:00:00,2050-04-30 03:00:00,2050-04-29,15.25,nan,4.9,3.84,5.46
2050-04-30 00:00:00,2050-04-30 04:00:00,2050-04-30,39.54,nan,11.46,10.66,10.32
2050-04-30 01:00:00,2050-04-30 05:00:00,2050-04-30,176.84,nan,60.05,60.13,50.36
2050-04-30 02:00:00,2050-04-30 06:00:00,2050-04-30,430.53,nan,154.3,157.73,128.37
2050-04-30 03:00:00,2050-04-30 07:00:00,2050-04-30,741.12,nan,271.76,279.56,224.72
2050-04-30 04:00:00,2050-04-30 08:00:00,2050-04-30,986.98,nan,363.77,374.67,301.61
2050-04-30 05:00:00,2050-04-30 09:00:00,2050-04-30,1273.13,nan,471.27,486.03,391.7
2050-04-30 06:00:00,2050-04-30 10:00:00,2050-04-30,1563.99,nan,580.83,599.4,483.49
2050-04-30 07:00:00,2050-04-30 11:00:00,2050-04-30,1373.0,nan,511.48,527.45,430.35
2050-04-30 08:00:00,2050-04-30 12:00:00,2050-04-30,771.2,nan,285.89,293.59,244.07
2050-04-30 09:00:00,2050-04-30 13:00:00,2050-04-30,158.67,nan,58.03,56.54,53.47
2050-04-30 10:00:00,2050-04-30 14:00:00,2050-04-30,40.61,nan,13.71,10.8,14.95
2050-04-30 11:00:00,2050-04-30 15:00:00,2050-04-30,108.33,nan,40.24,36.0,41.43
2050-04-30 12:00:00,2050-04-30 16:00:00,2050-04-30,489.23,nan,196.23,197.63,162.85
2050-04-30 13:00:00,2050-04-30 17:00:00,2050-04-30,1177.34,nan,444.01,451.86,389.57
2050-04-30 14:00:00,2050-04-30 18:00:00,2050-04-30,1756.87,nan,665.86,681.31,578.62
2050-04-30 15:00:00,2050-04-30 19:00:00,2050-04-30,2527.12,nan,956.73,981.72,825.87
2050-04-30 16:00:00,2050-04-30 20:00:00,2050-04-30,3147.14,nan,1191.51,1224.75,1027.51
2050-04-30 17:00:00,2050-04-30 21:00:00,2050-04-30,3529.36,nan,1339.35,1376.53,1152.25
2050-04-30 18:00:00,2050-04-30 22:00:00,2050-04-30,3611.75,nan,1370.16,1408.34,1181.51
2050-04-30 19:00:00,2050-04-30 23:00:00,2050-04-30,2984.93,nan,1133.33,1166.5,970.38
2050-04-30 20:00:00,2050-05-01 00:00:00,2050-04-30,2094.13,nan,792.3,814.68,685.33
2050-04-30 21:00:00,2050-05-01 01:00:00,2050-04-30,1554.63,nan,592.18,607.22,513.53
2050-04-30 22:00:00,2050-05-01 02:00:00,2050-04-30,1139.13,nan,438.09,448.26,379.84
2050-04-30 23:00:00,2050-05-01 03:00:00,2050-04-30,810.72,nan,314.46,320.75,272.35
2050-05-01 00:00:00,2050-05-01 04:00:00,2050-05-01,524.8,nan,202.54,205.52,177.15
2050-05-01 01:00:00,2050-05-01 05:00:00,2050-05-01,308.42,nan,118.03,118.12,104.62
2050-05-01 02:00:00,2050-05-01 06:00:00,2050-05-01,170.33,nan,63.42,61.42,58.54
2050-05-01 03:00:00,2050-05-01 07:00:00,2050-05-01,85.07,nan,30.17,27.19,29.9
2050-05-01 04:00:00,2050-05-01 08:00:00,2050-05-01,43.36,nan,13.95,11.09,14.59
2050-05-01 05:00:00,2050-05-01 09:00:00,2050-05-01,29.13,nan,8.85,6.41,9.06
2050-05-01 06:00:00,2050-05-01 10:00:00,2050-05-01,21.67,nan,6.46,4.52,6.57
2050-05-01 07:00:00,2050-05-01 11:00:00,2050-05-01,22.28,nan,7.08,5.31,7.43
2050-05-01 08:00:00,2050-05-01 12:00:00,2050-05-01,83.67,nan,30.19,27.8,29.91
2050-05-01 09:00:00,2050-05-01 13:00:00,2050-05-01,567.06,nan,213.59,214.97,191.0
2050-05-01 10:00:00,2050-05-01 14:00:00,2050-05-01,1542.36,nan,580.26,593.6,502.32
2050-05-01 11:00:00,2050-05-01 15:00:00,2050-05-01,2583.86,nan,972.54,997.73,840.31
2050-05-01 12:00:00,2050-05-01 16:00:00,2050-05-01,3428.67,nan,1290.66,1325.88,1117.8
2050-05-01 13:00:00,2050-05-01 17:00:00,2050-05-01,3929.98,nan,1475.62,1517.27,1285.05
2050-05-01 14:00:00,2050-05-01 18:00:00,2050-05-01,4371.69,nan,1639.17,1686.51,1430.17
2050-05-01 15:00:00,2050-05-01 19:00:00,2050-05-01,4759.19,nan,1783.56,1835.82,1555.95
2050-05-01 16:00:00,2050-05-01 20:00:00,2050-05-01,4983.99,nan,1867.98,1923.17,1629.64
2050-05-01 17:00:00,2050-05-01 21:00:00,2050-05-01,4969.0,nan,1864.31,1919.21,1626.1
2050-05-01 18:00:00,2050-05-01 22:00:00,2050-05-01,4784.32,nan,1797.14,1850.28,1565.2
2050-05-01 19:00:00,2050-05-01 23:00:00,2050-05-01,4091.54,nan,1541.09,1587.38,1334.58
2050-05-01 20:00:00,2050-05-02 00:00:00,2050-05-01,3162.67,nan,1197.6,1232.86,1036.81
2050-05-01 21:00:00,2050-05-02 01:00:00,2050-05-01,2645.09,nan,1004.29,1033.26,871.28
2050-05-01 22:00:00,2050-05-02 02:00:00,2050-05-01,2250.94,nan,857.5,881.67,743.62
2050-05-01 23:00:00,2050-05-02 03:00:00,2050-05-01,1925.87,nan,733.31,753.74,635.86
2050-05-02 00:00:00,2050-05-02 04:00:00,2050-05-02,1672.76,nan,636.3,653.95,552.46
2050-05-02 01:00:00,2050-05-02 05:00:00,2050-05-02,1474.18,nan,560.56,575.44,488.57
2050-05-02 02:00:00,2050-05-02 06:00:00,2050-05-02,1298.27,nan,492.47,505.01,432.07
2050-05-02 03:00:00,2050-05-02 07:00:00,2050-05-02,1120.01,nan,423.01,433.17,374.36
2050-05-02 04:00:00,2050-05-02 08:00:00,2050-05-02,988.06,nan,371.56,379.94,331.06
2050-05-02 05:00:00,2050-05-02 09:00:00,2050-05-02,859.79,nan,322.34,328.89,289.35
2050-05-02 06:00:00,2050-05-02 10:00:00,2050-05-02,742.49,nan,277.45,282.33,251.33
2050-05-02 07:00:00,2050-05-02 11:00:00,2050-05-02,1053.4,nan,389.09,398.21,344.07
2050-05-02 08:00:00,2050-05-02 12:00:00,2050-05-02,1815.07,nan,676.09,693.78,588.39
2050-05-02 09:00:00,2050-05-02 13:00:00,2050-05-02,2788.47,nan,1039.12,1066.41,907.02
2050-05-02 10:00:00,2050-05-02 14:00:00,2050-05-02,3534.37,nan,1317.4,1353.64,1146.72
2050-05-02 11:00:00,2050-05-02 15:00:00,2050-05-02,4277.58,nan,1596.47,1641.81,1388.16
2050-05-02 12:00:00,2050-05-02 16:00:00,2050-05-02,4832.07,nan,1801.09,1853.23,1569.5
2050-05-02 13:00:00,2050-05-02 17:00:00,2050-05-02,5280.49,nan,1972.86,2030.75,1719.75
2050-05-02 14:00:00,2050-05-02 18:00:00,2050-05-02,5675.29,nan,2121.24,2184.06,1851.1
2050-05-02 15:00:00,2050-05-02 19:00:00,2050-05-02,5954.38,nan,2224.25,2290.49,1946.05
2050-05-02 16:00:00,2050-05-02 20:00:00,2050-05-02,5972.99,nan,2232.29,2297.57,1954.49
2050-05-02 17:00:00,2050-05-02 21:00:00,2050-05-02,5316.96,nan,1975.63,2033.15,1743.65
2050-05-02 18:00:00,2050-05-02 22:00:00,2050-05-02,4947.97,nan,1840.43,1892.66,1624.49
2050-05-02 19:00:00,2050-05-02 23:00:00,2050-05-02,4163.98,nan,1551.04,1596.27,1365.14
2050-05-02 20:00:00,2050-05-03 00:00:00,2050-05-02,3435.91,nan,1283.19,1320.53,1130.24
2050-05-02 21:00:00,2050-05-03 01:00:00,2050-05-02,2962.98,nan,1109.16,1140.55,977.3
2050-05-02 22:00:00,2050-05-03 02:00:00,2050-05-02,2573.77,nan,964.63,991.25,851.3
2050-05-02 23:00:00,2050-05-03 03:00:00,2050-05-02,2270.73,nan,851.78,874.73,752.53
2050-05-03 00:00:00,2050-05-03 04:00:00,2050-05-03,2011.85,nan,754.92,774.68,667.64
2050-05-03 01:00:00,2050-05-03 05:00:00,2050-05-03,1807.51,nan,678.39,695.77,600.42
2050-05-03 02:00:00,2050-05-03 06:00:00,2050-05-03,1655.46,nan,620.97,636.5,550.58
2050-05-03 03:00:00,2050-05-03 07:00:00,2050-05-03,1510.49,nan,565.94,579.88,503.18
2050-05-03 04:00:00,2050-05-03 08:00:00,2050-05-03,1385.48,nan,518.51,531.0,462.33
2050-05-03 05:00:00,2050-05-03 09:00:00,2050-05-03,1306.81,nan,489.06,500.7,435.49
2050-05-03 06:00:00,2050-05-03 10:00:00,2050-05-03,1203.47,nan,448.71,459.09,401.01
2050-05-03 07:00:00,2050-05-03 11:00:00,2050-05-03,1363.99,nan,507.91,520.24,447.25
2050-05-03 08:00:00,2050-05-03 12:00:00,2050-05-03,1738.37,nan,645.53,660.95,566.96
2050-05-03 09:00:00,2050-05-03 13:00:00,2050-05-03,2157.99,nan,798.9,817.21,705.75
2050-05-03 10:00:00,2050-05-03 14:00:00,2050-05-03,2282.5,nan,843.92,863.4,744.74
2050-05-03 11:00:00,2050-05-03 15:00:00,2050-05-03,2464.03,nan,912.78,934.15,800.73
2050-05-03 12:00:00,2050-05-03 16:00:00,2050-05-03,3029.65,nan,1130.93,1159.31,983.37
2050-05-03 13:00:00,2050-05-03 17:00:00,2050-05-03,3406.22,nan,1266.5,1299.78,1106.05
2050-05-03 14:00:00,2050-05-03 18:00:00,2050-05-03,3720.43,nan,1381.58,1418.84,1209.92
2050-05-03 15:00:00,2050-05-03 19:00:00,2050-05-03,3738.78,nan,1376.98,1415.31,1215.7
2050-05-03 16:00:00,2050-05-03 20:00:00,2050-05-03,4344.52,nan,1610.18,1656.45,1406.29
2050-05-03 17:00:00,2050-05-03 21:00:00,2050-05-03,4229.35,nan,1561.7,1604.88,1374.45
2050-05-03 18:00:00,2050-05-03 22:00:00,2050-05-03,4144.32,nan,1538.31,1581.04,1353.92
2050-05-03 19:00:00,2050-05-03 23:00:00,2050-05-03,3548.19,nan,1320.34,1357.8,1152.4
2050-05-03 20:00:00,2050-05-04 00:00:00,2050-05-03,2926.57,nan,1093.99,1124.56,953.03
2050-05-03 21:00:00,2050-05-04 01:00:00,2050-05-03,2429.78,nan,912.11,936.1,797.28
2050-05-03 22:00:00,2050-05-04 02:00:00,2050-05-03,1982.63,nan,746.46,764.83,656.32
2050-05-03 23:00:00,2050-05-04 03:00:00,2050-05-03,1608.1,nan,607.09,621.45,535.53
2050-05-04 00:00:00,2050-05-04 04:00:00,2050-05-04,1149.83,nan,435.45,445.32,382.32
2050-05-04 01:00:00,2050-05-04 05:00:00,2050-05-04,841.88,nan,321.83,328.69,285.14
2050-05-04 02:00:00,2050-05-04 06:00:00,2050-05-04,563.41,nan,216.6,219.78,194.07
2050-05-04 03:00:00,2050-05-04 07:00:00,2050-05-04,333.98,nan,128.73,128.89,117.74
2050-05-04 04:00:00,2050-05-04 08:00:00,2050-05-04,165.1,nan,60.94,58.77,61.63
2050-05-04 05:00:00,2050-05-04 09:00:00,2050-05-04,114.26,nan,42.55,39.9,44.26
2050-05-04 06:00:00,2050-05-04 10:00:00,2050-05-04,58.51,nan,20.54,17.59,23.77
2050-05-04 07:00:00,2050-05-04 11:00:00,2050-05-04,96.86,nan,35.57,33.33,36.5
2050-05-04 08:00:00,2050-05-04 12:00:00,2050-05-04,507.77,nan,192.23,195.09,171.04
2050-05-04 09:00:00,2050-05-04 13:00:00,2050-05-04,1585.87,nan,596.48,610.8,520.85
2050-05-04 10:00:00,2050-05-04 14:00:00,2050-05-04,2555.99,nan,958.0,983.48,831.34
2050-05-04 11:00:00,2050-05-04 15:00:00,2050-05-04,3477.1,nan,1302.94,1339.32,1128.93
2050-05-04 12:00:00,2050-05-04 16:00:00,2050-05-04,4138.07,nan,1549.83,1593.97,1344.3
2050-05-04 13:00:00,2050-05-04 17:00:00,2050-05-04,4531.67,nan,1698.31,1746.59,1475.55
2050-05-04 14:00:00,2050-05-04 18:00:00,2050-05-04,4918.54,nan,1839.96,1892.96,1603.56
2050-05-04 15:00:00,2050-05-04 19:00:00,2050-05-04,5212.62,nan,1951.82,2008.23,1700.48
2050-05-04 16:00:00,2050-05-04 20:00:00,2050-05-04,5322.48,nan,1997.12,2054.32,1736.12
2050-05-04 17:00:00,2050-05-04 21:00:00,2050-05-04,4686.28,nan,1753.87,1802.2,1532.31
2050-05-04 18:00:00,2050-05-04 22:00:00,2050-05-04,4387.51,nan,1653.68,1700.47,1438.24
2050-05-04 19:00:00,2050-05-04 23:00:00,2050-05-04,3678.34,nan,1392.11,1432.23,1203.04
2050-05-04 20:00:00,2050-05-05 00:00:00,2050-05-04,2831.97,nan,1077.25,1107.83,930.37
2050-05-04 21:00:00,2050-05-05 01:00:00,2050-05-04,2174.24,nan,832.46,855.0,720.12
2050-05-04 22:00:00,2050-05-05 02:00:00,2050-05-04,1579.92,nan,610.68,626.31,527.89
2050-05-04 23:00:00,2050-05-05 03:00:00,2050-05-04,984.59,nan,383.9,392.61,333.11
2050-05-05 00:00:00,2050-05-05 04:00:00,2050-05-05,504.06,nan,198.57,201.03,175.23
2050-05-05 01:00:00,2050-05-05 05:00:00,2050-05-05,210.56,nan,81.31,79.73,76.11
2050-05-05 02:00:00,2050-05-05 06:00:00,2050-05-05,75.74,nan,27.54,24.82,29.59
2050-05-05 03:00:00,2050-05-05 07:00:00,2050-05-05,33.0,nan,10.96,8.79,12.54
2050-05-05 04:00:00,2050-05-05 08:00:00,2050-05-05,19.7,nan,6.31,4.79,6.97
2050-05-05 05:00:00,2050-05-05 09:00:00,2050-05-05,20.31,nan,6.04,4.82,6.14
2050-05-05 06:00:00,2050-05-05 10:00:00,2050-05-05,73.24,nan,25.92,24.7,19.87
2050-05-05 07:00:00,2050-05-05 11:00:00,2050-05-05,41.53,nan,14.73,13.46,12.43
2050-05-05 08:00:00,2050-05-05 12:00:00,2050-05-05,32.04,nan,10.84,8.93,12.2
2050-05-05 09:00:00,2050-05-05 13:00:00,2050-05-05,217.43,nan,80.17,78.62,79.85
2050-05-05 10:00:00,2050-05-05 14:00:00,2050-05-05,635.95,nan,240.4,242.91,214.17
2050-05-05 11:00:00,2050-05-05 15:00:00,2050-05-05,1555.53,nan,586.43,600.39,510.76
2050-05-05 12:00:00,2050-05-05 16:00:00,2050-05-05,2447.22,nan,921.05,945.19,802.0
2050-05-05 13:00:00,2050-05-05 17:00:00,2050-05-05,3053.21,nan,1143.82,1175.49,1000.69
2050-05-05 14:00:00,2050-05-05 18:00:00,2050-05-05,3614.75,nan,1349.85,1388.27,1185.15
2050-05-05 15:00:00,2050-05-05 19:00:00,2050-05-05,4000.63,nan,1491.48,1534.49,1309.51
2050-05-05 16:00:00,2050-05-05 20:00:00,2050-05-05,4209.68,nan,1571.12,1616.55,1377.46
2050-05-05 17:00:00,2050-05-05 21:00:00,2050-05-05,4222.06,nan,1578.47,1624.06,1382.0
2050-05-05 18:00:00,2050-05-05 22:00:00,2050-05-05,4065.85,nan,1523.44,1567.34,1331.09
2050-05-05 19:00:00,2050-05-05 23:00:00,2050-05-05,3410.18,nan,1280.92,1318.81,1111.9
2050-05-05 20:00:00,2050-05-06 00:00:00,2050-05-05,2473.41,nan,932.79,959.79,810.76
2050-05-05 21:00:00,2050-05-06 01:00:00,2050-05-05,1880.34,nan,711.47,731.13,620.41
2050-05-05 22:00:00,2050-05-06 02:00:00,2050-05-05,1404.34,nan,533.33,547.0,466.71
2050-05-05 23:00:00,2050-05-06 03:00:00,2050-05-05,1026.23,nan,391.56,400.44,344.32
2050-05-06 00:00:00,2050-05-06 04:00:00,2050-05-06,701.07,nan,268.89,273.32,238.31
2050-05-06 01:00:00,2050-05-06 05:00:00,2050-05-06,440.67,nan,168.74,169.79,151.71
2050-05-06 02:00:00,2050-05-06 06:00:00,2050-05-06,262.89,nan,98.11,96.98,91.59
2050-05-06 03:00:00,2050-05-06 07:00:00,2050-05-06,170.13,nan,61.43,59.06,60.03
2050-05-06 04:00:00,2050-05-06 08:00:00,2050-05-06,129.82,nan,45.71,42.59,46.57
2050-05-06 05:00:00,2050-05-06 09:00:00,2050-05-06,99.85,nan,33.86,30.62,36.34
2050-05-06 06:00:00,2050-05-06 10:00:00,2050-05-06,89.72,nan,30.26,27.51,32.59
2050-05-06 07:00:00,2050-05-06 11:00:00,2050-05-06,209.45,nan,77.45,76.21,71.89
2050-05-06 08:00:00,2050-05-06 12:00:00,2050-05-06,675.06,nan,258.43,260.86,225.68
2050-05-06 09:00:00,2050-05-06 13:00:00,2050-05-06,1395.64,nan,531.12,539.86,461.53
2050-05-06 10:00:00,2050-05-06 14:00:00,2050-05-06,1790.0,nan,676.97,690.04,589.12
2050-05-06 11:00:00,2050-05-06 15:00:00,2050-05-06,2227.27,nan,838.54,857.0,730.05
2050-05-06 12:00:00,2050-05-06 16:00:00,2050-05-06,2905.12,nan,1093.23,1120.47,947.94
2050-05-06 13:00:00,2050-05-06 17:00:00,2050-05-06,3560.86,nan,1339.95,1375.55,1161.39
2050-05-06 14:00:00,2050-05-06 18:00:00,2050-05-06,4271.52,nan,1607.47,1652.45,1394.13
2050-05-06 15:00:00,2050-05-06 19:00:00,2050-05-06,4770.46,nan,1802.48,1854.17,1554.86
2050-05-06 16:00:00,2050-05-06 20:00:00,2050-05-06,5241.98,nan,1985.77,2043.51,1707.67
2050-05-06 17:00:00,2050-05-06 21:00:00,2050-05-06,5488.18,nan,2079.94,2140.87,1784.52
2050-05-06 18:00:00,2050-05-06 22:00:00,2050-05-06,5544.4,nan,2098.21,2160.51,1802.18
2050-05-06 19:00:00,2050-05-06 23:00:00,2050-05-06,5079.77,nan,1924.56,1983.21,1643.83
2050-05-06 20:00:00,2050-05-07 00:00:00,2050-05-06,4046.38,nan,1534.82,1581.18,1312.36
2050-05-06 21:00:00,2050-05-07 01:00:00,2050-05-06,3191.21,nan,1209.13,1244.3,1039.48
2050-05-06 22:00:00,2050-05-07 02:00:00,2050-05-06,2301.09,nan,875.89,900.4,753.76
2050-05-06 23:00:00,2050-05-07 03:00:00,2050-05-06,1421.68,nan,542.34,556.39,471.07
2050-05-07 00:00:00,2050-05-07 04:00:00,2050-05-07,711.45,nan,274.29,279.83,242.43
2050-05-07 01:00:00,2050-05-07 05:00:00,2050-05-07,210.31,nan,79.76,78.72,76.21
2050-05-07 02:00:00,2050-05-07 06:00:00,2050-05-07,56.95,nan,19.77,17.44,22.68
2050-05-07 03:00:00,2050-05-07 07:00:00,2050-05-07,22.89,nan,7.46,5.82,8.52
2050-05-07 04:00:00,2050-05-07 08:00:00,2050-05-07,14.28,nan,4.52,3.39,5.28
2050-05-07 05:00:00,2050-05-07 09:00:00,2050-05-07,36.05,nan,11.9,11.22,9.88
2050-05-07 06:00:00,2050-05-07 10:00:00,2050-05-07,233.59,nan,84.83,86.22,66.62
2050-05-07 07:00:00,2050-05-07 11:00:00,2050-05-07,179.67,nan,66.32,67.18,54.64
2050-05-07 08:00:00,2050-05-07 12:00:00,2050-05-07,59.2,nan,21.6,20.7,19.88
2050-05-07 09:00:00,2050-05-07 13:00:00,2050-05-07,54.4,nan,18.91,16.41,22.84
2050-05-07 10:00:00,2050-05-07 14:00:00,2050-05-07,167.59,nan,63.68,61.62,64.11
2050-05-07 11:00:00,2050-05-07 15:00:00,2050-05-07,347.81,nan,128.98,127.71,127.89
2050-05-07 12:00:00,2050-05-07 16:00:00,2050-05-07,830.29,nan,329.43,333.95,285.82
2050-05-07 13:00:00,2050-05-07 17:00:00,2050-05-07,1545.44,nan,585.29,597.5,521.84
2050-05-07 14:00:00,2050-05-07 18:00:00,2050-05-07,2077.03,nan,785.84,804.96,694.91
2050-05-07 15:00:00,2050-05-07 19:00:00,2050-05-07,2697.16,nan,1015.38,1042.65,894.72
2050-05-07 16:00:00,2050-05-07 20:00:00,2050-05-07,3102.11,nan,1163.85,1196.59,1027.65
2050-05-07 17:00:00,2050-05-07 21:00:00,2050-05-07,3206.93,nan,1200.26,1234.52,1060.07
2050-05-07 18:00:00,2050-05-07 22:00:00,2050-05-07,3063.24,nan,1147.29,1179.75,1012.77
2050-05-07 19:00:00,2050-05-07 23:00:00,2050-05-07,2321.7,nan,869.3,893.95,765.52
2050-05-07 20:00:00,2050-05-08 00:00:00,2050-05-07,1401.27,nan,529.5,543.67,468.74
2050-05-07 21:00:00,2050-05-08 01:00:00,2050-05-07,793.11,nan,305.48,311.97,274.01
2050-05-07 22:00:00,2050-05-08 02:00:00,2050-05-07,356.67,nan,139.97,140.73,129.49
2050-05-07 23:00:00,2050-05-08 03:00:00,2050-05-07,145.06,nan,55.64,53.45,56.78
2050-05-08 00:00:00,2050-05-08 04:00:00,2050-05-08,85.12,nan,31.58,28.98,34.09
2050-05-08 01:00:00,2050-05-08 05:00:00,2050-05-08,58.25,nan,20.45,17.93,23.22
2050-05-08 02:00:00,2050-05-08 06:00:00,2050-05-08,47.27,nan,15.59,13.07,17.61
2050-05-08 03:00:00,2050-05-08 07:00:00,2050-05-08,46.83,nan,15.38,12.88,17.16
2050-05-08 04:00:00,2050-05-08 08:00:00,2050-05-08,42.15,nan,13.56,10.94,15.19
2050-05-08 05:00:00,2050-05-08 09:00:00,2050-05-08,41.56,nan,13.18,10.32,14.71
2050-05-08 06:00:00,2050-05-08 10:00:00,2050-05-08,51.87,nan,16.65,13.46,17.94
2050-05-08 07:00:00,2050-05-08 11:00:00,2050-05-08,61.36,nan,20.62,17.48,22.87
2050-05-08 08:00:00,2050-05-08 12:00:00,2050-05-08,117.05,nan,41.32,37.84,43.75
2050-05-08 09:00:00,2050-05-08 13:00:00,2050-05-08,451.83,nan,173.02,171.29,157.14
2050-05-08 10:00:00,2050-05-08 14:00:00,2050-05-08,924.47,nan,358.91,360.97,317.71
2050-05-08 11:00:00,2050-05-08 15:00:00,2050-05-08,1364.74,nan,518.02,527.11,457.78
2050-05-08 12:00:00,2050-05-08 16:00:00,2050-05-08,1733.51,nan,650.03,662.27,578.22
2050-05-08 13:00:00,2050-05-08 17:00:00,2050-05-08,1905.57,nan,715.4,730.31,634.3
2050-05-08 14:00:00,2050-05-08 18:00:00,2050-05-08,2263.32,nan,855.64,874.83,749.5
2050-05-08 15:00:00,2050-05-08 19:00:00,2050-05-08,3001.88,nan,1135.45,1164.26,983.86
2050-05-08 16:00:00,2050-05-08 20:00:00,2050-05-08,3575.33,nan,1346.76,1382.53,1166.74
2050-05-08 17:00:00,2050-05-08 21:00:00,2050-05-08,3889.56,nan,1461.58,1500.63,1267.77
2050-05-08 18:00:00,2050-05-08 22:00:00,2050-05-08,3819.85,nan,1433.25,1471.41,1245.08
2050-05-08 19:00:00,2050-05-08 23:00:00,2050-05-08,3283.58,nan,1233.64,1268.4,1067.23
2050-05-08 20:00:00,2050-05-09 00:00:00,2050-05-08,2184.82,nan,821.25,842.98,716.35
2050-05-08 21:00:00,2050-05-09 01:00:00,2050-05-08,1115.09,nan,419.66,428.43,374.1
2050-05-08 22:00:00,2050-05-09 02:00:00,2050-05-08,196.76,nan,74.4,72.94,78.97
2050-05-08 23:00:00,2050-05-09 03:00:00,2050-05-08,31.79,nan,11.66,9.96,14.99
2050-05-09 00:00:00,2050-05-09 04:00:00,2050-05-09,10.07,nan,3.56,2.93,4.85
2050-05-09 01:00:00,2050-05-09 05:00:00,2050-05-09,67.74,nan,23.72,24.44,19.27
2050-05-09 02:00:00,2050-05-09 06:00:00,2050-05-09,580.17,nan,219.25,227.33,170.35
2050-05-09 03:00:00,2050-05-09 07:00:00,2050-05-09,1099.77,nan,413.44,428.72,332.37
2050-05-09 04:00:00,2050-05-09 08:00:00,2050-05-09,1608.98,nan,605.16,627.21,491.56
2050-05-09 05:00:00,2050-05-09 09:00:00,2050-05-09,2104.42,nan,791.38,819.24,648.78
2050-05-09 06:00:00,2050-05-09 10:00:00,2050-05-09,2507.31,nan,942.9,975.88,778.29
2050-05-09 07:00:00,2050-05-09 11:00:00,2050-05-09,2334.0,nan,878.08,908.5,731.71
2050-05-09 08:00:00,2050-05-09 12:00:00,2050-05-09,1903.62,nan,714.61,739.41,597.12
2050-05-09 09:00:00,2050-05-09 13:00:00,2050-05-09,1287.32,nan,479.16,496.3,404.36
2050-05-09 10:00:00,2050-05-09 14:00:00,2050-05-09,877.88,nan,324.7,336.41,276.55
2050-05-09 11:00:00,2050-05-09 15:00:00,2050-05-09,498.69,nan,181.48,187.55,158.49
2050-05-09 12:00:00,2050-05-09 16:00:00,2050-05-09,221.89,nan,76.86,78.8,71.01
2050-05-09 13:00:00,2050-05-09 17:00:00,2050-05-09,112.03,nan,37.83,37.85,35.66
2050-05-09 14:00:00,2050-05-09 18:00:00,2050-05-09,50.96,nan,18.46,16.02,23.2
2050-05-09 15:00:00,2050-05-09 19:00:00,2050-05-09,61.73,nan,24.12,21.18,28.91
2050-05-09 16:00:00,2050-05-09 20:00:00,2050-05-09,75.0,nan,29.55,25.9,35.41
2050-05-09 17:00:00,2050-05-09 21:00:00,2050-05-09,84.41,nan,33.3,29.42,39.66
2050-05-09 18:00:00,2050-05-09 22:00:00,2050-05-09,86.14,nan,33.88,30.32,40.29
2050-05-09 19:00:00,2050-05-09 23:00:00,2050-05-09,30.99,nan,12.62,11.31,15.07
2050-05-09 20:00:00,2050-05-10 00:00:00,2050-05-09,119.45,nan,38.74,39.52,33.6
2050-05-09 21:00:00,2050-05-10 01:00:00,2050-05-09,466.68,nan,160.07,165.03,139.92
2050-05-09 22:00:00,2050-05-10 02:00:00,2050-05-09,959.27,nan,344.5,356.38,291.77
2050-05-09 23:00:00,2050-05-10 03:00:00,2050-05-09,1392.97,nan,507.04,525.08,426.52
2050-05-10 00:00:00,2050-05-10 04:00:00,2050-05-10,1800.13,nan,661.55,685.16,554.65
2050-05-10 01:00:00,2050-05-10 05:00:00,2050-05-10,2162.77,nan,799.7,828.03,670.52
2050-05-10 02:00:00,2050-05-10 06:00:00,2050-05-10,2479.42,nan,919.56,951.97,772.43
2050-05-10 03:00:00,2050-05-10 07:00:00,2050-05-10,2756.22,nan,1022.55,1058.51,860.45
2050-05-10 04:00:00,2050-05-10 08:00:00,2050-05-10,3044.31,nan,1128.53,1168.2,952.92
2050-05-10 05:00:00,2050-05-10 09:00:00,2050-05-10,3348.85,nan,1241.92,1285.34,1050.97
2050-05-10 06:00:00,2050-05-10 10:00:00,2050-05-10,3601.05,nan,1336.36,1382.85,1132.86
2050-05-10 07:00:00,2050-05-10 11:00:00,2050-05-10,3248.25,nan,1204.51,1246.18,1027.65
2050-05-10 08:00:00,2050-05-10 12:00:00,2050-05-10,2681.66,nan,991.0,1025.28,846.71
2050-05-10 09:00:00,2050-05-10 13:00:00,2050-05-10,1905.75,nan,699.35,724.3,595.52
2050-05-10 10:00:00,2050-05-10 14:00:00,2050-05-10,1302.96,nan,473.06,490.23,406.9
2050-05-10 11:00:00,2050-05-10 15:00:00,2050-05-10,764.23,nan,273.37,282.87,240.26
2050-05-10 12:00:00,2050-05-10 16:00:00,2050-05-10,329.75,nan,112.19,115.35,104.7
2050-05-10 13:00:00,2050-05-10 17:00:00,2050-05-10,100.12,nan,32.33,31.95,31.97
2050-05-10 14:00:00,2050-05-10 18:00:00,2050-05-10,50.16,nan,19.98,17.35,25.81
2050-05-10 15:00:00,2050-05-10 19:00:00,2050-05-10,83.25,nan,33.05,29.24,39.25
2050-05-10 16:00:00,2050-05-10 20:00:00,2050-05-10,109.33,nan,43.96,39.34,50.63
2050-05-10 17:00:00,2050-05-10 21:00:00,2050-05-10,232.6,nan,96.77,93.88,92.13
2050-05-10 18:00:00,2050-05-10 22:00:00,2050-05-10,324.31,nan,135.18,134.67,120.86
2050-05-10 19:00:00,2050-05-10 23:00:00,2050-05-10,73.01,nan,30.11,27.45,35.65
2050-05-10 20:00:00,2050-05-11 00:00:00,2050-05-10,19.75,nan,8.29,7.44,10.98
2050-05-10 21:00:00,2050-05-11 01:00:00,2050-05-10,6.33,nan,2.52,2.27,3.54
2050-05-10 22:00:00,2050-05-11 02:00:00,2050-05-10,151.18,nan,51.51,52.53,43.54
2050-05-10 23:00:00,2050-05-11 03:00:00,2050-05-10,565.3,nan,204.23,210.84,170.45
2050-05-11 00:00:00,2050-05-11 04:00:00,2050-05-11,1042.18,nan,382.11,395.43,318.13
2050-05-11 01:00:00,2050-05-11 05:00:00,2050-05-11,1523.8,nan,562.82,582.99,468.49
2050-05-11 02:00:00,2050-05-11 06:00:00,2050-05-11,1956.53,nan,725.62,751.28,605.62
2050-05-11 03:00:00,2050-05-11 07:00:00,2050-05-11,2334.17,nan,867.17,897.35,726.85
2050-05-11 04:00:00,2050-05-11 08:00:00,2050-05-11,2668.05,nan,991.85,1026.09,834.4
2050-05-11 05:00:00,2050-05-11 09:00:00,2050-05-11,2964.33,nan,1102.9,1140.78,930.14
2050-05-11 06:00:00,2050-05-11 10:00:00,2050-05-11,3188.63,nan,1187.95,1228.56,1003.82
2050-05-11 07:00:00,2050-05-11 11:00:00,2050-05-11,2745.22,nan,1023.92,1058.52,870.46
2050-05-11 08:00:00,2050-05-11 12:00:00,2050-05-11,2064.31,nan,766.58,792.73,653.51
2050-05-11 09:00:00,2050-05-11 13:00:00,2050-05-11,1277.02,nan,470.76,487.81,401.3
2050-05-11 10:00:00,2050-05-11 14:00:00,2050-05-11,759.16,nan,278.39,288.32,241.14
2050-05-11 11:00:00,2050-05-11 15:00:00,2050-05-11,317.63,nan,115.14,118.65,103.24
2050-05-11 12:00:00,2050-05-11 16:00:00,2050-05-11,40.68,nan,14.49,13.38,15.18
2050-05-11 13:00:00,2050-05-11 17:00:00,2050-05-11,32.86,nan,12.56,10.54,17.65
2050-05-11 14:00:00,2050-05-11 18:00:00,2050-05-11,70.09,nan,28.06,25.0,34.05
2050-05-11 15:00:00,2050-05-11 19:00:00,2050-05-11,88.37,nan,34.73,30.42,42.48
2050-05-11 16:00:00,2050-05-11 20:00:00,2050-05-11,99.54,nan,39.42,35.14,48.38
2050-05-11 17:00:00,2050-05-11 21:00:00,2050-05-11,107.53,nan,42.24,38.35,52.95
2050-05-11 18:00:00,2050-05-11 22:00:00,2050-05-11,87.18,nan,34.57,30.61,42.69
2050-05-11 19:00:00,2050-05-11 23:00:00,2050-05-11,39.95,nan,16.27,14.63,20.98
2050-05-11 20:00:00,2050-05-12 00:00:00,2050-05-11,9.36,nan,3.76,3.34,5.75
2050-05-11 21:00:00,2050-05-12 01:00:00,2050-05-11,5.01,nan,1.98,1.76,3.06
2050-05-11 22:00:00,2050-05-12 02:00:00,2050-05-11,7.61,nan,2.16,2.04,2.95
2050-05-11 23:00:00,2050-05-12 03:00:00,2050-05-11,74.22,nan,23.11,23.81,19.74
2050-05-12 00:00:00,2050-05-12 04:00:00,2050-05-12,238.41,nan,82.37,85.38,68.0
2050-05-12 01:00:00,2050-05-12 05:00:00,2050-05-12,441.8,nan,159.05,165.14,130.61
2050-05-12 02:00:00,2050-05-12 06:00:00,2050-05-12,661.29,nan,241.22,250.7,198.51
2050-05-12 03:00:00,2050-05-12 07:00:00,2050-05-12,920.16,nan,338.91,352.73,278.25
2050-05-12 04:00:00,2050-05-12 08:00:00,2050-05-12,1177.03,nan,436.1,453.76,359.06
2050-05-12 05:00:00,2050-05-12 09:00:00,2050-05-12,1369.11,nan,509.33,529.3,420.27
2050-05-12 06:00:00,2050-05-12 10:00:00,2050-05-12,1530.14,nan,569.17,591.42,472.96
2050-05-12 07:00:00,2050-05-12 11:00:00,2050-05-12,1551.37,nan,573.89,596.29,481.76
2050-05-12 08:00:00,2050-05-12 12:00:00,2050-05-12,1346.2,nan,494.49,514.23,415.86
2050-05-12 09:00:00,2050-05-12 13:00:00,2050-05-12,1054.17,nan,382.81,397.3,324.08
2050-05-12 10:00:00,2050-05-12 14:00:00,2050-05-12,966.9,nan,347.42,360.63,296.17
2050-05-12 11:00:00,2050-05-12 15:00:00,2050-05-12,878.36,nan,311.68,323.14,268.04
2050-05-12 12:00:00,2050-05-12 16:00:00,2050-05-12,719.74,nan,248.54,256.76,217.65
2050-05-12 13:00:00,2050-05-12 17:00:00,2050-05-12,462.47,nan,148.14,151.39,137.09
2050-05-12 14:00:00,2050-05-12 18:00:00,2050-05-12,286.29,nan,85.66,85.34,81.49
2050-05-12 15:00:00,2050-05-12 19:00:00,2050-05-12,210.01,nan,58.8,56.32,64.66
2050-05-12 16:00:00,2050-05-12 20:00:00,2050-05-12,296.23,nan,96.54,94.66,96.66
2050-05-12 17:00:00,2050-05-12 21:00:00,2050-05-12,405.9,nan,147.37,146.76,137.65
2050-05-12 18:00:00,2050-05-12 22:00:00,2050-05-12,424.33,nan,155.27,155.91,144.77
2050-05-12 19:00:00,2050-05-12 23:00:00,2050-05-12,191.48,nan,51.81,52.24,62.97
2050-05-12 20:00:00,2050-05-13 00:00:00,2050-05-12,173.49,nan,37.7,39.63,49.36
2050-05-12 21:00:00,2050-05-13 01:00:00,2050-05-12,222.65,nan,52.09,55.88,60.96
2050-05-12 22:00:00,2050-05-13 02:00:00,2050-05-12,309.12,nan,80.49,85.67,85.37
2050-05-12 23:00:00,2050-05-13 03:00:00,2050-05-12,455.81,nan,131.99,138.72,130.25
2050-05-13 00:00:00,2050-05-13 04:00:00,2050-05-13,657.28,nan,209.73,218.92,193.27
2050-05-13 01:00:00,2050-05-13 05:00:00,2050-05-13,886.18,nan,299.11,311.66,265.35
2050-05-13 02:00:00,2050-05-13 06:00:00,2050-05-13,1069.35,nan,370.67,385.78,323.46
2050-05-13 03:00:00,2050-05-13 07:00:00,2050-05-13,1218.73,nan,429.99,447.1,371.04
2050-05-13 04:00:00,2050-05-13 08:00:00,2050-05-13,1334.28,nan,475.25,494.0,407.98
2050-05-13 05:00:00,2050-05-13 09:00:00,2050-05-13,1450.87,nan,518.48,539.08,444.23
2050-05-13 06:00:00,2050-05-13 10:00:00,2050-05-13,1646.65,nan,594.13,617.02,506.49
2050-05-13 07:00:00,2050-05-13 11:00:00,2050-05-13,1284.47,nan,461.55,479.48,399.32
2050-05-13 08:00:00,2050-05-13 12:00:00,2050-05-13,738.68,nan,258.92,269.24,230.53
2050-05-13 09:00:00,2050-05-13 13:00:00,2050-05-13,203.31,nan,64.25,66.38,66.61
2050-05-13 10:00:00,2050-05-13 14:00:00,2050-05-13,28.11,nan,10.09,8.55,12.56
2050-05-13 11:00:00,2050-05-13 15:00:00,2050-05-13,51.87,nan,19.41,16.51,23.43
2050-05-13 12:00:00,2050-05-13 16:00:00,2050-05-13,94.15,nan,36.25,31.41,42.37
2050-05-13 13:00:00,2050-05-13 17:00:00,2050-05-13,401.06,nan,166.13,164.2,144.25
2050-05-13 14:00:00,2050-05-13 18:00:00,2050-05-13,1060.42,nan,410.99,416.78,361.46
2050-05-13 15:00:00,2050-05-13 19:00:00,2050-05-13,1629.87,nan,627.8,640.55,546.2
2050-05-13 16:00:00,2050-05-13 20:00:00,2050-05-13,1987.79,nan,762.48,780.1,664.58
2050-05-13 17:00:00,2050-05-13 21:00:00,2050-05-13,2060.81,nan,788.09,807.03,689.1
2050-05-13 18:00:00,2050-05-13 22:00:00,2050-05-13,2022.17,nan,771.07,790.85,674.69
2050-05-13 19:00:00,2050-05-13 23:00:00,2050-05-13,1494.77,nan,572.59,587.66,496.2
2050-05-13 20:00:00,2050-05-14 00:00:00,2050-05-13,706.58,nan,279.7,285.85,242.99
2050-05-13 21:00:00,2050-05-14 01:00:00,2050-05-13,252.98,nan,103.74,103.27,93.9
2050-05-13 22:00:00,2050-05-14 02:00:00,2050-05-13,71.73,nan,28.63,26.03,31.72
2050-05-13 23:00:00,2050-05-14 03:00:00,2050-05-13,43.26,nan,16.77,14.65,19.7
2050-05-14 00:00:00,2050-05-14 04:00:00,2050-05-14,25.62,nan,9.47,8.05,11.74
2050-05-14 01:00:00,2050-05-14 05:00:00,2050-05-14,16.35,nan,5.78,4.79,7.24
2050-05-14 02:00:00,2050-05-14 06:00:00,2050-05-14,14.33,nan,4.6,3.83,5.82
2050-05-14 03:00:00,2050-05-14 07:00:00,2050-05-14,16.0,nan,4.62,4.12,5.46
2050-05-14 04:00:00,2050-05-14 08:00:00,2050-05-14,25.82,nan,7.27,7.1,7.37
2050-05-14 05:00:00,2050-05-14 09:00:00,2050-05-14,45.67,nan,13.02,13.3,12.22
2050-05-14 06:00:00,2050-05-14 10:00:00,2050-05-14,71.44,nan,21.36,22.14,19.4
2050-05-14 07:00:00,2050-05-14 11:00:00,2050-05-14,90.08,nan,27.54,28.53,24.88
2050-05-14 08:00:00,2050-05-14 12:00:00,2050-05-14,62.03,nan,17.75,17.59,17.35
2050-05-14 09:00:00,2050-05-14 13:00:00,2050-05-14,49.17,nan,15.21,12.85,17.74
2050-05-14 10:00:00,2050-05-14 14:00:00,2050-05-14,64.94,nan,23.32,19.49,27.89
2050-05-14 11:00:00,2050-05-14 15:00:00,2050-05-14,146.45,nan,55.48,50.22,59.27
2050-05-14 12:00:00,2050-05-14 16:00:00,2050-05-14,521.02,nan,209.78,208.6,183.56
2050-05-14 13:00:00,2050-05-14 17:00:00,2050-05-14,1198.47,nan,473.67,480.92,405.48
2050-05-14 14:00:00,2050-05-14 18:00:00,2050-05-14,2010.95,nan,778.55,796.04,667.19
2050-05-14 15:00:00,2050-05-14 19:00:00,2050-05-14,2758.92,nan,1050.88,1077.46,906.77
2050-05-14 16:00:00,2050-05-14 20:00:00,2050-05-14,3381.5,nan,1279.06,1314.16,1107.28
2050-05-14 17:00:00,2050-05-14 21:00:00,2050-05-14,3643.57,nan,1378.72,1416.99,1197.0
2050-05-14 18:00:00,2050-05-14 22:00:00,2050-05-14,3262.01,nan,1242.53,1275.77,1077.13
2050-05-14 19:00:00,2050-05-14 23:00:00,2050-05-14,2776.37,nan,1055.34,1085.24,910.23
2050-05-14 20:00:00,2050-05-15 00:00:00,2050-05-14,2276.41,nan,872.37,897.08,748.83
2050-05-14 21:00:00,2050-05-15 01:00:00,2050-05-14,1870.07,nan,719.71,738.98,618.08
2050-05-14 22:00:00,2050-05-15 02:00:00,2050-05-14,1436.72,nan,555.69,570.02,478.57
2050-05-14 23:00:00,2050-05-15 03:00:00,2050-05-14,1100.6,nan,427.2,437.02,369.07
2050-05-15 00:00:00,2050-05-15 04:00:00,2050-05-15,831.34,nan,325.1,331.92,280.51
2050-05-15 01:00:00,2050-05-15 05:00:00,2050-05-15,536.15,nan,210.32,212.81,179.72
2050-05-15 02:00:00,2050-05-15 06:00:00,2050-05-15,359.31,nan,141.89,142.42,120.91
2050-05-15 03:00:00,2050-05-15 07:00:00,2050-05-15,229.56,nan,90.38,88.91,77.72
2050-05-15 04:00:00,2050-05-15 08:00:00,2050-05-15,86.79,nan,31.6,28.54,31.17
2050-05-15 05:00:00,2050-05-15 09:00:00,2050-05-15,42.94,nan,14.4,11.53,15.57
2050-05-15 06:00:00,2050-05-15 10:00:00,2050-05-15,27.56,nan,8.72,6.5,9.21
2050-05-15 07:00:00,2050-05-15 11:00:00,2050-05-15,33.83,nan,11.53,9.37,11.89
2050-05-15 08:00:00,2050-05-15 12:00:00,2050-05-15,120.23,nan,45.93,43.59,42.8
2050-05-15 09:00:00,2050-05-15 13:00:00,2050-05-15,481.8,nan,186.64,187.04,164.16
2050-05-15 10:00:00,2050-05-15 14:00:00,2050-05-15,964.14,nan,369.69,375.95,319.33
2050-05-15 11:00:00,2050-05-15 15:00:00,2050-05-15,1597.27,nan,606.43,619.81,523.35
2050-05-15 12:00:00,2050-05-15 16:00:00,2050-05-15,2141.09,nan,810.62,830.23,700.22
2050-05-15 13:00:00,2050-05-15 17:00:00,2050-05-15,2570.83,nan,971.76,995.98,841.12
2050-05-15 14:00:00,2050-05-15 18:00:00,2050-05-15,3081.16,nan,1164.35,1194.11,1006.81
2050-05-15 15:00:00,2050-05-15 19:00:00,2050-05-15,3590.14,nan,1354.3,1390.14,1170.84
2050-05-15 16:00:00,2050-05-15 20:00:00,2050-05-15,3996.21,nan,1505.82,1546.17,1301.12
2050-05-15 17:00:00,2050-05-15 21:00:00,2050-05-15,4228.74,nan,1592.56,1635.78,1376.09
2050-05-15 18:00:00,2050-05-15 22:00:00,2050-05-15,4303.03,nan,1619.25,1663.46,1399.48
2050-05-15 19:00:00,2050-05-15 23:00:00,2050-05-15,3830.06,nan,1441.75,1482.62,1239.04
2050-05-15 20:00:00,2050-05-16 00:00:00,2050-05-15,2921.46,nan,1103.1,1134.29,947.24
2050-05-15 21:00:00,2050-05-16 01:00:00,2050-05-15,2150.44,nan,813.12,835.29,700.55
2050-05-15 22:00:00,2050-05-16 02:00:00,2050-05-15,1468.7,nan,556.22,570.29,481.36
2050-05-15 23:00:00,2050-05-16 03:00:00,2050-05-15,865.37,nan,330.36,337.23,288.61
2050-05-16 00:00:00,2050-05-16 04:00:00,2050-05-16,360.91,nan,138.72,139.42,124.29
2050-05-16 01:00:00,2050-05-16 05:00:00,2050-05-16,116.04,nan,42.91,40.33,42.7
2050-05-16 02:00:00,2050-05-16 06:00:00,2050-05-16,48.22,nan,16.46,13.83,18.37
2050-05-16 03:00:00,2050-05-16 07:00:00,2050-05-16,28.13,nan,9.04,7.02,9.98
2050-05-16 04:00:00,2050-05-16 08:00:00,2050-05-16,19.76,nan,6.26,4.72,6.87
2050-05-16 05:00:00,2050-05-16 09:00:00,2050-05-16,14.67,nan,4.42,3.25,5.03
2050-05-16 06:00:00,2050-05-16 10:00:00,2050-05-16,31.77,nan,10.69,9.78,9.3
2050-05-16 07:00:00,2050-05-16 11:00:00,2050-05-16,14.61,nan,4.93,3.94,5.76
2050-05-16 08:00:00,2050-05-16 12:00:00,2050-05-16,33.25,nan,11.36,9.47,12.77
2050-05-16 09:00:00,2050-05-16 13:00:00,2050-05-16,181.5,nan,67.51,64.56,68.87
2050-05-16 10:00:00,2050-05-16 14:00:00,2050-05-16,472.51,nan,178.08,177.94,164.24
2050-05-16 11:00:00,2050-05-16 15:00:00,2050-05-16,1162.15,nan,436.88,444.82,382.69
2050-05-16 12:00:00,2050-05-16 16:00:00,2050-05-16,1803.76,nan,676.67,691.55,590.43
2050-05-16 13:00:00,2050-05-16 17:00:00,2050-05-16,2241.13,nan,836.18,855.9,732.26
2050-05-16 14:00:00,2050-05-16 18:00:00,2050-05-16,2802.63,nan,1044.61,1071.37,913.78
2050-05-16 15:00:00,2050-05-16 19:00:00,2050-05-16,3332.19,nan,1242.37,1275.46,1084.85
2050-05-16 16:00:00,2050-05-16 20:00:00,2050-05-16,3784.62,nan,1412.38,1451.19,1231.18
2050-05-16 17:00:00,2050-05-16 21:00:00,2050-05-16,4061.21,nan,1517.59,1560.0,1321.06
2050-05-16 18:00:00,2050-05-16 22:00:00,2050-05-16,4176.18,nan,1561.41,1605.33,1358.27
2050-05-16 19:00:00,2050-05-16 23:00:00,2050-05-16,3771.37,nan,1411.83,1453.09,1220.4
2050-05-16 20:00:00,2050-05-17 00:00:00,2050-05-16,2919.07,nan,1096.39,1128.42,946.45
2050-05-16 21:00:00,2050-05-17 01:00:00,2050-05-16,2210.49,nan,830.51,854.2,719.77
2050-05-16 22:00:00,2050-05-17 02:00:00,2050-05-16,1592.39,nan,598.55,615.09,521.94
2050-05-16 23:00:00,2050-05-17 03:00:00,2050-05-16,1054.53,nan,396.39,406.38,352.61
2050-05-17 00:00:00,2050-05-17 04:00:00,2050-05-17,512.41,nan,194.66,198.22,176.97
2050-05-17 01:00:00,2050-05-17 05:00:00,2050-05-17,141.97,nan,52.21,50.06,53.47
2050-05-17 02:00:00,2050-05-17 06:00:00,2050-05-17,51.2,nan,17.75,15.14,20.61
2050-05-17 03:00:00,2050-05-17 07:00:00,2050-05-17,26.25,nan,8.7,6.82,9.85
2050-05-17 04:00:00,2050-05-17 08:00:00,2050-05-17,17.62,nan,5.75,4.4,6.55
2050-05-17 05:00:00,2050-05-17 09:00:00,2050-05-17,29.1,nan,9.64,8.55,8.48
2050-05-17 06:00:00,2050-05-17 10:00:00,2050-05-17,97.72,nan,35.76,35.13,28.15
2050-05-17 07:00:00,2050-05-17 11:00:00,2050-05-17,62.93,nan,23.8,23.0,20.12
2050-05-17 08:00:00,2050-05-17 12:00:00,2050-05-17,24.84,nan,8.56,6.85,9.87
2050-05-17 09:00:00,2050-05-17 13:00:00,2050-05-17,95.36,nan,30.03,26.58,40.45
2050-05-17 10:00:00,2050-05-17 14:00:00,2050-05-17,269.35,nan,96.79,94.99,97.86
2050-05-17 11:00:00,2050-05-17 15:00:00,2050-05-17,564.23,nan,186.67,188.96,189.95
2050-05-17 12:00:00,2050-05-17 16:00:00,2050-05-17,1361.78,nan,493.15,503.41,450.94
2050-05-17 13:00:00,2050-05-17 17:00:00,2050-05-17,1771.49,nan,646.52,662.82,582.52
2050-05-17 14:00:00,2050-05-17 18:00:00,2050-05-17,2298.15,nan,845.29,867.52,757.87
2050-05-17 15:00:00,2050-05-17 19:00:00,2050-05-17,2688.24,nan,993.68,1020.76,886.74
2050-05-17 16:00:00,2050-05-17 20:00:00,2050-05-17,2746.52,nan,1012.43,1040.0,905.49
2050-05-17 17:00:00,2050-05-17 21:00:00,2050-05-17,2719.85,nan,1008.11,1035.4,899.54
2050-05-17 18:00:00,2050-05-17 22:00:00,2050-05-17,2576.57,nan,952.28,977.84,854.01
2050-05-17 19:00:00,2050-05-17 23:00:00,2050-05-17,1922.51,nan,709.01,728.52,635.92
2050-05-17 20:00:00,2050-05-18 00:00:00,2050-05-17,1308.42,nan,484.99,497.79,437.49
2050-05-17 21:00:00,2050-05-18 01:00:00,2050-05-17,833.18,nan,309.47,316.13,284.82
2050-05-17 22:00:00,2050-05-18 02:00:00,2050-05-17,422.51,nan,159.22,160.95,151.99
2050-05-17 23:00:00,2050-05-18 03:00:00,2050-05-17,167.36,nan,63.55,61.74,65.62
2050-05-18 00:00:00,2050-05-18 04:00:00,2050-05-18,82.74,nan,30.29,27.47,34.39
2050-05-18 01:00:00,2050-05-18 05:00:00,2050-05-18,53.02,nan,18.74,15.99,22.14
2050-05-18 02:00:00,2050-05-18 06:00:00,2050-05-18,39.1,nan,13.35,10.94,15.67
2050-05-18 03:00:00,2050-05-18 07:00:00,2050-05-18,29.64,nan,9.66,7.55,11.13
2050-05-18 04:00:00,2050-05-18 08:00:00,2050-05-18,23.39,nan,7.41,5.59,8.2
2050-05-18 05:00:00,2050-05-18 09:00:00,2050-05-18,19.98,nan,6.32,4.7,6.87
2050-05-18 06:00:00,2050-05-18 10:00:00,2050-05-18,17.77,nan,5.54,4.05,6.01
2050-05-18 07:00:00,2050-05-18 11:00:00,2050-05-18,17.58,nan,5.55,4.1,6.03
2050-05-18 08:00:00,2050-05-18 12:00:00,2050-05-18,28.77,nan,9.16,6.89,10.12
2050-05-18 09:00:00,2050-05-18 13:00:00,2050-05-18,70.24,nan,23.69,19.16,27.68
2050-05-18 10:00:00,2050-05-18 14:00:00,2050-05-18,86.75,nan,30.34,25.55,35.59
2050-05-18 11:00:00,2050-05-18 15:00:00,2050-05-18,92.79,nan,32.78,27.75,38.75
2050-05-18 12:00:00,2050-05-18 16:00:00,2050-05-18,95.45,nan,34.15,29.06,40.4
2050-05-18 13:00:00,2050-05-18 17:00:00,2050-05-18,94.58,nan,33.84,28.66,39.95
2050-05-18 14:00:00,2050-05-18 18:00:00,2050-05-18,89.41,nan,32.41,27.48,38.35
2050-05-18 15:00:00,2050-05-18 19:00:00,2050-05-18,94.82,nan,34.49,29.44,40.56
2050-05-18 16:00:00,2050-05-18 20:00:00,2050-05-18,100.24,nan,37.22,32.29,43.96
2050-05-18 17:00:00,2050-05-18 21:00:00,2050-05-18,88.33,nan,32.87,28.34,39.33
2050-05-18 18:00:00,2050-05-18 22:00:00,2050-05-18,76.52,nan,28.34,24.22,34.24
2050-05-18 19:00:00,2050-05-18 23:00:00,2050-05-18,23.89,nan,8.55,7.02,10.95
2050-05-18 20:00:00,2050-05-19 00:00:00,2050-05-18,7.05,nan,2.43,1.95,3.33
2050-05-18 21:00:00,2050-05-19 01:00:00,2050-05-18,6.54,nan,2.02,1.66,2.82
2050-05-18 22:00:00,2050-05-19 02:00:00,2050-05-18,15.22,nan,4.4,4.24,4.57
2050-05-18 23:00:00,2050-05-19 03:00:00,2050-05-18,53.47,nan,18.01,18.12,14.4
2050-05-19 00:00:00,2050-05-19 04:00:00,2050-05-19,130.57,nan,47.0,48.02,36.64
2050-05-19 01:00:00,2050-05-19 05:00:00,2050-05-19,241.65,nan,88.37,91.26,69.61
2050-05-19 02:00:00,2050-05-19 06:00:00,2050-05-19,363.09,nan,133.61,138.43,106.34
2050-05-19 03:00:00,2050-05-19 07:00:00,2050-05-19,466.14,nan,171.76,178.1,138.22
2050-05-19 04:00:00,2050-05-19 08:00:00,2050-05-19,572.69,nan,211.44,219.34,171.31
2050-05-19 05:00:00,2050-05-19 09:00:00,2050-05-19,680.88,nan,252.97,262.55,205.24
2050-05-19 06:00:00,2050-05-19 10:00:00,2050-05-19,765.29,nan,284.95,295.67,232.11
2050-05-19 07:00:00,2050-05-19 11:00:00,2050-05-19,757.43,nan,281.37,291.89,230.89
2050-05-19 08:00:00,2050-05-19 12:00:00,2050-05-19,615.76,nan,227.22,235.24,187.78
2050-05-19 09:00:00,2050-05-19 13:00:00,2050-05-19,364.94,nan,131.04,133.85,110.08
2050-05-19 10:00:00,2050-05-19 14:00:00,2050-05-19,218.32,nan,74.04,74.08,64.74
2050-05-19 11:00:00,2050-05-19 15:00:00,2050-05-19,133.51,nan,42.44,41.06,38.08
2050-05-19 12:00:00,2050-05-19 16:00:00,2050-05-19,84.73,nan,25.25,22.68,25.56
2050-05-19 13:00:00,2050-05-19 17:00:00,2050-05-19,87.08,nan,27.72,23.81,30.47
2050-05-19 14:00:00,2050-05-19 18:00:00,2050-05-19,117.25,nan,40.89,35.59,44.59
2050-05-19 15:00:00,2050-05-19 19:00:00,2050-05-19,257.64,nan,98.79,94.46,90.05
2050-05-19 16:00:00,2050-05-19 20:00:00,2050-05-19,490.11,nan,196.85,195.94,166.53
2050-05-19 17:00:00,2050-05-19 21:00:00,2050-05-19,699.22,nan,284.29,286.41,236.36
2050-05-19 18:00:00,2050-05-19 22:00:00,2050-05-19,830.43,nan,337.29,341.72,280.71
2050-05-19 19:00:00,2050-05-19 23:00:00,2050-05-19,636.08,nan,259.69,263.83,211.69
2050-05-19 20:00:00,2050-05-20 00:00:00,2050-05-19,272.95,nan,109.2,109.34,91.79
2050-05-19 21:00:00,2050-05-20 01:00:00,2050-05-19,92.98,nan,31.89,29.63,33.73
2050-05-19 22:00:00,2050-05-20 02:00:00,2050-05-19,60.98,nan,16.19,14.65,19.69
2050-05-19 23:00:00,2050-05-20 03:00:00,2050-05-19,60.57,nan,13.05,12.65,16.23
2050-05-20 00:00:00,2050-05-20 04:00:00,2050-05-20,89.31,nan,21.62,21.68,23.06
2050-05-20 01:00:00,2050-05-20 05:00:00,2050-05-20,163.16,nan,46.41,46.87,43.87
2050-05-20 02:00:00,2050-05-20 06:00:00,2050-05-20,270.2,nan,83.54,84.99,76.45
2050-05-20 03:00:00,2050-05-20 07:00:00,2050-05-20,418.4,nan,138.12,141.3,122.78
2050-05-20 04:00:00,2050-05-20 08:00:00,2050-05-20,596.5,nan,206.82,212.52,178.5
2050-05-20 05:00:00,2050-05-20 09:00:00,2050-05-20,763.15,nan,271.26,279.4,230.84
2050-05-20 06:00:00,2050-05-20 10:00:00,2050-05-20,838.35,nan,302.33,311.72,256.38
2050-05-20 07:00:00,2050-05-20 11:00:00,2050-05-20,472.75,nan,170.47,174.88,149.31
2050-05-20 08:00:00,2050-05-20 12:00:00,2050-05-20,52.56,nan,16.73,15.35,18.55
2050-05-20 09:00:00,2050-05-20 13:00:00,2050-05-20,56.59,nan,19.66,16.01,21.64
2050-05-20 10:00:00,2050-05-20 14:00:00,2050-05-20,189.0,nan,72.87,68.42,70.56
2050-05-20 11:00:00,2050-05-20 15:00:00,2050-05-20,844.64,nan,333.27,337.53,277.98
2050-05-20 12:00:00,2050-05-20 16:00:00,2050-05-20,1773.66,nan,680.79,695.84,578.23
2050-05-20 13:00:00,2050-05-20 17:00:00,2050-05-20,2511.71,nan,956.34,980.21,822.02
2050-05-20 14:00:00,2050-05-20 18:00:00,2050-05-20,3218.76,nan,1215.36,1248.07,1055.07
2050-05-20 15:00:00,2050-05-20 19:00:00,2050-05-20,3763.19,nan,1413.23,1452.92,1231.36
2050-05-20 16:00:00,2050-05-20 20:00:00,2050-05-20,4105.98,nan,1539.58,1583.92,1344.31
2050-05-20 17:00:00,2050-05-20 21:00:00,2050-05-20,4228.53,nan,1585.27,1631.53,1384.84
2050-05-20 18:00:00,2050-05-20 22:00:00,2050-05-20,4195.45,nan,1574.57,1620.67,1373.81
2050-05-20 19:00:00,2050-05-20 23:00:00,2050-05-20,3666.26,nan,1379.11,1420.76,1195.41
2050-05-20 20:00:00,2050-05-21 00:00:00,2050-05-20,2791.37,nan,1055.33,1086.66,913.62
2050-05-20 21:00:00,2050-05-21 01:00:00,2050-05-20,2075.52,nan,789.12,811.05,685.66
2050-05-20 22:00:00,2050-05-21 02:00:00,2050-05-20,1514.38,nan,579.6,594.41,504.9
2050-05-20 23:00:00,2050-05-21 03:00:00,2050-05-20,1008.25,nan,390.18,399.06,341.44
2050-05-21 00:00:00,2050-05-21 04:00:00,2050-05-21,612.88,nan,237.93,241.85,212.23
2050-05-21 01:00:00,2050-05-21 05:00:00,2050-05-21,342.0,nan,131.07,131.48,121.22
2050-05-21 02:00:00,2050-05-21 06:00:00,2050-05-21,176.14,nan,65.34,63.3,64.36
2050-05-21 03:00:00,2050-05-21 07:00:00,2050-05-21,98.81,nan,35.08,32.03,36.41
2050-05-21 04:00:00,2050-05-21 08:00:00,2050-05-21,59.61,nan,19.98,16.86,21.47
2050-05-21 05:00:00,2050-05-21 09:00:00,2050-05-21,38.12,nan,12.05,9.27,13.06
2050-05-21 06:00:00,2050-05-21 10:00:00,2050-05-21,29.9,nan,9.25,6.89,9.71
2050-05-21 07:00:00,2050-05-21 11:00:00,2050-05-21,61.97,nan,21.71,19.5,22.33
2050-05-21 08:00:00,2050-05-21 12:00:00,2050-05-21,381.73,nan,141.57,142.22,129.82
2050-05-21 09:00:00,2050-05-21 13:00:00,2050-05-21,1334.08,nan,503.12,513.89,436.64
2050-05-21 10:00:00,2050-05-21 14:00:00,2050-05-21,2165.27,nan,814.53,834.54,705.37
2050-05-21 11:00:00,2050-05-21 15:00:00,2050-05-21,2848.05,nan,1068.36,1095.96,926.65
2050-05-21 12:00:00,2050-05-21 16:00:00,2050-05-21,3335.12,nan,1248.41,1282.18,1087.73
2050-05-21 13:00:00,2050-05-21 17:00:00,2050-05-21,3543.28,nan,1320.57,1356.47,1158.06
2050-05-21 14:00:00,2050-05-21 18:00:00,2050-05-21,3819.9,nan,1423.89,1463.97,1248.3
2050-05-21 15:00:00,2050-05-21 19:00:00,2050-05-21,3942.93,nan,1465.37,1506.24,1287.37
2050-05-21 16:00:00,2050-05-21 20:00:00,2050-05-21,4081.05,nan,1519.66,1563.33,1335.02
2050-05-21 17:00:00,2050-05-21 21:00:00,2050-05-21,3957.89,nan,1473.24,1514.69,1294.88
2050-05-21 18:00:00,2050-05-21 22:00:00,2050-05-21,3771.64,nan,1409.82,1449.35,1238.08
2050-05-21 19:00:00,2050-05-21 23:00:00,2050-05-21,3052.34,nan,1142.63,1175.69,1001.47
2050-05-21 20:00:00,2050-05-22 00:00:00,2050-05-21,2339.44,nan,880.19,905.21,769.37
2050-05-21 21:00:00,2050-05-22 01:00:00,2050-05-21,1726.95,nan,652.17,669.74,572.92
2050-05-21 22:00:00,2050-05-22 02:00:00,2050-05-21,1259.15,nan,479.48,491.32,422.83
2050-05-21 23:00:00,2050-05-22 03:00:00,2050-05-21,863.47,nan,332.06,338.91,295.53
2050-05-22 00:00:00,2050-05-22 04:00:00,2050-05-22,533.14,nan,205.91,208.54,186.64
2050-05-22 01:00:00,2050-05-22 05:00:00,2050-05-22,303.66,nan,116.04,115.63,108.89
2050-05-22 02:00:00,2050-05-22 06:00:00,2050-05-22,175.99,nan,65.84,63.66,64.44
2050-05-22 03:00:00,2050-05-22 07:00:00,2050-05-22,106.75,nan,38.8,35.75,40.01
2050-05-22 04:00:00,2050-05-22 08:00:00,2050-05-22,70.72,nan,24.64,21.42,26.79
2050-05-22 05:00:00,2050-05-22 09:00:00,2050-05-22,49.43,nan,16.36,13.33,18.15
2050-05-22 06:00:00,2050-05-22 10:00:00,2050-05-22,41.28,nan,13.28,10.43,14.63
2050-05-22 07:00:00,2050-05-22 11:00:00,2050-05-22,80.89,nan,29.27,26.65,29.39
2050-05-22 08:00:00,2050-05-22 12:00:00,2050-05-22,226.5,nan,83.37,81.77,80.61
2050-05-22 09:00:00,2050-05-22 13:00:00,2050-05-22,609.59,nan,234.59,235.21,211.28
2050-05-22 10:00:00,2050-05-22 14:00:00,2050-05-22,892.55,nan,337.73,342.06,301.48
2050-05-22 11:00:00,2050-05-22 15:00:00,2050-05-22,1265.35,nan,475.33,484.29,422.7
2050-05-22 12:00:00,2050-05-22 16:00:00,2050-05-22,1636.09,nan,614.59,627.52,543.74
2050-05-22 13:00:00,2050-05-22 17:00:00,2050-05-22,1921.98,nan,722.02,738.34,638.45
2050-05-22 14:00:00,2050-05-22 18:00:00,2050-05-22,2196.63,nan,823.31,843.03,728.89
2050-05-22 15:00:00,2050-05-22 19:00:00,2050-05-22,2383.6,nan,893.23,915.09,790.31
2050-05-22 16:00:00,2050-05-22 20:00:00,2050-05-22,2490.55,nan,934.48,958.02,824.71
2050-05-22 17:00:00,2050-05-22 21:00:00,2050-05-22,2489.53,nan,936.33,959.82,824.86
2050-05-22 18:00:00,2050-05-22 22:00:00,2050-05-22,2347.2,nan,883.12,904.99,779.0
2050-05-22 19:00:00,2050-05-22 23:00:00,2050-05-22,1817.8,nan,685.41,702.78,601.24
2050-05-22 20:00:00,2050-05-23 00:00:00,2050-05-22,1285.27,nan,487.39,499.18,427.24
2050-05-22 21:00:00,2050-05-23 01:00:00,2050-05-22,882.7,nan,337.53,344.37,298.83
2050-05-22 22:00:00,2050-05-23 02:00:00,2050-05-22,548.71,nan,212.35,215.09,191.0
2050-05-22 23:00:00,2050-05-23 03:00:00,2050-05-22,298.97,nan,116.06,115.76,107.76
2050-05-23 00:00:00,2050-05-23 04:00:00,2050-05-23,160.11,nan,60.73,58.5,60.07
2050-05-23 01:00:00,2050-05-23 05:00:00,2050-05-23,105.7,nan,38.98,35.96,40.54
2050-05-23 02:00:00,2050-05-23 06:00:00,2050-05-23,68.77,nan,24.03,20.68,26.65
2050-05-23 03:00:00,2050-05-23 07:00:00,2050-05-23,57.95,nan,19.53,16.14,22.02
2050-05-23 04:00:00,2050-05-23 08:00:00,2050-05-23,54.69,nan,18.2,14.97,20.66
2050-05-23 05:00:00,2050-05-23 09:00:00,2050-05-23,53.89,nan,18.15,14.92,20.78
2050-05-23 06:00:00,2050-05-23 10:00:00,2050-05-23,50.01,nan,17.07,14.02,19.59
2050-05-23 07:00:00,2050-05-23 11:00:00,2050-05-23,109.49,nan,41.29,38.38,40.36
2050-05-23 08:00:00,2050-05-23 12:00:00,2050-05-23,328.85,nan,123.87,124.9,113.61
2050-05-23 09:00:00,2050-05-23 13:00:00,2050-05-23,775.29,nan,300.2,302.8,265.11
2050-05-23 10:00:00,2050-05-23 14:00:00,2050-05-23,950.9,nan,368.34,373.67,321.95
2050-05-23 11:00:00,2050-05-23 15:00:00,2050-05-23,1378.55,nan,530.62,541.9,460.65
2050-05-23 12:00:00,2050-05-23 16:00:00,2050-05-23,1768.76,nan,681.29,697.69,589.54
2050-05-23 13:00:00,2050-05-23 17:00:00,2050-05-23,2020.92,nan,776.62,796.11,674.42
2050-05-23 14:00:00,2050-05-23 18:00:00,2050-05-23,2337.95,nan,898.11,921.11,782.35
2050-05-23 15:00:00,2050-05-23 19:00:00,2050-05-23,2352.19,nan,896.35,919.73,791.5
2050-05-23 16:00:00,2050-05-23 20:00:00,2050-05-23,2166.61,nan,825.24,845.38,735.15
2050-05-23 17:00:00,2050-05-23 21:00:00,2050-05-23,1935.21,nan,734.26,750.74,658.83
2050-05-23 18:00:00,2050-05-23 22:00:00,2050-05-23,1641.64,nan,620.18,633.05,562.1
2050-05-23 19:00:00,2050-05-23 23:00:00,2050-05-23,1090.21,nan,410.82,419.07,375.4
2050-05-23 20:00:00,2050-05-24 00:00:00,2050-05-23,670.59,nan,254.19,258.3,235.23
2050-05-23 21:00:00,2050-05-24 01:00:00,2050-05-23,453.81,nan,172.97,174.46,164.64
2050-05-23 22:00:00,2050-05-24 02:00:00,2050-05-23,316.67,nan,121.08,120.7,118.33
2050-05-23 23:00:00,2050-05-24 03:00:00,2050-05-23,217.68,nan,82.66,81.07,83.93
2050-05-24 00:00:00,2050-05-24 04:00:00,2050-05-24,157.21,nan,58.8,55.87,62.16
2050-05-24 01:00:00,2050-05-24 05:00:00,2050-05-24,119.23,nan,43.71,40.4,47.96
2050-05-24 02:00:00,2050-05-24 06:00:00,2050-05-24,101.11,nan,36.66,33.2,40.76
2050-05-24 03:00:00,2050-05-24 07:00:00,2050-05-24,90.54,nan,32.65,29.06,36.62
2050-05-24 04:00:00,2050-05-24 08:00:00,2050-05-24,79.69,nan,28.36,24.71,32.55
2050-05-24 05:00:00,2050-05-24 09:00:00,2050-05-24,72.35,nan,25.39,21.7,29.51
2050-05-24 06:00:00,2050-05-24 10:00:00,2050-05-24,70.82,nan,24.92,21.36,28.84
2050-05-24 07:00:00,2050-05-24 11:00:00,2050-05-24,111.19,nan,38.95,35.87,44.04
2050-05-24 08:00:00,2050-05-24 12:00:00,2050-05-24,708.62,nan,265.81,269.2,235.5
2050-05-24 09:00:00,2050-05-24 13:00:00,2050-05-24,1427.75,nan,531.64,542.08,476.68
2050-05-24 10:00:00,2050-05-24 14:00:00,2050-05-24,2013.77,nan,753.35,770.05,661.71
2050-05-24 11:00:00,2050-05-24 15:00:00,2050-05-24,2586.86,nan,967.33,990.94,847.29
2050-05-24 12:00:00,2050-05-24 16:00:00,2050-05-24,3039.36,nan,1136.7,1165.9,996.01
2050-05-24 13:00:00,2050-05-24 17:00:00,2050-05-24,3316.8,nan,1240.46,1273.17,1089.56
2050-05-24 14:00:00,2050-05-24 18:00:00,2050-05-24,3653.85,nan,1366.01,1402.98,1201.31
2050-05-24 15:00:00,2050-05-24 19:00:00,2050-05-24,3945.94,nan,1474.21,1514.79,1297.22
2050-05-24 16:00:00,2050-05-24 20:00:00,2050-05-24,4160.74,nan,1554.81,1598.12,1366.47
2050-05-24 17:00:00,2050-05-24 21:00:00,2050-05-24,4235.6,nan,1583.62,1628.04,1390.78
2050-05-24 18:00:00,2050-05-24 22:00:00,2050-05-24,4232.44,nan,1583.02,1627.88,1388.9
2050-05-24 19:00:00,2050-05-24 23:00:00,2050-05-24,3754.34,nan,1405.34,1446.77,1226.04
2050-05-24 20:00:00,2050-05-25 00:00:00,2050-05-24,2949.14,nan,1106.09,1138.57,965.67
2050-05-24 21:00:00,2050-05-25 01:00:00,2050-05-24,2226.44,nan,837.75,861.11,735.42
2050-05-24 22:00:00,2050-05-25 02:00:00,2050-05-24,1646.41,nan,622.1,638.26,549.01
2050-05-24 23:00:00,2050-05-25 03:00:00,2050-05-24,1155.56,nan,439.5,449.57,390.94
2050-05-25 00:00:00,2050-05-25 04:00:00,2050-05-25,756.25,nan,290.43,295.53,261.52
2050-05-25 01:00:00,2050-05-25 05:00:00,2050-05-25,474.45,nan,182.67,184.39,167.15
2050-05-25 02:00:00,2050-05-25 06:00:00,2050-05-25,318.97,nan,122.47,122.11,113.78
2050-05-25 03:00:00,2050-05-25 07:00:00,2050-05-25,196.81,nan,74.16,71.77,72.64
2050-05-25 04:00:00,2050-05-25 08:00:00,2050-05-25,135.91,nan,49.77,46.66,50.97
2050-05-25 05:00:00,2050-05-25 09:00:00,2050-05-25,98.25,nan,35.37,31.74,37.21
2050-05-25 06:00:00,2050-05-25 10:00:00,2050-05-25,87.1,nan,31.1,27.87,33.0
2050-05-25 07:00:00,2050-05-25 11:00:00,2050-05-25,260.5,nan,97.82,96.47,89.02
2050-05-25 08:00:00,2050-05-25 12:00:00,2050-05-25,738.61,nan,287.08,291.33,241.47
2050-05-25 09:00:00,2050-05-25 13:00:00,2050-05-25,1571.97,nan,591.87,603.42,520.03
2050-05-25 10:00:00,2050-05-25 14:00:00,2050-05-25,2341.2,nan,881.79,902.51,762.4
2050-05-25 11:00:00,2050-05-25 15:00:00,2050-05-25,3194.44,nan,1202.58,1233.6,1039.21
2050-05-25 12:00:00,2050-05-25 16:00:00,2050-05-25,3931.06,nan,1478.81,1518.8,1282.06
2050-05-25 13:00:00,2050-05-25 17:00:00,2050-05-25,4402.76,nan,1652.26,1698.69,1442.11
2050-05-25 14:00:00,2050-05-25 18:00:00,2050-05-25,4801.99,nan,1796.92,1848.92,1574.19
2050-05-25 15:00:00,2050-05-25 19:00:00,2050-05-25,5095.31,nan,1903.21,1958.96,1669.82
2050-05-25 16:00:00,2050-05-25 20:00:00,2050-05-25,5243.31,nan,1958.02,2015.9,1718.21
2050-05-25 17:00:00,2050-05-25 21:00:00,2050-05-25,5190.64,nan,1939.66,1997.0,1702.15
2050-05-25 18:00:00,2050-05-25 22:00:00,2050-05-25,5035.97,nan,1884.53,1940.02,1651.33
2050-05-25 19:00:00,2050-05-25 23:00:00,2050-05-25,4418.49,nan,1656.45,1706.54,1443.69
2050-05-25 20:00:00,2050-05-26 00:00:00,2050-05-25,3509.79,nan,1319.74,1359.51,1149.55
2050-05-25 21:00:00,2050-05-26 01:00:00,2050-05-25,2722.92,nan,1026.92,1056.73,898.51
2050-05-25 22:00:00,2050-05-26 02:00:00,2050-05-25,2107.57,nan,797.31,819.47,700.13
2050-05-25 23:00:00,2050-05-26 03:00:00,2050-05-25,1597.28,nan,606.58,622.23,535.23
2050-05-26 00:00:00,2050-05-26 04:00:00,2050-05-26,1161.76,nan,443.64,453.8,394.48
2050-05-26 01:00:00,2050-05-26 05:00:00,2050-05-26,794.85,nan,304.53,310.01,274.7
2050-05-26 02:00:00,2050-05-26 06:00:00,2050-05-26,496.16,nan,189.18,191.16,175.9
2050-05-26 03:00:00,2050-05-26 07:00:00,2050-05-26,285.29,nan,106.99,106.21,104.32
2050-05-26 04:00:00,2050-05-26 08:00:00,2050-05-26,168.92,nan,61.63,59.34,63.63
2050-05-26 05:00:00,2050-05-26 09:00:00,2050-05-26,116.09,nan,41.29,38.4,44.13
2050-05-26 06:00:00,2050-05-26 10:00:00,2050-05-26,110.64,nan,38.97,36.23,41.05
2050-05-26 07:00:00,2050-05-26 11:00:00,2050-05-26,414.01,nan,153.26,155.69,136.9
2050-05-26 08:00:00,2050-05-26 12:00:00,2050-05-26,1179.22,nan,439.4,449.75,384.12
2050-05-26 09:00:00,2050-05-26 13:00:00,2050-05-26,2276.51,nan,849.55,871.01,741.13
2050-05-26 10:00:00,2050-05-26 14:00:00,2050-05-26,3265.73,nan,1221.08,1253.98,1060.62
2050-05-26 11:00:00,2050-05-26 15:00:00,2050-05-26,4291.23,nan,1606.48,1651.85,1392.82
2050-05-26 12:00:00,2050-05-26 16:00:00,2050-05-26,5241.4,nan,1964.0,2020.97,1703.14
2050-05-26 13:00:00,2050-05-26 17:00:00,2050-05-26,5972.21,nan,2239.37,2305.87,1943.65
2050-05-26 14:00:00,2050-05-26 18:00:00,2050-05-26,6669.4,nan,2498.93,2574.14,2173.33
2050-05-26 15:00:00,2050-05-26 19:00:00,2050-05-26,7141.81,nan,2673.01,2754.51,2328.6
2050-05-26 16:00:00,2050-05-26 20:00:00,2050-05-26,7374.07,nan,2757.58,2842.28,2405.83
2050-05-26 17:00:00,2050-05-26 21:00:00,2050-05-26,7344.97,nan,2748.9,2833.19,2399.51
2050-05-26 18:00:00,2050-05-26 22:00:00,2050-05-26,7083.73,nan,2660.27,2741.11,2319.83
2050-05-26 19:00:00,2050-05-26 23:00:00,2050-05-26,6189.9,nan,2330.55,2402.32,2026.01
2050-05-26 20:00:00,2050-05-27 00:00:00,2050-05-26,5248.27,nan,1976.02,2037.03,1720.4
2050-05-26 21:00:00,2050-05-27 01:00:00,2050-05-26,4491.56,nan,1692.42,1743.95,1475.91
2050-05-26 22:00:00,2050-05-27 02:00:00,2050-05-26,3840.46,nan,1448.54,1492.47,1262.7
2050-05-26 23:00:00,2050-05-27 03:00:00,2050-05-26,3243.76,nan,1222.86,1259.13,1069.6
2050-05-27 00:00:00,2050-05-27 04:00:00,2050-05-27,2760.11,nan,1039.74,1070.08,912.0
2050-05-27 01:00:00,2050-05-27 05:00:00,2050-05-27,2368.88,nan,893.85,919.63,783.35
2050-05-27 02:00:00,2050-05-27 06:00:00,2050-05-27,2050.4,nan,774.87,796.7,679.49
2050-05-27 03:00:00,2050-05-27 07:00:00,2050-05-27,1796.07,nan,679.49,698.0,595.37
2050-05-27 04:00:00,2050-05-27 08:00:00,2050-05-27,1562.41,nan,593.6,609.51,520.49
2050-05-27 05:00:00,2050-05-27 09:00:00,2050-05-27,1238.25,nan,472.21,483.91,415.96
2050-05-27 06:00:00,2050-05-27 10:00:00,2050-05-27,1040.33,nan,397.11,406.75,349.23
2050-05-27 07:00:00,2050-05-27 11:00:00,2050-05-27,1318.46,nan,501.74,515.16,432.98
2050-05-27 08:00:00,2050-05-27 12:00:00,2050-05-27,1820.79,nan,692.87,711.43,595.44
2050-05-27 09:00:00,2050-05-27 13:00:00,2050-05-27,2470.06,nan,936.58,960.6,808.72
2050-05-27 10:00:00,2050-05-27 14:00:00,2050-05-27,2992.72,nan,1132.37,1162.12,976.09
2050-05-27 11:00:00,2050-05-27 15:00:00,2050-05-27,3569.93,nan,1349.48,1385.53,1162.81
2050-05-27 12:00:00,2050-05-27 16:00:00,2050-05-27,4079.15,nan,1541.93,1583.91,1330.74
2050-05-27 13:00:00,2050-05-27 17:00:00,2050-05-27,4400.6,nan,1662.88,1708.84,1440.17
2050-05-27 14:00:00,2050-05-27 18:00:00,2050-05-27,4615.11,nan,1736.78,1786.07,1513.6
2050-05-27 15:00:00,2050-05-27 19:00:00,2050-05-27,4703.61,nan,1765.53,1816.05,1543.47
2050-05-27 16:00:00,2050-05-27 20:00:00,2050-05-27,4767.86,nan,1789.82,1841.64,1564.8
2050-05-27 17:00:00,2050-05-27 21:00:00,2050-05-27,4591.71,nan,1724.67,1774.74,1508.22
2050-05-27 18:00:00,2050-05-27 22:00:00,2050-05-27,4295.5,nan,1616.33,1663.27,1412.49
2050-05-27 19:00:00,2050-05-27 23:00:00,2050-05-27,3420.65,nan,1292.7,1330.85,1124.47
2050-05-27 20:00:00,2050-05-28 00:00:00,2050-05-27,2456.58,nan,931.62,958.62,811.96
2050-05-27 21:00:00,2050-05-28 01:00:00,2050-05-27,1789.36,nan,682.63,701.44,597.62
2050-05-27 22:00:00,2050-05-28 02:00:00,2050-05-27,1259.51,nan,483.91,496.25,426.2
2050-05-27 23:00:00,2050-05-28 03:00:00,2050-05-27,838.33,nan,324.87,331.91,289.21
2050-05-28 00:00:00,2050-05-28 04:00:00,2050-05-28,506.56,nan,197.17,200.24,179.08
2050-05-28 01:00:00,2050-05-28 05:00:00,2050-05-28,282.34,nan,109.81,109.78,102.65
2050-05-28 02:00:00,2050-05-28 06:00:00,2050-05-28,136.1,nan,51.83,49.89,52.09
2050-05-28 03:00:00,2050-05-28 07:00:00,2050-05-28,74.65,nan,27.82,25.54,29.61
2050-05-28 04:00:00,2050-05-28 08:00:00,2050-05-28,43.51,nan,15.89,13.8,17.89
2050-05-28 05:00:00,2050-05-28 09:00:00,2050-05-28,32.47,nan,11.55,9.65,13.12
2050-05-28 06:00:00,2050-05-28 10:00:00,2050-05-28,26.82,nan,9.42,7.71,10.65
2050-05-28 07:00:00,2050-05-28 11:00:00,2050-05-28,27.6,nan,9.85,8.18,11.18
2050-05-28 08:00:00,2050-05-28 12:00:00,2050-05-28,72.82,nan,26.7,24.38,28.69
2050-05-28 09:00:00,2050-05-28 13:00:00,2050-05-28,314.29,nan,116.02,114.16,115.64
2050-05-28 10:00:00,2050-05-28 14:00:00,2050-05-28,823.51,nan,306.41,311.8,280.55
2050-05-28 11:00:00,2050-05-28 15:00:00,2050-05-28,1576.79,nan,590.87,604.83,524.97
2050-05-28 12:00:00,2050-05-28 16:00:00,2050-05-28,2199.72,nan,825.01,846.22,728.82
2050-05-28 13:00:00,2050-05-28 17:00:00,2050-05-28,2566.8,nan,961.08,986.81,851.48
2050-05-28 14:00:00,2050-05-28 18:00:00,2050-05-28,2861.53,nan,1071.33,1100.11,947.0
2050-05-28 15:00:00,2050-05-28 19:00:00,2050-05-28,3094.59,nan,1162.13,1193.18,1023.19
2050-05-28 16:00:00,2050-05-28 20:00:00,2050-05-28,3261.99,nan,1229.97,1262.64,1080.21
2050-05-28 17:00:00,2050-05-28 21:00:00,2050-05-28,3204.91,nan,1211.62,1242.74,1064.59
2050-05-28 18:00:00,2050-05-28 22:00:00,2050-05-28,2987.13,nan,1128.12,1157.03,993.93
2050-05-28 19:00:00,2050-05-28 23:00:00,2050-05-28,2380.79,nan,901.39,925.32,788.72
2050-05-28 20:00:00,2050-05-29 00:00:00,2050-05-28,1699.27,nan,647.66,664.29,565.56
2050-05-28 21:00:00,2050-05-29 01:00:00,2050-05-28,1067.82,nan,413.35,422.57,364.97
2050-05-28 22:00:00,2050-05-29 02:00:00,2050-05-28,613.72,nan,241.66,245.84,216.72
2050-05-28 23:00:00,2050-05-29 03:00:00,2050-05-28,319.73,nan,125.65,126.0,115.54
2050-05-29 00:00:00,2050-05-29 04:00:00,2050-05-29,181.78,nan,70.29,68.93,67.77
2050-05-29 01:00:00,2050-05-29 05:00:00,2050-05-29,92.44,nan,34.54,32.16,36.24
2050-05-29 02:00:00,2050-05-29 06:00:00,2050-05-29,56.55,nan,20.05,17.46,22.16
2050-05-29 03:00:00,2050-05-29 07:00:00,2050-05-29,36.71,nan,12.13,9.73,13.59
2050-05-29 04:00:00,2050-05-29 08:00:00,2050-05-29,27.27,nan,8.55,6.42,9.27
2050-05-29 05:00:00,2050-05-29 09:00:00,2050-05-29,23.0,nan,6.95,5.09,7.3
2050-05-29 06:00:00,2050-05-29 10:00:00,2050-05-29,21.94,nan,6.67,4.95,6.93
2050-05-29 07:00:00,2050-05-29 11:00:00,2050-05-29,27.12,nan,8.47,6.5,8.88
2050-05-29 08:00:00,2050-05-29 12:00:00,2050-05-29,133.14,nan,49.05,46.03,47.51
2050-05-29 09:00:00,2050-05-29 13:00:00,2050-05-29,560.51,nan,211.69,211.57,189.06
2050-05-29 10:00:00,2050-05-29 14:00:00,2050-05-29,1323.14,nan,502.36,511.26,435.5
2050-05-29 11:00:00,2050-05-29 15:00:00,2050-05-29,2169.86,nan,819.72,838.75,710.51
2050-05-29 12:00:00,2050-05-29 16:00:00,2050-05-29,2874.92,nan,1083.47,1110.98,940.67
2050-05-29 13:00:00,2050-05-29 17:00:00,2050-05-29,3375.18,nan,1270.04,1303.47,1107.19
2050-05-29 14:00:00,2050-05-29 18:00:00,2050-05-29,3848.89,nan,1443.58,1483.15,1261.85
2050-05-29 15:00:00,2050-05-29 19:00:00,2050-05-29,4242.13,nan,1589.76,1634.01,1389.75
2050-05-29 16:00:00,2050-05-29 20:00:00,2050-05-29,4472.33,nan,1678.79,1725.88,1466.07
2050-05-29 17:00:00,2050-05-29 21:00:00,2050-05-29,4524.51,nan,1699.5,1747.4,1483.67
2050-05-29 18:00:00,2050-05-29 22:00:00,2050-05-29,4474.21,nan,1682.94,1730.36,1466.59
2050-05-29 19:00:00,2050-05-29 23:00:00,2050-05-29,3983.28,nan,1501.59,1545.43,1300.45
2050-05-29 20:00:00,2050-05-30 00:00:00,2050-05-29,3196.68,nan,1209.01,1244.16,1045.99
2050-05-29 21:00:00,2050-05-30 01:00:00,2050-05-29,2544.58,nan,965.36,992.38,838.12
2050-05-29 22:00:00,2050-05-30 02:00:00,2050-05-29,2025.07,nan,769.79,790.45,671.1
2050-05-29 23:00:00,2050-05-30 03:00:00,2050-05-29,1568.41,nan,596.24,611.05,523.17
2050-05-30 00:00:00,2050-05-30 04:00:00,2050-05-30,1260.37,nan,480.59,491.47,423.5
2050-05-30 01:00:00,2050-05-30 05:00:00,2050-05-30,959.6,nan,365.28,372.35,326.32
2050-05-30 02:00:00,2050-05-30 06:00:00,2050-05-30,687.17,nan,261.47,265.18,237.45
2050-05-30 03:00:00,2050-05-30 07:00:00,2050-05-30,444.96,nan,168.93,169.86,158.21
2050-05-30 04:00:00,2050-05-30 08:00:00,2050-05-30,263.91,nan,98.38,96.91,96.7
2050-05-30 05:00:00,2050-05-30 09:00:00,2050-05-30,157.62,nan,56.95,54.29,59.84
2050-05-30 06:00:00,2050-05-30 10:00:00,2050-05-30,140.23,nan,50.4,47.62,52.72
2050-05-30 07:00:00,2050-05-30 11:00:00,2050-05-30,453.77,nan,170.25,171.98,146.95
2050-05-30 08:00:00,2050-05-30 12:00:00,2050-05-30,971.67,nan,363.8,371.41,317.37
2050-05-30 09:00:00,2050-05-30 13:00:00,2050-05-30,1844.02,nan,692.26,708.26,602.55
2050-05-30 10:00:00,2050-05-30 14:00:00,2050-05-30,2515.23,nan,943.28,967.05,818.08
2050-05-30 11:00:00,2050-05-30 15:00:00,2050-05-30,3190.54,nan,1195.14,1226.54,1035.9
2050-05-30 12:00:00,2050-05-30 16:00:00,2050-05-30,3795.01,nan,1420.43,1458.6,1231.68
2050-05-30 13:00:00,2050-05-30 17:00:00,2050-05-30,4255.4,nan,1592.36,1635.61,1381.33
2050-05-30 14:00:00,2050-05-30 18:00:00,2050-05-30,4770.54,nan,1780.61,1829.78,1548.43
2050-05-30 15:00:00,2050-05-30 19:00:00,2050-05-30,5365.58,nan,2002.91,2058.92,1740.73
2050-05-30 16:00:00,2050-05-30 20:00:00,2050-05-30,5828.79,nan,2176.09,2238.26,1890.34
2050-05-30 17:00:00,2050-05-30 21:00:00,2050-05-30,6150.21,nan,2297.71,2365.01,1996.9
2050-05-30 18:00:00,2050-05-30 22:00:00,2050-05-30,6284.51,nan,2349.77,2419.16,2046.07
2050-05-30 19:00:00,2050-05-30 23:00:00,2050-05-30,5621.51,nan,2098.95,2162.76,1822.37
2050-05-30 20:00:00,2050-05-31 00:00:00,2050-05-30,4688.47,nan,1754.02,1806.94,1521.39
2050-05-30 21:00:00,2050-05-31 01:00:00,2050-05-30,3776.78,nan,1413.28,1454.44,1230.65
2050-05-30 22:00:00,2050-05-31 02:00:00,2050-05-30,3129.86,nan,1174.82,1207.88,1023.39
2050-05-30 23:00:00,2050-05-31 03:00:00,2050-05-30,2641.89,nan,994.7,1021.4,870.83
2050-05-31 00:00:00,2050-05-31 04:00:00,2050-05-31,2171.77,nan,816.52,837.89,718.81
2050-05-31 01:00:00,2050-05-31 05:00:00,2050-05-31,1702.0,nan,640.14,655.98,565.13
2050-05-31 02:00:00,2050-05-31 06:00:00,2050-05-31,1262.33,nan,475.43,486.81,420.56
2050-05-31 03:00:00,2050-05-31 07:00:00,2050-05-31,880.33,nan,332.94,340.25,297.01
2050-05-31 04:00:00,2050-05-31 08:00:00,2050-05-31,533.33,nan,200.95,204.41,183.26
2050-05-31 05:00:00,2050-05-31 09:00:00,2050-05-31,273.74,nan,101.78,101.5,97.15
2050-05-31 06:00:00,2050-05-31 10:00:00,2050-05-31,188.94,nan,69.24,68.01,67.44
2050-05-31 07:00:00,2050-05-31 11:00:00,2050-05-31,491.84,nan,183.13,186.99,161.35
2050-05-31 08:00:00,2050-05-31 12:00:00,2050-05-31,1205.7,nan,453.7,465.38,390.81
2050-05-31 09:00:00,2050-05-31 13:00:00,2050-05-31,2052.56,nan,772.3,791.71,669.77
2050-05-31 10:00:00,2050-05-31 14:00:00,2050-05-31,2693.32,nan,1013.46,1040.37,878.43
2050-05-31 11:00:00,2050-05-31 15:00:00,2050-05-31,3270.37,nan,1230.18,1263.6,1066.97
2050-05-31 12:00:00,2050-05-31 16:00:00,2050-05-31,3665.96,nan,1377.52,1415.94,1198.32
2050-05-31 13:00:00,2050-05-31 17:00:00,2050-05-31,3837.54,nan,1440.67,1481.28,1257.85
2050-05-31 14:00:00,2050-05-31 18:00:00,2050-05-31,4052.88,nan,1520.26,1563.65,1329.39
2050-05-31 15:00:00,2050-05-31 19:00:00,2050-05-31,4204.99,nan,1575.84,1620.95,1379.09
2050-05-31 16:00:00,2050-05-31 20:00:00,2050-05-31,4178.95,nan,1563.19,1607.58,1370.78
2050-05-31 17:00:00,2050-05-31 21:00:00,2050-05-31,3963.87,nan,1481.52,1523.47,1301.79
2050-05-31 18:00:00,2050-05-31 22:00:00,2050-05-31,3829.49,nan,1433.4,1474.42,1257.28
2050-05-31 19:00:00,2050-05-31 23:00:00,2050-05-31,3230.18,nan,1210.52,1246.45,1055.27
2050-05-31 20:00:00,2050-06-01 00:00:00,2050-05-31,2396.46,nan,900.55,926.9,786.37
2050-05-31 21:00:00,2050-06-01 01:00:00,2050-05-31,1662.68,nan,627.89,644.89,552.64
2050-05-31 22:00:00,2050-06-01 02:00:00,2050-05-31,1136.14,nan,432.08,442.56,382.87
2050-05-31 23:00:00,2050-06-01 03:00:00,2050-05-31,743.13,nan,285.44,290.99,255.32
2050-06-01 00:00:00,2050-06-01 04:00:00,2050-06-01,509.79,nan,196.57,198.65,178.07
2050-06-01 01:00:00,2050-06-01 05:00:00,2050-06-01,378.11,nan,143.54,143.73,132.7
2050-06-01 02:00:00,2050-06-01 06:00:00,2050-06-01,357.22,nan,136.97,136.77,123.52
2050-06-01 03:00:00,2050-06-01 07:00:00,2050-06-01,357.11,nan,135.45,135.39,124.74
2050-06-01 04:00:00,2050-06-01 08:00:00,2050-06-01,338.1,nan,126.56,126.19,118.21
2050-06-01 05:00:00,2050-06-01 09:00:00,2050-06-01,318.85,nan,119.28,118.73,112.19
2050-06-01 06:00:00,2050-06-01 10:00:00,2050-06-01,374.79,nan,141.47,141.5,128.25
2050-06-01 07:00:00,2050-06-01 11:00:00,2050-06-01,965.58,nan,368.57,375.82,318.5
2050-06-01 08:00:00,2050-06-01 12:00:00,2050-06-01,1688.81,nan,635.49,651.39,550.2
2050-06-01 09:00:00,2050-06-01 13:00:00,2050-06-01,2672.94,nan,1004.5,1030.35,870.85
2050-06-01 10:00:00,2050-06-01 14:00:00,2050-06-01,3472.89,nan,1302.93,1338.3,1129.35
2050-06-01 11:00:00,2050-06-01 15:00:00,2050-06-01,4160.36,nan,1560.65,1604.32,1354.23
2050-06-01 12:00:00,2050-06-01 16:00:00,2050-06-01,4606.07,nan,1725.73,1774.93,1503.31
2050-06-01 13:00:00,2050-06-01 17:00:00,2050-06-01,4515.27,nan,1692.26,1737.85,1478.16
2050-06-01 14:00:00,2050-06-01 18:00:00,2050-06-01,4204.83,nan,1574.41,1617.16,1381.13
2050-06-01 15:00:00,2050-06-01 19:00:00,2050-06-01,4475.71,nan,1685.24,1731.96,1468.39
2050-06-01 16:00:00,2050-06-01 20:00:00,2050-06-01,4092.5,nan,1537.21,1577.34,1346.85
2050-06-01 17:00:00,2050-06-01 21:00:00,2050-06-01,3614.39,nan,1353.53,1389.01,1193.85
2050-06-01 18:00:00,2050-06-01 22:00:00,2050-06-01,3066.84,nan,1148.39,1176.63,1015.66
2050-06-01 19:00:00,2050-06-01 23:00:00,2050-06-01,2443.05,nan,917.48,941.95,806.88
2050-06-01 20:00:00,2050-06-02 00:00:00,2050-06-01,2006.3,nan,755.92,774.93,663.67
2050-06-01 21:00:00,2050-06-02 01:00:00,2050-06-01,1711.19,nan,645.79,660.73,569.38
2050-06-01 22:00:00,2050-06-02 02:00:00,2050-06-01,1401.11,nan,527.4,539.17,468.14
2050-06-01 23:00:00,2050-06-02 03:00:00,2050-06-01,1146.73,nan,432.31,440.83,386.22
2050-06-02 00:00:00,2050-06-02 04:00:00,2050-06-02,909.55,nan,343.18,348.99,309.46
2050-06-02 01:00:00,2050-06-02 05:00:00,2050-06-02,694.26,nan,262.36,265.77,239.99
2050-06-02 02:00:00,2050-06-02 06:00:00,2050-06-02,491.46,nan,185.83,187.05,174.09
2050-06-02 03:00:00,2050-06-02 07:00:00,2050-06-02,332.12,nan,124.02,122.95,119.85
2050-06-02 04:00:00,2050-06-02 08:00:00,2050-06-02,212.0,nan,76.23,73.64,78.59
2050-06-02 05:00:00,2050-06-02 09:00:00,2050-06-02,148.11,nan,51.96,48.81,55.59
2050-06-02 06:00:00,2050-06-02 10:00:00,2050-06-02,147.26,nan,51.74,49.19,53.92
2050-06-02 07:00:00,2050-06-02 11:00:00,2050-06-02,529.95,nan,191.68,196.29,168.1
2050-06-02 08:00:00,2050-06-02 12:00:00,2050-06-02,1328.63,nan,491.59,502.59,435.03
2050-06-02 09:00:00,2050-06-02 13:00:00,2050-06-02,2272.87,nan,848.65,869.15,738.9
2050-06-02 10:00:00,2050-06-02 14:00:00,2050-06-02,3124.49,nan,1166.22,1196.76,1010.95
2050-06-02 11:00:00,2050-06-02 15:00:00,2050-06-02,4052.48,nan,1513.96,1555.73,1310.54
2050-06-02 12:00:00,2050-06-02 16:00:00,2050-06-02,4875.03,nan,1823.74,1875.1,1581.07
2050-06-02 13:00:00,2050-06-02 17:00:00,2050-06-02,5327.35,nan,1992.14,2048.76,1733.21
2050-06-02 14:00:00,2050-06-02 18:00:00,2050-06-02,5699.92,nan,2127.96,2189.46,1856.52
2050-06-02 15:00:00,2050-06-02 19:00:00,2050-06-02,5980.51,nan,2230.97,2296.05,1948.54
2050-06-02 16:00:00,2050-06-02 20:00:00,2050-06-02,6123.03,nan,2285.15,2351.96,1995.95
2050-06-02 17:00:00,2050-06-02 21:00:00,2050-06-02,6094.62,nan,2276.09,2342.33,1989.86
2050-06-02 18:00:00,2050-06-02 22:00:00,2050-06-02,5982.19,nan,2233.84,2299.09,1954.79
2050-06-02 19:00:00,2050-06-02 23:00:00,2050-06-02,5359.98,nan,2002.64,2062.98,1746.82
2050-06-02 20:00:00,2050-06-03 00:00:00,2050-06-02,4434.95,nan,1660.12,1710.23,1446.87
2050-06-02 21:00:00,2050-06-03 01:00:00,2050-06-02,3568.86,nan,1338.84,1378.09,1170.8
2050-06-02 22:00:00,2050-06-03 02:00:00,2050-06-02,2934.88,nan,1103.75,1135.22,967.08
2050-06-02 23:00:00,2050-06-03 03:00:00,2050-06-02,2431.54,nan,916.53,941.88,805.01
2050-06-03 00:00:00,2050-06-03 04:00:00,2050-06-03,2029.01,nan,766.37,786.77,675.13
2050-06-03 01:00:00,2050-06-03 05:00:00,2050-06-03,1700.13,nan,643.09,659.4,568.73
2050-06-03 02:00:00,2050-06-03 06:00:00,2050-06-03,1434.8,nan,543.69,556.66,482.95
2050-06-03 03:00:00,2050-06-03 07:00:00,2050-06-03,1224.63,nan,464.7,475.1,414.89
2050-06-03 04:00:00,2050-06-03 08:00:00,2050-06-03,1038.97,nan,395.34,403.12,353.64
2050-06-03 05:00:00,2050-06-03 09:00:00,2050-06-03,899.59,nan,341.97,347.92,307.95
2050-06-03 06:00:00,2050-06-03 10:00:00,2050-06-03,884.77,nan,336.94,342.85,301.35
2050-06-03 07:00:00,2050-06-03 11:00:00,2050-06-03,1058.82,nan,403.35,412.43,355.82
2050-06-03 08:00:00,2050-06-03 12:00:00,2050-06-03,1321.7,nan,500.36,512.84,443.04
2050-06-03 09:00:00,2050-06-03 13:00:00,2050-06-03,1755.36,nan,661.64,678.12,587.77
2050-06-03 10:00:00,2050-06-03 14:00:00,2050-06-03,2135.3,nan,803.37,825.07,707.85
2050-06-03 11:00:00,2050-06-03 15:00:00,2050-06-03,2912.86,nan,1095.47,1126.31,957.93
2050-06-03 12:00:00,2050-06-03 16:00:00,2050-06-03,3564.31,nan,1338.2,1376.03,1172.57
2050-06-03 13:00:00,2050-06-03 17:00:00,2050-06-03,3726.69,nan,1390.13,1429.44,1228.16
2050-06-03 14:00:00,2050-06-03 18:00:00,2050-06-03,3673.05,nan,1378.27,1413.93,1217.07
2050-06-03 15:00:00,2050-06-03 19:00:00,2050-06-03,3210.51,nan,1197.19,1227.8,1069.21
2050-06-03 16:00:00,2050-06-03 20:00:00,2050-06-03,2876.66,nan,1071.93,1099.56,957.32
2050-06-03 17:00:00,2050-06-03 21:00:00,2050-06-03,2866.61,nan,1073.09,1100.76,953.83
2050-06-03 18:00:00,2050-06-03 22:00:00,2050-06-03,2761.65,nan,1032.24,1058.14,917.51
2050-06-03 19:00:00,2050-06-03 23:00:00,2050-06-03,2329.65,nan,870.65,893.11,771.76
2050-06-03 20:00:00,2050-06-04 00:00:00,2050-06-03,1926.63,nan,719.5,737.54,640.39
2050-06-03 21:00:00,2050-06-04 01:00:00,2050-06-03,1611.68,nan,600.49,614.1,539.12
2050-06-03 22:00:00,2050-06-04 02:00:00,2050-06-03,1393.19,nan,519.07,529.83,467.73
2050-06-03 23:00:00,2050-06-04 03:00:00,2050-06-03,1173.2,nan,436.77,444.81,396.05
2050-06-04 00:00:00,2050-06-04 04:00:00,2050-06-04,970.76,nan,359.54,365.58,329.39
2050-06-04 01:00:00,2050-06-04 05:00:00,2050-06-04,856.86,nan,318.66,323.57,292.17
2050-06-04 02:00:00,2050-06-04 06:00:00,2050-06-04,751.13,nan,279.54,283.27,258.0
2050-06-04 03:00:00,2050-06-04 07:00:00,2050-06-04,674.96,nan,251.03,253.78,233.39
2050-06-04 04:00:00,2050-06-04 08:00:00,2050-06-04,595.22,nan,220.74,222.65,207.12
2050-06-04 05:00:00,2050-06-04 09:00:00,2050-06-04,456.48,nan,168.08,168.38,162.17
2050-06-04 06:00:00,2050-06-04 10:00:00,2050-06-04,434.7,nan,157.15,157.62,149.58
2050-06-04 07:00:00,2050-06-04 11:00:00,2050-06-04,567.63,nan,204.66,206.63,187.98
2050-06-04 08:00:00,2050-06-04 12:00:00,2050-06-04,955.07,nan,351.7,357.62,315.76
2050-06-04 09:00:00,2050-06-04 13:00:00,2050-06-04,1634.09,nan,608.49,621.17,538.74
2050-06-04 10:00:00,2050-06-04 14:00:00,2050-06-04,2235.09,nan,833.34,853.43,731.21
2050-06-04 11:00:00,2050-06-04 15:00:00,2050-06-04,3105.56,nan,1159.23,1189.46,1010.21
2050-06-04 12:00:00,2050-06-04 16:00:00,2050-06-04,3968.98,nan,1483.45,1523.57,1291.16
2050-06-04 13:00:00,2050-06-04 17:00:00,2050-06-04,4604.24,nan,1718.96,1766.92,1501.79
2050-06-04 14:00:00,2050-06-04 18:00:00,2050-06-04,5159.05,nan,1922.55,1977.72,1683.37
2050-06-04 15:00:00,2050-06-04 19:00:00,2050-06-04,5530.28,nan,2058.21,2118.16,1804.47
2050-06-04 16:00:00,2050-06-04 20:00:00,2050-06-04,5735.98,nan,2134.37,2196.98,1871.11
2050-06-04 17:00:00,2050-06-04 21:00:00,2050-06-04,5747.03,nan,2141.56,2204.17,1875.5
2050-06-04 18:00:00,2050-06-04 22:00:00,2050-06-04,5678.98,nan,2118.05,2179.62,1853.88
2050-06-04 19:00:00,2050-06-04 23:00:00,2050-06-04,4874.65,nan,1813.9,1867.45,1590.16
2050-06-04 20:00:00,2050-06-05 00:00:00,2050-06-04,4153.11,nan,1548.94,1594.46,1357.59
2050-06-04 21:00:00,2050-06-05 01:00:00,2050-06-04,3513.22,nan,1311.69,1349.27,1153.63
2050-06-04 22:00:00,2050-06-05 02:00:00,2050-06-04,2996.41,nan,1119.37,1150.78,986.72
2050-06-04 23:00:00,2050-06-05 03:00:00,2050-06-04,2597.69,nan,972.26,999.09,858.12
2050-06-05 00:00:00,2050-06-05 04:00:00,2050-06-05,2267.25,nan,849.91,872.61,751.46
2050-06-05 01:00:00,2050-06-05 05:00:00,2050-06-05,1990.14,nan,746.15,765.42,661.84
2050-06-05 02:00:00,2050-06-05 06:00:00,2050-06-05,1756.86,nan,659.49,675.96,586.29
2050-06-05 03:00:00,2050-06-05 07:00:00,2050-06-05,1558.36,nan,585.17,599.26,521.6
2050-06-05 04:00:00,2050-06-05 08:00:00,2050-06-05,1394.7,nan,524.47,536.54,468.47
2050-06-05 05:00:00,2050-06-05 09:00:00,2050-06-05,1241.16,nan,467.0,477.25,418.86
2050-06-05 06:00:00,2050-06-05 10:00:00,2050-06-05,1246.82,nan,467.77,478.05,416.79
2050-06-05 07:00:00,2050-06-05 11:00:00,2050-06-05,1803.04,nan,676.36,693.91,588.88
2050-06-05 08:00:00,2050-06-05 12:00:00,2050-06-05,2427.17,nan,905.75,929.87,791.37
2050-06-05 09:00:00,2050-06-05 13:00:00,2050-06-05,3309.77,nan,1235.72,1268.8,1080.01
2050-06-05 10:00:00,2050-06-05 14:00:00,2050-06-05,3943.94,nan,1472.49,1513.15,1283.29
2050-06-05 11:00:00,2050-06-05 15:00:00,2050-06-05,4646.62,nan,1737.05,1785.43,1514.51
2050-06-05 12:00:00,2050-06-05 16:00:00,2050-06-05,5079.17,nan,1894.72,1949.22,1656.17
2050-06-05 13:00:00,2050-06-05 17:00:00,2050-06-05,5427.84,nan,2032.22,2091.02,1775.47
2050-06-05 14:00:00,2050-06-05 18:00:00,2050-06-05,5504.26,nan,2063.96,2122.78,1806.33
2050-06-05 15:00:00,2050-06-05 19:00:00,2050-06-05,4848.26,nan,1818.07,1867.59,1597.09
2050-06-05 16:00:00,2050-06-05 20:00:00,2050-06-05,4519.57,nan,1702.43,1748.51,1493.38
2050-06-05 17:00:00,2050-06-05 21:00:00,2050-06-05,3568.86,nan,1342.31,1377.75,1183.5
2050-06-05 18:00:00,2050-06-05 22:00:00,2050-06-05,3202.54,nan,1204.81,1236.49,1061.74
2050-06-05 19:00:00,2050-06-05 23:00:00,2050-06-05,2922.76,nan,1107.02,1138.5,962.06
2050-06-05 20:00:00,2050-06-06 00:00:00,2050-06-05,2479.7,nan,941.24,968.4,815.66
2050-06-05 21:00:00,2050-06-06 01:00:00,2050-06-05,2167.41,nan,824.46,846.83,716.98
2050-06-05 22:00:00,2050-06-06 02:00:00,2050-06-05,1925.38,nan,732.06,751.49,637.85
2050-06-05 23:00:00,2050-06-06 03:00:00,2050-06-05,1755.3,nan,666.81,683.94,582.39
2050-06-06 00:00:00,2050-06-06 04:00:00,2050-06-06,1549.53,nan,587.66,601.91,515.74
2050-06-06 01:00:00,2050-06-06 05:00:00,2050-06-06,1363.7,nan,516.38,528.31,453.96
2050-06-06 02:00:00,2050-06-06 06:00:00,2050-06-06,1185.45,nan,448.38,457.98,396.33
2050-06-06 03:00:00,2050-06-06 07:00:00,2050-06-06,993.57,nan,375.45,382.77,334.28
2050-06-06 04:00:00,2050-06-06 08:00:00,2050-06-06,827.13,nan,313.61,318.9,280.52
2050-06-06 05:00:00,2050-06-06 09:00:00,2050-06-06,647.42,nan,245.4,248.67,223.1
2050-06-06 06:00:00,2050-06-06 10:00:00,2050-06-06,625.44,nan,236.03,238.78,213.53
2050-06-06 07:00:00,2050-06-06 11:00:00,2050-06-06,849.8,nan,315.66,321.59,280.35
2050-06-06 08:00:00,2050-06-06 12:00:00,2050-06-06,1511.59,nan,567.42,580.41,494.83
2050-06-06 09:00:00,2050-06-06 13:00:00,2050-06-06,2541.45,nan,952.01,975.14,830.78
2050-06-06 10:00:00,2050-06-06 14:00:00,2050-06-06,3122.42,nan,1161.52,1191.5,1018.86
2050-06-06 11:00:00,2050-06-06 15:00:00,2050-06-06,3517.54,nan,1304.96,1339.28,1147.43
2050-06-06 12:00:00,2050-06-06 16:00:00,2050-06-06,4146.8,nan,1544.12,1586.55,1353.51
2050-06-06 13:00:00,2050-06-06 17:00:00,2050-06-06,4499.83,nan,1682.84,1730.7,1472.68
2050-06-06 14:00:00,2050-06-06 18:00:00,2050-06-06,4654.07,nan,1738.26,1788.0,1525.94
2050-06-06 15:00:00,2050-06-06 19:00:00,2050-06-06,4631.57,nan,1740.85,1789.45,1522.76
2050-06-06 16:00:00,2050-06-06 20:00:00,2050-06-06,4398.54,nan,1656.13,1702.2,1452.28
2050-06-06 17:00:00,2050-06-06 21:00:00,2050-06-06,4145.15,nan,1560.57,1603.11,1370.11
2050-06-06 18:00:00,2050-06-06 22:00:00,2050-06-06,3780.6,nan,1422.47,1461.45,1253.79
2050-06-06 19:00:00,2050-06-06 23:00:00,2050-06-06,3098.43,nan,1168.66,1200.16,1024.25
2050-06-06 20:00:00,2050-06-07 00:00:00,2050-06-06,2021.97,nan,757.68,778.44,671.34
2050-06-06 21:00:00,2050-06-07 01:00:00,2050-06-06,1275.34,nan,479.04,490.7,430.64
2050-06-06 22:00:00,2050-06-07 02:00:00,2050-06-06,587.58,nan,222.55,225.93,209.12
2050-06-06 23:00:00,2050-06-07 03:00:00,2050-06-06,104.59,nan,38.88,36.02,45.59
2050-06-07 00:00:00,2050-06-07 04:00:00,2050-06-07,39.65,nan,14.35,12.18,18.06
2050-06-07 01:00:00,2050-06-07 05:00:00,2050-06-07,19.39,nan,6.65,5.31,8.2
2050-06-07 02:00:00,2050-06-07 06:00:00,2050-06-07,12.77,nan,4.2,3.22,5.24
2050-06-07 03:00:00,2050-06-07 07:00:00,2050-06-07,11.36,nan,3.43,2.69,4.2
2050-06-07 04:00:00,2050-06-07 08:00:00,2050-06-07,83.21,nan,29.75,29.61,22.6
2050-06-07 05:00:00,2050-06-07 09:00:00,2050-06-07,292.13,nan,109.08,111.84,83.62
2050-06-07 06:00:00,2050-06-07 10:00:00,2050-06-07,393.02,nan,149.01,153.21,116.59
2050-06-07 07:00:00,2050-06-07 11:00:00,2050-06-07,108.01,nan,41.9,42.13,34.62
2050-06-07 08:00:00,2050-06-07 12:00:00,2050-06-07,22.47,nan,8.04,6.65,9.49
2050-06-07 09:00:00,2050-06-07 13:00:00,2050-06-07,69.06,nan,24.59,21.46,29.72
2050-06-07 10:00:00,2050-06-07 14:00:00,2050-06-07,239.43,nan,89.97,86.97,91.58
2050-06-07 11:00:00,2050-06-07 15:00:00,2050-06-07,737.67,nan,284.72,286.42,250.86
2050-06-07 12:00:00,2050-06-07 16:00:00,2050-06-07,1303.98,nan,492.21,499.01,431.05
2050-06-07 13:00:00,2050-06-07 17:00:00,2050-06-07,1638.92,nan,612.94,624.72,535.42
2050-06-07 14:00:00,2050-06-07 18:00:00,2050-06-07,2027.01,nan,753.57,769.55,657.77
2050-06-07 15:00:00,2050-06-07 19:00:00,2050-06-07,2590.5,nan,963.77,986.46,839.77
2050-06-07 16:00:00,2050-06-07 20:00:00,2050-06-07,3060.27,nan,1139.05,1167.67,992.7
2050-06-07 17:00:00,2050-06-07 21:00:00,2050-06-07,3424.57,nan,1276.2,1309.53,1112.69
2050-06-07 18:00:00,2050-06-07 22:00:00,2050-06-07,3712.27,nan,1385.27,1422.35,1205.49
2050-06-07 19:00:00,2050-06-07 23:00:00,2050-06-07,3495.72,nan,1306.77,1343.6,1128.53
2050-06-07 20:00:00,2050-06-08 00:00:00,2050-06-07,2873.54,nan,1077.29,1107.67,928.1
2050-06-07 21:00:00,2050-06-08 01:00:00,2050-06-07,2165.16,nan,813.81,836.01,703.87
2050-06-07 22:00:00,2050-06-08 02:00:00,2050-06-07,1550.4,nan,582.7,597.53,507.62
2050-06-07 23:00:00,2050-06-08 03:00:00,2050-06-07,953.12,nan,358.5,366.25,316.35
2050-06-08 00:00:00,2050-06-08 04:00:00,2050-06-08,419.29,nan,157.24,158.88,144.31
2050-06-08 01:00:00,2050-06-08 05:00:00,2050-06-08,123.85,nan,44.58,42.36,46.64
2050-06-08 02:00:00,2050-06-08 06:00:00,2050-06-08,49.7,nan,16.67,14.34,19.55
2050-06-08 03:00:00,2050-06-08 07:00:00,2050-06-08,25.22,nan,7.91,6.16,9.12
2050-06-08 04:00:00,2050-06-08 08:00:00,2050-06-08,16.37,nan,5.17,3.84,5.88
2050-06-08 05:00:00,2050-06-08 09:00:00,2050-06-08,12.56,nan,3.71,2.72,4.39
2050-06-08 06:00:00,2050-06-08 10:00:00,2050-06-08,23.38,nan,7.93,7.25,7.53
2050-06-08 07:00:00,2050-06-08 11:00:00,2050-06-08,14.2,nan,4.82,3.91,5.95
2050-06-08 08:00:00,2050-06-08 12:00:00,2050-06-08,49.59,nan,16.41,14.78,20.11
2050-06-08 09:00:00,2050-06-08 13:00:00,2050-06-08,294.93,nan,107.1,105.36,106.92
2050-06-08 10:00:00,2050-06-08 14:00:00,2050-06-08,689.95,nan,252.26,253.75,232.43
2050-06-08 11:00:00,2050-06-08 15:00:00,2050-06-08,1440.51,nan,532.16,542.11,472.44
2050-06-08 12:00:00,2050-06-08 16:00:00,2050-06-08,2172.35,nan,808.81,827.48,712.75
2050-06-08 13:00:00,2050-06-08 17:00:00,2050-06-08,2663.42,nan,993.68,1018.27,873.04
2050-06-08 14:00:00,2050-06-08 18:00:00,2050-06-08,3159.35,nan,1179.69,1209.89,1033.99
2050-06-08 15:00:00,2050-06-08 19:00:00,2050-06-08,3563.72,nan,1331.29,1366.0,1164.71
2050-06-08 16:00:00,2050-06-08 20:00:00,2050-06-08,3850.64,nan,1438.41,1476.75,1258.64
2050-06-08 17:00:00,2050-06-08 21:00:00,2050-06-08,4037.26,nan,1509.52,1550.05,1318.69
2050-06-08 18:00:00,2050-06-08 22:00:00,2050-06-08,4203.16,nan,1570.85,1613.73,1370.16
2050-06-08 19:00:00,2050-06-08 23:00:00,2050-06-08,3835.42,nan,1433.56,1474.55,1242.82
2050-06-08 20:00:00,2050-06-09 00:00:00,2050-06-08,3098.2,nan,1159.95,1193.49,1002.68
2050-06-08 21:00:00,2050-06-09 01:00:00,2050-06-08,2254.43,nan,845.01,868.41,735.41
2050-06-08 22:00:00,2050-06-09 02:00:00,2050-06-08,1566.8,nan,588.22,603.57,515.13
2050-06-08 23:00:00,2050-06-09 03:00:00,2050-06-08,936.42,nan,351.83,359.81,312.29
2050-06-09 00:00:00,2050-06-09 04:00:00,2050-06-09,391.61,nan,145.68,147.35,135.9
2050-06-09 01:00:00,2050-06-09 05:00:00,2050-06-09,127.06,nan,45.47,43.52,48.1
2050-06-09 02:00:00,2050-06-09 06:00:00,2050-06-09,52.37,nan,17.62,15.37,20.68
2050-06-09 03:00:00,2050-06-09 07:00:00,2050-06-09,27.18,nan,8.7,6.94,10.14
2050-06-09 04:00:00,2050-06-09 08:00:00,2050-06-09,18.86,nan,6.1,4.65,6.89
2050-06-09 05:00:00,2050-06-09 09:00:00,2050-06-09,14.79,nan,4.56,3.36,5.28
2050-06-09 06:00:00,2050-06-09 10:00:00,2050-06-09,15.07,nan,4.76,3.75,5.23
2050-06-09 07:00:00,2050-06-09 11:00:00,2050-06-09,19.82,nan,6.61,5.57,7.85
2050-06-09 08:00:00,2050-06-09 12:00:00,2050-06-09,153.46,nan,55.0,54.36,52.97
2050-06-09 09:00:00,2050-06-09 13:00:00,2050-06-09,485.01,nan,170.9,171.71,165.92
2050-06-09 10:00:00,2050-06-09 14:00:00,2050-06-09,1192.6,nan,436.98,446.25,391.1
2050-06-09 11:00:00,2050-06-09 15:00:00,2050-06-09,1635.15,nan,594.29,607.04,535.55
2050-06-09 12:00:00,2050-06-09 16:00:00,2050-06-09,2011.38,nan,735.71,752.95,657.66
2050-06-09 13:00:00,2050-06-09 17:00:00,2050-06-09,2098.53,nan,770.83,789.43,690.09
2050-06-09 14:00:00,2050-06-09 18:00:00,2050-06-09,2029.9,nan,747.88,765.3,671.58
2050-06-09 15:00:00,2050-06-09 19:00:00,2050-06-09,1840.09,nan,680.87,696.02,614.87
2050-06-09 16:00:00,2050-06-09 20:00:00,2050-06-09,1414.55,nan,520.72,530.2,478.42
2050-06-09 17:00:00,2050-06-09 21:00:00,2050-06-09,1033.99,nan,379.18,384.6,356.53
2050-06-09 18:00:00,2050-06-09 22:00:00,2050-06-09,672.93,nan,245.16,245.86,240.28
2050-06-09 19:00:00,2050-06-09 23:00:00,2050-06-09,149.73,nan,50.21,47.0,62.65
2050-06-09 20:00:00,2050-06-10 00:00:00,2050-06-09,52.25,nan,18.6,16.28,23.69
2050-06-09 21:00:00,2050-06-10 01:00:00,2050-06-09,36.09,nan,12.89,10.91,16.33
2050-06-09 22:00:00,2050-06-10 02:00:00,2050-06-09,30.5,nan,10.36,8.32,12.67
2050-06-09 23:00:00,2050-06-10 03:00:00,2050-06-09,29.18,nan,9.75,7.68,11.52
2050-06-10 00:00:00,2050-06-10 04:00:00,2050-06-10,34.16,nan,11.47,9.07,13.71
2050-06-10 01:00:00,2050-06-10 05:00:00,2050-06-10,39.48,nan,13.06,10.37,15.32
2050-06-10 02:00:00,2050-06-10 06:00:00,2050-06-10,43.56,nan,14.45,11.56,16.51
2050-06-10 03:00:00,2050-06-10 07:00:00,2050-06-10,47.27,nan,15.43,12.16,17.75
2050-06-10 04:00:00,2050-06-10 08:00:00,2050-06-10,36.93,nan,12.25,9.64,14.52
2050-06-10 05:00:00,2050-06-10 09:00:00,2050-06-10,31.92,nan,10.53,8.15,12.58
2050-06-10 06:00:00,2050-06-10 10:00:00,2050-06-10,25.47,nan,8.25,6.28,9.99
2050-06-10 07:00:00,2050-06-10 11:00:00,2050-06-10,37.77,nan,13.58,11.36,15.82
2050-06-10 08:00:00,2050-06-10 12:00:00,2050-06-10,203.53,nan,77.42,74.49,75.51
2050-06-10 09:00:00,2050-06-10 13:00:00,2050-06-10,754.94,nan,290.01,291.26,255.72
2050-06-10 10:00:00,2050-06-10 14:00:00,2050-06-10,1319.64,nan,503.75,512.01,436.92
2050-06-10 11:00:00,2050-06-10 15:00:00,2050-06-10,2019.91,nan,766.06,782.64,662.7
2050-06-10 12:00:00,2050-06-10 16:00:00,2050-06-10,2649.22,nan,1001.0,1024.81,867.64
2050-06-10 13:00:00,2050-06-10 17:00:00,2050-06-10,3206.97,nan,1209.84,1240.62,1050.0
2050-06-10 14:00:00,2050-06-10 18:00:00,2050-06-10,3835.01,nan,1440.71,1477.84,1255.66
2050-06-10 15:00:00,2050-06-10 19:00:00,2050-06-10,4405.06,nan,1648.31,1693.69,1442.35
2050-06-10 16:00:00,2050-06-10 20:00:00,2050-06-10,4770.13,nan,1785.86,1835.46,1566.08
2050-06-10 17:00:00,2050-06-10 21:00:00,2050-06-10,4976.07,nan,1862.6,1915.38,1632.67
2050-06-10 18:00:00,2050-06-10 22:00:00,2050-06-10,4921.99,nan,1863.82,1915.58,1613.34
2050-06-10 19:00:00,2050-06-10 23:00:00,2050-06-10,4307.18,nan,1628.6,1675.24,1407.21
2050-06-10 20:00:00,2050-06-11 00:00:00,2050-06-10,3466.64,nan,1315.03,1352.78,1131.79
2050-06-10 21:00:00,2050-06-11 01:00:00,2050-06-10,2567.3,nan,977.0,1003.87,844.39
2050-06-10 22:00:00,2050-06-11 02:00:00,2050-06-10,1900.84,nan,728.63,747.59,631.12
2050-06-10 23:00:00,2050-06-11 03:00:00,2050-06-10,1313.25,nan,506.89,518.72,440.51
2050-06-11 00:00:00,2050-06-11 04:00:00,2050-06-11,830.26,nan,324.28,330.58,284.86
2050-06-11 01:00:00,2050-06-11 05:00:00,2050-06-11,446.66,nan,175.87,177.46,156.44
2050-06-11 02:00:00,2050-06-11 06:00:00,2050-06-11,228.37,nan,88.52,87.03,83.36
2050-06-11 03:00:00,2050-06-11 07:00:00,2050-06-11,125.32,nan,47.96,45.4,48.26
2050-06-11 04:00:00,2050-06-11 08:00:00,2050-06-11,62.34,nan,22.46,19.61,24.92
2050-06-11 05:00:00,2050-06-11 09:00:00,2050-06-11,38.3,nan,13.7,11.47,16.02
2050-06-11 06:00:00,2050-06-11 10:00:00,2050-06-11,27.91,nan,9.81,8.0,11.49
2050-06-11 07:00:00,2050-06-11 11:00:00,2050-06-11,24.53,nan,8.54,6.88,10.01
2050-06-11 08:00:00,2050-06-11 12:00:00,2050-06-11,57.75,nan,21.09,18.44,24.94
2050-06-11 09:00:00,2050-06-11 13:00:00,2050-06-11,208.8,nan,77.29,74.37,80.6
2050-06-11 10:00:00,2050-06-11 14:00:00,2050-06-11,311.32,nan,115.23,113.97,114.05
2050-06-11 11:00:00,2050-06-11 15:00:00,2050-06-11,614.47,nan,235.63,238.71,213.88
2050-06-11 12:00:00,2050-06-11 16:00:00,2050-06-11,1113.48,nan,431.55,440.41,379.64
2050-06-11 13:00:00,2050-06-11 17:00:00,2050-06-11,1581.74,nan,617.46,631.73,535.23
2050-06-11 14:00:00,2050-06-11 18:00:00,2050-06-11,2016.61,nan,783.19,802.78,679.68
2050-06-11 15:00:00,2050-06-11 19:00:00,2050-06-11,2138.13,nan,816.26,838.15,717.67
2050-06-11 16:00:00,2050-06-11 20:00:00,2050-06-11,2138.63,nan,808.47,828.23,715.67
2050-06-11 17:00:00,2050-06-11 21:00:00,2050-06-11,2261.14,nan,850.44,871.97,751.33
2050-06-11 18:00:00,2050-06-11 22:00:00,2050-06-11,2422.06,nan,911.22,934.83,801.54
2050-06-11 19:00:00,2050-06-11 23:00:00,2050-06-11,2015.1,nan,755.69,775.69,664.0
2050-06-11 20:00:00,2050-06-12 00:00:00,2050-06-11,1504.94,nan,568.47,583.52,495.34
2050-06-11 21:00:00,2050-06-12 01:00:00,2050-06-11,902.04,nan,345.11,352.26,305.01
2050-06-11 22:00:00,2050-06-12 02:00:00,2050-06-11,509.68,nan,196.39,198.85,177.11
2050-06-11 23:00:00,2050-06-12 03:00:00,2050-06-11,295.6,nan,113.42,113.31,105.76
2050-06-12 00:00:00,2050-06-12 04:00:00,2050-06-12,169.97,nan,63.74,61.77,63.5
2050-06-12 01:00:00,2050-06-12 05:00:00,2050-06-12,121.36,nan,44.72,42.04,46.3
2050-06-12 02:00:00,2050-06-12 06:00:00,2050-06-12,99.74,nan,36.4,33.61,38.53
2050-06-12 03:00:00,2050-06-12 07:00:00,2050-06-12,87.8,nan,31.79,28.92,34.15
2050-06-12 04:00:00,2050-06-12 08:00:00,2050-06-12,75.5,nan,26.87,23.83,29.8
2050-06-12 05:00:00,2050-06-12 09:00:00,2050-06-12,65.59,nan,23.22,20.09,26.24
2050-06-12 06:00:00,2050-06-12 10:00:00,2050-06-12,65.12,nan,22.98,19.91,25.72
2050-06-12 07:00:00,2050-06-12 11:00:00,2050-06-12,153.95,nan,56.97,54.93,56.49
2050-06-12 08:00:00,2050-06-12 12:00:00,2050-06-12,438.04,nan,166.75,168.42,150.08
2050-06-12 09:00:00,2050-06-12 13:00:00,2050-06-12,994.09,nan,378.92,384.46,336.63
2050-06-12 10:00:00,2050-06-12 14:00:00,2050-06-12,1460.2,nan,548.26,561.69,484.34
2050-06-12 11:00:00,2050-06-12 15:00:00,2050-06-12,2035.53,nan,761.88,781.82,672.05
2050-06-12 12:00:00,2050-06-12 16:00:00,2050-06-12,2445.68,nan,912.06,936.53,806.92
2050-06-12 13:00:00,2050-06-12 17:00:00,2050-06-12,2836.24,nan,1060.94,1089.66,934.62
2050-06-12 14:00:00,2050-06-12 18:00:00,2050-06-12,3150.11,nan,1181.21,1213.06,1038.91
2050-06-12 15:00:00,2050-06-12 19:00:00,2050-06-12,3117.47,nan,1173.39,1204.29,1032.03
2050-06-12 16:00:00,2050-06-12 20:00:00,2050-06-12,2963.38,nan,1117.91,1146.45,983.35
2050-06-12 17:00:00,2050-06-12 21:00:00,2050-06-12,2811.59,nan,1063.42,1090.59,933.65
2050-06-12 18:00:00,2050-06-12 22:00:00,2050-06-12,2778.19,nan,1057.8,1086.12,921.45
2050-06-12 19:00:00,2050-06-12 23:00:00,2050-06-12,2255.75,nan,860.18,883.53,748.62
2050-06-12 20:00:00,2050-06-13 00:00:00,2050-06-12,1745.33,nan,666.62,684.52,580.83
2050-06-12 21:00:00,2050-06-13 01:00:00,2050-06-12,1384.45,nan,531.68,544.9,465.12
2050-06-12 22:00:00,2050-06-13 02:00:00,2050-06-12,1120.02,nan,432.05,441.87,379.74
2050-06-12 23:00:00,2050-06-13 03:00:00,2050-06-12,909.31,nan,353.2,360.09,311.19
2050-06-13 00:00:00,2050-06-13 04:00:00,2050-06-13,725.31,nan,282.44,286.71,250.69
2050-06-13 01:00:00,2050-06-13 05:00:00,2050-06-13,564.67,nan,219.45,221.69,196.74
2050-06-13 02:00:00,2050-06-13 06:00:00,2050-06-13,455.29,nan,176.85,177.41,160.35
2050-06-13 03:00:00,2050-06-13 07:00:00,2050-06-13,336.15,nan,129.08,128.24,119.76
2050-06-13 04:00:00,2050-06-13 08:00:00,2050-06-13,274.78,nan,103.99,101.9,99.38
2050-06-13 05:00:00,2050-06-13 09:00:00,2050-06-13,218.58,nan,80.07,77.45,80.52
2050-06-13 06:00:00,2050-06-13 10:00:00,2050-06-13,258.92,nan,95.38,93.2,91.71
2050-06-13 07:00:00,2050-06-13 11:00:00,2050-06-13,711.61,nan,272.02,275.73,237.13
2050-06-13 08:00:00,2050-06-13 12:00:00,2050-06-13,1250.63,nan,473.56,484.06,408.08
2050-06-13 09:00:00,2050-06-13 13:00:00,2050-06-13,1882.48,nan,709.01,725.79,614.74
2050-06-13 10:00:00,2050-06-13 14:00:00,2050-06-13,2295.32,nan,860.17,881.76,752.88
2050-06-13 11:00:00,2050-06-13 15:00:00,2050-06-13,2587.03,nan,959.35,983.72,847.41
2050-06-13 12:00:00,2050-06-13 16:00:00,2050-06-13,2693.44,nan,991.64,1018.38,878.68
2050-06-13 13:00:00,2050-06-13 17:00:00,2050-06-13,2809.3,nan,1032.2,1061.12,915.29
2050-06-13 14:00:00,2050-06-13 18:00:00,2050-06-13,3209.17,nan,1185.06,1219.97,1041.02
2050-06-13 15:00:00,2050-06-13 19:00:00,2050-06-13,3583.71,nan,1329.78,1368.9,1164.45
2050-06-13 16:00:00,2050-06-13 20:00:00,2050-06-13,4066.56,nan,1524.15,1568.62,1327.6
2050-06-13 17:00:00,2050-06-13 21:00:00,2050-06-13,4182.97,nan,1575.56,1618.53,1376.18
2050-06-13 18:00:00,2050-06-13 22:00:00,2050-06-13,4034.28,nan,1520.22,1560.42,1322.84
2050-06-13 19:00:00,2050-06-13 23:00:00,2050-06-13,3379.44,nan,1273.85,1307.95,1105.22
2050-06-13 20:00:00,2050-06-14 00:00:00,2050-06-13,2750.01,nan,1039.95,1067.45,899.18
2050-06-13 21:00:00,2050-06-14 01:00:00,2050-06-13,2218.56,nan,840.7,861.82,729.48
2050-06-13 22:00:00,2050-06-14 02:00:00,2050-06-13,1783.16,nan,678.17,694.27,589.4
2050-06-13 23:00:00,2050-06-14 03:00:00,2050-06-13,1367.31,nan,521.98,533.17,455.41
2050-06-14 00:00:00,2050-06-14 04:00:00,2050-06-14,1050.68,nan,404.46,412.0,354.41
2050-06-14 01:00:00,2050-06-14 05:00:00,2050-06-14,793.38,nan,308.17,312.83,271.66
2050-06-14 02:00:00,2050-06-14 06:00:00,2050-06-14,565.92,nan,221.83,224.14,197.32
2050-06-14 03:00:00,2050-06-14 07:00:00,2050-06-14,334.35,nan,130.35,130.1,118.53
2050-06-14 04:00:00,2050-06-14 08:00:00,2050-06-14,174.57,nan,66.53,64.26,65.89
2050-06-14 05:00:00,2050-06-14 09:00:00,2050-06-14,82.22,nan,29.56,26.14,33.51
2050-06-14 06:00:00,2050-06-14 10:00:00,2050-06-14,67.26,nan,24.22,21.09,27.71
2050-06-14 07:00:00,2050-06-14 11:00:00,2050-06-14,96.43,nan,36.14,33.82,36.42
2050-06-14 08:00:00,2050-06-14 12:00:00,2050-06-14,217.77,nan,82.1,80.67,77.72
2050-06-14 09:00:00,2050-06-14 13:00:00,2050-06-14,543.06,nan,208.05,208.84,189.04
2050-06-14 10:00:00,2050-06-14 14:00:00,2050-06-14,811.07,nan,311.35,316.29,277.62
2050-06-14 11:00:00,2050-06-14 15:00:00,2050-06-14,1380.63,nan,528.55,540.23,460.37
2050-06-14 12:00:00,2050-06-14 16:00:00,2050-06-14,2063.74,nan,785.71,805.41,681.75
2050-06-14 13:00:00,2050-06-14 17:00:00,2050-06-14,2720.11,nan,1034.32,1061.9,897.53
2050-06-14 14:00:00,2050-06-14 18:00:00,2050-06-14,3417.18,nan,1292.64,1328.22,1127.35
2050-06-14 15:00:00,2050-06-14 19:00:00,2050-06-14,4008.3,nan,1509.28,1552.29,1321.04
2050-06-14 16:00:00,2050-06-14 20:00:00,2050-06-14,4455.41,nan,1671.09,1720.46,1466.15
2050-06-14 17:00:00,2050-06-14 21:00:00,2050-06-14,4710.16,nan,1764.63,1817.65,1547.56
2050-06-14 18:00:00,2050-06-14 22:00:00,2050-06-14,4827.29,nan,1807.38,1862.01,1584.92
2050-06-14 19:00:00,2050-06-14 23:00:00,2050-06-14,4424.02,nan,1657.43,1708.77,1446.36
2050-06-14 20:00:00,2050-06-15 00:00:00,2050-06-14,3715.42,nan,1393.28,1436.2,1215.93
2050-06-14 21:00:00,2050-06-15 01:00:00,2050-06-14,3057.31,nan,1148.43,1182.65,1006.13
2050-06-14 22:00:00,2050-06-15 02:00:00,2050-06-14,2513.54,nan,946.9,973.88,830.71
2050-06-14 23:00:00,2050-06-15 03:00:00,2050-06-14,1892.51,nan,716.55,736.14,626.42
2050-06-15 00:00:00,2050-06-15 04:00:00,2050-06-15,1360.42,nan,516.79,529.97,458.25
2050-06-15 01:00:00,2050-06-15 05:00:00,2050-06-15,955.57,nan,365.1,373.26,327.27
2050-06-15 02:00:00,2050-06-15 06:00:00,2050-06-15,564.49,nan,216.03,219.2,198.07
2050-06-15 03:00:00,2050-06-15 07:00:00,2050-06-15,250.89,nan,95.42,94.24,92.9
2050-06-15 04:00:00,2050-06-15 08:00:00,2050-06-15,109.05,nan,39.97,37.48,43.87
2050-06-15 05:00:00,2050-06-15 09:00:00,2050-06-15,60.52,nan,21.53,18.85,25.2
2050-06-15 06:00:00,2050-06-15 10:00:00,2050-06-15,42.59,nan,14.88,12.59,17.86
2050-06-15 07:00:00,2050-06-15 11:00:00,2050-06-15,96.7,nan,36.46,34.99,36.58
2050-06-15 08:00:00,2050-06-15 12:00:00,2050-06-15,388.36,nan,149.06,150.55,133.31
2050-06-15 09:00:00,2050-06-15 13:00:00,2050-06-15,1172.88,nan,445.2,454.73,388.88
2050-06-15 10:00:00,2050-06-15 14:00:00,2050-06-15,1917.95,nan,722.7,740.42,627.99
2050-06-15 11:00:00,2050-06-15 15:00:00,2050-06-15,2618.82,nan,983.29,1008.7,853.57
2050-06-15 12:00:00,2050-06-15 16:00:00,2050-06-15,3213.07,nan,1204.75,1236.58,1046.33
2050-06-15 13:00:00,2050-06-15 17:00:00,2050-06-15,3647.07,nan,1369.3,1406.23,1191.19
2050-06-15 14:00:00,2050-06-15 18:00:00,2050-06-15,4133.67,nan,1549.73,1592.35,1351.98
2050-06-15 15:00:00,2050-06-15 19:00:00,2050-06-15,4527.97,nan,1691.75,1739.95,1480.54
2050-06-15 16:00:00,2050-06-15 20:00:00,2050-06-15,4757.61,nan,1775.84,1827.41,1555.79
2050-06-15 17:00:00,2050-06-15 21:00:00,2050-06-15,4767.27,nan,1779.49,1831.67,1559.96
2050-06-15 18:00:00,2050-06-15 22:00:00,2050-06-15,4701.95,nan,1757.62,1809.3,1538.47
2050-06-15 19:00:00,2050-06-15 23:00:00,2050-06-15,4170.04,nan,1562.08,1609.61,1359.02
2050-06-15 20:00:00,2050-06-16 00:00:00,2050-06-15,3367.95,nan,1265.54,1304.25,1097.67
2050-06-15 21:00:00,2050-06-16 01:00:00,2050-06-15,2467.88,nan,931.41,958.68,811.89
2050-06-15 22:00:00,2050-06-16 02:00:00,2050-06-15,1763.87,nan,669.21,687.63,586.02
2050-06-15 23:00:00,2050-06-16 03:00:00,2050-06-15,1169.14,nan,447.7,458.67,394.95
2050-06-16 00:00:00,2050-06-16 04:00:00,2050-06-16,677.85,nan,262.28,267.24,234.71
2050-06-16 01:00:00,2050-06-16 05:00:00,2050-06-16,343.58,nan,131.99,132.53,122.37
2050-06-16 02:00:00,2050-06-16 06:00:00,2050-06-16,156.51,nan,58.11,56.09,58.72
2050-06-16 03:00:00,2050-06-16 07:00:00,2050-06-16,85.33,nan,30.31,27.83,32.59
2050-06-16 04:00:00,2050-06-16 08:00:00,2050-06-16,48.89,nan,16.05,13.56,18.03
2050-06-16 05:00:00,2050-06-16 09:00:00,2050-06-16,33.4,nan,10.21,7.9,11.17
2050-06-16 06:00:00,2050-06-16 10:00:00,2050-06-16,30.47,nan,9.23,7.04,9.89
2050-06-16 07:00:00,2050-06-16 11:00:00,2050-06-16,59.45,nan,19.56,17.82,19.56
2050-06-16 08:00:00,2050-06-16 12:00:00,2050-06-16,272.84,nan,99.22,98.77,94.23
2050-06-16 09:00:00,2050-06-16 13:00:00,2050-06-16,815.4,nan,308.5,313.65,272.01
2050-06-16 10:00:00,2050-06-16 14:00:00,2050-06-16,1477.16,nan,557.08,570.06,487.83
2050-06-16 11:00:00,2050-06-16 15:00:00,2050-06-16,1970.89,nan,735.34,753.54,650.02
2050-06-16 12:00:00,2050-06-16 16:00:00,2050-06-16,2484.68,nan,929.0,953.37,816.4
2050-06-16 13:00:00,2050-06-16 17:00:00,2050-06-16,2822.56,nan,1055.8,1083.9,928.43
2050-06-16 14:00:00,2050-06-16 18:00:00,2050-06-16,3191.49,nan,1194.53,1226.87,1049.48
2050-06-16 15:00:00,2050-06-16 19:00:00,2050-06-16,3437.3,nan,1288.21,1323.28,1130.41
2050-06-16 16:00:00,2050-06-16 20:00:00,2050-06-16,3620.88,nan,1360.15,1397.31,1190.96
2050-06-16 17:00:00,2050-06-16 21:00:00,2050-06-16,3684.55,nan,1384.26,1421.9,1212.31
2050-06-16 18:00:00,2050-06-16 22:00:00,2050-06-16,3685.48,nan,1385.19,1422.85,1211.23
2050-06-16 19:00:00,2050-06-16 23:00:00,2050-06-16,3077.06,nan,1158.02,1190.45,1007.38
2050-06-16 20:00:00,2050-06-17 00:00:00,2050-06-16,2506.0,nan,947.03,972.87,823.06
2050-06-16 21:00:00,2050-06-17 01:00:00,2050-06-16,2043.63,nan,773.4,793.83,676.15
2050-06-16 22:00:00,2050-06-17 02:00:00,2050-06-16,1729.15,nan,655.48,671.96,575.21
2050-06-16 23:00:00,2050-06-17 03:00:00,2050-06-16,1496.81,nan,567.96,581.51,500.36
2050-06-17 00:00:00,2050-06-17 04:00:00,2050-06-17,1335.9,nan,507.8,519.31,448.51
2050-06-17 01:00:00,2050-06-17 05:00:00,2050-06-17,1218.46,nan,464.03,474.03,410.69
2050-06-17 02:00:00,2050-06-17 06:00:00,2050-06-17,1103.1,nan,420.1,428.18,373.66
2050-06-17 03:00:00,2050-06-17 07:00:00,2050-06-17,1016.14,nan,385.56,392.67,344.76
2050-06-17 04:00:00,2050-06-17 08:00:00,2050-06-17,956.53,nan,363.06,369.35,325.4
2050-06-17 05:00:00,2050-06-17 09:00:00,2050-06-17,898.59,nan,338.57,344.22,305.36
2050-06-17 06:00:00,2050-06-17 10:00:00,2050-06-17,898.26,nan,337.01,342.5,303.02
2050-06-17 07:00:00,2050-06-17 11:00:00,2050-06-17,1192.76,nan,448.51,458.79,392.72
2050-06-17 08:00:00,2050-06-17 12:00:00,2050-06-17,1673.01,nan,630.82,645.93,546.95
2050-06-17 09:00:00,2050-06-17 13:00:00,2050-06-17,2109.78,nan,790.1,808.25,690.68
2050-06-17 10:00:00,2050-06-17 14:00:00,2050-06-17,2556.77,nan,958.99,982.78,833.96
2050-06-17 11:00:00,2050-06-17 15:00:00,2050-06-17,2905.32,nan,1089.0,1116.66,946.25
2050-06-17 12:00:00,2050-06-17 16:00:00,2050-06-17,3171.62,nan,1188.35,1218.84,1033.19
2050-06-17 13:00:00,2050-06-17 17:00:00,2050-06-17,3311.49,nan,1240.34,1272.06,1080.93
2050-06-17 14:00:00,2050-06-17 18:00:00,2050-06-17,3470.15,nan,1299.49,1332.65,1132.23
2050-06-17 15:00:00,2050-06-17 19:00:00,2050-06-17,3678.96,nan,1377.47,1412.87,1200.09
2050-06-17 16:00:00,2050-06-17 20:00:00,2050-06-17,3922.82,nan,1469.39,1507.26,1279.26
2050-06-17 17:00:00,2050-06-17 21:00:00,2050-06-17,4022.7,nan,1506.56,1545.89,1311.75
2050-06-17 18:00:00,2050-06-17 22:00:00,2050-06-17,4063.66,nan,1521.92,1562.17,1323.94
2050-06-17 19:00:00,2050-06-17 23:00:00,2050-06-17,3699.83,nan,1386.39,1424.87,1198.8
2050-06-17 20:00:00,2050-06-18 00:00:00,2050-06-17,3051.1,nan,1144.63,1176.79,986.9
2050-06-17 21:00:00,2050-06-18 01:00:00,2050-06-17,2323.69,nan,872.64,896.02,756.88
2050-06-17 22:00:00,2050-06-18 02:00:00,2050-06-17,1794.99,nan,674.59,691.66,587.68
2050-06-17 23:00:00,2050-06-18 03:00:00,2050-06-17,1337.16,nan,501.17,512.83,440.6
2050-06-18 00:00:00,2050-06-18 04:00:00,2050-06-18,943.59,nan,351.75,358.73,313.63
2050-06-18 01:00:00,2050-06-18 05:00:00,2050-06-18,604.27,nan,222.46,225.28,203.74
2050-06-18 02:00:00,2050-06-18 06:00:00,2050-06-18,307.38,nan,111.03,110.28,107.82
2050-06-18 03:00:00,2050-06-18 07:00:00,2050-06-18,149.64,nan,52.96,50.61,55.69
2050-06-18 04:00:00,2050-06-18 08:00:00,2050-06-18,77.73,nan,26.6,23.84,30.46
2050-06-18 05:00:00,2050-06-18 09:00:00,2050-06-18,44.64,nan,14.5,11.95,17.27
2050-06-18 06:00:00,2050-06-18 10:00:00,2050-06-18,35.39,nan,11.3,9.06,13.2
2050-06-18 07:00:00,2050-06-18 11:00:00,2050-06-18,146.18,nan,51.78,50.53,51.29
2050-06-18 08:00:00,2050-06-18 12:00:00,2050-06-18,586.74,nan,212.6,216.27,191.22
2050-06-18 09:00:00,2050-06-18 13:00:00,2050-06-18,1611.59,nan,597.86,611.56,523.45
2050-06-18 10:00:00,2050-06-18 14:00:00,2050-06-18,2441.32,nan,908.28,931.63,790.76
2050-06-18 11:00:00,2050-06-18 15:00:00,2050-06-18,3280.45,nan,1222.45,1255.63,1062.85
2050-06-18 12:00:00,2050-06-18 16:00:00,2050-06-18,4012.65,nan,1497.6,1539.09,1303.33
2050-06-18 13:00:00,2050-06-18 17:00:00,2050-06-18,4534.74,nan,1693.3,1741.07,1478.02
2050-06-18 14:00:00,2050-06-18 18:00:00,2050-06-18,5031.05,nan,1877.44,1931.51,1642.73
2050-06-18 15:00:00,2050-06-18 19:00:00,2050-06-18,5407.98,nan,2016.05,2075.59,1766.93
2050-06-18 16:00:00,2050-06-18 20:00:00,2050-06-18,5601.49,nan,2087.58,2149.91,1831.12
2050-06-18 17:00:00,2050-06-18 21:00:00,2050-06-18,5608.26,nan,2092.0,2154.67,1834.39
2050-06-18 18:00:00,2050-06-18 22:00:00,2050-06-18,5557.29,nan,2074.97,2137.04,1817.06
2050-06-18 19:00:00,2050-06-18 23:00:00,2050-06-18,5050.15,nan,1887.86,1945.91,1644.98
2050-06-18 20:00:00,2050-06-19 00:00:00,2050-06-18,4256.67,nan,1593.72,1642.76,1385.98
2050-06-18 21:00:00,2050-06-19 01:00:00,2050-06-18,3337.72,nan,1252.73,1289.74,1094.44
2050-06-18 22:00:00,2050-06-19 02:00:00,2050-06-18,2638.53,nan,993.07,1021.12,870.13
2050-06-18 23:00:00,2050-06-19 03:00:00,2050-06-18,2046.65,nan,772.97,793.55,679.6
2050-06-19 00:00:00,2050-06-19 04:00:00,2050-06-19,1550.41,nan,588.97,603.24,519.77
2050-06-19 01:00:00,2050-06-19 05:00:00,2050-06-19,1129.7,nan,431.37,440.41,385.49
2050-06-19 02:00:00,2050-06-19 06:00:00,2050-06-19,755.18,nan,288.88,293.15,263.34
2050-06-19 03:00:00,2050-06-19 07:00:00,2050-06-19,454.12,nan,171.97,172.68,162.47
2050-06-19 04:00:00,2050-06-19 08:00:00,2050-06-19,252.64,nan,93.14,91.09,93.74
2050-06-19 05:00:00,2050-06-19 09:00:00,2050-06-19,160.67,nan,57.62,54.9,60.98
2050-06-19 06:00:00,2050-06-19 10:00:00,2050-06-19,149.72,nan,52.72,50.06,54.84
2050-06-19 07:00:00,2050-06-19 11:00:00,2050-06-19,374.93,nan,137.0,138.23,125.64
2050-06-19 08:00:00,2050-06-19 12:00:00,2050-06-19,1080.92,nan,405.57,413.92,355.67
2050-06-19 09:00:00,2050-06-19 13:00:00,2050-06-19,1742.71,nan,649.77,665.07,574.32
2050-06-19 10:00:00,2050-06-19 14:00:00,2050-06-19,2282.07,nan,847.91,870.0,747.17
2050-06-19 11:00:00,2050-06-19 15:00:00,2050-06-19,2874.05,nan,1069.18,1098.56,939.41
2050-06-19 12:00:00,2050-06-19 16:00:00,2050-06-19,3369.22,nan,1256.0,1291.08,1102.24
2050-06-19 13:00:00,2050-06-19 17:00:00,2050-06-19,3697.18,nan,1381.37,1420.42,1212.72
2050-06-19 14:00:00,2050-06-19 18:00:00,2050-06-19,4063.14,nan,1519.57,1563.14,1333.23
2050-06-19 15:00:00,2050-06-19 19:00:00,2050-06-19,4415.09,nan,1651.84,1699.72,1447.77
2050-06-19 16:00:00,2050-06-19 20:00:00,2050-06-19,4684.44,nan,1753.82,1804.76,1535.01
2050-06-19 17:00:00,2050-06-19 21:00:00,2050-06-19,4787.05,nan,1793.81,1845.97,1570.0
2050-06-19 18:00:00,2050-06-19 22:00:00,2050-06-19,4822.5,nan,1809.0,1861.74,1580.55
2050-06-19 19:00:00,2050-06-19 23:00:00,2050-06-19,4384.68,nan,1647.18,1696.83,1431.46
2050-06-19 20:00:00,2050-06-20 00:00:00,2050-06-19,3675.1,nan,1384.52,1426.37,1199.26
2050-06-19 21:00:00,2050-06-20 01:00:00,2050-06-19,2882.67,nan,1089.74,1121.56,947.61
2050-06-19 22:00:00,2050-06-20 02:00:00,2050-06-19,2343.06,nan,889.0,914.21,774.22
2050-06-19 23:00:00,2050-06-20 03:00:00,2050-06-19,1907.39,nan,725.91,745.71,633.85
2050-06-20 00:00:00,2050-06-20 04:00:00,2050-06-20,1560.55,nan,595.72,611.2,521.68
2050-06-20 01:00:00,2050-06-20 05:00:00,2050-06-20,1319.56,nan,505.3,517.88,443.71
2050-06-20 02:00:00,2050-06-20 06:00:00,2050-06-20,1132.1,nan,434.39,444.33,382.53
2050-06-20 03:00:00,2050-06-20 07:00:00,2050-06-20,964.87,nan,369.7,377.34,327.43
2050-06-20 04:00:00,2050-06-20 08:00:00,2050-06-20,845.35,nan,323.33,329.34,287.81
2050-06-20 05:00:00,2050-06-20 09:00:00,2050-06-20,741.17,nan,282.71,287.37,253.63
2050-06-20 06:00:00,2050-06-20 10:00:00,2050-06-20,848.33,nan,321.17,327.0,283.84
2050-06-20 07:00:00,2050-06-20 11:00:00,2050-06-20,1369.34,nan,515.71,527.29,446.36
2050-06-20 08:00:00,2050-06-20 12:00:00,2050-06-20,1923.28,nan,722.86,740.31,626.42
2050-06-20 09:00:00,2050-06-20 13:00:00,2050-06-20,2863.2,nan,1078.72,1105.85,935.84
2050-06-20 10:00:00,2050-06-20 14:00:00,2050-06-20,3504.88,nan,1319.56,1354.54,1143.73
2050-06-20 11:00:00,2050-06-20 15:00:00,2050-06-20,4202.27,nan,1583.12,1626.53,1369.88
2050-06-20 12:00:00,2050-06-20 16:00:00,2050-06-20,4823.76,nan,1817.64,1868.48,1573.76
2050-06-20 13:00:00,2050-06-20 17:00:00,2050-06-20,5292.32,nan,1994.73,2051.31,1731.75
2050-06-20 14:00:00,2050-06-20 18:00:00,2050-06-20,5758.36,nan,2166.39,2229.18,1885.67
2050-06-20 15:00:00,2050-06-20 19:00:00,2050-06-20,6200.12,nan,2328.86,2397.63,2030.72
2050-06-20 16:00:00,2050-06-20 20:00:00,2050-06-20,6448.55,nan,2420.41,2492.13,2112.58
2050-06-20 17:00:00,2050-06-20 21:00:00,2050-06-20,6531.45,nan,2451.43,2524.48,2139.77
2050-06-20 18:00:00,2050-06-20 22:00:00,2050-06-20,6570.98,nan,2466.55,2540.54,2151.62
2050-06-20 19:00:00,2050-06-20 23:00:00,2050-06-20,6095.69,nan,2288.95,2359.42,1991.19
2050-06-20 20:00:00,2050-06-21 00:00:00,2050-06-20,5339.45,nan,2007.02,2069.11,1744.13
2050-06-20 21:00:00,2050-06-21 01:00:00,2050-06-20,4467.94,nan,1682.01,1733.05,1467.07
2050-06-20 22:00:00,2050-06-21 02:00:00,2050-06-20,3859.01,nan,1455.29,1498.87,1270.65
2050-06-20 23:00:00,2050-06-21 03:00:00,2050-06-20,3342.92,nan,1264.26,1301.55,1101.58
2050-06-21 00:00:00,2050-06-21 04:00:00,2050-06-21,2804.38,nan,1061.39,1092.13,922.69
2050-06-21 01:00:00,2050-06-21 05:00:00,2050-06-21,2400.36,nan,909.75,935.61,790.93
2050-06-21 02:00:00,2050-06-21 06:00:00,2050-06-21,2058.21,nan,780.43,802.26,679.51
2050-06-21 03:00:00,2050-06-21 07:00:00,2050-06-21,1770.69,nan,671.25,689.41,585.48
2050-06-21 04:00:00,2050-06-21 08:00:00,2050-06-21,1487.61,nan,562.99,577.44,492.93
2050-06-21 05:00:00,2050-06-21 09:00:00,2050-06-21,1204.87,nan,455.03,466.15,400.58
2050-06-21 06:00:00,2050-06-21 10:00:00,2050-06-21,1092.95,nan,410.61,420.44,360.56
2050-06-21 07:00:00,2050-06-21 11:00:00,2050-06-21,1584.95,nan,592.52,608.45,511.22
2050-06-21 08:00:00,2050-06-21 12:00:00,2050-06-21,2309.39,nan,862.86,886.54,744.32
2050-06-21 09:00:00,2050-06-21 13:00:00,2050-06-21,3214.15,nan,1199.5,1231.5,1040.24
2050-06-21 10:00:00,2050-06-21 14:00:00,2050-06-21,3947.05,nan,1471.53,1511.79,1275.57
2050-06-21 11:00:00,2050-06-21 15:00:00,2050-06-21,4666.92,nan,1739.07,1787.29,1507.18
2050-06-21 12:00:00,2050-06-21 16:00:00,2050-06-21,5327.06,nan,1985.79,2041.52,1722.23
2050-06-21 13:00:00,2050-06-21 17:00:00,2050-06-21,5836.24,nan,2177.22,2239.21,1890.76
2050-06-21 14:00:00,2050-06-21 18:00:00,2050-06-21,6390.38,nan,2384.92,2454.1,2072.9
2050-06-21 15:00:00,2050-06-21 19:00:00,2050-06-21,6902.68,nan,2577.9,2653.54,2240.91
2050-06-21 16:00:00,2050-06-21 20:00:00,2050-06-21,7297.25,nan,2726.35,2807.57,2370.16
2050-06-21 17:00:00,2050-06-21 21:00:00,2050-06-21,7496.58,nan,2801.14,2885.41,2439.03
2050-06-21 18:00:00,2050-06-21 22:00:00,2050-06-21,7458.48,nan,2783.24,2866.31,2427.3
2050-06-21 19:00:00,2050-06-21 23:00:00,2050-06-21,6838.05,nan,2550.67,2628.57,2220.46
2050-06-21 20:00:00,2050-06-22 00:00:00,2050-06-21,5980.8,nan,2231.53,2300.03,1942.63
2050-06-21 21:00:00,2050-06-22 01:00:00,2050-06-21,5092.42,nan,1902.52,1959.61,1661.13
2050-06-21 22:00:00,2050-06-22 02:00:00,2050-06-21,4381.64,nan,1639.96,1687.99,1432.16
2050-06-21 23:00:00,2050-06-22 03:00:00,2050-06-21,3747.12,nan,1403.17,1443.6,1226.12
2050-06-22 00:00:00,2050-06-22 04:00:00,2050-06-22,3202.98,nan,1201.45,1235.68,1049.13
2050-06-22 01:00:00,2050-06-22 05:00:00,2050-06-22,2669.81,nan,1001.26,1029.1,875.77
2050-06-22 02:00:00,2050-06-22 06:00:00,2050-06-22,2189.69,nan,821.11,843.26,720.42
2050-06-22 03:00:00,2050-06-22 07:00:00,2050-06-22,1751.8,nan,656.48,673.52,578.41
2050-06-22 04:00:00,2050-06-22 08:00:00,2050-06-22,1346.76,nan,503.6,515.86,446.75
2050-06-22 05:00:00,2050-06-22 09:00:00,2050-06-22,1034.27,nan,387.19,396.36,345.79
2050-06-22 06:00:00,2050-06-22 10:00:00,2050-06-22,881.86,nan,328.24,335.94,294.05
2050-06-22 07:00:00,2050-06-22 11:00:00,2050-06-22,1259.24,nan,475.44,488.22,410.89
2050-06-22 08:00:00,2050-06-22 12:00:00,2050-06-22,1977.99,nan,749.04,768.97,643.4
2050-06-22 09:00:00,2050-06-22 13:00:00,2050-06-22,2818.44,nan,1066.82,1094.2,920.52
2050-06-22 10:00:00,2050-06-22 14:00:00,2050-06-22,3481.63,nan,1318.55,1352.68,1135.74
2050-06-22 11:00:00,2050-06-22 15:00:00,2050-06-22,4169.01,nan,1578.39,1619.63,1360.62
2050-06-22 12:00:00,2050-06-22 16:00:00,2050-06-22,4752.35,nan,1800.42,1847.79,1554.21
2050-06-22 13:00:00,2050-06-22 17:00:00,2050-06-22,5109.6,nan,1937.18,1988.68,1677.21
2050-06-22 14:00:00,2050-06-22 18:00:00,2050-06-22,5462.53,nan,2069.47,2125.39,1793.53
2050-06-22 15:00:00,2050-06-22 19:00:00,2050-06-22,5622.35,nan,2122.3,2181.37,1846.32
2050-06-22 16:00:00,2050-06-22 20:00:00,2050-06-22,5749.88,nan,2168.3,2229.61,1887.22
2050-06-22 17:00:00,2050-06-22 21:00:00,2050-06-22,5738.28,nan,2162.38,2224.13,1883.08
2050-06-22 18:00:00,2050-06-22 22:00:00,2050-06-22,5458.12,nan,2052.05,2110.3,1791.96
2050-06-22 19:00:00,2050-06-22 23:00:00,2050-06-22,4553.69,nan,1713.48,1763.06,1493.91
2050-06-22 20:00:00,2050-06-23 00:00:00,2050-06-22,3780.08,nan,1424.54,1465.92,1240.28
2050-06-22 21:00:00,2050-06-23 01:00:00,2050-06-22,3226.85,nan,1219.71,1254.65,1062.41
2050-06-22 22:00:00,2050-06-23 02:00:00,2050-06-22,2806.55,nan,1063.83,1093.47,927.99
2050-06-22 23:00:00,2050-06-23 03:00:00,2050-06-22,2440.24,nan,926.15,951.1,809.17
2050-06-23 00:00:00,2050-06-23 04:00:00,2050-06-23,2116.57,nan,803.94,824.92,704.62
2050-06-23 01:00:00,2050-06-23 05:00:00,2050-06-23,1832.23,nan,696.78,714.16,612.38
2050-06-23 02:00:00,2050-06-23 06:00:00,2050-06-23,1599.09,nan,608.9,623.5,536.43
2050-06-23 03:00:00,2050-06-23 07:00:00,2050-06-23,1424.98,nan,542.39,554.65,479.43
2050-06-23 04:00:00,2050-06-23 08:00:00,2050-06-23,1242.0,nan,470.8,480.87,419.04
2050-06-23 05:00:00,2050-06-23 09:00:00,2050-06-23,1066.61,nan,403.73,411.7,361.75
2050-06-23 06:00:00,2050-06-23 10:00:00,2050-06-23,1054.94,nan,396.38,404.18,353.73
2050-06-23 07:00:00,2050-06-23 11:00:00,2050-06-23,1593.93,nan,595.28,610.28,519.0
2050-06-23 08:00:00,2050-06-23 12:00:00,2050-06-23,2323.02,nan,867.09,890.3,753.43
2050-06-23 09:00:00,2050-06-23 13:00:00,2050-06-23,3257.16,nan,1216.43,1249.02,1059.57
2050-06-23 10:00:00,2050-06-23 14:00:00,2050-06-23,4031.49,nan,1507.45,1549.33,1309.17
2050-06-23 11:00:00,2050-06-23 15:00:00,2050-06-23,4806.39,nan,1798.79,1850.11,1559.73
2050-06-23 12:00:00,2050-06-23 16:00:00,2050-06-23,5482.05,nan,2053.89,2113.09,1781.41
2050-06-23 13:00:00,2050-06-23 17:00:00,2050-06-23,5926.17,nan,2218.92,2283.45,1930.98
2050-06-23 14:00:00,2050-06-23 18:00:00,2050-06-23,6341.37,nan,2372.22,2442.16,2067.08
2050-06-23 15:00:00,2050-06-23 19:00:00,2050-06-23,6398.94,nan,2389.2,2459.8,2084.74
2050-06-23 16:00:00,2050-06-23 20:00:00,2050-06-23,6554.66,nan,2442.28,2514.83,2138.2
2050-06-23 17:00:00,2050-06-23 21:00:00,2050-06-23,6605.26,nan,2462.3,2535.33,2154.28
2050-06-23 18:00:00,2050-06-23 22:00:00,2050-06-23,6637.17,nan,2476.29,2549.82,2165.95
2050-06-23 19:00:00,2050-06-23 23:00:00,2050-06-23,6206.88,nan,2316.85,2387.69,2019.19
2050-06-23 20:00:00,2050-06-24 00:00:00,2050-06-23,5484.82,nan,2050.18,2113.15,1785.23
2050-06-23 21:00:00,2050-06-24 01:00:00,2050-06-23,4616.78,nan,1726.88,1778.71,1509.81
2050-06-23 22:00:00,2050-06-24 02:00:00,2050-06-23,3957.02,nan,1481.12,1524.81,1298.11
2050-06-23 23:00:00,2050-06-24 03:00:00,2050-06-23,3411.28,nan,1278.03,1314.99,1122.69
2050-06-24 00:00:00,2050-06-24 04:00:00,2050-06-24,2969.47,nan,1113.53,1145.32,980.57
2050-06-24 01:00:00,2050-06-24 05:00:00,2050-06-24,2604.65,nan,978.44,1005.65,862.29
2050-06-24 02:00:00,2050-06-24 06:00:00,2050-06-24,2287.8,nan,860.12,883.71,759.17
2050-06-24 03:00:00,2050-06-24 07:00:00,2050-06-24,2005.42,nan,753.72,774.11,666.98
2050-06-24 04:00:00,2050-06-24 08:00:00,2050-06-24,1804.94,nan,679.0,697.4,601.52
2050-06-24 05:00:00,2050-06-24 09:00:00,2050-06-24,1612.0,nan,605.51,621.24,537.35
2050-06-24 06:00:00,2050-06-24 10:00:00,2050-06-24,1604.56,nan,601.35,617.22,529.34
2050-06-24 07:00:00,2050-06-24 11:00:00,2050-06-24,2239.57,nan,836.68,860.82,726.12
2050-06-24 08:00:00,2050-06-24 12:00:00,2050-06-24,3101.89,nan,1158.29,1192.05,1003.16
2050-06-24 09:00:00,2050-06-24 13:00:00,2050-06-24,4172.57,nan,1558.5,1603.27,1353.07
2050-06-24 10:00:00,2050-06-24 14:00:00,2050-06-24,5042.3,nan,1885.3,1940.78,1634.72
2050-06-24 11:00:00,2050-06-24 15:00:00,2050-06-24,5886.07,nan,2202.12,2267.42,1908.82
2050-06-24 12:00:00,2050-06-24 16:00:00,2050-06-24,6601.18,nan,2471.31,2545.17,2142.97
2050-06-24 13:00:00,2050-06-24 17:00:00,2050-06-24,7065.36,nan,2646.95,2726.36,2298.05
2050-06-24 14:00:00,2050-06-24 18:00:00,2050-06-24,7480.6,nan,2802.76,2887.38,2434.5
2050-06-24 15:00:00,2050-06-24 19:00:00,2050-06-24,7600.66,nan,2856.2,2940.07,2476.21
2050-06-24 16:00:00,2050-06-24 20:00:00,2050-06-24,7259.65,nan,2729.55,2809.94,2367.47
2050-06-24 17:00:00,2050-06-24 21:00:00,2050-06-24,6165.1,nan,2303.28,2370.82,2021.39
2050-06-24 18:00:00,2050-06-24 22:00:00,2050-06-24,5778.0,nan,2175.77,2239.81,1894.24
2050-06-24 19:00:00,2050-06-24 23:00:00,2050-06-24,5031.81,nan,1897.64,1955.57,1645.08
2050-06-24 20:00:00,2050-06-25 00:00:00,2050-06-24,4533.92,nan,1712.88,1765.85,1477.88
2050-06-24 21:00:00,2050-06-25 01:00:00,2050-06-24,3848.88,nan,1457.93,1501.59,1258.21
2050-06-24 22:00:00,2050-06-25 02:00:00,2050-06-24,3147.99,nan,1191.79,1227.27,1027.89
2050-06-24 23:00:00,2050-06-25 03:00:00,2050-06-24,2576.59,nan,976.5,1005.09,843.03
2050-06-25 00:00:00,2050-06-25 04:00:00,2050-06-25,2097.55,nan,795.11,817.81,688.17
2050-06-25 01:00:00,2050-06-25 05:00:00,2050-06-25,1669.5,nan,632.57,650.04,549.73
2050-06-25 02:00:00,2050-06-25 06:00:00,2050-06-25,1277.79,nan,483.97,496.61,423.26
2050-06-25 03:00:00,2050-06-25 07:00:00,2050-06-25,918.54,nan,347.59,355.92,306.9
2050-06-25 04:00:00,2050-06-25 08:00:00,2050-06-25,609.79,nan,229.6,233.9,206.03
2050-06-25 05:00:00,2050-06-25 09:00:00,2050-06-25,386.48,nan,144.26,145.12,131.87
2050-06-25 06:00:00,2050-06-25 10:00:00,2050-06-25,319.24,nan,117.41,117.48,107.69
2050-06-25 07:00:00,2050-06-25 11:00:00,2050-06-25,767.43,nan,285.22,292.19,247.3
2050-06-25 08:00:00,2050-06-25 12:00:00,2050-06-25,1556.83,nan,582.91,598.55,501.78
2050-06-25 09:00:00,2050-06-25 13:00:00,2050-06-25,2519.09,nan,943.58,968.53,816.57
2050-06-25 10:00:00,2050-06-25 14:00:00,2050-06-25,3302.87,nan,1237.05,1271.06,1069.06
2050-06-25 11:00:00,2050-06-25 15:00:00,2050-06-25,4115.32,nan,1543.54,1586.87,1334.18
2050-06-25 12:00:00,2050-06-25 16:00:00,2050-06-25,4747.12,nan,1778.66,1829.4,1543.77
2050-06-25 13:00:00,2050-06-25 17:00:00,2050-06-25,5063.2,nan,1892.61,1947.82,1651.08
2050-06-25 14:00:00,2050-06-25 18:00:00,2050-06-25,5352.66,nan,1998.65,2057.57,1747.32
2050-06-25 15:00:00,2050-06-25 19:00:00,2050-06-25,5589.49,nan,2086.37,2148.09,1825.02
2050-06-25 16:00:00,2050-06-25 20:00:00,2050-06-25,5675.58,nan,2119.51,2181.99,1854.08
2050-06-25 17:00:00,2050-06-25 21:00:00,2050-06-25,5615.16,nan,2098.44,2160.05,1835.61
2050-06-25 18:00:00,2050-06-25 22:00:00,2050-06-25,5506.38,nan,2059.48,2119.83,1799.9
2050-06-25 19:00:00,2050-06-25 23:00:00,2050-06-25,4988.85,nan,1868.45,1924.65,1624.64
2050-06-25 20:00:00,2050-06-26 00:00:00,2050-06-25,4250.66,nan,1595.16,1643.2,1383.48
2050-06-25 21:00:00,2050-06-26 01:00:00,2050-06-25,3426.79,nan,1288.7,1326.36,1121.75
2050-06-25 22:00:00,2050-06-26 02:00:00,2050-06-25,2827.55,nan,1065.5,1095.89,929.33
2050-06-25 23:00:00,2050-06-26 03:00:00,2050-06-25,2327.01,nan,878.76,902.86,768.31
2050-06-26 00:00:00,2050-06-26 04:00:00,2050-06-26,1897.62,nan,718.96,737.75,630.65
2050-06-26 01:00:00,2050-06-26 05:00:00,2050-06-26,1529.93,nan,581.55,595.78,512.49
2050-06-26 02:00:00,2050-06-26 06:00:00,2050-06-26,1190.59,nan,453.43,463.75,402.49
2050-06-26 03:00:00,2050-06-26 07:00:00,2050-06-26,871.84,nan,332.43,338.87,297.5
2050-06-26 04:00:00,2050-06-26 08:00:00,2050-06-26,611.68,nan,232.27,235.82,212.63
2050-06-26 05:00:00,2050-06-26 09:00:00,2050-06-26,442.15,nan,167.35,168.64,155.62
2050-06-26 06:00:00,2050-06-26 10:00:00,2050-06-26,386.24,nan,146.07,146.37,135.23
2050-06-26 07:00:00,2050-06-26 11:00:00,2050-06-26,922.51,nan,347.48,354.17,301.54
2050-06-26 08:00:00,2050-06-26 12:00:00,2050-06-26,1669.57,nan,627.31,643.44,541.94
2050-06-26 09:00:00,2050-06-26 13:00:00,2050-06-26,2646.18,nan,993.04,1018.93,859.25
2050-06-26 10:00:00,2050-06-26 14:00:00,2050-06-26,3428.28,nan,1283.97,1318.78,1110.4
2050-06-26 11:00:00,2050-06-26 15:00:00,2050-06-26,4224.3,nan,1579.85,1623.51,1367.56
2050-06-26 12:00:00,2050-06-26 16:00:00,2050-06-26,4971.34,nan,1860.39,1912.63,1611.47
2050-06-26 13:00:00,2050-06-26 17:00:00,2050-06-26,5503.55,nan,2059.84,2118.37,1790.62
2050-06-26 14:00:00,2050-06-26 18:00:00,2050-06-26,5918.89,nan,2210.76,2274.7,1928.93
2050-06-26 15:00:00,2050-06-26 19:00:00,2050-06-26,6217.09,nan,2319.97,2387.75,2025.74
2050-06-26 16:00:00,2050-06-26 20:00:00,2050-06-26,6389.59,nan,2382.74,2452.84,2082.81
2050-06-26 17:00:00,2050-06-26 21:00:00,2050-06-26,6406.89,nan,2390.28,2460.47,2090.35
2050-06-26 18:00:00,2050-06-26 22:00:00,2050-06-26,6319.1,nan,2362.21,2431.07,2062.26
2050-06-26 19:00:00,2050-06-26 23:00:00,2050-06-26,5825.51,nan,2184.92,2250.28,1899.39
2050-06-26 20:00:00,2050-06-27 00:00:00,2050-06-26,5092.47,nan,1911.0,1968.65,1658.78
2050-06-26 21:00:00,2050-06-27 01:00:00,2050-06-26,4287.29,nan,1610.2,1657.77,1401.63
2050-06-26 22:00:00,2050-06-27 02:00:00,2050-06-26,3670.38,nan,1382.34,1421.96,1202.87
2050-06-26 23:00:00,2050-06-27 03:00:00,2050-06-26,3097.93,nan,1166.99,1200.0,1017.27
2050-06-27 00:00:00,2050-06-27 04:00:00,2050-06-27,2547.5,nan,961.34,987.46,838.59
2050-06-27 01:00:00,2050-06-27 05:00:00,2050-06-27,2076.48,nan,784.51,805.17,685.8
2050-06-27 02:00:00,2050-06-27 06:00:00,2050-06-27,1657.87,nan,626.63,642.15,550.67
2050-06-27 03:00:00,2050-06-27 07:00:00,2050-06-27,1324.0,nan,501.52,513.03,444.17
2050-06-27 04:00:00,2050-06-27 08:00:00,2050-06-27,1029.26,nan,391.54,399.59,348.97
2050-06-27 05:00:00,2050-06-27 09:00:00,2050-06-27,755.3,nan,288.86,293.65,259.3
2050-06-27 06:00:00,2050-06-27 10:00:00,2050-06-27,633.8,nan,239.88,243.63,216.08
2050-06-27 07:00:00,2050-06-27 11:00:00,2050-06-27,1085.65,nan,407.9,417.32,355.31
2050-06-27 08:00:00,2050-06-27 12:00:00,2050-06-27,1818.25,nan,680.96,698.44,590.37
2050-06-27 09:00:00,2050-06-27 13:00:00,2050-06-27,2738.49,nan,1029.23,1055.78,894.26
2050-06-27 10:00:00,2050-06-27 14:00:00,2050-06-27,3411.4,nan,1289.12,1323.75,1117.1
2050-06-27 11:00:00,2050-06-27 15:00:00,2050-06-27,4083.04,nan,1539.92,1582.18,1340.36
2050-06-27 12:00:00,2050-06-27 16:00:00,2050-06-27,4846.69,nan,1827.03,1877.52,1590.16
2050-06-27 13:00:00,2050-06-27 17:00:00,2050-06-27,5410.23,nan,2035.75,2092.83,1776.45
2050-06-27 14:00:00,2050-06-27 18:00:00,2050-06-27,5950.8,nan,2232.14,2296.01,1949.56
2050-06-27 15:00:00,2050-06-27 19:00:00,2050-06-27,6432.44,nan,2410.16,2480.3,2106.3
2050-06-27 16:00:00,2050-06-27 20:00:00,2050-06-27,6742.9,nan,2525.0,2599.76,2209.82
2050-06-27 17:00:00,2050-06-27 21:00:00,2050-06-27,6792.21,nan,2542.3,2617.95,2225.48
2050-06-27 18:00:00,2050-06-27 22:00:00,2050-06-27,6668.25,nan,2495.65,2570.17,2183.81
2050-06-27 19:00:00,2050-06-27 23:00:00,2050-06-27,5853.57,nan,2184.46,2251.11,1912.22
2050-06-27 20:00:00,2050-06-28 00:00:00,2050-06-27,5129.23,nan,1918.22,1976.52,1676.25
2050-06-27 21:00:00,2050-06-28 01:00:00,2050-06-27,4389.02,nan,1644.62,1692.93,1440.1
2050-06-27 22:00:00,2050-06-28 02:00:00,2050-06-27,3810.4,nan,1427.59,1469.0,1252.09
2050-06-27 23:00:00,2050-06-28 03:00:00,2050-06-27,3344.3,nan,1252.92,1288.58,1102.71
2050-06-28 00:00:00,2050-06-28 04:00:00,2050-06-28,2933.41,nan,1098.57,1129.47,968.62
2050-06-28 01:00:00,2050-06-28 05:00:00,2050-06-28,2636.02,nan,987.01,1014.58,870.79
2050-06-28 02:00:00,2050-06-28 06:00:00,2050-06-28,2417.92,nan,905.76,930.76,799.65
2050-06-28 03:00:00,2050-06-28 07:00:00,2050-06-28,2223.72,nan,832.71,855.31,736.19
2050-06-28 04:00:00,2050-06-28 08:00:00,2050-06-28,2055.27,nan,769.04,789.84,681.07
2050-06-28 05:00:00,2050-06-28 09:00:00,2050-06-28,1917.31,nan,717.49,736.8,636.41
2050-06-28 06:00:00,2050-06-28 10:00:00,2050-06-28,1930.46,nan,721.51,741.1,637.73
2050-06-28 07:00:00,2050-06-28 11:00:00,2050-06-28,2487.09,nan,930.44,957.59,810.65
2050-06-28 08:00:00,2050-06-28 12:00:00,2050-06-28,3313.41,nan,1240.52,1277.1,1077.86
2050-06-28 09:00:00,2050-06-28 13:00:00,2050-06-28,4274.41,nan,1600.57,1646.86,1393.9
2050-06-28 10:00:00,2050-06-28 14:00:00,2050-06-28,5015.93,nan,1881.16,1936.13,1633.18
2050-06-28 11:00:00,2050-06-28 15:00:00,2050-06-28,5382.62,nan,2014.48,2072.19,1750.47
2050-06-28 12:00:00,2050-06-28 16:00:00,2050-06-28,5773.23,nan,2165.82,2228.08,1877.29
2050-06-28 13:00:00,2050-06-28 17:00:00,2050-06-28,6235.03,nan,2339.85,2408.09,2028.94
2050-06-28 14:00:00,2050-06-28 18:00:00,2050-06-28,6694.87,nan,2511.95,2585.94,2182.34
2050-06-28 15:00:00,2050-06-28 19:00:00,2050-06-28,7007.74,nan,2628.51,2706.73,2287.13
2050-06-28 16:00:00,2050-06-28 20:00:00,2050-06-28,7232.44,nan,2711.2,2792.54,2362.98
2050-06-28 17:00:00,2050-06-28 21:00:00,2050-06-28,7049.1,nan,2643.91,2721.21,2307.34
2050-06-28 18:00:00,2050-06-28 22:00:00,2050-06-28,6449.09,nan,2420.44,2492.36,2111.64
2050-06-28 19:00:00,2050-06-28 23:00:00,2050-06-28,5291.16,nan,1981.65,2040.22,1733.15
2050-06-28 20:00:00,2050-06-29 00:00:00,2050-06-28,4583.62,nan,1720.77,1772.13,1501.45
2050-06-28 21:00:00,2050-06-29 01:00:00,2050-06-28,3963.24,nan,1485.61,1529.54,1302.05
2050-06-28 22:00:00,2050-06-29 02:00:00,2050-06-28,3438.14,nan,1291.39,1328.8,1132.46
2050-06-28 23:00:00,2050-06-29 03:00:00,2050-06-28,2987.57,nan,1122.93,1154.63,987.0
2050-06-29 00:00:00,2050-06-29 04:00:00,2050-06-29,2617.1,nan,983.57,1010.76,866.9
2050-06-29 01:00:00,2050-06-29 05:00:00,2050-06-29,2335.43,nan,878.24,902.13,775.45
2050-06-29 02:00:00,2050-06-29 06:00:00,2050-06-29,2130.02,nan,802.0,823.19,708.14
2050-06-29 03:00:00,2050-06-29 07:00:00,2050-06-29,1913.61,nan,719.71,738.19,637.0
2050-06-29 04:00:00,2050-06-29 08:00:00,2050-06-29,1731.31,nan,651.42,667.89,577.78
2050-06-29 05:00:00,2050-06-29 09:00:00,2050-06-29,1570.22,nan,590.35,604.69,525.12
2050-06-29 06:00:00,2050-06-29 10:00:00,2050-06-29,1536.64,nan,576.08,590.1,511.03
2050-06-29 07:00:00,2050-06-29 11:00:00,2050-06-29,1962.25,nan,734.16,754.29,641.88
2050-06-29 08:00:00,2050-06-29 12:00:00,2050-06-29,2707.41,nan,1012.72,1040.99,882.45
2050-06-29 09:00:00,2050-06-29 13:00:00,2050-06-29,3556.85,nan,1326.99,1363.45,1158.57
2050-06-29 10:00:00,2050-06-29 14:00:00,2050-06-29,4179.29,nan,1558.22,1602.32,1357.79
2050-06-29 11:00:00,2050-06-29 15:00:00,2050-06-29,4902.74,nan,1831.92,1884.23,1591.82
2050-06-29 12:00:00,2050-06-29 16:00:00,2050-06-29,5390.33,nan,2013.89,2071.78,1750.86
2050-06-29 13:00:00,2050-06-29 17:00:00,2050-06-29,5592.51,nan,2089.19,2149.24,1818.16
2050-06-29 14:00:00,2050-06-29 18:00:00,2050-06-29,5873.55,nan,2193.72,2256.46,1909.4
2050-06-29 15:00:00,2050-06-29 19:00:00,2050-06-29,6098.67,nan,2273.74,2339.33,1982.54
2050-06-29 16:00:00,2050-06-29 20:00:00,2050-06-29,6204.2,nan,2308.68,2376.63,2017.2
2050-06-29 17:00:00,2050-06-29 21:00:00,2050-06-29,6203.54,nan,2306.44,2375.44,2017.13
2050-06-29 18:00:00,2050-06-29 22:00:00,2050-06-29,6251.98,nan,2336.7,2406.62,2033.08
2050-06-29 19:00:00,2050-06-29 23:00:00,2050-06-29,5813.43,nan,2175.84,2242.27,1881.71
2050-06-29 20:00:00,2050-06-30 00:00:00,2050-06-29,5229.34,nan,1958.9,2019.13,1690.06
2050-06-29 21:00:00,2050-06-30 01:00:00,2050-06-29,4492.69,nan,1683.24,1734.05,1454.36
2050-06-29 22:00:00,2050-06-30 02:00:00,2050-06-29,3815.08,nan,1429.18,1471.41,1236.86
2050-06-29 23:00:00,2050-06-30 03:00:00,2050-06-29,3163.98,nan,1186.22,1220.46,1027.97
2050-06-30 00:00:00,2050-06-30 04:00:00,2050-06-30,2521.92,nan,946.95,973.26,821.78
2050-06-30 01:00:00,2050-06-30 05:00:00,2050-06-30,1879.21,nan,706.39,724.93,616.49
2050-06-30 02:00:00,2050-06-30 06:00:00,2050-06-30,1344.11,nan,508.53,520.91,445.27
2050-06-30 03:00:00,2050-06-30 07:00:00,2050-06-30,816.29,nan,311.36,317.41,276.43
2050-06-30 04:00:00,2050-06-30 08:00:00,2050-06-30,451.58,nan,175.38,177.21,158.17
2050-06-30 05:00:00,2050-06-30 09:00:00,2050-06-30,213.75,nan,80.54,79.61,77.98
2050-06-30 06:00:00,2050-06-30 10:00:00,2050-06-30,114.59,nan,42.36,40.27,44.54
2050-06-30 07:00:00,2050-06-30 11:00:00,2050-06-30,123.71,nan,43.16,41.56,46.52
2050-06-30 08:00:00,2050-06-30 12:00:00,2050-06-30,196.43,nan,66.02,64.82,70.52
2050-06-30 09:00:00,2050-06-30 13:00:00,2050-06-30,528.44,nan,180.05,180.51,187.3
2050-06-30 10:00:00,2050-06-30 14:00:00,2050-06-30,1169.47,nan,424.77,433.81,388.95
2050-06-30 11:00:00,2050-06-30 15:00:00,2050-06-30,1899.19,nan,699.32,716.63,624.09
2050-06-30 12:00:00,2050-06-30 16:00:00,2050-06-30,2601.3,nan,963.62,988.79,851.76
2050-06-30 13:00:00,2050-06-30 17:00:00,2050-06-30,3167.75,nan,1178.28,1209.74,1038.16
2050-06-30 14:00:00,2050-06-30 18:00:00,2050-06-30,3771.09,nan,1406.93,1445.9,1237.0
2050-06-30 15:00:00,2050-06-30 19:00:00,2050-06-30,4314.61,nan,1610.43,1656.07,1414.16
2050-06-30 16:00:00,2050-06-30 20:00:00,2050-06-30,4719.23,nan,1762.65,1813.94,1546.33
2050-06-30 17:00:00,2050-06-30 21:00:00,2050-06-30,4906.04,nan,1831.63,1885.34,1608.7
2050-06-30 18:00:00,2050-06-30 22:00:00,2050-06-30,4958.74,nan,1851.29,1906.37,1623.42
2050-06-30 19:00:00,2050-06-30 23:00:00,2050-06-30,4533.88,nan,1694.12,1746.65,1477.74
2050-06-30 20:00:00,2050-07-01 00:00:00,2050-06-30,3894.37,nan,1462.92,1507.98,1271.36
2050-06-30 21:00:00,2050-07-01 01:00:00,2050-06-30,2948.86,nan,1111.78,1144.44,970.57
2050-06-30 22:00:00,2050-07-01 02:00:00,2050-06-30,2248.7,nan,851.09,874.59,744.63
2050-06-30 23:00:00,2050-07-01 03:00:00,2050-06-30,1640.78,nan,624.75,640.85,549.01
2050-07-01 00:00:00,2050-07-01 04:00:00,2050-07-01,1127.74,nan,432.27,442.43,382.97
2050-07-01 01:00:00,2050-07-01 05:00:00,2050-07-01,696.17,nan,266.75,271.94,240.72
2050-07-01 02:00:00,2050-07-01 06:00:00,2050-07-01,320.31,nan,122.1,121.99,115.6
2050-07-01 03:00:00,2050-07-01 07:00:00,2050-07-01,124.82,nan,45.56,43.31,48.53
2050-07-01 04:00:00,2050-07-01 08:00:00,2050-07-01,57.2,nan,19.84,17.35,23.37
2050-07-01 05:00:00,2050-07-01 09:00:00,2050-07-01,31.55,nan,10.33,8.31,12.21
2050-07-01 06:00:00,2050-07-01 10:00:00,2050-07-01,23.81,nan,7.73,6.03,8.74
2050-07-01 07:00:00,2050-07-01 11:00:00,2050-07-01,51.77,nan,17.81,16.27,19.96
2050-07-01 08:00:00,2050-07-01 12:00:00,2050-07-01,272.42,nan,101.39,101.61,97.99
2050-07-01 09:00:00,2050-07-01 13:00:00,2050-07-01,829.43,nan,311.96,317.78,279.68
2050-07-01 10:00:00,2050-07-01 14:00:00,2050-07-01,1599.42,nan,599.06,612.69,524.89
2050-07-01 11:00:00,2050-07-01 15:00:00,2050-07-01,2303.79,nan,862.35,883.97,752.5
2050-07-01 12:00:00,2050-07-01 16:00:00,2050-07-01,2886.09,nan,1079.13,1107.29,941.44
2050-07-01 13:00:00,2050-07-01 17:00:00,2050-07-01,3341.01,nan,1248.57,1281.88,1091.05
2050-07-01 14:00:00,2050-07-01 18:00:00,2050-07-01,3921.51,nan,1465.33,1505.43,1279.94
2050-07-01 15:00:00,2050-07-01 19:00:00,2050-07-01,4503.64,nan,1684.8,1732.2,1468.48
2050-07-01 16:00:00,2050-07-01 20:00:00,2050-07-01,4950.2,nan,1852.42,1905.0,1612.08
2050-07-01 17:00:00,2050-07-01 21:00:00,2050-07-01,5216.54,nan,1955.02,2010.8,1699.62
2050-07-01 18:00:00,2050-07-01 22:00:00,2050-07-01,5369.14,nan,2014.6,2072.19,1749.68
2050-07-01 19:00:00,2050-07-01 23:00:00,2050-07-01,5054.29,nan,1897.17,1950.73,1639.36
2050-07-01 20:00:00,2050-07-02 00:00:00,2050-07-01,4303.89,nan,1618.68,1665.39,1397.83
2050-07-01 21:00:00,2050-07-02 01:00:00,2050-07-01,3348.81,nan,1261.25,1296.8,1094.34
2050-07-01 22:00:00,2050-07-02 02:00:00,2050-07-01,2653.13,nan,1001.67,1028.99,870.35
2050-07-01 23:00:00,2050-07-02 03:00:00,2050-07-01,2013.49,nan,759.65,779.27,662.85
2050-07-02 00:00:00,2050-07-02 04:00:00,2050-07-02,1427.83,nan,539.34,552.01,473.96
2050-07-02 01:00:00,2050-07-02 05:00:00,2050-07-02,897.44,nan,339.36,345.81,302.3
2050-07-02 02:00:00,2050-07-02 06:00:00,2050-07-02,438.28,nan,163.79,165.1,152.79
2050-07-02 03:00:00,2050-07-02 07:00:00,2050-07-02,172.33,nan,62.44,60.52,64.22
2050-07-02 04:00:00,2050-07-02 08:00:00,2050-07-02,75.23,nan,26.01,23.54,30.03
2050-07-02 05:00:00,2050-07-02 09:00:00,2050-07-02,37.5,nan,12.21,10.08,14.89
2050-07-02 06:00:00,2050-07-02 10:00:00,2050-07-02,25.53,nan,8.27,6.56,9.65
2050-07-02 07:00:00,2050-07-02 11:00:00,2050-07-02,75.03,nan,25.81,24.65,27.78
2050-07-02 08:00:00,2050-07-02 12:00:00,2050-07-02,335.19,nan,122.27,123.19,117.21
2050-07-02 09:00:00,2050-07-02 13:00:00,2050-07-02,1170.64,nan,438.71,448.01,391.43
2050-07-02 10:00:00,2050-07-02 14:00:00,2050-07-02,1922.73,nan,719.0,736.22,626.84
2050-07-02 11:00:00,2050-07-02 15:00:00,2050-07-02,2597.0,nan,970.46,995.22,844.77
2050-07-02 12:00:00,2050-07-02 16:00:00,2050-07-02,3187.01,nan,1189.0,1220.59,1036.36
2050-07-02 13:00:00,2050-07-02 17:00:00,2050-07-02,3673.92,nan,1369.13,1406.5,1195.64
2050-07-02 14:00:00,2050-07-02 18:00:00,2050-07-02,4242.12,nan,1582.87,1625.97,1383.55
2050-07-02 15:00:00,2050-07-02 19:00:00,2050-07-02,4730.66,nan,1762.47,1812.59,1546.31
2050-07-02 16:00:00,2050-07-02 20:00:00,2050-07-02,5044.8,nan,1879.15,1933.56,1648.75
2050-07-02 17:00:00,2050-07-02 21:00:00,2050-07-02,5147.96,nan,1918.16,1974.72,1684.68
2050-07-02 18:00:00,2050-07-02 22:00:00,2050-07-02,5159.22,nan,1924.2,1981.63,1688.05
2050-07-02 19:00:00,2050-07-02 23:00:00,2050-07-02,4754.5,nan,1774.34,1828.46,1547.39
2050-07-02 20:00:00,2050-07-03 00:00:00,2050-07-02,3918.23,nan,1466.09,1511.3,1275.71
2050-07-02 21:00:00,2050-07-03 01:00:00,2050-07-02,2948.11,nan,1106.84,1139.86,967.92
2050-07-02 22:00:00,2050-07-03 02:00:00,2050-07-02,2261.95,nan,852.07,876.57,747.35
2050-07-02 23:00:00,2050-07-03 03:00:00,2050-07-02,1671.96,nan,631.69,648.76,557.26
2050-07-03 00:00:00,2050-07-03 04:00:00,2050-07-03,1150.63,nan,436.16,446.82,388.93
2050-07-03 01:00:00,2050-07-03 05:00:00,2050-07-03,713.63,nan,271.55,276.77,247.04
2050-07-03 02:00:00,2050-07-03 06:00:00,2050-07-03,379.28,nan,142.74,143.59,135.32
2050-07-03 03:00:00,2050-07-03 07:00:00,2050-07-03,187.82,nan,68.2,66.57,69.57
2050-07-03 04:00:00,2050-07-03 08:00:00,2050-07-03,105.7,nan,37.45,34.9,40.12
2050-07-03 05:00:00,2050-07-03 09:00:00,2050-07-03,56.32,nan,18.44,15.74,21.33
2050-07-03 06:00:00,2050-07-03 10:00:00,2050-07-03,39.54,nan,12.28,9.8,14.14
2050-07-03 07:00:00,2050-07-03 11:00:00,2050-07-03,98.91,nan,34.38,33.07,35.21
2050-07-03 08:00:00,2050-07-03 12:00:00,2050-07-03,402.74,nan,145.47,147.35,137.71
2050-07-03 09:00:00,2050-07-03 13:00:00,2050-07-03,1389.99,nan,519.07,530.78,458.89
2050-07-03 10:00:00,2050-07-03 14:00:00,2050-07-03,2413.86,nan,899.89,923.0,786.72
2050-07-03 11:00:00,2050-07-03 15:00:00,2050-07-03,3444.68,nan,1286.34,1321.89,1120.63
2050-07-03 12:00:00,2050-07-03 16:00:00,2050-07-03,4350.95,nan,1627.27,1673.36,1416.72
2050-07-03 13:00:00,2050-07-03 17:00:00,2050-07-03,5009.55,nan,1875.01,1929.03,1634.25
2050-07-03 14:00:00,2050-07-03 18:00:00,2050-07-03,5641.31,nan,2111.15,2173.07,1841.62
2050-07-03 15:00:00,2050-07-03 19:00:00,2050-07-03,6187.29,nan,2314.57,2383.17,2020.17
2050-07-03 16:00:00,2050-07-03 20:00:00,2050-07-03,6570.79,nan,2455.01,2529.01,2145.25
2050-07-03 17:00:00,2050-07-03 21:00:00,2050-07-03,6700.78,nan,2500.49,2576.74,2187.87
2050-07-03 18:00:00,2050-07-03 22:00:00,2050-07-03,6622.51,nan,2469.45,2544.52,2160.55
2050-07-03 19:00:00,2050-07-03 23:00:00,2050-07-03,6152.62,nan,2296.98,2367.89,1998.76
2050-07-03 20:00:00,2050-07-04 00:00:00,2050-07-03,5219.14,nan,1950.71,2011.19,1695.69
2050-07-03 21:00:00,2050-07-04 01:00:00,2050-07-03,4148.93,nan,1552.15,1599.19,1355.24
2050-07-03 22:00:00,2050-07-04 02:00:00,2050-07-03,3424.27,nan,1283.32,1321.1,1122.3
2050-07-03 23:00:00,2050-07-04 03:00:00,2050-07-03,2873.98,nan,1079.33,1110.56,944.94
2050-07-04 00:00:00,2050-07-04 04:00:00,2050-07-04,2428.67,nan,912.63,938.61,799.81
2050-07-04 01:00:00,2050-07-04 05:00:00,2050-07-04,2031.61,nan,763.84,785.14,670.65
2050-07-04 02:00:00,2050-07-04 06:00:00,2050-07-04,1696.08,nan,639.22,656.57,562.62
2050-07-04 03:00:00,2050-07-04 07:00:00,2050-07-04,1362.58,nan,516.17,529.55,455.25
2050-07-04 04:00:00,2050-07-04 08:00:00,2050-07-04,1037.3,nan,395.08,404.58,350.25
2050-07-04 05:00:00,2050-07-04 09:00:00,2050-07-04,739.32,nan,281.56,287.56,252.74
2050-07-04 06:00:00,2050-07-04 10:00:00,2050-07-04,576.67,nan,217.94,222.04,196.79
2050-07-04 07:00:00,2050-07-04 11:00:00,2050-07-04,1028.28,nan,386.95,397.03,335.31
2050-07-04 08:00:00,2050-07-04 12:00:00,2050-07-04,1840.79,nan,687.17,706.39,595.58
2050-07-04 09:00:00,2050-07-04 13:00:00,2050-07-04,2914.29,nan,1087.26,1116.94,947.01
2050-07-04 10:00:00,2050-07-04 14:00:00,2050-07-04,4047.64,nan,1511.84,1554.32,1311.23
2050-07-04 11:00:00,2050-07-04 15:00:00,2050-07-04,5090.37,nan,1902.17,1957.21,1648.44
2050-07-04 12:00:00,2050-07-04 16:00:00,2050-07-04,6040.28,nan,2259.35,2325.7,1958.65
2050-07-04 13:00:00,2050-07-04 17:00:00,2050-07-04,6729.42,nan,2516.35,2590.95,2186.16
2050-07-04 14:00:00,2050-07-04 18:00:00,2050-07-04,7156.25,nan,2673.68,2753.82,2329.79
2050-07-04 15:00:00,2050-07-04 19:00:00,2050-07-04,7484.23,nan,2795.65,2880.91,2434.52
2050-07-04 16:00:00,2050-07-04 20:00:00,2050-07-04,7701.36,nan,2873.6,2961.21,2505.3
2050-07-04 17:00:00,2050-07-04 21:00:00,2050-07-04,7643.7,nan,2851.94,2939.11,2486.71
2050-07-04 18:00:00,2050-07-04 22:00:00,2050-07-04,7569.27,nan,2825.09,2911.63,2464.21
2050-07-04 19:00:00,2050-07-04 23:00:00,2050-07-04,7131.43,nan,2664.15,2747.46,2314.64
2050-07-04 20:00:00,2050-07-05 00:00:00,2050-07-04,6222.22,nan,2327.67,2400.65,2020.03
2050-07-04 21:00:00,2050-07-05 01:00:00,2050-07-04,5362.74,nan,2012.27,2075.05,1747.35
2050-07-04 22:00:00,2050-07-05 02:00:00,2050-07-04,4863.57,nan,1825.87,1882.91,1585.62
2050-07-04 23:00:00,2050-07-05 03:00:00,2050-07-04,4388.52,nan,1646.5,1697.5,1431.0
2050-07-05 00:00:00,2050-07-05 04:00:00,2050-07-05,3979.33,nan,1492.29,1537.7,1298.99
2050-07-05 01:00:00,2050-07-05 05:00:00,2050-07-05,3619.05,nan,1355.76,1396.64,1181.63
2050-07-05 02:00:00,2050-07-05 06:00:00,2050-07-05,3246.76,nan,1214.83,1251.01,1061.04
2050-07-05 03:00:00,2050-07-05 07:00:00,2050-07-05,2897.29,nan,1084.22,1115.91,948.41
2050-07-05 04:00:00,2050-07-05 08:00:00,2050-07-05,2530.11,nan,946.32,973.23,829.73
2050-07-05 05:00:00,2050-07-05 09:00:00,2050-07-05,2170.13,nan,810.91,833.27,713.49
2050-07-05 06:00:00,2050-07-05 10:00:00,2050-07-05,1947.24,nan,726.01,745.85,639.08
2050-07-05 07:00:00,2050-07-05 11:00:00,2050-07-05,2397.03,nan,890.2,916.22,774.69
2050-07-05 08:00:00,2050-07-05 12:00:00,2050-07-05,3188.53,nan,1185.6,1220.6,1028.1
2050-07-05 09:00:00,2050-07-05 13:00:00,2050-07-05,4191.85,nan,1561.69,1606.61,1356.92
2050-07-05 10:00:00,2050-07-05 14:00:00,2050-07-05,5244.11,nan,1958.5,2014.99,1695.48
2050-07-05 11:00:00,2050-07-05 15:00:00,2050-07-05,6152.44,nan,2299.31,2366.56,1989.92
2050-07-05 12:00:00,2050-07-05 16:00:00,2050-07-05,6966.68,nan,2604.76,2681.61,2255.63
2050-07-05 13:00:00,2050-07-05 17:00:00,2050-07-05,7573.02,nan,2831.9,2915.87,2456.05
2050-07-05 14:00:00,2050-07-05 18:00:00,2050-07-05,8125.25,nan,3036.7,3127.47,2637.43
2050-07-05 15:00:00,2050-07-05 19:00:00,2050-07-05,8562.12,nan,3197.01,3293.17,2782.69
2050-07-05 16:00:00,2050-07-05 20:00:00,2050-07-05,8699.98,nan,3238.7,3337.4,2829.63
2050-07-05 17:00:00,2050-07-05 21:00:00,2050-07-05,8604.85,nan,3202.27,3300.41,2797.87
2050-07-05 18:00:00,2050-07-05 22:00:00,2050-07-05,8468.97,nan,3155.99,3252.84,2756.26
2050-07-05 19:00:00,2050-07-05 23:00:00,2050-07-05,7965.69,nan,2971.57,3063.64,2587.12
2050-07-05 20:00:00,2050-07-06 00:00:00,2050-07-05,6952.51,nan,2597.76,2678.53,2258.58
2050-07-05 21:00:00,2050-07-06 01:00:00,2050-07-05,5870.12,nan,2197.83,2265.3,1916.85
2050-07-05 22:00:00,2050-07-06 02:00:00,2050-07-05,5089.97,nan,1905.43,1963.63,1666.28
2050-07-05 23:00:00,2050-07-06 03:00:00,2050-07-05,4392.58,nan,1646.7,1696.15,1442.41
2050-07-06 00:00:00,2050-07-06 04:00:00,2050-07-06,3801.78,nan,1427.14,1469.17,1252.49
2050-07-06 01:00:00,2050-07-06 05:00:00,2050-07-06,3295.93,nan,1238.85,1274.56,1089.28
2050-07-06 02:00:00,2050-07-06 06:00:00,2050-07-06,2841.64,nan,1069.28,1099.34,940.39
2050-07-06 03:00:00,2050-07-06 07:00:00,2050-07-06,2467.5,nan,928.47,954.0,818.01
2050-07-06 04:00:00,2050-07-06 08:00:00,2050-07-06,2152.82,nan,810.34,831.94,715.46
2050-07-06 05:00:00,2050-07-06 09:00:00,2050-07-06,1902.41,nan,716.42,734.92,633.32
2050-07-06 06:00:00,2050-07-06 10:00:00,2050-07-06,1823.58,nan,685.4,702.96,604.26
2050-07-06 07:00:00,2050-07-06 11:00:00,2050-07-06,2453.11,nan,920.24,945.61,799.26
2050-07-06 08:00:00,2050-07-06 12:00:00,2050-07-06,3459.02,nan,1299.75,1336.83,1120.28
2050-07-06 09:00:00,2050-07-06 13:00:00,2050-07-06,4584.36,nan,1720.38,1769.34,1484.29
2050-07-06 10:00:00,2050-07-06 14:00:00,2050-07-06,5716.14,nan,2145.24,2206.24,1849.09
2050-07-06 11:00:00,2050-07-06 15:00:00,2050-07-06,6623.35,nan,2485.68,2557.43,2143.14
2050-07-06 12:00:00,2050-07-06 16:00:00,2050-07-06,7384.1,nan,2771.99,2852.58,2391.1
2050-07-06 13:00:00,2050-07-06 17:00:00,2050-07-06,7938.82,nan,2980.39,3068.81,2576.16
2050-07-06 14:00:00,2050-07-06 18:00:00,2050-07-06,8409.25,nan,3151.47,3246.71,2731.34
2050-07-06 15:00:00,2050-07-06 19:00:00,2050-07-06,8672.36,nan,3246.82,3346.37,2817.04
2050-07-06 16:00:00,2050-07-06 20:00:00,2050-07-06,8803.02,nan,3297.38,3398.58,2861.08
2050-07-06 17:00:00,2050-07-06 21:00:00,2050-07-06,8744.54,nan,3275.26,3376.24,2845.55
2050-07-06 18:00:00,2050-07-06 22:00:00,2050-07-06,8553.7,nan,3202.76,3301.82,2785.56
2050-07-06 19:00:00,2050-07-06 23:00:00,2050-07-06,8086.17,nan,3031.72,3126.41,2631.83
2050-07-06 20:00:00,2050-07-07 00:00:00,2050-07-06,7120.99,nan,2672.09,2756.32,2317.01
2050-07-06 21:00:00,2050-07-07 01:00:00,2050-07-06,6115.86,nan,2297.65,2369.82,1995.7
2050-07-06 22:00:00,2050-07-07 02:00:00,2050-07-06,5415.81,nan,2037.39,2101.25,1770.83
2050-07-06 23:00:00,2050-07-07 03:00:00,2050-07-06,4734.88,nan,1781.72,1836.93,1548.78
2050-07-07 00:00:00,2050-07-07 04:00:00,2050-07-07,4128.19,nan,1553.23,1600.97,1352.61
2050-07-07 01:00:00,2050-07-07 05:00:00,2050-07-07,3625.56,nan,1365.59,1406.75,1191.28
2050-07-07 02:00:00,2050-07-07 06:00:00,2050-07-07,3190.27,nan,1204.09,1239.52,1051.5
2050-07-07 03:00:00,2050-07-07 07:00:00,2050-07-07,2796.84,nan,1058.37,1088.73,923.75
2050-07-07 04:00:00,2050-07-07 08:00:00,2050-07-07,2447.12,nan,927.45,953.52,810.27
2050-07-07 05:00:00,2050-07-07 09:00:00,2050-07-07,2135.61,nan,810.59,832.74,709.42
2050-07-07 06:00:00,2050-07-07 10:00:00,2050-07-07,1950.01,nan,739.61,759.59,646.41
2050-07-07 07:00:00,2050-07-07 11:00:00,2050-07-07,2364.15,nan,891.5,916.72,771.16
2050-07-07 08:00:00,2050-07-07 12:00:00,2050-07-07,3036.39,nan,1143.15,1175.29,985.29
2050-07-07 09:00:00,2050-07-07 13:00:00,2050-07-07,3937.9,nan,1481.34,1521.82,1277.21
2050-07-07 10:00:00,2050-07-07 14:00:00,2050-07-07,4952.0,nan,1868.47,1920.21,1609.18
2050-07-07 11:00:00,2050-07-07 15:00:00,2050-07-07,5755.41,nan,2175.68,2237.07,1873.11
2050-07-07 12:00:00,2050-07-07 16:00:00,2050-07-07,6338.49,nan,2393.39,2461.74,2063.88
2050-07-07 13:00:00,2050-07-07 17:00:00,2050-07-07,6694.6,nan,2523.21,2596.56,2183.62
2050-07-07 14:00:00,2050-07-07 18:00:00,2050-07-07,7017.65,nan,2638.76,2716.66,2289.6
2050-07-07 15:00:00,2050-07-07 19:00:00,2050-07-07,7254.98,nan,2723.98,2805.17,2368.06
2050-07-07 16:00:00,2050-07-07 20:00:00,2050-07-07,7331.16,nan,2750.29,2833.08,2393.96
2050-07-07 17:00:00,2050-07-07 21:00:00,2050-07-07,7155.65,nan,2682.45,2763.64,2339.01
2050-07-07 18:00:00,2050-07-07 22:00:00,2050-07-07,6913.28,nan,2591.1,2669.78,2261.24
2050-07-07 19:00:00,2050-07-07 23:00:00,2050-07-07,6401.5,nan,2402.04,2476.31,2091.24
2050-07-07 20:00:00,2050-07-08 00:00:00,2050-07-07,5352.28,nan,2008.19,2070.84,1746.78
2050-07-07 21:00:00,2050-07-08 01:00:00,2050-07-07,4287.68,nan,1608.99,1658.47,1404.54
2050-07-07 22:00:00,2050-07-08 02:00:00,2050-07-07,3572.68,nan,1341.39,1381.95,1173.74
2050-07-07 23:00:00,2050-07-08 03:00:00,2050-07-07,2992.14,nan,1124.12,1157.18,986.38
2050-07-08 00:00:00,2050-07-08 04:00:00,2050-07-08,2503.07,nan,940.15,967.08,828.29
2050-07-08 01:00:00,2050-07-08 05:00:00,2050-07-08,2120.0,nan,796.15,818.14,703.53
2050-07-08 02:00:00,2050-07-08 06:00:00,2050-07-08,1798.14,nan,676.01,693.75,599.06
2050-07-08 03:00:00,2050-07-08 07:00:00,2050-07-08,1522.93,nan,573.32,587.54,509.7
2050-07-08 04:00:00,2050-07-08 08:00:00,2050-07-08,1310.53,nan,494.08,505.49,440.85
2050-07-08 05:00:00,2050-07-08 09:00:00,2050-07-08,1127.66,nan,426.03,435.39,381.19
2050-07-08 06:00:00,2050-07-08 10:00:00,2050-07-08,1024.36,nan,386.07,394.14,345.55
2050-07-08 07:00:00,2050-07-08 11:00:00,2050-07-08,1187.73,nan,441.22,451.68,393.3
2050-07-08 08:00:00,2050-07-08 12:00:00,2050-07-08,1678.23,nan,624.44,640.86,548.35
2050-07-08 09:00:00,2050-07-08 13:00:00,2050-07-08,2254.36,nan,830.23,851.86,736.37
2050-07-08 10:00:00,2050-07-08 14:00:00,2050-07-08,3163.7,nan,1172.7,1205.56,1032.96
2050-07-08 11:00:00,2050-07-08 15:00:00,2050-07-08,3724.17,nan,1375.24,1415.0,1212.87
2050-07-08 12:00:00,2050-07-08 16:00:00,2050-07-08,4305.41,nan,1592.47,1638.84,1402.44
2050-07-08 13:00:00,2050-07-08 17:00:00,2050-07-08,4753.7,nan,1761.27,1812.65,1549.76
2050-07-08 14:00:00,2050-07-08 18:00:00,2050-07-08,5222.84,nan,1937.93,1994.53,1703.31
2050-07-08 15:00:00,2050-07-08 19:00:00,2050-07-08,5655.02,nan,2101.41,2163.03,1843.92
2050-07-08 16:00:00,2050-07-08 20:00:00,2050-07-08,5937.12,nan,2208.29,2273.29,1935.94
2050-07-08 17:00:00,2050-07-08 21:00:00,2050-07-08,6025.17,nan,2243.27,2309.29,1965.74
2050-07-08 18:00:00,2050-07-08 22:00:00,2050-07-08,5997.38,nan,2234.95,2300.82,1956.86
2050-07-08 19:00:00,2050-07-08 23:00:00,2050-07-08,5697.6,nan,2127.11,2191.09,1855.51
2050-07-08 20:00:00,2050-07-09 00:00:00,2050-07-08,4816.75,nan,1798.56,1853.22,1567.36
2050-07-08 21:00:00,2050-07-09 01:00:00,2050-07-08,3841.13,nan,1434.51,1477.26,1255.6
2050-07-08 22:00:00,2050-07-09 02:00:00,2050-07-08,3179.42,nan,1188.65,1223.15,1043.31
2050-07-08 23:00:00,2050-07-09 03:00:00,2050-07-08,2627.55,nan,983.51,1011.18,865.77
2050-07-09 00:00:00,2050-07-09 04:00:00,2050-07-09,2167.3,nan,812.12,834.07,717.31
2050-07-09 01:00:00,2050-07-09 05:00:00,2050-07-09,1793.02,nan,672.79,690.01,596.28
2050-07-09 02:00:00,2050-07-09 06:00:00,2050-07-09,1486.34,nan,558.1,571.49,496.84
2050-07-09 03:00:00,2050-07-09 07:00:00,2050-07-09,1218.03,nan,457.32,467.55,409.47
2050-07-09 04:00:00,2050-07-09 08:00:00,2050-07-09,986.6,nan,370.25,377.76,334.01
2050-07-09 05:00:00,2050-07-09 09:00:00,2050-07-09,786.2,nan,294.58,299.72,268.45
2050-07-09 06:00:00,2050-07-09 10:00:00,2050-07-09,724.67,nan,270.06,274.27,245.04
2050-07-09 07:00:00,2050-07-09 11:00:00,2050-07-09,1158.41,nan,426.95,436.55,378.51
2050-07-09 08:00:00,2050-07-09 12:00:00,2050-07-09,1581.53,nan,578.96,593.7,511.34
2050-07-09 09:00:00,2050-07-09 13:00:00,2050-07-09,2230.29,nan,821.73,843.14,725.56
2050-07-09 10:00:00,2050-07-09 14:00:00,2050-07-09,2988.62,nan,1105.27,1135.38,976.11
2050-07-09 11:00:00,2050-07-09 15:00:00,2050-07-09,3615.23,nan,1343.3,1380.8,1179.77
2050-07-09 12:00:00,2050-07-09 16:00:00,2050-07-09,4216.71,nan,1568.9,1613.61,1374.92
2050-07-09 13:00:00,2050-07-09 17:00:00,2050-07-09,4604.71,nan,1713.52,1763.43,1504.07
2050-07-09 14:00:00,2050-07-09 18:00:00,2050-07-09,5106.16,nan,1901.37,1956.7,1666.19
2050-07-09 15:00:00,2050-07-09 19:00:00,2050-07-09,5550.62,nan,2066.97,2127.36,1810.02
2050-07-09 16:00:00,2050-07-09 20:00:00,2050-07-09,5863.48,nan,2184.28,2248.18,1911.75
2050-07-09 17:00:00,2050-07-09 21:00:00,2050-07-09,5978.64,nan,2227.94,2293.16,1950.19
2050-07-09 18:00:00,2050-07-09 22:00:00,2050-07-09,5976.18,nan,2227.88,2293.27,1949.62
2050-07-09 19:00:00,2050-07-09 23:00:00,2050-07-09,5717.16,nan,2135.03,2198.52,1862.63
2050-07-09 20:00:00,2050-07-10 00:00:00,2050-07-09,4859.91,nan,1814.64,1869.39,1581.94
2050-07-09 21:00:00,2050-07-10 01:00:00,2050-07-09,3916.58,nan,1462.35,1505.87,1279.8
2050-07-09 22:00:00,2050-07-10 02:00:00,2050-07-09,3274.58,nan,1223.87,1259.48,1073.88
2050-07-09 23:00:00,2050-07-10 03:00:00,2050-07-09,2738.28,nan,1024.7,1053.69,901.45
2050-07-10 00:00:00,2050-07-10 04:00:00,2050-07-10,2304.04,nan,863.52,887.11,761.61
2050-07-10 01:00:00,2050-07-10 05:00:00,2050-07-10,1950.15,nan,732.13,751.31,647.49
2050-07-10 02:00:00,2050-07-10 06:00:00,2050-07-10,1656.33,nan,622.62,638.14,552.6
2050-07-10 03:00:00,2050-07-10 07:00:00,2050-07-10,1406.69,nan,529.44,541.89,471.67
2050-07-10 04:00:00,2050-07-10 08:00:00,2050-07-10,1188.65,nan,447.77,457.55,400.75
2050-07-10 05:00:00,2050-07-10 09:00:00,2050-07-10,1006.36,nan,379.23,386.75,341.34
2050-07-10 06:00:00,2050-07-10 10:00:00,2050-07-10,927.0,nan,348.06,354.6,313.48
2050-07-10 07:00:00,2050-07-10 11:00:00,2050-07-10,1436.61,nan,537.84,551.16,470.28
2050-07-10 08:00:00,2050-07-10 12:00:00,2050-07-10,2052.27,nan,766.6,786.82,666.26
2050-07-10 09:00:00,2050-07-10 13:00:00,2050-07-10,2700.68,nan,1002.59,1028.45,877.91
2050-07-10 10:00:00,2050-07-10 14:00:00,2050-07-10,3467.63,nan,1292.03,1325.89,1130.27
2050-07-10 11:00:00,2050-07-10 15:00:00,2050-07-10,4032.03,nan,1505.02,1544.86,1314.42
2050-07-10 12:00:00,2050-07-10 16:00:00,2050-07-10,4380.33,nan,1636.47,1679.45,1428.23
2050-07-10 13:00:00,2050-07-10 17:00:00,2050-07-10,4306.66,nan,1603.68,1644.44,1407.69
2050-07-10 14:00:00,2050-07-10 18:00:00,2050-07-10,4062.42,nan,1502.82,1541.1,1327.81
2050-07-10 15:00:00,2050-07-10 19:00:00,2050-07-10,3863.94,nan,1422.31,1459.65,1263.0
2050-07-10 16:00:00,2050-07-10 20:00:00,2050-07-10,3782.1,nan,1393.54,1430.07,1235.12
2050-07-10 17:00:00,2050-07-10 21:00:00,2050-07-10,3694.74,nan,1365.1,1400.91,1209.02
2050-07-10 18:00:00,2050-07-10 22:00:00,2050-07-10,3646.03,nan,1354.63,1390.41,1195.24
2050-07-10 19:00:00,2050-07-10 23:00:00,2050-07-10,3370.35,nan,1257.65,1291.5,1102.94
2050-07-10 20:00:00,2050-07-11 00:00:00,2050-07-10,2777.92,nan,1034.45,1062.12,907.67
2050-07-10 21:00:00,2050-07-11 01:00:00,2050-07-10,2310.67,nan,859.18,881.85,756.64
2050-07-10 22:00:00,2050-07-11 02:00:00,2050-07-10,2022.78,nan,752.81,771.92,664.51
2050-07-10 23:00:00,2050-07-11 03:00:00,2050-07-10,1757.92,nan,654.04,669.93,578.65
2050-07-11 00:00:00,2050-07-11 04:00:00,2050-07-11,1479.72,nan,548.65,561.1,488.89
2050-07-11 01:00:00,2050-07-11 05:00:00,2050-07-11,1240.64,nan,459.07,468.71,411.51
2050-07-11 02:00:00,2050-07-11 06:00:00,2050-07-11,1032.28,nan,381.13,388.16,344.9
2050-07-11 03:00:00,2050-07-11 07:00:00,2050-07-11,842.2,nan,309.39,314.05,282.75
2050-07-11 04:00:00,2050-07-11 08:00:00,2050-07-11,658.85,nan,239.86,242.04,222.94
2050-07-11 05:00:00,2050-07-11 09:00:00,2050-07-11,482.52,nan,173.08,173.23,165.42
2050-07-11 06:00:00,2050-07-11 10:00:00,2050-07-11,405.65,nan,142.19,141.54,139.37
2050-07-11 07:00:00,2050-07-11 11:00:00,2050-07-11,915.54,nan,338.6,345.03,300.17
2050-07-11 08:00:00,2050-07-11 12:00:00,2050-07-11,1524.19,nan,573.15,587.03,494.74
2050-07-11 09:00:00,2050-07-11 13:00:00,2050-07-11,2318.46,nan,871.8,894.06,752.82
2050-07-11 10:00:00,2050-07-11 14:00:00,2050-07-11,3230.95,nan,1216.84,1248.71,1050.74
2050-07-11 11:00:00,2050-07-11 15:00:00,2050-07-11,3926.03,nan,1474.19,1514.06,1274.93
2050-07-11 12:00:00,2050-07-11 16:00:00,2050-07-11,4580.44,nan,1717.12,1764.67,1487.29
2050-07-11 13:00:00,2050-07-11 17:00:00,2050-07-11,5090.15,nan,1907.9,1962.14,1655.63
2050-07-11 14:00:00,2050-07-11 18:00:00,2050-07-11,5603.96,nan,2096.92,2157.32,1826.04
2050-07-11 15:00:00,2050-07-11 19:00:00,2050-07-11,6051.52,nan,2261.5,2327.8,1973.18
2050-07-11 16:00:00,2050-07-11 20:00:00,2050-07-11,6313.27,nan,2356.4,2427.08,2058.92
2050-07-11 17:00:00,2050-07-11 21:00:00,2050-07-11,6308.5,nan,2352.93,2424.3,2059.18
2050-07-11 18:00:00,2050-07-11 22:00:00,2050-07-11,6101.44,nan,2275.78,2344.21,1993.52
2050-07-11 19:00:00,2050-07-11 23:00:00,2050-07-11,5688.09,nan,2125.74,2189.49,1857.01
2050-07-11 20:00:00,2050-07-12 00:00:00,2050-07-11,4715.33,nan,1761.02,1814.98,1538.27
2050-07-11 21:00:00,2050-07-12 01:00:00,2050-07-11,3771.71,nan,1409.96,1452.58,1234.1
2050-07-11 22:00:00,2050-07-12 02:00:00,2050-07-11,3169.44,nan,1186.04,1221.2,1040.8
2050-07-11 23:00:00,2050-07-12 03:00:00,2050-07-11,2664.27,nan,999.27,1027.56,878.29
2050-07-12 00:00:00,2050-07-12 04:00:00,2050-07-12,2243.85,nan,842.54,865.49,742.66
2050-07-12 01:00:00,2050-07-12 05:00:00,2050-07-12,1875.26,nan,704.23,722.54,623.04
2050-07-12 02:00:00,2050-07-12 06:00:00,2050-07-12,1559.74,nan,585.33,599.92,519.8
2050-07-12 03:00:00,2050-07-12 07:00:00,2050-07-12,1310.56,nan,492.96,504.65,438.14
2050-07-12 04:00:00,2050-07-12 08:00:00,2050-07-12,1104.31,nan,417.18,426.45,370.76
2050-07-12 05:00:00,2050-07-12 09:00:00,2050-07-12,912.26,nan,346.79,353.64,309.13
2050-07-12 06:00:00,2050-07-12 10:00:00,2050-07-12,793.04,nan,302.01,307.71,269.06
2050-07-12 07:00:00,2050-07-12 11:00:00,2050-07-12,1168.84,nan,445.5,457.81,385.86
2050-07-12 08:00:00,2050-07-12 12:00:00,2050-07-12,1777.46,nan,679.06,699.62,581.01
2050-07-12 09:00:00,2050-07-12 13:00:00,2050-07-12,2652.7,nan,1009.73,1039.71,866.72
2050-07-12 10:00:00,2050-07-12 14:00:00,2050-07-12,3688.24,nan,1404.6,1445.55,1207.46
2050-07-12 11:00:00,2050-07-12 15:00:00,2050-07-12,4457.36,nan,1693.49,1743.25,1460.66
2050-07-12 12:00:00,2050-07-12 16:00:00,2050-07-12,5106.83,nan,1934.86,1992.32,1672.97
2050-07-12 13:00:00,2050-07-12 17:00:00,2050-07-12,5518.63,nan,2085.84,2147.95,1809.87
2050-07-12 14:00:00,2050-07-12 18:00:00,2050-07-12,5843.9,nan,2202.44,2267.66,1917.92
2050-07-12 15:00:00,2050-07-12 19:00:00,2050-07-12,6139.24,nan,2310.02,2378.7,2013.45
2050-07-12 16:00:00,2050-07-12 20:00:00,2050-07-12,6304.82,nan,2369.58,2439.78,2066.42
2050-07-12 17:00:00,2050-07-12 21:00:00,2050-07-12,6015.25,nan,2256.52,2322.04,1972.01
2050-07-12 18:00:00,2050-07-12 22:00:00,2050-07-12,5646.27,nan,2119.7,2181.28,1854.31
2050-07-12 19:00:00,2050-07-12 23:00:00,2050-07-12,5077.79,nan,1909.46,1964.13,1668.1
2050-07-12 20:00:00,2050-07-13 00:00:00,2050-07-12,4171.26,nan,1567.8,1613.22,1370.79
2050-07-12 21:00:00,2050-07-13 01:00:00,2050-07-12,3441.42,nan,1294.79,1331.99,1134.15
2050-07-12 22:00:00,2050-07-13 02:00:00,2050-07-12,2958.09,nan,1114.42,1145.74,978.05
2050-07-12 23:00:00,2050-07-13 03:00:00,2050-07-12,2568.61,nan,969.05,995.54,851.96
2050-07-13 00:00:00,2050-07-13 04:00:00,2050-07-13,2253.95,nan,851.61,874.28,749.76
2050-07-13 01:00:00,2050-07-13 05:00:00,2050-07-13,1983.7,nan,749.62,769.09,661.96
2050-07-13 02:00:00,2050-07-13 06:00:00,2050-07-13,1744.09,nan,658.94,675.6,583.67
2050-07-13 03:00:00,2050-07-13 07:00:00,2050-07-13,1528.36,nan,578.01,592.14,513.22
2050-07-13 04:00:00,2050-07-13 08:00:00,2050-07-13,1362.6,nan,515.83,527.93,459.0
2050-07-13 05:00:00,2050-07-13 09:00:00,2050-07-13,1200.47,nan,454.45,464.7,405.75
2050-07-13 06:00:00,2050-07-13 10:00:00,2050-07-13,1087.92,nan,411.81,420.76,367.97
2050-07-13 07:00:00,2050-07-13 11:00:00,2050-07-13,1289.38,nan,483.25,494.98,427.07
2050-07-13 08:00:00,2050-07-13 12:00:00,2050-07-13,1527.34,nan,564.46,580.16,502.18
2050-07-13 09:00:00,2050-07-13 13:00:00,2050-07-13,2179.63,nan,813.2,835.72,717.7
2050-07-13 10:00:00,2050-07-13 14:00:00,2050-07-13,3077.45,nan,1149.62,1181.14,1012.77
2050-07-13 11:00:00,2050-07-13 15:00:00,2050-07-13,3515.85,nan,1311.55,1348.05,1151.47
2050-07-13 12:00:00,2050-07-13 16:00:00,2050-07-13,3961.06,nan,1484.83,1526.67,1296.24
2050-07-13 13:00:00,2050-07-13 17:00:00,2050-07-13,4189.58,nan,1567.35,1611.72,1372.36
2050-07-13 14:00:00,2050-07-13 18:00:00,2050-07-13,4539.01,nan,1697.88,1746.34,1488.3
2050-07-13 15:00:00,2050-07-13 19:00:00,2050-07-13,4304.04,nan,1599.19,1644.18,1413.8
2050-07-13 16:00:00,2050-07-13 20:00:00,2050-07-13,4148.08,nan,1541.84,1584.56,1360.43
2050-07-13 17:00:00,2050-07-13 21:00:00,2050-07-13,3840.05,nan,1423.15,1463.07,1261.86
2050-07-13 18:00:00,2050-07-13 22:00:00,2050-07-13,3540.68,nan,1315.76,1352.38,1166.05
2050-07-13 19:00:00,2050-07-13 23:00:00,2050-07-13,3226.54,nan,1203.36,1236.42,1063.66
2050-07-13 20:00:00,2050-07-14 00:00:00,2050-07-13,2706.28,nan,1010.1,1038.35,890.98
2050-07-13 21:00:00,2050-07-14 01:00:00,2050-07-13,2285.33,nan,852.27,876.29,753.64
2050-07-13 22:00:00,2050-07-14 02:00:00,2050-07-13,2076.98,nan,775.5,796.81,686.21
2050-07-13 23:00:00,2050-07-14 03:00:00,2050-07-13,1923.25,nan,719.18,738.57,636.83
2050-07-14 00:00:00,2050-07-14 04:00:00,2050-07-14,1790.09,nan,670.16,687.85,593.75
2050-07-14 01:00:00,2050-07-14 05:00:00,2050-07-14,1688.37,nan,632.86,649.17,560.94
2050-07-14 02:00:00,2050-07-14 06:00:00,2050-07-14,1624.68,nan,609.73,625.4,540.53
2050-07-14 03:00:00,2050-07-14 07:00:00,2050-07-14,1606.38,nan,604.09,619.39,534.73
2050-07-14 04:00:00,2050-07-14 08:00:00,2050-07-14,1580.97,nan,595.48,610.28,527.17
2050-07-14 05:00:00,2050-07-14 09:00:00,2050-07-14,1563.34,nan,589.7,603.76,521.69
2050-07-14 06:00:00,2050-07-14 10:00:00,2050-07-14,1529.35,nan,576.83,590.33,509.3
2050-07-14 07:00:00,2050-07-14 11:00:00,2050-07-14,1872.24,nan,707.67,725.85,614.74
2050-07-14 08:00:00,2050-07-14 12:00:00,2050-07-14,2364.17,nan,897.51,921.59,771.33
2050-07-14 09:00:00,2050-07-14 13:00:00,2050-07-14,3030.77,nan,1149.69,1181.89,989.24
2050-07-14 10:00:00,2050-07-14 14:00:00,2050-07-14,3935.3,nan,1495.58,1537.46,1287.16
2050-07-14 11:00:00,2050-07-14 15:00:00,2050-07-14,4663.9,nan,1767.95,1818.3,1520.84
2050-07-14 12:00:00,2050-07-14 16:00:00,2050-07-14,5292.02,nan,1999.05,2056.54,1722.79
2050-07-14 13:00:00,2050-07-14 17:00:00,2050-07-14,5805.81,nan,2188.47,2251.59,1890.19
2050-07-14 14:00:00,2050-07-14 18:00:00,2050-07-14,6263.78,nan,2356.53,2424.05,2040.3
2050-07-14 15:00:00,2050-07-14 19:00:00,2050-07-14,6661.45,nan,2501.2,2572.83,2169.87
2050-07-14 16:00:00,2050-07-14 20:00:00,2050-07-14,6831.11,nan,2556.93,2631.26,2224.12
2050-07-14 17:00:00,2050-07-14 21:00:00,2050-07-14,6716.24,nan,2504.85,2578.14,2187.26
2050-07-14 18:00:00,2050-07-14 22:00:00,2050-07-14,6412.68,nan,2388.39,2457.68,2088.9
2050-07-14 19:00:00,2050-07-14 23:00:00,2050-07-14,5976.49,nan,2229.46,2293.33,1950.26
2050-07-14 20:00:00,2050-07-15 00:00:00,2050-07-14,5134.41,nan,1913.35,1969.13,1673.72
2050-07-14 21:00:00,2050-07-15 01:00:00,2050-07-14,4418.26,nan,1646.76,1694.9,1441.51
2050-07-14 22:00:00,2050-07-15 02:00:00,2050-07-14,3994.75,nan,1492.42,1535.33,1306.39
2050-07-14 23:00:00,2050-07-15 03:00:00,2050-07-14,3622.02,nan,1355.39,1393.43,1186.1
2050-07-15 00:00:00,2050-07-15 04:00:00,2050-07-15,3185.58,nan,1193.29,1226.38,1044.69
2050-07-15 01:00:00,2050-07-15 05:00:00,2050-07-15,2802.83,nan,1050.88,1079.12,921.2
2050-07-15 02:00:00,2050-07-15 06:00:00,2050-07-15,2485.68,nan,933.53,957.78,819.38
2050-07-15 03:00:00,2050-07-15 07:00:00,2050-07-15,2206.47,nan,831.08,852.23,729.11
2050-07-15 04:00:00,2050-07-15 08:00:00,2050-07-15,1929.8,nan,728.31,746.71,639.8
2050-07-15 05:00:00,2050-07-15 09:00:00,2050-07-15,1640.73,nan,620.62,635.79,545.8
2050-07-15 06:00:00,2050-07-15 10:00:00,2050-07-15,1419.81,nan,537.36,550.14,473.52
2050-07-15 07:00:00,2050-07-15 11:00:00,2050-07-15,1753.19,nan,663.6,680.93,574.72
2050-07-15 08:00:00,2050-07-15 12:00:00,2050-07-15,2232.97,nan,845.13,868.18,726.52
2050-07-15 09:00:00,2050-07-15 13:00:00,2050-07-15,2899.55,nan,1093.46,1123.03,943.75
2050-07-15 10:00:00,2050-07-15 14:00:00,2050-07-15,3790.46,nan,1431.23,1469.46,1239.72
2050-07-15 11:00:00,2050-07-15 15:00:00,2050-07-15,4420.38,nan,1666.14,1711.4,1445.44
2050-07-15 12:00:00,2050-07-15 16:00:00,2050-07-15,4934.43,nan,1854.83,1906.36,1613.07
2050-07-15 13:00:00,2050-07-15 17:00:00,2050-07-15,5180.89,nan,1941.44,1996.93,1695.59
2050-07-15 14:00:00,2050-07-15 18:00:00,2050-07-15,5423.83,nan,2029.58,2087.82,1774.97
2050-07-15 15:00:00,2050-07-15 19:00:00,2050-07-15,5697.43,nan,2128.93,2190.73,1863.2
2050-07-15 16:00:00,2050-07-15 20:00:00,2050-07-15,5868.9,nan,2190.51,2254.89,1918.55
2050-07-15 17:00:00,2050-07-15 21:00:00,2050-07-15,5846.91,nan,2180.46,2244.97,1911.82
2050-07-15 18:00:00,2050-07-15 22:00:00,2050-07-15,5722.23,nan,2133.43,2196.75,1870.86
2050-07-15 19:00:00,2050-07-15 23:00:00,2050-07-15,5432.04,nan,2029.42,2089.7,1775.26
2050-07-15 20:00:00,2050-07-16 00:00:00,2050-07-15,4500.38,nan,1680.94,1731.65,1468.72
2050-07-15 21:00:00,2050-07-16 01:00:00,2050-07-15,3524.22,nan,1315.5,1354.78,1154.0
2050-07-15 22:00:00,2050-07-16 02:00:00,2050-07-15,2867.93,nan,1071.63,1102.59,942.95
2050-07-15 23:00:00,2050-07-16 03:00:00,2050-07-15,2319.79,nan,868.5,892.62,766.7
2050-07-16 00:00:00,2050-07-16 04:00:00,2050-07-16,1878.53,nan,705.51,724.29,624.44
2050-07-16 01:00:00,2050-07-16 05:00:00,2050-07-16,1531.47,nan,578.55,593.27,513.31
2050-07-16 02:00:00,2050-07-16 06:00:00,2050-07-16,1246.94,nan,474.07,485.11,421.58
2050-07-16 03:00:00,2050-07-16 07:00:00,2050-07-16,1011.98,nan,387.78,396.49,346.49
2050-07-16 04:00:00,2050-07-16 08:00:00,2050-07-16,826.28,nan,318.97,325.39,284.68
2050-07-16 05:00:00,2050-07-16 09:00:00,2050-07-16,698.14,nan,270.94,275.29,242.81
2050-07-16 06:00:00,2050-07-16 10:00:00,2050-07-16,618.72,nan,240.21,243.42,215.72
2050-07-16 07:00:00,2050-07-16 11:00:00,2050-07-16,706.7,nan,270.96,275.61,241.08
2050-07-16 08:00:00,2050-07-16 12:00:00,2050-07-16,931.09,nan,353.41,361.88,311.34
2050-07-16 09:00:00,2050-07-16 13:00:00,2050-07-16,1494.06,nan,561.13,575.7,498.03
2050-07-16 10:00:00,2050-07-16 14:00:00,2050-07-16,2445.85,nan,926.37,950.53,815.82
2050-07-16 11:00:00,2050-07-16 15:00:00,2050-07-16,3169.01,nan,1195.76,1229.04,1050.19
2050-07-16 12:00:00,2050-07-16 16:00:00,2050-07-16,3795.97,nan,1430.24,1471.33,1254.53
2050-07-16 13:00:00,2050-07-16 17:00:00,2050-07-16,4250.19,nan,1599.66,1646.24,1403.37
2050-07-16 14:00:00,2050-07-16 18:00:00,2050-07-16,4744.75,nan,1783.25,1835.65,1564.0
2050-07-16 15:00:00,2050-07-16 19:00:00,2050-07-16,5232.16,nan,1965.58,2023.65,1721.21
2050-07-16 16:00:00,2050-07-16 20:00:00,2050-07-16,5593.02,nan,2100.29,2162.36,1837.76
2050-07-16 17:00:00,2050-07-16 21:00:00,2050-07-16,5665.89,nan,2128.51,2190.24,1861.3
2050-07-16 18:00:00,2050-07-16 22:00:00,2050-07-16,5539.44,nan,2077.77,2138.54,1821.51
2050-07-16 19:00:00,2050-07-16 23:00:00,2050-07-16,5187.19,nan,1947.54,2004.38,1707.24
2050-07-16 20:00:00,2050-07-17 00:00:00,2050-07-16,4397.0,nan,1653.89,1703.38,1444.65
2050-07-16 21:00:00,2050-07-17 01:00:00,2050-07-16,3696.46,nan,1391.2,1432.91,1216.41
2050-07-16 22:00:00,2050-07-17 02:00:00,2050-07-16,3278.47,nan,1234.84,1271.43,1081.56
2050-07-16 23:00:00,2050-07-17 03:00:00,2050-07-16,2936.63,nan,1105.51,1137.51,971.14
2050-07-17 00:00:00,2050-07-17 04:00:00,2050-07-17,2636.75,nan,992.11,1020.23,874.01
2050-07-17 01:00:00,2050-07-17 05:00:00,2050-07-17,2401.79,nan,903.04,928.29,797.22
2050-07-17 02:00:00,2050-07-17 06:00:00,2050-07-17,2195.71,nan,825.12,847.78,729.83
2050-07-17 03:00:00,2050-07-17 07:00:00,2050-07-17,2011.59,nan,755.61,776.01,669.77
2050-07-17 04:00:00,2050-07-17 08:00:00,2050-07-17,1844.6,nan,691.99,710.44,615.48
2050-07-17 05:00:00,2050-07-17 09:00:00,2050-07-17,1714.65,nan,644.06,660.75,573.08
2050-07-17 06:00:00,2050-07-17 10:00:00,2050-07-17,1614.42,nan,606.44,621.68,537.79
2050-07-17 07:00:00,2050-07-17 11:00:00,2050-07-17,1963.15,nan,735.86,755.92,643.09
2050-07-17 08:00:00,2050-07-17 12:00:00,2050-07-17,2507.94,nan,939.67,967.08,812.49
2050-07-17 09:00:00,2050-07-17 13:00:00,2050-07-17,3275.46,nan,1224.97,1260.27,1059.62
2050-07-17 10:00:00,2050-07-17 14:00:00,2050-07-17,4310.62,nan,1614.32,1659.91,1397.08
2050-07-17 11:00:00,2050-07-17 15:00:00,2050-07-17,5103.05,nan,1908.07,1962.85,1650.79
2050-07-17 12:00:00,2050-07-17 16:00:00,2050-07-17,5800.73,nan,2167.77,2229.84,1876.4
2050-07-17 13:00:00,2050-07-17 17:00:00,2050-07-17,6360.63,nan,2377.04,2445.57,2060.68
2050-07-17 14:00:00,2050-07-17 18:00:00,2050-07-17,6931.68,nan,2590.28,2665.54,2247.53
2050-07-17 15:00:00,2050-07-17 19:00:00,2050-07-17,7381.74,nan,2758.68,2839.94,2395.84
2050-07-17 16:00:00,2050-07-17 20:00:00,2050-07-17,7618.01,nan,2845.7,2930.43,2475.62
2050-07-17 17:00:00,2050-07-17 21:00:00,2050-07-17,7600.28,nan,2838.41,2923.67,2472.46
2050-07-17 18:00:00,2050-07-17 22:00:00,2050-07-17,7410.16,nan,2769.3,2852.16,2412.69
2050-07-17 19:00:00,2050-07-17 23:00:00,2050-07-17,7012.28,nan,2625.2,2703.1,2284.2
2050-07-17 20:00:00,2050-07-18 00:00:00,2050-07-17,5966.78,nan,2233.28,2300.83,1943.74
2050-07-17 21:00:00,2050-07-18 01:00:00,2050-07-17,5004.97,nan,1873.01,1929.74,1634.92
2050-07-17 22:00:00,2050-07-18 02:00:00,2050-07-17,4368.84,nan,1638.91,1687.34,1427.48
2050-07-17 23:00:00,2050-07-18 03:00:00,2050-07-17,3803.19,nan,1427.24,1469.1,1244.64
2050-07-18 00:00:00,2050-07-18 04:00:00,2050-07-18,3404.7,nan,1278.71,1315.4,1118.95
2050-07-18 01:00:00,2050-07-18 05:00:00,2050-07-18,3051.59,nan,1146.8,1179.39,1003.55
2050-07-18 02:00:00,2050-07-18 06:00:00,2050-07-18,2764.44,nan,1038.46,1068.05,909.24
2050-07-18 03:00:00,2050-07-18 07:00:00,2050-07-18,2515.7,nan,945.12,971.56,828.02
2050-07-18 04:00:00,2050-07-18 08:00:00,2050-07-18,2245.57,nan,842.5,865.87,739.28
2050-07-18 05:00:00,2050-07-18 09:00:00,2050-07-18,1986.25,nan,745.32,765.74,655.08
2050-07-18 06:00:00,2050-07-18 10:00:00,2050-07-18,1798.4,nan,674.96,693.23,592.92
2050-07-18 07:00:00,2050-07-18 11:00:00,2050-07-18,2230.6,nan,834.06,858.14,723.57
2050-07-18 08:00:00,2050-07-18 12:00:00,2050-07-18,2903.03,nan,1082.79,1115.01,934.93
2050-07-18 09:00:00,2050-07-18 13:00:00,2050-07-18,3785.99,nan,1410.6,1452.19,1220.65
2050-07-18 10:00:00,2050-07-18 14:00:00,2050-07-18,4915.52,nan,1836.15,1888.89,1591.02
2050-07-18 11:00:00,2050-07-18 15:00:00,2050-07-18,5724.61,nan,2138.91,2201.0,1852.59
2050-07-18 12:00:00,2050-07-18 16:00:00,2050-07-18,6382.36,nan,2386.06,2455.77,2066.52
2050-07-18 13:00:00,2050-07-18 17:00:00,2050-07-18,6743.55,nan,2520.74,2594.67,2185.07
2050-07-18 14:00:00,2050-07-18 18:00:00,2050-07-18,6922.28,nan,2588.56,2663.98,2245.83
2050-07-18 15:00:00,2050-07-18 19:00:00,2050-07-18,7203.19,nan,2688.86,2767.64,2339.33
2050-07-18 16:00:00,2050-07-18 20:00:00,2050-07-18,7475.64,nan,2791.34,2873.17,2428.26
2050-07-18 17:00:00,2050-07-18 21:00:00,2050-07-18,7631.44,nan,2849.85,2935.12,2477.92
2050-07-18 18:00:00,2050-07-18 22:00:00,2050-07-18,7732.59,nan,2894.01,2981.62,2509.6
2050-07-18 19:00:00,2050-07-18 23:00:00,2050-07-18,7628.31,nan,2865.92,2952.4,2474.27
2050-07-18 20:00:00,2050-07-19 00:00:00,2050-07-18,6762.25,nan,2545.49,2623.43,2190.41
2050-07-18 21:00:00,2050-07-19 01:00:00,2050-07-18,5801.55,nan,2186.45,2253.54,1881.88
2050-07-18 22:00:00,2050-07-19 02:00:00,2050-07-18,5156.17,nan,1946.3,2005.35,1676.2
2050-07-18 23:00:00,2050-07-19 03:00:00,2050-07-18,4578.31,nan,1730.14,1782.01,1491.49
2050-07-19 00:00:00,2050-07-19 04:00:00,2050-07-19,4055.49,nan,1532.51,1577.92,1324.08
2050-07-19 01:00:00,2050-07-19 05:00:00,2050-07-19,3639.11,nan,1376.92,1417.43,1190.08
2050-07-19 02:00:00,2050-07-19 06:00:00,2050-07-19,3315.37,nan,1256.23,1292.69,1085.66
2050-07-19 03:00:00,2050-07-19 07:00:00,2050-07-19,2994.67,nan,1133.28,1165.9,981.45
2050-07-19 04:00:00,2050-07-19 08:00:00,2050-07-19,2725.11,nan,1031.94,1061.1,894.67
2050-07-19 05:00:00,2050-07-19 09:00:00,2050-07-19,2496.46,nan,945.86,971.83,821.59
2050-07-19 06:00:00,2050-07-19 10:00:00,2050-07-19,2349.84,nan,889.61,913.76,773.89
2050-07-19 07:00:00,2050-07-19 11:00:00,2050-07-19,2719.4,nan,1023.94,1053.34,886.15
2050-07-19 08:00:00,2050-07-19 12:00:00,2050-07-19,3394.3,nan,1273.18,1311.49,1099.28
2050-07-19 09:00:00,2050-07-19 13:00:00,2050-07-19,4180.8,nan,1564.75,1611.71,1355.14
2050-07-19 10:00:00,2050-07-19 14:00:00,2050-07-19,5131.84,nan,1923.73,1979.95,1668.64
2050-07-19 11:00:00,2050-07-19 15:00:00,2050-07-19,5649.91,nan,2114.41,2176.83,1837.12
2050-07-19 12:00:00,2050-07-19 16:00:00,2050-07-19,6113.21,nan,2291.48,2359.21,1990.83
2050-07-19 13:00:00,2050-07-19 17:00:00,2050-07-19,6230.42,nan,2336.96,2405.15,2034.64
2050-07-19 14:00:00,2050-07-19 18:00:00,2050-07-19,6198.72,nan,2323.1,2389.82,2028.49
2050-07-19 15:00:00,2050-07-19 19:00:00,2050-07-19,6184.61,nan,2310.07,2376.48,2025.22
2050-07-19 16:00:00,2050-07-19 20:00:00,2050-07-19,6157.57,nan,2303.58,2368.73,2018.83
2050-07-19 17:00:00,2050-07-19 21:00:00,2050-07-19,5338.36,nan,1997.15,2052.6,1758.86
2050-07-19 18:00:00,2050-07-19 22:00:00,2050-07-19,5265.19,nan,1977.58,2033.42,1735.43
2050-07-19 19:00:00,2050-07-19 23:00:00,2050-07-19,5163.4,nan,1945.98,2001.71,1697.6
2050-07-19 20:00:00,2050-07-20 00:00:00,2050-07-19,4428.89,nan,1671.15,1720.37,1454.92
2050-07-19 21:00:00,2050-07-20 01:00:00,2050-07-19,3718.95,nan,1404.41,1445.78,1224.82
2050-07-19 22:00:00,2050-07-20 02:00:00,2050-07-19,3333.56,nan,1260.66,1297.43,1100.47
2050-07-19 23:00:00,2050-07-20 03:00:00,2050-07-19,2954.08,nan,1119.74,1151.69,978.77
2050-07-20 00:00:00,2050-07-20 04:00:00,2050-07-20,2665.62,nan,1012.55,1040.68,885.12
2050-07-20 01:00:00,2050-07-20 05:00:00,2050-07-20,2356.98,nan,894.92,918.93,784.5
2050-07-20 02:00:00,2050-07-20 06:00:00,2050-07-20,2051.74,nan,778.84,798.95,685.49
2050-07-20 03:00:00,2050-07-20 07:00:00,2050-07-20,1769.15,nan,671.22,687.88,591.23
2050-07-20 04:00:00,2050-07-20 08:00:00,2050-07-20,1510.73,nan,572.52,586.28,506.47
2050-07-20 05:00:00,2050-07-20 09:00:00,2050-07-20,1292.68,nan,489.4,500.61,434.66
2050-07-20 06:00:00,2050-07-20 10:00:00,2050-07-20,1137.81,nan,430.4,439.85,383.04
2050-07-20 07:00:00,2050-07-20 11:00:00,2050-07-20,1554.23,nan,584.41,599.09,508.95
2050-07-20 08:00:00,2050-07-20 12:00:00,2050-07-20,2163.41,nan,810.23,832.63,699.85
2050-07-20 09:00:00,2050-07-20 13:00:00,2050-07-20,2990.46,nan,1117.29,1148.81,966.76
2050-07-20 10:00:00,2050-07-20 14:00:00,2050-07-20,4040.71,nan,1512.94,1554.68,1309.25
2050-07-20 11:00:00,2050-07-20 15:00:00,2050-07-20,4750.74,nan,1778.46,1827.99,1537.85
2050-07-20 12:00:00,2050-07-20 16:00:00,2050-07-20,5301.71,nan,1985.52,2041.34,1718.82
2050-07-20 13:00:00,2050-07-20 17:00:00,2050-07-20,5757.23,nan,2154.45,2216.01,1871.88
2050-07-20 14:00:00,2050-07-20 18:00:00,2050-07-20,6176.61,nan,2306.12,2372.97,2009.79
2050-07-20 15:00:00,2050-07-20 19:00:00,2050-07-20,6546.65,nan,2440.08,2511.54,2128.71
2050-07-20 16:00:00,2050-07-20 20:00:00,2050-07-20,6823.48,nan,2541.76,2616.87,2218.3
2050-07-20 17:00:00,2050-07-20 21:00:00,2050-07-20,6921.92,nan,2578.76,2655.18,2252.47
2050-07-20 18:00:00,2050-07-20 22:00:00,2050-07-20,6702.75,nan,2495.26,2569.05,2181.88
2050-07-20 19:00:00,2050-07-20 23:00:00,2050-07-20,6388.57,nan,2386.43,2457.41,2080.46
2050-07-20 20:00:00,2050-07-21 00:00:00,2050-07-20,5442.18,nan,2034.82,2096.55,1771.48
2050-07-20 21:00:00,2050-07-21 01:00:00,2050-07-20,4486.9,nan,1677.45,1727.83,1464.43
2050-07-20 22:00:00,2050-07-21 02:00:00,2050-07-20,3952.94,nan,1480.4,1524.77,1293.15
2050-07-20 23:00:00,2050-07-21 03:00:00,2050-07-20,3590.77,nan,1348.23,1388.35,1177.14
2050-07-21 00:00:00,2050-07-21 04:00:00,2050-07-21,3269.21,nan,1229.69,1265.69,1073.92
2050-07-21 01:00:00,2050-07-21 05:00:00,2050-07-21,2974.99,nan,1120.53,1152.74,979.28
2050-07-21 02:00:00,2050-07-21 06:00:00,2050-07-21,2677.66,nan,1010.78,1039.28,883.49
2050-07-21 03:00:00,2050-07-21 07:00:00,2050-07-21,2414.05,nan,913.35,938.51,798.51
2050-07-21 04:00:00,2050-07-21 08:00:00,2050-07-21,2181.39,nan,826.02,848.36,723.05
2050-07-21 05:00:00,2050-07-21 09:00:00,2050-07-21,1977.55,nan,749.01,768.87,656.51
2050-07-21 06:00:00,2050-07-21 10:00:00,2050-07-21,1816.16,nan,687.62,705.37,603.38
2050-07-21 07:00:00,2050-07-21 11:00:00,2050-07-21,2231.42,nan,839.35,862.65,728.96
2050-07-21 08:00:00,2050-07-21 12:00:00,2050-07-21,2813.47,nan,1053.61,1084.03,911.32
2050-07-21 09:00:00,2050-07-21 13:00:00,2050-07-21,3565.98,nan,1331.82,1370.26,1155.27
2050-07-21 10:00:00,2050-07-21 14:00:00,2050-07-21,4589.12,nan,1717.19,1765.68,1490.87
2050-07-21 11:00:00,2050-07-21 15:00:00,2050-07-21,5348.11,nan,2002.44,2059.77,1736.92
2050-07-21 12:00:00,2050-07-21 16:00:00,2050-07-21,6007.32,nan,2252.79,2318.29,1954.01
2050-07-21 13:00:00,2050-07-21 17:00:00,2050-07-21,6458.39,nan,2422.04,2492.98,2106.55
2050-07-21 14:00:00,2050-07-21 18:00:00,2050-07-21,6816.71,nan,2552.17,2628.18,2226.03
2050-07-21 15:00:00,2050-07-21 19:00:00,2050-07-21,7140.56,nan,2673.78,2754.09,2333.75
2050-07-21 16:00:00,2050-07-21 20:00:00,2050-07-21,7361.83,nan,2758.99,2841.59,2406.95
2050-07-21 17:00:00,2050-07-21 21:00:00,2050-07-21,6857.92,nan,2575.19,2649.06,2245.42
2050-07-21 18:00:00,2050-07-21 22:00:00,2050-07-21,5949.42,nan,2237.66,2301.88,1956.45
2050-07-21 19:00:00,2050-07-21 23:00:00,2050-07-21,5484.58,nan,2069.75,2129.11,1805.77
2050-07-21 20:00:00,2050-07-22 00:00:00,2050-07-21,4621.44,nan,1743.63,1795.46,1518.95
2050-07-21 21:00:00,2050-07-22 01:00:00,2050-07-21,3773.71,nan,1425.42,1467.74,1243.54
2050-07-21 22:00:00,2050-07-22 02:00:00,2050-07-21,3244.21,nan,1226.78,1262.82,1071.85
2050-07-21 23:00:00,2050-07-22 03:00:00,2050-07-21,2787.19,nan,1055.84,1086.1,923.05
2050-07-22 00:00:00,2050-07-22 04:00:00,2050-07-22,2424.43,nan,918.9,944.5,805.38
2050-07-22 01:00:00,2050-07-22 05:00:00,2050-07-22,2114.62,nan,800.97,822.83,704.35
2050-07-22 02:00:00,2050-07-22 06:00:00,2050-07-22,1842.3,nan,698.03,716.5,615.62
2050-07-22 03:00:00,2050-07-22 07:00:00,2050-07-22,1598.71,nan,605.61,621.01,535.52
2050-07-22 04:00:00,2050-07-22 08:00:00,2050-07-22,1363.44,nan,515.68,528.24,457.79
2050-07-22 05:00:00,2050-07-22 09:00:00,2050-07-22,1156.48,nan,437.57,447.85,390.64
2050-07-22 06:00:00,2050-07-22 10:00:00,2050-07-22,1006.07,nan,379.87,388.31,340.19
2050-07-22 07:00:00,2050-07-22 11:00:00,2050-07-22,1403.49,nan,525.57,539.09,458.75
2050-07-22 08:00:00,2050-07-22 12:00:00,2050-07-22,1940.27,nan,724.39,744.57,625.82
2050-07-22 09:00:00,2050-07-22 13:00:00,2050-07-22,2634.82,nan,982.47,1010.0,850.48
2050-07-22 10:00:00,2050-07-22 14:00:00,2050-07-22,3602.84,nan,1348.67,1385.42,1167.24
2050-07-22 11:00:00,2050-07-22 15:00:00,2050-07-22,4293.62,nan,1606.73,1651.55,1389.25
2050-07-22 12:00:00,2050-07-22 16:00:00,2050-07-22,4901.98,nan,1834.8,1886.28,1585.79
2050-07-22 13:00:00,2050-07-22 17:00:00,2050-07-22,5378.92,nan,2013.16,2070.07,1741.35
2050-07-22 14:00:00,2050-07-22 18:00:00,2050-07-22,5945.29,nan,2224.52,2287.8,1924.41
2050-07-22 15:00:00,2050-07-22 19:00:00,2050-07-22,6499.83,nan,2430.55,2500.11,2102.51
2050-07-22 16:00:00,2050-07-22 20:00:00,2050-07-22,6917.04,nan,2584.84,2658.41,2236.58
2050-07-22 17:00:00,2050-07-22 21:00:00,2050-07-22,7179.06,nan,2680.73,2757.38,2321.64
2050-07-22 18:00:00,2050-07-22 22:00:00,2050-07-22,7295.38,nan,2725.18,2803.39,2357.97
2050-07-22 19:00:00,2050-07-22 23:00:00,2050-07-22,7119.34,nan,2662.69,2739.09,2299.82
2050-07-22 20:00:00,2050-07-23 00:00:00,2050-07-22,6190.06,nan,2316.17,2383.61,1997.25
2050-07-22 21:00:00,2050-07-23 01:00:00,2050-07-22,5301.08,nan,1983.94,2041.69,1711.68
2050-07-22 22:00:00,2050-07-23 02:00:00,2050-07-22,4640.32,nan,1737.34,1787.07,1499.62
2050-07-22 23:00:00,2050-07-23 03:00:00,2050-07-22,4028.28,nan,1508.08,1550.74,1303.46
2050-07-23 00:00:00,2050-07-23 04:00:00,2050-07-23,3473.11,nan,1299.61,1335.97,1124.83
2050-07-23 01:00:00,2050-07-23 05:00:00,2050-07-23,3029.9,nan,1134.87,1166.11,982.98
2050-07-23 02:00:00,2050-07-23 06:00:00,2050-07-23,2627.69,nan,984.93,1011.41,854.12
2050-07-23 03:00:00,2050-07-23 07:00:00,2050-07-23,2296.63,nan,862.43,885.07,748.11
2050-07-23 04:00:00,2050-07-23 08:00:00,2050-07-23,1969.71,nan,740.92,759.83,643.24
2050-07-23 05:00:00,2050-07-23 09:00:00,2050-07-23,1694.95,nan,639.04,654.97,555.14
2050-07-23 06:00:00,2050-07-23 10:00:00,2050-07-23,1459.29,nan,549.94,563.33,478.16
2050-07-23 07:00:00,2050-07-23 11:00:00,2050-07-23,1481.4,nan,552.32,565.95,481.68
2050-07-23 08:00:00,2050-07-23 12:00:00,2050-07-23,1458.46,nan,533.14,546.88,471.22
2050-07-23 09:00:00,2050-07-23 13:00:00,2050-07-23,1669.27,nan,606.94,622.35,541.48
2050-07-23 10:00:00,2050-07-23 14:00:00,2050-07-23,2046.3,nan,753.15,771.43,670.22
2050-07-23 11:00:00,2050-07-23 15:00:00,2050-07-23,2175.39,nan,802.57,821.57,713.22
2050-07-23 12:00:00,2050-07-23 16:00:00,2050-07-23,2213.75,nan,818.44,837.06,725.66
2050-07-23 13:00:00,2050-07-23 17:00:00,2050-07-23,2211.34,nan,817.2,835.74,727.2
2050-07-23 14:00:00,2050-07-23 18:00:00,2050-07-23,2292.65,nan,848.48,868.76,751.76
2050-07-23 15:00:00,2050-07-23 19:00:00,2050-07-23,2381.9,nan,884.92,906.3,782.94
2050-07-23 16:00:00,2050-07-23 20:00:00,2050-07-23,2436.64,nan,909.14,932.22,801.28
2050-07-23 17:00:00,2050-07-23 21:00:00,2050-07-23,2576.09,nan,967.46,992.5,845.93
2050-07-23 18:00:00,2050-07-23 22:00:00,2050-07-23,2945.49,nan,1117.37,1147.28,966.39
2050-07-23 19:00:00,2050-07-23 23:00:00,2050-07-23,3283.51,nan,1247.88,1283.31,1076.01
2050-07-23 20:00:00,2050-07-24 00:00:00,2050-07-23,2881.33,nan,1098.71,1130.69,941.97
2050-07-23 21:00:00,2050-07-24 01:00:00,2050-07-23,2464.97,nan,939.13,966.35,807.4
2050-07-23 22:00:00,2050-07-24 02:00:00,2050-07-23,2270.16,nan,865.51,889.48,745.98
2050-07-23 23:00:00,2050-07-24 03:00:00,2050-07-23,2101.8,nan,802.07,823.42,692.19
2050-07-24 00:00:00,2050-07-24 04:00:00,2050-07-24,1973.8,nan,755.42,774.77,651.41
2050-07-24 01:00:00,2050-07-24 05:00:00,2050-07-24,1840.86,nan,705.61,723.04,607.83
2050-07-24 02:00:00,2050-07-24 06:00:00,2050-07-24,1690.76,nan,648.09,663.79,557.34
2050-07-24 03:00:00,2050-07-24 07:00:00,2050-07-24,1563.6,nan,599.1,613.13,516.29
2050-07-24 04:00:00,2050-07-24 08:00:00,2050-07-24,1449.83,nan,556.54,569.33,478.6
2050-07-24 05:00:00,2050-07-24 09:00:00,2050-07-24,1333.37,nan,511.58,523.22,440.08
2050-07-24 06:00:00,2050-07-24 10:00:00,2050-07-24,1264.55,nan,484.11,495.26,417.51
2050-07-24 07:00:00,2050-07-24 11:00:00,2050-07-24,1767.02,nan,669.26,687.06,572.55
2050-07-24 08:00:00,2050-07-24 12:00:00,2050-07-24,2567.51,nan,965.57,993.35,825.77
2050-07-24 09:00:00,2050-07-24 13:00:00,2050-07-24,3570.31,nan,1338.63,1377.21,1149.56
2050-07-24 10:00:00,2050-07-24 14:00:00,2050-07-24,4783.38,nan,1793.83,1844.37,1544.67
2050-07-24 11:00:00,2050-07-24 15:00:00,2050-07-24,5663.8,nan,2120.82,2181.47,1828.54
2050-07-24 12:00:00,2050-07-24 16:00:00,2050-07-24,6473.53,nan,2423.73,2493.66,2091.63
2050-07-24 13:00:00,2050-07-24 17:00:00,2050-07-24,7105.28,nan,2661.03,2738.13,2297.84
2050-07-24 14:00:00,2050-07-24 18:00:00,2050-07-24,7764.16,nan,2908.32,2993.29,2513.3
2050-07-24 15:00:00,2050-07-24 19:00:00,2050-07-24,8302.41,nan,3111.2,3202.7,2692.99
2050-07-24 16:00:00,2050-07-24 20:00:00,2050-07-24,8633.03,nan,3231.51,3327.61,2803.5
2050-07-24 17:00:00,2050-07-24 21:00:00,2050-07-24,8728.46,nan,3266.72,3364.15,2838.14
2050-07-24 18:00:00,2050-07-24 22:00:00,2050-07-24,8295.54,nan,3103.42,3194.23,2697.32
2050-07-24 19:00:00,2050-07-24 23:00:00,2050-07-24,7191.0,nan,2683.99,2760.9,2346.41
2050-07-24 20:00:00,2050-07-25 00:00:00,2050-07-24,5969.81,nan,2225.67,2289.94,1947.35
2050-07-24 21:00:00,2050-07-25 01:00:00,2050-07-24,5089.06,nan,1896.19,1950.88,1659.59
2050-07-24 22:00:00,2050-07-25 02:00:00,2050-07-24,4547.23,nan,1696.58,1744.9,1486.1
2050-07-24 23:00:00,2050-07-25 03:00:00,2050-07-24,4074.11,nan,1521.82,1564.33,1333.51
2050-07-25 00:00:00,2050-07-25 04:00:00,2050-07-25,3678.18,nan,1375.91,1413.87,1207.84
2050-07-25 01:00:00,2050-07-25 05:00:00,2050-07-25,3321.29,nan,1243.11,1276.85,1092.12
2050-07-25 02:00:00,2050-07-25 06:00:00,2050-07-25,3055.71,nan,1144.7,1175.35,1006.01
2050-07-25 03:00:00,2050-07-25 07:00:00,2050-07-25,2844.26,nan,1065.99,1094.04,937.34
2050-07-25 04:00:00,2050-07-25 08:00:00,2050-07-25,2654.82,nan,994.06,1020.07,875.58
2050-07-25 05:00:00,2050-07-25 09:00:00,2050-07-25,2497.51,nan,934.97,959.2,823.99
2050-07-25 06:00:00,2050-07-25 10:00:00,2050-07-25,2373.27,nan,886.92,909.78,782.58
2050-07-25 07:00:00,2050-07-25 11:00:00,2050-07-25,2782.67,nan,1036.14,1064.52,906.49
2050-07-25 08:00:00,2050-07-25 12:00:00,2050-07-25,3457.95,nan,1285.79,1322.62,1118.36
2050-07-25 09:00:00,2050-07-25 13:00:00,2050-07-25,4352.34,nan,1619.03,1665.27,1405.9
2050-07-25 10:00:00,2050-07-25 14:00:00,2050-07-25,5421.52,nan,2021.38,2078.37,1753.66
2050-07-25 11:00:00,2050-07-25 15:00:00,2050-07-25,6176.1,nan,2303.29,2369.14,1996.63
2050-07-25 12:00:00,2050-07-25 16:00:00,2050-07-25,6820.85,nan,2545.5,2618.88,2205.09
2050-07-25 13:00:00,2050-07-25 17:00:00,2050-07-25,7304.87,nan,2727.83,2806.8,2363.18
2050-07-25 14:00:00,2050-07-25 18:00:00,2050-07-25,7820.33,nan,2921.37,3006.28,2532.84
2050-07-25 15:00:00,2050-07-25 19:00:00,2050-07-25,7969.17,nan,2980.07,3065.83,2581.65
2050-07-25 16:00:00,2050-07-25 20:00:00,2050-07-25,6667.97,nan,2474.12,2544.58,2165.87
2050-07-25 17:00:00,2050-07-25 21:00:00,2050-07-25,5977.19,nan,2226.07,2287.63,1947.95
2050-07-25 18:00:00,2050-07-25 22:00:00,2050-07-25,5338.48,nan,1991.01,2046.28,1741.94
2050-07-25 19:00:00,2050-07-25 23:00:00,2050-07-25,5091.84,nan,1903.95,1957.89,1660.79
2050-07-25 20:00:00,2050-07-26 00:00:00,2050-07-25,4399.15,nan,1645.68,1693.24,1432.94
2050-07-25 21:00:00,2050-07-26 01:00:00,2050-07-25,3759.37,nan,1407.82,1448.44,1227.02
2050-07-25 22:00:00,2050-07-26 02:00:00,2050-07-25,3365.58,nan,1262.72,1298.37,1101.41
2050-07-25 23:00:00,2050-07-26 03:00:00,2050-07-25,3002.64,nan,1128.21,1159.25,984.04
2050-07-26 00:00:00,2050-07-26 04:00:00,2050-07-26,2573.37,nan,965.7,991.52,844.24
2050-07-26 01:00:00,2050-07-26 05:00:00,2050-07-26,2179.33,nan,819.42,840.52,716.45
2050-07-26 02:00:00,2050-07-26 06:00:00,2050-07-26,1742.48,nan,655.19,671.63,573.4
2050-07-26 03:00:00,2050-07-26 07:00:00,2050-07-26,1378.49,nan,518.47,531.18,455.33
2050-07-26 04:00:00,2050-07-26 08:00:00,2050-07-26,1072.78,nan,403.2,412.48,356.43
2050-07-26 05:00:00,2050-07-26 09:00:00,2050-07-26,792.57,nan,297.9,303.84,265.74
2050-07-26 06:00:00,2050-07-26 10:00:00,2050-07-26,556.5,nan,208.58,211.83,188.86
2050-07-26 07:00:00,2050-07-26 11:00:00,2050-07-26,893.86,nan,333.15,340.95,290.82
2050-07-26 08:00:00,2050-07-26 12:00:00,2050-07-26,1472.99,nan,550.23,565.12,472.66
2050-07-26 09:00:00,2050-07-26 13:00:00,2050-07-26,2191.09,nan,816.36,838.9,704.69
2050-07-26 10:00:00,2050-07-26 14:00:00,2050-07-26,3173.45,nan,1185.44,1217.28,1026.24
2050-07-26 11:00:00,2050-07-26 15:00:00,2050-07-26,3858.11,nan,1441.01,1480.76,1246.75
2050-07-26 12:00:00,2050-07-26 16:00:00,2050-07-26,4424.32,nan,1651.89,1697.83,1430.19
2050-07-26 13:00:00,2050-07-26 17:00:00,2050-07-26,4854.56,nan,1812.56,1863.16,1571.48
2050-07-26 14:00:00,2050-07-26 18:00:00,2050-07-26,5376.46,nan,2007.08,2063.59,1740.82
2050-07-26 15:00:00,2050-07-26 19:00:00,2050-07-26,5932.86,nan,2214.66,2277.73,1920.74
2050-07-26 16:00:00,2050-07-26 20:00:00,2050-07-26,6387.72,nan,2384.64,2453.65,2068.11
2050-07-26 17:00:00,2050-07-26 21:00:00,2050-07-26,6669.21,nan,2491.99,2565.23,2160.38
2050-07-26 18:00:00,2050-07-26 22:00:00,2050-07-26,6743.71,nan,2524.49,2598.65,2186.05
2050-07-26 19:00:00,2050-07-26 23:00:00,2050-07-26,6564.85,nan,2463.31,2536.07,2128.48
2050-07-26 20:00:00,2050-07-27 00:00:00,2050-07-26,5586.99,nan,2101.99,2164.58,1812.14
2050-07-26 21:00:00,2050-07-27 01:00:00,2050-07-26,4628.47,nan,1744.26,1796.16,1505.09
2050-07-26 22:00:00,2050-07-27 02:00:00,2050-07-26,3950.76,nan,1493.35,1537.37,1288.33
2050-07-26 23:00:00,2050-07-27 03:00:00,2050-07-26,3332.42,nan,1263.39,1299.98,1089.02
2050-07-27 00:00:00,2050-07-27 04:00:00,2050-07-27,2768.16,nan,1051.82,1081.69,907.15
2050-07-27 01:00:00,2050-07-27 05:00:00,2050-07-27,2282.18,nan,868.41,892.6,750.16
2050-07-27 02:00:00,2050-07-27 06:00:00,2050-07-27,1852.38,nan,705.97,725.07,610.79
2050-07-27 03:00:00,2050-07-27 07:00:00,2050-07-27,1461.94,nan,558.07,572.65,484.45
2050-07-27 04:00:00,2050-07-27 08:00:00,2050-07-27,1110.5,nan,425.17,435.56,370.6
2050-07-27 05:00:00,2050-07-27 09:00:00,2050-07-27,793.53,nan,304.59,310.97,267.23
2050-07-27 06:00:00,2050-07-27 10:00:00,2050-07-27,526.95,nan,201.58,204.44,179.24
2050-07-27 07:00:00,2050-07-27 11:00:00,2050-07-27,740.13,nan,280.93,287.28,241.7
2050-07-27 08:00:00,2050-07-27 12:00:00,2050-07-27,1324.09,nan,496.91,510.57,424.65
2050-07-27 09:00:00,2050-07-27 13:00:00,2050-07-27,2168.06,nan,809.48,832.02,696.87
2050-07-27 10:00:00,2050-07-27 14:00:00,2050-07-27,3301.58,nan,1234.62,1268.44,1067.14
2050-07-27 11:00:00,2050-07-27 15:00:00,2050-07-27,4145.34,nan,1549.75,1593.31,1340.84
2050-07-27 12:00:00,2050-07-27 16:00:00,2050-07-27,4852.61,nan,1812.95,1864.67,1573.88
2050-07-27 13:00:00,2050-07-27 17:00:00,2050-07-27,5276.5,nan,1967.32,2024.52,1715.26
2050-07-27 14:00:00,2050-07-27 18:00:00,2050-07-27,5639.01,nan,2099.01,2161.01,1834.13
2050-07-27 15:00:00,2050-07-27 19:00:00,2050-07-27,5950.9,nan,2214.43,2280.33,1935.88
2050-07-27 16:00:00,2050-07-27 20:00:00,2050-07-27,6151.34,nan,2290.07,2358.41,2001.77
2050-07-27 17:00:00,2050-07-27 21:00:00,2050-07-27,6148.44,nan,2289.56,2357.72,2002.26
2050-07-27 18:00:00,2050-07-27 22:00:00,2050-07-27,5959.4,nan,2220.58,2286.69,1941.59
2050-07-27 19:00:00,2050-07-27 23:00:00,2050-07-27,5603.75,nan,2093.96,2155.86,1825.41
2050-07-27 20:00:00,2050-07-28 00:00:00,2050-07-27,4534.93,nan,1697.22,1747.64,1478.77
2050-07-27 21:00:00,2050-07-28 01:00:00,2050-07-27,3574.12,nan,1339.72,1379.25,1168.92
2050-07-27 22:00:00,2050-07-28 02:00:00,2050-07-27,2975.86,nan,1120.87,1152.97,976.23
2050-07-27 23:00:00,2050-07-28 03:00:00,2050-07-27,2515.69,nan,949.53,975.87,831.25
2050-07-28 00:00:00,2050-07-28 04:00:00,2050-07-28,2074.16,nan,782.84,803.83,687.67
2050-07-28 01:00:00,2050-07-28 05:00:00,2050-07-28,1693.1,nan,639.13,655.62,563.46
2050-07-28 02:00:00,2050-07-28 06:00:00,2050-07-28,1367.21,nan,515.69,528.16,457.16
2050-07-28 03:00:00,2050-07-28 07:00:00,2050-07-28,1083.48,nan,408.67,417.71,364.85
2050-07-28 04:00:00,2050-07-28 08:00:00,2050-07-28,839.79,nan,317.03,323.08,285.65
2050-07-28 05:00:00,2050-07-28 09:00:00,2050-07-28,630.86,nan,237.56,241.05,216.88
2050-07-28 06:00:00,2050-07-28 10:00:00,2050-07-28,471.32,nan,176.06,177.59,163.31
2050-07-28 07:00:00,2050-07-28 11:00:00,2050-07-28,861.27,nan,317.85,324.52,281.14
2050-07-28 08:00:00,2050-07-28 12:00:00,2050-07-28,1511.92,nan,560.31,575.44,486.03
2050-07-28 09:00:00,2050-07-28 13:00:00,2050-07-28,2366.69,nan,877.98,902.51,763.2
2050-07-28 10:00:00,2050-07-28 14:00:00,2050-07-28,3456.79,nan,1288.51,1324.01,1121.48
2050-07-28 11:00:00,2050-07-28 15:00:00,2050-07-28,4203.23,nan,1566.62,1610.64,1364.17
2050-07-28 12:00:00,2050-07-28 16:00:00,2050-07-28,4805.97,nan,1790.31,1841.54,1561.13
2050-07-28 13:00:00,2050-07-28 17:00:00,2050-07-28,5209.22,nan,1943.25,1999.47,1695.76
2050-07-28 14:00:00,2050-07-28 18:00:00,2050-07-28,5608.42,nan,2094.68,2155.56,1828.71
2050-07-28 15:00:00,2050-07-28 19:00:00,2050-07-28,5900.97,nan,2204.65,2269.08,1925.35
2050-07-28 16:00:00,2050-07-28 20:00:00,2050-07-28,6073.68,nan,2271.36,2338.06,1984.12
2050-07-28 17:00:00,2050-07-28 21:00:00,2050-07-28,6080.59,nan,2274.67,2341.49,1987.14
2050-07-28 18:00:00,2050-07-28 22:00:00,2050-07-28,5921.12,nan,2217.19,2282.31,1935.55
2050-07-28 19:00:00,2050-07-28 23:00:00,2050-07-28,5604.52,nan,2103.64,2165.01,1831.57
2050-07-28 20:00:00,2050-07-29 00:00:00,2050-07-28,4603.01,nan,1729.4,1780.48,1504.54
2050-07-28 21:00:00,2050-07-29 01:00:00,2050-07-28,3741.04,nan,1406.15,1447.57,1225.82
2050-07-28 22:00:00,2050-07-29 02:00:00,2050-07-28,3190.89,nan,1200.36,1234.97,1048.55
2050-07-28 23:00:00,2050-07-29 03:00:00,2050-07-28,2749.12,nan,1034.43,1063.52,906.03
2050-07-29 00:00:00,2050-07-29 04:00:00,2050-07-29,2393.44,nan,900.42,925.03,790.84
2050-07-29 01:00:00,2050-07-29 05:00:00,2050-07-29,2102.24,nan,790.39,811.38,696.13
2050-07-29 02:00:00,2050-07-29 06:00:00,2050-07-29,1864.79,nan,700.49,718.51,618.68
2050-07-29 03:00:00,2050-07-29 07:00:00,2050-07-29,1665.24,nan,624.6,640.17,553.29
2050-07-29 04:00:00,2050-07-29 08:00:00,2050-07-29,1503.18,nan,562.84,576.45,499.97
2050-07-29 05:00:00,2050-07-29 09:00:00,2050-07-29,1371.49,nan,512.7,524.71,456.72
2050-07-29 06:00:00,2050-07-29 10:00:00,2050-07-29,1271.25,nan,474.23,484.95,423.52
2050-07-29 07:00:00,2050-07-29 11:00:00,2050-07-29,1680.3,nan,625.3,641.4,547.8
2050-07-29 08:00:00,2050-07-29 12:00:00,2050-07-29,2286.53,nan,850.85,874.77,738.84
2050-07-29 09:00:00,2050-07-29 13:00:00,2050-07-29,3046.24,nan,1133.63,1165.62,985.43
2050-07-29 10:00:00,2050-07-29 14:00:00,2050-07-29,4100.0,nan,1531.35,1574.11,1330.63
2050-07-29 11:00:00,2050-07-29 15:00:00,2050-07-29,4811.89,nan,1798.88,1850.21,1560.14
2050-07-29 12:00:00,2050-07-29 16:00:00,2050-07-29,5456.08,nan,2049.51,2108.62,1772.7
2050-07-29 13:00:00,2050-07-29 17:00:00,2050-07-29,5489.55,nan,2074.11,2133.01,1793.22
2050-07-29 14:00:00,2050-07-29 18:00:00,2050-07-29,5185.2,nan,1956.47,2011.89,1700.17
2050-07-29 15:00:00,2050-07-29 19:00:00,2050-07-29,5267.74,nan,1988.36,2044.74,1726.03
2050-07-29 16:00:00,2050-07-29 20:00:00,2050-07-29,5575.44,nan,2099.75,2159.93,1823.77
2050-07-29 17:00:00,2050-07-29 21:00:00,2050-07-29,5646.08,nan,2121.95,2183.19,1847.19
2050-07-29 18:00:00,2050-07-29 22:00:00,2050-07-29,5487.79,nan,2058.62,2117.82,1796.42
2050-07-29 19:00:00,2050-07-29 23:00:00,2050-07-29,5097.04,nan,1916.85,1971.77,1670.22
2050-07-29 20:00:00,2050-07-30 00:00:00,2050-07-29,4217.74,nan,1585.1,1631.54,1381.78
2050-07-29 21:00:00,2050-07-30 01:00:00,2050-07-29,3450.03,nan,1296.43,1334.21,1132.92
2050-07-29 22:00:00,2050-07-30 02:00:00,2050-07-29,2975.4,nan,1119.65,1151.56,980.45
2050-07-29 23:00:00,2050-07-30 03:00:00,2050-07-29,2542.35,nan,957.21,983.7,840.38
2050-07-30 00:00:00,2050-07-30 04:00:00,2050-07-30,2025.96,nan,762.83,783.37,669.24
2050-07-30 01:00:00,2050-07-30 05:00:00,2050-07-30,1582.87,nan,596.09,611.93,523.76
2050-07-30 02:00:00,2050-07-30 06:00:00,2050-07-30,1270.12,nan,478.42,490.41,422.21
2050-07-30 03:00:00,2050-07-30 07:00:00,2050-07-30,976.71,nan,367.02,375.27,326.46
2050-07-30 04:00:00,2050-07-30 08:00:00,2050-07-30,689.86,nan,257.75,262.6,233.57
2050-07-30 05:00:00,2050-07-30 09:00:00,2050-07-30,407.77,nan,151.08,152.58,142.25
2050-07-30 06:00:00,2050-07-30 10:00:00,2050-07-30,205.24,nan,74.12,72.82,74.87
2050-07-30 07:00:00,2050-07-30 11:00:00,2050-07-30,400.39,nan,145.47,147.6,132.48
2050-07-30 08:00:00,2050-07-30 12:00:00,2050-07-30,932.88,nan,345.8,354.66,299.21
2050-07-30 09:00:00,2050-07-30 13:00:00,2050-07-30,1626.56,nan,604.17,620.35,524.17
2050-07-30 10:00:00,2050-07-30 14:00:00,2050-07-30,2597.64,nan,971.33,996.47,842.66
2050-07-30 11:00:00,2050-07-30 15:00:00,2050-07-30,3269.49,nan,1222.77,1255.43,1059.11
2050-07-30 12:00:00,2050-07-30 16:00:00,2050-07-30,3858.2,nan,1442.08,1481.44,1249.69
2050-07-30 13:00:00,2050-07-30 17:00:00,2050-07-30,4318.62,nan,1614.35,1659.25,1401.46
2050-07-30 14:00:00,2050-07-30 18:00:00,2050-07-30,4863.24,nan,1817.44,1868.58,1578.69
2050-07-30 15:00:00,2050-07-30 19:00:00,2050-07-30,5388.19,nan,2013.26,2070.2,1749.49
2050-07-30 16:00:00,2050-07-30 20:00:00,2050-07-30,5769.64,nan,2153.13,2214.79,1874.37
2050-07-30 17:00:00,2050-07-30 21:00:00,2050-07-30,5914.68,nan,2204.3,2267.95,1924.68
2050-07-30 18:00:00,2050-07-30 22:00:00,2050-07-30,5761.62,nan,2140.96,2204.03,1874.71
2050-07-30 19:00:00,2050-07-30 23:00:00,2050-07-30,5477.07,nan,2037.72,2097.94,1782.46
2050-07-30 20:00:00,2050-07-31 00:00:00,2050-07-30,4464.76,nan,1660.85,1710.5,1453.78
2050-07-30 21:00:00,2050-07-31 01:00:00,2050-07-30,3535.02,nan,1314.87,1353.83,1153.46
2050-07-30 22:00:00,2050-07-31 02:00:00,2050-07-30,2875.72,nan,1071.49,1102.11,942.24
2050-07-30 23:00:00,2050-07-31 03:00:00,2050-07-30,2302.84,nan,860.06,883.64,759.1
2050-07-31 00:00:00,2050-07-31 04:00:00,2050-07-31,1810.88,nan,677.53,694.84,601.04
2050-07-31 01:00:00,2050-07-31 05:00:00,2050-07-31,1398.98,nan,523.83,536.39,466.61
2050-07-31 02:00:00,2050-07-31 06:00:00,2050-07-31,1036.56,nan,388.07,396.22,349.75
2050-07-31 03:00:00,2050-07-31 07:00:00,2050-07-31,691.1,nan,258.55,262.59,237.05
2050-07-31 04:00:00,2050-07-31 08:00:00,2050-07-31,378.74,nan,139.35,139.93,134.4
2050-07-31 05:00:00,2050-07-31 09:00:00,2050-07-31,186.39,nan,66.74,64.9,69.17
2050-07-31 06:00:00,2050-07-31 10:00:00,2050-07-31,103.25,nan,36.09,33.9,40.07
2050-07-31 07:00:00,2050-07-31 11:00:00,2050-07-31,176.54,nan,63.41,62.31,62.95
2050-07-31 08:00:00,2050-07-31 12:00:00,2050-07-31,488.53,nan,179.75,183.32,160.05
2050-07-31 09:00:00,2050-07-31 13:00:00,2050-07-31,1215.76,nan,451.09,462.23,392.81
2050-07-31 10:00:00,2050-07-31 14:00:00,2050-07-31,2233.6,nan,835.54,856.24,725.56
2050-07-31 11:00:00,2050-07-31 15:00:00,2050-07-31,3021.31,nan,1132.81,1162.39,980.31
2050-07-31 12:00:00,2050-07-31 16:00:00,2050-07-31,3700.4,nan,1389.51,1427.16,1202.84
2050-07-31 13:00:00,2050-07-31 17:00:00,2050-07-31,4171.39,nan,1568.52,1611.74,1360.96
2050-07-31 14:00:00,2050-07-31 18:00:00,2050-07-31,4589.84,nan,1721.61,1770.17,1497.92
2050-07-31 15:00:00,2050-07-31 19:00:00,2050-07-31,4936.12,nan,1846.0,1899.17,1609.41
2050-07-31 16:00:00,2050-07-31 20:00:00,2050-07-31,5176.73,nan,1934.67,1990.87,1687.99
2050-07-31 17:00:00,2050-07-31 21:00:00,2050-07-31,5246.77,nan,1959.47,2016.44,1710.99
2050-07-31 18:00:00,2050-07-31 22:00:00,2050-07-31,5129.5,nan,1915.16,1971.02,1673.03
2050-07-31 19:00:00,2050-07-31 23:00:00,2050-07-31,4842.47,nan,1812.13,1864.59,1579.12
2050-07-31 20:00:00,2050-08-01 00:00:00,2050-07-31,3744.58,nan,1406.75,1447.49,1225.04
2050-07-31 21:00:00,2050-08-01 01:00:00,2050-07-31,2850.59,nan,1072.39,1103.13,937.01
2050-07-31 22:00:00,2050-08-01 02:00:00,2050-07-31,2236.35,nan,842.98,866.47,739.06
2050-07-31 23:00:00,2050-08-01 03:00:00,2050-07-31,1725.36,nan,652.77,669.76,574.07
2050-08-01 00:00:00,2050-08-01 04:00:00,2050-08-01,1363.62,nan,519.41,532.09,457.01
2050-08-01 01:00:00,2050-08-01 05:00:00,2050-08-01,1061.4,nan,406.85,415.86,359.51
2050-08-01 02:00:00,2050-08-01 06:00:00,2050-08-01,832.76,nan,320.05,326.64,284.6
2050-08-01 03:00:00,2050-08-01 07:00:00,2050-08-01,631.04,nan,241.57,245.63,217.07
2050-08-01 04:00:00,2050-08-01 08:00:00,2050-08-01,478.67,nan,181.94,183.92,165.33
2050-08-01 05:00:00,2050-08-01 09:00:00,2050-08-01,344.09,nan,128.99,128.97,119.54
2050-08-01 06:00:00,2050-08-01 10:00:00,2050-08-01,245.51,nan,89.56,88.09,86.4
2050-08-01 07:00:00,2050-08-01 11:00:00,2050-08-01,543.77,nan,206.94,209.9,180.74
2050-08-01 08:00:00,2050-08-01 12:00:00,2050-08-01,1134.65,nan,430.66,440.29,368.39
2050-08-01 09:00:00,2050-08-01 13:00:00,2050-08-01,1845.02,nan,694.77,712.9,598.42
2050-08-01 10:00:00,2050-08-01 14:00:00,2050-08-01,2836.24,nan,1068.14,1096.25,923.61
2050-08-01 11:00:00,2050-08-01 15:00:00,2050-08-01,3507.27,nan,1321.36,1358.35,1141.57
2050-08-01 12:00:00,2050-08-01 16:00:00,2050-08-01,3955.03,nan,1489.6,1532.99,1290.89
2050-08-01 13:00:00,2050-08-01 17:00:00,2050-08-01,4089.7,nan,1540.09,1586.62,1334.23
2050-08-01 14:00:00,2050-08-01 18:00:00,2050-08-01,4265.19,nan,1599.74,1648.89,1386.81
2050-08-01 15:00:00,2050-08-01 19:00:00,2050-08-01,4585.15,nan,1718.82,1771.62,1490.28
2050-08-01 16:00:00,2050-08-01 20:00:00,2050-08-01,4795.53,nan,1797.43,1852.31,1560.04
2050-08-01 17:00:00,2050-08-01 21:00:00,2050-08-01,4840.37,nan,1814.46,1869.41,1576.78
2050-08-01 18:00:00,2050-08-01 22:00:00,2050-08-01,4713.18,nan,1767.43,1820.62,1536.8
2050-08-01 19:00:00,2050-08-01 23:00:00,2050-08-01,4390.84,nan,1652.1,1701.0,1432.78
2050-08-01 20:00:00,2050-08-02 00:00:00,2050-08-01,3363.92,nan,1267.41,1305.35,1098.71
2050-08-01 21:00:00,2050-08-02 01:00:00,2050-08-01,2493.14,nan,940.36,968.18,817.77
2050-08-01 22:00:00,2050-08-02 02:00:00,2050-08-01,1906.68,nan,721.55,741.99,629.54
2050-08-01 23:00:00,2050-08-02 03:00:00,2050-08-01,1410.67,nan,535.77,549.99,470.05
2050-08-02 00:00:00,2050-08-02 04:00:00,2050-08-02,1011.56,nan,385.71,395.14,341.61
2050-08-02 01:00:00,2050-08-02 05:00:00,2050-08-02,685.3,nan,262.42,267.81,235.46
2050-08-02 02:00:00,2050-08-02 06:00:00,2050-08-02,437.77,nan,166.43,168.35,152.33
2050-08-02 03:00:00,2050-08-02 07:00:00,2050-08-02,256.83,nan,95.84,94.99,91.69
2050-08-02 04:00:00,2050-08-02 08:00:00,2050-08-02,156.4,nan,56.76,54.45,57.23
2050-08-02 05:00:00,2050-08-02 09:00:00,2050-08-02,105.36,nan,37.01,34.29,38.67
2050-08-02 06:00:00,2050-08-02 10:00:00,2050-08-02,71.16,nan,23.88,20.99,25.82
2050-08-02 07:00:00,2050-08-02 11:00:00,2050-08-02,129.64,nan,45.7,43.54,45.17
2050-08-02 08:00:00,2050-08-02 12:00:00,2050-08-02,436.88,nan,162.2,164.69,143.57
2050-08-02 09:00:00,2050-08-02 13:00:00,2050-08-02,1196.5,nan,446.48,457.65,386.23
2050-08-02 10:00:00,2050-08-02 14:00:00,2050-08-02,2351.57,nan,880.83,903.93,764.41
2050-08-02 11:00:00,2050-08-02 15:00:00,2050-08-02,3191.33,nan,1194.17,1227.4,1037.42
2050-08-02 12:00:00,2050-08-02 16:00:00,2050-08-02,3868.8,nan,1446.45,1487.74,1260.23
2050-08-02 13:00:00,2050-08-02 17:00:00,2050-08-02,4258.19,nan,1590.22,1636.38,1390.0
2050-08-02 14:00:00,2050-08-02 18:00:00,2050-08-02,4597.77,nan,1715.62,1766.1,1502.58
2050-08-02 15:00:00,2050-08-02 19:00:00,2050-08-02,4891.91,nan,1824.88,1878.66,1598.44
2050-08-02 16:00:00,2050-08-02 20:00:00,2050-08-02,5064.32,nan,1889.9,1945.7,1655.09
2050-08-02 17:00:00,2050-08-02 21:00:00,2050-08-02,5062.45,nan,1890.39,1946.09,1655.44
2050-08-02 18:00:00,2050-08-02 22:00:00,2050-08-02,4879.65,nan,1823.84,1877.34,1596.35
2050-08-02 19:00:00,2050-08-02 23:00:00,2050-08-02,4530.61,nan,1698.63,1747.88,1481.98
2050-08-02 20:00:00,2050-08-03 00:00:00,2050-08-02,3467.79,nan,1302.65,1340.58,1136.07
2050-08-02 21:00:00,2050-08-03 01:00:00,2050-08-02,2589.83,nan,974.17,1002.07,852.08
2050-08-02 22:00:00,2050-08-03 02:00:00,2050-08-02,2007.63,nan,757.5,778.25,664.59
2050-08-02 23:00:00,2050-08-03 03:00:00,2050-08-02,1523.1,nan,577.08,591.76,508.38
2050-08-03 00:00:00,2050-08-03 04:00:00,2050-08-03,1124.09,nan,428.08,437.68,379.15
2050-08-03 01:00:00,2050-08-03 05:00:00,2050-08-03,798.29,nan,305.23,310.72,272.89
2050-08-03 02:00:00,2050-08-03 06:00:00,2050-08-03,551.55,nan,210.48,212.94,191.19
2050-08-03 03:00:00,2050-08-03 07:00:00,2050-08-03,377.67,nan,142.41,142.43,132.44
2050-08-03 04:00:00,2050-08-03 08:00:00,2050-08-03,250.1,nan,91.43,89.78,89.46
2050-08-03 05:00:00,2050-08-03 09:00:00,2050-08-03,179.45,nan,63.89,61.13,65.37
2050-08-03 06:00:00,2050-08-03 10:00:00,2050-08-03,148.8,nan,51.98,49.11,54.39
2050-08-03 07:00:00,2050-08-03 11:00:00,2050-08-03,297.76,nan,106.78,106.46,99.99
2050-08-03 08:00:00,2050-08-03 12:00:00,2050-08-03,846.63,nan,316.21,323.36,276.96
2050-08-03 09:00:00,2050-08-03 13:00:00,2050-08-03,1658.88,nan,620.54,636.43,538.36
2050-08-03 10:00:00,2050-08-03 14:00:00,2050-08-03,2717.34,nan,1021.76,1048.17,884.54
2050-08-03 11:00:00,2050-08-03 15:00:00,2050-08-03,3453.11,nan,1297.6,1332.63,1123.6
2050-08-03 12:00:00,2050-08-03 16:00:00,2050-08-03,4024.27,nan,1510.78,1553.0,1311.13
2050-08-03 13:00:00,2050-08-03 17:00:00,2050-08-03,4385.5,nan,1645.57,1692.13,1432.18
2050-08-03 14:00:00,2050-08-03 18:00:00,2050-08-03,4760.76,nan,1785.12,1836.09,1556.51
2050-08-03 15:00:00,2050-08-03 19:00:00,2050-08-03,5103.08,nan,1912.78,1967.68,1669.08
2050-08-03 16:00:00,2050-08-03 20:00:00,2050-08-03,5306.97,nan,1988.77,2046.09,1736.33
2050-08-03 17:00:00,2050-08-03 21:00:00,2050-08-03,5322.66,nan,1995.22,2052.8,1742.35
2050-08-03 18:00:00,2050-08-03 22:00:00,2050-08-03,5151.54,nan,1932.41,1988.13,1687.24
2050-08-03 19:00:00,2050-08-03 23:00:00,2050-08-03,4811.87,nan,1809.92,1861.68,1575.91
2050-08-03 20:00:00,2050-08-04 00:00:00,2050-08-03,3792.29,nan,1428.46,1469.58,1243.81
2050-08-03 21:00:00,2050-08-04 01:00:00,2050-08-03,3007.18,nan,1133.1,1165.43,989.19
2050-08-03 22:00:00,2050-08-04 02:00:00,2050-08-03,2518.43,nan,949.82,976.13,831.55
2050-08-03 23:00:00,2050-08-04 03:00:00,2050-08-03,2134.09,nan,805.5,827.05,707.12
2050-08-04 00:00:00,2050-08-04 04:00:00,2050-08-04,1841.24,nan,694.94,712.88,612.12
2050-08-04 01:00:00,2050-08-04 05:00:00,2050-08-04,1606.5,nan,607.01,622.02,535.7
2050-08-04 02:00:00,2050-08-04 06:00:00,2050-08-04,1418.13,nan,536.04,548.67,474.35
2050-08-04 03:00:00,2050-08-04 07:00:00,2050-08-04,1279.26,nan,484.18,495.14,428.71
2050-08-04 04:00:00,2050-08-04 08:00:00,2050-08-04,1165.05,nan,441.23,450.83,391.38
2050-08-04 05:00:00,2050-08-04 09:00:00,2050-08-04,1077.22,nan,407.43,415.86,361.88
2050-08-04 06:00:00,2050-08-04 10:00:00,2050-08-04,1034.26,nan,391.81,399.55,347.88
2050-08-04 07:00:00,2050-08-04 11:00:00,2050-08-04,1364.21,nan,514.5,526.15,447.86
2050-08-04 08:00:00,2050-08-04 12:00:00,2050-08-04,1967.78,nan,738.29,757.94,637.51
2050-08-04 09:00:00,2050-08-04 13:00:00,2050-08-04,2511.82,nan,933.7,958.37,811.74
2050-08-04 10:00:00,2050-08-04 14:00:00,2050-08-04,3444.5,nan,1291.72,1326.25,1121.43
2050-08-04 11:00:00,2050-08-04 15:00:00,2050-08-04,4022.74,nan,1513.39,1555.67,1310.61
2050-08-04 12:00:00,2050-08-04 16:00:00,2050-08-04,4589.78,nan,1724.21,1772.86,1497.21
2050-08-04 13:00:00,2050-08-04 17:00:00,2050-08-04,4879.78,nan,1830.17,1882.01,1596.37
2050-08-04 14:00:00,2050-08-04 18:00:00,2050-08-04,5292.67,nan,1984.04,2041.41,1731.86
2050-08-04 15:00:00,2050-08-04 19:00:00,2050-08-04,5712.14,nan,2139.93,2202.44,1867.88
2050-08-04 16:00:00,2050-08-04 20:00:00,2050-08-04,6025.75,nan,2257.31,2323.79,1970.67
2050-08-04 17:00:00,2050-08-04 21:00:00,2050-08-04,6125.03,nan,2294.45,2362.25,2003.95
2050-08-04 18:00:00,2050-08-04 22:00:00,2050-08-04,5994.82,nan,2246.59,2312.99,1962.38
2050-08-04 19:00:00,2050-08-04 23:00:00,2050-08-04,5688.03,nan,2136.98,2199.67,1861.94
2050-08-04 20:00:00,2050-08-05 00:00:00,2050-08-04,4663.36,nan,1753.74,1805.66,1528.36
2050-08-04 21:00:00,2050-08-05 01:00:00,2050-08-04,3874.2,nan,1457.28,1500.32,1272.34
2050-08-04 22:00:00,2050-08-05 02:00:00,2050-08-04,3376.61,nan,1271.23,1308.16,1112.0
2050-08-04 23:00:00,2050-08-05 03:00:00,2050-08-04,2986.31,nan,1124.78,1156.98,985.89
2050-08-05 00:00:00,2050-08-05 04:00:00,2050-08-05,2677.9,nan,1008.43,1036.83,885.74
2050-08-05 01:00:00,2050-08-05 05:00:00,2050-08-05,2431.43,nan,914.9,940.41,805.6
2050-08-05 02:00:00,2050-08-05 06:00:00,2050-08-05,2241.07,nan,842.47,865.69,743.18
2050-08-05 03:00:00,2050-08-05 07:00:00,2050-08-05,2080.46,nan,781.01,802.3,690.08
2050-08-05 04:00:00,2050-08-05 08:00:00,2050-08-05,1935.25,nan,726.04,745.59,642.76
2050-08-05 05:00:00,2050-08-05 09:00:00,2050-08-05,1805.86,nan,676.51,694.48,600.56
2050-08-05 06:00:00,2050-08-05 10:00:00,2050-08-05,1704.11,nan,637.84,654.55,567.01
2050-08-05 07:00:00,2050-08-05 11:00:00,2050-08-05,2022.87,nan,756.28,777.33,663.62
2050-08-05 08:00:00,2050-08-05 12:00:00,2050-08-05,2666.45,nan,996.0,1025.48,866.12
2050-08-05 09:00:00,2050-08-05 13:00:00,2050-08-05,3535.07,nan,1320.8,1360.04,1146.85
2050-08-05 10:00:00,2050-08-05 14:00:00,2050-08-05,4692.48,nan,1758.89,1810.14,1525.09
2050-08-05 11:00:00,2050-08-05 15:00:00,2050-08-05,5541.25,nan,2078.72,2140.32,1799.09
2050-08-05 12:00:00,2050-08-05 16:00:00,2050-08-05,6269.91,nan,2353.74,2424.22,2036.19
2050-08-05 13:00:00,2050-08-05 17:00:00,2050-08-05,6839.21,nan,2569.75,2646.95,2224.56
2050-08-05 14:00:00,2050-08-05 18:00:00,2050-08-05,7395.44,nan,2779.17,2863.23,2407.02
2050-08-05 15:00:00,2050-08-05 19:00:00,2050-08-05,7837.57,nan,2943.61,3033.73,2551.85
2050-08-05 16:00:00,2050-08-05 20:00:00,2050-08-05,8034.53,nan,3020.31,3111.23,2618.74
2050-08-05 17:00:00,2050-08-05 21:00:00,2050-08-05,7562.55,nan,2829.51,2915.86,2466.05
2050-08-05 18:00:00,2050-08-05 22:00:00,2050-08-05,7410.12,nan,2774.03,2858.68,2421.35
2050-08-05 19:00:00,2050-08-05 23:00:00,2050-08-05,6836.62,nan,2557.94,2636.49,2233.09
2050-08-05 20:00:00,2050-08-06 00:00:00,2050-08-05,5849.18,nan,2192.11,2259.95,1911.98
2050-08-05 21:00:00,2050-08-06 01:00:00,2050-08-05,5096.72,nan,1909.72,1969.42,1665.55
2050-08-05 22:00:00,2050-08-06 02:00:00,2050-08-05,4611.5,nan,1733.71,1787.81,1511.5
2050-08-05 23:00:00,2050-08-06 03:00:00,2050-08-05,4182.72,nan,1576.66,1624.54,1372.2
2050-08-06 00:00:00,2050-08-06 04:00:00,2050-08-06,3793.99,nan,1431.55,1474.38,1247.57
2050-08-06 01:00:00,2050-08-06 05:00:00,2050-08-06,3437.27,nan,1297.01,1335.11,1132.46
2050-08-06 02:00:00,2050-08-06 06:00:00,2050-08-06,3117.17,nan,1175.54,1209.52,1028.52
2050-08-06 03:00:00,2050-08-06 07:00:00,2050-08-06,2813.32,nan,1061.42,1091.49,930.02
2050-08-06 04:00:00,2050-08-06 08:00:00,2050-08-06,2522.61,nan,952.37,978.78,834.73
2050-08-06 05:00:00,2050-08-06 09:00:00,2050-08-06,2245.79,nan,849.36,872.36,743.57
2050-08-06 06:00:00,2050-08-06 10:00:00,2050-08-06,1980.28,nan,749.12,768.85,656.01
2050-08-06 07:00:00,2050-08-06 11:00:00,2050-08-06,2142.83,nan,806.49,828.78,701.14
2050-08-06 08:00:00,2050-08-06 12:00:00,2050-08-06,2673.45,nan,1003.09,1031.97,865.15
2050-08-06 09:00:00,2050-08-06 13:00:00,2050-08-06,3412.62,nan,1275.85,1312.45,1102.0
2050-08-06 10:00:00,2050-08-06 14:00:00,2050-08-06,4407.18,nan,1648.78,1694.77,1425.73
2050-08-06 11:00:00,2050-08-06 15:00:00,2050-08-06,5097.01,nan,1903.42,1956.93,1645.99
2050-08-06 12:00:00,2050-08-06 16:00:00,2050-08-06,5685.9,nan,2121.75,2181.83,1835.13
2050-08-06 13:00:00,2050-08-06 17:00:00,2050-08-06,6120.49,nan,2285.29,2350.38,1977.5
2050-08-06 14:00:00,2050-08-06 18:00:00,2050-08-06,6598.46,nan,2463.96,2534.4,2132.31
2050-08-06 15:00:00,2050-08-06 19:00:00,2050-08-06,7069.96,nan,2640.72,2716.82,2285.39
2050-08-06 16:00:00,2050-08-06 20:00:00,2050-08-06,7441.96,nan,2781.1,2861.06,2405.63
2050-08-06 17:00:00,2050-08-06 21:00:00,2050-08-06,7534.18,nan,2816.03,2895.64,2441.43
2050-08-06 18:00:00,2050-08-06 22:00:00,2050-08-06,7401.08,nan,2767.7,2846.61,2402.0
2050-08-06 19:00:00,2050-08-06 23:00:00,2050-08-06,7018.17,nan,2628.65,2703.7,2279.55
2050-08-06 20:00:00,2050-08-07 00:00:00,2050-08-06,5889.88,nan,2209.06,2273.13,1915.81
2050-08-06 21:00:00,2050-08-07 01:00:00,2050-08-06,4978.48,nan,1869.94,1924.1,1621.37
2050-08-06 22:00:00,2050-08-07 02:00:00,2050-08-06,4294.99,nan,1616.11,1662.66,1401.18
2050-08-06 23:00:00,2050-08-07 03:00:00,2050-08-06,3601.11,nan,1355.91,1394.75,1178.87
2050-08-07 00:00:00,2050-08-07 04:00:00,2050-08-07,3047.8,nan,1149.92,1182.32,1001.64
2050-08-07 01:00:00,2050-08-07 05:00:00,2050-08-07,2485.8,nan,936.93,962.51,819.98
2050-08-07 02:00:00,2050-08-07 06:00:00,2050-08-07,1974.67,nan,745.93,765.72,653.68
2050-08-07 03:00:00,2050-08-07 07:00:00,2050-08-07,1506.74,nan,570.09,584.16,501.59
2050-08-07 04:00:00,2050-08-07 08:00:00,2050-08-07,1024.36,nan,387.92,396.51,345.75
2050-08-07 05:00:00,2050-08-07 09:00:00,2050-08-07,586.09,nan,223.37,226.79,203.34
2050-08-07 06:00:00,2050-08-07 10:00:00,2050-08-07,260.48,nan,97.73,96.93,94.77
2050-08-07 07:00:00,2050-08-07 11:00:00,2050-08-07,314.36,nan,118.33,118.54,109.25
2050-08-07 08:00:00,2050-08-07 12:00:00,2050-08-07,851.0,nan,319.09,326.85,277.61
2050-08-07 09:00:00,2050-08-07 13:00:00,2050-08-07,1565.54,nan,583.35,599.08,507.6
2050-08-07 10:00:00,2050-08-07 14:00:00,2050-08-07,2478.07,nan,928.01,952.62,807.61
2050-08-07 11:00:00,2050-08-07 15:00:00,2050-08-07,3125.44,nan,1169.23,1201.39,1017.49
2050-08-07 12:00:00,2050-08-07 16:00:00,2050-08-07,3635.7,nan,1358.11,1396.54,1184.7
2050-08-07 13:00:00,2050-08-07 17:00:00,2050-08-07,3923.56,nan,1463.55,1505.54,1281.06
2050-08-07 14:00:00,2050-08-07 18:00:00,2050-08-07,4253.2,nan,1585.3,1631.07,1389.37
2050-08-07 15:00:00,2050-08-07 19:00:00,2050-08-07,4580.34,nan,1706.68,1756.21,1495.14
2050-08-07 16:00:00,2050-08-07 20:00:00,2050-08-07,4818.82,nan,1796.79,1849.09,1572.56
2050-08-07 17:00:00,2050-08-07 21:00:00,2050-08-07,4890.55,nan,1824.95,1878.25,1596.48
2050-08-07 18:00:00,2050-08-07 22:00:00,2050-08-07,4708.76,nan,1758.9,1809.87,1537.38
2050-08-07 19:00:00,2050-08-07 23:00:00,2050-08-07,4333.19,nan,1624.53,1670.81,1414.79
2050-08-07 20:00:00,2050-08-08 00:00:00,2050-08-07,3253.17,nan,1221.75,1256.41,1064.84
2050-08-07 21:00:00,2050-08-08 01:00:00,2050-08-07,2427.73,nan,912.55,937.8,798.3
2050-08-07 22:00:00,2050-08-08 02:00:00,2050-08-07,1902.5,nan,718.83,737.96,628.85
2050-08-07 23:00:00,2050-08-08 03:00:00,2050-08-07,1485.0,nan,562.85,577.0,495.81
2050-08-08 00:00:00,2050-08-08 04:00:00,2050-08-08,1136.83,nan,433.08,442.96,383.27
2050-08-08 01:00:00,2050-08-08 05:00:00,2050-08-08,850.59,nan,325.64,331.92,290.24
2050-08-08 02:00:00,2050-08-08 06:00:00,2050-08-08,626.77,nan,239.52,243.24,215.89
2050-08-08 03:00:00,2050-08-08 07:00:00,2050-08-08,515.62,nan,196.15,198.62,177.47
2050-08-08 04:00:00,2050-08-08 08:00:00,2050-08-08,432.81,nan,164.37,165.41,149.52
2050-08-08 05:00:00,2050-08-08 09:00:00,2050-08-08,352.91,nan,134.11,133.83,123.54
2050-08-08 06:00:00,2050-08-08 10:00:00,2050-08-08,280.82,nan,104.65,103.34,100.1
2050-08-08 07:00:00,2050-08-08 11:00:00,2050-08-08,525.62,nan,199.15,201.71,178.97
2050-08-08 08:00:00,2050-08-08 12:00:00,2050-08-08,1103.57,nan,413.32,422.39,356.76
2050-08-08 09:00:00,2050-08-08 13:00:00,2050-08-08,1829.02,nan,683.42,701.55,592.38
2050-08-08 10:00:00,2050-08-08 14:00:00,2050-08-08,2840.75,nan,1065.19,1093.19,924.0
2050-08-08 11:00:00,2050-08-08 15:00:00,2050-08-08,3527.9,nan,1321.88,1357.54,1145.84
2050-08-08 12:00:00,2050-08-08 16:00:00,2050-08-08,4103.9,nan,1536.46,1579.02,1333.08
2050-08-08 13:00:00,2050-08-08 17:00:00,2050-08-08,4513.81,nan,1689.4,1736.83,1468.71
2050-08-08 14:00:00,2050-08-08 18:00:00,2050-08-08,4976.67,nan,1861.74,1914.66,1620.46
2050-08-08 15:00:00,2050-08-08 19:00:00,2050-08-08,5405.58,nan,2021.6,2079.77,1760.2
2050-08-08 16:00:00,2050-08-08 20:00:00,2050-08-08,5673.98,nan,2122.33,2183.89,1848.65
2050-08-08 17:00:00,2050-08-08 21:00:00,2050-08-08,5749.56,nan,2151.55,2213.95,1874.93
2050-08-08 18:00:00,2050-08-08 22:00:00,2050-08-08,5620.95,nan,2105.58,2166.61,1835.73
2050-08-08 19:00:00,2050-08-08 23:00:00,2050-08-08,5237.48,nan,1966.4,2023.15,1711.19
2050-08-08 20:00:00,2050-08-09 00:00:00,2050-08-08,4128.64,nan,1552.13,1597.18,1351.89
2050-08-08 21:00:00,2050-08-09 01:00:00,2050-08-08,3289.53,nan,1237.44,1273.18,1079.84
2050-08-08 22:00:00,2050-08-09 02:00:00,2050-08-08,2723.56,nan,1026.33,1055.17,897.91
2050-08-08 23:00:00,2050-08-09 03:00:00,2050-08-08,2263.98,nan,854.7,877.93,749.83
2050-08-09 00:00:00,2050-08-09 04:00:00,2050-08-09,1889.28,nan,714.37,733.04,628.81
2050-08-09 01:00:00,2050-08-09 05:00:00,2050-08-09,1586.66,nan,601.25,616.17,530.89
2050-08-09 02:00:00,2050-08-09 06:00:00,2050-08-09,1324.13,nan,503.26,514.9,446.31
2050-08-09 03:00:00,2050-08-09 07:00:00,2050-08-09,1078.9,nan,412.14,420.64,367.5
2050-08-09 04:00:00,2050-08-09 08:00:00,2050-08-09,860.74,nan,329.4,335.07,296.49
2050-08-09 05:00:00,2050-08-09 09:00:00,2050-08-09,684.03,nan,260.55,263.94,237.66
2050-08-09 06:00:00,2050-08-09 10:00:00,2050-08-09,536.45,nan,203.26,204.68,189.0
2050-08-09 07:00:00,2050-08-09 11:00:00,2050-08-09,680.32,nan,257.53,260.29,231.24
2050-08-09 08:00:00,2050-08-09 12:00:00,2050-08-09,1281.61,nan,471.39,483.37,416.44
2050-08-09 09:00:00,2050-08-09 13:00:00,2050-08-09,2151.46,nan,799.75,820.94,696.23
2050-08-09 10:00:00,2050-08-09 14:00:00,2050-08-09,3280.88,nan,1224.95,1257.74,1064.77
2050-08-09 11:00:00,2050-08-09 15:00:00,2050-08-09,4136.6,nan,1543.41,1586.55,1339.96
2050-08-09 12:00:00,2050-08-09 16:00:00,2050-08-09,4894.59,nan,1826.29,1878.5,1586.91
2050-08-09 13:00:00,2050-08-09 17:00:00,2050-08-09,5412.5,nan,2018.71,2077.15,1759.15
2050-08-09 14:00:00,2050-08-09 18:00:00,2050-08-09,5886.13,nan,2195.88,2260.34,1915.3
2050-08-09 15:00:00,2050-08-09 19:00:00,2050-08-09,6242.51,nan,2329.22,2397.9,2031.34
2050-08-09 16:00:00,2050-08-09 20:00:00,2050-08-09,6430.0,nan,2399.87,2470.91,2093.89
2050-08-09 17:00:00,2050-08-09 21:00:00,2050-08-09,6292.36,nan,2348.74,2417.77,2051.75
2050-08-09 18:00:00,2050-08-09 22:00:00,2050-08-09,5914.38,nan,2209.54,2273.75,1932.44
2050-08-09 19:00:00,2050-08-09 23:00:00,2050-08-09,5445.94,nan,2039.35,2098.21,1781.81
2050-08-09 20:00:00,2050-08-10 00:00:00,2050-08-09,4412.57,nan,1653.68,1701.94,1445.04
2050-08-09 21:00:00,2050-08-10 01:00:00,2050-08-09,3661.25,nan,1373.48,1413.54,1200.34
2050-08-09 22:00:00,2050-08-10 02:00:00,2050-08-09,3152.49,nan,1183.91,1217.72,1036.22
2050-08-09 23:00:00,2050-08-10 03:00:00,2050-08-09,2736.15,nan,1028.42,1057.28,901.47
2050-08-10 00:00:00,2050-08-10 04:00:00,2050-08-10,2415.4,nan,908.3,933.43,796.67
2050-08-10 01:00:00,2050-08-10 05:00:00,2050-08-10,2182.61,nan,820.67,843.14,720.38
2050-08-10 02:00:00,2050-08-10 06:00:00,2050-08-10,2002.11,nan,753.58,773.95,662.28
2050-08-10 03:00:00,2050-08-10 07:00:00,2050-08-10,1842.43,nan,693.54,711.8,611.08
2050-08-10 04:00:00,2050-08-10 08:00:00,2050-08-10,1705.14,nan,640.8,657.39,566.2
2050-08-10 05:00:00,2050-08-10 09:00:00,2050-08-10,1578.47,nan,593.57,608.57,524.82
2050-08-10 06:00:00,2050-08-10 10:00:00,2050-08-10,1442.64,nan,541.86,555.38,481.57
2050-08-10 07:00:00,2050-08-10 11:00:00,2050-08-10,1542.73,nan,577.93,591.73,510.44
2050-08-10 08:00:00,2050-08-10 12:00:00,2050-08-10,1785.19,nan,664.61,681.22,582.43
2050-08-10 09:00:00,2050-08-10 13:00:00,2050-08-10,2358.85,nan,879.5,903.54,767.04
2050-08-10 10:00:00,2050-08-10 14:00:00,2050-08-10,3326.72,nan,1249.32,1282.34,1085.39
2050-08-10 11:00:00,2050-08-10 15:00:00,2050-08-10,3995.07,nan,1501.02,1541.62,1299.28
2050-08-10 12:00:00,2050-08-10 16:00:00,2050-08-10,4740.39,nan,1779.37,1829.19,1542.96
2050-08-10 13:00:00,2050-08-10 17:00:00,2050-08-10,5315.79,nan,1994.96,2052.05,1734.06
2050-08-10 14:00:00,2050-08-10 18:00:00,2050-08-10,5782.77,nan,2166.59,2229.7,1885.94
2050-08-10 15:00:00,2050-08-10 19:00:00,2050-08-10,6118.25,nan,2289.83,2358.23,1994.44
2050-08-10 16:00:00,2050-08-10 20:00:00,2050-08-10,6195.22,nan,2318.98,2389.43,2019.23
2050-08-10 17:00:00,2050-08-10 21:00:00,2050-08-10,5925.75,nan,2218.35,2287.13,1940.31
2050-08-10 18:00:00,2050-08-10 22:00:00,2050-08-10,5481.27,nan,2044.89,2107.9,1791.79
2050-08-10 19:00:00,2050-08-10 23:00:00,2050-08-10,5139.45,nan,1922.93,1982.19,1681.76
2050-08-10 20:00:00,2050-08-11 00:00:00,2050-08-10,4259.22,nan,1594.2,1644.18,1393.91
2050-08-10 21:00:00,2050-08-11 01:00:00,2050-08-10,3667.24,nan,1374.64,1417.34,1200.93
2050-08-10 22:00:00,2050-08-11 02:00:00,2050-08-10,3231.83,nan,1212.19,1249.16,1061.1
2050-08-10 23:00:00,2050-08-11 03:00:00,2050-08-10,2862.77,nan,1074.55,1106.63,942.98
2050-08-11 00:00:00,2050-08-11 04:00:00,2050-08-11,2564.1,nan,962.62,990.85,846.39
2050-08-11 01:00:00,2050-08-11 05:00:00,2050-08-11,2318.85,nan,872.25,896.97,767.99
2050-08-11 02:00:00,2050-08-11 06:00:00,2050-08-11,2061.1,nan,775.46,796.9,682.98
2050-08-11 03:00:00,2050-08-11 07:00:00,2050-08-11,1832.83,nan,689.12,707.78,608.22
2050-08-11 04:00:00,2050-08-11 08:00:00,2050-08-11,1620.83,nan,609.57,625.48,539.23
2050-08-11 05:00:00,2050-08-11 09:00:00,2050-08-11,1432.57,nan,539.27,553.06,477.78
2050-08-11 06:00:00,2050-08-11 10:00:00,2050-08-11,1276.8,nan,480.98,492.64,426.47
2050-08-11 07:00:00,2050-08-11 11:00:00,2050-08-11,1431.93,nan,538.07,551.81,471.26
2050-08-11 08:00:00,2050-08-11 12:00:00,2050-08-11,1862.72,nan,701.31,720.58,603.72
2050-08-11 09:00:00,2050-08-11 13:00:00,2050-08-11,2575.73,nan,967.54,994.34,832.0
2050-08-11 10:00:00,2050-08-11 14:00:00,2050-08-11,3551.21,nan,1336.22,1372.82,1151.04
2050-08-11 11:00:00,2050-08-11 15:00:00,2050-08-11,4337.62,nan,1630.76,1675.92,1404.51
2050-08-11 12:00:00,2050-08-11 16:00:00,2050-08-11,5132.51,nan,1928.34,1983.14,1662.88
2050-08-11 13:00:00,2050-08-11 17:00:00,2050-08-11,5747.16,nan,2158.72,2220.98,1864.57
2050-08-11 14:00:00,2050-08-11 18:00:00,2050-08-11,6380.57,nan,2393.58,2463.67,2073.42
2050-08-11 15:00:00,2050-08-11 19:00:00,2050-08-11,6898.86,nan,2585.11,2661.63,2244.07
2050-08-11 16:00:00,2050-08-11 20:00:00,2050-08-11,7224.43,nan,2703.29,2784.6,2351.13
2050-08-11 17:00:00,2050-08-11 21:00:00,2050-08-11,7278.65,nan,2722.22,2805.04,2370.1
2050-08-11 18:00:00,2050-08-11 22:00:00,2050-08-11,7049.61,nan,2639.5,2720.13,2298.29
2050-08-11 19:00:00,2050-08-11 23:00:00,2050-08-11,6471.97,nan,2430.48,2504.94,2112.54
2050-08-11 20:00:00,2050-08-12 00:00:00,2050-08-11,5165.15,nan,1941.03,2001.33,1689.66
2050-08-11 21:00:00,2050-08-12 01:00:00,2050-08-11,4131.27,nan,1552.26,1600.6,1353.74
2050-08-11 22:00:00,2050-08-12 02:00:00,2050-08-11,3331.76,nan,1252.1,1290.47,1095.22
2050-08-11 23:00:00,2050-08-12 03:00:00,2050-08-11,2673.04,nan,1003.29,1033.39,882.76
2050-08-12 00:00:00,2050-08-12 04:00:00,2050-08-12,2171.69,nan,814.91,838.29,720.34
2050-08-12 01:00:00,2050-08-12 05:00:00,2050-08-12,1782.58,nan,667.61,685.92,593.99
2050-08-12 02:00:00,2050-08-12 06:00:00,2050-08-12,1473.57,nan,550.92,565.02,493.91
2050-08-12 03:00:00,2050-08-12 07:00:00,2050-08-12,1242.75,nan,464.01,474.82,418.83
2050-08-12 04:00:00,2050-08-12 08:00:00,2050-08-12,1082.25,nan,403.89,412.46,366.62
2050-08-12 05:00:00,2050-08-12 09:00:00,2050-08-12,962.66,nan,359.33,366.45,327.75
2050-08-12 06:00:00,2050-08-12 10:00:00,2050-08-12,870.03,nan,325.46,331.51,297.92
2050-08-12 07:00:00,2050-08-12 11:00:00,2050-08-12,824.33,nan,307.47,313.22,281.83
2050-08-12 08:00:00,2050-08-12 12:00:00,2050-08-12,877.77,nan,324.51,330.98,296.93
2050-08-12 09:00:00,2050-08-12 13:00:00,2050-08-12,1123.81,nan,413.08,421.36,377.16
2050-08-12 10:00:00,2050-08-12 14:00:00,2050-08-12,1506.82,nan,553.44,565.14,502.7
2050-08-12 11:00:00,2050-08-12 15:00:00,2050-08-12,1693.37,nan,615.23,629.06,560.44
2050-08-12 12:00:00,2050-08-12 16:00:00,2050-08-12,1769.64,nan,642.6,657.07,583.05
2050-08-12 13:00:00,2050-08-12 17:00:00,2050-08-12,1710.3,nan,621.93,635.44,565.53
2050-08-12 14:00:00,2050-08-12 18:00:00,2050-08-12,1606.32,nan,581.98,594.63,531.34
2050-08-12 15:00:00,2050-08-12 19:00:00,2050-08-12,1462.72,nan,527.81,538.54,484.69
2050-08-12 16:00:00,2050-08-12 20:00:00,2050-08-12,1379.36,nan,495.02,504.59,457.36
2050-08-12 17:00:00,2050-08-12 21:00:00,2050-08-12,1214.32,nan,434.51,442.14,404.64
2050-08-12 18:00:00,2050-08-12 22:00:00,2050-08-12,1119.23,nan,403.63,409.62,375.51
2050-08-12 19:00:00,2050-08-12 23:00:00,2050-08-12,961.15,nan,352.3,356.83,324.78
2050-08-12 20:00:00,2050-08-13 00:00:00,2050-08-12,568.95,nan,207.4,208.84,194.51
2050-08-12 21:00:00,2050-08-13 01:00:00,2050-08-12,335.21,nan,119.48,119.09,116.66
2050-08-12 22:00:00,2050-08-13 02:00:00,2050-08-12,223.48,nan,78.66,76.97,79.83
2050-08-12 23:00:00,2050-08-13 03:00:00,2050-08-12,127.29,nan,42.85,39.74,48.11
2050-08-13 00:00:00,2050-08-13 04:00:00,2050-08-13,90.09,nan,29.87,26.38,35.3
2050-08-13 01:00:00,2050-08-13 05:00:00,2050-08-13,77.12,nan,25.93,22.56,31.28
2050-08-13 02:00:00,2050-08-13 06:00:00,2050-08-13,72.72,nan,24.32,20.96,28.83
2050-08-13 03:00:00,2050-08-13 07:00:00,2050-08-13,64.39,nan,21.43,18.06,25.33
2050-08-13 04:00:00,2050-08-13 08:00:00,2050-08-13,57.71,nan,18.95,15.59,22.14
2050-08-13 05:00:00,2050-08-13 09:00:00,2050-08-13,48.99,nan,15.91,12.68,18.62
2050-08-13 06:00:00,2050-08-13 10:00:00,2050-08-13,41.53,nan,13.49,10.54,15.84
2050-08-13 07:00:00,2050-08-13 11:00:00,2050-08-13,46.43,nan,15.1,12.19,18.25
2050-08-13 08:00:00,2050-08-13 12:00:00,2050-08-13,200.67,nan,72.27,70.44,68.11
2050-08-13 09:00:00,2050-08-13 13:00:00,2050-08-13,710.82,nan,251.19,253.5,234.03
2050-08-13 10:00:00,2050-08-13 14:00:00,2050-08-13,1471.93,nan,537.53,545.31,485.89
2050-08-13 11:00:00,2050-08-13 15:00:00,2050-08-13,2114.86,nan,776.88,791.93,695.52
2050-08-13 12:00:00,2050-08-13 16:00:00,2050-08-13,2778.6,nan,1029.65,1052.64,913.14
2050-08-13 13:00:00,2050-08-13 17:00:00,2050-08-13,3289.63,nan,1226.01,1255.6,1080.95
2050-08-13 14:00:00,2050-08-13 18:00:00,2050-08-13,3803.82,nan,1420.18,1456.59,1248.04
2050-08-13 15:00:00,2050-08-13 19:00:00,2050-08-13,4264.72,nan,1593.41,1636.2,1396.66
2050-08-13 16:00:00,2050-08-13 20:00:00,2050-08-13,4561.88,nan,1704.59,1751.71,1492.32
2050-08-13 17:00:00,2050-08-13 21:00:00,2050-08-13,4649.2,nan,1737.45,1786.35,1520.7
2050-08-13 18:00:00,2050-08-13 22:00:00,2050-08-13,4496.24,nan,1681.41,1729.26,1470.77
2050-08-13 19:00:00,2050-08-13 23:00:00,2050-08-13,4046.35,nan,1518.03,1561.2,1322.78
2050-08-13 20:00:00,2050-08-14 00:00:00,2050-08-13,2945.22,nan,1106.78,1138.09,966.82
2050-08-13 21:00:00,2050-08-14 01:00:00,2050-08-13,2116.45,nan,796.49,818.29,699.01
2050-08-13 22:00:00,2050-08-14 02:00:00,2050-08-13,1506.33,nan,569.36,583.7,503.07
2050-08-13 23:00:00,2050-08-14 03:00:00,2050-08-13,977.4,nan,372.14,380.23,333.01
2050-08-14 00:00:00,2050-08-14 04:00:00,2050-08-14,523.43,nan,201.39,203.99,185.5
2050-08-14 01:00:00,2050-08-14 05:00:00,2050-08-14,227.72,nan,86.57,85.2,85.6
2050-08-14 02:00:00,2050-08-14 06:00:00,2050-08-14,105.38,nan,38.89,36.29,42.27
2050-08-14 03:00:00,2050-08-14 07:00:00,2050-08-14,54.97,nan,19.41,16.83,22.78
2050-08-14 04:00:00,2050-08-14 08:00:00,2050-08-14,31.49,nan,10.72,8.66,12.49
2050-08-14 05:00:00,2050-08-14 09:00:00,2050-08-14,21.87,nan,7.31,5.68,8.24
2050-08-14 06:00:00,2050-08-14 10:00:00,2050-08-14,17.58,nan,5.72,4.33,6.51
2050-08-14 07:00:00,2050-08-14 11:00:00,2050-08-14,17.98,nan,6.0,4.67,6.84
2050-08-14 08:00:00,2050-08-14 12:00:00,2050-08-14,32.33,nan,11.03,9.42,13.36
2050-08-14 09:00:00,2050-08-14 13:00:00,2050-08-14,280.47,nan,102.17,101.81,100.09
2050-08-14 10:00:00,2050-08-14 14:00:00,2050-08-14,1122.1,nan,419.73,427.8,370.0
2050-08-14 11:00:00,2050-08-14 15:00:00,2050-08-14,2102.53,nan,786.56,805.89,687.04
2050-08-14 12:00:00,2050-08-14 16:00:00,2050-08-14,2887.39,nan,1079.17,1107.81,942.16
2050-08-14 13:00:00,2050-08-14 17:00:00,2050-08-14,3411.81,nan,1273.61,1308.73,1114.44
2050-08-14 14:00:00,2050-08-14 18:00:00,2050-08-14,3902.35,nan,1454.93,1496.01,1274.32
2050-08-14 15:00:00,2050-08-14 19:00:00,2050-08-14,4297.28,nan,1601.24,1647.07,1402.53
2050-08-14 16:00:00,2050-08-14 20:00:00,2050-08-14,4525.5,nan,1686.42,1735.02,1476.83
2050-08-14 17:00:00,2050-08-14 21:00:00,2050-08-14,4554.43,nan,1698.24,1747.34,1486.91
2050-08-14 18:00:00,2050-08-14 22:00:00,2050-08-14,4343.39,nan,1620.87,1667.67,1418.75
2050-08-14 19:00:00,2050-08-14 23:00:00,2050-08-14,3744.58,nan,1400.82,1440.83,1224.9
2050-08-14 20:00:00,2050-08-15 00:00:00,2050-08-14,2646.86,nan,991.07,1018.92,869.57
2050-08-14 21:00:00,2050-08-15 01:00:00,2050-08-14,1824.87,nan,684.37,702.68,604.04
2050-08-14 22:00:00,2050-08-15 02:00:00,2050-08-14,1213.51,nan,457.04,467.78,407.78
2050-08-14 23:00:00,2050-08-15 03:00:00,2050-08-14,697.62,nan,264.55,268.93,241.4
2050-08-15 00:00:00,2050-08-15 04:00:00,2050-08-15,320.85,nan,121.26,120.9,115.88
2050-08-15 01:00:00,2050-08-15 05:00:00,2050-08-15,147.17,nan,53.29,50.79,55.65
2050-08-15 02:00:00,2050-08-15 06:00:00,2050-08-15,80.53,nan,27.62,24.85,30.47
2050-08-15 03:00:00,2050-08-15 07:00:00,2050-08-15,46.56,nan,14.52,11.78,16.42
2050-08-15 04:00:00,2050-08-15 08:00:00,2050-08-15,34.97,nan,10.33,7.71,10.93
2050-08-15 05:00:00,2050-08-15 09:00:00,2050-08-15,31.27,nan,8.93,6.39,9.09
2050-08-15 06:00:00,2050-08-15 10:00:00,2050-08-15,29.39,nan,8.16,5.71,8.17
2050-08-15 07:00:00,2050-08-15 11:00:00,2050-08-15,34.23,nan,9.66,7.12,9.71
2050-08-15 08:00:00,2050-08-15 12:00:00,2050-08-15,90.43,nan,29.72,27.5,29.08
2050-08-15 09:00:00,2050-08-15 13:00:00,2050-08-15,456.46,nan,164.82,165.89,151.6
2050-08-15 10:00:00,2050-08-15 14:00:00,2050-08-15,1391.12,nan,521.24,531.92,451.9
2050-08-15 11:00:00,2050-08-15 15:00:00,2050-08-15,2245.92,nan,840.46,861.25,729.11
2050-08-15 12:00:00,2050-08-15 16:00:00,2050-08-15,2906.75,nan,1087.47,1116.25,945.37
2050-08-15 13:00:00,2050-08-15 17:00:00,2050-08-15,3320.71,nan,1242.54,1276.07,1082.87
2050-08-15 14:00:00,2050-08-15 18:00:00,2050-08-15,3762.45,nan,1408.15,1447.08,1228.15
2050-08-15 15:00:00,2050-08-15 19:00:00,2050-08-15,4176.56,nan,1563.42,1606.84,1363.06
2050-08-15 16:00:00,2050-08-15 20:00:00,2050-08-15,4457.9,nan,1668.52,1715.45,1454.48
2050-08-15 17:00:00,2050-08-15 21:00:00,2050-08-15,4565.79,nan,1709.47,1757.84,1490.19
2050-08-15 18:00:00,2050-08-15 22:00:00,2050-08-15,4443.97,nan,1665.12,1712.47,1451.01
2050-08-15 19:00:00,2050-08-15 23:00:00,2050-08-15,3997.23,nan,1502.01,1544.75,1304.5
2050-08-15 20:00:00,2050-08-16 00:00:00,2050-08-15,2988.17,nan,1125.0,1156.76,978.89
2050-08-15 21:00:00,2050-08-16 01:00:00,2050-08-15,2294.78,nan,865.14,888.96,754.8
2050-08-15 22:00:00,2050-08-16 02:00:00,2050-08-15,1815.29,nan,686.1,704.04,600.66
2050-08-15 23:00:00,2050-08-16 03:00:00,2050-08-15,1434.39,nan,543.7,556.91,477.81
2050-08-16 00:00:00,2050-08-16 04:00:00,2050-08-16,1139.1,nan,433.15,442.72,382.41
2050-08-16 01:00:00,2050-08-16 05:00:00,2050-08-16,910.1,nan,347.34,354.12,308.21
2050-08-16 02:00:00,2050-08-16 06:00:00,2050-08-16,732.99,nan,280.21,284.89,250.03
2050-08-16 03:00:00,2050-08-16 07:00:00,2050-08-16,626.79,nan,239.35,242.99,214.02
2050-08-16 04:00:00,2050-08-16 08:00:00,2050-08-16,561.68,nan,214.36,217.33,190.86
2050-08-16 05:00:00,2050-08-16 09:00:00,2050-08-16,552.6,nan,211.14,214.08,187.81
2050-08-16 06:00:00,2050-08-16 10:00:00,2050-08-16,549.44,nan,209.9,212.83,186.59
2050-08-16 07:00:00,2050-08-16 11:00:00,2050-08-16,577.94,nan,220.55,223.37,196.48
2050-08-16 08:00:00,2050-08-16 12:00:00,2050-08-16,654.51,nan,247.78,251.11,223.08
2050-08-16 09:00:00,2050-08-16 13:00:00,2050-08-16,950.22,nan,357.06,361.37,323.89
2050-08-16 10:00:00,2050-08-16 14:00:00,2050-08-16,1228.76,nan,463.29,471.26,414.89
2050-08-16 11:00:00,2050-08-16 15:00:00,2050-08-16,1409.48,nan,527.59,538.37,473.71
2050-08-16 12:00:00,2050-08-16 16:00:00,2050-08-16,1767.48,nan,662.53,679.36,587.07
2050-08-16 13:00:00,2050-08-16 17:00:00,2050-08-16,2412.98,nan,912.28,937.6,796.82
2050-08-16 14:00:00,2050-08-16 18:00:00,2050-08-16,3207.61,nan,1214.41,1248.64,1055.5
2050-08-16 15:00:00,2050-08-16 19:00:00,2050-08-16,3965.77,nan,1496.95,1539.89,1301.45
2050-08-16 16:00:00,2050-08-16 20:00:00,2050-08-16,4511.63,nan,1700.5,1749.19,1477.32
2050-08-16 17:00:00,2050-08-16 21:00:00,2050-08-16,4038.93,nan,1511.31,1553.58,1326.45
2050-08-16 18:00:00,2050-08-16 22:00:00,2050-08-16,3643.12,nan,1364.23,1401.46,1200.61
2050-08-16 19:00:00,2050-08-16 23:00:00,2050-08-16,3152.4,nan,1180.5,1214.12,1040.59
2050-08-16 20:00:00,2050-08-17 00:00:00,2050-08-16,2504.07,nan,938.36,964.85,825.19
2050-08-16 21:00:00,2050-08-17 01:00:00,2050-08-16,2144.43,nan,808.16,831.16,706.17
2050-08-16 22:00:00,2050-08-17 02:00:00,2050-08-16,1956.83,nan,739.21,759.91,647.54
2050-08-16 23:00:00,2050-08-17 03:00:00,2050-08-16,1768.91,nan,668.64,686.69,586.36
2050-08-17 00:00:00,2050-08-17 04:00:00,2050-08-17,1612.2,nan,609.92,625.84,536.01
2050-08-17 01:00:00,2050-08-17 05:00:00,2050-08-17,1486.87,nan,562.55,576.82,495.71
2050-08-17 02:00:00,2050-08-17 06:00:00,2050-08-17,1373.61,nan,519.85,532.61,459.1
2050-08-17 03:00:00,2050-08-17 07:00:00,2050-08-17,1284.93,nan,486.5,497.71,430.0
2050-08-17 04:00:00,2050-08-17 08:00:00,2050-08-17,1166.43,nan,441.04,450.85,391.44
2050-08-17 05:00:00,2050-08-17 09:00:00,2050-08-17,1126.05,nan,426.22,435.07,378.17
2050-08-17 06:00:00,2050-08-17 10:00:00,2050-08-17,1106.66,nan,417.86,426.54,371.47
2050-08-17 07:00:00,2050-08-17 11:00:00,2050-08-17,1168.46,nan,437.72,446.97,389.3
2050-08-17 08:00:00,2050-08-17 12:00:00,2050-08-17,1356.48,nan,499.57,510.38,446.89
2050-08-17 09:00:00,2050-08-17 13:00:00,2050-08-17,1732.16,nan,632.22,647.13,565.87
2050-08-17 10:00:00,2050-08-17 14:00:00,2050-08-17,2328.48,nan,852.54,875.79,757.18
2050-08-17 11:00:00,2050-08-17 15:00:00,2050-08-17,3038.12,nan,1120.1,1152.7,980.97
2050-08-17 12:00:00,2050-08-17 16:00:00,2050-08-17,3909.11,nan,1446.93,1489.22,1260.69
2050-08-17 13:00:00,2050-08-17 17:00:00,2050-08-17,4702.08,nan,1746.86,1798.23,1519.18
2050-08-17 14:00:00,2050-08-17 18:00:00,2050-08-17,5516.8,nan,2055.32,2116.18,1789.46
2050-08-17 15:00:00,2050-08-17 19:00:00,2050-08-17,6069.87,nan,2265.76,2332.15,1978.66
2050-08-17 16:00:00,2050-08-17 20:00:00,2050-08-17,6028.68,nan,2242.08,2308.66,1968.67
2050-08-17 17:00:00,2050-08-17 21:00:00,2050-08-17,6007.94,nan,2236.25,2303.24,1963.25
2050-08-17 18:00:00,2050-08-17 22:00:00,2050-08-17,5960.45,nan,2222.09,2289.1,1947.56
2050-08-17 19:00:00,2050-08-17 23:00:00,2050-08-17,5530.7,nan,2066.82,2129.85,1806.79
2050-08-17 20:00:00,2050-08-18 00:00:00,2050-08-17,4515.25,nan,1688.52,1740.1,1478.64
2050-08-17 21:00:00,2050-08-18 01:00:00,2050-08-17,3804.6,nan,1424.3,1467.39,1248.61
2050-08-17 22:00:00,2050-08-18 02:00:00,2050-08-17,3283.25,nan,1230.17,1266.65,1081.18
2050-08-17 23:00:00,2050-08-18 03:00:00,2050-08-17,2840.28,nan,1064.26,1095.1,937.59
2050-08-18 00:00:00,2050-08-18 04:00:00,2050-08-18,2453.99,nan,918.99,944.7,812.14
2050-08-18 01:00:00,2050-08-18 05:00:00,2050-08-18,2080.22,nan,777.47,798.71,690.03
2050-08-18 02:00:00,2050-08-18 06:00:00,2050-08-18,1763.27,nan,657.34,674.45,587.05
2050-08-18 03:00:00,2050-08-18 07:00:00,2050-08-18,1448.42,nan,536.78,550.52,481.72
2050-08-18 04:00:00,2050-08-18 08:00:00,2050-08-18,1236.3,nan,458.53,469.45,414.94
2050-08-18 05:00:00,2050-08-18 09:00:00,2050-08-18,1053.41,nan,391.48,400.26,356.45
2050-08-18 06:00:00,2050-08-18 10:00:00,2050-08-18,825.39,nan,305.37,311.41,279.89
2050-08-18 07:00:00,2050-08-18 11:00:00,2050-08-18,798.69,nan,293.72,299.8,266.88
2050-08-18 08:00:00,2050-08-18 12:00:00,2050-08-18,1226.17,nan,453.89,465.44,401.21
2050-08-18 09:00:00,2050-08-18 13:00:00,2050-08-18,2169.37,nan,810.78,832.32,704.09
2050-08-18 10:00:00,2050-08-18 14:00:00,2050-08-18,3276.61,nan,1225.49,1258.84,1059.63
2050-08-18 11:00:00,2050-08-18 15:00:00,2050-08-18,4152.68,nan,1553.5,1596.65,1340.89
2050-08-18 12:00:00,2050-08-18 16:00:00,2050-08-18,4783.21,nan,1790.62,1841.75,1548.67
2050-08-18 13:00:00,2050-08-18 17:00:00,2050-08-18,5063.2,nan,1897.46,1952.77,1644.75
2050-08-18 14:00:00,2050-08-18 18:00:00,2050-08-18,5523.89,nan,2072.29,2132.65,1797.44
2050-08-18 15:00:00,2050-08-18 19:00:00,2050-08-18,5853.6,nan,2191.25,2255.07,1903.97
2050-08-18 16:00:00,2050-08-18 20:00:00,2050-08-18,5985.19,nan,2232.48,2299.47,1951.73
2050-08-18 17:00:00,2050-08-18 21:00:00,2050-08-18,5998.02,nan,2235.58,2302.32,1954.72
2050-08-18 18:00:00,2050-08-18 22:00:00,2050-08-18,5626.29,nan,2095.96,2158.84,1838.85
2050-08-18 19:00:00,2050-08-18 23:00:00,2050-08-18,4808.69,nan,1794.35,1848.19,1571.42
2050-08-18 20:00:00,2050-08-19 00:00:00,2050-08-18,3894.81,nan,1455.43,1499.05,1275.53
2050-08-18 21:00:00,2050-08-19 01:00:00,2050-08-18,3258.81,nan,1217.99,1254.04,1071.44
2050-08-18 22:00:00,2050-08-19 02:00:00,2050-08-18,2763.61,nan,1034.0,1063.95,911.95
2050-08-18 23:00:00,2050-08-19 03:00:00,2050-08-18,2378.28,nan,890.4,915.57,787.39
2050-08-19 00:00:00,2050-08-19 04:00:00,2050-08-19,2117.4,nan,793.25,815.2,703.13
2050-08-19 01:00:00,2050-08-19 05:00:00,2050-08-19,1857.22,nan,695.73,714.16,618.43
2050-08-19 02:00:00,2050-08-19 06:00:00,2050-08-19,1588.58,nan,594.75,609.71,531.81
2050-08-19 03:00:00,2050-08-19 07:00:00,2050-08-19,1335.78,nan,499.25,510.53,449.35
2050-08-19 04:00:00,2050-08-19 08:00:00,2050-08-19,1137.19,nan,427.89,435.16,385.32
2050-08-19 05:00:00,2050-08-19 09:00:00,2050-08-19,848.4,nan,315.13,319.41,286.55
2050-08-19 06:00:00,2050-08-19 10:00:00,2050-08-19,535.48,nan,192.72,193.53,183.7
2050-08-19 07:00:00,2050-08-19 11:00:00,2050-08-19,511.48,nan,184.47,185.69,172.7
2050-08-19 08:00:00,2050-08-19 12:00:00,2050-08-19,990.42,nan,369.27,376.84,325.82
2050-08-19 09:00:00,2050-08-19 13:00:00,2050-08-19,1944.13,nan,730.74,748.63,636.32
2050-08-19 10:00:00,2050-08-19 14:00:00,2050-08-19,3023.73,nan,1140.03,1169.97,982.27
2050-08-19 11:00:00,2050-08-19 15:00:00,2050-08-19,4010.88,nan,1511.85,1553.39,1300.67
2050-08-19 12:00:00,2050-08-19 16:00:00,2050-08-19,4951.9,nan,1867.07,1920.99,1608.91
2050-08-19 13:00:00,2050-08-19 17:00:00,2050-08-19,5531.04,nan,2083.42,2145.02,1799.61
2050-08-19 14:00:00,2050-08-19 18:00:00,2050-08-19,6108.92,nan,2300.69,2370.12,1989.85
2050-08-19 15:00:00,2050-08-19 19:00:00,2050-08-19,6550.9,nan,2466.74,2542.93,2138.84
2050-08-19 16:00:00,2050-08-19 20:00:00,2050-08-19,6732.53,nan,2535.46,2615.59,2201.07
2050-08-19 17:00:00,2050-08-19 21:00:00,2050-08-19,6592.39,nan,2485.62,2564.82,2157.69
2050-08-19 18:00:00,2050-08-19 22:00:00,2050-08-19,6123.78,nan,2312.17,2386.21,2007.09
2050-08-19 19:00:00,2050-08-19 23:00:00,2050-08-19,5235.9,nan,1982.69,2046.31,1713.88
2050-08-19 20:00:00,2050-08-20 00:00:00,2050-08-19,4107.41,nan,1560.05,1609.96,1349.32
2050-08-19 21:00:00,2050-08-20 01:00:00,2050-08-19,3379.13,nan,1288.34,1328.83,1116.97
2050-08-19 22:00:00,2050-08-20 02:00:00,2050-08-19,2848.36,nan,1086.99,1120.71,944.76
2050-08-19 23:00:00,2050-08-20 03:00:00,2050-08-19,2427.05,nan,928.28,956.54,807.69
2050-08-20 00:00:00,2050-08-20 04:00:00,2050-08-20,2086.88,nan,799.66,823.28,696.09
2050-08-20 01:00:00,2050-08-20 05:00:00,2050-08-20,1796.13,nan,688.69,708.46,599.87
2050-08-20 02:00:00,2050-08-20 06:00:00,2050-08-20,1535.71,nan,588.81,605.24,514.19
2050-08-20 03:00:00,2050-08-20 07:00:00,2050-08-20,1261.06,nan,483.71,496.64,424.47
2050-08-20 04:00:00,2050-08-20 08:00:00,2050-08-20,1007.11,nan,386.07,395.83,341.33
2050-08-20 05:00:00,2050-08-20 09:00:00,2050-08-20,792.12,nan,302.42,309.1,271.51
2050-08-20 06:00:00,2050-08-20 10:00:00,2050-08-20,567.04,nan,214.84,218.52,196.61
2050-08-20 07:00:00,2050-08-20 11:00:00,2050-08-20,556.15,nan,210.26,214.44,189.47
2050-08-20 08:00:00,2050-08-20 12:00:00,2050-08-20,1157.5,nan,440.02,451.02,381.46
2050-08-20 09:00:00,2050-08-20 13:00:00,2050-08-20,2143.56,nan,807.72,828.91,702.08
2050-08-20 10:00:00,2050-08-20 14:00:00,2050-08-20,3174.18,nan,1194.59,1227.11,1030.04
2050-08-20 11:00:00,2050-08-20 15:00:00,2050-08-20,4092.21,nan,1535.22,1578.13,1323.69
2050-08-20 12:00:00,2050-08-20 16:00:00,2050-08-20,4849.21,nan,1815.14,1866.32,1567.14
2050-08-20 13:00:00,2050-08-20 17:00:00,2050-08-20,5378.99,nan,2010.38,2067.42,1741.16
2050-08-20 14:00:00,2050-08-20 18:00:00,2050-08-20,5889.47,nan,2198.98,2261.48,1908.75
2050-08-20 15:00:00,2050-08-20 19:00:00,2050-08-20,6402.82,nan,2391.39,2460.3,2074.57
2050-08-20 16:00:00,2050-08-20 20:00:00,2050-08-20,6815.62,nan,2547.95,2621.94,2207.9
2050-08-20 17:00:00,2050-08-20 21:00:00,2050-08-20,6988.52,nan,2613.55,2689.98,2263.59
2050-08-20 18:00:00,2050-08-20 22:00:00,2050-08-20,6857.0,nan,2565.11,2639.5,2221.35
2050-08-20 19:00:00,2050-08-20 23:00:00,2050-08-20,6166.04,nan,2307.05,2374.67,1992.68
2050-08-20 20:00:00,2050-08-21 00:00:00,2050-08-20,5001.9,nan,1875.86,1930.77,1620.72
2050-08-20 21:00:00,2050-08-21 01:00:00,2050-08-20,4170.02,nan,1566.22,1611.96,1356.08
2050-08-20 22:00:00,2050-08-21 02:00:00,2050-08-20,3469.04,nan,1306.86,1344.14,1132.46
2050-08-20 23:00:00,2050-08-21 03:00:00,2050-08-20,2790.5,nan,1054.21,1083.56,912.34
2050-08-21 00:00:00,2050-08-21 04:00:00,2050-08-21,2173.56,nan,822.62,845.03,715.12
2050-08-21 01:00:00,2050-08-21 05:00:00,2050-08-21,1626.68,nan,616.88,632.83,538.4
2050-08-21 02:00:00,2050-08-21 06:00:00,2050-08-21,1141.24,nan,433.56,444.04,381.3
2050-08-21 03:00:00,2050-08-21 07:00:00,2050-08-21,713.29,nan,272.21,277.68,243.05
2050-08-21 04:00:00,2050-08-21 08:00:00,2050-08-21,373.37,nan,142.92,143.81,130.94
2050-08-21 05:00:00,2050-08-21 09:00:00,2050-08-21,175.83,nan,65.33,63.61,65.36
2050-08-21 06:00:00,2050-08-21 10:00:00,2050-08-21,104.35,nan,38.1,35.84,40.02
2050-08-21 07:00:00,2050-08-21 11:00:00,2050-08-21,95.78,nan,34.87,32.87,36.48
2050-08-21 08:00:00,2050-08-21 12:00:00,2050-08-21,252.53,nan,92.55,92.07,90.45
2050-08-21 09:00:00,2050-08-21 13:00:00,2050-08-21,984.15,nan,366.96,374.87,327.7
2050-08-21 10:00:00,2050-08-21 14:00:00,2050-08-21,1908.53,nan,713.24,731.35,623.34
2050-08-21 11:00:00,2050-08-21 15:00:00,2050-08-21,2700.6,nan,1011.16,1038.4,879.47
2050-08-21 12:00:00,2050-08-21 16:00:00,2050-08-21,3343.8,nan,1252.13,1286.78,1088.94
2050-08-21 13:00:00,2050-08-21 17:00:00,2050-08-21,3799.32,nan,1421.4,1461.58,1238.84
2050-08-21 14:00:00,2050-08-21 18:00:00,2050-08-21,4281.45,nan,1600.12,1645.9,1396.25
2050-08-21 15:00:00,2050-08-21 19:00:00,2050-08-21,4689.01,nan,1750.83,1801.39,1528.32
2050-08-21 16:00:00,2050-08-21 20:00:00,2050-08-21,4834.25,nan,1803.6,1855.82,1575.24
2050-08-21 17:00:00,2050-08-21 21:00:00,2050-08-21,4766.25,nan,1779.56,1831.48,1555.97
2050-08-21 18:00:00,2050-08-21 22:00:00,2050-08-21,4315.92,nan,1608.21,1654.2,1411.5
2050-08-21 19:00:00,2050-08-21 23:00:00,2050-08-21,3502.77,nan,1305.75,1342.48,1142.32
2050-08-21 20:00:00,2050-08-22 00:00:00,2050-08-21,2625.86,nan,980.12,1007.59,860.0
2050-08-21 21:00:00,2050-08-22 01:00:00,2050-08-21,2041.26,nan,763.89,784.75,673.98
2050-08-21 22:00:00,2050-08-22 02:00:00,2050-08-21,1602.84,nan,601.96,617.3,532.66
2050-08-21 23:00:00,2050-08-22 03:00:00,2050-08-21,1271.79,nan,479.78,490.84,426.25
2050-08-22 00:00:00,2050-08-22 04:00:00,2050-08-22,1017.99,nan,385.84,393.66,344.64
2050-08-22 01:00:00,2050-08-22 05:00:00,2050-08-22,804.52,nan,305.5,310.89,275.64
2050-08-22 02:00:00,2050-08-22 06:00:00,2050-08-22,638.68,nan,243.39,246.66,221.61
2050-08-22 03:00:00,2050-08-22 07:00:00,2050-08-22,520.19,nan,198.72,200.49,182.51
2050-08-22 04:00:00,2050-08-22 08:00:00,2050-08-22,431.5,nan,164.44,165.04,152.25
2050-08-22 05:00:00,2050-08-22 09:00:00,2050-08-22,356.05,nan,134.85,134.42,126.5
2050-08-22 06:00:00,2050-08-22 10:00:00,2050-08-22,303.95,nan,114.01,112.99,108.91
2050-08-22 07:00:00,2050-08-22 11:00:00,2050-08-22,307.58,nan,115.51,114.55,109.13
2050-08-22 08:00:00,2050-08-22 12:00:00,2050-08-22,494.41,nan,188.37,188.43,175.76
2050-08-22 09:00:00,2050-08-22 13:00:00,2050-08-22,866.98,nan,323.04,326.72,305.64
2050-08-22 10:00:00,2050-08-22 14:00:00,2050-08-22,1037.29,nan,386.73,392.01,352.43
2050-08-22 11:00:00,2050-08-22 15:00:00,2050-08-22,1240.91,nan,463.29,470.69,419.33
2050-08-22 12:00:00,2050-08-22 16:00:00,2050-08-22,1422.75,nan,531.12,541.01,478.33
2050-08-22 13:00:00,2050-08-22 17:00:00,2050-08-22,1641.18,nan,616.03,628.45,550.89
2050-08-22 14:00:00,2050-08-22 18:00:00,2050-08-22,1655.71,nan,618.16,631.04,556.6
2050-08-22 15:00:00,2050-08-22 19:00:00,2050-08-22,1757.0,nan,659.3,673.22,590.22
2050-08-22 16:00:00,2050-08-22 20:00:00,2050-08-22,1838.83,nan,687.48,702.47,615.0
2050-08-22 17:00:00,2050-08-22 21:00:00,2050-08-22,1809.51,nan,675.89,690.54,604.99
2050-08-22 18:00:00,2050-08-22 22:00:00,2050-08-22,1686.19,nan,629.52,642.7,565.18
2050-08-22 19:00:00,2050-08-22 23:00:00,2050-08-22,1355.27,nan,505.3,515.6,449.14
2050-08-22 20:00:00,2050-08-23 00:00:00,2050-08-22,1083.07,nan,404.14,412.65,360.39
2050-08-22 21:00:00,2050-08-23 01:00:00,2050-08-22,986.21,nan,369.31,376.74,331.18
2050-08-22 22:00:00,2050-08-23 02:00:00,2050-08-22,893.18,nan,334.19,340.48,301.13
2050-08-22 23:00:00,2050-08-23 03:00:00,2050-08-22,828.1,nan,310.45,315.7,279.64
2050-08-23 00:00:00,2050-08-23 04:00:00,2050-08-23,755.28,nan,282.05,286.5,255.54
2050-08-23 01:00:00,2050-08-23 05:00:00,2050-08-23,690.05,nan,257.62,261.23,234.59
2050-08-23 02:00:00,2050-08-23 06:00:00,2050-08-23,641.42,nan,239.68,242.43,219.4
2050-08-23 03:00:00,2050-08-23 07:00:00,2050-08-23,585.52,nan,221.05,223.21,201.85
2050-08-23 04:00:00,2050-08-23 08:00:00,2050-08-23,448.1,nan,167.87,168.63,156.11
2050-08-23 05:00:00,2050-08-23 09:00:00,2050-08-23,398.38,nan,149.38,149.48,140.55
2050-08-23 06:00:00,2050-08-23 10:00:00,2050-08-23,384.9,nan,146.26,146.14,137.38
2050-08-23 07:00:00,2050-08-23 11:00:00,2050-08-23,346.9,nan,132.16,131.96,123.6
2050-08-23 08:00:00,2050-08-23 12:00:00,2050-08-23,494.33,nan,185.93,186.58,175.28
2050-08-23 09:00:00,2050-08-23 13:00:00,2050-08-23,843.3,nan,317.23,319.31,290.74
2050-08-23 10:00:00,2050-08-23 14:00:00,2050-08-23,833.15,nan,317.91,320.36,289.69
2050-08-23 11:00:00,2050-08-23 15:00:00,2050-08-23,814.54,nan,309.32,311.51,282.51
2050-08-23 12:00:00,2050-08-23 16:00:00,2050-08-23,876.52,nan,331.93,334.81,302.08
2050-08-23 13:00:00,2050-08-23 17:00:00,2050-08-23,977.16,nan,371.87,375.27,334.93
2050-08-23 14:00:00,2050-08-23 18:00:00,2050-08-23,1156.61,nan,440.96,447.28,393.82
2050-08-23 15:00:00,2050-08-23 19:00:00,2050-08-23,1189.42,nan,453.73,459.43,404.97
2050-08-23 16:00:00,2050-08-23 20:00:00,2050-08-23,1237.3,nan,473.54,480.44,421.35
2050-08-23 17:00:00,2050-08-23 21:00:00,2050-08-23,1136.9,nan,437.01,443.05,388.58
2050-08-23 18:00:00,2050-08-23 22:00:00,2050-08-23,915.3,nan,353.1,356.56,317.23
2050-08-23 19:00:00,2050-08-23 23:00:00,2050-08-23,434.54,nan,169.05,169.16,154.61
2050-08-23 20:00:00,2050-08-24 00:00:00,2050-08-23,134.79,nan,50.45,47.94,51.94
2050-08-23 21:00:00,2050-08-24 01:00:00,2050-08-23,69.66,nan,25.15,21.85,28.95
2050-08-23 22:00:00,2050-08-24 02:00:00,2050-08-23,52.25,nan,18.63,15.63,21.85
2050-08-23 23:00:00,2050-08-24 03:00:00,2050-08-23,41.57,nan,14.67,12.1,17.34
2050-08-24 00:00:00,2050-08-24 04:00:00,2050-08-24,33.67,nan,11.66,9.43,14.02
2050-08-24 01:00:00,2050-08-24 05:00:00,2050-08-24,29.07,nan,9.92,7.89,12.07
2050-08-24 02:00:00,2050-08-24 06:00:00,2050-08-24,25.39,nan,8.54,6.71,10.45
2050-08-24 03:00:00,2050-08-24 07:00:00,2050-08-24,22.82,nan,7.67,6.02,9.49
2050-08-24 04:00:00,2050-08-24 08:00:00,2050-08-24,21.63,nan,7.17,5.65,8.86
2050-08-24 05:00:00,2050-08-24 09:00:00,2050-08-24,20.79,nan,6.87,5.36,8.37
2050-08-24 06:00:00,2050-08-24 10:00:00,2050-08-24,20.45,nan,6.75,5.23,8.13
2050-08-24 07:00:00,2050-08-24 11:00:00,2050-08-24,19.89,nan,6.57,5.06,7.67
2050-08-24 08:00:00,2050-08-24 12:00:00,2050-08-24,39.4,nan,13.71,10.86,17.84
2050-08-24 09:00:00,2050-08-24 13:00:00,2050-08-24,85.85,nan,30.73,25.97,37.63
2050-08-24 10:00:00,2050-08-24 14:00:00,2050-08-24,86.3,nan,30.46,25.54,37.26
2050-08-24 11:00:00,2050-08-24 15:00:00,2050-08-24,89.63,nan,31.85,26.82,38.61
2050-08-24 12:00:00,2050-08-24 16:00:00,2050-08-24,95.38,nan,34.08,28.89,41.26
2050-08-24 13:00:00,2050-08-24 17:00:00,2050-08-24,101.91,nan,36.22,30.91,44.34
2050-08-24 14:00:00,2050-08-24 18:00:00,2050-08-24,110.72,nan,39.47,33.95,48.09
2050-08-24 15:00:00,2050-08-24 19:00:00,2050-08-24,123.46,nan,44.22,38.49,53.9
2050-08-24 16:00:00,2050-08-24 20:00:00,2050-08-24,137.12,nan,49.61,43.7,59.73
2050-08-24 17:00:00,2050-08-24 21:00:00,2050-08-24,152.99,nan,55.99,50.37,66.06
2050-08-24 18:00:00,2050-08-24 22:00:00,2050-08-24,151.19,nan,55.21,49.53,64.99
2050-08-24 19:00:00,2050-08-24 23:00:00,2050-08-24,71.82,nan,26.26,22.3,31.33
2050-08-24 20:00:00,2050-08-25 00:00:00,2050-08-24,43.72,nan,15.91,13.27,19.04
2050-08-24 21:00:00,2050-08-25 01:00:00,2050-08-24,39.83,nan,14.37,11.9,17.32
2050-08-24 22:00:00,2050-08-25 02:00:00,2050-08-24,35.73,nan,12.71,10.38,15.51
2050-08-24 23:00:00,2050-08-25 03:00:00,2050-08-24,32.72,nan,11.51,9.31,14.11
2050-08-25 00:00:00,2050-08-25 04:00:00,2050-08-25,30.32,nan,10.55,8.45,12.94
2050-08-25 01:00:00,2050-08-25 05:00:00,2050-08-25,28.8,nan,9.98,7.99,12.28
2050-08-25 02:00:00,2050-08-25 06:00:00,2050-08-25,25.7,nan,8.8,6.97,10.92
2050-08-25 03:00:00,2050-08-25 07:00:00,2050-08-25,24.5,nan,8.27,6.5,10.25
2050-08-25 04:00:00,2050-08-25 08:00:00,2050-08-25,24.33,nan,8.19,6.39,10.06
2050-08-25 05:00:00,2050-08-25 09:00:00,2050-08-25,24.04,nan,7.97,6.15,9.73
2050-08-25 06:00:00,2050-08-25 10:00:00,2050-08-25,21.95,nan,7.21,5.65,8.89
2050-08-25 07:00:00,2050-08-25 11:00:00,2050-08-25,21.85,nan,7.22,5.64,8.97
2050-08-25 08:00:00,2050-08-25 12:00:00,2050-08-25,44.91,nan,15.39,12.24,18.44
2050-08-25 09:00:00,2050-08-25 13:00:00,2050-08-25,99.39,nan,36.21,30.91,43.09
2050-08-25 10:00:00,2050-08-25 14:00:00,2050-08-25,103.42,nan,36.42,31.16,44.01
2050-08-25 11:00:00,2050-08-25 15:00:00,2050-08-25,125.38,nan,44.53,38.67,54.83
2050-08-25 12:00:00,2050-08-25 16:00:00,2050-08-25,183.7,nan,63.17,57.35,77.3
2050-08-25 13:00:00,2050-08-25 17:00:00,2050-08-25,405.0,nan,149.37,144.15,152.96
2050-08-25 14:00:00,2050-08-25 18:00:00,2050-08-25,1124.46,nan,423.3,427.86,383.82
2050-08-25 15:00:00,2050-08-25 19:00:00,2050-08-25,1880.89,nan,712.86,725.13,628.54
2050-08-25 16:00:00,2050-08-25 20:00:00,2050-08-25,2519.08,nan,948.79,969.4,832.04
2050-08-25 17:00:00,2050-08-25 21:00:00,2050-08-25,2799.84,nan,1054.1,1078.22,920.23
2050-08-25 18:00:00,2050-08-25 22:00:00,2050-08-25,2811.13,nan,1057.91,1082.47,924.98
2050-08-25 19:00:00,2050-08-25 23:00:00,2050-08-25,2358.75,nan,890.32,911.49,773.46
2050-08-25 20:00:00,2050-08-26 00:00:00,2050-08-25,1947.24,nan,739.01,756.31,640.63
2050-08-25 21:00:00,2050-08-26 01:00:00,2050-08-25,1618.97,nan,617.34,631.02,535.66
2050-08-25 22:00:00,2050-08-26 02:00:00,2050-08-25,1275.22,nan,489.17,499.38,426.2
2050-08-25 23:00:00,2050-08-26 03:00:00,2050-08-25,1005.06,nan,389.43,396.53,339.64
2050-08-26 00:00:00,2050-08-26 04:00:00,2050-08-26,722.39,nan,282.13,286.07,248.0
2050-08-26 01:00:00,2050-08-26 05:00:00,2050-08-26,493.97,nan,193.35,195.09,172.0
2050-08-26 02:00:00,2050-08-26 06:00:00,2050-08-26,335.23,nan,130.42,130.25,118.25
2050-08-26 03:00:00,2050-08-26 07:00:00,2050-08-26,210.38,nan,79.85,77.65,76.07
2050-08-26 04:00:00,2050-08-26 08:00:00,2050-08-26,125.46,nan,45.32,41.88,47.5
2050-08-26 05:00:00,2050-08-26 09:00:00,2050-08-26,85.7,nan,29.82,26.15,33.38
2050-08-26 06:00:00,2050-08-26 10:00:00,2050-08-26,63.54,nan,21.56,17.96,25.0
2050-08-26 07:00:00,2050-08-26 11:00:00,2050-08-26,63.9,nan,21.46,18.12,24.9
2050-08-26 08:00:00,2050-08-26 12:00:00,2050-08-26,389.4,nan,143.38,143.97,130.97
2050-08-26 09:00:00,2050-08-26 13:00:00,2050-08-26,1385.19,nan,515.9,526.02,457.9
2050-08-26 10:00:00,2050-08-26 14:00:00,2050-08-26,2200.44,nan,823.95,843.68,715.41
2050-08-26 11:00:00,2050-08-26 15:00:00,2050-08-26,3100.48,nan,1160.07,1190.1,1003.69
2050-08-26 12:00:00,2050-08-26 16:00:00,2050-08-26,3886.5,nan,1453.9,1492.71,1257.42
2050-08-26 13:00:00,2050-08-26 17:00:00,2050-08-26,4472.65,nan,1673.7,1719.25,1448.95
2050-08-26 14:00:00,2050-08-26 18:00:00,2050-08-26,5011.25,nan,1872.67,1924.61,1624.6
2050-08-26 15:00:00,2050-08-26 19:00:00,2050-08-26,5454.28,nan,2035.82,2092.66,1770.6
2050-08-26 16:00:00,2050-08-26 20:00:00,2050-08-26,5698.64,nan,2117.78,2177.55,1852.91
2050-08-26 17:00:00,2050-08-26 21:00:00,2050-08-26,5801.4,nan,2155.8,2217.89,1883.57
2050-08-26 18:00:00,2050-08-26 22:00:00,2050-08-26,5692.78,nan,2118.83,2180.17,1850.52
2050-08-26 19:00:00,2050-08-26 23:00:00,2050-08-26,4891.03,nan,1820.81,1874.6,1589.88
2050-08-26 20:00:00,2050-08-27 00:00:00,2050-08-26,3964.35,nan,1478.01,1521.59,1293.64
2050-08-26 21:00:00,2050-08-27 01:00:00,2050-08-26,3345.84,nan,1250.65,1286.74,1096.81
2050-08-26 22:00:00,2050-08-27 02:00:00,2050-08-26,2688.11,nan,1006.79,1035.44,881.64
2050-08-26 23:00:00,2050-08-27 03:00:00,2050-08-26,2076.37,nan,779.21,800.89,684.03
2050-08-27 00:00:00,2050-08-27 04:00:00,2050-08-27,1538.1,nan,578.07,593.27,510.94
2050-08-27 01:00:00,2050-08-27 05:00:00,2050-08-27,1041.73,nan,392.15,401.27,350.59
2050-08-27 02:00:00,2050-08-27 06:00:00,2050-08-27,597.8,nan,225.44,229.07,206.97
2050-08-27 03:00:00,2050-08-27 07:00:00,2050-08-27,257.42,nan,95.84,94.94,93.84
2050-08-27 04:00:00,2050-08-27 08:00:00,2050-08-27,100.7,nan,35.88,33.2,39.7
2050-08-27 05:00:00,2050-08-27 09:00:00,2050-08-27,48.34,nan,16.19,13.57,19.48
2050-08-27 06:00:00,2050-08-27 10:00:00,2050-08-27,28.24,nan,9.0,6.96,10.43
2050-08-27 07:00:00,2050-08-27 11:00:00,2050-08-27,21.73,nan,6.99,5.35,7.86
2050-08-27 08:00:00,2050-08-27 12:00:00,2050-08-27,62.36,nan,21.06,18.57,25.01
2050-08-27 09:00:00,2050-08-27 13:00:00,2050-08-27,376.82,nan,139.48,137.55,135.43
2050-08-27 10:00:00,2050-08-27 14:00:00,2050-08-27,991.85,nan,373.08,378.92,328.12
2050-08-27 11:00:00,2050-08-27 15:00:00,2050-08-27,1761.54,nan,660.6,675.57,575.25
2050-08-27 12:00:00,2050-08-27 16:00:00,2050-08-27,2441.66,nan,914.81,937.72,794.67
2050-08-27 13:00:00,2050-08-27 17:00:00,2050-08-27,2990.77,nan,1120.15,1149.44,973.33
2050-08-27 14:00:00,2050-08-27 18:00:00,2050-08-27,3655.98,nan,1369.55,1406.77,1188.57
2050-08-27 15:00:00,2050-08-27 19:00:00,2050-08-27,4323.17,nan,1620.81,1666.02,1405.21
2050-08-27 16:00:00,2050-08-27 20:00:00,2050-08-27,4823.01,nan,1807.99,1859.46,1567.53
2050-08-27 17:00:00,2050-08-27 21:00:00,2050-08-27,5078.08,nan,1904.46,1959.16,1650.4
2050-08-27 18:00:00,2050-08-27 22:00:00,2050-08-27,5008.78,nan,1879.93,1934.09,1628.59
2050-08-27 19:00:00,2050-08-27 23:00:00,2050-08-27,4197.31,nan,1576.29,1622.96,1363.46
2050-08-27 20:00:00,2050-08-28 00:00:00,2050-08-27,3204.0,nan,1206.03,1241.23,1044.81
2050-08-27 21:00:00,2050-08-28 01:00:00,2050-08-27,2492.62,nan,942.35,968.46,817.94
2050-08-27 22:00:00,2050-08-28 02:00:00,2050-08-27,1864.03,nan,708.73,727.15,616.58
2050-08-27 23:00:00,2050-08-28 03:00:00,2050-08-27,1323.89,nan,508.03,519.85,443.88
2050-08-28 00:00:00,2050-08-28 04:00:00,2050-08-28,864.34,nan,334.82,340.89,296.2
2050-08-28 01:00:00,2050-08-28 05:00:00,2050-08-28,492.0,nan,190.14,191.73,173.41
2050-08-28 02:00:00,2050-08-28 06:00:00,2050-08-28,235.74,nan,88.65,86.82,86.56
2050-08-28 03:00:00,2050-08-28 07:00:00,2050-08-28,121.16,nan,44.07,41.07,46.16
2050-08-28 04:00:00,2050-08-28 08:00:00,2050-08-28,62.72,nan,21.37,18.44,24.66
2050-08-28 05:00:00,2050-08-28 09:00:00,2050-08-28,36.05,nan,11.42,8.98,12.97
2050-08-28 06:00:00,2050-08-28 10:00:00,2050-08-28,25.59,nan,7.97,5.97,8.68
2050-08-28 07:00:00,2050-08-28 11:00:00,2050-08-28,22.51,nan,7.12,5.32,7.71
2050-08-28 08:00:00,2050-08-28 12:00:00,2050-08-28,59.15,nan,19.75,17.33,22.07
2050-08-28 09:00:00,2050-08-28 13:00:00,2050-08-28,448.96,nan,166.56,165.6,158.11
2050-08-28 10:00:00,2050-08-28 14:00:00,2050-08-28,1343.21,nan,505.46,516.66,440.02
2050-08-28 11:00:00,2050-08-28 15:00:00,2050-08-28,2324.61,nan,871.25,893.48,754.65
2050-08-28 12:00:00,2050-08-28 16:00:00,2050-08-28,3170.81,nan,1186.34,1218.08,1027.19
2050-08-28 13:00:00,2050-08-28 17:00:00,2050-08-28,3812.22,nan,1424.97,1463.83,1235.11
2050-08-28 14:00:00,2050-08-28 18:00:00,2050-08-28,4489.58,nan,1675.62,1722.36,1453.13
2050-08-28 15:00:00,2050-08-28 19:00:00,2050-08-28,5130.16,nan,1914.27,1968.61,1660.31
2050-08-28 16:00:00,2050-08-28 20:00:00,2050-08-28,5616.5,nan,2098.88,2159.12,1819.39
2050-08-28 17:00:00,2050-08-28 21:00:00,2050-08-28,5905.63,nan,2209.23,2273.52,1914.6
2050-08-28 18:00:00,2050-08-28 22:00:00,2050-08-28,5873.68,nan,2198.95,2263.44,1905.6
2050-08-28 19:00:00,2050-08-28 23:00:00,2050-08-28,5070.92,nan,1899.23,1956.09,1644.32
2050-08-28 20:00:00,2050-08-29 00:00:00,2050-08-28,4060.74,nan,1522.24,1567.79,1322.53
2050-08-28 21:00:00,2050-08-29 01:00:00,2050-08-28,3316.05,nan,1245.38,1281.56,1083.95
2050-08-28 22:00:00,2050-08-29 02:00:00,2050-08-28,2655.36,nan,998.75,1026.72,871.66
2050-08-28 23:00:00,2050-08-29 03:00:00,2050-08-28,2082.33,nan,785.53,806.72,687.86
2050-08-29 00:00:00,2050-08-29 04:00:00,2050-08-29,1597.31,nan,604.32,619.59,531.9
2050-08-29 01:00:00,2050-08-29 05:00:00,2050-08-29,1183.5,nan,449.53,459.95,398.1
2050-08-29 02:00:00,2050-08-29 06:00:00,2050-08-29,829.31,nan,315.88,322.15,283.15
2050-08-29 03:00:00,2050-08-29 07:00:00,2050-08-29,527.75,nan,200.07,202.6,183.85
2050-08-29 04:00:00,2050-08-29 08:00:00,2050-08-29,298.72,nan,111.26,110.67,106.79
2050-08-29 05:00:00,2050-08-29 09:00:00,2050-08-29,162.32,nan,57.96,55.63,58.88
2050-08-29 06:00:00,2050-08-29 10:00:00,2050-08-29,97.1,nan,33.1,30.21,35.41
2050-08-29 07:00:00,2050-08-29 11:00:00,2050-08-29,81.13,nan,27.09,24.35,29.11
2050-08-29 08:00:00,2050-08-29 12:00:00,2050-08-29,320.47,nan,114.7,114.17,109.69
2050-08-29 09:00:00,2050-08-29 13:00:00,2050-08-29,1443.01,nan,537.8,549.82,473.46
2050-08-29 10:00:00,2050-08-29 14:00:00,2050-08-29,2566.71,nan,959.0,984.06,831.34
2050-08-29 11:00:00,2050-08-29 15:00:00,2050-08-29,3685.49,nan,1377.22,1415.24,1190.19
2050-08-29 12:00:00,2050-08-29 16:00:00,2050-08-29,4660.5,nan,1741.76,1790.83,1504.52
2050-08-29 13:00:00,2050-08-29 17:00:00,2050-08-29,5436.01,nan,2032.18,2090.22,1756.81
2050-08-29 14:00:00,2050-08-29 18:00:00,2050-08-29,6240.78,nan,2333.43,2400.94,2017.43
2050-08-29 15:00:00,2050-08-29 19:00:00,2050-08-29,6966.04,nan,2605.45,2681.28,2252.12
2050-08-29 16:00:00,2050-08-29 20:00:00,2050-08-29,7505.98,nan,2808.79,2891.38,2429.16
2050-08-29 17:00:00,2050-08-29 21:00:00,2050-08-29,7774.88,nan,2909.26,2995.4,2519.32
2050-08-29 18:00:00,2050-08-29 22:00:00,2050-08-29,7650.5,nan,2861.04,2946.57,2481.8
2050-08-29 19:00:00,2050-08-29 23:00:00,2050-08-29,6635.94,nan,2480.76,2556.12,2151.89
2050-08-29 20:00:00,2050-08-30 00:00:00,2050-08-29,5467.1,nan,2044.48,2106.48,1777.18
2050-08-29 21:00:00,2050-08-30 01:00:00,2050-08-29,4597.44,nan,1719.76,1771.04,1498.06
2050-08-29 22:00:00,2050-08-30 02:00:00,2050-08-29,3847.14,nan,1440.37,1482.68,1256.89
2050-08-29 23:00:00,2050-08-30 03:00:00,2050-08-29,3231.08,nan,1211.31,1246.24,1059.19
2050-08-30 00:00:00,2050-08-30 04:00:00,2050-08-30,2703.99,nan,1014.75,1043.04,889.37
2050-08-30 01:00:00,2050-08-30 05:00:00,2050-08-30,2245.8,nan,842.22,865.29,740.8
2050-08-30 02:00:00,2050-08-30 06:00:00,2050-08-30,1838.88,nan,691.29,709.66,609.28
2050-08-30 03:00:00,2050-08-30 07:00:00,2050-08-30,1440.31,nan,541.33,555.13,477.97
2050-08-30 04:00:00,2050-08-30 08:00:00,2050-08-30,1103.17,nan,413.77,423.68,368.5
2050-08-30 05:00:00,2050-08-30 09:00:00,2050-08-30,810.59,nan,302.12,308.66,272.63
2050-08-30 06:00:00,2050-08-30 10:00:00,2050-08-30,590.6,nan,217.17,221.06,199.84
2050-08-30 07:00:00,2050-08-30 11:00:00,2050-08-30,549.46,nan,200.75,204.06,184.38
2050-08-30 08:00:00,2050-08-30 12:00:00,2050-08-30,1216.11,nan,450.37,461.4,395.55
2050-08-30 09:00:00,2050-08-30 13:00:00,2050-08-30,2459.7,nan,917.79,941.65,797.63
2050-08-30 10:00:00,2050-08-30 14:00:00,2050-08-30,3501.01,nan,1308.67,1344.77,1129.95
2050-08-30 11:00:00,2050-08-30 15:00:00,2050-08-30,4557.1,nan,1703.17,1751.36,1467.86
2050-08-30 12:00:00,2050-08-30 16:00:00,2050-08-30,5501.43,nan,2056.12,2115.15,1772.47
2050-08-30 13:00:00,2050-08-30 17:00:00,2050-08-30,6249.47,nan,2335.34,2402.79,2015.29
2050-08-30 14:00:00,2050-08-30 18:00:00,2050-08-30,7001.64,nan,2615.48,2691.29,2258.16
2050-08-30 15:00:00,2050-08-30 19:00:00,2050-08-30,7621.63,nan,2848.51,2932.99,2461.59
2050-08-30 16:00:00,2050-08-30 20:00:00,2050-08-30,8067.49,nan,3016.86,3106.23,2607.21
2050-08-30 17:00:00,2050-08-30 21:00:00,2050-08-30,8257.96,nan,3090.93,3183.04,2672.51
2050-08-30 18:00:00,2050-08-30 22:00:00,2050-08-30,8061.85,nan,3019.54,3110.24,2611.9
2050-08-30 19:00:00,2050-08-30 23:00:00,2050-08-30,7055.79,nan,2645.4,2726.05,2286.52
2050-08-30 20:00:00,2050-08-31 00:00:00,2050-08-30,5907.12,nan,2217.13,2284.74,1920.07
2050-08-30 21:00:00,2050-08-31 01:00:00,2050-08-30,5058.68,nan,1901.19,1958.23,1648.64
2050-08-30 22:00:00,2050-08-31 02:00:00,2050-08-30,4349.14,nan,1638.72,1687.38,1421.95
2050-08-30 23:00:00,2050-08-31 03:00:00,2050-08-30,3753.63,nan,1418.37,1460.08,1230.23
2050-08-31 00:00:00,2050-08-31 04:00:00,2050-08-31,3231.43,nan,1223.48,1259.09,1062.13
2050-08-31 01:00:00,2050-08-31 05:00:00,2050-08-31,2764.05,nan,1047.73,1077.89,909.47
2050-08-31 02:00:00,2050-08-31 06:00:00,2050-08-31,2341.26,nan,887.12,911.97,770.79
2050-08-31 03:00:00,2050-08-31 07:00:00,2050-08-31,1930.61,nan,730.8,750.85,636.8
2050-08-31 04:00:00,2050-08-31 08:00:00,2050-08-31,1561.82,nan,590.63,606.19,516.58
2050-08-31 05:00:00,2050-08-31 09:00:00,2050-08-31,1226.78,nan,463.79,475.25,407.5
2050-08-31 06:00:00,2050-08-31 10:00:00,2050-08-31,918.11,nan,346.24,354.07,307.12
2050-08-31 07:00:00,2050-08-31 11:00:00,2050-08-31,796.98,nan,298.04,304.71,265.04
2050-08-31 08:00:00,2050-08-31 12:00:00,2050-08-31,1450.86,nan,540.46,554.22,470.69
2050-08-31 09:00:00,2050-08-31 13:00:00,2050-08-31,2654.3,nan,992.06,1018.09,859.93
2050-08-31 10:00:00,2050-08-31 14:00:00,2050-08-31,3693.24,nan,1381.61,1419.82,1191.18
2050-08-31 11:00:00,2050-08-31 15:00:00,2050-08-31,4715.29,nan,1762.38,1812.21,1518.34
2050-08-31 12:00:00,2050-08-31 16:00:00,2050-08-31,5650.31,nan,2109.9,2170.64,1819.19
2050-08-31 13:00:00,2050-08-31 17:00:00,2050-08-31,6390.8,nan,2385.01,2453.94,2058.99
2050-08-31 14:00:00,2050-08-31 18:00:00,2050-08-31,7119.37,nan,2656.18,2733.31,2294.9
2050-08-31 15:00:00,2050-08-31 19:00:00,2050-08-31,7781.79,nan,2903.22,2988.36,2508.67
2050-08-31 16:00:00,2050-08-31 20:00:00,2050-08-31,8249.47,nan,3080.86,3172.23,2662.66
2050-08-31 17:00:00,2050-08-31 21:00:00,2050-08-31,8471.53,nan,3168.12,3262.04,2738.18
2050-08-31 18:00:00,2050-08-31 22:00:00,2050-08-31,8298.27,nan,3105.72,3198.25,2686.26
2050-08-31 19:00:00,2050-08-31 23:00:00,2050-08-31,7289.74,nan,2729.57,2811.88,2362.11
2050-08-31 20:00:00,2050-09-01 00:00:00,2050-08-31,5676.35,nan,2126.37,2192.38,1847.88
2050-08-31 21:00:00,2050-09-01 01:00:00,2050-08-31,4895.09,nan,1837.3,1893.65,1597.86
2050-08-31 22:00:00,2050-09-01 02:00:00,2050-08-31,4234.97,nan,1593.97,1642.05,1386.45
2050-08-31 23:00:00,2050-09-01 03:00:00,2050-08-31,3675.77,nan,1386.95,1427.81,1207.17
2050-09-01 00:00:00,2050-09-01 04:00:00,2050-09-01,3220.99,nan,1218.23,1253.64,1060.3
2050-09-01 01:00:00,2050-09-01 05:00:00,2050-09-01,2862.6,nan,1085.59,1116.72,943.68
2050-09-01 02:00:00,2050-09-01 06:00:00,2050-09-01,2510.11,nan,954.43,981.36,829.38
2050-09-01 03:00:00,2050-09-01 07:00:00,2050-09-01,2167.39,nan,825.77,848.46,718.56
2050-09-01 04:00:00,2050-09-01 08:00:00,2050-09-01,1842.27,nan,702.26,721.41,612.25
2050-09-01 05:00:00,2050-09-01 09:00:00,2050-09-01,1538.39,nan,587.49,602.76,513.77
2050-09-01 06:00:00,2050-09-01 10:00:00,2050-09-01,1256.37,nan,480.88,493.03,421.89
2050-09-01 07:00:00,2050-09-01 11:00:00,2050-09-01,1117.43,nan,426.9,437.23,373.72
2050-09-01 08:00:00,2050-09-01 12:00:00,2050-09-01,1783.09,nan,672.45,690.44,583.61
2050-09-01 09:00:00,2050-09-01 13:00:00,2050-09-01,2967.57,nan,1112.61,1142.98,967.13
2050-09-01 10:00:00,2050-09-01 14:00:00,2050-09-01,4072.0,nan,1526.36,1570.27,1321.46
2050-09-01 11:00:00,2050-09-01 15:00:00,2050-09-01,5192.86,nan,1943.99,2001.4,1683.52
2050-09-01 12:00:00,2050-09-01 16:00:00,2050-09-01,6178.92,nan,2308.94,2378.84,2003.14
2050-09-01 13:00:00,2050-09-01 17:00:00,2050-09-01,6927.61,nan,2587.38,2666.39,2247.6
2050-09-01 14:00:00,2050-09-01 18:00:00,2050-09-01,7651.04,nan,2855.25,2942.65,2482.62
2050-09-01 15:00:00,2050-09-01 19:00:00,2050-09-01,8267.87,nan,3085.1,3179.82,2681.87
2050-09-01 16:00:00,2050-09-01 20:00:00,2050-09-01,8637.65,nan,3223.24,3322.37,2802.62
2050-09-01 17:00:00,2050-09-01 21:00:00,2050-09-01,8628.27,nan,3216.27,3315.93,2800.65
2050-09-01 18:00:00,2050-09-01 22:00:00,2050-09-01,8196.07,nan,3057.83,3152.46,2663.56
2050-09-01 19:00:00,2050-09-01 23:00:00,2050-09-01,6954.88,nan,2597.01,2677.91,2261.21
2050-09-01 20:00:00,2050-09-02 00:00:00,2050-09-01,5755.7,nan,2153.45,2220.19,1875.94
2050-09-01 21:00:00,2050-09-02 01:00:00,2050-09-01,4966.39,nan,1860.25,1917.21,1624.21
2050-09-01 22:00:00,2050-09-02 02:00:00,2050-09-01,4308.11,nan,1612.42,1661.41,1411.51
2050-09-01 23:00:00,2050-09-02 03:00:00,2050-09-01,3758.64,nan,1406.11,1448.29,1232.83
2050-09-02 00:00:00,2050-09-02 04:00:00,2050-09-02,3312.88,nan,1237.81,1274.5,1087.39
2050-09-02 01:00:00,2050-09-02 05:00:00,2050-09-02,2940.36,nan,1096.76,1128.83,965.76
2050-09-02 02:00:00,2050-09-02 06:00:00,2050-09-02,2605.8,nan,970.11,998.03,856.56
2050-09-02 03:00:00,2050-09-02 07:00:00,2050-09-02,2289.31,nan,850.12,874.25,753.87
2050-09-02 04:00:00,2050-09-02 08:00:00,2050-09-02,1988.63,nan,737.56,758.11,655.96
2050-09-02 05:00:00,2050-09-02 09:00:00,2050-09-02,1702.11,nan,630.02,647.21,563.01
2050-09-02 06:00:00,2050-09-02 10:00:00,2050-09-02,1446.85,nan,533.47,547.39,479.66
2050-09-02 07:00:00,2050-09-02 11:00:00,2050-09-02,1341.55,nan,492.51,504.92,442.34
2050-09-02 08:00:00,2050-09-02 12:00:00,2050-09-02,2015.67,nan,743.2,763.49,653.68
2050-09-02 09:00:00,2050-09-02 13:00:00,2050-09-02,3054.37,nan,1131.17,1162.08,990.3
2050-09-02 10:00:00,2050-09-02 14:00:00,2050-09-02,3914.19,nan,1453.83,1495.02,1266.67
2050-09-02 11:00:00,2050-09-02 15:00:00,2050-09-02,4787.45,nan,1780.29,1832.2,1549.28
2050-09-02 12:00:00,2050-09-02 16:00:00,2050-09-02,5542.94,nan,2061.96,2123.34,1794.59
2050-09-02 13:00:00,2050-09-02 17:00:00,2050-09-02,6103.58,nan,2273.16,2341.4,1979.26
2050-09-02 14:00:00,2050-09-02 18:00:00,2050-09-02,6662.04,nan,2483.61,2558.62,2162.86
2050-09-02 15:00:00,2050-09-02 19:00:00,2050-09-02,7130.55,nan,2661.05,2741.88,2316.43
2050-09-02 16:00:00,2050-09-02 20:00:00,2050-09-02,7354.36,nan,2745.38,2829.27,2391.0
2050-09-02 17:00:00,2050-09-02 21:00:00,2050-09-02,7269.52,nan,2715.43,2798.33,2365.14
2050-09-02 18:00:00,2050-09-02 22:00:00,2050-09-02,6857.19,nan,2563.98,2642.0,2232.57
2050-09-02 19:00:00,2050-09-02 23:00:00,2050-09-02,5711.76,nan,2138.4,2204.08,1860.6
2050-09-02 20:00:00,2050-09-03 00:00:00,2050-09-02,4638.0,nan,1738.78,1791.95,1515.15
2050-09-02 21:00:00,2050-09-03 01:00:00,2050-09-02,3935.09,nan,1477.28,1521.73,1288.84
2050-09-02 22:00:00,2050-09-03 02:00:00,2050-09-02,3354.45,nan,1261.01,1298.2,1102.03
2050-09-02 23:00:00,2050-09-03 03:00:00,2050-09-02,2877.68,nan,1082.4,1113.68,948.44
2050-09-03 00:00:00,2050-09-03 04:00:00,2050-09-03,2478.8,nan,933.22,959.4,820.05
2050-09-03 01:00:00,2050-09-03 05:00:00,2050-09-03,2147.39,nan,809.22,831.15,713.55
2050-09-03 02:00:00,2050-09-03 06:00:00,2050-09-03,1864.76,nan,703.7,722.09,622.4
2050-09-03 03:00:00,2050-09-03 07:00:00,2050-09-03,1624.84,nan,614.29,629.84,544.77
2050-09-03 04:00:00,2050-09-03 08:00:00,2050-09-03,1385.65,nan,524.01,536.93,467.04
2050-09-03 05:00:00,2050-09-03 09:00:00,2050-09-03,1166.45,nan,442.2,452.41,395.37
2050-09-03 06:00:00,2050-09-03 10:00:00,2050-09-03,982.86,nan,373.13,381.18,334.95
2050-09-03 07:00:00,2050-09-03 11:00:00,2050-09-03,908.1,nan,343.4,350.45,308.36
2050-09-03 08:00:00,2050-09-03 12:00:00,2050-09-03,1366.79,nan,508.08,519.7,451.78
2050-09-03 09:00:00,2050-09-03 13:00:00,2050-09-03,2191.23,nan,815.21,834.82,719.57
2050-09-03 10:00:00,2050-09-03 14:00:00,2050-09-03,2882.98,nan,1072.01,1100.07,939.61
2050-09-03 11:00:00,2050-09-03 15:00:00,2050-09-03,3663.42,nan,1369.77,1407.34,1193.24
2050-09-03 12:00:00,2050-09-03 16:00:00,2050-09-03,4179.72,nan,1560.01,1604.31,1363.16
2050-09-03 13:00:00,2050-09-03 17:00:00,2050-09-03,4613.54,nan,1724.68,1773.84,1505.1
2050-09-03 14:00:00,2050-09-03 18:00:00,2050-09-03,5025.54,nan,1882.65,1934.77,1641.57
2050-09-03 15:00:00,2050-09-03 19:00:00,2050-09-03,5037.68,nan,1891.48,1943.9,1650.35
2050-09-03 16:00:00,2050-09-03 20:00:00,2050-09-03,4819.08,nan,1809.29,1858.74,1582.11
2050-09-03 17:00:00,2050-09-03 21:00:00,2050-09-03,4523.09,nan,1697.74,1743.5,1486.92
2050-09-03 18:00:00,2050-09-03 22:00:00,2050-09-03,4202.21,nan,1578.6,1621.0,1380.53
2050-09-03 19:00:00,2050-09-03 23:00:00,2050-09-03,3476.18,nan,1307.24,1342.9,1140.52
2050-09-03 20:00:00,2050-09-04 00:00:00,2050-09-03,2926.46,nan,1098.84,1129.07,960.52
2050-09-03 21:00:00,2050-09-04 01:00:00,2050-09-03,2718.88,nan,1020.32,1047.52,893.63
2050-09-03 22:00:00,2050-09-04 02:00:00,2050-09-03,2475.11,nan,927.57,951.9,813.9
2050-09-03 23:00:00,2050-09-04 03:00:00,2050-09-03,2271.67,nan,849.01,870.77,747.06
2050-09-04 00:00:00,2050-09-04 04:00:00,2050-09-04,2108.19,nan,787.05,806.69,693.73
2050-09-04 01:00:00,2050-09-04 05:00:00,2050-09-04,1958.08,nan,730.04,748.09,644.17
2050-09-04 02:00:00,2050-09-04 06:00:00,2050-09-04,1800.27,nan,670.04,686.24,593.05
2050-09-04 03:00:00,2050-09-04 07:00:00,2050-09-04,1602.33,nan,594.77,608.7,528.82
2050-09-04 04:00:00,2050-09-04 08:00:00,2050-09-04,1303.73,nan,480.65,490.98,429.82
2050-09-04 05:00:00,2050-09-04 09:00:00,2050-09-04,1014.94,nan,372.3,379.03,336.44
2050-09-04 06:00:00,2050-09-04 10:00:00,2050-09-04,661.04,nan,240.8,244.24,220.43
2050-09-04 07:00:00,2050-09-04 11:00:00,2050-09-04,454.35,nan,163.19,164.67,152.39
2050-09-04 08:00:00,2050-09-04 12:00:00,2050-09-04,947.27,nan,347.42,354.64,307.22
2050-09-04 09:00:00,2050-09-04 13:00:00,2050-09-04,1869.06,nan,693.02,709.72,606.71
2050-09-04 10:00:00,2050-09-04 14:00:00,2050-09-04,2656.89,nan,989.51,1015.31,859.46
2050-09-04 11:00:00,2050-09-04 15:00:00,2050-09-04,3429.37,nan,1278.99,1313.7,1108.45
2050-09-04 12:00:00,2050-09-04 16:00:00,2050-09-04,4099.89,nan,1531.54,1573.91,1325.75
2050-09-04 13:00:00,2050-09-04 17:00:00,2050-09-04,4538.26,nan,1696.43,1744.13,1470.04
2050-09-04 14:00:00,2050-09-04 18:00:00,2050-09-04,5067.07,nan,1894.73,1948.29,1641.94
2050-09-04 15:00:00,2050-09-04 19:00:00,2050-09-04,5608.36,nan,2098.73,2158.75,1817.59
2050-09-04 16:00:00,2050-09-04 20:00:00,2050-09-04,5955.82,nan,2228.14,2292.49,1930.67
2050-09-04 17:00:00,2050-09-04 21:00:00,2050-09-04,6039.63,nan,2262.1,2327.59,1958.23
2050-09-04 18:00:00,2050-09-04 22:00:00,2050-09-04,5801.83,nan,2175.22,2238.2,1881.46
2050-09-04 19:00:00,2050-09-04 23:00:00,2050-09-04,4779.66,nan,1795.22,1847.41,1550.49
2050-09-04 20:00:00,2050-09-05 00:00:00,2050-09-04,3717.32,nan,1400.27,1440.25,1210.55
2050-09-04 21:00:00,2050-09-05 01:00:00,2050-09-04,2908.81,nan,1098.52,1129.48,951.39
2050-09-04 22:00:00,2050-09-05 02:00:00,2050-09-04,2213.6,nan,839.77,862.95,728.58
2050-09-04 23:00:00,2050-09-05 03:00:00,2050-09-04,1550.17,nan,593.2,608.91,514.48
2050-09-05 00:00:00,2050-09-05 04:00:00,2050-09-05,879.73,nan,338.25,345.87,298.57
2050-09-05 01:00:00,2050-09-05 05:00:00,2050-09-05,376.92,nan,145.98,147.15,132.24
2050-09-05 02:00:00,2050-09-05 06:00:00,2050-09-05,122.75,nan,45.33,43.24,46.23
2050-09-05 03:00:00,2050-09-05 07:00:00,2050-09-05,51.08,nan,17.41,15.31,19.44
2050-09-05 04:00:00,2050-09-05 08:00:00,2050-09-05,27.35,nan,8.68,6.86,9.76
2050-09-05 05:00:00,2050-09-05 09:00:00,2050-09-05,23.58,nan,7.26,5.8,7.37
2050-09-05 06:00:00,2050-09-05 10:00:00,2050-09-05,92.77,nan,31.23,30.29,24.46
2050-09-05 07:00:00,2050-09-05 11:00:00,2050-09-05,186.23,nan,63.27,63.3,51.57
2050-09-05 08:00:00,2050-09-05 12:00:00,2050-09-05,47.27,nan,16.52,14.69,15.14
2050-09-05 09:00:00,2050-09-05 13:00:00,2050-09-05,194.18,nan,72.45,71.52,71.8
2050-09-05 10:00:00,2050-09-05 14:00:00,2050-09-05,418.45,nan,156.47,155.48,146.01
2050-09-05 11:00:00,2050-09-05 15:00:00,2050-09-05,1114.69,nan,425.52,433.01,368.52
2050-09-05 12:00:00,2050-09-05 16:00:00,2050-09-05,1883.74,nan,712.93,729.92,618.1
2050-09-05 13:00:00,2050-09-05 17:00:00,2050-09-05,2505.33,nan,944.71,969.09,821.38
2050-09-05 14:00:00,2050-09-05 18:00:00,2050-09-05,3188.0,nan,1199.81,1232.14,1042.76
2050-09-05 15:00:00,2050-09-05 19:00:00,2050-09-05,3836.2,nan,1443.76,1483.88,1252.31
2050-09-05 16:00:00,2050-09-05 20:00:00,2050-09-05,4201.77,nan,1579.75,1624.46,1372.53
2050-09-05 17:00:00,2050-09-05 21:00:00,2050-09-05,4197.15,nan,1574.11,1619.54,1370.24
2050-09-05 18:00:00,2050-09-05 22:00:00,2050-09-05,3949.76,nan,1483.33,1525.76,1289.3
2050-09-05 19:00:00,2050-09-05 23:00:00,2050-09-05,2927.15,nan,1103.26,1134.81,956.99
2050-09-05 20:00:00,2050-09-06 00:00:00,2050-09-05,1990.94,nan,755.09,775.76,655.95
2050-09-05 21:00:00,2050-09-06 01:00:00,2050-09-05,1391.49,nan,531.79,544.96,463.65
2050-09-05 22:00:00,2050-09-06 02:00:00,2050-09-05,893.76,nan,345.34,351.88,302.46
2050-09-05 23:00:00,2050-09-06 03:00:00,2050-09-05,523.64,nan,203.15,205.12,180.03
2050-09-06 00:00:00,2050-09-06 04:00:00,2050-09-06,268.67,nan,101.37,100.0,96.05
2050-09-06 01:00:00,2050-09-06 05:00:00,2050-09-06,139.52,nan,50.37,47.55,51.13
2050-09-06 02:00:00,2050-09-06 06:00:00,2050-09-06,67.92,nan,22.66,19.87,24.83
2050-09-06 03:00:00,2050-09-06 07:00:00,2050-09-06,34.48,nan,10.51,8.12,11.68
2050-09-06 04:00:00,2050-09-06 08:00:00,2050-09-06,24.57,nan,7.25,5.21,7.57
2050-09-06 05:00:00,2050-09-06 09:00:00,2050-09-06,17.48,nan,5.08,3.56,5.44
2050-09-06 06:00:00,2050-09-06 10:00:00,2050-09-06,23.07,nan,7.56,6.41,6.72
2050-09-06 07:00:00,2050-09-06 11:00:00,2050-09-06,57.24,nan,21.38,20.62,16.56
2050-09-06 08:00:00,2050-09-06 12:00:00,2050-09-06,23.7,nan,7.83,6.06,8.81
2050-09-06 09:00:00,2050-09-06 13:00:00,2050-09-06,123.56,nan,43.02,39.71,46.99
2050-09-06 10:00:00,2050-09-06 14:00:00,2050-09-06,458.62,nan,166.76,165.95,159.2
2050-09-06 11:00:00,2050-09-06 15:00:00,2050-09-06,1419.77,nan,528.47,539.06,461.2
2050-09-06 12:00:00,2050-09-06 16:00:00,2050-09-06,2544.24,nan,952.16,976.4,826.43
2050-09-06 13:00:00,2050-09-06 17:00:00,2050-09-06,3411.89,nan,1278.49,1312.92,1111.91
2050-09-06 14:00:00,2050-09-06 18:00:00,2050-09-06,4186.94,nan,1567.22,1611.09,1365.95
2050-09-06 15:00:00,2050-09-06 19:00:00,2050-09-06,4824.69,nan,1807.4,1859.15,1573.15
2050-09-06 16:00:00,2050-09-06 20:00:00,2050-09-06,5231.42,nan,1958.05,2015.16,1706.92
2050-09-06 17:00:00,2050-09-06 21:00:00,2050-09-06,5278.38,nan,1971.8,2030.13,1720.15
2050-09-06 18:00:00,2050-09-06 22:00:00,2050-09-06,4967.48,nan,1858.24,1913.14,1619.04
2050-09-06 19:00:00,2050-09-06 23:00:00,2050-09-06,3847.98,nan,1441.59,1484.03,1254.07
2050-09-06 20:00:00,2050-09-07 00:00:00,2050-09-06,2868.39,nan,1078.69,1109.99,939.14
2050-09-06 21:00:00,2050-09-07 01:00:00,2050-09-06,2234.41,nan,843.13,866.46,735.31
2050-09-06 22:00:00,2050-09-07 02:00:00,2050-09-06,1717.55,nan,650.93,667.81,569.29
2050-09-06 23:00:00,2050-09-07 03:00:00,2050-09-06,1277.97,nan,486.54,497.81,427.68
2050-09-07 00:00:00,2050-09-07 04:00:00,2050-09-07,894.92,nan,342.15,348.52,303.76
2050-09-07 01:00:00,2050-09-07 05:00:00,2050-09-07,558.51,nan,213.33,215.5,193.32
2050-09-07 02:00:00,2050-09-07 06:00:00,2050-09-07,311.13,nan,116.74,115.85,110.23
2050-09-07 03:00:00,2050-09-07 07:00:00,2050-09-07,166.99,nan,60.4,57.87,61.39
2050-09-07 04:00:00,2050-09-07 08:00:00,2050-09-07,101.6,nan,35.79,32.84,37.91
2050-09-07 05:00:00,2050-09-07 09:00:00,2050-09-07,62.09,nan,20.63,17.7,23.15
2050-09-07 06:00:00,2050-09-07 10:00:00,2050-09-07,41.53,nan,12.88,10.04,14.68
2050-09-07 07:00:00,2050-09-07 11:00:00,2050-09-07,33.9,nan,10.16,7.6,11.1
2050-09-07 08:00:00,2050-09-07 12:00:00,2050-09-07,145.02,nan,52.17,49.43,52.1
2050-09-07 09:00:00,2050-09-07 13:00:00,2050-09-07,797.94,nan,301.59,304.35,267.21
2050-09-07 10:00:00,2050-09-07 14:00:00,2050-09-07,1804.87,nan,675.8,691.05,589.17
2050-09-07 11:00:00,2050-09-07 15:00:00,2050-09-07,2733.47,nan,1020.42,1046.87,888.1
2050-09-07 12:00:00,2050-09-07 16:00:00,2050-09-07,3470.28,nan,1293.68,1329.38,1125.71
2050-09-07 13:00:00,2050-09-07 17:00:00,2050-09-07,4034.34,nan,1505.18,1547.74,1310.99
2050-09-07 14:00:00,2050-09-07 18:00:00,2050-09-07,4666.64,nan,1744.32,1794.32,1517.51
2050-09-07 15:00:00,2050-09-07 19:00:00,2050-09-07,5200.04,nan,1943.98,2000.87,1691.08
2050-09-07 16:00:00,2050-09-07 20:00:00,2050-09-07,5543.57,nan,2074.43,2135.61,1803.31
2050-09-07 17:00:00,2050-09-07 21:00:00,2050-09-07,5607.57,nan,2099.98,2162.15,1825.17
2050-09-07 18:00:00,2050-09-07 22:00:00,2050-09-07,5304.74,nan,1988.51,2047.4,1726.94
2050-09-07 19:00:00,2050-09-07 23:00:00,2050-09-07,4212.46,nan,1582.13,1629.18,1373.03
2050-09-07 20:00:00,2050-09-08 00:00:00,2050-09-07,3287.3,nan,1236.95,1273.32,1074.91
2050-09-07 21:00:00,2050-09-08 01:00:00,2050-09-07,2687.91,nan,1012.88,1041.9,882.22
2050-09-07 22:00:00,2050-09-08 02:00:00,2050-09-07,2185.51,nan,824.64,847.39,720.14
2050-09-07 23:00:00,2050-09-08 03:00:00,2050-09-07,1790.46,nan,676.18,693.92,592.96
2050-09-08 00:00:00,2050-09-08 04:00:00,2050-09-08,1465.22,nan,553.87,567.37,487.75
2050-09-08 01:00:00,2050-09-08 05:00:00,2050-09-08,1184.1,nan,447.42,457.28,396.53
2050-09-08 02:00:00,2050-09-08 06:00:00,2050-09-08,921.5,nan,347.18,353.67,310.65
2050-09-08 03:00:00,2050-09-08 07:00:00,2050-09-08,668.84,nan,250.3,253.7,228.19
2050-09-08 04:00:00,2050-09-08 08:00:00,2050-09-08,456.47,nan,169.13,169.87,158.41
2050-09-08 05:00:00,2050-09-08 09:00:00,2050-09-08,326.96,nan,119.28,118.48,114.84
2050-09-08 06:00:00,2050-09-08 10:00:00,2050-09-08,232.84,nan,82.31,79.99,82.81
2050-09-08 07:00:00,2050-09-08 11:00:00,2050-09-08,220.79,nan,76.38,73.9,77.62
2050-09-08 08:00:00,2050-09-08 12:00:00,2050-09-08,401.6,nan,140.08,138.62,136.08
2050-09-08 09:00:00,2050-09-08 13:00:00,2050-09-08,781.29,nan,282.17,284.07,262.94
2050-09-08 10:00:00,2050-09-08 14:00:00,2050-09-08,845.0,nan,306.24,308.97,283.25
2050-09-08 11:00:00,2050-09-08 15:00:00,2050-09-08,1562.63,nan,589.84,603.02,516.25
2050-09-08 12:00:00,2050-09-08 16:00:00,2050-09-08,2453.7,nan,925.97,949.85,803.91
2050-09-08 13:00:00,2050-09-08 17:00:00,2050-09-08,3208.76,nan,1209.7,1242.7,1049.67
2050-09-08 14:00:00,2050-09-08 18:00:00,2050-09-08,4049.96,nan,1521.76,1565.36,1322.95
2050-09-08 15:00:00,2050-09-08 19:00:00,2050-09-08,4850.32,nan,1822.65,1876.71,1578.86
2050-09-08 16:00:00,2050-09-08 20:00:00,2050-09-08,5509.93,nan,2074.03,2136.78,1792.35
2050-09-08 17:00:00,2050-09-08 21:00:00,2050-09-08,5905.15,nan,2226.24,2294.29,1918.8
2050-09-08 18:00:00,2050-09-08 22:00:00,2050-09-08,5900.55,nan,2227.39,2295.66,1915.05
2050-09-08 19:00:00,2050-09-08 23:00:00,2050-09-08,4947.56,nan,1875.07,1933.02,1606.21
2050-09-08 20:00:00,2050-09-09 00:00:00,2050-09-08,3942.1,nan,1497.34,1542.97,1280.97
2050-09-08 21:00:00,2050-09-09 01:00:00,2050-09-08,3074.58,nan,1167.41,1201.84,1003.21
2050-09-08 22:00:00,2050-09-09 02:00:00,2050-09-08,2242.37,nan,851.26,875.15,735.77
2050-09-08 23:00:00,2050-09-09 03:00:00,2050-09-08,1495.36,nan,568.2,582.99,495.38
2050-09-09 00:00:00,2050-09-09 04:00:00,2050-09-09,837.79,nan,319.7,326.48,283.79
2050-09-09 01:00:00,2050-09-09 05:00:00,2050-09-09,301.49,nan,114.18,114.03,108.11
2050-09-09 02:00:00,2050-09-09 06:00:00,2050-09-09,94.74,nan,34.2,31.7,37.17
2050-09-09 03:00:00,2050-09-09 07:00:00,2050-09-09,39.66,nan,13.19,11.0,15.81
2050-09-09 04:00:00,2050-09-09 08:00:00,2050-09-09,23.12,nan,7.54,5.9,8.61
2050-09-09 05:00:00,2050-09-09 09:00:00,2050-09-09,16.29,nan,5.27,3.99,6.04
2050-09-09 06:00:00,2050-09-09 10:00:00,2050-09-09,18.75,nan,5.86,4.9,5.97
2050-09-09 07:00:00,2050-09-09 11:00:00,2050-09-09,64.18,nan,23.0,22.23,18.27
2050-09-09 08:00:00,2050-09-09 12:00:00,2050-09-09,22.32,nan,7.56,6.0,8.59
2050-09-09 09:00:00,2050-09-09 13:00:00,2050-09-09,85.89,nan,29.84,26.95,34.89
2050-09-09 10:00:00,2050-09-09 14:00:00,2050-09-09,289.02,nan,107.19,105.42,106.57
2050-09-09 11:00:00,2050-09-09 15:00:00,2050-09-09,731.67,nan,277.83,281.27,247.05
2050-09-09 12:00:00,2050-09-09 16:00:00,2050-09-09,1442.68,nan,546.39,558.17,475.23
2050-09-09 13:00:00,2050-09-09 17:00:00,2050-09-09,1976.75,nan,746.71,764.82,648.09
2050-09-09 14:00:00,2050-09-09 18:00:00,2050-09-09,2481.36,nan,931.94,956.39,808.09
2050-09-09 15:00:00,2050-09-09 19:00:00,2050-09-09,2912.28,nan,1089.26,1117.41,942.55
2050-09-09 16:00:00,2050-09-09 20:00:00,2050-09-09,3280.97,nan,1223.62,1255.71,1065.04
2050-09-09 17:00:00,2050-09-09 21:00:00,2050-09-09,3447.97,nan,1286.19,1319.53,1119.68
2050-09-09 18:00:00,2050-09-09 22:00:00,2050-09-09,3348.5,nan,1250.66,1283.71,1088.18
2050-09-09 19:00:00,2050-09-09 23:00:00,2050-09-09,2451.78,nan,918.29,942.44,797.28
2050-09-09 20:00:00,2050-09-10 00:00:00,2050-09-09,1628.67,nan,610.35,625.73,532.55
2050-09-09 21:00:00,2050-09-10 01:00:00,2050-09-09,1064.67,nan,400.48,409.33,352.92
2050-09-09 22:00:00,2050-09-10 02:00:00,2050-09-09,558.95,nan,211.27,214.36,190.83
2050-09-09 23:00:00,2050-09-10 03:00:00,2050-09-09,206.92,nan,77.25,75.96,75.48
2050-09-10 00:00:00,2050-09-10 04:00:00,2050-09-10,81.25,nan,29.04,26.47,32.38
2050-09-10 01:00:00,2050-09-10 05:00:00,2050-09-10,40.23,nan,13.55,11.26,16.17
2050-09-10 02:00:00,2050-09-10 06:00:00,2050-09-10,25.24,nan,8.2,6.43,9.3
2050-09-10 03:00:00,2050-09-10 07:00:00,2050-09-10,18.49,nan,6.0,4.57,6.67
2050-09-10 04:00:00,2050-09-10 08:00:00,2050-09-10,14.47,nan,4.48,3.27,5.1
2050-09-10 05:00:00,2050-09-10 09:00:00,2050-09-10,16.92,nan,5.2,4.21,5.29
2050-09-10 06:00:00,2050-09-10 10:00:00,2050-09-10,53.87,nan,19.68,18.77,15.63
2050-09-10 07:00:00,2050-09-10 11:00:00,2050-09-10,76.64,nan,28.97,28.34,22.74
2050-09-10 08:00:00,2050-09-10 12:00:00,2050-09-10,44.19,nan,15.68,14.41,14.05
2050-09-10 09:00:00,2050-09-10 13:00:00,2050-09-10,38.83,nan,12.26,9.56,14.0
2050-09-10 10:00:00,2050-09-10 14:00:00,2050-09-10,53.41,nan,16.26,13.52,20.71
2050-09-10 11:00:00,2050-09-10 15:00:00,2050-09-10,109.09,nan,31.94,28.78,42.44
2050-09-10 12:00:00,2050-09-10 16:00:00,2050-09-10,313.64,nan,97.85,95.5,111.43
2050-09-10 13:00:00,2050-09-10 17:00:00,2050-09-10,842.63,nan,292.9,294.24,281.27
2050-09-10 14:00:00,2050-09-10 18:00:00,2050-09-10,1761.59,nan,641.28,653.87,577.89
2050-09-10 15:00:00,2050-09-10 19:00:00,2050-09-10,2601.51,nan,960.31,983.78,850.46
2050-09-10 16:00:00,2050-09-10 20:00:00,2050-09-10,3284.07,nan,1218.98,1251.1,1070.94
2050-09-10 17:00:00,2050-09-10 21:00:00,2050-09-10,3724.03,nan,1386.79,1424.6,1212.35
2050-09-10 18:00:00,2050-09-10 22:00:00,2050-09-10,3785.15,nan,1412.29,1451.39,1230.47
2050-09-10 19:00:00,2050-09-10 23:00:00,2050-09-10,2949.43,nan,1104.16,1134.62,959.9
2050-09-10 20:00:00,2050-09-11 00:00:00,2050-09-10,2172.25,nan,814.55,836.88,708.88
2050-09-10 21:00:00,2050-09-11 01:00:00,2050-09-10,1618.42,nan,607.16,623.32,531.02
2050-09-10 22:00:00,2050-09-11 02:00:00,2050-09-10,1109.81,nan,416.44,426.58,367.43
2050-09-10 23:00:00,2050-09-11 03:00:00,2050-09-10,646.98,nan,243.69,248.25,219.13
2050-09-11 00:00:00,2050-09-11 04:00:00,2050-09-11,262.53,nan,98.52,98.26,94.44
2050-09-11 01:00:00,2050-09-11 05:00:00,2050-09-11,88.53,nan,32.19,29.76,36.35
2050-09-11 02:00:00,2050-09-11 06:00:00,2050-09-11,41.56,nan,14.6,12.39,18.01
2050-09-11 03:00:00,2050-09-11 07:00:00,2050-09-11,24.58,nan,8.35,6.73,10.06
2050-09-11 04:00:00,2050-09-11 08:00:00,2050-09-11,16.93,nan,5.59,4.33,6.52
2050-09-11 05:00:00,2050-09-11 09:00:00,2050-09-11,13.01,nan,4.14,3.1,4.99
2050-09-11 06:00:00,2050-09-11 10:00:00,2050-09-11,13.67,nan,4.27,3.48,4.82
2050-09-11 07:00:00,2050-09-11 11:00:00,2050-09-11,42.58,nan,15.21,14.69,13.19
2050-09-11 08:00:00,2050-09-11 12:00:00,2050-09-11,22.41,nan,7.53,5.93,8.72
2050-09-11 09:00:00,2050-09-11 13:00:00,2050-09-11,118.5,nan,41.81,38.61,46.92
2050-09-11 10:00:00,2050-09-11 14:00:00,2050-09-11,413.27,nan,152.42,151.23,145.83
2050-09-11 11:00:00,2050-09-11 15:00:00,2050-09-11,1239.52,nan,463.86,473.04,404.48
2050-09-11 12:00:00,2050-09-11 16:00:00,2050-09-11,2126.94,nan,796.23,815.86,691.21
2050-09-11 13:00:00,2050-09-11 17:00:00,2050-09-11,2818.01,nan,1053.55,1081.4,915.53
2050-09-11 14:00:00,2050-09-11 18:00:00,2050-09-11,3566.01,nan,1333.39,1369.9,1158.69
2050-09-11 15:00:00,2050-09-11 19:00:00,2050-09-11,4194.55,nan,1567.3,1611.93,1364.78
2050-09-11 16:00:00,2050-09-11 20:00:00,2050-09-11,4592.54,nan,1714.73,1764.73,1494.27
2050-09-11 17:00:00,2050-09-11 21:00:00,2050-09-11,4698.17,nan,1755.56,1807.45,1530.62
2050-09-11 18:00:00,2050-09-11 22:00:00,2050-09-11,4392.02,nan,1642.39,1691.1,1431.48
2050-09-11 19:00:00,2050-09-11 23:00:00,2050-09-11,3238.45,nan,1214.78,1250.94,1058.89
2050-09-11 20:00:00,2050-09-12 00:00:00,2050-09-11,2279.21,nan,859.91,884.68,750.58
2050-09-11 21:00:00,2050-09-12 01:00:00,2050-09-11,1608.88,nan,611.36,627.63,535.28
2050-09-11 22:00:00,2050-09-12 02:00:00,2050-09-11,1050.53,nan,404.24,413.58,355.53
2050-09-11 23:00:00,2050-09-12 03:00:00,2050-09-11,596.4,nan,231.57,235.23,206.72
2050-09-12 00:00:00,2050-09-12 04:00:00,2050-09-12,328.15,nan,126.79,127.0,116.08
2050-09-12 01:00:00,2050-09-12 05:00:00,2050-09-12,168.01,nan,63.1,61.08,61.64
2050-09-12 02:00:00,2050-09-12 06:00:00,2050-09-12,96.51,nan,34.86,32.29,36.04
2050-09-12 03:00:00,2050-09-12 07:00:00,2050-09-12,51.25,nan,17.07,14.45,18.91
2050-09-12 04:00:00,2050-09-12 08:00:00,2050-09-12,32.45,nan,10.08,7.75,10.94
2050-09-12 05:00:00,2050-09-12 09:00:00,2050-09-12,25.6,nan,7.58,5.55,7.87
2050-09-12 06:00:00,2050-09-12 10:00:00,2050-09-12,25.7,nan,7.37,5.63,7.26
2050-09-12 07:00:00,2050-09-12 11:00:00,2050-09-12,35.75,nan,11.23,9.77,9.63
2050-09-12 08:00:00,2050-09-12 12:00:00,2050-09-12,29.37,nan,9.04,6.73,9.62
2050-09-12 09:00:00,2050-09-12 13:00:00,2050-09-12,69.44,nan,22.53,18.18,26.32
2050-09-12 10:00:00,2050-09-12 14:00:00,2050-09-12,84.26,nan,27.91,23.44,32.96
2050-09-12 11:00:00,2050-09-12 15:00:00,2050-09-12,100.43,nan,34.31,29.51,39.87
2050-09-12 12:00:00,2050-09-12 16:00:00,2050-09-12,121.56,nan,42.78,37.89,48.31
2050-09-12 13:00:00,2050-09-12 17:00:00,2050-09-12,125.83,nan,44.67,39.53,51.22
2050-09-12 14:00:00,2050-09-12 18:00:00,2050-09-12,143.11,nan,51.66,46.32,58.57
2050-09-12 15:00:00,2050-09-12 19:00:00,2050-09-12,179.59,nan,64.97,59.76,72.76
2050-09-12 16:00:00,2050-09-12 20:00:00,2050-09-12,239.62,nan,87.05,82.13,93.81
2050-09-12 17:00:00,2050-09-12 21:00:00,2050-09-12,283.14,nan,98.85,94.44,107.14
2050-09-12 18:00:00,2050-09-12 22:00:00,2050-09-12,277.75,nan,96.31,91.81,104.33
2050-09-12 19:00:00,2050-09-12 23:00:00,2050-09-12,84.41,nan,29.73,26.1,35.74
2050-09-12 20:00:00,2050-09-13 00:00:00,2050-09-12,42.44,nan,15.07,12.59,18.38
2050-09-12 21:00:00,2050-09-13 01:00:00,2050-09-12,37.96,nan,13.2,10.79,15.96
2050-09-12 22:00:00,2050-09-13 02:00:00,2050-09-12,34.78,nan,11.84,9.48,14.21
2050-09-12 23:00:00,2050-09-13 03:00:00,2050-09-12,31.83,nan,10.62,8.36,12.7
2050-09-13 00:00:00,2050-09-13 04:00:00,2050-09-13,30.36,nan,10.01,7.8,11.9
2050-09-13 01:00:00,2050-09-13 05:00:00,2050-09-13,29.73,nan,9.71,7.49,11.47
2050-09-13 02:00:00,2050-09-13 06:00:00,2050-09-13,28.71,nan,9.28,7.07,10.94
2050-09-13 03:00:00,2050-09-13 07:00:00,2050-09-13,27.36,nan,8.69,6.51,10.14
2050-09-13 04:00:00,2050-09-13 08:00:00,2050-09-13,25.93,nan,8.41,6.41,10.03
2050-09-13 05:00:00,2050-09-13 09:00:00,2050-09-13,24.92,nan,7.96,5.99,9.56
2050-09-13 06:00:00,2050-09-13 10:00:00,2050-09-13,22.1,nan,6.81,5.05,8.09
2050-09-13 07:00:00,2050-09-13 11:00:00,2050-09-13,20.36,nan,6.18,4.5,7.02
2050-09-13 08:00:00,2050-09-13 12:00:00,2050-09-13,48.5,nan,16.69,13.23,20.46
2050-09-13 09:00:00,2050-09-13 13:00:00,2050-09-13,199.24,nan,75.77,71.74,76.34
2050-09-13 10:00:00,2050-09-13 14:00:00,2050-09-13,492.7,nan,193.14,193.8,171.07
2050-09-13 11:00:00,2050-09-13 15:00:00,2050-09-13,1004.61,nan,394.77,403.12,338.0
2050-09-13 12:00:00,2050-09-13 16:00:00,2050-09-13,1624.98,nan,637.0,653.28,540.85
2050-09-13 13:00:00,2050-09-13 17:00:00,2050-09-13,2192.67,nan,858.55,881.13,728.82
2050-09-13 14:00:00,2050-09-13 18:00:00,2050-09-13,2898.16,nan,1126.93,1157.06,959.41
2050-09-13 15:00:00,2050-09-13 19:00:00,2050-09-13,3595.52,nan,1385.54,1424.2,1185.73
2050-09-13 16:00:00,2050-09-13 20:00:00,2050-09-13,4146.49,nan,1586.59,1632.3,1363.17
2050-09-13 17:00:00,2050-09-13 21:00:00,2050-09-13,4408.64,nan,1679.14,1727.77,1448.14
2050-09-13 18:00:00,2050-09-13 22:00:00,2050-09-13,4200.21,nan,1595.61,1641.63,1378.76
2050-09-13 19:00:00,2050-09-13 23:00:00,2050-09-13,3118.63,nan,1190.48,1224.43,1028.06
2050-09-13 20:00:00,2050-09-14 00:00:00,2050-09-13,2286.37,nan,877.71,901.97,758.14
2050-09-13 21:00:00,2050-09-14 01:00:00,2050-09-13,1785.46,nan,690.19,707.67,596.89
2050-09-13 22:00:00,2050-09-14 02:00:00,2050-09-13,1335.5,nan,517.41,529.23,450.09
2050-09-13 23:00:00,2050-09-14 03:00:00,2050-09-13,1007.55,nan,394.03,401.08,344.56
2050-09-14 00:00:00,2050-09-14 04:00:00,2050-09-14,437.58,nan,169.49,170.56,154.18
2050-09-14 01:00:00,2050-09-14 05:00:00,2050-09-14,189.88,nan,72.19,70.17,71.95
2050-09-14 02:00:00,2050-09-14 06:00:00,2050-09-14,90.64,nan,33.09,30.09,36.48
2050-09-14 03:00:00,2050-09-14 07:00:00,2050-09-14,51.89,nan,18.0,15.21,21.1
2050-09-14 04:00:00,2050-09-14 08:00:00,2050-09-14,32.19,nan,10.34,8.08,11.89
2050-09-14 05:00:00,2050-09-14 09:00:00,2050-09-14,23.77,nan,7.38,5.47,7.95
2050-09-14 06:00:00,2050-09-14 10:00:00,2050-09-14,18.36,nan,5.78,4.26,6.38
2050-09-14 07:00:00,2050-09-14 11:00:00,2050-09-14,16.11,nan,4.88,3.53,5.44
2050-09-14 08:00:00,2050-09-14 12:00:00,2050-09-14,33.04,nan,10.64,8.27,11.64
2050-09-14 09:00:00,2050-09-14 13:00:00,2050-09-14,238.89,nan,86.51,83.53,87.63
2050-09-14 10:00:00,2050-09-14 14:00:00,2050-09-14,700.67,nan,260.58,262.95,234.81
2050-09-14 11:00:00,2050-09-14 15:00:00,2050-09-14,1710.64,nan,638.7,652.5,556.03
2050-09-14 12:00:00,2050-09-14 16:00:00,2050-09-14,2561.05,nan,957.63,981.48,830.66
2050-09-14 13:00:00,2050-09-14 17:00:00,2050-09-14,3201.16,nan,1198.15,1229.5,1038.25
2050-09-14 14:00:00,2050-09-14 18:00:00,2050-09-14,3885.58,nan,1455.83,1495.39,1259.81
2050-09-14 15:00:00,2050-09-14 19:00:00,2050-09-14,4493.36,nan,1682.65,1729.46,1456.46
2050-09-14 16:00:00,2050-09-14 20:00:00,2050-09-14,4994.91,nan,1872.25,1925.13,1618.22
2050-09-14 17:00:00,2050-09-14 21:00:00,2050-09-14,5172.45,nan,1937.83,1993.05,1674.86
2050-09-14 18:00:00,2050-09-14 22:00:00,2050-09-14,4932.85,nan,1848.46,1901.09,1596.45
2050-09-14 19:00:00,2050-09-14 23:00:00,2050-09-14,3804.5,nan,1429.91,1470.66,1233.08
2050-09-14 20:00:00,2050-09-15 00:00:00,2050-09-14,2868.1,nan,1079.64,1110.28,930.8
2050-09-14 21:00:00,2050-09-15 01:00:00,2050-09-14,2156.41,nan,812.27,834.44,702.28
2050-09-14 22:00:00,2050-09-15 02:00:00,2050-09-14,1509.69,nan,569.56,584.27,494.85
2050-09-14 23:00:00,2050-09-15 03:00:00,2050-09-14,939.39,nan,354.4,362.66,311.92
2050-09-15 00:00:00,2050-09-15 04:00:00,2050-09-15,459.49,nan,173.79,175.94,155.93
2050-09-15 01:00:00,2050-09-15 05:00:00,2050-09-15,177.67,nan,65.02,63.39,63.45
2050-09-15 02:00:00,2050-09-15 06:00:00,2050-09-15,76.22,nan,26.47,24.0,28.36
2050-09-15 03:00:00,2050-09-15 07:00:00,2050-09-15,37.27,nan,11.76,9.54,13.21
2050-09-15 04:00:00,2050-09-15 08:00:00,2050-09-15,25.0,nan,7.57,5.65,8.12
2050-09-15 05:00:00,2050-09-15 09:00:00,2050-09-15,18.85,nan,5.74,4.2,6.25
2050-09-15 06:00:00,2050-09-15 10:00:00,2050-09-15,20.59,nan,6.15,4.98,5.96
2050-09-15 07:00:00,2050-09-15 11:00:00,2050-09-15,69.17,nan,25.07,23.99,19.33
2050-09-15 08:00:00,2050-09-15 12:00:00,2050-09-15,23.82,nan,7.8,6.02,8.64
2050-09-15 09:00:00,2050-09-15 13:00:00,2050-09-15,160.81,nan,58.18,56.28,59.02
2050-09-15 10:00:00,2050-09-15 14:00:00,2050-09-15,362.29,nan,132.72,131.47,128.71
2050-09-15 11:00:00,2050-09-15 15:00:00,2050-09-15,1028.33,nan,385.72,392.25,336.78
2050-09-15 12:00:00,2050-09-15 16:00:00,2050-09-15,1745.94,nan,654.55,670.12,570.02
2050-09-15 13:00:00,2050-09-15 17:00:00,2050-09-15,2306.38,nan,864.73,886.53,752.85
2050-09-15 14:00:00,2050-09-15 18:00:00,2050-09-15,2938.17,nan,1102.68,1131.85,956.82
2050-09-15 15:00:00,2050-09-15 19:00:00,2050-09-15,3539.63,nan,1328.11,1364.17,1150.49
2050-09-15 16:00:00,2050-09-15 20:00:00,2050-09-15,4004.86,nan,1502.61,1544.27,1299.99
2050-09-15 17:00:00,2050-09-15 21:00:00,2050-09-15,4237.19,nan,1590.63,1635.24,1374.63
2050-09-15 18:00:00,2050-09-15 22:00:00,2050-09-15,4037.65,nan,1516.33,1558.94,1308.59
2050-09-15 19:00:00,2050-09-15 23:00:00,2050-09-15,2948.53,nan,1110.76,1142.07,957.44
2050-09-15 20:00:00,2050-09-16 00:00:00,2050-09-15,2085.84,nan,787.67,809.72,679.64
2050-09-15 21:00:00,2050-09-16 01:00:00,2050-09-15,1432.95,nan,542.61,557.02,469.83
2050-09-15 22:00:00,2050-09-16 02:00:00,2050-09-15,837.78,nan,318.68,326.08,279.12
2050-09-15 23:00:00,2050-09-16 03:00:00,2050-09-15,362.74,nan,138.09,139.25,124.95
2050-09-16 00:00:00,2050-09-16 04:00:00,2050-09-16,119.91,nan,43.98,41.9,44.74
2050-09-16 01:00:00,2050-09-16 05:00:00,2050-09-16,45.89,nan,15.61,13.36,17.72
2050-09-16 02:00:00,2050-09-16 06:00:00,2050-09-16,23.83,nan,7.65,5.96,8.51
2050-09-16 03:00:00,2050-09-16 07:00:00,2050-09-16,16.96,nan,5.42,4.08,6.09
2050-09-16 04:00:00,2050-09-16 08:00:00,2050-09-16,23.67,nan,7.32,6.26,6.86
2050-09-16 05:00:00,2050-09-16 09:00:00,2050-09-16,102.68,nan,37.22,36.45,29.12
2050-09-16 06:00:00,2050-09-16 10:00:00,2050-09-16,289.4,nan,108.85,110.33,85.66
2050-09-16 07:00:00,2050-09-16 11:00:00,2050-09-16,495.86,nan,187.34,192.17,149.88
2050-09-16 08:00:00,2050-09-16 12:00:00,2050-09-16,199.37,nan,76.39,76.11,63.08
2050-09-16 09:00:00,2050-09-16 13:00:00,2050-09-16,55.59,nan,18.3,15.31,21.3
2050-09-16 10:00:00,2050-09-16 14:00:00,2050-09-16,201.39,nan,72.96,71.17,73.94
2050-09-16 11:00:00,2050-09-16 15:00:00,2050-09-16,584.37,nan,218.09,219.93,197.44
2050-09-16 12:00:00,2050-09-16 16:00:00,2050-09-16,1388.68,nan,519.09,531.07,453.59
2050-09-16 13:00:00,2050-09-16 17:00:00,2050-09-16,2034.9,nan,760.82,780.5,665.36
2050-09-16 14:00:00,2050-09-16 18:00:00,2050-09-16,2620.16,nan,980.0,1006.29,855.44
2050-09-16 15:00:00,2050-09-16 19:00:00,2050-09-16,2952.94,nan,1101.19,1130.8,962.69
2050-09-16 16:00:00,2050-09-16 20:00:00,2050-09-16,3277.63,nan,1227.69,1261.46,1068.04
2050-09-16 17:00:00,2050-09-16 21:00:00,2050-09-16,3208.76,nan,1198.58,1229.88,1046.62
2050-09-16 18:00:00,2050-09-16 22:00:00,2050-09-16,2892.04,nan,1081.01,1109.02,944.89
2050-09-16 19:00:00,2050-09-16 23:00:00,2050-09-16,2297.72,nan,865.08,887.7,755.25
2050-09-16 20:00:00,2050-09-17 00:00:00,2050-09-16,1902.59,nan,717.39,735.64,625.93
2050-09-16 21:00:00,2050-09-17 01:00:00,2050-09-16,1682.0,nan,634.12,649.85,555.47
2050-09-16 22:00:00,2050-09-17 02:00:00,2050-09-16,1510.14,nan,569.7,583.32,500.36
2050-09-16 23:00:00,2050-09-17 03:00:00,2050-09-16,1379.7,nan,521.0,532.94,458.76
2050-09-17 00:00:00,2050-09-17 04:00:00,2050-09-17,1276.89,nan,482.5,493.07,425.39
2050-09-17 01:00:00,2050-09-17 05:00:00,2050-09-17,1194.24,nan,451.56,460.86,398.79
2050-09-17 02:00:00,2050-09-17 06:00:00,2050-09-17,1086.42,nan,412.07,419.5,363.93
2050-09-17 03:00:00,2050-09-17 07:00:00,2050-09-17,974.13,nan,369.35,375.38,327.42
2050-09-17 04:00:00,2050-09-17 08:00:00,2050-09-17,899.7,nan,339.87,345.0,303.28
2050-09-17 05:00:00,2050-09-17 09:00:00,2050-09-17,745.57,nan,280.61,283.61,252.26
2050-09-17 06:00:00,2050-09-17 10:00:00,2050-09-17,569.64,nan,214.61,216.02,195.92
2050-09-17 07:00:00,2050-09-17 11:00:00,2050-09-17,420.32,nan,157.48,156.72,146.68
2050-09-17 08:00:00,2050-09-17 12:00:00,2050-09-17,881.92,nan,325.56,330.73,289.35
2050-09-17 09:00:00,2050-09-17 13:00:00,2050-09-17,1626.25,nan,606.17,618.11,530.94
2050-09-17 10:00:00,2050-09-17 14:00:00,2050-09-17,2017.07,nan,753.34,771.08,656.14
2050-09-17 11:00:00,2050-09-17 15:00:00,2050-09-17,2554.78,nan,961.19,984.74,829.38
2050-09-17 12:00:00,2050-09-17 16:00:00,2050-09-17,2933.73,nan,1107.69,1135.25,953.69
2050-09-17 13:00:00,2050-09-17 17:00:00,2050-09-17,3006.78,nan,1135.47,1163.48,978.95
2050-09-17 14:00:00,2050-09-17 18:00:00,2050-09-17,3327.79,nan,1252.49,1284.24,1082.19
2050-09-17 15:00:00,2050-09-17 19:00:00,2050-09-17,3694.16,nan,1386.66,1422.87,1199.07
2050-09-17 16:00:00,2050-09-17 20:00:00,2050-09-17,3961.99,nan,1488.44,1527.22,1285.94
2050-09-17 17:00:00,2050-09-17 21:00:00,2050-09-17,4027.77,nan,1520.36,1560.42,1310.36
2050-09-17 18:00:00,2050-09-17 22:00:00,2050-09-17,3731.75,nan,1416.19,1453.17,1216.98
2050-09-17 19:00:00,2050-09-17 23:00:00,2050-09-17,2739.87,nan,1044.64,1071.24,896.65
2050-09-17 20:00:00,2050-09-18 00:00:00,2050-09-17,1975.31,nan,757.7,776.11,648.92
2050-09-17 21:00:00,2050-09-18 01:00:00,2050-09-17,1451.1,nan,560.81,573.28,481.65
2050-09-17 22:00:00,2050-09-18 02:00:00,2050-09-17,974.85,nan,379.92,386.94,329.13
2050-09-17 23:00:00,2050-09-18 03:00:00,2050-09-17,627.46,nan,246.55,250.06,216.13
2050-09-18 00:00:00,2050-09-18 04:00:00,2050-09-18,337.88,nan,131.84,131.89,120.0
2050-09-18 01:00:00,2050-09-18 05:00:00,2050-09-18,167.68,nan,63.9,62.04,63.23
2050-09-18 02:00:00,2050-09-18 06:00:00,2050-09-18,84.75,nan,31.62,29.05,33.13
2050-09-18 03:00:00,2050-09-18 07:00:00,2050-09-18,38.37,nan,13.28,10.97,15.27
2050-09-18 04:00:00,2050-09-18 08:00:00,2050-09-18,22.99,nan,7.76,6.12,8.84
2050-09-18 05:00:00,2050-09-18 09:00:00,2050-09-18,17.57,nan,5.75,4.58,6.63
2050-09-18 06:00:00,2050-09-18 10:00:00,2050-09-18,17.92,nan,5.6,4.58,6.36
2050-09-18 07:00:00,2050-09-18 11:00:00,2050-09-18,26.17,nan,8.71,7.85,8.32
2050-09-18 08:00:00,2050-09-18 12:00:00,2050-09-18,25.53,nan,8.74,7.01,9.9
2050-09-18 09:00:00,2050-09-18 13:00:00,2050-09-18,108.56,nan,39.83,36.03,44.37
2050-09-18 10:00:00,2050-09-18 14:00:00,2050-09-18,203.73,nan,75.67,72.62,79.39
2050-09-18 11:00:00,2050-09-18 15:00:00,2050-09-18,348.33,nan,128.29,126.69,124.65
2050-09-18 12:00:00,2050-09-18 16:00:00,2050-09-18,652.47,nan,236.91,239.69,220.94
2050-09-18 13:00:00,2050-09-18 17:00:00,2050-09-18,1105.19,nan,403.34,413.13,365.22
2050-09-18 14:00:00,2050-09-18 18:00:00,2050-09-18,1618.43,nan,590.3,607.71,529.31
2050-09-18 15:00:00,2050-09-18 19:00:00,2050-09-18,2124.25,nan,780.47,803.16,693.7
2050-09-18 16:00:00,2050-09-18 20:00:00,2050-09-18,2567.03,nan,947.76,975.61,836.96
2050-09-18 17:00:00,2050-09-18 21:00:00,2050-09-18,2816.49,nan,1044.99,1075.69,917.94
2050-09-18 18:00:00,2050-09-18 22:00:00,2050-09-18,2649.25,nan,985.29,1013.85,864.13
2050-09-18 19:00:00,2050-09-18 23:00:00,2050-09-18,1660.39,nan,619.84,637.47,546.37
2050-09-18 20:00:00,2050-09-19 00:00:00,2050-09-18,930.55,nan,350.3,359.34,311.5
2050-09-18 21:00:00,2050-09-19 01:00:00,2050-09-18,439.99,nan,168.15,170.7,154.02
2050-09-18 22:00:00,2050-09-19 02:00:00,2050-09-18,162.67,nan,61.61,59.7,61.21
2050-09-18 23:00:00,2050-09-19 03:00:00,2050-09-18,76.64,nan,28.03,25.25,30.72
2050-09-19 00:00:00,2050-09-19 04:00:00,2050-09-19,45.23,nan,15.68,13.18,18.22
2050-09-19 01:00:00,2050-09-19 05:00:00,2050-09-19,31.53,nan,10.37,8.21,11.84
2050-09-19 02:00:00,2050-09-19 06:00:00,2050-09-19,25.97,nan,8.26,6.3,9.07
2050-09-19 03:00:00,2050-09-19 07:00:00,2050-09-19,23.35,nan,7.21,5.36,7.83
2050-09-19 04:00:00,2050-09-19 08:00:00,2050-09-19,23.81,nan,6.96,5.22,7.26
2050-09-19 05:00:00,2050-09-19 09:00:00,2050-09-19,31.47,nan,9.21,7.71,8.46
2050-09-19 06:00:00,2050-09-19 10:00:00,2050-09-19,51.38,nan,16.13,14.95,13.29
2050-09-19 07:00:00,2050-09-19 11:00:00,2050-09-19,78.27,nan,25.78,24.84,20.85
2050-09-19 08:00:00,2050-09-19 12:00:00,2050-09-19,33.36,nan,10.34,7.8,10.74
2050-09-19 09:00:00,2050-09-19 13:00:00,2050-09-19,159.45,nan,58.67,54.11,62.35
2050-09-19 10:00:00,2050-09-19 14:00:00,2050-09-19,440.4,nan,163.93,163.33,153.45
2050-09-19 11:00:00,2050-09-19 15:00:00,2050-09-19,1283.21,nan,484.06,492.77,418.91
2050-09-19 12:00:00,2050-09-19 16:00:00,2050-09-19,2217.47,nan,833.51,853.62,721.45
2050-09-19 13:00:00,2050-09-19 17:00:00,2050-09-19,2935.86,nan,1102.3,1131.25,957.14
2050-09-19 14:00:00,2050-09-19 18:00:00,2050-09-19,3671.44,nan,1376.4,1414.19,1197.62
2050-09-19 15:00:00,2050-09-19 19:00:00,2050-09-19,4272.17,nan,1598.87,1644.44,1393.84
2050-09-19 16:00:00,2050-09-19 20:00:00,2050-09-19,4632.3,nan,1732.49,1783.08,1511.81
2050-09-19 17:00:00,2050-09-19 21:00:00,2050-09-19,4705.6,nan,1761.0,1812.95,1536.4
2050-09-19 18:00:00,2050-09-19 22:00:00,2050-09-19,4353.57,nan,1632.54,1680.23,1423.66
2050-09-19 19:00:00,2050-09-19 23:00:00,2050-09-19,3215.59,nan,1209.72,1245.18,1056.68
2050-09-19 20:00:00,2050-09-20 00:00:00,2050-09-19,2382.25,nan,900.27,926.34,787.01
2050-09-19 21:00:00,2050-09-20 01:00:00,2050-09-19,1828.59,nan,694.82,714.3,608.51
2050-09-19 22:00:00,2050-09-20 02:00:00,2050-09-19,1403.96,nan,536.42,550.45,471.07
2050-09-19 23:00:00,2050-09-20 03:00:00,2050-09-19,1065.26,nan,409.55,419.29,361.86
2050-09-20 00:00:00,2050-09-20 04:00:00,2050-09-20,761.05,nan,292.65,298.28,262.88
2050-09-20 01:00:00,2050-09-20 05:00:00,2050-09-20,463.54,nan,177.35,179.27,163.27
2050-09-20 02:00:00,2050-09-20 06:00:00,2050-09-20,216.07,nan,81.55,80.45,79.22
2050-09-20 03:00:00,2050-09-20 07:00:00,2050-09-20,98.63,nan,36.08,33.57,38.53
2050-09-20 04:00:00,2050-09-20 08:00:00,2050-09-20,49.23,nan,17.22,14.61,20.1
2050-09-20 05:00:00,2050-09-20 09:00:00,2050-09-20,27.54,nan,9.24,7.31,10.84
2050-09-20 06:00:00,2050-09-20 10:00:00,2050-09-20,17.22,nan,5.66,4.36,6.56
2050-09-20 07:00:00,2050-09-20 11:00:00,2050-09-20,12.54,nan,4.02,3.01,4.93
2050-09-20 08:00:00,2050-09-20 12:00:00,2050-09-20,26.4,nan,9.08,7.35,10.63
2050-09-20 09:00:00,2050-09-20 13:00:00,2050-09-20,196.41,nan,72.93,70.3,75.4
2050-09-20 10:00:00,2050-09-20 14:00:00,2050-09-20,524.62,nan,202.75,203.72,183.49
2050-09-20 11:00:00,2050-09-20 15:00:00,2050-09-20,1230.7,nan,478.15,487.88,410.65
2050-09-20 12:00:00,2050-09-20 16:00:00,2050-09-20,1929.16,nan,743.98,761.98,637.01
2050-09-20 13:00:00,2050-09-20 17:00:00,2050-09-20,2503.44,nan,956.74,981.2,823.37
2050-09-20 14:00:00,2050-09-20 18:00:00,2050-09-20,3171.77,nan,1202.25,1234.28,1037.74
2050-09-20 15:00:00,2050-09-20 19:00:00,2050-09-20,3818.21,nan,1438.99,1478.76,1244.73
2050-09-20 16:00:00,2050-09-20 20:00:00,2050-09-20,4309.53,nan,1620.1,1665.42,1401.7
2050-09-20 17:00:00,2050-09-20 21:00:00,2050-09-20,4504.76,nan,1692.64,1740.12,1463.85
2050-09-20 18:00:00,2050-09-20 22:00:00,2050-09-20,4155.21,nan,1560.35,1603.77,1348.79
2050-09-20 19:00:00,2050-09-20 23:00:00,2050-09-20,2969.7,nan,1116.64,1147.92,966.42
2050-09-20 20:00:00,2050-09-21 00:00:00,2050-09-20,2085.37,nan,784.81,806.31,680.22
2050-09-20 21:00:00,2050-09-21 01:00:00,2050-09-20,1408.32,nan,530.4,543.99,463.91
2050-09-20 22:00:00,2050-09-21 02:00:00,2050-09-20,794.7,nan,300.14,306.42,266.4
2050-09-20 23:00:00,2050-09-21 03:00:00,2050-09-20,300.86,nan,112.49,112.66,106.62
2050-09-21 00:00:00,2050-09-21 04:00:00,2050-09-21,99.33,nan,35.64,33.54,38.79
2050-09-21 01:00:00,2050-09-21 05:00:00,2050-09-21,38.06,nan,12.62,10.63,15.44
2050-09-21 02:00:00,2050-09-21 06:00:00,2050-09-21,20.94,nan,6.91,5.45,7.97
2050-09-21 03:00:00,2050-09-21 07:00:00,2050-09-21,15.1,nan,4.84,3.67,5.69
2050-09-21 04:00:00,2050-09-21 08:00:00,2050-09-21,28.63,nan,9.58,8.76,8.64
2050-09-21 05:00:00,2050-09-21 09:00:00,2050-09-21,148.41,nan,55.87,55.98,43.87
2050-09-21 06:00:00,2050-09-21 10:00:00,2050-09-21,374.52,nan,143.95,146.85,112.55
2050-09-21 07:00:00,2050-09-21 11:00:00,2050-09-21,595.9,nan,228.1,234.47,181.92
2050-09-21 08:00:00,2050-09-21 12:00:00,2050-09-21,323.96,nan,126.14,127.86,102.35
2050-09-21 09:00:00,2050-09-21 13:00:00,2050-09-21,48.1,nan,16.36,13.66,19.77
2050-09-21 10:00:00,2050-09-21 14:00:00,2050-09-21,181.2,nan,65.49,64.7,64.75
2050-09-21 11:00:00,2050-09-21 15:00:00,2050-09-21,433.54,nan,160.49,159.89,151.17
2050-09-21 12:00:00,2050-09-21 16:00:00,2050-09-21,1407.44,nan,526.81,538.53,467.39
2050-09-21 13:00:00,2050-09-21 17:00:00,2050-09-21,1905.33,nan,714.77,731.92,626.3
2050-09-21 14:00:00,2050-09-21 18:00:00,2050-09-21,2588.72,nan,971.18,996.92,848.06
2050-09-21 15:00:00,2050-09-21 19:00:00,2050-09-21,3060.43,nan,1143.29,1175.04,1001.21
2050-09-21 16:00:00,2050-09-21 20:00:00,2050-09-21,3333.2,nan,1244.97,1279.98,1088.72
2050-09-21 17:00:00,2050-09-21 21:00:00,2050-09-21,3366.85,nan,1260.2,1295.86,1099.11
2050-09-21 18:00:00,2050-09-21 22:00:00,2050-09-21,2997.13,nan,1125.36,1156.6,979.51
2050-09-21 19:00:00,2050-09-21 23:00:00,2050-09-21,1883.74,nan,712.61,731.79,620.98
2050-09-21 20:00:00,2050-09-22 00:00:00,2050-09-21,1142.38,nan,437.06,447.95,380.89
2050-09-21 21:00:00,2050-09-22 01:00:00,2050-09-21,681.4,nan,264.29,269.38,231.96
2050-09-21 22:00:00,2050-09-22 02:00:00,2050-09-21,375.8,nan,145.79,146.67,130.52
2050-09-21 23:00:00,2050-09-22 03:00:00,2050-09-21,197.55,nan,74.47,72.91,71.2
2050-09-22 00:00:00,2050-09-22 04:00:00,2050-09-22,114.79,nan,42.1,39.49,43.02
2050-09-22 01:00:00,2050-09-22 05:00:00,2050-09-22,75.87,nan,26.58,23.75,29.03
2050-09-22 02:00:00,2050-09-22 06:00:00,2050-09-22,53.98,nan,17.88,15.08,20.28
2050-09-22 03:00:00,2050-09-22 07:00:00,2050-09-22,41.9,nan,13.3,10.6,15.09
2050-09-22 04:00:00,2050-09-22 08:00:00,2050-09-22,34.91,nan,10.67,8.12,11.92
2050-09-22 05:00:00,2050-09-22 09:00:00,2050-09-22,30.73,nan,9.16,6.79,10.0
2050-09-22 06:00:00,2050-09-22 10:00:00,2050-09-22,26.62,nan,7.83,5.67,8.42
2050-09-22 07:00:00,2050-09-22 11:00:00,2050-09-22,23.72,nan,6.92,4.92,7.49
2050-09-22 08:00:00,2050-09-22 12:00:00,2050-09-22,77.95,nan,25.63,22.0,29.05
2050-09-22 09:00:00,2050-09-22 13:00:00,2050-09-22,474.75,nan,171.54,169.97,160.22
2050-09-22 10:00:00,2050-09-22 14:00:00,2050-09-22,1215.44,nan,453.17,459.61,394.51
2050-09-22 11:00:00,2050-09-22 15:00:00,2050-09-22,2110.26,nan,788.25,805.71,681.99
2050-09-22 12:00:00,2050-09-22 16:00:00,2050-09-22,2908.64,nan,1089.39,1116.64,940.81
2050-09-22 13:00:00,2050-09-22 17:00:00,2050-09-22,3528.93,nan,1323.94,1358.95,1145.61
2050-09-22 14:00:00,2050-09-22 18:00:00,2050-09-22,4129.64,nan,1548.7,1591.66,1342.16
2050-09-22 15:00:00,2050-09-22 19:00:00,2050-09-22,4688.94,nan,1760.02,1809.78,1526.49
2050-09-22 16:00:00,2050-09-22 20:00:00,2050-09-22,5035.69,nan,1890.04,1944.61,1641.0
2050-09-22 17:00:00,2050-09-22 21:00:00,2050-09-22,5058.89,nan,1900.3,1955.38,1649.87
2050-09-22 18:00:00,2050-09-22 22:00:00,2050-09-22,4691.9,nan,1764.78,1815.47,1532.47
2050-09-22 19:00:00,2050-09-22 23:00:00,2050-09-22,3704.52,nan,1396.53,1436.78,1213.42
2050-09-22 20:00:00,2050-09-23 00:00:00,2050-09-22,3044.89,nan,1149.52,1182.79,999.31
2050-09-22 21:00:00,2050-09-23 01:00:00,2050-09-22,2633.66,nan,995.19,1023.17,865.74
2050-09-22 22:00:00,2050-09-23 02:00:00,2050-09-22,2253.64,nan,851.45,874.5,745.03
2050-09-22 23:00:00,2050-09-23 03:00:00,2050-09-22,1957.09,nan,739.71,759.37,646.95
2050-09-23 00:00:00,2050-09-23 04:00:00,2050-09-23,1694.47,nan,639.79,656.03,561.14
2050-09-23 01:00:00,2050-09-23 05:00:00,2050-09-23,1461.75,nan,551.88,565.09,485.51
2050-09-23 02:00:00,2050-09-23 06:00:00,2050-09-23,1232.06,nan,465.72,476.24,411.32
2050-09-23 03:00:00,2050-09-23 07:00:00,2050-09-23,1008.61,nan,381.58,389.52,338.81
2050-09-23 04:00:00,2050-09-23 08:00:00,2050-09-23,766.83,nan,290.72,295.77,261.07
2050-09-23 05:00:00,2050-09-23 09:00:00,2050-09-23,541.61,nan,205.06,207.41,187.76
2050-09-23 06:00:00,2050-09-23 10:00:00,2050-09-23,351.6,nan,132.05,131.69,124.33
2050-09-23 07:00:00,2050-09-23 11:00:00,2050-09-23,212.21,nan,77.71,75.47,77.41
2050-09-23 08:00:00,2050-09-23 12:00:00,2050-09-23,702.63,nan,260.14,263.54,234.34
2050-09-23 09:00:00,2050-09-23 13:00:00,2050-09-23,1529.12,nan,572.42,584.44,501.89
2050-09-23 10:00:00,2050-09-23 14:00:00,2050-09-23,2254.65,nan,845.35,865.97,733.49
2050-09-23 11:00:00,2050-09-23 15:00:00,2050-09-23,2961.96,nan,1111.22,1139.89,959.52
2050-09-23 12:00:00,2050-09-23 16:00:00,2050-09-23,3550.04,nan,1333.9,1368.79,1149.92
2050-09-23 13:00:00,2050-09-23 17:00:00,2050-09-23,3987.0,nan,1499.39,1539.23,1296.32
2050-09-23 14:00:00,2050-09-23 18:00:00,2050-09-23,4489.88,nan,1687.67,1733.58,1462.36
2050-09-23 15:00:00,2050-09-23 19:00:00,2050-09-23,4877.8,nan,1830.77,1882.39,1589.03
2050-09-23 16:00:00,2050-09-23 20:00:00,2050-09-23,5006.05,nan,1876.17,1929.94,1631.46
2050-09-23 17:00:00,2050-09-23 21:00:00,2050-09-23,4851.85,nan,1818.34,1870.94,1581.38
2050-09-23 18:00:00,2050-09-23 22:00:00,2050-09-23,4310.62,nan,1616.74,1663.11,1405.58
2050-09-23 19:00:00,2050-09-23 23:00:00,2050-09-23,3095.27,nan,1164.57,1197.87,1013.54
2050-09-23 20:00:00,2050-09-24 00:00:00,2050-09-23,2238.4,nan,845.66,869.2,736.45
2050-09-23 21:00:00,2050-09-24 01:00:00,2050-09-23,1646.76,nan,625.38,641.42,547.02
2050-09-23 22:00:00,2050-09-24 02:00:00,2050-09-23,1162.04,nan,444.51,454.43,391.45
2050-09-23 23:00:00,2050-09-24 03:00:00,2050-09-23,803.25,nan,309.95,315.79,274.68
2050-09-24 00:00:00,2050-09-24 04:00:00,2050-09-24,559.16,nan,217.77,220.53,193.35
2050-09-24 01:00:00,2050-09-24 05:00:00,2050-09-24,379.69,nan,146.32,146.68,133.99
2050-09-24 02:00:00,2050-09-24 06:00:00,2050-09-24,260.81,nan,98.96,97.65,93.66
2050-09-24 03:00:00,2050-09-24 07:00:00,2050-09-24,211.34,nan,79.36,77.4,77.12
2050-09-24 04:00:00,2050-09-24 08:00:00,2050-09-24,188.24,nan,70.04,67.82,69.16
2050-09-24 05:00:00,2050-09-24 09:00:00,2050-09-24,178.24,nan,66.01,63.69,66.05
2050-09-24 06:00:00,2050-09-24 10:00:00,2050-09-24,178.46,nan,65.68,63.29,65.58
2050-09-24 07:00:00,2050-09-24 11:00:00,2050-09-24,187.95,nan,69.62,67.26,68.42
2050-09-24 08:00:00,2050-09-24 12:00:00,2050-09-24,530.54,nan,204.41,206.31,179.01
2050-09-24 09:00:00,2050-09-24 13:00:00,2050-09-24,1327.65,nan,510.83,521.02,449.5
2050-09-24 10:00:00,2050-09-24 14:00:00,2050-09-24,2077.97,nan,792.34,812.59,687.1
2050-09-24 11:00:00,2050-09-24 15:00:00,2050-09-24,2920.0,nan,1110.79,1141.62,959.08
2050-09-24 12:00:00,2050-09-24 16:00:00,2050-09-24,3664.15,nan,1388.01,1427.66,1200.38
2050-09-24 13:00:00,2050-09-24 17:00:00,2050-09-24,4228.76,nan,1596.56,1642.95,1384.6
2050-09-24 14:00:00,2050-09-24 18:00:00,2050-09-24,4858.28,nan,1829.47,1883.3,1588.42
2050-09-24 15:00:00,2050-09-24 19:00:00,2050-09-24,5377.43,nan,2021.57,2081.68,1756.57
2050-09-24 16:00:00,2050-09-24 20:00:00,2050-09-24,5532.23,nan,2074.78,2136.44,1805.57
2050-09-24 17:00:00,2050-09-24 21:00:00,2050-09-24,5408.29,nan,2024.63,2084.16,1767.95
2050-09-24 18:00:00,2050-09-24 22:00:00,2050-09-24,4984.11,nan,1868.1,1922.43,1630.82
2050-09-24 19:00:00,2050-09-24 23:00:00,2050-09-24,3995.37,nan,1501.44,1545.34,1310.19
2050-09-24 20:00:00,2050-09-25 00:00:00,2050-09-24,3330.56,nan,1253.67,1290.38,1093.84
2050-09-24 21:00:00,2050-09-25 01:00:00,2050-09-24,2910.9,nan,1097.04,1128.64,958.07
2050-09-24 22:00:00,2050-09-25 02:00:00,2050-09-24,2566.45,nan,967.05,994.38,846.46
2050-09-24 23:00:00,2050-09-25 03:00:00,2050-09-24,2297.47,nan,865.18,889.22,758.7
2050-09-25 00:00:00,2050-09-25 04:00:00,2050-09-25,2091.41,nan,786.7,808.26,691.06
2050-09-25 01:00:00,2050-09-25 05:00:00,2050-09-25,1918.17,nan,720.1,739.61,633.81
2050-09-25 02:00:00,2050-09-25 06:00:00,2050-09-25,1771.51,nan,663.59,681.43,585.33
2050-09-25 03:00:00,2050-09-25 07:00:00,2050-09-25,1630.71,nan,609.97,626.06,539.44
2050-09-25 04:00:00,2050-09-25 08:00:00,2050-09-25,1493.8,nan,557.99,572.33,495.1
2050-09-25 05:00:00,2050-09-25 09:00:00,2050-09-25,1351.93,nan,504.29,516.75,449.28
2050-09-25 06:00:00,2050-09-25 10:00:00,2050-09-25,1206.48,nan,449.38,459.97,402.13
2050-09-25 07:00:00,2050-09-25 11:00:00,2050-09-25,1072.83,nan,398.86,407.69,358.39
2050-09-25 08:00:00,2050-09-25 12:00:00,2050-09-25,1626.1,nan,603.68,618.63,531.27
2050-09-25 09:00:00,2050-09-25 13:00:00,2050-09-25,2643.13,nan,984.77,1010.45,859.71
2050-09-25 10:00:00,2050-09-25 14:00:00,2050-09-25,3419.45,nan,1275.92,1310.96,1106.98
2050-09-25 11:00:00,2050-09-25 15:00:00,2050-09-25,4176.31,nan,1560.64,1604.82,1349.7
2050-09-25 12:00:00,2050-09-25 16:00:00,2050-09-25,4822.11,nan,1804.16,1856.08,1559.09
2050-09-25 13:00:00,2050-09-25 17:00:00,2050-09-25,5354.19,nan,2005.39,2063.68,1733.74
2050-09-25 14:00:00,2050-09-25 18:00:00,2050-09-25,5936.79,nan,2224.41,2289.92,1923.17
2050-09-25 15:00:00,2050-09-25 19:00:00,2050-09-25,6392.88,nan,2394.75,2465.51,2072.23
2050-09-25 16:00:00,2050-09-25 20:00:00,2050-09-25,6674.96,nan,2501.19,2575.89,2166.15
2050-09-25 17:00:00,2050-09-25 21:00:00,2050-09-25,6697.03,nan,2512.87,2589.18,2175.66
2050-09-25 18:00:00,2050-09-25 22:00:00,2050-09-25,6234.79,nan,2340.29,2411.1,2027.5
2050-09-25 19:00:00,2050-09-25 23:00:00,2050-09-25,4994.37,nan,1878.84,1936.22,1629.8
2050-09-25 20:00:00,2050-09-26 00:00:00,2050-09-25,4078.42,nan,1538.23,1585.34,1331.58
2050-09-25 21:00:00,2050-09-26 01:00:00,2050-09-25,3357.36,nan,1269.07,1308.04,1098.1
2050-09-25 22:00:00,2050-09-26 02:00:00,2050-09-25,2695.05,nan,1022.43,1053.11,883.81
2050-09-25 23:00:00,2050-09-26 03:00:00,2050-09-25,2058.41,nan,783.53,806.31,677.31
2050-09-26 00:00:00,2050-09-26 04:00:00,2050-09-26,1409.46,nan,538.33,553.07,469.02
2050-09-26 01:00:00,2050-09-26 05:00:00,2050-09-26,871.49,nan,334.29,342.21,294.59
2050-09-26 02:00:00,2050-09-26 06:00:00,2050-09-26,444.75,nan,171.02,172.92,154.6
2050-09-26 03:00:00,2050-09-26 07:00:00,2050-09-26,187.63,nan,70.22,68.74,69.01
2050-09-26 04:00:00,2050-09-26 08:00:00,2050-09-26,87.73,nan,31.88,29.56,34.37
2050-09-26 05:00:00,2050-09-26 09:00:00,2050-09-26,43.8,nan,14.86,12.65,17.67
2050-09-26 06:00:00,2050-09-26 10:00:00,2050-09-26,29.54,nan,9.73,7.86,11.39
2050-09-26 07:00:00,2050-09-26 11:00:00,2050-09-26,23.42,nan,7.82,6.2,8.91
2050-09-26 08:00:00,2050-09-26 12:00:00,2050-09-26,45.08,nan,15.07,12.59,18.56
2050-09-26 09:00:00,2050-09-26 13:00:00,2050-09-26,178.63,nan,64.17,60.72,70.19
2050-09-26 10:00:00,2050-09-26 14:00:00,2050-09-26,265.18,nan,96.57,93.42,99.18
2050-09-26 11:00:00,2050-09-26 15:00:00,2050-09-26,446.59,nan,161.06,160.25,156.19
2050-09-26 12:00:00,2050-09-26 16:00:00,2050-09-26,1003.22,nan,378.97,383.95,333.48
2050-09-26 13:00:00,2050-09-26 17:00:00,2050-09-26,1536.91,nan,587.11,597.82,508.7
2050-09-26 14:00:00,2050-09-26 18:00:00,2050-09-26,1815.57,nan,689.1,703.59,602.12
2050-09-26 15:00:00,2050-09-26 19:00:00,2050-09-26,1910.68,nan,715.85,733.01,632.78
2050-09-26 16:00:00,2050-09-26 20:00:00,2050-09-26,1774.64,nan,665.6,680.8,593.18
2050-09-26 17:00:00,2050-09-26 21:00:00,2050-09-26,1449.42,nan,545.37,556.68,489.96
2050-09-26 18:00:00,2050-09-26 22:00:00,2050-09-26,1060.68,nan,401.59,408.3,364.59
2050-09-26 19:00:00,2050-09-26 23:00:00,2050-09-26,408.18,nan,155.75,156.11,146.14
2050-09-26 20:00:00,2050-09-27 00:00:00,2050-09-26,127.68,nan,47.31,44.55,48.81
2050-09-26 21:00:00,2050-09-27 01:00:00,2050-09-26,74.33,nan,26.71,23.48,29.69
2050-09-26 22:00:00,2050-09-27 02:00:00,2050-09-26,53.84,nan,19.0,16.03,21.47
2050-09-26 23:00:00,2050-09-27 03:00:00,2050-09-26,39.29,nan,13.4,10.82,15.29
2050-09-27 00:00:00,2050-09-27 04:00:00,2050-09-27,29.46,nan,10.01,7.93,11.67
2050-09-27 01:00:00,2050-09-27 05:00:00,2050-09-27,22.44,nan,7.56,5.88,8.8
2050-09-27 02:00:00,2050-09-27 06:00:00,2050-09-27,17.86,nan,5.94,4.6,6.92
2050-09-27 03:00:00,2050-09-27 07:00:00,2050-09-27,16.06,nan,5.28,4.08,6.23
2050-09-27 04:00:00,2050-09-27 08:00:00,2050-09-27,15.99,nan,5.24,4.03,6.2
2050-09-27 05:00:00,2050-09-27 09:00:00,2050-09-27,15.9,nan,5.23,4.03,6.19
2050-09-27 06:00:00,2050-09-27 10:00:00,2050-09-27,15.25,nan,4.96,3.77,5.86
2050-09-27 07:00:00,2050-09-27 11:00:00,2050-09-27,13.89,nan,4.42,3.3,5.31
2050-09-27 08:00:00,2050-09-27 12:00:00,2050-09-27,27.3,nan,9.45,7.47,11.12
2050-09-27 09:00:00,2050-09-27 13:00:00,2050-09-27,81.41,nan,28.09,23.16,35.12
2050-09-27 10:00:00,2050-09-27 14:00:00,2050-09-27,80.21,nan,28.42,23.82,33.73
2050-09-27 11:00:00,2050-09-27 15:00:00,2050-09-27,99.47,nan,34.33,29.16,41.93
2050-09-27 12:00:00,2050-09-27 16:00:00,2050-09-27,152.06,nan,53.89,47.99,63.01
2050-09-27 13:00:00,2050-09-27 17:00:00,2050-09-27,281.85,nan,102.44,96.63,109.29
2050-09-27 14:00:00,2050-09-27 18:00:00,2050-09-27,797.77,nan,308.03,307.54,277.19
2050-09-27 15:00:00,2050-09-27 19:00:00,2050-09-27,1072.38,nan,413.54,415.4,369.23
2050-09-27 16:00:00,2050-09-27 20:00:00,2050-09-27,1479.51,nan,571.92,578.4,500.41
2050-09-27 17:00:00,2050-09-27 21:00:00,2050-09-27,1485.96,nan,568.68,575.47,502.4
2050-09-27 18:00:00,2050-09-27 22:00:00,2050-09-27,1414.98,nan,540.1,546.87,478.82
2050-09-27 19:00:00,2050-09-27 23:00:00,2050-09-27,977.69,nan,376.76,380.27,332.61
2050-09-27 20:00:00,2050-09-28 00:00:00,2050-09-27,697.72,nan,270.46,272.21,240.08
2050-09-27 21:00:00,2050-09-28 01:00:00,2050-09-27,564.74,nan,219.66,220.32,196.19
2050-09-27 22:00:00,2050-09-28 02:00:00,2050-09-27,484.25,nan,189.6,189.58,169.8
2050-09-27 23:00:00,2050-09-28 03:00:00,2050-09-27,429.75,nan,167.48,167.18,150.79
2050-09-28 00:00:00,2050-09-28 04:00:00,2050-09-28,408.05,nan,158.23,157.88,142.6
2050-09-28 01:00:00,2050-09-28 05:00:00,2050-09-28,391.11,nan,151.09,150.51,136.51
2050-09-28 02:00:00,2050-09-28 06:00:00,2050-09-28,374.21,nan,144.45,143.71,130.78
2050-09-28 03:00:00,2050-09-28 07:00:00,2050-09-28,345.67,nan,132.71,131.85,120.74
2050-09-28 04:00:00,2050-09-28 08:00:00,2050-09-28,331.85,nan,127.32,126.56,116.02
2050-09-28 05:00:00,2050-09-28 09:00:00,2050-09-28,292.2,nan,110.99,109.84,102.37
2050-09-28 06:00:00,2050-09-28 10:00:00,2050-09-28,250.49,nan,93.83,92.22,88.19
2050-09-28 07:00:00,2050-09-28 11:00:00,2050-09-28,217.74,nan,80.28,78.3,77.13
2050-09-28 08:00:00,2050-09-28 12:00:00,2050-09-28,909.17,nan,341.05,347.14,301.47
2050-09-28 09:00:00,2050-09-28 13:00:00,2050-09-28,1916.16,nan,710.64,727.7,625.79
2050-09-28 10:00:00,2050-09-28 14:00:00,2050-09-28,2184.41,nan,805.17,825.41,708.3
2050-09-28 11:00:00,2050-09-28 15:00:00,2050-09-28,2425.65,nan,887.45,911.27,786.23
2050-09-28 12:00:00,2050-09-28 16:00:00,2050-09-28,2721.87,nan,997.71,1025.14,884.88
2050-09-28 13:00:00,2050-09-28 17:00:00,2050-09-28,2753.26,nan,1002.49,1031.02,895.13
2050-09-28 14:00:00,2050-09-28 18:00:00,2050-09-28,3071.9,nan,1122.7,1154.87,996.35
2050-09-28 15:00:00,2050-09-28 19:00:00,2050-09-28,3003.63,nan,1092.89,1125.01,974.59
2050-09-28 16:00:00,2050-09-28 20:00:00,2050-09-28,2909.27,nan,1060.35,1091.77,946.86
2050-09-28 17:00:00,2050-09-28 21:00:00,2050-09-28,2558.64,nan,930.97,956.98,835.21
2050-09-28 18:00:00,2050-09-28 22:00:00,2050-09-28,2257.02,nan,824.62,846.09,738.97
2050-09-28 19:00:00,2050-09-28 23:00:00,2050-09-28,1514.03,nan,547.9,562.5,496.82
2050-09-28 20:00:00,2050-09-29 00:00:00,2050-09-28,1050.56,nan,377.62,386.67,345.18
2050-09-28 21:00:00,2050-09-29 01:00:00,2050-09-28,936.41,nan,340.39,348.09,309.0
2050-09-28 22:00:00,2050-09-29 02:00:00,2050-09-28,784.48,nan,284.75,290.42,261.2
2050-09-28 23:00:00,2050-09-29 03:00:00,2050-09-28,700.28,nan,258.39,263.07,234.32
2050-09-29 00:00:00,2050-09-29 04:00:00,2050-09-29,658.96,nan,246.32,249.98,223.82
2050-09-29 01:00:00,2050-09-29 05:00:00,2050-09-29,583.65,nan,217.49,219.27,199.24
2050-09-29 02:00:00,2050-09-29 06:00:00,2050-09-29,511.22,nan,187.94,188.79,174.96
2050-09-29 03:00:00,2050-09-29 07:00:00,2050-09-29,378.84,nan,134.58,133.93,131.53
2050-09-29 04:00:00,2050-09-29 08:00:00,2050-09-29,242.23,nan,81.89,79.55,86.46
2050-09-29 05:00:00,2050-09-29 09:00:00,2050-09-29,130.89,nan,40.69,37.4,48.6
2050-09-29 06:00:00,2050-09-29 10:00:00,2050-09-29,69.01,nan,19.76,16.89,25.84
2050-09-29 07:00:00,2050-09-29 11:00:00,2050-09-29,40.42,nan,11.64,9.06,14.53
2050-09-29 08:00:00,2050-09-29 12:00:00,2050-09-29,124.55,nan,36.86,33.81,42.94
2050-09-29 09:00:00,2050-09-29 13:00:00,2050-09-29,771.15,nan,276.83,279.58,252.45
2050-09-29 10:00:00,2050-09-29 14:00:00,2050-09-29,1488.02,nan,550.27,561.86,482.74
2050-09-29 11:00:00,2050-09-29 15:00:00,2050-09-29,2189.43,nan,814.41,835.37,709.65
2050-09-29 12:00:00,2050-09-29 16:00:00,2050-09-29,2913.55,nan,1094.1,1123.77,944.71
2050-09-29 13:00:00,2050-09-29 17:00:00,2050-09-29,3525.92,nan,1333.64,1370.35,1146.99
2050-09-29 14:00:00,2050-09-29 18:00:00,2050-09-29,4225.11,nan,1596.98,1642.1,1375.1
2050-09-29 15:00:00,2050-09-29 19:00:00,2050-09-29,4760.16,nan,1792.71,1844.33,1548.48
2050-09-29 16:00:00,2050-09-29 20:00:00,2050-09-29,4974.92,nan,1868.37,1922.15,1618.42
2050-09-29 17:00:00,2050-09-29 21:00:00,2050-09-29,4877.52,nan,1830.58,1882.84,1586.26
2050-09-29 18:00:00,2050-09-29 22:00:00,2050-09-29,4333.64,nan,1626.7,1672.41,1411.51
2050-09-29 19:00:00,2050-09-29 23:00:00,2050-09-29,3172.69,nan,1192.43,1225.16,1037.88
2050-09-29 20:00:00,2050-09-30 00:00:00,2050-09-29,2409.91,nan,907.73,931.5,790.87
2050-09-29 21:00:00,2050-09-30 01:00:00,2050-09-29,1950.24,nan,737.49,755.61,645.2
2050-09-29 22:00:00,2050-09-30 02:00:00,2050-09-29,1565.34,nan,592.41,606.2,521.08
2050-09-29 23:00:00,2050-09-30 03:00:00,2050-09-29,1280.69,nan,486.1,496.29,428.38
2050-09-30 00:00:00,2050-09-30 04:00:00,2050-09-30,1087.98,nan,413.88,422.02,365.77
2050-09-30 01:00:00,2050-09-30 05:00:00,2050-09-30,994.53,nan,379.19,385.97,335.48
2050-09-30 02:00:00,2050-09-30 06:00:00,2050-09-30,922.97,nan,351.67,357.6,312.4
2050-09-30 03:00:00,2050-09-30 07:00:00,2050-09-30,879.82,nan,335.52,340.96,299.39
2050-09-30 04:00:00,2050-09-30 08:00:00,2050-09-30,809.97,nan,308.43,313.28,276.92
2050-09-30 05:00:00,2050-09-30 09:00:00,2050-09-30,715.47,nan,273.15,277.04,246.26
2050-09-30 06:00:00,2050-09-30 10:00:00,2050-09-30,617.65,nan,235.54,238.38,215.04
2050-09-30 07:00:00,2050-09-30 11:00:00,2050-09-30,546.65,nan,209.03,210.98,191.81
2050-09-30 08:00:00,2050-09-30 12:00:00,2050-09-30,881.45,nan,324.36,329.02,294.28
2050-09-30 09:00:00,2050-09-30 13:00:00,2050-09-30,1253.27,nan,465.4,472.83,423.24
2050-09-30 10:00:00,2050-09-30 14:00:00,2050-09-30,1472.25,nan,547.36,558.19,490.82
2050-09-30 11:00:00,2050-09-30 15:00:00,2050-09-30,1816.67,nan,674.81,689.32,600.02
2050-09-30 12:00:00,2050-09-30 16:00:00,2050-09-30,2198.54,nan,817.34,836.01,721.37
2050-09-30 13:00:00,2050-09-30 17:00:00,2050-09-30,2366.51,nan,877.74,898.48,776.59
2050-09-30 14:00:00,2050-09-30 18:00:00,2050-09-30,2529.16,nan,939.95,962.62,830.88
2050-09-30 15:00:00,2050-09-30 19:00:00,2050-09-30,2686.79,nan,1001.65,1026.11,883.01
2050-09-30 16:00:00,2050-09-30 20:00:00,2050-09-30,2845.79,nan,1062.88,1089.39,934.37
2050-09-30 17:00:00,2050-09-30 21:00:00,2050-09-30,2895.02,nan,1081.74,1109.43,949.55
2050-09-30 18:00:00,2050-09-30 22:00:00,2050-09-30,2738.14,nan,1024.29,1050.3,898.93
2050-09-30 19:00:00,2050-09-30 23:00:00,2050-09-30,2092.98,nan,784.03,804.13,688.18
2050-09-30 20:00:00,2050-10-01 00:00:00,2050-09-30,1775.63,nan,665.93,683.26,584.88
2050-09-30 21:00:00,2050-10-01 01:00:00,2050-09-30,1589.8,nan,596.42,611.53,525.65
2050-09-30 22:00:00,2050-10-01 02:00:00,2050-09-30,1449.28,nan,543.81,557.29,480.66
2050-09-30 23:00:00,2050-10-01 03:00:00,2050-09-30,1339.82,nan,502.89,515.13,445.71
2050-10-01 00:00:00,2050-10-01 04:00:00,2050-10-01,1247.49,nan,468.3,479.46,416.12
2050-10-01 01:00:00,2050-10-01 05:00:00,2050-10-01,1167.7,nan,438.37,448.59,390.36
2050-10-01 02:00:00,2050-10-01 06:00:00,2050-10-01,1091.28,nan,409.76,419.02,365.62
2050-10-01 03:00:00,2050-10-01 07:00:00,2050-10-01,1062.74,nan,400.18,409.15,356.34
2050-10-01 04:00:00,2050-10-01 08:00:00,2050-10-01,1032.4,nan,389.18,397.75,346.42
2050-10-01 05:00:00,2050-10-01 09:00:00,2050-10-01,1017.44,nan,383.87,392.16,341.39
2050-10-01 06:00:00,2050-10-01 10:00:00,2050-10-01,999.5,nan,376.87,384.92,335.56
2050-10-01 07:00:00,2050-10-01 11:00:00,2050-10-01,981.05,nan,369.76,377.67,329.2
2050-10-01 08:00:00,2050-10-01 12:00:00,2050-10-01,1332.27,nan,502.23,511.53,439.98
2050-10-01 09:00:00,2050-10-01 13:00:00,2050-10-01,1538.76,nan,564.67,573.22,507.57
2050-10-01 10:00:00,2050-10-01 14:00:00,2050-10-01,1294.57,nan,465.96,472.45,429.98
2050-10-01 11:00:00,2050-10-01 15:00:00,2050-10-01,1227.72,nan,444.59,450.6,409.63
2050-10-01 12:00:00,2050-10-01 16:00:00,2050-10-01,1065.05,nan,381.55,385.56,361.08
2050-10-01 13:00:00,2050-10-01 17:00:00,2050-10-01,883.08,nan,313.03,313.68,302.09
2050-10-01 14:00:00,2050-10-01 18:00:00,2050-10-01,791.42,nan,277.82,276.91,271.89
2050-10-01 15:00:00,2050-10-01 19:00:00,2050-10-01,543.86,nan,178.64,176.13,189.47
2050-10-01 16:00:00,2050-10-01 20:00:00,2050-10-01,352.54,nan,111.45,107.88,127.65
2050-10-01 17:00:00,2050-10-01 21:00:00,2050-10-01,239.51,nan,76.02,71.97,90.7
2050-10-01 18:00:00,2050-10-01 22:00:00,2050-10-01,159.53,nan,51.82,47.55,64.36
2050-10-01 19:00:00,2050-10-01 23:00:00,2050-10-01,43.8,nan,14.89,12.48,19.23
2050-10-01 20:00:00,2050-10-02 00:00:00,2050-10-01,19.36,nan,6.43,5.09,7.96
2050-10-01 21:00:00,2050-10-02 01:00:00,2050-10-01,14.12,nan,4.58,3.53,5.7
2050-10-01 22:00:00,2050-10-02 02:00:00,2050-10-01,8.92,nan,2.81,2.11,3.71
2050-10-01 23:00:00,2050-10-02 03:00:00,2050-10-01,7.01,nan,2.07,1.59,2.77
2050-10-02 00:00:00,2050-10-02 04:00:00,2050-10-02,20.68,nan,6.71,6.64,6.42
2050-10-02 01:00:00,2050-10-02 05:00:00,2050-10-02,118.36,nan,45.56,47.13,35.21
2050-10-02 02:00:00,2050-10-02 06:00:00,2050-10-02,312.84,nan,122.44,127.01,93.18
2050-10-02 03:00:00,2050-10-02 07:00:00,2050-10-02,527.47,nan,204.05,211.72,158.49
2050-10-02 04:00:00,2050-10-02 08:00:00,2050-10-02,766.38,nan,292.96,303.79,232.5
2050-10-02 05:00:00,2050-10-02 09:00:00,2050-10-02,1030.08,nan,391.86,406.2,314.47
2050-10-02 06:00:00,2050-10-02 10:00:00,2050-10-02,1290.29,nan,489.44,507.26,395.54
2050-10-02 07:00:00,2050-10-02 11:00:00,2050-10-02,1539.97,nan,582.79,603.89,474.12
2050-10-02 08:00:00,2050-10-02 12:00:00,2050-10-02,1154.8,nan,437.69,453.52,359.0
2050-10-02 09:00:00,2050-10-02 13:00:00,2050-10-02,474.27,nan,178.63,183.84,151.16
2050-10-02 10:00:00,2050-10-02 14:00:00,2050-10-02,91.07,nan,32.41,31.96,32.83
2050-10-02 11:00:00,2050-10-02 15:00:00,2050-10-02,33.61,nan,11.96,9.89,14.18
2050-10-02 12:00:00,2050-10-02 16:00:00,2050-10-02,60.29,nan,21.48,18.74,26.3
2050-10-02 13:00:00,2050-10-02 17:00:00,2050-10-02,154.42,nan,58.65,55.65,60.71
2050-10-02 14:00:00,2050-10-02 18:00:00,2050-10-02,634.02,nan,241.82,243.58,213.8
2050-10-02 15:00:00,2050-10-02 19:00:00,2050-10-02,1270.35,nan,478.74,487.52,417.91
2050-10-02 16:00:00,2050-10-02 20:00:00,2050-10-02,1829.02,nan,688.08,704.1,595.55
2050-10-02 17:00:00,2050-10-02 21:00:00,2050-10-02,2154.44,nan,810.4,830.88,699.43
2050-10-02 18:00:00,2050-10-02 22:00:00,2050-10-02,1914.84,nan,721.98,739.65,623.88
2050-10-02 19:00:00,2050-10-02 23:00:00,2050-10-02,961.76,nan,367.2,375.13,317.73
2050-10-02 20:00:00,2050-10-03 00:00:00,2050-10-02,275.93,nan,109.74,110.53,95.84
2050-10-02 21:00:00,2050-10-03 01:00:00,2050-10-02,63.52,nan,24.36,22.33,26.4
2050-10-02 22:00:00,2050-10-03 02:00:00,2050-10-02,24.53,nan,9.02,7.62,10.65
2050-10-02 23:00:00,2050-10-03 03:00:00,2050-10-02,13.73,nan,4.81,3.92,5.81
2050-10-03 00:00:00,2050-10-03 04:00:00,2050-10-03,10.49,nan,3.55,2.97,4.29
2050-10-03 01:00:00,2050-10-03 05:00:00,2050-10-03,90.59,nan,33.73,33.59,26.5
2050-10-03 02:00:00,2050-10-03 06:00:00,2050-10-03,337.69,nan,127.78,130.69,101.56
2050-10-03 03:00:00,2050-10-03 07:00:00,2050-10-03,615.46,nan,232.33,239.57,187.91
2050-10-03 04:00:00,2050-10-03 08:00:00,2050-10-03,855.02,nan,322.56,333.34,262.56
2050-10-03 05:00:00,2050-10-03 09:00:00,2050-10-03,1084.11,nan,410.47,424.32,333.99
2050-10-03 06:00:00,2050-10-03 10:00:00,2050-10-03,1262.93,nan,479.22,495.67,390.11
2050-10-03 07:00:00,2050-10-03 11:00:00,2050-10-03,1372.68,nan,519.83,538.16,424.66
2050-10-03 08:00:00,2050-10-03 12:00:00,2050-10-03,1058.23,nan,400.44,414.52,329.2
2050-10-03 09:00:00,2050-10-03 13:00:00,2050-10-03,498.77,nan,187.48,193.02,157.71
2050-10-03 10:00:00,2050-10-03 14:00:00,2050-10-03,244.22,nan,92.03,93.69,79.29
2050-10-03 11:00:00,2050-10-03 15:00:00,2050-10-03,49.41,nan,17.09,16.02,18.53
2050-10-03 12:00:00,2050-10-03 16:00:00,2050-10-03,33.64,nan,11.91,9.79,14.09
2050-10-03 13:00:00,2050-10-03 17:00:00,2050-10-03,49.81,nan,18.11,15.09,22.37
2050-10-03 14:00:00,2050-10-03 18:00:00,2050-10-03,71.79,nan,26.95,23.13,32.66
2050-10-03 15:00:00,2050-10-03 19:00:00,2050-10-03,84.36,nan,31.97,27.67,37.61
2050-10-03 16:00:00,2050-10-03 20:00:00,2050-10-03,144.24,nan,56.74,52.49,57.57
2050-10-03 17:00:00,2050-10-03 21:00:00,2050-10-03,237.48,nan,95.56,92.57,86.77
2050-10-03 18:00:00,2050-10-03 22:00:00,2050-10-03,164.47,nan,66.13,62.39,63.25
2050-10-03 19:00:00,2050-10-03 23:00:00,2050-10-03,33.03,nan,12.8,11.29,14.57
2050-10-03 20:00:00,2050-10-04 00:00:00,2050-10-03,24.64,nan,5.28,5.09,7.25
2050-10-03 21:00:00,2050-10-04 01:00:00,2050-10-03,72.13,nan,19.13,19.36,19.24
2050-10-03 22:00:00,2050-10-04 02:00:00,2050-10-03,201.55,nan,64.99,66.35,57.24
2050-10-03 23:00:00,2050-10-04 03:00:00,2050-10-03,372.28,nan,127.88,131.61,110.93
2050-10-04 00:00:00,2050-10-04 04:00:00,2050-10-04,540.54,nan,191.23,197.49,163.66
2050-10-04 01:00:00,2050-10-04 05:00:00,2050-10-04,695.85,nan,249.92,258.53,212.22
2050-10-04 02:00:00,2050-10-04 06:00:00,2050-10-04,826.17,nan,299.09,309.56,252.58
2050-10-04 03:00:00,2050-10-04 07:00:00,2050-10-04,930.99,nan,339.09,351.08,284.7
2050-10-04 04:00:00,2050-10-04 08:00:00,2050-10-04,1062.5,nan,390.23,404.05,325.4
2050-10-04 05:00:00,2050-10-04 09:00:00,2050-10-04,1157.75,nan,426.3,441.75,355.09
2050-10-04 06:00:00,2050-10-04 10:00:00,2050-10-04,1247.07,nan,460.65,477.55,383.62
2050-10-04 07:00:00,2050-10-04 11:00:00,2050-10-04,1329.98,nan,493.05,511.38,410.17
2050-10-04 08:00:00,2050-10-04 12:00:00,2050-10-04,1122.67,nan,414.01,429.73,345.77
2050-10-04 09:00:00,2050-10-04 13:00:00,2050-10-04,755.74,nan,274.44,284.05,232.02
2050-10-04 10:00:00,2050-10-04 14:00:00,2050-10-04,764.21,nan,280.86,290.43,235.24
2050-10-04 11:00:00,2050-10-04 15:00:00,2050-10-04,751.55,nan,277.77,287.36,231.79
2050-10-04 12:00:00,2050-10-04 16:00:00,2050-10-04,698.38,nan,256.7,265.59,214.88
2050-10-04 13:00:00,2050-10-04 17:00:00,2050-10-04,677.43,nan,249.7,258.43,208.12
2050-10-04 14:00:00,2050-10-04 18:00:00,2050-10-04,634.07,nan,233.27,241.2,194.23
2050-10-04 15:00:00,2050-10-04 19:00:00,2050-10-04,624.89,nan,230.48,238.16,191.28
2050-10-04 16:00:00,2050-10-04 20:00:00,2050-10-04,617.29,nan,227.95,235.6,188.84
2050-10-04 17:00:00,2050-10-04 21:00:00,2050-10-04,625.43,nan,231.17,239.04,191.34
2050-10-04 18:00:00,2050-10-04 22:00:00,2050-10-04,653.26,nan,241.64,249.99,199.77
2050-10-04 19:00:00,2050-10-04 23:00:00,2050-10-04,912.06,nan,339.68,352.9,280.25
2050-10-04 20:00:00,2050-10-05 00:00:00,2050-10-04,1048.56,nan,390.95,406.27,323.69
2050-10-04 21:00:00,2050-10-05 01:00:00,2050-10-04,1062.47,nan,396.41,412.07,328.21
2050-10-04 22:00:00,2050-10-05 02:00:00,2050-10-04,1074.76,nan,401.42,417.36,332.22
2050-10-04 23:00:00,2050-10-05 03:00:00,2050-10-04,1090.92,nan,408.32,424.64,337.52
2050-10-05 00:00:00,2050-10-05 04:00:00,2050-10-05,1103.28,nan,413.72,430.37,341.68
2050-10-05 01:00:00,2050-10-05 05:00:00,2050-10-05,1109.18,nan,416.42,433.23,343.78
2050-10-05 02:00:00,2050-10-05 06:00:00,2050-10-05,1108.74,nan,416.48,433.31,343.86
2050-10-05 03:00:00,2050-10-05 07:00:00,2050-10-05,1104.94,nan,415.2,432.0,342.65
2050-10-05 04:00:00,2050-10-05 08:00:00,2050-10-05,1091.06,nan,409.87,426.47,338.23
2050-10-05 05:00:00,2050-10-05 09:00:00,2050-10-05,1068.47,nan,401.09,417.39,331.22
2050-10-05 06:00:00,2050-10-05 10:00:00,2050-10-05,1040.04,nan,390.23,406.04,322.34
2050-10-05 07:00:00,2050-10-05 11:00:00,2050-10-05,1015.26,nan,380.41,395.85,314.58
2050-10-05 08:00:00,2050-10-05 12:00:00,2050-10-05,867.01,nan,324.51,337.83,267.36
2050-10-05 09:00:00,2050-10-05 13:00:00,2050-10-05,594.53,nan,221.87,230.91,182.65
2050-10-05 10:00:00,2050-10-05 14:00:00,2050-10-05,545.87,nan,203.68,211.96,167.92
2050-10-05 11:00:00,2050-10-05 15:00:00,2050-10-05,486.58,nan,181.34,188.51,149.81
2050-10-05 12:00:00,2050-10-05 16:00:00,2050-10-05,429.94,nan,160.18,166.43,132.25
2050-10-05 13:00:00,2050-10-05 17:00:00,2050-10-05,382.73,nan,142.06,147.25,117.69
2050-10-05 14:00:00,2050-10-05 18:00:00,2050-10-05,314.63,nan,116.11,120.12,96.86
2050-10-05 15:00:00,2050-10-05 19:00:00,2050-10-05,241.07,nan,87.41,90.03,74.07
2050-10-05 16:00:00,2050-10-05 20:00:00,2050-10-05,215.75,nan,77.29,79.44,66.18
2050-10-05 17:00:00,2050-10-05 21:00:00,2050-10-05,214.2,nan,77.12,79.31,65.87
2050-10-05 18:00:00,2050-10-05 22:00:00,2050-10-05,229.58,nan,83.11,85.45,70.77
2050-10-05 19:00:00,2050-10-05 23:00:00,2050-10-05,427.03,nan,159.43,166.0,131.42
2050-10-05 20:00:00,2050-10-06 00:00:00,2050-10-05,527.81,nan,198.64,207.03,163.05
2050-10-05 21:00:00,2050-10-06 01:00:00,2050-10-05,520.56,nan,196.29,204.73,160.44
2050-10-05 22:00:00,2050-10-06 02:00:00,2050-10-05,527.55,nan,199.87,208.87,161.26
2050-10-05 23:00:00,2050-10-06 03:00:00,2050-10-05,614.25,nan,236.47,246.92,187.77
2050-10-06 00:00:00,2050-10-06 04:00:00,2050-10-06,734.7,nan,281.78,293.49,226.56
2050-10-06 01:00:00,2050-10-06 05:00:00,2050-10-06,791.05,nan,302.1,314.65,244.31
2050-10-06 02:00:00,2050-10-06 06:00:00,2050-10-06,853.2,nan,324.13,337.4,263.17
2050-10-06 03:00:00,2050-10-06 07:00:00,2050-10-06,920.49,nan,348.62,362.65,284.95
2050-10-06 04:00:00,2050-10-06 08:00:00,2050-10-06,1013.66,nan,383.37,399.04,315.35
2050-10-06 05:00:00,2050-10-06 09:00:00,2050-10-06,1143.89,nan,434.0,451.47,356.61
2050-10-06 06:00:00,2050-10-06 10:00:00,2050-10-06,1229.68,nan,465.4,483.91,384.6
2050-10-06 07:00:00,2050-10-06 11:00:00,2050-10-06,1330.22,nan,504.6,524.31,417.33
2050-10-06 08:00:00,2050-10-06 12:00:00,2050-10-06,976.02,nan,371.58,386.03,308.73
2050-10-06 09:00:00,2050-10-06 13:00:00,2050-10-06,250.57,nan,91.65,94.38,83.49
2050-10-06 10:00:00,2050-10-06 14:00:00,2050-10-06,26.51,nan,8.66,7.27,11.4
2050-10-06 11:00:00,2050-10-06 15:00:00,2050-10-06,38.66,nan,13.88,11.67,17.87
2050-10-06 12:00:00,2050-10-06 16:00:00,2050-10-06,73.62,nan,28.0,24.33,34.44
2050-10-06 13:00:00,2050-10-06 17:00:00,2050-10-06,117.12,nan,45.57,40.74,52.39
2050-10-06 14:00:00,2050-10-06 18:00:00,2050-10-06,469.48,nan,192.44,190.62,165.04
2050-10-06 15:00:00,2050-10-06 19:00:00,2050-10-06,995.88,nan,400.94,405.18,335.81
2050-10-06 16:00:00,2050-10-06 20:00:00,2050-10-06,1404.86,nan,559.6,569.17,470.73
2050-10-06 17:00:00,2050-10-06 21:00:00,2050-10-06,1522.62,nan,603.74,615.33,507.6
2050-10-06 18:00:00,2050-10-06 22:00:00,2050-10-06,1112.99,nan,442.88,449.88,374.91
2050-10-06 19:00:00,2050-10-06 23:00:00,2050-10-06,240.0,nan,96.41,94.83,88.32
2050-10-06 20:00:00,2050-10-07 00:00:00,2050-10-06,57.34,nan,17.9,16.19,23.11
2050-10-06 21:00:00,2050-10-07 01:00:00,2050-10-06,45.15,nan,9.66,9.06,14.7
2050-10-06 22:00:00,2050-10-07 02:00:00,2050-10-06,51.48,nan,7.77,7.99,13.8
2050-10-06 23:00:00,2050-10-07 03:00:00,2050-10-06,90.01,nan,16.52,17.85,22.59
2050-10-07 00:00:00,2050-10-07 04:00:00,2050-10-07,254.78,nan,73.53,77.23,69.84
2050-10-07 01:00:00,2050-10-07 05:00:00,2050-10-07,554.8,nan,186.23,193.94,161.95
2050-10-07 02:00:00,2050-10-07 06:00:00,2050-10-07,865.53,nan,303.38,315.52,258.78
2050-10-07 03:00:00,2050-10-07 07:00:00,2050-10-07,1156.16,nan,413.66,429.37,349.16
2050-10-07 04:00:00,2050-10-07 08:00:00,2050-10-07,1465.13,nan,531.07,551.06,445.7
2050-10-07 05:00:00,2050-10-07 09:00:00,2050-10-07,1745.06,nan,637.94,661.48,534.53
2050-10-07 06:00:00,2050-10-07 10:00:00,2050-10-07,2001.55,nan,736.15,763.15,617.23
2050-10-07 07:00:00,2050-10-07 11:00:00,2050-10-07,2208.04,nan,814.53,843.9,684.79
2050-10-07 08:00:00,2050-10-07 12:00:00,2050-10-07,1806.71,nan,666.88,691.07,562.94
2050-10-07 09:00:00,2050-10-07 13:00:00,2050-10-07,890.18,nan,324.39,335.77,280.12
2050-10-07 10:00:00,2050-10-07 14:00:00,2050-10-07,434.1,nan,159.14,164.4,140.56
2050-10-07 11:00:00,2050-10-07 15:00:00,2050-10-07,59.95,nan,21.25,20.35,23.31
2050-10-07 12:00:00,2050-10-07 16:00:00,2050-10-07,32.57,nan,11.44,9.32,13.67
2050-10-07 13:00:00,2050-10-07 17:00:00,2050-10-07,61.54,nan,22.9,19.41,27.57
2050-10-07 14:00:00,2050-10-07 18:00:00,2050-10-07,176.12,nan,69.01,64.81,69.89
2050-10-07 15:00:00,2050-10-07 19:00:00,2050-10-07,887.7,nan,347.25,350.73,290.67
2050-10-07 16:00:00,2050-10-07 20:00:00,2050-10-07,1661.14,nan,637.33,650.17,540.78
2050-10-07 17:00:00,2050-10-07 21:00:00,2050-10-07,1997.12,nan,762.9,780.49,647.02
2050-10-07 18:00:00,2050-10-07 22:00:00,2050-10-07,1667.92,nan,638.67,652.65,542.69
2050-10-07 19:00:00,2050-10-07 23:00:00,2050-10-07,780.55,nan,304.76,310.08,256.51
2050-10-07 20:00:00,2050-10-08 00:00:00,2050-10-07,225.23,nan,90.52,90.16,77.93
2050-10-07 21:00:00,2050-10-08 01:00:00,2050-10-07,64.5,nan,24.55,22.21,25.95
2050-10-07 22:00:00,2050-10-08 02:00:00,2050-10-07,31.88,nan,11.43,9.5,12.98
2050-10-07 23:00:00,2050-10-08 03:00:00,2050-10-07,17.71,nan,5.98,4.7,6.9
2050-10-08 00:00:00,2050-10-08 04:00:00,2050-10-08,11.21,nan,3.61,2.73,4.36
2050-10-08 01:00:00,2050-10-08 05:00:00,2050-10-08,13.57,nan,4.33,3.73,4.58
2050-10-08 02:00:00,2050-10-08 06:00:00,2050-10-08,91.33,nan,34.78,34.92,27.82
2050-10-08 03:00:00,2050-10-08 07:00:00,2050-10-08,303.16,nan,117.29,119.93,92.54
2050-10-08 04:00:00,2050-10-08 08:00:00,2050-10-08,570.76,nan,219.24,225.7,175.08
2050-10-08 05:00:00,2050-10-08 09:00:00,2050-10-08,844.77,nan,322.26,332.23,260.21
2050-10-08 06:00:00,2050-10-08 10:00:00,2050-10-08,1123.38,nan,427.28,440.64,346.94
2050-10-08 07:00:00,2050-10-08 11:00:00,2050-10-08,1398.62,nan,529.71,546.76,433.22
2050-10-08 08:00:00,2050-10-08 12:00:00,2050-10-08,1091.82,nan,414.92,427.95,342.08
2050-10-08 09:00:00,2050-10-08 13:00:00,2050-10-08,384.29,nan,146.67,148.57,125.29
2050-10-08 10:00:00,2050-10-08 14:00:00,2050-10-08,41.54,nan,14.33,12.3,16.51
2050-10-08 11:00:00,2050-10-08 15:00:00,2050-10-08,47.77,nan,16.8,13.91,19.02
2050-10-08 12:00:00,2050-10-08 16:00:00,2050-10-08,161.23,nan,61.95,58.45,61.18
2050-10-08 13:00:00,2050-10-08 17:00:00,2050-10-08,560.88,nan,218.12,218.45,188.42
2050-10-08 14:00:00,2050-10-08 18:00:00,2050-10-08,1343.51,nan,510.45,520.67,439.12
2050-10-08 15:00:00,2050-10-08 19:00:00,2050-10-08,2129.89,nan,805.03,824.57,690.79
2050-10-08 16:00:00,2050-10-08 20:00:00,2050-10-08,2735.26,nan,1032.81,1060.05,886.87
2050-10-08 17:00:00,2050-10-08 21:00:00,2050-10-08,2977.3,nan,1125.58,1155.94,964.2
2050-10-08 18:00:00,2050-10-08 22:00:00,2050-10-08,2570.16,nan,975.42,1000.71,836.5
2050-10-08 19:00:00,2050-10-08 23:00:00,2050-10-08,1609.15,nan,617.13,632.18,527.32
2050-10-08 20:00:00,2050-10-09 00:00:00,2050-10-08,915.69,nan,357.13,364.79,303.55
2050-10-08 21:00:00,2050-10-09 01:00:00,2050-10-08,437.5,nan,174.37,176.03,148.77
2050-10-08 22:00:00,2050-10-09 02:00:00,2050-10-08,167.31,nan,64.99,63.01,59.0
2050-10-08 23:00:00,2050-10-09 03:00:00,2050-10-08,62.86,nan,22.37,19.44,23.64
2050-10-09 00:00:00,2050-10-09 04:00:00,2050-10-09,33.34,nan,11.19,8.9,12.3
2050-10-09 01:00:00,2050-10-09 05:00:00,2050-10-09,21.69,nan,6.99,5.3,7.61
2050-10-09 02:00:00,2050-10-09 06:00:00,2050-10-09,18.42,nan,6.01,4.68,6.25
2050-10-09 03:00:00,2050-10-09 07:00:00,2050-10-09,35.29,nan,11.94,10.94,10.28
2050-10-09 04:00:00,2050-10-09 08:00:00,2050-10-09,83.18,nan,28.92,28.24,23.28
2050-10-09 05:00:00,2050-10-09 09:00:00,2050-10-09,171.07,nan,61.76,61.78,49.26
2050-10-09 06:00:00,2050-10-09 10:00:00,2050-10-09,304.76,nan,113.89,115.47,90.2
2050-10-09 07:00:00,2050-10-09 11:00:00,2050-10-09,461.5,nan,175.0,178.66,138.52
2050-10-09 08:00:00,2050-10-09 12:00:00,2050-10-09,272.82,nan,104.28,104.51,83.83
2050-10-09 09:00:00,2050-10-09 13:00:00,2050-10-09,42.78,nan,14.01,11.06,15.44
2050-10-09 10:00:00,2050-10-09 14:00:00,2050-10-09,94.13,nan,33.28,30.51,35.35
2050-10-09 11:00:00,2050-10-09 15:00:00,2050-10-09,239.75,nan,89.42,86.34,88.39
2050-10-09 12:00:00,2050-10-09 16:00:00,2050-10-09,620.65,nan,238.28,239.82,208.58
2050-10-09 13:00:00,2050-10-09 17:00:00,2050-10-09,1157.69,nan,441.16,449.3,380.89
2050-10-09 14:00:00,2050-10-09 18:00:00,2050-10-09,1810.61,nan,684.4,700.1,591.42
2050-10-09 15:00:00,2050-10-09 19:00:00,2050-10-09,2339.73,nan,881.96,903.98,762.85
2050-10-09 16:00:00,2050-10-09 20:00:00,2050-10-09,2642.24,nan,995.33,1021.48,860.81
2050-10-09 17:00:00,2050-10-09 21:00:00,2050-10-09,2639.38,nan,996.21,1022.99,859.02
2050-10-09 18:00:00,2050-10-09 22:00:00,2050-10-09,2027.37,nan,771.19,791.09,665.45
2050-10-09 19:00:00,2050-10-09 23:00:00,2050-10-09,882.48,nan,344.6,352.9,296.28
2050-10-09 20:00:00,2050-10-10 00:00:00,2050-10-09,237.95,nan,94.52,94.59,82.24
2050-10-09 21:00:00,2050-10-10 01:00:00,2050-10-09,51.86,nan,19.3,17.23,21.21
2050-10-09 22:00:00,2050-10-10 02:00:00,2050-10-09,21.84,nan,7.6,6.28,8.79
2050-10-09 23:00:00,2050-10-10 03:00:00,2050-10-09,58.41,nan,20.2,19.38,16.95
2050-10-10 00:00:00,2050-10-10 04:00:00,2050-10-10,262.56,nan,92.94,94.28,77.01
2050-10-10 01:00:00,2050-10-10 05:00:00,2050-10-10,630.51,nan,230.46,237.25,190.38
2050-10-10 02:00:00,2050-10-10 06:00:00,2050-10-10,1012.11,nan,373.74,386.06,308.96
2050-10-10 03:00:00,2050-10-10 07:00:00,2050-10-10,1389.87,nan,515.86,533.2,426.9
2050-10-10 04:00:00,2050-10-10 08:00:00,2050-10-10,1744.08,nan,649.31,671.51,538.92
2050-10-10 05:00:00,2050-10-10 09:00:00,2050-10-10,2053.74,nan,766.18,792.29,637.96
2050-10-10 06:00:00,2050-10-10 10:00:00,2050-10-10,2332.55,nan,871.31,901.12,727.16
2050-10-10 07:00:00,2050-10-10 11:00:00,2050-10-10,2575.54,nan,961.98,994.9,804.82
2050-10-10 08:00:00,2050-10-10 12:00:00,2050-10-10,2263.44,nan,845.56,874.71,709.8
2050-10-10 09:00:00,2050-10-10 13:00:00,2050-10-10,1283.65,nan,477.96,494.14,407.34
2050-10-10 10:00:00,2050-10-10 14:00:00,2050-10-10,642.13,nan,237.87,245.24,208.26
2050-10-10 11:00:00,2050-10-10 15:00:00,2050-10-10,65.37,nan,23.4,22.32,26.85
2050-10-10 12:00:00,2050-10-10 16:00:00,2050-10-10,37.85,nan,14.11,12.08,16.85
2050-10-10 13:00:00,2050-10-10 17:00:00,2050-10-10,81.5,nan,32.08,28.57,37.03
2050-10-10 14:00:00,2050-10-10 18:00:00,2050-10-10,399.01,nan,163.15,163.89,138.86
2050-10-10 15:00:00,2050-10-10 19:00:00,2050-10-10,1145.52,nan,437.26,446.17,376.78
2050-10-10 16:00:00,2050-10-10 20:00:00,2050-10-10,1432.83,nan,546.54,559.61,474.86
2050-10-10 17:00:00,2050-10-10 21:00:00,2050-10-10,1637.72,nan,628.86,644.48,533.2
2050-10-10 18:00:00,2050-10-10 22:00:00,2050-10-10,1292.74,nan,503.61,514.74,425.62
2050-10-10 19:00:00,2050-10-10 23:00:00,2050-10-10,484.42,nan,194.89,197.53,163.79
2050-10-10 20:00:00,2050-10-11 00:00:00,2050-10-10,152.44,nan,60.3,58.97,53.65
2050-10-10 21:00:00,2050-10-11 01:00:00,2050-10-10,66.36,nan,25.15,22.85,25.07
2050-10-10 22:00:00,2050-10-11 02:00:00,2050-10-10,36.13,nan,12.84,10.76,13.66
2050-10-10 23:00:00,2050-10-11 03:00:00,2050-10-10,25.13,nan,8.28,6.47,8.79
2050-10-11 00:00:00,2050-10-11 04:00:00,2050-10-11,24.21,nan,7.24,5.82,7.59
2050-10-11 01:00:00,2050-10-11 05:00:00,2050-10-11,34.79,nan,9.83,8.77,9.84
2050-10-11 02:00:00,2050-10-11 06:00:00,2050-10-11,60.52,nan,17.99,17.3,16.37
2050-10-11 03:00:00,2050-10-11 07:00:00,2050-10-11,109.63,nan,35.01,34.69,29.93
2050-10-11 04:00:00,2050-10-11 08:00:00,2050-10-11,205.06,nan,70.51,71.06,58.92
2050-10-11 05:00:00,2050-10-11 09:00:00,2050-10-11,341.78,nan,123.91,125.93,101.96
2050-10-11 06:00:00,2050-10-11 10:00:00,2050-10-11,505.17,nan,187.62,191.95,153.27
2050-10-11 07:00:00,2050-10-11 11:00:00,2050-10-11,691.25,nan,259.14,265.93,211.32
2050-10-11 08:00:00,2050-10-11 12:00:00,2050-10-11,498.96,nan,188.8,192.54,155.91
2050-10-11 09:00:00,2050-10-11 13:00:00,2050-10-11,52.73,nan,18.32,15.66,18.61
2050-10-11 10:00:00,2050-10-11 14:00:00,2050-10-11,55.47,nan,18.08,14.88,19.78
2050-10-11 11:00:00,2050-10-11 15:00:00,2050-10-11,186.17,nan,69.94,67.09,66.59
2050-10-11 12:00:00,2050-10-11 16:00:00,2050-10-11,687.73,nan,266.74,270.07,226.81
2050-10-11 13:00:00,2050-10-11 17:00:00,2050-10-11,1399.3,nan,534.91,546.46,457.98
2050-10-11 14:00:00,2050-10-11 18:00:00,2050-10-11,2168.2,nan,824.23,845.03,703.73
2050-10-11 15:00:00,2050-10-11 19:00:00,2050-10-11,2851.47,nan,1079.48,1108.53,925.41
2050-10-11 16:00:00,2050-10-11 20:00:00,2050-10-11,3283.65,nan,1240.61,1275.31,1066.43
2050-10-11 17:00:00,2050-10-11 21:00:00,2050-10-11,3328.69,nan,1258.55,1294.31,1081.73
2050-10-11 18:00:00,2050-10-11 22:00:00,2050-10-11,2753.39,nan,1044.75,1073.14,900.0
2050-10-11 19:00:00,2050-10-11 23:00:00,2050-10-11,1716.68,nan,657.96,675.07,565.3
2050-10-11 20:00:00,2050-10-12 00:00:00,2050-10-11,987.67,nan,385.86,394.86,329.58
2050-10-11 21:00:00,2050-10-12 01:00:00,2050-10-11,528.46,nan,209.27,212.48,180.1
2050-10-11 22:00:00,2050-10-12 02:00:00,2050-10-11,259.37,nan,102.12,101.54,90.21
2050-10-11 23:00:00,2050-10-12 03:00:00,2050-10-11,127.44,nan,48.0,45.47,45.32
2050-10-12 00:00:00,2050-10-12 04:00:00,2050-10-12,85.97,nan,30.75,27.86,30.11
2050-10-12 01:00:00,2050-10-12 05:00:00,2050-10-12,64.98,nan,22.44,19.32,23.23
2050-10-12 02:00:00,2050-10-12 06:00:00,2050-10-12,48.61,nan,15.7,12.62,16.95
2050-10-12 03:00:00,2050-10-12 07:00:00,2050-10-12,42.19,nan,12.75,9.8,13.39
2050-10-12 04:00:00,2050-10-12 08:00:00,2050-10-12,35.66,nan,9.81,7.0,9.82
2050-10-12 05:00:00,2050-10-12 09:00:00,2050-10-12,34.95,nan,9.21,6.41,8.96
2050-10-12 06:00:00,2050-10-12 10:00:00,2050-10-12,34.08,nan,8.88,6.3,8.3
2050-10-12 07:00:00,2050-10-12 11:00:00,2050-10-12,30.3,nan,8.57,7.65,7.4
2050-10-12 08:00:00,2050-10-12 12:00:00,2050-10-12,44.23,nan,12.93,11.75,11.71
2050-10-12 09:00:00,2050-10-12 13:00:00,2050-10-12,52.9,nan,16.53,13.51,17.14
2050-10-12 10:00:00,2050-10-12 14:00:00,2050-10-12,62.98,nan,21.26,17.55,24.48
2050-10-12 11:00:00,2050-10-12 15:00:00,2050-10-12,82.98,nan,29.12,24.74,34.34
2050-10-12 12:00:00,2050-10-12 16:00:00,2050-10-12,173.39,nan,66.28,62.12,66.99
2050-10-12 13:00:00,2050-10-12 17:00:00,2050-10-12,378.7,nan,149.28,147.26,135.5
2050-10-12 14:00:00,2050-10-12 18:00:00,2050-10-12,799.42,nan,319.08,322.37,270.19
2050-10-12 15:00:00,2050-10-12 19:00:00,2050-10-12,1206.38,nan,477.29,484.62,405.79
2050-10-12 16:00:00,2050-10-12 20:00:00,2050-10-12,1251.35,nan,491.33,499.2,421.73
2050-10-12 17:00:00,2050-10-12 21:00:00,2050-10-12,1276.3,nan,500.79,509.32,428.49
2050-10-12 18:00:00,2050-10-12 22:00:00,2050-10-12,887.47,nan,350.71,354.91,302.35
2050-10-12 19:00:00,2050-10-12 23:00:00,2050-10-12,216.18,nan,85.89,84.15,77.77
2050-10-12 20:00:00,2050-10-13 00:00:00,2050-10-12,46.92,nan,17.54,15.22,19.97
2050-10-12 21:00:00,2050-10-13 01:00:00,2050-10-12,24.04,nan,8.49,7.07,9.84
2050-10-12 22:00:00,2050-10-13 02:00:00,2050-10-12,16.33,nan,4.38,3.56,5.43
2050-10-12 23:00:00,2050-10-13 03:00:00,2050-10-12,60.3,nan,18.22,18.0,15.71
2050-10-13 00:00:00,2050-10-13 04:00:00,2050-10-13,257.72,nan,88.23,90.23,73.89
2050-10-13 01:00:00,2050-10-13 05:00:00,2050-10-13,601.66,nan,217.08,224.07,179.62
2050-10-13 02:00:00,2050-10-13 06:00:00,2050-10-13,961.01,nan,351.86,364.03,291.51
2050-10-13 03:00:00,2050-10-13 07:00:00,2050-10-13,1330.52,nan,491.03,508.33,406.92
2050-10-13 04:00:00,2050-10-13 08:00:00,2050-10-13,1685.73,nan,625.29,647.48,519.07
2050-10-13 05:00:00,2050-10-13 09:00:00,2050-10-13,2018.38,nan,750.99,777.54,625.7
2050-10-13 06:00:00,2050-10-13 10:00:00,2050-10-13,2311.87,nan,862.19,892.48,719.96
2050-10-13 07:00:00,2050-10-13 11:00:00,2050-10-13,2559.33,nan,956.03,989.39,799.79
2050-10-13 08:00:00,2050-10-13 12:00:00,2050-10-13,2237.24,nan,837.53,866.86,702.05
2050-10-13 09:00:00,2050-10-13 13:00:00,2050-10-13,1251.44,nan,465.71,482.52,394.33
2050-10-13 10:00:00,2050-10-13 14:00:00,2050-10-13,657.44,nan,243.57,251.99,212.78
2050-10-13 11:00:00,2050-10-13 15:00:00,2050-10-13,132.34,nan,48.01,48.59,49.55
2050-10-13 12:00:00,2050-10-13 16:00:00,2050-10-13,29.46,nan,11.02,9.43,13.44
2050-10-13 13:00:00,2050-10-13 17:00:00,2050-10-13,49.12,nan,18.91,16.49,22.64
2050-10-13 14:00:00,2050-10-13 18:00:00,2050-10-13,162.36,nan,64.93,62.26,63.91
2050-10-13 15:00:00,2050-10-13 19:00:00,2050-10-13,663.99,nan,263.04,265.13,219.99
2050-10-13 16:00:00,2050-10-13 20:00:00,2050-10-13,1187.07,nan,456.58,465.9,394.25
2050-10-13 17:00:00,2050-10-13 21:00:00,2050-10-13,1358.98,nan,524.85,536.87,443.81
2050-10-13 18:00:00,2050-10-13 22:00:00,2050-10-13,987.37,nan,384.74,392.37,326.31
2050-10-13 19:00:00,2050-10-13 23:00:00,2050-10-13,194.32,nan,79.73,79.16,70.54
2050-10-13 20:00:00,2050-10-14 00:00:00,2050-10-13,32.42,nan,13.17,11.82,15.73
2050-10-13 21:00:00,2050-10-14 01:00:00,2050-10-13,15.31,nan,5.93,5.18,7.38
2050-10-13 22:00:00,2050-10-14 02:00:00,2050-10-13,11.73,nan,3.94,3.45,5.17
2050-10-13 23:00:00,2050-10-14 03:00:00,2050-10-13,64.07,nan,20.46,20.72,17.91
2050-10-14 00:00:00,2050-10-14 04:00:00,2050-10-14,269.76,nan,94.7,97.07,79.36
2050-10-14 01:00:00,2050-10-14 05:00:00,2050-10-14,555.36,nan,203.71,210.27,168.71
2050-10-14 02:00:00,2050-10-14 06:00:00,2050-10-14,797.91,nan,296.58,306.93,244.87
2050-10-14 03:00:00,2050-10-14 07:00:00,2050-10-14,1016.49,nan,380.69,394.08,313.48
2050-10-14 04:00:00,2050-10-14 08:00:00,2050-10-14,1231.82,nan,464.96,481.27,381.79
2050-10-14 05:00:00,2050-10-14 09:00:00,2050-10-14,1421.28,nan,538.91,558.34,442.07
2050-10-14 06:00:00,2050-10-14 10:00:00,2050-10-14,1541.79,nan,585.1,606.24,482.63
2050-10-14 07:00:00,2050-10-14 11:00:00,2050-10-14,1578.12,nan,598.81,620.98,493.83
2050-10-14 08:00:00,2050-10-14 12:00:00,2050-10-14,1292.53,nan,493.96,512.52,405.85
2050-10-14 09:00:00,2050-10-14 13:00:00,2050-10-14,599.87,nan,233.38,241.86,192.46
2050-10-14 10:00:00,2050-10-14 14:00:00,2050-10-14,219.86,nan,85.31,86.9,73.28
2050-10-14 11:00:00,2050-10-14 15:00:00,2050-10-14,90.42,nan,33.93,33.17,30.91
2050-10-14 12:00:00,2050-10-14 16:00:00,2050-10-14,52.11,nan,18.14,15.39,21.78
2050-10-14 13:00:00,2050-10-14 17:00:00,2050-10-14,73.13,nan,26.45,22.21,32.17
2050-10-14 14:00:00,2050-10-14 18:00:00,2050-10-14,184.4,nan,69.2,65.52,70.62
2050-10-14 15:00:00,2050-10-14 19:00:00,2050-10-14,360.77,nan,140.09,138.04,126.5
2050-10-14 16:00:00,2050-10-14 20:00:00,2050-10-14,429.48,nan,167.31,164.36,153.81
2050-10-14 17:00:00,2050-10-14 21:00:00,2050-10-14,329.53,nan,124.87,120.88,118.37
2050-10-14 18:00:00,2050-10-14 22:00:00,2050-10-14,145.02,nan,55.41,50.08,61.06
2050-10-14 19:00:00,2050-10-14 23:00:00,2050-10-14,46.03,nan,17.33,14.77,21.56
2050-10-14 20:00:00,2050-10-15 00:00:00,2050-10-14,16.91,nan,6.11,5.04,8.13
2050-10-14 21:00:00,2050-10-15 01:00:00,2050-10-14,11.99,nan,4.16,3.36,5.51
2050-10-14 22:00:00,2050-10-15 02:00:00,2050-10-14,9.55,nan,3.09,2.51,4.18
2050-10-14 23:00:00,2050-10-15 03:00:00,2050-10-14,15.89,nan,4.42,4.36,5.45
2050-10-15 00:00:00,2050-10-15 04:00:00,2050-10-15,50.13,nan,14.82,15.72,14.73
2050-10-15 01:00:00,2050-10-15 05:00:00,2050-10-15,130.73,nan,44.1,46.22,38.63
2050-10-15 02:00:00,2050-10-15 06:00:00,2050-10-15,262.94,nan,93.08,97.39,77.79
2050-10-15 03:00:00,2050-10-15 07:00:00,2050-10-15,462.4,nan,168.01,175.2,138.59
2050-10-15 04:00:00,2050-10-15 08:00:00,2050-10-15,698.67,nan,256.78,267.51,210.99
2050-10-15 05:00:00,2050-10-15 09:00:00,2050-10-15,910.56,nan,334.97,348.66,276.6
2050-10-15 06:00:00,2050-10-15 10:00:00,2050-10-15,1093.79,nan,404.05,420.38,333.8
2050-10-15 07:00:00,2050-10-15 11:00:00,2050-10-15,1292.73,nan,479.21,498.2,396.3
2050-10-15 08:00:00,2050-10-15 12:00:00,2050-10-15,1187.54,nan,439.38,456.89,364.66
2050-10-15 09:00:00,2050-10-15 13:00:00,2050-10-15,827.32,nan,310.25,322.82,257.7
2050-10-15 10:00:00,2050-10-15 14:00:00,2050-10-15,411.85,nan,153.09,157.91,132.09
2050-10-15 11:00:00,2050-10-15 15:00:00,2050-10-15,129.11,nan,43.87,44.18,43.2
2050-10-15 12:00:00,2050-10-15 16:00:00,2050-10-15,64.33,nan,22.05,20.81,22.39
2050-10-15 13:00:00,2050-10-15 17:00:00,2050-10-15,54.32,nan,19.14,17.3,21.65
2050-10-15 14:00:00,2050-10-15 18:00:00,2050-10-15,70.92,nan,25.97,23.37,29.35
2050-10-15 15:00:00,2050-10-15 19:00:00,2050-10-15,84.82,nan,32.0,28.81,36.45
2050-10-15 16:00:00,2050-10-15 20:00:00,2050-10-15,107.28,nan,40.71,37.86,42.34
2050-10-15 17:00:00,2050-10-15 21:00:00,2050-10-15,78.75,nan,28.91,26.24,32.16
2050-10-15 18:00:00,2050-10-15 22:00:00,2050-10-15,112.61,nan,37.11,36.13,36.63
2050-10-15 19:00:00,2050-10-15 23:00:00,2050-10-15,280.89,nan,89.61,92.94,82.42
2050-10-15 20:00:00,2050-10-16 00:00:00,2050-10-15,601.5,nan,206.14,213.31,182.22
2050-10-15 21:00:00,2050-10-16 01:00:00,2050-10-15,926.69,nan,326.27,338.26,282.51
2050-10-15 22:00:00,2050-10-16 02:00:00,2050-10-15,1207.89,nan,432.69,448.63,370.11
2050-10-15 23:00:00,2050-10-16 03:00:00,2050-10-15,1444.3,nan,522.86,542.01,444.1
2050-10-16 00:00:00,2050-10-16 04:00:00,2050-10-16,1661.81,nan,606.76,628.76,513.31
2050-10-16 01:00:00,2050-10-16 05:00:00,2050-10-16,1854.09,nan,679.29,703.9,574.23
2050-10-16 02:00:00,2050-10-16 06:00:00,2050-10-16,2013.86,nan,740.23,766.93,625.79
2050-10-16 03:00:00,2050-10-16 07:00:00,2050-10-16,2253.93,nan,831.27,861.42,703.01
2050-10-16 04:00:00,2050-10-16 08:00:00,2050-10-16,2478.25,nan,917.17,950.43,775.6
2050-10-16 05:00:00,2050-10-16 09:00:00,2050-10-16,2671.32,nan,991.45,1027.18,838.53
2050-10-16 06:00:00,2050-10-16 10:00:00,2050-10-16,2823.08,nan,1049.93,1087.48,888.29
2050-10-16 07:00:00,2050-10-16 11:00:00,2050-10-16,2955.83,nan,1100.62,1139.5,931.29
2050-10-16 08:00:00,2050-10-16 12:00:00,2050-10-16,2620.95,nan,972.89,1007.53,825.72
2050-10-16 09:00:00,2050-10-16 13:00:00,2050-10-16,1772.16,nan,653.6,678.37,552.96
2050-10-16 10:00:00,2050-10-16 14:00:00,2050-10-16,1320.19,nan,483.92,503.72,411.39
2050-10-16 11:00:00,2050-10-16 15:00:00,2050-10-16,998.71,nan,365.48,381.36,313.5
2050-10-16 12:00:00,2050-10-16 16:00:00,2050-10-16,752.34,nan,272.35,284.18,236.17
2050-10-16 13:00:00,2050-10-16 17:00:00,2050-10-16,497.43,nan,174.37,182.71,156.11
2050-10-16 14:00:00,2050-10-16 18:00:00,2050-10-16,202.87,nan,66.57,69.93,65.67
2050-10-16 15:00:00,2050-10-16 19:00:00,2050-10-16,48.82,nan,13.63,13.77,18.58
2050-10-16 16:00:00,2050-10-16 20:00:00,2050-10-16,39.8,nan,13.88,12.43,17.77
2050-10-16 17:00:00,2050-10-16 21:00:00,2050-10-16,44.8,nan,16.71,14.94,20.09
2050-10-16 18:00:00,2050-10-16 22:00:00,2050-10-16,47.09,nan,13.39,12.23,17.98
2050-10-16 19:00:00,2050-10-16 23:00:00,2050-10-16,183.41,nan,53.16,55.24,54.82
2050-10-16 20:00:00,2050-10-17 00:00:00,2050-10-16,515.03,nan,173.21,179.61,156.77
2050-10-16 21:00:00,2050-10-17 01:00:00,2050-10-16,864.62,nan,305.6,317.1,264.76
2050-10-16 22:00:00,2050-10-17 02:00:00,2050-10-16,1201.8,nan,434.48,450.77,369.46
2050-10-16 23:00:00,2050-10-17 03:00:00,2050-10-16,1520.7,nan,557.41,577.97,470.2
2050-10-17 00:00:00,2050-10-17 04:00:00,2050-10-17,1815.98,nan,670.95,695.34,565.12
2050-10-17 01:00:00,2050-10-17 05:00:00,2050-10-17,2086.83,nan,775.02,802.68,652.77
2050-10-17 02:00:00,2050-10-17 06:00:00,2050-10-17,2326.27,nan,866.79,897.32,730.39
2050-10-17 03:00:00,2050-10-17 07:00:00,2050-10-17,2544.9,nan,950.17,983.3,801.29
2050-10-17 04:00:00,2050-10-17 08:00:00,2050-10-17,2750.01,nan,1028.48,1063.88,867.99
2050-10-17 05:00:00,2050-10-17 09:00:00,2050-10-17,2945.14,nan,1102.79,1140.3,931.11
2050-10-17 06:00:00,2050-10-17 10:00:00,2050-10-17,3127.18,nan,1171.47,1210.97,990.22
2050-10-17 07:00:00,2050-10-17 11:00:00,2050-10-17,3293.07,nan,1232.51,1274.11,1043.76
2050-10-17 08:00:00,2050-10-17 12:00:00,2050-10-17,2950.11,nan,1104.89,1142.15,936.66
2050-10-17 09:00:00,2050-10-17 13:00:00,2050-10-17,1862.09,nan,699.47,722.97,590.91
2050-10-17 10:00:00,2050-10-17 14:00:00,2050-10-17,1018.87,nan,382.57,395.65,327.54
2050-10-17 11:00:00,2050-10-17 15:00:00,2050-10-17,347.44,nan,129.78,133.22,119.24
2050-10-17 12:00:00,2050-10-17 16:00:00,2050-10-17,21.09,nan,8.11,7.42,10.91
2050-10-17 13:00:00,2050-10-17 17:00:00,2050-10-17,25.32,nan,9.84,8.65,12.31
2050-10-17 14:00:00,2050-10-17 18:00:00,2050-10-17,73.13,nan,29.49,26.62,34.12
2050-10-17 15:00:00,2050-10-17 19:00:00,2050-10-17,415.86,nan,175.55,176.86,142.23
2050-10-17 16:00:00,2050-10-17 20:00:00,2050-10-17,815.31,nan,329.82,335.86,272.02
2050-10-17 17:00:00,2050-10-17 21:00:00,2050-10-17,1037.16,nan,411.71,419.62,340.22
2050-10-17 18:00:00,2050-10-17 22:00:00,2050-10-17,590.01,nan,242.94,245.65,200.48
2050-10-17 19:00:00,2050-10-17 23:00:00,2050-10-17,135.52,nan,56.26,54.66,51.14
2050-10-17 20:00:00,2050-10-18 00:00:00,2050-10-17,28.36,nan,11.42,10.19,13.22
2050-10-17 21:00:00,2050-10-18 01:00:00,2050-10-17,13.01,nan,4.93,4.23,5.87
2050-10-17 22:00:00,2050-10-18 02:00:00,2050-10-17,7.09,nan,2.51,2.06,3.21
2050-10-17 23:00:00,2050-10-18 03:00:00,2050-10-17,41.48,nan,14.14,14.01,12.42
2050-10-18 00:00:00,2050-10-18 04:00:00,2050-10-18,164.79,nan,59.14,59.92,49.35
2050-10-18 01:00:00,2050-10-18 05:00:00,2050-10-18,415.11,nan,153.84,157.95,126.81
2050-10-18 02:00:00,2050-10-18 06:00:00,2050-10-18,731.5,nan,273.89,282.38,225.04
2050-10-18 03:00:00,2050-10-18 07:00:00,2050-10-18,1073.16,nan,403.28,416.34,331.62
2050-10-18 04:00:00,2050-10-18 08:00:00,2050-10-18,1416.26,nan,532.9,550.76,439.71
2050-10-18 05:00:00,2050-10-18 09:00:00,2050-10-18,1742.52,nan,655.87,678.07,543.42
2050-10-18 06:00:00,2050-10-18 10:00:00,2050-10-18,2037.99,nan,766.72,792.8,638.28
2050-10-18 07:00:00,2050-10-18 11:00:00,2050-10-18,2304.32,nan,866.02,895.6,723.77
2050-10-18 08:00:00,2050-10-18 12:00:00,2050-10-18,2098.77,nan,790.19,817.0,661.1
2050-10-18 09:00:00,2050-10-18 13:00:00,2050-10-18,1183.54,nan,445.04,460.18,374.48
2050-10-18 10:00:00,2050-10-18 14:00:00,2050-10-18,625.22,nan,233.67,240.99,202.73
2050-10-18 11:00:00,2050-10-18 15:00:00,2050-10-18,136.24,nan,49.53,49.77,50.01
2050-10-18 12:00:00,2050-10-18 16:00:00,2050-10-18,26.1,nan,9.57,8.09,11.69
2050-10-18 13:00:00,2050-10-18 17:00:00,2050-10-18,33.39,nan,12.5,10.6,15.63
2050-10-18 14:00:00,2050-10-18 18:00:00,2050-10-18,54.88,nan,21.25,18.57,25.78
2050-10-18 15:00:00,2050-10-18 19:00:00,2050-10-18,78.43,nan,30.8,27.17,36.77
2050-10-18 16:00:00,2050-10-18 20:00:00,2050-10-18,86.59,nan,33.63,29.8,40.02
2050-10-18 17:00:00,2050-10-18 21:00:00,2050-10-18,89.33,nan,34.56,30.72,40.39
2050-10-18 18:00:00,2050-10-18 22:00:00,2050-10-18,70.62,nan,27.16,23.61,32.49
2050-10-18 19:00:00,2050-10-18 23:00:00,2050-10-18,18.92,nan,7.18,6.2,9.36
2050-10-18 20:00:00,2050-10-19 00:00:00,2050-10-18,7.94,nan,2.54,2.32,3.59
2050-10-18 21:00:00,2050-10-19 01:00:00,2050-10-18,96.59,nan,30.6,31.71,27.93
2050-10-18 22:00:00,2050-10-19 02:00:00,2050-10-18,342.01,nan,119.21,123.55,101.86
2050-10-18 23:00:00,2050-10-19 03:00:00,2050-10-18,640.29,nan,230.92,239.34,193.91
2050-10-19 00:00:00,2050-10-19 04:00:00,2050-10-19,913.57,nan,334.11,346.11,279.01
2050-10-19 01:00:00,2050-10-19 05:00:00,2050-10-19,1112.96,nan,410.84,425.54,342.57
2050-10-19 02:00:00,2050-10-19 06:00:00,2050-10-19,1287.52,nan,478.83,496.2,396.93
2050-10-19 03:00:00,2050-10-19 07:00:00,2050-10-19,1411.94,nan,526.67,545.6,436.68
2050-10-19 04:00:00,2050-10-19 08:00:00,2050-10-19,1500.08,nan,560.34,580.63,464.82
2050-10-19 05:00:00,2050-10-19 09:00:00,2050-10-19,1547.5,nan,577.56,598.36,480.64
2050-10-19 06:00:00,2050-10-19 10:00:00,2050-10-19,1600.72,nan,597.39,619.14,497.09
2050-10-19 07:00:00,2050-10-19 11:00:00,2050-10-19,1644.58,nan,612.42,634.84,510.87
2050-10-19 08:00:00,2050-10-19 12:00:00,2050-10-19,1530.76,nan,568.56,589.9,473.38
2050-10-19 09:00:00,2050-10-19 13:00:00,2050-10-19,1305.43,nan,481.76,499.83,400.54
2050-10-19 10:00:00,2050-10-19 14:00:00,2050-10-19,1303.79,nan,479.82,498.25,400.22
2050-10-19 11:00:00,2050-10-19 15:00:00,2050-10-19,1290.11,nan,474.02,492.49,396.42
2050-10-19 12:00:00,2050-10-19 16:00:00,2050-10-19,1273.99,nan,465.66,483.93,390.95
2050-10-19 13:00:00,2050-10-19 17:00:00,2050-10-19,1297.48,nan,477.97,496.76,398.81
2050-10-19 14:00:00,2050-10-19 18:00:00,2050-10-19,1278.45,nan,471.65,489.47,392.17
2050-10-19 15:00:00,2050-10-19 19:00:00,2050-10-19,1024.25,nan,375.85,388.63,313.67
2050-10-19 16:00:00,2050-10-19 20:00:00,2050-10-19,650.56,nan,235.09,241.68,197.91
2050-10-19 17:00:00,2050-10-19 21:00:00,2050-10-19,332.39,nan,113.64,115.47,101.24
2050-10-19 18:00:00,2050-10-19 22:00:00,2050-10-19,451.76,nan,156.3,159.45,135.59
2050-10-19 19:00:00,2050-10-19 23:00:00,2050-10-19,916.87,nan,329.46,339.98,279.69
2050-10-19 20:00:00,2050-10-20 00:00:00,2050-10-19,1344.17,nan,489.02,505.88,414.93
2050-10-19 21:00:00,2050-10-20 01:00:00,2050-10-19,1643.51,nan,601.73,622.95,509.92
2050-10-19 22:00:00,2050-10-20 02:00:00,2050-10-19,1911.88,nan,703.22,728.12,596.05
2050-10-19 23:00:00,2050-10-20 03:00:00,2050-10-19,2152.98,nan,795.3,823.29,673.71
2050-10-20 00:00:00,2050-10-20 04:00:00,2050-10-20,2363.34,nan,875.86,906.48,742.1
2050-10-20 01:00:00,2050-10-20 05:00:00,2050-10-20,2539.06,nan,942.51,975.35,799.11
2050-10-20 02:00:00,2050-10-20 06:00:00,2050-10-20,2683.69,nan,998.04,1032.82,846.1
2050-10-20 03:00:00,2050-10-20 07:00:00,2050-10-20,2806.23,nan,1045.32,1081.7,885.9
2050-10-20 04:00:00,2050-10-20 08:00:00,2050-10-20,2915.46,nan,1087.14,1124.96,921.47
2050-10-20 05:00:00,2050-10-20 09:00:00,2050-10-20,3001.38,nan,1120.43,1159.37,949.37
2050-10-20 06:00:00,2050-10-20 10:00:00,2050-10-20,3062.94,nan,1144.62,1184.45,970.21
2050-10-20 07:00:00,2050-10-20 11:00:00,2050-10-20,3115.75,nan,1165.88,1206.47,987.97
2050-10-20 08:00:00,2050-10-20 12:00:00,2050-10-20,2759.38,nan,1034.45,1070.89,876.77
2050-10-20 09:00:00,2050-10-20 13:00:00,2050-10-20,1694.89,nan,636.34,658.93,538.96
2050-10-20 10:00:00,2050-10-20 14:00:00,2050-10-20,812.71,nan,305.88,317.01,264.41
2050-10-20 11:00:00,2050-10-20 15:00:00,2050-10-20,113.66,nan,41.67,42.47,44.07
2050-10-20 12:00:00,2050-10-20 16:00:00,2050-10-20,20.8,nan,7.5,6.24,9.43
2050-10-20 13:00:00,2050-10-20 17:00:00,2050-10-20,39.2,nan,14.83,12.63,18.14
2050-10-20 14:00:00,2050-10-20 18:00:00,2050-10-20,111.72,nan,42.49,39.6,44.37
2050-10-20 15:00:00,2050-10-20 19:00:00,2050-10-20,634.57,nan,249.14,250.94,206.83
2050-10-20 16:00:00,2050-10-20 20:00:00,2050-10-20,806.19,nan,315.61,318.94,267.65
2050-10-20 17:00:00,2050-10-20 21:00:00,2050-10-20,636.56,nan,254.52,255.42,212.2
2050-10-20 18:00:00,2050-10-20 22:00:00,2050-10-20,271.51,nan,110.56,107.64,99.18
2050-10-20 19:00:00,2050-10-20 23:00:00,2050-10-20,50.67,nan,19.94,17.6,24.19
2050-10-20 20:00:00,2050-10-21 00:00:00,2050-10-20,14.63,nan,5.5,4.76,7.37
2050-10-20 21:00:00,2050-10-21 01:00:00,2050-10-20,7.73,nan,2.73,2.26,3.76
2050-10-20 22:00:00,2050-10-21 02:00:00,2050-10-20,6.62,nan,2.11,1.77,2.88
2050-10-20 23:00:00,2050-10-21 03:00:00,2050-10-20,34.01,nan,10.26,10.65,9.79
2050-10-21 00:00:00,2050-10-21 04:00:00,2050-10-21,174.15,nan,60.57,63.1,51.31
2050-10-21 01:00:00,2050-10-21 05:00:00,2050-10-21,430.51,nan,156.9,162.97,129.69
2050-10-21 02:00:00,2050-10-21 06:00:00,2050-10-21,724.26,nan,266.36,276.64,220.68
2050-10-21 03:00:00,2050-10-21 07:00:00,2050-10-21,1031.57,nan,380.9,395.55,315.99
2050-10-21 04:00:00,2050-10-21 08:00:00,2050-10-21,1337.1,nan,495.82,514.53,411.54
2050-10-21 05:00:00,2050-10-21 09:00:00,2050-10-21,1591.32,nan,589.65,611.43,493.08
2050-10-21 06:00:00,2050-10-21 10:00:00,2050-10-21,1774.47,nan,657.64,681.18,551.36
2050-10-21 07:00:00,2050-10-21 11:00:00,2050-10-21,1889.86,nan,697.35,722.23,589.9
2050-10-21 08:00:00,2050-10-21 12:00:00,2050-10-21,1650.08,nan,605.86,627.65,514.11
2050-10-21 09:00:00,2050-10-21 13:00:00,2050-10-21,889.76,nan,318.55,328.79,278.14
2050-10-21 10:00:00,2050-10-21 14:00:00,2050-10-21,278.62,nan,90.35,93.13,90.22
2050-10-21 11:00:00,2050-10-21 15:00:00,2050-10-21,35.53,nan,11.7,10.02,14.57
2050-10-21 12:00:00,2050-10-21 16:00:00,2050-10-21,50.49,nan,18.49,15.53,21.52
2050-10-21 13:00:00,2050-10-21 17:00:00,2050-10-21,102.21,nan,39.3,35.27,43.15
2050-10-21 14:00:00,2050-10-21 18:00:00,2050-10-21,371.83,nan,149.51,148.04,128.01
2050-10-21 15:00:00,2050-10-21 19:00:00,2050-10-21,849.49,nan,336.53,339.76,275.87
2050-10-21 16:00:00,2050-10-21 20:00:00,2050-10-21,1187.52,nan,463.86,470.16,387.09
2050-10-21 17:00:00,2050-10-21 21:00:00,2050-10-21,743.03,nan,292.37,294.52,244.0
2050-10-21 18:00:00,2050-10-21 22:00:00,2050-10-21,164.71,nan,65.24,62.16,64.74
2050-10-21 19:00:00,2050-10-21 23:00:00,2050-10-21,24.58,nan,9.49,8.29,11.78
2050-10-21 20:00:00,2050-10-22 00:00:00,2050-10-21,14.38,nan,4.58,4.6,5.1
2050-10-21 21:00:00,2050-10-22 01:00:00,2050-10-21,251.34,nan,89.28,92.37,74.7
2050-10-21 22:00:00,2050-10-22 02:00:00,2050-10-21,700.48,nan,256.62,265.87,213.14
2050-10-21 23:00:00,2050-10-22 03:00:00,2050-10-21,1157.27,nan,426.93,442.6,355.04
2050-10-22 00:00:00,2050-10-22 04:00:00,2050-10-22,1605.21,nan,595.77,617.19,495.78
2050-10-22 01:00:00,2050-10-22 05:00:00,2050-10-22,2017.58,nan,751.2,777.83,626.73
2050-10-22 02:00:00,2050-10-22 06:00:00,2050-10-22,2390.68,nan,891.35,922.61,746.56
2050-10-22 03:00:00,2050-10-22 07:00:00,2050-10-22,2723.93,nan,1016.4,1051.71,853.92
2050-10-22 04:00:00,2050-10-22 08:00:00,2050-10-22,3023.87,nan,1128.9,1167.69,950.83
2050-10-22 05:00:00,2050-10-22 09:00:00,2050-10-22,3295.91,nan,1230.86,1272.82,1038.81
2050-10-22 06:00:00,2050-10-22 10:00:00,2050-10-22,3539.79,nan,1322.33,1367.23,1118.07
2050-10-22 07:00:00,2050-10-22 11:00:00,2050-10-22,3755.02,nan,1404.04,1451.28,1187.99
2050-10-22 08:00:00,2050-10-22 12:00:00,2050-10-22,3527.28,nan,1318.93,1363.42,1117.32
2050-10-22 09:00:00,2050-10-22 13:00:00,2050-10-22,2546.93,nan,948.68,981.13,804.87
2050-10-22 10:00:00,2050-10-22 14:00:00,2050-10-22,1838.86,nan,679.23,702.77,581.05
2050-10-22 11:00:00,2050-10-22 15:00:00,2050-10-22,1227.74,nan,448.89,464.87,388.55
2050-10-22 12:00:00,2050-10-22 16:00:00,2050-10-22,800.61,nan,289.31,299.51,254.96
2050-10-22 13:00:00,2050-10-22 17:00:00,2050-10-22,527.15,nan,188.16,194.26,169.49
2050-10-22 14:00:00,2050-10-22 18:00:00,2050-10-22,232.0,nan,80.39,82.36,77.62
2050-10-22 15:00:00,2050-10-22 19:00:00,2050-10-22,96.31,nan,34.06,34.22,35.06
2050-10-22 16:00:00,2050-10-22 20:00:00,2050-10-22,70.25,nan,25.49,25.07,26.22
2050-10-22 17:00:00,2050-10-22 21:00:00,2050-10-22,81.57,nan,29.62,29.29,30.78
2050-10-22 18:00:00,2050-10-22 22:00:00,2050-10-22,272.38,nan,91.11,93.14,86.31
2050-10-22 19:00:00,2050-10-22 23:00:00,2050-10-22,773.26,nan,272.35,281.85,240.59
2050-10-22 20:00:00,2050-10-23 00:00:00,2050-10-22,1351.49,nan,488.87,506.13,421.03
2050-10-22 21:00:00,2050-10-23 01:00:00,2050-10-22,1802.73,nan,660.05,683.18,563.98
2050-10-22 22:00:00,2050-10-23 02:00:00,2050-10-22,2207.57,nan,814.17,842.45,692.75
2050-10-22 23:00:00,2050-10-23 03:00:00,2050-10-22,2569.58,nan,952.03,984.77,809.19
2050-10-23 00:00:00,2050-10-23 04:00:00,2050-10-23,2884.44,nan,1072.46,1108.88,910.59
2050-10-23 01:00:00,2050-10-23 05:00:00,2050-10-23,3141.48,nan,1169.76,1209.13,993.32
2050-10-23 02:00:00,2050-10-23 06:00:00,2050-10-23,3370.02,nan,1256.58,1298.68,1066.91
2050-10-23 03:00:00,2050-10-23 07:00:00,2050-10-23,3563.79,nan,1329.91,1374.35,1129.73
2050-10-23 04:00:00,2050-10-23 08:00:00,2050-10-23,3734.46,nan,1393.98,1440.4,1184.84
2050-10-23 05:00:00,2050-10-23 09:00:00,2050-10-23,3872.75,nan,1444.83,1492.9,1229.48
2050-10-23 06:00:00,2050-10-23 10:00:00,2050-10-23,3992.17,nan,1487.84,1537.64,1267.75
2050-10-23 07:00:00,2050-10-23 11:00:00,2050-10-23,4094.24,nan,1525.31,1576.51,1300.92
2050-10-23 08:00:00,2050-10-23 12:00:00,2050-10-23,3773.7,nan,1406.55,1453.91,1200.27
2050-10-23 09:00:00,2050-10-23 13:00:00,2050-10-23,2675.71,nan,996.92,1030.55,850.71
2050-10-23 10:00:00,2050-10-23 14:00:00,2050-10-23,1814.55,nan,675.86,698.43,578.76
2050-10-23 11:00:00,2050-10-23 15:00:00,2050-10-23,1114.69,nan,404.91,418.43,352.97
2050-10-23 12:00:00,2050-10-23 16:00:00,2050-10-23,509.7,nan,179.12,184.2,165.82
2050-10-23 13:00:00,2050-10-23 17:00:00,2050-10-23,121.33,nan,40.44,40.88,42.3
2050-10-23 14:00:00,2050-10-23 18:00:00,2050-10-23,20.76,nan,8.51,7.74,10.74
2050-10-23 15:00:00,2050-10-23 19:00:00,2050-10-23,68.61,nan,28.37,25.61,34.32
2050-10-23 16:00:00,2050-10-23 20:00:00,2050-10-23,236.27,nan,98.56,97.79,83.97
2050-10-23 17:00:00,2050-10-23 21:00:00,2050-10-23,402.52,nan,169.66,172.09,137.5
2050-10-23 18:00:00,2050-10-23 22:00:00,2050-10-23,154.32,nan,63.81,61.72,60.04
2050-10-23 19:00:00,2050-10-23 23:00:00,2050-10-23,31.25,nan,13.09,11.95,15.39
2050-10-23 20:00:00,2050-10-24 00:00:00,2050-10-23,11.54,nan,3.96,3.83,5.05
2050-10-23 21:00:00,2050-10-24 01:00:00,2050-10-23,59.17,nan,16.38,16.86,17.19
2050-10-23 22:00:00,2050-10-24 02:00:00,2050-10-23,110.39,nan,31.68,32.58,31.67
2050-10-23 23:00:00,2050-10-24 03:00:00,2050-10-23,157.93,nan,47.21,48.33,45.67
2050-10-24 00:00:00,2050-10-24 04:00:00,2050-10-24,202.51,nan,62.2,63.68,59.0
2050-10-24 01:00:00,2050-10-24 05:00:00,2050-10-24,257.76,nan,81.07,82.99,75.4
2050-10-24 02:00:00,2050-10-24 06:00:00,2050-10-24,345.73,nan,112.84,115.62,102.34
2050-10-24 03:00:00,2050-10-24 07:00:00,2050-10-24,433.58,nan,145.71,149.33,129.25
2050-10-24 04:00:00,2050-10-24 08:00:00,2050-10-24,556.64,nan,191.43,196.37,167.3
2050-10-24 05:00:00,2050-10-24 09:00:00,2050-10-24,699.6,nan,245.06,251.95,211.63
2050-10-24 06:00:00,2050-10-24 10:00:00,2050-10-24,874.21,nan,311.25,320.68,266.66
2050-10-24 07:00:00,2050-10-24 11:00:00,2050-10-24,1116.04,nan,404.11,417.06,342.89
2050-10-24 08:00:00,2050-10-24 12:00:00,2050-10-24,1002.59,nan,364.55,376.25,309.88
2050-10-24 09:00:00,2050-10-24 13:00:00,2050-10-24,339.61,nan,118.71,120.44,108.66
2050-10-24 10:00:00,2050-10-24 14:00:00,2050-10-24,60.71,nan,20.12,18.39,22.57
2050-10-24 11:00:00,2050-10-24 15:00:00,2050-10-24,48.18,nan,17.57,14.69,19.94
2050-10-24 12:00:00,2050-10-24 16:00:00,2050-10-24,101.62,nan,39.3,35.2,41.57
2050-10-24 13:00:00,2050-10-24 17:00:00,2050-10-24,209.38,nan,84.59,81.07,77.09
2050-10-24 14:00:00,2050-10-24 18:00:00,2050-10-24,406.56,nan,166.26,165.21,140.16
2050-10-24 15:00:00,2050-10-24 19:00:00,2050-10-24,587.16,nan,239.19,240.86,195.98
2050-10-24 16:00:00,2050-10-24 20:00:00,2050-10-24,672.72,nan,273.41,275.98,223.97
2050-10-24 17:00:00,2050-10-24 21:00:00,2050-10-24,800.24,nan,322.71,327.02,264.03
2050-10-24 18:00:00,2050-10-24 22:00:00,2050-10-24,587.91,nan,237.57,238.87,197.43
2050-10-24 19:00:00,2050-10-24 23:00:00,2050-10-24,237.29,nan,94.41,93.14,80.65
2050-10-24 20:00:00,2050-10-25 00:00:00,2050-10-24,85.44,nan,31.76,29.3,30.92
2050-10-24 21:00:00,2050-10-25 01:00:00,2050-10-24,47.84,nan,16.88,14.27,18.24
2050-10-24 22:00:00,2050-10-25 02:00:00,2050-10-24,36.08,nan,12.1,9.64,13.07
2050-10-24 23:00:00,2050-10-25 03:00:00,2050-10-24,26.4,nan,8.31,6.21,8.8
2050-10-25 00:00:00,2050-10-25 04:00:00,2050-10-25,22.03,nan,6.57,4.63,6.81
2050-10-25 01:00:00,2050-10-25 05:00:00,2050-10-25,17.62,nan,4.86,3.11,4.77
2050-10-25 02:00:00,2050-10-25 06:00:00,2050-10-25,21.37,nan,5.97,4.45,5.29
2050-10-25 03:00:00,2050-10-25 07:00:00,2050-10-25,53.12,nan,16.38,15.5,13.96
2050-10-25 04:00:00,2050-10-25 08:00:00,2050-10-25,118.54,nan,38.89,39.01,33.21
2050-10-25 05:00:00,2050-10-25 09:00:00,2050-10-25,198.91,nan,67.37,68.64,58.15
2050-10-25 06:00:00,2050-10-25 10:00:00,2050-10-25,265.75,nan,91.41,93.59,79.69
2050-10-25 07:00:00,2050-10-25 11:00:00,2050-10-25,314.48,nan,110.58,113.51,95.79
2050-10-25 08:00:00,2050-10-25 12:00:00,2050-10-25,194.0,nan,65.44,66.15,59.05
2050-10-25 09:00:00,2050-10-25 13:00:00,2050-10-25,57.68,nan,18.23,14.14,20.47
2050-10-25 10:00:00,2050-10-25 14:00:00,2050-10-25,118.06,nan,40.73,36.0,42.73
2050-10-25 11:00:00,2050-10-25 15:00:00,2050-10-25,348.54,nan,132.18,129.73,115.49
2050-10-25 12:00:00,2050-10-25 16:00:00,2050-10-25,922.98,nan,359.23,361.77,294.96
2050-10-25 13:00:00,2050-10-25 17:00:00,2050-10-25,1573.14,nan,602.19,612.7,505.4
2050-10-25 14:00:00,2050-10-25 18:00:00,2050-10-25,2254.67,nan,855.89,875.01,727.0
2050-10-25 15:00:00,2050-10-25 19:00:00,2050-10-25,2788.02,nan,1055.3,1081.04,901.42
2050-10-25 16:00:00,2050-10-25 20:00:00,2050-10-25,3071.28,nan,1161.01,1190.76,994.69
2050-10-25 17:00:00,2050-10-25 21:00:00,2050-10-25,2915.43,nan,1102.71,1130.86,945.36
2050-10-25 18:00:00,2050-10-25 22:00:00,2050-10-25,2350.45,nan,892.06,913.09,768.58
2050-10-25 19:00:00,2050-10-25 23:00:00,2050-10-25,1631.86,nan,622.55,636.71,533.91
2050-10-25 20:00:00,2050-10-26 00:00:00,2050-10-25,1205.0,nan,462.9,472.79,395.2
2050-10-25 21:00:00,2050-10-26 01:00:00,2050-10-25,948.92,nan,365.64,372.28,313.83
2050-10-25 22:00:00,2050-10-26 02:00:00,2050-10-25,745.47,nan,288.33,292.38,248.64
2050-10-25 23:00:00,2050-10-26 03:00:00,2050-10-25,563.42,nan,218.71,220.36,189.86
2050-10-26 00:00:00,2050-10-26 04:00:00,2050-10-26,405.0,nan,156.68,156.24,138.34
2050-10-26 01:00:00,2050-10-26 05:00:00,2050-10-26,256.65,nan,98.15,95.95,89.87
2050-10-26 02:00:00,2050-10-26 06:00:00,2050-10-26,161.08,nan,59.54,56.21,58.25
2050-10-26 03:00:00,2050-10-26 07:00:00,2050-10-26,105.42,nan,37.18,33.48,39.29
2050-10-26 04:00:00,2050-10-26 08:00:00,2050-10-26,75.94,nan,26.08,22.37,28.92
2050-10-26 05:00:00,2050-10-26 09:00:00,2050-10-26,63.0,nan,21.5,17.96,24.39
2050-10-26 06:00:00,2050-10-26 10:00:00,2050-10-26,54.03,nan,18.25,14.91,21.01
2050-10-26 07:00:00,2050-10-26 11:00:00,2050-10-26,48.19,nan,16.21,13.04,18.7
2050-10-26 08:00:00,2050-10-26 12:00:00,2050-10-26,84.98,nan,29.13,25.17,33.05
2050-10-26 09:00:00,2050-10-26 13:00:00,2050-10-26,344.31,nan,122.77,119.57,121.91
2050-10-26 10:00:00,2050-10-26 14:00:00,2050-10-26,401.42,nan,147.7,144.91,139.26
2050-10-26 11:00:00,2050-10-26 15:00:00,2050-10-26,548.5,nan,205.39,204.54,185.02
2050-10-26 12:00:00,2050-10-26 16:00:00,2050-10-26,685.34,nan,256.9,257.54,230.19
2050-10-26 13:00:00,2050-10-26 17:00:00,2050-10-26,871.51,nan,320.58,322.51,289.69
2050-10-26 14:00:00,2050-10-26 18:00:00,2050-10-26,1230.7,nan,456.96,464.3,404.12
2050-10-26 15:00:00,2050-10-26 19:00:00,2050-10-26,1544.24,nan,574.94,585.25,505.22
2050-10-26 16:00:00,2050-10-26 20:00:00,2050-10-26,1822.92,nan,680.93,695.05,598.3
2050-10-26 17:00:00,2050-10-26 21:00:00,2050-10-26,1835.53,nan,685.88,700.59,603.29
2050-10-26 18:00:00,2050-10-26 22:00:00,2050-10-26,1615.4,nan,607.72,619.73,535.8
2050-10-26 19:00:00,2050-10-26 23:00:00,2050-10-26,1116.12,nan,421.32,429.27,371.58
2050-10-26 20:00:00,2050-10-27 00:00:00,2050-10-26,797.83,nan,304.41,309.42,267.39
2050-10-26 21:00:00,2050-10-27 01:00:00,2050-10-26,658.26,nan,252.84,256.18,223.58
2050-10-26 22:00:00,2050-10-27 02:00:00,2050-10-26,577.76,nan,222.46,224.84,197.26
2050-10-26 23:00:00,2050-10-27 03:00:00,2050-10-26,481.21,nan,183.9,185.27,165.8
2050-10-27 00:00:00,2050-10-27 04:00:00,2050-10-27,401.97,nan,153.7,154.26,139.84
2050-10-27 01:00:00,2050-10-27 05:00:00,2050-10-27,345.15,nan,130.99,131.08,120.06
2050-10-27 02:00:00,2050-10-27 06:00:00,2050-10-27,332.91,nan,125.41,125.39,115.36
2050-10-27 03:00:00,2050-10-27 07:00:00,2050-10-27,322.8,nan,121.75,121.6,111.53
2050-10-27 04:00:00,2050-10-27 08:00:00,2050-10-27,300.1,nan,112.33,111.94,103.92
2050-10-27 05:00:00,2050-10-27 09:00:00,2050-10-27,312.64,nan,117.7,117.5,107.65
2050-10-27 06:00:00,2050-10-27 10:00:00,2050-10-27,297.71,nan,111.42,110.9,103.72
2050-10-27 07:00:00,2050-10-27 11:00:00,2050-10-27,311.2,nan,117.05,116.67,108.05
2050-10-27 08:00:00,2050-10-27 12:00:00,2050-10-27,631.83,nan,241.28,242.72,217.78
2050-10-27 09:00:00,2050-10-27 13:00:00,2050-10-27,1104.24,nan,411.51,417.11,370.44
2050-10-27 10:00:00,2050-10-27 14:00:00,2050-10-27,1226.0,nan,462.26,469.01,411.39
2050-10-27 11:00:00,2050-10-27 15:00:00,2050-10-27,1781.57,nan,679.59,695.4,589.96
2050-10-27 12:00:00,2050-10-27 16:00:00,2050-10-27,2115.67,nan,803.18,822.64,697.23
2050-10-27 13:00:00,2050-10-27 17:00:00,2050-10-27,2322.63,nan,880.73,902.93,763.38
2050-10-27 14:00:00,2050-10-27 18:00:00,2050-10-27,2788.1,nan,1060.82,1089.19,914.85
2050-10-27 15:00:00,2050-10-27 19:00:00,2050-10-27,3065.12,nan,1165.18,1194.52,1008.08
2050-10-27 16:00:00,2050-10-27 20:00:00,2050-10-27,3011.96,nan,1136.88,1166.85,992.81
2050-10-27 17:00:00,2050-10-27 21:00:00,2050-10-27,2751.71,nan,1039.97,1066.16,909.13
2050-10-27 18:00:00,2050-10-27 22:00:00,2050-10-27,2368.26,nan,896.9,917.89,787.02
2050-10-27 19:00:00,2050-10-27 23:00:00,2050-10-27,1676.44,nan,638.13,652.24,557.38
2050-10-27 20:00:00,2050-10-28 00:00:00,2050-10-27,1184.31,nan,451.35,460.96,394.45
2050-10-27 21:00:00,2050-10-28 01:00:00,2050-10-27,947.83,nan,363.47,369.57,318.25
2050-10-27 22:00:00,2050-10-28 02:00:00,2050-10-27,768.66,nan,295.73,299.59,261.22
2050-10-27 23:00:00,2050-10-28 03:00:00,2050-10-27,639.4,nan,246.59,248.64,219.33
2050-10-28 00:00:00,2050-10-28 04:00:00,2050-10-28,600.54,nan,231.42,232.65,206.13
2050-10-28 01:00:00,2050-10-28 05:00:00,2050-10-28,623.52,nan,240.76,242.0,212.11
2050-10-28 02:00:00,2050-10-28 06:00:00,2050-10-28,580.01,nan,222.06,222.62,198.44
2050-10-28 03:00:00,2050-10-28 07:00:00,2050-10-28,469.02,nan,178.18,177.7,161.77
2050-10-28 04:00:00,2050-10-28 08:00:00,2050-10-28,224.02,nan,81.89,79.18,82.06
2050-10-28 05:00:00,2050-10-28 09:00:00,2050-10-28,95.64,nan,32.08,28.24,37.54
2050-10-28 06:00:00,2050-10-28 10:00:00,2050-10-28,61.16,nan,19.81,15.97,22.57
2050-10-28 07:00:00,2050-10-28 11:00:00,2050-10-28,56.99,nan,18.21,14.37,20.73
2050-10-28 08:00:00,2050-10-28 12:00:00,2050-10-28,91.5,nan,30.95,26.96,34.17
2050-10-28 09:00:00,2050-10-28 13:00:00,2050-10-28,495.42,nan,181.25,179.58,169.12
2050-10-28 10:00:00,2050-10-28 14:00:00,2050-10-28,836.31,nan,308.72,310.74,276.89
2050-10-28 11:00:00,2050-10-28 15:00:00,2050-10-28,1474.93,nan,548.86,559.06,480.13
2050-10-28 12:00:00,2050-10-28 16:00:00,2050-10-28,2028.62,nan,759.17,776.2,656.51
2050-10-28 13:00:00,2050-10-28 17:00:00,2050-10-28,2546.51,nan,954.25,977.56,824.91
2050-10-28 14:00:00,2050-10-28 18:00:00,2050-10-28,3154.47,nan,1182.83,1213.31,1021.47
2050-10-28 15:00:00,2050-10-28 19:00:00,2050-10-28,3626.63,nan,1360.14,1396.63,1174.25
2050-10-28 16:00:00,2050-10-28 20:00:00,2050-10-28,3869.65,nan,1452.42,1492.07,1252.59
2050-10-28 17:00:00,2050-10-28 21:00:00,2050-10-28,3754.23,nan,1413.91,1452.97,1216.43
2050-10-28 18:00:00,2050-10-28 22:00:00,2050-10-28,2971.11,nan,1122.59,1152.12,970.74
2050-10-28 19:00:00,2050-10-28 23:00:00,2050-10-28,1962.16,nan,745.2,764.64,643.23
2050-10-28 20:00:00,2050-10-29 00:00:00,2050-10-28,1106.95,nan,423.45,433.64,366.16
2050-10-28 21:00:00,2050-10-29 01:00:00,2050-10-28,480.63,nan,185.96,188.73,163.82
2050-10-28 22:00:00,2050-10-29 02:00:00,2050-10-28,124.27,nan,46.4,44.8,45.67
2050-10-28 23:00:00,2050-10-29 03:00:00,2050-10-28,32.03,nan,11.0,9.11,12.84
2050-10-29 00:00:00,2050-10-29 04:00:00,2050-10-29,12.57,nan,4.26,3.4,5.17
2050-10-29 01:00:00,2050-10-29 05:00:00,2050-10-29,29.14,nan,9.81,9.6,8.9
2050-10-29 02:00:00,2050-10-29 06:00:00,2050-10-29,258.4,nan,94.3,97.05,74.74
2050-10-29 03:00:00,2050-10-29 07:00:00,2050-10-29,656.75,nan,243.96,252.5,195.78
2050-10-29 04:00:00,2050-10-29 08:00:00,2050-10-29,1036.68,nan,385.97,399.89,314.55
2050-10-29 05:00:00,2050-10-29 09:00:00,2050-10-29,1425.34,nan,532.96,552.01,435.68
2050-10-29 06:00:00,2050-10-29 10:00:00,2050-10-29,1785.06,nan,668.78,692.4,549.03
2050-10-29 07:00:00,2050-10-29 11:00:00,2050-10-29,2060.43,nan,773.35,799.48,637.54
2050-10-29 08:00:00,2050-10-29 12:00:00,2050-10-29,1959.69,nan,733.82,759.39,606.15
2050-10-29 09:00:00,2050-10-29 13:00:00,2050-10-29,1578.81,nan,595.99,618.39,488.37
2050-10-29 10:00:00,2050-10-29 14:00:00,2050-10-29,1360.96,nan,519.04,538.93,423.35
2050-10-29 11:00:00,2050-10-29 15:00:00,2050-10-29,1189.77,nan,459.77,477.73,372.69
2050-10-29 12:00:00,2050-10-29 16:00:00,2050-10-29,1030.26,nan,395.88,411.52,324.32
2050-10-29 13:00:00,2050-10-29 17:00:00,2050-10-29,952.74,nan,365.68,380.0,298.91
2050-10-29 14:00:00,2050-10-29 18:00:00,2050-10-29,772.97,nan,294.05,305.75,242.9
2050-10-29 15:00:00,2050-10-29 19:00:00,2050-10-29,548.31,nan,207.85,215.0,172.66
2050-10-29 16:00:00,2050-10-29 20:00:00,2050-10-29,242.96,nan,84.46,87.23,77.93
2050-10-29 17:00:00,2050-10-29 21:00:00,2050-10-29,207.31,nan,71.47,73.68,67.57
2050-10-29 18:00:00,2050-10-29 22:00:00,2050-10-29,464.6,nan,166.75,172.24,144.48
2050-10-29 19:00:00,2050-10-29 23:00:00,2050-10-29,1074.98,nan,395.39,410.49,332.18
2050-10-29 20:00:00,2050-10-30 00:00:00,2050-10-29,1606.98,nan,595.66,618.22,498.31
2050-10-29 21:00:00,2050-10-30 01:00:00,2050-10-29,2018.51,nan,750.28,778.38,628.07
2050-10-29 22:00:00,2050-10-30 02:00:00,2050-10-29,2388.61,nan,890.34,922.85,746.54
2050-10-29 23:00:00,2050-10-30 03:00:00,2050-10-29,2712.41,nan,1011.63,1048.29,850.65
2050-10-30 00:00:00,2050-10-30 04:00:00,2050-10-30,2987.56,nan,1115.09,1155.04,939.68
2050-10-30 01:00:00,2050-10-30 05:00:00,2050-10-30,3240.1,nan,1209.89,1253.03,1021.23
2050-10-30 02:00:00,2050-10-30 06:00:00,2050-10-30,3467.61,nan,1295.31,1341.24,1094.8
2050-10-30 03:00:00,2050-10-30 07:00:00,2050-10-30,3673.81,nan,1372.23,1420.79,1161.19
2050-10-30 04:00:00,2050-10-30 08:00:00,2050-10-30,3867.51,nan,1444.55,1495.32,1223.6
2050-10-30 05:00:00,2050-10-30 09:00:00,2050-10-30,4047.13,nan,1512.13,1564.73,1281.74
2050-10-30 06:00:00,2050-10-30 10:00:00,2050-10-30,4220.55,nan,1577.48,1631.66,1337.73
2050-10-30 07:00:00,2050-10-30 11:00:00,2050-10-30,4383.18,nan,1638.44,1694.03,1390.23
2050-10-30 08:00:00,2050-10-30 12:00:00,2050-10-30,4221.26,nan,1576.58,1630.62,1339.04
2050-10-30 09:00:00,2050-10-30 13:00:00,2050-10-30,3318.58,nan,1240.67,1283.94,1052.0
2050-10-30 10:00:00,2050-10-30 14:00:00,2050-10-30,2531.91,nan,946.87,980.09,804.01
2050-10-30 11:00:00,2050-10-30 15:00:00,2050-10-30,1687.07,nan,628.68,651.05,536.5
2050-10-30 12:00:00,2050-10-30 16:00:00,2050-10-30,996.77,nan,368.33,382.31,317.58
2050-10-30 13:00:00,2050-10-30 17:00:00,2050-10-30,519.68,nan,190.56,197.37,169.3
2050-10-30 14:00:00,2050-10-30 18:00:00,2050-10-30,104.6,nan,36.44,37.65,38.23
2050-10-30 15:00:00,2050-10-30 19:00:00,2050-10-30,16.31,nan,6.64,6.1,8.74
2050-10-30 16:00:00,2050-10-30 20:00:00,2050-10-30,18.62,nan,7.78,7.17,10.1
2050-10-30 17:00:00,2050-10-30 21:00:00,2050-10-30,19.36,nan,7.91,7.25,10.59
2050-10-30 18:00:00,2050-10-30 22:00:00,2050-10-30,37.53,nan,13.25,13.07,14.44
2050-10-30 19:00:00,2050-10-30 23:00:00,2050-10-30,284.57,nan,98.26,101.81,89.59
2050-10-30 20:00:00,2050-10-31 00:00:00,2050-10-30,612.67,nan,219.51,227.77,191.74
2050-10-30 21:00:00,2050-10-31 01:00:00,2050-10-30,814.2,nan,295.04,306.66,253.9
2050-10-30 22:00:00,2050-10-31 02:00:00,2050-10-30,1022.02,nan,374.67,389.43,318.65
2050-10-30 23:00:00,2050-10-31 03:00:00,2050-10-30,1197.48,nan,441.83,459.17,373.72
2050-10-31 00:00:00,2050-10-31 04:00:00,2050-10-31,1332.68,nan,493.62,512.88,416.69
2050-10-31 01:00:00,2050-10-31 05:00:00,2050-10-31,1453.12,nan,539.8,560.76,455.3
2050-10-31 02:00:00,2050-10-31 06:00:00,2050-10-31,1621.73,nan,604.2,627.69,509.07
2050-10-31 03:00:00,2050-10-31 07:00:00,2050-10-31,1829.89,nan,681.82,707.85,575.48
2050-10-31 04:00:00,2050-10-31 08:00:00,2050-10-31,2034.21,nan,757.21,785.68,640.97
2050-10-31 05:00:00,2050-10-31 09:00:00,2050-10-31,2231.78,nan,830.18,861.07,704.47
2050-10-31 06:00:00,2050-10-31 10:00:00,2050-10-31,2433.58,nan,905.09,938.31,769.28
2050-10-31 07:00:00,2050-10-31 11:00:00,2050-10-31,2604.05,nan,968.2,1003.42,823.44
2050-10-31 08:00:00,2050-10-31 12:00:00,2050-10-31,2487.05,nan,924.91,958.68,785.57
2050-10-31 09:00:00,2050-10-31 13:00:00,2050-10-31,1594.54,nan,595.67,617.68,503.52
2050-10-31 10:00:00,2050-10-31 14:00:00,2050-10-31,892.3,nan,330.5,343.04,286.44
2050-10-31 11:00:00,2050-10-31 15:00:00,2050-10-31,382.13,nan,140.14,145.11,128.25
2050-10-31 12:00:00,2050-10-31 16:00:00,2050-10-31,84.82,nan,29.09,29.97,32.7
2050-10-31 13:00:00,2050-10-31 17:00:00,2050-10-31,17.97,nan,7.03,6.4,9.45
2050-10-31 14:00:00,2050-10-31 18:00:00,2050-10-31,33.74,nan,13.61,11.95,17.81
2050-10-31 15:00:00,2050-10-31 19:00:00,2050-10-31,56.34,nan,22.84,20.49,27.38
2050-10-31 16:00:00,2050-10-31 20:00:00,2050-10-31,77.31,nan,31.48,29.41,35.84
2050-10-31 17:00:00,2050-10-31 21:00:00,2050-10-31,58.85,nan,24.2,21.94,29.03
2050-10-31 18:00:00,2050-10-31 22:00:00,2050-10-31,30.45,nan,12.15,10.78,15.6
2050-10-31 19:00:00,2050-10-31 23:00:00,2050-10-31,123.27,nan,39.74,41.59,38.95
2050-10-31 20:00:00,2050-11-01 00:00:00,2050-10-31,415.23,nan,149.05,154.32,128.11
2050-10-31 21:00:00,2050-11-01 01:00:00,2050-10-31,924.68,nan,338.63,350.62,285.13
2050-10-31 22:00:00,2050-11-01 02:00:00,2050-10-31,1440.08,nan,528.25,547.05,443.29
2050-10-31 23:00:00,2050-11-01 03:00:00,2050-10-31,1970.03,nan,727.74,753.3,610.86
2050-11-01 00:00:00,2050-11-01 04:00:00,2050-11-01,2408.56,nan,890.28,921.5,750.57
2050-11-01 01:00:00,2050-11-01 05:00:00,2050-11-01,2853.82,nan,1056.23,1092.94,892.32
2050-11-01 02:00:00,2050-11-01 06:00:00,2050-11-01,3242.0,nan,1202.05,1243.49,1017.61
2050-11-01 03:00:00,2050-11-01 07:00:00,2050-11-01,3598.54,nan,1333.78,1379.82,1132.16
2050-11-01 04:00:00,2050-11-01 08:00:00,2050-11-01,3924.63,nan,1455.41,1505.59,1237.35
2050-11-01 05:00:00,2050-11-01 09:00:00,2050-11-01,4239.33,nan,1573.56,1627.54,1338.93
2050-11-01 06:00:00,2050-11-01 10:00:00,2050-11-01,4530.52,nan,1683.26,1740.8,1432.68
2050-11-01 07:00:00,2050-11-01 11:00:00,2050-11-01,4778.66,nan,1775.8,1836.02,1512.31
2050-11-01 08:00:00,2050-11-01 12:00:00,2050-11-01,4704.8,nan,1749.22,1809.08,1490.07
2050-11-01 09:00:00,2050-11-01 13:00:00,2050-11-01,3761.46,nan,1395.39,1443.93,1190.76
2050-11-01 10:00:00,2050-11-01 14:00:00,2050-11-01,3080.61,nan,1139.74,1179.38,975.65
2050-11-01 11:00:00,2050-11-01 15:00:00,2050-11-01,2449.69,nan,903.07,934.62,775.4
2050-11-01 12:00:00,2050-11-01 16:00:00,2050-11-01,1915.51,nan,702.48,727.42,604.28
2050-11-01 13:00:00,2050-11-01 17:00:00,2050-11-01,1485.89,nan,541.87,561.58,466.03
2050-11-01 14:00:00,2050-11-01 18:00:00,2050-11-01,982.06,nan,355.32,368.14,310.75
2050-11-01 15:00:00,2050-11-01 19:00:00,2050-11-01,577.0,nan,205.84,212.98,185.54
2050-11-01 16:00:00,2050-11-01 20:00:00,2050-11-01,330.87,nan,115.18,118.52,110.15
2050-11-01 17:00:00,2050-11-01 21:00:00,2050-11-01,338.18,nan,117.75,120.9,112.25
2050-11-01 18:00:00,2050-11-01 22:00:00,2050-11-01,858.73,nan,309.05,319.23,268.61
2050-11-01 19:00:00,2050-11-01 23:00:00,2050-11-01,1610.53,nan,588.57,608.88,502.84
2050-11-01 20:00:00,2050-11-02 00:00:00,2050-11-01,2252.86,nan,830.8,858.87,709.1
2050-11-01 21:00:00,2050-11-02 01:00:00,2050-11-01,2681.06,nan,992.39,1025.87,845.65
2050-11-01 22:00:00,2050-11-02 02:00:00,2050-11-01,3051.14,nan,1131.92,1170.16,963.86
2050-11-01 23:00:00,2050-11-02 03:00:00,2050-11-01,3378.91,nan,1255.58,1298.09,1068.69
2050-11-02 00:00:00,2050-11-02 04:00:00,2050-11-02,3682.17,nan,1369.4,1415.73,1165.13
2050-11-02 01:00:00,2050-11-02 05:00:00,2050-11-02,3948.53,nan,1469.03,1518.62,1249.87
2050-11-02 02:00:00,2050-11-02 06:00:00,2050-11-02,4177.81,nan,1554.35,1606.75,1322.9
2050-11-02 03:00:00,2050-11-02 07:00:00,2050-11-02,4396.11,nan,1636.18,1691.23,1392.93
2050-11-02 04:00:00,2050-11-02 08:00:00,2050-11-02,4589.27,nan,1708.56,1766.0,1454.78
2050-11-02 05:00:00,2050-11-02 09:00:00,2050-11-02,4757.72,nan,1771.5,1830.99,1508.83
2050-11-02 06:00:00,2050-11-02 10:00:00,2050-11-02,4912.75,nan,1829.63,1891.01,1558.74
2050-11-02 07:00:00,2050-11-02 11:00:00,2050-11-02,5051.14,nan,1881.33,1944.43,1603.48
2050-11-02 08:00:00,2050-11-02 12:00:00,2050-11-02,4892.45,nan,1823.04,1885.02,1552.86
2050-11-02 09:00:00,2050-11-02 13:00:00,2050-11-02,3878.29,nan,1443.09,1493.68,1231.07
2050-11-02 10:00:00,2050-11-02 14:00:00,2050-11-02,3102.52,nan,1151.22,1191.86,984.97
2050-11-02 11:00:00,2050-11-02 15:00:00,2050-11-02,2343.46,nan,865.95,896.85,743.47
2050-11-02 12:00:00,2050-11-02 16:00:00,2050-11-02,1707.02,nan,626.49,649.61,539.63
2050-11-02 13:00:00,2050-11-02 17:00:00,2050-11-02,1192.05,nan,433.25,449.78,374.66
2050-11-02 14:00:00,2050-11-02 18:00:00,2050-11-02,653.54,nan,234.22,242.91,207.49
2050-11-02 15:00:00,2050-11-02 19:00:00,2050-11-02,253.52,nan,86.57,89.15,85.15
2050-11-02 16:00:00,2050-11-02 20:00:00,2050-11-02,81.91,nan,28.7,28.94,31.0
2050-11-02 17:00:00,2050-11-02 21:00:00,2050-11-02,77.02,nan,25.72,25.81,28.83
2050-11-02 18:00:00,2050-11-02 22:00:00,2050-11-02,384.85,nan,128.75,132.56,120.94
2050-11-02 19:00:00,2050-11-02 23:00:00,2050-11-02,1089.19,nan,387.83,401.77,337.44
2050-11-02 20:00:00,2050-11-03 00:00:00,2050-11-02,1778.45,nan,645.3,668.69,554.43
2050-11-02 21:00:00,2050-11-03 01:00:00,2050-11-02,2295.99,nan,839.69,869.82,719.55
2050-11-02 22:00:00,2050-11-03 02:00:00,2050-11-02,2734.73,nan,1004.79,1040.59,859.41
2050-11-02 23:00:00,2050-11-03 03:00:00,2050-11-02,3117.1,nan,1149.25,1189.67,981.53
2050-11-03 00:00:00,2050-11-03 04:00:00,2050-11-03,3434.99,nan,1269.18,1313.33,1082.67
2050-11-03 01:00:00,2050-11-03 05:00:00,2050-11-03,3700.1,nan,1369.33,1416.64,1168.01
2050-11-03 02:00:00,2050-11-03 06:00:00,2050-11-03,3935.18,nan,1458.3,1508.45,1243.29
2050-11-03 03:00:00,2050-11-03 07:00:00,2050-11-03,4149.79,nan,1539.5,1591.97,1312.35
2050-11-03 04:00:00,2050-11-03 08:00:00,2050-11-03,4329.38,nan,1607.42,1661.77,1370.01
2050-11-03 05:00:00,2050-11-03 09:00:00,2050-11-03,4486.63,nan,1666.98,1723.0,1420.84
2050-11-03 06:00:00,2050-11-03 10:00:00,2050-11-03,4616.31,nan,1715.9,1773.35,1462.75
2050-11-03 07:00:00,2050-11-03 11:00:00,2050-11-03,4739.53,nan,1762.32,1821.07,1502.36
2050-11-03 08:00:00,2050-11-03 12:00:00,2050-11-03,4575.2,nan,1702.98,1760.21,1449.91
2050-11-03 09:00:00,2050-11-03 13:00:00,2050-11-03,3462.55,nan,1288.31,1332.76,1098.51
2050-11-03 10:00:00,2050-11-03 14:00:00,2050-11-03,2544.73,nan,944.22,977.22,808.09
2050-11-03 11:00:00,2050-11-03 15:00:00,2050-11-03,1618.85,nan,598.67,619.88,514.9
2050-11-03 12:00:00,2050-11-03 16:00:00,2050-11-03,919.74,nan,340.61,353.97,290.44
2050-11-03 13:00:00,2050-11-03 17:00:00,2050-11-03,532.53,nan,202.72,211.54,168.35
2050-11-03 14:00:00,2050-11-03 18:00:00,2050-11-03,301.34,nan,117.56,122.35,95.48
2050-11-03 15:00:00,2050-11-03 19:00:00,2050-11-03,146.56,nan,58.77,60.87,46.03
2050-11-03 16:00:00,2050-11-03 20:00:00,2050-11-03,120.57,nan,48.13,50.14,37.54
2050-11-03 17:00:00,2050-11-03 21:00:00,2050-11-03,155.11,nan,62.64,64.69,48.69
2050-11-03 18:00:00,2050-11-03 22:00:00,2050-11-03,423.17,nan,168.53,174.25,131.48
2050-11-03 19:00:00,2050-11-03 23:00:00,2050-11-03,956.83,nan,373.46,387.36,297.8
2050-11-03 20:00:00,2050-11-04 00:00:00,2050-11-03,1417.42,nan,547.37,568.04,445.04
2050-11-03 21:00:00,2050-11-04 01:00:00,2050-11-03,1756.55,nan,674.53,699.94,551.73
2050-11-03 22:00:00,2050-11-04 02:00:00,2050-11-03,2055.55,nan,787.23,815.63,647.45
2050-11-03 23:00:00,2050-11-04 03:00:00,2050-11-03,2240.23,nan,851.94,882.04,706.98
2050-11-04 00:00:00,2050-11-04 04:00:00,2050-11-04,2357.35,nan,893.91,925.8,744.74
2050-11-04 01:00:00,2050-11-04 05:00:00,2050-11-04,2474.49,nan,935.54,968.82,781.75
2050-11-04 02:00:00,2050-11-04 06:00:00,2050-11-04,2465.86,nan,930.7,964.0,779.66
2050-11-04 03:00:00,2050-11-04 07:00:00,2050-11-04,2455.68,nan,926.07,958.75,775.63
2050-11-04 04:00:00,2050-11-04 08:00:00,2050-11-04,2434.96,nan,917.29,949.57,769.69
2050-11-04 05:00:00,2050-11-04 09:00:00,2050-11-04,2404.78,nan,906.9,939.33,760.66
2050-11-04 06:00:00,2050-11-04 10:00:00,2050-11-04,2355.44,nan,889.35,921.58,746.04
2050-11-04 07:00:00,2050-11-04 11:00:00,2050-11-04,2284.25,nan,864.51,896.19,723.61
2050-11-04 08:00:00,2050-11-04 12:00:00,2050-11-04,2060.08,nan,780.95,810.42,650.34
2050-11-04 09:00:00,2050-11-04 13:00:00,2050-11-04,1621.37,nan,616.6,641.55,507.08
2050-11-04 10:00:00,2050-11-04 14:00:00,2050-11-04,1467.02,nan,559.29,582.67,459.43
2050-11-04 11:00:00,2050-11-04 15:00:00,2050-11-04,1330.04,nan,506.61,528.04,415.74
2050-11-04 12:00:00,2050-11-04 16:00:00,2050-11-04,1202.9,nan,457.57,477.03,375.36
2050-11-04 13:00:00,2050-11-04 17:00:00,2050-11-04,1086.62,nan,414.11,431.52,338.57
2050-11-04 14:00:00,2050-11-04 18:00:00,2050-11-04,905.0,nan,345.62,360.57,283.07
2050-11-04 15:00:00,2050-11-04 19:00:00,2050-11-04,664.3,nan,253.2,265.4,210.15
2050-11-04 16:00:00,2050-11-04 20:00:00,2050-11-04,407.74,nan,155.9,163.09,130.49
2050-11-04 17:00:00,2050-11-04 21:00:00,2050-11-04,282.45,nan,106.38,112.01,91.34
2050-11-04 18:00:00,2050-11-04 22:00:00,2050-11-04,303.66,nan,114.82,120.78,97.05
2050-11-04 19:00:00,2050-11-04 23:00:00,2050-11-04,534.35,nan,204.99,215.65,168.7
2050-11-04 20:00:00,2050-11-05 00:00:00,2050-11-04,745.89,nan,287.53,301.91,235.94
2050-11-04 21:00:00,2050-11-05 01:00:00,2050-11-04,891.71,nan,344.76,361.44,281.45
2050-11-04 22:00:00,2050-11-05 02:00:00,2050-11-04,1026.51,nan,397.9,416.45,323.67
2050-11-04 23:00:00,2050-11-05 03:00:00,2050-11-04,1111.01,nan,430.9,450.48,350.56
2050-11-05 00:00:00,2050-11-05 04:00:00,2050-11-05,1188.83,nan,461.26,481.66,374.89
2050-11-05 01:00:00,2050-11-05 05:00:00,2050-11-05,1281.75,nan,497.3,518.67,403.93
2050-11-05 02:00:00,2050-11-05 06:00:00,2050-11-05,1379.61,nan,534.34,556.82,435.21
2050-11-05 03:00:00,2050-11-05 07:00:00,2050-11-05,1479.84,nan,572.71,596.2,467.24
2050-11-05 04:00:00,2050-11-05 08:00:00,2050-11-05,1572.59,nan,606.98,631.55,496.58
2050-11-05 05:00:00,2050-11-05 09:00:00,2050-11-05,1664.71,nan,640.17,665.7,526.11
2050-11-05 06:00:00,2050-11-05 10:00:00,2050-11-05,1770.38,nan,679.77,706.34,559.89
2050-11-05 07:00:00,2050-11-05 11:00:00,2050-11-05,1879.59,nan,719.7,747.67,594.84
2050-11-05 08:00:00,2050-11-05 12:00:00,2050-11-05,1817.88,nan,695.58,722.82,573.38
2050-11-05 09:00:00,2050-11-05 13:00:00,2050-11-05,1419.54,nan,543.34,565.21,444.63
2050-11-05 10:00:00,2050-11-05 14:00:00,2050-11-05,1112.6,nan,423.75,440.56,348.97
2050-11-05 11:00:00,2050-11-05 15:00:00,2050-11-05,634.56,nan,237.79,247.67,199.85
2050-11-05 12:00:00,2050-11-05 16:00:00,2050-11-05,253.34,nan,89.27,93.81,83.18
2050-11-05 13:00:00,2050-11-05 17:00:00,2050-11-05,69.83,nan,21.57,23.08,25.34
2050-11-05 14:00:00,2050-11-05 18:00:00,2050-11-05,35.46,nan,11.13,11.38,15.93
2050-11-05 15:00:00,2050-11-05 19:00:00,2050-11-05,30.61,nan,10.56,9.86,16.3
2050-11-05 16:00:00,2050-11-05 20:00:00,2050-11-05,31.48,nan,11.91,10.55,18.34
2050-11-05 17:00:00,2050-11-05 21:00:00,2050-11-05,27.94,nan,10.73,9.38,16.36
2050-11-05 18:00:00,2050-11-05 22:00:00,2050-11-05,28.45,nan,9.53,9.01,13.94
2050-11-05 19:00:00,2050-11-05 23:00:00,2050-11-05,185.97,nan,64.82,68.89,57.2
2050-11-05 20:00:00,2050-11-06 00:00:00,2050-11-05,653.83,nan,239.12,250.75,199.73
2050-11-05 21:00:00,2050-11-06 01:00:00,2050-11-05,1102.53,nan,406.25,423.95,339.07
2050-11-05 22:00:00,2050-11-06 02:00:00,2050-11-05,1540.19,nan,571.47,594.88,476.93
2050-11-05 23:00:00,2050-11-06 03:00:00,2050-11-05,1971.02,nan,733.92,762.8,614.3
2050-11-06 00:00:00,2050-11-06 04:00:00,2050-11-06,2358.96,nan,881.01,914.37,739.0
2050-11-06 01:00:00,2050-11-06 05:00:00,2050-11-06,2685.19,nan,1004.53,1041.47,844.66
2050-11-06 01:00:00,2050-11-06 06:00:00,2050-11-06,2963.85,nan,1110.61,1150.55,935.16
2050-11-06 02:00:00,2050-11-06 07:00:00,2050-11-06,3197.23,nan,1198.88,1241.59,1011.13
2050-11-06 03:00:00,2050-11-06 08:00:00,2050-11-06,3391.32,nan,1273.27,1317.72,1073.93
2050-11-06 04:00:00,2050-11-06 09:00:00,2050-11-06,3557.64,nan,1335.84,1382.5,1127.66
2050-11-06 05:00:00,2050-11-06 10:00:00,2050-11-06,3700.44,nan,1389.19,1437.27,1173.68
2050-11-06 06:00:00,2050-11-06 11:00:00,2050-11-06,3825.08,nan,1434.58,1484.32,1214.09
2050-11-06 07:00:00,2050-11-06 12:00:00,2050-11-06,3689.05,nan,1382.15,1430.66,1168.82
2050-11-06 08:00:00,2050-11-06 13:00:00,2050-11-06,2739.79,nan,1025.97,1062.72,867.56
2050-11-06 09:00:00,2050-11-06 14:00:00,2050-11-06,2007.91,nan,749.69,776.76,636.93
2050-11-06 10:00:00,2050-11-06 15:00:00,2050-11-06,1315.69,nan,489.08,507.47,417.93
2050-11-06 11:00:00,2050-11-06 16:00:00,2050-11-06,772.35,nan,284.51,295.39,248.23
2050-11-06 12:00:00,2050-11-06 17:00:00,2050-11-06,388.34,nan,141.92,147.06,127.82
2050-11-06 13:00:00,2050-11-06 18:00:00,2050-11-06,57.75,nan,20.37,20.78,23.57
2050-11-06 14:00:00,2050-11-06 19:00:00,2050-11-06,16.99,nan,6.97,6.35,9.32
2050-11-06 15:00:00,2050-11-06 20:00:00,2050-11-06,27.32,nan,11.37,10.28,15.09
2050-11-06 16:00:00,2050-11-06 21:00:00,2050-11-06,24.58,nan,10.08,9.1,13.5
2050-11-06 17:00:00,2050-11-06 22:00:00,2050-11-06,23.56,nan,8.64,8.14,11.76
2050-11-06 18:00:00,2050-11-06 23:00:00,2050-11-06,300.84,nan,108.84,112.71,96.36
2050-11-06 19:00:00,2050-11-07 00:00:00,2050-11-06,849.51,nan,312.48,324.65,266.43
2050-11-06 20:00:00,2050-11-07 01:00:00,2050-11-06,1291.48,nan,478.14,496.78,404.06
2050-11-06 21:00:00,2050-11-07 02:00:00,2050-11-06,1682.08,nan,623.86,647.89,526.45
2050-11-06 22:00:00,2050-11-07 03:00:00,2050-11-06,2020.94,nan,750.99,779.45,633.2
2050-11-06 23:00:00,2050-11-07 04:00:00,2050-11-06,2305.1,nan,856.97,889.26,723.64
2050-11-07 00:00:00,2050-11-07 05:00:00,2050-11-07,2609.3,nan,971.32,1007.59,821.11
2050-11-07 01:00:00,2050-11-07 06:00:00,2050-11-07,2901.33,nan,1081.55,1121.29,914.86
2050-11-07 02:00:00,2050-11-07 07:00:00,2050-11-07,3172.04,nan,1183.1,1226.41,1001.57
2050-11-07 03:00:00,2050-11-07 08:00:00,2050-11-07,3438.82,nan,1283.34,1329.65,1087.4
2050-11-07 04:00:00,2050-11-07 09:00:00,2050-11-07,3679.4,nan,1373.57,1422.66,1164.99
2050-11-07 05:00:00,2050-11-07 10:00:00,2050-11-07,3955.75,nan,1476.88,1529.25,1252.75
2050-11-07 06:00:00,2050-11-07 11:00:00,2050-11-07,4187.79,nan,1563.23,1618.23,1326.99
2050-11-07 07:00:00,2050-11-07 12:00:00,2050-11-07,4167.6,nan,1555.34,1610.73,1319.42
2050-11-07 08:00:00,2050-11-07 13:00:00,2050-11-07,3334.16,nan,1240.19,1285.56,1055.12
2050-11-07 09:00:00,2050-11-07 14:00:00,2050-11-07,2699.48,nan,1000.05,1036.52,854.39
2050-11-07 10:00:00,2050-11-07 15:00:00,2050-11-07,2050.86,nan,755.46,783.19,648.56
2050-11-07 11:00:00,2050-11-07 16:00:00,2050-11-07,1491.95,nan,544.89,565.71,470.18
2050-11-07 12:00:00,2050-11-07 17:00:00,2050-11-07,1042.83,nan,376.81,391.68,328.26
2050-11-07 13:00:00,2050-11-07 18:00:00,2050-11-07,572.34,nan,203.81,211.55,184.16
2050-11-07 14:00:00,2050-11-07 19:00:00,2050-11-07,209.04,nan,70.03,72.74,71.52
2050-11-07 15:00:00,2050-11-07 20:00:00,2050-11-07,76.0,nan,24.78,25.68,30.14
2050-11-07 16:00:00,2050-11-07 21:00:00,2050-11-07,139.03,nan,46.76,48.37,49.96
2050-11-07 17:00:00,2050-11-07 22:00:00,2050-11-07,625.89,nan,225.65,234.32,196.89
2050-11-07 18:00:00,2050-11-07 23:00:00,2050-11-07,1358.42,nan,499.0,518.0,423.85
2050-11-07 19:00:00,2050-11-08 00:00:00,2050-11-07,1968.58,nan,727.96,754.82,618.04
2050-11-07 20:00:00,2050-11-08 01:00:00,2050-11-07,2403.83,nan,891.01,923.24,756.94
2050-11-07 21:00:00,2050-11-08 02:00:00,2050-11-07,2809.96,nan,1042.88,1080.17,886.39
2050-11-07 22:00:00,2050-11-08 03:00:00,2050-11-07,3199.9,nan,1188.64,1230.68,1010.46
2050-11-07 23:00:00,2050-11-08 04:00:00,2050-11-07,3580.46,nan,1330.75,1377.34,1131.57
2050-11-08 00:00:00,2050-11-08 05:00:00,2050-11-08,3955.35,nan,1471.53,1522.59,1250.94
2050-11-08 01:00:00,2050-11-08 06:00:00,2050-11-08,4293.36,nan,1598.34,1653.3,1358.98
2050-11-08 02:00:00,2050-11-08 07:00:00,2050-11-08,4612.71,nan,1718.48,1777.14,1460.98
2050-11-08 03:00:00,2050-11-08 08:00:00,2050-11-08,4884.64,nan,1821.01,1882.65,1548.73
2050-11-08 04:00:00,2050-11-08 09:00:00,2050-11-08,5093.25,nan,1899.21,1962.99,1616.21
2050-11-08 05:00:00,2050-11-08 10:00:00,2050-11-08,5232.11,nan,1951.58,2016.95,1660.99
2050-11-08 06:00:00,2050-11-08 11:00:00,2050-11-08,5341.6,nan,1991.93,2058.35,1696.08
2050-11-08 07:00:00,2050-11-08 12:00:00,2050-11-08,5201.36,nan,1940.07,2005.87,1648.59
2050-11-08 08:00:00,2050-11-08 13:00:00,2050-11-08,4434.08,nan,1650.36,1707.72,1403.17
2050-11-08 09:00:00,2050-11-08 14:00:00,2050-11-08,3893.78,nan,1437.2,1487.53,1228.84
2050-11-08 10:00:00,2050-11-08 15:00:00,2050-11-08,3693.74,nan,1354.27,1400.78,1164.22
2050-11-08 11:00:00,2050-11-08 16:00:00,2050-11-08,3749.11,nan,1375.5,1423.07,1178.15
2050-11-08 12:00:00,2050-11-08 17:00:00,2050-11-08,3758.99,nan,1379.24,1427.04,1181.08
2050-11-08 13:00:00,2050-11-08 18:00:00,2050-11-08,3774.13,nan,1388.51,1436.42,1186.56
2050-11-08 14:00:00,2050-11-08 19:00:00,2050-11-08,3645.84,nan,1347.02,1394.25,1147.25
2050-11-08 15:00:00,2050-11-08 20:00:00,2050-11-08,3536.34,nan,1307.74,1353.51,1111.37
2050-11-08 16:00:00,2050-11-08 21:00:00,2050-11-08,3606.99,nan,1338.44,1385.15,1135.83
2050-11-08 17:00:00,2050-11-08 22:00:00,2050-11-08,3707.35,nan,1377.33,1425.55,1168.43
2050-11-08 18:00:00,2050-11-08 23:00:00,2050-11-08,4072.74,nan,1515.01,1566.48,1290.64
2050-11-08 19:00:00,2050-11-09 00:00:00,2050-11-08,4276.66,nan,1592.25,1645.38,1359.15
2050-11-08 20:00:00,2050-11-09 01:00:00,2050-11-08,4317.38,nan,1608.56,1662.46,1372.71
2050-11-08 21:00:00,2050-11-09 02:00:00,2050-11-08,4342.61,nan,1619.26,1673.56,1381.1
2050-11-08 22:00:00,2050-11-09 03:00:00,2050-11-08,4385.03,nan,1636.6,1691.97,1395.15
2050-11-08 23:00:00,2050-11-09 04:00:00,2050-11-08,4422.23,nan,1652.73,1708.97,1406.94
2050-11-09 00:00:00,2050-11-09 05:00:00,2050-11-09,4434.84,nan,1658.77,1715.66,1411.29
2050-11-09 01:00:00,2050-11-09 06:00:00,2050-11-09,4437.94,nan,1661.37,1718.64,1412.32
2050-11-09 02:00:00,2050-11-09 07:00:00,2050-11-09,4401.46,nan,1648.71,1705.83,1400.75
2050-11-09 03:00:00,2050-11-09 08:00:00,2050-11-09,4359.22,nan,1633.1,1689.67,1386.71
2050-11-09 04:00:00,2050-11-09 09:00:00,2050-11-09,4361.98,nan,1636.63,1693.18,1388.98
2050-11-09 05:00:00,2050-11-09 10:00:00,2050-11-09,4317.77,nan,1620.24,1676.52,1375.01
2050-11-09 06:00:00,2050-11-09 11:00:00,2050-11-09,4306.32,nan,1616.05,1671.89,1371.58
2050-11-09 07:00:00,2050-11-09 12:00:00,2050-11-09,4105.66,nan,1540.12,1594.51,1304.7
2050-11-09 08:00:00,2050-11-09 13:00:00,2050-11-09,3410.81,nan,1278.32,1325.58,1081.73
2050-11-09 09:00:00,2050-11-09 14:00:00,2050-11-09,2773.62,nan,1030.41,1069.47,878.45
2050-11-09 10:00:00,2050-11-09 15:00:00,2050-11-09,2080.43,nan,763.2,792.97,656.35
2050-11-09 11:00:00,2050-11-09 16:00:00,2050-11-09,1485.43,nan,534.22,556.04,464.97
2050-11-09 12:00:00,2050-11-09 17:00:00,2050-11-09,944.11,nan,330.62,345.11,293.48
2050-11-09 13:00:00,2050-11-09 18:00:00,2050-11-09,428.08,nan,141.84,148.9,133.65
2050-11-09 14:00:00,2050-11-09 19:00:00,2050-11-09,143.33,nan,40.72,43.58,45.44
2050-11-09 15:00:00,2050-11-09 20:00:00,2050-11-09,95.21,nan,27.65,29.21,29.72
2050-11-09 16:00:00,2050-11-09 21:00:00,2050-11-09,213.41,nan,67.6,70.55,65.81
2050-11-09 17:00:00,2050-11-09 22:00:00,2050-11-09,587.17,nan,204.28,212.52,180.6
2050-11-09 18:00:00,2050-11-09 23:00:00,2050-11-09,1179.52,nan,426.94,443.58,366.85
2050-11-09 19:00:00,2050-11-10 00:00:00,2050-11-09,1616.03,nan,592.65,615.21,506.12
2050-11-09 20:00:00,2050-11-10 01:00:00,2050-11-09,1853.63,nan,683.41,709.13,581.74
2050-11-09 21:00:00,2050-11-10 02:00:00,2050-11-09,2053.18,nan,759.55,788.03,645.81
2050-11-09 22:00:00,2050-11-10 03:00:00,2050-11-09,2234.24,nan,828.47,859.48,703.57
2050-11-09 23:00:00,2050-11-10 04:00:00,2050-11-09,2431.16,nan,904.46,938.51,765.74
2050-11-10 00:00:00,2050-11-10 05:00:00,2050-11-10,2593.17,nan,965.72,1002.03,817.17
2050-11-10 01:00:00,2050-11-10 06:00:00,2050-11-10,2793.5,nan,1042.93,1082.12,881.15
2050-11-10 02:00:00,2050-11-10 07:00:00,2050-11-10,2987.1,nan,1116.46,1158.37,943.21
2050-11-10 03:00:00,2050-11-10 08:00:00,2050-11-10,3159.76,nan,1182.81,1226.9,998.32
2050-11-10 04:00:00,2050-11-10 09:00:00,2050-11-10,3280.84,nan,1228.47,1274.31,1037.72
2050-11-10 05:00:00,2050-11-10 10:00:00,2050-11-10,3440.15,nan,1288.37,1336.19,1089.6
2050-11-10 06:00:00,2050-11-10 11:00:00,2050-11-10,3503.94,nan,1311.18,1359.99,1110.24
2050-11-10 07:00:00,2050-11-10 12:00:00,2050-11-10,3392.4,nan,1268.01,1316.09,1071.83
2050-11-10 08:00:00,2050-11-10 13:00:00,2050-11-10,2815.47,nan,1045.4,1086.17,884.03
2050-11-10 09:00:00,2050-11-10 14:00:00,2050-11-10,2462.75,nan,905.42,940.33,771.1
2050-11-10 10:00:00,2050-11-10 15:00:00,2050-11-10,2188.28,nan,800.85,830.74,682.21
2050-11-10 11:00:00,2050-11-10 16:00:00,2050-11-10,1778.8,nan,641.22,665.97,551.1
2050-11-10 12:00:00,2050-11-10 17:00:00,2050-11-10,1285.95,nan,451.43,469.04,395.46
2050-11-10 13:00:00,2050-11-10 18:00:00,2050-11-10,739.23,nan,242.97,252.92,224.08
2050-11-10 14:00:00,2050-11-10 19:00:00,2050-11-10,382.55,nan,112.73,117.21,113.96
2050-11-10 15:00:00,2050-11-10 20:00:00,2050-11-10,214.55,nan,55.62,58.12,61.84
2050-11-10 16:00:00,2050-11-10 21:00:00,2050-11-10,225.29,nan,60.81,63.28,66.15
2050-11-10 17:00:00,2050-11-10 22:00:00,2050-11-10,526.52,nan,168.92,174.95,158.41
2050-11-10 18:00:00,2050-11-10 23:00:00,2050-11-10,1192.51,nan,421.18,437.39,368.25
2050-11-10 19:00:00,2050-11-11 00:00:00,2050-11-10,1781.4,nan,646.49,671.03,555.99
2050-11-10 20:00:00,2050-11-11 01:00:00,2050-11-10,2196.31,nan,805.75,836.02,688.65
2050-11-10 21:00:00,2050-11-11 02:00:00,2050-11-10,2539.66,nan,936.61,971.38,798.89
2050-11-10 22:00:00,2050-11-11 03:00:00,2050-11-10,2843.68,nan,1051.84,1090.41,896.26
2050-11-10 23:00:00,2050-11-11 04:00:00,2050-11-10,3117.22,nan,1155.25,1197.05,983.37
2050-11-11 00:00:00,2050-11-11 05:00:00,2050-11-11,3363.32,nan,1247.22,1291.8,1061.72
2050-11-11 01:00:00,2050-11-11 06:00:00,2050-11-11,3594.02,nan,1333.39,1380.59,1135.21
2050-11-11 02:00:00,2050-11-11 07:00:00,2050-11-11,3802.62,nan,1411.41,1460.94,1201.86
2050-11-11 03:00:00,2050-11-11 08:00:00,2050-11-11,3988.05,nan,1481.78,1533.22,1261.44
2050-11-11 04:00:00,2050-11-11 09:00:00,2050-11-11,4161.67,nan,1548.14,1601.32,1317.28
2050-11-11 05:00:00,2050-11-11 10:00:00,2050-11-11,4316.6,nan,1607.76,1662.56,1367.77
2050-11-11 06:00:00,2050-11-11 11:00:00,2050-11-11,4442.75,nan,1655.95,1712.37,1409.07
2050-11-11 07:00:00,2050-11-11 12:00:00,2050-11-11,4346.06,nan,1620.14,1676.36,1376.54
2050-11-11 08:00:00,2050-11-11 13:00:00,2050-11-11,3705.66,nan,1378.49,1427.23,1171.17
2050-11-11 09:00:00,2050-11-11 14:00:00,2050-11-11,3362.63,nan,1248.91,1293.07,1062.52
2050-11-11 10:00:00,2050-11-11 15:00:00,2050-11-11,2864.42,nan,1060.38,1097.7,904.09
2050-11-11 11:00:00,2050-11-11 16:00:00,2050-11-11,2250.47,nan,827.14,856.14,708.63
2050-11-11 12:00:00,2050-11-11 17:00:00,2050-11-11,1676.78,nan,611.02,632.74,525.2
2050-11-11 13:00:00,2050-11-11 18:00:00,2050-11-11,1006.47,nan,361.25,373.94,314.49
2050-11-11 14:00:00,2050-11-11 19:00:00,2050-11-11,473.63,nan,164.16,169.68,150.37
2050-11-11 15:00:00,2050-11-11 20:00:00,2050-11-11,205.29,nan,68.02,69.71,67.01
2050-11-11 16:00:00,2050-11-11 21:00:00,2050-11-11,220.48,nan,73.35,75.03,71.97
2050-11-11 17:00:00,2050-11-11 22:00:00,2050-11-11,645.37,nan,227.22,233.9,200.98
2050-11-11 18:00:00,2050-11-11 23:00:00,2050-11-11,1324.65,nan,481.06,496.95,414.05
2050-11-11 19:00:00,2050-11-12 00:00:00,2050-11-11,1906.17,nan,700.41,724.08,599.92
2050-11-11 20:00:00,2050-11-12 01:00:00,2050-11-11,2296.04,nan,848.8,877.28,724.65
2050-11-11 21:00:00,2050-11-12 02:00:00,2050-11-11,2621.49,nan,972.88,1005.54,828.62
2050-11-11 22:00:00,2050-11-12 03:00:00,2050-11-11,2903.4,nan,1079.82,1116.19,918.61
2050-11-11 23:00:00,2050-11-12 04:00:00,2050-11-11,3150.95,nan,1173.37,1212.91,997.47
2050-11-12 00:00:00,2050-11-12 05:00:00,2050-11-12,3362.27,nan,1252.8,1295.03,1064.73
2050-11-12 01:00:00,2050-11-12 06:00:00,2050-11-12,3552.04,nan,1323.69,1368.33,1124.98
2050-11-12 02:00:00,2050-11-12 07:00:00,2050-11-12,3729.28,nan,1389.83,1436.69,1181.2
2050-11-12 03:00:00,2050-11-12 08:00:00,2050-11-12,3890.01,nan,1449.89,1498.78,1232.27
2050-11-12 04:00:00,2050-11-12 09:00:00,2050-11-12,4033.03,nan,1503.46,1554.24,1277.9
2050-11-12 05:00:00,2050-11-12 10:00:00,2050-11-12,4167.66,nan,1554.41,1606.92,1321.19
2050-11-12 06:00:00,2050-11-12 11:00:00,2050-11-12,4287.11,nan,1599.77,1653.67,1359.77
2050-11-12 07:00:00,2050-11-12 12:00:00,2050-11-12,4185.92,nan,1562.97,1616.41,1326.01
2050-11-12 08:00:00,2050-11-12 13:00:00,2050-11-12,3180.58,nan,1187.67,1229.43,1008.88
2050-11-12 09:00:00,2050-11-12 14:00:00,2050-11-12,2299.88,nan,856.38,886.34,731.06
2050-11-12 10:00:00,2050-11-12 15:00:00,2050-11-12,1457.15,nan,540.37,559.36,463.72
2050-11-12 11:00:00,2050-11-12 16:00:00,2050-11-12,767.49,nan,281.88,291.96,245.95
2050-11-12 12:00:00,2050-11-12 17:00:00,2050-11-12,286.17,nan,102.7,105.88,95.74
2050-11-12 13:00:00,2050-11-12 18:00:00,2050-11-12,19.24,nan,7.38,7.08,10.29
2050-11-12 14:00:00,2050-11-12 19:00:00,2050-11-12,17.32,nan,7.34,6.76,9.01
2050-11-12 15:00:00,2050-11-12 20:00:00,2050-11-12,46.49,nan,20.04,18.49,23.19
2050-11-12 16:00:00,2050-11-12 21:00:00,2050-11-12,41.27,nan,17.75,16.39,20.7
2050-11-12 17:00:00,2050-11-12 22:00:00,2050-11-12,24.09,nan,10.11,9.27,12.66
2050-11-12 18:00:00,2050-11-12 23:00:00,2050-11-12,74.33,nan,26.95,27.26,24.82
2050-11-12 19:00:00,2050-11-13 00:00:00,2050-11-12,399.51,nan,145.44,148.94,127.46
2050-11-12 20:00:00,2050-11-13 01:00:00,2050-11-12,794.91,nan,294.64,302.87,250.04
2050-11-12 21:00:00,2050-11-13 02:00:00,2050-11-12,1187.72,nan,443.08,456.58,372.66
2050-11-12 22:00:00,2050-11-13 03:00:00,2050-11-12,1543.68,nan,577.59,595.94,484.91
2050-11-12 23:00:00,2050-11-13 04:00:00,2050-11-12,1854.08,nan,695.22,717.77,583.85
2050-11-13 00:00:00,2050-11-13 05:00:00,2050-11-13,2114.0,nan,793.57,819.53,667.19
2050-11-13 01:00:00,2050-11-13 06:00:00,2050-11-13,2329.08,nan,875.14,903.91,736.45
2050-11-13 02:00:00,2050-11-13 07:00:00,2050-11-13,2513.3,nan,945.08,976.26,795.72
2050-11-13 03:00:00,2050-11-13 08:00:00,2050-11-13,2679.48,nan,1008.18,1041.51,849.35
2050-11-13 04:00:00,2050-11-13 09:00:00,2050-11-13,2830.7,nan,1065.62,1100.85,898.13
2050-11-13 05:00:00,2050-11-13 10:00:00,2050-11-13,2959.44,nan,1114.75,1151.6,939.85
2050-11-13 06:00:00,2050-11-13 11:00:00,2050-11-13,3073.27,nan,1157.99,1196.3,976.7
2050-11-13 07:00:00,2050-11-13 12:00:00,2050-11-13,2996.33,nan,1130.01,1167.75,950.47
2050-11-13 08:00:00,2050-11-13 13:00:00,2050-11-13,2040.19,nan,773.93,799.7,648.26
2050-11-13 09:00:00,2050-11-13 14:00:00,2050-11-13,1134.02,nan,430.83,444.89,363.96
2050-11-13 10:00:00,2050-11-13 15:00:00,2050-11-13,447.02,nan,171.16,176.32,149.77
2050-11-13 11:00:00,2050-11-13 16:00:00,2050-11-13,30.8,nan,11.23,11.25,15.21
2050-11-13 12:00:00,2050-11-13 17:00:00,2050-11-13,15.02,nan,6.23,5.67,8.27
2050-11-13 13:00:00,2050-11-13 18:00:00,2050-11-13,37.15,nan,15.26,13.73,18.27
2050-11-13 14:00:00,2050-11-13 19:00:00,2050-11-13,162.08,nan,68.42,67.71,61.79
2050-11-13 15:00:00,2050-11-13 20:00:00,2050-11-13,512.56,nan,199.61,203.82,168.26
2050-11-13 16:00:00,2050-11-13 21:00:00,2050-11-13,411.4,nan,164.63,166.92,137.02
2050-11-13 17:00:00,2050-11-13 22:00:00,2050-11-13,111.85,nan,46.43,44.16,46.84
2050-11-13 18:00:00,2050-11-13 23:00:00,2050-11-13,19.83,nan,8.31,7.61,10.29
2050-11-13 19:00:00,2050-11-14 00:00:00,2050-11-13,3.32,nan,1.4,1.26,1.81
2050-11-13 20:00:00,2050-11-14 01:00:00,2050-11-13,22.76,nan,8.47,8.54,8.37
2050-11-13 21:00:00,2050-11-14 02:00:00,2050-11-13,189.25,nan,68.92,70.76,58.96
2050-11-13 22:00:00,2050-11-14 03:00:00,2050-11-13,489.05,nan,180.14,185.92,151.75
2050-11-13 23:00:00,2050-11-14 04:00:00,2050-11-13,799.03,nan,296.8,306.7,247.74
2050-11-14 00:00:00,2050-11-14 05:00:00,2050-11-14,1104.39,nan,412.22,425.95,342.83
2050-11-14 01:00:00,2050-11-14 06:00:00,2050-11-14,1406.13,nan,526.57,544.18,437.85
2050-11-14 02:00:00,2050-11-14 07:00:00,2050-11-14,1677.42,nan,629.39,650.49,524.18
2050-11-14 03:00:00,2050-11-14 08:00:00,2050-11-14,1918.21,nan,720.51,744.63,601.73
2050-11-14 04:00:00,2050-11-14 09:00:00,2050-11-14,2130.55,nan,800.92,827.8,669.99
2050-11-14 05:00:00,2050-11-14 10:00:00,2050-11-14,2319.94,nan,873.04,902.21,731.31
2050-11-14 06:00:00,2050-11-14 11:00:00,2050-11-14,2472.12,nan,931.02,962.04,780.79
2050-11-14 07:00:00,2050-11-14 12:00:00,2050-11-14,2432.57,nan,916.29,947.26,766.45
2050-11-14 08:00:00,2050-11-14 13:00:00,2050-11-14,1569.05,nan,593.9,614.04,494.83
2050-11-14 09:00:00,2050-11-14 14:00:00,2050-11-14,801.43,nan,304.04,314.23,258.75
2050-11-14 10:00:00,2050-11-14 15:00:00,2050-11-14,207.04,nan,78.36,79.6,74.12
2050-11-14 11:00:00,2050-11-14 16:00:00,2050-11-14,20.7,nan,7.71,6.73,10.05
2050-11-14 12:00:00,2050-11-14 17:00:00,2050-11-14,27.3,nan,10.37,8.93,12.41
2050-11-14 13:00:00,2050-11-14 18:00:00,2050-11-14,51.11,nan,20.03,17.56,23.77
2050-11-14 14:00:00,2050-11-14 19:00:00,2050-11-14,78.46,nan,31.18,27.63,36.2
2050-11-14 15:00:00,2050-11-14 20:00:00,2050-11-14,124.23,nan,50.45,46.84,51.57
2050-11-14 16:00:00,2050-11-14 21:00:00,2050-11-14,114.99,nan,46.51,42.96,47.83
2050-11-14 17:00:00,2050-11-14 22:00:00,2050-11-14,66.54,nan,25.7,22.32,30.06
2050-11-14 18:00:00,2050-11-14 23:00:00,2050-11-14,17.38,nan,6.7,5.78,8.13
2050-11-14 19:00:00,2050-11-15 00:00:00,2050-11-14,13.37,nan,4.44,4.28,4.44
2050-11-14 20:00:00,2050-11-15 01:00:00,2050-11-14,101.73,nan,32.59,33.49,28.79
2050-11-14 21:00:00,2050-11-15 02:00:00,2050-11-14,261.13,nan,86.96,89.53,77.81
2050-11-14 22:00:00,2050-11-15 03:00:00,2050-11-14,468.37,nan,163.08,167.83,143.92
2050-11-14 23:00:00,2050-11-15 04:00:00,2050-11-14,675.55,nan,240.99,248.2,210.11
2050-11-15 00:00:00,2050-11-15 05:00:00,2050-11-15,856.35,nan,310.21,319.85,267.94
2050-11-15 01:00:00,2050-11-15 06:00:00,2050-11-15,1015.18,nan,373.27,385.01,318.52
2050-11-15 02:00:00,2050-11-15 07:00:00,2050-11-15,1151.93,nan,428.4,442.4,362.79
2050-11-15 03:00:00,2050-11-15 08:00:00,2050-11-15,1291.75,nan,485.05,501.09,407.67
2050-11-15 04:00:00,2050-11-15 09:00:00,2050-11-15,1391.47,nan,526.65,543.76,441.6
2050-11-15 05:00:00,2050-11-15 10:00:00,2050-11-15,1451.68,nan,551.14,569.11,461.33
2050-11-15 06:00:00,2050-11-15 11:00:00,2050-11-15,1483.55,nan,561.38,580.18,471.56
2050-11-15 07:00:00,2050-11-15 12:00:00,2050-11-15,1346.05,nan,508.47,526.02,424.48
2050-11-15 08:00:00,2050-11-15 13:00:00,2050-11-15,822.1,nan,311.74,321.24,259.3
2050-11-15 09:00:00,2050-11-15 14:00:00,2050-11-15,580.47,nan,221.89,226.98,185.28
2050-11-15 10:00:00,2050-11-15 15:00:00,2050-11-15,404.42,nan,153.03,155.43,128.39
2050-11-15 11:00:00,2050-11-15 16:00:00,2050-11-15,200.09,nan,74.67,74.36,62.97
2050-11-15 12:00:00,2050-11-15 17:00:00,2050-11-15,107.98,nan,41.28,39.79,34.14
2050-11-15 13:00:00,2050-11-15 18:00:00,2050-11-15,53.38,nan,19.35,16.96,17.91
2050-11-15 14:00:00,2050-11-15 19:00:00,2050-11-15,54.75,nan,19.59,16.21,21.18
2050-11-15 15:00:00,2050-11-15 20:00:00,2050-11-15,71.41,nan,26.09,22.1,28.7
2050-11-15 16:00:00,2050-11-15 21:00:00,2050-11-15,80.56,nan,29.38,25.62,31.68
2050-11-15 17:00:00,2050-11-15 22:00:00,2050-11-15,59.41,nan,21.25,17.53,23.79
2050-11-15 18:00:00,2050-11-15 23:00:00,2050-11-15,16.88,nan,5.4,4.16,5.95
2050-11-15 19:00:00,2050-11-16 00:00:00,2050-11-15,52.21,nan,16.33,16.49,14.83
2050-11-15 20:00:00,2050-11-16 01:00:00,2050-11-15,152.88,nan,49.8,51.02,45.53
2050-11-15 21:00:00,2050-11-16 02:00:00,2050-11-15,283.59,nan,96.33,98.98,86.79
2050-11-15 22:00:00,2050-11-16 03:00:00,2050-11-15,435.34,nan,153.57,157.9,134.04
2050-11-15 23:00:00,2050-11-16 04:00:00,2050-11-15,586.14,nan,211.58,217.94,181.09
2050-11-16 00:00:00,2050-11-16 05:00:00,2050-11-16,790.63,nan,289.8,299.21,244.33
2050-11-16 01:00:00,2050-11-16 06:00:00,2050-11-16,991.93,nan,366.75,379.19,307.82
2050-11-16 02:00:00,2050-11-16 07:00:00,2050-11-16,1191.96,nan,442.53,457.77,371.51
2050-11-16 03:00:00,2050-11-16 08:00:00,2050-11-16,1359.89,nan,505.48,522.83,425.21
2050-11-16 04:00:00,2050-11-16 09:00:00,2050-11-16,1460.79,nan,544.08,562.77,457.97
2050-11-16 05:00:00,2050-11-16 10:00:00,2050-11-16,1528.19,nan,569.45,589.41,479.48
2050-11-16 06:00:00,2050-11-16 11:00:00,2050-11-16,1560.89,nan,582.1,602.51,490.01
2050-11-16 07:00:00,2050-11-16 12:00:00,2050-11-16,1425.41,nan,530.8,549.42,444.28
2050-11-16 08:00:00,2050-11-16 13:00:00,2050-11-16,1106.81,nan,409.0,422.21,340.4
2050-11-16 09:00:00,2050-11-16 14:00:00,2050-11-16,829.52,nan,299.52,308.3,255.77
2050-11-16 10:00:00,2050-11-16 15:00:00,2050-11-16,323.74,nan,106.82,108.36,100.66
2050-11-16 11:00:00,2050-11-16 16:00:00,2050-11-16,76.75,nan,21.58,20.01,22.94
2050-11-16 12:00:00,2050-11-16 17:00:00,2050-11-16,32.92,nan,10.11,7.63,11.39
2050-11-16 13:00:00,2050-11-16 18:00:00,2050-11-16,43.8,nan,14.89,11.76,16.9
2050-11-16 14:00:00,2050-11-16 19:00:00,2050-11-16,57.76,nan,20.61,16.89,23.69
2050-11-16 15:00:00,2050-11-16 20:00:00,2050-11-16,65.13,nan,23.69,19.7,27.26
2050-11-16 16:00:00,2050-11-16 21:00:00,2050-11-16,61.72,nan,22.28,18.41,25.74
2050-11-16 17:00:00,2050-11-16 22:00:00,2050-11-16,51.27,nan,18.22,14.9,21.33
2050-11-16 18:00:00,2050-11-16 23:00:00,2050-11-16,14.65,nan,4.43,3.19,5.16
2050-11-16 19:00:00,2050-11-17 00:00:00,2050-11-16,28.07,nan,8.89,8.56,7.5
2050-11-16 20:00:00,2050-11-17 01:00:00,2050-11-16,74.6,nan,24.01,24.37,20.46
2050-11-16 21:00:00,2050-11-17 02:00:00,2050-11-16,123.2,nan,39.91,41.0,34.92
2050-11-16 22:00:00,2050-11-17 03:00:00,2050-11-16,135.59,nan,43.14,44.51,38.97
2050-11-16 23:00:00,2050-11-17 04:00:00,2050-11-16,125.91,nan,40.08,41.15,36.55
2050-11-17 00:00:00,2050-11-17 05:00:00,2050-11-17,103.07,nan,32.22,32.75,29.37
2050-11-17 01:00:00,2050-11-17 06:00:00,2050-11-17,75.51,nan,23.07,23.02,21.1
2050-11-17 02:00:00,2050-11-17 07:00:00,2050-11-17,53.81,nan,15.97,15.3,14.35
2050-11-17 03:00:00,2050-11-17 08:00:00,2050-11-17,37.99,nan,11.09,9.85,9.65
2050-11-17 04:00:00,2050-11-17 09:00:00,2050-11-17,21.31,nan,5.76,4.23,5.37
2050-11-17 05:00:00,2050-11-17 10:00:00,2050-11-17,16.31,nan,4.29,2.6,4.18
2050-11-17 06:00:00,2050-11-17 11:00:00,2050-11-17,15.14,nan,3.91,2.28,3.88
2050-11-17 07:00:00,2050-11-17 12:00:00,2050-11-17,31.49,nan,9.6,6.91,11.81
2050-11-17 08:00:00,2050-11-17 13:00:00,2050-11-17,85.33,nan,29.49,24.07,33.03
2050-11-17 09:00:00,2050-11-17 14:00:00,2050-11-17,127.27,nan,44.89,40.47,47.39
2050-11-17 10:00:00,2050-11-17 15:00:00,2050-11-17,332.98,nan,126.43,123.88,110.32
2050-11-17 11:00:00,2050-11-17 16:00:00,2050-11-17,472.08,nan,183.49,181.85,155.12
2050-11-17 12:00:00,2050-11-17 17:00:00,2050-11-17,260.44,nan,92.48,89.04,90.56
2050-11-17 13:00:00,2050-11-17 18:00:00,2050-11-17,271.21,nan,102.16,99.38,96.25
2050-11-17 14:00:00,2050-11-17 19:00:00,2050-11-17,341.03,nan,132.93,130.28,119.6
2050-11-17 15:00:00,2050-11-17 20:00:00,2050-11-17,300.65,nan,117.2,114.79,107.39
2050-11-17 16:00:00,2050-11-17 21:00:00,2050-11-17,115.03,nan,44.72,41.47,47.39
2050-11-17 17:00:00,2050-11-17 22:00:00,2050-11-17,48.89,nan,17.92,15.17,21.93
2050-11-17 18:00:00,2050-11-17 23:00:00,2050-11-17,29.85,nan,9.46,9.32,10.68
2050-11-17 19:00:00,2050-11-18 00:00:00,2050-11-17,256.72,nan,90.15,94.01,77.07
2050-11-17 20:00:00,2050-11-18 01:00:00,2050-11-17,642.65,nan,233.82,243.15,195.15
2050-11-17 21:00:00,2050-11-18 02:00:00,2050-11-17,1053.67,nan,386.81,402.13,323.03
2050-11-17 22:00:00,2050-11-18 03:00:00,2050-11-17,1444.55,nan,535.34,555.5,445.79
2050-11-17 23:00:00,2050-11-18 04:00:00,2050-11-17,1790.58,nan,667.06,691.66,555.68
2050-11-18 00:00:00,2050-11-18 05:00:00,2050-11-18,2091.06,nan,780.68,808.72,652.09
2050-11-18 01:00:00,2050-11-18 06:00:00,2050-11-18,2349.52,nan,878.19,909.32,735.56
2050-11-18 02:00:00,2050-11-18 07:00:00,2050-11-18,2575.21,nan,963.99,997.77,808.84
2050-11-18 03:00:00,2050-11-18 08:00:00,2050-11-18,2772.59,nan,1038.58,1074.78,872.8
2050-11-18 04:00:00,2050-11-18 09:00:00,2050-11-18,2960.14,nan,1109.35,1147.8,933.44
2050-11-18 05:00:00,2050-11-18 10:00:00,2050-11-18,3141.04,nan,1177.42,1218.04,992.14
2050-11-18 06:00:00,2050-11-18 11:00:00,2050-11-18,3316.18,nan,1243.02,1285.81,1049.06
2050-11-18 07:00:00,2050-11-18 12:00:00,2050-11-18,3330.72,nan,1248.12,1291.34,1051.82
2050-11-18 08:00:00,2050-11-18 13:00:00,2050-11-18,2553.54,nan,958.02,991.45,807.36
2050-11-18 09:00:00,2050-11-18 14:00:00,2050-11-18,1848.79,nan,693.48,717.48,586.84
2050-11-18 10:00:00,2050-11-18 15:00:00,2050-11-18,1201.24,nan,447.17,463.11,382.96
2050-11-18 11:00:00,2050-11-18 16:00:00,2050-11-18,706.92,nan,260.89,270.08,228.74
2050-11-18 12:00:00,2050-11-18 17:00:00,2050-11-18,347.04,nan,125.76,129.74,115.57
2050-11-18 13:00:00,2050-11-18 18:00:00,2050-11-18,87.58,nan,31.38,31.78,32.99
2050-11-18 14:00:00,2050-11-18 19:00:00,2050-11-18,22.93,nan,8.91,8.34,11.1
2050-11-18 15:00:00,2050-11-18 20:00:00,2050-11-18,23.78,nan,9.37,8.66,11.68
2050-11-18 16:00:00,2050-11-18 21:00:00,2050-11-18,34.33,nan,12.79,12.19,14.95
2050-11-18 17:00:00,2050-11-18 22:00:00,2050-11-18,174.22,nan,56.57,57.34,54.66
2050-11-18 18:00:00,2050-11-18 23:00:00,2050-11-18,491.29,nan,167.56,172.75,152.93
2050-11-18 19:00:00,2050-11-19 00:00:00,2050-11-18,900.75,nan,319.05,330.53,280.27
2050-11-18 20:00:00,2050-11-19 01:00:00,2050-11-18,1234.01,nan,445.39,461.57,384.09
2050-11-18 21:00:00,2050-11-19 02:00:00,2050-11-18,1565.12,nan,570.53,591.39,487.79
2050-11-18 22:00:00,2050-11-19 03:00:00,2050-11-18,1915.94,nan,703.12,728.2,598.79
2050-11-18 23:00:00,2050-11-19 04:00:00,2050-11-18,2200.14,nan,808.7,838.01,688.61
2050-11-19 00:00:00,2050-11-19 05:00:00,2050-11-19,2548.55,nan,941.68,975.35,800.8
2050-11-19 01:00:00,2050-11-19 06:00:00,2050-11-19,2871.67,nan,1065.2,1102.96,904.3
2050-11-19 02:00:00,2050-11-19 07:00:00,2050-11-19,3201.71,nan,1190.84,1232.95,1010.55
2050-11-19 03:00:00,2050-11-19 08:00:00,2050-11-19,3505.06,nan,1306.63,1352.7,1108.18
2050-11-19 04:00:00,2050-11-19 09:00:00,2050-11-19,3753.69,nan,1400.87,1449.87,1188.19
2050-11-19 05:00:00,2050-11-19 10:00:00,2050-11-19,3963.58,nan,1479.67,1530.74,1255.14
2050-11-19 06:00:00,2050-11-19 11:00:00,2050-11-19,4178.18,nan,1559.29,1612.87,1323.92
2050-11-19 07:00:00,2050-11-19 12:00:00,2050-11-19,4234.46,nan,1579.74,1634.35,1339.65
2050-11-19 08:00:00,2050-11-19 13:00:00,2050-11-19,3519.57,nan,1311.06,1357.23,1113.9
2050-11-19 09:00:00,2050-11-19 14:00:00,2050-11-19,2995.36,nan,1110.44,1150.3,949.5
2050-11-19 10:00:00,2050-11-19 15:00:00,2050-11-19,2502.9,nan,924.12,957.55,792.53
2050-11-19 11:00:00,2050-11-19 16:00:00,2050-11-19,2126.69,nan,780.18,808.62,671.29
2050-11-19 12:00:00,2050-11-19 17:00:00,2050-11-19,1826.22,nan,665.43,689.68,573.75
2050-11-19 13:00:00,2050-11-19 18:00:00,2050-11-19,1399.78,nan,505.72,524.62,438.54
2050-11-19 14:00:00,2050-11-19 19:00:00,2050-11-19,1037.71,nan,371.76,385.54,325.91
2050-11-19 15:00:00,2050-11-19 20:00:00,2050-11-19,847.56,nan,301.39,312.26,268.2
2050-11-19 16:00:00,2050-11-19 21:00:00,2050-11-19,1074.09,nan,383.01,397.17,338.97
2050-11-19 17:00:00,2050-11-19 22:00:00,2050-11-19,1750.07,nan,633.78,657.39,546.36
2050-11-19 18:00:00,2050-11-19 23:00:00,2050-11-19,2545.25,nan,931.79,965.05,802.22
2050-11-19 19:00:00,2050-11-20 00:00:00,2050-11-19,3139.9,nan,1154.12,1194.02,993.01
2050-11-19 20:00:00,2050-11-20 01:00:00,2050-11-19,3504.81,nan,1290.86,1335.06,1108.78
2050-11-19 21:00:00,2050-11-20 02:00:00,2050-11-19,3813.95,nan,1406.69,1454.67,1206.63
2050-11-19 22:00:00,2050-11-20 03:00:00,2050-11-19,4090.38,nan,1509.97,1561.35,1293.99
2050-11-19 23:00:00,2050-11-20 04:00:00,2050-11-19,4304.96,nan,1590.07,1644.01,1362.26
2050-11-20 00:00:00,2050-11-20 05:00:00,2050-11-20,4481.58,nan,1655.3,1711.53,1417.98
2050-11-20 01:00:00,2050-11-20 06:00:00,2050-11-20,4622.19,nan,1706.9,1765.05,1462.71
2050-11-20 02:00:00,2050-11-20 07:00:00,2050-11-20,4744.91,nan,1753.67,1814.09,1504.0
2050-11-20 03:00:00,2050-11-20 08:00:00,2050-11-20,4829.51,nan,1785.75,1847.27,1531.58
2050-11-20 04:00:00,2050-11-20 09:00:00,2050-11-20,4866.25,nan,1801.82,1863.58,1544.55
2050-11-20 05:00:00,2050-11-20 10:00:00,2050-11-20,4831.37,nan,1788.74,1850.28,1535.59
2050-11-20 06:00:00,2050-11-20 11:00:00,2050-11-20,4732.61,nan,1752.99,1812.51,1507.29
2050-11-20 07:00:00,2050-11-20 12:00:00,2050-11-20,4407.02,nan,1631.48,1687.67,1401.94
2050-11-20 08:00:00,2050-11-20 13:00:00,2050-11-20,3643.36,nan,1348.04,1396.12,1158.05
2050-11-20 09:00:00,2050-11-20 14:00:00,2050-11-20,3137.65,nan,1162.19,1203.4,999.0
2050-11-20 10:00:00,2050-11-20 15:00:00,2050-11-20,2589.81,nan,958.43,992.51,824.99
2050-11-20 11:00:00,2050-11-20 16:00:00,2050-11-20,2073.73,nan,767.58,795.04,660.77
2050-11-20 12:00:00,2050-11-20 17:00:00,2050-11-20,1662.4,nan,614.75,637.13,528.18
2050-11-20 13:00:00,2050-11-20 18:00:00,2050-11-20,1247.94,nan,461.41,478.41,396.03
2050-11-20 14:00:00,2050-11-20 19:00:00,2050-11-20,898.65,nan,330.44,342.38,285.78
2050-11-20 15:00:00,2050-11-20 20:00:00,2050-11-20,758.02,nan,277.06,286.89,241.54
2050-11-20 16:00:00,2050-11-20 21:00:00,2050-11-20,872.79,nan,319.48,330.53,276.61
2050-11-20 17:00:00,2050-11-20 22:00:00,2050-11-20,1184.55,nan,435.95,451.14,371.38
2050-11-20 18:00:00,2050-11-20 23:00:00,2050-11-20,1694.21,nan,626.37,648.33,534.92
2050-11-20 19:00:00,2050-11-21 00:00:00,2050-11-20,2112.1,nan,782.53,809.79,670.26
2050-11-20 20:00:00,2050-11-21 01:00:00,2050-11-20,2426.04,nan,899.76,931.04,769.73
2050-11-20 21:00:00,2050-11-21 02:00:00,2050-11-20,2780.55,nan,1032.64,1068.61,881.82
2050-11-20 22:00:00,2050-11-21 03:00:00,2050-11-20,3111.82,nan,1157.05,1197.24,986.95
2050-11-20 23:00:00,2050-11-21 04:00:00,2050-11-20,3409.95,nan,1268.2,1311.98,1080.99
2050-11-21 00:00:00,2050-11-21 05:00:00,2050-11-21,3636.94,nan,1351.41,1397.39,1152.8
2050-11-21 01:00:00,2050-11-21 06:00:00,2050-11-21,3852.17,nan,1428.51,1476.55,1221.41
2050-11-21 02:00:00,2050-11-21 07:00:00,2050-11-21,4159.14,nan,1544.0,1596.13,1319.61
2050-11-21 03:00:00,2050-11-21 08:00:00,2050-11-21,4430.9,nan,1644.41,1699.66,1405.22
2050-11-21 04:00:00,2050-11-21 09:00:00,2050-11-21,4700.98,nan,1744.44,1802.87,1491.48
2050-11-21 05:00:00,2050-11-21 10:00:00,2050-11-21,4978.21,nan,1849.1,1910.82,1580.65
2050-11-21 06:00:00,2050-11-21 11:00:00,2050-11-21,5216.73,nan,1938.57,2003.03,1656.88
2050-11-21 07:00:00,2050-11-21 12:00:00,2050-11-21,5265.58,nan,1956.59,2022.54,1669.36
2050-11-21 08:00:00,2050-11-21 13:00:00,2050-11-21,4528.65,nan,1679.66,1738.13,1435.78
2050-11-21 09:00:00,2050-11-21 14:00:00,2050-11-21,3906.67,nan,1443.51,1493.61,1240.39
2050-11-21 10:00:00,2050-11-21 15:00:00,2050-11-21,3310.62,nan,1219.95,1262.63,1051.77
2050-11-21 11:00:00,2050-11-21 16:00:00,2050-11-21,2742.99,nan,1007.51,1043.19,870.52
2050-11-21 12:00:00,2050-11-21 17:00:00,2050-11-21,2273.85,nan,833.05,862.99,720.08
2050-11-21 13:00:00,2050-11-21 18:00:00,2050-11-21,1679.64,nan,611.73,634.29,530.29
2050-11-21 14:00:00,2050-11-21 19:00:00,2050-11-21,1137.04,nan,408.13,423.85,358.77
2050-11-21 15:00:00,2050-11-21 20:00:00,2050-11-21,826.93,nan,291.85,303.08,261.93
2050-11-21 16:00:00,2050-11-21 21:00:00,2050-11-21,974.36,nan,344.53,357.79,307.61
2050-11-21 17:00:00,2050-11-21 22:00:00,2050-11-21,1542.8,nan,557.61,578.66,482.67
2050-11-21 18:00:00,2050-11-21 23:00:00,2050-11-21,2312.68,nan,848.29,878.43,730.56
2050-11-21 19:00:00,2050-11-22 00:00:00,2050-11-21,2889.38,nan,1065.87,1102.2,916.57
2050-11-21 20:00:00,2050-11-22 01:00:00,2050-11-21,3183.14,nan,1177.42,1216.78,1010.74
2050-11-21 21:00:00,2050-11-22 02:00:00,2050-11-21,3315.82,nan,1228.86,1270.15,1052.49
2050-11-21 22:00:00,2050-11-22 03:00:00,2050-11-21,3362.78,nan,1249.58,1291.97,1069.77
2050-11-21 23:00:00,2050-11-22 04:00:00,2050-11-21,3290.27,nan,1222.93,1264.59,1047.84
2050-11-22 00:00:00,2050-11-22 05:00:00,2050-11-22,3168.0,nan,1178.71,1218.94,1010.02
2050-11-22 01:00:00,2050-11-22 06:00:00,2050-11-22,3023.4,nan,1123.46,1162.35,964.18
2050-11-22 02:00:00,2050-11-22 07:00:00,2050-11-22,2859.92,nan,1062.38,1099.64,912.68
2050-11-22 03:00:00,2050-11-22 08:00:00,2050-11-22,2717.34,nan,1009.4,1044.95,865.8
2050-11-22 04:00:00,2050-11-22 09:00:00,2050-11-22,2562.48,nan,951.58,985.92,815.61
2050-11-22 05:00:00,2050-11-22 10:00:00,2050-11-22,2439.33,nan,906.21,939.34,775.62
2050-11-22 06:00:00,2050-11-22 11:00:00,2050-11-22,2330.05,nan,866.39,898.22,740.33
2050-11-22 07:00:00,2050-11-22 12:00:00,2050-11-22,2106.45,nan,782.24,812.09,665.51
2050-11-22 08:00:00,2050-11-22 13:00:00,2050-11-22,1578.57,nan,582.36,604.69,493.92
2050-11-22 09:00:00,2050-11-22 14:00:00,2050-11-22,909.77,nan,322.79,334.29,283.3
2050-11-22 10:00:00,2050-11-22 15:00:00,2050-11-22,304.15,nan,90.78,94.77,93.69
2050-11-22 11:00:00,2050-11-22 16:00:00,2050-11-22,65.24,nan,11.91,12.65,18.72
2050-11-22 12:00:00,2050-11-22 17:00:00,2050-11-22,26.57,nan,5.96,5.65,9.1
2050-11-22 13:00:00,2050-11-22 18:00:00,2050-11-22,41.74,nan,16.7,15.3,20.19
2050-11-22 14:00:00,2050-11-22 19:00:00,2050-11-22,170.06,nan,71.67,71.43,63.81
2050-11-22 15:00:00,2050-11-22 20:00:00,2050-11-22,405.18,nan,172.42,174.47,137.17
2050-11-22 16:00:00,2050-11-22 21:00:00,2050-11-22,375.71,nan,158.58,160.02,127.2
2050-11-22 17:00:00,2050-11-22 22:00:00,2050-11-22,156.47,nan,64.08,62.27,59.39
2050-11-22 18:00:00,2050-11-22 23:00:00,2050-11-22,27.43,nan,11.15,10.07,13.21
2050-11-22 19:00:00,2050-11-23 00:00:00,2050-11-22,6.22,nan,2.3,2.09,2.91
2050-11-22 20:00:00,2050-11-23 01:00:00,2050-11-22,5.66,nan,1.82,1.71,2.24
2050-11-22 21:00:00,2050-11-23 02:00:00,2050-11-22,19.82,nan,6.22,6.3,5.54
2050-11-22 22:00:00,2050-11-23 03:00:00,2050-11-22,52.75,nan,16.28,16.89,14.58
2050-11-22 23:00:00,2050-11-23 04:00:00,2050-11-22,102.92,nan,32.37,33.78,29.41
2050-11-23 00:00:00,2050-11-23 05:00:00,2050-11-23,186.13,nan,61.4,64.09,55.24
2050-11-23 01:00:00,2050-11-23 06:00:00,2050-11-23,305.1,nan,104.77,109.11,92.42
2050-11-23 02:00:00,2050-11-23 07:00:00,2050-11-23,461.51,nan,162.78,169.44,141.38
2050-11-23 03:00:00,2050-11-23 08:00:00,2050-11-23,643.9,nan,230.62,240.0,198.65
2050-11-23 04:00:00,2050-11-23 09:00:00,2050-11-23,843.61,nan,305.56,317.86,261.31
2050-11-23 05:00:00,2050-11-23 10:00:00,2050-11-23,1045.17,nan,381.74,396.78,324.72
2050-11-23 06:00:00,2050-11-23 11:00:00,2050-11-23,1243.05,nan,456.7,474.45,387.61
2050-11-23 07:00:00,2050-11-23 12:00:00,2050-11-23,1297.34,nan,477.1,495.65,403.36
2050-11-23 08:00:00,2050-11-23 13:00:00,2050-11-23,728.86,nan,264.58,274.17,229.47
2050-11-23 09:00:00,2050-11-23 14:00:00,2050-11-23,219.89,nan,76.05,78.18,74.36
2050-11-23 10:00:00,2050-11-23 15:00:00,2050-11-23,32.15,nan,10.71,9.03,13.04
2050-11-23 11:00:00,2050-11-23 16:00:00,2050-11-23,38.83,nan,13.66,11.24,16.13
2050-11-23 12:00:00,2050-11-23 17:00:00,2050-11-23,58.88,nan,21.5,18.29,25.23
2050-11-23 13:00:00,2050-11-23 18:00:00,2050-11-23,92.66,nan,33.44,29.55,37.85
2050-11-23 14:00:00,2050-11-23 19:00:00,2050-11-23,129.73,nan,45.22,40.96,49.54
2050-11-23 15:00:00,2050-11-23 20:00:00,2050-11-23,147.68,nan,52.79,48.97,55.5
2050-11-23 16:00:00,2050-11-23 21:00:00,2050-11-23,121.58,nan,44.07,39.89,47.38
2050-11-23 17:00:00,2050-11-23 22:00:00,2050-11-23,81.62,nan,29.59,25.17,34.07
2050-11-23 18:00:00,2050-11-23 23:00:00,2050-11-23,27.38,nan,9.46,7.66,11.32
2050-11-23 19:00:00,2050-11-24 00:00:00,2050-11-23,7.92,nan,2.6,2.01,3.23
2050-11-23 20:00:00,2050-11-24 01:00:00,2050-11-23,16.26,nan,5.0,4.88,5.07
2050-11-23 21:00:00,2050-11-24 02:00:00,2050-11-23,73.25,nan,25.01,25.82,22.18
2050-11-23 22:00:00,2050-11-24 03:00:00,2050-11-23,230.2,nan,84.3,87.21,70.48
2050-11-23 23:00:00,2050-11-24 04:00:00,2050-11-23,654.21,nan,244.59,254.4,201.68
2050-11-24 00:00:00,2050-11-24 05:00:00,2050-11-24,1205.02,nan,454.6,472.24,373.22
2050-11-24 01:00:00,2050-11-24 06:00:00,2050-11-24,1770.18,nan,667.25,692.61,551.28
2050-11-24 02:00:00,2050-11-24 07:00:00,2050-11-24,2351.26,nan,884.92,917.9,736.64
2050-11-24 03:00:00,2050-11-24 08:00:00,2050-11-24,2844.78,nan,1068.66,1107.89,895.13
2050-11-24 04:00:00,2050-11-24 09:00:00,2050-11-24,3294.23,nan,1236.0,1280.9,1039.48
2050-11-24 05:00:00,2050-11-24 10:00:00,2050-11-24,3701.29,nan,1388.92,1438.78,1170.72
2050-11-24 06:00:00,2050-11-24 11:00:00,2050-11-24,4025.88,nan,1509.63,1563.57,1274.86
2050-11-24 07:00:00,2050-11-24 12:00:00,2050-11-24,4155.16,nan,1556.33,1612.38,1313.71
2050-11-24 08:00:00,2050-11-24 13:00:00,2050-11-24,3548.39,nan,1327.03,1375.58,1121.4
2050-11-24 09:00:00,2050-11-24 14:00:00,2050-11-24,2979.9,nan,1110.29,1150.42,943.08
2050-11-24 10:00:00,2050-11-24 15:00:00,2050-11-24,2536.52,nan,940.29,974.18,802.42
2050-11-24 11:00:00,2050-11-24 16:00:00,2050-11-24,2219.53,nan,818.04,847.83,701.17
2050-11-24 12:00:00,2050-11-24 17:00:00,2050-11-24,1999.53,nan,733.39,760.28,628.69
2050-11-24 13:00:00,2050-11-24 18:00:00,2050-11-24,1615.18,nan,587.51,609.22,506.88
2050-11-24 14:00:00,2050-11-24 19:00:00,2050-11-24,1263.42,nan,454.58,471.48,396.45
2050-11-24 15:00:00,2050-11-24 20:00:00,2050-11-24,1093.37,nan,390.7,404.66,344.72
2050-11-24 16:00:00,2050-11-24 21:00:00,2050-11-24,1402.18,nan,503.42,521.49,440.88
2050-11-24 17:00:00,2050-11-24 22:00:00,2050-11-24,2102.52,nan,765.18,792.7,656.33
2050-11-24 18:00:00,2050-11-24 23:00:00,2050-11-24,2879.72,nan,1056.13,1093.14,907.01
2050-11-24 19:00:00,2050-11-25 00:00:00,2050-11-24,3445.64,nan,1268.08,1311.72,1088.37
2050-11-24 20:00:00,2050-11-25 01:00:00,2050-11-24,3827.12,nan,1410.62,1459.04,1208.58
2050-11-24 21:00:00,2050-11-25 02:00:00,2050-11-24,4136.62,nan,1525.68,1577.87,1306.87
2050-11-24 22:00:00,2050-11-25 03:00:00,2050-11-24,4404.0,nan,1626.09,1681.59,1392.05
2050-11-24 23:00:00,2050-11-25 04:00:00,2050-11-24,4609.93,nan,1702.12,1760.17,1457.95
2050-11-25 00:00:00,2050-11-25 05:00:00,2050-11-25,4800.26,nan,1772.54,1832.72,1518.6
2050-11-25 01:00:00,2050-11-25 06:00:00,2050-11-25,5008.78,nan,1849.46,1912.0,1584.97
2050-11-25 02:00:00,2050-11-25 07:00:00,2050-11-25,5244.96,nan,1937.81,2002.92,1660.56
2050-11-25 03:00:00,2050-11-25 08:00:00,2050-11-25,5421.63,nan,2003.99,2070.96,1717.7
2050-11-25 04:00:00,2050-11-25 09:00:00,2050-11-25,5577.78,nan,2062.77,2131.27,1768.34
2050-11-25 05:00:00,2050-11-25 10:00:00,2050-11-25,5695.36,nan,2106.73,2176.53,1806.92
2050-11-25 06:00:00,2050-11-25 11:00:00,2050-11-25,5776.84,nan,2138.68,2209.47,1834.49
2050-11-25 07:00:00,2050-11-25 12:00:00,2050-11-25,5677.36,nan,2103.57,2174.14,1800.49
2050-11-25 08:00:00,2050-11-25 13:00:00,2050-11-25,5110.58,nan,1894.51,1960.11,1618.56
2050-11-25 09:00:00,2050-11-25 14:00:00,2050-11-25,4661.21,nan,1726.88,1786.91,1476.84
2050-11-25 10:00:00,2050-11-25 15:00:00,2050-11-25,4183.46,nan,1549.27,1603.59,1325.08
2050-11-25 11:00:00,2050-11-25 16:00:00,2050-11-25,3715.1,nan,1374.66,1423.66,1175.77
2050-11-25 12:00:00,2050-11-25 17:00:00,2050-11-25,3277.65,nan,1210.68,1254.33,1036.42
2050-11-25 13:00:00,2050-11-25 18:00:00,2050-11-25,2759.67,nan,1015.87,1052.84,872.26
2050-11-25 14:00:00,2050-11-25 19:00:00,2050-11-25,2349.95,nan,861.56,893.28,741.46
2050-11-25 15:00:00,2050-11-25 20:00:00,2050-11-25,2138.85,nan,784.82,814.13,674.24
2050-11-25 16:00:00,2050-11-25 21:00:00,2050-11-25,2198.17,nan,809.3,839.3,692.56
2050-11-25 17:00:00,2050-11-25 22:00:00,2050-11-25,2386.2,nan,878.86,911.83,749.08
2050-11-25 18:00:00,2050-11-25 23:00:00,2050-11-25,2865.12,nan,1058.15,1096.07,905.02
2050-11-25 19:00:00,2050-11-26 00:00:00,2050-11-25,3160.82,nan,1168.5,1209.18,1000.38
2050-11-25 20:00:00,2050-11-26 01:00:00,2050-11-25,3318.29,nan,1228.47,1270.9,1050.58
2050-11-25 21:00:00,2050-11-26 02:00:00,2050-11-25,3419.79,nan,1266.84,1310.04,1083.04
2050-11-25 22:00:00,2050-11-26 03:00:00,2050-11-25,3509.0,nan,1301.55,1346.4,1112.43
2050-11-25 23:00:00,2050-11-26 04:00:00,2050-11-25,3523.26,nan,1308.08,1354.11,1117.82
2050-11-26 00:00:00,2050-11-26 05:00:00,2050-11-26,3430.52,nan,1274.23,1319.49,1089.06
2050-11-26 01:00:00,2050-11-26 06:00:00,2050-11-26,3269.48,nan,1216.88,1260.43,1038.3
2050-11-26 02:00:00,2050-11-26 07:00:00,2050-11-26,3117.85,nan,1164.22,1206.42,991.14
2050-11-26 03:00:00,2050-11-26 08:00:00,2050-11-26,2893.83,nan,1084.15,1123.51,921.83
2050-11-26 04:00:00,2050-11-26 09:00:00,2050-11-26,2644.01,nan,995.23,1032.8,844.11
2050-11-26 05:00:00,2050-11-26 10:00:00,2050-11-26,2419.78,nan,914.06,947.82,774.64
2050-11-26 06:00:00,2050-11-26 11:00:00,2050-11-26,2301.65,nan,871.4,903.87,737.39
2050-11-26 07:00:00,2050-11-26 12:00:00,2050-11-26,2024.68,nan,764.05,792.37,646.06
2050-11-26 08:00:00,2050-11-26 13:00:00,2050-11-26,1357.04,nan,512.55,532.83,429.94
2050-11-26 09:00:00,2050-11-26 14:00:00,2050-11-26,1138.89,nan,435.4,452.98,362.72
2050-11-26 10:00:00,2050-11-26 15:00:00,2050-11-26,1050.88,nan,401.63,417.58,332.93
2050-11-26 11:00:00,2050-11-26 16:00:00,2050-11-26,933.36,nan,352.97,366.84,294.55
2050-11-26 12:00:00,2050-11-26 17:00:00,2050-11-26,644.96,nan,236.62,245.36,202.28
2050-11-26 13:00:00,2050-11-26 18:00:00,2050-11-26,304.07,nan,108.5,112.42,95.8
2050-11-26 14:00:00,2050-11-26 19:00:00,2050-11-26,204.2,nan,66.9,70.09,62.62
2050-11-26 15:00:00,2050-11-26 20:00:00,2050-11-26,317.44,nan,109.34,113.01,97.77
2050-11-26 16:00:00,2050-11-26 21:00:00,2050-11-26,712.92,nan,254.6,264.0,221.66
2050-11-26 17:00:00,2050-11-26 22:00:00,2050-11-26,1384.03,nan,503.09,522.57,428.84
2050-11-26 18:00:00,2050-11-26 23:00:00,2050-11-26,2233.9,nan,820.58,851.94,700.95
2050-11-26 19:00:00,2050-11-27 00:00:00,2050-11-26,2979.27,nan,1099.9,1140.06,940.89
2050-11-26 20:00:00,2050-11-27 01:00:00,2050-11-26,3474.7,nan,1284.97,1330.92,1098.81
2050-11-26 21:00:00,2050-11-27 02:00:00,2050-11-26,3914.96,nan,1449.12,1500.32,1238.91
2050-11-26 22:00:00,2050-11-27 03:00:00,2050-11-26,4296.35,nan,1591.68,1646.79,1360.18
2050-11-26 23:00:00,2050-11-27 04:00:00,2050-11-26,4654.37,nan,1725.69,1784.86,1474.19
2050-11-27 00:00:00,2050-11-27 05:00:00,2050-11-27,4988.67,nan,1850.57,1913.6,1581.08
2050-11-27 01:00:00,2050-11-27 06:00:00,2050-11-27,5302.54,nan,1968.06,2034.61,1681.51
2050-11-27 02:00:00,2050-11-27 07:00:00,2050-11-27,5593.49,nan,2076.44,2146.29,1774.48
2050-11-27 03:00:00,2050-11-27 08:00:00,2050-11-27,5874.95,nan,2180.96,2254.14,1864.21
2050-11-27 04:00:00,2050-11-27 09:00:00,2050-11-27,6138.72,nan,2279.12,2355.4,1948.61
2050-11-27 05:00:00,2050-11-27 10:00:00,2050-11-27,6376.57,nan,2367.7,2446.66,2024.96
2050-11-27 06:00:00,2050-11-27 11:00:00,2050-11-27,6585.62,nan,2445.43,2526.65,2092.08
2050-11-27 07:00:00,2050-11-27 12:00:00,2050-11-27,6611.27,nan,2454.7,2537.03,2097.44
2050-11-27 08:00:00,2050-11-27 13:00:00,2050-11-27,5960.34,nan,2212.54,2288.34,1890.86
2050-11-27 09:00:00,2050-11-27 14:00:00,2050-11-27,5275.07,nan,1956.16,2022.73,1676.08
2050-11-27 10:00:00,2050-11-27 15:00:00,2050-11-27,4627.56,nan,1714.08,1772.65,1470.77
2050-11-27 11:00:00,2050-11-27 16:00:00,2050-11-27,4051.28,nan,1498.84,1550.13,1287.23
2050-11-27 12:00:00,2050-11-27 17:00:00,2050-11-27,3541.99,nan,1307.2,1352.2,1123.49
2050-11-27 13:00:00,2050-11-27 18:00:00,2050-11-27,2952.95,nan,1086.69,1124.38,935.16
2050-11-27 14:00:00,2050-11-27 19:00:00,2050-11-27,2398.38,nan,876.88,907.7,757.64
2050-11-27 15:00:00,2050-11-27 20:00:00,2050-11-27,2080.38,nan,757.2,783.8,657.59
2050-11-27 16:00:00,2050-11-27 21:00:00,2050-11-27,2337.51,nan,853.23,883.38,739.37
2050-11-27 17:00:00,2050-11-27 22:00:00,2050-11-27,2936.93,nan,1079.67,1117.64,925.58
2050-11-27 18:00:00,2050-11-27 23:00:00,2050-11-27,3641.98,nan,1345.22,1390.39,1153.33
2050-11-27 19:00:00,2050-11-28 00:00:00,2050-11-27,4150.84,nan,1537.15,1587.83,1317.61
2050-11-27 20:00:00,2050-11-28 01:00:00,2050-11-27,4464.72,nan,1656.62,1711.04,1417.97
2050-11-27 21:00:00,2050-11-28 02:00:00,2050-11-27,4730.98,nan,1757.82,1815.34,1503.21
2050-11-27 22:00:00,2050-11-28 03:00:00,2050-11-27,4957.62,nan,1844.01,1904.31,1575.99
2050-11-27 23:00:00,2050-11-28 04:00:00,2050-11-27,5145.17,nan,1915.82,1978.21,1636.07
2050-11-28 00:00:00,2050-11-28 05:00:00,2050-11-28,5283.34,nan,1968.16,2032.29,1680.42
2050-11-28 01:00:00,2050-11-28 06:00:00,2050-11-28,5360.76,nan,1996.17,2062.09,1704.74
2050-11-28 02:00:00,2050-11-28 07:00:00,2050-11-28,5406.21,nan,2011.11,2077.74,1716.58
2050-11-28 03:00:00,2050-11-28 08:00:00,2050-11-28,5466.47,nan,2033.77,2101.47,1734.84
2050-11-28 04:00:00,2050-11-28 09:00:00,2050-11-28,5531.72,nan,2058.02,2126.15,1754.44
2050-11-28 05:00:00,2050-11-28 10:00:00,2050-11-28,5571.94,nan,2072.32,2141.05,1765.48
2050-11-28 06:00:00,2050-11-28 11:00:00,2050-11-28,5635.79,nan,2096.47,2166.21,1786.69
2050-11-28 07:00:00,2050-11-28 12:00:00,2050-11-28,5558.88,nan,2069.05,2138.34,1758.43
2050-11-28 08:00:00,2050-11-28 13:00:00,2050-11-28,4839.34,nan,1801.24,1863.28,1530.56
2050-11-28 09:00:00,2050-11-28 14:00:00,2050-11-28,4024.22,nan,1493.6,1545.19,1275.15
2050-11-28 10:00:00,2050-11-28 15:00:00,2050-11-28,3296.51,nan,1219.87,1262.24,1044.88
2050-11-28 11:00:00,2050-11-28 16:00:00,2050-11-28,2658.32,nan,979.75,1014.26,841.64
2050-11-28 12:00:00,2050-11-28 17:00:00,2050-11-28,2142.6,nan,785.98,814.15,675.98
2050-11-28 13:00:00,2050-11-28 18:00:00,2050-11-28,1538.75,nan,560.36,580.84,483.8
2050-11-28 14:00:00,2050-11-28 19:00:00,2050-11-28,1010.23,nan,362.94,376.25,317.42
2050-11-28 15:00:00,2050-11-28 20:00:00,2050-11-28,712.1,nan,252.29,261.14,225.82
2050-11-28 16:00:00,2050-11-28 21:00:00,2050-11-28,857.73,nan,302.99,314.01,270.77
2050-11-28 17:00:00,2050-11-28 22:00:00,2050-11-28,1379.15,nan,494.89,513.51,429.19
2050-11-28 18:00:00,2050-11-28 23:00:00,2050-11-28,2088.32,nan,759.52,786.73,657.37
2050-11-28 19:00:00,2050-11-29 00:00:00,2050-11-28,2631.55,nan,961.54,995.12,830.97
2050-11-28 20:00:00,2050-11-29 01:00:00,2050-11-28,2986.29,nan,1094.71,1133.35,944.1
2050-11-28 21:00:00,2050-11-29 02:00:00,2050-11-28,3279.95,nan,1205.05,1247.13,1037.25
2050-11-28 22:00:00,2050-11-29 03:00:00,2050-11-28,3552.48,nan,1308.82,1354.47,1123.68
2050-11-28 23:00:00,2050-11-29 04:00:00,2050-11-28,3805.58,nan,1406.33,1454.86,1204.63
2050-11-29 00:00:00,2050-11-29 05:00:00,2050-11-29,4051.33,nan,1501.33,1552.29,1283.81
2050-11-29 01:00:00,2050-11-29 06:00:00,2050-11-29,4226.62,nan,1568.92,1621.94,1340.15
2050-11-29 02:00:00,2050-11-29 07:00:00,2050-11-29,4367.62,nan,1623.87,1678.4,1386.51
2050-11-29 03:00:00,2050-11-29 08:00:00,2050-11-29,4479.53,nan,1667.21,1723.04,1423.09
2050-11-29 04:00:00,2050-11-29 09:00:00,2050-11-29,4583.77,nan,1707.95,1764.96,1457.14
2050-11-29 05:00:00,2050-11-29 10:00:00,2050-11-29,4670.21,nan,1741.54,1799.61,1484.99
2050-11-29 06:00:00,2050-11-29 11:00:00,2050-11-29,4741.95,nan,1769.27,1828.09,1508.44
2050-11-29 07:00:00,2050-11-29 12:00:00,2050-11-29,4651.56,nan,1735.51,1794.37,1476.65
2050-11-29 08:00:00,2050-11-29 13:00:00,2050-11-29,3929.16,nan,1465.77,1517.16,1248.15
2050-11-29 09:00:00,2050-11-29 14:00:00,2050-11-29,3033.77,nan,1129.47,1168.99,965.98
2050-11-29 10:00:00,2050-11-29 15:00:00,2050-11-29,2178.62,nan,807.45,835.91,694.48
2050-11-29 11:00:00,2050-11-29 16:00:00,2050-11-29,1488.02,nan,551.92,571.59,472.2
2050-11-29 12:00:00,2050-11-29 17:00:00,2050-11-29,965.3,nan,357.61,370.92,305.6
2050-11-29 13:00:00,2050-11-29 18:00:00,2050-11-29,588.73,nan,223.07,232.76,185.5
2050-11-29 14:00:00,2050-11-29 19:00:00,2050-11-29,454.58,nan,179.48,188.66,144.15
2050-11-29 15:00:00,2050-11-29 20:00:00,2050-11-29,487.66,nan,193.38,202.96,153.99
2050-11-29 16:00:00,2050-11-29 21:00:00,2050-11-29,613.06,nan,241.43,253.17,194.74
2050-11-29 17:00:00,2050-11-29 22:00:00,2050-11-29,905.68,nan,345.71,361.15,282.96
2050-11-29 18:00:00,2050-11-29 23:00:00,2050-11-29,1458.57,nan,545.87,568.27,458.34
2050-11-29 19:00:00,2050-11-30 00:00:00,2050-11-29,1834.75,nan,681.63,708.04,580.64
2050-11-29 20:00:00,2050-11-30 01:00:00,2050-11-29,1995.41,nan,737.43,765.73,630.12
2050-11-29 21:00:00,2050-11-30 02:00:00,2050-11-29,2108.54,nan,779.2,809.04,665.24
2050-11-29 22:00:00,2050-11-30 03:00:00,2050-11-29,2232.4,nan,824.65,857.03,703.13
2050-11-29 23:00:00,2050-11-30 04:00:00,2050-11-29,2373.85,nan,880.98,915.41,748.23
2050-11-30 00:00:00,2050-11-30 05:00:00,2050-11-30,2548.12,nan,949.56,986.3,804.29
2050-11-30 01:00:00,2050-11-30 06:00:00,2050-11-30,2609.73,nan,972.68,1010.56,824.13
2050-11-30 02:00:00,2050-11-30 07:00:00,2050-11-30,2776.07,nan,1040.31,1080.34,878.38
2050-11-30 03:00:00,2050-11-30 08:00:00,2050-11-30,2895.42,nan,1087.19,1128.0,918.31
2050-11-30 04:00:00,2050-11-30 09:00:00,2050-11-30,2957.14,nan,1111.97,1152.61,940.47
2050-11-30 05:00:00,2050-11-30 10:00:00,2050-11-30,2928.62,nan,1101.71,1141.66,931.54
2050-11-30 06:00:00,2050-11-30 11:00:00,2050-11-30,2900.91,nan,1092.02,1131.34,923.01
2050-11-30 07:00:00,2050-11-30 12:00:00,2050-11-30,2671.26,nan,1006.14,1043.38,848.06
2050-11-30 08:00:00,2050-11-30 13:00:00,2050-11-30,2204.4,nan,829.82,861.7,693.74
2050-11-30 09:00:00,2050-11-30 14:00:00,2050-11-30,1910.32,nan,719.44,746.71,603.52
2050-11-30 10:00:00,2050-11-30 15:00:00,2050-11-30,1398.96,nan,520.98,540.59,441.69
2050-11-30 11:00:00,2050-11-30 16:00:00,2050-11-30,929.9,nan,338.7,351.28,291.98
2050-11-30 12:00:00,2050-11-30 17:00:00,2050-11-30,521.3,nan,180.97,188.66,162.24
2050-11-30 13:00:00,2050-11-30 18:00:00,2050-11-30,222.47,nan,72.61,76.78,69.28
2050-11-30 14:00:00,2050-11-30 19:00:00,2050-11-30,73.73,nan,20.13,22.07,24.02
2050-11-30 15:00:00,2050-11-30 20:00:00,2050-11-30,59.64,nan,16.5,17.95,20.11
2050-11-30 16:00:00,2050-11-30 21:00:00,2050-11-30,70.92,nan,20.29,21.97,23.84
2050-11-30 17:00:00,2050-11-30 22:00:00,2050-11-30,96.86,nan,27.37,29.63,30.7
2050-11-30 18:00:00,2050-11-30 23:00:00,2050-11-30,213.33,nan,65.58,70.18,64.56
2050-11-30 19:00:00,2050-12-01 00:00:00,2050-11-30,108.31,nan,28.64,30.91,30.39
2050-11-30 20:00:00,2050-12-01 01:00:00,2050-11-30,140.84,nan,39.54,42.16,40.29
2050-11-30 21:00:00,2050-12-01 02:00:00,2050-11-30,159.17,nan,45.94,48.72,45.89
2050-11-30 22:00:00,2050-12-01 03:00:00,2050-11-30,170.56,nan,50.2,53.04,49.42
2050-11-30 23:00:00,2050-12-01 04:00:00,2050-11-30,174.31,nan,51.93,54.74,50.64
2050-12-01 00:00:00,2050-12-01 05:00:00,2050-12-01,175.33,nan,52.89,55.6,50.96
2050-12-01 01:00:00,2050-12-01 06:00:00,2050-12-01,167.28,nan,50.25,52.77,48.53
2050-12-01 02:00:00,2050-12-01 07:00:00,2050-12-01,153.53,nan,45.75,47.92,44.25
2050-12-01 03:00:00,2050-12-01 08:00:00,2050-12-01,131.98,nan,38.65,40.46,37.45
2050-12-01 04:00:00,2050-12-01 09:00:00,2050-12-01,122.63,nan,35.67,37.08,34.15
2050-12-01 05:00:00,2050-12-01 10:00:00,2050-12-01,105.99,nan,30.45,31.5,29.12
2050-12-01 06:00:00,2050-12-01 11:00:00,2050-12-01,96.81,nan,27.73,28.58,26.36
2050-12-01 07:00:00,2050-12-01 12:00:00,2050-12-01,58.07,nan,15.45,14.59,14.44
2050-12-01 08:00:00,2050-12-01 13:00:00,2050-12-01,37.09,nan,10.77,7.56,11.98
2050-12-01 09:00:00,2050-12-01 14:00:00,2050-12-01,41.8,nan,12.78,9.13,14.49
2050-12-01 10:00:00,2050-12-01 15:00:00,2050-12-01,49.66,nan,15.89,11.81,18.11
2050-12-01 11:00:00,2050-12-01 16:00:00,2050-12-01,54.91,nan,17.91,13.63,20.37
2050-12-01 12:00:00,2050-12-01 17:00:00,2050-12-01,60.04,nan,19.88,15.34,22.64
2050-12-01 13:00:00,2050-12-01 18:00:00,2050-12-01,65.19,nan,21.97,17.21,24.96
2050-12-01 14:00:00,2050-12-01 19:00:00,2050-12-01,71.0,nan,24.18,19.16,27.42
2050-12-01 15:00:00,2050-12-01 20:00:00,2050-12-01,77.25,nan,26.03,20.73,29.5
2050-12-01 16:00:00,2050-12-01 21:00:00,2050-12-01,83.54,nan,28.49,22.87,32.18
2050-12-01 17:00:00,2050-12-01 22:00:00,2050-12-01,66.83,nan,24.15,20.06,29.89
2050-12-01 18:00:00,2050-12-01 23:00:00,2050-12-01,7.93,nan,2.65,2.13,3.93
2050-12-01 19:00:00,2050-12-02 00:00:00,2050-12-01,120.91,nan,41.48,44.28,35.3
2050-12-01 20:00:00,2050-12-02 01:00:00,2050-12-01,713.98,nan,273.92,286.05,214.91
2050-12-01 21:00:00,2050-12-02 02:00:00,2050-12-01,1393.02,nan,530.33,551.9,427.76
2050-12-01 22:00:00,2050-12-02 03:00:00,2050-12-01,2058.23,nan,777.94,808.29,638.16
2050-12-01 23:00:00,2050-12-02 04:00:00,2050-12-01,2679.43,nan,1009.24,1046.93,836.71
2050-12-02 00:00:00,2050-12-02 05:00:00,2050-12-02,3242.21,nan,1220.04,1264.22,1017.3
2050-12-02 01:00:00,2050-12-02 06:00:00,2050-12-02,3784.43,nan,1423.76,1474.82,1192.04
2050-12-02 02:00:00,2050-12-02 07:00:00,2050-12-02,4248.86,nan,1596.32,1652.84,1341.15
2050-12-02 03:00:00,2050-12-02 08:00:00,2050-12-02,4657.77,nan,1748.14,1809.13,1472.38
2050-12-02 04:00:00,2050-12-02 09:00:00,2050-12-02,5007.93,nan,1877.73,1942.43,1584.63
2050-12-02 05:00:00,2050-12-02 10:00:00,2050-12-02,5296.16,nan,1984.2,2051.71,1677.17
2050-12-02 06:00:00,2050-12-02 11:00:00,2050-12-02,5536.88,nan,2072.87,2142.72,1754.88
2050-12-02 07:00:00,2050-12-02 12:00:00,2050-12-02,5604.38,nan,2097.21,2168.11,1774.5
2050-12-02 08:00:00,2050-12-02 13:00:00,2050-12-02,5068.53,nan,1896.95,1962.14,1605.72
2050-12-02 09:00:00,2050-12-02 14:00:00,2050-12-02,4425.17,nan,1654.35,1710.77,1405.03
2050-12-02 10:00:00,2050-12-02 15:00:00,2050-12-02,3785.52,nan,1413.6,1462.02,1202.08
2050-12-02 11:00:00,2050-12-02 16:00:00,2050-12-02,3215.53,nan,1198.58,1240.16,1020.01
2050-12-02 12:00:00,2050-12-02 17:00:00,2050-12-02,2734.96,nan,1017.93,1053.73,865.61
2050-12-02 13:00:00,2050-12-02 18:00:00,2050-12-02,2148.01,nan,797.8,826.24,678.52
2050-12-02 14:00:00,2050-12-02 19:00:00,2050-12-02,1630.49,nan,603.66,625.51,514.38
2050-12-02 15:00:00,2050-12-02 20:00:00,2050-12-02,1318.01,nan,485.46,502.9,416.91
2050-12-02 16:00:00,2050-12-02 21:00:00,2050-12-02,1561.22,nan,575.02,595.61,492.78
2050-12-02 17:00:00,2050-12-02 22:00:00,2050-12-02,2179.81,nan,804.86,833.67,683.98
2050-12-02 18:00:00,2050-12-02 23:00:00,2050-12-02,2951.61,nan,1093.25,1130.63,932.93
2050-12-02 19:00:00,2050-12-03 00:00:00,2050-12-02,3534.43,nan,1311.89,1355.5,1119.9
2050-12-02 20:00:00,2050-12-03 01:00:00,2050-12-02,3883.32,nan,1442.89,1490.53,1230.29
2050-12-02 21:00:00,2050-12-03 02:00:00,2050-12-02,4158.65,nan,1545.85,1596.69,1317.33
2050-12-02 22:00:00,2050-12-03 03:00:00,2050-12-02,4391.24,nan,1633.36,1686.82,1391.07
2050-12-02 23:00:00,2050-12-03 04:00:00,2050-12-02,4579.67,nan,1703.59,1759.56,1451.17
2050-12-03 00:00:00,2050-12-03 05:00:00,2050-12-03,4733.74,nan,1761.5,1819.65,1500.29
2050-12-03 01:00:00,2050-12-03 06:00:00,2050-12-03,4875.9,nan,1814.93,1874.88,1545.11
2050-12-03 02:00:00,2050-12-03 07:00:00,2050-12-03,4978.62,nan,1853.05,1914.31,1577.47
2050-12-03 03:00:00,2050-12-03 08:00:00,2050-12-03,5070.67,nan,1887.08,1949.47,1606.82
2050-12-03 04:00:00,2050-12-03 09:00:00,2050-12-03,5120.43,nan,1905.93,1969.09,1623.29
2050-12-03 05:00:00,2050-12-03 10:00:00,2050-12-03,5170.4,nan,1925.51,1989.5,1639.64
2050-12-03 06:00:00,2050-12-03 11:00:00,2050-12-03,5220.85,nan,1945.17,2009.83,1656.14
2050-12-03 07:00:00,2050-12-03 12:00:00,2050-12-03,5134.61,nan,1913.48,1978.26,1626.31
2050-12-03 08:00:00,2050-12-03 13:00:00,2050-12-03,4634.0,nan,1728.49,1788.59,1465.43
2050-12-03 09:00:00,2050-12-03 14:00:00,2050-12-03,4163.39,nan,1552.92,1606.73,1319.65
2050-12-03 10:00:00,2050-12-03 15:00:00,2050-12-03,3633.81,nan,1353.7,1400.84,1152.27
2050-12-03 11:00:00,2050-12-03 16:00:00,2050-12-03,3134.22,nan,1165.56,1206.58,993.52
2050-12-03 12:00:00,2050-12-03 17:00:00,2050-12-03,2695.76,nan,1001.1,1036.27,852.94
2050-12-03 13:00:00,2050-12-03 18:00:00,2050-12-03,2169.09,nan,803.46,831.93,684.62
2050-12-03 14:00:00,2050-12-03 19:00:00,2050-12-03,1707.95,nan,630.05,652.46,536.66
2050-12-03 15:00:00,2050-12-03 20:00:00,2050-12-03,1439.77,nan,527.18,545.43,451.92
2050-12-03 16:00:00,2050-12-03 21:00:00,2050-12-03,1665.88,nan,610.12,631.76,523.61
2050-12-03 17:00:00,2050-12-03 22:00:00,2050-12-03,2226.8,nan,821.06,850.44,698.54
2050-12-03 18:00:00,2050-12-03 23:00:00,2050-12-03,2946.51,nan,1091.36,1128.43,931.7
2050-12-03 19:00:00,2050-12-04 00:00:00,2050-12-03,3496.6,nan,1298.5,1341.49,1108.77
2050-12-03 20:00:00,2050-12-04 01:00:00,2050-12-03,3851.1,nan,1432.55,1479.84,1221.6
2050-12-03 21:00:00,2050-12-04 02:00:00,2050-12-03,4142.49,nan,1542.07,1593.08,1314.35
2050-12-03 22:00:00,2050-12-04 03:00:00,2050-12-03,4407.73,nan,1641.22,1695.57,1398.64
2050-12-03 23:00:00,2050-12-04 04:00:00,2050-12-03,4659.35,nan,1735.37,1792.8,1478.93
2050-12-04 00:00:00,2050-12-04 05:00:00,2050-12-04,4882.5,nan,1818.9,1879.14,1550.11
2050-12-04 01:00:00,2050-12-04 06:00:00,2050-12-04,5078.73,nan,1891.86,1954.49,1612.56
2050-12-04 02:00:00,2050-12-04 07:00:00,2050-12-04,5277.63,nan,1965.88,2030.9,1676.02
2050-12-04 03:00:00,2050-12-04 08:00:00,2050-12-04,5468.74,nan,2037.49,2104.68,1737.12
2050-12-04 04:00:00,2050-12-04 09:00:00,2050-12-04,5635.45,nan,2099.41,2168.08,1790.19
2050-12-04 05:00:00,2050-12-04 10:00:00,2050-12-04,5789.26,nan,2156.33,2226.73,1838.9
2050-12-04 06:00:00,2050-12-04 11:00:00,2050-12-04,5933.24,nan,2209.27,2281.28,1884.42
2050-12-04 07:00:00,2050-12-04 12:00:00,2050-12-04,5915.54,nan,2202.1,2274.69,1875.49
2050-12-04 08:00:00,2050-12-04 13:00:00,2050-12-04,5306.8,nan,1975.08,2041.81,1681.0
2050-12-04 09:00:00,2050-12-04 14:00:00,2050-12-04,4588.08,nan,1704.39,1761.62,1455.96
2050-12-04 10:00:00,2050-12-04 15:00:00,2050-12-04,3916.59,nan,1451.31,1500.15,1242.95
2050-12-04 11:00:00,2050-12-04 16:00:00,2050-12-04,3348.08,nan,1236.88,1278.76,1062.01
2050-12-04 12:00:00,2050-12-04 17:00:00,2050-12-04,2920.84,nan,1075.77,1112.43,924.48
2050-12-04 13:00:00,2050-12-04 18:00:00,2050-12-04,2400.17,nan,880.24,910.67,758.42
2050-12-04 14:00:00,2050-12-04 19:00:00,2050-12-04,1932.52,nan,704.84,729.41,609.56
2050-12-04 15:00:00,2050-12-04 20:00:00,2050-12-04,1681.48,nan,609.82,631.05,531.16
2050-12-04 16:00:00,2050-12-04 21:00:00,2050-12-04,2012.84,nan,732.65,758.53,635.26
2050-12-04 17:00:00,2050-12-04 22:00:00,2050-12-04,2640.87,nan,967.34,1001.71,830.33
2050-12-04 18:00:00,2050-12-04 23:00:00,2050-12-04,3408.13,nan,1254.71,1297.23,1077.4
2050-12-04 19:00:00,2050-12-05 00:00:00,2050-12-04,3982.97,nan,1470.38,1519.26,1261.73
2050-12-04 20:00:00,2050-12-05 01:00:00,2050-12-04,4368.79,nan,1614.95,1668.63,1384.25
2050-12-04 21:00:00,2050-12-05 02:00:00,2050-12-04,4705.98,nan,1741.27,1798.98,1491.25
2050-12-04 22:00:00,2050-12-05 03:00:00,2050-12-04,4999.26,nan,1850.52,1911.79,1584.81
2050-12-04 23:00:00,2050-12-05 04:00:00,2050-12-04,5246.12,nan,1942.26,2006.57,1663.69
2050-12-05 00:00:00,2050-12-05 05:00:00,2050-12-05,5457.21,nan,2021.54,2088.57,1731.37
2050-12-05 01:00:00,2050-12-05 06:00:00,2050-12-05,5617.2,nan,2080.92,2149.75,1782.51
2050-12-05 02:00:00,2050-12-05 07:00:00,2050-12-05,5747.27,nan,2129.13,2199.77,1823.45
2050-12-05 03:00:00,2050-12-05 08:00:00,2050-12-05,5877.92,nan,2177.77,2250.13,1865.13
2050-12-05 04:00:00,2050-12-05 09:00:00,2050-12-05,5971.59,nan,2212.75,2286.68,1894.93
2050-12-05 05:00:00,2050-12-05 10:00:00,2050-12-05,6064.72,nan,2248.59,2323.81,1924.13
2050-12-05 06:00:00,2050-12-05 11:00:00,2050-12-05,6158.99,nan,2284.18,2360.49,1952.9
2050-12-05 07:00:00,2050-12-05 12:00:00,2050-12-05,6105.84,nan,2264.61,2340.99,1931.69
2050-12-05 08:00:00,2050-12-05 13:00:00,2050-12-05,5553.63,nan,2057.85,2129.07,1754.22
2050-12-05 09:00:00,2050-12-05 14:00:00,2050-12-05,4973.49,nan,1838.61,1901.84,1572.64
2050-12-05 10:00:00,2050-12-05 15:00:00,2050-12-05,4485.06,nan,1656.65,1713.06,1417.92
2050-12-05 11:00:00,2050-12-05 16:00:00,2050-12-05,4065.69,nan,1500.42,1551.98,1286.86
2050-12-05 12:00:00,2050-12-05 17:00:00,2050-12-05,3706.97,nan,1365.45,1412.9,1174.24
2050-12-05 13:00:00,2050-12-05 18:00:00,2050-12-05,3375.45,nan,1245.32,1288.71,1072.29
2050-12-05 14:00:00,2050-12-05 19:00:00,2050-12-05,3162.38,nan,1171.52,1211.18,1004.7
2050-12-05 15:00:00,2050-12-05 20:00:00,2050-12-05,3048.27,nan,1129.15,1167.42,970.31
2050-12-05 16:00:00,2050-12-05 21:00:00,2050-12-05,3257.71,nan,1205.54,1246.52,1034.0
2050-12-05 17:00:00,2050-12-05 22:00:00,2050-12-05,3767.58,nan,1397.12,1445.36,1192.71
2050-12-05 18:00:00,2050-12-05 23:00:00,2050-12-05,4452.35,nan,1652.58,1708.22,1412.69
2050-12-05 19:00:00,2050-12-06 00:00:00,2050-12-05,5010.44,nan,1863.39,1924.72,1593.8
2050-12-05 20:00:00,2050-12-06 01:00:00,2050-12-05,5365.74,nan,1997.58,2063.02,1707.06
2050-12-05 21:00:00,2050-12-06 02:00:00,2050-12-05,5681.34,nan,2116.77,2185.88,1807.9
2050-12-05 22:00:00,2050-12-06 03:00:00,2050-12-05,5965.91,nan,2224.33,2296.87,1898.79
2050-12-05 23:00:00,2050-12-06 04:00:00,2050-12-05,6216.87,nan,2319.86,2395.19,1979.22
2050-12-06 00:00:00,2050-12-06 05:00:00,2050-12-06,6418.17,nan,2396.57,2474.09,2043.8
2050-12-06 01:00:00,2050-12-06 06:00:00,2050-12-06,6573.97,nan,2455.32,2534.64,2093.76
2050-12-06 02:00:00,2050-12-06 07:00:00,2050-12-06,6686.87,nan,2497.78,2578.43,2130.04
2050-12-06 03:00:00,2050-12-06 08:00:00,2050-12-06,6789.34,nan,2536.57,2618.39,2163.05
2050-12-06 04:00:00,2050-12-06 09:00:00,2050-12-06,6862.4,nan,2563.62,2646.12,2186.27
2050-12-06 05:00:00,2050-12-06 10:00:00,2050-12-06,6916.74,nan,2583.82,2666.88,2203.45
2050-12-06 06:00:00,2050-12-06 11:00:00,2050-12-06,6974.58,nan,2605.43,2689.27,2221.78
2050-12-06 07:00:00,2050-12-06 12:00:00,2050-12-06,6882.12,nan,2571.35,2655.1,2188.89
2050-12-06 08:00:00,2050-12-06 13:00:00,2050-12-06,6273.57,nan,2341.98,2420.02,1992.71
2050-12-06 09:00:00,2050-12-06 14:00:00,2050-12-06,5600.33,nan,2086.41,2156.08,1779.8
2050-12-06 10:00:00,2050-12-06 15:00:00,2050-12-06,4960.43,nan,1839.92,1902.11,1574.3
2050-12-06 11:00:00,2050-12-06 16:00:00,2050-12-06,4443.36,nan,1636.83,1693.04,1406.16
2050-12-06 12:00:00,2050-12-06 17:00:00,2050-12-06,4071.01,nan,1490.31,1541.68,1283.76
2050-12-06 13:00:00,2050-12-06 18:00:00,2050-12-06,3644.24,nan,1322.42,1368.53,1144.81
2050-12-06 14:00:00,2050-12-06 19:00:00,2050-12-06,3316.64,nan,1192.33,1234.4,1038.17
2050-12-06 15:00:00,2050-12-06 20:00:00,2050-12-06,3214.89,nan,1150.86,1190.62,1004.89
2050-12-06 16:00:00,2050-12-06 21:00:00,2050-12-06,3575.51,nan,1289.88,1334.32,1120.29
2050-12-06 17:00:00,2050-12-06 22:00:00,2050-12-06,4145.84,nan,1512.28,1564.59,1301.21
2050-12-06 18:00:00,2050-12-06 23:00:00,2050-12-06,4872.95,nan,1790.81,1850.17,1539.72
2050-12-06 19:00:00,2050-12-07 00:00:00,2050-12-06,5406.84,nan,1996.19,2060.89,1715.01
2050-12-06 20:00:00,2050-12-07 01:00:00,2050-12-06,5763.33,nan,2134.21,2203.21,1830.2
2050-12-06 21:00:00,2050-12-07 02:00:00,2050-12-06,6074.24,nan,2254.25,2327.01,1930.92
2050-12-06 22:00:00,2050-12-07 03:00:00,2050-12-06,6323.72,nan,2349.47,2424.91,2011.49
2050-12-06 23:00:00,2050-12-07 04:00:00,2050-12-06,6535.77,nan,2430.36,2508.23,2080.33
2050-12-07 00:00:00,2050-12-07 05:00:00,2050-12-07,6725.47,nan,2502.87,2582.98,2141.74
2050-12-07 01:00:00,2050-12-07 06:00:00,2050-12-07,6886.3,nan,2564.85,2646.61,2193.7
2050-12-07 02:00:00,2050-12-07 07:00:00,2050-12-07,7033.62,nan,2621.21,2704.84,2241.54
2050-12-07 03:00:00,2050-12-07 08:00:00,2050-12-07,7161.55,nan,2670.01,2755.1,2282.87
2050-12-07 04:00:00,2050-12-07 09:00:00,2050-12-07,7270.12,nan,2711.88,2798.06,2317.92
2050-12-07 05:00:00,2050-12-07 10:00:00,2050-12-07,7328.18,nan,2733.93,2820.7,2336.76
2050-12-07 06:00:00,2050-12-07 11:00:00,2050-12-07,7372.64,nan,2751.28,2838.67,2351.48
2050-12-07 07:00:00,2050-12-07 12:00:00,2050-12-07,7244.56,nan,2703.73,2790.49,2307.55
2050-12-07 08:00:00,2050-12-07 13:00:00,2050-12-07,6688.17,nan,2494.03,2575.91,2127.06
2050-12-07 09:00:00,2050-12-07 14:00:00,2050-12-07,6060.08,nan,2253.87,2327.8,1928.89
2050-12-07 10:00:00,2050-12-07 15:00:00,2050-12-07,5356.47,nan,1985.04,2050.97,1703.26
2050-12-07 11:00:00,2050-12-07 16:00:00,2050-12-07,4725.76,nan,1748.13,1806.87,1502.03
2050-12-07 12:00:00,2050-12-07 17:00:00,2050-12-07,4217.15,nan,1557.18,1609.8,1339.03
2050-12-07 13:00:00,2050-12-07 18:00:00,2050-12-07,3612.43,nan,1329.84,1375.05,1145.78
2050-12-07 14:00:00,2050-12-07 19:00:00,2050-12-07,3098.75,nan,1136.44,1175.11,981.87
2050-12-07 15:00:00,2050-12-07 20:00:00,2050-12-07,2826.72,nan,1032.8,1067.8,896.49
2050-12-07 16:00:00,2050-12-07 21:00:00,2050-12-07,3144.92,nan,1151.52,1190.89,996.63
2050-12-07 17:00:00,2050-12-07 22:00:00,2050-12-07,3733.48,nan,1374.6,1421.68,1179.83
2050-12-07 18:00:00,2050-12-07 23:00:00,2050-12-07,4471.99,nan,1652.85,1707.35,1419.44
2050-12-07 19:00:00,2050-12-08 00:00:00,2050-12-07,5029.03,nan,1864.08,1924.35,1600.41
2050-12-07 20:00:00,2050-12-08 01:00:00,2050-12-07,5386.23,nan,1999.81,2064.32,1714.22
2050-12-07 21:00:00,2050-12-08 02:00:00,2050-12-07,5706.92,nan,2122.08,2190.58,1816.53
2050-12-07 22:00:00,2050-12-08 03:00:00,2050-12-07,5994.94,nan,2232.36,2304.2,1908.71
2050-12-07 23:00:00,2050-12-08 04:00:00,2050-12-07,6250.25,nan,2328.85,2403.76,1990.18
2050-12-08 00:00:00,2050-12-08 05:00:00,2050-12-08,6464.54,nan,2409.95,2487.49,2059.13
2050-12-08 01:00:00,2050-12-08 06:00:00,2050-12-08,6640.51,nan,2476.88,2556.83,2115.74
2050-12-08 02:00:00,2050-12-08 07:00:00,2050-12-08,6792.85,nan,2534.75,2616.51,2164.66
2050-12-08 03:00:00,2050-12-08 08:00:00,2050-12-08,6917.23,nan,2581.93,2665.06,2204.34
2050-12-08 04:00:00,2050-12-08 09:00:00,2050-12-08,7028.74,nan,2623.61,2708.35,2240.17
2050-12-08 05:00:00,2050-12-08 10:00:00,2050-12-08,7135.58,nan,2663.83,2750.04,2274.54
2050-12-08 06:00:00,2050-12-08 11:00:00,2050-12-08,7219.83,nan,2695.18,2782.54,2301.1
2050-12-08 07:00:00,2050-12-08 12:00:00,2050-12-08,7141.13,nan,2665.74,2752.88,2272.74
2050-12-08 08:00:00,2050-12-08 13:00:00,2050-12-08,6565.71,nan,2449.79,2531.53,2087.4
2050-12-08 09:00:00,2050-12-08 14:00:00,2050-12-08,5883.87,nan,2191.93,2263.82,1872.79
2050-12-08 10:00:00,2050-12-08 15:00:00,2050-12-08,5266.47,nan,1955.39,2019.46,1674.33
2050-12-08 11:00:00,2050-12-08 16:00:00,2050-12-08,4699.63,nan,1739.26,1796.92,1491.59
2050-12-08 12:00:00,2050-12-08 17:00:00,2050-12-08,4260.74,nan,1570.87,1623.28,1348.74
2050-12-08 13:00:00,2050-12-08 18:00:00,2050-12-08,3773.7,nan,1385.58,1431.89,1191.88
2050-12-08 14:00:00,2050-12-08 19:00:00,2050-12-08,3396.82,nan,1242.16,1283.4,1071.86
2050-12-08 15:00:00,2050-12-08 20:00:00,2050-12-08,3221.0,nan,1174.37,1212.35,1017.53
2050-12-08 16:00:00,2050-12-08 21:00:00,2050-12-08,3523.24,nan,1285.82,1328.6,1113.48
2050-12-08 17:00:00,2050-12-08 22:00:00,2050-12-08,4086.44,nan,1498.15,1548.59,1288.81
2050-12-08 18:00:00,2050-12-08 23:00:00,2050-12-08,4791.08,nan,1762.38,1820.51,1517.91
2050-12-08 19:00:00,2050-12-09 00:00:00,2050-12-08,5336.44,nan,1968.35,2032.62,1694.95
2050-12-08 20:00:00,2050-12-09 01:00:00,2050-12-08,5723.72,nan,2115.04,2184.7,1817.84
2050-12-08 21:00:00,2050-12-09 02:00:00,2050-12-08,6066.33,nan,2245.51,2319.27,1928.21
2050-12-08 22:00:00,2050-12-09 03:00:00,2050-12-08,6376.01,nan,2363.65,2440.83,2027.83
2050-12-08 23:00:00,2050-12-09 04:00:00,2050-12-08,6658.54,nan,2470.45,2550.97,2118.21
2050-12-09 00:00:00,2050-12-09 05:00:00,2050-12-09,6896.66,nan,2560.99,2644.02,2195.14
2050-12-09 01:00:00,2050-12-09 06:00:00,2050-12-09,7091.35,nan,2634.97,2719.96,2258.07
2050-12-09 02:00:00,2050-12-09 07:00:00,2050-12-09,7265.36,nan,2701.44,2788.3,2314.34
2050-12-09 03:00:00,2050-12-09 08:00:00,2050-12-09,7419.37,nan,2760.56,2849.3,2364.33
2050-12-09 04:00:00,2050-12-09 09:00:00,2050-12-09,7552.91,nan,2811.3,2901.96,2407.38
2050-12-09 05:00:00,2050-12-09 10:00:00,2050-12-09,7676.07,nan,2858.93,2950.91,2447.27
2050-12-09 06:00:00,2050-12-09 11:00:00,2050-12-09,7786.05,nan,2901.0,2994.22,2482.89
2050-12-09 07:00:00,2050-12-09 12:00:00,2050-12-09,7731.64,nan,2882.38,2975.89,2462.54
2050-12-09 08:00:00,2050-12-09 13:00:00,2050-12-09,7203.62,nan,2684.19,2772.85,2291.67
2050-12-09 09:00:00,2050-12-09 14:00:00,2050-12-09,6525.94,nan,2426.63,2506.31,2078.56
2050-12-09 10:00:00,2050-12-09 15:00:00,2050-12-09,5814.16,nan,2159.13,2229.73,1851.1
2050-12-09 11:00:00,2050-12-09 16:00:00,2050-12-09,5206.41,nan,1930.76,1993.4,1656.46
2050-12-09 12:00:00,2050-12-09 17:00:00,2050-12-09,4761.62,nan,1761.74,1819.13,1512.83
2050-12-09 13:00:00,2050-12-09 18:00:00,2050-12-09,4308.2,nan,1588.78,1640.61,1365.87
2050-12-09 14:00:00,2050-12-09 19:00:00,2050-12-09,3929.86,nan,1442.62,1489.44,1244.44
2050-12-09 15:00:00,2050-12-09 20:00:00,2050-12-09,3766.28,nan,1376.83,1421.46,1191.85
2050-12-09 16:00:00,2050-12-09 21:00:00,2050-12-09,4129.68,nan,1511.96,1561.94,1306.76
2050-12-09 17:00:00,2050-12-09 22:00:00,2050-12-09,4731.98,nan,1738.2,1796.59,1495.0
2050-12-09 18:00:00,2050-12-09 23:00:00,2050-12-09,5466.23,nan,2013.0,2078.81,1734.26
2050-12-09 19:00:00,2050-12-10 00:00:00,2050-12-09,5990.03,nan,2208.58,2280.74,1903.59
2050-12-09 20:00:00,2050-12-10 01:00:00,2050-12-09,6346.79,nan,2343.65,2419.79,2017.39
2050-12-09 21:00:00,2050-12-10 02:00:00,2050-12-09,6632.54,nan,2450.95,2531.11,2108.27
2050-12-09 22:00:00,2050-12-10 03:00:00,2050-12-09,6881.48,nan,2544.32,2627.45,2187.82
2050-12-09 23:00:00,2050-12-10 04:00:00,2050-12-09,7091.2,nan,2622.96,2708.38,2254.34
2050-12-10 00:00:00,2050-12-10 05:00:00,2050-12-10,7253.5,nan,2682.81,2769.84,2305.32
2050-12-10 01:00:00,2050-12-10 06:00:00,2050-12-10,7343.44,nan,2714.38,2802.35,2334.02
2050-12-10 02:00:00,2050-12-10 07:00:00,2050-12-10,7436.81,nan,2747.76,2837.22,2363.07
2050-12-10 03:00:00,2050-12-10 08:00:00,2050-12-10,7509.13,nan,2774.41,2864.37,2386.26
2050-12-10 04:00:00,2050-12-10 09:00:00,2050-12-10,7555.4,nan,2790.16,2880.2,2400.13
2050-12-10 05:00:00,2050-12-10 10:00:00,2050-12-10,7624.99,nan,2816.54,2907.6,2422.18
2050-12-10 06:00:00,2050-12-10 11:00:00,2050-12-10,7695.87,nan,2844.74,2936.46,2444.64
2050-12-10 07:00:00,2050-12-10 12:00:00,2050-12-10,7603.9,nan,2811.83,2903.35,2412.76
2050-12-10 08:00:00,2050-12-10 13:00:00,2050-12-10,7087.04,nan,2620.4,2707.67,2245.95
2050-12-10 09:00:00,2050-12-10 14:00:00,2050-12-10,6496.4,nan,2398.29,2478.73,2060.15
2050-12-10 10:00:00,2050-12-10 15:00:00,2050-12-10,6062.57,nan,2239.66,2314.55,1923.51
2050-12-10 11:00:00,2050-12-10 16:00:00,2050-12-10,5643.12,nan,2086.48,2157.22,1789.24
2050-12-10 12:00:00,2050-12-10 17:00:00,2050-12-10,5280.63,nan,1954.41,2021.49,1673.59
2050-12-10 13:00:00,2050-12-10 18:00:00,2050-12-10,4847.89,nan,1796.3,1858.96,1535.37
2050-12-10 14:00:00,2050-12-10 19:00:00,2050-12-10,4528.62,nan,1681.39,1740.27,1435.28
2050-12-10 15:00:00,2050-12-10 20:00:00,2050-12-10,4349.97,nan,1614.89,1671.14,1377.83
2050-12-10 16:00:00,2050-12-10 21:00:00,2050-12-10,4365.02,nan,1618.98,1675.71,1381.47
2050-12-10 17:00:00,2050-12-10 22:00:00,2050-12-10,4495.97,nan,1664.61,1723.11,1420.03
2050-12-10 18:00:00,2050-12-10 23:00:00,2050-12-10,4930.75,nan,1828.29,1890.04,1564.87
2050-12-10 19:00:00,2050-12-11 00:00:00,2050-12-10,5189.72,nan,1925.14,1988.66,1650.45
2050-12-10 20:00:00,2050-12-11 01:00:00,2050-12-10,5239.14,nan,1943.34,2007.26,1666.61
2050-12-10 21:00:00,2050-12-11 02:00:00,2050-12-10,5310.78,nan,1969.48,2034.31,1688.2
2050-12-10 22:00:00,2050-12-11 03:00:00,2050-12-10,5255.7,nan,1946.92,2010.9,1669.92
2050-12-10 23:00:00,2050-12-11 04:00:00,2050-12-10,5244.92,nan,1940.92,2004.93,1665.13
2050-12-11 00:00:00,2050-12-11 05:00:00,2050-12-11,5302.85,nan,1961.23,2026.34,1681.28
2050-12-11 01:00:00,2050-12-11 06:00:00,2050-12-11,5438.64,nan,2015.21,2081.65,1725.26
2050-12-11 02:00:00,2050-12-11 07:00:00,2050-12-11,5547.36,nan,2058.58,2126.31,1761.39
2050-12-11 03:00:00,2050-12-11 08:00:00,2050-12-11,5632.55,nan,2091.37,2159.41,1788.83
2050-12-11 04:00:00,2050-12-11 09:00:00,2050-12-11,5731.28,nan,2127.02,2196.61,1821.0
2050-12-11 05:00:00,2050-12-11 10:00:00,2050-12-11,5794.08,nan,2149.38,2220.04,1841.14
2050-12-11 06:00:00,2050-12-11 11:00:00,2050-12-11,5844.05,nan,2166.84,2238.3,1857.45
2050-12-11 07:00:00,2050-12-11 12:00:00,2050-12-11,5757.79,nan,2133.67,2205.19,1827.3
2050-12-11 08:00:00,2050-12-11 13:00:00,2050-12-11,5213.1,nan,1931.89,1998.44,1652.78
2050-12-11 09:00:00,2050-12-11 14:00:00,2050-12-11,4452.69,nan,1650.85,1707.28,1416.28
2050-12-11 10:00:00,2050-12-11 15:00:00,2050-12-11,3657.86,nan,1355.43,1402.09,1164.52
2050-12-11 11:00:00,2050-12-11 16:00:00,2050-12-11,2955.1,nan,1095.85,1134.3,940.95
2050-12-11 12:00:00,2050-12-11 17:00:00,2050-12-11,2382.84,nan,883.65,915.51,758.14
2050-12-11 13:00:00,2050-12-11 18:00:00,2050-12-11,1701.91,nan,630.45,654.08,540.89
2050-12-11 14:00:00,2050-12-11 19:00:00,2050-12-11,1112.07,nan,410.62,426.68,353.42
2050-12-11 15:00:00,2050-12-11 20:00:00,2050-12-11,835.66,nan,306.28,318.39,266.66
2050-12-11 16:00:00,2050-12-11 21:00:00,2050-12-11,1011.53,nan,367.35,381.77,319.27
2050-12-11 17:00:00,2050-12-11 22:00:00,2050-12-11,1404.93,nan,510.15,530.16,438.06
2050-12-11 18:00:00,2050-12-11 23:00:00,2050-12-11,2005.4,nan,733.44,760.71,631.47
2050-12-11 19:00:00,2050-12-12 00:00:00,2050-12-11,2432.62,nan,893.23,925.02,769.01
2050-12-11 20:00:00,2050-12-12 01:00:00,2050-12-11,2667.09,nan,982.34,1016.84,843.55
2050-12-11 21:00:00,2050-12-12 02:00:00,2050-12-11,2853.63,nan,1053.97,1090.68,902.97
2050-12-11 22:00:00,2050-12-12 03:00:00,2050-12-11,3030.28,nan,1122.41,1161.04,959.61
2050-12-11 23:00:00,2050-12-12 04:00:00,2050-12-11,3187.55,nan,1183.2,1223.66,1010.09
2050-12-12 00:00:00,2050-12-12 05:00:00,2050-12-12,3321.97,nan,1234.54,1276.28,1052.84
2050-12-12 01:00:00,2050-12-12 06:00:00,2050-12-12,3329.68,nan,1238.58,1280.39,1056.51
2050-12-12 02:00:00,2050-12-12 07:00:00,2050-12-12,3305.09,nan,1233.38,1275.06,1051.56
2050-12-12 03:00:00,2050-12-12 08:00:00,2050-12-12,3258.41,nan,1221.42,1262.69,1040.03
2050-12-12 04:00:00,2050-12-12 09:00:00,2050-12-12,3149.12,nan,1183.46,1224.06,1006.72
2050-12-12 05:00:00,2050-12-12 10:00:00,2050-12-12,2855.38,nan,1072.18,1109.17,915.47
2050-12-12 06:00:00,2050-12-12 11:00:00,2050-12-12,2556.12,nan,955.34,989.26,819.86
2050-12-12 07:00:00,2050-12-12 12:00:00,2050-12-12,2139.5,nan,797.55,826.49,684.28
2050-12-12 08:00:00,2050-12-12 13:00:00,2050-12-12,1527.44,nan,566.04,587.66,483.06
2050-12-12 09:00:00,2050-12-12 14:00:00,2050-12-12,1172.6,nan,433.8,449.87,370.61
2050-12-12 10:00:00,2050-12-12 15:00:00,2050-12-12,938.66,nan,347.11,359.9,296.64
2050-12-12 11:00:00,2050-12-12 16:00:00,2050-12-12,655.87,nan,239.38,247.94,206.84
2050-12-12 12:00:00,2050-12-12 17:00:00,2050-12-12,351.17,nan,122.67,126.66,109.55
2050-12-12 13:00:00,2050-12-12 18:00:00,2050-12-12,196.84,nan,67.7,69.82,60.06
2050-12-12 14:00:00,2050-12-12 19:00:00,2050-12-12,82.0,nan,26.09,26.97,23.22
2050-12-12 15:00:00,2050-12-12 20:00:00,2050-12-12,35.11,nan,9.76,9.52,8.98
2050-12-12 16:00:00,2050-12-12 21:00:00,2050-12-12,22.71,nan,5.35,4.78,5.97
2050-12-12 17:00:00,2050-12-12 22:00:00,2050-12-12,20.65,nan,5.44,4.71,5.97
2050-12-12 18:00:00,2050-12-12 23:00:00,2050-12-12,81.2,nan,23.15,24.85,23.28
2050-12-12 19:00:00,2050-12-13 00:00:00,2050-12-12,209.99,nan,70.28,74.46,64.73
2050-12-12 20:00:00,2050-12-13 01:00:00,2050-12-12,359.78,nan,127.89,134.14,111.5
2050-12-12 21:00:00,2050-12-13 02:00:00,2050-12-12,592.69,nan,217.44,227.41,184.17
2050-12-12 22:00:00,2050-12-13 03:00:00,2050-12-12,869.74,nan,323.61,337.31,271.3
2050-12-12 23:00:00,2050-12-13 04:00:00,2050-12-12,1109.28,nan,412.17,429.15,346.23
2050-12-13 00:00:00,2050-12-13 05:00:00,2050-12-13,1305.68,nan,484.26,504.63,407.43
2050-12-13 01:00:00,2050-12-13 06:00:00,2050-12-13,1508.44,nan,559.9,582.54,471.52
2050-12-13 02:00:00,2050-12-13 07:00:00,2050-12-13,1769.4,nan,655.59,681.95,553.94
2050-12-13 03:00:00,2050-12-13 08:00:00,2050-12-13,2003.06,nan,746.37,775.6,629.08
2050-12-13 04:00:00,2050-12-13 09:00:00,2050-12-13,2205.39,nan,824.61,856.34,694.38
2050-12-13 05:00:00,2050-12-13 10:00:00,2050-12-13,2369.66,nan,887.13,920.71,747.57
2050-12-13 06:00:00,2050-12-13 11:00:00,2050-12-13,2525.84,nan,947.86,983.21,798.58
2050-12-13 07:00:00,2050-12-13 12:00:00,2050-12-13,2588.21,nan,972.06,1008.51,816.29
2050-12-13 08:00:00,2050-12-13 13:00:00,2050-12-13,2360.23,nan,885.79,919.64,739.07
2050-12-13 09:00:00,2050-12-13 14:00:00,2050-12-13,2317.24,nan,870.57,903.94,727.22
2050-12-13 10:00:00,2050-12-13 15:00:00,2050-12-13,2269.81,nan,853.56,886.39,713.38
2050-12-13 11:00:00,2050-12-13 16:00:00,2050-12-13,2211.85,nan,833.99,865.86,694.99
2050-12-13 12:00:00,2050-12-13 17:00:00,2050-12-13,2219.09,nan,838.31,870.25,696.9
2050-12-13 13:00:00,2050-12-13 18:00:00,2050-12-13,2198.33,nan,828.64,860.31,690.23
2050-12-13 14:00:00,2050-12-13 19:00:00,2050-12-13,2155.44,nan,808.35,838.84,675.23
2050-12-13 15:00:00,2050-12-13 20:00:00,2050-12-13,2198.61,nan,820.55,850.86,689.52
2050-12-13 16:00:00,2050-12-13 21:00:00,2050-12-13,2453.93,nan,916.14,950.1,771.4
2050-12-13 17:00:00,2050-12-13 22:00:00,2050-12-13,2938.21,nan,1098.91,1140.0,924.62
2050-12-13 18:00:00,2050-12-13 23:00:00,2050-12-13,3599.2,nan,1347.85,1396.86,1140.89
2050-12-13 19:00:00,2050-12-14 00:00:00,2050-12-13,4089.88,nan,1530.65,1584.86,1298.34
2050-12-13 20:00:00,2050-12-14 01:00:00,2050-12-13,4452.85,nan,1664.94,1724.08,1412.52
2050-12-13 21:00:00,2050-12-14 02:00:00,2050-12-13,4829.63,nan,1806.22,1869.63,1532.98
2050-12-13 22:00:00,2050-12-14 03:00:00,2050-12-13,5198.23,nan,1945.84,2013.47,1650.4
2050-12-13 23:00:00,2050-12-14 04:00:00,2050-12-13,5503.68,nan,2060.1,2131.24,1748.57
2050-12-14 00:00:00,2050-12-14 05:00:00,2050-12-14,5768.68,nan,2161.36,2235.39,1834.69
2050-12-14 01:00:00,2050-12-14 06:00:00,2050-12-14,5924.59,nan,2219.43,2294.47,1886.32
2050-12-14 02:00:00,2050-12-14 07:00:00,2050-12-14,6057.31,nan,2268.8,2344.65,1928.59
2050-12-14 03:00:00,2050-12-14 08:00:00,2050-12-14,6154.06,nan,2304.3,2380.72,1959.9
2050-12-14 04:00:00,2050-12-14 09:00:00,2050-12-14,6275.85,nan,2350.03,2427.86,1999.62
2050-12-14 05:00:00,2050-12-14 10:00:00,2050-12-14,6418.02,nan,2404.47,2483.99,2045.02
2050-12-14 06:00:00,2050-12-14 11:00:00,2050-12-14,6548.86,nan,2453.58,2534.98,2087.27
2050-12-14 07:00:00,2050-12-14 12:00:00,2050-12-14,6532.67,nan,2447.92,2530.2,2078.61
2050-12-14 08:00:00,2050-12-14 13:00:00,2050-12-14,6160.72,nan,2304.74,2384.11,1955.94
2050-12-14 09:00:00,2050-12-14 14:00:00,2050-12-14,5696.12,nan,2121.88,2193.7,1809.3
2050-12-14 10:00:00,2050-12-14 15:00:00,2050-12-14,5230.09,nan,1939.09,2004.35,1658.49
2050-12-14 11:00:00,2050-12-14 16:00:00,2050-12-14,4801.19,nan,1772.93,1833.46,1520.94
2050-12-14 12:00:00,2050-12-14 17:00:00,2050-12-14,4466.14,nan,1645.84,1702.45,1413.7
2050-12-14 13:00:00,2050-12-14 18:00:00,2050-12-14,4046.98,nan,1487.54,1539.07,1280.59
2050-12-14 14:00:00,2050-12-14 19:00:00,2050-12-14,3698.33,nan,1354.86,1402.23,1169.55
2050-12-14 15:00:00,2050-12-14 20:00:00,2050-12-14,3594.32,nan,1314.3,1359.63,1136.68
2050-12-14 16:00:00,2050-12-14 21:00:00,2050-12-14,4017.17,nan,1474.05,1525.02,1269.74
2050-12-14 17:00:00,2050-12-14 22:00:00,2050-12-14,4621.09,nan,1700.77,1759.92,1457.94
2050-12-14 18:00:00,2050-12-14 23:00:00,2050-12-14,5387.92,nan,1988.9,2055.28,1706.2
2050-12-14 19:00:00,2050-12-15 00:00:00,2050-12-14,5979.42,nan,2210.86,2283.38,1897.14
2050-12-14 20:00:00,2050-12-15 01:00:00,2050-12-14,6362.14,nan,2353.98,2431.27,2017.76
2050-12-14 21:00:00,2050-12-15 02:00:00,2050-12-14,6692.83,nan,2475.68,2557.39,2123.09
2050-12-14 22:00:00,2050-12-15 03:00:00,2050-12-14,7003.65,nan,2590.42,2676.14,2222.03
2050-12-14 23:00:00,2050-12-15 04:00:00,2050-12-14,7283.64,nan,2694.46,2783.3,2311.78
2050-12-15 00:00:00,2050-12-15 05:00:00,2050-12-15,7563.12,nan,2799.03,2891.05,2401.16
2050-12-15 01:00:00,2050-12-15 06:00:00,2050-12-15,7826.82,nan,2898.16,2993.34,2486.03
2050-12-15 02:00:00,2050-12-15 07:00:00,2050-12-15,8081.5,nan,2993.53,3091.78,2567.7
2050-12-15 03:00:00,2050-12-15 08:00:00,2050-12-15,8309.64,nan,3078.06,3179.24,2641.36
2050-12-15 04:00:00,2050-12-15 09:00:00,2050-12-15,8538.86,nan,3163.76,3267.71,2715.21
2050-12-15 05:00:00,2050-12-15 10:00:00,2050-12-15,8758.04,nan,3246.42,3353.06,2785.76
2050-12-15 06:00:00,2050-12-15 11:00:00,2050-12-15,8933.46,nan,3312.26,3420.83,2842.45
2050-12-15 07:00:00,2050-12-15 12:00:00,2050-12-15,8899.39,nan,3299.16,3408.41,2828.64
2050-12-15 08:00:00,2050-12-15 13:00:00,2050-12-15,8411.99,nan,3116.36,3220.83,2671.09
2050-12-15 09:00:00,2050-12-15 14:00:00,2050-12-15,7762.76,nan,2871.88,2967.23,2468.6
2050-12-15 10:00:00,2050-12-15 15:00:00,2050-12-15,7080.5,nan,2612.97,2699.81,2251.22
2050-12-15 11:00:00,2050-12-15 16:00:00,2050-12-15,6523.77,nan,2404.33,2484.85,2073.39
2050-12-15 12:00:00,2050-12-15 17:00:00,2050-12-15,6066.86,nan,2233.22,2307.62,1926.48
2050-12-15 13:00:00,2050-12-15 18:00:00,2050-12-15,5514.73,nan,2025.17,2092.78,1749.7
2050-12-15 14:00:00,2050-12-15 19:00:00,2050-12-15,5139.61,nan,1882.19,1944.63,1628.03
2050-12-15 15:00:00,2050-12-15 20:00:00,2050-12-15,4996.2,nan,1825.56,1885.38,1582.21
2050-12-15 16:00:00,2050-12-15 21:00:00,2050-12-15,5239.18,nan,1916.72,1979.93,1658.89
2050-12-15 17:00:00,2050-12-15 22:00:00,2050-12-15,5678.9,nan,2085.17,2154.84,1796.73
2050-12-15 18:00:00,2050-12-15 23:00:00,2050-12-15,6308.03,nan,2322.96,2399.14,2002.73
2050-12-15 19:00:00,2050-12-16 00:00:00,2050-12-15,6769.21,nan,2499.97,2580.82,2153.16
2050-12-15 20:00:00,2050-12-16 01:00:00,2050-12-15,7046.72,nan,2608.37,2693.06,2242.65
2050-12-15 21:00:00,2050-12-16 02:00:00,2050-12-15,7305.55,nan,2709.92,2797.51,2325.92
2050-12-15 22:00:00,2050-12-16 03:00:00,2050-12-15,7516.2,nan,2792.05,2882.09,2394.08
2050-12-15 23:00:00,2050-12-16 04:00:00,2050-12-15,7674.45,nan,2853.53,2945.52,2445.22
2050-12-16 00:00:00,2050-12-16 05:00:00,2050-12-16,7796.1,nan,2900.61,2993.9,2484.44
2050-12-16 01:00:00,2050-12-16 06:00:00,2050-12-16,7910.14,nan,2945.56,3040.49,2522.09
2050-12-16 02:00:00,2050-12-16 07:00:00,2050-12-16,8018.91,nan,2988.5,3084.13,2556.92
2050-12-16 03:00:00,2050-12-16 08:00:00,2050-12-16,8104.85,nan,3022.08,3118.58,2584.91
2050-12-16 04:00:00,2050-12-16 09:00:00,2050-12-16,8179.27,nan,3051.44,3148.57,2609.02
2050-12-16 05:00:00,2050-12-16 10:00:00,2050-12-16,8235.53,nan,3074.24,3171.95,2627.7
2050-12-16 06:00:00,2050-12-16 11:00:00,2050-12-16,8269.95,nan,3088.54,3186.4,2639.12
2050-12-16 07:00:00,2050-12-16 12:00:00,2050-12-16,8153.07,nan,3046.24,3143.51,2599.22
2050-12-16 08:00:00,2050-12-16 13:00:00,2050-12-16,7609.67,nan,2842.7,2934.8,2424.21
2050-12-16 09:00:00,2050-12-16 14:00:00,2050-12-16,6858.49,nan,2556.77,2639.28,2188.74
2050-12-16 10:00:00,2050-12-16 15:00:00,2050-12-16,6101.15,nan,2268.89,2342.46,1946.41
2050-12-16 11:00:00,2050-12-16 16:00:00,2050-12-16,5401.1,nan,2004.45,2069.88,1722.18
2050-12-16 12:00:00,2050-12-16 17:00:00,2050-12-16,4817.49,nan,1783.88,1842.66,1533.5
2050-12-16 13:00:00,2050-12-16 18:00:00,2050-12-16,4177.6,nan,1544.35,1596.0,1327.7
2050-12-16 14:00:00,2050-12-16 19:00:00,2050-12-16,3791.05,nan,1399.41,1446.7,1203.26
2050-12-16 15:00:00,2050-12-16 20:00:00,2050-12-16,3566.44,nan,1312.93,1357.65,1131.43
2050-12-16 16:00:00,2050-12-16 21:00:00,2050-12-16,3800.11,nan,1398.12,1446.37,1204.75
2050-12-16 17:00:00,2050-12-16 22:00:00,2050-12-16,4340.38,nan,1596.5,1652.0,1371.89
2050-12-16 18:00:00,2050-12-16 23:00:00,2050-12-16,5067.82,nan,1868.65,1931.04,1608.91
2050-12-16 19:00:00,2050-12-17 00:00:00,2050-12-16,5536.39,nan,2044.56,2111.65,1762.54
2050-12-16 20:00:00,2050-12-17 01:00:00,2050-12-16,5704.78,nan,2109.45,2178.8,1815.89
2050-12-16 21:00:00,2050-12-17 02:00:00,2050-12-16,5859.61,nan,2169.75,2241.26,1866.31
2050-12-16 22:00:00,2050-12-17 03:00:00,2050-12-16,6011.6,nan,2230.03,2303.67,1915.0
2050-12-16 23:00:00,2050-12-17 04:00:00,2050-12-16,6152.5,nan,2284.75,2360.69,1959.91
2050-12-17 00:00:00,2050-12-17 05:00:00,2050-12-17,6326.26,nan,2351.73,2430.22,2016.09
2050-12-17 01:00:00,2050-12-17 06:00:00,2050-12-17,6489.15,nan,2413.66,2493.98,2067.77
2050-12-17 02:00:00,2050-12-17 07:00:00,2050-12-17,6642.55,nan,2471.72,2553.65,2116.07
2050-12-17 03:00:00,2050-12-17 08:00:00,2050-12-17,6800.36,nan,2529.89,2613.11,2165.03
2050-12-17 04:00:00,2050-12-17 09:00:00,2050-12-17,6950.78,nan,2586.2,2670.79,2213.06
2050-12-17 05:00:00,2050-12-17 10:00:00,2050-12-17,7048.09,nan,2621.44,2707.58,2245.14
2050-12-17 06:00:00,2050-12-17 11:00:00,2050-12-17,7151.28,nan,2659.73,2746.61,2278.11
2050-12-17 07:00:00,2050-12-17 12:00:00,2050-12-17,7110.54,nan,2645.88,2732.76,2262.02
2050-12-17 08:00:00,2050-12-17 13:00:00,2050-12-17,6591.18,nan,2453.74,2535.73,2095.01
2050-12-17 09:00:00,2050-12-17 14:00:00,2050-12-17,5831.4,nan,2167.07,2239.21,1857.17
2050-12-17 10:00:00,2050-12-17 15:00:00,2050-12-17,5122.81,nan,1898.91,1962.37,1630.46
2050-12-17 11:00:00,2050-12-17 16:00:00,2050-12-17,4488.64,nan,1661.21,1716.89,1427.64
2050-12-17 12:00:00,2050-12-17 17:00:00,2050-12-17,3996.54,nan,1475.62,1525.51,1268.56
2050-12-17 13:00:00,2050-12-17 18:00:00,2050-12-17,3428.41,nan,1260.85,1303.49,1087.09
2050-12-17 14:00:00,2050-12-17 19:00:00,2050-12-17,2929.26,nan,1072.06,1108.81,928.13
2050-12-17 15:00:00,2050-12-17 20:00:00,2050-12-17,2642.34,nan,962.71,995.17,837.33
2050-12-17 16:00:00,2050-12-17 21:00:00,2050-12-17,2839.35,nan,1033.79,1069.16,899.1
2050-12-17 17:00:00,2050-12-17 22:00:00,2050-12-17,3374.37,nan,1236.17,1278.78,1066.16
2050-12-17 18:00:00,2050-12-17 23:00:00,2050-12-17,4052.71,nan,1490.74,1540.49,1286.14
2050-12-17 19:00:00,2050-12-18 00:00:00,2050-12-17,4538.66,nan,1674.63,1729.32,1444.26
2050-12-17 20:00:00,2050-12-18 01:00:00,2050-12-17,4872.92,nan,1802.74,1862.25,1550.17
2050-12-17 21:00:00,2050-12-18 02:00:00,2050-12-17,5189.63,nan,1925.46,1988.5,1651.75
2050-12-17 22:00:00,2050-12-18 03:00:00,2050-12-17,5461.9,nan,2030.66,2096.76,1739.29
2050-12-17 23:00:00,2050-12-18 04:00:00,2050-12-17,5693.03,nan,2119.83,2188.72,1814.04
2050-12-18 00:00:00,2050-12-18 05:00:00,2050-12-18,5891.28,nan,2196.11,2267.2,1878.04
2050-12-18 01:00:00,2050-12-18 06:00:00,2050-12-18,6061.15,nan,2261.32,2334.47,1932.79
2050-12-18 02:00:00,2050-12-18 07:00:00,2050-12-18,6218.11,nan,2320.89,2395.86,1983.12
2050-12-18 03:00:00,2050-12-18 08:00:00,2050-12-18,6348.37,nan,2369.91,2446.92,2024.96
2050-12-18 04:00:00,2050-12-18 09:00:00,2050-12-18,6461.47,nan,2412.78,2490.98,2061.74
2050-12-18 05:00:00,2050-12-18 10:00:00,2050-12-18,6552.87,nan,2447.53,2526.82,2091.41
2050-12-18 06:00:00,2050-12-18 11:00:00,2050-12-18,6644.96,nan,2482.27,2562.79,2120.82
2050-12-18 07:00:00,2050-12-18 12:00:00,2050-12-18,6582.42,nan,2459.5,2539.91,2098.2
2050-12-18 08:00:00,2050-12-18 13:00:00,2050-12-18,6107.76,nan,2281.58,2358.09,1944.22
2050-12-18 09:00:00,2050-12-18 14:00:00,2050-12-18,5364.38,nan,2002.38,2069.33,1712.28
2050-12-18 10:00:00,2050-12-18 15:00:00,2050-12-18,4623.35,nan,1723.21,1781.28,1476.32
2050-12-18 11:00:00,2050-12-18 16:00:00,2050-12-18,3964.27,nan,1475.37,1525.75,1265.11
2050-12-18 12:00:00,2050-12-18 17:00:00,2050-12-18,3513.99,nan,1308.13,1353.46,1119.04
2050-12-18 13:00:00,2050-12-18 18:00:00,2050-12-18,3049.14,nan,1135.08,1174.86,970.18
2050-12-18 14:00:00,2050-12-18 19:00:00,2050-12-18,2673.58,nan,994.71,1030.02,850.36
2050-12-18 15:00:00,2050-12-18 20:00:00,2050-12-18,2422.36,nan,899.05,931.01,772.2
2050-12-18 16:00:00,2050-12-18 21:00:00,2050-12-18,2627.52,nan,972.86,1007.22,837.06
2050-12-18 17:00:00,2050-12-18 22:00:00,2050-12-18,3206.59,nan,1184.19,1225.78,1015.53
2050-12-18 18:00:00,2050-12-18 23:00:00,2050-12-18,3961.8,nan,1463.3,1512.48,1258.56
2050-12-18 19:00:00,2050-12-19 00:00:00,2050-12-18,4519.79,nan,1670.83,1725.49,1438.83
2050-12-18 20:00:00,2050-12-19 01:00:00,2050-12-18,4844.35,nan,1792.74,1850.97,1542.21
2050-12-18 21:00:00,2050-12-19 02:00:00,2050-12-18,5070.77,nan,1877.5,1938.54,1614.71
2050-12-18 22:00:00,2050-12-19 03:00:00,2050-12-18,5284.81,nan,1959.89,2023.43,1683.17
2050-12-18 23:00:00,2050-12-19 04:00:00,2050-12-18,5440.52,nan,2019.73,2085.21,1733.19
2050-12-19 00:00:00,2050-12-19 05:00:00,2050-12-19,5564.86,nan,2068.43,2135.29,1773.02
2050-12-19 01:00:00,2050-12-19 06:00:00,2050-12-19,5701.66,nan,2122.59,2191.33,1816.9
2050-12-19 02:00:00,2050-12-19 07:00:00,2050-12-19,5856.23,nan,2182.69,2253.48,1866.22
2050-12-19 03:00:00,2050-12-19 08:00:00,2050-12-19,5967.03,nan,2227.14,2299.31,1902.27
2050-12-19 04:00:00,2050-12-19 09:00:00,2050-12-19,6068.66,nan,2266.73,2340.0,1935.26
2050-12-19 05:00:00,2050-12-19 10:00:00,2050-12-19,6127.7,nan,2289.34,2363.87,1954.19
2050-12-19 06:00:00,2050-12-19 11:00:00,2050-12-19,6152.9,nan,2298.07,2373.38,1962.36
2050-12-19 07:00:00,2050-12-19 12:00:00,2050-12-19,6047.54,nan,2258.36,2333.92,1924.91
2050-12-19 08:00:00,2050-12-19 13:00:00,2050-12-19,5542.03,nan,2070.51,2141.75,1760.7
2050-12-19 09:00:00,2050-12-19 14:00:00,2050-12-19,4868.1,nan,1816.85,1879.59,1548.43
2050-12-19 10:00:00,2050-12-19 15:00:00,2050-12-19,4334.99,nan,1614.43,1670.49,1377.64
2050-12-19 11:00:00,2050-12-19 16:00:00,2050-12-19,3828.88,nan,1423.32,1473.26,1215.94
2050-12-19 12:00:00,2050-12-19 17:00:00,2050-12-19,3381.12,nan,1252.38,1296.9,1070.87
2050-12-19 13:00:00,2050-12-19 18:00:00,2050-12-19,2950.68,nan,1087.57,1126.84,931.94
2050-12-19 14:00:00,2050-12-19 19:00:00,2050-12-19,2705.18,nan,992.97,1029.47,851.23
2050-12-19 15:00:00,2050-12-19 20:00:00,2050-12-19,2560.5,nan,935.19,969.82,804.65
2050-12-19 16:00:00,2050-12-19 21:00:00,2050-12-19,2735.24,nan,999.41,1036.31,860.14
2050-12-19 17:00:00,2050-12-19 22:00:00,2050-12-19,3194.77,nan,1175.49,1218.58,1004.23
2050-12-19 18:00:00,2050-12-19 23:00:00,2050-12-19,3800.85,nan,1404.35,1453.56,1201.92
2050-12-19 19:00:00,2050-12-20 00:00:00,2050-12-19,4235.2,nan,1570.36,1624.33,1343.53
2050-12-19 20:00:00,2050-12-20 01:00:00,2050-12-19,4440.56,nan,1648.17,1704.9,1407.43
2050-12-19 21:00:00,2050-12-20 02:00:00,2050-12-19,4575.84,nan,1699.21,1757.22,1451.59
2050-12-19 22:00:00,2050-12-20 03:00:00,2050-12-19,4693.13,nan,1743.94,1803.53,1488.95
2050-12-19 23:00:00,2050-12-20 04:00:00,2050-12-19,4835.46,nan,1797.11,1858.6,1534.47
2050-12-20 00:00:00,2050-12-20 05:00:00,2050-12-20,4971.15,nan,1849.01,1911.93,1577.95
2050-12-20 01:00:00,2050-12-20 06:00:00,2050-12-20,5099.03,nan,1897.08,1961.84,1617.96
2050-12-20 02:00:00,2050-12-20 07:00:00,2050-12-20,5228.05,nan,1945.86,2012.03,1658.73
2050-12-20 03:00:00,2050-12-20 08:00:00,2050-12-20,5337.38,nan,1986.53,2053.78,1693.9
2050-12-20 04:00:00,2050-12-20 09:00:00,2050-12-20,5434.47,nan,2022.09,2090.78,1725.19
2050-12-20 05:00:00,2050-12-20 10:00:00,2050-12-20,5522.2,nan,2054.1,2123.71,1752.86
2050-12-20 06:00:00,2050-12-20 11:00:00,2050-12-20,5589.18,nan,2077.64,2147.74,1773.46
2050-12-20 07:00:00,2050-12-20 12:00:00,2050-12-20,5510.87,nan,2046.71,2116.78,1744.6
2050-12-20 08:00:00,2050-12-20 13:00:00,2050-12-20,5193.08,nan,1926.66,1994.47,1638.14
2050-12-20 09:00:00,2050-12-20 14:00:00,2050-12-20,5059.01,nan,1873.9,1940.75,1597.94
2050-12-20 10:00:00,2050-12-20 15:00:00,2050-12-20,4891.0,nan,1815.93,1879.54,1545.54
2050-12-20 11:00:00,2050-12-20 16:00:00,2050-12-20,4616.68,nan,1715.25,1776.67,1459.43
2050-12-20 12:00:00,2050-12-20 17:00:00,2050-12-20,4348.67,nan,1615.56,1674.4,1373.55
2050-12-20 13:00:00,2050-12-20 18:00:00,2050-12-20,3956.26,nan,1472.71,1526.25,1251.49
2050-12-20 14:00:00,2050-12-20 19:00:00,2050-12-20,3402.01,nan,1262.3,1308.33,1075.82
2050-12-20 15:00:00,2050-12-20 20:00:00,2050-12-20,3134.4,nan,1159.83,1201.88,992.85
2050-12-20 16:00:00,2050-12-20 21:00:00,2050-12-20,3450.92,nan,1275.99,1321.8,1093.43
2050-12-20 17:00:00,2050-12-20 22:00:00,2050-12-20,4139.16,nan,1532.6,1586.97,1307.98
2050-12-20 18:00:00,2050-12-20 23:00:00,2050-12-20,4962.26,nan,1839.74,1901.89,1575.12
2050-12-20 19:00:00,2050-12-21 00:00:00,2050-12-20,5566.72,nan,2064.52,2132.75,1770.82
2050-12-20 20:00:00,2050-12-21 01:00:00,2050-12-20,5991.54,nan,2223.93,2297.28,1906.11
2050-12-20 21:00:00,2050-12-21 02:00:00,2050-12-20,6310.55,nan,2344.72,2422.16,2008.33
2050-12-20 22:00:00,2050-12-21 03:00:00,2050-12-20,6587.26,nan,2448.98,2529.77,2096.81
2050-12-20 23:00:00,2050-12-21 04:00:00,2050-12-20,6856.0,nan,2550.97,2635.14,2181.98
2050-12-21 00:00:00,2050-12-21 05:00:00,2050-12-21,7068.56,nan,2631.52,2718.46,2250.17
2050-12-21 01:00:00,2050-12-21 06:00:00,2050-12-21,7267.84,nan,2707.6,2796.82,2314.16
2050-12-21 02:00:00,2050-12-21 07:00:00,2050-12-21,7422.57,nan,2766.61,2857.63,2364.39
2050-12-21 03:00:00,2050-12-21 08:00:00,2050-12-21,7549.01,nan,2814.27,2906.93,2405.7
2050-12-21 04:00:00,2050-12-21 09:00:00,2050-12-21,7656.39,nan,2857.12,2950.7,2440.82
2050-12-21 05:00:00,2050-12-21 10:00:00,2050-12-21,7703.5,nan,2875.95,2970.18,2456.31
2050-12-21 06:00:00,2050-12-21 11:00:00,2050-12-21,7734.32,nan,2888.9,2983.46,2466.63
2050-12-21 07:00:00,2050-12-21 12:00:00,2050-12-21,7597.4,nan,2839.06,2932.91,2419.76
2050-12-21 08:00:00,2050-12-21 13:00:00,2050-12-21,7095.17,nan,2650.35,2739.4,2255.56
2050-12-21 09:00:00,2050-12-21 14:00:00,2050-12-21,6421.68,nan,2391.04,2469.96,2043.05
2050-12-21 10:00:00,2050-12-21 15:00:00,2050-12-21,5714.77,nan,2120.18,2189.9,1817.31
2050-12-21 11:00:00,2050-12-21 16:00:00,2050-12-21,5069.95,nan,1876.11,1938.03,1611.4
2050-12-21 12:00:00,2050-12-21 17:00:00,2050-12-21,4540.12,nan,1675.63,1731.75,1441.75
2050-12-21 13:00:00,2050-12-21 18:00:00,2050-12-21,3948.77,nan,1451.74,1501.45,1251.96
2050-12-21 14:00:00,2050-12-21 19:00:00,2050-12-21,3414.31,nan,1250.4,1293.87,1081.55
2050-12-21 15:00:00,2050-12-21 20:00:00,2050-12-21,3107.18,nan,1133.81,1173.35,984.93
2050-12-21 16:00:00,2050-12-21 21:00:00,2050-12-21,3355.06,nan,1226.82,1269.44,1063.01
2050-12-21 17:00:00,2050-12-21 22:00:00,2050-12-21,3952.45,nan,1452.41,1502.67,1247.93
2050-12-21 18:00:00,2050-12-21 23:00:00,2050-12-21,4692.7,nan,1731.01,1788.58,1488.38
2050-12-21 19:00:00,2050-12-22 00:00:00,2050-12-21,5228.61,nan,1934.34,1997.49,1662.4
2050-12-21 20:00:00,2050-12-22 01:00:00,2050-12-21,5543.42,nan,2055.62,2122.62,1763.24
2050-12-21 21:00:00,2050-12-22 02:00:00,2050-12-21,5794.2,nan,2152.65,2222.78,1843.93
2050-12-21 22:00:00,2050-12-22 03:00:00,2050-12-21,5990.2,nan,2228.63,2301.19,1907.18
2050-12-21 23:00:00,2050-12-22 04:00:00,2050-12-21,6146.48,nan,2289.06,2363.64,1957.68
2050-12-22 00:00:00,2050-12-22 05:00:00,2050-12-22,6276.61,nan,2339.28,2415.49,1999.64
2050-12-22 01:00:00,2050-12-22 06:00:00,2050-12-22,6381.08,nan,2379.45,2457.1,2033.2
2050-12-22 02:00:00,2050-12-22 07:00:00,2050-12-22,6453.17,nan,2406.42,2485.15,2056.03
2050-12-22 03:00:00,2050-12-22 08:00:00,2050-12-22,6509.56,nan,2427.9,2507.53,2074.12
2050-12-22 04:00:00,2050-12-22 09:00:00,2050-12-22,6539.06,nan,2438.28,2518.39,2083.18
2050-12-22 05:00:00,2050-12-22 10:00:00,2050-12-22,6552.66,nan,2442.81,2523.42,2087.42
2050-12-22 06:00:00,2050-12-22 11:00:00,2050-12-22,6571.51,nan,2449.37,2530.44,2093.39
2050-12-22 07:00:00,2050-12-22 12:00:00,2050-12-22,6443.25,nan,2401.21,2482.11,2049.33
2050-12-22 08:00:00,2050-12-22 13:00:00,2050-12-22,5964.91,nan,2221.5,2298.12,1893.01
2050-12-22 09:00:00,2050-12-22 14:00:00,2050-12-22,5333.25,nan,1980.9,2047.89,1694.3
2050-12-22 10:00:00,2050-12-22 15:00:00,2050-12-22,4644.94,nan,1720.26,1778.29,1475.28
2050-12-22 11:00:00,2050-12-22 16:00:00,2050-12-22,3998.58,nan,1476.16,1526.57,1269.41
2050-12-22 12:00:00,2050-12-22 17:00:00,2050-12-22,3496.68,nan,1287.55,1331.86,1108.6
2050-12-22 13:00:00,2050-12-22 18:00:00,2050-12-22,2932.31,nan,1075.87,1113.27,928.44
2050-12-22 14:00:00,2050-12-22 19:00:00,2050-12-22,2433.36,nan,888.94,920.01,769.51
2050-12-22 15:00:00,2050-12-22 20:00:00,2050-12-22,2153.95,nan,782.42,809.34,681.63
2050-12-22 16:00:00,2050-12-22 21:00:00,2050-12-22,2424.16,nan,881.03,911.51,766.99
2050-12-22 17:00:00,2050-12-22 22:00:00,2050-12-22,3076.56,nan,1125.41,1164.46,969.79
2050-12-22 18:00:00,2050-12-22 23:00:00,2050-12-22,3866.48,nan,1421.42,1468.81,1224.1
2050-12-22 19:00:00,2050-12-23 00:00:00,2050-12-22,4467.05,nan,1647.71,1701.38,1418.07
2050-12-22 20:00:00,2050-12-23 01:00:00,2050-12-22,4876.15,nan,1803.25,1862.07,1548.16
2050-12-22 21:00:00,2050-12-23 02:00:00,2050-12-22,5234.77,nan,1939.6,2002.73,1662.76
2050-12-22 22:00:00,2050-12-23 03:00:00,2050-12-22,5536.65,nan,2054.8,2121.46,1759.33
2050-12-22 23:00:00,2050-12-23 04:00:00,2050-12-22,5786.6,nan,2150.77,2220.31,1838.93
2050-12-23 00:00:00,2050-12-23 05:00:00,2050-12-23,6005.35,nan,2234.38,2306.6,1908.5
2050-12-23 01:00:00,2050-12-23 06:00:00,2050-12-23,6195.82,nan,2307.57,2381.96,1968.97
2050-12-23 02:00:00,2050-12-23 07:00:00,2050-12-23,6367.41,nan,2372.64,2449.03,2024.19
2050-12-23 03:00:00,2050-12-23 08:00:00,2050-12-23,6531.77,nan,2434.97,2513.41,2076.88
2050-12-23 04:00:00,2050-12-23 09:00:00,2050-12-23,6680.95,nan,2491.27,2571.44,2125.07
2050-12-23 05:00:00,2050-12-23 10:00:00,2050-12-23,6786.45,nan,2530.47,2611.97,2158.67
2050-12-23 06:00:00,2050-12-23 11:00:00,2050-12-23,6863.31,nan,2558.78,2641.23,2183.52
2050-12-23 07:00:00,2050-12-23 12:00:00,2050-12-23,6760.04,nan,2519.93,2602.37,2146.9
2050-12-23 08:00:00,2050-12-23 13:00:00,2050-12-23,6323.55,nan,2356.06,2434.95,2003.54
2050-12-23 09:00:00,2050-12-23 14:00:00,2050-12-23,5850.76,nan,2175.71,2248.39,1856.87
2050-12-23 10:00:00,2050-12-23 15:00:00,2050-12-23,5334.28,nan,1976.91,2043.44,1691.58
2050-12-23 11:00:00,2050-12-23 16:00:00,2050-12-23,4852.99,nan,1790.72,1851.21,1536.98
2050-12-23 12:00:00,2050-12-23 17:00:00,2050-12-23,4517.75,nan,1662.28,1718.64,1429.97
2050-12-23 13:00:00,2050-12-23 18:00:00,2050-12-23,4108.2,nan,1506.74,1558.55,1298.36
2050-12-23 14:00:00,2050-12-23 19:00:00,2050-12-23,3775.88,nan,1378.19,1425.95,1191.97
2050-12-23 15:00:00,2050-12-23 20:00:00,2050-12-23,3764.86,nan,1371.74,1419.6,1188.3
2050-12-23 16:00:00,2050-12-23 21:00:00,2050-12-23,4050.5,nan,1481.3,1532.85,1279.55
2050-12-23 17:00:00,2050-12-23 22:00:00,2050-12-23,4449.18,nan,1634.96,1691.54,1404.63
2050-12-23 18:00:00,2050-12-23 23:00:00,2050-12-23,5073.06,nan,1872.65,1934.87,1609.17
2050-12-23 19:00:00,2050-12-24 00:00:00,2050-12-23,5501.8,nan,2035.78,2102.31,1749.46
2050-12-23 20:00:00,2050-12-24 01:00:00,2050-12-23,5734.87,nan,2125.86,2195.4,1824.27
2050-12-23 21:00:00,2050-12-24 02:00:00,2050-12-23,5939.36,nan,2204.02,2276.42,1890.06
2050-12-23 22:00:00,2050-12-24 03:00:00,2050-12-23,6124.6,nan,2274.69,2349.58,1949.66
2050-12-23 23:00:00,2050-12-24 04:00:00,2050-12-23,6299.84,nan,2341.17,2418.3,2005.84
2050-12-24 00:00:00,2050-12-24 05:00:00,2050-12-24,6444.14,nan,2395.44,2474.43,2052.18
2050-12-24 01:00:00,2050-12-24 06:00:00,2050-12-24,6574.64,nan,2444.45,2525.03,2093.91
2050-12-24 02:00:00,2050-12-24 07:00:00,2050-12-24,6683.02,nan,2485.51,2567.36,2129.0
2050-12-24 03:00:00,2050-12-24 08:00:00,2050-12-24,6765.37,nan,2516.58,2599.34,2155.58
2050-12-24 04:00:00,2050-12-24 09:00:00,2050-12-24,6840.0,nan,2544.45,2628.19,2179.67
2050-12-24 05:00:00,2050-12-24 10:00:00,2050-12-24,6919.53,nan,2574.43,2658.97,2205.19
2050-12-24 06:00:00,2050-12-24 11:00:00,2050-12-24,6989.95,nan,2600.54,2685.79,2227.63
2050-12-24 07:00:00,2050-12-24 12:00:00,2050-12-24,6883.13,nan,2560.25,2645.06,2190.23
2050-12-24 08:00:00,2050-12-24 13:00:00,2050-12-24,6450.38,nan,2399.93,2481.36,2048.86
2050-12-24 09:00:00,2050-12-24 14:00:00,2050-12-24,5969.52,nan,2221.72,2296.77,1900.02
2050-12-24 10:00:00,2050-12-24 15:00:00,2050-12-24,5280.61,nan,1963.76,2030.15,1682.34
2050-12-24 11:00:00,2050-12-24 16:00:00,2050-12-24,4635.69,nan,1722.35,1781.03,1477.22
2050-12-24 12:00:00,2050-12-24 17:00:00,2050-12-24,4141.19,nan,1537.42,1590.16,1318.62
2050-12-24 13:00:00,2050-12-24 18:00:00,2050-12-24,3576.14,nan,1327.19,1373.1,1138.36
2050-12-24 14:00:00,2050-12-24 19:00:00,2050-12-24,3047.89,nan,1130.24,1169.48,970.5
2050-12-24 15:00:00,2050-12-24 20:00:00,2050-12-24,2718.57,nan,1007.08,1041.74,867.19
2050-12-24 16:00:00,2050-12-24 21:00:00,2050-12-24,2952.14,nan,1093.19,1130.91,941.72
2050-12-24 17:00:00,2050-12-24 22:00:00,2050-12-24,3601.7,nan,1335.52,1381.43,1143.18
2050-12-24 18:00:00,2050-12-24 23:00:00,2050-12-24,4370.03,nan,1621.91,1675.55,1392.25
2050-12-24 19:00:00,2050-12-25 00:00:00,2050-12-24,4958.19,nan,1840.85,1900.85,1581.9
2050-12-24 20:00:00,2050-12-25 01:00:00,2050-12-24,5346.7,nan,1985.61,2050.6,1704.91
2050-12-24 21:00:00,2050-12-25 02:00:00,2050-12-24,5664.89,nan,2103.91,2172.9,1805.38
2050-12-24 22:00:00,2050-12-25 03:00:00,2050-12-24,5932.49,nan,2203.43,2275.91,1889.99
2050-12-24 23:00:00,2050-12-25 04:00:00,2050-12-24,6167.38,nan,2291.31,2366.73,1963.85
2050-12-25 00:00:00,2050-12-25 05:00:00,2050-12-25,6378.37,nan,2370.74,2448.77,2030.34
2050-12-25 01:00:00,2050-12-25 06:00:00,2050-12-25,6526.67,nan,2425.92,2506.02,2077.95
2050-12-25 02:00:00,2050-12-25 07:00:00,2050-12-25,6639.32,nan,2467.86,2549.33,2113.96
2050-12-25 03:00:00,2050-12-25 08:00:00,2050-12-25,6713.57,nan,2495.31,2578.07,2138.07
2050-12-25 04:00:00,2050-12-25 09:00:00,2050-12-25,6748.61,nan,2508.57,2592.15,2148.71
2050-12-25 05:00:00,2050-12-25 10:00:00,2050-12-25,6779.15,nan,2520.38,2604.77,2158.63
2050-12-25 06:00:00,2050-12-25 11:00:00,2050-12-25,6810.48,nan,2531.75,2616.98,2167.69
2050-12-25 07:00:00,2050-12-25 12:00:00,2050-12-25,6666.91,nan,2478.42,2562.86,2117.52
2050-12-25 08:00:00,2050-12-25 13:00:00,2050-12-25,6214.75,nan,2309.83,2390.14,1969.45
2050-12-25 09:00:00,2050-12-25 14:00:00,2050-12-25,5858.73,nan,2176.48,2251.08,1858.27
2050-12-25 10:00:00,2050-12-25 15:00:00,2050-12-25,5323.15,nan,1972.3,2039.8,1688.23
2050-12-25 11:00:00,2050-12-25 16:00:00,2050-12-25,4806.41,nan,1780.46,1841.66,1523.98
2050-12-25 12:00:00,2050-12-25 17:00:00,2050-12-25,4327.38,nan,1600.89,1655.89,1370.98
2050-12-25 13:00:00,2050-12-25 18:00:00,2050-12-25,3887.17,nan,1436.33,1486.03,1230.67
2050-12-25 14:00:00,2050-12-25 19:00:00,2050-12-25,3507.74,nan,1292.93,1337.94,1108.26
2050-12-25 15:00:00,2050-12-25 20:00:00,2050-12-25,3289.66,nan,1212.56,1254.93,1039.56
2050-12-25 16:00:00,2050-12-25 21:00:00,2050-12-25,3415.01,nan,1259.21,1303.37,1079.71
2050-12-25 17:00:00,2050-12-25 22:00:00,2050-12-25,3806.91,nan,1404.32,1453.76,1201.37
2050-12-25 18:00:00,2050-12-25 23:00:00,2050-12-25,4396.88,nan,1623.35,1678.27,1394.17
2050-12-25 19:00:00,2050-12-26 00:00:00,2050-12-25,4799.99,nan,1775.35,1834.58,1526.37
2050-12-25 20:00:00,2050-12-26 01:00:00,2050-12-25,4995.77,nan,1849.28,1911.37,1588.59
2050-12-25 21:00:00,2050-12-26 02:00:00,2050-12-25,5182.64,nan,1920.18,1984.78,1647.61
2050-12-25 22:00:00,2050-12-26 03:00:00,2050-12-25,5314.15,nan,1970.33,2036.61,1688.69
2050-12-25 23:00:00,2050-12-26 04:00:00,2050-12-25,5419.61,nan,2010.49,2078.29,1721.54
2050-12-26 00:00:00,2050-12-26 05:00:00,2050-12-26,5501.97,nan,2042.21,2111.13,1747.66
2050-12-26 01:00:00,2050-12-26 06:00:00,2050-12-26,5575.84,nan,2070.57,2140.42,1771.51
2050-12-26 02:00:00,2050-12-26 07:00:00,2050-12-26,5631.65,nan,2092.86,2163.61,1789.48
2050-12-26 03:00:00,2050-12-26 08:00:00,2050-12-26,5701.03,nan,2120.61,2192.17,1812.11
2050-12-26 04:00:00,2050-12-26 09:00:00,2050-12-26,5760.95,nan,2144.51,2217.07,1831.49
2050-12-26 05:00:00,2050-12-26 10:00:00,2050-12-26,5778.75,nan,2152.18,2224.82,1837.41
2050-12-26 06:00:00,2050-12-26 11:00:00,2050-12-26,5762.04,nan,2145.84,2218.37,1831.98
2050-12-26 07:00:00,2050-12-26 12:00:00,2050-12-26,5576.52,nan,2076.25,2147.45,1769.4
2050-12-26 08:00:00,2050-12-26 13:00:00,2050-12-26,5210.97,nan,1938.24,2006.86,1646.74
2050-12-26 09:00:00,2050-12-26 14:00:00,2050-12-26,5080.38,nan,1888.33,1954.81,1606.07
2050-12-26 10:00:00,2050-12-26 15:00:00,2050-12-26,5001.75,nan,1859.84,1925.27,1581.97
2050-12-26 11:00:00,2050-12-26 16:00:00,2050-12-26,4941.15,nan,1839.26,1903.95,1563.24
2050-12-26 12:00:00,2050-12-26 17:00:00,2050-12-26,4877.51,nan,1816.52,1881.04,1541.89
2050-12-26 13:00:00,2050-12-26 18:00:00,2050-12-26,4782.06,nan,1780.43,1843.94,1512.55
2050-12-26 14:00:00,2050-12-26 19:00:00,2050-12-26,4718.57,nan,1757.22,1820.09,1491.8
2050-12-26 15:00:00,2050-12-26 20:00:00,2050-12-26,4658.09,nan,1734.02,1796.61,1473.41
2050-12-26 16:00:00,2050-12-26 21:00:00,2050-12-26,4667.9,nan,1737.21,1799.87,1476.51
2050-12-26 17:00:00,2050-12-26 22:00:00,2050-12-26,4824.66,nan,1797.92,1862.16,1526.04
2050-12-26 18:00:00,2050-12-26 23:00:00,2050-12-26,5207.59,nan,1940.19,2006.78,1654.09
2050-12-26 19:00:00,2050-12-27 00:00:00,2050-12-26,5462.42,nan,2034.53,2102.91,1738.56
2050-12-26 20:00:00,2050-12-27 01:00:00,2050-12-26,5593.26,nan,2083.61,2153.33,1780.01
2050-12-26 21:00:00,2050-12-27 02:00:00,2050-12-26,5792.58,nan,2160.36,2232.36,1844.07
2050-12-26 22:00:00,2050-12-27 03:00:00,2050-12-26,5968.1,nan,2227.57,2301.32,1900.55
2050-12-26 23:00:00,2050-12-27 04:00:00,2050-12-26,6147.32,nan,2294.16,2370.19,1957.16
2050-12-27 00:00:00,2050-12-27 05:00:00,2050-12-27,6373.03,nan,2379.81,2458.83,2028.79
2050-12-27 01:00:00,2050-12-27 06:00:00,2050-12-27,6633.28,nan,2479.66,2562.04,2112.27
2050-12-27 02:00:00,2050-12-27 07:00:00,2050-12-27,6794.1,nan,2540.76,2625.51,2162.83
2050-12-27 03:00:00,2050-12-27 08:00:00,2050-12-27,6978.45,nan,2609.86,2697.69,2223.21
2050-12-27 04:00:00,2050-12-27 09:00:00,2050-12-27,7121.72,nan,2664.43,2754.38,2269.82
2050-12-27 05:00:00,2050-12-27 10:00:00,2050-12-27,7257.39,nan,2716.61,2808.14,2314.54
2050-12-27 06:00:00,2050-12-27 11:00:00,2050-12-27,7363.57,nan,2756.11,2848.5,2348.91
2050-12-27 07:00:00,2050-12-27 12:00:00,2050-12-27,7326.32,nan,2741.37,2834.15,2334.18
2050-12-27 08:00:00,2050-12-27 13:00:00,2050-12-27,7073.73,nan,2645.91,2737.1,2248.11
2050-12-27 09:00:00,2050-12-27 14:00:00,2050-12-27,6934.15,nan,2591.39,2678.78,2204.34
2050-12-27 10:00:00,2050-12-27 15:00:00,2050-12-27,6700.6,nan,2497.22,2579.22,2128.35
2050-12-27 11:00:00,2050-12-27 16:00:00,2050-12-27,6468.31,nan,2404.72,2483.02,2053.44
2050-12-27 12:00:00,2050-12-27 17:00:00,2050-12-27,6346.96,nan,2357.06,2433.21,2013.0
2050-12-27 13:00:00,2050-12-27 18:00:00,2050-12-27,6129.72,nan,2270.13,2343.28,1943.04
2050-12-27 14:00:00,2050-12-27 19:00:00,2050-12-27,5798.83,nan,2138.36,2206.77,1836.28
2050-12-27 15:00:00,2050-12-27 20:00:00,2050-12-27,5646.18,nan,2076.08,2142.89,1787.78
2050-12-27 16:00:00,2050-12-27 21:00:00,2050-12-27,5941.75,nan,2187.73,2258.96,1883.7
2050-12-27 17:00:00,2050-12-27 22:00:00,2050-12-27,6579.09,nan,2431.69,2511.46,2084.03
2050-12-27 18:00:00,2050-12-27 23:00:00,2050-12-27,7373.02,nan,2732.16,2819.78,2343.39
2050-12-27 19:00:00,2050-12-28 00:00:00,2050-12-27,7965.35,nan,2956.31,3050.13,2535.72
2050-12-27 20:00:00,2050-12-28 01:00:00,2050-12-27,8353.74,nan,3103.93,3202.35,2660.09
2050-12-27 21:00:00,2050-12-28 02:00:00,2050-12-27,8664.57,nan,3222.15,3324.42,2759.62
2050-12-27 22:00:00,2050-12-28 03:00:00,2050-12-27,8888.98,nan,3308.29,3413.38,2831.62
2050-12-27 23:00:00,2050-12-28 04:00:00,2050-12-27,9021.0,nan,3358.58,3465.38,2873.5
2050-12-28 00:00:00,2050-12-28 05:00:00,2050-12-28,9108.94,nan,3392.18,3500.13,2901.73
2050-12-28 01:00:00,2050-12-28 06:00:00,2050-12-28,9160.14,nan,3411.8,3520.28,2918.09
2050-12-28 02:00:00,2050-12-28 07:00:00,2050-12-28,9193.94,nan,3424.92,3533.71,2929.23
2050-12-28 03:00:00,2050-12-28 08:00:00,2050-12-28,9200.8,nan,3427.5,3536.02,2931.46
2050-12-28 04:00:00,2050-12-28 09:00:00,2050-12-28,9200.07,nan,3426.75,3535.0,2931.09
2050-12-28 05:00:00,2050-12-28 10:00:00,2050-12-28,9177.03,nan,3418.18,3526.1,2923.03
2050-12-28 06:00:00,2050-12-28 11:00:00,2050-12-28,9119.58,nan,3396.16,3503.53,2904.83
2050-12-28 07:00:00,2050-12-28 12:00:00,2050-12-28,8897.79,nan,3312.09,3418.03,2830.53
2050-12-28 08:00:00,2050-12-28 13:00:00,2050-12-28,8266.34,nan,3074.49,3175.01,2626.79
2050-12-28 09:00:00,2050-12-28 14:00:00,2050-12-28,7347.71,nan,2728.96,2817.86,2340.12
2050-12-28 10:00:00,2050-12-28 15:00:00,2050-12-28,6500.68,nan,2410.05,2488.5,2071.63
2050-12-28 11:00:00,2050-12-28 16:00:00,2050-12-28,5779.77,nan,2138.98,2208.11,1841.48
2050-12-28 12:00:00,2050-12-28 17:00:00,2050-12-28,5419.03,nan,2005.32,2071.01,1724.04
2050-12-28 13:00:00,2050-12-28 18:00:00,2050-12-28,5090.83,nan,1883.77,1945.7,1622.14
2050-12-28 14:00:00,2050-12-28 19:00:00,2050-12-28,4805.51,nan,1778.05,1835.62,1528.23
2050-12-28 15:00:00,2050-12-28 20:00:00,2050-12-28,4532.12,nan,1673.95,1728.22,1439.98
2050-12-28 16:00:00,2050-12-28 21:00:00,2050-12-28,4516.6,nan,1664.61,1719.12,1434.66
2050-12-28 17:00:00,2050-12-28 22:00:00,2050-12-28,4727.51,nan,1743.05,1800.77,1498.35
2050-12-28 18:00:00,2050-12-28 23:00:00,2050-12-28,5219.98,nan,1929.81,1992.47,1659.55
2050-12-28 19:00:00,2050-12-29 00:00:00,2050-12-28,5604.51,nan,2077.09,2144.33,1785.1
2050-12-28 20:00:00,2050-12-29 01:00:00,2050-12-28,5821.93,nan,2163.09,2232.9,1854.85
2050-12-28 21:00:00,2050-12-29 02:00:00,2050-12-28,6019.02,nan,2240.77,2313.47,1918.24
2050-12-28 22:00:00,2050-12-29 03:00:00,2050-12-28,6188.62,nan,2307.87,2382.83,1973.22
2050-12-28 23:00:00,2050-12-29 04:00:00,2050-12-28,6338.59,nan,2366.7,2443.32,2021.58
2050-12-29 00:00:00,2050-12-29 05:00:00,2050-12-29,6481.92,nan,2423.21,2501.61,2068.2
2050-12-29 01:00:00,2050-12-29 06:00:00,2050-12-29,6622.67,nan,2478.67,2558.67,2114.13
2050-12-29 02:00:00,2050-12-29 07:00:00,2050-12-29,6736.23,nan,2522.96,2604.29,2150.86
2050-12-29 03:00:00,2050-12-29 08:00:00,2050-12-29,6819.05,nan,2555.53,2638.05,2177.92
2050-12-29 04:00:00,2050-12-29 09:00:00,2050-12-29,6866.04,nan,2573.58,2656.91,2193.29
2050-12-29 05:00:00,2050-12-29 10:00:00,2050-12-29,6879.52,nan,2578.46,2662.47,2198.06
2050-12-29 06:00:00,2050-12-29 11:00:00,2050-12-29,6872.89,nan,2575.15,2659.56,2195.42
2050-12-29 07:00:00,2050-12-29 12:00:00,2050-12-29,6691.33,nan,2506.75,2590.06,2133.75
2050-12-29 08:00:00,2050-12-29 13:00:00,2050-12-29,6164.83,nan,2308.84,2387.38,1961.86
2050-12-29 09:00:00,2050-12-29 14:00:00,2050-12-29,5615.11,nan,2096.66,2167.51,1788.85
2050-12-29 10:00:00,2050-12-29 15:00:00,2050-12-29,5153.41,nan,1919.07,1982.84,1641.59
2050-12-29 11:00:00,2050-12-29 16:00:00,2050-12-29,4776.76,nan,1773.4,1831.76,1521.27
2050-12-29 12:00:00,2050-12-29 17:00:00,2050-12-29,4489.64,nan,1662.17,1717.04,1429.93
2050-12-29 13:00:00,2050-12-29 18:00:00,2050-12-29,4154.57,nan,1534.51,1585.95,1323.22
2050-12-29 14:00:00,2050-12-29 19:00:00,2050-12-29,3761.82,nan,1387.32,1435.32,1197.33
2050-12-29 15:00:00,2050-12-29 20:00:00,2050-12-29,3413.88,nan,1255.62,1300.06,1087.64
2050-12-29 16:00:00,2050-12-29 21:00:00,2050-12-29,3437.0,nan,1263.26,1307.6,1094.32
2050-12-29 17:00:00,2050-12-29 22:00:00,2050-12-29,3810.64,nan,1403.82,1453.74,1207.21
2050-12-29 18:00:00,2050-12-29 23:00:00,2050-12-29,4386.63,nan,1620.39,1675.28,1395.53
2050-12-29 19:00:00,2050-12-30 00:00:00,2050-12-29,4776.02,nan,1767.26,1826.57,1521.82
2050-12-29 20:00:00,2050-12-30 01:00:00,2050-12-29,4976.59,nan,1843.67,1905.53,1584.65
2050-12-29 21:00:00,2050-12-30 02:00:00,2050-12-29,5172.75,nan,1918.34,1982.37,1646.89
2050-12-29 22:00:00,2050-12-30 03:00:00,2050-12-29,5344.19,nan,1983.97,2050.07,1701.07
2050-12-29 23:00:00,2050-12-30 04:00:00,2050-12-29,5491.79,nan,2041.31,2108.85,1747.61
2050-12-30 00:00:00,2050-12-30 05:00:00,2050-12-30,5596.19,nan,2081.96,2150.57,1779.82
2050-12-30 01:00:00,2050-12-30 06:00:00,2050-12-30,5655.51,nan,2103.94,2172.66,1797.54
2050-12-30 02:00:00,2050-12-30 07:00:00,2050-12-30,5697.86,nan,2119.33,2188.96,1809.65
2050-12-30 03:00:00,2050-12-30 08:00:00,2050-12-30,5725.29,nan,2129.08,2198.61,1817.62
2050-12-30 04:00:00,2050-12-30 09:00:00,2050-12-30,5721.11,nan,2126.86,2196.27,1815.89
2050-12-30 05:00:00,2050-12-30 10:00:00,2050-12-30,5748.27,nan,2137.72,2207.74,1823.94
2050-12-30 06:00:00,2050-12-30 11:00:00,2050-12-30,5739.15,nan,2134.22,2203.59,1819.76
2050-12-30 07:00:00,2050-12-30 12:00:00,2050-12-30,5556.85,nan,2065.76,2133.2,1757.67
2050-12-30 08:00:00,2050-12-30 13:00:00,2050-12-30,5083.51,nan,1890.39,1954.2,1602.93
2050-12-30 09:00:00,2050-12-30 14:00:00,2050-12-30,4448.27,nan,1653.14,1709.14,1408.26
2050-12-30 10:00:00,2050-12-30 15:00:00,2050-12-30,3695.37,nan,1366.03,1413.62,1169.41
2050-12-30 11:00:00,2050-12-30 16:00:00,2050-12-30,2961.35,nan,1089.29,1128.07,936.97
2050-12-30 12:00:00,2050-12-30 17:00:00,2050-12-30,2355.61,nan,861.3,892.98,744.23
2050-12-30 13:00:00,2050-12-30 18:00:00,2050-12-30,1725.88,nan,626.45,649.91,544.08
2050-12-30 14:00:00,2050-12-30 19:00:00,2050-12-30,1202.34,nan,431.04,447.45,378.02
2050-12-30 15:00:00,2050-12-30 20:00:00,2050-12-30,941.3,nan,333.48,346.08,296.19
2050-12-30 16:00:00,2050-12-30 21:00:00,2050-12-30,1160.54,nan,414.6,429.81,365.61
2050-12-30 17:00:00,2050-12-30 22:00:00,2050-12-30,1818.64,nan,659.03,683.36,567.77
2050-12-30 18:00:00,2050-12-30 23:00:00,2050-12-30,2659.49,nan,971.91,1006.02,837.56
2050-12-30 19:00:00,2050-12-31 00:00:00,2050-12-30,3337.6,nan,1224.6,1266.27,1054.27
2050-12-30 20:00:00,2050-12-31 01:00:00,2050-12-30,3813.55,nan,1402.79,1450.27,1205.89
2050-12-30 21:00:00,2050-12-31 02:00:00,2050-12-30,4190.45,nan,1544.31,1596.18,1326.36
2050-12-30 22:00:00,2050-12-31 03:00:00,2050-12-30,4508.13,nan,1663.6,1719.37,1428.06
2050-12-30 23:00:00,2050-12-31 04:00:00,2050-12-30,4772.35,nan,1762.45,1821.37,1512.72
2050-12-31 00:00:00,2050-12-31 05:00:00,2050-12-31,4988.42,nan,1843.47,1904.82,1582.03
2050-12-31 01:00:00,2050-12-31 06:00:00,2050-12-31,5155.25,nan,1906.51,1969.83,1636.0
2050-12-31 02:00:00,2050-12-31 07:00:00,2050-12-31,5278.53,nan,1953.5,2018.23,1675.8
2050-12-31 03:00:00,2050-12-31 08:00:00,2050-12-31,5377.69,nan,1990.97,2056.9,1707.9
2050-12-31 04:00:00,2050-12-31 09:00:00,2050-12-31,5457.77,nan,2021.71,2088.55,1734.1
2050-12-31 05:00:00,2050-12-31 10:00:00,2050-12-31,5516.78,nan,2044.65,2112.17,1753.63
2050-12-31 06:00:00,2050-12-31 11:00:00,2050-12-31,5560.57,nan,2061.76,2129.67,1768.01
2050-12-31 07:00:00,2050-12-31 12:00:00,2050-12-31,5442.31,nan,2018.23,2085.67,1727.58
2050-12-31 08:00:00,2050-12-31 13:00:00,2050-12-31,4950.19,nan,1835.87,1899.11,1568.64
2050-12-31 09:00:00,2050-12-31 14:00:00,2050-12-31,4306.13,nan,1599.27,1654.3,1370.64
2050-12-31 10:00:00,2050-12-31 15:00:00,2050-12-31,3704.54,nan,1375.17,1422.35,1180.94
2050-12-31 11:00:00,2050-12-31 16:00:00,2050-12-31,3045.55,nan,1125.92,1166.06,969.82
2050-12-31 12:00:00,2050-12-31 17:00:00,2050-12-31,2544.74,nan,941.28,976.21,808.63
2050-12-31 13:00:00,2050-12-31 18:00:00,2050-12-31,2114.05,nan,782.66,812.93,669.97
2050-12-31 14:00:00,2050-12-31 19:00:00,2050-12-31,1803.04,nan,667.72,694.46,569.84
2050-12-31 15:00:00,2050-12-31 20:00:00,2050-12-31,1599.88,nan,590.48,614.21,503.58
2050-12-31 16:00:00,2050-12-31 21:00:00,2050-12-31,1669.78,nan,613.85,638.61,525.3
2050-12-31 17:00:00,2050-12-31 22:00:00,2050-12-31,2054.26,nan,754.48,784.43,644.29
2050-12-31 18:00:00,2050-12-31 23:00:00,2050-12-31,2634.02,nan,969.86,1006.18,833.36
