datetime,deficit_MW
2050-01-01 00:00:00,-4299.46
2050-01-01 01:00:00,-5758.81
2050-01-01 02:00:00,-7344.39
2050-01-01 03:00:00,-7564.52
2050-01-01 04:00:00,-7656.79
2050-01-01 05:00:00,-7585.66
2050-01-01 06:00:00,-7397.78
2050-01-01 07:00:00,-7526.58
2050-01-01 08:00:00,-6729.88
2050-01-01 09:00:00,-6385.52
2050-01-01 10:00:00,-6409.15
2050-01-01 11:00:00,-5923.66
2050-01-01 12:00:00,-6429.84
2050-01-01 13:00:00,-5541.45
2050-01-01 14:00:00,-4252.64
2050-01-01 15:00:00,-4378.38
2050-01-01 16:00:00,-4706.77
2050-01-01 17:00:00,-3529.89
2050-01-01 18:00:00,-1754.57
2050-01-01 19:00:00,-3261.94
2050-01-01 20:00:00,-2539.01
2050-01-01 21:00:00,-2826.21
2050-01-01 22:00:00,-4058.62
2050-01-01 23:00:00,-4813.61
2050-01-02 00:00:00,-5483.77
2050-01-02 01:00:00,-3853.89
2050-01-02 02:00:00,-1388.64
2050-01-02 03:00:00,-2008.05
2050-01-02 04:00:00,-2079.49
2050-01-02 05:00:00,-1474.01
2050-01-02 06:00:00,-991.88
2050-01-02 07:00:00,-671.02
2050-01-02 08:00:00,-462.68
2050-01-02 09:00:00,-1647.9
2050-01-02 10:00:00,-2148.86
2050-01-02 11:00:00,-1174.19
2050-01-02 12:00:00,-2331.32
2050-01-02 13:00:00,-2108.48
2050-01-02 14:00:00,-2007.82
2050-01-02 15:00:00,-2073.41
2050-01-02 16:00:00,-1321.36
2050-01-02 17:00:00,-1463.04
2050-01-02 18:00:00,-884.82
2050-01-02 19:00:00,-2653.2
2050-01-02 20:00:00,-2877.08
2050-01-02 21:00:00,-2207.24
2050-01-02 22:00:00,-793.14
2050-01-02 23:00:00,1012.02
2050-01-03 00:00:00,1203.69
2050-01-03 01:00:00,977.24
2050-01-03 02:00:00,-188.83
2050-01-03 03:00:00,-744.48
2050-01-03 04:00:00,-1142.24
2050-01-03 05:00:00,-1044.96
2050-01-03 06:00:00,-1763.17
2050-01-03 07:00:00,-1740.41
2050-01-03 08:00:00,-2338.68
2050-01-03 09:00:00,-2339.6
2050-01-03 10:00:00,-2346.0
2050-01-03 11:00:00,-3061.67
2050-01-03 12:00:00,-4661.71
2050-01-03 13:00:00,-4993.56
2050-01-03 14:00:00,-5062.45
2050-01-03 15:00:00,-5249.24
2050-01-03 16:00:00,-2910.19
2050-01-03 17:00:00,-3446.12
2050-01-03 18:00:00,-2522.72
2050-01-03 19:00:00,-3196.11
2050-01-03 20:00:00,-3125.64
2050-01-03 21:00:00,-1111.87
2050-01-03 22:00:00,-1285.06
2050-01-03 23:00:00,-2443.15
2050-01-04 00:00:00,-1512.97
2050-01-04 01:00:00,-2894.74
2050-01-04 02:00:00,-2559.1
2050-01-04 03:00:00,-3095.91
2050-01-04 04:00:00,-4872.7
2050-01-04 05:00:00,-5699.13
2050-01-04 06:00:00,-4850.67
2050-01-04 07:00:00,-3841.9
2050-01-04 08:00:00,-3938.88
2050-01-04 09:00:00,-3831.35
2050-01-04 10:00:00,-4396.85
2050-01-04 11:00:00,-5563.59
2050-01-04 12:00:00,-6333.94
2050-01-04 13:00:00,-3699.03
2050-01-04 14:00:00,-5497.07
2050-01-04 15:00:00,-7332.19
2050-01-04 16:00:00,-6963.72
2050-01-04 17:00:00,-5803.31
2050-01-04 18:00:00,-6292.19
2050-01-04 19:00:00,-5940.1
2050-01-04 20:00:00,-5786.89
2050-01-04 21:00:00,-5817.26
2050-01-04 22:00:00,-5999.72
2050-01-04 23:00:00,-6251.42
2050-01-05 00:00:00,-6544.95
2050-01-05 01:00:00,-6667.88
2050-01-05 02:00:00,-6858.27
2050-01-05 03:00:00,-6949.28
2050-01-05 04:00:00,-6998.16
2050-01-05 05:00:00,-6977.3
2050-01-05 06:00:00,-6844.9
2050-01-05 07:00:00,-6735.48
2050-01-05 08:00:00,-6713.49
2050-01-05 09:00:00,-6781.23
2050-01-05 10:00:00,-6933.12
2050-01-05 11:00:00,-7062.79
2050-01-05 12:00:00,-7094.82
2050-01-05 13:00:00,-6727.55
2050-01-05 14:00:00,-6277.24
2050-01-05 15:00:00,-6828.66
2050-01-05 16:00:00,-6645.48
2050-01-05 17:00:00,-4382.37
2050-01-05 18:00:00,-4678.84
2050-01-05 19:00:00,-5164.63
2050-01-05 20:00:00,-4321.63
2050-01-05 21:00:00,-4024.06
2050-01-05 22:00:00,-3124.09
2050-01-05 23:00:00,-1038.49
2050-01-06 00:00:00,-888.0
2050-01-06 01:00:00,-1424.46
2050-01-06 02:00:00,-570.06
2050-01-06 03:00:00,423.71
2050-01-06 04:00:00,475.43
2050-01-06 05:00:00,-32.77
2050-01-06 06:00:00,127.22
2050-01-06 07:00:00,-911.44
2050-01-06 08:00:00,-1918.85
2050-01-06 09:00:00,-2656.77
2050-01-06 10:00:00,-1747.75
2050-01-06 11:00:00,-1659.78
2050-01-06 12:00:00,-1127.57
2050-01-06 13:00:00,-1161.63
2050-01-06 14:00:00,-431.47
2050-01-06 15:00:00,-982.11
2050-01-06 16:00:00,-2072.89
2050-01-06 17:00:00,-1627.63
2050-01-06 18:00:00,-1061.22
2050-01-06 19:00:00,-1358.62
2050-01-06 20:00:00,-1310.95
2050-01-06 21:00:00,-3233.97
2050-01-06 22:00:00,-1963.03
2050-01-06 23:00:00,-2570.5
2050-01-07 00:00:00,-2912.9
2050-01-07 01:00:00,-3625.34
2050-01-07 02:00:00,-3868.69
2050-01-07 03:00:00,-3489.12
2050-01-07 04:00:00,-3247.09
2050-01-07 05:00:00,-2779.71
2050-01-07 06:00:00,-1509.96
2050-01-07 07:00:00,-3384.67
2050-01-07 08:00:00,-3239.26
2050-01-07 09:00:00,-2301.82
2050-01-07 10:00:00,-2005.66
2050-01-07 11:00:00,-904.16
2050-01-07 12:00:00,-835.19
2050-01-07 13:00:00,-1115.92
2050-01-07 14:00:00,-2858.58
2050-01-07 15:00:00,-2602.66
2050-01-07 16:00:00,-2485.63
2050-01-07 17:00:00,-3449.53
2050-01-07 18:00:00,-3689.67
2050-01-07 19:00:00,-3523.55
2050-01-07 20:00:00,-4278.77
2050-01-07 21:00:00,-4301.83
2050-01-07 22:00:00,-3698.78
2050-01-07 23:00:00,-4406.27
2050-01-08 00:00:00,-5003.74
2050-01-08 01:00:00,-3703.78
2050-01-08 02:00:00,-5315.47
2050-01-08 03:00:00,-5773.81
2050-01-08 04:00:00,-6475.16
2050-01-08 05:00:00,-5906.6
2050-01-08 06:00:00,-5508.68
2050-01-08 07:00:00,-5483.08
2050-01-08 08:00:00,-5052.09
2050-01-08 09:00:00,-3126.76
2050-01-08 10:00:00,-2294.18
2050-01-08 11:00:00,-2801.98
2050-01-08 12:00:00,-1676.16
2050-01-08 13:00:00,-1471.95
2050-01-08 14:00:00,-1266.85
2050-01-08 15:00:00,-745.2
2050-01-08 16:00:00,-1096.01
2050-01-08 17:00:00,-1683.23
2050-01-08 18:00:00,-232.58
2050-01-08 19:00:00,-1046.13
2050-01-08 20:00:00,-1090.44
2050-01-08 21:00:00,-1195.11
2050-01-08 22:00:00,-2017.73
2050-01-08 23:00:00,-3112.44
2050-01-09 00:00:00,-4333.62
2050-01-09 01:00:00,-6160.32
2050-01-09 02:00:00,-4783.38
2050-01-09 03:00:00,-5977.37
2050-01-09 04:00:00,-5288.34
2050-01-09 05:00:00,-6081.64
2050-01-09 06:00:00,-5687.05
2050-01-09 07:00:00,-5267.4
2050-01-09 08:00:00,-4248.06
2050-01-09 09:00:00,-4414.58
2050-01-09 10:00:00,-4900.1
2050-01-09 11:00:00,-2761.77
2050-01-09 12:00:00,-3171.94
2050-01-09 13:00:00,-2879.62
2050-01-09 14:00:00,-3448.51
2050-01-09 15:00:00,-4227.55
2050-01-09 16:00:00,-3667.84
2050-01-09 17:00:00,-2890.67
2050-01-09 18:00:00,-3404.77
2050-01-09 19:00:00,-4222.15
2050-01-09 20:00:00,-4312.24
2050-01-09 21:00:00,-3637.95
2050-01-09 22:00:00,-4261.71
2050-01-09 23:00:00,-3919.02
2050-01-10 00:00:00,-4652.52
2050-01-10 01:00:00,-4354.74
2050-01-10 02:00:00,-4898.01
2050-01-10 03:00:00,-4325.76
2050-01-10 04:00:00,-5369.87
2050-01-10 05:00:00,-4540.24
2050-01-10 06:00:00,-4963.08
2050-01-10 07:00:00,-5204.17
2050-01-10 08:00:00,-5257.45
2050-01-10 09:00:00,-4882.55
2050-01-10 10:00:00,-3218.05
2050-01-10 11:00:00,-3267.02
2050-01-10 12:00:00,-2846.96
2050-01-10 13:00:00,-2986.82
2050-01-10 14:00:00,-4142.33
2050-01-10 15:00:00,-4148.26
2050-01-10 16:00:00,-2952.53
2050-01-10 17:00:00,-3168.35
2050-01-10 18:00:00,-3199.83
2050-01-10 19:00:00,-2614.4
2050-01-10 20:00:00,-3083.34
2050-01-10 21:00:00,-4204.59
2050-01-10 22:00:00,-5205.11
2050-01-10 23:00:00,-5525.7
2050-01-11 00:00:00,-6088.19
2050-01-11 01:00:00,-6264.63
2050-01-11 02:00:00,-6403.86
2050-01-11 03:00:00,-6582.16
2050-01-11 04:00:00,-6625.18
2050-01-11 05:00:00,-6571.36
2050-01-11 06:00:00,-6184.9
2050-01-11 07:00:00,-5759.86
2050-01-11 08:00:00,-4723.63
2050-01-11 09:00:00,-2349.22
2050-01-11 10:00:00,-1853.99
2050-01-11 11:00:00,-969.91
2050-01-11 12:00:00,-838.92
2050-01-11 13:00:00,-1476.37
2050-01-11 14:00:00,-1424.03
2050-01-11 15:00:00,-1017.97
2050-01-11 16:00:00,343.51
2050-01-11 17:00:00,-171.72
2050-01-11 18:00:00,-617.11
2050-01-11 19:00:00,-508.44
2050-01-11 20:00:00,-353.86
2050-01-11 21:00:00,-736.73
2050-01-11 22:00:00,-839.22
2050-01-11 23:00:00,-1429.98
2050-01-12 00:00:00,-2691.92
2050-01-12 01:00:00,-3206.89
2050-01-12 02:00:00,-5105.18
2050-01-12 03:00:00,-4714.11
2050-01-12 04:00:00,-6343.37
2050-01-12 05:00:00,-6344.66
2050-01-12 06:00:00,-6494.78
2050-01-12 07:00:00,-6378.4
2050-01-12 08:00:00,-6531.45
2050-01-12 09:00:00,-6368.12
2050-01-12 10:00:00,-6728.53
2050-01-12 11:00:00,-6793.59
2050-01-12 12:00:00,-6680.08
2050-01-12 13:00:00,-6919.9
2050-01-12 14:00:00,-6994.3
2050-01-12 15:00:00,-7161.69
2050-01-12 16:00:00,-6943.18
2050-01-12 17:00:00,-4155.62
2050-01-12 18:00:00,-3892.01
2050-01-12 19:00:00,-2628.81
2050-01-12 20:00:00,-3655.18
2050-01-12 21:00:00,-4375.58
2050-01-12 22:00:00,-5353.04
2050-01-12 23:00:00,-5498.63
2050-01-13 00:00:00,-5763.8
2050-01-13 01:00:00,-5714.95
2050-01-13 02:00:00,-5855.87
2050-01-13 03:00:00,-5922.36
2050-01-13 04:00:00,-5698.92
2050-01-13 05:00:00,-6064.62
2050-01-13 06:00:00,-5883.48
2050-01-13 07:00:00,-5922.96
2050-01-13 08:00:00,-5629.61
2050-01-13 09:00:00,-4634.34
2050-01-13 10:00:00,-5740.62
2050-01-13 11:00:00,-3142.2
2050-01-13 12:00:00,-2109.73
2050-01-13 13:00:00,-1718.38
2050-01-13 14:00:00,-1847.67
2050-01-13 15:00:00,-1860.42
2050-01-13 16:00:00,-1389.99
2050-01-13 17:00:00,-2133.6
2050-01-13 18:00:00,-1488.47
2050-01-13 19:00:00,-1956.02
2050-01-13 20:00:00,54.12
2050-01-13 21:00:00,250.38
2050-01-13 22:00:00,-429.91
2050-01-13 23:00:00,-1543.96
2050-01-14 00:00:00,-2569.19
2050-01-14 01:00:00,-1044.91
2050-01-14 02:00:00,-1998.26
2050-01-14 03:00:00,-1168.2
2050-01-14 04:00:00,-1661.9
2050-01-14 05:00:00,-1789.9
2050-01-14 06:00:00,-1917.07
2050-01-14 07:00:00,-1380.25
2050-01-14 08:00:00,-2223.68
2050-01-14 09:00:00,-2048.62
2050-01-14 10:00:00,-2899.11
2050-01-14 11:00:00,-1908.01
2050-01-14 12:00:00,-1365.86
2050-01-14 13:00:00,-1393.16
2050-01-14 14:00:00,-1131.09
2050-01-14 15:00:00,-1245.19
2050-01-14 16:00:00,-2096.01
2050-01-14 17:00:00,-1394.68
2050-01-14 18:00:00,432.27
2050-01-14 19:00:00,355.14
2050-01-14 20:00:00,589.36
2050-01-14 21:00:00,1061.47
2050-01-14 22:00:00,605.9
2050-01-14 23:00:00,-32.1
2050-01-15 00:00:00,-646.84
2050-01-15 01:00:00,-1774.54
2050-01-15 02:00:00,-3131.7
2050-01-15 03:00:00,-3035.02
2050-01-15 04:00:00,-3110.74
2050-01-15 05:00:00,-3098.38
2050-01-15 06:00:00,-2841.03
2050-01-15 07:00:00,-2145.49
2050-01-15 08:00:00,-3105.97
2050-01-15 09:00:00,-1768.59
2050-01-15 10:00:00,-2521.37
2050-01-15 11:00:00,-2764.47
2050-01-15 12:00:00,-3568.43
2050-01-15 13:00:00,-3406.3
2050-01-15 14:00:00,-3243.77
2050-01-15 15:00:00,-3037.63
2050-01-15 16:00:00,-2734.32
2050-01-15 17:00:00,-2849.9
2050-01-15 18:00:00,-2528.07
2050-01-15 19:00:00,164.28
2050-01-15 20:00:00,1160.01
2050-01-15 21:00:00,146.1
2050-01-15 22:00:00,382.25
2050-01-15 23:00:00,-190.59
2050-01-16 00:00:00,166.98
2050-01-16 01:00:00,-993.45
2050-01-16 02:00:00,464.62
2050-01-16 03:00:00,-177.8
2050-01-16 04:00:00,721.38
2050-01-16 05:00:00,-762.7
2050-01-16 06:00:00,-1387.13
2050-01-16 07:00:00,1418.57
2050-01-16 08:00:00,-413.16
2050-01-16 09:00:00,-2153.12
2050-01-16 10:00:00,-2499.58
2050-01-16 11:00:00,-3389.38
2050-01-16 12:00:00,-2923.36
2050-01-16 13:00:00,-3604.08
2050-01-16 14:00:00,-3633.3
2050-01-16 15:00:00,-4512.76
2050-01-16 16:00:00,-6214.73
2050-01-16 17:00:00,-7072.82
2050-01-16 18:00:00,-6933.69
2050-01-16 19:00:00,-6692.88
2050-01-16 20:00:00,-6469.8
2050-01-16 21:00:00,-6490.83
2050-01-16 22:00:00,-6621.21
2050-01-16 23:00:00,-6872.77
2050-01-17 00:00:00,-7142.93
2050-01-17 01:00:00,-7242.86
2050-01-17 02:00:00,-7421.89
2050-01-17 03:00:00,-7415.8
2050-01-17 04:00:00,-7549.45
2050-01-17 05:00:00,-5081.16
2050-01-17 06:00:00,-3311.0
2050-01-17 07:00:00,-3707.56
2050-01-17 08:00:00,-4855.04
2050-01-17 09:00:00,-1642.69
2050-01-17 10:00:00,-1950.14
2050-01-17 11:00:00,-1767.88
2050-01-17 12:00:00,-1306.87
2050-01-17 13:00:00,-1174.97
2050-01-17 14:00:00,-1199.84
2050-01-17 15:00:00,-1854.27
2050-01-17 16:00:00,-2258.39
2050-01-17 17:00:00,-1812.16
2050-01-17 18:00:00,-2330.43
2050-01-17 19:00:00,-3558.69
2050-01-17 20:00:00,-1465.78
2050-01-17 21:00:00,-2637.53
2050-01-17 22:00:00,-3363.06
2050-01-17 23:00:00,-3544.32
2050-01-18 00:00:00,-4606.81
2050-01-18 01:00:00,-3043.15
2050-01-18 02:00:00,-4604.81
2050-01-18 03:00:00,-5833.33
2050-01-18 04:00:00,-5604.87
2050-01-18 05:00:00,-7579.61
2050-01-18 06:00:00,-7191.59
2050-01-18 07:00:00,-5553.43
2050-01-18 08:00:00,-6131.96
2050-01-18 09:00:00,-4950.69
2050-01-18 10:00:00,-3783.26
2050-01-18 11:00:00,-4899.72
2050-01-18 12:00:00,-6525.7
2050-01-18 13:00:00,-5792.78
2050-01-18 14:00:00,-6539.48
2050-01-18 15:00:00,-3820.92
2050-01-18 16:00:00,-3572.09
2050-01-18 17:00:00,-7101.0
2050-01-18 18:00:00,-6812.19
2050-01-18 19:00:00,-6586.46
2050-01-18 20:00:00,-4554.78
2050-01-18 21:00:00,-4157.66
2050-01-18 22:00:00,-6215.32
2050-01-18 23:00:00,-5586.85
2050-01-19 00:00:00,-5285.08
2050-01-19 01:00:00,-6042.09
2050-01-19 02:00:00,-4816.66
2050-01-19 03:00:00,-4278.97
2050-01-19 04:00:00,-4210.95
2050-01-19 05:00:00,-4558.41
2050-01-19 06:00:00,-4132.04
2050-01-19 07:00:00,-4048.86
2050-01-19 08:00:00,-4660.95
2050-01-19 09:00:00,-4967.93
2050-01-19 10:00:00,-6139.42
2050-01-19 11:00:00,-6783.04
2050-01-19 12:00:00,-6669.04
2050-01-19 13:00:00,-6525.29
2050-01-19 14:00:00,-7520.4
2050-01-19 15:00:00,-7904.86
2050-01-19 16:00:00,-7995.07
2050-01-19 17:00:00,-7578.63
2050-01-19 18:00:00,-7132.6
2050-01-19 19:00:00,-6779.46
2050-01-19 20:00:00,-6574.97
2050-01-19 21:00:00,-6526.22
2050-01-19 22:00:00,-6709.57
2050-01-19 23:00:00,-6908.55
2050-01-20 00:00:00,-7020.89
2050-01-20 01:00:00,-5499.91
2050-01-20 02:00:00,-5897.97
2050-01-20 03:00:00,-6101.34
2050-01-20 04:00:00,-4601.76
2050-01-20 05:00:00,-3153.15
2050-01-20 06:00:00,-1604.2
2050-01-20 07:00:00,-1656.35
2050-01-20 08:00:00,-1044.41
2050-01-20 09:00:00,-2650.39
2050-01-20 10:00:00,-3573.13
2050-01-20 11:00:00,-5812.09
2050-01-20 12:00:00,-4823.16
2050-01-20 13:00:00,-4922.65
2050-01-20 14:00:00,-6472.42
2050-01-20 15:00:00,-6892.91
2050-01-20 16:00:00,-5769.18
2050-01-20 17:00:00,-5651.56
2050-01-20 18:00:00,-5504.1
2050-01-20 19:00:00,-4657.16
2050-01-20 20:00:00,-3132.19
2050-01-20 21:00:00,-3822.13
2050-01-20 22:00:00,-3582.56
2050-01-20 23:00:00,-2843.07
2050-01-21 00:00:00,-3326.42
2050-01-21 01:00:00,-2887.03
2050-01-21 02:00:00,-2277.12
2050-01-21 03:00:00,-1907.65
2050-01-21 04:00:00,-1060.96
2050-01-21 05:00:00,-1890.99
2050-01-21 06:00:00,-2765.56
2050-01-21 07:00:00,-2405.98
2050-01-21 08:00:00,-923.82
2050-01-21 09:00:00,-983.76
2050-01-21 10:00:00,-1422.08
2050-01-21 11:00:00,-1723.22
2050-01-21 12:00:00,-2834.95
2050-01-21 13:00:00,-1979.87
2050-01-21 14:00:00,-1459.18
2050-01-21 15:00:00,-320.08
2050-01-21 16:00:00,-279.72
2050-01-21 17:00:00,-927.13
2050-01-21 18:00:00,686.8
2050-01-21 19:00:00,1124.22
2050-01-21 20:00:00,988.3
2050-01-21 21:00:00,1864.08
2050-01-21 22:00:00,782.61
2050-01-21 23:00:00,618.95
2050-01-22 00:00:00,-79.65
2050-01-22 01:00:00,-49.01
2050-01-22 02:00:00,-72.23
2050-01-22 03:00:00,145.23
2050-01-22 04:00:00,816.62
2050-01-22 05:00:00,-242.98
2050-01-22 06:00:00,841.38
2050-01-22 07:00:00,1005.37
2050-01-22 08:00:00,1697.99
2050-01-22 09:00:00,1080.21
2050-01-22 10:00:00,2164.51
2050-01-22 11:00:00,2057.51
2050-01-22 12:00:00,1890.57
2050-01-22 13:00:00,2220.38
2050-01-22 14:00:00,2307.14
2050-01-22 15:00:00,2365.09
2050-01-22 16:00:00,2479.43
2050-01-22 17:00:00,2355.2
2050-01-22 18:00:00,2499.46
2050-01-22 19:00:00,2921.08
2050-01-22 20:00:00,3148.23
2050-01-22 21:00:00,1486.81
2050-01-22 22:00:00,613.46
2050-01-22 23:00:00,7.57
2050-01-23 00:00:00,-1367.18
2050-01-23 01:00:00,-3138.85
2050-01-23 02:00:00,-4685.34
2050-01-23 03:00:00,-5478.02
2050-01-23 04:00:00,-7122.76
2050-01-23 05:00:00,-7161.74
2050-01-23 06:00:00,-6976.47
2050-01-23 07:00:00,-6813.53
2050-01-23 08:00:00,-6778.66
2050-01-23 09:00:00,-6906.0
2050-01-23 10:00:00,-7081.51
2050-01-23 11:00:00,-7260.91
2050-01-23 12:00:00,-7401.94
2050-01-23 13:00:00,-7583.62
2050-01-23 14:00:00,-7758.9
2050-01-23 15:00:00,-7854.55
2050-01-23 16:00:00,-7590.84
2050-01-23 17:00:00,-7186.1
2050-01-23 18:00:00,-6713.75
2050-01-23 19:00:00,-6343.08
2050-01-23 20:00:00,-6161.8
2050-01-23 21:00:00,-6190.76
2050-01-23 22:00:00,-6352.92
2050-01-23 23:00:00,-6564.83
2050-01-24 00:00:00,-6826.89
2050-01-24 01:00:00,-6921.3
2050-01-24 02:00:00,-6981.94
2050-01-24 03:00:00,-7102.8
2050-01-24 04:00:00,-7329.66
2050-01-24 05:00:00,-7395.77
2050-01-24 06:00:00,-7361.69
2050-01-24 07:00:00,-7353.94
2050-01-24 08:00:00,-7376.35
2050-01-24 09:00:00,-7388.74
2050-01-24 10:00:00,-7495.89
2050-01-24 11:00:00,-7674.37
2050-01-24 12:00:00,-7852.86
2050-01-24 13:00:00,-8113.99
2050-01-24 14:00:00,-7500.75
2050-01-24 15:00:00,-7797.67
2050-01-24 16:00:00,-7824.25
2050-01-24 17:00:00,-7332.86
2050-01-24 18:00:00,-6794.99
2050-01-24 19:00:00,-6550.47
2050-01-24 20:00:00,-6583.89
2050-01-24 21:00:00,-6902.81
2050-01-24 22:00:00,-7155.04
2050-01-24 23:00:00,-7095.02
2050-01-25 00:00:00,-7349.22
2050-01-25 01:00:00,-5871.51
2050-01-25 02:00:00,-6078.64
2050-01-25 03:00:00,-6794.96
2050-01-25 04:00:00,-6526.91
2050-01-25 05:00:00,-5361.17
2050-01-25 06:00:00,-3754.41
2050-01-25 07:00:00,-4829.72
2050-01-25 08:00:00,-4518.19
2050-01-25 09:00:00,-3392.78
2050-01-25 10:00:00,-2984.91
2050-01-25 11:00:00,-2945.01
2050-01-25 12:00:00,-2061.17
2050-01-25 13:00:00,-3080.92
2050-01-25 14:00:00,-4647.85
2050-01-25 15:00:00,-3511.04
2050-01-25 16:00:00,-2662.47
2050-01-25 17:00:00,-2685.63
2050-01-25 18:00:00,-2394.89
2050-01-25 19:00:00,-3507.01
2050-01-25 20:00:00,-4428.24
2050-01-25 21:00:00,-5691.68
2050-01-25 22:00:00,-5923.96
2050-01-25 23:00:00,-4505.01
2050-01-26 00:00:00,-4159.18
2050-01-26 01:00:00,-3798.04
2050-01-26 02:00:00,-2811.21
2050-01-26 03:00:00,-3874.53
2050-01-26 04:00:00,-5413.8
2050-01-26 05:00:00,-3717.04
2050-01-26 06:00:00,-2766.29
2050-01-26 07:00:00,-2709.43
2050-01-26 08:00:00,-3044.47
2050-01-26 09:00:00,-3642.43
2050-01-26 10:00:00,-2914.63
2050-01-26 11:00:00,-2169.07
2050-01-26 12:00:00,-3381.54
2050-01-26 13:00:00,-3851.6
2050-01-26 14:00:00,-4497.72
2050-01-26 15:00:00,-5474.59
2050-01-26 16:00:00,-6486.57
2050-01-26 17:00:00,-5865.57
2050-01-26 18:00:00,-6325.19
2050-01-26 19:00:00,-5992.99
2050-01-26 20:00:00,-5481.22
2050-01-26 21:00:00,-5347.88
2050-01-26 22:00:00,-5430.18
2050-01-26 23:00:00,-5373.71
2050-01-27 00:00:00,-4099.15
2050-01-27 01:00:00,-4318.04
2050-01-27 02:00:00,-4778.16
2050-01-27 03:00:00,-4154.65
2050-01-27 04:00:00,-5568.44
2050-01-27 05:00:00,-6109.05
2050-01-27 06:00:00,-4059.63
2050-01-27 07:00:00,-4795.25
2050-01-27 08:00:00,-5027.03
2050-01-27 09:00:00,-5598.9
2050-01-27 10:00:00,-6042.86
2050-01-27 11:00:00,-6046.53
2050-01-27 12:00:00,-5882.63
2050-01-27 13:00:00,-5184.4
2050-01-27 14:00:00,-6574.82
2050-01-27 15:00:00,-7209.6
2050-01-27 16:00:00,-7302.88
2050-01-27 17:00:00,-6671.78
2050-01-27 18:00:00,-5995.34
2050-01-27 19:00:00,-5659.25
2050-01-27 20:00:00,-4320.92
2050-01-27 21:00:00,-4949.51
2050-01-27 22:00:00,-5373.97
2050-01-27 23:00:00,-4815.49
2050-01-28 00:00:00,-5200.49
2050-01-28 01:00:00,-3672.85
2050-01-28 02:00:00,-4090.95
2050-01-28 03:00:00,-3705.38
2050-01-28 04:00:00,-3529.9
2050-01-28 05:00:00,-4673.66
2050-01-28 06:00:00,-4862.1
2050-01-28 07:00:00,-3828.68
2050-01-28 08:00:00,-2950.24
2050-01-28 09:00:00,-2756.61
2050-01-28 10:00:00,-2005.82
2050-01-28 11:00:00,-650.8
2050-01-28 12:00:00,-1084.06
2050-01-28 13:00:00,-656.9
2050-01-28 14:00:00,736.08
2050-01-28 15:00:00,655.18
2050-01-28 16:00:00,421.64
2050-01-28 17:00:00,216.55
2050-01-28 18:00:00,124.45
2050-01-28 19:00:00,629.15
2050-01-28 20:00:00,717.77
2050-01-28 21:00:00,296.56
2050-01-28 22:00:00,3.31
2050-01-28 23:00:00,61.05
2050-01-29 00:00:00,-734.55
2050-01-29 01:00:00,-979.21
2050-01-29 02:00:00,-1412.91
2050-01-29 03:00:00,-2479.33
2050-01-29 04:00:00,-1839.89
2050-01-29 05:00:00,-4642.05
2050-01-29 06:00:00,-4395.79
2050-01-29 07:00:00,-4708.87
2050-01-29 08:00:00,-4422.16
2050-01-29 09:00:00,-3584.77
2050-01-29 10:00:00,-4767.53
2050-01-29 11:00:00,-5050.25
2050-01-29 12:00:00,-5938.12
2050-01-29 13:00:00,-6288.52
2050-01-29 14:00:00,-6537.82
2050-01-29 15:00:00,-6603.6
2050-01-29 16:00:00,-6478.36
2050-01-29 17:00:00,-5993.27
2050-01-29 18:00:00,-5507.56
2050-01-29 19:00:00,-5077.19
2050-01-29 20:00:00,-4778.31
2050-01-29 21:00:00,-4943.79
2050-01-29 22:00:00,-4810.0
2050-01-29 23:00:00,-4300.3
2050-01-30 00:00:00,-4076.86
2050-01-30 01:00:00,-4722.26
2050-01-30 02:00:00,-5366.26
2050-01-30 03:00:00,-3732.4
2050-01-30 04:00:00,-2705.47
2050-01-30 05:00:00,-2091.34
2050-01-30 06:00:00,-650.45
2050-01-30 07:00:00,337.32
2050-01-30 08:00:00,447.11
2050-01-30 09:00:00,998.57
2050-01-30 10:00:00,2406.47
2050-01-30 11:00:00,2751.35
2050-01-30 12:00:00,2750.18
2050-01-30 13:00:00,1254.57
2050-01-30 14:00:00,-602.99
2050-01-30 15:00:00,-845.28
2050-01-30 16:00:00,-2239.55
2050-01-30 17:00:00,-4465.36
2050-01-30 18:00:00,-5440.94
2050-01-30 19:00:00,-5150.31
2050-01-30 20:00:00,-5017.6
2050-01-30 21:00:00,-5011.44
2050-01-30 22:00:00,-4908.91
2050-01-30 23:00:00,-4020.09
2050-01-31 00:00:00,-3043.79
2050-01-31 01:00:00,-2579.42
2050-01-31 02:00:00,-1689.62
2050-01-31 03:00:00,-201.95
2050-01-31 04:00:00,-594.76
2050-01-31 05:00:00,-725.35
2050-01-31 06:00:00,-1010.33
2050-01-31 07:00:00,-1224.14
2050-01-31 08:00:00,-184.16
2050-01-31 09:00:00,-133.43
2050-01-31 10:00:00,1678.31
2050-01-31 11:00:00,2100.0
2050-01-31 12:00:00,2235.84
2050-01-31 13:00:00,1803.39
2050-01-31 14:00:00,1899.49
2050-01-31 15:00:00,1477.51
2050-01-31 16:00:00,1858.74
2050-01-31 17:00:00,1460.77
2050-01-31 18:00:00,501.63
2050-01-31 19:00:00,-66.14
2050-01-31 20:00:00,-772.57
2050-01-31 21:00:00,-2508.64
2050-01-31 22:00:00,-1126.14
2050-01-31 23:00:00,-1221.89
2050-02-01 00:00:00,-2384.71
2050-02-01 01:00:00,-3394.12
2050-02-01 02:00:00,-3960.44
2050-02-01 03:00:00,-4180.05
2050-02-01 04:00:00,-5494.12
2050-02-01 05:00:00,-5515.8
2050-02-01 06:00:00,-5380.7
2050-02-01 07:00:00,-5118.26
2050-02-01 08:00:00,-5023.31
2050-02-01 09:00:00,-3980.41
2050-02-01 10:00:00,-2992.27
2050-02-01 11:00:00,-2624.01
2050-02-01 12:00:00,-1546.8
2050-02-01 13:00:00,-2134.4
2050-02-01 14:00:00,-915.63
2050-02-01 15:00:00,-780.23
2050-02-01 16:00:00,-1798.59
2050-02-01 17:00:00,-800.85
2050-02-01 18:00:00,500.28
2050-02-01 19:00:00,-433.97
2050-02-01 20:00:00,1306.07
2050-02-01 21:00:00,3125.07
2050-02-01 22:00:00,889.3
2050-02-01 23:00:00,-183.73
2050-02-02 00:00:00,-1291.98
2050-02-02 01:00:00,-1483.67
2050-02-02 02:00:00,-2507.33
2050-02-02 03:00:00,-1384.35
2050-02-02 04:00:00,-397.87
2050-02-02 05:00:00,640.89
2050-02-02 06:00:00,-800.9
2050-02-02 07:00:00,-1885.84
2050-02-02 08:00:00,-1392.95
2050-02-02 09:00:00,-2706.64
2050-02-02 10:00:00,-3592.89
2050-02-02 11:00:00,-1060.1
2050-02-02 12:00:00,-376.01
2050-02-02 13:00:00,-225.38
2050-02-02 14:00:00,-620.38
2050-02-02 15:00:00,-1593.85
2050-02-02 16:00:00,-2918.05
2050-02-02 17:00:00,-3697.74
2050-02-02 18:00:00,-3732.87
2050-02-02 19:00:00,-4812.25
2050-02-02 20:00:00,-3658.36
2050-02-02 21:00:00,-4296.76
2050-02-02 22:00:00,-3875.46
2050-02-02 23:00:00,-3313.14
2050-02-03 00:00:00,-3785.79
2050-02-03 01:00:00,-5750.75
2050-02-03 02:00:00,-6144.08
2050-02-03 03:00:00,-6294.02
2050-02-03 04:00:00,-5426.82
2050-02-03 05:00:00,-5089.64
2050-02-03 06:00:00,-4115.13
2050-02-03 07:00:00,-3057.89
2050-02-03 08:00:00,-2793.57
2050-02-03 09:00:00,-2573.65
2050-02-03 10:00:00,-2488.32
2050-02-03 11:00:00,-2332.61
2050-02-03 12:00:00,-2807.48
2050-02-03 13:00:00,-3170.41
2050-02-03 14:00:00,-3023.64
2050-02-03 15:00:00,-4168.21
2050-02-03 16:00:00,-5323.15
2050-02-03 17:00:00,-6036.12
2050-02-03 18:00:00,-5138.55
2050-02-03 19:00:00,-4943.02
2050-02-03 20:00:00,-5250.56
2050-02-03 21:00:00,-5990.23
2050-02-03 22:00:00,-6146.79
2050-02-03 23:00:00,-6366.8
2050-02-04 00:00:00,-6346.17
2050-02-04 01:00:00,-6150.95
2050-02-04 02:00:00,-6324.4
2050-02-04 03:00:00,-6854.17
2050-02-04 04:00:00,-6403.78
2050-02-04 05:00:00,-6091.96
2050-02-04 06:00:00,-6299.2
2050-02-04 07:00:00,-5273.54
2050-02-04 08:00:00,-3612.65
2050-02-04 09:00:00,-4116.75
2050-02-04 10:00:00,-3797.35
2050-02-04 11:00:00,108.2
2050-02-04 12:00:00,-233.81
2050-02-04 13:00:00,169.44
2050-02-04 14:00:00,-262.18
2050-02-04 15:00:00,-1678.26
2050-02-04 16:00:00,-1906.28
2050-02-04 17:00:00,-1664.21
2050-02-04 18:00:00,-328.85
2050-02-04 19:00:00,-152.43
2050-02-04 20:00:00,273.88
2050-02-04 21:00:00,-1413.38
2050-02-04 22:00:00,-1771.54
2050-02-04 23:00:00,-2814.23
2050-02-05 00:00:00,-3143.82
2050-02-05 01:00:00,-3697.24
2050-02-05 02:00:00,-4857.61
2050-02-05 03:00:00,-5310.92
2050-02-05 04:00:00,-4694.0
2050-02-05 05:00:00,-5764.16
2050-02-05 06:00:00,-5843.49
2050-02-05 07:00:00,-6679.99
2050-02-05 08:00:00,-6758.13
2050-02-05 09:00:00,-6797.73
2050-02-05 10:00:00,-6882.46
2050-02-05 11:00:00,-6986.27
2050-02-05 12:00:00,-6891.76
2050-02-05 13:00:00,-6643.19
2050-02-05 14:00:00,-6735.79
2050-02-05 15:00:00,-5725.84
2050-02-05 16:00:00,-3978.32
2050-02-05 17:00:00,-4164.57
2050-02-05 18:00:00,-3381.61
2050-02-05 19:00:00,-4901.14
2050-02-05 20:00:00,-5442.25
2050-02-05 21:00:00,-5127.17
2050-02-05 22:00:00,-4999.72
2050-02-05 23:00:00,-5231.78
2050-02-06 00:00:00,-3844.87
2050-02-06 01:00:00,-2426.78
2050-02-06 02:00:00,-1872.54
2050-02-06 03:00:00,418.91
2050-02-06 04:00:00,-243.48
2050-02-06 05:00:00,803.13
2050-02-06 06:00:00,1712.69
2050-02-06 07:00:00,3204.38
2050-02-06 08:00:00,3415.78
2050-02-06 09:00:00,3719.93
2050-02-06 10:00:00,3975.57
2050-02-06 11:00:00,3902.8
2050-02-06 12:00:00,3172.51
2050-02-06 13:00:00,3867.59
2050-02-06 14:00:00,3487.54
2050-02-06 15:00:00,3176.35
2050-02-06 16:00:00,2448.77
2050-02-06 17:00:00,401.64
2050-02-06 18:00:00,831.81
2050-02-06 19:00:00,-288.53
2050-02-06 20:00:00,-20.51
2050-02-06 21:00:00,263.22
2050-02-06 22:00:00,-254.06
2050-02-06 23:00:00,328.74
2050-02-07 00:00:00,2310.28
2050-02-07 01:00:00,4215.44
2050-02-07 02:00:00,3070.36
2050-02-07 03:00:00,2395.45
2050-02-07 04:00:00,1723.68
2050-02-07 05:00:00,1106.02
2050-02-07 06:00:00,1784.16
2050-02-07 07:00:00,1886.54
2050-02-07 08:00:00,2104.33
2050-02-07 09:00:00,1803.4
2050-02-07 10:00:00,282.35
2050-02-07 11:00:00,-727.03
2050-02-07 12:00:00,-716.3
2050-02-07 13:00:00,-1521.12
2050-02-07 14:00:00,-123.39
2050-02-07 15:00:00,915.37
2050-02-07 16:00:00,-1094.57
2050-02-07 17:00:00,-2659.6
2050-02-07 18:00:00,-2402.59
2050-02-07 19:00:00,-1827.76
2050-02-07 20:00:00,-1715.31
2050-02-07 21:00:00,-1888.71
2050-02-07 22:00:00,-4822.25
2050-02-07 23:00:00,-5542.63
2050-02-08 00:00:00,-5849.3
2050-02-08 01:00:00,-5713.13
2050-02-08 02:00:00,-5134.89
2050-02-08 03:00:00,-5069.25
2050-02-08 04:00:00,-5885.68
2050-02-08 05:00:00,-4979.54
2050-02-08 06:00:00,-5129.0
2050-02-08 07:00:00,-4666.98
2050-02-08 08:00:00,-2922.29
2050-02-08 09:00:00,-3494.84
2050-02-08 10:00:00,-872.33
2050-02-08 11:00:00,-661.83
2050-02-08 12:00:00,-950.74
2050-02-08 13:00:00,-279.31
2050-02-08 14:00:00,21.66
2050-02-08 15:00:00,-555.49
2050-02-08 16:00:00,-581.53
2050-02-08 17:00:00,-1744.08
2050-02-08 18:00:00,-2493.77
2050-02-08 19:00:00,-1371.87
2050-02-08 20:00:00,-2071.83
2050-02-08 21:00:00,-2014.91
2050-02-08 22:00:00,-1449.15
2050-02-08 23:00:00,-637.25
2050-02-09 00:00:00,-92.77
2050-02-09 01:00:00,572.11
2050-02-09 02:00:00,829.76
2050-02-09 03:00:00,915.51
2050-02-09 04:00:00,-443.84
2050-02-09 05:00:00,-418.2
2050-02-09 06:00:00,568.65
2050-02-09 07:00:00,796.15
2050-02-09 08:00:00,188.96
2050-02-09 09:00:00,-670.16
2050-02-09 10:00:00,-2626.46
2050-02-09 11:00:00,-3098.35
2050-02-09 12:00:00,-4168.63
2050-02-09 13:00:00,-4421.84
2050-02-09 14:00:00,-3944.14
2050-02-09 15:00:00,-4626.65
2050-02-09 16:00:00,-5546.87
2050-02-09 17:00:00,-5940.88
2050-02-09 18:00:00,-4979.42
2050-02-09 19:00:00,-5458.21
2050-02-09 20:00:00,-5490.44
2050-02-09 21:00:00,-5821.38
2050-02-09 22:00:00,-6259.47
2050-02-09 23:00:00,-6383.67
2050-02-10 00:00:00,-5076.47
2050-02-10 01:00:00,-5809.25
2050-02-10 02:00:00,-6063.21
2050-02-10 03:00:00,-6687.43
2050-02-10 04:00:00,-6121.29
2050-02-10 05:00:00,-6285.27
2050-02-10 06:00:00,-6020.27
2050-02-10 07:00:00,-6373.76
2050-02-10 08:00:00,-6547.47
2050-02-10 09:00:00,-6655.7
2050-02-10 10:00:00,-4879.24
2050-02-10 11:00:00,-5806.98
2050-02-10 12:00:00,-6439.48
2050-02-10 13:00:00,-6381.97
2050-02-10 14:00:00,-5809.47
2050-02-10 15:00:00,-3607.84
2050-02-10 16:00:00,-3723.55
2050-02-10 17:00:00,-2330.02
2050-02-10 18:00:00,-1382.45
2050-02-10 19:00:00,-1023.58
2050-02-10 20:00:00,-1102.13
2050-02-10 21:00:00,-345.51
2050-02-10 22:00:00,-1626.37
2050-02-10 23:00:00,-275.32
2050-02-11 00:00:00,1603.95
2050-02-11 01:00:00,607.14
2050-02-11 02:00:00,-130.47
2050-02-11 03:00:00,500.72
2050-02-11 04:00:00,-799.32
2050-02-11 05:00:00,-1339.75
2050-02-11 06:00:00,-1111.87
2050-02-11 07:00:00,-2686.64
2050-02-11 08:00:00,-807.84
2050-02-11 09:00:00,242.43
2050-02-11 10:00:00,497.68
2050-02-11 11:00:00,1125.68
2050-02-11 12:00:00,-137.48
2050-02-11 13:00:00,-1101.16
2050-02-11 14:00:00,-2116.22
2050-02-11 15:00:00,-2325.69
2050-02-11 16:00:00,-1651.9
2050-02-11 17:00:00,-2740.2
2050-02-11 18:00:00,115.56
2050-02-11 19:00:00,-807.69
2050-02-11 20:00:00,540.14
2050-02-11 21:00:00,-524.83
2050-02-11 22:00:00,-673.48
2050-02-11 23:00:00,-3648.75
2050-02-12 00:00:00,-4020.31
2050-02-12 01:00:00,-4337.11
2050-02-12 02:00:00,-5308.81
2050-02-12 03:00:00,-5143.36
2050-02-12 04:00:00,-5270.1
2050-02-12 05:00:00,-4160.14
2050-02-12 06:00:00,-5212.38
2050-02-12 07:00:00,-3641.09
2050-02-12 08:00:00,-1743.14
2050-02-12 09:00:00,-735.81
2050-02-12 10:00:00,1871.18
2050-02-12 11:00:00,2237.55
2050-02-12 12:00:00,2110.08
2050-02-12 13:00:00,1846.1
2050-02-12 14:00:00,2038.19
2050-02-12 15:00:00,1174.08
2050-02-12 16:00:00,1117.54
2050-02-12 17:00:00,-225.43
2050-02-12 18:00:00,896.32
2050-02-12 19:00:00,-1308.39
2050-02-12 20:00:00,-1892.99
2050-02-12 21:00:00,-3824.74
2050-02-12 22:00:00,-4177.97
2050-02-12 23:00:00,-4455.58
2050-02-13 00:00:00,-3129.17
2050-02-13 01:00:00,-3216.34
2050-02-13 02:00:00,-5147.8
2050-02-13 03:00:00,-5335.99
2050-02-13 04:00:00,-6902.43
2050-02-13 05:00:00,-6947.46
2050-02-13 06:00:00,-6751.43
2050-02-13 07:00:00,-6687.8
2050-02-13 08:00:00,-6660.29
2050-02-13 09:00:00,-6692.83
2050-02-13 10:00:00,-6788.95
2050-02-13 11:00:00,-6888.4
2050-02-13 12:00:00,-5644.2
2050-02-13 13:00:00,-6137.64
2050-02-13 14:00:00,-5358.91
2050-02-13 15:00:00,-5068.91
2050-02-13 16:00:00,-3560.32
2050-02-13 17:00:00,-4580.39
2050-02-13 18:00:00,-5704.99
2050-02-13 19:00:00,-5686.42
2050-02-13 20:00:00,-5528.7
2050-02-13 21:00:00,-5571.58
2050-02-13 22:00:00,-5662.95
2050-02-13 23:00:00,-5991.88
2050-02-14 00:00:00,-6232.44
2050-02-14 01:00:00,-5666.83
2050-02-14 02:00:00,-4554.64
2050-02-14 03:00:00,-5535.04
2050-02-14 04:00:00,-2144.46
2050-02-14 05:00:00,-2345.96
2050-02-14 06:00:00,-2768.82
2050-02-14 07:00:00,-2415.46
2050-02-14 08:00:00,-2570.87
2050-02-14 09:00:00,-2901.46
2050-02-14 10:00:00,-1544.5
2050-02-14 11:00:00,-2207.32
2050-02-14 12:00:00,-827.02
2050-02-14 13:00:00,-263.77
2050-02-14 14:00:00,-402.96
2050-02-14 15:00:00,-62.23
2050-02-14 16:00:00,845.56
2050-02-14 17:00:00,912.38
2050-02-14 18:00:00,134.35
2050-02-14 19:00:00,318.81
2050-02-14 20:00:00,1892.78
2050-02-14 21:00:00,2017.37
2050-02-14 22:00:00,1934.32
2050-02-14 23:00:00,937.95
2050-02-15 00:00:00,-830.1
2050-02-15 01:00:00,-1370.55
2050-02-15 02:00:00,-3554.24
2050-02-15 03:00:00,-4353.22
2050-02-15 04:00:00,-4911.04
2050-02-15 05:00:00,-4699.66
2050-02-15 06:00:00,-5231.99
2050-02-15 07:00:00,-5095.45
2050-02-15 08:00:00,-4852.82
2050-02-15 09:00:00,-4869.02
2050-02-15 10:00:00,-4234.27
2050-02-15 11:00:00,-3773.16
2050-02-15 12:00:00,-3743.57
2050-02-15 13:00:00,-3946.01
2050-02-15 14:00:00,-3808.7
2050-02-15 15:00:00,-4520.74
2050-02-15 16:00:00,-5660.14
2050-02-15 17:00:00,-6735.38
2050-02-15 18:00:00,-6487.24
2050-02-15 19:00:00,-6225.2
2050-02-15 20:00:00,-6051.49
2050-02-15 21:00:00,-5747.34
2050-02-15 22:00:00,-6303.68
2050-02-15 23:00:00,-6602.06
2050-02-16 00:00:00,-6921.95
2050-02-16 01:00:00,-7097.18
2050-02-16 02:00:00,-7311.12
2050-02-16 03:00:00,-7444.43
2050-02-16 04:00:00,-7518.43
2050-02-16 05:00:00,-7549.66
2050-02-16 06:00:00,-7462.8
2050-02-16 07:00:00,-7364.31
2050-02-16 08:00:00,-7285.74
2050-02-16 09:00:00,-7221.43
2050-02-16 10:00:00,-6051.89
2050-02-16 11:00:00,-6005.17
2050-02-16 12:00:00,-6794.17
2050-02-16 13:00:00,-5161.45
2050-02-16 14:00:00,-5172.45
2050-02-16 15:00:00,-6331.01
2050-02-16 16:00:00,-6376.4
2050-02-16 17:00:00,-3065.19
2050-02-16 18:00:00,-3958.67
2050-02-16 19:00:00,-5499.05
2050-02-16 20:00:00,-5145.37
2050-02-16 21:00:00,-5397.2
2050-02-16 22:00:00,-5631.05
2050-02-16 23:00:00,-5764.12
2050-02-17 00:00:00,-5970.38
2050-02-17 01:00:00,-6122.19
2050-02-17 02:00:00,-5451.98
2050-02-17 03:00:00,-4055.19
2050-02-17 04:00:00,-4547.86
2050-02-17 05:00:00,-3306.61
2050-02-17 06:00:00,-2840.34
2050-02-17 07:00:00,-3476.69
2050-02-17 08:00:00,-4053.94
2050-02-17 09:00:00,-3060.46
2050-02-17 10:00:00,-1985.91
2050-02-17 11:00:00,-1774.89
2050-02-17 12:00:00,-1822.85
2050-02-17 13:00:00,-1228.61
2050-02-17 14:00:00,21.33
2050-02-17 15:00:00,-324.71
2050-02-17 16:00:00,117.35
2050-02-17 17:00:00,251.81
2050-02-17 18:00:00,-103.76
2050-02-17 19:00:00,227.42
2050-02-17 20:00:00,39.21
2050-02-17 21:00:00,-952.17
2050-02-17 22:00:00,-97.02
2050-02-17 23:00:00,-6.83
2050-02-18 00:00:00,-943.04
2050-02-18 01:00:00,-481.7
2050-02-18 02:00:00,-3099.4
2050-02-18 03:00:00,-4556.31
2050-02-18 04:00:00,-6386.72
2050-02-18 05:00:00,-6065.37
2050-02-18 06:00:00,-5178.71
2050-02-18 07:00:00,-5958.31
2050-02-18 08:00:00,-3891.38
2050-02-18 09:00:00,-3457.68
2050-02-18 10:00:00,-3047.63
2050-02-18 11:00:00,-3027.32
2050-02-18 12:00:00,-4538.51
2050-02-18 13:00:00,-3752.67
2050-02-18 14:00:00,-3416.16
2050-02-18 15:00:00,-4197.87
2050-02-18 16:00:00,-4063.8
2050-02-18 17:00:00,-3529.81
2050-02-18 18:00:00,-3978.64
2050-02-18 19:00:00,-3436.3
2050-02-18 20:00:00,-2483.51
2050-02-18 21:00:00,-2587.07
2050-02-18 22:00:00,-3389.73
2050-02-18 23:00:00,-2624.62
2050-02-19 00:00:00,-1788.3
2050-02-19 01:00:00,-3748.59
2050-02-19 02:00:00,-4388.04
2050-02-19 03:00:00,-3667.94
2050-02-19 04:00:00,-2953.83
2050-02-19 05:00:00,-2132.41
2050-02-19 06:00:00,-1269.17
2050-02-19 07:00:00,-1430.39
2050-02-19 08:00:00,-1050.35
2050-02-19 09:00:00,-728.7
2050-02-19 10:00:00,-1116.86
2050-02-19 11:00:00,-2125.41
2050-02-19 12:00:00,-3216.68
2050-02-19 13:00:00,-2949.47
2050-02-19 14:00:00,-2989.77
2050-02-19 15:00:00,-4765.82
2050-02-19 16:00:00,-4662.76
2050-02-19 17:00:00,-6568.88
2050-02-19 18:00:00,-5999.21
2050-02-19 19:00:00,-5922.69
2050-02-19 20:00:00,-5688.98
2050-02-19 21:00:00,-5850.97
2050-02-19 22:00:00,-6084.26
2050-02-19 23:00:00,-6371.36
2050-02-20 00:00:00,-6550.28
2050-02-20 01:00:00,-6518.24
2050-02-20 02:00:00,-6645.06
2050-02-20 03:00:00,-6068.31
2050-02-20 04:00:00,-6531.04
2050-02-20 05:00:00,-6473.63
2050-02-20 06:00:00,-5918.12
2050-02-20 07:00:00,-4727.39
2050-02-20 08:00:00,-4255.93
2050-02-20 09:00:00,-2626.58
2050-02-20 10:00:00,-889.78
2050-02-20 11:00:00,-475.58
2050-02-20 12:00:00,-369.09
2050-02-20 13:00:00,-947.92
2050-02-20 14:00:00,-1467.48
2050-02-20 15:00:00,-2564.0
2050-02-20 16:00:00,-3910.71
2050-02-20 17:00:00,-4942.48
2050-02-20 18:00:00,-6080.61
2050-02-20 19:00:00,-6093.8
2050-02-20 20:00:00,-6039.08
2050-02-20 21:00:00,-6004.24
2050-02-20 22:00:00,-6240.84
2050-02-20 23:00:00,-6350.16
2050-02-21 00:00:00,-5724.55
2050-02-21 01:00:00,-6444.94
2050-02-21 02:00:00,-5804.78
2050-02-21 03:00:00,-5529.21
2050-02-21 04:00:00,-2985.42
2050-02-21 05:00:00,-3278.59
2050-02-21 06:00:00,-3530.96
2050-02-21 07:00:00,-3111.0
2050-02-21 08:00:00,-2600.49
2050-02-21 09:00:00,-1712.12
2050-02-21 10:00:00,-1327.27
2050-02-21 11:00:00,262.43
2050-02-21 12:00:00,1115.12
2050-02-21 13:00:00,1498.61
2050-02-21 14:00:00,2006.48
2050-02-21 15:00:00,2301.09
2050-02-21 16:00:00,1559.35
2050-02-21 17:00:00,1844.82
2050-02-21 18:00:00,1578.5
2050-02-21 19:00:00,1560.87
2050-02-21 20:00:00,900.11
2050-02-21 21:00:00,103.9
2050-02-21 22:00:00,-676.95
2050-02-21 23:00:00,-597.42
2050-02-22 00:00:00,-1288.61
2050-02-22 01:00:00,-2881.43
2050-02-22 02:00:00,-3505.39
2050-02-22 03:00:00,-2775.43
2050-02-22 04:00:00,-2011.44
2050-02-22 05:00:00,-1604.0
2050-02-22 06:00:00,-2312.39
2050-02-22 07:00:00,-3183.61
2050-02-22 08:00:00,-2712.28
2050-02-22 09:00:00,-1645.21
2050-02-22 10:00:00,-127.14
2050-02-22 11:00:00,592.26
2050-02-22 12:00:00,1228.82
2050-02-22 13:00:00,484.4
2050-02-22 14:00:00,151.0
2050-02-22 15:00:00,-169.13
2050-02-22 16:00:00,-2563.12
2050-02-22 17:00:00,-2232.86
2050-02-22 18:00:00,-2417.86
2050-02-22 19:00:00,-2082.33
2050-02-22 20:00:00,-3825.47
2050-02-22 21:00:00,-3894.63
2050-02-22 22:00:00,-2774.69
2050-02-22 23:00:00,-2493.09
2050-02-23 00:00:00,-5738.64
2050-02-23 01:00:00,-6022.41
2050-02-23 02:00:00,-6633.77
2050-02-23 03:00:00,-6247.31
2050-02-23 04:00:00,-5904.04
2050-02-23 05:00:00,-5642.43
2050-02-23 06:00:00,-4508.6
2050-02-23 07:00:00,-3788.12
2050-02-23 08:00:00,-3709.56
2050-02-23 09:00:00,-2973.21
2050-02-23 10:00:00,-2798.67
2050-02-23 11:00:00,-1627.04
2050-02-23 12:00:00,-1949.34
2050-02-23 13:00:00,-2248.12
2050-02-23 14:00:00,-1926.12
2050-02-23 15:00:00,-2622.25
2050-02-23 16:00:00,-4366.43
2050-02-23 17:00:00,-6894.81
2050-02-23 18:00:00,-6610.01
2050-02-23 19:00:00,-6349.29
2050-02-23 20:00:00,-6135.74
2050-02-23 21:00:00,-6077.31
2050-02-23 22:00:00,-6610.71
2050-02-23 23:00:00,-6843.89
2050-02-24 00:00:00,-7333.43
2050-02-24 01:00:00,-7363.37
2050-02-24 02:00:00,-6440.27
2050-02-24 03:00:00,-6721.02
2050-02-24 04:00:00,-4752.47
2050-02-24 05:00:00,-5989.35
2050-02-24 06:00:00,-5344.86
2050-02-24 07:00:00,-4523.65
2050-02-24 08:00:00,-4305.85
2050-02-24 09:00:00,-2900.75
2050-02-24 10:00:00,-665.51
2050-02-24 11:00:00,-2009.77
2050-02-24 12:00:00,-3980.6
2050-02-24 13:00:00,-3693.4
2050-02-24 14:00:00,-5673.26
2050-02-24 15:00:00,-7853.23
2050-02-24 16:00:00,-7742.74
2050-02-24 17:00:00,-7517.27
2050-02-24 18:00:00,-7031.65
2050-02-24 19:00:00,-6681.42
2050-02-24 20:00:00,-6491.97
2050-02-24 21:00:00,-6486.91
2050-02-24 22:00:00,-6661.0
2050-02-24 23:00:00,-6904.67
2050-02-25 00:00:00,-7209.04
2050-02-25 01:00:00,-7335.21
2050-02-25 02:00:00,-7562.32
2050-02-25 03:00:00,-7684.76
2050-02-25 04:00:00,-7762.63
2050-02-25 05:00:00,-7780.84
2050-02-25 06:00:00,-7680.5
2050-02-25 07:00:00,-7564.84
2050-02-25 08:00:00,-7436.8
2050-02-25 09:00:00,-7343.63
2050-02-25 10:00:00,-6820.56
2050-02-25 11:00:00,-5047.87
2050-02-25 12:00:00,-4294.37
2050-02-25 13:00:00,-3945.54
2050-02-25 14:00:00,-3983.54
2050-02-25 15:00:00,-5188.71
2050-02-25 16:00:00,-6790.48
2050-02-25 17:00:00,-6279.15
2050-02-25 18:00:00,-5700.75
2050-02-25 19:00:00,-4334.31
2050-02-25 20:00:00,-5430.56
2050-02-25 21:00:00,-4761.41
2050-02-25 22:00:00,-3861.62
2050-02-25 23:00:00,-2171.9
2050-02-26 00:00:00,-1593.22
2050-02-26 01:00:00,-939.75
2050-02-26 02:00:00,-971.98
2050-02-26 03:00:00,-1739.5
2050-02-26 04:00:00,-2333.64
2050-02-26 05:00:00,-3029.88
2050-02-26 06:00:00,-3540.44
2050-02-26 07:00:00,-2393.08
2050-02-26 08:00:00,-2117.87
2050-02-26 09:00:00,-1013.88
2050-02-26 10:00:00,-1632.02
2050-02-26 11:00:00,-1555.83
2050-02-26 12:00:00,-535.27
2050-02-26 13:00:00,-1395.4
2050-02-26 14:00:00,-1497.88
2050-02-26 15:00:00,348.94
2050-02-26 16:00:00,-67.51
2050-02-26 17:00:00,-540.19
2050-02-26 18:00:00,-627.18
2050-02-26 19:00:00,-1581.96
2050-02-26 20:00:00,-3558.87
2050-02-26 21:00:00,-2310.55
2050-02-26 22:00:00,-1755.61
2050-02-26 23:00:00,-2921.39
2050-02-27 00:00:00,-3311.43
2050-02-27 01:00:00,-4811.11
2050-02-27 02:00:00,-3682.54
2050-02-27 03:00:00,-1983.79
2050-02-27 04:00:00,-516.82
2050-02-27 05:00:00,-1101.96
2050-02-27 06:00:00,-1584.15
2050-02-27 07:00:00,-2389.74
2050-02-27 08:00:00,-3059.51
2050-02-27 09:00:00,-2643.82
2050-02-27 10:00:00,-2410.43
2050-02-27 11:00:00,-3062.3
2050-02-27 12:00:00,-3034.09
2050-02-27 13:00:00,-1347.83
2050-02-27 14:00:00,-2130.57
2050-02-27 15:00:00,-1562.27
2050-02-27 16:00:00,-2653.79
2050-02-27 17:00:00,-5097.16
2050-02-27 18:00:00,-5348.62
2050-02-27 19:00:00,-5634.05
2050-02-27 20:00:00,-5815.89
2050-02-27 21:00:00,-5818.83
2050-02-27 22:00:00,-5812.65
2050-02-27 23:00:00,-6352.42
2050-02-28 00:00:00,-6636.71
2050-02-28 01:00:00,-6589.48
2050-02-28 02:00:00,-5039.26
2050-02-28 03:00:00,-3342.35
2050-02-28 04:00:00,-4476.82
2050-02-28 05:00:00,-3383.97
2050-02-28 06:00:00,-3470.47
2050-02-28 07:00:00,-2193.12
2050-02-28 08:00:00,-3441.02
2050-02-28 09:00:00,-2760.81
2050-02-28 10:00:00,-3556.15
2050-02-28 11:00:00,-1623.95
2050-02-28 12:00:00,-463.87
2050-02-28 13:00:00,-1557.27
2050-02-28 14:00:00,-2863.71
2050-02-28 15:00:00,-2583.05
2050-02-28 16:00:00,-3350.73
2050-02-28 17:00:00,-4134.42
2050-02-28 18:00:00,-2713.9
2050-02-28 19:00:00,-1144.89
2050-02-28 20:00:00,-1973.88
2050-02-28 21:00:00,-3025.59
2050-02-28 22:00:00,-1944.5
2050-02-28 23:00:00,-1667.04
2050-03-01 00:00:00,-2299.09
2050-03-01 01:00:00,-1452.71
2050-03-01 02:00:00,-759.03
2050-03-01 03:00:00,220.4
2050-03-01 04:00:00,-1020.69
2050-03-01 05:00:00,-557.62
2050-03-01 06:00:00,288.26
2050-03-01 07:00:00,804.8
2050-03-01 08:00:00,749.55
2050-03-01 09:00:00,845.13
2050-03-01 10:00:00,730.91
2050-03-01 11:00:00,-116.57
2050-03-01 12:00:00,-1582.56
2050-03-01 13:00:00,-1808.84
2050-03-01 14:00:00,-1233.83
2050-03-01 15:00:00,-2609.02
2050-03-01 16:00:00,-4355.41
2050-03-01 17:00:00,-6472.23
2050-03-01 18:00:00,-5467.16
2050-03-01 19:00:00,-5701.66
2050-03-01 20:00:00,-5595.83
2050-03-01 21:00:00,-6112.66
2050-03-01 22:00:00,-6303.12
2050-03-01 23:00:00,-6552.8
2050-03-02 00:00:00,-6869.38
2050-03-02 01:00:00,-6999.3
2050-03-02 02:00:00,-7209.57
2050-03-02 03:00:00,-7305.33
2050-03-02 04:00:00,-7350.55
2050-03-02 05:00:00,-7337.5
2050-03-02 06:00:00,-7223.83
2050-03-02 07:00:00,-7127.02
2050-03-02 08:00:00,-7238.65
2050-03-02 09:00:00,-7379.0
2050-03-02 10:00:00,-7580.73
2050-03-02 11:00:00,-7771.7
2050-03-02 12:00:00,-7904.09
2050-03-02 13:00:00,-8033.08
2050-03-02 14:00:00,-8126.56
2050-03-02 15:00:00,-8147.7
2050-03-02 16:00:00,-7995.61
2050-03-02 17:00:00,-7729.04
2050-03-02 18:00:00,-7220.04
2050-03-02 19:00:00,-6906.57
2050-03-02 20:00:00,-6743.2
2050-03-02 21:00:00,-6760.94
2050-03-02 22:00:00,-6923.28
2050-03-02 23:00:00,-7157.27
2050-03-03 00:00:00,-7447.37
2050-03-03 01:00:00,-7574.96
2050-03-03 02:00:00,-7394.52
2050-03-03 03:00:00,-7787.2
2050-03-03 04:00:00,-6998.27
2050-03-03 05:00:00,-5809.11
2050-03-03 06:00:00,-7205.68
2050-03-03 07:00:00,-6508.25
2050-03-03 08:00:00,-4301.88
2050-03-03 09:00:00,-1601.01
2050-03-03 10:00:00,-549.52
2050-03-03 11:00:00,-621.68
2050-03-03 12:00:00,332.99
2050-03-03 13:00:00,865.24
2050-03-03 14:00:00,1165.85
2050-03-03 15:00:00,118.98
2050-03-03 16:00:00,-916.06
2050-03-03 17:00:00,-1968.28
2050-03-03 18:00:00,-5235.2
2050-03-03 19:00:00,-4875.36
2050-03-03 20:00:00,-3955.87
2050-03-03 21:00:00,-5047.99
2050-03-03 22:00:00,-5672.0
2050-03-03 23:00:00,-6502.9
2050-03-04 00:00:00,-6836.42
2050-03-04 01:00:00,-6956.31
2050-03-04 02:00:00,-7162.71
2050-03-04 03:00:00,-7255.88
2050-03-04 04:00:00,-6786.17
2050-03-04 05:00:00,-7287.59
2050-03-04 06:00:00,-7137.98
2050-03-04 07:00:00,-6518.21
2050-03-04 08:00:00,-5710.09
2050-03-04 09:00:00,-6683.64
2050-03-04 10:00:00,-6100.03
2050-03-04 11:00:00,-6068.04
2050-03-04 12:00:00,-5733.81
2050-03-04 13:00:00,-5154.55
2050-03-04 14:00:00,-6895.59
2050-03-04 15:00:00,-7624.15
2050-03-04 16:00:00,-7822.63
2050-03-04 17:00:00,-7386.52
2050-03-04 18:00:00,-6770.21
2050-03-04 19:00:00,-6424.34
2050-03-04 20:00:00,-6050.05
2050-03-04 21:00:00,-5338.22
2050-03-04 22:00:00,-6058.51
2050-03-04 23:00:00,-6303.73
2050-03-05 00:00:00,-6734.73
2050-03-05 01:00:00,-6027.72
2050-03-05 02:00:00,-6403.85
2050-03-05 03:00:00,-5039.27
2050-03-05 04:00:00,-4523.39
2050-03-05 05:00:00,-3712.77
2050-03-05 06:00:00,-3028.63
2050-03-05 07:00:00,-2343.69
2050-03-05 08:00:00,-1328.07
2050-03-05 09:00:00,-1126.35
2050-03-05 10:00:00,-1054.37
2050-03-05 11:00:00,196.48
2050-03-05 12:00:00,1358.14
2050-03-05 13:00:00,1387.02
2050-03-05 14:00:00,1289.07
2050-03-05 15:00:00,-1106.28
2050-03-05 16:00:00,-1721.51
2050-03-05 17:00:00,-1528.51
2050-03-05 18:00:00,-995.99
2050-03-05 19:00:00,-1161.8
2050-03-05 20:00:00,-685.07
2050-03-05 21:00:00,-1811.52
2050-03-05 22:00:00,-1967.63
2050-03-05 23:00:00,-1413.0
2050-03-06 00:00:00,-1822.44
2050-03-06 01:00:00,-2935.94
2050-03-06 02:00:00,-946.7
2050-03-06 03:00:00,300.93
2050-03-06 04:00:00,-384.77
2050-03-06 05:00:00,-1839.91
2050-03-06 06:00:00,-1295.26
2050-03-06 07:00:00,-1264.2
2050-03-06 08:00:00,-887.95
2050-03-06 09:00:00,-555.8
2050-03-06 10:00:00,-352.12
2050-03-06 11:00:00,-3.68
2050-03-06 12:00:00,1548.88
2050-03-06 13:00:00,591.42
2050-03-06 14:00:00,-950.07
2050-03-06 15:00:00,-1040.22
2050-03-06 16:00:00,-978.33
2050-03-06 17:00:00,-523.92
2050-03-06 18:00:00,-312.37
2050-03-06 19:00:00,-1013.62
2050-03-06 20:00:00,-2887.21
2050-03-06 21:00:00,-2637.35
2050-03-06 22:00:00,-3270.64
2050-03-06 23:00:00,-1865.49
2050-03-07 00:00:00,-1624.3
2050-03-07 01:00:00,-3114.96
2050-03-07 02:00:00,-3926.97
2050-03-07 03:00:00,-3573.03
2050-03-07 04:00:00,-3942.08
2050-03-07 05:00:00,-4567.84
2050-03-07 06:00:00,-3715.64
2050-03-07 07:00:00,-4929.3
2050-03-07 08:00:00,-5761.63
2050-03-07 09:00:00,-6780.4
2050-03-07 10:00:00,-7723.38
2050-03-07 11:00:00,-8071.13
2050-03-07 12:00:00,-8196.02
2050-03-07 13:00:00,-8263.61
2050-03-07 14:00:00,-8228.83
2050-03-07 15:00:00,-8159.47
2050-03-07 16:00:00,-7947.9
2050-03-07 17:00:00,-7692.86
2050-03-07 18:00:00,-7282.22
2050-03-07 19:00:00,-7171.06
2050-03-07 20:00:00,-7140.7
2050-03-07 21:00:00,-7180.19
2050-03-07 22:00:00,-7334.7
2050-03-07 23:00:00,-7539.77
2050-03-08 00:00:00,-7781.12
2050-03-08 01:00:00,-7817.92
2050-03-08 02:00:00,-7597.93
2050-03-08 03:00:00,-5457.62
2050-03-08 04:00:00,-4523.15
2050-03-08 05:00:00,-5156.9
2050-03-08 06:00:00,-3446.32
2050-03-08 07:00:00,-4091.57
2050-03-08 08:00:00,-3507.72
2050-03-08 09:00:00,-2087.23
2050-03-08 10:00:00,-3552.85
2050-03-08 11:00:00,-4038.92
2050-03-08 12:00:00,-3540.62
2050-03-08 13:00:00,-2458.87
2050-03-08 14:00:00,-2080.09
2050-03-08 15:00:00,-1484.18
2050-03-08 16:00:00,-2458.36
2050-03-08 17:00:00,-2565.87
2050-03-08 18:00:00,-1855.17
2050-03-08 19:00:00,-2526.0
2050-03-08 20:00:00,-2300.2
2050-03-08 21:00:00,-2417.43
2050-03-08 22:00:00,-3887.53
2050-03-08 23:00:00,-4681.58
2050-03-09 00:00:00,-3077.43
2050-03-09 01:00:00,-4582.05
2050-03-09 02:00:00,-4708.4
2050-03-09 03:00:00,-5895.31
2050-03-09 04:00:00,-5561.98
2050-03-09 05:00:00,-5073.66
2050-03-09 06:00:00,-5211.62
2050-03-09 07:00:00,-6271.22
2050-03-09 08:00:00,-5874.77
2050-03-09 09:00:00,-4695.09
2050-03-09 10:00:00,-4431.76
2050-03-09 11:00:00,-3858.34
2050-03-09 12:00:00,-4219.65
2050-03-09 13:00:00,-2947.21
2050-03-09 14:00:00,-1711.62
2050-03-09 15:00:00,-4040.32
2050-03-09 16:00:00,-4881.65
2050-03-09 17:00:00,-4305.15
2050-03-09 18:00:00,-5849.57
2050-03-09 19:00:00,-6794.25
2050-03-09 20:00:00,-7040.53
2050-03-09 21:00:00,-7019.15
2050-03-09 22:00:00,-7032.55
2050-03-09 23:00:00,-6829.28
2050-03-10 00:00:00,-6675.03
2050-03-10 01:00:00,-4734.38
2050-03-10 02:00:00,-4475.17
2050-03-10 03:00:00,-4142.66
2050-03-10 04:00:00,-6258.24
2050-03-10 05:00:00,-6281.31
2050-03-10 06:00:00,-6244.77
2050-03-10 07:00:00,-5034.48
2050-03-10 08:00:00,-6220.39
2050-03-10 09:00:00,-6364.13
2050-03-10 10:00:00,-3873.79
2050-03-10 11:00:00,-4730.15
2050-03-10 12:00:00,-4546.29
2050-03-10 13:00:00,-1228.13
2050-03-10 14:00:00,-3110.52
2050-03-10 15:00:00,-2980.92
2050-03-10 16:00:00,-3036.62
2050-03-10 17:00:00,-1811.77
2050-03-10 18:00:00,-2663.21
2050-03-10 19:00:00,-3678.77
2050-03-10 20:00:00,-5052.12
2050-03-10 21:00:00,-6061.65
2050-03-10 22:00:00,-7174.1
2050-03-10 23:00:00,-6713.78
2050-03-11 00:00:00,-6156.87
2050-03-11 01:00:00,-6266.22
2050-03-11 02:00:00,-5821.31
2050-03-11 03:00:00,-7484.47
2050-03-11 04:00:00,-5833.35
2050-03-11 05:00:00,-5280.51
2050-03-11 06:00:00,-6442.29
2050-03-11 07:00:00,-5340.7
2050-03-11 08:00:00,-3574.91
2050-03-11 09:00:00,-3378.11
2050-03-11 10:00:00,-2885.03
2050-03-11 11:00:00,-3735.87
2050-03-11 12:00:00,-2995.89
2050-03-11 13:00:00,-2756.75
2050-03-11 14:00:00,-3735.04
2050-03-11 15:00:00,-3613.69
2050-03-11 16:00:00,-3476.36
2050-03-11 17:00:00,-3930.32
2050-03-11 18:00:00,-5566.55
2050-03-11 19:00:00,-5450.71
2050-03-11 20:00:00,-6006.38
2050-03-11 21:00:00,-6597.47
2050-03-11 22:00:00,-6208.93
2050-03-11 23:00:00,-5790.67
2050-03-12 00:00:00,-5545.08
2050-03-12 01:00:00,-6159.09
2050-03-12 02:00:00,-7755.58
2050-03-12 03:00:00,-7481.53
2050-03-12 04:00:00,-7347.12
2050-03-12 05:00:00,-5370.87
2050-03-12 06:00:00,-5097.51
2050-03-12 07:00:00,-3827.34
2050-03-12 08:00:00,-1358.61
2050-03-12 09:00:00,-1405.07
2050-03-12 10:00:00,-2251.82
2050-03-12 11:00:00,-905.42
2050-03-12 12:00:00,-2281.94
2050-03-12 13:00:00,-1465.08
2050-03-12 14:00:00,-1698.17
2050-03-12 15:00:00,-3404.82
2050-03-12 16:00:00,-6273.49
2050-03-12 17:00:00,-6931.75
2050-03-12 18:00:00,-6851.15
2050-03-12 19:00:00,-6742.42
2050-03-12 20:00:00,-6688.7
2050-03-12 21:00:00,-6825.66
2050-03-12 22:00:00,-7121.63
2050-03-12 23:00:00,-7457.01
2050-03-13 00:00:00,-7829.35
2050-03-13 01:00:00,-8016.18
2050-03-13 02:00:00,-8606.19
2050-03-13 03:00:00,-8432.61
2050-03-13 04:00:00,-8461.85
2050-03-13 05:00:00,-8496.69
2050-03-13 06:00:00,-8113.49
2050-03-13 07:00:00,-7002.45
2050-03-13 08:00:00,-5140.75
2050-03-13 09:00:00,-3017.22
2050-03-13 10:00:00,-1866.24
2050-03-13 11:00:00,-2250.88
2050-03-13 12:00:00,-1217.58
2050-03-13 13:00:00,353.79
2050-03-13 14:00:00,674.49
2050-03-13 15:00:00,-92.4
2050-03-13 16:00:00,305.8
2050-03-13 17:00:00,-182.69
2050-03-13 18:00:00,-1442.16
2050-03-13 19:00:00,-1984.06
2050-03-13 20:00:00,-4572.58
2050-03-13 21:00:00,-5548.24
2050-03-13 22:00:00,-4591.85
2050-03-13 23:00:00,-7423.43
2050-03-14 00:00:00,-8027.14
2050-03-14 01:00:00,-8245.28
2050-03-14 02:00:00,-8522.42
2050-03-14 03:00:00,-8657.63
2050-03-14 04:00:00,-8729.88
2050-03-14 05:00:00,-8751.81
2050-03-14 06:00:00,-8635.29
2050-03-14 07:00:00,-8518.28
2050-03-14 08:00:00,-8408.21
2050-03-14 09:00:00,-8306.34
2050-03-14 10:00:00,-8339.12
2050-03-14 11:00:00,-8314.88
2050-03-14 12:00:00,-8260.68
2050-03-14 13:00:00,-8227.98
2050-03-14 14:00:00,-8139.64
2050-03-14 15:00:00,-7988.57
2050-03-14 16:00:00,-7719.45
2050-03-14 17:00:00,-7450.24
2050-03-14 18:00:00,-7226.11
2050-03-14 19:00:00,-7114.22
2050-03-14 20:00:00,-7150.62
2050-03-14 21:00:00,-7292.52
2050-03-14 22:00:00,-7566.45
2050-03-14 23:00:00,-7868.33
2050-03-15 00:00:00,-8173.42
2050-03-15 01:00:00,-8273.53
2050-03-15 02:00:00,-8448.36
2050-03-15 03:00:00,-8514.49
2050-03-15 04:00:00,-8537.49
2050-03-15 05:00:00,-8503.55
2050-03-15 06:00:00,-8352.91
2050-03-15 07:00:00,-8221.25
2050-03-15 08:00:00,-8051.53
2050-03-15 09:00:00,-7897.66
2050-03-15 10:00:00,-7984.81
2050-03-15 11:00:00,-7967.7
2050-03-15 12:00:00,-7958.78
2050-03-15 13:00:00,-7951.94
2050-03-15 14:00:00,-7605.58
2050-03-15 15:00:00,-7858.24
2050-03-15 16:00:00,-7684.28
2050-03-15 17:00:00,-7427.68
2050-03-15 18:00:00,-7073.67
2050-03-15 19:00:00,-6759.91
2050-03-15 20:00:00,-6615.15
2050-03-15 21:00:00,-6659.35
2050-03-15 22:00:00,-6789.66
2050-03-15 23:00:00,-4883.6
2050-03-16 00:00:00,-6161.92
2050-03-16 01:00:00,-4749.91
2050-03-16 02:00:00,-4476.52
2050-03-16 03:00:00,-3732.49
2050-03-16 04:00:00,-3873.51
2050-03-16 05:00:00,-4109.6
2050-03-16 06:00:00,-3968.26
2050-03-16 07:00:00,-2600.04
2050-03-16 08:00:00,-1300.28
2050-03-16 09:00:00,-960.08
2050-03-16 10:00:00,-599.18
2050-03-16 11:00:00,-376.3
2050-03-16 12:00:00,-651.13
2050-03-16 13:00:00,-725.79
2050-03-16 14:00:00,-1059.1
2050-03-16 15:00:00,-1401.83
2050-03-16 16:00:00,-2436.11
2050-03-16 17:00:00,-3757.8
2050-03-16 18:00:00,-4458.63
2050-03-16 19:00:00,-4726.2
2050-03-16 20:00:00,-3454.05
2050-03-16 21:00:00,-3943.83
2050-03-16 22:00:00,-3756.78
2050-03-16 23:00:00,-4324.03
2050-03-17 00:00:00,-3827.9
2050-03-17 01:00:00,-3477.21
2050-03-17 02:00:00,-3551.71
2050-03-17 03:00:00,-3342.54
2050-03-17 04:00:00,-2498.67
2050-03-17 05:00:00,-1502.84
2050-03-17 06:00:00,-382.37
2050-03-17 07:00:00,-508.54
2050-03-17 08:00:00,1153.46
2050-03-17 09:00:00,806.89
2050-03-17 10:00:00,508.12
2050-03-17 11:00:00,-867.67
2050-03-17 12:00:00,-1919.53
2050-03-17 13:00:00,-2127.16
2050-03-17 14:00:00,-1040.9
2050-03-17 15:00:00,-2636.85
2050-03-17 16:00:00,-1226.3
2050-03-17 17:00:00,-2836.86
2050-03-17 18:00:00,-2877.08
2050-03-17 19:00:00,-2026.94
2050-03-17 20:00:00,-2822.54
2050-03-17 21:00:00,-2270.84
2050-03-17 22:00:00,-5632.3
2050-03-17 23:00:00,-4023.18
2050-03-18 00:00:00,-3058.6
2050-03-18 01:00:00,-1571.68
2050-03-18 02:00:00,-1688.73
2050-03-18 03:00:00,151.89
2050-03-18 04:00:00,-681.3
2050-03-18 05:00:00,-1762.57
2050-03-18 06:00:00,-1574.06
2050-03-18 07:00:00,-2818.84
2050-03-18 08:00:00,-1585.26
2050-03-18 09:00:00,-1128.71
2050-03-18 10:00:00,-536.15
2050-03-18 11:00:00,-909.35
2050-03-18 12:00:00,-988.84
2050-03-18 13:00:00,-1457.07
2050-03-18 14:00:00,-1083.27
2050-03-18 15:00:00,-965.0
2050-03-18 16:00:00,-572.37
2050-03-18 17:00:00,-2046.73
2050-03-18 18:00:00,-2297.72
2050-03-18 19:00:00,-3485.99
2050-03-18 20:00:00,-3942.93
2050-03-18 21:00:00,-3580.14
2050-03-18 22:00:00,-2056.93
2050-03-18 23:00:00,-2575.13
2050-03-19 00:00:00,-2691.59
2050-03-19 01:00:00,-5122.54
2050-03-19 02:00:00,-5358.73
2050-03-19 03:00:00,-8074.28
2050-03-19 04:00:00,-7886.79
2050-03-19 05:00:00,-7777.1
2050-03-19 06:00:00,-6540.78
2050-03-19 07:00:00,-5470.4
2050-03-19 08:00:00,-5083.01
2050-03-19 09:00:00,-4570.55
2050-03-19 10:00:00,-4410.36
2050-03-19 11:00:00,-2869.61
2050-03-19 12:00:00,-1616.37
2050-03-19 13:00:00,-247.64
2050-03-19 14:00:00,-889.2
2050-03-19 15:00:00,-371.68
2050-03-19 16:00:00,61.75
2050-03-19 17:00:00,-321.63
2050-03-19 18:00:00,502.99
2050-03-19 19:00:00,729.33
2050-03-19 20:00:00,1436.6
2050-03-19 21:00:00,508.27
2050-03-19 22:00:00,1414.91
2050-03-19 23:00:00,2226.23
2050-03-20 00:00:00,1558.38
2050-03-20 01:00:00,770.3
2050-03-20 02:00:00,185.2
2050-03-20 03:00:00,-783.58
2050-03-20 04:00:00,-1563.7
2050-03-20 05:00:00,-1723.24
2050-03-20 06:00:00,-1623.66
2050-03-20 07:00:00,-698.39
2050-03-20 08:00:00,-283.67
2050-03-20 09:00:00,1205.47
2050-03-20 10:00:00,935.15
2050-03-20 11:00:00,699.82
2050-03-20 12:00:00,141.21
2050-03-20 13:00:00,-117.73
2050-03-20 14:00:00,-2579.4
2050-03-20 15:00:00,-3358.04
2050-03-20 16:00:00,-4857.24
2050-03-20 17:00:00,-5838.26
2050-03-20 18:00:00,-5999.31
2050-03-20 19:00:00,-6127.25
2050-03-20 20:00:00,-6255.19
2050-03-20 21:00:00,-6264.61
2050-03-20 22:00:00,-6753.28
2050-03-20 23:00:00,-7202.09
2050-03-21 00:00:00,-6450.11
2050-03-21 01:00:00,-7926.12
2050-03-21 02:00:00,-8282.53
2050-03-21 03:00:00,-8382.71
2050-03-21 04:00:00,-7477.32
2050-03-21 05:00:00,-5084.43
2050-03-21 06:00:00,-4034.02
2050-03-21 07:00:00,-4468.91
2050-03-21 08:00:00,-3171.86
2050-03-21 09:00:00,-2243.36
2050-03-21 10:00:00,-1760.87
2050-03-21 11:00:00,-1023.04
2050-03-21 12:00:00,-218.88
2050-03-21 13:00:00,-601.56
2050-03-21 14:00:00,-1201.94
2050-03-21 15:00:00,-2530.8
2050-03-21 16:00:00,-3001.19
2050-03-21 17:00:00,-3427.63
2050-03-21 18:00:00,-4638.73
2050-03-21 19:00:00,-4057.03
2050-03-21 20:00:00,-5704.41
2050-03-21 21:00:00,-6119.57
2050-03-21 22:00:00,-6970.25
2050-03-21 23:00:00,-7433.94
2050-03-22 00:00:00,-7498.27
2050-03-22 01:00:00,-4940.96
2050-03-22 02:00:00,-6185.16
2050-03-22 03:00:00,-2610.75
2050-03-22 04:00:00,-5856.89
2050-03-22 05:00:00,-5908.87
2050-03-22 06:00:00,-7369.87
2050-03-22 07:00:00,-8235.81
2050-03-22 08:00:00,-8002.69
2050-03-22 09:00:00,-8341.8
2050-03-22 10:00:00,-7830.89
2050-03-22 11:00:00,-6031.82
2050-03-22 12:00:00,-6277.08
2050-03-22 13:00:00,-6294.37
2050-03-22 14:00:00,-7901.71
2050-03-22 15:00:00,-7842.57
2050-03-22 16:00:00,-7595.06
2050-03-22 17:00:00,-7217.4
2050-03-22 18:00:00,-6356.47
2050-03-22 19:00:00,-7146.72
2050-03-22 20:00:00,-7102.03
2050-03-22 21:00:00,-7158.71
2050-03-22 22:00:00,-7562.22
2050-03-22 23:00:00,-7857.78
2050-03-23 00:00:00,-8160.45
2050-03-23 01:00:00,-8441.13
2050-03-23 02:00:00,-8702.65
2050-03-23 03:00:00,-8791.98
2050-03-23 04:00:00,-8794.62
2050-03-23 05:00:00,-8503.89
2050-03-23 06:00:00,-8302.11
2050-03-23 07:00:00,-8309.12
2050-03-23 08:00:00,-7350.89
2050-03-23 09:00:00,-6154.16
2050-03-23 10:00:00,-4479.47
2050-03-23 11:00:00,-5284.04
2050-03-23 12:00:00,-5656.37
2050-03-23 13:00:00,-5249.86
2050-03-23 14:00:00,-4663.89
2050-03-23 15:00:00,-4509.97
2050-03-23 16:00:00,-3844.4
2050-03-23 17:00:00,-4635.44
2050-03-23 18:00:00,-4586.52
2050-03-23 19:00:00,-6078.08
2050-03-23 20:00:00,-6359.96
2050-03-23 21:00:00,-6979.05
2050-03-23 22:00:00,-7553.26
2050-03-23 23:00:00,-7242.17
2050-03-24 00:00:00,-8075.92
2050-03-24 01:00:00,-7146.37
2050-03-24 02:00:00,-7000.21
2050-03-24 03:00:00,-5941.01
2050-03-24 04:00:00,-5069.07
2050-03-24 05:00:00,-3044.66
2050-03-24 06:00:00,-3501.98
2050-03-24 07:00:00,-1513.02
2050-03-24 08:00:00,-511.09
2050-03-24 09:00:00,396.0
2050-03-24 10:00:00,-231.42
2050-03-24 11:00:00,885.76
2050-03-24 12:00:00,604.57
2050-03-24 13:00:00,-268.37
2050-03-24 14:00:00,-1242.44
2050-03-24 15:00:00,-1759.45
2050-03-24 16:00:00,-2685.63
2050-03-24 17:00:00,-1295.68
2050-03-24 18:00:00,-2064.9
2050-03-24 19:00:00,-1782.14
2050-03-24 20:00:00,-265.75
2050-03-24 21:00:00,-912.83
2050-03-24 22:00:00,-1187.86
2050-03-24 23:00:00,-2533.77
2050-03-25 00:00:00,-6070.74
2050-03-25 01:00:00,-4505.73
2050-03-25 02:00:00,-4217.41
2050-03-25 03:00:00,-4353.23
2050-03-25 04:00:00,-4390.7
2050-03-25 05:00:00,-3911.38
2050-03-25 06:00:00,-2943.7
2050-03-25 07:00:00,-2628.56
2050-03-25 08:00:00,-2424.43
2050-03-25 09:00:00,-3370.76
2050-03-25 10:00:00,-5251.46
2050-03-25 11:00:00,-4247.25
2050-03-25 12:00:00,-4045.75
2050-03-25 13:00:00,-3712.23
2050-03-25 14:00:00,-4778.07
2050-03-25 15:00:00,-4680.65
2050-03-25 16:00:00,-5316.97
2050-03-25 17:00:00,-5429.75
2050-03-25 18:00:00,-3416.92
2050-03-25 19:00:00,-3085.01
2050-03-25 20:00:00,-3197.15
2050-03-25 21:00:00,-135.62
2050-03-25 22:00:00,-2916.52
2050-03-25 23:00:00,-2401.23
2050-03-26 00:00:00,-4737.57
2050-03-26 01:00:00,-6204.91
2050-03-26 02:00:00,-7525.6
2050-03-26 03:00:00,-6771.34
2050-03-26 04:00:00,-6854.58
2050-03-26 05:00:00,-7349.24
2050-03-26 06:00:00,-6804.46
2050-03-26 07:00:00,-7104.89
2050-03-26 08:00:00,-6359.83
2050-03-26 09:00:00,-4809.99
2050-03-26 10:00:00,-5783.75
2050-03-26 11:00:00,-3512.95
2050-03-26 12:00:00,-2330.79
2050-03-26 13:00:00,-1741.52
2050-03-26 14:00:00,-3199.91
2050-03-26 15:00:00,-4218.4
2050-03-26 16:00:00,-3886.05
2050-03-26 17:00:00,-3825.85
2050-03-26 18:00:00,-3797.18
2050-03-26 19:00:00,-3925.92
2050-03-26 20:00:00,-4119.46
2050-03-26 21:00:00,-4964.32
2050-03-26 22:00:00,-3819.65
2050-03-26 23:00:00,-2790.51
2050-03-27 00:00:00,-1168.28
2050-03-27 01:00:00,-1579.88
2050-03-27 02:00:00,-2159.63
2050-03-27 03:00:00,-1867.04
2050-03-27 04:00:00,-2226.91
2050-03-27 05:00:00,-762.49
2050-03-27 06:00:00,-1079.59
2050-03-27 07:00:00,-1035.01
2050-03-27 08:00:00,203.25
2050-03-27 09:00:00,1562.36
2050-03-27 10:00:00,1667.64
2050-03-27 11:00:00,2316.58
2050-03-27 12:00:00,1699.51
2050-03-27 13:00:00,2814.88
2050-03-27 14:00:00,1969.16
2050-03-27 15:00:00,2327.48
2050-03-27 16:00:00,2217.84
2050-03-27 17:00:00,2399.13
2050-03-27 18:00:00,2282.68
2050-03-27 19:00:00,1784.28
2050-03-27 20:00:00,1583.28
2050-03-27 21:00:00,-230.21
2050-03-27 22:00:00,928.95
2050-03-27 23:00:00,975.72
2050-03-28 00:00:00,-2525.03
2050-03-28 01:00:00,-1209.51
2050-03-28 02:00:00,-3642.54
2050-03-28 03:00:00,-4464.57
2050-03-28 04:00:00,-3582.69
2050-03-28 05:00:00,-3710.6
2050-03-28 06:00:00,-4358.21
2050-03-28 07:00:00,-4624.36
2050-03-28 08:00:00,-2832.03
2050-03-28 09:00:00,-2459.41
2050-03-28 10:00:00,-1852.26
2050-03-28 11:00:00,-1285.26
2050-03-28 12:00:00,-1256.85
2050-03-28 13:00:00,-82.36
2050-03-28 14:00:00,-2930.04
2050-03-28 15:00:00,-3419.27
2050-03-28 16:00:00,-2362.29
2050-03-28 17:00:00,-4387.56
2050-03-28 18:00:00,-7308.42
2050-03-28 19:00:00,-5298.31
2050-03-28 20:00:00,-6396.37
2050-03-28 21:00:00,-6979.62
2050-03-28 22:00:00,-7126.05
2050-03-28 23:00:00,-7246.23
2050-03-29 00:00:00,-7640.88
2050-03-29 01:00:00,-7834.22
2050-03-29 02:00:00,-7174.11
2050-03-29 03:00:00,-7626.62
2050-03-29 04:00:00,-8285.19
2050-03-29 05:00:00,-8316.75
2050-03-29 06:00:00,-8114.05
2050-03-29 07:00:00,-6688.88
2050-03-29 08:00:00,-5550.04
2050-03-29 09:00:00,-5943.07
2050-03-29 10:00:00,-4271.04
2050-03-29 11:00:00,-4196.7
2050-03-29 12:00:00,-3394.39
2050-03-29 13:00:00,-2960.0
2050-03-29 14:00:00,-3755.09
2050-03-29 15:00:00,-2061.07
2050-03-29 16:00:00,-3289.13
2050-03-29 17:00:00,-3562.07
2050-03-29 18:00:00,-3163.63
2050-03-29 19:00:00,-3392.77
2050-03-29 20:00:00,-3928.71
2050-03-29 21:00:00,-4452.04
2050-03-29 22:00:00,-4311.68
2050-03-29 23:00:00,-5269.15
2050-03-30 00:00:00,-4374.38
2050-03-30 01:00:00,-3499.52
2050-03-30 02:00:00,-4822.83
2050-03-30 03:00:00,-4892.44
2050-03-30 04:00:00,-4861.36
2050-03-30 05:00:00,-5195.5
2050-03-30 06:00:00,-4253.77
2050-03-30 07:00:00,-2586.0
2050-03-30 08:00:00,-1302.56
2050-03-30 09:00:00,-426.8
2050-03-30 10:00:00,-174.11
2050-03-30 11:00:00,437.88
2050-03-30 12:00:00,309.76
2050-03-30 13:00:00,-55.6
2050-03-30 14:00:00,-306.38
2050-03-30 15:00:00,-207.12
2050-03-30 16:00:00,-1901.84
2050-03-30 17:00:00,-3849.1
2050-03-30 18:00:00,-3100.37
2050-03-30 19:00:00,-3237.46
2050-03-30 20:00:00,-2737.19
2050-03-30 21:00:00,-3532.1
2050-03-30 22:00:00,-5047.71
2050-03-30 23:00:00,-4830.92
2050-03-31 00:00:00,-5215.65
2050-03-31 01:00:00,-5952.54
2050-03-31 02:00:00,-7599.72
2050-03-31 03:00:00,-7826.21
2050-03-31 04:00:00,-7995.12
2050-03-31 05:00:00,-7973.37
2050-03-31 06:00:00,-7966.87
2050-03-31 07:00:00,-7728.58
2050-03-31 08:00:00,-7836.65
2050-03-31 09:00:00,-7744.36
2050-03-31 10:00:00,-7632.33
2050-03-31 11:00:00,-7745.88
2050-03-31 12:00:00,-6851.38
2050-03-31 13:00:00,-7620.01
2050-03-31 14:00:00,-8106.99
2050-03-31 15:00:00,-8062.89
2050-03-31 16:00:00,-7876.98
2050-03-31 17:00:00,-7657.89
2050-03-31 18:00:00,-7334.19
2050-03-31 19:00:00,-7057.35
2050-03-31 20:00:00,-7025.26
2050-03-31 21:00:00,-7068.38
2050-03-31 22:00:00,-7258.63
2050-03-31 23:00:00,-7504.8
2050-04-01 00:00:00,-7677.83
2050-04-01 01:00:00,-7782.29
2050-04-01 02:00:00,-7983.78
2050-04-01 03:00:00,-8067.6
2050-04-01 04:00:00,-8110.2
2050-04-01 05:00:00,-8096.96
2050-04-01 06:00:00,-7975.52
2050-04-01 07:00:00,-7852.9
2050-04-01 08:00:00,-7815.5
2050-04-01 09:00:00,-7812.48
2050-04-01 10:00:00,-7996.16
2050-04-01 11:00:00,-8179.51
2050-04-01 12:00:00,-8187.34
2050-04-01 13:00:00,-8158.54
2050-04-01 14:00:00,-7880.99
2050-04-01 15:00:00,-7650.18
2050-04-01 16:00:00,-7437.17
2050-04-01 17:00:00,-6787.27
2050-04-01 18:00:00,-5635.79
2050-04-01 19:00:00,-6429.4
2050-04-01 20:00:00,-5649.02
2050-04-01 21:00:00,-5911.52
2050-04-01 22:00:00,-2713.84
2050-04-01 23:00:00,-4918.57
2050-04-02 00:00:00,-6704.92
2050-04-02 01:00:00,-6530.1
2050-04-02 02:00:00,-6930.38
2050-04-02 03:00:00,-7860.78
2050-04-02 04:00:00,-7429.33
2050-04-02 05:00:00,-8669.51
2050-04-02 06:00:00,-8488.55
2050-04-02 07:00:00,-8169.71
2050-04-02 08:00:00,-6614.79
2050-04-02 09:00:00,-4978.09
2050-04-02 10:00:00,-3460.88
2050-04-02 11:00:00,-3240.5
2050-04-02 12:00:00,-2614.7
2050-04-02 13:00:00,-2544.29
2050-04-02 14:00:00,-3332.05
2050-04-02 15:00:00,-2973.93
2050-04-02 16:00:00,-3245.14
2050-04-02 17:00:00,-4425.83
2050-04-02 18:00:00,-3888.46
2050-04-02 19:00:00,-2789.91
2050-04-02 20:00:00,-3775.14
2050-04-02 21:00:00,-2554.35
2050-04-02 22:00:00,-3777.34
2050-04-02 23:00:00,-6716.99
2050-04-03 00:00:00,-7278.97
2050-04-03 01:00:00,-7360.46
2050-04-03 02:00:00,-7213.15
2050-04-03 03:00:00,-6652.29
2050-04-03 04:00:00,-5483.2
2050-04-03 05:00:00,-6746.55
2050-04-03 06:00:00,-7046.87
2050-04-03 07:00:00,-5876.29
2050-04-03 08:00:00,-5518.89
2050-04-03 09:00:00,-6712.54
2050-04-03 10:00:00,-5462.28
2050-04-03 11:00:00,-5387.28
2050-04-03 12:00:00,-6940.8
2050-04-03 13:00:00,-4806.31
2050-04-03 14:00:00,-6564.01
2050-04-03 15:00:00,-5947.77
2050-04-03 16:00:00,-6634.15
2050-04-03 17:00:00,-7164.09
2050-04-03 18:00:00,-6927.69
2050-04-03 19:00:00,-5434.9
2050-04-03 20:00:00,-4007.64
2050-04-03 21:00:00,-6540.2
2050-04-03 22:00:00,-7226.67
2050-04-03 23:00:00,-6196.13
2050-04-04 00:00:00,-7070.58
2050-04-04 01:00:00,-7864.12
2050-04-04 02:00:00,-8527.63
2050-04-04 03:00:00,-8777.97
2050-04-04 04:00:00,-8881.25
2050-04-04 05:00:00,-8907.87
2050-04-04 06:00:00,-8816.21
2050-04-04 07:00:00,-8587.38
2050-04-04 08:00:00,-8053.37
2050-04-04 09:00:00,-7350.33
2050-04-04 10:00:00,-7811.42
2050-04-04 11:00:00,-7519.96
2050-04-04 12:00:00,-6143.17
2050-04-04 13:00:00,-2248.83
2050-04-04 14:00:00,-420.01
2050-04-04 15:00:00,-548.71
2050-04-04 16:00:00,242.43
2050-04-04 17:00:00,-485.24
2050-04-04 18:00:00,-4011.54
2050-04-04 19:00:00,-2454.32
2050-04-04 20:00:00,-1045.33
2050-04-04 21:00:00,-3485.38
2050-04-04 22:00:00,-4865.32
2050-04-04 23:00:00,-6754.82
2050-04-05 00:00:00,-7342.5
2050-04-05 01:00:00,-4418.11
2050-04-05 02:00:00,-2697.62
2050-04-05 03:00:00,-2110.13
2050-04-05 04:00:00,-3052.82
2050-04-05 05:00:00,-4178.38
2050-04-05 06:00:00,-4357.66
2050-04-05 07:00:00,-4909.14
2050-04-05 08:00:00,-4332.35
2050-04-05 09:00:00,-2753.57
2050-04-05 10:00:00,-1878.95
2050-04-05 11:00:00,-2357.55
2050-04-05 12:00:00,-2169.79
2050-04-05 13:00:00,-4038.27
2050-04-05 14:00:00,-5663.42
2050-04-05 15:00:00,-5741.16
2050-04-05 16:00:00,-5030.96
2050-04-05 17:00:00,-5921.12
2050-04-05 18:00:00,-5670.29
2050-04-05 19:00:00,-5824.04
2050-04-05 20:00:00,-6477.82
2050-04-05 21:00:00,-6757.18
2050-04-05 22:00:00,-7178.31
2050-04-05 23:00:00,-4461.13
2050-04-06 00:00:00,-4271.42
2050-04-06 01:00:00,-1961.25
2050-04-06 02:00:00,-1317.6
2050-04-06 03:00:00,-2486.37
2050-04-06 04:00:00,-2576.81
2050-04-06 05:00:00,-4183.49
2050-04-06 06:00:00,-2722.63
2050-04-06 07:00:00,-3416.82
2050-04-06 08:00:00,-2498.41
2050-04-06 09:00:00,-2656.31
2050-04-06 10:00:00,-2486.5
2050-04-06 11:00:00,-4326.83
2050-04-06 12:00:00,-4745.29
2050-04-06 13:00:00,-2888.02
2050-04-06 14:00:00,-3601.65
2050-04-06 15:00:00,-5972.74
2050-04-06 16:00:00,-6754.38
2050-04-06 17:00:00,-6412.27
2050-04-06 18:00:00,-6313.23
2050-04-06 19:00:00,-5931.81
2050-04-06 20:00:00,-6293.51
2050-04-06 21:00:00,-6530.32
2050-04-06 22:00:00,-6957.02
2050-04-06 23:00:00,-7220.45
2050-04-07 00:00:00,-6299.1
2050-04-07 01:00:00,-7720.37
2050-04-07 02:00:00,-8133.29
2050-04-07 03:00:00,-8018.64
2050-04-07 04:00:00,-7266.48
2050-04-07 05:00:00,-6611.24
2050-04-07 06:00:00,-8255.03
2050-04-07 07:00:00,-7172.0
2050-04-07 08:00:00,-5571.19
2050-04-07 09:00:00,-3601.42
2050-04-07 10:00:00,-4749.53
2050-04-07 11:00:00,-1899.25
2050-04-07 12:00:00,-953.3
2050-04-07 13:00:00,-2642.21
2050-04-07 14:00:00,-4648.51
2050-04-07 15:00:00,-3616.75
2050-04-07 16:00:00,-4806.41
2050-04-07 17:00:00,-5356.53
2050-04-07 18:00:00,-4926.44
2050-04-07 19:00:00,-5359.12
2050-04-07 20:00:00,-5583.59
2050-04-07 21:00:00,-6131.58
2050-04-07 22:00:00,-5777.26
2050-04-07 23:00:00,-6767.19
2050-04-08 00:00:00,-7395.32
2050-04-08 01:00:00,-5582.19
2050-04-08 02:00:00,-4779.44
2050-04-08 03:00:00,-7903.29
2050-04-08 04:00:00,-7565.47
2050-04-08 05:00:00,-8398.13
2050-04-08 06:00:00,-7660.54
2050-04-08 07:00:00,-7928.36
2050-04-08 08:00:00,-6634.62
2050-04-08 09:00:00,-3931.7
2050-04-08 10:00:00,-3345.2
2050-04-08 11:00:00,-754.35
2050-04-08 12:00:00,163.8
2050-04-08 13:00:00,279.04
2050-04-08 14:00:00,-1042.1
2050-04-08 15:00:00,-1096.36
2050-04-08 16:00:00,-1351.26
2050-04-08 17:00:00,-2213.03
2050-04-08 18:00:00,-3051.04
2050-04-08 19:00:00,-3100.99
2050-04-08 20:00:00,-2730.91
2050-04-08 21:00:00,-2343.67
2050-04-08 22:00:00,-2745.82
2050-04-08 23:00:00,-1221.39
2050-04-09 00:00:00,-1861.87
2050-04-09 01:00:00,-2458.71
2050-04-09 02:00:00,-1069.36
2050-04-09 03:00:00,38.58
2050-04-09 04:00:00,530.76
2050-04-09 05:00:00,962.54
2050-04-09 06:00:00,391.13
2050-04-09 07:00:00,-1521.64
2050-04-09 08:00:00,-978.52
2050-04-09 09:00:00,-828.45
2050-04-09 10:00:00,-523.32
2050-04-09 11:00:00,-2533.28
2050-04-09 12:00:00,-704.2
2050-04-09 13:00:00,-769.41
2050-04-09 14:00:00,-3532.5
2050-04-09 15:00:00,-3857.42
2050-04-09 16:00:00,-2193.3
2050-04-09 17:00:00,-2613.96
2050-04-09 18:00:00,-1583.7
2050-04-09 19:00:00,-369.76
2050-04-09 20:00:00,-100.85
2050-04-09 21:00:00,-1467.2
2050-04-09 22:00:00,-1736.31
2050-04-09 23:00:00,-1638.96
2050-04-10 00:00:00,-1582.25
2050-04-10 01:00:00,-552.81
2050-04-10 02:00:00,-313.89
2050-04-10 03:00:00,-382.55
2050-04-10 04:00:00,-499.55
2050-04-10 05:00:00,228.88
2050-04-10 06:00:00,-192.68
2050-04-10 07:00:00,-100.23
2050-04-10 08:00:00,708.11
2050-04-10 09:00:00,-467.89
2050-04-10 10:00:00,-525.7
2050-04-10 11:00:00,-1188.98
2050-04-10 12:00:00,-3081.52
2050-04-10 13:00:00,-2906.95
2050-04-10 14:00:00,-4089.45
2050-04-10 15:00:00,-5070.38
2050-04-10 16:00:00,-5975.66
2050-04-10 17:00:00,-7062.9
2050-04-10 18:00:00,-7026.77
2050-04-10 19:00:00,-7098.65
2050-04-10 20:00:00,-7026.24
2050-04-10 21:00:00,-7102.33
2050-04-10 22:00:00,-7309.84
2050-04-10 23:00:00,-6249.41
2050-04-11 00:00:00,-6163.91
2050-04-11 01:00:00,-6346.54
2050-04-11 02:00:00,-5382.02
2050-04-11 03:00:00,-4590.48
2050-04-11 04:00:00,-4982.6
2050-04-11 05:00:00,-5016.35
2050-04-11 06:00:00,-4262.76
2050-04-11 07:00:00,-3282.38
2050-04-11 08:00:00,-3094.6
2050-04-11 09:00:00,-3204.22
2050-04-11 10:00:00,-3429.88
2050-04-11 11:00:00,-2518.7
2050-04-11 12:00:00,-2747.12
2050-04-11 13:00:00,-2945.89
2050-04-11 14:00:00,-3222.6
2050-04-11 15:00:00,-6070.4
2050-04-11 16:00:00,-6770.22
2050-04-11 17:00:00,-6867.56
2050-04-11 18:00:00,-6560.62
2050-04-11 19:00:00,-6574.29
2050-04-11 20:00:00,-6732.36
2050-04-11 21:00:00,-7015.7
2050-04-11 22:00:00,-7402.44
2050-04-11 23:00:00,-7698.84
2050-04-12 00:00:00,-7954.13
2050-04-12 01:00:00,-8066.91
2050-04-12 02:00:00,-6896.59
2050-04-12 03:00:00,-8267.48
2050-04-12 04:00:00,-7493.04
2050-04-12 05:00:00,-6090.32
2050-04-12 06:00:00,-4882.97
2050-04-12 07:00:00,-5074.64
2050-04-12 08:00:00,-3458.64
2050-04-12 09:00:00,-1858.44
2050-04-12 10:00:00,-1020.17
2050-04-12 11:00:00,-2463.46
2050-04-12 12:00:00,-3727.5
2050-04-12 13:00:00,-1896.57
2050-04-12 14:00:00,-1778.16
2050-04-12 15:00:00,-2033.53
2050-04-12 16:00:00,-2102.9
2050-04-12 17:00:00,-1401.7
2050-04-12 18:00:00,-3279.57
2050-04-12 19:00:00,-6321.19
2050-04-12 20:00:00,-6970.74
2050-04-12 21:00:00,-7135.97
2050-04-12 22:00:00,-7432.42
2050-04-12 23:00:00,-7768.42
2050-04-13 00:00:00,-8091.11
2050-04-13 01:00:00,-8171.67
2050-04-13 02:00:00,-8238.9
2050-04-13 03:00:00,-7450.28
2050-04-13 04:00:00,-7030.35
2050-04-13 05:00:00,-6000.46
2050-04-13 06:00:00,-6151.76
2050-04-13 07:00:00,-7639.95
2050-04-13 08:00:00,-7407.04
2050-04-13 09:00:00,-7664.98
2050-04-13 10:00:00,-6434.63
2050-04-13 11:00:00,-7750.44
2050-04-13 12:00:00,-5079.42
2050-04-13 13:00:00,-6108.76
2050-04-13 14:00:00,-6127.2
2050-04-13 15:00:00,-6603.38
2050-04-13 16:00:00,-7329.66
2050-04-13 17:00:00,-7456.82
2050-04-13 18:00:00,-6594.17
2050-04-13 19:00:00,-5727.37
2050-04-13 20:00:00,-7014.41
2050-04-13 21:00:00,-7091.17
2050-04-13 22:00:00,-7436.06
2050-04-13 23:00:00,-7770.0
2050-04-14 00:00:00,-7911.16
2050-04-14 01:00:00,-7587.07
2050-04-14 02:00:00,-5366.59
2050-04-14 03:00:00,-6555.72
2050-04-14 04:00:00,-6386.51
2050-04-14 05:00:00,-6673.32
2050-04-14 06:00:00,-6639.86
2050-04-14 07:00:00,-2974.68
2050-04-14 08:00:00,-1297.31
2050-04-14 09:00:00,-978.39
2050-04-14 10:00:00,-816.13
2050-04-14 11:00:00,229.12
2050-04-14 12:00:00,808.32
2050-04-14 13:00:00,-308.88
2050-04-14 14:00:00,95.38
2050-04-14 15:00:00,-1590.77
2050-04-14 16:00:00,-855.47
2050-04-14 17:00:00,-2514.72
2050-04-14 18:00:00,-5067.34
2050-04-14 19:00:00,-6454.51
2050-04-14 20:00:00,-5573.02
2050-04-14 21:00:00,-6355.01
2050-04-14 22:00:00,-6858.76
2050-04-14 23:00:00,-6790.62
2050-04-15 00:00:00,-8071.05
2050-04-15 01:00:00,-7975.75
2050-04-15 02:00:00,-8034.36
2050-04-15 03:00:00,-8050.52
2050-04-15 04:00:00,-8028.72
2050-04-15 05:00:00,-7838.37
2050-04-15 06:00:00,-4580.68
2050-04-15 07:00:00,-2691.9
2050-04-15 08:00:00,-966.27
2050-04-15 09:00:00,-1207.28
2050-04-15 10:00:00,-1524.6
2050-04-15 11:00:00,-2525.86
2050-04-15 12:00:00,-1351.85
2050-04-15 13:00:00,-2037.54
2050-04-15 14:00:00,-2165.64
2050-04-15 15:00:00,-6581.34
2050-04-15 16:00:00,-5117.9
2050-04-15 17:00:00,-4584.97
2050-04-15 18:00:00,-3880.05
2050-04-15 19:00:00,-4969.43
2050-04-15 20:00:00,-5274.38
2050-04-15 21:00:00,-6631.0
2050-04-15 22:00:00,-7265.69
2050-04-15 23:00:00,-6759.96
2050-04-16 00:00:00,-5898.75
2050-04-16 01:00:00,-7063.47
2050-04-16 02:00:00,-7639.56
2050-04-16 03:00:00,-8495.4
2050-04-16 04:00:00,-8694.33
2050-04-16 05:00:00,-7309.26
2050-04-16 06:00:00,-8312.71
2050-04-16 07:00:00,-8479.16
2050-04-16 08:00:00,-7466.17
2050-04-16 09:00:00,-6961.35
2050-04-16 10:00:00,-7184.08
2050-04-16 11:00:00,-6664.54
2050-04-16 12:00:00,-6456.82
2050-04-16 13:00:00,-6660.2
2050-04-16 14:00:00,-4168.56
2050-04-16 15:00:00,-5281.0
2050-04-16 16:00:00,-5372.35
2050-04-16 17:00:00,-5866.55
2050-04-16 18:00:00,-4404.07
2050-04-16 19:00:00,-7003.6
2050-04-16 20:00:00,-6979.76
2050-04-16 21:00:00,-7119.43
2050-04-16 22:00:00,-7179.76
2050-04-16 23:00:00,-6663.43
2050-04-17 00:00:00,-4496.08
2050-04-17 01:00:00,-4575.56
2050-04-17 02:00:00,-4981.75
2050-04-17 03:00:00,-5525.75
2050-04-17 04:00:00,-3337.03
2050-04-17 05:00:00,-1873.35
2050-04-17 06:00:00,-3066.84
2050-04-17 07:00:00,-3794.8
2050-04-17 08:00:00,-1359.34
2050-04-17 09:00:00,553.12
2050-04-17 10:00:00,-339.94
2050-04-17 11:00:00,-529.05
2050-04-17 12:00:00,399.03
2050-04-17 13:00:00,517.59
2050-04-17 14:00:00,-431.23
2050-04-17 15:00:00,733.84
2050-04-17 16:00:00,263.02
2050-04-17 17:00:00,-707.85
2050-04-17 18:00:00,-1825.81
2050-04-17 19:00:00,-3772.83
2050-04-17 20:00:00,-1700.01
2050-04-17 21:00:00,-3115.85
2050-04-17 22:00:00,-2714.03
2050-04-17 23:00:00,-3017.82
2050-04-18 00:00:00,-2377.43
2050-04-18 01:00:00,-3510.06
2050-04-18 02:00:00,-1289.79
2050-04-18 03:00:00,-1550.39
2050-04-18 04:00:00,-219.27
2050-04-18 05:00:00,-662.09
2050-04-18 06:00:00,-117.12
2050-04-18 07:00:00,-233.34
2050-04-18 08:00:00,1105.55
2050-04-18 09:00:00,1160.45
2050-04-18 10:00:00,-726.59
2050-04-18 11:00:00,-554.96
2050-04-18 12:00:00,395.87
2050-04-18 13:00:00,1427.5
2050-04-18 14:00:00,-788.65
2050-04-18 15:00:00,-2150.9
2050-04-18 16:00:00,-5202.15
2050-04-18 17:00:00,-4469.54
2050-04-18 18:00:00,-6085.95
2050-04-18 19:00:00,-7012.97
2050-04-18 20:00:00,-7006.07
2050-04-18 21:00:00,-6769.68
2050-04-18 22:00:00,-7228.74
2050-04-18 23:00:00,-7474.36
2050-04-19 00:00:00,-7757.54
2050-04-19 01:00:00,-7874.19
2050-04-19 02:00:00,-7919.97
2050-04-19 03:00:00,-6108.79
2050-04-19 04:00:00,-4419.21
2050-04-19 05:00:00,-4180.81
2050-04-19 06:00:00,-5197.86
2050-04-19 07:00:00,-5083.47
2050-04-19 08:00:00,-5289.9
2050-04-19 09:00:00,-2198.65
2050-04-19 10:00:00,-5344.95
2050-04-19 11:00:00,-4381.74
2050-04-19 12:00:00,-5325.03
2050-04-19 13:00:00,-5167.38
2050-04-19 14:00:00,-6399.35
2050-04-19 15:00:00,-5997.35
2050-04-19 16:00:00,-7018.43
2050-04-19 17:00:00,-6900.28
2050-04-19 18:00:00,-6957.71
2050-04-19 19:00:00,-7011.95
2050-04-19 20:00:00,-7006.32
2050-04-19 21:00:00,-6771.24
2050-04-19 22:00:00,-6889.82
2050-04-19 23:00:00,-7450.33
2050-04-20 00:00:00,-8075.68
2050-04-20 01:00:00,-8164.5
2050-04-20 02:00:00,-8293.78
2050-04-20 03:00:00,-8386.9
2050-04-20 04:00:00,-8389.15
2050-04-20 05:00:00,-8011.56
2050-04-20 06:00:00,-8189.27
2050-04-20 07:00:00,-8081.24
2050-04-20 08:00:00,-8030.23
2050-04-20 09:00:00,-7637.9
2050-04-20 10:00:00,-7650.95
2050-04-20 11:00:00,-4588.72
2050-04-20 12:00:00,-6785.43
2050-04-20 13:00:00,-4432.84
2050-04-20 14:00:00,-5481.75
2050-04-20 15:00:00,-2838.52
2050-04-20 16:00:00,-1547.72
2050-04-20 17:00:00,-980.72
2050-04-20 18:00:00,-2676.6
2050-04-20 19:00:00,-3018.2
2050-04-20 20:00:00,-3049.77
2050-04-20 21:00:00,-2861.48
2050-04-20 22:00:00,-2920.84
2050-04-20 23:00:00,-4384.06
2050-04-21 00:00:00,-5073.26
2050-04-21 01:00:00,-4586.17
2050-04-21 02:00:00,-3892.92
2050-04-21 03:00:00,-4786.74
2050-04-21 04:00:00,-4839.8
2050-04-21 05:00:00,-3209.04
2050-04-21 06:00:00,-4406.16
2050-04-21 07:00:00,-3421.96
2050-04-21 08:00:00,-5048.58
2050-04-21 09:00:00,-4904.38
2050-04-21 10:00:00,-5515.24
2050-04-21 11:00:00,-6567.49
2050-04-21 12:00:00,-6329.49
2050-04-21 13:00:00,-5231.32
2050-04-21 14:00:00,-5112.6
2050-04-21 15:00:00,-4813.61
2050-04-21 16:00:00,-2602.6
2050-04-21 17:00:00,-5096.69
2050-04-21 18:00:00,-6549.59
2050-04-21 19:00:00,-6723.96
2050-04-21 20:00:00,-6730.01
2050-04-21 21:00:00,-6162.26
2050-04-21 22:00:00,-3146.17
2050-04-21 23:00:00,-2914.32
2050-04-22 00:00:00,-2241.89
2050-04-22 01:00:00,-3998.2
2050-04-22 02:00:00,-4170.27
2050-04-22 03:00:00,-3667.58
2050-04-22 04:00:00,-2829.12
2050-04-22 05:00:00,-3096.5
2050-04-22 06:00:00,-3646.6
2050-04-22 07:00:00,-2497.26
2050-04-22 08:00:00,-2886.5
2050-04-22 09:00:00,-2987.94
2050-04-22 10:00:00,-3742.32
2050-04-22 11:00:00,-3848.03
2050-04-22 12:00:00,-4420.44
2050-04-22 13:00:00,-4987.0
2050-04-22 14:00:00,-5208.43
2050-04-22 15:00:00,-4901.61
2050-04-22 16:00:00,-6982.3
2050-04-22 17:00:00,-6213.89
2050-04-22 18:00:00,-3264.74
2050-04-22 19:00:00,-4016.51
2050-04-22 20:00:00,-4528.86
2050-04-22 21:00:00,-4651.56
2050-04-22 22:00:00,-3399.55
2050-04-22 23:00:00,-3036.73
2050-04-23 00:00:00,-5325.67
2050-04-23 01:00:00,-6096.05
2050-04-23 02:00:00,-5279.96
2050-04-23 03:00:00,-3366.46
2050-04-23 04:00:00,-4116.2
2050-04-23 05:00:00,-2726.61
2050-04-23 06:00:00,-2331.46
2050-04-23 07:00:00,532.67
2050-04-23 08:00:00,-166.65
2050-04-23 09:00:00,717.89
2050-04-23 10:00:00,2072.21
2050-04-23 11:00:00,2013.16
2050-04-23 12:00:00,2424.86
2050-04-23 13:00:00,2563.52
2050-04-23 14:00:00,2334.0
2050-04-23 15:00:00,1912.84
2050-04-23 16:00:00,918.7
2050-04-23 17:00:00,1518.53
2050-04-23 18:00:00,397.38
2050-04-23 19:00:00,-843.03
2050-04-23 20:00:00,-3367.7
2050-04-23 21:00:00,-4869.89
2050-04-23 22:00:00,-5645.48
2050-04-23 23:00:00,-6127.77
2050-04-24 00:00:00,-5481.67
2050-04-24 01:00:00,-4556.06
2050-04-24 02:00:00,-5894.35
2050-04-24 03:00:00,-4710.95
2050-04-24 04:00:00,-5108.75
2050-04-24 05:00:00,-3822.9
2050-04-24 06:00:00,-4249.42
2050-04-24 07:00:00,-4344.49
2050-04-24 08:00:00,-3674.91
2050-04-24 09:00:00,-3527.0
2050-04-24 10:00:00,-3889.21
2050-04-24 11:00:00,-2424.09
2050-04-24 12:00:00,-1596.54
2050-04-24 13:00:00,-2125.34
2050-04-24 14:00:00,-1658.43
2050-04-24 15:00:00,-338.76
2050-04-24 16:00:00,-1244.18
2050-04-24 17:00:00,-2020.85
2050-04-24 18:00:00,-2552.76
2050-04-24 19:00:00,-4787.52
2050-04-24 20:00:00,-3744.63
2050-04-24 21:00:00,-2218.08
2050-04-24 22:00:00,-1391.33
2050-04-24 23:00:00,-1099.52
2050-04-25 00:00:00,-2729.17
2050-04-25 01:00:00,-3138.4
2050-04-25 02:00:00,-2952.08
2050-04-25 03:00:00,-2370.21
2050-04-25 04:00:00,-2731.01
2050-04-25 05:00:00,-2719.15
2050-04-25 06:00:00,-2508.49
2050-04-25 07:00:00,-4179.58
2050-04-25 08:00:00,-4283.98
2050-04-25 09:00:00,-2900.14
2050-04-25 10:00:00,-2345.67
2050-04-25 11:00:00,-1069.62
2050-04-25 12:00:00,-1376.95
2050-04-25 13:00:00,-636.73
2050-04-25 14:00:00,449.49
2050-04-25 15:00:00,817.48
2050-04-25 16:00:00,-1716.52
2050-04-25 17:00:00,-780.92
2050-04-25 18:00:00,-330.27
2050-04-25 19:00:00,388.19
2050-04-25 20:00:00,347.48
2050-04-25 21:00:00,-1372.34
2050-04-25 22:00:00,-2233.01
2050-04-25 23:00:00,-4957.14
2050-04-26 00:00:00,-6927.21
2050-04-26 01:00:00,-4335.29
2050-04-26 02:00:00,-5255.05
2050-04-26 03:00:00,-6804.38
2050-04-26 04:00:00,-5782.23
2050-04-26 05:00:00,-4887.99
2050-04-26 06:00:00,-5359.72
2050-04-26 07:00:00,-4940.39
2050-04-26 08:00:00,-5125.72
2050-04-26 09:00:00,-6890.27
2050-04-26 10:00:00,-5869.83
2050-04-26 11:00:00,-6947.67
2050-04-26 12:00:00,-3535.05
2050-04-26 13:00:00,-1041.52
2050-04-26 14:00:00,-910.88
2050-04-26 15:00:00,-2071.79
2050-04-26 16:00:00,-227.23
2050-04-26 17:00:00,-2891.6
2050-04-26 18:00:00,-3449.29
2050-04-26 19:00:00,-707.02
2050-04-26 20:00:00,-884.21
2050-04-26 21:00:00,282.44
2050-04-26 22:00:00,-1383.06
2050-04-26 23:00:00,-2344.95
2050-04-27 00:00:00,-2338.48
2050-04-27 01:00:00,-2504.2
2050-04-27 02:00:00,-1906.29
2050-04-27 03:00:00,-1236.63
2050-04-27 04:00:00,-1847.37
2050-04-27 05:00:00,-1590.33
2050-04-27 06:00:00,-2257.7
2050-04-27 07:00:00,-2435.36
2050-04-27 08:00:00,-1096.69
2050-04-27 09:00:00,-742.43
2050-04-27 10:00:00,-2426.4
2050-04-27 11:00:00,-1134.73
2050-04-27 12:00:00,-333.82
2050-04-27 13:00:00,-988.18
2050-04-27 14:00:00,271.69
2050-04-27 15:00:00,894.91
2050-04-27 16:00:00,-829.91
2050-04-27 17:00:00,347.34
2050-04-27 18:00:00,-721.86
2050-04-27 19:00:00,-2096.93
2050-04-27 20:00:00,-2981.75
2050-04-27 21:00:00,-2062.13
2050-04-27 22:00:00,-1792.75
2050-04-27 23:00:00,-2243.83
2050-04-28 00:00:00,-1454.87
2050-04-28 01:00:00,-615.2
2050-04-28 02:00:00,-1147.85
2050-04-28 03:00:00,-2220.8
2050-04-28 04:00:00,-1900.25
2050-04-28 05:00:00,-603.06
2050-04-28 06:00:00,-1261.63
2050-04-28 07:00:00,-622.02
2050-04-28 08:00:00,-217.59
2050-04-28 09:00:00,48.1
2050-04-28 10:00:00,1453.28
2050-04-28 11:00:00,2150.93
2050-04-28 12:00:00,1460.56
2050-04-28 13:00:00,1410.42
2050-04-28 14:00:00,402.9
2050-04-28 15:00:00,-1617.08
2050-04-28 16:00:00,-6408.02
2050-04-28 17:00:00,-7284.42
2050-04-28 18:00:00,-6946.36
2050-04-28 19:00:00,-6946.27
2050-04-28 20:00:00,-5462.56
2050-04-28 21:00:00,-3601.28
2050-04-28 22:00:00,-5249.66
2050-04-28 23:00:00,-3644.9
2050-04-29 00:00:00,-2116.87
2050-04-29 01:00:00,-2451.59
2050-04-29 02:00:00,-5135.89
2050-04-29 03:00:00,-4684.2
2050-04-29 04:00:00,-3947.16
2050-04-29 05:00:00,-2581.98
2050-04-29 06:00:00,-3881.33
2050-04-29 07:00:00,-803.74
2050-04-29 08:00:00,-2732.83
2050-04-29 09:00:00,-4072.47
2050-04-29 10:00:00,-4255.39
2050-04-29 11:00:00,-2296.41
2050-04-29 12:00:00,-2929.69
2050-04-29 13:00:00,-2988.45
2050-04-29 14:00:00,-3107.87
2050-04-29 15:00:00,-5378.1
2050-04-29 16:00:00,-6961.82
2050-04-29 17:00:00,-6919.67
2050-04-29 18:00:00,-6781.6
2050-04-29 19:00:00,-6719.0
2050-04-29 20:00:00,-6911.93
2050-04-29 21:00:00,-6133.04
2050-04-29 22:00:00,-3738.54
2050-04-29 23:00:00,-3873.06
2050-04-30 00:00:00,-5351.89
2050-04-30 01:00:00,-5076.93
2050-04-30 02:00:00,-5202.55
2050-04-30 03:00:00,-5503.6
2050-04-30 04:00:00,-4453.18
2050-04-30 05:00:00,-4022.34
2050-04-30 06:00:00,-4006.6
2050-04-30 07:00:00,-5856.26
2050-04-30 08:00:00,-5628.32
2050-04-30 09:00:00,-5043.19
2050-04-30 10:00:00,-4811.15
2050-04-30 11:00:00,-5098.43
2050-04-30 12:00:00,-4937.93
2050-04-30 13:00:00,-4339.37
2050-04-30 14:00:00,-5604.9
2050-04-30 15:00:00,-5616.76
2050-04-30 16:00:00,-4488.55
2050-04-30 17:00:00,-6510.16
2050-04-30 18:00:00,-5996.7
2050-04-30 19:00:00,-6099.75
2050-04-30 20:00:00,-6233.88
2050-04-30 21:00:00,-6641.79
2050-04-30 22:00:00,-7060.2
2050-04-30 23:00:00,-3161.15
2050-05-01 00:00:00,-4927.34
2050-05-01 01:00:00,-4070.02
2050-05-01 02:00:00,-5824.84
2050-05-01 03:00:00,-5272.18
2050-05-01 04:00:00,-4021.13
2050-05-01 05:00:00,-2602.64
2050-05-01 06:00:00,-2287.04
2050-05-01 07:00:00,-2585.59
2050-05-01 08:00:00,-2146.66
2050-05-01 09:00:00,-166.49
2050-05-01 10:00:00,-419.56
2050-05-01 11:00:00,291.16
2050-05-01 12:00:00,1564.1
2050-05-01 13:00:00,2080.98
2050-05-01 14:00:00,1631.84
2050-05-01 15:00:00,725.99
2050-05-01 16:00:00,107.6
2050-05-01 17:00:00,562.49
2050-05-01 18:00:00,-978.19
2050-05-01 19:00:00,-1114.44
2050-05-01 20:00:00,-821.8
2050-05-01 21:00:00,-3126.47
2050-05-01 22:00:00,-3479.96
2050-05-01 23:00:00,-3608.53
2050-05-02 00:00:00,-4214.9
2050-05-02 01:00:00,-6293.23
2050-05-02 02:00:00,-6317.13
2050-05-02 03:00:00,-5210.92
2050-05-02 04:00:00,-4994.76
2050-05-02 05:00:00,-6836.37
2050-05-02 06:00:00,-5978.26
2050-05-02 07:00:00,-4541.45
2050-05-02 08:00:00,-1916.32
2050-05-02 09:00:00,-1329.24
2050-05-02 10:00:00,-520.31
2050-05-02 11:00:00,-577.13
2050-05-02 12:00:00,1010.79
2050-05-02 13:00:00,1152.98
2050-05-02 14:00:00,1183.65
2050-05-02 15:00:00,-694.06
2050-05-02 16:00:00,-880.14
2050-05-02 17:00:00,-2940.77
2050-05-02 18:00:00,-2532.64
2050-05-02 19:00:00,-2492.75
2050-05-02 20:00:00,-3636.57
2050-05-02 21:00:00,-3928.99
2050-05-02 22:00:00,-3637.49
2050-05-02 23:00:00,-1421.86
2050-05-03 00:00:00,-2443.27
2050-05-03 01:00:00,-3387.67
2050-05-03 02:00:00,-1907.17
2050-05-03 03:00:00,-3668.38
2050-05-03 04:00:00,-4288.11
2050-05-03 05:00:00,-4049.94
2050-05-03 06:00:00,-4776.43
2050-05-03 07:00:00,-4413.56
2050-05-03 08:00:00,-1688.27
2050-05-03 09:00:00,338.75
2050-05-03 10:00:00,-622.16
2050-05-03 11:00:00,164.1
2050-05-03 12:00:00,-844.17
2050-05-03 13:00:00,-628.42
2050-05-03 14:00:00,-2610.15
2050-05-03 15:00:00,-1660.4
2050-05-03 16:00:00,-282.07
2050-05-03 17:00:00,-1078.15
2050-05-03 18:00:00,-1000.68
2050-05-03 19:00:00,-1936.38
2050-05-03 20:00:00,-1976.69
2050-05-03 21:00:00,-1658.66
2050-05-03 22:00:00,-1654.6
2050-05-03 23:00:00,-1591.67
2050-05-04 00:00:00,-1407.02
2050-05-04 01:00:00,-825.21
2050-05-04 02:00:00,-1552.07
2050-05-04 03:00:00,-2527.74
2050-05-04 04:00:00,-1347.91
2050-05-04 05:00:00,1098.58
2050-05-04 06:00:00,665.89
2050-05-04 07:00:00,-323.14
2050-05-04 08:00:00,120.66
2050-05-04 09:00:00,1124.28
2050-05-04 10:00:00,964.95
2050-05-04 11:00:00,3421.12
2050-05-04 12:00:00,2697.75
2050-05-04 13:00:00,2369.51
2050-05-04 14:00:00,926.6
2050-05-04 15:00:00,251.57
2050-05-04 16:00:00,-1352.47
2050-05-04 17:00:00,-3210.55
2050-05-04 18:00:00,-3015.58
2050-05-04 19:00:00,-4038.56
2050-05-04 20:00:00,-5215.22
2050-05-04 21:00:00,-5885.67
2050-05-04 22:00:00,-6304.07
2050-05-04 23:00:00,-7180.09
2050-05-05 00:00:00,-6402.79
2050-05-05 01:00:00,-6282.46
2050-05-05 02:00:00,-5626.43
2050-05-05 03:00:00,-7271.72
2050-05-05 04:00:00,-6115.68
2050-05-05 05:00:00,-5366.24
2050-05-05 06:00:00,-5535.28
2050-05-05 07:00:00,-3488.6
2050-05-05 08:00:00,-2186.85
2050-05-05 09:00:00,-2131.7
2050-05-05 10:00:00,-3437.46
2050-05-05 11:00:00,-2913.19
2050-05-05 12:00:00,-1414.36
2050-05-05 13:00:00,-212.7
2050-05-05 14:00:00,763.03
2050-05-05 15:00:00,1730.92
2050-05-05 16:00:00,2065.45
2050-05-05 17:00:00,943.04
2050-05-05 18:00:00,-2947.41
2050-05-05 19:00:00,-2328.8
2050-05-05 20:00:00,-3064.22
2050-05-05 21:00:00,-4637.19
2050-05-05 22:00:00,-4593.83
2050-05-05 23:00:00,-6185.49
2050-05-06 00:00:00,-6451.05
2050-05-06 01:00:00,-6245.58
2050-05-06 02:00:00,-5750.29
2050-05-06 03:00:00,-4246.39
2050-05-06 04:00:00,-5270.26
2050-05-06 05:00:00,-4658.1
2050-05-06 06:00:00,-4484.2
2050-05-06 07:00:00,-3905.63
2050-05-06 08:00:00,-3443.26
2050-05-06 09:00:00,-3415.45
2050-05-06 10:00:00,-4615.56
2050-05-06 11:00:00,-3732.27
2050-05-06 12:00:00,-3727.25
2050-05-06 13:00:00,-2953.24
2050-05-06 14:00:00,-2264.12
2050-05-06 15:00:00,-2346.12
2050-05-06 16:00:00,-1839.42
2050-05-06 17:00:00,-187.1
2050-05-06 18:00:00,-770.44
2050-05-06 19:00:00,-2041.23
2050-05-06 20:00:00,-1235.03
2050-05-06 21:00:00,-65.68
2050-05-06 22:00:00,424.84
2050-05-06 23:00:00,462.11
2050-05-07 00:00:00,34.33
2050-05-07 01:00:00,-872.49
2050-05-07 02:00:00,-1276.54
2050-05-07 03:00:00,-1302.08
2050-05-07 04:00:00,-1712.36
2050-05-07 05:00:00,-2572.62
2050-05-07 06:00:00,-2953.33
2050-05-07 07:00:00,-1446.07
2050-05-07 08:00:00,-1243.83
2050-05-07 09:00:00,-718.8
2050-05-07 10:00:00,-353.79
2050-05-07 11:00:00,425.03
2050-05-07 12:00:00,1018.42
2050-05-07 13:00:00,1787.69
2050-05-07 14:00:00,1903.14
2050-05-07 15:00:00,97.09
2050-05-07 16:00:00,-1328.24
2050-05-07 17:00:00,-5140.58
2050-05-07 18:00:00,-6194.31
2050-05-07 19:00:00,-6115.67
2050-05-07 20:00:00,-6237.26
2050-05-07 21:00:00,-5793.41
2050-05-07 22:00:00,-3332.17
2050-05-07 23:00:00,-4756.24
2050-05-08 00:00:00,-4710.8
2050-05-08 01:00:00,-2841.09
2050-05-08 02:00:00,-1019.17
2050-05-08 03:00:00,-627.82
2050-05-08 04:00:00,-401.62
2050-05-08 05:00:00,-974.81
2050-05-08 06:00:00,-574.67
2050-05-08 07:00:00,-1893.64
2050-05-08 08:00:00,-733.11
2050-05-08 09:00:00,353.07
2050-05-08 10:00:00,221.2
2050-05-08 11:00:00,58.87
2050-05-08 12:00:00,314.29
2050-05-08 13:00:00,-366.08
2050-05-08 14:00:00,-1766.99
2050-05-08 15:00:00,-824.66
2050-05-08 16:00:00,-557.59
2050-05-08 17:00:00,-1883.81
2050-05-08 18:00:00,-1084.8
2050-05-08 19:00:00,339.47
2050-05-08 20:00:00,754.83
2050-05-08 21:00:00,67.0
2050-05-08 22:00:00,-466.74
2050-05-08 23:00:00,-2065.0
2050-05-09 00:00:00,-3685.93
2050-05-09 01:00:00,-3811.49
2050-05-09 02:00:00,-4690.03
2050-05-09 03:00:00,-4250.5
2050-05-09 04:00:00,-4816.28
2050-05-09 05:00:00,-5407.63
2050-05-09 06:00:00,-5938.42
2050-05-09 07:00:00,-6004.08
2050-05-09 08:00:00,-5431.75
2050-05-09 09:00:00,-4666.08
2050-05-09 10:00:00,-4346.02
2050-05-09 11:00:00,-2627.15
2050-05-09 12:00:00,-4044.54
2050-05-09 13:00:00,-4413.85
2050-05-09 14:00:00,-4781.31
2050-05-09 15:00:00,-3681.03
2050-05-09 16:00:00,-1918.17
2050-05-09 17:00:00,-2502.84
2050-05-09 18:00:00,-945.54
2050-05-09 19:00:00,-969.66
2050-05-09 20:00:00,-885.78
2050-05-09 21:00:00,-2484.58
2050-05-09 22:00:00,-2212.44
2050-05-09 23:00:00,-1523.12
2050-05-10 00:00:00,-2502.32
2050-05-10 01:00:00,-3056.85
2050-05-10 02:00:00,-1685.32
2050-05-10 03:00:00,-436.84
2050-05-10 04:00:00,-2035.45
2050-05-10 05:00:00,-2336.04
2050-05-10 06:00:00,-1437.63
2050-05-10 07:00:00,-81.3
2050-05-10 08:00:00,170.65
2050-05-10 09:00:00,679.25
2050-05-10 10:00:00,241.93
2050-05-10 11:00:00,105.69
2050-05-10 12:00:00,-984.61
2050-05-10 13:00:00,-2138.53
2050-05-10 14:00:00,-3023.36
2050-05-10 15:00:00,-3347.05
2050-05-10 16:00:00,-5518.92
2050-05-10 17:00:00,-6923.87
2050-05-10 18:00:00,-7030.2
2050-05-10 19:00:00,-7150.89
2050-05-10 20:00:00,-6984.56
2050-05-10 21:00:00,-7033.08
2050-05-10 22:00:00,-7144.22
2050-05-10 23:00:00,-7418.47
2050-05-11 00:00:00,-4993.14
2050-05-11 01:00:00,-5086.15
2050-05-11 02:00:00,-2117.34
2050-05-11 03:00:00,-3476.18
2050-05-11 04:00:00,-4543.12
2050-05-11 05:00:00,-4363.48
2050-05-11 06:00:00,-5721.19
2050-05-11 07:00:00,-2859.83
2050-05-11 08:00:00,-796.58
2050-05-11 09:00:00,144.61
2050-05-11 10:00:00,-555.22
2050-05-11 11:00:00,527.28
2050-05-11 12:00:00,1947.76
2050-05-11 13:00:00,2173.27
2050-05-11 14:00:00,531.19
2050-05-11 15:00:00,-1365.97
2050-05-11 16:00:00,-1779.34
2050-05-11 17:00:00,-2835.67
2050-05-11 18:00:00,1097.64
2050-05-11 19:00:00,557.36
2050-05-11 20:00:00,-1212.07
2050-05-11 21:00:00,-1470.69
2050-05-11 22:00:00,-2528.23
2050-05-11 23:00:00,-2482.8
2050-05-12 00:00:00,-1997.79
2050-05-12 01:00:00,-1690.84
2050-05-12 02:00:00,-2063.7
2050-05-12 03:00:00,-2281.81
2050-05-12 04:00:00,-3090.05
2050-05-12 05:00:00,-3876.11
2050-05-12 06:00:00,-1371.05
2050-05-12 07:00:00,-3005.79
2050-05-12 08:00:00,-5080.35
2050-05-12 09:00:00,-4955.38
2050-05-12 10:00:00,-5774.34
2050-05-12 11:00:00,-4322.39
2050-05-12 12:00:00,-3434.9
2050-05-12 13:00:00,-1577.15
2050-05-12 14:00:00,-601.17
2050-05-12 15:00:00,-1946.13
2050-05-12 16:00:00,-3659.45
2050-05-12 17:00:00,-5439.22
2050-05-12 18:00:00,-5595.85
2050-05-12 19:00:00,-4898.35
2050-05-12 20:00:00,-4184.68
2050-05-12 21:00:00,-3066.99
2050-05-12 22:00:00,-4214.63
2050-05-12 23:00:00,-5411.32
2050-05-13 00:00:00,-4463.96
2050-05-13 01:00:00,-5537.2
2050-05-13 02:00:00,-5276.37
2050-05-13 03:00:00,-4647.86
2050-05-13 04:00:00,-4108.73
2050-05-13 05:00:00,-3275.19
2050-05-13 06:00:00,-1126.42
2050-05-13 07:00:00,-1282.06
2050-05-13 08:00:00,-1451.57
2050-05-13 09:00:00,-2686.6
2050-05-13 10:00:00,-1757.86
2050-05-13 11:00:00,-1991.3
2050-05-13 12:00:00,-2048.13
2050-05-13 13:00:00,-772.46
2050-05-13 14:00:00,-325.01
2050-05-13 15:00:00,-3550.33
2050-05-13 16:00:00,-5189.89
2050-05-13 17:00:00,-3593.0
2050-05-13 18:00:00,-3037.43
2050-05-13 19:00:00,-1457.89
2050-05-13 20:00:00,-2491.93
2050-05-13 21:00:00,-3575.72
2050-05-13 22:00:00,-1384.67
2050-05-13 23:00:00,-1087.11
2050-05-14 00:00:00,-1151.06
2050-05-14 01:00:00,-1827.69
2050-05-14 02:00:00,-2427.2
2050-05-14 03:00:00,-1765.37
2050-05-14 04:00:00,-1442.1
2050-05-14 05:00:00,-270.99
2050-05-14 06:00:00,289.48
2050-05-14 07:00:00,1571.25
2050-05-14 08:00:00,2262.24
2050-05-14 09:00:00,2612.72
2050-05-14 10:00:00,2987.06
2050-05-14 11:00:00,3323.18
2050-05-14 12:00:00,3260.01
2050-05-14 13:00:00,2901.47
2050-05-14 14:00:00,2976.25
2050-05-14 15:00:00,2991.07
2050-05-14 16:00:00,2316.53
2050-05-14 17:00:00,1284.83
2050-05-14 18:00:00,-286.3
2050-05-14 19:00:00,-335.87
2050-05-14 20:00:00,83.91
2050-05-14 21:00:00,-1091.67
2050-05-14 22:00:00,-2063.84
2050-05-14 23:00:00,-1488.42
2050-05-15 00:00:00,-2075.22
2050-05-15 01:00:00,-2551.99
2050-05-15 02:00:00,-3564.0
2050-05-15 03:00:00,-5581.72
2050-05-15 04:00:00,-5283.41
2050-05-15 05:00:00,-5260.42
2050-05-15 06:00:00,-3756.98
2050-05-15 07:00:00,-2763.18
2050-05-15 08:00:00,-861.47
2050-05-15 09:00:00,78.63
2050-05-15 10:00:00,97.31
2050-05-15 11:00:00,-1673.43
2050-05-15 12:00:00,-967.74
2050-05-15 13:00:00,-3129.66
2050-05-15 14:00:00,-4119.09
2050-05-15 15:00:00,-6789.58
2050-05-15 16:00:00,-6615.57
2050-05-15 17:00:00,-6293.43
2050-05-15 18:00:00,-5924.81
2050-05-15 19:00:00,-5884.76
2050-05-15 20:00:00,-6117.07
2050-05-15 21:00:00,-6464.36
2050-05-15 22:00:00,-6967.81
2050-05-15 23:00:00,-7261.94
2050-05-16 00:00:00,-7284.99
2050-05-16 01:00:00,-7514.33
2050-05-16 02:00:00,-8487.72
2050-05-16 03:00:00,-7907.05
2050-05-16 04:00:00,-5831.39
2050-05-16 05:00:00,-6275.74
2050-05-16 06:00:00,-5795.42
2050-05-16 07:00:00,-3956.02
2050-05-16 08:00:00,-3076.3
2050-05-16 09:00:00,-2437.1
2050-05-16 10:00:00,-1983.76
2050-05-16 11:00:00,-2890.67
2050-05-16 12:00:00,-2444.04
2050-05-16 13:00:00,-2746.31
2050-05-16 14:00:00,-2512.97
2050-05-16 15:00:00,-3400.5
2050-05-16 16:00:00,-6165.81
2050-05-16 17:00:00,-5954.27
2050-05-16 18:00:00,-5634.08
2050-05-16 19:00:00,-5894.42
2050-05-16 20:00:00,-1691.99
2050-05-16 21:00:00,-3228.54
2050-05-16 22:00:00,-6219.77
2050-05-16 23:00:00,-6029.9
2050-05-17 00:00:00,-4889.31
2050-05-17 01:00:00,-4265.01
2050-05-17 02:00:00,-4500.4
2050-05-17 03:00:00,-3723.45
2050-05-17 04:00:00,-5418.16
2050-05-17 05:00:00,-4583.26
2050-05-17 06:00:00,-2472.66
2050-05-17 07:00:00,-1531.94
2050-05-17 08:00:00,-1413.59
2050-05-17 09:00:00,-2162.1
2050-05-17 10:00:00,-1162.54
2050-05-17 11:00:00,-745.26
2050-05-17 12:00:00,-1288.95
2050-05-17 13:00:00,-1338.5
2050-05-17 14:00:00,-1416.99
2050-05-17 15:00:00,-535.2
2050-05-17 16:00:00,-641.28
2050-05-17 17:00:00,-2816.18
2050-05-17 18:00:00,-880.27
2050-05-17 19:00:00,-1626.08
2050-05-17 20:00:00,-1692.91
2050-05-17 21:00:00,-3178.02
2050-05-17 22:00:00,-2203.88
2050-05-17 23:00:00,-1953.69
2050-05-18 00:00:00,-3874.4
2050-05-18 01:00:00,-2491.55
2050-05-18 02:00:00,-3293.91
2050-05-18 03:00:00,-1784.42
2050-05-18 04:00:00,-2021.33
2050-05-18 05:00:00,-1919.19
2050-05-18 06:00:00,-849.07
2050-05-18 07:00:00,-3198.32
2050-05-18 08:00:00,-2804.75
2050-05-18 09:00:00,-4130.25
2050-05-18 10:00:00,-2892.32
2050-05-18 11:00:00,-1845.63
2050-05-18 12:00:00,-1405.05
2050-05-18 13:00:00,-2809.31
2050-05-18 14:00:00,-4109.87
2050-05-18 15:00:00,-5175.25
2050-05-18 16:00:00,-6383.12
2050-05-18 17:00:00,-7160.27
2050-05-18 18:00:00,-6885.49
2050-05-18 19:00:00,-6049.25
2050-05-18 20:00:00,-6127.62
2050-05-18 21:00:00,-6840.51
2050-05-18 22:00:00,-6324.28
2050-05-18 23:00:00,-6299.64
2050-05-19 00:00:00,-6071.13
2050-05-19 01:00:00,-6081.49
2050-05-19 02:00:00,-5311.44
2050-05-19 03:00:00,-5352.66
2050-05-19 04:00:00,-4700.49
2050-05-19 05:00:00,-4043.84
2050-05-19 06:00:00,-6714.2
2050-05-19 07:00:00,-4557.99
2050-05-19 08:00:00,-1382.11
2050-05-19 09:00:00,-1293.38
2050-05-19 10:00:00,-879.96
2050-05-19 11:00:00,-796.34
2050-05-19 12:00:00,-2303.18
2050-05-19 13:00:00,-3045.79
2050-05-19 14:00:00,-3047.28
2050-05-19 15:00:00,-1704.98
2050-05-19 16:00:00,-837.2
2050-05-19 17:00:00,-2661.25
2050-05-19 18:00:00,-2932.46
2050-05-19 19:00:00,-5489.59
2050-05-19 20:00:00,-6837.38
2050-05-19 21:00:00,-7109.74
2050-05-19 22:00:00,-7429.48
2050-05-19 23:00:00,-7651.18
2050-05-20 00:00:00,-7481.65
2050-05-20 01:00:00,-7274.58
2050-05-20 02:00:00,-7045.5
2050-05-20 03:00:00,-6509.34
2050-05-20 04:00:00,-5808.1
2050-05-20 05:00:00,-5520.2
2050-05-20 06:00:00,-3799.74
2050-05-20 07:00:00,-3410.16
2050-05-20 08:00:00,-4868.56
2050-05-20 09:00:00,-4143.03
2050-05-20 10:00:00,-3221.45
2050-05-20 11:00:00,-2433.5
2050-05-20 12:00:00,-1629.14
2050-05-20 13:00:00,-2007.01
2050-05-20 14:00:00,-3392.07
2050-05-20 15:00:00,-4031.64
2050-05-20 16:00:00,-4272.27
2050-05-20 17:00:00,-4834.48
2050-05-20 18:00:00,-4873.72
2050-05-20 19:00:00,-349.62
2050-05-20 20:00:00,-737.77
2050-05-20 21:00:00,-415.0
2050-05-20 22:00:00,978.54
2050-05-20 23:00:00,-758.62
2050-05-21 00:00:00,106.82
2050-05-21 01:00:00,-116.21
2050-05-21 02:00:00,9.76
2050-05-21 03:00:00,134.34
2050-05-21 04:00:00,522.01
2050-05-21 05:00:00,1621.31
2050-05-21 06:00:00,1095.13
2050-05-21 07:00:00,1683.23
2050-05-21 08:00:00,1183.51
2050-05-21 09:00:00,2102.17
2050-05-21 10:00:00,2107.64
2050-05-21 11:00:00,2795.26
2050-05-21 12:00:00,3152.14
2050-05-21 13:00:00,2062.91
2050-05-21 14:00:00,3309.91
2050-05-21 15:00:00,3017.03
2050-05-21 16:00:00,2829.02
2050-05-21 17:00:00,2441.66
2050-05-21 18:00:00,2209.34
2050-05-21 19:00:00,-348.02
2050-05-21 20:00:00,-2711.16
2050-05-21 21:00:00,-2896.66
2050-05-21 22:00:00,-2099.35
2050-05-21 23:00:00,-2272.19
2050-05-22 00:00:00,-1998.28
2050-05-22 01:00:00,-3384.73
2050-05-22 02:00:00,-3629.47
2050-05-22 03:00:00,-1871.55
2050-05-22 04:00:00,-2024.34
2050-05-22 05:00:00,-4068.4
2050-05-22 06:00:00,-3209.89
2050-05-22 07:00:00,-3451.42
2050-05-22 08:00:00,-1655.44
2050-05-22 09:00:00,188.51
2050-05-22 10:00:00,849.5
2050-05-22 11:00:00,1823.91
2050-05-22 12:00:00,1506.63
2050-05-22 13:00:00,1239.88
2050-05-22 14:00:00,1096.01
2050-05-22 15:00:00,-469.8
2050-05-22 16:00:00,872.67
2050-05-22 17:00:00,-1746.85
2050-05-22 18:00:00,-1971.16
2050-05-22 19:00:00,-746.01
2050-05-22 20:00:00,-1016.92
2050-05-22 21:00:00,-212.97
2050-05-22 22:00:00,-1540.05
2050-05-22 23:00:00,-1729.49
2050-05-23 00:00:00,-1706.8
2050-05-23 01:00:00,-814.97
2050-05-23 02:00:00,-1641.52
2050-05-23 03:00:00,-1987.4
2050-05-23 04:00:00,-2628.32
2050-05-23 05:00:00,-1168.09
2050-05-23 06:00:00,-1581.0
2050-05-23 07:00:00,-490.44
2050-05-23 08:00:00,-438.83
2050-05-23 09:00:00,291.79
2050-05-23 10:00:00,1092.48
2050-05-23 11:00:00,2140.38
2050-05-23 12:00:00,2937.05
2050-05-23 13:00:00,3561.92
2050-05-23 14:00:00,3925.22
2050-05-23 15:00:00,3633.2
2050-05-23 16:00:00,2852.5
2050-05-23 17:00:00,1765.15
2050-05-23 18:00:00,1035.1
2050-05-23 19:00:00,-565.04
2050-05-23 20:00:00,-1163.78
2050-05-23 21:00:00,-162.86
2050-05-23 22:00:00,-3332.09
2050-05-23 23:00:00,-4463.88
2050-05-24 00:00:00,-4305.13
2050-05-24 01:00:00,-3355.77
2050-05-24 02:00:00,-3423.89
2050-05-24 03:00:00,-3415.73
2050-05-24 04:00:00,-2517.53
2050-05-24 05:00:00,-2152.1
2050-05-24 06:00:00,-2505.68
2050-05-24 07:00:00,-2528.76
2050-05-24 08:00:00,-2060.19
2050-05-24 09:00:00,159.13
2050-05-24 10:00:00,-446.54
2050-05-24 11:00:00,-74.62
2050-05-24 12:00:00,133.02
2050-05-24 13:00:00,-487.58
2050-05-24 14:00:00,602.33
2050-05-24 15:00:00,649.83
2050-05-24 16:00:00,80.42
2050-05-24 17:00:00,-1241.62
2050-05-24 18:00:00,-1709.64
2050-05-24 19:00:00,-896.61
2050-05-24 20:00:00,-2458.2
2050-05-24 21:00:00,-4707.51
2050-05-24 22:00:00,-4696.86
2050-05-24 23:00:00,-4161.36
2050-05-25 00:00:00,-3993.39
2050-05-25 01:00:00,-4014.23
2050-05-25 02:00:00,-4544.33
2050-05-25 03:00:00,-4908.05
2050-05-25 04:00:00,-4312.89
2050-05-25 05:00:00,-4338.53
2050-05-25 06:00:00,-2589.18
2050-05-25 07:00:00,-491.23
2050-05-25 08:00:00,-1124.93
2050-05-25 09:00:00,-1122.88
2050-05-25 10:00:00,-1709.26
2050-05-25 11:00:00,-579.96
2050-05-25 12:00:00,304.96
2050-05-25 13:00:00,-968.87
2050-05-25 14:00:00,-1621.06
2050-05-25 15:00:00,-2882.96
2050-05-25 16:00:00,-2970.64
2050-05-25 17:00:00,-2602.43
2050-05-25 18:00:00,-3082.4
2050-05-25 19:00:00,-2481.51
2050-05-25 20:00:00,-2022.51
2050-05-25 21:00:00,-2995.86
2050-05-25 22:00:00,-3608.86
2050-05-25 23:00:00,-4140.69
2050-05-26 00:00:00,-3714.34
2050-05-26 01:00:00,-5837.67
2050-05-26 02:00:00,-5329.53
2050-05-26 03:00:00,-4168.39
2050-05-26 04:00:00,-4273.26
2050-05-26 05:00:00,-4064.5
2050-05-26 06:00:00,-3417.23
2050-05-26 07:00:00,-1038.6
2050-05-26 08:00:00,-299.55
2050-05-26 09:00:00,819.16
2050-05-26 10:00:00,454.43
2050-05-26 11:00:00,193.26
2050-05-26 12:00:00,971.38
2050-05-26 13:00:00,108.04
2050-05-26 14:00:00,-3031.24
2050-05-26 15:00:00,-3160.19
2050-05-26 16:00:00,-3000.51
2050-05-26 17:00:00,-1916.31
2050-05-26 18:00:00,-4875.14
2050-05-26 19:00:00,-3325.34
2050-05-26 20:00:00,-2298.82
2050-05-26 21:00:00,-3159.29
2050-05-26 22:00:00,-2055.11
2050-05-26 23:00:00,-5644.85
2050-05-27 00:00:00,-4282.39
2050-05-27 01:00:00,-3054.15
2050-05-27 02:00:00,-4416.9
2050-05-27 03:00:00,-7317.51
2050-05-27 04:00:00,-4598.54
2050-05-27 05:00:00,-2744.64
2050-05-27 06:00:00,-2807.87
2050-05-27 07:00:00,-689.27
2050-05-27 08:00:00,-228.96
2050-05-27 09:00:00,25.24
2050-05-27 10:00:00,-347.07
2050-05-27 11:00:00,109.69
2050-05-27 12:00:00,62.67
2050-05-27 13:00:00,-595.47
2050-05-27 14:00:00,-1117.52
2050-05-27 15:00:00,-2303.57
2050-05-27 16:00:00,-2326.17
2050-05-27 17:00:00,-3667.55
2050-05-27 18:00:00,-2868.26
2050-05-27 19:00:00,-5195.06
2050-05-27 20:00:00,-5158.92
2050-05-27 21:00:00,-5527.88
2050-05-27 22:00:00,-5616.35
2050-05-27 23:00:00,-4658.66
2050-05-28 00:00:00,-5859.53
2050-05-28 01:00:00,-7655.62
2050-05-28 02:00:00,-6525.6
2050-05-28 03:00:00,-4081.27
2050-05-28 04:00:00,-3037.89
2050-05-28 05:00:00,-1052.49
2050-05-28 06:00:00,-583.89
2050-05-28 07:00:00,-2145.82
2050-05-28 08:00:00,-995.4
2050-05-28 09:00:00,-1675.61
2050-05-28 10:00:00,-972.24
2050-05-28 11:00:00,-1440.32
2050-05-28 12:00:00,-2107.87
2050-05-28 13:00:00,-1966.31
2050-05-28 14:00:00,-2344.9
2050-05-28 15:00:00,-6135.02
2050-05-28 16:00:00,-6099.97
2050-05-28 17:00:00,-6254.32
2050-05-28 18:00:00,-6106.3
2050-05-28 19:00:00,-6302.93
2050-05-28 20:00:00,-6411.51
2050-05-28 21:00:00,-6799.94
2050-05-28 22:00:00,-7232.45
2050-05-28 23:00:00,-7673.59
2050-05-29 00:00:00,-7918.26
2050-05-29 01:00:00,-6463.41
2050-05-29 02:00:00,-8476.67
2050-05-29 03:00:00,-5591.91
2050-05-29 04:00:00,-5669.41
2050-05-29 05:00:00,-4021.57
2050-05-29 06:00:00,-2426.46
2050-05-29 07:00:00,-4074.27
2050-05-29 08:00:00,-3232.61
2050-05-29 09:00:00,-2534.93
2050-05-29 10:00:00,-2744.13
2050-05-29 11:00:00,-3291.06
2050-05-29 12:00:00,-1830.84
2050-05-29 13:00:00,-1571.26
2050-05-29 14:00:00,-1573.8
2050-05-29 15:00:00,-2920.29
2050-05-29 16:00:00,-3470.02
2050-05-29 17:00:00,-3631.24
2050-05-29 18:00:00,-5274.71
2050-05-29 19:00:00,-2611.26
2050-05-29 20:00:00,-2931.41
2050-05-29 21:00:00,-2680.91
2050-05-29 22:00:00,-2714.14
2050-05-29 23:00:00,-4112.29
2050-05-30 00:00:00,-3386.4
2050-05-30 01:00:00,-3511.18
2050-05-30 02:00:00,-3980.14
2050-05-30 03:00:00,-3608.8
2050-05-30 04:00:00,-4343.58
2050-05-30 05:00:00,-4940.39
2050-05-30 06:00:00,-3533.67
2050-05-30 07:00:00,-2780.95
2050-05-30 08:00:00,-2146.89
2050-05-30 09:00:00,-2534.99
2050-05-30 10:00:00,-2422.24
2050-05-30 11:00:00,-1898.08
2050-05-30 12:00:00,-3002.98
2050-05-30 13:00:00,-3825.61
2050-05-30 14:00:00,-5020.06
2050-05-30 15:00:00,-5467.27
2050-05-30 16:00:00,-4615.58
2050-05-30 17:00:00,-1801.98
2050-05-30 18:00:00,-2925.55
2050-05-30 19:00:00,-3291.09
2050-05-30 20:00:00,-3289.72
2050-05-30 21:00:00,-4795.27
2050-05-30 22:00:00,-2550.65
2050-05-30 23:00:00,-3447.72
2050-05-31 00:00:00,-3315.84
2050-05-31 01:00:00,-2802.63
2050-05-31 02:00:00,-3405.96
2050-05-31 03:00:00,-4209.44
2050-05-31 04:00:00,-3594.0
2050-05-31 05:00:00,-4521.23
2050-05-31 06:00:00,-3411.06
2050-05-31 07:00:00,-2845.22
2050-05-31 08:00:00,-789.22
2050-05-31 09:00:00,-290.58
2050-05-31 10:00:00,-142.35
2050-05-31 11:00:00,259.17
2050-05-31 12:00:00,1322.35
2050-05-31 13:00:00,2238.95
2050-05-31 14:00:00,2811.48
2050-05-31 15:00:00,1536.15
2050-05-31 16:00:00,1905.59
2050-05-31 17:00:00,543.33
2050-05-31 18:00:00,-708.5
2050-05-31 19:00:00,-1959.67
2050-05-31 20:00:00,-2151.94
2050-05-31 21:00:00,-2768.6
2050-05-31 22:00:00,-3766.54
2050-05-31 23:00:00,-1739.27
2050-06-01 00:00:00,-2513.6
2050-06-01 01:00:00,-2128.39
2050-06-01 02:00:00,227.53
2050-06-01 03:00:00,156.25
2050-06-01 04:00:00,232.5
2050-06-01 05:00:00,1763.53
2050-06-01 06:00:00,2470.87
2050-06-01 07:00:00,1731.64
2050-06-01 08:00:00,2791.85
2050-06-01 09:00:00,3485.32
2050-06-01 10:00:00,4363.28
2050-06-01 11:00:00,4483.67
2050-06-01 12:00:00,4821.71
2050-06-01 13:00:00,4091.97
2050-06-01 14:00:00,4019.6
2050-06-01 15:00:00,3493.61
2050-06-01 16:00:00,2090.18
2050-06-01 17:00:00,340.71
2050-06-01 18:00:00,657.12
2050-06-01 19:00:00,649.91
2050-06-01 20:00:00,698.76
2050-06-01 21:00:00,1843.17
2050-06-01 22:00:00,2101.87
2050-06-01 23:00:00,2286.17
2050-06-02 00:00:00,565.72
2050-06-02 01:00:00,163.53
2050-06-02 02:00:00,-196.48
2050-06-02 03:00:00,-236.95
2050-06-02 04:00:00,838.62
2050-06-02 05:00:00,752.37
2050-06-02 06:00:00,925.99
2050-06-02 07:00:00,1355.62
2050-06-02 08:00:00,2690.72
2050-06-02 09:00:00,3558.74
2050-06-02 10:00:00,4253.59
2050-06-02 11:00:00,4247.12
2050-06-02 12:00:00,3650.01
2050-06-02 13:00:00,3030.77
2050-06-02 14:00:00,2936.0
2050-06-02 15:00:00,2206.09
2050-06-02 16:00:00,454.9
2050-06-02 17:00:00,442.23
2050-06-02 18:00:00,1755.99
2050-06-02 19:00:00,1945.48
2050-06-02 20:00:00,2368.5
2050-06-02 21:00:00,85.35
2050-06-02 22:00:00,2361.19
2050-06-02 23:00:00,896.88
2050-06-03 00:00:00,1254.52
2050-06-03 01:00:00,11.13
2050-06-03 02:00:00,-1743.23
2050-06-03 03:00:00,-386.92
2050-06-03 04:00:00,-343.1
2050-06-03 05:00:00,-829.26
2050-06-03 06:00:00,-1995.1
2050-06-03 07:00:00,-1700.92
2050-06-03 08:00:00,-2504.09
2050-06-03 09:00:00,-2013.56
2050-06-03 10:00:00,-903.51
2050-06-03 11:00:00,-275.94
2050-06-03 12:00:00,-789.96
2050-06-03 13:00:00,400.23
2050-06-03 14:00:00,-35.72
2050-06-03 15:00:00,-1302.35
2050-06-03 16:00:00,-1900.79
2050-06-03 17:00:00,-1641.16
2050-06-03 18:00:00,-1423.03
2050-06-03 19:00:00,-1113.76
2050-06-03 20:00:00,-2166.22
2050-06-03 21:00:00,-3108.55
2050-06-03 22:00:00,-3219.71
2050-06-03 23:00:00,-1494.08
2050-06-04 00:00:00,-2115.05
2050-06-04 01:00:00,-2402.69
2050-06-04 02:00:00,-2123.26
2050-06-04 03:00:00,-1697.74
2050-06-04 04:00:00,-1246.52
2050-06-04 05:00:00,-861.07
2050-06-04 06:00:00,61.6
2050-06-04 07:00:00,202.28
2050-06-04 08:00:00,1406.1
2050-06-04 09:00:00,2229.33
2050-06-04 10:00:00,1870.0
2050-06-04 11:00:00,3137.08
2050-06-04 12:00:00,3701.55
2050-06-04 13:00:00,4138.29
2050-06-04 14:00:00,3782.65
2050-06-04 15:00:00,2817.72
2050-06-04 16:00:00,1891.08
2050-06-04 17:00:00,-18.25
2050-06-04 18:00:00,1539.08
2050-06-04 19:00:00,482.31
2050-06-04 20:00:00,-450.47
2050-06-04 21:00:00,-954.45
2050-06-04 22:00:00,311.01
2050-06-04 23:00:00,-1151.13
2050-06-05 00:00:00,-1025.45
2050-06-05 01:00:00,-759.18
2050-06-05 02:00:00,-1821.94
2050-06-05 03:00:00,-968.66
2050-06-05 04:00:00,-2250.89
2050-06-05 05:00:00,-975.48
2050-06-05 06:00:00,-2237.02
2050-06-05 07:00:00,-1506.07
2050-06-05 08:00:00,-421.0
2050-06-05 09:00:00,-284.99
2050-06-05 10:00:00,-2.51
2050-06-05 11:00:00,609.64
2050-06-05 12:00:00,1008.46
2050-06-05 13:00:00,2100.02
2050-06-05 14:00:00,2225.9
2050-06-05 15:00:00,1350.67
2050-06-05 16:00:00,874.34
2050-06-05 17:00:00,-1382.27
2050-06-05 18:00:00,-1968.8
2050-06-05 19:00:00,-1044.83
2050-06-05 20:00:00,-816.2
2050-06-05 21:00:00,-1858.6
2050-06-05 22:00:00,-2067.4
2050-06-05 23:00:00,-988.59
2050-06-06 00:00:00,-1067.88
2050-06-06 01:00:00,-2411.71
2050-06-06 02:00:00,-3012.07
2050-06-06 03:00:00,-1460.27
2050-06-06 04:00:00,-264.08
2050-06-06 05:00:00,-1390.19
2050-06-06 06:00:00,-1403.82
2050-06-06 07:00:00,-1073.94
2050-06-06 08:00:00,-837.35
2050-06-06 09:00:00,2216.78
2050-06-06 10:00:00,2630.67
2050-06-06 11:00:00,3548.77
2050-06-06 12:00:00,4020.0
2050-06-06 13:00:00,3522.44
2050-06-06 14:00:00,1380.68
2050-06-06 15:00:00,-5.97
2050-06-06 16:00:00,-2008.18
2050-06-06 17:00:00,948.16
2050-06-06 18:00:00,-1457.6
2050-06-06 19:00:00,-1126.47
2050-06-06 20:00:00,-1672.43
2050-06-06 21:00:00,-1983.11
2050-06-06 22:00:00,-2453.43
2050-06-06 23:00:00,-3091.94
2050-06-07 00:00:00,-2455.59
2050-06-07 01:00:00,-2300.08
2050-06-07 02:00:00,-1654.74
2050-06-07 03:00:00,-2028.06
2050-06-07 04:00:00,-1839.93
2050-06-07 05:00:00,-1735.21
2050-06-07 06:00:00,-1274.44
2050-06-07 07:00:00,-412.53
2050-06-07 08:00:00,-56.11
2050-06-07 09:00:00,662.62
2050-06-07 10:00:00,-39.85
2050-06-07 11:00:00,226.52
2050-06-07 12:00:00,1255.15
2050-06-07 13:00:00,1725.61
2050-06-07 14:00:00,793.98
2050-06-07 15:00:00,591.45
2050-06-07 16:00:00,839.6
2050-06-07 17:00:00,2131.95
2050-06-07 18:00:00,1710.35
2050-06-07 19:00:00,1812.15
2050-06-07 20:00:00,856.98
2050-06-07 21:00:00,747.22
2050-06-07 22:00:00,-192.81
2050-06-07 23:00:00,-953.45
2050-06-08 00:00:00,-1079.01
2050-06-08 01:00:00,-1501.97
2050-06-08 02:00:00,-474.63
2050-06-08 03:00:00,-237.38
2050-06-08 04:00:00,-936.19
2050-06-08 05:00:00,-1080.51
2050-06-08 06:00:00,106.28
2050-06-08 07:00:00,-169.24
2050-06-08 08:00:00,765.02
2050-06-08 09:00:00,1173.95
2050-06-08 10:00:00,1224.95
2050-06-08 11:00:00,1492.87
2050-06-08 12:00:00,2265.06
2050-06-08 13:00:00,145.9
2050-06-08 14:00:00,-1695.44
2050-06-08 15:00:00,-3380.24
2050-06-08 16:00:00,-5583.02
2050-06-08 17:00:00,-4789.57
2050-06-08 18:00:00,-3085.49
2050-06-08 19:00:00,-4185.01
2050-06-08 20:00:00,-5117.44
2050-06-08 21:00:00,-5782.89
2050-06-08 22:00:00,-2963.28
2050-06-08 23:00:00,-4005.2
2050-06-09 00:00:00,-3598.63
2050-06-09 01:00:00,-3489.59
2050-06-09 02:00:00,-3700.13
2050-06-09 03:00:00,-3049.26
2050-06-09 04:00:00,-2836.09
2050-06-09 05:00:00,-4233.57
2050-06-09 06:00:00,-5622.1
2050-06-09 07:00:00,-3957.07
2050-06-09 08:00:00,-3588.66
2050-06-09 09:00:00,-2538.8
2050-06-09 10:00:00,-2220.41
2050-06-09 11:00:00,-1823.31
2050-06-09 12:00:00,-974.47
2050-06-09 13:00:00,-1592.01
2050-06-09 14:00:00,-2430.94
2050-06-09 15:00:00,-4305.42
2050-06-09 16:00:00,-5180.67
2050-06-09 17:00:00,-3245.37
2050-06-09 18:00:00,-3403.84
2050-06-09 19:00:00,-4063.67
2050-06-09 20:00:00,-3151.26
2050-06-09 21:00:00,-2898.63
2050-06-09 22:00:00,-3139.85
2050-06-09 23:00:00,-3878.93
2050-06-10 00:00:00,-4329.91
2050-06-10 01:00:00,-3890.98
2050-06-10 02:00:00,-4135.83
2050-06-10 03:00:00,-3835.03
2050-06-10 04:00:00,-3006.02
2050-06-10 05:00:00,-1327.45
2050-06-10 06:00:00,-333.16
2050-06-10 07:00:00,-973.33
2050-06-10 08:00:00,-678.53
2050-06-10 09:00:00,-1162.53
2050-06-10 10:00:00,-230.8
2050-06-10 11:00:00,320.76
2050-06-10 12:00:00,1453.67
2050-06-10 13:00:00,1119.71
2050-06-10 14:00:00,-367.97
2050-06-10 15:00:00,-3367.81
2050-06-10 16:00:00,-4698.81
2050-06-10 17:00:00,-4809.61
2050-06-10 18:00:00,-4416.99
2050-06-10 19:00:00,-5173.44
2050-06-10 20:00:00,-5117.49
2050-06-10 21:00:00,-4723.72
2050-06-10 22:00:00,-3609.22
2050-06-10 23:00:00,-3924.18
2050-06-11 00:00:00,-4359.93
2050-06-11 01:00:00,-5712.66
2050-06-11 02:00:00,-6481.65
2050-06-11 03:00:00,-5368.83
2050-06-11 04:00:00,-5153.26
2050-06-11 05:00:00,-6138.32
2050-06-11 06:00:00,-5341.64
2050-06-11 07:00:00,-3829.05
2050-06-11 08:00:00,-3445.87
2050-06-11 09:00:00,-3168.02
2050-06-11 10:00:00,-2987.43
2050-06-11 11:00:00,-3796.93
2050-06-11 12:00:00,-4925.01
2050-06-11 13:00:00,-5978.33
2050-06-11 14:00:00,-6217.92
2050-06-11 15:00:00,-7095.23
2050-06-11 16:00:00,-7044.37
2050-06-11 17:00:00,-6840.32
2050-06-11 18:00:00,-6430.02
2050-06-11 19:00:00,-6424.95
2050-06-11 20:00:00,-6426.37
2050-06-11 21:00:00,-6138.6
2050-06-11 22:00:00,-6648.09
2050-06-11 23:00:00,-6716.72
2050-06-12 00:00:00,-5134.19
2050-06-12 01:00:00,-3774.59
2050-06-12 02:00:00,-3513.71
2050-06-12 03:00:00,-3090.43
2050-06-12 04:00:00,-2970.5
2050-06-12 05:00:00,-2747.54
2050-06-12 06:00:00,-1962.83
2050-06-12 07:00:00,-2618.33
2050-06-12 08:00:00,-1098.43
2050-06-12 09:00:00,1255.83
2050-06-12 10:00:00,1872.09
2050-06-12 11:00:00,1431.07
2050-06-12 12:00:00,722.13
2050-06-12 13:00:00,662.0
2050-06-12 14:00:00,-694.85
2050-06-12 15:00:00,-3996.15
2050-06-12 16:00:00,-4069.94
2050-06-12 17:00:00,-3857.2
2050-06-12 18:00:00,-1873.1
2050-06-12 19:00:00,-4438.55
2050-06-12 20:00:00,-5427.97
2050-06-12 21:00:00,-2822.94
2050-06-12 22:00:00,-3166.1
2050-06-12 23:00:00,-2994.9
2050-06-13 00:00:00,-4005.27
2050-06-13 01:00:00,-6542.33
2050-06-13 02:00:00,-6097.61
2050-06-13 03:00:00,-5420.94
2050-06-13 04:00:00,-5117.02
2050-06-13 05:00:00,-4327.24
2050-06-13 06:00:00,-3542.04
2050-06-13 07:00:00,-2862.48
2050-06-13 08:00:00,-1083.85
2050-06-13 09:00:00,-417.44
2050-06-13 10:00:00,353.3
2050-06-13 11:00:00,-72.66
2050-06-13 12:00:00,1043.03
2050-06-13 13:00:00,830.96
2050-06-13 14:00:00,374.67
2050-06-13 15:00:00,1075.88
2050-06-13 16:00:00,2505.05
2050-06-13 17:00:00,1545.69
2050-06-13 18:00:00,2544.68
2050-06-13 19:00:00,1503.57
2050-06-13 20:00:00,2664.02
2050-06-13 21:00:00,1940.51
2050-06-13 22:00:00,55.28
2050-06-13 23:00:00,-1439.21
2050-06-14 00:00:00,-1325.85
2050-06-14 01:00:00,-864.09
2050-06-14 02:00:00,-3487.53
2050-06-14 03:00:00,-4181.52
2050-06-14 04:00:00,-5253.9
2050-06-14 05:00:00,-7658.27
2050-06-14 06:00:00,-5022.0
2050-06-14 07:00:00,-3602.6
2050-06-14 08:00:00,-2116.49
2050-06-14 09:00:00,467.18
2050-06-14 10:00:00,-0.24
2050-06-14 11:00:00,1773.33
2050-06-14 12:00:00,1866.84
2050-06-14 13:00:00,1496.45
2050-06-14 14:00:00,2709.42
2050-06-14 15:00:00,2559.91
2050-06-14 16:00:00,2058.55
2050-06-14 17:00:00,-366.41
2050-06-14 18:00:00,-139.79
2050-06-14 19:00:00,-556.02
2050-06-14 20:00:00,-912.54
2050-06-14 21:00:00,1747.43
2050-06-14 22:00:00,-2420.7
2050-06-14 23:00:00,-2376.25
2050-06-15 00:00:00,-702.31
2050-06-15 01:00:00,-873.14
2050-06-15 02:00:00,-3473.29
2050-06-15 03:00:00,-1820.25
2050-06-15 04:00:00,-1502.96
2050-06-15 05:00:00,-1168.55
2050-06-15 06:00:00,-1485.39
2050-06-15 07:00:00,-1047.66
2050-06-15 08:00:00,319.61
2050-06-15 09:00:00,1275.41
2050-06-15 10:00:00,1931.71
2050-06-15 11:00:00,3003.14
2050-06-15 12:00:00,3483.74
2050-06-15 13:00:00,2603.9
2050-06-15 14:00:00,1883.75
2050-06-15 15:00:00,1534.6
2050-06-15 16:00:00,1060.37
2050-06-15 17:00:00,898.39
2050-06-15 18:00:00,564.44
2050-06-15 19:00:00,-227.57
2050-06-15 20:00:00,-1422.85
2050-06-15 21:00:00,-1916.51
2050-06-15 22:00:00,-2427.15
2050-06-15 23:00:00,-1187.27
2050-06-16 00:00:00,-863.09
2050-06-16 01:00:00,-233.65
2050-06-16 02:00:00,-1057.34
2050-06-16 03:00:00,-927.07
2050-06-16 04:00:00,-135.32
2050-06-16 05:00:00,-381.94
2050-06-16 06:00:00,401.17
2050-06-16 07:00:00,13.63
2050-06-16 08:00:00,341.21
2050-06-16 09:00:00,1371.71
2050-06-16 10:00:00,1386.99
2050-06-16 11:00:00,1933.41
2050-06-16 12:00:00,2029.49
2050-06-16 13:00:00,1454.22
2050-06-16 14:00:00,1848.88
2050-06-16 15:00:00,2531.11
2050-06-16 16:00:00,1106.33
2050-06-16 17:00:00,291.75
2050-06-16 18:00:00,2178.22
2050-06-16 19:00:00,1449.47
2050-06-16 20:00:00,1196.49
2050-06-16 21:00:00,517.92
2050-06-16 22:00:00,-648.91
2050-06-16 23:00:00,-1057.13
2050-06-17 00:00:00,56.27
2050-06-17 01:00:00,1145.08
2050-06-17 02:00:00,1408.16
2050-06-17 03:00:00,1334.76
2050-06-17 04:00:00,937.6
2050-06-17 05:00:00,-534.65
2050-06-17 06:00:00,-196.09
2050-06-17 07:00:00,1387.3
2050-06-17 08:00:00,1313.64
2050-06-17 09:00:00,2056.46
2050-06-17 10:00:00,2375.75
2050-06-17 11:00:00,2086.49
2050-06-17 12:00:00,2179.38
2050-06-17 13:00:00,2462.51
2050-06-17 14:00:00,3782.59
2050-06-17 15:00:00,4176.97
2050-06-17 16:00:00,3356.09
2050-06-17 17:00:00,386.69
2050-06-17 18:00:00,955.89
2050-06-17 19:00:00,1481.14
2050-06-17 20:00:00,998.37
2050-06-17 21:00:00,1273.76
2050-06-17 22:00:00,-566.76
2050-06-17 23:00:00,486.82
2050-06-18 00:00:00,149.6
2050-06-18 01:00:00,508.68
2050-06-18 02:00:00,361.21
2050-06-18 03:00:00,-780.36
2050-06-18 04:00:00,-740.44
2050-06-18 05:00:00,-143.38
2050-06-18 06:00:00,-788.29
2050-06-18 07:00:00,-321.68
2050-06-18 08:00:00,645.16
2050-06-18 09:00:00,1128.35
2050-06-18 10:00:00,-238.3
2050-06-18 11:00:00,-457.67
2050-06-18 12:00:00,-967.12
2050-06-18 13:00:00,-1880.66
2050-06-18 14:00:00,-347.25
2050-06-18 15:00:00,-1735.16
2050-06-18 16:00:00,-3018.33
2050-06-18 17:00:00,-3833.36
2050-06-18 18:00:00,-3570.82
2050-06-18 19:00:00,-3914.94
2050-06-18 20:00:00,-2862.15
2050-06-18 21:00:00,-2052.02
2050-06-18 22:00:00,-1495.75
2050-06-18 23:00:00,-1675.77
2050-06-19 00:00:00,-2194.37
2050-06-19 01:00:00,-3603.97
2050-06-19 02:00:00,-3931.7
2050-06-19 03:00:00,-2422.69
2050-06-19 04:00:00,-3369.56
2050-06-19 05:00:00,-2076.59
2050-06-19 06:00:00,-3686.8
2050-06-19 07:00:00,-3194.23
2050-06-19 08:00:00,-1124.85
2050-06-19 09:00:00,-611.91
2050-06-19 10:00:00,482.62
2050-06-19 11:00:00,1689.09
2050-06-19 12:00:00,2122.39
2050-06-19 13:00:00,1780.52
2050-06-19 14:00:00,256.1
2050-06-19 15:00:00,-415.85
2050-06-19 16:00:00,-718.52
2050-06-19 17:00:00,-1629.58
2050-06-19 18:00:00,-867.87
2050-06-19 19:00:00,2189.24
2050-06-19 20:00:00,-1492.87
2050-06-19 21:00:00,1574.8
2050-06-19 22:00:00,752.72
2050-06-19 23:00:00,2541.57
2050-06-20 00:00:00,1569.43
2050-06-20 01:00:00,-1365.62
2050-06-20 02:00:00,-2895.5
2050-06-20 03:00:00,-2179.07
2050-06-20 04:00:00,-1567.11
2050-06-20 05:00:00,-1451.43
2050-06-20 06:00:00,-755.38
2050-06-20 07:00:00,-278.44
2050-06-20 08:00:00,826.72
2050-06-20 09:00:00,1467.6
2050-06-20 10:00:00,1238.62
2050-06-20 11:00:00,2016.87
2050-06-20 12:00:00,2259.37
2050-06-20 13:00:00,2326.0
2050-06-20 14:00:00,2183.53
2050-06-20 15:00:00,1015.98
2050-06-20 16:00:00,722.12
2050-06-20 17:00:00,491.0
2050-06-20 18:00:00,-1616.11
2050-06-20 19:00:00,-1973.32
2050-06-20 20:00:00,-1384.5
2050-06-20 21:00:00,-4231.74
2050-06-20 22:00:00,-3844.68
2050-06-20 23:00:00,-5005.13
2050-06-21 00:00:00,-5956.35
2050-06-21 01:00:00,-7092.33
2050-06-21 02:00:00,-7842.94
2050-06-21 03:00:00,-6665.61
2050-06-21 04:00:00,-4856.07
2050-06-21 05:00:00,-5393.46
2050-06-21 06:00:00,-3722.71
2050-06-21 07:00:00,-1882.66
2050-06-21 08:00:00,100.58
2050-06-21 09:00:00,158.3
2050-06-21 10:00:00,720.04
2050-06-21 11:00:00,1479.03
2050-06-21 12:00:00,2280.25
2050-06-21 13:00:00,3855.15
2050-06-21 14:00:00,2522.9
2050-06-21 15:00:00,1564.7
2050-06-21 16:00:00,584.12
2050-06-21 17:00:00,511.57
2050-06-21 18:00:00,2414.88
2050-06-21 19:00:00,779.97
2050-06-21 20:00:00,9.01
2050-06-21 21:00:00,-2119.13
2050-06-21 22:00:00,-3075.63
2050-06-21 23:00:00,-2297.99
2050-06-22 00:00:00,-2507.84
2050-06-22 01:00:00,-3587.92
2050-06-22 02:00:00,-2636.28
2050-06-22 03:00:00,-3465.42
2050-06-22 04:00:00,-1879.29
2050-06-22 05:00:00,-3315.24
2050-06-22 06:00:00,-2496.86
2050-06-22 07:00:00,-2324.62
2050-06-22 08:00:00,-466.28
2050-06-22 09:00:00,-469.21
2050-06-22 10:00:00,-641.93
2050-06-22 11:00:00,741.03
2050-06-22 12:00:00,171.55
2050-06-22 13:00:00,763.7
2050-06-22 14:00:00,19.31
2050-06-22 15:00:00,-255.54
2050-06-22 16:00:00,-1721.58
2050-06-22 17:00:00,-808.56
2050-06-22 18:00:00,-1438.61
2050-06-22 19:00:00,-1638.99
2050-06-22 20:00:00,-2237.81
2050-06-22 21:00:00,-2666.16
2050-06-22 22:00:00,-3364.03
2050-06-22 23:00:00,-3130.73
2050-06-23 00:00:00,-3432.22
2050-06-23 01:00:00,-4130.0
2050-06-23 02:00:00,-5696.62
2050-06-23 03:00:00,-6133.36
2050-06-23 04:00:00,-3853.39
2050-06-23 05:00:00,-3950.94
2050-06-23 06:00:00,-4415.03
2050-06-23 07:00:00,-2978.43
2050-06-23 08:00:00,-1800.39
2050-06-23 09:00:00,-1932.83
2050-06-23 10:00:00,-549.42
2050-06-23 11:00:00,770.87
2050-06-23 12:00:00,1308.67
2050-06-23 13:00:00,1540.45
2050-06-23 14:00:00,839.71
2050-06-23 15:00:00,104.25
2050-06-23 16:00:00,-322.11
2050-06-23 17:00:00,-1029.56
2050-06-23 18:00:00,-2145.7
2050-06-23 19:00:00,-2268.96
2050-06-23 20:00:00,-400.79
2050-06-23 21:00:00,871.64
2050-06-23 22:00:00,280.77
2050-06-23 23:00:00,-201.05
2050-06-24 00:00:00,-1830.21
2050-06-24 01:00:00,-2131.5
2050-06-24 02:00:00,-1932.26
2050-06-24 03:00:00,-1578.81
2050-06-24 04:00:00,-966.23
2050-06-24 05:00:00,-1523.06
2050-06-24 06:00:00,-445.21
2050-06-24 07:00:00,636.17
2050-06-24 08:00:00,2811.51
2050-06-24 09:00:00,3135.52
2050-06-24 10:00:00,4047.35
2050-06-24 11:00:00,4368.51
2050-06-24 12:00:00,4205.42
2050-06-24 13:00:00,3323.31
2050-06-24 14:00:00,3288.37
2050-06-24 15:00:00,3657.51
2050-06-24 16:00:00,2147.8
2050-06-24 17:00:00,1679.32
2050-06-24 18:00:00,-486.75
2050-06-24 19:00:00,76.47
2050-06-24 20:00:00,-1517.67
2050-06-24 21:00:00,-1481.43
2050-06-24 22:00:00,-1364.96
2050-06-24 23:00:00,276.88
2050-06-25 00:00:00,-632.48
2050-06-25 01:00:00,-1331.52
2050-06-25 02:00:00,-628.14
2050-06-25 03:00:00,-1124.41
2050-06-25 04:00:00,-1051.73
2050-06-25 05:00:00,-52.64
2050-06-25 06:00:00,7.28
2050-06-25 07:00:00,1283.89
2050-06-25 08:00:00,2468.97
2050-06-25 09:00:00,2817.28
2050-06-25 10:00:00,3696.72
2050-06-25 11:00:00,4089.48
2050-06-25 12:00:00,4768.08
2050-06-25 13:00:00,4593.52
2050-06-25 14:00:00,4419.29
2050-06-25 15:00:00,3740.75
2050-06-25 16:00:00,3568.35
2050-06-25 17:00:00,3561.29
2050-06-25 18:00:00,3890.34
2050-06-25 19:00:00,3151.27
2050-06-25 20:00:00,2904.9
2050-06-25 21:00:00,2209.17
2050-06-25 22:00:00,2527.28
2050-06-25 23:00:00,1033.24
2050-06-26 00:00:00,2173.21
2050-06-26 01:00:00,2193.66
2050-06-26 02:00:00,1986.26
2050-06-26 03:00:00,1483.55
2050-06-26 04:00:00,1458.64
2050-06-26 05:00:00,1586.95
2050-06-26 06:00:00,2149.15
2050-06-26 07:00:00,2263.61
2050-06-26 08:00:00,2919.74
2050-06-26 09:00:00,3742.8
2050-06-26 10:00:00,4096.73
2050-06-26 11:00:00,4100.63
2050-06-26 12:00:00,3667.44
2050-06-26 13:00:00,3534.75
2050-06-26 14:00:00,3120.44
2050-06-26 15:00:00,1672.82
2050-06-26 16:00:00,-539.31
2050-06-26 17:00:00,-1886.88
2050-06-26 18:00:00,-1613.32
2050-06-26 19:00:00,-1799.9
2050-06-26 20:00:00,-1487.46
2050-06-26 21:00:00,-2171.85
2050-06-26 22:00:00,-1940.66
2050-06-26 23:00:00,-2769.8
2050-06-27 00:00:00,-3363.43
2050-06-27 01:00:00,-3897.01
2050-06-27 02:00:00,-3720.78
2050-06-27 03:00:00,-3046.76
2050-06-27 04:00:00,-730.02
2050-06-27 05:00:00,-3940.11
2050-06-27 06:00:00,-4730.25
2050-06-27 07:00:00,-3441.03
2050-06-27 08:00:00,-2844.49
2050-06-27 09:00:00,-693.42
2050-06-27 10:00:00,-415.59
2050-06-27 11:00:00,-854.43
2050-06-27 12:00:00,-574.65
2050-06-27 13:00:00,-411.26
2050-06-27 14:00:00,-1391.2
2050-06-27 15:00:00,-245.04
2050-06-27 16:00:00,-2289.01
2050-06-27 17:00:00,-1711.3
2050-06-27 18:00:00,-1350.19
2050-06-27 19:00:00,-2613.82
2050-06-27 20:00:00,-2823.79
2050-06-27 21:00:00,-3095.53
2050-06-27 22:00:00,-2102.7
2050-06-27 23:00:00,-1917.94
2050-06-28 00:00:00,-3995.32
2050-06-28 01:00:00,-4118.82
2050-06-28 02:00:00,-4494.45
2050-06-28 03:00:00,-4865.19
2050-06-28 04:00:00,-2009.07
2050-06-28 05:00:00,-960.61
2050-06-28 06:00:00,113.9
2050-06-28 07:00:00,1912.59
2050-06-28 08:00:00,894.35
2050-06-28 09:00:00,2877.93
2050-06-28 10:00:00,2866.88
2050-06-28 11:00:00,3707.69
2050-06-28 12:00:00,4742.52
2050-06-28 13:00:00,4198.64
2050-06-28 14:00:00,4503.12
2050-06-28 15:00:00,4317.75
2050-06-28 16:00:00,2772.8
2050-06-28 17:00:00,2381.76
2050-06-28 18:00:00,467.85
2050-06-28 19:00:00,162.29
2050-06-28 20:00:00,-298.51
2050-06-28 21:00:00,1307.36
2050-06-28 22:00:00,1196.54
2050-06-28 23:00:00,-365.96
2050-06-29 00:00:00,-3042.94
2050-06-29 01:00:00,-2935.31
2050-06-29 02:00:00,-3931.92
2050-06-29 03:00:00,-3570.9
2050-06-29 04:00:00,-2676.5
2050-06-29 05:00:00,-942.33
2050-06-29 06:00:00,-921.84
2050-06-29 07:00:00,388.71
2050-06-29 08:00:00,1241.46
2050-06-29 09:00:00,2057.55
2050-06-29 10:00:00,3002.28
2050-06-29 11:00:00,3757.59
2050-06-29 12:00:00,4566.86
2050-06-29 13:00:00,4667.36
2050-06-29 14:00:00,3189.61
2050-06-29 15:00:00,2158.32
2050-06-29 16:00:00,797.55
2050-06-29 17:00:00,-631.8
2050-06-29 18:00:00,-2145.96
2050-06-29 19:00:00,-736.51
2050-06-29 20:00:00,-838.1
2050-06-29 21:00:00,-2175.32
2050-06-29 22:00:00,-4130.19
2050-06-29 23:00:00,-4041.41
2050-06-30 00:00:00,-3679.17
2050-06-30 01:00:00,-3208.89
2050-06-30 02:00:00,-3178.9
2050-06-30 03:00:00,-2675.09
2050-06-30 04:00:00,-1285.96
2050-06-30 05:00:00,-405.88
2050-06-30 06:00:00,-1131.6
2050-06-30 07:00:00,-265.59
2050-06-30 08:00:00,-46.43
2050-06-30 09:00:00,1380.36
2050-06-30 10:00:00,2451.48
2050-06-30 11:00:00,3171.3
2050-06-30 12:00:00,2828.85
2050-06-30 13:00:00,1267.61
2050-06-30 14:00:00,1063.22
2050-06-30 15:00:00,-743.89
2050-06-30 16:00:00,-1583.74
2050-06-30 17:00:00,-3486.43
2050-06-30 18:00:00,-4016.18
2050-06-30 19:00:00,-4598.77
2050-06-30 20:00:00,-3460.86
2050-06-30 21:00:00,-3620.36
2050-06-30 22:00:00,-3185.54
2050-06-30 23:00:00,-2698.65
2050-07-01 00:00:00,-2203.3
2050-07-01 01:00:00,-2762.57
2050-07-01 02:00:00,-1567.56
2050-07-01 03:00:00,-2446.03
2050-07-01 04:00:00,-3786.92
2050-07-01 05:00:00,-900.56
2050-07-01 06:00:00,-567.89
2050-07-01 07:00:00,-412.15
2050-07-01 08:00:00,697.19
2050-07-01 09:00:00,1419.4
2050-07-01 10:00:00,1584.33
2050-07-01 11:00:00,1971.06
2050-07-01 12:00:00,1842.88
2050-07-01 13:00:00,178.78
2050-07-01 14:00:00,268.8
2050-07-01 15:00:00,-802.39
2050-07-01 16:00:00,-1729.37
2050-07-01 17:00:00,-2078.32
2050-07-01 18:00:00,-3499.51
2050-07-01 19:00:00,-3140.13
2050-07-01 20:00:00,-1861.75
2050-07-01 21:00:00,1320.51
2050-07-01 22:00:00,-1190.82
2050-07-01 23:00:00,-751.15
2050-07-02 00:00:00,26.83
2050-07-02 01:00:00,713.73
2050-07-02 02:00:00,99.46
2050-07-02 03:00:00,-965.09
2050-07-02 04:00:00,-689.7
2050-07-02 05:00:00,19.33
2050-07-02 06:00:00,527.41
2050-07-02 07:00:00,553.81
2050-07-02 08:00:00,1396.39
2050-07-02 09:00:00,2546.65
2050-07-02 10:00:00,2486.19
2050-07-02 11:00:00,3156.42
2050-07-02 12:00:00,2853.63
2050-07-02 13:00:00,2165.61
2050-07-02 14:00:00,1654.21
2050-07-02 15:00:00,2963.16
2050-07-02 16:00:00,-220.56
2050-07-02 17:00:00,824.06
2050-07-02 18:00:00,-1061.69
2050-07-02 19:00:00,3092.69
2050-07-02 20:00:00,531.63
2050-07-02 21:00:00,1372.86
2050-07-02 22:00:00,361.13
2050-07-02 23:00:00,-199.59
2050-07-03 00:00:00,-419.53
2050-07-03 01:00:00,-578.37
2050-07-03 02:00:00,-543.7
2050-07-03 03:00:00,-963.56
2050-07-03 04:00:00,-1175.97
2050-07-03 05:00:00,-599.84
2050-07-03 06:00:00,-56.26
2050-07-03 07:00:00,822.65
2050-07-03 08:00:00,1641.11
2050-07-03 09:00:00,2778.36
2050-07-03 10:00:00,3620.74
2050-07-03 11:00:00,4293.65
2050-07-03 12:00:00,4766.78
2050-07-03 13:00:00,5013.85
2050-07-03 14:00:00,5130.19
2050-07-03 15:00:00,4666.3
2050-07-03 16:00:00,4130.5
2050-07-03 17:00:00,4284.34
2050-07-03 18:00:00,2860.98
2050-07-03 19:00:00,1995.32
2050-07-03 20:00:00,3075.69
2050-07-03 21:00:00,3545.95
2050-07-03 22:00:00,3584.43
2050-07-03 23:00:00,2719.19
2050-07-04 00:00:00,3306.8
2050-07-04 01:00:00,2462.48
2050-07-04 02:00:00,2531.09
2050-07-04 03:00:00,2203.9
2050-07-04 04:00:00,2100.32
2050-07-04 05:00:00,2327.3
2050-07-04 06:00:00,1574.89
2050-07-04 07:00:00,2036.94
2050-07-04 08:00:00,3043.59
2050-07-04 09:00:00,3757.55
2050-07-04 10:00:00,4142.36
2050-07-04 11:00:00,4777.44
2050-07-04 12:00:00,5306.06
2050-07-04 13:00:00,5579.55
2050-07-04 14:00:00,5714.52
2050-07-04 15:00:00,5633.04
2050-07-04 16:00:00,5742.94
2050-07-04 17:00:00,5828.5
2050-07-04 18:00:00,5353.68
2050-07-04 19:00:00,5580.19
2050-07-04 20:00:00,4842.46
2050-07-04 21:00:00,4976.34
2050-07-04 22:00:00,4933.71
2050-07-04 23:00:00,4693.45
2050-07-05 00:00:00,4021.0
2050-07-05 01:00:00,3321.39
2050-07-05 02:00:00,2488.15
2050-07-05 03:00:00,2326.43
2050-07-05 04:00:00,2306.43
2050-07-05 05:00:00,2530.13
2050-07-05 06:00:00,2249.49
2050-07-05 07:00:00,2994.96
2050-07-05 08:00:00,3613.37
2050-07-05 09:00:00,3924.92
2050-07-05 10:00:00,4103.75
2050-07-05 11:00:00,4389.1
2050-07-05 12:00:00,4145.3
2050-07-05 13:00:00,3712.32
2050-07-05 14:00:00,3082.87
2050-07-05 15:00:00,2035.32
2050-07-05 16:00:00,843.45
2050-07-05 17:00:00,2085.07
2050-07-05 18:00:00,844.85
2050-07-05 19:00:00,-1951.72
2050-07-05 20:00:00,-1275.4
2050-07-05 21:00:00,-1050.58
2050-07-05 22:00:00,-1568.12
2050-07-05 23:00:00,-1385.3
2050-07-06 00:00:00,-1282.1
2050-07-06 01:00:00,-2170.24
2050-07-06 02:00:00,-2043.24
2050-07-06 03:00:00,-1179.84
2050-07-06 04:00:00,-1553.01
2050-07-06 05:00:00,-1592.48
2050-07-06 06:00:00,-1141.96
2050-07-06 07:00:00,1423.32
2050-07-06 08:00:00,1213.78
2050-07-06 09:00:00,3198.64
2050-07-06 10:00:00,3369.11
2050-07-06 11:00:00,3966.38
2050-07-06 12:00:00,3329.88
2050-07-06 13:00:00,2363.74
2050-07-06 14:00:00,2680.6
2050-07-06 15:00:00,-591.09
2050-07-06 16:00:00,-487.12
2050-07-06 17:00:00,-2763.12
2050-07-06 18:00:00,-272.1
2050-07-06 19:00:00,305.8
2050-07-06 20:00:00,1246.99
2050-07-06 21:00:00,1932.8
2050-07-06 22:00:00,1255.29
2050-07-06 23:00:00,1695.28
2050-07-07 00:00:00,-2170.89
2050-07-07 01:00:00,-2018.79
2050-07-07 02:00:00,-2177.11
2050-07-07 03:00:00,-1725.89
2050-07-07 04:00:00,-1905.46
2050-07-07 05:00:00,-1715.96
2050-07-07 06:00:00,-2233.09
2050-07-07 07:00:00,-492.03
2050-07-07 08:00:00,207.78
2050-07-07 09:00:00,1246.3
2050-07-07 10:00:00,1450.96
2050-07-07 11:00:00,1221.88
2050-07-07 12:00:00,616.1
2050-07-07 13:00:00,672.12
2050-07-07 14:00:00,1097.79
2050-07-07 15:00:00,-1208.64
2050-07-07 16:00:00,1874.92
2050-07-07 17:00:00,2565.69
2050-07-07 18:00:00,3205.1
2050-07-07 19:00:00,3491.31
2050-07-07 20:00:00,2408.41
2050-07-07 21:00:00,1564.15
2050-07-07 22:00:00,1032.85
2050-07-07 23:00:00,1949.95
2050-07-08 00:00:00,1857.64
2050-07-08 01:00:00,1857.18
2050-07-08 02:00:00,1107.09
2050-07-08 03:00:00,1439.91
2050-07-08 04:00:00,1276.26
2050-07-08 05:00:00,1549.62
2050-07-08 06:00:00,1725.81
2050-07-08 07:00:00,1998.77
2050-07-08 08:00:00,2638.5
2050-07-08 09:00:00,3186.59
2050-07-08 10:00:00,3093.3
2050-07-08 11:00:00,2978.83
2050-07-08 12:00:00,3212.15
2050-07-08 13:00:00,2505.73
2050-07-08 14:00:00,1698.21
2050-07-08 15:00:00,1054.71
2050-07-08 16:00:00,2059.69
2050-07-08 17:00:00,2346.46
2050-07-08 18:00:00,2545.09
2050-07-08 19:00:00,3073.01
2050-07-08 20:00:00,4553.72
2050-07-08 21:00:00,3030.86
2050-07-08 22:00:00,2669.86
2050-07-08 23:00:00,3126.43
2050-07-09 00:00:00,3041.68
2050-07-09 01:00:00,2817.09
2050-07-09 02:00:00,2397.23
2050-07-09 03:00:00,1151.38
2050-07-09 04:00:00,-1058.94
2050-07-09 05:00:00,720.59
2050-07-09 06:00:00,1558.3
2050-07-09 07:00:00,2920.8
2050-07-09 08:00:00,2573.4
2050-07-09 09:00:00,2187.38
2050-07-09 10:00:00,2799.8
2050-07-09 11:00:00,3454.69
2050-07-09 12:00:00,3440.72
2050-07-09 13:00:00,3744.83
2050-07-09 14:00:00,4374.71
2050-07-09 15:00:00,4763.54
2050-07-09 16:00:00,4456.42
2050-07-09 17:00:00,4310.67
2050-07-09 18:00:00,2709.01
2050-07-09 19:00:00,1539.17
2050-07-09 20:00:00,1589.27
2050-07-09 21:00:00,1717.07
2050-07-09 22:00:00,1982.76
2050-07-09 23:00:00,395.63
2050-07-10 00:00:00,3007.1
2050-07-10 01:00:00,1458.82
2050-07-10 02:00:00,423.19
2050-07-10 03:00:00,471.37
2050-07-10 04:00:00,563.97
2050-07-10 05:00:00,610.31
2050-07-10 06:00:00,300.64
2050-07-10 07:00:00,904.52
2050-07-10 08:00:00,1016.5
2050-07-10 09:00:00,2606.32
2050-07-10 10:00:00,3374.29
2050-07-10 11:00:00,3415.36
2050-07-10 12:00:00,2854.04
2050-07-10 13:00:00,3232.42
2050-07-10 14:00:00,2893.57
2050-07-10 15:00:00,2541.37
2050-07-10 16:00:00,1322.74
2050-07-10 17:00:00,1053.45
2050-07-10 18:00:00,853.5
2050-07-10 19:00:00,-425.21
2050-07-10 20:00:00,-170.2
2050-07-10 21:00:00,-1844.44
2050-07-10 22:00:00,-1918.1
2050-07-10 23:00:00,-3415.54
2050-07-11 00:00:00,-1115.2
2050-07-11 01:00:00,-1209.54
2050-07-11 02:00:00,-956.0
2050-07-11 03:00:00,-73.35
2050-07-11 04:00:00,46.95
2050-07-11 05:00:00,371.05
2050-07-11 06:00:00,-477.19
2050-07-11 07:00:00,801.31
2050-07-11 08:00:00,1669.66
2050-07-11 09:00:00,2641.15
2050-07-11 10:00:00,3185.64
2050-07-11 11:00:00,3496.89
2050-07-11 12:00:00,3305.65
2050-07-11 13:00:00,3715.93
2050-07-11 14:00:00,3401.14
2050-07-11 15:00:00,2304.11
2050-07-11 16:00:00,1385.84
2050-07-11 17:00:00,-1129.9
2050-07-11 18:00:00,1489.08
2050-07-11 19:00:00,1149.23
2050-07-11 20:00:00,-10.57
2050-07-11 21:00:00,1578.18
2050-07-11 22:00:00,1411.49
2050-07-11 23:00:00,-484.01
2050-07-12 00:00:00,1652.19
2050-07-12 01:00:00,-57.84
2050-07-12 02:00:00,-1157.66
2050-07-12 03:00:00,-465.66
2050-07-12 04:00:00,112.3
2050-07-12 05:00:00,1151.59
2050-07-12 06:00:00,385.38
2050-07-12 07:00:00,860.54
2050-07-12 08:00:00,1432.28
2050-07-12 09:00:00,2155.82
2050-07-12 10:00:00,2042.83
2050-07-12 11:00:00,2753.91
2050-07-12 12:00:00,2283.45
2050-07-12 13:00:00,1466.23
2050-07-12 14:00:00,1543.87
2050-07-12 15:00:00,961.79
2050-07-12 16:00:00,-416.47
2050-07-12 17:00:00,250.58
2050-07-12 18:00:00,-1580.93
2050-07-12 19:00:00,-4523.55
2050-07-12 20:00:00,-5188.02
2050-07-12 21:00:00,-2255.82
2050-07-12 22:00:00,-3018.27
2050-07-12 23:00:00,-2247.7
2050-07-13 00:00:00,-1097.07
2050-07-13 01:00:00,-237.61
2050-07-13 02:00:00,-538.47
2050-07-13 03:00:00,783.68
2050-07-13 04:00:00,925.64
2050-07-13 05:00:00,1582.98
2050-07-13 06:00:00,1834.67
2050-07-13 07:00:00,2371.84
2050-07-13 08:00:00,2305.98
2050-07-13 09:00:00,2728.13
2050-07-13 10:00:00,3131.46
2050-07-13 11:00:00,3336.69
2050-07-13 12:00:00,3841.8
2050-07-13 13:00:00,3206.82
2050-07-13 14:00:00,2777.1
2050-07-13 15:00:00,1674.37
2050-07-13 16:00:00,2233.14
2050-07-13 17:00:00,1830.85
2050-07-13 18:00:00,1712.44
2050-07-13 19:00:00,1086.85
2050-07-13 20:00:00,403.0
2050-07-13 21:00:00,977.91
2050-07-13 22:00:00,748.81
2050-07-13 23:00:00,-249.33
2050-07-14 00:00:00,-1255.33
2050-07-14 01:00:00,-925.25
2050-07-14 02:00:00,-1007.6
2050-07-14 03:00:00,306.05
2050-07-14 04:00:00,747.96
2050-07-14 05:00:00,1738.35
2050-07-14 06:00:00,1756.65
2050-07-14 07:00:00,2979.23
2050-07-14 08:00:00,2832.3
2050-07-14 09:00:00,2995.34
2050-07-14 10:00:00,2183.22
2050-07-14 11:00:00,3192.2
2050-07-14 12:00:00,3003.9
2050-07-14 13:00:00,3916.99
2050-07-14 14:00:00,3487.81
2050-07-14 15:00:00,2578.78
2050-07-14 16:00:00,2804.3
2050-07-14 17:00:00,-786.06
2050-07-14 18:00:00,676.46
2050-07-14 19:00:00,-1072.51
2050-07-14 20:00:00,-2400.22
2050-07-14 21:00:00,-395.4
2050-07-14 22:00:00,-1842.6
2050-07-14 23:00:00,-654.94
2050-07-15 00:00:00,171.57
2050-07-15 01:00:00,1031.47
2050-07-15 02:00:00,77.6
2050-07-15 03:00:00,1217.4
2050-07-15 04:00:00,1019.3
2050-07-15 05:00:00,1045.93
2050-07-15 06:00:00,2117.44
2050-07-15 07:00:00,2894.03
2050-07-15 08:00:00,2756.16
2050-07-15 09:00:00,3346.42
2050-07-15 10:00:00,4277.61
2050-07-15 11:00:00,4586.03
2050-07-15 12:00:00,4545.22
2050-07-15 13:00:00,4417.18
2050-07-15 14:00:00,4848.66
2050-07-15 15:00:00,4940.67
2050-07-15 16:00:00,4679.34
2050-07-15 17:00:00,3726.66
2050-07-15 18:00:00,3182.28
2050-07-15 19:00:00,2022.85
2050-07-15 20:00:00,2964.19
2050-07-15 21:00:00,963.68
2050-07-15 22:00:00,-1059.78
2050-07-15 23:00:00,-1811.53
2050-07-16 00:00:00,-1993.31
2050-07-16 01:00:00,-1820.2
2050-07-16 02:00:00,-1267.29
2050-07-16 03:00:00,-1008.04
2050-07-16 04:00:00,-203.03
2050-07-16 05:00:00,-425.81
2050-07-16 06:00:00,325.8
2050-07-16 07:00:00,1244.81
2050-07-16 08:00:00,1235.75
2050-07-16 09:00:00,2959.05
2050-07-16 10:00:00,3471.54
2050-07-16 11:00:00,3970.69
2050-07-16 12:00:00,4018.38
2050-07-16 13:00:00,4041.77
2050-07-16 14:00:00,3620.94
2050-07-16 15:00:00,2725.72
2050-07-16 16:00:00,2330.46
2050-07-16 17:00:00,1625.85
2050-07-16 18:00:00,1795.46
2050-07-16 19:00:00,426.33
2050-07-16 20:00:00,690.96
2050-07-16 21:00:00,1807.72
2050-07-16 22:00:00,1667.15
2050-07-16 23:00:00,1562.65
2050-07-17 00:00:00,987.92
2050-07-17 01:00:00,1879.29
2050-07-17 02:00:00,1695.33
2050-07-17 03:00:00,2082.37
2050-07-17 04:00:00,2730.73
2050-07-17 05:00:00,2476.28
2050-07-17 06:00:00,2369.72
2050-07-17 07:00:00,2646.21
2050-07-17 08:00:00,2630.34
2050-07-17 09:00:00,3086.26
2050-07-17 10:00:00,3310.46
2050-07-17 11:00:00,3489.16
2050-07-17 12:00:00,3387.79
2050-07-17 13:00:00,2563.85
2050-07-17 14:00:00,1257.31
2050-07-17 15:00:00,-430.17
2050-07-17 16:00:00,-1196.22
2050-07-17 17:00:00,-878.45
2050-07-17 18:00:00,-1330.47
2050-07-17 19:00:00,-2960.02
2050-07-17 20:00:00,-2497.12
2050-07-17 21:00:00,-343.58
2050-07-17 22:00:00,1767.73
2050-07-17 23:00:00,2548.97
2050-07-18 00:00:00,1661.27
2050-07-18 01:00:00,2653.82
2050-07-18 02:00:00,1495.08
2050-07-18 03:00:00,1433.02
2050-07-18 04:00:00,846.48
2050-07-18 05:00:00,839.31
2050-07-18 06:00:00,1093.56
2050-07-18 07:00:00,219.19
2050-07-18 08:00:00,1523.24
2050-07-18 09:00:00,1893.57
2050-07-18 10:00:00,1889.22
2050-07-18 11:00:00,1201.36
2050-07-18 12:00:00,1121.84
2050-07-18 13:00:00,2014.5
2050-07-18 14:00:00,1301.25
2050-07-18 15:00:00,1814.47
2050-07-18 16:00:00,302.73
2050-07-18 17:00:00,-1001.11
2050-07-18 18:00:00,-1026.78
2050-07-18 19:00:00,-188.89
2050-07-18 20:00:00,772.0
2050-07-18 21:00:00,-33.7
2050-07-18 22:00:00,-483.86
2050-07-18 23:00:00,-1176.65
2050-07-19 00:00:00,-650.86
2050-07-19 01:00:00,381.79
2050-07-19 02:00:00,157.51
2050-07-19 03:00:00,-329.34
2050-07-19 04:00:00,-5.73
2050-07-19 05:00:00,962.88
2050-07-19 06:00:00,1170.29
2050-07-19 07:00:00,1602.02
2050-07-19 08:00:00,2777.73
2050-07-19 09:00:00,3051.13
2050-07-19 10:00:00,4082.31
2050-07-19 11:00:00,4128.23
2050-07-19 12:00:00,4327.86
2050-07-19 13:00:00,4644.94
2050-07-19 14:00:00,4604.1
2050-07-19 15:00:00,3429.63
2050-07-19 16:00:00,2557.17
2050-07-19 17:00:00,2360.19
2050-07-19 18:00:00,961.29
2050-07-19 19:00:00,2142.98
2050-07-19 20:00:00,1684.57
2050-07-19 21:00:00,684.75
2050-07-19 22:00:00,-225.75
2050-07-19 23:00:00,-217.22
2050-07-20 00:00:00,255.43
2050-07-20 01:00:00,-603.84
2050-07-20 02:00:00,-919.69
2050-07-20 03:00:00,-1339.19
2050-07-20 04:00:00,-534.65
2050-07-20 05:00:00,187.49
2050-07-20 06:00:00,1165.32
2050-07-20 07:00:00,1025.65
2050-07-20 08:00:00,1622.69
2050-07-20 09:00:00,2937.21
2050-07-20 10:00:00,4043.65
2050-07-20 11:00:00,4600.82
2050-07-20 12:00:00,5225.0
2050-07-20 13:00:00,5201.85
2050-07-20 14:00:00,4425.48
2050-07-20 15:00:00,2126.84
2050-07-20 16:00:00,3086.34
2050-07-20 17:00:00,1847.75
2050-07-20 18:00:00,1733.64
2050-07-20 19:00:00,662.44
2050-07-20 20:00:00,-351.61
2050-07-20 21:00:00,-1754.72
2050-07-20 22:00:00,-752.28
2050-07-20 23:00:00,1774.36
2050-07-21 00:00:00,845.5
2050-07-21 01:00:00,1434.29
2050-07-21 02:00:00,1839.65
2050-07-21 03:00:00,1039.4
2050-07-21 04:00:00,683.98
2050-07-21 05:00:00,1075.82
2050-07-21 06:00:00,1535.03
2050-07-21 07:00:00,771.08
2050-07-21 08:00:00,1487.18
2050-07-21 09:00:00,2139.39
2050-07-21 10:00:00,2474.07
2050-07-21 11:00:00,3782.75
2050-07-21 12:00:00,4005.77
2050-07-21 13:00:00,3547.99
2050-07-21 14:00:00,323.47
2050-07-21 15:00:00,456.21
2050-07-21 16:00:00,-343.39
2050-07-21 17:00:00,-566.08
2050-07-21 18:00:00,-883.19
2050-07-21 19:00:00,-918.08
2050-07-21 20:00:00,-3413.1
2050-07-21 21:00:00,-4631.54
2050-07-21 22:00:00,-5490.83
2050-07-21 23:00:00,-6539.64
2050-07-22 00:00:00,-7244.53
2050-07-22 01:00:00,-7094.7
2050-07-22 02:00:00,-7080.09
2050-07-22 03:00:00,-4141.4
2050-07-22 04:00:00,-3467.12
2050-07-22 05:00:00,-2303.71
2050-07-22 06:00:00,-1293.83
2050-07-22 07:00:00,-55.14
2050-07-22 08:00:00,1721.38
2050-07-22 09:00:00,1643.21
2050-07-22 10:00:00,3235.14
2050-07-22 11:00:00,4237.35
2050-07-22 12:00:00,3857.98
2050-07-22 13:00:00,3915.11
2050-07-22 14:00:00,3216.32
2050-07-22 15:00:00,2822.28
2050-07-22 16:00:00,461.67
2050-07-22 17:00:00,672.13
2050-07-22 18:00:00,-1007.6
2050-07-22 19:00:00,-4196.81
2050-07-22 20:00:00,534.16
2050-07-22 21:00:00,1679.21
2050-07-22 22:00:00,2457.95
2050-07-22 23:00:00,3276.88
2050-07-23 00:00:00,1455.53
2050-07-23 01:00:00,-3546.4
2050-07-23 02:00:00,-3278.0
2050-07-23 03:00:00,-4643.55
2050-07-23 04:00:00,-1890.44
2050-07-23 05:00:00,-1743.04
2050-07-23 06:00:00,-1214.81
2050-07-23 07:00:00,-1954.22
2050-07-23 08:00:00,-1796.6
2050-07-23 09:00:00,828.51
2050-07-23 10:00:00,1570.95
2050-07-23 11:00:00,2654.23
2050-07-23 12:00:00,3751.63
2050-07-23 13:00:00,3835.81
2050-07-23 14:00:00,3240.92
2050-07-23 15:00:00,2890.96
2050-07-23 16:00:00,2128.34
2050-07-23 17:00:00,1070.71
2050-07-23 18:00:00,-486.51
2050-07-23 19:00:00,-1600.63
2050-07-23 20:00:00,-566.25
2050-07-23 21:00:00,-460.88
2050-07-23 22:00:00,-519.56
2050-07-23 23:00:00,-1232.01
2050-07-24 00:00:00,-94.3
2050-07-24 01:00:00,-753.88
2050-07-24 02:00:00,-1205.87
2050-07-24 03:00:00,410.19
2050-07-24 04:00:00,241.92
2050-07-24 05:00:00,773.98
2050-07-24 06:00:00,1069.08
2050-07-24 07:00:00,1841.96
2050-07-24 08:00:00,2693.32
2050-07-24 09:00:00,3022.77
2050-07-24 10:00:00,4189.58
2050-07-24 11:00:00,4545.4
2050-07-24 12:00:00,4470.8
2050-07-24 13:00:00,3795.3
2050-07-24 14:00:00,2932.3
2050-07-24 15:00:00,3390.97
2050-07-24 16:00:00,2617.26
2050-07-24 17:00:00,3249.3
2050-07-24 18:00:00,3428.18
2050-07-24 19:00:00,2255.49
2050-07-24 20:00:00,1578.27
2050-07-24 21:00:00,1733.62
2050-07-24 22:00:00,804.93
2050-07-24 23:00:00,1789.99
2050-07-25 00:00:00,753.11
2050-07-25 01:00:00,795.41
2050-07-25 02:00:00,-169.38
2050-07-25 03:00:00,-398.16
2050-07-25 04:00:00,-709.46
2050-07-25 05:00:00,-820.94
2050-07-25 06:00:00,-1203.27
2050-07-25 07:00:00,-590.62
2050-07-25 08:00:00,-825.81
2050-07-25 09:00:00,1312.23
2050-07-25 10:00:00,2307.4
2050-07-25 11:00:00,2455.86
2050-07-25 12:00:00,2963.38
2050-07-25 13:00:00,3334.71
2050-07-25 14:00:00,2103.64
2050-07-25 15:00:00,726.58
2050-07-25 16:00:00,788.78
2050-07-25 17:00:00,417.56
2050-07-25 18:00:00,-376.24
2050-07-25 19:00:00,-667.49
2050-07-25 20:00:00,2662.55
2050-07-25 21:00:00,936.43
2050-07-25 22:00:00,1369.4
2050-07-25 23:00:00,-243.41
2050-07-26 00:00:00,-744.12
2050-07-26 01:00:00,-17.68
2050-07-26 02:00:00,683.1
2050-07-26 03:00:00,1248.59
2050-07-26 04:00:00,1400.34
2050-07-26 05:00:00,509.0
2050-07-26 06:00:00,155.8
2050-07-26 07:00:00,1012.91
2050-07-26 08:00:00,1969.59
2050-07-26 09:00:00,3228.38
2050-07-26 10:00:00,4097.14
2050-07-26 11:00:00,4057.79
2050-07-26 12:00:00,4374.5
2050-07-26 13:00:00,4510.96
2050-07-26 14:00:00,4563.73
2050-07-26 15:00:00,3839.67
2050-07-26 16:00:00,2895.69
2050-07-26 17:00:00,1295.27
2050-07-26 18:00:00,937.67
2050-07-26 19:00:00,350.86
2050-07-26 20:00:00,1285.46
2050-07-26 21:00:00,1280.54
2050-07-26 22:00:00,1352.83
2050-07-26 23:00:00,1631.09
2050-07-27 00:00:00,1552.17
2050-07-27 01:00:00,740.61
2050-07-27 02:00:00,1009.91
2050-07-27 03:00:00,1417.75
2050-07-27 04:00:00,1645.24
2050-07-27 05:00:00,2291.35
2050-07-27 06:00:00,2114.94
2050-07-27 07:00:00,2494.99
2050-07-27 08:00:00,3016.29
2050-07-27 09:00:00,3423.42
2050-07-27 10:00:00,3525.12
2050-07-27 11:00:00,3685.99
2050-07-27 12:00:00,3647.24
2050-07-27 13:00:00,3651.29
2050-07-27 14:00:00,1988.78
2050-07-27 15:00:00,193.19
2050-07-27 16:00:00,-730.6
2050-07-27 17:00:00,-1150.87
2050-07-27 18:00:00,-1080.1
2050-07-27 19:00:00,-1649.12
2050-07-27 20:00:00,-1949.51
2050-07-27 21:00:00,-2032.26
2050-07-27 22:00:00,-1433.31
2050-07-27 23:00:00,255.08
2050-07-28 00:00:00,1609.65
2050-07-28 01:00:00,323.8
2050-07-28 02:00:00,242.18
2050-07-28 03:00:00,808.01
2050-07-28 04:00:00,2000.07
2050-07-28 05:00:00,2691.03
2050-07-28 06:00:00,2268.64
2050-07-28 07:00:00,2532.69
2050-07-28 08:00:00,3073.04
2050-07-28 09:00:00,3406.36
2050-07-28 10:00:00,3955.5
2050-07-28 11:00:00,4445.1
2050-07-28 12:00:00,4933.46
2050-07-28 13:00:00,5055.27
2050-07-28 14:00:00,4907.62
2050-07-28 15:00:00,4164.12
2050-07-28 16:00:00,2587.13
2050-07-28 17:00:00,1597.64
2050-07-28 18:00:00,1460.34
2050-07-28 19:00:00,1822.42
2050-07-28 20:00:00,968.77
2050-07-28 21:00:00,1476.72
2050-07-28 22:00:00,687.05
2050-07-28 23:00:00,455.37
2050-07-29 00:00:00,-1022.27
2050-07-29 01:00:00,1073.34
2050-07-29 02:00:00,767.28
2050-07-29 03:00:00,280.87
2050-07-29 04:00:00,-514.53
2050-07-29 05:00:00,-826.44
2050-07-29 06:00:00,-116.9
2050-07-29 07:00:00,-335.04
2050-07-29 08:00:00,746.76
2050-07-29 09:00:00,2097.15
2050-07-29 10:00:00,2251.58
2050-07-29 11:00:00,2137.63
2050-07-29 12:00:00,2636.79
2050-07-29 13:00:00,2022.02
2050-07-29 14:00:00,152.73
2050-07-29 15:00:00,-351.55
2050-07-29 16:00:00,111.8
2050-07-29 17:00:00,-876.66
2050-07-29 18:00:00,-1463.51
2050-07-29 19:00:00,-1914.44
2050-07-29 20:00:00,-889.01
2050-07-29 21:00:00,-2205.36
2050-07-29 22:00:00,-743.58
2050-07-29 23:00:00,-623.06
2050-07-30 00:00:00,-1015.77
2050-07-30 01:00:00,-1252.37
2050-07-30 02:00:00,-2338.91
2050-07-30 03:00:00,-1153.58
2050-07-30 04:00:00,-1572.07
2050-07-30 05:00:00,-1263.97
2050-07-30 06:00:00,-1787.26
2050-07-30 07:00:00,-295.83
2050-07-30 08:00:00,528.09
2050-07-30 09:00:00,546.51
2050-07-30 10:00:00,1017.26
2050-07-30 11:00:00,2014.71
2050-07-30 12:00:00,2686.4
2050-07-30 13:00:00,2281.19
2050-07-30 14:00:00,2811.47
2050-07-30 15:00:00,2506.6
2050-07-30 16:00:00,1201.29
2050-07-30 17:00:00,517.91
2050-07-30 18:00:00,1336.56
2050-07-30 19:00:00,1596.45
2050-07-30 20:00:00,1610.6
2050-07-30 21:00:00,2233.53
2050-07-30 22:00:00,2531.45
2050-07-30 23:00:00,1982.52
2050-07-31 00:00:00,2165.66
2050-07-31 01:00:00,1396.19
2050-07-31 02:00:00,1246.79
2050-07-31 03:00:00,1556.72
2050-07-31 04:00:00,1237.22
2050-07-31 05:00:00,1462.83
2050-07-31 06:00:00,1402.09
2050-07-31 07:00:00,1782.95
2050-07-31 08:00:00,2426.33
2050-07-31 09:00:00,2436.74
2050-07-31 10:00:00,3597.23
2050-07-31 11:00:00,3927.44
2050-07-31 12:00:00,4362.61
2050-07-31 13:00:00,4327.67
2050-07-31 14:00:00,4697.3
2050-07-31 15:00:00,4533.98
2050-07-31 16:00:00,3480.3
2050-07-31 17:00:00,4312.43
2050-07-31 18:00:00,4557.1
2050-07-31 19:00:00,3700.14
2050-07-31 20:00:00,3331.02
2050-07-31 21:00:00,3582.07
2050-07-31 22:00:00,3054.91
2050-07-31 23:00:00,3413.92
2050-08-01 00:00:00,3369.21
2050-08-01 01:00:00,2849.37
2050-08-01 02:00:00,2275.66
2050-08-01 03:00:00,1446.25
2050-08-01 04:00:00,1276.37
2050-08-01 05:00:00,1216.68
2050-08-01 06:00:00,1588.53
2050-08-01 07:00:00,1855.13
2050-08-01 08:00:00,2291.38
2050-08-01 09:00:00,2857.6
2050-08-01 10:00:00,2705.64
2050-08-01 11:00:00,3771.62
2050-08-01 12:00:00,4089.81
2050-08-01 13:00:00,3898.02
2050-08-01 14:00:00,4429.86
2050-08-01 15:00:00,4095.34
2050-08-01 16:00:00,4293.18
2050-08-01 17:00:00,3556.39
2050-08-01 18:00:00,3120.25
2050-08-01 19:00:00,2804.37
2050-08-01 20:00:00,3409.7
2050-08-01 21:00:00,3614.7
2050-08-01 22:00:00,2760.68
2050-08-01 23:00:00,1977.99
2050-08-02 00:00:00,1708.85
2050-08-02 01:00:00,1209.95
2050-08-02 02:00:00,856.58
2050-08-02 03:00:00,311.8
2050-08-02 04:00:00,321.89
2050-08-02 05:00:00,480.23
2050-08-02 06:00:00,115.16
2050-08-02 07:00:00,-498.86
2050-08-02 08:00:00,1085.07
2050-08-02 09:00:00,2554.64
2050-08-02 10:00:00,2526.99
2050-08-02 11:00:00,2055.16
2050-08-02 12:00:00,2183.58
2050-08-02 13:00:00,2005.43
2050-08-02 14:00:00,2270.31
2050-08-02 15:00:00,903.19
2050-08-02 16:00:00,-357.88
2050-08-02 17:00:00,990.19
2050-08-02 18:00:00,2064.31
2050-08-02 19:00:00,846.67
2050-08-02 20:00:00,302.92
2050-08-02 21:00:00,517.82
2050-08-02 22:00:00,651.39
2050-08-02 23:00:00,1605.54
2050-08-03 00:00:00,-318.59
2050-08-03 01:00:00,61.7
2050-08-03 02:00:00,853.43
2050-08-03 03:00:00,-284.54
2050-08-03 04:00:00,316.78
2050-08-03 05:00:00,40.75
2050-08-03 06:00:00,812.89
2050-08-03 07:00:00,1867.31
2050-08-03 08:00:00,2256.14
2050-08-03 09:00:00,2933.69
2050-08-03 10:00:00,3445.65
2050-08-03 11:00:00,3915.84
2050-08-03 12:00:00,3627.5
2050-08-03 13:00:00,3143.03
2050-08-03 14:00:00,2423.82
2050-08-03 15:00:00,1238.17
2050-08-03 16:00:00,635.88
2050-08-03 17:00:00,-99.58
2050-08-03 18:00:00,-215.11
2050-08-03 19:00:00,-118.0
2050-08-03 20:00:00,-660.95
2050-08-03 21:00:00,522.32
2050-08-03 22:00:00,1206.31
2050-08-03 23:00:00,240.85
2050-08-04 00:00:00,-450.76
2050-08-04 01:00:00,309.31
2050-08-04 02:00:00,195.38
2050-08-04 03:00:00,1120.29
2050-08-04 04:00:00,758.74
2050-08-04 05:00:00,1198.24
2050-08-04 06:00:00,812.4
2050-08-04 07:00:00,995.1
2050-08-04 08:00:00,2333.59
2050-08-04 09:00:00,1723.68
2050-08-04 10:00:00,2709.56
2050-08-04 11:00:00,1506.08
2050-08-04 12:00:00,-2465.97
2050-08-04 13:00:00,-2976.59
2050-08-04 14:00:00,-3582.81
2050-08-04 15:00:00,-2201.31
2050-08-04 16:00:00,-2042.62
2050-08-04 17:00:00,-1705.7
2050-08-04 18:00:00,-690.65
2050-08-04 19:00:00,201.75
2050-08-04 20:00:00,559.07
2050-08-04 21:00:00,-50.85
2050-08-04 22:00:00,2317.31
2050-08-04 23:00:00,707.89
2050-08-05 00:00:00,1531.0
2050-08-05 01:00:00,113.27
2050-08-05 02:00:00,256.91
2050-08-05 03:00:00,1135.82
2050-08-05 04:00:00,1942.9
2050-08-05 05:00:00,1309.83
2050-08-05 06:00:00,863.64
2050-08-05 07:00:00,2300.19
2050-08-05 08:00:00,3101.39
2050-08-05 09:00:00,3662.12
2050-08-05 10:00:00,4019.2
2050-08-05 11:00:00,4850.23
2050-08-05 12:00:00,5345.66
2050-08-05 13:00:00,5467.04
2050-08-05 14:00:00,5362.61
2050-08-05 15:00:00,5152.59
2050-08-05 16:00:00,4573.57
2050-08-05 17:00:00,3597.63
2050-08-05 18:00:00,2718.16
2050-08-05 19:00:00,2497.84
2050-08-05 20:00:00,3044.76
2050-08-05 21:00:00,2025.61
2050-08-05 22:00:00,1694.18
2050-08-05 23:00:00,1248.25
2050-08-06 00:00:00,384.37
2050-08-06 01:00:00,426.82
2050-08-06 02:00:00,1085.47
2050-08-06 03:00:00,1338.41
2050-08-06 04:00:00,2075.44
2050-08-06 05:00:00,2172.99
2050-08-06 06:00:00,1400.9
2050-08-06 07:00:00,2484.67
2050-08-06 08:00:00,3184.71
2050-08-06 09:00:00,3805.79
2050-08-06 10:00:00,4289.38
2050-08-06 11:00:00,4281.44
2050-08-06 12:00:00,3636.07
2050-08-06 13:00:00,3576.32
2050-08-06 14:00:00,2879.82
2050-08-06 15:00:00,3206.13
2050-08-06 16:00:00,3156.12
2050-08-06 17:00:00,2405.66
2050-08-06 18:00:00,3798.73
2050-08-06 19:00:00,2730.68
2050-08-06 20:00:00,2612.02
2050-08-06 21:00:00,826.36
2050-08-06 22:00:00,1357.55
2050-08-06 23:00:00,408.32
2050-08-07 00:00:00,1.51
2050-08-07 01:00:00,-1330.67
2050-08-07 02:00:00,-737.83
2050-08-07 03:00:00,-989.89
2050-08-07 04:00:00,-814.01
2050-08-07 05:00:00,-305.93
2050-08-07 06:00:00,-834.62
2050-08-07 07:00:00,-1163.16
2050-08-07 08:00:00,-0.79
2050-08-07 09:00:00,-828.02
2050-08-07 10:00:00,-540.94
2050-08-07 11:00:00,-597.01
2050-08-07 12:00:00,-1288.35
2050-08-07 13:00:00,221.2
2050-08-07 14:00:00,-2160.97
2050-08-07 15:00:00,-4144.74
2050-08-07 16:00:00,-4396.62
2050-08-07 17:00:00,-3409.84
2050-08-07 18:00:00,-4933.04
2050-08-07 19:00:00,-5553.96
2050-08-07 20:00:00,-4734.2
2050-08-07 21:00:00,-4778.12
2050-08-07 22:00:00,956.07
2050-08-07 23:00:00,2210.7
2050-08-08 00:00:00,-375.33
2050-08-08 01:00:00,556.75
2050-08-08 02:00:00,-297.0
2050-08-08 03:00:00,739.91
2050-08-08 04:00:00,544.89
2050-08-08 05:00:00,471.76
2050-08-08 06:00:00,474.98
2050-08-08 07:00:00,786.9
2050-08-08 08:00:00,-206.9
2050-08-08 09:00:00,386.42
2050-08-08 10:00:00,1889.74
2050-08-08 11:00:00,1676.54
2050-08-08 12:00:00,1132.66
2050-08-08 13:00:00,1000.3
2050-08-08 14:00:00,564.39
2050-08-08 15:00:00,1009.8
2050-08-08 16:00:00,-438.51
2050-08-08 17:00:00,-758.15
2050-08-08 18:00:00,697.56
2050-08-08 19:00:00,1091.61
2050-08-08 20:00:00,-633.38
2050-08-08 21:00:00,664.66
2050-08-08 22:00:00,2106.34
2050-08-08 23:00:00,1027.15
2050-08-09 00:00:00,-508.25
2050-08-09 01:00:00,-918.35
2050-08-09 02:00:00,-1324.0
2050-08-09 03:00:00,-720.81
2050-08-09 04:00:00,193.95
2050-08-09 05:00:00,230.02
2050-08-09 06:00:00,-266.5
2050-08-09 07:00:00,193.43
2050-08-09 08:00:00,1695.6
2050-08-09 09:00:00,2343.82
2050-08-09 10:00:00,2948.38
2050-08-09 11:00:00,3541.03
2050-08-09 12:00:00,3061.09
2050-08-09 13:00:00,3704.86
2050-08-09 14:00:00,3165.39
2050-08-09 15:00:00,2583.31
2050-08-09 16:00:00,2639.16
2050-08-09 17:00:00,3421.4
2050-08-09 18:00:00,3033.7
2050-08-09 19:00:00,2928.99
2050-08-09 20:00:00,2414.18
2050-08-09 21:00:00,2359.14
2050-08-09 22:00:00,2464.05
2050-08-09 23:00:00,3180.98
2050-08-10 00:00:00,1059.33
2050-08-10 01:00:00,3130.28
2050-08-10 02:00:00,2122.79
2050-08-10 03:00:00,1719.67
2050-08-10 04:00:00,2308.29
2050-08-10 05:00:00,2544.22
2050-08-10 06:00:00,2611.93
2050-08-10 07:00:00,2898.12
2050-08-10 08:00:00,2992.22
2050-08-10 09:00:00,3249.89
2050-08-10 10:00:00,3255.34
2050-08-10 11:00:00,3558.7
2050-08-10 12:00:00,3556.77
2050-08-10 13:00:00,2890.98
2050-08-10 14:00:00,1622.91
2050-08-10 15:00:00,-339.63
2050-08-10 16:00:00,-659.01
2050-08-10 17:00:00,-391.59
2050-08-10 18:00:00,-1232.08
2050-08-10 19:00:00,78.04
2050-08-10 20:00:00,22.88
2050-08-10 21:00:00,574.49
2050-08-10 22:00:00,825.39
2050-08-10 23:00:00,-3.41
2050-08-11 00:00:00,633.6
2050-08-11 01:00:00,393.26
2050-08-11 02:00:00,792.84
2050-08-11 03:00:00,912.35
2050-08-11 04:00:00,166.81
2050-08-11 05:00:00,1153.93
2050-08-11 06:00:00,24.98
2050-08-11 07:00:00,256.23
2050-08-11 08:00:00,1288.48
2050-08-11 09:00:00,584.2
2050-08-11 10:00:00,1824.25
2050-08-11 11:00:00,2184.18
2050-08-11 12:00:00,3214.86
2050-08-11 13:00:00,3223.76
2050-08-11 14:00:00,3096.34
2050-08-11 15:00:00,1543.11
2050-08-11 16:00:00,2846.96
2050-08-11 17:00:00,568.63
2050-08-11 18:00:00,692.63
2050-08-11 19:00:00,642.17
2050-08-11 20:00:00,718.93
2050-08-11 21:00:00,176.64
2050-08-11 22:00:00,1023.07
2050-08-11 23:00:00,1711.59
2050-08-12 00:00:00,-990.36
2050-08-12 01:00:00,-1682.52
2050-08-12 02:00:00,-1878.74
2050-08-12 03:00:00,-1910.48
2050-08-12 04:00:00,-1074.6
2050-08-12 05:00:00,-855.01
2050-08-12 06:00:00,-939.69
2050-08-12 07:00:00,362.27
2050-08-12 08:00:00,491.55
2050-08-12 09:00:00,1398.02
2050-08-12 10:00:00,1919.67
2050-08-12 11:00:00,2652.38
2050-08-12 12:00:00,3045.29
2050-08-12 13:00:00,3092.58
2050-08-12 14:00:00,2637.93
2050-08-12 15:00:00,2580.81
2050-08-12 16:00:00,683.13
2050-08-12 17:00:00,1472.42
2050-08-12 18:00:00,162.64
2050-08-12 19:00:00,-1951.14
2050-08-12 20:00:00,-1714.07
2050-08-12 21:00:00,-498.55
2050-08-12 22:00:00,842.55
2050-08-12 23:00:00,-940.98
2050-08-13 00:00:00,-2605.89
2050-08-13 01:00:00,-2150.84
2050-08-13 02:00:00,-2424.74
2050-08-13 03:00:00,-1353.96
2050-08-13 04:00:00,-1118.6
2050-08-13 05:00:00,-1050.03
2050-08-13 06:00:00,-1300.96
2050-08-13 07:00:00,-1330.23
2050-08-13 08:00:00,373.21
2050-08-13 09:00:00,1651.67
2050-08-13 10:00:00,1336.48
2050-08-13 11:00:00,2438.35
2050-08-13 12:00:00,2707.86
2050-08-13 13:00:00,3120.69
2050-08-13 14:00:00,3445.4
2050-08-13 15:00:00,4276.15
2050-08-13 16:00:00,3853.75
2050-08-13 17:00:00,3834.84
2050-08-13 18:00:00,4912.82
2050-08-13 19:00:00,2112.92
2050-08-13 20:00:00,1515.81
2050-08-13 21:00:00,579.82
2050-08-13 22:00:00,1087.03
2050-08-13 23:00:00,2282.86
2050-08-14 00:00:00,2874.48
2050-08-14 01:00:00,1812.59
2050-08-14 02:00:00,1965.25
2050-08-14 03:00:00,1657.17
2050-08-14 04:00:00,1568.72
2050-08-14 05:00:00,1645.13
2050-08-14 06:00:00,1850.69
2050-08-14 07:00:00,1685.56
2050-08-14 08:00:00,2161.1
2050-08-14 09:00:00,2313.88
2050-08-14 10:00:00,3250.45
2050-08-14 11:00:00,3292.23
2050-08-14 12:00:00,3547.03
2050-08-14 13:00:00,3520.49
2050-08-14 14:00:00,3351.73
2050-08-14 15:00:00,2947.22
2050-08-14 16:00:00,2233.55
2050-08-14 17:00:00,2960.81
2050-08-14 18:00:00,3330.51
2050-08-14 19:00:00,3159.82
2050-08-14 20:00:00,2677.48
2050-08-14 21:00:00,2409.79
2050-08-14 22:00:00,890.94
2050-08-14 23:00:00,1162.73
2050-08-15 00:00:00,666.22
2050-08-15 01:00:00,289.49
2050-08-15 02:00:00,56.31
2050-08-15 03:00:00,-474.73
2050-08-15 04:00:00,384.52
2050-08-15 05:00:00,-120.78
2050-08-15 06:00:00,285.59
2050-08-15 07:00:00,-393.59
2050-08-15 08:00:00,1207.09
2050-08-15 09:00:00,1718.62
2050-08-15 10:00:00,2438.16
2050-08-15 11:00:00,2942.06
2050-08-15 12:00:00,3306.03
2050-08-15 13:00:00,3366.81
2050-08-15 14:00:00,3687.0
2050-08-15 15:00:00,4248.34
2050-08-15 16:00:00,3667.87
2050-08-15 17:00:00,3954.44
2050-08-15 18:00:00,3068.69
2050-08-15 19:00:00,2608.96
2050-08-15 20:00:00,2077.32
2050-08-15 21:00:00,1004.55
2050-08-15 22:00:00,1043.89
2050-08-15 23:00:00,83.8
2050-08-16 00:00:00,755.37
2050-08-16 01:00:00,1236.02
2050-08-16 02:00:00,624.4
2050-08-16 03:00:00,1030.08
2050-08-16 04:00:00,648.48
2050-08-16 05:00:00,417.38
2050-08-16 06:00:00,-1097.65
2050-08-16 07:00:00,147.77
2050-08-16 08:00:00,509.51
2050-08-16 09:00:00,1459.9
2050-08-16 10:00:00,1674.71
2050-08-16 11:00:00,2165.19
2050-08-16 12:00:00,2104.82
2050-08-16 13:00:00,1874.39
2050-08-16 14:00:00,1694.08
2050-08-16 15:00:00,1323.17
2050-08-16 16:00:00,-110.86
2050-08-16 17:00:00,-349.16
2050-08-16 18:00:00,-1396.23
2050-08-16 19:00:00,-2098.25
2050-08-16 20:00:00,-2115.83
2050-08-16 21:00:00,-2217.28
2050-08-16 22:00:00,-2257.93
2050-08-16 23:00:00,-1495.04
2050-08-17 00:00:00,-1781.53
2050-08-17 01:00:00,-1854.97
2050-08-17 02:00:00,-1601.15
2050-08-17 03:00:00,-747.69
2050-08-17 04:00:00,-678.94
2050-08-17 05:00:00,-137.06
2050-08-17 06:00:00,354.71
2050-08-17 07:00:00,936.54
2050-08-17 08:00:00,1542.43
2050-08-17 09:00:00,2530.05
2050-08-17 10:00:00,3268.59
2050-08-17 11:00:00,3628.3
2050-08-17 12:00:00,4079.31
2050-08-17 13:00:00,4246.15
2050-08-17 14:00:00,3825.8
2050-08-17 15:00:00,3171.7
2050-08-17 16:00:00,2912.11
2050-08-17 17:00:00,3167.97
2050-08-17 18:00:00,3899.78
2050-08-17 19:00:00,2663.58
2050-08-17 20:00:00,3131.69
2050-08-17 21:00:00,1616.28
2050-08-17 22:00:00,2305.17
2050-08-17 23:00:00,1947.61
2050-08-18 00:00:00,1560.09
2050-08-18 01:00:00,794.54
2050-08-18 02:00:00,1423.55
2050-08-18 03:00:00,-1380.61
2050-08-18 04:00:00,-969.24
2050-08-18 05:00:00,458.43
2050-08-18 06:00:00,853.54
2050-08-18 07:00:00,921.49
2050-08-18 08:00:00,1849.84
2050-08-18 09:00:00,2650.99
2050-08-18 10:00:00,1479.21
2050-08-18 11:00:00,3159.44
2050-08-18 12:00:00,3633.79
2050-08-18 13:00:00,3581.83
2050-08-18 14:00:00,3265.37
2050-08-18 15:00:00,967.18
2050-08-18 16:00:00,15.18
2050-08-18 17:00:00,-786.24
2050-08-18 18:00:00,-1919.97
2050-08-18 19:00:00,-712.77
2050-08-18 20:00:00,-1198.78
2050-08-18 21:00:00,-2103.73
2050-08-18 22:00:00,-217.94
2050-08-18 23:00:00,-666.94
2050-08-19 00:00:00,-2331.39
2050-08-19 01:00:00,-591.18
2050-08-19 02:00:00,-273.96
2050-08-19 03:00:00,-648.47
2050-08-19 04:00:00,-884.75
2050-08-19 05:00:00,-770.7
2050-08-19 06:00:00,120.09
2050-08-19 07:00:00,1133.84
2050-08-19 08:00:00,1731.01
2050-08-19 09:00:00,2399.52
2050-08-19 10:00:00,3127.37
2050-08-19 11:00:00,3866.97
2050-08-19 12:00:00,4022.52
2050-08-19 13:00:00,2853.83
2050-08-19 14:00:00,3429.78
2050-08-19 15:00:00,3297.65
2050-08-19 16:00:00,3724.9
2050-08-19 17:00:00,2430.01
2050-08-19 18:00:00,2961.91
2050-08-19 19:00:00,2530.44
2050-08-19 20:00:00,2170.18
2050-08-19 21:00:00,1874.5
2050-08-19 22:00:00,2831.6
2050-08-19 23:00:00,1511.01
2050-08-20 00:00:00,2394.76
2050-08-20 01:00:00,2322.53
2050-08-20 02:00:00,2127.05
2050-08-20 03:00:00,1643.93
2050-08-20 04:00:00,1583.12
2050-08-20 05:00:00,1521.55
2050-08-20 06:00:00,1341.58
2050-08-20 07:00:00,1456.49
2050-08-20 08:00:00,1937.07
2050-08-20 09:00:00,2948.29
2050-08-20 10:00:00,3386.92
2050-08-20 11:00:00,3731.15
2050-08-20 12:00:00,4013.17
2050-08-20 13:00:00,4229.33
2050-08-20 14:00:00,4354.63
2050-08-20 15:00:00,4639.65
2050-08-20 16:00:00,4733.57
2050-08-20 17:00:00,4269.64
2050-08-20 18:00:00,4371.18
2050-08-20 19:00:00,4223.38
2050-08-20 20:00:00,4301.52
2050-08-20 21:00:00,3392.13
2050-08-20 22:00:00,3332.06
2050-08-20 23:00:00,3194.0
2050-08-21 00:00:00,2507.15
2050-08-21 01:00:00,1895.66
2050-08-21 02:00:00,1935.81
2050-08-21 03:00:00,1674.3
2050-08-21 04:00:00,2121.56
2050-08-21 05:00:00,2235.42
2050-08-21 06:00:00,1704.32
2050-08-21 07:00:00,2040.44
2050-08-21 08:00:00,1993.99
2050-08-21 09:00:00,2300.53
2050-08-21 10:00:00,2656.05
2050-08-21 11:00:00,3404.7
2050-08-21 12:00:00,3607.37
2050-08-21 13:00:00,2717.86
2050-08-21 14:00:00,2011.49
2050-08-21 15:00:00,1785.85
2050-08-21 16:00:00,1378.83
2050-08-21 17:00:00,262.44
2050-08-21 18:00:00,-111.0
2050-08-21 19:00:00,694.43
2050-08-21 20:00:00,-284.37
2050-08-21 21:00:00,-2150.58
2050-08-21 22:00:00,1289.68
2050-08-21 23:00:00,-1277.57
2050-08-22 00:00:00,-1107.59
2050-08-22 01:00:00,-1023.35
2050-08-22 02:00:00,-637.41
2050-08-22 03:00:00,-4412.33
2050-08-22 04:00:00,-5570.23
2050-08-22 05:00:00,-3173.11
2050-08-22 06:00:00,-3613.4
2050-08-22 07:00:00,-2965.48
2050-08-22 08:00:00,-3952.88
2050-08-22 09:00:00,-2810.56
2050-08-22 10:00:00,-1075.65
2050-08-22 11:00:00,-237.19
2050-08-22 12:00:00,-172.81
2050-08-22 13:00:00,-271.26
2050-08-22 14:00:00,-925.99
2050-08-22 15:00:00,-1988.84
2050-08-22 16:00:00,-1737.34
2050-08-22 17:00:00,-2736.06
2050-08-22 18:00:00,-791.01
2050-08-22 19:00:00,-964.12
2050-08-22 20:00:00,-1190.78
2050-08-22 21:00:00,-412.14
2050-08-22 22:00:00,-1240.07
2050-08-22 23:00:00,-1343.26
2050-08-23 00:00:00,-174.06
2050-08-23 01:00:00,-20.34
2050-08-23 02:00:00,1502.48
2050-08-23 03:00:00,633.58
2050-08-23 04:00:00,845.56
2050-08-23 05:00:00,136.72
2050-08-23 06:00:00,-438.33
2050-08-23 07:00:00,60.89
2050-08-23 08:00:00,1049.87
2050-08-23 09:00:00,1574.56
2050-08-23 10:00:00,1750.24
2050-08-23 11:00:00,2415.5
2050-08-23 12:00:00,2923.16
2050-08-23 13:00:00,3095.38
2050-08-23 14:00:00,2765.14
2050-08-23 15:00:00,2649.12
2050-08-23 16:00:00,2619.62
2050-08-23 17:00:00,2651.37
2050-08-23 18:00:00,2950.98
2050-08-23 19:00:00,2524.57
2050-08-23 20:00:00,2751.42
2050-08-23 21:00:00,2075.88
2050-08-23 22:00:00,2138.99
2050-08-23 23:00:00,2559.42
2050-08-24 00:00:00,2638.16
2050-08-24 01:00:00,2358.21
2050-08-24 02:00:00,1597.38
2050-08-24 03:00:00,1638.47
2050-08-24 04:00:00,1641.81
2050-08-24 05:00:00,2097.34
2050-08-24 06:00:00,2251.72
2050-08-24 07:00:00,2158.59
2050-08-24 08:00:00,2663.94
2050-08-24 09:00:00,2677.13
2050-08-24 10:00:00,2900.91
2050-08-24 11:00:00,3309.81
2050-08-24 12:00:00,3455.53
2050-08-24 13:00:00,3449.27
2050-08-24 14:00:00,3421.82
2050-08-24 15:00:00,3162.17
2050-08-24 16:00:00,3530.77
2050-08-24 17:00:00,2836.11
2050-08-24 18:00:00,2399.99
2050-08-24 19:00:00,875.79
2050-08-24 20:00:00,-12.09
2050-08-24 21:00:00,731.11
2050-08-24 22:00:00,953.2
2050-08-24 23:00:00,1349.34
2050-08-25 00:00:00,-504.14
2050-08-25 01:00:00,-1702.34
2050-08-25 02:00:00,-1631.62
2050-08-25 03:00:00,-1614.36
2050-08-25 04:00:00,-3446.87
2050-08-25 05:00:00,-2091.93
2050-08-25 06:00:00,-1369.88
2050-08-25 07:00:00,-158.51
2050-08-25 08:00:00,644.08
2050-08-25 09:00:00,1795.48
2050-08-25 10:00:00,2276.63
2050-08-25 11:00:00,1835.56
2050-08-25 12:00:00,2350.44
2050-08-25 13:00:00,2209.98
2050-08-25 14:00:00,2298.06
2050-08-25 15:00:00,1883.81
2050-08-25 16:00:00,2071.12
2050-08-25 17:00:00,1268.63
2050-08-25 18:00:00,-559.31
2050-08-25 19:00:00,280.93
2050-08-25 20:00:00,1451.98
2050-08-25 21:00:00,1047.86
2050-08-25 22:00:00,-128.32
2050-08-25 23:00:00,-791.05
2050-08-26 00:00:00,-645.63
2050-08-26 01:00:00,-1159.33
2050-08-26 02:00:00,-1037.44
2050-08-26 03:00:00,-380.84
2050-08-26 04:00:00,234.37
2050-08-26 05:00:00,1251.01
2050-08-26 06:00:00,1195.73
2050-08-26 07:00:00,1129.19
2050-08-26 08:00:00,1773.02
2050-08-26 09:00:00,2543.11
2050-08-26 10:00:00,2600.09
2050-08-26 11:00:00,3273.92
2050-08-26 12:00:00,3613.77
2050-08-26 13:00:00,4047.33
2050-08-26 14:00:00,3726.87
2050-08-26 15:00:00,3397.76
2050-08-26 16:00:00,2438.12
2050-08-26 17:00:00,4081.01
2050-08-26 18:00:00,2580.93
2050-08-26 19:00:00,2011.45
2050-08-26 20:00:00,1722.74
2050-08-26 21:00:00,871.12
2050-08-26 22:00:00,1400.93
2050-08-26 23:00:00,1527.57
2050-08-27 00:00:00,657.58
2050-08-27 01:00:00,953.2
2050-08-27 02:00:00,388.4
2050-08-27 03:00:00,452.44
2050-08-27 04:00:00,757.16
2050-08-27 05:00:00,1178.76
2050-08-27 06:00:00,1167.84
2050-08-27 07:00:00,2206.33
2050-08-27 08:00:00,1939.35
2050-08-27 09:00:00,2272.5
2050-08-27 10:00:00,2728.23
2050-08-27 11:00:00,3523.87
2050-08-27 12:00:00,3796.88
2050-08-27 13:00:00,3817.91
2050-08-27 14:00:00,3763.04
2050-08-27 15:00:00,3680.71
2050-08-27 16:00:00,2962.2
2050-08-27 17:00:00,3163.21
2050-08-27 18:00:00,3860.89
2050-08-27 19:00:00,2304.3
2050-08-27 20:00:00,1958.86
2050-08-27 21:00:00,3417.25
2050-08-27 22:00:00,3865.31
2050-08-27 23:00:00,3621.32
2050-08-28 00:00:00,2091.34
2050-08-28 01:00:00,639.08
2050-08-28 02:00:00,352.02
2050-08-28 03:00:00,-173.04
2050-08-28 04:00:00,-1306.27
2050-08-28 05:00:00,-433.81
2050-08-28 06:00:00,-846.86
2050-08-28 07:00:00,-992.75
2050-08-28 08:00:00,-752.69
2050-08-28 09:00:00,-475.75
2050-08-28 10:00:00,-547.19
2050-08-28 11:00:00,487.99
2050-08-28 12:00:00,1835.41
2050-08-28 13:00:00,2753.01
2050-08-28 14:00:00,2396.7
2050-08-28 15:00:00,2725.76
2050-08-28 16:00:00,1550.7
2050-08-28 17:00:00,1511.8
2050-08-28 18:00:00,2118.72
2050-08-28 19:00:00,1814.88
2050-08-28 20:00:00,935.59
2050-08-28 21:00:00,1527.68
2050-08-28 22:00:00,793.8
2050-08-28 23:00:00,910.03
2050-08-29 00:00:00,1447.9
2050-08-29 01:00:00,997.59
2050-08-29 02:00:00,171.54
2050-08-29 03:00:00,-571.65
2050-08-29 04:00:00,387.02
2050-08-29 05:00:00,48.83
2050-08-29 06:00:00,-1150.32
2050-08-29 07:00:00,-1104.48
2050-08-29 08:00:00,-258.09
2050-08-29 09:00:00,-363.89
2050-08-29 10:00:00,1157.56
2050-08-29 11:00:00,999.6
2050-08-29 12:00:00,2149.36
2050-08-29 13:00:00,2089.04
2050-08-29 14:00:00,1906.54
2050-08-29 15:00:00,1524.53
2050-08-29 16:00:00,1686.93
2050-08-29 17:00:00,731.32
2050-08-29 18:00:00,453.59
2050-08-29 19:00:00,864.6
2050-08-29 20:00:00,-722.46
2050-08-29 21:00:00,-175.75
2050-08-29 22:00:00,-715.84
2050-08-29 23:00:00,-33.29
2050-08-30 00:00:00,-944.95
2050-08-30 01:00:00,-1956.0
2050-08-30 02:00:00,-717.57
2050-08-30 03:00:00,-895.61
2050-08-30 04:00:00,-1171.62
2050-08-30 05:00:00,-586.83
2050-08-30 06:00:00,-901.48
2050-08-30 07:00:00,-876.94
2050-08-30 08:00:00,-344.98
2050-08-30 09:00:00,-163.33
2050-08-30 10:00:00,1011.85
2050-08-30 11:00:00,2412.46
2050-08-30 12:00:00,3248.21
2050-08-30 13:00:00,3634.34
2050-08-30 14:00:00,3324.65
2050-08-30 15:00:00,2719.12
2050-08-30 16:00:00,2665.63
2050-08-30 17:00:00,1540.8
2050-08-30 18:00:00,448.85
2050-08-30 19:00:00,769.44
2050-08-30 20:00:00,128.42
2050-08-30 21:00:00,-2029.98
2050-08-30 22:00:00,-22.6
2050-08-30 23:00:00,-367.95
2050-08-31 00:00:00,-356.38
2050-08-31 01:00:00,-1407.5
2050-08-31 02:00:00,-2770.59
2050-08-31 03:00:00,-2683.67
2050-08-31 04:00:00,-1362.06
2050-08-31 05:00:00,-790.47
2050-08-31 06:00:00,-1010.29
2050-08-31 07:00:00,-1330.68
2050-08-31 08:00:00,251.24
2050-08-31 09:00:00,1451.33
2050-08-31 10:00:00,1998.21
2050-08-31 11:00:00,2732.13
2050-08-31 12:00:00,3998.33
2050-08-31 13:00:00,4736.24
2050-08-31 14:00:00,4835.87
2050-08-31 15:00:00,4114.04
2050-08-31 16:00:00,3954.64
2050-08-31 17:00:00,3681.49
2050-08-31 18:00:00,3623.96
2050-08-31 19:00:00,3930.02
2050-08-31 20:00:00,1763.5
2050-08-31 21:00:00,764.64
2050-08-31 22:00:00,-127.78
2050-08-31 23:00:00,-1240.58
2050-09-01 00:00:00,-542.85
2050-09-01 01:00:00,-1610.64
2050-09-01 02:00:00,-1475.31
2050-09-01 03:00:00,-956.33
2050-09-01 04:00:00,-734.34
2050-09-01 05:00:00,-982.75
2050-09-01 06:00:00,1130.74
2050-09-01 07:00:00,397.8
2050-09-01 08:00:00,1564.9
2050-09-01 09:00:00,2148.17
2050-09-01 10:00:00,2600.44
2050-09-01 11:00:00,2501.56
2050-09-01 12:00:00,3565.98
2050-09-01 13:00:00,4842.87
2050-09-01 14:00:00,5235.48
2050-09-01 15:00:00,5452.46
2050-09-01 16:00:00,5785.49
2050-09-01 17:00:00,4572.93
2050-09-01 18:00:00,4797.53
2050-09-01 19:00:00,4566.62
2050-09-01 20:00:00,3313.69
2050-09-01 21:00:00,2773.28
2050-09-01 22:00:00,691.97
2050-09-01 23:00:00,-457.7
2050-09-02 00:00:00,1525.54
2050-09-02 01:00:00,2724.5
2050-09-02 02:00:00,907.3
2050-09-02 03:00:00,284.71
2050-09-02 04:00:00,146.16
2050-09-02 05:00:00,1205.12
2050-09-02 06:00:00,1220.3
2050-09-02 07:00:00,1418.69
2050-09-02 08:00:00,1813.91
2050-09-02 09:00:00,2166.68
2050-09-02 10:00:00,2687.24
2050-09-02 11:00:00,3128.2
2050-09-02 12:00:00,3819.13
2050-09-02 13:00:00,3785.2
2050-09-02 14:00:00,3269.94
2050-09-02 15:00:00,3688.65
2050-09-02 16:00:00,3492.83
2050-09-02 17:00:00,2943.28
2050-09-02 18:00:00,3116.04
2050-09-02 19:00:00,969.1
2050-09-02 20:00:00,547.49
2050-09-02 21:00:00,-14.0
2050-09-02 22:00:00,-759.26
2050-09-02 23:00:00,315.83
2050-09-03 00:00:00,-316.48
2050-09-03 01:00:00,-941.75
2050-09-03 02:00:00,-644.78
2050-09-03 03:00:00,380.58
2050-09-03 04:00:00,618.19
2050-09-03 05:00:00,335.73
2050-09-03 06:00:00,425.88
2050-09-03 07:00:00,824.13
2050-09-03 08:00:00,1579.33
2050-09-03 09:00:00,2579.41
2050-09-03 10:00:00,2679.48
2050-09-03 11:00:00,3431.57
2050-09-03 12:00:00,3882.61
2050-09-03 13:00:00,4443.78
2050-09-03 14:00:00,4634.47
2050-09-03 15:00:00,4468.48
2050-09-03 16:00:00,3963.1
2050-09-03 17:00:00,3898.75
2050-09-03 18:00:00,3341.78
2050-09-03 19:00:00,4002.48
2050-09-03 20:00:00,2972.08
2050-09-03 21:00:00,3243.24
2050-09-03 22:00:00,2663.15
2050-09-03 23:00:00,770.55
2050-09-04 00:00:00,675.46
2050-09-04 01:00:00,1517.02
2050-09-04 02:00:00,1631.87
2050-09-04 03:00:00,875.01
2050-09-04 04:00:00,314.9
2050-09-04 05:00:00,924.11
2050-09-04 06:00:00,906.42
2050-09-04 07:00:00,1032.27
2050-09-04 08:00:00,885.5
2050-09-04 09:00:00,2046.05
2050-09-04 10:00:00,1195.51
2050-09-04 11:00:00,2525.55
2050-09-04 12:00:00,2922.83
2050-09-04 13:00:00,3325.12
2050-09-04 14:00:00,3580.05
2050-09-04 15:00:00,1925.82
2050-09-04 16:00:00,1538.4
2050-09-04 17:00:00,962.39
2050-09-04 18:00:00,677.81
2050-09-04 19:00:00,1532.32
2050-09-04 20:00:00,2233.71
2050-09-04 21:00:00,394.74
2050-09-04 22:00:00,1497.62
2050-09-04 23:00:00,83.46
2050-09-05 00:00:00,-992.16
2050-09-05 01:00:00,-1716.35
2050-09-05 02:00:00,-1572.77
2050-09-05 03:00:00,-1699.19
2050-09-05 04:00:00,-2125.89
2050-09-05 05:00:00,-1671.72
2050-09-05 06:00:00,-1697.37
2050-09-05 07:00:00,-1611.23
2050-09-05 08:00:00,-1445.46
2050-09-05 09:00:00,-987.11
2050-09-05 10:00:00,265.25
2050-09-05 11:00:00,651.64
2050-09-05 12:00:00,521.04
2050-09-05 13:00:00,1196.31
2050-09-05 14:00:00,653.14
2050-09-05 15:00:00,1290.18
2050-09-05 16:00:00,761.55
2050-09-05 17:00:00,930.93
2050-09-05 18:00:00,1031.7
2050-09-05 19:00:00,-1116.55
2050-09-05 20:00:00,-914.06
2050-09-05 21:00:00,37.36
2050-09-05 22:00:00,36.93
2050-09-05 23:00:00,182.61
2050-09-06 00:00:00,262.25
2050-09-06 01:00:00,533.42
2050-09-06 02:00:00,-105.08
2050-09-06 03:00:00,-501.22
2050-09-06 04:00:00,-252.06
2050-09-06 05:00:00,-834.96
2050-09-06 06:00:00,-1524.22
2050-09-06 07:00:00,-2287.14
2050-09-06 08:00:00,-3066.74
2050-09-06 09:00:00,-1363.74
2050-09-06 10:00:00,-332.03
2050-09-06 11:00:00,-874.1
2050-09-06 12:00:00,757.9
2050-09-06 13:00:00,2018.48
2050-09-06 14:00:00,301.2
2050-09-06 15:00:00,-1283.84
2050-09-06 16:00:00,-875.17
2050-09-06 17:00:00,-1795.21
2050-09-06 18:00:00,-2041.18
2050-09-06 19:00:00,-2011.61
2050-09-06 20:00:00,-3134.64
2050-09-06 21:00:00,-2127.33
2050-09-06 22:00:00,-1399.88
2050-09-06 23:00:00,-2188.84
2050-09-07 00:00:00,-1281.41
2050-09-07 01:00:00,-946.42
2050-09-07 02:00:00,-942.05
2050-09-07 03:00:00,-542.79
2050-09-07 04:00:00,-1225.0
2050-09-07 05:00:00,-2019.53
2050-09-07 06:00:00,-1751.39
2050-09-07 07:00:00,-2342.05
2050-09-07 08:00:00,-855.08
2050-09-07 09:00:00,353.18
2050-09-07 10:00:00,-35.18
2050-09-07 11:00:00,1310.91
2050-09-07 12:00:00,1546.46
2050-09-07 13:00:00,2270.46
2050-09-07 14:00:00,1375.12
2050-09-07 15:00:00,920.69
2050-09-07 16:00:00,106.76
2050-09-07 17:00:00,-573.15
2050-09-07 18:00:00,-249.87
2050-09-07 19:00:00,105.04
2050-09-07 20:00:00,-535.55
2050-09-07 21:00:00,307.59
2050-09-07 22:00:00,-78.06
2050-09-07 23:00:00,82.07
2050-09-08 00:00:00,652.04
2050-09-08 01:00:00,477.73
2050-09-08 02:00:00,431.42
2050-09-08 03:00:00,-79.32
2050-09-08 04:00:00,-537.77
2050-09-08 05:00:00,-830.16
2050-09-08 06:00:00,-925.66
2050-09-08 07:00:00,-371.85
2050-09-08 08:00:00,-464.92
2050-09-08 09:00:00,468.71
2050-09-08 10:00:00,908.71
2050-09-08 11:00:00,1144.45
2050-09-08 12:00:00,1388.04
2050-09-08 13:00:00,1032.84
2050-09-08 14:00:00,701.31
2050-09-08 15:00:00,778.04
2050-09-08 16:00:00,711.63
2050-09-08 17:00:00,459.96
2050-09-08 18:00:00,1149.67
2050-09-08 19:00:00,-1035.64
2050-09-08 20:00:00,162.72
2050-09-08 21:00:00,358.91
2050-09-08 22:00:00,-287.19
2050-09-08 23:00:00,-1024.33
2050-09-09 00:00:00,-234.66
2050-09-09 01:00:00,-1801.16
2050-09-09 02:00:00,-1336.5
2050-09-09 03:00:00,-2159.42
2050-09-09 04:00:00,-1029.89
2050-09-09 05:00:00,-720.25
2050-09-09 06:00:00,113.49
2050-09-09 07:00:00,327.1
2050-09-09 08:00:00,709.8
2050-09-09 09:00:00,1500.68
2050-09-09 10:00:00,2463.43
2050-09-09 11:00:00,2186.06
2050-09-09 12:00:00,1877.81
2050-09-09 13:00:00,2700.91
2050-09-09 14:00:00,2963.39
2050-09-09 15:00:00,1869.76
2050-09-09 16:00:00,2495.19
2050-09-09 17:00:00,2879.51
2050-09-09 18:00:00,3762.08
2050-09-09 19:00:00,3690.28
2050-09-09 20:00:00,2400.95
2050-09-09 21:00:00,2229.51
2050-09-09 22:00:00,2010.51
2050-09-09 23:00:00,1869.54
2050-09-10 00:00:00,1359.69
2050-09-10 01:00:00,748.98
2050-09-10 02:00:00,1709.67
2050-09-10 03:00:00,1483.89
2050-09-10 04:00:00,1044.72
2050-09-10 05:00:00,1088.75
2050-09-10 06:00:00,1032.58
2050-09-10 07:00:00,846.6
2050-09-10 08:00:00,-22.12
2050-09-10 09:00:00,678.45
2050-09-10 10:00:00,1126.98
2050-09-10 11:00:00,101.15
2050-09-10 12:00:00,215.96
2050-09-10 13:00:00,291.07
2050-09-10 14:00:00,844.38
2050-09-10 15:00:00,1291.51
2050-09-10 16:00:00,1327.17
2050-09-10 17:00:00,1699.2
2050-09-10 18:00:00,1649.9
2050-09-10 19:00:00,514.78
2050-09-10 20:00:00,359.3
2050-09-10 21:00:00,1084.84
2050-09-10 22:00:00,1480.69
2050-09-10 23:00:00,685.74
2050-09-11 00:00:00,-908.95
2050-09-11 01:00:00,-295.14
2050-09-11 02:00:00,361.3
2050-09-11 03:00:00,-1174.17
2050-09-11 04:00:00,-2043.72
2050-09-11 05:00:00,-1714.04
2050-09-11 06:00:00,-480.43
2050-09-11 07:00:00,637.89
2050-09-11 08:00:00,1098.93
2050-09-11 09:00:00,229.88
2050-09-11 10:00:00,1088.72
2050-09-11 11:00:00,1491.71
2050-09-11 12:00:00,1980.21
2050-09-11 13:00:00,2807.35
2050-09-11 14:00:00,3316.15
2050-09-11 15:00:00,3130.67
2050-09-11 16:00:00,3783.41
2050-09-11 17:00:00,4634.02
2050-09-11 18:00:00,4470.96
2050-09-11 19:00:00,3822.89
2050-09-11 20:00:00,1671.04
2050-09-11 21:00:00,1408.59
2050-09-11 22:00:00,396.19
2050-09-11 23:00:00,260.65
2050-09-12 00:00:00,-202.68
2050-09-12 01:00:00,397.67
2050-09-12 02:00:00,685.84
2050-09-12 03:00:00,172.14
2050-09-12 04:00:00,428.17
2050-09-12 05:00:00,793.14
2050-09-12 06:00:00,874.71
2050-09-12 07:00:00,1635.74
2050-09-12 08:00:00,1300.55
2050-09-12 09:00:00,1758.65
2050-09-12 10:00:00,1833.33
2050-09-12 11:00:00,2400.3
2050-09-12 12:00:00,2227.38
2050-09-12 13:00:00,2207.78
2050-09-12 14:00:00,2193.35
2050-09-12 15:00:00,1192.91
2050-09-12 16:00:00,1495.95
2050-09-12 17:00:00,1611.78
2050-09-12 18:00:00,-94.32
2050-09-12 19:00:00,-850.97
2050-09-12 20:00:00,-2.54
2050-09-12 21:00:00,143.78
2050-09-12 22:00:00,-363.52
2050-09-12 23:00:00,-631.32
2050-09-13 00:00:00,-592.12
2050-09-13 01:00:00,832.98
2050-09-13 02:00:00,-122.78
2050-09-13 03:00:00,-1090.42
2050-09-13 04:00:00,-33.32
2050-09-13 05:00:00,33.95
2050-09-13 06:00:00,-104.04
2050-09-13 07:00:00,-809.49
2050-09-13 08:00:00,-1227.14
2050-09-13 09:00:00,13.97
2050-09-13 10:00:00,1387.82
2050-09-13 11:00:00,2447.73
2050-09-13 12:00:00,2749.09
2050-09-13 13:00:00,2050.84
2050-09-13 14:00:00,2693.56
2050-09-13 15:00:00,2862.93
2050-09-13 16:00:00,1491.99
2050-09-13 17:00:00,2422.19
2050-09-13 18:00:00,2751.84
2050-09-13 19:00:00,1636.25
2050-09-13 20:00:00,1556.88
2050-09-13 21:00:00,190.83
2050-09-13 22:00:00,-289.67
2050-09-13 23:00:00,-286.16
2050-09-14 00:00:00,489.64
2050-09-14 01:00:00,-542.9
2050-09-14 02:00:00,-1363.84
2050-09-14 03:00:00,-2086.71
2050-09-14 04:00:00,-3577.93
2050-09-14 05:00:00,-2927.0
2050-09-14 06:00:00,-1461.9
2050-09-14 07:00:00,-695.06
2050-09-14 08:00:00,-792.85
2050-09-14 09:00:00,-1144.34
2050-09-14 10:00:00,-669.1
2050-09-14 11:00:00,-309.53
2050-09-14 12:00:00,-15.7
2050-09-14 13:00:00,433.78
2050-09-14 14:00:00,1549.13
2050-09-14 15:00:00,1454.38
2050-09-14 16:00:00,1908.68
2050-09-14 17:00:00,2026.68
2050-09-14 18:00:00,496.19
2050-09-14 19:00:00,484.38
2050-09-14 20:00:00,28.31
2050-09-14 21:00:00,-1139.97
2050-09-14 22:00:00,-2443.03
2050-09-14 23:00:00,-3385.67
2050-09-15 00:00:00,-3431.81
2050-09-15 01:00:00,-4192.28
2050-09-15 02:00:00,-3200.08
2050-09-15 03:00:00,-3427.39
2050-09-15 04:00:00,-2606.26
2050-09-15 05:00:00,-2164.54
2050-09-15 06:00:00,-2227.63
2050-09-15 07:00:00,-2133.78
2050-09-15 08:00:00,-86.48
2050-09-15 09:00:00,597.43
2050-09-15 10:00:00,1080.93
2050-09-15 11:00:00,1783.45
2050-09-15 12:00:00,2530.81
2050-09-15 13:00:00,2843.49
2050-09-15 14:00:00,3095.92
2050-09-15 15:00:00,3255.46
2050-09-15 16:00:00,3499.45
2050-09-15 17:00:00,3344.52
2050-09-15 18:00:00,3532.81
2050-09-15 19:00:00,3365.19
2050-09-15 20:00:00,2436.01
2050-09-15 21:00:00,1898.46
2050-09-15 22:00:00,2031.9
2050-09-15 23:00:00,1539.34
2050-09-16 00:00:00,1084.2
2050-09-16 01:00:00,1733.23
2050-09-16 02:00:00,1851.52
2050-09-16 03:00:00,1944.71
2050-09-16 04:00:00,1793.41
2050-09-16 05:00:00,1579.39
2050-09-16 06:00:00,1454.92
2050-09-16 07:00:00,2066.66
2050-09-16 08:00:00,2200.52
2050-09-16 09:00:00,2930.9
2050-09-16 10:00:00,2894.34
2050-09-16 11:00:00,2941.78
2050-09-16 12:00:00,3049.75
2050-09-16 13:00:00,3172.02
2050-09-16 14:00:00,3059.37
2050-09-16 15:00:00,3322.67
2050-09-16 16:00:00,3539.8
2050-09-16 17:00:00,3758.85
2050-09-16 18:00:00,3763.93
2050-09-16 19:00:00,4242.58
2050-09-16 20:00:00,3724.1
2050-09-16 21:00:00,4141.5
2050-09-16 22:00:00,3753.34
2050-09-16 23:00:00,3731.26
2050-09-17 00:00:00,3035.84
2050-09-17 01:00:00,2775.6
2050-09-17 02:00:00,2089.15
2050-09-17 03:00:00,1748.45
2050-09-17 04:00:00,2004.46
2050-09-17 05:00:00,1966.77
2050-09-17 06:00:00,2279.04
2050-09-17 07:00:00,2120.74
2050-09-17 08:00:00,2566.17
2050-09-17 09:00:00,3281.84
2050-09-17 10:00:00,3634.66
2050-09-17 11:00:00,3901.53
2050-09-17 12:00:00,4021.43
2050-09-17 13:00:00,4307.52
2050-09-17 14:00:00,4200.19
2050-09-17 15:00:00,4215.02
2050-09-17 16:00:00,4018.11
2050-09-17 17:00:00,4031.24
2050-09-17 18:00:00,3417.86
2050-09-17 19:00:00,2233.7
2050-09-17 20:00:00,1031.17
2050-09-17 21:00:00,946.08
2050-09-17 22:00:00,1292.15
2050-09-17 23:00:00,-74.16
2050-09-18 00:00:00,-293.85
2050-09-18 01:00:00,-572.54
2050-09-18 02:00:00,-456.22
2050-09-18 03:00:00,-1176.57
2050-09-18 04:00:00,-1246.46
2050-09-18 05:00:00,-2591.19
2050-09-18 06:00:00,-1694.85
2050-09-18 07:00:00,-1144.8
2050-09-18 08:00:00,-3883.77
2050-09-18 09:00:00,-2654.91
2050-09-18 10:00:00,-2214.55
2050-09-18 11:00:00,-2137.15
2050-09-18 12:00:00,-2505.58
2050-09-18 13:00:00,-1002.04
2050-09-18 14:00:00,-1047.02
2050-09-18 15:00:00,305.57
2050-09-18 16:00:00,748.97
2050-09-18 17:00:00,566.11
2050-09-18 18:00:00,-529.8
2050-09-18 19:00:00,-1980.88
2050-09-18 20:00:00,-2730.66
2050-09-18 21:00:00,-3672.82
2050-09-18 22:00:00,-3011.51
2050-09-18 23:00:00,-2873.48
2050-09-19 00:00:00,-4266.27
2050-09-19 01:00:00,-3302.15
2050-09-19 02:00:00,-4136.36
2050-09-19 03:00:00,-4617.24
2050-09-19 04:00:00,-4297.29
2050-09-19 05:00:00,-3728.87
2050-09-19 06:00:00,-3469.33
2050-09-19 07:00:00,-3611.15
2050-09-19 08:00:00,-3730.08
2050-09-19 09:00:00,-3189.83
2050-09-19 10:00:00,-1371.82
2050-09-19 11:00:00,-549.34
2050-09-19 12:00:00,-254.23
2050-09-19 13:00:00,398.31
2050-09-19 14:00:00,3.54
2050-09-19 15:00:00,-523.67
2050-09-19 16:00:00,765.81
2050-09-19 17:00:00,1388.06
2050-09-19 18:00:00,1971.79
2050-09-19 19:00:00,2535.41
2050-09-19 20:00:00,1819.68
2050-09-19 21:00:00,525.23
2050-09-19 22:00:00,1620.46
2050-09-19 23:00:00,1717.13
2050-09-20 00:00:00,1185.64
2050-09-20 01:00:00,-841.45
2050-09-20 02:00:00,-1208.89
2050-09-20 03:00:00,-1746.66
2050-09-20 04:00:00,-1998.68
2050-09-20 05:00:00,-1905.97
2050-09-20 06:00:00,-1949.93
2050-09-20 07:00:00,-1201.44
2050-09-20 08:00:00,-171.98
2050-09-20 09:00:00,-1116.63
2050-09-20 10:00:00,-532.15
2050-09-20 11:00:00,-346.5
2050-09-20 12:00:00,20.76
2050-09-20 13:00:00,599.25
2050-09-20 14:00:00,1903.64
2050-09-20 15:00:00,3297.83
2050-09-20 16:00:00,3071.47
2050-09-20 17:00:00,2605.95
2050-09-20 18:00:00,2658.6
2050-09-20 19:00:00,1976.43
2050-09-20 20:00:00,1884.04
2050-09-20 21:00:00,1261.16
2050-09-20 22:00:00,-493.6
2050-09-20 23:00:00,-312.99
2050-09-21 00:00:00,-736.4
2050-09-21 01:00:00,-344.57
2050-09-21 02:00:00,-582.18
2050-09-21 03:00:00,-1138.6
2050-09-21 04:00:00,-1442.55
2050-09-21 05:00:00,-760.4
2050-09-21 06:00:00,-681.27
2050-09-21 07:00:00,-946.48
2050-09-21 08:00:00,-376.93
2050-09-21 09:00:00,1017.2
2050-09-21 10:00:00,942.28
2050-09-21 11:00:00,1923.77
2050-09-21 12:00:00,2289.87
2050-09-21 13:00:00,2891.99
2050-09-21 14:00:00,2799.14
2050-09-21 15:00:00,3000.28
2050-09-21 16:00:00,3010.56
2050-09-21 17:00:00,2723.57
2050-09-21 18:00:00,2520.13
2050-09-21 19:00:00,273.1
2050-09-21 20:00:00,-809.28
2050-09-21 21:00:00,-1174.26
2050-09-21 22:00:00,-692.4
2050-09-21 23:00:00,-540.49
2050-09-22 00:00:00,-1330.87
2050-09-22 01:00:00,-2653.4
2050-09-22 02:00:00,-3264.34
2050-09-22 03:00:00,-3162.55
2050-09-22 04:00:00,-3793.66
2050-09-22 05:00:00,-2709.18
2050-09-22 06:00:00,-3573.25
2050-09-22 07:00:00,-4602.17
2050-09-22 08:00:00,-4745.65
2050-09-22 09:00:00,-3880.85
2050-09-22 10:00:00,-3537.9
2050-09-22 11:00:00,-2274.3
2050-09-22 12:00:00,-1082.23
2050-09-22 13:00:00,-1280.26
2050-09-22 14:00:00,-2414.3
2050-09-22 15:00:00,-3501.63
2050-09-22 16:00:00,-2285.12
2050-09-22 17:00:00,-1081.09
2050-09-22 18:00:00,-807.47
2050-09-22 19:00:00,-2734.2
2050-09-22 20:00:00,-4754.6
2050-09-22 21:00:00,-5212.98
2050-09-22 22:00:00,-5192.98
2050-09-22 23:00:00,-4974.04
2050-09-23 00:00:00,-5304.07
2050-09-23 01:00:00,-4833.31
2050-09-23 02:00:00,-5361.35
2050-09-23 03:00:00,-5925.76
2050-09-23 04:00:00,-6382.83
2050-09-23 05:00:00,-6158.28
2050-09-23 06:00:00,-7136.79
2050-09-23 07:00:00,-7241.74
2050-09-23 08:00:00,-5178.67
2050-09-23 09:00:00,-4119.05
2050-09-23 10:00:00,-4796.06
2050-09-23 11:00:00,-4107.24
2050-09-23 12:00:00,-4508.11
2050-09-23 13:00:00,-3577.13
2050-09-23 14:00:00,-3912.86
2050-09-23 15:00:00,-3119.94
2050-09-23 16:00:00,-3752.63
2050-09-23 17:00:00,-3051.01
2050-09-23 18:00:00,-2862.27
2050-09-23 19:00:00,-3066.85
2050-09-23 20:00:00,-3305.87
2050-09-23 21:00:00,-2329.11
2050-09-23 22:00:00,-2499.22
2050-09-23 23:00:00,-2265.43
2050-09-24 00:00:00,-3147.16
2050-09-24 01:00:00,-2683.29
2050-09-24 02:00:00,-2743.7
2050-09-24 03:00:00,-3891.65
2050-09-24 04:00:00,-4089.29
2050-09-24 05:00:00,-3032.97
2050-09-24 06:00:00,-3195.61
2050-09-24 07:00:00,-2644.26
2050-09-24 08:00:00,-1990.78
2050-09-24 09:00:00,-1613.72
2050-09-24 10:00:00,-319.51
2050-09-24 11:00:00,523.33
2050-09-24 12:00:00,1633.57
2050-09-24 13:00:00,1744.33
2050-09-24 14:00:00,2115.11
2050-09-24 15:00:00,2402.14
2050-09-24 16:00:00,2879.39
2050-09-24 17:00:00,2342.28
2050-09-24 18:00:00,2775.95
2050-09-24 19:00:00,1607.19
2050-09-24 20:00:00,784.72
2050-09-24 21:00:00,1664.03
2050-09-24 22:00:00,845.28
2050-09-24 23:00:00,1495.38
2050-09-25 00:00:00,71.82
2050-09-25 01:00:00,-125.58
2050-09-25 02:00:00,-807.37
2050-09-25 03:00:00,53.16
2050-09-25 04:00:00,-189.67
2050-09-25 05:00:00,346.08
2050-09-25 06:00:00,461.76
2050-09-25 07:00:00,874.27
2050-09-25 08:00:00,432.35
2050-09-25 09:00:00,1746.67
2050-09-25 10:00:00,1047.46
2050-09-25 11:00:00,2466.49
2050-09-25 12:00:00,2266.14
2050-09-25 13:00:00,1948.93
2050-09-25 14:00:00,934.48
2050-09-25 15:00:00,889.15
2050-09-25 16:00:00,296.54
2050-09-25 17:00:00,1000.01
2050-09-25 18:00:00,2153.19
2050-09-25 19:00:00,352.11
2050-09-25 20:00:00,399.88
2050-09-25 21:00:00,-2719.75
2050-09-25 22:00:00,-2116.99
2050-09-25 23:00:00,-3330.45
2050-09-26 00:00:00,-1190.32
2050-09-26 01:00:00,-1670.88
2050-09-26 02:00:00,-2132.11
2050-09-26 03:00:00,-1626.8
2050-09-26 04:00:00,-1384.49
2050-09-26 05:00:00,-2240.78
2050-09-26 06:00:00,-2569.71
2050-09-26 07:00:00,-2701.46
2050-09-26 08:00:00,-3153.63
2050-09-26 09:00:00,-2718.99
2050-09-26 10:00:00,-3154.47
2050-09-26 11:00:00,-3222.65
2050-09-26 12:00:00,-3880.93
2050-09-26 13:00:00,-4009.63
2050-09-26 14:00:00,-3738.7
2050-09-26 15:00:00,-3188.41
2050-09-26 16:00:00,-4128.58
2050-09-26 17:00:00,-4801.14
2050-09-26 18:00:00,-2062.91
2050-09-26 19:00:00,-1077.6
2050-09-26 20:00:00,-1730.22
2050-09-26 21:00:00,-1410.25
2050-09-26 22:00:00,-1280.18
2050-09-26 23:00:00,-1245.95
2050-09-27 00:00:00,-2267.99
2050-09-27 01:00:00,-3338.91
2050-09-27 02:00:00,-3286.7
2050-09-27 03:00:00,-3135.44
2050-09-27 04:00:00,-2614.93
2050-09-27 05:00:00,-1690.02
2050-09-27 06:00:00,-1090.1
2050-09-27 07:00:00,-1119.13
2050-09-27 08:00:00,-740.12
2050-09-27 09:00:00,166.73
2050-09-27 10:00:00,684.08
2050-09-27 11:00:00,1328.32
2050-09-27 12:00:00,1344.22
2050-09-27 13:00:00,598.86
2050-09-27 14:00:00,1083.96
2050-09-27 15:00:00,904.32
2050-09-27 16:00:00,218.44
2050-09-27 17:00:00,-45.31
2050-09-27 18:00:00,421.77
2050-09-27 19:00:00,-1131.61
2050-09-27 20:00:00,-786.01
2050-09-27 21:00:00,-535.76
2050-09-27 22:00:00,-507.04
2050-09-27 23:00:00,-1141.92
2050-09-28 00:00:00,-2325.86
2050-09-28 01:00:00,-1869.4
2050-09-28 02:00:00,-2803.23
2050-09-28 03:00:00,-3951.43
2050-09-28 04:00:00,-4152.56
2050-09-28 05:00:00,-3261.87
2050-09-28 06:00:00,-4262.56
2050-09-28 07:00:00,-4691.92
2050-09-28 08:00:00,-3612.42
2050-09-28 09:00:00,-1271.11
2050-09-28 10:00:00,-2187.99
2050-09-28 11:00:00,-2543.17
2050-09-28 12:00:00,-2439.5
2050-09-28 13:00:00,-1555.46
2050-09-28 14:00:00,-959.81
2050-09-28 15:00:00,-48.74
2050-09-28 16:00:00,-1023.9
2050-09-28 17:00:00,-751.74
2050-09-28 18:00:00,-643.05
2050-09-28 19:00:00,-1790.01
2050-09-28 20:00:00,-1766.49
2050-09-28 21:00:00,-1250.05
2050-09-28 22:00:00,-2966.6
2050-09-28 23:00:00,-3858.83
2050-09-29 00:00:00,-4224.73
2050-09-29 01:00:00,-4391.37
2050-09-29 02:00:00,-4219.96
2050-09-29 03:00:00,-5412.79
2050-09-29 04:00:00,-6139.74
2050-09-29 05:00:00,-6598.97
2050-09-29 06:00:00,-5542.43
2050-09-29 07:00:00,-3765.5
2050-09-29 08:00:00,-5107.11
2050-09-29 09:00:00,-2849.14
2050-09-29 10:00:00,-1698.82
2050-09-29 11:00:00,-1673.52
2050-09-29 12:00:00,-1132.27
2050-09-29 13:00:00,-361.87
2050-09-29 14:00:00,1478.04
2050-09-29 15:00:00,2783.77
2050-09-29 16:00:00,1927.9
2050-09-29 17:00:00,1340.93
2050-09-29 18:00:00,2518.28
2050-09-29 19:00:00,-116.19
2050-09-29 20:00:00,492.98
2050-09-29 21:00:00,-232.85
2050-09-29 22:00:00,-1520.01
2050-09-29 23:00:00,-4357.02
2050-09-30 00:00:00,-3026.43
2050-09-30 01:00:00,-5195.65
2050-09-30 02:00:00,-7033.05
2050-09-30 03:00:00,-8356.93
2050-09-30 04:00:00,-7969.66
2050-09-30 05:00:00,-4857.58
2050-09-30 06:00:00,-7197.01
2050-09-30 07:00:00,-7423.66
2050-09-30 08:00:00,-6159.35
2050-09-30 09:00:00,-5618.15
2050-09-30 10:00:00,-4866.54
2050-09-30 11:00:00,-4513.93
2050-09-30 12:00:00,-2742.36
2050-09-30 13:00:00,-2570.78
2050-09-30 14:00:00,-2552.49
2050-09-30 15:00:00,-2205.48
2050-09-30 16:00:00,-2818.69
2050-09-30 17:00:00,-2244.41
2050-09-30 18:00:00,-1351.83
2050-09-30 19:00:00,-2540.38
2050-09-30 20:00:00,-2686.52
2050-09-30 21:00:00,-2555.01
2050-09-30 22:00:00,-3234.87
2050-09-30 23:00:00,-3362.02
2050-10-01 00:00:00,-5314.61
2050-10-01 01:00:00,-4768.9
2050-10-01 02:00:00,-4003.69
2050-10-01 03:00:00,-4493.02
2050-10-01 04:00:00,-4592.03
2050-10-01 05:00:00,-4691.76
2050-10-01 06:00:00,-4322.12
2050-10-01 07:00:00,-4460.12
2050-10-01 08:00:00,-3905.93
2050-10-01 09:00:00,-3873.99
2050-10-01 10:00:00,-3117.92
2050-10-01 11:00:00,-2356.17
2050-10-01 12:00:00,-2429.49
2050-10-01 13:00:00,-903.99
2050-10-01 14:00:00,-776.17
2050-10-01 15:00:00,-888.13
2050-10-01 16:00:00,-1671.41
2050-10-01 17:00:00,-1330.62
2050-10-01 18:00:00,-1106.35
2050-10-01 19:00:00,-1882.99
2050-10-01 20:00:00,-4093.61
2050-10-01 21:00:00,-4400.28
2050-10-01 22:00:00,-3458.07
2050-10-01 23:00:00,-3617.15
2050-10-02 00:00:00,-3957.91
2050-10-02 01:00:00,-5070.09
2050-10-02 02:00:00,-6168.92
2050-10-02 03:00:00,-5904.21
2050-10-02 04:00:00,-6001.93
2050-10-02 05:00:00,-5913.0
2050-10-02 06:00:00,-5616.82
2050-10-02 07:00:00,-6115.5
2050-10-02 08:00:00,-4643.2
2050-10-02 09:00:00,-4936.13
2050-10-02 10:00:00,-5367.05
2050-10-02 11:00:00,-4551.92
2050-10-02 12:00:00,-5288.27
2050-10-02 13:00:00,-4981.27
2050-10-02 14:00:00,-4567.28
2050-10-02 15:00:00,-4197.0
2050-10-02 16:00:00,-3271.26
2050-10-02 17:00:00,-1767.01
2050-10-02 18:00:00,-2008.62
2050-10-02 19:00:00,-3369.04
2050-10-02 20:00:00,-6542.52
2050-10-02 21:00:00,-3629.07
2050-10-02 22:00:00,-5281.16
2050-10-02 23:00:00,-5527.12
2050-10-03 00:00:00,-6592.27
2050-10-03 01:00:00,-3644.87
2050-10-03 02:00:00,-3663.16
2050-10-03 03:00:00,-3319.67
2050-10-03 04:00:00,-3212.73
2050-10-03 05:00:00,-3788.9
2050-10-03 06:00:00,-3342.64
2050-10-03 07:00:00,-2496.62
2050-10-03 08:00:00,-2117.52
2050-10-03 09:00:00,-3722.63
2050-10-03 10:00:00,-3362.97
2050-10-03 11:00:00,-2151.67
2050-10-03 12:00:00,-1756.09
2050-10-03 13:00:00,-1540.38
2050-10-03 14:00:00,-739.64
2050-10-03 15:00:00,-758.53
2050-10-03 16:00:00,-691.19
2050-10-03 17:00:00,-300.85
2050-10-03 18:00:00,-30.4
2050-10-03 19:00:00,-350.31
2050-10-03 20:00:00,478.77
2050-10-03 21:00:00,-431.22
2050-10-03 22:00:00,-1112.04
2050-10-03 23:00:00,-570.05
2050-10-04 00:00:00,-1097.38
2050-10-04 01:00:00,-1627.4
2050-10-04 02:00:00,-2961.49
2050-10-04 03:00:00,-2957.67
2050-10-04 04:00:00,-3988.23
2050-10-04 05:00:00,-4206.08
2050-10-04 06:00:00,-3968.93
2050-10-04 07:00:00,-3000.87
2050-10-04 08:00:00,-3020.21
2050-10-04 09:00:00,-2814.49
2050-10-04 10:00:00,-3015.97
2050-10-04 11:00:00,-4291.61
2050-10-04 12:00:00,-3717.45
2050-10-04 13:00:00,-3829.2
2050-10-04 14:00:00,-4337.38
2050-10-04 15:00:00,-4286.53
2050-10-04 16:00:00,-4983.8
2050-10-04 17:00:00,-4929.81
2050-10-04 18:00:00,-6041.78
2050-10-04 19:00:00,-4786.01
2050-10-04 20:00:00,-3690.21
2050-10-04 21:00:00,-4744.43
2050-10-04 22:00:00,-3707.2
2050-10-04 23:00:00,-2976.73
2050-10-05 00:00:00,-5596.52
2050-10-05 01:00:00,-4548.02
2050-10-05 02:00:00,-4603.07
2050-10-05 03:00:00,-5949.65
2050-10-05 04:00:00,-5067.71
2050-10-05 05:00:00,-3686.04
2050-10-05 06:00:00,-2800.22
2050-10-05 07:00:00,-3062.57
2050-10-05 08:00:00,-1612.98
2050-10-05 09:00:00,-499.78
2050-10-05 10:00:00,-969.39
2050-10-05 11:00:00,-423.42
2050-10-05 12:00:00,-278.16
2050-10-05 13:00:00,968.98
2050-10-05 14:00:00,731.87
2050-10-05 15:00:00,1137.0
2050-10-05 16:00:00,1335.55
2050-10-05 17:00:00,2198.11
2050-10-05 18:00:00,1841.1
2050-10-05 19:00:00,2612.8
2050-10-05 20:00:00,2748.66
2050-10-05 21:00:00,2372.29
2050-10-05 22:00:00,2350.17
2050-10-05 23:00:00,2528.54
2050-10-06 00:00:00,1683.16
2050-10-06 01:00:00,1818.56
2050-10-06 02:00:00,1864.15
2050-10-06 03:00:00,1757.79
2050-10-06 04:00:00,1353.33
2050-10-06 05:00:00,1439.01
2050-10-06 06:00:00,1525.41
2050-10-06 07:00:00,1514.92
2050-10-06 08:00:00,2145.28
2050-10-06 09:00:00,2679.56
2050-10-06 10:00:00,2647.7
2050-10-06 11:00:00,3017.04
2050-10-06 12:00:00,3084.3
2050-10-06 13:00:00,2954.15
2050-10-06 14:00:00,2939.95
2050-10-06 15:00:00,3084.67
2050-10-06 16:00:00,3374.46
2050-10-06 17:00:00,3926.85
2050-10-06 18:00:00,3667.32
2050-10-06 19:00:00,2770.43
2050-10-06 20:00:00,2787.66
2050-10-06 21:00:00,1982.26
2050-10-06 22:00:00,1172.63
2050-10-06 23:00:00,883.95
2050-10-07 00:00:00,315.02
2050-10-07 01:00:00,587.88
2050-10-07 02:00:00,404.46
2050-10-07 03:00:00,-61.8
2050-10-07 04:00:00,114.39
2050-10-07 05:00:00,88.12
2050-10-07 06:00:00,1252.31
2050-10-07 07:00:00,426.84
2050-10-07 08:00:00,774.9
2050-10-07 09:00:00,964.73
2050-10-07 10:00:00,75.85
2050-10-07 11:00:00,376.07
2050-10-07 12:00:00,1133.33
2050-10-07 13:00:00,-119.23
2050-10-07 14:00:00,149.58
2050-10-07 15:00:00,-1905.87
2050-10-07 16:00:00,-2047.17
2050-10-07 17:00:00,-1637.37
2050-10-07 18:00:00,-2437.2
2050-10-07 19:00:00,31.84
2050-10-07 20:00:00,-3320.15
2050-10-07 21:00:00,-3474.44
2050-10-07 22:00:00,-2502.59
2050-10-07 23:00:00,-3053.37
2050-10-08 00:00:00,-2735.05
2050-10-08 01:00:00,-2765.53
2050-10-08 02:00:00,-1457.88
2050-10-08 03:00:00,-2165.39
2050-10-08 04:00:00,-4668.97
2050-10-08 05:00:00,-4561.68
2050-10-08 06:00:00,-4207.64
2050-10-08 07:00:00,-3729.76
2050-10-08 08:00:00,-2664.29
2050-10-08 09:00:00,-2118.84
2050-10-08 10:00:00,-2704.29
2050-10-08 11:00:00,-1989.36
2050-10-08 12:00:00,-1166.99
2050-10-08 13:00:00,-1036.69
2050-10-08 14:00:00,-468.22
2050-10-08 15:00:00,6.85
2050-10-08 16:00:00,-413.23
2050-10-08 17:00:00,144.87
2050-10-08 18:00:00,-162.1
2050-10-08 19:00:00,-2163.79
2050-10-08 20:00:00,-1105.45
2050-10-08 21:00:00,-1461.43
2050-10-08 22:00:00,-1155.24
2050-10-08 23:00:00,-1240.84
2050-10-09 00:00:00,-2109.04
2050-10-09 01:00:00,-2351.18
2050-10-09 02:00:00,-2951.6
2050-10-09 03:00:00,-3423.13
2050-10-09 04:00:00,-4243.16
2050-10-09 05:00:00,-4684.97
2050-10-09 06:00:00,-5734.25
2050-10-09 07:00:00,-5597.3
2050-10-09 08:00:00,-5057.72
2050-10-09 09:00:00,-5709.98
2050-10-09 10:00:00,-5729.15
2050-10-09 11:00:00,-7262.6
2050-10-09 12:00:00,-6925.3
2050-10-09 13:00:00,-7014.62
2050-10-09 14:00:00,-7548.2
2050-10-09 15:00:00,-7279.93
2050-10-09 16:00:00,-7076.67
2050-10-09 17:00:00,-6833.33
2050-10-09 18:00:00,-6611.75
2050-10-09 19:00:00,-6726.38
2050-10-09 20:00:00,-6952.73
2050-10-09 21:00:00,-7120.22
2050-10-09 22:00:00,-7460.39
2050-10-09 23:00:00,-7381.46
2050-10-10 00:00:00,-7988.42
2050-10-10 01:00:00,-7871.68
2050-10-10 02:00:00,-8220.41
2050-10-10 03:00:00,-7937.64
2050-10-10 04:00:00,-7618.03
2050-10-10 05:00:00,-6048.7
2050-10-10 06:00:00,-6253.05
2050-10-10 07:00:00,-4092.0
2050-10-10 08:00:00,-4096.86
2050-10-10 09:00:00,-2868.42
2050-10-10 10:00:00,-2177.64
2050-10-10 11:00:00,-1741.04
2050-10-10 12:00:00,-1348.26
2050-10-10 13:00:00,-1883.08
2050-10-10 14:00:00,-2324.99
2050-10-10 15:00:00,-2543.48
2050-10-10 16:00:00,-1886.09
2050-10-10 17:00:00,-255.69
2050-10-10 18:00:00,-279.88
2050-10-10 19:00:00,-1668.75
2050-10-10 20:00:00,-2067.81
2050-10-10 21:00:00,-3405.65
2050-10-10 22:00:00,-2955.91
2050-10-10 23:00:00,-685.51
2050-10-11 00:00:00,-3235.27
2050-10-11 01:00:00,-3133.36
2050-10-11 02:00:00,-3671.93
2050-10-11 03:00:00,-3727.12
2050-10-11 04:00:00,-2596.02
2050-10-11 05:00:00,-1808.82
2050-10-11 06:00:00,-1619.18
2050-10-11 07:00:00,-1170.2
2050-10-11 08:00:00,-880.22
2050-10-11 09:00:00,-827.37
2050-10-11 10:00:00,-2247.01
2050-10-11 11:00:00,-2159.8
2050-10-11 12:00:00,-82.8
2050-10-11 13:00:00,-287.87
2050-10-11 14:00:00,-636.34
2050-10-11 15:00:00,254.79
2050-10-11 16:00:00,36.2
2050-10-11 17:00:00,-402.53
2050-10-11 18:00:00,-330.49
2050-10-11 19:00:00,1409.43
2050-10-11 20:00:00,-535.5
2050-10-11 21:00:00,-1425.61
2050-10-11 22:00:00,-1546.55
2050-10-11 23:00:00,-1264.11
2050-10-12 00:00:00,-2167.64
2050-10-12 01:00:00,-697.09
2050-10-12 02:00:00,-1844.1
2050-10-12 03:00:00,-3509.92
2050-10-12 04:00:00,-3795.86
2050-10-12 05:00:00,-5100.61
2050-10-12 06:00:00,-3829.31
2050-10-12 07:00:00,-4303.48
2050-10-12 08:00:00,-2302.41
2050-10-12 09:00:00,-3009.13
2050-10-12 10:00:00,-1815.27
2050-10-12 11:00:00,-1128.44
2050-10-12 12:00:00,-413.79
2050-10-12 13:00:00,-663.6
2050-10-12 14:00:00,-509.72
2050-10-12 15:00:00,516.8
2050-10-12 16:00:00,618.16
2050-10-12 17:00:00,911.89
2050-10-12 18:00:00,28.89
2050-10-12 19:00:00,570.07
2050-10-12 20:00:00,289.9
2050-10-12 21:00:00,92.22
2050-10-12 22:00:00,-506.87
2050-10-12 23:00:00,-1320.69
2050-10-13 00:00:00,-1285.52
2050-10-13 01:00:00,-995.24
2050-10-13 02:00:00,-2169.63
2050-10-13 03:00:00,-1992.61
2050-10-13 04:00:00,-414.75
2050-10-13 05:00:00,-644.18
2050-10-13 06:00:00,-774.83
2050-10-13 07:00:00,401.16
2050-10-13 08:00:00,584.48
2050-10-13 09:00:00,598.14
2050-10-13 10:00:00,486.42
2050-10-13 11:00:00,-101.48
2050-10-13 12:00:00,-587.14
2050-10-13 13:00:00,-1082.65
2050-10-13 14:00:00,286.23
2050-10-13 15:00:00,127.51
2050-10-13 16:00:00,1185.93
2050-10-13 17:00:00,525.93
2050-10-13 18:00:00,1711.99
2050-10-13 19:00:00,32.24
2050-10-13 20:00:00,369.34
2050-10-13 21:00:00,1168.07
2050-10-13 22:00:00,303.03
2050-10-13 23:00:00,-121.07
2050-10-14 00:00:00,1616.87
2050-10-14 01:00:00,131.12
2050-10-14 02:00:00,-1356.83
2050-10-14 03:00:00,-2746.84
2050-10-14 04:00:00,-1753.96
2050-10-14 05:00:00,-1118.79
2050-10-14 06:00:00,230.04
2050-10-14 07:00:00,695.45
2050-10-14 08:00:00,2132.19
2050-10-14 09:00:00,2761.89
2050-10-14 10:00:00,2712.48
2050-10-14 11:00:00,2614.85
2050-10-14 12:00:00,2744.42
2050-10-14 13:00:00,2989.53
2050-10-14 14:00:00,2750.48
2050-10-14 15:00:00,2752.18
2050-10-14 16:00:00,2598.31
2050-10-14 17:00:00,2983.05
2050-10-14 18:00:00,3551.21
2050-10-14 19:00:00,3137.92
2050-10-14 20:00:00,3714.67
2050-10-14 21:00:00,3068.58
2050-10-14 22:00:00,2712.05
2050-10-14 23:00:00,776.57
2050-10-15 00:00:00,1043.43
2050-10-15 01:00:00,-331.77
2050-10-15 02:00:00,-694.74
2050-10-15 03:00:00,-122.13
2050-10-15 04:00:00,-44.07
2050-10-15 05:00:00,106.47
2050-10-15 06:00:00,215.03
2050-10-15 07:00:00,1207.16
2050-10-15 08:00:00,1806.81
2050-10-15 09:00:00,1762.33
2050-10-15 10:00:00,1761.0
2050-10-15 11:00:00,1808.08
2050-10-15 12:00:00,1521.71
2050-10-15 13:00:00,1246.38
2050-10-15 14:00:00,480.75
2050-10-15 15:00:00,316.71
2050-10-15 16:00:00,-238.58
2050-10-15 17:00:00,-1863.4
2050-10-15 18:00:00,-2139.06
2050-10-15 19:00:00,-2979.53
2050-10-15 20:00:00,-3818.2
2050-10-15 21:00:00,-3883.16
2050-10-15 22:00:00,-4667.21
2050-10-15 23:00:00,-5097.13
2050-10-16 00:00:00,-5018.26
2050-10-16 01:00:00,-4605.25
2050-10-16 02:00:00,-3125.45
2050-10-16 03:00:00,-4508.22
2050-10-16 04:00:00,-6202.94
2050-10-16 05:00:00,-5239.74
2050-10-16 06:00:00,-5704.64
2050-10-16 07:00:00,-5161.36
2050-10-16 08:00:00,-3637.07
2050-10-16 09:00:00,-3702.73
2050-10-16 10:00:00,-3599.5
2050-10-16 11:00:00,-2836.64
2050-10-16 12:00:00,-2448.77
2050-10-16 13:00:00,-2447.27
2050-10-16 14:00:00,-2326.25
2050-10-16 15:00:00,-2279.1
2050-10-16 16:00:00,-1979.07
2050-10-16 17:00:00,-4338.79
2050-10-16 18:00:00,-3810.68
2050-10-16 19:00:00,-4187.1
2050-10-16 20:00:00,-6627.86
2050-10-16 21:00:00,-4935.13
2050-10-16 22:00:00,-6695.16
2050-10-16 23:00:00,-6630.49
2050-10-17 00:00:00,-6094.38
2050-10-17 01:00:00,-5355.02
2050-10-17 02:00:00,-6148.58
2050-10-17 03:00:00,-5131.4
2050-10-17 04:00:00,-3933.36
2050-10-17 05:00:00,-4171.72
2050-10-17 06:00:00,-4933.12
2050-10-17 07:00:00,-4622.73
2050-10-17 08:00:00,-3973.39
2050-10-17 09:00:00,-4934.65
2050-10-17 10:00:00,-6701.12
2050-10-17 11:00:00,-4500.8
2050-10-17 12:00:00,-3961.87
2050-10-17 13:00:00,-3633.94
2050-10-17 14:00:00,-4387.36
2050-10-17 15:00:00,-4358.05
2050-10-17 16:00:00,-4401.66
2050-10-17 17:00:00,-5074.15
2050-10-17 18:00:00,-4521.22
2050-10-17 19:00:00,-5167.26
2050-10-17 20:00:00,-4633.12
2050-10-17 21:00:00,-4499.69
2050-10-17 22:00:00,-2411.21
2050-10-17 23:00:00,-3209.68
2050-10-18 00:00:00,-4467.87
2050-10-18 01:00:00,-4540.23
2050-10-18 02:00:00,-3984.7
2050-10-18 03:00:00,-4317.72
2050-10-18 04:00:00,-3990.79
2050-10-18 05:00:00,-3644.66
2050-10-18 06:00:00,-3010.53
2050-10-18 07:00:00,-2247.13
2050-10-18 08:00:00,-1383.31
2050-10-18 09:00:00,-638.85
2050-10-18 10:00:00,-1679.73
2050-10-18 11:00:00,-1272.52
2050-10-18 12:00:00,-1718.03
2050-10-18 13:00:00,-1659.51
2050-10-18 14:00:00,-2970.74
2050-10-18 15:00:00,-3341.98
2050-10-18 16:00:00,-3343.57
2050-10-18 17:00:00,-3653.21
2050-10-18 18:00:00,-2960.01
2050-10-18 19:00:00,-2270.44
2050-10-18 20:00:00,-2540.42
2050-10-18 21:00:00,-1615.99
2050-10-18 22:00:00,-452.29
2050-10-18 23:00:00,568.41
2050-10-19 00:00:00,136.22
2050-10-19 01:00:00,-250.34
2050-10-19 02:00:00,-143.59
2050-10-19 03:00:00,-495.37
2050-10-19 04:00:00,-278.83
2050-10-19 05:00:00,-228.21
2050-10-19 06:00:00,190.91
2050-10-19 07:00:00,685.44
2050-10-19 08:00:00,1351.31
2050-10-19 09:00:00,1380.79
2050-10-19 10:00:00,1590.34
2050-10-19 11:00:00,1590.98
2050-10-19 12:00:00,1835.82
2050-10-19 13:00:00,2146.36
2050-10-19 14:00:00,2497.16
2050-10-19 15:00:00,2286.69
2050-10-19 16:00:00,1632.22
2050-10-19 17:00:00,1206.52
2050-10-19 18:00:00,683.34
2050-10-19 19:00:00,1163.75
2050-10-19 20:00:00,104.99
2050-10-19 21:00:00,-974.42
2050-10-19 22:00:00,-4358.29
2050-10-19 23:00:00,-3914.9
2050-10-20 00:00:00,-4217.89
2050-10-20 01:00:00,-3825.23
2050-10-20 02:00:00,-3559.17
2050-10-20 03:00:00,-3426.3
2050-10-20 04:00:00,-2526.85
2050-10-20 05:00:00,-3106.1
2050-10-20 06:00:00,-2431.38
2050-10-20 07:00:00,-3332.06
2050-10-20 08:00:00,-5166.04
2050-10-20 09:00:00,-4188.72
2050-10-20 10:00:00,-3335.17
2050-10-20 11:00:00,-2926.26
2050-10-20 12:00:00,-849.79
2050-10-20 13:00:00,-200.93
2050-10-20 14:00:00,67.0
2050-10-20 15:00:00,-787.1
2050-10-20 16:00:00,-211.05
2050-10-20 17:00:00,-887.72
2050-10-20 18:00:00,-123.59
2050-10-20 19:00:00,-736.27
2050-10-20 20:00:00,-954.36
2050-10-20 21:00:00,-552.34
2050-10-20 22:00:00,-2040.7
2050-10-20 23:00:00,-2050.33
2050-10-21 00:00:00,-2139.7
2050-10-21 01:00:00,-1433.47
2050-10-21 02:00:00,-517.62
2050-10-21 03:00:00,-2229.63
2050-10-21 04:00:00,-1090.91
2050-10-21 05:00:00,-772.99
2050-10-21 06:00:00,-922.52
2050-10-21 07:00:00,386.16
2050-10-21 08:00:00,1412.26
2050-10-21 09:00:00,-1574.91
2050-10-21 10:00:00,-1199.23
2050-10-21 11:00:00,-313.33
2050-10-21 12:00:00,545.23
2050-10-21 13:00:00,383.21
2050-10-21 14:00:00,1085.11
2050-10-21 15:00:00,753.75
2050-10-21 16:00:00,62.43
2050-10-21 17:00:00,-215.89
2050-10-21 18:00:00,-1110.8
2050-10-21 19:00:00,-874.54
2050-10-21 20:00:00,-401.48
2050-10-21 21:00:00,-1479.31
2050-10-21 22:00:00,-1551.75
2050-10-21 23:00:00,-1390.42
2050-10-22 00:00:00,-1364.84
2050-10-22 01:00:00,-2424.32
2050-10-22 02:00:00,-636.45
2050-10-22 03:00:00,-232.17
2050-10-22 04:00:00,338.4
2050-10-22 05:00:00,1055.4
2050-10-22 06:00:00,528.52
2050-10-22 07:00:00,-118.01
2050-10-22 08:00:00,86.9
2050-10-22 09:00:00,879.36
2050-10-22 10:00:00,575.3
2050-10-22 11:00:00,-239.83
2050-10-22 12:00:00,-706.96
2050-10-22 13:00:00,-981.44
2050-10-22 14:00:00,-1397.31
2050-10-22 15:00:00,-2179.46
2050-10-22 16:00:00,-3143.84
2050-10-22 17:00:00,-2732.34
2050-10-22 18:00:00,-1809.63
2050-10-22 19:00:00,-3500.12
2050-10-22 20:00:00,-3019.75
2050-10-22 21:00:00,-2271.14
2050-10-22 22:00:00,-2166.7
2050-10-22 23:00:00,-2129.71
2050-10-23 00:00:00,-3408.85
2050-10-23 01:00:00,-2273.49
2050-10-23 02:00:00,-1989.83
2050-10-23 03:00:00,-3964.62
2050-10-23 04:00:00,-3310.84
2050-10-23 05:00:00,-2819.24
2050-10-23 06:00:00,-2273.18
2050-10-23 07:00:00,-2427.67
2050-10-23 08:00:00,-2536.55
2050-10-23 09:00:00,-2478.98
2050-10-23 10:00:00,-2128.55
2050-10-23 11:00:00,-1871.17
2050-10-23 12:00:00,-1620.1
2050-10-23 13:00:00,-2050.88
2050-10-23 14:00:00,-1796.82
2050-10-23 15:00:00,-1834.07
2050-10-23 16:00:00,-1458.86
2050-10-23 17:00:00,-1101.77
2050-10-23 18:00:00,-1484.36
2050-10-23 19:00:00,-1691.29
2050-10-23 20:00:00,-2314.21
2050-10-23 21:00:00,-2024.54
2050-10-23 22:00:00,-2589.53
2050-10-23 23:00:00,-2470.7
2050-10-24 00:00:00,-2228.65
2050-10-24 01:00:00,-1829.4
2050-10-24 02:00:00,-3347.73
2050-10-24 03:00:00,-3313.14
2050-10-24 04:00:00,-4231.74
2050-10-24 05:00:00,-2890.87
2050-10-24 06:00:00,-2615.74
2050-10-24 07:00:00,-2173.45
2050-10-24 08:00:00,-1397.57
2050-10-24 09:00:00,-1440.97
2050-10-24 10:00:00,-943.57
2050-10-24 11:00:00,-1308.29
2050-10-24 12:00:00,-840.48
2050-10-24 13:00:00,-1195.56
2050-10-24 14:00:00,-896.49
2050-10-24 15:00:00,-3104.11
2050-10-24 16:00:00,-490.56
2050-10-24 17:00:00,-1629.28
2050-10-24 18:00:00,-2689.98
2050-10-24 19:00:00,-2208.15
2050-10-24 20:00:00,-3466.05
2050-10-24 21:00:00,-2473.0
2050-10-24 22:00:00,-3994.86
2050-10-24 23:00:00,-3440.3
2050-10-25 00:00:00,-3395.62
2050-10-25 01:00:00,-2176.46
2050-10-25 02:00:00,-1427.16
2050-10-25 03:00:00,-1060.73
2050-10-25 04:00:00,-628.67
2050-10-25 05:00:00,-1392.4
2050-10-25 06:00:00,-1939.64
2050-10-25 07:00:00,-2136.5
2050-10-25 08:00:00,-889.6
2050-10-25 09:00:00,-1485.43
2050-10-25 10:00:00,-1088.87
2050-10-25 11:00:00,-1414.16
2050-10-25 12:00:00,268.71
2050-10-25 13:00:00,-276.6
2050-10-25 14:00:00,281.8
2050-10-25 15:00:00,824.15
2050-10-25 16:00:00,1755.25
2050-10-25 17:00:00,1830.15
2050-10-25 18:00:00,508.12
2050-10-25 19:00:00,-1799.83
2050-10-25 20:00:00,-4259.43
2050-10-25 21:00:00,-3923.77
2050-10-25 22:00:00,-3482.86
2050-10-25 23:00:00,-3439.04
2050-10-26 00:00:00,-4533.96
2050-10-26 01:00:00,-3298.31
2050-10-26 02:00:00,-2425.37
2050-10-26 03:00:00,-2180.44
2050-10-26 04:00:00,-2237.18
2050-10-26 05:00:00,-2833.13
2050-10-26 06:00:00,-1175.2
2050-10-26 07:00:00,-772.29
2050-10-26 08:00:00,-569.48
2050-10-26 09:00:00,-450.21
2050-10-26 10:00:00,1232.92
2050-10-26 11:00:00,1538.3
2050-10-26 12:00:00,1169.35
2050-10-26 13:00:00,1998.34
2050-10-26 14:00:00,2549.1
2050-10-26 15:00:00,3128.74
2050-10-26 16:00:00,3526.89
2050-10-26 17:00:00,2989.24
2050-10-26 18:00:00,3140.61
2050-10-26 19:00:00,1795.74
2050-10-26 20:00:00,883.44
2050-10-26 21:00:00,-642.68
2050-10-26 22:00:00,-271.31
2050-10-26 23:00:00,-948.09
2050-10-27 00:00:00,-1172.54
2050-10-27 01:00:00,-2369.11
2050-10-27 02:00:00,-3114.44
2050-10-27 03:00:00,-4308.55
2050-10-27 04:00:00,-6716.95
2050-10-27 05:00:00,-6327.29
2050-10-27 06:00:00,-8478.13
2050-10-27 07:00:00,-8629.57
2050-10-27 08:00:00,-8246.17
2050-10-27 09:00:00,-8000.87
2050-10-27 10:00:00,-7899.42
2050-10-27 11:00:00,-7618.22
2050-10-27 12:00:00,-6912.79
2050-10-27 13:00:00,-5860.35
2050-10-27 14:00:00,-6389.37
2050-10-27 15:00:00,-1455.92
2050-10-27 16:00:00,-765.79
2050-10-27 17:00:00,-2065.56
2050-10-27 18:00:00,-1391.97
2050-10-27 19:00:00,-1868.52
2050-10-27 20:00:00,-2385.55
2050-10-27 21:00:00,-3015.82
2050-10-27 22:00:00,-3980.47
2050-10-27 23:00:00,-3656.81
2050-10-28 00:00:00,-3848.1
2050-10-28 01:00:00,-3985.19
2050-10-28 02:00:00,-3968.6
2050-10-28 03:00:00,-4880.88
2050-10-28 04:00:00,-4328.22
2050-10-28 05:00:00,-4170.76
2050-10-28 06:00:00,-4158.91
2050-10-28 07:00:00,-4119.43
2050-10-28 08:00:00,-3403.73
2050-10-28 09:00:00,-4118.04
2050-10-28 10:00:00,-5374.2
2050-10-28 11:00:00,-4236.56
2050-10-28 12:00:00,-4505.23
2050-10-28 13:00:00,-2994.39
2050-10-28 14:00:00,-3422.47
2050-10-28 15:00:00,-3202.42
2050-10-28 16:00:00,-2865.95
2050-10-28 17:00:00,-1863.7
2050-10-28 18:00:00,-2351.45
2050-10-28 19:00:00,-2342.3
2050-10-28 20:00:00,-3038.66
2050-10-28 21:00:00,-4253.23
2050-10-28 22:00:00,-4067.9
2050-10-28 23:00:00,-3863.3
2050-10-29 00:00:00,-2705.02
2050-10-29 01:00:00,-3505.15
2050-10-29 02:00:00,-2309.99
2050-10-29 03:00:00,-3839.97
2050-10-29 04:00:00,-4493.54
2050-10-29 05:00:00,-2851.12
2050-10-29 06:00:00,-1982.74
2050-10-29 07:00:00,-2391.45
2050-10-29 08:00:00,-4227.49
2050-10-29 09:00:00,-3164.98
2050-10-29 10:00:00,-4266.31
2050-10-29 11:00:00,-5029.49
2050-10-29 12:00:00,-7145.66
2050-10-29 13:00:00,-7285.39
2050-10-29 14:00:00,-7852.12
2050-10-29 15:00:00,-7775.72
2050-10-29 16:00:00,-7721.24
2050-10-29 17:00:00,-7615.99
2050-10-29 18:00:00,-7074.68
2050-10-29 19:00:00,-6746.5
2050-10-29 20:00:00,-6572.62
2050-10-29 21:00:00,-6567.65
2050-10-29 22:00:00,-6731.98
2050-10-29 23:00:00,-6965.8
2050-10-30 00:00:00,-6991.58
2050-10-30 01:00:00,-6771.11
2050-10-30 02:00:00,-5407.97
2050-10-30 03:00:00,-6231.37
2050-10-30 04:00:00,-6221.74
2050-10-30 05:00:00,-5136.6
2050-10-30 06:00:00,-5487.57
2050-10-30 07:00:00,-5846.85
2050-10-30 08:00:00,-5323.41
2050-10-30 09:00:00,-4654.06
2050-10-30 10:00:00,-4636.33
2050-10-30 11:00:00,-4130.74
2050-10-30 12:00:00,-3037.12
2050-10-30 13:00:00,-2317.21
2050-10-30 14:00:00,-4264.12
2050-10-30 15:00:00,-3929.66
2050-10-30 16:00:00,-3638.7
2050-10-30 17:00:00,-1755.01
2050-10-30 18:00:00,-1214.1
2050-10-30 19:00:00,-1549.66
2050-10-30 20:00:00,-1250.97
2050-10-30 21:00:00,-1214.7
2050-10-30 22:00:00,-1360.82
2050-10-30 23:00:00,-337.68
2050-10-31 00:00:00,-1545.07
2050-10-31 01:00:00,-517.97
2050-10-31 02:00:00,-1547.51
2050-10-31 03:00:00,-2905.13
2050-10-31 04:00:00,-2270.18
2050-10-31 05:00:00,-1175.88
2050-10-31 06:00:00,-90.31
2050-10-31 07:00:00,875.94
2050-10-31 08:00:00,-201.11
2050-10-31 09:00:00,441.07
2050-10-31 10:00:00,598.98
2050-10-31 11:00:00,408.92
2050-10-31 12:00:00,-588.81
2050-10-31 13:00:00,-375.07
2050-10-31 14:00:00,-311.38
2050-10-31 15:00:00,-1228.99
2050-10-31 16:00:00,-1331.69
2050-10-31 17:00:00,-1859.82
2050-10-31 18:00:00,-2090.22
2050-10-31 19:00:00,-2031.83
2050-10-31 20:00:00,-2712.57
2050-10-31 21:00:00,-3318.65
2050-10-31 22:00:00,-3398.34
2050-10-31 23:00:00,-4022.7
2050-11-01 00:00:00,-4467.95
2050-11-01 01:00:00,-2631.16
2050-11-01 02:00:00,-858.35
2050-11-01 03:00:00,-1022.15
2050-11-01 04:00:00,-1809.0
2050-11-01 05:00:00,-560.63
2050-11-01 06:00:00,-1277.87
2050-11-01 07:00:00,-1557.84
2050-11-01 08:00:00,-2553.04
2050-11-01 09:00:00,-1520.67
2050-11-01 10:00:00,-982.82
2050-11-01 11:00:00,-692.97
2050-11-01 12:00:00,-2039.4
2050-11-01 13:00:00,-1226.21
2050-11-01 14:00:00,-1844.32
2050-11-01 15:00:00,-2286.55
2050-11-01 16:00:00,-1278.58
2050-11-01 17:00:00,-2264.46
2050-11-01 18:00:00,-2016.2
2050-11-01 19:00:00,-2162.32
2050-11-01 20:00:00,-4108.85
2050-11-01 21:00:00,-4691.45
2050-11-01 22:00:00,-4707.07
2050-11-01 23:00:00,-4772.0
2050-11-02 00:00:00,-4010.69
2050-11-02 01:00:00,-3042.28
2050-11-02 02:00:00,-3196.19
2050-11-02 03:00:00,-2824.64
2050-11-02 04:00:00,-3050.24
2050-11-02 05:00:00,-2527.3
2050-11-02 06:00:00,-2372.23
2050-11-02 07:00:00,-1297.28
2050-11-02 08:00:00,-2029.51
2050-11-02 09:00:00,-1759.06
2050-11-02 10:00:00,-1596.07
2050-11-02 11:00:00,-1259.81
2050-11-02 12:00:00,-939.82
2050-11-02 13:00:00,-93.88
2050-11-02 14:00:00,-321.73
2050-11-02 15:00:00,-745.53
2050-11-02 16:00:00,157.12
2050-11-02 17:00:00,802.98
2050-11-02 18:00:00,1326.76
2050-11-02 19:00:00,1680.19
2050-11-02 20:00:00,2071.47
2050-11-02 21:00:00,1141.41
2050-11-02 22:00:00,-1122.07
2050-11-02 23:00:00,-1911.58
2050-11-03 00:00:00,-2542.33
2050-11-03 01:00:00,-2627.43
2050-11-03 02:00:00,-2635.24
2050-11-03 03:00:00,-1473.53
2050-11-03 04:00:00,181.7
2050-11-03 05:00:00,474.06
2050-11-03 06:00:00,836.35
2050-11-03 07:00:00,44.15
2050-11-03 08:00:00,-1044.63
2050-11-03 09:00:00,-1012.82
2050-11-03 10:00:00,-2137.05
2050-11-03 11:00:00,-2297.5
2050-11-03 12:00:00,-3065.72
2050-11-03 13:00:00,-2897.15
2050-11-03 14:00:00,-2659.69
2050-11-03 15:00:00,-2754.19
2050-11-03 16:00:00,-2477.77
2050-11-03 17:00:00,-2991.24
2050-11-03 18:00:00,-2528.67
2050-11-03 19:00:00,-2751.68
2050-11-03 20:00:00,-2796.51
2050-11-03 21:00:00,-1778.12
2050-11-03 22:00:00,-448.5
2050-11-03 23:00:00,615.54
2050-11-04 00:00:00,448.89
2050-11-04 01:00:00,541.26
2050-11-04 02:00:00,90.41
2050-11-04 03:00:00,472.1
2050-11-04 04:00:00,172.82
2050-11-04 05:00:00,-191.81
2050-11-04 06:00:00,1288.99
2050-11-04 07:00:00,1802.89
2050-11-04 08:00:00,2120.13
2050-11-04 09:00:00,2428.42
2050-11-04 10:00:00,2668.41
2050-11-04 11:00:00,1903.26
2050-11-04 12:00:00,2253.1
2050-11-04 13:00:00,2446.73
2050-11-04 14:00:00,2895.89
2050-11-04 15:00:00,3035.51
2050-11-04 16:00:00,3010.24
2050-11-04 17:00:00,2522.23
2050-11-04 18:00:00,2662.29
2050-11-04 19:00:00,2046.55
2050-11-04 20:00:00,997.12
2050-11-04 21:00:00,81.42
2050-11-04 22:00:00,701.95
2050-11-04 23:00:00,-252.46
2050-11-05 00:00:00,-668.36
2050-11-05 01:00:00,273.73
2050-11-05 02:00:00,221.41
2050-11-05 03:00:00,303.91
2050-11-05 04:00:00,-391.26
2050-11-05 05:00:00,197.76
2050-11-05 06:00:00,153.9
2050-11-05 07:00:00,575.59
2050-11-05 08:00:00,396.92
2050-11-05 09:00:00,-90.48
2050-11-05 10:00:00,273.96
2050-11-05 11:00:00,-514.72
2050-11-05 12:00:00,-1443.47
2050-11-05 13:00:00,-1412.93
2050-11-05 14:00:00,-1070.51
2050-11-05 15:00:00,-390.28
2050-11-05 16:00:00,-616.28
2050-11-05 17:00:00,1024.98
2050-11-05 18:00:00,-225.6
2050-11-05 19:00:00,-1387.53
2050-11-05 20:00:00,-1812.41
2050-11-05 21:00:00,-2022.24
2050-11-05 22:00:00,-1733.81
2050-11-05 23:00:00,-1489.91
2050-11-06 00:00:00,-1858.87
2050-11-06 01:00:00,-1732.3
2050-11-06 02:00:00,-1112.06
2050-11-06 03:00:00,-439.14
2050-11-06 04:00:00,95.29
2050-11-06 05:00:00,645.3
2050-11-06 06:00:00,-109.62
2050-11-06 07:00:00,-200.01
2050-11-06 08:00:00,-166.6
2050-11-06 09:00:00,-558.1
2050-11-06 10:00:00,-1387.71
2050-11-06 11:00:00,-2496.74
2050-11-06 12:00:00,-2311.33
2050-11-06 13:00:00,-3774.63
2050-11-06 14:00:00,-4177.54
2050-11-06 15:00:00,-2259.21
2050-11-06 16:00:00,-932.62
2050-11-06 17:00:00,-964.91
2050-11-06 18:00:00,-1066.92
2050-11-06 19:00:00,-2057.1
2050-11-06 20:00:00,-3003.81
2050-11-06 21:00:00,-2882.22
2050-11-06 22:00:00,-2917.08
2050-11-06 23:00:00,-4023.7
2050-11-07 00:00:00,-2860.08
2050-11-07 01:00:00,-2064.72
2050-11-07 02:00:00,-2413.97
2050-11-07 03:00:00,-3471.8
2050-11-07 04:00:00,-4297.49
2050-11-07 05:00:00,-4406.1
2050-11-07 06:00:00,-2959.23
2050-11-07 07:00:00,-2291.6
2050-11-07 08:00:00,-1367.51
2050-11-07 09:00:00,-1461.47
2050-11-07 10:00:00,-923.33
2050-11-07 11:00:00,-21.87
2050-11-07 12:00:00,-10.29
2050-11-07 13:00:00,92.18
2050-11-07 14:00:00,-440.58
2050-11-07 15:00:00,-633.18
2050-11-07 16:00:00,-256.98
2050-11-07 17:00:00,-223.25
2050-11-07 18:00:00,-743.92
2050-11-07 19:00:00,-2112.29
2050-11-07 20:00:00,-3313.96
2050-11-07 21:00:00,-4028.32
2050-11-07 22:00:00,-3819.54
2050-11-07 23:00:00,-5530.0
2050-11-08 00:00:00,-6159.12
2050-11-08 01:00:00,-6527.69
2050-11-08 02:00:00,-6176.84
2050-11-08 03:00:00,-6486.4
2050-11-08 04:00:00,-6611.27
2050-11-08 05:00:00,-5856.08
2050-11-08 06:00:00,-5038.63
2050-11-08 07:00:00,-2598.5
2050-11-08 08:00:00,-3725.5
2050-11-08 09:00:00,-2428.82
2050-11-08 10:00:00,-1376.36
2050-11-08 11:00:00,-357.63
2050-11-08 12:00:00,386.09
2050-11-08 13:00:00,1100.28
2050-11-08 14:00:00,2747.67
2050-11-08 15:00:00,3492.84
2050-11-08 16:00:00,3896.12
2050-11-08 17:00:00,4177.41
2050-11-08 18:00:00,4702.95
2050-11-08 19:00:00,4644.48
2050-11-08 20:00:00,3938.5
2050-11-08 21:00:00,3013.34
2050-11-08 22:00:00,3032.06
2050-11-08 23:00:00,2826.72
2050-11-09 00:00:00,2566.5
2050-11-09 01:00:00,2666.1
2050-11-09 02:00:00,2376.42
2050-11-09 03:00:00,2289.25
2050-11-09 04:00:00,2182.14
2050-11-09 05:00:00,2316.36
2050-11-09 06:00:00,2816.21
2050-11-09 07:00:00,3056.17
2050-11-09 08:00:00,3350.06
2050-11-09 09:00:00,3299.01
2050-11-09 10:00:00,3141.95
2050-11-09 11:00:00,3426.96
2050-11-09 12:00:00,3505.6
2050-11-09 13:00:00,3183.25
2050-11-09 14:00:00,3304.12
2050-11-09 15:00:00,3269.19
2050-11-09 16:00:00,3253.51
2050-11-09 17:00:00,3621.34
2050-11-09 18:00:00,3573.86
2050-11-09 19:00:00,2867.89
2050-11-09 20:00:00,3082.18
2050-11-09 21:00:00,2590.81
2050-11-09 22:00:00,1173.13
2050-11-09 23:00:00,1071.77
2050-11-10 00:00:00,1410.66
2050-11-10 01:00:00,650.16
2050-11-10 02:00:00,-73.15
2050-11-10 03:00:00,474.18
2050-11-10 04:00:00,-1002.6
2050-11-10 05:00:00,-2189.1
2050-11-10 06:00:00,-2429.47
2050-11-10 07:00:00,-3973.13
2050-11-10 08:00:00,-4552.57
2050-11-10 09:00:00,-4340.72
2050-11-10 10:00:00,-4123.91
2050-11-10 11:00:00,-4356.02
2050-11-10 12:00:00,-6242.13
2050-11-10 13:00:00,-7182.66
2050-11-10 14:00:00,-5331.53
2050-11-10 15:00:00,-6500.45
2050-11-10 16:00:00,-7137.03
2050-11-10 17:00:00,-5976.05
2050-11-10 18:00:00,-4732.05
2050-11-10 19:00:00,-5556.23
2050-11-10 20:00:00,-5177.0
2050-11-10 21:00:00,-4969.2
2050-11-10 22:00:00,-5955.85
2050-11-10 23:00:00,-6126.33
2050-11-11 00:00:00,-4532.31
2050-11-11 01:00:00,-4656.06
2050-11-11 02:00:00,-3416.12
2050-11-11 03:00:00,-3783.23
2050-11-11 04:00:00,-3518.13
2050-11-11 05:00:00,-2870.63
2050-11-11 06:00:00,-2424.26
2050-11-11 07:00:00,-2609.83
2050-11-11 08:00:00,-3062.98
2050-11-11 09:00:00,-2006.28
2050-11-11 10:00:00,-1847.76
2050-11-11 11:00:00,-2580.26
2050-11-11 12:00:00,-2590.47
2050-11-11 13:00:00,-1962.12
2050-11-11 14:00:00,-2260.92
2050-11-11 15:00:00,-2969.22
2050-11-11 16:00:00,-3769.46
2050-11-11 17:00:00,-3045.72
2050-11-11 18:00:00,-3489.0
2050-11-11 19:00:00,-4436.23
2050-11-11 20:00:00,-5802.82
2050-11-11 21:00:00,-5474.74
2050-11-11 22:00:00,-6059.02
2050-11-11 23:00:00,-6329.03
2050-11-12 00:00:00,-5364.7
2050-11-12 01:00:00,-3850.43
2050-11-12 02:00:00,-5700.76
2050-11-12 03:00:00,-4158.52
2050-11-12 04:00:00,-3476.59
2050-11-12 05:00:00,-2627.27
2050-11-12 06:00:00,-2274.98
2050-11-12 07:00:00,-1902.93
2050-11-12 08:00:00,-2793.75
2050-11-12 09:00:00,-4250.41
2050-11-12 10:00:00,-3277.06
2050-11-12 11:00:00,-3425.01
2050-11-12 12:00:00,-4026.83
2050-11-12 13:00:00,-1699.94
2050-11-12 14:00:00,-2146.06
2050-11-12 15:00:00,-661.05
2050-11-12 16:00:00,-327.0
2050-11-12 17:00:00,260.04
2050-11-12 18:00:00,17.31
2050-11-12 19:00:00,-197.99
2050-11-12 20:00:00,-53.95
2050-11-12 21:00:00,965.67
2050-11-12 22:00:00,1213.11
2050-11-12 23:00:00,1289.25
2050-11-13 00:00:00,1137.75
2050-11-13 01:00:00,737.48
2050-11-13 02:00:00,-1684.83
2050-11-13 03:00:00,-4289.72
2050-11-13 04:00:00,-2919.13
2050-11-13 05:00:00,-2610.81
2050-11-13 06:00:00,-3801.24
2050-11-13 07:00:00,-2754.9
2050-11-13 08:00:00,-3192.58
2050-11-13 09:00:00,-3691.52
2050-11-13 10:00:00,-2667.26
2050-11-13 11:00:00,-4410.93
2050-11-13 12:00:00,-4053.62
2050-11-13 13:00:00,-2831.46
2050-11-13 14:00:00,-3787.93
2050-11-13 15:00:00,-6380.19
2050-11-13 16:00:00,-7642.14
2050-11-13 17:00:00,-6662.31
2050-11-13 18:00:00,-5948.24
2050-11-13 19:00:00,-6307.5
2050-11-13 20:00:00,-5813.72
2050-11-13 21:00:00,-6506.84
2050-11-13 22:00:00,-6877.74
2050-11-13 23:00:00,-6766.52
2050-11-14 00:00:00,-7437.55
2050-11-14 01:00:00,-7025.6
2050-11-14 02:00:00,-7542.06
2050-11-14 03:00:00,-6734.24
2050-11-14 04:00:00,-6522.94
2050-11-14 05:00:00,-5453.83
2050-11-14 06:00:00,-4268.19
2050-11-14 07:00:00,-4811.11
2050-11-14 08:00:00,-4741.73
2050-11-14 09:00:00,-3650.63
2050-11-14 10:00:00,-3035.09
2050-11-14 11:00:00,-2377.56
2050-11-14 12:00:00,-2572.84
2050-11-14 13:00:00,-2421.4
2050-11-14 14:00:00,-2271.71
2050-11-14 15:00:00,-1098.61
2050-11-14 16:00:00,-830.44
2050-11-14 17:00:00,-336.83
2050-11-14 18:00:00,19.63
2050-11-14 19:00:00,-624.43
2050-11-14 20:00:00,-935.99
2050-11-14 21:00:00,-269.69
2050-11-14 22:00:00,-92.08
2050-11-14 23:00:00,668.28
2050-11-15 00:00:00,441.83
2050-11-15 01:00:00,1150.63
2050-11-15 02:00:00,929.23
2050-11-15 03:00:00,1115.71
2050-11-15 04:00:00,536.12
2050-11-15 05:00:00,909.42
2050-11-15 06:00:00,1255.5
2050-11-15 07:00:00,-278.62
2050-11-15 08:00:00,291.52
2050-11-15 09:00:00,493.35
2050-11-15 10:00:00,-1253.15
2050-11-15 11:00:00,-2641.54
2050-11-15 12:00:00,-2364.56
2050-11-15 13:00:00,-3670.16
2050-11-15 14:00:00,-3833.04
2050-11-15 15:00:00,-3821.14
2050-11-15 16:00:00,-4130.31
2050-11-15 17:00:00,-6011.09
2050-11-15 18:00:00,-7122.34
2050-11-15 19:00:00,-7055.88
2050-11-15 20:00:00,-7017.21
2050-11-15 21:00:00,-7100.37
2050-11-15 22:00:00,-7336.32
2050-11-15 23:00:00,-7627.77
2050-11-16 00:00:00,-7945.8
2050-11-16 01:00:00,-8068.48
2050-11-16 02:00:00,-8276.68
2050-11-16 03:00:00,-8375.47
2050-11-16 04:00:00,-8445.86
2050-11-16 05:00:00,-8380.24
2050-11-16 06:00:00,-8277.84
2050-11-16 07:00:00,-7039.5
2050-11-16 08:00:00,-8138.35
2050-11-16 09:00:00,-7222.9
2050-11-16 10:00:00,-6231.55
2050-11-16 11:00:00,-6239.29
2050-11-16 12:00:00,-5572.27
2050-11-16 13:00:00,-5354.59
2050-11-16 14:00:00,-4066.53
2050-11-16 15:00:00,-3591.08
2050-11-16 16:00:00,-5287.94
2050-11-16 17:00:00,-4990.73
2050-11-16 18:00:00,-5496.25
2050-11-16 19:00:00,-5000.99
2050-11-16 20:00:00,-4764.3
2050-11-16 21:00:00,-5936.48
2050-11-16 22:00:00,-5565.58
2050-11-16 23:00:00,-6261.96
2050-11-17 00:00:00,-6546.67
2050-11-17 01:00:00,-7282.6
2050-11-17 02:00:00,-7565.38
2050-11-17 03:00:00,-7413.46
2050-11-17 04:00:00,-7867.35
2050-11-17 05:00:00,-7013.59
2050-11-17 06:00:00,-6529.85
2050-11-17 07:00:00,-7577.74
2050-11-17 08:00:00,-6644.9
2050-11-17 09:00:00,-5345.37
2050-11-17 10:00:00,-5082.38
2050-11-17 11:00:00,-4336.21
2050-11-17 12:00:00,-4263.51
2050-11-17 13:00:00,-5061.73
2050-11-17 14:00:00,-5325.89
2050-11-17 15:00:00,-5893.36
2050-11-17 16:00:00,-5958.74
2050-11-17 17:00:00,-6085.56
2050-11-17 18:00:00,-6076.47
2050-11-17 19:00:00,-5788.26
2050-11-17 20:00:00,-5519.05
2050-11-17 21:00:00,-5631.78
2050-11-17 22:00:00,-5493.47
2050-11-17 23:00:00,-5484.18
2050-11-18 00:00:00,-5019.4
2050-11-18 01:00:00,-6018.35
2050-11-18 02:00:00,-4611.51
2050-11-18 03:00:00,-4843.88
2050-11-18 04:00:00,-3895.23
2050-11-18 05:00:00,-2632.68
2050-11-18 06:00:00,-1942.6
2050-11-18 07:00:00,-2873.58
2050-11-18 08:00:00,-3134.61
2050-11-18 09:00:00,-3655.18
2050-11-18 10:00:00,-4007.36
2050-11-18 11:00:00,-3862.52
2050-11-18 12:00:00,-2840.53
2050-11-18 13:00:00,-3052.73
2050-11-18 14:00:00,-3252.02
2050-11-18 15:00:00,-4355.09
2050-11-18 16:00:00,-4510.48
2050-11-18 17:00:00,-4407.97
2050-11-18 18:00:00,-3179.24
2050-11-18 19:00:00,-3400.78
2050-11-18 20:00:00,-3587.92
2050-11-18 21:00:00,-3251.27
2050-11-18 22:00:00,-3589.79
2050-11-18 23:00:00,-2698.97
2050-11-19 00:00:00,-3480.49
2050-11-19 01:00:00,-3738.46
2050-11-19 02:00:00,-2000.42
2050-11-19 03:00:00,-1697.92
2050-11-19 04:00:00,-2193.05
2050-11-19 05:00:00,-1749.36
2050-11-19 06:00:00,-664.44
2050-11-19 07:00:00,-456.69
2050-11-19 08:00:00,-2839.31
2050-11-19 09:00:00,-3492.56
2050-11-19 10:00:00,-3943.91
2050-11-19 11:00:00,-3696.42
2050-11-19 12:00:00,-3876.97
2050-11-19 13:00:00,-3645.1
2050-11-19 14:00:00,-3912.65
2050-11-19 15:00:00,-4372.78
2050-11-19 16:00:00,-4553.37
2050-11-19 17:00:00,-3179.07
2050-11-19 18:00:00,-2478.26
2050-11-19 19:00:00,-3166.77
2050-11-19 20:00:00,-3099.22
2050-11-19 21:00:00,-4247.49
2050-11-19 22:00:00,-6176.37
2050-11-19 23:00:00,-5280.64
2050-11-20 00:00:00,-6706.45
2050-11-20 01:00:00,-6805.01
2050-11-20 02:00:00,-6494.82
2050-11-20 03:00:00,-5966.21
2050-11-20 04:00:00,-6149.75
2050-11-20 05:00:00,-6800.97
2050-11-20 06:00:00,-7036.32
2050-11-20 07:00:00,-7349.06
2050-11-20 08:00:00,-7395.38
2050-11-20 09:00:00,-7131.11
2050-11-20 10:00:00,-7222.63
2050-11-20 11:00:00,-6052.35
2050-11-20 12:00:00,-5370.82
2050-11-20 13:00:00,-6169.78
2050-11-20 14:00:00,-6257.91
2050-11-20 15:00:00,-7038.59
2050-11-20 16:00:00,-6176.77
2050-11-20 17:00:00,-5678.02
2050-11-20 18:00:00,-6074.01
2050-11-20 19:00:00,-5931.57
2050-11-20 20:00:00,-6082.44
2050-11-20 21:00:00,-6220.63
2050-11-20 22:00:00,-6235.49
2050-11-20 23:00:00,-5906.3
2050-11-21 00:00:00,-5690.87
2050-11-21 01:00:00,-5372.06
2050-11-21 02:00:00,-5562.35
2050-11-21 03:00:00,-5449.42
2050-11-21 04:00:00,-3791.2
2050-11-21 05:00:00,-2857.79
2050-11-21 06:00:00,-1923.84
2050-11-21 07:00:00,-2455.69
2050-11-21 08:00:00,-3016.38
2050-11-21 09:00:00,-3051.08
2050-11-21 10:00:00,-3282.36
2050-11-21 11:00:00,-2978.0
2050-11-21 12:00:00,-3544.1
2050-11-21 13:00:00,-3146.54
2050-11-21 14:00:00,-3254.96
2050-11-21 15:00:00,-3790.18
2050-11-21 16:00:00,-3597.5
2050-11-21 17:00:00,-5701.59
2050-11-21 18:00:00,-6188.54
2050-11-21 19:00:00,-6154.14
2050-11-21 20:00:00,-6052.0
2050-11-21 21:00:00,-6134.67
2050-11-21 22:00:00,-6400.59
2050-11-21 23:00:00,-6761.02
2050-11-22 00:00:00,-7180.11
2050-11-22 01:00:00,-7412.12
2050-11-22 02:00:00,-7735.51
2050-11-22 03:00:00,-7934.88
2050-11-22 04:00:00,-8088.22
2050-11-22 05:00:00,-8160.52
2050-11-22 06:00:00,-8103.82
2050-11-22 07:00:00,-7400.5
2050-11-22 08:00:00,-6275.31
2050-11-22 09:00:00,-3754.19
2050-11-22 10:00:00,-4278.65
2050-11-22 11:00:00,-2764.46
2050-11-22 12:00:00,-2634.58
2050-11-22 13:00:00,-2944.16
2050-11-22 14:00:00,-4399.5
2050-11-22 15:00:00,-5689.31
2050-11-22 16:00:00,-6192.26
2050-11-22 17:00:00,-6504.53
2050-11-22 18:00:00,-6984.73
2050-11-22 19:00:00,-7034.26
2050-11-22 20:00:00,-6762.79
2050-11-22 21:00:00,-6704.45
2050-11-22 22:00:00,-6855.16
2050-11-22 23:00:00,-7580.28
2050-11-23 00:00:00,-7941.95
2050-11-23 01:00:00,-8045.3
2050-11-23 02:00:00,-8375.07
2050-11-23 03:00:00,-7539.8
2050-11-23 04:00:00,-6796.07
2050-11-23 05:00:00,-5502.71
2050-11-23 06:00:00,-4789.87
2050-11-23 07:00:00,-3577.39
2050-11-23 08:00:00,-3818.13
2050-11-23 09:00:00,-3801.3
2050-11-23 10:00:00,-3864.84
2050-11-23 11:00:00,-2888.42
2050-11-23 12:00:00,-2560.02
2050-11-23 13:00:00,-1838.69
2050-11-23 14:00:00,-1975.17
2050-11-23 15:00:00,-2427.83
2050-11-23 16:00:00,-946.64
2050-11-23 17:00:00,-247.24
2050-11-23 18:00:00,-121.72
2050-11-23 19:00:00,191.61
2050-11-23 20:00:00,-667.53
2050-11-23 21:00:00,217.72
2050-11-23 22:00:00,490.59
2050-11-23 23:00:00,-450.79
2050-11-24 00:00:00,-457.03
2050-11-24 01:00:00,42.64
2050-11-24 02:00:00,-142.78
2050-11-24 03:00:00,-315.56
2050-11-24 04:00:00,-1206.74
2050-11-24 05:00:00,-527.25
2050-11-24 06:00:00,909.99
2050-11-24 07:00:00,1210.17
2050-11-24 08:00:00,2563.09
2050-11-24 09:00:00,2741.24
2050-11-24 10:00:00,1549.31
2050-11-24 11:00:00,1206.85
2050-11-24 12:00:00,1303.96
2050-11-24 13:00:00,1393.1
2050-11-24 14:00:00,1614.1
2050-11-24 15:00:00,882.45
2050-11-24 16:00:00,427.69
2050-11-24 17:00:00,-333.82
2050-11-24 18:00:00,562.87
2050-11-24 19:00:00,77.41
2050-11-24 20:00:00,389.9
2050-11-24 21:00:00,-948.8
2050-11-24 22:00:00,-279.27
2050-11-24 23:00:00,-1098.02
2050-11-25 00:00:00,-643.24
2050-11-25 01:00:00,-2704.93
2050-11-25 02:00:00,-2292.14
2050-11-25 03:00:00,-2947.13
2050-11-25 04:00:00,-2123.1
2050-11-25 05:00:00,-1402.1
2050-11-25 06:00:00,270.19
2050-11-25 07:00:00,840.11
2050-11-25 08:00:00,350.48
2050-11-25 09:00:00,1523.67
2050-11-25 10:00:00,1698.53
2050-11-25 11:00:00,1936.64
2050-11-25 12:00:00,2516.14
2050-11-25 13:00:00,2452.46
2050-11-25 14:00:00,2271.86
2050-11-25 15:00:00,2000.87
2050-11-25 16:00:00,2952.63
2050-11-25 17:00:00,3316.11
2050-11-25 18:00:00,3847.28
2050-11-25 19:00:00,3536.41
2050-11-25 20:00:00,3393.86
2050-11-25 21:00:00,3861.84
2050-11-25 22:00:00,3265.93
2050-11-25 23:00:00,2199.95
2050-11-26 00:00:00,1146.94
2050-11-26 01:00:00,-8.55
2050-11-26 02:00:00,-318.09
2050-11-26 03:00:00,256.96
2050-11-26 04:00:00,315.71
2050-11-26 05:00:00,-1052.65
2050-11-26 06:00:00,-1597.46
2050-11-26 07:00:00,-1963.04
2050-11-26 08:00:00,-3296.28
2050-11-26 09:00:00,-3679.26
2050-11-26 10:00:00,-4922.7
2050-11-26 11:00:00,-3598.92
2050-11-26 12:00:00,-4050.66
2050-11-26 13:00:00,-4507.02
2050-11-26 14:00:00,-5187.33
2050-11-26 15:00:00,-6997.71
2050-11-26 16:00:00,-7057.98
2050-11-26 17:00:00,-7034.45
2050-11-26 18:00:00,-5871.67
2050-11-26 19:00:00,-5075.89
2050-11-26 20:00:00,-5834.61
2050-11-26 21:00:00,-5915.06
2050-11-26 22:00:00,-6110.18
2050-11-26 23:00:00,-6334.67
2050-11-27 00:00:00,-5694.12
2050-11-27 01:00:00,-5792.31
2050-11-27 02:00:00,-6332.22
2050-11-27 03:00:00,-5836.9
2050-11-27 04:00:00,-5449.01
2050-11-27 05:00:00,-4738.31
2050-11-27 06:00:00,-3098.88
2050-11-27 07:00:00,-3271.43
2050-11-27 08:00:00,-3624.4
2050-11-27 09:00:00,-5304.67
2050-11-27 10:00:00,-3301.64
2050-11-27 11:00:00,-4537.93
2050-11-27 12:00:00,-5822.53
2050-11-27 13:00:00,-5892.75
2050-11-27 14:00:00,-5362.81
2050-11-27 15:00:00,-4518.31
2050-11-27 16:00:00,-5981.57
2050-11-27 17:00:00,-6438.13
2050-11-27 18:00:00,-5933.81
2050-11-27 19:00:00,-5674.96
2050-11-27 20:00:00,-5468.42
2050-11-27 21:00:00,-5683.95
2050-11-27 22:00:00,-5807.23
2050-11-27 23:00:00,-6028.95
2050-11-28 00:00:00,-6327.14
2050-11-28 01:00:00,-6130.07
2050-11-28 02:00:00,-6743.85
2050-11-28 03:00:00,-5852.16
2050-11-28 04:00:00,-4827.14
2050-11-28 05:00:00,-3868.66
2050-11-28 06:00:00,-4125.29
2050-11-28 07:00:00,-3639.37
2050-11-28 08:00:00,-3227.28
2050-11-28 09:00:00,-3663.62
2050-11-28 10:00:00,-3257.79
2050-11-28 11:00:00,-3496.85
2050-11-28 12:00:00,-3750.01
2050-11-28 13:00:00,-3808.86
2050-11-28 14:00:00,-4073.97
2050-11-28 15:00:00,-5144.23
2050-11-28 16:00:00,-6810.26
2050-11-28 17:00:00,-6362.95
2050-11-28 18:00:00,-6403.49
2050-11-28 19:00:00,-5865.26
2050-11-28 20:00:00,-5380.06
2050-11-28 21:00:00,-5784.77
2050-11-28 22:00:00,-5725.32
2050-11-28 23:00:00,-5550.3
2050-11-29 00:00:00,-5788.08
2050-11-29 01:00:00,-4913.07
2050-11-29 02:00:00,-4936.67
2050-11-29 03:00:00,-4491.38
2050-11-29 04:00:00,-3333.32
2050-11-29 05:00:00,-3803.03
2050-11-29 06:00:00,-3459.16
2050-11-29 07:00:00,-3376.82
2050-11-29 08:00:00,-3168.06
2050-11-29 09:00:00,-3386.17
2050-11-29 10:00:00,-2940.66
2050-11-29 11:00:00,-1742.35
2050-11-29 12:00:00,-1769.45
2050-11-29 13:00:00,-2722.66
2050-11-29 14:00:00,-2053.63
2050-11-29 15:00:00,-2978.88
2050-11-29 16:00:00,-3182.91
2050-11-29 17:00:00,-2981.72
2050-11-29 18:00:00,-2197.32
2050-11-29 19:00:00,-2347.48
2050-11-29 20:00:00,-1986.61
2050-11-29 21:00:00,-3303.08
2050-11-29 22:00:00,-3265.19
2050-11-29 23:00:00,-2980.97
2050-11-30 00:00:00,-1962.14
2050-11-30 01:00:00,-1020.42
2050-11-30 02:00:00,-550.67
2050-11-30 03:00:00,-524.39
2050-11-30 04:00:00,31.71
2050-11-30 05:00:00,199.67
2050-11-30 06:00:00,376.68
2050-11-30 07:00:00,127.22
2050-11-30 08:00:00,-600.96
2050-11-30 09:00:00,-753.16
2050-11-30 10:00:00,-972.17
2050-11-30 11:00:00,-1868.63
2050-11-30 12:00:00,-4047.99
2050-11-30 13:00:00,-3641.27
2050-11-30 14:00:00,-4360.62
2050-11-30 15:00:00,-5223.21
2050-11-30 16:00:00,-4342.04
2050-11-30 17:00:00,-4364.5
2050-11-30 18:00:00,-3845.23
2050-11-30 19:00:00,-5243.65
2050-11-30 20:00:00,-6781.79
2050-11-30 21:00:00,-6508.5
2050-11-30 22:00:00,-6248.76
2050-11-30 23:00:00,-5790.05
2050-12-01 00:00:00,-7590.55
2050-12-01 01:00:00,-5505.86
2050-12-01 02:00:00,-7400.49
2050-12-01 03:00:00,-5822.46
2050-12-01 04:00:00,-7514.93
2050-12-01 05:00:00,-8424.02
2050-12-01 06:00:00,-7258.45
2050-12-01 07:00:00,-6083.53
2050-12-01 08:00:00,-6939.24
2050-12-01 09:00:00,-4745.77
2050-12-01 10:00:00,-4759.38
2050-12-01 11:00:00,-4740.43
2050-12-01 12:00:00,-3213.26
2050-12-01 13:00:00,-4112.01
2050-12-01 14:00:00,-4590.26
2050-12-01 15:00:00,-3799.68
2050-12-01 16:00:00,-5323.4
2050-12-01 17:00:00,-5864.74
2050-12-01 18:00:00,-5625.03
2050-12-01 19:00:00,-6721.87
2050-12-01 20:00:00,-5610.58
2050-12-01 21:00:00,-4961.81
2050-12-01 22:00:00,-3951.37
2050-12-01 23:00:00,-3660.35
2050-12-02 00:00:00,-3742.33
2050-12-02 01:00:00,-3168.9
2050-12-02 02:00:00,-3480.34
2050-12-02 03:00:00,-4174.02
2050-12-02 04:00:00,-5067.51
2050-12-02 05:00:00,-4467.74
2050-12-02 06:00:00,-2862.08
2050-12-02 07:00:00,-2608.8
2050-12-02 08:00:00,-1529.51
2050-12-02 09:00:00,-2955.16
2050-12-02 10:00:00,-3748.47
2050-12-02 11:00:00,-3282.28
2050-12-02 12:00:00,-2500.65
2050-12-02 13:00:00,-1491.84
2050-12-02 14:00:00,-3058.18
2050-12-02 15:00:00,-4300.06
2050-12-02 16:00:00,-5197.14
2050-12-02 17:00:00,-4676.77
2050-12-02 18:00:00,-5460.19
2050-12-02 19:00:00,-5526.27
2050-12-02 20:00:00,-5667.8
2050-12-02 21:00:00,-5869.58
2050-12-02 22:00:00,-5533.67
2050-12-02 23:00:00,-4332.02
2050-12-03 00:00:00,-3340.25
2050-12-03 01:00:00,-4940.29
2050-12-03 02:00:00,-5361.05
2050-12-03 03:00:00,-5222.84
2050-12-03 04:00:00,-6471.44
2050-12-03 05:00:00,-7241.23
2050-12-03 06:00:00,-6869.67
2050-12-03 07:00:00,-7136.91
2050-12-03 08:00:00,-7132.4
2050-12-03 09:00:00,-7079.75
2050-12-03 10:00:00,-7187.94
2050-12-03 11:00:00,-7303.03
2050-12-03 12:00:00,-7399.85
2050-12-03 13:00:00,-7552.24
2050-12-03 14:00:00,-7675.2
2050-12-03 15:00:00,-7704.15
2050-12-03 16:00:00,-7344.87
2050-12-03 17:00:00,-6901.46
2050-12-03 18:00:00,-6165.78
2050-12-03 19:00:00,-5714.77
2050-12-03 20:00:00,-5157.82
2050-12-03 21:00:00,-5200.37
2050-12-03 22:00:00,-4315.53
2050-12-03 23:00:00,-4988.89
2050-12-04 00:00:00,-3836.58
2050-12-04 01:00:00,-1986.45
2050-12-04 02:00:00,-1626.12
2050-12-04 03:00:00,-3100.16
2050-12-04 04:00:00,-2716.92
2050-12-04 05:00:00,-2173.07
2050-12-04 06:00:00,-1031.14
2050-12-04 07:00:00,-969.02
2050-12-04 08:00:00,501.84
2050-12-04 09:00:00,1004.09
2050-12-04 10:00:00,682.91
2050-12-04 11:00:00,1272.11
2050-12-04 12:00:00,1542.44
2050-12-04 13:00:00,1368.97
2050-12-04 14:00:00,2292.31
2050-12-04 15:00:00,1978.72
2050-12-04 16:00:00,1928.07
2050-12-04 17:00:00,2407.62
2050-12-04 18:00:00,2718.42
2050-12-04 19:00:00,3083.84
2050-12-04 20:00:00,1390.13
2050-12-04 21:00:00,2011.03
2050-12-04 22:00:00,2278.77
2050-12-04 23:00:00,2932.3
2050-12-05 00:00:00,1603.61
2050-12-05 01:00:00,942.62
2050-12-05 02:00:00,1121.73
2050-12-05 03:00:00,-881.93
2050-12-05 04:00:00,-1025.4
2050-12-05 05:00:00,-1645.08
2050-12-05 06:00:00,-2482.01
2050-12-05 07:00:00,-1833.62
2050-12-05 08:00:00,-1405.73
2050-12-05 09:00:00,-2380.75
2050-12-05 10:00:00,-2235.79
2050-12-05 11:00:00,-1774.78
2050-12-05 12:00:00,-1418.86
2050-12-05 13:00:00,-2217.35
2050-12-05 14:00:00,-1801.44
2050-12-05 15:00:00,-2249.78
2050-12-05 16:00:00,-1567.46
2050-12-05 17:00:00,-761.09
2050-12-05 18:00:00,-799.12
2050-12-05 19:00:00,-1043.95
2050-12-05 20:00:00,637.75
2050-12-05 21:00:00,393.57
2050-12-05 22:00:00,-153.25
2050-12-05 23:00:00,-769.24
2050-12-06 00:00:00,-1432.47
2050-12-06 01:00:00,-1019.78
2050-12-06 02:00:00,-2170.01
2050-12-06 03:00:00,-871.69
2050-12-06 04:00:00,-761.03
2050-12-06 05:00:00,-1651.2
2050-12-06 06:00:00,-444.31
2050-12-06 07:00:00,-2701.73
2050-12-06 08:00:00,-2394.41
2050-12-06 09:00:00,-2389.35
2050-12-06 10:00:00,-2322.15
2050-12-06 11:00:00,-2172.43
2050-12-06 12:00:00,-3680.51
2050-12-06 13:00:00,-5040.9
2050-12-06 14:00:00,-5390.86
2050-12-06 15:00:00,-6329.61
2050-12-06 16:00:00,-6331.77
2050-12-06 17:00:00,-5831.99
2050-12-06 18:00:00,-5620.34
2050-12-06 19:00:00,-5383.08
2050-12-06 20:00:00,-5218.65
2050-12-06 21:00:00,-4924.05
2050-12-06 22:00:00,-4812.62
2050-12-06 23:00:00,-5750.9
2050-12-07 00:00:00,-6079.64
2050-12-07 01:00:00,-5771.28
2050-12-07 02:00:00,-6136.79
2050-12-07 03:00:00,-4970.01
2050-12-07 04:00:00,-4206.97
2050-12-07 05:00:00,-4238.82
2050-12-07 06:00:00,-3285.87
2050-12-07 07:00:00,-2703.74
2050-12-07 08:00:00,-320.41
2050-12-07 09:00:00,-435.47
2050-12-07 10:00:00,770.48
2050-12-07 11:00:00,1662.68
2050-12-07 12:00:00,839.79
2050-12-07 13:00:00,1312.87
2050-12-07 14:00:00,455.09
2050-12-07 15:00:00,1068.31
2050-12-07 16:00:00,867.65
2050-12-07 17:00:00,2107.4
2050-12-07 18:00:00,2909.53
2050-12-07 19:00:00,2136.23
2050-12-07 20:00:00,3203.48
2050-12-07 21:00:00,3119.84
2050-12-07 22:00:00,2819.47
2050-12-07 23:00:00,1900.75
2050-12-08 00:00:00,687.6
2050-12-08 01:00:00,927.83
2050-12-08 02:00:00,915.22
2050-12-08 03:00:00,1000.49
2050-12-08 04:00:00,2089.34
2050-12-08 05:00:00,2789.14
2050-12-08 06:00:00,3447.34
2050-12-08 07:00:00,3593.07
2050-12-08 08:00:00,3633.84
2050-12-08 09:00:00,3240.4
2050-12-08 10:00:00,2995.33
2050-12-08 11:00:00,3571.62
2050-12-08 12:00:00,2632.67
2050-12-08 13:00:00,3042.01
2050-12-08 14:00:00,2627.01
2050-12-08 15:00:00,2773.18
2050-12-08 16:00:00,2200.25
2050-12-08 17:00:00,2391.51
2050-12-08 18:00:00,1681.94
2050-12-08 19:00:00,1627.9
2050-12-08 20:00:00,2757.49
2050-12-08 21:00:00,1913.59
2050-12-08 22:00:00,488.23
2050-12-08 23:00:00,-151.53
2050-12-09 00:00:00,-1398.0
2050-12-09 01:00:00,-500.37
2050-12-09 02:00:00,70.8
2050-12-09 03:00:00,302.78
2050-12-09 04:00:00,1041.67
2050-12-09 05:00:00,1062.51
2050-12-09 06:00:00,1459.07
2050-12-09 07:00:00,-1336.05
2050-12-09 08:00:00,-1216.65
2050-12-09 09:00:00,-1112.9
2050-12-09 10:00:00,-1029.45
2050-12-09 11:00:00,-1059.06
2050-12-09 12:00:00,-612.78
2050-12-09 13:00:00,-157.19
2050-12-09 14:00:00,-165.97
2050-12-09 15:00:00,-93.1
2050-12-09 16:00:00,586.33
2050-12-09 17:00:00,-195.83
2050-12-09 18:00:00,-1039.44
2050-12-09 19:00:00,-1523.04
2050-12-09 20:00:00,-1771.47
2050-12-09 21:00:00,-3328.31
2050-12-09 22:00:00,-2228.64
2050-12-09 23:00:00,-2775.4
2050-12-10 00:00:00,-3070.14
2050-12-10 01:00:00,-3675.58
2050-12-10 02:00:00,-4265.63
2050-12-10 03:00:00,-4598.3
2050-12-10 04:00:00,-5721.57
2050-12-10 05:00:00,-6015.41
2050-12-10 06:00:00,-5410.01
2050-12-10 07:00:00,-5688.83
2050-12-10 08:00:00,-6037.22
2050-12-10 09:00:00,-5972.03
2050-12-10 10:00:00,-4268.73
2050-12-10 11:00:00,-3072.7
2050-12-10 12:00:00,-1841.0
2050-12-10 13:00:00,-430.46
2050-12-10 14:00:00,-368.45
2050-12-10 15:00:00,-561.15
2050-12-10 16:00:00,126.96
2050-12-10 17:00:00,-322.49
2050-12-10 18:00:00,1162.17
2050-12-10 19:00:00,561.28
2050-12-10 20:00:00,675.96
2050-12-10 21:00:00,195.21
2050-12-10 22:00:00,-424.82
2050-12-10 23:00:00,382.07
2050-12-11 00:00:00,610.23
2050-12-11 01:00:00,740.84
2050-12-11 02:00:00,941.76
2050-12-11 03:00:00,-911.02
2050-12-11 04:00:00,-1117.31
2050-12-11 05:00:00,435.46
2050-12-11 06:00:00,1248.22
2050-12-11 07:00:00,-106.81
2050-12-11 08:00:00,-1507.17
2050-12-11 09:00:00,-1375.12
2050-12-11 10:00:00,-990.08
2050-12-11 11:00:00,-1507.11
2050-12-11 12:00:00,-2835.12
2050-12-11 13:00:00,-2777.98
2050-12-11 14:00:00,-2724.68
2050-12-11 15:00:00,-4164.86
2050-12-11 16:00:00,-4396.73
2050-12-11 17:00:00,-3994.78
2050-12-11 18:00:00,-4438.71
2050-12-11 19:00:00,-4300.75
2050-12-11 20:00:00,-4720.53
2050-12-11 21:00:00,-5907.4
2050-12-11 22:00:00,-6346.87
2050-12-11 23:00:00,-6460.84
2050-12-12 00:00:00,-6728.71
2050-12-12 01:00:00,-6504.95
2050-12-12 02:00:00,-7141.09
2050-12-12 03:00:00,-6176.89
2050-12-12 04:00:00,-5169.63
2050-12-12 05:00:00,-4737.22
2050-12-12 06:00:00,-4716.35
2050-12-12 07:00:00,-6835.06
2050-12-12 08:00:00,-7103.01
2050-12-12 09:00:00,-5034.7
2050-12-12 10:00:00,-3602.05
2050-12-12 11:00:00,-3079.56
2050-12-12 12:00:00,-2755.5
2050-12-12 13:00:00,-1543.92
2050-12-12 14:00:00,-809.75
2050-12-12 15:00:00,-1239.84
2050-12-12 16:00:00,-1431.27
2050-12-12 17:00:00,-1471.34
2050-12-12 18:00:00,-2402.04
2050-12-12 19:00:00,-1981.91
2050-12-12 20:00:00,-3349.22
2050-12-12 21:00:00,-4486.17
2050-12-12 22:00:00,-5022.41
2050-12-12 23:00:00,-4869.88
2050-12-13 00:00:00,-4073.5
2050-12-13 01:00:00,-4986.22
2050-12-13 02:00:00,-5312.66
2050-12-13 03:00:00,-5406.67
2050-12-13 04:00:00,-4801.65
2050-12-13 05:00:00,-4237.6
2050-12-13 06:00:00,-3858.84
2050-12-13 07:00:00,-3878.93
2050-12-13 08:00:00,-4212.17
2050-12-13 09:00:00,-3149.75
2050-12-13 10:00:00,-4659.71
2050-12-13 11:00:00,-475.6
2050-12-13 12:00:00,-631.52
2050-12-13 13:00:00,-394.04
2050-12-13 14:00:00,-825.08
2050-12-13 15:00:00,-3009.3
2050-12-13 16:00:00,-2671.05
2050-12-13 17:00:00,-1874.26
2050-12-13 18:00:00,-1880.04
2050-12-13 19:00:00,-2919.44
2050-12-13 20:00:00,-3722.8
2050-12-13 21:00:00,-3046.08
2050-12-13 22:00:00,-2577.27
2050-12-13 23:00:00,-2930.54
2050-12-14 00:00:00,-3322.76
2050-12-14 01:00:00,-3009.53
2050-12-14 02:00:00,-2674.89
2050-12-14 03:00:00,-3167.31
2050-12-14 04:00:00,-3271.66
2050-12-14 05:00:00,-3513.27
2050-12-14 06:00:00,-3723.15
2050-12-14 07:00:00,-1368.67
2050-12-14 08:00:00,-1352.34
2050-12-14 09:00:00,-970.87
2050-12-14 10:00:00,-129.75
2050-12-14 11:00:00,-830.48
2050-12-14 12:00:00,-1237.84
2050-12-14 13:00:00,-1494.36
2050-12-14 14:00:00,-2409.75
2050-12-14 15:00:00,-3955.63
2050-12-14 16:00:00,-3795.93
2050-12-14 17:00:00,-3374.45
2050-12-14 18:00:00,-3383.34
2050-12-14 19:00:00,-2777.07
2050-12-14 20:00:00,-3743.42
2050-12-14 21:00:00,-4686.24
2050-12-14 22:00:00,-4831.34
2050-12-14 23:00:00,-5094.83
2050-12-15 00:00:00,-5266.28
2050-12-15 01:00:00,-4606.55
2050-12-15 02:00:00,-5555.44
2050-12-15 03:00:00,-5672.72
2050-12-15 04:00:00,-3585.62
2050-12-15 05:00:00,-3287.23
2050-12-15 06:00:00,-4118.71
2050-12-15 07:00:00,-4477.52
2050-12-15 08:00:00,-3851.37
2050-12-15 09:00:00,-4147.97
2050-12-15 10:00:00,-3802.71
2050-12-15 11:00:00,-3042.52
2050-12-15 12:00:00,-5320.1
2050-12-15 13:00:00,-6459.15
2050-12-15 14:00:00,-5706.25
2050-12-15 15:00:00,-5997.11
2050-12-15 16:00:00,-5863.68
2050-12-15 17:00:00,-5415.31
2050-12-15 18:00:00,-5259.68
2050-12-15 19:00:00,-4973.3
2050-12-15 20:00:00,-4877.43
2050-12-15 21:00:00,-4921.16
2050-12-15 22:00:00,-5133.35
2050-12-15 23:00:00,-5416.78
2050-12-16 00:00:00,-5752.5
2050-12-16 01:00:00,-5898.28
2050-12-16 02:00:00,-6128.46
2050-12-16 03:00:00,-6248.87
2050-12-16 04:00:00,-6323.87
2050-12-16 05:00:00,-6333.74
2050-12-16 06:00:00,-6222.78
2050-12-16 07:00:00,-6024.43
2050-12-16 08:00:00,-5881.77
2050-12-16 09:00:00,-4882.87
2050-12-16 10:00:00,-3615.13
2050-12-16 11:00:00,-3530.83
2050-12-16 12:00:00,-3833.08
2050-12-16 13:00:00,-4025.2
2050-12-16 14:00:00,-2259.17
2050-12-16 15:00:00,-4001.33
2050-12-16 16:00:00,-5821.29
2050-12-16 17:00:00,-5606.75
2050-12-16 18:00:00,-5170.11
2050-12-16 19:00:00,-4183.43
2050-12-16 20:00:00,-4995.06
2050-12-16 21:00:00,-4922.27
2050-12-16 22:00:00,-5205.8
2050-12-16 23:00:00,-5358.52
2050-12-17 00:00:00,-5629.57
2050-12-17 01:00:00,-5537.25
2050-12-17 02:00:00,-6569.31
2050-12-17 03:00:00,-6668.75
2050-12-17 04:00:00,-6643.75
2050-12-17 05:00:00,-5562.79
2050-12-17 06:00:00,-6584.83
2050-12-17 07:00:00,-6494.0
2050-12-17 08:00:00,-6465.47
2050-12-17 09:00:00,-5996.59
2050-12-17 10:00:00,-5344.62
2050-12-17 11:00:00,-3641.07
2050-12-17 12:00:00,-4165.45
2050-12-17 13:00:00,-3841.02
2050-12-17 14:00:00,-6024.41
2050-12-17 15:00:00,-6005.48
2050-12-17 16:00:00,-3948.15
2050-12-17 17:00:00,-2431.71
2050-12-17 18:00:00,-3200.36
2050-12-17 19:00:00,-3708.5
2050-12-17 20:00:00,-3618.34
2050-12-17 21:00:00,-2349.52
2050-12-17 22:00:00,-3781.25
2050-12-17 23:00:00,-4805.23
2050-12-18 00:00:00,-4523.51
2050-12-18 01:00:00,-5996.93
2050-12-18 02:00:00,-6548.74
2050-12-18 03:00:00,-6800.17
2050-12-18 04:00:00,-6871.15
2050-12-18 05:00:00,-6870.03
2050-12-18 06:00:00,-6718.6
2050-12-18 07:00:00,-6662.92
2050-12-18 08:00:00,-6670.89
2050-12-18 09:00:00,-6687.12
2050-12-18 10:00:00,-6500.82
2050-12-18 11:00:00,-5207.12
2050-12-18 12:00:00,-3690.15
2050-12-18 13:00:00,-6364.2
2050-12-18 14:00:00,-6346.99
2050-12-18 15:00:00,-6195.08
2050-12-18 16:00:00,-6449.85
2050-12-18 17:00:00,-6343.81
2050-12-18 18:00:00,-5921.21
2050-12-18 19:00:00,-5641.63
2050-12-18 20:00:00,-5189.91
2050-12-18 21:00:00,-5632.37
2050-12-18 22:00:00,-5803.11
2050-12-18 23:00:00,-5749.15
2050-12-19 00:00:00,-6051.06
2050-12-19 01:00:00,-4527.42
2050-12-19 02:00:00,-6207.14
2050-12-19 03:00:00,-6147.29
2050-12-19 04:00:00,-5151.18
2050-12-19 05:00:00,-5102.71
2050-12-19 06:00:00,-5363.26
2050-12-19 07:00:00,-4978.19
2050-12-19 08:00:00,-4238.94
2050-12-19 09:00:00,-3506.27
2050-12-19 10:00:00,-3291.97
2050-12-19 11:00:00,-3652.75
2050-12-19 12:00:00,-2969.66
2050-12-19 13:00:00,-3829.85
2050-12-19 14:00:00,-3397.85
2050-12-19 15:00:00,-4404.52
2050-12-19 16:00:00,-3862.51
2050-12-19 17:00:00,-4043.93
2050-12-19 18:00:00,-4122.76
2050-12-19 19:00:00,-2871.99
2050-12-19 20:00:00,-2482.57
2050-12-19 21:00:00,-4303.81
2050-12-19 22:00:00,-3713.47
2050-12-19 23:00:00,-3398.62
2050-12-20 00:00:00,-3808.74
2050-12-20 01:00:00,-3170.02
2050-12-20 02:00:00,-2513.22
2050-12-20 03:00:00,-1808.34
2050-12-20 04:00:00,-804.07
2050-12-20 05:00:00,-244.27
2050-12-20 06:00:00,403.52
2050-12-20 07:00:00,494.5
2050-12-20 08:00:00,483.71
2050-12-20 09:00:00,1009.14
2050-12-20 10:00:00,2203.68
2050-12-20 11:00:00,3021.7
2050-12-20 12:00:00,3450.87
2050-12-20 13:00:00,3055.15
2050-12-20 14:00:00,2760.12
2050-12-20 15:00:00,2856.77
2050-12-20 16:00:00,2773.46
2050-12-20 17:00:00,3191.8
2050-12-20 18:00:00,2940.73
2050-12-20 19:00:00,2515.82
2050-12-20 20:00:00,2214.37
2050-12-20 21:00:00,1030.02
2050-12-20 22:00:00,548.22
2050-12-20 23:00:00,-986.78
2050-12-21 00:00:00,-870.99
2050-12-21 01:00:00,-2383.91
2050-12-21 02:00:00,-2194.14
2050-12-21 03:00:00,-1779.79
2050-12-21 04:00:00,-3030.49
2050-12-21 05:00:00,-3917.33
2050-12-21 06:00:00,-2033.46
2050-12-21 07:00:00,-2114.27
2050-12-21 08:00:00,-248.1
2050-12-21 09:00:00,200.11
2050-12-21 10:00:00,1785.96
2050-12-21 11:00:00,1638.93
2050-12-21 12:00:00,3188.42
2050-12-21 13:00:00,3578.61
2050-12-21 14:00:00,2845.38
2050-12-21 15:00:00,1984.36
2050-12-21 16:00:00,2507.39
2050-12-21 17:00:00,2608.94
2050-12-21 18:00:00,2612.81
2050-12-21 19:00:00,2778.24
2050-12-21 20:00:00,2571.68
2050-12-21 21:00:00,1907.29
2050-12-21 22:00:00,3435.67
2050-12-21 23:00:00,3240.29
2050-12-22 00:00:00,3433.24
2050-12-22 01:00:00,3463.86
2050-12-22 02:00:00,2701.98
2050-12-22 03:00:00,2142.22
2050-12-22 04:00:00,2329.13
2050-12-22 05:00:00,1721.32
2050-12-22 06:00:00,852.78
2050-12-22 07:00:00,-1971.96
2050-12-22 08:00:00,-3483.02
2050-12-22 09:00:00,-4067.5
2050-12-22 10:00:00,-5057.2
2050-12-22 11:00:00,-5688.98
2050-12-22 12:00:00,-5617.24
2050-12-22 13:00:00,-5486.86
2050-12-22 14:00:00,-6546.09
2050-12-22 15:00:00,-6950.59
2050-12-22 16:00:00,-6906.46
2050-12-22 17:00:00,-6525.79
2050-12-22 18:00:00,-5707.4
2050-12-22 19:00:00,-5226.02
2050-12-22 20:00:00,-4470.27
2050-12-22 21:00:00,-4383.09
2050-12-22 22:00:00,-3506.71
2050-12-22 23:00:00,-3410.38
2050-12-23 00:00:00,-5448.78
2050-12-23 01:00:00,-5370.5
2050-12-23 02:00:00,-5138.39
2050-12-23 03:00:00,-3899.91
2050-12-23 04:00:00,-4842.42
2050-12-23 05:00:00,-4488.83
2050-12-23 06:00:00,-1932.24
2050-12-23 07:00:00,-489.49
2050-12-23 08:00:00,-246.15
2050-12-23 09:00:00,-822.15
2050-12-23 10:00:00,155.06
2050-12-23 11:00:00,1347.71
2050-12-23 12:00:00,-491.11
2050-12-23 13:00:00,-1708.09
2050-12-23 14:00:00,-1441.12
2050-12-23 15:00:00,-3508.43
2050-12-23 16:00:00,-2287.4
2050-12-23 17:00:00,-2302.26
2050-12-23 18:00:00,-933.03
2050-12-23 19:00:00,-2432.36
2050-12-23 20:00:00,-1874.68
2050-12-23 21:00:00,-1140.26
2050-12-23 22:00:00,-1707.13
2050-12-23 23:00:00,-2324.9
2050-12-24 00:00:00,-2673.74
2050-12-24 01:00:00,-3118.86
2050-12-24 02:00:00,-3422.94
2050-12-24 03:00:00,-2704.18
2050-12-24 04:00:00,-3361.31
2050-12-24 05:00:00,-2928.31
2050-12-24 06:00:00,-3728.87
2050-12-24 07:00:00,-4929.58
2050-12-24 08:00:00,-5557.96
2050-12-24 09:00:00,-3183.89
2050-12-24 10:00:00,-5568.67
2050-12-24 11:00:00,-6467.68
2050-12-24 12:00:00,-5766.13
2050-12-24 13:00:00,-5552.88
2050-12-24 14:00:00,-5162.55
2050-12-24 15:00:00,-4359.97
2050-12-24 16:00:00,-2986.29
2050-12-24 17:00:00,-2653.61
2050-12-24 18:00:00,-2554.67
2050-12-24 19:00:00,-1548.06
2050-12-24 20:00:00,-2508.73
2050-12-24 21:00:00,-3387.78
2050-12-24 22:00:00,-4359.45
2050-12-24 23:00:00,-2802.92
2050-12-25 00:00:00,-3399.05
2050-12-25 01:00:00,-3740.79
2050-12-25 02:00:00,-4661.34
2050-12-25 03:00:00,-5034.59
2050-12-25 04:00:00,-6288.33
2050-12-25 05:00:00,-3372.69
2050-12-25 06:00:00,-1923.34
2050-12-25 07:00:00,-862.19
2050-12-25 08:00:00,-3674.05
2050-12-25 09:00:00,-3585.25
2050-12-25 10:00:00,-3318.51
2050-12-25 11:00:00,-1978.18
2050-12-25 12:00:00,-1521.04
2050-12-25 13:00:00,-1542.04
2050-12-25 14:00:00,-807.86
2050-12-25 15:00:00,138.78
2050-12-25 16:00:00,705.35
2050-12-25 17:00:00,1263.64
2050-12-25 18:00:00,1932.85
2050-12-25 19:00:00,1026.06
2050-12-25 20:00:00,541.75
2050-12-25 21:00:00,-375.8
2050-12-25 22:00:00,-125.11
2050-12-25 23:00:00,-705.52
2050-12-26 00:00:00,-804.87
2050-12-26 01:00:00,-1901.68
2050-12-26 02:00:00,-3108.42
2050-12-26 03:00:00,-3400.52
2050-12-26 04:00:00,-3064.44
2050-12-26 05:00:00,-3264.63
2050-12-26 06:00:00,-3922.25
2050-12-26 07:00:00,-3021.55
2050-12-26 08:00:00,-2027.9
2050-12-26 09:00:00,-1084.19
2050-12-26 10:00:00,-828.84
2050-12-26 11:00:00,-215.05
2050-12-26 12:00:00,546.29
2050-12-26 13:00:00,538.58
2050-12-26 14:00:00,34.19
2050-12-26 15:00:00,376.74
2050-12-26 16:00:00,351.17
2050-12-26 17:00:00,390.36
2050-12-26 18:00:00,-337.46
2050-12-26 19:00:00,-409.22
2050-12-26 20:00:00,-662.56
2050-12-26 21:00:00,-1136.81
2050-12-26 22:00:00,-1266.28
2050-12-26 23:00:00,-1380.16
2050-12-27 00:00:00,-1296.9
2050-12-27 01:00:00,-104.5
2050-12-27 02:00:00,-772.97
2050-12-27 03:00:00,-1018.31
2050-12-27 04:00:00,-1279.83
2050-12-27 05:00:00,-1585.06
2050-12-27 06:00:00,-816.13
2050-12-27 07:00:00,-1921.66
2050-12-27 08:00:00,-1289.43
2050-12-27 09:00:00,769.25
2050-12-27 10:00:00,1184.15
2050-12-27 11:00:00,1772.88
2050-12-27 12:00:00,2137.54
2050-12-27 13:00:00,2011.24
2050-12-27 14:00:00,1958.01
2050-12-27 15:00:00,2119.35
2050-12-27 16:00:00,1763.37
2050-12-27 17:00:00,1697.48
2050-12-27 18:00:00,2922.01
2050-12-27 19:00:00,943.09
2050-12-27 20:00:00,134.36
2050-12-27 21:00:00,-594.35
2050-12-27 22:00:00,-777.97
2050-12-27 23:00:00,-1992.16
2050-12-28 00:00:00,-884.7
2050-12-28 01:00:00,-667.45
2050-12-28 02:00:00,-2332.79
2050-12-28 03:00:00,-1791.2
2050-12-28 04:00:00,-3209.3
2050-12-28 05:00:00,-3887.68
2050-12-28 06:00:00,-5063.93
2050-12-28 07:00:00,-4715.7
2050-12-28 08:00:00,-4343.8
2050-12-28 09:00:00,-4652.66
2050-12-28 10:00:00,-5484.36
2050-12-28 11:00:00,-2409.13
2050-12-28 12:00:00,-5526.68
2050-12-28 13:00:00,-4483.35
2050-12-28 14:00:00,-2842.22
2050-12-28 15:00:00,-3146.62
2050-12-28 16:00:00,-1467.15
2050-12-28 17:00:00,-2179.32
2050-12-28 18:00:00,-2159.26
2050-12-28 19:00:00,-704.31
2050-12-28 20:00:00,1394.62
2050-12-28 21:00:00,1886.5
2050-12-28 22:00:00,2208.85
2050-12-28 23:00:00,1241.8
2050-12-29 00:00:00,896.36
2050-12-29 01:00:00,1879.02
2050-12-29 02:00:00,802.54
2050-12-29 03:00:00,-312.91
2050-12-29 04:00:00,-920.33
2050-12-29 05:00:00,292.22
2050-12-29 06:00:00,273.97
2050-12-29 07:00:00,-1402.44
2050-12-29 08:00:00,-651.93
2050-12-29 09:00:00,-2124.09
2050-12-29 10:00:00,-652.35
2050-12-29 11:00:00,-1819.08
2050-12-29 12:00:00,-1392.42
2050-12-29 13:00:00,-478.55
2050-12-29 14:00:00,-815.43
2050-12-29 15:00:00,-1401.99
2050-12-29 16:00:00,-2498.74
2050-12-29 17:00:00,-1288.25
2050-12-29 18:00:00,-1094.97
2050-12-29 19:00:00,-293.32
2050-12-29 20:00:00,-496.07
2050-12-29 21:00:00,-1704.83
2050-12-29 22:00:00,-524.03
2050-12-29 23:00:00,-333.33
2050-12-30 00:00:00,731.6
2050-12-30 01:00:00,1594.75
2050-12-30 02:00:00,1507.31
2050-12-30 03:00:00,1870.16
2050-12-30 04:00:00,1858.01
2050-12-30 05:00:00,1613.45
2050-12-30 06:00:00,1938.05
2050-12-30 07:00:00,1153.1
2050-12-30 08:00:00,357.2
2050-12-30 09:00:00,-49.65
2050-12-30 10:00:00,-989.68
2050-12-30 11:00:00,-1371.75
2050-12-30 12:00:00,-1489.26
2050-12-30 13:00:00,-1862.27
2050-12-30 14:00:00,-2466.33
2050-12-30 15:00:00,-2968.85
2050-12-30 16:00:00,-2350.44
2050-12-30 17:00:00,-3062.7
2050-12-30 18:00:00,-1981.09
2050-12-30 19:00:00,-2716.24
2050-12-30 20:00:00,-4868.56
2050-12-30 21:00:00,-3734.02
2050-12-30 22:00:00,-4277.81
2050-12-30 23:00:00,-5446.8
2050-12-31 00:00:00,-5634.17
2050-12-31 01:00:00,-3565.53
2050-12-31 02:00:00,-2995.1
2050-12-31 03:00:00,-3255.24
2050-12-31 04:00:00,-2458.35
2050-12-31 05:00:00,-3053.98
2050-12-31 06:00:00,-1424.0
2050-12-31 07:00:00,-1745.41
2050-12-31 08:00:00,-63.14
2050-12-31 09:00:00,1011.95
2050-12-31 10:00:00,847.21
2050-12-31 11:00:00,1612.49
2050-12-31 12:00:00,607.96
2050-12-31 13:00:00,-496.08
2050-12-31 14:00:00,-223.18
2050-12-31 15:00:00,-2031.0
2050-12-31 16:00:00,-4421.99
2050-12-31 17:00:00,-2296.18
2050-12-31 18:00:00,-2585.38
2050-12-31 19:00:00,-3744.4
2050-12-31 20:00:00,-2814.46
2050-12-31 21:00:00,-4353.66
2050-12-31 22:00:00,-5956.21
2050-12-31 23:00:00,-5687.46
