datetime,deficit_MW
2050-01-01 00:00:00,-52850.58
2050-01-01 01:00:00,-61252.8
2050-01-01 02:00:00,-70025.13
2050-01-01 03:00:00,-70594.28
2050-01-01 04:00:00,-70656.52
2050-01-01 05:00:00,-70136.95
2050-01-01 06:00:00,-69607.54
2050-01-01 07:00:00,-70856.58
2050-01-01 08:00:00,-65714.05
2050-01-01 09:00:00,-63478.22
2050-01-01 10:00:00,-62792.54
2050-01-01 11:00:00,-58828.15
2050-01-01 12:00:00,-61439.67
2050-01-01 13:00:00,-54948.22
2050-01-01 14:00:00,-46138.66
2050-01-01 15:00:00,-46874.2
2050-01-01 16:00:00,-50312.8
2050-01-01 17:00:00,-45391.46
2050-01-01 18:00:00,-36883.47
2050-01-01 19:00:00,-48416.68
2050-01-01 20:00:00,-44559.16
2050-01-01 21:00:00,-46334.37
2050-01-01 22:00:00,-53360.32
2050-01-01 23:00:00,-57027.55
2050-01-02 00:00:00,-59934.46
2050-01-02 01:00:00,-49130.6
2050-01-02 02:00:00,-32541.36
2050-01-02 03:00:00,-36368.56
2050-01-02 04:00:00,-36915.68
2050-01-02 05:00:00,-33407.34
2050-01-02 06:00:00,-31376.22
2050-01-02 07:00:00,-30091.8
2050-01-02 08:00:00,-29090.63
2050-01-02 09:00:00,-37252.46
2050-01-02 10:00:00,-40107.47
2050-01-02 11:00:00,-33632.02
2050-01-02 12:00:00,-41033.93
2050-01-02 13:00:00,-39627.96
2050-01-02 14:00:00,-39185.82
2050-01-02 15:00:00,-39995.41
2050-01-02 16:00:00,-36645.44
2050-01-02 17:00:00,-39872.94
2050-01-02 18:00:00,-38733.61
2050-01-02 19:00:00,-51429.53
2050-01-02 20:00:00,-53229.56
2050-01-02 21:00:00,-48471.9
2050-01-02 22:00:00,-38263.85
2050-01-02 23:00:00,-25286.34
2050-01-03 00:00:00,-22485.46
2050-01-03 01:00:00,-23434.38
2050-01-03 02:00:00,-29938.92
2050-01-03 03:00:00,-33043.72
2050-01-03 04:00:00,-35356.4
2050-01-03 05:00:00,-34856.59
2050-01-03 06:00:00,-40246.21
2050-01-03 07:00:00,-40625.98
2050-01-03 08:00:00,-44590.56
2050-01-03 09:00:00,-44969.62
2050-01-03 10:00:00,-44878.43
2050-01-03 11:00:00,-49143.36
2050-01-03 12:00:00,-58887.2
2050-01-03 13:00:00,-60566.34
2050-01-03 14:00:00,-60815.4
2050-01-03 15:00:00,-62161.82
2050-01-03 16:00:00,-48272.26
2050-01-03 17:00:00,-53858.7
2050-01-03 18:00:00,-50202.23
2050-01-03 19:00:00,-55785.34
2050-01-03 20:00:00,-55594.8
2050-01-03 21:00:00,-42009.94
2050-01-03 22:00:00,-41719.62
2050-01-03 23:00:00,-47439.37
2050-01-04 00:00:00,-39617.94
2050-01-04 01:00:00,-47622.62
2050-01-04 02:00:00,-44249.94
2050-01-04 03:00:00,-47018.81
2050-01-04 04:00:00,-58047.35
2050-01-04 05:00:00,-63287.19
2050-01-04 06:00:00,-58400.62
2050-01-04 07:00:00,-52287.96
2050-01-04 08:00:00,-52805.26
2050-01-04 09:00:00,-51584.07
2050-01-04 10:00:00,-54193.92
2050-01-04 11:00:00,-60731.05
2050-01-04 12:00:00,-65002.85
2050-01-04 13:00:00,-47182.8
2050-01-04 14:00:00,-57996.25
2050-01-04 15:00:00,-69553.21
2050-01-04 16:00:00,-68599.26
2050-01-04 17:00:00,-63785.47
2050-01-04 18:00:00,-69622.19
2050-01-04 19:00:00,-69270.1
2050-01-04 20:00:00,-69116.89
2050-01-04 21:00:00,-69147.26
2050-01-04 22:00:00,-69329.72
2050-01-04 23:00:00,-69581.42
2050-01-05 00:00:00,-69874.95
2050-01-05 01:00:00,-69997.88
2050-01-05 02:00:00,-70188.27
2050-01-05 03:00:00,-70279.28
2050-01-05 04:00:00,-70328.16
2050-01-05 05:00:00,-70307.3
2050-01-05 06:00:00,-70174.9
2050-01-05 07:00:00,-70065.48
2050-01-05 08:00:00,-70043.49
2050-01-05 09:00:00,-70111.23
2050-01-05 10:00:00,-70263.12
2050-01-05 11:00:00,-70392.79
2050-01-05 12:00:00,-70383.53
2050-01-05 13:00:00,-67794.58
2050-01-05 14:00:00,-64777.26
2050-01-05 15:00:00,-68464.2
2050-01-05 16:00:00,-68753.91
2050-01-05 17:00:00,-56536.27
2050-01-05 18:00:00,-60656.93
2050-01-05 19:00:00,-65269.04
2050-01-05 20:00:00,-60299.72
2050-01-05 21:00:00,-57859.25
2050-01-05 22:00:00,-50840.21
2050-01-05 23:00:00,-35947.89
2050-01-06 00:00:00,-33297.0
2050-01-06 01:00:00,-35967.94
2050-01-06 02:00:00,-29283.44
2050-01-06 03:00:00,-22264.39
2050-01-06 04:00:00,-21603.75
2050-01-06 05:00:00,-24960.4
2050-01-06 06:00:00,-24769.45
2050-01-06 07:00:00,-32186.14
2050-01-06 08:00:00,-38950.49
2050-01-06 09:00:00,-43396.26
2050-01-06 10:00:00,-36876.65
2050-01-06 11:00:00,-35776.34
2050-01-06 12:00:00,-31926.6
2050-01-06 13:00:00,-31533.74
2050-01-06 14:00:00,-26349.84
2050-01-06 15:00:00,-29768.63
2050-01-06 16:00:00,-38165.35
2050-01-06 17:00:00,-37915.28
2050-01-06 18:00:00,-36702.39
2050-01-06 19:00:00,-40329.56
2050-01-06 20:00:00,-40684.42
2050-01-06 21:00:00,-52625.74
2050-01-06 22:00:00,-43263.56
2050-01-06 23:00:00,-45542.0
2050-01-07 00:00:00,-46018.59
2050-01-07 01:00:00,-49914.44
2050-01-07 02:00:00,-50401.67
2050-01-07 03:00:00,-47412.02
2050-01-07 04:00:00,-45535.57
2050-01-07 05:00:00,-42555.64
2050-01-07 06:00:00,-35016.66
2050-01-07 07:00:00,-47563.68
2050-01-07 08:00:00,-46771.86
2050-01-07 09:00:00,-40443.38
2050-01-07 10:00:00,-37768.8
2050-01-07 11:00:00,-29788.28
2050-01-07 12:00:00,-28621.61
2050-01-07 13:00:00,-29499.99
2050-01-07 14:00:00,-39975.59
2050-01-07 15:00:00,-38134.08
2050-01-07 16:00:00,-38736.68
2050-01-07 17:00:00,-47738.28
2050-01-07 18:00:00,-51925.54
2050-01-07 19:00:00,-52795.24
2050-01-07 20:00:00,-58489.25
2050-01-07 21:00:00,-58407.24
2050-01-07 22:00:00,-53495.86
2050-01-07 23:00:00,-56530.15
2050-01-08 00:00:00,-58643.81
2050-01-08 01:00:00,-49444.0
2050-01-08 02:00:00,-58580.24
2050-01-08 03:00:00,-60930.0
2050-01-08 04:00:00,-65054.02
2050-01-08 05:00:00,-61299.26
2050-01-08 06:00:00,-59373.88
2050-01-08 07:00:00,-59798.62
2050-01-08 08:00:00,-57416.12
2050-01-08 09:00:00,-45220.12
2050-01-08 10:00:00,-39472.18
2050-01-08 11:00:00,-42272.98
2050-01-08 12:00:00,-34646.2
2050-01-08 13:00:00,-32710.04
2050-01-08 14:00:00,-31321.87
2050-01-08 15:00:00,-28409.64
2050-01-08 16:00:00,-32102.38
2050-01-08 17:00:00,-38434.33
2050-01-08 18:00:00,-31665.85
2050-01-08 19:00:00,-38980.36
2050-01-08 20:00:00,-40317.48
2050-01-08 21:00:00,-40910.04
2050-01-08 22:00:00,-45367.37
2050-01-08 23:00:00,-51206.64
2050-01-09 00:00:00,-57613.4
2050-01-09 01:00:00,-68796.04
2050-01-09 02:00:00,-58963.84
2050-01-09 03:00:00,-66205.59
2050-01-09 04:00:00,-61581.69
2050-01-09 05:00:00,-66827.78
2050-01-09 06:00:00,-65087.8
2050-01-09 07:00:00,-63114.42
2050-01-09 08:00:00,-56852.3
2050-01-09 09:00:00,-57694.36
2050-01-09 10:00:00,-60258.95
2050-01-09 11:00:00,-45891.84
2050-01-09 12:00:00,-48082.79
2050-01-09 13:00:00,-45485.26
2050-01-09 14:00:00,-48505.72
2050-01-09 15:00:00,-53349.08
2050-01-09 16:00:00,-51201.0
2050-01-09 17:00:00,-49313.91
2050-01-09 18:00:00,-55318.46
2050-01-09 19:00:00,-62677.13
2050-01-09 20:00:00,-64287.14
2050-01-09 21:00:00,-59897.54
2050-01-09 22:00:00,-63054.5
2050-01-09 23:00:00,-59638.15
2050-01-10 00:00:00,-62893.57
2050-01-10 01:00:00,-60377.85
2050-01-10 02:00:00,-62835.08
2050-01-10 03:00:00,-58611.28
2050-01-10 04:00:00,-64995.77
2050-01-10 05:00:00,-59673.94
2050-01-10 06:00:00,-63035.3
2050-01-10 07:00:00,-65162.23
2050-01-10 08:00:00,-65660.21
2050-01-10 09:00:00,-62684.54
2050-01-10 10:00:00,-50934.17
2050-01-10 11:00:00,-50202.53
2050-01-10 12:00:00,-46721.03
2050-01-10 13:00:00,-46604.78
2050-01-10 14:00:00,-53113.77
2050-01-10 15:00:00,-52669.36
2050-01-10 16:00:00,-45997.24
2050-01-10 17:00:00,-50091.63
2050-01-10 18:00:00,-52606.6
2050-01-10 19:00:00,-50635.44
2050-01-10 20:00:00,-54291.54
2050-01-10 21:00:00,-61004.58
2050-01-10 22:00:00,-66277.78
2050-01-10 23:00:00,-66902.35
2050-01-11 00:00:00,-68892.8
2050-01-11 01:00:00,-69339.41
2050-01-11 02:00:00,-69212.22
2050-01-11 03:00:00,-69889.61
2050-01-11 04:00:00,-69955.18
2050-01-11 05:00:00,-69743.74
2050-01-11 06:00:00,-67994.98
2050-01-11 07:00:00,-65909.3
2050-01-11 08:00:00,-59369.44
2050-01-11 09:00:00,-43308.28
2050-01-11 10:00:00,-39080.76
2050-01-11 11:00:00,-32390.96
2050-01-11 12:00:00,-30771.97
2050-01-11 13:00:00,-33836.61
2050-01-11 14:00:00,-32906.06
2050-01-11 15:00:00,-30353.38
2050-01-11 16:00:00,-22674.86
2050-01-11 17:00:00,-28726.52
2050-01-11 18:00:00,-33940.92
2050-01-11 19:00:00,-35088.52
2050-01-11 20:00:00,-34848.5
2050-01-11 21:00:00,-36975.55
2050-01-11 22:00:00,-36541.38
2050-01-11 23:00:00,-38876.31
2050-01-12 00:00:00,-45297.56
2050-01-12 01:00:00,-47898.18
2050-01-12 02:00:00,-59060.44
2050-01-12 03:00:00,-56087.41
2050-01-12 04:00:00,-66295.8
2050-01-12 05:00:00,-66437.8
2050-01-12 06:00:00,-68135.96
2050-01-12 07:00:00,-68042.12
2050-01-12 08:00:00,-69266.6
2050-01-12 09:00:00,-68037.48
2050-01-12 10:00:00,-69878.42
2050-01-12 11:00:00,-69615.05
2050-01-12 12:00:00,-68602.76
2050-01-12 13:00:00,-69377.34
2050-01-12 14:00:00,-69260.36
2050-01-12 15:00:00,-70075.11
2050-01-12 16:00:00,-69894.14
2050-01-12 17:00:00,-55018.54
2050-01-12 18:00:00,-56120.96
2050-01-12 19:00:00,-50332.7
2050-01-12 20:00:00,-58165.9
2050-01-12 21:00:00,-63021.95
2050-01-12 22:00:00,-68683.04
2050-01-12 23:00:00,-68648.52
2050-01-13 00:00:00,-69093.8
2050-01-13 01:00:00,-68352.56
2050-01-13 02:00:00,-68356.5
2050-01-13 03:00:00,-68284.11
2050-01-13 04:00:00,-66484.45
2050-01-13 05:00:00,-68745.36
2050-01-13 06:00:00,-68104.5
2050-01-13 07:00:00,-68905.84
2050-01-13 08:00:00,-67023.11
2050-01-13 09:00:00,-59734.23
2050-01-13 10:00:00,-65704.25
2050-01-13 11:00:00,-47943.24
2050-01-13 12:00:00,-40483.02
2050-01-13 13:00:00,-36957.09
2050-01-13 14:00:00,-36830.21
2050-01-13 15:00:00,-36452.66
2050-01-13 16:00:00,-34469.84
2050-01-13 17:00:00,-41628.97
2050-01-13 18:00:00,-39569.05
2050-01-13 19:00:00,-44207.9
2050-01-13 20:00:00,-31976.8
2050-01-13 21:00:00,-30365.68
2050-01-13 22:00:00,-33607.3
2050-01-13 23:00:00,-39343.99
2050-01-14 00:00:00,-44357.62
2050-01-14 01:00:00,-33905.2
2050-01-14 02:00:00,-38968.92
2050-01-14 03:00:00,-33101.53
2050-01-14 04:00:00,-35949.2
2050-01-14 05:00:00,-36772.44
2050-01-14 06:00:00,-38180.27
2050-01-14 07:00:00,-35216.27
2050-01-14 08:00:00,-40633.58
2050-01-14 09:00:00,-38763.12
2050-01-14 10:00:00,-43223.91
2050-01-14 11:00:00,-35646.49
2050-01-14 12:00:00,-30945.22
2050-01-14 13:00:00,-29825.98
2050-01-14 14:00:00,-27018.49
2050-01-14 15:00:00,-27287.44
2050-01-14 16:00:00,-33687.8
2050-01-14 17:00:00,-31888.78
2050-01-14 18:00:00,-22647.97
2050-01-14 19:00:00,-25160.77
2050-01-14 20:00:00,-24647.9
2050-01-14 21:00:00,-21482.11
2050-01-14 22:00:00,-23485.78
2050-01-14 23:00:00,-26306.07
2050-01-15 00:00:00,-28750.36
2050-01-15 01:00:00,-35427.66
2050-01-15 02:00:00,-43224.72
2050-01-15 03:00:00,-42188.92
2050-01-15 04:00:00,-42520.75
2050-01-15 05:00:00,-42618.2
2050-01-15 06:00:00,-41750.98
2050-01-15 07:00:00,-37994.01
2050-01-15 08:00:00,-44394.34
2050-01-15 09:00:00,-34994.8
2050-01-15 10:00:00,-38613.84
2050-01-15 11:00:00,-38966.68
2050-01-15 12:00:00,-43246.76
2050-01-15 13:00:00,-41340.53
2050-01-15 14:00:00,-39860.74
2050-01-15 15:00:00,-38605.66
2050-01-15 16:00:00,-37899.82
2050-01-15 17:00:00,-41442.75
2050-01-15 18:00:00,-41925.92
2050-01-15 19:00:00,-26597.58
2050-01-15 20:00:00,-21115.25
2050-01-15 21:00:00,-27579.34
2050-01-15 22:00:00,-25143.98
2050-01-15 23:00:00,-27428.13
2050-01-16 00:00:00,-23522.18
2050-01-16 01:00:00,-30414.22
2050-01-16 02:00:00,-20128.4
2050-01-16 03:00:00,-23918.57
2050-01-16 04:00:00,-18003.65
2050-01-16 05:00:00,-27707.52
2050-01-16 06:00:00,-32503.24
2050-01-16 07:00:00,-15182.31
2050-01-16 08:00:00,-27138.42
2050-01-16 09:00:00,-37611.33
2050-01-16 10:00:00,-38860.37
2050-01-16 11:00:00,-43531.23
2050-01-16 12:00:00,-39686.68
2050-01-16 13:00:00,-43026.3
2050-01-16 14:00:00,-42396.9
2050-01-16 15:00:00,-47777.03
2050-01-16 16:00:00,-59659.61
2050-01-16 17:00:00,-67830.23
2050-01-16 18:00:00,-69453.07
2050-01-16 19:00:00,-70022.88
2050-01-16 20:00:00,-69689.1
2050-01-16 21:00:00,-69820.83
2050-01-16 22:00:00,-69819.86
2050-01-16 23:00:00,-70202.77
2050-01-17 00:00:00,-70472.93
2050-01-17 01:00:00,-70572.86
2050-01-17 02:00:00,-70751.89
2050-01-17 03:00:00,-70222.26
2050-01-17 04:00:00,-70879.45
2050-01-17 05:00:00,-55088.43
2050-01-17 06:00:00,-44391.96
2050-01-17 07:00:00,-47532.87
2050-01-17 08:00:00,-54997.4
2050-01-17 09:00:00,-34015.09
2050-01-17 10:00:00,-35176.35
2050-01-17 11:00:00,-33335.29
2050-01-17 12:00:00,-29959.26
2050-01-17 13:00:00,-28717.44
2050-01-17 14:00:00,-28705.71
2050-01-17 15:00:00,-33043.6
2050-01-17 16:00:00,-36570.14
2050-01-17 17:00:00,-35550.64
2050-01-17 18:00:00,-40362.18
2050-01-17 19:00:00,-49335.51
2050-01-17 20:00:00,-35997.04
2050-01-17 21:00:00,-42718.4
2050-01-17 22:00:00,-45993.08
2050-01-17 23:00:00,-45454.72
2050-01-18 00:00:00,-50639.74
2050-01-18 01:00:00,-39855.23
2050-01-18 02:00:00,-48783.82
2050-01-18 03:00:00,-56230.9
2050-01-18 04:00:00,-54771.5
2050-01-18 05:00:00,-67847.22
2050-01-18 06:00:00,-66344.6
2050-01-18 07:00:00,-56641.49
2050-01-18 08:00:00,-61085.5
2050-01-18 09:00:00,-53666.91
2050-01-18 10:00:00,-45925.38
2050-01-18 11:00:00,-52542.63
2050-01-18 12:00:00,-62447.48
2050-01-18 13:00:00,-57121.05
2050-01-18 14:00:00,-61335.38
2050-01-18 15:00:00,-43682.22
2050-01-18 16:00:00,-43043.09
2050-01-18 17:00:00,-68353.78
2050-01-18 18:00:00,-68898.14
2050-01-18 19:00:00,-69267.2
2050-01-18 20:00:00,-56993.92
2050-01-18 21:00:00,-54194.95
2050-01-18 22:00:00,-66291.55
2050-01-18 23:00:00,-60788.06
2050-01-19 00:00:00,-57123.72
2050-01-19 01:00:00,-61164.52
2050-01-19 02:00:00,-52142.48
2050-01-19 03:00:00,-48092.06
2050-01-19 04:00:00,-47255.66
2050-01-19 05:00:00,-49457.04
2050-01-19 06:00:00,-47335.32
2050-01-19 07:00:00,-47288.68
2050-01-19 08:00:00,-51425.72
2050-01-19 09:00:00,-53368.96
2050-01-19 10:00:00,-60515.0
2050-01-19 11:00:00,-64179.72
2050-01-19 12:00:00,-63165.03
2050-01-19 13:00:00,-61827.83
2050-01-19 14:00:00,-67557.24
2050-01-19 15:00:00,-69607.98
2050-01-19 16:00:00,-70966.68
2050-01-19 17:00:00,-70908.63
2050-01-19 18:00:00,-70462.6
2050-01-19 19:00:00,-70109.46
2050-01-19 20:00:00,-69904.97
2050-01-19 21:00:00,-69623.55
2050-01-19 22:00:00,-70039.57
2050-01-19 23:00:00,-70238.55
2050-01-20 00:00:00,-69619.05
2050-01-20 01:00:00,-59395.13
2050-01-20 02:00:00,-61155.48
2050-01-20 03:00:00,-62214.51
2050-01-20 04:00:00,-52500.84
2050-01-20 05:00:00,-43453.58
2050-01-20 06:00:00,-34391.34
2050-01-20 07:00:00,-35541.19
2050-01-20 08:00:00,-31794.67
2050-01-20 09:00:00,-41426.14
2050-01-20 10:00:00,-46349.51
2050-01-20 11:00:00,-59662.28
2050-01-20 12:00:00,-52466.07
2050-01-20 13:00:00,-52187.48
2050-01-20 14:00:00,-61437.23
2050-01-20 15:00:00,-63985.6
2050-01-20 16:00:00,-57803.01
2050-01-20 17:00:00,-59771.98
2050-01-20 18:00:00,-61245.77
2050-01-20 19:00:00,-57906.92
2050-01-20 20:00:00,-49299.32
2050-01-20 21:00:00,-53709.26
2050-01-20 22:00:00,-51384.04
2050-01-20 23:00:00,-45521.86
2050-01-21 00:00:00,-47200.5
2050-01-21 01:00:00,-43858.25
2050-01-21 02:00:00,-39003.83
2050-01-21 03:00:00,-36219.4
2050-01-21 04:00:00,-30628.09
2050-01-21 05:00:00,-36092.92
2050-01-21 06:00:00,-42443.9
2050-01-21 07:00:00,-40767.06
2050-01-21 08:00:00,-31405.75
2050-01-21 09:00:00,-31197.3
2050-01-21 10:00:00,-32977.33
2050-01-21 11:00:00,-33839.51
2050-01-21 12:00:00,-40159.3
2050-01-21 13:00:00,-33669.25
2050-01-21 14:00:00,-29416.34
2050-01-21 15:00:00,-21666.54
2050-01-21 16:00:00,-22224.76
2050-01-21 17:00:00,-29164.78
2050-01-21 18:00:00,-21299.48
2050-01-21 19:00:00,-20469.92
2050-01-21 20:00:00,-22298.39
2050-01-21 21:00:00,-16602.95
2050-01-21 22:00:00,-22679.51
2050-01-21 23:00:00,-22461.29
2050-01-22 00:00:00,-25461.36
2050-01-22 01:00:00,-24563.8
2050-01-22 02:00:00,-23616.93
2050-01-22 03:00:00,-21624.33
2050-01-22 04:00:00,-16948.64
2050-01-22 05:00:00,-23839.3
2050-01-22 06:00:00,-17594.68
2050-01-22 07:00:00,-17172.68
2050-01-22 08:00:00,-12859.48
2050-01-22 09:00:00,-16385.77
2050-01-22 10:00:00,-8770.49
2050-01-22 11:00:00,-8750.84
2050-01-22 12:00:00,-9314.6
2050-01-22 13:00:00,-6440.56
2050-01-22 14:00:00,-5198.67
2050-01-22 15:00:00,-4566.0
2050-01-22 16:00:00,-4856.28
2050-01-22 17:00:00,-8495.32
2050-01-22 18:00:00,-9963.88
2050-01-22 19:00:00,-9179.2
2050-01-22 20:00:00,-8656.48
2050-01-22 21:00:00,-19271.37
2050-01-22 22:00:00,-24025.2
2050-01-22 23:00:00,-26705.46
2050-01-23 00:00:00,-34178.71
2050-01-23 01:00:00,-45159.0
2050-01-23 02:00:00,-54317.31
2050-01-23 03:00:00,-59163.11
2050-01-23 04:00:00,-69792.23
2050-01-23 05:00:00,-70491.74
2050-01-23 06:00:00,-70306.47
2050-01-23 07:00:00,-70143.53
2050-01-23 08:00:00,-70108.66
2050-01-23 09:00:00,-70236.0
2050-01-23 10:00:00,-70411.51
2050-01-23 11:00:00,-70590.91
2050-01-23 12:00:00,-70731.94
2050-01-23 13:00:00,-70913.62
2050-01-23 14:00:00,-71088.9
2050-01-23 15:00:00,-71184.55
2050-01-23 16:00:00,-70245.3
2050-01-23 17:00:00,-70516.1
2050-01-23 18:00:00,-70043.75
2050-01-23 19:00:00,-69673.08
2050-01-23 20:00:00,-69491.8
2050-01-23 21:00:00,-69520.76
2050-01-23 22:00:00,-69682.92
2050-01-23 23:00:00,-69894.83
2050-01-24 00:00:00,-70156.89
2050-01-24 01:00:00,-70168.72
2050-01-24 02:00:00,-69533.23
2050-01-24 03:00:00,-69742.25
2050-01-24 04:00:00,-70659.66
2050-01-24 05:00:00,-70725.77
2050-01-24 06:00:00,-70691.69
2050-01-24 07:00:00,-70683.94
2050-01-24 08:00:00,-70706.35
2050-01-24 09:00:00,-70718.74
2050-01-24 10:00:00,-70825.89
2050-01-24 11:00:00,-70869.28
2050-01-24 12:00:00,-70833.84
2050-01-24 13:00:00,-71246.97
2050-01-24 14:00:00,-66597.52
2050-01-24 15:00:00,-68605.74
2050-01-24 16:00:00,-69645.6
2050-01-24 17:00:00,-68456.19
2050-01-24 18:00:00,-66764.26
2050-01-24 19:00:00,-66198.9
2050-01-24 20:00:00,-66581.34
2050-01-24 21:00:00,-67823.48
2050-01-24 22:00:00,-67912.45
2050-01-24 23:00:00,-65718.9
2050-01-25 00:00:00,-65398.89
2050-01-25 01:00:00,-54902.99
2050-01-25 02:00:00,-54869.97
2050-01-25 03:00:00,-58723.66
2050-01-25 04:00:00,-56534.18
2050-01-25 05:00:00,-48930.31
2050-01-25 06:00:00,-39151.63
2050-01-25 07:00:00,-46508.4
2050-01-25 08:00:00,-45062.5
2050-01-25 09:00:00,-38826.62
2050-01-25 10:00:00,-36516.06
2050-01-25 11:00:00,-36488.32
2050-01-25 12:00:00,-31030.66
2050-01-25 13:00:00,-37673.16
2050-01-25 14:00:00,-47887.67
2050-01-25 15:00:00,-40884.16
2050-01-25 16:00:00,-36376.58
2050-01-25 17:00:00,-38387.79
2050-01-25 18:00:00,-38182.42
2050-01-25 19:00:00,-45917.46
2050-01-25 20:00:00,-51973.62
2050-01-25 21:00:00,-59872.14
2050-01-25 22:00:00,-60689.84
2050-01-25 23:00:00,-50659.91
2050-01-26 00:00:00,-47386.84
2050-01-26 01:00:00,-44952.22
2050-01-26 02:00:00,-38074.3
2050-01-26 03:00:00,-44833.59
2050-01-26 04:00:00,-54925.64
2050-01-26 05:00:00,-44480.91
2050-01-26 06:00:00,-39383.25
2050-01-26 07:00:00,-39997.18
2050-01-26 08:00:00,-42613.05
2050-01-26 09:00:00,-46187.08
2050-01-26 10:00:00,-41056.2
2050-01-26 11:00:00,-35797.74
2050-01-26 12:00:00,-43340.42
2050-01-26 13:00:00,-45896.13
2050-01-26 14:00:00,-49567.09
2050-01-26 15:00:00,-55737.02
2050-01-26 16:00:00,-63354.12
2050-01-26 17:00:00,-62440.35
2050-01-26 18:00:00,-68230.97
2050-01-26 19:00:00,-68270.32
2050-01-26 20:00:00,-66114.76
2050-01-26 21:00:00,-65255.27
2050-01-26 22:00:00,-65022.32
2050-01-26 23:00:00,-63524.71
2050-01-27 00:00:00,-53941.25
2050-01-27 01:00:00,-54820.68
2050-01-27 02:00:00,-56827.0
2050-01-27 03:00:00,-52405.52
2050-01-27 04:00:00,-61276.29
2050-01-27 05:00:00,-64856.74
2050-01-27 06:00:00,-52460.66
2050-01-27 07:00:00,-57834.82
2050-01-27 08:00:00,-59312.56
2050-01-27 09:00:00,-62229.98
2050-01-27 10:00:00,-64137.56
2050-01-27 11:00:00,-63218.07
2050-01-27 12:00:00,-61444.13
2050-01-27 13:00:00,-56047.31
2050-01-27 14:00:00,-64129.12
2050-01-27 15:00:00,-67769.98
2050-01-27 16:00:00,-69141.08
2050-01-27 17:00:00,-67935.83
2050-01-27 18:00:00,-66347.44
2050-01-27 19:00:00,-66287.14
2050-01-27 20:00:00,-58771.62
2050-01-27 21:00:00,-62785.25
2050-01-27 22:00:00,-64639.58
2050-01-27 23:00:00,-59780.3
2050-01-28 00:00:00,-60784.54
2050-01-28 01:00:00,-50425.4
2050-01-28 02:00:00,-52172.99
2050-01-28 03:00:00,-49287.02
2050-01-28 04:00:00,-47989.46
2050-01-28 05:00:00,-55491.55
2050-01-28 06:00:00,-57481.35
2050-01-28 07:00:00,-51495.96
2050-01-28 08:00:00,-45799.76
2050-01-28 09:00:00,-44240.1
2050-01-28 10:00:00,-39159.44
2050-01-28 11:00:00,-30230.16
2050-01-28 12:00:00,-32736.83
2050-01-28 13:00:00,-29675.14
2050-01-28 14:00:00,-20713.54
2050-01-28 15:00:00,-21310.45
2050-01-28 16:00:00,-22834.08
2050-01-28 17:00:00,-26313.59
2050-01-28 18:00:00,-29149.97
2050-01-28 19:00:00,-27645.1
2050-01-28 20:00:00,-28068.75
2050-01-28 21:00:00,-30978.14
2050-01-28 22:00:00,-32539.88
2050-01-28 23:00:00,-31542.96
2050-01-29 00:00:00,-35668.32
2050-01-29 01:00:00,-37096.06
2050-01-29 02:00:00,-39188.56
2050-01-29 03:00:00,-45767.98
2050-01-29 04:00:00,-41518.22
2050-01-29 05:00:00,-59696.9
2050-01-29 06:00:00,-58906.52
2050-01-29 07:00:00,-61598.91
2050-01-29 08:00:00,-59814.82
2050-01-29 09:00:00,-53817.18
2050-01-29 10:00:00,-60666.83
2050-01-29 11:00:00,-61827.69
2050-01-29 12:00:00,-67134.6
2050-01-29 13:00:00,-68875.46
2050-01-29 14:00:00,-69867.82
2050-01-29 15:00:00,-69933.6
2050-01-29 16:00:00,-69808.36
2050-01-29 17:00:00,-69323.27
2050-01-29 18:00:00,-68837.56
2050-01-29 19:00:00,-68071.29
2050-01-29 20:00:00,-67151.33
2050-01-29 21:00:00,-68185.58
2050-01-29 22:00:00,-66507.48
2050-01-29 23:00:00,-62023.5
2050-01-30 00:00:00,-59109.24
2050-01-30 01:00:00,-62738.18
2050-01-30 02:00:00,-66061.73
2050-01-30 03:00:00,-55225.77
2050-01-30 04:00:00,-48531.06
2050-01-30 05:00:00,-44806.73
2050-01-30 06:00:00,-36364.84
2050-01-30 07:00:00,-30705.65
2050-01-30 08:00:00,-30132.36
2050-01-30 09:00:00,-26141.37
2050-01-30 10:00:00,-16318.56
2050-01-30 11:00:00,-13241.56
2050-01-30 12:00:00,-12449.02
2050-01-30 13:00:00,-21144.56
2050-01-30 14:00:00,-32536.32
2050-01-30 15:00:00,-33961.75
2050-01-30 16:00:00,-43735.27
2050-01-30 17:00:00,-60229.52
2050-01-30 18:00:00,-68740.92
2050-01-30 19:00:00,-68480.31
2050-01-30 20:00:00,-68163.69
2050-01-30 21:00:00,-67594.58
2050-01-30 22:00:00,-65716.98
2050-01-30 23:00:00,-58515.81
2050-01-31 00:00:00,-50601.33
2050-01-31 01:00:00,-46904.78
2050-01-31 02:00:00,-40136.05
2050-01-31 03:00:00,-30025.25
2050-01-31 04:00:00,-32284.14
2050-01-31 05:00:00,-33256.32
2050-01-31 06:00:00,-35883.12
2050-01-31 07:00:00,-37963.08
2050-01-31 08:00:00,-31422.26
2050-01-31 09:00:00,-30225.06
2050-01-31 10:00:00,-17459.57
2050-01-31 11:00:00,-13656.5
2050-01-31 12:00:00,-11941.66
2050-01-31 13:00:00,-13725.13
2050-01-31 14:00:00,-12134.44
2050-01-31 15:00:00,-14262.08
2050-01-31 16:00:00,-12360.93
2050-01-31 17:00:00,-17429.37
2050-01-31 18:00:00,-26248.02
2050-01-31 19:00:00,-31157.88
2050-01-31 20:00:00,-36682.07
2050-01-31 21:00:00,-47724.36
2050-01-31 22:00:00,-37962.61
2050-01-31 23:00:00,-37436.33
2050-02-01 00:00:00,-44722.02
2050-02-01 01:00:00,-50707.71
2050-02-01 02:00:00,-53382.22
2050-02-01 03:00:00,-54472.5
2050-02-01 04:00:00,-62823.22
2050-02-01 05:00:00,-63160.16
2050-02-01 06:00:00,-63103.9
2050-02-01 07:00:00,-62165.92
2050-02-01 08:00:00,-61553.06
2050-02-01 09:00:00,-54182.8
2050-02-01 10:00:00,-46890.73
2050-02-01 11:00:00,-43509.86
2050-02-01 12:00:00,-35821.94
2050-02-01 13:00:00,-38617.17
2050-02-01 14:00:00,-29775.36
2050-02-01 15:00:00,-28286.1
2050-02-01 16:00:00,-35427.26
2050-02-01 17:00:00,-31673.03
2050-02-01 18:00:00,-26395.72
2050-02-01 19:00:00,-34550.54
2050-02-01 20:00:00,-24457.52
2050-02-01 21:00:00,-12741.18
2050-02-01 22:00:00,-26128.67
2050-02-01 23:00:00,-31714.54
2050-02-02 00:00:00,-37213.71
2050-02-02 01:00:00,-37832.3
2050-02-02 02:00:00,-43295.59
2050-02-02 03:00:00,-35549.68
2050-02-02 04:00:00,-28879.46
2050-02-02 05:00:00,-22212.32
2050-02-02 06:00:00,-32112.2
2050-02-02 07:00:00,-39624.88
2050-02-02 08:00:00,-36448.7
2050-02-02 09:00:00,-44360.88
2050-02-02 10:00:00,-49089.16
2050-02-02 11:00:00,-31529.81
2050-02-02 12:00:00,-25984.76
2050-02-02 13:00:00,-23997.12
2050-02-02 14:00:00,-25434.47
2050-02-02 15:00:00,-31039.01
2050-02-02 16:00:00,-40120.44
2050-02-02 17:00:00,-47498.67
2050-02-02 18:00:00,-50436.66
2050-02-02 19:00:00,-59368.01
2050-02-02 20:00:00,-52945.06
2050-02-02 21:00:00,-56961.04
2050-02-02 22:00:00,-53207.18
2050-02-02 23:00:00,-48163.0
2050-02-03 00:00:00,-49416.26
2050-02-03 01:00:00,-61278.49
2050-02-03 02:00:00,-62561.23
2050-02-03 03:00:00,-62812.5
2050-02-03 04:00:00,-56830.13
2050-02-03 05:00:00,-54586.47
2050-02-03 06:00:00,-48965.0
2050-02-03 07:00:00,-42785.05
2050-02-03 08:00:00,-41422.97
2050-02-03 09:00:00,-39971.22
2050-02-03 10:00:00,-39141.82
2050-02-03 11:00:00,-37705.45
2050-02-03 12:00:00,-40302.58
2050-02-03 13:00:00,-41934.01
2050-02-03 14:00:00,-40311.39
2050-02-03 15:00:00,-47700.81
2050-02-03 16:00:00,-56246.1
2050-02-03 17:00:00,-63342.74
2050-02-03 18:00:00,-60598.73
2050-02-03 19:00:00,-61450.28
2050-02-03 20:00:00,-64527.44
2050-02-03 21:00:00,-69320.23
2050-02-03 22:00:00,-69476.79
2050-02-03 23:00:00,-69696.8
2050-02-04 00:00:00,-68043.65
2050-02-04 01:00:00,-66215.91
2050-02-04 02:00:00,-66344.34
2050-02-04 03:00:00,-69349.16
2050-02-04 04:00:00,-66198.57
2050-02-04 05:00:00,-64287.99
2050-02-04 06:00:00,-66583.72
2050-02-04 07:00:00,-60981.39
2050-02-04 08:00:00,-50584.76
2050-02-04 09:00:00,-53583.56
2050-02-04 10:00:00,-50976.81
2050-02-04 11:00:00,-25335.46
2050-02-04 12:00:00,-27154.18
2050-02-04 13:00:00,-23860.3
2050-02-04 14:00:00,-25819.38
2050-02-04 15:00:00,-34416.58
2050-02-04 16:00:00,-36559.5
2050-02-04 17:00:00,-37646.92
2050-02-04 18:00:00,-32237.8
2050-02-04 19:00:00,-33293.27
2050-02-04 20:00:00,-31610.68
2050-02-04 21:00:00,-42262.62
2050-02-04 22:00:00,-43413.62
2050-02-04 23:00:00,-48554.45
2050-02-05 00:00:00,-48859.66
2050-02-05 01:00:00,-51608.48
2050-02-05 02:00:00,-57777.1
2050-02-05 03:00:00,-60001.76
2050-02-05 04:00:00,-55661.98
2050-02-05 05:00:00,-62530.39
2050-02-05 06:00:00,-63645.48
2050-02-05 07:00:00,-69518.36
2050-02-05 08:00:00,-70026.19
2050-02-05 09:00:00,-70127.73
2050-02-05 10:00:00,-70212.46
2050-02-05 11:00:00,-70316.27
2050-02-05 12:00:00,-69298.54
2050-02-05 13:00:00,-67181.04
2050-02-05 14:00:00,-67374.97
2050-02-05 15:00:00,-60780.7
2050-02-05 16:00:00,-50352.78
2050-02-05 17:00:00,-53526.32
2050-02-05 18:00:00,-50939.15
2050-02-05 19:00:00,-62331.57
2050-02-05 20:00:00,-66447.34
2050-02-05 21:00:00,-64122.61
2050-02-05 22:00:00,-62182.46
2050-02-05 23:00:00,-62279.44
2050-02-06 00:00:00,-51707.34
2050-02-06 01:00:00,-41995.36
2050-02-06 02:00:00,-37391.75
2050-02-06 03:00:00,-22320.8
2050-02-06 04:00:00,-26541.84
2050-02-06 05:00:00,-20047.89
2050-02-06 06:00:00,-15014.86
2050-02-06 07:00:00,-6092.46
2050-02-06 08:00:00,-5321.42
2050-02-06 09:00:00,-3897.28
2050-02-06 10:00:00,-2492.32
2050-02-06 11:00:00,-3128.04
2050-02-06 12:00:00,-7956.66
2050-02-06 13:00:00,-3327.4
2050-02-06 14:00:00,-5495.95
2050-02-06 15:00:00,-7420.84
2050-02-06 16:00:00,-13088.16
2050-02-06 17:00:00,-28372.73
2050-02-06 18:00:00,-28186.43
2050-02-06 19:00:00,-37149.38
2050-02-06 20:00:00,-36222.72
2050-02-06 21:00:00,-34341.25
2050-02-06 22:00:00,-36846.57
2050-02-06 23:00:00,-31872.92
2050-02-07 00:00:00,-17735.75
2050-02-07 01:00:00,-5067.09
2050-02-07 02:00:00,-11436.46
2050-02-07 03:00:00,-15307.88
2050-02-07 04:00:00,-19354.44
2050-02-07 05:00:00,-23367.48
2050-02-07 06:00:00,-19665.46
2050-02-07 07:00:00,-19625.01
2050-02-07 08:00:00,-18344.24
2050-02-07 09:00:00,-19801.06
2050-02-07 10:00:00,-28528.56
2050-02-07 11:00:00,-33880.03
2050-02-07 12:00:00,-32893.58
2050-02-07 13:00:00,-36930.57
2050-02-07 14:00:00,-26775.44
2050-02-07 15:00:00,-19337.12
2050-02-07 16:00:00,-32759.57
2050-02-07 17:00:00,-45277.4
2050-02-07 18:00:00,-46874.31
2050-02-07 19:00:00,-45433.5
2050-02-07 20:00:00,-45918.7
2050-02-07 21:00:00,-47080.04
2050-02-07 22:00:00,-64971.69
2050-02-07 23:00:00,-68242.12
2050-02-08 00:00:00,-68567.6
2050-02-08 01:00:00,-67027.84
2050-02-08 02:00:00,-62148.8
2050-02-08 03:00:00,-61114.91
2050-02-08 04:00:00,-66046.39
2050-02-08 05:00:00,-60270.88
2050-02-08 06:00:00,-61951.46
2050-02-08 07:00:00,-59654.32
2050-02-08 08:00:00,-48369.8
2050-02-08 09:00:00,-51442.68
2050-02-08 10:00:00,-33610.65
2050-02-08 11:00:00,-31265.67
2050-02-08 12:00:00,-32335.19
2050-02-08 13:00:00,-27053.33
2050-02-08 14:00:00,-24183.5
2050-02-08 15:00:00,-27402.72
2050-02-08 16:00:00,-28392.32
2050-02-08 17:00:00,-38580.55
2050-02-08 18:00:00,-46733.76
2050-02-08 19:00:00,-41684.45
2050-02-08 20:00:00,-47202.18
2050-02-08 21:00:00,-46706.2
2050-02-08 22:00:00,-41993.45
2050-02-08 23:00:00,-35278.32
2050-02-09 00:00:00,-30001.44
2050-02-09 01:00:00,-24923.15
2050-02-09 02:00:00,-21992.47
2050-02-09 03:00:00,-20874.7
2050-02-09 04:00:00,-29340.12
2050-02-09 05:00:00,-29290.09
2050-02-09 06:00:00,-23698.46
2050-02-09 07:00:00,-22903.33
2050-02-09 08:00:00,-26719.27
2050-02-09 09:00:00,-31627.76
2050-02-09 10:00:00,-43195.22
2050-02-09 11:00:00,-45179.49
2050-02-09 12:00:00,-51201.74
2050-02-09 13:00:00,-51723.27
2050-02-09 14:00:00,-47598.72
2050-02-09 15:00:00,-51537.77
2050-02-09 16:00:00,-58241.16
2050-02-09 17:00:00,-62887.22
2050-02-09 18:00:00,-59475.14
2050-02-09 19:00:00,-64352.32
2050-02-09 20:00:00,-65386.56
2050-02-09 21:00:00,-67248.69
2050-02-09 22:00:00,-68837.04
2050-02-09 23:00:00,-68131.81
2050-02-10 00:00:00,-57935.94
2050-02-10 01:00:00,-61866.18
2050-02-10 02:00:00,-62255.22
2050-02-10 03:00:00,-65682.87
2050-02-10 04:00:00,-61649.03
2050-02-10 05:00:00,-62679.93
2050-02-10 06:00:00,-61593.05
2050-02-10 07:00:00,-64400.94
2050-02-10 08:00:00,-66027.01
2050-02-10 09:00:00,-66968.41
2050-02-10 10:00:00,-55697.13
2050-02-10 11:00:00,-61638.71
2050-02-10 12:00:00,-65648.78
2050-02-10 13:00:00,-65073.43
2050-02-10 14:00:00,-61449.81
2050-02-10 15:00:00,-47567.28
2050-02-10 16:00:00,-49402.78
2050-02-10 17:00:00,-42459.64
2050-02-10 18:00:00,-38840.95
2050-02-10 19:00:00,-38067.38
2050-02-10 20:00:00,-39182.71
2050-02-10 21:00:00,-34010.78
2050-02-10 22:00:00,-41158.35
2050-02-10 23:00:00,-31013.36
2050-02-11 00:00:00,-17213.98
2050-02-11 01:00:00,-22989.18
2050-02-11 02:00:00,-26575.18
2050-02-11 03:00:00,-22001.64
2050-02-11 04:00:00,-30085.9
2050-02-11 05:00:00,-33675.6
2050-02-11 06:00:00,-33081.81
2050-02-11 07:00:00,-43962.8
2050-02-11 08:00:00,-32192.29
2050-02-11 09:00:00,-25510.84
2050-02-11 10:00:00,-23346.32
2050-02-11 11:00:00,-18610.73
2050-02-11 12:00:00,-26200.37
2050-02-11 13:00:00,-31644.02
2050-02-11 14:00:00,-37867.2
2050-02-11 15:00:00,-39357.34
2050-02-11 16:00:00,-36097.79
2050-02-11 17:00:00,-45394.6
2050-02-11 18:00:00,-30073.6
2050-02-11 19:00:00,-38010.08
2050-02-11 20:00:00,-30234.5
2050-02-11 21:00:00,-36922.23
2050-02-11 22:00:00,-36790.33
2050-02-11 23:00:00,-54436.62
2050-02-12 00:00:00,-55048.33
2050-02-12 01:00:00,-56310.84
2050-02-12 02:00:00,-61320.65
2050-02-12 03:00:00,-59654.08
2050-02-12 04:00:00,-60126.1
2050-02-12 05:00:00,-53041.53
2050-02-12 06:00:00,-60526.2
2050-02-12 07:00:00,-51125.49
2050-02-12 08:00:00,-38969.91
2050-02-12 09:00:00,-32047.12
2050-02-12 10:00:00,-14383.54
2050-02-12 11:00:00,-11137.75
2050-02-12 12:00:00,-11282.13
2050-02-12 13:00:00,-12103.41
2050-02-12 14:00:00,-10002.93
2050-02-12 15:00:00,-15122.81
2050-02-12 16:00:00,-16255.53
2050-02-12 17:00:00,-27389.75
2050-02-12 18:00:00,-23639.12
2050-02-12 19:00:00,-40047.6
2050-02-12 20:00:00,-44913.31
2050-02-12 21:00:00,-57299.64
2050-02-12 22:00:00,-58643.67
2050-02-12 23:00:00,-59116.39
2050-02-13 00:00:00,-48918.15
2050-02-13 01:00:00,-48737.0
2050-02-13 02:00:00,-59913.68
2050-02-13 03:00:00,-60424.66
2050-02-13 04:00:00,-70033.52
2050-02-13 05:00:00,-70277.46
2050-02-13 06:00:00,-69728.68
2050-02-13 07:00:00,-70017.8
2050-02-13 08:00:00,-69990.29
2050-02-13 09:00:00,-70022.83
2050-02-13 10:00:00,-70118.95
2050-02-13 11:00:00,-70218.4
2050-02-13 12:00:00,-61836.21
2050-02-13 13:00:00,-64468.81
2050-02-13 14:00:00,-58878.84
2050-02-13 15:00:00,-56637.32
2050-02-13 16:00:00,-47885.68
2050-02-13 17:00:00,-56764.31
2050-02-13 18:00:00,-67064.73
2050-02-13 19:00:00,-68977.03
2050-02-13 20:00:00,-68858.7
2050-02-13 21:00:00,-68901.58
2050-02-13 22:00:00,-68396.25
2050-02-13 23:00:00,-69061.02
2050-02-14 00:00:00,-68901.91
2050-02-14 01:00:00,-64605.97
2050-02-14 02:00:00,-56333.25
2050-02-14 03:00:00,-62121.1
2050-02-14 04:00:00,-40054.24
2050-02-14 05:00:00,-41426.65
2050-02-14 06:00:00,-44849.96
2050-02-14 07:00:00,-43215.94
2050-02-14 08:00:00,-44090.96
2050-02-14 09:00:00,-45702.22
2050-02-14 10:00:00,-36124.58
2050-02-14 11:00:00,-39495.07
2050-02-14 12:00:00,-29955.08
2050-02-14 13:00:00,-25542.32
2050-02-14 14:00:00,-25712.41
2050-02-14 15:00:00,-23235.37
2050-02-14 16:00:00,-18127.16
2050-02-14 17:00:00,-19938.64
2050-02-14 18:00:00,-28249.72
2050-02-14 19:00:00,-29236.1
2050-02-14 20:00:00,-20310.27
2050-02-14 21:00:00,-19587.08
2050-02-14 22:00:00,-19267.61
2050-02-14 23:00:00,-24433.44
2050-02-15 00:00:00,-34251.44
2050-02-15 01:00:00,-37170.3
2050-02-15 02:00:00,-50160.43
2050-02-15 03:00:00,-54855.86
2050-02-15 04:00:00,-58220.84
2050-02-15 05:00:00,-56973.64
2050-02-15 06:00:00,-61120.01
2050-02-15 07:00:00,-60915.91
2050-02-15 08:00:00,-59048.3
2050-02-15 09:00:00,-58373.95
2050-02-15 10:00:00,-53145.68
2050-02-15 11:00:00,-49049.87
2050-02-15 12:00:00,-47946.96
2050-02-15 13:00:00,-48149.4
2050-02-15 14:00:00,-46206.94
2050-02-15 15:00:00,-50187.75
2050-02-15 16:00:00,-58114.28
2050-02-15 17:00:00,-67216.92
2050-02-15 18:00:00,-69070.38
2050-02-15 19:00:00,-69555.2
2050-02-15 20:00:00,-69381.49
2050-02-15 21:00:00,-67247.8
2050-02-15 22:00:00,-69633.68
2050-02-15 23:00:00,-69932.06
2050-02-16 00:00:00,-70225.66
2050-02-16 01:00:00,-70427.18
2050-02-16 02:00:00,-70641.12
2050-02-16 03:00:00,-70774.43
2050-02-16 04:00:00,-70848.43
2050-02-16 05:00:00,-70879.66
2050-02-16 06:00:00,-70792.8
2050-02-16 07:00:00,-70694.31
2050-02-16 08:00:00,-70615.74
2050-02-16 09:00:00,-70551.43
2050-02-16 10:00:00,-63133.31
2050-02-16 11:00:00,-62861.45
2050-02-16 12:00:00,-68221.48
2050-02-16 13:00:00,-57960.88
2050-02-16 14:00:00,-58422.21
2050-02-16 15:00:00,-66401.61
2050-02-16 16:00:00,-67854.38
2050-02-16 17:00:00,-48585.84
2050-02-16 18:00:00,-57058.28
2050-02-16 19:00:00,-68598.28
2050-02-16 20:00:00,-66916.06
2050-02-16 21:00:00,-68046.02
2050-02-16 22:00:00,-68178.54
2050-02-16 23:00:00,-67416.58
2050-02-17 00:00:00,-66879.78
2050-02-17 01:00:00,-67082.25
2050-02-17 02:00:00,-61531.4
2050-02-17 03:00:00,-51966.42
2050-02-17 04:00:00,-54795.28
2050-02-17 05:00:00,-46851.36
2050-02-17 06:00:00,-44506.79
2050-02-17 07:00:00,-49241.3
2050-02-17 08:00:00,-52770.16
2050-02-17 09:00:00,-45824.62
2050-02-17 10:00:00,-38005.23
2050-02-17 11:00:00,-35720.72
2050-02-17 12:00:00,-35256.4
2050-02-17 13:00:00,-30551.79
2050-02-17 14:00:00,-21830.81
2050-02-17 15:00:00,-24313.16
2050-02-17 16:00:00,-22632.69
2050-02-17 17:00:00,-23943.04
2050-02-17 18:00:00,-29402.56
2050-02-17 19:00:00,-29425.08
2050-02-17 20:00:00,-31723.38
2050-02-17 21:00:00,-37971.59
2050-02-17 22:00:00,-31481.47
2050-02-17 23:00:00,-29561.74
2050-02-18 00:00:00,-33913.08
2050-02-18 01:00:00,-30292.78
2050-02-18 02:00:00,-45961.14
2050-02-18 03:00:00,-54683.65
2050-02-18 04:00:00,-66091.46
2050-02-18 05:00:00,-64047.53
2050-02-18 06:00:00,-58983.88
2050-02-18 07:00:00,-64570.93
2050-02-18 08:00:00,-51009.84
2050-02-18 09:00:00,-47673.29
2050-02-18 10:00:00,-44360.38
2050-02-18 11:00:00,-43608.24
2050-02-18 12:00:00,-52804.4
2050-02-18 13:00:00,-47053.48
2050-02-18 14:00:00,-44155.66
2050-02-18 15:00:00,-48937.91
2050-02-18 16:00:00,-48999.04
2050-02-18 17:00:00,-47794.19
2050-02-18 18:00:00,-54075.96
2050-02-18 19:00:00,-52783.04
2050-02-18 20:00:00,-47833.42
2050-02-18 21:00:00,-48534.63
2050-02-18 22:00:00,-52811.52
2050-02-18 23:00:00,-46620.66
2050-02-19 00:00:00,-39661.54
2050-02-19 01:00:00,-51647.67
2050-02-19 02:00:00,-54680.48
2050-02-19 03:00:00,-49578.9
2050-02-19 04:00:00,-44754.42
2050-02-19 05:00:00,-39542.13
2050-02-19 06:00:00,-34678.34
2050-02-19 07:00:00,-36388.55
2050-02-19 08:00:00,-33691.07
2050-02-19 09:00:00,-30978.84
2050-02-19 10:00:00,-32696.49
2050-02-19 11:00:00,-38413.06
2050-02-19 12:00:00,-44773.39
2050-02-19 13:00:00,-42213.12
2050-02-19 14:00:00,-41692.38
2050-02-19 15:00:00,-52823.41
2050-02-19 16:00:00,-53033.78
2050-02-19 17:00:00,-67450.1
2050-02-19 18:00:00,-67173.2
2050-02-19 19:00:00,-68761.06
2050-02-19 20:00:00,-68236.47
2050-02-19 21:00:00,-69092.75
2050-02-19 22:00:00,-69414.26
2050-02-19 23:00:00,-69701.36
2050-02-20 00:00:00,-69043.38
2050-02-20 01:00:00,-67990.58
2050-02-20 02:00:00,-67464.41
2050-02-20 03:00:00,-63037.19
2050-02-20 04:00:00,-65537.7
2050-02-20 05:00:00,-65108.78
2050-02-20 06:00:00,-62110.13
2050-02-20 07:00:00,-55019.84
2050-02-20 08:00:00,-52155.0
2050-02-20 09:00:00,-41756.1
2050-02-20 10:00:00,-30139.82
2050-02-20 11:00:00,-26737.33
2050-02-20 12:00:00,-25389.56
2050-02-20 13:00:00,-28270.82
2050-02-20 14:00:00,-30924.85
2050-02-20 15:00:00,-37668.52
2050-02-20 16:00:00,-47028.56
2050-02-20 17:00:00,-55640.24
2050-02-20 18:00:00,-66348.22
2050-02-20 19:00:00,-68588.8
2050-02-20 20:00:00,-69339.06
2050-02-20 21:00:00,-69047.16
2050-02-20 22:00:00,-69559.57
2050-02-20 23:00:00,-68927.74
2050-02-21 00:00:00,-63312.6
2050-02-21 01:00:00,-67348.7
2050-02-21 02:00:00,-62086.85
2050-02-21 03:00:00,-59754.7
2050-02-21 04:00:00,-43054.06
2050-02-21 05:00:00,-44993.81
2050-02-21 06:00:00,-47270.9
2050-02-21 07:00:00,-45289.73
2050-02-21 08:00:00,-41730.01
2050-02-21 09:00:00,-35499.38
2050-02-21 10:00:00,-32211.66
2050-02-21 11:00:00,-21249.12
2050-02-21 12:00:00,-15291.6
2050-02-21 13:00:00,-12146.92
2050-02-21 14:00:00,-8320.56
2050-02-21 15:00:00,-6307.1
2050-02-21 16:00:00,-11993.27
2050-02-21 17:00:00,-12366.43
2050-02-21 18:00:00,-17786.42
2050-02-21 19:00:00,-20229.34
2050-02-21 20:00:00,-25739.78
2050-02-21 21:00:00,-31012.21
2050-02-21 22:00:00,-35159.44
2050-02-21 23:00:00,-33347.95
2050-02-22 00:00:00,-36161.4
2050-02-22 01:00:00,-45730.95
2050-02-22 02:00:00,-48562.59
2050-02-22 03:00:00,-43295.36
2050-02-22 04:00:00,-38067.3
2050-02-22 05:00:00,-35501.0
2050-02-22 06:00:00,-40685.68
2050-02-22 07:00:00,-46874.72
2050-02-22 08:00:00,-43403.0
2050-02-22 09:00:00,-35798.38
2050-02-22 10:00:00,-24879.29
2050-02-22 11:00:00,-19051.31
2050-02-22 12:00:00,-13945.05
2050-02-22 13:00:00,-17497.58
2050-02-22 14:00:00,-18677.26
2050-02-22 15:00:00,-20431.94
2050-02-22 16:00:00,-36740.67
2050-02-22 17:00:00,-36361.65
2050-02-22 18:00:00,-40474.06
2050-02-22 19:00:00,-40126.31
2050-02-22 20:00:00,-52301.55
2050-02-22 21:00:00,-52670.96
2050-02-22 22:00:00,-44453.37
2050-02-22 23:00:00,-41134.71
2050-02-23 00:00:00,-60129.23
2050-02-23 01:00:00,-61020.97
2050-02-23 02:00:00,-63512.54
2050-02-23 03:00:00,-60202.57
2050-02-23 04:00:00,-57442.44
2050-02-23 05:00:00,-55634.69
2050-02-23 06:00:00,-48748.6
2050-02-23 07:00:00,-44503.23
2050-02-23 08:00:00,-44497.82
2050-02-23 09:00:00,-40224.36
2050-02-23 10:00:00,-39305.82
2050-02-23 11:00:00,-31999.15
2050-02-23 12:00:00,-34309.58
2050-02-23 13:00:00,-36254.94
2050-02-23 14:00:00,-34322.96
2050-02-23 15:00:00,-39153.78
2050-02-23 16:00:00,-51436.07
2050-02-23 17:00:00,-69387.9
2050-02-23 18:00:00,-69889.35
2050-02-23 19:00:00,-69679.29
2050-02-23 20:00:00,-68844.67
2050-02-23 21:00:00,-67752.3
2050-02-23 22:00:00,-69580.42
2050-02-23 23:00:00,-69250.67
2050-02-24 00:00:00,-70321.89
2050-02-24 01:00:00,-69668.82
2050-02-24 02:00:00,-62463.38
2050-02-24 03:00:00,-63521.0
2050-02-24 04:00:00,-50321.95
2050-02-24 05:00:00,-58143.25
2050-02-24 06:00:00,-54406.36
2050-02-24 07:00:00,-49568.63
2050-02-24 08:00:00,-48375.1
2050-02-24 09:00:00,-39334.75
2050-02-24 10:00:00,-24303.05
2050-02-24 11:00:00,-32369.73
2050-02-24 12:00:00,-44878.68
2050-02-24 13:00:00,-42920.44
2050-02-24 14:00:00,-55845.62
2050-02-24 15:00:00,-70141.83
2050-02-24 16:00:00,-70404.74
2050-02-24 17:00:00,-70586.41
2050-02-24 18:00:00,-70361.65
2050-02-24 19:00:00,-70011.42
2050-02-24 20:00:00,-69821.97
2050-02-24 21:00:00,-69816.91
2050-02-24 22:00:00,-69991.0
2050-02-24 23:00:00,-70234.67
2050-02-25 00:00:00,-70539.04
2050-02-25 01:00:00,-70665.21
2050-02-25 02:00:00,-70892.32
2050-02-25 03:00:00,-71014.76
2050-02-25 04:00:00,-71092.63
2050-02-25 05:00:00,-71110.84
2050-02-25 06:00:00,-71010.5
2050-02-25 07:00:00,-70894.84
2050-02-25 08:00:00,-70609.18
2050-02-25 09:00:00,-70564.76
2050-02-25 10:00:00,-67403.43
2050-02-25 11:00:00,-56150.94
2050-02-25 12:00:00,-51485.99
2050-02-25 13:00:00,-49319.84
2050-02-25 14:00:00,-49674.94
2050-02-25 15:00:00,-57837.98
2050-02-25 16:00:00,-69369.89
2050-02-25 17:00:00,-67920.33
2050-02-25 18:00:00,-66976.07
2050-02-25 19:00:00,-59850.78
2050-02-25 20:00:00,-67538.99
2050-02-25 21:00:00,-62867.38
2050-02-25 22:00:00,-55925.47
2050-02-25 23:00:00,-43679.78
2050-02-26 00:00:00,-38356.54
2050-02-26 01:00:00,-33812.26
2050-02-26 02:00:00,-33380.98
2050-02-26 03:00:00,-38173.5
2050-02-26 04:00:00,-42024.2
2050-02-26 05:00:00,-46769.82
2050-02-26 06:00:00,-50841.87
2050-02-26 07:00:00,-44218.11
2050-02-26 08:00:00,-43040.32
2050-02-26 09:00:00,-36386.72
2050-02-26 10:00:00,-40420.0
2050-02-26 11:00:00,-39794.92
2050-02-26 12:00:00,-32932.11
2050-02-26 13:00:00,-37890.38
2050-02-26 14:00:00,-38102.62
2050-02-26 15:00:00,-26144.59
2050-02-26 16:00:00,-29573.66
2050-02-26 17:00:00,-34059.11
2050-02-26 18:00:00,-37195.32
2050-02-26 19:00:00,-44785.25
2050-02-26 20:00:00,-57949.46
2050-02-26 21:00:00,-49429.02
2050-02-26 22:00:00,-44495.38
2050-02-26 23:00:00,-50369.18
2050-02-27 00:00:00,-51015.32
2050-02-27 01:00:00,-59956.09
2050-02-27 02:00:00,-51545.01
2050-02-27 03:00:00,-39979.0
2050-02-27 04:00:00,-30132.71
2050-02-27 05:00:00,-33864.66
2050-02-27 06:00:00,-37530.26
2050-02-27 07:00:00,-43238.98
2050-02-27 08:00:00,-47128.76
2050-02-27 09:00:00,-43724.78
2050-02-27 10:00:00,-41088.66
2050-02-27 11:00:00,-44240.86
2050-02-27 12:00:00,-43310.07
2050-02-27 13:00:00,-31780.93
2050-02-27 14:00:00,-36515.47
2050-02-27 15:00:00,-33068.69
2050-02-27 16:00:00,-41136.83
2050-02-27 17:00:00,-58527.03
2050-02-27 18:00:00,-63375.8
2050-02-27 19:00:00,-66937.49
2050-02-27 20:00:00,-68945.13
2050-02-27 21:00:00,-68700.4
2050-02-27 22:00:00,-67555.16
2050-02-27 23:00:00,-69682.42
2050-02-28 00:00:00,-69961.08
2050-02-28 01:00:00,-69142.62
2050-02-28 02:00:00,-58198.9
2050-02-28 03:00:00,-46887.1
2050-02-28 04:00:00,-54003.67
2050-02-28 05:00:00,-47136.08
2050-02-28 06:00:00,-48393.48
2050-02-28 07:00:00,-40785.98
2050-02-28 08:00:00,-48351.87
2050-02-28 09:00:00,-43268.58
2050-02-28 10:00:00,-47442.45
2050-02-28 11:00:00,-34045.17
2050-02-28 12:00:00,-25763.0
2050-02-28 13:00:00,-31795.26
2050-02-28 14:00:00,-39383.08
2050-02-28 15:00:00,-37480.22
2050-02-28 16:00:00,-43541.34
2050-02-28 17:00:00,-50569.88
2050-02-28 18:00:00,-44770.66
2050-02-28 19:00:00,-36261.63
2050-02-28 20:00:00,-42591.4
2050-02-28 21:00:00,-49217.1
2050-02-28 22:00:00,-41269.14
2050-02-28 23:00:00,-38040.05
2050-03-01 00:00:00,-40062.52
2050-03-01 01:00:00,-33983.68
2050-03-01 02:00:00,-28533.22
2050-03-01 03:00:00,-21869.1
2050-03-01 04:00:00,-29599.87
2050-03-01 05:00:00,-26723.68
2050-03-01 06:00:00,-22059.25
2050-03-01 07:00:00,-19385.76
2050-03-01 08:00:00,-19471.97
2050-03-01 09:00:00,-18550.76
2050-03-01 10:00:00,-18695.95
2050-03-01 11:00:00,-23599.33
2050-03-01 12:00:00,-32735.28
2050-03-01 13:00:00,-33790.94
2050-03-01 14:00:00,-29630.05
2050-03-01 15:00:00,-38213.58
2050-03-01 16:00:00,-50083.41
2050-03-01 17:00:00,-65366.34
2050-03-01 18:00:00,-62334.71
2050-03-01 19:00:00,-65901.76
2050-03-01 20:00:00,-66229.37
2050-03-01 21:00:00,-69442.66
2050-03-01 22:00:00,-69633.12
2050-03-01 23:00:00,-69835.88
2050-03-02 00:00:00,-70199.38
2050-03-02 01:00:00,-70329.3
2050-03-02 02:00:00,-70539.57
2050-03-02 03:00:00,-70635.33
2050-03-02 04:00:00,-70680.55
2050-03-02 05:00:00,-70667.5
2050-03-02 06:00:00,-70553.83
2050-03-02 07:00:00,-70457.02
2050-03-02 08:00:00,-70568.65
2050-03-02 09:00:00,-70709.0
2050-03-02 10:00:00,-70910.73
2050-03-02 11:00:00,-71101.7
2050-03-02 12:00:00,-71234.09
2050-03-02 13:00:00,-71363.08
2050-03-02 14:00:00,-71456.56
2050-03-02 15:00:00,-71477.7
2050-03-02 16:00:00,-71325.61
2050-03-02 17:00:00,-71059.04
2050-03-02 18:00:00,-70550.04
2050-03-02 19:00:00,-70236.57
2050-03-02 20:00:00,-70073.2
2050-03-02 21:00:00,-70090.94
2050-03-02 22:00:00,-70253.28
2050-03-02 23:00:00,-70487.27
2050-03-03 00:00:00,-70777.37
2050-03-03 01:00:00,-70904.96
2050-03-03 02:00:00,-68641.66
2050-03-03 03:00:00,-70606.82
2050-03-03 04:00:00,-65194.3
2050-03-03 05:00:00,-57587.72
2050-03-03 06:00:00,-67163.74
2050-03-03 07:00:00,-63398.29
2050-03-03 08:00:00,-49871.36
2050-03-03 09:00:00,-33119.66
2050-03-03 10:00:00,-26715.58
2050-03-03 11:00:00,-27407.93
2050-03-03 12:00:00,-21405.6
2050-03-03 13:00:00,-17828.82
2050-03-03 14:00:00,-15753.14
2050-03-03 15:00:00,-22672.28
2050-03-03 16:00:00,-30349.06
2050-03-03 17:00:00,-38573.02
2050-03-03 18:00:00,-62249.1
2050-03-03 19:00:00,-61472.68
2050-03-03 20:00:00,-56274.88
2050-03-03 21:00:00,-62962.57
2050-03-03 22:00:00,-65843.92
2050-03-03 23:00:00,-69767.23
2050-03-04 00:00:00,-70166.42
2050-03-04 01:00:00,-70286.31
2050-03-04 02:00:00,-70492.71
2050-03-04 03:00:00,-70585.88
2050-03-04 04:00:00,-67312.75
2050-03-04 05:00:00,-70617.59
2050-03-04 06:00:00,-70289.7
2050-03-04 07:00:00,-66909.7
2050-03-04 08:00:00,-61451.76
2050-03-04 09:00:00,-67148.34
2050-03-04 10:00:00,-62517.18
2050-03-04 11:00:00,-61471.91
2050-03-04 12:00:00,-58728.35
2050-03-04 13:00:00,-54231.06
2050-03-04 14:00:00,-64697.58
2050-03-04 15:00:00,-69062.68
2050-03-04 16:00:00,-71152.63
2050-03-04 17:00:00,-70266.18
2050-03-04 18:00:00,-69779.32
2050-03-04 19:00:00,-69754.34
2050-03-04 20:00:00,-68567.53
2050-03-04 21:00:00,-64142.22
2050-03-04 22:00:00,-67975.55
2050-03-04 23:00:00,-68333.38
2050-03-05 00:00:00,-69588.11
2050-03-05 01:00:00,-64505.25
2050-03-05 02:00:00,-65917.14
2050-03-05 03:00:00,-56697.8
2050-03-05 04:00:00,-53089.52
2050-03-05 05:00:00,-47964.99
2050-03-05 06:00:00,-44219.42
2050-03-05 07:00:00,-40448.66
2050-03-05 08:00:00,-34042.0
2050-03-05 09:00:00,-32852.34
2050-03-05 10:00:00,-32170.48
2050-03-05 11:00:00,-23750.68
2050-03-05 12:00:00,-15808.54
2050-03-05 13:00:00,-14867.7
2050-03-05 14:00:00,-14712.34
2050-03-05 15:00:00,-29636.7
2050-03-05 16:00:00,-34142.74
2050-03-05 17:00:00,-34425.41
2050-03-05 18:00:00,-34258.81
2050-03-05 19:00:00,-37303.02
2050-03-05 20:00:00,-35216.33
2050-03-05 21:00:00,-42441.26
2050-03-05 22:00:00,-42621.76
2050-03-05 23:00:00,-37895.77
2050-03-06 00:00:00,-39134.58
2050-03-06 01:00:00,-45870.89
2050-03-06 02:00:00,-32172.64
2050-03-06 03:00:00,-23790.76
2050-03-06 04:00:00,-28049.21
2050-03-06 05:00:00,-37566.46
2050-03-06 06:00:00,-34692.21
2050-03-06 07:00:00,-34892.87
2050-03-06 08:00:00,-31638.21
2050-03-06 09:00:00,-28488.58
2050-03-06 10:00:00,-25857.7
2050-03-06 11:00:00,-22371.84
2050-03-06 12:00:00,-11429.52
2050-03-06 13:00:00,-16461.7
2050-03-06 14:00:00,-25413.25
2050-03-06 15:00:00,-25689.2
2050-03-06 16:00:00,-26215.59
2050-03-06 17:00:00,-24656.9
2050-03-06 18:00:00,-26024.35
2050-03-06 19:00:00,-32385.91
2050-03-06 20:00:00,-45590.38
2050-03-06 21:00:00,-44096.46
2050-03-06 22:00:00,-47376.44
2050-03-06 23:00:00,-37201.73
2050-03-07 00:00:00,-34228.48
2050-03-07 01:00:00,-43329.95
2050-03-07 02:00:00,-47593.7
2050-03-07 03:00:00,-44946.77
2050-03-07 04:00:00,-47169.74
2050-03-07 05:00:00,-51381.38
2050-03-07 06:00:00,-46626.15
2050-03-07 07:00:00,-54966.59
2050-03-07 08:00:00,-59626.83
2050-03-07 09:00:00,-65347.98
2050-03-07 10:00:00,-70240.86
2050-03-07 11:00:00,-71401.13
2050-03-07 12:00:00,-71526.02
2050-03-07 13:00:00,-71593.61
2050-03-07 14:00:00,-71558.83
2050-03-07 15:00:00,-71489.47
2050-03-07 16:00:00,-71277.9
2050-03-07 17:00:00,-71022.86
2050-03-07 18:00:00,-70612.22
2050-03-07 19:00:00,-70501.06
2050-03-07 20:00:00,-70470.7
2050-03-07 21:00:00,-70510.19
2050-03-07 22:00:00,-70664.7
2050-03-07 23:00:00,-70869.77
2050-03-08 00:00:00,-71111.12
2050-03-08 01:00:00,-71052.22
2050-03-08 02:00:00,-68895.74
2050-03-08 03:00:00,-54999.48
2050-03-08 04:00:00,-49068.08
2050-03-08 05:00:00,-53527.92
2050-03-08 06:00:00,-43429.59
2050-03-08 07:00:00,-48294.96
2050-03-08 08:00:00,-44052.02
2050-03-08 09:00:00,-34264.51
2050-03-08 10:00:00,-42682.37
2050-03-08 11:00:00,-45046.74
2050-03-08 12:00:00,-41352.88
2050-03-08 13:00:00,-34306.84
2050-03-08 14:00:00,-32110.74
2050-03-08 15:00:00,-28636.34
2050-03-08 16:00:00,-36294.38
2050-03-08 17:00:00,-38194.89
2050-03-08 18:00:00,-35764.4
2050-03-08 19:00:00,-40667.56
2050-03-08 20:00:00,-39283.02
2050-03-08 21:00:00,-39741.78
2050-03-08 22:00:00,-48310.49
2050-03-08 23:00:00,-52312.33
2050-03-09 00:00:00,-40706.72
2050-03-09 01:00:00,-50053.94
2050-03-09 02:00:00,-50058.31
2050-03-09 03:00:00,-57433.7
2050-03-09 04:00:00,-55253.99
2050-03-09 05:00:00,-52411.63
2050-03-09 06:00:00,-54093.01
2050-03-09 07:00:00,-61506.25
2050-03-09 08:00:00,-58464.0
2050-03-09 09:00:00,-50288.96
2050-03-09 10:00:00,-47757.02
2050-03-09 11:00:00,-43390.32
2050-03-09 12:00:00,-45556.79
2050-03-09 13:00:00,-37478.47
2050-03-09 14:00:00,-29766.37
2050-03-09 15:00:00,-45365.24
2050-03-09 16:00:00,-52012.27
2050-03-09 17:00:00,-49508.71
2050-03-09 18:00:00,-61467.37
2050-03-09 19:00:00,-68108.96
2050-03-09 20:00:00,-69696.88
2050-03-09 21:00:00,-69144.49
2050-03-09 22:00:00,-68381.02
2050-03-09 23:00:00,-66038.59
2050-03-10 00:00:00,-63812.75
2050-03-10 01:00:00,-51108.84
2050-03-10 02:00:00,-48727.39
2050-03-10 03:00:00,-46418.98
2050-03-10 04:00:00,-60078.41
2050-03-10 05:00:00,-60626.88
2050-03-10 06:00:00,-61434.78
2050-03-10 07:00:00,-54276.16
2050-03-10 08:00:00,-61387.84
2050-03-10 09:00:00,-61790.55
2050-03-10 10:00:00,-45088.95
2050-03-10 11:00:00,-49799.52
2050-03-10 12:00:00,-47969.08
2050-03-10 13:00:00,-26403.45
2050-03-10 14:00:00,-38751.69
2050-03-10 15:00:00,-38231.79
2050-03-10 16:00:00,-39665.75
2050-03-10 17:00:00,-33025.48
2050-03-10 18:00:00,-40243.68
2050-03-10 19:00:00,-48052.9
2050-03-10 20:00:00,-56995.82
2050-03-10 21:00:00,-62940.42
2050-03-10 22:00:00,-68758.98
2050-03-10 23:00:00,-64211.79
2050-03-11 00:00:00,-58806.14
2050-03-11 01:00:00,-58720.37
2050-03-11 02:00:00,-54612.64
2050-03-11 03:00:00,-64712.24
2050-03-11 04:00:00,-53756.81
2050-03-11 05:00:00,-50288.89
2050-03-11 06:00:00,-58476.12
2050-03-11 07:00:00,-51922.52
2050-03-11 08:00:00,-40630.94
2050-03-11 09:00:00,-39665.75
2050-03-11 10:00:00,-36611.29
2050-03-11 11:00:00,-42279.9
2050-03-11 12:00:00,-37819.85
2050-03-11 13:00:00,-36495.24
2050-03-11 14:00:00,-43413.38
2050-03-11 15:00:00,-43584.8
2050-03-11 16:00:00,-44118.26
2050-03-11 17:00:00,-47975.14
2050-03-11 18:00:00,-59641.94
2050-03-11 19:00:00,-59691.21
2050-03-11 20:00:00,-63177.92
2050-03-11 21:00:00,-66279.66
2050-03-11 22:00:00,-62299.61
2050-03-11 23:00:00,-57869.52
2050-03-12 00:00:00,-54381.44
2050-03-12 01:00:00,-57457.34
2050-03-12 02:00:00,-66469.52
2050-03-12 03:00:00,-64157.64
2050-03-12 04:00:00,-63021.22
2050-03-12 05:00:00,-50489.06
2050-03-12 06:00:00,-49459.48
2050-03-12 07:00:00,-41956.69
2050-03-12 08:00:00,-26730.0
2050-03-12 09:00:00,-27922.99
2050-03-12 10:00:00,-33807.06
2050-03-12 11:00:00,-25492.46
2050-03-12 12:00:00,-34593.34
2050-03-12 13:00:00,-29385.63
2050-03-12 14:00:00,-30923.76
2050-03-12 15:00:00,-42180.58
2050-03-12 16:00:00,-61688.63
2050-03-12 17:00:00,-67328.87
2050-03-12 18:00:00,-68785.1
2050-03-12 19:00:00,-70072.42
2050-03-12 20:00:00,-70018.7
2050-03-12 21:00:00,-70155.66
2050-03-12 22:00:00,-70451.63
2050-03-12 23:00:00,-70787.01
2050-03-13 00:00:00,-71159.35
2050-03-13 01:00:00,-71346.18
2050-03-13 02:00:00,-71936.19
2050-03-13 03:00:00,-71762.61
2050-03-13 04:00:00,-71365.89
2050-03-13 05:00:00,-71425.12
2050-03-13 06:00:00,-69456.32
2050-03-13 07:00:00,-62732.85
2050-03-13 08:00:00,-51454.23
2050-03-13 09:00:00,-38414.44
2050-03-13 10:00:00,-30738.13
2050-03-13 11:00:00,-33269.48
2050-03-13 12:00:00,-26712.84
2050-03-13 13:00:00,-16585.79
2050-03-13 14:00:00,-14651.37
2050-03-13 15:00:00,-19859.78
2050-03-13 16:00:00,-18316.01
2050-03-13 17:00:00,-22839.82
2050-03-13 18:00:00,-32863.21
2050-03-13 19:00:00,-37893.56
2050-03-13 20:00:00,-55120.24
2050-03-13 21:00:00,-60997.2
2050-03-13 22:00:00,-53293.06
2050-03-13 23:00:00,-69492.46
2050-03-14 00:00:00,-71278.36
2050-03-14 01:00:00,-71575.28
2050-03-14 02:00:00,-71852.42
2050-03-14 03:00:00,-71987.63
2050-03-14 04:00:00,-72059.88
2050-03-14 05:00:00,-72081.81
2050-03-14 06:00:00,-71965.29
2050-03-14 07:00:00,-71848.28
2050-03-14 08:00:00,-71738.21
2050-03-14 09:00:00,-71636.34
2050-03-14 10:00:00,-71669.12
2050-03-14 11:00:00,-71644.88
2050-03-14 12:00:00,-71590.68
2050-03-14 13:00:00,-71557.98
2050-03-14 14:00:00,-71469.64
2050-03-14 15:00:00,-71318.57
2050-03-14 16:00:00,-71049.45
2050-03-14 17:00:00,-70780.24
2050-03-14 18:00:00,-70556.11
2050-03-14 19:00:00,-70444.22
2050-03-14 20:00:00,-70480.62
2050-03-14 21:00:00,-70622.52
2050-03-14 22:00:00,-70896.45
2050-03-14 23:00:00,-71198.33
2050-03-15 00:00:00,-71503.42
2050-03-15 01:00:00,-71603.53
2050-03-15 02:00:00,-71778.36
2050-03-15 03:00:00,-71844.49
2050-03-15 04:00:00,-71867.49
2050-03-15 05:00:00,-71833.55
2050-03-15 06:00:00,-71682.91
2050-03-15 07:00:00,-71551.25
2050-03-15 08:00:00,-71381.53
2050-03-15 09:00:00,-71227.66
2050-03-15 10:00:00,-71314.81
2050-03-15 11:00:00,-71297.7
2050-03-15 12:00:00,-71172.45
2050-03-15 13:00:00,-71281.94
2050-03-15 14:00:00,-69241.12
2050-03-15 15:00:00,-71188.24
2050-03-15 16:00:00,-71014.28
2050-03-15 17:00:00,-70757.68
2050-03-15 18:00:00,-70403.67
2050-03-15 19:00:00,-70089.91
2050-03-15 20:00:00,-69945.15
2050-03-15 21:00:00,-69989.35
2050-03-15 22:00:00,-69491.05
2050-03-15 23:00:00,-55596.36
2050-03-16 00:00:00,-61993.65
2050-03-16 01:00:00,-52124.48
2050-03-16 02:00:00,-49155.58
2050-03-16 03:00:00,-43874.34
2050-03-16 04:00:00,-44673.99
2050-03-16 05:00:00,-46471.29
2050-03-16 06:00:00,-46403.09
2050-03-16 07:00:00,-38460.78
2050-03-16 08:00:00,-30830.81
2050-03-16 09:00:00,-28844.03
2050-03-16 10:00:00,-25227.52
2050-03-16 11:00:00,-22827.04
2050-03-16 12:00:00,-23855.24
2050-03-16 13:00:00,-23723.5
2050-03-16 14:00:00,-25553.24
2050-03-16 15:00:00,-28029.5
2050-03-16 16:00:00,-35723.31
2050-03-16 17:00:00,-45668.2
2050-03-16 18:00:00,-52052.77
2050-03-16 19:00:00,-54898.56
2050-03-16 20:00:00,-46681.71
2050-03-16 21:00:00,-49379.12
2050-03-16 22:00:00,-47155.18
2050-03-16 23:00:00,-49649.56
2050-03-17 00:00:00,-45091.83
2050-03-17 01:00:00,-42484.76
2050-03-17 02:00:00,-42156.72
2050-03-17 03:00:00,-40581.52
2050-03-17 04:00:00,-35139.39
2050-03-17 05:00:00,-29045.31
2050-03-17 06:00:00,-22760.84
2050-03-17 07:00:00,-24404.16
2050-03-17 08:00:00,-14265.31
2050-03-17 09:00:00,-16005.14
2050-03-17 10:00:00,-16320.76
2050-03-17 11:00:00,-24236.88
2050-03-17 12:00:00,-30767.04
2050-03-17 13:00:00,-32243.17
2050-03-17 14:00:00,-25493.82
2050-03-17 15:00:00,-37009.59
2050-03-17 16:00:00,-30269.0
2050-03-17 17:00:00,-42283.47
2050-03-17 18:00:00,-44250.82
2050-03-17 19:00:00,-39095.2
2050-03-17 20:00:00,-42940.0
2050-03-17 21:00:00,-38399.9
2050-03-17 22:00:00,-58446.73
2050-03-17 23:00:00,-46323.88
2050-03-18 00:00:00,-38297.31
2050-03-18 01:00:00,-28162.75
2050-03-18 02:00:00,-28060.3
2050-03-18 03:00:00,-15993.02
2050-03-18 04:00:00,-21336.25
2050-03-18 05:00:00,-28634.18
2050-03-18 06:00:00,-28433.52
2050-03-18 07:00:00,-37350.1
2050-03-18 08:00:00,-30054.69
2050-03-18 09:00:00,-26809.72
2050-03-18 10:00:00,-21944.48
2050-03-18 11:00:00,-24051.53
2050-03-18 12:00:00,-24832.84
2050-03-18 13:00:00,-28096.96
2050-03-18 14:00:00,-26661.06
2050-03-18 15:00:00,-27397.55
2050-03-18 16:00:00,-26748.74
2050-03-18 17:00:00,-37992.84
2050-03-18 18:00:00,-41232.06
2050-03-18 19:00:00,-49116.46
2050-03-18 20:00:00,-50634.49
2050-03-18 21:00:00,-46917.55
2050-03-18 22:00:00,-35514.86
2050-03-18 23:00:00,-37008.85
2050-03-19 00:00:00,-35771.45
2050-03-19 01:00:00,-50545.6
2050-03-19 02:00:00,-50989.2
2050-03-19 03:00:00,-68037.91
2050-03-19 04:00:00,-66724.6
2050-03-19 05:00:00,-66344.68
2050-03-19 06:00:00,-59430.26
2050-03-19 07:00:00,-53527.99
2050-03-19 08:00:00,-51713.59
2050-03-19 09:00:00,-48334.87
2050-03-19 10:00:00,-46442.73
2050-03-19 11:00:00,-36669.08
2050-03-19 12:00:00,-29012.48
2050-03-19 13:00:00,-21170.92
2050-03-19 14:00:00,-26694.09
2050-03-19 15:00:00,-24845.18
2050-03-19 16:00:00,-23926.7
2050-03-19 17:00:00,-28108.05
2050-03-19 18:00:00,-24269.81
2050-03-19 19:00:00,-22877.31
2050-03-19 20:00:00,-16720.8
2050-03-19 21:00:00,-20910.38
2050-03-19 22:00:00,-13269.23
2050-03-19 23:00:00,-6182.6
2050-03-20 00:00:00,-8439.34
2050-03-20 01:00:00,-12520.58
2050-03-20 02:00:00,-14938.0
2050-03-20 03:00:00,-20540.64
2050-03-20 04:00:00,-25345.76
2050-03-20 05:00:00,-26640.56
2050-03-20 06:00:00,-26974.41
2050-03-20 07:00:00,-21931.29
2050-03-20 08:00:00,-19937.56
2050-03-20 09:00:00,-10523.25
2050-03-20 10:00:00,-11984.17
2050-03-20 11:00:00,-13857.66
2050-03-20 12:00:00,-18171.04
2050-03-20 13:00:00,-20999.72
2050-03-20 14:00:00,-38122.98
2050-03-20 15:00:00,-44548.82
2050-03-20 16:00:00,-56020.34
2050-03-20 17:00:00,-64068.1
2050-03-20 18:00:00,-66576.55
2050-03-20 19:00:00,-67543.29
2050-03-20 20:00:00,-66854.97
2050-03-20 21:00:00,-64989.82
2050-03-20 22:00:00,-66007.61
2050-03-20 23:00:00,-66850.52
2050-03-21 00:00:00,-59940.02
2050-03-21 01:00:00,-68413.3
2050-03-21 02:00:00,-69287.62
2050-03-21 03:00:00,-69173.88
2050-03-21 04:00:00,-62937.5
2050-03-21 05:00:00,-47677.84
2050-03-21 06:00:00,-41846.28
2050-03-21 07:00:00,-45525.5
2050-03-21 08:00:00,-37922.68
2050-03-21 09:00:00,-32261.78
2050-03-21 10:00:00,-29327.72
2050-03-21 11:00:00,-24959.88
2050-03-21 12:00:00,-20430.07
2050-03-21 13:00:00,-23867.61
2050-03-21 14:00:00,-29146.88
2050-03-21 15:00:00,-39245.3
2050-03-21 16:00:00,-44106.6
2050-03-21 17:00:00,-48557.98
2050-03-21 18:00:00,-57768.36
2050-03-21 19:00:00,-54184.37
2050-03-21 20:00:00,-63393.8
2050-03-21 21:00:00,-64281.84
2050-03-21 22:00:00,-67631.96
2050-03-21 23:00:00,-68444.67
2050-03-22 00:00:00,-66730.12
2050-03-22 01:00:00,-49266.32
2050-03-22 02:00:00,-55832.14
2050-03-22 03:00:00,-32055.91
2050-03-22 04:00:00,-52389.87
2050-03-22 05:00:00,-52588.2
2050-03-22 06:00:00,-62537.32
2050-03-22 07:00:00,-68638.57
2050-03-22 08:00:00,-68005.77
2050-03-22 09:00:00,-71272.12
2050-03-22 10:00:00,-68334.98
2050-03-22 11:00:00,-57014.82
2050-03-22 12:00:00,-58836.29
2050-03-22 13:00:00,-59033.69
2050-03-22 14:00:00,-69503.5
2050-03-22 15:00:00,-69421.88
2050-03-22 16:00:00,-68814.08
2050-03-22 17:00:00,-67682.1
2050-03-22 18:00:00,-63922.05
2050-03-22 19:00:00,-70302.18
2050-03-22 20:00:00,-70131.78
2050-03-22 21:00:00,-69781.31
2050-03-22 22:00:00,-70880.95
2050-03-22 23:00:00,-70977.58
2050-03-23 00:00:00,-70925.6
2050-03-23 01:00:00,-71756.12
2050-03-23 02:00:00,-72032.65
2050-03-23 03:00:00,-71818.0
2050-03-23 04:00:00,-71323.37
2050-03-23 05:00:00,-69323.24
2050-03-23 06:00:00,-68592.27
2050-03-23 07:00:00,-69235.37
2050-03-23 08:00:00,-63959.48
2050-03-23 09:00:00,-57227.2
2050-03-23 10:00:00,-46841.16
2050-03-23 11:00:00,-52365.9
2050-03-23 12:00:00,-55378.4
2050-03-23 13:00:00,-53575.78
2050-03-23 14:00:00,-50806.58
2050-03-23 15:00:00,-50372.16
2050-03-23 16:00:00,-47035.46
2050-03-23 17:00:00,-52856.3
2050-03-23 18:00:00,-53407.87
2050-03-23 19:00:00,-63666.14
2050-03-23 20:00:00,-65422.91
2050-03-23 21:00:00,-68625.87
2050-03-23 22:00:00,-70834.5
2050-03-23 23:00:00,-67160.78
2050-03-24 00:00:00,-70859.89
2050-03-24 01:00:00,-64475.47
2050-03-24 02:00:00,-62753.16
2050-03-24 03:00:00,-56038.33
2050-03-24 04:00:00,-50699.54
2050-03-24 05:00:00,-38319.92
2050-03-24 06:00:00,-42533.91
2050-03-24 07:00:00,-30897.19
2050-03-24 08:00:00,-25149.75
2050-03-24 09:00:00,-19495.25
2050-03-24 10:00:00,-22486.02
2050-03-24 11:00:00,-14685.0
2050-03-24 12:00:00,-15954.14
2050-03-24 13:00:00,-21057.52
2050-03-24 14:00:00,-26913.13
2050-03-24 15:00:00,-30277.65
2050-03-24 16:00:00,-37265.71
2050-03-24 17:00:00,-29655.29
2050-03-24 18:00:00,-36364.43
2050-03-24 19:00:00,-35776.73
2050-03-24 20:00:00,-26431.81
2050-03-24 21:00:00,-30553.17
2050-03-24 22:00:00,-31486.83
2050-03-24 23:00:00,-38979.93
2050-03-25 00:00:00,-60296.23
2050-03-25 01:00:00,-49782.44
2050-03-25 02:00:00,-47018.16
2050-03-25 03:00:00,-47556.52
2050-03-25 04:00:00,-47691.52
2050-03-25 05:00:00,-44833.83
2050-03-25 06:00:00,-39450.84
2050-03-25 07:00:00,-38196.59
2050-03-25 08:00:00,-37175.25
2050-03-25 09:00:00,-42683.24
2050-03-25 10:00:00,-53138.31
2050-03-25 11:00:00,-45681.98
2050-03-25 12:00:00,-44431.54
2050-03-25 13:00:00,-42439.23
2050-03-25 14:00:00,-49481.52
2050-03-25 15:00:00,-49201.2
2050-03-25 16:00:00,-54483.6
2050-03-25 17:00:00,-56712.99
2050-03-25 18:00:00,-45717.62
2050-03-25 19:00:00,-44666.09
2050-03-25 20:00:00,-45168.54
2050-03-25 21:00:00,-24691.7
2050-03-25 22:00:00,-41033.65
2050-03-25 23:00:00,-35907.93
2050-03-26 00:00:00,-48904.36
2050-03-26 01:00:00,-57338.0
2050-03-26 02:00:00,-64404.37
2050-03-26 03:00:00,-58775.15
2050-03-26 04:00:00,-58903.42
2050-03-26 05:00:00,-62291.56
2050-03-26 06:00:00,-59979.11
2050-03-26 07:00:00,-63578.35
2050-03-26 08:00:00,-60825.53
2050-03-26 09:00:00,-52916.41
2050-03-26 10:00:00,-60114.3
2050-03-26 11:00:00,-46704.01
2050-03-26 12:00:00,-40277.17
2050-03-26 13:00:00,-37248.56
2050-03-26 14:00:00,-47037.38
2050-03-26 15:00:00,-53565.14
2050-03-26 16:00:00,-51760.74
2050-03-26 17:00:00,-52286.92
2050-03-26 18:00:00,-53924.52
2050-03-26 19:00:00,-56560.18
2050-03-26 20:00:00,-59298.19
2050-03-26 21:00:00,-64950.5
2050-03-26 22:00:00,-56709.12
2050-03-26 23:00:00,-48835.66
2050-03-27 00:00:00,-36894.82
2050-03-27 01:00:00,-39001.83
2050-03-27 02:00:00,-41740.44
2050-03-27 03:00:00,-39471.96
2050-03-27 04:00:00,-41600.38
2050-03-27 05:00:00,-32281.14
2050-03-27 06:00:00,-34988.82
2050-03-27 07:00:00,-35297.93
2050-03-27 08:00:00,-27351.38
2050-03-27 09:00:00,-18070.88
2050-03-27 10:00:00,-15757.04
2050-03-27 11:00:00,-10518.32
2050-03-27 12:00:00,-13584.1
2050-03-27 13:00:00,-5558.74
2050-03-27 14:00:00,-9970.64
2050-03-27 15:00:00,-6743.98
2050-03-27 16:00:00,-7382.99
2050-03-27 17:00:00,-6813.04
2050-03-27 18:00:00,-9234.96
2050-03-27 19:00:00,-14445.11
2050-03-27 20:00:00,-17399.76
2050-03-27 21:00:00,-29492.41
2050-03-27 22:00:00,-21222.49
2050-03-27 23:00:00,-19730.84
2050-03-28 00:00:00,-40727.59
2050-03-28 01:00:00,-31642.61
2050-03-28 02:00:00,-45967.63
2050-03-28 03:00:00,-50436.52
2050-03-28 04:00:00,-44029.48
2050-03-28 05:00:00,-44389.11
2050-03-28 06:00:00,-48890.91
2050-03-28 07:00:00,-50998.82
2050-03-28 08:00:00,-40193.0
2050-03-28 09:00:00,-38600.63
2050-03-28 10:00:00,-34505.21
2050-03-28 11:00:00,-30937.76
2050-03-28 12:00:00,-30897.19
2050-03-28 13:00:00,-23049.11
2050-03-28 14:00:00,-40498.35
2050-03-28 15:00:00,-42902.49
2050-03-28 16:00:00,-36210.53
2050-03-28 17:00:00,-49774.09
2050-03-28 18:00:00,-70139.32
2050-03-28 19:00:00,-58593.1
2050-03-28 20:00:00,-66365.64
2050-03-28 21:00:00,-69744.77
2050-03-28 22:00:00,-69279.51
2050-03-28 23:00:00,-68228.78
2050-03-29 00:00:00,-68696.63
2050-03-29 01:00:00,-68856.22
2050-03-29 02:00:00,-63039.6
2050-03-29 03:00:00,-65034.56
2050-03-29 04:00:00,-68631.65
2050-03-29 05:00:00,-68635.03
2050-03-29 06:00:00,-67875.02
2050-03-29 07:00:00,-59443.22
2050-03-29 08:00:00,-53095.42
2050-03-29 09:00:00,-56475.72
2050-03-29 10:00:00,-45669.16
2050-03-29 11:00:00,-45363.1
2050-03-29 12:00:00,-40426.03
2050-03-29 13:00:00,-37771.8
2050-03-29 14:00:00,-43055.34
2050-03-29 15:00:00,-32555.17
2050-03-29 16:00:00,-41516.07
2050-03-29 17:00:00,-44582.12
2050-03-29 18:00:00,-43866.52
2050-03-29 19:00:00,-46632.59
2050-03-29 20:00:00,-50730.02
2050-03-29 21:00:00,-53693.72
2050-03-29 22:00:00,-51405.77
2050-03-29 23:00:00,-55876.84
2050-03-30 00:00:00,-48260.68
2050-03-30 01:00:00,-41848.44
2050-03-30 02:00:00,-49148.2
2050-03-30 03:00:00,-49205.64
2050-03-30 04:00:00,-48869.63
2050-03-30 05:00:00,-51289.42
2050-03-30 06:00:00,-46164.17
2050-03-30 07:00:00,-36373.25
2050-03-30 08:00:00,-29174.35
2050-03-30 09:00:00,-24549.45
2050-03-30 10:00:00,-22862.21
2050-03-30 11:00:00,-19050.86
2050-03-30 12:00:00,-20365.84
2050-03-30 13:00:00,-23094.62
2050-03-30 14:00:00,-24872.78
2050-03-30 15:00:00,-24412.29
2050-03-30 16:00:00,-36237.97
2050-03-30 17:00:00,-50247.95
2050-03-30 18:00:00,-47340.36
2050-03-30 19:00:00,-49697.3
2050-03-30 20:00:00,-47367.49
2050-03-30 21:00:00,-52098.23
2050-03-30 22:00:00,-60361.53
2050-03-30 23:00:00,-57119.9
2050-03-31 00:00:00,-57489.63
2050-03-31 01:00:00,-61108.72
2050-03-31 02:00:00,-70109.72
2050-03-31 03:00:00,-70732.15
2050-03-31 04:00:00,-71141.21
2050-03-31 05:00:00,-70687.86
2050-03-31 06:00:00,-71000.42
2050-03-31 07:00:00,-69943.97
2050-03-31 08:00:00,-71166.65
2050-03-31 09:00:00,-71044.34
2050-03-31 10:00:00,-69532.47
2050-03-31 11:00:00,-69606.62
2050-03-31 12:00:00,-63617.61
2050-03-31 13:00:00,-68247.9
2050-03-31 14:00:00,-71436.99
2050-03-31 15:00:00,-71392.89
2050-03-31 16:00:00,-71206.98
2050-03-31 17:00:00,-70987.89
2050-03-31 18:00:00,-70664.19
2050-03-31 19:00:00,-70387.35
2050-03-31 20:00:00,-70355.26
2050-03-31 21:00:00,-70398.38
2050-03-31 22:00:00,-70588.63
2050-03-31 23:00:00,-70834.8
2050-04-01 00:00:00,-71007.83
2050-04-01 01:00:00,-71112.29
2050-04-01 02:00:00,-71313.78
2050-04-01 03:00:00,-71397.6
2050-04-01 04:00:00,-71440.2
2050-04-01 05:00:00,-71426.96
2050-04-01 06:00:00,-71305.52
2050-04-01 07:00:00,-71182.9
2050-04-01 08:00:00,-71145.5
2050-04-01 09:00:00,-71013.03
2050-04-01 10:00:00,-71063.47
2050-04-01 11:00:00,-71509.51
2050-04-01 12:00:00,-71517.34
2050-04-01 13:00:00,-71488.54
2050-04-01 14:00:00,-70113.3
2050-04-01 15:00:00,-69843.03
2050-04-01 16:00:00,-70669.58
2050-04-01 17:00:00,-68738.07
2050-04-01 18:00:00,-63426.5
2050-04-01 19:00:00,-68791.15
2050-04-01 20:00:00,-62696.68
2050-04-01 21:00:00,-62835.31
2050-04-01 22:00:00,-40513.87
2050-04-01 23:00:00,-52781.04
2050-04-02 00:00:00,-62142.61
2050-04-02 01:00:00,-59989.99
2050-04-02 02:00:00,-61095.83
2050-04-02 03:00:00,-66349.58
2050-04-02 04:00:00,-63238.51
2050-04-02 05:00:00,-71325.86
2050-04-02 06:00:00,-70895.33
2050-04-02 07:00:00,-69630.78
2050-04-02 08:00:00,-60059.67
2050-04-02 09:00:00,-50071.84
2050-04-02 10:00:00,-40736.48
2050-04-02 11:00:00,-39845.24
2050-04-02 12:00:00,-36926.46
2050-04-02 13:00:00,-37490.22
2050-04-02 14:00:00,-43620.26
2050-04-02 15:00:00,-42371.78
2050-04-02 16:00:00,-45570.23
2050-04-02 17:00:00,-54613.21
2050-04-02 18:00:00,-52679.79
2050-04-02 19:00:00,-45432.08
2050-04-02 20:00:00,-49478.75
2050-04-02 21:00:00,-40964.25
2050-04-02 22:00:00,-47883.14
2050-04-02 23:00:00,-65937.57
2050-04-03 00:00:00,-68464.18
2050-04-03 01:00:00,-68810.26
2050-04-03 02:00:00,-67109.27
2050-04-03 03:00:00,-63317.19
2050-04-03 04:00:00,-55835.68
2050-04-03 05:00:00,-64255.82
2050-04-03 06:00:00,-67049.95
2050-04-03 07:00:00,-59771.51
2050-04-03 08:00:00,-57357.53
2050-04-03 09:00:00,-64705.92
2050-04-03 10:00:00,-55859.86
2050-04-03 11:00:00,-54704.0
2050-04-03 12:00:00,-64236.15
2050-04-03 13:00:00,-50339.19
2050-04-03 14:00:00,-61641.42
2050-04-03 15:00:00,-57906.49
2050-04-03 16:00:00,-63310.26
2050-04-03 17:00:00,-68028.46
2050-04-03 18:00:00,-68383.12
2050-04-03 19:00:00,-60050.69
2050-04-03 20:00:00,-52303.54
2050-04-03 21:00:00,-67061.13
2050-04-03 22:00:00,-69610.96
2050-04-03 23:00:00,-61052.14
2050-04-04 00:00:00,-64546.1
2050-04-04 01:00:00,-68598.98
2050-04-04 02:00:00,-71349.09
2050-04-04 03:00:00,-72107.97
2050-04-04 04:00:00,-72211.25
2050-04-04 05:00:00,-72237.87
2050-04-04 06:00:00,-72146.21
2050-04-04 07:00:00,-71320.68
2050-04-04 08:00:00,-68624.97
2050-04-04 09:00:00,-65366.24
2050-04-04 10:00:00,-68889.66
2050-04-04 11:00:00,-68007.14
2050-04-04 12:00:00,-60758.96
2050-04-04 13:00:00,-37109.4
2050-04-04 14:00:00,-26889.16
2050-04-04 15:00:00,-29408.44
2050-04-04 16:00:00,-26287.71
2050-04-04 17:00:00,-32894.24
2050-04-04 18:00:00,-57336.34
2050-04-04 19:00:00,-46889.43
2050-04-04 20:00:00,-36564.54
2050-04-04 21:00:00,-50408.66
2050-04-04 22:00:00,-56764.0
2050-04-04 23:00:00,-65997.94
2050-04-05 00:00:00,-66844.58
2050-04-05 01:00:00,-46621.22
2050-04-05 02:00:00,-33947.94
2050-04-05 03:00:00,-29286.68
2050-04-05 04:00:00,-34754.42
2050-04-05 05:00:00,-41795.45
2050-04-05 06:00:00,-43389.59
2050-04-05 07:00:00,-47575.76
2050-04-05 08:00:00,-44730.3
2050-04-05 09:00:00,-35857.81
2050-04-05 10:00:00,-31128.98
2050-04-05 11:00:00,-35400.8
2050-04-05 12:00:00,-35627.72
2050-04-05 13:00:00,-48534.37
2050-04-05 14:00:00,-60039.0
2050-04-05 15:00:00,-61696.76
2050-04-05 16:00:00,-58806.11
2050-04-05 17:00:00,-66008.62
2050-04-05 18:00:00,-65898.51
2050-04-05 19:00:00,-66587.08
2050-04-05 20:00:00,-69807.82
2050-04-05 21:00:00,-70087.18
2050-04-05 22:00:00,-70508.31
2050-04-05 23:00:00,-50579.43
2050-04-06 00:00:00,-46828.24
2050-04-06 01:00:00,-30784.38
2050-04-06 02:00:00,-25068.7
2050-04-06 03:00:00,-31699.81
2050-04-06 04:00:00,-31692.65
2050-04-06 05:00:00,-41824.94
2050-04-06 06:00:00,-32850.8
2050-04-06 07:00:00,-37935.92
2050-04-06 08:00:00,-32907.13
2050-04-06 09:00:00,-35236.05
2050-04-06 10:00:00,-34822.35
2050-04-06 11:00:00,-47188.57
2050-04-06 12:00:00,-50461.12
2050-04-06 13:00:00,-38687.78
2050-04-06 14:00:00,-44841.2
2050-04-06 15:00:00,-61725.69
2050-04-06 16:00:00,-68722.09
2050-04-06 17:00:00,-68374.34
2050-04-06 18:00:00,-69562.55
2050-04-06 19:00:00,-67178.95
2050-04-06 20:00:00,-68841.0
2050-04-06 21:00:00,-69132.28
2050-04-06 22:00:00,-69872.34
2050-04-06 23:00:00,-69402.08
2050-04-07 00:00:00,-61095.0
2050-04-07 01:00:00,-68781.76
2050-04-07 02:00:00,-69566.18
2050-04-07 03:00:00,-67712.1
2050-04-07 04:00:00,-62092.46
2050-04-07 05:00:00,-57549.21
2050-04-07 06:00:00,-68455.13
2050-04-07 07:00:00,-62058.02
2050-04-07 08:00:00,-52811.63
2050-04-07 09:00:00,-42486.98
2050-04-07 10:00:00,-51782.64
2050-04-07 11:00:00,-35479.16
2050-04-07 12:00:00,-31130.3
2050-04-07 13:00:00,-43296.34
2050-04-07 14:00:00,-57598.02
2050-04-07 15:00:00,-52287.94
2050-04-07 16:00:00,-61538.82
2050-04-07 17:00:00,-66569.91
2050-04-07 18:00:00,-65334.83
2050-04-07 19:00:00,-67467.55
2050-04-07 20:00:00,-67618.87
2050-04-07 21:00:00,-69461.58
2050-04-07 22:00:00,-64885.24
2050-04-07 23:00:00,-68701.14
2050-04-08 00:00:00,-69972.9
2050-04-08 01:00:00,-56685.26
2050-04-08 02:00:00,-49421.96
2050-04-08 03:00:00,-68064.0
2050-04-08 04:00:00,-64770.76
2050-04-08 05:00:00,-69482.0
2050-04-08 06:00:00,-64865.83
2050-04-08 07:00:00,-67058.88
2050-04-08 08:00:00,-59959.42
2050-04-08 09:00:00,-45281.06
2050-04-08 10:00:00,-43365.07
2050-04-08 11:00:00,-28394.35
2050-04-08 12:00:00,-23742.08
2050-04-08 13:00:00,-23874.57
2050-04-08 14:00:00,-33121.78
2050-04-08 15:00:00,-34383.56
2050-04-08 16:00:00,-37370.58
2050-04-08 17:00:00,-44196.58
2050-04-08 18:00:00,-51023.26
2050-04-08 19:00:00,-50768.28
2050-04-08 20:00:00,-47227.01
2050-04-08 21:00:00,-43070.94
2050-04-08 22:00:00,-43290.12
2050-04-08 23:00:00,-30995.86
2050-04-09 00:00:00,-32490.16
2050-04-09 01:00:00,-34867.71
2050-04-09 02:00:00,-24077.4
2050-04-09 03:00:00,-15827.68
2050-04-09 04:00:00,-11924.16
2050-04-09 05:00:00,-8866.28
2050-04-09 06:00:00,-12891.26
2050-04-09 07:00:00,-25757.78
2050-04-09 08:00:00,-23191.9
2050-04-09 09:00:00,-23537.19
2050-04-09 10:00:00,-21890.41
2050-04-09 11:00:00,-35015.49
2050-04-09 12:00:00,-23485.2
2050-04-09 13:00:00,-23973.52
2050-04-09 14:00:00,-41857.03
2050-04-09 15:00:00,-44255.37
2050-04-09 16:00:00,-34602.3
2050-04-09 17:00:00,-38657.66
2050-04-09 18:00:00,-33943.94
2050-04-09 19:00:00,-27497.55
2050-04-09 20:00:00,-26655.37
2050-04-09 21:00:00,-35254.45
2050-04-09 22:00:00,-36157.81
2050-04-09 23:00:00,-34499.25
2050-04-10 00:00:00,-32832.57
2050-04-10 01:00:00,-25975.82
2050-04-10 02:00:00,-23641.88
2050-04-10 03:00:00,-23865.31
2050-04-10 04:00:00,-24580.91
2050-04-10 05:00:00,-20188.71
2050-04-10 06:00:00,-23706.42
2050-04-10 07:00:00,-23841.0
2050-04-10 08:00:00,-18584.55
2050-04-10 09:00:00,-25736.12
2050-04-10 10:00:00,-25174.68
2050-04-10 11:00:00,-28572.87
2050-04-10 12:00:00,-40271.68
2050-04-10 13:00:00,-38645.72
2050-04-10 14:00:00,-45755.9
2050-04-10 15:00:00,-52054.65
2050-04-10 16:00:00,-58970.2
2050-04-10 17:00:00,-67336.16
2050-04-10 18:00:00,-69022.6
2050-04-10 19:00:00,-70428.65
2050-04-10 20:00:00,-70356.24
2050-04-10 21:00:00,-70432.33
2050-04-10 22:00:00,-70639.84
2050-04-10 23:00:00,-62509.0
2050-04-11 00:00:00,-60374.39
2050-04-11 01:00:00,-60932.31
2050-04-11 02:00:00,-53557.84
2050-04-11 03:00:00,-47976.66
2050-04-11 04:00:00,-50259.31
2050-04-11 05:00:00,-50597.99
2050-04-11 06:00:00,-46392.66
2050-04-11 07:00:00,-40655.5
2050-04-11 08:00:00,-39089.47
2050-04-11 09:00:00,-39443.04
2050-04-11 10:00:00,-40498.14
2050-04-11 11:00:00,-34878.94
2050-04-11 12:00:00,-36924.67
2050-04-11 13:00:00,-39306.68
2050-04-11 14:00:00,-42644.82
2050-04-11 15:00:00,-61868.37
2050-04-11 16:00:00,-67533.26
2050-04-11 17:00:00,-69630.88
2050-04-11 18:00:00,-69828.68
2050-04-11 19:00:00,-69904.29
2050-04-11 20:00:00,-70062.36
2050-04-11 21:00:00,-70345.7
2050-04-11 22:00:00,-70732.44
2050-04-11 23:00:00,-70670.46
2050-04-12 00:00:00,-70192.07
2050-04-12 01:00:00,-69876.99
2050-04-12 02:00:00,-60851.85
2050-04-12 03:00:00,-68855.99
2050-04-12 04:00:00,-63437.37
2050-04-12 05:00:00,-54476.34
2050-04-12 06:00:00,-47598.36
2050-04-12 07:00:00,-49790.31
2050-04-12 08:00:00,-39843.82
2050-04-12 09:00:00,-30132.69
2050-04-12 10:00:00,-24998.3
2050-04-12 11:00:00,-34628.51
2050-04-12 12:00:00,-43174.11
2050-04-12 13:00:00,-31707.65
2050-04-12 14:00:00,-31894.17
2050-04-12 15:00:00,-35064.56
2050-04-12 16:00:00,-36890.32
2050-04-12 17:00:00,-34140.02
2050-04-12 18:00:00,-47946.47
2050-04-12 19:00:00,-67011.03
2050-04-12 20:00:00,-70300.74
2050-04-12 21:00:00,-70465.97
2050-04-12 22:00:00,-70762.42
2050-04-12 23:00:00,-71098.42
2050-04-13 00:00:00,-71421.11
2050-04-13 01:00:00,-71501.67
2050-04-13 02:00:00,-70996.59
2050-04-13 03:00:00,-65601.28
2050-04-13 04:00:00,-62805.78
2050-04-13 05:00:00,-56413.04
2050-04-13 06:00:00,-58110.48
2050-04-13 07:00:00,-68346.69
2050-04-13 08:00:00,-67179.29
2050-04-13 09:00:00,-69148.53
2050-04-13 10:00:00,-60900.33
2050-04-13 11:00:00,-68772.44
2050-04-13 12:00:00,-51563.64
2050-04-13 13:00:00,-58337.7
2050-04-13 14:00:00,-58611.36
2050-04-13 15:00:00,-62018.52
2050-04-13 16:00:00,-67822.48
2050-04-13 17:00:00,-70572.89
2050-04-13 18:00:00,-67345.94
2050-04-13 19:00:00,-61806.79
2050-04-13 20:00:00,-70344.41
2050-04-13 21:00:00,-70113.44
2050-04-13 22:00:00,-70766.06
2050-04-13 23:00:00,-71100.0
2050-04-14 00:00:00,-70417.42
2050-04-14 01:00:00,-67916.62
2050-04-14 02:00:00,-52741.16
2050-04-14 03:00:00,-60135.69
2050-04-14 04:00:00,-59065.8
2050-04-14 05:00:00,-61229.08
2050-04-14 06:00:00,-61829.87
2050-04-14 07:00:00,-38994.0
2050-04-14 08:00:00,-27961.58
2050-04-14 09:00:00,-25627.37
2050-04-14 10:00:00,-23896.37
2050-04-14 11:00:00,-17205.88
2050-04-14 12:00:00,-13842.0
2050-04-14 13:00:00,-21190.88
2050-04-14 14:00:00,-19826.84
2050-04-14 15:00:00,-32341.03
2050-04-14 16:00:00,-29251.69
2050-04-14 17:00:00,-41839.36
2050-04-14 18:00:00,-60246.08
2050-04-14 19:00:00,-69073.31
2050-04-14 20:00:00,-62429.3
2050-04-14 21:00:00,-65789.51
2050-04-14 22:00:00,-67160.19
2050-04-14 23:00:00,-64795.27
2050-04-15 00:00:00,-70913.16
2050-04-15 01:00:00,-69352.4
2050-04-15 02:00:00,-68594.74
2050-04-15 03:00:00,-68453.28
2050-04-15 04:00:00,-68324.51
2050-04-15 05:00:00,-67464.27
2050-04-15 06:00:00,-47405.82
2050-04-15 07:00:00,-36027.86
2050-04-15 08:00:00,-24841.24
2050-04-15 09:00:00,-26341.31
2050-04-15 10:00:00,-28237.64
2050-04-15 11:00:00,-35069.06
2050-04-15 12:00:00,-28260.08
2050-04-15 13:00:00,-34129.44
2050-04-15 14:00:00,-36026.11
2050-04-15 15:00:00,-65824.46
2050-04-15 16:00:00,-58322.63
2050-04-15 17:00:00,-56738.87
2050-04-15 18:00:00,-53887.32
2050-04-15 19:00:00,-60609.77
2050-04-15 20:00:00,-61533.97
2050-04-15 21:00:00,-68576.17
2050-04-15 22:00:00,-70327.36
2050-04-15 23:00:00,-64719.58
2050-04-16 00:00:00,-57001.82
2050-04-16 01:00:00,-63435.6
2050-04-16 02:00:00,-65677.96
2050-04-16 03:00:00,-70418.08
2050-04-16 04:00:00,-71249.36
2050-04-16 05:00:00,-62319.09
2050-04-16 06:00:00,-69323.44
2050-04-16 07:00:00,-71216.2
2050-04-16 08:00:00,-65605.9
2050-04-16 09:00:00,-63356.01
2050-04-16 10:00:00,-64974.8
2050-04-16 11:00:00,-61798.24
2050-04-16 12:00:00,-60622.27
2050-04-16 13:00:00,-61951.54
2050-04-16 14:00:00,-46164.33
2050-04-16 15:00:00,-53967.2
2050-04-16 16:00:00,-55905.0
2050-04-16 17:00:00,-60707.54
2050-04-16 18:00:00,-53210.42
2050-04-16 19:00:00,-70333.6
2050-04-16 20:00:00,-70309.76
2050-04-16 21:00:00,-70449.43
2050-04-16 22:00:00,-69243.16
2050-04-16 23:00:00,-64037.62
2050-04-17 00:00:00,-47992.08
2050-04-17 01:00:00,-47461.68
2050-04-17 02:00:00,-48575.34
2050-04-17 03:00:00,-51241.58
2050-04-17 04:00:00,-36673.0
2050-04-17 05:00:00,-27213.78
2050-04-17 06:00:00,-35402.7
2050-04-17 07:00:00,-40923.98
2050-04-17 08:00:00,-26173.43
2050-04-17 09:00:00,-14966.98
2050-04-17 10:00:00,-21077.48
2050-04-17 11:00:00,-22463.78
2050-04-17 12:00:00,-16685.06
2050-04-17 13:00:00,-15998.87
2050-04-17 14:00:00,-22334.98
2050-04-17 15:00:00,-15478.64
2050-04-17 16:00:00,-19731.46
2050-04-17 17:00:00,-27457.5
2050-04-17 18:00:00,-36308.3
2050-04-17 19:00:00,-49220.34
2050-04-17 20:00:00,-36316.63
2050-04-17 21:00:00,-44843.3
2050-04-17 22:00:00,-40940.97
2050-04-17 23:00:00,-41488.7
2050-04-18 00:00:00,-35981.72
2050-04-18 01:00:00,-43017.66
2050-04-18 02:00:00,-28051.65
2050-04-18 03:00:00,-29641.68
2050-04-18 04:00:00,-21204.48
2050-04-18 05:00:00,-24485.44
2050-04-18 06:00:00,-21886.68
2050-04-18 07:00:00,-23344.54
2050-04-18 08:00:00,-14634.04
2050-04-18 09:00:00,-13920.52
2050-04-18 10:00:00,-25220.73
2050-04-18 11:00:00,-23335.96
2050-04-18 12:00:00,-16667.57
2050-04-18 13:00:00,-9836.82
2050-04-18 14:00:00,-24250.77
2050-04-18 15:00:00,-33352.38
2050-04-18 16:00:00,-54008.5
2050-04-18 17:00:00,-50673.21
2050-04-18 18:00:00,-62942.23
2050-04-18 19:00:00,-69757.55
2050-04-18 20:00:00,-70225.37
2050-04-18 21:00:00,-68287.05
2050-04-18 22:00:00,-70217.2
2050-04-18 23:00:00,-70562.31
2050-04-19 00:00:00,-70909.26
2050-04-19 01:00:00,-71204.19
2050-04-19 02:00:00,-70505.02
2050-04-19 03:00:00,-58517.91
2050-04-19 04:00:00,-47561.51
2050-04-19 05:00:00,-46261.95
2050-04-19 06:00:00,-53508.77
2050-04-19 07:00:00,-53334.34
2050-04-19 08:00:00,-54471.54
2050-04-19 09:00:00,-34327.16
2050-04-19 10:00:00,-53911.08
2050-04-19 11:00:00,-47170.27
2050-04-19 12:00:00,-53138.74
2050-04-19 13:00:00,-52261.47
2050-04-19 14:00:00,-60384.63
2050-04-19 15:00:00,-58256.32
2050-04-19 16:00:00,-66486.69
2050-04-19 17:00:00,-67455.03
2050-04-19 18:00:00,-69844.84
2050-04-19 19:00:00,-70341.95
2050-04-19 20:00:00,-70336.32
2050-04-19 21:00:00,-68080.31
2050-04-19 22:00:00,-67264.4
2050-04-19 23:00:00,-69130.96
2050-04-20 00:00:00,-71405.68
2050-04-20 01:00:00,-71494.5
2050-04-20 02:00:00,-71398.58
2050-04-20 03:00:00,-71716.9
2050-04-20 04:00:00,-71696.6
2050-04-20 05:00:00,-69585.22
2050-04-20 06:00:00,-71519.27
2050-04-20 07:00:00,-71411.24
2050-04-20 08:00:00,-70799.18
2050-04-20 09:00:00,-68141.99
2050-04-20 10:00:00,-67699.06
2050-04-20 11:00:00,-48170.08
2050-04-20 12:00:00,-62628.43
2050-04-20 13:00:00,-47794.64
2050-04-20 14:00:00,-55564.07
2050-04-20 15:00:00,-40040.9
2050-04-20 16:00:00,-33639.62
2050-04-20 17:00:00,-31962.71
2050-04-20 18:00:00,-44867.48
2050-04-20 19:00:00,-46977.64
2050-04-20 20:00:00,-46399.41
2050-04-20 21:00:00,-43576.59
2050-04-20 22:00:00,-41916.16
2050-04-20 23:00:00,-49380.28
2050-04-21 00:00:00,-51679.45
2050-04-21 01:00:00,-47508.9
2050-04-21 02:00:00,-41558.82
2050-04-21 03:00:00,-46526.34
2050-04-21 04:00:00,-46469.65
2050-04-21 05:00:00,-36118.09
2050-04-21 06:00:00,-44499.18
2050-04-21 07:00:00,-38831.41
2050-04-21 08:00:00,-49703.26
2050-04-21 09:00:00,-49620.05
2050-04-21 10:00:00,-53946.28
2050-04-21 11:00:00,-61228.3
2050-04-21 12:00:00,-60945.28
2050-04-21 13:00:00,-54848.28
2050-04-21 14:00:00,-55029.74
2050-04-21 15:00:00,-53935.14
2050-04-21 16:00:00,-41061.26
2050-04-21 17:00:00,-58481.54
2050-04-21 18:00:00,-69273.52
2050-04-21 19:00:00,-70053.96
2050-04-21 20:00:00,-69318.8
2050-04-21 21:00:00,-64437.13
2050-04-21 22:00:00,-43300.18
2050-04-21 23:00:00,-39909.36
2050-04-22 00:00:00,-33467.83
2050-04-22 01:00:00,-43725.36
2050-04-22 02:00:00,-43348.56
2050-04-22 03:00:00,-39357.58
2050-04-22 04:00:00,-33542.78
2050-04-22 05:00:00,-35285.94
2050-04-22 06:00:00,-39360.98
2050-04-22 07:00:00,-32747.41
2050-04-22 08:00:00,-35844.38
2050-04-22 09:00:00,-37348.46
2050-04-22 10:00:00,-42518.08
2050-04-22 11:00:00,-43599.58
2050-04-22 12:00:00,-48062.79
2050-04-22 13:00:00,-52959.22
2050-04-22 14:00:00,-55831.14
2050-04-22 15:00:00,-54728.7
2050-04-22 16:00:00,-69818.76
2050-04-22 17:00:00,-66391.45
2050-04-22 18:00:00,-49102.56
2050-04-22 19:00:00,-53678.5
2050-04-22 20:00:00,-56172.39
2050-04-22 21:00:00,-55274.27
2050-04-22 22:00:00,-44992.79
2050-04-22 23:00:00,-40690.4
2050-04-23 00:00:00,-53273.5
2050-04-23 01:00:00,-57229.13
2050-04-23 02:00:00,-50922.58
2050-04-23 03:00:00,-38470.98
2050-04-23 04:00:00,-43416.46
2050-04-23 05:00:00,-35001.48
2050-04-23 06:00:00,-33423.2
2050-04-23 07:00:00,-15671.39
2050-04-23 08:00:00,-20150.81
2050-04-23 09:00:00,-14565.72
2050-04-23 10:00:00,-5386.67
2050-04-23 11:00:00,-5744.77
2050-04-23 12:00:00,-3433.16
2050-04-23 13:00:00,-2702.24
2050-04-23 14:00:00,-4749.59
2050-04-23 15:00:00,-8608.36
2050-04-23 16:00:00,-17238.71
2050-04-23 17:00:00,-14921.94
2050-04-23 18:00:00,-24096.76
2050-04-23 19:00:00,-31886.0
2050-04-23 20:00:00,-47351.58
2050-04-23 21:00:00,-55942.94
2050-04-23 22:00:00,-59300.56
2050-04-23 23:00:00,-60518.36
2050-04-24 00:00:00,-54363.06
2050-04-24 01:00:00,-47795.88
2050-04-24 02:00:00,-55481.3
2050-04-24 03:00:00,-47621.46
2050-04-24 04:00:00,-50214.72
2050-04-24 05:00:00,-42354.77
2050-04-24 06:00:00,-45964.64
2050-04-24 07:00:00,-47120.87
2050-04-24 08:00:00,-42597.08
2050-04-24 09:00:00,-41644.13
2050-04-24 10:00:00,-43506.56
2050-04-24 11:00:00,-34272.06
2050-04-24 12:00:00,-29334.14
2050-04-24 13:00:00,-33156.1
2050-04-24 14:00:00,-31518.27
2050-04-24 15:00:00,-24729.74
2050-04-24 16:00:00,-31860.25
2050-04-24 17:00:00,-38381.64
2050-04-24 18:00:00,-43328.86
2050-04-24 19:00:00,-57346.73
2050-04-24 20:00:00,-49948.3
2050-04-24 21:00:00,-38993.56
2050-04-24 22:00:00,-32007.4
2050-04-24 23:00:00,-28239.46
2050-04-25 00:00:00,-36601.8
2050-04-25 01:00:00,-38206.32
2050-04-25 02:00:00,-35531.82
2050-04-25 03:00:00,-30998.16
2050-04-25 04:00:00,-32810.42
2050-04-25 05:00:00,-32639.98
2050-04-25 06:00:00,-31734.08
2050-04-25 07:00:00,-43309.1
2050-04-25 08:00:00,-44791.75
2050-04-25 09:00:00,-36906.96
2050-04-25 10:00:00,-33644.75
2050-04-25 11:00:00,-25708.28
2050-04-25 12:00:00,-27955.85
2050-04-25 13:00:00,-23355.8
2050-04-25 14:00:00,-16541.7
2050-04-25 15:00:00,-14516.8
2050-04-25 16:00:00,-31881.3
2050-04-25 17:00:00,-27311.06
2050-04-25 18:00:00,-26320.9
2050-04-25 19:00:00,-22939.8
2050-04-25 20:00:00,-24115.7
2050-04-25 21:00:00,-34586.33
2050-04-25 22:00:00,-38654.79
2050-04-25 23:00:00,-54333.89
2050-04-26 00:00:00,-64954.4
2050-04-26 01:00:00,-47319.01
2050-04-26 02:00:00,-51714.89
2050-04-26 03:00:00,-60909.8
2050-04-26 04:00:00,-53827.66
2050-04-26 05:00:00,-47932.7
2050-04-26 06:00:00,-51356.05
2050-04-26 07:00:00,-49229.14
2050-04-26 08:00:00,-50878.1
2050-04-26 09:00:00,-62924.65
2050-04-26 10:00:00,-56642.69
2050-04-26 11:00:00,-63713.9
2050-04-26 12:00:00,-42042.48
2050-04-26 13:00:00,-26010.44
2050-04-26 14:00:00,-25188.31
2050-04-26 15:00:00,-32907.42
2050-04-26 16:00:00,-22100.02
2050-04-26 17:00:00,-40618.48
2050-04-26 18:00:00,-46164.68
2050-04-26 19:00:00,-29761.88
2050-04-26 20:00:00,-32061.32
2050-04-26 21:00:00,-24201.38
2050-04-26 22:00:00,-33621.32
2050-04-26 23:00:00,-38254.45
2050-04-27 00:00:00,-36430.67
2050-04-27 01:00:00,-36742.75
2050-04-27 02:00:00,-31656.38
2050-04-27 03:00:00,-26793.83
2050-04-27 04:00:00,-30328.96
2050-04-27 05:00:00,-28669.29
2050-04-27 06:00:00,-33434.81
2050-04-27 07:00:00,-35271.26
2050-04-27 08:00:00,-27097.65
2050-04-27 09:00:00,-24916.69
2050-04-27 10:00:00,-35103.74
2050-04-27 11:00:00,-26299.72
2050-04-27 12:00:00,-21153.94
2050-04-27 13:00:00,-25492.65
2050-04-27 14:00:00,-17596.74
2050-04-27 15:00:00,-14219.88
2050-04-27 16:00:00,-26665.76
2050-04-27 17:00:00,-20833.95
2050-04-27 18:00:00,-29484.0
2050-04-27 19:00:00,-38299.14
2050-04-27 20:00:00,-44379.87
2050-04-27 21:00:00,-37800.9
2050-04-27 22:00:00,-35128.71
2050-04-27 23:00:00,-37189.76
2050-04-28 00:00:00,-31034.22
2050-04-28 01:00:00,-25460.26
2050-04-28 02:00:00,-28129.22
2050-04-28 03:00:00,-34837.14
2050-04-28 04:00:00,-32809.02
2050-04-28 05:00:00,-24767.0
2050-04-28 06:00:00,-29731.06
2050-04-28 07:00:00,-26003.74
2050-04-28 08:00:00,-23287.51
2050-04-28 09:00:00,-21257.06
2050-04-28 10:00:00,-11415.38
2050-04-28 11:00:00,-6257.9
2050-04-28 12:00:00,-10242.82
2050-04-28 13:00:00,-10385.86
2050-04-28 14:00:00,-16866.94
2050-04-28 15:00:00,-30074.29
2050-04-28 16:00:00,-61856.98
2050-04-28 17:00:00,-68801.79
2050-04-28 18:00:00,-68503.12
2050-04-28 19:00:00,-69435.63
2050-04-28 20:00:00,-61102.9
2050-04-28 21:00:00,-48987.81
2050-04-28 22:00:00,-58574.46
2050-04-28 23:00:00,-46921.33
2050-04-29 00:00:00,-35489.43
2050-04-29 01:00:00,-37117.04
2050-04-29 02:00:00,-53356.75
2050-04-29 03:00:00,-50070.73
2050-04-29 04:00:00,-45186.7
2050-04-29 05:00:00,-36613.17
2050-04-29 06:00:00,-45645.38
2050-04-29 07:00:00,-26154.49
2050-04-29 08:00:00,-38239.88
2050-04-29 09:00:00,-46385.34
2050-04-29 10:00:00,-46775.59
2050-04-29 11:00:00,-33571.11
2050-04-29 12:00:00,-37741.49
2050-04-29 13:00:00,-38324.69
2050-04-29 14:00:00,-39358.92
2050-04-29 15:00:00,-55220.2
2050-04-29 16:00:00,-67336.4
2050-04-29 17:00:00,-68870.47
2050-04-29 18:00:00,-69974.61
2050-04-29 19:00:00,-69510.44
2050-04-29 20:00:00,-70241.93
2050-04-29 21:00:00,-64115.2
2050-04-29 22:00:00,-47051.57
2050-04-29 23:00:00,-46027.41
2050-04-30 00:00:00,-53470.46
2050-04-30 01:00:00,-50902.52
2050-04-30 02:00:00,-50637.84
2050-04-30 03:00:00,-52256.14
2050-04-30 04:00:00,-45351.26
2050-04-30 05:00:00,-42871.3
2050-04-30 06:00:00,-43575.18
2050-04-30 07:00:00,-55878.54
2050-04-30 08:00:00,-54299.52
2050-04-30 09:00:00,-50722.42
2050-04-30 10:00:00,-49356.08
2050-04-30 11:00:00,-51594.88
2050-04-30 12:00:00,-51470.91
2050-04-30 13:00:00,-48945.28
2050-04-30 14:00:00,-58239.16
2050-04-30 15:00:00,-59962.32
2050-04-30 16:00:00,-54826.02
2050-04-30 17:00:00,-69840.16
2050-04-30 18:00:00,-68579.84
2050-04-30 19:00:00,-68926.84
2050-04-30 20:00:00,-68939.0
2050-04-30 21:00:00,-69971.79
2050-04-30 22:00:00,-70390.2
2050-04-30 23:00:00,-42900.47
2050-05-01 00:00:00,-51606.68
2050-05-01 01:00:00,-44687.54
2050-05-01 02:00:00,-54225.87
2050-05-01 03:00:00,-49682.91
2050-05-01 04:00:00,-40991.79
2050-05-01 05:00:00,-31645.34
2050-05-01 06:00:00,-29914.88
2050-05-01 07:00:00,-32543.02
2050-05-01 08:00:00,-30738.06
2050-05-01 09:00:00,-20099.03
2050-05-01 10:00:00,-23747.55
2050-05-01 11:00:00,-21261.69
2050-05-01 12:00:00,-14834.13
2050-05-01 13:00:00,-12510.25
2050-05-01 14:00:00,-16319.18
2050-05-01 15:00:00,-23128.34
2050-05-01 16:00:00,-28520.35
2050-05-01 17:00:00,-26918.99
2050-05-01 18:00:00,-38363.54
2050-05-01 19:00:00,-38804.72
2050-05-01 20:00:00,-36011.69
2050-05-01 21:00:00,-49269.15
2050-05-01 22:00:00,-49305.55
2050-05-01 23:00:00,-47702.17
2050-05-02 00:00:00,-49064.76
2050-05-02 01:00:00,-61059.11
2050-05-02 02:00:00,-59416.74
2050-05-02 03:00:00,-51158.48
2050-05-02 04:00:00,-48966.43
2050-05-02 05:00:00,-60371.3
2050-05-02 06:00:00,-54964.72
2050-05-02 07:00:00,-46939.68
2050-05-02 08:00:00,-32288.43
2050-05-02 09:00:00,-31457.41
2050-05-02 10:00:00,-27891.98
2050-05-02 11:00:00,-29814.94
2050-05-02 12:00:00,-20841.35
2050-05-02 13:00:00,-20833.3
2050-05-02 14:00:00,-21483.8
2050-05-02 15:00:00,-34371.56
2050-05-02 16:00:00,-36631.12
2050-05-02 17:00:00,-50071.4
2050-05-02 18:00:00,-48675.32
2050-05-02 19:00:00,-47818.28
2050-05-02 20:00:00,-54604.55
2050-05-02 21:00:00,-55002.04
2050-05-02 22:00:00,-50902.32
2050-05-02 23:00:00,-34282.15
2050-05-03 00:00:00,-38304.01
2050-05-03 01:00:00,-42992.86
2050-05-03 02:00:00,-31718.25
2050-05-03 03:00:00,-41944.08
2050-05-03 04:00:00,-45137.35
2050-05-03 05:00:00,-43252.6
2050-05-03 06:00:00,-48052.86
2050-05-03 07:00:00,-46677.66
2050-05-03 08:00:00,-30706.51
2050-05-03 09:00:00,-19645.41
2050-05-03 10:00:00,-26365.1
2050-05-03 11:00:00,-21863.47
2050-05-03 12:00:00,-29581.93
2050-05-03 13:00:00,-28951.5
2050-05-03 14:00:00,-42386.08
2050-05-03 15:00:00,-36618.56
2050-05-03 16:00:00,-29812.6
2050-05-03 17:00:00,-36097.3
2050-05-03 18:00:00,-37361.47
2050-05-03 19:00:00,-43078.33
2050-05-03 20:00:00,-42972.28
2050-05-03 21:00:00,-39434.3
2050-05-03 22:00:00,-37100.65
2050-05-03 23:00:00,-34195.85
2050-05-04 00:00:00,-30095.95
2050-05-04 01:00:00,-24813.66
2050-05-04 02:00:00,-27501.41
2050-05-04 03:00:00,-32521.78
2050-05-04 04:00:00,-24066.98
2050-05-04 05:00:00,-8037.34
2050-05-04 06:00:00,-11029.08
2050-05-04 07:00:00,-18160.61
2050-05-04 08:00:00,-16932.46
2050-05-04 09:00:00,-13593.61
2050-05-04 10:00:00,-16635.16
2050-05-04 11:00:00,-2712.52
2050-05-04 12:00:00,-8777.65
2050-05-04 13:00:00,-11689.75
2050-05-04 14:00:00,-21792.46
2050-05-04 15:00:00,-26961.58
2050-05-04 16:00:00,-38481.65
2050-05-04 17:00:00,-50658.34
2050-05-04 18:00:00,-50768.3
2050-05-04 19:00:00,-56852.99
2050-05-04 20:00:00,-63658.93
2050-05-04 21:00:00,-66181.46
2050-05-04 22:00:00,-66284.61
2050-05-04 23:00:00,-69012.72
2050-05-05 00:00:00,-61078.62
2050-05-05 01:00:00,-58751.62
2050-05-05 02:00:00,-52793.66
2050-05-05 03:00:00,-62439.18
2050-05-05 04:00:00,-54411.58
2050-05-05 05:00:00,-49374.51
2050-05-05 06:00:00,-50860.81
2050-05-05 07:00:00,-38373.55
2050-05-05 08:00:00,-30900.23
2050-05-05 09:00:00,-32125.74
2050-05-05 10:00:00,-41579.02
2050-05-05 11:00:00,-40066.82
2050-05-05 12:00:00,-32262.15
2050-05-05 13:00:00,-25707.96
2050-05-05 14:00:00,-20573.1
2050-05-05 15:00:00,-15332.52
2050-05-05 16:00:00,-14569.25
2050-05-05 17:00:00,-23148.64
2050-05-05 18:00:00,-49748.72
2050-05-05 19:00:00,-45361.28
2050-05-05 20:00:00,-49182.52
2050-05-05 21:00:00,-57616.72
2050-05-05 22:00:00,-54961.38
2050-05-05 23:00:00,-62681.48
2050-05-06 00:00:00,-61731.12
2050-05-06 01:00:00,-58924.87
2050-05-06 02:00:00,-53926.12
2050-05-06 03:00:00,-43253.94
2050-05-06 04:00:00,-49193.16
2050-05-06 05:00:00,-44982.9
2050-05-06 06:00:00,-44174.76
2050-05-06 07:00:00,-41376.34
2050-05-06 08:00:00,-40133.37
2050-05-06 09:00:00,-42447.38
2050-05-06 10:00:00,-51185.15
2050-05-06 11:00:00,-46520.8
2050-05-06 12:00:00,-47918.49
2050-05-06 13:00:00,-44192.78
2050-05-06 14:00:00,-41161.84
2050-05-06 15:00:00,-42866.05
2050-05-06 16:00:00,-41456.77
2050-05-06 17:00:00,-32596.1
2050-05-06 18:00:00,-38314.36
2050-05-06 19:00:00,-46390.98
2050-05-06 20:00:00,-40144.98
2050-05-06 21:00:00,-30511.0
2050-05-06 22:00:00,-24265.44
2050-05-06 23:00:00,-20646.98
2050-05-07 00:00:00,-20073.64
2050-05-07 01:00:00,-23983.7
2050-05-07 02:00:00,-24800.6
2050-05-07 03:00:00,-24052.12
2050-05-07 04:00:00,-26103.34
2050-05-07 05:00:00,-31432.35
2050-05-07 06:00:00,-34520.74
2050-05-07 07:00:00,-25475.82
2050-05-07 08:00:00,-24881.37
2050-05-07 09:00:00,-22736.04
2050-05-07 10:00:00,-20946.81
2050-05-07 11:00:00,-16535.19
2050-05-07 12:00:00,-13826.13
2050-05-07 13:00:00,-10253.43
2050-05-07 14:00:00,-10585.54
2050-05-07 15:00:00,-23581.74
2050-05-07 16:00:00,-34481.24
2050-05-07 17:00:00,-60499.42
2050-05-07 18:00:00,-68888.22
2050-05-07 19:00:00,-67801.88
2050-05-07 20:00:00,-67709.6
2050-05-07 21:00:00,-63167.6
2050-05-07 22:00:00,-45023.0
2050-05-07 23:00:00,-51935.7
2050-05-08 00:00:00,-49438.68
2050-05-08 01:00:00,-36347.79
2050-05-08 02:00:00,-23119.0
2050-05-08 03:00:00,-19765.7
2050-05-08 04:00:00,-17733.39
2050-05-08 05:00:00,-21186.0
2050-05-08 06:00:00,-18969.44
2050-05-08 07:00:00,-28179.84
2050-05-08 08:00:00,-21728.65
2050-05-08 09:00:00,-16576.24
2050-05-08 10:00:00,-18627.71
2050-05-08 11:00:00,-20678.67
2050-05-08 12:00:00,-19938.2
2050-05-08 13:00:00,-24705.45
2050-05-08 14:00:00,-34468.7
2050-05-08 15:00:00,-29989.33
2050-05-08 16:00:00,-30283.3
2050-05-08 17:00:00,-40696.18
2050-05-08 18:00:00,-37311.46
2050-05-08 19:00:00,-27947.0
2050-05-08 20:00:00,-24110.88
2050-05-08 21:00:00,-26047.51
2050-05-08 22:00:00,-26333.5
2050-05-08 23:00:00,-34413.02
2050-05-09 00:00:00,-42693.48
2050-05-09 01:00:00,-42562.86
2050-05-09 02:00:00,-47539.55
2050-05-09 03:00:00,-44758.27
2050-05-09 04:00:00,-48690.36
2050-05-09 05:00:00,-53111.52
2050-05-09 06:00:00,-57566.94
2050-05-09 07:00:00,-58443.22
2050-05-09 08:00:00,-54928.58
2050-05-09 09:00:00,-50174.58
2050-05-09 10:00:00,-47756.64
2050-05-09 11:00:00,-36316.81
2050-05-09 12:00:00,-45198.72
2050-05-09 13:00:00,-47470.72
2050-05-09 14:00:00,-49899.5
2050-05-09 15:00:00,-43164.25
2050-05-09 16:00:00,-32887.93
2050-05-09 17:00:00,-38009.88
2050-05-09 18:00:00,-29878.43
2050-05-09 19:00:00,-30646.54
2050-05-09 20:00:00,-30940.8
2050-05-09 21:00:00,-41174.96
2050-05-09 22:00:00,-38707.43
2050-05-09 23:00:00,-33163.74
2050-05-10 00:00:00,-38070.35
2050-05-10 01:00:00,-41247.19
2050-05-10 02:00:00,-31496.4
2050-05-10 03:00:00,-23114.62
2050-05-10 04:00:00,-33322.37
2050-05-10 05:00:00,-35550.02
2050-05-10 06:00:00,-30565.69
2050-05-10 07:00:00,-21985.05
2050-05-10 08:00:00,-20277.92
2050-05-10 09:00:00,-16858.91
2050-05-10 10:00:00,-18978.47
2050-05-10 11:00:00,-19197.29
2050-05-10 12:00:00,-25716.18
2050-05-10 13:00:00,-32827.81
2050-05-10 14:00:00,-38615.77
2050-05-10 15:00:00,-41073.94
2050-05-10 16:00:00,-56111.61
2050-05-10 17:00:00,-66707.39
2050-05-10 18:00:00,-69420.13
2050-05-10 19:00:00,-70480.89
2050-05-10 20:00:00,-70003.04
2050-05-10 21:00:00,-69666.89
2050-05-10 22:00:00,-69055.63
2050-05-10 23:00:00,-69661.98
2050-05-11 00:00:00,-52794.62
2050-05-11 01:00:00,-53192.57
2050-05-11 02:00:00,-33367.66
2050-05-11 03:00:00,-41922.62
2050-05-11 04:00:00,-48795.34
2050-05-11 05:00:00,-47920.46
2050-05-11 06:00:00,-57394.74
2050-05-11 07:00:00,-38988.9
2050-05-11 08:00:00,-25445.56
2050-05-11 09:00:00,-19240.96
2050-05-11 10:00:00,-23202.03
2050-05-11 11:00:00,-15744.29
2050-05-11 12:00:00,-6384.82
2050-05-11 13:00:00,-5039.33
2050-05-11 14:00:00,-15816.37
2050-05-11 15:00:00,-28359.55
2050-05-11 16:00:00,-32066.09
2050-05-11 17:00:00,-40221.02
2050-05-11 18:00:00,-16760.47
2050-05-11 19:00:00,-20861.28
2050-05-11 20:00:00,-32864.84
2050-05-11 21:00:00,-33916.3
2050-05-11 22:00:00,-39169.57
2050-05-11 23:00:00,-37123.86
2050-05-12 00:00:00,-32186.95
2050-05-12 01:00:00,-29538.25
2050-05-12 02:00:00,-30813.62
2050-05-12 03:00:00,-31812.34
2050-05-12 04:00:00,-36877.3
2050-05-12 05:00:00,-42017.68
2050-05-12 06:00:00,-26556.7
2050-05-12 07:00:00,-37817.59
2050-05-12 08:00:00,-51686.54
2050-05-12 09:00:00,-51598.18
2050-05-12 10:00:00,-57042.58
2050-05-12 11:00:00,-47806.16
2050-05-12 12:00:00,-42076.52
2050-05-12 13:00:00,-29790.41
2050-05-12 14:00:00,-23351.21
2050-05-12 15:00:00,-32208.5
2050-05-12 16:00:00,-44411.1
2050-05-12 17:00:00,-57412.94
2050-05-12 18:00:00,-60331.72
2050-05-12 19:00:00,-56151.57
2050-05-12 20:00:00,-52193.51
2050-05-12 21:00:00,-44489.5
2050-05-12 22:00:00,-50454.9
2050-05-12 23:00:00,-56544.4
2050-05-13 00:00:00,-48716.18
2050-05-13 01:00:00,-54989.0
2050-05-13 02:00:00,-52138.67
2050-05-13 03:00:00,-47521.82
2050-05-13 04:00:00,-43689.54
2050-05-13 05:00:00,-38282.11
2050-05-13 06:00:00,-25166.49
2050-05-13 07:00:00,-26292.28
2050-05-13 08:00:00,-27359.62
2050-05-13 09:00:00,-35620.1
2050-05-13 10:00:00,-29690.64
2050-05-13 11:00:00,-31497.45
2050-05-13 12:00:00,-32212.9
2050-05-13 13:00:00,-24657.75
2050-05-13 14:00:00,-23095.69
2050-05-13 15:00:00,-45131.41
2050-05-13 16:00:00,-57328.79
2050-05-13 17:00:00,-48540.4
2050-05-13 18:00:00,-46765.15
2050-05-13 19:00:00,-36391.66
2050-05-13 20:00:00,-42353.23
2050-05-13 21:00:00,-47937.69
2050-05-13 22:00:00,-31976.35
2050-05-13 23:00:00,-28153.91
2050-05-14 00:00:00,-26439.94
2050-05-14 01:00:00,-29748.24
2050-05-14 02:00:00,-32104.08
2050-05-14 03:00:00,-27012.96
2050-05-14 04:00:00,-24377.88
2050-05-14 05:00:00,-16627.04
2050-05-14 06:00:00,-13423.55
2050-05-14 07:00:00,-5922.77
2050-05-14 08:00:00,-2335.08
2050-05-14 09:00:00,-1297.59
2050-05-14 10:00:00,720.54
2050-05-14 11:00:00,2462.84
2050-05-14 12:00:00,1134.91
2050-05-14 13:00:00,-2463.97
2050-05-14 14:00:00,-3538.51
2050-05-14 15:00:00,-5048.29
2050-05-14 16:00:00,-11489.41
2050-05-14 17:00:00,-19948.07
2050-05-14 18:00:00,-31268.29
2050-05-14 19:00:00,-31427.61
2050-05-14 20:00:00,-28531.88
2050-05-14 21:00:00,-34817.93
2050-05-14 22:00:00,-38766.17
2050-05-14 23:00:00,-32628.99
2050-05-15 00:00:00,-33837.81
2050-05-15 01:00:00,-35339.14
2050-05-15 02:00:00,-40034.54
2050-05-15 03:00:00,-51931.74
2050-05-15 04:00:00,-49194.08
2050-05-15 05:00:00,-48707.59
2050-05-15 06:00:00,-39373.77
2050-05-15 07:00:00,-33708.56
2050-05-15 08:00:00,-22548.45
2050-05-15 09:00:00,-18378.07
2050-05-15 10:00:00,-19432.72
2050-05-15 11:00:00,-32167.53
2050-05-15 12:00:00,-28839.53
2050-05-15 13:00:00,-43588.6
2050-05-15 14:00:00,-50981.39
2050-05-15 15:00:00,-69338.97
2050-05-15 16:00:00,-69945.57
2050-05-15 17:00:00,-69623.43
2050-05-15 18:00:00,-69254.81
2050-05-15 19:00:00,-68873.22
2050-05-15 20:00:00,-69447.07
2050-05-15 21:00:00,-69794.36
2050-05-15 22:00:00,-70297.81
2050-05-15 23:00:00,-69297.22
2050-05-16 00:00:00,-66471.81
2050-05-16 01:00:00,-66487.23
2050-05-16 02:00:00,-71121.53
2050-05-16 03:00:00,-66508.39
2050-05-16 04:00:00,-52583.94
2050-05-16 05:00:00,-55172.14
2050-05-16 06:00:00,-52474.76
2050-05-16 07:00:00,-41341.37
2050-05-16 08:00:00,-36619.61
2050-05-16 09:00:00,-34028.89
2050-05-16 10:00:00,-31965.58
2050-05-16 11:00:00,-39227.08
2050-05-16 12:00:00,-37731.52
2050-05-16 13:00:00,-40534.12
2050-05-16 14:00:00,-40154.42
2050-05-16 15:00:00,-47091.61
2050-05-16 16:00:00,-66675.53
2050-05-16 17:00:00,-67145.11
2050-05-16 18:00:00,-67162.72
2050-05-16 19:00:00,-68834.11
2050-05-16 20:00:00,-40992.24
2050-05-16 21:00:00,-49102.89
2050-05-16 22:00:00,-65710.58
2050-05-16 23:00:00,-61726.54
2050-05-17 00:00:00,-51361.3
2050-05-17 01:00:00,-45663.13
2050-05-17 02:00:00,-45508.22
2050-05-17 03:00:00,-39620.79
2050-05-17 04:00:00,-49926.48
2050-05-17 05:00:00,-44310.42
2050-05-17 06:00:00,-31222.58
2050-05-17 07:00:00,-25840.34
2050-05-17 08:00:00,-25918.06
2050-05-17 09:00:00,-32107.31
2050-05-17 10:00:00,-26327.54
2050-05-17 11:00:00,-24393.12
2050-05-17 12:00:00,-29551.04
2050-05-17 13:00:00,-30673.9
2050-05-17 14:00:00,-32264.78
2050-05-17 15:00:00,-27602.0
2050-05-17 16:00:00,-29403.42
2050-05-17 17:00:00,-44689.98
2050-05-17 18:00:00,-33874.76
2050-05-17 19:00:00,-38230.82
2050-05-17 20:00:00,-38224.44
2050-05-17 21:00:00,-46417.84
2050-05-17 22:00:00,-37893.88
2050-05-17 23:00:00,-33972.38
2050-05-18 00:00:00,-44065.01
2050-05-18 01:00:00,-34095.56
2050-05-18 02:00:00,-37727.63
2050-05-18 03:00:00,-27166.14
2050-05-18 04:00:00,-28104.86
2050-05-18 05:00:00,-27177.09
2050-05-18 06:00:00,-20668.07
2050-05-18 07:00:00,-36473.3
2050-05-18 08:00:00,-34860.06
2050-05-18 09:00:00,-44686.78
2050-05-18 10:00:00,-37106.48
2050-05-18 11:00:00,-30644.37
2050-05-18 12:00:00,-28069.32
2050-05-18 13:00:00,-37182.05
2050-05-18 14:00:00,-45666.58
2050-05-18 15:00:00,-52830.37
2050-05-18 16:00:00,-61629.43
2050-05-18 17:00:00,-67940.17
2050-05-18 18:00:00,-68020.03
2050-05-18 19:00:00,-63265.81
2050-05-18 20:00:00,-64357.46
2050-05-18 21:00:00,-68425.39
2050-05-18 22:00:00,-63574.6
2050-05-18 23:00:00,-61624.73
2050-05-19 00:00:00,-58195.01
2050-05-19 01:00:00,-57424.77
2050-05-19 02:00:00,-51185.79
2050-05-19 03:00:00,-50787.94
2050-05-19 04:00:00,-46208.37
2050-05-19 05:00:00,-41904.86
2050-05-19 06:00:00,-59588.67
2050-05-19 07:00:00,-46431.79
2050-05-19 08:00:00,-26681.25
2050-05-19 09:00:00,-26902.13
2050-05-19 10:00:00,-24331.76
2050-05-19 11:00:00,-23897.22
2050-05-19 12:00:00,-33760.84
2050-05-19 13:00:00,-38650.35
2050-05-19 14:00:00,-38871.41
2050-05-19 15:00:00,-30796.44
2050-05-19 16:00:00,-26652.41
2050-05-19 17:00:00,-40095.36
2050-05-19 18:00:00,-43952.5
2050-05-19 19:00:00,-60758.38
2050-05-19 20:00:00,-69386.77
2050-05-19 21:00:00,-70323.4
2050-05-19 22:00:00,-70759.48
2050-05-19 23:00:00,-70320.65
2050-05-20 00:00:00,-67186.39
2050-05-20 01:00:00,-64952.76
2050-05-20 02:00:00,-62167.93
2050-05-20 03:00:00,-58137.86
2050-05-20 04:00:00,-53365.64
2050-05-20 05:00:00,-51528.74
2050-05-20 06:00:00,-40989.9
2050-05-20 07:00:00,-38612.27
2050-05-20 08:00:00,-48169.38
2050-05-20 09:00:00,-44736.17
2050-05-20 10:00:00,-39411.51
2050-05-20 11:00:00,-35720.7
2050-05-20 12:00:00,-32428.17
2050-05-20 13:00:00,-36269.93
2050-05-20 14:00:00,-46570.9
2050-05-20 15:00:00,-51942.88
2050-05-20 16:00:00,-55120.18
2050-05-20 17:00:00,-60294.66
2050-05-20 18:00:00,-62360.46
2050-05-20 19:00:00,-33063.56
2050-05-20 20:00:00,-34634.77
2050-05-20 21:00:00,-30835.95
2050-05-20 22:00:00,-19356.47
2050-05-20 23:00:00,-27788.81
2050-05-21 00:00:00,-19443.84
2050-05-21 01:00:00,-19367.58
2050-05-21 02:00:00,-16760.02
2050-05-21 03:00:00,-14971.95
2050-05-21 04:00:00,-11831.58
2050-05-21 05:00:00,-4447.8
2050-05-21 06:00:00,-8193.3
2050-05-21 07:00:00,-5189.27
2050-05-21 08:00:00,-9878.15
2050-05-21 09:00:00,-6851.99
2050-05-21 10:00:00,-8607.8
2050-05-21 11:00:00,-5637.0
2050-05-21 12:00:00,-4465.07
2050-05-21 13:00:00,-11937.27
2050-05-21 14:00:00,-4547.7
2050-05-21 15:00:00,-6946.86
2050-05-21 16:00:00,-9431.67
2050-05-21 17:00:00,-13044.61
2050-05-21 18:00:00,-16102.91
2050-05-21 19:00:00,-32000.79
2050-05-21 20:00:00,-46524.25
2050-05-21 21:00:00,-46173.09
2050-05-21 22:00:00,-38691.86
2050-05-21 23:00:00,-37266.95
2050-05-22 00:00:00,-32833.91
2050-05-22 01:00:00,-40306.56
2050-05-22 02:00:00,-40148.84
2050-05-22 03:00:00,-27882.83
2050-05-22 04:00:00,-28225.16
2050-05-22 05:00:00,-41039.06
2050-05-22 06:00:00,-35887.22
2050-05-22 07:00:00,-38226.62
2050-05-22 08:00:00,-27856.26
2050-05-22 09:00:00,-17927.61
2050-05-22 10:00:00,-14501.69
2050-05-22 11:00:00,-9144.85
2050-05-22 12:00:00,-12088.24
2050-05-22 13:00:00,-14406.88
2050-05-22 14:00:00,-15957.11
2050-05-22 15:00:00,-26658.4
2050-05-22 16:00:00,-19235.3
2050-05-22 17:00:00,-37412.41
2050-05-22 18:00:00,-40478.59
2050-05-22 19:00:00,-32386.62
2050-05-22 20:00:00,-33767.45
2050-05-22 21:00:00,-27438.28
2050-05-22 22:00:00,-33839.3
2050-05-22 23:00:00,-32760.24
2050-05-23 00:00:00,-30273.76
2050-05-23 01:00:00,-23420.49
2050-05-23 02:00:00,-27167.76
2050-05-23 03:00:00,-28529.69
2050-05-23 04:00:00,-32073.48
2050-05-23 05:00:00,-22411.32
2050-05-23 06:00:00,-25445.64
2050-05-23 07:00:00,-19256.77
2050-05-23 08:00:00,-20216.54
2050-05-23 09:00:00,-17556.0
2050-05-23 10:00:00,-13051.19
2050-05-23 11:00:00,-7316.87
2050-05-23 12:00:00,-3143.83
2050-05-23 13:00:00,321.07
2050-05-23 14:00:00,1935.32
2050-05-23 15:00:00,-295.99
2050-05-23 16:00:00,-6025.42
2050-05-23 17:00:00,-13940.69
2050-05-23 18:00:00,-19981.09
2050-05-23 19:00:00,-29998.04
2050-05-23 20:00:00,-33658.15
2050-05-23 21:00:00,-26388.07
2050-05-23 22:00:00,-44961.94
2050-05-23 23:00:00,-50204.1
2050-05-24 00:00:00,-46983.92
2050-05-24 01:00:00,-39789.77
2050-05-24 02:00:00,-38699.15
2050-05-24 03:00:00,-37788.47
2050-05-24 04:00:00,-31426.03
2050-05-24 05:00:00,-28779.77
2050-05-24 06:00:00,-31438.56
2050-05-24 07:00:00,-32376.44
2050-05-24 08:00:00,-31298.0
2050-05-24 09:00:00,-19556.7
2050-05-24 10:00:00,-24785.91
2050-05-24 11:00:00,-23650.29
2050-05-24 12:00:00,-23370.39
2050-05-24 13:00:00,-27956.84
2050-05-24 14:00:00,-21693.56
2050-05-24 15:00:00,-22213.69
2050-05-24 16:00:00,-27266.87
2050-05-24 17:00:00,-37236.49
2050-05-24 18:00:00,-42107.59
2050-05-24 19:00:00,-36745.12
2050-05-24 20:00:00,-45929.81
2050-05-24 21:00:00,-58692.79
2050-05-24 22:00:00,-56070.16
2050-05-24 23:00:00,-49925.96
2050-05-25 00:00:00,-46062.31
2050-05-25 01:00:00,-44668.36
2050-05-25 02:00:00,-46296.15
2050-05-25 03:00:00,-47574.68
2050-05-25 04:00:00,-43064.26
2050-05-25 05:00:00,-42870.4
2050-05-25 06:00:00,-31997.73
2050-05-25 07:00:00,-19525.89
2050-05-25 08:00:00,-25319.78
2050-05-25 09:00:00,-28031.11
2050-05-25 10:00:00,-33447.47
2050-05-25 11:00:00,-27939.46
2050-05-25 12:00:00,-23817.69
2050-05-25 13:00:00,-32963.19
2050-05-25 14:00:00,-38006.24
2050-05-25 15:00:00,-46939.99
2050-05-25 16:00:00,-48784.0
2050-05-25 17:00:00,-47671.8
2050-05-25 18:00:00,-52354.09
2050-05-25 19:00:00,-48111.98
2050-05-25 20:00:00,-44115.88
2050-05-25 21:00:00,-48577.5
2050-05-25 22:00:00,-49897.96
2050-05-25 23:00:00,-50576.15
2050-05-26 00:00:00,-44990.5
2050-05-26 01:00:00,-56970.76
2050-05-26 02:00:00,-51679.56
2050-05-26 03:00:00,-42992.97
2050-05-26 04:00:00,-42878.28
2050-05-26 05:00:00,-41144.91
2050-05-26 06:00:00,-37363.06
2050-05-26 07:00:00,-23303.53
2050-05-26 08:00:00,-20789.4
2050-05-26 09:00:00,-16749.98
2050-05-26 10:00:00,-21160.35
2050-05-26 11:00:00,-24889.16
2050-05-26 12:00:00,-21819.88
2050-05-26 13:00:00,-28763.85
2050-05-26 14:00:00,-50320.45
2050-05-26 15:00:00,-52296.74
2050-05-26 16:00:00,-52707.54
2050-05-26 17:00:00,-47046.66
2050-05-26 18:00:00,-67503.39
2050-05-26 19:00:00,-56695.18
2050-05-26 20:00:00,-48978.16
2050-05-26 21:00:00,-52761.25
2050-05-26 22:00:00,-42965.34
2050-05-26 23:00:00,-63142.86
2050-05-27 00:00:00,-51449.62
2050-05-27 01:00:00,-41842.13
2050-05-27 02:00:00,-48547.14
2050-05-27 03:00:00,-65896.37
2050-05-27 04:00:00,-47448.06
2050-05-27 05:00:00,-34677.97
2050-05-27 06:00:00,-35119.27
2050-05-27 07:00:00,-22665.22
2050-05-27 08:00:00,-21482.51
2050-05-27 09:00:00,-22219.04
2050-05-27 10:00:00,-25852.66
2050-05-27 11:00:00,-24178.06
2050-05-27 12:00:00,-25638.98
2050-05-27 13:00:00,-30552.91
2050-05-27 14:00:00,-34441.33
2050-05-27 15:00:00,-42530.79
2050-05-27 16:00:00,-43809.66
2050-05-27 17:00:00,-53464.62
2050-05-27 18:00:00,-49681.8
2050-05-27 19:00:00,-63818.94
2050-05-27 20:00:00,-62420.51
2050-05-27 21:00:00,-63217.27
2050-05-27 22:00:00,-61313.0
2050-05-27 23:00:00,-52569.9
2050-05-28 00:00:00,-57608.12
2050-05-28 01:00:00,-67720.58
2050-05-28 02:00:00,-58694.52
2050-05-28 03:00:00,-42027.65
2050-05-28 04:00:00,-34690.66
2050-05-28 05:00:00,-21614.54
2050-05-28 06:00:00,-18988.98
2050-05-28 07:00:00,-29737.05
2050-05-28 08:00:00,-23332.58
2050-05-28 09:00:00,-29388.82
2050-05-28 10:00:00,-26095.94
2050-05-28 11:00:00,-30678.13
2050-05-28 12:00:00,-36322.03
2050-05-28 13:00:00,-36168.24
2050-05-28 14:00:00,-39254.57
2050-05-28 15:00:00,-64331.05
2050-05-28 16:00:00,-65433.15
2050-05-28 17:00:00,-67681.63
2050-05-28 18:00:00,-68220.36
2050-05-28 19:00:00,-69116.92
2050-05-28 20:00:00,-69122.27
2050-05-28 21:00:00,-70129.94
2050-05-28 22:00:00,-70562.45
2050-05-28 23:00:00,-71003.59
2050-05-29 00:00:00,-70234.98
2050-05-29 01:00:00,-59698.17
2050-05-29 02:00:00,-71071.1
2050-05-29 03:00:00,-51649.23
2050-05-29 04:00:00,-51555.98
2050-05-29 05:00:00,-40662.91
2050-05-29 06:00:00,-30810.53
2050-05-29 07:00:00,-42118.25
2050-05-29 08:00:00,-37812.69
2050-05-29 09:00:00,-35309.85
2050-05-29 10:00:00,-38324.32
2050-05-29 11:00:00,-43579.26
2050-05-29 12:00:00,-35691.3
2050-05-29 13:00:00,-35017.03
2050-05-29 14:00:00,-36007.52
2050-05-29 15:00:00,-45660.06
2050-05-29 16:00:00,-50625.1
2050-05-29 17:00:00,-53098.05
2050-05-29 18:00:00,-65441.0
2050-05-29 19:00:00,-48168.52
2050-05-29 20:00:00,-49354.65
2050-05-29 21:00:00,-46225.66
2050-05-29 22:00:00,-43990.3
2050-05-29 23:00:00,-50328.18
2050-05-30 00:00:00,-43040.35
2050-05-30 01:00:00,-42299.16
2050-05-30 02:00:00,-43341.38
2050-05-30 03:00:00,-39689.1
2050-05-30 04:00:00,-43509.64
2050-05-30 05:00:00,-46850.79
2050-05-30 06:00:00,-38174.74
2050-05-30 07:00:00,-34555.7
2050-05-30 08:00:00,-32299.51
2050-05-30 09:00:00,-37554.13
2050-05-30 10:00:00,-38331.74
2050-05-30 11:00:00,-36392.72
2050-05-30 12:00:00,-44803.57
2050-05-30 13:00:00,-50992.84
2050-05-30 14:00:00,-59710.9
2050-05-30 15:00:00,-63933.53
2050-05-30 16:00:00,-60289.68
2050-05-30 17:00:00,-44127.07
2050-05-30 18:00:00,-53488.22
2050-05-30 19:00:00,-55369.94
2050-05-30 20:00:00,-54227.69
2050-05-30 21:00:00,-61944.26
2050-05-30 22:00:00,-44851.36
2050-05-30 23:00:00,-47943.82
2050-05-31 00:00:00,-44189.46
2050-05-31 01:00:00,-39041.45
2050-05-31 02:00:00,-40644.94
2050-05-31 03:00:00,-44302.46
2050-05-31 04:00:00,-39162.03
2050-05-31 05:00:00,-44358.14
2050-05-31 06:00:00,-37466.64
2050-05-31 07:00:00,-35046.88
2050-05-31 08:00:00,-23972.69
2050-05-31 09:00:00,-23494.69
2050-05-31 10:00:00,-24006.99
2050-05-31 11:00:00,-22697.25
2050-05-31 12:00:00,-16824.73
2050-05-31 13:00:00,-11347.42
2050-05-31 14:00:00,-8191.03
2050-05-31 15:00:00,-16961.84
2050-05-31 16:00:00,-15560.39
2050-05-31 17:00:00,-25282.2
2050-05-31 18:00:00,-34959.26
2050-05-31 19:00:00,-42650.4
2050-05-31 20:00:00,-42915.81
2050-05-31 21:00:00,-45240.05
2050-05-31 22:00:00,-49189.6
2050-05-31 23:00:00,-33623.84
2050-06-01 00:00:00,-36544.8
2050-06-01 01:00:00,-32781.06
2050-06-01 02:00:00,-16035.61
2050-06-01 03:00:00,-15625.59
2050-06-01 04:00:00,-14493.81
2050-06-01 05:00:00,-4288.03
2050-06-01 06:00:00,-213.69
2050-06-01 07:00:00,-6712.34
2050-06-01 08:00:00,-2081.01
2050-06-01 09:00:00,-631.13
2050-06-01 10:00:00,3261.28
2050-06-01 11:00:00,2553.44
2050-06-01 12:00:00,3656.62
2050-06-01 13:00:00,-992.04
2050-06-01 14:00:00,-1064.41
2050-06-01 15:00:00,-5225.98
2050-06-01 16:00:00,-14628.94
2050-06-01 17:00:00,-26421.15
2050-06-01 18:00:00,-25374.8
2050-06-01 19:00:00,-25062.07
2050-06-01 20:00:00,-24466.24
2050-06-01 21:00:00,-16262.62
2050-06-01 22:00:00,-12480.94
2050-06-01 23:00:00,-8969.66
2050-06-02 00:00:00,-17467.88
2050-06-02 01:00:00,-18633.76
2050-06-02 02:00:00,-19035.06
2050-06-02 03:00:00,-18126.03
2050-06-02 04:00:00,-10383.46
2050-06-02 05:00:00,-10478.12
2050-06-02 06:00:00,-9738.78
2050-06-02 07:00:00,-8312.79
2050-06-02 08:00:00,-2105.96
2050-06-02 09:00:00,556.77
2050-06-02 10:00:00,3198.82
2050-06-02 11:00:00,1270.3
2050-06-02 12:00:00,-4295.56
2050-06-02 13:00:00,-9196.17
2050-06-02 14:00:00,-10608.2
2050-06-02 15:00:00,-16106.16
2050-06-02 16:00:00,-28660.94
2050-06-02 17:00:00,-30088.47
2050-06-02 18:00:00,-23409.0
2050-06-02 19:00:00,-21836.58
2050-06-02 20:00:00,-17976.84
2050-06-02 21:00:00,-30823.43
2050-06-02 22:00:00,-13521.97
2050-06-02 23:00:00,-20170.93
2050-06-03 00:00:00,-15025.54
2050-06-03 01:00:00,-21397.2
2050-06-03 02:00:00,-30651.73
2050-06-03 03:00:00,-20690.96
2050-06-03 04:00:00,-19470.66
2050-06-03 05:00:00,-22010.54
2050-06-03 06:00:00,-29854.66
2050-06-03 07:00:00,-28975.06
2050-06-03 08:00:00,-35535.12
2050-06-03 09:00:00,-34434.78
2050-06-03 10:00:00,-28299.62
2050-06-03 11:00:00,-25884.69
2050-06-03 12:00:00,-30613.26
2050-06-03 13:00:00,-23361.19
2050-06-03 14:00:00,-26236.54
2050-06-03 15:00:00,-33882.09
2050-06-03 16:00:00,-38163.99
2050-06-03 17:00:00,-37855.6
2050-06-03 18:00:00,-38210.74
2050-06-03 19:00:00,-36206.12
2050-06-03 20:00:00,-42734.98
2050-06-03 21:00:00,-47921.8
2050-06-03 22:00:00,-46679.1
2050-06-03 23:00:00,-33317.66
2050-06-04 00:00:00,-34804.6
2050-06-04 01:00:00,-35409.34
2050-06-04 02:00:00,-31873.36
2050-06-04 03:00:00,-28130.29
2050-06-04 04:00:00,-24481.61
2050-06-04 05:00:00,-21423.12
2050-06-04 06:00:00,-15813.14
2050-06-04 07:00:00,-15832.88
2050-06-04 08:00:00,-9714.65
2050-06-04 09:00:00,-6900.76
2050-06-04 10:00:00,-10601.76
2050-06-04 11:00:00,-4233.84
2050-06-04 12:00:00,-2391.05
2050-06-04 13:00:00,-822.54
2050-06-04 14:00:00,-4227.4
2050-06-04 15:00:00,-11393.53
2050-06-04 16:00:00,-18753.56
2050-06-04 17:00:00,-32427.25
2050-06-04 18:00:00,-24255.48
2050-06-04 19:00:00,-30389.87
2050-06-04 20:00:00,-35591.59
2050-06-04 21:00:00,-37412.84
2050-06-04 22:00:00,-26804.56
2050-06-04 23:00:00,-33621.12
2050-06-05 00:00:00,-30092.53
2050-06-05 01:00:00,-26853.04
2050-06-05 02:00:00,-31718.39
2050-06-05 03:00:00,-25008.73
2050-06-05 04:00:00,-32354.68
2050-06-05 05:00:00,-23550.02
2050-06-05 06:00:00,-32035.88
2050-06-05 07:00:00,-28987.55
2050-06-05 08:00:00,-24037.96
2050-06-05 09:00:00,-25996.97
2050-06-05 10:00:00,-25631.91
2050-06-05 11:00:00,-23213.71
2050-06-05 12:00:00,-21679.64
2050-06-05 13:00:00,-15407.18
2050-06-05 14:00:00,-14899.48
2050-06-05 15:00:00,-19696.48
2050-06-05 16:00:00,-23237.98
2050-06-05 17:00:00,-37438.12
2050-06-05 18:00:00,-42500.94
2050-06-05 19:00:00,-36795.81
2050-06-05 20:00:00,-34993.75
2050-06-05 21:00:00,-40853.92
2050-06-05 22:00:00,-40196.75
2050-06-05 23:00:00,-31080.22
2050-06-06 00:00:00,-29086.02
2050-06-06 01:00:00,-36345.32
2050-06-06 02:00:00,-38336.15
2050-06-06 03:00:00,-27151.6
2050-06-06 04:00:00,-18566.0
2050-06-06 05:00:00,-25151.61
2050-06-06 06:00:00,-25578.08
2050-06-06 07:00:00,-24536.06
2050-06-06 08:00:00,-25104.46
2050-06-06 09:00:00,-8566.23
2050-06-06 10:00:00,-7274.14
2050-06-06 11:00:00,-2332.69
2050-06-06 12:00:00,-682.82
2050-06-06 13:00:00,-4622.5
2050-06-06 14:00:00,-18809.88
2050-06-06 15:00:00,-28011.89
2050-06-06 16:00:00,-41540.16
2050-06-06 17:00:00,-23473.79
2050-06-06 18:00:00,-40257.8
2050-06-06 19:00:00,-37658.0
2050-06-06 20:00:00,-39704.18
2050-06-06 21:00:00,-40100.24
2050-06-06 22:00:00,-40351.06
2050-06-06 23:00:00,-41684.8
2050-06-07 00:00:00,-35303.66
2050-06-07 01:00:00,-33208.86
2050-06-07 02:00:00,-27490.59
2050-06-07 03:00:00,-29009.43
2050-06-07 04:00:00,-27293.9
2050-06-07 05:00:00,-26611.23
2050-06-07 06:00:00,-24220.55
2050-06-07 07:00:00,-18951.81
2050-06-07 08:00:00,-17449.82
2050-06-07 09:00:00,-14207.26
2050-06-07 10:00:00,-19404.77
2050-06-07 11:00:00,-18818.46
2050-06-07 12:00:00,-13445.84
2050-06-07 13:00:00,-11083.96
2050-06-07 14:00:00,-17869.12
2050-06-07 15:00:00,-20466.03
2050-06-07 16:00:00,-20744.21
2050-06-07 17:00:00,-14468.93
2050-06-07 18:00:00,-19636.11
2050-06-07 19:00:00,-19338.17
2050-06-07 20:00:00,-24834.35
2050-06-07 21:00:00,-24035.89
2050-06-07 22:00:00,-27442.51
2050-06-07 23:00:00,-29410.66
2050-06-08 00:00:00,-27141.9
2050-06-08 01:00:00,-28288.22
2050-06-08 02:00:00,-19984.01
2050-06-08 03:00:00,-17527.86
2050-06-08 04:00:00,-21395.07
2050-06-08 05:00:00,-21972.82
2050-06-08 06:00:00,-14755.19
2050-06-08 07:00:00,-17232.68
2050-06-08 08:00:00,-12230.3
2050-06-08 09:00:00,-11340.06
2050-06-08 10:00:00,-12040.6
2050-06-08 11:00:00,-11882.43
2050-06-08 12:00:00,-8484.13
2050-06-08 13:00:00,-23068.54
2050-06-08 14:00:00,-35909.6
2050-06-08 15:00:00,-47754.37
2050-06-08 16:00:00,-63463.85
2050-06-08 17:00:00,-60069.63
2050-06-08 18:00:00,-51351.38
2050-06-08 19:00:00,-58500.56
2050-06-08 20:00:00,-63628.73
2050-06-08 21:00:00,-66174.38
2050-06-08 22:00:00,-45288.37
2050-06-08 23:00:00,-49001.42
2050-06-09 00:00:00,-43289.19
2050-06-09 01:00:00,-41070.06
2050-06-09 02:00:00,-40719.55
2050-06-09 03:00:00,-35604.62
2050-06-09 04:00:00,-33610.74
2050-06-09 05:00:00,-42240.94
2050-06-09 06:00:00,-51557.44
2050-06-09 07:00:00,-41586.36
2050-06-09 08:00:00,-40388.52
2050-06-09 09:00:00,-35521.06
2050-06-09 10:00:00,-35044.1
2050-06-09 11:00:00,-33537.07
2050-06-09 12:00:00,-29004.77
2050-06-09 13:00:00,-33244.78
2050-06-09 14:00:00,-38669.76
2050-06-09 15:00:00,-50716.43
2050-06-09 16:00:00,-56644.02
2050-06-09 17:00:00,-44924.05
2050-06-09 18:00:00,-47265.76
2050-06-09 19:00:00,-51316.28
2050-06-09 20:00:00,-45671.46
2050-06-09 21:00:00,-43735.71
2050-06-09 22:00:00,-43696.38
2050-06-09 23:00:00,-46557.72
2050-06-10 00:00:00,-47325.86
2050-06-10 01:00:00,-43471.78
2050-06-10 02:00:00,-43497.07
2050-06-10 03:00:00,-40695.88
2050-06-10 04:00:00,-34744.23
2050-06-10 05:00:00,-23602.7
2050-06-10 06:00:00,-17592.68
2050-06-10 07:00:00,-22453.92
2050-06-10 08:00:00,-21808.2
2050-06-10 09:00:00,-27163.48
2050-06-10 10:00:00,-22506.06
2050-06-10 11:00:00,-20447.74
2050-06-10 12:00:00,-14539.24
2050-06-10 13:00:00,-17770.43
2050-06-10 14:00:00,-28581.23
2050-06-10 15:00:00,-49181.18
2050-06-10 16:00:00,-59449.68
2050-06-10 17:00:00,-61902.3
2050-06-10 18:00:00,-61228.24
2050-06-10 19:00:00,-65745.04
2050-06-10 20:00:00,-64315.59
2050-06-10 21:00:00,-59958.75
2050-06-10 22:00:00,-50069.06
2050-06-10 23:00:00,-49176.5
2050-06-11 00:00:00,-48990.23
2050-06-11 01:00:00,-55945.06
2050-06-11 02:00:00,-58935.8
2050-06-11 03:00:00,-50718.74
2050-06-11 04:00:00,-48600.43
2050-06-11 05:00:00,-54539.34
2050-06-11 06:00:00,-49788.98
2050-06-11 07:00:00,-40775.33
2050-06-11 08:00:00,-39318.77
2050-06-11 09:00:00,-39101.9
2050-06-11 10:00:00,-38470.02
2050-06-11 11:00:00,-44475.44
2050-06-11 12:00:00,-52885.07
2050-06-11 13:00:00,-60594.12
2050-06-11 14:00:00,-63051.66
2050-06-11 15:00:00,-69203.66
2050-06-11 16:00:00,-69909.02
2050-06-11 17:00:00,-70170.32
2050-06-11 18:00:00,-69760.02
2050-06-11 19:00:00,-69754.95
2050-06-11 20:00:00,-69266.63
2050-06-11 21:00:00,-66124.78
2050-06-11 22:00:00,-67135.27
2050-06-11 23:00:00,-65306.85
2050-06-12 00:00:00,-52764.94
2050-06-12 01:00:00,-42891.88
2050-06-12 02:00:00,-39618.4
2050-06-12 03:00:00,-35999.48
2050-06-12 04:00:00,-34598.9
2050-06-12 05:00:00,-32802.56
2050-06-12 06:00:00,-28151.43
2050-06-12 07:00:00,-33246.62
2050-06-12 08:00:00,-24911.46
2050-06-12 09:00:00,-12060.38
2050-06-12 10:00:00,-9248.66
2050-06-12 11:00:00,-13362.82
2050-06-12 12:00:00,-18911.11
2050-06-12 13:00:00,-20085.86
2050-06-12 14:00:00,-29505.75
2050-06-12 15:00:00,-50992.64
2050-06-12 16:00:00,-52245.77
2050-06-12 17:00:00,-51988.0
2050-06-12 18:00:00,-41124.6
2050-06-12 19:00:00,-57448.11
2050-06-12 20:00:00,-63308.8
2050-06-12 21:00:00,-45684.68
2050-06-12 22:00:00,-45857.11
2050-06-12 23:00:00,-42502.5
2050-06-13 00:00:00,-46525.47
2050-06-13 01:00:00,-61495.86
2050-06-13 02:00:00,-56885.48
2050-06-13 03:00:00,-51441.64
2050-06-13 04:00:00,-48771.6
2050-06-13 05:00:00,-43249.42
2050-06-13 06:00:00,-38658.78
2050-06-13 07:00:00,-35795.98
2050-06-13 08:00:00,-26217.88
2050-06-13 09:00:00,-24323.32
2050-06-13 10:00:00,-20466.82
2050-06-13 11:00:00,-23978.54
2050-06-13 12:00:00,-17238.26
2050-06-13 13:00:00,-18895.14
2050-06-13 14:00:00,-22643.7
2050-06-13 15:00:00,-19114.68
2050-06-13 16:00:00,-11858.19
2050-06-13 17:00:00,-19666.57
2050-06-13 18:00:00,-14910.97
2050-06-13 19:00:00,-21194.85
2050-06-13 20:00:00,-13024.91
2050-06-13 21:00:00,-16505.87
2050-06-13 22:00:00,-26291.9
2050-06-13 23:00:00,-33287.18
2050-06-14 00:00:00,-29868.43
2050-06-14 01:00:00,-25409.84
2050-06-14 02:00:00,-40311.83
2050-06-14 03:00:00,-43469.55
2050-06-14 04:00:00,-49469.51
2050-06-14 05:00:00,-64401.95
2050-06-14 06:00:00,-47822.76
2050-06-14 07:00:00,-39463.34
2050-06-14 08:00:00,-31061.59
2050-06-14 09:00:00,-16327.94
2050-06-14 10:00:00,-20159.83
2050-06-14 11:00:00,-10014.47
2050-06-14 12:00:00,-10875.16
2050-06-14 13:00:00,-14521.8
2050-06-14 14:00:00,-8107.34
2050-06-14 15:00:00,-10426.98
2050-06-14 16:00:00,-15479.61
2050-06-14 17:00:00,-32885.16
2050-06-14 18:00:00,-33585.56
2050-06-14 19:00:00,-36282.56
2050-06-14 20:00:00,-37724.62
2050-06-14 21:00:00,-19248.11
2050-06-14 22:00:00,-43513.89
2050-06-14 23:00:00,-40237.26
2050-06-15 00:00:00,-26424.62
2050-06-15 01:00:00,-25769.81
2050-06-15 02:00:00,-40224.38
2050-06-15 03:00:00,-28155.2
2050-06-15 04:00:00,-25243.73
2050-06-15 05:00:00,-22649.14
2050-06-15 06:00:00,-25040.42
2050-06-15 07:00:00,-23044.25
2050-06-15 08:00:00,-15707.13
2050-06-15 09:00:00,-12218.13
2050-06-15 10:00:00,-9645.01
2050-06-15 11:00:00,-4244.6
2050-06-15 12:00:00,-2462.26
2050-06-15 13:00:00,-8998.16
2050-06-15 14:00:00,-14632.71
2050-06-15 15:00:00,-17881.93
2050-06-15 16:00:00,-22381.1
2050-06-15 17:00:00,-24823.92
2050-06-15 18:00:00,-28807.58
2050-06-15 19:00:00,-33697.73
2050-06-15 20:00:00,-40357.18
2050-06-15 21:00:00,-41741.2
2050-06-15 22:00:00,-42227.46
2050-06-15 23:00:00,-31339.88
2050-06-16 00:00:00,-26244.8
2050-06-16 01:00:00,-20548.01
2050-06-16 02:00:00,-23941.51
2050-06-16 03:00:00,-22087.71
2050-06-16 04:00:00,-16314.05
2050-06-16 05:00:00,-17517.64
2050-06-16 06:00:00,-12872.8
2050-06-16 07:00:00,-16131.28
2050-06-16 08:00:00,-15356.21
2050-06-16 09:00:00,-10964.97
2050-06-16 10:00:00,-12385.2
2050-06-16 11:00:00,-10014.88
2050-06-16 12:00:00,-10560.51
2050-06-16 13:00:00,-14960.92
2050-06-16 14:00:00,-13215.24
2050-06-16 15:00:00,-9577.59
2050-06-16 16:00:00,-20105.93
2050-06-16 17:00:00,-26836.04
2050-06-16 18:00:00,-16660.36
2050-06-16 19:00:00,-21011.6
2050-06-16 20:00:00,-22028.27
2050-06-16 21:00:00,-25359.16
2050-06-16 22:00:00,-30740.54
2050-06-16 23:00:00,-31075.55
2050-06-17 00:00:00,-21496.58
2050-06-17 01:00:00,-13251.92
2050-06-17 02:00:00,-9805.5
2050-06-17 03:00:00,-9245.59
2050-06-17 04:00:00,-11086.68
2050-06-17 05:00:00,-20095.64
2050-06-17 06:00:00,-18301.88
2050-06-17 07:00:00,-9328.14
2050-06-17 08:00:00,-11563.44
2050-06-17 09:00:00,-8836.3
2050-06-17 10:00:00,-7909.04
2050-06-17 11:00:00,-10638.59
2050-06-17 12:00:00,-10773.7
2050-06-17 13:00:00,-9308.45
2050-06-17 14:00:00,-1236.88
2050-06-17 15:00:00,621.82
2050-06-17 16:00:00,-6126.5
2050-06-17 17:00:00,-26765.48
2050-06-17 18:00:00,-25127.64
2050-06-17 19:00:00,-21846.85
2050-06-17 20:00:00,-24187.28
2050-06-17 21:00:00,-20939.62
2050-06-17 22:00:00,-30280.24
2050-06-17 23:00:00,-20828.66
2050-06-18 00:00:00,-20164.76
2050-06-18 01:00:00,-16218.86
2050-06-18 02:00:00,-15091.31
2050-06-18 03:00:00,-21270.22
2050-06-18 04:00:00,-20270.47
2050-06-18 05:00:00,-16018.12
2050-06-18 06:00:00,-20535.03
2050-06-18 07:00:00,-18458.44
2050-06-18 08:00:00,-13929.16
2050-06-18 09:00:00,-13893.53
2050-06-18 10:00:00,-24474.44
2050-06-18 11:00:00,-27622.0
2050-06-18 12:00:00,-32461.38
2050-06-18 13:00:00,-39375.76
2050-06-18 14:00:00,-30548.64
2050-06-18 15:00:00,-40449.99
2050-06-18 16:00:00,-50087.97
2050-06-18 17:00:00,-56722.84
2050-06-18 18:00:00,-56895.62
2050-06-18 19:00:00,-58947.32
2050-06-18 20:00:00,-51158.06
2050-06-18 21:00:00,-44145.38
2050-06-18 22:00:00,-37783.39
2050-06-18 23:00:00,-36024.06
2050-06-19 00:00:00,-36347.55
2050-06-19 01:00:00,-43636.06
2050-06-19 02:00:00,-43524.66
2050-06-19 03:00:00,-32404.51
2050-06-19 04:00:00,-37510.51
2050-06-19 05:00:00,-28679.88
2050-06-19 06:00:00,-39388.96
2050-06-19 07:00:00,-37323.02
2050-06-19 08:00:00,-26196.94
2050-06-19 09:00:00,-25353.74
2050-06-19 10:00:00,-19604.71
2050-06-19 11:00:00,-13155.46
2050-06-19 12:00:00,-11514.64
2050-06-19 13:00:00,-14406.63
2050-06-19 14:00:00,-24991.48
2050-06-19 15:00:00,-30239.15
2050-06-19 16:00:00,-33700.78
2050-06-19 17:00:00,-41124.95
2050-06-19 18:00:00,-38240.99
2050-06-19 19:00:00,-18558.61
2050-06-19 20:00:00,-41342.01
2050-06-19 21:00:00,-20039.98
2050-06-19 22:00:00,-22812.63
2050-06-19 23:00:00,-8672.09
2050-06-20 00:00:00,-12168.93
2050-06-20 01:00:00,-29566.72
2050-06-20 02:00:00,-37512.12
2050-06-20 03:00:00,-31733.98
2050-06-20 04:00:00,-26979.79
2050-06-20 05:00:00,-25708.21
2050-06-20 06:00:00,-21792.21
2050-06-20 07:00:00,-20324.47
2050-06-20 08:00:00,-15124.02
2050-06-20 09:00:00,-13951.16
2050-06-20 10:00:00,-16898.14
2050-06-20 11:00:00,-13384.99
2050-06-20 12:00:00,-13193.15
2050-06-20 13:00:00,-13717.58
2050-06-20 14:00:00,-15602.32
2050-06-20 15:00:00,-24200.63
2050-06-20 16:00:00,-27576.51
2050-06-20 17:00:00,-30588.58
2050-06-20 18:00:00,-46148.81
2050-06-20 19:00:00,-48347.78
2050-06-20 20:00:00,-43599.84
2050-06-20 21:00:00,-60176.07
2050-06-20 22:00:00,-55052.88
2050-06-20 23:00:00,-59710.98
2050-06-21 00:00:00,-62711.3
2050-06-21 01:00:00,-68255.05
2050-06-21 02:00:00,-70919.62
2050-06-21 03:00:00,-61968.15
2050-06-21 04:00:00,-49230.2
2050-06-21 05:00:00,-51841.08
2050-06-21 06:00:00,-41278.79
2050-06-21 07:00:00,-30986.34
2050-06-21 08:00:00,-20430.57
2050-06-21 09:00:00,-22932.26
2050-06-21 10:00:00,-20946.36
2050-06-21 11:00:00,-17586.59
2050-06-21 12:00:00,-13864.66
2050-06-21 13:00:00,-4753.04
2050-06-21 14:00:00,-14437.32
2050-06-21 15:00:00,-21814.84
2050-06-21 16:00:00,-29861.2
2050-06-21 17:00:00,-32080.4
2050-06-21 18:00:00,-21738.74
2050-06-21 19:00:00,-31897.36
2050-06-21 20:00:00,-35717.53
2050-06-21 21:00:00,-47652.01
2050-06-21 22:00:00,-50986.86
2050-06-21 23:00:00,-42988.72
2050-06-22 00:00:00,-41234.84
2050-06-22 01:00:00,-46193.56
2050-06-22 02:00:00,-37679.81
2050-06-22 03:00:00,-41363.05
2050-06-22 04:00:00,-29848.6
2050-06-22 05:00:00,-38188.03
2050-06-22 06:00:00,-33039.72
2050-06-22 07:00:00,-33282.22
2050-06-22 08:00:00,-23525.94
2050-06-22 09:00:00,-26315.38
2050-06-22 10:00:00,-28940.56
2050-06-22 11:00:00,-21534.22
2050-06-22 12:00:00,-26504.95
2050-06-22 13:00:00,-23462.12
2050-06-22 14:00:00,-29011.16
2050-06-22 15:00:00,-31371.66
2050-06-22 16:00:00,-42058.54
2050-06-22 17:00:00,-37547.5
2050-06-22 18:00:00,-43056.3
2050-06-22 19:00:00,-43500.56
2050-06-22 20:00:00,-46343.61
2050-06-22 21:00:00,-47918.48
2050-06-22 22:00:00,-50104.36
2050-06-22 23:00:00,-46077.84
2050-06-23 00:00:00,-45306.02
2050-06-23 01:00:00,-48248.02
2050-06-23 02:00:00,-56349.35
2050-06-23 03:00:00,-57972.0
2050-06-23 04:00:00,-42385.26
2050-06-23 05:00:00,-42360.84
2050-06-23 06:00:00,-45691.18
2050-06-23 07:00:00,-38070.79
2050-06-23 08:00:00,-32697.0
2050-06-23 09:00:00,-36476.31
2050-06-23 10:00:00,-29287.18
2050-06-23 11:00:00,-22422.91
2050-06-23 12:00:00,-20429.92
2050-06-23 13:00:00,-19847.29
2050-06-23 14:00:00,-25223.18
2050-06-23 15:00:00,-30353.24
2050-06-23 16:00:00,-34426.52
2050-06-23 17:00:00,-40439.57
2050-06-23 18:00:00,-49630.1
2050-06-23 19:00:00,-50399.76
2050-06-23 20:00:00,-37493.42
2050-06-23 21:00:00,-27609.96
2050-06-23 22:00:00,-28688.72
2050-06-23 23:00:00,-28950.97
2050-06-24 00:00:00,-36507.82
2050-06-24 01:00:00,-36760.34
2050-06-24 02:00:00,-33365.53
2050-06-24 03:00:00,-29718.92
2050-06-24 04:00:00,-24820.55
2050-06-24 05:00:00,-27711.66
2050-06-24 06:00:00,-21131.14
2050-06-24 07:00:00,-15964.71
2050-06-24 08:00:00,-4412.8
2050-06-24 09:00:00,-5496.11
2050-06-24 10:00:00,-1511.63
2050-06-24 11:00:00,-1196.3
2050-06-24 12:00:00,-3775.36
2050-06-24 13:00:00,-10381.3
2050-06-24 14:00:00,-11480.19
2050-06-24 15:00:00,-9641.79
2050-06-24 16:00:00,-19797.24
2050-06-24 17:00:00,-22309.14
2050-06-24 18:00:00,-37494.02
2050-06-24 19:00:00,-33296.09
2050-06-24 20:00:00,-43001.16
2050-06-24 21:00:00,-41367.1
2050-06-24 22:00:00,-37798.96
2050-06-24 23:00:00,-24361.78
2050-06-25 00:00:00,-27223.55
2050-06-25 01:00:00,-29922.93
2050-06-25 02:00:00,-23161.39
2050-06-25 03:00:00,-24844.53
2050-06-25 04:00:00,-23223.82
2050-06-25 05:00:00,-16062.46
2050-06-25 06:00:00,-15934.97
2050-06-25 07:00:00,-9203.56
2050-06-25 08:00:00,-3893.36
2050-06-25 09:00:00,-4629.88
2050-06-25 10:00:00,-695.34
2050-06-25 11:00:00,128.89
2050-06-25 12:00:00,3092.44
2050-06-25 13:00:00,1292.96
2050-06-25 14:00:00,-482.9
2050-06-25 15:00:00,-5573.01
2050-06-25 16:00:00,-7881.71
2050-06-25 17:00:00,-9206.04
2050-06-25 18:00:00,-8851.66
2050-06-25 19:00:00,-13424.28
2050-06-25 20:00:00,-14065.64
2050-06-25 21:00:00,-16908.07
2050-06-25 22:00:00,-12249.7
2050-06-25 23:00:00,-19095.38
2050-06-26 00:00:00,-8879.96
2050-06-26 01:00:00,-7065.44
2050-06-26 02:00:00,-6246.64
2050-06-26 03:00:00,-8032.86
2050-06-26 04:00:00,-7126.12
2050-06-26 05:00:00,-5654.96
2050-06-26 06:00:00,-2319.16
2050-06-26 07:00:00,-3201.52
2050-06-26 08:00:00,-1214.32
2050-06-26 09:00:00,1086.55
2050-06-26 10:00:00,1651.05
2050-06-26 11:00:00,19.39
2050-06-26 12:00:00,-4348.49
2050-06-26 13:00:00,-6268.73
2050-06-26 14:00:00,-9815.79
2050-06-26 15:00:00,-19952.29
2050-06-26 16:00:00,-35521.85
2050-06-26 17:00:00,-45602.38
2050-06-26 18:00:00,-45645.98
2050-06-26 19:00:00,-46735.13
2050-06-26 20:00:00,-43788.16
2050-06-26 21:00:00,-46582.58
2050-06-26 22:00:00,-42448.43
2050-06-26 23:00:00,-44887.54
2050-06-27 00:00:00,-45590.92
2050-06-27 01:00:00,-47149.06
2050-06-27 02:00:00,-43728.44
2050-06-27 03:00:00,-37943.94
2050-06-27 04:00:00,-21931.96
2050-06-27 05:00:00,-41740.14
2050-06-27 06:00:00,-46969.97
2050-06-27 07:00:00,-40155.53
2050-06-27 08:00:00,-38522.26
2050-06-27 09:00:00,-27613.8
2050-06-27 10:00:00,-27384.8
2050-06-27 11:00:00,-31677.84
2050-06-27 12:00:00,-31495.65
2050-06-27 13:00:00,-31551.83
2050-06-27 14:00:00,-38922.9
2050-06-27 15:00:00,-32715.03
2050-06-27 16:00:00,-47455.97
2050-06-27 17:00:00,-45207.3
2050-06-27 18:00:00,-44614.46
2050-06-27 19:00:00,-52035.6
2050-06-27 20:00:00,-52470.77
2050-06-27 21:00:00,-52727.5
2050-06-27 22:00:00,-43756.94
2050-06-27 23:00:00,-39876.55
2050-06-28 00:00:00,-50357.57
2050-06-28 01:00:00,-49578.49
2050-06-28 02:00:00,-50051.7
2050-06-28 03:00:00,-51215.22
2050-06-28 04:00:00,-31954.28
2050-06-28 05:00:00,-24639.44
2050-06-28 06:00:00,-18126.08
2050-06-28 07:00:00,-8220.21
2050-06-28 08:00:00,-17139.25
2050-06-28 09:00:00,-7373.11
2050-06-28 10:00:00,-9089.82
2050-06-28 11:00:00,-4583.85
2050-06-28 12:00:00,1118.2
2050-06-28 13:00:00,-3295.38
2050-06-28 14:00:00,-2304.85
2050-06-28 15:00:00,-4372.52
2050-06-28 16:00:00,-15756.16
2050-06-28 17:00:00,-19346.51
2050-06-28 18:00:00,-32538.8
2050-06-28 19:00:00,-33222.5
2050-06-28 20:00:00,-35293.27
2050-06-28 21:00:00,-23682.22
2050-06-28 22:00:00,-21904.34
2050-06-28 23:00:00,-29274.46
2050-06-29 00:00:00,-43684.84
2050-06-29 01:00:00,-41454.96
2050-06-29 02:00:00,-45939.91
2050-06-29 03:00:00,-42358.88
2050-06-29 04:00:00,-35683.14
2050-06-29 05:00:00,-23919.4
2050-06-29 06:00:00,-24094.98
2050-06-29 07:00:00,-17097.9
2050-06-29 08:00:00,-13847.98
2050-06-29 09:00:00,-11368.41
2050-06-29 10:00:00,-6725.21
2050-06-29 11:00:00,-3402.25
2050-06-29 12:00:00,675.42
2050-06-29 13:00:00,860.78
2050-06-29 14:00:00,-9265.32
2050-06-29 15:00:00,-16597.69
2050-06-29 16:00:00,-26574.12
2050-06-29 17:00:00,-37138.95
2050-06-29 18:00:00,-48910.73
2050-06-29 19:00:00,-39805.04
2050-06-29 20:00:00,-39784.66
2050-06-29 21:00:00,-46890.99
2050-06-29 22:00:00,-56704.41
2050-06-29 23:00:00,-53117.92
2050-06-30 00:00:00,-47528.86
2050-06-30 01:00:00,-42350.56
2050-06-30 02:00:00,-39673.88
2050-06-30 03:00:00,-34645.03
2050-06-30 04:00:00,-24469.43
2050-06-30 05:00:00,-18047.28
2050-06-30 06:00:00,-22911.48
2050-06-30 07:00:00,-18072.09
2050-06-30 08:00:00,-17718.79
2050-06-30 09:00:00,-10449.68
2050-06-30 10:00:00,-5007.4
2050-06-30 11:00:00,-1918.53
2050-06-30 12:00:00,-5615.12
2050-06-30 13:00:00,-16755.66
2050-06-30 14:00:00,-19282.12
2050-06-30 15:00:00,-32164.94
2050-06-30 16:00:00,-39322.78
2050-06-30 17:00:00,-53268.5
2050-06-30 18:00:00,-58707.02
2050-06-30 19:00:00,-62434.51
2050-06-30 20:00:00,-54368.81
2050-06-30 21:00:00,-53552.52
2050-06-30 22:00:00,-47962.2
2050-06-30 23:00:00,-41889.15
2050-07-01 00:00:00,-35478.28
2050-07-01 01:00:00,-37269.44
2050-07-01 02:00:00,-27382.77
2050-07-01 03:00:00,-31805.82
2050-07-01 04:00:00,-39696.42
2050-07-01 05:00:00,-20771.18
2050-07-01 06:00:00,-19003.94
2050-07-01 07:00:00,-18775.95
2050-07-01 08:00:00,-12982.09
2050-07-01 09:00:00,-10571.05
2050-07-01 10:00:00,-11183.0
2050-07-01 11:00:00,-10188.3
2050-07-01 12:00:00,-12292.38
2050-07-01 13:00:00,-23892.26
2050-07-01 14:00:00,-24473.02
2050-07-01 15:00:00,-32686.96
2050-07-01 16:00:00,-40456.37
2050-07-01 17:00:00,-44537.54
2050-07-01 18:00:00,-55863.54
2050-07-01 19:00:00,-53717.82
2050-07-01 20:00:00,-44552.76
2050-07-01 21:00:00,-22234.52
2050-07-01 22:00:00,-35600.1
2050-07-01 23:00:00,-29781.62
2050-07-02 00:00:00,-21639.56
2050-07-02 01:00:00,-15262.34
2050-07-02 02:00:00,-16871.08
2050-07-02 03:00:00,-22373.42
2050-07-02 04:00:00,-19827.58
2050-07-02 05:00:00,-14875.89
2050-07-02 06:00:00,-11969.69
2050-07-02 07:00:00,-12610.41
2050-07-02 08:00:00,-8592.85
2050-07-02 09:00:00,-3932.96
2050-07-02 10:00:00,-5940.25
2050-07-02 11:00:00,-3071.0
2050-07-02 12:00:00,-6311.61
2050-07-02 13:00:00,-11690.99
2050-07-02 14:00:00,-16131.64
2050-07-02 15:00:00,-8909.12
2050-07-02 16:00:00,-30958.59
2050-07-02 17:00:00,-25803.61
2050-07-02 18:00:00,-39861.89
2050-07-02 19:00:00,-13162.03
2050-07-02 20:00:00,-28511.06
2050-07-02 21:00:00,-21212.01
2050-07-02 22:00:00,-24958.64
2050-07-02 23:00:00,-25663.88
2050-07-03 00:00:00,-24046.75
2050-07-03 01:00:00,-23266.47
2050-07-03 02:00:00,-20909.68
2050-07-03 03:00:00,-22392.53
2050-07-03 04:00:00,-23007.47
2050-07-03 05:00:00,-18891.44
2050-07-03 06:00:00,-15745.19
2050-07-03 07:00:00,-10922.97
2050-07-03 08:00:00,-7131.3
2050-07-03 09:00:00,-2809.94
2050-07-03 10:00:00,483.63
2050-07-03 11:00:00,2740.6
2050-07-03 12:00:00,3919.55
2050-07-03 13:00:00,4233.62
2050-07-03 14:00:00,3721.73
2050-07-03 15:00:00,-534.99
2050-07-03 16:00:00,-5689.9
2050-07-03 17:00:00,-6296.02
2050-07-03 18:00:00,-17216.02
2050-07-03 19:00:00,-22663.99
2050-07-03 20:00:00,-14441.84
2050-07-03 21:00:00,-9348.04
2050-07-03 22:00:00,-6278.14
2050-07-03 23:00:00,-9009.53
2050-07-04 00:00:00,-2328.37
2050-07-04 01:00:00,-6022.53
2050-07-04 02:00:00,-3467.65
2050-07-04 03:00:00,-4129.1
2050-07-04 04:00:00,-3634.59
2050-07-04 05:00:00,-1337.86
2050-07-04 06:00:00,-6253.39
2050-07-04 07:00:00,-4747.6
2050-07-04 08:00:00,-602.7
2050-07-04 09:00:00,834.17
2050-07-04 10:00:00,989.54
2050-07-04 11:00:00,2985.52
2050-07-04 12:00:00,4444.39
2050-07-04 13:00:00,4874.18
2050-07-04 14:00:00,4827.9
2050-07-04 15:00:00,3429.41
2050-07-04 16:00:00,2718.93
2050-07-04 17:00:00,2006.15
2050-07-04 18:00:00,-2844.01
2050-07-04 19:00:00,-1339.18
2050-07-04 20:00:00,-4851.28
2050-07-04 21:00:00,-2283.18
2050-07-04 22:00:00,-120.98
2050-07-04 23:00:00,1040.83
2050-07-05 00:00:00,-447.31
2050-07-05 01:00:00,-3275.5
2050-07-05 02:00:00,-6448.4
2050-07-05 03:00:00,-6017.86
2050-07-05 04:00:00,-4911.98
2050-07-05 05:00:00,-2536.27
2050-07-05 06:00:00,-4318.08
2050-07-05 07:00:00,-975.07
2050-07-05 08:00:00,711.97
2050-07-05 09:00:00,-314.64
2050-07-05 10:00:00,-1343.83
2050-07-05 11:00:00,-1363.35
2050-07-05 12:00:00,-4627.11
2050-07-05 13:00:00,-8590.6
2050-07-05 14:00:00,-13754.48
2050-07-05 15:00:00,-21581.64
2050-07-05 16:00:00,-30528.84
2050-07-05 17:00:00,-23740.47
2050-07-05 18:00:00,-33405.91
2050-07-05 19:00:00,-51223.41
2050-07-05 20:00:00,-45466.64
2050-07-05 21:00:00,-41936.43
2050-07-05 22:00:00,-42344.22
2050-07-05 23:00:00,-38087.63
2050-07-06 00:00:00,-34276.59
2050-07-06 01:00:00,-38067.58
2050-07-06 02:00:00,-34915.75
2050-07-06 03:00:00,-27844.12
2050-07-06 04:00:00,-29095.48
2050-07-06 05:00:00,-28598.29
2050-07-06 06:00:00,-25925.07
2050-07-06 07:00:00,-11208.92
2050-07-06 08:00:00,-15209.77
2050-07-06 09:00:00,-5673.45
2050-07-06 10:00:00,-6898.77
2050-07-06 11:00:00,-4911.54
2050-07-06 12:00:00,-10602.72
2050-07-06 13:00:00,-17909.4
2050-07-06 14:00:00,-16849.43
2050-07-06 15:00:00,-38647.3
2050-07-06 16:00:00,-39250.72
2050-07-06 17:00:00,-55157.24
2050-07-06 18:00:00,-40743.26
2050-07-06 19:00:00,-36957.57
2050-07-06 20:00:00,-29576.41
2050-07-06 21:00:00,-23190.9
2050-07-06 22:00:00,-24766.32
2050-07-06 23:00:00,-18866.76
2050-07-07 00:00:00,-40531.96
2050-07-07 01:00:00,-37647.81
2050-07-07 02:00:00,-36379.04
2050-07-07 03:00:00,-31927.28
2050-07-07 04:00:00,-31875.12
2050-07-07 05:00:00,-29807.25
2050-07-07 06:00:00,-33166.25
2050-07-07 07:00:00,-23365.88
2050-07-07 08:00:00,-20942.54
2050-07-07 09:00:00,-17096.85
2050-07-07 10:00:00,-17924.28
2050-07-07 11:00:00,-21084.34
2050-07-07 12:00:00,-26267.74
2050-07-07 13:00:00,-26650.78
2050-07-07 14:00:00,-24624.52
2050-07-07 15:00:00,-40179.57
2050-07-07 16:00:00,-21535.59
2050-07-07 17:00:00,-18161.53
2050-07-07 18:00:00,-15550.91
2050-07-07 19:00:00,-13551.48
2050-07-07 20:00:00,-19020.56
2050-07-07 21:00:00,-22352.04
2050-07-07 22:00:00,-22955.6
2050-07-07 23:00:00,-14178.11
2050-07-08 00:00:00,-11796.31
2050-07-08 01:00:00,-10091.11
2050-07-08 02:00:00,-12817.08
2050-07-08 03:00:00,-9334.62
2050-07-08 04:00:00,-9422.26
2050-07-08 05:00:00,-7040.97
2050-07-08 06:00:00,-6090.76
2050-07-08 07:00:00,-5307.61
2050-07-08 08:00:00,-2949.8
2050-07-08 09:00:00,-1692.16
2050-07-08 10:00:00,-4242.41
2050-07-08 11:00:00,-6209.91
2050-07-08 12:00:00,-5994.13
2050-07-08 13:00:00,-11426.87
2050-07-08 14:00:00,-17584.13
2050-07-08 15:00:00,-22789.29
2050-07-08 16:00:00,-17862.53
2050-07-08 17:00:00,-17544.79
2050-07-08 18:00:00,-18140.84
2050-07-08 19:00:00,-14960.59
2050-07-08 20:00:00,-4265.55
2050-07-08 21:00:00,-12117.68
2050-07-08 22:00:00,-11727.13
2050-07-08 23:00:00,-5962.63
2050-07-09 00:00:00,-3584.54
2050-07-09 01:00:00,-3339.98
2050-07-09 02:00:00,-3970.98
2050-07-09 03:00:00,-10644.9
2050-07-09 04:00:00,-23850.2
2050-07-09 05:00:00,-11759.66
2050-07-09 06:00:00,-6621.85
2050-07-09 07:00:00,698.3
2050-07-09 08:00:00,-3167.34
2050-07-09 09:00:00,-8055.17
2050-07-09 10:00:00,-5820.1
2050-07-09 11:00:00,-2972.11
2050-07-09 12:00:00,-4375.85
2050-07-09 13:00:00,-3215.58
2050-07-09 14:00:00,-181.5
2050-07-09 15:00:00,1230.36
2050-07-09 16:00:00,-2328.12
2050-07-09 17:00:00,-4836.97
2050-07-09 18:00:00,-17048.05
2050-07-09 19:00:00,-24856.77
2050-07-09 20:00:00,-23400.3
2050-07-09 21:00:00,-20692.38
2050-07-09 22:00:00,-16308.84
2050-07-09 23:00:00,-23706.37
2050-07-10 00:00:00,-4047.17
2050-07-10 01:00:00,-12347.12
2050-07-10 02:00:00,-16960.2
2050-07-10 03:00:00,-15352.71
2050-07-10 04:00:00,-13782.36
2050-07-10 05:00:00,-12866.31
2050-07-10 06:00:00,-15075.88
2050-07-10 07:00:00,-12757.86
2050-07-10 08:00:00,-14013.79
2050-07-10 09:00:00,-6189.53
2050-07-10 10:00:00,-2964.6
2050-07-10 11:00:00,-3955.56
2050-07-10 12:00:00,-8435.61
2050-07-10 13:00:00,-5985.64
2050-07-10 14:00:00,-7864.1
2050-07-10 15:00:00,-10082.38
2050-07-10 16:00:00,-18795.55
2050-07-10 17:00:00,-21748.14
2050-07-10 18:00:00,-24879.13
2050-07-10 19:00:00,-33358.71
2050-07-10 20:00:00,-31054.59
2050-07-10 21:00:00,-40742.16
2050-07-10 22:00:00,-39157.08
2050-07-10 23:00:00,-46448.02
2050-07-11 00:00:00,-29060.14
2050-07-11 01:00:00,-28215.35
2050-07-11 02:00:00,-24696.77
2050-07-11 03:00:00,-17828.3
2050-07-11 04:00:00,-16140.2
2050-07-11 05:00:00,-13451.8
2050-07-11 06:00:00,-19129.96
2050-07-11 07:00:00,-12497.99
2050-07-11 08:00:00,-8885.37
2050-07-11 09:00:00,-5286.82
2050-07-11 10:00:00,-3745.45
2050-07-11 11:00:00,-3217.3
2050-07-11 12:00:00,-5853.77
2050-07-11 13:00:00,-4223.75
2050-07-11 14:00:00,-7305.88
2050-07-11 15:00:00,-15461.16
2050-07-11 16:00:00,-22860.63
2050-07-11 17:00:00,-40393.56
2050-07-11 18:00:00,-25126.43
2050-07-11 19:00:00,-27332.36
2050-07-11 20:00:00,-33456.34
2050-07-11 21:00:00,-21336.96
2050-07-11 22:00:00,-19800.77
2050-07-11 23:00:00,-29233.93
2050-07-12 00:00:00,-12651.96
2050-07-12 01:00:00,-21961.59
2050-07-12 02:00:00,-26941.89
2050-07-12 03:00:00,-21192.88
2050-07-12 04:00:00,-16522.4
2050-07-12 05:00:00,-9217.62
2050-07-12 06:00:00,-14290.27
2050-07-12 07:00:00,-12582.32
2050-07-12 08:00:00,-10879.07
2050-07-12 09:00:00,-9024.02
2050-07-12 10:00:00,-11940.43
2050-07-12 11:00:00,-9000.14
2050-07-12 12:00:00,-13430.81
2050-07-12 13:00:00,-19518.98
2050-07-12 14:00:00,-19740.65
2050-07-12 15:00:00,-24306.44
2050-07-12 16:00:00,-34484.27
2050-07-12 17:00:00,-31048.5
2050-07-12 18:00:00,-44101.13
2050-07-12 19:00:00,-62764.6
2050-07-12 20:00:00,-65827.2
2050-07-12 21:00:00,-45434.66
2050-07-12 22:00:00,-47929.12
2050-07-12 23:00:00,-40425.81
2050-07-13 00:00:00,-30359.27
2050-07-13 01:00:00,-23328.18
2050-07-13 02:00:00,-23309.15
2050-07-13 03:00:00,-13571.14
2050-07-13 04:00:00,-11774.11
2050-07-13 05:00:00,-6972.45
2050-07-13 06:00:00,-5512.82
2050-07-13 07:00:00,-3093.29
2050-07-13 08:00:00,-4836.25
2050-07-13 09:00:00,-4537.21
2050-07-13 10:00:00,-3887.59
2050-07-13 11:00:00,-3576.86
2050-07-13 12:00:00,-1371.2
2050-07-13 13:00:00,-5958.42
2050-07-13 14:00:00,-9483.59
2050-07-13 15:00:00,-16472.71
2050-07-13 16:00:00,-13624.69
2050-07-13 17:00:00,-17038.7
2050-07-13 18:00:00,-19200.52
2050-07-13 19:00:00,-23427.94
2050-07-13 20:00:00,-27297.98
2050-07-13 21:00:00,-22587.44
2050-07-13 22:00:00,-22135.36
2050-07-13 23:00:00,-26415.39
2050-07-14 00:00:00,-30529.75
2050-07-14 01:00:00,-27199.22
2050-07-14 02:00:00,-26090.02
2050-07-14 03:00:00,-16757.39
2050-07-14 04:00:00,-13285.97
2050-07-14 05:00:00,-6605.94
2050-07-14 06:00:00,-6781.18
2050-07-14 07:00:00,-208.17
2050-07-14 08:00:00,-2914.32
2050-07-14 09:00:00,-4293.5
2050-07-14 10:00:00,-11470.73
2050-07-14 11:00:00,-6509.96
2050-07-14 12:00:00,-9071.05
2050-07-14 13:00:00,-4204.51
2050-07-14 14:00:00,-7911.59
2050-07-14 15:00:00,-14763.31
2050-07-14 16:00:00,-14641.03
2050-07-14 17:00:00,-38878.8
2050-07-14 18:00:00,-30866.57
2050-07-14 19:00:00,-42116.94
2050-07-14 20:00:00,-49567.46
2050-07-14 21:00:00,-35146.22
2050-07-14 22:00:00,-42155.18
2050-07-14 23:00:00,-32002.85
2050-07-15 00:00:00,-23806.56
2050-07-15 01:00:00,-16578.96
2050-07-15 02:00:00,-20628.97
2050-07-15 03:00:00,-11955.24
2050-07-15 04:00:00,-12153.34
2050-07-15 05:00:00,-11189.43
2050-07-15 06:00:00,-4268.32
2050-07-15 07:00:00,-538.51
2050-07-15 08:00:00,-3160.51
2050-07-15 09:00:00,-1790.34
2050-07-15 10:00:00,2246.81
2050-07-15 11:00:00,2856.99
2050-07-15 12:00:00,1430.09
2050-07-15 13:00:00,66.16
2050-07-15 14:00:00,2274.1
2050-07-15 15:00:00,2080.11
2050-07-15 16:00:00,-932.39
2050-07-15 17:00:00,-8382.04
2050-07-15 18:00:00,-13579.09
2050-07-15 19:00:00,-21274.16
2050-07-15 20:00:00,-13985.7
2050-07-15 21:00:00,-24851.53
2050-07-15 22:00:00,-35151.97
2050-07-15 23:00:00,-37159.99
2050-07-16 00:00:00,-35439.08
2050-07-16 01:00:00,-32692.38
2050-07-16 02:00:00,-27113.46
2050-07-16 03:00:00,-24181.18
2050-07-16 04:00:00,-18081.78
2050-07-16 05:00:00,-19006.39
2050-07-16 06:00:00,-14383.66
2050-07-16 07:00:00,-9327.05
2050-07-16 08:00:00,-10678.71
2050-07-16 09:00:00,-1861.05
2050-07-16 10:00:00,-633.19
2050-07-16 11:00:00,1047.32
2050-07-16 12:00:00,-10.1
2050-07-16 13:00:00,-760.73
2050-07-16 14:00:00,-4471.24
2050-07-16 15:00:00,-11384.2
2050-07-16 16:00:00,-15589.59
2050-07-16 17:00:00,-21609.24
2050-07-16 18:00:00,-22223.96
2050-07-16 19:00:00,-31165.46
2050-07-16 20:00:00,-28473.7
2050-07-16 21:00:00,-19765.77
2050-07-16 22:00:00,-18378.88
2050-07-16 23:00:00,-16584.43
2050-07-17 00:00:00,-17633.89
2050-07-17 01:00:00,-10457.39
2050-07-17 02:00:00,-9746.31
2050-07-17 03:00:00,-6074.28
2050-07-17 04:00:00,-1022.46
2050-07-17 05:00:00,-2150.36
2050-07-17 06:00:00,-2995.72
2050-07-17 07:00:00,-2502.27
2050-07-17 08:00:00,-4435.64
2050-07-17 09:00:00,-4091.11
2050-07-17 10:00:00,-4822.76
2050-07-17 11:00:00,-5306.69
2050-07-17 12:00:00,-7437.39
2050-07-17 13:00:00,-13825.95
2050-07-17 14:00:00,-23371.04
2050-07-17 15:00:00,-35327.34
2050-07-17 16:00:00,-41716.15
2050-07-17 17:00:00,-41020.3
2050-07-17 18:00:00,-45521.7
2050-07-17 19:00:00,-56059.62
2050-07-17 20:00:00,-51678.76
2050-07-17 21:00:00,-35862.79
2050-07-17 22:00:00,-19609.69
2050-07-17 23:00:00,-11729.86
2050-07-18 00:00:00,-14635.62
2050-07-18 01:00:00,-6599.38
2050-07-18 02:00:00,-12006.88
2050-07-18 03:00:00,-11106.32
2050-07-18 04:00:00,-13803.84
2050-07-18 05:00:00,-13118.62
2050-07-18 06:00:00,-11496.44
2050-07-18 07:00:00,-18536.82
2050-07-18 08:00:00,-12215.12
2050-07-18 09:00:00,-12630.08
2050-07-18 10:00:00,-15009.12
2050-07-18 11:00:00,-21104.86
2050-07-18 12:00:00,-23031.78
2050-07-18 13:00:00,-18031.54
2050-07-18 14:00:00,-23079.41
2050-07-18 15:00:00,-20594.98
2050-07-18 16:00:00,-31825.78
2050-07-18 17:00:00,-41838.19
2050-07-18 18:00:00,-44095.87
2050-07-18 19:00:00,-39281.8
2050-07-18 20:00:00,-32015.15
2050-07-18 21:00:00,-35211.43
2050-07-18 22:00:00,-35429.8
2050-07-18 23:00:00,-37013.01
2050-07-19 00:00:00,-30608.3
2050-07-19 01:00:00,-22213.41
2050-07-19 02:00:00,-21560.44
2050-07-19 03:00:00,-23265.13
2050-07-19 04:00:00,-20124.02
2050-07-19 05:00:00,-13231.46
2050-07-19 06:00:00,-11985.44
2050-07-19 07:00:00,-10532.01
2050-07-19 08:00:00,-5044.73
2050-07-19 09:00:00,-5920.64
2050-07-19 10:00:00,-1335.95
2050-07-19 11:00:00,-2210.66
2050-07-19 12:00:00,-2016.85
2050-07-19 13:00:00,-310.07
2050-07-19 14:00:00,-673.38
2050-07-19 15:00:00,-8510.17
2050-07-19 16:00:00,-15115.19
2050-07-19 17:00:00,-16333.88
2050-07-19 18:00:00,-27117.84
2050-07-19 19:00:00,-20080.72
2050-07-19 20:00:00,-22169.75
2050-07-19 21:00:00,-27028.46
2050-07-19 22:00:00,-30646.7
2050-07-19 23:00:00,-28064.63
2050-07-20 00:00:00,-22401.7
2050-07-20 01:00:00,-26346.78
2050-07-20 02:00:00,-26311.73
2050-07-20 03:00:00,-27637.54
2050-07-20 04:00:00,-21416.64
2050-07-20 05:00:00,-16117.9
2050-07-20 06:00:00,-9896.34
2050-07-20 07:00:00,-12189.24
2050-07-20 08:00:00,-10300.25
2050-07-20 09:00:00,-4545.1
2050-07-20 10:00:00,365.88
2050-07-20 11:00:00,2450.58
2050-07-20 12:00:00,5225.0
2050-07-20 13:00:00,4152.35
2050-07-20 14:00:00,-1719.88
2050-07-20 15:00:00,-17444.47
2050-07-20 16:00:00,-12796.82
2050-07-20 17:00:00,-22305.86
2050-07-20 18:00:00,-24576.94
2050-07-20 19:00:00,-31673.41
2050-07-20 20:00:00,-36980.74
2050-07-20 21:00:00,-44006.6
2050-07-20 22:00:00,-35076.2
2050-07-20 23:00:00,-16341.76
2050-07-21 00:00:00,-19634.03
2050-07-21 01:00:00,-14305.3
2050-07-21 02:00:00,-9652.65
2050-07-21 03:00:00,-13475.84
2050-07-21 04:00:00,-14760.12
2050-07-21 05:00:00,-11615.51
2050-07-21 06:00:00,-8716.01
2050-07-21 07:00:00,-15019.18
2050-07-21 08:00:00,-12318.76
2050-07-21 09:00:00,-10695.52
2050-07-21 10:00:00,-10707.0
2050-07-21 11:00:00,-3887.2
2050-07-21 12:00:00,-3887.05
2050-07-21 13:00:00,-7750.08
2050-07-21 14:00:00,-29255.88
2050-07-21 15:00:00,-29293.88
2050-07-21 16:00:00,-35862.6
2050-07-21 17:00:00,-37780.69
2050-07-21 18:00:00,-40171.22
2050-07-21 19:00:00,-40340.3
2050-07-21 20:00:00,-55296.78
2050-07-21 21:00:00,-61296.44
2050-07-21 22:00:00,-64328.64
2050-07-21 23:00:00,-68394.75
2050-07-22 00:00:00,-70169.22
2050-07-22 01:00:00,-67626.91
2050-07-22 02:00:00,-65523.8
2050-07-22 03:00:00,-45344.34
2050-07-22 04:00:00,-39998.65
2050-07-22 05:00:00,-31895.22
2050-07-22 06:00:00,-25468.09
2050-07-22 07:00:00,-18862.76
2050-07-22 08:00:00,-9264.29
2050-07-22 09:00:00,-12230.3
2050-07-22 10:00:00,-4059.52
2050-07-22 11:00:00,921.07
2050-07-22 12:00:00,-2838.6
2050-07-22 13:00:00,-3408.88
2050-07-22 14:00:00,-9027.46
2050-07-22 15:00:00,-12832.9
2050-07-22 16:00:00,-29764.09
2050-07-22 17:00:00,-30236.65
2050-07-22 18:00:00,-43149.72
2050-07-22 19:00:00,-64092.93
2050-07-22 20:00:00,-32533.47
2050-07-22 21:00:00,-23279.4
2050-07-22 22:00:00,-15565.32
2050-07-22 23:00:00,-7370.98
2050-07-23 00:00:00,-15989.8
2050-07-23 01:00:00,-46334.93
2050-07-23 02:00:00,-42383.08
2050-07-23 03:00:00,-49725.14
2050-07-23 04:00:00,-30872.15
2050-07-23 05:00:00,-29187.92
2050-07-23 06:00:00,-25708.95
2050-07-23 07:00:00,-31192.03
2050-07-23 08:00:00,-31034.41
2050-07-23 09:00:00,-15789.28
2050-07-23 10:00:00,-12057.67
2050-07-23 11:00:00,-5584.55
2050-07-23 12:00:00,1145.66
2050-07-23 13:00:00,1584.99
2050-07-23 14:00:00,-2505.7
2050-07-23 15:00:00,-5230.54
2050-07-23 16:00:00,-11263.87
2050-07-23 17:00:00,-19666.83
2050-07-23 18:00:00,-32249.1
2050-07-23 19:00:00,-40766.69
2050-07-23 20:00:00,-33890.06
2050-07-23 21:00:00,-32125.88
2050-07-23 22:00:00,-30611.19
2050-07-23 23:00:00,-33031.2
2050-07-24 00:00:00,-23380.99
2050-07-24 01:00:00,-26352.3
2050-07-24 02:00:00,-27455.46
2050-07-24 03:00:00,-15988.04
2050-07-24 04:00:00,-16274.54
2050-07-24 05:00:00,-12390.24
2050-07-24 06:00:00,-10701.88
2050-07-24 07:00:00,-7288.14
2050-07-24 08:00:00,-4102.93
2050-07-24 09:00:00,-4987.28
2050-07-24 10:00:00,26.2
2050-07-24 11:00:00,516.92
2050-07-24 12:00:00,-1645.23
2050-07-24 13:00:00,-7198.79
2050-07-24 14:00:00,-14048.56
2050-07-24 15:00:00,-12382.45
2050-07-24 16:00:00,-18987.2
2050-07-24 17:00:00,-16476.8
2050-07-24 18:00:00,-16483.72
2050-07-24 19:00:00,-22878.54
2050-07-24 20:00:00,-25573.89
2050-07-24 21:00:00,-22647.04
2050-07-24 22:00:00,-26115.44
2050-07-24 23:00:00,-17089.88
2050-07-25 00:00:00,-20954.51
2050-07-25 01:00:00,-19023.59
2050-07-25 02:00:00,-23229.04
2050-07-25 03:00:00,-23468.08
2050-07-25 04:00:00,-24543.14
2050-07-25 05:00:00,-24726.82
2050-07-25 06:00:00,-27286.8
2050-07-25 07:00:00,-24733.92
2050-07-25 08:00:00,-28307.3
2050-07-25 09:00:00,-17371.51
2050-07-25 10:00:00,-13204.2
2050-07-25 11:00:00,-13824.2
2050-07-25 12:00:00,-11948.75
2050-07-25 13:00:00,-10513.48
2050-07-25 14:00:00,-19480.17
2050-07-25 15:00:00,-28901.54
2050-07-25 16:00:00,-27278.12
2050-07-25 17:00:00,-29844.81
2050-07-25 18:00:00,-35749.08
2050-07-25 19:00:00,-37943.09
2050-07-25 20:00:00,-15825.12
2050-07-25 21:00:00,-25422.91
2050-07-25 22:00:00,-20400.16
2050-07-25 23:00:00,-28261.56
2050-07-26 00:00:00,-28603.68
2050-07-26 01:00:00,-22210.41
2050-07-26 02:00:00,-15402.72
2050-07-26 03:00:00,-10269.05
2050-07-26 04:00:00,-8166.74
2050-07-26 05:00:00,-13153.37
2050-07-26 06:00:00,-15330.47
2050-07-26 07:00:00,-11087.36
2050-07-26 08:00:00,-6837.97
2050-07-26 09:00:00,-1251.64
2050-07-26 10:00:00,2245.5
2050-07-26 11:00:00,540.38
2050-07-26 12:00:00,1325.36
2050-07-26 13:00:00,1342.38
2050-07-26 14:00:00,628.28
2050-07-26 15:00:00,-5307.97
2050-07-26 16:00:00,-13207.04
2050-07-26 17:00:00,-25356.78
2050-07-26 18:00:00,-29715.0
2050-07-26 19:00:00,-33936.44
2050-07-26 20:00:00,-26744.84
2050-07-26 21:00:00,-24720.42
2050-07-26 22:00:00,-21521.02
2050-07-26 23:00:00,-16784.33
2050-07-27 00:00:00,-14187.42
2050-07-27 01:00:00,-17520.03
2050-07-27 02:00:00,-13505.33
2050-07-27 03:00:00,-9339.92
2050-07-27 04:00:00,-6669.74
2050-07-27 05:00:00,-1710.09
2050-07-27 06:00:00,-2687.56
2050-07-27 07:00:00,-1295.89
2050-07-27 08:00:00,149.47
2050-07-27 09:00:00,44.26
2050-07-27 10:00:00,-1652.68
2050-07-27 11:00:00,-2359.69
2050-07-27 12:00:00,-4128.29
2050-07-27 13:00:00,-4962.8
2050-07-27 14:00:00,-16426.64
2050-07-27 15:00:00,-28825.05
2050-07-27 16:00:00,-36152.28
2050-07-27 17:00:00,-40219.4
2050-07-27 18:00:00,-41356.08
2050-07-27 19:00:00,-45145.12
2050-07-27 20:00:00,-45738.22
2050-07-27 21:00:00,-44186.61
2050-07-27 22:00:00,-37733.11
2050-07-27 23:00:00,-24228.74
2050-07-28 00:00:00,-12626.93
2050-07-28 01:00:00,-19185.58
2050-07-28 02:00:00,-17605.61
2050-07-28 03:00:00,-12609.53
2050-07-28 04:00:00,-3928.31
2050-07-28 05:00:00,1128.55
2050-07-28 06:00:00,-1613.43
2050-07-28 07:00:00,-1267.62
2050-07-28 08:00:00,181.07
2050-07-28 09:00:00,-425.36
2050-07-28 10:00:00,818.39
2050-07-28 11:00:00,2392.32
2050-07-28 12:00:00,4207.06
2050-07-28 13:00:00,4166.06
2050-07-28 14:00:00,2361.37
2050-07-28 15:00:00,-3247.84
2050-07-28 16:00:00,-14734.32
2050-07-28 17:00:00,-22473.4
2050-07-28 18:00:00,-24996.6
2050-07-28 19:00:00,-22867.86
2050-07-28 20:00:00,-27134.74
2050-07-28 21:00:00,-21944.11
2050-07-28 22:00:00,-24498.6
2050-07-28 23:00:00,-23347.34
2050-07-29 00:00:00,-30101.51
2050-07-29 01:00:00,-15088.48
2050-07-29 02:00:00,-15107.46
2050-07-29 03:00:00,-17019.94
2050-07-29 04:00:00,-21252.07
2050-07-29 05:00:00,-22781.75
2050-07-29 06:00:00,-18356.89
2050-07-29 07:00:00,-21144.84
2050-07-29 08:00:00,-16141.27
2050-07-29 09:00:00,-10045.3
2050-07-29 10:00:00,-11267.29
2050-07-29 11:00:00,-13500.63
2050-07-29 12:00:00,-11701.12
2050-07-29 13:00:00,-15856.73
2050-07-29 14:00:00,-27499.5
2050-07-29 15:00:00,-31187.18
2050-07-29 16:00:00,-29772.43
2050-07-29 17:00:00,-37615.6
2050-07-29 18:00:00,-43032.38
2050-07-29 19:00:00,-46008.08
2050-07-29 20:00:00,-38420.72
2050-07-29 21:00:00,-45103.71
2050-07-29 22:00:00,-33323.32
2050-07-29 23:00:00,-29921.86
2050-07-30 00:00:00,-29399.84
2050-07-30 01:00:00,-29099.78
2050-07-30 02:00:00,-34003.91
2050-07-30 03:00:00,-25007.9
2050-07-30 04:00:00,-26602.87
2050-07-30 05:00:00,-23890.13
2050-07-30 06:00:00,-27199.94
2050-07-30 07:00:00,-18638.98
2050-07-30 08:00:00,-15160.84
2050-07-30 09:00:00,-17507.66
2050-07-30 10:00:00,-16551.88
2050-07-30 11:00:00,-11571.66
2050-07-30 12:00:00,-8544.09
2050-07-30 13:00:00,-12065.14
2050-07-30 14:00:00,-9753.2
2050-07-30 15:00:00,-12945.92
2050-07-30 16:00:00,-23045.18
2050-07-30 17:00:00,-29073.61
2050-07-30 18:00:00,-25461.91
2050-07-30 19:00:00,-24053.59
2050-07-30 20:00:00,-22759.74
2050-07-30 21:00:00,-16687.57
2050-07-30 22:00:00,-12068.2
2050-07-30 23:00:00,-12735.37
2050-07-31 00:00:00,-8583.54
2050-07-31 01:00:00,-11768.03
2050-07-31 02:00:00,-10566.34
2050-07-31 03:00:00,-7104.22
2050-07-31 04:00:00,-8010.17
2050-07-31 05:00:00,-5972.56
2050-07-31 06:00:00,-6514.16
2050-07-31 07:00:00,-4901.91
2050-07-31 08:00:00,-2206.13
2050-07-31 09:00:00,-4646.85
2050-07-31 10:00:00,664.42
2050-07-31 11:00:00,1148.58
2050-07-31 12:00:00,2482.72
2050-07-31 13:00:00,1306.83
2050-07-31 14:00:00,2804.8
2050-07-31 15:00:00,843.67
2050-07-31 16:00:00,-7387.13
2050-07-31 17:00:00,-3527.57
2050-07-31 18:00:00,-3669.92
2050-07-31 19:00:00,-9430.25
2050-07-31 20:00:00,-10474.92
2050-07-31 21:00:00,-6846.3
2050-07-31 22:00:00,-7601.44
2050-07-31 23:00:00,-2532.07
2050-08-01 00:00:00,-110.52
2050-08-01 01:00:00,-1888.67
2050-08-01 02:00:00,-3635.12
2050-08-01 03:00:00,-7736.6
2050-08-01 04:00:00,-7953.41
2050-08-01 05:00:00,-7854.78
2050-08-01 06:00:00,-5588.84
2050-08-01 07:00:00,-5099.45
2050-08-01 08:00:00,-4229.26
2050-08-01 09:00:00,-3088.4
2050-08-01 10:00:00,-6172.28
2050-08-01 11:00:00,-761.16
2050-08-01 12:00:00,217.18
2050-08-01 13:00:00,-1344.31
2050-08-01 14:00:00,1654.16
2050-08-01 15:00:00,-1363.96
2050-08-01 16:00:00,-1506.2
2050-08-01 17:00:00,-7699.44
2050-08-01 18:00:00,-12214.04
2050-08-01 19:00:00,-14444.82
2050-08-01 20:00:00,-9349.21
2050-08-01 21:00:00,-6045.21
2050-08-01 22:00:00,-8951.12
2050-08-01 23:00:00,-11245.31
2050-08-02 00:00:00,-10154.94
2050-08-02 01:00:00,-11751.62
2050-08-02 02:00:00,-12037.41
2050-08-02 03:00:00,-14347.0
2050-08-02 04:00:00,-13500.96
2050-08-02 05:00:00,-12152.02
2050-08-02 06:00:00,-14729.39
2050-08-02 07:00:00,-19492.22
2050-08-02 08:00:00,-10761.89
2050-08-02 09:00:00,-3883.93
2050-08-02 10:00:00,-6456.5
2050-08-02 11:00:00,-11227.23
2050-08-02 12:00:00,-11867.26
2050-08-02 13:00:00,-13810.16
2050-08-02 14:00:00,-12852.89
2050-08-02 15:00:00,-22466.02
2050-08-02 16:00:00,-31913.12
2050-08-02 17:00:00,-24618.56
2050-08-02 18:00:00,-19323.43
2050-08-02 19:00:00,-27293.44
2050-08-02 20:00:00,-29532.53
2050-08-02 21:00:00,-26134.23
2050-08-02 22:00:00,-22697.18
2050-08-02 23:00:00,-13846.98
2050-08-03 00:00:00,-23388.51
2050-08-03 01:00:00,-19334.19
2050-08-03 02:00:00,-12268.55
2050-08-03 03:00:00,-18400.66
2050-08-03 04:00:00,-13708.73
2050-08-03 05:00:00,-15124.7
2050-08-03 06:00:00,-10400.77
2050-08-03 07:00:00,-4582.98
2050-08-03 08:00:00,-3959.57
2050-08-03 09:00:00,-2273.43
2050-08-03 10:00:00,-1204.42
2050-08-03 11:00:00,263.22
2050-08-03 12:00:00,-2863.83
2050-08-03 13:00:00,-6728.03
2050-08-03 14:00:00,-12158.98
2050-08-03 15:00:00,-20696.56
2050-08-03 16:00:00,-25967.41
2050-08-03 17:00:00,-32093.9
2050-08-03 18:00:00,-34465.87
2050-08-03 19:00:00,-34002.84
2050-08-03 20:00:00,-36326.51
2050-08-03 21:00:00,-26849.34
2050-08-03 22:00:00,-20036.91
2050-08-03 23:00:00,-23695.99
2050-08-04 00:00:00,-25502.21
2050-08-04 01:00:00,-19169.1
2050-08-04 02:00:00,-18034.29
2050-08-04 03:00:00,-10979.98
2050-08-04 04:00:00,-12506.81
2050-08-04 05:00:00,-9297.63
2050-08-04 06:00:00,-11997.16
2050-08-04 07:00:00,-12076.21
2050-08-04 08:00:00,-5418.44
2050-08-04 09:00:00,-11533.37
2050-08-04 10:00:00,-7220.58
2050-08-04 11:00:00,-16238.55
2050-08-04 12:00:00,-43034.72
2050-08-04 13:00:00,-46948.26
2050-08-04 14:00:00,-51713.61
2050-08-04 15:00:00,-43879.98
2050-08-04 16:00:00,-44453.07
2050-08-04 17:00:00,-43835.6
2050-08-04 18:00:00,-39015.18
2050-08-04 19:00:00,-33500.13
2050-08-04 20:00:00,-30044.77
2050-08-04 21:00:00,-32069.54
2050-08-04 22:00:00,-14418.71
2050-08-04 23:00:00,-22207.25
2050-08-05 00:00:00,-14250.84
2050-08-05 01:00:00,-21893.65
2050-08-05 02:00:00,-19097.69
2050-08-05 03:00:00,-12298.56
2050-08-05 04:00:00,-6260.68
2050-08-05 05:00:00,-9878.49
2050-08-05 06:00:00,-12857.89
2050-08-05 07:00:00,-4859.65
2050-08-05 08:00:00,-1724.61
2050-08-05 09:00:00,-894.09
2050-08-05 10:00:00,-994.44
2050-08-05 11:00:00,2602.58
2050-08-05 12:00:00,4243.66
2050-08-05 13:00:00,3907.73
2050-08-05 14:00:00,2112.32
2050-08-05 15:00:00,-330.14
2050-08-05 16:00:00,-5449.48
2050-08-05 17:00:00,-12260.2
2050-08-05 18:00:00,-19598.39
2050-08-05 19:00:00,-20757.89
2050-08-05 20:00:00,-16165.32
2050-08-05 21:00:00,-20858.56
2050-08-05 22:00:00,-20591.39
2050-08-05 23:00:00,-20830.93
2050-08-06 00:00:00,-23583.44
2050-08-06 01:00:00,-21652.36
2050-08-06 02:00:00,-15321.25
2050-08-06 03:00:00,-12298.62
2050-08-06 04:00:00,-6450.68
2050-08-06 05:00:00,-5109.96
2050-08-06 06:00:00,-9888.75
2050-08-06 07:00:00,-3877.66
2050-08-06 08:00:00,-1183.86
2050-08-06 09:00:00,272.61
2050-08-06 10:00:00,1281.15
2050-08-06 11:00:00,-222.01
2050-08-06 12:00:00,-5652.36
2050-08-06 13:00:00,-6902.71
2050-08-06 14:00:00,-12353.13
2050-08-06 15:00:00,-11393.52
2050-08-06 16:00:00,-13402.59
2050-08-06 17:00:00,-19787.07
2050-08-06 18:00:00,-12548.84
2050-08-06 19:00:00,-19513.6
2050-08-06 20:00:00,-18982.12
2050-08-06 21:00:00,-28326.09
2050-08-06 22:00:00,-22156.18
2050-08-06 23:00:00,-25179.79
2050-08-07 00:00:00,-24709.42
2050-08-07 01:00:00,-31251.5
2050-08-07 02:00:00,-25004.94
2050-08-07 03:00:00,-24937.06
2050-08-07 04:00:00,-22366.86
2050-08-07 05:00:00,-18112.43
2050-08-07 06:00:00,-21210.92
2050-08-07 07:00:00,-24109.27
2050-08-07 08:00:00,-18467.82
2050-08-07 09:00:00,-26281.99
2050-08-07 10:00:00,-26407.7
2050-08-07 11:00:00,-28163.86
2050-08-07 12:00:00,-33770.56
2050-08-07 13:00:00,-24685.8
2050-08-07 14:00:00,-40717.22
2050-08-07 15:00:00,-54347.13
2050-08-07 16:00:00,-57421.18
2050-08-07 17:00:00,-52576.47
2050-08-07 18:00:00,-63973.5
2050-08-07 19:00:00,-68063.96
2050-08-07 20:00:00,-61590.48
2050-08-07 21:00:00,-59878.01
2050-08-07 22:00:00,-20545.16
2050-08-07 23:00:00,-9889.58
2050-08-08 00:00:00,-23775.51
2050-08-08 01:00:00,-16246.78
2050-08-08 02:00:00,-19796.05
2050-08-08 03:00:00,-12061.18
2050-08-08 04:00:00,-12568.66
2050-08-08 05:00:00,-12683.97
2050-08-08 06:00:00,-12824.32
2050-08-08 07:00:00,-11955.1
2050-08-08 08:00:00,-20221.97
2050-08-08 09:00:00,-18937.21
2050-08-08 10:00:00,-11417.98
2050-08-08 11:00:00,-14248.87
2050-08-08 12:00:00,-19016.6
2050-08-08 13:00:00,-20697.0
2050-08-08 14:00:00,-24456.08
2050-08-08 15:00:00,-22658.71
2050-08-08 16:00:00,-33481.76
2050-08-08 17:00:00,-37045.8
2050-08-08 18:00:00,-29406.23
2050-08-08 19:00:00,-26963.14
2050-08-08 20:00:00,-36811.21
2050-08-08 21:00:00,-26426.52
2050-08-08 22:00:00,-14612.78
2050-08-08 23:00:00,-18874.43
2050-08-09 00:00:00,-25962.22
2050-08-09 01:00:00,-27032.86
2050-08-09 02:00:00,-27646.73
2050-08-09 03:00:00,-22480.04
2050-08-09 04:00:00,-15621.64
2050-08-09 05:00:00,-14859.42
2050-08-09 06:00:00,-18073.0
2050-08-09 07:00:00,-16052.8
2050-08-09 08:00:00,-8318.96
2050-08-09 09:00:00,-6921.11
2050-08-09 10:00:00,-5378.31
2050-08-09 11:00:00,-3319.7
2050-08-09 12:00:00,-8000.58
2050-08-09 13:00:00,-4891.62
2050-08-09 14:00:00,-9340.2
2050-08-09 15:00:00,-14017.58
2050-08-09 16:00:00,-15033.2
2050-08-09 17:00:00,-11144.5
2050-08-09 18:00:00,-14917.32
2050-08-09 19:00:00,-15538.04
2050-08-09 20:00:00,-17745.41
2050-08-09 21:00:00,-16190.47
2050-08-09 22:00:00,-13064.47
2050-08-09 23:00:00,-5855.27
2050-08-10 00:00:00,-16798.78
2050-08-10 01:00:00,-2041.7
2050-08-10 02:00:00,-6667.16
2050-08-10 03:00:00,-8117.56
2050-08-10 04:00:00,-3496.98
2050-08-10 05:00:00,-1548.8
2050-08-10 06:00:00,-1163.23
2050-08-10 07:00:00,-185.6
2050-08-10 08:00:00,-886.68
2050-08-10 09:00:00,-1482.25
2050-08-10 10:00:00,-3517.42
2050-08-10 11:00:00,-2985.37
2050-08-10 12:00:00,-4576.45
2050-08-10 13:00:00,-9986.1
2050-08-10 14:00:00,-19093.98
2050-08-10 15:00:00,-32602.28
2050-08-10 16:00:00,-35824.51
2050-08-10 17:00:00,-35044.82
2050-08-10 18:00:00,-41569.04
2050-08-10 19:00:00,-33318.91
2050-08-10 20:00:00,-32849.63
2050-08-10 21:00:00,-27663.16
2050-08-10 22:00:00,-23730.69
2050-08-10 23:00:00,-26545.7
2050-08-11 00:00:00,-19804.64
2050-08-11 01:00:00,-19890.14
2050-08-11 02:00:00,-15326.73
2050-08-11 03:00:00,-13290.48
2050-08-11 04:00:00,-17113.36
2050-08-11 05:00:00,-10228.56
2050-08-11 06:00:00,-17492.54
2050-08-11 07:00:00,-16951.74
2050-08-11 08:00:00,-11951.74
2050-08-11 09:00:00,-18966.46
2050-08-11 10:00:00,-13070.97
2050-08-11 11:00:00,-12390.14
2050-08-11 12:00:00,-7424.58
2050-08-11 13:00:00,-8555.62
2050-08-11 14:00:00,-10642.02
2050-08-11 15:00:00,-21857.07
2050-08-11 16:00:00,-15093.74
2050-08-11 17:00:00,-31206.12
2050-08-11 18:00:00,-31948.09
2050-08-11 19:00:00,-32035.16
2050-08-11 20:00:00,-29994.73
2050-08-11 21:00:00,-31049.3
2050-08-11 22:00:00,-22645.44
2050-08-11 23:00:00,-15197.08
2050-08-12 00:00:00,-29557.32
2050-08-12 01:00:00,-32286.36
2050-08-12 02:00:00,-31470.26
2050-08-12 03:00:00,-30404.29
2050-08-12 04:00:00,-24154.84
2050-08-12 05:00:00,-22325.27
2050-08-12 06:00:00,-22998.22
2050-08-12 07:00:00,-15242.24
2050-08-12 08:00:00,-15408.53
2050-08-12 09:00:00,-11267.98
2050-08-12 10:00:00,-8939.34
2050-08-12 11:00:00,-4800.62
2050-08-12 12:00:00,-2654.41
2050-08-12 13:00:00,-2349.11
2050-08-12 14:00:00,-5219.68
2050-08-12 15:00:00,-5640.38
2050-08-12 16:00:00,-18723.08
2050-08-12 17:00:00,-14731.64
2050-08-12 18:00:00,-24919.78
2050-08-12 19:00:00,-39007.17
2050-08-12 20:00:00,-37525.98
2050-08-12 21:00:00,-28675.28
2050-08-12 22:00:00,-18295.34
2050-08-12 23:00:00,-27715.0
2050-08-13 00:00:00,-36222.41
2050-08-13 01:00:00,-32242.47
2050-08-13 02:00:00,-32455.38
2050-08-13 03:00:00,-24692.26
2050-08-13 04:00:00,-22568.22
2050-08-13 05:00:00,-21901.05
2050-08-13 06:00:00,-23792.99
2050-08-13 07:00:00,-24689.12
2050-08-13 08:00:00,-14927.32
2050-08-13 09:00:00,-8861.11
2050-08-13 10:00:00,-12596.12
2050-08-13 11:00:00,-6909.16
2050-08-13 12:00:00,-6614.32
2050-08-13 13:00:00,-4965.6
2050-08-13 14:00:00,-3919.63
2050-08-13 15:00:00,306.12
2050-08-13 16:00:00,-3962.82
2050-08-13 17:00:00,-5605.58
2050-08-13 18:00:00,-335.34
2050-08-13 19:00:00,-18315.0
2050-08-13 20:00:00,-20965.89
2050-08-13 21:00:00,-24905.12
2050-08-13 22:00:00,-19020.94
2050-08-13 23:00:00,-8542.32
2050-08-14 00:00:00,-1816.63
2050-08-14 01:00:00,-7065.33
2050-08-14 02:00:00,-4315.0
2050-08-14 03:00:00,-5326.74
2050-08-14 04:00:00,-5245.14
2050-08-14 05:00:00,-4523.66
2050-08-14 06:00:00,-3491.32
2050-08-14 07:00:00,-5245.53
2050-08-14 08:00:00,-3139.87
2050-08-14 09:00:00,-3878.4
2050-08-14 10:00:00,333.34
2050-08-14 11:00:00,-1375.44
2050-08-14 12:00:00,-1378.65
2050-08-14 13:00:00,-2577.94
2050-08-14 14:00:00,-4664.2
2050-08-14 15:00:00,-8266.44
2050-08-14 16:00:00,-14291.34
2050-08-14 17:00:00,-11039.37
2050-08-14 18:00:00,-10222.11
2050-08-14 19:00:00,-11068.34
2050-08-14 20:00:00,-12977.7
2050-08-14 21:00:00,-12629.0
2050-08-14 22:00:00,-19764.01
2050-08-14 23:00:00,-15243.98
2050-08-15 00:00:00,-15630.68
2050-08-15 01:00:00,-16691.38
2050-08-15 02:00:00,-16519.24
2050-08-15 03:00:00,-18993.37
2050-08-15 04:00:00,-12847.2
2050-08-15 05:00:00,-15877.28
2050-08-15 06:00:00,-13562.6
2050-08-15 07:00:00,-18623.26
2050-08-15 08:00:00,-9356.35
2050-08-15 09:00:00,-7983.54
2050-08-15 10:00:00,-5331.49
2050-08-15 11:00:00,-3854.19
2050-08-15 12:00:00,-2944.89
2050-08-15 13:00:00,-3394.24
2050-08-15 14:00:00,-2259.0
2050-08-15 15:00:00,309.72
2050-08-15 16:00:00,-4952.04
2050-08-15 17:00:00,-4671.36
2050-08-15 18:00:00,-12079.85
2050-08-15 19:00:00,-15053.08
2050-08-15 20:00:00,-17432.06
2050-08-15 21:00:00,-22478.21
2050-08-15 22:00:00,-19827.78
2050-08-15 23:00:00,-23460.9
2050-08-16 00:00:00,-16504.15
2050-08-16 01:00:00,-11978.87
2050-08-16 02:00:00,-14059.74
2050-08-16 03:00:00,-10394.65
2050-08-16 04:00:00,-12127.27
2050-08-16 05:00:00,-13388.56
2050-08-16 06:00:00,-23424.51
2050-08-16 07:00:00,-16157.62
2050-08-16 08:00:00,-14892.35
2050-08-16 09:00:00,-10581.22
2050-08-16 10:00:00,-10037.09
2050-08-16 11:00:00,-7460.97
2050-08-16 12:00:00,-8720.36
2050-08-16 13:00:00,-11433.34
2050-08-16 14:00:00,-14130.0
2050-08-16 15:00:00,-18155.24
2050-08-16 16:00:00,-29360.9
2050-08-16 17:00:00,-31440.9
2050-08-16 18:00:00,-39415.82
2050-08-16 19:00:00,-43886.68
2050-08-16 20:00:00,-43550.56
2050-08-16 21:00:00,-42920.17
2050-08-16 22:00:00,-41302.08
2050-08-16 23:00:00,-34196.75
2050-08-17 00:00:00,-33641.65
2050-08-17 01:00:00,-32861.34
2050-08-17 02:00:00,-29497.32
2050-08-17 03:00:00,-22991.97
2050-08-17 04:00:00,-21746.75
2050-08-17 05:00:00,-17984.85
2050-08-17 06:00:00,-15097.81
2050-08-17 07:00:00,-12134.77
2050-08-17 08:00:00,-9468.56
2050-08-17 09:00:00,-5016.8
2050-08-17 10:00:00,-1651.2
2050-08-17 11:00:00,-810.69
2050-08-17 12:00:00,313.58
2050-08-17 13:00:00,-110.7
2050-08-17 14:00:00,-4412.98
2050-08-17 15:00:00,-9950.28
2050-08-17 16:00:00,-12599.5
2050-08-17 17:00:00,-12292.97
2050-08-17 18:00:00,-9433.27
2050-08-17 19:00:00,-17454.71
2050-08-17 20:00:00,-13376.35
2050-08-17 21:00:00,-21226.6
2050-08-17 22:00:00,-14329.53
2050-08-17 23:00:00,-13977.8
2050-08-18 00:00:00,-13664.44
2050-08-18 01:00:00,-16888.14
2050-08-18 02:00:00,-10752.72
2050-08-18 03:00:00,-27340.28
2050-08-18 04:00:00,-23739.92
2050-08-18 05:00:00,-14039.89
2050-08-18 06:00:00,-11398.73
2050-08-18 07:00:00,-11567.19
2050-08-18 08:00:00,-7245.04
2050-08-18 09:00:00,-4989.65
2050-08-18 10:00:00,-14792.36
2050-08-18 11:00:00,-5777.11
2050-08-18 12:00:00,-4112.41
2050-08-18 13:00:00,-5061.51
2050-08-18 14:00:00,-8058.03
2050-08-18 15:00:00,-23712.77
2050-08-18 16:00:00,-31125.38
2050-08-18 17:00:00,-37659.3
2050-08-18 18:00:00,-46245.34
2050-08-18 19:00:00,-37890.77
2050-08-18 20:00:00,-40108.73
2050-08-18 21:00:00,-44172.64
2050-08-18 22:00:00,-29626.49
2050-08-18 23:00:00,-29965.75
2050-08-19 00:00:00,-38082.37
2050-08-19 01:00:00,-25405.27
2050-08-19 02:00:00,-21362.4
2050-08-19 03:00:00,-22459.32
2050-08-19 04:00:00,-23036.19
2050-08-19 05:00:00,-21559.84
2050-08-19 06:00:00,-15594.18
2050-08-19 07:00:00,-9691.34
2050-08-19 08:00:00,-7599.58
2050-08-19 09:00:00,-6238.0
2050-08-19 10:00:00,-3780.29
2050-08-19 11:00:00,-1011.78
2050-08-19 12:00:00,-1941.07
2050-08-19 13:00:00,-10580.55
2050-08-19 14:00:00,-8045.62
2050-08-19 15:00:00,-10010.07
2050-08-19 16:00:00,-8637.12
2050-08-19 17:00:00,-18090.81
2050-08-19 18:00:00,-15783.77
2050-08-19 19:00:00,-17835.54
2050-08-19 20:00:00,-18866.65
2050-08-19 21:00:00,-18852.72
2050-08-19 22:00:00,-10205.96
2050-08-19 23:00:00,-16078.77
2050-08-20 00:00:00,-7670.46
2050-08-20 01:00:00,-6578.88
2050-08-20 02:00:00,-5836.12
2050-08-20 03:00:00,-7591.67
2050-08-20 04:00:00,-6937.1
2050-08-20 05:00:00,-6746.56
2050-08-20 06:00:00,-7817.84
2050-08-20 07:00:00,-7708.75
2050-08-20 08:00:00,-6577.27
2050-08-20 09:00:00,-3068.06
2050-08-20 10:00:00,-2371.42
2050-08-20 11:00:00,-2009.59
2050-08-20 12:00:00,-1774.5
2050-08-20 13:00:00,-1423.45
2050-08-20 14:00:00,-1661.72
2050-08-20 15:00:00,-1036.62
2050-08-20 16:00:00,-2191.69
2050-08-20 17:00:00,-6842.69
2050-08-20 18:00:00,-7889.51
2050-08-20 19:00:00,-8484.87
2050-08-20 20:00:00,-6641.9
2050-08-20 21:00:00,-10396.9
2050-08-20 22:00:00,-8008.26
2050-08-20 23:00:00,-5830.52
2050-08-21 00:00:00,-7051.44
2050-08-21 01:00:00,-8988.67
2050-08-21 02:00:00,-6344.02
2050-08-21 03:00:00,-6412.0
2050-08-21 04:00:00,-2334.97
2050-08-21 05:00:00,-1040.01
2050-08-21 06:00:00,-4640.39
2050-08-21 07:00:00,-3125.64
2050-08-21 08:00:00,-4632.23
2050-08-21 09:00:00,-5199.39
2050-08-21 10:00:00,-4861.47
2050-08-21 11:00:00,-1696.91
2050-08-21 12:00:00,-1787.4
2050-08-21 13:00:00,-8411.31
2050-08-21 14:00:00,-13939.25
2050-08-21 15:00:00,-16412.84
2050-08-21 16:00:00,-20318.48
2050-08-21 17:00:00,-28755.8
2050-08-21 18:00:00,-32300.44
2050-08-21 19:00:00,-26567.49
2050-08-21 20:00:00,-31985.97
2050-08-21 21:00:00,-42316.81
2050-08-21 22:00:00,-17879.1
2050-08-21 23:00:00,-31930.24
2050-08-22 00:00:00,-28271.91
2050-08-22 01:00:00,-26322.48
2050-08-22 02:00:00,-22014.83
2050-08-22 03:00:00,-45200.59
2050-08-22 04:00:00,-51883.71
2050-08-22 05:00:00,-36131.0
2050-08-22 06:00:00,-39193.59
2050-08-22 07:00:00,-35691.64
2050-08-22 08:00:00,-43314.12
2050-08-22 09:00:00,-37927.3
2050-08-22 10:00:00,-27374.01
2050-08-22 11:00:00,-22605.35
2050-08-22 12:00:00,-22768.01
2050-08-22 13:00:00,-23888.22
2050-08-22 14:00:00,-28261.12
2050-08-22 15:00:00,-35580.97
2050-08-22 16:00:00,-35134.29
2050-08-22 17:00:00,-42865.69
2050-08-22 18:00:00,-32077.93
2050-08-22 19:00:00,-33482.88
2050-08-22 20:00:00,-35100.01
2050-08-22 21:00:00,-29284.03
2050-08-22 22:00:00,-32880.68
2050-08-22 23:00:00,-31556.8
2050-08-23 00:00:00,-21788.84
2050-08-23 01:00:00,-19653.58
2050-08-23 02:00:00,-8250.34
2050-08-23 03:00:00,-12876.79
2050-08-23 04:00:00,-10672.08
2050-08-23 05:00:00,-14935.82
2050-08-23 06:00:00,-18946.65
2050-08-23 07:00:00,-16320.49
2050-08-23 08:00:00,-11160.15
2050-08-23 09:00:00,-9664.43
2050-08-23 10:00:00,-8872.29
2050-08-23 11:00:00,-4814.7
2050-08-23 12:00:00,-1914.56
2050-08-23 13:00:00,-1079.71
2050-08-23 14:00:00,-3655.83
2050-08-23 15:00:00,-4768.72
2050-08-23 16:00:00,-6082.36
2050-08-23 17:00:00,-7067.7
2050-08-23 18:00:00,-6683.6
2050-08-23 19:00:00,-9482.8
2050-08-23 20:00:00,-8090.68
2050-08-23 21:00:00,-11654.06
2050-08-23 22:00:00,-9648.81
2050-08-23 23:00:00,-5051.9
2050-08-24 00:00:00,-2404.81
2050-08-24 01:00:00,-3159.73
2050-08-24 02:00:00,-6506.51
2050-08-24 03:00:00,-5374.76
2050-08-24 04:00:00,-4755.72
2050-08-24 05:00:00,-1618.1
2050-08-24 06:00:00,-960.83
2050-08-24 07:00:00,-2209.98
2050-08-24 08:00:00,67.41
2050-08-24 09:00:00,-1204.94
2050-08-24 10:00:00,-107.32
2050-08-24 11:00:00,2256.38
2050-08-24 12:00:00,2922.23
2050-08-24 13:00:00,2771.51
2050-08-24 14:00:00,2440.64
2050-08-24 15:00:00,433.66
2050-08-24 16:00:00,1735.74
2050-08-24 17:00:00,-4130.19
2050-08-24 18:00:00,-8855.84
2050-08-24 19:00:00,-19428.25
2050-08-24 20:00:00,-25672.46
2050-08-24 21:00:00,-20233.46
2050-08-24 22:00:00,-17235.18
2050-08-24 23:00:00,-12811.25
2050-08-25 00:00:00,-22593.64
2050-08-25 01:00:00,-29256.97
2050-08-25 02:00:00,-27261.02
2050-08-25 03:00:00,-26284.0
2050-08-25 04:00:00,-37465.85
2050-08-25 05:00:00,-28548.86
2050-08-25 06:00:00,-24243.72
2050-08-25 07:00:00,-17108.4
2050-08-25 08:00:00,-12916.96
2050-08-25 09:00:00,-6900.67
2050-08-25 10:00:00,-4156.05
2050-08-25 11:00:00,-7306.25
2050-08-25 12:00:00,-4375.46
2050-08-25 13:00:00,-5782.52
2050-08-25 14:00:00,-6603.35
2050-08-25 15:00:00,-10900.42
2050-08-25 16:00:00,-11836.15
2050-08-25 17:00:00,-18839.34
2050-08-25 18:00:00,-32541.4
2050-08-25 19:00:00,-27298.09
2050-08-25 20:00:00,-19636.46
2050-08-25 21:00:00,-21010.67
2050-08-25 22:00:00,-26414.52
2050-08-25 23:00:00,-28333.52
2050-08-26 00:00:00,-24778.61
2050-08-26 01:00:00,-26633.95
2050-08-26 02:00:00,-24024.84
2050-08-26 03:00:00,-18713.68
2050-08-26 04:00:00,-14010.63
2050-08-26 05:00:00,-7192.96
2050-08-26 06:00:00,-7846.4
2050-08-26 07:00:00,-8919.2
2050-08-26 08:00:00,-6272.24
2050-08-26 09:00:00,-4346.94
2050-08-26 10:00:00,-5720.78
2050-08-26 11:00:00,-3211.51
2050-08-26 12:00:00,-2660.59
2050-08-26 13:00:00,-1007.35
2050-08-26 14:00:00,-4154.17
2050-08-26 15:00:00,-7368.34
2050-08-26 16:00:00,-15017.53
2050-08-26 17:00:00,-5992.7
2050-08-26 18:00:00,-17382.59
2050-08-26 19:00:00,-20625.03
2050-08-26 20:00:00,-21440.08
2050-08-26 21:00:00,-25191.78
2050-08-26 22:00:00,-19057.95
2050-08-26 23:00:00,-15301.3
2050-08-27 00:00:00,-17830.09
2050-08-27 01:00:00,-14026.43
2050-08-27 02:00:00,-15342.77
2050-08-27 03:00:00,-13454.83
2050-08-27 04:00:00,-10608.48
2050-08-27 05:00:00,-7581.86
2050-08-27 06:00:00,-7950.47
2050-08-27 07:00:00,-1904.24
2050-08-27 08:00:00,-4628.22
2050-08-27 09:00:00,-4336.11
2050-08-27 10:00:00,-2795.54
2050-08-27 11:00:00,719.87
2050-08-27 12:00:00,1027.46
2050-08-27 13:00:00,99.3
2050-08-27 14:00:00,-1555.47
2050-08-27 15:00:00,-3567.03
2050-08-27 16:00:00,-10100.69
2050-08-27 17:00:00,-10625.82
2050-08-27 18:00:00,-7952.25
2050-08-27 19:00:00,-17535.34
2050-08-27 20:00:00,-18572.29
2050-08-27 21:00:00,-7315.1
2050-08-27 22:00:00,-1781.63
2050-08-27 23:00:00,-542.05
2050-08-28 00:00:00,-7450.4
2050-08-28 01:00:00,-15083.66
2050-08-28 02:00:00,-14923.18
2050-08-28 03:00:00,-17215.84
2050-08-28 04:00:00,-23787.98
2050-08-28 05:00:00,-17910.1
2050-08-28 06:00:00,-20892.89
2050-08-28 07:00:00,-22463.01
2050-08-28 08:00:00,-21913.34
2050-08-28 09:00:00,-22121.5
2050-08-28 10:00:00,-24453.06
2050-08-28 11:00:00,-19764.5
2050-08-28 12:00:00,-12840.24
2050-08-28 13:00:00,-8165.08
2050-08-28 14:00:00,-11772.31
2050-08-28 15:00:00,-11088.6
2050-08-28 16:00:00,-20538.8
2050-08-28 17:00:00,-22672.73
2050-08-28 18:00:00,-20651.96
2050-08-28 19:00:00,-22225.19
2050-08-28 20:00:00,-26655.64
2050-08-28 21:00:00,-20902.41
2050-08-28 22:00:00,-22905.68
2050-08-28 23:00:00,-19290.85
2050-08-29 00:00:00,-12864.68
2050-08-29 01:00:00,-13998.95
2050-08-29 02:00:00,-17149.92
2050-08-29 03:00:00,-20524.84
2050-08-29 04:00:00,-13351.34
2050-08-29 05:00:00,-15057.46
2050-08-29 06:00:00,-22992.14
2050-08-29 07:00:00,-23297.21
2050-08-29 08:00:00,-19210.16
2050-08-29 09:00:00,-23113.93
2050-08-29 10:00:00,-15620.64
2050-08-29 11:00:00,-18840.04
2050-08-29 12:00:00,-13412.91
2050-08-29 13:00:00,-15263.38
2050-08-29 14:00:00,-17984.72
2050-08-29 15:00:00,-22020.17
2050-08-29 16:00:00,-22972.38
2050-08-29 17:00:00,-30970.28
2050-08-29 18:00:00,-34480.18
2050-08-29 19:00:00,-31105.34
2050-08-29 20:00:00,-39778.76
2050-08-29 21:00:00,-34097.2
2050-08-29 22:00:00,-34698.28
2050-08-29 23:00:00,-27368.42
2050-08-30 00:00:00,-30182.76
2050-08-30 01:00:00,-34840.68
2050-08-30 02:00:00,-24633.76
2050-08-30 03:00:00,-24202.95
2050-08-30 04:00:00,-24788.58
2050-08-30 05:00:00,-20302.66
2050-08-30 06:00:00,-22289.22
2050-08-30 07:00:00,-22677.46
2050-08-30 08:00:00,-21319.88
2050-08-30 09:00:00,-23584.16
2050-08-30 10:00:00,-18177.59
2050-08-30 11:00:00,-11266.82
2050-08-30 12:00:00,-7804.96
2050-08-30 13:00:00,-6734.87
2050-08-30 14:00:00,-10177.31
2050-08-30 15:00:00,-15479.58
2050-08-30 16:00:00,-17648.73
2050-08-30 17:00:00,-26599.31
2050-08-30 18:00:00,-35216.71
2050-08-30 19:00:00,-32468.93
2050-08-30 20:00:00,-35085.85
2050-08-30 21:00:00,-46831.02
2050-08-30 22:00:00,-31138.71
2050-08-30 23:00:00,-30447.36
2050-08-31 00:00:00,-27337.75
2050-08-31 01:00:00,-32230.9
2050-08-31 02:00:00,-38704.47
2050-08-31 03:00:00,-36556.3
2050-08-31 04:00:00,-26816.03
2050-08-31 05:00:00,-22343.32
2050-08-31 06:00:00,-23574.52
2050-08-31 07:00:00,-26031.28
2050-08-31 08:00:00,-17895.84
2050-08-31 09:00:00,-13545.21
2050-08-31 10:00:00,-12170.8
2050-08-31 11:00:00,-9486.31
2050-08-31 12:00:00,-3237.7
2050-08-31 13:00:00,109.6
2050-08-31 14:00:00,-664.47
2050-08-31 15:00:00,-6770.3
2050-08-31 16:00:00,-9665.56
2050-08-31 17:00:00,-13198.05
2050-08-31 18:00:00,-15214.62
2050-08-31 19:00:00,-12586.44
2050-08-31 20:00:00,-24185.84
2050-08-31 21:00:00,-28595.15
2050-08-31 22:00:00,-31622.04
2050-08-31 23:00:00,-35930.42
2050-09-01 00:00:00,-28621.98
2050-09-01 01:00:00,-33812.3
2050-09-01 02:00:00,-30774.12
2050-09-01 03:00:00,-25966.56
2050-09-01 04:00:00,-23360.5
2050-09-01 05:00:00,-24207.51
2050-09-01 06:00:00,-10488.22
2050-09-01 07:00:00,-15561.36
2050-09-01 08:00:00,-10121.57
2050-09-01 09:00:00,-9715.62
2050-09-01 10:00:00,-9077.61
2050-09-01 11:00:00,-11937.68
2050-09-01 12:00:00,-7090.37
2050-09-01 13:00:00,-305.61
2050-09-01 14:00:00,808.27
2050-09-01 15:00:00,814.11
2050-09-01 16:00:00,1258.59
2050-09-01 17:00:00,-7898.83
2050-09-01 18:00:00,-7657.4
2050-09-01 19:00:00,-8082.47
2050-09-01 20:00:00,-14492.81
2050-09-01 21:00:00,-15951.75
2050-09-01 22:00:00,-26606.55
2050-09-01 23:00:00,-31146.98
2050-09-02 00:00:00,-15475.97
2050-09-02 01:00:00,-6071.35
2050-09-02 02:00:00,-15609.16
2050-09-02 03:00:00,-18182.32
2050-09-02 04:00:00,-17938.99
2050-09-02 05:00:00,-10413.84
2050-09-02 06:00:00,-10229.76
2050-09-02 07:00:00,-9372.74
2050-09-02 08:00:00,-8901.53
2050-09-02 09:00:00,-9722.46
2050-09-02 10:00:00,-8222.43
2050-09-02 11:00:00,-7181.92
2050-09-02 12:00:00,-4331.69
2050-09-02 13:00:00,-5646.72
2050-09-02 14:00:00,-10088.44
2050-09-02 15:00:00,-8538.28
2050-09-02 16:00:00,-11241.98
2050-09-02 17:00:00,-16008.8
2050-09-02 18:00:00,-16125.01
2050-09-02 19:00:00,-29049.32
2050-09-02 20:00:00,-30312.52
2050-09-02 21:00:00,-32044.92
2050-09-02 22:00:00,-34253.8
2050-09-02 23:00:00,-24632.46
2050-09-03 00:00:00,-25863.36
2050-09-03 01:00:00,-28264.66
2050-09-03 02:00:00,-24313.3
2050-09-03 03:00:00,-16431.44
2050-09-03 04:00:00,-13880.13
2050-09-03 05:00:00,-15091.46
2050-09-03 06:00:00,-14553.76
2050-09-03 07:00:00,-12466.74
2050-09-03 08:00:00,-9313.43
2050-09-03 09:00:00,-5600.74
2050-09-03 10:00:00,-6497.49
2050-09-03 11:00:00,-3300.16
2050-09-03 12:00:00,-1582.52
2050-09-03 13:00:00,1158.92
2050-09-03 14:00:00,1509.89
2050-09-03 15:00:00,88.13
2050-09-03 16:00:00,-3830.04
2050-09-03 17:00:00,-5102.34
2050-09-03 18:00:00,-10050.43
2050-09-03 19:00:00,-5665.93
2050-09-03 20:00:00,-11720.48
2050-09-03 21:00:00,-8966.78
2050-09-03 22:00:00,-10695.23
2050-09-03 23:00:00,-20617.2
2050-09-04 00:00:00,-18802.95
2050-09-04 01:00:00,-12086.26
2050-09-04 02:00:00,-9522.64
2050-09-04 03:00:00,-13167.34
2050-09-04 04:00:00,-15627.36
2050-09-04 05:00:00,-10990.36
2050-09-04 06:00:00,-10847.63
2050-09-04 07:00:00,-10282.72
2050-09-04 08:00:00,-12988.02
2050-09-04 09:00:00,-8416.07
2050-09-04 10:00:00,-15599.61
2050-09-04 11:00:00,-8662.78
2050-09-04 12:00:00,-7547.7
2050-09-04 13:00:00,-5840.12
2050-09-04 14:00:00,-5268.54
2050-09-04 15:00:00,-17160.45
2050-09-04 16:00:00,-21304.48
2050-09-04 17:00:00,-26531.25
2050-09-04 18:00:00,-29889.5
2050-09-04 19:00:00,-23787.46
2050-09-04 20:00:00,-17822.65
2050-09-04 21:00:00,-27586.8
2050-09-04 22:00:00,-17722.78
2050-09-04 23:00:00,-23770.86
2050-09-05 00:00:00,-27375.88
2050-09-05 01:00:00,-30088.19
2050-09-05 02:00:00,-27150.56
2050-09-05 03:00:00,-26946.78
2050-09-05 04:00:00,-29034.12
2050-09-05 05:00:00,-25887.21
2050-09-05 06:00:00,-26521.78
2050-09-05 07:00:00,-26724.61
2050-09-05 08:00:00,-26383.42
2050-09-05 09:00:00,-25006.53
2050-09-05 10:00:00,-17706.41
2050-09-05 11:00:00,-16690.45
2050-09-05 12:00:00,-19143.18
2050-09-05 13:00:00,-16001.33
2050-09-05 14:00:00,-20827.45
2050-09-05 15:00:00,-18177.9
2050-09-05 16:00:00,-23268.2
2050-09-05 17:00:00,-23542.57
2050-09-05 18:00:00,-24401.63
2050-09-05 19:00:00,-37611.54
2050-09-05 20:00:00,-35042.85
2050-09-05 21:00:00,-27236.79
2050-09-05 22:00:00,-24797.8
2050-09-05 23:00:00,-21318.62
2050-09-06 00:00:00,-18215.11
2050-09-06 01:00:00,-15189.32
2050-09-06 02:00:00,-17601.96
2050-09-06 03:00:00,-19205.61
2050-09-06 04:00:00,-16979.6
2050-09-06 05:00:00,-20499.18
2050-09-06 06:00:00,-25316.6
2050-09-06 07:00:00,-30878.54
2050-09-06 08:00:00,-36768.62
2050-09-06 09:00:00,-27292.44
2050-09-06 10:00:00,-21616.54
2050-09-06 11:00:00,-26998.93
2050-09-06 12:00:00,-18751.48
2050-09-06 13:00:00,-12294.1
2050-09-06 14:00:00,-24843.16
2050-09-06 15:00:00,-36461.56
2050-09-06 16:00:00,-35601.6
2050-09-06 17:00:00,-42961.61
2050-09-06 18:00:00,-45939.64
2050-09-06 19:00:00,-44995.33
2050-09-06 20:00:00,-50850.76
2050-09-06 21:00:00,-42622.88
2050-09-06 22:00:00,-35479.84
2050-09-06 23:00:00,-37903.22
2050-09-07 00:00:00,-29262.94
2050-09-07 01:00:00,-25471.54
2050-09-07 02:00:00,-23444.4
2050-09-07 03:00:00,-19742.55
2050-09-07 04:00:00,-23397.09
2050-09-07 05:00:00,-28208.13
2050-09-07 06:00:00,-26823.48
2050-09-07 07:00:00,-31201.78
2050-09-07 08:00:00,-22789.81
2050-09-07 09:00:00,-17453.32
2050-09-07 10:00:00,-22042.1
2050-09-07 11:00:00,-15273.13
2050-09-07 12:00:00,-15307.74
2050-09-07 13:00:00,-11755.05
2050-09-07 14:00:00,-18763.82
2050-09-07 15:00:00,-22933.64
2050-09-07 16:00:00,-29814.06
2050-09-07 17:00:00,-35677.66
2050-09-07 18:00:00,-35012.92
2050-09-07 19:00:00,-32060.01
2050-09-07 20:00:00,-34883.84
2050-09-07 21:00:00,-27771.54
2050-09-07 22:00:00,-27803.5
2050-09-07 23:00:00,-24205.68
2050-09-08 00:00:00,-17835.63
2050-09-08 01:00:00,-17421.68
2050-09-08 02:00:00,-15705.06
2050-09-08 03:00:00,-17669.1
2050-09-08 04:00:00,-19634.36
2050-09-08 05:00:00,-21062.0
2050-09-08 06:00:00,-21890.24
2050-09-08 07:00:00,-18900.81
2050-09-08 08:00:00,-20738.06
2050-09-08 09:00:00,-16687.64
2050-09-08 10:00:00,-14315.82
2050-09-08 11:00:00,-14324.98
2050-09-08 12:00:00,-14579.54
2050-09-08 13:00:00,-18290.79
2050-09-08 14:00:00,-22038.41
2050-09-08 15:00:00,-23241.38
2050-09-08 16:00:00,-25867.27
2050-09-08 17:00:00,-29546.23
2050-09-08 18:00:00,-27039.2
2050-09-08 19:00:00,-40677.43
2050-09-08 20:00:00,-31514.51
2050-09-08 21:00:00,-28098.3
2050-09-08 22:00:00,-29232.29
2050-09-08 23:00:00,-30786.64
2050-09-09 00:00:00,-22427.39
2050-09-09 01:00:00,-30502.32
2050-09-09 02:00:00,-25582.97
2050-09-09 03:00:00,-29884.86
2050-09-09 04:00:00,-21984.14
2050-09-09 05:00:00,-19765.23
2050-09-09 06:00:00,-14798.64
2050-09-09 07:00:00,-14086.81
2050-09-09 08:00:00,-12496.59
2050-09-09 09:00:00,-8817.86
2050-09-09 10:00:00,-3365.27
2050-09-09 11:00:00,-6169.95
2050-09-09 12:00:00,-9648.25
2050-09-09 13:00:00,-5391.27
2050-09-09 14:00:00,-4706.56
2050-09-09 15:00:00,-12772.14
2050-09-09 16:00:00,-10457.88
2050-09-09 17:00:00,-9659.83
2050-09-09 18:00:00,-5762.75
2050-09-09 19:00:00,-5935.88
2050-09-09 20:00:00,-13068.48
2050-09-09 21:00:00,-12547.46
2050-09-09 22:00:00,-11508.36
2050-09-09 23:00:00,-9909.84
2050-09-10 00:00:00,-10816.58
2050-09-10 01:00:00,-13614.26
2050-09-10 02:00:00,-5854.72
2050-09-10 03:00:00,-6420.64
2050-09-10 04:00:00,-8632.1
2050-09-10 05:00:00,-8135.14
2050-09-10 06:00:00,-8948.23
2050-09-10 07:00:00,-10772.36
2050-09-10 08:00:00,-17230.08
2050-09-10 09:00:00,-13988.78
2050-09-10 10:00:00,-11488.36
2050-09-10 11:00:00,-18458.79
2050-09-10 12:00:00,-18354.3
2050-09-10 13:00:00,-18888.04
2050-09-10 14:00:00,-17075.66
2050-09-10 15:00:00,-15988.66
2050-09-10 16:00:00,-17996.46
2050-09-10 17:00:00,-17748.24
2050-09-10 18:00:00,-20109.34
2050-09-10 19:00:00,-27247.19
2050-09-10 20:00:00,-27146.57
2050-09-10 21:00:00,-20870.46
2050-09-10 22:00:00,-15871.73
2050-09-10 23:00:00,-18297.3
2050-09-11 00:00:00,-25733.36
2050-09-11 01:00:00,-20434.08
2050-09-11 02:00:00,-14567.68
2050-09-11 03:00:00,-23521.68
2050-09-11 04:00:00,-28488.43
2050-09-11 05:00:00,-26146.32
2050-09-11 06:00:00,-18617.2
2050-09-11 07:00:00,-12061.86
2050-09-11 08:00:00,-9996.49
2050-09-11 09:00:00,-17050.29
2050-09-11 10:00:00,-12413.24
2050-09-11 11:00:00,-11486.69
2050-09-11 12:00:00,-10162.24
2050-09-11 13:00:00,-6158.53
2050-09-11 14:00:00,-4342.09
2050-09-11 15:00:00,-6959.88
2050-09-11 16:00:00,-4508.13
2050-09-11 17:00:00,-614.14
2050-09-11 18:00:00,-3070.0
2050-09-11 19:00:00,-6546.32
2050-09-11 20:00:00,-18942.62
2050-09-11 21:00:00,-18812.93
2050-09-11 22:00:00,-22776.96
2050-09-11 23:00:00,-20961.93
2050-09-12 00:00:00,-21311.77
2050-09-12 01:00:00,-16118.79
2050-09-12 02:00:00,-12579.71
2050-09-12 03:00:00,-14917.31
2050-09-12 04:00:00,-12626.23
2050-09-12 05:00:00,-10048.96
2050-09-12 06:00:00,-9925.14
2050-09-12 07:00:00,-5629.6
2050-09-12 08:00:00,-8705.59
2050-09-12 09:00:00,-7113.44
2050-09-12 10:00:00,-7015.26
2050-09-12 11:00:00,-3668.8
2050-09-12 12:00:00,-5084.89
2050-09-12 13:00:00,-5321.46
2050-09-12 14:00:00,-5588.01
2050-09-12 15:00:00,-12401.96
2050-09-12 16:00:00,-11609.11
2050-09-12 17:00:00,-12312.4
2050-09-12 18:00:00,-25207.7
2050-09-12 19:00:00,-31052.36
2050-09-12 20:00:00,-25724.84
2050-09-12 21:00:00,-24123.32
2050-09-12 22:00:00,-25807.18
2050-09-12 23:00:00,-25641.54
2050-09-13 00:00:00,-23249.26
2050-09-13 01:00:00,-13048.96
2050-09-13 02:00:00,-17640.3
2050-09-13 03:00:00,-22983.85
2050-09-13 04:00:00,-15587.17
2050-09-13 05:00:00,-14937.26
2050-09-13 06:00:00,-16223.61
2050-09-13 07:00:00,-21330.31
2050-09-13 08:00:00,-25009.2
2050-09-13 09:00:00,-18597.52
2050-09-13 10:00:00,-10627.98
2050-09-13 11:00:00,-4981.82
2050-09-13 12:00:00,-4404.85
2050-09-13 13:00:00,-10007.19
2050-09-13 14:00:00,-7261.92
2050-09-13 15:00:00,-7708.93
2050-09-13 16:00:00,-18523.08
2050-09-13 17:00:00,-14381.34
2050-09-13 18:00:00,-13832.2
2050-09-13 19:00:00,-20473.9
2050-09-13 20:00:00,-19717.31
2050-09-13 21:00:00,-26973.5
2050-09-13 22:00:00,-27697.94
2050-09-13 23:00:00,-25224.12
2050-09-14 00:00:00,-17069.18
2050-09-14 01:00:00,-22219.56
2050-09-14 02:00:00,-25754.82
2050-09-14 03:00:00,-29446.21
2050-09-14 04:00:00,-38377.51
2050-09-14 05:00:00,-33957.75
2050-09-14 06:00:00,-24944.66
2050-09-14 07:00:00,-20586.31
2050-09-14 08:00:00,-22170.27
2050-09-14 09:00:00,-26102.95
2050-09-14 10:00:00,-24193.16
2050-09-14 11:00:00,-23885.2
2050-09-14 12:00:00,-23746.14
2050-09-14 13:00:00,-22078.84
2050-09-14 14:00:00,-16247.05
2050-09-14 15:00:00,-18230.48
2050-09-14 16:00:00,-17229.2
2050-09-14 17:00:00,-18153.55
2050-09-14 18:00:00,-29510.0
2050-09-14 19:00:00,-29009.6
2050-09-14 20:00:00,-30478.0
2050-09-14 21:00:00,-36098.13
2050-09-14 22:00:00,-41779.88
2050-09-14 23:00:00,-44966.75
2050-09-15 00:00:00,-42280.78
2050-09-15 01:00:00,-45627.0
2050-09-15 02:00:00,-37511.84
2050-09-15 03:00:00,-38019.63
2050-09-15 04:00:00,-32112.41
2050-09-15 05:00:00,-29048.38
2050-09-15 06:00:00,-29867.63
2050-09-15 07:00:00,-29907.98
2050-09-15 08:00:00,-17614.32
2050-09-15 09:00:00,-14753.76
2050-09-15 10:00:00,-12370.36
2050-09-15 11:00:00,-9244.4
2050-09-15 12:00:00,-5965.99
2050-09-15 13:00:00,-5043.43
2050-09-15 14:00:00,-4662.01
2050-09-15 15:00:00,-4995.05
2050-09-15 16:00:00,-5278.79
2050-09-15 17:00:00,-8054.88
2050-09-15 18:00:00,-8432.31
2050-09-15 19:00:00,-9022.16
2050-09-15 20:00:00,-13641.39
2050-09-15 21:00:00,-15309.5
2050-09-15 22:00:00,-11850.04
2050-09-15 23:00:00,-12300.36
2050-09-16 00:00:00,-12654.16
2050-09-16 01:00:00,-7297.18
2050-09-16 02:00:00,-4938.85
2050-09-16 03:00:00,-3455.95
2050-09-16 04:00:00,-3830.04
2050-09-16 05:00:00,-5111.3
2050-09-16 06:00:00,-6637.26
2050-09-16 07:00:00,-3621.33
2050-09-16 08:00:00,-3211.86
2050-09-16 09:00:00,447.55
2050-09-16 10:00:00,-418.83
2050-09-16 11:00:00,-1043.96
2050-09-16 12:00:00,-1999.04
2050-09-16 13:00:00,-2457.32
2050-09-16 14:00:00,-4346.69
2050-09-16 15:00:00,-3543.95
2050-09-16 16:00:00,-3760.76
2050-09-16 17:00:00,-3612.07
2050-09-16 18:00:00,-4973.27
2050-09-16 19:00:00,-2307.39
2050-09-16 20:00:00,-5071.75
2050-09-16 21:00:00,-1358.84
2050-09-16 22:00:00,-1987.4
2050-09-16 23:00:00,-25.04
2050-09-17 00:00:00,-2177.16
2050-09-17 01:00:00,-2666.09
2050-09-17 02:00:00,-5340.41
2050-09-17 03:00:00,-6461.02
2050-09-17 04:00:00,-4082.24
2050-09-17 05:00:00,-3832.61
2050-09-17 06:00:00,-1942.99
2050-09-17 07:00:00,-3256.42
2050-09-17 08:00:00,-2089.79
2050-09-17 09:00:00,-62.74
2050-09-17 10:00:00,1179.54
2050-09-17 11:00:00,1694.73
2050-09-17 12:00:00,1531.74
2050-09-17 13:00:00,3138.51
2050-09-17 14:00:00,1754.51
2050-09-17 15:00:00,908.18
2050-09-17 16:00:00,-1869.24
2050-09-17 17:00:00,-3292.75
2050-09-17 18:00:00,-8673.92
2050-09-17 19:00:00,-16006.28
2050-09-17 20:00:00,-22503.2
2050-09-17 21:00:00,-21494.34
2050-09-17 22:00:00,-16875.58
2050-09-17 23:00:00,-23164.72
2050-09-18 00:00:00,-21918.96
2050-09-18 01:00:00,-22362.75
2050-09-18 02:00:00,-19903.66
2050-09-18 03:00:00,-23565.37
2050-09-18 04:00:00,-23377.26
2050-09-18 05:00:00,-31792.4
2050-09-18 06:00:00,-26457.32
2050-09-18 07:00:00,-23492.31
2050-09-18 08:00:00,-42025.34
2050-09-18 09:00:00,-35576.18
2050-09-18 10:00:00,-33281.9
2050-09-18 11:00:00,-33289.88
2050-09-18 12:00:00,-36439.19
2050-09-18 13:00:00,-27654.09
2050-09-18 14:00:00,-28967.57
2050-09-18 15:00:00,-21474.32
2050-09-18 16:00:00,-20442.64
2050-09-18 17:00:00,-23432.67
2050-09-18 18:00:00,-32133.82
2050-09-18 19:00:00,-41207.93
2050-09-18 20:00:00,-44848.4
2050-09-18 21:00:00,-49400.82
2050-09-18 22:00:00,-43080.15
2050-09-18 23:00:00,-40149.08
2050-09-19 00:00:00,-46896.28
2050-09-19 01:00:00,-39626.34
2050-09-19 02:00:00,-43424.39
2050-09-19 03:00:00,-45637.28
2050-09-19 04:00:00,-42975.52
2050-09-19 05:00:00,-39113.94
2050-09-19 06:00:00,-37903.05
2050-09-19 07:00:00,-39410.91
2050-09-19 08:00:00,-41042.22
2050-09-19 09:00:00,-39111.56
2050-09-19 10:00:00,-28267.82
2050-09-19 11:00:00,-24682.32
2050-09-19 12:00:00,-24686.5
2050-09-19 13:00:00,-21866.62
2050-09-19 14:00:00,-25842.64
2050-09-19 15:00:00,-30603.07
2050-09-19 16:00:00,-23996.66
2050-09-19 17:00:00,-21506.44
2050-09-19 18:00:00,-19106.33
2050-09-19 19:00:00,-14961.46
2050-09-19 20:00:00,-18185.07
2050-09-19 21:00:00,-24887.45
2050-09-19 22:00:00,-15535.89
2050-09-19 23:00:00,-12443.46
2050-09-20 00:00:00,-13186.02
2050-09-20 01:00:00,-24633.84
2050-09-20 02:00:00,-24990.95
2050-09-20 03:00:00,-27355.41
2050-09-20 04:00:00,-28272.65
2050-09-20 05:00:00,-27411.56
2050-09-20 06:00:00,-28105.66
2050-09-20 07:00:00,-23837.92
2050-09-20 08:00:00,-18174.61
2050-09-20 09:00:00,-25858.46
2050-09-20 10:00:00,-23034.5
2050-09-20 11:00:00,-23333.9
2050-09-20 12:00:00,-22460.94
2050-09-20 13:00:00,-19849.31
2050-09-20 14:00:00,-12763.59
2050-09-20 15:00:00,-5234.11
2050-09-20 16:00:00,-8581.25
2050-09-20 17:00:00,-13285.64
2050-09-20 18:00:00,-14301.62
2050-09-20 19:00:00,-18069.6
2050-09-20 20:00:00,-17191.9
2050-09-20 21:00:00,-19373.15
2050-09-20 22:00:00,-28011.68
2050-09-20 23:00:00,-24105.38
2050-09-21 00:00:00,-24322.39
2050-09-21 01:00:00,-20638.29
2050-09-21 02:00:00,-20576.66
2050-09-21 03:00:00,-23269.4
2050-09-21 04:00:00,-24636.34
2050-09-21 05:00:00,-20228.48
2050-09-21 06:00:00,-20531.24
2050-09-21 07:00:00,-23159.86
2050-09-21 08:00:00,-19989.54
2050-09-21 09:00:00,-11843.04
2050-09-21 10:00:00,-12914.32
2050-09-21 11:00:00,-7335.33
2050-09-21 12:00:00,-6957.52
2050-09-21 13:00:00,-4044.98
2050-09-21 14:00:00,-5979.1
2050-09-21 15:00:00,-5824.88
2050-09-21 16:00:00,-7274.23
2050-09-21 17:00:00,-10550.4
2050-09-21 18:00:00,-13202.62
2050-09-21 19:00:00,-27147.4
2050-09-21 20:00:00,-32876.81
2050-09-21 21:00:00,-33766.22
2050-09-21 22:00:00,-28551.96
2050-09-21 23:00:00,-25375.22
2050-09-22 00:00:00,-28165.88
2050-09-22 01:00:00,-35550.3
2050-09-22 02:00:00,-37880.96
2050-09-22 03:00:00,-36327.77
2050-09-22 04:00:00,-39764.15
2050-09-22 05:00:00,-32569.02
2050-09-22 06:00:00,-38555.8
2050-09-22 07:00:00,-45707.58
2050-09-22 08:00:00,-47668.38
2050-09-22 09:00:00,-44083.69
2050-09-22 10:00:00,-43496.78
2050-09-22 11:00:00,-37195.86
2050-09-22 12:00:00,-31198.24
2050-09-22 13:00:00,-33677.1
2050-09-22 14:00:00,-42165.84
2050-09-22 15:00:00,-50461.52
2050-09-22 16:00:00,-44305.27
2050-09-22 17:00:00,-37990.76
2050-09-22 18:00:00,-37607.32
2050-09-22 19:00:00,-49694.1
2050-09-22 20:00:00,-61588.34
2050-09-22 21:00:00,-63161.32
2050-09-22 22:00:00,-60810.78
2050-09-22 23:00:00,-56992.86
2050-09-23 00:00:00,-56512.27
2050-09-23 01:00:00,-52037.14
2050-09-23 02:00:00,-53479.92
2050-09-23 03:00:00,-55842.9
2050-09-23 04:00:00,-57756.13
2050-09-23 05:00:00,-55700.14
2050-09-23 06:00:00,-62090.32
2050-09-23 07:00:00,-63050.92
2050-09-23 08:00:00,-51565.3
2050-09-23 09:00:00,-47468.69
2050-09-23 10:00:00,-53422.23
2050-09-23 11:00:00,-50481.7
2050-09-23 12:00:00,-54350.21
2050-09-23 13:00:00,-49256.36
2050-09-23 14:00:00,-52448.97
2050-09-23 15:00:00,-48347.88
2050-09-23 16:00:00,-53684.79
2050-09-23 17:00:00,-50279.23
2050-09-23 18:00:00,-50139.32
2050-09-23 19:00:00,-50758.58
2050-09-23 20:00:00,-50851.25
2050-09-23 21:00:00,-42897.86
2050-09-23 22:00:00,-41579.91
2050-09-23 23:00:00,-37565.13
2050-09-24 00:00:00,-40654.48
2050-09-24 01:00:00,-36311.96
2050-09-24 02:00:00,-34933.13
2050-09-24 03:00:00,-41350.15
2050-09-24 04:00:00,-41974.69
2050-09-24 05:00:00,-34954.08
2050-09-24 06:00:00,-36446.2
2050-09-24 07:00:00,-33455.5
2050-09-24 08:00:00,-30777.3
2050-09-24 09:00:00,-31083.25
2050-09-24 10:00:00,-24400.87
2050-09-24 11:00:00,-20719.89
2050-09-24 12:00:00,-15153.13
2050-09-24 13:00:00,-15535.84
2050-09-24 14:00:00,-14392.93
2050-09-24 15:00:00,-13768.09
2050-09-24 16:00:00,-12007.41
2050-09-24 17:00:00,-16630.44
2050-09-24 18:00:00,-15144.1
2050-09-24 19:00:00,-22329.65
2050-09-24 20:00:00,-26501.59
2050-09-24 21:00:00,-19465.64
2050-09-24 22:00:00,-22554.9
2050-09-24 23:00:00,-16022.14
2050-09-25 00:00:00,-22667.9
2050-09-25 01:00:00,-22586.64
2050-09-25 02:00:00,-25157.06
2050-09-25 03:00:00,-18506.78
2050-09-25 04:00:00,-19224.32
2050-09-25 05:00:00,-15317.52
2050-09-25 06:00:00,-14771.19
2050-09-25 07:00:00,-12416.61
2050-09-25 08:00:00,-17116.14
2050-09-25 09:00:00,-11713.04
2050-09-25 10:00:00,-17894.29
2050-09-25 11:00:00,-10351.5
2050-09-25 12:00:00,-13034.39
2050-09-25 13:00:00,-16115.57
2050-09-25 14:00:00,-23797.08
2050-09-25 15:00:00,-25204.71
2050-09-25 16:00:00,-30563.48
2050-09-25 17:00:00,-27469.42
2050-09-25 18:00:00,-21319.25
2050-09-25 19:00:00,-32130.1
2050-09-25 20:00:00,-30264.94
2050-09-25 21:00:00,-48398.98
2050-09-25 22:00:00,-41795.32
2050-09-25 23:00:00,-46594.72
2050-09-26 00:00:00,-29574.39
2050-09-26 01:00:00,-30676.96
2050-09-26 02:00:00,-31333.32
2050-09-26 03:00:00,-26750.5
2050-09-26 04:00:00,-24402.86
2050-09-26 05:00:00,-29600.28
2050-09-26 06:00:00,-32136.84
2050-09-26 07:00:00,-33500.49
2050-09-26 08:00:00,-37379.95
2050-09-26 09:00:00,-36128.17
2050-09-26 10:00:00,-39429.89
2050-09-26 11:00:00,-40437.26
2050-09-26 12:00:00,-45888.92
2050-09-26 13:00:00,-47761.74
2050-09-26 14:00:00,-46661.44
2050-09-26 15:00:00,-43598.59
2050-09-26 16:00:00,-50466.45
2050-09-26 17:00:00,-55604.03
2050-09-26 18:00:00,-39411.65
2050-09-26 19:00:00,-33267.03
2050-09-26 20:00:00,-36993.32
2050-09-26 21:00:00,-34185.17
2050-09-26 22:00:00,-31737.66
2050-09-26 23:00:00,-29605.56
2050-09-27 00:00:00,-34018.36
2050-09-27 01:00:00,-39846.06
2050-09-27 02:00:00,-37952.15
2050-09-27 03:00:00,-36105.48
2050-09-27 04:00:00,-32157.67
2050-09-27 05:00:00,-25998.41
2050-09-27 06:00:00,-22601.65
2050-09-27 07:00:00,-23311.86
2050-09-27 08:00:00,-21828.56
2050-09-27 09:00:00,-17392.08
2050-09-27 10:00:00,-14405.37
2050-09-27 11:00:00,-10569.3
2050-09-27 12:00:00,-10840.47
2050-09-27 13:00:00,-15976.69
2050-09-27 14:00:00,-13904.16
2050-09-27 15:00:00,-15865.46
2050-09-27 16:00:00,-22025.84
2050-09-27 17:00:00,-25107.08
2050-09-27 18:00:00,-24082.7
2050-09-27 19:00:00,-34626.16
2050-09-27 20:00:00,-31963.12
2050-09-27 21:00:00,-29468.65
2050-09-27 22:00:00,-27573.84
2050-09-27 23:00:00,-29672.34
2050-09-28 00:00:00,-35100.78
2050-09-28 01:00:00,-31094.99
2050-09-28 02:00:00,-35517.16
2050-09-28 03:00:00,-41971.02
2050-09-28 04:00:00,-42635.6
2050-09-28 05:00:00,-36622.21
2050-09-28 06:00:00,-43440.84
2050-09-28 07:00:00,-46663.3
2050-09-28 08:00:00,-41863.74
2050-09-28 09:00:00,-29838.06
2050-09-28 10:00:00,-36524.12
2050-09-28 11:00:00,-39489.45
2050-09-28 12:00:00,-39617.5
2050-09-28 13:00:00,-34086.43
2050-09-28 14:00:00,-30941.63
2050-09-28 15:00:00,-25275.67
2050-09-28 16:00:00,-32432.79
2050-09-28 17:00:00,-31453.18
2050-09-28 18:00:00,-32356.81
2050-09-28 19:00:00,-39748.62
2050-09-28 20:00:00,-38834.75
2050-09-28 21:00:00,-34671.38
2050-09-28 22:00:00,-43876.84
2050-09-28 23:00:00,-47586.55
2050-09-29 00:00:00,-47745.11
2050-09-29 01:00:00,-47643.42
2050-09-29 02:00:00,-44861.86
2050-09-29 03:00:00,-51421.34
2050-09-29 04:00:00,-55246.26
2050-09-29 05:00:00,-57777.14
2050-09-29 06:00:00,-51331.41
2050-09-29 07:00:00,-40370.24
2050-09-29 08:00:00,-50066.72
2050-09-29 09:00:00,-37953.66
2050-09-29 10:00:00,-32156.3
2050-09-29 11:00:00,-33484.88
2050-09-29 12:00:00,-31541.0
2050-09-29 13:00:00,-27782.37
2050-09-29 14:00:00,-17329.58
2050-09-29 15:00:00,-10186.21
2050-09-29 16:00:00,-17106.76
2050-09-29 17:00:00,-22079.9
2050-09-29 18:00:00,-15711.39
2050-09-29 19:00:00,-31927.54
2050-09-29 20:00:00,-26732.33
2050-09-29 21:00:00,-29958.56
2050-09-29 22:00:00,-35990.28
2050-09-29 23:00:00,-51841.42
2050-09-30 00:00:00,-40814.24
2050-09-30 01:00:00,-53551.65
2050-09-30 02:00:00,-63686.67
2050-09-30 03:00:00,-71253.5
2050-09-30 04:00:00,-68040.26
2050-09-30 05:00:00,-47658.34
2050-09-30 06:00:00,-62994.98
2050-09-30 07:00:00,-64842.88
2050-09-30 08:00:00,-58193.18
2050-09-30 09:00:00,-56676.19
2050-09-30 10:00:00,-52558.28
2050-09-30 11:00:00,-51144.5
2050-09-30 12:00:00,-40676.59
2050-09-30 13:00:00,-39968.34
2050-09-30 14:00:00,-40279.37
2050-09-30 15:00:00,-38639.48
2050-09-30 16:00:00,-43899.66
2050-09-30 17:00:00,-41666.63
2050-09-30 18:00:00,-37822.38
2050-09-30 19:00:00,-45609.47
2050-09-30 20:00:00,-46048.32
2050-09-30 21:00:00,-44233.69
2050-09-30 22:00:00,-46791.85
2050-09-30 23:00:00,-45540.75
2050-10-01 00:00:00,-55261.77
2050-10-01 01:00:00,-50606.72
2050-10-01 02:00:00,-44084.56
2050-10-01 03:00:00,-46354.59
2050-10-01 04:00:00,-46380.46
2050-10-01 05:00:00,-46821.66
2050-10-01 06:00:00,-44915.26
2050-10-01 07:00:00,-46272.92
2050-10-01 08:00:00,-44194.13
2050-10-01 09:00:00,-45552.66
2050-10-01 10:00:00,-40600.86
2050-10-01 11:00:00,-35838.49
2050-10-01 12:00:00,-36289.96
2050-10-01 13:00:00,-26254.74
2050-10-01 14:00:00,-25404.52
2050-10-01 15:00:00,-25980.87
2050-10-01 16:00:00,-31689.83
2050-10-01 17:00:00,-30629.43
2050-10-01 18:00:00,-31137.0
2050-10-01 19:00:00,-37121.7
2050-10-01 20:00:00,-51309.67
2050-10-01 21:00:00,-52591.12
2050-10-01 22:00:00,-44990.32
2050-10-01 23:00:00,-44173.68
2050-10-02 00:00:00,-44319.32
2050-10-02 01:00:00,-50615.13
2050-10-02 02:00:00,-56521.4
2050-10-02 03:00:00,-54350.27
2050-10-02 04:00:00,-54823.28
2050-10-02 05:00:00,-54524.15
2050-10-02 06:00:00,-53564.66
2050-10-02 07:00:00,-57698.98
2050-10-02 08:00:00,-48492.89
2050-10-02 09:00:00,-50444.63
2050-10-02 10:00:00,-52900.2
2050-10-02 11:00:00,-47803.96
2050-10-02 12:00:00,-52845.81
2050-10-02 13:00:00,-51148.4
2050-10-02 14:00:00,-49453.68
2050-10-02 15:00:00,-48485.76
2050-10-02 16:00:00,-44510.8
2050-10-02 17:00:00,-36737.4
2050-10-02 18:00:00,-39991.62
2050-10-02 19:00:00,-48292.05
2050-10-02 20:00:00,-67525.06
2050-10-02 21:00:00,-47747.1
2050-10-02 22:00:00,-56744.51
2050-10-02 23:00:00,-56465.09
2050-10-03 00:00:00,-61238.08
2050-10-03 01:00:00,-41408.3
2050-10-03 02:00:00,-40463.02
2050-10-03 03:00:00,-37899.75
2050-10-03 04:00:00,-37060.97
2050-10-03 05:00:00,-40979.06
2050-10-03 06:00:00,-38922.83
2050-10-03 07:00:00,-34173.85
2050-10-03 08:00:00,-32099.34
2050-10-03 09:00:00,-42681.35
2050-10-03 10:00:00,-40272.64
2050-10-03 11:00:00,-32401.82
2050-10-03 12:00:00,-30079.17
2050-10-03 13:00:00,-28826.69
2050-10-03 14:00:00,-23871.5
2050-10-03 15:00:00,-24323.88
2050-10-03 16:00:00,-25009.91
2050-10-03 17:00:00,-23990.0
2050-10-03 18:00:00,-24256.21
2050-10-03 19:00:00,-27246.31
2050-10-03 20:00:00,-21920.36
2050-10-03 21:00:00,-27156.48
2050-10-03 22:00:00,-30203.5
2050-10-03 23:00:00,-25177.75
2050-10-04 00:00:00,-26788.71
2050-10-04 01:00:00,-29450.36
2050-10-04 02:00:00,-36773.12
2050-10-04 03:00:00,-36098.51
2050-10-04 04:00:00,-42385.91
2050-10-04 05:00:00,-43774.66
2050-10-04 06:00:00,-42915.49
2050-10-04 07:00:00,-37337.0
2050-10-04 08:00:00,-37990.6
2050-10-04 09:00:00,-37248.21
2050-10-04 10:00:00,-38888.87
2050-10-04 11:00:00,-47311.93
2050-10-04 12:00:00,-43773.93
2050-10-04 13:00:00,-44544.31
2050-10-04 14:00:00,-47869.98
2050-10-04 15:00:00,-47831.28
2050-10-04 16:00:00,-53309.72
2050-10-04 17:00:00,-54306.56
2050-10-04 18:00:00,-63652.38
2050-10-04 19:00:00,-57195.13
2050-10-04 20:00:00,-50430.54
2050-10-04 21:00:00,-56553.06
2050-10-04 22:00:00,-48374.1
2050-10-04 23:00:00,-41874.45
2050-10-05 00:00:00,-56669.56
2050-10-05 01:00:00,-48934.37
2050-10-05 02:00:00,-47818.52
2050-10-05 03:00:00,-55641.66
2050-10-05 04:00:00,-49393.08
2050-10-05 05:00:00,-40303.0
2050-10-05 06:00:00,-35075.09
2050-10-05 07:00:00,-37215.75
2050-10-05 08:00:00,-28521.2
2050-10-05 09:00:00,-22104.24
2050-10-05 10:00:00,-25370.69
2050-10-05 11:00:00,-22007.23
2050-10-05 12:00:00,-21222.08
2050-10-05 13:00:00,-13216.94
2050-10-05 14:00:00,-14762.9
2050-10-05 15:00:00,-12339.62
2050-10-05 16:00:00,-12031.32
2050-10-05 17:00:00,-7816.45
2050-10-05 18:00:00,-12311.07
2050-10-05 19:00:00,-8837.26
2050-10-05 20:00:00,-8177.85
2050-10-05 21:00:00,-9905.3
2050-10-05 22:00:00,-8517.26
2050-10-05 23:00:00,-5680.93
2050-10-06 00:00:00,-9260.26
2050-10-06 01:00:00,-7478.28
2050-10-06 02:00:00,-5817.53
2050-10-06 03:00:00,-5794.89
2050-10-06 04:00:00,-8002.6
2050-10-06 05:00:00,-7503.44
2050-10-06 06:00:00,-7616.4
2050-10-06 07:00:00,-8356.14
2050-10-06 08:00:00,-4592.33
2050-10-06 09:00:00,-1133.34
2050-10-06 10:00:00,-1275.21
2050-10-06 11:00:00,819.68
2050-10-06 12:00:00,918.35
2050-10-06 13:00:00,-104.44
2050-10-06 14:00:00,-942.12
2050-10-06 15:00:00,-1242.86
2050-10-06 16:00:00,-1123.17
2050-10-06 17:00:00,896.57
2050-10-06 18:00:00,-2243.46
2050-10-06 19:00:00,-7590.36
2050-10-06 20:00:00,-7167.82
2050-10-06 21:00:00,-11621.02
2050-10-06 22:00:00,-15284.75
2050-10-06 23:00:00,-15353.86
2050-10-07 00:00:00,-17202.5
2050-10-07 01:00:00,-14940.64
2050-10-07 02:00:00,-15174.72
2050-10-07 03:00:00,-17837.32
2050-10-07 04:00:00,-16672.3
2050-10-07 05:00:00,-17150.74
2050-10-07 06:00:00,-10636.82
2050-10-07 07:00:00,-16801.71
2050-10-07 08:00:00,-14778.95
2050-10-07 09:00:00,-13221.19
2050-10-07 10:00:00,-18504.73
2050-10-07 11:00:00,-16182.64
2050-10-07 12:00:00,-11507.34
2050-10-07 13:00:00,-19721.51
2050-10-07 14:00:00,-18358.74
2050-10-07 15:00:00,-33070.82
2050-10-07 16:00:00,-36346.7
2050-10-07 17:00:00,-35619.81
2050-10-07 18:00:00,-42408.31
2050-10-07 19:00:00,-26103.25
2050-10-07 20:00:00,-46718.55
2050-10-07 21:00:00,-46750.87
2050-10-07 22:00:00,-38899.99
2050-10-07 23:00:00,-40572.85
2050-10-08 00:00:00,-36449.16
2050-10-08 01:00:00,-35638.04
2050-10-08 02:00:00,-25890.16
2050-10-08 03:00:00,-29963.97
2050-10-08 04:00:00,-45945.12
2050-10-08 05:00:00,-45545.12
2050-10-08 06:00:00,-44264.12
2050-10-08 07:00:00,-42151.82
2050-10-08 08:00:00,-35683.16
2050-10-08 09:00:00,-32198.24
2050-10-08 10:00:00,-35698.78
2050-10-08 11:00:00,-31361.38
2050-10-08 12:00:00,-26548.7
2050-10-08 13:00:00,-26490.66
2050-10-08 14:00:00,-24332.86
2050-10-08 15:00:00,-22949.57
2050-10-08 16:00:00,-27723.91
2050-10-08 17:00:00,-25887.05
2050-10-08 18:00:00,-29399.91
2050-10-08 19:00:00,-41683.61
2050-10-08 20:00:00,-33709.63
2050-10-08 21:00:00,-34480.3
2050-10-08 22:00:00,-30490.64
2050-10-08 23:00:00,-29015.04
2050-10-09 00:00:00,-32469.0
2050-10-09 01:00:00,-32991.63
2050-10-09 02:00:00,-35372.82
2050-10-09 03:00:00,-37600.68
2050-10-09 04:00:00,-42384.72
2050-10-09 05:00:00,-45192.74
2050-10-09 06:00:00,-52681.98
2050-10-09 07:00:00,-52557.2
2050-10-09 08:00:00,-49663.63
2050-10-09 09:00:00,-54681.42
2050-10-09 10:00:00,-55240.98
2050-10-09 11:00:00,-65627.53
2050-10-09 12:00:00,-64355.73
2050-10-09 13:00:00,-65953.76
2050-10-09 14:00:00,-70660.53
2050-10-09 15:00:00,-70170.86
2050-10-09 16:00:00,-70406.67
2050-10-09 17:00:00,-70163.33
2050-10-09 18:00:00,-69941.75
2050-10-09 19:00:00,-69752.4
2050-10-09 20:00:00,-70087.62
2050-10-09 21:00:00,-70155.61
2050-10-09 22:00:00,-70739.73
2050-10-09 23:00:00,-68442.85
2050-10-10 00:00:00,-70605.38
2050-10-10 01:00:00,-69462.2
2050-10-10 02:00:00,-70876.76
2050-10-10 03:00:00,-68875.16
2050-10-10 04:00:00,-66872.36
2050-10-10 05:00:00,-57151.76
2050-10-10 06:00:00,-59472.8
2050-10-10 07:00:00,-46502.45
2050-10-10 08:00:00,-46885.39
2050-10-10 09:00:00,-38546.19
2050-10-10 10:00:00,-33354.75
2050-10-10 11:00:00,-29807.94
2050-10-10 12:00:00,-27473.09
2050-10-10 13:00:00,-31108.67
2050-10-10 14:00:00,-34636.39
2050-10-10 15:00:00,-37635.84
2050-10-10 16:00:00,-34953.72
2050-10-10 17:00:00,-26122.45
2050-10-10 18:00:00,-27968.71
2050-10-10 19:00:00,-36529.32
2050-10-10 20:00:00,-38538.35
2050-10-10 21:00:00,-46304.0
2050-10-10 22:00:00,-41817.1
2050-10-10 23:00:00,-25365.46
2050-10-11 00:00:00,-39681.43
2050-10-11 01:00:00,-38030.54
2050-10-11 02:00:00,-40057.1
2050-10-11 03:00:00,-39661.0
2050-10-11 04:00:00,-31992.41
2050-10-11 05:00:00,-26994.47
2050-10-11 06:00:00,-26577.79
2050-10-11 07:00:00,-24508.5
2050-10-11 08:00:00,-23207.08
2050-10-11 09:00:00,-23319.4
2050-10-11 10:00:00,-32777.7
2050-10-11 11:00:00,-32714.88
2050-10-11 12:00:00,-20479.75
2050-10-11 13:00:00,-23141.08
2050-10-11 14:00:00,-26849.32
2050-10-11 15:00:00,-22629.38
2050-10-11 16:00:00,-25809.98
2050-10-11 17:00:00,-30042.87
2050-10-11 18:00:00,-30885.57
2050-10-11 19:00:00,-18925.58
2050-10-11 20:00:00,-30188.0
2050-10-11 21:00:00,-34420.1
2050-10-11 22:00:00,-33174.95
2050-10-11 23:00:00,-29282.26
2050-10-12 00:00:00,-32942.28
2050-10-12 01:00:00,-22446.01
2050-10-12 02:00:00,-28313.25
2050-10-12 03:00:00,-38175.37
2050-10-12 04:00:00,-39437.03
2050-10-12 05:00:00,-47645.26
2050-10-12 06:00:00,-39994.98
2050-10-12 07:00:00,-43542.75
2050-10-12 08:00:00,-31564.61
2050-10-12 09:00:00,-37333.04
2050-10-12 10:00:00,-30028.53
2050-10-12 11:00:00,-25911.56
2050-10-12 12:00:00,-21739.6
2050-10-12 13:00:00,-23805.78
2050-10-12 14:00:00,-23682.86
2050-10-12 15:00:00,-18125.65
2050-10-12 16:00:00,-18571.28
2050-10-12 17:00:00,-18050.51
2050-10-12 18:00:00,-25352.82
2050-10-12 19:00:00,-21674.21
2050-10-12 20:00:00,-23203.18
2050-10-12 21:00:00,-23741.46
2050-10-12 22:00:00,-26033.11
2050-10-12 23:00:00,-29485.19
2050-10-13 00:00:00,-27510.73
2050-10-13 01:00:00,-25210.73
2050-10-13 02:00:00,-31895.34
2050-10-13 03:00:00,-30559.56
2050-10-13 04:00:00,-20471.11
2050-10-13 05:00:00,-22351.8
2050-10-13 06:00:00,-24226.62
2050-10-13 07:00:00,-17611.79
2050-10-13 08:00:00,-16757.61
2050-10-13 09:00:00,-16196.98
2050-10-13 10:00:00,-16258.03
2050-10-13 11:00:00,-19394.14
2050-10-13 12:00:00,-22563.1
2050-10-13 13:00:00,-25886.42
2050-10-13 14:00:00,-17448.07
2050-10-13 15:00:00,-19619.23
2050-10-13 16:00:00,-14773.23
2050-10-13 17:00:00,-20614.07
2050-10-13 18:00:00,-14686.24
2050-10-13 19:00:00,-25091.46
2050-10-13 20:00:00,-22669.68
2050-10-13 21:00:00,-16813.91
2050-10-13 22:00:00,-20826.64
2050-10-13 23:00:00,-21787.46
2050-10-14 00:00:00,-8887.48
2050-10-14 01:00:00,-17912.8
2050-10-14 02:00:00,-26418.6
2050-10-14 03:00:00,-34899.73
2050-10-14 04:00:00,-28332.86
2050-10-14 05:00:00,-24405.48
2050-10-14 06:00:00,-16480.66
2050-10-14 07:00:00,-14064.69
2050-10-14 08:00:00,-5203.52
2050-10-14 09:00:00,-1195.6
2050-10-14 10:00:00,-1194.73
2050-10-14 11:00:00,-1835.86
2050-10-14 12:00:00,-1197.3
2050-10-14 13:00:00,232.72
2050-10-14 14:00:00,-1647.41
2050-10-14 15:00:00,-2243.87
2050-10-14 16:00:00,-4391.42
2050-10-14 17:00:00,-3056.73
2050-10-14 18:00:00,-1444.84
2050-10-14 19:00:00,-4866.3
2050-10-14 20:00:00,-1128.88
2050-10-14 21:00:00,-4589.66
2050-10-14 22:00:00,-5339.09
2050-10-14 23:00:00,-15950.97
2050-10-15 00:00:00,-12222.12
2050-10-15 01:00:00,-20181.74
2050-10-15 02:00:00,-21256.78
2050-10-15 03:00:00,-17082.34
2050-10-15 04:00:00,-16416.96
2050-10-15 05:00:00,-15633.12
2050-10-15 06:00:00,-15769.46
2050-10-15 07:00:00,-10251.33
2050-10-15 08:00:00,-7071.11
2050-10-15 09:00:00,-7973.59
2050-10-15 10:00:00,-7628.75
2050-10-15 11:00:00,-7087.44
2050-10-15 12:00:00,-9058.64
2050-10-15 13:00:00,-10912.98
2050-10-15 14:00:00,-16010.38
2050-10-15 15:00:00,-17407.26
2050-10-15 16:00:00,-22018.46
2050-10-15 17:00:00,-33735.74
2050-10-15 18:00:00,-37902.2
2050-10-15 19:00:00,-44511.78
2050-10-15 20:00:00,-50485.38
2050-10-15 21:00:00,-50769.91
2050-10-15 22:00:00,-54749.53
2050-10-15 23:00:00,-56080.12
2050-10-16 00:00:00,-53884.64
2050-10-16 01:00:00,-50552.81
2050-10-16 02:00:00,-39852.16
2050-10-16 03:00:00,-48333.53
2050-10-16 04:00:00,-59062.4
2050-10-16 05:00:00,-53041.22
2050-10-16 06:00:00,-56822.72
2050-10-16 07:00:00,-54087.78
2050-10-16 08:00:00,-44559.52
2050-10-16 09:00:00,-44698.32
2050-10-16 10:00:00,-43595.0
2050-10-16 11:00:00,-38404.67
2050-10-16 12:00:00,-35735.97
2050-10-16 13:00:00,-35380.77
2050-10-16 14:00:00,-34247.36
2050-10-16 15:00:00,-33992.86
2050-10-16 16:00:00,-33070.81
2050-10-16 17:00:00,-49578.96
2050-10-16 18:00:00,-48562.95
2050-10-16 19:00:00,-52122.78
2050-10-16 20:00:00,-68404.18
2050-10-16 21:00:00,-57434.31
2050-10-16 22:00:00,-67779.04
2050-10-16 23:00:00,-66076.27
2050-10-17 00:00:00,-61081.72
2050-10-17 01:00:00,-55797.62
2050-10-17 02:00:00,-59848.68
2050-10-17 03:00:00,-52871.9
2050-10-17 04:00:00,-44977.79
2050-10-17 05:00:00,-46679.76
2050-10-17 06:00:00,-52417.52
2050-10-17 07:00:00,-51241.14
2050-10-17 08:00:00,-47323.03
2050-10-17 09:00:00,-52821.5
2050-10-17 10:00:00,-63073.24
2050-10-17 11:00:00,-48045.56
2050-10-17 12:00:00,-44237.85
2050-10-17 13:00:00,-42226.8
2050-10-17 14:00:00,-47322.31
2050-10-17 15:00:00,-48024.78
2050-10-17 16:00:00,-50019.91
2050-10-17 17:00:00,-56042.13
2050-10-17 18:00:00,-54138.18
2050-10-17 19:00:00,-58402.02
2050-10-17 20:00:00,-54805.48
2050-10-17 21:00:00,-53230.92
2050-10-17 22:00:00,-38259.73
2050-10-17 23:00:00,-41607.36
2050-10-18 00:00:00,-47829.67
2050-10-18 01:00:00,-47706.9
2050-10-18 02:00:00,-43199.58
2050-10-18 03:00:00,-45093.82
2050-10-18 04:00:00,-43022.72
2050-10-18 05:00:00,-41188.58
2050-10-18 06:00:00,-38151.66
2050-10-18 07:00:00,-34241.45
2050-10-18 08:00:00,-29181.89
2050-10-18 09:00:00,-24039.03
2050-10-18 10:00:00,-30124.78
2050-10-18 11:00:00,-26922.56
2050-10-18 12:00:00,-29821.54
2050-10-18 13:00:00,-29555.68
2050-10-18 14:00:00,-38172.85
2050-10-18 15:00:00,-40922.44
2050-10-18 16:00:00,-41960.81
2050-10-18 17:00:00,-45283.06
2050-10-18 18:00:00,-43211.6
2050-10-18 19:00:00,-39558.2
2050-10-18 20:00:00,-41304.02
2050-10-18 21:00:00,-34817.82
2050-10-18 22:00:00,-26205.56
2050-10-18 23:00:00,-18311.46
2050-10-19 00:00:00,-19486.71
2050-10-19 01:00:00,-21307.82
2050-10-19 02:00:00,-19446.57
2050-10-19 03:00:00,-21098.7
2050-10-19 04:00:00,-19303.16
2050-10-19 05:00:00,-18891.31
2050-10-19 06:00:00,-16810.6
2050-10-19 07:00:00,-14243.53
2050-10-19 08:00:00,-10588.48
2050-10-19 09:00:00,-11200.8
2050-10-19 10:00:00,-10180.62
2050-10-19 11:00:00,-10399.47
2050-10-19 12:00:00,-9040.03
2050-10-19 13:00:00,-7175.82
2050-10-19 14:00:00,-5020.36
2050-10-19 15:00:00,-6251.14
2050-10-19 16:00:00,-10839.54
2050-10-19 17:00:00,-14381.08
2050-10-19 18:00:00,-20374.14
2050-10-19 19:00:00,-18954.54
2050-10-19 20:00:00,-26534.9
2050-10-19 21:00:00,-33310.28
2050-10-19 22:00:00,-53990.26
2050-10-19 23:00:00,-49728.26
2050-10-20 00:00:00,-49982.5
2050-10-20 01:00:00,-46760.18
2050-10-20 02:00:00,-43835.15
2050-10-20 03:00:00,-42372.86
2050-10-20 04:00:00,-36228.74
2050-10-20 05:00:00,-39930.4
2050-10-20 06:00:00,-36230.85
2050-10-20 07:00:00,-42656.7
2050-10-20 08:00:00,-54662.87
2050-10-20 09:00:00,-47745.7
2050-10-20 10:00:00,-41098.6
2050-10-20 11:00:00,-37518.5
2050-10-20 12:00:00,-24229.33
2050-10-20 13:00:00,-20195.42
2050-10-20 14:00:00,-18750.93
2050-10-20 15:00:00,-25425.76
2050-10-20 16:00:00,-23064.25
2050-10-20 17:00:00,-28442.35
2050-10-20 18:00:00,-25381.49
2050-10-20 19:00:00,-29778.96
2050-10-20 20:00:00,-31131.36
2050-10-20 21:00:00,-27850.86
2050-10-20 22:00:00,-35876.72
2050-10-20 23:00:00,-34142.24
2050-10-21 00:00:00,-32877.74
2050-10-21 01:00:00,-27756.2
2050-10-21 02:00:00,-20893.92
2050-10-21 03:00:00,-31589.42
2050-10-21 04:00:00,-24233.09
2050-10-21 05:00:00,-22459.97
2050-10-21 06:00:00,-24260.82
2050-10-21 07:00:00,-16605.03
2050-10-21 08:00:00,-10417.78
2050-10-21 09:00:00,-29532.07
2050-10-21 10:00:00,-26426.16
2050-10-21 11:00:00,-20565.82
2050-10-21 12:00:00,-15329.51
2050-10-21 13:00:00,-16577.0
2050-10-21 14:00:00,-12661.74
2050-10-21 15:00:00,-15897.79
2050-10-21 16:00:00,-21954.82
2050-10-21 17:00:00,-24297.25
2050-10-21 18:00:00,-31556.12
2050-10-21 19:00:00,-30600.25
2050-10-21 20:00:00,-27565.8
2050-10-21 21:00:00,-34193.24
2050-10-21 22:00:00,-33875.38
2050-10-21 23:00:00,-31774.76
2050-10-22 00:00:00,-30309.94
2050-10-22 01:00:00,-36821.44
2050-10-22 02:00:00,-24511.42
2050-10-22 03:00:00,-21671.46
2050-10-22 04:00:00,-17973.85
2050-10-22 05:00:00,-13670.92
2050-10-22 06:00:00,-18010.76
2050-10-22 07:00:00,-23095.08
2050-10-22 08:00:00,-22209.0
2050-10-22 09:00:00,-16617.52
2050-10-22 10:00:00,-17685.34
2050-10-22 11:00:00,-22122.94
2050-10-22 12:00:00,-24643.8
2050-10-22 13:00:00,-26032.89
2050-10-22 14:00:00,-28342.14
2050-10-22 15:00:00,-33441.93
2050-10-22 16:00:00,-40602.34
2050-10-22 17:00:00,-39312.7
2050-10-22 18:00:00,-36182.37
2050-10-22 19:00:00,-48715.84
2050-10-22 20:00:00,-46649.88
2050-10-22 21:00:00,-41937.32
2050-10-22 22:00:00,-40430.24
2050-10-22 23:00:00,-38990.56
2050-10-23 00:00:00,-45697.33
2050-10-23 01:00:00,-37841.52
2050-10-23 02:00:00,-34947.71
2050-10-23 03:00:00,-47155.68
2050-10-23 04:00:00,-42696.46
2050-10-23 05:00:00,-39606.94
2050-10-23 06:00:00,-36828.81
2050-10-23 07:00:00,-38556.74
2050-10-23 08:00:00,-39519.37
2050-10-23 09:00:00,-38449.47
2050-10-23 10:00:00,-35049.83
2050-10-23 11:00:00,-32414.03
2050-10-23 12:00:00,-30028.54
2050-10-23 13:00:00,-32215.66
2050-10-23 14:00:00,-30546.74
2050-10-23 15:00:00,-31218.24
2050-10-23 16:00:00,-30086.81
2050-10-23 17:00:00,-29412.62
2050-10-23 18:00:00,-33966.57
2050-10-23 19:00:00,-35868.84
2050-10-23 20:00:00,-39858.13
2050-10-23 21:00:00,-37385.23
2050-10-23 22:00:00,-39560.19
2050-10-23 23:00:00,-37038.56
2050-10-24 00:00:00,-33491.12
2050-10-24 01:00:00,-30006.13
2050-10-24 02:00:00,-38440.09
2050-10-24 03:00:00,-37539.46
2050-10-24 04:00:00,-43092.93
2050-10-24 05:00:00,-34543.64
2050-10-24 06:00:00,-33597.73
2050-10-24 07:00:00,-31728.36
2050-10-24 08:00:00,-27367.56
2050-10-24 09:00:00,-27751.55
2050-10-24 10:00:00,-24416.02
2050-10-24 11:00:00,-26989.3
2050-10-24 12:00:00,-24343.89
2050-10-24 13:00:00,-26907.54
2050-10-24 14:00:00,-25462.9
2050-10-24 15:00:00,-40257.74
2050-10-24 16:00:00,-24623.54
2050-10-24 17:00:00,-33489.4
2050-10-24 18:00:00,-42478.12
2050-10-24 19:00:00,-39544.73
2050-10-24 20:00:00,-47401.11
2050-10-24 21:00:00,-40273.03
2050-10-24 22:00:00,-48490.96
2050-10-24 23:00:00,-43069.87
2050-10-25 00:00:00,-40707.76
2050-10-25 01:00:00,-31853.34
2050-10-25 02:00:00,-25570.46
2050-10-25 03:00:00,-22438.15
2050-10-25 04:00:00,-19209.25
2050-10-25 05:00:00,-24080.5
2050-10-25 06:00:00,-28238.0
2050-10-25 07:00:00,-30154.64
2050-10-25 08:00:00,-22741.74
2050-10-25 09:00:00,-27558.64
2050-10-25 10:00:00,-25459.2
2050-10-25 11:00:00,-28188.18
2050-10-25 12:00:00,-18590.52
2050-10-25 13:00:00,-23325.93
2050-10-25 14:00:00,-21074.98
2050-10-25 15:00:00,-18840.07
2050-10-25 16:00:00,-14372.81
2050-10-25 17:00:00,-14956.55
2050-10-25 18:00:00,-25038.75
2050-10-25 19:00:00,-39380.3
2050-10-25 20:00:00,-54476.83
2050-10-25 21:00:00,-51200.82
2050-10-25 22:00:00,-46478.8
2050-10-25 23:00:00,-44044.34
2050-10-26 00:00:00,-48737.36
2050-10-26 01:00:00,-39524.97
2050-10-26 02:00:00,-32273.05
2050-10-26 03:00:00,-29771.67
2050-10-26 04:00:00,-29523.49
2050-10-26 05:00:00,-33156.48
2050-10-26 06:00:00,-23006.7
2050-10-26 07:00:00,-20973.17
2050-10-26 08:00:00,-20543.31
2050-10-26 09:00:00,-21456.08
2050-10-26 10:00:00,-11061.52
2050-10-26 11:00:00,-9590.87
2050-10-26 12:00:00,-12450.84
2050-10-26 13:00:00,-7534.91
2050-10-26 14:00:00,-4751.46
2050-10-26 15:00:00,-1879.02
2050-10-26 16:00:00,-835.86
2050-10-26 17:00:00,-5659.99
2050-10-26 18:00:00,-6865.53
2050-10-26 19:00:00,-15391.58
2050-10-26 20:00:00,-20731.34
2050-10-26 21:00:00,-29624.39
2050-10-26 22:00:00,-25560.18
2050-10-26 23:00:00,-27905.08
2050-10-27 00:00:00,-27142.53
2050-10-27 01:00:00,-33717.02
2050-10-27 02:00:00,-37011.44
2050-10-27 03:00:00,-43840.53
2050-10-27 04:00:00,-58720.76
2050-10-27 05:00:00,-56064.32
2050-10-27 06:00:00,-70389.54
2050-10-27 07:00:00,-71959.57
2050-10-27 08:00:00,-70881.89
2050-10-27 09:00:00,-71330.87
2050-10-27 10:00:00,-71229.42
2050-10-27 11:00:00,-70634.86
2050-10-27 12:00:00,-66927.08
2050-10-27 13:00:00,-60611.22
2050-10-27 14:00:00,-64968.23
2050-10-27 15:00:00,-34072.26
2050-10-27 16:00:00,-30564.64
2050-10-27 17:00:00,-39816.83
2050-10-27 18:00:00,-37362.46
2050-10-27 19:00:00,-39949.1
2050-10-27 20:00:00,-42429.8
2050-10-27 21:00:00,-45389.67
2050-10-27 22:00:00,-49745.08
2050-10-27 23:00:00,-45603.82
2050-10-28 00:00:00,-44697.34
2050-10-28 01:00:00,-44602.7
2050-10-28 02:00:00,-42951.76
2050-10-28 03:00:00,-47791.39
2050-10-28 04:00:00,-43250.4
2050-10-28 05:00:00,-41824.43
2050-10-28 06:00:00,-42190.66
2050-10-28 07:00:00,-42504.94
2050-10-28 08:00:00,-38764.42
2050-10-28 09:00:00,-45284.44
2050-10-28 10:00:00,-54270.6
2050-10-28 11:00:00,-48305.82
2050-10-28 12:00:00,-51233.4
2050-10-28 13:00:00,-42526.37
2050-10-28 14:00:00,-46479.34
2050-10-28 15:00:00,-46198.37
2050-10-28 16:00:00,-45471.59
2050-10-28 17:00:00,-40200.39
2050-10-28 18:00:00,-44530.18
2050-10-28 19:00:00,-43459.88
2050-10-28 20:00:00,-46473.67
2050-10-28 21:00:00,-52504.1
2050-10-28 22:00:00,-49137.26
2050-10-28 23:00:00,-45810.31
2050-10-29 00:00:00,-36260.55
2050-10-29 01:00:00,-40414.82
2050-10-29 02:00:00,-31621.01
2050-10-29 03:00:00,-41286.3
2050-10-29 04:00:00,-45574.5
2050-10-29 05:00:00,-35504.07
2050-10-29 06:00:00,-31061.98
2050-10-29 07:00:00,-34751.69
2050-10-29 08:00:00,-47162.44
2050-10-29 09:00:00,-40891.86
2050-10-29 10:00:00,-47945.26
2050-10-29 11:00:00,-52818.76
2050-10-29 12:00:00,-66399.99
2050-10-29 13:00:00,-67249.02
2050-10-29 14:00:00,-70722.4
2050-10-29 15:00:00,-70154.38
2050-10-29 16:00:00,-70300.65
2050-10-29 17:00:00,-70945.99
2050-10-29 18:00:00,-70404.68
2050-10-29 19:00:00,-70076.5
2050-10-29 20:00:00,-69902.62
2050-10-29 21:00:00,-69897.65
2050-10-29 22:00:00,-70061.98
2050-10-29 23:00:00,-70295.8
2050-10-30 00:00:00,-68880.44
2050-10-30 01:00:00,-66898.01
2050-10-30 02:00:00,-57066.5
2050-10-30 03:00:00,-61894.2
2050-10-30 04:00:00,-61614.4
2050-10-30 05:00:00,-54783.58
2050-10-30 06:00:00,-57866.6
2050-10-30 07:00:00,-61048.06
2050-10-30 08:00:00,-58182.88
2050-10-30 09:00:00,-53520.44
2050-10-30 10:00:00,-52389.05
2050-10-30 11:00:00,-47931.67
2050-10-30 12:00:00,-39958.96
2050-10-30 13:00:00,-34616.46
2050-10-30 14:00:00,-46552.6
2050-10-30 15:00:00,-44547.18
2050-10-30 16:00:00,-43695.18
2050-10-30 17:00:00,-32980.94
2050-10-30 18:00:00,-32037.5
2050-10-30 19:00:00,-35361.29
2050-10-30 20:00:00,-34038.12
2050-10-30 21:00:00,-33465.12
2050-10-30 22:00:00,-33220.94
2050-10-30 23:00:00,-25110.48
2050-10-31 00:00:00,-31039.05
2050-10-31 01:00:00,-23639.5
2050-10-31 02:00:00,-29077.76
2050-10-31 03:00:00,-37338.85
2050-10-31 04:00:00,-33056.98
2050-10-31 05:00:00,-26196.36
2050-10-31 06:00:00,-20095.06
2050-10-31 07:00:00,-14770.82
2050-10-31 08:00:00,-22259.64
2050-10-31 09:00:00,-17798.92
2050-10-31 10:00:00,-15934.4
2050-10-31 11:00:00,-16540.97
2050-10-31 12:00:00,-22678.31
2050-10-31 13:00:00,-21267.38
2050-10-31 14:00:00,-21038.6
2050-10-31 15:00:00,-27291.88
2050-10-31 16:00:00,-29008.29
2050-10-31 17:00:00,-33768.77
2050-10-31 18:00:00,-37682.63
2050-10-31 19:00:00,-38185.28
2050-10-31 20:00:00,-43086.14
2050-10-31 21:00:00,-47156.12
2050-10-31 22:00:00,-46991.93
2050-10-31 23:00:00,-50080.02
2050-11-01 00:00:00,-51671.78
2050-11-01 01:00:00,-39626.2
2050-11-01 02:00:00,-27437.25
2050-11-01 03:00:00,-28284.07
2050-11-01 04:00:00,-33352.03
2050-11-01 05:00:00,-25704.98
2050-11-01 06:00:00,-31345.05
2050-11-01 07:00:00,-34174.18
2050-11-01 08:00:00,-41219.04
2050-11-01 09:00:00,-34161.39
2050-11-01 10:00:00,-29866.94
2050-11-01 11:00:00,-27162.12
2050-11-01 12:00:00,-35131.42
2050-11-01 13:00:00,-29244.36
2050-11-01 14:00:00,-32509.14
2050-11-01 15:00:00,-34976.1
2050-11-01 16:00:00,-29101.54
2050-11-01 17:00:00,-36868.93
2050-11-01 18:00:00,-38620.94
2050-11-01 19:00:00,-41584.54
2050-11-01 20:00:00,-55256.94
2050-11-01 21:00:00,-59067.04
2050-11-01 22:00:00,-58272.02
2050-11-01 23:00:00,-57421.27
2050-11-02 00:00:00,-50982.8
2050-11-02 01:00:00,-44208.68
2050-11-02 02:00:00,-44118.64
2050-11-02 03:00:00,-41283.3
2050-11-02 04:00:00,-42509.08
2050-11-02 05:00:00,-39266.24
2050-11-02 06:00:00,-39062.34
2050-11-02 07:00:00,-32998.88
2050-11-02 08:00:00,-38195.18
2050-11-02 09:00:00,-35912.24
2050-11-02 10:00:00,-33858.72
2050-11-02 11:00:00,-30631.83
2050-11-02 12:00:00,-27713.84
2050-11-02 13:00:00,-21471.3
2050-11-02 14:00:00,-22163.56
2050-11-02 15:00:00,-24527.59
2050-11-02 16:00:00,-19445.16
2050-11-02 17:00:00,-16714.54
2050-11-02 18:00:00,-16335.28
2050-11-02 19:00:00,-15992.17
2050-11-02 20:00:00,-14698.31
2050-11-02 21:00:00,-20896.48
2050-11-02 22:00:00,-34665.38
2050-11-02 23:00:00,-38565.08
2050-11-03 00:00:00,-41098.58
2050-11-03 01:00:00,-41098.32
2050-11-03 02:00:00,-40081.57
2050-11-03 03:00:00,-32162.81
2050-11-03 04:00:00,-21278.25
2050-11-03 05:00:00,-19499.77
2050-11-03 06:00:00,-17816.42
2050-11-03 07:00:00,-23706.94
2050-11-03 08:00:00,-31307.0
2050-11-03 09:00:00,-30396.99
2050-11-03 10:00:00,-36375.6
2050-11-03 11:00:00,-36060.37
2050-11-03 12:00:00,-40024.16
2050-11-03 13:00:00,-38367.58
2050-11-03 14:00:00,-36581.14
2050-11-03 15:00:00,-37224.46
2050-11-03 16:00:00,-36521.19
2050-11-03 17:00:00,-41815.82
2050-11-03 18:00:00,-41170.3
2050-11-03 19:00:00,-44259.56
2050-11-03 20:00:00,-45389.92
2050-11-03 21:00:00,-38748.78
2050-11-03 22:00:00,-29186.26
2050-11-03 23:00:00,-20834.08
2050-11-04 00:00:00,-20040.96
2050-11-04 01:00:00,-18637.85
2050-11-04 02:00:00,-20048.53
2050-11-04 03:00:00,-16746.12
2050-11-04 04:00:00,-18077.49
2050-11-04 05:00:00,-20196.56
2050-11-04 06:00:00,-11022.36
2050-11-04 07:00:00,-8177.92
2050-11-04 08:00:00,-6628.78
2050-11-04 09:00:00,-5071.5
2050-11-04 10:00:00,-3600.06
2050-11-04 11:00:00,-8525.11
2050-11-04 12:00:00,-6302.33
2050-11-04 13:00:00,-4947.62
2050-11-04 14:00:00,-1894.9
2050-11-04 15:00:00,-906.21
2050-11-04 16:00:00,-1768.84
2050-11-04 17:00:00,-6613.7
2050-11-04 18:00:00,-7622.5
2050-11-04 19:00:00,-12722.01
2050-11-04 20:00:00,-19874.55
2050-11-04 21:00:00,-25331.26
2050-11-04 22:00:00,-20035.59
2050-11-04 23:00:00,-24478.28
2050-11-05 00:00:00,-25214.12
2050-11-05 01:00:00,-18306.84
2050-11-05 02:00:00,-17337.4
2050-11-05 03:00:00,-16153.47
2050-11-05 04:00:00,-20220.57
2050-11-05 05:00:00,-16420.03
2050-11-05 06:00:00,-17312.08
2050-11-05 07:00:00,-15366.66
2050-11-05 08:00:00,-17285.76
2050-11-05 09:00:00,-20920.92
2050-11-05 10:00:00,-18389.14
2050-11-05 11:00:00,-22893.2
2050-11-05 12:00:00,-28473.66
2050-11-05 13:00:00,-28052.82
2050-11-05 14:00:00,-25936.22
2050-11-05 15:00:00,-21870.87
2050-11-05 16:00:00,-24480.92
2050-11-05 17:00:00,-15829.22
2050-11-05 18:00:00,-25731.18
2050-11-05 19:00:00,-34186.84
2050-11-05 20:00:00,-37734.14
2050-11-05 21:00:00,-39163.64
2050-11-05 22:00:00,-36521.23
2050-11-05 23:00:00,-33862.31
2050-11-06 00:00:00,-34841.13
2050-11-06 01:00:00,-33836.36
2050-11-06 02:00:00,-29032.61
2050-11-06 03:00:00,-24221.2
2050-11-06 04:00:00,-20518.37
2050-11-06 05:00:00,-17058.03
2050-11-06 06:00:00,-22560.36
2050-11-06 07:00:00,-23466.06
2050-11-06 08:00:00,-22503.78
2050-11-06 09:00:00,-24969.72
2050-11-06 10:00:00,-29442.46
2050-11-06 11:00:00,-35893.69
2050-11-06 12:00:00,-34293.42
2050-11-06 13:00:00,-43221.24
2050-11-06 14:00:00,-45868.38
2050-11-06 15:00:00,-33875.45
2050-11-06 16:00:00,-26500.14
2050-11-06 17:00:00,-28592.75
2050-11-06 18:00:00,-31585.39
2050-11-06 19:00:00,-39625.41
2050-11-06 20:00:00,-46499.8
2050-11-06 21:00:00,-45707.36
2050-11-06 22:00:00,-44973.84
2050-11-06 23:00:00,-50739.64
2050-11-07 00:00:00,-41721.27
2050-11-07 01:00:00,-36108.14
2050-11-07 02:00:00,-37347.75
2050-11-07 03:00:00,-43784.38
2050-11-07 04:00:00,-48952.17
2050-11-07 05:00:00,-49951.14
2050-11-07 06:00:00,-41491.1
2050-11-07 07:00:00,-37725.44
2050-11-07 08:00:00,-31239.58
2050-11-07 09:00:00,-31955.56
2050-11-07 10:00:00,-27709.58
2050-11-07 11:00:00,-21192.84
2050-11-07 12:00:00,-20592.98
2050-11-07 13:00:00,-19241.77
2050-11-07 14:00:00,-22189.5
2050-11-07 15:00:00,-23507.02
2050-11-07 16:00:00,-22367.13
2050-11-07 17:00:00,-24830.95
2050-11-07 18:00:00,-31286.78
2050-11-07 19:00:00,-41888.22
2050-11-07 20:00:00,-50408.05
2050-11-07 21:00:00,-55026.32
2050-11-07 22:00:00,-52821.0
2050-11-07 23:00:00,-62633.96
2050-11-08 00:00:00,-65255.89
2050-11-08 01:00:00,-67200.62
2050-11-08 02:00:00,-64023.86
2050-11-08 03:00:00,-65661.95
2050-11-08 04:00:00,-66270.92
2050-11-08 05:00:00,-61485.15
2050-11-08 06:00:00,-56862.26
2050-11-08 07:00:00,-41484.06
2050-11-08 08:00:00,-48282.59
2050-11-08 09:00:00,-40204.47
2050-11-08 10:00:00,-33419.44
2050-11-08 11:00:00,-27192.64
2050-11-08 12:00:00,-22673.56
2050-11-08 13:00:00,-18202.7
2050-11-08 14:00:00,-7537.12
2050-11-08 15:00:00,-2857.77
2050-11-08 16:00:00,-1580.73
2050-11-08 17:00:00,-1821.33
2050-11-08 18:00:00,-985.04
2050-11-08 19:00:00,-2486.04
2050-11-08 20:00:00,-7140.0
2050-11-08 21:00:00,-12456.09
2050-11-08 22:00:00,-10875.21
2050-11-08 23:00:00,-10421.92
2050-11-09 00:00:00,-10048.84
2050-11-09 01:00:00,-8403.98
2050-11-09 02:00:00,-8727.41
2050-11-09 03:00:00,-8383.94
2050-11-09 04:00:00,-8524.88
2050-11-09 05:00:00,-7411.13
2050-11-09 06:00:00,-4625.06
2050-11-09 07:00:00,-3276.83
2050-11-09 08:00:00,-1065.43
2050-11-09 09:00:00,-1491.78
2050-11-09 10:00:00,-1625.41
2050-11-09 11:00:00,1000.15
2050-11-09 12:00:00,2191.44
2050-11-09 13:00:00,897.86
2050-11-09 14:00:00,2018.27
2050-11-09 15:00:00,1574.73
2050-11-09 16:00:00,84.93
2050-11-09 17:00:00,-34.39
2050-11-09 18:00:00,-3228.22
2050-11-09 19:00:00,-9274.56
2050-11-09 20:00:00,-8350.97
2050-11-09 21:00:00,-11181.38
2050-11-09 22:00:00,-19069.04
2050-11-09 23:00:00,-18220.89
2050-11-10 00:00:00,-14252.93
2050-11-10 01:00:00,-18477.4
2050-11-10 02:00:00,-21987.23
2050-11-10 03:00:00,-17941.24
2050-11-10 04:00:00,-27086.14
2050-11-10 05:00:00,-34817.66
2050-11-10 06:00:00,-36924.12
2050-11-10 07:00:00,-47188.58
2050-11-10 08:00:00,-50780.68
2050-11-10 09:00:00,-50007.73
2050-11-10 10:00:00,-48461.5
2050-11-10 11:00:00,-49486.37
2050-11-10 12:00:00,-61008.01
2050-11-10 13:00:00,-66211.85
2050-11-10 14:00:00,-53852.63
2050-11-10 15:00:00,-61386.48
2050-11-10 16:00:00,-66706.62
2050-11-10 17:00:00,-61593.85
2050-11-10 18:00:00,-56615.73
2050-11-10 19:00:00,-63684.74
2050-11-10 20:00:00,-62010.74
2050-11-10 21:00:00,-60598.27
2050-11-10 22:00:00,-65930.75
2050-11-10 23:00:00,-65662.16
2050-11-11 00:00:00,-53773.98
2050-11-11 01:00:00,-53957.76
2050-11-11 02:00:00,-44875.23
2050-11-11 03:00:00,-46730.34
2050-11-11 04:00:00,-44769.9
2050-11-11 05:00:00,-40707.27
2050-11-11 06:00:00,-38516.72
2050-11-11 07:00:00,-40080.54
2050-11-11 08:00:00,-42765.76
2050-11-11 09:00:00,-36586.36
2050-11-11 10:00:00,-35037.37
2050-11-11 11:00:00,-38928.89
2050-11-11 12:00:00,-38243.87
2050-11-11 13:00:00,-33151.44
2050-11-11 14:00:00,-34316.22
2050-11-11 15:00:00,-38720.2
2050-11-11 16:00:00,-45106.6
2050-11-11 17:00:00,-42992.38
2050-11-11 18:00:00,-48875.53
2050-11-11 19:00:00,-56725.22
2050-11-11 20:00:00,-66228.06
2050-11-11 21:00:00,-64008.56
2050-11-11 22:00:00,-66715.1
2050-11-11 23:00:00,-67041.41
2050-11-12 00:00:00,-59139.85
2050-11-12 01:00:00,-48724.67
2050-11-12 02:00:00,-59445.89
2050-11-12 03:00:00,-48983.94
2050-11-12 04:00:00,-44289.23
2050-11-12 05:00:00,-38890.47
2050-11-12 06:00:00,-37294.12
2050-11-12 07:00:00,-35263.27
2050-11-12 08:00:00,-40154.72
2050-11-12 09:00:00,-49210.02
2050-11-12 10:00:00,-41833.32
2050-11-12 11:00:00,-41847.07
2050-11-12 12:00:00,-45144.41
2050-11-12 13:00:00,-29815.67
2050-11-12 14:00:00,-32810.88
2050-11-12 15:00:00,-23648.45
2050-11-12 16:00:00,-22715.8
2050-11-12 17:00:00,-20725.18
2050-11-12 18:00:00,-24229.16
2050-11-12 19:00:00,-26923.25
2050-11-12 20:00:00,-26706.0
2050-11-12 21:00:00,-20143.42
2050-11-12 22:00:00,-17625.47
2050-11-12 23:00:00,-15836.14
2050-11-13 00:00:00,-15192.96
2050-11-13 01:00:00,-17130.95
2050-11-13 02:00:00,-31544.67
2050-11-13 03:00:00,-47749.1
2050-11-13 04:00:00,-38645.67
2050-11-13 05:00:00,-36715.21
2050-11-13 06:00:00,-45028.63
2050-11-13 07:00:00,-38701.01
2050-11-13 08:00:00,-40760.89
2050-11-13 09:00:00,-43626.02
2050-11-13 10:00:00,-36210.56
2050-11-13 11:00:00,-46931.13
2050-11-13 12:00:00,-44841.88
2050-11-13 13:00:00,-37130.99
2050-11-13 14:00:00,-43649.23
2050-11-13 15:00:00,-61191.1
2050-11-13 16:00:00,-70369.8
2050-11-13 17:00:00,-65398.8
2050-11-13 18:00:00,-62489.26
2050-11-13 19:00:00,-65505.6
2050-11-13 20:00:00,-62411.04
2050-11-13 21:00:00,-66464.9
2050-11-13 22:00:00,-67815.26
2050-11-13 23:00:00,-65784.45
2050-11-14 00:00:00,-68543.97
2050-11-14 01:00:00,-65401.8
2050-11-14 02:00:00,-67713.98
2050-11-14 03:00:00,-62115.62
2050-11-14 04:00:00,-60568.32
2050-11-14 05:00:00,-53854.86
2050-11-14 06:00:00,-46971.36
2050-11-14 07:00:00,-50917.25
2050-11-14 08:00:00,-49884.3
2050-11-14 09:00:00,-42792.3
2050-11-14 10:00:00,-38163.99
2050-11-14 11:00:00,-33835.22
2050-11-14 12:00:00,-35347.76
2050-11-14 13:00:00,-34525.46
2050-11-14 14:00:00,-33765.97
2050-11-14 15:00:00,-26614.52
2050-11-14 16:00:00,-26119.31
2050-11-14 17:00:00,-24655.55
2050-11-14 18:00:00,-24123.67
2050-11-14 19:00:00,-28996.27
2050-11-14 20:00:00,-31173.98
2050-11-14 21:00:00,-26482.67
2050-11-14 22:00:00,-24163.12
2050-11-14 23:00:00,-17798.75
2050-11-15 00:00:00,-17498.87
2050-11-15 01:00:00,-12207.76
2050-11-15 02:00:00,-12395.4
2050-11-15 03:00:00,-10613.01
2050-11-15 04:00:00,-13962.2
2050-11-15 05:00:00,-11494.84
2050-11-15 06:00:00,-9797.67
2050-11-15 07:00:00,-19932.51
2050-11-15 08:00:00,-16258.69
2050-11-15 09:00:00,-15761.37
2050-11-15 10:00:00,-27006.42
2050-11-15 11:00:00,-35818.93
2050-11-15 12:00:00,-34127.16
2050-11-15 13:00:00,-42519.12
2050-11-15 14:00:00,-43718.72
2050-11-15 15:00:00,-43987.37
2050-11-15 16:00:00,-47248.16
2050-11-15 17:00:00,-61088.5
2050-11-15 18:00:00,-70011.38
2050-11-15 19:00:00,-70385.88
2050-11-15 20:00:00,-70347.21
2050-11-15 21:00:00,-70430.37
2050-11-15 22:00:00,-70666.32
2050-11-15 23:00:00,-70957.77
2050-11-16 00:00:00,-71275.8
2050-11-16 01:00:00,-71398.48
2050-11-16 02:00:00,-71606.68
2050-11-16 03:00:00,-71705.47
2050-11-16 04:00:00,-71775.86
2050-11-16 05:00:00,-71295.56
2050-11-16 06:00:00,-71170.61
2050-11-16 07:00:00,-63490.47
2050-11-16 08:00:00,-70875.4
2050-11-16 09:00:00,-65734.19
2050-11-16 10:00:00,-58850.8
2050-11-16 11:00:00,-58723.45
2050-11-16 12:00:00,-54618.76
2050-11-16 13:00:00,-53339.04
2050-11-16 14:00:00,-45232.93
2050-11-16 15:00:00,-42501.03
2050-11-16 16:00:00,-54664.69
2050-11-16 17:00:00,-54517.58
2050-11-16 18:00:00,-59556.64
2050-11-16 19:00:00,-57139.89
2050-11-16 20:00:00,-55732.28
2050-11-16 21:00:00,-62668.89
2050-11-16 22:00:00,-58770.31
2050-11-16 23:00:00,-61395.66
2050-11-17 00:00:00,-61117.44
2050-11-17 01:00:00,-64791.88
2050-11-17 02:00:00,-65097.14
2050-11-17 03:00:00,-63267.73
2050-11-17 04:00:00,-65601.76
2050-11-17 05:00:00,-59933.08
2050-11-17 06:00:00,-57302.72
2050-11-17 07:00:00,-64602.86
2050-11-17 08:00:00,-59609.43
2050-11-17 09:00:00,-52536.99
2050-11-17 10:00:00,-51517.84
2050-11-17 11:00:00,-47210.18
2050-11-17 12:00:00,-46637.36
2050-11-17 13:00:00,-51887.48
2050-11-17 14:00:00,-53847.0
2050-11-17 15:00:00,-57732.0
2050-11-17 16:00:00,-59103.38
2050-11-17 17:00:00,-61557.01
2050-11-17 18:00:00,-63315.52
2050-11-17 19:00:00,-62576.97
2050-11-17 20:00:00,-61530.89
2050-11-17 21:00:00,-62274.13
2050-11-17 22:00:00,-60514.57
2050-11-17 23:00:00,-59214.3
2050-11-18 00:00:00,-54681.39
2050-11-18 01:00:00,-60544.09
2050-11-18 02:00:00,-50424.88
2050-11-18 03:00:00,-51437.86
2050-11-18 04:00:00,-45110.39
2050-11-18 05:00:00,-37139.55
2050-11-18 06:00:00,-33497.84
2050-11-18 07:00:00,-40014.98
2050-11-18 08:00:00,-41251.74
2050-11-18 09:00:00,-44602.02
2050-11-18 10:00:00,-46088.5
2050-11-18 11:00:00,-44565.41
2050-11-18 12:00:00,-37627.95
2050-11-18 13:00:00,-38632.92
2050-11-18 14:00:00,-39929.97
2050-11-18 15:00:00,-47326.59
2050-11-18 16:00:00,-49628.67
2050-11-18 17:00:00,-50953.18
2050-11-18 18:00:00,-45467.72
2050-11-18 19:00:00,-48336.02
2050-11-18 20:00:00,-50145.35
2050-11-18 21:00:00,-47869.34
2050-11-18 22:00:00,-49110.44
2050-11-18 23:00:00,-42035.82
2050-11-19 00:00:00,-45598.23
2050-11-19 01:00:00,-46807.55
2050-11-19 02:00:00,-34738.74
2050-11-19 03:00:00,-32496.95
2050-11-19 04:00:00,-35553.39
2050-11-19 05:00:00,-32889.93
2050-11-19 06:00:00,-26778.95
2050-11-19 07:00:00,-26044.8
2050-11-19 08:00:00,-41017.42
2050-11-19 09:00:00,-45524.93
2050-11-19 10:00:00,-47903.36
2050-11-19 11:00:00,-45899.53
2050-11-19 12:00:00,-46775.32
2050-11-19 13:00:00,-44640.7
2050-11-19 14:00:00,-45884.04
2050-11-19 15:00:00,-48832.34
2050-11-19 16:00:00,-51671.84
2050-11-19 17:00:00,-45723.72
2050-11-19 18:00:00,-44486.26
2050-11-19 19:00:00,-50699.92
2050-11-19 20:00:00,-50937.31
2050-11-19 21:00:00,-58172.73
2050-11-19 22:00:00,-69506.37
2050-11-19 23:00:00,-62283.27
2050-11-20 00:00:00,-69679.9
2050-11-20 01:00:00,-69545.79
2050-11-20 02:00:00,-66300.89
2050-11-20 03:00:00,-62225.8
2050-11-20 04:00:00,-62915.98
2050-11-20 05:00:00,-66877.2
2050-11-20 06:00:00,-68728.17
2050-11-20 07:00:00,-70679.06
2050-11-20 08:00:00,-70537.74
2050-11-20 09:00:00,-69177.61
2050-11-20 10:00:00,-69150.94
2050-11-20 11:00:00,-60983.4
2050-11-20 12:00:00,-56128.62
2050-11-20 13:00:00,-60635.48
2050-11-20 14:00:00,-60738.62
2050-11-20 15:00:00,-65820.1
2050-11-20 16:00:00,-61772.08
2050-11-20 17:00:00,-60834.2
2050-11-20 18:00:00,-66144.61
2050-11-20 19:00:00,-66717.1
2050-11-20 20:00:00,-68269.71
2050-11-20 21:00:00,-69090.91
2050-11-20 22:00:00,-68220.11
2050-11-20 23:00:00,-64777.87
2050-11-21 00:00:00,-61713.98
2050-11-21 01:00:00,-59027.14
2050-11-21 02:00:00,-59307.48
2050-11-21 03:00:00,-58218.76
2050-11-21 04:00:00,-47470.15
2050-11-21 05:00:00,-41779.96
2050-11-21 06:00:00,-36686.88
2050-11-21 07:00:00,-40682.63
2050-11-21 08:00:00,-43902.23
2050-11-21 09:00:00,-44266.24
2050-11-21 10:00:00,-45058.56
2050-11-21 11:00:00,-42363.62
2050-11-21 12:00:00,-45430.12
2050-11-21 13:00:00,-41934.52
2050-11-21 14:00:00,-41835.6
2050-11-21 15:00:00,-45054.11
2050-11-21 16:00:00,-45373.7
2050-11-21 17:00:00,-61589.61
2050-11-21 18:00:00,-67942.32
2050-11-21 19:00:00,-69484.14
2050-11-21 20:00:00,-69382.0
2050-11-21 21:00:00,-69464.67
2050-11-21 22:00:00,-69730.59
2050-11-21 23:00:00,-70091.02
2050-11-22 00:00:00,-70510.11
2050-11-22 01:00:00,-70742.12
2050-11-22 02:00:00,-71065.51
2050-11-22 03:00:00,-71264.88
2050-11-22 04:00:00,-71418.22
2050-11-22 05:00:00,-71490.52
2050-11-22 06:00:00,-71433.82
2050-11-22 07:00:00,-67015.12
2050-11-22 08:00:00,-59735.2
2050-11-22 09:00:00,-43591.1
2050-11-22 10:00:00,-46262.2
2050-11-22 11:00:00,-36368.75
2050-11-22 12:00:00,-35726.6
2050-11-22 13:00:00,-37865.72
2050-11-22 14:00:00,-47590.56
2050-11-22 15:00:00,-56582.24
2050-11-22 16:00:00,-61078.28
2050-11-22 17:00:00,-64452.87
2050-11-22 18:00:00,-69166.36
2050-11-22 19:00:00,-70182.25
2050-11-22 20:00:00,-68477.18
2050-11-22 21:00:00,-67444.95
2050-11-22 22:00:00,-66925.76
2050-11-22 23:00:00,-69829.42
2050-11-23 00:00:00,-70224.91
2050-11-23 01:00:00,-70080.58
2050-11-23 02:00:00,-70990.14
2050-11-23 03:00:00,-65105.38
2050-11-23 04:00:00,-60105.87
2050-11-23 05:00:00,-51962.55
2050-11-23 06:00:00,-48224.88
2050-11-23 07:00:00,-41023.72
2050-11-23 08:00:00,-42508.52
2050-11-23 09:00:00,-42760.02
2050-11-23 10:00:00,-43165.1
2050-11-23 11:00:00,-37151.34
2050-11-23 12:00:00,-35334.94
2050-11-23 13:00:00,-30856.93
2050-11-23 14:00:00,-31932.61
2050-11-23 15:00:00,-35178.36
2050-11-23 16:00:00,-26937.27
2050-11-23 17:00:00,-24101.56
2050-11-23 18:00:00,-25049.36
2050-11-23 19:00:00,-23745.23
2050-11-23 20:00:00,-29319.92
2050-11-23 21:00:00,-23048.33
2050-11-23 22:00:00,-20019.91
2050-11-23 23:00:00,-24944.93
2050-11-24 00:00:00,-23846.88
2050-11-24 01:00:00,-20591.67
2050-11-24 02:00:00,-21313.75
2050-11-24 03:00:00,-22456.68
2050-11-24 04:00:00,-28407.67
2050-11-24 05:00:00,-24577.65
2050-11-24 06:00:00,-16411.46
2050-11-24 07:00:00,-15196.55
2050-11-24 08:00:00,-6338.32
2050-11-24 09:00:00,-5427.13
2050-11-24 10:00:00,-12653.52
2050-11-24 11:00:00,-14549.65
2050-11-24 12:00:00,-13777.0
2050-11-24 13:00:00,-12632.41
2050-11-24 14:00:00,-10747.92
2050-11-24 15:00:00,-15473.6
2050-11-24 16:00:00,-20247.91
2050-11-24 17:00:00,-28034.8
2050-11-24 18:00:00,-25510.34
2050-11-24 19:00:00,-30367.91
2050-11-24 20:00:00,-29055.26
2050-11-24 21:00:00,-37516.94
2050-11-24 22:00:00,-32139.39
2050-11-24 23:00:00,-35921.98
2050-11-25 00:00:00,-31259.3
2050-11-25 01:00:00,-43859.1
2050-11-25 02:00:00,-40140.93
2050-11-25 03:00:00,-43832.98
2050-11-25 04:00:00,-38252.16
2050-11-25 05:00:00,-33652.52
2050-11-25 06:00:00,-23563.48
2050-11-25 07:00:00,-20217.37
2050-11-25 08:00:00,-23256.16
2050-11-25 09:00:00,-16148.69
2050-11-25 10:00:00,-14530.86
2050-11-25 11:00:00,-12435.02
2050-11-25 12:00:00,-8199.3
2050-11-25 13:00:00,-7807.0
2050-11-25 14:00:00,-8392.91
2050-11-25 15:00:00,-10074.08
2050-11-25 16:00:00,-5391.66
2050-11-25 17:00:00,-5081.0
2050-11-25 18:00:00,-4391.5
2050-11-25 19:00:00,-7660.33
2050-11-25 20:00:00,-8892.16
2050-11-25 21:00:00,-5385.55
2050-11-25 22:00:00,-7837.9
2050-11-25 23:00:00,-12881.02
2050-11-26 00:00:00,-17423.32
2050-11-26 01:00:00,-23563.58
2050-11-26 02:00:00,-23821.5
2050-11-26 03:00:00,-18922.15
2050-11-26 04:00:00,-17563.04
2050-11-26 05:00:00,-25804.8
2050-11-26 06:00:00,-29615.6
2050-11-26 07:00:00,-31969.23
2050-11-26 08:00:00,-40242.56
2050-11-26 09:00:00,-43540.56
2050-11-26 10:00:00,-51699.63
2050-11-26 11:00:00,-43228.49
2050-11-26 12:00:00,-45875.69
2050-11-26 13:00:00,-48320.11
2050-11-26 14:00:00,-52647.28
2050-11-26 15:00:00,-64777.22
2050-11-26 16:00:00,-67179.24
2050-11-26 17:00:00,-69863.44
2050-11-26 18:00:00,-65745.25
2050-11-26 19:00:00,-62686.49
2050-11-26 20:00:00,-68462.86
2050-11-26 21:00:00,-69064.95
2050-11-26 22:00:00,-69440.18
2050-11-26 23:00:00,-69664.67
2050-11-27 00:00:00,-64059.05
2050-11-27 01:00:00,-64224.81
2050-11-27 02:00:00,-66723.71
2050-11-27 03:00:00,-63199.82
2050-11-27 04:00:00,-60605.2
2050-11-27 05:00:00,-56276.7
2050-11-27 06:00:00,-46619.26
2050-11-27 07:00:00,-48255.42
2050-11-27 08:00:00,-50279.36
2050-11-27 09:00:00,-61113.85
2050-11-27 10:00:00,-47456.27
2050-11-27 11:00:00,-54650.26
2050-11-27 12:00:00,-62262.23
2050-11-27 13:00:00,-61780.77
2050-11-27 14:00:00,-57546.73
2050-11-27 15:00:00,-51880.72
2050-11-27 16:00:00,-63074.26
2050-11-27 17:00:00,-68726.73
2050-11-27 18:00:00,-68599.55
2050-11-27 19:00:00,-68580.9
2050-11-27 20:00:00,-67841.44
2050-11-27 21:00:00,-69013.95
2050-11-27 22:00:00,-68664.34
2050-11-27 23:00:00,-68578.34
2050-11-28 00:00:00,-68666.41
2050-11-28 01:00:00,-66521.56
2050-11-28 02:00:00,-69054.94
2050-11-28 03:00:00,-62595.84
2050-11-28 04:00:00,-55554.92
2050-11-28 05:00:00,-49279.56
2050-11-28 06:00:00,-51560.85
2050-11-28 07:00:00,-48781.94
2050-11-28 08:00:00,-45771.94
2050-11-28 09:00:00,-48391.5
2050-11-28 10:00:00,-44863.25
2050-11-28 11:00:00,-45541.38
2050-11-28 12:00:00,-46514.16
2050-11-28 13:00:00,-45938.76
2050-11-28 14:00:00,-46874.72
2050-11-28 15:00:00,-53560.27
2050-11-28 16:00:00,-65861.94
2050-11-28 17:00:00,-65549.77
2050-11-28 18:00:00,-68926.61
2050-11-28 19:00:00,-67163.06
2050-11-28 20:00:00,-64701.96
2050-11-28 21:00:00,-67133.24
2050-11-28 22:00:00,-65683.38
2050-11-28 23:00:00,-63160.9
2050-11-29 00:00:00,-63049.67
2050-11-29 01:00:00,-56721.7
2050-11-29 02:00:00,-55649.43
2050-11-29 03:00:00,-52158.67
2050-11-29 04:00:00,-44341.14
2050-11-29 05:00:00,-47335.63
2050-11-29 06:00:00,-45772.02
2050-11-29 07:00:00,-45567.7
2050-11-29 08:00:00,-43858.78
2050-11-29 09:00:00,-44930.65
2050-11-29 10:00:00,-40923.66
2050-11-29 11:00:00,-32260.82
2050-11-29 12:00:00,-31775.64
2050-11-29 13:00:00,-37339.28
2050-11-29 14:00:00,-32950.25
2050-11-29 15:00:00,-39254.3
2050-11-29 16:00:00,-42141.63
2050-11-29 17:00:00,-43025.98
2050-11-29 18:00:00,-40814.56
2050-11-29 19:00:00,-43196.72
2050-11-29 20:00:00,-41189.27
2050-11-29 21:00:00,-49165.27
2050-11-29 22:00:00,-47590.55
2050-11-29 23:00:00,-44171.76
2050-11-30 00:00:00,-35859.14
2050-11-30 01:00:00,-28904.37
2050-11-30 02:00:00,-24704.28
2050-11-30 03:00:00,-23924.57
2050-11-30 04:00:00,-19911.16
2050-11-30 05:00:00,-18607.95
2050-11-30 06:00:00,-17945.9
2050-11-30 07:00:00,-19640.16
2050-11-30 08:00:00,-24352.05
2050-11-30 09:00:00,-26042.03
2050-11-30 10:00:00,-26900.87
2050-11-30 11:00:00,-32094.39
2050-11-30 12:00:00,-45641.23
2050-11-30 13:00:00,-42612.2
2050-11-30 14:00:00,-47124.78
2050-11-30 15:00:00,-52951.48
2050-11-30 16:00:00,-48667.4
2050-11-30 17:00:00,-50543.78
2050-11-30 18:00:00,-49268.29
2050-11-30 19:00:00,-58823.62
2050-11-30 20:00:00,-68805.8
2050-11-30 21:00:00,-66404.62
2050-11-30 22:00:00,-63217.64
2050-11-30 23:00:00,-58439.32
2050-12-01 00:00:00,-67689.33
2050-12-01 01:00:00,-53282.96
2050-12-01 02:00:00,-63997.81
2050-12-01 03:00:00,-53014.08
2050-12-01 04:00:00,-63335.39
2050-12-01 05:00:00,-68995.62
2050-12-01 06:00:00,-62024.33
2050-12-01 07:00:00,-54904.88
2050-12-01 08:00:00,-61239.78
2050-12-01 09:00:00,-48327.13
2050-12-01 10:00:00,-48755.42
2050-12-01 11:00:00,-48882.83
2050-12-01 12:00:00,-39317.95
2050-12-01 13:00:00,-45192.98
2050-12-01 14:00:00,-48415.57
2050-12-01 15:00:00,-43648.82
2050-12-01 16:00:00,-54805.22
2050-12-01 17:00:00,-59940.14
2050-12-01 18:00:00,-60090.73
2050-12-01 19:00:00,-68047.86
2050-12-01 20:00:00,-61915.19
2050-12-01 21:00:00,-58211.57
2050-12-01 22:00:00,-51338.17
2050-12-01 23:00:00,-48729.72
2050-12-02 00:00:00,-48201.89
2050-12-02 01:00:00,-44469.43
2050-12-02 02:00:00,-45842.03
2050-12-02 03:00:00,-50206.95
2050-12-02 04:00:00,-56020.48
2050-12-02 05:00:00,-52513.17
2050-12-02 06:00:00,-43150.28
2050-12-02 07:00:00,-42128.62
2050-12-02 08:00:00,-35121.64
2050-12-02 09:00:00,-44365.45
2050-12-02 10:00:00,-48683.7
2050-12-02 11:00:00,-44936.52
2050-12-02 12:00:00,-39312.73
2050-12-02 13:00:00,-31900.56
2050-12-02 14:00:00,-41211.9
2050-12-02 15:00:00,-48966.96
2050-12-02 16:00:00,-56495.39
2050-12-02 17:00:00,-55854.95
2050-12-02 18:00:00,-64072.81
2050-12-02 19:00:00,-66249.86
2050-12-02 20:00:00,-67793.14
2050-12-02 21:00:00,-68873.05
2050-12-02 22:00:00,-65593.06
2050-12-02 23:00:00,-56380.86
2050-12-03 00:00:00,-48238.88
2050-12-03 01:00:00,-57769.74
2050-12-03 02:00:00,-59211.24
2050-12-03 03:00:00,-57676.98
2050-12-03 04:00:00,-65252.95
2050-12-03 05:00:00,-70134.0
2050-12-03 06:00:00,-68370.12
2050-12-03 07:00:00,-70429.36
2050-12-03 08:00:00,-70368.61
2050-12-03 09:00:00,-70409.75
2050-12-03 10:00:00,-70517.94
2050-12-03 11:00:00,-70633.03
2050-12-03 12:00:00,-70729.85
2050-12-03 13:00:00,-70882.24
2050-12-03 14:00:00,-71005.2
2050-12-03 15:00:00,-71034.15
2050-12-03 16:00:00,-70466.58
2050-12-03 17:00:00,-70231.46
2050-12-03 18:00:00,-68600.74
2050-12-03 19:00:00,-67400.98
2050-12-03 20:00:00,-64468.46
2050-12-03 21:00:00,-64556.03
2050-12-03 22:00:00,-57805.44
2050-12-03 23:00:00,-60753.05
2050-12-04 00:00:00,-51699.05
2050-12-04 01:00:00,-39152.24
2050-12-04 02:00:00,-35742.69
2050-12-04 03:00:00,-44742.24
2050-12-04 04:00:00,-42029.4
2050-12-04 05:00:00,-38643.62
2050-12-04 06:00:00,-32086.27
2050-12-04 07:00:00,-32146.13
2050-12-04 08:00:00,-22475.24
2050-12-04 09:00:00,-19196.79
2050-12-04 10:00:00,-20426.18
2050-12-04 11:00:00,-15894.57
2050-12-04 12:00:00,-13648.34
2050-12-04 13:00:00,-13948.46
2050-12-04 14:00:00,-7342.27
2050-12-04 15:00:00,-9234.94
2050-12-04 16:00:00,-11480.98
2050-12-04 17:00:00,-11119.67
2050-12-04 18:00:00,-12295.04
2050-12-04 19:00:00,-11684.72
2050-12-04 20:00:00,-23269.18
2050-12-04 21:00:00,-19170.26
2050-12-04 22:00:00,-16435.94
2050-12-04 23:00:00,-10848.31
2050-12-05 00:00:00,-17720.02
2050-12-05 01:00:00,-21250.11
2050-12-05 02:00:00,-18883.02
2050-12-05 03:00:00,-31180.9
2050-12-05 04:00:00,-31726.84
2050-12-05 05:00:00,-35712.88
2050-12-05 06:00:00,-41782.26
2050-12-05 07:00:00,-38011.45
2050-12-05 08:00:00,-35131.99
2050-12-05 09:00:00,-41583.41
2050-12-05 10:00:00,-40133.42
2050-12-05 11:00:00,-36696.34
2050-12-05 12:00:00,-34035.2
2050-12-05 13:00:00,-38700.12
2050-12-05 14:00:00,-35796.03
2050-12-05 15:00:00,-38793.54
2050-12-05 16:00:00,-36110.94
2050-12-05 17:00:00,-33450.64
2050-12-05 18:00:00,-36720.85
2050-12-05 19:00:00,-40014.88
2050-12-05 20:00:00,-29856.35
2050-12-05 21:00:00,-31283.66
2050-12-05 22:00:00,-33769.77
2050-12-05 23:00:00,-36349.43
2050-12-06 00:00:00,-38927.56
2050-12-06 01:00:00,-35551.04
2050-12-06 02:00:00,-41701.99
2050-12-06 03:00:00,-32731.81
2050-12-06 04:00:00,-31608.82
2050-12-06 05:00:00,-37267.99
2050-12-06 06:00:00,-30145.64
2050-12-06 07:00:00,-44990.21
2050-12-06 08:00:00,-42780.2
2050-12-06 09:00:00,-42762.92
2050-12-06 10:00:00,-41537.04
2050-12-06 11:00:00,-39899.31
2050-12-06 12:00:00,-49164.56
2050-12-06 13:00:00,-57239.83
2050-12-06 14:00:00,-59045.94
2050-12-06 15:00:00,-65201.18
2050-12-06 16:00:00,-67201.78
2050-12-06 17:00:00,-66628.79
2050-12-06 18:00:00,-68394.94
2050-12-06 19:00:00,-68559.19
2050-12-06 20:00:00,-68162.08
2050-12-06 21:00:00,-66126.16
2050-12-06 22:00:00,-64325.92
2050-12-06 23:00:00,-68913.89
2050-12-07 00:00:00,-69325.22
2050-12-07 01:00:00,-66630.02
2050-12-07 02:00:00,-67800.51
2050-12-07 03:00:00,-59720.88
2050-12-07 04:00:00,-54469.4
2050-12-07 05:00:00,-54621.38
2050-12-07 06:00:00,-49111.46
2050-12-07 07:00:00,-45650.85
2050-12-07 08:00:00,-30180.25
2050-12-07 09:00:00,-31014.94
2050-12-07 10:00:00,-22361.38
2050-12-07 11:00:00,-15772.32
2050-12-07 12:00:00,-20413.76
2050-12-07 13:00:00,-16411.1
2050-12-07 14:00:00,-21170.02
2050-12-07 15:00:00,-17068.46
2050-12-07 16:00:00,-20262.02
2050-12-07 17:00:00,-14945.72
2050-12-07 18:00:00,-12922.97
2050-12-07 19:00:00,-19612.69
2050-12-07 20:00:00,-13405.88
2050-12-07 21:00:00,-13809.47
2050-12-07 22:00:00,-14718.7
2050-12-07 23:00:00,-19249.57
2050-12-08 00:00:00,-25385.61
2050-12-08 01:00:00,-23153.53
2050-12-08 02:00:00,-22061.86
2050-12-08 03:00:00,-20923.91
2050-12-08 04:00:00,-13582.75
2050-12-08 05:00:00,-9116.9
2050-12-08 06:00:00,-5565.46
2050-12-08 07:00:00,-4997.52
2050-12-08 08:00:00,-4552.14
2050-12-08 09:00:00,-7086.63
2050-12-08 10:00:00,-7905.86
2050-12-08 11:00:00,-3447.43
2050-12-08 12:00:00,-8944.05
2050-12-08 13:00:00,-5548.58
2050-12-08 14:00:00,-7700.02
2050-12-08 15:00:00,-6768.56
2050-12-08 16:00:00,-12331.9
2050-12-08 17:00:00,-13711.22
2050-12-08 18:00:00,-21346.75
2050-12-08 19:00:00,-23392.58
2050-12-08 20:00:00,-16834.47
2050-12-08 21:00:00,-22167.77
2050-12-08 22:00:00,-30347.4
2050-12-08 23:00:00,-33133.79
2050-12-09 00:00:00,-39527.35
2050-12-09 01:00:00,-33104.55
2050-12-09 02:00:00,-28301.04
2050-12-09 03:00:00,-26276.12
2050-12-09 04:00:00,-21223.26
2050-12-09 05:00:00,-21150.87
2050-12-09 06:00:00,-19330.07
2050-12-09 07:00:00,-37709.06
2050-12-09 08:00:00,-36833.44
2050-12-09 09:00:00,-36180.82
2050-12-09 10:00:00,-34731.34
2050-12-09 11:00:00,-34102.32
2050-12-09 12:00:00,-30692.18
2050-12-09 13:00:00,-27053.19
2050-12-09 14:00:00,-26586.3
2050-12-09 15:00:00,-26135.34
2050-12-09 16:00:00,-23753.04
2050-12-09 17:00:00,-31458.3
2050-12-09 18:00:00,-40010.38
2050-12-09 19:00:00,-44775.08
2050-12-09 20:00:00,-47023.79
2050-12-09 21:00:00,-56833.24
2050-12-09 22:00:00,-48676.26
2050-12-09 23:00:00,-50735.46
2050-12-10 00:00:00,-50871.62
2050-12-10 01:00:00,-53923.0
2050-12-10 02:00:00,-56434.55
2050-12-10 03:00:00,-57893.1
2050-12-10 04:00:00,-64649.43
2050-12-10 05:00:00,-66502.59
2050-12-10 06:00:00,-63268.3
2050-12-10 07:00:00,-65416.05
2050-12-10 08:00:00,-67565.86
2050-12-10 09:00:00,-67309.23
2050-12-10 10:00:00,-55942.27
2050-12-10 11:00:00,-47763.98
2050-12-10 12:00:00,-39458.07
2050-12-10 13:00:00,-29729.26
2050-12-10 14:00:00,-28923.25
2050-12-10 15:00:00,-30152.66
2050-12-10 16:00:00,-27110.58
2050-12-10 17:00:00,-31865.52
2050-12-10 18:00:00,-24942.01
2050-12-10 19:00:00,-30006.02
2050-12-10 20:00:00,-29391.22
2050-12-10 21:00:00,-31908.86
2050-12-10 22:00:00,-34273.06
2050-12-10 23:00:00,-27245.77
2050-12-11 00:00:00,-23832.36
2050-12-11 01:00:00,-22236.24
2050-12-11 02:00:00,-19702.88
2050-12-11 03:00:00,-30953.82
2050-12-11 04:00:00,-31916.34
2050-12-11 05:00:00,-21891.4
2050-12-11 06:00:00,-17291.06
2050-12-11 07:00:00,-26368.56
2050-12-11 08:00:00,-35233.43
2050-12-11 09:00:00,-34272.02
2050-12-11 10:00:00,-30752.39
2050-12-11 11:00:00,-33098.9
2050-12-11 12:00:00,-40879.1
2050-12-11 13:00:00,-39419.32
2050-12-11 14:00:00,-38195.12
2050-12-11 15:00:00,-47282.71
2050-12-11 16:00:00,-50417.44
2050-12-11 17:00:00,-50137.46
2050-12-11 18:00:00,-55872.04
2050-12-11 19:00:00,-56469.67
2050-12-11 20:00:00,-59606.56
2050-12-11 21:00:00,-66867.46
2050-12-11 22:00:00,-68477.84
2050-12-11 23:00:00,-67668.59
2050-12-12 00:00:00,-67587.45
2050-12-12 01:00:00,-65173.86
2050-12-12 02:00:00,-67797.17
2050-12-12 03:00:00,-60732.65
2050-12-12 04:00:00,-53540.64
2050-12-12 05:00:00,-50111.52
2050-12-12 06:00:00,-49993.06
2050-12-12 07:00:00,-63409.84
2050-12-12 08:00:00,-64848.7
2050-12-12 09:00:00,-52116.56
2050-12-12 10:00:00,-42829.1
2050-12-12 11:00:00,-39220.78
2050-12-12 12:00:00,-36847.69
2050-12-12 13:00:00,-28879.05
2050-12-12 14:00:00,-24096.44
2050-12-12 15:00:00,-27086.02
2050-12-12 16:00:00,-29656.76
2050-12-12 17:00:00,-31575.13
2050-12-12 18:00:00,-39482.45
2050-12-12 19:00:00,-37745.05
2050-12-12 20:00:00,-46820.83
2050-12-12 21:00:00,-53832.91
2050-12-12 22:00:00,-56230.6
2050-12-12 23:00:00,-53841.32
2050-12-13 00:00:00,-47020.61
2050-12-13 01:00:00,-52238.82
2050-12-13 02:00:00,-53345.87
2050-12-13 03:00:00,-53552.48
2050-12-13 04:00:00,-49480.71
2050-12-13 05:00:00,-45989.42
2050-12-13 06:00:00,-44366.61
2050-12-13 07:00:00,-45130.7
2050-12-13 08:00:00,-47659.34
2050-12-13 09:00:00,-41937.73
2050-12-13 10:00:00,-51887.93
2050-12-13 11:00:00,-25134.91
2050-12-13 12:00:00,-26384.79
2050-12-13 13:00:00,-24908.83
2050-12-13 14:00:00,-27733.31
2050-12-13 15:00:00,-42150.98
2050-12-13 16:00:00,-41776.12
2050-12-13 17:00:00,-39149.86
2050-12-13 18:00:00,-42192.62
2050-12-13 19:00:00,-50464.82
2050-12-13 20:00:00,-56282.01
2050-12-13 21:00:00,-51897.45
2050-12-13 22:00:00,-48000.33
2050-12-13 23:00:00,-48987.86
2050-12-14 00:00:00,-49941.18
2050-12-14 01:00:00,-47212.92
2050-12-14 02:00:00,-43853.45
2050-12-14 03:00:00,-46382.76
2050-12-14 04:00:00,-46731.04
2050-12-14 05:00:00,-48375.3
2050-12-14 06:00:00,-50487.92
2050-12-14 07:00:00,-35851.16
2050-12-14 08:00:00,-35883.6
2050-12-14 09:00:00,-33806.77
2050-12-14 10:00:00,-27903.94
2050-12-14 11:00:00,-31897.84
2050-12-14 12:00:00,-34171.34
2050-12-14 13:00:00,-35184.02
2050-12-14 14:00:00,-40600.09
2050-12-14 15:00:00,-50659.42
2050-12-14 16:00:00,-51707.16
2050-12-14 17:00:00,-51685.36
2050-12-14 18:00:00,-54921.73
2050-12-14 19:00:00,-52799.34
2050-12-14 20:00:00,-59699.02
2050-12-14 21:00:00,-65640.67
2050-12-14 22:00:00,-65588.75
2050-12-14 23:00:00,-65953.57
2050-12-15 00:00:00,-65505.78
2050-12-15 01:00:00,-60730.99
2050-12-15 02:00:00,-65834.33
2050-12-15 03:00:00,-66182.44
2050-12-15 04:00:00,-52632.1
2050-12-15 05:00:00,-50942.36
2050-12-15 06:00:00,-57128.27
2050-12-15 07:00:00,-59903.94
2050-12-15 08:00:00,-55825.1
2050-12-15 09:00:00,-57803.05
2050-12-15 10:00:00,-54725.66
2050-12-15 11:00:00,-49112.06
2050-12-15 12:00:00,-63189.66
2050-12-15 13:00:00,-69637.16
2050-12-15 14:00:00,-64273.83
2050-12-15 15:00:00,-66197.21
2050-12-15 16:00:00,-67105.18
2050-12-15 17:00:00,-66639.97
2050-12-15 18:00:00,-68589.68
2050-12-15 19:00:00,-68303.3
2050-12-15 20:00:00,-68207.43
2050-12-15 21:00:00,-68251.16
2050-12-15 22:00:00,-68463.35
2050-12-15 23:00:00,-68746.78
2050-12-16 00:00:00,-69082.5
2050-12-16 01:00:00,-69228.28
2050-12-16 02:00:00,-69458.46
2050-12-16 03:00:00,-69578.87
2050-12-16 04:00:00,-69653.87
2050-12-16 05:00:00,-69663.74
2050-12-16 06:00:00,-69547.15
2050-12-16 07:00:00,-68603.84
2050-12-16 08:00:00,-67534.23
2050-12-16 09:00:00,-61007.31
2050-12-16 10:00:00,-51866.0
2050-12-16 11:00:00,-50344.37
2050-12-16 12:00:00,-51500.37
2050-12-16 13:00:00,-51704.71
2050-12-16 14:00:00,-39815.25
2050-12-16 15:00:00,-50924.62
2050-12-16 16:00:00,-64366.33
2050-12-16 17:00:00,-65564.81
2050-12-16 18:00:00,-65876.85
2050-12-16 19:00:00,-61107.22
2050-12-16 20:00:00,-66647.52
2050-12-16 21:00:00,-65764.1
2050-12-16 22:00:00,-66329.13
2050-12-16 23:00:00,-65738.74
2050-12-17 00:00:00,-65750.83
2050-12-17 01:00:00,-64442.58
2050-12-17 02:00:00,-69899.31
2050-12-17 03:00:00,-69998.75
2050-12-17 04:00:00,-69560.9
2050-12-17 05:00:00,-62633.0
2050-12-17 06:00:00,-69914.83
2050-12-17 07:00:00,-69793.98
2050-12-17 08:00:00,-69499.02
2050-12-17 09:00:00,-66365.53
2050-12-17 10:00:00,-61266.4
2050-12-17 11:00:00,-49454.44
2050-12-17 12:00:00,-52198.66
2050-12-17 13:00:00,-49215.32
2050-12-17 14:00:00,-62520.4
2050-12-17 15:00:00,-62208.76
2050-12-17 16:00:00,-50664.09
2050-12-17 17:00:00,-43500.52
2050-12-17 18:00:00,-51466.24
2050-12-17 19:00:00,-56327.75
2050-12-17 20:00:00,-56357.66
2050-12-17 21:00:00,-48065.36
2050-12-17 22:00:00,-56220.39
2050-12-17 23:00:00,-61391.29
2050-12-18 00:00:00,-57893.35
2050-12-18 01:00:00,-66664.28
2050-12-18 02:00:00,-69045.57
2050-12-18 03:00:00,-70083.24
2050-12-18 04:00:00,-70201.15
2050-12-18 05:00:00,-70200.03
2050-12-18 06:00:00,-69921.0
2050-12-18 07:00:00,-69992.92
2050-12-18 08:00:00,-70000.89
2050-12-18 09:00:00,-70017.12
2050-12-18 10:00:00,-67860.56
2050-12-18 11:00:00,-58636.99
2050-12-18 12:00:00,-48332.68
2050-12-18 13:00:00,-64796.7
2050-12-18 14:00:00,-64171.52
2050-12-18 15:00:00,-63073.85
2050-12-18 16:00:00,-66402.27
2050-12-18 17:00:00,-68367.82
2050-12-18 18:00:00,-68802.78
2050-12-18 19:00:00,-68722.04
2050-12-18 20:00:00,-66414.57
2050-12-18 21:00:00,-68962.37
2050-12-18 22:00:00,-68909.81
2050-12-18 23:00:00,-67018.83
2050-12-19 00:00:00,-67140.57
2050-12-19 01:00:00,-56591.27
2050-12-19 02:00:00,-66215.86
2050-12-19 03:00:00,-65221.51
2050-12-19 04:00:00,-58460.98
2050-12-19 05:00:00,-58097.25
2050-12-19 06:00:00,-60350.6
2050-12-19 07:00:00,-58227.95
2050-12-19 08:00:00,-53375.48
2050-12-19 09:00:00,-48685.45
2050-12-19 10:00:00,-46702.6
2050-12-19 11:00:00,-48380.64
2050-12-19 12:00:00,-43440.82
2050-12-19 13:00:00,-48301.57
2050-12-19 14:00:00,-45222.88
2050-12-19 15:00:00,-51742.5
2050-12-19 16:00:00,-49895.44
2050-12-19 17:00:00,-53525.75
2050-12-19 18:00:00,-56937.19
2050-12-19 19:00:00,-50405.14
2050-12-19 20:00:00,-48283.78
2050-12-19 21:00:00,-59538.84
2050-12-19 22:00:00,-54426.23
2050-12-19 23:00:00,-50834.18
2050-12-20 00:00:00,-51671.21
2050-12-20 01:00:00,-46787.98
2050-12-20 02:00:00,-41349.96
2050-12-20 03:00:00,-36205.45
2050-12-20 04:00:00,-29383.25
2050-12-20 05:00:00,-25780.83
2050-12-20 06:00:00,-22263.93
2050-12-20 07:00:00,-22080.04
2050-12-20 08:00:00,-22359.17
2050-12-20 09:00:00,-19934.78
2050-12-20 10:00:00,-12294.64
2050-12-20 11:00:00,-6807.12
2050-12-20 12:00:00,-3820.36
2050-12-20 13:00:00,-5787.62
2050-12-20 14:00:00,-6866.04
2050-12-20 15:00:00,-6097.4
2050-12-20 16:00:00,-8507.7
2050-12-20 17:00:00,-8671.99
2050-12-20 18:00:00,-13567.31
2050-12-20 19:00:00,-18097.84
2050-12-20 20:00:00,-20804.0
2050-12-20 21:00:00,-28281.0
2050-12-20 22:00:00,-30336.17
2050-12-20 23:00:00,-38847.8
2050-12-21 00:00:00,-36439.02
2050-12-21 01:00:00,-45513.98
2050-12-21 02:00:00,-43128.75
2050-12-21 03:00:00,-39884.76
2050-12-21 04:00:00,-47575.42
2050-12-21 05:00:00,-53204.03
2050-12-21 06:00:00,-41687.41
2050-12-21 07:00:00,-42512.22
2050-12-21 08:00:00,-30412.87
2050-12-21 09:00:00,-27549.7
2050-12-21 10:00:00,-16454.03
2050-12-21 11:00:00,-16518.47
2050-12-21 12:00:00,-5877.14
2050-12-21 13:00:00,-2426.02
2050-12-21 14:00:00,-6349.19
2050-12-21 15:00:00,-11661.16
2050-12-21 16:00:00,-10048.86
2050-12-21 17:00:00,-12092.04
2050-12-21 18:00:00,-15204.0
2050-12-21 19:00:00,-15822.98
2050-12-21 20:00:00,-17732.36
2050-12-21 21:00:00,-21750.9
2050-12-21 22:00:00,-10750.25
2050-12-21 23:00:00,-10464.32
2050-12-22 00:00:00,-7417.28
2050-12-22 01:00:00,-6407.2
2050-12-22 02:00:00,-9989.35
2050-12-22 03:00:00,-12879.66
2050-12-22 04:00:00,-11189.74
2050-12-22 05:00:00,-14964.05
2050-12-22 06:00:00,-21112.85
2050-12-22 07:00:00,-39589.03
2050-12-22 08:00:00,-49235.4
2050-12-22 09:00:00,-53083.98
2050-12-22 10:00:00,-58577.13
2050-12-22 11:00:00,-61757.12
2050-12-22 12:00:00,-60660.89
2050-12-22 13:00:00,-58931.74
2050-12-22 14:00:00,-65012.35
2050-12-22 15:00:00,-67437.77
2050-12-22 16:00:00,-68936.1
2050-12-22 17:00:00,-69289.11
2050-12-22 18:00:00,-67241.61
2050-12-22 19:00:00,-65938.4
2050-12-22 20:00:00,-61821.92
2050-12-22 21:00:00,-61194.34
2050-12-22 22:00:00,-54564.75
2050-12-22 23:00:00,-52562.0
2050-12-23 00:00:00,-64005.09
2050-12-23 01:00:00,-62834.75
2050-12-23 02:00:00,-60204.52
2050-12-23 03:00:00,-51725.78
2050-12-23 04:00:00,-57506.7
2050-12-23 05:00:00,-55261.69
2050-12-23 06:00:00,-39500.55
2050-12-23 07:00:00,-30593.28
2050-12-23 08:00:00,-29032.67
2050-12-23 09:00:00,-33109.18
2050-12-23 10:00:00,-26253.11
2050-12-23 11:00:00,-17986.24
2050-12-23 12:00:00,-29460.6
2050-12-23 13:00:00,-36654.02
2050-12-23 14:00:00,-34496.59
2050-12-23 15:00:00,-48065.52
2050-12-23 16:00:00,-42026.72
2050-12-23 17:00:00,-44505.37
2050-12-23 18:00:00,-38647.69
2050-12-23 19:00:00,-49782.55
2050-12-23 20:00:00,-46639.11
2050-12-23 21:00:00,-41587.04
2050-12-23 22:00:00,-44032.22
2050-12-23 23:00:00,-46491.68
2050-12-24 00:00:00,-46950.34
2050-12-24 01:00:00,-49042.04
2050-12-24 02:00:00,-49748.58
2050-12-24 03:00:00,-44468.22
2050-12-24 04:00:00,-48284.32
2050-12-24 05:00:00,-45485.12
2050-12-24 06:00:00,-51286.41
2050-12-24 07:00:00,-59365.26
2050-12-24 08:00:00,-63416.25
2050-12-24 09:00:00,-48521.58
2050-12-24 10:00:00,-62987.9
2050-12-24 11:00:00,-67889.36
2050-12-24 12:00:00,-62757.5
2050-12-24 13:00:00,-60495.2
2050-12-24 14:00:00,-57211.38
2050-12-24 15:00:00,-51795.53
2050-12-24 16:00:00,-44677.12
2050-12-24 17:00:00,-45344.62
2050-12-24 18:00:00,-47892.36
2050-12-24 19:00:00,-43190.14
2050-12-24 20:00:00,-50066.27
2050-12-24 21:00:00,-55571.7
2050-12-24 22:00:00,-60754.11
2050-12-24 23:00:00,-49335.9
2050-12-25 00:00:00,-51493.25
2050-12-25 01:00:00,-52952.44
2050-12-25 02:00:00,-57625.87
2050-12-25 03:00:00,-59350.14
2050-12-25 04:00:00,-66927.5
2050-12-25 05:00:00,-48088.36
2050-12-25 06:00:00,-39357.45
2050-12-25 07:00:00,-32832.13
2050-12-25 08:00:00,-50877.88
2050-12-25 09:00:00,-50874.46
2050-12-25 10:00:00,-48558.68
2050-12-25 11:00:00,-39290.32
2050-12-25 12:00:00,-35759.58
2050-12-25 13:00:00,-35219.54
2050-12-25 14:00:00,-29972.52
2050-12-25 15:00:00,-23818.71
2050-12-25 16:00:00,-21693.78
2050-12-25 17:00:00,-20485.28
2050-12-25 18:00:00,-19062.69
2050-12-25 19:00:00,-26345.6
2050-12-25 20:00:00,-29830.36
2050-12-25 21:00:00,-35358.34
2050-12-25 22:00:00,-32448.74
2050-12-25 23:00:00,-34541.54
2050-12-26 00:00:00,-33287.08
2050-12-26 01:00:00,-39469.99
2050-12-26 02:00:00,-45884.8
2050-12-26 03:00:00,-47079.47
2050-12-26 04:00:00,-44486.95
2050-12-26 05:00:00,-45650.7
2050-12-26 06:00:00,-50382.09
2050-12-26 07:00:00,-44822.14
2050-12-26 08:00:00,-38547.27
2050-12-26 09:00:00,-33432.2
2050-12-26 10:00:00,-31981.56
2050-12-26 11:00:00,-28172.21
2050-12-26 12:00:00,-23400.88
2050-12-26 13:00:00,-23377.61
2050-12-26 14:00:00,-26642.31
2050-12-26 15:00:00,-24643.74
2050-12-26 16:00:00,-26117.98
2050-12-26 17:00:00,-27859.51
2050-12-26 18:00:00,-35063.89
2050-12-26 19:00:00,-36721.25
2050-12-26 20:00:00,-38608.94
2050-12-26 21:00:00,-41315.26
2050-12-26 22:00:00,-40932.46
2050-12-26 23:00:00,-40155.91
2050-12-27 00:00:00,-37974.85
2050-12-27 01:00:00,-29769.23
2050-12-27 02:00:00,-32901.48
2050-12-27 03:00:00,-34000.57
2050-12-27 04:00:00,-35396.4
2050-12-27 05:00:00,-37445.8
2050-12-27 06:00:00,-33225.13
2050-12-27 07:00:00,-40819.38
2050-12-27 08:00:00,-37064.8
2050-12-27 09:00:00,-24767.31
2050-12-27 10:00:00,-22009.64
2050-12-27 11:00:00,-18056.43
2050-12-27 12:00:00,-15730.89
2050-12-27 13:00:00,-16249.4
2050-12-27 14:00:00,-16147.78
2050-12-27 15:00:00,-15150.49
2050-12-27 16:00:00,-19242.5
2050-12-27 17:00:00,-22487.05
2050-12-27 18:00:00,-17856.82
2050-12-27 19:00:00,-32356.26
2050-12-27 20:00:00,-38263.32
2050-12-27 21:00:00,-42797.46
2050-12-27 22:00:00,-42846.88
2050-12-27 23:00:00,-49061.8
2050-12-28 00:00:00,-40062.98
2050-12-28 01:00:00,-37760.08
2050-12-28 02:00:00,-47085.06
2050-12-28 03:00:00,-42811.24
2050-12-28 04:00:00,-51385.13
2050-12-28 05:00:00,-55546.21
2050-12-28 06:00:00,-63541.46
2050-12-28 07:00:00,-61470.65
2050-12-28 08:00:00,-58749.4
2050-12-28 09:00:00,-60349.3
2050-12-28 10:00:00,-64558.58
2050-12-28 11:00:00,-43782.87
2050-12-28 12:00:00,-63418.73
2050-12-28 13:00:00,-56246.94
2050-12-28 14:00:00,-45325.88
2050-12-28 15:00:00,-47106.06
2050-12-28 16:00:00,-37559.62
2050-12-28 17:00:00,-44223.85
2050-12-28 18:00:00,-46801.78
2050-12-28 19:00:00,-38870.26
2050-12-28 20:00:00,-25794.16
2050-12-28 21:00:00,-22287.76
2050-12-28 22:00:00,-18993.08
2050-12-28 23:00:00,-23654.87
2050-12-29 00:00:00,-24093.22
2050-12-29 01:00:00,-17031.76
2050-12-29 02:00:00,-22711.2
2050-12-29 03:00:00,-29221.41
2050-12-29 04:00:00,-32670.7
2050-12-29 05:00:00,-24748.91
2050-12-29 06:00:00,-25386.4
2050-12-29 07:00:00,-36397.2
2050-12-29 08:00:00,-31414.35
2050-12-29 09:00:00,-41107.25
2050-12-29 10:00:00,-31170.82
2050-12-29 11:00:00,-38253.08
2050-12-29 12:00:00,-35252.88
2050-12-29 13:00:00,-28886.99
2050-12-29 14:00:00,-30504.53
2050-12-29 15:00:00,-33981.73
2050-12-29 16:00:00,-42335.66
2050-12-29 17:00:00,-36917.27
2050-12-29 18:00:00,-38529.08
2050-12-29 19:00:00,-34800.19
2050-12-29 20:00:00,-36478.78
2050-12-29 21:00:00,-43895.72
2050-12-29 22:00:00,-35079.66
2050-12-29 23:00:00,-32291.04
2050-12-30 00:00:00,-23587.12
2050-12-30 01:00:00,-17140.61
2050-12-30 02:00:00,-16330.16
2050-12-30 03:00:00,-13236.13
2050-12-30 04:00:00,-12766.97
2050-12-30 05:00:00,-14227.47
2050-12-30 06:00:00,-12653.18
2050-12-30 07:00:00,-17933.17
2050-12-30 08:00:00,-22981.1
2050-12-30 09:00:00,-25710.02
2050-12-30 10:00:00,-30776.37
2050-12-30 11:00:00,-32207.38
2050-12-30 12:00:00,-32154.08
2050-12-30 13:00:00,-33551.65
2050-12-30 14:00:00,-36668.26
2050-12-30 15:00:00,-39756.56
2050-12-30 16:00:00,-37418.35
2050-12-30 17:00:00,-44851.13
2050-12-30 18:00:00,-41195.98
2050-12-30 19:00:00,-47834.43
2050-12-30 20:00:00,-62524.19
2050-12-30 21:00:00,-55197.37
2050-12-30 22:00:00,-57722.69
2050-12-30 23:00:00,-63879.3
2050-12-31 00:00:00,-63424.89
2050-12-31 01:00:00,-49427.72
2050-12-31 02:00:00,-44539.58
2050-12-31 03:00:00,-45580.33
2050-12-31 04:00:00,-40063.27
2050-12-31 05:00:00,-43842.24
2050-12-31 06:00:00,-33979.36
2050-12-31 07:00:00,-36398.64
2050-12-31 08:00:00,-25496.47
2050-12-31 09:00:00,-18683.24
2050-12-31 10:00:00,-19033.72
2050-12-31 11:00:00,-13206.73
2050-12-31 12:00:00,-19025.28
2050-12-31 13:00:00,-25454.69
2050-12-31 14:00:00,-23293.1
2050-12-31 15:00:00,-34854.69
2050-12-31 16:00:00,-51589.22
2050-12-31 17:00:00,-40340.16
2050-12-31 18:00:00,-45056.83
2050-12-31 19:00:00,-54442.16
2050-12-31 20:00:00,-49323.06
2050-12-31 21:00:00,-59179.64
2050-12-31 22:00:00,-68509.34
2050-12-31 23:00:00,-65425.96
