datetime,deficit_MW
2050-01-01 00:00:00,-4407.89
2050-01-01 01:00:00,-5247.89
2050-01-01 02:00:00,-5952.44
2050-01-01 03:00:00,-6109.75
2050-01-01 04:00:00,-6207.42
2050-01-01 05:00:00,-6217.02
2050-01-01 06:00:00,-6081.52
2050-01-01 07:00:00,-6017.78
2050-01-01 08:00:00,-5848.33
2050-01-01 09:00:00,-5704.83
2050-01-01 10:00:00,-5803.78
2050-01-01 11:00:00,-5650.84
2050-01-01 12:00:00,-5970.35
2050-01-01 13:00:00,-5574.95
2050-01-01 14:00:00,-4526.66
2050-01-01 15:00:00,-4661.79
2050-01-01 16:00:00,-4916.62
2050-01-01 17:00:00,-3803.55
2050-01-01 18:00:00,-1913.79
2050-01-01 19:00:00,-3483.34
2050-01-01 20:00:00,-2815.11
2050-01-01 21:00:00,-3089.73
2050-01-01 22:00:00,-4101.31
2050-01-01 23:00:00,-4601.28
2050-01-02 00:00:00,-5075.56
2050-01-02 01:00:00,-4072.16
2050-01-02 02:00:00,-1469.63
2050-01-02 03:00:00,-2151.37
2050-01-02 04:00:00,-2232.65
2050-01-02 05:00:00,-1567.09
2050-01-02 06:00:00,-1063.07
2050-01-02 07:00:00,-729.9
2050-01-02 08:00:00,-511.46
2050-01-02 09:00:00,-1816.95
2050-01-02 10:00:00,-2362.37
2050-01-02 11:00:00,-1278.12
2050-01-02 12:00:00,-2556.31
2050-01-02 13:00:00,-2315.25
2050-01-02 14:00:00,-2209.32
2050-01-02 15:00:00,-2286.37
2050-01-02 16:00:00,-1484.62
2050-01-02 17:00:00,-1683.52
2050-01-02 18:00:00,-1096.64
2050-01-02 19:00:00,-2741.9
2050-01-02 20:00:00,-2827.76
2050-01-02 21:00:00,-2400.22
2050-01-02 22:00:00,-999.13
2050-01-02 23:00:00,992.96
2050-01-03 00:00:00,1239.02
2050-01-03 01:00:00,997.23
2050-01-03 02:00:00,-251.93
2050-01-03 03:00:00,-845.13
2050-01-03 04:00:00,-1282.53
2050-01-03 05:00:00,-1176.91
2050-01-03 06:00:00,-1984.78
2050-01-03 07:00:00,-1968.21
2050-01-03 08:00:00,-2618.34
2050-01-03 09:00:00,-2625.08
2050-01-03 10:00:00,-2629.99
2050-01-03 11:00:00,-3259.34
2050-01-03 12:00:00,-4273.2
2050-01-03 13:00:00,-4474.29
2050-01-03 14:00:00,-4524.05
2050-01-03 15:00:00,-4587.69
2050-01-03 16:00:00,-3126.28
2050-01-03 17:00:00,-3391.53
2050-01-03 18:00:00,-2679.49
2050-01-03 19:00:00,-2950.89
2050-01-03 20:00:00,-2890.95
2050-01-03 21:00:00,-1370.68
2050-01-03 22:00:00,-1536.73
2050-01-03 23:00:00,-2668.58
2050-01-04 00:00:00,-1728.75
2050-01-04 01:00:00,-3127.04
2050-01-04 02:00:00,-2830.11
2050-01-04 03:00:00,-3348.81
2050-01-04 04:00:00,-4576.23
2050-01-04 05:00:00,-4965.84
2050-01-04 06:00:00,-4521.34
2050-01-04 07:00:00,-3959.54
2050-01-04 08:00:00,-4019.7
2050-01-04 09:00:00,-3986.25
2050-01-04 10:00:00,-4396.17
2050-01-04 11:00:00,-5087.34
2050-01-04 12:00:00,-5485.85
2050-01-04 13:00:00,-3963.17
2050-01-04 14:00:00,-5259.75
2050-01-04 15:00:00,-6014.26
2050-01-04 16:00:00,-5731.87
2050-01-04 17:00:00,-5028.15
2050-01-04 18:00:00,-4783.39
2050-01-04 19:00:00,-4431.3
2050-01-04 20:00:00,-4278.09
2050-01-04 21:00:00,-4308.46
2050-01-04 22:00:00,-4490.92
2050-01-04 23:00:00,-4742.62
2050-01-05 00:00:00,-5036.15
2050-01-05 01:00:00,-5159.08
2050-01-05 02:00:00,-5349.47
2050-01-05 03:00:00,-5440.48
2050-01-05 04:00:00,-5489.36
2050-01-05 05:00:00,-5468.5
2050-01-05 06:00:00,-5336.1
2050-01-05 07:00:00,-5226.68
2050-01-05 08:00:00,-5204.69
2050-01-05 09:00:00,-5272.43
2050-01-05 10:00:00,-5424.32
2050-01-05 11:00:00,-5553.99
2050-01-05 12:00:00,-5593.46
2050-01-05 13:00:00,-5579.29
2050-01-05 14:00:00,-5447.1
2050-01-05 15:00:00,-5596.81
2050-01-05 16:00:00,-5344.1
2050-01-05 17:00:00,-4175.28
2050-01-05 18:00:00,-4116.52
2050-01-05 19:00:00,-4157.9
2050-01-05 20:00:00,-3759.31
2050-01-05 21:00:00,-3669.74
2050-01-05 22:00:00,-3279.94
2050-01-05 23:00:00,-1193.17
2050-01-06 00:00:00,-990.92
2050-01-06 01:00:00,-1571.57
2050-01-06 02:00:00,-619.91
2050-01-06 03:00:00,480.3
2050-01-06 04:00:00,544.96
2050-01-06 05:00:00,-23.72
2050-01-06 06:00:00,136.92
2050-01-06 07:00:00,-993.99
2050-01-06 08:00:00,-2117.44
2050-01-06 09:00:00,-2913.14
2050-01-06 10:00:00,-1906.97
2050-01-06 11:00:00,-1798.04
2050-01-06 12:00:00,-1204.04
2050-01-06 13:00:00,-1232.65
2050-01-06 14:00:00,-443.47
2050-01-06 15:00:00,-1032.89
2050-01-06 16:00:00,-2252.06
2050-01-06 17:00:00,-1810.82
2050-01-06 18:00:00,-1231.04
2050-01-06 19:00:00,-1587.74
2050-01-06 20:00:00,-1546.27
2050-01-06 21:00:00,-3268.79
2050-01-06 22:00:00,-2228.04
2050-01-06 23:00:00,-2847.74
2050-01-07 00:00:00,-3186.72
2050-01-07 01:00:00,-3817.69
2050-01-07 02:00:00,-4054.81
2050-01-07 03:00:00,-3742.02
2050-01-07 04:00:00,-3527.32
2050-01-07 05:00:00,-3021.24
2050-01-07 06:00:00,-1635.61
2050-01-07 07:00:00,-3631.02
2050-01-07 08:00:00,-3502.15
2050-01-07 09:00:00,-2518.16
2050-01-07 10:00:00,-2177.99
2050-01-07 11:00:00,-956.2
2050-01-07 12:00:00,-873.22
2050-01-07 13:00:00,-1161.58
2050-01-07 14:00:00,-3058.94
2050-01-07 15:00:00,-2770.19
2050-01-07 16:00:00,-2668.06
2050-01-07 17:00:00,-3693.07
2050-01-07 18:00:00,-3825.7
2050-01-07 19:00:00,-3568.87
2050-01-07 20:00:00,-3891.58
2050-01-07 21:00:00,-3923.85
2050-01-07 22:00:00,-3698.1
2050-01-07 23:00:00,-4201.81
2050-01-08 00:00:00,-4666.5
2050-01-08 01:00:00,-3910.19
2050-01-08 02:00:00,-5011.1
2050-01-08 03:00:00,-5298.78
2050-01-08 04:00:00,-5636.64
2050-01-08 05:00:00,-5406.46
2050-01-08 06:00:00,-5151.72
2050-01-08 07:00:00,-5086.7
2050-01-08 08:00:00,-4826.62
2050-01-08 09:00:00,-3403.97
2050-01-08 10:00:00,-2495.68
2050-01-08 11:00:00,-3038.81
2050-01-08 12:00:00,-1790.71
2050-01-08 13:00:00,-1554.03
2050-01-08 14:00:00,-1333.82
2050-01-08 15:00:00,-781.68
2050-01-08 16:00:00,-1175.15
2050-01-08 17:00:00,-1876.02
2050-01-08 18:00:00,-317.14
2050-01-08 19:00:00,-1259.26
2050-01-08 20:00:00,-1323.5
2050-01-08 21:00:00,-1435.69
2050-01-08 22:00:00,-2285.3
2050-01-08 23:00:00,-3258.61
2050-01-09 00:00:00,-4027.93
2050-01-09 01:00:00,-4776.47
2050-01-09 02:00:00,-4398.82
2050-01-09 03:00:00,-4952.43
2050-01-09 04:00:00,-4692.54
2050-01-09 05:00:00,-4980.55
2050-01-09 06:00:00,-4761.25
2050-01-09 07:00:00,-4506.61
2050-01-09 08:00:00,-4001.55
2050-01-09 09:00:00,-4108.89
2050-01-09 10:00:00,-4403.55
2050-01-09 11:00:00,-3034.98
2050-01-09 12:00:00,-3399.57
2050-01-09 13:00:00,-3164.73
2050-01-09 14:00:00,-3672.39
2050-01-09 15:00:00,-4286.02
2050-01-09 16:00:00,-3828.36
2050-01-09 17:00:00,-3079.6
2050-01-09 18:00:00,-3218.73
2050-01-09 19:00:00,-3396.8
2050-01-09 20:00:00,-3324.55
2050-01-09 21:00:00,-3045.75
2050-01-09 22:00:00,-3400.47
2050-01-09 23:00:00,-3384.21
2050-01-10 00:00:00,-3849.88
2050-01-10 01:00:00,-3787.65
2050-01-10 02:00:00,-4127.65
2050-01-10 03:00:00,-3931.99
2050-01-10 04:00:00,-4420.16
2050-01-10 05:00:00,-4067.6
2050-01-10 06:00:00,-4178.36
2050-01-10 07:00:00,-4218.96
2050-01-10 08:00:00,-4206.85
2050-01-10 09:00:00,-4126.52
2050-01-10 10:00:00,-3373.9
2050-01-10 11:00:00,-3442.85
2050-01-10 12:00:00,-3101.11
2050-01-10 13:00:00,-3247.52
2050-01-10 14:00:00,-4213.94
2050-01-10 15:00:00,-4259.32
2050-01-10 16:00:00,-3227.9
2050-01-10 17:00:00,-3344.48
2050-01-10 18:00:00,-3233.33
2050-01-10 19:00:00,-2762.44
2050-01-10 20:00:00,-2959.07
2050-01-10 21:00:00,-3554.98
2050-01-10 22:00:00,-4056.02
2050-01-10 23:00:00,-4331.93
2050-01-11 00:00:00,-4673.95
2050-01-11 01:00:00,-4801.76
2050-01-11 02:00:00,-4988.94
2050-01-11 03:00:00,-5077.4
2050-01-11 04:00:00,-5116.38
2050-01-11 05:00:00,-5090.94
2050-01-11 06:00:00,-4927.4
2050-01-11 07:00:00,-4746.5
2050-01-11 08:00:00,-4298.33
2050-01-11 09:00:00,-2608.95
2050-01-11 10:00:00,-2056.25
2050-01-11 11:00:00,-1054.32
2050-01-11 12:00:00,-904.35
2050-01-11 13:00:00,-1578.28
2050-01-11 14:00:00,-1509.23
2050-01-11 15:00:00,-1075.77
2050-01-11 16:00:00,393.1
2050-01-11 17:00:00,-219.57
2050-01-11 18:00:00,-738.96
2050-01-11 19:00:00,-656.29
2050-01-11 20:00:00,-499.96
2050-01-11 21:00:00,-918.92
2050-01-11 22:00:00,-1010.31
2050-01-11 23:00:00,-1635.62
2050-01-12 00:00:00,-2977.03
2050-01-12 01:00:00,-3440.14
2050-01-12 02:00:00,-4740.35
2050-01-12 03:00:00,-4575.39
2050-01-12 04:00:00,-5358.98
2050-01-12 05:00:00,-5339.58
2050-01-12 06:00:00,-5262.1
2050-01-12 07:00:00,-5142.42
2050-01-12 08:00:00,-5129.72
2050-01-12 09:00:00,-5131.29
2050-01-12 10:00:00,-5252.14
2050-01-12 11:00:00,-5376.31
2050-01-12 12:00:00,-5406.01
2050-01-12 13:00:00,-5567.22
2050-01-12 14:00:00,-5669.74
2050-01-12 15:00:00,-5727.86
2050-01-12 16:00:00,-5502.6
2050-01-12 17:00:00,-4061.58
2050-01-12 18:00:00,-3678.36
2050-01-12 19:00:00,-2784.97
2050-01-12 20:00:00,-3241.7
2050-01-12 21:00:00,-3529.9
2050-01-12 22:00:00,-3844.24
2050-01-12 23:00:00,-4022.24
2050-01-13 00:00:00,-4255.0
2050-01-13 01:00:00,-4330.75
2050-01-13 02:00:00,-4496.33
2050-01-13 03:00:00,-4583.74
2050-01-13 04:00:00,-4592.05
2050-01-13 05:00:00,-4672.67
2050-01-13 06:00:00,-4565.55
2050-01-13 07:00:00,-4476.63
2050-01-13 08:00:00,-4433.36
2050-01-13 09:00:00,-4165.27
2050-01-13 10:00:00,-4754.58
2050-01-13 11:00:00,-3372.65
2050-01-13 12:00:00,-2329.64
2050-01-13 13:00:00,-1879.87
2050-01-13 14:00:00,-2003.87
2050-01-13 15:00:00,-2008.54
2050-01-13 16:00:00,-1506.81
2050-01-13 17:00:00,-2370.79
2050-01-13 18:00:00,-1703.87
2050-01-13 19:00:00,-2235.68
2050-01-13 20:00:00,-40.97
2050-01-13 21:00:00,176.25
2050-01-13 22:00:00,-548.75
2050-01-13 23:00:00,-1755.03
2050-01-14 00:00:00,-2841.72
2050-01-14 01:00:00,-1157.18
2050-01-14 02:00:00,-2195.6
2050-01-14 03:00:00,-1261.28
2050-01-14 04:00:00,-1803.71
2050-01-14 05:00:00,-1946.1
2050-01-14 06:00:00,-2099.77
2050-01-14 07:00:00,-1512.71
2050-01-14 08:00:00,-2444.16
2050-01-14 09:00:00,-2240.65
2050-01-14 10:00:00,-3149.07
2050-01-14 11:00:00,-2038.45
2050-01-14 12:00:00,-1426.77
2050-01-14 13:00:00,-1439.44
2050-01-14 14:00:00,-1142.43
2050-01-14 15:00:00,-1259.83
2050-01-14 16:00:00,-2182.61
2050-01-14 17:00:00,-1467.27
2050-01-14 18:00:00,480.52
2050-01-14 19:00:00,351.69
2050-01-14 20:00:00,591.82
2050-01-14 21:00:00,1121.12
2050-01-14 22:00:00,632.7
2050-01-14 23:00:00,-50.83
2050-01-15 00:00:00,-688.93
2050-01-15 01:00:00,-1903.2
2050-01-15 02:00:00,-3378.11
2050-01-15 03:00:00,-3266.96
2050-01-15 04:00:00,-3346.62
2050-01-15 05:00:00,-3335.94
2050-01-15 06:00:00,-3069.21
2050-01-15 07:00:00,-2319.6
2050-01-15 08:00:00,-3370.77
2050-01-15 09:00:00,-1888.43
2050-01-15 10:00:00,-2700.54
2050-01-15 11:00:00,-2945.89
2050-01-15 12:00:00,-3808.44
2050-01-15 13:00:00,-3619.43
2050-01-15 14:00:00,-3433.77
2050-01-15 15:00:00,-3205.93
2050-01-15 16:00:00,-2894.28
2050-01-15 17:00:00,-3073.19
2050-01-15 18:00:00,-2763.77
2050-01-15 19:00:00,139.34
2050-01-15 20:00:00,1225.35
2050-01-15 21:00:00,108.84
2050-01-15 22:00:00,378.58
2050-01-15 23:00:00,-221.62
2050-01-16 00:00:00,202.31
2050-01-16 01:00:00,-1052.33
2050-01-16 02:00:00,541.48
2050-01-16 03:00:00,-143.56
2050-01-16 04:00:00,789.75
2050-01-16 05:00:00,-789.98
2050-01-16 06:00:00,-1467.66
2050-01-16 07:00:00,1479.7
2050-01-16 08:00:00,-437.64
2050-01-16 09:00:00,-2319.15
2050-01-16 10:00:00,-2684.29
2050-01-16 11:00:00,-3636.54
2050-01-16 12:00:00,-3116.39
2050-01-16 13:00:00,-3840.15
2050-01-16 14:00:00,-3859.23
2050-01-16 15:00:00,-4782.51
2050-01-16 16:00:00,-5894.59
2050-01-16 17:00:00,-5970.09
2050-01-16 18:00:00,-5570.79
2050-01-16 19:00:00,-5184.08
2050-01-16 20:00:00,-4980.92
2050-01-16 21:00:00,-4982.03
2050-01-16 22:00:00,-5136.05
2050-01-16 23:00:00,-5363.97
2050-01-17 00:00:00,-5634.13
2050-01-17 01:00:00,-5734.06
2050-01-17 02:00:00,-5913.09
2050-01-17 03:00:00,-6001.23
2050-01-17 04:00:00,-6040.65
2050-01-17 05:00:00,-5062.07
2050-01-17 06:00:00,-3572.63
2050-01-17 07:00:00,-3962.97
2050-01-17 08:00:00,-4824.13
2050-01-17 09:00:00,-1744.87
2050-01-17 10:00:00,-2069.98
2050-01-17 11:00:00,-1854.16
2050-01-17 12:00:00,-1355.95
2050-01-17 13:00:00,-1209.89
2050-01-17 14:00:00,-1234.3
2050-01-17 15:00:00,-1935.72
2050-01-17 16:00:00,-2400.7
2050-01-17 17:00:00,-1942.6
2050-01-17 18:00:00,-2545.09
2050-01-17 19:00:00,-3764.15
2050-01-17 20:00:00,-1612.63
2050-01-17 21:00:00,-2883.74
2050-01-17 22:00:00,-3648.54
2050-01-17 23:00:00,-3818.72
2050-01-18 00:00:00,-4805.72
2050-01-18 01:00:00,-3237.21
2050-01-18 02:00:00,-4851.16
2050-01-18 03:00:00,-5780.06
2050-01-18 04:00:00,-5659.39
2050-01-18 05:00:00,-6548.89
2050-01-18 06:00:00,-6292.11
2050-01-18 07:00:00,-5439.7
2050-01-18 08:00:00,-5678.46
2050-01-18 09:00:00,-5044.66
2050-01-18 10:00:00,-4061.24
2050-01-18 11:00:00,-5057.44
2050-01-18 12:00:00,-5969.36
2050-01-18 13:00:00,-5658.0
2050-01-18 14:00:00,-6101.02
2050-01-18 15:00:00,-4063.75
2050-01-18 16:00:00,-3808.92
2050-01-18 17:00:00,-5925.42
2050-01-18 18:00:00,-5514.12
2050-01-18 19:00:00,-5194.51
2050-01-18 20:00:00,-4322.72
2050-01-18 21:00:00,-4135.94
2050-01-18 22:00:00,-5212.72
2050-01-18 23:00:00,-5107.02
2050-01-19 00:00:00,-5105.61
2050-01-19 01:00:00,-5570.64
2050-01-19 02:00:00,-4982.5
2050-01-19 03:00:00,-4534.69
2050-01-19 04:00:00,-4486.32
2050-01-19 05:00:00,-4786.34
2050-01-19 06:00:00,-4403.36
2050-01-19 07:00:00,-4319.24
2050-01-19 08:00:00,-4841.14
2050-01-19 09:00:00,-5089.49
2050-01-19 10:00:00,-5737.78
2050-01-19 11:00:00,-6070.06
2050-01-19 12:00:00,-6051.7
2050-01-19 13:00:00,-6034.71
2050-01-19 14:00:00,-6523.61
2050-01-19 15:00:00,-6663.09
2050-01-19 16:00:00,-6550.77
2050-01-19 17:00:00,-6069.83
2050-01-19 18:00:00,-5623.8
2050-01-19 19:00:00,-5270.66
2050-01-19 20:00:00,-5066.17
2050-01-19 21:00:00,-5059.3
2050-01-19 22:00:00,-5200.77
2050-01-19 23:00:00,-5399.75
2050-01-20 00:00:00,-5643.79
2050-01-20 01:00:00,-5140.34
2050-01-20 02:00:00,-5412.17
2050-01-20 03:00:00,-5524.67
2050-01-20 04:00:00,-4752.93
2050-01-20 05:00:00,-3402.75
2050-01-20 06:00:00,-1714.95
2050-01-20 07:00:00,-1789.81
2050-01-20 08:00:00,-1120.25
2050-01-20 09:00:00,-2876.51
2050-01-20 10:00:00,-3855.38
2050-01-20 11:00:00,-5456.45
2050-01-20 12:00:00,-4980.88
2050-01-20 13:00:00,-5090.06
2050-01-20 14:00:00,-6017.71
2050-01-20 15:00:00,-6212.22
2050-01-20 16:00:00,-5572.62
2050-01-20 17:00:00,-5272.26
2050-01-20 18:00:00,-4966.88
2050-01-20 19:00:00,-4354.1
2050-01-20 20:00:00,-3327.67
2050-01-20 21:00:00,-3813.56
2050-01-20 22:00:00,-3736.22
2050-01-20 23:00:00,-3127.81
2050-01-21 00:00:00,-3580.57
2050-01-21 01:00:00,-3146.97
2050-01-21 02:00:00,-2469.4
2050-01-21 03:00:00,-2049.96
2050-01-21 04:00:00,-1121.72
2050-01-21 05:00:00,-2031.02
2050-01-21 06:00:00,-3005.57
2050-01-21 07:00:00,-2625.7
2050-01-21 08:00:00,-996.25
2050-01-21 09:00:00,-1052.77
2050-01-21 10:00:00,-1508.2
2050-01-21 11:00:00,-1820.09
2050-01-21 12:00:00,-3038.69
2050-01-21 13:00:00,-2067.9
2050-01-21 14:00:00,-1499.4
2050-01-21 15:00:00,-239.79
2050-01-21 16:00:00,-207.33
2050-01-21 17:00:00,-970.93
2050-01-21 18:00:00,758.29
2050-01-21 19:00:00,1204.04
2050-01-21 20:00:00,1032.18
2050-01-21 21:00:00,1931.27
2050-01-21 22:00:00,822.76
2050-01-21 23:00:00,667.2
2050-01-22 00:00:00,-80.26
2050-01-22 01:00:00,-31.21
2050-01-22 02:00:00,-33.83
2050-01-22 03:00:00,221.33
2050-01-22 04:00:00,880.64
2050-01-22 05:00:00,-205.67
2050-01-22 06:00:00,908.43
2050-01-22 07:00:00,1071.25
2050-01-22 08:00:00,1767.03
2050-01-22 09:00:00,1142.86
2050-01-22 10:00:00,2185.87
2050-01-22 11:00:00,2075.75
2050-01-22 12:00:00,1918.64
2050-01-22 13:00:00,2204.41
2050-01-22 14:00:00,2297.54
2050-01-22 15:00:00,2358.65
2050-01-22 16:00:00,2470.75
2050-01-22 17:00:00,2374.49
2050-01-22 18:00:00,2558.71
2050-01-22 19:00:00,2971.33
2050-01-22 20:00:00,3191.15
2050-01-22 21:00:00,1564.44
2050-01-22 22:00:00,628.64
2050-01-22 23:00:00,-16.76
2050-01-23 00:00:00,-1478.44
2050-01-23 01:00:00,-3414.95
2050-01-23 02:00:00,-4699.11
2050-01-23 03:00:00,-5136.83
2050-01-23 04:00:00,-5732.85
2050-01-23 05:00:00,-5652.94
2050-01-23 06:00:00,-5467.67
2050-01-23 07:00:00,-5304.73
2050-01-23 08:00:00,-5269.86
2050-01-23 09:00:00,-5397.2
2050-01-23 10:00:00,-5572.71
2050-01-23 11:00:00,-5752.11
2050-01-23 12:00:00,-5893.14
2050-01-23 13:00:00,-6074.82
2050-01-23 14:00:00,-6250.1
2050-01-23 15:00:00,-6345.75
2050-01-23 16:00:00,-6203.62
2050-01-23 17:00:00,-5677.3
2050-01-23 18:00:00,-5204.95
2050-01-23 19:00:00,-4834.28
2050-01-23 20:00:00,-4653.0
2050-01-23 21:00:00,-4681.96
2050-01-23 22:00:00,-4844.12
2050-01-23 23:00:00,-5056.03
2050-01-24 00:00:00,-5318.09
2050-01-24 01:00:00,-5427.37
2050-01-24 02:00:00,-5613.3
2050-01-24 03:00:00,-5718.29
2050-01-24 04:00:00,-5820.86
2050-01-24 05:00:00,-5886.97
2050-01-24 06:00:00,-5852.89
2050-01-24 07:00:00,-5845.14
2050-01-24 08:00:00,-5867.55
2050-01-24 09:00:00,-5879.94
2050-01-24 10:00:00,-5987.09
2050-01-24 11:00:00,-6189.88
2050-01-24 12:00:00,-6406.88
2050-01-24 13:00:00,-6640.66
2050-01-24 14:00:00,-6607.23
2050-01-24 15:00:00,-6687.48
2050-01-24 16:00:00,-6565.08
2050-01-24 17:00:00,-6176.31
2050-01-24 18:00:00,-5808.12
2050-01-24 19:00:00,-5598.36
2050-01-24 20:00:00,-5592.89
2050-01-24 21:00:00,-5776.07
2050-01-24 22:00:00,-6052.31
2050-01-24 23:00:00,-6251.73
2050-01-25 00:00:00,-6566.9
2050-01-25 01:00:00,-5937.86
2050-01-25 02:00:00,-6166.04
2050-01-25 03:00:00,-6607.6
2050-01-25 04:00:00,-6507.82
2050-01-25 05:00:00,-5623.13
2050-01-25 06:00:00,-3919.19
2050-01-25 07:00:00,-5100.55
2050-01-25 08:00:00,-4771.55
2050-01-25 09:00:00,-3558.31
2050-01-25 10:00:00,-3111.06
2050-01-25 11:00:00,-3071.4
2050-01-25 12:00:00,-2114.29
2050-01-25 13:00:00,-3229.04
2050-01-25 14:00:00,-4918.23
2050-01-25 15:00:00,-3715.54
2050-01-25 16:00:00,-2792.41
2050-01-25 17:00:00,-2856.72
2050-01-25 18:00:00,-2567.73
2050-01-25 19:00:00,-3789.12
2050-01-25 20:00:00,-4588.46
2050-01-25 21:00:00,-5307.12
2050-01-25 22:00:00,-5488.13
2050-01-25 23:00:00,-4700.81
2050-01-26 00:00:00,-4429.87
2050-01-26 01:00:00,-4060.78
2050-01-26 02:00:00,-2973.21
2050-01-26 03:00:00,-4134.26
2050-01-26 04:00:00,-5438.09
2050-01-26 05:00:00,-3973.78
2050-01-26 06:00:00,-2956.29
2050-01-26 07:00:00,-2912.61
2050-01-26 08:00:00,-3282.8
2050-01-26 09:00:00,-3926.59
2050-01-26 10:00:00,-3130.97
2050-01-26 11:00:00,-2297.24
2050-01-26 12:00:00,-3625.88
2050-01-26 13:00:00,-4128.07
2050-01-26 14:00:00,-4721.29
2050-01-26 15:00:00,-5433.15
2050-01-26 16:00:00,-5829.78
2050-01-26 17:00:00,-5239.88
2050-01-26 18:00:00,-5053.61
2050-01-26 19:00:00,-4666.79
2050-01-26 20:00:00,-4396.71
2050-01-26 21:00:00,-4368.28
2050-01-26 22:00:00,-4484.05
2050-01-26 23:00:00,-4580.64
2050-01-27 00:00:00,-4094.52
2050-01-27 01:00:00,-4255.56
2050-01-27 02:00:00,-4580.28
2050-01-27 03:00:00,-4289.38
2050-01-27 04:00:00,-5034.81
2050-01-27 05:00:00,-5252.61
2050-01-27 06:00:00,-4181.19
2050-01-27 07:00:00,-4510.61
2050-01-27 08:00:00,-4633.26
2050-01-27 09:00:00,-4967.23
2050-01-27 10:00:00,-5255.76
2050-01-27 11:00:00,-5357.47
2050-01-27 12:00:00,-5364.55
2050-01-27 13:00:00,-5090.36
2050-01-27 14:00:00,-5845.11
2050-01-27 15:00:00,-6135.83
2050-01-27 16:00:00,-6041.24
2050-01-27 17:00:00,-5494.56
2050-01-27 18:00:00,-4952.19
2050-01-27 19:00:00,-4575.55
2050-01-27 20:00:00,-3912.71
2050-01-27 21:00:00,-4189.92
2050-01-27 22:00:00,-4462.52
2050-01-27 23:00:00,-4360.78
2050-01-28 00:00:00,-4680.01
2050-01-28 01:00:00,-3853.35
2050-01-28 02:00:00,-4237.43
2050-01-28 03:00:00,-3915.85
2050-01-28 04:00:00,-3769.08
2050-01-28 05:00:00,-4583.57
2050-01-28 06:00:00,-4614.27
2050-01-28 07:00:00,-3985.78
2050-01-28 08:00:00,-3230.61
2050-01-28 09:00:00,-3024.44
2050-01-28 10:00:00,-2206.93
2050-01-28 11:00:00,-711.71
2050-01-28 12:00:00,-1171.45
2050-01-28 13:00:00,-710.66
2050-01-28 14:00:00,816.84
2050-01-28 15:00:00,727.11
2050-01-28 16:00:00,466.17
2050-01-28 17:00:00,194.56
2050-01-28 18:00:00,67.42
2050-01-28 19:00:00,584.9
2050-01-28 20:00:00,666.99
2050-01-28 21:00:00,214.01
2050-01-28 22:00:00,-102.38
2050-01-28 23:00:00,-25.7
2050-01-29 00:00:00,-889.73
2050-01-29 01:00:00,-1158.89
2050-01-29 02:00:00,-1623.6
2050-01-29 03:00:00,-2748.46
2050-01-29 04:00:00,-2079.9
2050-01-29 05:00:00,-4177.77
2050-01-29 06:00:00,-3982.31
2050-01-29 07:00:00,-4049.7
2050-01-29 08:00:00,-3922.02
2050-01-29 09:00:00,-3545.96
2050-01-29 10:00:00,-4213.59
2050-01-29 11:00:00,-4403.04
2050-01-29 12:00:00,-4770.82
2050-01-29 13:00:00,-4913.46
2050-01-29 14:00:00,-5029.02
2050-01-29 15:00:00,-5094.8
2050-01-29 16:00:00,-4969.56
2050-01-29 17:00:00,-4484.47
2050-01-29 18:00:00,-3998.76
2050-01-29 19:00:00,-3628.84
2050-01-29 20:00:00,-3438.03
2050-01-29 21:00:00,-3450.88
2050-01-29 22:00:00,-3569.05
2050-01-29 23:00:00,-3552.65
2050-01-30 00:00:00,-3614.98
2050-01-30 01:00:00,-3943.52
2050-01-30 02:00:00,-4272.62
2050-01-30 03:00:00,-3583.17
2050-01-30 04:00:00,-2909.7
2050-01-30 05:00:00,-2375.13
2050-01-30 06:00:00,-821.78
2050-01-30 07:00:00,257.73
2050-01-30 08:00:00,373.42
2050-01-30 09:00:00,968.79
2050-01-30 10:00:00,2474.84
2050-01-30 11:00:00,2814.82
2050-01-30 12:00:00,2816.74
2050-01-30 13:00:00,1317.32
2050-01-30 14:00:00,-696.07
2050-01-30 15:00:00,-962.84
2050-01-30 16:00:00,-2507.55
2050-01-30 17:00:00,-3925.76
2050-01-30 18:00:00,-3937.54
2050-01-30 19:00:00,-3641.51
2050-01-30 20:00:00,-3541.89
2050-01-30 21:00:00,-3637.06
2050-01-30 22:00:00,-3798.72
2050-01-30 23:00:00,-3607.93
2050-01-31 00:00:00,-3203.7
2050-01-31 01:00:00,-2822.02
2050-01-31 02:00:00,-1910.65
2050-01-31 03:00:00,-265.97
2050-01-31 04:00:00,-682.79
2050-01-31 05:00:00,-830.8
2050-01-31 06:00:00,-1164.24
2050-01-31 07:00:00,-1416.66
2050-01-31 08:00:00,-266.24
2050-01-31 09:00:00,-200.89
2050-01-31 10:00:00,1748.56
2050-01-31 11:00:00,2164.4
2050-01-31 12:00:00,2306.36
2050-01-31 13:00:00,1868.66
2050-01-31 14:00:00,1970.56
2050-01-31 15:00:00,1541.97
2050-01-31 16:00:00,1929.07
2050-01-31 17:00:00,1529.89
2050-01-31 18:00:00,476.83
2050-01-31 19:00:00,-146.36
2050-01-31 20:00:00,-947.95
2050-01-31 21:00:00,-2728.48
2050-01-31 22:00:00,-1320.7
2050-01-31 23:00:00,-1403.57
2050-02-01 00:00:00,-2665.68
2050-02-01 01:00:00,-3560.26
2050-02-01 02:00:00,-3992.63
2050-02-01 03:00:00,-4135.98
2050-02-01 04:00:00,-4788.34
2050-02-01 05:00:00,-4776.53
2050-02-01 06:00:00,-4633.05
2050-02-01 07:00:00,-4442.35
2050-02-01 08:00:00,-4402.42
2050-02-01 09:00:00,-3944.23
2050-02-01 10:00:00,-3245.81
2050-02-01 11:00:00,-2882.62
2050-02-01 12:00:00,-1688.34
2050-02-01 13:00:00,-2321.65
2050-02-01 14:00:00,-967.35
2050-02-01 15:00:00,-814.69
2050-02-01 16:00:00,-1926.76
2050-02-01 17:00:00,-878.27
2050-02-01 18:00:00,473.61
2050-02-01 19:00:00,-572.23
2050-02-01 20:00:00,1297.36
2050-02-01 21:00:00,3189.04
2050-02-01 22:00:00,861.06
2050-02-01 23:00:00,-269.56
2050-02-02 00:00:00,-1467.6
2050-02-02 01:00:00,-1668.11
2050-02-02 02:00:00,-2764.45
2050-02-02 03:00:00,-1523.65
2050-02-02 04:00:00,-444.78
2050-02-02 05:00:00,693.97
2050-02-02 06:00:00,-883.92
2050-02-02 07:00:00,-2095.97
2050-02-02 08:00:00,-1550.66
2050-02-02 09:00:00,-2977.09
2050-02-02 10:00:00,-3805.54
2050-02-02 11:00:00,-1132.37
2050-02-02 12:00:00,-381.44
2050-02-02 13:00:00,-191.79
2050-02-02 14:00:00,-608.93
2050-02-02 15:00:00,-1653.07
2050-02-02 16:00:00,-3119.93
2050-02-02 17:00:00,-3953.77
2050-02-02 18:00:00,-3914.61
2050-02-02 19:00:00,-4394.83
2050-02-02 20:00:00,-3702.37
2050-02-02 21:00:00,-4044.98
2050-02-02 22:00:00,-3915.52
2050-02-02 23:00:00,-3542.34
2050-02-03 00:00:00,-3994.98
2050-02-03 01:00:00,-5236.25
2050-02-03 02:00:00,-5535.13
2050-02-03 03:00:00,-5674.32
2050-02-03 04:00:00,-5285.46
2050-02-03 05:00:00,-5115.25
2050-02-03 06:00:00,-4344.33
2050-02-03 07:00:00,-3298.64
2050-02-03 08:00:00,-3017.42
2050-02-03 09:00:00,-2778.51
2050-02-03 10:00:00,-2679.09
2050-02-03 11:00:00,-2496.88
2050-02-03 12:00:00,-3013.87
2050-02-03 13:00:00,-3396.34
2050-02-03 14:00:00,-3226.82
2050-02-03 15:00:00,-4431.1
2050-02-03 16:00:00,-5223.87
2050-02-03 17:00:00,-5332.71
2050-02-03 18:00:00,-4631.23
2050-02-03 19:00:00,-4324.49
2050-02-03 20:00:00,-4337.92
2050-02-03 21:00:00,-4481.43
2050-02-03 22:00:00,-4637.99
2050-02-03 23:00:00,-4858.0
2050-02-04 00:00:00,-5105.22
2050-02-04 01:00:00,-5150.02
2050-02-04 02:00:00,-5330.09
2050-02-04 03:00:00,-5495.65
2050-02-04 04:00:00,-5436.12
2050-02-04 05:00:00,-5294.09
2050-02-04 06:00:00,-5265.99
2050-02-04 07:00:00,-4739.91
2050-02-04 08:00:00,-3787.53
2050-02-04 09:00:00,-4144.99
2050-02-04 10:00:00,-3966.94
2050-02-04 11:00:00,106.27
2050-02-04 12:00:00,-260.79
2050-02-04 13:00:00,197.53
2050-02-04 14:00:00,-266.51
2050-02-04 15:00:00,-1788.01
2050-02-04 16:00:00,-2055.64
2050-02-04 17:00:00,-1841.09
2050-02-04 18:00:00,-421.43
2050-02-04 19:00:00,-270.49
2050-02-04 20:00:00,181.81
2050-02-04 21:00:00,-1671.44
2050-02-04 22:00:00,-2041.81
2050-02-04 23:00:00,-3020.64
2050-02-05 00:00:00,-3350.85
2050-02-05 01:00:00,-3848.1
2050-02-05 02:00:00,-4583.47
2050-02-05 03:00:00,-4881.67
2050-02-05 04:00:00,-4590.77
2050-02-05 05:00:00,-5118.13
2050-02-05 06:00:00,-5087.46
2050-02-05 07:00:00,-5259.66
2050-02-05 08:00:00,-5260.48
2050-02-05 09:00:00,-5288.93
2050-02-05 10:00:00,-5373.66
2050-02-05 11:00:00,-5477.47
2050-02-05 12:00:00,-5546.53
2050-02-05 13:00:00,-5572.74
2050-02-05 14:00:00,-5650.43
2050-02-05 15:00:00,-5261.56
2050-02-05 16:00:00,-4168.48
2050-02-05 17:00:00,-4202.0
2050-02-05 18:00:00,-3541.52
2050-02-05 19:00:00,-4184.58
2050-02-05 20:00:00,-4303.1
2050-02-05 21:00:00,-4244.4
2050-02-05 22:00:00,-4309.46
2050-02-05 23:00:00,-4555.87
2050-02-06 00:00:00,-3996.97
2050-02-06 01:00:00,-2665.11
2050-02-06 02:00:00,-2039.84
2050-02-06 03:00:00,474.41
2050-02-06 04:00:00,-262.54
2050-02-06 05:00:00,881.18
2050-02-06 06:00:00,1773.31
2050-02-06 07:00:00,3185.16
2050-02-06 08:00:00,3399.38
2050-02-06 09:00:00,3709.71
2050-02-06 10:00:00,3965.45
2050-02-06 11:00:00,3895.82
2050-02-06 12:00:00,3198.69
2050-02-06 13:00:00,3859.7
2050-02-06 14:00:00,3469.78
2050-02-06 15:00:00,3189.36
2050-02-06 16:00:00,2514.02
2050-02-06 17:00:00,350.99
2050-02-06 18:00:00,778.05
2050-02-06 19:00:00,-483.6
2050-02-06 20:00:00,-201.93
2050-02-06 21:00:00,114.86
2050-02-06 22:00:00,-443.57
2050-02-06 23:00:00,230.09
2050-02-07 00:00:00,2384.65
2050-02-07 01:00:00,4196.03
2050-02-07 02:00:00,3139.58
2050-02-07 03:00:00,2459.17
2050-02-07 04:00:00,1802.77
2050-02-07 05:00:00,1124.69
2050-02-07 06:00:00,1864.92
2050-02-07 07:00:00,1967.6
2050-02-07 08:00:00,2180.53
2050-02-07 09:00:00,1883.01
2050-02-07 10:00:00,231.25
2050-02-07 11:00:00,-845.36
2050-02-07 12:00:00,-814.42
2050-02-07 13:00:00,-1686.14
2050-02-07 14:00:00,-146.95
2050-02-07 15:00:00,990.69
2050-02-07 16:00:00,-1182.09
2050-02-07 17:00:00,-2944.91
2050-02-07 18:00:00,-2641.46
2050-02-07 19:00:00,-2088.77
2050-02-07 20:00:00,-1961.04
2050-02-07 21:00:00,-2109.16
2050-02-07 22:00:00,-3808.89
2050-02-07 23:00:00,-4147.32
2050-02-08 00:00:00,-4450.58
2050-02-08 01:00:00,-4528.45
2050-02-08 02:00:00,-4462.56
2050-02-08 03:00:00,-4499.76
2050-02-08 04:00:00,-4870.67
2050-02-08 05:00:00,-4490.15
2050-02-08 06:00:00,-4477.02
2050-02-08 07:00:00,-4209.86
2050-02-08 08:00:00,-3136.18
2050-02-08 09:00:00,-3644.75
2050-02-08 10:00:00,-982.08
2050-02-08 11:00:00,-735.83
2050-02-08 12:00:00,-1034.69
2050-02-08 13:00:00,-304.41
2050-02-08 14:00:00,46.03
2050-02-08 15:00:00,-581.54
2050-02-08 16:00:00,-619.86
2050-02-08 17:00:00,-1938.64
2050-02-08 18:00:00,-2738.55
2050-02-08 19:00:00,-1621.66
2050-02-08 20:00:00,-2293.85
2050-02-08 21:00:00,-2248.16
2050-02-08 22:00:00,-1702.51
2050-02-08 23:00:00,-786.36
2050-02-09 00:00:00,-157.89
2050-02-09 01:00:00,569.1
2050-02-09 02:00:00,883.5
2050-02-09 03:00:00,991.17
2050-02-09 04:00:00,-496.04
2050-02-09 05:00:00,-470.09
2050-02-09 06:00:00,591.72
2050-02-09 07:00:00,831.26
2050-02-09 08:00:00,162.13
2050-02-09 09:00:00,-748.65
2050-02-09 10:00:00,-2880.19
2050-02-09 11:00:00,-3375.39
2050-02-09 12:00:00,-4341.95
2050-02-09 13:00:00,-4588.3
2050-02-09 14:00:00,-4203.9
2050-02-09 15:00:00,-4803.09
2050-02-09 16:00:00,-5292.46
2050-02-09 17:00:00,-5275.75
2050-02-09 18:00:00,-4567.26
2050-02-09 19:00:00,-4586.21
2050-02-09 20:00:00,-4512.03
2050-02-09 21:00:00,-4620.13
2050-02-09 22:00:00,-4886.1
2050-02-09 23:00:00,-5135.26
2050-02-10 00:00:00,-4807.6
2050-02-10 01:00:00,-5238.55
2050-02-10 02:00:00,-5478.18
2050-02-10 03:00:00,-5804.66
2050-02-10 04:00:00,-5606.79
2050-02-10 05:00:00,-5678.71
2050-02-10 06:00:00,-5501.0
2050-02-10 07:00:00,-5593.82
2050-02-10 08:00:00,-5613.31
2050-02-10 09:00:00,-5618.34
2050-02-10 10:00:00,-4789.15
2050-02-10 11:00:00,-5260.21
2050-02-10 12:00:00,-5534.01
2050-02-10 13:00:00,-5531.48
2050-02-10 14:00:00,-5283.02
2050-02-10 15:00:00,-3859.81
2050-02-10 16:00:00,-3931.51
2050-02-10 17:00:00,-2576.98
2050-02-10 18:00:00,-1588.27
2050-02-10 19:00:00,-1222.44
2050-02-10 20:00:00,-1317.53
2050-02-10 21:00:00,-474.44
2050-02-10 22:00:00,-1864.14
2050-02-10 23:00:00,-351.01
2050-02-11 00:00:00,1672.75
2050-02-11 01:00:00,644.45
2050-02-11 02:00:00,-151.39
2050-02-11 03:00:00,561.26
2050-02-11 04:00:00,-856.51
2050-02-11 05:00:00,-1441.15
2050-02-11 06:00:00,-1205.72
2050-02-11 07:00:00,-2951.28
2050-02-11 08:00:00,-891.79
2050-02-11 09:00:00,233.92
2050-02-11 10:00:00,529.73
2050-02-11 11:00:00,1198.64
2050-02-11 12:00:00,-152.56
2050-02-11 13:00:00,-1174.37
2050-02-11 14:00:00,-2288.3
2050-02-11 15:00:00,-2524.28
2050-02-11 16:00:00,-1796.97
2050-02-11 17:00:00,-3025.56
2050-02-11 18:00:00,46.86
2050-02-11 19:00:00,-1009.57
2050-02-11 20:00:00,463.98
2050-02-11 21:00:00,-710.3
2050-02-11 22:00:00,-853.16
2050-02-11 23:00:00,-3561.29
2050-02-12 00:00:00,-3911.82
2050-02-12 01:00:00,-4145.8
2050-02-12 02:00:00,-4742.91
2050-02-12 03:00:00,-4729.88
2050-02-12 04:00:00,-4826.39
2050-02-12 05:00:00,-4239.65
2050-02-12 06:00:00,-4720.6
2050-02-12 07:00:00,-3802.88
2050-02-12 08:00:00,-1945.4
2050-02-12 09:00:00,-818.83
2050-02-12 10:00:00,1933.63
2050-02-12 11:00:00,2311.16
2050-02-12 12:00:00,2183.63
2050-02-12 13:00:00,1917.5
2050-02-12 14:00:00,2086.95
2050-02-12 15:00:00,1236.37
2050-02-12 16:00:00,1179.76
2050-02-12 17:00:00,-255.52
2050-02-12 18:00:00,913.67
2050-02-12 19:00:00,-1533.92
2050-02-12 20:00:00,-2168.98
2050-02-12 21:00:00,-3501.97
2050-02-12 22:00:00,-3768.44
2050-02-12 23:00:00,-4028.96
2050-02-13 00:00:00,-3334.32
2050-02-13 01:00:00,-3428.37
2050-02-13 02:00:00,-4711.97
2050-02-13 03:00:00,-4868.12
2050-02-13 04:00:00,-5429.45
2050-02-13 05:00:00,-5438.66
2050-02-13 06:00:00,-5306.12
2050-02-13 07:00:00,-5179.0
2050-02-13 08:00:00,-5151.49
2050-02-13 09:00:00,-5184.03
2050-02-13 10:00:00,-5280.15
2050-02-13 11:00:00,-5379.6
2050-02-13 12:00:00,-5059.17
2050-02-13 13:00:00,-5325.43
2050-02-13 14:00:00,-5032.21
2050-02-13 15:00:00,-4913.1
2050-02-13 16:00:00,-3802.92
2050-02-13 17:00:00,-4370.67
2050-02-13 18:00:00,-4513.69
2050-02-13 19:00:00,-4184.71
2050-02-13 20:00:00,-4019.9
2050-02-13 21:00:00,-4062.78
2050-02-13 22:00:00,-4261.55
2050-02-13 23:00:00,-4530.02
2050-02-14 00:00:00,-4842.53
2050-02-14 01:00:00,-4790.05
2050-02-14 02:00:00,-4380.42
2050-02-14 03:00:00,-4908.15
2050-02-14 04:00:00,-2357.23
2050-02-14 05:00:00,-2576.76
2050-02-14 06:00:00,-3045.86
2050-02-14 07:00:00,-2672.77
2050-02-14 08:00:00,-2839.26
2050-02-14 09:00:00,-3183.09
2050-02-14 10:00:00,-1692.35
2050-02-14 11:00:00,-2410.5
2050-02-14 12:00:00,-882.17
2050-02-14 13:00:00,-262.19
2050-02-14 14:00:00,-402.04
2050-02-14 15:00:00,-15.93
2050-02-14 16:00:00,915.05
2050-02-14 17:00:00,990.43
2050-02-14 18:00:00,88.69
2050-02-14 19:00:00,258.21
2050-02-14 20:00:00,1959.69
2050-02-14 21:00:00,2096.98
2050-02-14 22:00:00,2013.95
2050-02-14 23:00:00,937.56
2050-02-15 00:00:00,-953.98
2050-02-15 01:00:00,-1543.65
2050-02-15 02:00:00,-3738.49
2050-02-15 03:00:00,-4290.74
2050-02-15 04:00:00,-4602.74
2050-02-15 05:00:00,-4482.07
2050-02-15 06:00:00,-4679.23
2050-02-15 07:00:00,-4549.87
2050-02-15 08:00:00,-4466.95
2050-02-15 09:00:00,-4543.64
2050-02-15 10:00:00,-4311.15
2050-02-15 11:00:00,-3991.43
2050-02-15 12:00:00,-3989.3
2050-02-15 13:00:00,-4191.74
2050-02-15 14:00:00,-4090.63
2050-02-15 15:00:00,-4729.02
2050-02-15 16:00:00,-5426.76
2050-02-15 17:00:00,-5673.2
2050-02-15 18:00:00,-5112.86
2050-02-15 19:00:00,-4716.4
2050-02-15 20:00:00,-4542.69
2050-02-15 21:00:00,-4535.35
2050-02-15 22:00:00,-4794.88
2050-02-15 23:00:00,-5093.26
2050-02-16 00:00:00,-5417.88
2050-02-16 01:00:00,-5588.38
2050-02-16 02:00:00,-5802.32
2050-02-16 03:00:00,-5935.63
2050-02-16 04:00:00,-6009.63
2050-02-16 05:00:00,-6040.86
2050-02-16 06:00:00,-5954.0
2050-02-16 07:00:00,-5855.51
2050-02-16 08:00:00,-5776.94
2050-02-16 09:00:00,-5712.63
2050-02-16 10:00:00,-5372.4
2050-02-16 11:00:00,-5349.58
2050-02-16 12:00:00,-5592.92
2050-02-16 13:00:00,-4897.82
2050-02-16 14:00:00,-4869.39
2050-02-16 15:00:00,-5329.24
2050-02-16 16:00:00,-5167.72
2050-02-16 17:00:00,-3277.22
2050-02-16 18:00:00,-3668.76
2050-02-16 19:00:00,-4031.78
2050-02-16 20:00:00,-3893.66
2050-02-16 21:00:00,-4011.0
2050-02-16 22:00:00,-4263.09
2050-02-16 23:00:00,-4529.78
2050-02-17 00:00:00,-4845.29
2050-02-17 01:00:00,-4989.66
2050-02-17 02:00:00,-4878.89
2050-02-17 03:00:00,-4206.05
2050-02-17 04:00:00,-4507.74
2050-02-17 05:00:00,-3569.18
2050-02-17 06:00:00,-3110.98
2050-02-17 07:00:00,-3682.47
2050-02-17 08:00:00,-4147.91
2050-02-17 09:00:00,-3343.02
2050-02-17 10:00:00,-2163.54
2050-02-17 11:00:00,-1909.62
2050-02-17 12:00:00,-1946.98
2050-02-17 13:00:00,-1286.25
2050-02-17 14:00:00,95.68
2050-02-17 15:00:00,-295.75
2050-02-17 16:00:00,172.63
2050-02-17 17:00:00,276.41
2050-02-17 18:00:00,-161.1
2050-02-17 19:00:00,165.58
2050-02-17 20:00:00,-50.32
2050-02-17 21:00:00,-1150.52
2050-02-17 22:00:00,-180.97
2050-02-17 23:00:00,-67.43
2050-02-18 00:00:00,-1057.59
2050-02-18 01:00:00,-545.57
2050-02-18 02:00:00,-3379.46
2050-02-18 03:00:00,-4526.71
2050-02-18 04:00:00,-5428.63
2050-02-18 05:00:00,-5290.21
2050-02-18 06:00:00,-4827.02
2050-02-18 07:00:00,-5116.21
2050-02-18 08:00:00,-4062.51
2050-02-18 09:00:00,-3703.1
2050-02-18 10:00:00,-3312.81
2050-02-18 11:00:00,-3281.25
2050-02-18 12:00:00,-4671.93
2050-02-18 13:00:00,-4021.49
2050-02-18 14:00:00,-3672.53
2050-02-18 15:00:00,-4429.86
2050-02-18 16:00:00,-4290.79
2050-02-18 17:00:00,-3773.98
2050-02-18 18:00:00,-3951.65
2050-02-18 19:00:00,-3475.05
2050-02-18 20:00:00,-2699.89
2050-02-18 21:00:00,-2788.17
2050-02-18 22:00:00,-3421.92
2050-02-18 23:00:00,-2875.64
2050-02-19 00:00:00,-2000.51
2050-02-19 01:00:00,-3899.76
2050-02-19 02:00:00,-4343.97
2050-02-19 03:00:00,-3869.99
2050-02-19 04:00:00,-3226.55
2050-02-19 05:00:00,-2337.48
2050-02-19 06:00:00,-1392.8
2050-02-19 07:00:00,-1586.08
2050-02-19 08:00:00,-1158.09
2050-02-19 09:00:00,-798.18
2050-02-19 10:00:00,-1203.3
2050-02-19 11:00:00,-2308.6
2050-02-19 12:00:00,-3485.62
2050-02-19 13:00:00,-3183.11
2050-02-19 14:00:00,-3214.76
2050-02-19 15:00:00,-4912.93
2050-02-19 16:00:00,-4786.96
2050-02-19 17:00:00,-5447.94
2050-02-19 18:00:00,-4835.22
2050-02-19 19:00:00,-4502.36
2050-02-19 20:00:00,-4321.02
2050-02-19 21:00:00,-4358.06
2050-02-19 22:00:00,-4575.46
2050-02-19 23:00:00,-4862.56
2050-02-20 00:00:00,-5192.11
2050-02-20 01:00:00,-5310.38
2050-02-20 02:00:00,-5533.21
2050-02-20 03:00:00,-5400.77
2050-02-20 04:00:00,-5647.1
2050-02-20 05:00:00,-5629.14
2050-02-20 06:00:00,-5333.09
2050-02-20 07:00:00,-4683.32
2050-02-20 08:00:00,-4407.1
2050-02-20 09:00:00,-2858.14
2050-02-20 10:00:00,-946.49
2050-02-20 11:00:00,-494.15
2050-02-20 12:00:00,-362.04
2050-02-20 13:00:00,-980.04
2050-02-20 14:00:00,-1526.82
2050-02-20 15:00:00,-2722.71
2050-02-20 16:00:00,-4184.22
2050-02-20 17:00:00,-4862.91
2050-02-20 18:00:00,-5049.89
2050-02-20 19:00:00,-4735.28
2050-02-20 20:00:00,-4535.68
2050-02-20 21:00:00,-4547.11
2050-02-20 22:00:00,-4734.08
2050-02-20 23:00:00,-4976.79
2050-02-21 00:00:00,-4991.26
2050-02-21 01:00:00,-5320.67
2050-02-21 02:00:00,-5210.18
2050-02-21 03:00:00,-5140.7
2050-02-21 04:00:00,-3231.46
2050-02-21 05:00:00,-3549.98
2050-02-21 06:00:00,-3788.54
2050-02-21 07:00:00,-3389.53
2050-02-21 08:00:00,-2832.05
2050-02-21 09:00:00,-1843.57
2050-02-21 10:00:00,-1404.84
2050-02-21 11:00:00,343.49
2050-02-21 12:00:00,1177.0
2050-02-21 13:00:00,1571.18
2050-02-21 14:00:00,2012.78
2050-02-21 15:00:00,2285.42
2050-02-21 16:00:00,1632.27
2050-02-21 17:00:00,1915.2
2050-02-21 18:00:00,1649.78
2050-02-21 19:00:00,1636.53
2050-02-21 20:00:00,876.71
2050-02-21 21:00:00,23.37
2050-02-21 22:00:00,-822.78
2050-02-21 23:00:00,-707.4
2050-02-22 00:00:00,-1442.52
2050-02-22 01:00:00,-3161.8
2050-02-22 02:00:00,-3729.27
2050-02-22 03:00:00,-3028.42
2050-02-22 04:00:00,-2189.84
2050-02-22 05:00:00,-1737.73
2050-02-22 06:00:00,-2532.3
2050-02-22 07:00:00,-3442.45
2050-02-22 08:00:00,-2967.87
2050-02-22 09:00:00,-1784.24
2050-02-22 10:00:00,-114.38
2050-02-22 11:00:00,664.82
2050-02-22 12:00:00,1295.47
2050-02-22 13:00:00,549.4
2050-02-22 14:00:00,219.84
2050-02-22 15:00:00,-93.76
2050-02-22 16:00:00,-2702.65
2050-02-22 17:00:00,-2371.38
2050-02-22 18:00:00,-2632.89
2050-02-22 19:00:00,-2297.16
2050-02-22 20:00:00,-3940.48
2050-02-22 21:00:00,-3983.33
2050-02-22 22:00:00,-3045.52
2050-02-22 23:00:00,-2717.14
2050-02-23 00:00:00,-5335.68
2050-02-23 01:00:00,-5564.12
2050-02-23 02:00:00,-5975.79
2050-02-23 03:00:00,-5882.48
2050-02-23 04:00:00,-5750.86
2050-02-23 05:00:00,-5624.65
2050-02-23 06:00:00,-4753.38
2050-02-23 07:00:00,-4044.11
2050-02-23 08:00:00,-3966.68
2050-02-23 09:00:00,-3175.84
2050-02-23 10:00:00,-2986.42
2050-02-23 11:00:00,-1698.06
2050-02-23 12:00:00,-2051.25
2050-02-23 13:00:00,-2384.1
2050-02-23 14:00:00,-2028.79
2050-02-23 15:00:00,-2810.51
2050-02-23 16:00:00,-4538.81
2050-02-23 17:00:00,-5536.64
2050-02-23 18:00:00,-5110.33
2050-02-23 19:00:00,-4840.49
2050-02-23 20:00:00,-4738.73
2050-02-23 21:00:00,-4839.66
2050-02-23 22:00:00,-5166.76
2050-02-23 23:00:00,-5498.66
2050-02-24 00:00:00,-5886.1
2050-02-24 01:00:00,-6033.03
2050-02-24 02:00:00,-5873.18
2050-02-24 03:00:00,-6071.41
2050-02-24 04:00:00,-4963.23
2050-02-24 05:00:00,-5782.26
2050-02-24 06:00:00,-5408.6
2050-02-24 07:00:00,-4747.83
2050-02-24 08:00:00,-4555.0
2050-02-24 09:00:00,-3086.98
2050-02-24 10:00:00,-629.08
2050-02-24 11:00:00,-2080.64
2050-02-24 12:00:00,-4239.41
2050-02-24 13:00:00,-3926.46
2050-02-24 14:00:00,-5639.69
2050-02-24 15:00:00,-6525.36
2050-02-24 16:00:00,-6354.16
2050-02-24 17:00:00,-6055.41
2050-02-24 18:00:00,-5522.85
2050-02-24 19:00:00,-5172.62
2050-02-24 20:00:00,-4983.17
2050-02-24 21:00:00,-4978.11
2050-02-24 22:00:00,-5152.2
2050-02-24 23:00:00,-5395.87
2050-02-25 00:00:00,-5700.24
2050-02-25 01:00:00,-5826.41
2050-02-25 02:00:00,-6053.52
2050-02-25 03:00:00,-6175.96
2050-02-25 04:00:00,-6253.83
2050-02-25 05:00:00,-6272.04
2050-02-25 06:00:00,-6171.7
2050-02-25 07:00:00,-6056.04
2050-02-25 08:00:00,-5956.38
2050-02-25 09:00:00,-5854.41
2050-02-25 10:00:00,-5743.47
2050-02-25 11:00:00,-4932.82
2050-02-25 12:00:00,-4463.65
2050-02-25 13:00:00,-4161.3
2050-02-25 14:00:00,-4191.21
2050-02-25 15:00:00,-4938.25
2050-02-25 16:00:00,-5416.77
2050-02-25 17:00:00,-5046.47
2050-02-25 18:00:00,-4521.86
2050-02-25 19:00:00,-3821.02
2050-02-25 20:00:00,-4129.18
2050-02-25 21:00:00,-3973.11
2050-02-25 22:00:00,-3662.43
2050-02-25 23:00:00,-2440.11
2050-02-26 00:00:00,-1786.25
2050-02-26 01:00:00,-1052.25
2050-02-26 02:00:00,-1074.9
2050-02-26 03:00:00,-1925.73
2050-02-26 04:00:00,-2573.85
2050-02-26 05:00:00,-3287.46
2050-02-26 06:00:00,-3706.9
2050-02-26 07:00:00,-2666.15
2050-02-26 08:00:00,-2377.05
2050-02-26 09:00:00,-1178.15
2050-02-26 10:00:00,-1858.33
2050-02-26 11:00:00,-1773.68
2050-02-26 12:00:00,-637.94
2050-02-26 13:00:00,-1582.88
2050-02-26 14:00:00,-1687.65
2050-02-26 15:00:00,327.42
2050-02-26 16:00:00,-127.5
2050-02-26 17:00:00,-666.07
2050-02-26 18:00:00,-816.19
2050-02-26 19:00:00,-1853.28
2050-02-26 20:00:00,-3155.91
2050-02-26 21:00:00,-2481.68
2050-02-26 22:00:00,-2038.78
2050-02-26 23:00:00,-3084.1
2050-02-27 00:00:00,-3467.59
2050-02-27 01:00:00,-4337.26
2050-02-27 02:00:00,-3834.64
2050-02-27 03:00:00,-2197.86
2050-02-27 04:00:00,-578.19
2050-02-27 05:00:00,-1212.21
2050-02-27 06:00:00,-1760.27
2050-02-27 07:00:00,-2647.8
2050-02-27 08:00:00,-3308.66
2050-02-27 09:00:00,-2905.45
2050-02-27 10:00:00,-2635.04
2050-02-27 11:00:00,-3325.44
2050-02-27 12:00:00,-3283.32
2050-02-27 13:00:00,-1419.64
2050-02-27 14:00:00,-2274.4
2050-02-27 15:00:00,-1647.78
2050-02-27 16:00:00,-2875.4
2050-02-27 17:00:00,-4778.33
2050-02-27 18:00:00,-4568.68
2050-02-27 19:00:00,-4451.04
2050-02-27 20:00:00,-4343.21
2050-02-27 21:00:00,-4390.74
2050-02-27 22:00:00,-4565.07
2050-02-27 23:00:00,-4843.62
2050-02-28 00:00:00,-5128.93
2050-02-28 01:00:00,-5220.51
2050-02-28 02:00:00,-4744.11
2050-02-28 03:00:00,-3604.92
2050-02-28 04:00:00,-4499.8
2050-02-28 05:00:00,-3641.26
2050-02-28 06:00:00,-3697.79
2050-02-28 07:00:00,-2416.41
2050-02-28 08:00:00,-3668.65
2050-02-28 09:00:00,-3013.59
2050-02-28 10:00:00,-3810.0
2050-02-28 11:00:00,-1727.13
2050-02-28 12:00:00,-462.74
2050-02-28 13:00:00,-1626.58
2050-02-28 14:00:00,-3051.7
2050-02-28 15:00:00,-2737.47
2050-02-28 16:00:00,-3598.63
2050-02-28 17:00:00,-4323.04
2050-02-28 18:00:00,-2990.56
2050-02-28 19:00:00,-1303.84
2050-02-28 20:00:00,-2228.35
2050-02-28 21:00:00,-3220.45
2050-02-28 22:00:00,-2179.08
2050-02-28 23:00:00,-1852.01
2050-03-01 00:00:00,-2509.62
2050-03-01 01:00:00,-1558.16
2050-03-01 02:00:00,-796.91
2050-03-01 03:00:00,289.72
2050-03-01 04:00:00,-1068.85
2050-03-01 05:00:00,-574.9
2050-03-01 06:00:00,352.08
2050-03-01 07:00:00,879.84
2050-03-01 08:00:00,824.74
2050-03-01 09:00:00,916.56
2050-03-01 10:00:00,802.48
2050-03-01 11:00:00,-76.85
2050-03-01 12:00:00,-1663.55
2050-03-01 13:00:00,-1902.94
2050-03-01 14:00:00,-1279.65
2050-03-01 15:00:00,-2778.07
2050-03-01 16:00:00,-4562.13
2050-03-01 17:00:00,-5600.23
2050-03-01 18:00:00,-4810.37
2050-03-01 19:00:00,-4680.84
2050-03-01 20:00:00,-4511.32
2050-03-01 21:00:00,-4603.86
2050-03-01 22:00:00,-4794.32
2050-03-01 23:00:00,-5052.46
2050-03-02 00:00:00,-5360.58
2050-03-02 01:00:00,-5490.5
2050-03-02 02:00:00,-5700.77
2050-03-02 03:00:00,-5796.53
2050-03-02 04:00:00,-5841.75
2050-03-02 05:00:00,-5828.7
2050-03-02 06:00:00,-5715.03
2050-03-02 07:00:00,-5618.22
2050-03-02 08:00:00,-5729.85
2050-03-02 09:00:00,-5870.2
2050-03-02 10:00:00,-6071.93
2050-03-02 11:00:00,-6262.9
2050-03-02 12:00:00,-6395.29
2050-03-02 13:00:00,-6524.28
2050-03-02 14:00:00,-6617.76
2050-03-02 15:00:00,-6638.9
2050-03-02 16:00:00,-6486.81
2050-03-02 17:00:00,-6220.24
2050-03-02 18:00:00,-5711.24
2050-03-02 19:00:00,-5397.77
2050-03-02 20:00:00,-5234.4
2050-03-02 21:00:00,-5252.14
2050-03-02 22:00:00,-5414.48
2050-03-02 23:00:00,-5648.47
2050-03-03 00:00:00,-5938.57
2050-03-03 01:00:00,-6066.16
2050-03-03 02:00:00,-6219.78
2050-03-03 03:00:00,-6370.26
2050-03-03 04:00:00,-6200.4
2050-03-03 05:00:00,-5634.89
2050-03-03 06:00:00,-6220.47
2050-03-03 07:00:00,-5849.08
2050-03-03 08:00:00,-4512.64
2050-03-03 09:00:00,-1686.68
2050-03-03 10:00:00,-566.8
2050-03-03 11:00:00,-646.96
2050-03-03 12:00:00,409.74
2050-03-03 13:00:00,933.46
2050-03-03 14:00:00,1226.0
2050-03-03 15:00:00,173.38
2050-03-03 16:00:00,-975.09
2050-03-03 17:00:00,-2158.05
2050-03-03 18:00:00,-4562.87
2050-03-03 19:00:00,-4247.27
2050-03-03 20:00:00,-3734.33
2050-03-03 21:00:00,-4280.02
2050-03-03 22:00:00,-4655.34
2050-03-03 23:00:00,-5005.92
2050-03-04 00:00:00,-5327.62
2050-03-04 01:00:00,-5447.51
2050-03-04 02:00:00,-5653.91
2050-03-04 03:00:00,-5747.08
2050-03-04 04:00:00,-5717.36
2050-03-04 05:00:00,-5778.79
2050-03-04 06:00:00,-5661.27
2050-03-04 07:00:00,-5469.27
2050-03-04 08:00:00,-5172.87
2050-03-04 09:00:00,-5623.94
2050-03-04 10:00:00,-5491.08
2050-03-04 11:00:00,-5566.69
2050-03-04 12:00:00,-5453.11
2050-03-04 13:00:00,-5216.97
2050-03-04 14:00:00,-6139.56
2050-03-04 15:00:00,-6421.27
2050-03-04 16:00:00,-6313.83
2050-03-04 17:00:00,-5958.78
2050-03-04 18:00:00,-5319.16
2050-03-04 19:00:00,-4915.54
2050-03-04 20:00:00,-4687.47
2050-03-04 21:00:00,-4475.8
2050-03-04 22:00:00,-4785.28
2050-03-04 23:00:00,-5013.93
2050-03-05 00:00:00,-5311.7
2050-03-05 01:00:00,-5199.97
2050-03-05 02:00:00,-5466.11
2050-03-05 03:00:00,-4875.55
2050-03-05 04:00:00,-4630.5
2050-03-05 05:00:00,-3957.25
2050-03-05 06:00:00,-3291.95
2050-03-05 07:00:00,-2559.47
2050-03-05 08:00:00,-1437.31
2050-03-05 09:00:00,-1215.14
2050-03-05 10:00:00,-1134.9
2050-03-05 11:00:00,226.34
2050-03-05 12:00:00,1419.42
2050-03-05 13:00:00,1449.47
2050-03-05 14:00:00,1352.52
2050-03-05 15:00:00,-1153.82
2050-03-05 16:00:00,-1824.69
2050-03-05 17:00:00,-1641.52
2050-03-05 18:00:00,-1116.58
2050-03-05 19:00:00,-1341.98
2050-03-05 20:00:00,-831.92
2050-03-05 21:00:00,-2066.19
2050-03-05 22:00:00,-2222.68
2050-03-05 23:00:00,-1600.25
2050-03-06 00:00:00,-2026.0
2050-03-06 01:00:00,-3214.11
2050-03-06 02:00:00,-1028.61
2050-03-06 03:00:00,327.73
2050-03-06 04:00:00,-421.25
2050-03-06 05:00:00,-2011.51
2050-03-06 06:00:00,-1418.63
2050-03-06 07:00:00,-1392.37
2050-03-06 08:00:00,-963.79
2050-03-06 09:00:00,-595.7
2050-03-06 10:00:00,-355.35
2050-03-06 11:00:00,59.7
2050-03-06 12:00:00,1620.88
2050-03-06 13:00:00,652.19
2050-03-06 14:00:00,-931.18
2050-03-06 15:00:00,-1025.26
2050-03-06 16:00:00,-975.87
2050-03-06 17:00:00,-498.02
2050-03-06 18:00:00,-319.99
2050-03-06 19:00:00,-1097.41
2050-03-06 20:00:00,-3171.33
2050-03-06 21:00:00,-2904.8
2050-03-06 22:00:00,-3518.88
2050-03-06 23:00:00,-2029.0
2050-03-07 00:00:00,-1731.26
2050-03-07 01:00:00,-3363.24
2050-03-07 02:00:00,-4186.44
2050-03-07 03:00:00,-3839.16
2050-03-07 04:00:00,-4212.77
2050-03-07 05:00:00,-4746.78
2050-03-07 06:00:00,-3994.45
2050-03-07 07:00:00,-4907.58
2050-03-07 08:00:00,-5404.67
2050-03-07 09:00:00,-5943.08
2050-03-07 10:00:00,-6360.8
2050-03-07 11:00:00,-6562.33
2050-03-07 12:00:00,-6687.22
2050-03-07 13:00:00,-6754.81
2050-03-07 14:00:00,-6720.03
2050-03-07 15:00:00,-6650.67
2050-03-07 16:00:00,-6439.1
2050-03-07 17:00:00,-6184.06
2050-03-07 18:00:00,-5773.42
2050-03-07 19:00:00,-5662.26
2050-03-07 20:00:00,-5631.9
2050-03-07 21:00:00,-5671.39
2050-03-07 22:00:00,-5825.9
2050-03-07 23:00:00,-6030.97
2050-03-08 00:00:00,-6272.32
2050-03-08 01:00:00,-6326.34
2050-03-08 02:00:00,-6415.74
2050-03-08 03:00:00,-5479.28
2050-03-08 04:00:00,-4760.15
2050-03-08 05:00:00,-5281.1
2050-03-08 06:00:00,-3691.04
2050-03-08 07:00:00,-4337.3
2050-03-08 08:00:00,-3761.08
2050-03-08 09:00:00,-2185.35
2050-03-08 10:00:00,-3784.41
2050-03-08 11:00:00,-4299.42
2050-03-08 12:00:00,-3751.89
2050-03-08 13:00:00,-2550.18
2050-03-08 14:00:00,-2146.76
2050-03-08 15:00:00,-1514.11
2050-03-08 16:00:00,-2590.82
2050-03-08 17:00:00,-2735.42
2050-03-08 18:00:00,-1989.14
2050-03-08 19:00:00,-2742.34
2050-03-08 20:00:00,-2497.79
2050-03-08 21:00:00,-2621.17
2050-03-08 22:00:00,-4127.64
2050-03-08 23:00:00,-4839.62
2050-03-09 00:00:00,-3285.88
2050-03-09 01:00:00,-4795.32
2050-03-09 02:00:00,-4924.78
2050-03-09 03:00:00,-5742.13
2050-03-09 04:00:00,-5570.49
2050-03-09 05:00:00,-5239.19
2050-03-09 06:00:00,-5291.13
2050-03-09 07:00:00,-5787.8
2050-03-09 08:00:00,-5629.55
2050-03-09 09:00:00,-4905.23
2050-03-09 10:00:00,-4699.94
2050-03-09 11:00:00,-4096.11
2050-03-09 12:00:00,-4485.23
2050-03-09 13:00:00,-3094.06
2050-03-09 14:00:00,-1753.06
2050-03-09 15:00:00,-4305.71
2050-03-09 16:00:00,-5052.48
2050-03-09 17:00:00,-4525.28
2050-03-09 18:00:00,-5325.51
2050-03-09 19:00:00,-5609.57
2050-03-09 20:00:00,-5652.96
2050-03-09 21:00:00,-5715.29
2050-03-09 22:00:00,-5842.91
2050-03-09 23:00:00,-5923.81
2050-03-10 00:00:00,-5989.56
2050-03-10 01:00:00,-4924.54
2050-03-10 02:00:00,-4719.65
2050-03-10 03:00:00,-4422.68
2050-03-10 04:00:00,-5905.23
2050-03-10 05:00:00,-5882.3
2050-03-10 06:00:00,-5766.13
2050-03-10 07:00:00,-5082.44
2050-03-10 08:00:00,-5744.14
2050-03-10 09:00:00,-5860.41
2050-03-10 10:00:00,-4137.48
2050-03-10 11:00:00,-4953.72
2050-03-10 12:00:00,-4812.0
2050-03-10 13:00:00,-1224.36
2050-03-10 14:00:00,-3280.34
2050-03-10 15:00:00,-3142.66
2050-03-10 16:00:00,-3226.89
2050-03-10 17:00:00,-1893.53
2050-03-10 18:00:00,-2870.9
2050-03-10 19:00:00,-3920.13
2050-03-10 20:00:00,-4863.44
2050-03-10 21:00:00,-5403.67
2050-03-10 22:00:00,-5949.7
2050-03-10 23:00:00,-5990.05
2050-03-11 00:00:00,-5906.41
2050-03-11 01:00:00,-6032.84
2050-03-11 02:00:00,-5908.71
2050-03-11 03:00:00,-6789.44
2050-03-11 04:00:00,-5983.89
2050-03-11 05:00:00,-5505.64
2050-03-11 06:00:00,-6245.73
2050-03-11 07:00:00,-5525.57
2050-03-11 08:00:00,-3774.0
2050-03-11 09:00:00,-3561.3
2050-03-11 10:00:00,-3015.23
2050-03-11 11:00:00,-3958.4
2050-03-11 12:00:00,-3148.81
2050-03-11 13:00:00,-2887.19
2050-03-11 14:00:00,-3975.05
2050-03-11 15:00:00,-3858.2
2050-03-11 16:00:00,-3731.23
2050-03-11 17:00:00,-4180.11
2050-03-11 18:00:00,-5191.18
2050-03-11 19:00:00,-5060.89
2050-03-11 20:00:00,-5317.32
2050-03-11 21:00:00,-5641.78
2050-03-11 22:00:00,-5634.65
2050-03-11 23:00:00,-5590.16
2050-03-12 00:00:00,-5628.51
2050-03-12 01:00:00,-6026.94
2050-03-12 02:00:00,-6902.72
2050-03-12 03:00:00,-6845.07
2050-03-12 04:00:00,-6817.07
2050-03-12 05:00:00,-5593.18
2050-03-12 06:00:00,-5339.18
2050-03-12 07:00:00,-4043.49
2050-03-12 08:00:00,-1359.0
2050-03-12 09:00:00,-1426.91
2050-03-12 10:00:00,-2337.94
2050-03-12 11:00:00,-889.15
2050-03-12 12:00:00,-2382.84
2050-03-12 13:00:00,-1504.83
2050-03-12 14:00:00,-1754.59
2050-03-12 15:00:00,-3630.94
2050-03-12 16:00:00,-5770.95
2050-03-12 17:00:00,-5881.97
2050-03-12 18:00:00,-5575.43
2050-03-12 19:00:00,-5233.62
2050-03-12 20:00:00,-5179.9
2050-03-12 21:00:00,-5316.86
2050-03-12 22:00:00,-5612.83
2050-03-12 23:00:00,-5948.21
2050-03-13 00:00:00,-6320.55
2050-03-13 01:00:00,-6507.38
2050-03-13 02:00:00,-7097.39
2050-03-13 03:00:00,-6923.81
2050-03-13 04:00:00,-7029.7
2050-03-13 05:00:00,-7060.16
2050-03-13 06:00:00,-6924.67
2050-03-13 07:00:00,-6466.45
2050-03-13 08:00:00,-5332.48
2050-03-13 09:00:00,-3182.0
2050-03-13 10:00:00,-1918.13
2050-03-13 11:00:00,-2330.15
2050-03-13 12:00:00,-1220.59
2050-03-13 13:00:00,414.03
2050-03-13 14:00:00,740.55
2050-03-13 15:00:00,-19.3
2050-03-13 16:00:00,373.68
2050-03-13 17:00:00,-125.44
2050-03-13 18:00:00,-1526.57
2050-03-13 19:00:00,-2159.44
2050-03-13 20:00:00,-4506.17
2050-03-13 21:00:00,-5042.11
2050-03-13 22:00:00,-4687.14
2050-03-13 23:00:00,-6127.84
2050-03-14 00:00:00,-6532.54
2050-03-14 01:00:00,-6736.48
2050-03-14 02:00:00,-7013.62
2050-03-14 03:00:00,-7148.83
2050-03-14 04:00:00,-7221.08
2050-03-14 05:00:00,-7243.01
2050-03-14 06:00:00,-7126.49
2050-03-14 07:00:00,-7009.48
2050-03-14 08:00:00,-6899.41
2050-03-14 09:00:00,-6797.54
2050-03-14 10:00:00,-6830.32
2050-03-14 11:00:00,-6806.08
2050-03-14 12:00:00,-6751.88
2050-03-14 13:00:00,-6719.18
2050-03-14 14:00:00,-6630.84
2050-03-14 15:00:00,-6479.77
2050-03-14 16:00:00,-6210.65
2050-03-14 17:00:00,-5941.44
2050-03-14 18:00:00,-5717.31
2050-03-14 19:00:00,-5605.42
2050-03-14 20:00:00,-5641.82
2050-03-14 21:00:00,-5783.72
2050-03-14 22:00:00,-6057.65
2050-03-14 23:00:00,-6359.53
2050-03-15 00:00:00,-6664.62
2050-03-15 01:00:00,-6764.73
2050-03-15 02:00:00,-6939.56
2050-03-15 03:00:00,-7005.69
2050-03-15 04:00:00,-7028.69
2050-03-15 05:00:00,-6994.75
2050-03-15 06:00:00,-6844.11
2050-03-15 07:00:00,-6712.45
2050-03-15 08:00:00,-6542.73
2050-03-15 09:00:00,-6388.86
2050-03-15 10:00:00,-6476.01
2050-03-15 11:00:00,-6458.9
2050-03-15 12:00:00,-6470.92
2050-03-15 13:00:00,-6443.14
2050-03-15 14:00:00,-6373.73
2050-03-15 15:00:00,-6349.44
2050-03-15 16:00:00,-6175.48
2050-03-15 17:00:00,-5918.88
2050-03-15 18:00:00,-5564.87
2050-03-15 19:00:00,-5251.11
2050-03-15 20:00:00,-5106.35
2050-03-15 21:00:00,-5150.55
2050-03-15 22:00:00,-5394.0
2050-03-15 23:00:00,-4802.71
2050-03-16 00:00:00,-5615.15
2050-03-16 01:00:00,-4914.49
2050-03-16 02:00:00,-4710.07
2050-03-16 03:00:00,-3979.65
2050-03-16 04:00:00,-4130.82
2050-03-16 05:00:00,-4390.94
2050-03-16 06:00:00,-4250.75
2050-03-16 07:00:00,-2774.41
2050-03-16 08:00:00,-1360.58
2050-03-16 09:00:00,-999.38
2050-03-16 10:00:00,-583.79
2050-03-16 11:00:00,-314.67
2050-03-16 12:00:00,-605.48
2050-03-16 13:00:00,-675.76
2050-03-16 14:00:00,-1040.86
2050-03-16 15:00:00,-1425.08
2050-03-16 16:00:00,-2557.2
2050-03-16 17:00:00,-4032.2
2050-03-16 18:00:00,-4617.59
2050-03-16 19:00:00,-4692.63
2050-03-16 20:00:00,-3724.74
2050-03-16 21:00:00,-4158.05
2050-03-16 22:00:00,-4023.1
2050-03-16 23:00:00,-4541.03
2050-03-17 00:00:00,-4092.34
2050-03-17 01:00:00,-3706.88
2050-03-17 02:00:00,-3775.18
2050-03-17 03:00:00,-3544.96
2050-03-17 04:00:00,-2606.41
2050-03-17 05:00:00,-1537.76
2050-03-17 06:00:00,-319.2
2050-03-17 07:00:00,-477.58
2050-03-17 08:00:00,1219.17
2050-03-17 09:00:00,867.2
2050-03-17 10:00:00,568.35
2050-03-17 11:00:00,-825.55
2050-03-17 12:00:00,-1971.11
2050-03-17 13:00:00,-2194.93
2050-03-17 14:00:00,-1021.78
2050-03-17 15:00:00,-2780.41
2050-03-17 16:00:00,-1280.37
2050-03-17 17:00:00,-3073.31
2050-03-17 18:00:00,-3143.21
2050-03-17 19:00:00,-2226.29
2050-03-17 20:00:00,-3069.32
2050-03-17 21:00:00,-2450.75
2050-03-17 22:00:00,-5367.37
2050-03-17 23:00:00,-4303.58
2050-03-18 00:00:00,-3220.09
2050-03-18 01:00:00,-1594.47
2050-03-18 02:00:00,-1708.71
2050-03-18 03:00:00,214.78
2050-03-18 04:00:00,-604.15
2050-03-18 05:00:00,-1788.93
2050-03-18 06:00:00,-1600.26
2050-03-18 07:00:00,-2965.69
2050-03-18 08:00:00,-1632.01
2050-03-18 09:00:00,-1135.67
2050-03-18 10:00:00,-455.58
2050-03-18 11:00:00,-862.42
2050-03-18 12:00:00,-956.79
2050-03-18 13:00:00,-1480.47
2050-03-18 14:00:00,-1088.05
2050-03-18 15:00:00,-985.75
2050-03-18 16:00:00,-589.86
2050-03-18 17:00:00,-2222.85
2050-03-18 18:00:00,-2526.28
2050-03-18 19:00:00,-3695.18
2050-03-18 20:00:00,-4124.99
2050-03-18 21:00:00,-3848.03
2050-03-18 22:00:00,-2181.57
2050-03-18 23:00:00,-2719.95
2050-03-19 00:00:00,-2808.41
2050-03-19 01:00:00,-5337.06
2050-03-19 02:00:00,-5567.92
2050-03-19 03:00:00,-7088.24
2050-03-19 04:00:00,-7020.78
2050-03-19 05:00:00,-6939.78
2050-03-19 06:00:00,-6269.27
2050-03-19 07:00:00,-5617.51
2050-03-19 08:00:00,-5266.64
2050-03-19 09:00:00,-4827.5
2050-03-19 10:00:00,-4686.62
2050-03-19 11:00:00,-3001.31
2050-03-19 12:00:00,-1649.41
2050-03-19 13:00:00,-169.28
2050-03-19 14:00:00,-898.78
2050-03-19 15:00:00,-353.01
2050-03-19 16:00:00,90.71
2050-03-19 17:00:00,-359.66
2050-03-19 18:00:00,515.31
2050-03-19 19:00:00,766.42
2050-03-19 20:00:00,1502.38
2050-03-19 21:00:00,588.89
2050-03-19 22:00:00,1483.47
2050-03-19 23:00:00,2211.64
2050-03-20 00:00:00,1556.54
2050-03-20 01:00:00,844.24
2050-03-20 02:00:00,252.05
2050-03-20 03:00:00,-710.52
2050-03-20 04:00:00,-1530.33
2050-03-20 05:00:00,-1713.98
2050-03-20 06:00:00,-1623.62
2050-03-20 07:00:00,-618.61
2050-03-20 08:00:00,-211.07
2050-03-20 09:00:00,1246.5
2050-03-20 10:00:00,1005.69
2050-03-20 11:00:00,768.86
2050-03-20 12:00:00,207.71
2050-03-20 13:00:00,-39.56
2050-03-20 14:00:00,-2747.2
2050-03-20 15:00:00,-3621.36
2050-03-20 16:00:00,-4736.93
2050-03-20 17:00:00,-5036.8
2050-03-20 18:00:00,-4923.07
2050-03-20 19:00:00,-4927.67
2050-03-20 20:00:00,-5175.62
2050-03-20 21:00:00,-5410.57
2050-03-20 22:00:00,-5843.04
2050-03-20 23:00:00,-6249.98
2050-03-21 00:00:00,-6126.02
2050-03-21 01:00:00,-6863.09
2050-03-21 02:00:00,-7143.38
2050-03-21 03:00:00,-7275.01
2050-03-21 04:00:00,-6970.0
2050-03-21 05:00:00,-5369.36
2050-03-21 06:00:00,-4245.29
2050-03-21 07:00:00,-4730.17
2050-03-21 08:00:00,-3323.26
2050-03-21 09:00:00,-2309.87
2050-03-21 10:00:00,-1796.1
2050-03-21 11:00:00,-992.96
2050-03-21 12:00:00,-143.73
2050-03-21 13:00:00,-557.25
2050-03-21 14:00:00,-1242.01
2050-03-21 15:00:00,-2722.83
2050-03-21 16:00:00,-3263.19
2050-03-21 17:00:00,-3649.65
2050-03-21 18:00:00,-4346.19
2050-03-21 19:00:00,-4027.43
2050-03-21 20:00:00,-4960.35
2050-03-21 21:00:00,-5325.28
2050-03-21 22:00:00,-5881.58
2050-03-21 23:00:00,-6293.96
2050-03-22 00:00:00,-6590.42
2050-03-22 01:00:00,-5183.56
2050-03-22 02:00:00,-6197.62
2050-03-22 03:00:00,-2669.97
2050-03-22 04:00:00,-6043.01
2050-03-22 05:00:00,-6091.24
2050-03-22 06:00:00,-6893.62
2050-03-22 07:00:00,-7185.21
2050-03-22 08:00:00,-7010.85
2050-03-22 09:00:00,-6904.94
2050-03-22 10:00:00,-6765.38
2050-03-22 11:00:00,-5927.28
2050-03-22 12:00:00,-6034.51
2050-03-22 13:00:00,-6036.01
2050-03-22 14:00:00,-6674.82
2050-03-22 15:00:00,-6618.99
2050-03-22 16:00:00,-6424.45
2050-03-22 17:00:00,-6157.7
2050-03-22 18:00:00,-5625.55
2050-03-22 19:00:00,-5669.32
2050-03-22 20:00:00,-5647.26
2050-03-22 21:00:00,-5777.23
2050-03-22 22:00:00,-6055.46
2050-03-22 23:00:00,-6386.8
2050-03-23 00:00:00,-6753.31
2050-03-23 01:00:00,-6935.04
2050-03-23 02:00:00,-7193.85
2050-03-23 03:00:00,-7337.88
2050-03-23 04:00:00,-7430.03
2050-03-23 05:00:00,-7392.04
2050-03-23 06:00:00,-7268.06
2050-03-23 07:00:00,-7181.55
2050-03-23 08:00:00,-6721.61
2050-03-23 09:00:00,-6041.74
2050-03-23 10:00:00,-4760.81
2050-03-23 11:00:00,-5456.12
2050-03-23 12:00:00,-5662.25
2050-03-23 13:00:00,-5378.01
2050-03-23 14:00:00,-4860.0
2050-03-23 15:00:00,-4713.25
2050-03-23 16:00:00,-4116.04
2050-03-23 17:00:00,-4772.79
2050-03-23 18:00:00,-4671.27
2050-03-23 19:00:00,-5344.79
2050-03-23 20:00:00,-5470.03
2050-03-23 21:00:00,-5745.54
2050-03-23 22:00:00,-6053.23
2050-03-23 23:00:00,-6261.37
2050-03-24 00:00:00,-6665.4
2050-03-24 01:00:00,-6440.59
2050-03-24 02:00:00,-6461.81
2050-03-24 03:00:00,-5914.02
2050-03-24 04:00:00,-5278.26
2050-03-24 05:00:00,-3206.93
2050-03-24 06:00:00,-3732.05
2050-03-24 07:00:00,-1571.44
2050-03-24 08:00:00,-495.91
2050-03-24 09:00:00,469.68
2050-03-24 10:00:00,-165.61
2050-03-24 11:00:00,950.88
2050-03-24 12:00:00,665.85
2050-03-24 13:00:00,-190.59
2050-03-24 14:00:00,-1249.18
2050-03-24 15:00:00,-1806.81
2050-03-24 16:00:00,-2833.48
2050-03-24 17:00:00,-1341.02
2050-03-24 18:00:00,-2206.95
2050-03-24 19:00:00,-1917.88
2050-03-24 20:00:00,-283.03
2050-03-24 21:00:00,-974.51
2050-03-24 22:00:00,-1257.94
2050-03-24 23:00:00,-2720.25
2050-03-25 00:00:00,-5682.23
2050-03-25 01:00:00,-4724.0
2050-03-25 02:00:00,-4499.04
2050-03-25 03:00:00,-4624.55
2050-03-25 04:00:00,-4659.52
2050-03-25 05:00:00,-4170.56
2050-03-25 06:00:00,-3131.45
2050-03-25 07:00:00,-2796.86
2050-03-25 08:00:00,-2575.83
2050-03-25 09:00:00,-3605.14
2050-03-25 10:00:00,-5402.94
2050-03-25 11:00:00,-4514.32
2050-03-25 12:00:00,-4296.66
2050-03-25 13:00:00,-3937.6
2050-03-25 14:00:00,-5011.01
2050-03-25 15:00:00,-4918.27
2050-03-25 16:00:00,-5371.49
2050-03-25 17:00:00,-5298.92
2050-03-25 18:00:00,-3697.32
2050-03-25 19:00:00,-3354.32
2050-03-25 20:00:00,-3472.49
2050-03-25 21:00:00,-118.7
2050-03-25 22:00:00,-3132.48
2050-03-25 23:00:00,-2526.88
2050-03-26 00:00:00,-4984.24
2050-03-26 01:00:00,-6087.23
2050-03-26 02:00:00,-6867.62
2050-03-26 03:00:00,-6577.39
2050-03-26 04:00:00,-6656.7
2050-03-26 05:00:00,-6896.91
2050-03-26 06:00:00,-6507.99
2050-03-26 07:00:00,-6489.96
2050-03-26 08:00:00,-5950.3
2050-03-26 09:00:00,-4955.85
2050-03-26 10:00:00,-5386.05
2050-03-26 11:00:00,-3784.59
2050-03-26 12:00:00,-2544.13
2050-03-26 13:00:00,-1908.55
2050-03-26 14:00:00,-3455.0
2050-03-26 15:00:00,-4257.15
2050-03-26 16:00:00,-4037.84
2050-03-26 17:00:00,-3942.17
2050-03-26 18:00:00,-3767.58
2050-03-26 19:00:00,-3676.77
2050-03-26 20:00:00,-3642.03
2050-03-26 21:00:00,-3974.97
2050-03-26 22:00:00,-3548.14
2050-03-26 23:00:00,-2989.1
2050-03-27 00:00:00,-1339.88
2050-03-27 01:00:00,-1785.12
2050-03-27 02:00:00,-2398.14
2050-03-27 03:00:00,-2075.12
2050-03-27 04:00:00,-2462.23
2050-03-27 05:00:00,-848.16
2050-03-27 06:00:00,-1213.56
2050-03-27 07:00:00,-1176.31
2050-03-27 08:00:00,168.17
2050-03-27 09:00:00,1634.86
2050-03-27 10:00:00,1730.1
2050-03-27 11:00:00,2385.02
2050-03-27 12:00:00,1765.73
2050-03-27 13:00:00,2800.49
2050-03-27 14:00:00,2015.42
2050-03-27 15:00:00,2309.25
2050-03-27 16:00:00,2206.14
2050-03-27 17:00:00,2380.12
2050-03-27 18:00:00,2318.49
2050-03-27 19:00:00,1846.86
2050-03-27 20:00:00,1652.81
2050-03-27 21:00:00,-287.08
2050-03-27 22:00:00,996.95
2050-03-27 23:00:00,1053.1
2050-03-28 00:00:00,-2742.3
2050-03-28 01:00:00,-1281.32
2050-03-28 02:00:00,-3923.34
2050-03-28 03:00:00,-4665.05
2050-03-28 04:00:00,-3834.55
2050-03-28 05:00:00,-3966.03
2050-03-28 06:00:00,-4595.51
2050-03-28 07:00:00,-4814.52
2050-03-28 08:00:00,-3036.35
2050-03-28 09:00:00,-2639.59
2050-03-28 10:00:00,-1960.23
2050-03-28 11:00:00,-1347.1
2050-03-28 12:00:00,-1318.53
2050-03-28 13:00:00,-31.67
2050-03-28 14:00:00,-3137.54
2050-03-28 15:00:00,-3656.29
2050-03-28 16:00:00,-2495.01
2050-03-28 17:00:00,-4603.02
2050-03-28 18:00:00,-5889.45
2050-03-28 19:00:00,-4991.31
2050-03-28 20:00:00,-5409.5
2050-03-28 21:00:00,-5572.48
2050-03-28 22:00:00,-5818.05
2050-03-28 23:00:00,-6110.38
2050-03-29 00:00:00,-6494.27
2050-03-29 01:00:00,-6692.57
2050-03-29 02:00:00,-6623.76
2050-03-29 03:00:00,-6912.45
2050-03-29 04:00:00,-7242.89
2050-03-29 05:00:00,-7278.58
2050-03-29 06:00:00,-7150.0
2050-03-29 07:00:00,-6429.23
2050-03-29 08:00:00,-5710.26
2050-03-29 09:00:00,-5877.97
2050-03-29 10:00:00,-4537.55
2050-03-29 11:00:00,-4459.64
2050-03-29 12:00:00,-3592.98
2050-03-29 13:00:00,-3112.65
2050-03-29 14:00:00,-3989.29
2050-03-29 15:00:00,-2133.66
2050-03-29 16:00:00,-3506.77
2050-03-29 17:00:00,-3822.74
2050-03-29 18:00:00,-3419.43
2050-03-29 19:00:00,-3663.15
2050-03-29 20:00:00,-4107.97
2050-03-29 21:00:00,-4500.0
2050-03-29 22:00:00,-4483.43
2050-03-29 23:00:00,-5197.47
2050-03-30 00:00:00,-4628.23
2050-03-30 01:00:00,-3719.06
2050-03-30 02:00:00,-5065.43
2050-03-30 03:00:00,-5135.35
2050-03-30 04:00:00,-5112.08
2050-03-30 05:00:00,-5392.85
2050-03-30 06:00:00,-4528.17
2050-03-30 07:00:00,-2717.45
2050-03-30 08:00:00,-1341.67
2050-03-30 09:00:00,-400.66
2050-03-30 10:00:00,-117.52
2050-03-30 11:00:00,509.73
2050-03-30 12:00:00,387.01
2050-03-30 13:00:00,-6.47
2050-03-30 14:00:00,-289.68
2050-03-30 15:00:00,-182.75
2050-03-30 16:00:00,-2044.65
2050-03-30 17:00:00,-4038.64
2050-03-30 18:00:00,-3345.15
2050-03-30 19:00:00,-3425.46
2050-03-30 20:00:00,-2971.99
2050-03-30 21:00:00,-3639.21
2050-03-30 22:00:00,-4555.93
2050-03-30 23:00:00,-4612.01
2050-03-31 00:00:00,-4998.06
2050-03-31 01:00:00,-5477.51
2050-03-31 02:00:00,-6238.49
2050-03-31 03:00:00,-6393.73
2050-03-31 04:00:00,-6519.41
2050-03-31 05:00:00,-6575.35
2050-03-31 06:00:00,-6511.42
2050-03-31 07:00:00,-6411.47
2050-03-31 08:00:00,-6327.85
2050-03-31 09:00:00,-6240.96
2050-03-31 10:00:00,-6361.59
2050-03-31 11:00:00,-6480.92
2050-03-31 12:00:00,-6205.35
2050-03-31 13:00:00,-6536.31
2050-03-31 14:00:00,-6598.19
2050-03-31 15:00:00,-6554.09
2050-03-31 16:00:00,-6368.18
2050-03-31 17:00:00,-6149.09
2050-03-31 18:00:00,-5825.39
2050-03-31 19:00:00,-5548.55
2050-03-31 20:00:00,-5516.46
2050-03-31 21:00:00,-5559.58
2050-03-31 22:00:00,-5749.83
2050-03-31 23:00:00,-5996.0
2050-04-01 00:00:00,-6169.03
2050-04-01 01:00:00,-6273.49
2050-04-01 02:00:00,-6474.98
2050-04-01 03:00:00,-6558.8
2050-04-01 04:00:00,-6601.4
2050-04-01 05:00:00,-6588.16
2050-04-01 06:00:00,-6466.72
2050-04-01 07:00:00,-6344.1
2050-04-01 08:00:00,-6306.7
2050-04-01 09:00:00,-6326.97
2050-04-01 10:00:00,-6534.64
2050-04-01 11:00:00,-6670.71
2050-04-01 12:00:00,-6678.54
2050-04-01 13:00:00,-6649.74
2050-04-01 14:00:00,-6561.4
2050-04-01 15:00:00,-6336.41
2050-04-01 16:00:00,-5945.94
2050-04-01 17:00:00,-5509.08
2050-04-01 18:00:00,-4880.98
2050-04-01 19:00:00,-5090.78
2050-04-01 20:00:00,-4973.11
2050-04-01 21:00:00,-5248.77
2050-04-01 22:00:00,-2924.91
2050-04-01 23:00:00,-5070.67
2050-04-02 00:00:00,-6199.98
2050-04-02 01:00:00,-6208.64
2050-04-02 02:00:00,-6547.14
2050-04-02 03:00:00,-7031.81
2050-04-02 04:00:00,-6884.95
2050-04-02 05:00:00,-7281.94
2050-04-02 06:00:00,-7143.32
2050-04-02 07:00:00,-6963.51
2050-04-02 08:00:00,-6294.65
2050-04-02 09:00:00,-5201.04
2050-04-02 10:00:00,-3663.88
2050-04-02 11:00:00,-3430.27
2050-04-02 12:00:00,-2757.01
2050-04-02 13:00:00,-2699.72
2050-04-02 14:00:00,-3581.47
2050-04-02 15:00:00,-3209.63
2050-04-02 16:00:00,-3525.94
2050-04-02 17:00:00,-4390.97
2050-04-02 18:00:00,-3975.86
2050-04-02 19:00:00,-3075.59
2050-04-02 20:00:00,-3982.47
2050-04-02 21:00:00,-2774.83
2050-04-02 22:00:00,-4025.58
2050-04-02 23:00:00,-5810.33
2050-04-03 00:00:00,-6113.33
2050-04-03 01:00:00,-6155.91
2050-04-03 02:00:00,-6234.74
2050-04-03 03:00:00,-6017.03
2050-04-03 04:00:00,-5433.88
2050-04-03 05:00:00,-6021.61
2050-04-03 06:00:00,-6055.03
2050-04-03 07:00:00,-5516.72
2050-04-03 08:00:00,-5339.42
2050-04-03 09:00:00,-5936.2
2050-04-03 10:00:00,-5409.01
2050-04-03 11:00:00,-5428.66
2050-04-03 12:00:00,-6238.57
2050-04-03 13:00:00,-5018.02
2050-04-03 14:00:00,-6097.33
2050-04-03 15:00:00,-5757.78
2050-04-03 16:00:00,-5997.69
2050-04-03 17:00:00,-6045.63
2050-04-03 18:00:00,-5722.32
2050-04-03 19:00:00,-5012.21
2050-04-03 20:00:00,-4138.43
2050-04-03 21:00:00,-5472.23
2050-04-03 22:00:00,-5884.74
2050-04-03 23:00:00,-5752.42
2050-04-04 00:00:00,-6349.22
2050-04-04 01:00:00,-6764.69
2050-04-04 02:00:00,-7110.35
2050-04-04 03:00:00,-7269.17
2050-04-04 04:00:00,-7372.45
2050-04-04 05:00:00,-7399.07
2050-04-04 06:00:00,-7307.41
2050-04-04 07:00:00,-7185.98
2050-04-04 08:00:00,-6977.95
2050-04-04 09:00:00,-6571.59
2050-04-04 10:00:00,-6661.51
2050-04-04 11:00:00,-6456.93
2050-04-04 12:00:00,-5720.48
2050-04-04 13:00:00,-2402.48
2050-04-04 14:00:00,-441.22
2050-04-04 15:00:00,-600.43
2050-04-04 16:00:00,220.44
2050-04-04 17:00:00,-588.16
2050-04-04 18:00:00,-3701.9
2050-04-04 19:00:00,-2694.13
2050-04-04 20:00:00,-1212.63
2050-04-04 21:00:00,-3661.51
2050-04-04 22:00:00,-4680.59
2050-04-04 23:00:00,-5845.76
2050-04-05 00:00:00,-6405.93
2050-04-05 01:00:00,-4697.02
2050-04-05 02:00:00,-2779.87
2050-04-05 03:00:00,-2140.37
2050-04-05 04:00:00,-3141.1
2050-04-05 05:00:00,-4386.64
2050-04-05 06:00:00,-4587.73
2050-04-05 07:00:00,-5194.19
2050-04-05 08:00:00,-4583.44
2050-04-05 09:00:00,-2870.9
2050-04-05 10:00:00,-1935.66
2050-04-05 11:00:00,-2473.61
2050-04-05 12:00:00,-2294.43
2050-04-05 13:00:00,-4276.52
2050-04-05 14:00:00,-5261.78
2050-04-05 15:00:00,-5181.23
2050-04-05 16:00:00,-4681.9
2050-04-05 17:00:00,-4916.86
2050-04-05 18:00:00,-4645.35
2050-04-05 19:00:00,-4720.48
2050-04-05 20:00:00,-4969.02
2050-04-05 21:00:00,-5248.38
2050-04-05 22:00:00,-5669.51
2050-04-05 23:00:00,-4657.86
2050-04-06 00:00:00,-4555.79
2050-04-06 01:00:00,-2012.52
2050-04-06 02:00:00,-1283.58
2050-04-06 03:00:00,-2542.6
2050-04-06 04:00:00,-2631.81
2050-04-06 05:00:00,-4392.12
2050-04-06 06:00:00,-2790.54
2050-04-06 07:00:00,-3563.42
2050-04-06 08:00:00,-2569.91
2050-04-06 09:00:00,-2762.78
2050-04-06 10:00:00,-2587.9
2050-04-06 11:00:00,-4606.89
2050-04-06 12:00:00,-4952.32
2050-04-06 13:00:00,-3061.12
2050-04-06 14:00:00,-3865.72
2050-04-06 15:00:00,-5434.34
2050-04-06 16:00:00,-5473.69
2050-04-06 17:00:00,-5132.41
2050-04-06 18:00:00,-4818.95
2050-04-06 19:00:00,-4757.07
2050-04-06 20:00:00,-4925.55
2050-04-06 21:00:00,-5152.54
2050-04-06 22:00:00,-5522.87
2050-04-06 23:00:00,-5908.31
2050-04-07 00:00:00,-5860.64
2050-04-07 01:00:00,-6572.94
2050-04-07 02:00:00,-6931.23
2050-04-07 03:00:00,-7061.75
2050-04-07 04:00:00,-6825.38
2050-04-07 05:00:00,-6510.65
2050-04-07 06:00:00,-7234.21
2050-04-07 07:00:00,-6725.66
2050-04-07 08:00:00,-5739.21
2050-04-07 09:00:00,-3829.22
2050-04-07 10:00:00,-4922.85
2050-04-07 11:00:00,-2026.4
2050-04-07 12:00:00,-1021.84
2050-04-07 13:00:00,-2897.26
2050-04-07 14:00:00,-4371.74
2050-04-07 15:00:00,-3714.67
2050-04-07 16:00:00,-4163.99
2050-04-07 17:00:00,-4186.73
2050-04-07 18:00:00,-3875.01
2050-04-07 19:00:00,-4057.74
2050-04-07 20:00:00,-4292.96
2050-04-07 21:00:00,-4622.78
2050-04-07 22:00:00,-4882.56
2050-04-07 23:00:00,-5491.47
2050-04-08 00:00:00,-6021.95
2050-04-08 01:00:00,-5467.14
2050-04-08 02:00:00,-5013.93
2050-04-08 03:00:00,-6888.28
2050-04-08 04:00:00,-6872.83
2050-04-08 05:00:00,-7247.4
2050-04-08 06:00:00,-6967.9
2050-04-08 07:00:00,-7031.26
2050-04-08 08:00:00,-6324.98
2050-04-08 09:00:00,-4197.46
2050-04-08 10:00:00,-3590.48
2050-04-08 11:00:00,-790.53
2050-04-08 12:00:00,194.53
2050-04-08 13:00:00,304.53
2050-04-08 14:00:00,-1138.2
2050-04-08 15:00:00,-1217.45
2050-04-08 16:00:00,-1528.89
2050-04-08 17:00:00,-2488.55
2050-04-08 18:00:00,-3200.33
2050-04-08 19:00:00,-3258.09
2050-04-08 20:00:00,-2969.16
2050-04-08 21:00:00,-2599.84
2050-04-08 22:00:00,-2999.18
2050-04-08 23:00:00,-1284.79
2050-04-09 00:00:00,-1936.17
2050-04-09 01:00:00,-2561.63
2050-04-09 02:00:00,-1019.55
2050-04-09 03:00:00,102.55
2050-04-09 04:00:00,589.79
2050-04-09 05:00:00,956.49
2050-04-09 06:00:00,465.1
2050-04-09 07:00:00,-1497.93
2050-04-09 08:00:00,-911.83
2050-04-09 09:00:00,-772.29
2050-04-09 10:00:00,-442.92
2050-04-09 11:00:00,-2637.72
2050-04-09 12:00:00,-649.57
2050-04-09 13:00:00,-723.76
2050-04-09 14:00:00,-3751.66
2050-04-09 15:00:00,-4108.51
2050-04-09 16:00:00,-2296.22
2050-04-09 17:00:00,-2792.11
2050-04-09 18:00:00,-1685.61
2050-04-09 19:00:00,-399.38
2050-04-09 20:00:00,-123.14
2050-04-09 21:00:00,-1598.65
2050-04-09 22:00:00,-1880.87
2050-04-09 23:00:00,-1751.23
2050-04-10 00:00:00,-1664.5
2050-04-10 01:00:00,-554.3
2050-04-10 02:00:00,-270.89
2050-04-10 03:00:00,-342.83
2050-04-10 04:00:00,-472.53
2050-04-10 05:00:00,304.94
2050-04-10 06:00:00,-153.62
2050-04-10 07:00:00,-65.99
2050-04-10 08:00:00,779.06
2050-04-10 09:00:00,-466.09
2050-04-10 10:00:00,-510.74
2050-04-10 11:00:00,-1221.87
2050-04-10 12:00:00,-3283.2
2050-04-10 13:00:00,-3078.78
2050-04-10 14:00:00,-4360.09
2050-04-10 15:00:00,-5244.94
2050-04-10 16:00:00,-5694.96
2050-04-10 17:00:00,-6031.34
2050-04-10 18:00:00,-5741.96
2050-04-10 19:00:00,-5589.85
2050-04-10 20:00:00,-5517.44
2050-04-10 21:00:00,-5593.53
2050-04-10 22:00:00,-5801.04
2050-04-10 23:00:00,-5657.21
2050-04-11 00:00:00,-5776.72
2050-04-11 01:00:00,-5926.48
2050-04-11 02:00:00,-5523.31
2050-04-11 03:00:00,-4857.13
2050-04-11 04:00:00,-5200.87
2050-04-11 05:00:00,-5226.82
2050-04-11 06:00:00,-4540.55
2050-04-11 07:00:00,-3486.88
2050-04-11 08:00:00,-3271.73
2050-04-11 09:00:00,-3386.41
2050-04-11 10:00:00,-3629.23
2050-04-11 11:00:00,-2620.61
2050-04-11 12:00:00,-2886.65
2050-04-11 13:00:00,-3130.6
2050-04-11 14:00:00,-3458.67
2050-04-11 15:00:00,-5527.21
2050-04-11 16:00:00,-5666.66
2050-04-11 17:00:00,-5460.73
2050-04-11 18:00:00,-5062.97
2050-04-11 19:00:00,-5065.49
2050-04-11 20:00:00,-5223.56
2050-04-11 21:00:00,-5506.9
2050-04-11 22:00:00,-5893.64
2050-04-11 23:00:00,-6254.54
2050-04-12 00:00:00,-6633.72
2050-04-12 01:00:00,-6809.41
2050-04-12 02:00:00,-6531.76
2050-04-12 03:00:00,-7189.57
2050-04-12 04:00:00,-6934.3
2050-04-12 05:00:00,-6213.2
2050-04-12 06:00:00,-5166.76
2050-04-12 07:00:00,-5307.27
2050-04-12 08:00:00,-3643.85
2050-04-12 09:00:00,-1902.69
2050-04-12 10:00:00,-990.97
2050-04-12 11:00:00,-2561.34
2050-04-12 12:00:00,-3963.95
2050-04-12 13:00:00,-1960.44
2050-04-12 14:00:00,-1845.93
2050-04-12 15:00:00,-2149.35
2050-04-12 16:00:00,-2255.04
2050-04-12 17:00:00,-1511.45
2050-04-12 18:00:00,-3513.44
2050-04-12 19:00:00,-5228.38
2050-04-12 20:00:00,-5461.94
2050-04-12 21:00:00,-5627.17
2050-04-12 22:00:00,-5923.62
2050-04-12 23:00:00,-6259.62
2050-04-13 00:00:00,-6582.31
2050-04-13 01:00:00,-6662.87
2050-04-13 02:00:00,-6833.09
2050-04-13 03:00:00,-6657.21
2050-04-13 04:00:00,-6489.55
2050-04-13 05:00:00,-5945.87
2050-04-13 06:00:00,-5961.77
2050-04-13 07:00:00,-6544.64
2050-04-13 08:00:00,-6441.79
2050-04-13 09:00:00,-6455.49
2050-04-13 10:00:00,-6025.1
2050-04-13 11:00:00,-6608.79
2050-04-13 12:00:00,-5266.8
2050-04-13 13:00:00,-5895.11
2050-04-13 14:00:00,-5891.19
2050-04-13 15:00:00,-6100.84
2050-04-13 16:00:00,-6265.82
2050-04-13 17:00:00,-5986.53
2050-04-13 18:00:00,-5492.26
2050-04-13 19:00:00,-5154.28
2050-04-13 20:00:00,-5505.61
2050-04-13 21:00:00,-5637.75
2050-04-13 22:00:00,-5927.26
2050-04-13 23:00:00,-6261.2
2050-04-14 00:00:00,-6550.62
2050-04-14 01:00:00,-6547.23
2050-04-14 02:00:00,-5531.17
2050-04-14 03:00:00,-6223.76
2050-04-14 04:00:00,-6133.42
2050-04-14 05:00:00,-6255.9
2050-04-14 06:00:00,-6161.22
2050-04-14 07:00:00,-3152.31
2050-04-14 08:00:00,-1321.02
2050-04-14 09:00:00,-963.43
2050-04-14 10:00:00,-767.88
2050-04-14 11:00:00,291.61
2050-04-14 12:00:00,876.99
2050-04-14 13:00:00,-230.71
2050-04-14 14:00:00,169.19
2050-04-14 15:00:00,-1666.61
2050-04-14 16:00:00,-901.29
2050-04-14 17:00:00,-2749.3
2050-04-14 18:00:00,-4589.91
2050-04-14 19:00:00,-5073.71
2050-04-14 20:00:00,-4917.43
2050-04-14 21:00:00,-5425.63
2050-04-14 22:00:00,-5823.06
2050-04-14 23:00:00,-6013.09
2050-04-15 00:00:00,-6650.06
2050-04-15 01:00:00,-6781.98
2050-04-15 02:00:00,-6960.59
2050-04-15 03:00:00,-6999.92
2050-04-15 04:00:00,-6993.84
2050-04-15 05:00:00,-6888.66
2050-04-15 06:00:00,-4861.69
2050-04-15 07:00:00,-2814.0
2050-04-15 08:00:00,-934.87
2050-04-15 09:00:00,-1202.64
2050-04-15 10:00:00,-1548.93
2050-04-15 11:00:00,-2631.55
2050-04-15 12:00:00,-1378.68
2050-04-15 13:00:00,-2133.9
2050-04-15 14:00:00,-2298.6
2050-04-15 15:00:00,-5672.28
2050-04-15 16:00:00,-4818.79
2050-04-15 17:00:00,-4377.88
2050-04-15 18:00:00,-3860.96
2050-04-15 19:00:00,-4442.98
2050-04-15 20:00:00,-4682.18
2050-04-15 21:00:00,-5353.63
2050-04-15 22:00:00,-5805.19
2050-04-15 23:00:00,-5987.2
2050-04-16 00:00:00,-5783.7
2050-04-16 01:00:00,-6459.31
2050-04-16 02:00:00,-6858.45
2050-04-16 03:00:00,-7221.33
2050-04-16 04:00:00,-7325.01
2050-04-16 05:00:00,-6849.77
2050-04-16 06:00:00,-7172.73
2050-04-16 07:00:00,-7077.08
2050-04-16 08:00:00,-6674.29
2050-04-16 09:00:00,-6354.79
2050-04-16 10:00:00,-6429.27
2050-04-16 11:00:00,-6191.9
2050-04-16 12:00:00,-6073.58
2050-04-16 13:00:00,-6170.81
2050-04-16 14:00:00,-4444.28
2050-04-16 15:00:00,-5377.6
2050-04-16 16:00:00,-5307.25
2050-04-16 17:00:00,-5424.15
2050-04-16 18:00:00,-4490.14
2050-04-16 19:00:00,-5494.8
2050-04-16 20:00:00,-5470.96
2050-04-16 21:00:00,-5610.63
2050-04-16 22:00:00,-5884.99
2050-04-16 23:00:00,-5952.84
2050-04-17 00:00:00,-4759.92
2050-04-17 01:00:00,-4855.0
2050-04-17 02:00:00,-5243.08
2050-04-17 03:00:00,-5732.78
2050-04-17 04:00:00,-3459.13
2050-04-17 05:00:00,-1873.09
2050-04-17 06:00:00,-3168.24
2050-04-17 07:00:00,-3995.41
2050-04-17 08:00:00,-1347.89
2050-04-17 09:00:00,618.42
2050-04-17 10:00:00,-262.42
2050-04-17 11:00:00,-456.45
2050-04-17 12:00:00,459.93
2050-04-17 13:00:00,579.03
2050-04-17 14:00:00,-357.97
2050-04-17 15:00:00,796.48
2050-04-17 16:00:00,337.16
2050-04-17 17:00:00,-732.65
2050-04-17 18:00:00,-1971.64
2050-04-17 19:00:00,-3986.72
2050-04-17 20:00:00,-1848.64
2050-04-17 21:00:00,-3387.44
2050-04-17 22:00:00,-2931.67
2050-04-17 23:00:00,-3239.22
2050-04-18 00:00:00,-2505.09
2050-04-18 01:00:00,-3747.45
2050-04-18 02:00:00,-1314.73
2050-04-18 03:00:00,-1592.31
2050-04-18 04:00:00,-140.62
2050-04-18 05:00:00,-629.59
2050-04-18 06:00:00,-41.02
2050-04-18 07:00:00,-185.75
2050-04-18 08:00:00,1170.01
2050-04-18 09:00:00,1227.45
2050-04-18 10:00:00,-708.35
2050-04-18 11:00:00,-500.33
2050-04-18 12:00:00,456.68
2050-04-18 13:00:00,1457.03
2050-04-18 14:00:00,-748.5
2050-04-18 15:00:00,-2232.51
2050-04-18 16:00:00,-5288.22
2050-04-18 17:00:00,-4664.09
2050-04-18 18:00:00,-5430.36
2050-04-18 19:00:00,-5609.54
2050-04-18 20:00:00,-5517.19
2050-04-18 21:00:00,-5555.21
2050-04-18 22:00:00,-5781.41
2050-04-18 23:00:00,-6009.12
2050-04-19 00:00:00,-6280.83
2050-04-19 01:00:00,-6365.39
2050-04-19 02:00:00,-6545.24
2050-04-19 03:00:00,-5879.36
2050-04-19 04:00:00,-4692.09
2050-04-19 05:00:00,-4457.85
2050-04-19 06:00:00,-5327.33
2050-04-19 07:00:00,-5218.2
2050-04-19 08:00:00,-5343.1
2050-04-19 09:00:00,-2295.76
2050-04-19 10:00:00,-5452.06
2050-04-19 11:00:00,-4663.67
2050-04-19 12:00:00,-5478.37
2050-04-19 13:00:00,-5339.13
2050-04-19 14:00:00,-6031.89
2050-04-19 15:00:00,-5781.07
2050-04-19 16:00:00,-6085.45
2050-04-19 17:00:00,-5827.34
2050-04-19 18:00:00,-5528.62
2050-04-19 19:00:00,-5503.15
2050-04-19 20:00:00,-5497.52
2050-04-19 21:00:00,-5587.38
2050-04-19 22:00:00,-5843.37
2050-04-19 23:00:00,-6211.85
2050-04-20 00:00:00,-6566.88
2050-04-20 01:00:00,-6655.7
2050-04-20 02:00:00,-6825.51
2050-04-20 03:00:00,-6878.1
2050-04-20 04:00:00,-6884.39
2050-04-20 05:00:00,-6788.81
2050-04-20 06:00:00,-6680.47
2050-04-20 07:00:00,-6572.44
2050-04-20 08:00:00,-6622.41
2050-04-20 09:00:00,-6572.39
2050-04-20 10:00:00,-6652.5
2050-04-20 11:00:00,-4850.37
2050-04-20 12:00:00,-6237.46
2050-04-20 13:00:00,-4700.11
2050-04-20 14:00:00,-5456.08
2050-04-20 15:00:00,-3040.4
2050-04-20 16:00:00,-1644.08
2050-04-20 17:00:00,-1059.52
2050-04-20 18:00:00,-2955.31
2050-04-20 19:00:00,-3270.17
2050-04-20 20:00:00,-3317.34
2050-04-20 21:00:00,-3117.47
2050-04-20 22:00:00,-3150.34
2050-04-20 23:00:00,-4609.49
2050-04-21 00:00:00,-5257.51
2050-04-21 01:00:00,-4864.67
2050-04-21 02:00:00,-4101.92
2050-04-21 03:00:00,-5058.5
2050-04-21 04:00:00,-5109.89
2050-04-21 05:00:00,-3322.31
2050-04-21 06:00:00,-4652.57
2050-04-21 07:00:00,-3586.98
2050-04-21 08:00:00,-5282.75
2050-04-21 09:00:00,-5137.01
2050-04-21 10:00:00,-5634.17
2050-04-21 11:00:00,-6140.87
2050-04-21 12:00:00,-5906.8
2050-04-21 13:00:00,-5246.41
2050-04-21 14:00:00,-5101.39
2050-04-21 15:00:00,-4872.08
2050-04-21 16:00:00,-2823.83
2050-04-21 17:00:00,-4781.81
2050-04-21 18:00:00,-5149.87
2050-04-21 19:00:00,-5215.16
2050-04-21 20:00:00,-5354.62
2050-04-21 21:00:00,-5356.01
2050-04-21 22:00:00,-3393.51
2050-04-21 23:00:00,-3112.17
2050-04-22 00:00:00,-2323.8
2050-04-22 01:00:00,-4238.95
2050-04-22 02:00:00,-4402.59
2050-04-22 03:00:00,-3838.4
2050-04-22 04:00:00,-2904.51
2050-04-22 05:00:00,-3194.89
2050-04-22 06:00:00,-3817.93
2050-04-22 07:00:00,-2566.74
2050-04-22 08:00:00,-3000.78
2050-04-22 09:00:00,-3131.26
2050-04-22 10:00:00,-3968.44
2050-04-22 11:00:00,-4089.18
2050-04-22 12:00:00,-4680.53
2050-04-22 13:00:00,-5136.29
2050-04-22 14:00:00,-5135.44
2050-04-22 15:00:00,-4898.3
2050-04-22 16:00:00,-5562.32
2050-04-22 17:00:00,-5196.41
2050-04-22 18:00:00,-3468.65
2050-04-22 19:00:00,-4027.65
2050-04-22 20:00:00,-4366.46
2050-04-22 21:00:00,-4578.57
2050-04-22 22:00:00,-3669.07
2050-04-22 23:00:00,-3245.56
2050-04-23 00:00:00,-5475.58
2050-04-23 01:00:00,-5978.37
2050-04-23 02:00:00,-5488.86
2050-04-23 03:00:00,-3525.17
2050-04-23 04:00:00,-4350.4
2050-04-23 05:00:00,-2826.76
2050-04-23 06:00:00,-2411.68
2050-04-23 07:00:00,595.34
2050-04-23 08:00:00,-92.55
2050-04-23 09:00:00,784.11
2050-04-23 10:00:00,2062.88
2050-04-23 11:00:00,2002.17
2050-04-23 12:00:00,2397.14
2050-04-23 13:00:00,2518.69
2050-04-23 14:00:00,2326.72
2050-04-23 15:00:00,1923.96
2050-04-23 16:00:00,984.48
2050-04-23 17:00:00,1580.27
2050-04-23 18:00:00,415.62
2050-04-23 19:00:00,-922.62
2050-04-23 20:00:00,-3619.03
2050-04-23 21:00:00,-4757.47
2050-04-23 22:00:00,-5306.93
2050-04-23 23:00:00,-5724.81
2050-04-24 00:00:00,-5561.18
2050-04-24 01:00:00,-4826.44
2050-04-24 02:00:00,-5912.07
2050-04-24 03:00:00,-4989.76
2050-04-24 04:00:00,-5331.39
2050-04-24 05:00:00,-4045.24
2050-04-24 06:00:00,-4520.81
2050-04-24 07:00:00,-4626.74
2050-04-24 08:00:00,-3903.26
2050-04-24 09:00:00,-3742.96
2050-04-24 10:00:00,-4128.28
2050-04-24 11:00:00,-2515.4
2050-04-24 12:00:00,-1633.96
2050-04-24 13:00:00,-2204.79
2050-04-24 14:00:00,-1722.92
2050-04-24 15:00:00,-318.33
2050-04-24 16:00:00,-1318.31
2050-04-24 17:00:00,-2205.56
2050-04-24 18:00:00,-2809.67
2050-04-24 19:00:00,-4544.95
2050-04-24 20:00:00,-3939.18
2050-04-24 21:00:00,-2411.38
2050-04-24 22:00:00,-1465.46
2050-04-24 23:00:00,-1129.3
2050-04-25 00:00:00,-2862.4
2050-04-25 01:00:00,-3296.35
2050-04-25 02:00:00,-3058.55
2050-04-25 03:00:00,-2418.99
2050-04-25 04:00:00,-2798.3
2050-04-25 05:00:00,-2784.43
2050-04-25 06:00:00,-2564.91
2050-04-25 07:00:00,-4411.14
2050-04-25 08:00:00,-4536.76
2050-04-25 09:00:00,-3036.12
2050-04-25 10:00:00,-2428.54
2050-04-25 11:00:00,-1054.44
2050-04-25 12:00:00,-1399.56
2050-04-25 13:00:00,-580.79
2050-04-25 14:00:00,509.96
2050-04-25 15:00:00,883.51
2050-04-25 16:00:00,-1784.91
2050-04-25 17:00:00,-802.91
2050-04-25 18:00:00,-343.8
2050-04-25 19:00:00,431.19
2050-04-25 20:00:00,366.37
2050-04-25 21:00:00,-1491.92
2050-04-25 22:00:00,-2418.98
2050-04-25 23:00:00,-4993.25
2050-04-26 00:00:00,-6147.27
2050-04-26 01:00:00,-4612.23
2050-04-26 02:00:00,-5443.05
2050-04-26 03:00:00,-6426.4
2050-04-26 04:00:00,-5929.65
2050-04-26 05:00:00,-5163.36
2050-04-26 06:00:00,-5559.58
2050-04-26 07:00:00,-5183.93
2050-04-26 08:00:00,-5331.82
2050-04-26 09:00:00,-6321.96
2050-04-26 10:00:00,-5783.69
2050-04-26 11:00:00,-6301.64
2050-04-26 12:00:00,-3757.04
2050-04-26 13:00:00,-1033.34
2050-04-26 14:00:00,-888.05
2050-04-26 15:00:00,-2148.74
2050-04-26 16:00:00,-153.32
2050-04-26 17:00:00,-3101.54
2050-04-26 18:00:00,-3733.08
2050-04-26 19:00:00,-761.23
2050-04-26 20:00:00,-965.52
2050-04-26 21:00:00,300.89
2050-04-26 22:00:00,-1482.44
2050-04-26 23:00:00,-2520.33
2050-04-27 00:00:00,-2476.24
2050-04-27 01:00:00,-2645.0
2050-04-27 02:00:00,-1969.39
2050-04-27 03:00:00,-1240.96
2050-04-27 04:00:00,-1894.28
2050-04-27 05:00:00,-1619.34
2050-04-27 06:00:00,-2339.01
2050-04-27 07:00:00,-2547.12
2050-04-27 08:00:00,-1110.46
2050-04-27 09:00:00,-717.4
2050-04-27 10:00:00,-2534.88
2050-04-27 11:00:00,-1130.74
2050-04-27 12:00:00,-255.93
2050-04-27 13:00:00,-970.16
2050-04-27 14:00:00,336.17
2050-04-27 15:00:00,961.78
2050-04-27 16:00:00,-840.15
2050-04-27 17:00:00,426.87
2050-04-27 18:00:00,-772.34
2050-04-27 19:00:00,-2278.35
2050-04-27 20:00:00,-3248.26
2050-04-27 21:00:00,-2233.96
2050-04-27 22:00:00,-1914.85
2050-04-27 23:00:00,-2399.26
2050-04-28 00:00:00,-1515.78
2050-04-28 01:00:00,-604.41
2050-04-28 02:00:00,-1175.61
2050-04-28 03:00:00,-2328.03
2050-04-28 04:00:00,-1978.13
2050-04-28 05:00:00,-577.81
2050-04-28 06:00:00,-1308.38
2050-04-28 07:00:00,-622.63
2050-04-28 08:00:00,-169.1
2050-04-28 09:00:00,128.21
2050-04-28 10:00:00,1522.55
2050-04-28 11:00:00,2136.34
2050-04-28 12:00:00,1500.98
2050-04-28 13:00:00,1453.13
2050-04-28 14:00:00,464.64
2050-04-28 15:00:00,-1663.67
2050-04-28 16:00:00,-5901.89
2050-04-28 17:00:00,-6069.95
2050-04-28 18:00:00,-5726.1
2050-04-28 19:00:00,-5588.77
2050-04-28 20:00:00,-4936.11
2050-04-28 21:00:00,-3816.74
2050-04-28 22:00:00,-4940.02
2050-04-28 23:00:00,-3914.36
2050-04-29 00:00:00,-2239.73
2050-04-29 01:00:00,-2601.21
2050-04-29 02:00:00,-5273.24
2050-04-29 03:00:00,-4899.66
2050-04-29 04:00:00,-4211.23
2050-04-29 05:00:00,-2718.46
2050-04-29 06:00:00,-4153.46
2050-04-29 07:00:00,-803.7
2050-04-29 08:00:00,-2899.86
2050-04-29 09:00:00,-4353.08
2050-04-29 10:00:00,-4539.18
2050-04-29 11:00:00,-2378.96
2050-04-29 12:00:00,-3082.34
2050-04-29 13:00:00,-3151.96
2050-04-29 14:00:00,-3290.3
2050-04-29 15:00:00,-5373.47
2050-04-29 16:00:00,-5915.37
2050-04-29 17:00:00,-5641.48
2050-04-29 18:00:00,-5297.46
2050-04-29 19:00:00,-5307.12
2050-04-29 20:00:00,-5403.13
2050-04-29 21:00:00,-5357.88
2050-04-29 22:00:00,-4007.05
2050-04-29 23:00:00,-4151.22
2050-04-30 00:00:00,-5497.43
2050-04-30 01:00:00,-5281.16
2050-04-30 02:00:00,-5416.77
2050-04-30 03:00:00,-5684.1
2050-04-30 04:00:00,-4711.99
2050-04-30 05:00:00,-4249.57
2050-04-30 06:00:00,-4244.93
2050-04-30 07:00:00,-5835.85
2050-04-30 08:00:00,-5726.24
2050-04-30 09:00:00,-5251.15
2050-04-30 10:00:00,-5048.15
2050-04-30 11:00:00,-5285.49
2050-04-30 12:00:00,-5124.05
2050-04-30 13:00:00,-4574.8
2050-04-30 14:00:00,-5355.75
2050-04-30 15:00:00,-5217.75
2050-04-30 16:00:00,-4440.55
2050-04-30 17:00:00,-5001.36
2050-04-30 18:00:00,-4622.32
2050-04-30 19:00:00,-4681.46
2050-04-30 20:00:00,-4837.55
2050-04-30 21:00:00,-5132.99
2050-04-30 22:00:00,-5551.4
2050-04-30 23:00:00,-3402.11
2050-05-01 00:00:00,-5109.71
2050-05-01 01:00:00,-4324.49
2050-05-01 02:00:00,-5946.4
2050-05-01 03:00:00,-5512.62
2050-05-01 04:00:00,-4218.47
2050-05-01 05:00:00,-2656.71
2050-05-01 06:00:00,-2323.04
2050-05-01 07:00:00,-2651.33
2050-05-01 08:00:00,-2194.97
2050-05-01 09:00:00,-92.62
2050-05-01 10:00:00,-376.56
2050-05-01 11:00:00,371.85
2050-05-01 12:00:00,1626.0
2050-05-01 13:00:00,2149.88
2050-05-01 14:00:00,1696.69
2050-05-01 15:00:00,757.82
2050-05-01 16:00:00,58.82
2050-05-01 17:00:00,528.34
2050-05-01 18:00:00,-1182.89
2050-05-01 19:00:00,-1323.81
2050-05-01 20:00:00,-982.27
2050-05-01 21:00:00,-3322.58
2050-05-01 22:00:00,-3684.19
2050-05-01 23:00:00,-3857.06
2050-05-02 00:00:00,-4444.1
2050-05-02 01:00:00,-5857.4
2050-05-02 02:00:00,-6027.22
2050-05-02 03:00:00,-5412.02
2050-05-02 04:00:00,-5246.43
2050-05-02 05:00:00,-6508.33
2050-05-02 06:00:00,-6048.56
2050-05-02 07:00:00,-4823.38
2050-05-02 08:00:00,-1987.34
2050-05-02 09:00:00,-1397.15
2050-05-02 10:00:00,-553.05
2050-05-02 11:00:00,-633.67
2050-05-02 12:00:00,1085.14
2050-05-02 13:00:00,1224.47
2050-05-02 14:00:00,1240.69
2050-05-02 15:00:00,-823.23
2050-05-02 16:00:00,-1052.22
2050-05-02 17:00:00,-3111.6
2050-05-02 18:00:00,-2728.75
2050-05-02 19:00:00,-2709.75
2050-05-02 20:00:00,-3533.34
2050-05-02 21:00:00,-3816.57
2050-05-02 22:00:00,-3804.9
2050-05-02 23:00:00,-1534.13
2050-05-03 00:00:00,-2617.64
2050-05-03 01:00:00,-3626.56
2050-05-03 02:00:00,-1971.04
2050-05-03 03:00:00,-3886.78
2050-05-03 04:00:00,-4546.17
2050-05-03 05:00:00,-4282.63
2050-05-03 06:00:00,-5045.89
2050-05-03 07:00:00,-4693.41
2050-05-03 08:00:00,-1742.03
2050-05-03 09:00:00,412.85
2050-05-03 10:00:00,-630.43
2050-05-03 11:00:00,234.72
2050-05-03 12:00:00,-894.33
2050-05-03 13:00:00,-673.29
2050-05-03 14:00:00,-2851.68
2050-05-03 15:00:00,-1816.09
2050-05-03 16:00:00,-342.37
2050-05-03 17:00:00,-1235.09
2050-05-03 18:00:00,-1185.39
2050-05-03 19:00:00,-2198.95
2050-05-03 20:00:00,-2236.99
2050-05-03 21:00:00,-1869.35
2050-05-03 22:00:00,-1820.38
2050-05-03 23:00:00,-1698.63
2050-05-04 00:00:00,-1456.57
2050-05-04 01:00:00,-796.25
2050-05-04 02:00:00,-1564.74
2050-05-04 03:00:00,-2593.94
2050-05-04 04:00:00,-1291.97
2050-05-04 05:00:00,1079.98
2050-05-04 06:00:00,706.09
2050-05-04 07:00:00,-258.81
2050-05-04 08:00:00,181.43
2050-05-04 09:00:00,1192.69
2050-05-04 10:00:00,1028.2
2050-05-04 11:00:00,3401.35
2050-05-04 12:00:00,2732.5
2050-05-04 13:00:00,2440.49
2050-05-04 14:00:00,982.54
2050-05-04 15:00:00,220.85
2050-05-04 16:00:00,-1553.08
2050-05-04 17:00:00,-3373.26
2050-05-04 18:00:00,-3170.48
2050-05-04 19:00:00,-3773.63
2050-05-04 20:00:00,-4391.06
2050-05-04 21:00:00,-4850.79
2050-05-04 22:00:00,-5315.53
2050-05-04 23:00:00,-5919.26
2050-05-05 00:00:00,-5974.86
2050-05-05 01:00:00,-6047.77
2050-05-05 02:00:00,-5796.32
2050-05-05 03:00:00,-6795.47
2050-05-05 04:00:00,-6246.47
2050-05-05 05:00:00,-5616.96
2050-05-05 06:00:00,-5752.28
2050-05-05 07:00:00,-3642.78
2050-05-05 08:00:00,-2236.7
2050-05-05 09:00:00,-2197.9
2050-05-05 10:00:00,-3653.8
2050-05-05 11:00:00,-3114.3
2050-05-05 12:00:00,-1491.47
2050-05-05 13:00:00,-215.71
2050-05-05 14:00:00,843.29
2050-05-05 15:00:00,1791.73
2050-05-05 16:00:00,2126.45
2050-05-05 17:00:00,969.84
2050-05-05 18:00:00,-3126.67
2050-05-05 19:00:00,-2604.49
2050-05-05 20:00:00,-3260.95
2050-05-05 21:00:00,-4357.81
2050-05-05 22:00:00,-4543.19
2050-05-05 23:00:00,-5568.15
2050-05-06 00:00:00,-5962.85
2050-05-06 01:00:00,-5992.49
2050-05-06 02:00:00,-5891.58
2050-05-06 03:00:00,-4476.06
2050-05-06 04:00:00,-5523.16
2050-05-06 05:00:00,-4908.06
2050-05-06 06:00:00,-4724.41
2050-05-06 07:00:00,-4111.62
2050-05-06 08:00:00,-3634.78
2050-05-06 09:00:00,-3645.52
2050-05-06 10:00:00,-4800.76
2050-05-06 11:00:00,-4014.2
2050-05-06 12:00:00,-3973.3
2050-05-06 13:00:00,-3217.31
2050-05-06 14:00:00,-2492.1
2050-05-06 15:00:00,-2599.11
2050-05-06 16:00:00,-2078.49
2050-05-06 17:00:00,-290.02
2050-05-06 18:00:00,-977.57
2050-05-06 19:00:00,-2283.21
2050-05-06 20:00:00,-1463.21
2050-05-06 21:00:00,-137.64
2050-05-06 22:00:00,438.92
2050-05-06 23:00:00,541.32
2050-05-07 00:00:00,108.99
2050-05-07 01:00:00,-824.9
2050-05-07 02:00:00,-1237.7
2050-05-07 03:00:00,-1246.8
2050-05-07 04:00:00,-1691.93
2050-05-07 05:00:00,-2624.34
2050-05-07 06:00:00,-3039.61
2050-05-07 07:00:00,-1417.98
2050-05-07 08:00:00,-1207.4
2050-05-07 09:00:00,-647.96
2050-05-07 10:00:00,-276.93
2050-05-07 11:00:00,485.36
2050-05-07 12:00:00,1086.35
2050-05-07 13:00:00,1836.45
2050-05-07 14:00:00,1963.01
2050-05-07 15:00:00,132.64
2050-05-07 16:00:00,-1446.57
2050-05-07 17:00:00,-4644.03
2050-05-07 18:00:00,-4799.99
2050-05-07 19:00:00,-4876.39
2050-05-07 20:00:00,-5029.4
2050-05-07 21:00:00,-5082.82
2050-05-07 22:00:00,-3603.18
2050-05-07 23:00:00,-4925.83
2050-05-08 00:00:00,-4943.1
2050-05-08 01:00:00,-2966.74
2050-05-08 02:00:00,-950.07
2050-05-08 03:00:00,-557.57
2050-05-08 04:00:00,-339.58
2050-05-08 05:00:00,-899.66
2050-05-08 06:00:00,-507.81
2050-05-08 07:00:00,-1912.52
2050-05-08 08:00:00,-654.42
2050-05-08 09:00:00,413.28
2050-05-08 10:00:00,290.14
2050-05-08 11:00:00,136.39
2050-05-08 12:00:00,389.61
2050-05-08 13:00:00,-344.56
2050-05-08 14:00:00,-1875.97
2050-05-08 15:00:00,-880.27
2050-05-08 16:00:00,-620.37
2050-05-08 17:00:00,-2110.48
2050-05-08 18:00:00,-1266.72
2050-05-08 19:00:00,295.07
2050-05-08 20:00:00,765.18
2050-05-08 21:00:00,50.82
2050-05-08 22:00:00,-477.67
2050-05-08 23:00:00,-2166.67
2050-05-09 00:00:00,-3915.6
2050-05-09 01:00:00,-4037.23
2050-05-09 02:00:00,-4970.4
2050-05-09 03:00:00,-4503.28
2050-05-09 04:00:00,-5070.43
2050-05-09 05:00:00,-5563.79
2050-05-09 06:00:00,-5777.36
2050-05-09 07:00:00,-5772.02
2050-05-09 08:00:00,-5457.36
2050-05-09 09:00:00,-4878.41
2050-05-09 10:00:00,-4612.04
2050-05-09 11:00:00,-2756.59
2050-05-09 12:00:00,-4307.28
2050-05-09 13:00:00,-4688.93
2050-05-09 14:00:00,-5003.62
2050-05-09 15:00:00,-3918.05
2050-05-09 16:00:00,-1996.82
2050-05-09 17:00:00,-2669.87
2050-05-09 18:00:00,-998.21
2050-05-09 19:00:00,-1031.82
2050-05-09 20:00:00,-952.75
2050-05-09 21:00:00,-2709.37
2050-05-09 22:00:00,-2399.92
2050-05-09 23:00:00,-1610.33
2050-05-10 00:00:00,-2670.62
2050-05-10 01:00:00,-3273.95
2050-05-10 02:00:00,-1749.19
2050-05-10 03:00:00,-380.03
2050-05-10 04:00:00,-2118.16
2050-05-10 05:00:00,-2455.62
2050-05-10 06:00:00,-1492.78
2050-05-10 07:00:00,-8.04
2050-05-10 08:00:00,246.85
2050-05-10 09:00:00,742.21
2050-05-10 10:00:00,312.55
2050-05-10 11:00:00,176.71
2050-05-10 12:00:00,-971.4
2050-05-10 13:00:00,-2213.6
2050-05-10 14:00:00,-3192.16
2050-05-10 15:00:00,-3556.99
2050-05-10 16:00:00,-5448.56
2050-05-10 17:00:00,-5957.43
2050-05-10 18:00:00,-5687.45
2050-05-10 19:00:00,-5642.09
2050-05-10 20:00:00,-5531.82
2050-05-10 21:00:00,-5649.58
2050-05-10 22:00:00,-5871.81
2050-05-10 23:00:00,-6097.24
2050-05-11 00:00:00,-5146.8
2050-05-11 01:00:00,-5232.01
2050-05-11 02:00:00,-2199.59
2050-05-11 03:00:00,-3697.21
2050-05-11 04:00:00,-4787.6
2050-05-11 05:00:00,-4625.75
2050-05-11 06:00:00,-5556.18
2050-05-11 07:00:00,-3039.74
2050-05-11 08:00:00,-781.62
2050-05-11 09:00:00,215.99
2050-05-11 10:00:00,-497.75
2050-05-11 11:00:00,589.66
2050-05-11 12:00:00,1933.6
2050-05-11 13:00:00,2165.27
2050-05-11 14:00:00,593.29
2050-05-11 15:00:00,-1393.89
2050-05-11 16:00:00,-1849.27
2050-05-11 17:00:00,-3040.37
2050-05-11 18:00:00,1162.05
2050-05-11 19:00:00,637.98
2050-05-11 20:00:00,-1299.46
2050-05-11 21:00:00,-1574.37
2050-05-11 22:00:00,-2718.73
2050-05-11 23:00:00,-2631.91
2050-05-12 00:00:00,-2066.49
2050-05-12 01:00:00,-1729.64
2050-05-12 02:00:00,-2114.02
2050-05-12 03:00:00,-2342.11
2050-05-12 04:00:00,-3221.5
2050-05-12 05:00:00,-4092.45
2050-05-12 06:00:00,-1367.48
2050-05-12 07:00:00,-3158.44
2050-05-12 08:00:00,-5264.6
2050-05-12 09:00:00,-5138.69
2050-05-12 10:00:00,-5644.83
2050-05-12 11:00:00,-4586.53
2050-05-12 12:00:00,-3658.95
2050-05-12 13:00:00,-1620.63
2050-05-12 14:00:00,-545.89
2050-05-12 15:00:00,-2015.76
2050-05-12 16:00:00,-3916.0
2050-05-12 17:00:00,-5247.91
2050-05-12 18:00:00,-5162.66
2050-05-12 19:00:00,-4770.13
2050-05-12 20:00:00,-4333.03
2050-05-12 21:00:00,-3333.87
2050-05-12 22:00:00,-4408.25
2050-05-12 23:00:00,-5293.64
2050-05-13 00:00:00,-4708.44
2050-05-13 01:00:00,-5566.76
2050-05-13 02:00:00,-5454.07
2050-05-13 03:00:00,-4927.6
2050-05-13 04:00:00,-4347.24
2050-05-13 05:00:00,-3431.89
2050-05-13 06:00:00,-1098.53
2050-05-13 07:00:00,-1274.77
2050-05-13 08:00:00,-1463.37
2050-05-13 09:00:00,-2800.37
2050-05-13 10:00:00,-1797.76
2050-05-13 11:00:00,-2051.29
2050-05-13 12:00:00,-2116.52
2050-05-13 13:00:00,-741.28
2050-05-13 14:00:00,-270.16
2050-05-13 15:00:00,-3819.64
2050-05-13 16:00:00,-4984.12
2050-05-13 17:00:00,-3819.7
2050-05-13 18:00:00,-3295.33
2050-05-13 19:00:00,-1613.07
2050-05-13 20:00:00,-2734.76
2050-05-13 21:00:00,-3817.39
2050-05-13 22:00:00,-1458.48
2050-05-13 23:00:00,-1115.95
2050-05-14 00:00:00,-1149.7
2050-05-14 01:00:00,-1867.44
2050-05-14 02:00:00,-2489.36
2050-05-14 03:00:00,-1763.14
2050-05-14 04:00:00,-1390.76
2050-05-14 05:00:00,-208.9
2050-05-14 06:00:00,361.77
2050-05-14 07:00:00,1561.71
2050-05-14 08:00:00,2198.1
2050-05-14 09:00:00,2536.09
2050-05-14 10:00:00,2963.42
2050-05-14 11:00:00,3320.87
2050-05-14 12:00:00,3234.29
2050-05-14 13:00:00,2859.52
2050-05-14 14:00:00,2967.46
2050-05-14 15:00:00,2978.52
2050-05-14 16:00:00,2388.48
2050-05-14 17:00:00,1364.61
2050-05-14 18:00:00,-365.1
2050-05-14 19:00:00,-416.09
2050-05-14 20:00:00,35.29
2050-05-14 21:00:00,-1221.87
2050-05-14 22:00:00,-2255.62
2050-05-14 23:00:00,-1569.25
2050-05-15 00:00:00,-2164.75
2050-05-15 01:00:00,-2662.74
2050-05-15 02:00:00,-3750.99
2050-05-15 03:00:00,-5772.52
2050-05-15 04:00:00,-5536.63
2050-05-15 05:00:00,-5525.51
2050-05-15 06:00:00,-3926.29
2050-05-15 07:00:00,-2841.53
2050-05-15 08:00:00,-783.63
2050-05-15 09:00:00,145.78
2050-05-15 10:00:00,169.34
2050-05-15 11:00:00,-1746.02
2050-05-15 12:00:00,-1006.85
2050-05-15 13:00:00,-3381.7
2050-05-15 14:00:00,-4296.79
2050-05-15 15:00:00,-5421.27
2050-05-15 16:00:00,-5106.77
2050-05-15 17:00:00,-4784.63
2050-05-15 18:00:00,-4416.01
2050-05-15 19:00:00,-4437.43
2050-05-15 20:00:00,-4608.27
2050-05-15 21:00:00,-4955.56
2050-05-15 22:00:00,-5459.01
2050-05-15 23:00:00,-5971.31
2050-05-16 00:00:00,-6381.91
2050-05-16 01:00:00,-6633.97
2050-05-16 02:00:00,-7104.22
2050-05-16 03:00:00,-7066.15
2050-05-16 04:00:00,-6011.89
2050-05-16 05:00:00,-6353.93
2050-05-16 06:00:00,-5977.79
2050-05-16 07:00:00,-4160.72
2050-05-16 08:00:00,-3202.69
2050-05-16 09:00:00,-2523.7
2050-05-16 10:00:00,-2049.82
2050-05-16 11:00:00,-3074.88
2050-05-16 12:00:00,-2606.55
2050-05-16 13:00:00,-2957.21
2050-05-16 14:00:00,-2721.6
2050-05-16 15:00:00,-3659.34
2050-05-16 16:00:00,-5099.48
2050-05-16 17:00:00,-4787.81
2050-05-16 18:00:00,-4417.94
2050-05-16 19:00:00,-4455.87
2050-05-16 20:00:00,-1926.19
2050-05-16 21:00:00,-3431.53
2050-05-16 22:00:00,-5284.41
2050-05-16 23:00:00,-5497.46
2050-05-17 00:00:00,-5076.99
2050-05-17 01:00:00,-4531.52
2050-05-17 02:00:00,-4760.9
2050-05-17 03:00:00,-3898.56
2050-05-17 04:00:00,-5656.08
2050-05-17 05:00:00,-4824.01
2050-05-17 06:00:00,-2522.98
2050-05-17 07:00:00,-1509.76
2050-05-17 08:00:00,-1395.57
2050-05-17 09:00:00,-2227.69
2050-05-17 10:00:00,-1158.55
2050-05-17 11:00:00,-709.05
2050-05-17 12:00:00,-1333.04
2050-05-17 13:00:00,-1396.3
2050-05-17 14:00:00,-1494.1
2050-05-17 15:00:00,-564.04
2050-05-17 16:00:00,-691.76
2050-05-17 17:00:00,-3090.03
2050-05-17 18:00:00,-995.31
2050-05-17 19:00:00,-1815.85
2050-05-17 20:00:00,-1881.17
2050-05-17 21:00:00,-3448.4
2050-05-17 22:00:00,-2374.7
2050-05-17 23:00:00,-2048.54
2050-05-18 00:00:00,-4122.3
2050-05-18 01:00:00,-2578.3
2050-05-18 02:00:00,-3438.73
2050-05-18 03:00:00,-1785.03
2050-05-18 04:00:00,-2036.84
2050-05-18 05:00:00,-1917.17
2050-05-18 06:00:00,-775.72
2050-05-18 07:00:00,-3319.18
2050-05-18 08:00:00,-2900.35
2050-05-18 09:00:00,-4383.8
2050-05-18 10:00:00,-3032.61
2050-05-18 11:00:00,-1896.58
2050-05-18 12:00:00,-1428.76
2050-05-18 13:00:00,-2952.87
2050-05-18 14:00:00,-4378.81
2050-05-18 15:00:00,-5332.66
2050-05-18 16:00:00,-5898.52
2050-05-18 17:00:00,-6054.22
2050-05-18 18:00:00,-5727.3
2050-05-18 19:00:00,-5355.4
2050-05-18 20:00:00,-5326.16
2050-05-18 21:00:00,-5616.11
2050-05-18 22:00:00,-5626.85
2050-05-18 23:00:00,-5806.67
2050-05-19 00:00:00,-5866.67
2050-05-19 01:00:00,-5945.4
2050-05-19 02:00:00,-5514.43
2050-05-19 03:00:00,-5566.88
2050-05-19 04:00:00,-4968.7
2050-05-19 05:00:00,-4255.85
2050-05-19 06:00:00,-6444.01
2050-05-19 07:00:00,-4831.84
2050-05-19 08:00:00,-1380.98
2050-05-19 09:00:00,-1298.81
2050-05-19 10:00:00,-839.59
2050-05-19 11:00:00,-748.5
2050-05-19 12:00:00,-2388.07
2050-05-19 13:00:00,-3214.84
2050-05-19 14:00:00,-3220.88
2050-05-19 15:00:00,-1759.66
2050-05-19 16:00:00,-847.0
2050-05-19 17:00:00,-2866.69
2050-05-19 18:00:00,-3193.13
2050-05-19 19:00:00,-5002.59
2050-05-19 20:00:00,-5469.07
2050-05-19 21:00:00,-5621.88
2050-05-19 22:00:00,-5920.68
2050-05-19 23:00:00,-6261.27
2050-05-20 00:00:00,-6523.56
2050-05-20 01:00:00,-6531.72
2050-05-20 02:00:00,-6574.05
2050-05-20 03:00:00,-6348.28
2050-05-20 04:00:00,-5968.01
2050-05-20 05:00:00,-5719.73
2050-05-20 06:00:00,-4001.42
2050-05-20 07:00:00,-3570.89
2050-05-20 08:00:00,-5137.38
2050-05-20 09:00:00,-4397.13
2050-05-20 10:00:00,-3402.63
2050-05-20 11:00:00,-2554.59
2050-05-20 12:00:00,-1705.61
2050-05-20 13:00:00,-2148.31
2050-05-20 14:00:00,-3664.01
2050-05-20 15:00:00,-4182.5
2050-05-20 16:00:00,-4179.55
2050-05-20 17:00:00,-4327.16
2050-05-20 18:00:00,-4151.19
2050-05-20 19:00:00,-458.86
2050-05-20 20:00:00,-871.5
2050-05-20 21:00:00,-486.65
2050-05-20 22:00:00,1054.23
2050-05-20 23:00:00,-787.01
2050-05-21 00:00:00,178.94
2050-05-21 01:00:00,-45.45
2050-05-21 02:00:00,70.23
2050-05-21 03:00:00,201.25
2050-05-21 04:00:00,578.54
2050-05-21 05:00:00,1599.67
2050-05-21 06:00:00,1075.69
2050-05-21 07:00:00,1677.14
2050-05-21 08:00:00,1208.02
2050-05-21 09:00:00,2084.59
2050-05-21 10:00:00,2123.56
2050-05-21 11:00:00,2780.54
2050-05-21 12:00:00,3141.92
2050-05-21 13:00:00,2134.1
2050-05-21 14:00:00,3298.37
2050-05-21 15:00:00,3014.33
2050-05-21 16:00:00,2883.23
2050-05-21 17:00:00,2507.09
2050-05-21 18:00:00,2275.84
2050-05-21 19:00:00,-435.41
2050-05-21 20:00:00,-2966.88
2050-05-21 21:00:00,-3166.12
2050-05-21 22:00:00,-2288.86
2050-05-21 23:00:00,-2428.62
2050-05-22 00:00:00,-2075.23
2050-05-22 01:00:00,-3581.05
2050-05-22 02:00:00,-3817.46
2050-05-22 03:00:00,-1885.54
2050-05-22 04:00:00,-2042.13
2050-05-22 05:00:00,-4265.74
2050-05-22 06:00:00,-3318.37
2050-05-22 07:00:00,-3603.32
2050-05-22 08:00:00,-1673.23
2050-05-22 09:00:00,254.12
2050-05-22 10:00:00,915.47
2050-05-22 11:00:00,1846.11
2050-05-22 12:00:00,1579.39
2050-05-22 13:00:00,1304.69
2050-05-22 14:00:00,1156.78
2050-05-22 15:00:00,-487.44
2050-05-22 16:00:00,947.33
2050-05-22 17:00:00,-1917.18
2050-05-22 18:00:00,-2193.15
2050-05-22 19:00:00,-833.22
2050-05-22 20:00:00,-1126.9
2050-05-22 21:00:00,-243.83
2050-05-22 22:00:00,-1640.7
2050-05-22 23:00:00,-1808.94
2050-05-23 00:00:00,-1754.78
2050-05-23 01:00:00,-756.63
2050-05-23 02:00:00,-1645.19
2050-05-23 03:00:00,-2009.56
2050-05-23 04:00:00,-2687.54
2050-05-23 05:00:00,-1088.27
2050-05-23 06:00:00,-1549.38
2050-05-23 07:00:00,-421.88
2050-05-23 08:00:00,-365.67
2050-05-23 09:00:00,356.16
2050-05-23 10:00:00,1163.11
2050-05-23 11:00:00,2125.12
2050-05-23 12:00:00,2915.76
2050-05-23 13:00:00,3514.82
2050-05-23 14:00:00,3897.45
2050-05-23 15:00:00,3555.74
2050-05-23 16:00:00,2835.33
2050-05-23 17:00:00,1829.75
2050-05-23 18:00:00,1113.89
2050-05-23 19:00:00,-624.07
2050-05-23 20:00:00,-1268.47
2050-05-23 21:00:00,-180.97
2050-05-23 22:00:00,-3602.18
2050-05-23 23:00:00,-4670.29
2050-05-24 00:00:00,-4589.87
2050-05-24 01:00:00,-3542.0
2050-05-24 02:00:00,-3586.16
2050-05-24 03:00:00,-3559.29
2050-05-24 04:00:00,-2569.88
2050-05-24 05:00:00,-2175.35
2050-05-24 06:00:00,-2558.35
2050-05-24 07:00:00,-2593.09
2050-05-24 08:00:00,-2116.73
2050-05-24 09:00:00,232.01
2050-05-24 10:00:00,-425.02
2050-05-24 11:00:00,-36.87
2050-05-24 12:00:00,172.3
2050-05-24 13:00:00,-521.55
2050-05-24 14:00:00,667.24
2050-05-24 15:00:00,702.7
2050-05-24 16:00:00,47.99
2050-05-24 17:00:00,-1418.75
2050-05-24 18:00:00,-1960.73
2050-05-24 19:00:00,-1070.72
2050-05-24 20:00:00,-2722.65
2050-05-24 21:00:00,-4340.05
2050-05-24 22:00:00,-4558.14
2050-05-24 23:00:00,-4367.14
2050-05-25 00:00:00,-4270.24
2050-05-25 01:00:00,-4269.28
2050-05-25 02:00:00,-4816.29
2050-05-25 03:00:00,-5193.1
2050-05-25 04:00:00,-4538.63
2050-05-25 05:00:00,-4560.87
2050-05-25 06:00:00,-2647.91
2050-05-25 07:00:00,-421.45
2050-05-25 08:00:00,-1100.33
2050-05-25 09:00:00,-1149.71
2050-05-25 10:00:00,-1798.29
2050-05-25 11:00:00,-612.53
2050-05-25 12:00:00,331.1
2050-05-25 13:00:00,-1063.23
2050-05-25 14:00:00,-1806.27
2050-05-25 15:00:00,-3132.43
2050-05-25 16:00:00,-3175.17
2050-05-25 17:00:00,-2826.0
2050-05-25 18:00:00,-3127.72
2050-05-25 19:00:00,-2690.7
2050-05-25 20:00:00,-2299.72
2050-05-25 21:00:00,-3206.33
2050-05-25 22:00:00,-3801.21
2050-05-25 23:00:00,-4329.31
2050-05-26 00:00:00,-3978.98
2050-05-26 01:00:00,-5719.99
2050-05-26 02:00:00,-5520.33
2050-05-26 03:00:00,-4395.24
2050-05-26 04:00:00,-4496.73
2050-05-26 05:00:00,-4264.1
2050-05-26 06:00:00,-3551.96
2050-05-26 07:00:00,-973.04
2050-05-26 08:00:00,-223.14
2050-05-26 09:00:00,882.26
2050-05-26 10:00:00,533.82
2050-05-26 11:00:00,199.0
2050-05-26 12:00:00,1025.78
2050-05-26 13:00:00,56.15
2050-05-26 14:00:00,-3198.0
2050-05-26 15:00:00,-3217.35
2050-05-26 16:00:00,-3007.71
2050-05-26 17:00:00,-2138.33
2050-05-26 18:00:00,-3492.65
2050-05-26 19:00:00,-3011.78
2050-05-26 20:00:00,-2481.19
2050-05-26 21:00:00,-3175.7
2050-05-26 22:00:00,-2314.12
2050-05-26 23:00:00,-4921.12
2050-05-27 00:00:00,-4452.28
2050-05-27 01:00:00,-3280.46
2050-05-27 02:00:00,-4664.5
2050-05-27 03:00:00,-6478.99
2050-05-27 04:00:00,-4878.91
2050-05-27 05:00:00,-2837.72
2050-05-27 06:00:00,-2908.77
2050-05-27 07:00:00,-617.56
2050-05-27 08:00:00,-149.08
2050-05-27 09:00:00,91.27
2050-05-27 10:00:00,-350.3
2050-05-27 11:00:00,132.3
2050-05-27 12:00:00,55.27
2050-05-27 13:00:00,-661.21
2050-05-27 14:00:00,-1239.37
2050-05-27 15:00:00,-2552.05
2050-05-27 16:00:00,-2594.0
2050-05-27 17:00:00,-3666.87
2050-05-27 18:00:00,-3047.2
2050-05-27 19:00:00,-4351.77
2050-05-27 20:00:00,-4460.3
2050-05-27 21:00:00,-4783.82
2050-05-27 22:00:00,-5083.91
2050-05-27 23:00:00,-4809.52
2050-05-28 00:00:00,-5687.94
2050-05-28 01:00:00,-6654.69
2050-05-28 02:00:00,-6317.2
2050-05-28 03:00:00,-4294.61
2050-05-28 04:00:00,-3125.28
2050-05-28 05:00:00,-975.77
2050-05-28 06:00:00,-516.97
2050-05-28 07:00:00,-2181.35
2050-05-28 08:00:00,-931.36
2050-05-28 09:00:00,-1712.72
2050-05-28 10:00:00,-967.38
2050-05-28 11:00:00,-1496.86
2050-05-28 12:00:00,-2248.16
2050-05-28 13:00:00,-2106.34
2050-05-28 14:00:00,-2540.97
2050-05-28 15:00:00,-5337.15
2050-05-28 16:00:00,-5181.35
2050-05-28 17:00:00,-5053.07
2050-05-28 18:00:00,-4804.1
2050-05-28 19:00:00,-4887.01
2050-05-28 20:00:00,-5014.16
2050-05-28 21:00:00,-5291.14
2050-05-28 22:00:00,-5723.65
2050-05-28 23:00:00,-6164.79
2050-05-29 00:00:00,-6586.27
2050-05-29 01:00:00,-6161.67
2050-05-29 02:00:00,-7100.26
2050-05-29 03:00:00,-5790.21
2050-05-29 04:00:00,-5872.07
2050-05-29 05:00:00,-4212.07
2050-05-29 06:00:00,-2472.12
2050-05-29 07:00:00,-4289.1
2050-05-29 08:00:00,-3380.46
2050-05-29 09:00:00,-2645.42
2050-05-29 10:00:00,-2912.68
2050-05-29 11:00:00,-3540.48
2050-05-29 12:00:00,-1963.8
2050-05-29 13:00:00,-1695.63
2050-05-29 14:00:00,-1718.62
2050-05-29 15:00:00,-3203.46
2050-05-29 16:00:00,-3640.23
2050-05-29 17:00:00,-3659.48
2050-05-29 18:00:00,-4258.88
2050-05-29 19:00:00,-2822.34
2050-05-29 20:00:00,-3120.34
2050-05-29 21:00:00,-2943.48
2050-05-29 22:00:00,-2978.78
2050-05-29 23:00:00,-4306.53
2050-05-30 00:00:00,-3626.03
2050-05-30 01:00:00,-3737.49
2050-05-30 02:00:00,-4215.26
2050-05-30 03:00:00,-3787.7
2050-05-30 04:00:00,-4575.7
2050-05-30 05:00:00,-5214.79
2050-05-30 06:00:00,-3682.78
2050-05-30 07:00:00,-2870.75
2050-05-30 08:00:00,-2215.12
2050-05-30 09:00:00,-2691.93
2050-05-30 10:00:00,-2597.62
2050-05-30 11:00:00,-2044.18
2050-05-30 12:00:00,-3275.7
2050-05-30 13:00:00,-3995.5
2050-05-30 14:00:00,-4590.81
2050-05-30 15:00:00,-4640.71
2050-05-30 16:00:00,-4085.53
2050-05-30 17:00:00,-2082.78
2050-05-30 18:00:00,-2857.82
2050-05-30 19:00:00,-3090.58
2050-05-30 20:00:00,-3189.13
2050-05-30 21:00:00,-4108.61
2050-05-30 22:00:00,-2831.05
2050-05-30 23:00:00,-3685.97
2050-05-31 00:00:00,-3574.28
2050-05-31 01:00:00,-2984.82
2050-05-31 02:00:00,-3608.38
2050-05-31 03:00:00,-4455.85
2050-05-31 04:00:00,-3762.3
2050-05-31 05:00:00,-4763.7
2050-05-31 06:00:00,-3548.05
2050-05-31 07:00:00,-2943.87
2050-05-31 08:00:00,-743.16
2050-05-31 09:00:00,-244.93
2050-05-31 10:00:00,-110.73
2050-05-31 11:00:00,310.08
2050-05-31 12:00:00,1388.09
2050-05-31 13:00:00,2311.75
2050-05-31 14:00:00,2834.51
2050-05-31 15:00:00,1603.49
2050-05-31 16:00:00,1968.24
2050-05-31 17:00:00,533.28
2050-05-31 18:00:00,-849.53
2050-05-31 19:00:00,-2215.26
2050-05-31 20:00:00,-2408.68
2050-05-31 21:00:00,-3051.65
2050-05-31 22:00:00,-3981.06
2050-05-31 23:00:00,-1831.34
2050-06-01 00:00:00,-2650.08
2050-06-01 01:00:00,-2203.0
2050-06-01 02:00:00,289.96
2050-06-01 03:00:00,220.55
2050-06-01 04:00:00,300.89
2050-06-01 05:00:00,1741.39
2050-06-01 06:00:00,2448.3
2050-06-01 07:00:00,1716.87
2050-06-01 08:00:00,2735.67
2050-06-01 09:00:00,3407.32
2050-06-01 10:00:00,4332.79
2050-06-01 11:00:00,4455.01
2050-06-01 12:00:00,4783.86
2050-06-01 13:00:00,4041.9
2050-06-01 14:00:00,3969.53
2050-06-01 15:00:00,3477.32
2050-06-01 16:00:00,2150.85
2050-06-01 17:00:00,315.77
2050-06-01 18:00:00,642.72
2050-06-01 19:00:00,642.29
2050-06-01 20:00:00,702.75
2050-06-01 21:00:00,1908.72
2050-06-01 22:00:00,2170.82
2050-06-01 23:00:00,2315.48
2050-06-02 00:00:00,630.94
2050-06-02 01:00:00,232.22
2050-06-02 02:00:00,-127.58
2050-06-02 03:00:00,-172.39
2050-06-02 04:00:00,867.09
2050-06-02 05:00:00,781.06
2050-06-02 06:00:00,940.67
2050-06-02 07:00:00,1345.61
2050-06-02 08:00:00,2632.36
2050-06-02 09:00:00,3522.17
2050-06-02 10:00:00,4228.63
2050-06-02 11:00:00,4211.65
2050-06-02 12:00:00,3637.98
2050-06-02 13:00:00,3084.15
2050-06-02 14:00:00,3008.97
2050-06-02 15:00:00,2272.59
2050-06-02 16:00:00,399.9
2050-06-02 17:00:00,369.19
2050-06-02 18:00:00,1759.98
2050-06-02 19:00:00,1978.85
2050-06-02 20:00:00,2444.23
2050-06-02 21:00:00,7.47
2050-06-02 22:00:00,2425.1
2050-06-02 23:00:00,975.9
2050-06-03 00:00:00,1316.88
2050-06-03 01:00:00,91.7
2050-06-03 02:00:00,-1795.58
2050-06-03 03:00:00,-311.38
2050-06-03 04:00:00,-272.88
2050-06-03 05:00:00,-749.73
2050-06-03 06:00:00,-2034.08
2050-06-03 07:00:00,-1732.42
2050-06-03 08:00:00,-2619.91
2050-06-03 09:00:00,-2116.74
2050-06-03 10:00:00,-936.55
2050-06-03 11:00:00,-281.37
2050-06-03 12:00:00,-853.98
2050-06-03 13:00:00,434.03
2050-06-03 14:00:00,-53.51
2050-06-03 15:00:00,-1408.82
2050-06-03 16:00:00,-2083.49
2050-06-03 17:00:00,-1822.84
2050-06-03 18:00:00,-1616.57
2050-06-03 19:00:00,-1272.2
2050-06-03 20:00:00,-2419.95
2050-06-03 21:00:00,-3338.67
2050-06-03 22:00:00,-3484.47
2050-06-03 23:00:00,-1584.88
2050-06-04 00:00:00,-2223.78
2050-06-04 01:00:00,-2518.0
2050-06-04 02:00:00,-2186.36
2050-06-04 03:00:00,-1718.49
2050-06-04 04:00:00,-1201.53
2050-06-04 05:00:00,-784.35
2050-06-04 06:00:00,125.53
2050-06-04 07:00:00,265.58
2050-06-04 08:00:00,1432.07
2050-06-04 09:00:00,2210.78
2050-06-04 10:00:00,1929.44
2050-06-04 11:00:00,3128.22
2050-06-04 12:00:00,3680.58
2050-06-04 13:00:00,4084.66
2050-06-04 14:00:00,3770.25
2050-06-04 15:00:00,2888.1
2050-06-04 16:00:00,1968.16
2050-06-04 17:00:00,-121.17
2050-06-04 18:00:00,1529.7
2050-06-04 19:00:00,404.89
2050-06-04 20:00:00,-609.93
2050-06-04 21:00:00,-1141.19
2050-06-04 22:00:00,281.54
2050-06-04 23:00:00,-1255.31
2050-06-05 00:00:00,-1079.83
2050-06-05 01:00:00,-774.91
2050-06-05 02:00:00,-1886.89
2050-06-05 03:00:00,-940.77
2050-06-05 04:00:00,-2318.49
2050-06-05 05:00:00,-916.48
2050-06-05 06:00:00,-2300.74
2050-06-05 07:00:00,-1540.22
2050-06-05 08:00:00,-384.13
2050-06-05 09:00:00,-292.61
2050-06-05 10:00:00,-8.38
2050-06-05 11:00:00,642.14
2050-06-05 12:00:00,1065.05
2050-06-05 13:00:00,2162.83
2050-06-05 14:00:00,2286.99
2050-06-05 15:00:00,1429.61
2050-06-05 16:00:00,900.68
2050-06-05 17:00:00,-1560.67
2050-06-05 18:00:00,-2221.95
2050-06-05 19:00:00,-1216.91
2050-06-05 20:00:00,-955.73
2050-06-05 21:00:00,-2088.1
2050-06-05 22:00:00,-2283.55
2050-06-05 23:00:00,-1056.05
2050-06-06 00:00:00,-1108.87
2050-06-06 01:00:00,-2546.19
2050-06-06 02:00:00,-3175.33
2050-06-06 03:00:00,-1467.45
2050-06-06 04:00:00,-197.62
2050-06-06 05:00:00,-1356.39
2050-06-06 06:00:00,-1378.79
2050-06-06 07:00:00,-1033.79
2050-06-06 08:00:00,-814.28
2050-06-06 09:00:00,2234.38
2050-06-06 10:00:00,2626.52
2050-06-06 11:00:00,3521.7
2050-06-06 12:00:00,3958.92
2050-06-06 13:00:00,3509.32
2050-06-06 14:00:00,1455.72
2050-06-06 15:00:00,-46.81
2050-06-06 16:00:00,-2245.95
2050-06-06 17:00:00,967.93
2050-06-06 18:00:00,-1684.08
2050-06-06 19:00:00,-1314.73
2050-06-06 20:00:00,-1887.09
2050-06-06 21:00:00,-2199.07
2050-06-06 22:00:00,-2666.02
2050-06-06 23:00:00,-3315.23
2050-06-07 00:00:00,-2567.6
2050-06-07 01:00:00,-2377.96
2050-06-07 02:00:00,-1664.98
2050-06-07 03:00:00,-2055.82
2050-06-07 04:00:00,-1842.07
2050-06-07 05:00:00,-1725.09
2050-06-07 06:00:00,-1223.32
2050-06-07 07:00:00,-345.0
2050-06-07 08:00:00,6.2
2050-06-07 09:00:00,730.44
2050-06-07 10:00:00,31.43
2050-06-07 11:00:00,296.34
2050-06-07 12:00:00,1323.63
2050-06-07 13:00:00,1793.44
2050-06-07 14:00:00,862.07
2050-06-07 15:00:00,670.43
2050-06-07 16:00:00,919.64
2050-06-07 17:00:00,2193.08
2050-06-07 18:00:00,1790.64
2050-06-07 19:00:00,1891.56
2050-06-07 20:00:00,849.8
2050-06-07 21:00:00,759.33
2050-06-07 22:00:00,-223.98
2050-06-07 23:00:00,-1000.04
2050-06-08 00:00:00,-1094.09
2050-06-08 01:00:00,-1527.25
2050-06-08 02:00:00,-402.7
2050-06-08 03:00:00,-175.53
2050-06-08 04:00:00,-859.94
2050-06-08 05:00:00,-1002.29
2050-06-08 06:00:00,174.14
2050-06-08 07:00:00,-108.43
2050-06-08 08:00:00,837.44
2050-06-08 09:00:00,1234.44
2050-06-08 10:00:00,1299.0
2050-06-08 11:00:00,1566.48
2050-06-08 12:00:00,2281.81
2050-06-08 13:00:00,191.31
2050-06-08 14:00:00,-1835.73
2050-06-08 15:00:00,-3621.6
2050-06-08 16:00:00,-4818.63
2050-06-08 17:00:00,-4301.37
2050-06-08 18:00:00,-3218.91
2050-06-08 19:00:00,-3788.63
2050-06-08 20:00:00,-4286.11
2050-06-08 21:00:00,-4733.95
2050-06-08 22:00:00,-3244.08
2050-06-08 23:00:00,-4230.63
2050-06-09 00:00:00,-3838.84
2050-06-09 01:00:00,-3697.28
2050-06-09 02:00:00,-3898.48
2050-06-09 03:00:00,-3155.22
2050-06-09 04:00:00,-2912.25
2050-06-09 05:00:00,-4447.83
2050-06-09 06:00:00,-5823.52
2050-06-09 07:00:00,-4165.52
2050-06-09 08:00:00,-3782.46
2050-06-09 09:00:00,-2653.58
2050-06-09 10:00:00,-2331.92
2050-06-09 11:00:00,-1911.84
2050-06-09 12:00:00,-1015.62
2050-06-09 13:00:00,-1679.4
2050-06-09 14:00:00,-2613.13
2050-06-09 15:00:00,-4494.67
2050-06-09 16:00:00,-5034.05
2050-06-09 17:00:00,-3516.2
2050-06-09 18:00:00,-3658.31
2050-06-09 19:00:00,-4231.38
2050-06-09 20:00:00,-3435.05
2050-06-09 21:00:00,-3156.49
2050-06-09 22:00:00,-3393.4
2050-06-09 23:00:00,-4163.67
2050-06-10 00:00:00,-4606.52
2050-06-10 01:00:00,-4129.49
2050-06-10 02:00:00,-4370.95
2050-06-10 03:00:00,-4030.1
2050-06-10 04:00:00,-3095.05
2050-06-10 05:00:00,-1262.11
2050-06-10 06:00:00,-271.48
2050-06-10 07:00:00,-892.42
2050-06-10 08:00:00,-599.22
2050-06-10 09:00:00,-1176.3
2050-06-10 10:00:00,-165.46
2050-06-10 11:00:00,398.43
2050-06-10 12:00:00,1517.14
2050-06-10 13:00:00,1188.83
2050-06-10 14:00:00,-411.45
2050-06-10 15:00:00,-3572.34
2050-06-10 16:00:00,-4264.3
2050-06-10 17:00:00,-4128.92
2050-06-10 18:00:00,-3766.19
2050-06-10 19:00:00,-4098.02
2050-06-10 20:00:00,-4213.2
2050-06-10 21:00:00,-4240.3
2050-06-10 22:00:00,-3797.22
2050-06-10 23:00:00,-4143.07
2050-06-11 00:00:00,-4594.73
2050-06-11 01:00:00,-5673.85
2050-06-11 02:00:00,-6248.27
2050-06-11 03:00:00,-5585.21
2050-06-11 04:00:00,-5418.35
2050-06-11 05:00:00,-6259.88
2050-06-11 06:00:00,-5581.13
2050-06-11 07:00:00,-4025.86
2050-06-11 08:00:00,-3620.49
2050-06-11 09:00:00,-3343.91
2050-06-11 10:00:00,-3153.97
2050-06-11 11:00:00,-4052.36
2050-06-11 12:00:00,-5074.62
2050-06-11 13:00:00,-5555.64
2050-06-11 14:00:00,-5564.73
2050-06-11 15:00:00,-5793.85
2050-06-11 16:00:00,-5619.31
2050-06-11 17:00:00,-5331.52
2050-06-11 18:00:00,-4921.22
2050-06-11 19:00:00,-4916.15
2050-06-11 20:00:00,-5005.71
2050-06-11 21:00:00,-5149.25
2050-06-11 22:00:00,-5585.06
2050-06-11 23:00:00,-5877.01
2050-06-12 00:00:00,-5292.23
2050-06-12 01:00:00,-4005.95
2050-06-12 02:00:00,-3693.12
2050-06-12 03:00:00,-3203.7
2050-06-12 04:00:00,-3057.56
2050-06-12 05:00:00,-2814.51
2050-06-12 06:00:00,-1980.47
2050-06-12 07:00:00,-2692.63
2050-06-12 08:00:00,-1065.71
2050-06-12 09:00:00,1329.68
2050-06-12 10:00:00,1898.06
2050-06-12 11:00:00,1499.18
2050-06-12 12:00:00,794.63
2050-06-12 13:00:00,739.59
2050-06-12 14:00:00,-745.95
2050-06-12 15:00:00,-4170.41
2050-06-12 16:00:00,-4211.23
2050-06-12 17:00:00,-4002.44
2050-06-12 18:00:00,-2106.53
2050-06-12 19:00:00,-4156.54
2050-06-12 20:00:00,-4663.58
2050-06-12 21:00:00,-3103.0
2050-06-12 22:00:00,-3450.52
2050-06-12 23:00:00,-3232.29
2050-06-13 00:00:00,-4289.06
2050-06-13 01:00:00,-6088.83
2050-06-13 02:00:00,-6010.15
2050-06-13 03:00:00,-5620.16
2050-06-13 04:00:00,-5376.78
2050-06-13 05:00:00,-4555.59
2050-06-13 06:00:00,-3700.99
2050-06-13 07:00:00,-2976.25
2050-06-13 08:00:00,-1079.21
2050-06-13 09:00:00,-386.71
2050-06-13 10:00:00,431.19
2050-06-13 11:00:00,-41.93
2050-06-13 12:00:00,1109.38
2050-06-13 13:00:00,903.87
2050-06-13 14:00:00,424.26
2050-06-13 15:00:00,1150.92
2050-06-13 16:00:00,2574.83
2050-06-13 17:00:00,1625.38
2050-06-13 18:00:00,2607.27
2050-06-13 19:00:00,1559.94
2050-06-13 20:00:00,2728.66
2050-06-13 21:00:00,2007.6
2050-06-13 22:00:00,35.61
2050-06-13 23:00:00,-1530.52
2050-06-14 00:00:00,-1373.53
2050-06-14 01:00:00,-846.95
2050-06-14 02:00:00,-3681.82
2050-06-14 03:00:00,-4415.53
2050-06-14 04:00:00,-5499.32
2050-06-14 05:00:00,-7014.64
2050-06-14 06:00:00,-5303.63
2050-06-14 07:00:00,-3776.97
2050-06-14 08:00:00,-2169.3
2050-06-14 09:00:00,527.55
2050-06-14 10:00:00,74.65
2050-06-14 11:00:00,1815.82
2050-06-14 12:00:00,1932.98
2050-06-14 13:00:00,1559.82
2050-06-14 14:00:00,2727.85
2050-06-14 15:00:00,2632.12
2050-06-14 16:00:00,2121.51
2050-06-14 17:00:00,-471.61
2050-06-14 18:00:00,-264.16
2050-06-14 19:00:00,-727.62
2050-06-14 20:00:00,-1106.6
2050-06-14 21:00:00,1826.12
2050-06-14 22:00:00,-2682.52
2050-06-14 23:00:00,-2588.26
2050-06-15 00:00:00,-710.15
2050-06-15 01:00:00,-863.44
2050-06-15 02:00:00,-3666.08
2050-06-15 03:00:00,-1839.75
2050-06-15 04:00:00,-1468.72
2050-06-15 05:00:00,-1087.64
2050-06-15 06:00:00,-1447.21
2050-06-15 07:00:00,-976.38
2050-06-15 08:00:00,382.94
2050-06-15 09:00:00,1348.56
2050-06-15 10:00:00,1969.0
2050-06-15 11:00:00,2994.95
2050-06-15 12:00:00,3458.54
2050-06-15 13:00:00,2641.8
2050-06-15 14:00:00,1945.19
2050-06-15 15:00:00,1606.13
2050-06-15 16:00:00,1100.96
2050-06-15 17:00:00,890.55
2050-06-15 18:00:00,506.18
2050-06-15 19:00:00,-352.45
2050-06-15 20:00:00,-1651.41
2050-06-15 21:00:00,-2158.79
2050-06-15 22:00:00,-2669.05
2050-06-15 23:00:00,-1255.5
2050-06-16 00:00:00,-863.7
2050-06-16 01:00:00,-158.04
2050-06-16 02:00:00,-1004.91
2050-06-16 03:00:00,-847.62
2050-06-16 04:00:00,-72.56
2050-06-16 05:00:00,-320.8
2050-06-16 06:00:00,475.17
2050-06-16 07:00:00,76.52
2050-06-16 08:00:00,405.84
2050-06-16 09:00:00,1427.81
2050-06-16 10:00:00,1459.08
2050-06-16 11:00:00,1979.89
2050-06-16 12:00:00,2091.87
2050-06-16 13:00:00,1516.05
2050-06-16 14:00:00,1915.96
2050-06-16 15:00:00,2581.57
2050-06-16 16:00:00,1186.02
2050-06-16 17:00:00,262.13
2050-06-16 18:00:00,2247.12
2050-06-16 19:00:00,1510.88
2050-06-16 20:00:00,1241.68
2050-06-16 21:00:00,506.79
2050-06-16 22:00:00,-716.37
2050-06-16 23:00:00,-1123.64
2050-06-17 00:00:00,136.96
2050-06-17 01:00:00,1214.74
2050-06-17 02:00:00,1436.45
2050-06-17 03:00:00,1347.34
2050-06-17 04:00:00,985.97
2050-06-17 05:00:00,-462.47
2050-06-17 06:00:00,-130.54
2050-06-17 07:00:00,1403.22
2050-06-17 08:00:00,1383.13
2050-06-17 09:00:00,2076.77
2050-06-17 10:00:00,2381.0
2050-06-17 11:00:00,2152.21
2050-06-17 12:00:00,2250.75
2050-06-17 13:00:00,2504.6
2050-06-17 14:00:00,3730.65
2050-06-17 15:00:00,4116.01
2050-06-17 16:00:00,3341.45
2050-06-17 17:00:00,356.76
2050-06-17 18:00:00,940.38
2050-06-17 19:00:00,1524.14
2050-06-17 20:00:00,1001.94
2050-06-17 21:00:00,1340.45
2050-06-17 22:00:00,-629.39
2050-06-17 23:00:00,566.98
2050-06-18 00:00:00,225.21
2050-06-18 01:00:00,569.3
2050-06-18 02:00:00,426.78
2050-06-18 03:00:00,-703.95
2050-06-18 04:00:00,-668.41
2050-06-18 05:00:00,-79.45
2050-06-18 06:00:00,-715.27
2050-06-18 07:00:00,-255.99
2050-06-18 08:00:00,714.12
2050-06-18 09:00:00,1195.58
2050-06-18 10:00:00,-214.59
2050-06-18 11:00:00,-487.76
2050-06-18 12:00:00,-1052.47
2050-06-18 13:00:00,-2087.05
2050-06-18 14:00:00,-416.11
2050-06-18 15:00:00,-1960.32
2050-06-18 16:00:00,-3190.71
2050-06-18 17:00:00,-3561.85
2050-06-18 18:00:00,-3261.18
2050-06-18 19:00:00,-3453.06
2050-06-18 20:00:00,-2992.94
2050-06-18 21:00:00,-2329.23
2050-06-18 22:00:00,-1678.94
2050-06-18 23:00:00,-1818.83
2050-06-19 00:00:00,-2333.4
2050-06-19 01:00:00,-3849.42
2050-06-19 02:00:00,-4170.39
2050-06-19 03:00:00,-2488.75
2050-06-19 04:00:00,-3508.35
2050-06-19 05:00:00,-2099.53
2050-06-19 06:00:00,-3857.89
2050-06-19 07:00:00,-3332.75
2050-06-19 08:00:00,-1118.87
2050-06-19 09:00:00,-598.93
2050-06-19 10:00:00,557.18
2050-06-19 11:00:00,1757.02
2050-06-19 12:00:00,2194.98
2050-06-19 13:00:00,1843.25
2050-06-19 14:00:00,258.33
2050-06-19 15:00:00,-479.87
2050-06-19 16:00:00,-833.3
2050-06-19 17:00:00,-1866.77
2050-06-19 18:00:00,-1072.37
2050-06-19 19:00:00,2266.83
2050-06-19 20:00:00,-1735.52
2050-06-19 21:00:00,1654.19
2050-06-19 22:00:00,790.68
2050-06-19 23:00:00,2569.86
2050-06-20 00:00:00,1641.63
2050-06-20 01:00:00,-1408.94
2050-06-20 02:00:00,-3044.13
2050-06-20 03:00:00,-2239.67
2050-06-20 04:00:00,-1568.38
2050-06-20 05:00:00,-1428.16
2050-06-20 06:00:00,-676.48
2050-06-20 07:00:00,-204.07
2050-06-20 08:00:00,890.38
2050-06-20 09:00:00,1533.31
2050-06-20 10:00:00,1304.31
2050-06-20 11:00:00,2082.62
2050-06-20 12:00:00,2324.94
2050-06-20 13:00:00,2389.28
2050-06-20 14:00:00,2247.62
2050-06-20 15:00:00,1018.88
2050-06-20 16:00:00,677.55
2050-06-20 17:00:00,410.94
2050-06-20 18:00:00,-1853.41
2050-06-20 19:00:00,-2163.48
2050-06-20 20:00:00,-1663.6
2050-06-20 21:00:00,-3673.0
2050-06-20 22:00:00,-3720.41
2050-06-20 23:00:00,-4574.57
2050-06-21 00:00:00,-5311.53
2050-06-21 01:00:00,-5929.99
2050-06-21 02:00:00,-6379.74
2050-06-21 03:00:00,-6175.03
2050-06-21 04:00:00,-5097.43
2050-06-21 05:00:00,-5581.77
2050-06-21 06:00:00,-3930.02
2050-06-21 07:00:00,-1937.5
2050-06-21 08:00:00,177.16
2050-06-21 09:00:00,206.35
2050-06-21 10:00:00,798.34
2050-06-21 11:00:00,1548.96
2050-06-21 12:00:00,2343.14
2050-06-21 13:00:00,3839.48
2050-06-21 14:00:00,2583.23
2050-06-21 15:00:00,1606.6
2050-06-21 16:00:00,512.16
2050-06-21 17:00:00,404.84
2050-06-21 18:00:00,2440.37
2050-06-21 19:00:00,671.49
2050-06-21 20:00:00,-162.59
2050-06-21 21:00:00,-2330.84
2050-06-21 22:00:00,-3226.49
2050-06-21 23:00:00,-2553.58
2050-06-22 00:00:00,-2733.21
2050-06-22 01:00:00,-3873.03
2050-06-22 02:00:00,-2793.73
2050-06-22 03:00:00,-3678.01
2050-06-22 04:00:00,-1919.66
2050-06-22 05:00:00,-3469.15
2050-06-22 06:00:00,-2570.07
2050-06-22 07:00:00,-2403.11
2050-06-22 08:00:00,-417.56
2050-06-22 09:00:00,-479.67
2050-06-22 10:00:00,-686.5
2050-06-22 11:00:00,806.37
2050-06-22 12:00:00,147.68
2050-06-22 13:00:00,787.63
2050-06-22 14:00:00,-34.58
2050-06-22 15:00:00,-336.07
2050-06-22 16:00:00,-1971.75
2050-06-22 17:00:00,-1001.08
2050-06-22 18:00:00,-1708.5
2050-06-22 19:00:00,-1912.65
2050-06-22 20:00:00,-2486.05
2050-06-22 21:00:00,-2885.05
2050-06-22 22:00:00,-3544.86
2050-06-22 23:00:00,-3408.61
2050-06-23 00:00:00,-3706.07
2050-06-23 01:00:00,-4377.92
2050-06-23 02:00:00,-5621.0
2050-06-23 03:00:00,-5953.89
2050-06-23 04:00:00,-4075.73
2050-06-23 05:00:00,-4171.42
2050-06-23 06:00:00,-4679.67
2050-06-23 07:00:00,-3136.87
2050-06-23 08:00:00,-1878.11
2050-06-23 09:00:00,-2079.94
2050-06-23 10:00:00,-599.58
2050-06-23 11:00:00,816.72
2050-06-23 12:00:00,1385.42
2050-06-23 13:00:00,1620.93
2050-06-23 14:00:00,824.63
2050-06-23 15:00:00,32.13
2050-06-23 16:00:00,-460.12
2050-06-23 17:00:00,-1265.44
2050-06-23 18:00:00,-2307.49
2050-06-23 19:00:00,-2414.2
2050-06-23 20:00:00,-600.64
2050-06-23 21:00:00,824.73
2050-06-23 22:00:00,227.65
2050-06-23 23:00:00,-251.37
2050-06-24 00:00:00,-1980.08
2050-06-24 01:00:00,-2280.35
2050-06-24 02:00:00,-2016.82
2050-06-24 03:00:00,-1621.34
2050-06-24 04:00:00,-934.4
2050-06-24 05:00:00,-1540.7
2050-06-24 06:00:00,-367.92
2050-06-24 07:00:00,697.3
2050-06-24 08:00:00,2803.46
2050-06-24 09:00:00,3119.7
2050-06-24 10:00:00,4011.0
2050-06-24 11:00:00,4332.3
2050-06-24 12:00:00,4193.21
2050-06-24 13:00:00,3395.65
2050-06-24 14:00:00,3356.59
2050-06-24 15:00:00,3731.42
2050-06-24 16:00:00,2220.19
2050-06-24 17:00:00,1708.28
2050-06-24 18:00:00,-684.84
2050-06-24 19:00:00,-46.39
2050-06-24 20:00:00,-1785.5
2050-06-24 21:00:00,-1724.63
2050-06-24 22:00:00,-1551.19
2050-06-24 23:00:00,292.06
2050-06-25 00:00:00,-655.27
2050-06-25 01:00:00,-1379.83
2050-06-25 02:00:00,-568.27
2050-06-25 03:00:00,-1089.73
2050-06-25 04:00:00,-984.17
2050-06-25 05:00:00,10.76
2050-06-25 06:00:00,70.95
2050-06-25 07:00:00,1294.17
2050-06-25 08:00:00,2455.79
2050-06-25 09:00:00,2807.99
2050-06-25 10:00:00,3626.66
2050-06-25 11:00:00,4010.65
2050-06-25 12:00:00,4735.64
2050-06-25 13:00:00,4543.79
2050-06-25 14:00:00,4363.96
2050-06-25 15:00:00,3721.94
2050-06-25 16:00:00,3602.49
2050-06-25 17:00:00,3628.06
2050-06-25 18:00:00,3956.48
2050-06-25 19:00:00,3212.49
2050-06-25 20:00:00,2965.29
2050-06-25 21:00:00,2279.32
2050-06-25 22:00:00,2595.46
2050-06-25 23:00:00,1107.99
2050-06-26 00:00:00,2197.51
2050-06-26 01:00:00,2174.39
2050-06-26 02:00:00,1972.64
2050-06-26 03:00:00,1469.78
2050-06-26 04:00:00,1443.11
2050-06-26 05:00:00,1578.82
2050-06-26 06:00:00,2081.3
2050-06-26 07:00:00,2224.52
2050-06-26 08:00:00,2842.23
2050-06-26 09:00:00,3721.46
2050-06-26 10:00:00,4075.78
2050-06-26 11:00:00,4021.61
2050-06-26 12:00:00,3655.03
2050-06-26 13:00:00,3528.09
2050-06-26 14:00:00,3191.42
2050-06-26 15:00:00,1751.99
2050-06-26 16:00:00,-695.51
2050-06-26 17:00:00,-2145.09
2050-06-26 18:00:00,-1863.42
2050-06-26 19:00:00,-2026.89
2050-06-26 20:00:00,-1767.86
2050-06-26 21:00:00,-2412.29
2050-06-26 22:00:00,-2193.44
2050-06-26 23:00:00,-3047.38
2050-06-27 00:00:00,-3642.71
2050-06-27 01:00:00,-4167.08
2050-06-27 02:00:00,-3965.88
2050-06-27 03:00:00,-3201.18
2050-06-27 04:00:00,-650.39
2050-06-27 05:00:00,-4151.18
2050-06-27 06:00:00,-5009.73
2050-06-27 07:00:00,-3633.06
2050-06-27 08:00:00,-3015.07
2050-06-27 09:00:00,-720.4
2050-06-27 10:00:00,-443.21
2050-06-27 11:00:00,-931.22
2050-06-27 12:00:00,-652.68
2050-06-27 13:00:00,-492.09
2050-06-27 14:00:00,-1598.14
2050-06-27 15:00:00,-349.22
2050-06-27 16:00:00,-2510.09
2050-06-27 17:00:00,-1975.14
2050-06-27 18:00:00,-1619.94
2050-06-27 19:00:00,-2646.01
2050-06-27 20:00:00,-2836.25
2050-06-27 21:00:00,-3109.3
2050-06-27 22:00:00,-2373.15
2050-06-27 23:00:00,-2131.45
2050-06-28 00:00:00,-4185.81
2050-06-28 01:00:00,-4332.42
2050-06-28 02:00:00,-4705.53
2050-06-28 03:00:00,-5055.99
2050-06-28 04:00:00,-2074.66
2050-06-28 05:00:00,-925.06
2050-06-28 06:00:00,180.07
2050-06-28 07:00:00,1914.09
2050-06-28 08:00:00,959.57
2050-06-28 09:00:00,2882.35
2050-06-28 10:00:00,2913.58
2050-06-28 11:00:00,3693.76
2050-06-28 12:00:00,4678.5
2050-06-28 13:00:00,4189.1
2050-06-28 14:00:00,4497.37
2050-06-28 15:00:00,4301.62
2050-06-28 16:00:00,2840.29
2050-06-28 17:00:00,2458.73
2050-06-28 18:00:00,352.54
2050-06-28 19:00:00,39.17
2050-06-28 20:00:00,-454.94
2050-06-28 21:00:00,1315.07
2050-06-28 22:00:00,1244.38
2050-06-28 23:00:00,-418.31
2050-06-29 00:00:00,-3297.81
2050-06-29 01:00:00,-3157.48
2050-06-29 02:00:00,-4207.81
2050-06-29 03:00:00,-3797.21
2050-06-29 04:00:00,-2791.81
2050-06-29 05:00:00,-891.87
2050-06-29 06:00:00,-875.54
2050-06-29 07:00:00,451.45
2050-06-29 08:00:00,1308.45
2050-06-29 09:00:00,2130.98
2050-06-29 10:00:00,2993.73
2050-06-29 11:00:00,3749.89
2050-06-29 12:00:00,4491.07
2050-06-29 13:00:00,4595.32
2050-06-29 14:00:00,3248.64
2050-06-29 15:00:00,2226.82
2050-06-29 16:00:00,764.81
2050-06-29 17:00:00,-819.55
2050-06-29 18:00:00,-2326.15
2050-06-29 19:00:00,-967.13
2050-06-29 20:00:00,-1066.85
2050-06-29 21:00:00,-2407.95
2050-06-29 22:00:00,-3886.31
2050-06-29 23:00:00,-4103.83
2050-06-30 00:00:00,-3933.94
2050-06-30 01:00:00,-3440.63
2050-06-30 02:00:00,-3366.38
2050-06-30 03:00:00,-2768.94
2050-06-30 04:00:00,-1239.9
2050-06-30 05:00:00,-342.45
2050-06-30 06:00:00,-1055.72
2050-06-30 07:00:00,-201.4
2050-06-30 08:00:00,17.15
2050-06-30 09:00:00,1423.91
2050-06-30 10:00:00,2442.15
2050-06-30 11:00:00,3121.38
2050-06-30 12:00:00,2814.08
2050-06-30 13:00:00,1332.79
2050-06-30 14:00:00,1138.95
2050-06-30 15:00:00,-828.3
2050-06-30 16:00:00,-1793.87
2050-06-30 17:00:00,-3487.07
2050-06-30 18:00:00,-3586.93
2050-06-30 19:00:00,-3839.18
2050-06-30 20:00:00,-3362.88
2050-06-30 21:00:00,-3607.86
2050-06-30 22:00:00,-3416.61
2050-06-30 23:00:00,-2931.13
2050-07-01 00:00:00,-2324.16
2050-07-01 01:00:00,-2908.91
2050-07-01 02:00:00,-1577.36
2050-07-01 03:00:00,-2504.14
2050-07-01 04:00:00,-3962.3
2050-07-01 05:00:00,-826.99
2050-07-01 06:00:00,-500.84
2050-07-01 07:00:00,-345.43
2050-07-01 08:00:00,769.62
2050-07-01 09:00:00,1466.93
2050-07-01 10:00:00,1651.1
2050-07-01 11:00:00,2022.77
2050-07-01 12:00:00,1913.55
2050-07-01 13:00:00,206.0
2050-07-01 14:00:00,281.78
2050-07-01 15:00:00,-894.46
2050-07-01 16:00:00,-1954.74
2050-07-01 17:00:00,-2361.17
2050-07-01 18:00:00,-3274.04
2050-07-01 19:00:00,-3071.09
2050-07-01 20:00:00,-2146.17
2050-07-01 21:00:00,1358.69
2050-07-01 22:00:00,-1335.15
2050-07-01 23:00:00,-805.04
2050-07-02 00:00:00,105.13
2050-07-02 01:00:00,777.28
2050-07-02 02:00:00,159.85
2050-07-02 03:00:00,-884.52
2050-07-02 04:00:00,-619.45
2050-07-02 05:00:00,87.05
2050-07-02 06:00:00,587.49
2050-07-02 07:00:00,628.26
2050-07-02 08:00:00,1394.33
2050-07-02 09:00:00,2536.87
2050-07-02 10:00:00,2471.51
2050-07-02 11:00:00,3139.36
2050-07-02 12:00:00,2834.88
2050-07-02 13:00:00,2237.35
2050-07-02 14:00:00,1718.3
2050-07-02 15:00:00,3007.76
2050-07-02 16:00:00,-296.25
2050-07-02 17:00:00,800.81
2050-07-02 18:00:00,-1288.17
2050-07-02 19:00:00,3155.14
2050-07-02 20:00:00,477.56
2050-07-02 21:00:00,1431.64
2050-07-02 22:00:00,361.83
2050-07-02 23:00:00,-201.95
2050-07-03 00:00:00,-382.88
2050-07-03 01:00:00,-521.78
2050-07-03 02:00:00,-467.86
2050-07-03 03:00:00,-882.9
2050-07-03 04:00:00,-1101.19
2050-07-03 05:00:00,-533.44
2050-07-03 06:00:00,8.38
2050-07-03 07:00:00,864.12
2050-07-03 08:00:00,1624.54
2050-07-03 09:00:00,2742.84
2050-07-03 10:00:00,3578.2
2050-07-03 11:00:00,4259.37
2050-07-03 12:00:00,4766.01
2050-07-03 13:00:00,5020.88
2050-07-03 14:00:00,5093.74
2050-07-03 15:00:00,4619.61
2050-07-03 16:00:00,4124.25
2050-07-03 17:00:00,4296.92
2050-07-03 18:00:00,2935.5
2050-07-03 19:00:00,2010.06
2050-07-03 20:00:00,3138.56
2050-07-03 21:00:00,3615.85
2050-07-03 22:00:00,3579.22
2050-07-03 23:00:00,2760.22
2050-07-04 00:00:00,3272.63
2050-07-04 01:00:00,2447.48
2050-07-04 02:00:00,2507.42
2050-07-04 03:00:00,2189.88
2050-07-04 04:00:00,2069.04
2050-07-04 05:00:00,2261.48
2050-07-04 06:00:00,1563.51
2050-07-04 07:00:00,2031.33
2050-07-04 08:00:00,2978.6
2050-07-04 09:00:00,3724.44
2050-07-04 10:00:00,4099.12
2050-07-04 11:00:00,4746.73
2050-07-04 12:00:00,5303.6
2050-07-04 13:00:00,5595.31
2050-07-04 14:00:00,5709.15
2050-07-04 15:00:00,5608.48
2050-07-04 16:00:00,5705.39
2050-07-04 17:00:00,5755.76
2050-07-04 18:00:00,5340.26
2050-07-04 19:00:00,5573.82
2050-07-04 20:00:00,4833.08
2050-07-04 21:00:00,4968.09
2050-07-04 22:00:00,4882.79
2050-07-04 23:00:00,4628.2
2050-07-05 00:00:00,3953.15
2050-07-05 01:00:00,3315.0
2050-07-05 02:00:00,2470.67
2050-07-05 03:00:00,2312.2
2050-07-05 04:00:00,2298.4
2050-07-05 05:00:00,2479.55
2050-07-05 06:00:00,2242.24
2050-07-05 07:00:00,2915.71
2050-07-05 08:00:00,3581.23
2050-07-05 09:00:00,3850.46
2050-07-05 10:00:00,4064.16
2050-07-05 11:00:00,4358.32
2050-07-05 12:00:00,4128.73
2050-07-05 13:00:00,3767.59
2050-07-05 14:00:00,3143.09
2050-07-05 15:00:00,2072.19
2050-07-05 16:00:00,759.66
2050-07-05 17:00:00,2075.02
2050-07-05 18:00:00,703.82
2050-07-05 19:00:00,-1997.04
2050-07-05 20:00:00,-1521.45
2050-07-05 21:00:00,-1309.19
2050-07-05 22:00:00,-1825.03
2050-07-05 23:00:00,-1577.08
2050-07-06 00:00:00,-1397.14
2050-07-06 01:00:00,-2345.35
2050-07-06 02:00:00,-2155.74
2050-07-06 03:00:00,-1203.55
2050-07-06 04:00:00,-1587.93
2050-07-06 05:00:00,-1620.53
2050-07-06 06:00:00,-1129.85
2050-07-06 07:00:00,1486.75
2050-07-06 08:00:00,1275.59
2050-07-06 09:00:00,3181.5
2050-07-06 10:00:00,3373.95
2050-07-06 11:00:00,3949.21
2050-07-06 12:00:00,3401.34
2050-07-06 13:00:00,2439.15
2050-07-06 14:00:00,2752.63
2050-07-06 15:00:00,-806.12
2050-07-06 16:00:00,-713.05
2050-07-06 17:00:00,-2534.99
2050-07-06 18:00:00,-524.33
2050-07-06 19:00:00,102.98
2050-07-06 20:00:00,1170.2
2050-07-06 21:00:00,1937.66
2050-07-06 22:00:00,1241.08
2050-07-06 23:00:00,1772.0
2050-07-07 00:00:00,-2390.61
2050-07-07 01:00:00,-2188.34
2050-07-07 02:00:00,-2317.14
2050-07-07 03:00:00,-1794.75
2050-07-07 04:00:00,-1971.36
2050-07-07 05:00:00,-1757.88
2050-07-07 06:00:00,-2311.28
2050-07-07 07:00:00,-439.38
2050-07-07 08:00:00,287.19
2050-07-07 09:00:00,1312.94
2050-07-07 10:00:00,1522.28
2050-07-07 11:00:00,1286.57
2050-07-07 12:00:00,589.59
2050-07-07 13:00:00,640.0
2050-07-07 14:00:00,1089.95
2050-07-07 15:00:00,-1437.76
2050-07-07 16:00:00,1916.16
2050-07-07 17:00:00,2643.17
2050-07-07 18:00:00,3273.6
2050-07-07 19:00:00,3552.04
2050-07-07 20:00:00,2489.07
2050-07-07 21:00:00,1594.67
2050-07-07 22:00:00,1061.81
2050-07-07 23:00:00,2012.91
2050-07-08 00:00:00,1930.18
2050-07-08 01:00:00,1903.66
2050-07-08 02:00:00,1178.58
2050-07-08 03:00:00,1457.3
2050-07-08 04:00:00,1291.77
2050-07-08 05:00:00,1534.03
2050-07-08 06:00:00,1714.48
2050-07-08 07:00:00,1990.27
2050-07-08 08:00:00,2602.98
2050-07-08 09:00:00,3130.58
2050-07-08 10:00:00,3084.62
2050-07-08 11:00:00,2959.95
2050-07-08 12:00:00,3193.17
2050-07-08 13:00:00,2577.19
2050-07-08 14:00:00,1769.12
2050-07-08 15:00:00,1086.76
2050-07-08 16:00:00,2133.5
2050-07-08 17:00:00,2420.14
2050-07-08 18:00:00,2622.38
2050-07-08 19:00:00,3138.23
2050-07-08 20:00:00,4536.86
2050-07-08 21:00:00,3097.61
2050-07-08 22:00:00,2739.52
2050-07-08 23:00:00,3108.11
2050-07-09 00:00:00,3036.12
2050-07-09 01:00:00,2797.99
2050-07-09 02:00:00,2384.23
2050-07-09 03:00:00,1194.09
2050-07-09 04:00:00,-1004.54
2050-07-09 05:00:00,780.25
2050-07-09 06:00:00,1544.98
2050-07-09 07:00:00,2896.51
2050-07-09 08:00:00,2542.28
2050-07-09 09:00:00,2191.59
2050-07-09 10:00:00,2784.06
2050-07-09 11:00:00,3443.37
2050-07-09 12:00:00,3429.39
2050-07-09 13:00:00,3738.23
2050-07-09 14:00:00,4309.39
2050-07-09 15:00:00,4703.55
2050-07-09 16:00:00,4450.81
2050-07-09 17:00:00,4292.0
2050-07-09 18:00:00,2782.07
2050-07-09 19:00:00,1518.88
2050-07-09 20:00:00,1596.98
2050-07-09 21:00:00,1779.57
2050-07-09 22:00:00,2049.16
2050-07-09 23:00:00,422.19
2050-07-10 00:00:00,2999.99
2050-07-10 01:00:00,1530.77
2050-07-10 02:00:00,485.46
2050-07-10 03:00:00,535.51
2050-07-10 04:00:00,633.81
2050-07-10 05:00:00,683.53
2050-07-10 06:00:00,366.49
2050-07-10 07:00:00,977.01
2050-07-10 08:00:00,1083.71
2050-07-10 09:00:00,2589.6
2050-07-10 10:00:00,3360.46
2050-07-10 11:00:00,3406.5
2050-07-10 12:00:00,2884.2
2050-07-10 13:00:00,3213.38
2050-07-10 14:00:00,2910.55
2050-07-10 15:00:00,2604.58
2050-07-10 16:00:00,1397.45
2050-07-10 17:00:00,1107.63
2050-07-10 18:00:00,845.44
2050-07-10 19:00:00,-538.98
2050-07-10 20:00:00,-247.77
2050-07-10 21:00:00,-2072.42
2050-07-10 22:00:00,-2120.52
2050-07-10 23:00:00,-3691.23
2050-07-11 00:00:00,-1155.27
2050-07-11 01:00:00,-1237.59
2050-07-11 02:00:00,-921.76
2050-07-11 03:00:00,-9.38
2050-07-11 04:00:00,109.68
2050-07-11 05:00:00,442.94
2050-07-11 06:00:00,-409.14
2050-07-11 07:00:00,875.22
2050-07-11 08:00:00,1681.62
2050-07-11 09:00:00,2629.21
2050-07-11 10:00:00,3179.2
2050-07-11 11:00:00,3491.66
2050-07-11 12:00:00,3286.92
2050-07-11 13:00:00,3703.92
2050-07-11 14:00:00,3416.85
2050-07-11 15:00:00,2368.13
2050-07-11 16:00:00,1409.32
2050-07-11 17:00:00,-1363.54
2050-07-11 18:00:00,1465.99
2050-07-11 19:00:00,1102.32
2050-07-11 20:00:00,-134.94
2050-07-11 21:00:00,1629.96
2050-07-11 22:00:00,1491.18
2050-07-11 23:00:00,-534.33
2050-07-12 00:00:00,1722.22
2050-07-12 01:00:00,15.42
2050-07-12 02:00:00,-1166.8
2050-07-12 03:00:00,-388.18
2050-07-12 04:00:00,173.3
2050-07-12 05:00:00,1158.93
2050-07-12 06:00:00,453.95
2050-07-12 07:00:00,933.9
2050-07-12 08:00:00,1487.76
2050-07-12 09:00:00,2183.24
2050-07-12 10:00:00,2114.09
2050-07-12 11:00:00,2795.56
2050-07-12 12:00:00,2348.0
2050-07-12 13:00:00,1544.88
2050-07-12 14:00:00,1623.88
2050-07-12 15:00:00,963.59
2050-07-12 16:00:00,-553.72
2050-07-12 17:00:00,167.71
2050-07-12 18:00:00,-1864.72
2050-07-12 19:00:00,-3720.91
2050-07-12 20:00:00,-4102.66
2050-07-12 21:00:00,-2527.76
2050-07-12 22:00:00,-3245.9
2050-07-12 23:00:00,-2464.6
2050-07-13 00:00:00,-1153.94
2050-07-13 01:00:00,-189.56
2050-07-13 02:00:00,-483.62
2050-07-13 03:00:00,853.5
2050-07-13 04:00:00,990.73
2050-07-13 05:00:00,1567.59
2050-07-13 06:00:00,1825.95
2050-07-13 07:00:00,2332.75
2050-07-13 08:00:00,2298.39
2050-07-13 09:00:00,2719.86
2050-07-13 10:00:00,3124.54
2050-07-13 11:00:00,3330.35
2050-07-13 12:00:00,3795.45
2050-07-13 13:00:00,3188.07
2050-07-13 14:00:00,2831.31
2050-07-13 15:00:00,1740.11
2050-07-13 16:00:00,2297.14
2050-07-13 17:00:00,1899.88
2050-07-13 18:00:00,1790.76
2050-07-13 19:00:00,1104.65
2050-07-13 20:00:00,366.05
2050-07-13 21:00:00,1015.87
2050-07-13 22:00:00,801.24
2050-07-13 23:00:00,-266.61
2050-07-14 00:00:00,-1312.36
2050-07-14 01:00:00,-943.98
2050-07-14 02:00:00,-1001.86
2050-07-14 03:00:00,366.86
2050-07-14 04:00:00,819.03
2050-07-14 05:00:00,1724.12
2050-07-14 06:00:00,1741.36
2050-07-14 07:00:00,2934.48
2050-07-14 08:00:00,2801.36
2050-07-14 09:00:00,2986.94
2050-07-14 10:00:00,2255.76
2050-07-14 11:00:00,3183.0
2050-07-14 12:00:00,3053.53
2050-07-14 13:00:00,3903.99
2050-07-14 14:00:00,3520.68
2050-07-14 15:00:00,2640.86
2050-07-14 16:00:00,2866.86
2050-07-14 17:00:00,-1001.64
2050-07-14 18:00:00,590.48
2050-07-14 19:00:00,-1333.56
2050-07-14 20:00:00,-2570.11
2050-07-14 21:00:00,-546.8
2050-07-14 22:00:00,-2092.39
2050-07-14 23:00:00,-738.42
2050-07-15 00:00:00,200.77
2050-07-15 01:00:00,1094.76
2050-07-15 02:00:00,154.98
2050-07-15 03:00:00,1291.8
2050-07-15 04:00:00,1093.7
2050-07-15 05:00:00,1099.52
2050-07-15 06:00:00,2104.94
2050-07-15 07:00:00,2838.48
2050-07-15 08:00:00,2730.13
2050-07-15 09:00:00,3297.88
2050-07-15 10:00:00,4250.45
2050-07-15 11:00:00,4554.38
2050-07-15 12:00:00,4503.67
2050-07-15 13:00:00,4345.94
2050-07-15 14:00:00,4829.63
2050-07-15 15:00:00,4910.33
2050-07-15 16:00:00,4644.49
2050-07-15 17:00:00,3777.12
2050-07-15 18:00:00,3242.77
2050-07-15 19:00:00,2066.51
2050-07-15 20:00:00,3024.48
2050-07-15 21:00:00,953.88
2050-07-15 22:00:00,-1197.54
2050-07-15 23:00:00,-1975.3
2050-07-16 00:00:00,-2117.68
2050-07-16 01:00:00,-1897.62
2050-07-16 02:00:00,-1277.75
2050-07-16 03:00:00,-961.74
2050-07-16 04:00:00,-138.51
2050-07-16 05:00:00,-358.1
2050-07-16 06:00:00,394.24
2050-07-16 07:00:00,1257.17
2050-07-16 08:00:00,1281.39
2050-07-16 09:00:00,2901.37
2050-07-16 10:00:00,3393.2
2050-07-16 11:00:00,3937.58
2050-07-16 12:00:00,3937.84
2050-07-16 13:00:00,3983.57
2050-07-16 14:00:00,3608.12
2050-07-16 15:00:00,2796.49
2050-07-16 16:00:00,2395.17
2050-07-16 17:00:00,1670.84
2050-07-16 18:00:00,1823.79
2050-07-16 19:00:00,339.73
2050-07-16 20:00:00,635.35
2050-07-16 21:00:00,1887.98
2050-07-16 22:00:00,1741.52
2050-07-16 23:00:00,1628.39
2050-07-17 00:00:00,1055.8
2050-07-17 01:00:00,1935.39
2050-07-17 02:00:00,1729.25
2050-07-17 03:00:00,2069.18
2050-07-17 04:00:00,2661.05
2050-07-17 05:00:00,2413.0
2050-07-17 06:00:00,2327.77
2050-07-17 07:00:00,2597.98
2050-07-17 08:00:00,2623.16
2050-07-17 09:00:00,3078.46
2050-07-17 10:00:00,3297.39
2050-07-17 11:00:00,3472.44
2050-07-17 12:00:00,3406.43
2050-07-17 13:00:00,2625.8
2050-07-17 14:00:00,1272.7
2050-07-17 15:00:00,-584.59
2050-07-17 16:00:00,-1449.21
2050-07-17 17:00:00,-1125.61
2050-07-17 18:00:00,-1576.52
2050-07-17 19:00:00,-2670.11
2050-07-17 20:00:00,-2550.32
2050-07-17 21:00:00,-510.88
2050-07-17 22:00:00,1848.17
2050-07-17 23:00:00,2619.1
2050-07-18 00:00:00,1723.56
2050-07-18 01:00:00,2634.59
2050-07-18 02:00:00,1568.2
2050-07-18 03:00:00,1494.13
2050-07-18 04:00:00,915.15
2050-07-18 05:00:00,910.66
2050-07-18 06:00:00,1155.94
2050-07-18 07:00:00,287.69
2050-07-18 08:00:00,1595.44
2050-07-18 09:00:00,1962.74
2050-07-18 10:00:00,1949.27
2050-07-18 11:00:00,1266.05
2050-07-18 12:00:00,1147.33
2050-07-18 13:00:00,2088.87
2050-07-18 14:00:00,1321.9
2050-07-18 15:00:00,1876.97
2050-07-18 16:00:00,205.62
2050-07-18 17:00:00,-1258.97
2050-07-18 18:00:00,-1301.53
2050-07-18 19:00:00,-419.88
2050-07-18 20:00:00,661.25
2050-07-18 21:00:00,-193.92
2050-07-18 22:00:00,-639.29
2050-07-18 23:00:00,-1350.51
2050-07-19 00:00:00,-716.6
2050-07-19 01:00:00,440.35
2050-07-19 02:00:00,234.7
2050-07-19 03:00:00,-278.0
2050-07-19 04:00:00,68.98
2050-07-19 05:00:00,1033.32
2050-07-19 06:00:00,1244.75
2050-07-19 07:00:00,1653.1
2050-07-19 08:00:00,2766.39
2050-07-19 09:00:00,3033.44
2050-07-19 10:00:00,4041.89
2050-07-19 11:00:00,4114.4
2050-07-19 12:00:00,4314.17
2050-07-19 13:00:00,4591.14
2050-07-19 14:00:00,4559.61
2050-07-19 15:00:00,3475.89
2050-07-19 16:00:00,2620.75
2050-07-19 17:00:00,2428.41
2050-07-19 18:00:00,919.53
2050-07-19 19:00:00,2209.45
2050-07-19 20:00:00,1716.4
2050-07-19 21:00:00,647.64
2050-07-19 22:00:00,-297.4
2050-07-19 23:00:00,-256.02
2050-07-20 00:00:00,312.68
2050-07-20 01:00:00,-612.11
2050-07-20 02:00:00,-920.53
2050-07-20 03:00:00,-1358.25
2050-07-20 04:00:00,-456.48
2050-07-20 05:00:00,249.76
2050-07-20 06:00:00,1189.83
2050-07-20 07:00:00,1099.88
2050-07-20 08:00:00,1668.53
2050-07-20 09:00:00,2927.74
2050-07-20 10:00:00,3977.3
2050-07-20 11:00:00,4575.46
2050-07-20 12:00:00,5225.0
2050-07-20 13:00:00,5177.51
2050-07-20 14:00:00,4406.03
2050-07-20 15:00:00,2199.06
2050-07-20 16:00:00,3150.25
2050-07-20 17:00:00,1873.24
2050-07-20 18:00:00,1714.45
2050-07-20 19:00:00,561.04
2050-07-20 20:00:00,-541.88
2050-07-20 21:00:00,-2034.38
2050-07-20 22:00:00,-894.84
2050-07-20 23:00:00,1839.97
2050-07-21 00:00:00,921.85
2050-07-21 01:00:00,1498.75
2050-07-21 02:00:00,1874.84
2050-07-21 03:00:00,1108.59
2050-07-21 04:00:00,749.6
2050-07-21 05:00:00,1140.71
2050-07-21 06:00:00,1539.45
2050-07-21 07:00:00,835.34
2050-07-21 08:00:00,1559.13
2050-07-21 09:00:00,2207.83
2050-07-21 10:00:00,2548.44
2050-07-21 11:00:00,3772.24
2050-07-21 12:00:00,3994.04
2050-07-21 13:00:00,3578.36
2050-07-21 14:00:00,262.56
2050-07-21 15:00:00,393.11
2050-07-21 16:00:00,-510.69
2050-07-21 17:00:00,-768.13
2050-07-21 18:00:00,-1117.2
2050-07-21 19:00:00,-1154.15
2050-07-21 20:00:00,-3229.69
2050-07-21 21:00:00,-3996.28
2050-07-21 22:00:00,-4624.82
2050-07-21 23:00:00,-5275.51
2050-07-22 00:00:00,-5808.69
2050-07-22 01:00:00,-6025.07
2050-07-22 02:00:00,-6255.93
2050-07-22 03:00:00,-4404.9
2050-07-22 04:00:00,-3655.38
2050-07-22 05:00:00,-2364.78
2050-07-22 06:00:00,-1268.8
2050-07-22 07:00:00,13.59
2050-07-22 08:00:00,1744.01
2050-07-22 09:00:00,1714.9
2050-07-22 10:00:00,3226.71
2050-07-22 11:00:00,4186.92
2050-07-22 12:00:00,3852.84
2050-07-22 13:00:00,3906.5
2050-07-22 14:00:00,3270.13
2050-07-22 15:00:00,2887.06
2050-07-22 16:00:00,392.51
2050-07-22 17:00:00,594.25
2050-07-22 18:00:00,-1285.58
2050-07-22 19:00:00,-3218.4
2050-07-22 20:00:00,417.6
2050-07-22 21:00:00,1687.6
2050-07-22 22:00:00,2523.13
2050-07-22 23:00:00,3291.12
2050-07-23 00:00:00,1518.09
2050-07-23 01:00:00,-3828.33
2050-07-23 02:00:00,-3509.2
2050-07-23 03:00:00,-4866.81
2050-07-23 04:00:00,-1943.71
2050-07-23 05:00:00,-1776.7
2050-07-23 06:00:00,-1196.57
2050-07-23 07:00:00,-2010.76
2050-07-23 08:00:00,-1853.14
2050-07-23 09:00:00,889.58
2050-07-23 10:00:00,1643.59
2050-07-23 11:00:00,2640.6
2050-07-23 12:00:00,3732.52
2050-07-23 13:00:00,3811.95
2050-07-23 14:00:00,3209.98
2050-07-23 15:00:00,2877.96
2050-07-23 16:00:00,2201.89
2050-07-23 17:00:00,1148.23
2050-07-23 18:00:00,-576.04
2050-07-23 19:00:00,-1832.75
2050-07-23 20:00:00,-688.1
2050-07-23 21:00:00,-548.4
2050-07-23 22:00:00,-587.02
2050-07-23 23:00:00,-1322.3
2050-07-24 00:00:00,-50.42
2050-07-24 01:00:00,-759.09
2050-07-24 02:00:00,-1224.28
2050-07-24 03:00:00,472.09
2050-07-24 04:00:00,303.36
2050-07-24 05:00:00,848.43
2050-07-24 06:00:00,1111.17
2050-07-24 07:00:00,1823.41
2050-07-24 08:00:00,2687.64
2050-07-24 09:00:00,3010.37
2050-07-24 10:00:00,4112.93
2050-07-24 11:00:00,4464.86
2050-07-24 12:00:00,4450.52
2050-07-24 13:00:00,3818.14
2050-07-24 14:00:00,2992.73
2050-07-24 15:00:00,3455.3
2050-07-24 16:00:00,2696.87
2050-07-24 17:00:00,3322.21
2050-07-24 18:00:00,3501.94
2050-07-24 19:00:00,2260.13
2050-07-24 20:00:00,1548.34
2050-07-24 21:00:00,1754.27
2050-07-24 22:00:00,777.95
2050-07-24 23:00:00,1859.08
2050-07-25 00:00:00,830.52
2050-07-25 01:00:00,868.76
2050-07-25 02:00:00,-120.66
2050-07-25 03:00:00,-349.67
2050-07-25 04:00:00,-677.19
2050-07-25 05:00:00,-790.21
2050-07-25 06:00:00,-1218.78
2050-07-25 07:00:00,-564.94
2050-07-25 08:00:00,-859.96
2050-07-25 09:00:00,1380.41
2050-07-25 10:00:00,2372.74
2050-07-25 11:00:00,2518.22
2050-07-25 12:00:00,3031.06
2050-07-25 13:00:00,3406.5
2050-07-25 14:00:00,2183.68
2050-07-25 15:00:00,665.05
2050-07-25 16:00:00,747.17
2050-07-25 17:00:00,347.93
2050-07-25 18:00:00,-540.51
2050-07-25 19:00:00,-870.49
2050-07-25 20:00:00,2729.85
2050-07-25 21:00:00,916.6
2050-07-25 22:00:00,1445.5
2050-07-25 23:00:00,-284.4
2050-07-26 00:00:00,-783.1
2050-07-26 01:00:00,49.43
2050-07-26 02:00:00,746.22
2050-07-26 03:00:00,1284.4
2050-07-26 04:00:00,1387.81
2050-07-26 05:00:00,581.49
2050-07-26 06:00:00,221.23
2050-07-26 07:00:00,1063.16
2050-07-26 08:00:00,1952.8
2050-07-26 09:00:00,3160.88
2050-07-26 10:00:00,4067.31
2050-07-26 11:00:00,3998.48
2050-07-26 12:00:00,4335.85
2050-07-26 13:00:00,4467.06
2050-07-26 14:00:00,4486.01
2050-07-26 15:00:00,3821.0
2050-07-26 16:00:00,2958.75
2050-07-26 17:00:00,1271.71
2050-07-26 18:00:00,863.06
2050-07-26 19:00:00,209.05
2050-07-26 20:00:00,1244.31
2050-07-26 21:00:00,1266.77
2050-07-26 22:00:00,1405.48
2050-07-26 23:00:00,1698.05
2050-07-27 00:00:00,1616.63
2050-07-27 01:00:00,806.86
2050-07-27 02:00:00,1079.1
2050-07-27 03:00:00,1434.73
2050-07-27 04:00:00,1631.16
2050-07-27 05:00:00,2210.7
2050-07-27 06:00:00,2056.74
2050-07-27 07:00:00,2423.62
2050-07-27 08:00:00,2985.68
2050-07-27 09:00:00,3370.21
2050-07-27 10:00:00,3477.76
2050-07-27 11:00:00,3663.67
2050-07-27 12:00:00,3636.16
2050-07-27 13:00:00,3635.57
2050-07-27 14:00:00,2055.74
2050-07-27 15:00:00,139.43
2050-07-27 16:00:00,-895.88
2050-07-27 17:00:00,-1381.49
2050-07-27 18:00:00,-1329.33
2050-07-27 19:00:00,-1912.96
2050-07-27 20:00:00,-2205.85
2050-07-27 21:00:00,-2310.42
2050-07-27 22:00:00,-1616.75
2050-07-27 23:00:00,273.53
2050-07-28 00:00:00,1679.94
2050-07-28 01:00:00,395.73
2050-07-28 02:00:00,306.55
2050-07-28 03:00:00,881.46
2050-07-28 04:00:00,1974.38
2050-07-28 05:00:00,2656.88
2050-07-28 06:00:00,2193.28
2050-07-28 07:00:00,2460.91
2050-07-28 08:00:00,3041.3
2050-07-28 09:00:00,3333.19
2050-07-28 10:00:00,3912.96
2050-07-28 11:00:00,4418.27
2050-07-28 12:00:00,4946.78
2050-07-28 13:00:00,5049.58
2050-07-28 14:00:00,4888.17
2050-07-28 15:00:00,4155.03
2050-07-28 16:00:00,2649.1
2050-07-28 17:00:00,1624.86
2050-07-28 18:00:00,1439.27
2050-07-28 19:00:00,1836.5
2050-07-28 20:00:00,926.68
2050-07-28 21:00:00,1517.74
2050-07-28 22:00:00,690.62
2050-07-28 23:00:00,488.3
2050-07-29 00:00:00,-1076.81
2050-07-29 01:00:00,1136.16
2050-07-29 02:00:00,831.21
2050-07-29 03:00:00,342.76
2050-07-29 04:00:00,-437.01
2050-07-29 05:00:00,-754.28
2050-07-29 06:00:00,-50.73
2050-07-29 07:00:00,-257.19
2050-07-29 08:00:00,806.76
2050-07-29 09:00:00,2148.42
2050-07-29 10:00:00,2324.64
2050-07-29 11:00:00,2202.48
2050-07-29 12:00:00,2706.68
2050-07-29 13:00:00,2086.54
2050-07-29 14:00:00,116.42
2050-07-29 15:00:00,-428.5
2050-07-29 16:00:00,47.0
2050-07-29 17:00:00,-1069.18
2050-07-29 18:00:00,-1732.66
2050-07-29 19:00:00,-2162.97
2050-07-29 20:00:00,-1095.95
2050-07-29 21:00:00,-2484.48
2050-07-29 22:00:00,-850.05
2050-07-29 23:00:00,-680.4
2050-07-30 00:00:00,-1061.43
2050-07-30 01:00:00,-1291.17
2050-07-30 02:00:00,-2426.43
2050-07-30 03:00:00,-1121.75
2050-07-30 04:00:00,-1565.24
2050-07-30 05:00:00,-1206.06
2050-07-30 06:00:00,-1788.53
2050-07-30 07:00:00,-229.19
2050-07-30 08:00:00,592.73
2050-07-30 09:00:00,611.83
2050-07-30 10:00:00,1080.36
2050-07-30 11:00:00,2087.51
2050-07-30 12:00:00,2715.09
2050-07-30 13:00:00,2351.03
2050-07-30 14:00:00,2873.23
2050-07-30 15:00:00,2572.17
2050-07-30 16:00:00,1224.77
2050-07-30 17:00:00,456.84
2050-07-30 18:00:00,1311.15
2050-07-30 19:00:00,1590.15
2050-07-30 20:00:00,1631.47
2050-07-30 21:00:00,2302.8
2050-07-30 22:00:00,2600.32
2050-07-30 23:00:00,2050.93
2050-07-31 00:00:00,2182.41
2050-07-31 01:00:00,1470.64
2050-07-31 02:00:00,1289.92
2050-07-31 03:00:00,1540.75
2050-07-31 04:00:00,1218.02
2050-07-31 05:00:00,1453.6
2050-07-31 06:00:00,1390.22
2050-07-31 07:00:00,1777.88
2050-07-31 08:00:00,2363.22
2050-07-31 09:00:00,2429.46
2050-07-31 10:00:00,3563.7
2050-07-31 11:00:00,3900.72
2050-07-31 12:00:00,4333.2
2050-07-31 13:00:00,4290.27
2050-07-31 14:00:00,4668.09
2050-07-31 15:00:00,4467.06
2050-07-31 16:00:00,3499.99
2050-07-31 17:00:00,4300.99
2050-07-31 18:00:00,4543.52
2050-07-31 19:00:00,3774.7
2050-07-31 20:00:00,3402.97
2050-07-31 21:00:00,3590.88
2050-07-31 22:00:00,3069.38
2050-07-31 23:00:00,3388.72
2050-08-01 00:00:00,3311.57
2050-08-01 01:00:00,2789.31
2050-08-01 02:00:00,2249.46
2050-08-01 03:00:00,1427.4
2050-08-01 04:00:00,1257.26
2050-08-01 05:00:00,1198.45
2050-08-01 06:00:00,1580.73
2050-08-01 07:00:00,1848.56
2050-08-01 08:00:00,2282.77
2050-08-01 09:00:00,2832.4
2050-08-01 10:00:00,2688.47
2050-08-01 11:00:00,3705.63
2050-08-01 12:00:00,4014.85
2050-08-01 13:00:00,3852.51
2050-08-01 14:00:00,4403.24
2050-08-01 15:00:00,4056.09
2050-08-01 16:00:00,4263.76
2050-08-01 17:00:00,3585.7
2050-08-01 18:00:00,3186.28
2050-08-01 19:00:00,2866.02
2050-08-01 20:00:00,3476.26
2050-08-01 21:00:00,3604.47
2050-08-01 22:00:00,2801.31
2050-08-01 23:00:00,2052.18
2050-08-02 00:00:00,1753.23
2050-08-02 01:00:00,1281.54
2050-08-02 02:00:00,926.48
2050-08-02 03:00:00,380.45
2050-08-02 04:00:00,393.78
2050-08-02 05:00:00,543.66
2050-08-02 06:00:00,183.09
2050-08-02 07:00:00,-429.27
2050-08-02 08:00:00,1129.04
2050-08-02 09:00:00,2543.67
2050-08-02 10:00:00,2509.23
2050-08-02 11:00:00,2129.13
2050-08-02 12:00:00,2254.59
2050-08-02 13:00:00,2069.58
2050-08-02 14:00:00,2337.16
2050-08-02 15:00:00,945.31
2050-08-02 16:00:00,-444.0
2050-08-02 17:00:00,984.76
2050-08-02 18:00:00,2144.79
2050-08-02 19:00:00,804.14
2050-08-02 20:00:00,238.75
2050-08-02 21:00:00,494.26
2050-08-02 22:00:00,693.95
2050-08-02 23:00:00,1671.11
2050-08-03 00:00:00,-270.1
2050-08-03 01:00:00,133.13
2050-08-03 02:00:00,928.03
2050-08-03 03:00:00,-218.93
2050-08-03 04:00:00,387.88
2050-08-03 05:00:00,107.43
2050-08-03 06:00:00,841.18
2050-08-03 07:00:00,1856.68
2050-08-03 08:00:00,2238.74
2050-08-03 09:00:00,2887.16
2050-08-03 10:00:00,3383.05
2050-08-03 11:00:00,3850.59
2050-08-03 12:00:00,3618.05
2050-08-03 13:00:00,3138.04
2050-08-03 14:00:00,2492.77
2050-08-03 15:00:00,1310.77
2050-08-03 16:00:00,612.94
2050-08-03 17:00:00,-193.94
2050-08-03 18:00:00,-356.14
2050-08-03 19:00:00,-251.46
2050-08-03 20:00:00,-831.28
2050-08-03 21:00:00,489.58
2050-08-03 22:00:00,1286.13
2050-08-03 23:00:00,270.93
2050-08-04 00:00:00,-444.37
2050-08-04 01:00:00,381.1
2050-08-04 02:00:00,261.5
2050-08-04 03:00:00,1170.54
2050-08-04 04:00:00,832.79
2050-08-04 05:00:00,1208.73
2050-08-04 06:00:00,880.23
2050-08-04 07:00:00,1069.41
2050-08-04 08:00:00,2322.62
2050-08-04 09:00:00,1797.75
2050-08-04 10:00:00,2706.03
2050-08-04 11:00:00,1569.99
2050-08-04 12:00:00,-2719.7
2050-08-04 13:00:00,-3228.26
2050-08-04 14:00:00,-3728.05
2050-08-04 15:00:00,-2472.14
2050-08-04 16:00:00,-2324.73
2050-08-04 17:00:00,-1983.49
2050-08-04 18:00:00,-909.81
2050-08-04 19:00:00,72.07
2050-08-04 20:00:00,485.07
2050-08-04 21:00:00,-145.7
2050-08-04 22:00:00,2377.92
2050-08-04 23:00:00,759.67
2050-08-05 00:00:00,1595.3
2050-08-05 01:00:00,184.33
2050-08-05 02:00:00,328.15
2050-08-05 03:00:00,1209.19
2050-08-05 04:00:00,1929.45
2050-08-05 05:00:00,1337.47
2050-08-05 06:00:00,935.91
2050-08-05 07:00:00,2292.49
2050-08-05 08:00:00,3043.86
2050-08-05 09:00:00,3596.8
2050-08-05 10:00:00,3967.1
2050-08-05 11:00:00,4826.31
2050-08-05 12:00:00,5315.17
2050-08-05 13:00:00,5432.86
2050-08-05 14:00:00,5315.08
2050-08-05 15:00:00,5114.03
2050-08-05 16:00:00,4572.36
2050-08-05 17:00:00,3661.63
2050-08-05 18:00:00,2782.65
2050-08-05 19:00:00,2542.37
2050-08-05 20:00:00,3115.34
2050-08-05 21:00:00,2078.04
2050-08-05 22:00:00,1759.33
2050-08-05 23:00:00,1317.78
2050-08-06 00:00:00,413.8
2050-08-06 01:00:00,496.35
2050-08-06 02:00:00,1147.35
2050-08-06 03:00:00,1411.0
2050-08-06 04:00:00,2060.22
2050-08-06 05:00:00,2164.61
2050-08-06 06:00:00,1431.06
2050-08-06 07:00:00,2471.49
2050-08-06 08:00:00,3113.98
2050-08-06 09:00:00,3745.8
2050-08-06 10:00:00,4252.52
2050-08-06 11:00:00,4214.6
2050-08-06 12:00:00,3616.63
2050-08-06 13:00:00,3586.4
2050-08-06 14:00:00,2946.24
2050-08-06 15:00:00,3275.0
2050-08-06 16:00:00,3217.4
2050-08-06 17:00:00,2472.77
2050-08-06 18:00:00,3860.83
2050-08-06 19:00:00,2796.71
2050-08-06 20:00:00,2691.84
2050-08-06 21:00:00,770.9
2050-08-06 22:00:00,1396.61
2050-08-06 23:00:00,403.32
2050-08-07 00:00:00,15.15
2050-08-07 01:00:00,-1395.95
2050-08-07 02:00:00,-714.76
2050-08-07 03:00:00,-960.03
2050-08-07 04:00:00,-733.32
2050-08-07 05:00:00,-241.74
2050-08-07 06:00:00,-758.74
2050-08-07 07:00:00,-1112.04
2050-08-07 08:00:00,66.4
2050-08-07 09:00:00,-830.16
2050-08-07 10:00:00,-551.87
2050-08-07 11:00:00,-632.24
2050-08-07 12:00:00,-1392.79
2050-08-07 13:00:00,230.66
2050-08-07 14:00:00,-2383.69
2050-08-07 15:00:00,-4108.56
2050-08-07 16:00:00,-4113.29
2050-08-07 17:00:00,-3464.36
2050-08-07 18:00:00,-4045.5
2050-08-07 19:00:00,-4192.73
2050-08-07 20:00:00,-4078.61
2050-08-07 21:00:00,-4309.05
2050-08-07 22:00:00,1037.08
2050-08-07 23:00:00,2260.95
2050-08-08 00:00:00,-333.87
2050-08-08 01:00:00,617.08
2050-08-08 02:00:00,-225.11
2050-08-08 03:00:00,807.51
2050-08-08 04:00:00,619.52
2050-08-08 05:00:00,546.22
2050-08-08 06:00:00,548.89
2050-08-08 07:00:00,853.04
2050-08-08 08:00:00,-132.67
2050-08-08 09:00:00,457.51
2050-08-08 10:00:00,1963.6
2050-08-08 11:00:00,1740.29
2050-08-08 12:00:00,1207.51
2050-08-08 13:00:00,1077.92
2050-08-08 14:00:00,571.44
2050-08-08 15:00:00,1045.57
2050-08-08 16:00:00,-554.57
2050-08-08 17:00:00,-941.34
2050-08-08 18:00:00,629.96
2050-08-08 19:00:00,1050.17
2050-08-08 20:00:00,-814.3
2050-08-08 21:00:00,635.5
2050-08-08 22:00:00,2167.01
2050-08-08 23:00:00,1100.87
2050-08-09 00:00:00,-510.39
2050-08-09 01:00:00,-934.53
2050-08-09 02:00:00,-1343.37
2050-08-09 03:00:00,-644.49
2050-08-09 04:00:00,258.1
2050-08-09 05:00:00,297.01
2050-08-09 06:00:00,-202.31
2050-08-09 07:00:00,255.92
2050-08-09 08:00:00,1694.16
2050-08-09 09:00:00,2324.51
2050-08-09 10:00:00,2934.24
2050-08-09 11:00:00,3534.98
2050-08-09 12:00:00,3085.6
2050-08-09 13:00:00,3689.26
2050-08-09 14:00:00,3225.67
2050-08-09 15:00:00,2644.44
2050-08-09 16:00:00,2702.74
2050-08-09 17:00:00,3490.41
2050-08-09 18:00:00,3098.55
2050-08-09 19:00:00,2996.18
2050-08-09 20:00:00,2489.07
2050-08-09 21:00:00,2426.7
2050-08-09 22:00:00,2529.32
2050-08-09 23:00:00,3162.92
2050-08-10 00:00:00,1123.74
2050-08-10 01:00:00,3082.75
2050-08-10 02:00:00,2106.09
2050-08-10 03:00:00,1713.84
2050-08-10 04:00:00,2279.04
2050-08-10 05:00:00,2465.53
2050-08-10 06:00:00,2541.26
2050-08-10 07:00:00,2857.94
2050-08-10 08:00:00,2916.99
2050-08-10 09:00:00,3189.66
2050-08-10 10:00:00,3249.78
2050-08-10 11:00:00,3550.78
2050-08-10 12:00:00,3543.7
2050-08-10 13:00:00,2960.47
2050-08-10 14:00:00,1700.35
2050-08-10 15:00:00,-439.52
2050-08-10 16:00:00,-818.97
2050-08-10 17:00:00,-540.95
2050-08-10 18:00:00,-1482.25
2050-08-10 19:00:00,-45.33
2050-08-10 20:00:00,-89.62
2050-08-10 21:00:00,530.69
2050-08-10 22:00:00,842.31
2050-08-10 23:00:00,-25.57
2050-08-11 00:00:00,709.76
2050-08-11 01:00:00,468.7
2050-08-11 02:00:00,855.82
2050-08-11 03:00:00,982.76
2050-08-11 04:00:00,228.59
2050-08-11 05:00:00,1186.39
2050-08-11 06:00:00,87.85
2050-08-11 07:00:00,317.7
2050-08-11 08:00:00,1362.62
2050-08-11 09:00:00,656.32
2050-08-11 10:00:00,1891.97
2050-08-11 11:00:00,2253.14
2050-08-11 12:00:00,3228.92
2050-08-11 13:00:00,3266.06
2050-08-11 14:00:00,3168.54
2050-08-11 15:00:00,1584.57
2050-08-11 16:00:00,2911.77
2050-08-11 17:00:00,478.83
2050-08-11 18:00:00,584.89
2050-08-11 19:00:00,533.69
2050-08-11 20:00:00,643.54
2050-08-11 21:00:00,94.73
2050-08-11 22:00:00,1058.84
2050-08-11 23:00:00,1771.7
2050-08-12 00:00:00,-1038.34
2050-08-12 01:00:00,-1756.52
2050-08-12 02:00:00,-1939.81
2050-08-12 03:00:00,-1957.53
2050-08-12 04:00:00,-1026.35
2050-08-12 05:00:00,-774.16
2050-08-12 06:00:00,-869.72
2050-08-12 07:00:00,427.24
2050-08-12 08:00:00,555.39
2050-08-12 09:00:00,1462.28
2050-08-12 10:00:00,1939.15
2050-08-12 11:00:00,2643.06
2050-08-12 12:00:00,3012.99
2050-08-12 13:00:00,3052.84
2050-08-12 14:00:00,2626.39
2050-08-12 15:00:00,2567.26
2050-08-12 16:00:00,754.6
2050-08-12 17:00:00,1535.09
2050-08-12 18:00:00,168.38
2050-08-12 19:00:00,-2150.23
2050-08-12 20:00:00,-1887.42
2050-08-12 21:00:00,-541.57
2050-08-12 22:00:00,912.8
2050-08-12 23:00:00,-966.08
2050-08-13 00:00:00,-2733.81
2050-08-13 01:00:00,-2218.3
2050-08-13 02:00:00,-2491.41
2050-08-13 03:00:00,-1311.17
2050-08-13 04:00:00,-1037.84
2050-08-13 05:00:00,-971.98
2050-08-13 06:00:00,-1240.2
2050-08-13 07:00:00,-1287.89
2050-08-13 08:00:00,439.38
2050-08-13 09:00:00,1662.58
2050-08-13 10:00:00,1407.94
2050-08-13 11:00:00,2420.37
2050-08-13 12:00:00,2689.26
2050-08-13 13:00:00,3107.88
2050-08-13 14:00:00,3436.58
2050-08-13 15:00:00,4196.9
2050-08-13 16:00:00,3842.42
2050-08-13 17:00:00,3819.18
2050-08-13 18:00:00,4867.47
2050-08-13 19:00:00,2189.05
2050-08-13 20:00:00,1576.79
2050-08-13 21:00:00,577.02
2050-08-13 22:00:00,1161.69
2050-08-13 23:00:00,2301.5
2050-08-14 00:00:00,2813.06
2050-08-14 01:00:00,1795.42
2050-08-14 02:00:00,1949.72
2050-08-14 03:00:00,1650.44
2050-08-14 04:00:00,1562.94
2050-08-14 05:00:00,1626.37
2050-08-14 06:00:00,1808.08
2050-08-14 07:00:00,1679.12
2050-08-14 08:00:00,2117.31
2050-08-14 09:00:00,2295.79
2050-08-14 10:00:00,3217.61
2050-08-14 11:00:00,3230.14
2050-08-14 12:00:00,3492.38
2050-08-14 13:00:00,3499.69
2050-08-14 14:00:00,3339.32
2050-08-14 15:00:00,2975.51
2050-08-14 16:00:00,2294.96
2050-08-14 17:00:00,3032.0
2050-08-14 18:00:00,3403.43
2050-08-14 19:00:00,3230.13
2050-08-14 20:00:00,2742.26
2050-08-14 21:00:00,2476.96
2050-08-14 22:00:00,968.09
2050-08-14 23:00:00,1224.61
2050-08-15 00:00:00,728.51
2050-08-15 01:00:00,349.92
2050-08-15 02:00:00,117.53
2050-08-15 03:00:00,-407.29
2050-08-15 04:00:00,458.68
2050-08-15 05:00:00,-56.38
2050-08-15 06:00:00,357.38
2050-08-15 07:00:00,-327.47
2050-08-15 08:00:00,1219.24
2050-08-15 09:00:00,1709.42
2050-08-15 10:00:00,2427.1
2050-08-15 11:00:00,2936.38
2050-08-15 12:00:00,3289.64
2050-08-15 13:00:00,3361.32
2050-08-15 14:00:00,3661.8
2050-08-15 15:00:00,4170.46
2050-08-15 16:00:00,3652.13
2050-08-15 17:00:00,3938.65
2050-08-15 18:00:00,3135.44
2050-08-15 19:00:00,2672.49
2050-08-15 20:00:00,2149.25
2050-08-15 21:00:00,1044.27
2050-08-15 22:00:00,1122.02
2050-08-15 23:00:00,122.2
2050-08-16 00:00:00,817.05
2050-08-16 01:00:00,1310.25
2050-08-16 02:00:00,692.96
2050-08-16 03:00:00,1063.57
2050-08-16 04:00:00,715.46
2050-08-16 05:00:00,489.33
2050-08-16 06:00:00,-1033.37
2050-08-16 07:00:00,210.04
2050-08-16 08:00:00,575.26
2050-08-16 09:00:00,1508.66
2050-08-16 10:00:00,1715.34
2050-08-16 11:00:00,2154.13
2050-08-16 12:00:00,2123.46
2050-08-16 13:00:00,1948.25
2050-08-16 14:00:00,1758.22
2050-08-16 15:00:00,1394.96
2050-08-16 16:00:00,-167.57
2050-08-16 17:00:00,-429.38
2050-08-16 18:00:00,-1610.68
2050-08-16 19:00:00,-2370.78
2050-08-16 20:00:00,-2382.9
2050-08-16 21:00:00,-2473.08
2050-08-16 22:00:00,-2488.17
2050-08-16 23:00:00,-1604.02
2050-08-17 00:00:00,-1873.1
2050-08-17 01:00:00,-1934.11
2050-08-17 02:00:00,-1640.57
2050-08-17 03:00:00,-681.66
2050-08-17 04:00:00,-599.92
2050-08-17 05:00:00,-72.69
2050-08-17 06:00:00,420.28
2050-08-17 07:00:00,1010.85
2050-08-17 08:00:00,1565.69
2050-08-17 09:00:00,2520.22
2050-08-17 10:00:00,3213.78
2050-08-17 11:00:00,3559.62
2050-08-17 12:00:00,4009.06
2050-08-17 13:00:00,4175.08
2050-08-17 14:00:00,3812.17
2050-08-17 15:00:00,3246.3
2050-08-17 16:00:00,2977.45
2050-08-17 17:00:00,3233.51
2050-08-17 18:00:00,3973.55
2050-08-17 19:00:00,2738.29
2050-08-17 20:00:00,3193.17
2050-08-17 21:00:00,1669.58
2050-08-17 22:00:00,2366.17
2050-08-17 23:00:00,2011.36
2050-08-18 00:00:00,1626.54
2050-08-18 01:00:00,858.16
2050-08-18 02:00:00,1475.67
2050-08-18 03:00:00,-1393.48
2050-08-18 04:00:00,-914.39
2050-08-18 05:00:00,527.7
2050-08-18 06:00:00,907.54
2050-08-18 07:00:00,981.36
2050-08-18 08:00:00,1831.47
2050-08-18 09:00:00,2640.63
2050-08-18 10:00:00,1541.59
2050-08-18 11:00:00,3141.96
2050-08-18 12:00:00,3622.88
2050-08-18 13:00:00,3565.94
2050-08-18 14:00:00,3296.36
2050-08-18 15:00:00,981.48
2050-08-18 16:00:00,-65.65
2050-08-18 17:00:00,-981.54
2050-08-18 18:00:00,-2162.57
2050-08-18 19:00:00,-914.27
2050-08-18 20:00:00,-1426.96
2050-08-18 21:00:00,-2380.58
2050-08-18 22:00:00,-276.67
2050-08-18 23:00:00,-724.28
2050-08-19 00:00:00,-2503.47
2050-08-19 01:00:00,-579.73
2050-08-19 02:00:00,-194.83
2050-08-19 03:00:00,-573.24
2050-08-19 04:00:00,-816.75
2050-08-19 05:00:00,-692.92
2050-08-19 06:00:00,184.64
2050-08-19 07:00:00,1152.48
2050-08-19 08:00:00,1712.62
2050-08-19 09:00:00,2383.69
2050-08-19 10:00:00,3121.06
2050-08-19 11:00:00,3810.96
2050-08-19 12:00:00,3997.84
2050-08-19 13:00:00,2927.2
2050-08-19 14:00:00,3464.53
2050-08-19 15:00:00,3371.51
2050-08-19 16:00:00,3781.62
2050-08-19 17:00:00,2506.55
2050-08-19 18:00:00,3030.38
2050-08-19 19:00:00,2606.28
2050-08-19 20:00:00,2249.08
2050-08-19 21:00:00,1951.98
2050-08-19 22:00:00,2905.08
2050-08-19 23:00:00,1574.22
2050-08-20 00:00:00,2394.57
2050-08-20 01:00:00,2305.23
2050-08-20 02:00:00,2114.93
2050-08-20 03:00:00,1624.78
2050-08-20 04:00:00,1567.92
2050-08-20 05:00:00,1507.76
2050-08-20 06:00:00,1322.85
2050-08-20 07:00:00,1437.74
2050-08-20 08:00:00,1921.91
2050-08-20 09:00:00,2925.13
2050-08-20 10:00:00,3356.3
2050-08-20 11:00:00,3700.03
2050-08-20 12:00:00,3983.41
2050-08-20 13:00:00,4195.68
2050-08-20 14:00:00,4331.47
2050-08-20 15:00:00,4606.67
2050-08-20 16:00:00,4727.18
2050-08-20 17:00:00,4295.4
2050-08-20 18:00:00,4425.39
2050-08-20 19:00:00,4288.69
2050-08-20 20:00:00,4323.1
2050-08-20 21:00:00,3464.14
2050-08-20 22:00:00,3363.48
2050-08-20 23:00:00,3176.02
2050-08-21 00:00:00,2494.42
2050-08-21 01:00:00,1915.79
2050-08-21 02:00:00,1921.95
2050-08-21 03:00:00,1661.49
2050-08-21 04:00:00,2053.36
2050-08-21 05:00:00,2186.79
2050-08-21 06:00:00,1690.63
2050-08-21 07:00:00,1992.74
2050-08-21 08:00:00,1988.43
2050-08-21 09:00:00,2290.97
2050-08-21 10:00:00,2646.38
2050-08-21 11:00:00,3355.14
2050-08-21 12:00:00,3566.27
2050-08-21 13:00:00,2744.04
2050-08-21 14:00:00,2075.15
2050-08-21 15:00:00,1851.83
2050-08-21 16:00:00,1456.45
2050-08-21 17:00:00,208.68
2050-08-21 18:00:00,-209.39
2050-08-21 19:00:00,663.08
2050-08-21 20:00:00,-372.65
2050-08-21 21:00:00,-2398.11
2050-08-21 22:00:00,1360.07
2050-08-21 23:00:00,-1352.18
2050-08-22 00:00:00,-1137.68
2050-08-22 01:00:00,-1022.22
2050-08-22 02:00:00,-556.97
2050-08-22 03:00:00,-4669.45
2050-08-22 04:00:00,-5761.96
2050-08-22 05:00:00,-3287.39
2050-08-22 06:00:00,-3781.95
2050-08-22 07:00:00,-3074.96
2050-08-22 08:00:00,-4188.0
2050-08-22 09:00:00,-2969.51
2050-08-22 10:00:00,-1094.71
2050-08-22 11:00:00,-173.81
2050-08-22 12:00:00,-114.25
2050-08-22 13:00:00,-234.39
2050-08-22 14:00:00,-958.26
2050-08-22 15:00:00,-2116.25
2050-08-22 16:00:00,-1860.71
2050-08-22 17:00:00,-2983.02
2050-08-22 18:00:00,-873.72
2050-08-22 19:00:00,-1069.32
2050-08-22 20:00:00,-1324.75
2050-08-22 21:00:00,-464.03
2050-08-22 22:00:00,-1327.28
2050-08-22 23:00:00,-1412.27
2050-08-23 00:00:00,-94.67
2050-08-23 01:00:00,52.16
2050-08-23 02:00:00,1494.55
2050-08-23 03:00:00,706.68
2050-08-23 04:00:00,881.37
2050-08-23 05:00:00,203.77
2050-08-23 06:00:00,-370.95
2050-08-23 07:00:00,122.86
2050-08-23 08:00:00,1102.84
2050-08-23 09:00:00,1603.47
2050-08-23 10:00:00,1763.86
2050-08-23 11:00:00,2407.42
2050-08-23 12:00:00,2865.97
2050-08-23 13:00:00,3019.08
2050-08-23 14:00:00,2753.66
2050-08-23 15:00:00,2640.02
2050-08-23 16:00:00,2603.42
2050-08-23 17:00:00,2642.61
2050-08-23 18:00:00,2940.13
2050-08-23 19:00:00,2572.5
2050-08-23 20:00:00,2770.49
2050-08-23 21:00:00,2148.11
2050-08-23 22:00:00,2181.48
2050-08-23 23:00:00,2549.25
2050-08-24 00:00:00,2586.9
2050-08-24 01:00:00,2320.66
2050-08-24 02:00:00,1584.49
2050-08-24 03:00:00,1631.59
2050-08-24 04:00:00,1629.67
2050-08-24 05:00:00,2029.3
2050-08-24 06:00:00,2205.84
2050-08-24 07:00:00,2087.86
2050-08-24 08:00:00,2645.23
2050-08-24 09:00:00,2601.77
2050-08-24 10:00:00,2864.05
2050-08-24 11:00:00,3285.0
2050-08-24 12:00:00,3481.76
2050-08-24 13:00:00,3468.23
2050-08-24 14:00:00,3405.42
2050-08-24 15:00:00,3137.64
2050-08-24 16:00:00,3500.09
2050-08-24 17:00:00,2829.47
2050-08-24 18:00:00,2429.3
2050-08-24 19:00:00,951.33
2050-08-24 20:00:00,-18.61
2050-08-24 21:00:00,809.68
2050-08-24 22:00:00,1019.11
2050-08-24 23:00:00,1419.92
2050-08-25 00:00:00,-434.82
2050-08-25 01:00:00,-1737.42
2050-08-25 02:00:00,-1637.49
2050-08-25 03:00:00,-1599.84
2050-08-25 04:00:00,-3583.12
2050-08-25 05:00:00,-2113.0
2050-08-25 06:00:00,-1317.23
2050-08-25 07:00:00,-98.22
2050-08-25 08:00:00,716.97
2050-08-25 09:00:00,1779.31
2050-08-25 10:00:00,2265.49
2050-08-25 11:00:00,1816.94
2050-08-25 12:00:00,2345.14
2050-08-25 13:00:00,2197.7
2050-08-25 14:00:00,2280.76
2050-08-25 15:00:00,1950.99
2050-08-25 16:00:00,2142.67
2050-08-25 17:00:00,1343.29
2050-08-25 18:00:00,-653.41
2050-08-25 19:00:00,245.54
2050-08-25 20:00:00,1531.11
2050-08-25 21:00:00,1117.83
2050-08-25 22:00:00,-147.2
2050-08-25 23:00:00,-825.97
2050-08-26 00:00:00,-619.73
2050-08-26 01:00:00,-1161.91
2050-08-26 02:00:00,-987.2
2050-08-26 03:00:00,-314.27
2050-08-26 04:00:00,304.61
2050-08-26 05:00:00,1236.24
2050-08-26 06:00:00,1177.66
2050-08-26 07:00:00,1128.59
2050-08-26 08:00:00,1760.44
2050-08-26 09:00:00,2536.9
2050-08-26 10:00:00,2586.0
2050-08-26 11:00:00,3264.3
2050-08-26 12:00:00,3598.05
2050-08-26 13:00:00,3996.41
2050-08-26 14:00:00,3715.2
2050-08-26 15:00:00,3414.95
2050-08-26 16:00:00,2500.71
2050-08-26 17:00:00,4081.03
2050-08-26 18:00:00,2654.94
2050-08-26 19:00:00,2069.14
2050-08-26 20:00:00,1769.26
2050-08-26 21:00:00,856.04
2050-08-26 22:00:00,1477.18
2050-08-26 23:00:00,1587.8
2050-08-27 00:00:00,724.88
2050-08-27 01:00:00,1020.59
2050-08-27 02:00:00,452.89
2050-08-27 03:00:00,523.99
2050-08-27 04:00:00,789.2
2050-08-27 05:00:00,1162.25
2050-08-27 06:00:00,1149.33
2050-08-27 07:00:00,2128.15
2050-08-27 08:00:00,1932.1
2050-08-27 09:00:00,2266.43
2050-08-27 10:00:00,2690.84
2050-08-27 11:00:00,3496.03
2050-08-27 12:00:00,3770.56
2050-08-27 13:00:00,3749.74
2050-08-27 14:00:00,3719.73
2050-08-27 15:00:00,3672.52
2050-08-27 16:00:00,3036.31
2050-08-27 17:00:00,3235.22
2050-08-27 18:00:00,3904.02
2050-08-27 19:00:00,2377.76
2050-08-27 20:00:00,2035.44
2050-08-27 21:00:00,3433.6
2050-08-27 22:00:00,3831.49
2050-08-27 23:00:00,3544.67
2050-08-28 00:00:00,2078.18
2050-08-28 01:00:00,703.62
2050-08-28 02:00:00,418.28
2050-08-28 03:00:00,-112.31
2050-08-28 04:00:00,-1245.29
2050-08-28 05:00:00,-371.11
2050-08-28 06:00:00,-772.49
2050-08-28 07:00:00,-911.9
2050-08-28 08:00:00,-673.24
2050-08-28 09:00:00,-397.02
2050-08-28 10:00:00,-516.46
2050-08-28 11:00:00,563.31
2050-08-28 12:00:00,1903.98
2050-08-28 13:00:00,2773.97
2050-08-28 14:00:00,2467.23
2050-08-28 15:00:00,2797.66
2050-08-28 16:00:00,1620.02
2050-08-28 17:00:00,1536.6
2050-08-28 18:00:00,2173.57
2050-08-28 19:00:00,1842.77
2050-08-28 20:00:00,900.06
2050-08-28 21:00:00,1589.75
2050-08-28 22:00:00,828.91
2050-08-28 23:00:00,985.11
2050-08-29 00:00:00,1517.88
2050-08-29 01:00:00,1064.92
2050-08-29 02:00:00,233.51
2050-08-29 03:00:00,-497.68
2050-08-29 04:00:00,459.22
2050-08-29 05:00:00,115.74
2050-08-29 06:00:00,-1075.76
2050-08-29 07:00:00,-1037.37
2050-08-29 08:00:00,-188.69
2050-08-29 09:00:00,-308.61
2050-08-29 10:00:00,1218.0
2050-08-29 11:00:00,1073.06
2050-08-29 12:00:00,2214.51
2050-08-29 13:00:00,2151.16
2050-08-29 14:00:00,1980.22
2050-08-29 15:00:00,1562.93
2050-08-29 16:00:00,1701.67
2050-08-29 17:00:00,643.04
2050-08-29 18:00:00,298.41
2050-08-29 19:00:00,770.75
2050-08-29 20:00:00,-952.9
2050-08-29 21:00:00,-309.98
2050-08-29 22:00:00,-851.31
2050-08-29 23:00:00,-65.56
2050-08-30 00:00:00,-1001.49
2050-08-30 01:00:00,-2068.77
2050-08-30 02:00:00,-687.05
2050-08-30 03:00:00,-852.17
2050-08-30 04:00:00,-1134.75
2050-08-30 05:00:00,-513.95
2050-08-30 06:00:00,-821.0
2050-08-30 07:00:00,-801.49
2050-08-30 08:00:00,-266.37
2050-08-30 09:00:00,-122.31
2050-08-30 10:00:00,1082.32
2050-08-30 11:00:00,2484.89
2050-08-30 12:00:00,3272.51
2050-08-30 13:00:00,3641.68
2050-08-30 14:00:00,3397.77
2050-08-30 15:00:00,2785.1
2050-08-30 16:00:00,2741.24
2050-08-30 17:00:00,1498.27
2050-08-30 18:00:00,278.52
2050-08-30 19:00:00,649.35
2050-08-30 20:00:00,-32.56
2050-08-30 21:00:00,-2260.43
2050-08-30 22:00:00,-103.13
2050-08-30 23:00:00,-435.24
2050-08-31 00:00:00,-384.14
2050-08-31 01:00:00,-1484.29
2050-08-31 02:00:00,-2946.48
2050-08-31 03:00:00,-2816.9
2050-08-31 04:00:00,-1364.2
2050-08-31 05:00:00,-709.78
2050-08-31 06:00:00,-951.08
2050-08-31 07:00:00,-1316.82
2050-08-31 08:00:00,316.98
2050-08-31 09:00:00,1518.66
2050-08-31 10:00:00,2068.74
2050-08-31 11:00:00,2785.31
2050-08-31 12:00:00,3990.21
2050-08-31 13:00:00,4672.96
2050-08-31 14:00:00,4797.8
2050-08-31 15:00:00,4134.17
2050-08-31 16:00:00,4027.31
2050-08-31 17:00:00,3741.54
2050-08-31 18:00:00,3692.86
2050-08-31 19:00:00,3991.46
2050-08-31 20:00:00,1750.83
2050-08-31 21:00:00,706.53
2050-08-31 22:00:00,-213.13
2050-08-31 23:00:00,-1390.71
2050-09-01 00:00:00,-584.61
2050-09-01 01:00:00,-1709.29
2050-09-01 02:00:00,-1532.65
2050-09-01 03:00:00,-949.04
2050-09-01 04:00:00,-676.43
2050-09-01 05:00:00,-937.56
2050-09-01 06:00:00,1169.06
2050-09-01 07:00:00,461.41
2050-09-01 08:00:00,1604.88
2050-09-01 09:00:00,2192.55
2050-09-01 10:00:00,2640.21
2050-09-01 11:00:00,2571.06
2050-09-01 12:00:00,3580.45
2050-09-01 13:00:00,4794.64
2050-09-01 14:00:00,5166.44
2050-09-01 15:00:00,5389.52
2050-09-01 16:00:00,5719.32
2050-09-01 17:00:00,4632.37
2050-09-01 18:00:00,4856.56
2050-09-01 19:00:00,4630.45
2050-09-01 20:00:00,3377.88
2050-09-01 21:00:00,2841.65
2050-09-01 22:00:00,660.17
2050-09-01 23:00:00,-532.77
2050-09-02 00:00:00,1586.06
2050-09-02 01:00:00,2707.78
2050-09-02 02:00:00,968.74
2050-09-02 03:00:00,351.9
2050-09-02 04:00:00,211.6
2050-09-02 05:00:00,1243.44
2050-09-02 06:00:00,1254.44
2050-09-02 07:00:00,1436.5
2050-09-02 08:00:00,1829.83
2050-09-02 09:00:00,2211.69
2050-09-02 10:00:00,2707.99
2050-09-02 11:00:00,3134.1
2050-09-02 12:00:00,3805.98
2050-09-02 13:00:00,3769.32
2050-09-02 14:00:00,3343.62
2050-09-02 15:00:00,3742.03
2050-09-02 16:00:00,3561.17
2050-09-02 17:00:00,3012.68
2050-09-02 18:00:00,3186.76
2050-09-02 19:00:00,902.59
2050-09-02 20:00:00,470.23
2050-09-02 21:00:00,-109.09
2050-09-02 22:00:00,-884.65
2050-09-02 23:00:00,324.42
2050-09-03 00:00:00,-320.59
2050-09-03 01:00:00,-973.87
2050-09-03 02:00:00,-609.01
2050-09-03 03:00:00,440.89
2050-09-03 04:00:00,687.46
2050-09-03 05:00:00,401.39
2050-09-03 06:00:00,493.27
2050-09-03 07:00:00,898.07
2050-09-03 08:00:00,1599.64
2050-09-03 09:00:00,2566.09
2050-09-03 10:00:00,2660.65
2050-09-03 11:00:00,3426.23
2050-09-03 12:00:00,3843.52
2050-09-03 13:00:00,4394.72
2050-09-03 14:00:00,4592.49
2050-09-03 15:00:00,4398.1
2050-09-03 16:00:00,3951.91
2050-09-03 17:00:00,3880.91
2050-09-03 18:00:00,3415.33
2050-09-03 19:00:00,3992.47
2050-09-03 20:00:00,3040.59
2050-09-03 21:00:00,3296.21
2050-09-03 22:00:00,2736.83
2050-09-03 23:00:00,851.03
2050-09-04 00:00:00,747.25
2050-09-04 01:00:00,1589.76
2050-09-04 02:00:00,1658.67
2050-09-04 03:00:00,946.03
2050-09-04 04:00:00,378.57
2050-09-04 05:00:00,969.75
2050-09-04 06:00:00,948.07
2050-09-04 07:00:00,1063.04
2050-09-04 08:00:00,957.19
2050-09-04 09:00:00,2055.69
2050-09-04 10:00:00,1255.88
2050-09-04 11:00:00,2553.19
2050-09-04 12:00:00,2932.69
2050-09-04 13:00:00,3306.37
2050-09-04 14:00:00,3563.04
2050-09-04 15:00:00,1995.83
2050-09-04 16:00:00,1591.7
2050-09-04 17:00:00,928.08
2050-09-04 18:00:00,604.3
2050-09-04 19:00:00,1533.02
2050-09-04 20:00:00,2308.12
2050-09-04 21:00:00,354.22
2050-09-04 22:00:00,1568.24
2050-09-04 23:00:00,115.29
2050-09-05 00:00:00,-1012.31
2050-09-05 01:00:00,-1761.86
2050-09-05 02:00:00,-1577.55
2050-09-05 03:00:00,-1696.96
2050-09-05 04:00:00,-2152.72
2050-09-05 05:00:00,-1647.57
2050-09-05 06:00:00,-1686.14
2050-09-05 07:00:00,-1606.12
2050-09-05 08:00:00,-1436.63
2050-09-05 09:00:00,-958.78
2050-09-05 10:00:00,330.19
2050-09-05 11:00:00,713.72
2050-09-05 12:00:00,593.7
2050-09-05 13:00:00,1257.74
2050-09-05 14:00:00,734.05
2050-09-05 15:00:00,1361.93
2050-09-05 16:00:00,789.64
2050-09-05 17:00:00,949.6
2050-09-05 18:00:00,1029.99
2050-09-05 19:00:00,-1304.03
2050-09-05 20:00:00,-1052.58
2050-09-05 21:00:00,5.86
2050-09-05 22:00:00,47.94
2050-09-05 23:00:00,263.62
2050-09-06 00:00:00,329.5
2050-09-06 01:00:00,597.96
2050-09-06 02:00:00,-42.31
2050-09-06 03:00:00,-432.94
2050-09-06 04:00:00,-191.44
2050-09-06 05:00:00,-762.3
2050-09-06 06:00:00,-1491.07
2050-09-06 07:00:00,-2335.45
2050-09-06 08:00:00,-3196.42
2050-09-06 09:00:00,-1375.98
2050-09-06 10:00:00,-252.02
2050-09-06 11:00:00,-890.49
2050-09-06 12:00:00,829.83
2050-09-06 13:00:00,2088.46
2050-09-06 14:00:00,305.62
2050-09-06 15:00:00,-1444.06
2050-09-06 16:00:00,-1026.06
2050-09-06 17:00:00,-2058.15
2050-09-06 18:00:00,-2294.72
2050-09-06 19:00:00,-2288.55
2050-09-06 20:00:00,-3290.49
2050-09-06 21:00:00,-2379.94
2050-09-06 22:00:00,-1537.38
2050-09-06 23:00:00,-2360.17
2050-09-07 00:00:00,-1321.93
2050-09-07 01:00:00,-928.84
2050-09-07 02:00:00,-881.51
2050-09-07 03:00:00,-472.26
2050-09-07 04:00:00,-1157.44
2050-09-07 05:00:00,-2037.17
2050-09-07 06:00:00,-1745.41
2050-09-07 07:00:00,-2393.77
2050-09-07 08:00:00,-782.48
2050-09-07 09:00:00,417.37
2050-09-07 10:00:00,35.88
2050-09-07 11:00:00,1372.1
2050-09-07 12:00:00,1606.6
2050-09-07 13:00:00,2341.56
2050-09-07 14:00:00,1449.93
2050-09-07 15:00:00,952.52
2050-09-07 16:00:00,41.48
2050-09-07 17:00:00,-731.86
2050-09-07 18:00:00,-401.51
2050-09-07 19:00:00,7.16
2050-09-07 20:00:00,-678.61
2050-09-07 21:00:00,265.83
2050-09-07 22:00:00,-115.32
2050-09-07 23:00:00,104.68
2050-09-08 00:00:00,719.34
2050-09-08 01:00:00,542.33
2050-09-08 02:00:00,494.34
2050-09-08 03:00:00,-16.11
2050-09-08 04:00:00,-467.72
2050-09-08 05:00:00,-754.94
2050-09-08 06:00:00,-847.09
2050-09-08 07:00:00,-304.36
2050-09-08 08:00:00,-389.51
2050-09-08 09:00:00,529.95
2050-09-08 10:00:00,975.16
2050-09-08 11:00:00,1209.96
2050-09-08 12:00:00,1451.62
2050-09-08 13:00:00,1103.93
2050-09-08 14:00:00,756.81
2050-09-08 15:00:00,806.37
2050-09-08 16:00:00,689.02
2050-09-08 17:00:00,393.6
2050-09-08 18:00:00,1106.5
2050-09-08 19:00:00,-1275.09
2050-09-08 20:00:00,74.94
2050-09-08 21:00:00,312.32
2050-09-08 22:00:00,-340.0
2050-09-08 23:00:00,-1087.57
2050-09-09 00:00:00,-167.55
2050-09-09 01:00:00,-1850.87
2050-09-09 02:00:00,-1313.02
2050-09-09 03:00:00,-2196.68
2050-09-09 04:00:00,-951.38
2050-09-09 05:00:00,-650.43
2050-09-09 06:00:00,181.17
2050-09-09 07:00:00,396.69
2050-09-09 08:00:00,784.05
2050-09-09 09:00:00,1506.76
2050-09-09 10:00:00,2434.84
2050-09-09 11:00:00,2171.76
2050-09-09 12:00:00,1913.83
2050-09-09 13:00:00,2688.09
2050-09-09 14:00:00,2952.88
2050-09-09 15:00:00,1938.47
2050-09-09 16:00:00,2566.56
2050-09-09 17:00:00,2940.62
2050-09-09 18:00:00,3748.52
2050-09-09 19:00:00,3679.22
2050-09-09 20:00:00,2466.46
2050-09-09 21:00:00,2297.69
2050-09-09 22:00:00,2083.57
2050-09-09 23:00:00,1911.84
2050-09-10 00:00:00,1411.81
2050-09-10 01:00:00,818.76
2050-09-10 02:00:00,1699.74
2050-09-10 03:00:00,1472.09
2050-09-10 04:00:00,1034.91
2050-09-10 05:00:00,1069.67
2050-09-10 06:00:00,1030.31
2050-09-10 07:00:00,884.92
2050-09-10 08:00:00,39.35
2050-09-10 09:00:00,747.07
2050-09-10 10:00:00,1189.97
2050-09-10 11:00:00,168.78
2050-09-10 12:00:00,283.62
2050-09-10 13:00:00,361.5
2050-09-10 14:00:00,909.09
2050-09-10 15:00:00,1353.29
2050-09-10 16:00:00,1398.26
2050-09-10 17:00:00,1770.85
2050-09-10 18:00:00,1726.22
2050-09-10 19:00:00,477.06
2050-09-10 20:00:00,324.84
2050-09-10 21:00:00,1157.0
2050-09-10 22:00:00,1542.81
2050-09-10 23:00:00,755.27
2050-09-11 00:00:00,-897.72
2050-09-11 01:00:00,-220.33
2050-09-11 02:00:00,428.9
2050-09-11 03:00:00,-1110.35
2050-09-11 04:00:00,-2064.64
2050-09-11 05:00:00,-1694.49
2050-09-11 06:00:00,-414.74
2050-09-11 07:00:00,702.98
2050-09-11 08:00:00,1124.28
2050-09-11 09:00:00,291.66
2050-09-11 10:00:00,1161.84
2050-09-11 11:00:00,1563.71
2050-09-11 12:00:00,2031.48
2050-09-11 13:00:00,2789.7
2050-09-11 14:00:00,3305.71
2050-09-11 15:00:00,3131.12
2050-09-11 16:00:00,3769.48
2050-09-11 17:00:00,4588.67
2050-09-11 18:00:00,4461.17
2050-09-11 19:00:00,3830.23
2050-09-11 20:00:00,1748.0
2050-09-11 21:00:00,1483.78
2050-09-11 22:00:00,442.49
2050-09-11 23:00:00,340.39
2050-09-12 00:00:00,-123.47
2050-09-12 01:00:00,459.11
2050-09-12 02:00:00,759.89
2050-09-12 03:00:00,239.13
2050-09-12 04:00:00,502.05
2050-09-12 05:00:00,812.21
2050-09-12 06:00:00,892.73
2050-09-12 07:00:00,1627.47
2050-09-12 08:00:00,1298.9
2050-09-12 09:00:00,1741.51
2050-09-12 10:00:00,1816.32
2050-09-12 11:00:00,2378.66
2050-09-12 12:00:00,2218.83
2050-09-12 13:00:00,2198.03
2050-09-12 14:00:00,2182.22
2050-09-12 15:00:00,1265.67
2050-09-12 16:00:00,1570.6
2050-09-12 17:00:00,1683.27
2050-09-12 18:00:00,-89.21
2050-09-12 19:00:00,-919.83
2050-09-12 20:00:00,-10.38
2050-09-12 21:00:00,166.85
2050-09-12 22:00:00,-365.45
2050-09-12 23:00:00,-624.03
2050-09-13 00:00:00,-534.87
2050-09-13 01:00:00,904.62
2050-09-13 02:00:00,-59.91
2050-09-13 03:00:00,-1016.94
2050-09-13 04:00:00,31.86
2050-09-13 05:00:00,101.39
2050-09-13 06:00:00,-41.06
2050-09-13 07:00:00,-732.95
2050-09-13 08:00:00,-1193.77
2050-09-13 09:00:00,81.81
2050-09-13 10:00:00,1435.96
2050-09-13 11:00:00,2438.56
2050-09-13 12:00:00,2741.43
2050-09-13 13:00:00,2100.04
2050-09-13 14:00:00,2690.64
2050-09-13 15:00:00,2875.29
2050-09-13 16:00:00,1566.22
2050-09-13 17:00:00,2482.52
2050-09-13 18:00:00,2813.03
2050-09-13 19:00:00,1705.13
2050-09-13 20:00:00,1636.85
2050-09-13 21:00:00,160.74
2050-09-13 22:00:00,-322.87
2050-09-13 23:00:00,-277.33
2050-09-14 00:00:00,552.7
2050-09-14 01:00:00,-464.84
2050-09-14 02:00:00,-1343.41
2050-09-14 03:00:00,-2119.28
2050-09-14 04:00:00,-3730.34
2050-09-14 05:00:00,-3006.45
2050-09-14 06:00:00,-1422.18
2050-09-14 07:00:00,-621.38
2050-09-14 08:00:00,-712.41
2050-09-14 09:00:00,-1135.95
2050-09-14 10:00:00,-630.26
2050-09-14 11:00:00,-271.78
2050-09-14 12:00:00,18.76
2050-09-14 13:00:00,494.09
2050-09-14 14:00:00,1613.26
2050-09-14 15:00:00,1527.12
2050-09-14 16:00:00,1978.93
2050-09-14 17:00:00,2101.68
2050-09-14 18:00:00,429.83
2050-09-14 19:00:00,424.56
2050-09-14 20:00:00,-44.42
2050-09-14 21:00:00,-1295.66
2050-09-14 22:00:00,-2677.78
2050-09-14 23:00:00,-3654.98
2050-09-15 00:00:00,-3659.04
2050-09-15 01:00:00,-4459.35
2050-09-15 02:00:00,-3342.39
2050-09-15 03:00:00,-3575.51
2050-09-15 04:00:00,-2666.25
2050-09-15 05:00:00,-2191.05
2050-09-15 06:00:00,-2263.81
2050-09-15 07:00:00,-2171.66
2050-09-15 08:00:00,-23.56
2050-09-15 09:00:00,663.4
2050-09-15 10:00:00,1154.24
2050-09-15 11:00:00,1807.12
2050-09-15 12:00:00,2515.75
2050-09-15 13:00:00,2831.78
2050-09-15 14:00:00,3084.93
2050-09-15 15:00:00,3241.75
2050-09-15 16:00:00,3482.82
2050-09-15 17:00:00,3377.39
2050-09-15 18:00:00,3579.71
2050-09-15 19:00:00,3422.55
2050-09-15 20:00:00,2499.16
2050-09-15 21:00:00,1959.93
2050-09-15 22:00:00,2103.54
2050-09-15 23:00:00,1611.15
2050-09-16 00:00:00,1156.4
2050-09-16 01:00:00,1715.23
2050-09-16 02:00:00,1845.85
2050-09-16 03:00:00,1903.76
2050-09-16 04:00:00,1758.9
2050-09-16 05:00:00,1574.29
2050-09-16 06:00:00,1442.1
2050-09-16 07:00:00,2034.02
2050-09-16 08:00:00,2159.92
2050-09-16 09:00:00,2910.5
2050-09-16 10:00:00,2844.05
2050-09-16 11:00:00,2861.82
2050-09-16 12:00:00,2998.66
2050-09-16 13:00:00,3137.68
2050-09-16 14:00:00,3050.31
2050-09-16 15:00:00,3316.59
2050-09-16 16:00:00,3531.32
2050-09-16 17:00:00,3749.99
2050-09-16 18:00:00,3747.53
2050-09-16 19:00:00,4234.83
2050-09-16 20:00:00,3707.38
2050-09-16 21:00:00,4103.43
2050-09-16 22:00:00,3722.22
2050-09-16 23:00:00,3661.41
2050-09-17 00:00:00,2989.49
2050-09-17 01:00:00,2735.86
2050-09-17 02:00:00,2079.98
2050-09-17 03:00:00,1734.97
2050-09-17 04:00:00,1983.32
2050-09-17 05:00:00,1937.35
2050-09-17 06:00:00,2204.08
2050-09-17 07:00:00,2079.12
2050-09-17 08:00:00,2503.75
2050-09-17 09:00:00,3230.16
2050-09-17 10:00:00,3613.85
2050-09-17 11:00:00,3877.01
2050-09-17 12:00:00,4001.13
2050-09-17 13:00:00,4269.23
2050-09-17 14:00:00,4179.24
2050-09-17 15:00:00,4164.99
2050-09-17 16:00:00,3991.22
2050-09-17 17:00:00,4022.63
2050-09-17 18:00:00,3467.89
2050-09-17 19:00:00,2299.87
2050-09-17 20:00:00,1069.79
2050-09-17 21:00:00,1007.93
2050-09-17 22:00:00,1357.99
2050-09-17 23:00:00,-26.11
2050-09-18 00:00:00,-214.68
2050-09-18 01:00:00,-496.88
2050-09-18 02:00:00,-384.57
2050-09-18 03:00:00,-1113.63
2050-09-18 04:00:00,-1178.03
2050-09-18 05:00:00,-2647.29
2050-09-18 06:00:00,-1682.31
2050-09-18 07:00:00,-1080.98
2050-09-18 08:00:00,-4100.11
2050-09-18 09:00:00,-2768.42
2050-09-18 10:00:00,-2294.46
2050-09-18 11:00:00,-2218.14
2050-09-18 12:00:00,-2640.06
2050-09-18 13:00:00,-1025.6
2050-09-18 14:00:00,-1086.77
2050-09-18 15:00:00,381.45
2050-09-18 16:00:00,828.56
2050-09-18 17:00:00,594.85
2050-09-18 18:00:00,-616.55
2050-09-18 19:00:00,-2213.94
2050-09-18 20:00:00,-3008.24
2050-09-18 21:00:00,-3879.54
2050-09-18 22:00:00,-3257.55
2050-09-18 23:00:00,-3076.48
2050-09-19 00:00:00,-4551.75
2050-09-19 01:00:00,-3486.1
2050-09-19 02:00:00,-4370.37
2050-09-19 03:00:00,-4877.91
2050-09-19 04:00:00,-4521.9
2050-09-19 05:00:00,-3893.38
2050-09-19 06:00:00,-3614.15
2050-09-19 07:00:00,-3784.25
2050-09-19 08:00:00,-3933.64
2050-09-19 09:00:00,-3365.45
2050-09-19 10:00:00,-1398.49
2050-09-19 11:00:00,-523.44
2050-09-19 12:00:00,-234.68
2050-09-19 13:00:00,463.87
2050-09-19 14:00:00,-6.92
2050-09-19 15:00:00,-590.96
2050-09-19 16:00:00,778.35
2050-09-19 17:00:00,1440.27
2050-09-19 18:00:00,2050.88
2050-09-19 19:00:00,2598.18
2050-09-19 20:00:00,1893.87
2050-09-19 21:00:00,523.96
2050-09-19 22:00:00,1681.7
2050-09-19 23:00:00,1787.71
2050-09-20 00:00:00,1255.39
2050-09-20 01:00:00,-808.3
2050-09-20 02:00:00,-1175.52
2050-09-20 03:00:00,-1752.09
2050-09-20 04:00:00,-2017.41
2050-09-20 05:00:00,-1909.2
2050-09-20 06:00:00,-1966.99
2050-09-20 07:00:00,-1143.75
2050-09-20 08:00:00,-106.9
2050-09-20 09:00:00,-1103.65
2050-09-20 10:00:00,-471.61
2050-09-20 11:00:00,-296.26
2050-09-20 12:00:00,81.74
2050-09-20 13:00:00,675.45
2050-09-20 14:00:00,1972.26
2050-09-20 15:00:00,3282.56
2050-09-20 16:00:00,3110.62
2050-09-20 17:00:00,2669.81
2050-09-20 18:00:00,2718.93
2050-09-20 19:00:00,2050.8
2050-09-20 20:00:00,1954.01
2050-09-20 21:00:00,1338.2
2050-09-20 22:00:00,-528.2
2050-09-20 23:00:00,-279.84
2050-09-21 00:00:00,-698.87
2050-09-21 01:00:00,-269.07
2050-09-21 02:00:00,-508.04
2050-09-21 03:00:00,-1070.17
2050-09-21 04:00:00,-1396.7
2050-09-21 05:00:00,-688.65
2050-09-21 06:00:00,-607.77
2050-09-21 07:00:00,-879.79
2050-09-21 08:00:00,-304.52
2050-09-21 09:00:00,1086.29
2050-09-21 10:00:00,1014.02
2050-09-21 11:00:00,1904.5
2050-09-21 12:00:00,2270.67
2050-09-21 13:00:00,2885.53
2050-09-21 14:00:00,2782.51
2050-09-21 15:00:00,2983.41
2050-09-21 16:00:00,3015.81
2050-09-21 17:00:00,2797.57
2050-09-21 18:00:00,2584.67
2050-09-21 19:00:00,239.75
2050-09-21 20:00:00,-905.14
2050-09-21 21:00:00,-1280.99
2050-09-21 22:00:00,-731.38
2050-09-21 23:00:00,-529.48
2050-09-22 00:00:00,-1356.77
2050-09-22 01:00:00,-2766.41
2050-09-22 02:00:00,-3412.97
2050-09-22 03:00:00,-3281.12
2050-09-22 04:00:00,-3970.29
2050-09-22 05:00:00,-2773.67
2050-09-22 06:00:00,-3729.45
2050-09-22 07:00:00,-4864.17
2050-09-22 08:00:00,-5024.15
2050-09-22 09:00:00,-4128.95
2050-09-22 10:00:00,-3782.24
2050-09-22 11:00:00,-2429.23
2050-09-22 12:00:00,-1150.0
2050-09-22 13:00:00,-1382.93
2050-09-22 14:00:00,-2655.45
2050-09-22 15:00:00,-3676.82
2050-09-22 16:00:00,-2561.22
2050-09-22 17:00:00,-1277.16
2050-09-22 18:00:00,-1001.27
2050-09-22 19:00:00,-2909.39
2050-09-22 20:00:00,-4101.41
2050-09-22 21:00:00,-4441.43
2050-09-22 22:00:00,-4668.92
2050-09-22 23:00:00,-4778.79
2050-09-23 00:00:00,-5179.8
2050-09-23 01:00:00,-5002.27
2050-09-23 02:00:00,-5506.89
2050-09-23 03:00:00,-5914.55
2050-09-23 04:00:00,-6244.11
2050-09-23 05:00:00,-6179.94
2050-09-23 06:00:00,-6683.29
2050-09-23 07:00:00,-6697.36
2050-09-23 08:00:00,-5368.54
2050-09-23 09:00:00,-4386.62
2050-09-23 10:00:00,-4897.91
2050-09-23 11:00:00,-4297.4
2050-09-23 12:00:00,-4503.48
2050-09-23 13:00:00,-3785.09
2050-09-23 14:00:00,-4022.6
2050-09-23 15:00:00,-3339.45
2050-09-23 16:00:00,-3740.13
2050-09-23 17:00:00,-3219.34
2050-09-23 18:00:00,-3029.34
2050-09-23 19:00:00,-3223.32
2050-09-23 20:00:00,-3466.09
2050-09-23 21:00:00,-2582.84
2050-09-23 22:00:00,-2730.02
2050-09-23 23:00:00,-2428.19
2050-09-24 00:00:00,-3353.72
2050-09-24 01:00:00,-2811.46
2050-09-24 02:00:00,-2842.09
2050-09-24 03:00:00,-4097.47
2050-09-24 04:00:00,-4301.68
2050-09-24 05:00:00,-3125.82
2050-09-24 06:00:00,-3315.96
2050-09-24 07:00:00,-2720.89
2050-09-24 08:00:00,-2041.56
2050-09-24 09:00:00,-1673.24
2050-09-24 10:00:00,-292.49
2050-09-24 11:00:00,603.15
2050-09-24 12:00:00,1693.97
2050-09-24 13:00:00,1806.11
2050-09-24 14:00:00,2176.59
2050-09-24 15:00:00,2464.94
2050-09-24 16:00:00,2947.16
2050-09-24 17:00:00,2411.77
2050-09-24 18:00:00,2840.66
2050-09-24 19:00:00,1637.27
2050-09-24 20:00:00,753.06
2050-09-24 21:00:00,1743.34
2050-09-24 22:00:00,886.74
2050-09-24 23:00:00,1558.25
2050-09-25 00:00:00,127.32
2050-09-25 01:00:00,-64.17
2050-09-25 02:00:00,-786.06
2050-09-25 03:00:00,120.79
2050-09-25 04:00:00,-119.89
2050-09-25 05:00:00,410.82
2050-09-25 06:00:00,528.18
2050-09-25 07:00:00,948.21
2050-09-25 08:00:00,495.35
2050-09-25 09:00:00,1819.95
2050-09-25 10:00:00,1116.8
2050-09-25 11:00:00,2534.53
2050-09-25 12:00:00,2332.31
2050-09-25 13:00:00,2014.29
2050-09-25 14:00:00,947.69
2050-09-25 15:00:00,873.42
2050-09-25 16:00:00,219.28
2050-09-25 17:00:00,953.26
2050-09-25 18:00:00,2193.12
2050-09-25 19:00:00,247.67
2050-09-25 20:00:00,325.11
2050-09-25 21:00:00,-2927.71
2050-09-25 22:00:00,-2357.0
2050-09-25 23:00:00,-3600.2
2050-09-26 00:00:00,-1235.98
2050-09-26 01:00:00,-1724.46
2050-09-26 02:00:00,-2188.21
2050-09-26 03:00:00,-1621.94
2050-09-26 04:00:00,-1334.9
2050-09-26 05:00:00,-2273.35
2050-09-26 06:00:00,-2630.47
2050-09-26 07:00:00,-2777.93
2050-09-26 08:00:00,-3294.17
2050-09-26 09:00:00,-2842.62
2050-09-26 10:00:00,-3337.4
2050-09-26 11:00:00,-3424.7
2050-09-26 12:00:00,-4156.82
2050-09-26 13:00:00,-4266.92
2050-09-26 14:00:00,-4017.2
2050-09-26 15:00:00,-3439.7
2050-09-26 16:00:00,-4319.69
2050-09-26 17:00:00,-4712.37
2050-09-26 18:00:00,-2267.03
2050-09-26 19:00:00,-1175.99
2050-09-26 20:00:00,-1892.22
2050-09-26 21:00:00,-1520.74
2050-09-26 22:00:00,-1352.3
2050-09-26 23:00:00,-1291.29
2050-09-27 00:00:00,-2357.29
2050-09-27 01:00:00,-3526.66
2050-09-27 02:00:00,-3436.32
2050-09-27 03:00:00,-3249.99
2050-09-27 04:00:00,-2675.37
2050-09-27 05:00:00,-1667.84
2050-09-27 06:00:00,-1009.04
2050-09-27 07:00:00,-1052.02
2050-09-27 08:00:00,-660.99
2050-09-27 09:00:00,229.79
2050-09-27 10:00:00,751.07
2050-09-27 11:00:00,1373.54
2050-09-27 12:00:00,1396.55
2050-09-27 13:00:00,660.08
2050-09-27 14:00:00,1151.33
2050-09-27 15:00:00,964.79
2050-09-27 16:00:00,284.47
2050-09-27 17:00:00,-39.14
2050-09-27 18:00:00,439.79
2050-09-27 19:00:00,-1257.0
2050-09-27 20:00:00,-867.32
2050-09-27 21:00:00,-588.43
2050-09-27 22:00:00,-535.88
2050-09-27 23:00:00,-1189.46
2050-09-28 00:00:00,-2436.35
2050-09-28 01:00:00,-1925.82
2050-09-28 02:00:00,-2912.47
2050-09-28 03:00:00,-4165.88
2050-09-28 04:00:00,-4374.17
2050-09-28 05:00:00,-3384.49
2050-09-28 06:00:00,-4494.88
2050-09-28 07:00:00,-4967.26
2050-09-28 08:00:00,-3830.46
2050-09-28 09:00:00,-1319.09
2050-09-28 10:00:00,-2330.8
2050-09-28 11:00:00,-2739.98
2050-09-28 12:00:00,-2641.0
2050-09-28 13:00:00,-1660.91
2050-09-28 14:00:00,-1025.87
2050-09-28 15:00:00,-46.06
2050-09-28 16:00:00,-1108.15
2050-09-28 17:00:00,-826.97
2050-09-28 18:00:00,-731.58
2050-09-28 19:00:00,-2003.52
2050-09-28 20:00:00,-1965.84
2050-09-28 21:00:00,-1373.93
2050-09-28 22:00:00,-3225.61
2050-09-28 23:00:00,-4116.73
2050-09-29 00:00:00,-4487.95
2050-09-29 01:00:00,-4661.44
2050-09-29 02:00:00,-4474.83
2050-09-29 03:00:00,-5612.32
2050-09-29 04:00:00,-6199.53
2050-09-29 05:00:00,-6477.33
2050-09-29 06:00:00,-5747.58
2050-09-29 07:00:00,-3955.27
2050-09-29 08:00:00,-5333.48
2050-09-29 09:00:00,-3007.85
2050-09-29 10:00:00,-1770.94
2050-09-29 11:00:00,-1764.08
2050-09-29 12:00:00,-1203.77
2050-09-29 13:00:00,-395.22
2050-09-29 14:00:00,1546.77
2050-09-29 15:00:00,2855.58
2050-09-29 16:00:00,1997.68
2050-09-29 17:00:00,1381.95
2050-09-29 18:00:00,2584.4
2050-09-29 19:00:00,-206.75
2050-09-29 20:00:00,462.12
2050-09-29 21:00:00,-295.63
2050-09-29 22:00:00,-1665.59
2050-09-29 23:00:00,-4518.81
2050-09-30 00:00:00,-3237.33
2050-09-30 01:00:00,-5321.16
2050-09-30 02:00:00,-6398.98
2050-09-30 03:00:00,-6926.14
2050-09-30 04:00:00,-6967.89
2050-09-30 05:00:00,-5139.21
2050-09-30 06:00:00,-6653.82
2050-09-30 07:00:00,-6708.31
2050-09-30 08:00:00,-5962.79
2050-09-30 09:00:00,-5507.03
2050-09-30 10:00:00,-5023.01
2050-09-30 11:00:00,-4697.56
2050-09-30 12:00:00,-2955.49
2050-09-30 13:00:00,-2775.64
2050-09-30 14:00:00,-2762.43
2050-09-30 15:00:00,-2391.71
2050-09-30 16:00:00,-3080.32
2050-09-30 17:00:00,-2480.48
2050-09-30 18:00:00,-1538.82
2050-09-30 19:00:00,-2815.13
2050-09-30 20:00:00,-2953.79
2050-09-30 21:00:00,-2825.84
2050-09-30 22:00:00,-3497.14
2050-09-30 23:00:00,-3640.55
2050-10-01 00:00:00,-5300.79
2050-10-01 01:00:00,-4972.81
2050-10-01 02:00:00,-4249.9
2050-10-01 03:00:00,-4766.68
2050-10-01 04:00:00,-4864.56
2050-10-01 05:00:00,-4969.55
2050-10-01 06:00:00,-4576.22
2050-10-01 07:00:00,-4733.02
2050-10-01 08:00:00,-4155.35
2050-10-01 09:00:00,-4144.82
2050-10-01 10:00:00,-3324.1
2050-10-01 11:00:00,-2481.32
2050-10-01 12:00:00,-2562.45
2050-10-01 13:00:00,-903.95
2050-10-01 14:00:00,-760.78
2050-10-01 15:00:00,-882.61
2050-10-01 16:00:00,-1737.92
2050-10-01 17:00:00,-1387.96
2050-10-01 18:00:00,-1173.02
2050-10-01 19:00:00,-2044.48
2050-10-01 20:00:00,-4262.25
2050-10-01 21:00:00,-4540.26
2050-10-01 22:00:00,-3726.65
2050-10-01 23:00:00,-3870.7
2050-10-02 00:00:00,-4208.45
2050-10-02 01:00:00,-5281.51
2050-10-02 02:00:00,-6119.6
2050-10-02 03:00:00,-6021.85
2050-10-02 04:00:00,-6086.68
2050-10-02 05:00:00,-6016.16
2050-10-02 06:00:00,-5766.73
2050-10-02 07:00:00,-5958.36
2050-10-02 08:00:00,-4897.97
2050-10-02 09:00:00,-5148.46
2050-10-02 10:00:00,-5527.57
2050-10-02 11:00:00,-4821.99
2050-10-02 12:00:00,-5448.18
2050-10-02 13:00:00,-5176.75
2050-10-02 14:00:00,-4795.54
2050-10-02 15:00:00,-4440.54
2050-10-02 16:00:00,-3535.33
2050-10-02 17:00:00,-1922.94
2050-10-02 18:00:00,-2222.53
2050-10-02 19:00:00,-3596.36
2050-10-02 20:00:00,-5406.67
2050-10-02 21:00:00,-3876.99
2050-10-02 22:00:00,-5134.54
2050-10-02 23:00:00,-5426.53
2050-10-03 00:00:00,-6166.97
2050-10-03 01:00:00,-3855.4
2050-10-03 02:00:00,-3856.96
2050-10-03 03:00:00,-3467.52
2050-10-03 04:00:00,-3345.45
2050-10-03 05:00:00,-3990.58
2050-10-03 06:00:00,-3511.19
2050-10-03 07:00:00,-2584.4
2050-10-03 08:00:00,-2183.58
2050-10-03 09:00:00,-3951.56
2050-10-03 10:00:00,-3559.04
2050-10-03 11:00:00,-2221.15
2050-10-03 12:00:00,-1800.96
2050-10-03 13:00:00,-1572.04
2050-10-03 14:00:00,-692.47
2050-10-03 15:00:00,-720.57
2050-10-03 16:00:00,-669.23
2050-10-03 17:00:00,-265.52
2050-10-03 18:00:00,-6.47
2050-10-03 19:00:00,-376.98
2050-10-03 20:00:00,541.52
2050-10-03 21:00:00,-455.7
2050-10-03 22:00:00,-1166.72
2050-10-03 23:00:00,-554.22
2050-10-04 00:00:00,-1104.56
2050-10-04 01:00:00,-1665.89
2050-10-04 02:00:00,-3093.44
2050-10-04 03:00:00,-3075.73
2050-10-04 04:00:00,-4208.51
2050-10-04 05:00:00,-4444.41
2050-10-04 06:00:00,-4197.68
2050-10-04 07:00:00,-3143.68
2050-10-04 08:00:00,-3176.14
2050-10-04 09:00:00,-2959.31
2050-10-04 10:00:00,-3190.59
2050-10-04 11:00:00,-4567.6
2050-10-04 12:00:00,-3963.28
2050-10-04 13:00:00,-4085.19
2050-10-04 14:00:00,-4600.27
2050-10-04 15:00:00,-4549.1
2050-10-04 16:00:00,-5111.95
2050-10-04 17:00:00,-4965.92
2050-10-04 18:00:00,-5306.09
2050-10-04 19:00:00,-4556.58
2050-10-04 20:00:00,-3871.04
2050-10-04 21:00:00,-4567.58
2050-10-04 22:00:00,-3941.07
2050-10-04 23:00:00,-3204.71
2050-10-05 00:00:00,-5484.1
2050-10-05 01:00:00,-4789.07
2050-10-05 02:00:00,-4874.09
2050-10-05 03:00:00,-5958.16
2050-10-05 04:00:00,-5310.31
2050-10-05 05:00:00,-3876.04
2050-10-05 06:00:00,-2900.37
2050-10-05 07:00:00,-3201.6
2050-10-05 08:00:00,-1639.81
2050-10-05 09:00:00,-420.17
2050-10-05 10:00:00,-949.18
2050-10-05 11:00:00,-343.38
2050-10-05 12:00:00,-199.69
2050-10-05 13:00:00,1039.45
2050-10-05 14:00:00,797.28
2050-10-05 15:00:00,1210.22
2050-10-05 16:00:00,1409.19
2050-10-05 17:00:00,2196.67
2050-10-05 18:00:00,1911.71
2050-10-05 19:00:00,2646.94
2050-10-05 20:00:00,2769.81
2050-10-05 21:00:00,2426.94
2050-10-05 22:00:00,2369.86
2050-10-05 23:00:00,2515.06
2050-10-06 00:00:00,1704.74
2050-10-06 01:00:00,1799.34
2050-10-06 02:00:00,1853.56
2050-10-06 03:00:00,1747.93
2050-10-06 04:00:00,1335.56
2050-10-06 05:00:00,1421.48
2050-10-06 06:00:00,1506.79
2050-10-06 07:00:00,1509.93
2050-10-06 08:00:00,2139.91
2050-10-06 09:00:00,2607.24
2050-10-06 10:00:00,2570.52
2050-10-06 11:00:00,2992.38
2050-10-06 12:00:00,3059.18
2050-10-06 13:00:00,2915.07
2050-10-06 14:00:00,2864.59
2050-10-06 15:00:00,3012.76
2050-10-06 16:00:00,3307.47
2050-10-06 17:00:00,3889.03
2050-10-06 18:00:00,3641.12
2050-10-06 19:00:00,2777.56
2050-10-06 20:00:00,2784.74
2050-10-06 21:00:00,2055.0
2050-10-06 22:00:00,1234.33
2050-10-06 23:00:00,946.47
2050-10-07 00:00:00,377.89
2050-10-07 01:00:00,653.15
2050-10-07 02:00:00,469.55
2050-10-07 03:00:00,2.25
2050-10-07 04:00:00,174.79
2050-10-07 05:00:00,149.73
2050-10-07 06:00:00,1297.32
2050-10-07 07:00:00,488.4
2050-10-07 08:00:00,840.08
2050-10-07 09:00:00,1035.2
2050-10-07 10:00:00,143.56
2050-10-07 11:00:00,437.35
2050-10-07 12:00:00,1196.97
2050-10-07 13:00:00,-46.86
2050-10-07 14:00:00,216.96
2050-10-07 15:00:00,-1987.01
2050-10-07 16:00:00,-2189.22
2050-10-07 17:00:00,-1772.84
2050-10-07 18:00:00,-2681.71
2050-10-07 19:00:00,15.22
2050-10-07 20:00:00,-3586.47
2050-10-07 21:00:00,-3743.9
2050-10-07 22:00:00,-2688.06
2050-10-07 23:00:00,-3260.14
2050-10-08 00:00:00,-2864.99
2050-10-08 01:00:00,-2878.03
2050-10-08 02:00:00,-1438.33
2050-10-08 03:00:00,-2203.58
2050-10-08 04:00:00,-4933.61
2050-10-08 05:00:00,-4821.8
2050-10-08 06:00:00,-4453.47
2050-10-08 07:00:00,-3950.42
2050-10-08 08:00:00,-2779.84
2050-10-08 09:00:00,-2186.13
2050-10-08 10:00:00,-2819.33
2050-10-08 11:00:00,-2047.62
2050-10-08 12:00:00,-1167.6
2050-10-08 13:00:00,-1038.83
2050-10-08 14:00:00,-436.6
2050-10-08 15:00:00,57.76
2050-10-08 16:00:00,-445.2
2050-10-08 17:00:00,130.47
2050-10-08 18:00:00,-218.64
2050-10-08 19:00:00,-2401.35
2050-10-08 20:00:00,-1212.41
2050-10-08 21:00:00,-1576.98
2050-10-08 22:00:00,-1213.04
2050-10-08 23:00:00,-1278.72
2050-10-09 00:00:00,-2179.91
2050-10-09 01:00:00,-2425.64
2050-10-09 02:00:00,-3054.78
2050-10-09 03:00:00,-3562.66
2050-10-09 04:00:00,-4459.5
2050-10-09 05:00:00,-4937.75
2050-10-09 06:00:00,-5909.75
2050-10-09 07:00:00,-5772.49
2050-10-09 08:00:00,-5293.15
2050-10-09 09:00:00,-5781.59
2050-10-09 10:00:00,-5753.44
2050-10-09 11:00:00,-6446.81
2050-10-09 12:00:00,-6208.74
2050-10-09 13:00:00,-6137.84
2050-10-09 14:00:00,-6078.58
2050-10-09 15:00:00,-5850.16
2050-10-09 16:00:00,-5567.87
2050-10-09 17:00:00,-5324.53
2050-10-09 18:00:00,-5102.95
2050-10-09 19:00:00,-5272.28
2050-10-09 20:00:00,-5479.05
2050-10-09 21:00:00,-5664.43
2050-10-09 22:00:00,-5960.71
2050-10-09 23:00:00,-6234.03
2050-10-10 00:00:00,-6607.94
2050-10-10 01:00:00,-6646.46
2050-10-10 02:00:00,-6832.84
2050-10-10 03:00:00,-6808.43
2050-10-10 04:00:00,-6707.79
2050-10-10 05:00:00,-5933.65
2050-10-10 06:00:00,-5952.63
2050-10-10 07:00:00,-4374.11
2050-10-10 08:00:00,-4378.79
2050-10-10 09:00:00,-3039.0
2050-10-10 10:00:00,-2258.95
2050-10-10 11:00:00,-1782.65
2050-10-10 12:00:00,-1364.65
2050-10-10 13:00:00,-1939.5
2050-10-10 14:00:00,-2425.89
2050-10-10 15:00:00,-2701.92
2050-10-10 16:00:00,-2002.65
2050-10-10 17:00:00,-266.62
2050-10-10 18:00:00,-316.67
2050-10-10 19:00:00,-1822.4
2050-10-10 20:00:00,-2254.8
2050-10-10 21:00:00,-3684.77
2050-10-10 22:00:00,-3183.34
2050-10-10 23:00:00,-671.21
2050-10-11 00:00:00,-3421.75
2050-10-11 01:00:00,-3287.78
2050-10-11 02:00:00,-3857.14
2050-10-11 03:00:00,-3903.01
2050-10-11 04:00:00,-2654.59
2050-10-11 05:00:00,-1805.25
2050-10-11 06:00:00,-1610.79
2050-10-11 07:00:00,-1127.41
2050-10-11 08:00:00,-815.94
2050-10-11 09:00:00,-766.61
2050-10-11 10:00:00,-2320.05
2050-10-11 11:00:00,-2233.16
2050-10-11 12:00:00,-6.82
2050-10-11 13:00:00,-234.79
2050-10-11 14:00:00,-654.3
2050-10-11 15:00:00,307.22
2050-10-11 16:00:00,25.74
2050-10-11 17:00:00,-464.21
2050-10-11 18:00:00,-403.85
2050-10-11 19:00:00,1485.12
2050-10-11 20:00:00,-597.34
2050-10-11 21:00:00,-1540.65
2050-10-11 22:00:00,-1633.61
2050-10-11 23:00:00,-1305.1
2050-10-12 00:00:00,-2243.8
2050-10-12 01:00:00,-620.56
2050-10-12 02:00:00,-1865.31
2050-10-12 03:00:00,-3659.54
2050-10-12 04:00:00,-3965.68
2050-10-12 05:00:00,-5384.77
2050-10-12 06:00:00,-4009.99
2050-10-12 07:00:00,-4536.74
2050-10-12 08:00:00,-2359.28
2050-10-12 09:00:00,-3151.69
2050-10-12 10:00:00,-1858.75
2050-10-12 11:00:00,-1116.33
2050-10-12 12:00:00,-333.57
2050-10-12 13:00:00,-616.67
2050-10-12 14:00:00,-463.42
2050-10-12 15:00:00,584.79
2050-10-12 16:00:00,688.63
2050-10-12 17:00:00,981.33
2050-10-12 18:00:00,28.28
2050-10-12 19:00:00,636.1
2050-10-12 20:00:00,329.4
2050-10-12 21:00:00,124.49
2050-10-12 22:00:00,-510.54
2050-10-12 23:00:00,-1363.55
2050-10-13 00:00:00,-1303.63
2050-10-13 01:00:00,-971.09
2050-10-13 02:00:00,-2232.41
2050-10-13 03:00:00,-2040.59
2050-10-13 04:00:00,-340.34
2050-10-13 05:00:00,-566.77
2050-10-13 06:00:00,-734.46
2050-10-13 07:00:00,466.31
2050-10-13 08:00:00,646.56
2050-10-13 09:00:00,658.51
2050-10-13 10:00:00,546.98
2050-10-13 11:00:00,-30.53
2050-10-13 12:00:00,-515.43
2050-10-13 13:00:00,-1070.98
2050-10-13 14:00:00,350.1
2050-10-13 15:00:00,200.53
2050-10-13 16:00:00,1249.54
2050-10-13 17:00:00,605.3
2050-10-13 18:00:00,1773.89
2050-10-13 19:00:00,37.1
2050-10-13 20:00:00,418.47
2050-10-13 21:00:00,1233.07
2050-10-13 22:00:00,382.34
2050-10-13 23:00:00,-42.77
2050-10-14 00:00:00,1627.57
2050-10-14 01:00:00,196.38
2050-10-14 02:00:00,-1350.66
2050-10-14 03:00:00,-2844.45
2050-10-14 04:00:00,-1776.57
2050-10-14 05:00:00,-1074.91
2050-10-14 06:00:00,290.74
2050-10-14 07:00:00,763.7
2050-10-14 08:00:00,2123.51
2050-10-14 09:00:00,2683.21
2050-10-14 10:00:00,2635.99
2050-10-14 11:00:00,2546.5
2050-10-14 12:00:00,2666.42
2050-10-14 13:00:00,2963.77
2050-10-14 14:00:00,2680.6
2050-10-14 15:00:00,2699.56
2050-10-14 16:00:00,2591.55
2050-10-14 17:00:00,2960.56
2050-10-14 18:00:00,3498.59
2050-10-14 19:00:00,3125.57
2050-10-14 20:00:00,3657.64
2050-10-14 21:00:00,3058.14
2050-10-14 22:00:00,2699.44
2050-10-14 23:00:00,837.19
2050-10-15 00:00:00,1117.48
2050-10-15 01:00:00,-258.27
2050-10-15 02:00:00,-618.02
2050-10-15 03:00:00,-61.8
2050-10-15 04:00:00,17.94
2050-10-15 05:00:00,170.93
2050-10-15 06:00:00,278.55
2050-10-15 07:00:00,1241.51
2050-10-15 08:00:00,1789.64
2050-10-15 09:00:00,1753.99
2050-10-15 10:00:00,1744.08
2050-10-15 11:00:00,1790.82
2050-10-15 12:00:00,1534.29
2050-10-15 13:00:00,1298.09
2050-10-15 14:00:00,542.3
2050-10-15 15:00:00,380.52
2050-10-15 16:00:00,-162.7
2050-10-15 17:00:00,-1955.23
2050-10-15 18:00:00,-2311.39
2050-10-15 19:00:00,-3248.11
2050-10-15 20:00:00,-4000.89
2050-10-15 21:00:00,-4060.23
2050-10-15 22:00:00,-4641.54
2050-10-15 23:00:00,-4992.59
2050-10-16 00:00:00,-5099.08
2050-10-16 01:00:00,-4806.35
2050-10-16 02:00:00,-3317.73
2050-10-16 03:00:00,-4763.63
2050-10-16 04:00:00,-5934.07
2050-10-16 05:00:00,-5393.4
2050-10-16 06:00:00,-5588.28
2050-10-16 07:00:00,-5236.92
2050-10-16 08:00:00,-3896.25
2050-10-16 09:00:00,-3963.03
2050-10-16 10:00:00,-3844.39
2050-10-16 11:00:00,-3004.94
2050-10-16 12:00:00,-2569.86
2050-10-16 13:00:00,-2561.04
2050-10-16 14:00:00,-2419.1
2050-10-16 15:00:00,-2367.63
2050-10-16 16:00:00,-2059.29
2050-10-16 17:00:00,-4558.0
2050-10-16 18:00:00,-4042.36
2050-10-16 19:00:00,-4337.33
2050-10-16 20:00:00,-5375.32
2050-10-16 21:00:00,-4697.81
2050-10-16 22:00:00,-5544.43
2050-10-16 23:00:00,-5699.91
2050-10-17 00:00:00,-5637.26
2050-10-17 01:00:00,-5297.8
2050-10-17 02:00:00,-5806.1
2050-10-17 03:00:00,-5286.63
2050-10-17 04:00:00,-4194.41
2050-10-17 05:00:00,-4455.33
2050-10-17 06:00:00,-5094.91
2050-10-17 07:00:00,-4806.65
2050-10-17 08:00:00,-4240.96
2050-10-17 09:00:00,-5086.13
2050-10-17 10:00:00,-6096.96
2050-10-17 11:00:00,-4763.37
2050-10-17 12:00:00,-4211.1
2050-10-17 13:00:00,-3857.23
2050-10-17 14:00:00,-4665.53
2050-10-17 15:00:00,-4617.52
2050-10-17 16:00:00,-4611.19
2050-10-17 17:00:00,-4970.92
2050-10-17 18:00:00,-4536.31
2050-10-17 19:00:00,-4865.52
2050-10-17 20:00:00,-4599.55
2050-10-17 21:00:00,-4592.35
2050-10-17 22:00:00,-2585.32
2050-10-17 23:00:00,-3429.96
2050-10-18 00:00:00,-4735.14
2050-10-18 01:00:00,-4812.49
2050-10-18 02:00:00,-4217.58
2050-10-18 03:00:00,-4574.63
2050-10-18 04:00:00,-4220.86
2050-10-18 05:00:00,-3851.79
2050-10-18 06:00:00,-3169.99
2050-10-18 07:00:00,-2341.49
2050-10-18 08:00:00,-1421.5
2050-10-18 09:00:00,-597.39
2050-10-18 10:00:00,-1726.16
2050-10-18 11:00:00,-1278.82
2050-10-18 12:00:00,-1760.12
2050-10-18 13:00:00,-1698.93
2050-10-18 14:00:00,-3131.47
2050-10-18 15:00:00,-3549.67
2050-10-18 16:00:00,-3567.24
2050-10-18 17:00:00,-3923.3
2050-10-18 18:00:00,-3208.86
2050-10-18 19:00:00,-2473.62
2050-10-18 20:00:00,-2766.35
2050-10-18 21:00:00,-1735.32
2050-10-18 22:00:00,-460.8
2050-10-18 23:00:00,637.5
2050-10-19 00:00:00,208.67
2050-10-19 01:00:00,-171.36
2050-10-19 02:00:00,-72.57
2050-10-19 03:00:00,-418.44
2050-10-19 04:00:00,-209.09
2050-10-19 05:00:00,-160.12
2050-10-19 06:00:00,251.43
2050-10-19 07:00:00,753.04
2050-10-19 08:00:00,1397.57
2050-10-19 09:00:00,1442.95
2050-10-19 10:00:00,1632.43
2050-10-19 11:00:00,1638.51
2050-10-19 12:00:00,1855.72
2050-10-19 13:00:00,2127.76
2050-10-19 14:00:00,2487.49
2050-10-19 15:00:00,2271.4
2050-10-19 16:00:00,1691.66
2050-10-19 17:00:00,1271.55
2050-10-19 18:00:00,762.32
2050-10-19 19:00:00,1238.46
2050-10-19 20:00:00,81.59
2050-10-19 21:00:00,-1075.82
2050-10-19 22:00:00,-4372.06
2050-10-19 23:00:00,-4119.43
2050-10-20 00:00:00,-4423.67
2050-10-20 01:00:00,-4103.4
2050-10-20 02:00:00,-3808.4
2050-10-20 03:00:00,-3655.05
2050-10-20 04:00:00,-2656.53
2050-10-20 05:00:00,-3300.39
2050-10-20 06:00:00,-2563.08
2050-10-20 07:00:00,-3566.64
2050-10-20 08:00:00,-5191.65
2050-10-20 09:00:00,-4450.99
2050-10-20 10:00:00,-3545.7
2050-10-20 11:00:00,-3074.38
2050-10-20 12:00:00,-807.89
2050-10-20 13:00:00,-126.79
2050-10-20 14:00:00,135.8
2050-10-20 15:00:00,-771.92
2050-10-20 16:00:00,-157.97
2050-10-20 17:00:00,-922.8
2050-10-20 18:00:00,-121.57
2050-10-20 19:00:00,-790.34
2050-10-20 20:00:00,-1022.9
2050-10-20 21:00:00,-584.14
2050-10-20 22:00:00,-2173.16
2050-10-20 23:00:00,-2146.69
2050-10-21 00:00:00,-2215.39
2050-10-21 01:00:00,-1452.84
2050-10-21 02:00:00,-441.74
2050-10-21 03:00:00,-2287.74
2050-10-21 04:00:00,-1043.98
2050-10-21 05:00:00,-695.15
2050-10-21 06:00:00,-879.73
2050-10-21 07:00:00,446.63
2050-10-21 08:00:00,1455.81
2050-10-21 09:00:00,-1615.13
2050-10-21 10:00:00,-1196.55
2050-10-21 11:00:00,-238.01
2050-10-21 12:00:00,609.16
2050-10-21 13:00:00,443.54
2050-10-21 14:00:00,1157.29
2050-10-21 15:00:00,814.68
2050-10-21 16:00:00,133.27
2050-10-21 17:00:00,-188.87
2050-10-21 18:00:00,-1182.76
2050-10-21 19:00:00,-937.32
2050-10-21 20:00:00,-431.57
2050-10-21 21:00:00,-1588.55
2050-10-21 22:00:00,-1652.91
2050-10-21 23:00:00,-1461.61
2050-10-22 00:00:00,-1417.65
2050-10-22 01:00:00,-2568.37
2050-10-22 02:00:00,-605.05
2050-10-22 03:00:00,-151.45
2050-10-22 04:00:00,404.9
2050-10-22 05:00:00,1123.79
2050-10-22 06:00:00,596.05
2050-10-22 07:00:00,-67.55
2050-10-22 08:00:00,151.81
2050-10-22 09:00:00,942.13
2050-10-22 10:00:00,641.55
2050-10-22 11:00:00,-166.14
2050-10-22 12:00:00,-676.88
2050-10-22 13:00:00,-975.05
2050-10-22 14:00:00,-1424.59
2050-10-22 15:00:00,-2261.84
2050-10-22 16:00:00,-3349.66
2050-10-22 17:00:00,-2921.6
2050-10-22 18:00:00,-1953.19
2050-10-22 19:00:00,-3719.96
2050-10-22 20:00:00,-3280.14
2050-10-22 21:00:00,-2510.97
2050-10-22 22:00:00,-2384.91
2050-10-22 23:00:00,-2324.78
2050-10-23 00:00:00,-3689.08
2050-10-23 01:00:00,-2441.79
2050-10-23 02:00:00,-2104.11
2050-10-23 03:00:00,-4236.26
2050-10-23 04:00:00,-3546.34
2050-10-23 05:00:00,-3012.78
2050-10-23 06:00:00,-2420.53
2050-10-23 07:00:00,-2607.58
2050-10-23 08:00:00,-2734.14
2050-10-23 09:00:00,-2655.61
2050-10-23 10:00:00,-2242.06
2050-10-23 11:00:00,-1944.38
2050-10-23 12:00:00,-1666.07
2050-10-23 13:00:00,-2119.27
2050-10-23 14:00:00,-1847.14
2050-10-23 15:00:00,-1892.49
2050-10-23 16:00:00,-1507.64
2050-10-23 17:00:00,-1146.49
2050-10-23 18:00:00,-1588.8
2050-10-23 19:00:00,-1830.82
2050-10-23 20:00:00,-2521.34
2050-10-23 21:00:00,-2188.55
2050-10-23 22:00:00,-2786.87
2050-10-23 23:00:00,-2618.31
2050-10-24 00:00:00,-2311.03
2050-10-24 01:00:00,-1872.42
2050-10-24 02:00:00,-3506.17
2050-10-24 03:00:00,-3453.68
2050-10-24 04:00:00,-4459.17
2050-10-24 05:00:00,-2978.26
2050-10-24 06:00:00,-2694.54
2050-10-24 07:00:00,-2234.05
2050-10-24 08:00:00,-1410.69
2050-10-24 09:00:00,-1460.16
2050-10-24 10:00:00,-903.64
2050-10-24 11:00:00,-1315.25
2050-10-24 12:00:00,-801.2
2050-10-24 13:00:00,-1203.18
2050-10-24 14:00:00,-879.79
2050-10-24 15:00:00,-3305.22
2050-10-24 16:00:00,-464.66
2050-10-24 17:00:00,-1720.85
2050-10-24 18:00:00,-2931.67
2050-10-24 19:00:00,-2412.09
2050-10-24 20:00:00,-3718.64
2050-10-24 21:00:00,-2684.07
2050-10-24 22:00:00,-4233.11
2050-10-24 23:00:00,-3679.56
2050-10-25 00:00:00,-3599.18
2050-10-25 01:00:00,-2238.62
2050-10-25 02:00:00,-1401.48
2050-10-25 03:00:00,-980.29
2050-10-25 04:00:00,-560.96
2050-10-25 05:00:00,-1335.81
2050-10-25 06:00:00,-1958.7
2050-10-25 07:00:00,-2177.49
2050-10-25 08:00:00,-815.25
2050-10-25 09:00:00,-1500.72
2050-10-25 10:00:00,-1068.0
2050-10-25 11:00:00,-1439.26
2050-10-25 12:00:00,337.69
2050-10-25 13:00:00,-227.66
2050-10-25 14:00:00,362.13
2050-10-25 15:00:00,896.81
2050-10-25 16:00:00,1818.21
2050-10-25 17:00:00,1890.55
2050-10-25 18:00:00,504.01
2050-10-25 19:00:00,-2007.52
2050-10-25 20:00:00,-4221.94
2050-10-25 21:00:00,-4090.84
2050-10-25 22:00:00,-3759.47
2050-10-25 23:00:00,-3693.35
2050-10-26 00:00:00,-4779.69
2050-10-26 01:00:00,-3480.23
2050-10-26 02:00:00,-2489.7
2050-10-26 03:00:00,-2215.97
2050-10-26 04:00:00,-2268.84
2050-10-26 05:00:00,-2903.53
2050-10-26 06:00:00,-1100.42
2050-10-26 07:00:00,-697.21
2050-10-26 08:00:00,-495.42
2050-10-26 09:00:00,-371.46
2050-10-26 10:00:00,1287.96
2050-10-26 11:00:00,1564.48
2050-10-26 12:00:00,1242.02
2050-10-26 13:00:00,1984.96
2050-10-26 14:00:00,2540.62
2050-10-26 15:00:00,3076.46
2050-10-26 16:00:00,3455.99
2050-10-26 17:00:00,2973.34
2050-10-26 18:00:00,3138.96
2050-10-26 19:00:00,1857.13
2050-10-26 20:00:00,962.83
2050-10-26 21:00:00,-695.95
2050-10-26 22:00:00,-269.95
2050-10-26 23:00:00,-975.53
2050-10-27 00:00:00,-1185.66
2050-10-27 01:00:00,-2452.59
2050-10-27 02:00:00,-3248.17
2050-10-27 03:00:00,-4546.32
2050-10-27 04:00:00,-6523.0
2050-10-27 05:00:00,-6331.87
2050-10-27 06:00:00,-7205.72
2050-10-27 07:00:00,-7120.77
2050-10-27 08:00:00,-6862.32
2050-10-27 09:00:00,-6492.07
2050-10-27 10:00:00,-6390.62
2050-10-27 11:00:00,-6165.82
2050-10-27 12:00:00,-5919.31
2050-10-27 13:00:00,-5425.84
2050-10-27 14:00:00,-5550.85
2050-10-27 15:00:00,-1563.15
2050-10-27 16:00:00,-829.51
2050-10-27 17:00:00,-2275.88
2050-10-27 18:00:00,-1568.6
2050-10-27 19:00:00,-2083.92
2050-10-27 20:00:00,-2631.21
2050-10-27 21:00:00,-3297.37
2050-10-27 22:00:00,-4186.25
2050-10-27 23:00:00,-3931.78
2050-10-28 00:00:00,-4106.16
2050-10-28 01:00:00,-4239.66
2050-10-28 02:00:00,-4197.89
2050-10-28 03:00:00,-5159.69
2050-10-28 04:00:00,-4556.57
2050-10-28 05:00:00,-4379.59
2050-10-28 06:00:00,-4373.57
2050-10-28 07:00:00,-4339.51
2050-10-28 08:00:00,-3567.74
2050-10-28 09:00:00,-4380.98
2050-10-28 10:00:00,-5452.39
2050-10-28 11:00:00,-4485.71
2050-10-28 12:00:00,-4686.35
2050-10-28 13:00:00,-3232.16
2050-10-28 14:00:00,-3697.55
2050-10-28 15:00:00,-3479.03
2050-10-28 16:00:00,-3151.06
2050-10-28 17:00:00,-2083.04
2050-10-28 18:00:00,-2629.98
2050-10-28 19:00:00,-2604.5
2050-10-28 20:00:00,-3304.06
2050-10-28 21:00:00,-4387.96
2050-10-28 22:00:00,-4291.47
2050-10-28 23:00:00,-4138.27
2050-10-29 00:00:00,-2831.67
2050-10-29 01:00:00,-3701.22
2050-10-29 02:00:00,-2367.47
2050-10-29 03:00:00,-4045.61
2050-10-29 04:00:00,-4755.17
2050-10-29 05:00:00,-2959.09
2050-10-29 06:00:00,-2037.28
2050-10-29 07:00:00,-2493.36
2050-10-29 08:00:00,-4505.66
2050-10-29 09:00:00,-3374.92
2050-10-29 10:00:00,-4525.45
2050-10-29 11:00:00,-5183.48
2050-10-29 12:00:00,-6235.42
2050-10-29 13:00:00,-6299.35
2050-10-29 14:00:00,-6426.06
2050-10-29 15:00:00,-6434.61
2050-10-29 16:00:00,-6347.53
2050-10-29 17:00:00,-6107.19
2050-10-29 18:00:00,-5565.88
2050-10-29 19:00:00,-5237.7
2050-10-29 20:00:00,-5063.82
2050-10-29 21:00:00,-5058.85
2050-10-29 22:00:00,-5223.18
2050-10-29 23:00:00,-5457.0
2050-10-30 00:00:00,-5722.48
2050-10-30 01:00:00,-5761.09
2050-10-30 02:00:00,-5244.25
2050-10-30 03:00:00,-5702.54
2050-10-30 04:00:00,-5721.6
2050-10-30 05:00:00,-5149.06
2050-10-30 06:00:00,-5260.76
2050-10-30 07:00:00,-5367.02
2050-10-30 08:00:00,-5054.54
2050-10-30 09:00:00,-4734.88
2050-10-30 10:00:00,-4791.23
2050-10-30 11:00:00,-4386.77
2050-10-30 12:00:00,-3233.44
2050-10-30 13:00:00,-2417.86
2050-10-30 14:00:00,-4544.35
2050-10-30 15:00:00,-4184.13
2050-10-30 16:00:00,-3884.53
2050-10-30 17:00:00,-1836.92
2050-10-30 18:00:00,-1290.89
2050-10-30 19:00:00,-1681.61
2050-10-30 20:00:00,-1361.72
2050-10-30 21:00:00,-1314.35
2050-10-30 22:00:00,-1452.39
2050-10-30 23:00:00,-325.36
2050-10-31 00:00:00,-1604.89
2050-10-31 01:00:00,-470.58
2050-10-31 02:00:00,-1582.27
2050-10-31 03:00:00,-3049.95
2050-10-31 04:00:00,-2346.52
2050-10-31 05:00:00,-1168.83
2050-10-31 06:00:00,-16.12
2050-10-31 07:00:00,940.75
2050-10-31 08:00:00,-131.14
2050-10-31 09:00:00,507.24
2050-10-31 10:00:00,660.37
2050-10-31 11:00:00,469.21
2050-10-31 12:00:00,-519.49
2050-10-31 13:00:00,-296.85
2050-10-31 14:00:00,-233.9
2050-10-31 15:00:00,-1244.07
2050-10-31 16:00:00,-1368.33
2050-10-31 17:00:00,-1952.4
2050-10-31 18:00:00,-2259.02
2050-10-31 19:00:00,-2212.25
2050-10-31 20:00:00,-2963.31
2050-10-31 21:00:00,-3573.74
2050-10-31 22:00:00,-3659.67
2050-10-31 23:00:00,-4221.0
2050-11-01 00:00:00,-4636.91
2050-11-01 01:00:00,-2829.01
2050-11-01 02:00:00,-880.96
2050-11-01 03:00:00,-1053.5
2050-11-01 04:00:00,-1894.98
2050-11-01 05:00:00,-556.21
2050-11-01 06:00:00,-1345.0
2050-11-01 07:00:00,-1665.07
2050-11-01 08:00:00,-2777.45
2050-11-01 09:00:00,-1628.41
2050-11-01 10:00:00,-1034.86
2050-11-01 11:00:00,-714.18
2050-11-01 12:00:00,-2156.46
2050-11-01 13:00:00,-1267.2
2050-11-01 14:00:00,-1919.09
2050-11-01 15:00:00,-2395.28
2050-11-01 16:00:00,-1317.07
2050-11-01 17:00:00,-2412.82
2050-11-01 18:00:00,-2205.97
2050-11-01 19:00:00,-2398.39
2050-11-01 20:00:00,-3989.85
2050-11-01 21:00:00,-4289.81
2050-11-01 22:00:00,-4376.42
2050-11-01 23:00:00,-4521.54
2050-11-02 00:00:00,-4185.57
2050-11-02 01:00:00,-3305.22
2050-11-02 02:00:00,-3455.37
2050-11-02 03:00:00,-3045.87
2050-11-02 04:00:00,-3286.86
2050-11-02 05:00:00,-2719.82
2050-11-02 06:00:00,-2563.75
2050-11-02 07:00:00,-1385.56
2050-11-02 08:00:00,-2210.19
2050-11-02 09:00:00,-1898.09
2050-11-02 10:00:00,-1695.96
2050-11-02 11:00:00,-1318.07
2050-11-02 12:00:00,-964.92
2050-11-02 13:00:00,-13.44
2050-11-02 14:00:00,-247.17
2050-11-02 15:00:00,-712.16
2050-11-02 16:00:00,229.49
2050-11-02 17:00:00,865.85
2050-11-02 18:00:00,1390.29
2050-11-02 19:00:00,1743.77
2050-11-02 20:00:00,2131.94
2050-11-02 21:00:00,1211.81
2050-11-02 22:00:00,-1248.46
2050-11-02 23:00:00,-2102.35
2050-11-03 00:00:00,-2765.05
2050-11-03 01:00:00,-2848.83
2050-11-03 02:00:00,-2840.88
2050-11-03 03:00:00,-1548.6
2050-11-03 04:00:00,262.5
2050-11-03 05:00:00,548.12
2050-11-03 06:00:00,904.4
2050-11-03 07:00:00,78.17
2050-11-03 08:00:00,-1114.26
2050-11-03 09:00:00,-1071.24
2050-11-03 10:00:00,-2277.85
2050-11-03 11:00:00,-2428.44
2050-11-03 12:00:00,-3262.8
2050-11-03 13:00:00,-3063.44
2050-11-03 14:00:00,-2793.92
2050-11-03 15:00:00,-2899.77
2050-11-03 16:00:00,-2614.51
2050-11-03 17:00:00,-3218.09
2050-11-03 18:00:00,-2752.72
2050-11-03 19:00:00,-3019.89
2050-11-03 20:00:00,-3081.44
2050-11-03 21:00:00,-1975.46
2050-11-03 22:00:00,-498.66
2050-11-03 23:00:00,696.3
2050-11-04 00:00:00,525.3
2050-11-04 01:00:00,611.69
2050-11-04 02:00:00,165.22
2050-11-04 03:00:00,533.62
2050-11-04 04:00:00,239.03
2050-11-04 05:00:00,-117.62
2050-11-04 06:00:00,1344.47
2050-11-04 07:00:00,1800.62
2050-11-04 08:00:00,2103.66
2050-11-04 09:00:00,2418.86
2050-11-04 10:00:00,2652.52
2050-11-04 11:00:00,1912.07
2050-11-04 12:00:00,2237.71
2050-11-04 13:00:00,2437.73
2050-11-04 14:00:00,2837.35
2050-11-04 15:00:00,2957.51
2050-11-04 16:00:00,2951.35
2050-11-04 17:00:00,2503.63
2050-11-04 18:00:00,2667.54
2050-11-04 19:00:00,2114.77
2050-11-04 20:00:00,1075.25
2050-11-04 21:00:00,80.15
2050-11-04 22:00:00,779.47
2050-11-04 23:00:00,-228.53
2050-11-05 00:00:00,-651.22
2050-11-05 01:00:00,341.44
2050-11-05 02:00:00,284.47
2050-11-05 03:00:00,365.61
2050-11-05 04:00:00,-317.86
2050-11-05 05:00:00,258.83
2050-11-05 06:00:00,216.55
2050-11-05 07:00:00,639.26
2050-11-05 08:00:00,460.54
2050-11-05 09:00:00,-12.53
2050-11-05 10:00:00,342.05
2050-11-05 11:00:00,-451.55
2050-11-05 12:00:00,-1471.86
2050-11-05 13:00:00,-1436.33
2050-11-05 14:00:00,-1060.16
2050-11-05 15:00:00,-309.37
2050-11-05 16:00:00,-584.66
2050-11-05 17:00:00,1085.12
2050-11-05 18:00:00,-228.83
2050-11-05 19:00:00,-1498.53
2050-11-05 20:00:00,-1988.03
2050-11-05 21:00:00,-2223.11
2050-11-05 22:00:00,-1885.95
2050-11-05 23:00:00,-1592.09
2050-11-06 00:00:00,-1973.65
2050-11-06 01:00:00,-1828.91
2050-11-06 02:00:00,-1151.81
2050-11-06 03:00:00,-405.77
2050-11-06 04:00:00,172.25
2050-11-06 05:00:00,709.02
2050-11-06 06:00:00,-47.99
2050-11-06 07:00:00,-155.7
2050-11-06 08:00:00,-102.56
2050-11-06 09:00:00,-538.11
2050-11-06 10:00:00,-1429.15
2050-11-06 11:00:00,-2620.11
2050-11-06 12:00:00,-2405.43
2050-11-06 13:00:00,-4011.08
2050-11-06 14:00:00,-4448.55
2050-11-06 15:00:00,-2346.11
2050-11-06 16:00:00,-937.17
2050-11-06 17:00:00,-1000.91
2050-11-06 18:00:00,-1139.81
2050-11-06 19:00:00,-2264.6
2050-11-06 20:00:00,-3267.65
2050-11-06 21:00:00,-3163.23
2050-11-06 22:00:00,-3193.74
2050-11-06 23:00:00,-4205.15
2050-11-07 00:00:00,-3087.51
2050-11-07 01:00:00,-2201.46
2050-11-07 02:00:00,-2569.15
2050-11-07 03:00:00,-3721.59
2050-11-07 04:00:00,-4531.66
2050-11-07 05:00:00,-4617.52
2050-11-07 06:00:00,-3181.57
2050-11-07 07:00:00,-2457.13
2050-11-07 08:00:00,-1432.15
2050-11-07 09:00:00,-1534.06
2050-11-07 10:00:00,-948.61
2050-11-07 11:00:00,57.61
2050-11-07 12:00:00,66.53
2050-11-07 13:00:00,163.31
2050-11-07 14:00:00,-364.05
2050-11-07 15:00:00,-580.53
2050-11-07 16:00:00,-188.1
2050-11-07 17:00:00,-207.42
2050-11-07 18:00:00,-817.13
2050-11-07 19:00:00,-2353.82
2050-11-07 20:00:00,-3485.71
2050-11-07 21:00:00,-3922.46
2050-11-07 22:00:00,-3888.54
2050-11-07 23:00:00,-4848.11
2050-11-08 00:00:00,-5265.6
2050-11-08 01:00:00,-5437.37
2050-11-08 02:00:00,-5416.05
2050-11-08 03:00:00,-5584.51
2050-11-08 04:00:00,-5657.98
2050-11-08 05:00:00,-5330.83
2050-11-08 06:00:00,-4860.48
2050-11-08 07:00:00,-2826.3
2050-11-08 08:00:00,-3962.19
2050-11-08 09:00:00,-2639.51
2050-11-08 10:00:00,-1471.72
2050-11-08 11:00:00,-383.53
2050-11-08 12:00:00,434.81
2050-11-08 13:00:00,1171.3
2050-11-08 14:00:00,2752.92
2050-11-08 15:00:00,3479.32
2050-11-08 16:00:00,3857.38
2050-11-08 17:00:00,4153.74
2050-11-08 18:00:00,4670.31
2050-11-08 19:00:00,4636.96
2050-11-08 20:00:00,3963.42
2050-11-08 21:00:00,3078.85
2050-11-08 22:00:00,3103.61
2050-11-08 23:00:00,2900.81
2050-11-09 00:00:00,2629.49
2050-11-09 01:00:00,2690.81
2050-11-09 02:00:00,2401.98
2050-11-09 03:00:00,2304.12
2050-11-09 04:00:00,2197.85
2050-11-09 05:00:00,2307.81
2050-11-09 06:00:00,2806.97
2050-11-09 07:00:00,3042.15
2050-11-09 08:00:00,3280.68
2050-11-09 09:00:00,3240.47
2050-11-09 10:00:00,3082.74
2050-11-09 11:00:00,3405.71
2050-11-09 12:00:00,3467.74
2050-11-09 13:00:00,3159.91
2050-11-09 14:00:00,3265.83
2050-11-09 15:00:00,3237.01
2050-11-09 16:00:00,3209.61
2050-11-09 17:00:00,3555.92
2050-11-09 18:00:00,3568.14
2050-11-09 19:00:00,2919.16
2050-11-09 20:00:00,3115.88
2050-11-09 21:00:00,2662.9
2050-11-09 22:00:00,1248.39
2050-11-09 23:00:00,1142.72
2050-11-10 00:00:00,1475.4
2050-11-10 01:00:00,720.38
2050-11-10 02:00:00,-0.11
2050-11-10 03:00:00,541.14
2050-11-10 04:00:00,-1018.11
2050-11-10 05:00:00,-2296.57
2050-11-10 06:00:00,-2575.57
2050-11-10 07:00:00,-4244.15
2050-11-10 08:00:00,-4746.48
2050-11-10 09:00:00,-4549.0
2050-11-10 10:00:00,-4366.21
2050-11-10 11:00:00,-4578.04
2050-11-10 12:00:00,-5806.3
2050-11-10 13:00:00,-6296.31
2050-11-10 14:00:00,-5442.59
2050-11-10 15:00:00,-6054.11
2050-11-10 16:00:00,-6193.3
2050-11-10 17:00:00,-5451.99
2050-11-10 18:00:00,-4548.64
2050-11-10 19:00:00,-4765.54
2050-11-10 20:00:00,-4523.81
2050-11-10 21:00:00,-4443.95
2050-11-10 22:00:00,-4968.16
2050-11-10 23:00:00,-5186.18
2050-11-11 00:00:00,-4580.27
2050-11-11 01:00:00,-4698.75
2050-11-11 02:00:00,-3683.57
2050-11-11 03:00:00,-4061.11
2050-11-11 04:00:00,-3782.39
2050-11-11 05:00:00,-3082.28
2050-11-11 06:00:00,-2603.43
2050-11-11 07:00:00,-2815.82
2050-11-11 08:00:00,-3303.36
2050-11-11 09:00:00,-2154.13
2050-11-11 10:00:00,-1966.84
2050-11-11 11:00:00,-2764.7
2050-11-11 12:00:00,-2760.55
2050-11-11 13:00:00,-2043.57
2050-11-11 14:00:00,-2356.52
2050-11-11 15:00:00,-3141.3
2050-11-11 16:00:00,-4035.04
2050-11-11 17:00:00,-3289.86
2050-11-11 18:00:00,-3704.46
2050-11-11 19:00:00,-4217.32
2050-11-11 20:00:00,-4748.92
2050-11-11 21:00:00,-4641.0
2050-11-11 22:00:00,-4971.17
2050-11-11 23:00:00,-5232.91
2050-11-12 00:00:00,-5015.64
2050-11-12 01:00:00,-4078.98
2050-11-12 02:00:00,-5354.33
2050-11-12 03:00:00,-4388.34
2050-11-12 04:00:00,-3734.09
2050-11-12 05:00:00,-2809.97
2050-11-12 06:00:00,-2431.92
2050-11-12 07:00:00,-2025.55
2050-11-12 08:00:00,-2998.07
2050-11-12 09:00:00,-4476.78
2050-11-12 10:00:00,-3499.78
2050-11-12 11:00:00,-3645.67
2050-11-12 12:00:00,-4289.03
2050-11-12 13:00:00,-1742.15
2050-11-12 14:00:00,-2220.83
2050-11-12 15:00:00,-610.81
2050-11-12 16:00:00,-264.06
2050-11-12 17:00:00,338.69
2050-11-12 18:00:00,40.79
2050-11-12 19:00:00,-222.47
2050-11-12 20:00:00,-77.51
2050-11-12 21:00:00,1044.88
2050-11-12 22:00:00,1282.01
2050-11-12 23:00:00,1350.34
2050-11-13 00:00:00,1199.93
2050-11-13 01:00:00,801.96
2050-11-13 02:00:00,-1749.32
2050-11-13 03:00:00,-4554.48
2050-11-13 04:00:00,-3090.73
2050-11-13 05:00:00,-2748.82
2050-11-13 06:00:00,-4065.1
2050-11-13 07:00:00,-2931.02
2050-11-13 08:00:00,-3400.08
2050-11-13 09:00:00,-3935.48
2050-11-13 10:00:00,-2793.65
2050-11-13 11:00:00,-4694.72
2050-11-13 12:00:00,-4310.74
2050-11-13 13:00:00,-2973.51
2050-11-13 14:00:00,-4030.76
2050-11-13 15:00:00,-5940.42
2050-11-13 16:00:00,-6241.73
2050-11-13 17:00:00,-5807.05
2050-11-13 18:00:00,-5326.13
2050-11-13 19:00:00,-5403.21
2050-11-13 20:00:00,-5185.63
2050-11-13 21:00:00,-5521.63
2050-11-13 22:00:00,-5748.53
2050-11-13 23:00:00,-5881.39
2050-11-14 00:00:00,-6283.49
2050-11-14 01:00:00,-6208.6
2050-11-14 02:00:00,-6525.4
2050-11-14 03:00:00,-6235.28
2050-11-14 04:00:00,-6150.22
2050-11-14 05:00:00,-5575.39
2050-11-14 06:00:00,-4552.31
2050-11-14 07:00:00,-5008.15
2050-11-14 08:00:00,-4963.43
2050-11-14 09:00:00,-3882.37
2050-11-14 10:00:00,-3194.31
2050-11-14 11:00:00,-2462.45
2050-11-14 12:00:00,-2683.33
2050-11-14 13:00:00,-2518.01
2050-11-14 14:00:00,-2357.06
2050-11-14 15:00:00,-1102.06
2050-11-14 16:00:00,-829.08
2050-11-14 17:00:00,-314.87
2050-11-14 18:00:00,45.31
2050-11-14 19:00:00,-669.94
2050-11-14 20:00:00,-1005.3
2050-11-14 21:00:00,-287.65
2050-11-14 22:00:00,-64.86
2050-11-14 23:00:00,735.47
2050-11-15 00:00:00,506.64
2050-11-15 01:00:00,1224.31
2050-11-15 02:00:00,1003.03
2050-11-15 03:00:00,1156.74
2050-11-15 04:00:00,605.39
2050-11-15 05:00:00,967.2
2050-11-15 06:00:00,1279.8
2050-11-15 07:00:00,-206.02
2050-11-15 08:00:00,352.84
2050-11-15 09:00:00,555.8
2050-11-15 10:00:00,-1261.66
2050-11-15 11:00:00,-2760.38
2050-11-15 12:00:00,-2454.09
2050-11-15 13:00:00,-3897.39
2050-11-15 14:00:00,-4076.24
2050-11-15 15:00:00,-4068.67
2050-11-15 16:00:00,-4403.82
2050-11-15 17:00:00,-5544.41
2050-11-15 18:00:00,-5692.9
2050-11-15 19:00:00,-5547.08
2050-11-15 20:00:00,-5508.41
2050-11-15 21:00:00,-5591.57
2050-11-15 22:00:00,-5827.52
2050-11-15 23:00:00,-6118.97
2050-11-16 00:00:00,-6437.0
2050-11-16 01:00:00,-6559.68
2050-11-16 02:00:00,-6767.88
2050-11-16 03:00:00,-6866.67
2050-11-16 04:00:00,-6937.06
2050-11-16 05:00:00,-6946.09
2050-11-16 06:00:00,-6847.73
2050-11-16 07:00:00,-6426.96
2050-11-16 08:00:00,-6736.27
2050-11-16 09:00:00,-6391.57
2050-11-16 10:00:00,-5983.72
2050-11-16 11:00:00,-6003.28
2050-11-16 12:00:00,-5637.32
2050-11-16 13:00:00,-5503.56
2050-11-16 14:00:00,-4329.47
2050-11-16 15:00:00,-3819.26
2050-11-16 16:00:00,-5324.05
2050-11-16 17:00:00,-5013.71
2050-11-16 18:00:00,-5122.2
2050-11-16 19:00:00,-4795.22
2050-11-16 20:00:00,-4661.07
2050-11-16 21:00:00,-5294.06
2050-11-16 22:00:00,-5266.47
2050-11-16 23:00:00,-5789.32
2050-11-17 00:00:00,-6127.93
2050-11-17 01:00:00,-6557.66
2050-11-17 02:00:00,-6838.07
2050-11-17 03:00:00,-6864.28
2050-11-17 04:00:00,-7118.51
2050-11-17 05:00:00,-6739.45
2050-11-17 06:00:00,-6443.71
2050-11-17 07:00:00,-6904.24
2050-11-17 08:00:00,-6366.84
2050-11-17 09:00:00,-5514.65
2050-11-17 10:00:00,-5271.0
2050-11-17 11:00:00,-4615.95
2050-11-17 12:00:00,-4545.06
2050-11-17 13:00:00,-5240.36
2050-11-17 14:00:00,-5436.95
2050-11-17 15:00:00,-5713.89
2050-11-17 16:00:00,-5664.89
2050-11-17 17:00:00,-5577.04
2050-11-17 18:00:00,-5380.25
2050-11-17 19:00:00,-5139.84
2050-11-17 20:00:00,-4953.15
2050-11-17 21:00:00,-4998.92
2050-11-17 22:00:00,-5032.77
2050-11-17 23:00:00,-5139.07
2050-11-18 00:00:00,-5030.54
2050-11-18 01:00:00,-5603.56
2050-11-18 02:00:00,-4816.04
2050-11-18 03:00:00,-5028.44
2050-11-18 04:00:00,-4158.92
2050-11-18 05:00:00,-2779.02
2050-11-18 06:00:00,-2028.72
2050-11-18 07:00:00,-3074.45
2050-11-18 08:00:00,-3350.57
2050-11-18 09:00:00,-3914.74
2050-11-18 10:00:00,-4284.4
2050-11-18 11:00:00,-4118.32
2050-11-18 12:00:00,-2992.67
2050-11-18 13:00:00,-3221.28
2050-11-18 14:00:00,-3443.29
2050-11-18 15:00:00,-4632.33
2050-11-18 16:00:00,-4732.79
2050-11-18 17:00:00,-4593.78
2050-11-18 18:00:00,-3459.47
2050-11-18 19:00:00,-3627.77
2050-11-18 20:00:00,-3773.41
2050-11-18 21:00:00,-3486.39
2050-11-18 22:00:00,-3801.82
2050-11-18 23:00:00,-2933.72
2050-11-19 00:00:00,-3758.07
2050-11-19 01:00:00,-4013.21
2050-11-19 02:00:00,-2110.17
2050-11-19 03:00:00,-1774.39
2050-11-19 04:00:00,-2315.67
2050-11-19 05:00:00,-1830.19
2050-11-19 06:00:00,-680.62
2050-11-19 07:00:00,-461.69
2050-11-19 08:00:00,-3056.21
2050-11-19 09:00:00,-3768.82
2050-11-19 10:00:00,-4195.88
2050-11-19 11:00:00,-3975.33
2050-11-19 12:00:00,-4156.09
2050-11-19 13:00:00,-3905.4
2050-11-19 14:00:00,-4187.99
2050-11-19 15:00:00,-4611.96
2050-11-19 16:00:00,-4724.5
2050-11-19 17:00:00,-3463.23
2050-11-19 18:00:00,-2754.15
2050-11-19 19:00:00,-3327.29
2050-11-19 20:00:00,-3251.94
2050-11-19 21:00:00,-3885.29
2050-11-19 22:00:00,-4667.57
2050-11-19 23:00:00,-4609.5
2050-11-20 00:00:00,-5261.81
2050-11-20 01:00:00,-5402.26
2050-11-20 02:00:00,-5525.98
2050-11-20 03:00:00,-5374.01
2050-11-20 04:00:00,-5503.72
2050-11-20 05:00:00,-5798.37
2050-11-20 06:00:00,-5796.19
2050-11-20 07:00:00,-5840.26
2050-11-20 08:00:00,-5920.36
2050-11-20 09:00:00,-5838.83
2050-11-20 10:00:00,-5947.73
2050-11-20 11:00:00,-5601.22
2050-11-20 12:00:00,-5286.01
2050-11-20 13:00:00,-5760.25
2050-11-20 14:00:00,-5847.04
2050-11-20 15:00:00,-6178.54
2050-11-20 16:00:00,-5655.1
2050-11-20 17:00:00,-5202.99
2050-11-20 18:00:00,-5072.24
2050-11-20 19:00:00,-4824.7
2050-11-20 20:00:00,-4769.47
2050-11-20 21:00:00,-4794.57
2050-11-20 22:00:00,-4952.32
2050-11-20 23:00:00,-5036.69
2050-11-21 00:00:00,-5123.78
2050-11-21 01:00:00,-5033.51
2050-11-21 02:00:00,-5215.92
2050-11-21 03:00:00,-5188.45
2050-11-21 04:00:00,-4050.34
2050-11-21 05:00:00,-3086.14
2050-11-21 06:00:00,-2075.48
2050-11-21 07:00:00,-2673.33
2050-11-21 08:00:00,-3274.99
2050-11-21 09:00:00,-3314.77
2050-11-21 10:00:00,-3554.7
2050-11-21 11:00:00,-3213.5
2050-11-21 12:00:00,-3818.12
2050-11-21 13:00:00,-3372.85
2050-11-21 14:00:00,-3478.06
2050-11-21 15:00:00,-4054.62
2050-11-21 16:00:00,-3869.84
2050-11-21 17:00:00,-5148.83
2050-11-21 18:00:00,-4939.31
2050-11-21 19:00:00,-4645.34
2050-11-21 20:00:00,-4543.2
2050-11-21 21:00:00,-4625.87
2050-11-21 22:00:00,-4891.79
2050-11-21 23:00:00,-5252.22
2050-11-22 00:00:00,-5671.31
2050-11-22 01:00:00,-5903.32
2050-11-22 02:00:00,-6226.71
2050-11-22 03:00:00,-6426.08
2050-11-22 04:00:00,-6579.42
2050-11-22 05:00:00,-6651.72
2050-11-22 06:00:00,-6595.02
2050-11-22 07:00:00,-6452.0
2050-11-22 08:00:00,-5953.85
2050-11-22 09:00:00,-3996.66
2050-11-22 10:00:00,-4554.17
2050-11-22 11:00:00,-2892.12
2050-11-22 12:00:00,-2751.64
2050-11-22 13:00:00,-3099.09
2050-11-22 14:00:00,-4671.14
2050-11-22 15:00:00,-5592.66
2050-11-22 16:00:00,-5745.92
2050-11-22 17:00:00,-5732.98
2050-11-22 18:00:00,-5672.59
2050-11-22 19:00:00,-5558.22
2050-11-22 20:00:00,-5519.35
2050-11-22 21:00:00,-5604.2
2050-11-22 22:00:00,-5853.39
2050-11-22 23:00:00,-6258.21
2050-11-23 00:00:00,-6614.9
2050-11-23 01:00:00,-6754.67
2050-11-23 02:00:00,-6994.94
2050-11-23 03:00:00,-6808.88
2050-11-23 04:00:00,-6487.77
2050-11-23 05:00:00,-5690.71
2050-11-23 06:00:00,-5055.27
2050-11-23 07:00:00,-3783.03
2050-11-23 08:00:00,-4042.92
2050-11-23 09:00:00,-4030.23
2050-11-23 10:00:00,-4099.04
2050-11-23 11:00:00,-3029.72
2050-11-23 12:00:00,-2670.51
2050-11-23 13:00:00,-1892.45
2050-11-23 14:00:00,-2040.91
2050-11-23 15:00:00,-2537.81
2050-11-23 16:00:00,-960.17
2050-11-23 17:00:00,-215.41
2050-11-23 18:00:00,-112.67
2050-11-23 19:00:00,221.69
2050-11-23 20:00:00,-716.61
2050-11-23 21:00:00,262.03
2050-11-23 22:00:00,567.09
2050-11-23 23:00:00,-432.55
2050-11-24 00:00:00,-415.35
2050-11-24 01:00:00,119.68
2050-11-24 02:00:00,-63.3
2050-11-24 03:00:00,-247.34
2050-11-24 04:00:00,-1237.3
2050-11-24 05:00:00,-499.58
2050-11-24 06:00:00,971.96
2050-11-24 07:00:00,1272.05
2050-11-24 08:00:00,2545.79
2050-11-24 09:00:00,2727.98
2050-11-24 10:00:00,1619.72
2050-11-24 11:00:00,1271.25
2050-11-24 12:00:00,1370.96
2050-11-24 13:00:00,1464.2
2050-11-24 14:00:00,1670.82
2050-11-24 15:00:00,944.54
2050-11-24 16:00:00,504.94
2050-11-24 17:00:00,-370.77
2050-11-24 18:00:00,547.58
2050-11-24 19:00:00,5.45
2050-11-24 20:00:00,330.68
2050-11-24 21:00:00,-1137.81
2050-11-24 22:00:00,-370.84
2050-11-24 23:00:00,-1250.94
2050-11-25 00:00:00,-717.37
2050-11-25 01:00:00,-2967.67
2050-11-25 02:00:00,-2503.96
2050-11-25 03:00:00,-3205.74
2050-11-25 04:00:00,-2303.01
2050-11-25 05:00:00,-1501.75
2050-11-25 06:00:00,302.46
2050-11-25 07:00:00,919.09
2050-11-25 08:00:00,387.57
2050-11-25 09:00:00,1587.25
2050-11-25 10:00:00,1761.11
2050-11-25 11:00:00,2006.39
2050-11-25 12:00:00,2532.06
2050-11-25 13:00:00,2457.09
2050-11-25 14:00:00,2286.54
2050-11-25 15:00:00,2050.5
2050-11-25 16:00:00,2938.4
2050-11-25 17:00:00,3301.59
2050-11-25 18:00:00,3833.65
2050-11-25 19:00:00,3564.27
2050-11-25 20:00:00,3448.69
2050-11-25 21:00:00,3842.64
2050-11-25 22:00:00,3291.49
2050-11-25 23:00:00,2266.95
2050-11-26 00:00:00,1214.6
2050-11-26 01:00:00,29.63
2050-11-26 02:00:00,-278.81
2050-11-26 03:00:00,327.39
2050-11-26 04:00:00,380.23
2050-11-26 05:00:00,-1039.89
2050-11-26 06:00:00,-1638.45
2050-11-26 07:00:00,-2029.4
2050-11-26 08:00:00,-3493.09
2050-11-26 09:00:00,-3922.09
2050-11-26 10:00:00,-5102.58
2050-11-26 11:00:00,-3838.18
2050-11-26 12:00:00,-4323.73
2050-11-26 13:00:00,-4762.74
2050-11-26 14:00:00,-5349.74
2050-11-26 15:00:00,-6244.08
2050-11-26 16:00:00,-6048.77
2050-11-26 17:00:00,-5615.81
2050-11-26 18:00:00,-4895.67
2050-11-26 19:00:00,-4340.2
2050-11-26 20:00:00,-4452.12
2050-11-26 21:00:00,-4438.67
2050-11-26 22:00:00,-4601.38
2050-11-26 23:00:00,-4825.87
2050-11-27 00:00:00,-4878.33
2050-11-27 01:00:00,-4969.35
2050-11-27 02:00:00,-5283.28
2050-11-27 03:00:00,-5127.5
2050-11-27 04:00:00,-4973.98
2050-11-27 05:00:00,-4585.13
2050-11-27 06:00:00,-3362.1
2050-11-27 07:00:00,-3497.18
2050-11-27 08:00:00,-3807.39
2050-11-27 09:00:00,-4760.29
2050-11-27 10:00:00,-3548.63
2050-11-27 11:00:00,-4509.63
2050-11-27 12:00:00,-5211.2
2050-11-27 13:00:00,-5339.99
2050-11-27 14:00:00,-5153.09
2050-11-27 15:00:00,-4683.2
2050-11-27 16:00:00,-5300.88
2050-11-27 17:00:00,-5110.26
2050-11-27 18:00:00,-4544.56
2050-11-27 19:00:00,-4242.48
2050-11-27 20:00:00,-4128.14
2050-11-27 21:00:00,-4175.15
2050-11-27 22:00:00,-4383.54
2050-11-27 23:00:00,-4660.64
2050-11-28 00:00:00,-4991.82
2050-11-28 01:00:00,-5081.13
2050-11-28 02:00:00,-5412.68
2050-11-28 03:00:00,-5208.53
2050-11-28 04:00:00,-4744.96
2050-11-28 05:00:00,-4083.49
2050-11-28 06:00:00,-4288.32
2050-11-28 07:00:00,-3861.07
2050-11-28 08:00:00,-3511.44
2050-11-28 09:00:00,-3895.92
2050-11-28 10:00:00,-3527.5
2050-11-28 11:00:00,-3773.32
2050-11-28 12:00:00,-4032.57
2050-11-28 13:00:00,-4086.65
2050-11-28 14:00:00,-4355.6
2050-11-28 15:00:00,-5264.48
2050-11-28 16:00:00,-5921.55
2050-11-28 17:00:00,-5459.87
2050-11-28 18:00:00,-5039.92
2050-11-28 19:00:00,-4683.07
2050-11-28 20:00:00,-4462.62
2050-11-28 21:00:00,-4595.13
2050-11-28 22:00:00,-4740.11
2050-11-28 23:00:00,-4814.61
2050-11-29 00:00:00,-5089.46
2050-11-29 01:00:00,-4736.22
2050-11-29 02:00:00,-4855.78
2050-11-29 03:00:00,-4648.48
2050-11-29 04:00:00,-3593.82
2050-11-29 05:00:00,-4065.92
2050-11-29 06:00:00,-3739.77
2050-11-29 07:00:00,-3655.53
2050-11-29 08:00:00,-3423.65
2050-11-29 09:00:00,-3654.94
2050-11-29 10:00:00,-3154.57
2050-11-29 11:00:00,-1815.24
2050-11-29 12:00:00,-1835.81
2050-11-29 13:00:00,-2871.29
2050-11-29 14:00:00,-2131.35
2050-11-29 15:00:00,-3161.81
2050-11-29 16:00:00,-3411.84
2050-11-29 17:00:00,-3227.38
2050-11-29 18:00:00,-2420.99
2050-11-29 19:00:00,-2605.54
2050-11-29 20:00:00,-2219.3
2050-11-29 21:00:00,-3506.36
2050-11-29 22:00:00,-3507.79
2050-11-29 23:00:00,-3244.29
2050-11-30 00:00:00,-2095.87
2050-11-30 01:00:00,-1059.72
2050-11-30 02:00:00,-525.18
2050-11-30 03:00:00,-482.93
2050-11-30 04:00:00,105.62
2050-11-30 05:00:00,268.4
2050-11-30 06:00:00,443.22
2050-11-30 07:00:00,200.32
2050-11-30 08:00:00,-566.94
2050-11-30 09:00:00,-751.8
2050-11-30 10:00:00,-984.41
2050-11-30 11:00:00,-1937.79
2050-11-30 12:00:00,-4317.51
2050-11-30 13:00:00,-3870.39
2050-11-30 14:00:00,-4643.18
2050-11-30 15:00:00,-5378.74
2050-11-30 16:00:00,-4584.64
2050-11-30 17:00:00,-4559.68
2050-11-30 18:00:00,-4059.75
2050-11-30 19:00:00,-4911.69
2050-11-30 20:00:00,-5492.83
2050-11-30 21:00:00,-5530.09
2050-11-30 22:00:00,-5581.22
2050-11-30 23:00:00,-5539.59
2050-12-01 00:00:00,-6584.65
2050-12-01 01:00:00,-5660.15
2050-12-01 02:00:00,-6772.4
2050-12-01 03:00:00,-5991.74
2050-12-01 04:00:00,-6969.35
2050-12-01 05:00:00,-7348.6
2050-12-01 06:00:00,-6822.62
2050-12-01 07:00:00,-6168.28
2050-12-01 08:00:00,-6544.18
2050-12-01 09:00:00,-5007.42
2050-12-01 10:00:00,-5010.4
2050-12-01 11:00:00,-4987.72
2050-12-01 12:00:00,-3392.67
2050-12-01 13:00:00,-4373.64
2050-12-01 14:00:00,-4845.67
2050-12-01 15:00:00,-4042.33
2050-12-01 16:00:00,-5350.32
2050-12-01 17:00:00,-5489.37
2050-12-01 18:00:00,-5215.5
2050-12-01 19:00:00,-5535.53
2050-12-01 20:00:00,-5013.58
2050-12-01 21:00:00,-4658.75
2050-12-01 22:00:00,-4115.64
2050-12-01 23:00:00,-3883.92
2050-12-02 00:00:00,-3981.51
2050-12-02 01:00:00,-3433.91
2050-12-02 02:00:00,-3761.68
2050-12-02 03:00:00,-4372.93
2050-12-02 04:00:00,-4965.6
2050-12-02 05:00:00,-4615.16
2050-12-02 06:00:00,-3111.5
2050-12-02 07:00:00,-2846.36
2050-12-02 08:00:00,-1656.92
2050-12-02 09:00:00,-3221.87
2050-12-02 10:00:00,-3975.46
2050-12-02 11:00:00,-3552.73
2050-12-02 12:00:00,-2694.71
2050-12-02 13:00:00,-1563.34
2050-12-02 14:00:00,-3274.7
2050-12-02 15:00:00,-4533.93
2050-12-02 16:00:00,-5064.99
2050-12-02 17:00:00,-4555.13
2050-12-02 18:00:00,-4618.09
2050-12-02 19:00:00,-4428.49
2050-12-02 20:00:00,-4363.94
2050-12-02 21:00:00,-4419.54
2050-12-02 22:00:00,-4533.56
2050-12-02 23:00:00,-4134.14
2050-12-03 00:00:00,-3568.18
2050-12-03 01:00:00,-4674.05
2050-12-03 02:00:00,-5005.41
2050-12-03 03:00:00,-4989.46
2050-12-03 04:00:00,-5611.39
2050-12-03 05:00:00,-5811.12
2050-12-03 06:00:00,-5657.68
2050-12-03 07:00:00,-5634.86
2050-12-03 08:00:00,-5640.47
2050-12-03 09:00:00,-5570.95
2050-12-03 10:00:00,-5679.14
2050-12-03 11:00:00,-5794.23
2050-12-03 12:00:00,-5891.05
2050-12-03 13:00:00,-6043.44
2050-12-03 14:00:00,-6166.4
2050-12-03 15:00:00,-6195.35
2050-12-03 16:00:00,-5873.56
2050-12-03 17:00:00,-5392.66
2050-12-03 18:00:00,-4816.39
2050-12-03 19:00:00,-4475.49
2050-12-03 20:00:00,-4241.6
2050-12-03 21:00:00,-4279.35
2050-12-03 22:00:00,-3991.44
2050-12-03 23:00:00,-4449.29
2050-12-04 00:00:00,-3988.68
2050-12-04 01:00:00,-2187.76
2050-12-04 02:00:00,-1764.38
2050-12-04 03:00:00,-3370.43
2050-12-04 04:00:00,-2951.3
2050-12-04 05:00:00,-2360.06
2050-12-04 06:00:00,-1110.89
2050-12-04 07:00:00,-1050.33
2050-12-04 08:00:00,552.3
2050-12-04 09:00:00,1079.17
2050-12-04 10:00:00,762.12
2050-12-04 11:00:00,1333.39
2050-12-04 12:00:00,1609.03
2050-12-04 13:00:00,1435.08
2050-12-04 14:00:00,2281.46
2050-12-04 15:00:00,2007.01
2050-12-04 16:00:00,2001.56
2050-12-04 17:00:00,2480.65
2050-12-04 18:00:00,2785.68
2050-12-04 19:00:00,3152.06
2050-12-04 20:00:00,1404.87
2050-12-04 21:00:00,2090.56
2050-12-04 22:00:00,2347.09
2050-12-04 23:00:00,3004.34
2050-12-05 00:00:00,1674.7
2050-12-05 01:00:00,1009.73
2050-12-05 02:00:00,1195.92
2050-12-05 03:00:00,-952.01
2050-12-05 04:00:00,-1100.63
2050-12-05 05:00:00,-1782.33
2050-12-05 06:00:00,-2716.21
2050-12-05 07:00:00,-2014.54
2050-12-05 08:00:00,-1535.93
2050-12-05 09:00:00,-2613.44
2050-12-05 10:00:00,-2448.38
2050-12-05 11:00:00,-1929.71
2050-12-05 12:00:00,-1526.09
2050-12-05 13:00:00,-2404.6
2050-12-05 14:00:00,-1937.18
2050-12-05 15:00:00,-2438.28
2050-12-05 16:00:00,-1714.57
2050-12-05 17:00:00,-869.82
2050-12-05 18:00:00,-974.74
2050-12-05 19:00:00,-1273.07
2050-12-05 20:00:00,565.16
2050-12-05 21:00:00,305.79
2050-12-05 22:00:00,-281.17
2050-12-05 23:00:00,-937.79
2050-12-06 00:00:00,-1638.86
2050-12-06 01:00:00,-1166.63
2050-12-06 02:00:00,-2407.78
2050-12-06 03:00:00,-963.26
2050-12-06 04:00:00,-838.14
2050-12-06 05:00:00,-1820.51
2050-12-06 06:00:00,-506.76
2050-12-06 07:00:00,-2981.96
2050-12-06 08:00:00,-2645.32
2050-12-06 09:00:00,-2640.09
2050-12-06 10:00:00,-2555.03
2050-12-06 11:00:00,-2382.37
2050-12-06 12:00:00,-3893.48
2050-12-06 13:00:00,-4829.86
2050-12-06 14:00:00,-5052.31
2050-12-06 15:00:00,-5460.0
2050-12-06 16:00:00,-5212.49
2050-12-06 17:00:00,-4723.45
2050-12-06 18:00:00,-4211.51
2050-12-06 19:00:00,-3901.97
2050-12-06 20:00:00,-3779.41
2050-12-06 21:00:00,-3755.92
2050-12-06 22:00:00,-3874.88
2050-12-06 23:00:00,-4272.16
2050-12-07 00:00:00,-4586.03
2050-12-07 01:00:00,-4653.64
2050-12-07 02:00:00,-4900.81
2050-12-07 03:00:00,-4535.5
2050-12-07 04:00:00,-4165.53
2050-12-07 05:00:00,-4186.86
2050-12-07 06:00:00,-3490.1
2050-12-07 07:00:00,-2981.62
2050-12-07 08:00:00,-384.9
2050-12-07 09:00:00,-509.16
2050-12-07 10:00:00,817.65
2050-12-07 11:00:00,1725.17
2050-12-07 12:00:00,919.67
2050-12-07 13:00:00,1376.68
2050-12-07 14:00:00,534.26
2050-12-07 15:00:00,1134.0
2050-12-07 16:00:00,946.96
2050-12-07 17:00:00,2168.17
2050-12-07 18:00:00,2973.62
2050-12-07 19:00:00,2212.76
2050-12-07 20:00:00,3264.58
2050-12-07 21:00:00,3180.05
2050-12-07 22:00:00,2882.43
2050-12-07 23:00:00,1980.16
2050-12-08 00:00:00,672.31
2050-12-08 01:00:00,954.85
2050-12-08 02:00:00,965.68
2050-12-08 03:00:00,1073.31
2050-12-08 04:00:00,2154.06
2050-12-08 05:00:00,2834.57
2050-12-08 06:00:00,3429.43
2050-12-08 07:00:00,3577.48
2050-12-08 08:00:00,3620.47
2050-12-08 09:00:00,3246.7
2050-12-08 10:00:00,3015.85
2050-12-08 11:00:00,3564.7
2050-12-08 12:00:00,2669.96
2050-12-08 13:00:00,3026.42
2050-12-08 14:00:00,2633.31
2050-12-08 15:00:00,2760.02
2050-12-08 16:00:00,2269.38
2050-12-08 17:00:00,2454.57
2050-12-08 18:00:00,1731.31
2050-12-08 19:00:00,1634.95
2050-12-08 20:00:00,2829.8
2050-12-08 21:00:00,1940.61
2050-12-08 22:00:00,411.28
2050-12-08 23:00:00,-266.31
2050-12-09 00:00:00,-1614.15
2050-12-09 01:00:00,-607.33
2050-12-09 02:00:00,25.29
2050-12-09 03:00:00,280.17
2050-12-09 04:00:00,1107.23
2050-12-09 05:00:00,1129.2
2050-12-09 06:00:00,1536.85
2050-12-09 07:00:00,-1521.02
2050-12-09 08:00:00,-1385.96
2050-12-09 09:00:00,-1270.85
2050-12-09 10:00:00,-1159.13
2050-12-09 11:00:00,-1175.12
2050-12-09 12:00:00,-680.07
2050-12-09 13:00:00,-183.86
2050-12-09 14:00:00,-186.57
2050-12-09 15:00:00,-107.74
2050-12-09 16:00:00,607.85
2050-12-09 17:00:00,-278.21
2050-12-09 18:00:00,-1268.56
2050-12-09 19:00:00,-1793.11
2050-12-09 20:00:00,-1990.36
2050-12-09 21:00:00,-3002.93
2050-12-09 22:00:00,-2416.95
2050-12-09 23:00:00,-2925.01
2050-12-10 00:00:00,-3223.8
2050-12-10 01:00:00,-3635.46
2050-12-10 02:00:00,-4057.23
2050-12-10 03:00:00,-4291.3
2050-12-10 04:00:00,-4845.99
2050-12-10 05:00:00,-4952.38
2050-12-10 06:00:00,-4648.03
2050-12-10 07:00:00,-4728.36
2050-12-10 08:00:00,-4821.08
2050-12-10 09:00:00,-4784.05
2050-12-10 10:00:00,-4103.72
2050-12-10 11:00:00,-3305.95
2050-12-10 12:00:00,-2049.26
2050-12-10 13:00:00,-487.8
2050-12-10 14:00:00,-416.3
2050-12-10 15:00:00,-622.22
2050-12-10 16:00:00,95.93
2050-12-10 17:00:00,-408.47
2050-12-10 18:00:00,1146.21
2050-12-10 19:00:00,487.77
2050-12-10 20:00:00,608.83
2050-12-10 21:00:00,98.6
2050-12-10 22:00:00,-557.54
2050-12-10 23:00:00,346.07
2050-12-11 00:00:00,629.57
2050-12-11 01:00:00,791.3
2050-12-11 02:00:00,1018.84
2050-12-11 03:00:00,-977.85
2050-12-11 04:00:00,-1193.78
2050-12-11 05:00:00,499.74
2050-12-11 06:00:00,1315.75
2050-12-11 07:00:00,-125.38
2050-12-11 08:00:00,-1637.37
2050-12-11 09:00:00,-1488.13
2050-12-11 10:00:00,-1053.32
2050-12-11 11:00:00,-1593.71
2050-12-11 12:00:00,-3049.95
2050-12-11 13:00:00,-2968.48
2050-12-11 14:00:00,-2890.97
2050-12-11 15:00:00,-4438.37
2050-12-11 16:00:00,-4595.95
2050-12-11 17:00:00,-4190.89
2050-12-11 18:00:00,-4294.72
2050-12-11 19:00:00,-4092.35
2050-12-11 20:00:00,-4274.19
2050-12-11 21:00:00,-4774.87
2050-12-11 22:00:00,-5042.18
2050-12-11 23:00:00,-5291.89
2050-12-12 00:00:00,-5611.07
2050-12-12 01:00:00,-5656.86
2050-12-12 02:00:00,-6053.24
2050-12-12 03:00:00,-5759.47
2050-12-12 04:00:00,-5293.83
2050-12-12 05:00:00,-4952.98
2050-12-12 06:00:00,-4934.62
2050-12-12 07:00:00,-6209.37
2050-12-12 08:00:00,-6352.99
2050-12-12 09:00:00,-5206.78
2050-12-12 10:00:00,-3835.11
2050-12-12 11:00:00,-3259.74
2050-12-12 12:00:00,-2893.26
2050-12-12 13:00:00,-1576.19
2050-12-12 14:00:00,-765.87
2050-12-12 15:00:00,-1250.3
2050-12-12 16:00:00,-1474.9
2050-12-12 17:00:00,-1538.94
2050-12-12 18:00:00,-2601.64
2050-12-12 19:00:00,-2154.24
2050-12-12 20:00:00,-3613.67
2050-12-12 21:00:00,-4524.92
2050-12-12 22:00:00,-4898.14
2050-12-12 23:00:00,-4941.49
2050-12-13 00:00:00,-4351.38
2050-12-13 01:00:00,-5153.93
2050-12-13 02:00:00,-5460.39
2050-12-13 03:00:00,-5550.59
2050-12-13 04:00:00,-5035.2
2050-12-13 05:00:00,-4509.56
2050-12-13 06:00:00,-4111.62
2050-12-13 07:00:00,-4143.19
2050-12-13 08:00:00,-4477.26
2050-12-13 09:00:00,-3376.06
2050-12-13 10:00:00,-4828.04
2050-12-13 11:00:00,-460.86
2050-12-13 12:00:00,-640.03
2050-12-13 13:00:00,-376.24
2050-12-13 14:00:00,-851.91
2050-12-13 15:00:00,-3241.04
2050-12-13 16:00:00,-2902.25
2050-12-13 17:00:00,-2077.26
2050-12-13 18:00:00,-2129.83
2050-12-13 19:00:00,-3079.66
2050-12-13 20:00:00,-3480.23
2050-12-13 21:00:00,-3128.22
2050-12-13 22:00:00,-2791.79
2050-12-13 23:00:00,-3128.84
2050-12-14 00:00:00,-3506.68
2050-12-14 01:00:00,-3255.26
2050-12-14 02:00:00,-2938.03
2050-12-14 03:00:00,-3438.33
2050-12-14 04:00:00,-3536.42
2050-12-14 05:00:00,-3742.15
2050-12-14 06:00:00,-3903.34
2050-12-14 07:00:00,-1514.5
2050-12-14 08:00:00,-1499.19
2050-12-14 09:00:00,-1082.63
2050-12-14 10:00:00,-167.63
2050-12-14 11:00:00,-910.39
2050-12-14 12:00:00,-1351.61
2050-12-14 13:00:00,-1623.8
2050-12-14 14:00:00,-2626.85
2050-12-14 15:00:00,-4137.37
2050-12-14 16:00:00,-3946.79
2050-12-14 17:00:00,-3503.92
2050-12-14 18:00:00,-3230.16
2050-12-14 19:00:00,-2756.66
2050-12-14 20:00:00,-3183.49
2050-12-14 21:00:00,-3554.53
2050-12-14 22:00:00,-3728.61
2050-12-14 23:00:00,-3977.19
2050-12-15 00:00:00,-4239.68
2050-12-15 01:00:00,-4028.69
2050-12-15 02:00:00,-4523.06
2050-12-15 03:00:00,-4606.39
2050-12-15 04:00:00,-3650.67
2050-12-15 05:00:00,-3444.64
2050-12-15 06:00:00,-3836.7
2050-12-15 07:00:00,-3973.8
2050-12-15 08:00:00,-3660.06
2050-12-15 09:00:00,-3809.42
2050-12-15 10:00:00,-3703.43
2050-12-15 11:00:00,-3240.49
2050-12-15 12:00:00,-4556.9
2050-12-15 13:00:00,-4977.71
2050-12-15 14:00:00,-4868.93
2050-12-15 15:00:00,-4976.29
2050-12-15 16:00:00,-4689.76
2050-12-15 17:00:00,-4243.88
2050-12-15 18:00:00,-3750.88
2050-12-15 19:00:00,-3464.5
2050-12-15 20:00:00,-3368.63
2050-12-15 21:00:00,-3412.36
2050-12-15 22:00:00,-3624.55
2050-12-15 23:00:00,-3907.98
2050-12-16 00:00:00,-4243.7
2050-12-16 01:00:00,-4389.48
2050-12-16 02:00:00,-4619.66
2050-12-16 03:00:00,-4740.07
2050-12-16 04:00:00,-4815.07
2050-12-16 05:00:00,-4824.94
2050-12-16 06:00:00,-4715.0
2050-12-16 07:00:00,-4650.72
2050-12-16 08:00:00,-4647.43
2050-12-16 09:00:00,-4305.01
2050-12-16 10:00:00,-3749.86
2050-12-16 11:00:00,-3709.77
2050-12-16 12:00:00,-3990.18
2050-12-16 13:00:00,-4181.97
2050-12-16 14:00:00,-2466.48
2050-12-16 15:00:00,-4177.46
2050-12-16 16:00:00,-4986.38
2050-12-16 17:00:00,-4621.54
2050-12-16 18:00:00,-4074.8
2050-12-16 19:00:00,-3520.68
2050-12-16 20:00:00,-3760.72
2050-12-16 21:00:00,-3807.12
2050-12-16 22:00:00,-4049.25
2050-12-16 23:00:00,-4311.23
2050-12-17 00:00:00,-4620.36
2050-12-17 01:00:00,-4664.06
2050-12-17 02:00:00,-5060.51
2050-12-17 03:00:00,-5159.95
2050-12-17 04:00:00,-5209.26
2050-12-17 05:00:00,-4884.48
2050-12-17 06:00:00,-5076.03
2050-12-17 07:00:00,-4990.6
2050-12-17 08:00:00,-5010.02
2050-12-17 09:00:00,-4950.96
2050-12-17 10:00:00,-4788.28
2050-12-17 11:00:00,-3845.6
2050-12-17 12:00:00,-4313.18
2050-12-17 13:00:00,-4056.78
2050-12-17 14:00:00,-5407.07
2050-12-17 15:00:00,-5419.23
2050-12-17 16:00:00,-4129.6
2050-12-17 17:00:00,-2693.15
2050-12-17 18:00:00,-3333.78
2050-12-17 19:00:00,-3460.67
2050-12-17 20:00:00,-3359.98
2050-12-17 21:00:00,-2556.55
2050-12-17 22:00:00,-3549.19
2050-12-17 23:00:00,-4178.34
2050-12-18 00:00:00,-4209.95
2050-12-18 01:00:00,-4907.43
2050-12-18 02:00:00,-5189.9
2050-12-18 03:00:00,-5299.83
2050-12-18 04:00:00,-5362.35
2050-12-18 05:00:00,-5361.23
2050-12-18 06:00:00,-5232.78
2050-12-18 07:00:00,-5154.12
2050-12-18 08:00:00,-5162.09
2050-12-18 09:00:00,-5178.32
2050-12-18 10:00:00,-5309.52
2050-12-18 11:00:00,-4888.29
2050-12-18 12:00:00,-3924.64
2050-12-18 13:00:00,-5541.24
2050-12-18 14:00:00,-5588.59
2050-12-18 15:00:00,-5537.1
2050-12-18 16:00:00,-5465.46
2050-12-18 17:00:00,-5054.85
2050-12-18 18:00:00,-4493.12
2050-12-18 19:00:00,-4177.74
2050-12-18 20:00:00,-4018.48
2050-12-18 21:00:00,-4123.57
2050-12-18 22:00:00,-4334.51
2050-12-18 23:00:00,-4571.1
2050-12-19 00:00:00,-4899.48
2050-12-19 01:00:00,-4328.23
2050-12-19 02:00:00,-5214.47
2050-12-19 03:00:00,-5256.17
2050-12-19 04:00:00,-4842.88
2050-12-19 05:00:00,-4822.01
2050-12-19 06:00:00,-4906.14
2050-12-19 07:00:00,-4675.13
2050-12-19 08:00:00,-4296.1
2050-12-19 09:00:00,-3727.02
2050-12-19 10:00:00,-3557.99
2050-12-19 11:00:00,-3885.05
2050-12-19 12:00:00,-3221.89
2050-12-19 13:00:00,-4068.72
2050-12-19 14:00:00,-3670.92
2050-12-19 15:00:00,-4570.05
2050-12-19 16:00:00,-4061.42
2050-12-19 17:00:00,-4070.85
2050-12-19 18:00:00,-3857.83
2050-12-19 19:00:00,-3032.51
2050-12-19 20:00:00,-2687.42
2050-12-19 21:00:00,-3820.39
2050-12-19 22:00:00,-3632.58
2050-12-19 23:00:00,-3561.65
2050-12-20 00:00:00,-3960.84
2050-12-20 01:00:00,-3430.72
2050-12-20 02:00:00,-2740.28
2050-12-20 03:00:00,-1952.39
2050-12-20 04:00:00,-852.23
2050-12-20 05:00:00,-248.17
2050-12-20 06:00:00,460.56
2050-12-20 07:00:00,553.5
2050-12-20 08:00:00,537.01
2050-12-20 09:00:00,1087.61
2050-12-20 10:00:00,2272.95
2050-12-20 11:00:00,3015.65
2050-12-20 12:00:00,3442.56
2050-12-20 13:00:00,3038.18
2050-12-20 14:00:00,2749.06
2050-12-20 15:00:00,2839.19
2050-12-20 16:00:00,2803.39
2050-12-20 17:00:00,3236.18
2050-12-20 18:00:00,3002.21
2050-12-20 19:00:00,2592.78
2050-12-20 20:00:00,2263.96
2050-12-20 21:00:00,972.54
2050-12-20 22:00:00,470.65
2050-12-20 23:00:00,-1198.79
2050-12-21 00:00:00,-1039.29
2050-12-21 01:00:00,-2657.12
2050-12-21 02:00:00,-2453.5
2050-12-21 03:00:00,-1995.57
2050-12-21 04:00:00,-3267.49
2050-12-21 05:00:00,-3961.34
2050-12-21 06:00:00,-2273.09
2050-12-21 07:00:00,-2365.36
2050-12-21 08:00:00,-316.49
2050-12-21 09:00:00,162.55
2050-12-21 10:00:00,1852.13
2050-12-21 11:00:00,1704.71
2050-12-21 12:00:00,3170.21
2050-12-21 13:00:00,3555.11
2050-12-21 14:00:00,2826.46
2050-12-21 15:00:00,2056.93
2050-12-21 16:00:00,2568.94
2050-12-21 17:00:00,2677.42
2050-12-21 18:00:00,2677.04
2050-12-21 19:00:00,2846.05
2050-12-21 20:00:00,2647.22
2050-12-21 21:00:00,1943.28
2050-12-21 22:00:00,3506.14
2050-12-21 23:00:00,3312.63
2050-12-22 00:00:00,3452.53
2050-12-22 01:00:00,3458.87
2050-12-22 02:00:00,2766.87
2050-12-22 03:00:00,2209.45
2050-12-22 04:00:00,2402.19
2050-12-22 05:00:00,1782.11
2050-12-22 06:00:00,924.71
2050-12-22 07:00:00,-2180.22
2050-12-22 08:00:00,-3689.12
2050-12-22 09:00:00,-4135.17
2050-12-22 10:00:00,-4730.5
2050-12-22 11:00:00,-5117.09
2050-12-22 12:00:00,-5154.16
2050-12-22 13:00:00,-5166.72
2050-12-22 14:00:00,-5719.53
2050-12-22 15:00:00,-5887.56
2050-12-22 16:00:00,-5616.66
2050-12-22 17:00:00,-5118.96
2050-12-22 18:00:00,-4490.45
2050-12-22 19:00:00,-4129.9
2050-12-22 20:00:00,-3762.09
2050-12-22 21:00:00,-3732.29
2050-12-22 22:00:00,-3395.59
2050-12-22 23:00:00,-3466.21
2050-12-23 00:00:00,-4612.65
2050-12-23 01:00:00,-4650.35
2050-12-23 02:00:00,-4672.93
2050-12-23 03:00:00,-4052.95
2050-12-23 04:00:00,-4590.64
2050-12-23 05:00:00,-4402.69
2050-12-23 06:00:00,-2139.74
2050-12-23 07:00:00,-557.09
2050-12-23 08:00:00,-296.93
2050-12-23 09:00:00,-922.55
2050-12-23 10:00:00,134.62
2050-12-23 11:00:00,1418.84
2050-12-23 12:00:00,-544.23
2050-12-23 13:00:00,-1863.52
2050-12-23 14:00:00,-1557.43
2050-12-23 15:00:00,-3745.12
2050-12-23 16:00:00,-2528.36
2050-12-23 17:00:00,-2581.17
2050-12-23 18:00:00,-1142.8
2050-12-23 19:00:00,-2597.55
2050-12-23 20:00:00,-2106.05
2050-12-23 21:00:00,-1392.12
2050-12-23 22:00:00,-1987.93
2050-12-23 23:00:00,-2571.57
2050-12-24 00:00:00,-2917.59
2050-12-24 01:00:00,-3320.57
2050-12-24 02:00:00,-3614.37
2050-12-24 03:00:00,-2976.31
2050-12-24 04:00:00,-3588.63
2050-12-24 05:00:00,-3212.68
2050-12-24 06:00:00,-3888.78
2050-12-24 07:00:00,-4522.66
2050-12-24 08:00:00,-4795.98
2050-12-24 09:00:00,-3400.59
2050-12-24 10:00:00,-4853.32
2050-12-24 11:00:00,-5267.27
2050-12-24 12:00:00,-5096.21
2050-12-24 13:00:00,-5100.55
2050-12-24 14:00:00,-4964.67
2050-12-24 15:00:00,-4523.0
2050-12-24 16:00:00,-3257.3
2050-12-24 17:00:00,-2938.03
2050-12-24 18:00:00,-2771.37
2050-12-24 19:00:00,-1818.33
2050-12-24 20:00:00,-2668.64
2050-12-24 21:00:00,-3178.06
2050-12-24 22:00:00,-3752.89
2050-12-24 23:00:00,-2989.04
2050-12-25 00:00:00,-3545.22
2050-12-25 01:00:00,-3791.38
2050-12-25 02:00:00,-4383.28
2050-12-25 03:00:00,-4638.21
2050-12-25 04:00:00,-5202.97
2050-12-25 05:00:00,-3605.32
2050-12-25 06:00:00,-2128.78
2050-12-25 07:00:00,-956.04
2050-12-25 08:00:00,-3843.01
2050-12-25 09:00:00,-3752.01
2050-12-25 10:00:00,-3537.72
2050-12-25 11:00:00,-2181.74
2050-12-25 12:00:00,-1661.84
2050-12-25 13:00:00,-1671.21
2050-12-25 14:00:00,-863.47
2050-12-25 15:00:00,168.39
2050-12-25 16:00:00,768.1
2050-12-25 17:00:00,1340.17
2050-12-25 18:00:00,2011.54
2050-12-25 19:00:00,993.32
2050-12-25 20:00:00,470.73
2050-12-25 21:00:00,-532.0
2050-12-25 22:00:00,-226.27
2050-12-25 23:00:00,-837.98
2050-12-26 00:00:00,-909.31
2050-12-26 01:00:00,-2109.18
2050-12-26 02:00:00,-3390.67
2050-12-26 03:00:00,-3659.66
2050-12-26 04:00:00,-3331.32
2050-12-26 05:00:00,-3546.35
2050-12-26 06:00:00,-4110.25
2050-12-26 07:00:00,-3294.27
2050-12-26 08:00:00,-2215.89
2050-12-26 09:00:00,-1185.86
2050-12-26 10:00:00,-909.83
2050-12-26 11:00:00,-255.27
2050-12-26 12:00:00,576.15
2050-12-26 13:00:00,569.1
2050-12-26 14:00:00,10.32
2050-12-26 15:00:00,383.79
2050-12-26 16:00:00,329.96
2050-12-26 17:00:00,346.41
2050-12-26 18:00:00,-488.35
2050-12-26 19:00:00,-592.92
2050-12-26 20:00:00,-875.9
2050-12-26 21:00:00,-1384.53
2050-12-26 22:00:00,-1506.11
2050-12-26 23:00:00,-1606.28
2050-12-27 00:00:00,-1488.17
2050-12-27 01:00:00,-166.51
2050-12-27 02:00:00,-870.08
2050-12-27 03:00:00,-1133.09
2050-12-27 04:00:00,-1418.09
2050-12-27 05:00:00,-1759.43
2050-12-27 06:00:00,-919.05
2050-12-27 07:00:00,-2149.64
2050-12-27 08:00:00,-1462.02
2050-12-27 09:00:00,765.35
2050-12-27 10:00:00,1230.0
2050-12-27 11:00:00,1846.28
2050-12-27 12:00:00,2202.02
2050-12-27 13:00:00,2077.49
2050-12-27 14:00:00,2023.56
2050-12-27 15:00:00,2181.09
2050-12-27 16:00:00,1842.12
2050-12-27 17:00:00,1722.28
2050-12-27 18:00:00,2999.71
2050-12-27 19:00:00,821.73
2050-12-27 20:00:00,-85.92
2050-12-27 21:00:00,-873.26
2050-12-27 22:00:00,-1054.82
2050-12-27 23:00:00,-2164.54
2050-12-28 00:00:00,-1117.02
2050-12-28 01:00:00,-867.3
2050-12-28 02:00:00,-2564.47
2050-12-28 03:00:00,-2051.87
2050-12-28 04:00:00,-3350.59
2050-12-28 05:00:00,-3723.96
2050-12-28 06:00:00,-4236.18
2050-12-28 07:00:00,-4070.88
2050-12-28 08:00:00,-3939.52
2050-12-28 09:00:00,-4120.22
2050-12-28 10:00:00,-4593.24
2050-12-28 11:00:00,-2675.26
2050-12-28 12:00:00,-4761.09
2050-12-28 13:00:00,-4310.44
2050-12-28 14:00:00,-3125.45
2050-12-28 15:00:00,-3398.59
2050-12-28 16:00:00,-1646.32
2050-12-28 17:00:00,-2455.79
2050-12-28 18:00:00,-2393.75
2050-12-28 19:00:00,-921.03
2050-12-28 20:00:00,1364.23
2050-12-28 21:00:00,1911.53
2050-12-28 22:00:00,2288.48
2050-12-28 23:00:00,1251.5
2050-12-29 00:00:00,904.07
2050-12-29 01:00:00,1948.22
2050-12-29 02:00:00,841.6
2050-12-29 03:00:00,-365.26
2050-12-29 04:00:00,-1009.63
2050-12-29 05:00:00,298.85
2050-12-29 06:00:00,267.45
2050-12-29 07:00:00,-1558.87
2050-12-29 08:00:00,-727.95
2050-12-29 09:00:00,-2353.38
2050-12-29 10:00:00,-725.24
2050-12-29 11:00:00,-2005.31
2050-12-29 12:00:00,-1525.38
2050-12-29 13:00:00,-524.52
2050-12-29 14:00:00,-877.75
2050-12-29 15:00:00,-1508.46
2050-12-29 16:00:00,-2741.21
2050-12-29 17:00:00,-1457.8
2050-12-29 18:00:00,-1300.41
2050-12-29 19:00:00,-439.66
2050-12-29 20:00:00,-672.95
2050-12-29 21:00:00,-1983.54
2050-12-29 22:00:00,-671.38
2050-12-29 23:00:00,-426.92
2050-12-30 00:00:00,753.56
2050-12-30 01:00:00,1663.15
2050-12-30 02:00:00,1571.64
2050-12-30 03:00:00,1937.07
2050-12-30 04:00:00,1926.77
2050-12-30 05:00:00,1677.51
2050-12-30 06:00:00,2006.95
2050-12-30 07:00:00,1223.11
2050-12-30 08:00:00,399.99
2050-12-30 09:00:00,-56.17
2050-12-30 10:00:00,-1053.23
2050-12-30 11:00:00,-1448.7
2050-12-30 12:00:00,-1564.03
2050-12-30 13:00:00,-1950.3
2050-12-30 14:00:00,-2606.36
2050-12-30 15:00:00,-3162.39
2050-12-30 16:00:00,-2508.39
2050-12-30 17:00:00,-3335.23
2050-12-30 18:00:00,-2213.97
2050-12-30 19:00:00,-2938.55
2050-12-30 20:00:00,-4128.1
2050-12-30 21:00:00,-3587.4
2050-12-30 22:00:00,-3957.67
2050-12-30 23:00:00,-4623.84
2050-12-31 00:00:00,-4879.36
2050-12-31 01:00:00,-3768.81
2050-12-31 02:00:00,-3263.87
2050-12-31 03:00:00,-3536.04
2050-12-31 04:00:00,-2666.43
2050-12-31 05:00:00,-3311.1
2050-12-31 06:00:00,-1529.96
2050-12-31 07:00:00,-1894.77
2050-12-31 08:00:00,-64.85
2050-12-31 09:00:00,1084.73
2050-12-31 10:00:00,920.83
2050-12-31 11:00:00,1680.51
2050-12-31 12:00:00,680.46
2050-12-31 13:00:00,-487.69
2050-12-31 14:00:00,-174.69
2050-12-31 15:00:00,-2142.51
2050-12-31 16:00:00,-4591.88
2050-12-31 17:00:00,-2511.01
2050-12-31 18:00:00,-2868.43
2050-12-31 19:00:00,-3664.83
2050-12-31 20:00:00,-3001.22
2050-12-31 21:00:00,-3912.56
2050-12-31 22:00:00,-4587.24
2050-12-31 23:00:00,-4725.79
