datetime,deficit_MW
2050-01-01 00:00:00,599.35
2050-01-01 01:00:00,-159.46
2050-01-01 02:00:00,-1019.9
2050-01-01 03:00:00,-1204.82
2050-01-01 04:00:00,-1300.12
2050-01-01 05:00:00,-1274.23
2050-01-01 06:00:00,-1120.81
2050-01-01 07:00:00,-1136.57
2050-01-01 08:00:00,-778.38
2050-01-01 09:00:00,-624.87
2050-01-01 10:00:00,-720.07
2050-01-01 11:00:00,-585.6
2050-01-01 12:00:00,-879.35
2050-01-01 13:00:00,-556.3
2050-01-01 14:00:00,-26.34
2050-01-01 15:00:00,-90.55
2050-01-01 16:00:00,-105.12
2050-01-01 17:00:00,693.94
2050-01-01 18:00:00,1789.94
2050-01-01 19:00:00,1294.17
2050-01-01 20:00:00,1700.82
2050-01-01 21:00:00,1563.76
2050-01-01 22:00:00,915.93
2050-01-01 23:00:00,454.78
2050-01-02 00:00:00,10.3
2050-01-02 01:00:00,714.54
2050-01-02 02:00:00,1754.67
2050-01-02 03:00:00,1458.93
2050-01-02 04:00:00,1435.48
2050-01-02 05:00:00,1748.07
2050-01-02 06:00:00,2073.91
2050-01-02 07:00:00,2297.53
2050-01-02 08:00:00,2425.88
2050-01-02 09:00:00,1944.61
2050-01-02 10:00:00,1681.16
2050-01-02 11:00:00,2100.81
2050-01-02 12:00:00,1573.77
2050-01-02 13:00:00,1677.24
2050-01-02 14:00:00,1743.44
2050-01-02 15:00:00,1752.93
2050-01-02 16:00:00,2242.85
2050-01-02 17:00:00,2412.51
2050-01-02 18:00:00,2934.13
2050-01-02 19:00:00,2268.33
2050-01-02 20:00:00,2203.5
2050-01-02 21:00:00,2460.86
2050-01-02 22:00:00,2987.66
2050-01-02 23:00:00,3665.52
2050-01-03 00:00:00,3593.93
2050-01-03 01:00:00,3440.37
2050-01-03 02:00:00,2812.95
2050-01-03 03:00:00,2514.52
2050-01-03 04:00:00,2309.97
2050-01-03 05:00:00,2366.64
2050-01-03 06:00:00,2119.77
2050-01-03 07:00:00,2183.15
2050-01-03 08:00:00,1924.53
2050-01-03 09:00:00,1961.78
2050-01-03 10:00:00,1945.52
2050-01-03 11:00:00,1587.98
2050-01-03 12:00:00,809.65
2050-01-03 13:00:00,613.74
2050-01-03 14:00:00,563.03
2050-01-03 15:00:00,493.24
2050-01-03 16:00:00,1666.85
2050-01-03 17:00:00,1640.51
2050-01-03 18:00:00,2288.15
2050-01-03 19:00:00,2110.15
2050-01-03 20:00:00,2168.5
2050-01-03 21:00:00,3014.74
2050-01-03 22:00:00,2794.79
2050-01-03 23:00:00,2096.97
2050-01-04 00:00:00,2331.82
2050-01-04 01:00:00,1618.31
2050-01-04 02:00:00,1647.51
2050-01-04 03:00:00,1335.92
2050-01-04 04:00:00,492.63
2050-01-04 05:00:00,111.51
2050-01-04 06:00:00,552.52
2050-01-04 07:00:00,1046.31
2050-01-04 08:00:00,991.74
2050-01-04 09:00:00,986.9
2050-01-04 10:00:00,627.67
2050-01-04 11:00:00,2.81
2050-01-04 12:00:00,-414.24
2050-01-04 13:00:00,688.49
2050-01-04 14:00:00,-199.9
2050-01-04 15:00:00,-1054.08
2050-01-04 16:00:00,-744.69
2050-01-04 17:00:00,47.09
2050-01-04 18:00:00,97.81
2050-01-04 19:00:00,449.9
2050-01-04 20:00:00,603.11
2050-01-04 21:00:00,572.74
2050-01-04 22:00:00,390.28
2050-01-04 23:00:00,138.58
2050-01-05 00:00:00,-154.95
2050-01-05 01:00:00,-277.88
2050-01-05 02:00:00,-468.27
2050-01-05 03:00:00,-559.28
2050-01-05 04:00:00,-608.16
2050-01-05 05:00:00,-587.3
2050-01-05 06:00:00,-454.9
2050-01-05 07:00:00,-345.48
2050-01-05 08:00:00,-323.49
2050-01-05 09:00:00,-391.23
2050-01-05 10:00:00,-543.12
2050-01-05 11:00:00,-672.79
2050-01-05 12:00:00,-708.99
2050-01-05 13:00:00,-565.88
2050-01-05 14:00:00,-374.6
2050-01-05 15:00:00,-609.63
2050-01-05 16:00:00,-378.73
2050-01-05 17:00:00,879.96
2050-01-05 18:00:00,969.35
2050-01-05 19:00:00,899.91
2050-01-05 20:00:00,1326.56
2050-01-05 21:00:00,1407.91
2050-01-05 22:00:00,1690.46
2050-01-05 23:00:00,2483.87
2050-01-06 00:00:00,2382.07
2050-01-06 01:00:00,2060.98
2050-01-06 02:00:00,2327.12
2050-01-06 03:00:00,2712.94
2050-01-06 04:00:00,2703.22
2050-01-06 05:00:00,2482.43
2050-01-06 06:00:00,2639.3
2050-01-06 07:00:00,2244.18
2050-01-06 08:00:00,1817.65
2050-01-06 09:00:00,1453.85
2050-01-06 10:00:00,1796.75
2050-01-06 11:00:00,1782.59
2050-01-06 12:00:00,1980.05
2050-01-06 13:00:00,1902.93
2050-01-06 14:00:00,2183.69
2050-01-06 15:00:00,1922.46
2050-01-06 16:00:00,1568.84
2050-01-06 17:00:00,2033.79
2050-01-06 18:00:00,2534.98
2050-01-06 19:00:00,2573.55
2050-01-06 20:00:00,2661.84
2050-01-06 21:00:00,1749.66
2050-01-06 22:00:00,2204.2
2050-01-06 23:00:00,1765.33
2050-01-07 00:00:00,1436.47
2050-01-07 01:00:00,1045.22
2050-01-07 02:00:00,826.49
2050-01-07 03:00:00,942.71
2050-01-07 04:00:00,1019.82
2050-01-07 05:00:00,1233.68
2050-01-07 06:00:00,1870.88
2050-01-07 07:00:00,1073.0
2050-01-07 08:00:00,1153.18
2050-01-07 09:00:00,1546.67
2050-01-07 10:00:00,1602.84
2050-01-07 11:00:00,2010.25
2050-01-07 12:00:00,1968.46
2050-01-07 13:00:00,1748.03
2050-01-07 14:00:00,886.53
2050-01-07 15:00:00,982.47
2050-01-07 16:00:00,1172.1
2050-01-07 17:00:00,1019.21
2050-01-07 18:00:00,1177.33
2050-01-07 19:00:00,1447.97
2050-01-07 20:00:00,1191.07
2050-01-07 21:00:00,1157.41
2050-01-07 22:00:00,1325.75
2050-01-07 23:00:00,853.04
2050-01-08 00:00:00,408.55
2050-01-08 01:00:00,911.4
2050-01-08 02:00:00,58.95
2050-01-08 03:00:00,-208.55
2050-01-08 04:00:00,-564.55
2050-01-08 05:00:00,-317.48
2050-01-08 06:00:00,-73.67
2050-01-08 07:00:00,-2.64
2050-01-08 08:00:00,231.44
2050-01-08 09:00:00,1120.46
2050-01-08 10:00:00,1457.08
2050-01-08 11:00:00,1180.64
2050-01-08 12:00:00,1650.51
2050-01-08 13:00:00,1679.98
2050-01-08 14:00:00,1765.71
2050-01-08 15:00:00,2046.15
2050-01-08 16:00:00,2032.53
2050-01-08 17:00:00,2024.95
2050-01-08 18:00:00,2939.04
2050-01-08 19:00:00,2781.44
2050-01-08 20:00:00,2867.57
2050-01-08 21:00:00,2812.13
2050-01-08 22:00:00,2356.25
2050-01-08 23:00:00,1740.26
2050-01-09 00:00:00,1042.32
2050-01-09 01:00:00,159.62
2050-01-09 02:00:00,683.43
2050-01-09 03:00:00,99.66
2050-01-09 04:00:00,391.66
2050-01-09 05:00:00,47.64
2050-01-09 06:00:00,306.5
2050-01-09 07:00:00,569.37
2050-01-09 08:00:00,1059.7
2050-01-09 09:00:00,961.36
2050-01-09 10:00:00,685.6
2050-01-09 11:00:00,1590.05
2050-01-09 12:00:00,1359.56
2050-01-09 13:00:00,1419.29
2050-01-09 14:00:00,1097.77
2050-01-09 15:00:00,728.82
2050-01-09 16:00:00,1128.26
2050-01-09 17:00:00,1793.43
2050-01-09 18:00:00,1833.32
2050-01-09 19:00:00,1675.96
2050-01-09 20:00:00,1739.24
2050-01-09 21:00:00,2038.64
2050-01-09 22:00:00,1670.48
2050-01-09 23:00:00,1703.04
2050-01-10 00:00:00,1224.01
2050-01-10 01:00:00,1297.99
2050-01-10 02:00:00,947.84
2050-01-10 03:00:00,1151.65
2050-01-10 04:00:00,646.38
2050-01-10 05:00:00,1022.76
2050-01-10 06:00:00,896.41
2050-01-10 07:00:00,845.6
2050-01-10 08:00:00,837.19
2050-01-10 09:00:00,949.68
2050-01-10 10:00:00,1596.5
2050-01-10 11:00:00,1468.77
2050-01-10 12:00:00,1579.93
2050-01-10 13:00:00,1414.24
2050-01-10 14:00:00,798.9
2050-01-10 15:00:00,747.52
2050-01-10 16:00:00,1390.68
2050-01-10 17:00:00,1566.21
2050-01-10 18:00:00,1785.32
2050-01-10 19:00:00,2230.93
2050-01-10 20:00:00,2083.57
2050-01-10 21:00:00,1526.52
2050-01-10 22:00:00,957.12
2050-01-10 23:00:00,667.21
2050-01-11 00:00:00,248.8
2050-01-11 01:00:00,99.62
2050-01-11 02:00:00,-66.5
2050-01-11 03:00:00,-194.43
2050-01-11 04:00:00,-235.18
2050-01-11 05:00:00,-197.27
2050-01-11 06:00:00,51.74
2050-01-11 07:00:00,309.22
2050-01-11 08:00:00,790.13
2050-01-11 09:00:00,1783.55
2050-01-11 10:00:00,1902.19
2050-01-11 11:00:00,2200.48
2050-01-11 12:00:00,2181.33
2050-01-11 13:00:00,1788.78
2050-01-11 14:00:00,1752.51
2050-01-11 15:00:00,1941.97
2050-01-11 16:00:00,2666.06
2050-01-11 17:00:00,2709.45
2050-01-11 18:00:00,2745.26
2050-01-11 19:00:00,2980.69
2050-01-11 20:00:00,3126.66
2050-01-11 21:00:00,2919.76
2050-01-11 22:00:00,2763.13
2050-01-11 23:00:00,2348.35
2050-01-12 00:00:00,1606.99
2050-01-12 01:00:00,1302.47
2050-01-12 02:00:00,338.91
2050-01-12 03:00:00,469.45
2050-01-12 04:00:00,-294.17
2050-01-12 05:00:00,-281.27
2050-01-12 06:00:00,-275.18
2050-01-12 07:00:00,-156.53
2050-01-12 08:00:00,-201.48
2050-01-12 09:00:00,-145.67
2050-01-12 10:00:00,-356.71
2050-01-12 11:00:00,-454.9
2050-01-12 12:00:00,-432.08
2050-01-12 13:00:00,-617.94
2050-01-12 14:00:00,-711.66
2050-01-12 15:00:00,-813.73
2050-01-12 16:00:00,-591.42
2050-01-12 17:00:00,976.45
2050-01-12 18:00:00,1377.9
2050-01-12 19:00:00,2184.51
2050-01-12 20:00:00,1844.96
2050-01-12 21:00:00,1541.83
2050-01-12 22:00:00,1036.96
2050-01-12 23:00:00,873.2
2050-01-13 00:00:00,626.2
2050-01-13 01:00:00,605.18
2050-01-13 02:00:00,450.45
2050-01-13 03:00:00,369.95
2050-01-13 04:00:00,434.34
2050-01-13 05:00:00,259.87
2050-01-13 06:00:00,394.63
2050-01-13 07:00:00,432.02
2050-01-13 08:00:00,564.99
2050-01-13 09:00:00,925.24
2050-01-13 10:00:00,309.71
2050-01-13 11:00:00,1378.22
2050-01-13 12:00:00,1762.14
2050-01-13 13:00:00,1837.21
2050-01-13 14:00:00,1682.06
2050-01-13 15:00:00,1629.94
2050-01-13 16:00:00,1947.77
2050-01-13 17:00:00,1851.49
2050-01-13 18:00:00,2353.87
2050-01-13 19:00:00,2307.19
2050-01-13 20:00:00,3286.05
2050-01-13 21:00:00,3339.54
2050-01-13 22:00:00,2917.69
2050-01-13 23:00:00,2270.07
2050-01-14 00:00:00,1647.26
2050-01-14 01:00:00,2270.7
2050-01-14 02:00:00,1732.08
2050-01-14 03:00:00,2053.88
2050-01-14 04:00:00,1797.69
2050-01-14 05:00:00,1739.84
2050-01-14 06:00:00,1741.89
2050-01-14 07:00:00,2033.8
2050-01-14 08:00:00,1651.88
2050-01-14 09:00:00,1655.87
2050-01-14 10:00:00,1169.66
2050-01-14 11:00:00,1496.21
2050-01-14 12:00:00,1618.69
2050-01-14 13:00:00,1475.72
2050-01-14 14:00:00,1480.96
2050-01-14 15:00:00,1382.47
2050-01-14 16:00:00,1091.61
2050-01-14 17:00:00,1682.17
2050-01-14 18:00:00,2761.07
2050-01-14 19:00:00,2929.7
2050-01-14 20:00:00,3135.8
2050-01-14 21:00:00,3336.11
2050-01-14 22:00:00,3036.75
2050-01-14 23:00:00,2618.95
2050-01-15 00:00:00,2188.8
2050-01-15 01:00:00,1621.07
2050-01-15 02:00:00,913.69
2050-01-15 03:00:00,915.61
2050-01-15 04:00:00,865.73
2050-01-15 05:00:00,889.17
2050-01-15 06:00:00,1084.99
2050-01-15 07:00:00,1471.63
2050-01-15 08:00:00,1060.03
2050-01-15 09:00:00,1583.94
2050-01-15 10:00:00,1120.36
2050-01-15 11:00:00,888.34
2050-01-15 12:00:00,435.11
2050-01-15 13:00:00,421.27
2050-01-15 14:00:00,450.89
2050-01-15 15:00:00,551.18
2050-01-15 16:00:00,813.88
2050-01-15 17:00:00,1044.12
2050-01-15 18:00:00,1447.17
2050-01-15 19:00:00,2864.56
2050-01-15 20:00:00,3407.58
2050-01-15 21:00:00,2943.59
2050-01-15 22:00:00,2957.84
2050-01-15 23:00:00,2557.68
2050-01-16 00:00:00,2557.22
2050-01-16 01:00:00,1975.1
2050-01-16 02:00:00,2542.45
2050-01-16 03:00:00,2217.65
2050-01-16 04:00:00,2610.74
2050-01-16 05:00:00,1956.03
2050-01-16 06:00:00,1752.49
2050-01-16 07:00:00,3093.6
2050-01-16 08:00:00,2283.42
2050-01-16 09:00:00,1424.62
2050-01-16 10:00:00,1169.23
2050-01-16 11:00:00,660.93
2050-01-16 12:00:00,786.06
2050-01-16 13:00:00,373.63
2050-01-16 14:00:00,277.96
2050-01-16 15:00:00,-147.39
2050-01-16 16:00:00,-822.14
2050-01-16 17:00:00,-942.4
2050-01-16 18:00:00,-625.48
2050-01-16 19:00:00,-302.88
2050-01-16 20:00:00,-90.97
2050-01-16 21:00:00,-100.83
2050-01-16 22:00:00,-244.46
2050-01-16 23:00:00,-482.77
2050-01-17 00:00:00,-752.93
2050-01-17 01:00:00,-852.86
2050-01-17 02:00:00,-1031.89
2050-01-17 03:00:00,-1078.63
2050-01-17 04:00:00,-1159.45
2050-01-17 05:00:00,-35.43
2050-01-17 06:00:00,834.08
2050-01-17 07:00:00,714.42
2050-01-17 08:00:00,204.32
2050-01-17 09:00:00,1623.69
2050-01-17 10:00:00,1402.38
2050-01-17 11:00:00,1417.28
2050-01-17 12:00:00,1584.16
2050-01-17 13:00:00,1604.07
2050-01-17 14:00:00,1575.5
2050-01-17 15:00:00,1292.74
2050-01-17 16:00:00,1203.66
2050-01-17 17:00:00,1592.05
2050-01-17 18:00:00,1506.98
2050-01-17 19:00:00,1060.2
2050-01-17 20:00:00,2018.43
2050-01-17 21:00:00,1406.62
2050-01-17 22:00:00,938.31
2050-01-17 23:00:00,684.44
2050-01-18 00:00:00,37.92
2050-01-18 01:00:00,671.19
2050-01-18 02:00:00,-147.15
2050-01-18 03:00:00,-748.22
2050-01-18 04:00:00,-643.96
2050-01-18 05:00:00,-1498.6
2050-01-18 06:00:00,-1223.05
2050-01-18 07:00:00,-398.64
2050-01-18 08:00:00,-587.15
2050-01-18 09:00:00,-35.22
2050-01-18 10:00:00,468.88
2050-01-18 11:00:00,-92.55
2050-01-18 12:00:00,-883.19
2050-01-18 13:00:00,-613.75
2050-01-18 14:00:00,-1010.56
2050-01-18 15:00:00,201.08
2050-01-18 16:00:00,410.53
2050-01-18 17:00:00,-920.6
2050-01-18 18:00:00,-547.72
2050-01-18 19:00:00,-261.97
2050-01-18 20:00:00,736.33
2050-01-18 21:00:00,891.1
2050-01-18 22:00:00,-153.63
2050-01-18 23:00:00,-17.04
2050-01-19 00:00:00,-54.55
2050-01-19 01:00:00,-480.24
2050-01-19 02:00:00,-41.49
2050-01-19 03:00:00,141.77
2050-01-19 04:00:00,132.26
2050-01-19 05:00:00,-28.14
2050-01-19 06:00:00,227.17
2050-01-19 07:00:00,314.04
2050-01-19 08:00:00,57.62
2050-01-19 09:00:00,-84.26
2050-01-19 10:00:00,-652.93
2050-01-19 11:00:00,-991.71
2050-01-19 12:00:00,-968.59
2050-01-19 13:00:00,-945.25
2050-01-19 14:00:00,-1462.68
2050-01-19 15:00:00,-1679.01
2050-01-19 16:00:00,-1641.23
2050-01-19 17:00:00,-1188.63
2050-01-19 18:00:00,-742.6
2050-01-19 19:00:00,-389.46
2050-01-19 20:00:00,-184.97
2050-01-19 21:00:00,-159.71
2050-01-19 22:00:00,-319.57
2050-01-19 23:00:00,-518.55
2050-01-20 00:00:00,-704.73
2050-01-20 01:00:00,-61.87
2050-01-20 02:00:00,-322.48
2050-01-20 03:00:00,-439.52
2050-01-20 04:00:00,231.26
2050-01-20 05:00:00,913.16
2050-01-20 06:00:00,1704.03
2050-01-20 07:00:00,1762.63
2050-01-20 08:00:00,2058.29
2050-01-20 09:00:00,1262.09
2050-01-20 10:00:00,743.0
2050-01-20 11:00:00,-378.6
2050-01-20 12:00:00,-15.99
2050-01-20 13:00:00,-153.63
2050-01-20 14:00:00,-926.47
2050-01-20 15:00:00,-1132.26
2050-01-20 16:00:00,-518.97
2050-01-20 17:00:00,-190.8
2050-01-20 18:00:00,120.24
2050-01-20 19:00:00,715.75
2050-01-20 20:00:00,1526.08
2050-01-20 21:00:00,1211.48
2050-01-20 22:00:00,1240.61
2050-01-20 23:00:00,1463.22
2050-01-21 00:00:00,1100.48
2050-01-21 01:00:00,1246.97
2050-01-21 02:00:00,1428.61
2050-01-21 03:00:00,1554.4
2050-01-21 04:00:00,1922.36
2050-01-21 05:00:00,1559.99
2050-01-21 06:00:00,1237.99
2050-01-21 07:00:00,1464.65
2050-01-21 08:00:00,2151.8
2050-01-21 09:00:00,2064.8
2050-01-21 10:00:00,1761.85
2050-01-21 11:00:00,1517.31
2050-01-21 12:00:00,931.08
2050-01-21 13:00:00,1217.59
2050-01-21 14:00:00,1361.69
2050-01-21 15:00:00,1833.78
2050-01-21 16:00:00,1934.54
2050-01-21 17:00:00,1922.04
2050-01-21 18:00:00,2905.21
2050-01-21 19:00:00,3303.07
2050-01-21 20:00:00,3337.94
2050-01-21 21:00:00,3727.4
2050-01-21 22:00:00,3149.94
2050-01-21 23:00:00,2947.75
2050-01-22 00:00:00,2481.37
2050-01-22 01:00:00,2424.54
2050-01-22 02:00:00,2303.43
2050-01-22 03:00:00,2341.78
2050-01-22 04:00:00,2609.14
2050-01-22 05:00:00,2137.89
2050-01-22 06:00:00,2701.59
2050-01-22 07:00:00,2839.53
2050-01-22 08:00:00,3166.84
2050-01-22 09:00:00,2842.53
2050-01-22 10:00:00,3267.85
2050-01-22 11:00:00,3148.07
2050-01-22 12:00:00,3021.17
2050-01-22 13:00:00,3094.28
2050-01-22 14:00:00,3064.47
2050-01-22 15:00:00,3064.44
2050-01-22 16:00:00,3219.6
2050-01-22 17:00:00,3450.02
2050-01-22 18:00:00,3757.02
2050-01-22 19:00:00,4142.0
2050-01-22 20:00:00,4339.33
2050-01-22 21:00:00,3581.31
2050-01-22 22:00:00,3099.5
2050-01-22 23:00:00,2702.92
2050-01-23 00:00:00,1943.5
2050-01-23 01:00:00,1100.99
2050-01-23 02:00:00,322.53
2050-01-23 03:00:00,-61.19
2050-01-23 04:00:00,-799.41
2050-01-23 05:00:00,-771.74
2050-01-23 06:00:00,-586.47
2050-01-23 07:00:00,-423.53
2050-01-23 08:00:00,-388.66
2050-01-23 09:00:00,-516.0
2050-01-23 10:00:00,-691.51
2050-01-23 11:00:00,-870.91
2050-01-23 12:00:00,-1011.94
2050-01-23 13:00:00,-1193.62
2050-01-23 14:00:00,-1368.9
2050-01-23 15:00:00,-1464.55
2050-01-23 16:00:00,-1269.0
2050-01-23 17:00:00,-796.1
2050-01-23 18:00:00,-323.75
2050-01-23 19:00:00,46.92
2050-01-23 20:00:00,228.2
2050-01-23 21:00:00,199.24
2050-01-23 22:00:00,37.08
2050-01-23 23:00:00,-174.83
2050-01-24 00:00:00,-436.89
2050-01-24 01:00:00,-539.63
2050-01-24 02:00:00,-670.51
2050-01-24 03:00:00,-782.48
2050-01-24 04:00:00,-939.66
2050-01-24 05:00:00,-1005.77
2050-01-24 06:00:00,-971.69
2050-01-24 07:00:00,-963.94
2050-01-24 08:00:00,-986.35
2050-01-24 09:00:00,-998.74
2050-01-24 10:00:00,-1105.89
2050-01-24 11:00:00,-1298.0
2050-01-24 12:00:00,-1498.07
2050-01-24 13:00:00,-1743.87
2050-01-24 14:00:00,-1537.88
2050-01-24 15:00:00,-1662.13
2050-01-24 16:00:00,-1586.47
2050-01-24 17:00:00,-1165.52
2050-01-24 18:00:00,-744.08
2050-01-24 19:00:00,-531.94
2050-01-24 20:00:00,-530.14
2050-01-24 21:00:00,-755.91
2050-01-24 22:00:00,-1024.62
2050-01-24 23:00:00,-1179.87
2050-01-25 00:00:00,-1492.0
2050-01-25 01:00:00,-924.23
2050-01-25 02:00:00,-1155.59
2050-01-25 03:00:00,-1555.35
2050-01-25 04:00:00,-1481.18
2050-01-25 05:00:00,-965.04
2050-01-25 06:00:00,-182.82
2050-01-25 07:00:00,-624.34
2050-01-25 08:00:00,-427.26
2050-01-25 09:00:00,182.49
2050-01-25 10:00:00,398.38
2050-01-25 11:00:00,439.51
2050-01-25 12:00:00,861.85
2050-01-25 13:00:00,409.44
2050-01-25 14:00:00,-284.94
2050-01-25 15:00:00,259.91
2050-01-25 16:00:00,739.29
2050-01-25 17:00:00,916.72
2050-01-25 18:00:00,1216.08
2050-01-25 19:00:00,772.21
2050-01-25 20:00:00,369.09
2050-01-25 21:00:00,-224.87
2050-01-25 22:00:00,-398.08
2050-01-25 23:00:00,152.03
2050-01-26 00:00:00,202.5
2050-01-26 01:00:00,354.43
2050-01-26 02:00:00,746.84
2050-01-26 03:00:00,258.24
2050-01-26 04:00:00,-418.05
2050-01-26 05:00:00,396.04
2050-01-26 06:00:00,928.36
2050-01-26 07:00:00,1052.9
2050-01-26 08:00:00,948.0
2050-01-26 09:00:00,650.33
2050-01-26 10:00:00,933.86
2050-01-26 11:00:00,1224.06
2050-01-26 12:00:00,650.31
2050-01-26 13:00:00,390.7
2050-01-26 14:00:00,49.78
2050-01-26 15:00:00,-403.11
2050-01-26 16:00:00,-748.62
2050-01-26 17:00:00,-157.17
2050-01-26 18:00:00,-78.9
2050-01-26 19:00:00,290.79
2050-01-26 20:00:00,636.7
2050-01-26 21:00:00,696.78
2050-01-26 22:00:00,582.66
2050-01-26 23:00:00,493.73
2050-01-27 00:00:00,929.93
2050-01-27 01:00:00,777.67
2050-01-27 02:00:00,473.57
2050-01-27 03:00:00,713.87
2050-01-27 04:00:00,52.49
2050-01-27 05:00:00,-181.4
2050-01-27 06:00:00,824.04
2050-01-27 07:00:00,556.45
2050-01-27 08:00:00,450.38
2050-01-27 09:00:00,115.18
2050-01-27 10:00:00,-181.1
2050-01-27 11:00:00,-277.92
2050-01-27 12:00:00,-276.47
2050-01-27 13:00:00,-52.32
2050-01-27 14:00:00,-767.59
2050-01-27 15:00:00,-1099.05
2050-01-27 16:00:00,-1063.4
2050-01-27 17:00:00,-490.23
2050-01-27 18:00:00,94.19
2050-01-27 19:00:00,458.11
2050-01-27 20:00:00,1173.16
2050-01-27 21:00:00,886.12
2050-01-27 22:00:00,605.93
2050-01-27 23:00:00,730.46
2050-01-28 00:00:00,407.94
2050-01-28 01:00:00,1044.48
2050-01-28 02:00:00,760.53
2050-01-28 03:00:00,893.81
2050-01-28 04:00:00,956.07
2050-01-28 05:00:00,453.87
2050-01-28 06:00:00,447.19
2050-01-28 07:00:00,980.95
2050-01-28 08:00:00,1373.27
2050-01-28 09:00:00,1429.08
2050-01-28 10:00:00,1742.98
2050-01-28 11:00:00,2333.76
2050-01-28 12:00:00,2109.71
2050-01-28 13:00:00,2271.05
2050-01-28 14:00:00,2900.35
2050-01-28 15:00:00,2871.51
2050-01-28 16:00:00,2768.15
2050-01-28 17:00:00,2893.44
2050-01-28 18:00:00,3078.24
2050-01-28 19:00:00,3482.03
2050-01-28 20:00:00,3622.34
2050-01-28 21:00:00,3452.18
2050-01-28 22:00:00,3286.92
2050-01-28 23:00:00,3249.89
2050-01-29 00:00:00,2790.27
2050-01-29 01:00:00,2664.98
2050-01-29 02:00:00,2398.66
2050-01-29 03:00:00,1888.49
2050-01-29 04:00:00,2163.65
2050-01-29 05:00:00,912.99
2050-01-29 06:00:00,1104.35
2050-01-29 07:00:00,1031.34
2050-01-29 08:00:00,1166.96
2050-01-29 09:00:00,1483.69
2050-01-29 10:00:00,872.71
2050-01-29 11:00:00,678.6
2050-01-29 12:00:00,236.61
2050-01-29 13:00:00,26.51
2050-01-29 14:00:00,-147.82
2050-01-29 15:00:00,-213.6
2050-01-29 16:00:00,-88.36
2050-01-29 17:00:00,396.73
2050-01-29 18:00:00,882.44
2050-01-29 19:00:00,1278.92
2050-01-29 20:00:00,1515.13
2050-01-29 21:00:00,1437.3
2050-01-29 22:00:00,1415.28
2050-01-29 23:00:00,1523.97
2050-01-30 00:00:00,1475.91
2050-01-30 01:00:00,1131.55
2050-01-30 02:00:00,757.92
2050-01-30 03:00:00,1463.28
2050-01-30 04:00:00,1918.33
2050-01-30 05:00:00,2218.65
2050-01-30 06:00:00,2953.13
2050-01-30 07:00:00,3469.56
2050-01-30 08:00:00,3532.57
2050-01-30 09:00:00,3737.0
2050-01-30 10:00:00,4295.83
2050-01-30 11:00:00,4365.04
2050-01-30 12:00:00,4283.78
2050-01-30 13:00:00,3514.65
2050-01-30 14:00:00,2619.08
2050-01-30 15:00:00,2496.17
2050-01-30 16:00:00,1947.37
2050-01-30 17:00:00,1161.24
2050-01-30 18:00:00,946.03
2050-01-30 19:00:00,1239.69
2050-01-30 20:00:00,1353.85
2050-01-30 21:00:00,1303.2
2050-01-30 22:00:00,1226.63
2050-01-30 23:00:00,1478.53
2050-01-31 00:00:00,1754.77
2050-01-31 01:00:00,1893.01
2050-01-31 02:00:00,2189.63
2050-01-31 03:00:00,2807.22
2050-01-31 04:00:00,2602.7
2050-01-31 05:00:00,2557.03
2050-01-31 06:00:00,2508.34
2050-01-31 07:00:00,2482.82
2050-01-31 08:00:00,2967.76
2050-01-31 09:00:00,2902.82
2050-01-31 10:00:00,3609.32
2050-01-31 11:00:00,3689.84
2050-01-31 12:00:00,3666.35
2050-01-31 13:00:00,3370.22
2050-01-31 14:00:00,3315.51
2050-01-31 15:00:00,3065.64
2050-01-31 16:00:00,3293.51
2050-01-31 17:00:00,3366.78
2050-01-31 18:00:00,3200.67
2050-01-31 19:00:00,3071.01
2050-01-31 20:00:00,2850.71
2050-01-31 21:00:00,2053.62
2050-01-31 22:00:00,2590.66
2050-01-31 23:00:00,2432.15
2050-02-01 00:00:00,1887.13
2050-02-01 01:00:00,1379.82
2050-02-01 02:00:00,1026.22
2050-02-01 03:00:00,894.46
2050-02-01 04:00:00,290.4
2050-02-01 05:00:00,300.52
2050-02-01 06:00:00,443.58
2050-02-01 07:00:00,637.85
2050-02-01 08:00:00,680.55
2050-02-01 09:00:00,1085.01
2050-02-01 10:00:00,1437.09
2050-02-01 11:00:00,1501.37
2050-02-01 12:00:00,1911.56
2050-02-01 13:00:00,1546.71
2050-02-01 14:00:00,1996.33
2050-02-01 15:00:00,1995.11
2050-02-01 16:00:00,1594.55
2050-02-01 17:00:00,2314.15
2050-02-01 18:00:00,3214.09
2050-02-01 19:00:00,3008.4
2050-02-01 20:00:00,3905.62
2050-02-01 21:00:00,4725.98
2050-02-01 22:00:00,3615.42
2050-02-01 23:00:00,2997.73
2050-02-02 00:00:00,2332.52
2050-02-02 01:00:00,2183.91
2050-02-02 02:00:00,1608.21
2050-02-02 03:00:00,2062.93
2050-02-02 04:00:00,2475.92
2050-02-02 05:00:00,2946.78
2050-02-02 06:00:00,2358.4
2050-02-02 07:00:00,1922.03
2050-02-02 08:00:00,2144.17
2050-02-02 09:00:00,1496.27
2050-02-02 10:00:00,997.69
2050-02-02 11:00:00,2014.29
2050-02-02 12:00:00,2207.92
2050-02-02 13:00:00,2173.2
2050-02-02 14:00:00,1883.36
2050-02-02 15:00:00,1377.16
2050-02-02 16:00:00,835.68
2050-02-02 17:00:00,721.78
2050-02-02 18:00:00,979.54
2050-02-02 19:00:00,692.43
2050-02-02 20:00:00,1314.67
2050-02-02 21:00:00,1017.07
2050-02-02 22:00:00,1102.12
2050-02-02 23:00:00,1212.21
2050-02-03 00:00:00,818.33
2050-02-03 01:00:00,-147.99
2050-02-03 02:00:00,-451.59
2050-02-03 03:00:00,-591.31
2050-02-03 04:00:00,-240.21
2050-02-03 05:00:00,-95.41
2050-02-03 06:00:00,410.23
2050-02-03 07:00:00,950.58
2050-02-03 08:00:00,1104.14
2050-02-03 09:00:00,1199.77
2050-02-03 10:00:00,1210.03
2050-02-03 11:00:00,1236.51
2050-02-03 12:00:00,975.78
2050-02-03 13:00:00,740.84
2050-02-03 14:00:00,738.7
2050-02-03 15:00:00,224.23
2050-02-03 16:00:00,-185.02
2050-02-03 17:00:00,-253.89
2050-02-03 18:00:00,457.38
2050-02-03 19:00:00,758.57
2050-02-03 20:00:00,730.48
2050-02-03 21:00:00,399.77
2050-02-03 22:00:00,243.21
2050-02-03 23:00:00,23.2
2050-02-04 00:00:00,-120.89
2050-02-04 01:00:00,-90.39
2050-02-04 02:00:00,-268.39
2050-02-04 03:00:00,-548.43
2050-02-04 04:00:00,-370.48
2050-02-04 05:00:00,-219.97
2050-02-04 06:00:00,-216.5
2050-02-04 07:00:00,347.39
2050-02-04 08:00:00,1126.84
2050-02-04 09:00:00,874.45
2050-02-04 10:00:00,963.06
2050-02-04 11:00:00,2675.46
2050-02-04 12:00:00,2482.46
2050-02-04 13:00:00,2594.05
2050-02-04 14:00:00,2316.55
2050-02-04 15:00:00,1625.03
2050-02-04 16:00:00,1590.24
2050-02-04 17:00:00,1966.45
2050-02-04 18:00:00,2890.76
2050-02-04 19:00:00,3191.49
2050-02-04 20:00:00,3491.04
2050-02-04 21:00:00,2708.32
2050-02-04 22:00:00,2430.15
2050-02-04 23:00:00,1800.96
2050-02-05 00:00:00,1468.91
2050-02-05 01:00:00,1137.01
2050-02-05 02:00:00,481.97
2050-02-05 03:00:00,207.39
2050-02-05 04:00:00,448.68
2050-02-05 05:00:00,-36.45
2050-02-05 06:00:00,-11.26
2050-02-05 07:00:00,-339.59
2050-02-05 08:00:00,-374.38
2050-02-05 09:00:00,-407.73
2050-02-05 10:00:00,-492.46
2050-02-05 11:00:00,-596.27
2050-02-05 12:00:00,-594.92
2050-02-05 13:00:00,-534.92
2050-02-05 14:00:00,-617.3
2050-02-05 15:00:00,-170.8
2050-02-05 16:00:00,700.87
2050-02-05 17:00:00,816.03
2050-02-05 18:00:00,1416.94
2050-02-05 19:00:00,893.6
2050-02-05 20:00:00,713.17
2050-02-05 21:00:00,825.48
2050-02-05 22:00:00,770.03
2050-02-05 23:00:00,524.34
2050-02-06 00:00:00,984.45
2050-02-06 01:00:00,1565.7
2050-02-06 02:00:00,1711.34
2050-02-06 03:00:00,2713.34
2050-02-06 04:00:00,2410.03
2050-02-06 05:00:00,2907.0
2050-02-06 06:00:00,3400.49
2050-02-06 07:00:00,4142.43
2050-02-06 08:00:00,4297.37
2050-02-06 09:00:00,4488.5
2050-02-06 10:00:00,4628.19
2050-02-06 11:00:00,4612.21
2050-02-06 12:00:00,4295.44
2050-02-06 13:00:00,4593.57
2050-02-06 14:00:00,4393.97
2050-02-06 15:00:00,4245.61
2050-02-06 16:00:00,4016.46
2050-02-06 17:00:00,3304.97
2050-02-06 18:00:00,3759.76
2050-02-06 19:00:00,3430.73
2050-02-06 20:00:00,3632.3
2050-02-06 21:00:00,3754.81
2050-02-06 22:00:00,3438.13
2050-02-06 23:00:00,3577.89
2050-02-07 00:00:00,4332.92
2050-02-07 01:00:00,5152.05
2050-02-07 02:00:00,4534.09
2050-02-07 03:00:00,4181.71
2050-02-07 04:00:00,3850.47
2050-02-07 05:00:00,3575.4
2050-02-07 06:00:00,3948.42
2050-02-07 07:00:00,4057.06
2050-02-07 08:00:00,4167.59
2050-02-07 09:00:00,3983.29
2050-02-07 10:00:00,3189.38
2050-02-07 11:00:00,2618.11
2050-02-07 12:00:00,2530.39
2050-02-07 13:00:00,2051.7
2050-02-07 14:00:00,2565.81
2050-02-07 15:00:00,2958.84
2050-02-07 16:00:00,2100.43
2050-02-07 17:00:00,1640.53
2050-02-07 18:00:00,2084.61
2050-02-07 19:00:00,2572.07
2050-02-07 20:00:00,2744.81
2050-02-07 21:00:00,2671.1
2050-02-07 22:00:00,1246.84
2050-02-07 23:00:00,783.75
2050-02-08 00:00:00,478.98
2050-02-08 01:00:00,473.53
2050-02-08 02:00:00,617.82
2050-02-08 03:00:00,585.75
2050-02-08 04:00:00,184.55
2050-02-08 05:00:00,599.36
2050-02-08 06:00:00,604.39
2050-02-08 07:00:00,881.25
2050-02-08 08:00:00,1663.36
2050-02-08 09:00:00,1343.1
2050-02-08 10:00:00,2430.97
2050-02-08 11:00:00,2426.1
2050-02-08 12:00:00,2215.95
2050-02-08 13:00:00,2422.2
2050-02-08 14:00:00,2463.97
2050-02-08 15:00:00,2153.4
2050-02-08 16:00:00,2224.59
2050-02-08 17:00:00,1972.72
2050-02-08 18:00:00,1970.05
2050-02-08 19:00:00,2695.68
2050-02-08 20:00:00,2481.83
2050-02-08 21:00:00,2494.45
2050-02-08 22:00:00,2641.78
2050-02-08 23:00:00,2858.04
2050-02-09 00:00:00,2925.02
2050-02-09 01:00:00,3144.59
2050-02-09 02:00:00,3132.52
2050-02-09 03:00:00,3114.14
2050-02-09 04:00:00,2471.8
2050-02-09 05:00:00,2494.98
2050-02-09 06:00:00,3017.21
2050-02-09 07:00:00,3187.43
2050-02-09 08:00:00,2904.0
2050-02-09 09:00:00,2453.46
2050-02-09 10:00:00,1466.93
2050-02-09 11:00:00,1147.64
2050-02-09 12:00:00,577.01
2050-02-09 13:00:00,350.88
2050-02-09 14:00:00,460.61
2050-02-09 15:00:00,106.69
2050-02-09 16:00:00,-230.01
2050-02-09 17:00:00,-194.99
2050-02-09 18:00:00,519.2
2050-02-09 19:00:00,484.21
2050-02-09 20:00:00,553.09
2050-02-09 21:00:00,376.65
2050-02-09 22:00:00,54.62
2050-02-09 23:00:00,-153.28
2050-02-10 00:00:00,257.05
2050-02-10 01:00:00,-153.1
2050-02-10 02:00:00,-393.44
2050-02-10 03:00:00,-734.79
2050-02-10 04:00:00,-518.53
2050-02-10 05:00:00,-595.04
2050-02-10 06:00:00,-412.98
2050-02-10 07:00:00,-518.81
2050-02-10 08:00:00,-545.99
2050-02-10 09:00:00,-570.15
2050-02-10 10:00:00,248.29
2050-02-10 11:00:00,-173.56
2050-02-10 12:00:00,-465.26
2050-02-10 13:00:00,-460.0
2050-02-10 14:00:00,-195.35
2050-02-10 15:00:00,827.67
2050-02-10 16:00:00,885.49
2050-02-10 17:00:00,1719.06
2050-02-10 18:00:00,2397.11
2050-02-10 19:00:00,2714.15
2050-02-10 20:00:00,2740.21
2050-02-10 21:00:00,3051.32
2050-02-10 22:00:00,2362.41
2050-02-10 23:00:00,2826.15
2050-02-11 00:00:00,3502.68
2050-02-11 01:00:00,2988.01
2050-02-11 02:00:00,2537.8
2050-02-11 03:00:00,2771.2
2050-02-11 04:00:00,2155.7
2050-02-11 05:00:00,1922.94
2050-02-11 06:00:00,2113.89
2050-02-11 07:00:00,1478.12
2050-02-11 08:00:00,2358.85
2050-02-11 09:00:00,2840.93
2050-02-11 10:00:00,2903.54
2050-02-11 11:00:00,3117.09
2050-02-11 12:00:00,2492.26
2050-02-11 13:00:00,1980.62
2050-02-11 14:00:00,1491.06
2050-02-11 15:00:00,1410.81
2050-02-11 16:00:00,1823.69
2050-02-11 17:00:00,1563.63
2050-02-11 18:00:00,3161.65
2050-02-11 19:00:00,2946.03
2050-02-11 20:00:00,3645.3
2050-02-11 21:00:00,3147.67
2050-02-11 22:00:00,2970.71
2050-02-11 23:00:00,1475.75
2050-02-12 00:00:00,1128.42
2050-02-12 01:00:00,907.05
2050-02-12 02:00:00,342.78
2050-02-12 03:00:00,356.78
2050-02-12 04:00:00,264.87
2050-02-12 05:00:00,771.99
2050-02-12 06:00:00,368.78
2050-02-12 07:00:00,1150.08
2050-02-12 08:00:00,2013.04
2050-02-12 09:00:00,2423.5
2050-02-12 10:00:00,3511.28
2050-02-12 11:00:00,3587.11
2050-02-12 12:00:00,3461.35
2050-02-12 13:00:00,3253.61
2050-02-12 14:00:00,3253.14
2050-02-12 15:00:00,2818.44
2050-02-12 16:00:00,2870.48
2050-02-12 17:00:00,2515.46
2050-02-12 18:00:00,3371.94
2050-02-12 19:00:00,2600.4
2050-02-12 20:00:00,2447.77
2050-02-12 21:00:00,1570.88
2050-02-12 22:00:00,1317.63
2050-02-12 23:00:00,1059.7
2050-02-13 00:00:00,1490.94
2050-02-13 01:00:00,1376.7
2050-02-13 02:00:00,378.08
2050-02-13 03:00:00,222.46
2050-02-13 04:00:00,-532.5
2050-02-13 05:00:00,-557.46
2050-02-13 06:00:00,-397.02
2050-02-13 07:00:00,-297.8
2050-02-13 08:00:00,-270.29
2050-02-13 09:00:00,-302.83
2050-02-13 10:00:00,-398.95
2050-02-13 11:00:00,-498.4
2050-02-13 12:00:00,25.57
2050-02-13 13:00:00,-252.02
2050-02-13 14:00:00,41.26
2050-02-13 15:00:00,134.35
2050-02-13 16:00:00,912.11
2050-02-13 17:00:00,684.97
2050-02-13 18:00:00,486.21
2050-02-13 19:00:00,699.61
2050-02-13 20:00:00,861.3
2050-02-13 21:00:00,818.42
2050-02-13 22:00:00,666.85
2050-02-13 23:00:00,371.8
2050-02-14 00:00:00,90.91
2050-02-14 01:00:00,280.13
2050-02-14 02:00:00,669.82
2050-02-14 03:00:00,174.49
2050-02-14 04:00:00,1680.64
2050-02-14 05:00:00,1597.29
2050-02-14 06:00:00,1477.17
2050-02-14 07:00:00,1701.31
2050-02-14 08:00:00,1618.51
2050-02-14 09:00:00,1417.14
2050-02-14 10:00:00,1944.63
2050-02-14 11:00:00,1555.01
2050-02-14 12:00:00,2112.0
2050-02-14 13:00:00,2286.84
2050-02-14 14:00:00,2150.77
2050-02-14 15:00:00,2275.94
2050-02-14 16:00:00,2759.92
2050-02-14 17:00:00,3016.25
2050-02-14 18:00:00,2998.3
2050-02-14 19:00:00,3300.91
2050-02-14 20:00:00,4133.07
2050-02-14 21:00:00,4197.27
2050-02-14 22:00:00,4073.6
2050-02-14 23:00:00,3497.93
2050-02-15 00:00:00,2542.11
2050-02-15 01:00:00,2241.65
2050-02-15 02:00:00,1148.33
2050-02-15 03:00:00,742.49
2050-02-15 04:00:00,467.93
2050-02-15 05:00:00,574.78
2050-02-15 06:00:00,407.12
2050-02-15 07:00:00,536.83
2050-02-15 08:00:00,615.5
2050-02-15 09:00:00,529.62
2050-02-15 10:00:00,700.89
2050-02-15 11:00:00,795.26
2050-02-15 12:00:00,716.55
2050-02-15 13:00:00,514.11
2050-02-15 14:00:00,469.28
2050-02-15 15:00:00,87.06
2050-02-15 16:00:00,-367.51
2050-02-15 17:00:00,-632.78
2050-02-15 18:00:00,-172.59
2050-02-15 19:00:00,164.8
2050-02-15 20:00:00,338.51
2050-02-15 21:00:00,458.07
2050-02-15 22:00:00,86.32
2050-02-15 23:00:00,-212.06
2050-02-16 00:00:00,-534.6
2050-02-16 01:00:00,-707.18
2050-02-16 02:00:00,-921.12
2050-02-16 03:00:00,-1054.43
2050-02-16 04:00:00,-1128.43
2050-02-16 05:00:00,-1159.66
2050-02-16 06:00:00,-1072.8
2050-02-16 07:00:00,-974.31
2050-02-16 08:00:00,-895.74
2050-02-16 09:00:00,-831.43
2050-02-16 10:00:00,-292.37
2050-02-16 11:00:00,-268.37
2050-02-16 12:00:00,-596.15
2050-02-16 13:00:00,166.02
2050-02-16 14:00:00,200.46
2050-02-16 15:00:00,-269.89
2050-02-16 16:00:00,-173.27
2050-02-16 17:00:00,1527.84
2050-02-16 18:00:00,1399.09
2050-02-16 19:00:00,867.66
2050-02-16 20:00:00,1087.3
2050-02-16 21:00:00,924.07
2050-02-16 22:00:00,680.0
2050-02-16 23:00:00,456.61
2050-02-17 00:00:00,175.38
2050-02-17 01:00:00,28.69
2050-02-17 02:00:00,206.43
2050-02-17 03:00:00,779.05
2050-02-17 04:00:00,522.11
2050-02-17 05:00:00,1087.06
2050-02-17 06:00:00,1363.81
2050-02-17 07:00:00,1140.96
2050-02-17 08:00:00,861.53
2050-02-17 09:00:00,1254.44
2050-02-17 10:00:00,1648.44
2050-02-17 11:00:00,1650.25
2050-02-17 12:00:00,1550.6
2050-02-17 13:00:00,1730.11
2050-02-17 14:00:00,2226.22
2050-02-17 15:00:00,2095.72
2050-02-17 16:00:00,2412.83
2050-02-17 17:00:00,2693.07
2050-02-17 18:00:00,2852.49
2050-02-17 19:00:00,3219.36
2050-02-17 20:00:00,3244.06
2050-02-17 21:00:00,2783.1
2050-02-17 22:00:00,3069.67
2050-02-17 23:00:00,2975.27
2050-02-18 00:00:00,2383.63
2050-02-18 01:00:00,2526.24
2050-02-18 02:00:00,1225.35
2050-02-18 03:00:00,501.54
2050-02-18 04:00:00,-362.51
2050-02-18 05:00:00,-214.96
2050-02-18 06:00:00,250.23
2050-02-18 07:00:00,-44.3
2050-02-18 08:00:00,862.88
2050-02-18 09:00:00,1003.68
2050-02-18 10:00:00,1120.83
2050-02-18 11:00:00,1067.29
2050-02-18 12:00:00,331.52
2050-02-18 13:00:00,616.38
2050-02-18 14:00:00,694.46
2050-02-18 15:00:00,316.41
2050-02-18 16:00:00,470.17
2050-02-18 17:00:00,936.46
2050-02-18 18:00:00,1076.19
2050-02-18 19:00:00,1542.79
2050-02-18 20:00:00,2092.3
2050-02-18 21:00:00,2049.05
2050-02-18 22:00:00,1596.93
2050-02-18 23:00:00,1814.59
2050-02-19 00:00:00,2033.11
2050-02-19 01:00:00,1084.43
2050-02-19 02:00:00,686.47
2050-02-19 03:00:00,964.47
2050-02-19 04:00:00,1263.85
2050-02-19 05:00:00,1642.24
2050-02-19 06:00:00,2101.81
2050-02-19 07:00:00,2096.89
2050-02-19 08:00:00,2243.1
2050-02-19 09:00:00,2323.54
2050-02-19 10:00:00,2069.53
2050-02-19 11:00:00,1536.01
2050-02-19 12:00:00,976.39
2050-02-19 13:00:00,1012.23
2050-02-19 14:00:00,915.33
2050-02-19 15:00:00,83.19
2050-02-19 16:00:00,217.88
2050-02-19 17:00:00,-425.96
2050-02-19 18:00:00,173.25
2050-02-19 19:00:00,417.71
2050-02-19 20:00:00,622.07
2050-02-19 21:00:00,530.13
2050-02-19 22:00:00,305.74
2050-02-19 23:00:00,18.64
2050-02-20 00:00:00,-244.73
2050-02-20 01:00:00,-315.68
2050-02-20 02:00:00,-508.39
2050-02-20 03:00:00,-320.15
2050-02-20 04:00:00,-577.27
2050-02-20 05:00:00,-557.34
2050-02-20 06:00:00,-248.35
2050-02-20 07:00:00,347.12
2050-02-20 08:00:00,577.09
2050-02-20 09:00:00,1321.59
2050-02-20 10:00:00,2061.56
2050-02-20 11:00:00,2174.23
2050-02-20 12:00:00,2155.48
2050-02-20 13:00:00,1808.97
2050-02-20 14:00:00,1504.78
2050-02-20 15:00:00,978.05
2050-02-20 16:00:00,439.89
2050-02-20 17:00:00,172.93
2050-02-20 18:00:00,0.4
2050-02-20 19:00:00,211.95
2050-02-20 20:00:00,347.9
2050-02-20 21:00:00,356.8
2050-02-20 22:00:00,148.02
2050-02-20 23:00:00,-36.08
2050-02-21 00:00:00,86.09
2050-02-21 01:00:00,-299.75
2050-02-21 02:00:00,-125.92
2050-02-21 03:00:00,-57.85
2050-02-21 04:00:00,1057.51
2050-02-21 05:00:00,930.48
2050-02-21 06:00:00,882.4
2050-02-21 07:00:00,1144.84
2050-02-21 08:00:00,1347.68
2050-02-21 09:00:00,1697.01
2050-02-21 10:00:00,1788.97
2050-02-21 11:00:00,2432.95
2050-02-21 12:00:00,2770.56
2050-02-21 13:00:00,2875.45
2050-02-21 14:00:00,3048.48
2050-02-21 15:00:00,3169.66
2050-02-21 16:00:00,2926.81
2050-02-21 17:00:00,3278.74
2050-02-21 18:00:00,3532.42
2050-02-21 19:00:00,3759.5
2050-02-21 20:00:00,3588.08
2050-02-21 21:00:00,3243.52
2050-02-21 22:00:00,2802.34
2050-02-21 23:00:00,2707.12
2050-02-22 00:00:00,2230.06
2050-02-22 01:00:00,1442.09
2050-02-22 02:00:00,1040.88
2050-02-22 03:00:00,1313.03
2050-02-22 04:00:00,1626.61
2050-02-22 05:00:00,1816.21
2050-02-22 06:00:00,1559.49
2050-02-22 07:00:00,1224.83
2050-02-22 08:00:00,1393.42
2050-02-22 09:00:00,1800.84
2050-02-22 10:00:00,2370.36
2050-02-22 11:00:00,2574.3
2050-02-22 12:00:00,2759.86
2050-02-22 13:00:00,2298.79
2050-02-22 14:00:00,2050.78
2050-02-22 15:00:00,1875.39
2050-02-22 16:00:00,885.41
2050-02-22 17:00:00,1210.74
2050-02-22 18:00:00,1422.01
2050-02-22 19:00:00,1756.31
2050-02-22 20:00:00,1065.77
2050-02-22 21:00:00,1026.9
2050-02-22 22:00:00,1430.7
2050-02-22 23:00:00,1405.85
2050-02-23 00:00:00,-250.63
2050-02-23 01:00:00,-473.05
2050-02-23 02:00:00,-894.7
2050-02-23 03:00:00,-803.22
2050-02-23 04:00:00,-703.81
2050-02-23 05:00:00,-598.2
2050-02-23 06:00:00,-44.79
2050-02-23 07:00:00,320.03
2050-02-23 08:00:00,405.98
2050-02-23 09:00:00,785.43
2050-02-23 10:00:00,884.91
2050-02-23 11:00:00,1437.51
2050-02-23 12:00:00,1315.81
2050-02-23 13:00:00,1183.17
2050-02-23 14:00:00,1342.73
2050-02-23 15:00:00,1063.78
2050-02-23 16:00:00,382.91
2050-02-23 17:00:00,-589.25
2050-02-23 18:00:00,-225.13
2050-02-23 19:00:00,40.71
2050-02-23 20:00:00,191.59
2050-02-23 21:00:00,145.71
2050-02-23 22:00:00,-257.06
2050-02-23 23:00:00,-547.05
2050-02-24 00:00:00,-977.9
2050-02-24 01:00:00,-1076.75
2050-02-24 02:00:00,-787.54
2050-02-24 03:00:00,-989.91
2050-02-24 04:00:00,-154.5
2050-02-24 05:00:00,-727.02
2050-02-24 06:00:00,-394.56
2050-02-24 07:00:00,21.39
2050-02-24 08:00:00,140.74
2050-02-24 09:00:00,775.44
2050-02-24 10:00:00,1719.52
2050-02-24 11:00:00,1053.55
2050-02-24 12:00:00,146.01
2050-02-24 13:00:00,264.62
2050-02-24 14:00:00,-610.86
2050-02-24 15:00:00,-1568.31
2050-02-24 16:00:00,-1420.14
2050-02-24 17:00:00,-1153.59
2050-02-24 18:00:00,-641.65
2050-02-24 19:00:00,-291.42
2050-02-24 20:00:00,-101.97
2050-02-24 21:00:00,-96.91
2050-02-24 22:00:00,-271.0
2050-02-24 23:00:00,-514.67
2050-02-25 00:00:00,-819.04
2050-02-25 01:00:00,-945.21
2050-02-25 02:00:00,-1172.32
2050-02-25 03:00:00,-1294.76
2050-02-25 04:00:00,-1372.63
2050-02-25 05:00:00,-1390.84
2050-02-25 06:00:00,-1290.49
2050-02-25 07:00:00,-1174.84
2050-02-25 08:00:00,-1062.71
2050-02-25 09:00:00,-964.62
2050-02-25 10:00:00,-707.74
2050-02-25 11:00:00,108.43
2050-02-25 12:00:00,467.26
2050-02-25 13:00:00,632.73
2050-02-25 14:00:00,626.72
2050-02-25 15:00:00,123.6
2050-02-25 16:00:00,-476.21
2050-02-25 17:00:00,-59.55
2050-02-25 18:00:00,481.93
2050-02-25 19:00:00,1267.31
2050-02-25 20:00:00,836.19
2050-02-25 21:00:00,1101.48
2050-02-25 22:00:00,1391.62
2050-02-25 23:00:00,2016.24
2050-02-26 00:00:00,2116.2
2050-02-26 01:00:00,2377.09
2050-02-26 02:00:00,2298.09
2050-02-26 03:00:00,1936.69
2050-02-26 04:00:00,1671.14
2050-02-26 05:00:00,1383.48
2050-02-26 06:00:00,1232.28
2050-02-26 07:00:00,1827.07
2050-02-26 08:00:00,2011.21
2050-02-26 09:00:00,2555.24
2050-02-26 10:00:00,2281.69
2050-02-26 11:00:00,2302.5
2050-02-26 12:00:00,2733.57
2050-02-26 13:00:00,2286.95
2050-02-26 14:00:00,2195.54
2050-02-26 15:00:00,3022.14
2050-02-26 16:00:00,2909.66
2050-02-26 17:00:00,2841.88
2050-02-26 18:00:00,3062.54
2050-02-26 19:00:00,2777.25
2050-02-26 20:00:00,1929.15
2050-02-26 21:00:00,2443.71
2050-02-26 22:00:00,2556.84
2050-02-26 23:00:00,1866.1
2050-02-27 00:00:00,1501.89
2050-02-27 01:00:00,753.02
2050-02-27 02:00:00,1146.78
2050-02-27 03:00:00,1849.93
2050-02-27 04:00:00,2471.43
2050-02-27 05:00:00,2203.8
2050-02-27 06:00:00,2042.82
2050-02-27 07:00:00,1731.95
2050-02-27 08:00:00,1387.08
2050-02-27 09:00:00,1501.25
2050-02-27 10:00:00,1492.21
2050-02-27 11:00:00,1092.62
2050-02-27 12:00:00,1029.76
2050-02-27 13:00:00,1722.88
2050-02-27 14:00:00,1338.87
2050-02-27 15:00:00,1616.73
2050-02-27 16:00:00,1229.15
2050-02-27 17:00:00,293.92
2050-02-27 18:00:00,506.33
2050-02-27 19:00:00,551.47
2050-02-27 20:00:00,553.86
2050-02-27 21:00:00,525.92
2050-02-27 22:00:00,417.18
2050-02-27 23:00:00,37.58
2050-02-28 00:00:00,-247.28
2050-02-28 01:00:00,-277.87
2050-02-28 02:00:00,324.55
2050-02-28 03:00:00,1051.32
2050-02-28 04:00:00,520.44
2050-02-28 05:00:00,1030.62
2050-02-28 06:00:00,1062.26
2050-02-28 07:00:00,1700.9
2050-02-28 08:00:00,1090.49
2050-02-28 09:00:00,1326.42
2050-02-28 10:00:00,871.98
2050-02-28 11:00:00,1647.35
2050-02-28 12:00:00,2088.81
2050-02-28 13:00:00,1493.75
2050-02-28 14:00:00,821.1
2050-02-28 15:00:00,938.07
2050-02-28 16:00:00,704.51
2050-02-28 17:00:00,550.91
2050-02-28 18:00:00,1529.63
2050-02-28 19:00:00,2398.39
2050-02-28 20:00:00,2124.44
2050-02-28 21:00:00,1635.14
2050-02-28 22:00:00,2023.36
2050-02-28 23:00:00,2003.0
2050-03-01 00:00:00,1511.23
2050-03-01 01:00:00,1829.67
2050-03-01 02:00:00,2043.39
2050-03-01 03:00:00,2449.24
2050-03-01 04:00:00,1862.95
2050-03-01 05:00:00,2082.54
2050-03-01 06:00:00,2543.13
2050-03-01 07:00:00,2842.02
2050-03-01 08:00:00,2789.9
2050-03-01 09:00:00,2802.18
2050-03-01 10:00:00,2691.08
2050-03-01 11:00:00,2252.85
2050-03-01 12:00:00,1560.75
2050-03-01 13:00:00,1418.15
2050-03-01 14:00:00,1631.35
2050-03-01 15:00:00,983.48
2050-03-01 16:00:00,258.55
2050-03-01 17:00:00,-529.81
2050-03-01 18:00:00,270.78
2050-03-01 19:00:00,372.53
2050-03-01 20:00:00,522.09
2050-03-01 21:00:00,277.35
2050-03-01 22:00:00,86.88
2050-03-01 23:00:00,-167.54
2050-03-02 00:00:00,-479.38
2050-03-02 01:00:00,-609.3
2050-03-02 02:00:00,-819.57
2050-03-02 03:00:00,-915.33
2050-03-02 04:00:00,-960.55
2050-03-02 05:00:00,-947.5
2050-03-02 06:00:00,-833.83
2050-03-02 07:00:00,-737.02
2050-03-02 08:00:00,-848.65
2050-03-02 09:00:00,-989.0
2050-03-02 10:00:00,-1190.73
2050-03-02 11:00:00,-1381.7
2050-03-02 12:00:00,-1514.09
2050-03-02 13:00:00,-1643.08
2050-03-02 14:00:00,-1736.56
2050-03-02 15:00:00,-1757.7
2050-03-02 16:00:00,-1605.61
2050-03-02 17:00:00,-1339.04
2050-03-02 18:00:00,-830.04
2050-03-02 19:00:00,-516.57
2050-03-02 20:00:00,-353.19
2050-03-02 21:00:00,-370.94
2050-03-02 22:00:00,-533.28
2050-03-02 23:00:00,-767.27
2050-03-03 00:00:00,-1057.37
2050-03-03 01:00:00,-1184.96
2050-03-03 02:00:00,-1214.67
2050-03-03 03:00:00,-1448.7
2050-03-03 04:00:00,-1126.29
2050-03-03 05:00:00,-584.64
2050-03-03 06:00:00,-1155.92
2050-03-03 07:00:00,-768.05
2050-03-03 08:00:00,296.08
2050-03-03 09:00:00,1579.22
2050-03-03 10:00:00,2090.64
2050-03-03 11:00:00,2081.06
2050-03-03 12:00:00,2526.42
2050-03-03 13:00:00,2751.47
2050-03-03 14:00:00,2872.98
2050-03-03 15:00:00,2418.62
2050-03-03 16:00:00,2053.73
2050-03-03 17:00:00,1725.14
2050-03-03 18:00:00,517.51
2050-03-03 19:00:00,835.31
2050-03-03 20:00:00,1323.11
2050-03-03 21:00:00,795.59
2050-03-03 22:00:00,399.34
2050-03-03 23:00:00,-119.53
2050-03-04 00:00:00,-446.42
2050-03-04 01:00:00,-566.31
2050-03-04 02:00:00,-772.71
2050-03-04 03:00:00,-865.88
2050-03-04 04:00:00,-679.04
2050-03-04 05:00:00,-897.59
2050-03-04 06:00:00,-765.97
2050-03-04 07:00:00,-424.71
2050-03-04 08:00:00,-85.75
2050-03-04 09:00:00,-582.75
2050-03-04 10:00:00,-407.53
2050-03-04 11:00:00,-477.78
2050-03-04 12:00:00,-386.65
2050-03-04 13:00:00,-202.73
2050-03-04 14:00:00,-1063.36
2050-03-04 15:00:00,-1425.01
2050-03-04 16:00:00,-1432.63
2050-03-04 17:00:00,-1041.96
2050-03-04 18:00:00,-412.59
2050-03-04 19:00:00,-34.34
2050-03-04 20:00:00,257.96
2050-03-04 21:00:00,595.11
2050-03-04 22:00:00,188.92
2050-03-04 23:00:00,-44.94
2050-03-05 00:00:00,-392.83
2050-03-05 01:00:00,-127.33
2050-03-05 02:00:00,-398.96
2050-03-05 03:00:00,173.08
2050-03-05 04:00:00,376.93
2050-03-05 05:00:00,752.28
2050-03-05 06:00:00,1127.52
2050-03-05 07:00:00,1501.1
2050-03-05 08:00:00,1972.77
2050-03-05 09:00:00,2074.81
2050-03-05 10:00:00,2085.26
2050-03-05 11:00:00,2612.75
2050-03-05 12:00:00,3090.26
2050-03-05 13:00:00,3027.12
2050-03-05 14:00:00,2903.61
2050-03-05 15:00:00,1772.44
2050-03-05 16:00:00,1549.79
2050-03-05 17:00:00,1790.79
2050-03-05 18:00:00,2360.22
2050-03-05 19:00:00,2484.85
2050-03-05 20:00:00,2799.13
2050-03-05 21:00:00,2288.03
2050-03-05 22:00:00,2134.37
2050-03-05 23:00:00,2268.11
2050-03-06 00:00:00,1942.35
2050-03-06 01:00:00,1396.2
2050-03-06 02:00:00,2204.0
2050-03-06 03:00:00,2731.78
2050-03-06 04:00:00,2406.58
2050-03-06 05:00:00,1764.9
2050-03-06 06:00:00,2074.5
2050-03-06 07:00:00,2128.93
2050-03-06 08:00:00,2214.75
2050-03-06 09:00:00,2262.62
2050-03-06 10:00:00,2221.4
2050-03-06 11:00:00,2253.27
2050-03-06 12:00:00,2858.41
2050-03-06 13:00:00,2312.08
2050-03-06 14:00:00,1518.27
2050-03-06 15:00:00,1446.86
2050-03-06 16:00:00,1568.11
2050-03-06 17:00:00,1911.09
2050-03-06 18:00:00,2281.97
2050-03-06 19:00:00,2151.84
2050-03-06 20:00:00,1421.54
2050-03-06 21:00:00,1545.88
2050-03-06 22:00:00,1179.63
2050-03-06 23:00:00,1699.94
2050-03-07 00:00:00,1665.46
2050-03-07 01:00:00,942.74
2050-03-07 02:00:00,479.01
2050-03-07 03:00:00,601.58
2050-03-07 04:00:00,419.6
2050-03-07 05:00:00,155.65
2050-03-07 06:00:00,614.03
2050-03-07 07:00:00,119.46
2050-03-07 08:00:00,-326.63
2050-03-07 09:00:00,-870.92
2050-03-07 10:00:00,-1415.36
2050-03-07 11:00:00,-1681.13
2050-03-07 12:00:00,-1806.02
2050-03-07 13:00:00,-1873.61
2050-03-07 14:00:00,-1838.83
2050-03-07 15:00:00,-1769.47
2050-03-07 16:00:00,-1557.9
2050-03-07 17:00:00,-1302.86
2050-03-07 18:00:00,-892.22
2050-03-07 19:00:00,-781.06
2050-03-07 20:00:00,-750.7
2050-03-07 21:00:00,-790.19
2050-03-07 22:00:00,-944.7
2050-03-07 23:00:00,-1149.77
2050-03-08 00:00:00,-1391.12
2050-03-08 01:00:00,-1437.57
2050-03-08 02:00:00,-1412.98
2050-03-08 03:00:00,-458.84
2050-03-08 04:00:00,-28.57
2050-03-08 05:00:00,-276.26
2050-03-08 06:00:00,587.99
2050-03-08 07:00:00,368.55
2050-03-08 08:00:00,583.21
2050-03-08 09:00:00,1159.46
2050-03-08 10:00:00,395.33
2050-03-08 11:00:00,98.77
2050-03-08 12:00:00,274.64
2050-03-08 13:00:00,754.59
2050-03-08 14:00:00,950.0
2050-03-08 15:00:00,1255.47
2050-03-08 16:00:00,955.7
2050-03-08 17:00:00,1029.1
2050-03-08 18:00:00,1566.28
2050-03-08 19:00:00,1322.49
2050-03-08 20:00:00,1431.37
2050-03-08 21:00:00,1348.61
2050-03-08 22:00:00,594.74
2050-03-08 23:00:00,124.36
2050-03-09 00:00:00,719.37
2050-03-09 01:00:00,6.07
2050-03-09 02:00:00,-132.59
2050-03-09 03:00:00,-695.08
2050-03-09 04:00:00,-548.05
2050-03-09 05:00:00,-297.26
2050-03-09 06:00:00,-279.49
2050-03-09 07:00:00,-698.0
2050-03-09 08:00:00,-568.51
2050-03-09 09:00:00,-94.67
2050-03-09 10:00:00,-60.23
2050-03-09 11:00:00,130.44
2050-03-09 12:00:00,-48.73
2050-03-09 13:00:00,536.99
2050-03-09 14:00:00,1119.11
2050-03-09 15:00:00,129.36
2050-03-09 16:00:00,-126.16
2050-03-09 17:00:00,255.9
2050-03-09 18:00:00,-237.73
2050-03-09 19:00:00,-607.59
2050-03-09 20:00:00,-718.49
2050-03-09 21:00:00,-750.7
2050-03-09 22:00:00,-842.49
2050-03-09 23:00:00,-855.06
2050-03-10 00:00:00,-909.84
2050-03-10 01:00:00,-55.19
2050-03-10 02:00:00,-10.12
2050-03-10 03:00:00,123.02
2050-03-10 04:00:00,-827.78
2050-03-10 05:00:00,-797.84
2050-03-10 06:00:00,-676.1
2050-03-10 07:00:00,-66.0
2050-03-10 08:00:00,-653.99
2050-03-10 09:00:00,-771.6
2050-03-10 10:00:00,284.83
2050-03-10 11:00:00,-182.65
2050-03-10 12:00:00,-164.93
2050-03-10 13:00:00,1312.06
2050-03-10 14:00:00,485.68
2050-03-10 15:00:00,575.89
2050-03-10 16:00:00,659.26
2050-03-10 17:00:00,1337.69
2050-03-10 18:00:00,1128.66
2050-03-10 19:00:00,798.59
2050-03-10 20:00:00,189.0
2050-03-10 21:00:00,-322.58
2050-03-10 22:00:00,-960.19
2050-03-10 23:00:00,-912.23
2050-03-11 00:00:00,-844.56
2050-03-11 01:00:00,-973.59
2050-03-11 02:00:00,-898.26
2050-03-11 03:00:00,-1710.18
2050-03-11 04:00:00,-997.87
2050-03-11 05:00:00,-739.16
2050-03-11 06:00:00,-1192.08
2050-03-11 07:00:00,-640.59
2050-03-11 08:00:00,164.04
2050-03-11 09:00:00,283.32
2050-03-11 10:00:00,517.96
2050-03-11 11:00:00,153.23
2050-03-11 12:00:00,517.85
2050-03-11 13:00:00,647.47
2050-03-11 14:00:00,268.51
2050-03-11 15:00:00,419.39
2050-03-11 16:00:00,624.41
2050-03-11 17:00:00,513.8
2050-03-11 18:00:00,-110.34
2050-03-11 19:00:00,22.15
2050-03-11 20:00:00,-237.77
2050-03-11 21:00:00,-575.53
2050-03-11 22:00:00,-549.38
2050-03-11 23:00:00,-535.91
2050-03-12 00:00:00,-617.49
2050-03-12 01:00:00,-983.09
2050-03-12 02:00:00,-1831.33
2050-03-12 03:00:00,-1762.91
2050-03-12 04:00:00,-1729.6
2050-03-12 05:00:00,-818.44
2050-03-12 06:00:00,-621.39
2050-03-12 07:00:00,19.91
2050-03-12 08:00:00,1201.36
2050-03-12 09:00:00,1270.59
2050-03-12 10:00:00,932.11
2050-03-12 11:00:00,1575.42
2050-03-12 12:00:00,978.29
2050-03-12 13:00:00,1352.1
2050-03-12 14:00:00,1250.69
2050-03-12 15:00:00,507.65
2050-03-12 16:00:00,-682.09
2050-03-12 17:00:00,-837.68
2050-03-12 18:00:00,-602.01
2050-03-12 19:00:00,-352.42
2050-03-12 20:00:00,-298.69
2050-03-12 21:00:00,-435.65
2050-03-12 22:00:00,-731.63
2050-03-12 23:00:00,-1067.01
2050-03-13 00:00:00,-1439.35
2050-03-13 01:00:00,-1626.18
2050-03-13 02:00:00,-2216.19
2050-03-13 03:00:00,-2042.61
2050-03-13 04:00:00,-2114.83
2050-03-13 05:00:00,-2147.21
2050-03-13 06:00:00,-1924.0
2050-03-13 07:00:00,-1379.25
2050-03-13 08:00:00,-467.72
2050-03-13 09:00:00,554.37
2050-03-13 10:00:00,1046.94
2050-03-13 11:00:00,878.89
2050-03-13 12:00:00,1354.9
2050-03-13 13:00:00,2062.99
2050-03-13 14:00:00,2220.87
2050-03-13 15:00:00,1902.12
2050-03-13 16:00:00,2184.74
2050-03-13 17:00:00,2103.41
2050-03-13 18:00:00,1728.23
2050-03-13 19:00:00,1639.21
2050-03-13 20:00:00,527.67
2050-03-13 21:00:00,46.57
2050-03-13 22:00:00,322.1
2050-03-13 23:00:00,-1160.66
2050-03-14 00:00:00,-1645.1
2050-03-14 01:00:00,-1855.28
2050-03-14 02:00:00,-2132.42
2050-03-14 03:00:00,-2267.63
2050-03-14 04:00:00,-2339.88
2050-03-14 05:00:00,-2361.81
2050-03-14 06:00:00,-2245.29
2050-03-14 07:00:00,-2128.28
2050-03-14 08:00:00,-2018.21
2050-03-14 09:00:00,-1916.34
2050-03-14 10:00:00,-1949.12
2050-03-14 11:00:00,-1924.88
2050-03-14 12:00:00,-1870.68
2050-03-14 13:00:00,-1837.98
2050-03-14 14:00:00,-1749.64
2050-03-14 15:00:00,-1598.57
2050-03-14 16:00:00,-1329.45
2050-03-14 17:00:00,-1060.24
2050-03-14 18:00:00,-836.11
2050-03-14 19:00:00,-724.22
2050-03-14 20:00:00,-760.61
2050-03-14 21:00:00,-902.52
2050-03-14 22:00:00,-1176.45
2050-03-14 23:00:00,-1478.33
2050-03-15 00:00:00,-1783.42
2050-03-15 01:00:00,-1883.53
2050-03-15 02:00:00,-2058.36
2050-03-15 03:00:00,-2124.49
2050-03-15 04:00:00,-2147.49
2050-03-15 05:00:00,-2113.55
2050-03-15 06:00:00,-1962.91
2050-03-15 07:00:00,-1831.25
2050-03-15 08:00:00,-1661.53
2050-03-15 09:00:00,-1507.66
2050-03-15 10:00:00,-1594.81
2050-03-15 11:00:00,-1577.7
2050-03-15 12:00:00,-1580.52
2050-03-15 13:00:00,-1561.94
2050-03-15 14:00:00,-1386.55
2050-03-15 15:00:00,-1468.24
2050-03-15 16:00:00,-1294.28
2050-03-15 17:00:00,-1037.68
2050-03-15 18:00:00,-683.67
2050-03-15 19:00:00,-369.91
2050-03-15 20:00:00,-225.15
2050-03-15 21:00:00,-269.35
2050-03-15 22:00:00,-463.09
2050-03-15 23:00:00,233.32
2050-03-16 00:00:00,-528.5
2050-03-16 01:00:00,30.19
2050-03-16 02:00:00,31.61
2050-03-16 03:00:00,317.82
2050-03-16 04:00:00,243.26
2050-03-16 05:00:00,164.7
2050-03-16 06:00:00,313.41
2050-03-16 07:00:00,1018.31
2050-03-16 08:00:00,1679.35
2050-03-16 09:00:00,1853.41
2050-03-16 10:00:00,1885.82
2050-03-16 11:00:00,1888.98
2050-03-16 12:00:00,1690.17
2050-03-16 13:00:00,1594.68
2050-03-16 14:00:00,1412.37
2050-03-16 15:00:00,1284.9
2050-03-16 16:00:00,922.57
2050-03-16 17:00:00,470.96
2050-03-16 18:00:00,343.62
2050-03-16 19:00:00,336.2
2050-03-16 20:00:00,907.62
2050-03-16 21:00:00,640.6
2050-03-16 22:00:00,622.12
2050-03-16 23:00:00,249.32
2050-03-17 00:00:00,335.63
2050-03-17 01:00:00,458.65
2050-03-17 02:00:00,343.55
2050-03-17 03:00:00,414.88
2050-03-17 04:00:00,794.78
2050-03-17 05:00:00,1276.2
2050-03-17 06:00:00,1875.62
2050-03-17 07:00:00,1902.52
2050-03-17 08:00:00,2709.21
2050-03-17 09:00:00,2503.23
2050-03-17 10:00:00,2206.15
2050-03-17 11:00:00,1490.29
2050-03-17 12:00:00,991.19
2050-03-17 13:00:00,911.54
2050-03-17 14:00:00,1426.4
2050-03-17 15:00:00,831.36
2050-03-17 16:00:00,1704.11
2050-03-17 17:00:00,1143.3
2050-03-17 18:00:00,1297.54
2050-03-17 19:00:00,1713.24
2050-03-17 20:00:00,1225.31
2050-03-17 21:00:00,1374.59
2050-03-17 22:00:00,-303.32
2050-03-17 23:00:00,244.96
2050-03-18 00:00:00,496.99
2050-03-18 01:00:00,1111.36
2050-03-18 02:00:00,972.16
2050-03-18 03:00:00,1780.91
2050-03-18 04:00:00,1402.79
2050-03-18 05:00:00,948.78
2050-03-18 06:00:00,1136.06
2050-03-18 07:00:00,665.36
2050-03-18 08:00:00,1287.3
2050-03-18 09:00:00,1462.5
2050-03-18 10:00:00,1623.95
2050-03-18 11:00:00,1425.69
2050-03-18 12:00:00,1417.02
2050-03-18 13:00:00,1230.9
2050-03-18 14:00:00,1497.53
2050-03-18 15:00:00,1702.04
2050-03-18 16:00:00,2068.83
2050-03-18 17:00:00,1580.23
2050-03-18 18:00:00,1630.76
2050-03-18 19:00:00,1118.13
2050-03-18 20:00:00,768.25
2050-03-18 21:00:00,792.61
2050-03-18 22:00:00,1318.97
2050-03-18 23:00:00,899.23
2050-03-19 00:00:00,646.17
2050-03-19 01:00:00,-539.35
2050-03-19 02:00:00,-754.61
2050-03-19 03:00:00,-2023.95
2050-03-19 04:00:00,-1950.05
2050-03-19 05:00:00,-1867.62
2050-03-19 06:00:00,-1204.23
2050-03-19 07:00:00,-621.39
2050-03-19 08:00:00,-377.98
2050-03-19 09:00:00,-154.72
2050-03-19 10:00:00,-169.28
2050-03-19 11:00:00,540.76
2050-03-19 12:00:00,1147.9
2050-03-19 13:00:00,1863.52
2050-03-19 14:00:00,1714.52
2050-03-19 15:00:00,2097.69
2050-03-19 16:00:00,2482.19
2050-03-19 17:00:00,2482.02
2050-03-19 18:00:00,3002.56
2050-03-19 19:00:00,3111.23
2050-03-19 20:00:00,3268.69
2050-03-19 21:00:00,2669.41
2050-03-19 22:00:00,2896.54
2050-03-19 23:00:00,3074.68
2050-03-20 00:00:00,2567.15
2050-03-20 01:00:00,2111.35
2050-03-20 02:00:00,1711.14
2050-03-20 03:00:00,1209.91
2050-03-20 04:00:00,835.91
2050-03-20 05:00:00,790.92
2050-03-20 06:00:00,934.22
2050-03-20 07:00:00,1444.02
2050-03-20 08:00:00,1699.41
2050-03-20 09:00:00,2388.9
2050-03-20 10:00:00,2238.71
2050-03-20 11:00:00,2168.67
2050-03-20 12:00:00,1988.92
2050-03-20 13:00:00,1989.26
2050-03-20 14:00:00,1006.95
2050-03-20 15:00:00,798.11
2050-03-20 16:00:00,305.12
2050-03-20 17:00:00,37.13
2050-03-20 18:00:00,112.94
2050-03-20 19:00:00,69.63
2050-03-20 20:00:00,-140.68
2050-03-20 21:00:00,-339.23
2050-03-20 22:00:00,-774.51
2050-03-20 23:00:00,-1183.56
2050-03-21 00:00:00,-1052.98
2050-03-21 01:00:00,-1822.95
2050-03-21 02:00:00,-2127.11
2050-03-21 03:00:00,-2248.88
2050-03-21 04:00:00,-1881.39
2050-03-21 05:00:00,-786.75
2050-03-21 06:00:00,-218.76
2050-03-21 07:00:00,-326.3
2050-03-21 08:00:00,334.49
2050-03-21 09:00:00,785.5
2050-03-21 10:00:00,1020.63
2050-03-21 11:00:00,1392.19
2050-03-21 12:00:00,1820.44
2050-03-21 13:00:00,1745.98
2050-03-21 14:00:00,1617.71
2050-03-21 15:00:00,1173.69
2050-03-21 16:00:00,1146.35
2050-03-21 17:00:00,1126.02
2050-03-21 18:00:00,722.06
2050-03-21 19:00:00,1000.82
2050-03-21 20:00:00,116.45
2050-03-21 21:00:00,-251.0
2050-03-21 22:00:00,-849.48
2050-03-21 23:00:00,-1277.96
2050-03-22 00:00:00,-1521.78
2050-03-22 01:00:00,-468.53
2050-03-22 02:00:00,-1175.77
2050-03-22 03:00:00,360.26
2050-03-22 04:00:00,-1161.71
2050-03-22 05:00:00,-1198.91
2050-03-22 06:00:00,-1803.47
2050-03-22 07:00:00,-2141.17
2050-03-22 08:00:00,-1948.38
2050-03-22 09:00:00,-1992.13
2050-03-22 10:00:00,-1726.02
2050-03-22 11:00:00,-887.63
2050-03-22 12:00:00,-973.85
2050-03-22 13:00:00,-972.97
2050-03-22 14:00:00,-1686.08
2050-03-22 15:00:00,-1629.22
2050-03-22 16:00:00,-1418.06
2050-03-22 17:00:00,-1116.51
2050-03-22 18:00:00,-548.1
2050-03-22 19:00:00,-774.32
2050-03-22 20:00:00,-742.33
2050-03-22 21:00:00,-840.09
2050-03-22 22:00:00,-1173.36
2050-03-22 23:00:00,-1488.99
2050-03-23 00:00:00,-1827.44
2050-03-23 01:00:00,-2052.65
2050-03-23 02:00:00,-2312.65
2050-03-23 03:00:00,-2432.66
2050-03-23 04:00:00,-2485.47
2050-03-23 05:00:00,-2367.22
2050-03-23 06:00:00,-2218.83
2050-03-23 07:00:00,-2161.67
2050-03-23 08:00:00,-1639.08
2050-03-23 09:00:00,-1000.88
2050-03-23 10:00:00,-205.17
2050-03-23 11:00:00,-533.48
2050-03-23 12:00:00,-639.41
2050-03-23 13:00:00,-373.77
2050-03-23 14:00:00,-8.09
2050-03-23 15:00:00,117.53
2050-03-23 16:00:00,513.58
2050-03-23 17:00:00,230.04
2050-03-23 18:00:00,339.56
2050-03-23 19:00:00,-267.44
2050-03-23 20:00:00,-400.5
2050-03-23 21:00:00,-758.88
2050-03-23 22:00:00,-1168.19
2050-03-23 23:00:00,-1196.38
2050-03-24 00:00:00,-1741.02
2050-03-24 01:00:00,-1361.86
2050-03-24 02:00:00,-1374.74
2050-03-24 03:00:00,-886.18
2050-03-24 04:00:00,-464.95
2050-03-24 05:00:00,514.62
2050-03-24 06:00:00,436.34
2050-03-24 07:00:00,1451.84
2050-03-24 08:00:00,1974.95
2050-03-24 09:00:00,2403.03
2050-03-24 10:00:00,2014.08
2050-03-24 11:00:00,2456.85
2050-03-24 12:00:00,2275.35
2050-03-24 13:00:00,1829.26
2050-03-24 14:00:00,1347.74
2050-03-24 15:00:00,1118.03
2050-03-24 16:00:00,803.5
2050-03-24 17:00:00,1565.81
2050-03-24 18:00:00,1395.92
2050-03-24 19:00:00,1647.91
2050-03-24 20:00:00,2374.41
2050-03-24 21:00:00,2077.89
2050-03-24 22:00:00,1869.31
2050-03-24 23:00:00,1143.65
2050-03-25 00:00:00,-599.39
2050-03-25 01:00:00,62.7
2050-03-25 02:00:00,101.19
2050-03-25 03:00:00,5.98
2050-03-25 04:00:00,-21.65
2050-03-25 05:00:00,217.7
2050-03-25 06:00:00,739.88
2050-03-25 07:00:00,960.25
2050-03-25 08:00:00,1081.92
2050-03-25 09:00:00,595.87
2050-03-25 10:00:00,-419.67
2050-03-25 11:00:00,-66.48
2050-03-25 12:00:00,29.19
2050-03-25 13:00:00,195.32
2050-03-25 14:00:00,-267.49
2050-03-25 15:00:00,-188.53
2050-03-25 16:00:00,-356.06
2050-03-25 17:00:00,-255.27
2050-03-25 18:00:00,851.22
2050-03-25 19:00:00,1110.52
2050-03-25 20:00:00,1037.76
2050-03-25 21:00:00,2342.1
2050-03-25 22:00:00,929.49
2050-03-25 23:00:00,979.6
2050-03-26 00:00:00,-281.14
2050-03-26 01:00:00,-1045.58
2050-03-26 02:00:00,-1786.53
2050-03-26 03:00:00,-1524.15
2050-03-26 04:00:00,-1602.85
2050-03-26 05:00:00,-1805.55
2050-03-26 06:00:00,-1439.13
2050-03-26 07:00:00,-1406.72
2050-03-26 08:00:00,-864.24
2050-03-26 09:00:00,43.95
2050-03-26 10:00:00,-301.79
2050-03-26 11:00:00,845.03
2050-03-26 12:00:00,1498.01
2050-03-26 13:00:00,1841.14
2050-03-26 14:00:00,1223.3
2050-03-26 15:00:00,760.68
2050-03-26 16:00:00,944.51
2050-03-26 17:00:00,1063.87
2050-03-26 18:00:00,1260.67
2050-03-26 19:00:00,1384.88
2050-03-26 20:00:00,1448.07
2050-03-26 21:00:00,1088.28
2050-03-26 22:00:00,1516.9
2050-03-26 23:00:00,1855.44
2050-03-27 00:00:00,2436.52
2050-03-27 01:00:00,2196.0
2050-03-27 02:00:00,1834.08
2050-03-27 03:00:00,1927.29
2050-03-27 04:00:00,1745.87
2050-03-27 05:00:00,2417.75
2050-03-27 06:00:00,2341.85
2050-03-27 07:00:00,2422.13
2050-03-27 08:00:00,2983.51
2050-03-27 09:00:00,3543.36
2050-03-27 10:00:00,3425.8
2050-03-27 11:00:00,3611.62
2050-03-27 12:00:00,3241.64
2050-03-27 13:00:00,3659.78
2050-03-27 14:00:00,3173.89
2050-03-27 15:00:00,3242.78
2050-03-27 16:00:00,3186.56
2050-03-27 17:00:00,3328.63
2050-03-27 18:00:00,3444.81
2050-03-27 19:00:00,3421.83
2050-03-27 20:00:00,3498.67
2050-03-27 21:00:00,2722.35
2050-03-27 22:00:00,3164.03
2050-03-27 23:00:00,3065.01
2050-03-28 00:00:00,1329.6
2050-03-28 01:00:00,1861.2
2050-03-28 02:00:00,628.06
2050-03-28 03:00:00,174.0
2050-03-28 04:00:00,498.39
2050-03-28 05:00:00,393.86
2050-03-28 06:00:00,135.14
2050-03-28 07:00:00,54.83
2050-03-28 08:00:00,937.69
2050-03-28 09:00:00,1187.25
2050-03-28 10:00:00,1442.43
2050-03-28 11:00:00,1706.68
2050-03-28 12:00:00,1733.87
2050-03-28 13:00:00,2234.99
2050-03-28 14:00:00,860.61
2050-03-28 15:00:00,564.58
2050-03-28 16:00:00,1053.0
2050-03-28 17:00:00,191.94
2050-03-28 18:00:00,-968.78
2050-03-28 19:00:00,79.13
2050-03-28 20:00:00,-345.47
2050-03-28 21:00:00,-646.6
2050-03-28 22:00:00,-854.77
2050-03-28 23:00:00,-1093.09
2050-03-29 00:00:00,-1480.35
2050-03-29 01:00:00,-1677.09
2050-03-29 02:00:00,-1537.28
2050-03-29 03:00:00,-1834.15
2050-03-29 04:00:00,-2196.23
2050-03-29 05:00:00,-2230.63
2050-03-29 06:00:00,-2084.16
2050-03-29 07:00:00,-1365.97
2050-03-29 08:00:00,-752.71
2050-03-29 09:00:00,-844.32
2050-03-29 10:00:00,-93.96
2050-03-29 11:00:00,-43.01
2050-03-29 12:00:00,342.11
2050-03-29 13:00:00,552.51
2050-03-29 14:00:00,210.31
2050-03-29 15:00:00,1015.78
2050-03-29 16:00:00,567.97
2050-03-29 17:00:00,576.85
2050-03-29 18:00:00,943.3
2050-03-29 19:00:00,970.13
2050-03-29 20:00:00,793.54
2050-03-29 21:00:00,516.45
2050-03-29 22:00:00,440.11
2050-03-29 23:00:00,-162.83
2050-03-30 00:00:00,53.74
2050-03-30 01:00:00,369.89
2050-03-30 02:00:00,-350.4
2050-03-30 03:00:00,-421.24
2050-03-30 04:00:00,-420.92
2050-03-30 05:00:00,-544.62
2050-03-30 06:00:00,-25.01
2050-03-30 07:00:00,823.13
2050-03-30 08:00:00,1509.7
2050-03-30 09:00:00,2007.18
2050-03-30 10:00:00,2115.12
2050-03-30 11:00:00,2404.29
2050-03-30 12:00:00,2395.93
2050-03-30 13:00:00,2269.03
2050-03-30 14:00:00,2172.37
2050-03-30 15:00:00,2235.18
2050-03-30 16:00:00,1562.68
2050-03-30 17:00:00,832.55
2050-03-30 18:00:00,1363.45
2050-03-30 19:00:00,1450.35
2050-03-30 20:00:00,1766.0
2050-03-30 21:00:00,1368.22
2050-03-30 22:00:00,533.45
2050-03-30 23:00:00,445.04
2050-03-31 00:00:00,58.79
2050-03-31 01:00:00,-387.27
2050-03-31 02:00:00,-1292.45
2050-03-31 03:00:00,-1479.0
2050-03-31 04:00:00,-1623.68
2050-03-31 05:00:00,-1645.47
2050-03-31 06:00:00,-1606.78
2050-03-31 07:00:00,-1451.05
2050-03-31 08:00:00,-1446.65
2050-03-31 09:00:00,-1357.39
2050-03-31 10:00:00,-1386.6
2050-03-31 11:00:00,-1504.12
2050-03-31 12:00:00,-1123.67
2050-03-31 13:00:00,-1502.65
2050-03-31 14:00:00,-1716.99
2050-03-31 15:00:00,-1672.89
2050-03-31 16:00:00,-1486.98
2050-03-31 17:00:00,-1267.89
2050-03-31 18:00:00,-944.19
2050-03-31 19:00:00,-667.35
2050-03-31 20:00:00,-635.26
2050-03-31 21:00:00,-678.38
2050-03-31 22:00:00,-868.63
2050-03-31 23:00:00,-1114.8
2050-04-01 00:00:00,-1287.83
2050-04-01 01:00:00,-1392.29
2050-04-01 02:00:00,-1593.78
2050-04-01 03:00:00,-1677.6
2050-04-01 04:00:00,-1720.2
2050-04-01 05:00:00,-1706.96
2050-04-01 06:00:00,-1585.52
2050-04-01 07:00:00,-1462.9
2050-04-01 08:00:00,-1425.5
2050-04-01 09:00:00,-1435.54
2050-04-01 10:00:00,-1632.67
2050-04-01 11:00:00,-1789.51
2050-04-01 12:00:00,-1797.34
2050-04-01 13:00:00,-1768.54
2050-04-01 14:00:00,-1601.75
2050-04-01 15:00:00,-1374.92
2050-04-01 16:00:00,-1057.01
2050-04-01 17:00:00,-536.44
2050-04-01 18:00:00,195.29
2050-04-01 19:00:00,-137.09
2050-04-01 20:00:00,107.09
2050-04-01 21:00:00,-167.91
2050-04-01 22:00:00,1100.18
2050-04-01 23:00:00,-89.24
2050-04-02 00:00:00,-1111.25
2050-04-02 01:00:00,-1135.99
2050-04-02 02:00:00,-1465.08
2050-04-02 03:00:00,-1959.26
2050-04-02 04:00:00,-1798.17
2050-04-02 05:00:00,-2347.48
2050-04-02 06:00:00,-2191.71
2050-04-02 07:00:00,-1968.29
2050-04-02 08:00:00,-1222.2
2050-04-02 09:00:00,-428.13
2050-04-02 10:00:00,300.23
2050-04-02 11:00:00,452.92
2050-04-02 12:00:00,847.36
2050-04-02 13:00:00,981.76
2050-04-02 14:00:00,733.03
2050-04-02 15:00:00,1001.31
2050-04-02 16:00:00,1025.46
2050-04-02 17:00:00,638.08
2050-04-02 18:00:00,1034.59
2050-04-02 19:00:00,1512.69
2050-04-02 20:00:00,836.36
2050-04-02 21:00:00,1321.21
2050-04-02 22:00:00,672.93
2050-04-02 23:00:00,-741.63
2050-04-03 00:00:00,-1105.38
2050-04-03 01:00:00,-1160.17
2050-04-03 02:00:00,-1169.63
2050-04-03 03:00:00,-934.8
2050-04-03 04:00:00,-402.62
2050-04-03 05:00:00,-943.86
2050-04-03 06:00:00,-992.55
2050-04-03 07:00:00,-438.26
2050-04-03 08:00:00,-288.37
2050-04-03 09:00:00,-861.01
2050-04-03 10:00:00,-377.17
2050-04-03 11:00:00,-411.23
2050-04-03 12:00:00,-1159.7
2050-04-03 13:00:00,-212.05
2050-04-03 14:00:00,-1006.7
2050-04-03 15:00:00,-705.13
2050-04-03 16:00:00,-915.52
2050-04-03 17:00:00,-1022.87
2050-04-03 18:00:00,-726.84
2050-04-03 19:00:00,75.83
2050-04-03 20:00:00,865.41
2050-04-03 21:00:00,-433.63
2050-04-03 22:00:00,-932.09
2050-04-03 23:00:00,-661.15
2050-04-04 00:00:00,-1271.29
2050-04-04 01:00:00,-1735.97
2050-04-04 02:00:00,-2188.94
2050-04-04 03:00:00,-2387.97
2050-04-04 04:00:00,-2491.25
2050-04-04 05:00:00,-2517.87
2050-04-04 06:00:00,-2426.21
2050-04-04 07:00:00,-2257.59
2050-04-04 08:00:00,-1941.7
2050-04-04 09:00:00,-1496.52
2050-04-04 10:00:00,-1648.62
2050-04-04 11:00:00,-1416.8
2050-04-04 12:00:00,-632.44
2050-04-04 13:00:00,1268.6
2050-04-04 14:00:00,2250.73
2050-04-04 15:00:00,2363.24
2050-04-04 16:00:00,2919.32
2050-04-04 17:00:00,2784.83
2050-04-04 18:00:00,1368.94
2050-04-04 19:00:00,2029.19
2050-04-04 20:00:00,2538.55
2050-04-04 21:00:00,1249.18
2050-04-04 22:00:00,371.26
2050-04-04 23:00:00,-777.18
2050-04-05 00:00:00,-1338.73
2050-04-05 01:00:00,-159.81
2050-04-05 02:00:00,455.54
2050-04-05 03:00:00,631.98
2050-04-05 04:00:00,145.88
2050-04-05 05:00:00,-382.82
2050-04-05 06:00:00,-419.35
2050-04-05 07:00:00,-604.08
2050-04-05 08:00:00,-256.19
2050-04-05 09:00:00,586.65
2050-04-05 10:00:00,1072.38
2050-04-05 11:00:00,976.51
2050-04-05 12:00:00,1206.12
2050-04-05 13:00:00,451.38
2050-04-05 14:00:00,-176.93
2050-04-05 15:00:00,-95.24
2050-04-05 16:00:00,394.96
2050-04-05 17:00:00,141.71
2050-04-05 18:00:00,406.74
2050-04-05 19:00:00,306.95
2050-04-05 20:00:00,-87.82
2050-04-05 21:00:00,-367.18
2050-04-05 22:00:00,-788.31
2050-04-05 23:00:00,192.2
2050-04-06 00:00:00,22.56
2050-04-06 01:00:00,947.0
2050-04-06 02:00:00,1078.88
2050-04-06 03:00:00,461.26
2050-04-06 04:00:00,360.98
2050-04-06 05:00:00,-385.46
2050-04-06 06:00:00,317.3
2050-04-06 07:00:00,66.15
2050-04-06 08:00:00,569.83
2050-04-06 09:00:00,630.99
2050-04-06 10:00:00,776.19
2050-04-06 11:00:00,-2.08
2050-04-06 12:00:00,-132.55
2050-04-06 13:00:00,724.17
2050-04-06 14:00:00,559.42
2050-04-06 15:00:00,-347.27
2050-04-06 16:00:00,-501.83
2050-04-06 17:00:00,-160.29
2050-04-06 18:00:00,68.62
2050-04-06 19:00:00,248.03
2050-04-06 20:00:00,17.54
2050-04-06 21:00:00,-213.78
2050-04-06 22:00:00,-608.86
2050-04-06 23:00:00,-946.32
2050-04-07 00:00:00,-770.19
2050-04-07 01:00:00,-1559.27
2050-04-07 02:00:00,-1934.72
2050-04-07 03:00:00,-1995.56
2050-04-07 04:00:00,-1734.53
2050-04-07 05:00:00,-1471.6
2050-04-07 06:00:00,-2180.84
2050-04-07 07:00:00,-1634.01
2050-04-07 08:00:00,-804.63
2050-04-07 09:00:00,322.14
2050-04-07 10:00:00,-3.89
2050-04-07 11:00:00,1488.97
2050-04-07 12:00:00,2091.55
2050-04-07 13:00:00,1459.79
2050-04-07 14:00:00,694.1
2050-04-07 15:00:00,1294.18
2050-04-07 16:00:00,917.89
2050-04-07 17:00:00,819.9
2050-04-07 18:00:00,1168.77
2050-04-07 19:00:00,907.62
2050-04-07 20:00:00,675.77
2050-04-07 21:00:00,258.42
2050-04-07 22:00:00,186.75
2050-04-07 23:00:00,-518.05
2050-04-08 00:00:00,-1081.24
2050-04-08 01:00:00,-425.89
2050-04-08 02:00:00,-275.02
2050-04-08 03:00:00,-1833.07
2050-04-08 04:00:00,-1793.45
2050-04-08 05:00:00,-2234.76
2050-04-08 06:00:00,-1888.53
2050-04-08 07:00:00,-1962.09
2050-04-08 08:00:00,-1254.14
2050-04-08 09:00:00,240.45
2050-04-08 10:00:00,692.81
2050-04-08 11:00:00,2034.52
2050-04-08 12:00:00,2575.91
2050-04-08 13:00:00,2716.14
2050-04-08 14:00:00,2194.74
2050-04-08 15:00:00,2262.32
2050-04-08 16:00:00,2283.09
2050-04-08 17:00:00,2023.12
2050-04-08 18:00:00,1789.36
2050-04-08 19:00:00,1708.65
2050-04-08 20:00:00,1758.74
2050-04-08 21:00:00,1765.71
2050-04-08 22:00:00,1345.11
2050-04-08 23:00:00,1782.86
2050-04-09 00:00:00,1228.53
2050-04-09 01:00:00,811.36
2050-04-09 02:00:00,1252.15
2050-04-09 03:00:00,1639.48
2050-04-09 04:00:00,1787.46
2050-04-09 05:00:00,1954.26
2050-04-09 06:00:00,1731.32
2050-04-09 07:00:00,923.78
2050-04-09 08:00:00,1262.8
2050-04-09 09:00:00,1462.87
2050-04-09 10:00:00,1632.62
2050-04-09 11:00:00,744.17
2050-04-09 12:00:00,1594.4
2050-04-09 13:00:00,1571.88
2050-04-09 14:00:00,334.44
2050-04-09 15:00:00,218.74
2050-04-09 16:00:00,1076.77
2050-04-09 17:00:00,1022.85
2050-04-09 18:00:00,1681.44
2050-04-09 19:00:00,2367.43
2050-04-09 20:00:00,2578.5
2050-04-09 21:00:00,1941.93
2050-04-09 22:00:00,1736.82
2050-04-09 23:00:00,1676.64
2050-04-10 00:00:00,1570.91
2050-04-10 01:00:00,2012.37
2050-04-10 02:00:00,2039.9
2050-04-10 03:00:00,1986.86
2050-04-10 04:00:00,1930.26
2050-04-10 05:00:00,2289.02
2050-04-10 06:00:00,2179.86
2050-04-10 07:00:00,2295.21
2050-04-10 08:00:00,2654.73
2050-04-10 09:00:00,2081.68
2050-04-10 10:00:00,1961.38
2050-04-10 11:00:00,1574.05
2050-04-10 12:00:00,670.97
2050-04-10 13:00:00,699.09
2050-04-10 14:00:00,114.7
2050-04-10 15:00:00,-329.66
2050-04-10 16:00:00,-628.5
2050-04-10 17:00:00,-981.34
2050-04-10 18:00:00,-771.39
2050-04-10 19:00:00,-708.65
2050-04-10 20:00:00,-636.24
2050-04-10 21:00:00,-712.33
2050-04-10 22:00:00,-919.85
2050-04-10 23:00:00,-572.82
2050-04-11 00:00:00,-694.07
2050-04-11 01:00:00,-838.83
2050-04-11 02:00:00,-521.07
2050-04-11 03:00:00,-212.81
2050-04-11 04:00:00,-414.17
2050-04-11 05:00:00,-417.16
2050-04-11 06:00:00,-11.85
2050-04-11 07:00:00,488.56
2050-04-11 08:00:00,537.28
2050-04-11 09:00:00,452.28
2050-04-11 10:00:00,310.31
2050-04-11 11:00:00,746.44
2050-04-11 12:00:00,701.41
2050-04-11 13:00:00,722.92
2050-04-11 14:00:00,755.11
2050-04-11 15:00:00,-440.38
2050-04-11 16:00:00,-639.22
2050-04-11 17:00:00,-534.73
2050-04-11 18:00:00,-176.87
2050-04-11 19:00:00,-184.29
2050-04-11 20:00:00,-342.36
2050-04-11 21:00:00,-625.7
2050-04-11 22:00:00,-1012.44
2050-04-11 23:00:00,-1345.0
2050-04-12 00:00:00,-1674.32
2050-04-12 01:00:00,-1830.27
2050-04-12 02:00:00,-1452.5
2050-04-12 03:00:00,-2154.1
2050-04-12 04:00:00,-1848.25
2050-04-12 05:00:00,-1208.17
2050-04-12 06:00:00,-572.98
2050-04-12 07:00:00,-562.83
2050-04-12 08:00:00,212.62
2050-04-12 09:00:00,994.44
2050-04-12 10:00:00,1399.23
2050-04-12 11:00:00,782.0
2050-04-12 12:00:00,252.66
2050-04-12 13:00:00,1111.36
2050-04-12 14:00:00,1260.54
2050-04-12 15:00:00,1299.3
2050-04-12 16:00:00,1407.16
2050-04-12 17:00:00,1901.59
2050-04-12 18:00:00,1227.32
2050-04-12 19:00:00,-197.58
2050-04-12 20:00:00,-580.74
2050-04-12 21:00:00,-745.97
2050-04-12 22:00:00,-1042.42
2050-04-12 23:00:00,-1378.43
2050-04-13 00:00:00,-1701.11
2050-04-13 01:00:00,-1781.67
2050-04-13 02:00:00,-1906.64
2050-04-13 03:00:00,-1582.85
2050-04-13 04:00:00,-1402.6
2050-04-13 05:00:00,-913.83
2050-04-13 06:00:00,-909.12
2050-04-13 07:00:00,-1514.64
2050-04-13 08:00:00,-1376.02
2050-04-13 09:00:00,-1461.28
2050-04-13 10:00:00,-939.04
2050-04-13 11:00:00,-1593.32
2050-04-13 12:00:00,-389.16
2050-04-13 13:00:00,-838.86
2050-04-13 14:00:00,-831.54
2050-04-13 15:00:00,-1011.99
2050-04-13 16:00:00,-1225.93
2050-04-13 17:00:00,-1088.41
2050-04-13 18:00:00,-464.32
2050-04-13 19:00:00,-68.96
2050-04-13 20:00:00,-624.41
2050-04-13 21:00:00,-732.21
2050-04-13 22:00:00,-1046.06
2050-04-13 23:00:00,-1380.0
2050-04-14 00:00:00,-1604.27
2050-04-14 01:00:00,-1499.82
2050-04-14 02:00:00,-586.49
2050-04-14 03:00:00,-1149.51
2050-04-14 04:00:00,-1071.17
2050-04-14 05:00:00,-1168.65
2050-04-14 06:00:00,-1071.19
2050-04-14 07:00:00,659.66
2050-04-14 08:00:00,1393.11
2050-04-14 09:00:00,1508.7
2050-04-14 10:00:00,1512.67
2050-04-14 11:00:00,1988.31
2050-04-14 12:00:00,2286.54
2050-04-14 13:00:00,1798.11
2050-04-14 14:00:00,2105.54
2050-04-14 15:00:00,1511.93
2050-04-14 16:00:00,2009.71
2050-04-14 17:00:00,1453.14
2050-04-14 18:00:00,500.19
2050-04-14 19:00:00,-136.26
2050-04-14 20:00:00,163.78
2050-04-14 21:00:00,-358.06
2050-04-14 22:00:00,-774.34
2050-04-14 23:00:00,-937.96
2050-04-15 00:00:00,-1730.28
2050-04-15 01:00:00,-1782.84
2050-04-15 02:00:00,-1923.8
2050-04-15 03:00:00,-1955.88
2050-04-15 04:00:00,-1944.87
2050-04-15 05:00:00,-1822.12
2050-04-15 06:00:00,-259.62
2050-04-15 07:00:00,671.69
2050-04-15 08:00:00,1442.71
2050-04-15 09:00:00,1328.75
2050-04-15 10:00:00,1170.75
2050-04-15 11:00:00,757.75
2050-04-15 12:00:00,1363.18
2050-04-15 13:00:00,1200.53
2050-04-15 14:00:00,1250.88
2050-04-15 15:00:00,-603.71
2050-04-15 16:00:00,250.47
2050-04-15 17:00:00,677.36
2050-04-15 18:00:00,1165.68
2050-04-15 19:00:00,644.69
2050-04-15 20:00:00,402.21
2050-04-15 21:00:00,-380.73
2050-04-15 22:00:00,-902.76
2050-04-15 23:00:00,-911.83
2050-04-16 00:00:00,-742.44
2050-04-16 01:00:00,-1375.52
2050-04-16 02:00:00,-1783.49
2050-04-16 03:00:00,-2247.4
2050-04-16 04:00:00,-2382.52
2050-04-16 05:00:00,-1758.76
2050-04-16 06:00:00,-2156.73
2050-04-16 07:00:00,-2149.0
2050-04-16 08:00:00,-1599.88
2050-04-16 09:00:00,-1271.12
2050-04-16 10:00:00,-1352.99
2050-04-16 11:00:00,-1101.54
2050-04-16 12:00:00,-991.52
2050-04-16 13:00:00,-1081.31
2050-04-16 14:00:00,68.81
2050-04-16 15:00:00,-368.56
2050-04-16 16:00:00,-273.6
2050-04-16 17:00:00,-333.09
2050-04-16 18:00:00,520.48
2050-04-16 19:00:00,-613.6
2050-04-16 20:00:00,-589.76
2050-04-16 21:00:00,-729.43
2050-04-16 22:00:00,-917.56
2050-04-16 23:00:00,-874.37
2050-04-17 00:00:00,-107.33
2050-04-17 01:00:00,-248.35
2050-04-17 02:00:00,-583.16
2050-04-17 03:00:00,-913.02
2050-04-17 04:00:00,26.57
2050-04-17 05:00:00,683.5
2050-04-17 06:00:00,195.85
2050-04-17 07:00:00,-48.47
2050-04-17 08:00:00,1144.4
2050-04-17 09:00:00,2119.1
2050-04-17 10:00:00,1752.47
2050-04-17 11:00:00,1684.16
2050-04-17 12:00:00,2122.81
2050-04-17 13:00:00,2184.1
2050-04-17 14:00:00,1778.86
2050-04-17 15:00:00,2369.68
2050-04-17 16:00:00,2280.47
2050-04-17 17:00:00,1991.19
2050-04-17 18:00:00,1653.47
2050-04-17 19:00:00,812.82
2050-04-17 20:00:00,1792.8
2050-04-17 21:00:00,1094.45
2050-04-17 22:00:00,1143.08
2050-04-17 23:00:00,863.9
2050-04-18 00:00:00,1013.25
2050-04-18 01:00:00,476.26
2050-04-18 02:00:00,1410.49
2050-04-18 03:00:00,1284.02
2050-04-18 04:00:00,1898.15
2050-04-18 05:00:00,1741.69
2050-04-18 06:00:00,2079.43
2050-04-18 07:00:00,2098.58
2050-04-18 08:00:00,2693.67
2050-04-18 09:00:00,2682.12
2050-04-18 10:00:00,1744.87
2050-04-18 11:00:00,1743.64
2050-04-18 12:00:00,2117.57
2050-04-18 13:00:00,2564.07
2050-04-18 14:00:00,1578.68
2050-04-18 15:00:00,997.33
2050-04-18 16:00:00,-277.59
2050-04-18 17:00:00,192.41
2050-04-18 18:00:00,-349.15
2050-04-18 19:00:00,-682.05
2050-04-18 20:00:00,-627.24
2050-04-18 21:00:00,-562.57
2050-04-18 22:00:00,-873.2
2050-04-18 23:00:00,-1108.77
2050-04-19 00:00:00,-1385.52
2050-04-19 01:00:00,-1484.19
2050-04-19 02:00:00,-1605.14
2050-04-19 03:00:00,-820.71
2050-04-19 04:00:00,-66.15
2050-04-19 05:00:00,65.18
2050-04-19 06:00:00,-323.29
2050-04-19 07:00:00,-214.95
2050-04-19 08:00:00,-327.48
2050-04-19 09:00:00,1043.12
2050-04-19 10:00:00,-444.62
2050-04-19 11:00:00,-64.37
2050-04-19 12:00:00,-500.62
2050-04-19 13:00:00,-415.59
2050-04-19 14:00:00,-952.24
2050-04-19 15:00:00,-724.42
2050-04-19 16:00:00,-1018.07
2050-04-19 17:00:00,-790.29
2050-04-19 18:00:00,-612.4
2050-04-19 19:00:00,-621.95
2050-04-19 20:00:00,-616.32
2050-04-19 21:00:00,-585.15
2050-04-19 22:00:00,-798.01
2050-04-19 23:00:00,-1226.75
2050-04-20 00:00:00,-1685.68
2050-04-20 01:00:00,-1774.5
2050-04-20 02:00:00,-1926.5
2050-04-20 03:00:00,-1996.9
2050-04-20 04:00:00,-2001.42
2050-04-20 05:00:00,-1798.77
2050-04-20 06:00:00,-1799.27
2050-04-20 07:00:00,-1691.24
2050-04-20 08:00:00,-1696.84
2050-04-20 09:00:00,-1533.03
2050-04-20 10:00:00,-1592.09
2050-04-20 11:00:00,-191.36
2050-04-20 12:00:00,-1150.87
2050-04-20 13:00:00,-57.64
2050-04-20 14:00:00,-428.45
2050-04-20 15:00:00,915.2
2050-04-20 16:00:00,1690.36
2050-04-20 17:00:00,2145.36
2050-04-20 18:00:00,1580.46
2050-04-20 19:00:00,1417.31
2050-04-20 20:00:00,1324.21
2050-04-20 21:00:00,1246.68
2050-04-20 22:00:00,1013.79
2050-04-20 23:00:00,156.06
2050-04-21 00:00:00,-370.69
2050-04-21 01:00:00,-255.27
2050-04-21 02:00:00,-92.43
2050-04-21 03:00:00,-575.21
2050-04-21 04:00:00,-639.34
2050-04-21 05:00:00,111.49
2050-04-21 06:00:00,-360.77
2050-04-21 07:00:00,150.85
2050-04-21 08:00:00,-542.92
2050-04-21 09:00:00,-392.57
2050-04-21 10:00:00,-628.54
2050-04-21 11:00:00,-1052.21
2050-04-21 12:00:00,-818.76
2050-04-21 13:00:00,-224.97
2050-04-21 14:00:00,-75.95
2050-04-21 15:00:00,142.76
2050-04-21 16:00:00,1277.89
2050-04-21 17:00:00,289.84
2050-04-21 18:00:00,-220.74
2050-04-21 19:00:00,-333.96
2050-04-21 20:00:00,-414.8
2050-04-21 21:00:00,-282.32
2050-04-21 22:00:00,905.37
2050-04-21 23:00:00,818.47
2050-04-22 00:00:00,908.81
2050-04-22 01:00:00,10.27
2050-04-22 02:00:00,-217.18
2050-04-22 03:00:00,-66.46
2050-04-22 04:00:00,269.89
2050-04-22 05:00:00,151.42
2050-04-22 06:00:00,-43.02
2050-04-22 07:00:00,554.98
2050-04-22 08:00:00,438.94
2050-04-22 09:00:00,479.04
2050-04-22 10:00:00,170.16
2050-04-22 11:00:00,162.9
2050-04-22 12:00:00,-16.93
2050-04-22 13:00:00,-146.6
2050-04-22 14:00:00,-100.6
2050-04-22 15:00:00,125.95
2050-04-22 16:00:00,-642.09
2050-04-22 17:00:00,-141.98
2050-04-22 18:00:00,1360.29
2050-04-22 19:00:00,994.39
2050-04-22 20:00:00,681.97
2050-04-22 21:00:00,456.27
2050-04-22 22:00:00,797.21
2050-04-22 23:00:00,762.53
2050-04-23 00:00:00,-487.72
2050-04-23 01:00:00,-936.72
2050-04-23 02:00:00,-674.61
2050-04-23 03:00:00,175.58
2050-04-23 04:00:00,-150.8
2050-04-23 05:00:00,529.92
2050-04-23 06:00:00,805.69
2050-04-23 07:00:00,2167.66
2050-04-23 08:00:00,1849.75
2050-04-23 09:00:00,2260.01
2050-04-23 10:00:00,2824.81
2050-04-23 11:00:00,2795.93
2050-04-23 12:00:00,3015.94
2050-04-23 13:00:00,3094.84
2050-04-23 14:00:00,3048.73
2050-04-23 15:00:00,2974.43
2050-04-23 16:00:00,2750.79
2050-04-23 17:00:00,3177.38
2050-04-23 18:00:00,2868.84
2050-04-23 19:00:00,2289.21
2050-04-23 20:00:00,1070.28
2050-04-23 21:00:00,283.39
2050-04-23 22:00:00,-231.69
2050-04-23 23:00:00,-639.75
2050-04-24 00:00:00,-549.54
2050-04-24 01:00:00,-193.16
2050-04-24 02:00:00,-891.02
2050-04-24 03:00:00,-381.28
2050-04-24 04:00:00,-557.55
2050-04-24 05:00:00,64.97
2050-04-24 06:00:00,-40.35
2050-04-24 07:00:00,-28.36
2050-04-24 08:00:00,252.33
2050-04-24 09:00:00,319.02
2050-04-24 10:00:00,108.18
2050-04-24 11:00:00,789.36
2050-04-24 12:00:00,1202.17
2050-04-24 13:00:00,1005.66
2050-04-24 14:00:00,1354.43
2050-04-24 15:00:00,2122.3
2050-04-24 16:00:00,1844.99
2050-04-24 17:00:00,1647.96
2050-04-24 18:00:00,1561.55
2050-04-24 19:00:00,515.71
2050-04-24 20:00:00,917.32
2050-04-24 21:00:00,1492.57
2050-04-24 22:00:00,1697.84
2050-04-24 23:00:00,1638.91
2050-04-25 00:00:00,688.58
2050-04-25 01:00:00,399.95
2050-04-25 02:00:00,335.22
2050-04-25 03:00:00,518.34
2050-04-25 04:00:00,304.01
2050-04-25 05:00:00,299.87
2050-04-25 06:00:00,440.37
2050-04-25 07:00:00,-231.41
2050-04-25 08:00:00,-196.75
2050-04-25 09:00:00,531.15
2050-04-25 10:00:00,812.41
2050-04-25 11:00:00,1416.42
2050-04-25 12:00:00,1304.87
2050-04-25 13:00:00,1655.62
2050-04-25 14:00:00,2163.9
2050-04-25 15:00:00,2364.71
2050-04-25 16:00:00,1327.11
2050-04-25 17:00:00,1895.97
2050-04-25 18:00:00,2292.18
2050-04-25 19:00:00,2741.98
2050-04-25 20:00:00,2815.81
2050-04-25 21:00:00,1978.96
2050-04-25 22:00:00,1441.95
2050-04-25 23:00:00,24.98
2050-04-26 00:00:00,-1072.26
2050-04-26 01:00:00,1.77
2050-04-26 02:00:00,-567.24
2050-04-26 03:00:00,-1345.14
2050-04-26 04:00:00,-934.44
2050-04-26 05:00:00,-544.78
2050-04-26 06:00:00,-718.69
2050-04-26 07:00:00,-471.65
2050-04-26 08:00:00,-509.31
2050-04-26 09:00:00,-1236.39
2050-04-26 10:00:00,-746.85
2050-04-26 11:00:00,-1219.96
2050-04-26 12:00:00,350.34
2050-04-26 13:00:00,1477.85
2050-04-26 14:00:00,1538.71
2050-04-26 15:00:00,1039.53
2050-04-26 16:00:00,1979.74
2050-04-26 17:00:00,915.04
2050-04-26 18:00:00,860.69
2050-04-26 19:00:00,2224.62
2050-04-26 20:00:00,2261.56
2050-04-26 21:00:00,2752.86
2050-04-26 22:00:00,1869.78
2050-04-26 23:00:00,1278.32
2050-04-27 00:00:00,1101.42
2050-04-27 01:00:00,950.47
2050-04-27 02:00:00,1095.5
2050-04-27 03:00:00,1342.09
2050-04-27 04:00:00,1026.42
2050-04-27 05:00:00,1141.94
2050-04-27 06:00:00,888.07
2050-04-27 07:00:00,877.78
2050-04-27 08:00:00,1526.8
2050-04-27 09:00:00,1696.76
2050-04-27 10:00:00,870.74
2050-04-27 11:00:00,1404.42
2050-04-27 12:00:00,1766.92
2050-04-27 13:00:00,1484.32
2050-04-27 14:00:00,2074.62
2050-04-27 15:00:00,2419.99
2050-04-27 16:00:00,1776.94
2050-04-27 17:00:00,2484.54
2050-04-27 18:00:00,2180.24
2050-04-27 19:00:00,1555.88
2050-04-27 20:00:00,1195.32
2050-04-27 21:00:00,1543.91
2050-04-27 22:00:00,1570.84
2050-04-27 23:00:00,1282.21
2050-04-28 00:00:00,1529.69
2050-04-28 01:00:00,1891.67
2050-04-28 02:00:00,1574.56
2050-04-28 03:00:00,1070.19
2050-04-28 04:00:00,1218.45
2050-04-28 05:00:00,1835.09
2050-04-28 06:00:00,1610.93
2050-04-28 07:00:00,1938.99
2050-04-28 08:00:00,2110.16
2050-04-28 09:00:00,2197.79
2050-04-28 10:00:00,2751.72
2050-04-28 11:00:00,2999.38
2050-04-28 12:00:00,2641.43
2050-04-28 13:00:00,2600.67
2050-04-28 14:00:00,2145.42
2050-04-28 15:00:00,1254.25
2050-04-28 16:00:00,-813.21
2050-04-28 17:00:00,-1077.31
2050-04-28 18:00:00,-735.28
2050-04-28 19:00:00,-641.1
2050-04-28 20:00:00,151.56
2050-04-28 21:00:00,978.22
2050-04-28 22:00:00,130.83
2050-04-28 23:00:00,721.69
2050-04-29 00:00:00,1250.43
2050-04-29 01:00:00,1046.15
2050-04-29 02:00:00,-270.41
2050-04-29 03:00:00,-104.7
2050-04-29 04:00:00,213.92
2050-04-29 05:00:00,851.77
2050-04-29 06:00:00,332.67
2050-04-29 07:00:00,1754.14
2050-04-29 08:00:00,849.82
2050-04-29 09:00:00,196.9
2050-04-29 10:00:00,34.9
2050-04-29 11:00:00,859.21
2050-04-29 12:00:00,582.82
2050-04-29 13:00:00,576.98
2050-04-29 14:00:00,549.86
2050-04-29 15:00:00,-349.03
2050-04-29 16:00:00,-870.01
2050-04-29 17:00:00,-668.84
2050-04-29 18:00:00,-405.42
2050-04-29 19:00:00,-383.34
2050-04-29 20:00:00,-521.93
2050-04-29 21:00:00,-282.63
2050-04-29 22:00:00,631.75
2050-04-29 23:00:00,380.31
2050-04-30 00:00:00,-496.72
2050-04-30 01:00:00,-453.13
2050-04-30 02:00:00,-618.12
2050-04-30 03:00:00,-786.26
2050-04-30 04:00:00,-326.56
2050-04-30 05:00:00,-102.48
2050-04-30 06:00:00,-14.12
2050-04-30 07:00:00,-809.01
2050-04-30 08:00:00,-717.4
2050-04-30 09:00:00,-434.15
2050-04-30 10:00:00,-316.57
2050-04-30 11:00:00,-406.94
2050-04-30 12:00:00,-242.75
2050-04-30 13:00:00,161.37
2050-04-30 14:00:00,-294.1
2050-04-30 15:00:00,-133.29
2050-04-30 16:00:00,590.51
2050-04-30 17:00:00,-120.16
2050-04-30 18:00:00,317.94
2050-04-30 19:00:00,239.51
2050-04-30 20:00:00,93.07
2050-04-30 21:00:00,-251.79
2050-04-30 22:00:00,-670.19
2050-04-30 23:00:00,848.55
2050-05-01 00:00:00,-217.38
2050-05-01 01:00:00,28.29
2050-05-01 02:00:00,-941.17
2050-05-01 03:00:00,-791.14
2050-05-01 04:00:00,-290.79
2050-05-01 05:00:00,327.77
2050-05-01 06:00:00,500.61
2050-05-01 07:00:00,437.12
2050-05-01 08:00:00,738.21
2050-05-01 09:00:00,1844.71
2050-05-01 10:00:00,1934.23
2050-05-01 11:00:00,2465.84
2050-05-01 12:00:00,3218.69
2050-05-01 13:00:00,3553.24
2050-05-01 14:00:00,3443.09
2050-05-01 15:00:00,3132.88
2050-05-01 16:00:00,2996.15
2050-05-01 17:00:00,3335.37
2050-05-01 18:00:00,2793.99
2050-05-01 19:00:00,2688.51
2050-05-01 20:00:00,2728.86
2050-05-01 21:00:00,1529.33
2050-05-01 22:00:00,1143.85
2050-05-01 23:00:00,840.52
2050-05-02 00:00:00,310.45
2050-05-02 01:00:00,-767.35
2050-05-02 02:00:00,-959.37
2050-05-02 03:00:00,-574.81
2050-05-02 04:00:00,-558.02
2050-05-02 05:00:00,-1434.69
2050-05-02 06:00:00,-1035.52
2050-05-02 07:00:00,-263.47
2050-05-02 08:00:00,1148.23
2050-05-02 09:00:00,1710.69
2050-05-02 10:00:00,2241.5
2050-05-02 11:00:00,2372.97
2050-05-02 12:00:00,3215.68
2050-05-02 13:00:00,3371.39
2050-05-02 14:00:00,3470.8
2050-05-02 15:00:00,2704.0
2050-05-02 16:00:00,2727.14
2050-05-02 17:00:00,1814.72
2050-05-02 18:00:00,2123.15
2050-05-02 19:00:00,2080.6
2050-05-02 20:00:00,1506.1
2050-05-02 21:00:00,1224.29
2050-05-02 22:00:00,1131.53
2050-05-02 23:00:00,1893.75
2050-05-03 00:00:00,1175.08
2050-05-03 01:00:00,608.49
2050-05-03 02:00:00,1100.77
2050-05-03 03:00:00,193.64
2050-05-03 04:00:00,-166.42
2050-05-03 05:00:00,-94.38
2050-05-03 06:00:00,-409.84
2050-05-03 07:00:00,-149.1
2050-05-03 08:00:00,1239.68
2050-05-03 09:00:00,2355.15
2050-05-03 10:00:00,1975.31
2050-05-03 11:00:00,2386.68
2050-05-03 12:00:00,2055.48
2050-05-03 13:00:00,2229.38
2050-05-03 14:00:00,1403.24
2050-05-03 15:00:00,1866.88
2050-05-03 16:00:00,2697.55
2050-05-03 17:00:00,2455.29
2050-05-03 18:00:00,2668.13
2050-05-03 19:00:00,2214.85
2050-05-03 20:00:00,2159.77
2050-05-03 21:00:00,2152.91
2050-05-03 22:00:00,1921.92
2050-05-03 23:00:00,1698.1
2050-05-04 00:00:00,1487.7
2050-05-04 01:00:00,1595.22
2050-05-04 02:00:00,1066.22
2050-05-04 03:00:00,498.66
2050-05-04 04:00:00,944.44
2050-05-04 05:00:00,2020.4
2050-05-04 06:00:00,1845.91
2050-05-04 07:00:00,1476.66
2050-05-04 08:00:00,1841.32
2050-05-04 09:00:00,2609.32
2050-05-04 10:00:00,2740.8
2050-05-04 11:00:00,4040.0
2050-05-04 12:00:00,3855.62
2050-05-04 13:00:00,3788.09
2050-05-04 14:00:00,3218.96
2050-05-04 15:00:00,2997.38
2050-05-04 16:00:00,2393.86
2050-05-04 17:00:00,1576.94
2050-05-04 18:00:00,1802.67
2050-05-04 19:00:00,1290.43
2050-05-04 20:00:00,681.76
2050-05-04 21:00:00,198.18
2050-05-04 22:00:00,-252.02
2050-05-04 23:00:00,-941.18
2050-05-05 00:00:00,-885.99
2050-05-05 01:00:00,-988.32
2050-05-05 02:00:00,-867.25
2050-05-05 03:00:00,-1705.32
2050-05-05 04:00:00,-1242.63
2050-05-05 05:00:00,-925.8
2050-05-05 06:00:00,-961.92
2050-05-05 07:00:00,31.3
2050-05-05 08:00:00,710.33
2050-05-05 09:00:00,894.7
2050-05-05 10:00:00,411.03
2050-05-05 11:00:00,835.61
2050-05-05 12:00:00,1698.19
2050-05-05 13:00:00,2359.78
2050-05-05 14:00:00,2915.85
2050-05-05 15:00:00,3452.62
2050-05-05 16:00:00,3743.89
2050-05-05 17:00:00,3373.89
2050-05-05 18:00:00,1774.84
2050-05-05 19:00:00,2013.18
2050-05-05 20:00:00,1589.12
2050-05-05 21:00:00,708.45
2050-05-05 22:00:00,488.26
2050-05-05 23:00:00,-485.04
2050-05-06 00:00:00,-873.29
2050-05-06 01:00:00,-930.24
2050-05-06 02:00:00,-889.34
2050-05-06 03:00:00,-310.53
2050-05-06 04:00:00,-838.44
2050-05-06 05:00:00,-589.32
2050-05-06 06:00:00,-479.43
2050-05-06 07:00:00,-124.83
2050-05-06 08:00:00,258.77
2050-05-06 09:00:00,522.87
2050-05-06 10:00:00,83.31
2050-05-06 11:00:00,585.1
2050-05-06 12:00:00,731.65
2050-05-06 13:00:00,1207.84
2050-05-06 14:00:00,1660.67
2050-05-06 15:00:00,1742.34
2050-05-06 16:00:00,2157.97
2050-05-06 17:00:00,3082.97
2050-05-06 18:00:00,3017.75
2050-05-06 19:00:00,2433.65
2050-05-06 20:00:00,2690.98
2050-05-06 21:00:00,3006.26
2050-05-06 22:00:00,2916.1
2050-05-06 23:00:00,2592.02
2050-05-07 00:00:00,2063.23
2050-05-07 01:00:00,1459.43
2050-05-07 02:00:00,1097.04
2050-05-07 03:00:00,993.4
2050-05-07 04:00:00,748.7
2050-05-07 05:00:00,339.34
2050-05-07 06:00:00,231.83
2050-05-07 07:00:00,978.53
2050-05-07 08:00:00,1141.2
2050-05-07 09:00:00,1502.74
2050-05-07 10:00:00,1724.04
2050-05-07 11:00:00,2136.32
2050-05-07 12:00:00,2516.24
2050-05-07 13:00:00,3002.64
2050-05-07 14:00:00,3163.24
2050-05-07 15:00:00,2486.29
2050-05-07 16:00:00,2016.9
2050-05-07 17:00:00,445.13
2050-05-07 18:00:00,131.51
2050-05-07 19:00:00,108.47
2050-05-07 20:00:00,-34.7
2050-05-07 21:00:00,-4.34
2050-05-07 22:00:00,874.44
2050-05-07 23:00:00,4.17
2050-05-08 00:00:00,-197.75
2050-05-08 01:00:00,539.74
2050-05-08 02:00:00,1210.71
2050-05-08 03:00:00,1303.19
2050-05-08 04:00:00,1347.16
2050-05-08 05:00:00,1064.5
2050-05-08 06:00:00,1281.36
2050-05-08 07:00:00,758.64
2050-05-08 08:00:00,1385.34
2050-05-08 09:00:00,2061.23
2050-05-08 10:00:00,2123.06
2050-05-08 11:00:00,2151.28
2050-05-08 12:00:00,2357.77
2050-05-08 13:00:00,2089.76
2050-05-08 14:00:00,1532.62
2050-05-08 15:00:00,2118.06
2050-05-08 16:00:00,2441.73
2050-05-08 17:00:00,2032.36
2050-05-08 18:00:00,2570.47
2050-05-08 19:00:00,3193.58
2050-05-08 20:00:00,3263.78
2050-05-08 21:00:00,2701.95
2050-05-08 22:00:00,2143.22
2050-05-08 23:00:00,1198.92
2050-05-09 00:00:00,249.94
2050-05-09 01:00:00,98.53
2050-05-09 02:00:00,-366.51
2050-05-09 03:00:00,-163.27
2050-05-09 04:00:00,-389.38
2050-05-09 05:00:00,-594.3
2050-05-09 06:00:00,-729.1
2050-05-09 07:00:00,-712.97
2050-05-09 08:00:00,-437.52
2050-05-09 09:00:00,-74.27
2050-05-09 10:00:00,34.12
2050-05-09 11:00:00,772.14
2050-05-09 12:00:00,107.92
2050-05-09 13:00:00,-69.41
2050-05-09 14:00:00,-228.88
2050-05-09 15:00:00,302.82
2050-05-09 16:00:00,1206.68
2050-05-09 17:00:00,1079.82
2050-05-09 18:00:00,1973.78
2050-05-09 19:00:00,2024.74
2050-05-09 20:00:00,2146.78
2050-05-09 21:00:00,1419.29
2050-05-09 22:00:00,1469.91
2050-05-09 23:00:00,1669.43
2050-05-10 00:00:00,1086.5
2050-05-10 01:00:00,796.55
2050-05-10 02:00:00,1322.62
2050-05-10 03:00:00,1851.35
2050-05-10 04:00:00,1121.41
2050-05-10 05:00:00,1015.26
2050-05-10 06:00:00,1501.39
2050-05-10 07:00:00,2128.79
2050-05-10 08:00:00,2233.91
2050-05-10 09:00:00,2448.85
2050-05-10 10:00:00,2181.27
2050-05-10 11:00:00,2053.37
2050-05-10 12:00:00,1510.81
2050-05-10 13:00:00,958.02
2050-05-10 14:00:00,567.92
2050-05-10 15:00:00,459.59
2050-05-10 16:00:00,-414.12
2050-05-10 17:00:00,-891.71
2050-05-10 18:00:00,-735.06
2050-05-10 19:00:00,-760.89
2050-05-10 20:00:00,-625.98
2050-05-10 21:00:00,-713.32
2050-05-10 22:00:00,-897.35
2050-05-10 23:00:00,-1138.09
2050-05-11 00:00:00,-169.96
2050-05-11 01:00:00,-232.21
2050-05-11 02:00:00,1035.82
2050-05-11 03:00:00,403.07
2050-05-11 04:00:00,-78.07
2050-05-11 05:00:00,31.42
2050-05-11 06:00:00,-507.33
2050-05-11 07:00:00,785.6
2050-05-11 08:00:00,1690.5
2050-05-11 09:00:00,2100.61
2050-05-11 10:00:00,1729.84
2050-05-11 11:00:00,2169.08
2050-05-11 12:00:00,2788.52
2050-05-11 13:00:00,2901.02
2050-05-11 14:00:00,2180.66
2050-05-11 15:00:00,1357.68
2050-05-11 16:00:00,1276.6
2050-05-11 17:00:00,936.51
2050-05-11 18:00:00,2899.52
2050-05-11 19:00:00,2718.51
2050-05-11 20:00:00,1981.69
2050-05-11 21:00:00,1803.07
2050-05-11 22:00:00,1168.89
2050-05-11 23:00:00,1012.49
2050-05-12 00:00:00,1048.3
2050-05-12 01:00:00,1118.96
2050-05-12 02:00:00,837.17
2050-05-12 03:00:00,697.82
2050-05-12 04:00:00,319.09
2050-05-12 05:00:00,-27.62
2050-05-12 06:00:00,1170.18
2050-05-12 07:00:00,506.72
2050-05-12 08:00:00,-377.78
2050-05-12 09:00:00,-249.12
2050-05-12 10:00:00,-601.37
2050-05-12 11:00:00,65.13
2050-05-12 12:00:00,464.04
2050-05-12 13:00:00,1269.57
2050-05-12 14:00:00,1694.31
2050-05-12 15:00:00,1107.34
2050-05-12 16:00:00,452.39
2050-05-12 17:00:00,-195.06
2050-05-12 18:00:00,-73.0
2050-05-12 19:00:00,273.11
2050-05-12 20:00:00,659.41
2050-05-12 21:00:00,1112.54
2050-05-12 22:00:00,451.02
2050-05-12 23:00:00,-251.98
2050-05-13 00:00:00,1.09
2050-05-13 01:00:00,-547.52
2050-05-13 02:00:00,-547.96
2050-05-13 03:00:00,-321.87
2050-05-13 04:00:00,-115.02
2050-05-13 05:00:00,257.01
2050-05-13 06:00:00,1299.22
2050-05-13 07:00:00,1241.47
2050-05-13 08:00:00,1162.55
2050-05-13 09:00:00,636.39
2050-05-13 10:00:00,1060.56
2050-05-13 11:00:00,985.87
2050-05-13 12:00:00,995.5
2050-05-13 13:00:00,1637.57
2050-05-13 14:00:00,1972.55
2050-05-13 15:00:00,645.2
2050-05-13 16:00:00,70.92
2050-05-13 17:00:00,942.19
2050-05-13 18:00:00,1374.7
2050-05-13 19:00:00,2066.94
2050-05-13 20:00:00,1530.08
2050-05-13 21:00:00,900.41
2050-05-13 22:00:00,1702.04
2050-05-13 23:00:00,1643.94
2050-05-14 00:00:00,1400.59
2050-05-14 01:00:00,989.49
2050-05-14 02:00:00,567.2
2050-05-14 03:00:00,782.11
2050-05-14 04:00:00,872.11
2050-05-14 05:00:00,1379.34
2050-05-14 06:00:00,1673.13
2050-05-14 07:00:00,2327.4
2050-05-14 08:00:00,2726.11
2050-05-14 09:00:00,3007.27
2050-05-14 10:00:00,3215.76
2050-05-14 11:00:00,3409.99
2050-05-14 12:00:00,3474.44
2050-05-14 13:00:00,3442.85
2050-05-14 14:00:00,3633.59
2050-05-14 15:00:00,3802.24
2050-05-14 16:00:00,3709.55
2050-05-14 17:00:00,3427.24
2050-05-14 18:00:00,2839.78
2050-05-14 19:00:00,2801.29
2050-05-14 20:00:00,2971.24
2050-05-14 21:00:00,2311.32
2050-05-14 22:00:00,1639.43
2050-05-14 23:00:00,1653.67
2050-05-15 00:00:00,1129.63
2050-05-15 01:00:00,756.23
2050-05-15 02:00:00,115.88
2050-05-15 03:00:00,-905.0
2050-05-15 04:00:00,-852.82
2050-05-15 05:00:00,-876.6
2050-05-15 06:00:00,-163.24
2050-05-15 07:00:00,359.21
2050-05-15 08:00:00,1326.75
2050-05-15 09:00:00,1940.91
2050-05-15 10:00:00,2067.89
2050-05-15 11:00:00,1403.42
2050-05-15 12:00:00,1844.52
2050-05-15 13:00:00,952.65
2050-05-15 14:00:00,609.32
2050-05-15 15:00:00,-478.34
2050-05-15 16:00:00,-225.57
2050-05-15 17:00:00,96.57
2050-05-15 18:00:00,465.19
2050-05-15 19:00:00,470.78
2050-05-15 20:00:00,272.93
2050-05-15 21:00:00,-74.36
2050-05-15 22:00:00,-577.81
2050-05-15 23:00:00,-1002.57
2050-05-16 00:00:00,-1313.03
2050-05-16 01:00:00,-1563.97
2050-05-16 02:00:00,-2167.96
2050-05-16 03:00:00,-1994.17
2050-05-16 04:00:00,-1114.06
2050-05-16 05:00:00,-1342.09
2050-05-16 06:00:00,-1085.47
2050-05-16 07:00:00,-183.84
2050-05-16 08:00:00,308.22
2050-05-16 09:00:00,750.51
2050-05-16 10:00:00,1041.4
2050-05-16 11:00:00,775.67
2050-05-16 12:00:00,1116.47
2050-05-16 13:00:00,1066.49
2050-05-16 14:00:00,1285.06
2050-05-16 15:00:00,1007.94
2050-05-16 16:00:00,-60.38
2050-05-16 17:00:00,219.89
2050-05-16 18:00:00,574.16
2050-05-16 19:00:00,456.2
2050-05-16 20:00:00,2273.41
2050-05-16 21:00:00,1400.19
2050-05-16 22:00:00,-217.14
2050-05-16 23:00:00,-410.1
2050-05-17 00:00:00,-200.28
2050-05-17 01:00:00,-87.94
2050-05-17 02:00:00,-362.7
2050-05-17 03:00:00,-101.4
2050-05-17 04:00:00,-927.27
2050-05-17 05:00:00,-574.79
2050-05-17 06:00:00,428.21
2050-05-17 07:00:00,920.78
2050-05-17 08:00:00,1058.91
2050-05-17 09:00:00,859.37
2050-05-17 10:00:00,1376.62
2050-05-17 11:00:00,1640.81
2050-05-17 12:00:00,1562.7
2050-05-17 13:00:00,1621.45
2050-05-17 14:00:00,1695.55
2050-05-17 15:00:00,2195.84
2050-05-17 16:00:00,2260.82
2050-05-17 17:00:00,1408.89
2050-05-17 18:00:00,2448.87
2050-05-17 19:00:00,2067.34
2050-05-17 20:00:00,1993.13
2050-05-17 21:00:00,1184.89
2050-05-17 22:00:00,1397.25
2050-05-17 23:00:00,1277.01
2050-05-18 00:00:00,180.84
2050-05-18 01:00:00,697.29
2050-05-18 02:00:00,180.46
2050-05-18 03:00:00,776.6
2050-05-18 04:00:00,610.51
2050-05-18 05:00:00,629.34
2050-05-18 06:00:00,1150.66
2050-05-18 07:00:00,159.12
2050-05-18 08:00:00,429.63
2050-05-18 09:00:00,-38.09
2050-05-18 10:00:00,559.89
2050-05-18 11:00:00,1060.17
2050-05-18 12:00:00,1285.38
2050-05-18 13:00:00,658.9
2050-05-18 14:00:00,83.2
2050-05-18 15:00:00,-366.85
2050-05-18 16:00:00,-808.77
2050-05-18 17:00:00,-1027.58
2050-05-18 18:00:00,-717.01
2050-05-18 19:00:00,-276.09
2050-05-18 20:00:00,-252.22
2050-05-18 21:00:00,-626.59
2050-05-18 22:00:00,-547.72
2050-05-18 23:00:00,-717.33
2050-05-19 00:00:00,-811.82
2050-05-19 01:00:00,-900.96
2050-05-19 02:00:00,-682.71
2050-05-19 03:00:00,-768.24
2050-05-19 04:00:00,-512.35
2050-05-19 05:00:00,-223.66
2050-05-19 06:00:00,-1379.16
2050-05-19 07:00:00,-332.92
2050-05-19 08:00:00,1170.57
2050-05-19 09:00:00,1290.55
2050-05-19 10:00:00,1486.33
2050-05-19 11:00:00,1534.55
2050-05-19 12:00:00,870.9
2050-05-19 13:00:00,546.72
2050-05-19 14:00:00,567.38
2050-05-19 15:00:00,1230.35
2050-05-19 16:00:00,1767.55
2050-05-19 17:00:00,1115.86
2050-05-19 18:00:00,1206.46
2050-05-19 19:00:00,87.04
2050-05-19 20:00:00,-526.14
2050-05-19 21:00:00,-731.48
2050-05-19 22:00:00,-1039.48
2050-05-19 23:00:00,-1327.83
2050-05-20 00:00:00,-1457.44
2050-05-20 01:00:00,-1454.85
2050-05-20 02:00:00,-1483.64
2050-05-20 03:00:00,-1300.02
2050-05-20 04:00:00,-1009.54
2050-05-20 05:00:00,-877.93
2050-05-20 06:00:00,-47.25
2050-05-20 07:00:00,141.73
2050-05-20 08:00:00,-499.51
2050-05-20 09:00:00,-47.18
2050-05-20 10:00:00,430.13
2050-05-20 11:00:00,925.18
2050-05-20 12:00:00,1478.48
2050-05-20 13:00:00,1450.13
2050-05-20 14:00:00,964.68
2050-05-20 15:00:00,802.6
2050-05-20 16:00:00,858.28
2050-05-20 17:00:00,761.45
2050-05-20 18:00:00,926.69
2050-05-20 19:00:00,2951.22
2050-05-20 20:00:00,2682.44
2050-05-20 21:00:00,2654.47
2050-05-20 22:00:00,3030.35
2050-05-20 23:00:00,1968.73
2050-05-21 00:00:00,2079.49
2050-05-21 01:00:00,1826.25
2050-05-21 02:00:00,1701.84
2050-05-21 03:00:00,1658.57
2050-05-21 04:00:00,1768.48
2050-05-21 05:00:00,2233.68
2050-05-21 06:00:00,2032.33
2050-05-21 07:00:00,2376.67
2050-05-21 08:00:00,2299.63
2050-05-21 09:00:00,3005.65
2050-05-21 10:00:00,3188.83
2050-05-21 11:00:00,3646.08
2050-05-21 12:00:00,3920.72
2050-05-21 13:00:00,3475.53
2050-05-21 14:00:00,4102.74
2050-05-21 15:00:00,4022.39
2050-05-21 16:00:00,4066.12
2050-05-21 17:00:00,4004.23
2050-05-21 18:00:00,4057.04
2050-05-21 19:00:00,2845.75
2050-05-21 20:00:00,1709.58
2050-05-21 21:00:00,1469.94
2050-05-21 22:00:00,1592.84
2050-05-21 23:00:00,1258.79
2050-05-22 00:00:00,1113.04
2050-05-22 01:00:00,340.68
2050-05-22 02:00:00,55.34
2050-05-22 03:00:00,752.99
2050-05-22 04:00:00,619.32
2050-05-22 05:00:00,-338.06
2050-05-22 06:00:00,87.25
2050-05-22 07:00:00,57.41
2050-05-22 08:00:00,988.22
2050-05-22 09:00:00,2016.43
2050-05-22 10:00:00,2398.44
2050-05-22 11:00:00,2930.66
2050-05-22 12:00:00,2878.35
2050-05-22 13:00:00,2818.64
2050-05-22 14:00:00,2816.67
2050-05-22 15:00:00,2172.63
2050-05-22 16:00:00,2901.56
2050-05-22 17:00:00,1851.81
2050-05-22 18:00:00,1914.24
2050-05-22 19:00:00,2446.54
2050-05-22 20:00:00,2287.62
2050-05-22 21:00:00,2534.07
2050-05-22 22:00:00,1718.95
2050-05-22 23:00:00,1401.51
2050-05-23 00:00:00,1175.62
2050-05-23 01:00:00,1465.92
2050-05-23 02:00:00,934.08
2050-05-23 03:00:00,690.72
2050-05-23 04:00:00,342.7
2050-05-23 05:00:00,975.35
2050-05-23 06:00:00,826.95
2050-05-23 07:00:00,1403.08
2050-05-23 08:00:00,1556.74
2050-05-23 09:00:00,2092.63
2050-05-23 10:00:00,2519.58
2050-05-23 11:00:00,3094.62
2050-05-23 12:00:00,3550.61
2050-05-23 13:00:00,3888.92
2050-05-23 14:00:00,4126.0
2050-05-23 15:00:00,4029.65
2050-05-23 16:00:00,3748.28
2050-05-23 17:00:00,3349.87
2050-05-23 18:00:00,3155.63
2050-05-23 19:00:00,2404.75
2050-05-23 20:00:00,2114.91
2050-05-23 21:00:00,2483.26
2050-05-23 22:00:00,868.37
2050-05-23 23:00:00,151.31
2050-05-24 00:00:00,1.16
2050-05-24 01:00:00,320.42
2050-05-24 02:00:00,135.39
2050-05-24 03:00:00,52.48
2050-05-24 04:00:00,399.33
2050-05-24 05:00:00,534.64
2050-05-24 06:00:00,413.64
2050-05-24 07:00:00,482.88
2050-05-24 08:00:00,889.91
2050-05-24 09:00:00,2148.45
2050-05-24 10:00:00,2009.3
2050-05-24 11:00:00,2304.17
2050-05-24 12:00:00,2504.52
2050-05-24 13:00:00,2284.07
2050-05-24 14:00:00,2851.99
2050-05-24 15:00:00,2956.76
2050-05-24 16:00:00,2839.76
2050-05-24 17:00:00,2390.27
2050-05-24 18:00:00,2366.52
2050-05-24 19:00:00,2720.51
2050-05-24 20:00:00,1928.09
2050-05-24 21:00:00,739.61
2050-05-24 22:00:00,486.71
2050-05-24 23:00:00,456.29
2050-05-25 00:00:00,251.37
2050-05-25 01:00:00,87.77
2050-05-25 02:00:00,-331.56
2050-05-25 03:00:00,-602.99
2050-05-25 04:00:00,-402.88
2050-05-25 05:00:00,-450.66
2050-05-25 06:00:00,378.15
2050-05-25 07:00:00,1429.37
2050-05-25 08:00:00,1316.33
2050-05-25 09:00:00,1592.16
2050-05-25 10:00:00,1493.13
2050-05-25 11:00:00,2180.62
2050-05-25 12:00:00,2738.94
2050-05-25 13:00:00,2259.36
2050-05-25 14:00:00,2050.21
2050-05-25 15:00:00,1562.4
2050-05-25 16:00:00,1651.93
2050-05-25 17:00:00,1945.07
2050-05-25 18:00:00,1889.12
2050-05-25 19:00:00,2122.61
2050-05-25 20:00:00,2224.71
2050-05-25 21:00:00,1603.33
2050-05-25 22:00:00,1061.71
2050-05-25 23:00:00,544.65
2050-05-26 00:00:00,450.43
2050-05-26 01:00:00,-678.34
2050-05-26 02:00:00,-652.81
2050-05-26 03:00:00,-250.98
2050-05-26 04:00:00,-378.01
2050-05-26 05:00:00,-323.09
2050-05-26 06:00:00,7.91
2050-05-26 07:00:00,1207.93
2050-05-26 08:00:00,1767.87
2050-05-26 09:00:00,2591.88
2050-05-26 10:00:00,2635.37
2050-05-26 11:00:00,2724.08
2050-05-26 12:00:00,3271.02
2050-05-26 13:00:00,3021.22
2050-05-26 14:00:00,1740.25
2050-05-26 15:00:00,1797.68
2050-05-26 16:00:00,2014.92
2050-05-26 17:00:00,2637.35
2050-05-26 18:00:00,1444.05
2050-05-26 19:00:00,2059.68
2050-05-26 20:00:00,2411.14
2050-05-26 21:00:00,1845.55
2050-05-26 22:00:00,2072.73
2050-05-26 23:00:00,156.7
2050-05-27 00:00:00,476.79
2050-05-27 01:00:00,859.56
2050-05-27 02:00:00,35.85
2050-05-27 03:00:00,-1406.9
2050-05-27 04:00:00,-275.03
2050-05-27 05:00:00,477.44
2050-05-27 06:00:00,452.36
2050-05-27 07:00:00,1528.11
2050-05-27 08:00:00,1915.52
2050-05-27 09:00:00,2269.69
2050-05-27 10:00:00,2226.45
2050-05-27 11:00:00,2560.32
2050-05-27 12:00:00,2655.97
2050-05-27 13:00:00,2427.24
2050-05-27 14:00:00,2244.85
2050-05-27 15:00:00,1755.35
2050-05-27 16:00:00,1859.51
2050-05-27 17:00:00,1356.98
2050-05-27 18:00:00,1855.22
2050-05-27 19:00:00,720.1
2050-05-27 20:00:00,618.78
2050-05-27 21:00:00,292.99
2050-05-27 22:00:00,3.45
2050-05-27 23:00:00,175.59
2050-05-28 00:00:00,-638.09
2050-05-28 01:00:00,-1595.07
2050-05-28 02:00:00,-1261.75
2050-05-28 03:00:00,-252.48
2050-05-28 04:00:00,155.87
2050-05-28 05:00:00,1022.22
2050-05-28 06:00:00,1273.19
2050-05-28 07:00:00,638.14
2050-05-28 08:00:00,1258.43
2050-05-28 09:00:00,1120.65
2050-05-28 10:00:00,1562.75
2050-05-28 11:00:00,1509.78
2050-05-28 12:00:00,1344.34
2050-05-28 13:00:00,1484.67
2050-05-28 14:00:00,1379.29
2050-05-28 15:00:00,-263.04
2050-05-28 16:00:00,-113.26
2050-05-28 17:00:00,-56.29
2050-05-28 18:00:00,161.01
2050-05-28 19:00:00,35.01
2050-05-28 20:00:00,-84.0
2050-05-28 21:00:00,-409.94
2050-05-28 22:00:00,-842.45
2050-05-28 23:00:00,-1283.59
2050-05-29 00:00:00,-1630.5
2050-05-29 01:00:00,-1092.02
2050-05-29 02:00:00,-2160.89
2050-05-29 03:00:00,-944.73
2050-05-29 04:00:00,-1039.46
2050-05-29 05:00:00,-324.45
2050-05-29 06:00:00,437.49
2050-05-29 07:00:00,-235.63
2050-05-29 08:00:00,256.52
2050-05-29 09:00:00,772.06
2050-05-29 10:00:00,845.91
2050-05-29 11:00:00,774.02
2050-05-29 12:00:00,1585.68
2050-05-29 13:00:00,1803.42
2050-05-29 14:00:00,1900.56
2050-05-29 15:00:00,1392.15
2050-05-29 16:00:00,1287.93
2050-05-29 17:00:00,1359.97
2050-05-29 18:00:00,796.07
2050-05-29 19:00:00,1985.48
2050-05-29 20:00:00,1752.69
2050-05-29 21:00:00,1712.77
2050-05-29 22:00:00,1450.63
2050-05-29 23:00:00,550.9
2050-05-30 00:00:00,614.69
2050-05-30 01:00:00,402.53
2050-05-30 02:00:00,-8.58
2050-05-30 03:00:00,31.7
2050-05-30 04:00:00,-391.72
2050-05-30 05:00:00,-711.62
2050-05-30 06:00:00,-38.38
2050-05-30 07:00:00,425.12
2050-05-30 08:00:00,895.51
2050-05-30 09:00:00,998.44
2050-05-30 10:00:00,1201.04
2050-05-30 11:00:00,1582.44
2050-05-30 12:00:00,1214.7
2050-05-30 13:00:00,933.57
2050-05-30 14:00:00,498.25
2050-05-30 15:00:00,431.97
2050-05-30 16:00:00,1001.94
2050-05-30 17:00:00,2468.62
2050-05-30 18:00:00,2176.23
2050-05-30 19:00:00,1963.67
2050-05-30 20:00:00,1849.91
2050-05-30 21:00:00,971.07
2050-05-30 22:00:00,1717.5
2050-05-30 23:00:00,1041.94
2050-05-31 00:00:00,808.32
2050-05-31 01:00:00,853.87
2050-05-31 02:00:00,351.46
2050-05-31 03:00:00,-164.05
2050-05-31 04:00:00,-5.18
2050-05-31 05:00:00,-501.69
2050-05-31 06:00:00,25.15
2050-05-31 07:00:00,403.93
2050-05-31 08:00:00,1549.99
2050-05-31 09:00:00,2050.72
2050-05-31 10:00:00,2265.6
2050-05-31 11:00:00,2575.48
2050-05-31 12:00:00,3153.4
2050-05-31 13:00:00,3609.82
2050-05-31 14:00:00,3921.63
2050-05-31 15:00:00,3402.6
2050-05-31 16:00:00,3667.9
2050-05-31 17:00:00,3149.13
2050-05-31 18:00:00,2747.41
2050-05-31 19:00:00,2146.03
2050-05-31 20:00:00,1961.14
2050-05-31 21:00:00,1516.77
2050-05-31 22:00:00,816.66
2050-05-31 23:00:00,1477.89
2050-06-01 00:00:00,920.16
2050-06-01 01:00:00,964.47
2050-06-01 02:00:00,1868.49
2050-06-01 03:00:00,1748.64
2050-06-01 04:00:00,1718.38
2050-06-01 05:00:00,2374.14
2050-06-01 06:00:00,2741.74
2050-06-01 07:00:00,2583.64
2050-06-01 08:00:00,3283.52
2050-06-01 09:00:00,3900.67
2050-06-01 10:00:00,4474.48
2050-06-01 11:00:00,4678.43
2050-06-01 12:00:00,4939.26
2050-06-01 13:00:00,4604.95
2050-06-01 14:00:00,4532.57
2050-06-01 15:00:00,4373.41
2050-06-01 16:00:00,3777.14
2050-06-01 17:00:00,3040.99
2050-06-01 18:00:00,3283.74
2050-06-01 19:00:00,3244.25
2050-06-01 20:00:00,3237.91
2050-06-01 21:00:00,3670.05
2050-06-01 22:00:00,3573.28
2050-06-01 23:00:00,3421.88
2050-06-02 00:00:00,2385.31
2050-06-02 01:00:00,2060.18
2050-06-02 02:00:00,1704.34
2050-06-02 03:00:00,1568.06
2050-06-02 04:00:00,1970.92
2050-06-02 05:00:00,1885.53
2050-06-02 06:00:00,2002.07
2050-06-02 07:00:00,2331.16
2050-06-02 08:00:00,3174.71
2050-06-02 09:00:00,3861.64
2050-06-02 10:00:00,4360.01
2050-06-02 11:00:00,4547.48
2050-06-02 12:00:00,4451.71
2050-06-02 13:00:00,4264.47
2050-06-02 14:00:00,4302.61
2050-06-02 15:00:00,4053.8
2050-06-02 16:00:00,3392.69
2050-06-02 17:00:00,3522.78
2050-06-02 18:00:00,4295.15
2050-06-02 19:00:00,4345.09
2050-06-02 20:00:00,4421.34
2050-06-02 21:00:00,3204.05
2050-06-02 22:00:00,3963.8
2050-06-02 23:00:00,3022.62
2050-06-03 00:00:00,2897.18
2050-06-03 01:00:00,2171.23
2050-06-03 02:00:00,1173.64
2050-06-03 03:00:00,1661.76
2050-06-03 04:00:00,1586.87
2050-06-03 05:00:00,1307.94
2050-06-03 06:00:00,815.92
2050-06-03 07:00:00,1051.04
2050-06-03 08:00:00,828.74
2050-06-03 09:00:00,1257.75
2050-06-03 10:00:00,1860.76
2050-06-03 11:00:00,2307.98
2050-06-03 12:00:00,2219.21
2050-06-03 13:00:00,2797.76
2050-06-03 14:00:00,2607.94
2050-06-03 15:00:00,1984.95
2050-06-03 16:00:00,1758.17
2050-06-03 17:00:00,2012.88
2050-06-03 18:00:00,2288.85
2050-06-03 19:00:00,2427.06
2050-06-03 20:00:00,1927.17
2050-06-03 21:00:00,1413.12
2050-06-03 22:00:00,1165.34
2050-06-03 23:00:00,1716.92
2050-06-04 00:00:00,1183.33
2050-06-04 01:00:00,927.69
2050-06-04 02:00:00,878.53
2050-06-04 03:00:00,969.31
2050-06-04 04:00:00,1097.89
2050-06-04 05:00:00,1213.64
2050-06-04 06:00:00,1663.36
2050-06-04 07:00:00,1820.22
2050-06-04 08:00:00,2528.18
2050-06-04 09:00:00,3150.56
2050-06-04 10:00:00,3128.41
2050-06-04 11:00:00,3880.8
2050-06-04 12:00:00,4316.29
2050-06-04 13:00:00,4638.84
2050-06-04 14:00:00,4590.86
2050-06-04 15:00:00,4251.64
2050-06-04 16:00:00,3974.12
2050-06-04 17:00:00,3251.82
2050-06-04 18:00:00,4141.75
2050-06-04 19:00:00,3597.31
2050-06-04 20:00:00,3095.27
2050-06-04 21:00:00,2724.2
2050-06-04 22:00:00,3046.97
2050-06-04 23:00:00,2125.09
2050-06-05 00:00:00,1907.42
2050-06-05 01:00:00,1873.7
2050-06-05 02:00:00,1194.61
2050-06-05 03:00:00,1456.99
2050-06-05 04:00:00,786.58
2050-06-05 05:00:00,1302.3
2050-06-05 06:00:00,769.68
2050-06-05 07:00:00,1266.81
2050-06-05 08:00:00,1961.95
2050-06-05 09:00:00,2309.35
2050-06-05 10:00:00,2583.5
2050-06-05 11:00:00,3013.42
2050-06-05 12:00:00,3297.69
2050-06-05 13:00:00,3866.5
2050-06-05 14:00:00,3953.85
2050-06-05 15:00:00,3474.33
2050-06-05 16:00:00,3307.28
2050-06-05 17:00:00,2255.78
2050-06-05 18:00:00,2120.9
2050-06-05 19:00:00,2562.45
2050-06-05 20:00:00,2632.32
2050-06-05 21:00:00,2076.04
2050-06-05 22:00:00,1779.85
2050-06-05 23:00:00,2047.65
2050-06-06 00:00:00,1759.15
2050-06-06 01:00:00,1012.19
2050-06-06 02:00:00,552.14
2050-06-06 03:00:00,1132.0
2050-06-06 04:00:00,1582.58
2050-06-06 05:00:00,1007.34
2050-06-06 06:00:00,1035.36
2050-06-06 07:00:00,1293.39
2050-06-06 08:00:00,1611.2
2050-06-06 09:00:00,3304.79
2050-06-06 10:00:00,3630.07
2050-06-06 11:00:00,4142.2
2050-06-06 12:00:00,4494.51
2050-06-06 13:00:00,4344.27
2050-06-06 14:00:00,3417.91
2050-06-06 15:00:00,2819.83
2050-06-06 16:00:00,1980.6
2050-06-06 17:00:00,3412.34
2050-06-06 18:00:00,2457.34
2050-06-06 19:00:00,2559.56
2050-06-06 20:00:00,2164.98
2050-06-06 21:00:00,1862.91
2050-06-06 22:00:00,1370.43
2050-06-06 23:00:00,802.08
2050-06-07 00:00:00,858.79
2050-06-07 01:00:00,818.62
2050-06-07 02:00:00,952.11
2050-06-07 03:00:00,694.36
2050-06-07 04:00:00,728.38
2050-06-07 05:00:00,774.79
2050-06-07 06:00:00,1040.81
2050-06-07 07:00:00,1458.09
2050-06-07 08:00:00,1698.92
2050-06-07 09:00:00,2163.0
2050-06-07 10:00:00,1914.08
2050-06-07 11:00:00,2148.15
2050-06-07 12:00:00,2738.48
2050-06-07 13:00:00,3018.1
2050-06-07 14:00:00,2677.08
2050-06-07 15:00:00,2716.15
2050-06-07 16:00:00,3017.41
2050-06-07 17:00:00,3806.98
2050-06-07 18:00:00,3864.21
2050-06-07 19:00:00,3946.22
2050-06-07 20:00:00,3449.24
2050-06-07 21:00:00,3247.84
2050-06-07 22:00:00,2556.68
2050-06-07 23:00:00,1917.88
2050-06-08 00:00:00,1550.74
2050-06-08 01:00:00,1200.77
2050-06-08 02:00:00,1493.87
2050-06-08 03:00:00,1507.24
2050-06-08 04:00:00,1128.11
2050-06-08 05:00:00,1027.53
2050-06-08 06:00:00,1605.79
2050-06-08 07:00:00,1552.46
2050-06-08 08:00:00,2076.24
2050-06-08 09:00:00,2436.62
2050-06-08 10:00:00,2563.45
2050-06-08 11:00:00,2842.43
2050-06-08 12:00:00,3349.65
2050-06-08 13:00:00,2488.24
2050-06-08 14:00:00,1756.77
2050-06-08 15:00:00,1097.12
2050-06-08 16:00:00,257.16
2050-06-08 17:00:00,788.19
2050-06-08 18:00:00,1784.53
2050-06-08 19:00:00,1295.43
2050-06-08 20:00:00,786.34
2050-06-08 21:00:00,310.61
2050-06-08 22:00:00,1307.31
2050-06-08 23:00:00,534.92
2050-06-09 00:00:00,406.15
2050-06-09 01:00:00,302.29
2050-06-09 02:00:00,35.14
2050-06-09 03:00:00,235.58
2050-06-09 04:00:00,269.07
2050-06-09 05:00:00,-398.62
2050-06-09 06:00:00,-987.22
2050-06-09 07:00:00,-160.27
2050-06-09 08:00:00,124.45
2050-06-09 09:00:00,789.12
2050-06-09 10:00:00,1091.5
2050-06-09 11:00:00,1376.61
2050-06-09 12:00:00,1853.78
2050-06-09 13:00:00,1601.76
2050-06-09 14:00:00,1225.56
2050-06-09 15:00:00,377.45
2050-06-09 16:00:00,11.99
2050-06-09 17:00:00,960.02
2050-06-09 18:00:00,1021.82
2050-06-09 19:00:00,704.12
2050-06-09 20:00:00,1139.04
2050-06-09 21:00:00,1221.83
2050-06-09 22:00:00,952.3
2050-06-09 23:00:00,427.36
2050-06-10 00:00:00,8.38
2050-06-10 01:00:00,102.73
2050-06-10 02:00:00,-164.27
2050-06-10 03:00:00,-115.77
2050-06-10 04:00:00,196.36
2050-06-10 05:00:00,920.12
2050-06-10 06:00:00,1408.32
2050-06-10 07:00:00,1194.06
2050-06-10 08:00:00,1453.46
2050-06-10 09:00:00,1460.97
2050-06-10 10:00:00,2016.77
2050-06-10 11:00:00,2416.3
2050-06-10 12:00:00,3067.35
2050-06-10 13:00:00,3025.73
2050-06-10 14:00:00,2478.75
2050-06-10 15:00:00,1254.76
2050-06-10 16:00:00,825.56
2050-06-10 17:00:00,951.05
2050-06-10 18:00:00,1315.26
2050-06-10 19:00:00,938.24
2050-06-10 20:00:00,855.59
2050-06-10 21:00:00,849.5
2050-06-10 22:00:00,1078.58
2050-06-10 23:00:00,641.78
2050-06-11 00:00:00,143.27
2050-06-11 01:00:00,-644.2
2050-06-11 02:00:00,-1189.02
2050-06-11 03:00:00,-793.02
2050-06-11 04:00:00,-769.45
2050-06-11 05:00:00,-1254.65
2050-06-11 06:00:00,-856.9
2050-06-11 07:00:00,-101.16
2050-06-11 08:00:00,173.7
2050-06-11 09:00:00,457.72
2050-06-11 10:00:00,592.77
2050-06-11 11:00:00,307.52
2050-06-11 12:00:00,-85.84
2050-06-11 13:00:00,-467.59
2050-06-11 14:00:00,-483.4
2050-06-11 15:00:00,-828.48
2050-06-11 16:00:00,-701.32
2050-06-11 17:00:00,-450.32
2050-06-11 18:00:00,-40.02
2050-06-11 19:00:00,-34.95
2050-06-11 20:00:00,-85.78
2050-06-11 21:00:00,-86.0
2050-06-11 22:00:00,-544.93
2050-06-11 23:00:00,-804.98
2050-06-12 00:00:00,-328.25
2050-06-12 01:00:00,172.36
2050-06-12 02:00:00,129.25
2050-06-12 03:00:00,230.1
2050-06-12 04:00:00,220.8
2050-06-12 05:00:00,285.02
2050-06-12 06:00:00,679.61
2050-06-12 07:00:00,472.06
2050-06-12 08:00:00,1304.31
2050-06-12 09:00:00,2599.44
2050-06-12 10:00:00,2994.18
2050-06-12 11:00:00,2923.77
2050-06-12 12:00:00,2703.13
2050-06-12 13:00:00,2755.47
2050-06-12 14:00:00,2212.17
2050-06-12 15:00:00,745.8
2050-06-12 16:00:00,791.01
2050-06-12 17:00:00,999.2
2050-06-12 18:00:00,2087.38
2050-06-12 19:00:00,910.12
2050-06-12 20:00:00,412.21
2050-06-12 21:00:00,1501.82
2050-06-12 22:00:00,1141.42
2050-06-12 23:00:00,991.42
2050-06-13 00:00:00,285.02
2050-06-13 01:00:00,-997.52
2050-06-13 02:00:00,-973.1
2050-06-13 03:00:00,-777.44
2050-06-13 04:00:00,-712.28
2050-06-13 05:00:00,-399.99
2050-06-13 06:00:00,1.23
2050-06-13 07:00:00,460.51
2050-06-13 08:00:00,1452.17
2050-06-13 09:00:00,1994.66
2050-06-13 10:00:00,2454.05
2050-06-13 11:00:00,2339.44
2050-06-13 12:00:00,2887.61
2050-06-13 13:00:00,2821.32
2050-06-13 14:00:00,2697.22
2050-06-13 15:00:00,3113.11
2050-06-13 16:00:00,3954.31
2050-06-13 17:00:00,3686.01
2050-06-13 18:00:00,4305.95
2050-06-13 19:00:00,3793.84
2050-06-13 20:00:00,4247.03
2050-06-13 21:00:00,3801.76
2050-06-13 22:00:00,2713.71
2050-06-13 23:00:00,1774.24
2050-06-14 00:00:00,1554.1
2050-06-14 01:00:00,1612.59
2050-06-14 02:00:00,228.05
2050-06-14 03:00:00,-217.35
2050-06-14 04:00:00,-792.54
2050-06-14 05:00:00,-1932.83
2050-06-14 06:00:00,-703.4
2050-06-14 07:00:00,15.75
2050-06-14 08:00:00,804.07
2050-06-14 09:00:00,2161.81
2050-06-14 10:00:00,2033.86
2050-06-14 11:00:00,2962.71
2050-06-14 12:00:00,3152.5
2050-06-14 13:00:00,3112.7
2050-06-14 14:00:00,3800.83
2050-06-14 15:00:00,3870.29
2050-06-14 16:00:00,3828.16
2050-06-14 17:00:00,2914.73
2050-06-14 18:00:00,3234.89
2050-06-14 19:00:00,3048.79
2050-06-14 20:00:00,2801.8
2050-06-14 21:00:00,3865.88
2050-06-14 22:00:00,1725.6
2050-06-14 23:00:00,1443.93
2050-06-15 00:00:00,1893.07
2050-06-15 01:00:00,1638.94
2050-06-15 02:00:00,234.9
2050-06-15 03:00:00,836.95
2050-06-15 04:00:00,892.48
2050-06-15 05:00:00,998.85
2050-06-15 06:00:00,891.32
2050-06-15 07:00:00,1171.8
2050-06-15 08:00:00,1936.71
2050-06-15 09:00:00,2636.91
2050-06-15 10:00:00,3099.81
2050-06-15 11:00:00,3734.43
2050-06-15 12:00:00,4083.69
2050-06-15 13:00:00,3774.55
2050-06-15 14:00:00,3550.26
2050-06-15 15:00:00,3493.73
2050-06-15 16:00:00,3425.62
2050-06-15 17:00:00,3493.77
2050-06-15 18:00:00,3528.08
2050-06-15 19:00:00,3149.57
2050-06-15 20:00:00,2505.62
2050-06-15 21:00:00,2101.8
2050-06-15 22:00:00,1588.7
2050-06-15 23:00:00,1855.13
2050-06-16 00:00:00,1697.93
2050-06-16 01:00:00,1816.08
2050-06-16 02:00:00,1251.68
2050-06-16 03:00:00,1208.04
2050-06-16 04:00:00,1497.11
2050-06-16 05:00:00,1347.06
2050-06-16 06:00:00,1740.51
2050-06-16 07:00:00,1642.65
2050-06-16 08:00:00,1925.08
2050-06-16 09:00:00,2616.49
2050-06-16 10:00:00,2776.61
2050-06-16 11:00:00,3138.98
2050-06-16 12:00:00,3299.82
2050-06-16 13:00:00,3110.51
2050-06-16 14:00:00,3368.85
2050-06-16 15:00:00,3752.88
2050-06-16 16:00:00,3246.65
2050-06-16 17:00:00,3028.94
2050-06-16 18:00:00,4079.04
2050-06-16 19:00:00,3715.79
2050-06-16 20:00:00,3539.87
2050-06-16 21:00:00,3128.91
2050-06-16 22:00:00,2387.33
2050-06-16 23:00:00,1971.73
2050-06-17 00:00:00,2230.95
2050-06-17 01:00:00,2597.75
2050-06-17 02:00:00,2539.62
2050-06-17 03:00:00,2402.32
2050-06-17 04:00:00,2150.85
2050-06-17 05:00:00,1439.05
2050-06-17 06:00:00,1630.79
2050-06-17 07:00:00,2468.48
2050-06-17 08:00:00,2612.94
2050-06-17 09:00:00,3155.54
2050-06-17 10:00:00,3413.49
2050-06-17 11:00:00,3370.45
2050-06-17 12:00:00,3486.34
2050-06-17 13:00:00,3650.21
2050-06-17 14:00:00,4289.05
2050-06-17 15:00:00,4535.69
2050-06-17 16:00:00,4312.88
2050-06-17 17:00:00,3126.35
2050-06-17 18:00:00,3587.72
2050-06-17 19:00:00,3834.93
2050-06-17 20:00:00,3539.6
2050-06-17 21:00:00,3515.09
2050-06-17 22:00:00,2431.33
2050-06-17 23:00:00,2637.56
2050-06-18 00:00:00,2199.33
2050-06-18 01:00:00,2196.49
2050-06-18 02:00:00,1920.37
2050-06-18 03:00:00,1287.07
2050-06-18 04:00:00,1230.13
2050-06-18 05:00:00,1458.37
2050-06-18 06:00:00,1204.16
2050-06-18 07:00:00,1508.32
2050-06-18 08:00:00,2115.71
2050-06-18 09:00:00,2644.06
2050-06-18 10:00:00,2207.13
2050-06-18 11:00:00,2283.21
2050-06-18 12:00:00,2210.65
2050-06-18 13:00:00,1902.6
2050-06-18 14:00:00,2700.07
2050-06-18 15:00:00,2171.17
2050-06-18 16:00:00,1731.0
2050-06-18 17:00:00,1503.2
2050-06-18 18:00:00,1809.66
2050-06-18 19:00:00,1637.83
2050-06-18 20:00:00,2010.9
2050-06-18 21:00:00,2195.2
2050-06-18 22:00:00,2165.67
2050-06-18 23:00:00,1789.97
2050-06-19 00:00:00,1251.69
2050-06-19 01:00:00,435.28
2050-06-19 02:00:00,63.24
2050-06-19 03:00:00,602.48
2050-06-19 04:00:00,75.26
2050-06-19 05:00:00,607.68
2050-06-19 06:00:00,-84.44
2050-06-19 07:00:00,249.37
2050-06-19 08:00:00,1404.93
2050-06-19 09:00:00,1884.55
2050-06-19 10:00:00,2509.44
2050-06-19 11:00:00,3186.9
2050-06-19 12:00:00,3498.37
2050-06-19 13:00:00,3413.8
2050-06-19 14:00:00,2803.58
2050-06-19 15:00:00,2593.32
2050-06-19 16:00:00,2609.4
2050-06-19 17:00:00,2355.51
2050-06-19 18:00:00,2903.08
2050-06-19 19:00:00,4282.7
2050-06-19 20:00:00,2527.9
2050-06-19 21:00:00,3755.73
2050-06-19 22:00:00,3130.46
2050-06-19 23:00:00,3673.02
2050-06-20 00:00:00,2955.64
2050-06-20 01:00:00,1479.88
2050-06-20 02:00:00,597.32
2050-06-20 03:00:00,803.03
2050-06-20 04:00:00,997.03
2050-06-20 05:00:00,996.08
2050-06-20 06:00:00,1367.25
2050-06-20 07:00:00,1744.21
2050-06-20 08:00:00,2436.15
2050-06-20 09:00:00,3023.36
2050-06-20 10:00:00,3068.62
2050-06-20 11:00:00,3570.91
2050-06-20 12:00:00,3818.53
2050-06-20 13:00:00,3944.8
2050-06-20 14:00:00,3978.12
2050-06-20 15:00:00,3560.34
2050-06-20 16:00:00,3577.46
2050-06-20 17:00:00,3626.93
2050-06-20 18:00:00,2877.24
2050-06-20 19:00:00,2705.87
2050-06-20 20:00:00,2875.03
2050-06-20 21:00:00,1413.04
2050-06-20 22:00:00,1322.22
2050-06-20 23:00:00,514.69
2050-06-21 00:00:00,-229.77
2050-06-21 01:00:00,-921.0
2050-06-21 02:00:00,-1478.5
2050-06-21 03:00:00,-1085.57
2050-06-21 04:00:00,-378.72
2050-06-21 05:00:00,-706.9
2050-06-21 06:00:00,66.71
2050-06-21 07:00:00,1053.91
2050-06-21 08:00:00,2172.17
2050-06-21 09:00:00,2488.14
2050-06-21 10:00:00,2906.18
2050-06-21 11:00:00,3402.75
2050-06-21 12:00:00,3909.27
2050-06-21 13:00:00,4723.72
2050-06-21 14:00:00,4234.19
2050-06-21 15:00:00,3923.69
2050-06-21 16:00:00,3656.06
2050-06-21 17:00:00,3800.1
2050-06-21 18:00:00,4851.98
2050-06-21 19:00:00,4077.11
2050-06-21 20:00:00,3613.81
2050-06-21 21:00:00,2475.13
2050-06-21 22:00:00,1758.61
2050-06-21 23:00:00,1807.71
2050-06-22 00:00:00,1399.71
2050-06-22 01:00:00,710.99
2050-06-22 02:00:00,899.62
2050-06-22 03:00:00,358.45
2050-06-22 04:00:00,942.82
2050-06-22 05:00:00,203.43
2050-06-22 06:00:00,584.91
2050-06-22 07:00:00,799.01
2050-06-22 08:00:00,1860.44
2050-06-22 09:00:00,2138.68
2050-06-22 10:00:00,2213.41
2050-06-22 11:00:00,2988.6
2050-06-22 12:00:00,2863.2
2050-06-22 13:00:00,3208.09
2050-06-22 14:00:00,2948.49
2050-06-22 15:00:00,2884.08
2050-06-22 16:00:00,2348.43
2050-06-22 17:00:00,2898.41
2050-06-22 18:00:00,2760.61
2050-06-22 19:00:00,2584.84
2050-06-22 20:00:00,2212.47
2050-06-22 21:00:00,1899.8
2050-06-22 22:00:00,1352.06
2050-06-22 23:00:00,1202.64
2050-06-23 00:00:00,792.85
2050-06-23 01:00:00,321.51
2050-06-23 02:00:00,-585.76
2050-06-23 03:00:00,-902.83
2050-06-23 04:00:00,34.48
2050-06-23 05:00:00,-75.38
2050-06-23 06:00:00,-250.27
2050-06-23 07:00:00,562.39
2050-06-23 08:00:00,1317.08
2050-06-23 09:00:00,1552.61
2050-06-23 10:00:00,2350.23
2050-06-23 11:00:00,3111.12
2050-06-23 12:00:00,3502.09
2050-06-23 13:00:00,3698.48
2050-06-23 14:00:00,3469.45
2050-06-23 15:00:00,3177.41
2050-06-23 16:00:00,3119.03
2050-06-23 17:00:00,2946.91
2050-06-23 18:00:00,2645.48
2050-06-23 19:00:00,2587.44
2050-06-23 20:00:00,3341.86
2050-06-23 21:00:00,3745.42
2050-06-23 22:00:00,3203.79
2050-06-23 23:00:00,2699.82
2050-06-24 00:00:00,1668.76
2050-06-24 01:00:00,1362.56
2050-06-24 02:00:00,1239.36
2050-06-24 03:00:00,1260.53
2050-06-24 04:00:00,1440.67
2050-06-24 05:00:00,1119.38
2050-06-24 06:00:00,1642.0
2050-06-24 07:00:00,2311.2
2050-06-24 08:00:00,3540.44
2050-06-24 09:00:00,4006.45
2050-06-24 10:00:00,4608.26
2050-06-24 11:00:00,4929.99
2050-06-24 12:00:00,5010.68
2050-06-24 13:00:00,4706.11
2050-06-24 14:00:00,4778.51
2050-06-24 15:00:00,4999.41
2050-06-24 16:00:00,4362.06
2050-06-24 17:00:00,4099.76
2050-06-24 18:00:00,3247.28
2050-06-24 19:00:00,3443.77
2050-06-24 20:00:00,2668.02
2050-06-24 21:00:00,2543.03
2050-06-24 22:00:00,2311.23
2050-06-24 23:00:00,2762.92
2050-06-25 00:00:00,2050.56
2050-06-25 01:00:00,1553.36
2050-06-25 02:00:00,1645.47
2050-06-25 03:00:00,1268.96
2050-06-25 04:00:00,1185.43
2050-06-25 05:00:00,1562.76
2050-06-25 06:00:00,1615.84
2050-06-25 07:00:00,2342.07
2050-06-25 08:00:00,3110.92
2050-06-25 09:00:00,3568.7
2050-06-25 10:00:00,4139.88
2050-06-25 11:00:00,4489.1
2050-06-25 12:00:00,4937.16
2050-06-25 13:00:00,4926.56
2050-06-25 14:00:00,4913.92
2050-06-25 15:00:00,4680.51
2050-06-25 16:00:00,4723.67
2050-06-25 17:00:00,4849.52
2050-06-25 18:00:00,5176.0
2050-06-25 19:00:00,4823.74
2050-06-25 20:00:00,4617.23
2050-06-25 21:00:00,4138.1
2050-06-25 22:00:00,4018.28
2050-06-25 23:00:00,3064.22
2050-06-26 00:00:00,3288.48
2050-06-26 01:00:00,3127.91
2050-06-26 02:00:00,2816.96
2050-06-26 03:00:00,2443.76
2050-06-26 04:00:00,2324.84
2050-06-26 05:00:00,2317.66
2050-06-26 06:00:00,2600.0
2050-06-26 07:00:00,2815.04
2050-06-26 08:00:00,3336.86
2050-06-26 09:00:00,4010.81
2050-06-26 10:00:00,4343.5
2050-06-26 11:00:00,4512.42
2050-06-26 12:00:00,4476.25
2050-06-26 13:00:00,4523.93
2050-06-26 14:00:00,4425.71
2050-06-26 15:00:00,3854.8
2050-06-26 16:00:00,2990.43
2050-06-26 17:00:00,2524.02
2050-06-26 18:00:00,2829.57
2050-06-26 19:00:00,2734.06
2050-06-26 20:00:00,2780.69
2050-06-26 21:00:00,2309.19
2050-06-26 22:00:00,2146.57
2050-06-26 23:00:00,1479.88
2050-06-27 00:00:00,897.33
2050-06-27 01:00:00,467.13
2050-06-27 02:00:00,315.99
2050-06-27 03:00:00,474.37
2050-06-27 04:00:00,1409.25
2050-06-27 05:00:00,-126.09
2050-06-27 06:00:00,-468.26
2050-06-27 07:00:00,263.46
2050-06-27 08:00:00,755.4
2050-06-27 09:00:00,2022.86
2050-06-27 10:00:00,2305.6
2050-06-27 11:00:00,2255.65
2050-06-27 12:00:00,2545.28
2050-06-27 13:00:00,2730.83
2050-06-27 14:00:00,2395.75
2050-06-27 15:00:00,3031.19
2050-06-27 16:00:00,2268.34
2050-06-27 17:00:00,2677.45
2050-06-27 18:00:00,3015.18
2050-06-27 19:00:00,2372.84
2050-06-27 20:00:00,2185.59
2050-06-27 21:00:00,1912.35
2050-06-27 22:00:00,2100.21
2050-06-27 23:00:00,1912.08
2050-06-28 00:00:00,682.63
2050-06-28 01:00:00,468.06
2050-06-28 02:00:00,102.29
2050-06-28 03:00:00,-188.47
2050-06-28 04:00:00,1012.4
2050-06-28 05:00:00,1428.59
2050-06-28 06:00:00,1954.32
2050-06-28 07:00:00,2934.99
2050-06-28 08:00:00,2713.94
2050-06-28 09:00:00,3912.27
2050-06-28 10:00:00,4073.32
2050-06-28 11:00:00,4544.31
2050-06-28 12:00:00,5108.21
2050-06-28 13:00:00,4954.79
2050-06-28 14:00:00,5190.05
2050-06-28 15:00:00,5194.6
2050-06-28 16:00:00,4642.38
2050-06-28 17:00:00,4574.15
2050-06-28 18:00:00,3798.22
2050-06-28 19:00:00,3530.82
2050-06-28 20:00:00,3232.47
2050-06-28 21:00:00,3828.8
2050-06-28 22:00:00,3527.42
2050-06-28 23:00:00,2550.91
2050-06-29 00:00:00,1057.83
2050-06-29 01:00:00,951.33
2050-06-29 02:00:00,306.69
2050-06-29 03:00:00,342.81
2050-06-29 04:00:00,653.87
2050-06-29 05:00:00,1376.05
2050-06-29 06:00:00,1416.32
2050-06-29 07:00:00,2153.11
2050-06-29 08:00:00,2763.99
2050-06-29 09:00:00,3412.23
2050-06-29 10:00:00,3983.78
2050-06-29 11:00:00,4480.01
2050-06-29 12:00:00,4959.51
2050-06-29 13:00:00,5051.45
2050-06-29 14:00:00,4446.31
2050-06-29 15:00:00,4050.8
2050-06-29 16:00:00,3559.36
2050-06-29 17:00:00,3051.78
2050-06-29 18:00:00,2572.6
2050-06-29 19:00:00,3205.51
2050-06-29 20:00:00,3091.61
2050-06-29 21:00:00,2336.49
2050-06-29 22:00:00,1174.55
2050-06-29 23:00:00,910.41
2050-06-30 00:00:00,745.27
2050-06-30 01:00:00,740.51
2050-06-30 02:00:00,503.45
2050-06-30 03:00:00,550.68
2050-06-30 04:00:00,1053.25
2050-06-30 05:00:00,1374.14
2050-06-30 06:00:00,1065.99
2050-06-30 07:00:00,1531.08
2050-06-30 08:00:00,1736.71
2050-06-30 09:00:00,2574.02
2050-06-30 10:00:00,3204.09
2050-06-30 11:00:00,3684.86
2050-06-30 12:00:00,3680.85
2050-06-30 13:00:00,3086.16
2050-06-30 14:00:00,3116.06
2050-06-30 15:00:00,2426.5
2050-06-30 16:00:00,2224.13
2050-06-30 17:00:00,1536.58
2050-06-30 18:00:00,1502.13
2050-06-30 19:00:00,1236.86
2050-06-30 20:00:00,1675.75
2050-06-30 21:00:00,1417.79
2050-06-30 22:00:00,1332.42
2050-06-30 23:00:00,1255.68
2050-07-01 00:00:00,1154.14
2050-07-01 01:00:00,719.18
2050-07-01 02:00:00,1037.19
2050-07-01 03:00:00,516.38
2050-07-01 04:00:00,-163.65
2050-07-01 05:00:00,1104.38
2050-07-01 06:00:00,1292.31
2050-07-01 07:00:00,1440.76
2050-07-01 08:00:00,2077.43
2050-07-01 09:00:00,2629.25
2050-07-01 10:00:00,2872.55
2050-07-01 11:00:00,3197.94
2050-07-01 12:00:00,3269.13
2050-07-01 13:00:00,2607.55
2050-07-01 14:00:00,2765.25
2050-07-01 15:00:00,2414.76
2050-07-01 16:00:00,2178.18
2050-07-01 17:00:00,2205.82
2050-07-01 18:00:00,1784.02
2050-07-01 19:00:00,1963.16
2050-07-01 20:00:00,2445.77
2050-07-01 21:00:00,3697.21
2050-07-01 22:00:00,2281.08
2050-07-01 23:00:00,2178.03
2050-07-02 00:00:00,2212.97
2050-07-02 01:00:00,2325.72
2050-07-02 02:00:00,1811.79
2050-07-02 03:00:00,1195.0
2050-07-02 04:00:00,1241.31
2050-07-02 05:00:00,1522.25
2050-07-02 06:00:00,1788.37
2050-07-02 07:00:00,1882.08
2050-07-02 08:00:00,2404.3
2050-07-02 09:00:00,3200.45
2050-07-02 10:00:00,3336.42
2050-07-02 11:00:00,3784.77
2050-07-02 12:00:00,3778.41
2050-07-02 13:00:00,3563.75
2050-07-02 14:00:00,3448.8
2050-07-02 15:00:00,4161.07
2050-07-02 16:00:00,2880.91
2050-07-02 17:00:00,3510.8
2050-07-02 18:00:00,2853.24
2050-07-02 19:00:00,4732.79
2050-07-02 20:00:00,3462.04
2050-07-02 21:00:00,3651.68
2050-07-02 22:00:00,2915.9
2050-07-02 23:00:00,2369.76
2050-07-03 00:00:00,1964.46
2050-07-03 01:00:00,1710.86
2050-07-03 02:00:00,1511.23
2050-07-03 03:00:00,1198.63
2050-07-03 04:00:00,1026.82
2050-07-03 05:00:00,1245.78
2050-07-03 06:00:00,1526.75
2050-07-03 07:00:00,2007.79
2050-07-03 08:00:00,2526.25
2050-07-03 09:00:00,3342.22
2050-07-03 10:00:00,3937.28
2050-07-03 11:00:00,4450.35
2050-07-03 12:00:00,4852.27
2050-07-03 13:00:00,5092.57
2050-07-03 14:00:00,5272.3
2050-07-03 15:00:00,5191.11
2050-07-03 16:00:00,5121.38
2050-07-03 17:00:00,5351.9
2050-07-03 18:00:00,4886.75
2050-07-03 19:00:00,4483.44
2050-07-03 20:00:00,4843.21
2050-07-03 21:00:00,4846.96
2050-07-03 22:00:00,4579.56
2050-07-03 23:00:00,3902.61
2050-07-04 00:00:00,3875.39
2050-07-04 01:00:00,3318.62
2050-07-04 02:00:00,3136.37
2050-07-04 03:00:00,2842.9
2050-07-04 04:00:00,2678.97
2050-07-04 05:00:00,2697.11
2050-07-04 06:00:00,2364.76
2050-07-04 07:00:00,2721.5
2050-07-04 08:00:00,3411.5
2050-07-04 09:00:00,4052.52
2050-07-04 10:00:00,4460.48
2050-07-04 11:00:00,4958.24
2050-07-04 12:00:00,5393.0
2050-07-04 13:00:00,5650.72
2050-07-04 14:00:00,5803.98
2050-07-04 15:00:00,5855.39
2050-07-04 16:00:00,6048.06
2050-07-04 17:00:00,6214.17
2050-07-04 18:00:00,6180.82
2050-07-04 19:00:00,6278.35
2050-07-04 20:00:00,5820.55
2050-07-04 21:00:00,5708.83
2050-07-04 22:00:00,5443.73
2050-07-04 23:00:00,5062.0
2050-07-05 00:00:00,4471.85
2050-07-05 01:00:00,3987.02
2050-07-05 02:00:00,3389.85
2050-07-05 03:00:00,3168.38
2050-07-05 04:00:00,3034.77
2050-07-05 05:00:00,3041.33
2050-07-05 06:00:00,2912.16
2050-07-05 07:00:00,3395.54
2050-07-05 08:00:00,3906.13
2050-07-05 09:00:00,4352.7
2050-07-05 10:00:00,4653.41
2050-07-05 11:00:00,4969.52
2050-07-05 12:00:00,5030.43
2050-07-05 13:00:00,4953.69
2050-07-05 14:00:00,4781.76
2050-07-05 15:00:00,4418.27
2050-07-05 16:00:00,4008.91
2050-07-05 17:00:00,4690.86
2050-07-05 18:00:00,4300.75
2050-07-05 19:00:00,3019.8
2050-07-05 20:00:00,3183.5
2050-07-05 21:00:00,3074.81
2050-07-05 22:00:00,2546.19
2050-07-05 23:00:00,2317.96
2050-07-06 00:00:00,2047.04
2050-07-06 01:00:00,1451.81
2050-07-06 02:00:00,1273.6
2050-07-06 03:00:00,1510.59
2050-07-06 04:00:00,1226.02
2050-07-06 05:00:00,1132.41
2050-07-06 06:00:00,1358.66
2050-07-06 07:00:00,2697.92
2050-07-06 08:00:00,2870.92
2050-07-06 09:00:00,4093.84
2050-07-06 10:00:00,4405.14
2050-07-06 11:00:00,4862.16
2050-07-06 12:00:00,4735.68
2050-07-06 13:00:00,4409.3
2050-07-06 14:00:00,4651.17
2050-07-06 15:00:00,3248.78
2050-07-06 16:00:00,3424.13
2050-07-06 17:00:00,2523.45
2050-07-06 18:00:00,3811.44
2050-07-06 19:00:00,4065.68
2050-07-06 20:00:00,4357.07
2050-07-06 21:00:00,4467.79
2050-07-06 22:00:00,3880.87
2050-07-06 23:00:00,3769.99
2050-07-07 00:00:00,1699.74
2050-07-07 01:00:00,1576.18
2050-07-07 02:00:00,1273.87
2050-07-07 03:00:00,1321.43
2050-07-07 04:00:00,1118.47
2050-07-07 05:00:00,1118.45
2050-07-07 06:00:00,888.07
2050-07-07 07:00:00,1815.94
2050-07-07 08:00:00,2341.85
2050-07-07 09:00:00,3097.13
2050-07-07 10:00:00,3405.92
2050-07-07 11:00:00,3472.58
2050-07-07 12:00:00,3328.68
2050-07-07 13:00:00,3429.0
2050-07-07 14:00:00,3693.17
2050-07-07 15:00:00,2723.53
2050-07-07 16:00:00,4237.04
2050-07-07 17:00:00,4657.06
2050-07-07 18:00:00,5097.58
2050-07-07 19:00:00,5210.93
2050-07-07 20:00:00,4570.59
2050-07-07 21:00:00,3977.3
2050-07-07 22:00:00,3453.29
2050-07-07 23:00:00,3577.27
2050-07-08 00:00:00,3235.32
2050-07-08 01:00:00,3062.76
2050-07-08 02:00:00,2512.04
2050-07-08 03:00:00,2527.05
2050-07-08 04:00:00,2355.74
2050-07-08 05:00:00,2416.41
2050-07-08 06:00:00,2514.5
2050-07-08 07:00:00,2735.99
2050-07-08 08:00:00,3202.36
2050-07-08 09:00:00,3678.86
2050-07-08 10:00:00,3833.47
2050-07-08 11:00:00,3905.98
2050-07-08 12:00:00,4141.07
2050-07-08 13:00:00,3911.53
2050-07-08 14:00:00,3643.79
2050-07-08 15:00:00,3460.57
2050-07-08 16:00:00,4069.85
2050-07-08 17:00:00,4353.49
2050-07-08 18:00:00,4632.29
2050-07-08 19:00:00,4892.6
2050-07-08 20:00:00,5443.58
2050-07-08 21:00:00,4559.35
2050-07-08 22:00:00,4122.52
2050-07-08 23:00:00,4043.52
2050-07-09 00:00:00,3710.26
2050-07-09 01:00:00,3438.34
2050-07-09 02:00:00,3039.79
2050-07-09 03:00:00,2341.64
2050-07-09 04:00:00,1240.69
2050-07-09 05:00:00,1979.84
2050-07-09 06:00:00,2383.68
2050-07-09 07:00:00,3145.05
2050-07-09 08:00:00,3152.64
2050-07-09 09:00:00,3220.85
2050-07-09 10:00:00,3669.56
2050-07-09 11:00:00,4103.15
2050-07-09 12:00:00,4229.42
2050-07-09 13:00:00,4447.13
2050-07-09 14:00:00,4834.43
2050-07-09 15:00:00,5120.04
2050-07-09 16:00:00,5140.98
2050-07-09 17:00:00,5233.67
2050-07-09 18:00:00,4702.49
2050-07-09 19:00:00,4202.52
2050-07-09 20:00:00,4110.72
2050-07-09 21:00:00,3978.18
2050-07-09 22:00:00,3828.39
2050-07-09 23:00:00,2827.53
2050-07-10 00:00:00,3718.87
2050-07-10 01:00:00,2851.84
2050-07-10 02:00:00,2177.18
2050-07-10 03:00:00,2068.03
2050-07-10 04:00:00,2011.51
2050-07-10 05:00:00,1970.11
2050-07-10 06:00:00,1852.14
2050-07-10 07:00:00,2283.05
2050-07-10 08:00:00,2533.06
2050-07-10 09:00:00,3493.82
2050-07-10 10:00:00,4013.89
2050-07-10 11:00:00,4159.08
2050-07-10 12:00:00,3993.17
2050-07-10 13:00:00,4162.52
2050-07-10 14:00:00,3979.02
2050-07-10 15:00:00,3815.11
2050-07-10 16:00:00,3352.68
2050-07-10 17:00:00,3354.13
2050-07-10 18:00:00,3449.91
2050-07-10 19:00:00,2897.78
2050-07-10 20:00:00,2946.04
2050-07-10 21:00:00,2080.35
2050-07-10 22:00:00,1839.32
2050-07-10 23:00:00,926.44
2050-07-11 00:00:00,1704.44
2050-07-11 01:00:00,1515.35
2050-07-11 02:00:00,1439.45
2050-07-11 03:00:00,1718.13
2050-07-11 04:00:00,1680.23
2050-07-11 05:00:00,1765.78
2050-07-11 06:00:00,1404.88
2050-07-11 07:00:00,2143.21
2050-07-11 08:00:00,2734.66
2050-07-11 09:00:00,3441.09
2050-07-11 10:00:00,3884.99
2050-07-11 11:00:00,4174.35
2050-07-11 12:00:00,4229.83
2050-07-11 13:00:00,4517.05
2050-07-11 14:00:00,4481.47
2050-07-11 15:00:00,4096.63
2050-07-11 16:00:00,3832.3
2050-07-11 17:00:00,2831.8
2050-07-11 18:00:00,4174.59
2050-07-11 19:00:00,4023.02
2050-07-11 20:00:00,3364.11
2050-07-11 21:00:00,3890.32
2050-07-11 22:00:00,3551.81
2050-07-11 23:00:00,2416.86
2050-07-12 00:00:00,3095.48
2050-07-12 01:00:00,2152.26
2050-07-12 02:00:00,1443.98
2050-07-12 03:00:00,1625.71
2050-07-12 04:00:00,1790.73
2050-07-12 05:00:00,2197.84
2050-07-12 06:00:00,1866.15
2050-07-12 07:00:00,2216.93
2050-07-12 08:00:00,2674.5
2050-07-12 09:00:00,3283.87
2050-07-12 10:00:00,3453.75
2050-07-12 11:00:00,3939.89
2050-07-12 12:00:00,3869.01
2050-07-12 13:00:00,3583.64
2050-07-12 14:00:00,3691.48
2050-07-12 15:00:00,3511.35
2050-07-12 16:00:00,3020.97
2050-07-12 17:00:00,3408.66
2050-07-12 18:00:00,2709.36
2050-07-12 19:00:00,1352.98
2050-07-12 20:00:00,930.48
2050-07-12 21:00:00,2100.93
2050-07-12 22:00:00,1513.24
2050-07-12 23:00:00,1604.47
2050-07-13 00:00:00,1855.48
2050-07-13 01:00:00,2092.23
2050-07-13 02:00:00,1759.1
2050-07-13 03:00:00,2232.07
2050-07-13 04:00:00,2207.04
2050-07-13 05:00:00,2446.23
2050-07-13 06:00:00,2576.03
2050-07-13 07:00:00,2923.27
2050-07-13 08:00:00,3026.64
2050-07-13 09:00:00,3461.21
2050-07-13 10:00:00,3839.68
2050-07-13 11:00:00,4034.27
2050-07-13 12:00:00,4367.8
2050-07-13 13:00:00,4131.6
2050-07-13 14:00:00,4014.2
2050-07-13 15:00:00,3505.41
2050-07-13 16:00:00,3833.2
2050-07-13 17:00:00,3734.79
2050-07-13 18:00:00,3822.55
2050-07-13 19:00:00,3560.39
2050-07-13 20:00:00,3198.03
2050-07-13 21:00:00,3355.65
2050-07-13 22:00:00,3057.82
2050-07-13 23:00:00,2390.82
2050-07-14 00:00:00,1698.46
2050-07-14 01:00:00,1725.8
2050-07-14 02:00:00,1523.22
2050-07-14 03:00:00,2027.76
2050-07-14 04:00:00,2163.98
2050-07-14 05:00:00,2580.29
2050-07-14 06:00:00,2618.12
2050-07-14 07:00:00,3300.84
2050-07-14 08:00:00,3412.14
2050-07-14 09:00:00,3730.79
2050-07-14 10:00:00,3560.9
2050-07-14 11:00:00,4171.14
2050-07-14 12:00:00,4222.25
2050-07-14 13:00:00,4736.45
2050-07-14 14:00:00,4638.01
2050-07-14 15:00:00,4328.6
2050-07-14 16:00:00,4564.53
2050-07-14 17:00:00,3057.5
2050-07-14 18:00:00,3859.15
2050-07-14 19:00:00,3068.87
2050-07-14 20:00:00,2358.95
2050-07-14 21:00:00,3110.96
2050-07-14 22:00:00,2224.95
2050-07-14 23:00:00,2508.06
2050-07-15 00:00:00,2590.96
2050-07-15 01:00:00,2808.36
2050-07-15 02:00:00,2166.9
2050-07-15 03:00:00,2546.52
2050-07-15 04:00:00,2348.42
2050-07-15 05:00:00,2280.47
2050-07-15 06:00:00,2761.76
2050-07-15 07:00:00,3240.38
2050-07-15 08:00:00,3353.15
2050-07-15 09:00:00,3864.73
2050-07-15 10:00:00,4482.52
2050-07-15 11:00:00,4760.48
2050-07-15 12:00:00,4859.54
2050-07-15 13:00:00,4856.2
2050-07-15 14:00:00,5108.43
2050-07-15 15:00:00,5229.3
2050-07-15 16:00:00,5245.56
2050-07-15 17:00:00,4948.42
2050-07-15 18:00:00,4873.49
2050-07-15 19:00:00,4373.52
2050-07-15 20:00:00,4674.44
2050-07-15 21:00:00,3568.44
2050-07-15 22:00:00,2380.12
2050-07-15 23:00:00,1755.13
2050-07-16 00:00:00,1381.37
2050-07-16 01:00:00,1294.8
2050-07-16 02:00:00,1340.59
2050-07-16 03:00:00,1330.13
2050-07-16 04:00:00,1600.93
2050-07-16 05:00:00,1448.98
2050-07-16 06:00:00,1809.99
2050-07-16 07:00:00,2311.51
2050-07-16 08:00:00,2437.92
2050-07-16 09:00:00,3445.41
2050-07-16 10:00:00,3885.71
2050-07-16 11:00:00,4265.66
2050-07-16 12:00:00,4424.85
2050-07-16 13:00:00,4526.34
2050-07-16 14:00:00,4437.44
2050-07-16 15:00:00,4149.41
2050-07-16 16:00:00,4138.6
2050-07-16 17:00:00,3970.27
2050-07-16 18:00:00,4219.02
2050-07-16 19:00:00,3613.94
2050-07-16 20:00:00,3633.68
2050-07-16 21:00:00,3984.49
2050-07-16 22:00:00,3689.8
2050-07-16 23:00:00,3393.69
2050-07-17 00:00:00,2866.85
2050-07-17 01:00:00,3124.07
2050-07-17 02:00:00,2849.79
2050-07-17 03:00:00,2905.38
2050-07-17 04:00:00,3109.42
2050-07-17 05:00:00,2943.11
2050-07-17 06:00:00,2911.1
2050-07-17 07:00:00,3165.69
2050-07-17 08:00:00,3343.3
2050-07-17 09:00:00,3810.47
2050-07-17 10:00:00,4131.1
2050-07-17 11:00:00,4376.65
2050-07-17 12:00:00,4480.06
2050-07-17 13:00:00,4217.59
2050-07-17 14:00:00,3742.3
2050-07-17 15:00:00,3090.95
2050-07-17 16:00:00,2892.24
2050-07-17 17:00:00,3171.86
2050-07-17 18:00:00,3128.42
2050-07-17 19:00:00,2397.74
2050-07-17 20:00:00,2465.31
2050-07-17 21:00:00,3240.31
2050-07-17 22:00:00,3924.72
2050-07-17 23:00:00,3989.7
2050-07-18 00:00:00,3305.63
2050-07-18 01:00:00,3587.48
2050-07-18 02:00:00,2857.42
2050-07-18 03:00:00,2698.24
2050-07-18 04:00:00,2324.7
2050-07-18 05:00:00,2247.67
2050-07-18 06:00:00,2363.9
2050-07-18 07:00:00,2111.67
2050-07-18 08:00:00,2909.45
2050-07-18 09:00:00,3359.02
2050-07-18 10:00:00,3594.27
2050-07-18 11:00:00,3452.06
2050-07-18 12:00:00,3558.95
2050-07-18 13:00:00,4037.15
2050-07-18 14:00:00,3761.25
2050-07-18 15:00:00,4075.58
2050-07-18 16:00:00,3544.5
2050-07-18 17:00:00,3119.36
2050-07-18 18:00:00,3318.89
2050-07-18 19:00:00,3755.58
2050-07-18 20:00:00,4080.23
2050-07-18 21:00:00,3515.74
2050-07-18 22:00:00,3042.19
2050-07-18 23:00:00,2439.24
2050-07-19 00:00:00,2371.84
2050-07-19 01:00:00,2661.65
2050-07-19 02:00:00,2348.85
2050-07-19 03:00:00,1984.88
2050-07-19 04:00:00,2024.21
2050-07-19 05:00:00,2395.08
2050-07-19 06:00:00,2497.7
2050-07-19 07:00:00,2826.34
2050-07-19 08:00:00,3567.02
2050-07-19 09:00:00,3956.38
2050-07-19 10:00:00,4629.02
2050-07-19 11:00:00,4767.83
2050-07-19 12:00:00,4968.04
2050-07-19 13:00:00,5144.9
2050-07-19 14:00:00,5136.6
2050-07-19 15:00:00,4634.35
2050-07-19 16:00:00,4340.32
2050-07-19 17:00:00,4246.42
2050-07-19 18:00:00,3794.47
2050-07-19 19:00:00,4385.35
2050-07-19 20:00:00,4091.47
2050-07-19 21:00:00,3481.02
2050-07-19 22:00:00,2843.72
2050-07-19 23:00:00,2592.58
2050-07-20 00:00:00,2541.53
2050-07-20 01:00:00,1993.63
2050-07-20 02:00:00,1642.37
2050-07-20 03:00:00,1314.32
2050-07-20 04:00:00,1572.34
2050-07-20 05:00:00,1832.71
2050-07-20 06:00:00,2281.44
2050-07-20 07:00:00,2359.03
2050-07-20 08:00:00,2825.72
2050-07-20 09:00:00,3692.18
2050-07-20 10:00:00,4414.74
2050-07-20 11:00:00,4817.78
2050-07-20 12:00:00,5225.0
2050-07-20 13:00:00,5307.75
2050-07-20 14:00:00,5045.54
2050-07-20 15:00:00,4101.58
2050-07-20 16:00:00,4688.96
2050-07-20 17:00:00,4284.85
2050-07-20 18:00:00,4388.37
2050-07-20 19:00:00,3925.13
2050-07-20 20:00:00,3344.27
2050-07-20 21:00:00,2508.5
2050-07-20 22:00:00,2711.0
2050-07-20 23:00:00,3602.28
2050-07-21 00:00:00,2911.88
2050-07-21 01:00:00,3022.42
2050-07-21 02:00:00,2999.23
2050-07-21 03:00:00,2503.99
2050-07-21 04:00:00,2242.29
2050-07-21 05:00:00,2356.38
2050-07-21 06:00:00,2569.36
2050-07-21 07:00:00,2364.32
2050-07-21 08:00:00,2880.2
2050-07-21 09:00:00,3434.43
2050-07-21 10:00:00,3804.04
2050-07-21 11:00:00,4556.65
2050-07-21 12:00:00,4802.15
2050-07-21 13:00:00,4687.97
2050-07-21 14:00:00,3308.02
2050-07-21 15:00:00,3457.99
2050-07-21 16:00:00,3240.49
2050-07-21 17:00:00,3188.87
2050-07-21 18:00:00,3080.97
2050-07-21 19:00:00,3059.63
2050-07-21 20:00:00,1821.96
2050-07-21 21:00:00,1085.95
2050-07-21 22:00:00,445.91
2050-07-21 23:00:00,-298.46
2050-07-22 00:00:00,-895.43
2050-07-22 01:00:00,-987.0
2050-07-22 02:00:00,-1183.12
2050-07-22 03:00:00,15.97
2050-07-22 04:00:00,218.91
2050-07-22 05:00:00,682.08
2050-07-22 06:00:00,1145.35
2050-07-22 07:00:00,1842.55
2050-07-22 08:00:00,2829.84
2050-07-22 09:00:00,3043.05
2050-07-22 10:00:00,3971.18
2050-07-22 11:00:00,4571.96
2050-07-22 12:00:00,4533.66
2050-07-22 13:00:00,4654.1
2050-07-22 14:00:00,4451.72
2050-07-22 15:00:00,4401.88
2050-07-22 16:00:00,3511.45
2050-07-22 17:00:00,3790.83
2050-07-22 18:00:00,3244.54
2050-07-22 19:00:00,1846.71
2050-07-22 20:00:00,3870.69
2050-07-22 21:00:00,4197.53
2050-07-22 22:00:00,4276.5
2050-07-22 23:00:00,4351.24
2050-07-23 00:00:00,3215.76
2050-07-23 01:00:00,770.97
2050-07-23 02:00:00,667.7
2050-07-23 03:00:00,-94.81
2050-07-23 04:00:00,1033.81
2050-07-23 05:00:00,1026.16
2050-07-23 06:00:00,1256.65
2050-07-23 07:00:00,995.88
2050-07-23 08:00:00,1153.5
2050-07-23 09:00:00,2505.25
2050-07-23 10:00:00,2946.08
2050-07-23 11:00:00,3485.53
2050-07-23 12:00:00,4014.58
2050-07-23 13:00:00,4062.91
2050-07-23 14:00:00,3820.75
2050-07-23 15:00:00,3710.42
2050-07-23 16:00:00,3479.61
2050-07-23 17:00:00,3163.12
2050-07-23 18:00:00,2718.33
2050-07-23 19:00:00,2351.22
2050-07-23 20:00:00,2796.12
2050-07-23 21:00:00,2734.12
2050-07-23 22:00:00,2516.69
2050-07-23 23:00:00,1976.53
2050-07-24 00:00:00,2255.33
2050-07-24 01:00:00,1829.01
2050-07-24 02:00:00,1442.72
2050-07-24 03:00:00,2064.78
2050-07-24 04:00:00,1908.43
2050-07-24 05:00:00,2102.25
2050-07-24 06:00:00,2256.77
2050-07-24 07:00:00,2763.19
2050-07-24 08:00:00,3379.07
2050-07-24 09:00:00,3830.98
2050-07-24 10:00:00,4609.67
2050-07-24 11:00:00,4951.87
2050-07-24 12:00:00,5087.9
2050-07-24 13:00:00,4904.6
2050-07-24 14:00:00,4645.66
2050-07-24 15:00:00,4982.5
2050-07-24 16:00:00,4797.16
2050-07-24 17:00:00,5239.66
2050-07-24 18:00:00,5437.28
2050-07-24 19:00:00,4791.51
2050-07-24 20:00:00,4317.93
2050-07-24 21:00:00,4193.63
2050-07-24 22:00:00,3521.2
2050-07-24 23:00:00,3694.97
2050-07-25 00:00:00,2943.41
2050-07-25 01:00:00,2795.15
2050-07-25 02:00:00,2157.34
2050-07-25 03:00:00,1929.59
2050-07-25 04:00:00,1695.36
2050-07-25 05:00:00,1591.16
2050-07-25 06:00:00,1428.56
2050-07-25 07:00:00,1845.44
2050-07-25 08:00:00,1947.07
2050-07-25 09:00:00,3197.43
2050-07-25 10:00:00,3872.53
2050-07-25 11:00:00,4098.51
2050-07-25 12:00:00,4468.01
2050-07-25 13:00:00,4731.99
2050-07-25 14:00:00,4281.44
2050-07-25 15:00:00,3716.06
2050-07-25 16:00:00,3620.73
2050-07-25 17:00:00,3471.03
2050-07-25 18:00:00,3192.88
2050-07-25 19:00:00,3093.62
2050-07-25 20:00:00,4527.96
2050-07-25 21:00:00,3596.09
2050-07-25 22:00:00,3565.95
2050-07-25 23:00:00,2583.62
2050-07-26 00:00:00,2066.91
2050-07-26 01:00:00,2221.57
2050-07-26 02:00:00,2306.16
2050-07-26 03:00:00,2410.73
2050-07-26 04:00:00,2365.65
2050-07-26 05:00:00,1887.53
2050-07-26 06:00:00,1718.37
2050-07-26 07:00:00,2233.83
2050-07-26 08:00:00,2858.27
2050-07-26 09:00:00,3680.42
2050-07-26 10:00:00,4283.98
2050-07-26 11:00:00,4412.69
2050-07-26 12:00:00,4682.16
2050-07-26 13:00:00,4830.68
2050-07-26 14:00:00,4960.82
2050-07-26 15:00:00,4762.66
2050-07-26 16:00:00,4520.46
2050-07-26 17:00:00,3984.46
2050-07-26 18:00:00,4030.53
2050-07-26 19:00:00,3810.45
2050-07-26 20:00:00,4113.72
2050-07-26 21:00:00,3904.04
2050-07-26 22:00:00,3660.8
2050-07-26 23:00:00,3489.2
2050-07-27 00:00:00,3140.29
2050-07-27 01:00:00,2583.11
2050-07-27 02:00:00,2474.5
2050-07-27 03:00:00,2503.21
2050-07-27 04:00:00,2484.21
2050-07-27 05:00:00,2695.09
2050-07-27 06:00:00,2599.51
2050-07-27 07:00:00,2877.49
2050-07-27 08:00:00,3305.56
2050-07-27 09:00:00,3764.38
2050-07-27 10:00:00,4047.56
2050-07-27 11:00:00,4295.99
2050-07-27 12:00:00,4431.8
2050-07-27 13:00:00,4520.45
2050-07-27 14:00:00,3846.89
2050-07-27 15:00:00,3121.14
2050-07-27 16:00:00,2843.45
2050-07-27 17:00:00,2791.15
2050-07-27 18:00:00,2983.74
2050-07-27 19:00:00,2739.63
2050-07-27 20:00:00,2468.77
2050-07-27 21:00:00,2221.12
2050-07-27 22:00:00,2229.34
2050-07-27 23:00:00,2725.49
2050-07-28 00:00:00,3046.12
2050-07-28 01:00:00,2292.3
2050-07-28 02:00:00,2043.02
2050-07-28 03:00:00,2161.85
2050-07-28 04:00:00,2598.24
2050-07-28 05:00:00,2848.68
2050-07-28 06:00:00,2660.34
2050-07-28 07:00:00,2916.14
2050-07-28 08:00:00,3364.84
2050-07-28 09:00:00,3792.98
2050-07-28 10:00:00,4272.04
2050-07-28 11:00:00,4652.22
2050-07-28 12:00:00,5006.75
2050-07-28 13:00:00,5144.99
2050-07-28 14:00:00,5164.53
2050-07-28 15:00:00,4911.98
2050-07-28 16:00:00,4334.86
2050-07-28 17:00:00,4026.41
2050-07-28 18:00:00,4129.84
2050-07-28 19:00:00,4313.67
2050-07-28 20:00:00,3804.41
2050-07-28 21:00:00,3839.88
2050-07-28 22:00:00,3228.28
2050-07-28 23:00:00,2857.06
2050-07-29 00:00:00,1911.82
2050-07-29 01:00:00,2704.07
2050-07-29 02:00:00,2369.04
2050-07-29 03:00:00,2026.53
2050-07-29 04:00:00,1577.88
2050-07-29 05:00:00,1388.85
2050-07-29 06:00:00,1723.52
2050-07-29 07:00:00,1764.67
2050-07-29 08:00:00,2450.76
2050-07-29 09:00:00,3322.32
2050-07-29 10:00:00,3615.64
2050-07-29 11:00:00,3715.53
2050-07-29 12:00:00,4083.49
2050-07-29 13:00:00,3825.99
2050-07-29 14:00:00,2942.83
2050-07-29 15:00:00,2759.76
2050-07-29 16:00:00,3127.12
2050-07-29 17:00:00,2830.3
2050-07-29 18:00:00,2730.78
2050-07-29 19:00:00,2534.61
2050-07-29 20:00:00,2897.94
2050-07-29 21:00:00,2123.09
2050-07-29 22:00:00,2543.72
2050-07-29 23:00:00,2333.18
2050-07-30 00:00:00,1848.18
2050-07-30 01:00:00,1557.44
2050-07-30 02:00:00,856.09
2050-07-30 03:00:00,1253.31
2050-07-30 04:00:00,953.54
2050-07-30 05:00:00,1019.01
2050-07-30 06:00:00,776.89
2050-07-30 07:00:00,1555.0
2050-07-30 08:00:00,2111.1
2050-07-30 09:00:00,2368.19
2050-07-30 10:00:00,2789.98
2050-07-30 11:00:00,3385.57
2050-07-30 12:00:00,3819.56
2050-07-30 13:00:00,3728.74
2050-07-30 14:00:00,4079.24
2050-07-30 15:00:00,4065.76
2050-07-30 16:00:00,3647.75
2050-07-30 17:00:00,3503.69
2050-07-30 18:00:00,4040.52
2050-07-30 19:00:00,4184.54
2050-07-30 20:00:00,4069.57
2050-07-30 21:00:00,4142.68
2050-07-30 22:00:00,4004.56
2050-07-30 23:00:00,3467.56
2050-07-31 00:00:00,3250.25
2050-07-31 01:00:00,2724.47
2050-07-31 02:00:00,2438.74
2050-07-31 03:00:00,2430.62
2050-07-31 04:00:00,2170.28
2050-07-31 05:00:00,2213.07
2050-07-31 06:00:00,2200.84
2050-07-31 07:00:00,2457.46
2050-07-31 08:00:00,2893.75
2050-07-31 09:00:00,3151.48
2050-07-31 10:00:00,3893.16
2050-07-31 11:00:00,4207.83
2050-07-31 12:00:00,4552.29
2050-07-31 13:00:00,4632.47
2050-07-31 14:00:00,4888.24
2050-07-31 15:00:00,4906.33
2050-07-31 16:00:00,4576.82
2050-07-31 17:00:00,5103.49
2050-07-31 18:00:00,5387.2
2050-07-31 19:00:00,5025.0
2050-07-31 20:00:00,4724.04
2050-07-31 21:00:00,4634.29
2050-07-31 22:00:00,4130.14
2050-07-31 23:00:00,4013.86
2050-08-01 00:00:00,3720.32
2050-08-01 01:00:00,3327.44
2050-08-01 02:00:00,2872.06
2050-08-01 03:00:00,2372.8
2050-08-01 04:00:00,2207.66
2050-08-01 05:00:00,2131.98
2050-08-01 06:00:00,2312.73
2050-08-01 07:00:00,2556.84
2050-08-01 08:00:00,2949.31
2050-08-01 09:00:00,3457.55
2050-08-01 10:00:00,3601.42
2050-08-01 11:00:00,4228.98
2050-08-01 12:00:00,4480.56
2050-08-01 13:00:00,4426.98
2050-08-01 14:00:00,4709.92
2050-08-01 15:00:00,4646.19
2050-08-01 16:00:00,4878.34
2050-08-01 17:00:00,4692.1
2050-08-01 18:00:00,4667.47
2050-08-01 19:00:00,4544.82
2050-08-01 20:00:00,4697.08
2050-08-01 21:00:00,4589.39
2050-08-01 22:00:00,3942.41
2050-08-01 23:00:00,3312.22
2050-08-02 00:00:00,2905.91
2050-08-02 01:00:00,2517.77
2050-08-02 02:00:00,2157.58
2050-08-02 03:00:00,1790.87
2050-08-02 04:00:00,1716.62
2050-08-02 05:00:00,1754.83
2050-08-02 06:00:00,1612.98
2050-08-02 07:00:00,1417.57
2050-08-02 08:00:00,2280.42
2050-08-02 09:00:00,3204.29
2050-08-02 10:00:00,3433.42
2050-08-02 11:00:00,3395.35
2050-08-02 12:00:00,3601.31
2050-08-02 13:00:00,3601.22
2050-08-02 14:00:00,3796.25
2050-08-02 15:00:00,3261.15
2050-08-02 16:00:00,2826.05
2050-08-02 17:00:00,3574.12
2050-08-02 18:00:00,4222.33
2050-08-02 19:00:00,3686.01
2050-08-02 20:00:00,3313.33
2050-08-02 21:00:00,3207.02
2050-08-02 22:00:00,3007.27
2050-08-02 23:00:00,3164.7
2050-08-03 00:00:00,2009.17
2050-08-03 01:00:00,2018.75
2050-08-03 02:00:00,2177.43
2050-08-03 03:00:00,1543.38
2050-08-03 04:00:00,1731.95
2050-08-03 05:00:00,1570.94
2050-08-03 06:00:00,1944.34
2050-08-03 07:00:00,2518.14
2050-08-03 08:00:00,2883.31
2050-08-03 09:00:00,3459.09
2050-08-03 10:00:00,3914.84
2050-08-03 11:00:00,4284.39
2050-08-03 12:00:00,4282.47
2050-08-03 13:00:00,4139.02
2050-08-03 14:00:00,3895.23
2050-08-03 15:00:00,3451.38
2050-08-03 16:00:00,3320.15
2050-08-03 17:00:00,3128.64
2050-08-03 18:00:00,3240.79
2050-08-03 19:00:00,3300.99
2050-08-03 20:00:00,2937.71
2050-08-03 21:00:00,3284.13
2050-08-03 22:00:00,3349.76
2050-08-03 23:00:00,2656.07
2050-08-04 00:00:00,2076.93
2050-08-04 01:00:00,2274.68
2050-08-04 02:00:00,2034.75
2050-08-04 03:00:00,2341.2
2050-08-04 04:00:00,2097.23
2050-08-04 05:00:00,2257.27
2050-08-04 06:00:00,2104.9
2050-08-04 07:00:00,2314.0
2050-08-04 08:00:00,3115.77
2050-08-04 09:00:00,3061.32
2050-08-04 10:00:00,3711.52
2050-08-04 11:00:00,3296.51
2050-08-04 12:00:00,1627.42
2050-08-04 13:00:00,1460.14
2050-08-04 14:00:00,1273.59
2050-08-04 15:00:00,2004.08
2050-08-04 16:00:00,2236.6
2050-08-04 17:00:00,2545.21
2050-08-04 18:00:00,3176.29
2050-08-04 19:00:00,3602.27
2050-08-04 20:00:00,3647.0
2050-08-04 21:00:00,3179.85
2050-08-04 22:00:00,4005.98
2050-08-04 23:00:00,3020.03
2050-08-05 00:00:00,3123.38
2050-08-05 01:00:00,2333.77
2050-08-05 02:00:00,2209.79
2050-08-05 03:00:00,2491.35
2050-08-05 04:00:00,2770.64
2050-08-05 05:00:00,2438.72
2050-08-05 06:00:00,2248.13
2050-08-05 07:00:00,3022.61
2050-08-05 08:00:00,3588.33
2050-08-05 09:00:00,4121.85
2050-08-05 10:00:00,4525.08
2050-08-05 11:00:00,5077.02
2050-08-05 12:00:00,5456.85
2050-08-05 13:00:00,5624.37
2050-08-05 14:00:00,5690.57
2050-08-05 15:00:00,5705.8
2050-08-05 16:00:00,5584.9
2050-08-05 17:00:00,5197.69
2050-08-05 18:00:00,4969.89
2050-08-05 19:00:00,4844.35
2050-08-05 20:00:00,4983.07
2050-08-05 21:00:00,4334.63
2050-08-05 22:00:00,3942.8
2050-08-05 23:00:00,3476.03
2050-08-06 00:00:00,2802.73
2050-08-06 01:00:00,2654.61
2050-08-06 02:00:00,2740.9
2050-08-06 03:00:00,2714.39
2050-08-06 04:00:00,2935.72
2050-08-06 05:00:00,2907.84
2050-08-06 06:00:00,2540.03
2050-08-06 07:00:00,3126.62
2050-08-06 08:00:00,3625.5
2050-08-06 09:00:00,4162.29
2050-08-06 10:00:00,4592.92
2050-08-06 11:00:00,4735.85
2050-08-06 12:00:00,4573.27
2050-08-06 13:00:00,4633.65
2050-08-06 14:00:00,4416.83
2050-08-06 15:00:00,4679.24
2050-08-06 16:00:00,4826.89
2050-08-06 17:00:00,4644.91
2050-08-06 18:00:00,5448.19
2050-08-06 19:00:00,4975.14
2050-08-06 20:00:00,4790.86
2050-08-06 21:00:00,3767.84
2050-08-06 22:00:00,3730.09
2050-08-06 23:00:00,2990.15
2050-08-07 00:00:00,2494.84
2050-08-07 01:00:00,1688.35
2050-08-07 02:00:00,1710.72
2050-08-07 03:00:00,1426.38
2050-08-07 04:00:00,1360.67
2050-08-07 05:00:00,1490.74
2050-08-07 06:00:00,1221.35
2050-08-07 07:00:00,1152.1
2050-08-07 08:00:00,1862.53
2050-08-07 09:00:00,1740.29
2050-08-07 10:00:00,2069.02
2050-08-07 11:00:00,2184.49
2050-08-07 12:00:00,1989.11
2050-08-07 13:00:00,2734.31
2050-08-07 14:00:00,1729.36
2050-08-07 15:00:00,920.69
2050-08-07 16:00:00,953.56
2050-08-07 17:00:00,1551.07
2050-08-07 18:00:00,1024.15
2050-08-07 19:00:00,753.31
2050-08-07 20:00:00,1002.6
2050-08-07 21:00:00,781.46
2050-08-07 22:00:00,3125.55
2050-08-07 23:00:00,3431.61
2050-08-08 00:00:00,1985.75
2050-08-08 01:00:00,2252.23
2050-08-08 02:00:00,1670.46
2050-08-08 03:00:00,2031.54
2050-08-08 04:00:00,1868.04
2050-08-08 05:00:00,1799.16
2050-08-08 06:00:00,1816.88
2050-08-08 07:00:00,2072.56
2050-08-08 08:00:00,1812.62
2050-08-08 09:00:00,2336.18
2050-08-08 10:00:00,3232.49
2050-08-08 11:00:00,3283.42
2050-08-08 12:00:00,3165.72
2050-08-08 13:00:00,3189.56
2050-08-08 14:00:00,3088.96
2050-08-08 15:00:00,3397.95
2050-08-08 16:00:00,2895.55
2050-08-08 17:00:00,2903.28
2050-08-08 18:00:00,3735.03
2050-08-08 19:00:00,3922.34
2050-08-08 20:00:00,3016.96
2050-08-08 21:00:00,3398.17
2050-08-08 22:00:00,3793.3
2050-08-08 23:00:00,3035.22
2050-08-09 00:00:00,2060.06
2050-08-09 01:00:00,1716.6
2050-08-09 02:00:00,1331.97
2050-08-09 03:00:00,1474.7
2050-08-09 04:00:00,1789.74
2050-08-09 05:00:00,1752.55
2050-08-09 06:00:00,1530.17
2050-08-09 07:00:00,1832.67
2050-08-09 08:00:00,2706.07
2050-08-09 09:00:00,3278.65
2050-08-09 10:00:00,3788.54
2050-08-09 11:00:00,4233.28
2050-08-09 12:00:00,4177.21
2050-08-09 13:00:00,4572.25
2050-08-09 14:00:00,4427.21
2050-08-09 15:00:00,4258.34
2050-08-09 16:00:00,4422.3
2050-08-09 17:00:00,4891.1
2050-08-09 18:00:00,4844.95
2050-08-09 19:00:00,4792.32
2050-08-09 20:00:00,4448.28
2050-08-09 21:00:00,4230.8
2050-08-09 22:00:00,4030.88
2050-08-09 23:00:00,4092.73
2050-08-10 00:00:00,2861.21
2050-08-10 01:00:00,3652.13
2050-08-10 02:00:00,3009.69
2050-08-10 03:00:00,2712.25
2050-08-10 04:00:00,2894.04
2050-08-10 05:00:00,2957.2
2050-08-10 06:00:00,2992.84
2050-08-10 07:00:00,3209.27
2050-08-10 08:00:00,3383.6
2050-08-10 09:00:00,3727.37
2050-08-10 10:00:00,3938.72
2050-08-10 11:00:00,4219.0
2050-08-10 12:00:00,4377.41
2050-08-10 13:00:00,4190.28
2050-08-10 14:00:00,3713.25
2050-08-10 15:00:00,2915.68
2050-08-10 16:00:00,2889.19
2050-08-10 17:00:00,3104.92
2050-08-10 18:00:00,2837.92
2050-08-10 19:00:00,3447.79
2050-08-10 20:00:00,3339.72
2050-08-10 21:00:00,3423.67
2050-08-10 22:00:00,3303.1
2050-08-10 23:00:00,2674.71
2050-08-11 00:00:00,2695.82
2050-08-11 01:00:00,2439.86
2050-08-11 02:00:00,2419.3
2050-08-11 03:00:00,2345.42
2050-08-11 04:00:00,1910.37
2050-08-11 05:00:00,2302.42
2050-08-11 06:00:00,1792.5
2050-08-11 07:00:00,1992.51
2050-08-11 08:00:00,2624.41
2050-08-11 09:00:00,2556.87
2050-08-11 10:00:00,3327.18
2050-08-11 11:00:00,3654.73
2050-08-11 12:00:00,4288.38
2050-08-11 13:00:00,4412.3
2050-08-11 14:00:00,4482.54
2050-08-11 15:00:00,3904.2
2050-08-11 16:00:00,4657.17
2050-08-11 17:00:00,3774.7
2050-08-11 18:00:00,3986.08
2050-08-11 19:00:00,3939.31
2050-08-11 20:00:00,3817.93
2050-08-11 21:00:00,3327.34
2050-08-11 22:00:00,3411.22
2050-08-11 23:00:00,3417.67
2050-08-12 00:00:00,1892.05
2050-08-12 01:00:00,1405.41
2050-08-12 02:00:00,1107.04
2050-08-12 03:00:00,964.55
2050-08-12 04:00:00,1254.19
2050-08-12 05:00:00,1311.34
2050-08-12 06:00:00,1286.02
2050-08-12 07:00:00,1936.77
2050-08-12 08:00:00,2095.86
2050-08-12 09:00:00,2676.02
2050-08-12 10:00:00,3015.35
2050-08-12 11:00:00,3404.39
2050-08-12 12:00:00,3620.39
2050-08-12 13:00:00,3641.66
2050-08-12 14:00:00,3430.76
2050-08-12 15:00:00,3410.33
2050-08-12 16:00:00,2641.22
2050-08-12 17:00:00,3107.41
2050-08-12 18:00:00,2693.46
2050-08-12 19:00:00,1787.81
2050-08-12 20:00:00,1899.35
2050-08-12 21:00:00,2344.48
2050-08-12 22:00:00,2773.56
2050-08-12 23:00:00,1760.52
2050-08-13 00:00:00,786.02
2050-08-13 01:00:00,885.41
2050-08-13 02:00:00,605.35
2050-08-13 03:00:00,1000.88
2050-08-13 04:00:00,1045.66
2050-08-13 05:00:00,1053.84
2050-08-13 06:00:00,968.49
2050-08-13 07:00:00,1026.68
2050-08-13 08:00:00,1917.03
2050-08-13 09:00:00,2712.41
2050-08-13 10:00:00,2742.28
2050-08-13 11:00:00,3381.52
2050-08-13 12:00:00,3648.46
2050-08-13 13:00:00,3936.59
2050-08-13 14:00:00,4188.53
2050-08-13 15:00:00,4676.73
2050-08-13 16:00:00,4642.44
2050-08-13 17:00:00,4787.38
2050-08-13 18:00:00,5442.35
2050-08-13 19:00:00,4174.1
2050-08-13 20:00:00,3784.21
2050-08-13 21:00:00,3151.25
2050-08-13 22:00:00,3115.93
2050-08-13 23:00:00,3375.12
2050-08-14 00:00:00,3347.81
2050-08-14 01:00:00,2708.37
2050-08-14 02:00:00,2598.93
2050-08-14 03:00:00,2361.84
2050-08-14 04:00:00,2256.24
2050-08-14 05:00:00,2267.56
2050-08-14 06:00:00,2389.7
2050-08-14 07:00:00,2384.9
2050-08-14 08:00:00,2695.97
2050-08-14 09:00:00,2938.68
2050-08-14 10:00:00,3544.78
2050-08-14 11:00:00,3763.21
2050-08-14 12:00:00,4044.03
2050-08-14 13:00:00,4135.81
2050-08-14 14:00:00,4160.54
2050-08-14 15:00:00,4078.68
2050-08-14 16:00:00,3900.91
2050-08-14 17:00:00,4373.43
2050-08-14 18:00:00,4697.97
2050-08-14 19:00:00,4595.44
2050-08-14 20:00:00,4257.08
2050-08-14 21:00:00,3927.21
2050-08-14 22:00:00,2975.03
2050-08-14 23:00:00,2818.16
2050-08-15 00:00:00,2310.58
2050-08-15 01:00:00,2002.86
2050-08-15 02:00:00,1728.78
2050-08-15 03:00:00,1393.8
2050-08-15 04:00:00,1719.6
2050-08-15 05:00:00,1469.06
2050-08-15 06:00:00,1682.87
2050-08-15 07:00:00,1445.78
2050-08-15 08:00:00,2272.94
2050-08-15 09:00:00,2697.56
2050-08-15 10:00:00,3222.11
2050-08-15 11:00:00,3627.81
2050-08-15 12:00:00,3936.75
2050-08-15 13:00:00,4049.0
2050-08-15 14:00:00,4286.95
2050-08-15 15:00:00,4645.75
2050-08-15 16:00:00,4537.62
2050-08-15 17:00:00,4824.78
2050-08-15 18:00:00,4597.17
2050-08-15 19:00:00,4391.05
2050-08-15 20:00:00,4045.81
2050-08-15 21:00:00,3373.97
2050-08-15 22:00:00,3149.84
2050-08-15 23:00:00,2459.46
2050-08-16 00:00:00,2496.86
2050-08-16 01:00:00,2569.4
2050-08-16 02:00:00,2106.03
2050-08-16 03:00:00,2182.84
2050-08-16 04:00:00,1937.55
2050-08-16 05:00:00,1810.4
2050-08-16 06:00:00,1155.14
2050-08-16 07:00:00,1792.98
2050-08-16 08:00:00,2063.55
2050-08-16 09:00:00,2674.85
2050-08-16 10:00:00,2856.43
2050-08-16 11:00:00,3136.47
2050-08-16 12:00:00,3197.08
2050-08-16 13:00:00,3217.13
2050-08-16 14:00:00,3290.73
2050-08-16 15:00:00,3288.54
2050-08-16 16:00:00,2840.47
2050-08-16 17:00:00,2787.99
2050-08-16 18:00:00,2439.95
2050-08-16 19:00:00,2118.21
2050-08-16 20:00:00,2064.94
2050-08-16 21:00:00,1889.65
2050-08-16 22:00:00,1681.63
2050-08-16 23:00:00,1804.56
2050-08-17 00:00:00,1433.16
2050-08-17 01:00:00,1273.57
2050-08-17 02:00:00,1213.58
2050-08-17 03:00:00,1496.76
2050-08-17 04:00:00,1446.8
2050-08-17 05:00:00,1663.78
2050-08-17 06:00:00,1913.87
2050-08-17 07:00:00,2255.44
2050-08-17 08:00:00,2653.44
2050-08-17 09:00:00,3291.53
2050-08-17 10:00:00,3764.99
2050-08-17 11:00:00,4076.2
2050-08-17 12:00:00,4459.27
2050-08-17 13:00:00,4685.75
2050-08-17 14:00:00,4657.1
2050-08-17 15:00:00,4495.71
2050-08-17 16:00:00,4477.23
2050-08-17 17:00:00,4727.98
2050-08-17 18:00:00,5245.08
2050-08-17 19:00:00,4693.52
2050-08-17 20:00:00,4797.35
2050-08-17 21:00:00,3921.13
2050-08-17 22:00:00,3983.61
2050-08-17 23:00:00,3554.48
2050-08-18 00:00:00,3096.25
2050-08-18 01:00:00,2578.72
2050-08-18 02:00:00,2652.14
2050-08-18 03:00:00,1238.72
2050-08-18 04:00:00,1328.32
2050-08-18 05:00:00,1921.31
2050-08-18 06:00:00,2089.8
2050-08-18 07:00:00,2181.59
2050-08-18 08:00:00,2767.51
2050-08-18 09:00:00,3421.93
2050-08-18 10:00:00,3121.01
2050-08-18 11:00:00,4061.15
2050-08-18 12:00:00,4415.39
2050-08-18 13:00:00,4453.95
2050-08-18 14:00:00,4407.91
2050-08-18 15:00:00,3457.4
2050-08-18 16:00:00,3157.26
2050-08-18 17:00:00,2934.26
2050-08-18 18:00:00,2552.46
2050-08-18 19:00:00,3038.49
2050-08-18 20:00:00,2727.24
2050-08-18 21:00:00,2141.03
2050-08-18 22:00:00,2749.39
2050-08-18 23:00:00,2289.3
2050-08-19 00:00:00,1275.89
2050-08-19 01:00:00,1912.56
2050-08-19 02:00:00,1853.86
2050-08-19 03:00:00,1552.25
2050-08-19 04:00:00,1350.33
2050-08-19 05:00:00,1326.93
2050-08-19 06:00:00,1705.66
2050-08-19 07:00:00,2226.1
2050-08-19 08:00:00,2672.47
2050-08-19 09:00:00,3271.05
2050-08-19 10:00:00,3824.35
2050-08-19 11:00:00,4359.24
2050-08-19 12:00:00,4624.25
2050-08-19 13:00:00,4209.36
2050-08-19 14:00:00,4587.65
2050-08-19 15:00:00,4640.4
2050-08-19 16:00:00,4972.22
2050-08-19 17:00:00,4500.56
2050-08-19 18:00:00,4853.35
2050-08-19 19:00:00,4585.37
2050-08-19 20:00:00,4292.8
2050-08-19 21:00:00,3965.88
2050-08-19 22:00:00,4147.1
2050-08-19 23:00:00,3285.82
2050-08-20 00:00:00,3410.34
2050-08-20 01:00:00,3220.68
2050-08-20 02:00:00,2930.53
2050-08-20 03:00:00,2575.8
2050-08-20 04:00:00,2442.81
2050-08-20 05:00:00,2355.81
2050-08-20 06:00:00,2265.76
2050-08-20 07:00:00,2381.27
2050-08-20 08:00:00,2796.16
2050-08-20 09:00:00,3555.34
2050-08-20 10:00:00,3967.94
2050-08-20 11:00:00,4310.39
2050-08-20 12:00:00,4597.15
2050-08-20 13:00:00,4799.69
2050-08-20 14:00:00,4961.68
2050-08-20 15:00:00,5212.39
2050-08-20 16:00:00,5432.33
2050-08-20 17:00:00,5390.87
2050-08-20 18:00:00,5608.28
2050-08-20 19:00:00,5505.64
2050-08-20 20:00:00,5405.71
2050-08-20 21:00:00,4783.44
2050-08-20 22:00:00,4476.3
2050-08-20 23:00:00,4104.58
2050-08-21 00:00:00,3471.61
2050-08-21 01:00:00,2993.89
2050-08-21 02:00:00,2771.24
2050-08-21 03:00:00,2490.2
2050-08-21 04:00:00,2571.22
2050-08-21 05:00:00,2565.91
2050-08-21 06:00:00,2344.5
2050-08-21 07:00:00,2561.7
2050-08-21 08:00:00,2662.57
2050-08-21 09:00:00,3057.27
2050-08-21 10:00:00,3414.57
2050-08-21 11:00:00,3919.46
2050-08-21 12:00:00,4151.7
2050-08-21 13:00:00,3840.78
2050-08-21 14:00:00,3620.92
2050-08-21 15:00:00,3622.11
2050-08-21 16:00:00,3568.08
2050-08-21 17:00:00,3190.39
2050-08-21 18:00:00,3136.91
2050-08-21 19:00:00,3445.16
2050-08-21 20:00:00,2914.32
2050-08-21 21:00:00,1902.2
2050-08-21 22:00:00,3223.82
2050-08-21 23:00:00,1815.29
2050-08-22 00:00:00,1633.29
2050-08-22 01:00:00,1529.33
2050-08-22 02:00:00,1519.57
2050-08-22 03:00:00,-296.79
2050-08-22 04:00:00,-897.2
2050-08-22 05:00:00,152.34
2050-08-22 06:00:00,-23.36
2050-08-22 07:00:00,336.59
2050-08-22 08:00:00,18.67
2050-08-22 09:00:00,732.72
2050-08-22 10:00:00,1577.85
2050-08-22 11:00:00,2019.76
2050-08-22 12:00:00,2107.05
2050-08-22 13:00:00,2111.69
2050-08-22 14:00:00,1832.12
2050-08-22 15:00:00,1400.61
2050-08-22 16:00:00,1632.41
2050-08-22 17:00:00,1313.02
2050-08-22 18:00:00,2365.84
2050-08-22 19:00:00,2317.02
2050-08-22 20:00:00,2230.66
2050-08-22 21:00:00,2501.04
2050-08-22 22:00:00,1952.48
2050-08-22 23:00:00,1705.29
2050-08-23 00:00:00,2006.87
2050-08-23 01:00:00,1960.66
2050-08-23 02:00:00,2486.54
2050-08-23 03:00:00,1996.78
2050-08-23 04:00:00,2007.69
2050-08-23 05:00:00,1657.54
2050-08-23 06:00:00,1429.16
2050-08-23 07:00:00,1713.77
2050-08-23 08:00:00,2281.86
2050-08-23 09:00:00,2708.58
2050-08-23 10:00:00,2822.05
2050-08-23 11:00:00,3145.03
2050-08-23 12:00:00,3411.29
2050-08-23 13:00:00,3516.66
2050-08-23 14:00:00,3413.02
2050-08-23 15:00:00,3397.59
2050-08-23 16:00:00,3497.65
2050-08-23 17:00:00,3632.02
2050-08-23 18:00:00,3923.1
2050-08-23 19:00:00,3736.11
2050-08-23 20:00:00,3845.38
2050-08-23 21:00:00,3461.24
2050-08-23 22:00:00,3328.38
2050-08-23 23:00:00,3327.4
2050-08-24 00:00:00,3146.99
2050-08-24 01:00:00,2914.97
2050-08-24 02:00:00,2415.06
2050-08-24 03:00:00,2346.11
2050-08-24 04:00:00,2287.32
2050-08-24 05:00:00,2472.23
2050-08-24 06:00:00,2575.86
2050-08-24 07:00:00,2599.38
2050-08-24 08:00:00,2925.93
2050-08-24 09:00:00,3068.83
2050-08-24 10:00:00,3204.45
2050-08-24 11:00:00,3416.11
2050-08-24 12:00:00,3509.34
2050-08-24 13:00:00,3517.65
2050-08-24 14:00:00,3520.82
2050-08-24 15:00:00,3437.48
2050-08-24 16:00:00,3711.88
2050-08-24 17:00:00,3539.01
2050-08-24 18:00:00,3535.7
2050-08-24 19:00:00,2924.46
2050-08-24 20:00:00,2577.04
2050-08-24 21:00:00,2846.44
2050-08-24 22:00:00,2788.41
2050-08-24 23:00:00,2778.14
2050-08-25 00:00:00,1724.7
2050-08-25 01:00:00,1077.92
2050-08-25 02:00:00,954.38
2050-08-25 03:00:00,874.8
2050-08-25 04:00:00,-14.36
2050-08-25 05:00:00,577.57
2050-08-25 06:00:00,938.09
2050-08-25 07:00:00,1551.74
2050-08-25 08:00:00,2012.39
2050-08-25 09:00:00,2672.93
2050-08-25 10:00:00,2925.69
2050-08-25 11:00:00,2757.97
2050-08-25 12:00:00,3029.08
2050-08-25 13:00:00,3016.42
2050-08-25 14:00:00,3196.22
2050-08-25 15:00:00,3173.75
2050-08-25 16:00:00,3474.36
2050-08-25 17:00:00,3297.52
2050-08-25 18:00:00,2667.68
2050-08-25 19:00:00,3063.65
2050-08-25 20:00:00,3579.8
2050-08-25 21:00:00,3273.57
2050-08-25 22:00:00,2523.96
2050-08-25 23:00:00,1987.98
2050-08-26 00:00:00,1789.39
2050-08-26 01:00:00,1411.06
2050-08-26 02:00:00,1281.98
2050-08-26 03:00:00,1468.94
2050-08-26 04:00:00,1671.69
2050-08-26 05:00:00,2103.01
2050-08-26 06:00:00,2108.08
2050-08-26 07:00:00,2143.07
2050-08-26 08:00:00,2584.78
2050-08-26 09:00:00,3238.32
2050-08-26 10:00:00,3439.67
2050-08-26 11:00:00,3928.3
2050-08-26 12:00:00,4246.85
2050-08-26 13:00:00,4557.34
2050-08-26 14:00:00,4522.07
2050-08-26 15:00:00,4484.06
2050-08-26 16:00:00,4199.39
2050-08-26 17:00:00,5097.45
2050-08-26 18:00:00,4595.24
2050-08-26 19:00:00,4295.47
2050-08-26 20:00:00,4059.87
2050-08-26 21:00:00,3500.87
2050-08-26 22:00:00,3465.24
2050-08-26 23:00:00,3225.6
2050-08-27 00:00:00,2522.99
2050-08-27 01:00:00,2464.64
2050-08-27 02:00:00,1975.67
2050-08-27 03:00:00,1855.68
2050-08-27 04:00:00,1903.95
2050-08-27 05:00:00,2062.71
2050-08-27 06:00:00,2087.88
2050-08-27 07:00:00,2621.08
2050-08-27 08:00:00,2602.02
2050-08-27 09:00:00,2939.31
2050-08-27 10:00:00,3285.58
2050-08-27 11:00:00,3806.8
2050-08-27 12:00:00,4076.32
2050-08-27 13:00:00,4193.11
2050-08-27 14:00:00,4299.68
2050-08-27 15:00:00,4412.01
2050-08-27 16:00:00,4280.25
2050-08-27 17:00:00,4554.52
2050-08-27 18:00:00,5052.83
2050-08-27 19:00:00,4306.12
2050-08-27 20:00:00,4030.45
2050-08-27 21:00:00,4500.15
2050-08-27 22:00:00,4435.09
2050-08-27 23:00:00,4041.4
2050-08-28 00:00:00,3054.1
2050-08-28 01:00:00,2225.51
2050-08-28 02:00:00,1893.28
2050-08-28 03:00:00,1546.58
2050-08-28 04:00:00,962.13
2050-08-28 05:00:00,1329.55
2050-08-28 06:00:00,1175.78
2050-08-28 07:00:00,1173.6
2050-08-28 08:00:00,1382.42
2050-08-28 09:00:00,1708.3
2050-08-28 10:00:00,1864.91
2050-08-28 11:00:00,2531.47
2050-08-28 12:00:00,3316.18
2050-08-28 13:00:00,3854.65
2050-08-28 14:00:00,3826.35
2050-08-28 15:00:00,4119.63
2050-08-28 16:00:00,3779.54
2050-08-28 17:00:00,3952.02
2050-08-28 18:00:00,4416.28
2050-08-28 19:00:00,4240.52
2050-08-28 20:00:00,3719.55
2050-08-28 21:00:00,3790.88
2050-08-28 22:00:00,3185.08
2050-08-28 23:00:00,2948.29
2050-08-29 00:00:00,2892.04
2050-08-29 01:00:00,2510.74
2050-08-29 02:00:00,1919.27
2050-08-29 03:00:00,1441.62
2050-08-29 04:00:00,1773.22
2050-08-29 05:00:00,1573.06
2050-08-29 06:00:00,1053.51
2050-08-29 07:00:00,1134.77
2050-08-29 08:00:00,1654.17
2050-08-29 09:00:00,1931.59
2050-08-29 10:00:00,2850.48
2050-08-29 11:00:00,3001.43
2050-08-29 12:00:00,3719.59
2050-08-29 13:00:00,3839.9
2050-08-29 14:00:00,3913.57
2050-08-29 15:00:00,3900.2
2050-08-29 16:00:00,4175.05
2050-08-29 17:00:00,3930.02
2050-08-29 18:00:00,3978.41
2050-08-29 19:00:00,4090.36
2050-08-29 20:00:00,3218.32
2050-08-29 21:00:00,3246.93
2050-08-29 22:00:00,2712.99
2050-08-29 23:00:00,2724.82
2050-08-30 00:00:00,2005.15
2050-08-30 01:00:00,1362.06
2050-08-30 02:00:00,1695.58
2050-08-30 03:00:00,1456.1
2050-08-30 04:00:00,1211.33
2050-08-30 05:00:00,1402.5
2050-08-30 06:00:00,1256.55
2050-08-30 07:00:00,1322.74
2050-08-30 08:00:00,1771.38
2050-08-30 09:00:00,2199.83
2050-08-30 10:00:00,2948.06
2050-08-30 11:00:00,3792.7
2050-08-30 12:00:00,4363.48
2050-08-30 13:00:00,4680.59
2050-08-30 14:00:00,4687.0
2050-08-30 15:00:00,4555.38
2050-08-30 16:00:00,4715.35
2050-08-30 17:00:00,4380.14
2050-08-30 18:00:00,4047.5
2050-08-30 19:00:00,4123.19
2050-08-30 20:00:00,3681.53
2050-08-30 21:00:00,2490.45
2050-08-30 22:00:00,3117.03
2050-08-30 23:00:00,2667.06
2050-08-31 00:00:00,2366.04
2050-08-31 01:00:00,1702.58
2050-08-31 02:00:00,855.14
2050-08-31 03:00:00,734.07
2050-08-31 04:00:00,1206.25
2050-08-31 05:00:00,1384.21
2050-08-31 06:00:00,1266.43
2050-08-31 07:00:00,1161.61
2050-08-31 08:00:00,2082.28
2050-08-31 09:00:00,2964.49
2050-08-31 10:00:00,3427.86
2050-08-31 11:00:00,3964.98
2050-08-31 12:00:00,4728.44
2050-08-31 13:00:00,5203.07
2050-08-31 14:00:00,5390.85
2050-08-31 15:00:00,5212.28
2050-08-31 16:00:00,5328.92
2050-08-31 17:00:00,5384.64
2050-08-31 18:00:00,5524.77
2050-08-31 19:00:00,5596.53
2050-08-31 20:00:00,4381.79
2050-08-31 21:00:00,3727.05
2050-08-31 22:00:00,3050.0
2050-08-31 23:00:00,2259.62
2050-09-01 00:00:00,2290.34
2050-09-01 01:00:00,1638.51
2050-09-01 02:00:00,1480.94
2050-09-01 03:00:00,1567.2
2050-09-01 04:00:00,1548.64
2050-09-01 05:00:00,1360.63
2050-09-01 06:00:00,2303.09
2050-09-01 07:00:00,2008.08
2050-09-01 08:00:00,2744.06
2050-09-01 09:00:00,3345.23
2050-09-01 10:00:00,3778.75
2050-09-01 11:00:00,3958.48
2050-09-01 12:00:00,4641.21
2050-09-01 13:00:00,5362.35
2050-09-01 14:00:00,5682.18
2050-09-01 15:00:00,5920.47
2050-09-01 16:00:00,6242.25
2050-09-01 17:00:00,5831.33
2050-09-01 18:00:00,6054.23
2050-09-01 19:00:00,5842.91
2050-09-01 20:00:00,5110.37
2050-09-01 21:00:00,4662.64
2050-09-01 22:00:00,3446.39
2050-09-01 23:00:00,2638.85
2050-09-02 00:00:00,3241.0
2050-09-02 01:00:00,3611.99
2050-09-02 02:00:00,2573.82
2050-09-02 03:00:00,2148.03
2050-09-02 04:00:00,1970.95
2050-09-02 05:00:00,2377.48
2050-09-02 06:00:00,2375.61
2050-09-02 07:00:00,2507.55
2050-09-02 08:00:00,2895.09
2050-09-02 09:00:00,3366.29
2050-09-02 10:00:00,3788.03
2050-09-02 11:00:00,4168.49
2050-09-02 12:00:00,4641.55
2050-09-02 13:00:00,4736.89
2050-09-02 14:00:00,4617.8
2050-09-02 15:00:00,4922.35
2050-09-02 16:00:00,4979.57
2050-09-02 17:00:00,4855.54
2050-09-02 18:00:00,5057.46
2050-09-02 19:00:00,3997.96
2050-09-02 20:00:00,3661.27
2050-09-02 21:00:00,3217.92
2050-09-02 22:00:00,2620.33
2050-09-02 23:00:00,2833.11
2050-09-03 00:00:00,2261.21
2050-09-03 01:00:00,1815.13
2050-09-03 02:00:00,1743.37
2050-09-03 03:00:00,2076.92
2050-09-03 04:00:00,2081.07
2050-09-03 05:00:00,1892.34
2050-09-03 06:00:00,1937.32
2050-09-03 07:00:00,2165.18
2050-09-03 08:00:00,2678.41
2050-09-03 09:00:00,3404.79
2050-09-03 10:00:00,3605.43
2050-09-03 11:00:00,4110.79
2050-09-03 12:00:00,4434.04
2050-09-03 13:00:00,4775.23
2050-09-03 14:00:00,4949.73
2050-09-03 15:00:00,4910.46
2050-09-03 16:00:00,4749.43
2050-09-03 17:00:00,4806.96
2050-09-03 18:00:00,4693.06
2050-09-03 19:00:00,4978.01
2050-09-03 20:00:00,4454.56
2050-09-03 21:00:00,4475.24
2050-09-03 22:00:00,4011.01
2050-09-03 23:00:00,2928.58
2050-09-04 00:00:00,2640.83
2050-09-04 01:00:00,2889.59
2050-09-04 02:00:00,2757.35
2050-09-04 03:00:00,2291.88
2050-09-04 04:00:00,1923.47
2050-09-04 05:00:00,2126.27
2050-09-04 06:00:00,2092.4
2050-09-04 07:00:00,2173.95
2050-09-04 08:00:00,2285.33
2050-09-04 09:00:00,3101.67
2050-09-04 10:00:00,2890.13
2050-09-04 11:00:00,3654.45
2050-09-04 12:00:00,3979.31
2050-09-04 13:00:00,4249.9
2050-09-04 14:00:00,4472.88
2050-09-04 15:00:00,3851.62
2050-09-04 16:00:00,3843.25
2050-09-04 17:00:00,3736.5
2050-09-04 18:00:00,3762.05
2050-09-04 19:00:00,4087.09
2050-09-04 20:00:00,4257.4
2050-09-04 21:00:00,3218.08
2050-09-04 22:00:00,3436.96
2050-09-04 23:00:00,2490.35
2050-09-05 00:00:00,1669.96
2050-09-05 01:00:00,1146.37
2050-09-05 02:00:00,1008.02
2050-09-05 03:00:00,848.29
2050-09-05 04:00:00,589.15
2050-09-05 05:00:00,771.63
2050-09-05 06:00:00,807.41
2050-09-05 07:00:00,922.72
2050-09-05 08:00:00,1070.78
2050-09-05 09:00:00,1436.45
2050-09-05 10:00:00,2078.59
2050-09-05 11:00:00,2401.46
2050-09-05 12:00:00,2505.16
2050-09-05 13:00:00,2931.56
2050-09-05 14:00:00,2820.53
2050-09-05 15:00:00,3254.51
2050-09-05 16:00:00,3186.15
2050-09-05 17:00:00,3400.31
2050-09-05 18:00:00,3597.92
2050-09-05 19:00:00,2565.8
2050-09-05 20:00:00,2529.54
2050-09-05 21:00:00,2789.32
2050-09-05 22:00:00,2542.76
2050-09-05 23:00:00,2352.09
2050-09-06 00:00:00,2126.61
2050-09-06 01:00:00,2119.85
2050-09-06 02:00:00,1660.35
2050-09-06 03:00:00,1386.05
2050-09-06 04:00:00,1435.75
2050-09-06 05:00:00,1149.15
2050-09-06 06:00:00,876.43
2050-09-06 07:00:00,597.73
2050-09-06 08:00:00,333.78
2050-09-06 09:00:00,1252.46
2050-09-06 10:00:00,1815.58
2050-09-06 11:00:00,1761.9
2050-09-06 12:00:00,2726.4
2050-09-06 13:00:00,3462.62
2050-09-06 14:00:00,2838.26
2050-09-06 15:00:00,2265.59
2050-09-06 16:00:00,2628.73
2050-09-06 17:00:00,2358.48
2050-09-06 18:00:00,2388.17
2050-09-06 19:00:00,2325.45
2050-09-06 20:00:00,1679.92
2050-09-06 21:00:00,1958.67
2050-09-06 22:00:00,2038.78
2050-09-06 23:00:00,1414.75
2050-09-07 00:00:00,1541.93
2050-09-07 01:00:00,1528.16
2050-09-07 02:00:00,1328.43
2050-09-07 03:00:00,1394.46
2050-09-07 04:00:00,1012.16
2050-09-07 05:00:00,622.91
2050-09-07 06:00:00,778.39
2050-09-07 07:00:00,569.9
2050-09-07 08:00:00,1358.13
2050-09-07 09:00:00,2149.85
2050-09-07 10:00:00,2185.32
2050-09-07 11:00:00,2984.24
2050-09-07 12:00:00,3247.05
2050-09-07 13:00:00,3685.64
2050-09-07 14:00:00,3407.14
2050-09-07 15:00:00,3327.59
2050-09-07 16:00:00,3125.78
2050-09-07 17:00:00,2968.9
2050-09-07 18:00:00,3257.72
2050-09-07 19:00:00,3350.5
2050-09-07 20:00:00,2930.2
2050-09-07 21:00:00,3140.78
2050-09-07 22:00:00,2719.43
2050-09-07 23:00:00,2532.7
2050-09-08 00:00:00,2517.45
2050-09-08 01:00:00,2283.77
2050-09-08 02:00:00,2059.59
2050-09-08 03:00:00,1695.49
2050-09-08 04:00:00,1389.07
2050-09-08 05:00:00,1211.23
2050-09-08 06:00:00,1189.66
2050-09-08 07:00:00,1497.73
2050-09-08 08:00:00,1580.64
2050-09-08 09:00:00,2199.79
2050-09-08 10:00:00,2444.86
2050-09-08 11:00:00,2705.32
2050-09-08 12:00:00,2999.17
2050-09-08 13:00:00,2982.6
2050-09-08 14:00:00,2995.74
2050-09-08 15:00:00,3201.6
2050-09-08 16:00:00,3393.44
2050-09-08 17:00:00,3487.59
2050-09-08 18:00:00,3993.94
2050-09-08 19:00:00,2964.23
2050-09-08 20:00:00,3358.95
2050-09-08 21:00:00,3230.24
2050-09-08 22:00:00,2633.37
2050-09-08 23:00:00,1978.69
2050-09-09 00:00:00,2004.59
2050-09-09 01:00:00,1094.78
2050-09-09 02:00:00,1109.96
2050-09-09 03:00:00,638.07
2050-09-09 04:00:00,1084.39
2050-09-09 05:00:00,1201.38
2050-09-09 06:00:00,1618.13
2050-09-09 07:00:00,1781.46
2050-09-09 08:00:00,2042.32
2050-09-09 09:00:00,2541.82
2050-09-09 10:00:00,3051.54
2050-09-09 11:00:00,3029.18
2050-09-09 12:00:00,3040.79
2050-09-09 13:00:00,3517.42
2050-09-09 14:00:00,3737.29
2050-09-09 15:00:00,3347.12
2050-09-09 16:00:00,3802.16
2050-09-09 17:00:00,4144.73
2050-09-09 18:00:00,4723.14
2050-09-09 19:00:00,4661.56
2050-09-09 20:00:00,3961.82
2050-09-09 21:00:00,3720.51
2050-09-09 22:00:00,3374.56
2050-09-09 23:00:00,3058.08
2050-09-10 00:00:00,2588.28
2050-09-10 01:00:00,2198.23
2050-09-10 02:00:00,2472.92
2050-09-10 03:00:00,2281.46
2050-09-10 04:00:00,2021.11
2050-09-10 05:00:00,2019.44
2050-09-10 06:00:00,2039.64
2050-09-10 07:00:00,2018.95
2050-09-10 08:00:00,1714.16
2050-09-10 09:00:00,2158.37
2050-09-10 10:00:00,2399.86
2050-09-10 11:00:00,1973.84
2050-09-10 12:00:00,2089.7
2050-09-10 13:00:00,2226.25
2050-09-10 14:00:00,2652.51
2050-09-10 15:00:00,3035.07
2050-09-10 16:00:00,3276.93
2050-09-10 17:00:00,3661.45
2050-09-10 18:00:00,3845.41
2050-09-10 19:00:00,3315.96
2050-09-10 20:00:00,3134.64
2050-09-10 21:00:00,3300.14
2050-09-10 22:00:00,3231.55
2050-09-10 23:00:00,2601.14
2050-09-11 00:00:00,1595.83
2050-09-11 01:00:00,1736.88
2050-09-11 02:00:00,1867.62
2050-09-11 03:00:00,1080.7
2050-09-11 04:00:00,624.55
2050-09-11 05:00:00,751.18
2050-09-11 06:00:00,1349.57
2050-09-11 07:00:00,1919.29
2050-09-11 08:00:00,2218.45
2050-09-11 09:00:00,1973.44
2050-09-11 10:00:00,2451.06
2050-09-11 11:00:00,2801.23
2050-09-11 12:00:00,3205.38
2050-09-11 13:00:00,3712.01
2050-09-11 14:00:00,4088.87
2050-09-11 15:00:00,4148.81
2050-09-11 16:00:00,4620.03
2050-09-11 17:00:00,5163.56
2050-09-11 18:00:00,5231.84
2050-09-11 19:00:00,4869.14
2050-09-11 20:00:00,3750.97
2050-09-11 21:00:00,3448.95
2050-09-11 22:00:00,2734.36
2050-09-11 23:00:00,2402.01
2050-09-12 00:00:00,1927.23
2050-09-12 01:00:00,2064.18
2050-09-12 02:00:00,2024.34
2050-09-12 03:00:00,1694.67
2050-09-12 04:00:00,1745.36
2050-09-12 05:00:00,1887.11
2050-09-12 06:00:00,1964.42
2050-09-12 07:00:00,2368.82
2050-09-12 08:00:00,2310.17
2050-09-12 09:00:00,2653.85
2050-09-12 10:00:00,2726.15
2050-09-12 11:00:00,3012.67
2050-09-12 12:00:00,2965.19
2050-09-12 13:00:00,2967.48
2050-09-12 14:00:00,2978.48
2050-09-12 15:00:00,2564.63
2050-09-12 16:00:00,2818.26
2050-09-12 17:00:00,3016.73
2050-09-12 18:00:00,2439.63
2050-09-12 19:00:00,2196.35
2050-09-12 20:00:00,2592.84
2050-09-12 21:00:00,2592.33
2050-09-12 22:00:00,2203.74
2050-09-12 23:00:00,1892.2
2050-09-13 00:00:00,1693.98
2050-09-13 01:00:00,2233.66
2050-09-13 02:00:00,1644.74
2050-09-13 03:00:00,1118.63
2050-09-13 04:00:00,1536.06
2050-09-13 05:00:00,1544.54
2050-09-13 06:00:00,1522.42
2050-09-13 07:00:00,1261.06
2050-09-13 08:00:00,1172.47
2050-09-13 09:00:00,1891.87
2050-09-13 10:00:00,2600.21
2050-09-13 11:00:00,3197.37
2050-09-13 12:00:00,3470.93
2050-09-13 13:00:00,3267.5
2050-09-13 14:00:00,3698.06
2050-09-13 15:00:00,3929.63
2050-09-13 16:00:00,3511.51
2050-09-13 17:00:00,4117.67
2050-09-13 18:00:00,4425.17
2050-09-13 19:00:00,3867.16
2050-09-13 20:00:00,3703.45
2050-09-13 21:00:00,2931.71
2050-09-13 22:00:00,2475.82
2050-09-13 23:00:00,2230.09
2050-09-14 00:00:00,2261.32
2050-09-14 01:00:00,1644.27
2050-09-14 02:00:00,1097.22
2050-09-14 03:00:00,673.87
2050-09-14 04:00:00,-66.65
2050-09-14 05:00:00,204.0
2050-09-14 06:00:00,907.52
2050-09-14 07:00:00,1311.97
2050-09-14 08:00:00,1364.13
2050-09-14 09:00:00,1373.98
2050-09-14 10:00:00,1704.47
2050-09-14 11:00:00,2069.26
2050-09-14 12:00:00,2378.71
2050-09-14 13:00:00,2705.3
2050-09-14 14:00:00,3344.76
2050-09-14 15:00:00,3440.59
2050-09-14 16:00:00,3839.69
2050-09-14 17:00:00,4062.87
2050-09-14 18:00:00,3523.82
2050-09-14 19:00:00,3460.33
2050-09-14 20:00:00,3106.41
2050-09-14 21:00:00,2387.31
2050-09-14 22:00:00,1526.06
2050-09-14 23:00:00,809.86
2050-09-15 00:00:00,488.05
2050-09-15 01:00:00,-11.51
2050-09-15 02:00:00,261.98
2050-09-15 03:00:00,62.97
2050-09-15 04:00:00,370.91
2050-09-15 05:00:00,548.04
2050-09-15 06:00:00,561.24
2050-09-15 07:00:00,668.64
2050-09-15 08:00:00,1682.08
2050-09-15 09:00:00,2146.37
2050-09-15 10:00:00,2438.16
2050-09-15 11:00:00,2896.15
2050-09-15 12:00:00,3388.14
2050-09-15 13:00:00,3639.29
2050-09-15 14:00:00,3878.69
2050-09-15 15:00:00,4087.93
2050-09-15 16:00:00,4385.18
2050-09-15 17:00:00,4494.72
2050-09-15 18:00:00,4740.1
2050-09-15 19:00:00,4615.08
2050-09-15 20:00:00,4058.23
2050-09-15 21:00:00,3634.74
2050-09-15 22:00:00,3432.58
2050-09-15 23:00:00,2935.77
2050-09-16 00:00:00,2470.41
2050-09-16 01:00:00,2644.4
2050-09-16 02:00:00,2536.66
2050-09-16 03:00:00,2489.63
2050-09-16 04:00:00,2360.82
2050-09-16 05:00:00,2254.47
2050-09-16 06:00:00,2271.42
2050-09-16 07:00:00,2640.58
2050-09-16 08:00:00,2746.62
2050-09-16 09:00:00,3181.47
2050-09-16 10:00:00,3228.64
2050-09-16 11:00:00,3343.93
2050-09-16 12:00:00,3559.18
2050-09-16 13:00:00,3740.02
2050-09-16 14:00:00,3806.64
2050-09-16 15:00:00,4015.51
2050-09-16 16:00:00,4276.42
2050-09-16 17:00:00,4502.58
2050-09-16 18:00:00,4645.52
2050-09-16 19:00:00,4903.47
2050-09-16 20:00:00,4611.6
2050-09-16 21:00:00,4696.48
2050-09-16 22:00:00,4332.58
2050-09-16 23:00:00,4110.26
2050-09-17 00:00:00,3561.84
2050-09-17 01:00:00,3324.67
2050-09-17 02:00:00,2838.79
2050-09-17 03:00:00,2576.78
2050-09-17 04:00:00,2618.61
2050-09-17 05:00:00,2551.92
2050-09-17 06:00:00,2705.04
2050-09-17 07:00:00,2663.29
2050-09-17 08:00:00,3035.96
2050-09-17 09:00:00,3619.31
2050-09-17 10:00:00,3882.38
2050-09-17 11:00:00,4124.19
2050-09-17 12:00:00,4272.64
2050-09-17 13:00:00,4425.48
2050-09-17 14:00:00,4446.95
2050-09-17 15:00:00,4548.68
2050-09-17 16:00:00,4612.15
2050-09-17 17:00:00,4770.23
2050-09-17 18:00:00,4637.93
2050-09-17 19:00:00,4074.12
2050-09-17 20:00:00,3405.8
2050-09-17 21:00:00,3210.32
2050-09-17 22:00:00,3125.27
2050-09-17 23:00:00,2255.68
2050-09-18 00:00:00,1888.13
2050-09-18 01:00:00,1626.09
2050-09-18 02:00:00,1506.03
2050-09-18 03:00:00,1082.46
2050-09-18 04:00:00,986.53
2050-09-18 05:00:00,355.22
2050-09-18 06:00:00,803.68
2050-09-18 07:00:00,1110.06
2050-09-18 08:00:00,-35.28
2050-09-18 09:00:00,666.85
2050-09-18 10:00:00,920.14
2050-09-18 11:00:00,1006.16
2050-09-18 12:00:00,918.32
2050-09-18 13:00:00,1687.16
2050-09-18 14:00:00,1770.16
2050-09-18 15:00:00,2503.16
2050-09-18 16:00:00,2887.21
2050-09-18 17:00:00,2987.59
2050-09-18 18:00:00,2659.04
2050-09-18 19:00:00,1977.14
2050-09-18 20:00:00,1519.03
2050-09-18 21:00:00,941.14
2050-09-18 22:00:00,1031.41
2050-09-18 23:00:00,887.62
2050-09-19 00:00:00,35.11
2050-09-19 01:00:00,362.96
2050-09-19 02:00:00,-172.2
2050-09-19 03:00:00,-478.32
2050-09-19 04:00:00,-394.65
2050-09-19 05:00:00,-158.52
2050-09-19 06:00:00,5.03
2050-09-19 07:00:00,1.04
2050-09-19 08:00:00,34.71
2050-09-19 09:00:00,434.67
2050-09-19 10:00:00,1341.98
2050-09-19 11:00:00,1885.67
2050-09-19 12:00:00,2210.98
2050-09-19 13:00:00,2644.84
2050-09-19 14:00:00,2611.42
2050-09-19 15:00:00,2511.34
2050-09-19 16:00:00,3264.35
2050-09-19 17:00:00,3698.11
2050-09-19 18:00:00,4098.58
2050-09-19 19:00:00,4300.85
2050-09-19 20:00:00,3838.16
2050-09-19 21:00:00,3089.37
2050-09-19 22:00:00,3351.53
2050-09-19 23:00:00,3145.93
2050-09-20 00:00:00,2635.75
2050-09-20 01:00:00,1559.2
2050-09-20 02:00:00,1190.73
2050-09-20 03:00:00,837.27
2050-09-20 04:00:00,652.36
2050-09-20 05:00:00,667.54
2050-09-20 06:00:00,689.18
2050-09-20 07:00:00,1082.58
2050-09-20 08:00:00,1644.49
2050-09-20 09:00:00,1379.82
2050-09-20 10:00:00,1738.33
2050-09-20 11:00:00,1972.92
2050-09-20 12:00:00,2289.17
2050-09-20 13:00:00,2662.51
2050-09-20 14:00:00,3383.56
2050-09-20 15:00:00,4158.71
2050-09-20 16:00:00,4247.23
2050-09-20 17:00:00,4209.41
2050-09-20 18:00:00,4369.89
2050-09-20 19:00:00,3999.07
2050-09-20 20:00:00,3808.81
2050-09-20 21:00:00,3343.16
2050-09-20 22:00:00,2282.98
2050-09-20 23:00:00,2087.66
2050-09-21 00:00:00,1643.43
2050-09-21 01:00:00,1703.06
2050-09-21 02:00:00,1435.26
2050-09-21 03:00:00,1094.39
2050-09-21 04:00:00,897.71
2050-09-21 05:00:00,1203.94
2050-09-21 06:00:00,1321.6
2050-09-21 07:00:00,1294.85
2050-09-21 08:00:00,1601.98
2050-09-21 09:00:00,2314.8
2050-09-21 10:00:00,2340.41
2050-09-21 11:00:00,2858.01
2050-09-21 12:00:00,3222.93
2050-09-21 13:00:00,3591.94
2050-09-21 14:00:00,3684.86
2050-09-21 15:00:00,3890.74
2050-09-21 16:00:00,4048.3
2050-09-21 17:00:00,4062.91
2050-09-21 18:00:00,4106.56
2050-09-21 19:00:00,3039.82
2050-09-21 20:00:00,2426.33
2050-09-21 21:00:00,2114.27
2050-09-21 22:00:00,2118.63
2050-09-21 23:00:00,1965.33
2050-09-22 00:00:00,1376.78
2050-09-22 01:00:00,665.89
2050-09-22 02:00:00,228.48
2050-09-22 03:00:00,183.82
2050-09-22 04:00:00,-164.24
2050-09-22 05:00:00,303.68
2050-09-22 06:00:00,-43.52
2050-09-22 07:00:00,-454.64
2050-09-22 08:00:00,-414.75
2050-09-22 09:00:00,175.62
2050-09-22 10:00:00,493.95
2050-09-22 11:00:00,1249.28
2050-09-22 12:00:00,1956.48
2050-09-22 13:00:00,1988.59
2050-09-22 14:00:00,1596.63
2050-09-22 15:00:00,1236.62
2050-09-22 16:00:00,1954.71
2050-09-22 17:00:00,2643.1
2050-09-22 18:00:00,2905.64
2050-09-22 19:00:00,2004.06
2050-09-22 20:00:00,979.93
2050-09-22 21:00:00,634.01
2050-09-22 22:00:00,418.85
2050-09-22 23:00:00,274.67
2050-09-23 00:00:00,-137.16
2050-09-23 01:00:00,-70.44
2050-09-23 02:00:00,-506.18
2050-09-23 03:00:00,-889.11
2050-09-23 04:00:00,-1199.27
2050-09-23 05:00:00,-1159.51
2050-09-23 06:00:00,-1591.98
2050-09-23 07:00:00,-1610.59
2050-09-23 08:00:00,-498.26
2050-09-23 09:00:00,254.93
2050-09-23 10:00:00,110.32
2050-09-23 11:00:00,571.95
2050-09-23 12:00:00,520.97
2050-09-23 13:00:00,1031.91
2050-09-23 14:00:00,984.44
2050-09-23 15:00:00,1443.56
2050-09-23 16:00:00,1285.53
2050-09-23 17:00:00,1714.32
2050-09-23 18:00:00,1907.99
2050-09-23 19:00:00,1745.25
2050-09-23 20:00:00,1491.46
2050-09-23 21:00:00,1764.28
2050-09-23 22:00:00,1444.02
2050-09-23 23:00:00,1296.32
2050-09-24 00:00:00,637.33
2050-09-24 01:00:00,709.84
2050-09-24 02:00:00,504.22
2050-09-24 03:00:00,-112.09
2050-09-24 04:00:00,-266.65
2050-09-24 05:00:00,187.87
2050-09-24 06:00:00,159.37
2050-09-24 07:00:00,464.6
2050-09-24 08:00:00,913.78
2050-09-24 09:00:00,1359.76
2050-09-24 10:00:00,2110.3
2050-09-24 11:00:00,2666.77
2050-09-24 12:00:00,3327.35
2050-09-24 13:00:00,3487.9
2050-09-24 14:00:00,3780.77
2050-09-24 15:00:00,4033.72
2050-09-24 16:00:00,4381.47
2050-09-24 17:00:00,4256.63
2050-09-24 18:00:00,4584.09
2050-09-24 19:00:00,4022.41
2050-09-24 20:00:00,3537.91
2050-09-24 21:00:00,3796.02
2050-09-24 22:00:00,3206.36
2050-09-24 23:00:00,3262.89
2050-09-25 00:00:00,2366.26
2050-09-25 01:00:00,2140.74
2050-09-25 02:00:00,1649.51
2050-09-25 03:00:00,1925.86
2050-09-25 04:00:00,1730.93
2050-09-25 05:00:00,1926.54
2050-09-25 06:00:00,1998.77
2050-09-25 07:00:00,2215.32
2050-09-25 08:00:00,2202.99
2050-09-25 09:00:00,3104.75
2050-09-25 10:00:00,2958.68
2050-09-25 11:00:00,3759.82
2050-09-25 12:00:00,3809.96
2050-09-25 13:00:00,3771.65
2050-09-25 14:00:00,3429.9
2050-09-25 15:00:00,3522.02
2050-09-25 16:00:00,3410.32
2050-09-25 17:00:00,3872.57
2050-09-25 18:00:00,4521.56
2050-09-25 19:00:00,3629.57
2050-09-25 20:00:00,3493.97
2050-09-25 21:00:00,1889.29
2050-09-25 22:00:00,1886.55
2050-09-25 23:00:00,1034.92
2050-09-26 00:00:00,1673.63
2050-09-26 01:00:00,1255.84
2050-09-26 02:00:00,814.3
2050-09-26 03:00:00,908.19
2050-09-26 04:00:00,938.06
2050-09-26 05:00:00,519.81
2050-09-26 06:00:00,413.62
2050-09-26 07:00:00,406.16
2050-09-26 08:00:00,299.8
2050-09-26 09:00:00,651.99
2050-09-26 10:00:00,505.72
2050-09-26 11:00:00,532.3
2050-09-26 12:00:00,357.68
2050-09-26 13:00:00,404.96
2050-09-26 14:00:00,592.2
2050-09-26 15:00:00,888.98
2050-09-26 16:00:00,546.91
2050-09-26 17:00:00,324.87
2050-09-26 18:00:00,1705.58
2050-09-26 19:00:00,2170.32
2050-09-26 20:00:00,1827.83
2050-09-26 21:00:00,1896.74
2050-09-26 22:00:00,1792.98
2050-09-26 23:00:00,1615.54
2050-09-27 00:00:00,935.62
2050-09-27 01:00:00,344.66
2050-09-27 02:00:00,211.05
2050-09-27 03:00:00,191.24
2050-09-27 04:00:00,365.94
2050-09-27 05:00:00,762.71
2050-09-27 06:00:00,1080.42
2050-09-27 07:00:00,1120.12
2050-09-27 08:00:00,1387.7
2050-09-27 09:00:00,1938.41
2050-09-27 10:00:00,2206.61
2050-09-27 11:00:00,2528.79
2050-09-27 12:00:00,2573.66
2050-09-27 13:00:00,2271.33
2050-09-27 14:00:00,2596.26
2050-09-27 15:00:00,2596.4
2050-09-27 16:00:00,2462.89
2050-09-27 17:00:00,2483.42
2050-09-27 18:00:00,2894.27
2050-09-27 19:00:00,2247.98
2050-09-27 20:00:00,2359.76
2050-09-27 21:00:00,2383.57
2050-09-27 22:00:00,2224.0
2050-09-27 23:00:00,1736.8
2050-09-28 00:00:00,981.13
2050-09-28 01:00:00,1079.46
2050-09-28 02:00:00,497.61
2050-09-28 03:00:00,-115.25
2050-09-28 04:00:00,-269.62
2050-09-28 05:00:00,104.2
2050-09-28 06:00:00,-309.47
2050-09-28 07:00:00,-457.0
2050-09-28 08:00:00,247.14
2050-09-28 09:00:00,1611.3
2050-09-28 10:00:00,1276.53
2050-09-28 11:00:00,1184.71
2050-09-28 12:00:00,1311.77
2050-09-28 13:00:00,1726.93
2050-09-28 14:00:00,2065.35
2050-09-28 15:00:00,2496.66
2050-09-28 16:00:00,2145.26
2050-09-28 17:00:00,2346.04
2050-09-28 18:00:00,2556.87
2050-09-28 19:00:00,2040.01
2050-09-28 20:00:00,1973.7
2050-09-28 21:00:00,2122.16
2050-09-28 22:00:00,1161.24
2050-09-28 23:00:00,553.29
2050-09-29 00:00:00,166.48
2050-09-29 01:00:00,-27.24
2050-09-29 02:00:00,-119.18
2050-09-29 03:00:00,-770.52
2050-09-29 04:00:00,-1184.89
2050-09-29 05:00:00,-1435.09
2050-09-29 06:00:00,-922.32
2050-09-29 07:00:00,-72.08
2050-09-29 08:00:00,-570.68
2050-09-29 09:00:00,692.91
2050-09-29 10:00:00,1374.34
2050-09-29 11:00:00,1536.24
2050-09-29 12:00:00,1935.97
2050-09-29 13:00:00,2404.86
2050-09-29 14:00:00,3375.72
2050-09-29 15:00:00,4092.44
2050-09-29 16:00:00,3848.5
2050-09-29 17:00:00,3704.09
2050-09-29 18:00:00,4357.65
2050-09-29 19:00:00,3093.58
2050-09-29 20:00:00,3240.02
2050-09-29 21:00:00,2766.48
2050-09-29 22:00:00,1958.03
2050-09-29 23:00:00,434.15
2050-09-30 00:00:00,786.37
2050-09-30 01:00:00,-316.53
2050-09-30 02:00:00,-1316.69
2050-09-30 03:00:00,-2010.66
2050-09-30 04:00:00,-1908.54
2050-09-30 05:00:00,-538.98
2050-09-30 06:00:00,-1566.99
2050-09-30 07:00:00,-1630.07
2050-09-30 08:00:00,-909.14
2050-09-30 09:00:00,-466.39
2050-09-30 10:00:00,-54.45
2050-09-30 11:00:00,191.09
2050-09-30 12:00:00,1085.21
2050-09-30 13:00:00,1202.64
2050-09-30 14:00:00,1254.15
2050-09-30 15:00:00,1470.71
2050-09-30 16:00:00,1326.39
2050-09-30 17:00:00,1733.3
2050-09-30 18:00:00,2328.05
2050-09-30 19:00:00,1805.29
2050-09-30 20:00:00,1688.69
2050-09-30 21:00:00,1650.37
2050-09-30 22:00:00,1160.03
2050-09-30 23:00:00,893.83
2050-10-01 00:00:00,-274.93
2050-10-01 01:00:00,-143.86
2050-10-01 02:00:00,40.46
2050-10-01 03:00:00,-269.19
2050-10-01 04:00:00,-375.58
2050-10-01 05:00:00,-440.85
2050-10-01 06:00:00,-226.27
2050-10-01 07:00:00,-241.21
2050-10-01 08:00:00,159.15
2050-10-01 09:00:00,331.39
2050-10-01 10:00:00,664.12
2050-10-01 11:00:00,1022.19
2050-10-01 12:00:00,987.03
2050-10-01 13:00:00,1653.89
2050-10-01 14:00:00,1708.83
2050-10-01 15:00:00,1643.73
2050-10-01 16:00:00,1357.45
2050-10-01 17:00:00,1625.63
2050-10-01 18:00:00,1923.74
2050-10-01 19:00:00,1672.6
2050-10-01 20:00:00,670.5
2050-10-01 21:00:00,462.17
2050-10-01 22:00:00,732.53
2050-10-01 23:00:00,475.01
2050-10-02 00:00:00,114.56
2050-10-02 01:00:00,-474.6
2050-10-02 02:00:00,-1088.35
2050-10-02 03:00:00,-1016.0
2050-10-02 04:00:00,-1075.85
2050-10-02 05:00:00,-1008.13
2050-10-02 06:00:00,-778.87
2050-10-02 07:00:00,-910.72
2050-10-02 08:00:00,-218.76
2050-10-02 09:00:00,-344.32
2050-10-02 10:00:00,-570.95
2050-10-02 11:00:00,-187.79
2050-10-02 12:00:00,-489.72
2050-10-02 13:00:00,-323.01
2050-10-02 14:00:00,-38.23
2050-10-02 15:00:00,271.74
2050-10-02 16:00:00,889.81
2050-10-02 17:00:00,1761.5
2050-10-02 18:00:00,1823.86
2050-10-02 19:00:00,1163.7
2050-10-02 20:00:00,-389.38
2050-10-02 21:00:00,822.44
2050-10-02 22:00:00,-88.51
2050-10-02 23:00:00,-387.48
2050-10-03 00:00:00,-1078.5
2050-10-03 01:00:00,165.46
2050-10-03 02:00:00,49.95
2050-10-03 03:00:00,169.46
2050-10-03 04:00:00,202.56
2050-10-03 05:00:00,-36.41
2050-10-03 06:00:00,247.4
2050-10-03 07:00:00,699.61
2050-10-03 08:00:00,907.64
2050-10-03 09:00:00,208.3
2050-10-03 10:00:00,361.22
2050-10-03 11:00:00,900.57
2050-10-03 12:00:00,1101.7
2050-10-03 13:00:00,1212.8
2050-10-03 14:00:00,1594.36
2050-10-03 15:00:00,1619.21
2050-10-03 16:00:00,1762.57
2050-10-03 17:00:00,2089.39
2050-10-03 18:00:00,2413.98
2050-10-03 19:00:00,2363.5
2050-10-03 20:00:00,2738.84
2050-10-03 21:00:00,2265.36
2050-10-03 22:00:00,1823.29
2050-10-03 23:00:00,1912.86
2050-10-04 00:00:00,1494.88
2050-10-04 01:00:00,1179.95
2050-10-04 02:00:00,450.11
2050-10-04 03:00:00,386.24
2050-10-04 04:00:00,-113.9
2050-10-04 05:00:00,-213.61
2050-10-04 06:00:00,-39.23
2050-10-04 07:00:00,463.65
2050-10-04 08:00:00,508.3
2050-10-04 09:00:00,659.87
2050-10-04 10:00:00,603.61
2050-10-04 11:00:00,49.14
2050-10-04 12:00:00,324.25
2050-10-04 13:00:00,278.95
2050-10-04 14:00:00,55.07
2050-10-04 15:00:00,107.14
2050-10-04 16:00:00,-107.71
2050-10-04 17:00:00,52.32
2050-10-04 18:00:00,-228.87
2050-10-04 19:00:00,502.08
2050-10-04 20:00:00,1025.89
2050-10-04 21:00:00,483.06
2050-10-04 22:00:00,799.7
2050-10-04 23:00:00,948.05
2050-10-05 00:00:00,-443.24
2050-10-05 01:00:00,-69.43
2050-10-05 02:00:00,-242.64
2050-10-05 03:00:00,-935.72
2050-10-05 04:00:00,-595.28
2050-10-05 05:00:00,8.61
2050-10-05 06:00:00,456.31
2050-10-05 07:00:00,383.49
2050-10-05 08:00:00,1102.06
2050-10-05 09:00:00,1680.11
2050-10-05 10:00:00,1492.71
2050-10-05 11:00:00,1754.38
2050-10-05 12:00:00,1835.08
2050-10-05 13:00:00,2400.34
2050-10-05 14:00:00,2295.29
2050-10-05 15:00:00,2496.8
2050-10-05 16:00:00,2684.27
2050-10-05 17:00:00,3208.58
2050-10-05 18:00:00,3269.05
2050-10-05 19:00:00,3768.12
2050-10-05 20:00:00,3851.15
2050-10-05 21:00:00,3611.1
2050-10-05 22:00:00,3446.7
2050-10-05 23:00:00,3356.87
2050-10-06 00:00:00,2787.36
2050-10-06 01:00:00,2756.61
2050-10-06 02:00:00,2639.22
2050-10-06 03:00:00,2519.85
2050-10-06 04:00:00,2297.34
2050-10-06 05:00:00,2341.3
2050-10-06 06:00:00,2447.82
2050-10-06 07:00:00,2510.91
2050-10-06 08:00:00,2825.11
2050-10-06 09:00:00,3064.28
2050-10-06 10:00:00,3043.53
2050-10-06 11:00:00,3238.75
2050-10-06 12:00:00,3302.85
2050-10-06 13:00:00,3262.75
2050-10-06 14:00:00,3331.65
2050-10-06 15:00:00,3521.32
2050-10-06 16:00:00,3828.27
2050-10-06 17:00:00,4232.61
2050-10-06 18:00:00,4263.73
2050-10-06 19:00:00,3815.84
2050-10-06 20:00:00,3792.16
2050-10-06 21:00:00,3354.84
2050-10-06 22:00:00,2833.19
2050-10-06 23:00:00,2522.35
2050-10-07 00:00:00,2082.54
2050-10-07 01:00:00,2154.7
2050-10-07 02:00:00,1976.4
2050-10-07 03:00:00,1731.75
2050-10-07 04:00:00,1808.17
2050-10-07 05:00:00,1827.52
2050-10-07 06:00:00,2451.92
2050-10-07 07:00:00,2165.19
2050-10-07 08:00:00,2344.28
2050-10-07 09:00:00,2396.09
2050-10-07 10:00:00,1950.64
2050-10-07 11:00:00,2046.84
2050-10-07 12:00:00,2408.77
2050-10-07 13:00:00,1858.64
2050-10-07 14:00:00,2017.07
2050-10-07 15:00:00,1238.67
2050-10-07 16:00:00,1413.65
2050-10-07 17:00:00,1791.46
2050-10-07 18:00:00,1595.89
2050-10-07 19:00:00,2668.88
2050-10-07 20:00:00,1058.75
2050-10-07 21:00:00,892.15
2050-10-07 22:00:00,1169.91
2050-10-07 23:00:00,732.34
2050-10-08 00:00:00,666.7
2050-10-08 01:00:00,551.31
2050-10-08 02:00:00,1007.33
2050-10-08 03:00:00,639.48
2050-10-08 04:00:00,-504.21
2050-10-08 05:00:00,-426.45
2050-10-08 06:00:00,-165.94
2050-10-08 07:00:00,147.02
2050-10-08 08:00:00,667.32
2050-10-08 09:00:00,916.17
2050-10-08 10:00:00,624.86
2050-10-08 11:00:00,974.27
2050-10-08 12:00:00,1394.02
2050-10-08 13:00:00,1531.62
2050-10-08 14:00:00,1939.73
2050-10-08 15:00:00,2323.16
2050-10-08 16:00:00,2342.42
2050-10-08 17:00:00,2771.5
2050-10-08 18:00:00,2788.0
2050-10-08 19:00:00,1823.77
2050-10-08 20:00:00,2184.32
2050-10-08 21:00:00,1870.17
2050-10-08 22:00:00,1804.71
2050-10-08 23:00:00,1561.57
2050-10-09 00:00:00,954.29
2050-10-09 01:00:00,740.43
2050-10-09 02:00:00,319.7
2050-10-09 03:00:00,25.39
2050-10-09 04:00:00,-394.67
2050-10-09 05:00:00,-597.74
2050-10-09 06:00:00,-997.22
2050-10-09 07:00:00,-859.05
2050-10-09 08:00:00,-556.98
2050-10-09 09:00:00,-768.76
2050-10-09 10:00:00,-733.4
2050-10-09 11:00:00,-1373.58
2050-10-09 12:00:00,-1130.57
2050-10-09 13:00:00,-1067.66
2050-10-09 14:00:00,-1180.16
2050-10-09 15:00:00,-934.23
2050-10-09 16:00:00,-686.67
2050-10-09 17:00:00,-443.33
2050-10-09 18:00:00,-221.75
2050-10-09 19:00:00,-367.05
2050-10-09 20:00:00,-582.42
2050-10-09 21:00:00,-759.95
2050-10-09 22:00:00,-1075.5
2050-10-09 23:00:00,-1220.36
2050-10-10 00:00:00,-1670.36
2050-10-10 01:00:00,-1657.19
2050-10-10 02:00:00,-1898.38
2050-10-10 03:00:00,-1789.04
2050-10-10 04:00:00,-1639.26
2050-10-10 05:00:00,-892.4
2050-10-10 06:00:00,-883.18
2050-10-10 07:00:00,187.22
2050-10-10 08:00:00,220.51
2050-10-10 09:00:00,731.47
2050-10-10 10:00:00,968.13
2050-10-10 11:00:00,1090.91
2050-10-10 12:00:00,1287.74
2050-10-10 13:00:00,1065.78
2050-10-10 14:00:00,935.24
2050-10-10 15:00:00,997.34
2050-10-10 16:00:00,1450.44
2050-10-10 17:00:00,2354.27
2050-10-10 18:00:00,2513.92
2050-10-10 19:00:00,1848.69
2050-10-10 20:00:00,1612.07
2050-10-10 21:00:00,922.79
2050-10-10 22:00:00,965.18
2050-10-10 23:00:00,1804.7
2050-10-11 00:00:00,442.15
2050-10-11 01:00:00,387.77
2050-10-11 02:00:00,-0.67
2050-10-11 03:00:00,-101.39
2050-10-11 04:00:00,370.08
2050-10-11 05:00:00,732.41
2050-10-11 06:00:00,899.14
2050-10-11 07:00:00,1184.63
2050-10-11 08:00:00,1372.57
2050-10-11 09:00:00,1442.07
2050-10-11 10:00:00,833.54
2050-10-11 11:00:00,923.2
2050-10-11 12:00:00,1975.25
2050-10-11 13:00:00,2018.01
2050-10-11 14:00:00,2008.55
2050-10-11 15:00:00,2563.8
2050-10-11 16:00:00,2644.08
2050-10-11 17:00:00,2588.19
2050-10-11 18:00:00,2752.52
2050-10-11 19:00:00,3461.24
2050-10-11 20:00:00,2456.44
2050-10-11 21:00:00,1903.54
2050-10-11 22:00:00,1644.75
2050-10-11 23:00:00,1562.92
2050-10-12 00:00:00,937.52
2050-10-12 01:00:00,1497.37
2050-10-12 02:00:00,826.64
2050-10-12 03:00:00,-12.18
2050-10-12 04:00:00,-199.67
2050-10-12 05:00:00,-807.86
2050-10-12 06:00:00,-180.19
2050-10-12 07:00:00,-344.24
2050-10-12 08:00:00,650.15
2050-10-12 09:00:00,454.15
2050-10-12 10:00:00,1031.45
2050-10-12 11:00:00,1372.18
2050-10-12 12:00:00,1737.98
2050-10-12 13:00:00,1671.44
2050-10-12 14:00:00,1828.45
2050-10-12 15:00:00,2397.83
2050-10-12 16:00:00,2554.37
2050-10-12 17:00:00,2825.2
2050-10-12 18:00:00,2589.9
2050-10-12 19:00:00,2814.53
2050-10-12 20:00:00,2660.36
2050-10-12 21:00:00,2497.04
2050-10-12 22:00:00,2068.72
2050-10-12 23:00:00,1521.1
2050-10-13 00:00:00,1360.6
2050-10-13 01:00:00,1448.11
2050-10-13 02:00:00,829.69
2050-10-13 03:00:00,889.8
2050-10-13 04:00:00,1608.93
2050-10-13 05:00:00,1546.12
2050-10-13 06:00:00,1591.46
2050-10-13 07:00:00,2218.67
2050-10-13 08:00:00,2334.3
2050-10-13 09:00:00,2292.76
2050-10-13 10:00:00,2175.94
2050-10-13 11:00:00,1845.14
2050-10-13 12:00:00,1630.23
2050-10-13 13:00:00,1420.05
2050-10-13 14:00:00,2075.62
2050-10-13 15:00:00,2119.96
2050-10-13 16:00:00,2796.21
2050-10-13 17:00:00,2658.96
2050-10-13 18:00:00,3366.57
2050-10-13 19:00:00,2567.23
2050-10-13 20:00:00,2693.97
2050-10-13 21:00:00,2982.45
2050-10-13 22:00:00,2435.01
2050-10-13 23:00:00,2065.07
2050-10-14 00:00:00,2676.77
2050-10-14 01:00:00,1951.74
2050-10-14 02:00:00,1171.9
2050-10-14 03:00:00,497.39
2050-10-14 04:00:00,927.85
2050-10-14 05:00:00,1230.84
2050-10-14 06:00:00,1916.15
2050-10-14 07:00:00,2184.75
2050-10-14 08:00:00,2872.36
2050-10-14 09:00:00,3161.2
2050-10-14 10:00:00,3106.72
2050-10-14 11:00:00,3063.92
2050-10-14 12:00:00,3142.13
2050-10-14 13:00:00,3267.69
2050-10-14 14:00:00,3194.23
2050-10-14 15:00:00,3256.28
2050-10-14 16:00:00,3303.58
2050-10-14 17:00:00,3592.47
2050-10-14 18:00:00,4055.31
2050-10-14 19:00:00,3945.55
2050-10-14 20:00:00,4203.38
2050-10-14 21:00:00,3841.3
2050-10-14 22:00:00,3524.42
2050-10-14 23:00:00,2464.37
2050-10-15 00:00:00,2381.93
2050-10-15 01:00:00,1671.09
2050-10-15 02:00:00,1379.97
2050-10-15 03:00:00,1589.16
2050-10-15 04:00:00,1607.95
2050-10-15 05:00:00,1694.59
2050-10-15 06:00:00,1827.87
2050-10-15 07:00:00,2363.32
2050-10-15 08:00:00,2702.6
2050-10-15 09:00:00,2744.68
2050-10-15 10:00:00,2708.43
2050-10-15 11:00:00,2705.63
2050-10-15 12:00:00,2589.26
2050-10-15 13:00:00,2473.26
2050-10-15 14:00:00,2144.71
2050-10-15 15:00:00,2105.06
2050-10-15 16:00:00,1959.01
2050-10-15 17:00:00,1352.53
2050-10-15 18:00:00,1469.44
2050-10-15 19:00:00,1211.08
2050-10-15 20:00:00,890.52
2050-10-15 21:00:00,847.71
2050-10-15 22:00:00,386.09
2050-10-15 23:00:00,47.05
2050-10-16 00:00:00,-87.63
2050-10-16 01:00:00,30.86
2050-10-16 02:00:00,580.28
2050-10-16 03:00:00,-86.24
2050-10-16 04:00:00,-869.42
2050-10-16 05:00:00,-416.57
2050-10-16 06:00:00,-546.83
2050-10-16 07:00:00,-224.68
2050-10-16 08:00:00,492.01
2050-10-16 09:00:00,433.73
2050-10-16 10:00:00,436.05
2050-10-16 11:00:00,752.17
2050-10-16 12:00:00,909.91
2050-10-16 13:00:00,875.72
2050-10-16 14:00:00,894.59
2050-10-16 15:00:00,920.82
2050-10-16 16:00:00,1158.08
2050-10-16 17:00:00,225.94
2050-10-16 18:00:00,704.83
2050-10-16 19:00:00,649.61
2050-10-16 20:00:00,-394.62
2050-10-16 21:00:00,362.04
2050-10-16 22:00:00,-531.79
2050-10-16 23:00:00,-632.41
2050-10-17 00:00:00,-546.15
2050-10-17 01:00:00,-265.37
2050-10-17 02:00:00,-730.24
2050-10-17 03:00:00,-314.38
2050-10-17 04:00:00,208.02
2050-10-17 05:00:00,117.34
2050-10-17 06:00:00,-141.95
2050-10-17 07:00:00,81.08
2050-10-17 08:00:00,400.59
2050-10-17 09:00:00,-102.86
2050-10-17 10:00:00,-1013.17
2050-10-17 11:00:00,-107.13
2050-10-17 12:00:00,101.98
2050-10-17 13:00:00,260.08
2050-10-17 14:00:00,-55.22
2050-10-17 15:00:00,47.92
2050-10-17 16:00:00,201.22
2050-10-17 17:00:00,68.53
2050-10-17 18:00:00,485.13
2050-10-17 19:00:00,204.13
2050-10-17 20:00:00,429.28
2050-10-17 21:00:00,417.29
2050-10-17 22:00:00,1205.9
2050-10-17 23:00:00,664.64
2050-10-18 00:00:00,-92.66
2050-10-18 01:00:00,-184.71
2050-10-18 02:00:00,-27.92
2050-10-18 03:00:00,-203.41
2050-10-18 04:00:00,-52.47
2050-10-18 05:00:00,143.52
2050-10-18 06:00:00,535.21
2050-10-18 07:00:00,981.09
2050-10-18 08:00:00,1421.57
2050-10-18 09:00:00,1722.23
2050-10-18 10:00:00,1190.38
2050-10-18 11:00:00,1315.57
2050-10-18 12:00:00,1117.61
2050-10-18 13:00:00,1155.22
2050-10-18 14:00:00,581.15
2050-10-18 15:00:00,449.89
2050-10-18 16:00:00,552.91
2050-10-18 17:00:00,547.25
2050-10-18 18:00:00,1101.38
2050-10-18 19:00:00,1491.9
2050-10-18 20:00:00,1370.83
2050-10-18 21:00:00,1734.08
2050-10-18 22:00:00,2146.22
2050-10-18 23:00:00,2473.39
2050-10-19 00:00:00,2116.17
2050-10-19 01:00:00,1874.35
2050-10-19 02:00:00,1804.08
2050-10-19 03:00:00,1583.51
2050-10-19 04:00:00,1640.73
2050-10-19 05:00:00,1654.89
2050-10-19 06:00:00,1906.37
2050-10-19 07:00:00,2191.77
2050-10-19 08:00:00,2556.04
2050-10-19 09:00:00,2650.27
2050-10-19 10:00:00,2778.04
2050-10-19 11:00:00,2800.82
2050-10-19 12:00:00,2933.19
2050-10-19 13:00:00,3086.96
2050-10-19 14:00:00,3255.68
2050-10-19 15:00:00,3148.16
2050-10-19 16:00:00,2890.62
2050-10-19 17:00:00,2779.31
2050-10-19 18:00:00,2808.04
2050-10-19 19:00:00,3193.7
2050-10-19 20:00:00,2792.96
2050-10-19 21:00:00,2288.27
2050-10-19 22:00:00,649.58
2050-10-19 23:00:00,707.67
2050-10-20 00:00:00,399.76
2050-10-20 01:00:00,506.91
2050-10-20 02:00:00,504.67
2050-10-20 03:00:00,503.41
2050-10-20 04:00:00,873.67
2050-10-20 05:00:00,609.47
2050-10-20 06:00:00,978.99
2050-10-20 07:00:00,635.79
2050-10-20 08:00:00,-171.81
2050-10-20 09:00:00,206.18
2050-10-20 10:00:00,475.16
2050-10-20 11:00:00,564.09
2050-10-20 12:00:00,1509.2
2050-10-20 13:00:00,1816.51
2050-10-20 14:00:00,1965.74
2050-10-20 15:00:00,1698.95
2050-10-20 16:00:00,2094.83
2050-10-20 17:00:00,1892.55
2050-10-20 18:00:00,2424.94
2050-10-20 19:00:00,2194.14
2050-10-20 20:00:00,2090.5
2050-10-20 21:00:00,2202.08
2050-10-20 22:00:00,1373.36
2050-10-20 23:00:00,1187.74
2050-10-21 00:00:00,961.78
2050-10-21 01:00:00,1222.49
2050-10-21 02:00:00,1538.35
2050-10-21 03:00:00,732.77
2050-10-21 04:00:00,1244.13
2050-10-21 05:00:00,1415.22
2050-10-21 06:00:00,1432.32
2050-10-21 07:00:00,2100.57
2050-10-21 08:00:00,2605.92
2050-10-21 09:00:00,1245.96
2050-10-21 10:00:00,1346.17
2050-10-21 11:00:00,1730.14
2050-10-21 12:00:00,2146.99
2050-10-21 13:00:00,2094.5
2050-10-21 14:00:00,2472.17
2050-10-21 15:00:00,2433.89
2050-10-21 16:00:00,2283.97
2050-10-21 17:00:00,2213.92
2050-10-21 18:00:00,1961.13
2050-10-21 19:00:00,2124.79
2050-10-21 20:00:00,2339.4
2050-10-21 21:00:00,1821.53
2050-10-21 22:00:00,1709.71
2050-10-21 23:00:00,1675.36
2050-10-22 00:00:00,1555.73
2050-10-22 01:00:00,1046.35
2050-10-22 02:00:00,1772.53
2050-10-22 03:00:00,1931.05
2050-10-22 04:00:00,2186.11
2050-10-22 05:00:00,2541.28
2050-10-22 06:00:00,2399.14
2050-10-22 07:00:00,2200.38
2050-10-22 08:00:00,2336.56
2050-10-22 09:00:00,2644.79
2050-10-22 10:00:00,2417.8
2050-10-22 11:00:00,1968.17
2050-10-22 12:00:00,1708.27
2050-10-22 13:00:00,1546.25
2050-10-22 14:00:00,1321.43
2050-10-22 15:00:00,974.93
2050-10-22 16:00:00,635.72
2050-10-22 17:00:00,958.63
2050-10-22 18:00:00,1658.58
2050-10-22 19:00:00,1062.15
2050-10-22 20:00:00,1382.53
2050-10-22 21:00:00,1731.18
2050-10-22 22:00:00,1694.1
2050-10-22 23:00:00,1589.54
2050-10-23 00:00:00,858.06
2050-10-23 01:00:00,1315.32
2050-10-23 02:00:00,1335.61
2050-10-23 03:00:00,393.36
2050-10-23 04:00:00,663.17
2050-10-23 05:00:00,892.63
2050-10-23 06:00:00,1213.49
2050-10-23 07:00:00,1217.76
2050-10-23 08:00:00,1195.02
2050-10-23 09:00:00,1150.44
2050-10-23 10:00:00,1193.21
2050-10-23 11:00:00,1210.6
2050-10-23 12:00:00,1246.32
2050-10-23 13:00:00,992.74
2050-10-23 14:00:00,1104.05
2050-10-23 15:00:00,1130.79
2050-10-23 16:00:00,1429.7
2050-10-23 17:00:00,1754.8
2050-10-23 18:00:00,1793.09
2050-10-23 19:00:00,1757.24
2050-10-23 20:00:00,1473.98
2050-10-23 21:00:00,1543.35
2050-10-23 22:00:00,1140.81
2050-10-23 23:00:00,1017.2
2050-10-24 00:00:00,925.74
2050-10-24 01:00:00,1013.63
2050-10-24 02:00:00,193.09
2050-10-24 03:00:00,140.29
2050-10-24 04:00:00,-310.65
2050-10-24 05:00:00,302.9
2050-10-24 06:00:00,510.35
2050-10-24 07:00:00,808.65
2050-10-24 08:00:00,1222.8
2050-10-24 09:00:00,1213.76
2050-10-24 10:00:00,1424.8
2050-10-24 11:00:00,1282.92
2050-10-24 12:00:00,1531.01
2050-10-24 13:00:00,1398.78
2050-10-24 14:00:00,1582.26
2050-10-24 15:00:00,644.69
2050-10-24 16:00:00,1944.46
2050-10-24 17:00:00,1585.42
2050-10-24 18:00:00,1324.65
2050-10-24 19:00:00,1559.12
2050-10-24 20:00:00,967.0
2050-10-24 21:00:00,1341.02
2050-10-24 22:00:00,494.79
2050-10-24 23:00:00,558.32
2050-10-25 00:00:00,369.18
2050-10-25 01:00:00,817.93
2050-10-25 02:00:00,1008.89
2050-10-25 03:00:00,1096.25
2050-10-25 04:00:00,1246.11
2050-10-25 05:00:00,896.83
2050-10-25 06:00:00,713.86
2050-10-25 07:00:00,690.52
2050-10-25 08:00:00,1315.29
2050-10-25 09:00:00,1145.36
2050-10-25 10:00:00,1370.1
2050-10-25 11:00:00,1287.34
2050-10-25 12:00:00,2171.6
2050-10-25 13:00:00,2049.08
2050-10-25 14:00:00,2436.7
2050-10-25 15:00:00,2808.27
2050-10-25 16:00:00,3382.57
2050-10-25 17:00:00,3523.93
2050-10-25 18:00:00,3085.81
2050-10-25 19:00:00,1992.05
2050-10-25 20:00:00,807.51
2050-10-25 21:00:00,846.49
2050-10-25 22:00:00,855.43
2050-10-25 23:00:00,658.03
2050-10-26 00:00:00,-73.84
2050-10-26 01:00:00,356.96
2050-10-26 02:00:00,586.26
2050-10-26 03:00:00,603.52
2050-10-26 04:00:00,516.0
2050-10-26 05:00:00,226.49
2050-10-26 06:00:00,1027.6
2050-10-26 07:00:00,1265.97
2050-10-26 08:00:00,1445.89
2050-10-26 09:00:00,1669.28
2050-10-26 10:00:00,2473.43
2050-10-26 11:00:00,2661.23
2050-10-26 12:00:00,2543.62
2050-10-26 13:00:00,2960.24
2050-10-26 14:00:00,3285.72
2050-10-26 15:00:00,3634.02
2050-10-26 16:00:00,3967.09
2050-10-26 17:00:00,3861.95
2050-10-26 18:00:00,4150.23
2050-10-26 19:00:00,3529.95
2050-10-26 20:00:00,3064.38
2050-10-26 21:00:00,2281.57
2050-10-26 22:00:00,2280.34
2050-10-26 23:00:00,1771.87
2050-10-27 00:00:00,1447.83
2050-10-27 01:00:00,793.9
2050-10-27 02:00:00,305.77
2050-10-27 03:00:00,-319.77
2050-10-27 04:00:00,-1469.76
2050-10-27 05:00:00,-1308.82
2050-10-27 06:00:00,-2231.27
2050-10-27 07:00:00,-2239.57
2050-10-27 08:00:00,-1926.22
2050-10-27 09:00:00,-1610.87
2050-10-27 10:00:00,-1509.42
2050-10-27 11:00:00,-1259.84
2050-10-27 12:00:00,-857.34
2050-10-27 13:00:00,-335.99
2050-10-27 14:00:00,-478.76
2050-10-27 15:00:00,1835.07
2050-10-27 16:00:00,2240.92
2050-10-27 17:00:00,1743.54
2050-10-27 18:00:00,2237.45
2050-10-27 19:00:00,1973.82
2050-10-27 20:00:00,1654.92
2050-10-27 21:00:00,1259.7
2050-10-27 22:00:00,637.18
2050-10-27 23:00:00,575.64
2050-10-28 00:00:00,273.6
2050-10-28 01:00:00,113.12
2050-10-28 02:00:00,-35.2
2050-10-28 03:00:00,-551.21
2050-10-28 04:00:00,-400.97
2050-10-28 05:00:00,-371.51
2050-10-28 06:00:00,-321.5
2050-10-28 07:00:00,-246.33
2050-10-28 08:00:00,164.16
2050-10-28 09:00:00,35.65
2050-10-28 10:00:00,-440.55
2050-10-28 11:00:00,210.03
2050-10-28 12:00:00,209.64
2050-10-28 13:00:00,994.38
2050-10-28 14:00:00,921.97
2050-10-28 15:00:00,1135.87
2050-10-28 16:00:00,1432.96
2050-10-28 17:00:00,2004.48
2050-10-28 18:00:00,1904.39
2050-10-28 19:00:00,1806.47
2050-10-28 20:00:00,1343.93
2050-10-28 21:00:00,615.29
2050-10-28 22:00:00,479.6
2050-10-28 23:00:00,369.15
2050-10-29 00:00:00,680.73
2050-10-29 01:00:00,219.04
2050-10-29 02:00:00,647.49
2050-10-29 03:00:00,-61.64
2050-10-29 04:00:00,-348.47
2050-10-29 05:00:00,443.56
2050-10-29 06:00:00,951.35
2050-10-29 07:00:00,873.7
2050-10-29 08:00:00,104.66
2050-10-29 09:00:00,641.66
2050-10-29 10:00:00,140.91
2050-10-29 11:00:00,-207.56
2050-10-29 12:00:00,-1166.89
2050-10-29 13:00:00,-1235.06
2050-10-29 14:00:00,-1508.5
2050-10-29 15:00:00,-1481.71
2050-10-29 16:00:00,-1406.97
2050-10-29 17:00:00,-1225.99
2050-10-29 18:00:00,-684.68
2050-10-29 19:00:00,-356.5
2050-10-29 20:00:00,-182.62
2050-10-29 21:00:00,-177.65
2050-10-29 22:00:00,-341.98
2050-10-29 23:00:00,-575.8
2050-10-30 00:00:00,-746.99
2050-10-30 01:00:00,-704.31
2050-10-30 02:00:00,-195.62
2050-10-30 03:00:00,-614.99
2050-10-30 04:00:00,-632.62
2050-10-30 05:00:00,-127.22
2050-10-30 06:00:00,-202.52
2050-10-30 07:00:00,-277.04
2050-10-30 08:00:00,10.11
2050-10-30 09:00:00,276.56
2050-10-30 10:00:00,181.92
2050-10-30 11:00:00,288.77
2050-10-30 12:00:00,688.29
2050-10-30 13:00:00,941.79
2050-10-30 14:00:00,2.79
2050-10-30 15:00:00,168.65
2050-10-30 16:00:00,403.0
2050-10-30 17:00:00,1395.69
2050-10-30 18:00:00,1895.99
2050-10-30 19:00:00,1861.94
2050-10-30 20:00:00,2057.25
2050-10-30 21:00:00,2039.37
2050-10-30 22:00:00,1853.87
2050-10-30 23:00:00,2161.89
2050-10-31 00:00:00,1430.88
2050-10-31 01:00:00,1815.0
2050-10-31 02:00:00,1230.29
2050-10-31 03:00:00,569.23
2050-10-31 04:00:00,836.21
2050-10-31 05:00:00,1348.69
2050-10-31 06:00:00,1928.17
2050-10-31 07:00:00,2454.7
2050-10-31 08:00:00,2024.6
2050-10-31 09:00:00,2281.49
2050-10-31 10:00:00,2267.2
2050-10-31 11:00:00,2119.17
2050-10-31 12:00:00,1640.02
2050-10-31 13:00:00,1732.97
2050-10-31 14:00:00,1780.0
2050-10-31 15:00:00,1400.75
2050-10-31 16:00:00,1460.88
2050-10-31 17:00:00,1359.8
2050-10-31 18:00:00,1501.06
2050-10-31 19:00:00,1616.06
2050-10-31 20:00:00,1361.12
2050-10-31 21:00:00,1104.56
2050-10-31 22:00:00,1000.26
2050-10-31 23:00:00,624.48
2050-11-01 00:00:00,294.92
2050-11-01 01:00:00,1101.64
2050-11-01 02:00:00,1823.46
2050-11-01 03:00:00,1728.57
2050-11-01 04:00:00,1373.69
2050-11-01 05:00:00,1976.44
2050-11-01 06:00:00,1755.92
2050-11-01 07:00:00,1733.15
2050-11-01 08:00:00,1348.36
2050-11-01 09:00:00,1772.78
2050-11-01 10:00:00,1931.59
2050-11-01 11:00:00,1977.77
2050-11-01 12:00:00,1299.59
2050-11-01 13:00:00,1600.82
2050-11-01 14:00:00,1249.76
2050-11-01 15:00:00,1011.83
2050-11-01 16:00:00,1528.77
2050-11-01 17:00:00,1227.13
2050-11-01 18:00:00,1677.22
2050-11-01 19:00:00,1815.39
2050-11-01 20:00:00,1052.0
2050-11-01 21:00:00,795.04
2050-11-01 22:00:00,697.64
2050-11-01 23:00:00,540.31
2050-11-02 00:00:00,728.8
2050-11-02 01:00:00,1111.41
2050-11-02 02:00:00,932.89
2050-11-02 03:00:00,1055.84
2050-11-02 04:00:00,931.16
2050-11-02 05:00:00,1179.66
2050-11-02 06:00:00,1329.81
2050-11-02 07:00:00,1901.42
2050-11-02 08:00:00,1619.61
2050-11-02 09:00:00,1686.99
2050-11-02 10:00:00,1659.24
2050-11-02 11:00:00,1703.82
2050-11-02 12:00:00,1761.69
2050-11-02 13:00:00,2063.1
2050-11-02 14:00:00,1882.1
2050-11-02 15:00:00,1654.08
2050-11-02 16:00:00,2135.0
2050-11-02 17:00:00,2570.49
2050-11-02 18:00:00,3108.86
2050-11-02 19:00:00,3463.33
2050-11-02 20:00:00,3763.55
2050-11-02 21:00:00,3365.03
2050-11-02 22:00:00,2262.45
2050-11-02 23:00:00,1786.76
2050-11-03 00:00:00,1348.0
2050-11-03 01:00:00,1254.29
2050-11-03 02:00:00,1143.09
2050-11-03 03:00:00,1623.02
2050-11-03 04:00:00,2347.0
2050-11-03 05:00:00,2489.43
2050-11-03 06:00:00,2718.42
2050-11-03 07:00:00,2440.63
2050-11-03 08:00:00,2008.84
2050-11-03 09:00:00,1952.04
2050-11-03 10:00:00,1317.62
2050-11-03 11:00:00,1109.18
2050-11-03 12:00:00,663.39
2050-11-03 13:00:00,681.82
2050-11-03 14:00:00,762.98
2050-11-03 15:00:00,723.85
2050-11-03 16:00:00,957.22
2050-11-03 17:00:00,926.17
2050-11-03 18:00:00,1370.27
2050-11-03 19:00:00,1436.46
2050-11-03 20:00:00,1501.17
2050-11-03 21:00:00,1952.22
2050-11-03 22:00:00,2451.14
2050-11-03 23:00:00,2779.8
2050-11-04 00:00:00,2516.31
2050-11-04 01:00:00,2476.43
2050-11-04 02:00:00,2122.43
2050-11-04 03:00:00,2209.42
2050-11-04 04:00:00,2014.28
2050-11-04 05:00:00,1826.67
2050-11-04 06:00:00,2531.21
2050-11-04 07:00:00,2809.95
2050-11-04 08:00:00,3002.9
2050-11-04 09:00:00,3185.16
2050-11-04 10:00:00,3300.9
2050-11-04 11:00:00,2955.48
2050-11-04 12:00:00,3116.35
2050-11-04 13:00:00,3192.82
2050-11-04 14:00:00,3379.28
2050-11-04 15:00:00,3433.22
2050-11-04 16:00:00,3492.44
2050-11-04 17:00:00,3444.05
2050-11-04 18:00:00,3700.03
2050-11-04 19:00:00,3536.69
2050-11-04 20:00:00,3103.07
2050-11-04 21:00:00,2645.56
2050-11-04 22:00:00,2794.36
2050-11-04 23:00:00,2191.92
2050-11-05 00:00:00,1808.31
2050-11-05 01:00:00,2148.52
2050-11-05 02:00:00,1993.09
2050-11-05 03:00:00,1964.46
2050-11-05 04:00:00,1609.52
2050-11-05 05:00:00,1874.5
2050-11-05 06:00:00,1916.21
2050-11-05 07:00:00,2184.16
2050-11-05 08:00:00,2181.11
2050-11-05 09:00:00,2011.31
2050-11-05 10:00:00,2157.07
2050-11-05 11:00:00,1743.27
2050-11-05 12:00:00,1283.88
2050-11-05 13:00:00,1275.04
2050-11-05 14:00:00,1438.43
2050-11-05 15:00:00,1777.11
2050-11-05 16:00:00,1791.67
2050-11-05 17:00:00,2725.57
2050-11-05 18:00:00,2347.92
2050-11-05 19:00:00,1921.92
2050-11-05 20:00:00,1812.1
2050-11-05 21:00:00,1725.33
2050-11-05 22:00:00,1776.24
2050-11-05 23:00:00,1776.46
2050-11-06 00:00:00,1469.04
2050-11-06 01:00:00,1507.0
2050-11-06 02:00:00,1705.12
2050-11-06 03:00:00,1960.47
2050-11-06 04:00:00,2175.21
2050-11-06 05:00:00,2431.57
2050-11-06 06:00:00,2155.66
2050-11-06 07:00:00,2147.53
2050-11-06 08:00:00,2087.23
2050-11-06 09:00:00,1905.03
2050-11-06 10:00:00,1443.02
2050-11-06 11:00:00,873.01
2050-11-06 12:00:00,915.67
2050-11-06 13:00:00,205.53
2050-11-06 14:00:00,29.06
2050-11-06 15:00:00,930.86
2050-11-06 16:00:00,1647.14
2050-11-06 17:00:00,1822.74
2050-11-06 18:00:00,2012.4
2050-11-06 19:00:00,1733.54
2050-11-06 20:00:00,1384.94
2050-11-06 21:00:00,1438.84
2050-11-06 22:00:00,1326.45
2050-11-06 23:00:00,689.94
2050-11-07 00:00:00,1061.01
2050-11-07 01:00:00,1370.27
2050-11-07 02:00:00,1110.85
2050-11-07 03:00:00,595.74
2050-11-07 04:00:00,208.17
2050-11-07 05:00:00,189.4
2050-11-07 06:00:00,928.63
2050-11-07 07:00:00,1283.67
2050-11-07 08:00:00,1646.59
2050-11-07 09:00:00,1615.38
2050-11-07 10:00:00,1779.41
2050-11-07 11:00:00,2114.28
2050-11-07 12:00:00,2066.51
2050-11-07 13:00:00,2042.97
2050-11-07 14:00:00,1753.88
2050-11-07 15:00:00,1674.79
2050-11-07 16:00:00,1973.94
2050-11-07 17:00:00,2259.67
2050-11-07 18:00:00,2337.86
2050-11-07 19:00:00,1901.1
2050-11-07 20:00:00,1437.84
2050-11-07 21:00:00,1117.38
2050-11-07 22:00:00,1124.71
2050-11-07 23:00:00,231.79
2050-11-08 00:00:00,-196.25
2050-11-08 01:00:00,-405.79
2050-11-08 02:00:00,-340.08
2050-11-08 03:00:00,-515.58
2050-11-08 04:00:00,-591.61
2050-11-08 05:00:00,-243.1
2050-11-08 06:00:00,190.38
2050-11-08 07:00:00,1325.06
2050-11-08 08:00:00,770.31
2050-11-08 09:00:00,1382.75
2050-11-08 10:00:00,1856.79
2050-11-08 11:00:00,2350.02
2050-11-08 12:00:00,2712.81
2050-11-08 13:00:00,3047.95
2050-11-08 14:00:00,3785.41
2050-11-08 15:00:00,4133.61
2050-11-08 16:00:00,4448.73
2050-11-08 17:00:00,4782.69
2050-11-08 18:00:00,5276.87
2050-11-08 19:00:00,5363.95
2050-11-08 20:00:00,5056.33
2050-11-08 21:00:00,4574.21
2050-11-08 22:00:00,4435.3
2050-11-08 23:00:00,4163.5
2050-11-09 00:00:00,3839.38
2050-11-09 01:00:00,3783.08
2050-11-09 02:00:00,3496.8
2050-11-09 03:00:00,3366.17
2050-11-09 04:00:00,3262.48
2050-11-09 05:00:00,3297.86
2050-11-09 06:00:00,3567.04
2050-11-09 07:00:00,3695.17
2050-11-09 08:00:00,3795.58
2050-11-09 09:00:00,3782.4
2050-11-09 10:00:00,3622.98
2050-11-09 11:00:00,3671.82
2050-11-09 12:00:00,3638.2
2050-11-09 13:00:00,3413.85
2050-11-09 14:00:00,3433.86
2050-11-09 15:00:00,3440.15
2050-11-09 16:00:00,3573.22
2050-11-09 17:00:00,3990.21
2050-11-09 18:00:00,4260.19
2050-11-09 19:00:00,4093.06
2050-11-09 20:00:00,4235.79
2050-11-09 21:00:00,3980.42
2050-11-09 22:00:00,3215.56
2050-11-09 23:00:00,3018.39
2050-11-10 00:00:00,2991.12
2050-11-10 01:00:00,2580.13
2050-11-10 02:00:00,2137.98
2050-11-10 03:00:00,2332.29
2050-11-10 04:00:00,1629.23
2050-11-10 05:00:00,1103.13
2050-11-10 06:00:00,1051.04
2050-11-10 07:00:00,387.3
2050-11-10 08:00:00,111.85
2050-11-10 09:00:00,267.08
2050-11-10 10:00:00,349.75
2050-11-10 11:00:00,197.64
2050-11-10 12:00:00,-716.24
2050-11-10 13:00:00,-1226.61
2050-11-10 14:00:00,-435.75
2050-11-10 15:00:00,-962.46
2050-11-10 16:00:00,-1126.45
2050-11-10 17:00:00,-364.21
2050-11-10 18:00:00,503.01
2050-11-10 19:00:00,308.94
2050-11-10 20:00:00,557.52
2050-11-10 21:00:00,643.78
2050-11-10 22:00:00,95.62
2050-11-10 23:00:00,-119.16
2050-11-11 00:00:00,436.17
2050-11-11 01:00:00,318.49
2050-11-11 02:00:00,767.11
2050-11-11 03:00:00,550.14
2050-11-11 04:00:00,644.17
2050-11-11 05:00:00,947.09
2050-11-11 06:00:00,1217.47
2050-11-11 07:00:00,1170.97
2050-11-11 08:00:00,943.02
2050-11-11 09:00:00,1482.85
2050-11-11 10:00:00,1501.07
2050-11-11 11:00:00,1087.32
2050-11-11 12:00:00,1006.96
2050-11-11 13:00:00,1184.89
2050-11-11 14:00:00,973.46
2050-11-11 15:00:00,638.06
2050-11-11 16:00:00,401.46
2050-11-11 17:00:00,984.91
2050-11-11 18:00:00,1090.5
2050-11-11 19:00:00,839.73
2050-11-11 20:00:00,294.09
2050-11-11 21:00:00,431.33
2050-11-11 22:00:00,61.18
2050-11-11 23:00:00,-203.15
2050-11-12 00:00:00,61.21
2050-11-12 01:00:00,677.39
2050-11-12 02:00:00,-277.87
2050-11-12 03:00:00,364.37
2050-11-12 04:00:00,641.41
2050-11-12 05:00:00,1031.69
2050-11-12 06:00:00,1258.46
2050-11-12 07:00:00,1463.13
2050-11-12 08:00:00,975.98
2050-11-12 09:00:00,286.02
2050-11-12 10:00:00,613.27
2050-11-12 11:00:00,451.78
2050-11-12 12:00:00,121.94
2050-11-12 13:00:00,1136.94
2050-11-12 14:00:00,948.02
2050-11-12 15:00:00,1658.37
2050-11-12 16:00:00,1932.03
2050-11-12 17:00:00,2377.46
2050-11-12 18:00:00,2463.78
2050-11-12 19:00:00,2498.59
2050-11-12 20:00:00,2635.25
2050-11-12 21:00:00,3095.57
2050-11-12 22:00:00,3113.92
2050-11-12 23:00:00,3017.2
2050-11-13 00:00:00,2785.52
2050-11-13 01:00:00,2540.41
2050-11-13 02:00:00,1328.03
2050-11-13 03:00:00,95.34
2050-11-13 04:00:00,685.68
2050-11-13 05:00:00,830.33
2050-11-13 06:00:00,358.61
2050-11-13 07:00:00,872.06
2050-11-13 08:00:00,598.07
2050-11-13 09:00:00,337.88
2050-11-13 10:00:00,717.26
2050-11-13 11:00:00,-120.64
2050-11-13 12:00:00,61.92
2050-11-13 13:00:00,629.36
2050-11-13 14:00:00,234.07
2050-11-13 15:00:00,-849.77
2050-11-13 16:00:00,-1312.91
2050-11-13 17:00:00,-735.79
2050-11-13 18:00:00,-243.24
2050-11-13 19:00:00,-334.41
2050-11-13 20:00:00,-103.04
2050-11-13 21:00:00,-457.07
2050-11-13 22:00:00,-729.14
2050-11-13 23:00:00,-811.61
2050-11-14 00:00:00,-1271.91
2050-11-14 01:00:00,-1135.44
2050-11-14 02:00:00,-1470.71
2050-11-14 03:00:00,-1146.25
2050-11-14 04:00:00,-1069.76
2050-11-14 05:00:00,-570.16
2050-11-14 06:00:00,40.56
2050-11-14 07:00:00,-159.0
2050-11-14 08:00:00,-186.85
2050-11-14 09:00:00,298.77
2050-11-14 10:00:00,509.42
2050-11-14 11:00:00,796.52
2050-11-14 12:00:00,734.16
2050-11-14 13:00:00,817.9
2050-11-14 14:00:00,906.06
2050-11-14 15:00:00,1475.94
2050-11-14 16:00:00,1721.2
2050-11-14 17:00:00,2116.93
2050-11-14 18:00:00,2455.69
2050-11-14 19:00:00,2238.29
2050-11-14 20:00:00,2115.03
2050-11-14 21:00:00,2375.2
2050-11-14 22:00:00,2336.69
2050-11-14 23:00:00,2531.6
2050-11-15 00:00:00,2252.04
2050-11-15 01:00:00,2498.49
2050-11-15 02:00:00,2273.69
2050-11-15 03:00:00,2299.13
2050-11-15 04:00:00,1999.0
2050-11-15 05:00:00,2161.02
2050-11-15 06:00:00,2370.77
2050-11-15 07:00:00,1704.46
2050-11-15 08:00:00,1961.45
2050-11-15 09:00:00,2133.45
2050-11-15 10:00:00,1345.36
2050-11-15 11:00:00,706.06
2050-11-15 12:00:00,840.29
2050-11-15 13:00:00,249.7
2050-11-15 14:00:00,191.43
2050-11-15 15:00:00,231.63
2050-11-15 16:00:00,220.29
2050-11-15 17:00:00,-453.77
2050-11-15 18:00:00,-776.83
2050-11-15 19:00:00,-665.88
2050-11-15 20:00:00,-627.21
2050-11-15 21:00:00,-710.37
2050-11-15 22:00:00,-946.32
2050-11-15 23:00:00,-1237.77
2050-11-16 00:00:00,-1555.8
2050-11-16 01:00:00,-1678.48
2050-11-16 02:00:00,-1886.68
2050-11-16 03:00:00,-1985.47
2050-11-16 04:00:00,-2055.86
2050-11-16 05:00:00,-2032.08
2050-11-16 06:00:00,-1931.95
2050-11-16 07:00:00,-1343.59
2050-11-16 08:00:00,-1808.18
2050-11-16 09:00:00,-1319.11
2050-11-16 10:00:00,-922.26
2050-11-16 11:00:00,-943.63
2050-11-16 12:00:00,-623.47
2050-11-16 13:00:00,-512.96
2050-11-16 14:00:00,87.16
2050-11-16 15:00:00,334.93
2050-11-16 16:00:00,-305.82
2050-11-16 17:00:00,6.53
2050-11-16 18:00:00,-41.56
2050-11-16 19:00:00,259.82
2050-11-16 20:00:00,378.38
2050-11-16 21:00:00,-212.18
2050-11-16 22:00:00,-197.22
2050-11-16 23:00:00,-698.96
2050-11-17 00:00:00,-1040.48
2050-11-17 01:00:00,-1479.91
2050-11-17 02:00:00,-1760.43
2050-11-17 03:00:00,-1777.76
2050-11-17 04:00:00,-2041.94
2050-11-17 05:00:00,-1674.0
2050-11-17 06:00:00,-1406.86
2050-11-17 07:00:00,-1823.9
2050-11-17 08:00:00,-1300.79
2050-11-17 09:00:00,-583.74
2050-11-17 10:00:00,-397.04
2050-11-17 11:00:00,-10.22
2050-11-17 12:00:00,12.02
2050-11-17 13:00:00,-337.01
2050-11-17 14:00:00,-430.11
2050-11-17 15:00:00,-662.84
2050-11-17 16:00:00,-596.44
2050-11-17 17:00:00,-488.49
2050-11-17 18:00:00,-301.05
2050-11-17 19:00:00,-58.28
2050-11-17 20:00:00,132.55
2050-11-17 21:00:00,83.44
2050-11-17 22:00:00,58.16
2050-11-17 23:00:00,-62.81
2050-11-18 00:00:00,-8.5
2050-11-18 01:00:00,-516.7
2050-11-18 02:00:00,11.06
2050-11-18 03:00:00,-142.55
2050-11-18 04:00:00,263.39
2050-11-18 05:00:00,849.07
2050-11-18 06:00:00,1241.33
2050-11-18 07:00:00,873.99
2050-11-18 08:00:00,711.41
2050-11-18 09:00:00,476.36
2050-11-18 10:00:00,238.63
2050-11-18 11:00:00,244.41
2050-11-18 12:00:00,669.53
2050-11-18 13:00:00,537.31
2050-11-18 14:00:00,448.78
2050-11-18 15:00:00,-19.27
2050-11-18 16:00:00,41.95
2050-11-18 17:00:00,288.45
2050-11-18 18:00:00,1087.67
2050-11-18 19:00:00,1133.18
2050-11-18 20:00:00,1109.73
2050-11-18 21:00:00,1250.69
2050-11-18 22:00:00,1003.24
2050-11-18 23:00:00,1270.12
2050-11-19 00:00:00,769.19
2050-11-19 01:00:00,607.21
2050-11-19 02:00:00,1302.87
2050-11-19 03:00:00,1409.7
2050-11-19 04:00:00,1173.01
2050-11-19 05:00:00,1392.73
2050-11-19 06:00:00,1970.51
2050-11-19 07:00:00,2125.14
2050-11-19 08:00:00,1012.87
2050-11-19 09:00:00,748.51
2050-11-19 10:00:00,491.6
2050-11-19 11:00:00,561.88
2050-11-19 12:00:00,451.48
2050-11-19 13:00:00,491.36
2050-11-19 14:00:00,322.26
2050-11-19 15:00:00,113.19
2050-11-19 16:00:00,200.89
2050-11-19 17:00:00,1113.69
2050-11-19 18:00:00,1760.35
2050-11-19 19:00:00,1629.32
2050-11-19 20:00:00,1727.65
2050-11-19 21:00:00,1193.57
2050-11-19 22:00:00,213.63
2050-11-19 23:00:00,470.93
2050-11-20 00:00:00,-352.42
2050-11-20 01:00:00,-474.46
2050-11-20 02:00:00,-460.39
2050-11-20 03:00:00,-289.62
2050-11-20 04:00:00,-422.04
2050-11-20 05:00:00,-739.27
2050-11-20 06:00:00,-811.61
2050-11-20 07:00:00,-959.06
2050-11-20 08:00:00,-1024.32
2050-11-20 09:00:00,-870.62
2050-11-20 10:00:00,-974.05
2050-11-20 11:00:00,-509.8
2050-11-20 12:00:00,-249.36
2050-11-20 13:00:00,-674.19
2050-11-20 14:00:00,-760.8
2050-11-20 15:00:00,-1107.53
2050-11-20 16:00:00,-567.2
2050-11-20 17:00:00,-112.75
2050-11-20 18:00:00,-12.88
2050-11-20 19:00:00,201.69
2050-11-20 20:00:00,192.27
2050-11-20 21:00:00,122.99
2050-11-20 22:00:00,18.76
2050-11-20 23:00:00,33.84
2050-11-21 00:00:00,-38.14
2050-11-21 01:00:00,41.74
2050-11-21 02:00:00,-139.46
2050-11-21 03:00:00,-124.99
2050-11-21 04:00:00,616.01
2050-11-21 05:00:00,1069.46
2050-11-21 06:00:00,1583.75
2050-11-21 07:00:00,1401.42
2050-11-21 08:00:00,1109.0
2050-11-21 09:00:00,1107.53
2050-11-21 10:00:00,932.86
2050-11-21 11:00:00,996.01
2050-11-21 12:00:00,682.21
2050-11-21 13:00:00,767.17
2050-11-21 14:00:00,637.82
2050-11-21 15:00:00,373.35
2050-11-21 16:00:00,617.72
2050-11-21 17:00:00,-62.48
2050-11-21 18:00:00,42.42
2050-11-21 19:00:00,235.86
2050-11-21 20:00:00,338.0
2050-11-21 21:00:00,255.33
2050-11-21 22:00:00,-10.59
2050-11-21 23:00:00,-371.02
2050-11-22 00:00:00,-790.11
2050-11-22 01:00:00,-1022.12
2050-11-22 02:00:00,-1345.51
2050-11-22 03:00:00,-1544.88
2050-11-22 04:00:00,-1698.22
2050-11-22 05:00:00,-1770.52
2050-11-22 06:00:00,-1713.82
2050-11-22 07:00:00,-1385.38
2050-11-22 08:00:00,-881.2
2050-11-22 09:00:00,265.35
2050-11-22 10:00:00,-42.5
2050-11-22 11:00:00,626.22
2050-11-22 12:00:00,704.41
2050-11-22 13:00:00,579.42
2050-11-22 14:00:00,-41.52
2050-11-22 15:00:00,-554.21
2050-11-22 16:00:00,-654.26
2050-11-22 17:00:00,-657.53
2050-11-22 18:00:00,-710.6
2050-11-22 19:00:00,-662.63
2050-11-22 20:00:00,-535.8
2050-11-22 21:00:00,-575.73
2050-11-22 22:00:00,-794.04
2050-11-22 23:00:00,-1299.34
2050-11-23 00:00:00,-1657.6
2050-11-23 01:00:00,-1785.93
2050-11-23 02:00:00,-2057.21
2050-11-23 03:00:00,-1731.44
2050-11-23 04:00:00,-1417.11
2050-11-23 05:00:00,-814.9
2050-11-23 06:00:00,-407.28
2050-11-23 07:00:00,200.94
2050-11-23 08:00:00,85.73
2050-11-23 09:00:00,129.63
2050-11-23 10:00:00,100.56
2050-11-23 11:00:00,568.71
2050-11-23 12:00:00,746.98
2050-11-23 13:00:00,1089.26
2050-11-23 14:00:00,1047.53
2050-11-23 15:00:00,876.7
2050-11-23 16:00:00,1675.82
2050-11-23 17:00:00,2159.66
2050-11-23 18:00:00,2393.48
2050-11-23 19:00:00,2606.84
2050-11-23 20:00:00,2223.5
2050-11-23 21:00:00,2565.26
2050-11-23 22:00:00,2560.1
2050-11-23 23:00:00,2020.67
2050-11-24 00:00:00,1903.01
2050-11-24 01:00:00,2124.64
2050-11-24 02:00:00,1993.37
2050-11-24 03:00:00,1918.48
2050-11-24 04:00:00,1537.83
2050-11-24 05:00:00,1899.43
2050-11-24 06:00:00,2657.72
2050-11-24 07:00:00,2865.6
2050-11-24 08:00:00,3461.25
2050-11-24 09:00:00,3565.43
2050-11-24 10:00:00,2982.38
2050-11-24 11:00:00,2796.69
2050-11-24 12:00:00,2825.63
2050-11-24 13:00:00,2808.27
2050-11-24 14:00:00,2861.42
2050-11-24 15:00:00,2532.78
2050-11-24 16:00:00,2513.86
2050-11-24 17:00:00,2461.21
2050-11-24 18:00:00,3193.66
2050-11-24 19:00:00,3149.34
2050-11-24 20:00:00,3360.92
2050-11-24 21:00:00,2740.92
2050-11-24 22:00:00,2935.42
2050-11-24 23:00:00,2415.72
2050-11-25 00:00:00,2445.92
2050-11-25 01:00:00,1447.53
2050-11-25 02:00:00,1526.81
2050-11-25 03:00:00,1178.25
2050-11-25 04:00:00,1522.33
2050-11-25 05:00:00,1851.97
2050-11-25 06:00:00,2675.01
2050-11-25 07:00:00,2964.81
2050-11-25 08:00:00,2732.39
2050-11-25 09:00:00,3306.81
2050-11-25 10:00:00,3336.08
2050-11-25 11:00:00,3386.74
2050-11-25 12:00:00,3597.33
2050-11-25 13:00:00,3487.64
2050-11-25 14:00:00,3347.94
2050-11-25 15:00:00,3219.22
2050-11-25 16:00:00,3794.57
2050-11-25 17:00:00,4163.38
2050-11-25 18:00:00,4678.58
2050-11-25 19:00:00,4666.16
2050-11-25 20:00:00,4633.52
2050-11-25 21:00:00,4794.9
2050-11-25 22:00:00,4386.31
2050-11-25 23:00:00,3721.62
2050-11-26 00:00:00,3020.67
2050-11-26 01:00:00,2368.15
2050-11-26 02:00:00,2053.4
2050-11-26 03:00:00,2192.13
2050-11-26 04:00:00,2119.68
2050-11-26 05:00:00,1444.85
2050-11-26 06:00:00,1229.57
2050-11-26 07:00:00,1064.59
2050-11-26 08:00:00,431.61
2050-11-26 09:00:00,342.74
2050-11-26 10:00:00,-202.9
2050-11-26 11:00:00,399.7
2050-11-26 12:00:00,169.49
2050-11-26 13:00:00,-86.28
2050-11-26 14:00:00,-398.62
2050-11-26 15:00:00,-1167.76
2050-11-26 16:00:00,-991.74
2050-11-26 17:00:00,-695.0
2050-11-26 18:00:00,169.57
2050-11-26 19:00:00,737.02
2050-11-26 20:00:00,484.58
2050-11-26 21:00:00,456.77
2050-11-26 22:00:00,279.82
2050-11-26 23:00:00,55.33
2050-11-27 00:00:00,194.9
2050-11-27 01:00:00,103.53
2050-11-27 02:00:00,-238.72
2050-11-27 03:00:00,-48.98
2050-11-27 04:00:00,116.25
2050-11-27 05:00:00,461.92
2050-11-27 06:00:00,1292.32
2050-11-27 07:00:00,1267.46
2050-11-27 08:00:00,1083.09
2050-11-27 09:00:00,326.48
2050-11-27 10:00:00,1153.57
2050-11-27 11:00:00,518.41
2050-11-27 12:00:00,-127.76
2050-11-27 13:00:00,-253.64
2050-11-27 14:00:00,-97.45
2050-11-27 15:00:00,260.56
2050-11-27 16:00:00,-220.91
2050-11-27 17:00:00,-153.2
2050-11-27 18:00:00,389.16
2050-11-27 19:00:00,672.25
2050-11-27 20:00:00,825.02
2050-11-27 21:00:00,706.05
2050-11-27 22:00:00,535.05
2050-11-27 23:00:00,282.29
2050-11-28 00:00:00,-37.11
2050-11-28 01:00:00,-36.57
2050-11-28 02:00:00,-456.66
2050-11-28 03:00:00,-126.72
2050-11-28 04:00:00,291.29
2050-11-28 05:00:00,713.31
2050-11-28 06:00:00,660.96
2050-11-28 07:00:00,915.52
2050-11-28 08:00:00,1065.48
2050-11-28 09:00:00,849.43
2050-11-28 10:00:00,940.21
2050-11-28 11:00:00,745.45
2050-11-28 12:00:00,564.9
2050-11-28 13:00:00,442.05
2050-11-28 14:00:00,244.63
2050-11-28 15:00:00,-259.06
2050-11-28 16:00:00,-851.94
2050-11-28 17:00:00,-390.99
2050-11-28 18:00:00,-94.91
2050-11-28 19:00:00,319.69
2050-11-28 20:00:00,605.53
2050-11-28 21:00:00,405.29
2050-11-28 22:00:00,324.45
2050-11-28 23:00:00,262.61
2050-11-29 00:00:00,-10.38
2050-11-29 01:00:00,314.42
2050-11-29 02:00:00,180.25
2050-11-29 03:00:00,318.25
2050-11-29 04:00:00,804.37
2050-11-29 05:00:00,589.42
2050-11-29 06:00:00,810.21
2050-11-29 07:00:00,880.25
2050-11-29 08:00:00,937.63
2050-11-29 09:00:00,805.67
2050-11-29 10:00:00,891.82
2050-11-29 11:00:00,1336.97
2050-11-29 12:00:00,1258.18
2050-11-29 13:00:00,770.15
2050-11-29 14:00:00,1063.84
2050-11-29 15:00:00,681.31
2050-11-29 16:00:00,748.03
2050-11-29 17:00:00,1058.75
2050-11-29 18:00:00,1699.16
2050-11-29 19:00:00,1774.21
2050-11-29 20:00:00,1968.95
2050-11-29 21:00:00,1324.42
2050-11-29 22:00:00,1207.24
2050-11-29 23:00:00,1175.18
2050-11-30 00:00:00,1458.07
2050-11-30 01:00:00,1793.07
2050-11-30 02:00:00,1886.43
2050-11-30 03:00:00,1836.69
2050-11-30 04:00:00,2043.95
2050-11-30 05:00:00,2097.36
2050-11-30 06:00:00,2225.43
2050-11-30 07:00:00,2121.74
2050-11-30 08:00:00,1795.53
2050-11-30 09:00:00,1798.48
2050-11-30 10:00:00,1644.03
2050-11-30 11:00:00,1181.15
2050-11-30 12:00:00,148.78
2050-11-30 13:00:00,290.9
2050-11-30 14:00:00,-45.72
2050-11-30 15:00:00,-407.42
2050-11-30 16:00:00,130.39
2050-11-30 17:00:00,295.0
2050-11-30 18:00:00,737.96
2050-11-30 19:00:00,162.56
2050-11-30 20:00:00,-523.56
2050-11-30 21:00:00,-464.98
2050-11-30 22:00:00,-500.6
2050-11-30 23:00:00,-477.74
2050-12-01 00:00:00,-1526.58
2050-12-01 01:00:00,-685.15
2050-12-01 02:00:00,-1689.81
2050-12-01 03:00:00,-1060.83
2050-12-01 04:00:00,-1882.65
2050-12-01 05:00:00,-2312.35
2050-12-01 06:00:00,-1732.57
2050-12-01 07:00:00,-1157.45
2050-12-01 08:00:00,-1460.32
2050-12-01 09:00:00,-348.41
2050-12-01 10:00:00,-320.17
2050-12-01 11:00:00,-286.45
2050-12-01 12:00:00,429.7
2050-12-01 13:00:00,33.07
2050-12-01 14:00:00,-168.28
2050-12-01 15:00:00,221.1
2050-12-01 16:00:00,-330.68
2050-12-01 17:00:00,-408.52
2050-12-01 18:00:00,-129.44
2050-12-01 19:00:00,-534.07
2050-12-01 20:00:00,70.55
2050-12-01 21:00:00,411.1
2050-12-01 22:00:00,829.96
2050-12-01 23:00:00,887.15
2050-12-02 00:00:00,743.65
2050-12-02 01:00:00,998.33
2050-12-02 02:00:00,793.95
2050-12-02 03:00:00,470.7
2050-12-02 04:00:00,73.65
2050-12-02 05:00:00,380.04
2050-12-02 06:00:00,1203.0
2050-12-02 07:00:00,1378.75
2050-12-02 08:00:00,1859.94
2050-12-02 09:00:00,1223.14
2050-12-02 10:00:00,785.5
2050-12-02 11:00:00,920.63
2050-12-02 12:00:00,1213.69
2050-12-02 13:00:00,1576.4
2050-12-02 14:00:00,791.54
2050-12-02 15:00:00,206.84
2050-12-02 16:00:00,-21.14
2050-12-02 17:00:00,487.12
2050-12-02 18:00:00,453.82
2050-12-02 19:00:00,600.75
2050-12-02 20:00:00,600.64
2050-12-02 21:00:00,487.48
2050-12-02 22:00:00,526.32
2050-12-02 23:00:00,919.71
2050-12-03 00:00:00,1190.03
2050-12-03 01:00:00,390.2
2050-12-03 02:00:00,72.44
2050-12-03 03:00:00,69.79
2050-12-03 04:00:00,-540.38
2050-12-03 05:00:00,-895.35
2050-12-03 06:00:00,-664.27
2050-12-03 07:00:00,-750.7
2050-12-03 08:00:00,-751.86
2050-12-03 09:00:00,-689.75
2050-12-03 10:00:00,-797.94
2050-12-03 11:00:00,-913.03
2050-12-03 12:00:00,-1009.85
2050-12-03 13:00:00,-1162.24
2050-12-03 14:00:00,-1285.2
2050-12-03 15:00:00,-1314.15
2050-12-03 16:00:00,-975.88
2050-12-03 17:00:00,-511.46
2050-12-03 18:00:00,133.92
2050-12-03 19:00:00,509.36
2050-12-03 20:00:00,826.62
2050-12-03 21:00:00,788.62
2050-12-03 22:00:00,1081.61
2050-12-03 23:00:00,637.72
2050-12-04 00:00:00,992.75
2050-12-04 01:00:00,1763.58
2050-12-04 02:00:00,1816.24
2050-12-04 03:00:00,1101.52
2050-12-04 04:00:00,1249.71
2050-12-04 05:00:00,1506.8
2050-12-04 06:00:00,2102.33
2050-12-04 07:00:00,2176.75
2050-12-04 08:00:00,2820.22
2050-12-04 09:00:00,3042.36
2050-12-04 10:00:00,2812.82
2050-12-04 11:00:00,3004.23
2050-12-04 12:00:00,3075.19
2050-12-04 13:00:00,2914.51
2050-12-04 14:00:00,3264.44
2050-12-04 15:00:00,3110.18
2050-12-04 16:00:00,3281.04
2050-12-04 17:00:00,3772.53
2050-12-04 18:00:00,4233.28
2050-12-04 19:00:00,4573.98
2050-12-04 20:00:00,3878.25
2050-12-04 21:00:00,4148.23
2050-12-04 22:00:00,4167.08
2050-12-04 23:00:00,4322.76
2050-12-05 00:00:00,3553.37
2050-12-05 01:00:00,3181.87
2050-12-05 02:00:00,3140.21
2050-12-05 03:00:00,2175.24
2050-12-05 04:00:00,2072.37
2050-12-05 05:00:00,1792.36
2050-12-05 06:00:00,1483.39
2050-12-05 07:00:00,1816.72
2050-12-05 08:00:00,1997.25
2050-12-05 09:00:00,1574.8
2050-12-05 10:00:00,1588.08
2050-12-05 11:00:00,1748.81
2050-12-05 12:00:00,1872.13
2050-12-05 13:00:00,1463.76
2050-12-05 14:00:00,1628.62
2050-12-05 15:00:00,1437.49
2050-12-05 16:00:00,1917.98
2050-12-05 17:00:00,2537.29
2050-12-05 18:00:00,2825.39
2050-12-05 19:00:00,2888.23
2050-12-05 20:00:00,3714.6
2050-12-05 21:00:00,3589.8
2050-12-05 22:00:00,3238.66
2050-12-05 23:00:00,2820.8
2050-12-06 00:00:00,2350.79
2050-12-06 01:00:00,2464.43
2050-12-06 02:00:00,1818.76
2050-12-06 03:00:00,2343.0
2050-12-06 04:00:00,2351.51
2050-12-06 05:00:00,1942.53
2050-12-06 06:00:00,2552.56
2050-12-06 07:00:00,1565.18
2050-12-06 08:00:00,1680.52
2050-12-06 09:00:00,1684.34
2050-12-06 10:00:00,1634.64
2050-12-06 11:00:00,1634.22
2050-12-06 12:00:00,908.84
2050-12-06 13:00:00,225.98
2050-12-06 14:00:00,22.94
2050-12-06 15:00:00,-389.46
2050-12-06 16:00:00,-189.98
2050-12-06 17:00:00,302.41
2050-12-06 18:00:00,713.62
2050-12-06 19:00:00,991.39
2050-12-06 20:00:00,1132.35
2050-12-06 21:00:00,1251.25
2050-12-06 22:00:00,1192.27
2050-12-06 23:00:00,622.26
2050-12-07 00:00:00,301.84
2050-12-07 01:00:00,369.37
2050-12-07 02:00:00,85.08
2050-12-07 03:00:00,554.35
2050-12-07 04:00:00,864.51
2050-12-07 05:00:00,844.78
2050-12-07 06:00:00,1337.93
2050-12-07 07:00:00,1629.62
2050-12-07 08:00:00,2692.45
2050-12-07 09:00:00,2649.99
2050-12-07 10:00:00,3104.49
2050-12-07 11:00:00,3421.88
2050-12-07 12:00:00,2984.27
2050-12-07 13:00:00,3101.23
2050-12-07 14:00:00,2637.07
2050-12-07 15:00:00,2898.31
2050-12-07 16:00:00,2999.64
2050-12-07 17:00:00,3828.07
2050-12-07 18:00:00,4507.03
2050-12-07 19:00:00,4330.69
2050-12-07 20:00:00,4879.37
2050-12-07 21:00:00,4828.01
2050-12-07 22:00:00,4589.07
2050-12-07 23:00:00,4034.82
2050-12-08 00:00:00,3318.4
2050-12-08 01:00:00,3357.64
2050-12-08 02:00:00,3233.61
2050-12-08 03:00:00,3212.66
2050-12-08 04:00:00,3670.65
2050-12-08 05:00:00,3990.46
2050-12-08 06:00:00,4356.74
2050-12-08 07:00:00,4459.85
2050-12-08 08:00:00,4459.8
2050-12-08 09:00:00,4282.4
2050-12-08 10:00:00,4095.26
2050-12-08 11:00:00,4279.85
2050-12-08 12:00:00,3800.77
2050-12-08 13:00:00,3908.8
2050-12-08 14:00:00,3669.01
2050-12-08 15:00:00,3735.94
2050-12-08 16:00:00,3666.54
2050-12-08 17:00:00,4016.28
2050-12-08 18:00:00,4005.54
2050-12-08 19:00:00,4152.47
2050-12-08 20:00:00,4734.32
2050-12-08 21:00:00,4343.4
2050-12-08 22:00:00,3599.55
2050-12-08 23:00:00,3176.39
2050-12-09 00:00:00,2449.25
2050-12-09 01:00:00,2789.4
2050-12-09 02:00:00,2933.52
2050-12-09 03:00:00,2984.59
2050-12-09 04:00:00,3288.2
2050-12-09 05:00:00,3303.83
2050-12-09 06:00:00,3556.7
2050-12-09 07:00:00,2333.99
2050-12-09 08:00:00,2377.08
2050-12-09 09:00:00,2425.45
2050-12-09 10:00:00,2371.07
2050-12-09 11:00:00,2275.01
2050-12-09 12:00:00,2422.24
2050-12-09 13:00:00,2556.62
2050-12-09 14:00:00,2499.85
2050-12-09 15:00:00,2534.57
2050-12-09 16:00:00,3042.17
2050-12-09 17:00:00,2958.56
2050-12-09 18:00:00,2892.74
2050-12-09 19:00:00,2841.09
2050-12-09 20:00:00,2794.49
2050-12-09 21:00:00,2070.34
2050-12-09 22:00:00,2457.92
2050-12-09 23:00:00,2063.78
2050-12-10 00:00:00,1753.04
2050-12-10 01:00:00,1394.39
2050-12-10 02:00:00,998.22
2050-12-10 03:00:00,779.14
2050-12-10 04:00:00,224.26
2050-12-10 05:00:00,87.75
2050-12-10 06:00:00,427.89
2050-12-10 07:00:00,337.65
2050-12-10 08:00:00,171.02
2050-12-10 09:00:00,216.89
2050-12-10 10:00:00,945.13
2050-12-10 11:00:00,1436.66
2050-12-10 12:00:00,1954.56
2050-12-10 13:00:00,2525.79
2050-12-10 14:00:00,2512.73
2050-12-10 15:00:00,2424.64
2050-12-10 16:00:00,2875.24
2050-12-10 17:00:00,2860.2
2050-12-10 18:00:00,3796.08
2050-12-10 19:00:00,3645.51
2050-12-10 20:00:00,3709.74
2050-12-10 21:00:00,3434.52
2050-12-10 22:00:00,2990.47
2050-12-10 23:00:00,3169.72
2050-12-11 00:00:00,3076.5
2050-12-11 01:00:00,3059.23
2050-12-11 02:00:00,3024.8
2050-12-11 03:00:00,2120.3
2050-12-11 04:00:00,1990.31
2050-12-11 05:00:00,2688.24
2050-12-11 06:00:00,3118.84
2050-12-11 07:00:00,2543.0
2050-12-11 08:00:00,1895.81
2050-12-11 09:00:00,1944.17
2050-12-11 10:00:00,2012.95
2050-12-11 11:00:00,1680.51
2050-12-11 12:00:00,1003.52
2050-12-11 13:00:00,919.14
2050-12-11 14:00:00,854.29
2050-12-11 15:00:00,185.74
2050-12-11 16:00:00,246.76
2050-12-11 17:00:00,661.02
2050-12-11 18:00:00,750.92
2050-12-11 19:00:00,963.09
2050-12-11 20:00:00,817.47
2050-12-11 21:00:00,243.48
2050-12-11 22:00:00,-77.85
2050-12-11 23:00:00,-284.97
2050-12-12 00:00:00,-588.06
2050-12-12 01:00:00,-585.25
2050-12-12 02:00:00,-1020.89
2050-12-12 03:00:00,-672.22
2050-12-12 04:00:00,-289.0
2050-12-12 05:00:00,-158.96
2050-12-12 06:00:00,-147.93
2050-12-12 07:00:00,-1126.66
2050-12-12 08:00:00,-1276.47
2050-12-12 09:00:00,-284.14
2050-12-12 10:00:00,355.96
2050-12-12 11:00:00,567.1
2050-12-12 12:00:00,684.4
2050-12-12 13:00:00,1214.2
2050-12-12 14:00:00,1539.89
2050-12-12 15:00:00,1368.05
2050-12-12 16:00:00,1416.68
2050-12-12 17:00:00,1566.14
2050-12-12 18:00:00,1339.37
2050-12-12 19:00:00,1626.6
2050-12-12 20:00:00,1037.07
2050-12-12 21:00:00,492.92
2050-12-12 22:00:00,144.5
2050-12-12 23:00:00,71.35
2050-12-13 00:00:00,259.87
2050-12-13 01:00:00,-218.43
2050-12-13 02:00:00,-466.11
2050-12-13 03:00:00,-548.75
2050-12-13 04:00:00,-293.53
2050-12-13 05:00:00,-24.84
2050-12-13 06:00:00,228.39
2050-12-13 07:00:00,283.38
2050-12-13 08:00:00,171.64
2050-12-13 09:00:00,763.96
2050-12-13 10:00:00,105.62
2050-12-13 11:00:00,2012.53
2050-12-13 12:00:00,1966.99
2050-12-13 13:00:00,2079.51
2050-12-13 14:00:00,1889.96
2050-12-13 15:00:00,940.1
2050-12-13 16:00:00,1274.65
2050-12-13 17:00:00,1886.85
2050-12-13 18:00:00,2187.51
2050-12-13 19:00:00,1877.89
2050-12-13 20:00:00,1580.43
2050-12-13 21:00:00,1883.03
2050-12-13 22:00:00,2005.92
2050-12-13 23:00:00,1716.64
2050-12-14 00:00:00,1381.05
2050-12-14 01:00:00,1450.59
2050-12-14 02:00:00,1480.03
2050-12-14 03:00:00,1193.13
2050-12-14 04:00:00,1113.4
2050-12-14 05:00:00,1013.3
2050-12-14 06:00:00,995.42
2050-12-14 07:00:00,2110.61
2050-12-14 08:00:00,2131.86
2050-12-14 09:00:00,2342.28
2050-12-14 10:00:00,2672.67
2050-12-14 11:00:00,2304.22
2050-12-14 12:00:00,2085.15
2050-12-14 13:00:00,1904.93
2050-12-14 14:00:00,1443.66
2050-12-14 15:00:00,756.79
2050-12-14 16:00:00,1038.31
2050-12-14 17:00:00,1500.13
2050-12-14 18:00:00,1816.89
2050-12-14 19:00:00,2270.19
2050-12-14 20:00:00,1902.5
2050-12-14 21:00:00,1464.07
2050-12-14 22:00:00,1299.09
2050-12-14 23:00:00,1045.82
2050-12-15 00:00:00,811.89
2050-12-15 01:00:00,1056.41
2050-12-15 02:00:00,526.69
2050-12-15 03:00:00,432.71
2050-12-15 04:00:00,1363.18
2050-12-15 05:00:00,1521.17
2050-12-15 06:00:00,1229.95
2050-12-15 07:00:00,1115.01
2050-12-15 08:00:00,1392.78
2050-12-15 09:00:00,1265.82
2050-12-15 10:00:00,1335.42
2050-12-15 11:00:00,1605.9
2050-12-15 12:00:00,518.94
2050-12-15 13:00:00,-84.49
2050-12-15 14:00:00,203.23
2050-12-15 15:00:00,77.09
2050-12-15 16:00:00,315.59
2050-12-15 17:00:00,762.26
2050-12-15 18:00:00,1130.32
2050-12-15 19:00:00,1416.7
2050-12-15 20:00:00,1512.57
2050-12-15 21:00:00,1468.84
2050-12-15 22:00:00,1256.65
2050-12-15 23:00:00,973.22
2050-12-16 00:00:00,637.5
2050-12-16 01:00:00,491.72
2050-12-16 02:00:00,261.53
2050-12-16 03:00:00,141.13
2050-12-16 04:00:00,66.13
2050-12-16 05:00:00,56.26
2050-12-16 06:00:00,166.65
2050-12-16 07:00:00,289.84
2050-12-16 08:00:00,338.96
2050-12-16 09:00:00,780.09
2050-12-16 10:00:00,1253.39
2050-12-16 11:00:00,1192.66
2050-12-16 12:00:00,976.56
2050-12-16 13:00:00,785.67
2050-12-16 14:00:00,1530.25
2050-12-16 15:00:00,733.24
2050-12-16 16:00:00,85.91
2050-12-16 17:00:00,443.02
2050-12-16 18:00:00,955.21
2050-12-16 19:00:00,1560.19
2050-12-16 20:00:00,1225.67
2050-12-16 21:00:00,1216.68
2050-12-16 22:00:00,961.55
2050-12-16 23:00:00,733.84
2050-12-17 00:00:00,436.68
2050-12-17 01:00:00,406.3
2050-12-17 02:00:00,-179.31
2050-12-17 03:00:00,-278.75
2050-12-17 04:00:00,-295.41
2050-12-17 05:00:00,195.59
2050-12-17 06:00:00,-194.83
2050-12-17 07:00:00,-107.03
2050-12-17 08:00:00,-105.39
2050-12-17 09:00:00,94.64
2050-12-17 10:00:00,297.9
2050-12-17 11:00:00,981.51
2050-12-17 12:00:00,681.11
2050-12-17 13:00:00,737.25
2050-12-17 14:00:00,-323.96
2050-12-17 15:00:00,-334.56
2050-12-17 16:00:00,765.49
2050-12-17 17:00:00,1712.14
2050-12-17 18:00:00,1669.67
2050-12-17 19:00:00,1600.79
2050-12-17 20:00:00,1703.06
2050-12-17 21:00:00,2263.21
2050-12-17 22:00:00,1509.86
2050-12-17 23:00:00,904.3
2050-12-18 00:00:00,861.51
2050-12-18 01:00:00,124.42
2050-12-18 02:00:00,-242.8
2050-12-18 03:00:00,-414.91
2050-12-18 04:00:00,-481.15
2050-12-18 05:00:00,-480.03
2050-12-18 06:00:00,-341.48
2050-12-18 07:00:00,-272.92
2050-12-18 08:00:00,-280.89
2050-12-18 09:00:00,-297.12
2050-12-18 10:00:00,-309.62
2050-12-18 11:00:00,183.97
2050-12-18 12:00:00,814.28
2050-12-18 13:00:00,-468.36
2050-12-18 14:00:00,-512.49
2050-12-18 15:00:00,-456.01
2050-12-18 16:00:00,-400.65
2050-12-18 17:00:00,-85.58
2050-12-18 18:00:00,423.54
2050-12-18 19:00:00,723.18
2050-12-18 20:00:00,987.66
2050-12-18 21:00:00,757.63
2050-12-18 22:00:00,564.36
2050-12-18 23:00:00,432.97
2050-12-19 00:00:00,112.88
2050-12-19 01:00:00,725.82
2050-12-19 02:00:00,-152.26
2050-12-19 03:00:00,-186.7
2050-12-19 04:00:00,227.78
2050-12-19 05:00:00,244.44
2050-12-19 06:00:00,184.97
2050-12-19 07:00:00,394.71
2050-12-19 08:00:00,718.93
2050-12-19 09:00:00,1052.31
2050-12-19 10:00:00,1088.17
2050-12-19 11:00:00,860.3
2050-12-19 12:00:00,1113.89
2050-12-19 13:00:00,657.35
2050-12-19 14:00:00,822.3
2050-12-19 15:00:00,371.88
2050-12-19 16:00:00,782.22
2050-12-19 17:00:00,948.8
2050-12-19 18:00:00,1206.23
2050-12-19 19:00:00,1924.1
2050-12-19 20:00:00,2138.77
2050-12-19 21:00:00,1269.41
2050-12-19 22:00:00,1403.46
2050-12-19 23:00:00,1387.64
2050-12-20 00:00:00,1020.59
2050-12-20 01:00:00,1231.04
2050-12-20 02:00:00,1405.42
2050-12-20 03:00:00,1662.33
2050-12-20 04:00:00,2079.57
2050-12-20 05:00:00,2332.36
2050-12-20 06:00:00,2690.67
2050-12-20 07:00:00,2772.28
2050-12-20 08:00:00,2788.55
2050-12-20 09:00:00,3122.38
2050-12-20 10:00:00,3666.57
2050-12-20 11:00:00,4013.43
2050-12-20 12:00:00,4184.54
2050-12-20 13:00:00,3947.39
2050-12-20 14:00:00,3731.4
2050-12-20 15:00:00,3760.25
2050-12-20 16:00:00,3911.73
2050-12-20 17:00:00,4388.87
2050-12-20 18:00:00,4606.39
2050-12-20 19:00:00,4595.75
2050-12-20 20:00:00,4536.92
2050-12-20 21:00:00,3987.51
2050-12-20 22:00:00,3664.46
2050-12-20 23:00:00,2833.4
2050-12-21 00:00:00,2717.83
2050-12-21 01:00:00,1967.92
2050-12-21 02:00:00,1936.17
2050-12-21 03:00:00,2065.0
2050-12-21 04:00:00,1464.09
2050-12-21 05:00:00,1055.7
2050-12-21 06:00:00,1967.63
2050-12-21 07:00:00,1961.89
2050-12-21 08:00:00,2795.52
2050-12-21 09:00:00,3000.07
2050-12-21 10:00:00,3626.38
2050-12-21 11:00:00,3471.02
2050-12-21 12:00:00,4103.14
2050-12-21 13:00:00,4184.48
2050-12-21 14:00:00,3773.12
2050-12-21 15:00:00,3361.2
2050-12-21 16:00:00,3774.32
2050-12-21 17:00:00,4092.27
2050-12-21 18:00:00,4410.53
2050-12-21 19:00:00,4655.11
2050-12-21 20:00:00,4620.35
2050-12-21 21:00:00,4294.4
2050-12-21 22:00:00,4867.03
2050-12-21 23:00:00,4623.09
2050-12-22 00:00:00,4528.07
2050-12-22 01:00:00,4459.86
2050-12-22 02:00:00,3982.53
2050-12-22 03:00:00,3657.92
2050-12-22 04:00:00,3693.18
2050-12-22 05:00:00,3404.87
2050-12-22 06:00:00,3069.11
2050-12-22 07:00:00,1823.6
2050-12-22 08:00:00,1133.39
2050-12-22 09:00:00,878.26
2050-12-22 10:00:00,342.97
2050-12-22 11:00:00,-31.69
2050-12-22 12:00:00,-63.33
2050-12-22 13:00:00,-94.27
2050-12-22 14:00:00,-646.84
2050-12-22 15:00:00,-847.42
2050-12-22 16:00:00,-647.66
2050-12-22 17:00:00,-192.96
2050-12-22 18:00:00,501.41
2050-12-22 19:00:00,899.85
2050-12-22 20:00:00,1316.51
2050-12-22 21:00:00,1349.17
2050-12-22 22:00:00,1645.05
2050-12-22 23:00:00,1549.02
2050-12-23 00:00:00,459.56
2050-12-23 01:00:00,427.65
2050-12-23 02:00:00,417.79
2050-12-23 03:00:00,925.72
2050-12-23 04:00:00,471.41
2050-12-23 05:00:00,634.15
2050-12-23 06:00:00,1858.4
2050-12-23 07:00:00,2547.98
2050-12-23 08:00:00,2658.41
2050-12-23 09:00:00,2435.61
2050-12-23 10:00:00,2819.65
2050-12-23 11:00:00,3298.51
2050-12-23 12:00:00,2431.91
2050-12-23 13:00:00,1817.96
2050-12-23 14:00:00,1894.19
2050-12-23 15:00:00,987.38
2050-12-23 16:00:00,1722.3
2050-12-23 17:00:00,1956.04
2050-12-23 18:00:00,2872.39
2050-12-23 19:00:00,2345.29
2050-12-23 20:00:00,2642.05
2050-12-23 21:00:00,2940.82
2050-12-23 22:00:00,2563.47
2050-12-23 23:00:00,2131.53
2050-12-24 00:00:00,1793.78
2050-12-24 01:00:00,1514.8
2050-12-24 02:00:00,1251.32
2050-12-24 03:00:00,1509.81
2050-12-24 04:00:00,1171.42
2050-12-24 05:00:00,1365.67
2050-12-24 06:00:00,1069.68
2050-12-24 07:00:00,562.98
2050-12-24 08:00:00,279.94
2050-12-24 09:00:00,1390.69
2050-12-24 10:00:00,224.93
2050-12-24 11:00:00,-270.22
2050-12-24 12:00:00,-15.7
2050-12-24 13:00:00,-9.19
2050-12-24 14:00:00,89.19
2050-12-24 15:00:00,426.29
2050-12-24 16:00:00,1220.31
2050-12-24 17:00:00,1653.91
2050-12-24 18:00:00,2019.91
2050-12-24 19:00:00,2653.63
2050-12-24 20:00:00,2289.82
2050-12-24 21:00:00,1877.58
2050-12-24 22:00:00,1330.78
2050-12-24 23:00:00,1892.27
2050-12-25 00:00:00,1453.66
2050-12-25 01:00:00,1224.67
2050-12-25 02:00:00,682.77
2050-12-25 03:00:00,445.85
2050-12-25 04:00:00,-169.84
2050-12-25 05:00:00,1139.12
2050-12-25 06:00:00,1853.76
2050-12-25 07:00:00,2363.57
2050-12-25 08:00:00,1088.82
2050-12-25 09:00:00,1186.23
2050-12-25 10:00:00,1246.22
2050-12-25 11:00:00,1786.62
2050-12-25 12:00:00,1933.63
2050-12-25 13:00:00,1856.03
2050-12-25 14:00:00,2134.86
2050-12-25 15:00:00,2556.09
2050-12-25 16:00:00,2965.43
2050-12-25 17:00:00,3458.11
2050-12-25 18:00:00,4051.31
2050-12-25 19:00:00,3787.86
2050-12-25 20:00:00,3606.3
2050-12-25 21:00:00,3153.94
2050-12-25 22:00:00,3136.35
2050-12-25 23:00:00,2708.54
2050-12-26 00:00:00,2472.59
2050-12-26 01:00:00,1888.97
2050-12-26 02:00:00,1207.71
2050-12-26 03:00:00,1006.69
2050-12-26 04:00:00,1115.09
2050-12-26 05:00:00,1012.12
2050-12-26 06:00:00,765.55
2050-12-26 07:00:00,1196.12
2050-12-26 08:00:00,1656.9
2050-12-26 09:00:00,2179.72
2050-12-26 10:00:00,2314.47
2050-12-26 11:00:00,2605.83
2050-12-26 12:00:00,2962.56
2050-12-26 13:00:00,2951.73
2050-12-26 14:00:00,2725.85
2050-12-26 15:00:00,2901.32
2050-12-26 16:00:00,3021.91
2050-12-26 17:00:00,3240.77
2050-12-26 18:00:00,3166.44
2050-12-26 19:00:00,3254.67
2050-12-26 20:00:00,3166.23
2050-12-26 21:00:00,2917.2
2050-12-26 22:00:00,2736.04
2050-12-26 23:00:00,2532.32
2050-12-27 00:00:00,2403.91
2050-12-27 01:00:00,2888.67
2050-12-27 02:00:00,2468.8
2050-12-27 03:00:00,2309.6
2050-12-27 04:00:00,2162.53
2050-12-27 05:00:00,2033.29
2050-12-27 06:00:00,2453.94
2050-12-27 07:00:00,2003.13
2050-12-27 08:00:00,2320.3
2050-12-27 09:00:00,3345.88
2050-12-27 10:00:00,3524.41
2050-12-27 11:00:00,3773.67
2050-12-27 12:00:00,3940.47
2050-12-27 13:00:00,3853.74
2050-12-27 14:00:00,3784.89
2050-12-27 15:00:00,3861.88
2050-12-27 16:00:00,3882.87
2050-12-27 17:00:00,4137.7
2050-12-27 18:00:00,5018.59
2050-12-27 19:00:00,4303.0
2050-12-27 20:00:00,4008.69
2050-12-27 21:00:00,3663.95
2050-12-27 22:00:00,3466.79
2050-12-27 23:00:00,2757.17
2050-12-28 00:00:00,3068.39
2050-12-28 01:00:00,3075.21
2050-12-28 02:00:00,2182.72
2050-12-28 03:00:00,2347.72
2050-12-28 04:00:00,1651.64
2050-12-28 05:00:00,1324.67
2050-12-28 06:00:00,836.45
2050-12-28 07:00:00,1010.89
2050-12-28 08:00:00,1145.73
2050-12-28 09:00:00,967.13
2050-12-28 10:00:00,476.24
2050-12-28 11:00:00,1765.49
2050-12-28 12:00:00,314.63
2050-12-28 13:00:00,739.61
2050-12-28 14:00:00,1444.39
2050-12-28 15:00:00,1288.89
2050-12-28 16:00:00,2174.58
2050-12-28 17:00:00,2062.98
2050-12-28 18:00:00,2345.17
2050-12-28 19:00:00,3146.64
2050-12-28 20:00:00,4137.96
2050-12-28 21:00:00,4325.69
2050-12-28 22:00:00,4348.13
2050-12-28 23:00:00,3753.88
2050-12-29 00:00:00,3417.81
2050-12-29 01:00:00,3787.12
2050-12-29 02:00:00,3175.07
2050-12-29 03:00:00,2603.96
2050-12-29 04:00:00,2283.28
2050-12-29 05:00:00,2818.87
2050-12-29 06:00:00,2863.1
2050-12-29 07:00:00,2128.54
2050-12-29 08:00:00,2452.0
2050-12-29 09:00:00,1809.31
2050-12-29 10:00:00,2426.97
2050-12-29 11:00:00,1857.12
2050-12-29 12:00:00,2024.1
2050-12-29 13:00:00,2387.87
2050-12-29 14:00:00,2180.21
2050-12-29 15:00:00,1885.31
2050-12-29 16:00:00,1520.8
2050-12-29 17:00:00,2306.72
2050-12-29 18:00:00,2682.14
2050-12-29 19:00:00,3188.43
2050-12-29 20:00:00,3134.59
2050-12-29 21:00:00,2552.24
2050-12-29 22:00:00,2962.64
2050-12-29 23:00:00,2891.21
2050-12-30 00:00:00,3185.36
2050-12-30 01:00:00,3485.15
2050-12-30 02:00:00,3307.11
2050-12-30 03:00:00,3394.38
2050-12-30 04:00:00,3333.67
2050-12-30 05:00:00,3211.79
2050-12-30 06:00:00,3410.31
2050-12-30 07:00:00,3078.9
2050-12-30 08:00:00,2712.04
2050-12-30 09:00:00,2539.48
2050-12-30 10:00:00,2015.8
2050-12-30 11:00:00,1739.57
2050-12-30 12:00:00,1604.83
2050-12-30 13:00:00,1335.19
2050-12-30 14:00:00,984.65
2050-12-30 15:00:00,743.03
2050-12-30 16:00:00,1187.91
2050-12-30 17:00:00,1153.76
2050-12-30 18:00:00,1975.7
2050-12-30 19:00:00,1836.18
2050-12-30 20:00:00,948.9
2050-12-30 21:00:00,1458.64
2050-12-30 22:00:00,1114.78
2050-12-30 23:00:00,449.04
2050-12-31 00:00:00,196.92
2050-12-31 01:00:00,1061.97
2050-12-31 02:00:00,1196.73
2050-12-31 03:00:00,1015.36
2050-12-31 04:00:00,1335.98
2050-12-31 05:00:00,1061.55
2050-12-31 06:00:00,1860.84
2050-12-31 07:00:00,1751.1
2050-12-31 08:00:00,2503.08
2050-12-31 09:00:00,2999.2
2050-12-31 10:00:00,2853.2
2050-12-31 11:00:00,3107.75
2050-12-31 12:00:00,2588.96
2050-12-31 13:00:00,2022.24
2050-12-31 14:00:00,2104.58
2050-12-31 15:00:00,1280.91
2050-12-31 16:00:00,337.19
2050-12-31 17:00:00,1542.46
2050-12-31 18:00:00,1699.99
2050-12-31 19:00:00,1371.0
2050-12-31 20:00:00,1878.26
2050-12-31 21:00:00,1178.29
2050-12-31 22:00:00,355.4
2050-12-31 23:00:00,340.16
