datetime,load_MW,wind_MW,deficit_MW
2050-01-01 00:00:00,4647.19,4184.45,462.74
2050-01-01 01:00:00,4467.23,4489.46,-22.24
2050-01-01 02:00:00,4205.97,4694.31,-488.34
2050-01-01 03:00:00,4050.15,4695.0,-644.85
2050-01-01 04:00:00,3952.35,4694.94,-742.59
2050-01-01 05:00:00,3940.85,4694.06,-753.21
2050-01-01 06:00:00,4065.79,4689.18,-623.38
2050-01-01 07:00:00,4143.42,4695.6,-552.18
2050-01-01 08:00:00,4139.3,4615.39,-476.09
2050-01-01 09:00:00,4135.11,4547.14,-412.03
2050-01-01 10:00:00,3980.78,4521.55,-540.78
2050-01-01 11:00:00,3825.2,4378.98,-553.78
2050-01-01 12:00:00,3706.98,4472.0,-765.02
2050-01-01 13:00:00,3562.88,4222.69,-659.8
2050-01-01 14:00:00,3465.82,3693.41,-227.59
2050-01-01 15:00:00,3452.45,3749.68,-297.23
2050-01-01 16:00:00,3697.18,3980.53,-283.34
2050-01-01 17:00:00,4184.06,3691.16,492.9
2050-01-01 18:00:00,4718.73,3064.96,1653.77
2050-01-01 19:00:00,5058.85,3947.44,1111.41
2050-01-01 20:00:00,5204.16,3705.79,1498.37
2050-01-01 21:00:00,5191.16,3826.69,1364.47
2050-01-01 22:00:00,5026.35,4217.99,808.36
2050-01-01 23:00:00,4808.0,4348.13,459.87
2050-01-02 00:00:00,4550.01,4448.08,101.94
2050-01-02 01:00:00,4489.38,3956.38,533.01
2050-01-02 02:00:00,4351.96,2690.22,1661.74
2050-01-02 03:00:00,4323.66,2992.18,1331.48
2050-01-02 04:00:00,4339.87,3037.23,1302.64
2050-01-02 05:00:00,4410.44,2762.28,1648.16
2050-01-02 06:00:00,4607.13,2620.26,1986.88
2050-01-02 07:00:00,4750.43,2532.52,2217.9
2050-01-02 08:00:00,4812.67,2460.34,2352.33
2050-01-02 09:00:00,4913.06,3110.01,1803.05
2050-01-02 10:00:00,4845.88,3331.01,1514.87
2050-01-02 11:00:00,4806.91,2811.96,1994.95
2050-01-02 12:00:00,4800.52,3399.67,1400.85
2050-01-02 13:00:00,4805.34,3290.5,1514.85
2050-01-02 14:00:00,4843.08,3258.99,1584.09
2050-01-02 15:00:00,4914.59,3327.64,1586.95
2050-01-02 16:00:00,5187.91,3083.45,2104.47
2050-01-02 17:00:00,5614.86,3372.66,2242.2
2050-01-02 18:00:00,6089.69,3320.88,2768.81
2050-01-02 19:00:00,6334.95,4194.51,2140.44
2050-01-02 20:00:00,6401.52,4264.95,2136.58
2050-01-02 21:00:00,6318.08,4028.82,2289.25
2050-01-02 22:00:00,6111.7,3285.99,2825.7
2050-01-02 23:00:00,5858.09,2248.23,3609.86
2050-01-03 00:00:00,5568.96,2000.91,3568.05
2050-01-03 01:00:00,5475.64,2069.52,3406.12
2050-01-03 02:00:00,5293.3,2562.51,2730.79
2050-01-03 03:00:00,5207.4,2796.94,2410.46
2050-01-03 04:00:00,5162.5,2978.32,2184.18
2050-01-03 05:00:00,5185.61,2940.19,2245.42
2050-01-03 06:00:00,5328.21,3379.41,1948.8
2050-01-03 07:00:00,5425.15,3416.55,2008.6
2050-01-03 08:00:00,5447.19,3727.17,1720.01
2050-01-03 09:00:00,5515.96,3762.06,1753.9
2050-01-03 10:00:00,5491.57,3753.06,1738.51
2050-01-03 11:00:00,5429.94,4015.41,1414.53
2050-01-03 12:00:00,5330.58,4438.01,892.56
2050-01-03 13:00:00,5246.99,4492.31,754.69
2050-01-03 14:00:00,5211.3,4498.81,712.5
2050-01-03 15:00:00,5238.2,4540.65,697.55
2050-01-03 16:00:00,5448.81,3962.64,1486.17
2050-01-03 17:00:00,5843.55,4267.63,1575.92
2050-01-03 18:00:00,6263.32,4132.57,2130.75
2050-01-03 19:00:00,6494.66,4364.89,2129.77
2050-01-03 20:00:00,6543.0,4359.53,2183.47
2050-01-03 21:00:00,6424.53,3602.25,2822.28
2050-01-03 22:00:00,6165.93,3559.48,2606.45
2050-01-03 23:00:00,5848.43,3935.8,1912.63
2050-01-04 00:00:00,5508.74,3344.52,2164.22
2050-01-04 01:00:00,5347.4,3916.13,1431.26
2050-01-04 02:00:00,5123.39,3675.4,1447.99
2050-01-04 03:00:00,4997.89,3857.1,1140.79
2050-01-04 04:00:00,4925.95,4391.06,534.89
2050-01-04 05:00:00,4912.79,4565.02,347.77
2050-01-04 06:00:00,5017.13,4407.83,609.31
2050-01-04 07:00:00,5085.39,4179.76,905.63
2050-01-04 08:00:00,5065.87,4198.54,867.33
2050-01-04 09:00:00,4968.18,4137.94,830.24
2050-01-04 10:00:00,4779.4,4240.13,539.27
2050-01-04 11:00:00,4602.28,4477.68,124.6
2050-01-04 12:00:00,4477.15,4604.01,-126.86
2050-01-04 13:00:00,4313.85,3824.9,488.95
2050-01-04 14:00:00,4177.1,4360.87,-183.76
2050-01-04 15:00:00,4133.46,4689.37,-555.91
2050-01-04 16:00:00,4394.04,4679.29,-285.25
2050-01-04 17:00:00,4881.23,4579.23,301.99
2050-01-04 18:00:00,5377.81,4695.6,682.21
2050-01-04 19:00:00,5729.9,4695.6,1034.3
2050-01-04 20:00:00,5883.11,4695.6,1187.51
2050-01-04 21:00:00,5852.74,4695.6,1157.14
2050-01-04 22:00:00,5670.28,4695.6,974.68
2050-01-04 23:00:00,5418.58,4695.6,722.98
2050-01-05 00:00:00,5125.05,4695.6,429.45
2050-01-05 01:00:00,5002.12,4695.6,306.52
2050-01-05 02:00:00,4811.73,4695.6,116.13
2050-01-05 03:00:00,4720.72,4695.6,25.12
2050-01-05 04:00:00,4671.84,4695.6,-23.76
2050-01-05 05:00:00,4692.7,4695.6,-2.9
2050-01-05 06:00:00,4825.1,4695.6,129.5
2050-01-05 07:00:00,4934.52,4695.6,238.92
2050-01-05 08:00:00,4956.51,4695.6,260.91
2050-01-05 09:00:00,4888.77,4695.6,193.17
2050-01-05 10:00:00,4736.88,4695.6,41.28
2050-01-05 11:00:00,4607.21,4695.6,-88.39
2050-01-05 12:00:00,4567.57,4695.52,-127.95
2050-01-05 13:00:00,4525.45,4669.51,-144.05
2050-01-05 14:00:00,4502.72,4597.92,-95.21
2050-01-05 15:00:00,4529.1,4679.29,-150.19
2050-01-05 16:00:00,4799.42,4687.43,111.99
2050-01-05 17:00:00,5228.18,4345.44,882.73
2050-01-05 18:00:00,5636.4,4506.93,1129.47
2050-01-05 19:00:00,5910.98,4652.94,1258.04
2050-01-05 20:00:00,5993.61,4506.93,1486.68
2050-01-05 21:00:00,5896.3,4420.57,1475.72
2050-01-05 22:00:00,5668.69,4135.26,1533.43
2050-01-05 23:00:00,5394.36,3044.17,2350.19
2050-01-06 00:00:00,5084.1,2807.33,2276.77
2050-01-06 01:00:00,4940.96,3009.51,1931.46
2050-01-06 02:00:00,4721.04,2468.11,2252.93
2050-01-06 03:00:00,4604.51,1905.84,2698.67
2050-01-06 04:00:00,4544.02,1848.01,2696.0
2050-01-06 05:00:00,4560.72,2118.52,2442.19
2050-01-06 06:00:00,4715.0,2115.58,2599.42
2050-01-06 07:00:00,4851.64,2701.33,2150.31
2050-01-06 08:00:00,4905.08,3245.18,1659.9
2050-01-06 09:00:00,4850.41,3587.62,1262.8
2050-01-06 10:00:00,4725.55,3064.96,1660.59
2050-01-06 11:00:00,4626.98,2969.07,1657.91
2050-01-06 12:00:00,4547.85,2658.01,1889.83
2050-01-06 13:00:00,4435.13,2619.14,1815.99
2050-01-06 14:00:00,4344.58,2212.61,2131.96
2050-01-06 15:00:00,4322.47,2474.77,1847.7
2050-01-06 16:00:00,4577.97,3156.23,1421.74
2050-01-06 17:00:00,5059.2,3174.71,1884.49
2050-01-06 18:00:00,5506.48,3113.48,2393.0
2050-01-06 19:00:00,5822.67,3424.43,2398.24
2050-01-06 20:00:00,5944.51,3461.57,2482.94
2050-01-06 21:00:00,5867.59,4222.02,1645.57
2050-01-06 22:00:00,5647.54,3639.39,2008.15
2050-01-06 23:00:00,5347.98,3787.33,1560.65
2050-01-07 00:00:00,5030.31,3797.18,1233.14
2050-01-07 01:00:00,4904.48,4030.61,873.86
2050-01-07 02:00:00,4706.08,4048.5,657.58
2050-01-07 03:00:00,4604.68,3857.1,747.58
2050-01-07 04:00:00,4545.53,3730.55,814.98
2050-01-07 05:00:00,4549.91,3498.71,1051.2
2050-01-07 06:00:00,4664.42,2911.31,1753.11
2050-01-07 07:00:00,4756.32,3875.88,880.44
2050-01-07 08:00:00,4782.62,3828.48,954.14
2050-01-07 09:00:00,4726.64,3347.9,1378.75
2050-01-07 10:00:00,4584.52,3125.03,1459.48
2050-01-07 11:00:00,4418.4,2483.66,1934.74
2050-01-07 12:00:00,4285.09,2383.71,1901.38
2050-01-07 13:00:00,4114.49,2438.13,1676.36
2050-01-07 14:00:00,3981.08,3253.27,727.81
2050-01-07 15:00:00,3944.82,3103.08,841.74
2050-01-07 16:00:00,4194.45,3171.24,1023.21
2050-01-07 17:00:00,4711.69,3883.93,827.75
2050-01-07 18:00:00,5198.89,4170.36,1028.53
2050-01-07 19:00:00,5555.89,4216.65,1339.24
2050-01-07 20:00:00,5710.75,4437.34,1273.41
2050-01-07 21:00:00,5668.33,4432.65,1235.68
2050-01-07 22:00:00,5477.47,4240.13,1237.34
2050-01-07 23:00:00,5198.75,4344.1,854.65
2050-01-08 00:00:00,4880.67,4411.85,468.82
2050-01-08 01:00:00,4724.9,3990.37,734.53
2050-01-08 02:00:00,4499.78,4395.08,104.7
2050-01-08 03:00:00,4389.98,4477.28,-87.3
2050-01-08 04:00:00,4319.33,4600.76,-281.43
2050-01-08 05:00:00,4300.76,4485.81,-185.05
2050-01-08 06:00:00,4417.22,4421.91,-4.69
2050-01-08 07:00:00,4525.8,4442.04,83.76
2050-01-08 08:00:00,4597.18,4354.84,242.34
2050-01-08 09:00:00,4629.9,3712.54,917.36
2050-01-08 10:00:00,4556.72,3258.99,1297.73
2050-01-08 11:00:00,4471.45,3470.57,1000.88
2050-01-08 12:00:00,4399.32,2860.48,1538.84
2050-01-08 13:00:00,4284.38,2697.99,1586.39
2050-01-08 14:00:00,4271.48,2590.27,1681.21
2050-01-08 15:00:00,4352.61,2372.61,1980.0
2050-01-08 16:00:00,4617.62,2676.9,1940.72
2050-01-08 17:00:00,5089.0,3218.61,1870.39
2050-01-08 18:00:00,5559.72,2715.76,2843.96
2050-01-08 19:00:00,5944.12,3328.76,2615.36
2050-01-08 20:00:00,6138.04,3448.06,2689.98
2050-01-08 21:00:00,6123.28,3493.08,2630.2
2050-01-08 22:00:00,5970.43,3815.06,2155.37
2050-01-08 23:00:00,5750.01,4162.98,1587.03
2050-01-09 00:00:00,5484.4,4395.75,1088.65
2050-01-09 01:00:00,5381.74,4694.22,687.52
2050-01-09 02:00:00,5200.61,4436.0,764.61
2050-01-09 03:00:00,5121.06,4655.07,465.99
2050-01-09 04:00:00,5084.99,4518.3,566.69
2050-01-09 05:00:00,5112.22,4663.98,448.23
2050-01-09 06:00:00,5258.9,4630.42,628.49
2050-01-09 07:00:00,5392.23,4574.36,817.87
2050-01-09 08:00:00,5445.47,4365.57,1079.9
2050-01-09 09:00:00,5403.44,4395.75,1007.69
2050-01-09 10:00:00,5301.03,4484.59,816.44
2050-01-09 11:00:00,5185.93,3798.97,1386.96
2050-01-09 12:00:00,5103.91,3929.55,1174.36
2050-01-09 13:00:00,4971.44,3759.81,1211.63
2050-01-09 14:00:00,4854.31,3940.28,914.04
2050-01-09 15:00:00,4824.22,4209.94,614.28
2050-01-09 16:00:00,5091.23,4121.84,969.39
2050-01-09 17:00:00,5663.87,4040.45,1623.41
2050-01-09 18:00:00,6161.51,4334.71,1826.8
2050-01-09 19:00:00,6549.52,4596.3,1953.22
2050-01-09 20:00:00,6739.51,4650.71,2088.8
2050-01-09 21:00:00,6729.16,4517.09,2212.07
2050-01-09 22:00:00,6572.2,4608.48,1963.72
2050-01-09 23:00:00,6348.5,4497.59,1850.91
2050-01-10 00:00:00,6079.73,4588.58,1491.15
2050-01-10 01:00:00,5968.8,4508.56,1460.24
2050-01-10 02:00:00,5778.22,4577.61,1200.61
2050-01-10 03:00:00,5677.59,4440.69,1236.9
2050-01-10 04:00:00,5617.56,4638.54,979.02
2050-01-10 05:00:00,5619.41,4476.47,1142.94
2050-01-10 06:00:00,5738.05,4582.48,1155.57
2050-01-10 07:00:00,5844.47,4650.42,1194.05
2050-01-10 08:00:00,5873.14,4658.07,1215.07
2050-01-10 09:00:00,5768.79,4572.73,1196.06
2050-01-10 10:00:00,5574.73,4135.26,1439.47
2050-01-10 11:00:00,5381.92,4078.02,1303.9
2050-01-10 12:00:00,5237.84,3853.52,1384.31
2050-01-10 13:00:00,5050.79,3834.74,1216.05
2050-01-10 14:00:00,4881.78,4203.23,678.55
2050-01-10 15:00:00,4792.86,4183.11,609.75
2050-01-10 16:00:00,4979.44,3792.7,1186.73
2050-01-10 17:00:00,5478.34,4077.12,1401.21
2050-01-10 18:00:00,5904.5,4222.69,1681.81
2050-01-10 19:00:00,6234.58,4157.62,2076.96
2050-01-10 20:00:00,6352.94,4303.18,2049.76
2050-01-10 21:00:00,6262.1,4536.58,1725.51
2050-01-10 22:00:00,6048.92,4669.6,1379.32
2050-01-10 23:00:00,5784.35,4674.84,1109.51
2050-01-11 00:00:00,5485.0,4694.56,790.44
2050-01-11 01:00:00,5358.34,4695.09,663.25
2050-01-11 02:00:00,5170.01,4694.56,475.45
2050-01-11 03:00:00,5083.69,4695.55,388.14
2050-01-11 04:00:00,5044.82,4695.6,349.22
2050-01-11 05:00:00,5069.59,4695.29,374.3
2050-01-11 06:00:00,5205.02,4682.3,522.73
2050-01-11 07:00:00,5324.05,4653.71,670.34
2050-01-11 08:00:00,5346.11,4456.8,889.31
2050-01-11 09:00:00,5198.42,3607.87,1590.55
2050-01-11 10:00:00,5005.89,3263.49,1742.4
2050-01-11 11:00:00,4820.14,2714.65,2105.49
2050-01-11 12:00:00,4676.93,2579.17,2097.76
2050-01-11 13:00:00,4486.74,2802.71,1684.03
2050-01-11 14:00:00,4377.26,2720.21,1657.05
2050-01-11 15:00:00,4387.75,2524.75,1863.0
2050-01-11 16:00:00,4585.17,1937.2,2647.96
2050-01-11 17:00:00,5090.15,2453.68,2636.47
2050-01-11 18:00:00,5523.56,2893.98,2629.58
2050-01-11 19:00:00,5863.73,3012.97,2850.76
2050-01-11 20:00:00,6002.57,3004.89,2997.68
2050-01-11 21:00:00,5941.1,3170.09,2771.01
2050-01-11 22:00:00,5739.72,3119.26,2620.46
2050-01-11 23:00:00,5470.36,3283.75,2186.61
2050-01-12 00:00:00,5159.14,3759.81,1399.33
2050-01-12 01:00:00,5028.5,3913.45,1115.06
2050-01-12 02:00:00,4837.31,4425.94,411.37
2050-01-12 03:00:00,4752.59,4310.56,442.03
2050-01-12 04:00:00,4704.23,4650.32,53.91
2050-01-12 05:00:00,4728.87,4652.74,76.12
2050-01-12 06:00:00,4864.02,4679.39,184.63
2050-01-12 07:00:00,4984.55,4679.78,304.77
2050-01-12 08:00:00,5028.93,4694.42,334.51
2050-01-12 09:00:00,4995.87,4679.87,316.0
2050-01-12 10:00:00,4908.28,4695.24,213.03
2050-01-12 11:00:00,4782.7,4694.59,88.11
2050-01-12 12:00:00,4730.59,4684.23,46.36
2050-01-12 13:00:00,4589.31,4693.44,-104.13
2050-01-12 14:00:00,4479.64,4690.14,-210.51
2050-01-12 15:00:00,4431.54,4694.77,-263.23
2050-01-12 16:00:00,4656.98,4694.85,-37.87
2050-01-12 17:00:00,5217.04,4287.75,929.28
2050-01-12 18:00:00,5732.37,4348.8,1383.57
2050-01-12 19:00:00,6161.72,4134.36,2027.36
2050-01-12 20:00:00,6389.67,4450.76,1938.92
2050-01-12 21:00:00,6431.35,4603.2,1828.15
2050-01-12 22:00:00,6316.96,4695.6,1621.36
2050-01-12 23:00:00,6138.18,4695.24,1442.94
2050-01-13 00:00:00,5906.2,4695.6,1210.6
2050-01-13 01:00:00,5827.46,4694.22,1133.23
2050-01-13 02:00:00,5661.3,4693.95,967.35
2050-01-13 03:00:00,5569.22,4691.79,877.43
2050-01-13 04:00:00,5502.2,4664.66,837.54
2050-01-13 05:00:00,5485.74,4694.31,791.43
2050-01-13 06:00:00,5582.17,4689.37,892.8
2050-01-13 07:00:00,5683.08,4694.91,988.17
2050-01-13 08:00:00,5683.54,4675.13,1008.41
2050-01-13 09:00:00,5519.07,4475.24,1043.83
2050-01-13 10:00:00,5309.05,4650.51,658.53
2050-01-13 11:00:00,5113.41,3921.5,1191.91
2050-01-13 12:00:00,4961.43,3369.28,1592.15
2050-01-13 13:00:00,4775.16,3075.36,1699.81
2050-01-13 14:00:00,4598.66,3051.1,1547.56
2050-01-13 15:00:00,4513.99,3014.13,1499.86
2050-01-13 16:00:00,4705.73,2870.88,1834.85
2050-01-13 17:00:00,5144.33,3472.82,1671.51
2050-01-13 18:00:00,5528.75,3342.27,2186.48
2050-01-13 19:00:00,5829.85,3727.17,2102.68
2050-01-13 20:00:00,5956.55,2771.52,3185.03
2050-01-13 21:00:00,5892.09,2641.35,3250.73
2050-01-13 22:00:00,5683.78,2880.12,2803.66
2050-01-13 23:00:00,5421.56,3316.38,2105.18
2050-01-14 00:00:00,5131.28,3684.41,1446.87
2050-01-14 01:00:00,5010.35,2850.08,2160.28
2050-01-14 02:00:00,4814.43,3239.41,1575.02
2050-01-14 03:00:00,4716.25,2762.28,1953.97
2050-01-14 04:00:00,4656.32,2985.25,1671.07
2050-01-14 05:00:00,4656.43,3051.1,1605.33
2050-01-14 06:00:00,4765.25,3172.4,1592.85
2050-01-14 07:00:00,4854.81,2942.5,1912.3
2050-01-14 08:00:00,4854.22,3372.66,1481.56
2050-01-14 09:00:00,4716.86,3215.14,1501.72
2050-01-14 10:00:00,4531.66,3549.35,982.3
2050-01-14 11:00:00,4309.08,2933.26,1375.82
2050-01-14 12:00:00,4084.81,2546.96,1537.85
2050-01-14 13:00:00,3846.24,2442.57,1403.67
2050-01-14 14:00:00,3639.26,2209.67,1429.59
2050-01-14 15:00:00,3553.69,2224.38,1329.31
2050-01-14 16:00:00,3725.5,2730.2,995.3
2050-01-14 17:00:00,4224.55,2630.25,1594.3
2050-01-14 18:00:00,4685.33,1943.09,2742.25
2050-01-14 19:00:00,5057.03,2174.39,2882.64
2050-01-14 20:00:00,5239.9,2147.93,3091.98
2050-01-14 21:00:00,5215.64,1892.12,3323.52
2050-01-14 22:00:00,5045.34,2039.13,3006.2
2050-01-14 23:00:00,4809.48,2246.0,2563.48
2050-01-15 00:00:00,4531.87,2412.59,2119.29
2050-01-15 01:00:00,4426.82,2925.17,1501.65
2050-01-15 02:00:00,4256.36,3527.97,728.39
2050-01-15 03:00:00,4179.98,3441.31,738.67
2050-01-15 04:00:00,4151.45,3464.94,686.5
2050-01-15 05:00:00,4184.05,3475.07,708.98
2050-01-15 06:00:00,4329.02,3418.8,910.22
2050-01-15 07:00:00,4460.42,3133.12,1327.3
2050-01-15 08:00:00,4502.36,3638.26,864.09
2050-01-15 09:00:00,4354.1,2884.74,1469.37
2050-01-15 10:00:00,4129.49,3156.23,973.26
2050-01-15 11:00:00,3906.62,3166.62,740.0
2050-01-15 12:00:00,3743.21,3489.7,253.5
2050-01-15 13:00:00,3583.95,3328.76,255.19
2050-01-15 14:00:00,3503.74,3205.9,297.84
2050-01-15 15:00:00,3516.59,3106.55,410.04
2050-01-15 16:00:00,3745.73,3068.42,677.3
2050-01-15 17:00:00,4261.72,3389.54,872.18
2050-01-15 18:00:00,4731.88,3463.82,1268.06
2050-01-15 19:00:00,5095.77,2290.42,2805.35
2050-01-15 20:00:00,5264.73,1866.64,3398.1
2050-01-15 21:00:00,5255.14,2378.16,2876.98
2050-01-15 22:00:00,5086.04,2175.37,2910.67
2050-01-15 23:00:00,4828.55,2333.74,2494.81
2050-01-16 00:00:00,4532.25,2000.91,2531.34
2050-01-16 01:00:00,4428.0,2532.52,1895.47
2050-01-16 02:00:00,4259.35,1718.07,2541.28
2050-01-16 03:00:00,4196.98,2005.81,2191.17
2050-01-16 04:00:00,4171.9,1562.93,2608.97
2050-01-16 05:00:00,4202.5,2307.08,1895.41
2050-01-16 06:00:00,4346.73,2686.89,1659.84
2050-01-16 07:00:00,4477.66,1385.39,3092.26
2050-01-16 08:00:00,4511.58,2287.09,2224.49
2050-01-16 09:00:00,4380.87,3096.15,1284.72
2050-01-16 10:00:00,4200.73,3181.64,1019.09
2050-01-16 11:00:00,4007.67,3532.47,475.2
2050-01-16 12:00:00,3851.12,3219.76,631.35
2050-01-16 13:00:00,3660.37,3466.07,194.31
2050-01-16 14:00:00,3509.78,3405.3,104.49
2050-01-16 15:00:00,3459.67,3808.8,-349.13
2050-01-16 16:00:00,3633.71,4403.13,-769.42
2050-01-16 17:00:00,4123.12,4664.18,-541.06
2050-01-16 18:00:00,4586.93,4693.99,-107.06
2050-01-16 19:00:00,4977.12,4695.6,281.52
2050-01-16 20:00:00,5179.8,4695.38,484.42
2050-01-16 21:00:00,5179.17,4695.6,483.57
2050-01-16 22:00:00,5024.59,4695.34,329.25
2050-01-16 23:00:00,4797.23,4695.6,101.63
2050-01-17 00:00:00,4527.07,4695.6,-168.53
2050-01-17 01:00:00,4427.14,4695.6,-268.47
2050-01-17 02:00:00,4248.11,4695.6,-447.49
2050-01-17 03:00:00,4157.72,4694.56,-536.84
2050-01-17 04:00:00,4120.55,4695.6,-575.05
2050-01-17 05:00:00,4133.82,4249.52,-115.7
2050-01-17 06:00:00,4259.11,3619.13,639.98
2050-01-17 07:00:00,4368.26,3849.95,518.31
2050-01-17 08:00:00,4384.83,4255.56,129.27
2050-01-17 09:00:00,4322.66,2803.87,1518.79
2050-01-17 10:00:00,4172.55,2884.74,1287.81
2050-01-17 11:00:00,4049.14,2727.98,1321.16
2050-01-17 12:00:00,3972.99,2462.56,1510.43
2050-01-17 13:00:00,3900.36,2361.5,1538.87
2050-01-17 14:00:00,3868.74,2358.17,1510.58
2050-01-17 15:00:00,3893.08,2693.55,1199.53
2050-01-17 16:00:00,4064.33,2987.56,1076.77
2050-01-17 17:00:00,4404.93,2933.26,1471.66
2050-01-17 18:00:00,4677.79,3337.77,1340.02
2050-01-17 19:00:00,4876.74,3993.05,883.69
2050-01-17 20:00:00,4897.39,3008.35,1889.04
2050-01-17 21:00:00,4748.28,3526.84,1221.43
2050-01-17 22:00:00,4492.5,3762.06,730.43
2050-01-17 23:00:00,4178.63,3695.66,482.97
2050-01-18 00:00:00,3875.81,4011.83,-136.02
2050-01-18 01:00:00,3740.32,3224.39,515.93
2050-01-18 02:00:00,3536.18,3875.88,-339.7
2050-01-18 03:00:00,3453.57,4266.96,-813.39
2050-01-18 04:00:00,3455.2,4211.95,-756.75
2050-01-18 05:00:00,3526.08,4655.75,-1129.67
2050-01-18 06:00:00,3708.7,4621.48,-912.78
2050-01-18 07:00:00,3860.71,4297.82,-437.1
2050-01-18 08:00:00,3994.48,4469.97,-475.49
2050-01-18 09:00:00,4026.39,4191.83,-165.43
2050-01-18 10:00:00,3982.39,3717.05,265.34
2050-01-18 11:00:00,3879.57,4129.89,-250.32
2050-01-18 12:00:00,3779.17,4504.9,-725.73
2050-01-18 13:00:00,3665.63,4308.55,-642.91
2050-01-18 14:00:00,3557.92,4463.5,-905.58
2050-01-18 15:00:00,3524.43,3506.58,17.85
2050-01-18 16:00:00,3701.34,3470.57,230.77
2050-01-18 17:00:00,4186.22,4672.7,-486.49
2050-01-18 18:00:00,4628.56,4687.04,-58.48
2050-01-18 19:00:00,4963.9,4694.31,269.59
2050-01-18 20:00:00,5108.33,4358.19,750.14
2050-01-18 21:00:00,5062.85,4250.86,811.99
2050-01-18 22:00:00,4855.1,4652.45,202.65
2050-01-18 23:00:00,4585.24,4478.9,106.34
2050-01-19 00:00:00,4267.38,4331.36,-63.98
2050-01-19 01:00:00,4115.48,4476.06,-360.58
2050-01-19 02:00:00,3904.2,4106.64,-202.44
2050-01-19 03:00:00,3794.59,3849.05,-54.46
2050-01-19 04:00:00,3721.02,3792.7,-71.68
2050-01-19 05:00:00,3715.19,3928.65,-213.47
2050-01-19 06:00:00,3829.15,3804.33,24.82
2050-01-19 07:00:00,3919.07,3807.01,112.06
2050-01-19 08:00:00,3956.53,4065.5,-108.97
2050-01-19 09:00:00,3951.07,4177.74,-226.67
2050-01-19 10:00:00,3880.52,4444.72,-564.2
2050-01-19 11:00:00,3793.61,4558.11,-764.5
2050-01-19 12:00:00,3741.64,4525.61,-783.98
2050-01-19 13:00:00,3665.47,4482.56,-817.08
2050-01-19 14:00:00,3542.76,4651.78,-1109.02
2050-01-19 15:00:00,3465.35,4680.46,-1215.11
2050-01-19 16:00:00,3608.89,4694.89,-1086.0
2050-01-19 17:00:00,4091.37,4695.6,-604.23
2050-01-19 18:00:00,4537.4,4695.6,-158.2
2050-01-19 19:00:00,4890.54,4695.6,194.94
2050-01-19 20:00:00,5095.03,4695.6,399.43
2050-01-19 21:00:00,5100.9,4695.14,405.76
2050-01-19 22:00:00,4960.43,4695.6,264.83
2050-01-19 23:00:00,4761.45,4695.6,65.85
2050-01-20 00:00:00,4514.25,4694.14,-179.89
2050-01-20 01:00:00,4431.52,4423.26,8.27
2050-01-20 02:00:00,4284.49,4480.93,-196.44
2050-01-20 03:00:00,4238.79,4511.8,-273.01
2050-01-20 04:00:00,4224.74,4148.68,76.06
2050-01-20 05:00:00,4273.12,3547.1,726.01
2050-01-20 06:00:00,4437.58,2843.15,1594.43
2050-01-20 07:00:00,4587.71,2947.12,1640.59
2050-01-20 08:00:00,4622.03,2653.57,1968.46
2050-01-20 09:00:00,4494.93,3406.42,1088.51
2050-01-20 10:00:00,4309.39,3773.03,536.36
2050-01-20 11:00:00,4111.04,4421.24,-310.2
2050-01-20 12:00:00,3956.13,4129.89,-173.76
2050-01-20 13:00:00,3786.97,4102.17,-315.19
2050-01-20 14:00:00,3656.1,4470.37,-814.27
2050-01-20 15:00:00,3627.72,4547.14,-919.42
2050-01-20 16:00:00,3819.24,4340.08,-520.84
2050-01-20 17:00:00,4321.37,4433.32,-111.94
2050-01-20 18:00:00,4767.58,4498.4,269.18
2050-01-20 19:00:00,5155.33,4394.41,760.92
2050-01-20 20:00:00,5375.16,4021.67,1353.49
2050-01-20 21:00:00,5370.71,4244.15,1126.56
2050-01-20 22:00:00,5225.96,4141.52,1084.44
2050-01-20 23:00:00,5021.47,3765.87,1255.6
2050-01-21 00:00:00,4758.38,3853.52,904.86
2050-01-21 01:00:00,4662.85,3609.0,1053.85
2050-01-21 02:00:00,4490.62,3216.3,1274.32
2050-01-21 03:00:00,4415.07,2987.56,1427.51
2050-01-21 04:00:00,4387.46,2545.85,1841.61
2050-01-21 05:00:00,4411.5,2977.16,1434.34
2050-01-21 06:00:00,4546.08,3489.7,1056.38
2050-01-21 07:00:00,4662.92,3368.15,1294.77
2050-01-21 08:00:00,4693.17,2629.14,2064.03
2050-01-21 09:00:00,4583.78,2604.71,1979.07
2050-01-21 10:00:00,4392.7,2726.87,1665.83
2050-01-21 11:00:00,4194.94,2779.61,1415.33
2050-01-21 12:00:00,4042.92,3272.49,770.43
2050-01-21 13:00:00,3859.62,2739.17,1120.45
2050-01-21 14:00:00,3692.56,2399.26,1293.3
2050-01-21 15:00:00,3613.49,1780.64,1832.85
2050-01-21 16:00:00,3764.16,1835.27,1928.89
2050-01-21 17:00:00,4276.3,2424.8,1851.5
2050-01-21 18:00:00,4738.27,1839.19,2899.08
2050-01-21 19:00:00,5103.43,1801.95,3301.48
2050-01-21 20:00:00,5279.41,1962.69,3316.73
2050-01-21 21:00:00,5267.05,1541.5,3725.55
2050-01-21 22:00:00,5106.04,1979.35,3126.69
2050-01-21 23:00:00,4872.01,1943.09,2928.92
2050-01-22 00:00:00,4597.51,2161.65,2435.86
2050-01-22 01:00:00,4468.4,2079.32,2389.09
2050-01-22 02:00:00,4266.42,1987.19,2279.23
2050-01-22 03:00:00,4156.77,1818.61,2338.16
2050-01-22 04:00:00,4090.28,1483.21,2607.07
2050-01-22 05:00:00,4105.18,1992.09,2113.09
2050-01-22 06:00:00,4238.65,1538.93,2699.73
2050-01-22 07:00:00,4355.09,1517.5,2837.59
2050-01-22 08:00:00,4380.54,1207.73,3172.81
2050-01-22 09:00:00,4298.71,1458.35,2840.36
2050-01-22 10:00:00,4179.53,921.29,3258.24
2050-01-22 11:00:00,4049.19,911.95,3137.24
2050-01-22 12:00:00,3955.38,941.2,3014.17
2050-01-22 13:00:00,3816.36,744.9,3071.46
2050-01-22 14:00:00,3690.26,643.59,3046.67
2050-01-22 15:00:00,3642.3,593.19,3049.11
2050-01-22 16:00:00,3831.2,628.68,3202.52
2050-01-22 17:00:00,4354.66,915.06,3439.59
2050-01-22 18:00:00,4796.12,1033.93,3762.19
2050-01-22 19:00:00,5150.83,1007.17,4143.66
2050-01-22 20:00:00,5323.52,985.39,4338.13
2050-01-22 21:00:00,5311.98,1731.78,3580.19
2050-01-22 22:00:00,5153.7,2091.08,3062.62
2050-01-22 23:00:00,4930.06,2285.98,2644.08
2050-01-23 00:00:00,4679.09,2845.46,1833.63
2050-01-23 01:00:00,4604.32,3705.79,898.53
2050-01-23 02:00:00,4460.49,4232.75,227.74
2050-01-23 03:00:00,4414.69,4413.86,0.83
2050-01-23 04:00:00,4425.52,4694.29,-268.77
2050-01-23 05:00:00,4508.26,4695.6,-187.34
2050-01-23 06:00:00,4693.53,4695.6,-2.07
2050-01-23 07:00:00,4856.47,4695.6,160.87
2050-01-23 08:00:00,4891.34,4695.6,195.74
2050-01-23 09:00:00,4764.0,4695.6,68.4
2050-01-23 10:00:00,4588.49,4695.6,-107.11
2050-01-23 11:00:00,4409.09,4695.6,-286.51
2050-01-23 12:00:00,4268.06,4695.6,-427.54
2050-01-23 13:00:00,4086.38,4695.6,-609.22
2050-01-23 14:00:00,3911.1,4695.6,-784.5
2050-01-23 15:00:00,3815.45,4695.6,-880.15
2050-01-23 16:00:00,3954.68,4694.26,-739.58
2050-01-23 17:00:00,4483.9,4695.6,-211.7
2050-01-23 18:00:00,4956.25,4695.6,260.65
2050-01-23 19:00:00,5326.92,4695.6,631.32
2050-01-23 20:00:00,5508.2,4695.6,812.6
2050-01-23 21:00:00,5479.24,4695.6,783.64
2050-01-23 22:00:00,5317.08,4695.6,621.48
2050-01-23 23:00:00,5105.17,4695.6,409.57
2050-01-24 00:00:00,4843.11,4695.6,147.51
2050-01-24 01:00:00,4733.48,4695.44,38.05
2050-01-24 02:00:00,4544.57,4694.06,-149.49
2050-01-24 03:00:00,4439.95,4694.23,-254.28
2050-01-24 04:00:00,4340.34,4695.6,-355.26
2050-01-24 05:00:00,4274.23,4695.6,-421.37
2050-01-24 06:00:00,4308.31,4695.6,-387.29
2050-01-24 07:00:00,4316.06,4695.6,-379.54
2050-01-24 08:00:00,4293.65,4695.6,-401.95
2050-01-24 09:00:00,4281.26,4695.6,-414.34
2050-01-24 10:00:00,4174.11,4695.6,-521.49
2050-01-24 11:00:00,3970.74,4695.33,-724.59
2050-01-24 12:00:00,3752.83,4694.91,-942.08
2050-01-24 13:00:00,3519.7,4695.21,-1175.51
2050-01-24 14:00:00,3389.18,4619.45,-1230.27
2050-01-24 15:00:00,3407.61,4665.05,-1257.44
2050-01-24 16:00:00,3567.75,4682.49,-1114.74
2050-01-24 17:00:00,3930.51,4670.47,-739.97
2050-01-24 18:00:00,4255.72,4650.61,-394.89
2050-01-24 19:00:00,4441.12,4639.35,-198.23
2050-01-24 20:00:00,4472.01,4651.1,-179.08
2050-01-24 21:00:00,4323.22,4666.99,-343.77
2050-01-24 22:00:00,4040.9,4664.18,-623.28
2050-01-24 23:00:00,3707.77,4602.39,-894.62
2050-01-25 00:00:00,3347.76,4581.67,-1233.91
2050-01-25 01:00:00,3163.66,4205.91,-1042.25
2050-01-25 02:00:00,2912.28,4195.19,-1282.91
2050-01-25 03:00:00,2774.09,4335.38,-1561.29
2050-01-25 04:00:00,2688.07,4249.52,-1561.45
2050-01-25 05:00:00,2667.44,3831.16,-1163.73
2050-01-25 06:00:00,2768.34,3090.38,-322.03
2050-01-25 07:00:00,2850.53,3674.28,-823.75
2050-01-25 08:00:00,2953.03,3569.61,-616.58
2050-01-25 09:00:00,3136.71,3093.84,42.87
2050-01-25 10:00:00,3193.97,2913.62,280.35
2050-01-25 11:00:00,3236.11,2914.77,321.34
2050-01-25 12:00:00,3277.12,2491.43,785.68
2050-01-25 13:00:00,3293.49,3014.13,279.36
2050-01-25 14:00:00,3320.08,3807.01,-486.93
2050-01-25 15:00:00,3375.81,3276.99,98.82
2050-01-25 16:00:00,3550.12,2930.95,619.18
2050-01-25 17:00:00,3893.31,3119.26,774.05
2050-01-25 18:00:00,4199.78,3127.34,1072.44
2050-01-25 19:00:00,4308.09,3741.81,566.28
2050-01-25 20:00:00,4333.08,4122.74,210.35
2050-01-25 21:00:00,4292.31,4436.0,-143.69
2050-01-25 22:00:00,4167.91,4462.16,-294.25
2050-01-25 23:00:00,4000.09,4020.78,-20.69
2050-01-26 00:00:00,3806.51,3806.12,0.39
2050-01-26 01:00:00,3785.56,3625.88,159.68
2050-01-26 02:00:00,3686.82,3077.67,609.15
2050-01-26 03:00:00,3673.11,3607.87,65.24
2050-01-26 04:00:00,3709.89,4227.38,-517.49
2050-01-26 05:00:00,3794.64,3589.87,204.77
2050-01-26 06:00:00,3981.22,3205.9,775.32
2050-01-26 07:00:00,4161.69,3269.11,892.57
2050-01-26 08:00:00,4246.95,3479.58,767.37
2050-01-26 09:00:00,4197.39,3754.18,443.21
2050-01-26 10:00:00,4113.83,3347.9,765.93
2050-01-26 11:00:00,4027.78,2922.86,1104.92
2050-01-26 12:00:00,3981.8,3515.59,466.21
2050-01-26 13:00:00,3896.07,3708.04,188.03
2050-01-26 14:00:00,3807.34,3941.17,-133.84
2050-01-26 15:00:00,3787.41,4260.92,-473.51
2050-01-26 16:00:00,3992.58,4539.02,-546.44
2050-01-26 17:00:00,4559.63,4528.46,31.17
2050-01-26 18:00:00,5082.36,4683.94,398.42
2050-01-26 19:00:00,5483.03,4690.34,792.69
2050-01-26 20:00:00,5691.89,4662.05,1029.85
2050-01-26 21:00:00,5691.43,4648.7,1042.73
2050-01-26 22:00:00,5551.03,4637.32,913.71
2050-01-26 23:00:00,5341.94,4585.33,756.61
2050-01-27 00:00:00,5085.4,4242.14,843.26
2050-01-27 01:00:00,4988.22,4271.65,716.56
2050-01-27 02:00:00,4813.03,4340.75,472.28
2050-01-27 03:00:00,4736.68,4171.04,565.65
2050-01-27 04:00:00,4697.01,4497.18,199.83
2050-01-27 05:00:00,4716.56,4606.86,109.7
2050-01-27 06:00:00,4859.37,4177.74,681.63
2050-01-27 07:00:00,4978.5,4385.02,593.49
2050-01-27 08:00:00,4976.32,4440.69,535.62
2050-01-27 09:00:00,4836.67,4530.49,306.18
2050-01-27 10:00:00,4662.42,4583.3,79.12
2050-01-27 11:00:00,4488.63,4549.99,-61.36
2050-01-27 12:00:00,4355.85,4491.9,-136.05
2050-01-27 13:00:00,4188.26,4287.75,-99.49
2050-01-27 14:00:00,4030.88,4563.8,-532.92
2050-01-27 15:00:00,3950.04,4660.79,-710.75
2050-01-27 16:00:00,4092.22,4682.78,-590.56
2050-01-27 17:00:00,4617.52,4672.9,-55.37
2050-01-27 18:00:00,5125.91,4657.2,468.71
2050-01-27 19:00:00,5512.83,4661.95,850.88
2050-01-27 20:00:00,5712.86,4448.08,1264.79
2050-01-27 21:00:00,5708.05,4573.96,1134.09
2050-01-27 22:00:00,5547.07,4625.54,921.53
2050-01-27 23:00:00,5313.03,4470.37,842.66
2050-01-28 00:00:00,5042.14,4492.71,549.43
2050-01-28 01:00:00,4942.38,4064.6,877.77
2050-01-28 02:00:00,4769.26,4162.09,607.17
2050-01-28 03:00:00,4694.08,3978.74,715.34
2050-01-28 04:00:00,4662.79,3896.46,766.33
2050-01-28 05:00:00,4690.7,4285.74,404.96
2050-01-28 06:00:00,4834.2,4366.24,467.97
2050-01-28 07:00:00,4955.11,4131.68,823.42
2050-01-28 08:00:00,4945.76,3778.39,1167.36
2050-01-28 09:00:00,4887.67,3656.27,1231.4
2050-01-28 10:00:00,4840.58,3256.73,1583.85
2050-01-28 11:00:00,4799.87,2546.96,2252.91
2050-01-28 12:00:00,4748.69,2735.76,2012.93
2050-01-28 13:00:00,4690.38,2495.88,2194.51
2050-01-28 14:00:00,4688.66,1789.21,2899.45
2050-01-28 15:00:00,4702.85,1837.23,2865.62
2050-01-28 16:00:00,4707.04,1959.75,2747.3
2050-01-28 17:00:00,5105.33,2269.32,2836.01
2050-01-28 18:00:00,5518.93,2519.2,2999.73
2050-01-28 19:00:00,5839.33,2428.13,3411.2
2050-01-28 20:00:00,6022.35,2474.77,3547.58
2050-01-28 21:00:00,6059.64,2701.33,3358.31
2050-01-28 22:00:00,6000.14,2820.04,3180.1
2050-01-28 23:00:00,5884.81,2731.31,3153.5
2050-01-29 00:00:00,5702.8,3046.48,2656.32
2050-01-29 01:00:00,5676.14,3158.54,2517.61
2050-01-29 02:00:00,5548.12,3314.13,2233.99
2050-01-29 03:00:00,5497.59,3810.59,1687.0
2050-01-29 04:00:00,5471.75,3489.7,1982.04
2050-01-29 05:00:00,5503.07,4473.62,1029.45
2050-01-29 06:00:00,5649.06,4450.76,1198.31
2050-01-29 07:00:00,5774.42,4539.83,1234.59
2050-01-29 08:00:00,5785.2,4485.81,1299.39
2050-01-29 09:00:00,5671.7,4259.58,1412.12
2050-01-29 10:00:00,5533.19,4504.09,1029.1
2050-01-29 11:00:00,5412.29,4535.77,876.52
2050-01-29 12:00:00,5338.73,4671.73,667.0
2050-01-29 13:00:00,5244.56,4694.13,550.44
2050-01-29 14:00:00,5132.18,4695.6,436.57
2050-01-29 15:00:00,5066.4,4695.6,370.8
2050-01-29 16:00:00,5191.64,4695.6,496.03
2050-01-29 17:00:00,5676.73,4695.6,981.13
2050-01-29 18:00:00,6162.44,4695.6,1466.84
2050-01-29 19:00:00,6530.91,4694.93,1835.98
2050-01-29 20:00:00,6715.34,4691.98,2023.36
2050-01-29 21:00:00,6709.95,4695.43,2014.52
2050-01-29 22:00:00,6559.17,4680.36,1878.81
2050-01-29 23:00:00,6336.52,4569.89,1766.63
2050-01-30 00:00:00,6064.11,4472.81,1591.3
2050-01-30 01:00:00,5968.5,4580.45,1388.04
2050-01-30 02:00:00,5818.27,4663.11,1155.16
2050-01-30 03:00:00,5756.43,4315.93,1440.5
2050-01-30 04:00:00,5738.94,3996.63,1742.31
2050-01-30 05:00:00,5779.95,3768.55,2011.4
2050-01-30 06:00:00,5930.74,3120.41,2810.33
2050-01-30 07:00:00,6057.7,2680.23,3377.47
2050-01-30 08:00:00,6082.07,2638.03,3444.04
2050-01-30 09:00:00,5999.73,2324.85,3674.88
2050-01-30 10:00:00,5856.99,1562.93,4294.06
2050-01-30 11:00:00,5698.41,1332.54,4365.87
2050-01-30 12:00:00,5550.98,1263.52,4287.45
2050-01-30 13:00:00,5382.12,1878.39,3503.73
2050-01-30 14:00:00,5281.46,2762.28,2519.17
2050-01-30 15:00:00,5257.18,2874.34,2382.84
2050-01-30 16:00:00,5406.98,3657.39,1749.59
2050-01-30 17:00:00,5810.46,4499.21,1311.25
2050-01-30 18:00:00,6223.53,4695.54,1527.99
2050-01-30 19:00:00,6519.69,4695.6,1824.09
2050-01-30 20:00:00,6618.51,4695.23,1923.28
2050-01-30 21:00:00,6520.94,4694.12,1826.82
2050-01-30 22:00:00,6296.37,4665.05,1631.32
2050-01-30 23:00:00,6021.99,4450.09,1571.9
2050-01-31 00:00:00,5719.77,4123.63,1596.14
2050-01-31 01:00:00,5588.54,3886.61,1701.93
2050-01-31 02:00:00,5395.02,3376.03,2018.99
2050-01-31 03:00:00,5293.67,2569.17,2724.5
2050-01-31 04:00:00,5244.73,2739.17,2505.56
2050-01-31 05:00:00,5269.23,2818.89,2450.34
2050-01-31 06:00:00,5415.78,3040.7,2375.09
2050-01-31 07:00:00,5545.85,3217.45,2328.4
2050-01-31 08:00:00,5572.17,2697.99,2874.17
2050-01-31 09:00:00,5411.64,2593.61,2818.04
2050-01-31 10:00:00,5204.9,1597.21,3607.68
2050-01-31 11:00:00,5003.5,1311.98,3691.52
2050-01-31 12:00:00,4848.37,1174.69,3673.67
2050-01-31 13:00:00,4664.87,1292.16,3372.72
2050-01-31 14:00:00,4485.56,1162.21,3323.34
2050-01-31 15:00:00,4377.89,1310.51,3067.38
2050-01-31 16:00:00,4479.04,1178.37,3300.68
2050-01-31 17:00:00,4941.71,1576.64,3365.07
2050-01-31 18:00:00,5430.86,2289.31,3141.55
2050-01-31 19:00:00,5663.22,2684.67,2978.55
2050-01-31 20:00:00,5844.58,3138.9,2705.69
2050-01-31 21:00:00,5823.39,3951.91,1871.48
2050-01-31 22:00:00,5661.82,3226.7,2435.12
2050-01-31 23:00:00,5451.45,3167.78,2283.67
2050-02-01 00:00:00,5416.91,3735.05,1681.85
2050-02-01 01:00:00,5324.49,4105.74,1218.75
2050-02-01 02:00:00,5146.65,4223.36,923.29
2050-02-01 03:00:00,5087.48,4262.26,825.22
2050-02-01 04:00:00,5070.08,4555.68,514.41
2050-02-01 05:00:00,5106.49,4567.05,539.44
2050-02-01 06:00:00,5256.12,4569.89,686.23
2050-02-01 07:00:00,5394.08,4545.52,848.56
2050-02-01 08:00:00,5393.59,4526.84,866.75
2050-02-01 09:00:00,5270.53,4258.24,1012.29
2050-02-01 10:00:00,5097.02,3855.31,1241.71
2050-02-01 11:00:00,4910.14,3601.12,1309.02
2050-02-01 12:00:00,4769.18,2984.09,1785.09
2050-02-01 13:00:00,4588.38,3193.2,1395.19
2050-02-01 14:00:00,4402.44,2481.44,1921.01
2050-02-01 15:00:00,4288.35,2358.17,1930.18
2050-02-01 16:00:00,4398.26,2922.86,1475.4
2050-02-01 17:00:00,4888.05,2664.68,2223.37
2050-02-01 18:00:00,5456.48,2302.64,3153.84
2050-02-01 19:00:00,5852.79,2969.07,2883.72
2050-02-01 20:00:00,6053.6,2197.91,3855.69
2050-02-01 21:00:00,6048.79,1321.52,4727.27
2050-02-01 22:00:00,5867.98,2313.75,3554.24
2050-02-01 23:00:00,5626.54,2724.65,2901.89
2050-02-02 00:00:00,5327.42,3140.05,2187.37
2050-02-02 01:00:00,5214.4,3180.48,2033.92
2050-02-02 02:00:00,5008.84,3592.12,1416.72
2050-02-02 03:00:00,4911.39,2973.7,1937.69
2050-02-02 04:00:00,4850.51,2447.01,2403.5
2050-02-02 05:00:00,4852.11,1921.52,2930.59
2050-02-02 06:00:00,4968.92,2704.66,2264.26
2050-02-02 07:00:00,5068.44,3310.75,1757.68
2050-02-02 08:00:00,5066.87,3058.03,2008.84
2050-02-02 09:00:00,4969.1,3672.02,1297.07
2050-02-02 10:00:00,4790.84,3972.48,818.37
2050-02-02 11:00:00,4554.64,2628.03,1926.61
2050-02-02 12:00:00,4342.99,2183.21,2159.78
2050-02-02 13:00:00,4155.11,2008.75,2146.36
2050-02-02 14:00:00,3952.18,2107.74,1844.44
2050-02-02 15:00:00,3832.09,2534.75,1297.34
2050-02-02 16:00:00,3937.34,3261.24,676.11
2050-02-02 17:00:00,4373.58,3848.16,525.43
2050-02-02 18:00:00,4873.37,4061.02,812.35
2050-02-02 19:00:00,5240.89,4452.77,788.12
2050-02-02 20:00:00,5423.84,4217.32,1206.52
2050-02-02 21:00:00,5407.84,4368.25,1039.59
2050-02-02 22:00:00,5215.04,4219.33,995.71
2050-02-02 23:00:00,4951.47,3925.08,1026.4
2050-02-03 00:00:00,4622.67,3982.31,640.35
2050-02-03 01:00:00,4481.51,4490.68,-9.17
2050-02-03 02:00:00,4252.07,4522.77,-270.71
2050-02-03 03:00:00,4120.8,4526.43,-405.63
2050-02-03 04:00:00,4045.42,4311.9,-266.48
2050-02-03 05:00:00,4031.28,4226.71,-195.43
2050-02-03 06:00:00,4149.48,3925.08,224.41
2050-02-03 07:00:00,4262.75,3494.2,768.55
2050-02-03 08:00:00,4324.78,3392.91,931.87
2050-02-03 09:00:00,4317.71,3279.24,1038.46
2050-02-03 10:00:00,4265.93,3209.37,1056.57
2050-02-03 11:00:00,4185.65,3088.07,1097.58
2050-02-03 12:00:00,4101.85,3288.25,813.6
2050-02-03 13:00:00,3972.67,3405.3,567.38
2050-02-03 14:00:00,3847.48,3269.11,578.37
2050-02-03 15:00:00,3853.67,3828.48,25.19
2050-02-03 16:00:00,4060.57,4290.44,-229.86
2050-02-03 17:00:00,4523.93,4554.86,-30.94
2050-02-03 18:00:00,5081.25,4488.24,593.01
2050-02-03 19:00:00,5469.74,4526.02,943.72
2050-02-03 20:00:00,5672.56,4625.95,1046.61
2050-02-03 21:00:00,5679.77,4695.6,984.17
2050-02-03 22:00:00,5523.21,4695.6,827.61
2050-02-03 23:00:00,5303.2,4695.6,607.6
2050-02-04 00:00:00,5023.0,4680.36,342.64
2050-02-04 01:00:00,4917.39,4652.26,265.13
2050-02-04 02:00:00,4735.64,4651.48,84.15
2050-02-04 03:00:00,4661.96,4693.94,-31.98
2050-02-04 04:00:00,4614.78,4644.63,-29.85
2050-02-04 05:00:00,4631.99,4586.95,45.04
2050-02-04 06:00:00,4809.6,4656.04,153.56
2050-02-04 07:00:00,4991.91,4497.18,494.73
2050-02-04 08:00:00,5043.04,4080.7,962.34
2050-02-04 09:00:00,4998.64,4225.37,773.27
2050-02-04 10:00:00,4896.54,4095.91,800.64
2050-02-04 11:00:00,4796.77,2167.53,2629.24
2050-02-04 12:00:00,4726.89,2304.86,2422.03
2050-02-04 13:00:00,4597.47,2033.26,2564.22
2050-02-04 14:00:00,4447.32,2178.31,2269.01
2050-02-04 15:00:00,4354.52,2838.53,1515.99
2050-02-04 16:00:00,4479.37,3019.9,1459.47
2050-02-04 17:00:00,4966.43,3145.83,1820.6
2050-02-04 18:00:00,5551.1,2759.97,2791.13
2050-02-04 19:00:00,5954.53,2876.65,3077.88
2050-02-04 20:00:00,6149.34,2757.66,3391.68
2050-02-04 21:00:00,6114.03,3597.75,2516.29
2050-02-04 22:00:00,5901.96,3670.9,2231.06
2050-02-04 23:00:00,5614.45,3990.37,1624.08
2050-02-05 00:00:00,5280.37,3988.58,1291.79
2050-02-05 01:00:00,5131.5,4149.57,981.93
2050-02-05 02:00:00,4894.02,4379.65,514.37
2050-02-05 03:00:00,4767.12,4458.81,308.31
2050-02-05 04:00:00,4698.02,4292.45,405.57
2050-02-05 05:00:00,4696.31,4535.36,160.95
2050-02-05 06:00:00,4807.85,4572.73,235.12
2050-02-05 07:00:00,4899.42,4694.62,204.8
2050-02-05 08:00:00,4900.46,4695.48,204.98
2050-02-05 09:00:00,4872.27,4695.6,176.67
2050-02-05 10:00:00,4787.54,4695.6,91.94
2050-02-05 11:00:00,4683.73,4695.6,-11.87
2050-02-05 12:00:00,4608.11,4692.57,-84.46
2050-02-05 13:00:00,4512.29,4660.4,-148.1
2050-02-05 14:00:00,4438.36,4662.14,-223.78
2050-02-05 15:00:00,4419.28,4473.62,-54.34
2050-02-05 16:00:00,4567.24,4036.87,530.37
2050-02-05 17:00:00,4931.46,4220.67,710.79
2050-02-05 18:00:00,5381.95,4123.63,1258.32
2050-02-05 19:00:00,5681.73,4559.33,1122.4
2050-02-05 20:00:00,5799.33,4668.44,1130.89
2050-02-05 21:00:00,5744.09,4615.79,1128.3
2050-02-05 22:00:00,5537.51,4550.39,987.12
2050-02-05 23:00:00,5280.56,4545.52,735.04
2050-02-06 00:00:00,4974.88,4145.99,828.89
2050-02-06 01:00:00,4864.64,3479.58,1385.07
2050-02-06 02:00:00,4672.68,3101.93,1570.75
2050-02-06 03:00:00,4609.22,1910.74,2698.48
2050-02-06 04:00:00,4602.59,2248.23,2354.37
2050-02-06 05:00:00,4645.41,1739.49,2905.92
2050-02-06 06:00:00,4795.12,1396.41,3398.7
2050-02-06 07:00:00,4917.54,800.55,4116.98
2050-02-06 08:00:00,5025.81,751.59,4274.22
2050-02-06 09:00:00,5123.57,653.36,4470.21
2050-02-06 10:00:00,5167.43,555.45,4611.99
2050-02-06 11:00:00,5198.39,601.93,4596.46
2050-02-06 12:00:00,5223.31,935.6,4287.71
2050-02-06 13:00:00,5193.43,616.33,4577.1
2050-02-06 14:00:00,5142.95,773.19,4369.77
2050-02-06 15:00:00,5129.13,896.39,4232.73
2050-02-06 16:00:00,5311.81,1292.89,4018.92
2050-02-06 17:00:00,5703.97,2473.67,3230.31
2050-02-06 18:00:00,6179.09,2495.88,3683.21
2050-02-06 19:00:00,6503.92,3229.01,3274.91
2050-02-06 20:00:00,6650.58,3166.62,3483.96
2050-02-06 21:00:00,6639.88,3015.28,3624.6
2050-02-06 22:00:00,6488.95,3203.59,3285.36
2050-02-06 23:00:00,6262.63,2787.7,3474.93
2050-02-07 00:00:00,6004.22,1672.64,4331.58
2050-02-07 01:00:00,5925.96,799.42,5126.54
2050-02-07 02:00:00,5743.57,1203.33,4540.24
2050-02-07 03:00:00,5657.69,1478.07,4179.62
2050-02-07 04:00:00,5607.81,1758.35,3849.46
2050-02-07 05:00:00,5615.82,2075.4,3540.42
2050-02-07 06:00:00,5736.74,1789.21,3947.52
2050-02-07 07:00:00,5850.54,1794.35,4056.18
2050-02-07 08:00:00,5872.44,1706.07,4166.37
2050-02-07 09:00:00,5784.52,1802.93,3981.59
2050-02-07 10:00:00,5591.42,2476.99,3114.43
2050-02-07 11:00:00,5382.17,2877.81,2504.36
2050-02-07 12:00:00,5213.1,2785.38,2427.72
2050-02-07 13:00:00,5003.88,3091.53,1912.35
2050-02-07 14:00:00,4787.86,2280.43,2507.44
2050-02-07 15:00:00,4647.35,1689.78,2957.57
2050-02-07 16:00:00,4740.43,2736.86,2003.57
2050-02-07 17:00:00,5193.7,3760.94,1432.76
2050-02-07 18:00:00,5792.34,3897.35,1894.99
2050-02-07 19:00:00,6207.6,3833.84,2373.76
2050-02-07 20:00:00,6430.17,3877.67,2552.5
2050-02-07 21:00:00,6438.83,3950.12,2488.72
2050-02-07 22:00:00,6261.66,4653.71,1607.95
2050-02-07 23:00:00,6011.18,4694.35,1316.83
2050-02-08 00:00:00,5707.98,4694.38,1013.59
2050-02-08 01:00:00,5585.51,4673.77,911.74
2050-02-08 02:00:00,5371.23,4544.3,826.92
2050-02-08 03:00:00,5258.44,4509.37,749.07
2050-02-08 04:00:00,5200.31,4653.91,546.41
2050-02-08 05:00:00,5209.15,4482.15,727.0
2050-02-08 06:00:00,5341.84,4537.4,804.44
2050-02-08 07:00:00,5465.7,4471.18,994.52
2050-02-08 08:00:00,5452.45,3968.9,1483.55
2050-02-08 09:00:00,5340.65,4152.25,1188.39
2050-02-08 10:00:00,5160.45,2838.53,2321.93
2050-02-08 11:00:00,4977.63,2640.25,2337.38
2050-02-08 12:00:00,4832.56,2711.32,2121.24
2050-02-08 13:00:00,4654.42,2291.53,2362.89
2050-02-08 14:00:00,4482.02,2049.92,2432.11
2050-02-08 15:00:00,4391.73,2298.2,2093.53
2050-02-08 16:00:00,4543.25,2385.93,2157.32
2050-02-08 17:00:00,5043.88,3226.7,1817.18
2050-02-08 18:00:00,5658.46,3880.35,1778.11
2050-02-08 19:00:00,6056.65,3548.23,2508.43
2050-02-08 20:00:00,6244.47,3945.65,2298.83
2050-02-08 21:00:00,6220.48,3913.45,2307.03
2050-02-08 22:00:00,6022.07,3569.61,2452.46
2050-02-08 23:00:00,5746.16,3018.75,2727.41
2050-02-09 00:00:00,5418.59,2576.95,2841.64
2050-02-09 01:00:00,5270.2,2172.43,3097.77
2050-02-09 02:00:00,5035.28,1918.58,3116.7
2050-02-09 03:00:00,4930.85,1820.57,3110.28
2050-02-09 04:00:00,4880.96,2484.77,2396.19
2050-02-09 05:00:00,4902.11,2482.55,2419.56
2050-02-09 06:00:00,5040.42,2055.79,2984.63
2050-02-09 07:00:00,5163.32,2001.89,3161.43
2050-02-09 08:00:00,5147.41,2303.75,2843.66
2050-02-09 09:00:00,5034.49,2672.45,2362.03
2050-02-09 10:00:00,4849.26,3571.86,1277.4
2050-02-09 11:00:00,4656.06,3711.42,944.64
2050-02-09 12:00:00,4498.29,4085.17,413.12
2050-02-09 13:00:00,4294.53,4104.85,189.69
2050-02-09 14:00:00,4100.21,3837.42,262.79
2050-02-09 15:00:00,4017.8,4076.23,-58.43
2050-02-09 16:00:00,4163.26,4369.59,-206.33
2050-02-09 17:00:00,4552.78,4541.87,10.92
2050-02-09 18:00:00,5062.66,4450.09,612.57
2050-02-09 19:00:00,5394.38,4612.14,782.25
2050-02-09 20:00:00,5546.79,4648.29,898.5
2050-02-09 21:00:00,5498.01,4675.7,822.31
2050-02-09 22:00:00,5271.88,4694.11,577.78
2050-02-09 23:00:00,4994.84,4681.23,313.61
2050-02-10 00:00:00,4664.09,4376.97,287.12
2050-02-10 01:00:00,4520.52,4509.77,10.75
2050-02-10 02:00:00,4291.45,4514.65,-223.2
2050-02-10 03:00:00,4183.83,4615.79,-431.97
2050-02-10 04:00:00,4110.97,4490.68,-379.71
2050-02-10 05:00:00,4106.74,4521.96,-415.22
2050-02-10 06:00:00,4220.28,4492.31,-272.03
2050-02-10 07:00:00,4319.08,4580.86,-261.78
2050-02-10 08:00:00,4412.99,4633.26,-220.27
2050-02-10 09:00:00,4458.29,4656.52,-198.24
2050-02-10 10:00:00,4485.12,4285.74,199.38
2050-02-10 11:00:00,4481.29,4501.65,-20.36
2050-02-10 12:00:00,4471.19,4623.51,-152.32
2050-02-10 13:00:00,4433.27,4604.82,-171.55
2050-02-10 14:00:00,4443.54,4494.75,-51.2
2050-02-10 15:00:00,4492.69,3859.78,632.91
2050-02-10 16:00:00,4693.89,3985.89,708.0
2050-02-10 17:00:00,5064.78,3531.34,1533.44
2050-02-10 18:00:00,5520.13,3284.87,2235.26
2050-02-10 19:00:00,5802.59,3246.34,2556.26
2050-02-10 20:00:00,5915.09,3342.27,2572.83
2050-02-10 21:00:00,5858.09,2926.33,2931.77
2050-02-10 22:00:00,5658.3,3476.2,2182.1
2050-02-10 23:00:00,5388.87,2652.46,2736.41
2050-02-11 00:00:00,5071.59,1570.64,3500.95
2050-02-11 01:00:00,4955.3,1992.09,2963.21
2050-02-11 02:00:00,4742.57,2261.55,2481.02
2050-02-11 03:00:00,4647.29,1888.2,2759.09
2050-02-11 04:00:00,4597.4,2520.31,2077.1
2050-02-11 05:00:00,4618.87,2800.4,1818.47
2050-02-11 06:00:00,4779.32,2765.75,2013.57
2050-02-11 07:00:00,4919.43,3637.14,1282.29
2050-02-11 08:00:00,4975.46,2711.32,2264.14
2050-02-11 09:00:00,4988.06,2196.94,2791.12
2050-02-11 10:00:00,4891.48,2015.61,2875.87
2050-02-11 11:00:00,4762.57,1646.93,3115.64
2050-02-11 12:00:00,4665.2,2226.34,2438.86
2050-02-11 13:00:00,4527.06,2634.69,1892.37
2050-02-11 14:00:00,4471.72,3123.88,1347.84
2050-02-11 15:00:00,4498.24,3245.18,1253.06
2050-02-11 16:00:00,4695.54,3000.26,1695.28
2050-02-11 17:00:00,5119.85,3764.08,1355.76
2050-02-11 18:00:00,5678.6,2602.49,3076.11
2050-02-11 19:00:00,6047.7,3261.24,2786.47
2050-02-11 20:00:00,6211.07,2655.79,3555.28
2050-02-11 21:00:00,6182.22,3185.11,2997.12
2050-02-11 22:00:00,5981.87,3158.54,2823.34
2050-02-11 23:00:00,5710.08,4284.4,1425.68
2050-02-12 00:00:00,5382.77,4295.13,1087.64
2050-02-12 01:00:00,5240.24,4337.39,902.85
2050-02-12 02:00:00,5012.65,4508.15,504.5
2050-02-12 03:00:00,4901.49,4450.76,450.73
2050-02-12 04:00:00,4838.37,4466.19,372.19
2050-02-12 05:00:00,4847.37,4199.21,648.16
2050-02-12 06:00:00,4980.45,4482.96,497.49
2050-02-12 07:00:00,5108.99,4118.27,990.72
2050-02-12 08:00:00,5116.74,3263.49,1853.25
2050-02-12 09:00:00,5034.01,2704.66,2329.35
2050-02-12 10:00:00,4866.48,1355.3,3511.19
2050-02-12 11:00:00,4702.25,1104.95,3597.3
2050-02-12 12:00:00,4577.9,1106.42,3471.48
2050-02-12 13:00:00,4416.62,1154.87,3261.75
2050-02-12 14:00:00,4257.04,1002.82,3254.23
2050-02-12 15:00:00,4177.16,1358.97,2818.19
2050-02-12 16:00:00,4318.92,1450.64,2868.28
2050-02-12 17:00:00,4780.22,2327.07,2453.15
2050-02-12 18:00:00,5417.53,2081.28,3336.25
2050-02-12 19:00:00,5830.2,3403.04,2427.16
2050-02-12 20:00:00,6034.49,3790.91,2243.58
2050-02-12 21:00:00,6029.23,4404.47,1624.76
2050-02-12 22:00:00,5858.58,4448.75,1409.84
2050-02-12 23:00:00,5616.93,4457.47,1159.46
2050-02-13 00:00:00,5308.5,3993.94,1314.56
2050-02-13 01:00:00,5171.88,3974.27,1197.61
2050-02-13 02:00:00,4944.07,4462.16,481.91
2050-02-13 03:00:00,4815.36,4474.84,340.52
2050-02-13 04:00:00,4730.91,4695.21,35.71
2050-02-13 05:00:00,4722.54,4695.6,26.94
2050-02-13 06:00:00,4853.57,4694.9,158.67
2050-02-13 07:00:00,4982.2,4695.6,286.6
2050-02-13 08:00:00,5009.71,4695.6,314.11
2050-02-13 09:00:00,4977.17,4695.6,281.57
2050-02-13 10:00:00,4881.05,4695.6,185.45
2050-02-13 11:00:00,4781.6,4695.6,86.0
2050-02-13 12:00:00,4710.46,4514.65,195.81
2050-02-13 13:00:00,4611.21,4591.83,19.39
2050-02-13 14:00:00,4503.36,4406.49,96.88
2050-02-13 15:00:00,4433.75,4319.28,114.47
2050-02-13 16:00:00,4607.64,3886.61,721.03
2050-02-13 17:00:00,5035.69,4346.78,688.91
2050-02-13 18:00:00,5601.94,4674.54,927.4
2050-02-13 19:00:00,5976.32,4695.52,1280.8
2050-02-13 20:00:00,6141.3,4695.6,1445.7
2050-02-13 21:00:00,6098.42,4695.6,1402.82
2050-02-13 22:00:00,5897.1,4694.42,1202.69
2050-02-13 23:00:00,5630.05,4695.08,934.97
2050-02-14 00:00:00,5315.84,4694.29,621.55
2050-02-14 01:00:00,5194.05,4613.76,580.29
2050-02-14 02:00:00,4986.75,4328.67,658.08
2050-02-14 03:00:00,4892.23,4528.86,363.36
2050-02-14 04:00:00,4841.28,3326.51,1514.77
2050-02-14 05:00:00,4855.55,3434.55,1421.0
2050-02-14 06:00:00,4985.59,3711.42,1274.17
2050-02-14 07:00:00,5102.96,3593.25,1509.72
2050-02-14 08:00:00,5080.16,3659.65,1420.51
2050-02-14 09:00:00,4985.56,3774.82,1210.74
2050-02-14 10:00:00,4827.67,3012.97,1814.7
2050-02-14 11:00:00,4663.8,3269.11,1394.68
2050-02-14 12:00:00,4540.49,2505.87,2034.62
2050-02-14 13:00:00,4394.38,2151.85,2242.54
2050-02-14 14:00:00,4260.89,2154.79,2106.11
2050-02-14 15:00:00,4207.95,1951.9,2256.04
2050-02-14 16:00:00,4341.72,1583.5,2758.23
2050-02-14 17:00:00,4754.66,1739.49,3015.17
2050-02-14 18:00:00,5364.76,2438.13,2926.63
2050-02-14 19:00:00,5764.98,2544.74,3220.24
2050-02-14 20:00:00,5984.2,1859.77,4124.43
2050-02-14 21:00:00,5998.49,1802.93,4195.57
2050-02-14 22:00:00,5841.26,1768.64,4072.62
2050-02-14 23:00:00,5613.21,2160.67,3452.54
2050-02-15 00:00:00,5328.54,2903.22,2425.31
2050-02-15 01:00:00,5226.37,3128.5,2097.87
2050-02-15 02:00:00,5034.02,4053.87,980.15
2050-02-15 03:00:00,4953.04,4271.65,681.38
2050-02-15 04:00:00,4912.51,4397.1,515.42
2050-02-15 05:00:00,4933.01,4350.81,582.21
2050-02-15 06:00:00,5066.66,4503.68,562.98
2050-02-15 07:00:00,5190.74,4501.24,689.49
2050-02-15 08:00:00,5133.93,4436.67,697.26
2050-02-15 09:00:00,4990.48,4405.82,584.66
2050-02-15 10:00:00,4778.77,4200.55,578.23
2050-02-15 11:00:00,4570.11,3956.38,613.73
2050-02-15 12:00:00,4401.91,3877.67,524.24
2050-02-15 13:00:00,4199.47,3877.67,321.8
2050-02-15 14:00:00,4004.14,3740.68,263.46
2050-02-15 15:00:00,3894.45,3985.0,-90.55
2050-02-15 16:00:00,4005.74,4358.86,-353.12
2050-02-15 17:00:00,4409.73,4659.43,-249.7
2050-02-15 18:00:00,5045.14,4694.12,351.02
2050-02-15 19:00:00,5444.8,4695.6,749.2
2050-02-15 20:00:00,5618.51,4695.6,922.91
2050-02-15 21:00:00,5585.53,4676.97,908.57
2050-02-15 22:00:00,5366.32,4695.6,670.72
2050-02-15 23:00:00,5067.94,4695.6,372.34
2050-02-16 00:00:00,4743.21,4695.55,47.66
2050-02-16 01:00:00,4572.82,4695.6,-122.78
2050-02-16 02:00:00,4358.88,4695.6,-336.72
2050-02-16 03:00:00,4225.57,4695.6,-470.03
2050-02-16 04:00:00,4151.57,4695.6,-544.03
2050-02-16 05:00:00,4120.34,4695.6,-575.26
2050-02-16 06:00:00,4207.2,4695.6,-488.4
2050-02-16 07:00:00,4305.69,4695.6,-389.91
2050-02-16 08:00:00,4384.26,4695.6,-311.34
2050-02-16 09:00:00,4448.57,4695.6,-247.03
2050-02-16 10:00:00,4466.67,4546.74,-80.07
2050-02-16 11:00:00,4471.9,4538.61,-66.71
2050-02-16 12:00:00,4525.22,4675.7,-150.49
2050-02-16 13:00:00,4568.05,4374.28,193.77
2050-02-16 14:00:00,4640.04,4394.41,245.63
2050-02-16 15:00:00,4738.37,4652.35,86.02
2050-02-16 16:00:00,4952.32,4676.58,275.75
2050-02-16 17:00:00,5323.03,3974.27,1348.76
2050-02-16 18:00:00,5826.15,4387.7,1438.45
2050-02-16 19:00:00,6128.42,4695.14,1433.28
2050-02-16 20:00:00,6237.29,4681.62,1555.68
2050-02-16 21:00:00,6147.28,4694.25,1453.04
2050-02-16 22:00:00,5894.76,4694.05,1200.72
2050-02-16 23:00:00,5596.75,4679.58,917.17
2050-02-17 00:00:00,5253.57,4666.79,586.78
2050-02-17 01:00:00,5111.1,4667.67,443.44
2050-02-17 02:00:00,4881.93,4510.58,371.34
2050-02-17 03:00:00,4773.55,4149.57,623.98
2050-02-17 04:00:00,4711.37,4260.25,451.12
2050-02-17 05:00:00,4717.51,3829.37,888.14
2050-02-17 06:00:00,4837.66,3673.15,1164.5
2050-02-17 07:00:00,4956.48,3992.15,964.33
2050-02-17 08:00:00,4923.14,4191.83,731.31
2050-02-17 09:00:00,4819.81,3772.13,1047.68
2050-02-17 10:00:00,4651.47,3149.29,1502.18
2050-02-17 11:00:00,4480.41,2952.9,1527.51
2050-02-17 12:00:00,4338.05,2904.38,1433.67
2050-02-17 13:00:00,4174.86,2523.64,1651.22
2050-02-17 14:00:00,4048.09,1826.45,2221.64
2050-02-17 15:00:00,4095.71,2029.34,2066.37
2050-02-17 16:00:00,4309.56,1911.72,2397.84
2050-02-17 17:00:00,4710.26,2048.93,2661.33
2050-02-17 18:00:00,5295.21,2521.42,2773.79
2050-02-17 19:00:00,5691.57,2553.62,3137.95
2050-02-17 20:00:00,5892.19,2746.1,3146.09
2050-02-17 21:00:00,5869.51,3244.03,2625.49
2050-02-17 22:00:00,5686.28,2711.32,2974.96
2050-02-17 23:00:00,5439.34,2544.74,2894.6
2050-02-18 00:00:00,5132.44,2860.48,2271.96
2050-02-18 01:00:00,5011.67,2568.06,2443.61
2050-02-18 02:00:00,4798.86,3779.29,1019.57
2050-02-18 03:00:00,4680.8,4254.89,425.91
2050-02-18 04:00:00,4615.24,4641.38,-26.14
2050-02-18 05:00:00,4619.17,4579.23,39.94
2050-02-18 06:00:00,4736.12,4419.23,316.89
2050-02-18 07:00:00,4842.4,4601.98,240.42
2050-02-18 08:00:00,4791.28,4091.43,699.85
2050-02-18 09:00:00,4690.06,3878.57,811.49
2050-02-18 10:00:00,4565.19,3640.51,924.68
2050-02-18 11:00:00,4450.64,3572.99,877.65
2050-02-18 12:00:00,4355.58,4171.71,183.87
2050-02-18 13:00:00,4226.49,3811.48,415.01
2050-02-18 14:00:00,4091.02,3587.62,503.41
2050-02-18 15:00:00,4046.51,3917.02,129.49
2050-02-18 16:00:00,4216.54,3931.33,285.21
2050-02-18 17:00:00,4626.91,3882.14,744.76
2050-02-18 18:00:00,5252.94,4253.54,999.4
2050-02-18 19:00:00,5656.96,4220.0,1436.96
2050-02-18 20:00:00,5873.25,3961.74,1911.51
2050-02-18 21:00:00,5879.82,4005.57,1874.25
2050-02-18 22:00:00,5717.36,4223.36,1494.01
2050-02-18 23:00:00,5482.66,3862.46,1620.2
2050-02-19 00:00:00,5190.71,3323.14,1867.57
2050-02-19 01:00:00,5077.91,4148.68,929.24
2050-02-19 02:00:00,4879.49,4262.26,617.23
2050-02-19 03:00:00,4792.2,4002.89,789.31
2050-02-19 04:00:00,4748.88,3685.53,1063.35
2050-02-19 05:00:00,4761.19,3280.37,1480.82
2050-02-19 06:00:00,4887.23,2902.07,1985.16
2050-02-19 07:00:00,5011.45,3048.79,1962.67
2050-02-19 08:00:00,4964.45,2829.29,2135.16
2050-02-19 09:00:00,4845.58,2608.04,2237.54
2050-02-19 10:00:00,4702.41,2729.09,1973.32
2050-02-19 11:00:00,4561.42,3174.71,1386.71
2050-02-19 12:00:00,4441.09,3663.02,778.07
2050-02-19 13:00:00,4285.75,3451.44,834.31
2050-02-19 14:00:00,4142.07,3399.67,742.41
2050-02-19 15:00:00,4089.89,4160.3,-70.41
2050-02-19 16:00:00,4250.7,4176.4,74.3
2050-02-19 17:00:00,4649.88,4666.31,-16.43
2050-02-19 18:00:00,5273.5,4671.35,602.15
2050-02-19 19:00:00,5656.72,4694.62,962.1
2050-02-19 20:00:00,5836.83,4694.05,1142.79
2050-02-19 21:00:00,5802.77,4695.43,1107.35
2050-02-19 22:00:00,5585.74,4695.6,890.14
2050-02-19 23:00:00,5298.64,4695.6,603.04
2050-02-20 00:00:00,4965.5,4693.94,271.56
2050-02-20 01:00:00,4809.44,4676.48,132.96
2050-02-20 02:00:00,4562.29,4665.24,-102.95
2050-02-20 03:00:00,4429.51,4542.68,-113.17
2050-02-20 04:00:00,4342.28,4616.2,-273.91
2050-02-20 05:00:00,4331.24,4602.8,-271.55
2050-02-20 06:00:00,4436.54,4514.65,-78.11
2050-02-20 07:00:00,4540.14,4262.26,277.88
2050-02-20 08:00:00,4570.57,4148.68,421.89
2050-02-20 09:00:00,4583.93,3439.06,1144.87
2050-02-20 10:00:00,4500.21,2516.98,1983.24
2050-02-20 11:00:00,4363.75,2244.89,2118.86
2050-02-20 12:00:00,4241.51,2127.35,2114.16
2050-02-20 13:00:00,4086.95,2341.51,1745.45
2050-02-20 14:00:00,3960.72,2535.85,1424.87
2050-02-20 15:00:00,3904.81,3062.65,842.16
2050-02-20 16:00:00,4034.74,3798.07,236.68
2050-02-20 17:00:00,4399.74,4280.37,119.37
2050-02-20 18:00:00,5025.08,4655.75,369.33
2050-02-20 19:00:00,5422.33,4693.94,728.39
2050-02-20 20:00:00,5625.39,4695.54,929.85
2050-02-20 21:00:00,5612.86,4695.03,917.83
2050-02-20 22:00:00,5427.08,4695.58,731.51
2050-02-20 23:00:00,5181.19,4694.11,487.08
2050-02-21 00:00:00,4887.37,4565.02,322.35
2050-02-21 01:00:00,4777.97,4666.69,111.28
2050-02-21 02:00:00,4566.48,4517.9,48.58
2050-02-21 03:00:00,4463.08,4438.01,25.06
2050-02-21 04:00:00,4398.14,3525.72,872.42
2050-02-21 05:00:00,4408.39,3677.65,730.74
2050-02-21 06:00:00,4529.12,3843.68,685.44
2050-02-21 07:00:00,4661.4,3720.42,940.98
2050-02-21 08:00:00,4610.02,3439.06,1170.96
2050-02-21 09:00:00,4513.95,2937.88,1576.07
2050-02-21 10:00:00,4363.89,2665.79,1698.1
2050-02-21 11:00:00,4226.43,1794.35,2432.07
2050-02-21 12:00:00,4138.43,1368.51,2769.92
2050-02-21 13:00:00,4013.11,1128.44,2884.67
2050-02-21 14:00:00,3909.47,876.48,3032.99
2050-02-21 15:00:00,3887.35,740.27,3147.08
2050-02-21 16:00:00,4056.73,1120.37,2936.37
2050-02-21 17:00:00,4463.57,1177.63,3285.94
2050-02-21 18:00:00,5146.93,1616.07,3530.86
2050-02-21 19:00:00,5576.21,1820.57,3755.64
2050-02-21 20:00:00,5809.12,2279.32,3529.8
2050-02-21 21:00:00,5837.76,2686.89,3150.87
2050-02-21 22:00:00,5677.24,3003.73,2673.52
2050-02-21 23:00:00,5437.62,2839.68,2597.94
2050-02-22 00:00:00,5137.5,3040.7,2096.8
2050-02-22 01:00:00,5014.57,3778.39,1236.18
2050-02-22 02:00:00,4797.43,3940.28,857.15
2050-02-22 03:00:00,4691.29,3567.36,1123.93
2050-02-22 04:00:00,4632.68,3152.76,1479.92
2050-02-22 05:00:00,4642.3,2948.28,1694.02
2050-02-22 06:00:00,4758.77,3369.28,1389.49
2050-02-22 07:00:00,4867.48,3840.11,1027.37
2050-02-22 08:00:00,4785.92,3583.11,1202.81
2050-02-22 09:00:00,4648.29,2972.54,1675.75
2050-02-22 10:00:00,4434.01,2101.86,2332.15
2050-02-22 11:00:00,4212.04,1639.21,2572.83
2050-02-22 12:00:00,4024.95,1261.32,2763.63
2050-02-22 13:00:00,3797.99,1501.21,2296.78
2050-02-22 14:00:00,3620.54,1571.5,2049.04
2050-02-22 15:00:00,3564.76,1690.64,1874.12
2050-02-22 16:00:00,3734.88,2974.85,760.03
2050-02-22 17:00:00,4056.15,2970.23,1085.92
2050-02-22 18:00:00,4594.86,3340.02,1254.84
2050-02-22 19:00:00,4928.14,3338.89,1589.25
2050-02-22 20:00:00,5107.35,4181.1,926.25
2050-02-22 21:00:00,5093.52,4194.51,899.01
2050-02-22 22:00:00,4905.56,3674.28,1231.29
2050-02-22 23:00:00,4627.51,3394.04,1233.47
2050-02-23 00:00:00,4284.07,4445.39,-161.32
2050-02-23 01:00:00,4112.33,4471.59,-359.26
2050-02-23 02:00:00,3847.44,4539.42,-691.99
2050-02-23 03:00:00,3695.18,4425.94,-730.76
2050-02-23 04:00:00,3593.09,4317.94,-724.84
2050-02-23 05:00:00,3569.79,4248.85,-679.05
2050-02-23 06:00:00,3643.63,3880.35,-236.73
2050-02-23 07:00:00,3714.57,3585.37,129.2
2050-02-23 08:00:00,3806.61,3592.12,214.49
2050-02-23 09:00:00,3891.17,3265.74,625.43
2050-02-23 10:00:00,3928.61,3195.51,733.11
2050-02-23 11:00:00,3969.72,2619.14,1350.57
2050-02-23 12:00:00,4013.77,2802.71,1211.05
2050-02-23 13:00:00,4018.41,2958.67,1059.74
2050-02-23 14:00:00,4043.74,2806.18,1237.56
2050-02-23 15:00:00,4109.52,3197.82,911.7
2050-02-23 16:00:00,4307.23,4087.85,219.38
2050-02-23 17:00:00,4620.97,4693.94,-72.97
2050-02-23 18:00:00,5050.65,4695.5,355.15
2050-02-23 19:00:00,5320.71,4695.6,625.11
2050-02-23 20:00:00,5419.81,4694.37,725.45
2050-02-23 21:00:00,5287.72,4679.97,607.75
2050-02-23 22:00:00,4992.9,4694.89,298.02
2050-02-23 23:00:00,4655.98,4692.57,-36.59
2050-02-24 00:00:00,4273.63,4694.92,-421.3
2050-02-24 01:00:00,4117.83,4690.82,-572.99
2050-02-24 02:00:00,3883.27,4508.56,-625.29
2050-02-24 03:00:00,3745.67,4536.58,-790.92
2050-02-24 04:00:00,3644.75,3977.84,-333.09
2050-02-24 05:00:00,3621.2,4345.44,-724.24
2050-02-24 06:00:00,3695.84,4207.26,-511.42
2050-02-24 07:00:00,3776.92,3939.38,-162.47
2050-02-24 08:00:00,3814.92,3867.83,-52.91
2050-02-24 09:00:00,3813.05,3188.58,624.47
2050-02-24 10:00:00,3690.25,1996.01,1694.24
2050-02-24 11:00:00,3584.75,2618.04,966.71
2050-02-24 12:00:00,3555.8,3602.25,-46.45
2050-02-24 13:00:00,3535.08,3448.06,87.03
2050-02-24 14:00:00,3572.15,4256.89,-684.74
2050-02-24 15:00:00,3624.87,4690.53,-1065.66
2050-02-24 16:00:00,3804.16,4694.27,-890.11
2050-02-24 17:00:00,4104.66,4695.08,-590.42
2050-02-24 18:00:00,4638.35,4695.6,-57.25
2050-02-24 19:00:00,4988.58,4695.6,292.98
2050-02-24 20:00:00,5178.03,4695.6,482.43
2050-02-24 21:00:00,5183.09,4695.6,487.49
2050-02-24 22:00:00,5009.0,4695.6,313.4
2050-02-24 23:00:00,4765.33,4695.6,69.73
2050-02-25 00:00:00,4460.96,4695.6,-234.64
2050-02-25 01:00:00,4334.79,4695.6,-360.81
2050-02-25 02:00:00,4107.68,4695.6,-587.92
2050-02-25 03:00:00,3985.24,4695.6,-710.36
2050-02-25 04:00:00,3907.37,4695.6,-788.23
2050-02-25 05:00:00,3889.16,4695.6,-806.44
2050-02-25 06:00:00,3989.5,4695.6,-706.1
2050-02-25 07:00:00,4105.16,4695.6,-590.44
2050-02-25 08:00:00,4204.15,4695.29,-491.14
2050-02-25 09:00:00,4306.31,4695.38,-389.08
2050-02-25 10:00:00,4343.22,4661.17,-317.95
2050-02-25 11:00:00,4369.04,4298.49,70.55
2050-02-25 12:00:00,4401.76,4096.8,304.96
2050-02-25 13:00:00,4415.71,3963.53,452.18
2050-02-25 14:00:00,4436.14,3986.79,449.35
2050-02-25 15:00:00,4513.12,4367.58,145.54
2050-02-25 16:00:00,4741.21,4694.11,47.1
2050-02-25 17:00:00,5079.65,4679.39,400.26
2050-02-25 18:00:00,5590.63,4673.09,917.54
2050-02-25 19:00:00,5895.87,4490.28,1405.6
2050-02-25 20:00:00,6014.34,4687.43,1326.91
2050-02-25 21:00:00,5945.94,4583.7,1362.24
2050-02-25 22:00:00,5732.33,4341.42,1390.92
2050-02-25 23:00:00,5476.87,3658.52,1818.35
2050-02-26 00:00:00,5181.26,3219.76,1961.49
2050-02-26 01:00:00,5117.76,2851.23,2266.53
2050-02-26 02:00:00,5000.12,2807.33,2192.78
2050-02-26 03:00:00,4974.3,3188.58,1785.72
2050-02-26 04:00:00,4980.25,3490.83,1489.43
2050-02-26 05:00:00,5030.2,3843.68,1186.52
2050-02-26 06:00:00,5175.93,4104.85,1071.08
2050-02-26 07:00:00,5314.14,3687.78,1626.35
2050-02-26 08:00:00,5423.03,3604.5,1818.53
2050-02-26 09:00:00,5504.38,3088.07,2416.31
2050-02-26 10:00:00,5515.55,3407.55,2108.01
2050-02-26 11:00:00,5490.6,3356.9,2133.7
2050-02-26 12:00:00,5434.59,2806.18,2628.41
2050-02-26 13:00:00,5329.64,3194.35,2135.29
2050-02-26 14:00:00,5247.38,3204.75,2042.64
2050-02-26 15:00:00,5230.98,2265.99,2964.99
2050-02-26 16:00:00,5369.67,2540.3,2829.38
2050-02-26 17:00:00,5636.44,2912.46,2723.98
2050-02-26 18:00:00,6111.33,3201.28,2910.05
2050-02-26 19:00:00,6379.23,3804.33,2574.9
2050-02-26 20:00:00,6463.84,4445.39,2018.45
2050-02-26 21:00:00,6372.11,4091.43,2280.68
2050-02-26 22:00:00,6120.17,3770.34,2349.83
2050-02-26 23:00:00,5821.95,4115.58,1706.37
2050-02-27 00:00:00,5479.1,4134.36,1344.73
2050-02-27 01:00:00,5350.61,4476.87,873.74
2050-02-27 02:00:00,5137.21,4145.99,991.22
2050-02-27 03:00:00,5017.7,3334.39,1683.31
2050-02-27 04:00:00,4940.59,2550.29,2390.3
2050-02-27 05:00:00,4935.32,2840.84,2094.48
2050-02-27 06:00:00,5039.74,3142.36,1897.38
2050-02-27 07:00:00,5137.67,3597.75,1539.92
2050-02-27 08:00:00,5061.26,3867.83,1193.43
2050-02-27 09:00:00,4926.29,3619.13,1307.16
2050-02-27 10:00:00,4716.92,3397.42,1319.51
2050-02-27 11:00:00,4525.79,3628.14,897.65
2050-02-27 12:00:00,4387.68,3544.85,842.83
2050-02-27 13:00:00,4260.17,2624.7,1635.47
2050-02-27 14:00:00,4205.63,2994.49,1211.15
2050-02-27 15:00:00,4243.51,2722.43,1521.08
2050-02-27 16:00:00,4437.59,3379.41,1058.18
2050-02-27 17:00:00,4748.52,4402.46,346.06
2050-02-27 18:00:00,5344.22,4580.86,763.36
2050-02-27 19:00:00,5662.51,4673.58,988.93
2050-02-27 20:00:00,5817.12,4695.2,1121.92
2050-02-27 21:00:00,5768.53,4694.71,1073.83
2050-02-27 22:00:00,5564.82,4681.13,883.69
2050-02-27 23:00:00,5317.58,4695.6,621.98
2050-02-28 00:00:00,5032.25,4695.59,336.66
2050-02-28 01:00:00,4937.36,4694.06,243.31
2050-02-28 02:00:00,4756.62,4390.39,366.23
2050-02-28 03:00:00,4681.77,3829.37,852.39
2050-02-28 04:00:00,4649.63,4228.05,421.58
2050-02-28 05:00:00,4678.35,3844.58,833.77
2050-02-28 06:00:00,4807.62,3930.44,877.18
2050-02-28 07:00:00,4918.5,3389.54,1528.96
2050-02-28 08:00:00,4834.83,3929.55,905.28
2050-02-28 09:00:00,4703.67,3566.23,1137.43
2050-02-28 10:00:00,4530.9,3854.42,676.49
2050-02-28 11:00:00,4350.4,2808.49,1541.91
2050-02-28 12:00:00,4198.07,2153.81,2044.26
2050-02-28 13:00:00,4014.77,2606.93,1407.84
2050-02-28 14:00:00,3865.82,3196.66,669.16
2050-02-28 15:00:00,3847.55,3043.01,804.54
2050-02-28 16:00:00,4055.31,3536.97,518.34
2050-02-28 17:00:00,4422.37,4041.35,381.02
2050-02-28 18:00:00,5036.02,3709.17,1326.85
2050-02-28 19:00:00,5326.17,3063.8,2262.37
2050-02-28 20:00:00,5510.83,3576.36,1934.47
2050-02-28 21:00:00,5486.25,4023.46,1462.8
2050-02-28 22:00:00,5301.96,3457.07,1844.9
2050-02-28 23:00:00,5035.52,3182.8,1852.73
2050-03-01 00:00:00,4659.68,3313.01,1346.67
2050-03-01 01:00:00,4541.87,2818.89,1722.99
2050-03-01 02:00:00,4359.0,2382.6,1976.4
2050-03-01 03:00:00,4290.9,1848.99,2441.91
2050-03-01 04:00:00,4245.68,2455.9,1789.78
2050-03-01 05:00:00,4264.07,2236.14,2027.94
2050-03-01 06:00:00,4406.3,1873.5,2532.81
2050-03-01 07:00:00,4525.37,1684.64,2840.73
2050-03-01 08:00:00,4475.83,1687.21,2788.62
2050-03-01 09:00:00,4419.27,1618.64,2800.63
2050-03-01 10:00:00,4310.75,1621.21,2689.54
2050-03-01 11:00:00,4210.67,1981.31,2229.36
2050-03-01 12:00:00,4158.04,2690.22,1467.82
2050-03-01 13:00:00,4084.59,2766.9,1317.69
2050-03-01 14:00:00,3998.82,2439.24,1559.59
2050-03-01 15:00:00,3951.94,3110.01,841.92
2050-03-01 16:00:00,4071.02,3989.47,81.55
2050-03-01 17:00:00,4380.36,4612.14,-231.78
2050-03-01 18:00:00,5011.99,4539.02,472.97
2050-03-01 19:00:00,5391.59,4654.58,737.0
2050-03-01 20:00:00,5577.28,4662.05,915.23
2050-03-01 21:00:00,5557.34,4695.6,861.74
2050-03-01 22:00:00,5366.88,4695.6,671.28
2050-03-01 23:00:00,5108.55,4695.51,413.04
2050-03-02 00:00:00,4800.62,4695.6,105.02
2050-03-02 01:00:00,4670.7,4695.6,-24.9
2050-03-02 02:00:00,4460.43,4695.6,-235.17
2050-03-02 03:00:00,4364.67,4695.6,-330.93
2050-03-02 04:00:00,4319.45,4695.6,-376.15
2050-03-02 05:00:00,4332.5,4695.6,-363.1
2050-03-02 06:00:00,4446.17,4695.6,-249.43
2050-03-02 07:00:00,4542.98,4695.6,-152.62
2050-03-02 08:00:00,4431.35,4695.6,-264.25
2050-03-02 09:00:00,4291.0,4695.6,-404.6
2050-03-02 10:00:00,4089.27,4695.6,-606.33
2050-03-02 11:00:00,3898.3,4695.6,-797.3
2050-03-02 12:00:00,3765.91,4695.6,-929.69
2050-03-02 13:00:00,3636.92,4695.6,-1058.68
2050-03-02 14:00:00,3543.44,4695.6,-1152.16
2050-03-02 15:00:00,3522.3,4695.6,-1173.3
2050-03-02 16:00:00,3674.39,4695.6,-1021.21
2050-03-02 17:00:00,3940.96,4695.6,-754.64
2050-03-02 18:00:00,4449.96,4695.6,-245.64
2050-03-02 19:00:00,4763.43,4695.6,67.83
2050-03-02 20:00:00,4926.8,4695.6,231.2
2050-03-02 21:00:00,4909.06,4695.6,213.46
2050-03-02 22:00:00,4746.72,4695.6,51.12
2050-03-02 23:00:00,4512.73,4695.6,-182.87
2050-03-03 00:00:00,4222.63,4695.6,-472.97
2050-03-03 01:00:00,4095.04,4695.6,-600.56
2050-03-03 02:00:00,3891.67,4672.61,-780.93
2050-03-03 03:00:00,3788.75,4694.59,-905.84
2050-03-03 04:00:00,3725.68,4586.95,-861.27
2050-03-03 05:00:00,3732.28,4328.67,-596.39
2050-03-03 06:00:00,3842.96,4650.42,-807.46
2050-03-03 07:00:00,3975.04,4539.83,-564.8
2050-03-03 08:00:00,4095.34,3977.84,117.49
2050-03-03 09:00:00,4207.02,2723.54,1483.48
2050-03-03 10:00:00,4272.17,2236.14,2036.04
2050-03-03 11:00:00,4314.3,2292.65,2021.66
2050-03-03 12:00:00,4338.82,1815.67,2523.15
2050-03-03 13:00:00,4310.05,1560.36,2749.69
2050-03-03 14:00:00,4283.56,1412.93,2870.63
2050-03-03 15:00:00,4318.79,1915.64,2403.15
2050-03-03 16:00:00,4507.64,2533.63,1974.01
2050-03-03 17:00:00,4776.98,3204.75,1572.23
2050-03-03 18:00:00,5270.92,4544.3,726.61
2050-03-03 19:00:00,5553.99,4529.27,1024.71
2050-03-03 20:00:00,5685.1,4352.82,1332.27
2050-03-03 21:00:00,5624.1,4576.8,1047.3
2050-03-03 22:00:00,5416.05,4654.1,761.95
2050-03-03 23:00:00,5155.0,4695.47,459.53
2050-03-04 00:00:00,4833.58,4695.6,137.98
2050-03-04 01:00:00,4713.69,4695.6,18.09
2050-03-04 02:00:00,4507.29,4695.6,-188.31
2050-03-04 03:00:00,4414.12,4695.6,-281.48
2050-03-04 04:00:00,4367.23,4660.2,-292.98
2050-03-04 05:00:00,4382.41,4695.6,-313.19
2050-03-04 06:00:00,4499.17,4695.25,-196.08
2050-03-04 07:00:00,4610.3,4657.88,-47.58
2050-03-04 08:00:00,4561.59,4498.4,63.19
2050-03-04 09:00:00,4458.36,4659.14,-200.78
2050-03-04 10:00:00,4296.12,4522.77,-226.65
2050-03-04 11:00:00,4141.39,4486.21,-344.82
2050-03-04 12:00:00,4031.65,4383.01,-351.36
2050-03-04 13:00:00,3888.92,4207.93,-319.01
2050-03-04 14:00:00,3755.75,4572.73,-816.98
2050-03-04 15:00:00,3697.3,4675.9,-978.6
2050-03-04 16:00:00,3847.37,4695.6,-848.23
2050-03-04 17:00:00,4200.49,4694.71,-494.22
2050-03-04 18:00:00,4840.66,4694.96,145.7
2050-03-04 19:00:00,5245.66,4695.6,550.06
2050-03-04 20:00:00,5470.22,4693.98,776.23
2050-03-04 21:00:00,5497.76,4608.89,888.88
2050-03-04 22:00:00,5351.12,4684.14,666.98
2050-03-04 23:00:00,5126.65,4686.07,440.58
2050-03-05 00:00:00,4847.44,4694.65,152.78
2050-03-05 01:00:00,4748.1,4597.11,150.99
2050-03-05 02:00:00,4562.83,4634.48,-71.64
2050-03-05 03:00:00,4480.0,4323.3,156.7
2050-03-05 04:00:00,4426.03,4185.12,240.91
2050-03-05 05:00:00,4441.71,3881.25,560.47
2050-03-05 06:00:00,4561.71,3629.26,932.45
2050-03-05 07:00:00,4678.02,3344.52,1333.5
2050-03-05 08:00:00,4700.22,2836.22,1864.0
2050-03-05 09:00:00,4719.89,2742.64,1977.25
2050-03-05 10:00:00,4679.49,2686.89,1992.61
2050-03-05 11:00:00,4609.29,2025.41,2583.88
2050-03-05 12:00:00,4521.49,1433.5,3087.99
2050-03-05 13:00:00,4382.32,1355.3,3027.02
2050-03-05 14:00:00,4237.69,1333.27,2904.42
2050-03-05 15:00:00,4151.1,2451.46,1699.64
2050-03-05 16:00:00,4252.84,2808.49,1444.35
2050-03-05 17:00:00,4533.49,2853.54,1679.95
2050-03-05 18:00:00,5133.44,2888.2,2245.23
2050-03-05 19:00:00,5498.05,3160.85,2337.2
2050-03-05 20:00:00,5678.1,3008.35,2669.74
2050-03-05 21:00:00,5675.44,3577.49,2097.96
2050-03-05 22:00:00,5523.82,3579.74,1944.08
2050-03-05 23:00:00,5309.78,3193.2,2116.58
2050-03-06 00:00:00,5053.17,3271.36,1781.8
2050-03-06 01:00:00,4975.81,3784.65,1191.16
2050-03-06 02:00:00,4807.39,2696.88,2110.51
2050-03-06 03:00:00,4740.37,2039.13,2701.24
2050-03-06 04:00:00,4713.04,2372.61,2340.43
2050-03-06 05:00:00,4743.52,3121.57,1621.95
2050-03-06 06:00:00,4858.89,2900.91,1957.98
2050-03-06 07:00:00,4932.65,2922.86,2009.79
2050-03-06 08:00:00,4778.49,2653.57,2124.92
2050-03-06 09:00:00,4591.45,2397.04,2194.41
2050-03-06 10:00:00,4347.87,2173.41,2174.46
2050-03-06 11:00:00,4118.16,1875.46,2242.71
2050-03-06 12:00:00,3940.45,1071.9,2868.56
2050-03-06 13:00:00,3733.85,1424.07,2309.78
2050-03-06 14:00:00,3557.83,2074.42,1483.42
2050-03-06 15:00:00,3501.92,2092.06,1409.85
2050-03-06 16:00:00,3672.21,2147.93,1524.28
2050-03-06 17:00:00,3923.13,2043.06,1880.07
2050-03-06 18:00:00,4425.65,2193.01,2232.63
2050-03-06 19:00:00,4767.44,2710.21,2057.22
2050-03-06 20:00:00,4981.82,3767.66,1214.16
2050-03-06 21:00:00,5002.44,3654.02,1348.43
2050-03-06 22:00:00,4856.86,3870.52,986.34
2050-03-06 23:00:00,4646.02,3084.6,1561.42
2050-03-07 00:00:00,4383.77,2825.82,1557.94
2050-03-07 01:00:00,4295.57,3539.22,756.35
2050-03-07 02:00:00,4119.62,3838.32,281.3
2050-03-07 03:00:00,4051.03,3646.14,404.89
2050-03-07 04:00:00,4023.61,3806.12,217.49
2050-03-07 05:00:00,4058.62,4069.07,-10.45
2050-03-07 06:00:00,4191.6,3782.86,408.73
2050-03-07 07:00:00,4291.21,4250.86,40.35
2050-03-07 08:00:00,4164.27,4421.91,-257.64
2050-03-07 09:00:00,4012.02,4600.36,-588.34
2050-03-07 10:00:00,3796.89,4693.98,-897.09
2050-03-07 11:00:00,3598.87,4695.6,-1096.73
2050-03-07 12:00:00,3473.98,4695.6,-1221.62
2050-03-07 13:00:00,3406.39,4695.6,-1289.21
2050-03-07 14:00:00,3441.17,4695.6,-1254.43
2050-03-07 15:00:00,3510.53,4695.6,-1185.07
2050-03-07 16:00:00,3722.1,4695.6,-973.5
2050-03-07 17:00:00,3977.14,4695.6,-718.46
2050-03-07 18:00:00,4387.78,4695.6,-307.82
2050-03-07 19:00:00,4498.94,4695.6,-196.66
2050-03-07 20:00:00,4529.3,4695.6,-166.31
2050-03-07 21:00:00,4489.81,4695.6,-205.79
2050-03-07 22:00:00,4335.3,4695.6,-360.3
2050-03-07 23:00:00,4130.23,4695.6,-565.37
2050-03-08 00:00:00,3888.88,4695.6,-806.72
2050-03-08 01:00:00,3834.45,4695.41,-860.96
2050-03-08 02:00:00,3697.59,4673.48,-975.89
2050-03-08 03:00:00,3671.6,4228.72,-557.12
2050-03-08 04:00:00,3685.27,3902.72,-217.45
2050-03-08 05:00:00,3756.56,4176.4,-419.84
2050-03-08 06:00:00,3921.51,3517.84,403.67
2050-03-08 07:00:00,4053.91,3877.67,176.23
2050-03-08 08:00:00,3963.5,3569.61,393.89
2050-03-08 09:00:00,3842.17,2785.38,1056.79
2050-03-08 10:00:00,3657.66,3439.06,218.61
2050-03-08 11:00:00,3517.71,3612.38,-94.66
2050-03-08 12:00:00,3427.15,3317.51,109.65
2050-03-08 13:00:00,3409.84,2754.19,655.64
2050-03-08 14:00:00,3453.74,2588.05,865.69
2050-03-08 15:00:00,3519.23,2325.96,1193.27
2050-03-08 16:00:00,3776.7,2942.5,834.2
2050-03-08 17:00:00,3999.59,3112.32,887.27
2050-03-08 18:00:00,4393.38,2949.43,1443.95
2050-03-08 19:00:00,4502.46,3347.9,1154.56
2050-03-08 20:00:00,4514.73,3240.56,1274.17
2050-03-08 21:00:00,4460.44,3272.49,1187.95
2050-03-08 22:00:00,4298.41,3893.77,404.64
2050-03-08 23:00:00,4095.47,4129.0,-33.53
2050-03-09 00:00:00,3856.63,3300.63,556.0
2050-03-09 01:00:00,3797.19,3970.69,-173.5
2050-03-09 02:00:00,3648.36,3961.74,-313.38
2050-03-09 03:00:00,3601.82,4317.94,-716.12
2050-03-09 04:00:00,3594.91,4235.43,-640.52
2050-03-09 05:00:00,3649.44,4107.53,-458.09
2050-03-09 06:00:00,3795.89,4199.21,-403.32
2050-03-09 07:00:00,3907.1,4480.12,-573.02
2050-03-09 08:00:00,3816.0,4364.89,-548.9
2050-03-09 09:00:00,3706.62,3979.63,-273.01
2050-03-09 10:00:00,3551.91,3813.27,-261.36
2050-03-09 11:00:00,3426.33,3476.2,-49.87
2050-03-09 12:00:00,3397.66,3642.77,-245.1
2050-03-09 13:00:00,3415.96,3008.35,407.61
2050-03-09 14:00:00,3458.11,2408.14,1049.97
2050-03-09 15:00:00,3574.74,3641.64,-66.9
2050-03-09 16:00:00,3803.25,4092.33,-289.08
2050-03-09 17:00:00,4024.64,3951.01,73.63
2050-03-09 18:00:00,4399.28,4493.93,-94.65
2050-03-09 19:00:00,4504.39,4673.77,-169.38
2050-03-09 20:00:00,4505.34,4694.26,-188.92
2050-03-09 21:00:00,4428.86,4687.72,-258.86
2050-03-09 22:00:00,4272.31,4674.35,-402.05
2050-03-09 23:00:00,4081.39,4623.51,-542.13
2050-03-10 00:00:00,3853.9,4548.77,-694.87
2050-03-10 01:00:00,3811.18,4036.87,-225.69
2050-03-10 02:00:00,3679.31,3881.25,-201.93
2050-03-10 03:00:00,3647.72,3729.42,-81.7
2050-03-10 04:00:00,3659.36,4419.9,-760.54
2050-03-10 05:00:00,3733.1,4443.38,-710.28
2050-03-10 06:00:00,3925.25,4478.49,-553.25
2050-03-10 07:00:00,4039.42,4215.31,-175.89
2050-03-10 08:00:00,3945.48,4477.68,-532.2
2050-03-10 09:00:00,3849.45,4487.03,-637.57
2050-03-10 10:00:00,3721.05,3631.51,89.54
2050-03-10 11:00:00,3574.91,3941.17,-366.26
2050-03-10 12:00:00,3455.35,3820.43,-365.08
2050-03-10 13:00:00,3411.0,2142.05,1268.95
2050-03-10 14:00:00,3457.18,3113.48,343.7
2050-03-10 15:00:00,3514.86,3076.51,438.35
2050-03-10 16:00:00,3713.13,3207.06,506.07
2050-03-10 17:00:00,3940.07,2695.77,1244.3
2050-03-10 18:00:00,4261.85,3296.12,965.72
2050-03-10 19:00:00,4498.18,3890.19,607.99
2050-03-10 20:00:00,4519.7,4336.05,183.64
2050-03-10 21:00:00,4419.56,4539.42,-119.86
2050-03-10 22:00:00,4174.32,4678.42,-504.1
2050-03-10 23:00:00,3881.54,4561.77,-680.23
2050-03-11 00:00:00,3544.96,4367.58,-822.62
2050-03-11 01:00:00,3399.66,4358.86,-959.2
2050-03-11 02:00:00,3169.61,4195.19,-1025.57
2050-03-11 03:00:00,3061.06,4552.02,-1490.96
2050-03-11 04:00:00,2997.64,4150.46,-1152.83
2050-03-11 05:00:00,3013.31,3936.7,-923.39
2050-03-11 06:00:00,3146.13,4340.08,-1193.95
2050-03-11 07:00:00,3243.06,4052.08,-809.01
2050-03-11 08:00:00,3253.51,3247.49,6.02
2050-03-11 09:00:00,3308.72,3174.71,134.01
2050-03-11 10:00:00,3329.81,2932.11,397.71
2050-03-11 11:00:00,3366.75,3385.03,-18.28
2050-03-11 12:00:00,3421.22,3036.08,385.15
2050-03-11 13:00:00,3460.34,2933.26,527.08
2050-03-11 14:00:00,3576.6,3489.7,86.9
2050-03-11 15:00:00,3751.9,3516.71,235.18
2050-03-11 16:00:00,4012.84,3578.62,434.23
2050-03-11 17:00:00,4185.94,3866.04,319.9
2050-03-11 18:00:00,4398.08,4431.3,-33.22
2050-03-11 19:00:00,4544.34,4438.68,105.65
2050-03-11 20:00:00,4528.78,4549.99,-21.2
2050-03-11 21:00:00,4400.34,4640.57,-240.23
2050-03-11 22:00:00,4127.06,4510.99,-383.94
2050-03-11 23:00:00,3806.05,4342.09,-536.04
2050-03-12 00:00:00,3454.14,4197.19,-743.06
2050-03-12 01:00:00,3293.79,4307.21,-1013.42
2050-03-12 02:00:00,3063.81,4605.64,-1541.82
2050-03-12 03:00:00,2962.34,4532.11,-1569.77
2050-03-12 04:00:00,2912.11,4495.96,-1583.85
2050-03-12 05:00:00,2943.19,3944.75,-1001.56
2050-03-12 06:00:00,3077.2,3889.3,-812.1
2050-03-12 07:00:00,3198.86,3346.77,-147.91
2050-03-12 08:00:00,3316.65,2160.67,1155.98
2050-03-12 09:00:00,3481.46,2268.21,1213.25
2050-03-12 10:00:00,3562.96,2726.87,836.09
2050-03-12 11:00:00,3625.31,2086.18,1539.13
2050-03-12 12:00:00,3672.18,2798.09,874.09
2050-03-12 13:00:00,3679.92,2395.93,1283.99
2050-03-12 14:00:00,3687.31,2514.76,1172.56
2050-03-12 15:00:00,3740.5,3406.42,334.08
2050-03-12 16:00:00,3938.02,4486.62,-548.6
2050-03-12 17:00:00,4197.8,4657.97,-460.18
2050-03-12 18:00:00,4561.6,4684.43,-122.83
2050-03-12 19:00:00,4927.58,4695.6,231.98
2050-03-12 20:00:00,4981.3,4695.6,285.7
2050-03-12 21:00:00,4844.34,4695.6,148.74
2050-03-12 22:00:00,4548.37,4695.6,-147.23
2050-03-12 23:00:00,4212.99,4695.6,-482.61
2050-03-13 00:00:00,3840.65,4695.6,-854.95
2050-03-13 01:00:00,3653.82,4695.6,-1041.78
2050-03-13 02:00:00,3063.81,4695.6,-1631.79
2050-03-13 03:00:00,3237.39,4695.6,-1458.21
2050-03-13 04:00:00,3129.66,4694.75,-1565.1
2050-03-13 05:00:00,3099.31,4694.8,-1595.49
2050-03-13 06:00:00,3190.33,4674.25,-1483.93
2050-03-13 07:00:00,3267.15,4498.0,-1230.84
2050-03-13 08:00:00,3393.57,4032.4,-638.83
2050-03-13 09:00:00,3505.53,3090.38,415.16
2050-03-13 10:00:00,3454.07,2482.55,971.52
2050-03-13 11:00:00,3465.0,2678.0,787.0
2050-03-13 12:00:00,3480.51,2172.43,1308.09
2050-03-13 13:00:00,3475.29,1414.64,2060.65
2050-03-13 14:00:00,3498.63,1274.54,2224.09
2050-03-13 15:00:00,3550.19,1649.5,1900.69
2050-03-13 16:00:00,3737.29,1554.36,2182.94
2050-03-13 17:00:00,3992.4,1902.9,2089.5
2050-03-13 18:00:00,4347.89,2714.65,1633.24
2050-03-13 19:00:00,4633.09,3138.9,1494.19
2050-03-13 20:00:00,4741.98,4273.67,468.31
2050-03-13 21:00:00,4669.5,4487.84,181.67
2050-03-13 22:00:00,4382.46,4191.16,191.3
2050-03-13 23:00:00,4014.21,4686.75,-672.55
2050-03-14 00:00:00,3628.34,4695.45,-1067.11
2050-03-14 01:00:00,3424.72,4695.6,-1270.88
2050-03-14 02:00:00,3147.58,4695.6,-1548.02
2050-03-14 03:00:00,3012.37,4695.6,-1683.23
2050-03-14 04:00:00,2940.12,4695.6,-1755.48
2050-03-14 05:00:00,2918.19,4695.6,-1777.41
2050-03-14 06:00:00,3034.71,4695.6,-1660.89
2050-03-14 07:00:00,3151.72,4695.6,-1543.88
2050-03-14 08:00:00,3261.79,4695.6,-1433.81
2050-03-14 09:00:00,3363.66,4695.6,-1331.94
2050-03-14 10:00:00,3330.88,4695.6,-1364.72
2050-03-14 11:00:00,3355.12,4695.6,-1340.48
2050-03-14 12:00:00,3409.32,4695.6,-1286.28
2050-03-14 13:00:00,3442.02,4695.6,-1253.58
2050-03-14 14:00:00,3530.36,4695.6,-1165.24
2050-03-14 15:00:00,3681.43,4695.6,-1014.17
2050-03-14 16:00:00,3950.55,4695.6,-745.05
2050-03-14 17:00:00,4219.76,4695.6,-475.84
2050-03-14 18:00:00,4443.89,4695.6,-251.71
2050-03-14 19:00:00,4555.78,4695.6,-139.82
2050-03-14 20:00:00,4519.38,4695.6,-176.22
2050-03-14 21:00:00,4377.48,4695.6,-318.12
2050-03-14 22:00:00,4103.55,4695.6,-592.05
2050-03-14 23:00:00,3801.67,4695.6,-893.93
2050-03-15 00:00:00,3496.58,4695.6,-1199.02
2050-03-15 01:00:00,3396.47,4695.6,-1299.13
2050-03-15 02:00:00,3221.64,4695.6,-1473.96
2050-03-15 03:00:00,3155.51,4695.6,-1540.09
2050-03-15 04:00:00,3132.51,4695.6,-1563.09
2050-03-15 05:00:00,3166.45,4695.6,-1529.15
2050-03-15 06:00:00,3317.09,4695.6,-1378.51
2050-03-15 07:00:00,3448.75,4695.6,-1246.85
2050-03-15 08:00:00,3618.47,4695.6,-1077.13
2050-03-15 09:00:00,3772.34,4695.6,-923.26
2050-03-15 10:00:00,3685.19,4695.6,-1010.41
2050-03-15 11:00:00,3702.3,4695.6,-993.3
2050-03-15 12:00:00,3689.78,4695.37,-1005.59
2050-03-15 13:00:00,3718.06,4695.6,-977.54
2050-03-15 14:00:00,3752.18,4679.29,-927.11
2050-03-15 15:00:00,3811.76,4695.6,-883.84
2050-03-15 16:00:00,3985.72,4695.6,-709.88
2050-03-15 17:00:00,4242.32,4695.6,-453.28
2050-03-15 18:00:00,4596.33,4695.6,-99.27
2050-03-15 19:00:00,4910.09,4695.6,214.49
2050-03-15 20:00:00,5054.85,4695.6,359.25
2050-03-15 21:00:00,5010.65,4695.6,315.05
2050-03-15 22:00:00,4764.5,4694.35,70.15
2050-03-15 23:00:00,4461.39,4281.04,180.34
2050-03-16 00:00:00,4126.35,4501.65,-375.3
2050-03-16 01:00:00,3979.94,4110.21,-130.27
2050-03-16 02:00:00,3756.62,3912.55,-155.93
2050-03-16 03:00:00,3664.56,3532.47,132.09
2050-03-16 04:00:00,3644.91,3593.25,51.66
2050-03-16 05:00:00,3696.51,3737.3,-40.79
2050-03-16 06:00:00,3851.33,3744.06,107.27
2050-03-16 07:00:00,4008.12,3134.28,873.85
2050-03-16 08:00:00,4141.39,2542.52,1598.87
2050-03-16 09:00:00,4178.17,2392.6,1785.58
2050-03-16 10:00:00,3939.15,2090.1,1849.05
2050-03-16 11:00:00,3760.76,1883.3,1877.46
2050-03-16 12:00:00,3624.76,1954.84,1669.92
2050-03-16 13:00:00,3512.07,1935.24,1576.82
2050-03-16 14:00:00,3454.51,2077.36,1377.15
2050-03-16 15:00:00,3504.93,2278.21,1226.72
2050-03-16 16:00:00,3697.82,2890.51,807.31
2050-03-16 17:00:00,3965.15,3695.66,269.49
2050-03-16 18:00:00,4311.68,4126.31,185.37
2050-03-16 19:00:00,4519.21,4256.89,262.31
2050-03-16 20:00:00,4511.64,3806.12,705.52
2050-03-16 21:00:00,4428.66,3968.01,460.66
2050-03-16 22:00:00,4240.37,3818.64,421.73
2050-03-16 23:00:00,4028.24,3959.95,68.28
2050-03-17 00:00:00,3775.92,3636.01,139.91
2050-03-17 01:00:00,3710.82,3427.8,283.02
2050-03-17 02:00:00,3562.15,3390.66,171.49
2050-03-17 03:00:00,3519.6,3264.61,254.99
2050-03-17 04:00:00,3516.13,2829.29,686.84
2050-03-17 05:00:00,3572.49,2361.5,1211.0
2050-03-17 06:00:00,3741.38,1876.44,1864.94
2050-03-17 07:00:00,3894.77,2020.51,1874.26
2050-03-17 08:00:00,3994.72,1282.61,2712.11
2050-03-17 09:00:00,3904.89,1403.75,2501.14
2050-03-17 10:00:00,3609.22,1405.22,2204.0
2050-03-17 11:00:00,3438.64,1970.53,1468.11
2050-03-17 12:00:00,3396.28,2480.33,915.96
2050-03-17 13:00:00,3422.4,2595.83,826.57
2050-03-17 14:00:00,3465.11,2073.44,1391.67
2050-03-17 15:00:00,3697.11,2993.33,703.77
2050-03-17 16:00:00,4125.48,2498.1,1627.39
2050-03-17 17:00:00,4432.08,3468.32,963.76
2050-03-17 18:00:00,4746.98,3646.14,1100.84
2050-03-17 19:00:00,4803.73,3248.65,1555.08
2050-03-17 20:00:00,4570.02,3530.22,1039.8
2050-03-17 21:00:00,4386.77,3159.69,1227.08
2050-03-17 22:00:00,4099.97,4374.96,-274.99
2050-03-17 23:00:00,3771.69,3731.67,40.01
2050-03-18 00:00:00,3434.94,3075.36,359.58
2050-03-18 01:00:00,3328.33,2274.88,1053.45
2050-03-18 02:00:00,3170.83,2254.89,915.95
2050-03-18 03:00:00,3126.96,1345.75,1781.21
2050-03-18 04:00:00,3124.85,1723.21,1401.64
2050-03-18 05:00:00,3189.14,2300.42,888.72
2050-03-18 06:00:00,3375.41,2299.31,1076.1
2050-03-18 07:00:00,3544.33,3008.35,535.98
2050-03-18 08:00:00,3660.88,2445.9,1214.98
2050-03-18 09:00:00,3603.6,2190.07,1413.53
2050-03-18 10:00:00,3408.82,1785.78,1623.04
2050-03-18 11:00:00,3355.12,1948.97,1406.16
2050-03-18 12:00:00,3404.96,2015.61,1389.35
2050-03-18 13:00:00,3451.94,2279.32,1172.62
2050-03-18 14:00:00,3630.02,2180.27,1449.75
2050-03-18 15:00:00,3905.8,2260.44,1645.36
2050-03-18 16:00:00,4251.23,2237.12,2014.11
2050-03-18 17:00:00,4577.16,3142.36,1434.8
2050-03-18 18:00:00,4876.82,3421.05,1455.77
2050-03-18 19:00:00,4922.47,3982.31,940.16
2050-03-18 20:00:00,4661.06,4060.13,600.92
2050-03-18 21:00:00,4405.77,3814.17,591.6
2050-03-18 22:00:00,4108.46,2906.69,1201.77
2050-03-18 23:00:00,3770.07,2999.11,770.96
2050-03-19 00:00:00,3404.13,2870.88,533.25
2050-03-19 01:00:00,3247.7,3967.11,-719.41
2050-03-19 02:00:00,3049.73,3982.31,-932.58
2050-03-19 03:00:00,2975.39,4650.51,-1675.12
2050-03-19 04:00:00,2955.42,4610.11,-1654.69
2050-03-19 05:00:00,3015.32,4600.36,-1585.04
2050-03-19 06:00:00,3205.32,4378.31,-1173.0
2050-03-19 07:00:00,3385.31,4160.3,-774.99
2050-03-19 08:00:00,3509.74,4055.66,-545.92
2050-03-19 09:00:00,3494.03,3845.47,-351.44
2050-03-19 10:00:00,3335.07,3706.91,-371.84
2050-03-19 11:00:00,3358.72,2939.04,419.68
2050-03-19 12:00:00,3431.99,2348.17,1083.82
2050-03-19 13:00:00,3607.95,1745.5,1862.45
2050-03-19 14:00:00,3865.94,2201.83,1664.11
2050-03-19 15:00:00,4138.12,2075.4,2062.72
2050-03-19 16:00:00,4482.17,2029.34,2452.84
2050-03-19 17:00:00,4798.65,2383.71,2414.94
2050-03-19 18:00:00,5067.94,2103.82,2964.12
2050-03-19 19:00:00,5079.39,1993.07,3086.32
2050-03-19 20:00:00,4782.52,1515.79,3266.74
2050-03-19 21:00:00,4455.15,1786.64,2668.51
2050-03-19 22:00:00,4120.8,1218.74,2902.05
2050-03-19 23:00:00,3775.75,722.79,3052.96
2050-03-20 00:00:00,3400.69,852.2,2548.48
2050-03-20 01:00:00,3219.45,1097.61,2121.85
2050-03-20 02:00:00,2972.0,1256.92,1715.09
2050-03-20 03:00:00,2857.11,1648.64,1208.47
2050-03-20 04:00:00,2818.69,2009.73,808.96
2050-03-20 05:00:00,2868.34,2117.54,750.8
2050-03-20 06:00:00,3047.79,2158.71,889.08
2050-03-20 07:00:00,3214.26,1771.21,1443.06
2050-03-20 08:00:00,3338.01,1640.07,1697.94
2050-03-20 09:00:00,3366.75,979.79,2386.96
2050-03-20 10:00:00,3315.83,1067.54,2248.29
2050-03-20 11:00:00,3382.37,1207.73,2174.64
2050-03-20 12:00:00,3515.66,1528.64,1987.02
2050-03-20 13:00:00,3730.25,1742.07,1988.18
2050-03-20 14:00:00,3970.32,3104.24,866.09
2050-03-20 15:00:00,4232.3,3629.26,603.04
2050-03-20 16:00:00,4570.73,4301.17,269.56
2050-03-20 17:00:00,4891.92,4588.17,303.75
2050-03-20 18:00:00,5163.43,4661.08,502.35
2050-03-20 19:00:00,5190.06,4675.51,514.54
2050-03-20 20:00:00,4911.7,4661.46,250.23
2050-03-20 21:00:00,4556.85,4606.05,-49.19
2050-03-20 22:00:00,4165.69,4625.14,-459.45
2050-03-20 23:00:00,3789.5,4639.35,-849.85
2050-03-21 00:00:00,3406.63,4405.14,-998.52
2050-03-21 01:00:00,3220.03,4659.52,-1439.49
2050-03-21 02:00:00,2959.05,4668.44,-1709.39
2050-03-21 03:00:00,2819.45,4664.76,-1845.31
2050-03-21 04:00:00,2742.48,4488.24,-1745.76
2050-03-21 05:00:00,2764.38,3758.69,-994.3
2050-03-21 06:00:00,2933.75,3317.51,-383.76
2050-03-21 07:00:00,3096.7,3616.88,-520.18
2050-03-21 08:00:00,3231.77,3029.15,202.62
2050-03-21 09:00:00,3288.22,2586.94,701.28
2050-03-21 10:00:00,3318.95,2363.72,955.24
2050-03-21 11:00:00,3387.87,2024.43,1363.44
2050-03-21 12:00:00,3505.5,1686.35,1819.15
2050-03-21 13:00:00,3685.74,1960.73,1725.01
2050-03-21 14:00:00,3947.55,2398.15,1549.41
2050-03-21 15:00:00,4234.68,3215.14,1019.53
2050-03-21 16:00:00,4573.42,3621.38,952.04
2050-03-21 17:00:00,4888.67,3945.65,943.02
2050-03-21 18:00:00,5151.62,4389.04,762.58
2050-03-21 19:00:00,5180.08,4254.89,925.19
2050-03-21 20:00:00,4926.18,4568.67,357.5
2050-03-21 21:00:00,4598.16,4585.73,12.42
2050-03-21 22:00:00,4208.06,4662.53,-454.47
2050-03-21 23:00:00,3808.68,4668.54,-859.86
2050-03-22 00:00:00,3416.55,4624.33,-1207.78
2050-03-22 01:00:00,3227.0,3886.61,-659.61
2050-03-22 02:00:00,2963.43,4233.42,-1269.98
2050-03-22 03:00:00,2815.19,2534.75,280.44
2050-03-22 04:00:00,2717.88,4048.5,-1330.62
2050-03-22 05:00:00,2692.87,4059.23,-1366.36
2050-03-22 06:00:00,2796.0,4477.68,-1681.69
2050-03-22 07:00:00,2894.78,4658.07,-1763.3
2050-03-22 08:00:00,3054.25,4651.19,-1596.95
2050-03-22 09:00:00,3254.55,4694.81,-1440.25
2050-03-22 10:00:00,3318.37,4659.81,-1341.44
2050-03-22 11:00:00,3362.96,4293.12,-930.16
2050-03-22 12:00:00,3408.16,4363.56,-955.39
2050-03-22 13:00:00,3424.06,4371.6,-947.54
2050-03-22 14:00:00,3449.83,4678.71,-1228.88
2050-03-22 15:00:00,3504.82,4678.32,-1173.51
2050-03-22 16:00:00,3685.94,4672.12,-986.18
2050-03-22 17:00:00,3924.6,4659.14,-734.54
2050-03-22 18:00:00,4251.3,4564.2,-312.9
2050-03-22 19:00:00,4491.12,4695.25,-204.13
2050-03-22 20:00:00,4512.64,4695.0,-182.37
2050-03-22 21:00:00,4380.94,4694.2,-313.26
2050-03-22 22:00:00,4105.7,4695.58,-589.88
2050-03-22 23:00:00,3773.49,4695.18,-921.69
2050-03-23 00:00:00,3405.47,4694.48,-1289.01
2050-03-23 01:00:00,3226.1,4695.57,-1469.47
2050-03-23 02:00:00,2967.35,4695.6,-1728.25
2050-03-23 03:00:00,2822.0,4694.99,-1872.99
2050-03-23 04:00:00,2727.73,4694.01,-1966.28
2050-03-23 05:00:00,2703.46,4665.24,-1961.78
2050-03-23 06:00:00,2807.73,4656.13,-1848.4
2050-03-23 07:00:00,2917.93,4667.08,-1749.16
2050-03-23 08:00:00,3080.54,4529.68,-1449.14
2050-03-23 09:00:00,3257.22,4297.15,-1039.92
2050-03-23 10:00:00,3326.64,3737.3,-410.66
2050-03-23 11:00:00,3391.87,4088.75,-696.88
2050-03-23 12:00:00,3506.05,4236.77,-730.72
2050-03-23 13:00:00,3655.3,4174.39,-519.09
2050-03-23 14:00:00,3838.95,4019.88,-180.93
2050-03-23 15:00:00,3941.19,3999.31,-58.12
2050-03-23 16:00:00,4114.54,3803.44,311.11
2050-03-23 17:00:00,4250.35,4169.69,80.66
2050-03-23 18:00:00,4409.93,4196.52,213.41
2050-03-23 19:00:00,4533.84,4565.02,-31.18
2050-03-23 20:00:00,4523.74,4618.23,-94.49
2050-03-23 21:00:00,4380.78,4679.48,-298.7
2050-03-23 22:00:00,4107.75,4695.5,-587.76
2050-03-23 23:00:00,3799.2,4649.1,-849.91
2050-03-24 00:00:00,3493.46,4694.52,-1201.06
2050-03-24 01:00:00,3417.83,4555.68,-1137.84
2050-03-24 02:00:00,3273.54,4498.81,-1225.26
2050-03-24 03:00:00,3290.57,4253.54,-962.97
2050-03-24 04:00:00,3339.39,3982.31,-642.93
2050-03-24 05:00:00,3455.61,3078.83,376.79
2050-03-24 06:00:00,3690.54,3430.06,260.49
2050-03-24 07:00:00,3901.68,2529.19,1372.48
2050-03-24 08:00:00,4029.15,2091.08,1938.07
2050-03-24 09:00:00,4061.42,1659.78,2401.64
2050-03-24 10:00:00,3869.5,1864.67,2004.83
2050-03-24 11:00:00,3755.03,1295.83,2459.2
2050-03-24 12:00:00,3655.89,1381.73,2274.17
2050-03-24 13:00:00,3562.51,1734.35,1828.16
2050-03-24 14:00:00,3487.97,2189.09,1298.88
2050-03-24 15:00:00,3495.68,2450.34,1045.33
2050-03-24 16:00:00,3686.54,3012.97,673.57
2050-03-24 17:00:00,3930.23,2435.9,1494.33
2050-03-24 18:00:00,4255.57,2986.4,1269.17
2050-03-24 19:00:00,4482.14,2957.52,1524.62
2050-03-24 20:00:00,4555.94,2236.14,2319.81
2050-03-24 21:00:00,4549.08,2552.51,1996.57
2050-03-24 22:00:00,4395.42,2612.48,1782.93
2050-03-24 23:00:00,4182.27,3189.73,992.54
2050-03-25 00:00:00,3921.55,4438.01,-516.47
2050-03-25 01:00:00,3837.54,3956.38,-118.83
2050-03-25 02:00:00,3669.61,3774.82,-105.2
2050-03-25 03:00:00,3607.96,3804.33,-196.37
2050-03-25 04:00:00,3588.46,3811.48,-223.03
2050-03-25 05:00:00,3629.52,3604.5,25.03
2050-03-25 06:00:00,3783.58,3195.51,588.08
2050-03-25 07:00:00,3925.66,3106.55,819.11
2050-03-25 08:00:00,3979.2,3029.15,950.05
2050-03-25 09:00:00,3873.46,3455.94,417.52
2050-03-25 10:00:00,3572.79,4147.78,-574.98
2050-03-25 11:00:00,3388.05,3651.77,-263.72
2050-03-25 12:00:00,3396.26,3554.98,-158.71
2050-03-25 13:00:00,3424.1,3401.92,22.18
2050-03-25 14:00:00,3459.56,3914.34,-454.78
2050-03-25 15:00:00,3523.28,3900.93,-377.65
2050-03-25 16:00:00,3743.1,4211.95,-468.85
2050-03-25 17:00:00,4020.36,4306.54,-286.18
2050-03-25 18:00:00,4377.95,3731.67,646.28
2050-03-25 19:00:00,4577.26,3665.27,911.98
2050-03-25 20:00:00,4537.04,3701.29,835.75
2050-03-25 21:00:00,4389.4,2083.24,2306.16
2050-03-25 22:00:00,4107.43,3345.64,761.78
2050-03-25 23:00:00,3773.15,2911.31,861.84
2050-03-26 00:00:00,3401.17,3874.99,-473.82
2050-03-26 01:00:00,3217.53,4299.83,-1082.29
2050-03-26 02:00:00,2955.61,4539.42,-1583.81
2050-03-26 03:00:00,2811.55,4338.73,-1527.18
2050-03-26 04:00:00,2736.61,4340.75,-1604.14
2050-03-26 05:00:00,2775.14,4469.56,-1694.41
2050-03-26 06:00:00,2994.19,4391.06,-1396.87
2050-03-26 07:00:00,3301.63,4524.8,-1223.18
2050-03-26 08:00:00,3676.72,4448.75,-772.03
2050-03-26 09:00:00,4054.72,4163.88,-109.16
2050-03-26 10:00:00,4227.9,4442.71,-214.81
2050-03-26 11:00:00,4445.99,3803.44,642.56
2050-03-26 12:00:00,4661.7,3329.89,1331.81
2050-03-26 13:00:00,4801.46,3100.77,1700.69
2050-03-26 14:00:00,4878.15,3850.84,1027.31
2050-03-26 15:00:00,4874.86,4220.0,654.86
2050-03-26 16:00:00,4935.96,4146.89,789.08
2050-03-26 17:00:00,5104.21,4180.43,923.78
2050-03-26 18:00:00,5439.93,4254.89,1185.05
2050-03-26 19:00:00,5773.15,4366.91,1406.24
2050-03-26 20:00:00,6048.48,4478.09,1570.38
2050-03-26 21:00:00,6089.5,4650.9,1438.59
2050-03-26 22:00:00,5926.45,4378.31,1548.13
2050-03-26 23:00:00,5694.36,4012.72,1681.63
2050-03-27 00:00:00,5415.15,3121.57,2293.58
2050-03-27 01:00:00,5315.97,3281.49,2034.48
2050-03-27 02:00:00,5134.04,3480.7,1653.35
2050-03-27 03:00:00,5062.52,3298.38,1764.14
2050-03-27 04:00:00,5028.55,3461.57,1566.98
2050-03-27 05:00:00,5045.54,2723.54,2322.01
2050-03-27 06:00:00,5168.96,2949.43,2219.52
2050-03-27 07:00:00,5278.72,2982.94,2295.79
2050-03-27 08:00:00,5280.82,2362.61,2918.21
2050-03-27 09:00:00,5180.24,1638.36,3541.89
2050-03-27 10:00:00,4878.54,1454.93,3423.62
2050-03-27 11:00:00,4681.7,1061.32,3620.38
2050-03-27 12:00:00,4515.87,1270.87,3245.01
2050-03-27 13:00:00,4357.91,719.7,3638.21
2050-03-27 14:00:00,4169.34,995.35,3173.99
2050-03-27 15:00:00,3999.1,780.9,3218.2
2050-03-27 16:00:00,3987.01,822.96,3164.06
2050-03-27 17:00:00,4096.68,793.24,3303.44
2050-03-27 18:00:00,4405.07,964.23,3440.84
2050-03-27 19:00:00,4774.92,1353.09,3421.83
2050-03-27 20:00:00,5081.34,1584.36,3496.98
2050-03-27 21:00:00,5162.02,2518.09,2643.94
2050-03-27 22:00:00,5010.86,1854.87,3155.98
2050-03-27 23:00:00,4791.38,1727.5,3063.88
2050-03-28 00:00:00,4514.66,3353.52,1161.13
2050-03-28 01:00:00,4398.49,2624.7,1773.79
2050-03-28 02:00:00,4156.82,3733.93,422.9
2050-03-28 03:00:00,4006.81,4007.36,-0.55
2050-03-28 04:00:00,3870.55,3560.61,309.94
2050-03-28 05:00:00,3785.34,3581.99,203.35
2050-03-28 06:00:00,3847.96,3901.82,-53.86
2050-03-28 07:00:00,3921.2,4036.87,-115.68
2050-03-28 08:00:00,4052.58,3275.87,776.71
2050-03-28 09:00:00,4200.44,3160.85,1039.59
2050-03-28 10:00:00,4164.79,2830.44,1334.35
2050-03-28 11:00:00,4178.89,2553.62,1625.27
2050-03-28 12:00:00,4205.06,2552.51,1652.55
2050-03-28 13:00:00,4149.79,1932.3,2217.49
2050-03-28 14:00:00,3992.78,3295.0,697.78
2050-03-28 15:00:00,3856.41,3471.7,384.71
2050-03-28 16:00:00,3875.02,2943.66,931.36
2050-03-28 17:00:00,3975.94,3964.43,11.51
2050-03-28 18:00:00,4269.61,4694.61,-425.0
2050-03-28 19:00:00,4522.47,4396.42,126.04
2050-03-28 20:00:00,4654.34,4650.61,3.72
2050-03-28 21:00:00,4586.3,4694.48,-108.17
2050-03-28 22:00:00,4327.14,4688.2,-361.07
2050-03-28 23:00:00,3991.2,4668.05,-676.85
2050-03-29 00:00:00,3610.04,4669.31,-1059.28
2050-03-29 01:00:00,3410.48,4668.73,-1258.25
2050-03-29 02:00:00,3120.38,4502.87,-1382.49
2050-03-29 03:00:00,2952.11,4558.52,-1606.41
2050-03-29 04:00:00,2835.02,4657.11,-1822.09
2050-03-29 05:00:00,2798.27,4656.62,-1858.34
2050-03-29 06:00:00,2898.28,4643.42,-1745.14
2050-03-29 07:00:00,3032.31,4372.28,-1339.97
2050-03-29 08:00:00,3211.28,4122.74,-911.46
2050-03-29 09:00:00,3368.73,4273.0,-904.26
2050-03-29 10:00:00,3357.51,3648.39,-290.88
2050-03-29 11:00:00,3389.15,3627.01,-237.86
2050-03-29 12:00:00,3429.54,3245.18,184.36
2050-03-29 13:00:00,3454.87,3034.92,419.95
2050-03-29 14:00:00,3486.88,3454.82,32.07
2050-03-29 15:00:00,3558.16,2630.25,927.91
2050-03-29 16:00:00,3755.06,3355.77,399.29
2050-03-29 17:00:00,3996.81,3613.5,383.31
2050-03-29 18:00:00,4336.81,3584.24,752.57
2050-03-29 19:00:00,4575.16,3807.01,768.14
2050-03-29 20:00:00,4695.5,4068.18,627.32
2050-03-29 21:00:00,4621.86,4215.31,406.56
2050-03-29 22:00:00,4366.48,4089.64,276.83
2050-03-29 23:00:00,4056.48,4276.35,-219.87
2050-03-30 00:00:00,3712.67,3854.42,-141.75
2050-03-30 01:00:00,3567.14,3367.03,200.12
2050-03-30 02:00:00,3345.13,3886.61,-541.48
2050-03-30 03:00:00,3273.28,3885.72,-612.44
2050-03-30 04:00:00,3248.17,3863.36,-615.19
2050-03-30 05:00:00,3298.36,4016.3,-717.94
2050-03-30 06:00:00,3469.18,3695.66,-226.48
2050-03-30 07:00:00,3640.07,2937.88,702.18
2050-03-30 08:00:00,3833.45,2391.48,1441.96
2050-03-30 09:00:00,4018.35,2042.07,1976.28
2050-03-30 10:00:00,4006.69,1905.84,2100.85
2050-03-30 11:00:00,4029.12,1626.35,2402.77
2050-03-30 12:00:00,4119.71,1724.92,2394.79
2050-03-30 13:00:00,4189.86,1939.17,2250.69
2050-03-30 14:00:00,4220.54,2084.22,2136.32
2050-03-30 15:00:00,4253.24,2049.92,2203.32
2050-03-30 16:00:00,4425.38,2989.87,1435.52
2050-03-30 17:00:00,4700.95,4038.66,662.29
2050-03-30 18:00:00,5051.86,3880.35,1171.51
2050-03-30 19:00:00,5323.83,4043.14,1280.7
2050-03-30 20:00:00,5486.96,3908.97,1577.98
2050-03-30 21:00:00,5417.32,4185.12,1232.19
2050-03-30 22:00:00,5145.12,4482.96,662.15
2050-03-30 23:00:00,4804.52,4351.48,453.04
2050-03-31 00:00:00,4417.02,4350.81,66.21
2050-03-31 01:00:00,4211.25,4477.28,-266.03
2050-03-31 02:00:00,3919.18,4693.97,-774.79
2050-03-31 03:00:00,3765.65,4694.76,-929.11
2050-03-31 04:00:00,3640.99,4695.23,-1054.24
2050-03-31 05:00:00,3583.21,4694.38,-1111.17
2050-03-31 06:00:00,3648.5,4695.01,-1046.51
2050-03-31 07:00:00,3736.03,4689.27,-953.24
2050-03-31 08:00:00,3833.35,4695.6,-862.25
2050-03-31 09:00:00,3920.11,4695.54,-775.43
2050-03-31 10:00:00,3774.18,4683.85,-909.66
2050-03-31 11:00:00,3653.38,4683.17,-1029.78
2050-03-31 12:00:00,3609.09,4535.36,-926.27
2050-03-31 13:00:00,3552.07,4661.95,-1109.88
2050-03-31 14:00:00,3563.01,4695.6,-1132.59
2050-03-31 15:00:00,3607.11,4695.6,-1088.49
2050-03-31 16:00:00,3793.02,4695.6,-902.58
2050-03-31 17:00:00,4012.11,4695.6,-683.49
2050-03-31 18:00:00,4335.81,4695.6,-359.79
2050-03-31 19:00:00,4612.65,4695.6,-82.95
2050-03-31 20:00:00,4644.74,4695.6,-50.86
2050-03-31 21:00:00,4601.62,4695.6,-93.98
2050-03-31 22:00:00,4411.37,4695.6,-284.23
2050-03-31 23:00:00,4165.2,4695.6,-530.4
2050-04-01 00:00:00,3992.17,4695.6,-703.43
2050-04-01 01:00:00,3887.71,4695.6,-807.89
2050-04-01 02:00:00,3686.22,4695.6,-1009.39
2050-04-01 03:00:00,3602.4,4695.6,-1093.2
2050-04-01 04:00:00,3559.8,4695.6,-1135.8
2050-04-01 05:00:00,3573.04,4695.6,-1122.56
2050-04-01 06:00:00,3694.48,4695.6,-1001.12
2050-04-01 07:00:00,3817.1,4695.6,-878.5
2050-04-01 08:00:00,3854.5,4695.6,-841.1
2050-04-01 09:00:00,3833.67,4695.34,-861.67
2050-04-01 10:00:00,3625.43,4695.08,-1069.65
2050-04-01 11:00:00,3490.49,4695.6,-1205.11
2050-04-01 12:00:00,3482.66,4695.6,-1212.94
2050-04-01 13:00:00,3511.46,4695.6,-1184.14
2050-04-01 14:00:00,3586.73,4689.56,-1102.83
2050-04-01 15:00:00,3810.27,4688.89,-878.62
2050-04-01 16:00:00,4214.85,4695.41,-480.55
2050-04-01 17:00:00,4628.58,4684.72,-56.15
2050-04-01 18:00:00,5013.47,4572.33,441.13
2050-04-01 19:00:00,5062.18,4691.79,370.39
2050-04-01 20:00:00,4863.32,4545.52,317.8
2050-04-01 21:00:00,4577.99,4541.05,36.94
2050-04-01 22:00:00,4251.68,3316.38,935.29
2050-04-01 23:00:00,3901.18,4145.99,-244.8
2050-04-02 00:00:00,3510.74,4487.43,-976.69
2050-04-02 01:00:00,3321.11,4403.8,-1082.69
2050-04-02 02:00:00,3050.84,4435.33,-1384.48
2050-04-02 03:00:00,2917.12,4597.51,-1680.4
2050-04-02 04:00:00,2854.79,4500.84,-1646.04
2050-04-02 05:00:00,2876.36,4694.26,-1817.9
2050-04-02 06:00:00,3011.32,4692.57,-1681.25
2050-04-02 07:00:00,3155.9,4676.29,-1520.39
2050-04-02 08:00:00,3233.65,4403.13,-1169.48
2050-04-02 09:00:00,3331.46,3942.96,-611.5
2050-04-02 10:00:00,3408.0,3267.99,140.01
2050-04-02 11:00:00,3504.76,3204.75,300.01
2050-04-02 12:00:00,3708.02,2987.56,720.47
2050-04-02 13:00:00,3895.3,3047.63,847.66
2050-04-02 14:00:00,4091.97,3545.98,545.99
2050-04-02 15:00:00,4286.02,3463.82,822.2
2050-04-02 16:00:00,4554.22,3733.93,820.3
2050-04-02 17:00:00,4822.34,4257.57,564.78
2050-04-02 18:00:00,5102.46,4195.19,907.27
2050-04-02 19:00:00,5067.89,3763.19,1304.7
2050-04-02 20:00:00,4646.8,3987.68,659.12
2050-04-02 21:00:00,4523.55,3372.66,1150.89
2050-04-02 22:00:00,4350.16,3870.52,479.64
2050-04-02 23:00:00,4195.76,4623.92,-428.16
2050-04-03 00:00:00,3995.8,4671.54,-675.74
2050-04-03 01:00:00,3963.07,4676.09,-713.03
2050-04-03 02:00:00,3824.08,4648.29,-824.22
2050-04-03 03:00:00,3789.51,4531.71,-742.2
2050-04-03 04:00:00,3795.4,4264.95,-469.54
2050-04-03 05:00:00,3850.85,4562.17,-711.32
2050-04-03 06:00:00,4010.07,4651.19,-641.12
2050-04-03 07:00:00,4055.14,4423.26,-368.12
2050-04-03 08:00:00,4033.57,4331.36,-297.79
2050-04-03 09:00:00,3974.06,4579.64,-605.58
2050-04-03 10:00:00,3824.62,4266.96,-442.34
2050-04-03 11:00:00,3700.45,4218.66,-518.22
2050-04-03 12:00:00,3617.18,4554.45,-937.28
2050-04-03 13:00:00,3584.16,3975.16,-391.0
2050-04-03 14:00:00,3585.26,4474.43,-889.17
2050-04-03 15:00:00,3626.81,4336.72,-709.91
2050-04-03 16:00:00,3809.72,4532.11,-722.39
2050-04-03 17:00:00,4051.56,4666.02,-614.45
2050-04-03 18:00:00,4396.88,4676.19,-279.32
2050-04-03 19:00:00,4629.31,4455.45,173.85
2050-04-03 20:00:00,4891.98,4173.05,718.93
2050-04-03 21:00:00,4612.17,4660.11,-47.93
2050-04-03 22:00:00,4269.06,4692.18,-423.11
2050-04-03 23:00:00,3912.34,4466.19,-553.84
2050-04-04 00:00:00,3520.6,4560.95,-1040.35
2050-04-04 01:00:00,3327.67,4663.79,-1336.12
2050-04-04 02:00:00,3048.66,4694.59,-1645.93
2050-04-04 03:00:00,2892.03,4695.6,-1803.57
2050-04-04 04:00:00,2788.75,4695.6,-1906.85
2050-04-04 05:00:00,2762.13,4695.6,-1933.47
2050-04-04 06:00:00,2853.79,4695.6,-1841.81
2050-04-04 07:00:00,2972.67,4694.42,-1721.75
2050-04-04 08:00:00,3108.33,4660.98,-1552.65
2050-04-04 09:00:00,3340.43,4580.45,-1240.02
2050-04-04 10:00:00,3443.64,4669.7,-1226.06
2050-04-04 11:00:00,3626.19,4659.52,-1033.34
2050-04-04 12:00:00,3921.04,4455.45,-534.42
2050-04-04 13:00:00,4175.03,3039.54,1135.49
2050-04-04 14:00:00,4457.54,2263.77,2193.77
2050-04-04 15:00:00,4769.36,2481.44,2287.92
2050-04-04 16:00:00,5131.21,2269.32,2861.89
2050-04-04 17:00:00,5486.86,2807.33,2679.52
2050-04-04 18:00:00,5814.78,4397.76,1417.01
2050-04-04 19:00:00,5733.87,3894.67,1839.21
2050-04-04 20:00:00,5499.89,3101.93,2397.96
2050-04-04 21:00:00,5161.31,4077.12,1084.19
2050-04-04 22:00:00,4698.2,4334.04,364.16
2050-04-04 23:00:00,4162.08,4624.73,-462.64
2050-04-05 00:00:00,3622.12,4634.07,-1011.95
2050-04-05 01:00:00,3358.78,3722.67,-363.89
2050-04-05 02:00:00,3060.96,2699.11,361.86
2050-04-05 03:00:00,2897.77,2328.18,569.59
2050-04-05 04:00:00,2788.93,2740.33,48.61
2050-04-05 05:00:00,2753.42,3299.5,-546.08
2050-04-05 06:00:00,2834.86,3430.06,-595.2
2050-04-05 07:00:00,2953.16,3764.98,-811.82
2050-04-05 08:00:00,3111.9,3556.1,-444.21
2050-04-05 09:00:00,3346.64,2873.19,473.46
2050-04-05 10:00:00,3511.04,2516.98,994.06
2050-04-05 11:00:00,3731.42,2867.41,864.01
2050-04-05 12:00:00,3995.6,2906.69,1088.92
2050-04-05 13:00:00,4161.15,3899.14,262.01
2050-04-05 14:00:00,4356.52,4444.72,-88.2
2050-04-05 15:00:00,4569.94,4506.12,63.82
2050-04-05 16:00:00,4878.34,4417.89,460.46
2050-04-05 17:00:00,5151.38,4652.64,498.73
2050-04-05 18:00:00,5428.14,4655.07,773.07
2050-04-05 19:00:00,5372.94,4664.28,708.66
2050-04-05 20:00:00,5192.18,4695.6,496.58
2050-04-05 21:00:00,4912.82,4695.6,217.22
2050-04-05 22:00:00,4491.69,4695.6,-203.91
2050-04-05 23:00:00,4037.22,4018.09,19.12
2050-04-06 00:00:00,3570.64,3755.31,-184.67
2050-04-06 01:00:00,3350.07,2478.11,871.96
2050-04-06 02:00:00,3059.08,2006.79,1052.28
2050-04-06 03:00:00,2896.87,2513.64,383.22
2050-04-06 04:00:00,2788.45,2504.76,283.69
2050-04-06 05:00:00,2752.81,3301.75,-548.94
2050-04-06 06:00:00,2829.17,2596.93,232.23
2050-04-06 07:00:00,2944.11,3007.2,-63.09
2050-04-06 08:00:00,3105.09,2622.48,482.61
2050-04-06 09:00:00,3347.25,2823.51,523.74
2050-04-06 10:00:00,3472.12,2800.4,671.72
2050-04-06 11:00:00,3571.43,3779.29,-207.86
2050-04-06 12:00:00,3678.9,3988.58,-309.67
2050-04-06 13:00:00,3708.9,3128.5,580.4
2050-04-06 14:00:00,3997.68,3633.76,363.92
2050-04-06 15:00:00,4301.01,4498.81,-197.8
2050-04-06 16:00:00,4664.59,4685.01,-20.41
2050-04-06 17:00:00,5005.66,4684.91,320.75
2050-04-06 18:00:00,5341.9,4695.44,646.46
2050-04-06 19:00:00,5354.38,4672.61,681.77
2050-04-06 20:00:00,5232.3,4694.05,538.25
2050-04-06 21:00:00,5005.52,4694.15,311.37
2050-04-06 22:00:00,4636.56,4694.78,-58.21
2050-04-06 23:00:00,4237.94,4688.69,-450.76
2050-04-07 00:00:00,3798.3,4463.5,-665.2
2050-04-07 01:00:00,3531.59,4669.41,-1137.82
2050-04-07 02:00:00,3187.12,4675.8,-1488.69
2050-04-07 03:00:00,2981.25,4640.98,-1659.73
2050-04-07 04:00:00,2836.46,4464.84,-1628.38
2050-04-07 05:00:00,2775.24,4291.11,-1515.87
2050-04-07 06:00:00,2838.22,4654.58,-1816.37
2050-04-07 07:00:00,2942.0,4467.53,-1525.53
2050-04-07 08:00:00,3133.94,4100.38,-966.44
2050-04-07 09:00:00,3564.14,3416.55,147.6
2050-04-07 10:00:00,3917.39,4085.17,-167.78
2050-04-07 11:00:00,4288.62,2918.24,1370.38
2050-04-07 12:00:00,4607.5,2601.38,2006.12
2050-04-07 13:00:00,4849.24,3579.74,1269.5
2050-04-07 14:00:00,5108.65,4380.99,727.65
2050-04-07 15:00:00,5352.03,4189.82,1162.21
2050-04-07 16:00:00,5647.83,4534.15,1113.69
2050-04-07 17:00:00,5923.44,4672.02,1251.41
2050-04-07 18:00:00,6205.19,4658.17,1547.01
2050-04-07 19:00:00,6085.78,4687.43,1398.35
2050-04-07 20:00:00,5847.83,4686.17,1161.66
2050-04-07 21:00:00,5538.42,4695.6,842.82
2050-04-07 22:00:00,5114.74,4619.86,494.89
2050-04-07 23:00:00,4645.56,4684.43,-38.87
2050-04-08 00:00:00,4136.03,4694.11,-558.07
2050-04-08 01:00:00,3834.72,4298.49,-463.77
2050-04-08 02:00:00,3446.96,3909.87,-462.92
2050-04-08 03:00:00,3182.7,4653.91,-1471.21
2050-04-08 04:00:00,2975.91,4551.21,-1575.29
2050-04-08 05:00:00,2857.97,4669.8,-1811.83
2050-04-08 06:00:00,2880.84,4551.21,-1670.37
2050-04-08 07:00:00,2967.79,4620.67,-1652.88
2050-04-08 08:00:00,3191.7,4397.76,-1206.07
2050-04-08 09:00:00,3687.86,3643.89,43.97
2050-04-08 10:00:00,4029.38,3521.22,508.16
2050-04-08 11:00:00,4338.95,2370.39,1968.56
2050-04-08 12:00:00,4569.0,2021.49,2547.51
2050-04-08 13:00:00,4729.9,2045.01,2684.88
2050-04-08 14:00:00,4869.32,2776.14,2093.18
2050-04-08 15:00:00,5037.57,2890.51,2147.06
2050-04-08 16:00:00,5286.12,3149.29,2136.83
2050-04-08 17:00:00,5523.4,3702.41,1820.99
2050-04-08 18:00:00,5788.94,4154.04,1634.89
2050-04-08 19:00:00,5682.8,4131.68,1551.12
2050-04-08 20:00:00,5468.51,3899.14,1569.37
2050-04-08 21:00:00,5161.26,3586.49,1574.77
2050-04-08 22:00:00,4725.4,3569.61,1155.8
2050-04-08 23:00:00,4265.24,2564.73,1700.52
2050-04-09 00:00:00,3782.09,2642.47,1139.63
2050-04-09 01:00:00,3513.39,2807.33,706.05
2050-04-09 02:00:00,3170.4,1936.22,1234.17
2050-04-09 03:00:00,2962.3,1321.52,1640.77
2050-04-09 04:00:00,2825.86,1033.31,1792.55
2050-04-09 05:00:00,2773.72,839.76,1933.96
2050-04-09 06:00:00,2838.71,1096.87,1741.84
2050-04-09 07:00:00,2944.42,2052.86,891.56
2050-04-09 08:00:00,3114.8,1860.75,1254.04
2050-04-09 09:00:00,3356.16,1907.8,1448.36
2050-04-09 10:00:00,3414.06,1782.35,1631.71
2050-04-09 11:00:00,3452.31,2814.27,638.04
2050-04-09 12:00:00,3493.72,1914.66,1579.06
2050-04-09 13:00:00,3506.48,1954.84,1551.63
2050-04-09 14:00:00,3529.67,3364.78,164.89
2050-04-09 15:00:00,3586.83,3556.1,30.73
2050-04-09 16:00:00,3778.8,2807.33,971.47
2050-04-09 17:00:00,4027.92,3151.61,876.31
2050-04-09 18:00:00,4379.41,2802.71,1576.69
2050-04-09 19:00:00,4629.15,2323.74,2305.41
2050-04-09 20:00:00,4792.43,2271.54,2520.88
2050-04-09 21:00:00,4758.87,2937.88,1820.99
2050-04-09 22:00:00,4606.64,2997.95,1608.68
2050-04-09 23:00:00,4416.3,2850.08,1566.22
2050-04-10 00:00:00,4176.33,2699.11,1477.23
2050-04-10 01:00:00,4131.96,2165.57,1966.39
2050-04-10 02:00:00,3984.82,1966.61,2018.21
2050-04-10 03:00:00,3944.69,1981.31,1963.38
2050-04-10 04:00:00,3937.99,2038.15,1899.84
2050-04-10 05:00:00,3991.29,1703.5,2287.79
2050-04-10 06:00:00,4140.26,1984.25,2156.02
2050-04-10 07:00:00,4274.55,2005.81,2268.74
2050-04-10 08:00:00,4263.22,1610.07,2653.15
2050-04-10 09:00:00,4188.36,2150.87,2037.5
2050-04-10 10:00:00,4016.44,2092.06,1924.38
2050-04-10 11:00:00,3857.13,2347.06,1510.06
2050-04-10 12:00:00,3771.62,3260.11,511.51
2050-04-10 13:00:00,3678.73,3122.72,556.0
2050-04-10 14:00:00,3588.55,3673.15,-84.6
2050-04-10 15:00:00,3587.55,4081.59,-494.04
2050-04-10 16:00:00,3789.8,4383.01,-593.21
2050-04-10 17:00:00,4043.82,4655.84,-612.03
2050-04-10 18:00:00,4397.38,4685.5,-288.12
2050-04-10 19:00:00,4571.35,4695.6,-124.25
2050-04-10 20:00:00,4643.76,4695.6,-51.84
2050-04-10 21:00:00,4567.67,4695.6,-127.93
2050-04-10 22:00:00,4360.16,4695.6,-335.45
2050-04-10 23:00:00,4117.7,4517.09,-399.39
2050-04-11 00:00:00,3825.61,4437.34,-611.73
2050-04-11 01:00:00,3712.14,4454.11,-741.97
2050-04-11 02:00:00,3495.48,4167.68,-672.19
2050-04-11 03:00:00,3404.42,3817.75,-413.33
2050-04-11 04:00:00,3360.67,3956.38,-595.7
2050-04-11 05:00:00,3383.11,3978.74,-595.63
2050-04-11 06:00:00,3500.64,3715.92,-215.28
2050-04-11 07:00:00,3604.47,3276.99,327.47
2050-04-11 08:00:00,3538.28,3146.98,391.29
2050-04-11 09:00:00,3473.61,3170.09,303.52
2050-04-11 10:00:00,3400.79,3248.65,152.14
2050-04-11 11:00:00,3444.41,2802.71,641.69
2050-04-11 12:00:00,3550.88,2974.85,576.03
2050-04-11 13:00:00,3754.42,3181.64,572.78
2050-04-11 14:00:00,4041.85,3466.07,575.78
2050-04-11 15:00:00,4211.65,4500.43,-288.78
2050-04-11 16:00:00,4426.76,4664.28,-237.51
2050-04-11 17:00:00,4698.02,4694.47,3.55
2050-04-11 18:00:00,5097.97,4695.48,402.49
2050-04-11 19:00:00,5095.71,4695.6,400.11
2050-04-11 20:00:00,4937.64,4695.6,242.04
2050-04-11 21:00:00,4654.3,4695.6,-41.3
2050-04-11 22:00:00,4267.56,4695.6,-428.04
2050-04-11 23:00:00,3905.12,4694.89,-789.76
2050-04-12 00:00:00,3514.63,4689.66,-1175.03
2050-04-12 01:00:00,3323.01,4682.3,-1359.29
2050-04-12 02:00:00,3045.9,4425.94,-1380.03
2050-04-12 03:00:00,2897.34,4661.27,-1763.93
2050-04-12 04:00:00,2815.98,4505.71,-1689.73
2050-04-12 05:00:00,2825.91,4177.07,-1351.16
2050-04-12 06:00:00,2988.32,3768.55,-780.24
2050-04-12 07:00:00,3165.24,3915.24,-750.0
2050-04-12 08:00:00,3246.16,3183.95,62.21
2050-04-12 09:00:00,3351.74,2428.13,923.61
2050-04-12 10:00:00,3398.35,2028.35,1370.0
2050-04-12 11:00:00,3463.69,2784.23,679.46
2050-04-12 12:00:00,3541.44,3468.32,73.11
2050-04-12 13:00:00,3596.8,2568.06,1028.74
2050-04-12 14:00:00,3771.4,2595.83,1175.57
2050-04-12 15:00:00,4053.19,2866.26,1186.93
2050-04-12 16:00:00,4307.48,3032.61,1274.87
2050-04-12 17:00:00,4631.08,2838.53,1792.55
2050-04-12 18:00:00,4951.33,3911.66,1039.67
2050-04-12 19:00:00,4862.3,4663.01,199.29
2050-04-12 20:00:00,4699.26,4695.6,3.66
2050-04-12 21:00:00,4534.03,4695.6,-161.57
2050-04-12 22:00:00,4237.58,4695.6,-458.02
2050-04-12 23:00:00,3901.58,4695.6,-794.03
2050-04-13 00:00:00,3578.89,4695.6,-1116.71
2050-04-13 01:00:00,3498.33,4695.6,-1197.27
2050-04-13 02:00:00,3325.64,4694.46,-1368.82
2050-04-13 03:00:00,3265.37,4585.33,-1319.96
2050-04-13 04:00:00,3247.55,4499.62,-1252.07
2050-04-13 05:00:00,3289.21,4267.63,-978.42
2050-04-13 06:00:00,3422.82,4336.72,-913.9
2050-04-13 07:00:00,3546.66,4663.3,-1116.65
2050-04-13 08:00:00,3607.36,4643.82,-1036.47
2050-04-13 09:00:00,3664.77,4676.68,-1011.9
2050-04-13 10:00:00,3601.92,4448.75,-846.83
2050-04-13 11:00:00,3494.26,4668.73,-1174.47
2050-04-13 12:00:00,3486.36,4044.93,-558.56
2050-04-13 13:00:00,3515.62,4348.8,-833.18
2050-04-13 14:00:00,3544.21,4360.2,-815.99
2050-04-13 15:00:00,3608.13,4486.62,-878.49
2050-04-13 16:00:00,3817.52,4659.62,-842.1
2050-04-13 17:00:00,4173.76,4695.18,-521.42
2050-04-13 18:00:00,4600.73,4664.08,-63.35
2050-04-13 19:00:00,4606.54,4510.58,95.95
2050-04-13 20:00:00,4655.59,4695.6,-40.01
2050-04-13 21:00:00,4522.13,4694.99,-172.86
2050-04-13 22:00:00,4233.94,4695.6,-461.66
2050-04-13 23:00:00,3900.0,4695.6,-795.61
2050-04-14 00:00:00,3607.05,4693.97,-1086.91
2050-04-14 01:00:00,3530.03,4656.81,-1126.79
2050-04-14 02:00:00,3363.26,4110.21,-746.95
2050-04-14 03:00:00,3317.61,4409.17,-1091.56
2050-04-14 04:00:00,3320.85,4368.92,-1048.07
2050-04-14 05:00:00,3379.82,4452.77,-1072.95
2050-04-14 06:00:00,3530.16,4478.49,-948.34
2050-04-14 07:00:00,3662.7,3149.29,513.4
2050-04-14 08:00:00,3616.19,2281.54,1334.65
2050-04-14 09:00:00,3563.75,2092.06,1471.69
2050-04-14 10:00:00,3436.93,1943.09,1493.84
2050-04-14 11:00:00,3441.92,1455.79,1986.13
2050-04-14 12:00:00,3507.98,1215.81,2292.17
2050-04-14 13:00:00,3539.1,1742.07,1797.03
2050-04-14 14:00:00,3766.51,1662.36,2104.15
2050-04-14 15:00:00,4075.67,2653.57,1422.1
2050-04-14 16:00:00,4377.18,2439.24,1937.95
2050-04-14 17:00:00,4731.74,3457.07,1274.68
2050-04-14 18:00:00,5100.6,4478.09,622.51
2050-04-14 19:00:00,5084.44,4694.19,390.26
2050-04-14 20:00:00,4904.05,4538.61,365.44
2050-04-14 21:00:00,4597.16,4631.64,-34.48
2050-04-14 22:00:00,4253.16,4656.33,-403.18
2050-04-14 23:00:00,3898.06,4580.05,-681.99
2050-04-15 00:00:00,3509.04,4694.63,-1185.59
2050-04-15 01:00:00,3334.3,4674.84,-1340.54
2050-04-15 02:00:00,3125.28,4660.79,-1535.5
2050-04-15 03:00:00,3080.07,4658.07,-1578.01
2050-04-15 04:00:00,3082.16,4656.23,-1574.07
2050-04-15 05:00:00,3149.06,4638.54,-1489.48
2050-04-15 06:00:00,3310.83,3776.61,-465.77
2050-04-15 07:00:00,3451.01,2895.13,555.87
2050-04-15 08:00:00,3433.24,2018.55,1414.68
2050-04-15 09:00:00,3424.24,2138.13,1286.11
2050-04-15 10:00:00,3397.89,2285.98,1111.91
2050-04-15 11:00:00,3470.97,2820.04,650.93
2050-04-15 12:00:00,3606.6,2303.75,1302.84
2050-04-15 13:00:00,3876.13,2777.3,1098.83
2050-04-15 14:00:00,4073.92,2944.81,1129.11
2050-04-15 15:00:00,4335.56,4624.73,-289.17
2050-04-15 16:00:00,4686.29,4392.4,293.89
2050-04-15 17:00:00,5025.58,4345.44,680.13
2050-04-15 18:00:00,5334.93,4249.52,1085.41
2050-04-15 19:00:00,5283.58,4494.75,788.84
2050-04-15 20:00:00,5092.73,4517.09,575.64
2050-04-15 21:00:00,4783.81,4684.62,99.19
2050-04-15 22:00:00,4354.86,4695.07,-340.2
2050-04-15 23:00:00,3920.42,4578.42,-658.0
2050-04-16 00:00:00,3518.16,4298.49,-780.33
2050-04-16 01:00:00,3324.38,4521.15,-1196.77
2050-04-16 02:00:00,3055.34,4581.27,-1525.93
2050-04-16 03:00:00,2915.27,4684.23,-1768.96
2050-04-16 04:00:00,2832.86,4694.06,-1861.2
2050-04-16 05:00:00,2827.56,4472.0,-1644.43
2050-04-16 06:00:00,2929.91,4668.54,-1738.63
2050-04-16 07:00:00,3081.57,4694.42,-1612.86
2050-04-16 08:00:00,3247.4,4584.92,-1337.52
2050-04-16 09:00:00,3430.66,4521.96,-1091.3
2050-04-16 10:00:00,3465.18,4572.33,-1107.15
2050-04-16 11:00:00,3495.11,4476.47,-981.36
2050-04-16 12:00:00,3524.4,4435.33,-910.92
2050-04-16 13:00:00,3528.49,4482.15,-953.67
2050-04-16 14:00:00,3570.12,3703.54,-133.42
2050-04-16 15:00:00,3690.55,4190.49,-499.94
2050-04-16 16:00:00,3939.45,4273.0,-333.54
2050-04-16 17:00:00,4239.16,4465.52,-226.36
2050-04-16 18:00:00,4589.61,4195.85,393.75
2050-04-16 19:00:00,4666.4,4695.6,-29.2
2050-04-16 20:00:00,4690.24,4695.6,-5.36
2050-04-16 21:00:00,4550.57,4695.6,-145.03
2050-04-16 22:00:00,4256.84,4686.65,-429.82
2050-04-16 23:00:00,3909.08,4557.3,-648.23
2050-04-17 00:00:00,3519.05,3825.8,-306.74
2050-04-17 01:00:00,3327.19,3781.08,-453.89
2050-04-17 02:00:00,3051.36,3832.95,-781.6
2050-04-17 03:00:00,2898.44,3988.58,-1090.14
2050-04-17 04:00:00,2805.88,2895.13,-89.25
2050-04-17 05:00:00,2796.2,2157.73,638.47
2050-04-17 06:00:00,2891.78,2800.4,91.38
2050-04-17 07:00:00,3047.1,3254.42,-207.33
2050-04-17 08:00:00,3213.22,2107.74,1105.47
2050-04-17 09:00:00,3413.05,1291.43,2121.63
2050-04-17 10:00:00,3481.42,1730.07,1751.35
2050-04-17 11:00:00,3512.92,1834.29,1678.63
2050-04-17 12:00:00,3547.16,1426.64,2120.51
2050-04-17 13:00:00,3561.13,1378.06,2183.07
2050-04-17 14:00:00,3605.04,1831.35,1773.69
2050-04-17 15:00:00,3721.36,1351.62,2369.74
2050-04-17 16:00:00,3947.46,1668.36,2279.11
2050-04-17 17:00:00,4221.38,2289.31,1932.07
2050-04-17 18:00:00,4528.38,3003.73,1524.65
2050-04-17 19:00:00,4601.91,3968.9,633.01
2050-04-17 20:00:00,4678.89,3016.44,1662.45
2050-04-17 21:00:00,4573.38,3678.78,894.6
2050-04-17 22:00:00,4330.16,3355.77,974.39
2050-04-17 23:00:00,4071.32,3378.28,693.04
2050-04-18 00:00:00,3814.93,2920.55,894.38
2050-04-18 01:00:00,3770.12,3473.95,296.17
2050-04-18 02:00:00,3641.7,2290.42,1351.28
2050-04-18 03:00:00,3626.07,2411.47,1214.59
2050-04-18 04:00:00,3647.74,1750.64,1897.11
2050-04-18 05:00:00,3727.91,2013.65,1714.26
2050-04-18 06:00:00,3894.42,1818.61,2075.81
2050-04-18 07:00:00,4025.43,1946.03,2079.4
2050-04-18 08:00:00,4005.93,1310.51,2695.41
2050-04-18 09:00:00,3939.46,1253.25,2686.22
2050-04-18 10:00:00,3787.02,2077.36,1709.66
2050-04-18 11:00:00,3642.96,1914.66,1728.3
2050-04-18 12:00:00,3540.2,1424.93,2115.27
2050-04-18 13:00:00,3503.21,945.56,2557.65
2050-04-18 14:00:00,3534.78,1979.35,1555.43
2050-04-18 15:00:00,3598.69,2694.66,904.03
2050-04-18 16:00:00,3791.53,4195.85,-404.32
2050-04-18 17:00:00,4044.54,4024.35,20.18
2050-04-18 18:00:00,4391.12,4538.61,-147.5
2050-04-18 19:00:00,4549.15,4694.44,-145.29
2050-04-18 20:00:00,4643.53,4695.38,-51.85
2050-04-18 21:00:00,4566.3,4677.26,-110.96
2050-04-18 22:00:00,4378.32,4694.92,-316.6
2050-04-18 23:00:00,4151.04,4695.12,-544.08
2050-04-19 00:00:00,3879.61,4695.25,-815.63
2050-04-19 01:00:00,3795.81,4695.6,-899.79
2050-04-19 02:00:00,3612.76,4694.12,-1081.37
2050-04-19 03:00:00,3548.79,4356.85,-808.06
2050-04-19 04:00:00,3530.74,3799.86,-269.11
2050-04-19 05:00:00,3573.6,3711.42,-137.82
2050-04-19 06:00:00,3704.53,4173.72,-469.19
2050-04-19 07:00:00,3807.86,4171.04,-363.18
2050-04-19 08:00:00,3772.94,4212.62,-439.69
2050-04-19 09:00:00,3721.76,2780.76,941.0
2050-04-19 10:00:00,3604.47,4185.12,-580.65
2050-04-19 11:00:00,3503.03,3773.92,-270.89
2050-04-19 12:00:00,3485.74,4142.41,-656.67
2050-04-19 13:00:00,3510.78,4089.64,-578.87
2050-04-19 14:00:00,3548.67,4427.28,-878.61
2050-04-19 15:00:00,3632.56,4350.14,-717.58
2050-04-19 16:00:00,3939.96,4632.85,-692.89
2050-04-19 17:00:00,4258.32,4660.69,-402.36
2050-04-19 18:00:00,4630.68,4694.72,-64.05
2050-04-19 19:00:00,4658.05,4695.6,-37.55
2050-04-19 20:00:00,4663.68,4695.6,-31.92
2050-04-19 21:00:00,4526.36,4673.67,-147.31
2050-04-19 22:00:00,4235.58,4657.59,-422.0
2050-04-19 23:00:00,3915.74,4680.07,-764.33
2050-04-20 00:00:00,3594.32,4695.6,-1101.28
2050-04-20 01:00:00,3505.5,4695.6,-1190.1
2050-04-20 02:00:00,3334.72,4695.15,-1360.43
2050-04-20 03:00:00,3283.1,4695.6,-1412.5
2050-04-20 04:00:00,3276.7,4695.55,-1418.85
2050-04-20 05:00:00,3334.8,4678.23,-1343.43
2050-04-20 06:00:00,3480.73,4695.6,-1214.87
2050-04-20 07:00:00,3588.76,4695.6,-1106.84
2050-04-20 08:00:00,3536.39,4694.49,-1158.1
2050-04-20 09:00:00,3511.36,4659.81,-1148.45
2050-04-20 10:00:00,3414.29,4651.97,-1237.68
2050-04-20 11:00:00,3442.14,3832.06,-389.92
2050-04-20 12:00:00,3504.92,4502.06,-997.14
2050-04-20 13:00:00,3557.56,3815.96,-258.4
2050-04-20 14:00:00,3747.06,4252.87,-505.81
2050-04-20 15:00:00,4016.87,3261.24,755.63
2050-04-20 16:00:00,4365.95,2777.3,1588.66
2050-04-20 17:00:00,4728.42,2674.67,2053.74
2050-04-20 18:00:00,5098.04,3721.54,1376.49
2050-04-20 19:00:00,5082.33,3859.78,1222.54
2050-04-20 20:00:00,4938.39,3815.06,1123.33
2050-04-20 21:00:00,4641.21,3585.37,1055.84
2050-04-20 22:00:00,4264.94,3426.68,838.26
2050-04-20 23:00:00,3907.52,3935.8,-28.28
2050-04-21 00:00:00,3515.0,4053.87,-538.86
2050-04-21 01:00:00,3323.32,3783.76,-460.44
2050-04-21 02:00:00,3047.88,3304.0,-256.12
2050-04-21 03:00:00,2904.74,3679.9,-775.17
2050-04-21 04:00:00,2831.45,3669.78,-838.32
2050-04-21 05:00:00,2855.21,2854.7,0.51
2050-04-21 06:00:00,2981.9,3527.97,-546.07
2050-04-21 07:00:00,3103.04,3091.53,11.5
2050-04-21 08:00:00,3180.07,3910.76,-730.7
2050-04-21 09:00:00,3335.5,3915.24,-579.74
2050-04-21 10:00:00,3409.29,4179.08,-769.79
2050-04-21 11:00:00,3505.02,4457.47,-952.45
2050-04-21 12:00:00,3734.72,4455.45,-720.74
2050-04-21 13:00:00,3911.74,4232.08,-320.34
2050-04-21 14:00:00,4085.78,4245.49,-159.72
2050-04-21 15:00:00,4238.16,4209.94,28.22
2050-04-21 16:00:00,4484.29,3377.16,1107.14
2050-04-21 17:00:00,4740.69,4400.45,340.24
2050-04-21 18:00:00,5008.73,4694.4,314.33
2050-04-21 19:00:00,4946.04,4695.6,250.44
2050-04-21 20:00:00,4803.4,4694.13,109.27
2050-04-21 21:00:00,4576.22,4589.79,-13.57
2050-04-21 22:00:00,4253.12,3533.59,719.53
2050-04-21 23:00:00,3902.86,3241.72,661.14
2050-04-22 00:00:00,3512.2,2696.88,815.32
2050-04-22 01:00:00,3322.44,3494.2,-171.76
2050-04-22 02:00:00,3049.22,3443.56,-394.34
2050-04-22 03:00:00,2909.12,3118.1,-208.99
2050-04-22 04:00:00,2830.57,2650.24,180.33
2050-04-22 05:00:00,2835.14,2786.54,48.6
2050-04-22 06:00:00,2934.59,3120.41,-185.82
2050-04-22 07:00:00,3077.02,2608.04,468.98
2050-04-22 08:00:00,3186.74,2859.32,327.41
2050-04-22 09:00:00,3343.77,2992.18,351.59
2050-04-22 10:00:00,3403.0,3406.42,-3.42
2050-04-22 11:00:00,3477.1,3496.46,-19.36
2050-04-22 12:00:00,3621.66,3836.53,-214.88
2050-04-22 13:00:00,3852.98,4154.04,-301.07
2050-04-22 14:00:00,4119.96,4277.02,-157.06
2050-04-22 15:00:00,4280.17,4241.47,38.7
2050-04-22 16:00:00,4596.76,4694.62,-97.85
2050-04-22 17:00:00,4875.2,4654.2,221.0
2050-04-22 18:00:00,5181.92,3997.52,1184.4
2050-04-22 19:00:00,5134.85,4234.09,900.76
2050-04-22 20:00:00,4987.64,4322.63,665.0
2050-04-22 21:00:00,4676.83,4277.02,399.81
2050-04-22 22:00:00,4264.96,3666.4,598.56
2050-04-22 23:00:00,3901.82,3302.88,598.95
2050-04-23 00:00:00,3509.82,4152.25,-642.43
2050-04-23 01:00:00,3326.39,4299.83,-973.44
2050-04-23 02:00:00,3130.74,3983.21,-852.47
2050-04-23 03:00:00,3102.35,3062.65,39.7
2050-04-23 04:00:00,3125.77,3454.82,-329.04
2050-04-23 05:00:00,3220.77,2794.63,426.14
2050-04-23 06:00:00,3397.9,2684.67,713.23
2050-04-23 07:00:00,3518.64,1350.89,2167.74
2050-04-23 08:00:00,3515.89,1667.5,1848.39
2050-04-23 09:00:00,3534.25,1270.87,2263.38
2050-04-23 10:00:00,3446.68,639.47,2807.21
2050-04-23 11:00:00,3442.73,665.7,2777.03
2050-04-23 12:00:00,3504.34,511.65,2992.69
2050-04-23 13:00:00,3533.86,469.12,3064.74
2050-04-23 14:00:00,3639.31,606.56,3032.75
2050-04-23 15:00:00,3851.61,890.79,2960.82
2050-04-23 16:00:00,4264.62,1515.79,2748.84
2050-04-23 17:00:00,4548.06,1371.45,3176.62
2050-04-23 18:00:00,4910.99,2077.36,2833.62
2050-04-23 19:00:00,4877.35,2680.23,2197.12
2050-04-23 20:00:00,4737.34,3861.57,875.77
2050-04-23 21:00:00,4541.49,4297.15,244.35
2050-04-23 22:00:00,4241.69,4412.52,-170.84
2050-04-23 23:00:00,3894.94,4445.39,-550.45
2050-04-24 00:00:00,3525.84,4199.21,-673.37
2050-04-24 01:00:00,3411.87,3807.01,-395.15
2050-04-24 02:00:00,3243.18,4230.74,-987.55
2050-04-24 03:00:00,3196.29,3782.86,-586.58
2050-04-24 04:00:00,3203.06,3943.86,-740.79
2050-04-24 05:00:00,3277.48,3383.91,-106.43
2050-04-24 06:00:00,3437.56,3677.65,-240.09
2050-04-24 07:00:00,3538.03,3773.03,-235.0
2050-04-24 08:00:00,3497.39,3419.92,77.46
2050-04-24 09:00:00,3496.95,3345.64,151.31
2050-04-24 10:00:00,3411.19,3484.07,-72.88
2050-04-24 11:00:00,3444.62,2754.19,690.42
2050-04-24 12:00:00,3514.74,2379.27,1135.47
2050-04-24 13:00:00,3592.78,2679.12,913.66
2050-04-24 14:00:00,3843.93,2572.5,1271.42
2050-04-24 15:00:00,4155.84,2067.56,2088.28
2050-04-24 16:00:00,4397.53,2641.35,1756.18
2050-04-24 17:00:00,4679.46,3181.64,1497.83
2050-04-24 18:00:00,4961.17,3590.99,1370.17
2050-04-24 19:00:00,4897.72,4363.56,534.16
2050-04-24 20:00:00,4769.45,4024.35,745.09
2050-04-24 21:00:00,4558.64,3220.92,1337.72
2050-04-24 22:00:00,4250.38,2641.35,1609.03
2050-04-24 23:00:00,3901.64,2324.85,1576.79
2050-04-25 00:00:00,3512.63,2945.97,566.67
2050-04-25 01:00:00,3323.66,3059.18,264.48
2050-04-25 02:00:00,3051.48,2823.51,227.97
2050-04-25 03:00:00,2905.14,2460.34,444.8
2050-04-25 04:00:00,2811.81,2592.49,219.32
2050-04-25 05:00:00,2794.45,2578.06,216.39
2050-04-25 06:00:00,2876.99,2514.76,362.23
2050-04-25 07:00:00,3030.93,3439.06,-408.13
2050-04-25 08:00:00,3180.5,3566.23,-385.74
2050-04-25 09:00:00,3366.39,2958.67,407.72
2050-04-25 10:00:00,3421.9,2703.55,718.35
2050-04-25 11:00:00,3470.62,2091.08,1379.53
2050-04-25 12:00:00,3520.82,2273.76,1247.06
2050-04-25 13:00:00,3549.78,1908.78,1641.0
2050-04-25 14:00:00,3580.5,1418.93,2161.57
2050-04-25 15:00:00,3643.17,1275.27,2367.9
2050-04-25 16:00:00,3842.03,2600.27,1241.77
2050-04-25 17:00:00,4107.86,2269.32,1838.54
2050-04-25 18:00:00,4459.1,2219.47,2239.62
2050-04-25 19:00:00,4686.9,1966.61,2720.3
2050-04-25 20:00:00,4855.38,2074.42,2780.96
2050-04-25 21:00:00,4748.1,2883.58,1864.52
2050-04-25 22:00:00,4478.54,3187.42,1291.11
2050-04-25 23:00:00,4141.66,4221.34,-79.69
2050-04-26 00:00:00,3765.63,4580.86,-815.23
2050-04-26 01:00:00,3585.44,3788.23,-202.79
2050-04-26 02:00:00,3306.24,4043.14,-736.89
2050-04-26 03:00:00,3165.78,4432.65,-1266.87
2050-04-26 04:00:00,3071.24,4159.41,-1088.17
2050-04-26 05:00:00,3043.98,3792.7,-748.72
2050-04-26 06:00:00,3116.15,4009.15,-893.0
2050-04-26 07:00:00,3220.83,3883.93,-663.11
2050-04-26 08:00:00,3305.2,3991.26,-686.06
2050-04-26 09:00:00,3435.35,4508.96,-1073.61
2050-04-26 10:00:00,3486.23,4283.73,-797.5
2050-04-26 11:00:00,3512.8,4535.36,-1022.57
2050-04-26 12:00:00,3560.82,3381.66,179.16
2050-04-26 13:00:00,3559.58,2122.44,1437.13
2050-04-26 14:00:00,3562.79,2056.78,1506.01
2050-04-26 15:00:00,3610.38,2661.35,949.03
2050-04-26 16:00:00,3803.33,1828.41,1974.92
2050-04-26 17:00:00,4060.44,3309.63,750.8
2050-04-26 18:00:00,4422.0,3768.55,653.44
2050-04-26 19:00:00,4647.0,2499.2,2147.8
2050-04-26 20:00:00,4860.88,2692.44,2168.44
2050-04-26 21:00:00,4794.14,2076.38,2717.76
2050-04-26 22:00:00,4557.58,2791.16,1766.41
2050-04-26 23:00:00,4272.2,3138.9,1133.3
2050-04-27 00:00:00,3943.78,2966.76,977.02
2050-04-27 01:00:00,3805.03,2980.63,824.4
2050-04-27 02:00:00,3575.84,2562.51,1013.34
2050-04-27 03:00:00,3472.87,2178.31,1294.55
2050-04-27 04:00:00,3401.01,2447.01,954.0
2050-04-27 05:00:00,3399.59,2319.3,1080.29
2050-04-27 06:00:00,3487.39,2692.44,794.95
2050-04-27 07:00:00,3615.41,2847.77,767.64
2050-04-27 08:00:00,3694.58,2220.46,1474.12
2050-04-27 09:00:00,3712.23,2046.98,1665.26
2050-04-27 10:00:00,3595.14,2832.75,762.39
2050-04-27 11:00:00,3502.5,2141.07,1361.43
2050-04-27 12:00:00,3502.76,1736.93,1765.83
2050-04-27 13:00:00,3527.33,2078.34,1448.99
2050-04-27 14:00:00,3564.36,1491.78,2072.58
2050-04-27 15:00:00,3680.15,1256.19,2423.96
2050-04-27 16:00:00,3930.94,2204.77,1726.17
2050-04-27 17:00:00,4250.48,1766.93,2483.56
2050-04-27 18:00:00,4578.22,2472.55,2105.66
2050-04-27 19:00:00,4574.16,3166.62,1407.54
2050-04-27 20:00:00,4646.8,3648.39,998.41
2050-04-27 21:00:00,4523.55,3122.72,1400.83
2050-04-27 22:00:00,4350.16,2895.13,1455.02
2050-04-27 23:00:00,4195.76,3047.63,1148.12
2050-04-28 00:00:00,3995.8,2546.96,1448.84
2050-04-28 01:00:00,3963.07,2110.68,1852.39
2050-04-28 02:00:00,3824.08,2310.41,1513.66
2050-04-28 03:00:00,3789.51,2826.98,962.53
2050-04-28 04:00:00,3795.4,2668.01,1127.39
2050-04-28 05:00:00,3849.7,2046.0,1803.71
2050-04-28 06:00:00,3984.51,2445.9,1538.61
2050-04-28 07:00:00,4055.14,2161.65,1893.49
2050-04-28 08:00:00,4033.57,1942.1,2091.46
2050-04-28 09:00:00,3974.06,1777.21,2196.85
2050-04-28 10:00:00,3824.62,1063.81,2760.81
2050-04-28 11:00:00,3700.45,722.79,2977.66
2050-04-28 12:00:00,3617.18,977.92,2639.26
2050-04-28 13:00:00,3584.16,984.77,2599.39
2050-04-28 14:00:00,3585.26,1442.07,2143.19
2050-04-28 15:00:00,3626.81,2444.79,1182.02
2050-04-28 16:00:00,3809.72,4487.84,-678.11
2050-04-28 17:00:00,4051.56,4677.26,-625.69
2050-04-28 18:00:00,4396.88,4677.94,-281.06
2050-04-28 19:00:00,4568.82,4693.93,-125.11
2050-04-28 20:00:00,4790.45,4494.75,295.7
2050-04-28 21:00:00,4762.22,3964.43,797.79
2050-04-28 22:00:00,4576.66,4397.76,178.9
2050-04-28 23:00:00,4329.77,3809.7,520.07
2050-04-29 00:00:00,4032.79,2898.6,1134.19
2050-04-29 01:00:00,3936.31,3021.06,915.25
2050-04-29 02:00:00,3749.9,4169.69,-419.8
2050-04-29 03:00:00,3679.3,3964.43,-285.13
2050-04-29 04:00:00,3652.17,3633.76,18.41
2050-04-29 05:00:00,3689.05,2960.98,728.07
2050-04-29 06:00:00,3814.65,3682.15,132.5
2050-04-29 07:00:00,3867.71,2158.71,1709.0
2050-04-29 08:00:00,3810.15,3100.77,709.37
2050-04-29 09:00:00,3724.64,3732.8,-8.16
2050-04-29 10:00:00,3579.93,3751.93,-172.0
2050-04-29 11:00:00,3466.67,2701.33,765.34
2050-04-29 12:00:00,3485.18,3034.92,450.25
2050-04-29 13:00:00,3523.06,3084.6,438.46
2050-04-29 14:00:00,3572.21,3171.24,400.96
2050-04-29 15:00:00,3806.45,4242.14,-435.69
2050-04-29 16:00:00,4163.58,4657.59,-494.01
2050-04-29 17:00:00,4496.18,4684.72,-188.55
2050-04-29 18:00:00,4863.16,4695.33,167.83
2050-04-29 19:00:00,4851.76,4694.53,157.23
2050-04-29 20:00:00,4758.07,4695.6,62.47
2050-04-29 21:00:00,4551.5,4579.23,-27.73
2050-04-29 22:00:00,4242.88,3812.38,430.49
2050-04-29 23:00:00,3894.84,3718.17,176.67
2050-04-30 00:00:00,3515.06,4164.77,-649.71
2050-04-30 01:00:00,3367.48,3996.63,-629.15
2050-04-30 02:00:00,3169.94,3968.01,-798.06
2050-04-30 03:00:00,3111.63,4064.6,-952.97
2050-04-30 04:00:00,3083.22,3602.25,-519.02
2050-04-30 05:00:00,3136.47,3413.17,-276.7
2050-04-30 06:00:00,3284.82,3479.58,-194.76
2050-04-30 07:00:00,3361.49,4250.19,-888.7
2050-04-30 08:00:00,3340.46,4189.82,-849.36
2050-04-30 09:00:00,3374.25,3985.89,-611.64
2050-04-30 10:00:00,3397.27,3902.72,-505.45
2050-04-30 11:00:00,3469.6,4045.82,-576.22
2050-04-30 12:00:00,3636.84,4048.5,-411.66
2050-04-30 13:00:00,3880.29,3907.19,-26.9
2050-04-30 14:00:00,4094.17,4366.91,-272.74
2050-04-30 15:00:00,4397.65,4443.38,-45.73
2050-04-30 16:00:00,4787.28,4264.28,523.01
2050-04-30 17:00:00,5159.84,4695.6,464.23
2050-04-30 18:00:00,5535.68,4694.12,841.56
2050-04-30 19:00:00,5477.58,4694.6,782.98
2050-04-30 20:00:00,5320.97,4694.36,626.61
2050-04-30 21:00:00,5028.21,4695.6,332.61
2050-04-30 22:00:00,4609.8,4695.6,-85.8
2050-04-30 23:00:00,4161.73,3495.33,666.4
2050-05-01 00:00:00,3674.4,4059.23,-384.83
2050-05-01 01:00:00,3414.69,3576.36,-161.67
2050-05-01 02:00:00,3094.16,4177.74,-1083.58
2050-05-01 03:00:00,2911.51,3892.88,-981.37
2050-05-01 04:00:00,2791.56,3239.41,-447.85
2050-05-01 05:00:00,2749.14,2498.1,251.05
2050-05-01 06:00:00,2804.02,2369.27,434.75
2050-05-01 07:00:00,2934.75,2581.39,353.36
2050-05-01 08:00:00,3121.96,2457.01,664.95
2050-05-01 09:00:00,3506.54,1663.21,1843.33
2050-05-01 10:00:00,3879.15,1966.61,1912.55
2050-05-01 11:00:00,4262.76,1798.03,2464.74
2050-05-01 12:00:00,4585.85,1367.78,3218.08
2050-05-01 13:00:00,4769.75,1210.67,3559.09
2050-05-01 14:00:00,4939.72,1498.64,3441.08
2050-05-01 15:00:00,5121.69,2016.59,3105.09
2050-05-01 16:00:00,5382.95,2460.34,2922.61
2050-05-01 17:00:00,5626.58,2355.95,3270.64
2050-05-01 18:00:00,5910.91,3278.12,2632.79
2050-05-01 19:00:00,5830.86,3306.25,2524.61
2050-05-01 20:00:00,5662.74,3070.73,2592.01
2050-05-01 21:00:00,5376.37,4019.88,1356.49
2050-05-01 22:00:00,4964.45,3996.63,967.83
2050-05-01 23:00:00,4516.73,3869.62,647.11
2050-05-02 00:00:00,4049.71,3925.08,124.64
2050-05-02 01:00:00,3798.64,4462.16,-663.52
2050-05-02 02:00:00,3467.69,4387.7,-920.01
2050-05-02 03:00:00,3255.97,4005.57,-749.6
2050-05-02 04:00:00,3108.02,3860.68,-752.65
2050-05-02 05:00:00,3028.67,4407.15,-1378.48
2050-05-02 06:00:00,3048.61,4203.9,-1155.29
2050-05-02 07:00:00,3271.39,3740.68,-469.29
2050-05-02 08:00:00,3680.44,2619.14,1061.3
2050-05-02 09:00:00,4222.56,2596.93,1625.62
2050-05-02 10:00:00,4523.55,2345.95,2177.6
2050-05-02 11:00:00,4810.61,2515.86,2294.75
2050-05-02 12:00:00,5037.55,1826.45,3211.1
2050-05-02 13:00:00,5204.45,1839.19,3365.26
2050-05-02 14:00:00,5360.65,1903.88,3456.77
2050-05-02 15:00:00,5511.79,2927.48,2584.3
2050-05-02 16:00:00,5707.8,3123.88,2583.92
2050-05-02 17:00:00,5744.13,4092.33,1651.8
2050-05-02 18:00:00,5970.2,4019.88,1950.32
2050-05-02 19:00:00,5859.52,3959.95,1899.57
2050-05-02 20:00:00,5755.45,4292.45,1463.0
2050-05-02 21:00:00,5482.39,4297.15,1185.25
2050-05-02 22:00:00,5072.13,4102.17,969.97
2050-05-02 23:00:00,4633.4,2850.08,1783.33
2050-05-03 00:00:00,4164.89,3134.28,1030.62
2050-05-03 01:00:00,3910.49,3482.95,427.54
2050-05-03 02:00:00,3586.2,2568.06,1018.14
2050-05-03 03:00:00,3384.79,3360.27,24.52
2050-05-03 04:00:00,3239.3,3597.75,-358.45
2050-05-03 05:00:00,3174.05,3445.81,-271.76
2050-05-03 06:00:00,3198.24,3809.7,-611.46
2050-05-03 07:00:00,3374.57,3728.3,-353.73
2050-05-03 08:00:00,3659.01,2495.88,1163.13
2050-05-03 09:00:00,4021.29,1667.5,2353.79
2050-05-03 10:00:00,4121.57,2195.95,1925.62
2050-05-03 11:00:00,4223.18,1843.11,2380.07
2050-05-03 12:00:00,4451.42,2470.33,1981.09
2050-05-03 13:00:00,4590.75,2432.57,2158.18
2050-05-03 14:00:00,4719.47,3498.71,1220.76
2050-05-03 15:00:00,4781.44,3048.79,1732.65
2050-05-03 16:00:00,5159.6,2542.52,2617.08
2050-05-03 17:00:00,5374.93,3054.56,2320.37
2050-05-03 18:00:00,5699.63,3181.64,2517.99
2050-05-03 19:00:00,5644.97,3624.76,2020.21
2050-05-03 20:00:00,5577.69,3611.25,1966.44
2050-05-03 21:00:00,5302.37,3314.13,1988.24
2050-05-03 22:00:00,4877.15,3095.0,1782.16
2050-05-03 23:00:00,4416.4,2825.82,1590.58
2050-05-04 00:00:00,3879.57,2465.89,1413.68
2050-05-04 01:00:00,3595.21,2029.34,1565.87
2050-05-04 02:00:00,3229.69,2215.56,1014.14
2050-05-04 03:00:00,2999.35,2584.72,414.63
2050-05-04 04:00:00,2838.6,1908.78,929.81
2050-05-04 05:00:00,2782.08,786.56,1995.53
2050-05-04 06:00:00,2820.95,977.3,1843.65
2050-05-04 07:00:00,2963.82,1489.21,1474.61
2050-05-04 08:00:00,3263.09,1424.07,1839.02
2050-05-04 09:00:00,3836.39,1221.68,2614.71
2050-05-04 10:00:00,4208.17,1469.5,2738.67
2050-05-04 11:00:00,4551.38,531.44,4019.94
2050-05-04 12:00:00,4812.35,961.12,3851.23
2050-05-04 13:00:00,4960.25,1164.41,3795.84
2050-05-04 14:00:00,5113.11,1908.78,3204.33
2050-05-04 15:00:00,5266.22,2331.52,2934.7
2050-05-04 16:00:00,5489.43,3254.42,2235.01
2050-05-04 17:00:00,5532.79,4115.58,1417.21
2050-05-04 18:00:00,5783.95,4137.94,1646.01
2050-05-04 19:00:00,5693.71,4374.96,1318.76
2050-05-04 20:00:00,5554.37,4595.89,958.48
2050-05-04 21:00:00,5225.21,4656.23,568.98
2050-05-04 22:00:00,4748.72,4650.8,97.92
2050-05-04 23:00:00,4213.98,4682.68,-468.7
2050-05-05 00:00:00,3672.48,4458.14,-785.65
2050-05-05 01:00:00,3386.18,4359.53,-973.35
2050-05-05 02:00:00,3065.21,4095.01,-1029.8
2050-05-05 03:00:00,2894.15,4477.68,-1583.53
2050-05-05 04:00:00,2783.94,4173.05,-1389.11
2050-05-05 05:00:00,2743.29,3863.36,-1120.07
2050-05-05 06:00:00,2816.99,3959.95,-1142.96
2050-05-05 07:00:00,2939.75,3041.86,-102.1
2050-05-05 08:00:00,3104.25,2468.11,636.14
2050-05-05 09:00:00,3395.39,2584.72,810.67
2050-05-05 10:00:00,3591.0,3347.9,243.1
2050-05-05 11:00:00,3933.21,3256.73,676.48
2050-05-05 12:00:00,4270.05,2662.46,1607.6
2050-05-05 13:00:00,4485.39,2172.43,2312.96
2050-05-05 14:00:00,4694.7,1779.78,2914.92
2050-05-05 15:00:00,4875.25,1424.93,3450.32
2050-05-05 16:00:00,5130.77,1388.33,3742.43
2050-05-05 17:00:00,5382.48,2039.13,3343.35
2050-05-05 18:00:00,5676.8,4068.18,1608.62
2050-05-05 19:00:00,5600.92,3791.81,1809.11
2050-05-05 20:00:00,5434.13,4018.09,1416.04
2050-05-05 21:00:00,5125.5,4382.34,743.17
2050-05-05 22:00:00,4687.54,4265.62,421.92
2050-05-05 23:00:00,4225.19,4525.61,-300.42
2050-05-06 00:00:00,3735.56,4481.74,-746.18
2050-05-06 01:00:00,3461.78,4368.92,-907.14
2050-05-06 02:00:00,3127.21,4167.68,-1040.46
2050-05-06 03:00:00,2941.64,3427.8,-486.16
2050-05-06 04:00:00,2823.54,3857.1,-1033.57
2050-05-06 05:00:00,2772.67,3549.35,-776.68
2050-05-06 06:00:00,2829.69,3490.83,-661.14
2050-05-06 07:00:00,2999.21,3285.99,-286.78
2050-05-06 08:00:00,3317.73,3212.83,104.9
2050-05-06 09:00:00,3777.07,3430.06,347.01
2050-05-06 10:00:00,3965.95,4051.19,-85.23
2050-05-06 11:00:00,4152.5,3773.92,378.58
2050-05-06 12:00:00,4415.99,3876.78,539.22
2050-05-06 13:00:00,4646.09,3633.76,1012.33
2050-05-06 14:00:00,4903.68,3417.67,1486.01
2050-05-06 15:00:00,5120.6,3567.36,1553.24
2050-05-06 16:00:00,5460.98,3484.07,1976.9
2050-05-06 17:00:00,5785.0,2807.33,2977.67
2050-05-06 18:00:00,6147.89,3292.75,2855.14
2050-05-06 19:00:00,6131.22,3888.4,2242.81
2050-05-06 20:00:00,5935.02,3418.8,2516.21
2050-05-06 21:00:00,5544.57,2625.81,2918.77
2050-05-06 22:00:00,4974.59,2095.98,2878.61
2050-05-06 23:00:00,4351.94,1760.93,2591.02
2050-05-07 00:00:00,3739.68,1677.78,2061.9
2050-05-07 01:00:00,3386.28,1946.03,1440.25
2050-05-07 02:00:00,3058.3,1985.23,1073.07
2050-05-07 03:00:00,2890.13,1911.72,978.41
2050-05-07 04:00:00,2782.24,2067.56,714.69
2050-05-07 05:00:00,2745.45,2481.44,264.02
2050-05-07 06:00:00,2863.69,2727.98,135.71
2050-05-07 07:00:00,2981.96,2033.26,948.71
2050-05-07 08:00:00,3111.93,1996.01,1115.92
2050-05-07 09:00:00,3338.38,1842.13,1496.25
2050-05-07 10:00:00,3440.94,1718.07,1722.87
2050-05-07 11:00:00,3550.34,1416.36,2133.98
2050-05-07 12:00:00,3753.87,1232.69,2521.18
2050-05-07 13:00:00,4006.54,1002.82,3003.73
2050-05-07 14:00:00,4204.46,1035.8,3168.66
2050-05-07 15:00:00,4460.46,1999.93,2460.52
2050-05-07 16:00:00,4780.96,2877.81,1903.15
2050-05-07 17:00:00,5060.55,4484.59,575.96
2050-05-07 18:00:00,5358.48,4694.34,664.14
2050-05-07 19:00:00,5251.42,4680.17,571.25
2050-05-07 20:00:00,5090.42,4676.48,413.93
2050-05-07 21:00:00,4779.1,4557.3,221.8
2050-05-07 22:00:00,4350.32,3675.4,674.92
2050-05-07 23:00:00,3937.65,4095.91,-158.25
2050-05-08 00:00:00,3531.34,3916.13,-384.79
2050-05-08 01:00:00,3333.29,2911.31,421.98
2050-05-08 02:00:00,3053.23,1849.97,1203.26
2050-05-08 03:00:00,2898.77,1597.21,1301.56
2050-05-08 04:00:00,2792.16,1447.21,1344.94
2050-05-08 05:00:00,2749.57,1686.35,1063.21
2050-05-08 06:00:00,2814.99,1535.5,1279.49
2050-05-08 07:00:00,2950.19,2247.11,703.08
2050-05-08 08:00:00,3135.8,1751.5,1384.3
2050-05-08 09:00:00,3472.68,1413.78,2058.89
2050-05-08 10:00:00,3694.54,1573.21,2121.33
2050-05-08 11:00:00,3880.23,1730.07,2150.17
2050-05-08 12:00:00,4046.27,1689.78,2356.49
2050-05-08 13:00:00,4119.0,2062.66,2056.34
2050-05-08 14:00:00,4259.05,2835.06,1423.99
2050-05-08 15:00:00,4549.6,2509.2,2040.39
2050-05-08 16:00:00,4920.05,2560.29,2359.76
2050-05-08 17:00:00,5268.25,3409.79,1858.46
2050-05-08 18:00:00,5590.79,3168.93,2421.85
2050-05-08 19:00:00,5551.9,2429.24,3122.66
2050-05-08 20:00:00,5336.9,2112.64,3224.26
2050-05-08 21:00:00,4879.19,2231.24,2647.96
2050-05-08 22:00:00,4299.8,2207.72,2092.09
2050-05-08 23:00:00,3895.86,2801.56,1094.3
2050-05-09 00:00:00,3502.1,3427.8,74.3
2050-05-09 01:00:00,3329.34,3404.17,-74.83
2050-05-09 02:00:00,3205.97,3778.39,-572.42
2050-05-09 03:00:00,3213.98,3566.23,-352.25
2050-05-09 04:00:00,3268.52,3853.52,-585.0
2050-05-09 05:00:00,3382.9,4134.36,-751.46
2050-05-09 06:00:00,3575.31,4321.97,-746.66
2050-05-09 07:00:00,3659.03,4358.19,-699.16
2050-05-09 08:00:00,3689.17,4226.71,-537.54
2050-05-09 09:00:00,3719.9,3973.37,-253.47
2050-05-09 10:00:00,3653.38,3819.54,-166.16
2050-05-09 11:00:00,3580.94,2928.64,652.3
2050-05-09 12:00:00,3539.06,3625.88,-86.82
2050-05-09 13:00:00,3520.36,3793.6,-273.24
2050-05-09 14:00:00,3532.75,3944.75,-412.0
2050-05-09 15:00:00,3594.65,3471.7,122.95
2050-05-09 16:00:00,3788.72,2673.56,1115.16
2050-05-09 17:00:00,4040.14,3100.77,939.37
2050-05-09 18:00:00,4386.0,2488.1,1897.9
2050-05-09 19:00:00,4498.98,2555.84,1943.14
2050-05-09 20:00:00,4652.55,2590.27,2062.28
2050-05-09 21:00:00,4645.01,3398.54,1246.47
2050-05-09 22:00:00,4512.6,3194.35,1318.25
2050-05-09 23:00:00,4307.39,2734.64,1572.75
2050-05-10 00:00:00,4051.9,3106.55,945.36
2050-05-10 01:00:00,3980.59,3352.4,628.19
2050-05-10 02:00:00,3808.05,2568.06,1239.99
2050-05-10 03:00:00,3742.06,1904.86,1837.2
2050-05-10 04:00:00,3729.88,2702.44,1027.45
2050-05-10 05:00:00,3784.4,2883.58,900.82
2050-05-10 06:00:00,3929.88,2505.87,1424.01
2050-05-10 07:00:00,3954.97,1831.35,2123.62
2050-05-10 08:00:00,3938.76,1706.07,2232.69
2050-05-10 09:00:00,3911.06,1464.36,2446.7
2050-05-10 10:00:00,3783.73,1604.07,2179.66
2050-05-10 11:00:00,3662.71,1610.92,2051.79
2050-05-10 12:00:00,3572.75,2099.9,1472.85
2050-05-10 13:00:00,3516.67,2648.02,868.65
2050-05-10 14:00:00,3535.36,3108.86,426.5
2050-05-10 15:00:00,3604.99,3309.63,295.35
2050-05-10 16:00:00,3803.94,4275.68,-471.74
2050-05-10 17:00:00,4092.61,4644.23,-551.62
2050-05-10 18:00:00,4466.57,4692.28,-225.71
2050-05-10 19:00:00,4519.11,4695.6,-176.49
2050-05-10 20:00:00,4628.04,4694.98,-66.94
2050-05-10 21:00:00,4508.63,4694.22,-185.59
2050-05-10 22:00:00,4264.37,4684.04,-419.67
2050-05-10 23:00:00,4051.32,4689.76,-638.43
2050-05-11 00:00:00,3815.38,4141.52,-326.14
2050-05-11 01:00:00,3778.56,4163.88,-385.32
2050-05-11 02:00:00,3641.24,2699.11,942.14
2050-05-11 03:00:00,3608.46,3376.03,232.43
2050-05-11 04:00:00,3611.36,3881.25,-269.88
2050-05-11 05:00:00,3662.89,3830.27,-167.38
2050-05-11 06:00:00,3800.84,4323.98,-523.14
2050-05-11 07:00:00,3797.78,3159.69,638.09
2050-05-11 08:00:00,3745.56,2092.06,1653.5
2050-05-11 09:00:00,3716.84,1617.78,2099.05
2050-05-11 10:00:00,3617.97,1901.92,1716.05
2050-05-11 11:00:00,3525.69,1356.77,2168.93
2050-05-11 12:00:00,3483.23,716.1,2767.13
2050-05-11 13:00:00,3502.35,617.88,2884.48
2050-05-11 14:00:00,3543.6,1363.37,2180.23
2050-05-11 15:00:00,3608.22,2311.53,1296.69
2050-05-11 16:00:00,3801.69,2611.37,1190.31
2050-05-11 17:00:00,4053.43,3278.12,775.32
2050-05-11 18:00:00,4388.4,1490.93,2897.47
2050-05-11 19:00:00,4504.24,1786.64,2717.61
2050-05-11 20:00:00,4620.68,2735.76,1884.92
2050-05-11 21:00:00,4508.15,2810.8,1697.35
2050-05-11 22:00:00,4223.78,3208.21,1015.57
2050-05-11 23:00:00,3900.61,3018.75,881.86
2050-05-12 00:00:00,3565.25,2602.49,962.76
2050-05-12 01:00:00,3440.68,2389.26,1051.42
2050-05-12 02:00:00,3234.13,2471.44,762.69
2050-05-12 03:00:00,3159.86,2542.52,617.34
2050-05-12 04:00:00,3136.02,2937.88,198.14
2050-05-12 05:00:00,3152.35,3347.9,-195.55
2050-05-12 06:00:00,3269.98,2143.02,1126.96
2050-05-12 07:00:00,3409.08,3034.92,374.16
2050-05-12 08:00:00,3507.91,4053.87,-545.96
2050-05-12 09:00:00,3639.62,4056.55,-416.93
2050-05-12 10:00:00,3673.0,4305.87,-632.86
2050-05-12 11:00:00,3690.49,3824.9,-134.41
2050-05-12 12:00:00,3685.7,3394.04,291.66
2050-05-12 13:00:00,3621.79,2422.58,1199.21
2050-05-12 14:00:00,3591.04,1911.72,1679.32
2050-05-12 15:00:00,3630.4,2609.15,1021.24
2050-05-12 16:00:00,3849.97,3588.74,261.22
2050-05-12 17:00:00,4138.13,4337.39,-199.26
2050-05-12 18:00:00,4490.48,4460.82,29.66
2050-05-12 19:00:00,4546.23,4305.19,241.04
2050-05-12 20:00:00,4662.04,4156.72,505.32
2050-05-12 21:00:00,4566.05,3650.64,915.41
2050-05-12 22:00:00,4306.2,4027.04,279.17
2050-05-12 23:00:00,4011.12,4299.83,-288.7
2050-05-13 00:00:00,3690.52,3881.25,-190.72
2050-05-13 01:00:00,3575.42,4224.7,-649.28
2050-05-13 02:00:00,3359.08,4072.65,-713.56
2050-05-13 03:00:00,3252.65,3780.18,-527.53
2050-05-13 04:00:00,3184.94,3480.7,-295.75
2050-05-13 05:00:00,3175.64,3053.41,122.23
2050-05-13 06:00:00,3303.51,2034.23,1269.28
2050-05-13 07:00:00,3326.64,2126.36,1200.28
2050-05-13 08:00:00,3322.58,2211.64,1110.94
2050-05-13 09:00:00,3382.15,2857.01,525.14
2050-05-13 10:00:00,3389.39,2397.04,992.35
2050-05-13 11:00:00,3445.88,2540.3,905.58
2050-05-13 12:00:00,3510.42,2600.27,910.15
2050-05-13 13:00:00,3628.95,2019.53,1609.42
2050-05-13 14:00:00,3871.01,1913.68,1957.33
2050-05-13 15:00:00,4111.94,3665.27,446.66
2050-05-13 16:00:00,4417.89,4344.77,73.11
2050-05-13 17:00:00,4689.58,3932.23,757.35
2050-05-13 18:00:00,5020.4,3842.79,1177.61
2050-05-13 19:00:00,4979.46,3046.48,1932.99
2050-05-13 20:00:00,4853.42,3506.58,1346.84
2050-05-13 21:00:00,4598.99,3889.3,709.69
2050-05-13 22:00:00,4252.55,2639.13,1613.42
2050-05-13 23:00:00,3900.57,2318.19,1582.38
2050-05-14 00:00:00,3508.99,2152.83,1356.16
2050-05-14 01:00:00,3317.31,2395.93,921.38
2050-05-14 02:00:00,3041.44,2555.84,485.6
2050-05-14 03:00:00,2887.07,2148.91,738.16
2050-05-14 04:00:00,2784.34,1929.36,854.97
2050-05-14 05:00:00,2742.99,1364.1,1378.89
2050-05-14 06:00:00,2816.42,1134.32,1682.1
2050-05-14 07:00:00,2952.2,642.56,2309.64
2050-05-14 08:00:00,3109.4,421.12,2688.28
2050-05-14 09:00:00,3333.28,368.39,2964.89
2050-05-14 10:00:00,3404.72,203.93,3200.8
2050-05-14 11:00:00,3481.72,74.33,3407.39
2050-05-14 12:00:00,3651.61,192.85,3458.76
2050-05-14 13:00:00,3890.18,476.28,3413.9
2050-05-14 14:00:00,4176.74,558.82,3617.92
2050-05-14 15:00:00,4472.51,690.39,3782.12
2050-05-14 16:00:00,4860.59,1142.39,3718.19
2050-05-14 17:00:00,5197.48,1771.21,3426.27
2050-05-14 18:00:00,5422.84,2674.67,2748.16
2050-05-14 19:00:00,5393.49,2684.67,2708.83
2050-05-14 20:00:00,5357.02,2459.23,2897.79
2050-05-14 21:00:00,5123.17,2932.11,2191.07
2050-05-14 22:00:00,4699.4,3213.99,1485.42
2050-05-14 23:00:00,4249.94,2689.11,1560.83
2050-05-15 00:00:00,3777.76,2746.1,1031.66
2050-05-15 01:00:00,3489.79,2843.15,646.64
2050-05-15 02:00:00,3156.53,3192.04,-35.51
2050-05-15 03:00:00,2959.33,4035.08,-1075.75
2050-05-15 04:00:00,2808.14,3856.21,-1048.07
2050-05-15 05:00:00,2745.71,3822.22,-1076.51
2050-05-15 06:00:00,2806.23,3111.17,-304.94
2050-05-15 07:00:00,2939.21,2671.34,267.87
2050-05-15 08:00:00,3134.85,1810.77,1324.08
2050-05-15 09:00:00,3479.7,1540.64,1939.06
2050-05-15 10:00:00,3696.16,1629.78,2066.38
2050-05-15 11:00:00,3945.8,2630.25,1315.55
2050-05-15 12:00:00,4168.27,2391.48,1776.79
2050-05-15 13:00:00,4325.82,3561.73,764.09
2050-05-15 14:00:00,4516.36,4072.65,443.71
2050-05-15 15:00:00,4736.58,4694.05,42.53
2050-05-15 16:00:00,5054.43,4695.6,358.83
2050-05-15 17:00:00,5376.57,4695.6,680.97
2050-05-15 18:00:00,5745.19,4695.6,1049.59
2050-05-15 19:00:00,5722.3,4694.92,1027.38
2050-05-15 20:00:00,5552.93,4695.6,857.33
2050-05-15 21:00:00,5205.64,4695.6,510.04
2050-05-15 22:00:00,4702.19,4695.6,6.59
2050-05-15 23:00:00,4169.48,4686.17,-516.69
2050-05-16 00:00:00,3621.54,4622.7,-1001.16
2050-05-16 01:00:00,3352.77,4614.98,-1262.21
2050-05-16 02:00:00,3053.99,4694.22,-1640.23
2050-05-16 03:00:00,2891.59,4601.58,-1709.98
2050-05-16 04:00:00,2783.84,4064.6,-1280.77
2050-05-16 05:00:00,2734.54,4199.88,-1465.35
2050-05-16 06:00:00,2806.32,4059.23,-1252.91
2050-05-16 07:00:00,2933.08,3278.12,-345.03
2050-05-16 08:00:00,3104.82,2914.77,190.05
2050-05-16 09:00:00,3384.41,2730.2,654.21
2050-05-16 10:00:00,3541.07,2583.61,957.46
2050-05-16 11:00:00,3805.14,3179.33,625.81
2050-05-16 12:00:00,4058.48,3079.98,978.5
2050-05-16 13:00:00,4216.96,3315.26,901.7
2050-05-16 14:00:00,4423.33,3301.75,1121.58
2050-05-16 15:00:00,4650.59,3840.11,810.48
2050-05-16 16:00:00,4984.49,4659.91,324.57
2050-05-16 17:00:00,5321.54,4671.64,649.9
2050-05-16 18:00:00,5703.98,4677.45,1026.53
2050-05-16 19:00:00,5703.66,4694.83,1008.84
2050-05-16 20:00:00,5549.98,3454.82,2095.16
2050-05-16 21:00:00,5224.86,4000.21,1224.66
2050-05-16 22:00:00,4742.77,4633.67,109.11
2050-05-16 23:00:00,4233.48,4496.77,-263.29
2050-05-17 00:00:00,3674.22,4044.03,-369.81
2050-05-17 01:00:00,3363.54,3648.39,-284.85
2050-05-17 02:00:00,3056.23,3612.38,-556.14
2050-05-17 03:00:00,2891.46,3137.74,-246.28
2050-05-17 04:00:00,2783.52,3900.03,-1116.51
2050-05-17 05:00:00,2737.38,3494.2,-756.82
2050-05-17 06:00:00,2825.17,2471.44,353.73
2050-05-17 07:00:00,2947.44,2059.72,887.73
2050-05-17 08:00:00,3101.92,2078.34,1023.58
2050-05-17 09:00:00,3355.99,2580.28,775.71
2050-05-17 10:00:00,3474.69,2141.07,1333.63
2050-05-17 11:00:00,3612.4,1996.99,1615.41
2050-05-17 12:00:00,3918.99,2427.02,1491.97
2050-05-17 13:00:00,4067.22,2524.75,1542.47
2050-05-17 14:00:00,4267.42,2662.46,1604.96
2050-05-17 15:00:00,4452.48,2318.19,2134.29
2050-05-17 16:00:00,4658.8,2472.55,2186.24
2050-05-17 17:00:00,4900.02,3692.29,1207.74
2050-05-17 18:00:00,5199.72,2862.79,2336.93
2050-05-17 19:00:00,5119.18,3204.75,1914.44
2050-05-17 20:00:00,5038.86,3197.82,1841.05
2050-05-17 21:00:00,4789.91,3807.01,982.9
2050-05-17 22:00:00,4372.82,3118.1,1254.72
2050-05-17 23:00:00,3946.49,2770.37,1176.13
2050-05-18 00:00:00,3531.64,3536.97,-5.33
2050-05-18 01:00:00,3332.21,2731.31,600.89
2050-05-18 02:00:00,3051.29,2999.11,52.19
2050-05-18 03:00:00,2892.74,2161.65,731.09
2050-05-18 04:00:00,2785.16,2228.3,556.87
2050-05-18 05:00:00,2735.16,2149.89,585.27
2050-05-18 06:00:00,2803.03,1653.78,1149.25
2050-05-18 07:00:00,2933.35,2889.36,43.99
2050-05-18 08:00:00,3102.17,2773.83,328.34
2050-05-18 09:00:00,3343.22,3570.74,-227.52
2050-05-18 10:00:00,3412.42,2978.32,434.11
2050-05-18 11:00:00,3461.2,2475.89,985.31
2050-05-18 12:00:00,3508.45,2281.54,1226.91
2050-05-18 13:00:00,3524.65,2993.33,531.32
2050-05-18 14:00:00,3547.9,3663.02,-115.12
2050-05-18 15:00:00,3606.3,4130.79,-524.49
2050-05-18 16:00:00,3797.27,4480.53,-683.26
2050-05-18 17:00:00,4039.81,4664.56,-624.75
2050-05-18 18:00:00,4379.95,4670.67,-290.72
2050-05-18 19:00:00,4494.21,4551.61,-57.4
2050-05-18 20:00:00,4602.56,4588.17,14.39
2050-05-18 21:00:00,4507.91,4678.42,-170.5
2050-05-18 22:00:00,4225.4,4552.83,-327.43
2050-05-18 23:00:00,3895.27,4483.37,-588.09
2050-05-19 00:00:00,3533.89,4344.1,-810.21
2050-05-19 01:00:00,3379.68,4309.22,-929.54
2050-05-19 02:00:00,3141.96,4000.21,-858.24
2050-05-19 03:00:00,3019.83,3968.01,-948.18
2050-05-19 04:00:00,2948.28,3658.52,-710.25
2050-05-19 05:00:00,2932.92,3322.01,-389.09
2050-05-19 06:00:00,3029.13,4377.64,-1348.51
2050-05-19 07:00:00,3158.21,3692.29,-534.07
2050-05-19 08:00:00,3279.83,2153.81,1126.02
2050-05-19 09:00:00,3425.62,2183.21,1242.41
2050-05-19 10:00:00,3441.57,1978.37,1463.2
2050-05-19 11:00:00,3460.53,1945.04,1515.49
2050-05-19 12:00:00,3493.61,2717.99,775.63
2050-05-19 13:00:00,3515.17,3110.01,405.16
2050-05-19 14:00:00,3554.14,3130.81,423.33
2050-05-19 15:00:00,3655.79,2502.54,1153.25
2050-05-19 16:00:00,3919.84,2202.81,1717.02
2050-05-19 17:00:00,4236.84,3282.62,954.22
2050-05-19 18:00:00,4626.42,3613.5,1012.91
2050-05-19 19:00:00,4694.95,4481.34,213.61
2050-05-19 20:00:00,4688.78,4694.05,-5.27
2050-05-19 21:00:00,4538.82,4695.37,-156.55
2050-05-19 22:00:00,4240.52,4695.6,-455.08
2050-05-19 23:00:00,3897.1,4694.29,-797.19
2050-05-20 00:00:00,3520.31,4641.38,-1121.07
2050-05-20 01:00:00,3353.94,4568.27,-1214.33
2050-05-20 02:00:00,3112.07,4476.06,-1363.98
2050-05-20 03:00:00,3004.39,4321.97,-1317.58
2050-05-20 04:00:00,2955.46,4123.63,-1168.16
2050-05-20 05:00:00,2957.93,4010.04,-1052.11
2050-05-20 06:00:00,3053.4,3260.11,-206.71
2050-05-20 07:00:00,3076.63,3071.89,4.74
2050-05-20 08:00:00,3110.6,3811.48,-700.88
2050-05-20 09:00:00,3337.18,3574.11,-236.93
2050-05-20 10:00:00,3447.39,3165.47,281.92
2050-05-20 11:00:00,3700.43,2890.51,809.92
2050-05-20 12:00:00,4046.28,2658.01,1388.27
2050-05-20 13:00:00,4306.72,2982.94,1323.79
2050-05-20 14:00:00,4564.62,3802.54,762.08
2050-05-20 15:00:00,4797.1,4149.57,647.53
2050-05-20 16:00:00,5097.62,4287.08,810.53
2050-05-20 17:00:00,5385.32,4488.24,897.08
2050-05-20 18:00:00,5719.52,4561.36,1158.16
2050-05-20 19:00:00,5678.67,2836.22,2842.46
2050-05-20 20:00:00,5508.53,2948.28,2560.25
2050-05-20 21:00:00,5190.75,2623.59,2567.17
2050-05-20 22:00:00,4725.73,1696.64,3029.1
2050-05-20 23:00:00,4222.31,2314.86,1907.46
2050-05-21 00:00:00,3709.48,1631.5,2077.99
2050-05-21 01:00:00,3431.29,1606.64,1824.65
2050-05-21 02:00:00,3099.98,1400.08,1699.91
2050-05-21 03:00:00,2918.02,1255.45,1662.57
2050-05-21 04:00:00,2798.44,1025.84,1772.59
2050-05-21 05:00:00,2739.68,526.81,2212.87
2050-05-21 06:00:00,2806.73,799.93,2006.8
2050-05-21 07:00:00,2949.65,588.04,2361.61
2050-05-21 08:00:00,3221.87,930.62,2291.25
2050-05-21 09:00:00,3752.18,770.61,2981.57
2050-05-21 10:00:00,4082.2,905.11,3177.1
2050-05-21 11:00:00,4349.1,724.85,3624.26
2050-05-21 12:00:00,4555.78,653.36,3902.42
2050-05-21 13:00:00,4642.76,1159.28,3483.48
2050-05-21 14:00:00,4757.85,674.44,4083.41
2050-05-21 15:00:00,4853.11,849.72,4003.39
2050-05-21 16:00:00,5088.33,1019.0,4069.33
2050-05-21 17:00:00,5295.36,1288.49,4006.88
2050-05-21 18:00:00,5583.79,1528.64,4055.14
2050-05-21 19:00:00,5484.73,2735.76,2748.98
2050-05-21 20:00:00,5362.4,3849.05,1513.35
2050-05-21 21:00:00,5078.01,3809.7,1268.32
2050-05-21 22:00:00,4643.66,3203.59,1440.07
2050-05-21 23:00:00,4176.4,3052.25,1124.15
2050-05-22 00:00:00,3683.89,2661.35,1022.55
2050-05-22 01:00:00,3418.96,3234.78,184.17
2050-05-22 02:00:00,3100.06,3196.66,-96.6
2050-05-22 03:00:00,2921.62,2221.44,700.18
2050-05-22 04:00:00,2803.76,2239.34,564.41
2050-05-22 05:00:00,2744.29,3239.41,-495.12
2050-05-22 06:00:00,2811.65,2832.75,-21.1
2050-05-22 07:00:00,2956.71,3031.46,-74.74
2050-05-22 08:00:00,3172.66,2239.34,933.32
2050-05-22 09:00:00,3526.82,1512.35,2014.46
2050-05-22 10:00:00,3678.31,1276.74,2401.57
2050-05-22 11:00:00,3845.15,923.78,2921.37
2050-05-22 12:00:00,4011.79,1124.04,2887.76
2050-05-22 13:00:00,4123.15,1302.44,2820.71
2050-05-22 14:00:00,4238.44,1424.07,2814.37
2050-05-22 15:00:00,4356.05,2238.23,2117.82
2050-05-22 16:00:00,4578.02,1677.78,2900.23
2050-05-22 17:00:00,4825.34,3115.79,1709.55
2050-05-22 18:00:00,5124.71,3381.66,1743.05
2050-05-22 19:00:00,5084.5,2734.64,2349.86
2050-05-22 20:00:00,5018.12,2839.68,2178.44
2050-05-22 21:00:00,4803.92,2332.62,2471.3
2050-05-22 22:00:00,4411.83,2796.94,1614.9
2050-05-22 23:00:00,3988.63,2679.12,1309.52
2050-05-23 00:00:00,3557.32,2454.78,1102.54
2050-05-23 01:00:00,3350.61,1898.0,1452.61
2050-05-23 02:00:00,3062.27,2175.37,886.9
2050-05-23 03:00:00,2903.63,2270.44,633.2
2050-05-23 04:00:00,2797.62,2534.75,262.88
2050-05-23 05:00:00,2746.46,1772.07,974.39
2050-05-23 06:00:00,2816.61,2017.57,799.04
2050-05-23 07:00:00,2967.68,1566.35,1401.33
2050-05-23 08:00:00,3205.66,1650.35,1555.31
2050-05-23 09:00:00,3580.65,1490.07,2090.58
2050-05-23 10:00:00,3698.78,1171.76,2527.02
2050-05-23 11:00:00,3883.1,812.38,3070.72
2050-05-23 12:00:00,4057.59,527.65,3529.94
2050-05-23 13:00:00,4159.12,297.74,3861.38
2050-05-23 14:00:00,4291.9,182.28,4109.62
2050-05-23 15:00:00,4357.24,370.38,3986.86
2050-05-23 16:00:00,4488.46,763.93,3724.53
2050-05-23 17:00:00,4659.31,1307.57,3351.74
2050-05-23 18:00:00,4907.81,1753.21,3154.6
2050-05-23 19:00:00,4858.66,2533.63,2325.03
2050-05-23 20:00:00,4824.05,2815.42,2008.63
2050-05-23 21:00:00,4669.73,2241.56,2428.17
2050-05-23 22:00:00,4339.16,3669.78,669.39
2050-05-23 23:00:00,3964.8,3990.37,-25.56
2050-05-24 00:00:00,3559.41,3765.87,-206.46
2050-05-24 01:00:00,3358.03,3188.58,169.45
2050-05-24 02:00:00,3076.38,3078.83,-2.44
2050-05-24 03:00:00,2918.23,2993.33,-75.1
2050-05-24 04:00:00,2809.52,2485.88,323.64
2050-05-24 05:00:00,2754.66,2278.21,476.46
2050-05-24 06:00:00,2825.86,2488.1,337.76
2050-05-24 07:00:00,2971.36,2571.39,399.97
2050-05-24 08:00:00,3327.55,2515.86,811.69
2050-05-24 09:00:00,3792.22,1645.21,2147.01
2050-05-24 10:00:00,4038.54,2062.66,1975.88
2050-05-24 11:00:00,4269.74,1990.13,2279.61
2050-05-24 12:00:00,4464.06,1983.27,2480.8
2050-05-24 13:00:00,4574.26,2354.83,2219.43
2050-05-24 14:00:00,4710.86,1868.6,2842.26
2050-05-24 15:00:00,4862.96,1922.5,2940.46
2050-05-24 16:00:00,5119.78,2343.73,2776.05
2050-05-24 17:00:00,5391.26,3146.98,2244.28
2050-05-24 18:00:00,5734.61,3556.1,2178.5
2050-05-24 19:00:00,5709.3,3133.12,2576.18
2050-05-24 20:00:00,5552.44,3824.01,1728.43
2050-05-24 21:00:00,5240.51,4427.28,813.23
2050-05-24 22:00:00,4769.84,4310.56,459.28
2050-05-24 23:00:00,4271.81,3992.15,279.66
2050-05-25 00:00:00,3758.77,3710.29,48.48
2050-05-25 01:00:00,3477.22,3579.74,-102.52
2050-05-25 02:00:00,3149.4,3681.03,-531.63
2050-05-25 03:00:00,2954.25,3764.98,-810.73
2050-05-25 04:00:00,2827.94,3404.17,-576.23
2050-05-25 05:00:00,2761.85,3383.91,-622.07
2050-05-25 06:00:00,2830.02,2531.41,298.61
2050-05-25 07:00:00,3016.34,1588.64,1427.7
2050-05-25 08:00:00,3333.52,2048.93,1284.59
2050-05-25 09:00:00,3835.57,2303.75,1531.82
2050-05-25 10:00:00,4139.23,2743.79,1395.44
2050-05-25 11:00:00,4461.66,2344.84,2116.82
2050-05-25 12:00:00,4750.11,2042.07,2708.04
2050-05-25 13:00:00,4926.81,2768.06,2158.76
2050-05-25 14:00:00,5083.74,3183.95,1899.79
2050-05-25 15:00:00,5235.56,3866.94,1368.62
2050-05-25 16:00:00,5471.52,3995.73,1475.79
2050-05-25 17:00:00,5702.63,3941.17,1761.46
2050-05-25 18:00:00,5997.04,4216.65,1780.39
2050-05-25 19:00:00,5926.95,3982.31,1944.64
2050-05-25 20:00:00,5734.15,3712.54,2021.61
2050-05-25 21:00:00,5403.6,3978.74,1424.87
2050-05-25 22:00:00,4920.96,4030.61,890.35
2050-05-25 23:00:00,4416.1,4041.35,374.76
2050-05-26 00:00:00,3891.73,3637.14,254.6
2050-05-26 01:00:00,3584.77,4299.83,-715.06
2050-05-26 02:00:00,3211.52,4035.08,-823.56
2050-05-26 03:00:00,2985.93,3410.92,-424.99
2050-05-26 04:00:00,2840.6,3390.66,-550.07
2050-05-26 05:00:00,2768.41,3249.8,-481.39
2050-05-26 06:00:00,2838.07,2952.9,-114.83
2050-05-26 07:00:00,3064.22,1865.66,1198.57
2050-05-26 08:00:00,3476.17,1709.49,1766.68
2050-05-26 09:00:00,4056.67,1466.93,2589.74
2050-05-26 10:00:00,4437.45,1803.91,2633.54
2050-05-26 11:00:00,4815.27,2133.23,2682.05
2050-05-26 12:00:00,5171.19,1915.64,3255.55
2050-05-26 13:00:00,5428.35,2482.55,2945.8
2050-05-26 14:00:00,5682.88,4103.95,1578.93
2050-05-26 15:00:00,5894.34,4210.61,1683.73
2050-05-26 16:00:00,6159.14,4236.1,1923.03
2050-05-26 17:00:00,6399.99,3945.65,2454.35
2050-05-26 18:00:00,6665.54,4694.21,1971.33
2050-05-26 19:00:00,6509.27,4399.78,2109.5
2050-05-26 20:00:00,6302.92,4059.23,2243.69
2050-05-26 21:00:00,5981.0,4231.41,1749.6
2050-05-26 22:00:00,5483.53,3603.38,1880.16
2050-05-26 23:00:00,4950.47,4561.77,388.71
2050-05-27 00:00:00,4409.25,4095.01,314.24
2050-05-27 01:00:00,4093.42,3407.55,685.87
2050-05-27 02:00:00,3715.11,3872.31,-157.19
2050-05-27 03:00:00,3476.98,4600.76,-1123.78
2050-05-27 04:00:00,3297.46,3778.39,-480.94
2050-05-27 05:00:00,3139.81,2762.28,377.53
2050-05-27 06:00:00,3146.25,2798.09,348.16
2050-05-27 07:00:00,3360.3,1838.21,1522.09
2050-05-27 08:00:00,3687.49,1772.92,1914.57
2050-05-27 09:00:00,4124.26,1863.69,2260.57
2050-05-27 10:00:00,4352.92,2173.41,2179.51
2050-05-27 11:00:00,4585.26,2057.76,2527.5
2050-05-27 12:00:00,4798.79,2192.03,2606.76
2050-05-27 13:00:00,4924.87,2581.39,2343.48
2050-05-27 14:00:00,5023.15,2893.98,2129.17
2050-05-27 15:00:00,5109.21,3540.35,1568.86
2050-05-27 16:00:00,5318.11,3656.27,1661.84
2050-05-27 17:00:00,5508.7,4240.13,1268.58
2050-05-27 18:00:00,5758.2,4069.07,1689.13
2050-05-27 19:00:00,5607.73,4602.39,1005.35
2050-05-27 20:00:00,5392.84,4553.24,839.6
2050-05-27 21:00:00,5102.71,4568.67,534.04
2050-05-27 22:00:00,4647.03,4496.77,150.26
2050-05-27 23:00:00,4170.08,4149.57,20.52
2050-05-28 00:00:00,3676.33,4327.33,-650.99
2050-05-28 01:00:00,3412.72,4652.26,-1239.54
2050-05-28 02:00:00,3087.71,4346.11,-1258.4
2050-05-28 03:00:00,2911.22,3329.89,-418.67
2050-05-28 04:00:00,2794.86,2735.76,59.1
2050-05-28 05:00:00,2736.54,1715.5,1021.04
2050-05-28 06:00:00,2807.67,1536.35,1271.32
2050-05-28 07:00:00,2938.5,2365.94,572.56
2050-05-28 08:00:00,3120.74,1872.52,1248.22
2050-05-28 09:00:00,3431.18,2377.05,1054.13
2050-05-28 10:00:00,3657.38,2137.15,1520.24
2050-05-28 11:00:00,3947.42,2515.86,1431.56
2050-05-28 12:00:00,4196.87,2978.32,1218.56
2050-05-28 13:00:00,4336.18,2977.16,1359.02
2050-05-28 14:00:00,4456.55,3233.63,1222.92
2050-05-28 15:00:00,4588.93,4586.95,1.97
2050-05-28 16:00:00,4833.52,4627.98,205.54
2050-05-28 17:00:00,5065.07,4675.7,389.37
2050-05-28 18:00:00,5339.64,4687.53,652.11
2050-05-28 19:00:00,5271.98,4694.58,577.41
2050-05-28 20:00:00,5144.38,4694.37,450.01
2050-05-28 21:00:00,4870.06,4695.6,174.46
2050-05-28 22:00:00,4437.55,4695.6,-258.05
2050-05-28 23:00:00,3996.41,4695.6,-699.19
2050-05-29 00:00:00,3565.02,4691.02,-1125.99
2050-05-29 01:00:00,3346.31,4393.74,-1047.43
2050-05-29 02:00:00,3057.78,4694.14,-1636.36
2050-05-29 03:00:00,2895.2,4013.62,-1118.42
2050-05-29 04:00:00,2786.24,4001.1,-1214.86
2050-05-29 05:00:00,2730.44,3208.21,-477.77
2050-05-29 06:00:00,2803.95,2438.13,365.82
2050-05-29 07:00:00,2936.2,3338.89,-402.69
2050-05-29 08:00:00,3139.56,3012.97,126.59
2050-05-29 09:00:00,3504.6,2841.99,662.61
2050-05-29 10:00:00,3812.33,3107.7,704.63
2050-05-29 11:00:00,4132.96,3545.98,586.98
2050-05-29 12:00:00,4408.72,2944.81,1463.91
2050-05-29 13:00:00,4591.89,2905.53,1686.36
2050-05-29 14:00:00,4771.4,2999.11,1772.29
2050-05-29 15:00:00,4955.49,3770.34,1185.14
2050-05-29 16:00:00,5219.38,4094.12,1125.26
2050-05-29 17:00:00,5484.15,4225.37,1258.78
2050-05-29 18:00:00,5812.3,4654.0,1158.3
2050-05-29 19:00:00,5783.71,3976.95,1806.77
2050-05-29 20:00:00,5623.13,4040.45,1582.68
2050-05-29 21:00:00,5343.21,3829.37,1513.84
2050-05-29 22:00:00,4891.93,3637.14,1254.8
2050-05-29 23:00:00,4404.04,4025.25,378.8
2050-05-30 00:00:00,3920.75,3487.45,433.3
2050-05-30 01:00:00,3636.39,3407.55,228.84
2050-05-30 02:00:00,3273.07,3460.44,-187.37
2050-05-30 03:00:00,3039.82,3155.07,-115.25
2050-05-30 04:00:00,2873.66,3442.43,-568.77
2050-05-30 05:00:00,2782.56,3695.66,-913.1
2050-05-30 06:00:00,2849.74,3018.75,-169.01
2050-05-30 07:00:00,3074.27,2747.26,327.01
2050-05-30 08:00:00,3409.42,2599.16,810.26
2050-05-30 09:00:00,3918.09,3054.56,863.53
2050-05-30 10:00:00,4194.91,3138.9,1056.02
2050-05-30 11:00:00,4458.35,3004.89,1453.46
2050-05-30 12:00:00,4699.73,3685.53,1014.2
2050-05-30 13:00:00,4866.03,4095.01,771.02
2050-05-30 14:00:00,5057.98,4458.81,599.17
2050-05-30 15:00:00,5306.47,4596.7,709.76
2050-05-30 16:00:00,5643.65,4495.96,1147.69
2050-05-30 17:00:00,5997.38,3733.93,2263.46
2050-05-30 18:00:00,6391.78,4274.34,2117.44
2050-05-30 19:00:00,6305.63,4342.09,1963.55
2050-05-30 20:00:00,6096.76,4291.11,1805.65
2050-05-30 21:00:00,5735.74,4549.18,1186.57
2050-05-30 22:00:00,5244.22,3731.67,1512.55
2050-05-30 23:00:00,4751.7,3899.14,852.57
2050-05-31 00:00:00,4216.06,3600.0,616.06
2050-05-31 01:00:00,3875.2,3170.09,705.11
2050-05-31 02:00:00,3456.18,3264.61,191.57
2050-05-31 03:00:00,3178.62,3527.97,-349.35
2050-05-31 04:00:00,2960.22,3106.55,-146.32
2050-05-31 05:00:00,2819.63,3504.34,-684.71
2050-05-31 06:00:00,2864.46,2963.29,-98.83
2050-05-31 07:00:00,3088.67,2787.7,300.97
2050-05-31 08:00:00,3482.86,1952.89,1529.97
2050-05-31 09:00:00,3985.31,1954.84,2030.46
2050-05-31 10:00:00,4255.26,2017.57,2237.69
2050-05-31 11:00:00,4489.42,1931.32,2558.1
2050-05-31 12:00:00,4666.37,1514.93,3151.45
2050-05-31 13:00:00,4742.55,1123.3,3619.25
2050-05-31 14:00:00,4838.94,926.27,3912.67
2050-05-31 15:00:00,4944.83,1544.07,3400.76
2050-05-31 16:00:00,5124.09,1458.35,3665.73
2050-05-31 17:00:00,5302.27,2203.8,3098.48
2050-05-31 18:00:00,5602.99,2981.78,2621.21
2050-05-31 19:00:00,5538.53,3583.11,1955.42
2050-05-31 20:00:00,5359.74,3589.87,1769.88
2050-05-31 21:00:00,5057.73,3747.43,1310.3
2050-05-31 22:00:00,4603.7,3967.11,636.59
2050-05-31 23:00:00,4136.19,2757.66,1378.53
2050-06-01 00:00:00,3757.43,2960.98,796.45
2050-06-01 01:00:00,3520.07,2644.69,875.39
2050-06-01 02:00:00,3224.39,1356.03,1868.37
2050-06-01 03:00:00,3064.41,1314.18,1750.23
2050-06-01 04:00:00,2946.16,1222.41,1723.74
2050-06-01 05:00:00,2878.67,525.55,2353.12
2050-06-01 06:00:00,2965.56,239.03,2726.52
2050-06-01 07:00:00,3287.64,725.87,2561.77
2050-06-01 08:00:00,3689.79,440.91,3248.88
2050-06-01 09:00:00,4243.87,386.58,3857.29
2050-06-01 10:00:00,4566.35,107.93,4458.42
2050-06-01 11:00:00,4839.36,177.61,4661.75
2050-06-01 12:00:00,5036.4,116.7,4919.7
2050-06-01 13:00:00,5028.81,456.06,4572.75
2050-06-01 14:00:00,4956.44,456.06,4500.37
2050-06-01 15:00:00,5100.39,750.04,4350.35
2050-06-01 16:00:00,5171.06,1395.67,3775.39
2050-06-01 17:00:00,5272.2,2290.42,2981.78
2050-06-01 18:00:00,5454.1,2223.39,3230.7
2050-06-01 19:00:00,5387.93,2193.01,3194.92
2050-06-01 20:00:00,5335.99,2141.07,3194.92
2050-06-01 21:00:00,5179.58,1511.5,3668.09
2050-06-01 22:00:00,4789.09,1209.93,3579.15
2050-06-01 23:00:00,4360.31,944.94,3415.37
2050-06-02 00:00:00,3888.82,1505.5,2383.32
2050-06-02 01:00:00,3627.36,1568.93,2058.44
2050-06-02 02:00:00,3274.96,1572.35,1702.61
2050-06-02 03:00:00,3059.52,1493.5,1566.03
2050-06-02 04:00:00,2906.54,942.45,1964.09
2050-06-02 05:00:00,2821.85,943.07,1878.78
2050-06-02 06:00:00,2891.22,901.37,1989.85
2050-06-02 07:00:00,3137.24,827.93,2309.31
2050-06-02 08:00:00,3574.62,435.43,3139.19
2050-06-02 09:00:00,4111.92,272.53,3839.39
2050-06-02 10:00:00,4447.95,101.35,4346.6
2050-06-02 11:00:00,4795.67,269.88,4525.79
2050-06-02 12:00:00,5114.16,682.16,4432.0
2050-06-02 13:00:00,5283.86,1016.51,4267.35
2050-06-02 14:00:00,5431.83,1119.63,4312.2
2050-06-02 15:00:00,5580.54,1528.64,4051.9
2050-06-02 16:00:00,5820.16,2504.76,3315.4
2050-06-02 17:00:00,6068.21,2633.58,3434.63
2050-06-02 18:00:00,6393.22,2141.07,4252.16
2050-06-02 19:00:00,6327.87,2009.73,4318.14
2050-06-02 20:00:00,6117.59,1697.5,4420.1
2050-06-02 21:00:00,5781.0,2668.01,3112.99
2050-06-02 22:00:00,5288.03,1322.99,3965.03
2050-06-02 23:00:00,4779.1,1757.5,3021.6
2050-06-03 00:00:00,4254.49,1357.5,2897.0
2050-06-03 01:00:00,3956.1,1785.78,2170.32
2050-06-03 02:00:00,3583.82,2485.88,1097.95
2050-06-03 03:00:00,3354.56,1694.07,1660.49
2050-06-03 04:00:00,3181.59,1596.35,1585.23
2050-06-03 05:00:00,3073.88,1766.93,1306.95
2050-06-03 06:00:00,3138.66,2390.38,748.28
2050-06-03 07:00:00,3324.96,2337.07,987.9
2050-06-03 08:00:00,3582.63,2866.26,716.37
2050-06-03 09:00:00,3960.79,2808.49,1152.3
2050-06-03 10:00:00,4144.85,2348.17,1796.68
2050-06-03 11:00:00,4443.06,2183.21,2259.85
2050-06-03 12:00:00,4705.66,2569.17,2136.49
2050-06-03 13:00:00,4778.81,2007.77,2771.04
2050-06-03 14:00:00,4792.38,2239.34,2553.04
2050-06-03 15:00:00,4701.21,2823.51,1877.7
2050-06-03 16:00:00,4781.53,3172.4,1609.13
2050-06-03 17:00:00,5032.18,3167.78,1864.41
2050-06-03 18:00:00,5355.94,3222.07,2133.87
2050-06-03 19:00:00,5352.81,3061.49,2291.32
2050-06-03 20:00:00,5309.5,3571.86,1737.64
2050-06-03 21:00:00,5149.32,3922.39,1226.94
2050-06-03 22:00:00,4788.68,3823.11,965.57
2050-06-03 23:00:00,4370.14,2751.88,1618.25
2050-06-04 00:00:00,3908.75,2833.91,1074.85
2050-06-04 01:00:00,3679.54,2863.95,815.6
2050-06-04 02:00:00,3358.87,2562.51,796.37
2050-06-04 03:00:00,3173.06,2260.44,912.63
2050-06-04 04:00:00,3035.07,1957.78,1077.28
2050-06-04 05:00:00,2927.96,1715.5,1212.46
2050-06-04 06:00:00,2986.88,1322.26,1664.63
2050-06-04 07:00:00,3157.12,1336.21,1820.91
2050-06-04 08:00:00,3455.35,934.98,2520.37
2050-06-04 09:00:00,3911.76,786.04,3125.72
2050-06-04 10:00:00,4168.21,1034.56,3133.65
2050-06-04 11:00:00,4495.34,631.76,3863.58
2050-06-04 12:00:00,4824.25,528.5,4295.75
2050-06-04 13:00:00,5052.44,447.22,4605.22
2050-06-04 14:00:00,5258.68,687.82,4570.86
2050-06-04 15:00:00,5436.47,1177.63,4258.84
2050-06-04 16:00:00,5695.32,1722.36,3972.97
2050-06-04 17:00:00,5953.85,2807.33,3146.52
2050-06-04 18:00:00,6292.32,2200.86,4091.46
2050-06-04 19:00:00,6171.21,2664.68,3506.53
2050-06-04 20:00:00,6025.08,3066.11,2958.97
2050-06-04 21:00:00,5763.84,3190.89,2572.95
2050-06-04 22:00:00,5307.67,2322.63,2985.03
2050-06-04 23:00:00,4832.21,2813.11,2019.1
2050-06-05 00:00:00,4330.82,2500.32,1830.51
2050-06-05 01:00:00,4049.21,2229.28,1819.94
2050-06-05 02:00:00,3687.16,2575.83,1111.33
2050-06-05 03:00:00,3461.27,2034.23,1427.04
2050-06-05 04:00:00,3296.42,2594.71,701.7
2050-06-05 05:00:00,3184.4,1895.06,1289.34
2050-06-05 06:00:00,3254.1,2566.95,687.15
2050-06-05 07:00:00,3558.02,2355.95,1202.07
2050-06-05 08:00:00,3930.96,1994.05,1936.91
2050-06-05 09:00:00,4453.03,2193.01,2260.02
2050-06-05 10:00:00,4720.29,2185.17,2535.12
2050-06-05 11:00:00,4999.64,2013.65,2985.98
2050-06-05 12:00:00,5189.26,1905.84,3283.42
2050-06-05 13:00:00,5326.12,1461.79,3864.34
2050-06-05 14:00:00,5381.64,1430.07,3951.57
2050-06-05 15:00:00,5229.09,1755.78,3473.31
2050-06-05 16:00:00,5317.59,2041.1,3276.49
2050-06-05 17:00:00,5261.85,3152.76,2109.09
2050-06-05 18:00:00,5500.18,3568.48,1931.69
2050-06-05 19:00:00,5543.11,3123.88,2419.23
2050-06-05 20:00:00,5481.8,2974.85,2506.95
2050-06-05 21:00:00,5327.18,3426.68,1900.51
2050-06-05 22:00:00,4958.8,3346.77,1612.03
2050-06-05 23:00:00,4556.48,2593.61,1962.87
2050-06-06 00:00:00,4095.1,2404.81,1690.29
2050-06-06 01:00:00,3841.33,2951.74,889.59
2050-06-06 02:00:00,3497.2,3083.45,413.76
2050-06-06 03:00:00,3273.95,2191.05,1082.9
2050-06-06 04:00:00,3108.47,1527.78,1580.68
2050-06-06 05:00:00,2988.39,2007.77,980.62
2050-06-06 06:00:00,3050.84,2046.98,1003.86
2050-06-06 07:00:00,3249.49,1979.35,1270.14
2050-06-06 08:00:00,3634.42,2055.79,1578.62
2050-06-06 09:00:00,4203.8,910.09,3293.72
2050-06-06 10:00:00,4455.86,845.36,3610.5
2050-06-06 11:00:00,4632.56,513.34,4119.22
2050-06-06 12:00:00,4886.6,428.69,4457.9
2050-06-06 13:00:00,5023.33,699.64,4323.69
2050-06-06 14:00:00,5101.25,1684.64,3416.61
2050-06-06 15:00:00,5154.76,2403.7,2751.06
2050-06-06 16:00:00,5276.49,3476.2,1800.29
2050-06-06 17:00:00,5448.46,2070.5,3377.97
2050-06-06 18:00:00,5692.22,3408.67,2283.55
2050-06-06 19:00:00,5605.3,3197.82,2407.48
2050-06-06 20:00:00,5335.79,3337.77,1998.02
2050-06-06 21:00:00,5040.84,3345.64,1695.2
2050-06-06 22:00:00,4530.07,3325.39,1204.68
2050-06-06 23:00:00,4019.68,3389.54,630.14
2050-06-07 00:00:00,3597.42,2848.92,748.5
2050-06-07 01:00:00,3395.57,2668.01,727.56
2050-06-07 02:00:00,3106.11,2204.77,901.34
2050-06-07 03:00:00,2943.87,2310.41,633.46
2050-06-07 04:00:00,2850.55,2168.51,682.04
2050-06-07 05:00:00,2848.77,2113.63,735.15
2050-06-07 06:00:00,2953.9,1930.34,1023.55
2050-06-07 07:00:00,3003.76,1547.5,1456.26
2050-06-07 08:00:00,3149.08,1452.36,1696.72
2050-06-07 09:00:00,3402.74,1234.9,2167.85
2050-06-07 10:00:00,3528.58,1616.07,1912.51
2050-06-07 11:00:00,3735.99,1589.5,2146.49
2050-06-07 12:00:00,3964.14,1220.21,2743.93
2050-06-07 13:00:00,4086.07,1059.45,3026.62
2050-06-07 14:00:00,4233.08,1557.78,2675.29
2050-06-07 15:00:00,4471.77,1756.64,2715.13
2050-06-07 16:00:00,4816.91,1800.97,3015.94
2050-06-07 17:00:00,5191.04,1385.39,3805.65
2050-06-07 18:00:00,5643.92,1780.64,3863.29
2050-06-07 19:00:00,5709.58,1764.35,3945.23
2050-06-07 20:00:00,5591.2,2191.05,3400.14
2050-06-07 21:00:00,5314.08,2104.8,3209.27
2050-06-07 22:00:00,4828.57,2334.84,2493.72
2050-06-07 23:00:00,4290.44,2444.79,1845.65
2050-06-08 00:00:00,3723.67,2226.34,1497.33
2050-06-08 01:00:00,3434.01,2292.65,1141.37
2050-06-08 02:00:00,3120.42,1628.07,1492.36
2050-06-08 03:00:00,2948.79,1443.78,1505.01
2050-06-08 04:00:00,2833.83,1706.93,1126.9
2050-06-08 05:00:00,2769.38,1742.93,1026.45
2050-06-08 06:00:00,2844.84,1234.16,1610.68
2050-06-08 07:00:00,2975.09,1424.93,1550.16
2050-06-08 08:00:00,3159.7,1073.14,2086.56
2050-06-08 09:00:00,3479.94,1037.67,2442.28
2050-06-08 10:00:00,3669.43,1095.4,2574.03
2050-06-08 11:00:00,3957.57,1104.95,2852.62
2050-06-08 12:00:00,4245.84,907.6,3338.24
2050-06-08 13:00:00,4423.69,1955.83,2467.87
2050-06-08 14:00:00,4609.3,2978.32,1630.98
2050-06-08 15:00:00,4796.71,3890.19,906.52
2050-06-08 16:00:00,5082.85,4575.58,507.27
2050-06-08 17:00:00,5397.04,4481.74,915.3
2050-06-08 18:00:00,5808.6,4171.71,1636.89
2050-06-08 19:00:00,5823.87,4442.04,1381.83
2050-06-08 20:00:00,5664.6,4598.33,1066.27
2050-06-08 21:00:00,5345.62,4657.88,687.73
2050-06-08 22:00:00,4836.08,3733.93,1102.15
2050-06-08 23:00:00,4286.38,3935.8,350.57
2050-06-09 00:00:00,3715.26,3490.83,224.44
2050-06-09 01:00:00,3435.47,3296.12,139.35
2050-06-09 02:00:00,3121.55,3244.03,-122.47
2050-06-09 03:00:00,2949.81,2821.2,128.62
2050-06-09 04:00:00,2834.84,2655.79,179.04
2050-06-09 05:00:00,2770.16,3335.51,-565.35
2050-06-09 06:00:00,2842.54,4004.68,-1162.14
2050-06-09 07:00:00,2976.99,3300.63,-323.64
2050-06-09 08:00:00,3192.56,3223.23,-30.67
2050-06-09 09:00:00,3538.94,2861.63,677.31
2050-06-09 10:00:00,3828.1,2846.61,981.49
2050-06-09 11:00:00,4020.68,2741.48,1279.19
2050-06-09 12:00:00,4190.75,2405.92,1784.83
2050-06-09 13:00:00,4240.74,2735.76,1504.99
2050-06-09 14:00:00,4246.89,3170.09,1076.8
2050-06-09 15:00:00,4246.87,4039.56,207.31
2050-06-09 16:00:00,4302.63,4314.58,-11.95
2050-06-09 17:00:00,4434.88,3674.28,760.61
2050-06-09 18:00:00,4678.72,3852.63,826.09
2050-06-09 19:00:00,4643.7,4101.27,542.43
2050-06-09 20:00:00,4684.06,3751.93,932.13
2050-06-09 21:00:00,4626.54,3596.62,1029.91
2050-06-09 22:00:00,4333.62,3570.74,762.88
2050-06-09 23:00:00,3985.61,3765.87,219.74
2050-06-10 00:00:00,3593.07,3789.12,-196.05
2050-06-10 01:00:00,3402.69,3480.7,-78.0
2050-06-10 02:00:00,3117.38,3460.44,-343.06
2050-06-10 03:00:00,2957.42,3229.01,-271.59
2050-06-10 04:00:00,2842.47,2743.79,98.67
2050-06-10 05:00:00,2777.27,1866.64,910.63
2050-06-10 06:00:00,2847.3,1441.22,1406.08
2050-06-10 07:00:00,2984.96,1791.78,1193.18
2050-06-10 08:00:00,3215.1,1762.64,1452.46
2050-06-10 09:00:00,3628.74,2220.46,1408.29
2050-06-10 10:00:00,3873.92,1866.64,2007.29
2050-06-10 11:00:00,4147.83,1732.64,2415.19
2050-06-10 12:00:00,4400.73,1332.54,3068.19
2050-06-10 13:00:00,4600.65,1576.64,3024.01
2050-06-10 14:00:00,4830.97,2422.58,2408.39
2050-06-10 15:00:00,5074.35,3995.73,1078.62
2050-06-10 16:00:00,5390.29,4461.49,928.8
2050-06-10 17:00:00,5711.02,4547.14,1163.88
2050-06-10 18:00:00,6051.78,4536.99,1514.79
2050-06-10 19:00:00,5988.26,4660.98,1327.28
2050-06-10 20:00:00,5791.11,4623.1,1168.0
2050-06-10 21:00:00,5454.6,4480.12,974.48
2050-06-10 22:00:00,4952.07,4043.14,908.93
2050-06-10 23:00:00,4414.6,3954.59,460.01
2050-06-11 00:00:00,3864.22,3908.97,-44.75
2050-06-11 01:00:00,3543.81,4259.58,-715.77
2050-06-11 02:00:00,3184.23,4358.86,-1174.63
2050-06-11 03:00:00,2987.93,3961.74,-973.81
2050-06-11 04:00:00,2852.87,3822.22,-969.35
2050-06-11 05:00:00,2780.68,4177.74,-1397.06
2050-06-11 06:00:00,2848.8,3895.56,-1046.76
2050-06-11 07:00:00,2979.15,3237.09,-257.94
2050-06-11 08:00:00,3164.53,3135.43,29.1
2050-06-11 09:00:00,3453.62,3141.21,312.42
2050-06-11 10:00:00,3551.05,3098.46,452.59
2050-06-11 11:00:00,3699.01,3581.99,117.01
2050-06-11 12:00:00,3912.73,4153.15,-240.42
2050-06-11 13:00:00,4085.88,4455.45,-369.57
2050-06-11 14:00:00,4254.99,4537.8,-282.81
2050-06-11 15:00:00,4349.67,4687.43,-337.76
2050-06-11 16:00:00,4539.88,4694.67,-154.79
2050-06-11 17:00:00,4829.68,4695.6,134.08
2050-06-11 18:00:00,5239.98,4695.6,544.38
2050-06-11 19:00:00,5245.05,4695.6,549.45
2050-06-11 20:00:00,5153.39,4694.63,458.76
2050-06-11 21:00:00,4915.22,4650.9,264.31
2050-06-11 22:00:00,4498.06,4659.52,-161.47
2050-06-11 23:00:00,4079.85,4601.17,-521.32
2050-06-12 00:00:00,3642.86,4129.0,-486.13
2050-06-12 01:00:00,3433.67,3437.93,-4.26
2050-06-12 02:00:00,3139.4,3157.38,-17.98
2050-06-12 03:00:00,2973.82,2854.7,119.12
2050-06-12 04:00:00,2857.75,2733.53,124.21
2050-06-12 05:00:00,2790.79,2590.27,200.52
2050-06-12 06:00:00,2863.02,2238.23,624.8
2050-06-12 07:00:00,3025.63,2642.47,383.16
2050-06-12 08:00:00,3289.67,2012.67,1277.0
2050-06-12 09:00:00,3709.65,1099.81,2609.85
2050-06-12 10:00:00,3921.34,934.98,2986.36
2050-06-12 11:00:00,4157.18,1228.29,2928.89
2050-06-12 12:00:00,4340.01,1638.36,2701.65
2050-06-12 13:00:00,4485.27,1730.92,2754.35
2050-06-12 14:00:00,4614.22,2476.99,2137.22
2050-06-12 15:00:00,4664.03,4082.49,581.54
2050-06-12 16:00:00,4807.56,4167.68,639.88
2050-06-12 17:00:00,5012.0,4165.67,846.34
2050-06-12 18:00:00,5359.88,3450.31,1909.57
2050-06-12 19:00:00,5329.67,4383.68,946.0
2050-06-12 20:00:00,5237.9,4575.58,662.32
2050-06-12 21:00:00,5075.32,3779.29,1296.04
2050-06-12 22:00:00,4700.69,3766.76,933.92
2050-06-12 23:00:00,4285.28,3473.95,811.33
2050-06-13 00:00:00,3830.05,3751.93,78.12
2050-06-13 01:00:00,3584.11,4469.97,-885.85
2050-06-13 02:00:00,3261.22,4284.4,-1023.18
2050-06-13 03:00:00,3059.43,4010.93,-951.5
2050-06-13 04:00:00,2927.33,3837.42,-910.1
2050-06-13 05:00:00,2845.06,3419.92,-574.86
2050-06-13 06:00:00,2929.02,3063.8,-134.79
2050-06-13 07:00:00,3206.27,2857.01,349.26
2050-06-13 08:00:00,3547.67,2138.13,1409.54
2050-06-13 09:00:00,3987.76,2021.49,1966.27
2050-06-13 10:00:00,4189.88,1736.93,2452.96
2050-06-13 11:00:00,4332.54,2021.49,2311.04
2050-06-13 12:00:00,4411.77,1526.07,2885.7
2050-06-13 13:00:00,4465.94,1646.07,2819.87
2050-06-13 14:00:00,4616.33,1937.2,2679.13
2050-06-13 15:00:00,4796.45,1684.64,3111.81
2050-06-13 16:00:00,5151.81,1190.85,3960.97
2050-06-13 17:00:00,5454.53,1769.49,3685.04
2050-06-13 18:00:00,5761.28,1457.5,4303.77
2050-06-13 19:00:00,5686.27,1906.82,3779.45
2050-06-13 20:00:00,5555.06,1306.11,4248.95
2050-06-13 21:00:00,5339.68,1539.79,3799.9
2050-06-13 22:00:00,4910.35,2252.67,2657.68
2050-06-13 23:00:00,4429.5,2754.19,1675.3
2050-06-14 00:00:00,3933.77,2452.56,1481.21
2050-06-14 01:00:00,3659.03,2082.26,1576.77
2050-06-14 02:00:00,3298.19,3225.54,72.65
2050-06-14 03:00:00,3058.2,3453.69,-395.48
2050-06-14 04:00:00,2893.84,3878.57,-984.73
2050-06-14 05:00:00,2798.05,4534.55,-1736.5
2050-06-14 06:00:00,2865.02,3774.82,-909.8
2050-06-14 07:00:00,3005.56,3134.28,-128.71
2050-06-14 08:00:00,3217.31,2489.21,728.1
2050-06-14 09:00:00,3562.06,1402.28,2159.78
2050-06-14 10:00:00,3714.62,1682.07,2032.56
2050-06-14 11:00:00,3945.5,984.15,2961.35
2050-06-14 12:00:00,4214.84,1054.47,3160.37
2050-06-14 13:00:00,4448.18,1334.74,3113.44
2050-06-14 14:00:00,4702.66,912.58,3790.08
2050-06-14 15:00:00,4953.04,1072.52,3880.52
2050-06-14 16:00:00,5290.36,1464.36,3826.01
2050-06-14 17:00:00,5625.91,2817.73,2808.18
2050-06-14 18:00:00,6023.36,2905.53,3117.82
2050-06-14 19:00:00,6027.41,3121.57,2905.84
2050-06-14 20:00:00,5870.93,3224.39,2646.54
2050-06-14 21:00:00,5616.34,1751.5,3864.84
2050-06-14 22:00:00,5151.66,3620.26,1531.4
2050-06-14 23:00:00,4600.51,3322.01,1278.5
2050-06-15 00:00:00,4037.61,2193.99,1843.62
2050-06-15 01:00:00,3714.64,2115.58,1599.06
2050-06-15 02:00:00,3298.94,3218.61,80.34
2050-06-15 03:00:00,3032.57,2251.55,781.02
2050-06-15 04:00:00,2871.82,2005.81,866.01
2050-06-15 05:00:00,2789.74,1791.78,997.96
2050-06-15 06:00:00,2855.16,1988.17,867.0
2050-06-15 07:00:00,3005.72,1840.17,1165.55
2050-06-15 08:00:00,3272.9,1335.48,1937.42
2050-06-15 09:00:00,3761.9,1115.23,2646.68
2050-06-15 10:00:00,4064.99,968.58,3096.41
2050-06-15 11:00:00,4338.7,620.96,3717.74
2050-06-15 12:00:00,4579.42,517.97,4061.45
2050-06-15 13:00:00,4741.84,970.45,3771.39
2050-06-15 14:00:00,4927.29,1378.06,3549.23
2050-06-15 15:00:00,5112.54,1620.35,3492.19
2050-06-15 16:00:00,5380.0,1977.39,3402.61
2050-06-15 17:00:00,5638.31,2193.99,3444.32
2050-06-15 18:00:00,5976.9,2528.08,3448.82
2050-06-15 19:00:00,5940.07,2907.84,3032.23
2050-06-15 20:00:00,5751.69,3421.05,2330.64
2050-06-15 21:00:00,5422.1,3503.21,1918.89
2050-06-15 22:00:00,4906.97,3500.96,1406.01
2050-06-15 23:00:00,4369.04,2599.16,1769.88
2050-06-16 00:00:00,3814.07,2161.65,1652.43
2050-06-16 01:00:00,3509.74,1694.92,1814.82
2050-06-16 02:00:00,3159.59,1924.46,1235.13
2050-06-16 03:00:00,2972.26,1765.21,1207.05
2050-06-16 04:00:00,2845.98,1348.69,1497.29
2050-06-16 05:00:00,2775.71,1430.93,1344.79
2050-06-16 06:00:00,2847.2,1096.14,1751.05
2050-06-16 07:00:00,2988.7,1345.75,1642.95
2050-06-16 08:00:00,3233.82,1306.84,1926.98
2050-06-16 09:00:00,3645.03,1024.6,2620.44
2050-06-16 10:00:00,3924.83,1139.45,2785.38
2050-06-16 11:00:00,4135.15,995.97,3139.18
2050-06-16 12:00:00,4349.49,1043.27,3306.22
2050-06-16 13:00:00,4479.08,1369.25,3109.84
2050-06-16 14:00:00,4624.79,1251.78,3373.01
2050-06-16 15:00:00,4762.41,1007.79,3754.62
2050-06-16 16:00:00,5015.17,1769.49,3245.68
2050-06-16 17:00:00,5290.66,2323.74,2966.92
2050-06-16 18:00:00,5649.66,1572.35,4077.31
2050-06-16 19:00:00,5588.43,1884.28,3704.15
2050-06-16 20:00:00,5476.18,1956.81,3519.38
2050-06-16 21:00:00,5286.36,2208.69,3077.66
2050-06-16 22:00:00,4896.16,2593.61,2302.55
2050-06-16 23:00:00,4474.45,2586.94,1887.51
2050-06-17 00:00:00,4027.87,1798.03,2229.85
2050-06-17 01:00:00,3798.06,1193.78,2604.28
2050-06-17 02:00:00,3474.53,941.82,2532.71
2050-06-17 03:00:00,3284.43,895.15,2389.28
2050-06-17 04:00:00,3153.35,1001.57,2151.78
2050-06-17 05:00:00,3069.91,1632.35,1437.55
2050-06-17 06:00:00,3140.32,1511.5,1628.83
2050-06-17 07:00:00,3361.86,905.11,2456.76
2050-06-17 08:00:00,3686.54,1064.43,2622.11
2050-06-17 09:00:00,4063.7,918.18,3145.53
2050-06-17 10:00:00,4270.96,873.37,3397.6
2050-06-17 11:00:00,4431.38,1053.23,3378.15
2050-06-17 12:00:00,4566.28,1070.03,3496.25
2050-06-17 13:00:00,4631.58,982.9,3648.68
2050-06-17 14:00:00,4707.54,451.43,4256.1
2050-06-17 15:00:00,4832.09,330.91,4501.18
2050-06-17 16:00:00,5103.47,814.25,4289.23
2050-06-17 17:00:00,5390.1,2325.96,3064.14
2050-06-17 18:00:00,5762.38,2228.3,3534.08
2050-06-17 19:00:00,5779.85,1966.61,3813.24
2050-06-17 20:00:00,5639.4,2143.02,3496.37
2050-06-17 21:00:00,5367.08,1860.75,3506.33
2050-06-17 22:00:00,4908.63,2559.18,2349.45
2050-06-17 23:00:00,4414.69,1778.07,2636.62
2050-06-18 00:00:00,3892.99,1694.92,2198.07
2050-06-18 01:00:00,3591.11,1396.41,2194.7
2050-06-18 02:00:00,3208.69,1285.55,1923.14
2050-06-18 03:00:00,2995.36,1709.49,1285.87
2050-06-18 04:00:00,2858.41,1629.78,1228.63
2050-06-18 05:00:00,2781.9,1322.26,1459.64
2050-06-18 06:00:00,2850.5,1647.78,1202.72
2050-06-18 07:00:00,3020.43,1514.07,1506.36
2050-06-18 08:00:00,3330.81,1209.2,2121.61
2050-06-18 09:00:00,3896.47,1248.11,2648.36
2050-06-18 10:00:00,4227.76,2052.86,2174.91
2050-06-18 11:00:00,4547.98,2327.07,2220.9
2050-06-18 12:00:00,4836.42,2721.32,2115.1
2050-06-18 13:00:00,5028.67,3288.25,1740.42
2050-06-18 14:00:00,5218.04,2603.6,2614.44
2050-06-18 15:00:00,5398.93,3400.79,1998.14
2050-06-18 16:00:00,5655.33,4087.85,1567.48
2050-06-18 17:00:00,5912.74,4378.31,1534.43
2050-06-18 18:00:00,6255.5,4397.76,1857.73
2050-06-18 19:00:00,6226.03,4472.81,1753.22
2050-06-18 20:00:00,6037.47,4173.05,1864.42
2050-06-18 21:00:00,5704.64,3712.54,1992.1
2050-06-18 22:00:00,5191.08,3174.71,2016.37
2050-06-18 23:00:00,4653.69,2991.02,1662.67
2050-06-19 00:00:00,4099.13,2972.54,1126.59
2050-06-19 01:00:00,3772.86,3522.34,250.52
2050-06-19 02:00:00,3364.21,3481.82,-117.61
2050-06-19 03:00:00,3102.14,2583.61,518.54
2050-06-19 04:00:00,2921.69,2971.39,-49.7
2050-06-19 05:00:00,2825.67,2275.99,549.68
2050-06-19 06:00:00,2892.14,3119.26,-227.11
2050-06-19 07:00:00,3094.78,2970.23,124.55
2050-06-19 08:00:00,3495.26,2132.24,1363.02
2050-06-19 09:00:00,3947.34,2100.88,1846.46
2050-06-19 10:00:00,4184.17,1676.07,2508.11
2050-06-19 11:00:00,4424.54,1232.69,3191.84
2050-06-19 12:00:00,4635.33,1127.71,3507.62
2050-06-19 13:00:00,4763.37,1349.42,3413.95
2050-06-19 14:00:00,4908.54,2148.91,2759.63
2050-06-19 15:00:00,5079.77,2569.17,2510.6
2050-06-19 16:00:00,5359.22,2861.63,2497.59
2050-06-19 17:00:00,5648.35,3472.82,2175.54
2050-06-19 18:00:00,6018.98,3276.99,2741.99
2050-06-19 19:00:00,6012.51,1730.92,4281.59
2050-06-19 20:00:00,5850.24,3505.46,2344.78
2050-06-19 21:00:00,5557.82,1803.91,3753.91
2050-06-19 22:00:00,5095.17,1989.15,3106.02
2050-06-19 23:00:00,4607.94,941.82,3666.11
2050-06-20 00:00:00,4101.04,1136.52,2964.52
2050-06-20 01:00:00,3831.08,2421.47,1409.61
2050-06-20 02:00:00,3483.4,3016.44,466.96
2050-06-20 03:00:00,3267.1,2544.74,722.37
2050-06-20 04:00:00,3115.76,2164.59,951.17
2050-06-20 05:00:00,3018.44,2054.82,963.62
2050-06-20 06:00:00,3121.14,1754.92,1366.22
2050-06-20 07:00:00,3415.5,1672.64,1742.86
2050-06-20 08:00:00,3766.01,1328.86,2437.14
2050-06-20 09:00:00,4308.86,1282.61,3026.25
2050-06-20 10:00:00,4580.73,1514.07,3066.66
2050-06-20 11:00:00,4855.01,1281.15,3573.86
2050-06-20 12:00:00,5106.85,1285.55,3821.3
2050-06-20 13:00:00,5282.4,1336.94,3945.46
2050-06-20 14:00:00,5460.98,1484.93,3976.05
2050-06-20 15:00:00,5662.72,2145.97,3516.75
2050-06-20 16:00:00,5936.79,2430.35,3506.44
2050-06-20 17:00:00,6218.12,2683.56,3534.57
2050-06-20 18:00:00,6590.06,3901.82,2688.24
2050-06-20 19:00:00,6572.24,4036.87,2535.37
2050-06-20 20:00:00,6394.64,3723.8,2670.84
2050-06-20 21:00:00,6077.28,4505.71,1571.57
2050-06-20 22:00:00,5591.6,4303.18,1288.41
2050-06-20 23:00:00,5075.67,4459.48,616.19
2050-06-21 00:00:00,4502.05,4534.96,-32.91
2050-06-21 01:00:00,4178.3,4671.15,-492.85
2050-06-21 02:00:00,3780.38,4695.1,-914.71
2050-06-21 03:00:00,3525.15,4482.56,-957.4
2050-06-21 04:00:00,3320.88,3890.19,-569.31
2050-06-21 05:00:00,3165.57,4042.24,-876.67
2050-06-21 06:00:00,3197.86,3293.87,-96.01
2050-06-21 07:00:00,3480.36,2503.65,976.71
2050-06-21 08:00:00,3883.91,1712.93,2170.98
2050-06-21 09:00:00,4413.26,1944.06,2469.2
2050-06-21 10:00:00,4712.57,1808.81,2903.77
2050-06-21 11:00:00,4992.31,1591.21,3401.09
2050-06-21 12:00:00,5255.32,1345.75,3909.57
2050-06-21 13:00:00,5441.41,740.27,4701.14
2050-06-21 14:00:00,5648.21,1416.36,4231.85
2050-06-21 15:00:00,5872.91,1971.51,3901.4
2050-06-21 16:00:00,6194.37,2625.81,3568.56
2050-06-21 17:00:00,6517.38,2824.67,3692.72
2050-06-21 18:00:00,6865.74,2045.01,4820.72
2050-06-21 19:00:00,6801.51,2832.75,3968.76
2050-06-21 20:00:00,6592.44,3121.57,3470.87
2050-06-21 21:00:00,6271.34,3975.16,2296.18
2050-06-21 22:00:00,5753.11,4149.57,1603.54
2050-06-21 23:00:00,5200.21,3583.11,1617.09
2050-06-22 00:00:00,4628.49,3401.92,1226.58
2050-06-22 01:00:00,4263.14,3759.81,503.33
2050-06-22 02:00:00,3821.29,3056.87,764.42
2050-06-22 03:00:00,3518.08,3325.39,192.7
2050-06-22 04:00:00,3274.7,2400.37,874.33
2050-06-22 05:00:00,3110.87,3040.7,70.17
2050-06-22 06:00:00,3131.36,2634.69,496.66
2050-06-22 07:00:00,3380.03,2672.45,707.58
2050-06-22 08:00:00,3782.99,1941.12,1841.87
2050-06-22 09:00:00,4293.54,2205.75,2087.79
2050-06-22 10:00:00,4572.74,2430.35,2142.39
2050-06-22 11:00:00,4845.75,1866.64,2979.11
2050-06-22 12:00:00,5087.3,2282.65,2804.65
2050-06-22 13:00:00,5227.86,2051.88,3175.98
2050-06-22 14:00:00,5368.84,2496.98,2871.86
2050-06-22 15:00:00,5478.32,2686.89,2791.43
2050-06-22 16:00:00,5711.43,3550.48,2160.95
2050-06-22 17:00:00,5961.43,3217.45,2743.98
2050-06-22 18:00:00,6230.4,3668.65,2561.75
2050-06-22 19:00:00,6074.96,3691.16,2383.8
2050-06-22 20:00:00,5889.69,3870.52,2019.18
2050-06-22 21:00:00,5672.62,3954.59,1718.03
2050-06-22 22:00:00,5248.94,4063.71,1185.23
2050-06-22 23:00:00,4783.26,3785.55,997.71
2050-06-23 00:00:00,4283.98,3692.29,591.7
2050-06-23 01:00:00,3999.75,3871.41,128.34
2050-06-23 02:00:00,3637.3,4278.36,-641.06
2050-06-23 03:00:00,3419.1,4331.36,-912.25
2050-06-23 04:00:00,3246.99,3383.91,-136.93
2050-06-23 05:00:00,3126.96,3372.66,-245.7
2050-06-23 06:00:00,3191.04,3637.14,-446.1
2050-06-23 07:00:00,3488.14,3061.49,426.65
2050-06-23 08:00:00,3893.02,2666.9,1226.12
2050-06-23 09:00:00,4432.59,3009.51,1423.09
2050-06-23 10:00:00,4746.17,2470.33,2275.84
2050-06-23 11:00:00,5044.86,1953.87,3090.99
2050-06-23 12:00:00,5314.5,1815.67,3498.83
2050-06-23 13:00:00,5481.63,1784.07,3697.57
2050-06-23 14:00:00,5642.39,2226.34,3416.05
2050-06-23 15:00:00,5716.74,2626.92,3089.82
2050-06-23 16:00:00,5962.41,2967.92,2994.5
2050-06-23 17:00:00,6232.63,3464.94,2767.69
2050-06-23 18:00:00,6604.38,4118.27,2486.12
2050-06-23 19:00:00,6600.24,4165.67,2434.57
2050-06-23 20:00:00,6434.38,3250.96,3183.42
2050-06-23 21:00:00,6120.02,2447.01,3673.0
2050-06-23 22:00:00,5619.06,2491.43,3127.62
2050-06-23 23:00:00,5096.78,2471.44,2625.33
2050-06-24 00:00:00,4559.93,3022.21,1537.72
2050-06-24 01:00:00,4249.66,3017.59,1232.07
2050-06-24 02:00:00,3860.04,2715.76,1144.28
2050-06-24 03:00:00,3606.65,2415.91,1190.74
2050-06-24 04:00:00,3429.47,2016.59,1412.88
2050-06-24 05:00:00,3302.79,2238.23,1064.57
2050-06-24 06:00:00,3366.64,1725.78,1640.86
2050-06-24 07:00:00,3695.26,1385.39,2309.87
2050-06-24 08:00:00,4142.75,618.9,3523.85
2050-06-24 09:00:00,4726.09,742.33,3983.77
2050-06-24 10:00:00,5071.72,490.17,4581.55
2050-06-24 11:00:00,5393.95,490.6,4903.35
2050-06-24 12:00:00,5676.06,685.24,4990.82
2050-06-24 13:00:00,5848.7,1133.58,4715.12
2050-06-24 14:00:00,6009.81,1226.08,4783.73
2050-06-24 15:00:00,6108.21,1098.34,5009.87
2050-06-24 16:00:00,6191.68,1835.27,4356.41
2050-06-24 17:00:00,6099.74,2029.34,4070.41
2050-06-24 18:00:00,6332.68,3242.87,3089.8
2050-06-24 19:00:00,6226.13,2898.6,3327.53
2050-06-24 20:00:00,6126.61,3656.27,2470.34
2050-06-24 21:00:00,5868.42,3508.83,2359.58
2050-06-24 22:00:00,5348.84,3188.58,2160.26
2050-06-24 23:00:00,4817.12,2091.08,2726.04
2050-06-25 00:00:00,4267.53,2274.88,1992.66
2050-06-25 01:00:00,3937.1,2457.01,1480.1
2050-06-25 02:00:00,3524.13,1891.14,1633.0
2050-06-25 03:00:00,3246.57,2003.85,1242.72
2050-06-25 04:00:00,3033.98,1856.83,1177.14
2050-06-25 05:00:00,2897.54,1334.01,1563.53
2050-06-25 06:00:00,2945.0,1328.13,1616.86
2050-06-25 07:00:00,3216.44,888.3,2328.14
2050-06-25 08:00:00,3641.37,547.87,3093.5
2050-06-25 09:00:00,4189.59,638.45,3551.15
2050-06-25 10:00:00,4506.06,406.38,4099.69
2050-06-25 11:00:00,4819.31,373.69,4445.61
2050-06-25 12:00:00,5076.86,157.68,4919.18
2050-06-25 13:00:00,5201.73,304.04,4897.69
2050-06-25 14:00:00,5322.63,443.01,4879.62
2050-06-25 15:00:00,5457.02,801.8,4655.22
2050-06-25 16:00:00,5678.29,959.25,4719.04
2050-06-25 17:00:00,5913.96,1056.34,4857.63
2050-06-25 18:00:00,6238.34,1054.47,5183.86
2050-06-25 19:00:00,6205.69,1383.19,4822.5
2050-06-25 20:00:00,6032.11,1417.21,4614.9
2050-06-25 21:00:00,5731.96,1595.5,4136.46
2050-06-25 22:00:00,5250.28,1226.82,4023.46
2050-06-25 23:00:00,4742.4,1679.5,3062.9
2050-06-26 00:00:00,4210.01,930.0,3280.01
2050-06-26 01:00:00,3899.86,797.36,3102.5
2050-06-26 02:00:00,3503.36,707.36,2796.0
2050-06-26 03:00:00,3237.17,816.73,2420.44
2050-06-26 04:00:00,3040.58,738.21,2302.36
2050-06-26 05:00:00,2921.44,620.44,2301.0
2050-06-26 06:00:00,2972.54,411.85,2560.68
2050-06-26 07:00:00,3270.68,483.44,2787.24
2050-06-26 08:00:00,3681.53,387.85,3293.68
2050-06-26 09:00:00,4232.27,236.05,3996.22
2050-06-26 10:00:00,4547.4,217.94,4329.46
2050-06-26 11:00:00,4852.69,384.05,4468.63
2050-06-26 12:00:00,5144.56,688.33,4456.23
2050-06-26 13:00:00,5341.27,837.89,4503.38
2050-06-26 14:00:00,5504.24,1068.78,4435.45
2050-06-26 15:00:00,5657.74,1804.89,3852.85
2050-06-26 16:00:00,5907.02,3051.1,2855.92
2050-06-26 17:00:00,6168.7,3841.89,2326.81
2050-06-26 18:00:00,6500.7,3865.15,2635.54
2050-06-26 19:00:00,6480.44,3931.33,2549.11
2050-06-26 20:00:00,6307.41,3731.67,2575.74
2050-06-26 21:00:00,6011.84,3892.88,2118.96
2050-06-26 22:00:00,5523.82,3566.23,1957.58
2050-06-26 23:00:00,4991.36,3714.79,1276.57
2050-06-27 00:00:00,4417.95,3724.92,693.03
2050-06-27 01:00:00,4073.17,3807.91,265.27
2050-06-27 02:00:00,3651.54,3520.09,131.45
2050-06-27 03:00:00,3383.84,3043.01,340.83
2050-06-27 04:00:00,3176.92,1768.64,1408.28
2050-06-27 05:00:00,3025.41,3316.38,-290.98
2050-06-27 06:00:00,3053.38,3726.05,-672.66
2050-06-27 07:00:00,3324.45,3215.14,109.31
2050-06-27 08:00:00,3729.96,3116.95,613.01
2050-06-27 09:00:00,4267.28,2304.86,1962.42
2050-06-27 10:00:00,4554.1,2309.31,2244.8
2050-06-27 11:00:00,4825.49,2660.24,2165.25
2050-06-27 12:00:00,5123.25,2669.12,2454.13
2050-06-27 13:00:00,5327.1,2689.11,2637.99
2050-06-27 14:00:00,5524.87,3291.62,2233.24
2050-06-27 15:00:00,5738.3,2813.11,2925.19
2050-06-27 16:00:00,6034.03,3948.33,2085.7
2050-06-27 17:00:00,6303.83,3825.8,2478.04
2050-06-27 18:00:00,6622.24,3808.8,2813.44
2050-06-27 19:00:00,6493.27,4223.36,2269.91
2050-06-27 20:00:00,6324.8,4233.42,2091.38
2050-06-27 21:00:00,6050.3,4232.75,1817.55
2050-06-27 22:00:00,5573.04,3672.02,1901.01
2050-06-27 23:00:00,5076.8,3331.01,1745.79
2050-06-28 00:00:00,4547.98,4035.98,512.0
2050-06-28 01:00:00,4258.16,3969.8,288.37
2050-06-28 02:00:00,3900.52,3976.95,-76.42
2050-06-28 03:00:00,3675.86,4035.08,-359.22
2050-06-28 04:00:00,3509.02,2580.28,928.74
2050-06-28 05:00:00,3402.76,1999.93,1402.83
2050-06-28 06:00:00,3475.04,1522.64,1952.39
2050-06-28 07:00:00,3779.79,862.16,2917.63
2050-06-28 08:00:00,4217.45,1505.5,2711.95
2050-06-28 09:00:00,4766.92,870.88,3896.05
2050-06-28 10:00:00,5070.18,996.59,4073.59
2050-06-28 11:00:00,5235.6,712.5,4523.1
2050-06-28 12:00:00,5410.38,338.21,5072.17
2050-06-28 13:00:00,5579.59,642.56,4937.03
2050-06-28 14:00:00,5757.65,582.39,5175.26
2050-06-28 15:00:00,5919.13,747.47,5171.66
2050-06-28 16:00:00,6187.19,1546.64,4640.55
2050-06-28 17:00:00,6385.69,1814.69,4571.0
2050-06-28 18:00:00,6550.08,2863.95,3686.13
2050-06-28 19:00:00,6314.2,2899.76,3414.44
2050-06-28 20:00:00,6150.08,3052.25,3097.83
2050-06-28 21:00:00,5912.26,2124.41,3787.85
2050-06-28 22:00:00,5453.41,1945.04,3508.36
2050-06-28 23:00:00,4961.09,2485.88,2475.21
2050-06-29 00:00:00,4446.26,3578.62,867.65
2050-06-29 01:00:00,4162.82,3382.79,780.04
2050-06-29 02:00:00,3809.01,3704.66,104.35
2050-06-29 03:00:00,3576.67,3407.55,169.13
2050-06-29 04:00:00,3405.73,2863.95,541.78
2050-06-29 05:00:00,3291.72,1933.28,1358.44
2050-06-29 06:00:00,3348.34,1951.9,1396.43
2050-06-29 07:00:00,3611.02,1460.07,2150.95
2050-06-29 08:00:00,4022.04,1253.98,2768.06
2050-06-29 09:00:00,4531.59,1109.35,3422.24
2050-06-29 10:00:00,4794.79,832.29,3962.5
2050-06-29 11:00:00,5076.95,613.25,4463.7
2050-06-29 12:00:00,5283.95,366.4,4917.55
2050-06-29 13:00:00,5368.81,357.44,5011.37
2050-06-29 14:00:00,5484.71,1033.31,4451.4
2050-06-29 15:00:00,5614.54,1565.5,4049.04
2050-06-29 16:00:00,5841.41,2345.95,3495.46
2050-06-29 17:00:00,6095.48,3195.51,2899.98
2050-06-29 18:00:00,6471.52,4065.5,2406.02
2050-06-29 19:00:00,6462.76,3433.43,3029.33
2050-06-29 20:00:00,6338.69,3422.18,2916.52
2050-06-29 21:00:00,6064.56,3915.24,2149.33
2050-06-29 22:00:00,5557.81,4364.23,1193.58
2050-06-29 23:00:00,5002.06,4207.93,794.13
2050-06-30 00:00:00,4401.14,3851.73,549.41
2050-06-30 01:00:00,4003.86,3440.18,563.68
2050-06-30 02:00:00,3546.14,3194.35,351.79
2050-06-30 03:00:00,3216.1,2765.75,450.36
2050-06-30 04:00:00,2986.12,1952.89,1033.23
2050-06-30 05:00:00,2844.95,1472.93,1372.02
2050-06-30 06:00:00,2881.84,1819.59,1062.25
2050-06-30 07:00:00,3015.66,1486.64,1529.02
2050-06-30 08:00:00,3210.11,1475.5,1734.61
2050-06-30 09:00:00,3560.32,987.26,2573.06
2050-06-30 10:00:00,3825.95,639.47,3186.48
2050-06-30 11:00:00,4109.22,456.49,3652.73
2050-06-30 12:00:00,4384.85,725.87,3658.97
2050-06-30 13:00:00,4588.81,1504.64,3084.17
2050-06-30 14:00:00,4812.31,1697.5,3114.81
2050-06-30 15:00:00,5046.16,2714.65,2331.51
2050-06-30 16:00:00,5370.54,3310.75,2059.79
2050-06-30 17:00:00,5687.05,4239.46,1447.6
2050-06-30 18:00:00,6061.86,4458.81,1603.05
2050-06-30 19:00:00,6058.79,4573.96,1484.84
2050-06-30 20:00:00,5920.09,4289.76,1630.33
2050-06-30 21:00:00,5580.78,4246.17,1334.61
2050-06-30 22:00:00,5065.58,3919.71,1145.87
2050-06-30 23:00:00,4523.1,3444.68,1078.42
2050-07-01 00:00:00,3928.37,2889.36,1039.01
2050-07-01 01:00:00,3596.11,3006.04,590.07
2050-07-01 02:00:00,3189.48,2202.81,986.67
2050-07-01 03:00:00,2964.18,2526.97,437.21
2050-07-01 04:00:00,2830.23,3138.9,-308.67
2050-07-01 05:00:00,2761.05,1658.07,1102.98
2050-07-01 06:00:00,2829.38,1538.93,1290.45
2050-07-01 07:00:00,2971.8,1532.93,1438.88
2050-07-01 08:00:00,3217.91,1131.38,2086.54
2050-07-01 09:00:00,3628.92,999.08,2629.84
2050-07-01 10:00:00,3937.0,1056.34,2880.67
2050-07-01 11:00:00,4211.7,1011.53,3200.17
2050-07-01 12:00:00,4447.62,1171.02,3276.6
2050-07-01 13:00:00,4614.42,2037.18,2577.24
2050-07-01 14:00:00,4828.05,2100.88,2727.16
2050-07-01 15:00:00,5073.07,2757.66,2315.41
2050-07-01 16:00:00,5406.96,3401.92,2005.04
2050-07-01 17:00:00,5745.76,3746.3,1999.46
2050-07-01 18:00:00,6149.76,4354.84,1794.92
2050-07-01 19:00:00,6179.96,4275.01,1904.95
2050-07-01 20:00:00,6005.04,3766.76,2238.27
2050-07-01 21:00:00,5661.06,1988.17,3672.89
2050-07-01 22:00:00,5149.88,2996.8,2153.08
2050-07-01 23:00:00,4598.38,2496.98,2101.39
2050-07-02 00:00:00,4019.36,1808.81,2210.55
2050-07-02 01:00:00,3657.69,1331.07,2326.63
2050-07-02 02:00:00,3226.67,1417.21,1809.46
2050-07-02 03:00:00,2979.88,1785.78,1194.09
2050-07-02 04:00:00,2836.89,1597.21,1239.67
2050-07-02 05:00:00,2764.11,1237.1,1527.01
2050-07-02 06:00:00,2830.29,1036.42,1793.87
2050-07-02 07:00:00,2979.62,1086.59,1893.03
2050-07-02 08:00:00,3237.13,851.58,2385.55
2050-07-02 09:00:00,3740.67,556.29,3184.38
2050-07-02 10:00:00,4038.95,724.33,3314.62
2050-07-02 11:00:00,4303.97,538.18,3765.79
2050-07-02 12:00:00,4542.54,789.13,3753.42
2050-07-02 13:00:00,4719.01,1146.8,3572.21
2050-07-02 14:00:00,4931.66,1484.93,3446.73
2050-07-02 15:00:00,5150.9,990.37,4160.53
2050-07-02 16:00:00,5443.63,2652.46,2791.17
2050-07-02 17:00:00,5730.82,2278.21,3452.61
2050-07-02 18:00:00,6088.13,3408.67,2679.45
2050-07-02 19:00:00,6087.99,1355.3,4732.69
2050-07-02 20:00:00,5883.41,2498.1,3385.32
2050-07-02 21:00:00,5534.64,1896.04,3638.61
2050-07-02 22:00:00,5026.88,2155.77,2871.11
2050-07-02 23:00:00,4492.79,2169.49,2323.3
2050-07-03 00:00:00,3934.33,1995.03,1939.3
2050-07-03 01:00:00,3602.43,1905.84,1696.59
2050-07-03 02:00:00,3209.2,1699.21,1509.99
2050-07-03 03:00:00,2985.22,1787.5,1197.73
2050-07-03 04:00:00,2846.98,1824.49,1022.49
2050-07-03 05:00:00,2770.81,1526.93,1243.88
2050-07-03 06:00:00,2834.78,1306.11,1528.67
2050-07-03 07:00:00,2987.05,981.03,2006.02
2050-07-03 08:00:00,3257.63,754.67,2502.96
2050-07-03 09:00:00,3808.13,492.28,3315.85
2050-07-03 10:00:00,4198.83,286.8,3912.03
2050-07-03 11:00:00,4579.83,148.09,4431.74
2050-07-03 12:00:00,4922.9,72.5,4850.4
2050-07-03 13:00:00,5157.62,63.19,5094.43
2050-07-03 14:00:00,5389.73,136.78,5252.95
2050-07-03 15:00:00,5624.76,464.49,5160.27
2050-07-03 16:00:00,5940.13,839.14,5100.99
2050-07-03 17:00:00,6234.01,895.15,5338.86
2050-07-03 18:00:00,6560.63,1675.21,4885.41
2050-07-03 19:00:00,6539.36,2093.04,4446.32
2050-07-03 20:00:00,6303.69,1462.64,4841.05
2050-07-03 21:00:00,5921.96,1065.68,4856.29
2050-07-03 22:00:00,5401.83,842.25,4559.58
2050-07-03 23:00:00,4880.47,979.79,3900.68
2050-07-04 00:00:00,4345.21,495.65,3849.56
2050-07-04 01:00:00,4026.04,729.47,3296.57
2050-07-04 02:00:00,3636.5,521.76,3114.74
2050-07-04 03:00:00,3370.9,545.76,2825.14
2050-07-04 04:00:00,3157.11,502.81,2654.3
2050-07-04 05:00:00,3002.69,342.52,2660.17
2050-07-04 06:00:00,3017.43,671.87,2345.56
2050-07-04 07:00:00,3287.15,580.33,2706.82
2050-07-04 08:00:00,3715.5,340.53,3374.97
2050-07-04 09:00:00,4296.25,264.24,4032.01
2050-07-04 10:00:00,4723.34,288.46,4434.89
2050-07-04 11:00:00,5107.64,166.78,4940.85
2050-07-04 12:00:00,5464.84,74.51,5390.33
2050-07-04 13:00:00,5709.53,52.78,5656.75
2050-07-04 14:00:00,5877.9,77.98,5799.92
2050-07-04 15:00:00,6039.11,199.0,5840.1
2050-07-04 16:00:00,6300.18,274.86,6025.32
2050-07-04 17:00:00,6532.85,359.1,6173.75
2050-07-04 18:00:00,6864.29,704.27,6160.01
2050-07-04 19:00:00,6855.24,592.16,6263.08
2050-07-04 20:00:00,6628.75,829.8,5798.95
2050-07-04 21:00:00,6314.07,621.99,5692.08
2050-07-04 22:00:00,5865.15,453.96,5411.19
2050-07-04 23:00:00,5366.53,341.19,5025.34
2050-07-05 00:00:00,4844.39,411.85,4432.53
2050-07-05 01:00:00,4537.02,564.71,3972.31
2050-07-05 02:00:00,4134.92,769.07,3365.85
2050-07-05 03:00:00,3864.06,717.13,3146.93
2050-07-05 04:00:00,3636.59,618.39,3018.2
2050-07-05 05:00:00,3463.73,454.8,3008.93
2050-07-05 06:00:00,3459.72,562.61,2897.11
2050-07-05 07:00:00,3726.53,374.69,3351.84
2050-07-05 08:00:00,4148.02,261.92,3886.1
2050-07-05 09:00:00,4706.16,395.43,4310.74
2050-07-05 10:00:00,5107.59,482.18,4625.41
2050-07-05 11:00:00,5449.12,504.07,4945.05
2050-07-05 12:00:00,5761.82,754.67,5007.14
2050-07-05 13:00:00,5979.42,1022.11,4957.31
2050-07-05 14:00:00,6185.54,1405.95,4779.58
2050-07-05 15:00:00,6387.28,1994.05,4393.23
2050-07-05 16:00:00,6624.51,2710.21,3914.3
2050-07-05 17:00:00,6844.01,2203.8,4640.21
2050-07-05 18:00:00,7156.34,2981.78,4174.55
2050-07-05 19:00:00,7127.72,4216.65,2911.07
2050-07-05 20:00:00,6867.84,3876.78,2991.07
2050-07-05 21:00:00,6483.57,3601.12,2882.45
2050-07-05 22:00:00,5945.81,3590.99,2354.82
2050-07-05 23:00:00,5377.94,3213.99,2163.95
2050-07-06 00:00:00,4797.89,2862.79,1935.1
2050-07-06 01:00:00,4444.67,3137.74,1306.93
2050-07-06 02:00:00,4014.27,2851.23,1163.04
2050-07-06 03:00:00,3733.66,2281.54,1452.12
2050-07-06 04:00:00,3522.32,2361.5,1160.82
2050-07-06 05:00:00,3383.96,2312.63,1071.32
2050-07-06 06:00:00,3424.9,2104.8,1320.1
2050-07-06 07:00:00,3751.1,1046.38,2704.72
2050-07-06 08:00:00,4240.2,1369.98,2870.22
2050-07-06 09:00:00,4833.53,763.42,4070.12
2050-07-06 10:00:00,5261.2,872.12,4389.08
2050-07-06 11:00:00,5602.34,763.93,4838.41
2050-07-06 12:00:00,5897.28,1153.4,4743.88
2050-07-06 13:00:00,6099.53,1691.5,4408.03
2050-07-06 14:00:00,6279.45,1629.78,4649.66
2050-07-06 15:00:00,6421.63,3340.02,3081.61
2050-07-06 16:00:00,6655.96,3405.3,3250.66
2050-07-06 17:00:00,6891.69,4356.17,2535.52
2050-07-06 18:00:00,7185.64,3562.86,3622.78
2050-07-06 19:00:00,7172.43,3266.87,3905.56
2050-07-06 20:00:00,6926.91,2660.24,4266.67
2050-07-06 21:00:00,6562.42,2137.15,4425.28
2050-07-06 22:00:00,6050.36,2222.42,3827.94
2050-07-06 23:00:00,5484.31,1715.5,3768.81
2050-07-07 00:00:00,4898.01,3368.15,1529.85
2050-07-07 01:00:00,4546.67,3112.32,1434.35
2050-07-07 02:00:00,4125.38,2977.16,1148.22
2050-07-07 03:00:00,3839.4,2603.6,1235.81
2050-07-07 04:00:00,3617.13,2582.5,1034.63
2050-07-07 05:00:00,3460.5,2411.47,1049.03
2050-07-07 06:00:00,3467.05,2670.23,796.82
2050-07-07 07:00:00,3723.0,1923.48,1799.52
2050-07-07 08:00:00,4105.21,1764.35,2340.86
2050-07-07 09:00:00,4626.45,1531.21,3095.24
2050-07-07 10:00:00,5021.29,1616.93,3404.37
2050-07-07 11:00:00,5332.31,1869.58,3462.73
2050-07-07 12:00:00,5570.06,2301.53,3268.54
2050-07-07 13:00:00,5706.99,2341.51,3365.48
2050-07-07 14:00:00,5837.71,2193.99,3643.72
2050-07-07 15:00:00,5972.65,3424.43,2548.22
2050-07-07 16:00:00,6188.84,1974.45,4214.39
2050-07-07 17:00:00,6385.15,1729.21,4655.94
2050-07-07 18:00:00,6661.32,1565.5,5095.82
2050-07-07 19:00:00,6631.84,1423.21,5208.63
2050-07-07 20:00:00,6357.19,1787.5,4569.69
2050-07-07 21:00:00,5971.26,2022.47,3948.79
2050-07-07 22:00:00,5453.27,2029.34,3423.94
2050-07-07 23:00:00,4921.91,1344.28,3577.62
2050-07-08 00:00:00,4373.69,1129.17,3244.51
2050-07-08 01:00:00,4058.92,995.97,3062.95
2050-07-08 02:00:00,3672.94,1152.67,2520.27
2050-07-08 03:00:00,3425.36,909.46,2515.89
2050-07-08 04:00:00,3247.71,903.86,2343.85
2050-07-08 05:00:00,3132.63,738.73,2393.9
2050-07-08 06:00:00,3166.19,670.85,2495.34
2050-07-08 07:00:00,3345.14,626.1,2719.04
2050-07-08 08:00:00,3668.27,492.28,3175.99
2050-07-08 09:00:00,4085.61,441.33,3644.29
2050-07-08 10:00:00,4445.07,628.68,3816.4
2050-07-08 11:00:00,4672.07,791.19,3880.88
2050-07-08 12:00:00,4908.62,792.73,4115.9
2050-07-08 13:00:00,5073.13,1153.4,3919.73
2050-07-08 14:00:00,5251.42,1609.21,3642.21
2050-07-08 15:00:00,5448.51,2015.61,3432.89
2050-07-08 16:00:00,5730.82,1662.36,4068.46
2050-07-08 17:00:00,6011.88,1659.78,4352.1
2050-07-08 18:00:00,6356.94,1725.78,4631.15
2050-07-08 19:00:00,6396.11,1505.5,4890.61
2050-07-08 20:00:00,6178.87,758.79,5420.08
2050-07-08 21:00:00,5822.32,1259.12,4563.2
2050-07-08 22:00:00,5322.84,1193.78,4129.06
2050-07-08 23:00:00,4801.3,782.44,4018.86
2050-07-09 00:00:00,4262.71,566.82,3695.89
2050-07-09 01:00:00,3951.67,533.13,3418.54
2050-07-09 02:00:00,3570.72,548.29,3022.43
2050-07-09 03:00:00,3325.12,984.77,2340.36
2050-07-09 04:00:00,3140.87,1915.64,1225.23
2050-07-09 05:00:00,3020.36,1035.18,1985.18
2050-07-09 06:00:00,3065.68,702.73,2362.95
2050-07-09 07:00:00,3330.35,200.48,3129.87
2050-07-09 08:00:00,3631.26,503.23,3128.03
2050-07-09 09:00:00,4074.8,870.25,3204.55
2050-07-09 10:00:00,4388.22,741.3,3646.92
2050-07-09 11:00:00,4638.97,552.5,4086.47
2050-07-09 12:00:00,4881.1,670.85,4210.26
2050-07-09 13:00:00,5027.44,595.76,4431.68
2050-07-09 14:00:00,5214.3,418.17,4796.13
2050-07-09 15:00:00,5414.61,328.59,5086.02
2050-07-09 16:00:00,5706.63,580.33,5126.3
2050-07-09 17:00:00,5996.33,787.59,5208.74
2050-07-09 18:00:00,6349.7,1648.64,4701.06
2050-07-09 19:00:00,6403.23,2257.11,4146.12
2050-07-09 20:00:00,6194.17,2124.41,4069.76
2050-07-09 21:00:00,5846.52,1879.38,3967.15
2050-07-09 22:00:00,5353.41,1526.93,3826.48
2050-07-09 23:00:00,4836.98,2040.12,2796.86
2050-07-10 00:00:00,4307.01,603.99,3703.02
2050-07-10 01:00:00,4002.88,1142.39,2860.49
2050-07-10 02:00:00,3626.48,1451.5,2174.98
2050-07-10 03:00:00,3387.32,1317.85,2069.47
2050-07-10 04:00:00,3207.61,1189.38,2018.23
2050-07-10 05:00:00,3093.69,1113.76,1979.94
2050-07-10 06:00:00,3134.12,1278.95,1855.17
2050-07-10 07:00:00,3422.12,1129.91,2292.21
2050-07-10 08:00:00,3786.18,1248.84,2537.34
2050-07-10 09:00:00,4227.15,756.73,3470.43
2050-07-10 10:00:00,4542.38,546.18,3996.2
2050-07-10 11:00:00,4773.62,631.76,4141.86
2050-07-10 12:00:00,4934.42,947.43,3986.99
2050-07-10 13:00:00,4931.06,793.76,4137.3
2050-07-10 14:00:00,4875.92,908.22,3967.7
2050-07-10 15:00:00,4867.59,1045.76,3821.83
2050-07-10 16:00:00,5030.0,1678.64,3351.36
2050-07-10 17:00:00,5255.16,1916.62,3338.54
2050-07-10 18:00:00,5595.32,2194.97,3400.34
2050-07-10 19:00:00,5643.54,2857.01,2786.53
2050-07-10 20:00:00,5520.96,2665.79,2855.16
2050-07-10 21:00:00,5323.36,3417.67,1905.69
2050-07-10 22:00:00,4944.04,3264.61,1679.43
2050-07-10 23:00:00,4514.18,3791.81,722.37
2050-07-11 00:00:00,4034.29,2398.15,1636.14
2050-07-11 01:00:00,3766.9,2312.63,1454.27
2050-07-11 02:00:00,3418.78,2005.81,1412.97
2050-07-11 03:00:00,3198.4,1482.35,1716.05
2050-07-11 04:00:00,3029.8,1349.42,1680.37
2050-07-11 05:00:00,2918.23,1143.86,1774.37
2050-07-11 06:00:00,2960.01,1556.92,1403.09
2050-07-11 07:00:00,3252.01,1098.34,2153.67
2050-07-11 08:00:00,3614.66,893.28,2721.38
2050-07-11 09:00:00,4102.06,680.62,3421.45
2050-07-11 10:00:00,4462.85,593.19,3869.66
2050-07-11 11:00:00,4734.13,574.16,4159.97
2050-07-11 12:00:00,4993.48,788.62,4204.86
2050-07-11 13:00:00,5179.0,681.65,4497.35
2050-07-11 14:00:00,5374.15,904.49,4469.66
2050-07-11 15:00:00,5577.77,1483.21,4094.55
2050-07-11 16:00:00,5853.8,2053.84,3799.96
2050-07-11 17:00:00,6105.32,3451.44,2653.88
2050-07-11 18:00:00,6393.6,2277.1,4116.5
2050-07-11 19:00:00,6397.61,2447.01,3950.6
2050-07-11 20:00:00,6152.58,2905.53,3247.05
2050-07-11 21:00:00,5800.82,1927.4,3873.42
2050-07-11 22:00:00,5320.33,1769.49,3550.84
2050-07-11 23:00:00,4813.82,2471.44,2342.37
2050-07-12 00:00:00,4288.06,1185.7,3102.35
2050-07-12 01:00:00,3978.43,1831.35,2147.08
2050-07-12 02:00:00,3593.68,2199.87,1393.81
2050-07-12 03:00:00,3353.8,1729.21,1624.58
2050-07-12 04:00:00,3177.62,1388.33,1789.28
2050-07-12 05:00:00,3062.35,879.59,2182.76
2050-07-12 06:00:00,3089.7,1218.01,1871.69
2050-07-12 07:00:00,3337.7,1110.82,2226.88
2050-07-12 08:00:00,3700.93,1022.73,2678.2
2050-07-12 09:00:00,4215.96,939.34,3276.63
2050-07-12 10:00:00,4619.57,1157.81,3461.76
2050-07-12 11:00:00,4919.86,981.66,3938.2
2050-07-12 12:00:00,5179.16,1308.31,3870.84
2050-07-12 13:00:00,5333.24,1750.64,3582.6
2050-07-12 14:00:00,5466.03,1775.5,3690.53
2050-07-12 15:00:00,5618.04,2150.87,3467.17
2050-07-12 16:00:00,5861.3,2964.45,2896.85
2050-07-12 17:00:00,6018.15,2703.55,3314.6
2050-07-12 18:00:00,6254.39,3751.93,2502.45
2050-07-12 19:00:00,6208.7,4588.58,1620.12
2050-07-12 20:00:00,5986.13,4662.14,1323.99
2050-07-12 21:00:00,5700.87,3802.54,1898.33
2050-07-12 22:00:00,5257.58,3929.55,1328.04
2050-07-12 23:00:00,4787.49,3351.27,1436.21
2050-07-13 00:00:00,4295.16,2518.09,1777.07
2050-07-13 01:00:00,4017.35,1944.06,2073.29
2050-07-13 02:00:00,3657.55,1913.68,1743.87
2050-07-13 03:00:00,3428.88,1190.11,2238.77
2050-07-13 04:00:00,3265.86,1051.36,2214.5
2050-07-13 05:00:00,3159.52,735.65,2423.87
2050-07-13 06:00:00,3188.61,629.7,2558.91
2050-07-13 07:00:00,3378.91,483.44,2895.47
2050-07-13 08:00:00,3622.1,611.7,3010.4
2050-07-13 09:00:00,4066.94,622.5,3444.44
2050-07-13 10:00:00,4424.88,600.9,3823.98
2050-07-13 11:00:00,4610.67,591.65,4019.02
2050-07-13 12:00:00,4802.42,465.33,4337.1
2050-07-13 13:00:00,4895.73,789.13,4106.6
2050-07-13 14:00:00,5036.41,1019.0,4017.41
2050-07-13 15:00:00,5018.39,1514.93,3503.46
2050-07-13 16:00:00,5155.31,1320.79,3834.52
2050-07-13 17:00:00,5308.0,1574.93,3733.07
2050-07-13 18:00:00,5566.13,1744.64,3821.49
2050-07-13 19:00:00,5604.26,2079.32,3524.94
2050-07-13 20:00:00,5507.54,2375.94,3131.6
2050-07-13 21:00:00,5320.36,1989.15,3331.21
2050-07-13 22:00:00,4965.74,1924.46,3041.28
2050-07-13 23:00:00,4572.36,2236.14,2336.22
2050-07-14 00:00:00,4139.15,2519.2,1619.95
2050-07-14 01:00:00,3916.33,2246.0,1670.33
2050-07-14 02:00:00,3614.41,2133.23,1481.19
2050-07-14 03:00:00,3450.38,1424.93,2025.46
2050-07-14 04:00:00,3334.03,1162.21,2171.81
2050-07-14 05:00:00,3275.98,717.13,2558.85
2050-07-14 06:00:00,3329.94,734.1,2595.84
2050-07-14 07:00:00,3566.58,292.1,3274.48
2050-07-14 08:00:00,3891.25,503.65,3387.6
2050-07-14 09:00:00,4338.48,624.56,3713.92
2050-07-14 10:00:00,4699.27,1129.17,3570.1
2050-07-14 11:00:00,4980.04,830.43,4149.61
2050-07-14 12:00:00,5228.98,1005.3,4223.67
2050-07-14 13:00:00,5413.56,697.59,4715.97
2050-07-14 14:00:00,5588.41,955.52,4632.89
2050-07-14 15:00:00,5774.46,1448.07,4326.39
2050-07-14 16:00:00,6019.0,1456.64,4562.36
2050-07-14 17:00:00,6233.4,3343.39,2890.01
2050-07-14 18:00:00,6488.98,2725.76,3763.22
2050-07-14 19:00:00,6490.86,3615.75,2875.11
2050-07-14 20:00:00,6291.42,4095.01,2196.41
2050-07-14 21:00:00,6008.23,3029.15,2979.09
2050-07-14 22:00:00,5585.92,3548.23,2037.7
2050-07-14 23:00:00,5121.63,2707.99,2413.64
2050-07-15 00:00:00,4590.09,2028.35,2561.73
2050-07-15 01:00:00,4276.59,1470.36,2806.24
2050-07-15 02:00:00,3893.26,1727.5,2165.76
2050-07-15 03:00:00,3644.76,1087.33,2557.44
2050-07-15 04:00:00,3446.66,1087.33,2359.33
2050-07-15 05:00:00,3300.57,1017.13,2283.44
2050-07-15 06:00:00,3294.16,549.55,2744.61
2050-07-15 07:00:00,3526.56,317.97,3208.59
2050-07-15 08:00:00,3846.44,515.86,3330.58
2050-07-15 09:00:00,4292.99,459.85,3833.14
2050-07-15 10:00:00,4651.83,185.48,4466.36
2050-07-15 11:00:00,4904.64,161.86,4742.78
2050-07-15 12:00:00,5119.26,284.47,4834.78
2050-07-15 13:00:00,5218.96,403.43,4815.53
2050-07-15 14:00:00,5323.08,228.03,5095.05
2050-07-15 15:00:00,5467.79,257.61,5210.18
2050-07-15 16:00:00,5713.43,493.97,5219.46
2050-07-15 17:00:00,5957.96,1007.79,4950.17
2050-07-15 18:00:00,6270.94,1399.35,4871.59
2050-07-15 19:00:00,6315.86,1963.67,4352.19
2050-07-15 20:00:00,6087.6,1415.5,4672.1
2050-07-15 21:00:00,5720.72,2202.81,3517.91
2050-07-15 22:00:00,5222.48,2966.76,2255.72
2050-07-15 23:00:00,4702.23,3085.76,1616.47
2050-07-16 00:00:00,4169.84,2905.53,1264.3
2050-07-16 01:00:00,3868.7,2664.68,1204.03
2050-07-16 02:00:00,3495.46,2205.75,1289.71
2050-07-16 03:00:00,3262.14,1951.9,1310.24
2050-07-16 04:00:00,3091.54,1492.64,1598.89
2050-07-16 05:00:00,2998.09,1550.93,1447.16
2050-07-16 06:00:00,3036.36,1220.95,1815.41
2050-07-16 07:00:00,3192.92,894.53,2298.4
2050-07-16 08:00:00,3431.26,993.48,2437.78
2050-07-16 09:00:00,3847.27,437.11,3410.16
2050-07-16 10:00:00,4227.93,385.74,3842.19
2050-07-16 11:00:00,4509.39,264.24,4245.14
2050-07-16 12:00:00,4760.72,380.26,4380.45
2050-07-16 13:00:00,4926.74,435.85,4490.89
2050-07-16 14:00:00,5112.11,695.01,4417.09
2050-07-16 15:00:00,5325.8,1168.82,4156.98
2050-07-16 16:00:00,5632.64,1496.07,4136.57
2050-07-16 17:00:00,5907.44,1957.78,3949.66
2050-07-16 18:00:00,6221.59,2032.27,4189.31
2050-07-16 19:00:00,6247.84,2730.2,3517.64
2050-07-16 20:00:00,6065.22,2509.2,3556.02
2050-07-16 21:00:00,5783.13,1799.99,3983.15
2050-07-16 22:00:00,5361.09,1672.64,3688.45
2050-07-16 23:00:00,4906.67,1514.93,3391.74
2050-07-17 00:00:00,4419.41,1554.36,2865.05
2050-07-17 01:00:00,4152.61,1024.6,3128.02
2050-07-17 02:00:00,3803.71,958.63,2845.08
2050-07-17 03:00:00,3585.42,700.67,2884.75
2050-07-17 04:00:00,3422.34,351.8,3070.53
2050-07-17 05:00:00,3328.84,423.22,2905.62
2050-07-17 06:00:00,3358.43,476.28,2882.15
2050-07-17 07:00:00,3594.93,460.7,3134.23
2050-07-17 08:00:00,3932.41,605.02,3327.39
2050-07-17 09:00:00,4408.86,614.79,3794.07
2050-07-17 10:00:00,4809.19,698.62,4110.58
2050-07-17 11:00:00,5109.99,756.73,4353.26
2050-07-17 12:00:00,5382.58,913.2,4469.39
2050-07-17 13:00:00,5584.05,1367.04,4217.01
2050-07-17 14:00:00,5795.64,2090.1,3705.54
2050-07-17 15:00:00,6000.43,3043.01,2957.42
2050-07-17 16:00:00,6270.5,3567.36,2703.14
2050-07-17 17:00:00,6518.6,3532.47,2986.13
2050-07-17 18:00:00,6812.77,3876.78,2935.99
2050-07-17 19:00:00,6824.8,4387.7,2437.09
2050-07-17 20:00:00,6565.72,4212.62,2353.09
2050-07-17 21:00:00,6201.64,3101.93,3099.72
2050-07-17 22:00:00,5707.01,1783.21,3923.8
2050-07-17 23:00:00,5180.17,1183.5,3996.66
2050-07-18 00:00:00,4664.35,1358.97,3305.38
2050-07-18 01:00:00,4358.94,796.84,3562.1
2050-07-18 02:00:00,3983.12,1115.96,2867.16
2050-07-18 03:00:00,3743.68,1039.54,2704.14
2050-07-18 04:00:00,3546.14,1215.81,2330.33
2050-07-18 05:00:00,3411.38,1155.61,2255.78
2050-07-18 06:00:00,3413.56,1043.27,2370.29
2050-07-18 07:00:00,3675.41,1565.5,2109.91
2050-07-18 08:00:00,4054.85,1136.52,2918.33
2050-07-18 09:00:00,4569.89,1204.79,3365.1
2050-07-18 10:00:00,5003.13,1411.22,3591.92
2050-07-18 11:00:00,5311.79,1869.58,3442.21
2050-07-18 12:00:00,5572.7,2045.01,3527.69
2050-07-18 13:00:00,5708.44,1672.64,4035.8
2050-07-18 14:00:00,5793.94,2066.58,3727.36
2050-07-18 15:00:00,5943.92,1879.38,4064.54
2050-07-18 16:00:00,6223.14,2780.76,3442.38
2050-07-18 17:00:00,6524.06,3596.62,2927.44
2050-07-18 18:00:00,6909.68,3794.49,3115.19
2050-07-18 19:00:00,7014.87,3435.68,3579.19
2050-07-18 20:00:00,6813.78,2843.15,3970.63
2050-07-18 21:00:00,6448.6,3069.58,3379.02
2050-07-18 22:00:00,5955.73,3047.63,2908.1
2050-07-18 23:00:00,5427.02,3131.97,2295.05
2050-07-19 00:00:00,4869.48,2581.39,2288.09
2050-07-19 01:00:00,4545.47,1897.02,2648.46
2050-07-19 02:00:00,4159.54,1813.71,2345.83
2050-07-19 03:00:00,3897.1,1929.36,1967.74
2050-07-19 04:00:00,3701.53,1678.64,2022.89
2050-07-19 05:00:00,3578.51,1176.16,2402.34
2050-07-19 06:00:00,3594.53,1085.86,2508.67
2050-07-19 07:00:00,3837.99,1009.66,2828.33
2050-07-19 08:00:00,4219.2,671.36,3547.84
2050-07-19 09:00:00,4704.38,772.16,3932.23
2050-07-19 10:00:00,5080.75,480.07,4600.68
2050-07-19 11:00:00,5296.32,546.18,4750.14
2050-07-19 12:00:00,5497.02,546.61,4950.41
2050-07-19 13:00:00,5558.01,446.8,5111.21
2050-07-19 14:00:00,5576.6,469.96,5106.63
2050-07-19 15:00:00,5629.81,995.35,4634.46
2050-07-19 16:00:00,5813.71,1475.5,4338.21
2050-07-19 17:00:00,5805.0,1560.36,4244.64
2050-07-19 18:00:00,6135.51,2410.36,3725.14
2050-07-19 19:00:00,6238.2,1861.73,4376.46
2050-07-19 20:00:00,6080.27,2016.59,4063.68
2050-07-19 21:00:00,5791.54,2377.05,3414.49
2050-07-19 22:00:00,5380.0,2623.59,2756.41
2050-07-19 23:00:00,4914.3,2389.26,2525.03
2050-07-20 00:00:00,4430.52,1902.9,2527.61
2050-07-20 01:00:00,4139.89,2195.95,1943.94
2050-07-20 02:00:00,3759.37,2162.63,1596.74
2050-07-20 03:00:00,3506.88,2248.23,1258.66
2050-07-20 04:00:00,3313.33,1742.07,1571.26
2050-07-20 05:00:00,3192.13,1359.7,1832.43
2050-07-20 06:00:00,3203.68,930.62,2273.06
2050-07-20 07:00:00,3460.79,1091.0,2369.79
2050-07-20 08:00:00,3819.77,994.11,2825.67
2050-07-20 09:00:00,4316.0,641.53,3674.47
2050-07-20 10:00:00,4721.36,343.84,4377.52
2050-07-20 11:00:00,4997.05,194.82,4802.23
2050-07-20 12:00:00,5225.0,0.0,5225.0
2050-07-20 13:00:00,5395.25,100.62,5294.63
2050-07-20 14:00:00,5557.9,532.29,5025.61
2050-07-20 15:00:00,5733.3,1633.21,4100.09
2050-07-20 16:00:00,6013.18,1322.99,4690.19
2050-07-20 17:00:00,6298.61,2045.01,4253.6
2050-07-20 18:00:00,6581.96,2249.33,4332.62
2050-07-20 19:00:00,6621.06,2800.4,3820.65
2050-07-20 20:00:00,6398.14,3207.06,3191.09
2050-07-20 21:00:00,6031.15,3727.17,2303.98
2050-07-20 22:00:00,5572.68,2988.71,2583.97
2050-07-20 23:00:00,5112.67,1512.35,3600.31
2050-07-21 00:00:00,4619.32,1708.64,2910.68
2050-07-21 01:00:00,4334.67,1310.51,3024.16
2050-07-21 02:00:00,3957.37,962.36,2995.01
2050-07-21 03:00:00,3714.16,1204.06,2510.11
2050-07-21 04:00:00,3529.91,1284.81,2245.09
2050-07-21 05:00:00,3414.49,1050.74,2363.75
2050-07-21 06:00:00,3424.02,870.88,2553.14
2050-07-21 07:00:00,3680.8,1314.92,2365.88
2050-07-21 08:00:00,4031.24,1142.39,2888.85
2050-07-21 09:00:00,4504.51,1061.32,3443.2
2050-07-21 10:00:00,4902.98,1088.06,3814.92
2050-07-21 11:00:00,5196.12,657.99,4538.13
2050-07-21 12:00:00,5460.2,677.53,4782.67
2050-07-21 13:00:00,5629.92,948.05,4681.87
2050-07-21 14:00:00,5774.14,2546.96,3227.18
2050-07-21 15:00:00,5938.34,2562.51,3375.83
2050-07-21 16:00:00,6201.83,3101.93,3099.9
2050-07-21 17:00:00,6291.56,3262.36,3029.2
2050-07-21 18:00:00,6356.53,3453.69,2902.84
2050-07-21 19:00:00,6346.37,3466.07,2880.3
2050-07-21 20:00:00,6147.65,4333.37,1814.28
2050-07-21 21:00:00,5810.26,4531.71,1278.55
2050-07-21 22:00:00,5351.38,4610.11,741.27
2050-07-21 23:00:00,4858.58,4683.07,175.5
2050-07-22 00:00:00,4350.78,4694.8,-344.02
2050-07-22 01:00:00,4059.74,4660.3,-600.56
2050-07-22 02:00:00,3689.5,4595.89,-906.39
2050-07-22 03:00:00,3451.18,3630.38,-179.21
2050-07-22 04:00:00,3264.65,3197.82,66.83
2050-07-22 05:00:00,3149.2,2548.07,601.13
2050-07-22 06:00:00,3160.83,2046.98,1113.85
2050-07-22 07:00:00,3410.59,1569.79,1840.8
2050-07-22 08:00:00,3745.74,925.02,2820.72
2050-07-22 09:00:00,4199.72,1148.26,3051.46
2050-07-22 10:00:00,4579.35,625.07,3954.28
2050-07-22 11:00:00,4848.45,305.7,4542.75
2050-07-22 12:00:00,5091.98,572.62,4519.36
2050-07-22 13:00:00,5264.72,627.65,4637.07
2050-07-22 14:00:00,5472.52,1017.75,4454.76
2050-07-22 15:00:00,5707.1,1303.17,4403.93
2050-07-22 16:00:00,6031.46,2605.82,3425.64
2050-07-22 17:00:00,6367.78,2668.01,3699.77
2050-07-22 18:00:00,6758.05,3717.05,3041.0
2050-07-22 19:00:00,6840.42,4648.29,2192.13
2050-07-22 20:00:00,6627.63,2869.72,3757.91
2050-07-22 21:00:00,6278.4,2121.46,4156.94
2050-07-22 22:00:00,5779.15,1504.64,4274.51
2050-07-22 23:00:00,5238.99,900.13,4338.86
2050-07-23 00:00:00,4670.23,1456.64,3213.59
2050-07-23 01:00:00,4338.37,3773.92,564.45
2050-07-23 02:00:00,3928.0,3436.81,491.19
2050-07-23 03:00:00,3663.76,3942.07,-278.3
2050-07-23 04:00:00,3450.1,2492.54,957.55
2050-07-23 05:00:00,3314.31,2352.61,961.7
2050-07-23 06:00:00,3298.8,2077.36,1221.44
2050-07-23 07:00:00,3433.52,2515.86,917.66
2050-07-23 08:00:00,3591.14,2515.86,1075.28
2050-07-23 09:00:00,3890.72,1386.86,2503.86
2050-07-23 10:00:00,4082.33,1126.97,2955.36
2050-07-23 11:00:00,4172.42,707.87,3464.55
2050-07-23 12:00:00,4231.84,230.74,4001.1
2050-07-23 13:00:00,4250.57,202.69,4047.88
2050-07-23 14:00:00,4299.87,503.65,3796.22
2050-07-23 15:00:00,4387.53,697.59,3689.94
2050-07-23 16:00:00,4596.16,1106.42,3489.74
2050-07-23 17:00:00,4892.07,1730.07,3162.0
2050-07-23 18:00:00,5366.47,2746.1,2620.36
2050-07-23 19:00:00,5616.61,3442.43,2174.18
2050-07-23 20:00:00,5574.42,2893.98,2680.45
2050-07-23 21:00:00,5374.12,2736.86,2637.26
2050-07-23 22:00:00,5025.51,2593.61,2431.91
2050-07-23 23:00:00,4627.72,2749.57,1878.15
2050-07-24 00:00:00,4196.81,1962.69,2234.12
2050-07-24 01:00:00,3963.22,2182.23,1780.99
2050-07-24 02:00:00,3631.22,2243.78,1387.44
2050-07-24 03:00:00,3431.94,1367.78,2064.17
2050-07-24 04:00:00,3285.46,1378.06,1907.4
2050-07-24 05:00:00,3199.79,1086.59,2113.19
2050-07-24 06:00:00,3238.15,982.9,2255.25
2050-07-24 07:00:00,3524.39,786.04,2738.35
2050-07-24 08:00:00,3945.69,581.36,3364.33
2050-07-24 09:00:00,4498.8,687.82,3810.99
2050-07-24 10:00:00,4956.78,389.95,4566.83
2050-07-24 11:00:00,5287.74,380.26,4907.47
2050-07-24 12:00:00,5597.82,530.18,5067.63
2050-07-24 13:00:00,5821.21,925.64,4895.57
2050-07-24 14:00:00,6061.41,1418.07,4643.33
2050-07-24 15:00:00,6297.58,1313.45,4984.13
2050-07-24 16:00:00,6598.38,1802.93,4795.45
2050-07-24 17:00:00,6884.28,1646.07,5238.21
2050-07-24 18:00:00,7097.4,1661.5,5435.9
2050-07-24 19:00:00,6887.01,2138.13,4748.88
2050-07-24 20:00:00,6581.68,2325.96,4255.72
2050-07-24 21:00:00,6226.31,2066.58,4159.73
2050-07-24 22:00:00,5765.63,2304.86,3460.77
2050-07-24 23:00:00,5269.04,1575.78,3693.25
2050-07-25 00:00:00,4753.24,1812.73,2940.51
2050-07-25 01:00:00,4447.51,1653.78,2793.73
2050-07-25 02:00:00,4079.89,1941.12,2138.77
2050-07-25 03:00:00,3853.0,1942.1,1910.89
2050-07-25 04:00:00,3682.44,2014.63,1667.8
2050-07-25 05:00:00,3584.26,2021.49,1562.77
2050-07-25 06:00:00,3603.22,2228.3,1374.92
2050-07-25 07:00:00,3858.33,2044.04,1814.29
2050-07-25 08:00:00,4238.28,2355.95,1882.34
2050-07-25 09:00:00,4755.14,1559.5,3195.65
2050-07-25 10:00:00,5165.77,1290.69,3875.08
2050-07-25 11:00:00,5455.83,1357.5,4098.33
2050-07-25 12:00:00,5711.28,1238.56,4472.71
2050-07-25 13:00:00,5886.55,1146.06,4740.49
2050-07-25 14:00:00,6080.95,1800.97,4279.98
2050-07-25 15:00:00,6186.24,2551.4,3634.84
2050-07-25 16:00:00,5960.75,2409.25,3551.5
2050-07-25 17:00:00,5994.09,2609.15,3384.94
2050-07-25 18:00:00,6142.02,3088.07,3053.95
2050-07-25 19:00:00,6201.39,3267.99,2933.4
2050-07-25 20:00:00,6069.33,1543.21,4526.12
2050-07-25 21:00:00,5793.74,2253.78,3539.97
2050-07-25 22:00:00,5380.94,1818.61,3562.33
2050-07-25 23:00:00,4919.57,2404.81,2514.76
2050-07-26 00:00:00,4389.64,2390.38,1999.26
2050-07-26 01:00:00,4071.84,1858.8,2213.05
2050-07-26 02:00:00,3647.28,1340.61,2306.67
2050-07-26 03:00:00,3370.98,964.23,2406.75
2050-07-26 04:00:00,3163.29,820.47,2342.82
2050-07-26 05:00:00,3026.6,1129.91,1896.69
2050-07-26 06:00:00,3009.5,1288.49,1721.01
2050-07-26 07:00:00,3242.66,1007.17,2235.49
2050-07-26 08:00:00,3592.58,757.76,2834.83
2050-07-26 09:00:00,4053.93,412.69,3641.24
2050-07-26 10:00:00,4438.35,171.46,4266.9
2050-07-26 11:00:00,4705.95,326.93,4379.02
2050-07-26 12:00:00,4936.38,277.51,4658.87
2050-07-26 13:00:00,5094.85,290.11,4804.74
2050-07-26 14:00:00,5288.93,371.04,4917.88
2050-07-26 15:00:00,5525.33,787.59,4737.74
2050-07-26 16:00:00,5862.99,1342.08,4520.91
2050-07-26 17:00:00,6206.52,2280.43,3926.09
2050-07-26 18:00:00,6586.13,2644.69,3941.44
2050-07-26 19:00:00,6669.08,2985.25,3683.83
2050-07-26 20:00:00,6450.68,2405.92,4044.76
2050-07-26 21:00:00,6071.81,2220.46,3851.36
2050-07-26 22:00:00,5567.86,1923.48,3644.38
2050-07-26 23:00:00,5024.55,1537.21,3487.33
2050-07-27 00:00:00,4452.55,1310.51,3142.03
2050-07-27 01:00:00,4105.55,1524.36,2581.2
2050-07-27 02:00:00,3684.67,1204.06,2480.61
2050-07-27 03:00:00,3400.1,908.22,2491.89
2050-07-27 04:00:00,3177.46,714.56,2462.9
2050-07-27 05:00:00,3028.71,378.01,2650.7
2050-07-27 06:00:00,2999.91,435.85,2564.06
2050-07-27 07:00:00,3193.54,355.79,2837.76
2050-07-27 08:00:00,3544.57,258.27,3286.3
2050-07-27 09:00:00,4046.11,312.34,3733.78
2050-07-27 10:00:00,4479.25,462.8,4016.45
2050-07-27 11:00:00,4800.04,525.13,4274.91
2050-07-27 12:00:00,5080.06,667.24,4412.82
2050-07-27 13:00:00,5238.63,740.79,4497.84
2050-07-27 14:00:00,5382.24,1537.21,3845.02
2050-07-27 15:00:00,5540.47,2495.88,3044.59
2050-07-27 16:00:00,5796.65,3092.69,2703.96
2050-07-27 17:00:00,6048.4,3433.43,2614.97
2050-07-27 18:00:00,6341.67,3544.85,2796.82
2050-07-27 19:00:00,6366.01,3825.8,2540.21
2050-07-27 20:00:00,6119.56,3847.26,2272.3
2050-07-27 21:00:00,5735.64,3718.17,2017.47
2050-07-27 22:00:00,5255.76,3175.86,2079.9
2050-07-27 23:00:00,4766.78,2076.38,2690.4
2050-07-28 00:00:00,4233.07,1179.83,3053.24
2050-07-28 01:00:00,3918.85,1628.07,2290.79
2050-07-28 02:00:00,3531.04,1490.07,2040.97
2050-07-28 03:00:00,3280.5,1108.62,2171.88
2050-07-28 04:00:00,3092.51,516.7,2575.8
2050-07-28 05:00:00,2978.95,148.83,2830.12
2050-07-28 06:00:00,2984.0,365.4,2618.6
2050-07-28 07:00:00,3232.98,356.78,2876.2
2050-07-28 08:00:00,3605.95,260.93,3345.03
2050-07-28 09:00:00,4112.44,360.1,3752.35
2050-07-28 10:00:00,4533.59,286.8,4246.79
2050-07-28 11:00:00,4823.37,187.2,4636.17
2050-07-28 12:00:00,5067.31,55.7,5011.61
2050-07-28 13:00:00,5219.13,78.35,5140.78
2050-07-28 14:00:00,5376.82,225.81,5151.0
2050-07-28 15:00:00,5529.94,635.36,4894.58
2050-07-28 16:00:00,5779.0,1446.36,4332.64
2050-07-28 17:00:00,6033.28,2037.18,3996.1
2050-07-28 18:00:00,6335.63,2262.66,4072.97
2050-07-28 19:00:00,6372.17,2095.98,4276.19
2050-07-28 20:00:00,6147.48,2412.59,3734.9
2050-07-28 21:00:00,5792.54,1975.43,3817.11
2050-07-28 22:00:00,5328.08,2143.02,3185.06
2050-07-28 23:00:00,4841.56,2011.69,2829.86
2050-07-29 00:00:00,4336.24,2501.43,1834.81
2050-07-29 01:00:00,4051.52,1347.22,2704.3
2050-07-29 02:00:00,3692.56,1322.26,2370.3
2050-07-29 03:00:00,3468.94,1444.64,2024.3
2050-07-29 04:00:00,3306.83,1730.07,1576.76
2050-07-29 05:00:00,3219.33,1836.25,1383.07
2050-07-29 06:00:00,3244.24,1522.64,1721.6
2050-07-29 07:00:00,3499.64,1736.07,1763.57
2050-07-29 08:00:00,3858.76,1410.36,2448.41
2050-07-29 09:00:00,4334.67,1010.29,3324.39
2050-07-29 10:00:00,4742.74,1117.43,3625.31
2050-07-29 11:00:00,5019.34,1301.7,3717.64
2050-07-29 12:00:00,5278.88,1188.64,4090.24
2050-07-29 13:00:00,5316.59,1492.64,3823.95
2050-07-29 14:00:00,5248.28,2371.49,2876.78
2050-07-29 15:00:00,5330.62,2661.35,2669.27
2050-07-29 16:00:00,5618.65,2574.72,3043.93
2050-07-29 17:00:00,5893.33,3217.45,2675.88
2050-07-29 18:00:00,6196.5,3664.15,2532.35
2050-07-29 19:00:00,6210.82,3869.62,2341.2
2050-07-29 20:00:00,6027.06,3291.62,2735.44
2050-07-29 21:00:00,5699.64,3781.97,1917.67
2050-07-29 22:00:00,5259.98,2823.51,2436.47
2050-07-29 23:00:00,4775.91,2521.42,2254.49
2050-07-30 00:00:00,4214.64,2438.13,1776.51
2050-07-30 01:00:00,3879.15,2389.26,1489.89
2050-07-30 02:00:00,3496.09,2736.86,759.23
2050-07-30 03:00:00,3242.12,2016.59,1225.52
2050-07-30 04:00:00,3040.43,2128.33,912.1
2050-07-30 05:00:00,2905.42,1899.96,1005.46
2050-07-30 06:00:00,2895.61,2164.59,731.02
2050-07-30 07:00:00,3084.32,1531.21,1553.11
2050-07-30 08:00:00,3419.13,1306.11,2113.02
2050-07-30 09:00:00,3873.41,1507.21,2366.2
2050-07-30 10:00:00,4254.77,1466.93,2787.84
2050-07-30 11:00:00,4518.31,1123.3,3395.0
2050-07-30 12:00:00,4755.88,943.07,3812.81
2050-07-30 13:00:00,4924.83,1189.38,3735.45
2050-07-30 14:00:00,5126.8,1041.4,4085.39
2050-07-30 15:00:00,5354.08,1285.55,4068.53
2050-07-30 16:00:00,5669.25,2053.84,3615.41
2050-07-30 17:00:00,5970.82,2548.07,3422.75
2050-07-30 18:00:00,6274.79,2293.75,3981.03
2050-07-30 19:00:00,6323.06,2187.13,4135.93
2050-07-30 20:00:00,6101.39,2065.6,4035.79
2050-07-30 21:00:00,5720.18,1579.21,4140.97
2050-07-30 22:00:00,5221.77,1211.4,4010.37
2050-07-30 23:00:00,4694.63,1221.68,3472.95
2050-07-31 00:00:00,4146.44,907.6,3238.84
2050-07-31 01:00:00,3822.0,1086.59,2735.41
2050-07-31 02:00:00,3423.63,986.01,2437.62
2050-07-31 03:00:00,3152.7,744.9,2407.8
2050-07-31 04:00:00,2941.26,796.33,2144.93
2050-07-31 05:00:00,2832.97,637.42,2195.56
2050-07-31 06:00:00,2860.84,679.59,2181.25
2050-07-31 07:00:00,3014.79,571.59,2443.2
2050-07-31 08:00:00,3279.97,423.64,2856.33
2050-07-31 09:00:00,3742.05,606.56,3135.5
2050-07-31 10:00:00,4137.67,265.24,3872.43
2050-07-31 11:00:00,4439.51,248.98,4190.52
2050-07-31 12:00:00,4709.02,173.67,4535.35
2050-07-31 13:00:00,4884.33,274.52,4609.81
2050-07-31 14:00:00,5046.03,174.65,4871.37
2050-07-31 15:00:00,5214.0,345.17,4868.82
2050-07-31 16:00:00,5482.87,916.31,4566.56
2050-07-31 17:00:00,5757.13,672.9,5084.23
2050-07-31 18:00:00,6073.11,706.84,5366.26
2050-07-31 19:00:00,6119.72,1083.66,5036.06
2050-07-31 20:00:00,5875.08,1142.39,4732.69
2050-07-31 21:00:00,5503.73,883.95,4619.79
2050-07-31 22:00:00,5018.59,900.75,4117.84
2050-07-31 23:00:00,4509.6,517.97,3991.63
2050-08-01 00:00:00,4010.43,322.95,3687.48
2050-08-01 01:00:00,3722.46,431.22,3291.24
2050-08-01 02:00:00,3364.86,515.44,2849.42
2050-08-01 03:00:00,3138.4,790.67,2347.72
2050-08-01 04:00:00,2977.17,794.79,2182.38
2050-08-01 05:00:00,2888.3,780.9,2107.39
2050-08-01 06:00:00,2911.13,614.79,2296.34
2050-08-01 07:00:00,3136.67,595.25,2541.42
2050-08-01 08:00:00,3492.96,559.24,2933.72
2050-08-01 09:00:00,3953.28,517.97,3435.31
2050-08-01 10:00:00,4341.6,763.93,3577.67
2050-08-01 11:00:00,4606.89,416.48,4190.41
2050-08-01 12:00:00,4803.43,364.41,4439.02
2050-08-01 13:00:00,4864.04,467.44,4396.61
2050-08-01 14:00:00,4941.34,248.66,4692.69
2050-08-01 15:00:00,5101.34,483.02,4618.33
2050-08-01 16:00:00,5361.85,507.44,4854.41
2050-08-01 17:00:00,5630.53,944.94,4685.59
2050-08-01 18:00:00,5945.94,1275.27,4670.66
2050-08-01 19:00:00,5982.93,1440.36,4542.58
2050-08-01 20:00:00,5760.82,1055.72,4705.11
2050-08-01 21:00:00,5394.76,827.31,4567.45
2050-08-01 22:00:00,4918.85,978.54,3940.31
2050-08-01 23:00:00,4414.69,1091.74,3322.95
2050-08-02 00:00:00,3895.03,989.75,2905.28
2050-08-02 01:00:00,3598.41,1070.65,2527.76
2050-08-02 02:00:00,3232.59,1065.68,2166.91
2050-08-02 03:00:00,3013.02,1216.54,1796.48
2050-08-02 04:00:00,2869.07,1143.86,1725.21
2050-08-02 05:00:00,2808.01,1046.38,1761.63
2050-08-02 06:00:00,2850.61,1232.69,1617.91
2050-08-02 07:00:00,3001.1,1585.21,1415.89
2050-08-02 08:00:00,3268.14,988.5,2279.63
2050-08-02 09:00:00,3741.09,553.34,3187.75
2050-08-02 10:00:00,4182.4,773.19,3409.21
2050-08-02 11:00:00,4502.74,1096.87,3405.87
2050-08-02 12:00:00,4772.77,1163.68,3609.09
2050-08-02 13:00:00,4919.81,1317.12,3602.69
2050-08-02 14:00:00,5057.11,1256.92,3800.19
2050-08-02 15:00:00,5209.5,1970.53,3238.98
2050-08-02 16:00:00,5456.9,2726.87,2730.03
2050-08-02 17:00:00,5709.19,2183.21,3525.98
2050-08-02 18:00:00,6005.49,1784.07,4221.42
2050-08-02 19:00:00,6032.13,2415.91,3616.22
2050-08-02 20:00:00,5800.79,2570.28,3230.51
2050-08-02 21:00:00,5429.07,2280.43,3148.65
2050-08-02 22:00:00,4953.9,1968.57,2985.33
2050-08-02 23:00:00,4453.02,1285.55,3167.46
2050-08-03 00:00:00,3932.57,1942.1,1990.47
2050-08-03 01:00:00,3635.84,1618.64,2017.2
2050-08-03 02:00:00,3271.45,1082.92,2188.52
2050-08-03 03:00:00,3053.77,1512.35,1541.41
2050-08-03 04:00:00,2901.3,1161.48,1739.82
2050-08-03 05:00:00,2835.33,1260.59,1574.74
2050-08-03 06:00:00,2879.26,941.82,1937.43
2050-08-03 07:00:00,3055.92,554.18,2501.73
2050-08-03 08:00:00,3401.53,537.34,2864.19
2050-08-03 09:00:00,3893.22,464.91,3428.31
2050-08-03 10:00:00,4302.53,424.9,3877.63
2050-08-03 11:00:00,4588.92,341.19,4247.73
2050-08-03 12:00:00,4823.67,557.13,4266.54
2050-08-03 13:00:00,4962.0,842.87,4119.13
2050-08-03 14:00:00,5111.04,1209.93,3901.11
2050-08-03 15:00:00,5280.14,1834.29,3445.85
2050-08-03 16:00:00,5538.14,2275.99,3262.15
2050-08-03 17:00:00,5796.1,2768.06,3028.04
2050-08-03 18:00:00,6096.38,2981.78,3114.6
2050-08-03 19:00:00,6126.06,2947.12,3178.94
2050-08-03 20:00:00,5911.24,3115.79,2795.45
2050-08-03 21:00:00,5566.18,2345.95,3220.23
2050-08-03 22:00:00,5120.86,1772.07,3348.8
2050-08-03 23:00:00,4651.76,2024.43,2627.32
2050-08-04 00:00:00,4165.54,2130.29,2035.25
2050-08-04 01:00:00,3898.65,1625.5,2273.15
2050-08-04 02:00:00,3554.61,1521.78,2032.82
2050-08-04 03:00:00,3350.04,1007.17,2342.86
2050-08-04 04:00:00,3203.22,1095.4,2107.81
2050-08-04 05:00:00,3132.34,888.92,2243.41
2050-08-04 06:00:00,3172.86,1059.45,2113.42
2050-08-04 07:00:00,3403.79,1078.74,2325.04
2050-08-04 08:00:00,3762.08,665.19,3096.89
2050-08-04 09:00:00,4166.6,1094.67,3071.93
2050-08-04 10:00:00,4539.42,847.23,3692.19
2050-08-04 11:00:00,4775.93,1481.5,3294.43
2050-08-04 12:00:00,5009.75,3571.86,1437.89
2050-08-04 13:00:00,5126.19,3860.68,1265.51
2050-08-04 14:00:00,5286.39,4165.67,1120.72
2050-08-04 15:00:00,5478.94,3674.28,1804.67
2050-08-04 16:00:00,5772.48,3741.81,2030.67
2050-08-04 17:00:00,6057.7,3715.92,2341.78
2050-08-04 18:00:00,6371.52,3364.78,3006.74
2050-08-04 19:00:00,6412.09,2929.79,3482.3
2050-08-04 20:00:00,6198.53,2640.25,3558.28
2050-08-04 21:00:00,5849.33,2770.37,3078.97
2050-08-04 22:00:00,5401.31,1397.14,4004.17
2050-08-04 23:00:00,4930.53,1927.4,3003.12
2050-08-05 00:00:00,4439.16,1314.18,3124.98
2050-08-05 01:00:00,4168.55,1841.15,2327.39
2050-08-05 02:00:00,3823.44,1615.21,2208.23
2050-08-05 03:00:00,3611.41,1110.09,2501.32
2050-08-05 04:00:00,3454.6,704.79,2749.81
2050-08-05 05:00:00,3371.53,939.96,2431.57
2050-08-05 06:00:00,3392.14,1135.05,2257.09
2050-08-05 07:00:00,3619.55,613.25,3006.3
2050-08-05 08:00:00,3990.69,437.54,3553.15
2050-08-05 09:00:00,4501.71,418.17,4083.54
2050-08-05 10:00:00,4943.08,451.01,4492.07
2050-08-05 11:00:00,5264.41,202.45,5061.97
2050-08-05 12:00:00,5548.73,107.93,5440.8
2050-08-05 13:00:00,5754.38,148.58,5605.79
2050-08-05 14:00:00,5961.55,298.74,5662.81
2050-08-05 15:00:00,6162.91,484.7,5678.21
2050-08-05 16:00:00,6420.55,854.07,5566.48
2050-08-05 17:00:00,6519.8,1320.79,5199.01
2050-08-05 18:00:00,6830.49,1870.55,4959.93
2050-08-05 19:00:00,6783.24,1959.75,4823.5
2050-08-05 20:00:00,6584.66,1603.21,4981.45
2050-08-05 21:00:00,6242.54,1924.46,4318.08
2050-08-05 22:00:00,5800.81,1867.61,3933.2
2050-08-05 23:00:00,5316.84,1848.01,3468.82
2050-08-06 00:00:00,4800.99,2027.37,2773.62
2050-08-06 01:00:00,4495.41,1848.01,2647.39
2050-08-06 02:00:00,4108.78,1368.51,2740.27
2050-08-06 03:00:00,3851.35,1127.71,2723.64
2050-08-06 04:00:00,3646.57,733.07,2913.5
2050-08-06 05:00:00,3515.04,624.05,2891.0
2050-08-06 06:00:00,3481.28,947.43,2533.85
2050-08-06 07:00:00,3657.07,547.87,3109.2
2050-08-06 08:00:00,3989.72,404.69,3585.03
2050-08-06 09:00:00,4456.86,328.59,4128.27
2050-08-06 10:00:00,4843.72,273.2,4570.52
2050-08-06 11:00:00,5111.31,414.38,4696.94
2050-08-06 12:00:00,5347.67,799.93,4547.74
2050-08-06 13:00:00,5507.32,887.68,4619.64
2050-08-06 14:00:00,5686.84,1266.46,4420.38
2050-08-06 15:00:00,5896.45,1211.4,4685.05
2050-08-06 16:00:00,6207.44,1381.73,4825.71
2050-08-06 17:00:00,6495.18,1858.8,4636.38
2050-08-06 18:00:00,6811.14,1363.37,5447.76
2050-08-06 19:00:00,6829.7,1863.69,4966.01
2050-08-06 20:00:00,6591.23,1801.95,4789.28
2050-08-06 21:00:00,6198.36,2508.09,3690.27
2050-08-06 22:00:00,5690.49,1984.25,3706.25
2050-08-06 23:00:00,5123.51,2181.25,2942.25
2050-08-07 00:00:00,4555.06,2097.94,2457.12
2050-08-07 01:00:00,4182.93,2578.06,1604.87
2050-08-07 02:00:00,3733.94,2055.79,1678.14
2050-08-07 03:00:00,3422.92,2025.41,1397.5
2050-08-07 04:00:00,3157.59,1798.03,1359.56
2050-08-07 05:00:00,2975.32,1486.64,1488.68
2050-08-07 06:00:00,2920.18,1700.07,1220.11
2050-08-07 07:00:00,3065.18,1930.34,1134.84
2050-08-07 08:00:00,3402.18,1541.5,1860.68
2050-08-07 09:00:00,3862.46,2168.51,1693.95
2050-08-07 10:00:00,4225.6,2207.72,2017.88
2050-08-07 11:00:00,4482.81,2363.72,2119.09
2050-08-07 12:00:00,4697.24,2814.27,1882.97
2050-08-07 13:00:00,4810.88,2116.57,2694.31
2050-08-07 14:00:00,4943.9,3386.16,1557.74
2050-08-07 15:00:00,5106.2,4258.24,847.97
2050-08-07 16:00:00,5374.37,4384.35,990.02
2050-08-07 17:00:00,5650.23,4211.95,1438.28
2050-08-07 18:00:00,5946.52,4617.42,1329.1
2050-08-07 19:00:00,5964.94,4693.97,1270.97
2050-08-07 20:00:00,5742.87,4538.61,1204.26
2050-08-07 21:00:00,5375.29,4475.24,900.05
2050-08-07 22:00:00,4918.16,1793.49,3124.67
2050-08-07 23:00:00,4440.45,1007.17,3433.27
2050-08-08 00:00:00,3936.69,1973.47,1963.22
2050-08-08 01:00:00,3653.19,1403.02,2250.17
2050-08-08 02:00:00,3296.15,1627.21,1668.93
2050-08-08 03:00:00,3098.8,1058.83,2039.97
2050-08-08 04:00:00,2961.36,1082.19,1879.17
2050-08-08 05:00:00,2896.0,1085.86,1810.13
2050-08-08 06:00:00,2925.68,1098.34,1827.33
2050-08-08 07:00:00,3134.9,1054.47,2080.43
2050-08-08 08:00:00,3481.33,1670.07,1811.26
2050-08-08 09:00:00,3947.24,1612.64,2334.6
2050-08-08 10:00:00,4341.99,1099.08,3242.92
2050-08-08 11:00:00,4611.16,1326.66,3284.5
2050-08-08 12:00:00,4845.62,1681.21,3164.41
2050-08-08 13:00:00,4998.52,1811.75,3186.77
2050-08-08 14:00:00,5174.99,2127.35,3047.64
2050-08-08 15:00:00,5371.26,1998.95,3372.31
2050-08-08 16:00:00,5650.46,2867.41,2783.05
2050-08-08 17:00:00,5928.68,3174.71,2753.97
2050-08-08 18:00:00,6244.87,2594.71,3650.15
2050-08-08 19:00:00,6261.34,2408.14,3853.2
2050-08-08 20:00:00,6033.21,3164.31,2868.89
2050-08-08 21:00:00,5656.83,2320.41,3336.42
2050-08-08 22:00:00,5187.22,1395.67,3791.55
2050-08-08 23:00:00,4694.47,1660.64,3033.82
2050-08-09 00:00:00,4182.23,2168.51,2013.72
2050-08-09 01:00:00,3893.84,2231.24,1662.6
2050-08-09 02:00:00,3526.57,2250.45,1276.12
2050-08-09 03:00:00,3288.83,1817.63,1471.2
2050-08-09 04:00:00,3108.33,1317.12,1791.21
2050-08-09 05:00:00,3010.6,1253.98,1756.61
2050-08-09 06:00:00,3014.75,1486.64,1528.1
2050-08-09 07:00:00,3187.17,1354.56,1832.6
2050-08-09 08:00:00,3541.01,853.45,2687.55
2050-08-09 09:00:00,4051.09,797.87,3253.22
2050-08-09 10:00:00,4482.76,715.59,3767.18
2050-08-09 11:00:00,4805.28,587.02,4218.27
2050-08-09 12:00:00,5099.45,930.62,4168.83
2050-08-09 13:00:00,5288.96,739.24,4549.72
2050-08-09 14:00:00,5469.83,1037.05,4432.78
2050-08-09 15:00:00,5642.4,1385.39,4257.01
2050-08-09 16:00:00,5895.7,1475.5,4420.2
2050-08-09 17:00:00,6105.5,1208.46,4897.04
2050-08-09 18:00:00,6341.58,1498.64,4842.93
2050-08-09 19:00:00,6331.96,1541.5,4790.46
2050-08-09 20:00:00,6129.04,1682.07,4446.97
2050-08-09 21:00:00,5777.33,1548.36,4228.98
2050-08-09 22:00:00,5325.53,1292.16,4033.38
2050-08-09 23:00:00,4846.11,777.82,4068.29
2050-08-10 00:00:00,4350.09,1490.93,2859.16
2050-08-10 01:00:00,4083.33,462.38,3620.95
2050-08-10 02:00:00,3742.54,756.22,2986.32
2050-08-10 03:00:00,3532.41,840.38,2692.03
2050-08-10 04:00:00,3378.04,507.86,2870.18
2050-08-10 05:00:00,3298.45,384.9,2913.55
2050-08-10 06:00:00,3307.59,354.13,2953.46
2050-08-10 07:00:00,3466.37,281.16,3185.21
2050-08-10 08:00:00,3707.0,365.07,3341.92
2050-08-10 09:00:00,4121.9,430.8,3691.1
2050-08-10 10:00:00,4503.38,579.3,3924.08
2050-08-10 11:00:00,4764.6,560.92,4203.68
2050-08-10 12:00:00,5055.5,698.62,4356.88
2050-08-10 13:00:00,5263.88,1064.43,4199.44
2050-08-10 14:00:00,5440.47,1728.35,3712.12
2050-08-10 15:00:00,5605.5,2793.47,2812.03
2050-08-10 16:00:00,5821.04,3068.42,2752.61
2050-08-10 17:00:00,5994.06,3019.9,2974.16
2050-08-10 18:00:00,6200.93,3550.48,2650.45
2050-08-10 19:00:00,6232.19,2900.91,3331.28
2050-08-10 20:00:00,6080.39,2851.23,3229.16
2050-08-10 21:00:00,5777.92,2424.8,3353.13
2050-08-10 22:00:00,5350.41,2083.24,3267.17
2050-08-10 23:00:00,4887.62,2270.44,2617.18
2050-08-11 00:00:00,4399.81,1705.21,2694.6
2050-08-11 01:00:00,4130.94,1692.36,2438.58
2050-08-11 02:00:00,3763.24,1343.55,2419.69
2050-08-11 03:00:00,3529.55,1176.9,2352.65
2050-08-11 04:00:00,3351.07,1442.93,1908.14
2050-08-11 05:00:00,3251.41,954.27,2297.14
2050-08-11 06:00:00,3252.98,1462.64,1790.34
2050-08-11 07:00:00,3427.19,1436.93,1990.26
2050-08-11 08:00:00,3728.29,1093.2,2635.09
2050-08-11 09:00:00,4186.86,1631.5,2555.37
2050-08-11 10:00:00,4569.03,1237.1,3331.93
2050-08-11 11:00:00,4869.83,1209.2,3660.64
2050-08-11 12:00:00,5175.42,899.5,4275.92
2050-08-11 13:00:00,5394.38,983.52,4410.86
2050-08-11 14:00:00,5627.95,1136.52,4491.43
2050-08-11 15:00:00,5855.13,1973.47,3881.67
2050-08-11 16:00:00,6152.94,1497.78,4655.16
2050-08-11 17:00:00,6423.85,2747.26,3676.59
2050-08-11 18:00:00,6707.43,2829.29,3878.14
2050-08-11 19:00:00,6663.71,2832.75,3830.96
2050-08-11 20:00:00,6378.62,2650.24,3728.37
2050-08-11 21:00:00,5930.73,2696.88,3233.85
2050-08-11 22:00:00,5384.53,1998.95,3385.58
2050-08-11 23:00:00,4827.4,1412.07,3415.33
2050-08-12 00:00:00,4273.76,2454.78,1818.98
2050-08-12 01:00:00,3956.94,2640.25,1316.69
2050-08-12 02:00:00,3574.17,2548.07,1026.09
2050-08-12 03:00:00,3340.16,2448.12,892.04
2050-08-12 04:00:00,3178.46,1943.09,1235.37
2050-08-12 05:00:00,3101.38,1790.93,1310.46
2050-08-12 06:00:00,3125.1,1846.05,1279.05
2050-08-12 07:00:00,3237.76,1298.77,1938.99
2050-08-12 08:00:00,3421.5,1324.46,2097.04
2050-08-12 09:00:00,3732.02,1048.87,2683.15
2050-08-12 10:00:00,3920.69,915.69,3005.0
2050-08-12 11:00:00,4025.76,638.96,3386.8
2050-08-12 12:00:00,4095.59,500.28,3595.31
2050-08-12 13:00:00,4095.34,481.75,3613.59
2050-08-12 14:00:00,4085.87,674.44,3411.43
2050-08-12 15:00:00,4095.75,706.33,3389.42
2050-08-12 16:00:00,4259.17,1619.5,2639.67
2050-08-12 17:00:00,4458.39,1350.89,3107.5
2050-08-12 18:00:00,4784.65,2133.23,2651.42
2050-08-12 19:00:00,4877.28,3247.49,1629.79
2050-08-12 20:00:00,4885.09,3129.65,1755.44
2050-08-12 21:00:00,4693.65,2419.25,2274.41
2050-08-12 22:00:00,4369.14,1597.21,2771.93
2050-08-12 23:00:00,3992.75,2291.53,1701.21
2050-08-13 00:00:00,3588.72,2921.71,667.01
2050-08-13 01:00:00,3394.23,2593.61,800.62
2050-08-13 02:00:00,3109.09,2588.05,521.04
2050-08-13 03:00:00,2946.66,1967.59,979.07
2050-08-13 04:00:00,2833.98,1789.21,1044.77
2050-08-13 05:00:00,2792.25,1739.49,1052.76
2050-08-13 06:00:00,2843.71,1887.22,956.5
2050-08-13 07:00:00,2974.18,1969.55,1004.63
2050-08-13 08:00:00,3192.68,1272.33,1920.34
2050-08-13 09:00:00,3588.89,890.17,2698.72
2050-08-13 10:00:00,3903.88,1153.4,2750.48
2050-08-13 11:00:00,4160.84,804.29,3356.56
2050-08-13 12:00:00,4425.68,802.42,3623.26
2050-08-13 13:00:00,4610.77,694.5,3916.26
2050-08-13 14:00:00,4802.57,631.24,4171.33
2050-08-13 15:00:00,5007.72,374.69,4633.03
2050-08-13 16:00:00,5294.13,670.85,4623.28
2050-08-13 17:00:00,5574.45,811.13,4763.32
2050-08-13 18:00:00,5879.91,467.86,5412.05
2050-08-13 19:00:00,5877.23,1704.35,4172.88
2050-08-13 20:00:00,5658.58,1886.24,3772.34
2050-08-13 21:00:00,5276.0,2171.45,3104.55
2050-08-13 22:00:00,4792.38,1677.78,3114.6
2050-08-13 23:00:00,4277.65,913.2,3364.45
2050-08-14 00:00:00,3738.92,427.85,3311.07
2050-08-14 01:00:00,3448.55,763.93,2684.62
2050-08-14 02:00:00,3122.53,541.97,2580.56
2050-08-14 03:00:00,2944.11,597.82,2346.29
2050-08-14 04:00:00,2824.33,582.9,2241.43
2050-08-14 05:00:00,2781.87,533.97,2247.9
2050-08-14 06:00:00,2835.08,474.59,2360.48
2050-08-14 07:00:00,2962.77,593.19,2369.58
2050-08-14 08:00:00,3137.93,471.64,2666.28
2050-08-14 09:00:00,3454.95,535.66,2919.3
2050-08-14 10:00:00,3787.99,263.58,3524.41
2050-08-14 11:00:00,4152.36,426.17,3726.2
2050-08-14 12:00:00,4454.7,444.7,4010.0
2050-08-14 13:00:00,4644.26,528.92,4115.34
2050-08-14 14:00:00,4828.85,688.33,4140.52
2050-08-14 15:00:00,5013.59,941.82,4071.77
2050-08-14 16:00:00,5278.64,1378.79,3899.85
2050-08-14 17:00:00,5540.66,1159.28,4381.38
2050-08-14 18:00:00,5827.89,1120.37,4707.52
2050-08-14 19:00:00,5781.68,1179.1,4602.58
2050-08-14 20:00:00,5562.3,1303.17,4259.13
2050-08-14 21:00:00,5181.03,1249.58,3931.46
2050-08-14 22:00:00,4697.09,1723.21,2973.88
2050-08-14 23:00:00,4186.04,1368.51,2817.53
2050-08-15 00:00:00,3669.3,1358.97,2310.33
2050-08-15 01:00:00,3418.6,1418.07,2000.53
2050-08-15 02:00:00,3110.73,1383.19,1727.53
2050-08-15 03:00:00,2937.75,1545.78,1391.97
2050-08-15 04:00:00,2822.77,1092.47,1730.3
2050-08-15 05:00:00,2782.72,1311.98,1470.74
2050-08-15 06:00:00,2837.43,1146.06,1691.37
2050-08-15 07:00:00,2965.64,1521.78,1443.86
2050-08-15 08:00:00,3153.65,893.91,2259.74
2050-08-15 09:00:00,3506.46,830.43,2676.03
2050-08-15 10:00:00,3869.89,666.73,3203.16
2050-08-15 11:00:00,4194.43,581.36,3613.07
2050-08-15 12:00:00,4457.91,539.87,3918.04
2050-08-15 13:00:00,4612.69,578.27,4034.41
2050-08-15 14:00:00,4782.68,517.97,4264.71
2050-08-15 15:00:00,4974.12,371.38,4602.75
2050-08-15 16:00:00,5256.29,741.3,4514.99
2050-08-15 17:00:00,5543.94,741.82,4802.12
2050-08-15 18:00:00,5860.15,1259.12,4601.03
2050-08-15 19:00:00,5863.59,1474.64,4388.94
2050-08-15 20:00:00,5672.37,1628.07,4044.3
2050-08-15 21:00:00,5331.79,1981.31,3350.49
2050-08-15 22:00:00,4889.97,1741.21,3148.77
2050-08-15 23:00:00,4422.45,1987.19,2435.26
2050-08-16 00:00:00,3935.83,1441.22,2494.61
2050-08-16 01:00:00,3671.16,1091.0,2580.16
2050-08-16 02:00:00,3330.29,1218.74,2111.54
2050-08-16 03:00:00,3135.35,957.39,2177.96
2050-08-16 04:00:00,3002.7,1056.96,1945.74
2050-08-16 05:00:00,2961.44,1142.39,1819.05
2050-08-16 06:00:00,3016.59,1871.53,1145.06
2050-08-16 07:00:00,3152.41,1359.7,1792.71
2050-08-16 08:00:00,3347.65,1281.15,2066.5
2050-08-16 09:00:00,3678.75,1002.82,2675.94
2050-08-16 10:00:00,3832.88,978.54,2854.34
2050-08-16 11:00:00,3939.03,824.82,3114.21
2050-08-16 12:00:00,4099.61,913.2,3186.41
2050-08-16 13:00:00,4326.64,1099.08,3227.56
2050-08-16 14:00:00,4610.03,1317.85,3292.18
2050-08-16 15:00:00,4912.51,1625.5,3287.01
2050-08-16 16:00:00,5279.13,2516.98,2762.15
2050-08-16 17:00:00,5380.2,2684.67,2695.53
2050-08-16 18:00:00,5609.75,3336.64,2273.11
2050-08-16 19:00:00,5602.22,3684.41,1917.82
2050-08-16 20:00:00,5519.47,3651.77,1867.7
2050-08-16 21:00:00,5283.16,3584.24,1698.92
2050-08-16 22:00:00,4936.85,3431.18,1505.68
2050-08-16 23:00:00,4531.0,2835.06,1695.93
2050-08-17 00:00:00,4089.43,2755.35,1334.08
2050-08-17 01:00:00,3858.66,2676.9,1181.76
2050-08-17 02:00:00,3539.36,2393.7,1145.65
2050-08-17 03:00:00,3351.33,1863.69,1487.63
2050-08-17 04:00:00,3203.28,1757.5,1445.78
2050-08-17 05:00:00,3151.8,1490.07,1661.73
2050-08-17 06:00:00,3202.19,1285.55,1916.64
2050-08-17 07:00:00,3345.23,1078.74,2266.48
2050-08-17 08:00:00,3571.46,926.89,2644.57
2050-08-17 09:00:00,3920.73,647.19,3273.54
2050-08-17 10:00:00,4175.17,444.27,3730.9
2050-08-17 11:00:00,4446.29,409.74,4036.55
2050-08-17 12:00:00,4773.23,353.13,4420.1
2050-08-17 13:00:00,5049.0,403.85,4645.15
2050-08-17 14:00:00,5343.99,707.87,4636.12
2050-08-17 15:00:00,5589.72,1082.92,4506.8
2050-08-17 16:00:00,5770.48,1290.69,4479.79
2050-08-17 17:00:00,6017.0,1286.28,4730.72
2050-08-17 18:00:00,6356.7,1101.28,5255.42
2050-08-17 19:00:00,6370.84,1678.64,4692.2
2050-08-17 20:00:00,6173.67,1377.32,4796.35
2050-08-17 21:00:00,5825.6,1920.54,3905.06
2050-08-17 22:00:00,5370.49,1388.33,3982.16
2050-08-17 23:00:00,4882.23,1326.66,3555.56
2050-08-18 00:00:00,4365.56,1265.73,3099.83
2050-08-18 01:00:00,4052.98,1476.36,2576.62
2050-08-18 02:00:00,3667.31,1012.78,2654.53
2050-08-18 03:00:00,3403.05,2216.53,1186.51
2050-08-18 04:00:00,3226.78,1913.68,1313.1
2050-08-18 05:00:00,3130.08,1202.59,1927.49
2050-08-18 06:00:00,3111.3,1018.38,2092.92
2050-08-18 07:00:00,3222.81,1035.8,2187.01
2050-08-18 08:00:00,3525.78,782.96,2742.82
2050-08-18 09:00:00,4058.95,655.42,3403.53
2050-08-18 10:00:00,4477.62,1356.77,3120.86
2050-08-18 11:00:00,4806.21,769.07,4037.14
2050-08-18 12:00:00,5061.21,664.67,4396.54
2050-08-18 13:00:00,5174.56,743.36,4431.2
2050-08-18 14:00:00,5351.97,949.92,4402.06
2050-08-18 15:00:00,5515.03,2095.0,3420.03
2050-08-18 16:00:00,5753.54,2689.11,3064.43
2050-08-18 17:00:00,6008.47,3230.16,2778.31
2050-08-18 18:00:00,6247.99,3886.61,2361.37
2050-08-18 19:00:00,6138.13,3258.99,2879.14
2050-08-18 20:00:00,5971.27,3418.8,2552.47
2050-08-18 21:00:00,5648.43,3710.29,1938.14
2050-08-18 22:00:00,5201.26,2531.41,2669.85
2050-08-18 23:00:00,4732.03,2521.42,2210.61
2050-08-19 00:00:00,4256.55,3123.88,1132.67
2050-08-19 01:00:00,3981.38,2107.74,1873.64
2050-08-19 02:00:00,3612.07,1759.21,1852.86
2050-08-19 03:00:00,3370.68,1822.53,1548.15
2050-08-19 04:00:00,3197.16,1854.87,1342.28
2050-08-19 05:00:00,3060.18,1734.35,1325.83
2050-08-19 06:00:00,3015.8,1308.31,1707.49
2050-08-19 07:00:00,3128.63,913.2,2215.43
2050-08-19 08:00:00,3450.39,803.04,2647.35
2050-08-19 09:00:00,3991.18,742.84,3248.34
2050-08-19 10:00:00,4400.26,591.13,3809.13
2050-08-19 11:00:00,4765.99,441.33,4324.67
2050-08-19 12:00:00,5121.45,519.23,4602.22
2050-08-19 13:00:00,5329.42,1110.09,4219.34
2050-08-19 14:00:00,5544.38,961.12,4583.26
2050-08-19 15:00:00,5749.9,1099.08,4650.83
2050-08-19 16:00:00,6002.88,1026.47,4976.41
2050-08-19 17:00:00,6211.44,1712.07,4499.37
2050-08-19 18:00:00,6416.23,1564.64,4851.59
2050-08-19 19:00:00,6283.34,1699.21,4584.13
2050-08-19 20:00:00,6046.7,1754.92,4291.77
2050-08-19 21:00:00,5693.96,1729.21,3964.75
2050-08-19 22:00:00,5234.07,1076.25,4157.82
2050-08-19 23:00:00,4752.33,1468.64,3283.68
2050-08-20 00:00:00,4249.51,857.19,3392.32
2050-08-20 01:00:00,3962.82,765.99,3196.83
2050-08-20 02:00:00,3594.45,683.7,2910.74
2050-08-20 03:00:00,3345.8,795.3,2550.5
2050-08-20 04:00:00,3153.17,732.56,2420.61
2050-08-20 05:00:00,3045.14,710.44,2334.7
2050-08-20 06:00:00,3029.41,788.62,2240.79
2050-08-20 07:00:00,3145.4,789.13,2356.27
2050-08-20 08:00:00,3506.03,732.04,2773.98
2050-08-20 09:00:00,4056.94,523.02,3533.92
2050-08-20 10:00:00,4448.03,504.5,3943.54
2050-08-20 11:00:00,4789.01,503.23,4285.78
2050-08-20 12:00:00,5079.68,506.6,4573.08
2050-08-20 13:00:00,5270.98,496.91,4774.06
2050-08-20 14:00:00,5463.28,523.02,4940.26
2050-08-20 15:00:00,5685.63,498.6,5187.04
2050-08-20 16:00:00,6009.71,592.67,5417.04
2050-08-20 17:00:00,6317.34,934.36,5382.98
2050-08-20 18:00:00,6630.49,1019.0,5611.49
2050-08-20 19:00:00,6565.16,1051.98,5513.18
2050-08-20 20:00:00,6318.1,921.91,5396.19
2050-08-20 21:00:00,5933.07,1140.92,4792.15
2050-08-20 22:00:00,5421.77,951.16,4470.61
2050-08-20 23:00:00,4856.98,776.79,4080.19
2050-08-21 00:00:00,4268.54,819.84,3448.7
2050-08-21 01:00:00,3901.35,917.55,2983.8
2050-08-21 02:00:00,3461.56,711.47,2750.08
2050-08-21 03:00:00,3164.38,694.5,2469.88
2050-08-21 04:00:00,2942.78,411.01,2531.77
2050-08-21 05:00:00,2838.99,301.39,2537.6
2050-08-21 06:00:00,2873.48,546.61,2326.88
2050-08-21 07:00:00,2992.41,461.96,2530.45
2050-08-21 08:00:00,3215.02,566.82,2648.2
2050-08-21 09:00:00,3682.56,643.07,3039.49
2050-08-21 10:00:00,4041.33,644.62,3396.71
2050-08-21 11:00:00,4344.79,457.33,3887.47
2050-08-21 12:00:00,4601.48,478.38,4123.1
2050-08-21 13:00:00,4768.66,935.6,3833.05
2050-08-21 14:00:00,4950.78,1328.86,3621.92
2050-08-21 15:00:00,5139.38,1519.21,3620.17
2050-08-21 16:00:00,5377.05,1811.75,3565.3
2050-08-21 17:00:00,5609.72,2495.88,3113.84
2050-08-21 18:00:00,5820.64,2786.54,3034.09
2050-08-21 19:00:00,5718.06,2335.96,3382.1
2050-08-21 20:00:00,5557.38,2740.33,2817.05
2050-08-21 21:00:00,5250.97,3534.72,1716.25
2050-08-21 22:00:00,4821.97,1599.78,3222.19
2050-08-21 23:00:00,4370.89,2644.69,1726.2
2050-08-22 00:00:00,3898.06,2327.07,1570.99
2050-08-22 01:00:00,3638.59,2153.81,1484.78
2050-08-22 02:00:00,3301.87,1783.21,1518.66
2050-08-22 03:00:00,3103.84,3592.12,-488.28
2050-08-22 04:00:00,2964.09,4032.4,-1068.31
2050-08-22 05:00:00,2900.13,2859.32,40.81
2050-08-22 06:00:00,2943.06,3107.7,-164.64
2050-08-22 07:00:00,3065.06,2837.37,227.69
2050-08-22 08:00:00,3300.33,3460.44,-160.11
2050-08-22 09:00:00,3660.5,3063.8,596.7
2050-08-22 10:00:00,3770.42,2248.23,1522.2
2050-08-22 11:00:00,3884.65,1875.46,2009.2
2050-08-22 12:00:00,3990.87,1897.02,2093.85
2050-08-22 13:00:00,4080.7,1994.05,2086.66
2050-08-22 14:00:00,4111.13,2342.62,1768.51
2050-08-22 15:00:00,4201.28,2919.4,1281.89
2050-08-22 16:00:00,4416.81,2900.91,1515.9
2050-08-22 17:00:00,4658.74,3531.34,1127.4
2050-08-22 18:00:00,4974.32,2702.44,2271.88
2050-08-22 19:00:00,5028.2,2817.73,2210.47
2050-08-22 20:00:00,5057.77,2949.43,2108.33
2050-08-22 21:00:00,4908.17,2482.55,2425.62
2050-08-22 22:00:00,4590.44,2734.64,1855.8
2050-08-22 23:00:00,4224.28,2604.71,1619.57
2050-08-23 00:00:00,3808.96,1803.91,2005.05
2050-08-23 01:00:00,3597.54,1638.36,1959.18
2050-08-23 02:00:00,3299.66,834.16,2465.5
2050-08-23 03:00:00,3123.18,1116.69,2006.48
2050-08-23 04:00:00,2967.95,964.23,2003.72
2050-08-23 05:00:00,2914.18,1252.51,1661.67
2050-08-23 06:00:00,2972.25,1544.93,1427.33
2050-08-23 07:00:00,3079.53,1366.31,1713.22
2050-08-23 08:00:00,3299.85,1015.26,2284.58
2050-08-23 09:00:00,3645.6,943.69,2701.91
2050-08-23 10:00:00,3707.68,898.26,2809.42
2050-08-23 11:00:00,3747.83,619.42,3128.42
2050-08-23 12:00:00,3814.62,438.38,3376.24
2050-08-23 13:00:00,3864.74,390.79,3473.95
2050-08-23 14:00:00,3948.35,552.08,3396.27
2050-08-23 15:00:00,4016.03,635.87,3380.16
2050-08-23 16:00:00,4223.16,748.5,3474.66
2050-08-23 17:00:00,4442.33,831.67,3610.66
2050-08-23 18:00:00,4726.37,825.44,3900.92
2050-08-23 19:00:00,4737.2,1000.33,3736.87
2050-08-23 20:00:00,4749.32,914.44,3834.88
2050-08-23 21:00:00,4605.94,1135.79,3470.16
2050-08-23 22:00:00,4311.16,984.15,3327.02
2050-08-23 23:00:00,3961.98,652.84,3309.13
2050-08-24 00:00:00,3567.44,453.12,3114.32
2050-08-24 01:00:00,3375.02,487.23,2887.79
2050-08-24 02:00:00,3090.71,696.04,2394.66
2050-08-24 03:00:00,2930.82,600.39,2330.43
2050-08-24 04:00:00,2820.7,550.39,2270.3
2050-08-24 05:00:00,2782.0,347.83,2434.17
2050-08-24 06:00:00,2843.7,294.76,2548.94
2050-08-24 07:00:00,2963.6,404.69,2558.91
2050-08-24 08:00:00,3142.41,229.75,2912.66
2050-08-24 09:00:00,3392.49,365.4,3027.09
2050-08-24 10:00:00,3455.25,273.2,3182.05
2050-08-24 11:00:00,3503.93,101.17,3402.76
2050-08-24 12:00:00,3553.8,33.29,3520.51
2050-08-24 13:00:00,3574.16,48.95,3525.21
2050-08-24 14:00:00,3602.62,91.13,3511.49
2050-08-24 15:00:00,3664.96,243.68,3421.29
2050-08-24 16:00:00,3861.54,167.03,3694.51
2050-08-24 17:00:00,4119.81,596.28,3523.53
2050-08-24 18:00:00,4474.13,944.94,3529.19
2050-08-24 19:00:00,4617.27,1694.07,2923.2
2050-08-24 20:00:00,4716.42,2188.11,2528.3
2050-08-24 21:00:00,4594.31,1748.92,2845.39
2050-08-24 22:00:00,4304.82,1518.36,2786.47
2050-08-24 23:00:00,3958.75,1173.22,2785.52
2050-08-25 00:00:00,3566.36,1848.99,1717.37
2050-08-25 01:00:00,3375.23,2362.61,1012.62
2050-08-25 02:00:00,3091.18,2185.17,906.0
2050-08-25 03:00:00,2931.58,2094.02,837.56
2050-08-25 04:00:00,2821.9,2959.83,-137.93
2050-08-25 05:00:00,2783.36,2262.66,520.7
2050-08-25 06:00:00,2845.15,1923.48,921.67
2050-08-25 07:00:00,2964.9,1415.5,1549.4
2050-08-25 08:00:00,3143.01,1121.1,2021.91
2050-08-25 09:00:00,3397.95,747.99,2649.97
2050-08-25 10:00:00,3462.0,552.92,2909.08
2050-08-25 11:00:00,3520.15,787.07,2733.08
2050-08-25 12:00:00,3589.84,575.19,3014.65
2050-08-25 13:00:00,3682.78,686.27,2996.5
2050-08-25 14:00:00,3938.35,765.99,3172.36
2050-08-25 15:00:00,4239.6,1057.59,3182.02
2050-08-25 16:00:00,4633.85,1151.2,3482.65
2050-08-25 17:00:00,4973.98,1677.78,3296.2
2050-08-25 18:00:00,5334.12,2766.9,2567.22
2050-08-25 19:00:00,5362.99,2364.83,2998.16
2050-08-25 20:00:00,5338.01,1759.21,3578.79
2050-08-25 21:00:00,5112.65,1846.05,3266.6
2050-08-25 22:00:00,4715.51,2247.11,2468.4
2050-08-25 23:00:00,4284.28,2361.5,1922.78
2050-08-26 00:00:00,3801.42,2043.06,1758.36
2050-08-26 01:00:00,3534.95,2170.47,1364.48
2050-08-26 02:00:00,3198.51,1934.26,1264.24
2050-08-26 03:00:00,2997.4,1530.36,1467.04
2050-08-26 04:00:00,2859.34,1180.57,1678.77
2050-08-26 05:00:00,2807.01,725.87,2081.14
2050-08-26 06:00:00,2861.95,778.33,2083.62
2050-08-26 07:00:00,2980.83,855.94,2124.89
2050-08-26 08:00:00,3255.54,690.9,2564.64
2050-08-26 09:00:00,3812.76,589.59,3223.17
2050-08-26 10:00:00,4133.4,715.07,3418.33
2050-08-26 11:00:00,4469.01,556.71,3912.3
2050-08-26 12:00:00,4769.96,541.55,4228.41
2050-08-26 13:00:00,4978.77,453.96,4524.8
2050-08-26 14:00:00,5179.13,676.5,4502.63
2050-08-26 15:00:00,5381.66,908.84,4472.82
2050-08-26 16:00:00,5654.72,1457.5,4197.22
2050-08-26 17:00:00,5937.32,857.81,5079.51
2050-08-26 18:00:00,6259.66,1665.78,4593.87
2050-08-26 19:00:00,6182.74,1900.94,4281.8
2050-08-26 20:00:00,5991.02,1950.92,4040.09
2050-08-26 21:00:00,5673.8,2226.34,3447.47
2050-08-26 22:00:00,5170.95,1706.93,3464.03
2050-08-26 23:00:00,4628.67,1405.22,3223.45
2050-08-27 00:00:00,4064.36,1543.21,2521.15
2050-08-27 01:00:00,3713.54,1244.44,2469.1
2050-08-27 02:00:00,3287.23,1309.78,1977.45
2050-08-27 03:00:00,3015.17,1151.2,1863.97
2050-08-27 04:00:00,2851.54,953.03,1898.51
2050-08-27 05:00:00,2793.11,753.64,2039.47
2050-08-27 06:00:00,2848.1,785.02,2063.09
2050-08-27 07:00:00,2963.79,386.16,2577.63
2050-08-27 08:00:00,3149.58,562.61,2586.97
2050-08-27 09:00:00,3490.29,565.56,2924.73
2050-08-27 10:00:00,3746.11,487.65,3258.46
2050-08-27 11:00:00,4040.57,251.64,3788.94
2050-08-27 12:00:00,4307.21,247.99,4059.22
2050-08-27 13:00:00,4503.15,348.16,4154.99
2050-08-27 14:00:00,4743.1,472.91,4270.19
2050-08-27 15:00:00,5016.27,620.96,4395.31
2050-08-27 16:00:00,5369.34,1078.12,4291.22
2050-08-27 17:00:00,5704.15,1140.92,4563.23
2050-08-27 18:00:00,6037.73,986.01,5051.71
2050-08-27 19:00:00,5960.21,1655.49,4304.72
2050-08-27 20:00:00,5742.19,1712.93,4029.26
2050-08-27 21:00:00,5394.93,906.35,4488.58
2050-08-27 22:00:00,4905.89,496.49,4409.4
2050-08-27 23:00:00,4388.52,389.95,3998.57
2050-08-28 00:00:00,3849.62,818.6,3031.02
2050-08-28 01:00:00,3536.36,1309.04,2227.31
2050-08-28 02:00:00,3166.82,1270.13,1896.69
2050-08-28 03:00:00,2967.49,1423.21,1544.28
2050-08-28 04:00:00,2836.5,1886.24,950.26
2050-08-28 05:00:00,2786.6,1459.21,1327.39
2050-08-28 06:00:00,2847.08,1672.64,1174.44
2050-08-28 07:00:00,2963.64,1790.93,1172.71
2050-08-28 08:00:00,3146.64,1765.21,1381.43
2050-08-28 09:00:00,3512.97,1806.85,1706.12
2050-08-28 10:00:00,3858.01,2021.49,1836.52
2050-08-28 11:00:00,4219.97,1689.78,2530.19
2050-08-28 12:00:00,4539.73,1218.01,3321.72
2050-08-28 13:00:00,4764.92,920.04,3844.88
2050-08-28 14:00:00,5007.66,1173.96,3833.7
2050-08-28 15:00:00,5271.37,1143.13,4128.25
2050-08-28 16:00:00,5621.2,1848.99,3772.21
2050-08-28 17:00:00,5968.35,2047.96,3920.39
2050-08-28 18:00:00,6314.74,1913.68,4401.05
2050-08-28 19:00:00,6244.81,2034.23,4210.57
2050-08-28 20:00:00,6019.91,2365.94,3653.97
2050-08-28 21:00:00,5660.94,1881.34,3779.6
2050-08-28 22:00:00,5160.97,2001.89,3159.08
2050-08-28 23:00:00,4632.5,1685.5,2947.0
2050-08-29 00:00:00,4085.32,1186.44,2898.88
2050-08-29 01:00:00,3761.05,1245.91,2515.14
2050-08-29 02:00:00,3363.41,1446.36,1917.05
2050-08-29 03:00:00,3105.18,1664.92,1440.25
2050-08-29 04:00:00,2918.63,1136.52,1782.11
2050-08-29 05:00:00,2832.51,1255.45,1577.06
2050-08-29 06:00:00,2874.53,1825.47,1049.06
2050-08-29 07:00:00,2985.04,1858.8,1126.24
2050-08-29 08:00:00,3234.26,1581.78,1652.47
2050-08-29 09:00:00,3828.32,1911.72,1916.6
2050-08-29 10:00:00,4249.33,1400.81,2848.52
2050-08-29 11:00:00,4655.51,1655.49,3000.02
2050-08-29 12:00:00,5017.06,1295.09,3721.97
2050-08-29 13:00:00,5286.62,1448.93,3837.7
2050-08-29 14:00:00,5571.96,1659.78,3912.18
2050-08-29 15:00:00,5863.18,1987.19,3876.0
2050-08-29 16:00:00,6230.97,2093.04,4137.93
2050-08-29 17:00:00,6573.07,2740.33,3832.74
2050-08-29 18:00:00,6890.94,3046.48,3844.46
2050-08-29 19:00:00,6755.79,2765.75,3990.04
2050-08-29 20:00:00,6474.56,3432.31,3042.25
2050-08-29 21:00:00,6075.05,2950.59,3124.47
2050-08-29 22:00:00,5546.2,2956.36,2589.84
2050-08-29 23:00:00,5003.83,2342.62,2661.21
2050-08-30 00:00:00,4442.79,2515.86,1926.93
2050-08-30 01:00:00,4103.75,2852.39,1251.36
2050-08-30 02:00:00,3689.54,2022.47,1667.06
2050-08-30 03:00:00,3399.3,1964.65,1434.65
2050-08-30 04:00:00,3180.34,1994.05,1186.29
2050-08-30 05:00:00,3046.26,1645.21,1401.05
2050-08-30 06:00:00,3039.7,1784.07,1255.64
2050-08-30 07:00:00,3140.31,1821.55,1318.76
2050-08-30 08:00:00,3520.12,1749.78,1770.34
2050-08-30 09:00:00,4152.49,1975.43,2177.06
2050-08-30 10:00:00,4547.94,1601.5,2946.45
2050-08-30 11:00:00,4933.18,1131.38,3801.81
2050-08-30 12:00:00,5285.01,930.0,4355.01
2050-08-30 13:00:00,5545.1,879.59,4665.52
2050-08-30 14:00:00,5812.69,1115.96,4696.73
2050-08-30 15:00:00,6072.65,1519.21,4553.44
2050-08-30 16:00:00,6409.02,1694.92,4714.1
2050-08-30 17:00:00,6726.26,2415.91,4310.35
2050-08-30 18:00:00,7021.04,3115.79,3905.24
2050-08-30 19:00:00,6894.37,2885.89,4008.48
2050-08-30 20:00:00,6617.45,3073.04,3544.4
2050-08-30 21:00:00,6225.63,3921.5,2304.14
2050-08-30 22:00:00,5711.26,2686.89,3024.38
2050-08-30 23:00:00,5174.87,2592.49,2582.37
2050-08-31 00:00:00,4615.55,2310.41,2305.14
2050-08-31 01:00:00,4272.42,2660.24,1612.18
2050-08-31 02:00:00,3851.05,3141.21,709.84
2050-08-31 03:00:00,3558.13,2945.97,612.16
2050-08-31 04:00:00,3328.42,2168.51,1159.91
2050-08-31 05:00:00,3181.13,1798.03,1383.11
2050-08-31 06:00:00,3147.68,1894.08,1253.6
2050-08-31 07:00:00,3220.97,2096.96,1124.01
2050-08-31 08:00:00,3595.26,1514.93,2080.33
2050-08-31 09:00:00,4214.79,1245.91,2968.88
2050-08-31 10:00:00,4609.17,1173.96,3435.21
2050-08-31 11:00:00,4983.66,1015.88,3967.78
2050-08-31 12:00:00,5331.73,619.93,4711.8
2050-08-31 13:00:00,5588.8,423.22,5165.59
2050-08-31 14:00:00,5849.43,485.97,5363.46
2050-08-31 15:00:00,6119.73,917.55,5202.18
2050-08-31 16:00:00,6464.47,1126.24,5338.23
2050-08-31 17:00:00,6791.93,1409.62,5382.31
2050-08-31 18:00:00,7095.4,1572.35,5523.04
2050-08-31 19:00:00,6973.56,1378.06,5595.5
2050-08-31 20:00:00,6545.26,2215.56,4329.7
2050-08-31 21:00:00,6174.85,2526.97,3647.88
2050-08-31 22:00:00,5675.76,2721.32,2954.45
2050-08-31 23:00:00,5151.81,3023.37,2128.44
2050-09-01 00:00:00,4631.37,2410.36,2221.01
2050-09-01 01:00:00,4323.25,2787.7,1535.55
2050-09-01 02:00:00,3923.66,2521.42,1402.25
2050-09-01 03:00:00,3652.37,2126.36,1526.01
2050-09-01 04:00:00,3435.05,1899.96,1535.09
2050-09-01 05:00:00,3296.94,1956.81,1340.14
2050-09-01 06:00:00,3271.8,971.7,2300.1
2050-09-01 07:00:00,3338.64,1329.6,2009.04
2050-09-01 08:00:00,3718.4,976.68,2741.72
2050-09-01 09:00:00,4334.35,989.75,3344.6
2050-09-01 10:00:00,4752.39,976.06,3776.33
2050-09-01 11:00:00,5162.32,1197.45,3964.86
2050-09-01 12:00:00,5529.66,900.75,4628.91
2050-09-01 13:00:00,5791.59,460.7,5330.89
2050-09-01 14:00:00,6051.29,408.9,5642.39
2050-09-01 15:00:00,6307.18,424.06,5883.12
2050-09-01 16:00:00,6619.67,416.06,6203.61
2050-09-01 17:00:00,6871.14,1034.56,5836.58
2050-09-01 18:00:00,7092.63,1033.31,6059.32
2050-09-01 19:00:00,6897.5,1047.63,5849.87
2050-09-01 20:00:00,6594.94,1486.64,5108.3
2050-09-01 21:00:00,6223.8,1562.93,4660.88
2050-09-01 22:00:00,5722.35,2339.29,3383.06
2050-09-01 23:00:00,5197.5,2648.02,2549.48
2050-09-02 00:00:00,4658.46,1419.79,3238.68
2050-09-02 01:00:00,4345.33,756.73,3588.6
2050-09-02 02:00:00,3950.84,1378.06,2572.79
2050-09-02 03:00:00,3687.68,1541.5,2146.18
2050-09-02 04:00:00,3478.76,1509.79,1968.97
2050-09-02 05:00:00,3346.18,971.7,2374.49
2050-09-02 06:00:00,3330.24,959.25,2370.99
2050-09-02 07:00:00,3407.26,910.71,2496.55
2050-09-02 08:00:00,3788.47,905.11,2883.36
2050-09-02 09:00:00,4357.52,991.61,3365.91
2050-09-02 10:00:00,4697.6,919.42,3778.18
2050-09-02 11:00:00,5028.08,875.23,4152.85
2050-09-02 12:00:00,5321.11,700.16,4620.95
2050-09-02 13:00:00,5523.25,810.51,4712.75
2050-09-02 14:00:00,5731.53,1103.48,4628.05
2050-09-02 15:00:00,5941.74,1016.51,4925.23
2050-09-02 16:00:00,6208.05,1223.15,4984.9
2050-09-02 17:00:00,6435.63,1581.78,4853.85
2050-09-02 18:00:00,6661.64,1605.78,5055.86
2050-09-02 19:00:00,6500.68,2586.94,3913.74
2050-09-02 20:00:00,6234.15,2663.57,3570.58
2050-09-02 21:00:00,5888.43,2771.52,3116.91
2050-09-02 22:00:00,5412.87,2910.15,2502.71
2050-09-02 23:00:00,4913.12,2120.49,2792.63
2050-09-03 00:00:00,4391.12,2177.33,2213.79
2050-09-03 01:00:00,4093.12,2341.51,1751.61
2050-09-03 02:00:00,3716.68,1998.95,1717.74
2050-09-03 03:00:00,3478.58,1403.75,2074.83
2050-09-03 04:00:00,3289.84,1202.59,2087.25
2050-09-03 05:00:00,3178.54,1283.35,1895.2
2050-09-03 06:00:00,3186.22,1244.44,1941.78
2050-09-03 07:00:00,3273.28,1097.61,2175.67
2050-09-03 08:00:00,3586.57,918.18,2668.39
2050-09-03 09:00:00,4086.79,702.73,3384.06
2050-09-03 10:00:00,4370.54,790.16,3580.38
2050-09-03 11:00:00,4672.04,575.7,4096.33
2050-09-03 12:00:00,4889.68,483.44,4406.24
2050-09-03 13:00:00,5049.09,302.39,4746.71
2050-09-03 14:00:00,5210.24,285.47,4924.77
2050-09-03 15:00:00,5275.66,405.53,4870.13
2050-09-03 16:00:00,5399.16,668.79,4730.37
2050-09-03 17:00:00,5557.41,774.73,4782.68
2050-09-03 18:00:00,5809.6,1106.42,4703.18
2050-09-03 19:00:00,5784.1,827.93,4956.16
2050-09-03 20:00:00,5679.52,1219.48,4460.05
2050-09-03 21:00:00,5493.22,1015.26,4477.96
2050-09-03 22:00:00,5124.74,1103.48,4021.26
2050-09-03 23:00:00,4711.73,1784.07,2927.67
2050-09-04 00:00:00,4264.8,1625.5,2639.3
2050-09-04 01:00:00,4023.74,1124.77,2898.97
2050-09-04 02:00:00,3687.34,937.47,2749.87
2050-09-04 03:00:00,3462.63,1162.95,2299.69
2050-09-04 04:00:00,3252.62,1328.13,1924.49
2050-09-04 05:00:00,3119.62,993.48,2126.13
2050-09-04 06:00:00,3072.37,981.66,2090.71
2050-09-04 07:00:00,3117.31,949.3,2168.01
2050-09-04 08:00:00,3442.01,1148.26,2293.75
2050-09-04 09:00:00,3973.93,886.44,3087.49
2050-09-04 10:00:00,4290.39,1402.28,2888.11
2050-09-04 11:00:00,4587.25,939.96,3647.29
2050-09-04 12:00:00,4852.27,887.06,3965.21
2050-09-04 13:00:00,5014.03,789.13,4224.91
2050-09-04 14:00:00,5210.61,761.36,4449.25
2050-09-04 15:00:00,5442.9,1592.93,3849.97
2050-09-04 16:00:00,5747.72,1920.54,3827.18
2050-09-04 17:00:00,6028.72,2357.06,3671.67
2050-09-04 18:00:00,6310.53,2636.91,3673.62
2050-09-04 19:00:00,6198.07,2155.77,4042.3
2050-09-04 20:00:00,5929.55,1673.5,4256.06
2050-09-04 21:00:00,5550.98,2401.48,3149.5
2050-09-04 22:00:00,5039.42,1604.07,3435.35
2050-09-04 23:00:00,4479.16,2016.59,2462.56
2050-09-05 00:00:00,3869.64,2256.0,1613.65
2050-09-05 01:00:00,3511.81,2437.02,1074.79
2050-09-05 02:00:00,3140.52,2180.27,960.24
2050-09-05 03:00:00,2953.25,2148.91,804.34
2050-09-05 04:00:00,2832.56,2303.75,528.81
2050-09-05 05:00:00,2790.54,2050.9,739.65
2050-09-05 06:00:00,2877.09,2108.72,768.37
2050-09-05 07:00:00,3016.49,2136.16,880.32
2050-09-05 08:00:00,3149.93,2119.5,1030.42
2050-09-05 09:00:00,3439.02,2032.27,1406.74
2050-09-05 10:00:00,3576.94,1500.36,2076.58
2050-09-05 11:00:00,3847.32,1448.07,2399.25
2050-09-05 12:00:00,4144.62,1640.92,2503.7
2050-09-05 13:00:00,4365.37,1436.07,2929.3
2050-09-05 14:00:00,4611.43,1791.78,2819.65
2050-09-05 15:00:00,4877.62,1624.64,3252.98
2050-09-05 16:00:00,5189.58,2033.26,3156.33
2050-09-05 17:00:00,5440.73,2075.4,3365.33
2050-09-05 18:00:00,5718.37,2166.55,3551.82
2050-09-05 19:00:00,5608.49,3194.35,2414.14
2050-09-05 20:00:00,5374.95,2970.23,2404.72
2050-09-05 21:00:00,5063.24,2337.07,2726.18
2050-09-05 22:00:00,4613.3,2109.7,2503.59
2050-09-05 23:00:00,4144.7,1793.49,2351.21
2050-09-06 00:00:00,3667.12,1542.35,2124.77
2050-09-06 01:00:00,3430.7,1309.04,2121.65
2050-09-06 02:00:00,3119.12,1460.93,1658.19
2050-09-06 03:00:00,2945.49,1561.21,1384.28
2050-09-06 04:00:00,2830.37,1396.41,1433.96
2050-09-06 05:00:00,2788.62,1640.92,1147.69
2050-09-06 06:00:00,2860.07,2010.71,849.35
2050-09-06 07:00:00,2981.48,2457.01,524.47
2050-09-06 08:00:00,3143.6,2929.79,213.81
2050-09-06 09:00:00,3414.21,2213.6,1200.61
2050-09-06 10:00:00,3590.13,1775.5,1814.63
2050-09-06 11:00:00,3940.0,2232.22,1707.78
2050-09-06 12:00:00,4352.95,1628.07,2724.88
2050-09-06 13:00:00,4655.9,1186.44,3469.46
2050-09-06 14:00:00,4934.62,2139.11,2795.51
2050-09-06 15:00:00,5198.46,3069.58,2128.88
2050-09-06 16:00:00,5523.97,3026.84,2497.14
2050-09-06 17:00:00,5790.64,3627.01,2163.63
2050-09-06 18:00:00,6048.11,3855.31,2192.8
2050-09-06 19:00:00,5909.12,3788.23,2120.89
2050-09-06 20:00:00,5658.14,4135.26,1522.88
2050-09-06 21:00:00,5334.9,3565.11,1769.79
2050-09-06 22:00:00,4880.13,2965.6,1914.52
2050-09-06 23:00:00,4392.35,3120.41,1271.94
2050-09-07 00:00:00,3874.83,2401.48,1473.35
2050-09-07 01:00:00,3572.89,2080.3,1492.59
2050-09-07 02:00:00,3204.52,1888.2,1316.32
2050-09-07 03:00:00,2995.2,1602.35,1392.85
2050-09-07 04:00:00,2860.71,1856.83,1003.88
2050-09-07 05:00:00,2806.32,2238.23,568.1
2050-09-07 06:00:00,2868.72,2132.24,736.47
2050-09-07 07:00:00,2976.02,2481.44,494.58
2050-09-07 08:00:00,3186.89,1834.29,1352.6
2050-09-07 09:00:00,3634.43,1486.64,2147.79
2050-09-07 10:00:00,4020.1,1841.15,2178.94
2050-09-07 11:00:00,4366.9,1383.93,2982.97
2050-09-07 12:00:00,4652.23,1407.42,3244.81
2050-09-07 13:00:00,4854.98,1161.48,3693.5
2050-09-07 14:00:00,5086.18,1680.35,3405.82
2050-09-07 15:00:00,5316.39,2016.59,3299.8
2050-09-07 16:00:00,5620.36,2578.06,3042.3
2050-09-07 17:00:00,5895.66,3062.65,2833.01
2050-09-07 18:00:00,6156.01,3030.3,3125.71
2050-09-07 19:00:00,6032.19,2784.23,3247.96
2050-09-07 20:00:00,5793.91,2991.02,2802.89
2050-09-07 21:00:00,5481.81,2410.36,3071.45
2050-09-07 22:00:00,5030.98,2378.16,2652.82
2050-09-07 23:00:00,4557.64,2057.76,2499.88
2050-09-08 00:00:00,4058.82,1543.21,2515.61
2050-09-08 01:00:00,3776.1,1494.36,2281.74
2050-09-08 02:00:00,3404.94,1345.02,2059.92
2050-09-08 03:00:00,3162.0,1468.64,1693.36
2050-09-08 04:00:00,2981.21,1593.79,1387.42
2050-09-08 05:00:00,2898.02,1688.07,1209.95
2050-09-08 06:00:00,2937.54,1748.92,1188.62
2050-09-08 07:00:00,3042.54,1546.64,1495.9
2050-09-08 08:00:00,3270.87,1691.5,1579.37
2050-09-08 09:00:00,3630.16,1432.64,2197.52
2050-09-08 10:00:00,3714.18,1265.73,2448.45
2050-09-08 11:00:00,3995.05,1287.02,2708.03
2050-09-08 12:00:00,4330.43,1330.33,3000.1
2050-09-08 13:00:00,4593.66,1612.64,2981.02
2050-09-08 14:00:00,4891.62,1910.74,2980.88
2050-09-08 15:00:00,5204.17,2032.27,3171.89
2050-09-08 16:00:00,5609.4,2273.76,3335.64
2050-09-08 17:00:00,5989.29,2585.83,3403.46
2050-09-08 18:00:00,6344.12,2420.36,3923.77
2050-09-08 19:00:00,6269.27,3486.33,2782.94
2050-09-08 20:00:00,5999.97,2738.02,3261.96
2050-09-08 21:00:00,5602.8,2444.79,3158.01
2050-09-08 22:00:00,5046.61,2489.21,2557.39
2050-09-08 23:00:00,4460.06,2563.62,1896.44
2050-09-09 00:00:00,3854.86,1858.8,1996.07
2050-09-09 01:00:00,3487.68,2467.0,1020.68
2050-09-09 02:00:00,3131.46,2053.84,1077.62
2050-09-09 03:00:00,2949.62,2378.16,571.46
2050-09-09 04:00:00,2831.41,1748.07,1083.34
2050-09-09 05:00:00,2789.22,1589.5,1199.72
2050-09-09 06:00:00,2861.39,1238.56,1622.83
2050-09-09 07:00:00,2983.19,1195.25,1787.94
2050-09-09 08:00:00,3143.38,1090.27,2053.11
2050-09-09 09:00:00,3402.11,875.86,2526.25
2050-09-09 10:00:00,3537.5,509.55,3027.95
2050-09-09 11:00:00,3725.85,718.16,3007.69
2050-09-09 12:00:00,4001.75,964.85,3036.9
2050-09-09 13:00:00,4192.08,695.01,3497.07
2050-09-09 14:00:00,4376.76,657.99,3718.77
2050-09-09 15:00:00,4567.86,1215.07,3352.79
2050-09-09 16:00:00,4882.09,1070.03,3812.06
2050-09-09 17:00:00,5190.17,1039.54,4150.64
2050-09-09 18:00:00,5517.25,817.35,4699.9
2050-09-09 19:00:00,5464.12,824.82,4639.29
2050-09-09 20:00:00,5251.55,1287.02,3964.54
2050-09-09 21:00:00,4952.51,1226.82,3725.69
2050-09-09 22:00:00,4501.67,1117.43,3384.24
2050-09-09 23:00:00,4040.16,983.52,3056.63
2050-09-10 00:00:00,3603.45,1012.78,2590.68
2050-09-10 01:00:00,3395.74,1190.85,2204.89
2050-09-10 02:00:00,3103.58,648.73,2454.85
2050-09-10 03:00:00,2940.48,678.56,2261.92
2050-09-10 04:00:00,2827.9,828.56,1999.34
2050-09-10 05:00:00,2788.46,794.27,1994.19
2050-09-10 06:00:00,2871.77,850.96,2020.81
2050-09-10 07:00:00,2987.66,971.7,2015.96
2050-09-10 08:00:00,3148.84,1436.93,1711.91
2050-09-10 09:00:00,3381.22,1217.27,2163.95
2050-09-10 10:00:00,3451.64,1045.14,2406.5
2050-09-10 11:00:00,3521.24,1549.21,1972.02
2050-09-10 12:00:00,3637.95,1550.07,2087.88
2050-09-10 13:00:00,3825.26,1600.64,2224.62
2050-09-10 14:00:00,4146.56,1496.07,2650.49
2050-09-10 15:00:00,4475.77,1442.93,3032.84
2050-09-10 16:00:00,4887.99,1612.64,3275.35
2050-09-10 17:00:00,5282.84,1622.93,3659.91
2050-09-10 18:00:00,5659.54,1817.63,3841.91
2050-09-10 19:00:00,5630.56,2381.49,3249.06
2050-09-10 20:00:00,5427.88,2358.17,3069.72
2050-09-10 21:00:00,5130.61,1836.25,3294.36
2050-09-10 22:00:00,4678.27,1448.93,3229.34
2050-09-10 23:00:00,4183.8,1584.36,2599.45
2050-09-11 00:00:00,3665.51,2108.72,1556.79
2050-09-11 01:00:00,3415.92,1680.35,1735.56
2050-09-11 02:00:00,3112.3,1240.03,1872.26
2050-09-11 03:00:00,2943.87,1873.5,1070.37
2050-09-11 04:00:00,2829.32,2261.55,567.77
2050-09-11 05:00:00,2788.16,2071.48,716.69
2050-09-11 06:00:00,2861.68,1514.07,1347.61
2050-09-11 07:00:00,2978.11,1051.36,1926.75
2050-09-11 08:00:00,3143.51,933.11,2210.39
2050-09-11 09:00:00,3414.14,1442.93,1971.21
2050-09-11 10:00:00,3576.76,1115.96,2460.8
2050-09-11 11:00:00,3883.28,1071.9,2811.38
2050-09-11 12:00:00,4217.73,1010.29,3207.45
2050-09-11 13:00:00,4459.52,771.64,3687.88
2050-09-11 14:00:00,4727.36,656.96,4070.4
2050-09-11 15:00:00,4990.09,859.05,4131.04
2050-09-11 16:00:00,5311.32,712.5,4598.82
2050-09-11 17:00:00,5601.11,467.86,5133.26
2050-09-11 18:00:00,5860.55,646.67,5213.88
2050-09-11 19:00:00,5733.65,879.59,4854.06
2050-09-11 20:00:00,5469.58,1719.78,3749.8
2050-09-11 21:00:00,5134.87,1687.21,3447.66
2050-09-11 22:00:00,4666.37,1951.9,2714.46
2050-09-11 23:00:00,4171.4,1770.35,2401.04
2050-09-12 00:00:00,3687.15,1760.93,1926.23
2050-09-12 01:00:00,3441.21,1378.06,2063.15
2050-09-12 02:00:00,3130.32,1095.4,2034.92
2050-09-12 03:00:00,2952.72,1253.98,1698.74
2050-09-12 04:00:00,2833.74,1077.5,1756.24
2050-09-12 05:00:00,2791.04,914.44,1876.61
2050-09-12 06:00:00,2864.83,911.33,1953.5
2050-09-12 07:00:00,2974.55,622.5,2352.05
2050-09-12 08:00:00,3144.41,852.83,2291.58
2050-09-12 09:00:00,3393.54,763.42,2630.12
2050-09-12 10:00:00,3463.89,761.36,2702.53
2050-09-12 11:00:00,3518.67,526.81,2991.85
2050-09-12 12:00:00,3574.83,626.62,2948.21
2050-09-12 13:00:00,3595.21,645.65,2949.57
2050-09-12 14:00:00,3627.24,667.76,2959.48
2050-09-12 15:00:00,3698.07,1124.04,2574.03
2050-09-12 16:00:00,3910.86,1081.46,2829.4
2050-09-12 17:00:00,4177.63,1152.67,3024.96
2050-09-12 18:00:00,4533.4,2136.16,2397.24
2050-09-12 19:00:00,4714.32,2603.6,2110.72
2050-09-12 20:00:00,4737.38,2193.99,2543.39
2050-09-12 21:00:00,4615.55,2055.79,2559.76
2050-09-12 22:00:00,4325.05,2167.53,2157.52
2050-09-12 23:00:00,3977.38,2126.36,1851.01
2050-09-13 00:00:00,3582.97,1902.9,1680.07
2050-09-13 01:00:00,3391.04,1149.0,2242.04
2050-09-13 02:00:00,3105.22,1462.64,1642.58
2050-09-13 03:00:00,2943.95,1830.37,1113.58
2050-09-13 04:00:00,2832.83,1294.36,1538.47
2050-09-13 05:00:00,2792.74,1243.7,1549.03
2050-09-13 06:00:00,2866.36,1343.55,1522.81
2050-09-13 07:00:00,2971.94,1712.07,1259.87
2050-09-13 08:00:00,3155.25,2009.73,1145.52
2050-09-13 09:00:00,3443.56,1553.5,1890.06
2050-09-13 10:00:00,3602.0,1000.95,2601.05
2050-09-13 11:00:00,3816.8,636.9,3179.9
2050-09-13 12:00:00,4067.37,612.73,3454.64
2050-09-13 13:00:00,4272.81,1004.06,3268.75
2050-09-13 14:00:00,4528.08,849.1,3678.98
2050-09-13 15:00:00,4811.04,894.53,3916.51
2050-09-13 16:00:00,5180.22,1670.07,3510.15
2050-09-13 17:00:00,5518.63,1403.02,4115.61
2050-09-13 18:00:00,5807.83,1383.93,4423.9
2050-09-13 19:00:00,5710.55,1850.95,3859.59
2050-09-13 20:00:00,5477.14,1774.64,3702.5
2050-09-13 21:00:00,5196.48,2327.07,2869.41
2050-09-13 22:00:00,4760.93,2349.28,2411.64
2050-09-13 23:00:00,4309.23,2119.5,2189.73
2050-09-14 00:00:00,3725.25,1466.07,2259.18
2050-09-14 01:00:00,3451.52,1809.79,1641.73
2050-09-14 02:00:00,3130.76,2067.56,1063.21
2050-09-14 03:00:00,2954.91,2344.84,610.07
2050-09-14 04:00:00,2834.69,3033.77,-199.08
2050-09-14 05:00:00,2791.12,2679.12,112.01
2050-09-14 06:00:00,2865.34,1981.31,884.03
2050-09-14 07:00:00,2970.36,1659.78,1310.58
2050-09-14 08:00:00,3146.43,1783.21,1363.22
2050-09-14 09:00:00,3454.85,2121.46,1333.39
2050-09-14 10:00:00,3665.74,1985.23,1680.51
2050-09-14 11:00:00,4034.83,1990.13,2044.7
2050-09-14 12:00:00,4357.18,2004.83,2352.35
2050-09-14 13:00:00,4582.24,1889.18,2693.07
2050-09-14 14:00:00,4828.48,1485.79,3342.69
2050-09-14 15:00:00,5081.77,1642.64,3439.13
2050-09-14 16:00:00,5435.27,1597.21,3838.06
2050-09-14 17:00:00,5745.35,1683.78,4061.57
2050-09-14 18:00:00,6025.52,2585.83,3439.69
2050-09-14 19:00:00,5919.32,2539.19,3380.13
2050-09-14 20:00:00,5649.8,2631.36,3018.44
2050-09-14 21:00:00,5301.87,3048.79,2253.08
2050-09-14 22:00:00,4805.69,3458.19,1347.49
2050-09-14 23:00:00,4276.6,3665.27,611.32
2050-09-15 00:00:00,3727.0,3413.17,313.83
2050-09-15 01:00:00,3443.02,3651.77,-208.75
2050-09-15 02:00:00,3122.64,2987.56,135.09
2050-09-15 03:00:00,2947.02,3014.13,-67.11
2050-09-15 04:00:00,2830.92,2540.3,290.62
2050-09-15 05:00:00,2789.42,2301.53,487.9
2050-09-15 06:00:00,2865.67,2370.39,495.28
2050-09-15 07:00:00,2984.25,2382.6,601.65
2050-09-15 08:00:00,3143.43,1463.5,1679.93
2050-09-15 09:00:00,3426.24,1276.74,2149.5
2050-09-15 10:00:00,3559.64,1111.56,2448.08
2050-09-15 11:00:00,3815.58,928.13,2887.44
2050-09-15 12:00:00,4096.54,730.5,3366.04
2050-09-15 13:00:00,4296.84,677.02,3619.83
2050-09-15 14:00:00,4525.49,665.7,3859.79
2050-09-15 15:00:00,4775.8,708.9,4066.9
2050-09-15 16:00:00,5117.04,755.19,4361.85
2050-09-15 17:00:00,5445.12,955.52,4489.6
2050-09-15 18:00:00,5737.66,997.21,4740.45
2050-09-15 19:00:00,5647.84,1028.33,4619.51
2050-09-15 20:00:00,5398.64,1339.88,4058.76
2050-09-15 21:00:00,5069.42,1436.93,3632.49
2050-09-15 22:00:00,4589.96,1149.0,3440.96
2050-09-15 23:00:00,4089.62,1145.33,2944.3
2050-09-16 00:00:00,3615.81,1136.52,2479.29
2050-09-16 01:00:00,3397.29,777.3,2619.99
2050-09-16 02:00:00,3102.8,580.85,2521.95
2050-09-16 03:00:00,2939.9,478.81,2461.1
2050-09-16 04:00:00,2829.66,494.81,2334.85
2050-09-16 05:00:00,2812.3,572.1,2240.19
2050-09-16 06:00:00,2946.09,695.01,2251.07
2050-09-16 07:00:00,3114.8,499.44,2615.36
2050-09-16 08:00:00,3197.87,479.65,2718.22
2050-09-16 09:00:00,3388.52,220.9,3167.62
2050-09-16 10:00:00,3504.87,305.37,3199.5
2050-09-16 11:00:00,3676.24,376.35,3299.89
2050-09-16 12:00:00,3980.11,453.54,3526.57
2050-09-16 13:00:00,4209.35,495.23,3714.12
2050-09-16 14:00:00,4424.11,634.85,3789.26
2050-09-16 15:00:00,4588.0,587.53,4000.47
2050-09-16 16:00:00,4885.09,625.59,4259.5
2050-09-16 17:00:00,5117.11,631.76,4485.35
2050-09-16 18:00:00,5373.96,751.59,4622.37
2050-09-16 19:00:00,5449.56,561.34,4888.22
2050-09-16 20:00:00,5344.93,756.73,4588.21
2050-09-16 21:00:00,5155.06,485.97,4669.09
2050-09-16 22:00:00,4811.2,503.23,4307.96
2050-09-16 23:00:00,4423.44,352.14,4071.3
2050-09-17 00:00:00,3996.46,465.33,3531.13
2050-09-17 01:00:00,3778.36,481.75,3296.6
2050-09-17 02:00:00,3458.22,636.9,2821.31
2050-09-17 03:00:00,3261.23,705.3,2555.93
2050-09-17 04:00:00,3126.08,528.08,2598.0
2050-09-17 05:00:00,3035.44,507.44,2528.0
2050-09-17 06:00:00,3057.04,394.16,2662.88
2050-09-17 07:00:00,3111.6,477.12,2634.48
2050-09-17 08:00:00,3424.14,425.32,2998.82
2050-09-17 09:00:00,3898.16,308.69,3589.47
2050-09-17 10:00:00,4087.07,218.68,3868.39
2050-09-17 11:00:00,4308.18,199.25,4108.93
2050-09-17 12:00:00,4480.21,221.39,4258.82
2050-09-17 13:00:00,4522.94,117.24,4405.7
2050-09-17 14:00:00,4650.86,217.94,4432.92
2050-09-17 15:00:00,4824.38,304.71,4519.67
2050-09-17 16:00:00,5102.99,513.76,4589.23
2050-09-17 17:00:00,5380.85,627.65,4753.2
2050-09-17 18:00:00,5646.05,1006.55,4639.5
2050-09-17 19:00:00,5594.84,1522.64,4072.2
2050-09-17 20:00:00,5367.92,1986.21,3381.71
2050-09-17 21:00:00,5081.24,1882.32,3198.93
2050-09-17 22:00:00,4639.97,1516.64,3123.33
2050-09-17 23:00:00,4180.8,1944.06,2236.74
2050-09-18 00:00:00,3691.07,1804.89,1886.18
2050-09-18 01:00:00,3442.8,1820.57,1622.23
2050-09-18 02:00:00,3127.42,1622.93,1504.49
2050-09-18 03:00:00,2949.08,1877.42,1071.66
2050-09-18 04:00:00,2831.64,1852.91,978.73
2050-09-18 05:00:00,2789.8,2512.54,277.27
2050-09-18 06:00:00,2868.2,2102.84,765.35
2050-09-18 07:00:00,2973.24,1873.5,1099.74
2050-09-18 08:00:00,3144.69,3347.9,-203.21
2050-09-18 09:00:00,3411.59,2855.85,555.73
2050-09-18 10:00:00,3510.32,2682.45,827.87
2050-09-18 11:00:00,3603.45,2690.22,913.23
2050-09-18 12:00:00,3747.46,2951.74,795.72
2050-09-18 13:00:00,3909.21,2280.43,1628.79
2050-09-18 14:00:00,4097.98,2395.93,1702.05
2050-09-18 15:00:00,4319.01,1819.59,2499.42
2050-09-18 16:00:00,4654.01,1767.78,2886.23
2050-09-18 17:00:00,4988.43,2030.32,2958.11
2050-09-18 18:00:00,5293.96,2731.31,2562.64
2050-09-18 19:00:00,5247.6,3448.06,1799.55
2050-09-18 20:00:00,5030.5,3714.79,1315.71
2050-09-18 21:00:00,4753.61,3989.47,764.14
2050-09-18 22:00:00,4372.05,3525.72,846.33
2050-09-18 23:00:00,3995.4,3267.99,727.41
2050-09-19 00:00:00,3589.29,3762.06,-172.77
2050-09-19 01:00:00,3391.41,3178.17,213.23
2050-09-19 02:00:00,3103.36,3453.69,-350.33
2050-09-19 03:00:00,2941.64,3613.5,-671.86
2050-09-19 04:00:00,2830.06,3397.42,-567.36
2050-09-19 05:00:00,2791.64,3089.22,-297.59
2050-09-19 06:00:00,2875.87,2999.11,-123.24
2050-09-19 07:00:00,2985.77,3128.5,-142.73
2050-09-19 08:00:00,3145.53,3271.36,-125.84
2050-09-19 09:00:00,3429.57,3140.05,289.52
2050-09-19 10:00:00,3584.38,2302.64,1281.73
2050-09-19 11:00:00,3897.71,2043.06,1854.65
2050-09-19 12:00:00,4247.97,2071.48,2176.49
2050-09-19 13:00:00,4501.13,1865.66,2635.48
2050-09-19 14:00:00,4766.29,2205.75,2560.53
2050-09-19 15:00:00,5019.15,2592.49,2426.66
2050-09-19 16:00:00,5328.86,2102.84,3226.02
2050-09-19 17:00:00,5606.89,1925.44,3681.45
2050-09-19 18:00:00,5855.92,1758.35,4097.57
2050-09-19 19:00:00,5759.61,1460.93,4298.68
2050-09-19 20:00:00,5506.01,1669.21,3836.8
2050-09-19 21:00:00,5208.1,2164.59,3043.51
2050-09-19 22:00:00,4781.91,1432.64,3349.27
2050-09-19 23:00:00,4326.54,1173.22,3153.31
2050-09-20 00:00:00,3833.95,1191.58,2642.37
2050-09-20 01:00:00,3542.84,2010.71,1532.13
2050-09-20 02:00:00,3173.5,2009.73,1163.77
2050-09-20 03:00:00,2972.34,2183.21,789.13
2050-09-20 04:00:00,2842.9,2246.0,596.89
2050-09-20 05:00:00,2794.02,2173.41,620.6
2050-09-20 06:00:00,2869.86,2235.16,634.7
2050-09-20 07:00:00,2969.85,1900.94,1068.91
2050-09-20 08:00:00,3145.42,1502.93,1642.49
2050-09-20 09:00:00,3442.62,2100.88,1341.74
2050-09-20 10:00:00,3614.42,1888.2,1726.22
2050-09-20 11:00:00,3889.45,1934.26,1955.18
2050-09-20 12:00:00,4163.53,1886.24,2277.3
2050-09-20 13:00:00,4367.36,1706.07,2661.3
2050-09-20 14:00:00,4606.41,1217.27,3389.13
2050-09-20 15:00:00,4870.04,733.59,4136.45
2050-09-20 16:00:00,5218.75,974.19,4244.57
2050-09-20 17:00:00,5534.34,1323.73,4210.61
2050-09-20 18:00:00,5783.91,1416.36,4367.55
2050-09-20 19:00:00,5670.37,1672.64,3997.73
2050-09-20 20:00:00,5399.22,1592.07,3807.15
2050-09-20 21:00:00,5063.5,1721.5,3342.0
2050-09-20 22:00:00,4577.24,2359.28,2217.96
2050-09-20 23:00:00,4071.3,2010.71,2060.58
2050-09-21 00:00:00,3609.86,1991.11,1618.75
2050-09-21 01:00:00,3395.01,1693.21,1701.8
2050-09-21 02:00:00,3102.26,1668.36,1433.9
2050-09-21 03:00:00,2939.5,1852.91,1086.59
2050-09-21 04:00:00,2831.44,1953.87,877.57
2050-09-21 05:00:00,2827.04,1624.64,1202.4
2050-09-21 06:00:00,2976.54,1656.35,1320.19
2050-09-21 07:00:00,3146.84,1860.75,1286.09
2050-09-21 08:00:00,3237.14,1636.64,1600.5
2050-09-21 09:00:00,3386.99,1063.18,2323.81
2050-09-21 10:00:00,3495.68,1146.8,2348.88
2050-09-21 11:00:00,3629.97,797.36,2832.61
2050-09-21 12:00:00,3993.91,796.33,3197.59
2050-09-21 13:00:00,4170.29,593.7,3576.59
2050-09-21 14:00:00,4416.73,755.19,3661.54
2050-09-21 15:00:00,4626.52,759.3,3867.22
2050-09-21 16:00:00,4905.77,873.37,4032.4
2050-09-21 17:00:00,5169.6,1096.14,4073.46
2050-09-21 18:00:00,5417.41,1309.04,4108.37
2050-09-21 19:00:00,5325.95,2350.39,2975.55
2050-09-21 20:00:00,5099.89,2774.99,2324.91
2050-09-21 21:00:00,4831.55,2824.67,2006.88
2050-09-21 22:00:00,4441.36,2390.38,2050.98
2050-09-21 23:00:00,4035.88,2109.7,1926.17
2050-09-22 00:00:00,3614.09,2297.09,1317.0
2050-09-22 01:00:00,3408.6,2853.54,555.05
2050-09-22 02:00:00,3114.56,3016.44,98.13
2050-09-22 03:00:00,2948.9,2878.96,69.94
2050-09-22 04:00:00,2834.72,3144.67,-309.95
2050-09-22 05:00:00,2793.18,2572.5,220.67
2050-09-22 06:00:00,2873.08,3051.1,-178.02
2050-09-22 07:00:00,2972.44,3621.38,-648.95
2050-09-22 08:00:00,3163.84,3783.76,-619.92
2050-09-22 09:00:00,3527.44,3538.1,-10.66
2050-09-22 10:00:00,3825.44,3515.59,309.85
2050-09-22 11:00:00,4160.79,3045.32,1115.47
2050-09-22 12:00:00,4467.33,2595.83,1871.51
2050-09-22 13:00:00,4689.6,2806.18,1883.42
2050-09-22 14:00:00,4910.83,3496.46,1414.37
2050-09-22 15:00:00,5151.8,4079.8,1071.99
2050-09-22 16:00:00,5458.05,3705.79,1752.26
2050-09-22 17:00:00,5720.36,3233.63,2486.73
2050-09-22 18:00:00,5973.75,3223.23,2750.51
2050-09-22 19:00:00,5919.23,4079.8,1839.43
2050-09-22 20:00:00,5718.31,4537.8,1180.51
2050-09-22 21:00:00,5465.33,4578.02,887.31
2050-09-22 22:00:00,5055.87,4493.93,561.93
2050-09-22 23:00:00,4611.62,4339.41,272.22
2050-09-23 00:00:00,4132.21,4303.18,-170.97
2050-09-23 01:00:00,3865.08,4097.7,-232.62
2050-09-23 02:00:00,3505.6,4164.77,-659.17
2050-09-23 03:00:00,3272.62,4245.49,-972.87
2050-09-23 04:00:00,3083.87,4310.56,-1226.69
2050-09-23 05:00:00,2970.94,4228.72,-1257.79
2050-09-23 06:00:00,2989.65,4469.97,-1480.32
2050-09-23 07:00:00,3042.38,4500.84,-1458.45
2050-09-23 08:00:00,3369.13,4037.77,-668.64
2050-09-23 09:00:00,3869.11,3815.06,54.05
2050-09-23 10:00:00,4164.42,4187.8,-23.39
2050-09-23 11:00:00,4438.32,4036.87,401.44
2050-09-23 12:00:00,4676.44,4242.14,434.3
2050-09-23 13:00:00,4840.31,3985.89,854.42
2050-09-23 14:00:00,5031.03,4183.78,847.25
2050-09-23 15:00:00,5214.34,3952.8,1261.54
2050-09-23 16:00:00,5448.51,4246.17,1202.35
2050-09-23 17:00:00,5651.87,4099.48,1552.39
2050-09-23 18:00:00,5849.61,4103.06,1746.54
2050-09-23 19:00:00,5721.44,4133.47,1587.97
2050-09-23 20:00:00,5455.45,4122.74,1332.72
2050-09-23 21:00:00,5146.61,3571.86,1574.75
2050-09-23 22:00:00,4702.29,3434.55,1267.73
2050-09-23 23:00:00,4239.35,3081.14,1158.22
2050-09-24 00:00:00,3764.42,3289.37,475.05
2050-09-24 01:00:00,3513.56,2922.86,590.7
2050-09-24 02:00:00,3187.94,2786.54,401.4
2050-09-24 03:00:00,3010.93,3284.87,-273.94
2050-09-24 04:00:00,2891.96,3324.26,-432.3
2050-09-24 05:00:00,2849.22,2761.13,88.1
2050-09-24 06:00:00,2931.57,2887.05,44.52
2050-09-24 07:00:00,3033.42,2659.13,374.29
2050-09-24 08:00:00,3313.8,2474.77,839.02
2050-09-24 09:00:00,3816.72,2536.97,1279.75
2050-09-24 10:00:00,4118.03,2038.15,2079.87
2050-09-24 11:00:00,4437.88,1772.07,2665.81
2050-09-24 12:00:00,4726.9,1401.55,3325.35
2050-09-24 13:00:00,4928.59,1442.93,3485.66
2050-09-24 14:00:00,5157.09,1377.32,3779.77
2050-09-24 15:00:00,5381.88,1347.95,4033.93
2050-09-24 16:00:00,5622.62,1236.36,4386.26
2050-09-24 17:00:00,5838.44,1583.5,4254.94
2050-09-24 18:00:00,6078.13,1496.07,4582.06
2050-09-24 19:00:00,6018.1,2024.43,3993.66
2050-09-24 20:00:00,5812.84,2338.18,3474.67
2050-09-24 21:00:00,5557.66,1762.64,3795.02
2050-09-24 22:00:00,5157.3,1973.47,3183.83
2050-09-24 23:00:00,4723.38,1462.64,3260.73
2050-09-25 00:00:00,4262.13,1910.74,2351.39
2050-09-25 01:00:00,4013.38,1884.28,2129.1
2050-09-25 02:00:00,3679.62,2063.64,1615.98
2050-09-25 03:00:00,3473.25,1549.21,1924.04
2050-09-25 04:00:00,3317.9,1588.64,1729.26
2050-09-25 05:00:00,3232.46,1303.91,1928.55
2050-09-25 06:00:00,3268.78,1266.46,2002.32
2050-09-25 07:00:00,3323.42,1097.61,2225.81
2050-09-25 08:00:00,3666.06,1465.22,2200.84
2050-09-25 09:00:00,4226.93,1112.29,3114.64
2050-09-25 10:00:00,4537.91,1580.93,2956.98
2050-09-25 11:00:00,4828.5,1060.07,3768.42
2050-09-25 12:00:00,5085.61,1272.33,3813.28
2050-09-25 13:00:00,5277.73,1508.07,3769.66
2050-09-25 14:00:00,5491.84,2099.9,3391.94
2050-09-25 15:00:00,5697.54,2229.28,3468.26
2050-09-25 16:00:00,5983.2,2663.57,3319.63
2050-09-25 17:00:00,6246.15,2445.9,3800.25
2050-09-25 18:00:00,6478.52,1980.33,4498.19
2050-09-25 19:00:00,6337.7,2814.27,3523.44
2050-09-25 20:00:00,6050.58,2645.8,3404.79
2050-09-25 21:00:00,5697.69,3985.89,1711.8
2050-09-25 22:00:00,5194.65,3489.7,1704.94
2050-09-25 23:00:00,4641.98,3808.8,833.18
2050-09-26 00:00:00,4040.09,2438.13,1601.96
2050-09-26 01:00:00,3674.16,2494.76,1179.4
2050-09-26 02:00:00,3248.88,2512.54,736.35
2050-09-26 03:00:00,3002.82,2137.15,865.68
2050-09-26 04:00:00,2857.17,1937.2,919.97
2050-09-26 05:00:00,2800.84,2344.84,456.0
2050-09-26 06:00:00,2878.71,2545.85,332.86
2050-09-26 07:00:00,2973.96,2658.01,315.95
2050-09-26 08:00:00,3153.35,2979.47,173.88
2050-09-26 09:00:00,3437.41,2902.07,535.34
2050-09-26 10:00:00,3530.11,3173.55,356.55
2050-09-26 11:00:00,3634.99,3262.36,372.62
2050-09-26 12:00:00,3860.0,3704.66,155.34
2050-09-26 13:00:00,4052.69,3844.58,208.12
2050-09-26 14:00:00,4170.79,3783.76,387.03
2050-09-26 15:00:00,4258.09,3557.23,700.86
2050-09-26 16:00:00,4410.23,4034.19,376.04
2050-09-26 17:00:00,4560.45,4285.07,275.38
2050-09-26 18:00:00,4819.45,3274.74,1544.71
2050-09-26 19:00:00,4854.04,2786.54,2067.5
2050-09-26 20:00:00,4767.81,3077.67,1690.14
2050-09-26 21:00:00,4629.28,2841.99,1787.29
2050-09-26 22:00:00,4332.31,2626.92,1705.39
2050-09-26 23:00:00,3979.96,2435.9,1544.06
2050-09-27 00:00:00,3582.74,2744.95,837.79
2050-09-27 01:00:00,3388.37,3195.51,192.86
2050-09-27 02:00:00,3101.2,3021.06,80.15
2050-09-27 03:00:00,2940.04,2860.48,79.56
2050-09-27 04:00:00,2829.0,2543.63,285.37
2050-09-27 05:00:00,2789.36,2059.72,729.65
2050-09-27 06:00:00,2873.9,1794.35,1079.54
2050-09-27 07:00:00,2970.39,1858.8,1111.6
2050-09-27 08:00:00,3145.91,1759.21,1386.7
2050-09-27 09:00:00,3402.34,1466.07,1936.27
2050-09-27 10:00:00,3464.66,1253.98,2210.67
2050-09-27 11:00:00,3520.73,992.24,2528.49
2050-09-27 12:00:00,3589.53,1013.4,2576.14
2050-09-27 13:00:00,3653.28,1383.19,2270.09
2050-09-27 14:00:00,3845.86,1245.17,2600.68
2050-09-27 15:00:00,3994.54,1400.08,2594.46
2050-09-27 16:00:00,4317.46,1863.69,2453.77
2050-09-27 17:00:00,4572.89,2131.27,2441.62
2050-09-27 18:00:00,4937.28,2078.34,2858.94
2050-09-27 19:00:00,5040.52,2910.15,2130.36
2050-09-27 20:00:00,4959.08,2692.44,2266.64
2050-09-27 21:00:00,4795.78,2488.1,2307.68
2050-09-27 22:00:00,4480.64,2318.19,2162.45
2050-09-27 23:00:00,4115.46,2451.46,1664.01
2050-09-28 00:00:00,3713.67,2841.99,871.68
2050-09-28 01:00:00,3516.08,2514.76,1001.32
2050-09-28 02:00:00,3225.06,2836.22,388.85
2050-09-28 03:00:00,3054.55,3336.64,-282.09
2050-09-28 04:00:00,2938.82,3379.41,-440.59
2050-09-28 05:00:00,2885.54,2897.45,-11.9
2050-09-28 06:00:00,2956.93,3443.56,-486.63
2050-09-28 07:00:00,3042.27,3701.29,-659.02
2050-09-28 08:00:00,3436.26,3358.03,78.23
2050-09-28 09:00:00,3993.01,2454.78,1538.22
2050-09-28 10:00:00,4139.23,2989.87,1149.36
2050-09-28 11:00:00,4265.03,3237.09,1027.93
2050-09-28 12:00:00,4411.4,3258.99,1152.42
2050-09-28 13:00:00,4439.12,2818.89,1620.24
2050-09-28 14:00:00,4565.02,2583.61,1981.41
2050-09-28 15:00:00,4599.9,2146.95,2452.95
2050-09-28 16:00:00,4763.91,2713.54,2050.37
2050-09-28 17:00:00,4905.7,2649.13,2256.57
2050-09-28 18:00:00,5200.94,2741.48,2459.45
2050-09-28 19:00:00,5204.73,3331.01,1873.71
2050-09-28 20:00:00,5064.18,3248.65,1815.54
2050-09-28 21:00:00,4908.59,2903.22,2005.37
2050-09-28 22:00:00,4572.04,3603.38,968.66
2050-09-28 23:00:00,4199.0,3842.79,356.21
2050-09-29 00:00:00,3794.89,3827.59,-32.69
2050-09-29 01:00:00,3578.81,3807.91,-229.1
2050-09-29 02:00:00,3269.24,3578.62,-309.37
2050-09-29 03:00:00,3065.34,4010.04,-944.7
2050-09-29 04:00:00,2909.26,4209.27,-1300.01
2050-09-29 05:00:00,2831.78,4301.84,-1470.07
2050-09-29 06:00:00,2895.24,3993.94,-1098.7
2050-09-29 07:00:00,2979.76,3204.75,-224.99
2050-09-29 08:00:00,3177.73,3933.12,-755.4
2050-09-29 09:00:00,3619.67,3062.65,557.02
2050-09-29 10:00:00,3913.67,2626.92,1286.75
2050-09-29 11:00:00,4188.45,2750.73,1437.72
2050-09-29 12:00:00,4471.23,2622.48,1848.75
2050-09-29 13:00:00,4690.98,2350.39,2340.59
2050-09-29 14:00:00,4943.77,1569.79,3373.98
2050-09-29 15:00:00,5173.79,1071.27,4102.52
2050-09-29 16:00:00,5435.47,1588.64,3846.83
2050-09-29 17:00:00,5656.75,1975.43,3681.32
2050-09-29 18:00:00,5877.51,1521.78,4355.72
2050-09-29 19:00:00,5745.78,2750.73,2995.06
2050-09-29 20:00:00,5509.87,2332.62,3177.25
2050-09-29 21:00:00,5244.79,2560.29,2684.51
2050-09-29 22:00:00,4831.92,3002.57,1829.34
2050-09-29 23:00:00,4393.06,4118.27,274.79
2050-09-30 00:00:00,3936.84,3315.26,621.58
2050-09-30 01:00:00,3715.05,4175.73,-460.68
2050-09-30 02:00:00,3406.68,4531.3,-1124.62
2050-09-30 03:00:00,3233.2,4694.74,-1461.54
2050-09-30 04:00:00,3099.72,4652.35,-1552.63
2050-09-30 05:00:00,3029.44,3774.82,-745.38
2050-09-30 06:00:00,3085.04,4500.43,-1415.39
2050-09-30 07:00:00,3157.14,4558.93,-1401.79
2050-09-30 08:00:00,3429.07,4340.08,-911.01
2050-09-30 09:00:00,3790.46,4296.47,-506.02
2050-09-30 10:00:00,3921.75,4133.47,-211.72
2050-09-30 11:00:00,4078.82,4055.66,23.16
2050-09-30 12:00:00,4247.89,3328.76,919.13
2050-09-30 13:00:00,4320.58,3279.24,1041.34
2050-09-30 14:00:00,4399.55,3309.63,1089.92
2050-09-30 15:00:00,4508.32,3188.58,1319.74
2050-09-30 16:00:00,4751.42,3619.13,1132.29
2050-09-30 17:00:00,5020.04,3466.07,1553.97
2050-09-30 18:00:00,5368.7,3192.04,2176.66
2050-09-30 19:00:00,5396.08,3794.49,1601.59
2050-09-30 20:00:00,5303.88,3815.96,1487.92
2050-09-30 21:00:00,5125.24,3674.28,1450.96
2050-09-30 22:00:00,4791.5,3830.27,961.23
2050-09-30 23:00:00,4410.38,3720.42,689.96
2050-10-01 00:00:00,3889.3,4246.84,-357.53
2050-10-01 01:00:00,3677.76,3997.52,-319.75
2050-10-01 02:00:00,3382.12,3526.84,-144.73
2050-10-01 03:00:00,3220.93,3691.16,-470.23
2050-10-01 04:00:00,3108.44,3684.41,-575.97
2050-10-01 05:00:00,3071.64,3715.92,-644.28
2050-10-01 06:00:00,3158.09,3574.11,-416.02
2050-10-01 07:00:00,3244.85,3686.66,-441.81
2050-10-01 08:00:00,3518.09,3545.98,-27.88
2050-10-01 09:00:00,3806.26,3674.28,131.98
2050-10-01 10:00:00,3789.17,3287.12,502.05
2050-10-01 11:00:00,3813.71,2909.0,904.71
2050-10-01 12:00:00,3810.07,2944.81,865.25
2050-10-01 13:00:00,3767.46,2158.71,1608.75
2050-10-01 14:00:00,3762.16,2090.1,1672.06
2050-10-01 15:00:00,3735.78,2134.21,1601.57
2050-10-01 16:00:00,3860.17,2586.94,1273.23
2050-10-01 17:00:00,4068.35,2521.42,1546.93
2050-10-01 18:00:00,4427.48,2588.05,1839.43
2050-10-01 19:00:00,4610.55,3075.36,1535.2
2050-10-01 20:00:00,4607.03,4098.59,508.44
2050-10-01 21:00:00,4479.98,4168.35,311.63
2050-10-01 22:00:00,4195.2,3660.77,534.43
2050-10-01 23:00:00,3856.32,3570.74,285.58
2050-10-02 00:00:00,3479.6,3552.73,-73.13
2050-10-02 01:00:00,3322.62,3976.06,-653.44
2050-10-02 02:00:00,3109.68,4264.95,-1155.27
2050-10-02 03:00:00,3023.08,4179.76,-1156.68
2050-10-02 04:00:00,2994.52,4196.52,-1202.0
2050-10-02 05:00:00,3044.72,4187.13,-1142.42
2050-10-02 06:00:00,3218.67,4152.25,-933.58
2050-10-02 07:00:00,3389.94,4319.95,-930.01
2050-10-02 08:00:00,3437.11,3851.73,-414.62
2050-10-02 09:00:00,3449.85,3973.37,-523.52
2050-10-02 10:00:00,3392.02,4121.84,-729.82
2050-10-02 11:00:00,3418.26,3807.91,-389.65
2050-10-02 12:00:00,3475.29,4123.63,-648.34
2050-10-02 13:00:00,3526.08,4021.67,-495.59
2050-10-02 14:00:00,3704.07,3927.76,-223.68
2050-10-02 15:00:00,3964.22,3883.93,80.29
2050-10-02 16:00:00,4328.07,3633.76,694.31
2050-10-02 17:00:00,4677.08,3049.94,1627.14
2050-10-02 18:00:00,4990.61,3333.27,1657.34
2050-10-02 19:00:00,4909.05,3930.44,978.61
2050-10-02 20:00:00,4694.91,4668.05,26.86
2050-10-02 21:00:00,4500.68,3871.41,629.27
2050-10-02 22:00:00,4202.14,4314.58,-112.45
2050-10-02 23:00:00,3859.36,4291.11,-431.75
2050-10-03 00:00:00,3477.47,4456.8,-979.32
2050-10-03 01:00:00,3313.9,3313.01,0.9
2050-10-03 02:00:00,3118.06,3223.23,-105.18
2050-10-03 03:00:00,3052.5,3012.97,39.52
2050-10-03 04:00:00,3024.58,2943.66,80.92
2050-10-03 05:00:00,3064.24,3260.11,-195.87
2050-10-03 06:00:00,3213.82,3107.7,106.12
2050-10-03 07:00:00,3340.63,2738.02,602.61
2050-10-03 08:00:00,3407.31,2583.61,823.7
2050-10-03 09:00:00,3456.4,3423.3,33.1
2050-10-03 10:00:00,3438.48,3233.63,204.85
2050-10-03 11:00:00,3422.61,2608.04,814.57
2050-10-03 12:00:00,3463.08,2432.57,1030.5
2050-10-03 13:00:00,3487.74,2338.18,1149.56
2050-10-03 14:00:00,3522.93,1947.98,1574.95
2050-10-03 15:00:00,3583.92,1989.15,1594.77
2050-10-03 16:00:00,3790.09,2060.7,1729.39
2050-10-03 17:00:00,4064.42,2000.91,2063.51
2050-10-03 18:00:00,4433.76,2051.88,2381.88
2050-10-03 19:00:00,4605.89,2302.64,2303.25
2050-10-03 20:00:00,4606.32,1878.39,2727.93
2050-10-03 21:00:00,4493.52,2287.09,2206.43
2050-10-03 22:00:00,4248.73,2502.54,1746.19
2050-10-03 23:00:00,3964.48,2088.14,1876.33
2050-10-04 00:00:00,3636.84,2191.05,1445.79
2050-10-04 01:00:00,3499.62,2387.04,1112.58
2050-10-04 02:00:00,3269.08,2940.19,328.88
2050-10-04 03:00:00,3149.29,2876.65,272.64
2050-10-04 04:00:00,3087.42,3371.53,-284.11
2050-10-04 05:00:00,3085.34,3479.58,-394.24
2050-10-04 06:00:00,3207.86,3422.18,-214.32
2050-10-04 07:00:00,3326.35,2989.87,336.48
2050-10-04 08:00:00,3423.88,3049.94,373.94
2050-10-04 09:00:00,3530.71,2999.11,531.6
2050-10-04 10:00:00,3594.43,3135.43,459.0
2050-10-04 11:00:00,3635.87,3790.91,-155.05
2050-10-04 12:00:00,3663.87,3524.59,139.27
2050-10-04 13:00:00,3673.49,3585.37,88.12
2050-10-04 14:00:00,3684.5,3828.48,-143.98
2050-10-04 15:00:00,3737.59,3829.37,-91.78
2050-10-04 16:00:00,3921.36,4174.39,-253.03
2050-10-04 17:00:00,4168.99,4221.34,-52.35
2050-10-04 18:00:00,4574.29,4565.83,8.46
2050-10-04 19:00:00,4871.57,4356.85,514.73
2050-10-04 20:00:00,4922.76,4063.71,859.05
2050-10-04 21:00:00,4802.49,4330.01,472.47
2050-10-04 22:00:00,4523.7,3911.66,612.04
2050-10-04 23:00:00,4191.07,3417.67,773.39
2050-10-05 00:00:00,3814.86,4297.15,-482.28
2050-10-05 01:00:00,3631.18,3891.09,-259.9
2050-10-05 02:00:00,3360.36,3805.23,-444.87
2050-10-05 03:00:00,3207.24,4235.43,-1028.19
2050-10-05 04:00:00,3100.25,3886.61,-786.36
2050-10-05 05:00:00,3061.47,3205.9,-144.44
2050-10-05 06:00:00,3147.16,2794.63,352.53
2050-10-05 07:00:00,3230.93,2972.54,258.39
2050-10-05 08:00:00,3345.47,2303.75,1041.72
2050-10-05 09:00:00,3481.34,1802.93,1678.41
2050-10-05 10:00:00,3527.11,2068.54,1458.57
2050-10-05 11:00:00,3553.89,1800.97,1752.92
2050-10-05 12:00:00,3581.24,1747.21,1834.03
2050-10-05 13:00:00,3583.06,1175.43,2407.63
2050-10-05 14:00:00,3587.13,1289.22,2297.91
2050-10-05 15:00:00,3620.38,1113.76,2506.62
2050-10-05 16:00:00,3798.7,1104.22,2694.48
2050-10-05 17:00:00,4043.52,853.45,3190.07
2050-10-05 18:00:00,4448.96,1172.49,3276.47
2050-10-05 19:00:00,4722.74,959.25,3763.49
2050-10-05 20:00:00,4762.12,920.67,3841.45
2050-10-05 21:00:00,4634.72,1020.24,3614.48
2050-10-05 22:00:00,4352.74,916.31,3436.44
2050-10-05 23:00:00,4041.32,705.3,3336.01
2050-10-06 00:00:00,3699.74,921.91,2777.83
2050-10-06 01:00:00,3531.72,800.55,2731.16
2050-10-06 02:00:00,3279.67,659.02,2620.65
2050-10-06 03:00:00,3149.54,647.7,2501.84
2050-10-06 04:00:00,3077.37,804.91,2272.46
2050-10-06 05:00:00,3086.86,769.59,2317.27
2050-10-06 06:00:00,3210.0,787.07,2422.93
2050-10-06 07:00:00,3333.89,842.87,2491.02
2050-10-06 08:00:00,3386.84,576.22,2810.63
2050-10-06 09:00:00,3382.18,358.11,3024.07
2050-10-06 10:00:00,3370.59,369.72,3000.88
2050-10-06 11:00:00,3421.95,198.51,3223.44
2050-10-06 12:00:00,3483.43,196.05,3287.38
2050-10-06 13:00:00,3517.76,278.51,3239.25
2050-10-06 14:00:00,3655.31,365.4,3289.91
2050-10-06 15:00:00,3882.12,401.74,3480.38
2050-10-06 16:00:00,4203.25,413.95,3789.3
2050-10-06 17:00:00,4485.25,275.52,4209.73
2050-10-06 18:00:00,4756.52,515.44,4241.08
2050-10-06 19:00:00,4679.64,878.97,3800.67
2050-10-06 20:00:00,4622.18,849.1,3773.09
2050-10-06 21:00:00,4488.98,1124.77,3364.21
2050-10-06 22:00:00,4205.28,1372.91,2832.37
2050-10-06 23:00:00,3876.14,1353.83,2522.31
2050-10-07 00:00:00,3543.02,1462.64,2080.38
2050-10-07 01:00:00,3449.36,1292.16,2157.2
2050-10-07 02:00:00,3275.28,1296.56,1978.71
2050-10-07 03:00:00,3213.75,1484.07,1729.68
2050-10-07 04:00:00,3207.72,1401.55,1806.17
2050-10-07 05:00:00,3264.78,1439.5,1825.28
2050-10-07 06:00:00,3443.15,991.61,2451.54
2050-10-07 07:00:00,3601.59,1438.64,2162.94
2050-10-07 08:00:00,3641.05,1294.36,2346.69
2050-10-07 09:00:00,3578.81,1175.43,2403.38
2050-10-07 10:00:00,3499.75,1550.93,1948.82
2050-10-07 11:00:00,3427.39,1381.73,2045.66
2050-10-07 12:00:00,3462.66,1047.0,2415.66
2050-10-07 13:00:00,3492.94,1635.78,1857.15
2050-10-07 14:00:00,3560.16,1544.93,2015.23
2050-10-07 15:00:00,3836.98,2691.33,1145.65
2050-10-07 16:00:00,4273.3,2986.4,1286.9
2050-10-07 17:00:00,4624.67,2956.36,1668.31
2050-10-07 18:00:00,4928.39,3516.71,1411.68
2050-10-07 19:00:00,4847.83,2233.2,2614.63
2050-10-07 20:00:00,4677.0,3818.64,858.36
2050-10-07 21:00:00,4500.23,3809.7,690.53
2050-10-07 22:00:00,4204.46,3185.11,1019.36
2050-10-07 23:00:00,3860.45,3290.5,569.95
2050-10-08 00:00:00,3477.54,2930.95,546.6
2050-10-08 01:00:00,3291.98,2851.23,440.75
2050-10-08 02:00:00,3044.32,2071.48,972.84
2050-10-08 03:00:00,2957.13,2384.82,572.31
2050-10-08 04:00:00,2937.1,3637.14,-700.04
2050-10-08 05:00:00,2990.46,3610.13,-619.67
2050-10-08 06:00:00,3173.68,3524.59,-350.91
2050-10-08 07:00:00,3350.38,3373.78,-23.4
2050-10-08 08:00:00,3420.19,2865.1,555.09
2050-10-08 09:00:00,3423.98,2592.49,831.48
2050-10-08 10:00:00,3375.7,2862.79,512.91
2050-10-08 11:00:00,3423.1,2528.08,895.01
2050-10-08 12:00:00,3510.17,2161.65,1348.52
2050-10-08 13:00:00,3653.79,2168.51,1485.28
2050-10-08 14:00:00,3929.39,2017.57,1911.82
2050-10-08 15:00:00,4237.1,1931.32,2305.78
2050-10-08 16:00:00,4619.39,2340.4,2278.99
2050-10-08 17:00:00,4941.85,2223.39,2718.46
2050-10-08 18:00:00,5225.64,2515.86,2709.78
2050-10-08 19:00:00,5118.64,3475.07,1643.57
2050-10-08 20:00:00,4902.62,2825.82,2076.8
2050-10-08 21:00:00,4623.05,2865.1,1757.95
2050-10-08 22:00:00,4250.48,2524.75,1725.74
2050-10-08 23:00:00,3877.19,2382.6,1494.59
2050-10-09 00:00:00,3485.48,2618.04,867.45
2050-10-09 01:00:00,3295.02,2643.58,651.44
2050-10-09 02:00:00,3022.75,2808.49,214.26
2050-10-09 03:00:00,2874.87,2974.85,-99.98
2050-10-09 04:00:00,2785.3,3347.9,-562.6
2050-10-09 05:00:00,2779.51,3566.23,-786.73
2050-10-09 06:00:00,2916.94,4078.91,-1161.97
2050-10-09 07:00:00,3056.13,4079.8,-1023.68
2050-10-09 08:00:00,3161.94,3907.19,-745.24
2050-10-09 09:00:00,3314.13,4203.23,-889.11
2050-10-09 10:00:00,3394.54,4227.38,-832.84
2050-10-09 11:00:00,3492.47,4593.05,-1100.58
2050-10-09 12:00:00,3657.57,4559.33,-901.76
2050-10-09 13:00:00,3846.26,4613.76,-767.5
2050-10-09 14:00:00,4081.69,4695.17,-613.48
2050-10-09 15:00:00,4309.16,4694.73,-385.57
2050-10-09 16:00:00,4593.33,4695.6,-102.27
2050-10-09 17:00:00,4836.67,4695.6,141.07
2050-10-09 18:00:00,5058.25,4695.6,362.65
2050-10-09 19:00:00,4887.6,4694.99,192.61
2050-10-09 20:00:00,4681.31,4695.21,-13.9
2050-10-09 21:00:00,4495.49,4695.01,-199.52
2050-10-09 22:00:00,4200.27,4695.5,-495.23
2050-10-09 23:00:00,3870.5,4669.41,-798.91
2050-10-10 00:00:00,3550.19,4694.18,-1143.99
2050-10-10 01:00:00,3477.78,4678.52,-1200.73
2050-10-10 02:00:00,3325.46,4694.26,-1368.81
2050-10-10 03:00:00,3291.49,4667.28,-1375.79
2050-10-10 04:00:00,3300.94,4625.14,-1324.2
2050-10-10 05:00:00,3368.21,4298.49,-930.28
2050-10-10 06:00:00,3553.9,4393.07,-839.17
2050-10-10 07:00:00,3723.1,3741.81,-18.7
2050-10-10 08:00:00,3787.91,3773.92,13.99
2050-10-10 09:00:00,3706.03,3116.95,589.08
2050-10-10 10:00:00,3567.45,2692.44,875.01
2050-10-10 11:00:00,3430.93,2409.25,1021.68
2050-10-10 12:00:00,3465.84,2232.22,1233.62
2050-10-10 13:00:00,3502.4,2514.76,987.64
2050-10-10 14:00:00,3629.13,2798.09,831.04
2050-10-10 15:00:00,3923.09,3061.49,861.6
2050-10-10 16:00:00,4207.38,2869.72,1337.66
2050-10-10 17:00:00,4510.85,2207.72,2303.14
2050-10-10 18:00:00,4822.42,2374.83,2447.59
2050-10-10 19:00:00,4755.11,3039.54,1715.57
2050-10-10 20:00:00,4652.72,3192.04,1460.68
2050-10-10 21:00:00,4499.35,3781.97,717.38
2050-10-10 22:00:00,4205.15,3414.3,790.85
2050-10-10 23:00:00,3862.34,2095.0,1767.33
2050-10-11 00:00:00,3480.77,3189.73,291.04
2050-10-11 01:00:00,3297.24,3043.01,254.23
2050-10-11 02:00:00,3032.87,3183.95,-151.08
2050-10-11 03:00:00,2894.52,3141.21,-246.69
2050-10-11 04:00:00,2820.94,2530.3,290.64
2050-10-11 05:00:00,2832.21,2143.02,689.18
2050-10-11 06:00:00,2980.01,2121.46,858.55
2050-10-11 07:00:00,3130.42,1967.59,1162.83
2050-10-11 08:00:00,3234.02,1871.53,1362.49
2050-10-11 09:00:00,3317.3,1887.22,1430.08
2050-10-11 10:00:00,3378.97,2633.58,745.39
2050-10-11 11:00:00,3470.67,2635.8,834.86
2050-10-11 12:00:00,3675.8,1701.78,1974.01
2050-10-11 13:00:00,3923.35,1921.52,2001.83
2050-10-11 14:00:00,4194.0,2240.45,1953.55
2050-10-11 15:00:00,4471.72,1924.46,2547.26
2050-10-11 16:00:00,4798.95,2205.75,2593.2
2050-10-11 17:00:00,5059.38,2552.51,2506.87
2050-10-11 18:00:00,5299.98,2635.8,2664.18
2050-10-11 19:00:00,5156.62,1696.64,3459.99
2050-10-11 20:00:00,4928.65,2553.62,2375.03
2050-10-11 21:00:00,4654.38,2862.79,1791.59
2050-10-11 22:00:00,4281.7,2733.53,1548.16
2050-10-11 23:00:00,3898.87,2404.81,1494.06
2050-10-12 00:00:00,3503.29,2655.79,847.5
2050-10-12 01:00:00,3310.64,1816.65,1493.99
2050-10-12 02:00:00,3033.45,2263.77,769.67
2050-10-12 03:00:00,2877.98,3021.06,-143.08
2050-10-12 04:00:00,2771.84,3113.48,-341.64
2050-10-12 05:00:00,2739.21,3754.18,-1014.98
2050-10-12 06:00:00,2835.04,3163.16,-328.12
2050-10-12 07:00:00,2927.25,3449.19,-521.94
2050-10-12 08:00:00,3089.82,2518.09,571.74
2050-10-12 09:00:00,3315.83,2988.71,327.12
2050-10-12 10:00:00,3383.67,2422.58,961.1
2050-10-12 11:00:00,3438.42,2104.8,1333.61
2050-10-12 12:00:00,3515.98,1778.92,1737.05
2050-10-12 13:00:00,3600.87,1948.97,1651.9
2050-10-12 14:00:00,3760.46,1951.9,1808.56
2050-10-12 15:00:00,3952.1,1556.07,2396.03
2050-10-12 16:00:00,4154.25,1601.5,2552.75
2050-10-12 17:00:00,4406.14,1582.64,2823.5
2050-10-12 18:00:00,4706.05,2161.65,2544.4
2050-10-12 19:00:00,4669.09,1863.69,2805.4
2050-10-12 20:00:00,4619.04,1982.29,2636.75
2050-10-12 21:00:00,4484.12,2014.63,2469.49
2050-10-12 22:00:00,4196.92,2175.37,2021.54
2050-10-12 23:00:00,3869.26,2418.14,1451.12
2050-10-13 00:00:00,3547.07,2241.56,1305.51
2050-10-13 01:00:00,3467.02,2050.9,1416.13
2050-10-13 02:00:00,3308.01,2560.29,747.72
2050-10-13 03:00:00,3271.51,2454.78,816.72
2050-10-13 04:00:00,3281.09,1673.5,1607.59
2050-10-13 05:00:00,3355.95,1812.73,1543.22
2050-10-13 06:00:00,3546.7,1978.37,1568.33
2050-10-13 07:00:00,3720.46,1503.78,2216.67
2050-10-13 08:00:00,3780.16,1448.07,2332.09
2050-10-13 09:00:00,3693.02,1402.28,2290.74
2050-10-13 10:00:00,3571.97,1397.88,2174.1
2050-10-13 11:00:00,3453.63,1610.07,1843.56
2050-10-13 12:00:00,3462.43,1838.21,1624.22
2050-10-13 13:00:00,3488.01,2106.76,1381.25
2050-10-13 14:00:00,3554.18,1480.64,2073.54
2050-10-13 15:00:00,3766.3,1647.78,2118.52
2050-10-13 16:00:00,4126.77,1329.6,2797.17
2050-10-13 17:00:00,4421.46,1763.49,2657.97
2050-10-13 18:00:00,4733.74,1367.78,3365.96
2050-10-13 19:00:00,4661.86,2137.15,2524.72
2050-10-13 20:00:00,4614.8,1939.17,2675.64
2050-10-13 21:00:00,4481.66,1501.21,2980.45
2050-10-13 22:00:00,4196.66,1762.64,2434.02
2050-10-13 23:00:00,3871.46,1808.81,2062.65
2050-10-14 00:00:00,3552.54,889.55,2662.99
2050-10-14 01:00:00,3456.12,1506.36,1949.76
2050-10-14 02:00:00,3261.37,2131.27,1130.1
2050-10-14 03:00:00,3178.07,2783.07,395.0
2050-10-14 04:00:00,3143.81,2273.76,870.04
2050-10-14 05:00:00,3172.32,1962.69,1209.63
2050-10-14 06:00:00,3309.37,1394.94,1914.43
2050-10-14 07:00:00,3415.34,1225.35,2190.0
2050-10-14 08:00:00,3483.96,628.68,2855.29
2050-10-14 09:00:00,3491.15,373.36,3117.79
2050-10-14 10:00:00,3432.47,368.06,3064.42
2050-10-14 11:00:00,3434.99,410.58,3024.4
2050-10-14 12:00:00,3470.77,371.7,3099.06
2050-10-14 13:00:00,3497.54,246.66,3250.87
2050-10-14 14:00:00,3560.89,406.79,3154.1
2050-10-14 15:00:00,3672.81,449.75,3223.06
2050-10-14 16:00:00,3886.33,598.33,3288.0
2050-10-14 17:00:00,4096.02,524.71,3571.32
2050-10-14 18:00:00,4471.84,449.75,4022.09
2050-10-14 19:00:00,4612.88,687.3,3925.58
2050-10-14 20:00:00,4607.2,438.8,4168.4
2050-10-14 21:00:00,4479.79,656.96,3822.83
2050-10-14 22:00:00,4195.66,691.42,3504.25
2050-10-14 23:00:00,3859.0,1396.41,2462.59
2050-10-15 00:00:00,3487.91,1095.4,2392.51
2050-10-15 01:00:00,3326.04,1656.35,1669.68
2050-10-15 02:00:00,3094.29,1715.5,1378.79
2050-10-15 03:00:00,3003.18,1416.36,1586.82
2050-10-15 04:00:00,2973.01,1365.57,1607.43
2050-10-15 05:00:00,3006.85,1310.51,1696.33
2050-10-15 06:00:00,3160.54,1331.8,1828.74
2050-10-15 07:00:00,3318.65,959.87,2358.77
2050-10-15 08:00:00,3442.77,763.93,2678.85
2050-10-15 09:00:00,3556.39,832.91,2723.47
2050-10-15 10:00:00,3491.28,807.4,2683.88
2050-10-15 11:00:00,3447.28,765.47,2681.8
2050-10-15 12:00:00,3471.38,895.15,2576.23
2050-10-15 13:00:00,3487.02,1011.53,2475.49
2050-10-15 14:00:00,3519.62,1375.85,2143.77
2050-10-15 15:00:00,3582.76,1479.79,2102.97
2050-10-15 16:00:00,3774.86,1819.59,1955.27
2050-10-15 17:00:00,4009.81,2756.51,1253.31
2050-10-15 18:00:00,4451.12,3125.03,1326.08
2050-10-15 19:00:00,4673.74,3660.77,1012.97
2050-10-15 20:00:00,4781.29,4058.34,722.95
2050-10-15 21:00:00,4756.79,4074.44,682.35
2050-10-15 22:00:00,4561.6,4252.87,308.72
2050-10-15 23:00:00,4297.65,4293.12,4.53
2050-10-16 00:00:00,3986.49,4198.54,-212.04
2050-10-16 01:00:00,3861.64,4005.57,-143.94
2050-10-16 02:00:00,3642.29,3216.3,425.99
2050-10-16 03:00:00,3567.6,3849.95,-282.35
2050-10-16 04:00:00,3537.62,4376.97,-839.35
2050-10-16 05:00:00,3568.78,4141.52,-572.74
2050-10-16 06:00:00,3715.03,4299.16,-584.12
2050-10-16 07:00:00,3854.45,4201.22,-346.77
2050-10-16 08:00:00,3903.83,3604.5,299.34
2050-10-16 09:00:00,3851.65,3611.25,240.4
2050-10-16 10:00:00,3770.58,3518.96,251.62
2050-10-16 11:00:00,3717.58,3106.55,611.03
2050-10-16 12:00:00,3685.16,2890.51,794.64
2050-10-16 13:00:00,3621.48,2857.01,764.47
2050-10-16 14:00:00,3555.94,2761.13,794.82
2050-10-16 15:00:00,3564.89,2741.48,823.41
2050-10-16 16:00:00,3750.29,2684.67,1065.62
2050-10-16 17:00:00,3997.74,3953.7,44.05
2050-10-16 18:00:00,4435.95,3917.92,518.03
2050-10-16 19:00:00,4646.14,4151.36,494.79
2050-10-16 20:00:00,4755.84,4681.72,74.13
2050-10-16 21:00:00,4739.04,4360.87,378.17
2050-10-16 22:00:00,4560.94,4669.8,-108.85
2050-10-16 23:00:00,4323.75,4632.04,-308.29
2050-10-17 00:00:00,4038.3,4471.18,-432.88
2050-10-17 01:00:00,3940.18,4268.97,-328.8
2050-10-17 02:00:00,3746.89,4414.54,-667.65
2050-10-17 03:00:00,3665.88,4137.05,-471.17
2050-10-17 04:00:00,3630.01,3615.75,14.26
2050-10-17 05:00:00,3661.36,3750.81,-89.45
2050-10-17 06:00:00,3816.96,4118.27,-301.3
2050-10-17 07:00:00,3967.78,4054.76,-86.98
2050-10-17 08:00:00,4014.77,3815.06,199.71
2050-10-17 09:00:00,3889.6,4147.78,-258.18
2050-10-17 10:00:00,3686.73,4521.15,-834.42
2050-10-17 11:00:00,3523.32,3829.37,-306.06
2050-10-17 12:00:00,3459.9,3544.85,-84.95
2050-10-17 13:00:00,3477.68,3389.54,88.14
2050-10-17 14:00:00,3524.39,3784.65,-260.26
2050-10-17 15:00:00,3688.54,3838.32,-149.78
2050-10-17 16:00:00,4004.54,3981.42,23.12
2050-10-17 17:00:00,4317.87,4292.45,25.42
2050-10-17 18:00:00,4621.84,4232.08,389.76
2050-10-17 19:00:00,4642.46,4393.74,248.73
2050-10-17 20:00:00,4612.29,4256.89,355.4
2050-10-17 21:00:00,4480.15,4192.5,287.65
2050-10-17 22:00:00,4194.7,3133.12,1061.57
2050-10-17 23:00:00,3865.97,3371.53,494.44
2050-10-18 00:00:00,3522.53,3815.96,-293.43
2050-10-18 01:00:00,3414.22,3801.65,-387.43
2050-10-18 02:00:00,3241.54,3446.94,-205.4
2050-10-18 03:00:00,3196.21,3590.99,-394.78
2050-10-18 04:00:00,3201.73,3430.06,-228.33
2050-10-18 05:00:00,3273.67,3292.75,-19.08
2050-10-18 06:00:00,3465.02,3066.11,398.91
2050-10-18 07:00:00,3648.55,2768.06,880.49
2050-10-18 08:00:00,3739.21,2384.82,1354.39
2050-10-18 09:00:00,3673.17,1973.47,1699.7
2050-10-18 10:00:00,3561.92,2443.68,1118.24
2050-10-18 11:00:00,3454.09,2187.13,1266.96
2050-10-18 12:00:00,3460.68,2412.59,1048.09
2050-10-18 13:00:00,3481.0,2393.7,1087.29
2050-10-18 14:00:00,3516.05,3071.89,444.16
2050-10-18 15:00:00,3583.08,3296.12,286.96
2050-10-18 16:00:00,3772.54,3391.79,380.75
2050-10-18 17:00:00,4018.04,3669.78,348.27
2050-10-18 18:00:00,4457.27,3542.6,914.67
2050-10-18 19:00:00,4600.68,3269.11,1331.57
2050-10-18 20:00:00,4602.66,3405.3,1197.36
2050-10-18 21:00:00,4502.21,2882.43,1619.78
2050-10-18 22:00:00,4293.34,2196.94,2096.41
2050-10-18 23:00:00,4047.46,1575.78,2471.67
2050-10-19 00:00:00,3752.19,1637.5,2114.7
2050-10-19 01:00:00,3629.98,1756.64,1873.34
2050-10-19 02:00:00,3413.43,1610.92,1802.5
2050-10-19 03:00:00,3301.27,1718.92,1582.35
2050-10-19 04:00:00,3226.84,1587.78,1639.05
2050-10-19 05:00:00,3210.89,1557.78,1653.1
2050-10-19 06:00:00,3323.83,1419.79,1904.05
2050-10-19 07:00:00,3436.44,1240.03,2196.41
2050-10-19 08:00:00,3551.49,995.35,2556.14
2050-10-19 09:00:00,3699.23,1042.65,2656.58
2050-10-19 10:00:00,3759.41,982.9,2776.51
2050-10-19 11:00:00,3800.5,999.08,2801.41
2050-10-19 12:00:00,3839.94,916.93,2923.0
2050-10-19 13:00:00,3864.18,802.42,3061.76
2050-10-19 14:00:00,3882.44,644.62,3237.83
2050-10-19 15:00:00,3859.98,734.1,3125.88
2050-10-19 16:00:00,3930.43,1034.56,2895.87
2050-10-19 17:00:00,4078.89,1297.3,2781.6
2050-10-19 18:00:00,4563.66,1756.64,2807.03
2050-10-19 19:00:00,4871.01,1678.64,3192.37
2050-10-19 20:00:00,5014.0,2279.32,2734.68
2050-10-19 21:00:00,4984.2,2800.4,2183.79
2050-10-19 22:00:00,4787.54,4232.75,554.78
2050-10-19 23:00:00,4527.26,3995.73,531.53
2050-10-20 00:00:00,4215.28,3992.15,223.13
2050-10-20 01:00:00,4086.52,3784.65,301.86
2050-10-20 02:00:00,3862.6,3544.85,317.75
2050-10-20 03:00:00,3750.49,3422.18,328.31
2050-10-20 04:00:00,3683.49,2929.79,753.7
2050-10-20 05:00:00,3679.62,3225.54,454.07
2050-10-20 06:00:00,3796.95,2939.04,857.91
2050-10-20 07:00:00,3914.4,3457.07,457.33
2050-10-20 08:00:00,3954.88,4226.71,-271.83
2050-10-20 09:00:00,3837.65,3830.27,7.38
2050-10-20 10:00:00,3623.6,3313.01,310.59
2050-10-20 11:00:00,3448.15,3014.13,434.02
2050-10-20 12:00:00,3458.42,1971.51,1486.91
2050-10-20 13:00:00,3483.51,1668.36,1815.15
2050-10-20 14:00:00,3534.64,1570.64,1964.0
2050-10-20 15:00:00,3753.14,2091.08,1662.06
2050-10-20 16:00:00,4000.17,1921.52,2078.65
2050-10-20 17:00:00,4189.85,2362.61,1827.24
2050-10-20 18:00:00,4530.76,2149.89,2380.87
2050-10-20 19:00:00,4615.51,2498.1,2117.42
2050-10-20 20:00:00,4606.44,2601.38,2005.06
2050-10-20 21:00:00,4478.04,2339.29,2138.75
2050-10-20 22:00:00,4194.36,2942.5,1251.86
2050-10-20 23:00:00,3863.34,2777.3,1086.04
2050-10-21 00:00:00,3524.49,2652.46,872.03
2050-10-21 01:00:00,3417.1,2250.45,1166.65
2050-10-21 02:00:00,3237.18,1700.07,1537.11
2050-10-21 03:00:00,3180.58,2526.97,653.61
2050-10-21 04:00:00,3173.56,1948.97,1224.59
2050-10-21 05:00:00,3223.33,1810.77,1412.56
2050-10-21 06:00:00,3378.1,1967.59,1410.51
2050-10-21 07:00:00,3517.17,1418.93,2098.24
2050-10-21 08:00:00,3592.22,987.26,2604.96
2050-10-21 09:00:00,3576.83,2399.26,1177.57
2050-10-21 10:00:00,3449.41,2146.95,1302.47
2050-10-21 11:00:00,3418.65,1689.78,1728.86
2050-10-21 12:00:00,3470.51,1322.26,2148.25
2050-10-21 13:00:00,3508.52,1416.36,2092.16
2050-10-21 14:00:00,3618.28,1137.25,2481.03
2050-10-21 15:00:00,3822.18,1389.8,2432.38
2050-10-21 16:00:00,4119.61,1842.13,2277.48
2050-10-21 17:00:00,4221.65,2038.15,2183.5
2050-10-21 18:00:00,4499.45,2625.81,1873.64
2050-10-21 19:00:00,4603.1,2560.29,2042.82
2050-10-21 20:00:00,4604.17,2327.07,2277.1
2050-10-21 21:00:00,4548.98,2836.22,1712.76
2050-10-21 22:00:00,4404.62,2799.25,1605.38
2050-10-21 23:00:00,4208.59,2620.26,1588.33
2050-10-22 00:00:00,3968.96,2489.21,1479.75
2050-10-22 01:00:00,3914.14,2995.64,918.49
2050-10-22 02:00:00,3763.06,2018.55,1744.5
2050-10-22 03:00:00,3718.51,1788.35,1930.16
2050-10-22 04:00:00,3712.85,1528.64,2184.21
2050-10-22 05:00:00,3769.06,1222.41,2546.64
2050-10-22 06:00:00,3944.81,1547.5,2397.32
2050-10-22 07:00:00,4116.04,1933.28,2182.76
2050-10-22 08:00:00,4195.43,1868.6,2326.84
2050-10-22 09:00:00,4103.56,1460.93,2642.63
2050-10-22 10:00:00,3940.24,1524.36,2415.89
2050-10-22 11:00:00,3792.63,1829.39,1963.24
2050-10-22 12:00:00,3703.95,2024.43,1679.51
2050-10-22 13:00:00,3634.86,2130.29,1504.57
2050-10-22 14:00:00,3567.89,2307.08,1260.81
2050-10-22 15:00:00,3581.37,2700.21,881.16
2050-10-22 16:00:00,3758.74,3284.87,473.87
2050-10-22 17:00:00,4008.43,3202.44,806.0
2050-10-22 18:00:00,4524.33,2993.33,1531.0
2050-10-22 19:00:00,4831.91,3951.91,880.01
2050-10-22 20:00:00,5020.1,3835.63,1184.47
2050-10-22 21:00:00,5038.26,3488.58,1549.68
2050-10-22 22:00:00,4884.23,3359.15,1525.08
2050-10-22 23:00:00,4662.74,3229.01,1433.73
2050-10-23 00:00:00,4383.77,3730.55,653.22
2050-10-23 01:00:00,4280.73,3106.55,1174.18
2050-10-23 02:00:00,4083.41,2859.32,1224.08
2050-10-23 03:00:00,3994.32,3803.44,190.88
2050-10-23 04:00:00,3946.86,3462.69,484.17
2050-10-23 05:00:00,3959.73,3222.07,737.65
2050-10-23 06:00:00,4094.49,3010.66,1083.83
2050-10-23 07:00:00,4229.94,3159.69,1070.25
2050-10-23 08:00:00,4278.38,3240.56,1037.82
2050-10-23 09:00:00,4149.4,3144.67,1004.73
2050-10-23 10:00:00,3937.95,2855.85,1082.1
2050-10-23 11:00:00,3757.05,2634.69,1122.36
2050-10-23 12:00:00,3614.81,2440.35,1174.46
2050-10-23 13:00:00,3507.67,2600.27,907.4
2050-10-23 14:00:00,3501.01,2471.44,1029.57
2050-10-23 15:00:00,3580.63,2529.19,1051.44
2050-10-23 16:00:00,3816.49,2460.34,1356.15
2050-10-23 17:00:00,4115.15,2431.46,1683.69
2050-10-23 18:00:00,4501.23,2814.27,1686.96
2050-10-23 19:00:00,4606.71,2974.85,1631.86
2050-10-23 20:00:00,4604.12,3292.75,1311.37
2050-10-23 21:00:00,4491.47,3086.91,1404.56
2050-10-23 22:00:00,4223.16,3239.41,983.75
2050-10-23 23:00:00,3899.22,3011.82,887.4
2050-10-24 00:00:00,3532.18,2700.21,831.97
2050-10-24 01:00:00,3362.8,2419.25,943.56
2050-10-24 02:00:00,3118.84,3061.49,57.34
2050-10-24 03:00:00,2993.84,2979.47,14.37
2050-10-24 04:00:00,2929.32,3414.3,-484.98
2050-10-24 05:00:00,2941.88,2735.76,206.12
2050-10-24 06:00:00,3093.4,2674.67,418.73
2050-10-24 07:00:00,3272.72,2544.74,727.99
2050-10-24 08:00:00,3387.99,2217.52,1170.48
2050-10-24 09:00:00,3407.35,2249.33,1158.01
2050-10-24 10:00:00,3381.76,1980.33,1401.44
2050-10-24 11:00:00,3424.02,2190.07,1233.94
2050-10-24 12:00:00,3490.56,1983.27,1507.29
2050-10-24 13:00:00,3542.46,2193.01,1349.44
2050-10-24 14:00:00,3630.43,2084.22,1546.21
2050-10-24 15:00:00,3742.29,3256.73,485.56
2050-10-24 16:00:00,3956.49,2043.06,1913.43
2050-10-24 17:00:00,4241.68,2755.35,1486.33
2050-10-24 18:00:00,4641.9,3499.83,1142.07
2050-10-24 19:00:00,4671.97,3273.62,1398.36
2050-10-24 20:00:00,4629.99,3857.99,772.0
2050-10-24 21:00:00,4492.52,3316.38,1176.13
2050-10-24 22:00:00,4204.56,3899.14,305.42
2050-10-24 23:00:00,3862.35,3485.2,377.15
2050-10-25 00:00:00,3479.99,3271.36,208.63
2050-10-25 01:00:00,3292.18,2555.84,736.33
2050-10-25 02:00:00,3021.79,2044.04,977.75
2050-10-25 03:00:00,2878.55,1783.21,1095.34
2050-10-25 04:00:00,2795.23,1550.93,1244.3
2050-10-25 05:00:00,2788.4,1905.84,882.56
2050-10-25 06:00:00,2906.43,2248.23,658.21
2050-10-25 07:00:00,3026.48,2404.81,621.67
2050-10-25 08:00:00,3137.16,1826.45,1310.71
2050-10-25 09:00:00,3319.16,2227.32,1091.84
2050-10-25 10:00:00,3401.92,2065.6,1336.32
2050-10-25 11:00:00,3519.57,2291.53,1228.03
2050-10-25 12:00:00,3743.95,1574.07,2169.88
2050-10-25 13:00:00,3970.77,1940.14,2030.62
2050-10-25 14:00:00,4217.27,1781.5,2435.78
2050-10-25 15:00:00,4447.73,1640.92,2806.81
2050-10-25 16:00:00,4727.21,1344.28,3382.93
2050-10-25 17:00:00,4923.48,1401.55,3521.94
2050-10-25 18:00:00,5215.72,2177.33,3038.39
2050-10-25 19:00:00,5125.23,3296.12,1829.11
2050-10-25 20:00:00,4994.27,4258.91,735.36
2050-10-25 21:00:00,4788.11,4103.06,685.05
2050-10-25 22:00:00,4440.12,3789.12,651.0
2050-10-25 23:00:00,4043.41,3575.24,468.17
2050-10-26 00:00:00,3611.52,3877.67,-266.15
2050-10-26 01:00:00,3377.28,3168.93,208.34
2050-10-26 02:00:00,3074.75,2571.39,503.36
2050-10-26 03:00:00,2903.88,2365.94,537.94
2050-10-26 04:00:00,2790.94,2338.18,452.76
2050-10-26 05:00:00,2754.64,2614.7,139.93
2050-10-26 06:00:00,2847.75,1824.49,1023.26
2050-10-26 07:00:00,2950.18,1685.5,1264.68
2050-10-26 08:00:00,3111.16,1666.64,1444.52
2050-10-26 09:00:00,3420.6,1752.35,1668.25
2050-10-26 10:00:00,3498.45,1021.49,2476.97
2050-10-26 11:00:00,3589.1,935.6,2653.49
2050-10-26 12:00:00,3679.18,1126.24,2552.94
2050-10-26 13:00:00,3755.06,817.98,2937.08
2050-10-26 14:00:00,3894.39,625.59,3268.8
2050-10-26 15:00:00,4051.53,450.59,3600.94
2050-10-26 16:00:00,4330.82,404.27,3926.55
2050-10-26 17:00:00,4583.06,743.87,3839.19
2050-10-26 18:00:00,4984.47,852.83,4131.64
2050-10-26 19:00:00,4962.9,1435.21,3527.69
2050-10-26 20:00:00,4866.46,1803.91,3062.55
2050-10-26 21:00:00,4697.86,2492.54,2205.32
2050-10-26 22:00:00,4388.74,2152.83,2235.92
2050-10-26 23:00:00,4019.35,2308.19,1711.15
2050-10-27 00:00:00,3613.02,2217.52,1395.51
2050-10-27 01:00:00,3407.46,2707.99,699.47
2050-10-27 02:00:00,3131.86,2948.28,183.58
2050-10-27 03:00:00,2976.12,3476.2,-500.08
2050-10-27 04:00:00,2865.94,4338.73,-1472.8
2050-10-27 05:00:00,2837.9,4237.45,-1399.55
2050-10-27 06:00:00,2930.46,4684.04,-1753.58
2050-10-27 07:00:00,3040.43,4695.6,-1655.17
2050-10-27 08:00:00,3295.89,4694.22,-1398.33
2050-10-27 09:00:00,3669.13,4695.6,-1026.47
2050-10-27 10:00:00,3770.58,4695.6,-925.02
2050-10-27 11:00:00,3994.04,4694.98,-700.94
2050-10-27 12:00:00,4146.22,4651.39,-505.17
2050-10-27 13:00:00,4228.75,4461.49,-232.74
2050-10-27 14:00:00,4405.12,4600.76,-195.64
2050-10-27 15:00:00,4554.39,2826.98,1727.41
2050-10-27 16:00:00,4725.33,2566.95,2158.38
2050-10-27 17:00:00,4890.97,3311.88,1579.08
2050-10-27 18:00:00,5236.41,3144.67,2091.73
2050-10-27 19:00:00,5148.7,3342.27,1806.44
2050-10-27 20:00:00,4993.52,3523.47,1470.06
2050-10-27 21:00:00,4792.53,3738.43,1054.1
2050-10-27 22:00:00,4452.7,3992.15,460.55
2050-10-27 23:00:00,4072.88,3699.04,373.84
2050-10-28 00:00:00,3679.31,3597.75,81.57
2050-10-28 01:00:00,3499.52,3576.36,-76.85
2050-10-28 02:00:00,3214.94,3425.55,-210.62
2050-10-28 03:00:00,3026.36,3782.86,-756.51
2050-10-28 04:00:00,2844.08,3419.92,-575.84
2050-10-28 05:00:00,2767.79,3302.88,-535.09
2050-10-28 06:00:00,2849.31,3337.77,-488.46
2050-10-28 07:00:00,2953.98,3370.4,-416.42
2050-10-28 08:00:00,3112.28,3086.91,25.37
2050-10-28 09:00:00,3467.81,3627.01,-159.2
2050-10-28 10:00:00,3636.08,4199.88,-563.8
2050-10-28 11:00:00,3884.21,3867.83,16.38
2050-10-28 12:00:00,4105.5,4062.81,42.69
2050-10-28 13:00:00,4290.28,3476.2,814.08
2050-10-28 14:00:00,4511.74,3793.6,718.14
2050-10-28 15:00:00,4720.56,3789.12,931.44
2050-10-28 16:00:00,4985.11,3759.81,1225.3
2050-10-28 17:00:00,5200.71,3365.9,1834.81
2050-10-28 18:00:00,5420.95,3720.42,1700.53
2050-10-28 19:00:00,5234.55,3622.51,1612.05
2050-10-28 20:00:00,4965.23,3821.33,1143.9
2050-10-28 21:00:00,4638.1,4171.04,467.06
2050-10-28 22:00:00,4237.16,3941.17,295.98
2050-10-28 23:00:00,3866.39,3699.04,167.35
2050-10-29 00:00:00,3478.35,2915.93,562.42
2050-10-29 01:00:00,3296.3,3233.63,62.68
2050-10-29 02:00:00,3091.24,2522.53,568.71
2050-10-29 03:00:00,3060.37,3283.75,-223.38
2050-10-29 04:00:00,3076.57,3619.13,-542.56
2050-10-29 05:00:00,3165.93,2830.44,335.49
2050-10-29 06:00:00,3375.77,2501.43,874.35
2050-10-29 07:00:00,3571.66,2802.71,768.94
2050-10-29 08:00:00,3684.26,3784.65,-100.39
2050-10-29 09:00:00,3787.06,3309.63,477.42
2050-10-29 10:00:00,3782.54,3839.21,-56.67
2050-10-29 11:00:00,3776.77,4140.63,-363.86
2050-10-29 12:00:00,3773.31,4625.14,-851.83
2050-10-29 13:00:00,3764.28,4650.51,-886.24
2050-10-29 14:00:00,3733.17,4694.69,-961.52
2050-10-29 15:00:00,3718.97,4692.08,-973.11
2050-10-29 16:00:00,3810.45,4694.11,-883.66
2050-10-29 17:00:00,4054.01,4695.6,-641.59
2050-10-29 18:00:00,4595.32,4695.6,-100.28
2050-10-29 19:00:00,4923.5,4695.6,227.9
2050-10-29 20:00:00,5097.38,4695.6,401.78
2050-10-29 21:00:00,5102.35,4695.6,406.75
2050-10-29 22:00:00,4938.02,4695.6,242.42
2050-10-29 23:00:00,4704.2,4695.6,8.6
2050-10-30 00:00:00,4412.86,4683.65,-270.79
2050-10-30 01:00:00,4308.64,4653.33,-344.69
2050-10-30 02:00:00,4111.3,4323.3,-212.01
2050-10-30 03:00:00,4025.78,4495.56,-469.78
2050-10-30 04:00:00,3985.62,4485.81,-500.19
2050-10-30 05:00:00,4011.99,4233.42,-221.43
2050-10-30 06:00:00,4164.47,4355.5,-191.03
2050-10-30 07:00:00,4325.24,4478.9,-153.66
2050-10-30 08:00:00,4417.15,4376.97,40.18
2050-10-30 09:00:00,4350.69,4198.54,152.15
2050-10-30 10:00:00,4163.2,4137.94,25.26
2050-10-30 11:00:00,3940.58,3848.16,92.42
2050-10-30 12:00:00,3766.57,3234.78,531.78
2050-10-30 13:00:00,3634.67,2796.94,837.73
2050-10-30 14:00:00,3528.5,3730.55,-202.05
2050-10-30 15:00:00,3555.05,3576.36,-21.31
2050-10-30 16:00:00,3742.62,3524.59,218.03
2050-10-30 17:00:00,3999.08,2696.88,1302.2
2050-10-30 18:00:00,4465.82,2660.24,1805.59
2050-10-30 19:00:00,4680.91,2940.19,1740.72
2050-10-30 20:00:00,4790.81,2843.15,1947.66
2050-10-30 21:00:00,4728.18,2792.32,1935.86
2050-10-30 22:00:00,4510.14,2755.35,1754.79
2050-10-30 23:00:00,4227.27,2103.82,2123.45
2050-10-31 00:00:00,3889.87,2539.19,1350.69
2050-10-31 01:00:00,3742.7,1947.0,1795.7
2050-10-31 02:00:00,3525.57,2360.39,1165.18
2050-10-31 03:00:00,3440.07,2999.11,440.96
2050-10-31 04:00:00,3402.99,2656.91,746.08
2050-10-31 05:00:00,3434.72,2127.35,1307.37
2050-10-31 06:00:00,3596.02,1669.21,1926.81
2050-10-31 07:00:00,3759.21,1302.44,2456.77
2050-10-31 08:00:00,3863.68,1846.05,2017.63
2050-10-31 09:00:00,3802.21,1522.64,2279.56
2050-10-31 10:00:00,3645.63,1379.52,2266.11
2050-10-31 11:00:00,3532.33,1415.5,2116.83
2050-10-31 12:00:00,3481.69,1848.99,1632.7
2050-10-31 13:00:00,3474.82,1742.93,1731.89
2050-10-31 14:00:00,3508.08,1729.21,1778.87
2050-10-31 15:00:00,3573.69,2226.34,1347.35
2050-10-31 16:00:00,3768.36,2373.72,1394.64
2050-10-31 17:00:00,4020.13,2759.97,1260.16
2050-10-31 18:00:00,4468.5,3108.86,1359.64
2050-10-31 19:00:00,4630.27,3162.0,1468.27
2050-10-31 20:00:00,4727.18,3553.86,1173.33
2050-10-31 21:00:00,4759.41,3850.84,908.57
2050-10-31 22:00:00,4634.77,3832.95,801.82
2050-10-31 23:00:00,4464.41,4013.62,450.79
2050-11-01 00:00:00,4230.44,4097.7,132.74
2050-11-01 01:00:00,4186.02,3241.72,944.31
2050-11-01 02:00:00,4039.42,2273.76,1765.65
2050-11-01 03:00:00,4001.48,2335.96,1665.52
2050-11-01 04:00:00,4003.52,2725.76,1277.76
2050-11-01 05:00:00,4072.79,2139.11,1933.68
2050-11-01 06:00:00,4262.7,2591.38,1671.32
2050-11-01 07:00:00,4452.47,2826.98,1625.49
2050-11-01 08:00:00,4572.06,3396.29,1175.77
2050-11-01 09:00:00,4494.13,2829.29,1664.84
2050-11-01 10:00:00,4339.74,2483.66,1856.09
2050-11-01 11:00:00,4184.58,2263.77,1920.81
2050-11-01 12:00:00,4058.56,2872.03,1186.53
2050-11-01 13:00:00,3936.77,2404.81,1531.96
2050-11-01 14:00:00,3806.38,2645.8,1160.58
2050-11-01 15:00:00,3737.25,2833.91,903.34
2050-11-01 16:00:00,3848.44,2387.04,1461.4
2050-11-01 17:00:00,4112.2,3015.28,1096.91
2050-11-01 18:00:00,4729.06,3204.75,1524.31
2050-11-01 19:00:00,5102.13,3466.07,1636.06
2050-11-01 20:00:00,5316.36,4300.5,1015.86
2050-11-01 21:00:00,5328.49,4444.72,883.77
2050-11-01 22:00:00,5163.5,4408.5,755.0
2050-11-01 23:00:00,4929.83,4367.58,562.25
2050-11-02 00:00:00,4645.0,4080.7,564.3
2050-11-02 01:00:00,4543.57,3627.01,916.56
2050-11-02 02:00:00,4344.71,3604.5,740.21
2050-11-02 03:00:00,4262.25,3377.16,885.09
2050-11-02 04:00:00,4220.95,3469.44,751.51
2050-11-02 05:00:00,4242.69,3217.45,1025.24
2050-11-02 06:00:00,4388.76,3212.83,1175.93
2050-11-02 07:00:00,4544.47,2740.33,1804.14
2050-11-02 08:00:00,4634.84,3163.16,1471.69
2050-11-02 09:00:00,4534.44,2972.54,1561.9
2050-11-02 10:00:00,4349.06,2793.47,1555.59
2050-11-02 11:00:00,4152.65,2528.08,1624.57
2050-11-02 12:00:00,3993.91,2291.53,1702.38
2050-11-02 13:00:00,3845.4,1783.21,2062.19
2050-11-02 14:00:00,3703.12,1825.47,1877.65
2050-11-02 15:00:00,3636.86,2009.73,1627.13
2050-11-02 16:00:00,3769.29,1635.78,2133.51
2050-11-02 17:00:00,4030.98,1462.64,2568.33
2050-11-02 18:00:00,4581.39,1474.64,3106.75
2050-11-02 19:00:00,4936.73,1475.5,3461.23
2050-11-02 20:00:00,5161.69,1400.08,3761.62
2050-11-02 21:00:00,5202.39,1844.09,3358.3
2050-11-02 22:00:00,5059.05,2914.77,2144.27
2050-11-02 23:00:00,4842.67,3209.37,1633.3
2050-11-03 00:00:00,4562.54,3386.16,1176.38
2050-11-03 01:00:00,4461.71,3378.28,1083.43
2050-11-03 02:00:00,4265.1,3283.75,981.35
2050-11-03 03:00:00,4181.67,2648.02,1533.64
2050-11-03 04:00:00,4136.18,1790.07,2346.11
2050-11-03 05:00:00,4154.7,1666.64,2488.06
2050-11-03 06:00:00,4273.55,1556.92,2716.63
2050-11-03 07:00:00,4420.83,2006.79,2414.04
2050-11-03 08:00:00,4531.9,2609.15,1922.74
2050-11-03 09:00:00,4401.88,2529.19,1872.69
2050-11-03 10:00:00,4172.18,2980.63,1191.56
2050-11-03 11:00:00,3924.08,2935.57,988.51
2050-11-03 12:00:00,3744.72,3238.25,506.47
2050-11-03 13:00:00,3639.09,3097.31,541.78
2050-11-03 14:00:00,3591.11,2950.59,640.52
2050-11-03 15:00:00,3597.74,3002.57,595.16
2050-11-03 16:00:00,3795.51,2962.14,833.37
2050-11-03 17:00:00,4163.08,3410.92,752.16
2050-11-03 18:00:00,4591.93,3394.04,1197.89
2050-11-03 19:00:00,4897.09,3658.52,1238.57
2050-11-03 20:00:00,5052.3,3758.69,1293.62
2050-11-03 21:00:00,5034.57,3239.41,1795.16
2050-11-03 22:00:00,4847.09,2470.33,2376.76
2050-11-03 23:00:00,4568.12,1789.21,2778.91
2050-11-04 00:00:00,4224.61,1709.49,2515.11
2050-11-04 01:00:00,4075.45,1600.64,2474.81
2050-11-04 02:00:00,3801.47,1680.35,2121.12
2050-11-04 03:00:00,3644.95,1437.78,2207.16
2050-11-04 04:00:00,3535.86,1523.5,2012.36
2050-11-04 05:00:00,3494.52,1669.21,1825.31
2050-11-04 06:00:00,3557.64,1022.73,2534.91
2050-11-04 07:00:00,3642.08,850.96,2791.12
2050-11-04 08:00:00,3732.32,752.62,2979.71
2050-11-04 09:00:00,3810.45,643.07,3167.38
2050-11-04 10:00:00,3823.52,541.13,3282.39
2050-11-04 11:00:00,3824.92,883.95,2940.97
2050-11-04 12:00:00,3829.64,735.65,3094.0
2050-11-04 13:00:00,3809.31,633.82,3175.49
2050-11-04 14:00:00,3778.7,435.01,3343.69
2050-11-04 15:00:00,3761.86,371.7,3390.15
2050-11-04 16:00:00,3890.89,434.17,3456.72
2050-11-04 17:00:00,4205.73,786.56,3419.17
2050-11-04 18:00:00,4557.5,873.37,3684.13
2050-11-04 19:00:00,4767.99,1226.08,3541.9
2050-11-04 20:00:00,4843.2,1741.21,3101.99
2050-11-04 21:00:00,4764.29,2164.59,2599.7
2050-11-04 22:00:00,4523.31,1730.07,2793.24
2050-11-04 23:00:00,4211.7,2051.88,2159.82
2050-11-05 00:00:00,3854.76,2082.26,1772.5
2050-11-05 01:00:00,3697.63,1550.93,2146.7
2050-11-05 02:00:00,3457.02,1466.07,1990.95
2050-11-05 03:00:00,3336.56,1372.91,1963.64
2050-11-05 04:00:00,3262.75,1654.64,1608.11
2050-11-05 05:00:00,3259.97,1386.86,1873.11
2050-11-05 06:00:00,3372.4,1458.35,1914.04
2050-11-05 07:00:00,3513.31,1328.13,2185.18
2050-11-05 08:00:00,3655.36,1476.36,2179.01
2050-11-05 09:00:00,3748.0,1737.78,2010.22
2050-11-05 10:00:00,3713.06,1557.78,2155.28
2050-11-05 11:00:00,3609.03,1876.44,1732.59
2050-11-05 12:00:00,3537.46,2314.86,1222.61
2050-11-05 13:00:00,3496.08,2279.32,1216.76
2050-11-05 14:00:00,3511.56,2112.64,1398.91
2050-11-05 15:00:00,3568.01,1791.78,1776.23
2050-11-05 16:00:00,3781.33,2017.57,1763.76
2050-11-05 17:00:00,4130.75,1407.42,2723.33
2050-11-05 18:00:00,4474.39,2173.41,2300.98
2050-11-05 19:00:00,4656.49,2844.3,1812.18
2050-11-05 20:00:00,4806.99,3140.05,1666.94
2050-11-05 21:00:00,4821.91,3255.58,1566.33
2050-11-05 22:00:00,4676.57,3032.61,1643.96
2050-11-05 23:00:00,4475.44,2803.87,1671.57
2050-11-06 00:00:00,4218.87,2861.63,1357.23
2050-11-06 01:00:00,4183.61,2778.45,1405.16
2050-11-06 02:00:00,4032.94,2395.93,1637.01
2050-11-06 03:00:00,3943.25,2009.73,1933.52
2050-11-06 04:00:00,3893.83,1719.78,2174.05
2050-11-06 05:00:00,3907.54,1478.07,2429.47
2050-11-06 06:00:00,4027.44,1883.3,2144.14
2050-11-06 07:00:00,4087.29,1960.73,2126.56
2050-11-06 08:00:00,3949.54,1872.52,2077.03
2050-11-06 09:00:00,3940.3,2069.52,1870.78
2050-11-06 10:00:00,3782.02,2408.14,1373.88
2050-11-06 11:00:00,3657.41,2900.91,756.5
2050-11-06 12:00:00,3582.1,2766.9,815.2
2050-11-06 13:00:00,3494.31,3468.32,25.99
2050-11-06 14:00:00,3504.95,3675.4,-170.45
2050-11-06 15:00:00,3566.8,2732.42,834.37
2050-11-06 16:00:00,3778.78,2179.29,1599.49
2050-11-06 17:00:00,4126.15,2369.27,1756.88
2050-11-06 18:00:00,4556.81,2632.47,1924.34
2050-11-06 19:00:00,4865.72,3295.0,1570.72
2050-11-06 20:00:00,5011.32,3825.8,1185.53
2050-11-06 21:00:00,5009.29,3776.61,1232.68
2050-11-06 22:00:00,4832.84,3709.17,1123.67
2050-11-06 23:00:00,4584.78,4061.92,522.86
2050-11-07 00:00:00,4300.98,3414.3,886.68
2050-11-07 01:00:00,4208.56,2962.14,1246.42
2050-11-07 02:00:00,4023.38,3046.48,976.9
2050-11-07 03:00:00,3956.72,3548.23,408.49
2050-11-07 04:00:00,3931.16,3910.76,20.4
2050-11-07 05:00:00,3986.61,3976.06,10.56
2050-11-07 06:00:00,4141.15,3383.91,757.23
2050-11-07 07:00:00,4237.89,3093.84,1144.05
2050-11-07 08:00:00,4137.1,2573.61,1563.49
2050-11-07 09:00:00,4157.76,2630.25,1527.51
2050-11-07 10:00:00,4012.65,2292.65,1720.01
2050-11-07 11:00:00,3879.36,1766.07,2113.29
2050-11-07 12:00:00,3782.54,1717.21,2065.33
2050-11-07 13:00:00,3654.9,1613.5,2041.4
2050-11-07 14:00:00,3567.15,1816.65,1750.5
2050-11-07 15:00:00,3581.85,1923.48,1658.36
2050-11-07 16:00:00,3817.32,1850.95,1966.37
2050-11-07 17:00:00,4311.28,2088.14,2223.14
2050-11-07 18:00:00,4884.3,2634.69,2249.61
2050-11-07 19:00:00,5217.33,3498.71,1718.62
2050-11-07 20:00:00,5364.2,4089.64,1274.56
2050-11-07 21:00:00,5369.23,4293.79,1075.44
2050-11-07 22:00:00,5210.1,4204.58,1005.52
2050-11-07 23:00:00,4992.71,4547.55,445.16
2050-11-08 00:00:00,4730.81,4619.45,111.36
2050-11-08 01:00:00,4652.68,4662.72,-10.04
2050-11-08 02:00:00,4482.79,4574.36,-91.57
2050-11-08 03:00:00,4418.05,4622.29,-204.25
2050-11-08 04:00:00,4382.38,4639.76,-257.38
2050-11-08 05:00:00,4394.85,4494.34,-99.48
2050-11-08 06:00:00,4511.06,4330.69,180.37
2050-11-08 07:00:00,4567.06,3416.55,1150.51
2050-11-08 08:00:00,4485.16,3903.61,581.55
2050-11-08 09:00:00,4532.21,3314.13,1218.08
2050-11-08 10:00:00,4528.31,2772.68,1755.64
2050-11-08 11:00:00,4587.33,2297.09,2290.24
2050-11-08 12:00:00,4635.36,1941.12,2694.24
2050-11-08 13:00:00,4657.3,1610.92,3046.37
2050-11-08 14:00:00,4642.88,873.37,3769.51
2050-11-08 15:00:00,4663.08,547.03,4116.05
2050-11-08 16:00:00,4905.35,484.28,4421.07
2050-11-08 17:00:00,5282.82,521.76,4761.06
2050-11-08 18:00:00,5751.09,499.44,5251.65
2050-11-08 19:00:00,5958.44,610.67,5347.76
2050-11-08 20:00:00,5979.97,931.87,5048.1
2050-11-08 21:00:00,5863.94,1287.02,4576.92
2050-11-08 22:00:00,5594.79,1151.2,4443.59
2050-11-08 23:00:00,5268.08,1093.94,4174.14
2050-11-09 00:00:00,4891.16,1045.14,3846.02
2050-11-09 01:00:00,4706.02,931.25,3774.78
2050-11-09 02:00:00,4422.56,933.73,3488.82
2050-11-09 03:00:00,4256.03,902.0,3354.03
2050-11-09 04:00:00,4155.15,904.49,3250.66
2050-11-09 05:00:00,4108.87,832.29,3276.58
2050-11-09 06:00:00,4187.44,637.93,3549.51
2050-11-09 07:00:00,4223.17,545.76,3677.4
2050-11-09 08:00:00,4163.72,408.06,3755.66
2050-11-09 09:00:00,4181.82,435.01,3746.81
2050-11-09 10:00:00,4020.44,433.32,3587.12
2050-11-09 11:00:00,3874.15,216.47,3657.68
2050-11-09 12:00:00,3747.76,129.4,3618.37
2050-11-09 13:00:00,3604.39,205.4,3398.99
2050-11-09 14:00:00,3541.07,127.19,3413.88
2050-11-09 15:00:00,3581.43,159.16,3422.27
2050-11-09 16:00:00,3837.4,290.11,3547.29
2050-11-09 17:00:00,4294.99,341.53,3953.47
2050-11-09 18:00:00,4827.3,581.87,4245.43
2050-11-09 19:00:00,5105.41,1010.29,4095.12
2050-11-09 20:00:00,5189.0,958.01,4231.0
2050-11-09 21:00:00,5128.65,1139.45,3989.2
2050-11-09 22:00:00,4903.21,1688.93,3214.28
2050-11-09 23:00:00,4626.88,1610.07,3016.81
2050-11-10 00:00:00,4297.04,1303.91,2993.13
2050-11-10 01:00:00,4174.85,1596.35,2578.5
2050-11-10 02:00:00,3965.02,1832.33,2132.69
2050-11-10 03:00:00,3867.64,1537.21,2330.42
2050-11-10 04:00:00,3803.89,2228.3,1575.59
2050-11-10 05:00:00,3823.46,2828.13,995.33
2050-11-10 06:00:00,3926.96,3004.89,922.07
2050-11-10 07:00:00,3990.3,3805.23,185.07
2050-11-10 08:00:00,3966.02,4026.14,-60.13
2050-11-10 09:00:00,4074.47,3985.0,89.47
2050-11-10 10:00:00,4046.3,3887.51,158.79
2050-11-10 11:00:00,3960.28,3945.65,14.63
2050-11-10 12:00:00,3849.74,4462.16,-612.42
2050-11-10 13:00:00,3694.82,4617.01,-922.19
2050-11-10 14:00:00,3609.59,4183.11,-573.52
2050-11-10 15:00:00,3613.55,4467.53,-853.98
2050-11-10 16:00:00,3840.03,4636.51,-796.48
2050-11-10 17:00:00,4272.8,4493.93,-221.13
2050-11-10 18:00:00,4828.7,4333.37,495.33
2050-11-10 19:00:00,5155.28,4584.52,570.76
2050-11-10 20:00:00,5295.91,4537.8,758.11
2050-11-10 21:00:00,5281.73,4494.34,787.39
2050-11-10 22:00:00,5095.9,4650.71,445.19
2050-11-10 23:00:00,4844.51,4635.29,209.22
2050-11-11 00:00:00,4541.59,4215.31,326.28
2050-11-11 01:00:00,4428.91,4217.99,210.92
2050-11-11 02:00:00,4223.67,3654.02,569.65
2050-11-11 03:00:00,4130.76,3785.55,345.21
2050-11-11 04:00:00,4083.45,3634.89,448.56
2050-11-11 05:00:00,4101.63,3319.76,781.87
2050-11-11 06:00:00,4226.6,3156.23,1070.38
2050-11-11 07:00:00,4295.01,3285.99,1009.01
2050-11-11 08:00:00,4253.16,3491.95,761.2
2050-11-11 09:00:00,4365.89,3012.97,1352.91
2050-11-11 10:00:00,4268.18,2881.27,1386.91
2050-11-11 11:00:00,4117.81,3180.48,937.33
2050-11-11 12:00:00,3979.48,3114.64,864.84
2050-11-11 13:00:00,3785.23,2693.55,1091.68
2050-11-11 14:00:00,3646.0,2773.83,872.17
2050-11-11 15:00:00,3618.72,3123.88,494.84
2050-11-11 16:00:00,3847.85,3642.77,205.08
2050-11-11 17:00:00,4315.37,3514.46,800.91
2050-11-11 18:00:00,4874.5,3964.43,910.07
2050-11-11 19:00:00,5199.21,4351.48,847.73
2050-11-11 20:00:00,5331.91,4658.46,673.46
2050-11-11 21:00:00,5311.46,4599.14,712.32
2050-11-11 22:00:00,5118.25,4662.43,455.81
2050-11-11 23:00:00,4858.61,4663.4,195.21
2050-11-12 00:00:00,4544.6,4417.89,126.71
2050-11-12 01:00:00,4418.68,3926.86,491.82
2050-11-12 02:00:00,4203.01,4416.55,-213.54
2050-11-12 03:00:00,4101.59,3923.29,178.3
2050-11-12 04:00:00,4044.07,3594.37,449.7
2050-11-12 05:00:00,4055.05,3172.4,882.65
2050-11-12 06:00:00,4178.1,3054.56,1123.54
2050-11-12 07:00:00,4244.48,2897.45,1347.03
2050-11-12 08:00:00,4090.86,3275.87,815.0
2050-11-12 09:00:00,4034.43,3933.12,101.3
2050-11-12 10:00:00,3827.81,3386.16,441.65
2050-11-12 11:00:00,3655.13,3373.78,281.35
2050-11-12 12:00:00,3550.02,3622.51,-72.48
2050-11-12 13:00:00,3481.03,2413.69,1067.33
2050-11-12 14:00:00,3504.64,2645.8,858.84
2050-11-12 15:00:00,3574.9,1934.26,1640.63
2050-11-12 16:00:00,3798.65,1877.42,1921.23
2050-11-12 17:00:00,4127.05,1750.64,2376.42
2050-11-12 18:00:00,4485.27,2053.84,2431.43
2050-11-12 19:00:00,4726.75,2287.09,2439.66
2050-11-12 20:00:00,4857.3,2280.43,2576.88
2050-11-12 21:00:00,4855.5,1760.93,3094.57
2050-11-12 22:00:00,4684.55,1572.35,3112.19
2050-11-12 23:00:00,4444.99,1430.07,3014.91
2050-11-13 00:00:00,4147.06,1361.9,2785.16
2050-11-13 01:00:00,4030.15,1491.78,2538.37
2050-11-13 02:00:00,3817.53,2572.5,1245.03
2050-11-13 03:00:00,3718.67,3823.11,-104.44
2050-11-13 04:00:00,3664.3,3121.57,542.73
2050-11-13 05:00:00,3673.71,2967.92,705.8
2050-11-13 06:00:00,3795.85,3632.63,163.22
2050-11-13 07:00:00,3868.99,3142.36,726.63
2050-11-13 08:00:00,3730.24,3295.0,435.24
2050-11-13 09:00:00,3667.33,3513.34,153.99
2050-11-13 10:00:00,3513.86,2914.77,599.09
2050-11-13 11:00:00,3424.39,3751.93,-327.54
2050-11-13 12:00:00,3462.55,3592.12,-129.57
2050-11-13 13:00:00,3489.01,2986.4,502.61
2050-11-13 14:00:00,3557.42,3506.58,50.83
2050-11-13 15:00:00,3719.97,4464.17,-744.21
2050-11-13 16:00:00,3916.87,4694.4,-777.53
2050-11-13 17:00:00,4161.23,4606.45,-445.22
2050-11-13 18:00:00,4470.74,4527.24,-56.5
2050-11-13 19:00:00,4601.1,4623.1,-22.01
2050-11-13 20:00:00,4615.63,4529.27,86.36
2050-11-13 21:00:00,4541.8,4650.42,-108.62
2050-11-13 22:00:00,4351.39,4667.28,-315.89
2050-11-13 23:00:00,4108.88,4616.61,-507.73
2050-11-14 00:00:00,3822.7,4670.18,-847.48
2050-11-14 01:00:00,3731.55,4593.45,-861.9
2050-11-14 02:00:00,3545.99,4654.1,-1108.11
2050-11-14 03:00:00,3471.05,4485.4,-1014.35
2050-11-14 04:00:00,3436.16,4429.97,-993.81
2050-11-14 05:00:00,3465.17,4177.74,-712.57
2050-11-14 06:00:00,3600.84,3767.66,-166.82
2050-11-14 07:00:00,3685.0,4017.2,-332.2
2050-11-14 08:00:00,3576.82,3946.54,-369.72
2050-11-14 09:00:00,3562.12,3440.18,121.93
2050-11-14 10:00:00,3438.21,3064.96,373.25
2050-11-14 11:00:00,3419.23,2717.99,701.24
2050-11-14 12:00:00,3466.69,2841.99,624.7
2050-11-14 13:00:00,3494.51,2778.45,716.06
2050-11-14 14:00:00,3531.83,2721.32,810.51
2050-11-14 15:00:00,3603.28,2174.39,1428.88
2050-11-14 16:00:00,3829.61,2152.83,1676.78
2050-11-14 17:00:00,4144.45,2060.7,2083.76
2050-11-14 18:00:00,4468.58,2044.04,2424.54
2050-11-14 19:00:00,4603.73,2437.02,2166.71
2050-11-14 20:00:00,4636.05,2606.93,2029.12
2050-11-14 21:00:00,4560.65,2240.45,2320.2
2050-11-14 22:00:00,4343.56,2037.18,2306.38
2050-11-14 23:00:00,4071.25,1541.5,2529.75
2050-11-15 00:00:00,3747.81,1497.78,2250.03
2050-11-15 01:00:00,3612.22,1103.48,2508.74
2050-11-15 02:00:00,3384.6,1100.55,2284.05
2050-11-15 03:00:00,3276.99,979.79,2297.2
2050-11-15 04:00:00,3207.77,1202.59,2005.18
2050-11-15 05:00:00,3195.19,1029.58,2165.62
2050-11-15 06:00:00,3292.3,930.0,2362.3
2050-11-15 07:00:00,3343.06,1640.07,1702.99
2050-11-15 08:00:00,3341.28,1380.99,1960.29
2050-11-15 09:00:00,3488.65,1355.3,2133.35
2050-11-15 10:00:00,3492.48,2196.94,1295.55
2050-11-15 11:00:00,3472.15,2880.12,592.03
2050-11-15 12:00:00,3488.42,2746.1,742.32
2050-11-15 13:00:00,3488.65,3413.17,75.48
2050-11-15 14:00:00,3516.81,3508.83,7.97
2050-11-15 15:00:00,3580.41,3534.72,45.69
2050-11-15 16:00:00,3815.14,3798.07,17.08
2050-11-15 17:00:00,4138.18,4474.43,-336.25
2050-11-15 18:00:00,4466.4,4694.72,-228.32
2050-11-15 19:00:00,4614.12,4695.6,-81.48
2050-11-15 20:00:00,4652.79,4695.6,-42.81
2050-11-15 21:00:00,4569.63,4695.6,-125.97
2050-11-15 22:00:00,4333.68,4695.6,-361.92
2050-11-15 23:00:00,4042.23,4695.6,-653.37
2050-11-16 00:00:00,3724.2,4695.6,-971.4
2050-11-16 01:00:00,3601.52,4695.6,-1094.08
2050-11-16 02:00:00,3393.32,4695.6,-1302.28
2050-11-16 03:00:00,3294.53,4695.6,-1401.07
2050-11-16 04:00:00,3224.14,4695.6,-1471.46
2050-11-16 05:00:00,3213.34,4694.78,-1481.44
2050-11-16 06:00:00,3311.59,4694.73,-1383.14
2050-11-16 07:00:00,3362.88,4523.99,-1161.11
2050-11-16 08:00:00,3422.38,4694.42,-1272.04
2050-11-16 09:00:00,3559.14,4598.33,-1039.19
2050-11-16 10:00:00,3464.75,4366.24,-901.48
2050-11-16 11:00:00,3432.12,4360.2,-928.08
2050-11-16 12:00:00,3465.67,4206.59,-740.91
2050-11-16 13:00:00,3487.64,4154.93,-667.3
2050-11-16 14:00:00,3519.32,3627.01,-107.69
2050-11-16 15:00:00,3578.97,3418.8,160.17
2050-11-16 16:00:00,3810.86,4221.34,-410.49
2050-11-16 17:00:00,4135.72,4228.05,-92.33
2050-11-16 18:00:00,4465.61,4430.63,34.98
2050-11-16 19:00:00,4606.79,4344.77,262.01
2050-11-16 20:00:00,4627.72,4292.45,335.27
2050-11-16 21:00:00,4517.76,4534.15,-16.39
2050-11-16 22:00:00,4238.61,4392.4,-153.79
2050-11-16 23:00:00,3897.69,4476.47,-578.78
2050-11-17 00:00:00,3509.24,4453.44,-944.2
2050-11-17 01:00:00,3314.8,4562.17,-1247.37
2050-11-17 02:00:00,3036.16,4562.99,-1526.83
2050-11-17 03:00:00,2878.97,4502.46,-1623.49
2050-11-17 04:00:00,2771.54,4570.3,-1798.76
2050-11-17 05:00:00,2738.04,4379.65,-1641.61
2050-11-17 06:00:00,2826.21,4283.73,-1457.52
2050-11-17 07:00:00,2930.44,4544.71,-1614.27
2050-11-17 08:00:00,3115.02,4381.67,-1266.65
2050-11-17 09:00:00,3350.76,4096.8,-746.04
2050-11-17 10:00:00,3474.41,4041.35,-566.93
2050-11-17 11:00:00,3564.3,3780.18,-215.88
2050-11-17 12:00:00,3544.84,3738.43,-193.59
2050-11-17 13:00:00,3566.99,4069.97,-502.98
2050-11-17 14:00:00,3615.23,4183.11,-567.88
2050-11-17 15:00:00,3659.1,4331.36,-672.26
2050-11-17 16:00:00,3834.37,4389.71,-555.34
2050-11-17 17:00:00,4136.32,4488.65,-352.33
2050-11-17 18:00:00,4471.13,4552.43,-81.3
2050-11-17 19:00:00,4676.36,4536.17,140.18
2050-11-17 20:00:00,4802.41,4508.15,294.27
2050-11-17 21:00:00,4805.87,4530.9,274.97
2050-11-17 22:00:00,4645.43,4472.4,173.02
2050-11-17 23:00:00,4416.82,4415.88,0.94
2050-11-18 00:00:00,4131.96,4234.09,-102.13
2050-11-18 01:00:00,4029.26,4451.43,-422.17
2050-11-18 02:00:00,3830.65,3995.73,-165.08
2050-11-18 03:00:00,3742.12,4052.97,-310.86
2050-11-18 04:00:00,3699.61,3631.51,68.1
2050-11-18 05:00:00,3726.0,3006.04,719.96
2050-11-18 06:00:00,3872.18,2726.87,1145.31
2050-11-18 07:00:00,3970.57,3255.58,715.0
2050-11-18 08:00:00,3889.34,3345.64,543.7
2050-11-18 09:00:00,3890.21,3606.75,283.46
2050-11-18 10:00:00,3747.05,3711.42,35.64
2050-11-18 11:00:00,3637.92,3584.24,53.68
2050-11-18 12:00:00,3569.85,3032.61,537.24
2050-11-18 13:00:00,3503.73,3107.7,396.02
2050-11-18 14:00:00,3506.73,3211.68,295.05
2050-11-18 15:00:00,3563.39,3787.33,-223.95
2050-11-18 16:00:00,3803.58,3944.75,-141.17
2050-11-18 17:00:00,4169.05,4049.4,119.66
2050-11-18 18:00:00,4613.38,3730.55,882.83
2050-11-18 19:00:00,4879.56,3931.33,948.22
2050-11-18 20:00:00,4991.35,4050.29,941.06
2050-11-18 21:00:00,4970.63,3908.08,1062.55
2050-11-18 22:00:00,4798.43,3974.27,824.16
2050-11-18 23:00:00,4549.75,3458.19,1091.56
2050-11-19 00:00:00,4280.67,3714.79,565.88
2050-11-19 01:00:00,4198.0,3794.49,403.51
2050-11-19 02:00:00,4032.36,2838.53,1193.83
2050-11-19 03:00:00,3977.5,2658.01,1319.48
2050-11-19 04:00:00,3954.36,2897.45,1056.91
2050-11-19 05:00:00,3989.0,2689.11,1299.89
2050-11-19 06:00:00,4147.75,2231.24,1916.52
2050-11-19 07:00:00,4258.5,2181.25,2077.24
2050-11-19 08:00:00,4195.88,3351.27,844.61
2050-11-19 09:00:00,4252.87,3706.91,545.95
2050-11-19 10:00:00,4156.62,3859.78,296.84
2050-11-19 11:00:00,4080.47,3722.67,357.8
2050-11-19 12:00:00,4028.03,3781.97,246.06
2050-11-19 13:00:00,3909.28,3611.25,298.03
2050-11-19 14:00:00,3821.54,3701.29,120.25
2050-11-19 15:00:00,3819.91,3896.46,-76.55
2050-11-19 16:00:00,4129.29,4091.43,37.86
2050-11-19 17:00:00,4660.75,3754.18,906.57
2050-11-19 18:00:00,5262.67,3704.66,1558.01
2050-11-19 19:00:00,5592.3,4121.84,1470.45
2050-11-19 20:00:00,5716.04,4144.2,1571.84
2050-11-19 21:00:00,5689.47,4424.6,1264.87
2050-11-19 22:00:00,5493.63,4695.6,798.03
2050-11-19 23:00:00,5223.4,4543.89,679.5
2050-11-20 00:00:00,4897.85,4694.89,202.96
2050-11-20 01:00:00,4756.41,4694.43,61.98
2050-11-20 02:00:00,4525.81,4645.04,-119.23
2050-11-20 03:00:00,4400.9,4517.09,-116.19
2050-11-20 04:00:00,4310.72,4535.36,-224.64
2050-11-20 05:00:00,4269.45,4652.45,-383.0
2050-11-20 06:00:00,4331.81,4680.26,-348.45
2050-11-20 07:00:00,4320.94,4695.6,-374.66
2050-11-20 08:00:00,4240.04,4695.23,-455.19
2050-11-20 09:00:00,4302.37,4686.36,-384.0
2050-11-20 10:00:00,4189.08,4684.33,-495.25
2050-11-20 11:00:00,4069.95,4469.15,-399.2
2050-11-20 12:00:00,3982.46,4283.06,-300.6
2050-11-20 13:00:00,3866.77,4448.75,-581.98
2050-11-20 14:00:00,3781.41,4449.41,-668.01
2050-11-20 15:00:00,3793.25,4608.07,-814.83
2050-11-20 16:00:00,4067.94,4493.12,-425.18
2050-11-20 17:00:00,4485.77,4477.28,8.49
2050-11-20 18:00:00,4995.37,4652.35,343.02
2050-11-20 19:00:00,5269.55,4664.66,604.89
2050-11-20 20:00:00,5376.99,4688.79,688.21
2050-11-20 21:00:00,5364.66,4694.69,669.97
2050-11-20 22:00:00,5186.59,4685.3,501.29
2050-11-20 23:00:00,4942.13,4611.32,330.8
2050-11-21 00:00:00,4632.67,4508.56,124.11
2050-11-21 01:00:00,4515.11,4412.52,102.59
2050-11-21 02:00:00,4341.42,4416.55,-75.13
2050-11-21 03:00:00,4274.54,4372.95,-98.41
2050-11-21 04:00:00,4257.65,3839.21,418.44
2050-11-21 05:00:00,4314.51,3419.92,894.59
2050-11-21 06:00:00,4482.04,3030.3,1451.74
2050-11-21 07:00:00,4588.5,3355.77,1232.73
2050-11-21 08:00:00,4517.77,3601.12,916.64
2050-11-21 09:00:00,4543.76,3631.51,912.25
2050-11-21 10:00:00,4415.86,3683.28,732.58
2050-11-21 11:00:00,4279.7,3462.69,817.01
2050-11-21 12:00:00,4174.36,3693.41,480.95
2050-11-21 13:00:00,4001.03,3407.55,593.48
2050-11-21 14:00:00,3854.4,3388.41,465.99
2050-11-21 15:00:00,3813.64,3636.01,177.63
2050-11-21 16:00:00,4100.72,3683.28,417.44
2050-11-21 17:00:00,4597.06,4503.68,93.38
2050-11-21 18:00:00,5191.01,4681.33,509.69
2050-11-21 19:00:00,5515.86,4695.6,820.26
2050-11-21 20:00:00,5618.0,4695.6,922.4
2050-11-21 21:00:00,5535.33,4695.6,839.73
2050-11-21 22:00:00,5269.41,4695.6,573.81
2050-11-21 23:00:00,4908.98,4695.6,213.38
2050-11-22 00:00:00,4489.89,4695.6,-205.71
2050-11-22 01:00:00,4257.88,4695.6,-437.72
2050-11-22 02:00:00,3934.49,4695.6,-761.11
2050-11-22 03:00:00,3735.12,4695.6,-960.48
2050-11-22 04:00:00,3581.78,4695.6,-1113.82
2050-11-22 05:00:00,3509.48,4695.6,-1186.12
2050-11-22 06:00:00,3566.18,4695.6,-1129.42
2050-11-22 07:00:00,3584.86,4638.14,-1053.28
2050-11-22 08:00:00,3575.9,4403.8,-827.9
2050-11-22 09:00:00,3586.67,3504.34,82.33
2050-11-22 10:00:00,3457.78,3702.41,-244.63
2050-11-22 11:00:00,3427.9,2920.55,507.35
2050-11-22 12:00:00,3463.38,2872.03,591.35
2050-11-22 13:00:00,3490.93,3045.32,445.61
2050-11-22 14:00:00,3559.44,3803.44,-244.0
2050-11-22 15:00:00,3688.88,4289.1,-600.22
2050-11-22 16:00:00,3921.74,4467.53,-545.79
2050-11-22 17:00:00,4173.78,4578.02,-404.23
2050-11-22 18:00:00,4473.66,4688.69,-215.03
2050-11-22 19:00:00,4602.2,4695.24,-93.04
2050-11-22 20:00:00,4609.5,4680.65,-71.15
2050-11-22 21:00:00,4488.38,4663.89,-175.51
2050-11-22 22:00:00,4214.22,4652.35,-438.14
2050-11-22 23:00:00,3890.55,4689.85,-799.3
2050-11-23 00:00:00,3535.11,4690.43,-1155.33
2050-11-23 01:00:00,3386.12,4686.17,-1300.05
2050-11-23 02:00:00,3163.19,4694.18,-1530.99
2050-11-23 03:00:00,3067.97,4564.2,-1496.24
2050-11-23 04:00:00,3027.48,4397.1,-1369.62
2050-11-23 05:00:00,3058.58,4043.14,-984.55
2050-11-23 06:00:00,3214.02,3821.33,-607.31
2050-11-23 07:00:00,3322.95,3283.75,39.2
2050-11-23 08:00:00,3311.46,3398.54,-87.08
2050-11-23 09:00:00,3377.73,3423.3,-45.57
2050-11-23 10:00:00,3377.13,3454.82,-77.68
2050-11-23 11:00:00,3425.31,2982.94,442.37
2050-11-23 12:00:00,3479.51,2841.99,637.52
2050-11-23 13:00:00,3508.59,2495.88,1012.71
2050-11-23 14:00:00,3545.17,2581.39,963.78
2050-11-23 15:00:00,3607.21,2839.68,767.52
2050-11-23 16:00:00,3842.73,2219.47,1623.26
2050-11-23 17:00:00,4148.46,2016.59,2131.87
2050-11-23 18:00:00,4471.77,2118.52,2353.25
2050-11-23 19:00:00,4602.52,2024.43,2578.08
2050-11-23 20:00:00,4612.33,2462.56,2149.77
2050-11-23 21:00:00,4505.02,1960.73,2544.29
2050-11-23 22:00:00,4270.12,1711.21,2558.91
2050-11-23 23:00:00,4062.82,2077.36,1985.46
2050-11-24 00:00:00,3853.09,1972.49,1880.6
2050-11-24 01:00:00,3844.98,1721.5,2123.48
2050-11-24 02:00:00,3758.45,1766.07,1992.38
2050-11-24 03:00:00,3764.45,1853.89,1910.55
2050-11-24 04:00:00,3805.65,2330.4,1475.25
2050-11-24 05:00:00,3904.58,2035.21,1869.37
2050-11-24 06:00:00,4101.86,1446.36,2655.5
2050-11-24 07:00:00,4233.48,1368.51,2864.97
2050-11-24 08:00:00,4203.38,765.99,3437.4
2050-11-24 09:00:00,4246.45,701.7,3544.75
2050-11-24 10:00:00,4166.51,1176.9,2989.62
2050-11-24 11:00:00,4110.35,1311.98,2798.37
2050-11-24 12:00:00,4082.97,1253.25,2829.73
2050-11-24 13:00:00,3977.62,1161.48,2816.14
2050-11-24 14:00:00,3892.08,1026.47,2865.61
2050-11-24 15:00:00,3896.43,1364.1,2532.32
2050-11-24 16:00:00,4237.64,1724.92,2512.72
2050-11-24 17:00:00,4770.72,2375.94,2394.79
2050-11-24 18:00:00,5367.46,2227.32,3140.15
2050-11-24 19:00:00,5687.66,2625.81,3061.85
2050-11-24 20:00:00,5815.84,2534.75,3281.1
2050-11-24 21:00:00,5789.71,3201.28,2588.43
2050-11-24 22:00:00,5591.69,2755.35,2836.34
2050-11-24 23:00:00,5319.09,3036.08,2283.01
2050-11-25 00:00:00,4998.47,2641.35,2357.11
2050-11-25 01:00:00,4878.67,3625.88,1252.79
2050-11-25 02:00:00,4682.37,3320.88,1361.49
2050-11-25 03:00:00,4587.02,3601.12,985.9
2050-11-25 04:00:00,4534.51,3159.69,1374.82
2050-11-25 05:00:00,4540.78,2792.32,1748.46
2050-11-25 06:00:00,4662.09,2014.63,2647.46
2050-11-25 07:00:00,4720.43,1756.64,2963.79
2050-11-25 08:00:00,4700.54,1993.07,2707.47
2050-11-25 09:00:00,4780.21,1475.5,3304.71
2050-11-25 10:00:00,4689.17,1353.09,3336.08
2050-11-25 11:00:00,4584.95,1191.58,3393.37
2050-11-25 12:00:00,4490.7,905.11,3585.6
2050-11-25 13:00:00,4343.0,871.5,3471.5
2050-11-25 14:00:00,4237.09,901.37,3335.71
2050-11-25 15:00:00,4225.95,1005.3,3220.64
2050-11-25 16:00:00,4490.26,717.13,3773.13
2050-11-25 17:00:00,4863.47,721.76,4141.71
2050-11-25 18:00:00,5365.47,707.87,4657.6
2050-11-25 19:00:00,5599.67,940.58,4659.09
2050-11-25 20:00:00,5657.84,1020.87,4636.98
2050-11-25 21:00:00,5565.88,796.33,4769.55
2050-11-25 22:00:00,5312.07,933.73,4378.33
2050-11-25 23:00:00,4978.96,1253.25,3725.71
2050-11-26 00:00:00,4568.93,1550.07,3018.86
2050-11-26 01:00:00,4332.0,1988.17,2343.83
2050-11-26 02:00:00,4012.95,1983.27,2029.68
2050-11-26 03:00:00,3791.15,1600.64,2190.51
2050-11-26 04:00:00,3610.28,1492.64,2117.64
2050-11-26 05:00:00,3508.5,2101.86,1406.64
2050-11-26 06:00:00,3565.52,2404.81,1160.71
2050-11-26 07:00:00,3566.29,2585.83,980.46
2050-11-26 08:00:00,3511.92,3237.09,274.83
2050-11-26 09:00:00,3666.09,3506.58,159.5
2050-11-26 10:00:00,3697.02,4066.39,-369.37
2050-11-26 11:00:00,3703.73,3485.2,218.53
2050-11-26 12:00:00,3656.56,3687.78,-31.22
2050-11-26 13:00:00,3566.54,3849.05,-282.51
2050-11-26 14:00:00,3558.25,4116.48,-558.23
2050-11-26 15:00:00,3649.48,4571.92,-922.45
2050-11-26 16:00:00,4020.74,4653.23,-632.48
2050-11-26 17:00:00,4543.23,4694.6,-151.37
2050-11-26 18:00:00,5161.4,4647.48,513.92
2050-11-26 19:00:00,5540.18,4565.83,974.35
2050-11-26 20:00:00,5706.07,4694.21,1011.87
2050-11-26 21:00:00,5721.75,4695.24,1026.51
2050-11-26 22:00:00,5559.82,4695.6,864.22
2050-11-26 23:00:00,5335.33,4695.6,639.73
2050-11-27 00:00:00,5060.95,4593.05,467.9
2050-11-27 01:00:00,4975.21,4595.49,379.73
2050-11-27 02:00:00,4796.29,4657.88,138.41
2050-11-27 03:00:00,4733.53,4556.89,176.64
2050-11-27 04:00:00,4714.78,4477.28,237.5
2050-11-27 05:00:00,4758.82,4317.94,440.89
2050-11-27 06:00:00,4920.74,3827.59,1093.15
2050-11-27 07:00:00,5017.9,3934.91,1082.99
2050-11-27 08:00:00,4972.84,4057.44,915.4
2050-11-27 09:00:00,4979.45,4500.84,478.61
2050-11-27 10:00:00,4834.86,3874.1,960.77
2050-11-27 11:00:00,4696.41,4254.21,442.2
2050-11-27 12:00:00,4577.77,4523.59,54.19
2050-11-27 13:00:00,4405.9,4503.68,-97.78
2050-11-27 14:00:00,4253.27,4346.78,-93.52
2050-11-27 15:00:00,4209.3,4109.32,99.97
2050-11-27 16:00:00,4539.06,4547.14,-8.08
2050-11-27 17:00:00,5039.97,4690.53,349.44
2050-11-27 18:00:00,5613.78,4694.28,919.5
2050-11-27 19:00:00,5916.9,4694.76,1222.14
2050-11-27 20:00:00,6025.23,4691.98,1333.25
2050-11-27 21:00:00,5986.05,4695.6,1290.45
2050-11-27 22:00:00,5775.63,4694.66,1080.97
2050-11-27 23:00:00,5497.21,4694.05,803.16
2050-11-28 00:00:00,5160.29,4691.4,468.89
2050-11-28 01:00:00,4998.44,4657.88,340.56
2050-11-28 02:00:00,4738.39,4690.92,47.47
2050-11-28 03:00:00,4604.16,4534.55,69.61
2050-11-28 04:00:00,4520.61,4281.72,238.89
2050-11-28 05:00:00,4499.34,3966.22,533.12
2050-11-28 06:00:00,4615.8,4114.69,501.11
2050-11-28 07:00:00,4679.18,3946.54,732.64
2050-11-28 08:00:00,4612.54,3754.18,858.36
2050-11-28 09:00:00,4578.52,3916.13,662.39
2050-11-28 10:00:00,4408.97,3667.53,741.45
2050-11-28 11:00:00,4250.82,3708.04,542.78
2050-11-28 12:00:00,4130.26,3772.13,358.13
2050-11-28 13:00:00,3954.54,3715.92,238.62
2050-11-28 14:00:00,3813.05,3774.82,38.23
2050-11-28 15:00:00,3777.53,4178.41,-400.89
2050-11-28 16:00:00,4071.36,4617.83,-546.46
2050-11-28 17:00:00,4543.58,4622.7,-79.12
2050-11-28 18:00:00,5117.82,4694.0,423.82
2050-11-28 19:00:00,5430.26,4673.48,756.78
2050-11-28 20:00:00,5551.36,4627.57,923.79
2050-11-28 21:00:00,5520.09,4674.35,845.74
2050-11-28 22:00:00,5323.32,4650.42,672.9
2050-11-28 23:00:00,5065.77,4565.83,499.94
2050-11-29 00:00:00,4763.68,4553.24,210.44
2050-11-29 01:00:00,4633.85,4330.01,303.84
2050-11-29 02:00:00,4408.32,4281.04,127.27
2050-11-29 03:00:00,4292.41,4131.68,160.73
2050-11-29 04:00:00,4223.31,3612.38,610.93
2050-11-29 05:00:00,4218.85,3828.48,390.38
2050-11-29 06:00:00,4337.95,3732.8,605.15
2050-11-29 07:00:00,4397.82,3721.54,676.27
2050-11-29 08:00:00,4330.14,3583.11,747.02
2050-11-29 09:00:00,4269.35,3661.9,607.45
2050-11-29 10:00:00,4058.57,3333.27,725.31
2050-11-29 11:00:00,3881.38,2632.47,1248.91
2050-11-29 12:00:00,3759.88,2585.83,1174.05
2050-11-29 13:00:00,3656.24,3016.44,639.8
2050-11-29 14:00:00,3639.78,2666.9,972.88
2050-11-29 15:00:00,3705.7,3173.55,532.14
2050-11-29 16:00:00,3996.12,3423.3,572.82
2050-11-29 17:00:00,4397.35,3523.47,873.89
2050-11-29 18:00:00,4918.79,3391.79,1527.0
2050-11-29 19:00:00,5179.93,3597.75,1582.18
2050-11-29 20:00:00,5237.38,3445.81,1791.57
2050-11-29 21:00:00,5148.08,3999.31,1148.77
2050-11-29 22:00:00,4902.77,3886.61,1016.15
2050-11-29 23:00:00,4609.37,3629.26,980.11
2050-11-30 00:00:00,4284.16,2948.28,1335.88
2050-11-30 01:00:00,4117.83,2392.6,1725.23
2050-11-30 02:00:00,3900.19,2045.01,1855.18
2050-11-30 03:00:00,3787.63,1973.47,1814.16
2050-11-30 04:00:00,3706.64,1664.07,2042.57
2050-11-30 05:00:00,3665.4,1569.79,2095.62
2050-11-30 06:00:00,3753.03,1529.5,2223.54
2050-11-30 07:00:00,3769.81,1649.5,2120.31
2050-11-30 08:00:00,3775.72,2006.79,1768.93
2050-11-30 09:00:00,3906.89,2152.83,1754.06
2050-11-30 10:00:00,3805.78,2213.6,1592.19
2050-11-30 11:00:00,3701.16,2605.82,1095.34
2050-11-30 12:00:00,3616.52,3666.4,-49.88
2050-11-30 13:00:00,3540.02,3424.43,115.59
2050-11-30 14:00:00,3519.65,3772.13,-252.48
2050-11-30 15:00:00,3571.82,4136.15,-564.34
2050-11-30 16:00:00,3825.92,3886.61,-60.7
2050-11-30 17:00:00,4145.09,4022.57,122.53
2050-11-30 18:00:00,4525.01,3967.11,557.9
2050-11-30 19:00:00,4629.68,4409.17,220.51
2050-11-30 20:00:00,4647.55,4685.98,-38.43
2050-11-30 21:00:00,4528.73,4648.29,-119.56
2050-11-30 22:00:00,4249.06,4542.68,-293.62
2050-11-30 23:00:00,3911.78,4367.58,-455.8
2050-12-01 00:00:00,3484.02,4652.84,-1168.82
2050-12-01 01:00:00,3298.16,4139.73,-841.57
2050-12-01 02:00:00,3028.86,4529.27,-1500.41
2050-12-01 03:00:00,2873.67,4096.8,-1223.13
2050-12-01 04:00:00,2771.26,4501.24,-1729.99
2050-12-01 05:00:00,2737.68,4660.98,-1923.3
2050-12-01 06:00:00,2833.42,4462.16,-1628.74
2050-12-01 07:00:00,2912.92,4196.52,-1283.6
2050-12-01 08:00:00,3066.87,4441.37,-1374.5
2050-12-01 09:00:00,3285.09,3832.06,-546.97
2050-12-01 10:00:00,3347.9,3862.46,-514.56
2050-12-01 11:00:00,3393.82,3873.2,-479.37
2050-12-01 12:00:00,3439.85,3157.38,282.47
2050-12-01 13:00:00,3458.1,3619.13,-161.03
2050-12-01 14:00:00,3485.56,3849.95,-364.38
2050-12-01 15:00:00,3543.43,3505.46,37.98
2050-12-01 16:00:00,3794.76,4226.04,-431.28
2050-12-01 17:00:00,4099.89,4431.3,-331.41
2050-12-01 18:00:00,4411.52,4448.75,-37.22
2050-12-01 19:00:00,4578.84,4673.96,-95.12
2050-12-01 20:00:00,4764.83,4518.71,246.12
2050-12-01 21:00:00,4850.68,4394.41,456.27
2050-12-01 22:00:00,4780.73,4111.11,669.62
2050-12-01 23:00:00,4644.71,3941.17,703.54
2050-12-02 00:00:00,4450.36,3896.46,553.91
2050-12-02 01:00:00,4441.67,3639.39,802.29
2050-12-02 02:00:00,4325.77,3737.3,588.46
2050-12-02 03:00:00,4308.6,4011.83,296.77
2050-12-02 04:00:00,4321.74,4291.78,29.96
2050-12-02 05:00:00,4385.73,4159.41,226.32
2050-12-02 06:00:00,4561.94,3545.98,1015.96
2050-12-02 07:00:00,4673.63,3475.07,1198.56
2050-12-02 08:00:00,4660.61,2919.4,1741.21
2050-12-02 09:00:00,4675.63,3649.52,1026.11
2050-12-02 10:00:00,4531.87,3931.33,600.54
2050-12-02 11:00:00,4393.46,3672.02,721.44
2050-12-02 12:00:00,4282.82,3224.39,1058.43
2050-12-02 13:00:00,4111.66,2622.48,1489.18
2050-12-02 14:00:00,3972.52,3349.02,623.5
2050-12-02 15:00:00,3930.84,3911.66,19.18
2050-12-02 16:00:00,4255.74,4307.21,-51.47
2050-12-02 17:00:00,4753.98,4301.84,452.14
2050-12-02 18:00:00,5340.52,4601.98,738.54
2050-12-02 19:00:00,5663.44,4663.59,999.85
2050-12-02 20:00:00,5780.21,4687.72,1092.49
2050-12-02 21:00:00,5740.25,4694.95,1045.3
2050-12-02 22:00:00,5533.64,4652.16,881.48
2050-12-02 23:00:00,5259.17,4340.75,918.42
2050-12-03 00:00:00,4933.35,3928.65,1004.7
2050-12-03 01:00:00,4794.74,4375.63,419.12
2050-12-03 02:00:00,4562.08,4421.24,140.84
2050-12-03 03:00:00,4443.04,4358.86,84.18
2050-12-03 04:00:00,4360.4,4608.07,-247.68
2050-12-03 05:00:00,4348.2,4694.73,-346.54
2050-12-03 06:00:00,4463.2,4676.97,-213.77
2050-12-03 07:00:00,4526.17,4695.52,-169.36
2050-12-03 08:00:00,4520.32,4695.41,-175.1
2050-12-03 09:00:00,4590.25,4695.6,-105.35
2050-12-03 10:00:00,4482.06,4695.6,-213.54
2050-12-03 11:00:00,4366.97,4695.6,-328.63
2050-12-03 12:00:00,4270.15,4695.6,-425.45
2050-12-03 13:00:00,4117.76,4695.6,-577.84
2050-12-03 14:00:00,3994.8,4695.6,-700.8
2050-12-03 15:00:00,3965.85,4695.6,-729.75
2050-12-03 16:00:00,4286.75,4695.19,-408.44
2050-12-03 17:00:00,4768.54,4695.6,72.94
2050-12-03 18:00:00,5339.29,4693.05,646.24
2050-12-03 19:00:00,5652.32,4680.17,972.15
2050-12-03 20:00:00,5771.52,4627.17,1144.35
2050-12-03 21:00:00,5737.27,4628.79,1108.48
2050-12-03 22:00:00,5541.21,4405.14,1136.07
2050-12-03 23:00:00,5286.93,4499.21,787.72
2050-12-04 00:00:00,4983.17,4145.99,837.18
2050-12-04 01:00:00,4862.19,3257.86,1604.34
2050-12-04 02:00:00,4660.64,2969.07,1691.56
2050-12-04 03:00:00,4573.34,3670.9,902.44
2050-12-04 04:00:00,4527.3,3455.94,1071.36
2050-12-04 05:00:00,4547.46,3192.04,1355.42
2050-12-04 06:00:00,4691.48,2681.34,2010.14
2050-12-04 07:00:00,4776.07,2692.44,2083.63
2050-12-04 08:00:00,4735.89,1933.28,2802.6
2050-12-04 09:00:00,4726.56,1685.5,3041.06
2050-12-04 10:00:00,4572.74,1760.93,2811.82
2050-12-04 11:00:00,4435.46,1433.5,3001.96
2050-12-04 12:00:00,4341.69,1262.79,3078.9
2050-12-04 13:00:00,4191.56,1273.8,2917.76
2050-12-04 14:00:00,4067.7,825.44,3242.26
2050-12-04 15:00:00,4045.09,941.82,3103.27
2050-12-04 16:00:00,4398.99,1107.88,3291.11
2050-12-04 17:00:00,4900.33,1118.16,3782.17
2050-12-04 18:00:00,5484.99,1247.38,4237.62
2050-12-04 19:00:00,5805.28,1226.08,4579.19
2050-12-04 20:00:00,5934.17,2093.04,3841.13
2050-12-04 21:00:00,5914.17,1766.93,4147.25
2050-12-04 22:00:00,5727.38,1562.07,4165.31
2050-12-04 23:00:00,5471.69,1140.19,4331.5
2050-12-05 00:00:00,5164.43,1612.64,3551.79
2050-12-05 01:00:00,5032.14,1858.8,3173.35
2050-12-05 02:00:00,4808.06,1669.21,3138.85
2050-12-05 03:00:00,4701.35,2612.48,2088.87
2050-12-05 04:00:00,4632.04,2649.13,1982.91
2050-12-05 05:00:00,4632.69,2964.45,1668.24
2050-12-05 06:00:00,4759.96,3454.82,1305.14
2050-12-05 07:00:00,4832.97,3164.31,1668.65
2050-12-05 08:00:00,4809.11,2932.11,1877.0
2050-12-05 09:00:00,4843.24,3445.81,1397.43
2050-12-05 10:00:00,4747.71,3325.39,1422.33
2050-12-05 11:00:00,4660.31,3045.32,1614.99
2050-12-05 12:00:00,4591.45,2826.98,1764.47
2050-12-05 13:00:00,4505.43,3193.2,1312.24
2050-12-05 14:00:00,4462.84,2957.52,1505.32
2050-12-05 15:00:00,4484.24,3198.97,1285.27
2050-12-05 16:00:00,4797.96,3009.51,1788.45
2050-12-05 17:00:00,5262.71,2833.91,2428.81
2050-12-05 18:00:00,5820.28,3140.05,2680.23
2050-12-05 19:00:00,6137.34,3424.43,2712.92
2050-12-05 20:00:00,6256.98,2630.25,3626.73
2050-12-05 21:00:00,6230.82,2738.02,3492.8
2050-12-05 22:00:00,6041.36,2921.71,3119.66
2050-12-05 23:00:00,5787.22,3107.7,2679.52
2050-12-06 00:00:00,5476.86,3288.25,2188.62
2050-12-06 01:00:00,5343.39,3008.35,2335.04
2050-12-06 02:00:00,5114.66,3476.2,1638.46
2050-12-06 03:00:00,4999.27,2755.35,2243.92
2050-12-06 04:00:00,4923.38,2662.46,2260.92
2050-12-06 05:00:00,4912.01,3111.17,1800.84
2050-12-06 06:00:00,5028.84,2558.06,2470.77
2050-12-06 07:00:00,5090.89,3730.55,1360.34
2050-12-06 08:00:00,5047.6,3554.98,1492.62
2050-12-06 09:00:00,5050.4,3553.86,1496.54
2050-12-06 10:00:00,4904.09,3446.94,1457.16
2050-12-06 11:00:00,4779.61,3309.63,1469.98
2050-12-06 12:00:00,4700.97,3971.59,729.39
2050-12-06 13:00:00,4577.95,4347.45,230.5
2050-12-06 14:00:00,4496.31,4412.52,83.79
2050-12-06 15:00:00,4518.82,4611.32,-92.5
2050-12-06 16:00:00,4884.92,4666.12,218.81
2050-12-06 17:00:00,5371.21,4664.85,706.36
2050-12-06 18:00:00,5947.31,4694.5,1252.82
2050-12-06 19:00:00,6258.56,4695.29,1563.26
2050-12-06 20:00:00,6380.12,4694.83,1685.28
2050-12-06 21:00:00,6353.84,4671.83,1682.01
2050-12-06 22:00:00,6154.06,4634.48,1519.58
2050-12-06 23:00:00,5888.33,4695.27,1193.07
2050-12-07 00:00:00,5574.8,4695.43,879.37
2050-12-07 01:00:00,5443.33,4665.92,777.41
2050-12-07 02:00:00,5226.16,4679.78,546.38
2050-12-07 03:00:00,5119.09,4461.49,657.6
2050-12-07 04:00:00,5055.03,4260.92,794.11
2050-12-07 05:00:00,5045.32,4266.29,779.03
2050-12-07 06:00:00,5158.54,3996.63,1161.91
2050-12-07 07:00:00,5210.25,3785.55,1424.7
2050-12-07 08:00:00,5181.95,2572.5,2609.44
2050-12-07 09:00:00,5199.49,2638.03,2561.46
2050-12-07 10:00:00,5033.05,1947.98,3085.07
2050-12-07 11:00:00,4875.48,1455.79,3419.7
2050-12-07 12:00:00,4756.24,1772.92,2983.32
2050-12-07 13:00:00,4578.92,1479.79,3099.14
2050-12-07 14:00:00,4440.01,1804.89,2635.12
2050-12-07 15:00:00,4410.42,1514.07,2896.36
2050-12-07 16:00:00,4761.28,1762.64,2998.64
2050-12-07 17:00:00,5249.83,1424.07,3825.76
2050-12-07 18:00:00,5827.03,1318.59,4508.45
2050-12-07 19:00:00,6143.96,1816.65,4327.31
2050-12-07 20:00:00,6264.14,1386.13,4878.01
2050-12-07 21:00:00,6239.45,1413.78,4825.67
2050-12-07 22:00:00,6051.28,1464.36,4586.93
2050-12-07 23:00:00,5798.18,1764.35,4033.83
2050-12-08 00:00:00,5492.19,2227.32,3264.88
2050-12-08 01:00:00,5365.37,2038.15,3327.22
2050-12-08 02:00:00,5149.27,1933.28,3215.99
2050-12-08 03:00:00,5040.56,1833.31,3207.25
2050-12-08 04:00:00,4977.28,1304.64,3672.64
2050-12-08 05:00:00,4983.1,992.86,3990.24
2050-12-08 06:00:00,5108.16,775.76,4332.4
2050-12-08 07:00:00,5176.08,738.73,4437.35
2050-12-08 08:00:00,5142.29,703.25,4439.04
2050-12-08 09:00:00,5143.39,876.48,4266.91
2050-12-08 10:00:00,5004.12,918.8,4085.33
2050-12-08 11:00:00,4865.04,600.9,4264.14
2050-12-08 12:00:00,4765.95,968.58,3797.37
2050-12-08 13:00:00,4625.02,738.73,3886.29
2050-12-08 14:00:00,4530.0,876.48,3653.52
2050-12-08 15:00:00,4531.46,818.6,3712.87
2050-12-08 16:00:00,4878.13,1205.53,3672.6
2050-12-08 17:00:00,5358.81,1342.08,4016.73
2050-12-08 18:00:00,5925.5,1938.18,3987.32
2050-12-08 19:00:00,6238.5,2127.35,4111.15
2050-12-08 20:00:00,6367.76,1634.93,4732.83
2050-12-08 21:00:00,6351.13,2038.15,4312.98
2050-12-08 22:00:00,6170.4,2661.35,3509.05
2050-12-08 23:00:00,5926.21,2861.63,3064.58
2050-12-09 00:00:00,5628.2,3346.77,2281.43
2050-12-09 01:00:00,5507.7,2825.82,2681.88
2050-12-09 02:00:00,5298.96,2437.02,2861.94
2050-12-09 03:00:00,5200.55,2273.76,2926.78
2050-12-09 04:00:00,5144.49,1865.66,3278.83
2050-12-09 05:00:00,5155.83,1860.75,3295.07
2050-12-09 06:00:00,5289.95,1734.35,3555.6
2050-12-09 07:00:00,5366.51,3182.8,2183.72
2050-12-09 08:00:00,5346.56,3111.17,2235.39
2050-12-09 09:00:00,5349.16,3059.18,2289.98
2050-12-09 10:00:00,5180.89,2929.79,2251.1
2050-12-09 11:00:00,5029.91,2867.41,2162.5
2050-12-09 12:00:00,4930.04,2592.49,2337.55
2050-12-09 13:00:00,4799.01,2302.64,2496.37
2050-12-09 14:00:00,4702.58,2259.33,2443.25
2050-12-09 15:00:00,4705.78,2224.38,2481.41
2050-12-09 16:00:00,5071.41,2062.66,3008.75
2050-12-09 17:00:00,5565.0,2700.21,2864.79
2050-12-09 18:00:00,6141.85,3424.43,2717.43
2050-12-09 19:00:00,6447.14,3807.91,2639.23
2050-12-09 20:00:00,6567.31,3954.59,2612.72
2050-12-09 21:00:00,6531.19,4405.82,2125.38
2050-12-09 22:00:00,6330.39,4042.24,2288.15
2050-12-09 23:00:00,6062.34,4153.15,1909.2
2050-12-10 00:00:00,5738.38,4141.52,1596.86
2050-12-10 01:00:00,5583.65,4260.25,1323.4
2050-12-10 02:00:00,5347.68,4346.11,1001.57
2050-12-10 03:00:00,5222.48,4396.42,826.05
2050-12-10 04:00:00,5137.24,4613.36,523.88
2050-12-10 05:00:00,5130.74,4659.52,471.21
2050-12-10 06:00:00,5251.7,4574.77,676.93
2050-12-10 07:00:00,5317.28,4642.2,675.08
2050-12-10 08:00:00,5300.84,4677.45,623.38
2050-12-10 09:00:00,5330.75,4674.16,656.59
2050-12-10 10:00:00,5253.3,4323.98,929.33
2050-12-10 11:00:00,5162.69,3913.45,1249.24
2050-12-10 12:00:00,5090.8,3299.5,1791.3
2050-12-10 13:00:00,4968.51,2521.42,2447.09
2050-12-10 14:00:00,4893.42,2453.68,2439.75
2050-12-10 15:00:00,4891.76,2548.07,2343.69
2050-12-10 16:00:00,5146.1,2333.74,2812.37
2050-12-10 17:00:00,5490.03,2725.76,2764.28
2050-12-10 18:00:00,5972.46,2230.26,3742.21
2050-12-10 19:00:00,6194.0,2636.91,3557.08
2050-12-10 20:00:00,6216.53,2591.38,3625.14
2050-12-10 21:00:00,6111.12,2778.45,3332.67
2050-12-10 22:00:00,5812.49,2943.66,2868.83
2050-12-10 23:00:00,5473.13,2369.27,3103.86
2050-12-11 00:00:00,5114.34,2072.46,3041.88
2050-12-11 01:00:00,4974.89,1933.28,3041.61
2050-12-11 02:00:00,4746.0,1722.36,3023.65
2050-12-11 03:00:00,4625.05,2589.16,2035.89
2050-12-11 04:00:00,4558.11,2658.01,1900.09
2050-12-11 05:00:00,4549.7,1871.53,2678.16
2050-12-11 06:00:00,4664.51,1547.5,3117.01
2050-12-11 07:00:00,4732.52,2244.89,2487.63
2050-12-11 08:00:00,4707.67,2932.11,1775.56
2050-12-11 09:00:00,4686.88,2853.54,1833.33
2050-12-11 10:00:00,4494.31,2563.62,1930.69
2050-12-11 11:00:00,4314.4,2730.2,1584.2
2050-12-11 12:00:00,4175.35,3338.89,836.46
2050-12-11 13:00:00,3974.03,3208.21,765.82
2050-12-11 14:00:00,3811.56,3097.31,714.26
2050-12-11 15:00:00,3780.59,3798.07,-17.47
2050-12-11 16:00:00,4083.64,4010.93,72.7
2050-12-11 17:00:00,4508.06,4019.88,488.18
2050-12-11 18:00:00,5039.06,4313.24,725.82
2050-12-11 19:00:00,5312.56,4346.11,966.44
2050-12-11 20:00:00,5393.47,4467.53,925.94
2050-12-11 21:00:00,5325.89,4667.67,658.23
2050-12-11 22:00:00,5102.18,4687.82,414.36
2050-12-11 23:00:00,4818.09,4671.93,146.16
2050-12-12 00:00:00,4485.9,4665.92,-180.02
2050-12-12 01:00:00,4306.14,4604.01,-297.87
2050-12-12 02:00:00,4036.18,4662.43,-626.26
2050-12-12 03:00:00,3876.25,4452.77,-576.52
2050-12-12 04:00:00,3743.83,4176.4,-432.57
2050-12-12 05:00:00,3624.03,3963.53,-339.51
2050-12-12 06:00:00,3626.92,3956.38,-329.46
2050-12-12 07:00:00,3590.14,4528.46,-938.32
2050-12-12 08:00:00,3537.95,4570.71,-1032.76
2050-12-12 09:00:00,3641.21,4088.75,-447.54
2050-12-12 10:00:00,3626.43,3448.06,178.37
2050-12-12 11:00:00,3580.29,3160.85,419.45
2050-12-12 12:00:00,3526.76,2966.76,560.0
2050-12-12 13:00:00,3493.2,2342.62,1150.58
2050-12-12 14:00:00,3481.36,1962.69,1518.68
2050-12-12 15:00:00,3522.91,2205.75,1317.16
2050-12-12 16:00:00,3769.92,2423.69,1346.23
2050-12-12 17:00:00,4075.97,2594.71,1481.26
2050-12-12 18:00:00,4430.87,3249.8,1181.07
2050-12-12 19:00:00,4608.27,3125.03,1483.24
2050-12-12 20:00:00,4661.42,3824.01,837.41
2050-12-12 21:00:00,4607.09,4220.0,387.09
2050-12-12 22:00:00,4413.87,4303.18,110.69
2050-12-12 23:00:00,4154.23,4203.23,-49.0
2050-12-13 00:00:00,3840.49,3785.55,54.95
2050-12-13 01:00:00,3721.15,4101.27,-380.12
2050-12-13 02:00:00,3538.56,4158.51,-619.96
2050-12-13 03:00:00,3465.3,4166.34,-701.04
2050-12-13 04:00:00,3431.49,3912.55,-481.06
2050-12-13 05:00:00,3456.13,3681.03,-224.91
2050-12-13 06:00:00,3605.64,3566.23,39.41
2050-12-13 07:00:00,3722.65,3634.89,87.77
2050-12-13 08:00:00,3793.96,3822.22,-28.26
2050-12-13 09:00:00,3997.82,3407.55,590.27
2050-12-13 10:00:00,4043.17,4099.48,-56.31
2050-12-13 11:00:00,4068.44,2093.04,1975.4
2050-12-13 12:00:00,4114.11,2196.94,1917.18
2050-12-13 13:00:00,4123.37,2079.32,2044.05
2050-12-13 14:00:00,4133.37,2303.75,1829.62
2050-12-13 15:00:00,4203.45,3440.18,763.27
2050-12-13 16:00:00,4534.95,3436.81,1098.14
2050-12-13 17:00:00,4994.62,3267.99,1726.64
2050-12-13 18:00:00,5548.48,3548.23,2000.26
2050-12-13 19:00:00,5841.88,4122.74,1719.15
2050-12-13 20:00:00,5962.44,4363.56,1598.88
2050-12-13 21:00:00,5955.9,4197.87,1758.04
2050-12-13 22:00:00,5792.97,3967.11,1825.86
2050-12-13 23:00:00,5556.57,4013.62,1542.95
2050-12-14 00:00:00,5267.75,4054.76,1212.99
2050-12-14 01:00:00,5135.95,3877.67,1258.28
2050-12-14 02:00:00,4913.2,3628.14,1285.07
2050-12-14 03:00:00,4796.12,3805.23,990.89
2050-12-14 04:00:00,4736.73,3823.11,913.62
2050-12-14 05:00:00,4753.58,3925.97,827.61
2050-12-14 06:00:00,4894.33,4065.5,828.83
2050-12-14 07:00:00,4985.52,3003.73,1981.79
2050-12-14 08:00:00,5010.83,3008.35,2002.47
2050-12-14 09:00:00,5079.9,2847.77,2232.13
2050-12-14 10:00:00,4988.28,2382.6,2605.68
2050-12-14 11:00:00,4894.39,2682.45,2211.95
2050-12-14 12:00:00,4830.91,2857.01,1973.9
2050-12-14 13:00:00,4713.73,2928.64,1785.1
2050-12-14 14:00:00,4627.69,3352.4,1275.3
2050-12-14 15:00:00,4650.61,4061.02,589.59
2050-12-14 16:00:00,5032.81,4149.57,883.24
2050-12-14 17:00:00,5527.94,4173.72,1354.23
2050-12-14 18:00:00,6113.79,4317.94,1795.86
2050-12-14 19:00:00,6440.68,4250.19,2190.5
2050-12-14 20:00:00,6567.68,4506.12,2061.56
2050-12-14 21:00:00,6546.01,4667.57,1878.44
2050-12-14 22:00:00,6364.6,4664.18,1700.42
2050-12-14 23:00:00,6119.78,4665.92,1453.86
2050-12-15 00:00:00,5834.22,4655.26,1178.96
2050-12-15 01:00:00,5735.66,4512.21,1223.46
2050-12-15 02:00:00,5552.32,4655.94,896.37
2050-12-15 03:00:00,5477.58,4659.91,817.67
2050-12-15 04:00:00,5452.32,4206.59,1245.73
2050-12-15 05:00:00,5494.32,4130.79,1363.53
2050-12-15 06:00:00,5649.51,4383.68,1265.83
2050-12-15 07:00:00,5736.06,4487.03,1249.04
2050-12-15 08:00:00,5725.98,4337.39,1388.58
2050-12-15 09:00:00,5739.2,4412.52,1326.68
2050-12-15 10:00:00,5581.01,4290.44,1290.58
2050-12-15 11:00:00,5446.84,4014.51,1432.33
2050-12-15 12:00:00,5343.69,4575.17,768.52
2050-12-15 13:00:00,5182.84,4695.3,487.54
2050-12-15 14:00:00,5086.17,4600.36,485.81
2050-12-15 15:00:00,5096.14,4654.58,441.56
2050-12-15 16:00:00,5421.47,4672.51,748.95
2050-12-15 17:00:00,5866.73,4672.22,1194.51
2050-12-15 18:00:00,6410.32,4695.6,1714.72
2050-12-15 19:00:00,6696.7,4695.6,2001.1
2050-12-15 20:00:00,6792.57,4695.6,2096.97
2050-12-15 21:00:00,6748.84,4695.6,2053.24
2050-12-15 22:00:00,6536.65,4695.6,1841.05
2050-12-15 23:00:00,6253.22,4695.6,1557.62
2050-12-16 00:00:00,5917.5,4695.6,1221.9
2050-12-16 01:00:00,5771.72,4695.6,1076.12
2050-12-16 02:00:00,5541.54,4695.6,845.93
2050-12-16 03:00:00,5421.13,4695.6,725.53
2050-12-16 04:00:00,5346.13,4695.6,650.53
2050-12-16 05:00:00,5336.26,4695.6,640.66
2050-12-16 06:00:00,5446.18,4695.59,750.59
2050-12-16 07:00:00,5507.26,4694.11,813.15
2050-12-16 08:00:00,5479.1,4679.58,799.51
2050-12-16 09:00:00,5459.34,4512.21,947.13
2050-12-16 10:00:00,5276.2,4171.04,1105.17
2050-12-16 11:00:00,5095.63,4069.07,1026.56
2050-12-16 12:00:00,4950.71,4131.68,819.03
2050-12-16 13:00:00,4760.84,4132.57,628.27
2050-12-16 14:00:00,4661.4,3293.87,1367.53
2050-12-16 15:00:00,4645.36,4077.12,568.24
2050-12-16 16:00:00,4966.97,4599.55,367.43
2050-12-16 17:00:00,5441.89,4650.42,791.48
2050-12-16 18:00:00,6016.5,4663.3,1353.2
2050-12-16 19:00:00,6306.08,4541.05,1765.03
2050-12-16 20:00:00,6365.81,4679.58,1686.22
2050-12-16 21:00:00,6289.23,4665.63,1623.6
2050-12-16 22:00:00,6057.57,4670.47,1387.1
2050-12-16 23:00:00,5767.91,4657.68,1110.23
2050-12-17 00:00:00,5449.15,4653.23,795.93
2050-12-17 01:00:00,5317.4,4612.54,704.86
2050-12-17 02:00:00,5100.69,4695.6,405.08
2050-12-17 03:00:00,5001.25,4695.6,305.65
2050-12-17 04:00:00,4950.17,4694.78,255.39
2050-12-17 05:00:00,4953.7,4546.33,407.36
2050-12-17 06:00:00,5085.17,4695.6,389.57
2050-12-17 07:00:00,5170.47,4695.54,474.93
2050-12-17 08:00:00,5149.9,4695.01,454.88
2050-12-17 09:00:00,5127.77,4657.49,470.28
2050-12-17 10:00:00,4960.25,4504.9,455.36
2050-12-17 11:00:00,4801.09,3995.73,805.36
2050-12-17 12:00:00,4685.77,4158.51,527.26
2050-12-17 13:00:00,4520.23,3963.53,556.7
2050-12-17 14:00:00,4386.27,4525.61,-139.34
2050-12-17 15:00:00,4351.26,4515.05,-163.79
2050-12-17 16:00:00,4660.33,4061.92,598.41
2050-12-17 17:00:00,5136.16,3618.01,1518.16
2050-12-17 18:00:00,5693.73,4171.71,1522.03
2050-12-17 19:00:00,5987.8,4366.24,1621.57
2050-12-17 20:00:00,6100.09,4371.6,1728.48
2050-12-17 21:00:00,6074.67,3988.58,2086.09
2050-12-17 22:00:00,5881.86,4358.19,1523.67
2050-12-17 23:00:00,5622.04,4528.86,1093.18
2050-12-18 00:00:00,5311.1,4399.78,911.33
2050-12-18 01:00:00,5182.42,4662.63,519.8
2050-12-18 02:00:00,4967.73,4693.95,273.79
2050-12-18 03:00:00,4861.18,4695.51,165.67
2050-12-18 04:00:00,4798.85,4695.6,103.25
2050-12-18 05:00:00,4799.97,4695.6,104.37
2050-12-18 06:00:00,4927.88,4695.35,232.53
2050-12-18 07:00:00,5007.08,4695.6,311.48
2050-12-18 08:00:00,4999.11,4695.6,303.51
2050-12-18 09:00:00,4982.88,4695.6,287.28
2050-12-18 10:00:00,4806.11,4674.54,131.57
2050-12-18 11:00:00,4638.56,4402.46,236.11
2050-12-18 12:00:00,4536.25,3909.87,626.38
2050-12-18 13:00:00,4403.32,4595.49,-192.16
2050-12-18 14:00:00,4308.5,4573.55,-265.04
2050-12-18 15:00:00,4286.13,4539.42,-253.29
2050-12-18 16:00:00,4597.75,4650.32,-52.57
2050-12-18 17:00:00,5085.53,4685.98,399.56
2050-12-18 18:00:00,5666.15,4694.71,971.45
2050-12-18 19:00:00,5982.38,4695.1,1287.27
2050-12-18 20:00:00,6092.13,4672.22,1419.91
2050-12-18 21:00:00,6037.63,4695.6,1342.03
2050-12-18 22:00:00,5825.74,4695.16,1130.58
2050-12-18 23:00:00,5541.19,4673.0,868.2
2050-12-19 00:00:00,5206.08,4669.89,536.19
2050-12-19 01:00:00,5066.53,4341.42,725.12
2050-12-19 02:00:00,4850.84,4651.29,199.55
2050-12-19 03:00:00,4738.49,4618.64,119.85
2050-12-19 04:00:00,4672.37,4397.1,275.27
2050-12-19 05:00:00,4662.75,4383.01,279.74
2050-12-19 06:00:00,4769.42,4471.18,298.24
2050-12-19 07:00:00,4834.3,4394.41,439.89
2050-12-19 08:00:00,4815.59,4210.61,604.98
2050-12-19 09:00:00,4819.03,3949.22,869.8
2050-12-19 10:00:00,4707.43,3819.54,887.9
2050-12-19 11:00:00,4589.39,3916.13,673.26
2050-12-19 12:00:00,4488.08,3562.86,925.22
2050-12-19 13:00:00,4365.08,3897.35,467.73
2050-12-19 14:00:00,4309.37,3687.78,621.59
2050-12-19 15:00:00,4318.58,4107.53,211.05
2050-12-19 16:00:00,4620.11,4011.83,608.28
2050-12-19 17:00:00,5074.23,4226.04,848.19
2050-12-19 18:00:00,5609.51,4374.96,1234.56
2050-12-19 19:00:00,5887.08,4121.84,1765.23
2050-12-19 20:00:00,5957.35,3994.84,1962.51
2050-12-19 21:00:00,5874.51,4480.12,1394.39
2050-12-19 22:00:00,5631.52,4281.04,1350.48
2050-12-19 23:00:00,5342.47,4114.69,1227.78
2050-12-20 00:00:00,5011.01,4145.99,865.02
2050-12-20 01:00:00,4867.59,3834.74,1032.85
2050-12-20 02:00:00,4643.34,3412.05,1231.3
2050-12-20 03:00:00,4530.12,2995.64,1534.48
2050-12-20 04:00:00,4462.3,2455.9,2006.4
2050-12-20 05:00:00,4461.42,2176.35,2285.07
2050-12-20 06:00:00,4580.52,1903.88,2676.64
2050-12-20 07:00:00,4654.38,1895.06,2759.32
2050-12-20 08:00:00,4693.03,1920.54,2772.48
2050-12-20 09:00:00,4868.54,1747.21,3121.33
2050-12-20 10:00:00,4875.33,1202.59,3672.74
2050-12-20 11:00:00,4832.88,839.76,3993.12
2050-12-20 12:00:00,4790.76,623.02,4167.74
2050-12-20 13:00:00,4684.63,760.84,3923.79
2050-12-20 14:00:00,4533.96,824.82,3709.14
2050-12-20 15:00:00,4506.78,770.61,3736.17
2050-12-20 16:00:00,4852.27,946.81,3905.47
2050-12-20 17:00:00,5377.98,989.75,4388.24
2050-12-20 18:00:00,5982.71,1377.32,4605.39
2050-12-20 19:00:00,6314.36,1719.78,4594.58
2050-12-20 20:00:00,6456.03,1937.2,4518.83
2050-12-20 21:00:00,6431.25,2522.53,3908.72
2050-12-20 22:00:00,6239.38,2665.79,3573.59
2050-12-20 23:00:00,5989.98,3322.01,2667.97
2050-12-21 00:00:00,5683.23,3106.55,2576.69
2050-12-21 01:00:00,5563.79,3798.97,1764.83
2050-12-21 02:00:00,5349.0,3605.62,1743.38
2050-12-21 03:00:00,5241.92,3344.52,1897.4
2050-12-21 04:00:00,5177.93,3902.72,1275.21
2050-12-21 05:00:00,5164.87,4217.32,947.55
2050-12-21 06:00:00,5273.69,3487.45,1786.24
2050-12-21 07:00:00,5329.98,3556.1,1773.88
2050-12-21 08:00:00,5310.45,2600.27,2710.18
2050-12-21 09:00:00,5313.65,2380.38,2933.27
2050-12-21 10:00:00,5147.1,1522.64,3624.46
2050-12-21 11:00:00,4984.85,1515.79,3469.07
2050-12-21 12:00:00,4858.96,780.39,4078.58
2050-12-21 13:00:00,4685.1,522.18,4162.92
2050-12-21 14:00:00,4539.69,791.7,3747.99
2050-12-21 15:00:00,4498.86,1128.44,3370.42
2050-12-21 16:00:00,4821.17,1040.78,3780.39
2050-12-21 17:00:00,5317.93,1220.21,4097.72
2050-12-21 18:00:00,5895.97,1487.5,4408.47
2050-12-21 19:00:00,6205.94,1552.64,4653.3
2050-12-21 20:00:00,6313.16,1694.07,4619.09
2050-12-21 21:00:00,6266.85,1997.97,4268.88
2050-12-21 22:00:00,6049.75,1175.43,4874.32
2050-12-21 23:00:00,5765.68,1133.58,4632.1
2050-12-22 00:00:00,5432.7,915.06,4517.64
2050-12-22 01:00:00,5282.83,842.87,4439.96
2050-12-22 02:00:00,5040.65,1050.74,3989.91
2050-12-22 03:00:00,4910.34,1248.11,3662.23
2050-12-22 04:00:00,4820.29,1117.43,3702.86
2050-12-22 05:00:00,4795.98,1392.74,3403.24
2050-12-22 06:00:00,4900.45,1837.23,3063.22
2050-12-22 07:00:00,4959.84,3299.5,1660.34
2050-12-22 08:00:00,4947.9,3991.26,956.64
2050-12-22 09:00:00,4964.9,4205.24,759.66
2050-12-22 10:00:00,4805.07,4406.49,398.59
2050-12-22 11:00:00,4642.86,4510.18,132.68
2050-12-22 12:00:00,4525.81,4473.22,52.59
2050-12-22 13:00:00,4361.58,4403.13,-41.55
2050-12-22 14:00:00,4227.65,4596.7,-369.05
2050-12-22 15:00:00,4195.56,4659.52,-463.96
2050-12-22 16:00:00,4523.92,4686.07,-162.15
2050-12-22 17:00:00,5039.79,4694.47,345.32
2050-12-22 18:00:00,5631.69,4677.55,954.14
2050-12-22 19:00:00,5961.62,4663.4,1298.21
2050-12-22 20:00:00,6098.08,4556.49,1541.59
2050-12-22 21:00:00,6085.68,4536.99,1548.69
2050-12-22 22:00:00,5901.9,4296.47,1605.43
2050-12-22 23:00:00,5646.93,4211.28,1435.65
2050-12-23 00:00:00,5341.56,4599.95,741.61
2050-12-23 01:00:00,5218.6,4560.55,658.05
2050-12-23 02:00:00,5008.8,4474.03,534.78
2050-12-23 03:00:00,4913.1,4143.31,769.79
2050-12-23 04:00:00,4862.18,4368.25,493.93
2050-12-23 05:00:00,4867.23,4283.73,583.5
2050-12-23 06:00:00,4990.58,3295.0,1695.58
2050-12-23 07:00:00,5057.82,2594.71,2463.1
2050-12-23 08:00:00,5058.43,2474.77,2583.65
2050-12-23 09:00:00,5127.47,2795.78,2331.69
2050-12-23 10:00:00,5021.37,2258.22,2763.16
2050-12-23 11:00:00,4910.43,1613.5,3296.94
2050-12-23 12:00:00,4847.18,2491.43,2355.75
2050-12-23 13:00:00,4731.5,3047.63,1683.87
2050-12-23 14:00:00,4650.11,2868.57,1781.55
2050-12-23 15:00:00,4702.23,3903.61,798.63
2050-12-23 16:00:00,5035.48,3495.33,1540.15
2050-12-23 17:00:00,5474.63,3722.67,1751.96
2050-12-23 18:00:00,6016.76,3308.51,2708.26
2050-12-23 19:00:00,6293.0,4108.42,2184.58
2050-12-23 20:00:00,6374.19,3918.81,2455.38
2050-12-23 21:00:00,6312.98,3560.61,2752.37
2050-12-23 22:00:00,6092.23,3733.93,2358.3
2050-12-23 23:00:00,5813.84,3874.99,1938.85
2050-12-24 00:00:00,5485.24,3883.04,1602.21
2050-12-24 01:00:00,5343.54,4003.78,1339.76
2050-12-24 02:00:00,5113.62,4033.3,1080.32
2050-12-24 03:00:00,4991.8,3682.15,1309.65
2050-12-24 04:00:00,4916.78,3930.44,986.34
2050-12-24 05:00:00,4913.75,3755.31,1158.44
2050-12-24 06:00:00,5034.69,4123.63,911.06
2050-12-24 07:00:00,5101.44,4447.4,654.03
2050-12-24 08:00:00,5103.75,4574.77,528.98
2050-12-24 09:00:00,5170.62,3960.85,1209.77
2050-12-24 10:00:00,5012.13,4558.93,453.21
2050-12-24 11:00:00,4850.67,4675.61,175.06
2050-12-24 12:00:00,4735.83,4543.49,192.34
2050-12-24 13:00:00,4571.5,4469.56,101.94
2050-12-24 14:00:00,4428.64,4340.75,87.89
2050-12-24 15:00:00,4381.12,4114.69,266.44
2050-12-24 16:00:00,4696.2,3675.4,1020.79
2050-12-24 17:00:00,5213.18,3766.76,1446.42
2050-12-24 18:00:00,5799.84,3960.85,1838.99
2050-12-24 19:00:00,6125.44,3670.9,2454.54
2050-12-24 20:00:00,6254.83,4123.63,2131.2
2050-12-24 21:00:00,6228.3,4346.78,1881.52
2050-12-24 22:00:00,6032.56,4521.96,1510.6
2050-12-24 23:00:00,5771.85,4048.5,1723.35
2050-12-25 00:00:00,5463.4,4162.98,1300.42
2050-12-25 01:00:00,5327.58,4213.97,1113.62
2050-12-25 02:00:00,5098.58,4381.67,716.91
2050-12-25 03:00:00,4974.29,4442.04,532.25
2050-12-25 04:00:00,4885.82,4662.14,223.68
2050-12-25 05:00:00,4867.19,3915.24,951.95
2050-12-25 06:00:00,4974.75,3282.62,1692.13
2050-12-25 07:00:00,5029.0,2765.75,2263.25
2050-12-25 08:00:00,5024.34,4097.7,926.64
2050-12-25 09:00:00,5128.87,4103.95,1024.91
2050-12-25 10:00:00,5018.02,3953.7,1064.33
2050-12-25 11:00:00,4897.43,3271.36,1626.07
2050-12-25 12:00:00,4788.19,2980.63,1807.56
2050-12-25 13:00:00,4663.81,2927.48,1736.33
2050-12-25 14:00:00,4566.4,2509.2,2057.2
2050-12-25 15:00:00,4553.49,2026.4,2527.1
2050-12-25 16:00:00,4832.9,1878.39,2954.51
2050-12-25 17:00:00,5271.37,1816.65,3454.73
2050-12-25 18:00:00,5801.76,1751.5,4050.27
2050-12-25 19:00:00,6069.92,2345.95,3723.97
2050-12-25 20:00:00,6138.51,2619.14,3519.36
2050-12-25 21:00:00,6070.53,3051.1,3019.43
2050-12-25 22:00:00,5831.26,2799.25,3032.01
2050-12-25 23:00:00,5529.54,2942.5,2587.04
2050-12-26 00:00:00,5180.72,2814.27,2366.46
2050-12-26 01:00:00,5021.14,3295.0,1726.14
2050-12-26 02:00:00,4774.1,3773.03,1001.07
2050-12-26 03:00:00,4648.33,3839.21,809.12
2050-12-26 04:00:00,4568.6,3650.64,917.96
2050-12-26 05:00:00,4545.97,3739.55,806.41
2050-12-26 06:00:00,4639.04,4043.14,595.9
2050-12-26 07:00:00,4681.16,3685.53,995.63
2050-12-26 08:00:00,4701.63,3196.66,1504.96
2050-12-26 09:00:00,4876.67,2801.56,2075.11
2050-12-26 10:00:00,4911.76,2690.22,2221.54
2050-12-26 11:00:00,4936.69,2399.26,2537.43
2050-12-26 12:00:00,4959.1,2025.41,2933.69
2050-12-26 13:00:00,4945.69,2022.47,2923.22
2050-12-26 14:00:00,4949.94,2282.65,2667.29
2050-12-26 15:00:00,4987.34,2127.35,2860.0
2050-12-26 16:00:00,5228.72,2263.77,2964.95
2050-12-26 17:00:00,5596.04,2425.91,3170.13
2050-12-26 18:00:00,6061.68,3026.84,3034.85
2050-12-26 19:00:00,6282.1,3177.02,3105.09
2050-12-26 20:00:00,6329.93,3329.89,3000.04
2050-12-26 21:00:00,6266.99,3535.85,2731.14
2050-12-26 22:00:00,6043.12,3488.58,2554.54
2050-12-26 23:00:00,5765.16,3406.42,2358.74
2050-12-27 00:00:00,5461.85,3211.68,2250.18
2050-12-27 01:00:00,5361.9,2554.74,2807.17
2050-12-27 02:00:00,5147.44,2780.76,2366.68
2050-12-27 03:00:00,5059.43,2861.63,2197.79
2050-12-27 04:00:00,5006.93,2969.07,2037.85
2050-12-27 05:00:00,5023.1,3134.28,1888.82
2050-12-27 06:00:00,5155.97,2807.33,2348.63
2050-12-27 07:00:00,5246.14,3417.67,1828.47
2050-12-27 08:00:00,5303.0,3126.19,2176.81
2050-12-27 09:00:00,5474.94,2176.35,3298.59
2050-12-27 10:00:00,5458.14,1953.87,3504.28
2050-12-27 11:00:00,5426.89,1654.64,3772.25
2050-12-27 12:00:00,5430.21,1491.78,3938.43
2050-12-27 13:00:00,5376.18,1524.36,3851.83
2050-12-27 14:00:00,5294.42,1511.5,3782.92
2050-12-27 15:00:00,5301.71,1442.07,3859.64
2050-12-27 16:00:00,5634.18,1752.35,3881.83
2050-12-27 17:00:00,6154.03,2047.96,4106.08
2050-12-27 18:00:00,6750.98,1733.5,5017.48
2050-12-27 19:00:00,7079.26,2891.67,4187.6
2050-12-27 20:00:00,7210.01,3371.53,3838.48
2050-12-27 21:00:00,7182.54,3722.67,3459.87
2050-12-27 22:00:00,6974.19,3710.29,3263.9
2050-12-27 23:00:00,6681.5,4087.85,2593.65
2050-12-28 00:00:00,6334.79,3443.56,2891.23
2050-12-28 01:00:00,6167.72,3250.96,2916.77
2050-12-28 02:00:00,5913.84,3917.92,1995.93
2050-12-28 03:00:00,5767.68,3613.5,2154.18
2050-12-28 04:00:00,5668.2,4167.68,1500.52
2050-12-28 05:00:00,5631.59,4323.3,1308.28
2050-12-28 06:00:00,5711.89,4597.11,1114.78
2050-12-28 07:00:00,5742.7,4534.96,1207.75
2050-12-28 08:00:00,5681.68,4446.06,1235.61
2050-12-28 09:00:00,5610.72,4496.77,1113.94
2050-12-28 10:00:00,5401.42,4618.64,782.78
2050-12-28 11:00:00,5214.93,3646.14,1568.79
2050-12-28 12:00:00,5141.25,4575.98,565.27
2050-12-28 13:00:00,5055.28,4328.0,727.28
2050-12-28 14:00:00,4986.37,3748.56,1237.81
2050-12-28 15:00:00,4953.91,3859.78,1094.13
2050-12-28 16:00:00,5183.71,3156.23,2027.49
2050-12-28 17:00:00,5568.35,3708.04,1860.31
2050-12-28 18:00:00,6067.14,3909.87,2157.27
2050-12-28 19:00:00,6328.64,3350.15,2978.5
2050-12-28 20:00:00,6404.77,2329.29,4075.47
2050-12-28 21:00:00,6341.16,2046.98,4294.19
2050-12-28 22:00:00,6115.79,1768.64,4347.15
2050-12-28 23:00:00,5829.58,2115.58,3714.0
2050-12-29 00:00:00,5501.26,2124.41,3376.86
2050-12-29 01:00:00,5363.76,1578.36,3785.41
2050-12-29 02:00:00,5135.48,1984.25,3151.23
2050-12-29 03:00:00,5014.14,2485.88,2528.26
2050-12-29 04:00:00,4930.4,2744.95,2185.45
2050-12-29 05:00:00,4906.62,2129.3,2777.31
2050-12-29 06:00:00,5002.48,2188.11,2814.37
2050-12-29 07:00:00,5046.15,3052.25,1993.9
2050-12-29 08:00:00,5016.75,2654.69,2362.06
2050-12-29 09:00:00,5059.45,3425.55,1633.9
2050-12-29 10:00:00,4971.38,2632.47,2338.91
2050-12-29 11:00:00,4894.72,3188.58,1706.15
2050-12-29 12:00:00,4847.14,2944.81,1902.33
2050-12-29 13:00:00,4756.36,2440.35,2316.01
2050-12-29 14:00:00,4655.47,2556.96,2098.52
2050-12-29 15:00:00,4601.57,2823.51,1778.06
2050-12-29 16:00:00,4842.12,3504.34,1337.78
2050-12-29 17:00:00,5277.21,3112.32,2164.89
2050-12-29 18:00:00,5803.12,3282.62,2520.5
2050-12-29 19:00:00,6065.36,3006.04,3059.32
2050-12-29 20:00:00,6134.57,3145.83,2988.74
2050-12-29 21:00:00,6069.81,3721.54,2348.27
2050-12-29 22:00:00,5843.64,3010.66,2832.98
2050-12-29 23:00:00,5555.61,2764.59,2791.02
2050-12-30 00:00:00,5212.88,2060.7,3152.19
2050-12-30 01:00:00,5047.17,1563.79,3483.39
2050-12-30 02:00:00,4794.27,1489.21,3305.05
2050-12-30 03:00:00,4653.84,1255.45,3398.39
2050-12-30 04:00:00,4553.0,1213.61,3339.39
2050-12-30 05:00:00,4532.5,1319.32,3213.17
2050-12-30 06:00:00,4626.82,1210.67,3416.15
2050-12-30 07:00:00,4670.18,1592.93,3077.25
2050-12-30 08:00:00,4657.82,1967.59,2690.23
2050-12-30 09:00:00,4678.86,2188.11,2490.75
2050-12-30 10:00:00,4499.2,2565.84,1933.36
2050-12-30 11:00:00,4310.42,2661.35,1649.08
2050-12-30 12:00:00,4161.44,2645.8,1515.64
2050-12-30 13:00:00,3977.22,2739.17,1238.05
2050-12-30 14:00:00,3836.16,2977.16,859.0
2050-12-30 15:00:00,3810.12,3222.07,588.05
2050-12-30 16:00:00,4111.62,3059.18,1052.43
2050-12-30 17:00:00,4637.77,3684.41,953.37
2050-12-30 18:00:00,5245.15,3446.94,1798.22
2050-12-30 19:00:00,5597.82,3944.75,1653.06
2050-12-30 20:00:00,5755.81,4567.46,1188.35
2050-12-30 21:00:00,5749.28,4314.58,1434.7
2050-12-30 22:00:00,5570.63,4403.13,1167.5
2050-12-30 23:00:00,5320.72,4595.49,725.24
2050-12-31 00:00:00,5015.09,4572.33,442.76
2050-12-31 01:00:00,4885.63,3999.31,886.33
2050-12-31 02:00:00,4660.42,3661.9,998.52
2050-12-31 03:00:00,4544.12,3733.93,810.19
2050-12-31 04:00:00,4471.21,3298.38,1172.83
2050-12-31 05:00:00,4462.19,3592.12,870.07
2050-12-31 06:00:00,4575.07,2821.2,1753.87
2050-12-31 07:00:00,4640.24,3019.9,1620.34
2050-12-31 08:00:00,4623.53,2166.55,2456.98
2050-12-31 09:00:00,4641.24,1643.5,2997.74
2050-12-31 10:00:00,4510.73,1658.93,2851.81
2050-12-31 11:00:00,4343.27,1230.49,3112.78
2050-12-31 12:00:00,4225.84,1638.36,2587.49
2050-12-31 13:00:00,4103.11,2121.46,1981.65
2050-12-31 14:00:00,4027.98,1942.1,2085.88
2050-12-31 15:00:00,4017.51,2846.61,1170.9
2050-12-31 16:00:00,4269.65,4095.01,174.64
2050-12-31 17:00:00,4714.29,3338.89,1375.4
2050-12-31 18:00:00,5240.95,3747.43,1493.52
2050-12-31 19:00:00,5597.82,4280.37,1317.44
2050-12-31 20:00:00,5755.81,4046.72,1709.09
2050-12-31 21:00:00,5749.28,4464.84,1284.44
2050-12-31 22:00:00,5570.63,4694.06,876.58
2050-12-31 23:00:00,5320.72,4642.6,678.12
