datetime,deficit_MW
2050-01-01 00:00:00,-7024.86
2050-01-01 01:00:00,-8873.94
2050-01-01 02:00:00,-10862.94
2050-01-01 03:00:00,-11102.67
2050-01-01 04:00:00,-11193.25
2050-01-01 05:00:00,-11096.95
2050-01-01 06:00:00,-10889.89
2050-01-01 07:00:00,-11116.36
2050-01-01 08:00:00,-10423.46
2050-01-01 09:00:00,-10123.35
2050-01-01 10:00:00,-10063.26
2050-01-01 11:00:00,-9663.67
2050-01-01 12:00:00,-13018.71
2050-01-01 13:00:00,-12195.15
2050-01-01 14:00:00,-9418.78
2050-01-01 15:00:00,-7374.65
2050-01-01 16:00:00,-7301.62
2050-01-01 17:00:00,-5879.78
2050-01-01 18:00:00,-3726.51
2050-01-01 19:00:00,-5796.68
2050-01-01 20:00:00,-4897.79
2050-01-01 21:00:00,-5268.53
2050-01-01 22:00:00,-6826.15
2050-01-01 23:00:00,-7744.62
2050-01-02 00:00:00,-8540.34
2050-01-02 01:00:00,-6395.47
2050-01-02 02:00:00,-3137.38
2050-01-02 03:00:00,-3936.86
2050-01-02 04:00:00,-4035.01
2050-01-02 05:00:00,-3266.57
2050-01-02 06:00:00,-2697.49
2050-01-02 07:00:00,-2374.69
2050-01-02 08:00:00,-2743.92
2050-01-02 09:00:00,-4927.58
2050-01-02 10:00:00,-6848.24
2050-01-02 11:00:00,-6592.97
2050-01-02 12:00:00,-8415.88
2050-01-02 13:00:00,-6490.46
2050-01-02 14:00:00,-4921.2
2050-01-02 15:00:00,-4585.0
2050-01-02 16:00:00,-3339.04
2050-01-02 17:00:00,-3619.17
2050-01-02 18:00:00,-3009.44
2050-01-02 19:00:00,-5391.24
2050-01-02 20:00:00,-5703.59
2050-01-02 21:00:00,-4804.29
2050-01-02 22:00:00,-2896.54
2050-01-02 23:00:00,-464.23
2050-01-03 00:00:00,-126.09
2050-01-03 01:00:00,-393.1
2050-01-03 02:00:00,-1858.84
2050-01-03 03:00:00,-2557.58
2050-01-03 04:00:00,-3062.84
2050-01-03 05:00:00,-2942.96
2050-01-03 06:00:00,-3923.4
2050-01-03 07:00:00,-3958.01
2050-01-03 08:00:00,-5115.39
2050-01-03 09:00:00,-5391.27
2050-01-03 10:00:00,-5540.53
2050-01-03 11:00:00,-6827.11
2050-01-03 12:00:00,-11459.06
2050-01-03 13:00:00,-12064.6
2050-01-03 14:00:00,-11350.99
2050-01-03 15:00:00,-10250.73
2050-01-03 16:00:00,-5576.23
2050-01-03 17:00:00,-6276.01
2050-01-03 18:00:00,-5199.18
2050-01-03 19:00:00,-6148.18
2050-01-03 20:00:00,-6070.97
2050-01-03 21:00:00,-3407.67
2050-01-03 22:00:00,-3554.84
2050-01-03 23:00:00,-4968.99
2050-01-04 00:00:00,-3651.97
2050-01-04 01:00:00,-5405.52
2050-01-04 02:00:00,-4899.39
2050-01-04 03:00:00,-5561.5
2050-01-04 04:00:00,-7857.63
2050-01-04 05:00:00,-8931.81
2050-01-04 06:00:00,-7856.67
2050-01-04 07:00:00,-6613.54
2050-01-04 08:00:00,-7472.41
2050-01-04 09:00:00,-8342.72
2050-01-04 10:00:00,-9740.4
2050-01-04 11:00:00,-11081.81
2050-01-04 12:00:00,-11745.87
2050-01-04 13:00:00,-7560.0
2050-01-04 14:00:00,-9005.49
2050-01-04 15:00:00,-11100.11
2050-01-04 16:00:00,-10452.59
2050-01-04 17:00:00,-9058.11
2050-01-04 18:00:00,-9847.19
2050-01-04 19:00:00,-9495.1
2050-01-04 20:00:00,-9341.89
2050-01-04 21:00:00,-9372.26
2050-01-04 22:00:00,-9554.72
2050-01-04 23:00:00,-9806.42
2050-01-05 00:00:00,-10099.95
2050-01-05 01:00:00,-10222.88
2050-01-05 02:00:00,-10413.27
2050-01-05 03:00:00,-10504.28
2050-01-05 04:00:00,-10553.16
2050-01-05 05:00:00,-10532.3
2050-01-05 06:00:00,-10399.9
2050-01-05 07:00:00,-10302.09
2050-01-05 08:00:00,-10542.4
2050-01-05 09:00:00,-10503.48
2050-01-05 10:00:00,-10666.83
2050-01-05 11:00:00,-10859.31
2050-01-05 12:00:00,-10951.53
2050-01-05 13:00:00,-10282.59
2050-01-05 14:00:00,-9590.11
2050-01-05 15:00:00,-10369.56
2050-01-05 16:00:00,-10149.31
2050-01-05 17:00:00,-7310.01
2050-01-05 18:00:00,-7821.14
2050-01-05 19:00:00,-8538.57
2050-01-05 20:00:00,-7463.93
2050-01-05 21:00:00,-7046.08
2050-01-05 22:00:00,-5802.62
2050-01-05 23:00:00,-2998.12
2050-01-06 00:00:00,-2707.26
2050-01-06 01:00:00,-3363.54
2050-01-06 02:00:00,-2181.87
2050-01-06 03:00:00,-849.88
2050-01-06 04:00:00,-763.98
2050-01-06 05:00:00,-1432.07
2050-01-06 06:00:00,-1270.34
2050-01-06 07:00:00,-2684.44
2050-01-06 08:00:00,-4141.92
2050-01-06 09:00:00,-5202.26
2050-01-06 10:00:00,-4114.08
2050-01-06 11:00:00,-7249.92
2050-01-06 12:00:00,-7135.78
2050-01-06 13:00:00,-5809.56
2050-01-06 14:00:00,-2980.13
2050-01-06 15:00:00,-3052.72
2050-01-06 16:00:00,-4151.06
2050-01-06 17:00:00,-3664.62
2050-01-06 18:00:00,-3061.92
2050-01-06 19:00:00,-3546.23
2050-01-06 20:00:00,-3521.16
2050-01-06 21:00:00,-6006.56
2050-01-06 22:00:00,-4281.42
2050-01-06 23:00:00,-4982.68
2050-01-07 00:00:00,-5332.61
2050-01-07 01:00:00,-6223.77
2050-01-07 02:00:00,-6480.79
2050-01-07 03:00:00,-5954.71
2050-01-07 04:00:00,-5620.93
2050-01-07 05:00:00,-5012.52
2050-01-07 06:00:00,-3390.84
2050-01-07 07:00:00,-5922.56
2050-01-07 08:00:00,-7342.78
2050-01-07 09:00:00,-5920.54
2050-01-07 10:00:00,-6165.98
2050-01-07 11:00:00,-6067.19
2050-01-07 12:00:00,-6828.95
2050-01-07 13:00:00,-6741.61
2050-01-07 14:00:00,-6495.55
2050-01-07 15:00:00,-5219.07
2050-01-07 16:00:00,-4561.14
2050-01-07 17:00:00,-5935.66
2050-01-07 18:00:00,-6397.37
2050-01-07 19:00:00,-6289.39
2050-01-07 20:00:00,-7321.85
2050-01-07 21:00:00,-7339.02
2050-01-07 22:00:00,-6494.12
2050-01-07 23:00:00,-7332.22
2050-01-08 00:00:00,-8014.8
2050-01-08 01:00:00,-6271.39
2050-01-08 02:00:00,-8305.47
2050-01-08 03:00:00,-8869.97
2050-01-08 04:00:00,-9763.46
2050-01-08 05:00:00,-9016.05
2050-01-08 06:00:00,-8532.37
2050-01-08 07:00:00,-8570.75
2050-01-08 08:00:00,-10298.98
2050-01-08 09:00:00,-5850.22
2050-01-08 10:00:00,-5215.2
2050-01-08 11:00:00,-5445.75
2050-01-08 12:00:00,-3938.17
2050-01-08 13:00:00,-3586.06
2050-01-08 14:00:00,-3387.66
2050-01-08 15:00:00,-2516.85
2050-01-08 16:00:00,-2871.32
2050-01-08 17:00:00,-3746.24
2050-01-08 18:00:00,-1997.07
2050-01-08 19:00:00,-3175.55
2050-01-08 20:00:00,-3292.43
2050-01-08 21:00:00,-3424.49
2050-01-08 22:00:00,-4451.15
2050-01-08 23:00:00,-5812.19
2050-01-09 00:00:00,-7324.45
2050-01-09 01:00:00,-9676.35
2050-01-09 02:00:00,-7824.77
2050-01-09 03:00:00,-9358.25
2050-01-09 04:00:00,-8448.35
2050-01-09 05:00:00,-9491.6
2050-01-09 06:00:00,-9021.48
2050-01-09 07:00:00,-8514.62
2050-01-09 08:00:00,-10208.74
2050-01-09 09:00:00,-11060.92
2050-01-09 10:00:00,-12183.26
2050-01-09 11:00:00,-9580.02
2050-01-09 12:00:00,-10027.1
2050-01-09 13:00:00,-9034.58
2050-01-09 14:00:00,-7979.13
2050-01-09 15:00:00,-7300.32
2050-01-09 16:00:00,-6399.79
2050-01-09 17:00:00,-5496.62
2050-01-09 18:00:00,-6318.92
2050-01-09 19:00:00,-7503.49
2050-01-09 20:00:00,-7678.9
2050-01-09 21:00:00,-6796.06
2050-01-09 22:00:00,-7562.02
2050-01-09 23:00:00,-7046.79
2050-01-10 00:00:00,-7921.85
2050-01-10 01:00:00,-7499.57
2050-01-10 02:00:00,-8150.28
2050-01-10 03:00:00,-7373.05
2050-01-10 04:00:00,-8716.95
2050-01-10 05:00:00,-7635.14
2050-01-10 06:00:00,-8222.94
2050-01-10 07:00:00,-8627.81
2050-01-10 08:00:00,-8963.49
2050-01-10 09:00:00,-8996.92
2050-01-10 10:00:00,-7407.82
2050-01-10 11:00:00,-6984.96
2050-01-10 12:00:00,-7555.45
2050-01-10 13:00:00,-7079.74
2050-01-10 14:00:00,-8627.29
2050-01-10 15:00:00,-7616.86
2050-01-10 16:00:00,-5449.85
2050-01-10 17:00:00,-5802.37
2050-01-10 18:00:00,-5973.25
2050-01-10 19:00:00,-5310.04
2050-01-10 20:00:00,-5957.89
2050-01-10 21:00:00,-7393.04
2050-01-10 22:00:00,-8633.4
2050-01-10 23:00:00,-8971.05
2050-01-11 00:00:00,-9613.69
2050-01-11 01:00:00,-9805.3
2050-01-11 02:00:00,-9929.58
2050-01-11 03:00:00,-10135.89
2050-01-11 04:00:00,-10180.18
2050-01-11 05:00:00,-10117.52
2050-01-11 06:00:00,-9654.58
2050-01-11 07:00:00,-9205.79
2050-01-11 08:00:00,-10503.34
2050-01-11 09:00:00,-8455.48
2050-01-11 10:00:00,-8262.67
2050-01-11 11:00:00,-7294.96
2050-01-11 12:00:00,-7030.63
2050-01-11 13:00:00,-7448.33
2050-01-11 14:00:00,-6609.79
2050-01-11 15:00:00,-4300.29
2050-01-11 16:00:00,-1035.4
2050-01-11 17:00:00,-1774.64
2050-01-11 18:00:00,-2487.73
2050-01-11 19:00:00,-2449.58
2050-01-11 20:00:00,-2290.2
2050-01-11 21:00:00,-2770.98
2050-01-11 22:00:00,-2843.35
2050-01-11 23:00:00,-3532.02
2050-01-12 00:00:00,-5083.57
2050-01-12 01:00:00,-5715.61
2050-01-12 02:00:00,-8133.93
2050-01-12 03:00:00,-7597.93
2050-01-12 04:00:00,-9708.78
2050-01-12 05:00:00,-9717.97
2050-01-12 06:00:00,-9954.97
2050-01-12 07:00:00,-9892.01
2050-01-12 08:00:00,-10557.1
2050-01-12 09:00:00,-10543.7
2050-01-12 10:00:00,-14451.1
2050-01-12 11:00:00,-14681.71
2050-01-12 12:00:00,-14470.56
2050-01-12 13:00:00,-12590.15
2050-01-12 14:00:00,-11962.72
2050-01-12 15:00:00,-11599.89
2050-01-12 16:00:00,-10563.69
2050-01-12 17:00:00,-7010.79
2050-01-12 18:00:00,-6823.85
2050-01-12 19:00:00,-5306.65
2050-01-12 20:00:00,-6715.11
2050-01-12 21:00:00,-7667.67
2050-01-12 22:00:00,-8908.04
2050-01-12 23:00:00,-9043.52
2050-01-13 00:00:00,-9318.8
2050-01-13 01:00:00,-9231.09
2050-01-13 02:00:00,-9364.31
2050-01-13 03:00:00,-9423.0
2050-01-13 04:00:00,-9111.09
2050-01-13 05:00:00,-9583.18
2050-01-13 06:00:00,-9376.22
2050-01-13 07:00:00,-9487.47
2050-01-13 08:00:00,-9328.82
2050-01-13 09:00:00,-8830.14
2050-01-13 10:00:00,-11599.99
2050-01-13 11:00:00,-8156.35
2050-01-13 12:00:00,-8646.67
2050-01-13 13:00:00,-7556.04
2050-01-13 14:00:00,-4809.7
2050-01-13 15:00:00,-5283.57
2050-01-13 16:00:00,-3565.84
2050-01-13 17:00:00,-4350.65
2050-01-13 18:00:00,-3626.1
2050-01-13 19:00:00,-4327.81
2050-01-13 20:00:00,-1743.92
2050-01-13 21:00:00,-1468.24
2050-01-13 22:00:00,-2292.31
2050-01-13 23:00:00,-3665.85
2050-01-14 00:00:00,-4914.96
2050-01-14 01:00:00,-2889.5
2050-01-14 02:00:00,-4073.59
2050-01-14 03:00:00,-2960.76
2050-01-14 04:00:00,-3586.6
2050-01-14 05:00:00,-3753.63
2050-01-14 06:00:00,-3952.69
2050-01-14 07:00:00,-3354.87
2050-01-14 08:00:00,-5133.33
2050-01-14 09:00:00,-5618.16
2050-01-14 10:00:00,-6814.46
2050-01-14 11:00:00,-5107.99
2050-01-14 12:00:00,-5031.28
2050-01-14 13:00:00,-7177.53
2050-01-14 14:00:00,-6049.21
2050-01-14 15:00:00,-4961.96
2050-01-14 16:00:00,-4242.37
2050-01-14 17:00:00,-3106.46
2050-01-14 18:00:00,-863.33
2050-01-14 19:00:00,-1077.18
2050-01-14 20:00:00,-827.32
2050-01-14 21:00:00,-204.01
2050-01-14 22:00:00,-746.48
2050-01-14 23:00:00,-1506.98
2050-01-15 00:00:00,-2224.42
2050-01-15 01:00:00,-3663.63
2050-01-15 02:00:00,-5382.3
2050-01-15 03:00:00,-5232.91
2050-01-15 04:00:00,-5323.01
2050-01-15 05:00:00,-5316.81
2050-01-15 06:00:00,-5025.22
2050-01-15 07:00:00,-4173.2
2050-01-15 08:00:00,-8487.09
2050-01-15 09:00:00,-7353.28
2050-01-15 10:00:00,-7802.88
2050-01-15 11:00:00,-9094.1
2050-01-15 12:00:00,-8591.95
2050-01-15 13:00:00,-8360.01
2050-01-15 14:00:00,-7537.8
2050-01-15 15:00:00,-5821.79
2050-01-15 16:00:00,-4812.39
2050-01-15 17:00:00,-5016.29
2050-01-15 18:00:00,-4739.65
2050-01-15 19:00:00,-1337.98
2050-01-15 20:00:00,-90.4
2050-01-15 21:00:00,-1410.26
2050-01-15 22:00:00,-1050.66
2050-01-15 23:00:00,-1719.56
2050-01-16 00:00:00,-1162.8
2050-01-16 01:00:00,-2644.98
2050-01-16 02:00:00,-691.36
2050-01-16 03:00:00,-1510.48
2050-01-16 04:00:00,-329.74
2050-01-16 05:00:00,-2275.24
2050-01-16 06:00:00,-3133.81
2050-01-16 07:00:00,486.68
2050-01-16 08:00:00,-3219.11
2050-01-16 09:00:00,-4492.83
2050-01-16 10:00:00,-5058.2
2050-01-16 11:00:00,-8598.12
2050-01-16 12:00:00,-6019.62
2050-01-16 13:00:00,-9732.3
2050-01-16 14:00:00,-6293.33
2050-01-16 15:00:00,-7897.11
2050-01-16 16:00:00,-9376.62
2050-01-16 17:00:00,-10483.41
2050-01-16 18:00:00,-10443.19
2050-01-16 19:00:00,-10247.88
2050-01-16 20:00:00,-10018.58
2050-01-16 21:00:00,-10045.83
2050-01-16 22:00:00,-10168.84
2050-01-16 23:00:00,-10427.77
2050-01-17 00:00:00,-10697.93
2050-01-17 01:00:00,-10797.86
2050-01-17 02:00:00,-10976.89
2050-01-17 03:00:00,-10941.41
2050-01-17 04:00:00,-11104.45
2050-01-17 05:00:00,-7888.3
2050-01-17 06:00:00,-5617.06
2050-01-17 07:00:00,-6237.15
2050-01-17 08:00:00,-8071.46
2050-01-17 09:00:00,-5290.83
2050-01-17 10:00:00,-6493.26
2050-01-17 11:00:00,-8103.3
2050-01-17 12:00:00,-6146.4
2050-01-17 13:00:00,-4896.02
2050-01-17 14:00:00,-4144.86
2050-01-17 15:00:00,-3929.61
2050-01-17 16:00:00,-4282.78
2050-01-17 17:00:00,-3706.06
2050-01-17 18:00:00,-4465.32
2050-01-17 19:00:00,-6128.35
2050-01-17 20:00:00,-3404.18
2050-01-17 21:00:00,-4887.46
2050-01-17 22:00:00,-5756.07
2050-01-17 23:00:00,-5896.94
2050-01-18 00:00:00,-7190.84
2050-01-18 01:00:00,-5109.58
2050-01-18 02:00:00,-7084.78
2050-01-18 03:00:00,-8662.38
2050-01-18 04:00:00,-8364.82
2050-01-18 05:00:00,-10962.7
2050-01-18 06:00:00,-10512.12
2050-01-18 07:00:00,-8456.02
2050-01-18 08:00:00,-9646.18
2050-01-18 09:00:00,-8595.25
2050-01-18 10:00:00,-7080.01
2050-01-18 11:00:00,-9011.68
2050-01-18 12:00:00,-11539.66
2050-01-18 13:00:00,-11356.63
2050-01-18 14:00:00,-10015.42
2050-01-18 15:00:00,-7971.59
2050-01-18 16:00:00,-6189.3
2050-01-18 17:00:00,-10539.4
2050-01-18 18:00:00,-10297.36
2050-01-18 19:00:00,-10105.01
2050-01-18 20:00:00,-7498.42
2050-01-18 21:00:00,-6966.49
2050-01-18 22:00:00,-9587.67
2050-01-18 23:00:00,-8685.54
2050-01-19 00:00:00,-8195.01
2050-01-19 01:00:00,-9136.36
2050-01-19 02:00:00,-7473.28
2050-01-19 03:00:00,-6738.4
2050-01-19 04:00:00,-6627.25
2050-01-19 05:00:00,-7078.77
2050-01-19 06:00:00,-6557.24
2050-01-19 07:00:00,-6545.58
2050-01-19 08:00:00,-7702.93
2050-01-19 09:00:00,-8360.88
2050-01-19 10:00:00,-9902.63
2050-01-19 11:00:00,-10814.84
2050-01-19 12:00:00,-10262.89
2050-01-19 13:00:00,-9962.0
2050-01-19 14:00:00,-10931.12
2050-01-19 15:00:00,-11438.01
2050-01-19 16:00:00,-11582.1
2050-01-19 17:00:00,-11133.63
2050-01-19 18:00:00,-10687.6
2050-01-19 19:00:00,-10334.46
2050-01-19 20:00:00,-10129.97
2050-01-19 21:00:00,-10068.17
2050-01-19 22:00:00,-10264.57
2050-01-19 23:00:00,-10463.55
2050-01-20 00:00:00,-10534.81
2050-01-20 01:00:00,-8525.28
2050-01-20 02:00:00,-8999.82
2050-01-20 03:00:00,-9251.23
2050-01-20 04:00:00,-7290.55
2050-01-20 05:00:00,-5415.4
2050-01-20 06:00:00,-3444.69
2050-01-20 07:00:00,-3604.82
2050-01-20 08:00:00,-2977.86
2050-01-20 09:00:00,-4873.4
2050-01-20 10:00:00,-6043.84
2050-01-20 11:00:00,-8921.73
2050-01-20 12:00:00,-7584.36
2050-01-20 13:00:00,-8182.14
2050-01-20 14:00:00,-9844.85
2050-01-20 15:00:00,-12258.64
2050-01-20 16:00:00,-9180.7
2050-01-20 17:00:00,-8689.58
2050-01-20 18:00:00,-8633.13
2050-01-20 19:00:00,-7646.31
2050-01-20 20:00:00,-5723.76
2050-01-20 21:00:00,-6622.53
2050-01-20 22:00:00,-6265.87
2050-01-20 23:00:00,-5238.82
2050-01-21 00:00:00,-5789.27
2050-01-21 01:00:00,-5186.93
2050-01-21 02:00:00,-4338.75
2050-01-21 03:00:00,-3833.73
2050-01-21 04:00:00,-2720.7
2050-01-21 05:00:00,-3810.9
2050-01-21 06:00:00,-4992.88
2050-01-21 07:00:00,-4646.14
2050-01-21 08:00:00,-3489.46
2050-01-21 09:00:00,-4414.52
2050-01-21 10:00:00,-5174.21
2050-01-21 11:00:00,-4821.54
2050-01-21 12:00:00,-6708.77
2050-01-21 13:00:00,-4840.34
2050-01-21 14:00:00,-4271.23
2050-01-21 15:00:00,-2809.96
2050-01-21 16:00:00,-1667.38
2050-01-21 17:00:00,-2512.24
2050-01-21 18:00:00,-547.39
2050-01-21 19:00:00,-87.96
2050-01-21 20:00:00,-318.88
2050-01-21 21:00:00,827.44
2050-01-21 22:00:00,-534.43
2050-01-21 23:00:00,-676.65
2050-01-22 00:00:00,-1504.44
2050-01-22 01:00:00,-1425.13
2050-01-22 02:00:00,-1393.9
2050-01-22 03:00:00,-1076.79
2050-01-22 04:00:00,-180.62
2050-01-22 05:00:00,-1567.55
2050-01-22 06:00:00,-193.51
2050-01-22 07:00:00,-130.63
2050-01-22 08:00:00,-2058.2
2050-01-22 09:00:00,-3852.75
2050-01-22 10:00:00,-2934.02
2050-01-22 11:00:00,-3116.93
2050-01-22 12:00:00,-3406.44
2050-01-22 13:00:00,-2602.76
2050-01-22 14:00:00,-1718.64
2050-01-22 15:00:00,-300.78
2050-01-22 16:00:00,1883.2
2050-01-22 17:00:00,1746.11
2050-01-22 18:00:00,1799.84
2050-01-22 19:00:00,2241.83
2050-01-22 20:00:00,2485.58
2050-01-22 21:00:00,321.56
2050-01-22 22:00:00,-769.62
2050-01-22 23:00:00,-1491.95
2050-01-23 00:00:00,-3209.04
2050-01-23 01:00:00,-5497.63
2050-01-23 02:00:00,-7471.4
2050-01-23 03:00:00,-8491.6
2050-01-23 04:00:00,-10640.68
2050-01-23 05:00:00,-10716.74
2050-01-23 06:00:00,-10531.47
2050-01-23 07:00:00,-10368.53
2050-01-23 08:00:00,-12794.76
2050-01-23 09:00:00,-10793.33
2050-01-23 10:00:00,-10934.87
2050-01-23 11:00:00,-11068.82
2050-01-23 12:00:00,-11379.42
2050-01-23 13:00:00,-12084.21
2050-01-23 14:00:00,-12219.29
2050-01-23 15:00:00,-12061.45
2050-01-23 16:00:00,-11217.74
2050-01-23 17:00:00,-10741.1
2050-01-23 18:00:00,-10268.75
2050-01-23 19:00:00,-9898.08
2050-01-23 20:00:00,-9716.8
2050-01-23 21:00:00,-9745.76
2050-01-23 22:00:00,-9907.92
2050-01-23 23:00:00,-10119.83
2050-01-24 00:00:00,-10381.89
2050-01-24 01:00:00,-10471.66
2050-01-24 02:00:00,-10493.22
2050-01-24 03:00:00,-10619.04
2050-01-24 04:00:00,-10884.66
2050-01-24 05:00:00,-10950.77
2050-01-24 06:00:00,-10916.69
2050-01-24 07:00:00,-10926.34
2050-01-24 08:00:00,-10983.49
2050-01-24 09:00:00,-11110.99
2050-01-24 10:00:00,-11177.98
2050-01-24 11:00:00,-11337.37
2050-01-24 12:00:00,-11486.58
2050-01-24 13:00:00,-11750.48
2050-01-24 14:00:00,-10858.69
2050-01-24 15:00:00,-11309.41
2050-01-24 16:00:00,-11352.48
2050-01-24 17:00:00,-10763.99
2050-01-24 18:00:00,-10161.33
2050-01-24 19:00:00,-9898.81
2050-01-24 20:00:00,-9951.82
2050-01-24 21:00:00,-10322.56
2050-01-24 22:00:00,-10565.63
2050-01-24 23:00:00,-10385.85
2050-01-25 00:00:00,-10607.81
2050-01-25 01:00:00,-8623.86
2050-01-25 02:00:00,-8817.52
2050-01-25 03:00:00,-9709.95
2050-01-25 04:00:00,-9334.05
2050-01-25 05:00:00,-7806.91
2050-01-25 06:00:00,-5741.41
2050-01-25 07:00:00,-7169.33
2050-01-25 08:00:00,-9537.99
2050-01-25 09:00:00,-8151.66
2050-01-25 10:00:00,-8994.95
2050-01-25 11:00:00,-9398.35
2050-01-25 12:00:00,-8245.37
2050-01-25 13:00:00,-9262.79
2050-01-25 14:00:00,-10185.52
2050-01-25 15:00:00,-7851.29
2050-01-25 16:00:00,-5369.7
2050-01-25 17:00:00,-4689.76
2050-01-25 18:00:00,-4403.8
2050-01-25 19:00:00,-5887.7
2050-01-25 20:00:00,-7097.18
2050-01-25 21:00:00,-8733.08
2050-01-25 22:00:00,-8998.22
2050-01-25 23:00:00,-7095.89
2050-01-26 00:00:00,-6585.74
2050-01-26 01:00:00,-6108.2
2050-01-26 02:00:00,-4790.69
2050-01-26 03:00:00,-6173.75
2050-01-26 04:00:00,-8193.12
2050-01-26 05:00:00,-6005.3
2050-01-26 06:00:00,-4821.77
2050-01-26 07:00:00,-4935.39
2050-01-26 08:00:00,-8397.88
2050-01-26 09:00:00,-9344.44
2050-01-26 10:00:00,-9428.01
2050-01-26 11:00:00,-8679.56
2050-01-26 12:00:00,-10208.9
2050-01-26 13:00:00,-10495.71
2050-01-26 14:00:00,-10586.81
2050-01-26 15:00:00,-9383.45
2050-01-26 16:00:00,-9880.38
2050-01-26 17:00:00,-9041.37
2050-01-26 18:00:00,-9800.24
2050-01-26 19:00:00,-9488.9
2050-01-26 20:00:00,-8884.86
2050-01-26 21:00:00,-8710.75
2050-01-26 22:00:00,-8775.36
2050-01-26 23:00:00,-8637.99
2050-01-27 00:00:00,-6897.01
2050-01-27 01:00:00,-7152.99
2050-01-27 02:00:00,-7699.9
2050-01-27 03:00:00,-6863.19
2050-01-27 04:00:00,-8695.57
2050-01-27 05:00:00,-9406.82
2050-01-27 06:00:00,-6776.59
2050-01-27 07:00:00,-7772.6
2050-01-27 08:00:00,-10999.89
2050-01-27 09:00:00,-12491.73
2050-01-27 10:00:00,-13595.01
2050-01-27 11:00:00,-13647.86
2050-01-27 12:00:00,-11725.73
2050-01-27 13:00:00,-11457.81
2050-01-27 14:00:00,-11541.02
2050-01-27 15:00:00,-11406.7
2050-01-27 16:00:00,-10952.85
2050-01-27 17:00:00,-10110.81
2050-01-27 18:00:00,-9383.18
2050-01-27 19:00:00,-9062.56
2050-01-27 20:00:00,-7377.49
2050-01-27 21:00:00,-8196.09
2050-01-27 22:00:00,-8700.82
2050-01-27 23:00:00,-7900.91
2050-01-28 00:00:00,-8320.67
2050-01-28 01:00:00,-6297.28
2050-01-28 02:00:00,-6790.02
2050-01-28 03:00:00,-6264.08
2050-01-28 04:00:00,-6025.62
2050-01-28 05:00:00,-7526.3
2050-01-28 06:00:00,-7815.85
2050-01-28 07:00:00,-6648.78
2050-01-28 08:00:00,-6328.26
2050-01-28 09:00:00,-6954.71
2050-01-28 10:00:00,-6986.65
2050-01-28 11:00:00,-4926.51
2050-01-28 12:00:00,-5161.05
2050-01-28 13:00:00,-4322.04
2050-01-28 14:00:00,-1926.33
2050-01-28 15:00:00,-1297.26
2050-01-28 16:00:00,-1218.78
2050-01-28 17:00:00,-1272.71
2050-01-28 18:00:00,-1518.85
2050-01-28 19:00:00,-958.01
2050-01-28 20:00:00,-898.14
2050-01-28 21:00:00,-1459.03
2050-01-28 22:00:00,-1823.49
2050-01-28 23:00:00,-1713.03
2050-01-29 00:00:00,-2695.54
2050-01-29 01:00:00,-3006.61
2050-01-29 02:00:00,-3533.43
2050-01-29 03:00:00,-4909.32
2050-01-29 04:00:00,-4067.22
2050-01-29 05:00:00,-7732.53
2050-01-29 06:00:00,-7455.72
2050-01-29 07:00:00,-7966.07
2050-01-29 08:00:00,-7687.4
2050-01-29 09:00:00,-6566.06
2050-01-29 10:00:00,-8089.85
2050-01-29 11:00:00,-8609.28
2050-01-29 12:00:00,-9688.71
2050-01-29 13:00:00,-9957.59
2050-01-29 14:00:00,-10340.04
2050-01-29 15:00:00,-10337.31
2050-01-29 16:00:00,-10125.91
2050-01-29 17:00:00,-9548.27
2050-01-29 18:00:00,-9062.56
2050-01-29 19:00:00,-8613.34
2050-01-29 20:00:00,-8279.59
2050-01-29 21:00:00,-8493.85
2050-01-29 22:00:00,-8273.36
2050-01-29 23:00:00,-7540.57
2050-01-30 00:00:00,-7166.08
2050-01-30 01:00:00,-7978.96
2050-01-30 02:00:00,-8773.37
2050-01-30 03:00:00,-6622.96
2050-01-30 04:00:00,-5277.87
2050-01-30 05:00:00,-4489.15
2050-01-30 06:00:00,-2655.26
2050-01-30 07:00:00,-1583.97
2050-01-30 08:00:00,-4537.83
2050-01-30 09:00:00,-4504.11
2050-01-30 10:00:00,-3185.42
2050-01-30 11:00:00,-2945.71
2050-01-30 12:00:00,-2847.73
2050-01-30 13:00:00,-4384.63
2050-01-30 14:00:00,-5070.65
2050-01-30 15:00:00,-3149.17
2050-01-30 16:00:00,-4736.15
2050-01-30 17:00:00,-7595.66
2050-01-30 18:00:00,-8994.25
2050-01-30 19:00:00,-8705.31
2050-01-30 20:00:00,-8562.27
2050-01-30 21:00:00,-8524.52
2050-01-30 22:00:00,-8322.34
2050-01-30 23:00:00,-7079.18
2050-01-31 00:00:00,-5713.41
2050-01-31 01:00:00,-5067.6
2050-01-31 02:00:00,-3847.79
2050-01-31 03:00:00,-1876.07
2050-01-31 04:00:00,-2373.63
2050-01-31 05:00:00,-2551.46
2050-01-31 06:00:00,-2967.89
2050-01-31 07:00:00,-3476.61
2050-01-31 08:00:00,-3274.96
2050-01-31 09:00:00,-4226.03
2050-01-31 10:00:00,-2306.16
2050-01-31 11:00:00,-1914.52
2050-01-31 12:00:00,-1546.15
2050-01-31 13:00:00,-2554.21
2050-01-31 14:00:00,-2654.13
2050-01-31 15:00:00,-1890.14
2050-01-31 16:00:00,700.14
2050-01-31 17:00:00,400.38
2050-01-31 18:00:00,-999.95
2050-01-31 19:00:00,-1811.46
2050-01-31 20:00:00,-2788.33
2050-01-31 21:00:00,-5046.81
2050-01-31 22:00:00,-3193.94
2050-01-31 23:00:00,-3254.77
2050-02-01 00:00:00,-4761.29
2050-02-01 01:00:00,-6050.05
2050-02-01 02:00:00,-6734.71
2050-02-01 03:00:00,-7003.2
2050-02-01 04:00:00,-8712.26
2050-02-01 05:00:00,-8751.64
2050-02-01 06:00:00,-8620.96
2050-02-01 07:00:00,-8470.66
2050-02-01 08:00:00,-8934.25
2050-02-01 09:00:00,-8980.32
2050-02-01 10:00:00,-9083.63
2050-02-01 11:00:00,-8731.75
2050-02-01 12:00:00,-6443.45
2050-02-01 13:00:00,-7390.0
2050-02-01 14:00:00,-5376.35
2050-02-01 15:00:00,-5013.28
2050-02-01 16:00:00,-4748.55
2050-02-01 17:00:00,-2533.85
2050-02-01 18:00:00,-1009.52
2050-02-01 19:00:00,-2349.08
2050-02-01 20:00:00,-140.16
2050-02-01 21:00:00,2234.43
2050-02-01 22:00:00,-627.34
2050-02-01 23:00:00,-1953.7
2050-02-02 00:00:00,-3308.43
2050-02-02 01:00:00,-3524.08
2050-02-02 02:00:00,-4796.96
2050-02-02 03:00:00,-3302.21
2050-02-02 04:00:00,-1996.67
2050-02-02 05:00:00,-641.97
2050-02-02 06:00:00,-2558.55
2050-02-02 07:00:00,-4056.45
2050-02-02 08:00:00,-3864.22
2050-02-02 09:00:00,-5160.47
2050-02-02 10:00:00,-6636.93
2050-02-02 11:00:00,-3836.9
2050-02-02 12:00:00,-2692.32
2050-02-02 13:00:00,-2798.67
2050-02-02 14:00:00,-2117.38
2050-02-02 15:00:00,-3676.26
2050-02-02 16:00:00,-5087.4
2050-02-02 17:00:00,-6156.48
2050-02-02 18:00:00,-6354.57
2050-02-02 19:00:00,-7874.71
2050-02-02 20:00:00,-6425.04
2050-02-02 21:00:00,-7253.04
2050-02-02 22:00:00,-6644.67
2050-02-02 23:00:00,-5830.77
2050-02-03 00:00:00,-6347.23
2050-02-03 01:00:00,-8867.77
2050-02-03 02:00:00,-9311.03
2050-02-03 03:00:00,-9466.66
2050-02-03 04:00:00,-8312.31
2050-02-03 05:00:00,-7868.12
2050-02-03 06:00:00,-6632.75
2050-02-03 07:00:00,-5287.96
2050-02-03 08:00:00,-7652.74
2050-02-03 09:00:00,-8301.26
2050-02-03 10:00:00,-8849.67
2050-02-03 11:00:00,-7141.29
2050-02-03 12:00:00,-9592.63
2050-02-03 13:00:00,-9735.7
2050-02-03 14:00:00,-8888.99
2050-02-03 15:00:00,-9308.74
2050-02-03 16:00:00,-9308.91
2050-02-03 17:00:00,-9253.01
2050-02-03 18:00:00,-8251.78
2050-02-03 19:00:00,-8115.02
2050-02-03 20:00:00,-8578.04
2050-02-03 21:00:00,-9545.23
2050-02-03 22:00:00,-9701.79
2050-02-03 23:00:00,-9921.8
2050-02-04 00:00:00,-9809.53
2050-02-04 01:00:00,-9522.67
2050-02-04 02:00:00,-9693.6
2050-02-04 03:00:00,-10362.3
2050-02-04 04:00:00,-9760.33
2050-02-04 05:00:00,-9358.76
2050-02-04 06:00:00,-9683.25
2050-02-04 07:00:00,-8510.5
2050-02-04 08:00:00,-7938.19
2050-02-04 09:00:00,-8324.45
2050-02-04 10:00:00,-7808.59
2050-02-04 11:00:00,-1748.16
2050-02-04 12:00:00,-2575.03
2050-02-04 13:00:00,-1398.17
2050-02-04 14:00:00,-2225.62
2050-02-04 15:00:00,-3814.37
2050-02-04 16:00:00,-3868.92
2050-02-04 17:00:00,-3684.08
2050-02-04 18:00:00,-2120.05
2050-02-04 19:00:00,-2012.77
2050-02-04 20:00:00,-1515.94
2050-02-04 21:00:00,-3706.43
2050-02-04 22:00:00,-4109.1
2050-02-04 23:00:00,-5381.84
2050-02-05 00:00:00,-5710.06
2050-02-05 01:00:00,-6386.71
2050-02-05 02:00:00,-7828.22
2050-02-05 03:00:00,-8380.96
2050-02-05 04:00:00,-7555.06
2050-02-05 05:00:00,-8950.71
2050-02-05 06:00:00,-9088.17
2050-02-05 07:00:00,-10207.39
2050-02-05 08:00:00,-13409.95
2050-02-05 09:00:00,-14294.78
2050-02-05 10:00:00,-14969.04
2050-02-05 11:00:00,-15354.96
2050-02-05 12:00:00,-15207.52
2050-02-05 13:00:00,-14567.7
2050-02-05 14:00:00,-14004.47
2050-02-05 15:00:00,-11634.0
2050-02-05 16:00:00,-7815.6
2050-02-05 17:00:00,-6935.47
2050-02-05 18:00:00,-6051.23
2050-02-05 19:00:00,-8124.97
2050-02-05 20:00:00,-8866.74
2050-02-05 21:00:00,-8438.85
2050-02-05 22:00:00,-8209.64
2050-02-05 23:00:00,-8434.12
2050-02-06 00:00:00,-6531.61
2050-02-06 01:00:00,-4647.94
2050-02-06 02:00:00,-3866.4
2050-02-06 03:00:00,-857.58
2050-02-06 04:00:00,-1719.72
2050-02-06 05:00:00,-367.33
2050-02-06 06:00:00,773.69
2050-02-06 07:00:00,2572.68
2050-02-06 08:00:00,1828.05
2050-02-06 09:00:00,853.07
2050-02-06 10:00:00,2560.82
2050-02-06 11:00:00,2786.64
2050-02-06 12:00:00,1750.54
2050-02-06 13:00:00,2879.54
2050-02-06 14:00:00,1943.08
2050-02-06 15:00:00,2136.58
2050-02-06 16:00:00,1547.63
2050-02-06 17:00:00,-1213.6
2050-02-06 18:00:00,-797.11
2050-02-06 19:00:00,-2357.7
2050-02-06 20:00:00,-2052.7
2050-02-06 21:00:00,-1679.29
2050-02-06 22:00:00,-2308.16
2050-02-06 23:00:00,-1478.89
2050-02-07 00:00:00,1185.0
2050-02-07 01:00:00,3694.37
2050-02-07 02:00:00,2256.02
2050-02-07 03:00:00,1401.68
2050-02-07 04:00:00,540.48
2050-02-07 05:00:00,-267.79
2050-02-07 06:00:00,580.09
2050-02-07 07:00:00,615.07
2050-02-07 08:00:00,112.58
2050-02-07 09:00:00,-1167.75
2050-02-07 10:00:00,-3448.22
2050-02-07 11:00:00,-4466.09
2050-02-07 12:00:00,-3550.02
2050-02-07 13:00:00,-4488.57
2050-02-07 14:00:00,-2894.8
2050-02-07 15:00:00,-405.93
2050-02-07 16:00:00,-2889.47
2050-02-07 17:00:00,-5051.94
2050-02-07 18:00:00,-4898.99
2050-02-07 19:00:00,-4275.54
2050-02-07 20:00:00,-4196.65
2050-02-07 21:00:00,-4425.5
2050-02-07 22:00:00,-8198.71
2050-02-07 23:00:00,-9062.24
2050-02-08 00:00:00,-9369.96
2050-02-08 01:00:00,-9155.0
2050-02-08 02:00:00,-8335.34
2050-02-08 03:00:00,-8215.35
2050-02-08 04:00:00,-9262.77
2050-02-08 05:00:00,-8083.29
2050-02-08 06:00:00,-8318.7
2050-02-08 07:00:00,-7846.21
2050-02-08 08:00:00,-8092.74
2050-02-08 09:00:00,-6759.45
2050-02-08 10:00:00,-3475.57
2050-02-08 11:00:00,-3342.97
2050-02-08 12:00:00,-4153.06
2050-02-08 13:00:00,-2964.67
2050-02-08 14:00:00,-5170.56
2050-02-08 15:00:00,-4879.9
2050-02-08 16:00:00,-2406.96
2050-02-08 17:00:00,-3811.88
2050-02-08 18:00:00,-4977.16
2050-02-08 19:00:00,-3634.79
2050-02-08 20:00:00,-4605.2
2050-02-08 21:00:00,-4523.63
2050-02-08 22:00:00,-3725.08
2050-02-08 23:00:00,-2581.81
2050-02-09 00:00:00,-1771.68
2050-02-09 01:00:00,-859.05
2050-02-09 02:00:00,-451.36
2050-02-09 03:00:00,-307.68
2050-02-09 04:00:00,-2065.91
2050-02-09 05:00:00,-2038.9
2050-02-09 06:00:00,-793.57
2050-02-09 07:00:00,-747.22
2050-02-09 08:00:00,-2247.78
2050-02-09 09:00:00,-3909.9
2050-02-09 10:00:00,-6645.05
2050-02-09 11:00:00,-6727.29
2050-02-09 12:00:00,-8195.41
2050-02-09 13:00:00,-8721.44
2050-02-09 14:00:00,-7110.5
2050-02-09 15:00:00,-8244.09
2050-02-09 16:00:00,-9089.29
2050-02-09 17:00:00,-9137.54
2050-02-09 18:00:00,-8038.51
2050-02-09 19:00:00,-8764.2
2050-02-09 20:00:00,-8852.68
2050-02-09 21:00:00,-9269.57
2050-02-09 22:00:00,-9772.23
2050-02-09 23:00:00,-9849.87
2050-02-10 00:00:00,-8043.72
2050-02-10 01:00:00,-8955.98
2050-02-10 02:00:00,-9217.53
2050-02-10 03:00:00,-9999.11
2050-02-10 04:00:00,-9238.31
2050-02-10 05:00:00,-9450.95
2050-02-10 06:00:00,-9139.82
2050-02-10 07:00:00,-9631.08
2050-02-10 08:00:00,-12970.75
2050-02-10 09:00:00,-13969.94
2050-02-10 10:00:00,-12239.36
2050-02-10 11:00:00,-13736.63
2050-02-10 12:00:00,-14556.62
2050-02-10 13:00:00,-14187.75
2050-02-10 14:00:00,-12826.46
2050-02-10 15:00:00,-8937.45
2050-02-10 16:00:00,-7651.43
2050-02-10 17:00:00,-4582.68
2050-02-10 18:00:00,-3485.17
2050-02-10 19:00:00,-3103.01
2050-02-10 20:00:00,-3239.76
2050-02-10 21:00:00,-2235.29
2050-02-10 22:00:00,-3845.48
2050-02-10 23:00:00,-2000.78
2050-02-11 00:00:00,547.62
2050-02-11 01:00:00,-717.43
2050-02-11 02:00:00,-1614.94
2050-02-11 03:00:00,-762.44
2050-02-11 04:00:00,-2443.31
2050-02-11 05:00:00,-3154.91
2050-02-11 06:00:00,-2906.49
2050-02-11 07:00:00,-5003.66
2050-02-11 08:00:00,-5581.06
2050-02-11 09:00:00,-5066.25
2050-02-11 10:00:00,-5290.6
2050-02-11 11:00:00,-4723.96
2050-02-11 12:00:00,-6349.85
2050-02-11 13:00:00,-7274.5
2050-02-11 14:00:00,-7953.94
2050-02-11 15:00:00,-7185.56
2050-02-11 16:00:00,-4880.36
2050-02-11 17:00:00,-5134.59
2050-02-11 18:00:00,-1579.1
2050-02-11 19:00:00,-2896.03
2050-02-11 20:00:00,-1187.38
2050-02-11 21:00:00,-2567.98
2050-02-11 22:00:00,-2700.88
2050-02-11 23:00:00,-6499.7
2050-02-12 00:00:00,-6884.75
2050-02-12 01:00:00,-7254.63
2050-02-12 02:00:00,-8453.01
2050-02-12 03:00:00,-8203.29
2050-02-12 04:00:00,-8349.41
2050-02-12 05:00:00,-6904.07
2050-02-12 06:00:00,-8317.4
2050-02-12 07:00:00,-12283.62
2050-02-12 08:00:00,-4199.06
2050-02-12 09:00:00,-3400.43
2050-02-12 10:00:00,73.89
2050-02-12 11:00:00,473.15
2050-02-12 12:00:00,-614.75
2050-02-12 13:00:00,-111.56
2050-02-12 14:00:00,456.35
2050-02-12 15:00:00,-174.43
2050-02-12 16:00:00,-1050.32
2050-02-12 17:00:00,-1750.28
2050-02-12 18:00:00,-480.97
2050-02-12 19:00:00,-3482.99
2050-02-12 20:00:00,-4307.91
2050-02-12 21:00:00,-6826.53
2050-02-12 22:00:00,-7235.37
2050-02-12 23:00:00,-7523.93
2050-02-13 00:00:00,-5699.51
2050-02-13 01:00:00,-5771.62
2050-02-13 02:00:00,-8222.06
2050-02-13 03:00:00,-8428.37
2050-02-13 04:00:00,-10446.26
2050-02-13 05:00:00,-10502.46
2050-02-13 06:00:00,-10286.63
2050-02-13 07:00:00,-10674.9
2050-02-13 08:00:00,-13340.88
2050-02-13 09:00:00,-14182.08
2050-02-13 10:00:00,-14855.5
2050-02-13 11:00:00,-13910.97
2050-02-13 12:00:00,-13564.37
2050-02-13 13:00:00,-11776.95
2050-02-13 14:00:00,-9079.56
2050-02-13 15:00:00,-9159.29
2050-02-13 16:00:00,-7386.55
2050-02-13 17:00:00,-7509.71
2050-02-13 18:00:00,-9149.4
2050-02-13 19:00:00,-9239.21
2050-02-13 20:00:00,-9083.7
2050-02-13 21:00:00,-9126.58
2050-02-13 22:00:00,-9184.45
2050-02-13 23:00:00,-9532.24
2050-02-14 00:00:00,-9750.37
2050-02-14 01:00:00,-8975.35
2050-02-14 02:00:00,-7461.21
2050-02-14 03:00:00,-8711.48
2050-02-14 04:00:00,-4272.51
2050-02-14 05:00:00,-4539.73
2050-02-14 06:00:00,-5131.03
2050-02-14 07:00:00,-5032.45
2050-02-14 08:00:00,-5936.18
2050-02-14 09:00:00,-9135.18
2050-02-14 10:00:00,-7941.62
2050-02-14 11:00:00,-9078.64
2050-02-14 12:00:00,-7305.59
2050-02-14 13:00:00,-6260.86
2050-02-14 14:00:00,-5803.26
2050-02-14 15:00:00,-4353.28
2050-02-14 16:00:00,-1726.06
2050-02-14 17:00:00,-258.08
2050-02-14 18:00:00,-1458.98
2050-02-14 19:00:00,-1340.24
2050-02-14 20:00:00,646.42
2050-02-14 21:00:00,804.62
2050-02-14 22:00:00,744.16
2050-02-14 23:00:00,-486.26
2050-02-15 00:00:00,-2706.2
2050-02-15 01:00:00,-3380.15
2050-02-15 02:00:00,-6170.46
2050-02-15 03:00:00,-7188.17
2050-02-15 04:00:00,-7903.56
2050-02-15 05:00:00,-7634.04
2050-02-15 06:00:00,-8369.23
2050-02-15 07:00:00,-12484.24
2050-02-15 08:00:00,-11002.98
2050-02-15 09:00:00,-11856.98
2050-02-15 10:00:00,-11548.59
2050-02-15 11:00:00,-11175.28
2050-02-15 12:00:00,-11089.23
2050-02-15 13:00:00,-11016.65
2050-02-15 14:00:00,-10145.71
2050-02-15 15:00:00,-10027.06
2050-02-15 16:00:00,-10075.58
2050-02-15 17:00:00,-10130.48
2050-02-15 18:00:00,-10000.31
2050-02-15 19:00:00,-9780.2
2050-02-15 20:00:00,-9606.49
2050-02-15 21:00:00,-9199.63
2050-02-15 22:00:00,-9858.68
2050-02-15 23:00:00,-10157.06
2050-02-16 00:00:00,-10475.47
2050-02-16 01:00:00,-10652.18
2050-02-16 02:00:00,-10866.12
2050-02-16 03:00:00,-10999.43
2050-02-16 04:00:00,-11073.43
2050-02-16 05:00:00,-11104.66
2050-02-16 06:00:00,-11017.8
2050-02-16 07:00:00,-14305.1
2050-02-16 08:00:00,-13816.15
2050-02-16 09:00:00,-14656.69
2050-02-16 10:00:00,-13737.81
2050-02-16 11:00:00,-13968.83
2050-02-16 12:00:00,-15021.28
2050-02-16 13:00:00,-12604.64
2050-02-16 14:00:00,-12016.53
2050-02-16 15:00:00,-12535.47
2050-02-16 16:00:00,-11229.16
2050-02-16 17:00:00,-5620.47
2050-02-16 18:00:00,-6939.39
2050-02-16 19:00:00,-9041.1
2050-02-16 20:00:00,-8612.84
2050-02-16 21:00:00,-8913.96
2050-02-16 22:00:00,-9142.12
2050-02-16 23:00:00,-9224.95
2050-02-17 00:00:00,-9389.5
2050-02-17 01:00:00,-9544.15
2050-02-17 02:00:00,-8599.98
2050-02-17 03:00:00,-6744.67
2050-02-17 04:00:00,-7368.48
2050-02-17 05:00:00,-5750.97
2050-02-17 06:00:00,-5179.27
2050-02-17 07:00:00,-6396.55
2050-02-17 08:00:00,-7120.93
2050-02-17 09:00:00,-7607.61
2050-02-17 10:00:00,-6983.77
2050-02-17 11:00:00,-4988.84
2050-02-17 12:00:00,-6041.07
2050-02-17 13:00:00,-4050.03
2050-02-17 14:00:00,-2228.16
2050-02-17 15:00:00,-2764.37
2050-02-17 16:00:00,-1286.8
2050-02-17 17:00:00,-1106.36
2050-02-17 18:00:00,-1748.44
2050-02-17 19:00:00,-1437.11
2050-02-17 20:00:00,-1743.77
2050-02-17 21:00:00,-3030.23
2050-02-17 22:00:00,-1858.77
2050-02-17 23:00:00,-1665.88
2050-02-18 00:00:00,-2793.8
2050-02-18 01:00:00,-2155.13
2050-02-18 02:00:00,-5505.42
2050-02-18 03:00:00,-7370.19
2050-02-18 04:00:00,-9738.22
2050-02-18 05:00:00,-9320.17
2050-02-18 06:00:00,-8199.04
2050-02-18 07:00:00,-9277.5
2050-02-18 08:00:00,-6588.49
2050-02-18 09:00:00,-6249.26
2050-02-18 10:00:00,-5934.24
2050-02-18 11:00:00,-6162.02
2050-02-18 12:00:00,-7770.99
2050-02-18 13:00:00,-6744.14
2050-02-18 14:00:00,-6477.59
2050-02-18 15:00:00,-7467.9
2050-02-18 16:00:00,-6942.35
2050-02-18 17:00:00,-6014.58
2050-02-18 18:00:00,-6790.83
2050-02-18 19:00:00,-6206.36
2050-02-18 20:00:00,-5029.2
2050-02-18 21:00:00,-5166.31
2050-02-18 22:00:00,-6164.0
2050-02-18 23:00:00,-5094.31
2050-02-19 00:00:00,-3914.3
2050-02-19 01:00:00,-6437.38
2050-02-19 02:00:00,-7211.19
2050-02-19 03:00:00,-6245.14
2050-02-19 04:00:00,-5300.29
2050-02-19 05:00:00,-4232.38
2050-02-19 06:00:00,-3144.59
2050-02-19 07:00:00,-3837.4
2050-02-19 08:00:00,-4133.21
2050-02-19 09:00:00,-5406.24
2050-02-19 10:00:00,-6691.02
2050-02-19 11:00:00,-8920.3
2050-02-19 12:00:00,-8577.13
2050-02-19 13:00:00,-7722.37
2050-02-19 14:00:00,-7155.76
2050-02-19 15:00:00,-8363.13
2050-02-19 16:00:00,-7876.28
2050-02-19 17:00:00,-9986.41
2050-02-19 18:00:00,-9433.18
2050-02-19 19:00:00,-9450.09
2050-02-19 20:00:00,-9200.05
2050-02-19 21:00:00,-9401.02
2050-02-19 22:00:00,-9639.26
2050-02-19 23:00:00,-9926.36
2050-02-20 00:00:00,-10058.3
2050-02-20 01:00:00,-9968.96
2050-02-20 02:00:00,-10059.13
2050-02-20 03:00:00,-9266.23
2050-02-20 04:00:00,-9843.35
2050-02-20 05:00:00,-9765.08
2050-02-20 06:00:00,-9072.44
2050-02-20 07:00:00,-7831.87
2050-02-20 08:00:00,-8548.29
2050-02-20 09:00:00,-7205.05
2050-02-20 10:00:00,-5572.74
2050-02-20 11:00:00,-5675.74
2050-02-20 12:00:00,-6512.46
2050-02-20 13:00:00,-4300.9
2050-02-20 14:00:00,-4799.25
2050-02-20 15:00:00,-7426.2
2050-02-20 16:00:00,-7809.4
2050-02-20 17:00:00,-7788.37
2050-02-20 18:00:00,-9463.7
2050-02-20 19:00:00,-9601.93
2050-02-20 20:00:00,-9592.39
2050-02-20 21:00:00,-9543.12
2050-02-20 22:00:00,-9795.21
2050-02-20 23:00:00,-9862.92
2050-02-21 00:00:00,-8957.23
2050-02-21 01:00:00,-9863.74
2050-02-21 02:00:00,-8964.15
2050-02-21 03:00:00,-8573.13
2050-02-21 04:00:00,-5234.65
2050-02-21 05:00:00,-5620.25
2050-02-21 06:00:00,-5986.29
2050-02-21 07:00:00,-5703.1
2050-02-21 08:00:00,-5230.7
2050-02-21 09:00:00,-5065.76
2050-02-21 10:00:00,-4147.9
2050-02-21 11:00:00,-2101.74
2050-02-21 12:00:00,-973.02
2050-02-21 13:00:00,-1289.86
2050-02-21 14:00:00,-1249.64
2050-02-21 15:00:00,796.07
2050-02-21 16:00:00,376.11
2050-02-21 17:00:00,1047.08
2050-02-21 18:00:00,491.46
2050-02-21 19:00:00,337.69
2050-02-21 20:00:00,-595.3
2050-02-21 21:00:00,-1642.78
2050-02-21 22:00:00,-2612.6
2050-02-21 23:00:00,-2435.85
2050-02-22 00:00:00,-3246.18
2050-02-22 01:00:00,-5286.77
2050-02-22 02:00:00,-6034.66
2050-02-22 03:00:00,-5050.0
2050-02-22 04:00:00,-4035.41
2050-02-22 05:00:00,-3506.79
2050-02-22 06:00:00,-4466.45
2050-02-22 07:00:00,-8063.05
2050-02-22 08:00:00,-6434.86
2050-02-22 09:00:00,-7657.65
2050-02-22 10:00:00,-6267.99
2050-02-22 11:00:00,-5552.58
2050-02-22 12:00:00,-4683.2
2050-02-22 13:00:00,-5316.96
2050-02-22 14:00:00,-5111.87
2050-02-22 15:00:00,-4528.68
2050-02-22 16:00:00,-6256.34
2050-02-22 17:00:00,-4148.66
2050-02-22 18:00:00,-4554.13
2050-02-22 19:00:00,-4217.91
2050-02-22 20:00:00,-6546.65
2050-02-22 21:00:00,-6632.67
2050-02-22 22:00:00,-5114.3
2050-02-22 23:00:00,-4662.22
2050-02-23 00:00:00,-8791.83
2050-02-23 01:00:00,-9109.73
2050-02-23 02:00:00,-9826.64
2050-02-23 03:00:00,-9276.07
2050-02-23 04:00:00,-8797.12
2050-02-23 05:00:00,-8448.72
2050-02-23 06:00:00,-6991.99
2050-02-23 07:00:00,-6854.93
2050-02-23 08:00:00,-9284.2
2050-02-23 09:00:00,-9250.71
2050-02-23 10:00:00,-8278.33
2050-02-23 11:00:00,-6914.67
2050-02-23 12:00:00,-8046.72
2050-02-23 13:00:00,-7521.45
2050-02-23 14:00:00,-6614.66
2050-02-23 15:00:00,-7013.88
2050-02-23 16:00:00,-7671.34
2050-02-23 17:00:00,-10402.83
2050-02-23 18:00:00,-10162.17
2050-02-23 19:00:00,-9904.29
2050-02-23 20:00:00,-9655.88
2050-02-23 21:00:00,-9539.4
2050-02-23 22:00:00,-10145.48
2050-02-23 23:00:00,-10347.07
2050-02-24 00:00:00,-10869.26
2050-02-24 01:00:00,-10860.86
2050-02-24 02:00:00,-9585.1
2050-02-24 03:00:00,-9909.47
2050-02-24 04:00:00,-7310.49
2050-02-24 05:00:00,-8916.98
2050-02-24 06:00:00,-8098.91
2050-02-24 07:00:00,-7474.71
2050-02-24 08:00:00,-8291.59
2050-02-24 09:00:00,-8157.23
2050-02-24 10:00:00,-5808.82
2050-02-24 11:00:00,-7786.64
2050-02-24 12:00:00,-9753.02
2050-02-24 13:00:00,-10493.73
2050-02-24 14:00:00,-11757.13
2050-02-24 15:00:00,-13813.73
2050-02-24 16:00:00,-11944.57
2050-02-24 17:00:00,-11086.62
2050-02-24 18:00:00,-10586.65
2050-02-24 19:00:00,-10236.42
2050-02-24 20:00:00,-10046.97
2050-02-24 21:00:00,-10041.91
2050-02-24 22:00:00,-10216.0
2050-02-24 23:00:00,-10459.67
2050-02-25 00:00:00,-10764.04
2050-02-25 01:00:00,-10890.21
2050-02-25 02:00:00,-11117.32
2050-02-25 03:00:00,-11239.76
2050-02-25 04:00:00,-11317.63
2050-02-25 05:00:00,-11335.84
2050-02-25 06:00:00,-11235.5
2050-02-25 07:00:00,-11349.7
2050-02-25 08:00:00,-11852.94
2050-02-25 09:00:00,-12133.16
2050-02-25 10:00:00,-12207.28
2050-02-25 11:00:00,-9498.81
2050-02-25 12:00:00,-9857.47
2050-02-25 13:00:00,-8476.11
2050-02-25 14:00:00,-7346.58
2050-02-25 15:00:00,-8715.14
2050-02-25 16:00:00,-10831.97
2050-02-25 17:00:00,-9756.75
2050-02-25 18:00:00,-9140.41
2050-02-25 19:00:00,-7450.7
2050-02-25 20:00:00,-8916.98
2050-02-25 21:00:00,-8023.16
2050-02-25 22:00:00,-6784.2
2050-02-25 23:00:00,-4501.93
2050-02-26 00:00:00,-3656.92
2050-02-26 01:00:00,-2785.03
2050-02-26 02:00:00,-2791.25
2050-02-26 03:00:00,-3784.71
2050-02-26 04:00:00,-4561.65
2050-02-26 05:00:00,-5485.2
2050-02-26 06:00:00,-6195.68
2050-02-26 07:00:00,-6939.8
2050-02-26 08:00:00,-5989.56
2050-02-26 09:00:00,-7062.41
2050-02-26 10:00:00,-6334.59
2050-02-26 11:00:00,-8677.59
2050-02-26 12:00:00,-7357.69
2050-02-26 13:00:00,-8182.15
2050-02-26 14:00:00,-7707.44
2050-02-26 15:00:00,-4320.09
2050-02-26 16:00:00,-3478.04
2050-02-26 17:00:00,-2578.16
2050-02-26 18:00:00,-2679.92
2050-02-26 19:00:00,-4007.16
2050-02-26 20:00:00,-6612.06
2050-02-26 21:00:00,-4955.52
2050-02-26 22:00:00,-4154.78
2050-02-26 23:00:00,-5584.85
2050-02-27 00:00:00,-5989.27
2050-02-27 01:00:00,-7906.65
2050-02-27 02:00:00,-6369.28
2050-02-27 03:00:00,-4116.63
2050-02-27 04:00:00,-2179.29
2050-02-27 05:00:00,-2941.07
2050-02-27 06:00:00,-3601.97
2050-02-27 07:00:00,-6896.81
2050-02-27 08:00:00,-8683.75
2050-02-27 09:00:00,-9023.53
2050-02-27 10:00:00,-9254.7
2050-02-27 11:00:00,-10328.97
2050-02-27 12:00:00,-10240.5
2050-02-27 13:00:00,-7738.02
2050-02-27 14:00:00,-8143.06
2050-02-27 15:00:00,-5688.21
2050-02-27 16:00:00,-5646.86
2050-02-27 17:00:00,-8165.89
2050-02-27 18:00:00,-8605.95
2050-02-27 19:00:00,-9075.29
2050-02-27 20:00:00,-9359.61
2050-02-27 21:00:00,-9348.66
2050-02-27 22:00:00,-9278.53
2050-02-27 23:00:00,-9907.42
2050-02-28 00:00:00,-10191.4
2050-02-28 01:00:00,-10100.87
2050-02-28 02:00:00,-8023.35
2050-02-28 03:00:00,-5786.71
2050-02-28 04:00:00,-7256.99
2050-02-28 05:00:00,-5839.98
2050-02-28 06:00:00,-5992.21
2050-02-28 07:00:00,-4618.11
2050-02-28 08:00:00,-6446.13
2050-02-28 09:00:00,-6140.41
2050-02-28 10:00:00,-7267.6
2050-02-28 11:00:00,-4614.62
2050-02-28 12:00:00,-2790.43
2050-02-28 13:00:00,-4020.17
2050-02-28 14:00:00,-5296.82
2050-02-28 15:00:00,-5003.69
2050-02-28 16:00:00,-5967.38
2050-02-28 17:00:00,-6781.63
2050-02-28 18:00:00,-5074.74
2050-02-28 19:00:00,-3116.15
2050-02-28 20:00:00,-4253.92
2050-02-28 21:00:00,-5618.53
2050-02-28 22:00:00,-4151.97
2050-02-28 23:00:00,-3708.82
2050-03-01 00:00:00,-4418.93
2050-03-01 01:00:00,-3278.81
2050-03-01 02:00:00,-2318.12
2050-03-01 03:00:00,-1019.58
2050-03-01 04:00:00,-2624.97
2050-03-01 05:00:00,-2026.44
2050-03-01 06:00:00,-966.2
2050-03-01 07:00:00,-720.85
2050-03-01 08:00:00,-814.35
2050-03-01 09:00:00,-1295.83
2050-03-01 10:00:00,-1337.98
2050-03-01 11:00:00,-3476.31
2050-03-01 12:00:00,-5001.38
2050-03-01 13:00:00,-4811.76
2050-03-01 14:00:00,-4108.83
2050-03-01 15:00:00,-4761.31
2050-03-01 16:00:00,-7211.6
2050-03-01 17:00:00,-9844.29
2050-03-01 18:00:00,-8659.39
2050-03-01 19:00:00,-9080.96
2050-03-01 20:00:00,-8999.47
2050-03-01 21:00:00,-9667.65
2050-03-01 22:00:00,-9858.12
2050-03-01 23:00:00,-10105.17
2050-03-02 00:00:00,-10424.38
2050-03-02 01:00:00,-10554.3
2050-03-02 02:00:00,-10764.57
2050-03-02 03:00:00,-10860.33
2050-03-02 04:00:00,-10905.55
2050-03-02 05:00:00,-10892.5
2050-03-02 06:00:00,-10778.83
2050-03-02 07:00:00,-12663.14
2050-03-02 08:00:00,-13826.02
2050-03-02 09:00:00,-11373.43
2050-03-02 10:00:00,-11796.96
2050-03-02 11:00:00,-12368.67
2050-03-02 12:00:00,-11957.01
2050-03-02 13:00:00,-12138.93
2050-03-02 14:00:00,-12550.19
2050-03-02 15:00:00,-12056.56
2050-03-02 16:00:00,-11649.59
2050-03-02 17:00:00,-11333.62
2050-03-02 18:00:00,-10775.04
2050-03-02 19:00:00,-10461.57
2050-03-02 20:00:00,-10298.2
2050-03-02 21:00:00,-10315.94
2050-03-02 22:00:00,-10478.28
2050-03-02 23:00:00,-10712.27
2050-03-03 00:00:00,-11002.37
2050-03-03 01:00:00,-11129.96
2050-03-03 02:00:00,-10832.59
2050-03-03 03:00:00,-11313.55
2050-03-03 04:00:00,-10265.08
2050-03-03 05:00:00,-8715.68
2050-03-03 06:00:00,-10571.41
2050-03-03 07:00:00,-11819.71
2050-03-03 08:00:00,-10064.26
2050-03-03 09:00:00,-7500.32
2050-03-03 10:00:00,-6714.43
2050-03-03 11:00:00,-7102.32
2050-03-03 12:00:00,-5875.57
2050-03-03 13:00:00,-4921.1
2050-03-03 14:00:00,-3934.84
2050-03-03 15:00:00,-4358.47
2050-03-03 16:00:00,-4397.33
2050-03-03 17:00:00,-4295.66
2050-03-03 18:00:00,-8435.65
2050-03-03 19:00:00,-8052.43
2050-03-03 20:00:00,-6892.78
2050-03-03 21:00:00,-8299.0
2050-03-03 22:00:00,-9049.73
2050-03-03 23:00:00,-10054.21
2050-03-04 00:00:00,-10391.42
2050-03-04 01:00:00,-10511.31
2050-03-04 02:00:00,-10717.71
2050-03-04 03:00:00,-10810.88
2050-03-04 04:00:00,-10183.81
2050-03-04 05:00:00,-10842.59
2050-03-04 06:00:00,-10716.05
2050-03-04 07:00:00,-12045.97
2050-03-04 08:00:00,-12083.25
2050-03-04 09:00:00,-14232.35
2050-03-04 10:00:00,-13975.6
2050-03-04 11:00:00,-14163.87
2050-03-04 12:00:00,-13694.77
2050-03-04 13:00:00,-12629.94
2050-03-04 14:00:00,-14234.6
2050-03-04 15:00:00,-14203.63
2050-03-04 16:00:00,-13174.89
2050-03-04 17:00:00,-11194.26
2050-03-04 18:00:00,-10307.2
2050-03-04 19:00:00,-9979.34
2050-03-04 20:00:00,-9559.45
2050-03-04 21:00:00,-8639.15
2050-03-04 22:00:00,-9534.2
2050-03-04 23:00:00,-9785.74
2050-03-05 00:00:00,-10262.98
2050-03-05 01:00:00,-9310.33
2050-03-05 02:00:00,-9744.6
2050-03-05 03:00:00,-7939.09
2050-03-05 04:00:00,-7249.63
2050-03-05 05:00:00,-6196.85
2050-03-05 06:00:00,-5368.43
2050-03-05 07:00:00,-4782.76
2050-03-05 08:00:00,-6349.59
2050-03-05 09:00:00,-7018.12
2050-03-05 10:00:00,-7496.5
2050-03-05 11:00:00,-6093.17
2050-03-05 12:00:00,-4528.42
2050-03-05 13:00:00,-4178.45
2050-03-05 14:00:00,-1968.14
2050-03-05 15:00:00,-4642.44
2050-03-05 16:00:00,-5236.68
2050-03-05 17:00:00,-3628.57
2050-03-05 18:00:00,-2863.19
2050-03-05 19:00:00,-3190.57
2050-03-05 20:00:00,-2623.47
2050-03-05 21:00:00,-4092.25
2050-03-05 22:00:00,-4249.74
2050-03-05 23:00:00,-3460.95
2050-03-06 00:00:00,-3916.95
2050-03-06 01:00:00,-5346.07
2050-03-06 02:00:00,-2699.55
2050-03-06 03:00:00,-1051.45
2050-03-06 04:00:00,-1937.7
2050-03-06 05:00:00,-3845.4
2050-03-06 06:00:00,-3250.5
2050-03-06 07:00:00,-4879.28
2050-03-06 08:00:00,-5445.12
2050-03-06 09:00:00,-3868.72
2050-03-06 10:00:00,-2392.66
2050-03-06 11:00:00,-3127.77
2050-03-06 12:00:00,-439.22
2050-03-06 13:00:00,-1448.21
2050-03-06 14:00:00,-3712.98
2050-03-06 15:00:00,-3928.61
2050-03-06 16:00:00,-3145.41
2050-03-06 17:00:00,-1977.6
2050-03-06 18:00:00,-1755.7
2050-03-06 19:00:00,-2774.69
2050-03-06 20:00:00,-5284.33
2050-03-06 21:00:00,-4964.63
2050-03-06 22:00:00,-5746.5
2050-03-06 23:00:00,-3849.08
2050-03-07 00:00:00,-3454.52
2050-03-07 01:00:00,-5372.41
2050-03-07 02:00:00,-6378.18
2050-03-07 03:00:00,-5895.52
2050-03-07 04:00:00,-6368.64
2050-03-07 05:00:00,-7195.7
2050-03-07 06:00:00,-6210.45
2050-03-07 07:00:00,-9451.89
2050-03-07 08:00:00,-11750.4
2050-03-07 09:00:00,-13987.97
2050-03-07 10:00:00,-15727.1
2050-03-07 11:00:00,-16385.67
2050-03-07 12:00:00,-16482.28
2050-03-07 13:00:00,-15451.99
2050-03-07 14:00:00,-12954.76
2050-03-07 15:00:00,-12084.42
2050-03-07 16:00:00,-12262.44
2050-03-07 17:00:00,-11352.31
2050-03-07 18:00:00,-10837.22
2050-03-07 19:00:00,-10726.06
2050-03-07 20:00:00,-10695.7
2050-03-07 21:00:00,-10735.19
2050-03-07 22:00:00,-10889.7
2050-03-07 23:00:00,-11094.77
2050-03-08 00:00:00,-11336.12
2050-03-08 01:00:00,-11367.54
2050-03-08 02:00:00,-11038.85
2050-03-08 03:00:00,-8238.63
2050-03-08 04:00:00,-7023.66
2050-03-08 05:00:00,-7872.18
2050-03-08 06:00:00,-5723.84
2050-03-08 07:00:00,-6786.42
2050-03-08 08:00:00,-6338.67
2050-03-08 09:00:00,-6062.09
2050-03-08 10:00:00,-8566.64
2050-03-08 11:00:00,-8802.68
2050-03-08 12:00:00,-8635.77
2050-03-08 13:00:00,-7231.14
2050-03-08 14:00:00,-4314.78
2050-03-08 15:00:00,-3531.05
2050-03-08 16:00:00,-4522.27
2050-03-08 17:00:00,-4598.96
2050-03-08 18:00:00,-3758.64
2050-03-08 19:00:00,-4667.06
2050-03-08 20:00:00,-4376.21
2050-03-08 21:00:00,-4512.61
2050-03-08 22:00:00,-6381.2
2050-03-08 23:00:00,-7355.32
2050-03-09 00:00:00,-5189.73
2050-03-09 01:00:00,-7134.59
2050-03-09 02:00:00,-7254.09
2050-03-09 03:00:00,-8788.39
2050-03-09 04:00:00,-8351.42
2050-03-09 05:00:00,-7730.95
2050-03-09 06:00:00,-7977.62
2050-03-09 07:00:00,-10974.03
2050-03-09 08:00:00,-11577.13
2050-03-09 09:00:00,-8138.52
2050-03-09 10:00:00,-7093.57
2050-03-09 11:00:00,-6258.33
2050-03-09 12:00:00,-6720.98
2050-03-09 13:00:00,-5856.53
2050-03-09 14:00:00,-4206.35
2050-03-09 15:00:00,-6979.39
2050-03-09 16:00:00,-9117.67
2050-03-09 17:00:00,-7130.13
2050-03-09 18:00:00,-8971.65
2050-03-09 19:00:00,-10236.12
2050-03-09 20:00:00,-10557.71
2050-03-09 21:00:00,-10506.53
2050-03-09 22:00:00,-10476.32
2050-03-09 23:00:00,-10152.97
2050-03-10 00:00:00,-9882.43
2050-03-10 01:00:00,-7337.58
2050-03-10 02:00:00,-6959.25
2050-03-10 03:00:00,-6515.82
2050-03-10 04:00:00,-9279.41
2050-03-10 05:00:00,-9331.97
2050-03-10 06:00:00,-9461.75
2050-03-10 07:00:00,-9705.46
2050-03-10 08:00:00,-12377.74
2050-03-10 09:00:00,-13442.57
2050-03-10 10:00:00,-10616.29
2050-03-10 11:00:00,-11973.92
2050-03-10 12:00:00,-11726.68
2050-03-10 13:00:00,-5339.37
2050-03-10 14:00:00,-6865.86
2050-03-10 15:00:00,-5508.69
2050-03-10 16:00:00,-5602.14
2050-03-10 17:00:00,-3613.52
2050-03-10 18:00:00,-4772.77
2050-03-10 19:00:00,-6169.69
2050-03-10 20:00:00,-7967.96
2050-03-10 21:00:00,-9254.51
2050-03-10 22:00:00,-10631.14
2050-03-10 23:00:00,-9941.41
2050-03-11 00:00:00,-9112.32
2050-03-11 01:00:00,-9210.7
2050-03-11 02:00:00,-8560.18
2050-03-11 03:00:00,-10696.92
2050-03-11 04:00:00,-8523.51
2050-03-11 05:00:00,-7807.03
2050-03-11 06:00:00,-9407.28
2050-03-11 07:00:00,-7994.13
2050-03-11 08:00:00,-5688.11
2050-03-11 09:00:00,-5617.73
2050-03-11 10:00:00,-5062.1
2050-03-11 11:00:00,-6370.89
2050-03-11 12:00:00,-5527.94
2050-03-11 13:00:00,-5514.14
2050-03-11 14:00:00,-6691.41
2050-03-11 15:00:00,-6533.8
2050-03-11 16:00:00,-6679.35
2050-03-11 17:00:00,-6688.3
2050-03-11 18:00:00,-8602.04
2050-03-11 19:00:00,-8495.48
2050-03-11 20:00:00,-9215.68
2050-03-11 21:00:00,-9947.7
2050-03-11 22:00:00,-9357.56
2050-03-11 23:00:00,-8714.09
2050-03-12 00:00:00,-8286.49
2050-03-12 01:00:00,-9038.69
2050-03-12 02:00:00,-11051.45
2050-03-12 03:00:00,-10663.01
2050-03-12 04:00:00,-10472.36
2050-03-12 05:00:00,-7903.55
2050-03-12 06:00:00,-7743.82
2050-03-12 07:00:00,-7941.33
2050-03-12 08:00:00,-5973.69
2050-03-12 09:00:00,-6972.44
2050-03-12 10:00:00,-8678.57
2050-03-12 11:00:00,-7205.49
2050-03-12 12:00:00,-8990.55
2050-03-12 13:00:00,-7669.95
2050-03-12 14:00:00,-7389.31
2050-03-12 15:00:00,-8693.91
2050-03-12 16:00:00,-11206.33
2050-03-12 17:00:00,-10497.56
2050-03-12 18:00:00,-10327.78
2050-03-12 19:00:00,-10297.42
2050-03-12 20:00:00,-10243.7
2050-03-12 21:00:00,-10380.65
2050-03-12 22:00:00,-10676.63
2050-03-12 23:00:00,-11012.01
2050-03-13 00:00:00,-11384.35
2050-03-13 01:00:00,-11571.18
2050-03-13 02:00:00,-12161.19
2050-03-13 03:00:00,-11987.61
2050-03-13 04:00:00,-11992.94
2050-03-13 05:00:00,-12029.14
2050-03-13 06:00:00,-11694.21
2050-03-13 07:00:00,-10623.47
2050-03-13 08:00:00,-10874.94
2050-03-13 09:00:00,-9069.3
2050-03-13 10:00:00,-8140.95
2050-03-13 11:00:00,-8917.15
2050-03-13 12:00:00,-7574.19
2050-03-13 13:00:00,-5234.83
2050-03-13 14:00:00,-4255.25
2050-03-13 15:00:00,-4349.57
2050-03-13 16:00:00,-2579.96
2050-03-13 17:00:00,-1629.98
2050-03-13 18:00:00,-3205.96
2050-03-13 19:00:00,-3999.82
2050-03-13 20:00:00,-7410.06
2050-03-13 21:00:00,-8660.84
2050-03-13 22:00:00,-7325.68
2050-03-13 23:00:00,-10907.65
2050-03-14 00:00:00,-11577.72
2050-03-14 01:00:00,-11800.28
2050-03-14 02:00:00,-12077.42
2050-03-14 03:00:00,-12212.63
2050-03-14 04:00:00,-12284.88
2050-03-14 05:00:00,-12306.81
2050-03-14 06:00:00,-12327.56
2050-03-14 07:00:00,-13199.7
2050-03-14 08:00:00,-14162.58
2050-03-14 09:00:00,-14648.87
2050-03-14 10:00:00,-15374.41
2050-03-14 11:00:00,-15626.42
2050-03-14 12:00:00,-15549.6
2050-03-14 13:00:00,-15296.99
2050-03-14 14:00:00,-14615.82
2050-03-14 15:00:00,-13058.78
2050-03-14 16:00:00,-12029.84
2050-03-14 17:00:00,-11131.58
2050-03-14 18:00:00,-10781.11
2050-03-14 19:00:00,-10669.22
2050-03-14 20:00:00,-10705.62
2050-03-14 21:00:00,-10847.52
2050-03-14 22:00:00,-11121.45
2050-03-14 23:00:00,-11423.33
2050-03-15 00:00:00,-11728.42
2050-03-15 01:00:00,-11828.53
2050-03-15 02:00:00,-12003.36
2050-03-15 03:00:00,-12069.49
2050-03-15 04:00:00,-12092.49
2050-03-15 05:00:00,-12058.55
2050-03-15 06:00:00,-11995.94
2050-03-15 07:00:00,-12376.34
2050-03-15 08:00:00,-12310.79
2050-03-15 09:00:00,-12759.75
2050-03-15 10:00:00,-13164.19
2050-03-15 11:00:00,-13482.18
2050-03-15 12:00:00,-14303.41
2050-03-15 13:00:00,-14326.92
2050-03-15 14:00:00,-13202.81
2050-03-15 15:00:00,-12644.44
2050-03-15 16:00:00,-12160.57
2050-03-15 17:00:00,-11065.22
2050-03-15 18:00:00,-10628.67
2050-03-15 19:00:00,-10314.91
2050-03-15 20:00:00,-10170.14
2050-03-15 21:00:00,-10214.36
2050-03-15 22:00:00,-10309.38
2050-03-15 23:00:00,-7730.34
2050-03-16 00:00:00,-9296.01
2050-03-16 01:00:00,-7409.26
2050-03-16 02:00:00,-6984.55
2050-03-16 03:00:00,-5985.84
2050-03-16 04:00:00,-6163.83
2050-03-16 05:00:00,-6487.55
2050-03-16 06:00:00,-6478.68
2050-03-16 07:00:00,-5358.69
2050-03-16 08:00:00,-4701.57
2050-03-16 09:00:00,-5536.62
2050-03-16 10:00:00,-5740.71
2050-03-16 11:00:00,-4617.13
2050-03-16 12:00:00,-4884.53
2050-03-16 13:00:00,-4227.92
2050-03-16 14:00:00,-3746.69
2050-03-16 15:00:00,-3429.24
2050-03-16 16:00:00,-4672.43
2050-03-16 17:00:00,-6225.83
2050-03-16 18:00:00,-7130.3
2050-03-16 19:00:00,-7542.6
2050-03-16 20:00:00,-5880.62
2050-03-16 21:00:00,-6494.31
2050-03-16 22:00:00,-6192.93
2050-03-16 23:00:00,-6868.36
2050-03-17 00:00:00,-6144.24
2050-03-17 01:00:00,-5666.88
2050-03-17 02:00:00,-5718.78
2050-03-17 03:00:00,-5432.93
2050-03-17 04:00:00,-4330.94
2050-03-17 05:00:00,-3048.92
2050-03-17 06:00:00,-1850.94
2050-03-17 07:00:00,-3707.26
2050-03-17 08:00:00,-2803.72
2050-03-17 09:00:00,-4153.55
2050-03-17 10:00:00,-5026.62
2050-03-17 11:00:00,-7049.56
2050-03-17 12:00:00,-8415.4
2050-03-17 13:00:00,-8411.42
2050-03-17 14:00:00,-6441.47
2050-03-17 15:00:00,-7681.57
2050-03-17 16:00:00,-4727.44
2050-03-17 17:00:00,-5524.37
2050-03-17 18:00:00,-5199.57
2050-03-17 19:00:00,-4107.75
2050-03-17 20:00:00,-5074.52
2050-03-17 21:00:00,-4298.92
2050-03-17 22:00:00,-8597.01
2050-03-17 23:00:00,-6397.71
2050-03-18 00:00:00,-5036.71
2050-03-18 01:00:00,-3064.36
2050-03-18 02:00:00,-3169.08
2050-03-18 03:00:00,-754.39
2050-03-18 04:00:00,-1840.75
2050-03-18 05:00:00,-3270.99
2050-03-18 06:00:00,-3309.44
2050-03-18 07:00:00,-6511.49
2050-03-18 08:00:00,-6129.63
2050-03-18 09:00:00,-6412.86
2050-03-18 10:00:00,-6157.59
2050-03-18 11:00:00,-6898.14
2050-03-18 12:00:00,-7018.85
2050-03-18 13:00:00,-6722.64
2050-03-18 14:00:00,-6374.63
2050-03-18 15:00:00,-5387.57
2050-03-18 16:00:00,-3758.4
2050-03-18 17:00:00,-4130.62
2050-03-18 18:00:00,-4483.28
2050-03-18 19:00:00,-6047.43
2050-03-18 20:00:00,-6563.94
2050-03-18 21:00:00,-6012.86
2050-03-18 22:00:00,-3935.08
2050-03-18 23:00:00,-4508.05
2050-03-19 00:00:00,-4548.52
2050-03-19 01:00:00,-7672.34
2050-03-19 02:00:00,-7920.17
2050-03-19 03:00:00,-11440.31
2050-03-19 04:00:00,-11189.63
2050-03-19 05:00:00,-11064.76
2050-03-19 06:00:00,-9581.27
2050-03-19 07:00:00,-8239.66
2050-03-19 08:00:00,-7794.1
2050-03-19 09:00:00,-7289.5
2050-03-19 10:00:00,-6863.32
2050-03-19 11:00:00,-5179.68
2050-03-19 12:00:00,-3807.67
2050-03-19 13:00:00,-2156.41
2050-03-19 14:00:00,-3173.0
2050-03-19 15:00:00,-1915.49
2050-03-19 16:00:00,-1590.28
2050-03-19 17:00:00,-2078.61
2050-03-19 18:00:00,-887.62
2050-03-19 19:00:00,-595.82
2050-03-19 20:00:00,417.35
2050-03-19 21:00:00,-694.06
2050-03-19 22:00:00,590.62
2050-03-19 23:00:00,1754.2
2050-03-20 00:00:00,997.16
2050-03-20 01:00:00,24.23
2050-03-20 02:00:00,-663.73
2050-03-20 03:00:00,-1892.63
2050-03-20 04:00:00,-2898.69
2050-03-20 05:00:00,-3121.96
2050-03-20 06:00:00,-3211.27
2050-03-20 07:00:00,-2147.14
2050-03-20 08:00:00,-1916.64
2050-03-20 09:00:00,-1919.08
2050-03-20 10:00:00,-2157.5
2050-03-20 11:00:00,-2473.09
2050-03-20 12:00:00,-3738.07
2050-03-20 13:00:00,-2878.95
2050-03-20 14:00:00,-7219.87
2050-03-20 15:00:00,-6848.21
2050-03-20 16:00:00,-8494.85
2050-03-20 17:00:00,-9648.91
2050-03-20 18:00:00,-9399.78
2050-03-20 19:00:00,-9574.82
2050-03-20 20:00:00,-9656.94
2050-03-20 21:00:00,-9561.12
2050-03-20 22:00:00,-10079.49
2050-03-20 23:00:00,-10550.43
2050-03-21 00:00:00,-9452.74
2050-03-21 01:00:00,-11321.53
2050-03-21 02:00:00,-11707.02
2050-03-21 03:00:00,-11795.19
2050-03-21 04:00:00,-10590.56
2050-03-21 05:00:00,-7475.39
2050-03-21 06:00:00,-6495.81
2050-03-21 07:00:00,-8836.39
2050-03-21 08:00:00,-8445.05
2050-03-21 09:00:00,-8165.52
2050-03-21 10:00:00,-8111.55
2050-03-21 11:00:00,-7390.23
2050-03-21 12:00:00,-6380.2
2050-03-21 13:00:00,-6671.91
2050-03-21 14:00:00,-6975.44
2050-03-21 15:00:00,-7884.16
2050-03-21 16:00:00,-6386.03
2050-03-21 17:00:00,-6190.78
2050-03-21 18:00:00,-7621.13
2050-03-21 19:00:00,-6870.91
2050-03-21 20:00:00,-8942.78
2050-03-21 21:00:00,-9384.48
2050-03-21 22:00:00,-10375.47
2050-03-21 23:00:00,-10858.75
2050-03-22 00:00:00,-10823.23
2050-03-22 01:00:00,-7429.14
2050-03-22 02:00:00,-8972.07
2050-03-22 03:00:00,-4263.64
2050-03-22 04:00:00,-8468.99
2050-03-22 05:00:00,-8529.18
2050-03-22 06:00:00,-10717.36
2050-03-22 07:00:00,-13495.16
2050-03-22 08:00:00,-14444.73
2050-03-22 09:00:00,-12593.01
2050-03-22 10:00:00,-12837.58
2050-03-22 11:00:00,-9396.96
2050-03-22 12:00:00,-12144.72
2050-03-22 13:00:00,-13775.5
2050-03-22 14:00:00,-11936.92
2050-03-22 15:00:00,-12466.5
2050-03-22 16:00:00,-12891.21
2050-03-22 17:00:00,-11150.69
2050-03-22 18:00:00,-9587.89
2050-03-22 19:00:00,-10691.91
2050-03-22 20:00:00,-10640.18
2050-03-22 21:00:00,-10674.0
2050-03-22 22:00:00,-11116.59
2050-03-22 23:00:00,-11400.98
2050-03-23 00:00:00,-11683.74
2050-03-23 01:00:00,-11995.29
2050-03-23 02:00:00,-12257.65
2050-03-23 03:00:00,-12329.92
2050-03-23 04:00:00,-12304.64
2050-03-23 05:00:00,-11917.96
2050-03-23 06:00:00,-12528.47
2050-03-23 07:00:00,-13825.25
2050-03-23 08:00:00,-13849.76
2050-03-23 09:00:00,-13242.12
2050-03-23 10:00:00,-11640.39
2050-03-23 11:00:00,-12970.5
2050-03-23 12:00:00,-13490.42
2050-03-23 13:00:00,-12731.24
2050-03-23 14:00:00,-11429.76
2050-03-23 15:00:00,-10359.45
2050-03-23 16:00:00,-8296.42
2050-03-23 17:00:00,-7967.53
2050-03-23 18:00:00,-7327.08
2050-03-23 19:00:00,-9310.76
2050-03-23 20:00:00,-9675.42
2050-03-23 21:00:00,-10439.56
2050-03-23 22:00:00,-11105.53
2050-03-23 23:00:00,-10605.68
2050-03-24 00:00:00,-11600.27
2050-03-24 01:00:00,-10364.51
2050-03-24 02:00:00,-10129.88
2050-03-24 03:00:00,-8753.2
2050-03-24 04:00:00,-7630.51
2050-03-24 05:00:00,-5024.82
2050-03-24 06:00:00,-6439.27
2050-03-24 07:00:00,-5225.64
2050-03-24 08:00:00,-5215.35
2050-03-24 09:00:00,-4948.35
2050-03-24 10:00:00,-6263.05
2050-03-24 11:00:00,-4998.3
2050-03-24 12:00:00,-5336.19
2050-03-24 13:00:00,-6150.78
2050-03-24 14:00:00,-6839.9
2050-03-24 15:00:00,-6600.11
2050-03-24 16:00:00,-6638.17
2050-03-24 17:00:00,-3510.68
2050-03-24 18:00:00,-3990.29
2050-03-24 19:00:00,-3690.42
2050-03-24 20:00:00,-1734.57
2050-03-24 21:00:00,-2576.67
2050-03-24 22:00:00,-2888.68
2050-03-24 23:00:00,-4579.66
2050-03-25 00:00:00,-9114.66
2050-03-25 01:00:00,-7047.31
2050-03-25 02:00:00,-6620.0
2050-03-25 03:00:00,-6778.43
2050-03-25 04:00:00,-6821.38
2050-03-25 05:00:00,-6208.54
2050-03-25 06:00:00,-5723.24
2050-03-25 07:00:00,-6648.31
2050-03-25 08:00:00,-7646.27
2050-03-25 09:00:00,-9747.12
2050-03-25 10:00:00,-11673.43
2050-03-25 11:00:00,-11553.68
2050-03-25 12:00:00,-11287.55
2050-03-25 13:00:00,-9657.33
2050-03-25 14:00:00,-11414.59
2050-03-25 15:00:00,-10406.86
2050-03-25 16:00:00,-9552.18
2050-03-25 17:00:00,-8921.24
2050-03-25 18:00:00,-5791.45
2050-03-25 19:00:00,-5419.14
2050-03-25 20:00:00,-5553.2
2050-03-25 21:00:00,-1514.06
2050-03-25 22:00:00,-5056.21
2050-03-25 23:00:00,-4282.11
2050-03-26 00:00:00,-7216.86
2050-03-26 01:00:00,-9075.24
2050-03-26 02:00:00,-10718.46
2050-03-26 03:00:00,-9690.55
2050-03-26 04:00:00,-9776.32
2050-03-26 05:00:00,-10433.4
2050-03-26 06:00:00,-9833.48
2050-03-26 07:00:00,-10884.25
2050-03-26 08:00:00,-10963.07
2050-03-26 09:00:00,-7734.77
2050-03-26 10:00:00,-9449.95
2050-03-26 11:00:00,-6900.48
2050-03-26 12:00:00,-5830.11
2050-03-26 13:00:00,-4502.42
2050-03-26 14:00:00,-5808.89
2050-03-26 15:00:00,-7087.44
2050-03-26 16:00:00,-6716.2
2050-03-26 17:00:00,-6667.06
2050-03-26 18:00:00,-6611.05
2050-03-26 19:00:00,-6880.52
2050-03-26 20:00:00,-7216.9
2050-03-26 21:00:00,-8331.62
2050-03-26 22:00:00,-6788.58
2050-03-26 23:00:00,-5375.24
2050-03-27 00:00:00,-3173.78
2050-03-27 01:00:00,-3680.54
2050-03-27 02:00:00,-4381.47
2050-03-27 03:00:00,-3977.98
2050-03-27 04:00:00,-4437.12
2050-03-27 05:00:00,-2531.77
2050-03-27 06:00:00,-3277.74
2050-03-27 07:00:00,-4812.31
2050-03-27 08:00:00,-4432.73
2050-03-27 09:00:00,-2973.11
2050-03-27 10:00:00,-2883.65
2050-03-27 11:00:00,-3247.2
2050-03-27 12:00:00,-3048.92
2050-03-27 13:00:00,-1410.54
2050-03-27 14:00:00,-1399.48
2050-03-27 15:00:00,-340.12
2050-03-27 16:00:00,878.28
2050-03-27 17:00:00,1635.97
2050-03-27 18:00:00,1636.15
2050-03-27 19:00:00,873.25
2050-03-27 20:00:00,517.67
2050-03-27 21:00:00,-1872.82
2050-03-27 22:00:00,-314.51
2050-03-27 23:00:00,-186.63
2050-03-28 00:00:00,-4669.52
2050-03-28 01:00:00,-2917.85
2050-03-28 02:00:00,-6018.44
2050-03-28 03:00:00,-7045.18
2050-03-28 04:00:00,-5853.16
2050-03-28 05:00:00,-5994.07
2050-03-28 06:00:00,-7122.97
2050-03-28 07:00:00,-7734.08
2050-03-28 08:00:00,-6874.1
2050-03-28 09:00:00,-7036.51
2050-03-28 10:00:00,-6444.65
2050-03-28 11:00:00,-7723.0
2050-03-28 12:00:00,-7681.36
2050-03-28 13:00:00,-5867.93
2050-03-28 14:00:00,-7851.88
2050-03-28 15:00:00,-7518.84
2050-03-28 16:00:00,-5080.69
2050-03-28 17:00:00,-7116.2
2050-03-28 18:00:00,-10835.4
2050-03-28 19:00:00,-8289.99
2050-03-28 20:00:00,-9762.72
2050-03-28 21:00:00,-10502.9
2050-03-28 22:00:00,-10615.01
2050-03-28 23:00:00,-10669.46
2050-03-29 00:00:00,-11068.22
2050-03-29 01:00:00,-11259.66
2050-03-29 02:00:00,-10310.09
2050-03-29 03:00:00,-10849.19
2050-03-29 04:00:00,-11672.72
2050-03-29 05:00:00,-11702.69
2050-03-29 06:00:00,-11485.25
2050-03-29 07:00:00,-9858.29
2050-03-29 08:00:00,-8394.42
2050-03-29 09:00:00,-9513.94
2050-03-29 10:00:00,-7344.74
2050-03-29 11:00:00,-7010.78
2050-03-29 12:00:00,-6233.36
2050-03-29 13:00:00,-5176.41
2050-03-29 14:00:00,-6819.54
2050-03-29 15:00:00,-4574.49
2050-03-29 16:00:00,-5996.39
2050-03-29 17:00:00,-6420.75
2050-03-29 18:00:00,-5448.46
2050-03-29 19:00:00,-5820.02
2050-03-29 20:00:00,-6555.89
2050-03-29 21:00:00,-7216.2
2050-03-29 22:00:00,-6955.29
2050-03-29 23:00:00,-8109.99
2050-03-30 00:00:00,-6837.92
2050-03-30 01:00:00,-5652.22
2050-03-30 02:00:00,-7311.01
2050-03-30 03:00:00,-7379.94
2050-03-30 04:00:00,-7331.74
2050-03-30 05:00:00,-7782.95
2050-03-30 06:00:00,-7366.21
2050-03-30 07:00:00,-5494.73
2050-03-30 08:00:00,-4830.79
2050-03-30 09:00:00,-3954.83
2050-03-30 10:00:00,-4050.17
2050-03-30 11:00:00,-2280.63
2050-03-30 12:00:00,-5661.85
2050-03-30 13:00:00,-5921.33
2050-03-30 14:00:00,-4149.94
2050-03-30 15:00:00,-4720.51
2050-03-30 16:00:00,-5785.88
2050-03-30 17:00:00,-7090.19
2050-03-30 18:00:00,-5583.76
2050-03-30 19:00:00,-5845.45
2050-03-30 20:00:00,-5242.5
2050-03-30 21:00:00,-6258.34
2050-03-30 22:00:00,-8152.73
2050-03-30 23:00:00,-7766.14
2050-03-31 00:00:00,-8150.03
2050-03-31 01:00:00,-9048.7
2050-03-31 02:00:00,-11108.68
2050-03-31 03:00:00,-11357.4
2050-03-31 04:00:00,-11539.8
2050-03-31 05:00:00,-11493.81
2050-03-31 06:00:00,-12378.96
2050-03-31 07:00:00,-13220.16
2050-03-31 08:00:00,-14630.67
2050-03-31 09:00:00,-15425.84
2050-03-31 10:00:00,-15789.32
2050-03-31 11:00:00,-16157.33
2050-03-31 12:00:00,-14970.29
2050-03-31 13:00:00,-15691.4
2050-03-31 14:00:00,-15754.08
2050-03-31 15:00:00,-14822.69
2050-03-31 16:00:00,-13443.27
2050-03-31 17:00:00,-11885.84
2050-03-31 18:00:00,-10889.19
2050-03-31 19:00:00,-10612.35
2050-03-31 20:00:00,-10580.26
2050-03-31 21:00:00,-10623.38
2050-03-31 22:00:00,-10813.63
2050-03-31 23:00:00,-11059.8
2050-04-01 00:00:00,-11232.83
2050-04-01 01:00:00,-11337.29
2050-04-01 02:00:00,-11538.78
2050-04-01 03:00:00,-11622.6
2050-04-01 04:00:00,-11665.2
2050-04-01 05:00:00,-11651.96
2050-04-01 06:00:00,-11618.54
2050-04-01 07:00:00,-11506.89
2050-04-01 08:00:00,-11980.98
2050-04-01 09:00:00,-12232.55
2050-04-01 10:00:00,-12013.11
2050-04-01 11:00:00,-12184.6
2050-04-01 12:00:00,-12602.71
2050-04-01 13:00:00,-12668.07
2050-04-01 14:00:00,-12014.67
2050-04-01 15:00:00,-11365.7
2050-04-01 16:00:00,-11113.03
2050-04-01 17:00:00,-10418.5
2050-04-01 18:00:00,-8879.85
2050-04-01 19:00:00,-9930.04
2050-04-01 20:00:00,-8851.36
2050-04-01 21:00:00,-9106.91
2050-04-01 22:00:00,-4835.73
2050-04-01 23:00:00,-7605.31
2050-04-02 00:00:00,-9816.89
2050-04-02 01:00:00,-9531.04
2050-04-02 02:00:00,-9970.93
2050-04-02 03:00:00,-11144.02
2050-04-02 04:00:00,-10562.15
2050-04-02 05:00:00,-12186.69
2050-04-02 06:00:00,-12079.75
2050-04-02 07:00:00,-12149.51
2050-04-02 08:00:00,-10059.66
2050-04-02 09:00:00,-8336.86
2050-04-02 10:00:00,-7124.91
2050-04-02 11:00:00,-6924.44
2050-04-02 12:00:00,-6222.35
2050-04-02 13:00:00,-6424.97
2050-04-02 14:00:00,-6907.15
2050-04-02 15:00:00,-5794.32
2050-04-02 16:00:00,-6347.42
2050-04-02 17:00:00,-7526.95
2050-04-02 18:00:00,-6627.34
2050-04-02 19:00:00,-5183.6
2050-04-02 20:00:00,-6340.69
2050-04-02 21:00:00,-4710.47
2050-04-02 22:00:00,-6253.2
2050-04-02 23:00:00,-10041.31
2050-04-03 00:00:00,-10713.57
2050-04-03 01:00:00,-10809.92
2050-04-03 02:00:00,-10575.4
2050-04-03 03:00:00,-9833.15
2050-04-03 04:00:00,-8309.7
2050-04-03 05:00:00,-9974.8
2050-04-03 06:00:00,-10817.18
2050-04-03 07:00:00,-8978.73
2050-04-03 08:00:00,-8549.7
2050-04-03 09:00:00,-10836.61
2050-04-03 10:00:00,-10297.9
2050-04-03 11:00:00,-9333.35
2050-04-03 12:00:00,-10948.35
2050-04-03 13:00:00,-8964.46
2050-04-03 14:00:00,-10441.88
2050-04-03 15:00:00,-9768.99
2050-04-03 16:00:00,-10350.63
2050-04-03 17:00:00,-10761.57
2050-04-03 18:00:00,-10377.46
2050-04-03 19:00:00,-8500.73
2050-04-03 20:00:00,-6718.71
2050-04-03 21:00:00,-9937.51
2050-04-03 22:00:00,-10728.58
2050-04-03 23:00:00,-9275.44
2050-04-04 00:00:00,-10296.94
2050-04-04 01:00:00,-11273.44
2050-04-04 02:00:00,-12054.08
2050-04-04 03:00:00,-12332.97
2050-04-04 04:00:00,-12436.25
2050-04-04 05:00:00,-12462.87
2050-04-04 06:00:00,-12503.01
2050-04-04 07:00:00,-12235.23
2050-04-04 08:00:00,-11866.29
2050-04-04 09:00:00,-11398.32
2050-04-04 10:00:00,-15274.26
2050-04-04 11:00:00,-13818.19
2050-04-04 12:00:00,-12503.64
2050-04-04 13:00:00,-6449.12
2050-04-04 14:00:00,-3418.69
2050-04-04 15:00:00,-3188.62
2050-04-04 16:00:00,-1541.49
2050-04-04 17:00:00,-2414.44
2050-04-04 18:00:00,-7004.9
2050-04-04 19:00:00,-4948.66
2050-04-04 20:00:00,-3039.19
2050-04-04 21:00:00,-6119.39
2050-04-04 22:00:00,-7778.63
2050-04-04 23:00:00,-10080.4
2050-04-05 00:00:00,-10682.62
2050-04-05 01:00:00,-6787.16
2050-04-05 02:00:00,-4451.84
2050-04-05 03:00:00,-3635.68
2050-04-05 04:00:00,-4832.37
2050-04-05 05:00:00,-6290.0
2050-04-05 06:00:00,-7231.1
2050-04-05 07:00:00,-9294.42
2050-04-05 08:00:00,-8232.14
2050-04-05 09:00:00,-7046.32
2050-04-05 10:00:00,-5704.0
2050-04-05 11:00:00,-9076.51
2050-04-05 12:00:00,-8923.43
2050-04-05 13:00:00,-11123.59
2050-04-05 14:00:00,-12755.33
2050-04-05 15:00:00,-12057.29
2050-04-05 16:00:00,-10052.68
2050-04-05 17:00:00,-10001.36
2050-04-05 18:00:00,-9051.17
2050-04-05 19:00:00,-9234.95
2050-04-05 20:00:00,-10032.82
2050-04-05 21:00:00,-10312.18
2050-04-05 22:00:00,-10733.31
2050-04-05 23:00:00,-7049.96
2050-04-06 00:00:00,-6660.33
2050-04-06 01:00:00,-3579.22
2050-04-06 02:00:00,-2650.86
2050-04-06 03:00:00,-4126.26
2050-04-06 04:00:00,-4211.21
2050-04-06 05:00:00,-6296.47
2050-04-06 06:00:00,-5550.42
2050-04-06 07:00:00,-7420.0
2050-04-06 08:00:00,-7560.3
2050-04-06 09:00:00,-8688.89
2050-04-06 10:00:00,-9050.15
2050-04-06 11:00:00,-11730.59
2050-04-06 12:00:00,-12265.14
2050-04-06 13:00:00,-9586.75
2050-04-06 14:00:00,-10046.51
2050-04-06 15:00:00,-12312.09
2050-04-06 16:00:00,-12252.5
2050-04-06 17:00:00,-10603.05
2050-04-06 18:00:00,-9863.71
2050-04-06 19:00:00,-9369.89
2050-04-06 20:00:00,-9804.58
2050-04-06 21:00:00,-10044.45
2050-04-06 22:00:00,-10488.74
2050-04-06 23:00:00,-10710.99
2050-04-07 00:00:00,-9375.04
2050-04-07 01:00:00,-11148.02
2050-04-07 02:00:00,-11581.8
2050-04-07 03:00:00,-11369.5
2050-04-07 04:00:00,-10344.11
2050-04-07 05:00:00,-9470.62
2050-04-07 06:00:00,-12089.75
2050-04-07 07:00:00,-10735.01
2050-04-07 08:00:00,-8831.82
2050-04-07 09:00:00,-8334.27
2050-04-07 10:00:00,-11728.07
2050-04-07 11:00:00,-7055.68
2050-04-07 12:00:00,-7311.05
2050-04-07 13:00:00,-9305.46
2050-04-07 14:00:00,-11085.09
2050-04-07 15:00:00,-9306.7
2050-04-07 16:00:00,-9828.31
2050-04-07 17:00:00,-9444.63
2050-04-07 18:00:00,-8317.44
2050-04-07 19:00:00,-8845.55
2050-04-07 20:00:00,-9065.91
2050-04-07 21:00:00,-9686.58
2050-04-07 22:00:00,-9095.25
2050-04-07 23:00:00,-10243.83
2050-04-08 00:00:00,-10908.08
2050-04-08 01:00:00,-8450.84
2050-04-08 02:00:00,-7285.44
2050-04-08 03:00:00,-11280.38
2050-04-08 04:00:00,-10776.66
2050-04-08 05:00:00,-11827.04
2050-04-08 06:00:00,-11214.85
2050-04-08 07:00:00,-12445.7
2050-04-08 08:00:00,-12754.7
2050-04-08 09:00:00,-10231.79
2050-04-08 10:00:00,-10123.01
2050-04-08 11:00:00,-7066.8
2050-04-08 12:00:00,-4855.61
2050-04-08 13:00:00,-3009.16
2050-04-08 14:00:00,-3685.79
2050-04-08 15:00:00,-3113.11
2050-04-08 16:00:00,-3483.12
2050-04-08 17:00:00,-4679.68
2050-04-08 18:00:00,-5743.94
2050-04-08 19:00:00,-5776.77
2050-04-08 20:00:00,-5228.68
2050-04-08 21:00:00,-4629.88
2050-04-08 22:00:00,-5021.75
2050-04-08 23:00:00,-2892.76
2050-04-09 00:00:00,-3581.17
2050-04-09 01:00:00,-4277.97
2050-04-09 02:00:00,-2360.91
2050-04-09 03:00:00,-852.07
2050-04-09 04:00:00,-168.39
2050-04-09 05:00:00,410.8
2050-04-09 06:00:00,-1340.69
2050-04-09 07:00:00,-4254.26
2050-04-09 08:00:00,-5349.75
2050-04-09 09:00:00,-6108.74
2050-04-09 10:00:00,-6231.3
2050-04-09 11:00:00,-9105.64
2050-04-09 12:00:00,-6698.69
2050-04-09 13:00:00,-3939.9
2050-04-09 14:00:00,-7294.74
2050-04-09 15:00:00,-8699.98
2050-04-09 16:00:00,-5963.77
2050-04-09 17:00:00,-5358.05
2050-04-09 18:00:00,-3400.23
2050-04-09 19:00:00,-1892.57
2050-04-09 20:00:00,-1591.48
2050-04-09 21:00:00,-3363.83
2050-04-09 22:00:00,-3668.55
2050-04-09 23:00:00,-3483.56
2050-04-10 00:00:00,-3336.47
2050-04-10 01:00:00,-1979.92
2050-04-10 02:00:00,-1623.41
2050-04-10 03:00:00,-1700.74
2050-04-10 04:00:00,-1851.34
2050-04-10 05:00:00,-964.21
2050-04-10 06:00:00,-2716.04
2050-04-10 07:00:00,-3465.66
2050-04-10 08:00:00,-3617.13
2050-04-10 09:00:00,-5985.57
2050-04-10 10:00:00,-6517.7
2050-04-10 11:00:00,-7552.37
2050-04-10 12:00:00,-9956.34
2050-04-10 13:00:00,-9421.14
2050-04-10 14:00:00,-7964.07
2050-04-10 15:00:00,-9639.93
2050-04-10 16:00:00,-10840.88
2050-04-10 17:00:00,-11127.95
2050-04-10 18:00:00,-10506.88
2050-04-10 19:00:00,-10653.65
2050-04-10 20:00:00,-10581.24
2050-04-10 21:00:00,-10657.33
2050-04-10 22:00:00,-10864.84
2050-04-10 23:00:00,-9407.53
2050-04-11 00:00:00,-9206.99
2050-04-11 01:00:00,-9410.68
2050-04-11 02:00:00,-8086.34
2050-04-11 03:00:00,-7025.94
2050-04-11 04:00:00,-7524.18
2050-04-11 05:00:00,-7591.6
2050-04-11 06:00:00,-7391.68
2050-04-11 07:00:00,-6276.13
2050-04-11 08:00:00,-6038.19
2050-04-11 09:00:00,-6592.63
2050-04-11 10:00:00,-6569.36
2050-04-11 11:00:00,-6184.87
2050-04-11 12:00:00,-6929.41
2050-04-11 13:00:00,-6571.76
2050-04-11 14:00:00,-6441.53
2050-04-11 15:00:00,-9997.96
2050-04-11 16:00:00,-10721.41
2050-04-11 17:00:00,-10555.29
2050-04-11 18:00:00,-10112.14
2050-04-11 19:00:00,-10129.29
2050-04-11 20:00:00,-10287.36
2050-04-11 21:00:00,-10570.7
2050-04-11 22:00:00,-10957.44
2050-04-11 23:00:00,-11233.72
2050-04-12 00:00:00,-11447.83
2050-04-12 01:00:00,-11536.59
2050-04-12 02:00:00,-9925.34
2050-04-12 03:00:00,-11668.59
2050-04-12 04:00:00,-10633.45
2050-04-12 05:00:00,-8834.02
2050-04-12 06:00:00,-7849.83
2050-04-12 07:00:00,-8034.83
2050-04-12 08:00:00,-6478.11
2050-04-12 09:00:00,-5049.23
2050-04-12 10:00:00,-5185.88
2050-04-12 11:00:00,-7314.65
2050-04-12 12:00:00,-8923.4
2050-04-12 13:00:00,-5030.94
2050-04-12 14:00:00,-4359.37
2050-04-12 15:00:00,-4698.44
2050-04-12 16:00:00,-4415.82
2050-04-12 17:00:00,-3338.44
2050-04-12 18:00:00,-5786.93
2050-04-12 19:00:00,-9727.98
2050-04-12 20:00:00,-10525.74
2050-04-12 21:00:00,-10690.97
2050-04-12 22:00:00,-10987.42
2050-04-12 23:00:00,-11323.42
2050-04-13 00:00:00,-11646.11
2050-04-13 01:00:00,-11726.67
2050-04-13 02:00:00,-11761.77
2050-04-13 03:00:00,-10714.56
2050-04-13 04:00:00,-10161.27
2050-04-13 05:00:00,-8841.38
2050-04-13 06:00:00,-9112.52
2050-04-13 07:00:00,-11703.98
2050-04-13 08:00:00,-11729.69
2050-04-13 09:00:00,-12232.73
2050-04-13 10:00:00,-10459.34
2050-04-13 11:00:00,-12391.52
2050-04-13 12:00:00,-8053.37
2050-04-13 13:00:00,-9221.49
2050-04-13 14:00:00,-9470.09
2050-04-13 15:00:00,-10067.93
2050-04-13 16:00:00,-11084.62
2050-04-13 17:00:00,-11202.45
2050-04-13 18:00:00,-10004.45
2050-04-13 19:00:00,-8875.37
2050-04-13 20:00:00,-10569.41
2050-04-13 21:00:00,-10628.89
2050-04-13 22:00:00,-10991.06
2050-04-13 23:00:00,-11325.0
2050-04-14 00:00:00,-11419.92
2050-04-14 01:00:00,-10973.64
2050-04-14 02:00:00,-8025.93
2050-04-14 03:00:00,-9563.41
2050-04-14 04:00:00,-9343.64
2050-04-14 05:00:00,-9774.37
2050-04-14 06:00:00,-9875.2
2050-04-14 07:00:00,-5547.5
2050-04-14 08:00:00,-3061.77
2050-04-14 09:00:00,-3385.02
2050-04-14 10:00:00,-2778.2
2050-04-14 11:00:00,-1853.59
2050-04-14 12:00:00,-1354.88
2050-04-14 13:00:00,-2552.81
2050-04-14 14:00:00,-1504.94
2050-04-14 15:00:00,-3888.88
2050-04-14 16:00:00,-2781.84
2050-04-14 17:00:00,-4738.74
2050-04-14 18:00:00,-8164.78
2050-04-14 19:00:00,-9969.58
2050-04-14 20:00:00,-8764.62
2050-04-14 21:00:00,-9691.33
2050-04-14 22:00:00,-10243.76
2050-04-14 23:00:00,-10046.69
2050-04-15 00:00:00,-11598.66
2050-04-15 01:00:00,-11421.1
2050-04-15 02:00:00,-11433.88
2050-04-15 03:00:00,-11441.2
2050-04-15 04:00:00,-11413.39
2050-04-15 05:00:00,-11213.02
2050-04-15 06:00:00,-7418.21
2050-04-15 07:00:00,-4618.29
2050-04-15 08:00:00,-2487.37
2050-04-15 09:00:00,-4612.23
2050-04-15 10:00:00,-5513.82
2050-04-15 11:00:00,-8347.09
2050-04-15 12:00:00,-7680.21
2050-04-15 13:00:00,-8405.14
2050-04-15 14:00:00,-8091.88
2050-04-15 15:00:00,-13070.51
2050-04-15 16:00:00,-10117.06
2050-04-15 17:00:00,-8280.94
2050-04-15 18:00:00,-6687.19
2050-04-15 19:00:00,-8092.77
2050-04-15 20:00:00,-8432.49
2050-04-15 21:00:00,-10108.26
2050-04-15 22:00:00,-10805.63
2050-04-15 23:00:00,-10013.49
2050-04-16 00:00:00,-8767.39
2050-04-16 01:00:00,-10227.9
2050-04-16 02:00:00,-10897.52
2050-04-16 03:00:00,-11971.4
2050-04-16 04:00:00,-12205.83
2050-04-16 05:00:00,-10397.21
2050-04-16 06:00:00,-13161.85
2050-04-16 07:00:00,-14096.32
2050-04-16 08:00:00,-14038.96
2050-04-16 09:00:00,-14294.45
2050-04-16 10:00:00,-15113.42
2050-04-16 11:00:00,-14686.12
2050-04-16 12:00:00,-14384.11
2050-04-16 13:00:00,-14372.14
2050-04-16 14:00:00,-10554.41
2050-04-16 15:00:00,-11175.77
2050-04-16 16:00:00,-10211.21
2050-04-16 17:00:00,-9711.74
2050-04-16 18:00:00,-7143.8
2050-04-16 19:00:00,-10558.6
2050-04-16 20:00:00,-10534.76
2050-04-16 21:00:00,-10674.43
2050-04-16 22:00:00,-10663.66
2050-04-16 23:00:00,-9884.11
2050-04-17 00:00:00,-6937.71
2050-04-17 01:00:00,-6982.95
2050-04-17 02:00:00,-7428.87
2050-04-17 03:00:00,-8091.99
2050-04-17 04:00:00,-5208.33
2050-04-17 05:00:00,-3317.89
2050-04-17 06:00:00,-5487.91
2050-04-17 07:00:00,-7765.8
2050-04-17 08:00:00,-5736.6
2050-04-17 09:00:00,-4143.39
2050-04-17 10:00:00,-5878.0
2050-04-17 11:00:00,-6395.18
2050-04-17 12:00:00,-5189.71
2050-04-17 13:00:00,-4754.28
2050-04-17 14:00:00,-4682.89
2050-04-17 15:00:00,-2281.58
2050-04-17 16:00:00,-2203.69
2050-04-17 17:00:00,-2406.63
2050-04-17 18:00:00,-3761.47
2050-04-17 19:00:00,-6324.01
2050-04-17 20:00:00,-3643.2
2050-04-17 21:00:00,-5458.2
2050-04-17 22:00:00,-4859.87
2050-04-17 23:00:00,-5177.36
2050-04-18 00:00:00,-4263.79
2050-04-18 01:00:00,-5727.8
2050-04-18 02:00:00,-2792.05
2050-04-18 03:00:00,-3127.29
2050-04-18 04:00:00,-1397.26
2050-04-18 05:00:00,-2034.1
2050-04-18 06:00:00,-2509.16
2050-04-18 07:00:00,-3396.89
2050-04-18 08:00:00,-2748.62
2050-04-18 09:00:00,-3488.98
2050-04-18 10:00:00,-6335.84
2050-04-18 11:00:00,-5898.0
2050-04-18 12:00:00,-4353.29
2050-04-18 13:00:00,-2412.23
2050-04-18 14:00:00,-5199.56
2050-04-18 15:00:00,-5735.84
2050-04-18 16:00:00,-9309.54
2050-04-18 17:00:00,-7559.14
2050-04-18 18:00:00,-9277.55
2050-04-18 19:00:00,-10535.11
2050-04-18 20:00:00,-10554.86
2050-04-18 21:00:00,-10222.93
2050-04-18 22:00:00,-10764.57
2050-04-18 23:00:00,-11015.77
2050-04-19 00:00:00,-11302.53
2050-04-19 01:00:00,-11429.19
2050-04-19 02:00:00,-11433.15
2050-04-19 03:00:00,-9050.75
2050-04-19 04:00:00,-6840.98
2050-04-19 05:00:00,-6625.55
2050-04-19 06:00:00,-8128.7
2050-04-19 07:00:00,-9229.39
2050-04-19 08:00:00,-11085.1
2050-04-19 09:00:00,-7860.2
2050-04-19 10:00:00,-12449.77
2050-04-19 11:00:00,-11406.05
2050-04-19 12:00:00,-12007.1
2050-04-19 13:00:00,-11395.46
2050-04-19 14:00:00,-13161.53
2050-04-19 15:00:00,-11478.03
2050-04-19 16:00:00,-12197.18
2050-04-19 17:00:00,-10789.52
2050-04-19 18:00:00,-10487.86
2050-04-19 19:00:00,-10566.95
2050-04-19 20:00:00,-10561.32
2050-04-19 21:00:00,-10212.79
2050-04-19 22:00:00,-10278.91
2050-04-19 23:00:00,-10912.75
2050-04-20 00:00:00,-11630.68
2050-04-20 01:00:00,-11719.5
2050-04-20 02:00:00,-11836.13
2050-04-20 03:00:00,-11941.9
2050-04-20 04:00:00,-11942.88
2050-04-20 05:00:00,-11467.96
2050-04-20 06:00:00,-13197.78
2050-04-20 07:00:00,-13694.16
2050-04-20 08:00:00,-14788.42
2050-04-20 09:00:00,-15122.19
2050-04-20 10:00:00,-15612.33
2050-04-20 11:00:00,-11868.39
2050-04-20 12:00:00,-14713.57
2050-04-20 13:00:00,-11378.51
2050-04-20 14:00:00,-12256.33
2050-04-20 15:00:00,-8032.08
2050-04-20 16:00:00,-4631.65
2050-04-20 17:00:00,-3397.63
2050-04-20 18:00:00,-5072.54
2050-04-20 19:00:00,-5485.85
2050-04-20 20:00:00,-5483.19
2050-04-20 21:00:00,-5147.0
2050-04-20 22:00:00,-5109.83
2050-04-20 23:00:00,-6909.9
2050-04-21 00:00:00,-7689.47
2050-04-21 01:00:00,-6995.62
2050-04-21 02:00:00,-6007.28
2050-04-21 03:00:00,-7129.77
2050-04-21 04:00:00,-7176.67
2050-04-21 05:00:00,-5155.35
2050-04-21 06:00:00,-6772.16
2050-04-21 07:00:00,-5497.68
2050-04-21 08:00:00,-8037.25
2050-04-21 09:00:00,-10327.55
2050-04-21 10:00:00,-12672.4
2050-04-21 11:00:00,-14290.72
2050-04-21 12:00:00,-14001.54
2050-04-21 13:00:00,-12327.55
2050-04-21 14:00:00,-11636.9
2050-04-21 15:00:00,-9742.16
2050-04-21 16:00:00,-6517.39
2050-04-21 17:00:00,-8404.26
2050-04-21 18:00:00,-10081.61
2050-04-21 19:00:00,-10278.96
2050-04-21 20:00:00,-10243.41
2050-04-21 21:00:00,-9433.49
2050-04-21 22:00:00,-5400.19
2050-04-21 23:00:00,-4991.03
2050-04-22 00:00:00,-3994.74
2050-04-22 01:00:00,-6228.26
2050-04-22 02:00:00,-6369.52
2050-04-22 03:00:00,-5671.02
2050-04-22 04:00:00,-4553.22
2050-04-22 05:00:00,-4953.02
2050-04-22 06:00:00,-6391.33
2050-04-22 07:00:00,-5467.65
2050-04-22 08:00:00,-6759.69
2050-04-22 09:00:00,-7962.35
2050-04-22 10:00:00,-9482.34
2050-04-22 11:00:00,-10563.85
2050-04-22 12:00:00,-10723.91
2050-04-22 13:00:00,-11800.6
2050-04-22 14:00:00,-11172.2
2050-04-22 15:00:00,-10064.92
2050-04-22 16:00:00,-12086.23
2050-04-22 17:00:00,-10115.0
2050-04-22 18:00:00,-5854.38
2050-04-22 19:00:00,-6804.26
2050-04-22 20:00:00,-7427.85
2050-04-22 21:00:00,-7493.24
2050-04-22 22:00:00,-5734.37
2050-04-22 23:00:00,-5150.4
2050-04-23 00:00:00,-8017.19
2050-04-23 01:00:00,-8966.38
2050-04-23 02:00:00,-7842.08
2050-04-23 03:00:00,-5337.04
2050-04-23 04:00:00,-6322.3
2050-04-23 05:00:00,-4576.93
2050-04-23 06:00:00,-4812.94
2050-04-23 07:00:00,-927.79
2050-04-23 08:00:00,-2850.17
2050-04-23 09:00:00,-1560.57
2050-04-23 10:00:00,316.07
2050-04-23 11:00:00,-606.08
2050-04-23 12:00:00,225.68
2050-04-23 13:00:00,-358.14
2050-04-23 14:00:00,1011.35
2050-04-23 15:00:00,265.1
2050-04-23 16:00:00,-985.24
2050-04-23 17:00:00,349.63
2050-04-23 18:00:00,-1005.16
2050-04-23 19:00:00,-2585.61
2050-04-23 20:00:00,-5836.71
2050-04-23 21:00:00,-7736.85
2050-04-23 22:00:00,-8657.39
2050-04-23 23:00:00,-9180.95
2050-04-24 00:00:00,-8225.6
2050-04-24 01:00:00,-6983.3
2050-04-24 02:00:00,-8677.88
2050-04-24 03:00:00,-7119.72
2050-04-24 04:00:00,-7640.74
2050-04-24 05:00:00,-5985.87
2050-04-24 06:00:00,-7908.83
2050-04-24 07:00:00,-8760.77
2050-04-24 08:00:00,-9059.47
2050-04-24 09:00:00,-9719.94
2050-04-24 10:00:00,-10717.84
2050-04-24 11:00:00,-9052.32
2050-04-24 12:00:00,-7964.43
2050-04-24 13:00:00,-8405.48
2050-04-24 14:00:00,-7319.04
2050-04-24 15:00:00,-4835.96
2050-04-24 16:00:00,-4982.64
2050-04-24 17:00:00,-4731.34
2050-04-24 18:00:00,-4902.29
2050-04-24 19:00:00,-7737.91
2050-04-24 20:00:00,-6338.26
2050-04-24 21:00:00,-4282.46
2050-04-24 22:00:00,-3109.94
2050-04-24 23:00:00,-2623.0
2050-04-25 00:00:00,-4630.6
2050-04-25 01:00:00,-5106.93
2050-04-25 02:00:00,-4780.92
2050-04-25 03:00:00,-3977.23
2050-04-25 04:00:00,-4419.5
2050-04-25 05:00:00,-4515.47
2050-04-25 06:00:00,-5174.98
2050-04-25 07:00:00,-8450.91
2050-04-25 08:00:00,-9781.17
2050-04-25 09:00:00,-8841.32
2050-04-25 10:00:00,-8637.49
2050-04-25 11:00:00,-5789.16
2050-04-25 12:00:00,-6186.7
2050-04-25 13:00:00,-3233.61
2050-04-25 14:00:00,-1454.85
2050-04-25 15:00:00,-1461.33
2050-04-25 16:00:00,-3672.06
2050-04-25 17:00:00,-2602.54
2050-04-25 18:00:00,-1816.82
2050-04-25 19:00:00,-921.32
2050-04-25 20:00:00,-1025.75
2050-04-25 21:00:00,-3236.79
2050-04-25 22:00:00,-4277.53
2050-04-25 23:00:00,-7728.88
2050-04-26 00:00:00,-10184.53
2050-04-26 01:00:00,-6748.16
2050-04-26 02:00:00,-7863.04
2050-04-26 03:00:00,-9841.56
2050-04-26 04:00:00,-8479.23
2050-04-26 05:00:00,-7337.36
2050-04-26 06:00:00,-8601.67
2050-04-26 07:00:00,-7726.58
2050-04-26 08:00:00,-7885.78
2050-04-26 09:00:00,-10924.89
2050-04-26 10:00:00,-10154.43
2050-04-26 11:00:00,-11671.03
2050-04-26 12:00:00,-6805.37
2050-04-26 13:00:00,-2780.88
2050-04-26 14:00:00,-2892.99
2050-04-26 15:00:00,-4258.15
2050-04-26 16:00:00,-1873.14
2050-04-26 17:00:00,-5179.38
2050-04-26 18:00:00,-5869.16
2050-04-26 19:00:00,-2338.0
2050-04-26 20:00:00,-2634.33
2050-04-26 21:00:00,-1091.95
2050-04-26 22:00:00,-3192.74
2050-04-26 23:00:00,-4360.71
2050-04-27 00:00:00,-4252.23
2050-04-27 01:00:00,-4426.17
2050-04-27 02:00:00,-3576.3
2050-04-27 03:00:00,-2671.27
2050-04-27 04:00:00,-3446.17
2050-04-27 05:00:00,-3236.74
2050-04-27 06:00:00,-4245.51
2050-04-27 07:00:00,-4928.75
2050-04-27 08:00:00,-5704.8
2050-04-27 09:00:00,-6061.04
2050-04-27 10:00:00,-8701.87
2050-04-27 11:00:00,-7215.77
2050-04-27 12:00:00,-2090.32
2050-04-27 13:00:00,-4371.71
2050-04-27 14:00:00,-2062.75
2050-04-27 15:00:00,-2899.59
2050-04-27 16:00:00,-3785.02
2050-04-27 17:00:00,-1093.1
2050-04-27 18:00:00,-2457.84
2050-04-27 19:00:00,-4129.12
2050-04-27 20:00:00,-5305.62
2050-04-27 21:00:00,-4068.31
2050-04-27 22:00:00,-3664.06
2050-04-27 23:00:00,-4205.51
2050-04-28 00:00:00,-3115.29
2050-04-28 01:00:00,-2009.87
2050-04-28 02:00:00,-2662.44
2050-04-28 03:00:00,-4051.7
2050-04-28 04:00:00,-3635.29
2050-04-28 05:00:00,-1959.49
2050-04-28 06:00:00,-4550.94
2050-04-28 07:00:00,-3735.28
2050-04-28 08:00:00,-4794.1
2050-04-28 09:00:00,-5267.15
2050-04-28 10:00:00,-3902.5
2050-04-28 11:00:00,-3182.99
2050-04-28 12:00:00,-4010.49
2050-04-28 13:00:00,-3810.36
2050-04-28 14:00:00,-4577.96
2050-04-28 15:00:00,-6388.55
2050-04-28 16:00:00,-11579.2
2050-04-28 17:00:00,-11738.67
2050-04-28 18:00:00,-10572.97
2050-04-28 19:00:00,-10454.09
2050-04-28 20:00:00,-8585.9
2050-04-28 21:00:00,-6149.03
2050-04-28 22:00:00,-8243.01
2050-04-28 23:00:00,-6074.21
2050-04-29 00:00:00,-3990.22
2050-04-29 01:00:00,-4397.52
2050-04-29 02:00:00,-7842.75
2050-04-29 03:00:00,-7231.96
2050-04-29 04:00:00,-6262.12
2050-04-29 05:00:00,-9788.02
2050-04-29 06:00:00,-7887.87
2050-04-29 07:00:00,-4233.19
2050-04-29 08:00:00,-7860.01
2050-04-29 09:00:00,-10391.59
2050-04-29 10:00:00,-11054.38
2050-04-29 11:00:00,-8709.71
2050-04-29 12:00:00,-9520.63
2050-04-29 13:00:00,-9319.89
2050-04-29 14:00:00,-8934.65
2050-04-29 15:00:00,-11155.43
2050-04-29 16:00:00,-12280.14
2050-04-29 17:00:00,-11340.27
2050-04-29 18:00:00,-10477.68
2050-04-29 19:00:00,-10243.76
2050-04-29 20:00:00,-10466.93
2050-04-29 21:00:00,-9387.84
2050-04-29 22:00:00,-6169.9
2050-04-29 23:00:00,-6239.38
2050-04-30 00:00:00,-8053.0
2050-04-30 01:00:00,-7649.33
2050-04-30 02:00:00,-7753.03
2050-04-30 03:00:00,-8128.03
2050-04-30 04:00:00,-6748.97
2050-04-30 05:00:00,-9741.02
2050-04-30 06:00:00,-7894.47
2050-04-30 07:00:00,-10706.59
2050-04-30 08:00:00,-10871.96
2050-04-30 09:00:00,-11058.58
2050-04-30 10:00:00,-10915.29
2050-04-30 11:00:00,-11506.03
2050-04-30 12:00:00,-11296.68
2050-04-30 13:00:00,-10163.89
2050-04-30 14:00:00,-11506.45
2050-04-30 15:00:00,-11160.46
2050-04-30 16:00:00,-8795.06
2050-04-30 17:00:00,-10871.43
2050-04-30 18:00:00,-9592.31
2050-04-30 19:00:00,-9626.52
2050-04-30 20:00:00,-9753.8
2050-04-30 21:00:00,-10196.79
2050-04-30 22:00:00,-10615.2
2050-04-30 23:00:00,-5391.9
2050-05-01 00:00:00,-7547.65
2050-05-01 01:00:00,-6350.06
2050-05-01 02:00:00,-8541.8
2050-05-01 03:00:00,-7765.16
2050-05-01 04:00:00,-6096.47
2050-05-01 05:00:00,-4616.89
2050-05-01 06:00:00,-5297.92
2050-05-01 07:00:00,-6329.83
2050-05-01 08:00:00,-6706.47
2050-05-01 09:00:00,-4932.0
2050-05-01 10:00:00,-5582.67
2050-05-01 11:00:00,-4807.33
2050-05-01 12:00:00,-3185.28
2050-05-01 13:00:00,-2278.16
2050-05-01 14:00:00,-3182.63
2050-05-01 15:00:00,-3592.09
2050-05-01 16:00:00,-2475.44
2050-05-01 17:00:00,-1631.06
2050-05-01 18:00:00,-3153.86
2050-05-01 19:00:00,-3230.16
2050-05-01 20:00:00,-2797.17
2050-05-01 21:00:00,-5716.67
2050-05-01 22:00:00,-6052.36
2050-05-01 23:00:00,-6083.7
2050-05-02 00:00:00,-6732.52
2050-05-02 01:00:00,-9367.49
2050-05-02 02:00:00,-9297.84
2050-05-02 03:00:00,-7790.16
2050-05-02 04:00:00,-7463.09
2050-05-02 05:00:00,-9918.58
2050-05-02 06:00:00,-9318.0
2050-05-02 07:00:00,-7355.56
2050-05-02 08:00:00,-4525.78
2050-05-02 09:00:00,-6218.5
2050-05-02 10:00:00,-5504.01
2050-05-02 11:00:00,-6893.9
2050-05-02 12:00:00,-3599.73
2050-05-02 13:00:00,-4520.49
2050-05-02 14:00:00,-3993.73
2050-05-02 15:00:00,-5677.19
2050-05-02 16:00:00,-4910.8
2050-05-02 17:00:00,-6658.09
2050-05-02 18:00:00,-5364.47
2050-05-02 19:00:00,-5037.07
2050-05-02 20:00:00,-6497.63
2050-05-02 21:00:00,-6795.94
2050-05-02 22:00:00,-6290.68
2050-05-02 23:00:00,-3266.45
2050-05-03 00:00:00,-4456.29
2050-05-03 01:00:00,-5610.89
2050-05-03 02:00:00,-3580.6
2050-05-03 03:00:00,-5816.97
2050-05-03 04:00:00,-6581.16
2050-05-03 05:00:00,-6545.22
2050-05-03 06:00:00,-9042.5
2050-05-03 07:00:00,-8963.35
2050-05-03 08:00:00,-6540.54
2050-05-03 09:00:00,-4833.21
2050-05-03 10:00:00,-6634.32
2050-05-03 11:00:00,-5875.04
2050-05-03 12:00:00,-7239.43
2050-05-03 13:00:00,-6734.03
2050-05-03 14:00:00,-8810.99
2050-05-03 15:00:00,-6741.53
2050-05-03 16:00:00,-3971.48
2050-05-03 17:00:00,-4131.46
2050-05-03 18:00:00,-3288.56
2050-05-03 19:00:00,-4245.86
2050-05-03 20:00:00,-4277.95
2050-05-03 21:00:00,-3779.17
2050-05-03 22:00:00,-3644.34
2050-05-03 23:00:00,-3421.88
2050-05-04 00:00:00,-3017.46
2050-05-04 01:00:00,-2171.79
2050-05-04 02:00:00,-3008.72
2050-05-04 03:00:00,-4211.44
2050-05-04 04:00:00,-2623.24
2050-05-04 05:00:00,-1462.83
2050-05-04 06:00:00,-1731.28
2050-05-04 07:00:00,-3454.36
2050-05-04 08:00:00,-3957.81
2050-05-04 09:00:00,-3625.65
2050-05-04 10:00:00,-4410.27
2050-05-04 11:00:00,-1538.52
2050-05-04 12:00:00,-2548.2
2050-05-04 13:00:00,-2751.42
2050-05-04 14:00:00,-4136.34
2050-05-04 15:00:00,-3534.9
2050-05-04 16:00:00,-5140.5
2050-05-04 17:00:00,-6638.93
2050-05-04 18:00:00,-5789.66
2050-05-04 19:00:00,-7003.27
2050-05-04 20:00:00,-8495.93
2050-05-04 21:00:00,-9270.34
2050-05-04 22:00:00,-9671.04
2050-05-04 23:00:00,-10651.04
2050-05-05 00:00:00,-9471.99
2050-05-05 01:00:00,-9227.8
2050-05-05 02:00:00,-8274.14
2050-05-05 03:00:00,-10368.51
2050-05-05 04:00:00,-8826.76
2050-05-05 05:00:00,-7946.55
2050-05-05 06:00:00,-8898.93
2050-05-05 07:00:00,-7020.87
2050-05-05 08:00:00,-6388.28
2050-05-05 09:00:00,-6891.05
2050-05-05 10:00:00,-9793.95
2050-05-05 11:00:00,-8951.23
2050-05-05 12:00:00,-7558.86
2050-05-05 13:00:00,-5568.12
2050-05-05 14:00:00,-1236.3
2050-05-05 15:00:00,-1520.55
2050-05-05 16:00:00,702.89
2050-05-05 17:00:00,-649.95
2050-05-05 18:00:00,-5717.31
2050-05-05 19:00:00,-4744.41
2050-05-05 20:00:00,-5653.05
2050-05-05 21:00:00,-7611.17
2050-05-05 22:00:00,-7421.19
2050-05-05 23:00:00,-9356.86
2050-05-06 00:00:00,-9554.17
2050-05-06 01:00:00,-9202.71
2050-05-06 02:00:00,-8454.61
2050-05-06 03:00:00,-6436.06
2050-05-06 04:00:00,-7735.86
2050-05-06 05:00:00,-8409.86
2050-05-06 06:00:00,-8356.19
2050-05-06 07:00:00,-8037.32
2050-05-06 08:00:00,-8424.96
2050-05-06 09:00:00,-9303.45
2050-05-06 10:00:00,-11342.54
2050-05-06 11:00:00,-10441.79
2050-05-06 12:00:00,-10455.55
2050-05-06 13:00:00,-8709.52
2050-05-06 14:00:00,-7873.91
2050-05-06 15:00:00,-6478.15
2050-05-06 16:00:00,-5279.26
2050-05-06 17:00:00,-2942.84
2050-05-06 18:00:00,-2998.82
2050-05-06 19:00:00,-4530.79
2050-05-06 20:00:00,-3419.22
2050-05-06 21:00:00,-1774.71
2050-05-06 22:00:00,-961.13
2050-05-06 23:00:00,-722.84
2050-05-07 00:00:00,-1094.42
2050-05-07 01:00:00,-2169.83
2050-05-07 02:00:00,-2597.05
2050-05-07 03:00:00,-2579.15
2050-05-07 04:00:00,-3081.53
2050-05-07 05:00:00,-5629.53
2050-05-07 06:00:00,-6366.48
2050-05-07 07:00:00,-4868.35
2050-05-07 08:00:00,-5521.01
2050-05-07 09:00:00,-4866.72
2050-05-07 10:00:00,-5634.44
2050-05-07 11:00:00,-4874.83
2050-05-07 12:00:00,-4152.51
2050-05-07 13:00:00,-3002.51
2050-05-07 14:00:00,-2390.78
2050-05-07 15:00:00,-4049.78
2050-05-07 16:00:00,-5022.85
2050-05-07 17:00:00,-9243.44
2050-05-07 18:00:00,-9921.51
2050-05-07 19:00:00,-9578.4
2050-05-07 20:00:00,-9687.99
2050-05-07 21:00:00,-9014.08
2050-05-07 22:00:00,-5672.46
2050-05-07 23:00:00,-7404.64
2050-05-08 00:00:00,-7221.57
2050-05-08 01:00:00,-4721.97
2050-05-08 02:00:00,-2259.73
2050-05-08 03:00:00,-1702.12
2050-05-08 04:00:00,-1374.53
2050-05-08 05:00:00,-3646.31
2050-05-08 06:00:00,-3315.28
2050-05-08 07:00:00,-5484.62
2050-05-08 08:00:00,-4902.13
2050-05-08 09:00:00,-4355.89
2050-05-08 10:00:00,-4991.96
2050-05-08 11:00:00,-5478.98
2050-05-08 12:00:00,-4505.06
2050-05-08 13:00:00,-5771.83
2050-05-08 14:00:00,-5779.64
2050-05-08 15:00:00,-5202.45
2050-05-08 16:00:00,-4009.43
2050-05-08 17:00:00,-5019.15
2050-05-08 18:00:00,-3261.1
2050-05-08 19:00:00,-1248.38
2050-05-08 20:00:00,-641.0
2050-05-08 21:00:00,-1398.93
2050-05-08 22:00:00,-1918.76
2050-05-08 23:00:00,-3880.84
2050-05-09 00:00:00,-5875.6
2050-05-09 01:00:00,-5986.78
2050-05-09 02:00:00,-7095.37
2050-05-09 03:00:00,-6524.39
2050-05-09 04:00:00,-7279.13
2050-05-09 05:00:00,-9271.02
2050-05-09 06:00:00,-10488.37
2050-05-09 07:00:00,-11083.64
2050-05-09 08:00:00,-11210.98
2050-05-09 09:00:00,-11005.92
2050-05-09 10:00:00,-11058.34
2050-05-09 11:00:00,-9012.93
2050-05-09 12:00:00,-10808.51
2050-05-09 13:00:00,-10959.43
2050-05-09 14:00:00,-10900.93
2050-05-09 15:00:00,-8708.01
2050-05-09 16:00:00,-5521.1
2050-05-09 17:00:00,-5554.48
2050-05-09 18:00:00,-2825.8
2050-05-09 19:00:00,-2635.56
2050-05-09 20:00:00,-2572.9
2050-05-09 21:00:00,-4656.44
2050-05-09 22:00:00,-4261.06
2050-05-09 23:00:00,-3299.24
2050-05-10 00:00:00,-4498.91
2050-05-10 01:00:00,-5200.65
2050-05-10 02:00:00,-3358.75
2050-05-10 03:00:00,-1709.84
2050-05-10 04:00:00,-3791.72
2050-05-10 05:00:00,-4315.89
2050-05-10 06:00:00,-3155.26
2050-05-10 07:00:00,-2122.23
2050-05-10 08:00:00,-2377.14
2050-05-10 09:00:00,-2001.08
2050-05-10 10:00:00,-2429.42
2050-05-10 11:00:00,-2705.82
2050-05-10 12:00:00,-3743.61
2050-05-10 13:00:00,-4709.32
2050-05-10 14:00:00,-6299.07
2050-05-10 15:00:00,-6126.07
2050-05-10 16:00:00,-9051.51
2050-05-10 17:00:00,-10930.91
2050-05-10 18:00:00,-10554.49
2050-05-10 19:00:00,-10705.89
2050-05-10 20:00:00,-10522.06
2050-05-10 21:00:00,-10549.0
2050-05-10 22:00:00,-10619.59
2050-05-10 23:00:00,-10912.48
2050-05-11 00:00:00,-7676.45
2050-05-11 01:00:00,-7786.58
2050-05-11 02:00:00,-3871.56
2050-05-11 03:00:00,-5634.35
2050-05-11 04:00:00,-7027.2
2050-05-11 05:00:00,-8219.32
2050-05-11 06:00:00,-9584.73
2050-05-11 07:00:00,-7159.67
2050-05-11 08:00:00,-5292.21
2050-05-11 09:00:00,-4865.5
2050-05-11 10:00:00,-6269.74
2050-05-11 11:00:00,-5073.46
2050-05-11 12:00:00,-3196.54
2050-05-11 13:00:00,-2647.12
2050-05-11 14:00:00,-4267.28
2050-05-11 15:00:00,-5947.0
2050-05-11 16:00:00,-5489.61
2050-05-11 17:00:00,-6126.45
2050-05-11 18:00:00,-245.87
2050-05-11 19:00:00,-644.96
2050-05-11 20:00:00,-2988.89
2050-05-11 21:00:00,-3292.01
2050-05-11 22:00:00,-4585.07
2050-05-11 23:00:00,-4427.35
2050-05-12 00:00:00,-3692.44
2050-05-12 01:00:00,-3254.04
2050-05-12 02:00:00,-3677.56
2050-05-12 03:00:00,-3939.5
2050-05-12 04:00:00,-4986.68
2050-05-12 05:00:00,-6138.04
2050-05-12 06:00:00,-2839.92
2050-05-12 07:00:00,-5129.93
2050-05-12 08:00:00,-8570.27
2050-05-12 09:00:00,-10558.15
2050-05-12 10:00:00,-10174.23
2050-05-12 11:00:00,-8916.56
2050-05-12 12:00:00,-9214.22
2050-05-12 13:00:00,-6668.63
2050-05-12 14:00:00,-4915.25
2050-05-12 15:00:00,-6049.12
2050-05-12 16:00:00,-7486.38
2050-05-12 17:00:00,-9014.81
2050-05-12 18:00:00,-8712.51
2050-05-12 19:00:00,-7775.42
2050-05-12 20:00:00,-6879.64
2050-05-12 21:00:00,-5392.22
2050-05-12 22:00:00,-6810.3
2050-05-12 23:00:00,-8281.65
2050-05-13 00:00:00,-6948.04
2050-05-13 01:00:00,-8313.16
2050-05-13 02:00:00,-7906.96
2050-05-13 03:00:00,-7054.57
2050-05-13 04:00:00,-6330.57
2050-05-13 05:00:00,-5355.69
2050-05-13 06:00:00,-3577.63
2050-05-13 07:00:00,-4419.74
2050-05-13 08:00:00,-5165.87
2050-05-13 09:00:00,-6919.36
2050-05-13 10:00:00,-5698.05
2050-05-13 11:00:00,-6543.34
2050-05-13 12:00:00,-6150.27
2050-05-13 13:00:00,-6025.03
2050-05-13 14:00:00,-4478.37
2050-05-13 15:00:00,-8197.73
2050-05-13 16:00:00,-9888.64
2050-05-13 17:00:00,-7091.52
2050-05-13 18:00:00,-5693.84
2050-05-13 19:00:00,-3418.87
2050-05-13 20:00:00,-4729.53
2050-05-13 21:00:00,-6065.95
2050-05-13 22:00:00,-3101.91
2050-05-13 23:00:00,-2606.48
2050-05-14 00:00:00,-2570.64
2050-05-14 01:00:00,-3395.0
2050-05-14 02:00:00,-4093.1
2050-05-14 03:00:00,-3182.63
2050-05-14 04:00:00,-2729.6
2050-05-14 05:00:00,-1593.84
2050-05-14 06:00:00,-2494.15
2050-05-14 07:00:00,-1262.09
2050-05-14 08:00:00,-1209.17
2050-05-14 09:00:00,-1631.18
2050-05-14 10:00:00,-1680.4
2050-05-14 11:00:00,-1482.74
2050-05-14 12:00:00,-1581.72
2050-05-14 13:00:00,-1850.52
2050-05-14 14:00:00,-1284.08
2050-05-14 15:00:00,-527.21
2050-05-14 16:00:00,-465.5
2050-05-14 17:00:00,-1147.2
2050-05-14 18:00:00,-2402.4
2050-05-14 19:00:00,-2081.19
2050-05-14 20:00:00,-1522.43
2050-05-14 21:00:00,-2984.87
2050-05-14 22:00:00,-4124.11
2050-05-14 23:00:00,-3236.48
2050-05-15 00:00:00,-3858.2
2050-05-15 01:00:00,-4392.48
2050-05-15 02:00:00,-5611.25
2050-05-15 03:00:00,-8183.56
2050-05-15 04:00:00,-7748.32
2050-05-15 05:00:00,-9507.14
2050-05-15 06:00:00,-7779.45
2050-05-15 07:00:00,-6905.39
2050-05-15 08:00:00,-5236.94
2050-05-15 09:00:00,-4912.86
2050-05-15 10:00:00,-5445.81
2050-05-15 11:00:00,-8053.76
2050-05-15 12:00:00,-4841.99
2050-05-15 13:00:00,-7270.8
2050-05-15 14:00:00,-10571.31
2050-05-15 15:00:00,-13325.64
2050-05-15 16:00:00,-12178.26
2050-05-15 17:00:00,-11095.18
2050-05-15 18:00:00,-9872.11
2050-05-15 19:00:00,-9420.59
2050-05-15 20:00:00,-9672.07
2050-05-15 21:00:00,-10019.36
2050-05-15 22:00:00,-10522.81
2050-05-15 23:00:00,-10744.26
2050-05-16 00:00:00,-10607.41
2050-05-16 01:00:00,-10824.75
2050-05-16 02:00:00,-12003.64
2050-05-16 03:00:00,-11196.6
2050-05-16 04:00:00,-8455.82
2050-05-16 05:00:00,-10766.86
2050-05-16 06:00:00,-10459.61
2050-05-16 07:00:00,-8472.27
2050-05-16 08:00:00,-8123.1
2050-05-16 09:00:00,-8170.44
2050-05-16 10:00:00,-8117.35
2050-05-16 11:00:00,-9595.32
2050-05-16 12:00:00,-9070.3
2050-05-16 13:00:00,-9262.59
2050-05-16 14:00:00,-8010.89
2050-05-16 15:00:00,-8882.95
2050-05-16 16:00:00,-11545.52
2050-05-16 17:00:00,-10591.2
2050-05-16 18:00:00,-9323.16
2050-05-16 19:00:00,-9427.5
2050-05-16 20:00:00,-3898.09
2050-05-16 21:00:00,-5803.67
2050-05-16 22:00:00,-9559.26
2050-05-16 23:00:00,-9156.4
2050-05-17 00:00:00,-7497.99
2050-05-17 01:00:00,-6588.88
2050-05-17 02:00:00,-6802.35
2050-05-17 03:00:00,-5738.53
2050-05-17 04:00:00,-7916.62
2050-05-17 05:00:00,-6840.9
2050-05-17 06:00:00,-4833.78
2050-05-17 07:00:00,-4187.56
2050-05-17 08:00:00,-5274.02
2050-05-17 09:00:00,-6330.36
2050-05-17 10:00:00,-6872.26
2050-05-17 11:00:00,-6595.69
2050-05-17 12:00:00,-7372.27
2050-05-17 13:00:00,-7198.98
2050-05-17 14:00:00,-6833.96
2050-05-17 15:00:00,-4966.86
2050-05-17 16:00:00,-4202.85
2050-05-17 17:00:00,-6386.85
2050-05-17 18:00:00,-3118.87
2050-05-17 19:00:00,-3680.87
2050-05-17 20:00:00,-3743.58
2050-05-17 21:00:00,-5605.26
2050-05-17 22:00:00,-4207.32
2050-05-17 23:00:00,-3751.04
2050-05-18 00:00:00,-6130.48
2050-05-18 01:00:00,-4265.63
2050-05-18 02:00:00,-5226.83
2050-05-18 03:00:00,-3209.21
2050-05-18 04:00:00,-3485.51
2050-05-18 05:00:00,-4479.38
2050-05-18 06:00:00,-2180.53
2050-05-18 07:00:00,-6237.85
2050-05-18 08:00:00,-6603.45
2050-05-18 09:00:00,-7545.13
2050-05-18 10:00:00,-7424.17
2050-05-18 11:00:00,-6111.25
2050-05-18 12:00:00,-5838.3
2050-05-18 13:00:00,-7827.72
2050-05-18 14:00:00,-9518.03
2050-05-18 15:00:00,-10442.6
2050-05-18 16:00:00,-11260.82
2050-05-18 17:00:00,-10785.62
2050-05-18 18:00:00,-10481.79
2050-05-18 19:00:00,-9261.07
2050-05-18 20:00:00,-9396.32
2050-05-18 21:00:00,-10297.55
2050-05-18 22:00:00,-9538.0
2050-05-18 23:00:00,-9405.29
2050-05-19 00:00:00,-8997.07
2050-05-19 01:00:00,-8963.63
2050-05-19 02:00:00,-7886.57
2050-05-19 03:00:00,-7903.15
2050-05-19 04:00:00,-7030.52
2050-05-19 05:00:00,-6295.49
2050-05-19 06:00:00,-10348.84
2050-05-19 07:00:00,-7627.14
2050-05-19 08:00:00,-3767.66
2050-05-19 09:00:00,-4008.88
2050-05-19 10:00:00,-3699.73
2050-05-19 11:00:00,-3155.28
2050-05-19 12:00:00,-6254.16
2050-05-19 13:00:00,-6484.82
2050-05-19 14:00:00,-6457.16
2050-05-19 15:00:00,-4051.6
2050-05-19 16:00:00,-2768.33
2050-05-19 17:00:00,-4905.32
2050-05-19 18:00:00,-5543.01
2050-05-19 19:00:00,-8592.07
2050-05-19 20:00:00,-10348.56
2050-05-19 21:00:00,-10658.21
2050-05-19 22:00:00,-10984.48
2050-05-19 23:00:00,-11169.1
2050-05-20 00:00:00,-10833.15
2050-05-20 01:00:00,-10512.32
2050-05-20 02:00:00,-10139.77
2050-05-20 03:00:00,-9407.49
2050-05-20 04:00:00,-8477.72
2050-05-20 05:00:00,-8245.6
2050-05-20 06:00:00,-6871.99
2050-05-20 07:00:00,-6161.98
2050-05-20 08:00:00,-7679.9
2050-05-20 09:00:00,-7228.52
2050-05-20 10:00:00,-6366.06
2050-05-20 11:00:00,-5653.79
2050-05-20 12:00:00,-4783.89
2050-05-20 13:00:00,-5410.8
2050-05-20 14:00:00,-7282.46
2050-05-20 15:00:00,-7671.91
2050-05-20 16:00:00,-8250.59
2050-05-20 17:00:00,-8558.3
2050-05-20 18:00:00,-8183.25
2050-05-20 19:00:00,-2186.0
2050-05-20 20:00:00,-2640.56
2050-05-20 21:00:00,-2122.67
2050-05-20 22:00:00,-162.95
2050-05-20 23:00:00,-2275.94
2050-05-21 00:00:00,-990.64
2050-05-21 01:00:00,-1196.88
2050-05-21 02:00:00,-931.6
2050-05-21 03:00:00,-713.64
2050-05-21 04:00:00,-171.46
2050-05-21 05:00:00,1236.54
2050-05-21 06:00:00,150.29
2050-05-21 07:00:00,868.68
2050-05-21 08:00:00,-479.15
2050-05-21 09:00:00,-123.6
2050-05-21 10:00:00,-102.54
2050-05-21 11:00:00,1124.27
2050-05-21 12:00:00,1227.14
2050-05-21 13:00:00,269.89
2050-05-21 14:00:00,1685.7
2050-05-21 15:00:00,1360.13
2050-05-21 16:00:00,1437.75
2050-05-21 17:00:00,1429.62
2050-05-21 18:00:00,857.8
2050-05-21 19:00:00,-2124.83
2050-05-21 20:00:00,-5170.59
2050-05-21 21:00:00,-5325.96
2050-05-21 22:00:00,-4153.45
2050-05-21 23:00:00,-4236.6
2050-05-22 00:00:00,-3729.22
2050-05-22 01:00:00,-5457.32
2050-05-22 02:00:00,-5679.46
2050-05-22 03:00:00,-3331.68
2050-05-22 04:00:00,-3495.12
2050-05-22 05:00:00,-6335.5
2050-05-22 06:00:00,-5392.71
2050-05-22 07:00:00,-7121.17
2050-05-22 08:00:00,-5062.73
2050-05-22 09:00:00,-3579.95
2050-05-22 10:00:00,-1693.88
2050-05-22 11:00:00,-1203.95
2050-05-22 12:00:00,-1442.8
2050-05-22 13:00:00,-1384.88
2050-05-22 14:00:00,-909.15
2050-05-22 15:00:00,-2931.44
2050-05-22 16:00:00,-937.67
2050-05-22 17:00:00,-4230.92
2050-05-22 18:00:00,-4313.65
2050-05-22 19:00:00,-2522.13
2050-05-22 20:00:00,-2855.35
2050-05-22 21:00:00,-1741.24
2050-05-22 22:00:00,-3353.14
2050-05-22 23:00:00,-3471.39
2050-05-23 00:00:00,-3310.38
2050-05-23 01:00:00,-2083.93
2050-05-23 02:00:00,-3074.42
2050-05-23 03:00:00,-3477.33
2050-05-23 04:00:00,-4281.21
2050-05-23 05:00:00,-3469.3
2050-05-23 06:00:00,-3381.37
2050-05-23 07:00:00,-2391.94
2050-05-23 08:00:00,-2616.28
2050-05-23 09:00:00,-2144.35
2050-05-23 10:00:00,-2763.23
2050-05-23 11:00:00,-601.35
2050-05-23 12:00:00,439.19
2050-05-23 13:00:00,1558.15
2050-05-23 14:00:00,1842.14
2050-05-23 15:00:00,1584.77
2050-05-23 16:00:00,1101.81
2050-05-23 17:00:00,-48.32
2050-05-23 18:00:00,-411.88
2050-05-23 19:00:00,-2217.25
2050-05-23 20:00:00,-2987.83
2050-05-23 21:00:00,-1635.0
2050-05-23 22:00:00,-5668.96
2050-05-23 23:00:00,-7031.48
2050-05-24 00:00:00,-6700.88
2050-05-24 01:00:00,-5400.98
2050-05-24 02:00:00,-5404.05
2050-05-24 03:00:00,-5345.23
2050-05-24 04:00:00,-4140.3
2050-05-24 05:00:00,-3789.55
2050-05-24 06:00:00,-5293.24
2050-05-24 07:00:00,-6095.43
2050-05-24 08:00:00,-6153.06
2050-05-24 09:00:00,-2603.94
2050-05-24 10:00:00,-5293.97
2050-05-24 11:00:00,-5962.05
2050-05-24 12:00:00,-5723.0
2050-05-24 13:00:00,-6300.34
2050-05-24 14:00:00,-4399.86
2050-05-24 15:00:00,-3610.67
2050-05-24 16:00:00,-3354.26
2050-05-24 17:00:00,-4565.67
2050-05-24 18:00:00,-4207.13
2050-05-24 19:00:00,-2908.94
2050-05-24 20:00:00,-4898.46
2050-05-24 21:00:00,-7737.95
2050-05-24 22:00:00,-7580.68
2050-05-24 23:00:00,-6730.33
2050-05-25 00:00:00,-6354.9
2050-05-25 01:00:00,-6296.33
2050-05-25 02:00:00,-6888.04
2050-05-25 03:00:00,-7303.12
2050-05-25 04:00:00,-6488.18
2050-05-25 05:00:00,-6953.4
2050-05-25 06:00:00,-6319.2
2050-05-25 07:00:00,-4015.69
2050-05-25 08:00:00,-5273.57
2050-05-25 09:00:00,-5691.59
2050-05-25 10:00:00,-6877.99
2050-05-25 11:00:00,-5953.85
2050-05-25 12:00:00,-4874.67
2050-05-25 13:00:00,-6280.03
2050-05-25 14:00:00,-6652.72
2050-05-25 15:00:00,-8212.39
2050-05-25 16:00:00,-7315.77
2050-05-25 17:00:00,-6541.29
2050-05-25 18:00:00,-6423.76
2050-05-25 19:00:00,-5042.95
2050-05-25 20:00:00,-4385.41
2050-05-25 21:00:00,-5554.56
2050-05-25 22:00:00,-6207.28
2050-05-25 23:00:00,-6747.32
2050-05-26 00:00:00,-6031.36
2050-05-26 01:00:00,-8708.0
2050-05-26 02:00:00,-7931.36
2050-05-26 03:00:00,-6347.79
2050-05-26 04:00:00,-6440.34
2050-05-26 05:00:00,-8130.42
2050-05-26 06:00:00,-7564.5
2050-05-26 07:00:00,-4857.46
2050-05-26 08:00:00,-4574.12
2050-05-26 09:00:00,-4094.39
2050-05-26 10:00:00,-5179.15
2050-05-26 11:00:00,-5861.39
2050-05-26 12:00:00,-4931.2
2050-05-26 13:00:00,-5883.5
2050-05-26 14:00:00,-9532.29
2050-05-26 15:00:00,-8974.63
2050-05-26 16:00:00,-7827.21
2050-05-26 17:00:00,-5885.23
2050-05-26 18:00:00,-9010.16
2050-05-26 19:00:00,-6321.23
2050-05-26 20:00:00,-4919.13
2050-05-26 21:00:00,-5943.67
2050-05-26 22:00:00,-4351.59
2050-05-26 23:00:00,-8872.47
2050-05-27 00:00:00,-6930.1
2050-05-27 01:00:00,-5231.5
2050-05-27 02:00:00,-6894.12
2050-05-27 03:00:00,-10605.81
2050-05-27 04:00:00,-7003.89
2050-05-27 05:00:00,-6593.08
2050-05-27 06:00:00,-6896.56
2050-05-27 07:00:00,-4485.14
2050-05-27 08:00:00,-4012.0
2050-05-27 09:00:00,-3927.71
2050-05-27 10:00:00,-4165.03
2050-05-27 11:00:00,-4976.6
2050-05-27 12:00:00,-5079.27
2050-05-27 13:00:00,-5377.17
2050-05-27 14:00:00,-5666.07
2050-05-27 15:00:00,-6927.05
2050-05-27 16:00:00,-6137.52
2050-05-27 17:00:00,-7482.11
2050-05-27 18:00:00,-5863.93
2050-05-27 19:00:00,-8485.88
2050-05-27 20:00:00,-8373.27
2050-05-27 21:00:00,-8766.24
2050-05-27 22:00:00,-8742.85
2050-05-27 23:00:00,-7348.13
2050-05-28 00:00:00,-8764.41
2050-05-28 01:00:00,-11027.34
2050-05-28 02:00:00,-9454.08
2050-05-28 03:00:00,-6211.37
2050-05-28 04:00:00,-4814.71
2050-05-28 05:00:00,-4256.03
2050-05-28 06:00:00,-3915.44
2050-05-28 07:00:00,-6307.57
2050-05-28 08:00:00,-5073.48
2050-05-28 09:00:00,-7151.09
2050-05-28 10:00:00,-6796.49
2050-05-28 11:00:00,-6870.63
2050-05-28 12:00:00,-7592.53
2050-05-28 13:00:00,-6718.88
2050-05-28 14:00:00,-6788.96
2050-05-28 15:00:00,-11649.69
2050-05-28 16:00:00,-10707.65
2050-05-28 17:00:00,-10121.32
2050-05-28 18:00:00,-9795.68
2050-05-28 19:00:00,-9828.96
2050-05-28 20:00:00,-9931.75
2050-05-28 21:00:00,-10354.94
2050-05-28 22:00:00,-10787.45
2050-05-28 23:00:00,-11228.59
2050-05-29 00:00:00,-11416.38
2050-05-29 01:00:00,-9451.72
2050-05-29 02:00:00,-11990.38
2050-05-29 03:00:00,-8177.32
2050-05-29 04:00:00,-8245.24
2050-05-29 05:00:00,-6617.84
2050-05-29 06:00:00,-4552.34
2050-05-29 07:00:00,-7170.59
2050-05-29 08:00:00,-7496.72
2050-05-29 09:00:00,-8299.4
2050-05-29 10:00:00,-9157.06
2050-05-29 11:00:00,-8755.78
2050-05-29 12:00:00,-5905.68
2050-05-29 13:00:00,-5152.69
2050-05-29 14:00:00,-6006.57
2050-05-29 15:00:00,-7583.91
2050-05-29 16:00:00,-8169.74
2050-05-29 17:00:00,-7876.14
2050-05-29 18:00:00,-9279.94
2050-05-29 19:00:00,-5168.59
2050-05-29 20:00:00,-5537.36
2050-05-29 21:00:00,-5125.27
2050-05-29 22:00:00,-5031.16
2050-05-29 23:00:00,-6706.6
2050-05-30 00:00:00,-5612.35
2050-05-30 01:00:00,-5688.53
2050-05-30 02:00:00,-6189.66
2050-05-30 03:00:00,-5634.15
2050-05-30 04:00:00,-6542.14
2050-05-30 05:00:00,-7452.1
2050-05-30 06:00:00,-6018.52
2050-05-30 07:00:00,-5246.76
2050-05-30 08:00:00,-5037.14
2050-05-30 09:00:00,-5871.48
2050-05-30 10:00:00,-6644.58
2050-05-30 11:00:00,-6643.58
2050-05-30 12:00:00,-7786.77
2050-05-30 13:00:00,-9372.97
2050-05-30 14:00:00,-11245.23
2050-05-30 15:00:00,-10945.87
2050-05-30 16:00:00,-9832.97
2050-05-30 17:00:00,-5697.55
2050-05-30 18:00:00,-6468.35
2050-05-30 19:00:00,-6214.51
2050-05-30 20:00:00,-6149.11
2050-05-30 21:00:00,-8003.3
2050-05-30 22:00:00,-4925.18
2050-05-30 23:00:00,-5945.49
2050-05-31 00:00:00,-5610.26
2050-05-31 01:00:00,-4836.88
2050-05-31 02:00:00,-5496.34
2050-05-31 03:00:00,-6460.04
2050-05-31 04:00:00,-5590.59
2050-05-31 05:00:00,-8787.7
2050-05-31 06:00:00,-5852.46
2050-05-31 07:00:00,-5552.26
2050-05-31 08:00:00,-3308.19
2050-05-31 09:00:00,-3310.93
2050-05-31 10:00:00,-3817.24
2050-05-31 11:00:00,-4878.5
2050-05-31 12:00:00,-4292.21
2050-05-31 13:00:00,-2846.05
2050-05-31 14:00:00,-1593.32
2050-05-31 15:00:00,-2504.94
2050-05-31 16:00:00,-1101.05
2050-05-31 17:00:00,-2372.93
2050-05-31 18:00:00,-3290.48
2050-05-31 19:00:00,-4243.82
2050-05-31 20:00:00,-4440.19
2050-05-31 21:00:00,-5152.71
2050-05-31 22:00:00,-6316.34
2050-05-31 23:00:00,-3529.09
2050-06-01 00:00:00,-4423.92
2050-06-01 01:00:00,-3849.05
2050-06-01 02:00:00,-685.39
2050-06-01 03:00:00,-729.66
2050-06-01 04:00:00,-594.16
2050-06-01 05:00:00,-559.73
2050-06-01 06:00:00,81.84
2050-06-01 07:00:00,-1304.34
2050-06-01 08:00:00,-496.24
2050-06-01 09:00:00,-539.26
2050-06-01 10:00:00,17.51
2050-06-01 11:00:00,117.78
2050-06-01 12:00:00,684.59
2050-06-01 13:00:00,1993.75
2050-06-01 14:00:00,1118.47
2050-06-01 15:00:00,1821.49
2050-06-01 16:00:00,-286.5
2050-06-01 17:00:00,-1752.27
2050-06-01 18:00:00,-1012.24
2050-06-01 19:00:00,-793.42
2050-06-01 20:00:00,-713.86
2050-06-01 21:00:00,826.82
2050-06-01 22:00:00,1283.27
2050-06-01 23:00:00,1654.32
2050-06-02 00:00:00,-446.59
2050-06-02 01:00:00,-891.64
2050-06-02 02:00:00,-1253.97
2050-06-02 03:00:00,-1241.14
2050-06-02 04:00:00,208.67
2050-06-02 05:00:00,-53.49
2050-06-02 06:00:00,-178.81
2050-06-02 07:00:00,293.55
2050-06-02 08:00:00,821.11
2050-06-02 09:00:00,2542.17
2050-06-02 10:00:00,-68.8
2050-06-02 11:00:00,-433.61
2050-06-02 12:00:00,-1314.58
2050-06-02 13:00:00,-1309.65
2050-06-02 14:00:00,-880.8
2050-06-02 15:00:00,-1821.04
2050-06-02 16:00:00,-2998.37
2050-06-02 17:00:00,-1833.0
2050-06-02 18:00:00,64.9
2050-06-02 19:00:00,610.49
2050-06-02 20:00:00,1226.42
2050-06-02 21:00:00,-1649.69
2050-06-02 22:00:00,1469.6
2050-06-02 23:00:00,-285.76
2050-06-03 00:00:00,340.65
2050-06-03 01:00:00,-1190.62
2050-06-03 02:00:00,-3365.99
2050-06-03 03:00:00,-1526.68
2050-06-03 04:00:00,-1416.82
2050-06-03 05:00:00,-3972.57
2050-06-03 06:00:00,-5812.91
2050-06-03 07:00:00,-5826.85
2050-06-03 08:00:00,-7393.09
2050-06-03 09:00:00,-7663.45
2050-06-03 10:00:00,-6776.64
2050-06-03 11:00:00,-6265.43
2050-06-03 12:00:00,-6974.12
2050-06-03 13:00:00,-4634.08
2050-06-03 14:00:00,-2953.34
2050-06-03 15:00:00,-4866.07
2050-06-03 16:00:00,-5707.14
2050-06-03 17:00:00,-3701.61
2050-06-03 18:00:00,-3744.94
2050-06-03 19:00:00,-3083.65
2050-06-03 20:00:00,-4443.52
2050-06-03 21:00:00,-5624.11
2050-06-03 22:00:00,-5659.28
2050-06-03 23:00:00,-3280.49
2050-06-04 00:00:00,-3950.06
2050-06-04 01:00:00,-4255.5
2050-06-04 02:00:00,-3793.27
2050-06-04 03:00:00,-3181.52
2050-06-04 04:00:00,-2550.82
2050-06-04 05:00:00,-2042.88
2050-06-04 06:00:00,-2022.71
2050-06-04 07:00:00,-1147.94
2050-06-04 08:00:00,-775.63
2050-06-04 09:00:00,766.28
2050-06-04 10:00:00,582.14
2050-06-04 11:00:00,1004.69
2050-06-04 12:00:00,1651.09
2050-06-04 13:00:00,235.79
2050-06-04 14:00:00,897.68
2050-06-04 15:00:00,-400.6
2050-06-04 16:00:00,-166.61
2050-06-04 17:00:00,-2902.75
2050-06-04 18:00:00,74.56
2050-06-04 19:00:00,-1250.69
2050-06-04 20:00:00,-2423.1
2050-06-04 21:00:00,-3001.03
2050-06-04 22:00:00,-1211.12
2050-06-04 23:00:00,-2973.82
2050-06-05 00:00:00,-2657.12
2050-06-05 01:00:00,-2223.94
2050-06-05 02:00:00,-3500.16
2050-06-05 03:00:00,-2318.14
2050-06-05 04:00:00,-3940.76
2050-06-05 05:00:00,-3159.11
2050-06-05 06:00:00,-6252.96
2050-06-05 07:00:00,-5194.77
2050-06-05 08:00:00,-4314.84
2050-06-05 09:00:00,-5566.61
2050-06-05 10:00:00,-5799.54
2050-06-05 11:00:00,-2412.63
2050-06-05 12:00:00,-1935.85
2050-06-05 13:00:00,-1390.35
2050-06-05 14:00:00,-1411.23
2050-06-05 15:00:00,-2063.1
2050-06-05 16:00:00,-1145.66
2050-06-05 17:00:00,-3845.68
2050-06-05 18:00:00,-4293.64
2050-06-05 19:00:00,-3051.69
2050-06-05 20:00:00,-2734.73
2050-06-05 21:00:00,-4047.58
2050-06-05 22:00:00,-4207.78
2050-06-05 23:00:00,-2677.77
2050-06-06 00:00:00,-2640.67
2050-06-06 01:00:00,-4316.56
2050-06-06 02:00:00,-4994.97
2050-06-06 03:00:00,-2902.43
2050-06-06 04:00:00,-1291.45
2050-06-06 05:00:00,-3489.83
2050-06-06 06:00:00,-5063.16
2050-06-06 07:00:00,-5016.59
2050-06-06 08:00:00,-4658.8
2050-06-06 09:00:00,-1325.87
2050-06-06 10:00:00,107.79
2050-06-06 11:00:00,1002.17
2050-06-06 12:00:00,2066.28
2050-06-06 13:00:00,-67.6
2050-06-06 14:00:00,-2957.56
2050-06-06 15:00:00,-4584.15
2050-06-06 16:00:00,-6290.91
2050-06-06 17:00:00,-1884.45
2050-06-06 18:00:00,-4282.37
2050-06-06 19:00:00,-3177.15
2050-06-06 20:00:00,-3807.32
2050-06-06 21:00:00,-4122.79
2050-06-06 22:00:00,-4580.8
2050-06-06 23:00:00,-5258.33
2050-06-07 00:00:00,-4299.5
2050-06-07 01:00:00,-4035.12
2050-06-07 02:00:00,-3105.02
2050-06-07 03:00:00,-3542.65
2050-06-07 04:00:00,-3268.78
2050-06-07 05:00:00,-4127.89
2050-06-07 06:00:00,-4784.9
2050-06-07 07:00:00,-4045.16
2050-06-07 08:00:00,-4016.5
2050-06-07 09:00:00,-3939.69
2050-06-07 10:00:00,-4832.44
2050-06-07 11:00:00,-5352.22
2050-06-07 12:00:00,-2468.82
2050-06-07 13:00:00,-616.39
2050-06-07 14:00:00,-2943.96
2050-06-07 15:00:00,-3543.27
2050-06-07 16:00:00,-2434.75
2050-06-07 17:00:00,-284.98
2050-06-07 18:00:00,-180.4
2050-06-07 19:00:00,624.89
2050-06-07 20:00:00,-585.19
2050-06-07 21:00:00,-643.97
2050-06-07 22:00:00,-1722.46
2050-06-07 23:00:00,-2550.89
2050-06-08 00:00:00,-2542.04
2050-06-08 01:00:00,-3005.6
2050-06-08 02:00:00,-1569.77
2050-06-08 03:00:00,-1207.97
2050-06-08 04:00:00,-2084.64
2050-06-08 05:00:00,-4335.61
2050-06-08 06:00:00,-3044.28
2050-06-08 07:00:00,-3756.12
2050-06-08 08:00:00,-2955.69
2050-06-08 09:00:00,-3292.08
2050-06-08 10:00:00,-3800.32
2050-06-08 11:00:00,-3774.58
2050-06-08 12:00:00,-2835.29
2050-06-08 13:00:00,-5387.82
2050-06-08 14:00:00,-6969.21
2050-06-08 15:00:00,-8366.96
2050-06-08 16:00:00,-10676.24
2050-06-08 17:00:00,-9402.97
2050-06-08 18:00:00,-6332.44
2050-06-08 19:00:00,-7233.99
2050-06-08 20:00:00,-8401.95
2050-06-08 21:00:00,-9172.94
2050-06-08 22:00:00,-5339.19
2050-06-08 23:00:00,-6531.05
2050-06-09 00:00:00,-5826.64
2050-06-09 01:00:00,-5599.15
2050-06-09 02:00:00,-5778.19
2050-06-09 03:00:00,-4876.73
2050-06-09 04:00:00,-4563.61
2050-06-09 05:00:00,-7828.82
2050-06-09 06:00:00,-9476.3
2050-06-09 07:00:00,-6897.12
2050-06-09 08:00:00,-6072.5
2050-06-09 09:00:00,-4882.86
2050-06-09 10:00:00,-4708.49
2050-06-09 11:00:00,-5760.08
2050-06-09 12:00:00,-4365.47
2050-06-09 13:00:00,-5129.84
2050-06-09 14:00:00,-5272.0
2050-06-09 15:00:00,-9823.95
2050-06-09 16:00:00,-9780.73
2050-06-09 17:00:00,-6312.62
2050-06-09 18:00:00,-6189.52
2050-06-09 19:00:00,-6716.17
2050-06-09 20:00:00,-5538.11
2050-06-09 21:00:00,-5191.0
2050-06-09 22:00:00,-5416.47
2050-06-09 23:00:00,-6274.69
2050-06-10 00:00:00,-6743.47
2050-06-10 01:00:00,-6112.82
2050-06-10 02:00:00,-6345.35
2050-06-10 03:00:00,-5904.2
2050-06-10 04:00:00,-4787.63
2050-06-10 05:00:00,-2823.9
2050-06-10 06:00:00,-2550.43
2050-06-10 07:00:00,-2897.78
2050-06-10 08:00:00,-4700.7
2050-06-10 09:00:00,-6209.6
2050-06-10 10:00:00,-5611.86
2050-06-10 11:00:00,-4675.87
2050-06-10 12:00:00,-2988.48
2050-06-10 13:00:00,-3108.84
2050-06-10 14:00:00,-5515.87
2050-06-10 15:00:00,-8777.35
2050-06-10 16:00:00,-9762.74
2050-06-10 17:00:00,-9378.55
2050-06-10 18:00:00,-8151.67
2050-06-10 19:00:00,-8573.6
2050-06-10 20:00:00,-8440.55
2050-06-10 21:00:00,-7824.32
2050-06-10 22:00:00,-6217.22
2050-06-10 23:00:00,-6464.4
2050-06-11 00:00:00,-6865.23
2050-06-11 01:00:00,-8532.43
2050-06-11 02:00:00,-9426.13
2050-06-11 03:00:00,-7914.52
2050-06-11 04:00:00,-7603.19
2050-06-11 05:00:00,-10175.9
2050-06-11 06:00:00,-8066.45
2050-06-11 07:00:00,-7232.54
2050-06-11 08:00:00,-8294.41
2050-06-11 09:00:00,-6983.02
2050-06-11 10:00:00,-7833.01
2050-06-11 11:00:00,-10377.79
2050-06-11 12:00:00,-11922.22
2050-06-11 13:00:00,-13105.16
2050-06-11 14:00:00,-12987.82
2050-06-11 15:00:00,-13063.25
2050-06-11 16:00:00,-12587.98
2050-06-11 17:00:00,-11394.72
2050-06-11 18:00:00,-10337.96
2050-06-11 19:00:00,-9979.95
2050-06-11 20:00:00,-9953.88
2050-06-11 21:00:00,-9505.91
2050-06-11 22:00:00,-10043.51
2050-06-11 23:00:00,-10005.65
2050-06-12 00:00:00,-7807.92
2050-06-12 01:00:00,-5970.41
2050-06-12 02:00:00,-5540.43
2050-06-12 03:00:00,-4937.76
2050-06-12 04:00:00,-4756.99
2050-06-12 05:00:00,-4783.15
2050-06-12 06:00:00,-4103.25
2050-06-12 07:00:00,-5004.44
2050-06-12 08:00:00,-4294.91
2050-06-12 09:00:00,-1493.87
2050-06-12 10:00:00,-1265.98
2050-06-12 11:00:00,-1407.75
2050-06-12 12:00:00,-1966.47
2050-06-12 13:00:00,-1844.73
2050-06-12 14:00:00,-3283.3
2050-06-12 15:00:00,-8043.07
2050-06-12 16:00:00,-7234.41
2050-06-12 17:00:00,-6972.53
2050-06-12 18:00:00,-4295.39
2050-06-12 19:00:00,-7414.22
2050-06-12 20:00:00,-8677.08
2050-06-12 21:00:00,-5228.95
2050-06-12 22:00:00,-5562.55
2050-06-12 23:00:00,-5212.64
2050-06-13 00:00:00,-6392.12
2050-06-13 01:00:00,-9627.12
2050-06-13 02:00:00,-8948.56
2050-06-13 03:00:00,-8004.28
2050-06-13 04:00:00,-7573.07
2050-06-13 05:00:00,-6550.7
2050-06-13 06:00:00,-6858.73
2050-06-13 07:00:00,-5925.04
2050-06-13 08:00:00,-4565.68
2050-06-13 09:00:00,-3738.35
2050-06-13 10:00:00,-2522.22
2050-06-13 11:00:00,-3870.42
2050-06-13 12:00:00,-1870.91
2050-06-13 13:00:00,-2161.38
2050-06-13 14:00:00,-2867.2
2050-06-13 15:00:00,-1484.59
2050-06-13 16:00:00,389.84
2050-06-13 17:00:00,-298.85
2050-06-13 18:00:00,1356.74
2050-06-13 19:00:00,229.4
2050-06-13 20:00:00,1783.33
2050-06-13 21:00:00,905.04
2050-06-13 22:00:00,-1423.71
2050-06-13 23:00:00,-3226.99
2050-06-14 00:00:00,-2928.07
2050-06-14 01:00:00,-2241.95
2050-06-14 02:00:00,-5554.64
2050-06-14 03:00:00,-6386.93
2050-06-14 04:00:00,-7746.96
2050-06-14 05:00:00,-12666.15
2050-06-14 06:00:00,-9630.41
2050-06-14 07:00:00,-8192.38
2050-06-14 08:00:00,-5562.08
2050-06-14 09:00:00,-1977.86
2050-06-14 10:00:00,-2773.8
2050-06-14 11:00:00,-877.95
2050-06-14 12:00:00,-1341.35
2050-06-14 13:00:00,-1570.46
2050-06-14 14:00:00,6.19
2050-06-14 15:00:00,-399.38
2050-06-14 16:00:00,-1047.31
2050-06-14 17:00:00,-3520.35
2050-06-14 18:00:00,-2810.18
2050-06-14 19:00:00,-2561.51
2050-06-14 20:00:00,-2978.97
2050-06-14 21:00:00,568.85
2050-06-14 22:00:00,-4727.45
2050-06-14 23:00:00,-4501.56
2050-06-15 00:00:00,-2146.22
2050-06-15 01:00:00,-2270.7
2050-06-15 02:00:00,-5536.29
2050-06-15 03:00:00,-3298.54
2050-06-15 04:00:00,-2835.64
2050-06-15 05:00:00,-4602.56
2050-06-15 06:00:00,-5222.86
2050-06-15 07:00:00,-4990.93
2050-06-15 08:00:00,-3609.68
2050-06-15 09:00:00,-3320.14
2050-06-15 10:00:00,-3067.73
2050-06-15 11:00:00,-1997.89
2050-06-15 12:00:00,-1445.16
2050-06-15 13:00:00,-2394.29
2050-06-15 14:00:00,-2886.6
2050-06-15 15:00:00,-2647.76
2050-06-15 16:00:00,-2447.23
2050-06-15 17:00:00,-2188.74
2050-06-15 18:00:00,-1939.43
2050-06-15 19:00:00,-2106.4
2050-06-15 20:00:00,-3608.41
2050-06-15 21:00:00,-4152.05
2050-06-15 22:00:00,-4661.32
2050-06-15 23:00:00,-2879.87
2050-06-16 00:00:00,-2287.88
2050-06-16 01:00:00,-1373.98
2050-06-16 02:00:00,-2341.93
2050-06-16 03:00:00,-2114.91
2050-06-16 04:00:00,-1043.51
2050-06-16 05:00:00,-3564.61
2050-06-16 06:00:00,-2757.7
2050-06-16 07:00:00,-3608.77
2050-06-16 08:00:00,-3566.92
2050-06-16 09:00:00,-3146.23
2050-06-16 10:00:00,-3723.4
2050-06-16 11:00:00,-3309.02
2050-06-16 12:00:00,-3235.82
2050-06-16 13:00:00,-3788.77
2050-06-16 14:00:00,-2812.09
2050-06-16 15:00:00,-1194.94
2050-06-16 16:00:00,-2243.54
2050-06-16 17:00:00,-2833.15
2050-06-16 18:00:00,310.71
2050-06-16 19:00:00,188.63
2050-06-16 20:00:00,-107.22
2050-06-16 21:00:00,-934.69
2050-06-16 22:00:00,-2338.09
2050-06-16 23:00:00,-2742.2
2050-06-17 00:00:00,-1153.59
2050-06-17 01:00:00,336.92
2050-06-17 02:00:00,778.69
2050-06-17 03:00:00,740.84
2050-06-17 04:00:00,262.62
2050-06-17 05:00:00,-1813.59
2050-06-17 06:00:00,-2020.24
2050-06-17 07:00:00,-960.16
2050-06-17 08:00:00,-1739.04
2050-06-17 09:00:00,-1276.76
2050-06-17 10:00:00,-1673.33
2050-06-17 11:00:00,-2837.69
2050-06-17 12:00:00,-3097.32
2050-06-17 13:00:00,-2519.9
2050-06-17 14:00:00,-331.89
2050-06-17 15:00:00,892.7
2050-06-17 16:00:00,625.42
2050-06-17 17:00:00,-2793.25
2050-06-17 18:00:00,-1393.38
2050-06-17 19:00:00,171.63
2050-06-17 20:00:00,-415.42
2050-06-17 21:00:00,26.82
2050-06-17 22:00:00,-2234.72
2050-06-17 23:00:00,-709.71
2050-06-18 00:00:00,-990.73
2050-06-18 01:00:00,-430.31
2050-06-18 02:00:00,-506.21
2050-06-18 03:00:00,-1930.55
2050-06-18 04:00:00,-1836.75
2050-06-18 05:00:00,-1607.68
2050-06-18 06:00:00,-4227.3
2050-06-18 07:00:00,-3466.7
2050-06-18 08:00:00,-2885.23
2050-06-18 09:00:00,-3533.59
2050-06-18 10:00:00,-5091.02
2050-06-18 11:00:00,-6075.6
2050-06-18 12:00:00,-7286.2
2050-06-18 13:00:00,-7787.19
2050-06-18 14:00:00,-5327.1
2050-06-18 15:00:00,-6969.96
2050-06-18 16:00:00,-7835.45
2050-06-18 17:00:00,-8420.94
2050-06-18 18:00:00,-7072.65
2050-06-18 19:00:00,-7004.16
2050-06-18 20:00:00,-5573.23
2050-06-18 21:00:00,-4414.91
2050-06-18 22:00:00,-3532.74
2050-06-18 23:00:00,-3603.9
2050-06-19 00:00:00,-4111.54
2050-06-19 01:00:00,-5851.15
2050-06-19 02:00:00,-6154.23
2050-06-19 03:00:00,-4105.71
2050-06-19 04:00:00,-5286.05
2050-06-19 05:00:00,-3712.69
2050-06-19 06:00:00,-6017.9
2050-06-19 07:00:00,-5807.83
2050-06-19 08:00:00,-4243.71
2050-06-19 09:00:00,-3599.32
2050-06-19 10:00:00,-2239.03
2050-06-19 11:00:00,-2007.82
2050-06-19 12:00:00,-1281.82
2050-06-19 13:00:00,-3268.33
2050-06-19 14:00:00,-3953.16
2050-06-19 15:00:00,-4988.51
2050-06-19 16:00:00,-4605.23
2050-06-19 17:00:00,-4571.2
2050-06-19 18:00:00,-3097.6
2050-06-19 19:00:00,1024.57
2050-06-19 20:00:00,-3729.79
2050-06-19 21:00:00,361.46
2050-06-19 22:00:00,-570.12
2050-06-19 23:00:00,1912.09
2050-06-20 00:00:00,798.24
2050-06-20 01:00:00,-2948.67
2050-06-20 02:00:00,-4838.69
2050-06-20 03:00:00,-3838.11
2050-06-20 04:00:00,-2993.64
2050-06-20 05:00:00,-4157.0
2050-06-20 06:00:00,-3921.01
2050-06-20 07:00:00,-3816.44
2050-06-20 08:00:00,-2869.96
2050-06-20 09:00:00,-2959.54
2050-06-20 10:00:00,-3851.32
2050-06-20 11:00:00,-3179.48
2050-06-20 12:00:00,-2958.73
2050-06-20 13:00:00,-2596.21
2050-06-20 14:00:00,-2373.01
2050-06-20 15:00:00,-3171.45
2050-06-20 16:00:00,-2876.61
2050-06-20 17:00:00,-2678.61
2050-06-20 18:00:00,-4757.55
2050-06-20 19:00:00,-4576.52
2050-06-20 20:00:00,-3754.24
2050-06-20 21:00:00,-7372.16
2050-06-20 22:00:00,-6719.23
2050-06-20 23:00:00,-8076.02
2050-06-21 00:00:00,-9142.26
2050-06-21 01:00:00,-10525.67
2050-06-21 02:00:00,-11383.72
2050-06-21 03:00:00,-9769.99
2050-06-21 04:00:00,-7346.99
2050-06-21 05:00:00,-9643.36
2050-06-21 06:00:00,-7948.01
2050-06-21 07:00:00,-6027.77
2050-06-21 08:00:00,-3931.08
2050-06-21 09:00:00,-4800.78
2050-06-21 10:00:00,-4670.27
2050-06-21 11:00:00,-4008.76
2050-06-21 12:00:00,-3043.91
2050-06-21 13:00:00,-797.62
2050-06-21 14:00:00,-2115.66
2050-06-21 15:00:00,-2697.41
2050-06-21 16:00:00,-3184.81
2050-06-21 17:00:00,-2793.59
2050-06-21 18:00:00,363.26
2050-06-21 19:00:00,-1054.36
2050-06-21 20:00:00,-1996.49
2050-06-21 21:00:00,-4675.11
2050-06-21 22:00:00,-5765.11
2050-06-21 23:00:00,-4582.14
2050-06-22 00:00:00,-4681.76
2050-06-22 01:00:00,-5979.57
2050-06-22 02:00:00,-4603.43
2050-06-22 03:00:00,-5592.78
2050-06-22 04:00:00,-3449.33
2050-06-22 05:00:00,-6833.4
2050-06-22 06:00:00,-5092.57
2050-06-22 07:00:00,-6504.27
2050-06-22 08:00:00,-4569.84
2050-06-22 09:00:00,-5480.91
2050-06-22 10:00:00,-6254.88
2050-06-22 11:00:00,-4748.49
2050-06-22 12:00:00,-4966.35
2050-06-22 13:00:00,-2686.9
2050-06-22 14:00:00,-2102.92
2050-06-22 15:00:00,-2457.64
2050-06-22 16:00:00,-4620.33
2050-06-22 17:00:00,-3459.36
2050-06-22 18:00:00,-4008.82
2050-06-22 19:00:00,-3988.87
2050-06-22 20:00:00,-4713.67
2050-06-22 21:00:00,-5206.38
2050-06-22 22:00:00,-5987.78
2050-06-22 23:00:00,-5541.55
2050-06-23 00:00:00,-5782.79
2050-06-23 01:00:00,-6606.54
2050-06-23 02:00:00,-8539.99
2050-06-23 03:00:00,-9043.29
2050-06-23 04:00:00,-6016.36
2050-06-23 05:00:00,-7171.99
2050-06-23 06:00:00,-8009.49
2050-06-23 07:00:00,-7022.54
2050-06-23 08:00:00,-6144.75
2050-06-23 09:00:00,-7068.87
2050-06-23 10:00:00,-6377.73
2050-06-23 11:00:00,-5012.68
2050-06-23 12:00:00,-4422.27
2050-06-23 13:00:00,-3951.09
2050-06-23 14:00:00,-4434.22
2050-06-23 15:00:00,-4673.59
2050-06-23 16:00:00,-4409.25
2050-06-23 17:00:00,-4893.37
2050-06-23 18:00:00,-5717.86
2050-06-23 19:00:00,-4970.76
2050-06-23 20:00:00,-2482.97
2050-06-23 21:00:00,-727.17
2050-06-23 22:00:00,-1345.42
2050-06-23 23:00:00,-1814.92
2050-06-24 00:00:00,-3776.82
2050-06-24 01:00:00,-4075.37
2050-06-24 02:00:00,-3696.75
2050-06-24 03:00:00,-3158.44
2050-06-24 04:00:00,-2305.29
2050-06-24 05:00:00,-5230.09
2050-06-24 06:00:00,-4010.25
2050-06-24 07:00:00,-2984.08
2050-06-24 08:00:00,-570.61
2050-06-24 09:00:00,-1129.0
2050-06-24 10:00:00,-538.41
2050-06-24 11:00:00,-247.88
2050-06-24 12:00:00,-739.46
2050-06-24 13:00:00,-1701.75
2050-06-24 14:00:00,-959.13
2050-06-24 15:00:00,160.83
2050-06-24 16:00:00,-1017.33
2050-06-24 17:00:00,-740.14
2050-06-24 18:00:00,-2830.6
2050-06-24 19:00:00,-1796.88
2050-06-24 20:00:00,-3846.33
2050-06-24 21:00:00,-3720.4
2050-06-24 22:00:00,-3410.17
2050-06-24 23:00:00,-1106.2
2050-06-25 00:00:00,-2125.16
2050-06-25 01:00:00,-2936.48
2050-06-25 02:00:00,-1893.03
2050-06-25 03:00:00,-2455.92
2050-06-25 04:00:00,-2296.36
2050-06-25 05:00:00,-1251.4
2050-06-25 06:00:00,-1013.98
2050-06-25 07:00:00,-195.64
2050-06-25 08:00:00,1699.06
2050-06-25 09:00:00,1943.85
2050-06-25 10:00:00,2469.08
2050-06-25 11:00:00,1582.88
2050-06-25 12:00:00,926.12
2050-06-25 13:00:00,278.91
2050-06-25 14:00:00,531.9
2050-06-25 15:00:00,334.46
2050-06-25 16:00:00,1196.85
2050-06-25 17:00:00,2024.08
2050-06-25 18:00:00,2918.21
2050-06-25 19:00:00,2220.81
2050-06-25 20:00:00,1952.27
2050-06-25 21:00:00,1136.03
2050-06-25 22:00:00,1697.78
2050-06-25 23:00:00,-96.67
2050-06-26 00:00:00,1552.75
2050-06-26 01:00:00,1673.91
2050-06-26 02:00:00,1524.11
2050-06-26 03:00:00,949.36
2050-06-26 04:00:00,976.74
2050-06-26 05:00:00,-1103.38
2050-06-26 06:00:00,-498.16
2050-06-26 07:00:00,16.67
2050-06-26 08:00:00,139.78
2050-06-26 09:00:00,1446.73
2050-06-26 10:00:00,1964.95
2050-06-26 11:00:00,244.36
2050-06-26 12:00:00,-18.88
2050-06-26 13:00:00,-294.22
2050-06-26 14:00:00,-127.72
2050-06-26 15:00:00,-2618.21
2050-06-26 16:00:00,-4676.24
2050-06-26 17:00:00,-5986.68
2050-06-26 18:00:00,-4406.68
2050-06-26 19:00:00,-4322.32
2050-06-26 20:00:00,-3861.99
2050-06-26 21:00:00,-4664.83
2050-06-26 22:00:00,-4214.55
2050-06-26 23:00:00,-5134.06
2050-06-27 00:00:00,-5733.85
2050-06-27 01:00:00,-6324.94
2050-06-27 02:00:00,-5966.59
2050-06-27 03:00:00,-5005.69
2050-06-27 04:00:00,-1920.18
2050-06-27 05:00:00,-6713.78
2050-06-27 06:00:00,-9467.09
2050-06-27 07:00:00,-8193.3
2050-06-27 08:00:00,-7836.5
2050-06-27 09:00:00,-6036.19
2050-06-27 10:00:00,-6288.5
2050-06-27 11:00:00,-6391.34
2050-06-27 12:00:00,-6917.05
2050-06-27 13:00:00,-6524.13
2050-06-27 14:00:00,-7372.65
2050-06-27 15:00:00,-5197.59
2050-06-27 16:00:00,-7023.52
2050-06-27 17:00:00,-5823.53
2050-06-27 18:00:00,-4693.96
2050-06-27 19:00:00,-5388.09
2050-06-27 20:00:00,-5610.71
2050-06-27 21:00:00,-5881.59
2050-06-27 22:00:00,-4440.95
2050-06-27 23:00:00,-4048.73
2050-06-28 00:00:00,-6597.84
2050-06-28 01:00:00,-6670.68
2050-06-28 02:00:00,-7051.78
2050-06-28 03:00:00,-7467.02
2050-06-28 04:00:00,-3690.03
2050-06-28 05:00:00,-4376.95
2050-06-28 06:00:00,-3206.28
2050-06-28 07:00:00,-1264.6
2050-06-28 08:00:00,-3027.6
2050-06-28 09:00:00,-1413.47
2050-06-28 10:00:00,-2041.64
2050-06-28 11:00:00,-1261.52
2050-06-28 12:00:00,26.33
2050-06-28 13:00:00,-492.0
2050-06-28 14:00:00,334.32
2050-06-28 15:00:00,790.34
2050-06-28 16:00:00,-372.14
2050-06-28 17:00:00,-338.76
2050-06-28 18:00:00,-2081.25
2050-06-28 19:00:00,-1711.75
2050-06-28 20:00:00,-2262.92
2050-06-28 21:00:00,-95.42
2050-06-28 22:00:00,-100.22
2050-06-28 23:00:00,-1988.73
2050-06-29 00:00:00,-5324.35
2050-06-29 01:00:00,-5097.58
2050-06-29 02:00:00,-6290.02
2050-06-29 03:00:00,-5748.24
2050-06-29 04:00:00,-4529.31
2050-06-29 05:00:00,-2380.33
2050-06-29 06:00:00,-2692.08
2050-06-29 07:00:00,-1931.94
2050-06-29 08:00:00,-1908.34
2050-06-29 09:00:00,-1968.09
2050-06-29 10:00:00,-1646.64
2050-06-29 11:00:00,-1029.53
2050-06-29 12:00:00,-56.46
2050-06-29 13:00:00,321.49
2050-06-29 14:00:00,-1164.09
2050-06-29 15:00:00,-1831.08
2050-06-29 16:00:00,-2784.48
2050-06-29 17:00:00,-4146.87
2050-06-29 18:00:00,-5460.11
2050-06-29 19:00:00,-2929.6
2050-06-29 20:00:00,-3024.35
2050-06-29 21:00:00,-4685.41
2050-06-29 22:00:00,-7081.43
2050-06-29 23:00:00,-6796.3
2050-06-30 00:00:00,-6140.65
2050-06-30 01:00:00,-5406.08
2050-06-30 02:00:00,-5227.52
2050-06-30 03:00:00,-4469.7
2050-06-30 04:00:00,-2587.36
2050-06-30 05:00:00,-2091.42
2050-06-30 06:00:00,-4594.63
2050-06-30 07:00:00,-3866.5
2050-06-30 08:00:00,-3969.17
2050-06-30 09:00:00,-3017.47
2050-06-30 10:00:00,-2208.43
2050-06-30 11:00:00,-1587.25
2050-06-30 12:00:00,-2108.43
2050-06-30 13:00:00,-3956.17
2050-06-30 14:00:00,-3801.09
2050-06-30 15:00:00,-4953.11
2050-06-30 16:00:00,-5509.37
2050-06-30 17:00:00,-6704.36
2050-06-30 18:00:00,-7348.49
2050-06-30 19:00:00,-7856.38
2050-06-30 20:00:00,-6318.55
2050-06-30 21:00:00,-6423.28
2050-06-30 22:00:00,-5699.06
2050-06-30 23:00:00,-4898.59
2050-07-01 00:00:00,-4071.18
2050-07-01 01:00:00,-4699.59
2050-07-01 02:00:00,-3016.69
2050-07-01 03:00:00,-4094.13
2050-07-01 04:00:00,-5835.76
2050-07-01 05:00:00,-3520.93
2050-07-01 06:00:00,-3590.37
2050-07-01 07:00:00,-3434.01
2050-07-01 08:00:00,-2712.01
2050-07-01 09:00:00,-1957.87
2050-07-01 10:00:00,-2575.8
2050-07-01 11:00:00,-2479.08
2050-07-01 12:00:00,-2545.1
2050-07-01 13:00:00,-4735.84
2050-07-01 14:00:00,-4269.57
2050-07-01 15:00:00,-5314.18
2050-07-01 16:00:00,-5761.97
2050-07-01 17:00:00,-5931.78
2050-07-01 18:00:00,-7133.72
2050-07-01 19:00:00,-5990.32
2050-07-01 20:00:00,-4258.2
2050-07-01 21:00:00,-1.74
2050-07-01 22:00:00,-3122.36
2050-07-01 23:00:00,-2380.76
2050-07-02 00:00:00,-1189.41
2050-07-02 01:00:00,-183.07
2050-07-02 02:00:00,-853.17
2050-07-02 03:00:00,-2166.84
2050-07-02 04:00:00,-1797.08
2050-07-02 05:00:00,-2464.78
2050-07-02 06:00:00,-2242.31
2050-07-02 07:00:00,-2652.54
2050-07-02 08:00:00,-1988.05
2050-07-02 09:00:00,-1426.25
2050-07-02 10:00:00,-2111.03
2050-07-02 11:00:00,-1569.22
2050-07-02 12:00:00,-2051.53
2050-07-02 13:00:00,-2780.4
2050-07-02 14:00:00,-3038.85
2050-07-02 15:00:00,-684.13
2050-07-02 16:00:00,-4017.52
2050-07-02 17:00:00,-2175.4
2050-07-02 18:00:00,-3972.86
2050-07-02 19:00:00,2169.2
2050-07-02 20:00:00,-1098.67
2050-07-02 21:00:00,105.07
2050-07-02 22:00:00,-1060.18
2050-07-02 23:00:00,-1629.02
2050-07-03 00:00:00,-1745.83
2050-07-03 01:00:00,-1851.95
2050-07-03 02:00:00,-1686.93
2050-07-03 03:00:00,-2166.46
2050-07-03 04:00:00,-2423.54
2050-07-03 05:00:00,-3168.14
2050-07-03 06:00:00,-2893.75
2050-07-03 07:00:00,-2243.75
2050-07-03 08:00:00,-1631.41
2050-07-03 09:00:00,-1061.81
2050-07-03 10:00:00,-233.37
2050-07-03 11:00:00,74.01
2050-07-03 12:00:00,478.22
2050-07-03 13:00:00,954.29
2050-07-03 14:00:00,1892.33
2050-07-03 15:00:00,2739.02
2050-07-03 16:00:00,2416.71
2050-07-03 17:00:00,3266.98
2050-07-03 18:00:00,1591.24
2050-07-03 19:00:00,605.56
2050-07-03 20:00:00,2092.35
2050-07-03 21:00:00,2822.15
2050-07-03 22:00:00,3030.8
2050-07-03 23:00:00,2060.8
2050-07-04 00:00:00,2990.47
2050-07-04 01:00:00,1986.18
2050-07-04 02:00:00,2194.36
2050-07-04 03:00:00,1848.41
2050-07-04 04:00:00,1761.84
2050-07-04 05:00:00,1746.25
2050-07-04 06:00:00,600.45
2050-07-04 07:00:00,-96.59
2050-07-04 08:00:00,142.47
2050-07-04 09:00:00,1040.05
2050-07-04 10:00:00,949.37
2050-07-04 11:00:00,1322.47
2050-07-04 12:00:00,2036.36
2050-07-04 13:00:00,2228.69
2050-07-04 14:00:00,2295.51
2050-07-04 15:00:00,3673.73
2050-07-04 16:00:00,5256.96
2050-07-04 17:00:00,5351.67
2050-07-04 18:00:00,4537.02
2050-07-04 19:00:00,5186.25
2050-07-04 20:00:00,4298.3
2050-07-04 21:00:00,4568.83
2050-07-04 22:00:00,4649.97
2050-07-04 23:00:00,4488.41
2050-07-05 00:00:00,3770.17
2050-07-05 01:00:00,2951.08
2050-07-05 02:00:00,1986.51
2050-07-05 03:00:00,1858.03
2050-07-05 04:00:00,1873.65
2050-07-05 05:00:00,464.75
2050-07-05 06:00:00,-267.94
2050-07-05 07:00:00,287.82
2050-07-05 08:00:00,711.92
2050-07-05 09:00:00,62.65
2050-07-05 10:00:00,-350.05
2050-07-05 11:00:00,-342.09
2050-07-05 12:00:00,-733.21
2050-07-05 13:00:00,-1153.91
2050-07-05 14:00:00,-1560.31
2050-07-05 15:00:00,-2264.23
2050-07-05 16:00:00,-2962.26
2050-07-05 17:00:00,-851.58
2050-07-05 18:00:00,-1802.06
2050-07-05 19:00:00,-4728.59
2050-07-05 20:00:00,-3756.06
2050-07-05 21:00:00,-3345.69
2050-07-05 22:00:00,-3857.06
2050-07-05 23:00:00,-3445.57
2050-07-06 00:00:00,-3134.23
2050-07-06 01:00:00,-4185.31
2050-07-06 02:00:00,-3888.52
2050-07-06 03:00:00,-2676.62
2050-07-06 04:00:00,-3121.16
2050-07-06 05:00:00,-3950.64
2050-07-06 06:00:00,-2621.17
2050-07-06 07:00:00,413.73
2050-07-06 08:00:00,-146.99
2050-07-06 09:00:00,1924.84
2050-07-06 10:00:00,1554.64
2050-07-06 11:00:00,2086.13
2050-07-06 12:00:00,797.84
2050-07-06 13:00:00,-73.45
2050-07-06 14:00:00,1230.43
2050-07-06 15:00:00,-3616.35
2050-07-06 16:00:00,-4151.44
2050-07-06 17:00:00,-6431.49
2050-07-06 18:00:00,-2907.11
2050-07-06 19:00:00,-1791.48
2050-07-06 20:00:00,-483.27
2050-07-06 21:00:00,522.5
2050-07-06 22:00:00,-205.42
2050-07-06 23:00:00,541.04
2050-07-07 00:00:00,-4324.28
2050-07-07 01:00:00,-4018.8
2050-07-07 02:00:00,-4097.02
2050-07-07 03:00:00,-3421.23
2050-07-07 04:00:00,-3615.37
2050-07-07 05:00:00,-5636.91
2050-07-07 06:00:00,-6356.38
2050-07-07 07:00:00,-4442.93
2050-07-07 08:00:00,-3974.0
2050-07-07 09:00:00,-3617.16
2050-07-07 10:00:00,-4005.96
2050-07-07 11:00:00,-4664.09
2050-07-07 12:00:00,-5537.29
2050-07-07 13:00:00,-5273.76
2050-07-07 14:00:00,-4283.15
2050-07-07 15:00:00,-6592.62
2050-07-07 16:00:00,-1647.76
2050-07-07 17:00:00,-254.92
2050-07-07 18:00:00,1251.81
2050-07-07 19:00:00,2523.59
2050-07-07 20:00:00,1205.5
2050-07-07 21:00:00,221.63
2050-07-07 22:00:00,-313.73
2050-07-07 23:00:00,1044.6
2050-07-08 00:00:00,1091.18
2050-07-08 01:00:00,1186.47
2050-07-08 02:00:00,325.47
2050-07-08 03:00:00,835.08
2050-07-08 04:00:00,648.13
2050-07-08 05:00:00,-1141.8
2050-07-08 06:00:00,-1025.35
2050-07-08 07:00:00,-1019.27
2050-07-08 08:00:00,-629.44
2050-07-08 09:00:00,-875.1
2050-07-08 10:00:00,-1642.82
2050-07-08 11:00:00,-2123.89
2050-07-08 12:00:00,-1911.82
2050-07-08 13:00:00,-2657.78
2050-07-08 14:00:00,-3280.72
2050-07-08 15:00:00,-3441.46
2050-07-08 16:00:00,-1242.69
2050-07-08 17:00:00,-389.94
2050-07-08 18:00:00,536.52
2050-07-08 19:00:00,2049.66
2050-07-08 20:00:00,4058.65
2050-07-08 21:00:00,2180.5
2050-07-08 22:00:00,1861.7
2050-07-08 23:00:00,2616.22
2050-07-09 00:00:00,2669.71
2050-07-09 01:00:00,2471.47
2050-07-09 02:00:00,2039.76
2050-07-09 03:00:00,489.21
2050-07-09 04:00:00,-2360.38
2050-07-09 05:00:00,-2001.54
2050-07-09 06:00:00,-1094.77
2050-07-09 07:00:00,271.87
2050-07-09 08:00:00,-641.97
2050-07-09 09:00:00,-2103.64
2050-07-09 10:00:00,-1934.28
2050-07-09 11:00:00,-1416.14
2050-07-09 12:00:00,-1523.76
2050-07-09 13:00:00,-926.56
2050-07-09 14:00:00,762.11
2050-07-09 15:00:00,1482.44
2050-07-09 16:00:00,1941.65
2050-07-09 17:00:00,2249.21
2050-07-09 18:00:00,822.2
2050-07-09 19:00:00,46.41
2050-07-09 20:00:00,186.49
2050-07-09 21:00:00,459.13
2050-07-09 22:00:00,955.97
2050-07-09 23:00:00,-957.32
2050-07-10 00:00:00,2611.11
2050-07-10 01:00:00,683.83
2050-07-10 02:00:00,-552.61
2050-07-10 03:00:00,-416.9
2050-07-10 04:00:00,-263.42
2050-07-10 05:00:00,-2152.63
2050-07-10 06:00:00,-2752.68
2050-07-10 07:00:00,-2388.54
2050-07-10 08:00:00,-2728.58
2050-07-10 09:00:00,-1611.65
2050-07-10 10:00:00,-1233.45
2050-07-10 11:00:00,-1506.47
2050-07-10 12:00:00,-2297.66
2050-07-10 13:00:00,-1579.75
2050-07-10 14:00:00,-1522.4
2050-07-10 15:00:00,-1238.72
2050-07-10 16:00:00,-1915.2
2050-07-10 17:00:00,-1734.9
2050-07-10 18:00:00,-1328.37
2050-07-10 19:00:00,-2284.95
2050-07-10 20:00:00,-1903.88
2050-07-10 21:00:00,-4027.94
2050-07-10 22:00:00,-4008.49
2050-07-10 23:00:00,-5831.15
2050-07-11 00:00:00,-2683.88
2050-07-11 01:00:00,-2725.49
2050-07-11 02:00:00,-2288.68
2050-07-11 03:00:00,-1070.02
2050-07-11 04:00:00,-872.75
2050-07-11 05:00:00,-1990.94
2050-07-11 06:00:00,-3520.67
2050-07-11 07:00:00,-2340.92
2050-07-11 08:00:00,-1735.54
2050-07-11 09:00:00,-1417.63
2050-07-11 10:00:00,-1337.36
2050-07-11 11:00:00,-1266.75
2050-07-11 12:00:00,-1553.15
2050-07-11 13:00:00,-849.8
2050-07-11 14:00:00,-820.79
2050-07-11 15:00:00,-1023.45
2050-07-11 16:00:00,-1554.82
2050-07-11 17:00:00,-3509.39
2050-07-11 18:00:00,-288.84
2050-07-11 19:00:00,-455.09
2050-07-11 20:00:00,-1888.03
2050-07-11 21:00:00,291.85
2050-07-11 22:00:00,220.75
2050-07-11 23:00:00,-2097.88
2050-07-12 00:00:00,849.23
2050-07-12 01:00:00,-1287.39
2050-07-12 02:00:00,-2605.04
2050-07-12 03:00:00,-1629.18
2050-07-12 04:00:00,-827.01
2050-07-12 05:00:00,339.74
2050-07-12 06:00:00,-1111.82
2050-07-12 07:00:00,-917.23
2050-07-12 08:00:00,-2011.42
2050-07-12 09:00:00,-2147.0
2050-07-12 10:00:00,-2957.47
2050-07-12 11:00:00,-2381.69
2050-07-12 12:00:00,-3023.1
2050-07-12 13:00:00,-3947.08
2050-07-12 14:00:00,-2719.86
2050-07-12 15:00:00,-2120.65
2050-07-12 16:00:00,-4270.65
2050-07-12 17:00:00,-2990.27
2050-07-12 18:00:00,-4685.98
2050-07-12 19:00:00,-7798.4
2050-07-12 20:00:00,-8591.97
2050-07-12 21:00:00,-4679.64
2050-07-12 22:00:00,-5539.32
2050-07-12 23:00:00,-4390.81
2050-07-13 00:00:00,-2739.69
2050-07-13 01:00:00,-1533.79
2050-07-13 02:00:00,-1816.69
2050-07-13 03:00:00,-22.13
2050-07-13 04:00:00,201.71
2050-07-13 05:00:00,-700.32
2050-07-13 06:00:00,-633.88
2050-07-13 07:00:00,-364.08
2050-07-13 08:00:00,-910.0
2050-07-13 09:00:00,-1298.88
2050-07-13 10:00:00,-931.69
2050-07-13 11:00:00,-1488.94
2050-07-13 12:00:00,-649.7
2050-07-13 13:00:00,-1381.46
2050-07-13 14:00:00,-1432.41
2050-07-13 15:00:00,-2339.91
2050-07-13 16:00:00,-728.55
2050-07-13 17:00:00,-653.55
2050-07-13 18:00:00,-104.03
2050-07-13 19:00:00,-294.8
2050-07-13 20:00:00,-1151.99
2050-07-13 21:00:00,-344.92
2050-07-13 22:00:00,-535.78
2050-07-13 23:00:00,-1718.16
2050-07-14 00:00:00,-2898.64
2050-07-14 01:00:00,-2400.12
2050-07-14 02:00:00,-2415.59
2050-07-14 03:00:00,-651.79
2050-07-14 04:00:00,-45.35
2050-07-14 05:00:00,-186.29
2050-07-14 06:00:00,-592.98
2050-07-14 07:00:00,478.07
2050-07-14 08:00:00,-238.63
2050-07-14 09:00:00,-985.82
2050-07-14 10:00:00,-2618.24
2050-07-14 11:00:00,-1119.97
2050-07-14 12:00:00,-2047.43
2050-07-14 13:00:00,-670.09
2050-07-14 14:00:00,-805.9
2050-07-14 15:00:00,-1333.3
2050-07-14 16:00:00,-195.37
2050-07-14 17:00:00,-4011.26
2050-07-14 18:00:00,-1410.42
2050-07-14 19:00:00,-3376.52
2050-07-14 20:00:00,-5047.94
2050-07-14 21:00:00,-2346.12
2050-07-14 22:00:00,-4105.52
2050-07-14 23:00:00,-2414.64
2050-07-15 00:00:00,-1174.43
2050-07-15 01:00:00,42.92
2050-07-15 02:00:00,-1084.75
2050-07-15 03:00:00,477.97
2050-07-15 04:00:00,279.86
2050-07-15 05:00:00,298.52
2050-07-15 06:00:00,1458.92
2050-07-15 07:00:00,2160.72
2050-07-15 08:00:00,1434.36
2050-07-15 09:00:00,1894.81
2050-07-15 10:00:00,1806.26
2050-07-15 11:00:00,2201.39
2050-07-15 12:00:00,1251.82
2050-07-15 13:00:00,1316.68
2050-07-15 14:00:00,2185.17
2050-07-15 15:00:00,2765.46
2050-07-15 16:00:00,2359.44
2050-07-15 17:00:00,1827.39
2050-07-15 18:00:00,1607.81
2050-07-15 19:00:00,715.08
2050-07-15 20:00:00,2012.72
2050-07-15 21:00:00,-485.44
2050-07-15 22:00:00,-2973.53
2050-07-15 23:00:00,-3795.8
2050-07-16 00:00:00,-3870.78
2050-07-16 01:00:00,-3553.19
2050-07-16 02:00:00,-2718.15
2050-07-16 03:00:00,-2308.85
2050-07-16 04:00:00,-1212.17
2050-07-16 05:00:00,-3078.97
2050-07-16 06:00:00,-2411.59
2050-07-16 07:00:00,-1656.99
2050-07-16 08:00:00,-2198.46
2050-07-16 09:00:00,-875.68
2050-07-16 10:00:00,-845.81
2050-07-16 11:00:00,-531.84
2050-07-16 12:00:00,-60.95
2050-07-16 13:00:00,-337.0
2050-07-16 14:00:00,-468.38
2050-07-16 15:00:00,-985.85
2050-07-16 16:00:00,-683.69
2050-07-16 17:00:00,-933.39
2050-07-16 18:00:00,159.4
2050-07-16 19:00:00,-1347.06
2050-07-16 20:00:00,-946.18
2050-07-16 21:00:00,596.71
2050-07-16 22:00:00,541.88
2050-07-16 23:00:00,543.97
2050-07-17 00:00:00,-57.41
2050-07-17 01:00:00,1186.78
2050-07-17 02:00:00,1053.06
2050-07-17 03:00:00,1624.51
2050-07-17 04:00:00,2514.52
2050-07-17 05:00:00,1016.73
2050-07-17 06:00:00,266.48
2050-07-17 07:00:00,98.57
2050-07-17 08:00:00,-516.65
2050-07-17 09:00:00,-558.31
2050-07-17 10:00:00,-578.8
2050-07-17 11:00:00,-1171.85
2050-07-17 12:00:00,275.5
2050-07-17 13:00:00,-1004.88
2050-07-17 14:00:00,-2005.5
2050-07-17 15:00:00,-2548.21
2050-07-17 16:00:00,-3580.72
2050-07-17 17:00:00,-3203.36
2050-07-17 18:00:00,-3910.11
2050-07-17 19:00:00,-5940.74
2050-07-17 20:00:00,-5257.91
2050-07-17 21:00:00,-2337.44
2050-07-17 22:00:00,567.72
2050-07-17 23:00:00,1747.43
2050-07-18 00:00:00,746.45
2050-07-18 01:00:00,2134.4
2050-07-18 02:00:00,737.15
2050-07-18 03:00:00,729.12
2050-07-18 04:00:00,24.09
2050-07-18 05:00:00,-1966.11
2050-07-18 06:00:00,-1703.89
2050-07-18 07:00:00,-3258.15
2050-07-18 08:00:00,-2139.61
2050-07-18 09:00:00,-1111.4
2050-07-18 10:00:00,-3179.79
2050-07-18 11:00:00,-4587.96
2050-07-18 12:00:00,-4797.82
2050-07-18 13:00:00,-3452.9
2050-07-18 14:00:00,-3943.59
2050-07-18 15:00:00,-2577.63
2050-07-18 16:00:00,-3653.86
2050-07-18 17:00:00,-4778.89
2050-07-18 18:00:00,-4168.03
2050-07-18 19:00:00,-2383.36
2050-07-18 20:00:00,-1068.49
2050-07-18 21:00:00,-2008.38
2050-07-18 22:00:00,-2445.53
2050-07-18 23:00:00,-3188.31
2050-07-19 00:00:00,-2332.51
2050-07-19 01:00:00,-886.58
2050-07-19 02:00:00,-1061.61
2050-07-19 03:00:00,-1616.83
2050-07-19 04:00:00,-1135.06
2050-07-19 05:00:00,-2212.87
2050-07-19 06:00:00,-1771.98
2050-07-19 07:00:00,-1569.6
2050-07-19 08:00:00,-624.28
2050-07-19 09:00:00,-1265.54
2050-07-19 10:00:00,-579.16
2050-07-19 11:00:00,-853.61
2050-07-19 12:00:00,-678.34
2050-07-19 13:00:00,-61.93
2050-07-19 14:00:00,364.23
2050-07-19 15:00:00,-435.48
2050-07-19 16:00:00,-635.53
2050-07-19 17:00:00,-208.53
2050-07-19 18:00:00,-1367.04
2050-07-19 19:00:00,895.46
2050-07-19 20:00:00,345.51
2050-07-19 21:00:00,-870.92
2050-07-19 22:00:00,-1933.42
2050-07-19 23:00:00,-1780.42
2050-07-20 00:00:00,-1016.43
2050-07-20 01:00:00,-2048.9
2050-07-20 02:00:00,-2345.06
2050-07-20 03:00:00,-2815.43
2050-07-20 04:00:00,-1706.86
2050-07-20 05:00:00,-3003.44
2050-07-20 06:00:00,-1591.01
2050-07-20 07:00:00,-2149.57
2050-07-20 08:00:00,-1974.71
2050-07-20 09:00:00,-693.14
2050-07-20 10:00:00,656.8
2050-07-20 11:00:00,888.79
2050-07-20 12:00:00,1241.35
2050-07-20 13:00:00,744.87
2050-07-20 14:00:00,232.22
2050-07-20 15:00:00,-2118.84
2050-07-20 16:00:00,-12.39
2050-07-20 17:00:00,-1029.06
2050-07-20 18:00:00,-448.38
2050-07-20 19:00:00,-1152.72
2050-07-20 20:00:00,-2407.77
2050-07-20 21:00:00,-4126.51
2050-07-20 22:00:00,-2679.04
2050-07-20 23:00:00,757.42
2050-07-21 00:00:00,-304.11
2050-07-21 01:00:00,550.76
2050-07-21 02:00:00,1194.54
2050-07-21 03:00:00,224.6
2050-07-21 04:00:00,-182.97
2050-07-21 05:00:00,-1993.07
2050-07-21 06:00:00,-917.54
2050-07-21 07:00:00,-2570.13
2050-07-21 08:00:00,-2069.93
2050-07-21 09:00:00,-2383.57
2050-07-21 10:00:00,-2599.62
2050-07-21 11:00:00,-1014.35
2050-07-21 12:00:00,-230.41
2050-07-21 13:00:00,-44.18
2050-07-21 14:00:00,-3694.24
2050-07-21 15:00:00,-3301.42
2050-07-21 16:00:00,-3770.21
2050-07-21 17:00:00,-2884.88
2050-07-21 18:00:00,-3182.11
2050-07-21 19:00:00,-3131.03
2050-07-21 20:00:00,-6325.57
2050-07-21 21:00:00,-7812.4
2050-07-21 22:00:00,-8793.66
2050-07-21 23:00:00,-10011.85
2050-07-22 00:00:00,-10776.78
2050-07-22 01:00:00,-10492.65
2050-07-22 02:00:00,-10360.8
2050-07-22 03:00:00,-6454.32
2050-07-22 04:00:00,-5517.8
2050-07-22 05:00:00,-5258.98
2050-07-22 06:00:00,-3837.2
2050-07-22 07:00:00,-1959.3
2050-07-22 08:00:00,-1694.18
2050-07-22 09:00:00,-1967.3
2050-07-22 10:00:00,469.28
2050-07-22 11:00:00,2448.91
2050-07-22 12:00:00,1716.23
2050-07-22 13:00:00,717.73
2050-07-22 14:00:00,-462.76
2050-07-22 15:00:00,-829.89
2050-07-22 16:00:00,-1968.09
2050-07-22 17:00:00,-1937.38
2050-07-22 18:00:00,-3892.31
2050-07-22 19:00:00,-7559.05
2050-07-22 20:00:00,-1322.08
2050-07-22 21:00:00,278.17
2050-07-22 22:00:00,1446.22
2050-07-22 23:00:00,2679.16
2050-07-23 00:00:00,476.24
2050-07-23 01:00:00,-5948.31
2050-07-23 02:00:00,-5473.15
2050-07-23 03:00:00,-7174.18
2050-07-23 04:00:00,-3517.32
2050-07-23 05:00:00,-3382.62
2050-07-23 06:00:00,-2947.25
2050-07-23 07:00:00,-4990.04
2050-07-23 08:00:00,-5176.19
2050-07-23 09:00:00,-2417.79
2050-07-23 10:00:00,-1757.78
2050-07-23 11:00:00,-1439.05
2050-07-23 12:00:00,-418.0
2050-07-23 13:00:00,52.89
2050-07-23 14:00:00,88.05
2050-07-23 15:00:00,-355.92
2050-07-23 16:00:00,-624.41
2050-07-23 17:00:00,-1360.53
2050-07-23 18:00:00,-2749.34
2050-07-23 19:00:00,-3799.2
2050-07-23 20:00:00,-2436.86
2050-07-23 21:00:00,-2238.38
2050-07-23 22:00:00,-2208.74
2050-07-23 23:00:00,-3017.04
2050-07-24 00:00:00,-1401.49
2050-07-24 01:00:00,-2190.83
2050-07-24 02:00:00,-2679.37
2050-07-24 03:00:00,-510.31
2050-07-24 04:00:00,-685.22
2050-07-24 05:00:00,-1529.79
2050-07-24 06:00:00,-1412.58
2050-07-24 07:00:00,-895.42
2050-07-24 08:00:00,-484.06
2050-07-24 09:00:00,-1054.16
2050-07-24 10:00:00,-221.61
2050-07-24 11:00:00,82.82
2050-07-24 12:00:00,-234.07
2050-07-24 13:00:00,-1071.6
2050-07-24 14:00:00,-1481.28
2050-07-24 15:00:00,-414.38
2050-07-24 16:00:00,-669.06
2050-07-24 17:00:00,811.25
2050-07-24 18:00:00,1866.31
2050-07-24 19:00:00,844.6
2050-07-24 20:00:00,54.1
2050-07-24 21:00:00,365.02
2050-07-24 22:00:00,-706.23
2050-07-24 23:00:00,730.18
2050-07-25 00:00:00,-465.44
2050-07-25 01:00:00,-317.12
2050-07-25 02:00:00,-1463.82
2050-07-25 03:00:00,-1693.18
2050-07-25 04:00:00,-2047.36
2050-07-25 05:00:00,-2360.09
2050-07-25 06:00:00,-3073.45
2050-07-25 07:00:00,-2595.01
2050-07-25 08:00:00,-3312.98
2050-07-25 09:00:00,-894.51
2050-07-25 10:00:00,-711.49
2050-07-25 11:00:00,5.24
2050-07-25 12:00:00,-232.66
2050-07-25 13:00:00,564.71
2050-07-25 14:00:00,-563.6
2050-07-25 15:00:00,-2057.04
2050-07-25 16:00:00,-1718.34
2050-07-25 17:00:00,-1753.02
2050-07-25 18:00:00,-2477.28
2050-07-25 19:00:00,-2759.94
2050-07-25 20:00:00,1624.76
2050-07-25 21:00:00,-543.24
2050-07-25 22:00:00,147.38
2050-07-25 23:00:00,-1816.2
2050-07-26 00:00:00,-2308.01
2050-07-26 01:00:00,-1263.45
2050-07-26 02:00:00,-219.87
2050-07-26 03:00:00,602.06
2050-07-26 04:00:00,863.29
2050-07-26 05:00:00,-1918.67
2050-07-26 06:00:00,-1856.91
2050-07-26 07:00:00,-1015.82
2050-07-26 08:00:00,-429.98
2050-07-26 09:00:00,1058.85
2050-07-26 10:00:00,1396.59
2050-07-26 11:00:00,1814.52
2050-07-26 12:00:00,1961.23
2050-07-26 13:00:00,1187.22
2050-07-26 14:00:00,583.02
2050-07-26 15:00:00,306.58
2050-07-26 16:00:00,-64.2
2050-07-26 17:00:00,-1494.14
2050-07-26 18:00:00,-1316.9
2050-07-26 19:00:00,-1573.84
2050-07-26 20:00:00,-288.01
2050-07-26 21:00:00,-179.01
2050-07-26 22:00:00,68.82
2050-07-26 23:00:00,597.35
2050-07-27 00:00:00,668.63
2050-07-27 01:00:00,-284.44
2050-07-27 02:00:00,195.1
2050-07-27 03:00:00,813.88
2050-07-27 04:00:00,1178.47
2050-07-27 05:00:00,231.65
2050-07-27 06:00:00,48.0
2050-07-27 07:00:00,99.61
2050-07-27 08:00:00,61.48
2050-07-27 09:00:00,-348.64
2050-07-27 10:00:00,-693.65
2050-07-27 11:00:00,710.14
2050-07-27 12:00:00,-489.41
2050-07-27 13:00:00,-982.65
2050-07-27 14:00:00,-2714.34
2050-07-27 15:00:00,-3365.61
2050-07-27 16:00:00,-3851.57
2050-07-27 17:00:00,-3741.03
2050-07-27 18:00:00,-3505.52
2050-07-27 19:00:00,-4090.75
2050-07-27 20:00:00,-4407.57
2050-07-27 21:00:00,-4398.57
2050-07-27 22:00:00,-3470.98
2050-07-27 23:00:00,-1119.31
2050-07-28 00:00:00,810.49
2050-07-28 01:00:00,-771.34
2050-07-28 02:00:00,-759.7
2050-07-28 03:00:00,54.83
2050-07-28 04:00:00,1667.28
2050-07-28 05:00:00,1040.82
2050-07-28 06:00:00,443.44
2050-07-28 07:00:00,921.69
2050-07-28 08:00:00,603.64
2050-07-28 09:00:00,755.86
2050-07-28 10:00:00,1181.04
2050-07-28 11:00:00,843.66
2050-07-28 12:00:00,1806.95
2050-07-28 13:00:00,2062.66
2050-07-28 14:00:00,1473.46
2050-07-28 15:00:00,1200.73
2050-07-28 16:00:00,-104.5
2050-07-28 17:00:00,-781.79
2050-07-28 18:00:00,-312.52
2050-07-28 19:00:00,436.44
2050-07-28 20:00:00,-608.81
2050-07-28 21:00:00,162.0
2050-07-28 22:00:00,-726.73
2050-07-28 23:00:00,-880.79
2050-07-29 00:00:00,-2654.63
2050-07-29 01:00:00,166.1
2050-07-29 02:00:00,-123.84
2050-07-29 03:00:00,-690.3
2050-07-29 04:00:00,-1678.63
2050-07-29 05:00:00,-3345.14
2050-07-29 06:00:00,-2338.94
2050-07-29 07:00:00,-3126.34
2050-07-29 08:00:00,-2520.69
2050-07-29 09:00:00,-1712.09
2050-07-29 10:00:00,-1390.01
2050-07-29 11:00:00,-1653.35
2050-07-29 12:00:00,-1826.7
2050-07-29 13:00:00,-2436.72
2050-07-29 14:00:00,-4877.18
2050-07-29 15:00:00,-5093.77
2050-07-29 16:00:00,-3548.47
2050-07-29 17:00:00,-4084.81
2050-07-29 18:00:00,-4172.63
2050-07-29 19:00:00,-4389.62
2050-07-29 20:00:00,-2995.84
2050-07-29 21:00:00,-4613.44
2050-07-29 22:00:00,-2572.43
2050-07-29 23:00:00,-2267.74
2050-07-30 00:00:00,-2609.1
2050-07-30 01:00:00,-2815.57
2050-07-30 02:00:00,-4116.41
2050-07-30 03:00:00,-2492.64
2050-07-30 04:00:00,-2977.16
2050-07-30 05:00:00,-2871.78
2050-07-30 06:00:00,-4656.81
2050-07-30 07:00:00,-3342.3
2050-07-30 08:00:00,-3048.64
2050-07-30 09:00:00,-2263.82
2050-07-30 10:00:00,-1490.02
2050-07-30 11:00:00,-155.2
2050-07-30 12:00:00,673.07
2050-07-30 13:00:00,122.52
2050-07-30 14:00:00,1236.24
2050-07-30 15:00:00,1253.16
2050-07-30 16:00:00,-362.42
2050-07-30 17:00:00,-1437.96
2050-07-30 18:00:00,-310.49
2050-07-30 19:00:00,156.6
2050-07-30 20:00:00,242.59
2050-07-30 21:00:00,1171.41
2050-07-30 22:00:00,1711.91
2050-07-30 23:00:00,1156.34
2050-07-31 00:00:00,1562.25
2050-07-31 01:00:00,657.23
2050-07-31 02:00:00,583.67
2050-07-31 03:00:00,1070.55
2050-07-31 04:00:00,718.12
2050-07-31 05:00:00,-925.69
2050-07-31 06:00:00,-750.17
2050-07-31 07:00:00,-556.15
2050-07-31 08:00:00,-353.45
2050-07-31 09:00:00,-1114.57
2050-07-31 10:00:00,-763.08
2050-07-31 11:00:00,-687.72
2050-07-31 12:00:00,-199.75
2050-07-31 13:00:00,128.26
2050-07-31 14:00:00,884.53
2050-07-31 15:00:00,1312.73
2050-07-31 16:00:00,1280.93
2050-07-31 17:00:00,3337.27
2050-07-31 18:00:00,3887.2
2050-07-31 19:00:00,2963.07
2050-07-31 20:00:00,2556.03
2050-07-31 21:00:00,2996.68
2050-07-31 22:00:00,2456.73
2050-07-31 23:00:00,3080.14
2050-08-01 00:00:00,3173.88
2050-08-01 01:00:00,2583.4
2050-08-01 02:00:00,1943.86
2050-08-01 03:00:00,930.77
2050-08-01 04:00:00,758.26
2050-08-01 05:00:00,-564.42
2050-08-01 06:00:00,234.81
2050-08-01 07:00:00,-524.78
2050-08-01 08:00:00,-796.74
2050-08-01 09:00:00,-1005.07
2050-08-01 10:00:00,-1887.81
2050-08-01 11:00:00,-857.0
2050-08-01 12:00:00,-531.18
2050-08-01 13:00:00,-563.18
2050-08-01 14:00:00,590.1
2050-08-01 15:00:00,1521.18
2050-08-01 16:00:00,1979.63
2050-08-01 17:00:00,1776.83
2050-08-01 18:00:00,2014.98
2050-08-01 19:00:00,1836.1
2050-08-01 20:00:00,2693.49
2050-08-01 21:00:00,3072.45
2050-08-01 22:00:00,2103.25
2050-08-01 23:00:00,1235.71
2050-08-02 00:00:00,1042.89
2050-08-02 01:00:00,482.35
2050-08-02 02:00:00,132.78
2050-08-02 03:00:00,-511.07
2050-08-02 04:00:00,-454.05
2050-08-02 05:00:00,-2747.56
2050-08-02 06:00:00,-2382.51
2050-08-02 07:00:00,-3632.36
2050-08-02 08:00:00,-2389.13
2050-08-02 09:00:00,-1437.55
2050-08-02 10:00:00,-2120.13
2050-08-02 11:00:00,-3084.08
2050-08-02 12:00:00,-2998.32
2050-08-02 13:00:00,-3011.61
2050-08-02 14:00:00,-2214.46
2050-08-02 15:00:00,-3301.15
2050-08-02 16:00:00,-4089.5
2050-08-02 17:00:00,-1566.5
2050-08-02 18:00:00,633.94
2050-08-02 19:00:00,-732.96
2050-08-02 20:00:00,-1371.87
2050-08-02 21:00:00,-978.28
2050-08-02 22:00:00,-659.26
2050-08-02 23:00:00,738.12
2050-08-03 00:00:00,-1613.61
2050-08-03 01:00:00,-1027.08
2050-08-03 02:00:00,116.83
2050-08-03 03:00:00,-1301.48
2050-08-03 04:00:00,-470.54
2050-08-03 05:00:00,-3791.33
2050-08-03 06:00:00,-1514.44
2050-08-03 07:00:00,-575.01
2050-08-03 08:00:00,-944.25
2050-08-03 09:00:00,-1048.72
2050-08-03 10:00:00,-1025.46
2050-08-03 11:00:00,-755.22
2050-08-03 12:00:00,-1204.82
2050-08-03 13:00:00,-1616.47
2050-08-03 14:00:00,-2083.5
2050-08-03 15:00:00,-2909.56
2050-08-03 16:00:00,-2280.96
2050-08-03 17:00:00,-1989.07
2050-08-03 18:00:00,-2386.15
2050-08-03 19:00:00,-2020.1
2050-08-03 20:00:00,-2663.02
2050-08-03 21:00:00,-1014.17
2050-08-03 22:00:00,13.84
2050-08-03 23:00:00,-1102.84
2050-08-04 00:00:00,-1857.01
2050-08-04 01:00:00,-784.1
2050-08-04 02:00:00,-827.94
2050-08-04 03:00:00,441.04
2050-08-04 04:00:00,14.08
2050-08-04 05:00:00,395.55
2050-08-04 06:00:00,-811.13
2050-08-04 07:00:00,-1679.32
2050-08-04 08:00:00,-598.29
2050-08-04 09:00:00,-2541.09
2050-08-04 10:00:00,-596.73
2050-08-04 11:00:00,-3860.64
2050-08-04 12:00:00,-7835.32
2050-08-04 13:00:00,-8564.39
2050-08-04 14:00:00,-10010.42
2050-08-04 15:00:00,-7548.33
2050-08-04 16:00:00,-6101.87
2050-08-04 17:00:00,-5109.16
2050-08-04 18:00:00,-3108.14
2050-08-04 19:00:00,-1690.09
2050-08-04 20:00:00,-1158.86
2050-08-04 21:00:00,-1848.2
2050-08-04 22:00:00,1377.85
2050-08-04 23:00:00,-578.44
2050-08-05 00:00:00,645.09
2050-08-05 01:00:00,-1122.08
2050-08-05 02:00:00,-829.55
2050-08-05 03:00:00,381.68
2050-08-05 04:00:00,1482.4
2050-08-05 05:00:00,-5056.29
2050-08-05 06:00:00,-1698.05
2050-08-05 07:00:00,-218.15
2050-08-05 08:00:00,-109.27
2050-08-05 09:00:00,-378.82
2050-08-05 10:00:00,-599.41
2050-08-05 11:00:00,122.14
2050-08-05 12:00:00,666.01
2050-08-05 13:00:00,1018.59
2050-08-05 14:00:00,1325.06
2050-08-05 15:00:00,1758.67
2050-08-05 16:00:00,1926.03
2050-08-05 17:00:00,1540.73
2050-08-05 18:00:00,1068.29
2050-08-05 19:00:00,1192.4
2050-08-05 20:00:00,1966.42
2050-08-05 21:00:00,741.02
2050-08-05 22:00:00,443.2
2050-08-05 23:00:00,8.84
2050-08-06 00:00:00,-961.05
2050-08-06 01:00:00,-812.59
2050-08-06 02:00:00,164.48
2050-08-06 03:00:00,572.9
2050-08-06 04:00:00,1596.83
2050-08-06 05:00:00,-4250.91
2050-08-06 06:00:00,-355.56
2050-08-06 07:00:00,79.16
2050-08-06 08:00:00,60.77
2050-08-06 09:00:00,-99.51
2050-08-06 10:00:00,-79.63
2050-08-06 11:00:00,-439.63
2050-08-06 12:00:00,-1375.41
2050-08-06 13:00:00,-1237.85
2050-08-06 14:00:00,-1699.59
2050-08-06 15:00:00,-588.92
2050-08-06 16:00:00,764.14
2050-08-06 17:00:00,222.87
2050-08-06 18:00:00,2569.32
2050-08-06 19:00:00,1482.01
2050-08-06 20:00:00,1399.84
2050-08-06 21:00:00,-810.1
2050-08-06 22:00:00,37.62
2050-08-06 23:00:00,-1028.06
2050-08-07 00:00:00,-1385.63
2050-08-07 01:00:00,-3010.26
2050-08-07 02:00:00,-2100.05
2050-08-07 03:00:00,-2334.16
2050-08-07 04:00:00,-2023.88
2050-08-07 05:00:00,-1305.5
2050-08-07 06:00:00,-2757.44
2050-08-07 07:00:00,-3070.54
2050-08-07 08:00:00,-2124.86
2050-08-07 09:00:00,-4341.87
2050-08-07 10:00:00,-4794.15
2050-08-07 11:00:00,-6398.93
2050-08-07 12:00:00,-7392.06
2050-08-07 13:00:00,-5100.49
2050-08-07 14:00:00,-6673.0
2050-08-07 15:00:00,-7338.13
2050-08-07 16:00:00,-7897.55
2050-08-07 17:00:00,-6372.43
2050-08-07 18:00:00,-8417.24
2050-08-07 19:00:00,-9062.92
2050-08-07 20:00:00,-7925.8
2050-08-07 21:00:00,-7871.13
2050-08-07 22:00:00,-250.89
2050-08-07 23:00:00,1531.45
2050-08-08 00:00:00,-1688.89
2050-08-08 01:00:00,-386.51
2050-08-08 02:00:00,-1391.57
2050-08-08 03:00:00,21.32
2050-08-08 04:00:00,-191.24
2050-08-08 05:00:00,-266.74
2050-08-08 06:00:00,-1978.43
2050-08-08 07:00:00,-1996.4
2050-08-08 08:00:00,-3808.26
2050-08-08 09:00:00,-4535.26
2050-08-08 10:00:00,-3228.3
2050-08-08 11:00:00,-3843.7
2050-08-08 12:00:00,-4628.84
2050-08-08 13:00:00,-4592.19
2050-08-08 14:00:00,-2803.6
2050-08-08 15:00:00,-2946.12
2050-08-08 16:00:00,-4376.79
2050-08-08 17:00:00,-3912.61
2050-08-08 18:00:00,-1345.55
2050-08-08 19:00:00,-483.22
2050-08-08 20:00:00,-2664.21
2050-08-08 21:00:00,-856.09
2050-08-08 22:00:00,1167.82
2050-08-08 23:00:00,-90.02
2050-08-09 00:00:00,-1937.09
2050-08-09 01:00:00,-2384.28
2050-08-09 02:00:00,-2801.61
2050-08-09 03:00:00,-1942.25
2050-08-09 04:00:00,-693.86
2050-08-09 05:00:00,-617.02
2050-08-09 06:00:00,-2326.71
2050-08-09 07:00:00,-2459.27
2050-08-09 08:00:00,-1898.0
2050-08-09 09:00:00,-2055.52
2050-08-09 10:00:00,-1933.75
2050-08-09 11:00:00,-1527.73
2050-08-09 12:00:00,-2254.17
2050-08-09 13:00:00,-1222.03
2050-08-09 14:00:00,-1478.02
2050-08-09 15:00:00,-1498.09
2050-08-09 16:00:00,-454.19
2050-08-09 17:00:00,1499.79
2050-08-09 18:00:00,1708.19
2050-08-09 19:00:00,1892.35
2050-08-09 20:00:00,1282.52
2050-08-09 21:00:00,1317.87
2050-08-09 22:00:00,1592.36
2050-08-09 23:00:00,2673.73
2050-08-10 00:00:00,56.87
2050-08-10 01:00:00,2839.95
2050-08-10 02:00:00,1629.37
2050-08-10 03:00:00,1167.46
2050-08-10 04:00:00,1982.41
2050-08-10 05:00:00,2314.46
2050-08-10 06:00:00,780.83
2050-08-10 07:00:00,776.51
2050-08-10 08:00:00,233.35
2050-08-10 09:00:00,-721.92
2050-08-10 10:00:00,-1351.13
2050-08-10 11:00:00,2235.72
2050-08-10 12:00:00,-986.61
2050-08-10 13:00:00,-1908.41
2050-08-10 14:00:00,-3055.75
2050-08-10 15:00:00,-4596.36
2050-08-10 16:00:00,-4412.31
2050-08-10 17:00:00,-3110.29
2050-08-10 18:00:00,-3589.88
2050-08-10 19:00:00,-1796.68
2050-08-10 20:00:00,-1822.4
2050-08-10 21:00:00,-1010.61
2050-08-10 22:00:00,-553.05
2050-08-10 23:00:00,-1493.35
2050-08-11 00:00:00,-513.69
2050-08-11 01:00:00,-745.34
2050-08-11 02:00:00,-112.03
2050-08-11 03:00:00,115.08
2050-08-11 04:00:00,-803.21
2050-08-11 05:00:00,339.53
2050-08-11 06:00:00,-1955.99
2050-08-11 07:00:00,-2481.08
2050-08-11 08:00:00,-2528.48
2050-08-11 09:00:00,-3868.17
2050-08-11 10:00:00,-3489.48
2050-08-11 11:00:00,-3366.59
2050-08-11 12:00:00,-2125.62
2050-08-11 13:00:00,-1926.68
2050-08-11 14:00:00,-1647.48
2050-08-11 15:00:00,-2954.01
2050-08-11 16:00:00,-280.99
2050-08-11 17:00:00,-2302.28
2050-08-11 18:00:00,-1446.41
2050-08-11 19:00:00,-1192.16
2050-08-11 20:00:00,-1005.17
2050-08-11 21:00:00,-1576.21
2050-08-11 22:00:00,-305.55
2050-08-11 23:00:00,762.43
2050-08-12 00:00:00,-2593.95
2050-08-12 01:00:00,-3400.45
2050-08-12 02:00:00,-3539.85
2050-08-12 03:00:00,-3509.97
2050-08-12 04:00:00,-2370.2
2050-08-12 05:00:00,-2246.56
2050-08-12 06:00:00,-3248.74
2050-08-12 07:00:00,-2550.21
2050-08-12 08:00:00,-3473.47
2050-08-12 09:00:00,-3253.73
2050-08-12 10:00:00,-3178.59
2050-08-12 11:00:00,-2515.98
2050-08-12 12:00:00,-2034.28
2050-08-12 13:00:00,-1718.74
2050-08-12 14:00:00,-1787.63
2050-08-12 15:00:00,-1077.9
2050-08-12 16:00:00,-2532.66
2050-08-12 17:00:00,-366.12
2050-08-12 18:00:00,-1382.62
2050-08-12 19:00:00,-4031.27
2050-08-12 20:00:00,-3724.36
2050-08-12 21:00:00,-2080.24
2050-08-12 22:00:00,-231.74
2050-08-12 23:00:00,-2443.93
2050-08-13 00:00:00,-4492.94
2050-08-13 01:00:00,-3840.02
2050-08-13 02:00:00,-4110.5
2050-08-13 03:00:00,-2664.04
2050-08-13 04:00:00,-2322.67
2050-08-13 05:00:00,-2220.49
2050-08-13 06:00:00,-3586.99
2050-08-13 07:00:00,-4291.74
2050-08-13 08:00:00,-3544.4
2050-08-13 09:00:00,-2856.24
2050-08-13 10:00:00,-3196.46
2050-08-13 11:00:00,-2804.26
2050-08-13 12:00:00,-2527.56
2050-08-13 13:00:00,-1794.4
2050-08-13 14:00:00,-918.91
2050-08-13 15:00:00,904.18
2050-08-13 16:00:00,1532.71
2050-08-13 17:00:00,2437.89
2050-08-13 18:00:00,4486.4
2050-08-13 19:00:00,966.21
2050-08-13 20:00:00,253.81
2050-08-13 21:00:00,-850.76
2050-08-13 22:00:00,-41.72
2050-08-13 23:00:00,1675.19
2050-08-14 00:00:00,2611.14
2050-08-14 01:00:00,1314.23
2050-08-14 02:00:00,1612.71
2050-08-14 03:00:00,1265.13
2050-08-14 04:00:00,1186.22
2050-08-14 05:00:00,1123.41
2050-08-14 06:00:00,-67.77
2050-08-14 07:00:00,-604.55
2050-08-14 08:00:00,-1082.32
2050-08-14 09:00:00,-1802.56
2050-08-14 10:00:00,-1137.49
2050-08-14 11:00:00,-1426.81
2050-08-14 12:00:00,-1163.46
2050-08-14 13:00:00,-944.9
2050-08-14 14:00:00,-697.29
2050-08-14 15:00:00,-508.62
2050-08-14 16:00:00,-548.37
2050-08-14 17:00:00,1452.19
2050-08-14 18:00:00,2465.28
2050-08-14 19:00:00,2361.13
2050-08-14 20:00:00,1798.68
2050-08-14 21:00:00,1565.6
2050-08-14 22:00:00,-268.51
2050-08-14 23:00:00,241.74
2050-08-15 00:00:00,-248.59
2050-08-15 01:00:00,-663.73
2050-08-15 02:00:00,-874.16
2050-08-15 03:00:00,-1514.27
2050-08-15 04:00:00,-358.24
2050-08-15 05:00:00,-1137.07
2050-08-15 06:00:00,-947.19
2050-08-15 07:00:00,-2262.09
2050-08-15 08:00:00,233.46
2050-08-15 09:00:00,911.73
2050-08-15 10:00:00,1810.25
2050-08-15 11:00:00,1810.72
2050-08-15 12:00:00,-819.86
2050-08-15 13:00:00,-585.57
2050-08-15 14:00:00,352.96
2050-08-15 15:00:00,2892.12
2050-08-15 16:00:00,1383.4
2050-08-15 17:00:00,2688.41
2050-08-15 18:00:00,2108.39
2050-08-15 19:00:00,1617.5
2050-08-15 20:00:00,982.17
2050-08-15 21:00:00,-313.64
2050-08-15 22:00:00,-127.73
2050-08-15 23:00:00,-1237.87
2050-08-16 00:00:00,-213.48
2050-08-16 01:00:00,494.2
2050-08-16 02:00:00,-199.89
2050-08-16 03:00:00,388.76
2050-08-16 04:00:00,-68.69
2050-08-16 05:00:00,-357.61
2050-08-16 06:00:00,-3928.91
2050-08-16 07:00:00,-2643.52
2050-08-16 08:00:00,-3377.02
2050-08-16 09:00:00,-3090.02
2050-08-16 10:00:00,-3384.68
2050-08-16 11:00:00,-3036.28
2050-08-16 12:00:00,-3167.59
2050-08-16 13:00:00,-3264.98
2050-08-16 14:00:00,-3063.4
2050-08-16 15:00:00,-2828.62
2050-08-16 16:00:00,-3785.96
2050-08-16 17:00:00,-3040.57
2050-08-16 18:00:00,-3727.04
2050-08-16 19:00:00,-4444.02
2050-08-16 20:00:00,-4441.75
2050-08-16 21:00:00,-4502.11
2050-08-16 22:00:00,-4449.65
2050-08-16 23:00:00,-3330.74
2050-08-17 00:00:00,-3569.98
2050-08-17 01:00:00,-3595.5
2050-08-17 02:00:00,-3167.09
2050-08-17 03:00:00,-1996.36
2050-08-17 04:00:00,-1861.58
2050-08-17 05:00:00,-1138.94
2050-08-17 06:00:00,-2040.39
2050-08-17 07:00:00,-1636.8
2050-08-17 08:00:00,-2072.84
2050-08-17 09:00:00,-1604.14
2050-08-17 10:00:00,-1414.64
2050-08-17 11:00:00,-597.18
2050-08-17 12:00:00,2293.33
2050-08-17 13:00:00,820.21
2050-08-17 14:00:00,1367.6
2050-08-17 15:00:00,-647.03
2050-08-17 16:00:00,29.87
2050-08-17 17:00:00,1384.29
2050-08-17 18:00:00,3063.31
2050-08-17 19:00:00,1534.26
2050-08-17 20:00:00,2205.01
2050-08-17 21:00:00,334.01
2050-08-17 22:00:00,1371.39
2050-08-17 23:00:00,1053.64
2050-08-18 00:00:00,705.47
2050-08-18 01:00:00,-198.07
2050-08-18 02:00:00,740.04
2050-08-18 03:00:00,-2837.85
2050-08-18 04:00:00,-2247.46
2050-08-18 05:00:00,-487.23
2050-08-18 06:00:00,-584.51
2050-08-18 07:00:00,45.0
2050-08-18 08:00:00,45.41
2050-08-18 09:00:00,-788.61
2050-08-18 10:00:00,-815.2
2050-08-18 11:00:00,1311.78
2050-08-18 12:00:00,1512.11
2050-08-18 13:00:00,-1005.2
2050-08-18 14:00:00,-1261.56
2050-08-18 15:00:00,-3501.86
2050-08-18 16:00:00,-3771.76
2050-08-18 17:00:00,-3768.12
2050-08-18 18:00:00,-4570.94
2050-08-18 19:00:00,-2799.74
2050-08-18 20:00:00,-3382.97
2050-08-18 21:00:00,-4465.24
2050-08-18 22:00:00,-1868.77
2050-08-18 23:00:00,-2311.62
2050-08-19 00:00:00,-4338.25
2050-08-19 01:00:00,-1984.11
2050-08-19 02:00:00,-1457.75
2050-08-19 03:00:00,-1872.81
2050-08-19 04:00:00,-2128.21
2050-08-19 05:00:00,-1937.68
2050-08-19 06:00:00,-2164.03
2050-08-19 07:00:00,-1291.26
2050-08-19 08:00:00,-1005.45
2050-08-19 09:00:00,-977.25
2050-08-19 10:00:00,-777.31
2050-08-19 11:00:00,303.9
2050-08-19 12:00:00,-536.12
2050-08-19 13:00:00,-1077.63
2050-08-19 14:00:00,525.87
2050-08-19 15:00:00,1397.07
2050-08-19 16:00:00,2336.71
2050-08-19 17:00:00,1005.61
2050-08-19 18:00:00,1871.04
2050-08-19 19:00:00,1387.21
2050-08-19 20:00:00,989.29
2050-08-19 21:00:00,710.99
2050-08-19 22:00:00,2099.75
2050-08-19 23:00:00,523.61
2050-08-20 00:00:00,1829.76
2050-08-20 01:00:00,1822.85
2050-08-20 02:00:00,1680.04
2050-08-20 03:00:00,1125.49
2050-08-20 04:00:00,1104.84
2050-08-20 05:00:00,1014.19
2050-08-20 06:00:00,175.9
2050-08-20 07:00:00,-748.94
2050-08-20 08:00:00,-1142.97
2050-08-20 09:00:00,-991.56
2050-08-20 10:00:00,-1151.69
2050-08-20 11:00:00,-1074.33
2050-08-20 12:00:00,207.03
2050-08-20 13:00:00,940.15
2050-08-20 14:00:00,1407.82
2050-08-20 15:00:00,1761.34
2050-08-20 16:00:00,2654.18
2050-08-20 17:00:00,2883.5
2050-08-20 18:00:00,3606.77
2050-08-20 19:00:00,3510.0
2050-08-20 20:00:00,3687.22
2050-08-20 21:00:00,2618.09
2050-08-20 22:00:00,2695.48
2050-08-20 23:00:00,2687.41
2050-08-21 00:00:00,1970.59
2050-08-21 01:00:00,1284.67
2050-08-21 02:00:00,1471.03
2050-08-21 03:00:00,1220.37
2050-08-21 04:00:00,1871.39
2050-08-21 05:00:00,2051.55
2050-08-21 06:00:00,-110.29
2050-08-21 07:00:00,-139.29
2050-08-21 08:00:00,-1450.38
2050-08-21 09:00:00,-2060.69
2050-08-21 10:00:00,-745.77
2050-08-21 11:00:00,-1621.29
2050-08-21 12:00:00,-1433.79
2050-08-21 13:00:00,-2382.94
2050-08-21 14:00:00,-2834.62
2050-08-21 15:00:00,-2365.94
2050-08-21 16:00:00,-1885.87
2050-08-21 17:00:00,-2220.43
2050-08-21 18:00:00,-2040.28
2050-08-21 19:00:00,-835.91
2050-08-21 20:00:00,-2063.92
2050-08-21 21:00:00,-4405.28
2050-08-21 22:00:00,213.66
2050-08-21 23:00:00,-2998.24
2050-08-22 00:00:00,-2632.44
2050-08-22 01:00:00,-2443.51
2050-08-22 02:00:00,-1837.42
2050-08-22 03:00:00,-6701.96
2050-08-22 04:00:00,-8170.02
2050-08-22 05:00:00,-5133.12
2050-08-22 06:00:00,-5935.24
2050-08-22 07:00:00,-6044.41
2050-08-22 08:00:00,-8619.56
2050-08-22 09:00:00,-8268.97
2050-08-22 10:00:00,-7033.65
2050-08-22 11:00:00,-6205.2
2050-08-22 12:00:00,-6042.59
2050-08-22 13:00:00,-5919.01
2050-08-22 14:00:00,-4696.48
2050-08-22 15:00:00,-6002.34
2050-08-22 16:00:00,-5304.27
2050-08-22 17:00:00,-5794.92
2050-08-22 18:00:00,-2602.37
2050-08-22 19:00:00,-2789.55
2050-08-22 20:00:00,-3094.26
2050-08-22 21:00:00,-2032.84
2050-08-22 22:00:00,-3016.19
2050-08-22 23:00:00,-3039.28
2050-08-23 00:00:00,-1387.39
2050-08-23 01:00:00,-1122.44
2050-08-23 02:00:00,955.01
2050-08-23 03:00:00,-124.82
2050-08-23 04:00:00,199.02
2050-08-23 05:00:00,-709.37
2050-08-23 06:00:00,-2742.93
2050-08-23 07:00:00,-2683.92
2050-08-23 08:00:00,-2605.4
2050-08-23 09:00:00,-2882.74
2050-08-23 10:00:00,-3170.39
2050-08-23 11:00:00,-2589.46
2050-08-23 12:00:00,-1964.0
2050-08-23 13:00:00,-1429.66
2050-08-23 14:00:00,-965.61
2050-08-23 15:00:00,-760.71
2050-08-23 16:00:00,600.13
2050-08-23 17:00:00,1318.97
2050-08-23 18:00:00,2334.29
2050-08-23 19:00:00,1850.54
2050-08-23 20:00:00,2142.8
2050-08-23 21:00:00,1305.16
2050-08-23 22:00:00,1477.29
2050-08-23 23:00:00,2132.16
2050-08-24 00:00:00,2355.07
2050-08-24 01:00:00,2048.46
2050-08-24 02:00:00,1142.47
2050-08-24 03:00:00,1244.79
2050-08-24 04:00:00,1282.68
2050-08-24 05:00:00,1855.7
2050-08-24 06:00:00,1934.11
2050-08-24 07:00:00,1597.14
2050-08-24 08:00:00,1946.22
2050-08-24 09:00:00,-1196.49
2050-08-24 10:00:00,-1509.68
2050-08-24 11:00:00,-154.02
2050-08-24 12:00:00,823.05
2050-08-24 13:00:00,1672.22
2050-08-24 14:00:00,3202.19
2050-08-24 15:00:00,1762.73
2050-08-24 16:00:00,1850.38
2050-08-24 17:00:00,2209.86
2050-08-24 18:00:00,1746.08
2050-08-24 19:00:00,-263.97
2050-08-24 20:00:00,-1452.53
2050-08-24 21:00:00,-445.72
2050-08-24 22:00:00,-67.8
2050-08-24 23:00:00,554.44
2050-08-25 00:00:00,-1744.12
2050-08-25 01:00:00,-3249.11
2050-08-25 02:00:00,-3070.32
2050-08-25 03:00:00,-2999.18
2050-08-25 04:00:00,-5356.52
2050-08-25 05:00:00,-3632.16
2050-08-25 06:00:00,-3338.8
2050-08-25 07:00:00,-2762.29
2050-08-25 08:00:00,-773.17
2050-08-25 09:00:00,724.83
2050-08-25 10:00:00,1642.46
2050-08-25 11:00:00,191.93
2050-08-25 12:00:00,199.73
2050-08-25 13:00:00,1199.91
2050-08-25 14:00:00,14.05
2050-08-25 15:00:00,662.95
2050-08-25 16:00:00,692.15
2050-08-25 17:00:00,-127.79
2050-08-25 18:00:00,-2354.61
2050-08-25 19:00:00,-1267.21
2050-08-25 20:00:00,268.19
2050-08-25 21:00:00,-190.38
2050-08-25 22:00:00,-1603.88
2050-08-25 23:00:00,-2337.14
2050-08-26 00:00:00,-2000.33
2050-08-26 01:00:00,-2589.34
2050-08-26 02:00:00,-2327.83
2050-08-26 03:00:00,-1409.95
2050-08-26 04:00:00,-565.27
2050-08-26 05:00:00,754.95
2050-08-26 06:00:00,655.08
2050-08-26 07:00:00,362.48
2050-08-26 08:00:00,-254.34
2050-08-26 09:00:00,1256.92
2050-08-26 10:00:00,1326.2
2050-08-26 11:00:00,1411.05
2050-08-26 12:00:00,1328.24
2050-08-26 13:00:00,1321.85
2050-08-26 14:00:00,2346.52
2050-08-26 15:00:00,1821.86
2050-08-26 16:00:00,976.25
2050-08-26 17:00:00,3378.69
2050-08-26 18:00:00,1460.28
2050-08-26 19:00:00,740.76
2050-08-26 20:00:00,422.5
2050-08-26 21:00:00,-591.91
2050-08-26 22:00:00,252.49
2050-08-26 23:00:00,582.88
2050-08-27 00:00:00,-380.21
2050-08-27 01:00:00,112.32
2050-08-27 02:00:00,-494.66
2050-08-27 03:00:00,-328.24
2050-08-27 04:00:00,119.15
2050-08-27 05:00:00,642.91
2050-08-27 06:00:00,633.93
2050-08-27 07:00:00,1893.04
2050-08-27 08:00:00,1009.27
2050-08-27 09:00:00,1182.89
2050-08-27 10:00:00,1415.31
2050-08-27 11:00:00,1916.7
2050-08-27 12:00:00,2731.76
2050-08-27 13:00:00,2631.65
2050-08-27 14:00:00,2625.32
2050-08-27 15:00:00,2925.38
2050-08-27 16:00:00,2058.93
2050-08-27 17:00:00,2078.33
2050-08-27 18:00:00,3197.76
2050-08-27 19:00:00,1190.61
2050-08-27 20:00:00,806.35
2050-08-27 21:00:00,2814.8
2050-08-27 22:00:00,3548.33
2050-08-27 23:00:00,3387.61
2050-08-28 00:00:00,1555.71
2050-08-28 01:00:00,-243.51
2050-08-28 02:00:00,-505.45
2050-08-28 03:00:00,-1129.73
2050-08-28 04:00:00,-2568.27
2050-08-28 05:00:00,-1436.89
2050-08-28 06:00:00,-2408.7
2050-08-28 07:00:00,-3128.55
2050-08-28 08:00:00,-2310.48
2050-08-28 09:00:00,-1909.76
2050-08-28 10:00:00,-2376.45
2050-08-28 11:00:00,-2358.53
2050-08-28 12:00:00,-281.88
2050-08-28 13:00:00,1369.55
2050-08-28 14:00:00,-207.13
2050-08-28 15:00:00,135.44
2050-08-28 16:00:00,-1070.37
2050-08-28 17:00:00,-424.73
2050-08-28 18:00:00,840.5
2050-08-28 19:00:00,465.4
2050-08-28 20:00:00,-613.23
2050-08-28 21:00:00,268.58
2050-08-28 22:00:00,-536.56
2050-08-28 23:00:00,-223.94
2050-08-29 00:00:00,644.47
2050-08-29 01:00:00,155.77
2050-08-29 02:00:00,-800.8
2050-08-29 03:00:00,-1691.72
2050-08-29 04:00:00,-384.18
2050-08-29 05:00:00,-815.7
2050-08-29 06:00:00,-2584.48
2050-08-29 07:00:00,-2805.68
2050-08-29 08:00:00,-2744.84
2050-08-29 09:00:00,-1897.81
2050-08-29 10:00:00,-30.3
2050-08-29 11:00:00,-906.98
2050-08-29 12:00:00,938.04
2050-08-29 13:00:00,521.95
2050-08-29 14:00:00,-231.76
2050-08-29 15:00:00,-633.59
2050-08-29 16:00:00,138.14
2050-08-29 17:00:00,-1147.21
2050-08-29 18:00:00,-1507.4
2050-08-29 19:00:00,-930.02
2050-08-29 20:00:00,-2914.87
2050-08-29 21:00:00,-2079.91
2050-08-29 22:00:00,-2623.42
2050-08-29 23:00:00,-1567.74
2050-08-30 00:00:00,-2586.2
2050-08-30 01:00:00,-3801.97
2050-08-30 02:00:00,-2060.09
2050-08-30 03:00:00,-2203.96
2050-08-30 04:00:00,-2497.35
2050-08-30 05:00:00,-1715.63
2050-08-30 06:00:00,-2129.64
2050-08-30 07:00:00,-2433.06
2050-08-30 08:00:00,-1961.84
2050-08-30 09:00:00,-2484.55
2050-08-30 10:00:00,-913.4
2050-08-30 11:00:00,9.48
2050-08-30 12:00:00,-308.79
2050-08-30 13:00:00,-4.92
2050-08-30 14:00:00,456.62
2050-08-30 15:00:00,203.09
2050-08-30 16:00:00,352.24
2050-08-30 17:00:00,-653.92
2050-08-30 18:00:00,-1553.23
2050-08-30 19:00:00,-1096.38
2050-08-30 20:00:00,-1848.32
2050-08-30 21:00:00,-4544.87
2050-08-30 22:00:00,-1769.28
2050-08-30 23:00:00,-2056.45
2050-08-31 00:00:00,-1870.97
2050-08-31 01:00:00,-3137.76
2050-08-31 02:00:00,-4787.72
2050-08-31 03:00:00,-4585.1
2050-08-31 04:00:00,-2790.91
2050-08-31 05:00:00,-2049.92
2050-08-31 06:00:00,-2707.85
2050-08-31 07:00:00,-4094.06
2050-08-31 08:00:00,-2926.8
2050-08-31 09:00:00,-1899.34
2050-08-31 10:00:00,-1988.33
2050-08-31 11:00:00,-636.17
2050-08-31 12:00:00,189.29
2050-08-31 13:00:00,950.58
2050-08-31 14:00:00,1227.91
2050-08-31 15:00:00,946.06
2050-08-31 16:00:00,2202.3
2050-08-31 17:00:00,2439.3
2050-08-31 18:00:00,2566.46
2050-08-31 19:00:00,3002.88
2050-08-31 20:00:00,306.84
2050-08-31 21:00:00,-883.46
2050-08-31 22:00:00,-1895.69
2050-08-31 23:00:00,-3187.89
2050-09-01 00:00:00,-2119.06
2050-09-01 01:00:00,-3418.27
2050-09-01 02:00:00,-3119.98
2050-09-01 03:00:00,-2360.27
2050-09-01 04:00:00,-2004.45
2050-09-01 05:00:00,-2331.68
2050-09-01 06:00:00,-644.04
2050-09-01 07:00:00,-2459.67
2050-09-01 08:00:00,-2234.9
2050-09-01 09:00:00,-2512.52
2050-09-01 10:00:00,-2573.45
2050-09-01 11:00:00,-3059.41
2050-09-01 12:00:00,-1761.85
2050-09-01 13:00:00,102.89
2050-09-01 14:00:00,1092.13
2050-09-01 15:00:00,2154.5
2050-09-01 16:00:00,3624.79
2050-09-01 17:00:00,3187.4
2050-09-01 18:00:00,4094.19
2050-09-01 19:00:00,3856.56
2050-09-01 20:00:00,2314.13
2050-09-01 21:00:00,1722.16
2050-09-01 22:00:00,-840.42
2050-09-01 23:00:00,-2180.42
2050-09-02 00:00:00,571.17
2050-09-02 01:00:00,2230.74
2050-09-02 02:00:00,-19.84
2050-09-02 03:00:00,-751.93
2050-09-02 04:00:00,-869.04
2050-09-02 05:00:00,498.55
2050-09-02 06:00:00,-562.05
2050-09-02 07:00:00,-1188.54
2050-09-02 08:00:00,-1957.35
2050-09-02 09:00:00,-2509.19
2050-09-02 10:00:00,-2452.07
2050-09-02 11:00:00,-2211.81
2050-09-02 12:00:00,-1371.69
2050-09-02 13:00:00,-1190.92
2050-09-02 14:00:00,-1364.02
2050-09-02 15:00:00,71.34
2050-09-02 16:00:00,790.64
2050-09-02 17:00:00,1219.02
2050-09-02 18:00:00,2032.2
2050-09-02 19:00:00,-715.97
2050-09-02 20:00:00,-1184.82
2050-09-02 21:00:00,-1812.04
2050-09-02 22:00:00,-2639.47
2050-09-02 23:00:00,-1084.64
2050-09-03 00:00:00,-1750.54
2050-09-03 01:00:00,-2475.51
2050-09-03 02:00:00,-1973.4
2050-09-03 03:00:00,-563.15
2050-09-03 04:00:00,-195.67
2050-09-03 05:00:00,-574.35
2050-09-03 06:00:00,-1231.7
2050-09-03 07:00:00,-1707.61
2050-09-03 08:00:00,-2019.0
2050-09-03 09:00:00,-1787.72
2050-09-03 10:00:00,-1665.46
2050-09-03 11:00:00,-1605.62
2050-09-03 12:00:00,-1042.57
2050-09-03 13:00:00,-59.04
2050-09-03 14:00:00,1271.25
2050-09-03 15:00:00,2335.56
2050-09-03 16:00:00,2705.79
2050-09-03 17:00:00,2853.13
2050-09-03 18:00:00,2590.02
2050-09-03 19:00:00,3459.74
2050-09-03 20:00:00,2147.32
2050-09-03 21:00:00,2557.84
2050-09-03 22:00:00,1913.28
2050-09-03 23:00:00,-430.04
2050-09-04 00:00:00,-417.95
2050-09-04 01:00:00,753.41
2050-09-04 02:00:00,1005.71
2050-09-04 03:00:00,86.75
2050-09-04 04:00:00,-580.02
2050-09-04 05:00:00,222.21
2050-09-04 06:00:00,-396.65
2050-09-04 07:00:00,-675.46
2050-09-04 08:00:00,-2410.54
2050-09-04 09:00:00,-2075.16
2050-09-04 10:00:00,-3288.35
2050-09-04 11:00:00,-1460.21
2050-09-04 12:00:00,-1314.96
2050-09-04 13:00:00,-314.62
2050-09-04 14:00:00,296.1
2050-09-04 15:00:00,-153.63
2050-09-04 16:00:00,-1173.95
2050-09-04 17:00:00,-1046.72
2050-09-04 18:00:00,-1038.07
2050-09-04 19:00:00,111.01
2050-09-04 20:00:00,1107.86
2050-09-04 21:00:00,-1175.99
2050-09-04 22:00:00,418.69
2050-09-04 23:00:00,-1255.6
2050-09-05 00:00:00,-2473.2
2050-09-05 01:00:00,-3308.99
2050-09-05 02:00:00,-3008.57
2050-09-05 03:00:00,-3116.45
2050-09-05 04:00:00,-3636.38
2050-09-05 05:00:00,-3058.61
2050-09-05 06:00:00,-3266.32
2050-09-05 07:00:00,-3978.43
2050-09-05 08:00:00,-4541.7
2050-09-05 09:00:00,-4896.15
2050-09-05 10:00:00,-2918.38
2050-09-05 11:00:00,-2425.75
2050-09-05 12:00:00,-3031.31
2050-09-05 13:00:00,-3276.14
2050-09-05 14:00:00,-2827.79
2050-09-05 15:00:00,-1476.48
2050-09-05 16:00:00,-1173.69
2050-09-05 17:00:00,-580.15
2050-09-05 18:00:00,-395.99
2050-09-05 19:00:00,-3165.17
2050-09-05 20:00:00,-2829.86
2050-09-05 21:00:00,-1493.66
2050-09-05 22:00:00,-1357.16
2050-09-05 23:00:00,-1024.35
2050-09-06 00:00:00,-774.97
2050-09-06 01:00:00,-349.17
2050-09-06 02:00:00,-1087.26
2050-09-06 03:00:00,-1551.18
2050-09-06 04:00:00,-1191.06
2050-09-06 05:00:00,-1955.36
2050-09-06 06:00:00,-2953.3
2050-09-06 07:00:00,-4040.29
2050-09-06 08:00:00,-5177.51
2050-09-06 09:00:00,-3215.96
2050-09-06 10:00:00,-2210.82
2050-09-06 11:00:00,-2667.59
2050-09-06 12:00:00,-529.01
2050-09-06 13:00:00,805.7
2050-09-06 14:00:00,-1394.14
2050-09-06 15:00:00,-3596.27
2050-09-06 16:00:00,-3017.68
2050-09-06 17:00:00,-4226.94
2050-09-06 18:00:00,-4505.4
2050-09-06 19:00:00,-4424.48
2050-09-06 20:00:00,-5813.16
2050-09-06 21:00:00,-4400.53
2050-09-06 22:00:00,-3312.95
2050-09-06 23:00:00,-4193.65
2050-09-07 00:00:00,-2852.14
2050-09-07 01:00:00,-2323.13
2050-09-07 02:00:00,-2205.22
2050-09-07 03:00:00,-1620.56
2050-09-07 04:00:00,-2469.62
2050-09-07 05:00:00,-3500.64
2050-09-07 06:00:00,-3274.2
2050-09-07 07:00:00,-4408.71
2050-09-07 08:00:00,-2675.69
2050-09-07 09:00:00,-1809.28
2050-09-07 10:00:00,-2362.02
2050-09-07 11:00:00,-1122.85
2050-09-07 12:00:00,-936.93
2050-09-07 13:00:00,-1035.69
2050-09-07 14:00:00,-704.45
2050-09-07 15:00:00,-1013.12
2050-09-07 16:00:00,-2147.62
2050-09-07 17:00:00,-2719.17
2050-09-07 18:00:00,-2201.28
2050-09-07 19:00:00,-1700.53
2050-09-07 20:00:00,-2463.67
2050-09-07 21:00:00,-1268.62
2050-09-07 22:00:00,-1634.42
2050-09-07 23:00:00,-1281.32
2050-09-08 00:00:00,-385.75
2050-09-08 01:00:00,-527.05
2050-09-08 02:00:00,-474.4
2050-09-08 03:00:00,-1066.71
2050-09-08 04:00:00,-1609.75
2050-09-08 05:00:00,-1982.42
2050-09-08 06:00:00,-2823.53
2050-09-08 07:00:00,-3312.2
2050-09-08 08:00:00,-4673.59
2050-09-08 09:00:00,-4187.26
2050-09-08 10:00:00,-4386.26
2050-09-08 11:00:00,-4392.98
2050-09-08 12:00:00,-4142.5
2050-09-08 13:00:00,-4394.56
2050-09-08 14:00:00,-4336.08
2050-09-08 15:00:00,-3430.86
2050-09-08 16:00:00,-2486.6
2050-09-08 17:00:00,-1736.9
2050-09-08 18:00:00,-432.69
2050-09-08 19:00:00,-3260.91
2050-09-08 20:00:00,-1615.46
2050-09-08 21:00:00,-1238.52
2050-09-08 22:00:00,-1912.01
2050-09-08 23:00:00,-2695.03
2050-09-09 00:00:00,-1480.43
2050-09-09 01:00:00,-3412.29
2050-09-09 02:00:00,-2697.57
2050-09-09 03:00:00,-3715.78
2050-09-09 04:00:00,-2206.15
2050-09-09 05:00:00,-1822.42
2050-09-09 06:00:00,-1559.69
2050-09-09 07:00:00,-2492.83
2050-09-09 08:00:00,-3190.74
2050-09-09 09:00:00,-3033.29
2050-09-09 10:00:00,-2287.2
2050-09-09 11:00:00,-2908.72
2050-09-09 12:00:00,-3301.1
2050-09-09 13:00:00,-1920.31
2050-09-09 14:00:00,-1035.62
2050-09-09 15:00:00,-1633.59
2050-09-09 16:00:00,211.73
2050-09-09 17:00:00,1740.86
2050-09-09 18:00:00,3227.41
2050-09-09 19:00:00,3149.92
2050-09-09 20:00:00,1532.59
2050-09-09 21:00:00,1400.02
2050-09-09 22:00:00,1251.63
2050-09-09 23:00:00,1208.31
2050-09-10 00:00:00,676.19
2050-09-10 01:00:00,-57.29
2050-09-10 02:00:00,1285.05
2050-09-10 03:00:00,1040.17
2050-09-10 04:00:00,501.52
2050-09-10 05:00:00,548.91
2050-09-10 06:00:00,-232.4
2050-09-10 07:00:00,-1469.75
2050-09-10 08:00:00,-3933.63
2050-09-10 09:00:00,-3856.09
2050-09-10 10:00:00,-4001.14
2050-09-10 11:00:00,-5524.09
2050-09-10 12:00:00,-5046.25
2050-09-10 13:00:00,-4817.88
2050-09-10 14:00:00,-2912.6
2050-09-10 15:00:00,-2491.84
2050-09-10 16:00:00,-1327.49
2050-09-10 17:00:00,139.7
2050-09-10 18:00:00,428.46
2050-09-10 19:00:00,-1043.63
2050-09-10 20:00:00,-1184.73
2050-09-10 21:00:00,-147.61
2050-09-10 22:00:00,506.62
2050-09-10 23:00:00,-379.86
2050-09-11 00:00:00,-2302.46
2050-09-11 01:00:00,-1425.63
2050-09-11 02:00:00,-476.74
2050-09-11 03:00:00,-2428.64
2050-09-11 04:00:00,-3528.18
2050-09-11 05:00:00,-3096.57
2050-09-11 06:00:00,-1777.23
2050-09-11 07:00:00,-582.3
2050-09-11 08:00:00,-654.34
2050-09-11 09:00:00,-2288.91
2050-09-11 10:00:00,-1103.28
2050-09-11 11:00:00,-191.48
2050-09-11 12:00:00,137.8
2050-09-11 13:00:00,1061.56
2050-09-11 14:00:00,1451.99
2050-09-11 15:00:00,1876.3
2050-09-11 16:00:00,3055.71
2050-09-11 17:00:00,4234.96
2050-09-11 18:00:00,4047.65
2050-09-11 19:00:00,3240.81
2050-09-11 20:00:00,513.91
2050-09-11 21:00:00,273.47
2050-09-11 22:00:00,-904.63
2050-09-11 23:00:00,-930.67
2050-09-12 00:00:00,-1387.63
2050-09-12 01:00:00,-529.47
2050-09-12 02:00:00,-58.81
2050-09-12 03:00:00,-674.89
2050-09-12 04:00:00,-304.64
2050-09-12 05:00:00,173.49
2050-09-12 06:00:00,-144.03
2050-09-12 07:00:00,660.66
2050-09-12 08:00:00,-1802.0
2050-09-12 09:00:00,-1004.46
2050-09-12 10:00:00,45.61
2050-09-12 11:00:00,-598.65
2050-09-12 12:00:00,-2153.4
2050-09-12 13:00:00,-2398.88
2050-09-12 14:00:00,-1804.11
2050-09-12 15:00:00,-2204.07
2050-09-12 16:00:00,-709.58
2050-09-12 17:00:00,494.44
2050-09-12 18:00:00,-1504.04
2050-09-12 19:00:00,-2546.31
2050-09-12 20:00:00,-1446.45
2050-09-12 21:00:00,-1218.44
2050-09-12 22:00:00,-1791.79
2050-09-12 23:00:00,-2035.27
2050-09-13 00:00:00,-1863.97
2050-09-13 01:00:00,53.72
2050-09-13 02:00:00,-1106.12
2050-09-13 03:00:00,-2319.39
2050-09-13 04:00:00,-906.43
2050-09-13 05:00:00,-817.49
2050-09-13 06:00:00,-1621.11
2050-09-13 07:00:00,-3729.24
2050-09-13 08:00:00,-3812.69
2050-09-13 09:00:00,-3534.58
2050-09-13 10:00:00,-3502.63
2050-09-13 11:00:00,-2360.66
2050-09-13 12:00:00,-2002.68
2050-09-13 13:00:00,-2687.58
2050-09-13 14:00:00,-1341.47
2050-09-13 15:00:00,-339.61
2050-09-13 16:00:00,-1130.9
2050-09-13 17:00:00,1089.81
2050-09-13 18:00:00,1820.91
2050-09-13 19:00:00,395.1
2050-09-13 20:00:00,362.67
2050-09-13 21:00:00,-1334.02
2050-09-13 22:00:00,-1828.22
2050-09-13 23:00:00,-1686.04
2050-09-14 00:00:00,-496.02
2050-09-14 01:00:00,-1759.71
2050-09-14 02:00:00,-2733.01
2050-09-14 03:00:00,-3622.52
2050-09-14 04:00:00,-5531.39
2050-09-14 05:00:00,-4685.45
2050-09-14 06:00:00,-3426.53
2050-09-14 07:00:00,-3855.85
2050-09-14 08:00:00,-5184.03
2050-09-14 09:00:00,-6557.75
2050-09-14 10:00:00,-6504.83
2050-09-14 11:00:00,-6352.84
2050-09-14 12:00:00,-6001.27
2050-09-14 13:00:00,-5136.69
2050-09-14 14:00:00,-3115.42
2050-09-14 15:00:00,-2373.15
2050-09-14 16:00:00,-697.18
2050-09-14 17:00:00,532.76
2050-09-14 18:00:00,-1188.19
2050-09-14 19:00:00,-1171.25
2050-09-14 20:00:00,-1684.14
2050-09-14 21:00:00,-3102.33
2050-09-14 22:00:00,-4651.18
2050-09-14 23:00:00,-5719.81
2050-09-15 00:00:00,-5612.58
2050-09-15 01:00:00,-6518.2
2050-09-15 02:00:00,-5126.15
2050-09-15 03:00:00,-5369.21
2050-09-15 04:00:00,-4262.58
2050-09-15 05:00:00,-3690.3
2050-09-15 06:00:00,-4449.45
2050-09-15 07:00:00,-5802.3
2050-09-15 08:00:00,-4375.2
2050-09-15 09:00:00,-4419.89
2050-09-15 10:00:00,-4329.57
2050-09-15 11:00:00,-3703.58
2050-09-15 12:00:00,-2764.01
2050-09-15 13:00:00,-2098.89
2050-09-15 14:00:00,-1214.43
2050-09-15 15:00:00,-146.67
2050-09-15 16:00:00,1303.58
2050-09-15 17:00:00,2289.33
2050-09-15 18:00:00,2861.16
2050-09-15 19:00:00,2669.84
2050-09-15 20:00:00,1533.52
2050-09-15 21:00:00,932.5
2050-09-15 22:00:00,1252.64
2050-09-15 23:00:00,762.46
2050-09-16 00:00:00,313.01
2050-09-16 01:00:00,1226.31
2050-09-16 02:00:00,1470.34
2050-09-16 03:00:00,1641.54
2050-09-16 04:00:00,1477.74
2050-09-16 05:00:00,1198.29
2050-09-16 06:00:00,560.63
2050-09-16 07:00:00,-74.45
2050-09-16 08:00:00,-979.73
2050-09-16 09:00:00,-927.59
2050-09-16 10:00:00,-1604.04
2050-09-16 11:00:00,-1824.2
2050-09-16 12:00:00,-1708.03
2050-09-16 13:00:00,-1269.8
2050-09-16 14:00:00,-867.36
2050-09-16 15:00:00,353.47
2050-09-16 16:00:00,1711.45
2050-09-16 17:00:00,3071.57
2050-09-16 18:00:00,3273.48
2050-09-16 19:00:00,3874.9
2050-09-16 20:00:00,3230.35
2050-09-16 21:00:00,3832.74
2050-09-16 22:00:00,3431.08
2050-09-16 23:00:00,3520.39
2050-09-17 00:00:00,2743.22
2050-09-17 01:00:00,2470.13
2050-09-17 02:00:00,1672.09
2050-09-17 03:00:00,1287.61
2050-09-17 04:00:00,1662.79
2050-09-17 05:00:00,1635.7
2050-09-17 06:00:00,1790.59
2050-09-17 07:00:00,253.93
2050-09-17 08:00:00,1292.48
2050-09-17 09:00:00,-346.4
2050-09-17 10:00:00,253.68
2050-09-17 11:00:00,-812.46
2050-09-17 12:00:00,-647.12
2050-09-17 13:00:00,206.83
2050-09-17 14:00:00,536.8
2050-09-17 15:00:00,1472.63
2050-09-17 16:00:00,2326.48
2050-09-17 17:00:00,3356.95
2050-09-17 18:00:00,2739.1
2050-09-17 19:00:00,1209.81
2050-09-17 20:00:00,-289.91
2050-09-17 21:00:00,-313.6
2050-09-17 22:00:00,272.31
2050-09-17 23:00:00,-1370.34
2050-09-18 00:00:00,-1507.76
2050-09-18 01:00:00,-1795.73
2050-09-18 02:00:00,-1547.89
2050-09-18 03:00:00,-2433.35
2050-09-18 04:00:00,-2488.77
2050-09-18 05:00:00,-4235.9
2050-09-18 06:00:00,-3623.62
2050-09-18 07:00:00,-4055.66
2050-09-18 08:00:00,-8745.58
2050-09-18 09:00:00,-8091.42
2050-09-18 10:00:00,-8137.63
2050-09-18 11:00:00,-8288.28
2050-09-18 12:00:00,-8794.44
2050-09-18 13:00:00,-6546.75
2050-09-18 14:00:00,-6035.95
2050-09-18 15:00:00,-3412.57
2050-09-18 16:00:00,-1770.05
2050-09-18 17:00:00,-1026.14
2050-09-18 18:00:00,-2303.88
2050-09-18 19:00:00,-4182.87
2050-09-18 20:00:00,-5094.91
2050-09-18 21:00:00,-6239.74
2050-09-18 22:00:00,-5260.75
2050-09-18 23:00:00,-4965.93
2050-09-19 00:00:00,-6659.28
2050-09-19 01:00:00,-5341.2
2050-09-19 02:00:00,-6341.78
2050-09-19 03:00:00,-6919.88
2050-09-19 04:00:00,-6468.47
2050-09-19 05:00:00,-5715.2
2050-09-19 06:00:00,-5534.06
2050-09-19 07:00:00,-5899.23
2050-09-19 08:00:00,-7223.4
2050-09-19 09:00:00,-8986.34
2050-09-19 10:00:00,-7160.87
2050-09-19 11:00:00,-6224.55
2050-09-19 12:00:00,-6008.6
2050-09-19 13:00:00,-4529.57
2050-09-19 14:00:00,-3861.04
2050-09-19 15:00:00,-4340.96
2050-09-19 16:00:00,-1847.68
2050-09-19 17:00:00,31.32
2050-09-19 18:00:00,788.59
2050-09-19 19:00:00,1553.23
2050-09-19 20:00:00,696.73
2050-09-19 21:00:00,-901.3
2050-09-19 22:00:00,657.39
2050-09-19 23:00:00,922.22
2050-09-20 00:00:00,378.9
2050-09-20 01:00:00,-2177.03
2050-09-20 02:00:00,-2543.88
2050-09-20 03:00:00,-3184.19
2050-09-20 04:00:00,-3473.56
2050-09-20 05:00:00,-3337.72
2050-09-20 06:00:00,-4157.18
2050-09-20 07:00:00,-4517.83
2050-09-20 08:00:00,-4353.7
2050-09-20 09:00:00,-6489.33
2050-09-20 10:00:00,-6267.68
2050-09-20 11:00:00,-6301.47
2050-09-20 12:00:00,-5122.9
2050-09-20 13:00:00,-4217.81
2050-09-20 14:00:00,-452.56
2050-09-20 15:00:00,1245.88
2050-09-20 16:00:00,1377.29
2050-09-20 17:00:00,1475.77
2050-09-20 18:00:00,1706.55
2050-09-20 19:00:00,851.15
2050-09-20 20:00:00,813.23
2050-09-20 21:00:00,102.86
2050-09-20 22:00:00,-2038.31
2050-09-20 23:00:00,-1648.57
2050-09-21 00:00:00,-2060.38
2050-09-21 01:00:00,-1483.75
2050-09-21 02:00:00,-1704.57
2050-09-21 03:00:00,-2380.91
2050-09-21 04:00:00,-2744.52
2050-09-21 05:00:00,-1853.23
2050-09-21 06:00:00,-2588.31
2050-09-21 07:00:00,-4276.99
2050-09-21 08:00:00,-4689.4
2050-09-21 09:00:00,-3733.71
2050-09-21 10:00:00,-4370.68
2050-09-21 11:00:00,-3319.74
2050-09-21 12:00:00,-2796.69
2050-09-21 13:00:00,-1796.66
2050-09-21 14:00:00,-1341.47
2050-09-21 15:00:00,-38.6
2050-09-21 16:00:00,1040.15
2050-09-21 17:00:00,1841.17
2050-09-21 18:00:00,1637.55
2050-09-21 19:00:00,-1266.14
2050-09-21 20:00:00,-2609.38
2050-09-21 21:00:00,-3003.8
2050-09-21 22:00:00,-2256.29
2050-09-21 23:00:00,-1934.58
2050-09-22 00:00:00,-2837.24
2050-09-22 01:00:00,-4500.06
2050-09-22 02:00:00,-5207.53
2050-09-22 03:00:00,-5024.26
2050-09-22 04:00:00,-5812.85
2050-09-22 05:00:00,-4385.35
2050-09-22 06:00:00,-5710.88
2050-09-22 07:00:00,-7312.21
2050-09-22 08:00:00,-8512.87
2050-09-22 09:00:00,-6840.67
2050-09-22 10:00:00,-7848.59
2050-09-22 11:00:00,-4529.28
2050-09-22 12:00:00,-3089.0
2050-09-22 13:00:00,-3334.03
2050-09-22 14:00:00,-4910.7
2050-09-22 15:00:00,-7512.22
2050-09-22 16:00:00,-6097.62
2050-09-22 17:00:00,-3341.66
2050-09-22 18:00:00,-2873.21
2050-09-22 19:00:00,-5370.27
2050-09-22 20:00:00,-7944.94
2050-09-22 21:00:00,-8465.88
2050-09-22 22:00:00,-8315.06
2050-09-22 23:00:00,-7894.08
2050-09-23 00:00:00,-8178.62
2050-09-23 01:00:00,-7483.07
2050-09-23 02:00:00,-8062.46
2050-09-23 03:00:00,-8727.83
2050-09-23 04:00:00,-9266.65
2050-09-23 05:00:00,-8939.29
2050-09-23 06:00:00,-11185.57
2050-09-23 07:00:00,-12610.67
2050-09-23 08:00:00,-11155.53
2050-09-23 09:00:00,-10735.18
2050-09-23 10:00:00,-12197.01
2050-09-23 11:00:00,-11588.8
2050-09-23 12:00:00,-12124.91
2050-09-23 13:00:00,-10621.54
2050-09-23 14:00:00,-10479.7
2050-09-23 15:00:00,-8518.0
2050-09-23 16:00:00,-8111.84
2050-09-23 17:00:00,-5934.51
2050-09-23 18:00:00,-5516.15
2050-09-23 19:00:00,-5744.0
2050-09-23 20:00:00,-5974.81
2050-09-23 21:00:00,-4606.42
2050-09-23 22:00:00,-4693.0
2050-09-23 23:00:00,-4246.95
2050-09-24 00:00:00,-5252.61
2050-09-24 01:00:00,-4571.02
2050-09-24 02:00:00,-4550.63
2050-09-24 03:00:00,-5994.37
2050-09-24 04:00:00,-6215.97
2050-09-24 05:00:00,-4824.84
2050-09-24 06:00:00,-5779.21
2050-09-24 07:00:00,-5523.29
2050-09-24 08:00:00,-5294.26
2050-09-24 09:00:00,-6527.62
2050-09-24 10:00:00,-5304.48
2050-09-24 11:00:00,-5411.17
2050-09-24 12:00:00,-3262.55
2050-09-24 13:00:00,-3592.56
2050-09-24 14:00:00,-2532.9
2050-09-24 15:00:00,-1242.72
2050-09-24 16:00:00,587.85
2050-09-24 17:00:00,1087.55
2050-09-24 18:00:00,1770.02
2050-09-24 19:00:00,263.5
2050-09-24 20:00:00,-746.98
2050-09-24 21:00:00,477.93
2050-09-24 22:00:00,-468.28
2050-09-24 23:00:00,512.03
2050-09-25 00:00:00,-1204.66
2050-09-25 01:00:00,-1386.43
2050-09-25 02:00:00,-2174.23
2050-09-25 03:00:00,-988.69
2050-09-25 04:00:00,-1258.17
2050-09-25 05:00:00,-533.19
2050-09-25 06:00:00,-486.83
2050-09-25 07:00:00,-524.16
2050-09-25 08:00:00,-2561.23
2050-09-25 09:00:00,-414.87
2050-09-25 10:00:00,-2594.7
2050-09-25 11:00:00,-916.77
2050-09-25 12:00:00,-417.82
2050-09-25 13:00:00,-1620.02
2050-09-25 14:00:00,-2242.48
2050-09-25 15:00:00,-1100.52
2050-09-25 16:00:00,-1545.71
2050-09-25 17:00:00,-653.19
2050-09-25 18:00:00,835.57
2050-09-25 19:00:00,-1471.26
2050-09-25 20:00:00,-1321.47
2050-09-25 21:00:00,-5283.93
2050-09-25 22:00:00,-4344.32
2050-09-25 23:00:00,-5759.07
2050-09-26 00:00:00,-2783.65
2050-09-26 01:00:00,-3299.12
2050-09-26 02:00:00,-3771.3
2050-09-26 03:00:00,-3037.1
2050-09-26 04:00:00,-2676.62
2050-09-26 05:00:00,-3776.58
2050-09-26 06:00:00,-5077.99
2050-09-26 07:00:00,-6518.04
2050-09-26 08:00:00,-8287.31
2050-09-26 09:00:00,-8620.27
2050-09-26 10:00:00,-9709.08
2050-09-26 11:00:00,-9995.83
2050-09-26 12:00:00,-10816.86
2050-09-26 13:00:00,-10636.91
2050-09-26 14:00:00,-8994.55
2050-09-26 15:00:00,-7905.52
2050-09-26 16:00:00,-7963.35
2050-09-26 17:00:00,-7775.86
2050-09-26 18:00:00,-4159.47
2050-09-26 19:00:00,-2884.53
2050-09-26 20:00:00,-3709.69
2050-09-26 21:00:00,-3250.05
2050-09-26 22:00:00,-2989.9
2050-09-26 23:00:00,-2837.9
2050-09-27 00:00:00,-4050.28
2050-09-27 01:00:00,-5388.22
2050-09-27 02:00:00,-5232.63
2050-09-27 03:00:00,-4986.2
2050-09-27 04:00:00,-4273.3
2050-09-27 05:00:00,-3054.55
2050-09-27 06:00:00,-2495.71
2050-09-27 07:00:00,-3279.36
2050-09-27 08:00:00,-4911.88
2050-09-27 09:00:00,-4909.46
2050-09-27 10:00:00,-4754.14
2050-09-27 11:00:00,-4126.85
2050-09-27 12:00:00,-4067.91
2050-09-27 13:00:00,-4709.47
2050-09-27 14:00:00,-3382.89
2050-09-27 15:00:00,-2711.67
2050-09-27 16:00:00,-2375.99
2050-09-27 17:00:00,-1570.09
2050-09-27 18:00:00,-953.78
2050-09-27 19:00:00,-3011.82
2050-09-27 20:00:00,-2536.12
2050-09-27 21:00:00,-2159.9
2050-09-27 22:00:00,-2026.42
2050-09-27 23:00:00,-2743.46
2050-09-28 00:00:00,-4165.66
2050-09-28 01:00:00,-3509.97
2050-09-28 02:00:00,-4639.61
2050-09-28 03:00:00,-6085.64
2050-09-28 04:00:00,-6312.79
2050-09-28 05:00:00,-5134.53
2050-09-28 06:00:00,-7750.66
2050-09-28 07:00:00,-9236.67
2050-09-28 08:00:00,-9057.36
2050-09-28 09:00:00,-6967.44
2050-09-28 10:00:00,-8680.42
2050-09-28 11:00:00,-9355.21
2050-09-28 12:00:00,-9181.24
2050-09-28 13:00:00,-7472.49
2050-09-28 14:00:00,-5468.35
2050-09-28 15:00:00,-2797.59
2050-09-28 16:00:00,-3489.7
2050-09-28 17:00:00,-2535.73
2050-09-28 18:00:00,-2423.29
2050-09-28 19:00:00,-3920.81
2050-09-28 20:00:00,-3847.3
2050-09-28 21:00:00,-3126.14
2050-09-28 22:00:00,-5263.08
2050-09-28 23:00:00,-6313.47
2050-09-29 00:00:00,-6667.73
2050-09-29 01:00:00,-6819.3
2050-09-29 02:00:00,-6501.37
2050-09-29 03:00:00,-7995.45
2050-09-29 04:00:00,-8896.31
2050-09-29 05:00:00,-9471.84
2050-09-29 06:00:00,-9170.81
2050-09-29 07:00:00,-7528.2
2050-09-29 08:00:00,-10986.22
2050-09-29 09:00:00,-8943.91
2050-09-29 10:00:00,-7996.76
2050-09-29 11:00:00,-8003.49
2050-09-29 12:00:00,-7333.53
2050-09-29 13:00:00,-4323.56
2050-09-29 14:00:00,-1670.0
2050-09-29 15:00:00,492.28
2050-09-29 16:00:00,269.26
2050-09-29 17:00:00,-23.37
2050-09-29 18:00:00,1494.96
2050-09-29 19:00:00,-1901.9
2050-09-29 20:00:00,-1035.29
2050-09-29 21:00:00,-1901.49
2050-09-29 22:00:00,-3454.99
2050-09-29 23:00:00,-7022.54
2050-09-30 00:00:00,-5147.63
2050-09-30 01:00:00,-7910.09
2050-09-30 02:00:00,-10213.27
2050-09-30 03:00:00,-11887.6
2050-09-30 04:00:00,-11341.7
2050-09-30 05:00:00,-7260.18
2050-09-30 06:00:00,-10627.19
2050-09-30 07:00:00,-11709.38
2050-09-30 08:00:00,-10610.71
2050-09-30 09:00:00,-10287.03
2050-09-30 10:00:00,-9902.61
2050-09-30 11:00:00,-9574.13
2050-09-30 12:00:00,-7735.84
2050-09-30 13:00:00,-6510.37
2050-09-30 14:00:00,-5963.36
2050-09-30 15:00:00,-4792.27
2050-09-30 16:00:00,-5354.52
2050-09-30 17:00:00,-4484.93
2050-09-30 18:00:00,-3399.08
2050-09-30 19:00:00,-4958.04
2050-09-30 20:00:00,-5120.61
2050-09-30 21:00:00,-4894.62
2050-09-30 22:00:00,-5679.92
2050-09-30 23:00:00,-5729.69
2050-10-01 00:00:00,-8118.37
2050-10-01 01:00:00,-7341.98
2050-10-01 02:00:00,-6253.62
2050-10-01 03:00:00,-6842.9
2050-10-01 04:00:00,-6937.81
2050-10-01 05:00:00,-7056.7
2050-10-01 06:00:00,-6622.86
2050-10-01 07:00:00,-6851.35
2050-10-01 08:00:00,-6962.32
2050-10-01 09:00:00,-7544.64
2050-10-01 10:00:00,-6647.74
2050-10-01 11:00:00,-5743.14
2050-10-01 12:00:00,-5176.19
2050-10-01 13:00:00,-2637.89
2050-10-01 14:00:00,-2921.29
2050-10-01 15:00:00,-3089.45
2050-10-01 16:00:00,-3444.5
2050-10-01 17:00:00,-2975.29
2050-10-01 18:00:00,-2792.11
2050-10-01 19:00:00,-3861.09
2050-10-01 20:00:00,-6744.06
2050-10-01 21:00:00,-7105.45
2050-10-01 22:00:00,-5789.47
2050-10-01 23:00:00,-5893.77
2050-10-02 00:00:00,-6223.58
2050-10-02 01:00:00,-7626.75
2050-10-02 02:00:00,-8995.43
2050-10-02 03:00:00,-8623.71
2050-10-02 04:00:00,-8742.49
2050-10-02 05:00:00,-8641.76
2050-10-02 06:00:00,-8461.98
2050-10-02 07:00:00,-9402.48
2050-10-02 08:00:00,-7496.05
2050-10-02 09:00:00,-7698.8
2050-10-02 10:00:00,-9046.08
2050-10-02 11:00:00,-7895.69
2050-10-02 12:00:00,-8927.82
2050-10-02 13:00:00,-8879.38
2050-10-02 14:00:00,-7730.54
2050-10-02 15:00:00,-7101.22
2050-10-02 16:00:00,-6164.1
2050-10-02 17:00:00,-3730.05
2050-10-02 18:00:00,-4140.78
2050-10-02 19:00:00,-5890.77
2050-10-02 20:00:00,-9965.74
2050-10-02 21:00:00,-6105.62
2050-10-02 22:00:00,-8170.03
2050-10-02 23:00:00,-8386.51
2050-10-03 00:00:00,-9659.78
2050-10-03 01:00:00,-5764.7
2050-10-03 02:00:00,-5728.9
2050-10-03 03:00:00,-5260.81
2050-10-03 04:00:00,-5112.79
2050-10-03 05:00:00,-5876.55
2050-10-03 06:00:00,-5493.56
2050-10-03 07:00:00,-4904.3
2050-10-03 08:00:00,-4958.28
2050-10-03 09:00:00,-6959.9
2050-10-03 10:00:00,-6627.54
2050-10-03 11:00:00,-5389.88
2050-10-03 12:00:00,-6222.67
2050-10-03 13:00:00,-7225.28
2050-10-03 14:00:00,-4263.72
2050-10-03 15:00:00,-4483.54
2050-10-03 16:00:00,-2484.14
2050-10-03 17:00:00,-1630.62
2050-10-03 18:00:00,-1390.31
2050-10-03 19:00:00,-1860.1
2050-10-03 20:00:00,-778.59
2050-10-03 21:00:00,-1931.43
2050-10-03 22:00:00,-2745.08
2050-10-03 23:00:00,-1951.39
2050-10-04 00:00:00,-2539.54
2050-10-04 01:00:00,-3189.22
2050-10-04 02:00:00,-4859.49
2050-10-04 03:00:00,-4818.01
2050-10-04 04:00:00,-6143.67
2050-10-04 05:00:00,-6427.24
2050-10-04 06:00:00,-6297.91
2050-10-04 07:00:00,-7159.24
2050-10-04 08:00:00,-5390.67
2050-10-04 09:00:00,-5697.96
2050-10-04 10:00:00,-8387.31
2050-10-04 11:00:00,-8928.78
2050-10-04 12:00:00,-6982.66
2050-10-04 13:00:00,-7202.13
2050-10-04 14:00:00,-9247.24
2050-10-04 15:00:00,-9209.63
2050-10-04 16:00:00,-8161.84
2050-10-04 17:00:00,-7701.54
2050-10-04 18:00:00,-9275.73
2050-10-04 19:00:00,-7727.97
2050-10-04 20:00:00,-6313.96
2050-10-04 21:00:00,-7652.69
2050-10-04 22:00:00,-6214.55
2050-10-04 23:00:00,-5160.23
2050-10-05 00:00:00,-8463.48
2050-10-05 01:00:00,-7039.62
2050-10-05 02:00:00,-7028.96
2050-10-05 03:00:00,-8739.09
2050-10-05 04:00:00,-7555.9
2050-10-05 05:00:00,-5741.52
2050-10-05 06:00:00,-4611.96
2050-10-05 07:00:00,-7353.02
2050-10-05 08:00:00,-4145.45
2050-10-05 09:00:00,-3037.7
2050-10-05 10:00:00,-6985.19
2050-10-05 11:00:00,-6450.61
2050-10-05 12:00:00,-6163.27
2050-10-05 13:00:00,-4158.29
2050-10-05 14:00:00,-3772.92
2050-10-05 15:00:00,-2205.0
2050-10-05 16:00:00,-611.97
2050-10-05 17:00:00,1635.95
2050-10-05 18:00:00,1046.67
2050-10-05 19:00:00,1970.06
2050-10-05 20:00:00,2135.31
2050-10-05 21:00:00,1683.09
2050-10-05 22:00:00,1740.13
2050-10-05 23:00:00,2067.7
2050-10-06 00:00:00,1068.86
2050-10-06 01:00:00,1296.68
2050-10-06 02:00:00,1432.93
2050-10-06 03:00:00,1333.82
2050-10-06 04:00:00,828.13
2050-10-06 05:00:00,937.03
2050-10-06 06:00:00,1012.24
2050-10-06 07:00:00,-1390.71
2050-10-06 08:00:00,-1640.02
2050-10-06 09:00:00,-1727.04
2050-10-06 10:00:00,-2225.21
2050-10-06 11:00:00,-1929.54
2050-10-06 12:00:00,-1763.23
2050-10-06 13:00:00,-1571.75
2050-10-06 14:00:00,-929.63
2050-10-06 15:00:00,247.23
2050-10-06 16:00:00,1926.88
2050-10-06 17:00:00,3756.75
2050-10-06 18:00:00,3335.53
2050-10-06 19:00:00,2188.83
2050-10-06 20:00:00,2228.81
2050-10-06 21:00:00,1218.65
2050-10-06 22:00:00,248.81
2050-10-06 23:00:00,-27.55
2050-10-07 00:00:00,-668.32
2050-10-07 01:00:00,-283.82
2050-10-07 02:00:00,-470.07
2050-10-07 03:00:00,-1059.62
2050-10-07 04:00:00,-827.93
2050-10-07 05:00:00,-879.57
2050-10-07 06:00:00,584.92
2050-10-07 07:00:00,-2944.62
2050-10-07 08:00:00,-3554.4
2050-10-07 09:00:00,-4049.24
2050-10-07 10:00:00,-5632.44
2050-10-07 11:00:00,-5386.19
2050-10-07 12:00:00,-4298.8
2050-10-07 13:00:00,-5564.72
2050-10-07 14:00:00,-4534.44
2050-10-07 15:00:00,-6222.5
2050-10-07 16:00:00,-5136.55
2050-10-07 17:00:00,-3544.95
2050-10-07 18:00:00,-4680.96
2050-10-07 19:00:00,-1435.23
2050-10-07 20:00:00,-5756.3
2050-10-07 21:00:00,-5903.74
2050-10-07 22:00:00,-4545.74
2050-10-07 23:00:00,-5159.51
2050-10-08 00:00:00,-4627.58
2050-10-08 01:00:00,-4610.81
2050-10-08 02:00:00,-2829.38
2050-10-08 03:00:00,-3725.85
2050-10-08 04:00:00,-6985.99
2050-10-08 05:00:00,-6862.26
2050-10-08 06:00:00,-6626.19
2050-10-08 07:00:00,-6750.28
2050-10-08 08:00:00,-5905.49
2050-10-08 09:00:00,-5872.78
2050-10-08 10:00:00,-6546.58
2050-10-08 11:00:00,-4817.48
2050-10-08 12:00:00,-3689.21
2050-10-08 13:00:00,-3145.99
2050-10-08 14:00:00,-2729.04
2050-10-08 15:00:00,-1725.41
2050-10-08 16:00:00,-2039.8
2050-10-08 17:00:00,-1316.41
2050-10-08 18:00:00,-1803.34
2050-10-08 19:00:00,-4382.21
2050-10-08 20:00:00,-2935.67
2050-10-08 21:00:00,-3314.93
2050-10-08 22:00:00,-2801.96
2050-10-08 23:00:00,-2799.93
2050-10-09 00:00:00,-3813.28
2050-10-09 01:00:00,-4071.17
2050-10-09 02:00:00,-4771.56
2050-10-09 03:00:00,-5341.67
2050-10-09 04:00:00,-6384.22
2050-10-09 05:00:00,-6958.86
2050-10-09 06:00:00,-8430.22
2050-10-09 07:00:00,-8408.82
2050-10-09 08:00:00,-7600.23
2050-10-09 09:00:00,-8525.04
2050-10-09 10:00:00,-8883.77
2050-10-09 11:00:00,-10763.25
2050-10-09 12:00:00,-10535.15
2050-10-09 13:00:00,-10460.42
2050-10-09 14:00:00,-11151.56
2050-10-09 15:00:00,-11195.25
2050-10-09 16:00:00,-10730.65
2050-10-09 17:00:00,-10388.33
2050-10-09 18:00:00,-10166.75
2050-10-09 19:00:00,-10264.32
2050-10-09 20:00:00,-10496.78
2050-10-09 21:00:00,-10658.68
2050-10-09 22:00:00,-11012.54
2050-10-09 23:00:00,-10809.11
2050-10-10 00:00:00,-11503.39
2050-10-10 01:00:00,-11329.03
2050-10-10 02:00:00,-11737.6
2050-10-10 03:00:00,-11358.34
2050-10-10 04:00:00,-10944.24
2050-10-10 05:00:00,-8917.35
2050-10-10 06:00:00,-9442.73
2050-10-10 07:00:00,-9013.27
2050-10-10 08:00:00,-10057.36
2050-10-10 09:00:00,-9198.81
2050-10-10 10:00:00,-8672.88
2050-10-10 11:00:00,-8220.24
2050-10-10 12:00:00,-7614.75
2050-10-10 13:00:00,-7920.4
2050-10-10 14:00:00,-7819.54
2050-10-10 15:00:00,-7084.89
2050-10-10 16:00:00,-4864.29
2050-10-10 17:00:00,-1707.71
2050-10-10 18:00:00,-1834.18
2050-10-10 19:00:00,-3625.62
2050-10-10 20:00:00,-4115.07
2050-10-10 21:00:00,-5813.73
2050-10-10 22:00:00,-5137.37
2050-10-10 23:00:00,-2070.91
2050-10-11 00:00:00,-5281.15
2050-10-11 01:00:00,-5092.29
2050-10-11 02:00:00,-5714.4
2050-10-11 03:00:00,-5744.25
2050-10-11 04:00:00,-4246.17
2050-10-11 05:00:00,-3222.61
2050-10-11 06:00:00,-3222.86
2050-10-11 07:00:00,-4970.35
2050-10-11 08:00:00,-5615.29
2050-10-11 09:00:00,-6315.35
2050-10-11 10:00:00,-8618.29
2050-10-11 11:00:00,-8691.63
2050-10-11 12:00:00,-5923.46
2050-10-11 13:00:00,-5877.88
2050-10-11 14:00:00,-5695.82
2050-10-11 15:00:00,-3521.21
2050-10-11 16:00:00,-2475.51
2050-10-11 17:00:00,-2066.37
2050-10-11 18:00:00,-2045.69
2050-10-11 19:00:00,267.94
2050-10-11 20:00:00,-2200.03
2050-10-11 21:00:00,-3277.74
2050-10-11 22:00:00,-3322.0
2050-10-11 23:00:00,-2836.9
2050-10-12 00:00:00,-3895.16
2050-10-12 01:00:00,-1917.96
2050-10-12 02:00:00,-3329.93
2050-10-12 03:00:00,-5455.85
2050-10-12 04:00:00,-5796.56
2050-10-12 05:00:00,-7488.84
2050-10-12 06:00:00,-6034.9
2050-10-12 07:00:00,-8903.39
2050-10-12 08:00:00,-7329.26
2050-10-12 09:00:00,-9056.81
2050-10-12 10:00:00,-4869.23
2050-10-12 11:00:00,-4195.7
2050-10-12 12:00:00,-2714.63
2050-10-12 13:00:00,-3864.97
2050-10-12 14:00:00,-4372.26
2050-10-12 15:00:00,-2396.27
2050-10-12 16:00:00,-1426.37
2050-10-12 17:00:00,-152.56
2050-10-12 18:00:00,-1395.9
2050-10-12 19:00:00,-678.6
2050-10-12 20:00:00,-1028.87
2050-10-12 21:00:00,-1245.67
2050-10-12 22:00:00,-1939.78
2050-10-12 23:00:00,-2901.7
2050-10-13 00:00:00,-2757.66
2050-10-13 01:00:00,-2354.56
2050-10-13 02:00:00,-3838.27
2050-10-13 03:00:00,-3596.2
2050-10-13 04:00:00,-1540.61
2050-10-13 05:00:00,-1862.73
2050-10-13 06:00:00,-2272.17
2050-10-13 07:00:00,-1777.46
2050-10-13 08:00:00,-3789.77
2050-10-13 09:00:00,-3452.84
2050-10-13 10:00:00,-3670.86
2050-10-13 11:00:00,-4731.55
2050-10-13 12:00:00,-5571.49
2050-10-13 13:00:00,-3035.02
2050-10-13 14:00:00,-1571.64
2050-10-13 15:00:00,-1161.85
2050-10-13 16:00:00,87.43
2050-10-13 17:00:00,-660.75
2050-10-13 18:00:00,791.49
2050-10-13 19:00:00,-1378.06
2050-10-13 20:00:00,-923.95
2050-10-13 21:00:00,158.66
2050-10-13 22:00:00,-883.07
2050-10-13 23:00:00,-1337.3
2050-10-14 00:00:00,1027.22
2050-10-14 01:00:00,-881.78
2050-10-14 02:00:00,-2763.67
2050-10-14 03:00:00,-4551.72
2050-10-14 04:00:00,-3245.96
2050-10-14 05:00:00,-2425.98
2050-10-14 06:00:00,-888.89
2050-10-14 07:00:00,-2668.69
2050-10-14 08:00:00,-1800.55
2050-10-14 09:00:00,-1724.72
2050-10-14 10:00:00,-2207.46
2050-10-14 11:00:00,-2485.96
2050-10-14 12:00:00,-2197.49
2050-10-14 13:00:00,-1493.17
2050-10-14 14:00:00,-1092.57
2050-10-14 15:00:00,1.8
2050-10-14 16:00:00,1219.9
2050-10-14 17:00:00,2644.02
2050-10-14 18:00:00,3270.75
2050-10-14 19:00:00,2688.61
2050-10-14 20:00:00,3442.78
2050-10-14 21:00:00,2638.69
2050-10-14 22:00:00,2260.11
2050-10-14 23:00:00,-162.43
2050-10-15 00:00:00,298.78
2050-10-15 01:00:00,-1446.04
2050-10-15 02:00:00,-1848.98
2050-10-15 03:00:00,-1074.18
2050-10-15 04:00:00,-963.16
2050-10-15 05:00:00,-777.07
2050-10-15 06:00:00,-822.73
2050-10-15 07:00:00,-1956.79
2050-10-15 08:00:00,-2178.42
2050-10-15 09:00:00,-3011.77
2050-10-15 10:00:00,-3429.09
2050-10-15 11:00:00,-3486.49
2050-10-15 12:00:00,-3752.34
2050-10-15 13:00:00,-3717.59
2050-10-15 14:00:00,-3990.06
2050-10-15 15:00:00,-3103.94
2050-10-15 16:00:00,-2400.89
2050-10-15 17:00:00,-3652.53
2050-10-15 18:00:00,-4146.61
2050-10-15 19:00:00,-5310.92
2050-10-15 20:00:00,-6437.84
2050-10-15 21:00:00,-6515.13
2050-10-15 22:00:00,-7478.56
2050-10-15 23:00:00,-7959.04
2050-10-16 00:00:00,-7761.35
2050-10-16 01:00:00,-7184.5
2050-10-16 02:00:00,-5187.09
2050-10-16 03:00:00,-6968.33
2050-10-16 04:00:00,-9170.19
2050-10-16 05:00:00,-7923.05
2050-10-16 06:00:00,-8574.13
2050-10-16 07:00:00,-10302.42
2050-10-16 08:00:00,-9231.26
2050-10-16 09:00:00,-9977.82
2050-10-16 10:00:00,-10213.81
2050-10-16 11:00:00,-9330.14
2050-10-16 12:00:00,-8675.94
2050-10-16 13:00:00,-8177.37
2050-10-16 14:00:00,-7262.31
2050-10-16 15:00:00,-6117.62
2050-10-16 16:00:00,-4405.42
2050-10-16 17:00:00,-6878.33
2050-10-16 18:00:00,-6322.82
2050-10-16 19:00:00,-6877.95
2050-10-16 20:00:00,-10095.64
2050-10-16 21:00:00,-7882.15
2050-10-16 22:00:00,-10124.07
2050-10-16 23:00:00,-9967.46
2050-10-17 00:00:00,-9181.06
2050-10-17 01:00:00,-8186.6
2050-10-17 02:00:00,-9163.02
2050-10-17 03:00:00,-7811.29
2050-10-17 04:00:00,-6237.37
2050-10-17 05:00:00,-6557.89
2050-10-17 06:00:00,-7659.22
2050-10-17 07:00:00,-7836.45
2050-10-17 08:00:00,-9538.56
2050-10-17 09:00:00,-11515.09
2050-10-17 10:00:00,-14241.73
2050-10-17 11:00:00,-11468.49
2050-10-17 12:00:00,-10607.57
2050-10-17 13:00:00,-9775.54
2050-10-17 14:00:00,-9996.33
2050-10-17 15:00:00,-8872.05
2050-10-17 16:00:00,-7613.27
2050-10-17 17:00:00,-7935.21
2050-10-17 18:00:00,-7306.45
2050-10-17 19:00:00,-8155.56
2050-10-17 20:00:00,-7449.52
2050-10-17 21:00:00,-7235.2
2050-10-17 22:00:00,-4423.55
2050-10-17 23:00:00,-5365.12
2050-10-18 00:00:00,-6901.96
2050-10-18 01:00:00,-6963.37
2050-10-18 02:00:00,-6186.01
2050-10-18 03:00:00,-6606.67
2050-10-18 04:00:00,-6181.83
2050-10-18 05:00:00,-5752.17
2050-10-18 06:00:00,-4983.16
2050-10-18 07:00:00,-6324.02
2050-10-18 08:00:00,-6184.12
2050-10-18 09:00:00,-5944.02
2050-10-18 10:00:00,-7729.15
2050-10-18 11:00:00,-7322.28
2050-10-18 12:00:00,-7795.4
2050-10-18 13:00:00,-7288.37
2050-10-18 14:00:00,-8254.4
2050-10-18 15:00:00,-7623.91
2050-10-18 16:00:00,-6201.17
2050-10-18 17:00:00,-5990.08
2050-10-18 18:00:00,-5219.51
2050-10-18 19:00:00,-4363.57
2050-10-18 20:00:00,-4716.39
2050-10-18 21:00:00,-3479.76
2050-10-18 22:00:00,-1897.93
2050-10-18 23:00:00,-491.4
2050-10-19 00:00:00,-965.3
2050-10-19 01:00:00,-1432.4
2050-10-19 02:00:00,-1227.15
2050-10-19 03:00:00,-1651.93
2050-10-19 04:00:00,-1346.75
2050-10-19 05:00:00,-1275.86
2050-10-19 06:00:00,-798.72
2050-10-19 07:00:00,-2190.24
2050-10-19 08:00:00,-660.96
2050-10-19 09:00:00,-280.61
2050-10-19 10:00:00,-801.54
2050-10-19 11:00:00,-1294.0
2050-10-19 12:00:00,-3161.46
2050-10-19 13:00:00,-2371.16
2050-10-19 14:00:00,-1198.33
2050-10-19 15:00:00,-362.86
2050-10-19 16:00:00,211.55
2050-10-19 17:00:00,331.52
2050-10-19 18:00:00,-498.71
2050-10-19 19:00:00,34.43
2050-10-19 20:00:00,-1390.43
2050-10-19 21:00:00,-2789.58
2050-10-19 22:00:00,-7144.36
2050-10-19 23:00:00,-6486.61
2050-10-20 00:00:00,-6786.87
2050-10-20 01:00:00,-6235.37
2050-10-20 02:00:00,-5820.05
2050-10-20 03:00:00,-5612.55
2050-10-20 04:00:00,-4418.69
2050-10-20 05:00:00,-5173.22
2050-10-20 06:00:00,-4433.15
2050-10-20 07:00:00,-6204.57
2050-10-20 08:00:00,-11160.63
2050-10-20 09:00:00,-9812.18
2050-10-20 10:00:00,-9058.68
2050-10-20 11:00:00,-6903.72
2050-10-20 12:00:00,-3805.59
2050-10-20 13:00:00,-1820.31
2050-10-20 14:00:00,-1417.52
2050-10-20 15:00:00,-2491.78
2050-10-20 16:00:00,-1603.84
2050-10-20 17:00:00,-2434.48
2050-10-20 18:00:00,-1541.43
2050-10-20 19:00:00,-2366.56
2050-10-20 20:00:00,-2648.33
2050-10-20 21:00:00,-2084.73
2050-10-20 22:00:00,-3940.06
2050-10-20 23:00:00,-3851.79
2050-10-21 00:00:00,-3865.16
2050-10-21 01:00:00,-2911.08
2050-10-21 02:00:00,-1661.44
2050-10-21 03:00:00,-3877.73
2050-10-21 04:00:00,-2389.99
2050-10-21 05:00:00,-1990.38
2050-10-21 06:00:00,-2232.6
2050-10-21 07:00:00,-748.52
2050-10-21 08:00:00,-211.24
2050-10-21 09:00:00,-4649.5
2050-10-21 10:00:00,-3806.48
2050-10-21 11:00:00,-2315.97
2050-10-21 12:00:00,-1421.59
2050-10-21 13:00:00,-2468.52
2050-10-21 14:00:00,-755.89
2050-10-21 15:00:00,-2233.41
2050-10-21 16:00:00,-1777.34
2050-10-21 17:00:00,-1567.68
2050-10-21 18:00:00,-2819.84
2050-10-21 19:00:00,-2543.18
2050-10-21 20:00:00,-1926.33
2050-10-21 21:00:00,-3315.69
2050-10-21 22:00:00,-3366.21
2050-10-21 23:00:00,-3096.03
2050-10-22 00:00:00,-2989.65
2050-10-22 01:00:00,-4355.19
2050-10-22 02:00:00,-1976.66
2050-10-22 03:00:00,-1435.66
2050-10-22 04:00:00,-689.55
2050-10-22 05:00:00,228.74
2050-10-22 06:00:00,-550.75
2050-10-22 07:00:00,-1599.59
2050-10-22 08:00:00,-1236.23
2050-10-22 09:00:00,-321.75
2050-10-22 10:00:00,-1058.55
2050-10-22 11:00:00,-2283.58
2050-10-22 12:00:00,-2215.19
2050-10-22 13:00:00,-2864.39
2050-10-22 14:00:00,-2997.86
2050-10-22 15:00:00,-4326.27
2050-10-22 16:00:00,-5329.1
2050-10-22 17:00:00,-4785.75
2050-10-22 18:00:00,-3739.13
2050-10-22 19:00:00,-6038.28
2050-10-22 20:00:00,-5468.9
2050-10-22 21:00:00,-4497.78
2050-10-22 22:00:00,-4314.6
2050-10-22 23:00:00,-4198.88
2050-10-23 00:00:00,-5782.69
2050-10-23 01:00:00,-4270.09
2050-10-23 02:00:00,-3839.91
2050-10-23 03:00:00,-6389.13
2050-10-23 04:00:00,-5521.74
2050-10-23 05:00:00,-4884.31
2050-10-23 06:00:00,-4212.94
2050-10-23 07:00:00,-7050.47
2050-10-23 08:00:00,-8066.46
2050-10-23 09:00:00,-8681.0
2050-10-23 10:00:00,-8578.58
2050-10-23 11:00:00,-8328.03
2050-10-23 12:00:00,-7825.44
2050-10-23 13:00:00,-7909.61
2050-10-23 14:00:00,-6809.06
2050-10-23 15:00:00,-5692.23
2050-10-23 16:00:00,-3711.4
2050-10-23 17:00:00,-2690.98
2050-10-23 18:00:00,-3307.74
2050-10-23 19:00:00,-3609.82
2050-10-23 20:00:00,-4421.72
2050-10-23 21:00:00,-4009.5
2050-10-23 22:00:00,-4664.87
2050-10-23 23:00:00,-4411.15
2050-10-24 00:00:00,-3983.55
2050-10-24 01:00:00,-3411.09
2050-10-24 02:00:00,-5317.63
2050-10-24 03:00:00,-5234.42
2050-10-24 04:00:00,-6413.2
2050-10-24 05:00:00,-4667.68
2050-10-24 06:00:00,-4393.48
2050-10-24 07:00:00,-6241.75
2050-10-24 08:00:00,-6223.15
2050-10-24 09:00:00,-7048.12
2050-10-24 10:00:00,-4658.97
2050-10-24 11:00:00,-4739.04
2050-10-24 12:00:00,-3669.2
2050-10-24 13:00:00,-3283.78
2050-10-24 14:00:00,-5662.37
2050-10-24 15:00:00,-7391.13
2050-10-24 16:00:00,-2468.36
2050-10-24 17:00:00,-3417.72
2050-10-24 18:00:00,-4923.46
2050-10-24 19:00:00,-4304.02
2050-10-24 20:00:00,-5932.32
2050-10-24 21:00:00,-4594.89
2050-10-24 22:00:00,-6492.64
2050-10-24 23:00:00,-5664.89
2050-10-25 00:00:00,-5490.12
2050-10-25 01:00:00,-3842.37
2050-10-25 02:00:00,-2782.44
2050-10-25 03:00:00,-2260.74
2050-10-25 04:00:00,-1671.68
2050-10-25 05:00:00,-2665.99
2050-10-25 06:00:00,-3481.96
2050-10-25 07:00:00,-6311.44
2050-10-25 08:00:00,-5566.61
2050-10-25 09:00:00,-7111.71
2050-10-25 10:00:00,-7044.89
2050-10-25 11:00:00,-5741.73
2050-10-25 12:00:00,-5408.47
2050-10-25 13:00:00,-3464.02
2050-10-25 14:00:00,-3196.87
2050-10-25 15:00:00,-2458.34
2050-10-25 16:00:00,674.46
2050-10-25 17:00:00,887.84
2050-10-25 18:00:00,-925.94
2050-10-25 19:00:00,-3909.39
2050-10-25 20:00:00,-7078.36
2050-10-25 21:00:00,-6577.64
2050-10-25 22:00:00,-5896.42
2050-10-25 23:00:00,-5718.41
2050-10-26 00:00:00,-7015.3
2050-10-26 01:00:00,-5331.88
2050-10-26 02:00:00,-4100.86
2050-10-26 03:00:00,-3729.26
2050-10-26 04:00:00,-3768.89
2050-10-26 05:00:00,-4535.32
2050-10-26 06:00:00,-2455.78
2050-10-26 07:00:00,-3017.19
2050-10-26 08:00:00,-5223.3
2050-10-26 09:00:00,-5858.14
2050-10-26 10:00:00,-4107.95
2050-10-26 11:00:00,-3898.87
2050-10-26 12:00:00,-4269.96
2050-10-26 13:00:00,-2779.19
2050-10-26 14:00:00,-513.11
2050-10-26 15:00:00,2015.57
2050-10-26 16:00:00,3155.64
2050-10-26 17:00:00,2503.72
2050-10-26 18:00:00,2578.92
2050-10-26 19:00:00,830.95
2050-10-26 20:00:00,-329.89
2050-10-26 21:00:00,-2269.56
2050-10-26 22:00:00,-1690.89
2050-10-26 23:00:00,-2461.31
2050-10-27 00:00:00,-2630.35
2050-10-27 01:00:00,-4128.8
2050-10-27 02:00:00,-5017.23
2050-10-27 03:00:00,-6527.66
2050-10-27 04:00:00,-9636.16
2050-10-27 05:00:00,-9119.25
2050-10-27 06:00:00,-11975.56
2050-10-27 07:00:00,-12332.75
2050-10-27 08:00:00,-12155.32
2050-10-27 09:00:00,-12306.13
2050-10-27 10:00:00,-12193.51
2050-10-27 11:00:00,-11271.03
2050-10-27 12:00:00,-10342.24
2050-10-27 13:00:00,-9212.24
2050-10-27 14:00:00,-9918.28
2050-10-27 15:00:00,-3462.26
2050-10-27 16:00:00,-2499.11
2050-10-27 17:00:00,-4184.72
2050-10-27 18:00:00,-3411.17
2050-10-27 19:00:00,-4006.15
2050-10-27 20:00:00,-4633.41
2050-10-27 21:00:00,-5394.46
2050-10-27 22:00:00,-6549.44
2050-10-27 23:00:00,-6011.49
2050-10-28 00:00:00,-6141.15
2050-10-28 01:00:00,-6265.24
2050-10-28 02:00:00,-6156.9
2050-10-28 03:00:00,-7289.64
2050-10-28 04:00:00,-6513.1
2050-10-28 05:00:00,-6284.43
2050-10-28 06:00:00,-6332.39
2050-10-28 07:00:00,-8615.9
2050-10-28 08:00:00,-8601.95
2050-10-28 09:00:00,-9300.41
2050-10-28 10:00:00,-10431.97
2050-10-28 11:00:00,-7897.54
2050-10-28 12:00:00,-8280.46
2050-10-28 13:00:00,-6985.79
2050-10-28 14:00:00,-7530.59
2050-10-28 15:00:00,-7703.32
2050-10-28 16:00:00,-5745.46
2050-10-28 17:00:00,-4015.71
2050-10-28 18:00:00,-4719.13
2050-10-28 19:00:00,-4650.41
2050-10-28 20:00:00,-5476.87
2050-10-28 21:00:00,-6961.77
2050-10-28 22:00:00,-6597.85
2050-10-28 23:00:00,-6217.98
2050-10-29 00:00:00,-4588.64
2050-10-29 01:00:00,-5577.05
2050-10-29 02:00:00,-3955.35
2050-10-29 03:00:00,-5942.01
2050-10-29 04:00:00,-6799.6
2050-10-29 05:00:00,-4684.08
2050-10-29 06:00:00,-3657.24
2050-10-29 07:00:00,-4764.27
2050-10-29 08:00:00,-8577.43
2050-10-29 09:00:00,-7766.17
2050-10-29 10:00:00,-9622.64
2050-10-29 11:00:00,-11228.31
2050-10-29 12:00:00,-14850.92
2050-10-29 13:00:00,-13359.72
2050-10-29 14:00:00,-13816.15
2050-10-29 15:00:00,-12005.14
2050-10-29 16:00:00,-11316.64
2050-10-29 17:00:00,-11170.99
2050-10-29 18:00:00,-10629.68
2050-10-29 19:00:00,-10301.5
2050-10-29 20:00:00,-10127.62
2050-10-29 21:00:00,-10122.65
2050-10-29 22:00:00,-10286.98
2050-10-29 23:00:00,-10520.8
2050-10-30 00:00:00,-10465.68
2050-10-30 01:00:00,-10146.31
2050-10-30 02:00:00,-8307.8
2050-10-30 03:00:00,-9355.98
2050-10-30 04:00:00,-9331.19
2050-10-30 05:00:00,-7923.51
2050-10-30 06:00:00,-8449.9
2050-10-30 07:00:00,-10996.8
2050-10-30 08:00:00,-9963.29
2050-10-30 09:00:00,-9824.51
2050-10-30 10:00:00,-11487.68
2050-10-30 11:00:00,-10893.23
2050-10-30 12:00:00,-9240.91
2050-10-30 13:00:00,-7663.28
2050-10-30 14:00:00,-9309.56
2050-10-30 15:00:00,-6633.14
2050-10-30 16:00:00,-5936.84
2050-10-30 17:00:00,-3507.86
2050-10-30 18:00:00,-2944.35
2050-10-30 19:00:00,-3447.65
2050-10-30 20:00:00,-3091.46
2050-10-30 21:00:00,-3025.06
2050-10-30 22:00:00,-3149.27
2050-10-30 23:00:00,-1728.3
2050-10-31 00:00:00,-3200.7
2050-10-31 01:00:00,-1815.88
2050-10-31 02:00:00,-3092.91
2050-10-31 03:00:00,-4838.05
2050-10-31 04:00:00,-3998.39
2050-10-31 05:00:00,-2580.39
2050-10-31 06:00:00,-1213.27
2050-10-31 07:00:00,-2724.16
2050-10-31 08:00:00,-4866.54
2050-10-31 09:00:00,-4721.01
2050-10-31 10:00:00,-4892.01
2050-10-31 11:00:00,-5242.47
2050-10-31 12:00:00,-6381.11
2050-10-31 13:00:00,-5661.99
2050-10-31 14:00:00,-4784.18
2050-10-31 15:00:00,-4759.94
2050-10-31 16:00:00,-3315.78
2050-10-31 17:00:00,-3651.01
2050-10-31 18:00:00,-4088.18
2050-10-31 19:00:00,-4061.28
2050-10-31 20:00:00,-4978.92
2050-10-31 21:00:00,-5779.44
2050-10-31 22:00:00,-5845.45
2050-10-31 23:00:00,-6608.11
2050-11-01 00:00:00,-7117.71
2050-11-01 01:00:00,-4707.86
2050-11-01 02:00:00,-2350.35
2050-11-01 03:00:00,-2552.49
2050-11-01 04:00:00,-3579.66
2050-11-01 05:00:00,-1972.1
2050-11-01 06:00:00,-2965.67
2050-11-01 07:00:00,-6208.54
2050-11-01 08:00:00,-8205.86
2050-11-01 09:00:00,-7517.42
2050-11-01 10:00:00,-7181.91
2050-11-01 11:00:00,-6886.51
2050-11-01 12:00:00,-8442.86
2050-11-01 13:00:00,-6899.74
2050-11-01 14:00:00,-6867.52
2050-11-01 15:00:00,-6186.5
2050-11-01 16:00:00,-3265.55
2050-11-01 17:00:00,-4206.97
2050-11-01 18:00:00,-4070.99
2050-11-01 19:00:00,-4375.27
2050-11-01 20:00:00,-6980.02
2050-11-01 21:00:00,-7743.8
2050-11-01 22:00:00,-7713.91
2050-11-01 23:00:00,-7727.45
2050-11-02 00:00:00,-6647.44
2050-11-02 01:00:00,-5353.14
2050-11-02 02:00:00,-5493.35
2050-11-02 03:00:00,-4983.5
2050-11-02 04:00:00,-5265.25
2050-11-02 05:00:00,-4589.62
2050-11-02 06:00:00,-4431.81
2050-11-02 07:00:00,-5905.1
2050-11-02 08:00:00,-7549.31
2050-11-02 09:00:00,-7845.63
2050-11-02 10:00:00,-6202.73
2050-11-02 11:00:00,-5323.23
2050-11-02 12:00:00,-7005.39
2050-11-02 13:00:00,-5414.82
2050-11-02 14:00:00,-4854.0
2050-11-02 15:00:00,-4142.85
2050-11-02 16:00:00,-1339.87
2050-11-02 17:00:00,-180.37
2050-11-02 18:00:00,335.31
2050-11-02 19:00:00,688.16
2050-11-02 20:00:00,1130.11
2050-11-02 21:00:00,-95.68
2050-11-02 22:00:00,-3005.01
2050-11-02 23:00:00,-3969.11
2050-11-03 00:00:00,-4706.67
2050-11-03 01:00:00,-4786.97
2050-11-03 02:00:00,-4737.28
2050-11-03 03:00:00,-3196.26
2050-11-03 04:00:00,-1022.95
2050-11-03 05:00:00,-647.16
2050-11-03 06:00:00,-210.71
2050-11-03 07:00:00,-4019.68
2050-11-03 08:00:00,-6159.67
2050-11-03 09:00:00,-6752.54
2050-11-03 10:00:00,-8573.91
2050-11-03 11:00:00,-8831.97
2050-11-03 12:00:00,-9639.45
2050-11-03 13:00:00,-8928.4
2050-11-03 14:00:00,-7766.42
2050-11-03 15:00:00,-6636.01
2050-11-03 16:00:00,-4715.62
2050-11-03 17:00:00,-5170.63
2050-11-03 18:00:00,-4697.8
2050-11-03 19:00:00,-5081.71
2050-11-03 20:00:00,-5187.47
2050-11-03 21:00:00,-3853.45
2050-11-03 22:00:00,-2061.68
2050-11-03 23:00:00,-588.53
2050-11-04 00:00:00,-701.3
2050-11-04 01:00:00,-535.35
2050-11-04 02:00:00,-1040.08
2050-11-04 03:00:00,-494.44
2050-11-04 04:00:00,-851.65
2050-11-04 05:00:00,-1314.77
2050-11-04 06:00:00,597.9
2050-11-04 07:00:00,1204.03
2050-11-04 08:00:00,1442.69
2050-11-04 09:00:00,1712.75
2050-11-04 10:00:00,1733.88
2050-11-04 11:00:00,969.38
2050-11-04 12:00:00,1641.05
2050-11-04 13:00:00,1602.88
2050-11-04 14:00:00,2176.86
2050-11-04 15:00:00,2551.97
2050-11-04 16:00:00,2725.41
2050-11-04 17:00:00,2009.39
2050-11-04 18:00:00,2084.96
2050-11-04 19:00:00,1217.52
2050-11-04 20:00:00,-174.5
2050-11-04 21:00:00,-1345.11
2050-11-04 22:00:00,-462.15
2050-11-04 23:00:00,-1612.37
2050-11-05 00:00:00,-2046.22
2050-11-05 01:00:00,-769.28
2050-11-05 02:00:00,-764.25
2050-11-05 03:00:00,-619.92
2050-11-05 04:00:00,-1504.36
2050-11-05 05:00:00,-735.07
2050-11-05 06:00:00,-826.55
2050-11-05 07:00:00,-538.26
2050-11-05 08:00:00,-694.66
2050-11-05 09:00:00,-1859.09
2050-11-05 10:00:00,-1361.45
2050-11-05 11:00:00,-3257.87
2050-11-05 12:00:00,-3814.0
2050-11-05 13:00:00,-3658.19
2050-11-05 14:00:00,-3164.14
2050-11-05 15:00:00,-2003.5
2050-11-05 16:00:00,-2192.06
2050-11-05 17:00:00,78.88
2050-11-05 18:00:00,-1657.34
2050-11-05 19:00:00,-3228.71
2050-11-05 20:00:00,-3828.86
2050-11-05 21:00:00,-4107.16
2050-11-05 22:00:00,-3686.59
2050-11-05 23:00:00,-3307.13
2050-11-06 00:00:00,-3710.31
2050-11-06 01:00:00,-3534.44
2050-11-06 02:00:00,-2679.37
2050-11-06 03:00:00,-1774.14
2050-11-06 04:00:00,-1061.85
2050-11-06 05:00:00,-348.47
2050-11-06 06:00:00,-1369.88
2050-11-06 07:00:00,-2163.91
2050-11-06 08:00:00,-3416.4
2050-11-06 09:00:00,-5985.63
2050-11-06 10:00:00,-7444.33
2050-11-06 11:00:00,-7363.07
2050-11-06 12:00:00,-7086.1
2050-11-06 13:00:00,-8455.98
2050-11-06 14:00:00,-7632.63
2050-11-06 15:00:00,-4457.34
2050-11-06 16:00:00,-2411.93
2050-11-06 17:00:00,-2515.78
2050-11-06 18:00:00,-2780.06
2050-11-06 19:00:00,-4165.98
2050-11-06 20:00:00,-5445.44
2050-11-06 21:00:00,-5286.19
2050-11-06 22:00:00,-5277.92
2050-11-06 23:00:00,-6646.08
2050-11-07 00:00:00,-5041.54
2050-11-07 01:00:00,-3975.73
2050-11-07 02:00:00,-4374.96
2050-11-07 03:00:00,-5734.73
2050-11-07 04:00:00,-6804.15
2050-11-07 05:00:00,-6962.75
2050-11-07 06:00:00,-5122.2
2050-11-07 07:00:00,-4650.61
2050-11-07 08:00:00,-6371.51
2050-11-07 09:00:00,-7210.04
2050-11-07 10:00:00,-6891.24
2050-11-07 11:00:00,-5810.35
2050-11-07 12:00:00,-5616.67
2050-11-07 13:00:00,-4992.37
2050-11-07 14:00:00,-4825.95
2050-11-07 15:00:00,-3793.99
2050-11-07 16:00:00,-1726.87
2050-11-07 17:00:00,-1604.59
2050-11-07 18:00:00,-2458.43
2050-11-07 19:00:00,-4345.1
2050-11-07 20:00:00,-5957.56
2050-11-07 21:00:00,-6891.07
2050-11-07 22:00:00,-6570.22
2050-11-07 23:00:00,-8735.51
2050-11-08 00:00:00,-9476.49
2050-11-08 01:00:00,-9933.54
2050-11-08 02:00:00,-9424.06
2050-11-08 03:00:00,-9808.19
2050-11-08 04:00:00,-9960.24
2050-11-08 05:00:00,-8978.79
2050-11-08 06:00:00,-7947.72
2050-11-08 07:00:00,-4874.82
2050-11-08 08:00:00,-6911.93
2050-11-08 09:00:00,-4795.37
2050-11-08 10:00:00,-3836.78
2050-11-08 11:00:00,-3728.73
2050-11-08 12:00:00,-2378.15
2050-11-08 13:00:00,-1153.62
2050-11-08 14:00:00,1392.51
2050-11-08 15:00:00,2830.89
2050-11-08 16:00:00,3550.09
2050-11-08 17:00:00,3840.68
2050-11-08 18:00:00,4383.66
2050-11-08 19:00:00,4244.21
2050-11-08 20:00:00,3316.62
2050-11-08 21:00:00,2144.97
2050-11-08 22:00:00,2251.38
2050-11-08 23:00:00,2083.01
2050-11-09 00:00:00,1858.34
2050-11-09 01:00:00,2044.69
2050-11-09 02:00:00,1753.11
2050-11-09 03:00:00,1690.11
2050-11-09 04:00:00,1581.1
2050-11-09 05:00:00,1770.31
2050-11-09 06:00:00,2398.5
2050-11-09 07:00:00,-236.94
2050-11-09 08:00:00,-184.52
2050-11-09 09:00:00,-960.18
2050-11-09 10:00:00,-1531.33
2050-11-09 11:00:00,267.45
2050-11-09 12:00:00,-951.12
2050-11-09 13:00:00,-856.62
2050-11-09 14:00:00,164.85
2050-11-09 15:00:00,1406.05
2050-11-09 16:00:00,3042.57
2050-11-09 17:00:00,3416.13
2050-11-09 18:00:00,3192.03
2050-11-09 19:00:00,2186.27
2050-11-09 20:00:00,2440.39
2050-11-09 21:00:00,1817.71
2050-11-09 22:00:00,36.84
2050-11-09 23:00:00,-11.22
2050-11-10 00:00:00,531.39
2050-11-10 01:00:00,-423.56
2050-11-10 02:00:00,-1303.29
2050-11-10 03:00:00,-559.56
2050-11-10 04:00:00,-2466.79
2050-11-10 05:00:00,-4020.69
2050-11-10 06:00:00,-4365.81
2050-11-10 07:00:00,-6541.74
2050-11-10 08:00:00,-7317.56
2050-11-10 09:00:00,-7133.99
2050-11-10 10:00:00,-8452.37
2050-11-10 11:00:00,-7788.81
2050-11-10 12:00:00,-12485.23
2050-11-10 13:00:00,-14277.86
2050-11-10 14:00:00,-11045.82
2050-11-10 15:00:00,-10092.36
2050-11-10 16:00:00,-10639.95
2050-11-10 17:00:00,-9098.13
2050-11-10 18:00:00,-7644.52
2050-11-10 19:00:00,-8819.25
2050-11-10 20:00:00,-8367.34
2050-11-10 21:00:00,-8091.91
2050-11-10 22:00:00,-9322.51
2050-11-10 23:00:00,-9468.35
2050-11-11 00:00:00,-7296.47
2050-11-11 01:00:00,-7423.58
2050-11-11 02:00:00,-5743.41
2050-11-11 03:00:00,-6194.05
2050-11-11 04:00:00,-5833.78
2050-11-11 05:00:00,-4994.57
2050-11-11 06:00:00,-4450.29
2050-11-11 07:00:00,-7967.05
2050-11-11 08:00:00,-8707.64
2050-11-11 09:00:00,-8067.33
2050-11-11 10:00:00,-8243.18
2050-11-11 11:00:00,-9273.9
2050-11-11 12:00:00,-9120.97
2050-11-11 13:00:00,-7783.11
2050-11-11 14:00:00,-7285.79
2050-11-11 15:00:00,-6886.45
2050-11-11 16:00:00,-6251.85
2050-11-11 17:00:00,-5288.1
2050-11-11 18:00:00,-6036.75
2050-11-11 19:00:00,-7371.45
2050-11-11 20:00:00,-9194.76
2050-11-11 21:00:00,-8760.51
2050-11-11 22:00:00,-9463.92
2050-11-11 23:00:00,-9737.1
2050-11-12 00:00:00,-8383.34
2050-11-12 01:00:00,-6369.42
2050-11-12 02:00:00,-8717.72
2050-11-12 03:00:00,-6674.77
2050-11-12 04:00:00,-5767.59
2050-11-12 05:00:00,-4662.89
2050-11-12 06:00:00,-4240.76
2050-11-12 07:00:00,-7199.31
2050-11-12 08:00:00,-8333.92
2050-11-12 09:00:00,-10864.08
2050-11-12 10:00:00,-9936.31
2050-11-12 11:00:00,-10185.99
2050-11-12 12:00:00,-10780.46
2050-11-12 13:00:00,-7240.32
2050-11-12 14:00:00,-6986.44
2050-11-12 15:00:00,-3742.4
2050-11-12 16:00:00,-1583.78
2050-11-12 17:00:00,-917.95
2050-11-12 18:00:00,-1343.76
2050-11-12 19:00:00,-1698.2
2050-11-12 20:00:00,-1550.05
2050-11-12 21:00:00,-219.28
2050-11-12 22:00:00,155.61
2050-11-12 23:00:00,327.92
2050-11-13 00:00:00,221.03
2050-11-13 01:00:00,-265.55
2050-11-13 02:00:00,-3361.0
2050-11-13 03:00:00,-6729.29
2050-11-13 04:00:00,-4924.62
2050-11-13 05:00:00,-4525.24
2050-11-13 06:00:00,-6115.52
2050-11-13 07:00:00,-8245.36
2050-11-13 08:00:00,-8706.35
2050-11-13 09:00:00,-10002.45
2050-11-13 10:00:00,-9022.6
2050-11-13 11:00:00,-11395.26
2050-11-13 12:00:00,-10787.13
2050-11-13 13:00:00,-8719.26
2050-11-13 14:00:00,-9142.67
2050-11-13 15:00:00,-11262.79
2050-11-13 16:00:00,-11163.32
2050-11-13 17:00:00,-9959.45
2050-11-13 18:00:00,-9122.14
2050-11-13 19:00:00,-9630.56
2050-11-13 20:00:00,-8990.78
2050-11-13 21:00:00,-9872.56
2050-11-13 22:00:00,-10298.44
2050-11-13 23:00:00,-10079.47
2050-11-14 00:00:00,-10867.74
2050-11-14 01:00:00,-10302.52
2050-11-14 02:00:00,-10919.79
2050-11-14 03:00:00,-9843.05
2050-11-14 04:00:00,-9556.75
2050-11-14 05:00:00,-8170.79
2050-11-14 06:00:00,-6665.32
2050-11-14 07:00:00,-10764.21
2050-11-14 08:00:00,-10583.85
2050-11-14 09:00:00,-8984.58
2050-11-14 10:00:00,-7403.58
2050-11-14 11:00:00,-7605.53
2050-11-14 12:00:00,-7749.2
2050-11-14 13:00:00,-7008.34
2050-11-14 14:00:00,-6466.91
2050-11-14 15:00:00,-4277.26
2050-11-14 16:00:00,-2250.02
2050-11-14 17:00:00,-1701.95
2050-11-14 18:00:00,-1335.65
2050-11-14 19:00:00,-2217.07
2050-11-14 20:00:00,-2633.38
2050-11-14 21:00:00,-1741.15
2050-11-14 22:00:00,-1443.3
2050-11-14 23:00:00,-368.36
2050-11-15 00:00:00,-565.27
2050-11-15 01:00:00,400.77
2050-11-15 02:00:00,181.26
2050-11-15 03:00:00,457.32
2050-11-15 04:00:00,-277.73
2050-11-15 05:00:00,213.12
2050-11-15 06:00:00,635.04
2050-11-15 07:00:00,-1617.77
2050-11-15 08:00:00,-1772.15
2050-11-15 09:00:00,-1755.08
2050-11-15 10:00:00,-3474.56
2050-11-15 11:00:00,-5800.15
2050-11-15 12:00:00,-4923.31
2050-11-15 13:00:00,-6506.93
2050-11-15 14:00:00,-7216.74
2050-11-15 15:00:00,-6535.31
2050-11-15 16:00:00,-6550.7
2050-11-15 17:00:00,-9102.83
2050-11-15 18:00:00,-10652.59
2050-11-15 19:00:00,-10610.88
2050-11-15 20:00:00,-10572.21
2050-11-15 21:00:00,-10655.37
2050-11-15 22:00:00,-10891.32
2050-11-15 23:00:00,-11182.77
2050-11-16 00:00:00,-11500.8
2050-11-16 01:00:00,-11623.48
2050-11-16 02:00:00,-11831.68
2050-11-16 03:00:00,-11930.47
2050-11-16 04:00:00,-12000.86
2050-11-16 05:00:00,-11911.96
2050-11-16 06:00:00,-11808.29
2050-11-16 07:00:00,-10290.88
2050-11-16 08:00:00,-11840.95
2050-11-16 09:00:00,-10938.4
2050-11-16 10:00:00,-10529.7
2050-11-16 11:00:00,-10390.52
2050-11-16 12:00:00,-9371.99
2050-11-16 13:00:00,-8672.73
2050-11-16 14:00:00,-7242.67
2050-11-16 15:00:00,-6026.72
2050-11-16 16:00:00,-8059.68
2050-11-16 17:00:00,-7770.9
2050-11-16 18:00:00,-8530.91
2050-11-16 19:00:00,-7927.79
2050-11-16 20:00:00,-7625.36
2050-11-16 21:00:00,-9121.13
2050-11-16 22:00:00,-8552.2
2050-11-16 23:00:00,-9356.86
2050-11-17 00:00:00,-9609.98
2050-11-17 01:00:00,-10510.85
2050-11-17 02:00:00,-10794.9
2050-11-17 03:00:00,-10548.81
2050-11-17 04:00:00,-11108.24
2050-11-17 05:00:00,-9984.2
2050-11-17 06:00:00,-9379.96
2050-11-17 07:00:00,-14189.13
2050-11-17 08:00:00,-12698.25
2050-11-17 09:00:00,-11805.3
2050-11-17 10:00:00,-8953.16
2050-11-17 11:00:00,-8365.11
2050-11-17 12:00:00,-10863.12
2050-11-17 13:00:00,-8419.32
2050-11-17 14:00:00,-10925.96
2050-11-17 15:00:00,-10377.76
2050-11-17 16:00:00,-8941.99
2050-11-17 17:00:00,-9199.42
2050-11-17 18:00:00,-9289.56
2050-11-17 19:00:00,-8976.07
2050-11-17 20:00:00,-8663.25
2050-11-17 21:00:00,-8811.37
2050-11-17 22:00:00,-8582.05
2050-11-17 23:00:00,-8500.3
2050-11-18 00:00:00,-7807.15
2050-11-18 01:00:00,-9079.13
2050-11-18 02:00:00,-7183.22
2050-11-18 03:00:00,-7459.42
2050-11-18 04:00:00,-6208.82
2050-11-18 05:00:00,-4569.7
2050-11-18 06:00:00,-3713.93
2050-11-18 07:00:00,-9030.34
2050-11-18 08:00:00,-7114.14
2050-11-18 09:00:00,-8430.29
2050-11-18 10:00:00,-9033.88
2050-11-18 11:00:00,-9557.71
2050-11-18 12:00:00,-7659.46
2050-11-18 13:00:00,-7952.46
2050-11-18 14:00:00,-7044.93
2050-11-18 15:00:00,-6844.33
2050-11-18 16:00:00,-7043.17
2050-11-18 17:00:00,-7020.76
2050-11-18 18:00:00,-5553.08
2050-11-18 19:00:00,-5923.2
2050-11-18 20:00:00,-6201.4
2050-11-18 21:00:00,-5755.89
2050-11-18 22:00:00,-6145.07
2050-11-18 23:00:00,-4907.12
2050-11-19 00:00:00,-5844.75
2050-11-19 01:00:00,-6156.13
2050-11-19 02:00:00,-3838.17
2050-11-19 03:00:00,-3426.82
2050-11-19 04:00:00,-4065.71
2050-11-19 05:00:00,-3497.42
2050-11-19 06:00:00,-2130.37
2050-11-19 07:00:00,-6281.18
2050-11-19 08:00:00,-8275.45
2050-11-19 09:00:00,-8117.83
2050-11-19 10:00:00,-8798.11
2050-11-19 11:00:00,-7873.45
2050-11-19 12:00:00,-8157.68
2050-11-19 13:00:00,-7102.35
2050-11-19 14:00:00,-7195.21
2050-11-19 15:00:00,-8521.63
2050-11-19 16:00:00,-7198.34
2050-11-19 17:00:00,-5567.3
2050-11-19 18:00:00,-4836.36
2050-11-19 19:00:00,-5835.02
2050-11-19 20:00:00,-5784.59
2050-11-19 21:00:00,-7274.56
2050-11-19 22:00:00,-9731.37
2050-11-19 23:00:00,-8480.46
2050-11-20 00:00:00,-10241.43
2050-11-20 01:00:00,-10326.94
2050-11-20 02:00:00,-9852.01
2050-11-20 03:00:00,-9124.32
2050-11-20 04:00:00,-9336.3
2050-11-20 05:00:00,-10173.32
2050-11-20 06:00:00,-10499.36
2050-11-20 07:00:00,-11235.45
2050-11-20 08:00:00,-11771.49
2050-11-20 09:00:00,-12576.72
2050-11-20 10:00:00,-12922.86
2050-11-20 11:00:00,-11690.72
2050-11-20 12:00:00,-11303.33
2050-11-20 13:00:00,-11432.24
2050-11-20 14:00:00,-10615.6
2050-11-20 15:00:00,-11012.06
2050-11-20 16:00:00,-9297.58
2050-11-20 17:00:00,-8774.18
2050-11-20 18:00:00,-9446.04
2050-11-20 19:00:00,-9343.74
2050-11-20 20:00:00,-9573.29
2050-11-20 21:00:00,-9749.82
2050-11-20 22:00:00,-9714.97
2050-11-20 23:00:00,-9211.03
2050-11-21 00:00:00,-8835.7
2050-11-21 01:00:00,-8383.97
2050-11-21 02:00:00,-8579.31
2050-11-21 03:00:00,-8411.6
2050-11-21 04:00:00,-6243.09
2050-11-21 05:00:00,-5042.67
2050-11-21 06:00:00,-3875.25
2050-11-21 07:00:00,-9741.36
2050-11-21 08:00:00,-6040.12
2050-11-21 09:00:00,-9275.64
2050-11-21 10:00:00,-9947.27
2050-11-21 11:00:00,-9635.1
2050-11-21 12:00:00,-10167.82
2050-11-21 13:00:00,-9119.81
2050-11-21 14:00:00,-8347.56
2050-11-21 15:00:00,-7677.9
2050-11-21 16:00:00,-5942.59
2050-11-21 17:00:00,-8838.83
2050-11-21 18:00:00,-9655.05
2050-11-21 19:00:00,-9709.14
2050-11-21 20:00:00,-9607.0
2050-11-21 21:00:00,-9689.67
2050-11-21 22:00:00,-9955.59
2050-11-21 23:00:00,-10316.02
2050-11-22 00:00:00,-10735.11
2050-11-22 01:00:00,-10967.12
2050-11-22 02:00:00,-11290.51
2050-11-22 03:00:00,-11489.88
2050-11-22 04:00:00,-11643.22
2050-11-22 05:00:00,-11715.52
2050-11-22 06:00:00,-11658.82
2050-11-22 07:00:00,-10807.52
2050-11-22 08:00:00,-9451.69
2050-11-22 09:00:00,-6625.47
2050-11-22 10:00:00,-7911.76
2050-11-22 11:00:00,-6618.46
2050-11-22 12:00:00,-6410.86
2050-11-22 13:00:00,-8398.03
2050-11-22 14:00:00,-9468.94
2050-11-22 15:00:00,-9890.36
2050-11-22 16:00:00,-9273.26
2050-11-22 17:00:00,-9757.43
2050-11-22 18:00:00,-10475.26
2050-11-22 19:00:00,-10579.05
2050-11-22 20:00:00,-10227.09
2050-11-22 21:00:00,-10114.09
2050-11-22 22:00:00,-10227.2
2050-11-22 23:00:00,-11074.61
2050-11-23 00:00:00,-11438.18
2050-11-23 01:00:00,-11527.62
2050-11-23 02:00:00,-11889.94
2050-11-23 03:00:00,-10771.22
2050-11-23 04:00:00,-9788.59
2050-11-23 05:00:00,-8110.71
2050-11-23 06:00:00,-7228.08
2050-11-23 07:00:00,-11509.3
2050-11-23 08:00:00,-8993.4
2050-11-23 09:00:00,-8846.26
2050-11-23 10:00:00,-9111.71
2050-11-23 11:00:00,-7140.59
2050-11-23 12:00:00,-5278.42
2050-11-23 13:00:00,-4233.08
2050-11-23 14:00:00,-4545.27
2050-11-23 15:00:00,-4555.54
2050-11-23 16:00:00,-2405.61
2050-11-23 17:00:00,-1586.29
2050-11-23 18:00:00,-1521.02
2050-11-23 19:00:00,-1152.08
2050-11-23 20:00:00,-2275.91
2050-11-23 21:00:00,-1088.31
2050-11-23 22:00:00,-660.76
2050-11-23 23:00:00,-1825.76
2050-11-24 00:00:00,-1770.01
2050-11-24 01:00:00,-1115.66
2050-11-24 02:00:00,-1331.21
2050-11-24 03:00:00,-1558.44
2050-11-24 04:00:00,-2733.65
2050-11-24 05:00:00,-1877.31
2050-11-24 06:00:00,-62.34
2050-11-24 07:00:00,21.51
2050-11-24 08:00:00,1079.55
2050-11-24 09:00:00,-1660.98
2050-11-24 10:00:00,-3639.44
2050-11-24 11:00:00,-4215.04
2050-11-24 12:00:00,-3957.08
2050-11-24 13:00:00,-3338.69
2050-11-24 14:00:00,-2147.75
2050-11-24 15:00:00,-491.14
2050-11-24 16:00:00,-732.92
2050-11-24 17:00:00,-1888.8
2050-11-24 18:00:00,-900.73
2050-11-24 19:00:00,-1631.62
2050-11-24 20:00:00,-1262.99
2050-11-24 21:00:00,-3001.54
2050-11-24 22:00:00,-2067.72
2050-11-24 23:00:00,-3052.85
2050-11-25 00:00:00,-2361.86
2050-11-25 01:00:00,-5015.1
2050-11-25 02:00:00,-4416.76
2050-11-25 03:00:00,-5242.24
2050-11-25 04:00:00,-4151.19
2050-11-25 05:00:00,-3212.46
2050-11-25 06:00:00,-1067.7
2050-11-25 07:00:00,-550.01
2050-11-25 08:00:00,-1472.76
2050-11-25 09:00:00,-285.53
2050-11-25 10:00:00,-229.01
2050-11-25 11:00:00,-658.5
2050-11-25 12:00:00,1040.86
2050-11-25 13:00:00,1023.74
2050-11-25 14:00:00,1279.32
2050-11-25 15:00:00,926.04
2050-11-25 16:00:00,2484.23
2050-11-25 17:00:00,2844.74
2050-11-25 18:00:00,3384.81
2050-11-25 19:00:00,2907.89
2050-11-25 20:00:00,2704.19
2050-11-25 21:00:00,3342.74
2050-11-25 22:00:00,2642.62
2050-11-25 23:00:00,1353.38
2050-11-26 00:00:00,104.5
2050-11-26 01:00:00,-1330.8
2050-11-26 02:00:00,-1637.44
2050-11-26 03:00:00,-819.65
2050-11-26 04:00:00,-687.9
2050-11-26 05:00:00,-2442.1
2050-11-26 06:00:00,-3170.25
2050-11-26 07:00:00,-3669.48
2050-11-26 08:00:00,-5403.31
2050-11-26 09:00:00,-6680.86
2050-11-26 10:00:00,-8072.92
2050-11-26 11:00:00,-6363.8
2050-11-26 12:00:00,-6757.7
2050-11-26 13:00:00,-7261.12
2050-11-26 14:00:00,-8634.37
2050-11-26 15:00:00,-10611.36
2050-11-26 16:00:00,-10432.85
2050-11-26 17:00:00,-10561.32
2050-11-26 18:00:00,-9232.65
2050-11-26 19:00:00,-8309.84
2050-11-26 20:00:00,-9350.22
2050-11-26 21:00:00,-9459.95
2050-11-26 22:00:00,-9665.18
2050-11-26 23:00:00,-9889.67
2050-11-27 00:00:00,-8970.41
2050-11-27 01:00:00,-9072.39
2050-11-27 02:00:00,-9722.27
2050-11-27 03:00:00,-9056.94
2050-11-27 04:00:00,-8545.17
2050-11-27 05:00:00,-7631.39
2050-11-27 06:00:00,-5541.88
2050-11-27 07:00:00,-5796.58
2050-11-27 08:00:00,-9478.6
2050-11-27 09:00:00,-12294.68
2050-11-27 10:00:00,-10060.37
2050-11-27 11:00:00,-11774.9
2050-11-27 12:00:00,-10821.76
2050-11-27 13:00:00,-9932.44
2050-11-27 14:00:00,-11194.22
2050-11-27 15:00:00,-7725.2
2050-11-27 16:00:00,-9186.44
2050-11-27 17:00:00,-9934.67
2050-11-27 18:00:00,-9451.52
2050-11-27 19:00:00,-9206.16
2050-11-27 20:00:00,-8969.7
2050-11-27 21:00:00,-9238.95
2050-11-27 22:00:00,-9335.69
2050-11-27 23:00:00,-9540.13
2050-11-28 00:00:00,-9826.53
2050-11-28 01:00:00,-9520.12
2050-11-28 02:00:00,-10241.66
2050-11-28 03:00:00,-9037.44
2050-11-28 04:00:00,-7674.72
2050-11-28 05:00:00,-6417.77
2050-11-28 06:00:00,-6788.06
2050-11-28 07:00:00,-6173.43
2050-11-28 08:00:00,-8957.69
2050-11-28 09:00:00,-10118.32
2050-11-28 10:00:00,-9950.78
2050-11-28 11:00:00,-10317.13
2050-11-28 12:00:00,-10462.31
2050-11-28 13:00:00,-10008.51
2050-11-28 14:00:00,-9412.29
2050-11-28 15:00:00,-9422.6
2050-11-28 16:00:00,-10125.1
2050-11-28 17:00:00,-9685.37
2050-11-28 18:00:00,-9913.2
2050-11-28 19:00:00,-9306.19
2050-11-28 20:00:00,-8710.06
2050-11-28 21:00:00,-9228.54
2050-11-28 22:00:00,-9091.04
2050-11-28 23:00:00,-8784.25
2050-11-29 00:00:00,-9002.43
2050-11-29 01:00:00,-7821.33
2050-11-29 02:00:00,-7783.4
2050-11-29 03:00:00,-7167.16
2050-11-29 04:00:00,-5635.27
2050-11-29 05:00:00,-6246.71
2050-11-29 06:00:00,-5834.37
2050-11-29 07:00:00,-5958.68
2050-11-29 08:00:00,-8614.02
2050-11-29 09:00:00,-9515.11
2050-11-29 10:00:00,-9308.95
2050-11-29 11:00:00,-7831.77
2050-11-29 12:00:00,-7670.89
2050-11-29 13:00:00,-8407.35
2050-11-29 14:00:00,-6655.68
2050-11-29 15:00:00,-6498.25
2050-11-29 16:00:00,-5369.84
2050-11-29 17:00:00,-5229.58
2050-11-29 18:00:00,-4365.08
2050-11-29 19:00:00,-4640.53
2050-11-29 20:00:00,-4187.23
2050-11-29 21:00:00,-5877.53
2050-11-29 22:00:00,-5753.38
2050-11-29 23:00:00,-5293.2
2050-11-30 00:00:00,-3864.93
2050-11-30 01:00:00,-2585.68
2050-11-30 02:00:00,-1906.52
2050-11-30 03:00:00,-1837.95
2050-11-30 04:00:00,-1087.77
2050-11-30 05:00:00,-856.09
2050-11-30 06:00:00,-651.85
2050-11-30 07:00:00,-1146.97
2050-11-30 08:00:00,-2372.55
2050-11-30 09:00:00,-3335.41
2050-11-30 10:00:00,-3393.94
2050-11-30 11:00:00,-4605.81
2050-11-30 12:00:00,-7481.73
2050-11-30 13:00:00,-6232.68
2050-11-30 14:00:00,-7150.03
2050-11-30 15:00:00,-8094.18
2050-11-30 16:00:00,-6830.23
2050-11-30 17:00:00,-6956.75
2050-11-30 18:00:00,-6395.03
2050-11-30 19:00:00,-8251.34
2050-11-30 20:00:00,-10263.48
2050-11-30 21:00:00,-9870.74
2050-11-30 22:00:00,-9446.68
2050-11-30 23:00:00,-8745.5
2050-12-01 00:00:00,-10964.17
2050-12-01 01:00:00,-8187.8
2050-12-01 02:00:00,-10577.55
2050-12-01 03:00:00,-8471.54
2050-12-01 04:00:00,-10648.39
2050-12-01 05:00:00,-11824.18
2050-12-01 06:00:00,-10332.7
2050-12-01 07:00:00,-8824.09
2050-12-01 08:00:00,-13180.08
2050-12-01 09:00:00,-11038.28
2050-12-01 10:00:00,-11522.23
2050-12-01 11:00:00,-11646.37
2050-12-01 12:00:00,-9518.32
2050-12-01 13:00:00,-7454.91
2050-12-01 14:00:00,-7788.3
2050-12-01 15:00:00,-6123.38
2050-12-01 16:00:00,-8101.04
2050-12-01 17:00:00,-8900.23
2050-12-01 18:00:00,-8682.43
2050-12-01 19:00:00,-10164.38
2050-12-01 20:00:00,-8771.22
2050-12-01 21:00:00,-7950.95
2050-12-01 22:00:00,-6611.41
2050-12-01 23:00:00,-6190.3
2050-12-02 00:00:00,-6238.04
2050-12-02 01:00:00,-5487.28
2050-12-02 02:00:00,-5858.3
2050-12-02 03:00:00,-6758.06
2050-12-02 04:00:00,-7927.73
2050-12-02 05:00:00,-7164.75
2050-12-02 06:00:00,-5123.64
2050-12-02 07:00:00,-5011.66
2050-12-02 08:00:00,-6529.34
2050-12-02 09:00:00,-9059.41
2050-12-02 10:00:00,-10518.76
2050-12-02 11:00:00,-10024.2
2050-12-02 12:00:00,-8819.15
2050-12-02 13:00:00,-3982.2
2050-12-02 14:00:00,-5819.93
2050-12-02 15:00:00,-7258.76
2050-12-02 16:00:00,-8076.74
2050-12-02 17:00:00,-7549.63
2050-12-02 18:00:00,-8750.38
2050-12-02 19:00:00,-8934.95
2050-12-02 20:00:00,-9155.18
2050-12-02 21:00:00,-9406.25
2050-12-02 22:00:00,-8905.08
2050-12-02 23:00:00,-7253.75
2050-12-03 00:00:00,-5860.61
2050-12-03 01:00:00,-7905.84
2050-12-03 02:00:00,-8383.9
2050-12-03 03:00:00,-8167.33
2050-12-03 04:00:00,-9771.11
2050-12-03 05:00:00,-10771.69
2050-12-03 06:00:00,-10321.97
2050-12-03 07:00:00,-10689.8
2050-12-03 08:00:00,-13930.33
2050-12-03 09:00:00,-14508.19
2050-12-03 10:00:00,-15057.17
2050-12-03 11:00:00,-15300.94
2050-12-03 12:00:00,-15245.56
2050-12-03 13:00:00,-12611.66
2050-12-03 14:00:00,-13013.91
2050-12-03 15:00:00,-12788.61
2050-12-03 16:00:00,-10888.17
2050-12-03 17:00:00,-10456.46
2050-12-03 18:00:00,-9670.53
2050-12-03 19:00:00,-9177.5
2050-12-03 20:00:00,-8487.2
2050-12-03 21:00:00,-8532.27
2050-12-03 22:00:00,-7318.16
2050-12-03 23:00:00,-8119.18
2050-12-04 00:00:00,-6523.32
2050-12-04 01:00:00,-4072.73
2050-12-04 02:00:00,-3541.24
2050-12-04 03:00:00,-5437.72
2050-12-04 04:00:00,-4923.71
2050-12-04 05:00:00,-4220.33
2050-12-04 06:00:00,-2774.4
2050-12-04 07:00:00,-2897.84
2050-12-04 08:00:00,-4115.98
2050-12-04 09:00:00,-4072.67
2050-12-04 10:00:00,-4000.22
2050-12-04 11:00:00,-4221.45
2050-12-04 12:00:00,-3688.93
2050-12-04 13:00:00,-3397.27
2050-12-04 14:00:00,-681.23
2050-12-04 15:00:00,782.75
2050-12-04 16:00:00,1175.36
2050-12-04 17:00:00,1648.27
2050-12-04 18:00:00,1875.65
2050-12-04 19:00:00,2254.8
2050-12-04 20:00:00,5.89
2050-12-04 21:00:00,822.03
2050-12-04 22:00:00,1228.23
2050-12-04 23:00:00,2158.73
2050-12-05 00:00:00,518.89
2050-12-05 01:00:00,-303.15
2050-12-05 02:00:00,-1.22
2050-12-05 03:00:00,-2582.75
2050-12-05 04:00:00,-2748.81
2050-12-05 05:00:00,-3557.47
2050-12-05 06:00:00,-4688.11
2050-12-05 07:00:00,-3968.52
2050-12-05 08:00:00,-3710.18
2050-12-05 09:00:00,-4930.65
2050-12-05 10:00:00,-5185.11
2050-12-05 11:00:00,-5496.56
2050-12-05 12:00:00,-7383.66
2050-12-05 13:00:00,-7973.91
2050-12-05 14:00:00,-6558.02
2050-12-05 15:00:00,-5749.6
2050-12-05 16:00:00,-3506.54
2050-12-05 17:00:00,-2596.1
2050-12-05 18:00:00,-2815.57
2050-12-05 19:00:00,-3231.56
2050-12-05 20:00:00,-1074.03
2050-12-05 21:00:00,-1384.62
2050-12-05 22:00:00,-2040.3
2050-12-05 23:00:00,-2766.52
2050-12-06 00:00:00,-3537.23
2050-12-06 01:00:00,-2958.17
2050-12-06 02:00:00,-4389.12
2050-12-06 03:00:00,-2660.14
2050-12-06 04:00:00,-2492.66
2050-12-06 05:00:00,-3650.53
2050-12-06 06:00:00,-2111.58
2050-12-06 07:00:00,-5219.88
2050-12-06 08:00:00,-5521.82
2050-12-06 09:00:00,-6380.25
2050-12-06 10:00:00,-6439.48
2050-12-06 11:00:00,-5886.56
2050-12-06 12:00:00,-8295.47
2050-12-06 13:00:00,-9227.85
2050-12-06 14:00:00,-8695.45
2050-12-06 15:00:00,-9732.65
2050-12-06 16:00:00,-9748.68
2050-12-06 17:00:00,-9244.79
2050-12-06 18:00:00,-9144.16
2050-12-06 19:00:00,-8929.45
2050-12-06 20:00:00,-8751.95
2050-12-06 21:00:00,-8359.6
2050-12-06 22:00:00,-8153.37
2050-12-06 23:00:00,-9296.52
2050-12-07 00:00:00,-9629.9
2050-12-07 01:00:00,-9187.56
2050-12-07 02:00:00,-9598.26
2050-12-07 03:00:00,-8043.43
2050-12-07 04:00:00,-7028.43
2050-12-07 05:00:00,-7067.02
2050-12-07 06:00:00,-5858.27
2050-12-07 07:00:00,-5178.26
2050-12-07 08:00:00,-2158.11
2050-12-07 09:00:00,-2563.28
2050-12-07 10:00:00,-866.0
2050-12-07 11:00:00,-50.23
2050-12-07 12:00:00,-803.78
2050-12-07 13:00:00,-126.96
2050-12-07 14:00:00,-948.98
2050-12-07 15:00:00,-88.36
2050-12-07 16:00:00,-318.45
2050-12-07 17:00:00,1150.14
2050-12-07 18:00:00,2020.78
2050-12-07 19:00:00,915.36
2050-12-07 20:00:00,2271.12
2050-12-07 21:00:00,2169.52
2050-12-07 22:00:00,1834.98
2050-12-07 23:00:00,713.49
2050-12-08 00:00:00,-776.0
2050-12-08 01:00:00,-423.96
2050-12-08 02:00:00,-374.58
2050-12-08 03:00:00,-230.23
2050-12-08 04:00:00,1209.59
2050-12-08 05:00:00,2120.8
2050-12-08 06:00:00,2941.41
2050-12-08 07:00:00,3001.01
2050-12-08 08:00:00,2593.15
2050-12-08 09:00:00,1595.5
2050-12-08 10:00:00,886.54
2050-12-08 11:00:00,1824.27
2050-12-08 12:00:00,643.67
2050-12-08 13:00:00,1715.05
2050-12-08 14:00:00,1412.85
2050-12-08 15:00:00,1830.38
2050-12-08 16:00:00,1384.49
2050-12-08 17:00:00,1487.6
2050-12-08 18:00:00,389.24
2050-12-08 19:00:00,223.39
2050-12-08 20:00:00,1657.71
2050-12-08 21:00:00,561.8
2050-12-08 22:00:00,-1242.71
2050-12-08 23:00:00,-2002.97
2050-12-09 00:00:00,-3538.37
2050-12-09 01:00:00,-2330.58
2050-12-09 02:00:00,-1521.85
2050-12-09 03:00:00,-1189.22
2050-12-09 04:00:00,-208.16
2050-12-09 05:00:00,-184.43
2050-12-09 06:00:00,292.08
2050-12-09 07:00:00,-3516.4
2050-12-09 08:00:00,-4661.54
2050-12-09 09:00:00,-6878.26
2050-12-09 10:00:00,-4280.88
2050-12-09 11:00:00,-5625.89
2050-12-09 12:00:00,-3854.56
2050-12-09 13:00:00,-3705.18
2050-12-09 14:00:00,-3027.9
2050-12-09 15:00:00,-1938.9
2050-12-09 16:00:00,-779.96
2050-12-09 17:00:00,-1950.73
2050-12-09 18:00:00,-3227.05
2050-12-09 19:00:00,-3950.98
2050-12-09 20:00:00,-4311.69
2050-12-09 21:00:00,-6331.79
2050-12-09 22:00:00,-4835.96
2050-12-09 23:00:00,-5467.61
2050-12-10 00:00:00,-5753.45
2050-12-10 01:00:00,-6496.2
2050-12-10 02:00:00,-7194.11
2050-12-10 03:00:00,-7589.98
2050-12-10 04:00:00,-9029.46
2050-12-10 05:00:00,-9410.83
2050-12-10 06:00:00,-8657.86
2050-12-10 07:00:00,-9151.41
2050-12-10 08:00:00,-10820.41
2050-12-10 09:00:00,-11801.5
2050-12-10 10:00:00,-10357.82
2050-12-10 11:00:00,-9967.62
2050-12-10 12:00:00,-6008.34
2050-12-10 13:00:00,-3857.17
2050-12-10 14:00:00,-2776.46
2050-12-10 15:00:00,-2458.08
2050-12-10 16:00:00,-1402.0
2050-12-10 17:00:00,-2093.14
2050-12-10 18:00:00,-303.18
2050-12-10 19:00:00,-1154.61
2050-12-10 20:00:00,-1011.85
2050-12-10 21:00:00,-1606.93
2050-12-10 22:00:00,-2324.88
2050-12-10 23:00:00,-1168.8
2050-12-11 00:00:00,-761.84
2050-12-11 01:00:00,-548.96
2050-12-11 02:00:00,-217.12
2050-12-11 03:00:00,-2597.46
2050-12-11 04:00:00,-2846.2
2050-12-11 05:00:00,-817.85
2050-12-11 06:00:00,207.53
2050-12-11 07:00:00,-1696.58
2050-12-11 08:00:00,-3939.82
2050-12-11 09:00:00,-6900.91
2050-12-11 10:00:00,-4071.03
2050-12-11 11:00:00,-5627.11
2050-12-11 12:00:00,-7425.6
2050-12-11 13:00:00,-5929.5
2050-12-11 14:00:00,-5062.46
2050-12-11 15:00:00,-6752.51
2050-12-11 16:00:00,-6980.08
2050-12-11 17:00:00,-6584.98
2050-12-11 18:00:00,-7325.89
2050-12-11 19:00:00,-7229.24
2050-12-11 20:00:00,-7801.54
2050-12-11 21:00:00,-9329.36
2050-12-11 22:00:00,-9834.56
2050-12-11 23:00:00,-9896.7
2050-12-12 00:00:00,-10144.99
2050-12-12 01:00:00,-9798.3
2050-12-12 02:00:00,-10546.0
2050-12-12 03:00:00,-9239.36
2050-12-12 04:00:00,-7884.92
2050-12-12 05:00:00,-7284.29
2050-12-12 06:00:00,-7257.94
2050-12-12 07:00:00,-10045.64
2050-12-12 08:00:00,-10517.53
2050-12-12 09:00:00,-8026.9
2050-12-12 10:00:00,-6164.61
2050-12-12 11:00:00,-5716.24
2050-12-12 12:00:00,-5439.09
2050-12-12 13:00:00,-3669.9
2050-12-12 14:00:00,-2542.44
2050-12-12 15:00:00,-3121.4
2050-12-12 16:00:00,-3015.7
2050-12-12 17:00:00,-3161.2
2050-12-12 18:00:00,-4483.53
2050-12-12 19:00:00,-3989.45
2050-12-12 20:00:00,-5789.48
2050-12-12 21:00:00,-7256.23
2050-12-12 22:00:00,-7896.96
2050-12-12 23:00:00,-7618.86
2050-12-13 00:00:00,-6484.31
2050-12-13 01:00:00,-7638.72
2050-12-13 02:00:00,-8008.98
2050-12-13 03:00:00,-8109.31
2050-12-13 04:00:00,-7309.69
2050-12-13 05:00:00,-6581.32
2050-12-13 06:00:00,-6132.73
2050-12-13 07:00:00,-6315.91
2050-12-13 08:00:00,-7399.71
2050-12-13 09:00:00,-9134.18
2050-12-13 10:00:00,-9706.65
2050-12-13 11:00:00,-4231.53
2050-12-13 12:00:00,-5191.55
2050-12-13 13:00:00,-5467.9
2050-12-13 14:00:00,-5175.08
2050-12-13 15:00:00,-5572.71
2050-12-13 16:00:00,-4866.2
2050-12-13 17:00:00,-3966.7
2050-12-13 18:00:00,-4142.96
2050-12-13 19:00:00,-5588.38
2050-12-13 20:00:00,-6673.19
2050-12-13 21:00:00,-5788.33
2050-12-13 22:00:00,-5127.07
2050-12-13 23:00:00,-5515.95
2050-12-14 00:00:00,-5939.66
2050-12-14 01:00:00,-5490.87
2050-12-14 02:00:00,-4986.42
2050-12-14 03:00:00,-5593.19
2050-12-14 04:00:00,-5711.23
2050-12-14 05:00:00,-6031.59
2050-12-14 06:00:00,-6348.27
2050-12-14 07:00:00,-3396.88
2050-12-14 08:00:00,-4474.47
2050-12-14 09:00:00,-6521.57
2050-12-14 10:00:00,-5899.6
2050-12-14 11:00:00,-6961.54
2050-12-14 12:00:00,-7379.59
2050-12-14 13:00:00,-7217.52
2050-12-14 14:00:00,-6564.22
2050-12-14 15:00:00,-7099.18
2050-12-14 16:00:00,-6485.41
2050-12-14 17:00:00,-6086.36
2050-12-14 18:00:00,-6276.42
2050-12-14 19:00:00,-5585.04
2050-12-14 20:00:00,-6884.46
2050-12-14 21:00:00,-8107.88
2050-12-14 22:00:00,-8241.93
2050-12-14 23:00:00,-8511.11
2050-12-15 00:00:00,-8647.8
2050-12-15 01:00:00,-7757.07
2050-12-15 02:00:00,-8939.17
2050-12-15 03:00:00,-9069.41
2050-12-15 04:00:00,-6338.82
2050-12-15 05:00:00,-5962.33
2050-12-15 06:00:00,-7094.38
2050-12-15 07:00:00,-7681.4
2050-12-15 08:00:00,-7836.86
2050-12-15 09:00:00,-7401.4
2050-12-15 10:00:00,-8403.18
2050-12-15 11:00:00,-7993.52
2050-12-15 12:00:00,-11079.83
2050-12-15 13:00:00,-12112.17
2050-12-15 14:00:00,-9725.15
2050-12-15 15:00:00,-9827.78
2050-12-15 16:00:00,-9301.44
2050-12-15 17:00:00,-8852.13
2050-12-15 18:00:00,-8814.68
2050-12-15 19:00:00,-8528.3
2050-12-15 20:00:00,-8432.43
2050-12-15 21:00:00,-8476.16
2050-12-15 22:00:00,-8688.35
2050-12-15 23:00:00,-8971.78
2050-12-16 00:00:00,-9307.5
2050-12-16 01:00:00,-9453.28
2050-12-16 02:00:00,-9683.46
2050-12-16 03:00:00,-9803.87
2050-12-16 04:00:00,-9878.87
2050-12-16 05:00:00,-9888.74
2050-12-16 06:00:00,-9777.47
2050-12-16 07:00:00,-9624.08
2050-12-16 08:00:00,-10591.02
2050-12-16 09:00:00,-9858.99
2050-12-16 10:00:00,-8597.04
2050-12-16 11:00:00,-8342.16
2050-12-16 12:00:00,-10837.52
2050-12-16 13:00:00,-10562.88
2050-12-16 14:00:00,-6483.62
2050-12-16 15:00:00,-7180.15
2050-12-16 16:00:00,-9107.69
2050-12-16 17:00:00,-8972.47
2050-12-16 18:00:00,-8577.85
2050-12-16 19:00:00,-7378.81
2050-12-16 20:00:00,-8455.9
2050-12-16 21:00:00,-8337.59
2050-12-16 22:00:00,-8636.93
2050-12-16 23:00:00,-8747.94
2050-12-17 00:00:00,-9004.44
2050-12-17 01:00:00,-8843.87
2050-12-17 02:00:00,-10124.31
2050-12-17 03:00:00,-10223.75
2050-12-17 04:00:00,-10175.58
2050-12-17 05:00:00,-8766.4
2050-12-17 06:00:00,-10139.83
2050-12-17 07:00:00,-10093.67
2050-12-17 08:00:00,-10153.89
2050-12-17 09:00:00,-9689.4
2050-12-17 10:00:00,-8593.58
2050-12-17 11:00:00,-6590.26
2050-12-17 12:00:00,-7826.32
2050-12-17 13:00:00,-6894.46
2050-12-17 14:00:00,-9539.42
2050-12-17 15:00:00,-9287.5
2050-12-17 16:00:00,-6570.53
2050-12-17 17:00:00,-4737.08
2050-12-17 18:00:00,-5909.74
2050-12-17 19:00:00,-6662.25
2050-12-17 20:00:00,-6578.84
2050-12-17 21:00:00,-4915.75
2050-12-17 22:00:00,-6724.9
2050-12-17 23:00:00,-7981.66
2050-12-18 00:00:00,-7519.4
2050-12-18 01:00:00,-9402.46
2050-12-18 02:00:00,-10056.96
2050-12-18 03:00:00,-10352.54
2050-12-18 04:00:00,-10426.15
2050-12-18 05:00:00,-10425.03
2050-12-18 06:00:00,-10266.44
2050-12-18 07:00:00,-10252.71
2050-12-18 08:00:00,-10306.91
2050-12-18 09:00:00,-10340.43
2050-12-18 10:00:00,-11927.99
2050-12-18 11:00:00,-8731.18
2050-12-18 12:00:00,-6933.42
2050-12-18 13:00:00,-9805.81
2050-12-18 14:00:00,-9950.94
2050-12-18 15:00:00,-9474.72
2050-12-18 16:00:00,-9815.26
2050-12-18 17:00:00,-9825.5
2050-12-18 18:00:00,-9451.04
2050-12-18 19:00:00,-9182.62
2050-12-18 20:00:00,-8626.73
2050-12-18 21:00:00,-9187.37
2050-12-18 22:00:00,-9345.58
2050-12-18 23:00:00,-9188.49
2050-12-19 00:00:00,-9480.29
2050-12-19 01:00:00,-7450.0
2050-12-19 02:00:00,-9575.71
2050-12-19 03:00:00,-9463.39
2050-12-19 04:00:00,-8143.7
2050-12-19 05:00:00,-8077.53
2050-12-19 06:00:00,-8449.95
2050-12-19 07:00:00,-8025.26
2050-12-19 08:00:00,-7559.47
2050-12-19 09:00:00,-7902.47
2050-12-19 10:00:00,-10064.32
2050-12-19 11:00:00,-10681.83
2050-12-19 12:00:00,-9649.53
2050-12-19 13:00:00,-8509.59
2050-12-19 14:00:00,-7746.53
2050-12-19 15:00:00,-7491.41
2050-12-19 16:00:00,-6446.54
2050-12-19 17:00:00,-6821.56
2050-12-19 18:00:00,-7087.47
2050-12-19 19:00:00,-5540.25
2050-12-19 20:00:00,-5053.6
2050-12-19 21:00:00,-7404.4
2050-12-19 22:00:00,-6560.2
2050-12-19 23:00:00,-6061.39
2050-12-20 00:00:00,-6495.48
2050-12-20 01:00:00,-5618.49
2050-12-20 02:00:00,-4693.29
2050-12-20 03:00:00,-3739.2
2050-12-20 04:00:00,-2408.35
2050-12-20 05:00:00,-1677.76
2050-12-20 06:00:00,-868.9
2050-12-20 07:00:00,-853.72
2050-12-20 08:00:00,-2095.66
2050-12-20 09:00:00,-3986.21
2050-12-20 10:00:00,-2903.35
2050-12-20 11:00:00,-1974.62
2050-12-20 12:00:00,-1285.42
2050-12-20 13:00:00,-1372.08
2050-12-20 14:00:00,-863.9
2050-12-20 15:00:00,641.74
2050-12-20 16:00:00,2140.2
2050-12-20 17:00:00,2525.84
2050-12-20 18:00:00,2014.06
2050-12-20 19:00:00,1358.69
2050-12-20 20:00:00,922.24
2050-12-20 21:00:00,-615.33
2050-12-20 22:00:00,-1185.46
2050-12-20 23:00:00,-3112.09
2050-12-21 00:00:00,-2867.58
2050-12-21 01:00:00,-4804.99
2050-12-21 02:00:00,-4491.98
2050-12-21 03:00:00,-3918.8
2050-12-21 04:00:00,-5531.0
2050-12-21 05:00:00,-6684.02
2050-12-21 06:00:00,-4259.41
2050-12-21 07:00:00,-4468.77
2050-12-21 08:00:00,-2928.54
2050-12-21 09:00:00,-3033.83
2050-12-21 10:00:00,-1666.71
2050-12-21 11:00:00,-1934.68
2050-12-21 12:00:00,1362.55
2050-12-21 13:00:00,2432.44
2050-12-21 14:00:00,1914.99
2050-12-21 15:00:00,987.58
2050-12-21 16:00:00,1802.55
2050-12-21 17:00:00,1783.71
2050-12-21 18:00:00,1612.68
2050-12-21 19:00:00,1734.07
2050-12-21 20:00:00,1431.92
2050-12-21 21:00:00,579.25
2050-12-21 22:00:00,2639.35
2050-12-21 23:00:00,2470.99
2050-12-22 00:00:00,2824.16
2050-12-22 01:00:00,2909.76
2050-12-22 02:00:00,1989.56
2050-12-22 03:00:00,1298.97
2050-12-22 04:00:00,1570.25
2050-12-22 05:00:00,784.69
2050-12-22 06:00:00,-380.25
2050-12-22 07:00:00,-4118.37
2050-12-22 08:00:00,-6172.65
2050-12-22 09:00:00,-7229.68
2050-12-22 10:00:00,-10037.15
2050-12-22 11:00:00,-11139.21
2050-12-22 12:00:00,-11295.01
2050-12-22 13:00:00,-12250.82
2050-12-22 14:00:00,-12762.87
2050-12-22 15:00:00,-11908.17
2050-12-22 16:00:00,-10388.46
2050-12-22 17:00:00,-10048.97
2050-12-22 18:00:00,-9161.59
2050-12-22 19:00:00,-8634.09
2050-12-22 20:00:00,-7689.68
2050-12-22 21:00:00,-7572.16
2050-12-22 22:00:00,-6372.83
2050-12-22 23:00:00,-6169.48
2050-12-23 00:00:00,-8735.81
2050-12-23 01:00:00,-8596.23
2050-12-23 02:00:00,-8229.5
2050-12-23 03:00:00,-6584.59
2050-12-23 04:00:00,-7798.7
2050-12-23 05:00:00,-7338.95
2050-12-23 06:00:00,-4041.12
2050-12-23 07:00:00,-2179.36
2050-12-23 08:00:00,-2782.18
2050-12-23 09:00:00,-6313.4
2050-12-23 10:00:00,-5495.64
2050-12-23 11:00:00,-4110.08
2050-12-23 12:00:00,-5410.71
2050-12-23 13:00:00,-6384.87
2050-12-23 14:00:00,-6260.29
2050-12-23 15:00:00,-6575.34
2050-12-23 16:00:00,-4518.15
2050-12-23 17:00:00,-4671.31
2050-12-23 18:00:00,-3050.12
2050-12-23 19:00:00,-5090.33
2050-12-23 20:00:00,-4387.51
2050-12-23 21:00:00,-3410.72
2050-12-23 22:00:00,-4083.03
2050-12-23 23:00:00,-4804.18
2050-12-24 00:00:00,-5159.18
2050-12-24 01:00:00,-5696.73
2050-12-24 02:00:00,-6023.41
2050-12-24 03:00:00,-5048.59
2050-12-24 04:00:00,-5883.04
2050-12-24 05:00:00,-5317.23
2050-12-24 06:00:00,-6398.49
2050-12-24 07:00:00,-8008.5
2050-12-24 08:00:00,-8898.36
2050-12-24 09:00:00,-5907.61
2050-12-24 10:00:00,-8878.66
2050-12-24 11:00:00,-10651.68
2050-12-24 12:00:00,-9155.47
2050-12-24 13:00:00,-9313.11
2050-12-24 14:00:00,-8492.85
2050-12-24 15:00:00,-8427.87
2050-12-24 16:00:00,-5326.59
2050-12-24 17:00:00,-5050.05
2050-12-24 18:00:00,-5099.67
2050-12-24 19:00:00,-3885.62
2050-12-24 20:00:00,-5178.36
2050-12-24 21:00:00,-6317.1
2050-12-24 22:00:00,-7525.13
2050-12-24 23:00:00,-5415.02
2050-12-25 00:00:00,-6098.8
2050-12-25 01:00:00,-6503.26
2050-12-25 02:00:00,-7634.49
2050-12-25 03:00:00,-8083.57
2050-12-25 04:00:00,-9692.29
2050-12-25 05:00:00,-5882.79
2050-12-25 06:00:00,-4024.69
2050-12-25 07:00:00,-2720.51
2050-12-25 08:00:00,-9403.66
2050-12-25 09:00:00,-9925.3
2050-12-25 10:00:00,-10064.26
2050-12-25 11:00:00,-8484.35
2050-12-25 12:00:00,-7757.62
2050-12-25 13:00:00,-7360.98
2050-12-25 14:00:00,-5549.22
2050-12-25 15:00:00,-2974.48
2050-12-25 16:00:00,-552.01
2050-12-25 17:00:00,42.77
2050-12-25 18:00:00,754.28
2050-12-25 19:00:00,-510.44
2050-12-25 20:00:00,-1163.17
2050-12-25 21:00:00,-2339.53
2050-12-25 22:00:00,-1939.58
2050-12-25 23:00:00,-2604.89
2050-12-26 00:00:00,-2628.24
2050-12-26 01:00:00,-4010.55
2050-12-26 02:00:00,-5509.66
2050-12-26 03:00:00,-5852.41
2050-12-26 04:00:00,-5389.68
2050-12-26 05:00:00,-5643.96
2050-12-26 06:00:00,-6530.25
2050-12-26 07:00:00,-5368.01
2050-12-26 08:00:00,-4944.37
2050-12-26 09:00:00,-6447.86
2050-12-26 10:00:00,-4273.54
2050-12-26 11:00:00,-3422.51
2050-12-26 12:00:00,-1486.9
2050-12-26 13:00:00,-1147.57
2050-12-26 14:00:00,-1624.81
2050-12-26 15:00:00,-2423.21
2050-12-26 16:00:00,-1134.66
2050-12-26 17:00:00,-1195.43
2050-12-26 18:00:00,-2286.81
2050-12-26 19:00:00,-2447.58
2050-12-26 20:00:00,-2792.66
2050-12-26 21:00:00,-3392.2
2050-12-26 22:00:00,-3492.92
2050-12-26 23:00:00,-3556.82
2050-12-27 00:00:00,-3355.8
2050-12-27 01:00:00,-1769.71
2050-12-27 02:00:00,-2576.49
2050-12-27 03:00:00,-2869.75
2050-12-27 04:00:00,-3194.95
2050-12-27 05:00:00,-3598.09
2050-12-27 06:00:00,-2635.39
2050-12-27 07:00:00,-4128.36
2050-12-27 08:00:00,-3430.5
2050-12-27 09:00:00,-1581.43
2050-12-27 10:00:00,-944.79
2050-12-27 11:00:00,-290.27
2050-12-27 12:00:00,-3061.98
2050-12-27 13:00:00,-1948.68
2050-12-27 14:00:00,-2100.03
2050-12-27 15:00:00,-589.54
2050-12-27 16:00:00,584.22
2050-12-27 17:00:00,339.9
2050-12-27 18:00:00,1755.6
2050-12-27 19:00:00,-926.15
2050-12-27 20:00:00,-2021.08
2050-12-27 21:00:00,-2963.4
2050-12-27 22:00:00,-3139.49
2050-12-27 23:00:00,-4634.39
2050-12-28 00:00:00,-3083.95
2050-12-28 01:00:00,-2749.62
2050-12-28 02:00:00,-4844.93
2050-12-28 03:00:00,-4093.84
2050-12-28 04:00:00,-5913.63
2050-12-28 05:00:00,-6787.51
2050-12-28 06:00:00,-8346.54
2050-12-28 07:00:00,-7936.39
2050-12-28 08:00:00,-7667.81
2050-12-28 09:00:00,-8456.55
2050-12-28 10:00:00,-9939.97
2050-12-28 11:00:00,-5878.78
2050-12-28 12:00:00,-9349.51
2050-12-28 13:00:00,-9683.61
2050-12-28 14:00:00,-7228.67
2050-12-28 15:00:00,-7310.86
2050-12-28 16:00:00,-3493.18
2050-12-28 17:00:00,-4539.46
2050-12-28 18:00:00,-4665.25
2050-12-28 19:00:00,-2846.73
2050-12-28 20:00:00,-131.61
2050-12-28 21:00:00,529.49
2050-12-28 22:00:00,1018.69
2050-12-28 23:00:00,-155.76
2050-12-29 00:00:00,-506.41
2050-12-29 01:00:00,817.47
2050-12-29 02:00:00,-517.4
2050-12-29 03:00:00,-1935.68
2050-12-29 04:00:00,-2702.62
2050-12-29 05:00:00,-1113.46
2050-12-29 06:00:00,-1166.46
2050-12-29 07:00:00,-3401.63
2050-12-29 08:00:00,-2505.85
2050-12-29 09:00:00,-4656.03
2050-12-29 10:00:00,-2532.74
2050-12-29 11:00:00,-3904.85
2050-12-29 12:00:00,-3368.41
2050-12-29 13:00:00,-2154.25
2050-12-29 14:00:00,-2654.99
2050-12-29 15:00:00,-3512.17
2050-12-29 16:00:00,-4734.97
2050-12-29 17:00:00,-3288.26
2050-12-29 18:00:00,-3196.31
2050-12-29 19:00:00,-2230.34
2050-12-29 20:00:00,-2515.94
2050-12-29 21:00:00,-4073.19
2050-12-29 22:00:00,-2463.79
2050-12-29 23:00:00,-2127.26
2050-12-30 00:00:00,-633.52
2050-12-30 01:00:00,543.06
2050-12-30 02:00:00,506.01
2050-12-30 03:00:00,1022.17
2050-12-30 04:00:00,1037.04
2050-12-30 05:00:00,724.22
2050-12-30 06:00:00,1118.98
2050-12-30 07:00:00,29.56
2050-12-30 08:00:00,-1920.97
2050-12-30 09:00:00,-5118.52
2050-12-30 10:00:00,-6839.13
2050-12-30 11:00:00,-3395.37
2050-12-30 12:00:00,-4204.35
2050-12-30 13:00:00,-5774.64
2050-12-30 14:00:00,-7444.72
2050-12-30 15:00:00,-5400.12
2050-12-30 16:00:00,-4318.97
2050-12-30 17:00:00,-5408.47
2050-12-30 18:00:00,-4182.4
2050-12-30 19:00:00,-5248.93
2050-12-30 20:00:00,-8105.03
2050-12-30 21:00:00,-6622.89
2050-12-30 22:00:00,-7277.91
2050-12-30 23:00:00,-8726.88
2050-12-31 00:00:00,-8878.22
2050-12-31 01:00:00,-6139.98
2050-12-31 02:00:00,-5327.18
2050-12-31 03:00:00,-5631.14
2050-12-31 04:00:00,-4569.29
2050-12-31 05:00:00,-5343.61
2050-12-31 06:00:00,-3251.48
2050-12-31 07:00:00,-3731.22
2050-12-31 08:00:00,-2353.25
2050-12-31 09:00:00,-1310.64
2050-12-31 10:00:00,-2045.03
2050-12-31 11:00:00,-1879.24
2050-12-31 12:00:00,-2519.84
2050-12-31 13:00:00,-4270.11
2050-12-31 14:00:00,-3065.46
2050-12-31 15:00:00,-4484.19
2050-12-31 16:00:00,-7069.7
2050-12-31 17:00:00,-4431.76
2050-12-31 18:00:00,-4969.5
2050-12-31 19:00:00,-6590.3
2050-12-31 20:00:00,-5425.2
2050-12-31 21:00:00,-7431.29
2050-12-31 22:00:00,-9467.6
2050-12-31 23:00:00,-9040.85
