datetime,load_MW,wind_MW,solar_MW,deficit_MW
2050-01-01 00:00:00,4647.19,11672.05,0.0,-7024.86
2050-01-01 01:00:00,4467.23,13341.17,0.0,-8873.94
2050-01-01 02:00:00,4205.97,15068.91,0.0,-10862.94
2050-01-01 03:00:00,4050.15,15152.82,0.0,-11102.67
2050-01-01 04:00:00,3952.35,15145.6,0.0,-11193.25
2050-01-01 05:00:00,3940.85,15037.79,0.0,-11096.95
2050-01-01 06:00:00,4065.79,14955.68,0.0,-10889.89
2050-01-01 07:00:00,4143.42,15225.0,34.78,-11116.36
2050-01-01 08:00:00,4139.3,14180.23,382.53,-10423.46
2050-01-01 09:00:00,4135.11,13725.5,532.96,-10123.35
2050-01-01 10:00:00,3980.78,13554.98,489.05,-10063.26
2050-01-01 11:00:00,3825.2,12718.63,770.24,-9663.67
2050-01-01 12:00:00,3706.98,13224.77,3500.92,-13018.71
2050-01-01 13:00:00,3562.88,11877.75,3880.28,-12195.15
2050-01-01 14:00:00,3465.82,10069.71,2814.88,-9418.78
2050-01-01 15:00:00,3452.45,10216.31,610.79,-7374.65
2050-01-01 16:00:00,3697.18,10964.02,34.78,-7301.62
2050-01-01 17:00:00,4184.06,10063.83,0.0,-5879.78
2050-01-01 18:00:00,4718.73,8445.25,0.0,-3726.51
2050-01-01 19:00:00,5058.85,10855.53,0.0,-5796.68
2050-01-01 20:00:00,5204.16,10101.95,0.0,-4897.79
2050-01-01 21:00:00,5191.16,10459.68,0.0,-5268.53
2050-01-01 22:00:00,5026.35,11852.5,0.0,-6826.15
2050-01-01 23:00:00,4808.0,12552.62,0.0,-7744.62
2050-01-02 00:00:00,4550.01,13090.35,0.0,-8540.34
2050-01-02 01:00:00,4489.38,10884.85,0.0,-6395.47
2050-01-02 02:00:00,4351.96,7489.34,0.0,-3137.38
2050-01-02 03:00:00,4323.66,8260.52,0.0,-3936.86
2050-01-02 04:00:00,4339.87,8374.88,0.0,-4035.01
2050-01-02 05:00:00,4410.44,7677.01,0.0,-3266.57
2050-01-02 06:00:00,4607.13,7304.62,0.0,-2697.49
2050-01-02 07:00:00,4750.43,7072.97,52.14,-2374.69
2050-01-02 08:00:00,4812.67,6882.37,674.21,-2743.92
2050-01-02 09:00:00,4913.06,8559.6,1281.04,-4927.58
2050-01-02 10:00:00,4845.88,9125.53,2568.58,-6848.24
2050-01-02 11:00:00,4806.91,7803.1,3596.77,-6592.97
2050-01-02 12:00:00,4800.52,9304.39,3912.01,-8415.88
2050-01-02 13:00:00,4805.34,9019.96,2275.84,-6490.46
2050-01-02 14:00:00,4843.08,8937.87,826.41,-4921.2
2050-01-02 15:00:00,4914.59,9116.73,382.86,-4585.0
2050-01-02 16:00:00,5187.91,8492.17,34.78,-3339.04
2050-01-02 17:00:00,5614.86,9234.02,0.0,-3619.17
2050-01-02 18:00:00,6089.69,9099.13,0.0,-3009.44
2050-01-02 19:00:00,6334.95,11726.19,0.0,-5391.24
2050-01-02 20:00:00,6401.52,12105.11,0.0,-5703.59
2050-01-02 21:00:00,6318.08,11122.36,0.0,-4804.29
2050-01-02 22:00:00,6111.7,9008.24,0.0,-2896.54
2050-01-02 23:00:00,5858.09,6322.32,0.0,-464.23
2050-01-03 00:00:00,5568.96,5695.05,0.0,-126.09
2050-01-03 01:00:00,5475.64,5868.74,0.0,-393.1
2050-01-03 02:00:00,5293.3,7152.14,0.0,-1858.84
2050-01-03 03:00:00,5207.4,7764.98,0.0,-2557.58
2050-01-03 04:00:00,5162.5,8225.34,0.0,-3062.84
2050-01-03 05:00:00,5185.61,8128.57,0.0,-2942.96
2050-01-03 06:00:00,5328.21,9251.61,0.0,-3923.4
2050-01-03 07:00:00,5425.15,9348.38,34.78,-3958.01
2050-01-03 08:00:00,5447.19,10157.66,404.92,-5115.39
2050-01-03 09:00:00,5515.96,10248.57,658.66,-5391.27
2050-01-03 10:00:00,5491.57,10225.11,806.99,-5540.53
2050-01-03 11:00:00,5429.94,11078.38,1178.67,-6827.11
2050-01-03 12:00:00,5330.58,13036.21,3753.43,-11459.06
2050-01-03 13:00:00,5246.99,13360.1,3951.49,-12064.6
2050-01-03 14:00:00,5211.3,13403.42,3158.88,-11350.99
2050-01-03 15:00:00,5238.2,13682.21,1806.73,-10250.73
2050-01-03 16:00:00,5448.81,10905.38,119.67,-5576.23
2050-01-03 17:00:00,5843.55,12119.56,0.0,-6276.01
2050-01-03 18:00:00,6263.32,11462.51,0.0,-5199.18
2050-01-03 19:00:00,6494.66,12642.84,0.0,-6148.18
2050-01-03 20:00:00,6543.0,12613.97,0.0,-6070.97
2050-01-03 21:00:00,6424.53,9832.2,0.0,-3407.67
2050-01-03 22:00:00,6165.93,9720.77,0.0,-3554.84
2050-01-03 23:00:00,5848.43,10817.42,0.0,-4968.99
2050-01-04 00:00:00,5508.74,9160.72,0.0,-3651.97
2050-01-04 01:00:00,5347.4,10752.92,0.0,-5405.52
2050-01-04 02:00:00,5123.39,10022.78,0.0,-4899.39
2050-01-04 03:00:00,4997.89,10559.39,0.0,-5561.5
2050-01-04 04:00:00,4925.95,12783.58,0.0,-7857.63
2050-01-04 05:00:00,4912.79,13844.59,0.0,-8931.81
2050-01-04 06:00:00,5017.13,12873.8,0.0,-7856.67
2050-01-04 07:00:00,5085.39,11646.79,52.14,-6613.54
2050-01-04 08:00:00,5065.87,11747.84,790.44,-7472.41
2050-01-04 09:00:00,4968.18,11480.11,1830.79,-8342.72
2050-01-04 10:00:00,4779.4,11971.58,2548.21,-9740.4
2050-01-04 11:00:00,4602.28,13262.66,2421.42,-11081.81
2050-01-04 12:00:00,4477.15,14104.44,2118.58,-11745.87
2050-01-04 13:00:00,4313.85,10453.82,1420.03,-7560.0
2050-01-04 14:00:00,4177.1,12621.19,561.41,-9005.49
2050-01-04 15:00:00,4133.46,14958.4,275.17,-11100.11
2050-01-04 16:00:00,4394.04,14817.64,28.99,-10452.59
2050-01-04 17:00:00,4881.23,13939.34,0.0,-9058.11
2050-01-04 18:00:00,5377.81,15225.0,0.0,-9847.19
2050-01-04 19:00:00,5729.9,15225.0,0.0,-9495.1
2050-01-04 20:00:00,5883.11,15225.0,0.0,-9341.89
2050-01-04 21:00:00,5852.74,15225.0,0.0,-9372.26
2050-01-04 22:00:00,5670.28,15225.0,0.0,-9554.72
2050-01-04 23:00:00,5418.58,15225.0,0.0,-9806.42
2050-01-05 00:00:00,5125.05,15225.0,0.0,-10099.95
2050-01-05 01:00:00,5002.12,15225.0,0.0,-10222.88
2050-01-05 02:00:00,4811.73,15225.0,0.0,-10413.27
2050-01-05 03:00:00,4720.72,15225.0,0.0,-10504.28
2050-01-05 04:00:00,4671.84,15225.0,0.0,-10553.16
2050-01-05 05:00:00,4692.7,15225.0,0.0,-10532.3
2050-01-05 06:00:00,4825.1,15225.0,0.0,-10399.9
2050-01-05 07:00:00,4934.52,15225.0,11.6,-10302.09
2050-01-05 08:00:00,4956.51,15225.0,273.91,-10542.4
2050-01-05 09:00:00,4888.77,15225.0,167.26,-10503.48
2050-01-05 10:00:00,4736.88,15225.0,178.71,-10666.83
2050-01-05 11:00:00,4607.21,15225.0,241.52,-10859.31
2050-01-05 12:00:00,4567.57,15215.07,304.03,-10951.53
2050-01-05 13:00:00,4525.45,14680.97,127.08,-10282.59
2050-01-05 14:00:00,4502.72,14063.83,28.99,-9590.11
2050-01-05 15:00:00,4529.1,14817.64,81.02,-10369.56
2050-01-05 16:00:00,4799.42,14931.32,17.4,-10149.31
2050-01-05 17:00:00,5228.18,12538.18,0.0,-7310.01
2050-01-05 18:00:00,5636.4,13457.54,0.0,-7821.14
2050-01-05 19:00:00,5910.98,14449.55,0.0,-8538.57
2050-01-05 20:00:00,5993.61,13457.54,0.0,-7463.93
2050-01-05 21:00:00,5896.3,12942.38,0.0,-7046.08
2050-01-05 22:00:00,5668.69,11471.31,0.0,-5802.62
2050-01-05 23:00:00,5394.36,8392.48,0.0,-2998.12
2050-01-06 00:00:00,5084.1,7791.36,0.0,-2707.26
2050-01-06 01:00:00,4940.96,8304.51,0.0,-3363.54
2050-01-06 02:00:00,4721.04,6902.91,0.0,-2181.87
2050-01-06 03:00:00,4604.51,5454.39,0.0,-849.88
2050-01-06 04:00:00,4544.02,5308.0,0.0,-763.98
2050-01-06 05:00:00,4560.72,5992.79,0.0,-1432.07
2050-01-06 06:00:00,4715.0,5985.34,0.0,-1270.34
2050-01-06 07:00:00,4851.64,7518.67,17.4,-2684.44
2050-01-06 08:00:00,4905.08,8902.68,144.32,-4141.92
2050-01-06 09:00:00,4850.41,9794.08,258.6,-5202.26
2050-01-06 10:00:00,4725.55,8445.25,394.38,-4114.08
2050-01-06 11:00:00,4626.98,8201.87,3675.02,-7249.92
2050-01-06 12:00:00,4547.85,7404.31,4279.31,-7135.78
2050-01-06 13:00:00,4435.13,7301.68,2943.01,-5809.56
2050-01-06 14:00:00,4344.58,6230.97,1093.74,-2980.13
2050-01-06 15:00:00,4322.47,6920.49,454.69,-3052.72
2050-01-06 16:00:00,4577.97,8676.89,52.14,-4151.06
2050-01-06 17:00:00,5059.2,8723.82,0.0,-3664.62
2050-01-06 18:00:00,5506.48,8568.4,0.0,-3061.92
2050-01-06 19:00:00,5822.67,9368.9,0.0,-3546.23
2050-01-06 20:00:00,5944.51,9465.67,0.0,-3521.16
2050-01-06 21:00:00,5867.59,11874.14,0.0,-6006.56
2050-01-06 22:00:00,5647.54,9928.95,0.0,-4281.42
2050-01-06 23:00:00,5347.98,10330.66,0.0,-4982.68
2050-01-07 00:00:00,5030.31,10362.93,0.0,-5332.61
2050-01-07 01:00:00,4904.48,11128.24,0.0,-6223.77
2050-01-07 02:00:00,4706.08,11186.87,0.0,-6480.79
2050-01-07 03:00:00,4604.68,10559.39,0.0,-5954.71
2050-01-07 04:00:00,4545.53,10166.46,0.0,-5620.93
2050-01-07 05:00:00,4549.91,9562.43,0.0,-5012.52
2050-01-07 06:00:00,4664.42,8055.26,0.0,-3390.84
2050-01-07 07:00:00,4756.32,10620.96,57.92,-5922.56
2050-01-07 08:00:00,4782.62,10465.56,1659.84,-7342.78
2050-01-07 09:00:00,4726.64,9169.52,1477.67,-5920.54
2050-01-07 10:00:00,4584.52,8597.72,2152.77,-6165.98
2050-01-07 11:00:00,4418.4,6943.96,3541.63,-6067.19
2050-01-07 12:00:00,4285.09,6680.06,4433.97,-6828.95
2050-01-07 13:00:00,4114.49,6823.74,4032.36,-6741.61
2050-01-07 14:00:00,3981.08,8923.21,1553.42,-6495.55
2050-01-07 15:00:00,3944.82,8542.02,621.88,-5219.07
2050-01-07 16:00:00,4194.45,8715.02,40.57,-4561.14
2050-01-07 17:00:00,4711.69,10647.34,0.0,-5935.66
2050-01-07 18:00:00,5198.89,11596.26,0.0,-6397.37
2050-01-07 19:00:00,5555.89,11845.28,0.0,-6289.39
2050-01-07 20:00:00,5710.75,13032.6,0.0,-7321.85
2050-01-07 21:00:00,5668.33,13007.34,0.0,-7339.02
2050-01-07 22:00:00,5477.47,11971.58,0.0,-6494.12
2050-01-07 23:00:00,5198.75,12530.97,0.0,-7332.22
2050-01-08 00:00:00,4880.67,12895.47,0.0,-8014.8
2050-01-08 01:00:00,4724.9,10996.29,0.0,-6271.39
2050-01-08 02:00:00,4499.78,12805.25,0.0,-8305.47
2050-01-08 03:00:00,4389.98,13259.95,0.0,-8869.97
2050-01-08 04:00:00,4319.33,14082.79,0.0,-9763.46
2050-01-08 05:00:00,4300.76,13316.81,0.0,-9016.05
2050-01-08 06:00:00,4417.22,12949.59,0.0,-8532.37
2050-01-08 07:00:00,4525.8,13057.86,38.7,-8570.75
2050-01-08 08:00:00,4597.18,12588.7,2307.46,-10298.98
2050-01-08 09:00:00,4629.9,10119.56,360.57,-5850.22
2050-01-08 10:00:00,4556.72,8937.87,834.05,-5215.2
2050-01-08 11:00:00,4471.45,9489.12,428.09,-5445.75
2050-01-08 12:00:00,4399.32,7926.24,411.24,-3938.17
2050-01-08 13:00:00,4284.38,7509.87,360.57,-3586.06
2050-01-08 14:00:00,4271.48,7225.45,433.7,-3387.66
2050-01-08 15:00:00,4352.61,6650.74,218.72,-2516.85
2050-01-08 16:00:00,4617.62,7454.16,34.78,-2871.32
2050-01-08 17:00:00,5089.0,8835.23,0.0,-3746.24
2050-01-08 18:00:00,5559.72,7556.79,0.0,-1997.07
2050-01-08 19:00:00,5944.12,9119.67,0.0,-3175.55
2050-01-08 20:00:00,6138.04,9430.47,0.0,-3292.43
2050-01-08 21:00:00,6123.28,9547.76,0.0,-3424.49
2050-01-08 22:00:00,5970.43,10421.57,0.0,-4451.15
2050-01-08 23:00:00,5750.01,11562.2,0.0,-5812.19
2050-01-09 00:00:00,5484.4,12808.85,0.0,-7324.45
2050-01-09 01:00:00,5381.74,15058.09,0.0,-9676.35
2050-01-09 02:00:00,5200.61,13025.38,0.0,-7824.77
2050-01-09 03:00:00,5121.06,14479.31,0.0,-9358.25
2050-01-09 04:00:00,5084.99,13533.34,0.0,-8448.35
2050-01-09 05:00:00,5112.22,14603.82,0.0,-9491.6
2050-01-09 06:00:00,5258.9,14280.38,0.0,-9021.48
2050-01-09 07:00:00,5392.23,13906.85,0.0,-8514.62
2050-01-09 08:00:00,5445.47,12646.45,3007.76,-10208.74
2050-01-09 09:00:00,5403.44,12808.85,3655.51,-11060.92
2050-01-09 10:00:00,5301.03,13308.67,4175.62,-12183.26
2050-01-09 11:00:00,5185.93,10368.79,4397.16,-9580.02
2050-01-09 12:00:00,5103.91,10796.9,4334.11,-10027.1
2050-01-09 13:00:00,4971.44,10242.71,3763.31,-9034.58
2050-01-09 14:00:00,4854.31,10832.09,2001.36,-7979.13
2050-01-09 15:00:00,4824.22,11809.18,315.36,-7300.32
2050-01-09 16:00:00,5091.23,11427.32,63.7,-6399.79
2050-01-09 17:00:00,5663.87,11160.49,0.0,-5496.62
2050-01-09 18:00:00,6161.51,12480.43,0.0,-6318.92
2050-01-09 19:00:00,6549.52,14053.01,0.0,-7503.49
2050-01-09 20:00:00,6739.51,14418.41,0.0,-7678.9
2050-01-09 21:00:00,6729.16,13525.22,0.0,-6796.06
2050-01-09 22:00:00,6572.2,14134.22,0.0,-7562.02
2050-01-09 23:00:00,6348.5,13395.29,0.0,-7046.79
2050-01-10 00:00:00,6079.73,14001.58,0.0,-7921.85
2050-01-10 01:00:00,5968.8,13468.37,0.0,-7499.57
2050-01-10 02:00:00,5778.22,13928.5,0.0,-8150.28
2050-01-10 03:00:00,5677.59,13050.64,0.0,-7373.05
2050-01-10 04:00:00,5617.56,14334.5,0.0,-8716.95
2050-01-10 05:00:00,5619.41,13254.55,0.0,-7635.14
2050-01-10 06:00:00,5738.05,13960.99,0.0,-8222.94
2050-01-10 07:00:00,5844.47,14414.36,57.92,-8627.81
2050-01-10 08:00:00,5873.14,14521.27,315.36,-8963.49
2050-01-10 09:00:00,5768.79,13896.02,869.69,-8996.92
2050-01-10 10:00:00,5574.73,11471.31,1511.24,-7407.82
2050-01-10 11:00:00,5381.92,11283.64,1083.23,-6984.96
2050-01-10 12:00:00,5237.84,10547.65,2245.63,-7555.45
2050-01-10 13:00:00,5050.79,10486.08,1644.45,-7079.74
2050-01-10 14:00:00,4881.78,11773.1,1735.98,-8627.29
2050-01-10 15:00:00,4792.86,11664.83,744.89,-7616.86
2050-01-10 16:00:00,4979.44,10348.27,81.02,-5449.85
2050-01-10 17:00:00,5478.34,11280.7,0.0,-5802.37
2050-01-10 18:00:00,5904.5,11877.75,0.0,-5973.25
2050-01-10 19:00:00,6234.58,11544.62,0.0,-5310.04
2050-01-10 20:00:00,6352.94,12310.83,0.0,-5957.89
2050-01-10 21:00:00,6262.1,13655.14,0.0,-7393.04
2050-01-10 22:00:00,6048.92,14682.32,0.0,-8633.4
2050-01-10 23:00:00,5784.35,14755.4,0.0,-8971.05
2050-01-11 00:00:00,5485.0,15098.69,0.0,-9613.69
2050-01-11 01:00:00,5358.34,15163.64,0.0,-9805.3
2050-01-11 02:00:00,5170.01,15099.59,0.0,-9929.58
2050-01-11 03:00:00,5083.69,15219.58,0.0,-10135.89
2050-01-11 04:00:00,5044.82,15225.0,0.0,-10180.18
2050-01-11 05:00:00,5069.59,15187.1,0.0,-10117.52
2050-01-11 06:00:00,5205.02,14859.6,0.0,-9654.58
2050-01-11 07:00:00,5324.05,14460.37,69.47,-9205.79
2050-01-11 08:00:00,5346.11,13137.26,2712.19,-10503.34
2050-01-11 09:00:00,5198.42,9846.86,3807.04,-8455.48
2050-01-11 10:00:00,5005.89,8949.59,4318.96,-8262.67
2050-01-11 11:00:00,4820.14,7553.85,4561.25,-7294.96
2050-01-11 12:00:00,4676.93,7196.13,4511.44,-7030.63
2050-01-11 13:00:00,4486.74,7779.64,4155.43,-7448.33
2050-01-11 14:00:00,4377.26,7568.51,3418.53,-6609.79
2050-01-11 15:00:00,4387.75,7052.45,1635.59,-4300.29
2050-01-11 16:00:00,4585.17,5533.79,86.78,-1035.4
2050-01-11 17:00:00,5090.15,6864.79,0.0,-1774.64
2050-01-11 18:00:00,5523.56,8011.29,0.0,-2487.73
2050-01-11 19:00:00,5863.73,8313.31,0.0,-2449.58
2050-01-11 20:00:00,6002.57,8292.77,0.0,-2290.2
2050-01-11 21:00:00,5941.1,8712.08,0.0,-2770.98
2050-01-11 22:00:00,5739.72,8583.06,0.0,-2843.35
2050-01-11 23:00:00,5470.36,9002.38,0.0,-3532.02
2050-01-12 00:00:00,5159.14,10242.71,0.0,-5083.57
2050-01-12 01:00:00,5028.5,10744.12,0.0,-5715.61
2050-01-12 02:00:00,4837.31,12971.24,0.0,-8133.93
2050-01-12 03:00:00,4752.59,12350.52,0.0,-7597.93
2050-01-12 04:00:00,4704.23,14413.01,0.0,-9708.78
2050-01-12 05:00:00,4728.87,14446.84,0.0,-9717.97
2050-01-12 06:00:00,4864.02,14818.99,0.0,-9954.97
2050-01-12 07:00:00,4984.55,14824.42,52.14,-9892.01
2050-01-12 08:00:00,5028.93,15081.99,504.03,-10557.1
2050-01-12 09:00:00,4995.87,14825.77,713.81,-10543.7
2050-01-12 10:00:00,4908.28,15181.7,4177.68,-14451.1
2050-01-12 11:00:00,4782.7,15102.74,4361.66,-14681.71
2050-01-12 12:00:00,4730.59,14886.67,4314.48,-14470.56
2050-01-12 13:00:00,4589.31,15015.23,2164.24,-12590.15
2050-01-12 14:00:00,4479.64,14969.22,1473.13,-11962.72
2050-01-12 15:00:00,4431.54,15124.85,906.58,-11599.89
2050-01-12 16:00:00,4656.98,15133.88,86.78,-10563.69
2050-01-12 17:00:00,5217.04,12227.82,0.0,-7010.79
2050-01-12 18:00:00,5732.37,12556.22,0.0,-6823.85
2050-01-12 19:00:00,6161.72,11468.37,0.0,-5306.65
2050-01-12 20:00:00,6389.67,13104.78,0.0,-6715.11
2050-01-12 21:00:00,6431.35,14099.02,0.0,-7667.67
2050-01-12 22:00:00,6316.96,15225.0,0.0,-8908.04
2050-01-12 23:00:00,6138.18,15181.7,0.0,-9043.52
2050-01-13 00:00:00,5906.2,15225.0,0.0,-9318.8
2050-01-13 01:00:00,5827.46,15058.55,0.0,-9231.09
2050-01-13 02:00:00,5661.3,15025.61,0.0,-9364.31
2050-01-13 03:00:00,5569.22,14992.22,0.0,-9423.0
2050-01-13 04:00:00,5502.2,14613.29,0.0,-9111.09
2050-01-13 05:00:00,5485.74,15068.91,0.0,-9583.18
2050-01-13 06:00:00,5582.17,14958.4,0.0,-9376.22
2050-01-13 07:00:00,5683.08,15141.55,28.99,-9487.47
2050-01-13 08:00:00,5683.54,14759.45,252.91,-9328.82
2050-01-13 09:00:00,5519.07,13246.42,1102.8,-8830.14
2050-01-13 10:00:00,5309.05,14415.7,2493.34,-11599.99
2050-01-13 11:00:00,5113.41,10770.5,2499.26,-8156.35
2050-01-13 12:00:00,4961.43,9225.22,4382.87,-8646.67
2050-01-13 13:00:00,4775.16,8471.65,3859.56,-7556.04
2050-01-13 14:00:00,4598.66,8410.06,998.29,-4809.7
2050-01-13 15:00:00,4513.99,8316.23,1481.33,-5283.57
2050-01-13 16:00:00,4705.73,7952.64,318.93,-3565.84
2050-01-13 17:00:00,5144.33,9494.98,0.0,-4350.65
2050-01-13 18:00:00,5528.75,9154.85,0.0,-3626.1
2050-01-13 19:00:00,5829.85,10157.66,0.0,-4327.81
2050-01-13 20:00:00,5956.55,7700.47,0.0,-1743.92
2050-01-13 21:00:00,5892.09,7360.33,0.0,-1468.24
2050-01-13 22:00:00,5683.78,7976.09,0.0,-2292.31
2050-01-13 23:00:00,5421.56,9087.41,0.0,-3665.85
2050-01-14 00:00:00,5131.28,10046.25,0.0,-4914.96
2050-01-14 01:00:00,5010.35,7899.86,0.0,-2889.5
2050-01-14 02:00:00,4814.43,8888.02,0.0,-4073.59
2050-01-14 03:00:00,4716.25,7677.01,0.0,-2960.76
2050-01-14 04:00:00,4656.32,8242.92,0.0,-3586.6
2050-01-14 05:00:00,4656.43,8410.06,0.0,-3753.63
2050-01-14 06:00:00,4765.25,8717.94,0.0,-3952.69
2050-01-14 07:00:00,4854.81,8134.43,75.25,-3354.87
2050-01-14 08:00:00,4854.22,9234.02,753.52,-5133.33
2050-01-14 09:00:00,4716.86,8826.43,1508.59,-5618.16
2050-01-14 10:00:00,4531.66,9694.38,1651.74,-6814.46
2050-01-14 11:00:00,4309.08,8110.98,1306.08,-5107.99
2050-01-14 12:00:00,4084.81,7111.1,2004.99,-5031.28
2050-01-14 13:00:00,3846.24,6835.46,4188.32,-7177.53
2050-01-14 14:00:00,3639.26,6223.52,3464.95,-6049.21
2050-01-14 15:00:00,3553.69,6260.75,2254.9,-4961.96
2050-01-14 16:00:00,3725.5,7594.9,372.97,-4242.37
2050-01-14 17:00:00,4224.55,7331.0,0.0,-3106.46
2050-01-14 18:00:00,4685.33,5548.66,0.0,-863.33
2050-01-14 19:00:00,5057.03,6134.21,0.0,-1077.18
2050-01-14 20:00:00,5239.9,6067.22,0.0,-827.32
2050-01-14 21:00:00,5215.64,5419.64,0.0,-204.01
2050-01-14 22:00:00,5045.34,5791.82,0.0,-746.48
2050-01-14 23:00:00,4809.48,6316.46,0.0,-1506.98
2050-01-15 00:00:00,4531.87,6756.29,0.0,-2224.42
2050-01-15 01:00:00,4426.82,8090.46,0.0,-3663.63
2050-01-15 02:00:00,4256.36,9638.66,0.0,-5382.3
2050-01-15 03:00:00,4179.98,9412.89,0.0,-5232.91
2050-01-15 04:00:00,4151.45,9474.46,0.0,-5323.01
2050-01-15 05:00:00,4184.05,9500.86,0.0,-5316.81
2050-01-15 06:00:00,4329.02,9354.24,0.0,-5025.22
2050-01-15 07:00:00,4460.42,8618.25,15.37,-4173.2
2050-01-15 08:00:00,4502.36,9926.03,3063.41,-8487.09
2050-01-15 09:00:00,4354.1,7987.83,3719.56,-7353.28
2050-01-15 10:00:00,4129.49,8676.89,3255.47,-7802.88
2050-01-15 11:00:00,3906.62,8703.28,4297.44,-9094.1
2050-01-15 12:00:00,3743.21,9538.96,2796.19,-8591.95
2050-01-15 13:00:00,3583.95,9119.67,2824.29,-8360.01
2050-01-15 14:00:00,3503.74,8802.99,2238.56,-7537.8
2050-01-15 15:00:00,3516.59,8550.82,787.57,-5821.79
2050-01-15 16:00:00,3745.73,8454.05,104.07,-4812.39
2050-01-15 17:00:00,4261.72,9278.01,0.0,-5016.29
2050-01-15 18:00:00,4731.88,9471.53,0.0,-4739.65
2050-01-15 19:00:00,5095.77,6433.75,0.0,-1337.98
2050-01-15 20:00:00,5264.73,5355.13,0.0,-90.4
2050-01-15 21:00:00,5255.14,6665.4,0.0,-1410.26
2050-01-15 22:00:00,5086.04,6136.7,0.0,-1050.66
2050-01-15 23:00:00,4828.55,6548.11,0.0,-1719.56
2050-01-16 00:00:00,4532.25,5695.05,0.0,-1162.8
2050-01-16 01:00:00,4428.0,7072.97,0.0,-2644.98
2050-01-16 02:00:00,4259.35,4950.71,0.0,-691.36
2050-01-16 03:00:00,4196.98,5707.46,0.0,-1510.48
2050-01-16 04:00:00,4171.9,4501.64,0.0,-329.74
2050-01-16 05:00:00,4202.5,6477.74,0.0,-2275.24
2050-01-16 06:00:00,4346.73,7480.54,0.0,-3133.81
2050-01-16 07:00:00,4477.66,3990.97,0.0,486.68
2050-01-16 08:00:00,4511.58,6424.95,1305.74,-3219.11
2050-01-16 09:00:00,4380.87,8524.42,349.28,-4492.83
2050-01-16 10:00:00,4200.73,8741.4,517.52,-5058.2
2050-01-16 11:00:00,4007.67,9650.4,2955.39,-8598.12
2050-01-16 12:00:00,3851.12,8838.17,1032.57,-6019.62
2050-01-16 13:00:00,3660.37,9477.4,3915.28,-9732.3
2050-01-16 14:00:00,3509.78,9319.06,484.06,-6293.33
2050-01-16 15:00:00,3459.67,10401.05,955.73,-7897.11
2050-01-16 16:00:00,3633.71,12848.54,161.79,-9376.62
2050-01-16 17:00:00,4123.12,14606.53,0.0,-10483.41
2050-01-16 18:00:00,4586.93,15030.12,0.0,-10443.19
2050-01-16 19:00:00,4977.12,15225.0,0.0,-10247.88
2050-01-16 20:00:00,5179.8,15198.39,0.0,-10018.58
2050-01-16 21:00:00,5179.17,15225.0,0.0,-10045.83
2050-01-16 22:00:00,5024.59,15193.42,0.0,-10168.84
2050-01-16 23:00:00,4797.23,15225.0,0.0,-10427.77
2050-01-17 00:00:00,4527.07,15225.0,0.0,-10697.93
2050-01-17 01:00:00,4427.14,15225.0,0.0,-10797.86
2050-01-17 02:00:00,4248.11,15225.0,0.0,-10976.89
2050-01-17 03:00:00,4157.72,15099.13,0.0,-10941.41
2050-01-17 04:00:00,4120.55,15225.0,0.0,-11104.45
2050-01-17 05:00:00,4133.82,12022.12,0.0,-7888.3
2050-01-17 06:00:00,4259.11,9876.17,0.0,-5617.06
2050-01-17 07:00:00,4368.26,10535.93,69.47,-6237.15
2050-01-17 08:00:00,4384.83,12054.59,401.69,-8071.46
2050-01-17 09:00:00,4322.66,7782.56,1830.93,-5290.83
2050-01-17 10:00:00,4172.55,7987.83,2677.98,-6493.26
2050-01-17 11:00:00,4049.14,7589.04,4563.4,-8103.3
2050-01-17 12:00:00,3972.99,6888.25,3231.14,-6146.4
2050-01-17 13:00:00,3900.36,6621.41,2174.97,-4896.02
2050-01-17 14:00:00,3868.74,6612.61,1400.99,-4144.86
2050-01-17 15:00:00,3893.08,7498.15,324.55,-3929.61
2050-01-17 16:00:00,4064.33,8248.8,98.31,-4282.78
2050-01-17 17:00:00,4404.93,8110.98,0.0,-3706.06
2050-01-17 18:00:00,4677.79,9143.11,0.0,-4465.32
2050-01-17 19:00:00,4876.74,11005.09,0.0,-6128.35
2050-01-17 20:00:00,4897.39,8301.57,0.0,-3404.18
2050-01-17 21:00:00,4748.28,9635.74,0.0,-4887.46
2050-01-17 22:00:00,4492.5,10248.57,0.0,-5756.07
2050-01-17 23:00:00,4178.63,10075.57,0.0,-5896.94
2050-01-18 00:00:00,3875.81,11066.66,0.0,-7190.84
2050-01-18 01:00:00,3740.32,8849.9,0.0,-5109.58
2050-01-18 02:00:00,3536.18,10620.96,0.0,-7084.78
2050-01-18 03:00:00,3453.57,12115.95,0.0,-8662.38
2050-01-18 04:00:00,3455.2,11820.02,0.0,-8364.82
2050-01-18 05:00:00,3526.08,14488.78,0.0,-10962.7
2050-01-18 06:00:00,3708.7,14220.82,0.0,-10512.12
2050-01-18 07:00:00,3860.71,12281.95,34.78,-8456.02
2050-01-18 08:00:00,3994.48,13211.23,429.43,-9646.18
2050-01-18 09:00:00,4026.39,11711.74,909.91,-8595.25
2050-01-18 10:00:00,3982.39,10131.28,931.12,-7080.01
2050-01-18 11:00:00,3879.57,11453.71,1437.55,-9011.68
2050-01-18 12:00:00,3779.17,13444.01,1874.82,-11539.66
2050-01-18 13:00:00,3665.63,12339.7,2682.57,-11356.63
2050-01-18 14:00:00,3557.92,13173.34,400.0,-10015.42
2050-01-18 15:00:00,3524.43,9582.95,1913.07,-7971.59
2050-01-18 16:00:00,3701.34,9489.12,401.52,-6189.3
2050-01-18 17:00:00,4186.22,14725.62,0.0,-10539.4
2050-01-18 18:00:00,4628.56,14925.92,0.0,-10297.36
2050-01-18 19:00:00,4963.9,15068.91,0.0,-10105.01
2050-01-18 20:00:00,5108.33,12606.76,0.0,-7498.42
2050-01-18 21:00:00,5062.85,12029.33,0.0,-6966.49
2050-01-18 22:00:00,4855.1,14442.77,0.0,-9587.67
2050-01-18 23:00:00,4585.24,13270.78,0.0,-8685.54
2050-01-19 00:00:00,4267.38,12462.39,0.0,-8195.01
2050-01-19 01:00:00,4115.48,13251.84,0.0,-9136.36
2050-01-19 02:00:00,3904.2,11377.48,0.0,-7473.28
2050-01-19 03:00:00,3794.59,10532.99,0.0,-6738.4
2050-01-19 04:00:00,3721.02,10348.27,0.0,-6627.25
2050-01-19 05:00:00,3715.19,10793.96,0.0,-7078.77
2050-01-19 06:00:00,3829.15,10386.39,0.0,-6557.24
2050-01-19 07:00:00,3919.07,10395.17,69.47,-6545.58
2050-01-19 08:00:00,3956.53,11242.6,416.86,-7702.93
2050-01-19 09:00:00,3951.07,11635.97,675.99,-8360.88
2050-01-19 10:00:00,3880.52,13072.29,710.86,-9902.63
2050-01-19 11:00:00,3793.61,13798.58,809.87,-10814.84
2050-01-19 12:00:00,3741.64,13582.06,422.47,-10262.89
2050-01-19 13:00:00,3665.47,13295.14,332.33,-9962.0
2050-01-19 14:00:00,3542.76,14433.3,40.57,-10931.12
2050-01-19 15:00:00,3465.35,14833.88,69.47,-11438.01
2050-01-19 16:00:00,3608.89,15138.84,52.14,-11582.1
2050-01-19 17:00:00,4091.37,15225.0,0.0,-11133.63
2050-01-19 18:00:00,4537.4,15225.0,0.0,-10687.6
2050-01-19 19:00:00,4890.54,15225.0,0.0,-10334.46
2050-01-19 20:00:00,5095.03,15225.0,0.0,-10129.97
2050-01-19 21:00:00,5100.9,15169.06,0.0,-10068.17
2050-01-19 22:00:00,4960.43,15225.0,0.0,-10264.57
2050-01-19 23:00:00,4761.45,15225.0,0.0,-10463.55
2050-01-20 00:00:00,4514.25,15049.06,0.0,-10534.81
2050-01-20 01:00:00,4431.52,12956.81,0.0,-8525.28
2050-01-20 02:00:00,4284.49,13284.31,0.0,-8999.82
2050-01-20 03:00:00,4238.79,13490.02,0.0,-9251.23
2050-01-20 04:00:00,4224.74,11515.29,0.0,-7290.55
2050-01-20 05:00:00,4273.12,9688.52,0.0,-5415.4
2050-01-20 06:00:00,4437.58,7882.27,0.0,-3444.69
2050-01-20 07:00:00,4587.71,8146.17,46.36,-3604.82
2050-01-20 08:00:00,4622.03,7392.59,207.3,-2977.86
2050-01-20 09:00:00,4494.93,9321.98,46.36,-4873.4
2050-01-20 10:00:00,4309.39,10283.76,69.47,-6043.84
2050-01-20 11:00:00,4111.04,12945.98,86.78,-8921.73
2050-01-20 12:00:00,3956.13,11453.71,86.78,-7584.36
2050-01-20 13:00:00,3786.97,11362.81,606.3,-8182.14
2050-01-20 14:00:00,3656.1,13213.94,287.01,-9844.85
2050-01-20 15:00:00,3627.72,13725.5,2160.86,-12258.64
2050-01-20 16:00:00,3819.24,12509.32,490.62,-9180.7
2050-01-20 17:00:00,4321.37,13010.95,0.0,-8689.58
2050-01-20 18:00:00,4767.58,13400.71,0.0,-8633.13
2050-01-20 19:00:00,5155.33,12801.64,0.0,-7646.31
2050-01-20 20:00:00,5375.16,11098.92,0.0,-5723.76
2050-01-20 21:00:00,5370.71,11993.23,0.0,-6622.53
2050-01-20 22:00:00,5225.96,11491.83,0.0,-6265.87
2050-01-20 23:00:00,5021.47,10260.29,0.0,-5238.82
2050-01-21 00:00:00,4758.38,10547.65,0.0,-5789.27
2050-01-21 01:00:00,4662.85,9849.78,0.0,-5186.93
2050-01-21 02:00:00,4490.62,8829.37,0.0,-4338.75
2050-01-21 03:00:00,4415.07,8248.8,0.0,-3833.73
2050-01-21 04:00:00,4387.46,7108.16,0.0,-2720.7
2050-01-21 05:00:00,4411.5,8222.4,0.0,-3810.9
2050-01-21 06:00:00,4546.08,9538.96,0.0,-4992.88
2050-01-21 07:00:00,4662.92,9222.28,86.78,-4646.14
2050-01-21 08:00:00,4693.17,7328.08,854.55,-3489.46
2050-01-21 09:00:00,4583.78,7263.56,1734.75,-4414.52
2050-01-21 10:00:00,4392.7,7586.12,1980.8,-5174.21
2050-01-21 11:00:00,4194.94,7720.99,1295.48,-4821.54
2050-01-21 12:00:00,4042.92,8973.05,1778.63,-6708.77
2050-01-21 13:00:00,3859.62,7618.36,1081.6,-4840.34
2050-01-21 14:00:00,3692.56,6721.11,1242.67,-4271.23
2050-01-21 15:00:00,3613.49,5131.85,1291.61,-2809.96
2050-01-21 16:00:00,3764.16,5275.75,155.79,-1667.38
2050-01-21 17:00:00,4276.3,6788.54,0.0,-2512.24
2050-01-21 18:00:00,4738.27,5285.66,0.0,-547.39
2050-01-21 19:00:00,5103.43,5191.39,0.0,-87.96
2050-01-21 20:00:00,5279.41,5598.29,0.0,-318.88
2050-01-21 21:00:00,5267.05,4439.61,0.0,827.44
2050-01-21 22:00:00,5106.04,5640.47,0.0,-534.43
2050-01-21 23:00:00,4872.01,5548.66,0.0,-676.65
2050-01-22 00:00:00,4597.51,6101.95,0.0,-1504.44
2050-01-22 01:00:00,4468.4,5893.54,0.0,-1425.13
2050-01-22 02:00:00,4266.42,5660.32,0.0,-1393.9
2050-01-22 03:00:00,4156.77,5233.56,0.0,-1076.79
2050-01-22 04:00:00,4090.28,4270.9,0.0,-180.62
2050-01-22 05:00:00,4105.18,5672.73,0.0,-1567.55
2050-01-22 06:00:00,4238.65,4432.16,0.0,-193.51
2050-01-22 07:00:00,4355.09,4370.14,115.58,-130.63
2050-01-22 08:00:00,4380.54,3499.73,2939.01,-2058.2
2050-01-22 09:00:00,4298.71,4198.95,3952.51,-3852.75
2050-01-22 10:00:00,4179.53,2628.86,4484.7,-2934.02
2050-01-22 11:00:00,4049.19,2598.41,4567.72,-3116.93
2050-01-22 12:00:00,3955.38,2693.8,4668.01,-3406.44
2050-01-22 13:00:00,3816.36,2082.16,4336.97,-2602.76
2050-01-22 14:00:00,3690.26,1804.45,3604.44,-1718.64
2050-01-22 15:00:00,3642.3,1666.28,2276.79,-300.78
2050-01-22 16:00:00,3831.2,1763.56,184.43,1883.2
2050-01-22 17:00:00,4354.66,2608.54,0.0,1746.11
2050-01-22 18:00:00,4796.12,2996.28,0.0,1799.84
2050-01-22 19:00:00,5150.83,2909.0,0.0,2241.83
2050-01-22 20:00:00,5323.52,2837.94,0.0,2485.58
2050-01-22 21:00:00,5311.98,4990.42,0.0,321.56
2050-01-22 22:00:00,5153.7,5923.32,0.0,-769.62
2050-01-22 23:00:00,4930.06,6422.01,0.0,-1491.95
2050-01-23 00:00:00,4679.09,7888.13,0.0,-3209.04
2050-01-23 01:00:00,4604.32,10101.95,0.0,-5497.63
2050-01-23 02:00:00,4460.49,11931.89,0.0,-7471.4
2050-01-23 03:00:00,4414.69,12906.29,0.0,-8491.6
2050-01-23 04:00:00,4425.52,15066.2,0.0,-10640.68
2050-01-23 05:00:00,4508.26,15225.0,0.0,-10716.74
2050-01-23 06:00:00,4693.53,15225.0,0.0,-10531.47
2050-01-23 07:00:00,4856.47,15225.0,0.0,-10368.53
2050-01-23 08:00:00,4891.34,15225.0,2461.09,-12794.76
2050-01-23 09:00:00,4764.0,15225.0,332.33,-10793.33
2050-01-23 10:00:00,4588.49,15225.0,298.36,-10934.87
2050-01-23 11:00:00,4409.09,15225.0,252.91,-11068.82
2050-01-23 12:00:00,4268.06,15225.0,422.47,-11379.42
2050-01-23 13:00:00,4086.38,15225.0,945.59,-12084.21
2050-01-23 14:00:00,3911.1,15225.0,905.39,-12219.29
2050-01-23 15:00:00,3815.45,15225.0,651.9,-12061.45
2050-01-23 16:00:00,3954.68,15062.59,109.83,-11217.74
2050-01-23 17:00:00,4483.9,15225.0,0.0,-10741.1
2050-01-23 18:00:00,4956.25,15225.0,0.0,-10268.75
2050-01-23 19:00:00,5326.92,15225.0,0.0,-9898.08
2050-01-23 20:00:00,5508.2,15225.0,0.0,-9716.8
2050-01-23 21:00:00,5479.24,15225.0,0.0,-9745.76
2050-01-23 22:00:00,5317.08,15225.0,0.0,-9907.92
2050-01-23 23:00:00,5105.17,15225.0,0.0,-10119.83
2050-01-24 00:00:00,4843.11,15225.0,0.0,-10381.89
2050-01-24 01:00:00,4733.48,15205.15,0.0,-10471.66
2050-01-24 02:00:00,4544.57,15037.79,0.0,-10493.22
2050-01-24 03:00:00,4439.95,15058.99,0.0,-10619.04
2050-01-24 04:00:00,4340.34,15225.0,0.0,-10884.66
2050-01-24 05:00:00,4274.23,15225.0,0.0,-10950.77
2050-01-24 06:00:00,4308.31,15225.0,0.0,-10916.69
2050-01-24 07:00:00,4316.06,15225.0,17.4,-10926.34
2050-01-24 08:00:00,4293.65,15225.0,52.14,-10983.49
2050-01-24 09:00:00,4281.26,15225.0,167.26,-11110.99
2050-01-24 10:00:00,4174.11,15225.0,127.08,-11177.98
2050-01-24 11:00:00,3970.74,15192.53,115.58,-11337.37
2050-01-24 12:00:00,3752.83,15141.1,98.31,-11486.58
2050-01-24 13:00:00,3519.7,15177.64,92.55,-11750.48
2050-01-24 14:00:00,3389.18,14207.3,40.57,-10858.69
2050-01-24 15:00:00,3407.61,14618.71,98.31,-11309.41
2050-01-24 16:00:00,3567.75,14862.31,57.92,-11352.48
2050-01-24 17:00:00,3930.51,14694.5,0.0,-10763.99
2050-01-24 18:00:00,4255.72,14417.05,0.0,-10161.33
2050-01-24 19:00:00,4441.12,14339.93,0.0,-9898.81
2050-01-24 20:00:00,4472.01,14423.83,0.0,-9951.82
2050-01-24 21:00:00,4323.22,14645.78,0.0,-10322.56
2050-01-24 22:00:00,4040.9,14606.53,0.0,-10565.63
2050-01-24 23:00:00,3707.77,14093.62,0.0,-10385.85
2050-01-25 00:00:00,3347.76,13955.57,0.0,-10607.81
2050-01-25 01:00:00,3163.66,11787.53,0.0,-8623.86
2050-01-25 02:00:00,2912.28,11729.8,0.0,-8817.52
2050-01-25 03:00:00,2774.09,12484.04,0.0,-9709.95
2050-01-25 04:00:00,2688.07,12022.12,0.0,-9334.05
2050-01-25 05:00:00,2667.44,10474.34,0.0,-7806.91
2050-01-25 06:00:00,2768.34,8509.75,0.0,-5741.41
2050-01-25 07:00:00,2850.53,10019.86,0.0,-7169.33
2050-01-25 08:00:00,2953.03,9747.15,2743.87,-9537.99
2050-01-25 09:00:00,3136.71,8518.55,2769.82,-8151.66
2050-01-25 10:00:00,3193.97,8061.14,4127.79,-8994.95
2050-01-25 11:00:00,3236.11,8064.06,4570.4,-9398.35
2050-01-25 12:00:00,3277.12,6964.48,4558.01,-8245.37
2050-01-25 13:00:00,3293.49,8316.23,4240.05,-9262.79
2050-01-25 14:00:00,3320.08,10395.17,3110.43,-10185.52
2050-01-25 15:00:00,3375.81,8984.77,2242.33,-7851.29
2050-01-25 16:00:00,3550.12,8105.12,814.7,-5369.7
2050-01-25 17:00:00,3893.31,8583.06,0.0,-4689.76
2050-01-25 18:00:00,4199.78,8603.59,0.0,-4403.8
2050-01-25 19:00:00,4308.09,10195.79,0.0,-5887.7
2050-01-25 20:00:00,4333.08,11430.26,0.0,-7097.18
2050-01-25 21:00:00,4292.31,13025.38,0.0,-8733.08
2050-01-25 22:00:00,4167.91,13166.12,0.0,-8998.22
2050-01-25 23:00:00,4000.09,11095.98,0.0,-7095.89
2050-01-26 00:00:00,3806.51,10392.25,0.0,-6585.74
2050-01-26 01:00:00,3785.56,9893.77,0.0,-6108.2
2050-01-26 02:00:00,3686.82,8477.51,0.0,-4790.69
2050-01-26 03:00:00,3673.11,9846.86,0.0,-6173.75
2050-01-26 04:00:00,3709.89,11903.01,0.0,-8193.12
2050-01-26 05:00:00,3794.64,9799.94,0.0,-6005.3
2050-01-26 06:00:00,3981.22,8802.99,0.0,-4821.77
2050-01-26 07:00:00,4161.69,8964.25,132.83,-4935.39
2050-01-26 08:00:00,4246.95,9512.58,3132.24,-8397.88
2050-01-26 09:00:00,4197.39,10228.05,3313.79,-9344.44
2050-01-26 10:00:00,4113.83,9169.52,4372.32,-9428.01
2050-01-26 11:00:00,4027.78,8084.58,4622.75,-8679.56
2050-01-26 12:00:00,3981.8,9606.41,4584.29,-10208.9
2050-01-26 13:00:00,3896.07,10107.82,4283.97,-10495.71
2050-01-26 14:00:00,3807.34,10835.01,3559.14,-10586.81
2050-01-26 15:00:00,3787.41,12083.46,1087.4,-9383.45
2050-01-26 16:00:00,3992.58,13671.38,201.59,-9880.38
2050-01-26 17:00:00,4559.63,13600.99,0.0,-9041.37
2050-01-26 18:00:00,5082.36,14882.6,0.0,-9800.24
2050-01-26 19:00:00,5483.03,14971.93,0.0,-9488.9
2050-01-26 20:00:00,5691.89,14576.75,0.0,-8884.86
2050-01-26 21:00:00,5691.43,14402.18,0.0,-8710.75
2050-01-26 22:00:00,5551.03,14326.39,0.0,-8775.36
2050-01-26 23:00:00,5341.94,13979.93,0.0,-8637.99
2050-01-27 00:00:00,5085.4,11982.41,0.0,-6897.01
2050-01-27 01:00:00,4988.22,12141.21,0.0,-7152.99
2050-01-27 02:00:00,4813.03,12512.93,0.0,-7699.9
2050-01-27 03:00:00,4736.68,11599.87,0.0,-6863.19
2050-01-27 04:00:00,4697.01,13392.58,0.0,-8695.57
2050-01-27 05:00:00,4716.56,14123.38,0.0,-9406.82
2050-01-27 06:00:00,4859.37,11635.97,0.0,-6776.59
2050-01-27 07:00:00,4978.5,12751.1,0.0,-7772.6
2050-01-27 08:00:00,4976.32,13050.64,2925.57,-10999.89
2050-01-27 09:00:00,4836.67,13614.53,3713.87,-12491.73
2050-01-27 10:00:00,4662.42,13966.39,4291.03,-13595.01
2050-01-27 11:00:00,4488.63,13744.46,4392.03,-13647.86
2050-01-27 12:00:00,4355.85,13357.39,2724.18,-11725.73
2050-01-27 13:00:00,4188.26,12227.82,3418.26,-11457.81
2050-01-27 14:00:00,4030.88,13836.48,1735.42,-11541.02
2050-01-27 15:00:00,3950.04,14559.17,797.58,-11406.7
2050-01-27 16:00:00,4092.22,14866.36,178.71,-10952.85
2050-01-27 17:00:00,4617.52,14728.33,0.0,-10110.81
2050-01-27 18:00:00,5125.91,14509.09,0.0,-9383.18
2050-01-27 19:00:00,5512.83,14575.39,0.0,-9062.56
2050-01-27 20:00:00,5712.86,13090.35,0.0,-7377.49
2050-01-27 21:00:00,5708.05,13904.14,0.0,-8196.09
2050-01-27 22:00:00,5547.07,14247.89,0.0,-8700.82
2050-01-27 23:00:00,5313.03,13213.94,0.0,-7900.91
2050-01-28 00:00:00,5042.14,13362.82,0.0,-8320.67
2050-01-28 01:00:00,4942.38,11239.66,0.0,-6297.28
2050-01-28 02:00:00,4769.26,11559.28,0.0,-6790.02
2050-01-28 03:00:00,4694.08,10958.16,0.0,-6264.08
2050-01-28 04:00:00,4662.79,10688.41,0.0,-6025.62
2050-01-28 05:00:00,4690.7,12217.0,0.0,-7526.3
2050-01-28 06:00:00,4834.2,12650.06,0.0,-7815.85
2050-01-28 07:00:00,4955.11,11459.57,144.32,-6648.78
2050-01-28 08:00:00,4945.76,10301.34,972.68,-6328.26
2050-01-28 09:00:00,4887.67,9972.94,1869.45,-6954.71
2050-01-28 10:00:00,4840.58,8932.01,2895.23,-6986.65
2050-01-28 11:00:00,4799.87,7111.1,2615.28,-4926.51
2050-01-28 12:00:00,4748.69,7609.56,2300.17,-5161.05
2050-01-28 13:00:00,4690.38,6976.2,2036.22,-4322.04
2050-01-28 14:00:00,4688.66,5156.65,1458.35,-1926.33
2050-01-28 15:00:00,4702.85,5280.7,719.41,-1297.26
2050-01-28 16:00:00,4707.04,5590.85,334.97,-1218.78
2050-01-28 17:00:00,5105.33,6378.04,0.0,-1272.71
2050-01-28 18:00:00,5518.93,7037.79,0.0,-1518.85
2050-01-28 19:00:00,5839.33,6797.34,0.0,-958.01
2050-01-28 20:00:00,6022.35,6920.49,0.0,-898.14
2050-01-28 21:00:00,6059.64,7518.67,0.0,-1459.03
2050-01-28 22:00:00,6000.14,7823.63,0.0,-1823.49
2050-01-28 23:00:00,5884.81,7597.84,0.0,-1713.03
2050-01-29 00:00:00,5702.8,8398.34,0.0,-2695.54
2050-01-29 01:00:00,5676.14,8682.76,0.0,-3006.61
2050-01-29 02:00:00,5548.12,9081.55,0.0,-3533.43
2050-01-29 03:00:00,5497.59,10406.91,0.0,-4909.32
2050-01-29 04:00:00,5471.75,9538.96,0.0,-4067.22
2050-01-29 05:00:00,5503.07,13235.59,0.0,-7732.53
2050-01-29 06:00:00,5649.06,13104.78,0.0,-7455.72
2050-01-29 07:00:00,5774.42,13676.78,63.7,-7966.07
2050-01-29 08:00:00,5785.2,13316.81,155.79,-7687.4
2050-01-29 09:00:00,5671.7,12076.24,161.52,-6566.06
2050-01-29 10:00:00,5533.19,13438.61,184.43,-8089.85
2050-01-29 11:00:00,5412.29,13649.71,371.85,-8609.28
2050-01-29 12:00:00,5338.73,14712.08,315.36,-9688.71
2050-01-29 13:00:00,5244.56,15046.37,155.79,-9957.59
2050-01-29 14:00:00,5132.18,15225.0,247.22,-10340.04
2050-01-29 15:00:00,5066.4,15225.0,178.71,-10337.31
2050-01-29 16:00:00,5191.64,15225.0,92.55,-10125.91
2050-01-29 17:00:00,5676.73,15225.0,0.0,-9548.27
2050-01-29 18:00:00,6162.44,15225.0,0.0,-9062.56
2050-01-29 19:00:00,6530.91,15144.25,0.0,-8613.34
2050-01-29 20:00:00,6715.34,14994.94,0.0,-8279.59
2050-01-29 21:00:00,6709.95,15203.79,0.0,-8493.85
2050-01-29 22:00:00,6559.17,14832.53,0.0,-8273.36
2050-01-29 23:00:00,6336.52,13877.09,0.0,-7540.57
2050-01-30 00:00:00,6064.11,13230.19,0.0,-7166.08
2050-01-30 01:00:00,5968.5,13947.46,0.0,-7978.96
2050-01-30 02:00:00,5818.27,14591.64,0.0,-8773.37
2050-01-30 03:00:00,5756.43,12379.39,0.0,-6622.96
2050-01-30 04:00:00,5738.94,11016.81,0.0,-5277.87
2050-01-30 05:00:00,5779.95,10269.1,0.0,-4489.15
2050-01-30 06:00:00,5930.74,8586.0,0.0,-2655.26
2050-01-30 07:00:00,6057.7,7462.96,178.71,-1583.97
2050-01-30 08:00:00,6082.07,7351.53,3268.37,-4537.83
2050-01-30 09:00:00,5999.73,6524.64,3979.2,-4504.11
2050-01-30 10:00:00,5856.99,4501.64,4540.77,-3185.42
2050-01-30 11:00:00,5698.41,3844.81,4799.3,-2945.71
2050-01-30 12:00:00,5550.98,3654.0,4744.71,-2847.73
2050-01-30 13:00:00,5382.12,5384.92,4381.84,-4384.63
2050-01-30 14:00:00,5281.46,7677.01,2675.1,-5070.65
2050-01-30 15:00:00,5257.18,7961.44,444.91,-3149.17
2050-01-30 16:00:00,5406.98,9975.88,167.26,-4736.15
2050-01-30 17:00:00,5810.46,13406.11,0.0,-7595.66
2050-01-30 18:00:00,6223.53,15217.78,0.0,-8994.25
2050-01-30 19:00:00,6519.69,15225.0,0.0,-8705.31
2050-01-30 20:00:00,6618.51,15180.79,0.0,-8562.27
2050-01-30 21:00:00,6520.94,15045.45,0.0,-8524.52
2050-01-30 22:00:00,6296.37,14618.71,0.0,-8322.34
2050-01-30 23:00:00,6021.99,13101.17,0.0,-7079.18
2050-01-31 00:00:00,5719.77,11433.18,0.0,-5713.41
2050-01-31 01:00:00,5588.54,10656.14,0.0,-5067.6
2050-01-31 02:00:00,5395.02,9242.81,0.0,-3847.79
2050-01-31 03:00:00,5293.67,7169.74,0.0,-1876.07
2050-01-31 04:00:00,5244.73,7618.36,0.0,-2373.63
2050-01-31 05:00:00,5269.23,7820.69,0.0,-2551.46
2050-01-31 06:00:00,5415.78,8383.68,0.0,-2967.89
2050-01-31 07:00:00,5545.85,8832.31,190.15,-3476.61
2050-01-31 08:00:00,5572.17,7509.87,1337.26,-3274.96
2050-01-31 09:00:00,5411.64,7234.25,2403.43,-4226.03
2050-01-31 10:00:00,5204.9,4600.89,2910.17,-2306.16
2050-01-31 11:00:00,5003.5,3787.98,3130.04,-1914.52
2050-01-31 12:00:00,4848.37,3408.38,2986.14,-1546.15
2050-01-31 13:00:00,4664.87,3733.17,3485.91,-2554.21
2050-01-31 14:00:00,4485.56,3373.86,3765.83,-2654.13
2050-01-31 15:00:00,4377.89,3783.91,2484.11,-1890.14
2050-01-31 16:00:00,4479.04,3418.51,360.39,700.14
2050-01-31 17:00:00,4941.71,4541.33,0.0,400.38
2050-01-31 18:00:00,5430.86,6430.81,0.0,-999.95
2050-01-31 19:00:00,5663.22,7474.68,0.0,-1811.46
2050-01-31 20:00:00,5844.58,8632.91,0.0,-2788.33
2050-01-31 21:00:00,5823.39,10870.19,0.0,-5046.81
2050-01-31 22:00:00,5661.82,8855.76,0.0,-3193.94
2050-01-31 23:00:00,5451.45,8706.22,0.0,-3254.77
2050-02-01 00:00:00,5416.91,10178.2,0.0,-4761.29
2050-02-01 01:00:00,5324.49,11374.54,0.0,-6050.05
2050-02-01 02:00:00,5146.65,11881.36,0.0,-6734.71
2050-02-01 03:00:00,5087.48,12090.67,0.0,-7003.2
2050-02-01 04:00:00,5070.08,13782.34,0.0,-8712.26
2050-02-01 05:00:00,5106.49,13858.13,0.0,-8751.64
2050-02-01 06:00:00,5256.12,13877.09,0.0,-8620.96
2050-02-01 07:00:00,5394.08,13714.68,150.05,-8470.66
2050-02-01 08:00:00,5393.59,13590.17,737.67,-8934.25
2050-02-01 09:00:00,5270.53,12069.02,2181.82,-8980.32
2050-02-01 10:00:00,5097.02,10553.51,3627.14,-9083.63
2050-02-01 11:00:00,4910.14,9829.26,3812.62,-8731.75
2050-02-01 12:00:00,4769.18,8240.0,2972.64,-6443.45
2050-02-01 13:00:00,4588.38,8770.73,3207.66,-7390.0
2050-02-01 14:00:00,4402.44,6938.09,2840.7,-5376.35
2050-02-01 15:00:00,4288.35,6612.61,2689.02,-5013.28
2050-02-01 16:00:00,4398.26,8084.58,1062.24,-4748.55
2050-02-01 17:00:00,4888.05,7421.9,0.0,-2533.85
2050-02-01 18:00:00,5456.48,6466.0,0.0,-1009.52
2050-02-01 19:00:00,5852.79,8201.87,0.0,-2349.08
2050-02-01 20:00:00,6053.6,6193.76,0.0,-140.16
2050-02-01 21:00:00,6048.79,3814.36,0.0,2234.43
2050-02-01 22:00:00,5867.98,6495.32,0.0,-627.34
2050-02-01 23:00:00,5626.54,7580.24,0.0,-1953.7
2050-02-02 00:00:00,5327.42,8635.85,0.0,-3308.43
2050-02-02 01:00:00,5214.4,8738.48,0.0,-3524.08
2050-02-02 02:00:00,5008.84,9805.8,0.0,-4796.96
2050-02-02 03:00:00,4911.39,8213.6,0.0,-3302.21
2050-02-02 04:00:00,4850.51,6847.18,0.0,-1996.67
2050-02-02 05:00:00,4852.11,5494.08,0.0,-641.97
2050-02-02 06:00:00,4968.92,7527.47,0.0,-2558.55
2050-02-02 07:00:00,5068.44,9072.74,52.14,-4056.45
2050-02-02 08:00:00,5066.87,8427.66,503.43,-3864.22
2050-02-02 09:00:00,4969.1,10013.98,115.58,-5160.47
2050-02-02 10:00:00,4790.84,10937.64,490.13,-6636.93
2050-02-02 11:00:00,4554.64,7325.14,1066.39,-3836.9
2050-02-02 12:00:00,4342.99,6156.53,878.78,-2692.32
2050-02-02 13:00:00,4155.11,5714.9,1238.89,-2798.67
2050-02-02 14:00:00,3952.18,5965.49,104.07,-2117.38
2050-02-02 15:00:00,3832.09,7078.83,429.51,-3676.26
2050-02-02 16:00:00,3937.34,8943.73,81.02,-5087.4
2050-02-02 17:00:00,4373.58,10530.07,0.0,-6156.48
2050-02-02 18:00:00,4873.37,11227.94,0.0,-6354.57
2050-02-02 19:00:00,5240.89,13115.61,0.0,-7874.71
2050-02-02 20:00:00,5423.84,11848.89,0.0,-6425.04
2050-02-02 21:00:00,5407.84,12660.88,0.0,-7253.04
2050-02-02 22:00:00,5215.04,11859.71,0.0,-6644.67
2050-02-02 23:00:00,4951.47,10782.24,0.0,-5830.77
2050-02-03 00:00:00,4622.67,10969.9,0.0,-6347.23
2050-02-03 01:00:00,4481.51,13349.28,0.0,-8867.77
2050-02-03 02:00:00,4252.07,13563.1,0.0,-9311.03
2050-02-03 03:00:00,4120.8,13587.46,0.0,-9466.66
2050-02-03 04:00:00,4045.42,12357.74,0.0,-8312.31
2050-02-03 05:00:00,4031.28,11899.4,0.0,-7868.12
2050-02-03 06:00:00,4149.48,10782.24,0.0,-6632.75
2050-02-03 07:00:00,4262.75,9550.7,0.0,-5287.96
2050-02-03 08:00:00,4324.78,9286.79,2690.72,-7652.74
2050-02-03 09:00:00,4317.71,8990.65,3628.31,-8301.26
2050-02-03 10:00:00,4265.93,8811.77,4303.83,-8849.67
2050-02-03 11:00:00,4185.65,8503.89,2823.04,-7141.29
2050-02-03 12:00:00,4101.85,9014.1,4680.38,-9592.63
2050-02-03 13:00:00,3972.67,9319.06,4389.32,-9735.7
2050-02-03 14:00:00,3847.48,8964.25,3772.22,-8888.99
2050-02-03 15:00:00,3853.67,10465.56,2696.85,-9308.74
2050-02-03 16:00:00,4060.57,12242.26,1127.23,-9308.91
2050-02-03 17:00:00,4523.93,13776.94,0.0,-9253.01
2050-02-03 18:00:00,5081.25,13333.03,0.0,-8251.78
2050-02-03 19:00:00,5469.74,13584.77,0.0,-8115.02
2050-02-03 20:00:00,5672.56,14250.6,0.0,-8578.04
2050-02-03 21:00:00,5679.77,15225.0,0.0,-9545.23
2050-02-03 22:00:00,5523.21,15225.0,0.0,-9701.79
2050-02-03 23:00:00,5303.2,15225.0,0.0,-9921.8
2050-02-04 00:00:00,5023.0,14832.53,0.0,-9809.53
2050-02-04 01:00:00,4917.39,14440.06,0.0,-9522.67
2050-02-04 02:00:00,4735.64,14429.23,0.0,-9693.6
2050-02-04 03:00:00,4661.96,15024.26,0.0,-10362.3
2050-02-04 04:00:00,4614.78,14375.11,0.0,-9760.33
2050-02-04 05:00:00,4631.99,13990.75,0.0,-9358.76
2050-02-04 06:00:00,4809.6,14492.84,0.0,-9683.25
2050-02-04 07:00:00,4991.91,13392.58,109.83,-8510.5
2050-02-04 08:00:00,5043.04,11292.44,1688.79,-7938.19
2050-02-04 09:00:00,4998.64,11892.19,1430.91,-8324.45
2050-02-04 10:00:00,4896.54,11342.29,1362.85,-7808.59
2050-02-04 11:00:00,4796.77,6116.84,428.09,-1748.16
2050-02-04 12:00:00,4726.89,6471.86,830.06,-2575.03
2050-02-04 13:00:00,4597.47,5776.93,218.72,-1398.17
2050-02-04 14:00:00,4447.32,6144.14,528.81,-2225.62
2050-02-04 15:00:00,4354.52,7870.53,298.36,-3814.37
2050-02-04 16:00:00,4479.37,8330.89,17.4,-3868.92
2050-02-04 17:00:00,4966.43,8650.51,0.0,-3684.08
2050-02-04 18:00:00,5551.1,7671.15,0.0,-2120.05
2050-02-04 19:00:00,5954.53,7967.3,0.0,-2012.77
2050-02-04 20:00:00,6149.34,7665.29,0.0,-1515.94
2050-02-04 21:00:00,6114.03,9820.46,0.0,-3706.43
2050-02-04 22:00:00,5901.96,10011.06,0.0,-4109.1
2050-02-04 23:00:00,5614.45,10996.29,0.0,-5381.84
2050-02-05 00:00:00,5280.37,10990.43,0.0,-5710.06
2050-02-05 01:00:00,5131.5,11518.21,0.0,-6386.71
2050-02-05 02:00:00,4894.02,12722.24,0.0,-7828.22
2050-02-05 03:00:00,4767.12,13148.08,0.0,-8380.96
2050-02-05 04:00:00,4698.02,12253.08,0.0,-7555.06
2050-02-05 05:00:00,4696.31,13647.02,0.0,-8950.71
2050-02-05 06:00:00,4807.85,13896.02,0.0,-9088.17
2050-02-05 07:00:00,4899.42,15106.81,0.0,-10207.39
2050-02-05 08:00:00,4900.46,15210.11,3100.3,-13409.95
2050-02-05 09:00:00,4872.27,15225.0,3942.05,-14294.78
2050-02-05 10:00:00,4787.54,15225.0,4531.58,-14969.04
2050-02-05 11:00:00,4683.73,15225.0,4813.69,-15354.96
2050-02-05 12:00:00,4608.11,15003.05,4812.58,-15207.52
2050-02-05 13:00:00,4512.29,14553.74,4526.25,-14567.7
2050-02-05 14:00:00,4438.36,14578.1,3864.73,-14004.47
2050-02-05 15:00:00,4419.28,13235.59,2817.68,-11634.0
2050-02-05 16:00:00,4567.24,11148.77,1234.07,-7815.6
2050-02-05 17:00:00,4931.46,11866.93,0.0,-6935.47
2050-02-05 18:00:00,5381.95,11433.18,0.0,-6051.23
2050-02-05 19:00:00,5681.73,13806.7,0.0,-8124.97
2050-02-05 20:00:00,5799.33,14666.08,0.0,-8866.74
2050-02-05 21:00:00,5744.09,14182.94,0.0,-8438.85
2050-02-05 22:00:00,5537.51,13747.15,0.0,-8209.64
2050-02-05 23:00:00,5280.56,13714.68,0.0,-8434.12
2050-02-06 00:00:00,4974.88,11506.49,0.0,-6531.61
2050-02-06 01:00:00,4864.64,9512.58,0.0,-4647.94
2050-02-06 02:00:00,4672.68,8539.08,0.0,-3866.4
2050-02-06 03:00:00,4609.22,5466.8,0.0,-857.58
2050-02-06 04:00:00,4602.59,6322.32,0.0,-1719.72
2050-02-06 05:00:00,4645.41,5012.74,0.0,-367.33
2050-02-06 06:00:00,4795.12,4021.42,0.0,773.69
2050-02-06 07:00:00,4917.54,2235.03,109.83,2572.68
2050-02-06 08:00:00,5025.81,2100.49,1097.27,1828.05
2050-02-06 09:00:00,5123.57,1831.23,2439.27,853.07
2050-02-06 10:00:00,5167.43,1554.93,1051.68,2560.82
2050-02-06 11:00:00,5198.39,1690.26,721.48,2786.64
2050-02-06 12:00:00,5223.31,2675.53,797.23,1750.54
2050-02-06 13:00:00,5193.43,1729.73,584.17,2879.54
2050-02-06 14:00:00,5142.95,2159.7,1040.17,1943.08
2050-02-06 15:00:00,5129.13,2547.64,444.91,2136.58
2050-02-06 16:00:00,5311.81,3735.19,28.99,1547.63
2050-02-06 17:00:00,5703.97,6917.57,0.0,-1213.6
2050-02-06 18:00:00,6179.09,6976.2,0.0,-797.11
2050-02-06 19:00:00,6503.92,8861.62,0.0,-2357.7
2050-02-06 20:00:00,6650.58,8703.28,0.0,-2052.7
2050-02-06 21:00:00,6639.88,8319.17,0.0,-1679.29
2050-02-06 22:00:00,6488.95,8797.11,0.0,-2308.16
2050-02-06 23:00:00,6262.63,7741.52,0.0,-1478.89
2050-02-07 00:00:00,6004.22,4819.21,0.0,1185.0
2050-02-07 01:00:00,5925.96,2231.59,0.0,3694.37
2050-02-07 02:00:00,5743.57,3487.55,0.0,2256.02
2050-02-07 03:00:00,5657.69,4256.01,0.0,1401.68
2050-02-07 04:00:00,5607.81,5067.34,0.0,540.48
2050-02-07 05:00:00,5615.82,5883.61,0.0,-267.79
2050-02-07 06:00:00,5736.74,5156.65,0.0,580.09
2050-02-07 07:00:00,5850.54,5171.54,63.93,615.07
2050-02-07 08:00:00,5872.44,4915.99,843.87,112.58
2050-02-07 09:00:00,5784.52,5193.87,1758.39,-1167.75
2050-02-07 10:00:00,5591.42,6926.35,2113.29,-3448.22
2050-02-07 11:00:00,5382.17,7970.23,1878.03,-4466.09
2050-02-07 12:00:00,5213.1,7735.66,1027.47,-3550.02
2050-02-07 13:00:00,5003.88,8512.69,979.76,-4488.57
2050-02-07 14:00:00,4787.86,6407.35,1275.31,-2894.8
2050-02-07 15:00:00,4647.35,4868.85,184.43,-405.93
2050-02-07 16:00:00,4740.43,7612.5,17.4,-2889.47
2050-02-07 17:00:00,5193.7,10245.63,0.0,-5051.94
2050-02-07 18:00:00,5792.34,10691.33,0.0,-4898.99
2050-02-07 19:00:00,6207.6,10483.14,0.0,-4275.54
2050-02-07 20:00:00,6430.17,10626.82,0.0,-4196.65
2050-02-07 21:00:00,6438.83,10864.33,0.0,-4425.5
2050-02-07 22:00:00,6261.66,14460.37,0.0,-8198.71
2050-02-07 23:00:00,6011.18,15073.42,0.0,-9062.24
2050-02-08 00:00:00,5707.98,15077.94,0.0,-9369.96
2050-02-08 01:00:00,5585.51,14740.51,0.0,-9155.0
2050-02-08 02:00:00,5371.23,13706.57,0.0,-8335.34
2050-02-08 03:00:00,5258.44,13473.79,0.0,-8215.35
2050-02-08 04:00:00,5200.31,14463.08,0.0,-9262.77
2050-02-08 05:00:00,5209.15,13292.45,0.0,-8083.29
2050-02-08 06:00:00,5341.84,13660.54,0.0,-8318.7
2050-02-08 07:00:00,5465.7,13219.37,92.55,-7846.21
2050-02-08 08:00:00,5452.45,10925.92,2619.27,-8092.74
2050-02-08 09:00:00,5340.65,11527.01,573.09,-6759.45
2050-02-08 10:00:00,5160.45,7870.53,765.49,-3475.57
2050-02-08 11:00:00,4977.63,7357.39,963.21,-3342.97
2050-02-08 12:00:00,4832.56,7545.05,1440.57,-4153.06
2050-02-08 13:00:00,4654.42,6436.67,1182.42,-2964.67
2050-02-08 14:00:00,4482.02,5819.1,3833.49,-5170.56
2050-02-08 15:00:00,4391.73,6454.27,2817.36,-4879.9
2050-02-08 16:00:00,4543.25,6685.92,264.29,-2406.96
2050-02-08 17:00:00,5043.88,8855.76,0.0,-3811.88
2050-02-08 18:00:00,5658.46,10635.62,0.0,-4977.16
2050-02-08 19:00:00,6056.65,9691.44,0.0,-3634.79
2050-02-08 20:00:00,6244.47,10849.67,0.0,-4605.2
2050-02-08 21:00:00,6220.48,10744.12,0.0,-4523.63
2050-02-08 22:00:00,6022.07,9747.15,0.0,-3725.08
2050-02-08 23:00:00,5746.16,8327.97,0.0,-2581.81
2050-02-09 00:00:00,5418.59,7190.27,0.0,-1771.68
2050-02-09 01:00:00,5270.2,6129.25,0.0,-859.05
2050-02-09 02:00:00,5035.28,5486.63,0.0,-451.36
2050-02-09 03:00:00,4930.85,5238.53,0.0,-307.68
2050-02-09 04:00:00,4880.96,6946.88,0.0,-2065.91
2050-02-09 05:00:00,4902.11,6941.02,0.0,-2038.9
2050-02-09 06:00:00,5040.42,5833.99,0.0,-793.57
2050-02-09 07:00:00,5163.32,5697.53,213.01,-747.22
2050-02-09 08:00:00,5147.41,6468.94,926.26,-2247.78
2050-02-09 09:00:00,5034.49,7442.44,1501.95,-3909.9
2050-02-09 10:00:00,4849.26,9753.03,1741.29,-6645.05
2050-02-09 11:00:00,4656.06,10116.62,1266.74,-6727.29
2050-02-09 12:00:00,4498.29,11307.11,1386.59,-8195.41
2050-02-09 13:00:00,4294.53,11371.61,1644.36,-8721.44
2050-02-09 14:00:00,4100.21,10494.88,715.83,-7110.5
2050-02-09 15:00:00,4017.8,11277.78,984.11,-8244.09
2050-02-09 16:00:00,4163.26,12668.1,584.45,-9089.29
2050-02-09 17:00:00,4552.78,13690.32,0.0,-9137.54
2050-02-09 18:00:00,5062.66,13101.17,0.0,-8038.51
2050-02-09 19:00:00,5394.38,14158.58,0.0,-8764.2
2050-02-09 20:00:00,5546.79,14399.47,0.0,-8852.68
2050-02-09 21:00:00,5498.01,14767.58,0.0,-9269.57
2050-02-09 22:00:00,5271.88,15044.11,0.0,-9772.23
2050-02-09 23:00:00,4994.84,14844.71,0.0,-9849.87
2050-02-10 00:00:00,4664.09,12707.81,0.0,-8043.72
2050-02-10 01:00:00,4520.52,13476.5,0.0,-8955.98
2050-02-10 02:00:00,4291.45,13508.98,0.0,-9217.53
2050-02-10 03:00:00,4183.83,14182.94,0.0,-9999.11
2050-02-10 04:00:00,4110.97,13349.28,0.0,-9238.31
2050-02-10 05:00:00,4106.74,13557.7,0.0,-9450.95
2050-02-10 06:00:00,4220.28,13360.1,0.0,-9139.82
2050-02-10 07:00:00,4319.08,13950.17,0.0,-9631.08
2050-02-10 08:00:00,4412.99,14299.32,3084.42,-12970.75
2050-02-10 09:00:00,4458.29,14499.62,3928.61,-13969.94
2050-02-10 10:00:00,4485.12,12217.0,4507.49,-12239.36
2050-02-10 11:00:00,4481.29,13422.36,4795.56,-13736.63
2050-02-10 12:00:00,4471.19,14234.35,4793.46,-14556.62
2050-02-10 13:00:00,4433.27,14109.86,4511.17,-14187.75
2050-02-10 14:00:00,4443.54,13376.35,3893.66,-12826.46
2050-02-10 15:00:00,4492.69,10568.17,2861.97,-8937.45
2050-02-10 16:00:00,4693.89,10981.63,1363.7,-7651.43
2050-02-10 17:00:00,5064.78,9647.46,0.0,-4582.68
2050-02-10 18:00:00,5520.13,9005.3,0.0,-3485.17
2050-02-10 19:00:00,5802.59,8905.6,0.0,-3103.01
2050-02-10 20:00:00,5915.09,9154.85,0.0,-3239.76
2050-02-10 21:00:00,5858.09,8093.38,0.0,-2235.29
2050-02-10 22:00:00,5658.3,9503.78,0.0,-3845.48
2050-02-10 23:00:00,5388.87,7389.65,0.0,-2000.78
2050-02-11 00:00:00,5071.59,4523.97,0.0,547.62
2050-02-11 01:00:00,4955.3,5672.73,0.0,-717.43
2050-02-11 02:00:00,4742.57,6357.5,0.0,-1614.94
2050-02-11 03:00:00,4647.29,5409.73,0.0,-762.44
2050-02-11 04:00:00,4597.4,7040.71,0.0,-2443.31
2050-02-11 05:00:00,4618.87,7773.78,0.0,-3154.91
2050-02-11 06:00:00,4779.32,7685.81,0.0,-2906.49
2050-02-11 07:00:00,4919.43,9923.09,0.0,-5003.66
2050-02-11 08:00:00,4975.46,7545.05,3011.47,-5581.06
2050-02-11 09:00:00,4988.06,6191.28,3863.03,-5066.25
2050-02-11 10:00:00,4891.48,5732.27,4449.81,-5290.6
2050-02-11 11:00:00,4762.57,4744.78,4741.75,-4723.96
2050-02-11 12:00:00,4665.2,6265.71,4749.33,-6349.85
2050-02-11 13:00:00,4527.06,7342.73,4458.83,-7274.5
2050-02-11 14:00:00,4471.72,8594.8,3830.86,-7953.94
2050-02-11 15:00:00,4498.24,8902.68,2781.12,-7185.56
2050-02-11 16:00:00,4695.54,8281.04,1294.86,-4880.36
2050-02-11 17:00:00,5119.85,10254.43,0.0,-5134.59
2050-02-11 18:00:00,5678.6,7257.7,0.0,-1579.1
2050-02-11 19:00:00,6047.7,8943.73,0.0,-2896.03
2050-02-11 20:00:00,6211.07,7398.45,0.0,-1187.38
2050-02-11 21:00:00,6182.22,8750.2,0.0,-2567.98
2050-02-11 22:00:00,5981.87,8682.76,0.0,-2700.88
2050-02-11 23:00:00,5710.08,12209.78,0.0,-6499.7
2050-02-12 00:00:00,5382.77,12267.51,0.0,-6884.75
2050-02-12 01:00:00,5240.24,12494.87,0.0,-7254.63
2050-02-12 02:00:00,5012.65,13465.66,0.0,-8453.01
2050-02-12 03:00:00,4901.49,13104.78,0.0,-8203.29
2050-02-12 04:00:00,4838.37,13187.79,0.0,-8349.41
2050-02-12 05:00:00,4847.37,11751.45,0.0,-6904.07
2050-02-12 06:00:00,4980.45,13297.85,0.0,-8317.4
2050-02-12 07:00:00,5108.99,11415.6,5977.01,-12283.62
2050-02-12 08:00:00,5116.74,8949.59,366.21,-4199.06
2050-02-12 09:00:00,5034.01,7527.47,906.97,-3400.43
2050-02-12 10:00:00,4866.48,3907.76,884.84,73.89
2050-02-12 11:00:00,4702.25,3215.52,1013.58,473.15
2050-02-12 12:00:00,4577.9,3219.59,1973.06,-614.75
2050-02-12 13:00:00,4416.62,3353.57,1174.62,-111.56
2050-02-12 14:00:00,4257.04,2894.77,905.92,456.35
2050-02-12 15:00:00,4177.16,3917.89,433.7,-174.43
2050-02-12 16:00:00,4318.92,4176.61,1192.63,-1050.32
2050-02-12 17:00:00,4780.22,6530.5,0.0,-1750.28
2050-02-12 18:00:00,5417.53,5898.5,0.0,-480.97
2050-02-12 19:00:00,5830.2,9313.19,0.0,-3482.99
2050-02-12 20:00:00,6034.49,10342.4,0.0,-4307.91
2050-02-12 21:00:00,6029.23,12855.76,0.0,-6826.53
2050-02-12 22:00:00,5858.58,13093.96,0.0,-7235.37
2050-02-12 23:00:00,5616.93,13140.86,0.0,-7523.93
2050-02-13 00:00:00,5308.5,11008.01,0.0,-5699.51
2050-02-13 01:00:00,5171.88,10943.5,0.0,-5771.62
2050-02-13 02:00:00,4944.07,13166.12,0.0,-8222.06
2050-02-13 03:00:00,4815.36,13243.73,0.0,-8428.37
2050-02-13 04:00:00,4730.91,15177.18,0.0,-10446.26
2050-02-13 05:00:00,4722.54,15225.0,0.0,-10502.46
2050-02-13 06:00:00,4853.57,15140.2,0.0,-10286.63
2050-02-13 07:00:00,4982.2,15225.0,432.09,-10674.9
2050-02-13 08:00:00,5009.71,15225.0,3125.59,-13340.88
2050-02-13 09:00:00,4977.17,15225.0,3934.25,-14182.08
2050-02-13 10:00:00,4881.05,15225.0,4511.55,-14855.5
2050-02-13 11:00:00,4781.6,15225.0,3467.57,-13910.97
2050-02-13 12:00:00,4710.46,13508.98,4765.85,-13564.37
2050-02-13 13:00:00,4611.21,14023.25,2364.92,-11776.95
2050-02-13 14:00:00,4503.36,12866.59,716.33,-9079.56
2050-02-13 15:00:00,4433.75,12397.43,1195.62,-9159.29
2050-02-13 16:00:00,4607.64,10656.14,1338.05,-7386.55
2050-02-13 17:00:00,5035.69,12545.4,0.0,-7509.71
2050-02-13 18:00:00,5601.94,14751.34,0.0,-9149.4
2050-02-13 19:00:00,5976.32,15215.53,0.0,-9239.21
2050-02-13 20:00:00,6141.3,15225.0,0.0,-9083.7
2050-02-13 21:00:00,6098.42,15225.0,0.0,-9126.58
2050-02-13 22:00:00,5897.1,15081.55,0.0,-9184.45
2050-02-13 23:00:00,5630.05,15162.29,0.0,-9532.24
2050-02-14 00:00:00,5315.84,15066.2,0.0,-9750.37
2050-02-14 01:00:00,5194.05,14169.41,0.0,-8975.35
2050-02-14 02:00:00,4986.75,12447.96,0.0,-7461.21
2050-02-14 03:00:00,4892.23,13603.7,0.0,-8711.48
2050-02-14 04:00:00,4841.28,9113.79,0.0,-4272.51
2050-02-14 05:00:00,4855.55,9395.29,0.0,-4539.73
2050-02-14 06:00:00,4985.59,10116.62,0.0,-5131.03
2050-02-14 07:00:00,5102.96,9808.74,326.68,-5032.45
2050-02-14 08:00:00,5080.16,9981.74,1034.6,-5936.18
2050-02-14 09:00:00,4985.56,10289.62,3831.11,-9135.18
2050-02-14 10:00:00,4827.67,8313.31,4455.99,-7941.62
2050-02-14 11:00:00,4663.8,8964.25,4778.19,-9078.64
2050-02-14 12:00:00,4540.49,7002.6,4843.48,-7305.59
2050-02-14 13:00:00,4394.38,6077.15,4578.09,-6260.86
2050-02-14 14:00:00,4260.89,6084.58,3979.58,-5803.26
2050-02-14 15:00:00,4207.95,5570.99,2990.24,-4353.28
2050-02-14 16:00:00,4341.72,4561.18,1506.61,-1726.06
2050-02-14 17:00:00,4754.66,5012.74,0.0,-258.08
2050-02-14 18:00:00,5364.76,6823.74,0.0,-1458.98
2050-02-14 19:00:00,5764.98,7105.22,0.0,-1340.24
2050-02-14 20:00:00,5984.2,5337.78,0.0,646.42
2050-02-14 21:00:00,5998.49,5193.87,0.0,804.62
2050-02-14 22:00:00,5841.26,5097.1,0.0,744.16
2050-02-14 23:00:00,5613.21,6099.47,0.0,-486.26
2050-02-15 00:00:00,5328.54,8034.73,0.0,-2706.2
2050-02-15 01:00:00,5226.37,8606.53,0.0,-3380.15
2050-02-15 02:00:00,5034.02,11204.47,0.0,-6170.46
2050-02-15 03:00:00,4953.04,12141.21,0.0,-7188.17
2050-02-15 04:00:00,4912.51,12816.07,0.0,-7903.56
2050-02-15 05:00:00,4933.01,12567.05,0.0,-7634.04
2050-02-15 06:00:00,5066.66,13435.9,0.0,-8369.23
2050-02-15 07:00:00,5190.74,13419.65,4255.33,-12484.24
2050-02-15 08:00:00,5133.93,13028.99,3107.91,-11002.98
2050-02-15 09:00:00,4990.48,12862.98,3984.47,-11856.98
2050-02-15 10:00:00,4778.77,11758.66,4568.7,-11548.59
2050-02-15 11:00:00,4570.11,10884.85,4860.53,-11175.28
2050-02-15 12:00:00,4401.91,10626.82,4864.32,-11089.23
2050-02-15 13:00:00,4199.47,10626.82,4589.3,-11016.65
2050-02-15 14:00:00,4004.14,10192.85,3957.01,-10145.71
2050-02-15 15:00:00,3894.45,10978.69,2942.83,-10027.06
2050-02-15 16:00:00,4005.74,12610.37,1470.96,-10075.58
2050-02-15 17:00:00,4409.73,14540.21,0.0,-10130.48
2050-02-15 18:00:00,5045.14,15045.45,0.0,-10000.31
2050-02-15 19:00:00,5444.8,15225.0,0.0,-9780.2
2050-02-15 20:00:00,5618.51,15225.0,0.0,-9606.49
2050-02-15 21:00:00,5585.53,14785.16,0.0,-9199.63
2050-02-15 22:00:00,5366.32,15225.0,0.0,-9858.68
2050-02-15 23:00:00,5067.94,15225.0,0.0,-10157.06
2050-02-16 00:00:00,4743.21,15218.68,0.0,-10475.47
2050-02-16 01:00:00,4572.82,15225.0,0.0,-10652.18
2050-02-16 02:00:00,4358.88,15225.0,0.0,-10866.12
2050-02-16 03:00:00,4225.57,15225.0,0.0,-10999.43
2050-02-16 04:00:00,4151.57,15225.0,0.0,-11073.43
2050-02-16 05:00:00,4120.34,15225.0,0.0,-11104.66
2050-02-16 06:00:00,4207.2,15225.0,0.0,-11017.8
2050-02-16 07:00:00,4305.69,15225.0,3385.79,-14305.1
2050-02-16 08:00:00,4384.26,15225.0,2975.41,-13816.15
2050-02-16 09:00:00,4448.57,15225.0,3880.26,-14656.69
2050-02-16 10:00:00,4466.67,13722.79,4481.69,-13737.81
2050-02-16 11:00:00,4471.9,13668.67,4772.06,-13968.83
2050-02-16 12:00:00,4525.22,14767.58,4778.92,-15021.28
2050-02-16 13:00:00,4568.05,12693.37,4479.33,-12604.64
2050-02-16 14:00:00,4640.04,12801.64,3854.94,-12016.53
2050-02-16 15:00:00,4738.37,14441.41,2832.43,-12535.47
2050-02-16 16:00:00,4952.32,14779.76,1401.72,-11229.16
2050-02-16 17:00:00,5323.03,10943.5,0.0,-5620.47
2050-02-16 18:00:00,5826.15,12765.54,0.0,-6939.39
2050-02-16 19:00:00,6128.42,15169.52,0.0,-9041.1
2050-02-16 20:00:00,6237.29,14850.13,0.0,-8612.84
2050-02-16 21:00:00,6147.28,15061.24,0.0,-8913.96
2050-02-16 22:00:00,5894.76,15036.88,0.0,-9142.12
2050-02-16 23:00:00,5596.75,14821.7,0.0,-9224.95
2050-02-17 00:00:00,5253.57,14643.07,0.0,-9389.5
2050-02-17 01:00:00,5111.1,14655.25,0.0,-9544.15
2050-02-17 02:00:00,4881.93,13481.9,0.0,-8599.98
2050-02-17 03:00:00,4773.55,11518.21,0.0,-6744.67
2050-02-17 04:00:00,4711.37,12079.85,0.0,-7368.48
2050-02-17 05:00:00,4717.51,10468.48,0.0,-5750.97
2050-02-17 06:00:00,4837.66,10016.92,0.0,-5179.27
2050-02-17 07:00:00,4956.48,11002.15,350.89,-6396.55
2050-02-17 08:00:00,4923.14,11711.74,332.33,-7120.93
2050-02-17 09:00:00,4819.81,10280.82,2146.59,-7607.61
2050-02-17 10:00:00,4651.47,8659.31,2975.94,-6983.77
2050-02-17 11:00:00,4480.41,8160.83,1308.42,-4988.84
2050-02-17 12:00:00,4338.05,8037.67,2341.44,-6041.07
2050-02-17 13:00:00,4174.86,7049.51,1175.38,-4050.03
2050-02-17 14:00:00,4048.09,5253.42,1022.84,-2228.16
2050-02-17 15:00:00,4095.71,5767.0,1093.08,-2764.37
2050-02-17 16:00:00,4309.56,5469.28,127.08,-1286.8
2050-02-17 17:00:00,4710.26,5816.62,0.0,-1106.36
2050-02-17 18:00:00,5295.21,7043.65,0.0,-1748.44
2050-02-17 19:00:00,5691.57,7128.68,0.0,-1437.11
2050-02-17 20:00:00,5892.19,7635.96,0.0,-1743.77
2050-02-17 21:00:00,5869.51,8899.74,0.0,-3030.23
2050-02-17 22:00:00,5686.28,7545.05,0.0,-1858.77
2050-02-17 23:00:00,5439.34,7105.22,0.0,-1665.88
2050-02-18 00:00:00,5132.44,7926.24,0.0,-2793.8
2050-02-18 01:00:00,5011.67,7166.8,0.0,-2155.13
2050-02-18 02:00:00,4798.86,10304.28,0.0,-5505.42
2050-02-18 03:00:00,4680.8,12050.98,0.0,-7370.19
2050-02-18 04:00:00,4615.24,14353.46,0.0,-9738.22
2050-02-18 05:00:00,4619.17,13939.34,0.0,-9320.17
2050-02-18 06:00:00,4736.12,12935.16,0.0,-8199.04
2050-02-18 07:00:00,4842.4,14090.9,28.99,-9277.5
2050-02-18 08:00:00,4791.28,11327.63,52.14,-6588.49
2050-02-18 09:00:00,4690.06,10629.76,309.56,-6249.26
2050-02-18 10:00:00,4565.19,9931.89,567.54,-5934.24
2050-02-18 11:00:00,4450.64,9755.95,856.71,-6162.02
2050-02-18 12:00:00,4355.58,11603.47,523.09,-7770.99
2050-02-18 13:00:00,4226.49,10409.83,560.8,-6744.14
2050-02-18 14:00:00,4091.02,9794.08,774.54,-6477.59
2050-02-18 15:00:00,4046.51,10755.84,758.58,-7467.9
2050-02-18 16:00:00,4216.54,10802.76,356.13,-6942.35
2050-02-18 17:00:00,4626.91,10641.48,0.0,-6014.58
2050-02-18 18:00:00,5252.94,12043.77,0.0,-6790.83
2050-02-18 19:00:00,5656.96,11863.32,0.0,-6206.36
2050-02-18 20:00:00,5873.25,10902.46,0.0,-5029.2
2050-02-18 21:00:00,5879.82,11046.13,0.0,-5166.31
2050-02-18 22:00:00,5717.36,11881.36,0.0,-6164.0
2050-02-18 23:00:00,5482.66,10576.97,0.0,-5094.31
2050-02-19 00:00:00,5190.71,9105.01,0.0,-3914.3
2050-02-19 01:00:00,5077.91,11515.29,0.0,-6437.38
2050-02-19 02:00:00,4879.49,12090.67,0.0,-7211.19
2050-02-19 03:00:00,4792.2,11037.33,0.0,-6245.14
2050-02-19 04:00:00,4748.88,10049.17,0.0,-5300.29
2050-02-19 05:00:00,4761.19,8993.57,0.0,-4232.38
2050-02-19 06:00:00,4887.23,8031.81,0.0,-3144.59
2050-02-19 07:00:00,5011.45,8404.2,444.65,-3837.4
2050-02-19 08:00:00,4964.45,7847.07,1250.59,-4133.21
2050-02-19 09:00:00,4845.58,7272.36,2979.45,-5406.24
2050-02-19 10:00:00,4702.41,7591.98,3801.46,-6691.02
2050-02-19 11:00:00,4561.42,8723.82,4757.9,-8920.3
2050-02-19 12:00:00,4441.09,9990.54,3027.68,-8577.13
2050-02-19 13:00:00,4285.75,9439.27,2568.86,-7722.37
2050-02-19 14:00:00,4142.07,9304.39,1993.44,-7155.76
2050-02-19 15:00:00,4089.89,11553.4,899.62,-8363.13
2050-02-19 16:00:00,4250.7,11628.75,498.23,-7876.28
2050-02-19 17:00:00,4649.88,14636.29,0.0,-9986.41
2050-02-19 18:00:00,5273.5,14706.68,0.0,-9433.18
2050-02-19 19:00:00,5656.72,15106.81,0.0,-9450.09
2050-02-19 20:00:00,5836.83,15036.88,0.0,-9200.05
2050-02-19 21:00:00,5802.77,15203.79,0.0,-9401.02
2050-02-19 22:00:00,5585.74,15225.0,0.0,-9639.26
2050-02-19 23:00:00,5298.64,15225.0,0.0,-9926.36
2050-02-20 00:00:00,4965.5,15023.8,0.0,-10058.3
2050-02-20 01:00:00,4809.44,14778.41,0.0,-9968.96
2050-02-20 02:00:00,4562.29,14621.42,0.0,-10059.13
2050-02-20 03:00:00,4429.51,13695.74,0.0,-9266.23
2050-02-20 04:00:00,4342.28,14185.63,0.0,-9843.35
2050-02-20 05:00:00,4331.24,14096.33,0.0,-9765.08
2050-02-20 06:00:00,4436.54,13508.98,0.0,-9072.44
2050-02-20 07:00:00,4540.14,12090.67,281.33,-7831.87
2050-02-20 08:00:00,4570.57,11515.29,1603.57,-8548.29
2050-02-20 09:00:00,4583.93,9407.03,2381.95,-7205.05
2050-02-20 10:00:00,4500.21,7031.93,3041.03,-5572.74
2050-02-20 11:00:00,4363.75,6313.52,3725.97,-5675.74
2050-02-20 12:00:00,4241.51,6015.11,4738.86,-6512.46
2050-02-20 13:00:00,4086.95,6568.63,1819.23,-4300.9
2050-02-20 14:00:00,3960.72,7081.77,1678.2,-4799.25
2050-02-20 15:00:00,3904.81,8439.38,2891.63,-7426.2
2050-02-20 16:00:00,4034.74,10365.85,1478.29,-7809.4
2050-02-20 17:00:00,4399.74,12188.11,0.0,-7788.37
2050-02-20 18:00:00,5025.08,14488.78,0.0,-9463.7
2050-02-20 19:00:00,5422.33,15024.26,0.0,-9601.93
2050-02-20 20:00:00,5625.39,15217.78,0.0,-9592.39
2050-02-20 21:00:00,5612.86,15155.99,0.0,-9543.12
2050-02-20 22:00:00,5427.08,15222.29,0.0,-9795.21
2050-02-20 23:00:00,5181.19,15044.11,0.0,-9862.92
2050-02-21 00:00:00,4887.37,13844.59,0.0,-8957.23
2050-02-21 01:00:00,4777.97,14641.72,0.0,-9863.74
2050-02-21 02:00:00,4566.48,13530.62,0.0,-8964.15
2050-02-21 03:00:00,4463.08,13036.21,0.0,-8573.13
2050-02-21 04:00:00,4398.14,9632.8,0.0,-5234.65
2050-02-21 05:00:00,4408.39,10028.65,0.0,-5620.25
2050-02-21 06:00:00,4529.12,10515.41,0.0,-5986.29
2050-02-21 07:00:00,4661.4,10140.08,224.42,-5703.1
2050-02-21 08:00:00,4610.02,9407.03,433.7,-5230.7
2050-02-21 09:00:00,4513.95,8122.7,1457.0,-5065.76
2050-02-21 10:00:00,4363.89,7424.84,1086.95,-4147.9
2050-02-21 11:00:00,4226.43,5171.54,1156.63,-2101.74
2050-02-21 12:00:00,4138.43,3944.3,1167.16,-973.02
2050-02-21 13:00:00,4013.11,3280.49,2022.49,-1289.86
2050-02-21 14:00:00,3909.47,2482.7,2676.41,-1249.64
2050-02-21 15:00:00,3887.35,2069.47,1021.8,796.07
2050-02-21 16:00:00,4056.73,3258.15,422.47,376.11
2050-02-21 17:00:00,4463.57,3416.49,0.0,1047.08
2050-02-21 18:00:00,5146.93,4655.47,0.0,491.46
2050-02-21 19:00:00,5576.21,5238.53,0.0,337.69
2050-02-21 20:00:00,5809.12,6404.43,0.0,-595.3
2050-02-21 21:00:00,5837.76,7480.54,0.0,-1642.78
2050-02-21 22:00:00,5677.24,8289.85,0.0,-2612.6
2050-02-21 23:00:00,5437.62,7873.47,0.0,-2435.85
2050-02-22 00:00:00,5137.5,8383.68,0.0,-3246.18
2050-02-22 01:00:00,5014.57,10301.34,0.0,-5286.77
2050-02-22 02:00:00,4797.43,10832.09,0.0,-6034.66
2050-02-22 03:00:00,4691.29,9741.29,0.0,-5050.0
2050-02-22 04:00:00,4632.68,8668.09,0.0,-4035.41
2050-02-22 05:00:00,4642.3,8149.09,0.0,-3506.79
2050-02-22 06:00:00,4758.77,9225.22,0.0,-4466.45
2050-02-22 07:00:00,4867.48,10503.67,2426.86,-8063.05
2050-02-22 08:00:00,4785.92,9782.35,1438.43,-6434.86
2050-02-22 09:00:00,4648.29,8210.68,4095.26,-7657.65
2050-02-22 10:00:00,4434.01,5950.6,4751.4,-6267.99
2050-02-22 11:00:00,4212.04,4722.46,5042.16,-5552.58
2050-02-22 12:00:00,4024.95,3647.91,5060.24,-4683.2
2050-02-22 13:00:00,3797.99,4323.0,4791.95,-5316.96
2050-02-22 14:00:00,3620.54,4526.45,4205.96,-5111.87
2050-02-22 15:00:00,3564.76,4871.33,3222.11,-4528.68
2050-02-22 16:00:00,3734.88,8216.54,1774.69,-6256.34
2050-02-22 17:00:00,4056.15,8204.81,0.0,-4148.66
2050-02-22 18:00:00,4594.86,9148.99,0.0,-4554.13
2050-02-22 19:00:00,4928.14,9146.05,0.0,-4217.91
2050-02-22 20:00:00,5107.35,11654.01,0.0,-6546.65
2050-02-22 21:00:00,5093.52,11726.19,0.0,-6632.67
2050-02-22 22:00:00,4905.56,10019.86,0.0,-5114.3
2050-02-22 23:00:00,4627.51,9289.73,0.0,-4662.22
2050-02-23 00:00:00,4284.07,13075.9,0.0,-8791.83
2050-02-23 01:00:00,4112.33,13222.06,0.0,-9109.73
2050-02-23 02:00:00,3847.44,13674.07,0.0,-9826.64
2050-02-23 03:00:00,3695.18,12971.24,0.0,-9276.07
2050-02-23 04:00:00,3593.09,12390.21,0.0,-8797.12
2050-02-23 05:00:00,3569.79,12018.51,0.0,-8448.72
2050-02-23 06:00:00,3643.63,10635.62,0.0,-6991.99
2050-02-23 07:00:00,3714.57,9788.21,781.28,-6854.93
2050-02-23 08:00:00,3806.61,9805.8,3285.01,-9284.2
2050-02-23 09:00:00,3891.17,8955.45,4186.43,-9250.71
2050-02-23 10:00:00,3928.61,8776.59,3430.35,-8278.33
2050-02-23 11:00:00,3969.72,7301.68,3582.71,-6914.67
2050-02-23 12:00:00,4013.77,7779.64,4280.84,-8046.72
2050-02-23 13:00:00,4018.41,8175.49,3364.37,-7521.45
2050-02-23 14:00:00,4043.74,7788.44,2869.96,-6614.66
2050-02-23 15:00:00,4109.52,8782.45,2340.95,-7013.88
2050-02-23 16:00:00,4307.23,11315.89,662.68,-7671.34
2050-02-23 17:00:00,4620.97,15023.8,0.0,-10402.83
2050-02-23 18:00:00,5050.65,15212.82,0.0,-10162.17
2050-02-23 19:00:00,5320.71,15225.0,0.0,-9904.29
2050-02-23 20:00:00,5419.81,15075.69,0.0,-9655.88
2050-02-23 21:00:00,5287.72,14827.13,0.0,-9539.4
2050-02-23 22:00:00,4992.9,15138.38,0.0,-10145.48
2050-02-23 23:00:00,4655.98,15003.05,0.0,-10347.07
2050-02-24 00:00:00,4273.63,15142.89,0.0,-10869.26
2050-02-24 01:00:00,4117.83,14978.69,0.0,-10860.86
2050-02-24 02:00:00,3883.27,13468.37,0.0,-9585.1
2050-02-24 03:00:00,3745.67,13655.14,0.0,-9909.47
2050-02-24 04:00:00,3644.75,10955.24,0.0,-7310.49
2050-02-24 05:00:00,3621.2,12538.18,0.0,-8916.98
2050-02-24 06:00:00,3695.84,11794.75,0.0,-8098.91
2050-02-24 07:00:00,3776.92,10829.15,422.47,-7474.71
2050-02-24 08:00:00,3814.92,10594.58,1511.93,-8291.59
2050-02-24 09:00:00,3813.05,8759.0,3211.28,-8157.23
2050-02-24 10:00:00,3690.25,5682.64,3816.43,-5808.82
2050-02-24 11:00:00,3584.75,7298.76,4072.63,-7786.64
2050-02-24 12:00:00,3555.8,9832.2,3476.62,-9753.02
2050-02-24 13:00:00,3535.08,9430.47,4598.35,-10493.73
2050-02-24 14:00:00,3572.15,12061.81,3267.47,-11757.13
2050-02-24 15:00:00,3624.87,14974.64,2463.96,-13813.73
2050-02-24 16:00:00,3804.16,15064.41,684.33,-11944.57
2050-02-24 17:00:00,4104.66,15162.29,28.99,-11086.62
2050-02-24 18:00:00,4638.35,15225.0,0.0,-10586.65
2050-02-24 19:00:00,4988.58,15225.0,0.0,-10236.42
2050-02-24 20:00:00,5178.03,15225.0,0.0,-10046.97
2050-02-24 21:00:00,5183.09,15225.0,0.0,-10041.91
2050-02-24 22:00:00,5009.0,15225.0,0.0,-10216.0
2050-02-24 23:00:00,4765.33,15225.0,0.0,-10459.67
2050-02-25 00:00:00,4460.96,15225.0,0.0,-10764.04
2050-02-25 01:00:00,4334.79,15225.0,0.0,-10890.21
2050-02-25 02:00:00,4107.68,15225.0,0.0,-11117.32
2050-02-25 03:00:00,3985.24,15225.0,0.0,-11239.76
2050-02-25 04:00:00,3907.37,15225.0,0.0,-11317.63
2050-02-25 05:00:00,3889.16,15225.0,0.0,-11335.84
2050-02-25 06:00:00,3989.5,15225.0,0.0,-11235.5
2050-02-25 07:00:00,4105.16,15225.0,229.86,-11349.7
2050-02-25 08:00:00,4204.15,15187.1,869.99,-11852.94
2050-02-25 09:00:00,4306.31,15198.83,1240.64,-12133.16
2050-02-25 10:00:00,4343.22,14564.57,1985.93,-12207.28
2050-02-25 11:00:00,4369.04,12285.55,1582.29,-9498.81
2050-02-25 12:00:00,4401.76,11345.21,2914.02,-9857.47
2050-02-25 13:00:00,4415.71,10908.32,1983.51,-8476.11
2050-02-25 14:00:00,4436.14,10984.55,798.18,-7346.58
2050-02-25 15:00:00,4513.12,12657.27,570.98,-8715.14
2050-02-25 16:00:00,4741.21,15044.55,528.63,-10831.97
2050-02-25 17:00:00,5079.65,14818.99,17.4,-9756.75
2050-02-25 18:00:00,5590.63,14731.04,0.0,-9140.41
2050-02-25 19:00:00,5895.87,13346.57,0.0,-7450.7
2050-02-25 20:00:00,6014.34,14931.32,0.0,-8916.98
2050-02-25 21:00:00,5945.94,13969.1,0.0,-8023.16
2050-02-25 22:00:00,5732.33,12516.53,0.0,-6784.2
2050-02-25 23:00:00,5476.87,9978.8,0.0,-4501.93
2050-02-26 00:00:00,5181.26,8838.17,0.0,-3656.92
2050-02-26 01:00:00,5117.76,7902.8,0.0,-2785.03
2050-02-26 02:00:00,5000.12,7791.36,0.0,-2791.25
2050-02-26 03:00:00,4974.3,8759.0,0.0,-3784.71
2050-02-26 04:00:00,4980.25,9541.9,0.0,-4561.65
2050-02-26 05:00:00,5030.2,10515.41,0.0,-5485.2
2050-02-26 06:00:00,5175.93,11371.61,0.0,-6195.68
2050-02-26 07:00:00,5314.14,10055.05,2198.89,-6939.8
2050-02-26 08:00:00,5423.03,9838.06,1574.53,-5989.56
2050-02-26 09:00:00,5504.38,8503.89,4062.9,-7062.41
2050-02-26 10:00:00,5515.55,9324.92,2525.22,-6334.59
2050-02-26 11:00:00,5490.6,9192.96,4975.23,-8677.59
2050-02-26 12:00:00,5434.59,7788.44,5003.84,-7357.69
2050-02-26 13:00:00,5329.64,8773.67,4738.13,-8182.15
2050-02-26 14:00:00,5247.38,8800.05,4154.78,-7707.44
2050-02-26 15:00:00,5230.98,6369.24,3181.82,-4320.09
2050-02-26 16:00:00,5369.67,7093.49,1754.22,-3478.04
2050-02-26 17:00:00,5636.44,8058.2,156.41,-2578.16
2050-02-26 18:00:00,6111.33,8791.25,0.0,-2679.92
2050-02-26 19:00:00,6379.23,10386.39,0.0,-4007.16
2050-02-26 20:00:00,6463.84,13075.9,0.0,-6612.06
2050-02-26 21:00:00,6372.11,11327.63,0.0,-4955.52
2050-02-26 22:00:00,6120.17,10274.96,0.0,-4154.78
2050-02-26 23:00:00,5821.95,11406.8,0.0,-5584.85
2050-02-27 00:00:00,5479.1,11468.37,0.0,-5989.27
2050-02-27 01:00:00,5350.61,13257.26,0.0,-7906.65
2050-02-27 02:00:00,5137.21,11506.49,0.0,-6369.28
2050-02-27 03:00:00,5017.7,9134.33,0.0,-4116.63
2050-02-27 04:00:00,4940.59,7119.88,0.0,-2179.29
2050-02-27 05:00:00,4935.32,7876.39,0.0,-2941.07
2050-02-27 06:00:00,5039.74,8641.71,0.0,-3601.97
2050-02-27 07:00:00,5137.67,9820.46,2214.01,-6896.81
2050-02-27 08:00:00,5061.26,10594.58,3150.43,-8683.75
2050-02-27 09:00:00,4926.29,9876.17,4073.65,-9023.53
2050-02-27 10:00:00,4716.92,9298.53,4673.09,-9254.7
2050-02-27 11:00:00,4525.79,9899.63,4955.13,-10328.97
2050-02-27 12:00:00,4387.68,9682.64,4945.53,-10240.5
2050-02-27 13:00:00,4260.17,7316.34,4681.85,-7738.02
2050-02-27 14:00:00,4205.63,8266.38,4082.31,-8143.06
2050-02-27 15:00:00,4243.51,7574.38,2357.34,-5688.21
2050-02-27 16:00:00,4437.59,9251.61,832.84,-5646.86
2050-02-27 17:00:00,4748.52,12844.94,69.47,-8165.89
2050-02-27 18:00:00,5344.22,13950.17,0.0,-8605.95
2050-02-27 19:00:00,5662.51,14737.8,0.0,-9075.29
2050-02-27 20:00:00,5817.12,15176.74,0.0,-9359.61
2050-02-27 21:00:00,5768.53,15117.19,0.0,-9348.66
2050-02-27 22:00:00,5564.82,14843.35,0.0,-9278.53
2050-02-27 23:00:00,5317.58,15225.0,0.0,-9907.42
2050-02-28 00:00:00,5032.25,15223.64,0.0,-10191.4
2050-02-28 01:00:00,4937.36,15038.23,0.0,-10100.87
2050-02-28 02:00:00,4756.62,12779.97,0.0,-8023.35
2050-02-28 03:00:00,4681.77,10468.48,0.0,-5786.71
2050-02-28 04:00:00,4649.63,11906.62,0.0,-7256.99
2050-02-28 05:00:00,4678.35,10518.33,0.0,-5839.98
2050-02-28 06:00:00,4807.62,10799.82,0.0,-5992.21
2050-02-28 07:00:00,4918.5,9278.01,258.6,-4618.11
2050-02-28 08:00:00,4834.83,10796.9,484.06,-6446.13
2050-02-28 09:00:00,4703.67,9738.37,1105.71,-6140.41
2050-02-28 10:00:00,4530.9,10550.59,1247.91,-7267.6
2050-02-28 11:00:00,4350.4,7794.3,1170.71,-4614.62
2050-02-28 12:00:00,4198.07,6082.1,906.4,-2790.43
2050-02-28 13:00:00,4014.77,7269.44,765.51,-4020.17
2050-02-28 14:00:00,3865.82,8779.53,383.12,-5296.82
2050-02-28 15:00:00,3847.55,8389.54,461.7,-5003.69
2050-02-28 16:00:00,4055.31,9662.12,360.57,-5967.38
2050-02-28 17:00:00,4422.37,11163.43,40.57,-6781.63
2050-02-28 18:00:00,5036.02,10110.76,0.0,-5074.74
2050-02-28 19:00:00,5326.17,8442.32,0.0,-3116.15
2050-02-28 20:00:00,5510.83,9764.75,0.0,-4253.92
2050-02-28 21:00:00,5486.25,11104.78,0.0,-5618.53
2050-02-28 22:00:00,5301.96,9453.93,0.0,-4151.97
2050-02-28 23:00:00,5035.52,8744.34,0.0,-3708.82
2050-03-01 00:00:00,4659.68,9078.61,0.0,-4418.93
2050-03-01 01:00:00,4541.87,7820.69,0.0,-3278.81
2050-03-01 02:00:00,4359.0,6677.12,0.0,-2318.12
2050-03-01 03:00:00,4290.9,5310.48,0.0,-1019.58
2050-03-01 04:00:00,4245.68,6870.65,0.0,-2624.97
2050-03-01 05:00:00,4264.07,6290.51,0.0,-2026.44
2050-03-01 06:00:00,4406.3,5372.51,0.0,-966.2
2050-03-01 07:00:00,4525.37,4853.96,392.26,-720.85
2050-03-01 08:00:00,4475.83,4861.4,428.77,-814.35
2050-03-01 09:00:00,4419.27,4662.92,1052.19,-1295.83
2050-03-01 10:00:00,4310.75,4670.36,978.37,-1337.98
2050-03-01 11:00:00,4210.67,5645.43,2041.56,-3476.31
2050-03-01 12:00:00,4158.04,7489.34,1670.07,-5001.38
2050-03-01 13:00:00,4084.59,7688.73,1207.62,-4811.76
2050-03-01 14:00:00,3998.82,6826.66,1280.99,-4108.83
2050-03-01 15:00:00,3951.94,8559.6,153.64,-4761.31
2050-03-01 16:00:00,4071.02,10993.35,289.27,-7211.6
2050-03-01 17:00:00,4380.36,14158.58,66.07,-9844.29
2050-03-01 18:00:00,5011.99,13671.38,0.0,-8659.39
2050-03-01 19:00:00,5391.59,14472.55,0.0,-9080.96
2050-03-01 20:00:00,5577.28,14576.75,0.0,-8999.47
2050-03-01 21:00:00,5557.34,15225.0,0.0,-9667.65
2050-03-01 22:00:00,5366.88,15225.0,0.0,-9858.12
2050-03-01 23:00:00,5108.55,15213.72,0.0,-10105.17
2050-03-02 00:00:00,4800.62,15225.0,0.0,-10424.38
2050-03-02 01:00:00,4670.7,15225.0,0.0,-10554.3
2050-03-02 02:00:00,4460.43,15225.0,0.0,-10764.57
2050-03-02 03:00:00,4364.67,15225.0,0.0,-10860.33
2050-03-02 04:00:00,4319.45,15225.0,0.0,-10905.55
2050-03-02 05:00:00,4332.5,15225.0,0.0,-10892.5
2050-03-02 06:00:00,4446.17,15225.0,0.0,-10778.83
2050-03-02 07:00:00,4542.98,15225.0,1981.11,-12663.14
2050-03-02 08:00:00,4431.35,15225.0,3032.37,-13826.02
2050-03-02 09:00:00,4291.0,15225.0,439.44,-11373.43
2050-03-02 10:00:00,4089.27,15225.0,661.24,-11796.96
2050-03-02 11:00:00,3898.3,15225.0,1041.97,-12368.67
2050-03-02 12:00:00,3765.91,15225.0,497.93,-11957.01
2050-03-02 13:00:00,3636.92,15225.0,550.85,-12138.93
2050-03-02 14:00:00,3543.44,15225.0,868.63,-12550.19
2050-03-02 15:00:00,3522.3,15225.0,353.85,-12056.56
2050-03-02 16:00:00,3674.39,15225.0,98.98,-11649.59
2050-03-02 17:00:00,3940.96,15225.0,49.59,-11333.62
2050-03-02 18:00:00,4449.96,15225.0,0.0,-10775.04
2050-03-02 19:00:00,4763.43,15225.0,0.0,-10461.57
2050-03-02 20:00:00,4926.8,15225.0,0.0,-10298.2
2050-03-02 21:00:00,4909.06,15225.0,0.0,-10315.94
2050-03-02 22:00:00,4746.72,15225.0,0.0,-10478.28
2050-03-02 23:00:00,4512.73,15225.0,0.0,-10712.27
2050-03-03 00:00:00,4222.63,15225.0,0.0,-11002.37
2050-03-03 01:00:00,4095.04,15225.0,0.0,-11129.96
2050-03-03 02:00:00,3891.67,14724.26,0.0,-10832.59
2050-03-03 03:00:00,3788.75,15102.3,0.0,-11313.55
2050-03-03 04:00:00,3725.68,13990.75,0.0,-10265.08
2050-03-03 05:00:00,3732.28,12447.96,0.0,-8715.68
2050-03-03 06:00:00,3842.96,14414.36,0.0,-10571.41
2050-03-03 07:00:00,3975.04,13676.78,2117.96,-11819.71
2050-03-03 08:00:00,4095.34,10955.24,3204.36,-10064.26
2050-03-03 09:00:00,4207.02,7577.32,4130.02,-7500.32
2050-03-03 10:00:00,4272.17,6290.51,4696.09,-6714.43
2050-03-03 11:00:00,4314.3,6439.61,4977.01,-7102.32
2050-03-03 12:00:00,4338.82,5226.12,4988.27,-5875.57
2050-03-03 13:00:00,4310.05,4494.19,4736.96,-4921.1
2050-03-03 14:00:00,4283.56,4067.45,4150.96,-3934.84
2050-03-03 15:00:00,4318.79,5479.19,3198.07,-4358.47
2050-03-03 16:00:00,4507.64,7075.91,1829.06,-4397.33
2050-03-03 17:00:00,4776.98,8800.05,272.59,-4295.66
2050-03-03 18:00:00,5270.92,13706.57,0.0,-8435.65
2050-03-03 19:00:00,5553.99,13606.42,0.0,-8052.43
2050-03-03 20:00:00,5685.1,12577.87,0.0,-6892.78
2050-03-03 21:00:00,5624.1,13923.1,0.0,-8299.0
2050-03-03 22:00:00,5416.05,14465.77,0.0,-9049.73
2050-03-03 23:00:00,5155.0,15209.21,0.0,-10054.21
2050-03-04 00:00:00,4833.58,15225.0,0.0,-10391.42
2050-03-04 01:00:00,4713.69,15225.0,0.0,-10511.31
2050-03-04 02:00:00,4507.29,15225.0,0.0,-10717.71
2050-03-04 03:00:00,4414.12,15225.0,0.0,-10810.88
2050-03-04 04:00:00,4367.23,14551.03,0.0,-10183.81
2050-03-04 05:00:00,4382.41,15225.0,0.0,-10842.59
2050-03-04 06:00:00,4499.17,15182.14,33.08,-10716.05
2050-03-04 07:00:00,4610.3,14518.56,2137.7,-12045.97
2050-03-04 08:00:00,4561.59,13400.71,3244.13,-12083.25
2050-03-04 09:00:00,4458.36,14536.16,4154.55,-14232.35
2050-03-04 10:00:00,4296.12,13563.1,4708.62,-13975.6
2050-03-04 11:00:00,4141.39,13319.5,4985.76,-14163.87
2050-03-04 12:00:00,4031.65,12740.28,4986.14,-13694.77
2050-03-04 13:00:00,3888.92,11798.35,4720.5,-12629.94
2050-03-04 14:00:00,3755.75,13896.02,4094.33,-14234.6
2050-03-04 15:00:00,3697.3,14770.27,3130.65,-14203.63
2050-03-04 16:00:00,3847.37,15225.0,1797.26,-13174.89
2050-03-04 17:00:00,4200.49,15116.74,278.02,-11194.26
2050-03-04 18:00:00,4840.66,15147.85,0.0,-10307.2
2050-03-04 19:00:00,5245.66,15225.0,0.0,-9979.34
2050-03-04 20:00:00,5470.22,15029.66,0.0,-9559.45
2050-03-04 21:00:00,5497.76,14136.91,0.0,-8639.15
2050-03-04 22:00:00,5351.12,14885.32,0.0,-9534.2
2050-03-04 23:00:00,5126.65,14912.39,0.0,-9785.74
2050-03-05 00:00:00,4847.44,15110.42,0.0,-10262.98
2050-03-05 01:00:00,4748.1,14058.43,0.0,-9310.33
2050-03-05 02:00:00,4562.83,14307.43,0.0,-9744.6
2050-03-05 03:00:00,4480.0,12419.09,0.0,-7939.09
2050-03-05 04:00:00,4426.03,11675.66,0.0,-7249.63
2050-03-05 05:00:00,4441.71,10638.56,0.0,-6196.85
2050-03-05 06:00:00,4561.71,9902.57,27.57,-5368.43
2050-03-05 07:00:00,4678.02,9160.72,300.06,-4782.76
2050-03-05 08:00:00,4700.22,7864.67,3185.13,-6349.59
2050-03-05 09:00:00,4719.89,7627.16,4110.85,-7018.12
2050-03-05 10:00:00,4679.49,7480.54,4695.45,-7496.5
2050-03-05 11:00:00,4609.29,5757.07,4945.38,-6093.17
2050-03-05 12:00:00,4521.49,4127.0,4922.92,-4528.42
2050-03-05 13:00:00,4382.32,3907.76,4653.01,-4178.45
2050-03-05 14:00:00,4237.69,3846.86,2358.98,-1968.14
2050-03-05 15:00:00,4151.1,6858.92,1934.62,-4642.44
2050-03-05 16:00:00,4252.84,7794.3,1695.22,-5236.68
2050-03-05 17:00:00,4533.49,7908.66,253.41,-3628.57
2050-03-05 18:00:00,5133.44,7996.63,0.0,-2863.19
2050-03-05 19:00:00,5498.05,8688.62,0.0,-3190.57
2050-03-05 20:00:00,5678.1,8301.57,0.0,-2623.47
2050-03-05 21:00:00,5675.44,9767.69,0.0,-4092.25
2050-03-05 22:00:00,5523.82,9773.55,0.0,-4249.74
2050-03-05 23:00:00,5309.78,8770.73,0.0,-3460.95
2050-03-06 00:00:00,5053.17,8970.11,0.0,-3916.95
2050-03-06 01:00:00,4975.81,10321.88,0.0,-5346.07
2050-03-06 02:00:00,4807.39,7506.95,0.0,-2699.55
2050-03-06 03:00:00,4740.37,5791.82,0.0,-1051.45
2050-03-06 04:00:00,4713.04,6650.74,0.0,-1937.7
2050-03-06 05:00:00,4743.52,8588.92,0.0,-3845.4
2050-03-06 06:00:00,4858.89,8028.87,80.52,-3250.5
2050-03-06 07:00:00,4932.65,8084.58,1727.35,-4879.28
2050-03-06 08:00:00,4778.49,7392.59,2831.02,-5445.12
2050-03-06 09:00:00,4591.45,6715.25,1744.93,-3868.72
2050-03-06 10:00:00,4347.87,6131.73,608.8,-2392.66
2050-03-06 11:00:00,4118.16,5377.47,1868.46,-3127.77
2050-03-06 12:00:00,3940.45,3120.1,1259.57,-439.22
2050-03-06 13:00:00,3733.85,4099.7,1082.36,-1448.21
2050-03-06 14:00:00,3557.83,5881.13,1389.68,-3712.98
2050-03-06 15:00:00,3501.92,5925.8,1504.73,-3928.61
2050-03-06 16:00:00,3672.21,6067.22,750.4,-3145.41
2050-03-06 17:00:00,3923.13,5801.75,98.98,-1977.6
2050-03-06 18:00:00,4425.65,6181.35,0.0,-1755.7
2050-03-06 19:00:00,4767.44,7542.13,0.0,-2774.69
2050-03-06 20:00:00,4981.82,10266.16,0.0,-5284.33
2050-03-06 21:00:00,5002.44,9967.08,0.0,-4964.63
2050-03-06 22:00:00,4856.86,10603.36,0.0,-5746.5
2050-03-06 23:00:00,4646.02,8495.09,0.0,-3849.08
2050-03-07 00:00:00,4383.77,7838.29,0.0,-3454.52
2050-03-07 01:00:00,4295.57,9667.98,0.0,-5372.41
2050-03-07 02:00:00,4119.62,10497.8,0.0,-6378.18
2050-03-07 03:00:00,4051.03,9946.55,0.0,-5895.52
2050-03-07 04:00:00,4023.61,10392.25,0.0,-6368.64
2050-03-07 05:00:00,4058.62,11254.32,0.0,-7195.7
2050-03-07 06:00:00,4191.6,10316.0,86.04,-6210.45
2050-03-07 07:00:00,4291.21,12029.33,1713.76,-9451.89
2050-03-07 08:00:00,4164.27,12949.59,2965.07,-11750.4
2050-03-07 09:00:00,4012.02,14080.08,3919.91,-13987.97
2050-03-07 10:00:00,3796.89,15029.66,4494.33,-15727.1
2050-03-07 11:00:00,3598.87,15225.0,4759.55,-16385.67
2050-03-07 12:00:00,3473.98,15225.0,4731.26,-16482.28
2050-03-07 13:00:00,3406.39,15225.0,3633.38,-15451.99
2050-03-07 14:00:00,3441.17,15225.0,1170.94,-12954.76
2050-03-07 15:00:00,3510.53,15225.0,369.95,-12084.42
2050-03-07 16:00:00,3722.1,15225.0,759.54,-12262.44
2050-03-07 17:00:00,3977.14,15225.0,104.46,-11352.31
2050-03-07 18:00:00,4387.78,15225.0,0.0,-10837.22
2050-03-07 19:00:00,4498.94,15225.0,0.0,-10726.06
2050-03-07 20:00:00,4529.3,15225.0,0.0,-10695.7
2050-03-07 21:00:00,4489.81,15225.0,0.0,-10735.19
2050-03-07 22:00:00,4335.3,15225.0,0.0,-10889.7
2050-03-07 23:00:00,4130.23,15225.0,0.0,-11094.77
2050-03-08 00:00:00,3888.88,15225.0,0.0,-11336.12
2050-03-08 01:00:00,3834.45,15202.0,0.0,-11367.54
2050-03-08 02:00:00,3697.59,14736.44,0.0,-11038.85
2050-03-08 03:00:00,3671.6,11910.23,0.0,-8238.63
2050-03-08 04:00:00,3685.27,10708.93,0.0,-7023.66
2050-03-08 05:00:00,3756.56,11628.75,0.0,-7872.18
2050-03-08 06:00:00,3921.51,9612.27,33.08,-5723.84
2050-03-08 07:00:00,4053.91,10626.82,213.5,-6786.42
2050-03-08 08:00:00,3963.5,9747.15,555.01,-6338.67
2050-03-08 09:00:00,3842.17,7735.66,2168.6,-6062.09
2050-03-08 10:00:00,3657.66,9407.03,2817.28,-8566.64
2050-03-08 11:00:00,3517.71,9858.58,2461.81,-8802.68
2050-03-08 12:00:00,3427.15,9090.35,2972.58,-8635.77
2050-03-08 13:00:00,3409.84,7656.49,2984.49,-7231.14
2050-03-08 14:00:00,3453.74,7219.59,548.93,-4314.78
2050-03-08 15:00:00,3519.23,6527.58,522.69,-3531.05
2050-03-08 16:00:00,3776.7,8134.43,164.55,-4522.27
2050-03-08 17:00:00,3999.59,8565.48,33.08,-4598.96
2050-03-08 18:00:00,4393.38,8152.03,0.0,-3758.64
2050-03-08 19:00:00,4502.46,9169.52,0.0,-4667.06
2050-03-08 20:00:00,4514.73,8890.94,0.0,-4376.21
2050-03-08 21:00:00,4460.44,8973.05,0.0,-4512.61
2050-03-08 22:00:00,4298.41,10679.61,0.0,-6381.2
2050-03-08 23:00:00,4095.47,11450.78,0.0,-7355.32
2050-03-09 00:00:00,3856.63,9046.36,0.0,-5189.73
2050-03-09 01:00:00,3797.19,10931.78,0.0,-7134.59
2050-03-09 02:00:00,3648.36,10902.46,0.0,-7254.09
2050-03-09 03:00:00,3601.82,12390.21,0.0,-8788.39
2050-03-09 04:00:00,3594.91,11946.33,0.0,-8351.42
2050-03-09 05:00:00,3649.44,11380.4,0.0,-7730.95
2050-03-09 06:00:00,3795.89,11751.45,22.06,-7977.62
2050-03-09 07:00:00,3907.1,13278.91,1602.21,-10974.03
2050-03-09 08:00:00,3816.0,12642.84,2750.28,-11577.13
2050-03-09 09:00:00,3706.62,10961.1,884.04,-8138.52
2050-03-09 10:00:00,3551.91,10415.71,229.78,-7093.57
2050-03-09 11:00:00,3426.33,9503.78,180.89,-6258.33
2050-03-09 12:00:00,3397.66,9937.75,180.89,-6720.98
2050-03-09 13:00:00,3415.96,8301.57,970.92,-5856.53
2050-03-09 14:00:00,3458.11,6744.57,919.9,-4206.35
2050-03-09 15:00:00,3574.74,9934.81,619.31,-6979.39
2050-03-09 16:00:00,3803.25,11330.55,1590.37,-9117.67
2050-03-09 17:00:00,4024.64,10867.27,287.5,-7130.13
2050-03-09 18:00:00,4399.28,13370.93,0.0,-8971.65
2050-03-09 19:00:00,4504.39,14740.51,0.0,-10236.12
2050-03-09 20:00:00,4505.34,15063.05,0.0,-10557.71
2050-03-09 21:00:00,4428.86,14935.39,0.0,-10506.53
2050-03-09 22:00:00,4272.31,14748.62,0.0,-10476.32
2050-03-09 23:00:00,4081.39,14234.35,0.0,-10152.97
2050-03-10 00:00:00,3853.9,13736.33,0.0,-9882.43
2050-03-10 01:00:00,3811.18,11148.77,0.0,-7337.58
2050-03-10 02:00:00,3679.31,10638.56,0.0,-6959.25
2050-03-10 03:00:00,3647.72,10163.54,0.0,-6515.82
2050-03-10 04:00:00,3659.36,12938.77,0.0,-9279.41
2050-03-10 05:00:00,3733.1,13065.07,0.0,-9331.97
2050-03-10 06:00:00,3925.25,13268.09,118.91,-9461.75
2050-03-10 07:00:00,4039.42,11838.06,1906.82,-9705.46
2050-03-10 08:00:00,3945.48,13262.66,3060.55,-12377.74
2050-03-10 09:00:00,3849.45,13324.92,3967.11,-13442.57
2050-03-10 10:00:00,3721.05,9908.43,4428.92,-10616.29
2050-03-10 11:00:00,3574.91,10835.01,4713.82,-11973.92
2050-03-10 12:00:00,3455.35,10439.16,4742.88,-11726.68
2050-03-10 13:00:00,3411.0,6052.33,2698.03,-5339.37
2050-03-10 14:00:00,3457.18,8568.4,1754.64,-6865.86
2050-03-10 15:00:00,3514.86,8474.57,548.98,-5508.69
2050-03-10 16:00:00,3713.13,8805.91,509.36,-5602.14
2050-03-10 17:00:00,3940.07,7504.01,49.59,-3613.52
2050-03-10 18:00:00,4261.85,9034.62,0.0,-4772.77
2050-03-10 19:00:00,4498.18,10667.87,0.0,-6169.69
2050-03-10 20:00:00,4519.7,12487.65,0.0,-7967.96
2050-03-10 21:00:00,4419.56,13674.07,0.0,-9254.51
2050-03-10 22:00:00,4174.32,14805.46,0.0,-10631.14
2050-03-10 23:00:00,3881.54,13822.94,0.0,-9941.41
2050-03-11 00:00:00,3544.96,12657.27,0.0,-9112.32
2050-03-11 01:00:00,3399.66,12610.37,0.0,-9210.7
2050-03-11 02:00:00,3169.61,11729.8,0.0,-8560.18
2050-03-11 03:00:00,3061.06,13757.98,0.0,-10696.92
2050-03-11 04:00:00,2997.64,11521.15,0.0,-8523.51
2050-03-11 05:00:00,3013.31,10820.35,0.0,-7807.03
2050-03-11 06:00:00,3146.13,12509.32,44.09,-9407.28
2050-03-11 07:00:00,3243.06,11198.61,38.58,-7994.13
2050-03-11 08:00:00,3253.51,8908.54,33.08,-5688.11
2050-03-11 09:00:00,3308.72,8723.82,202.64,-5617.73
2050-03-11 10:00:00,3329.81,8108.04,283.87,-5062.1
2050-03-11 11:00:00,3366.75,9266.27,471.38,-6370.89
2050-03-11 12:00:00,3421.22,8371.94,577.23,-5527.94
2050-03-11 13:00:00,3460.34,8110.98,863.49,-5514.14
2050-03-11 14:00:00,3576.6,9538.96,729.05,-6691.41
2050-03-11 15:00:00,3751.9,9609.35,676.34,-6533.8
2050-03-11 16:00:00,4012.84,9770.61,921.57,-6679.35
2050-03-11 17:00:00,4185.94,10588.7,285.54,-6688.3
2050-03-11 18:00:00,4398.08,13000.13,0.0,-8602.04
2050-03-11 19:00:00,4544.34,13039.82,0.0,-8495.48
2050-03-11 20:00:00,4528.78,13744.46,0.0,-9215.68
2050-03-11 21:00:00,4400.34,14348.04,0.0,-9947.7
2050-03-11 22:00:00,4127.06,13484.62,0.0,-9357.56
2050-03-11 23:00:00,3806.05,12520.14,0.0,-8714.09
2050-03-12 00:00:00,3454.14,11740.62,0.0,-8286.49
2050-03-12 01:00:00,3293.79,12332.48,0.0,-9038.69
2050-03-12 02:00:00,3063.81,14115.26,0.0,-11051.45
2050-03-12 03:00:00,2962.34,13625.35,0.0,-10663.01
2050-03-12 04:00:00,2912.11,13384.46,0.0,-10472.36
2050-03-12 05:00:00,2943.19,10846.75,0.0,-7903.55
2050-03-12 06:00:00,3077.2,10664.95,156.07,-7743.82
2050-03-12 07:00:00,3198.86,9166.58,1973.62,-7941.33
2050-03-12 08:00:00,3316.65,6099.47,3190.87,-5973.69
2050-03-12 09:00:00,3481.46,6375.1,4078.79,-6972.44
2050-03-12 10:00:00,3562.96,7586.12,4655.42,-8678.57
2050-03-12 11:00:00,3625.31,5910.91,4919.9,-7205.49
2050-03-12 12:00:00,3672.18,7767.9,4894.84,-8990.55
2050-03-12 13:00:00,3679.92,6712.31,4637.56,-7669.95
2050-03-12 14:00:00,3687.31,7026.05,4050.58,-7389.31
2050-03-12 15:00:00,3740.5,9321.98,3112.43,-8693.91
2050-03-12 16:00:00,3938.02,13322.21,1822.14,-11206.33
2050-03-12 17:00:00,4197.8,14519.92,175.44,-10497.56
2050-03-12 18:00:00,4561.6,14889.38,0.0,-10327.78
2050-03-12 19:00:00,4927.58,15225.0,0.0,-10297.42
2050-03-12 20:00:00,4981.3,15225.0,0.0,-10243.7
2050-03-12 21:00:00,4844.34,15225.0,0.0,-10380.65
2050-03-12 22:00:00,4548.37,15225.0,0.0,-10676.63
2050-03-12 23:00:00,4212.99,15225.0,0.0,-11012.01
2050-03-13 00:00:00,3840.65,15225.0,0.0,-11384.35
2050-03-13 01:00:00,3653.82,15225.0,0.0,-11571.18
2050-03-13 02:00:00,3063.81,15225.0,0.0,-12161.19
2050-03-13 03:00:00,3237.39,15225.0,0.0,-11987.61
2050-03-13 04:00:00,3129.66,15122.6,0.0,-11992.94
2050-03-13 05:00:00,3099.31,15128.46,0.0,-12029.14
2050-03-13 06:00:00,3190.33,14747.27,137.27,-11694.21
2050-03-13 07:00:00,3267.15,13398.0,492.62,-10623.47
2050-03-13 08:00:00,3393.57,11134.1,3134.4,-10874.94
2050-03-13 09:00:00,3505.53,8509.75,4065.08,-9069.3
2050-03-13 10:00:00,3454.07,6941.02,4654.01,-8140.95
2050-03-13 11:00:00,3465.0,7457.1,4925.06,-8917.15
2050-03-13 12:00:00,3480.51,6129.25,4925.46,-7574.19
2050-03-13 13:00:00,3475.29,4072.4,4637.72,-5234.83
2050-03-13 14:00:00,3498.63,3684.45,4069.43,-4255.25
2050-03-13 15:00:00,3550.19,4752.22,3147.54,-4349.57
2050-03-13 16:00:00,3737.29,4476.82,1840.43,-2579.96
2050-03-13 17:00:00,3992.4,5446.94,175.44,-1629.98
2050-03-13 18:00:00,4347.89,7553.85,0.0,-3205.96
2050-03-13 19:00:00,4633.09,8632.91,0.0,-3999.82
2050-03-13 20:00:00,4741.98,12152.03,0.0,-7410.06
2050-03-13 21:00:00,4669.5,13330.34,0.0,-8660.84
2050-03-13 22:00:00,4382.46,11708.13,0.0,-7325.68
2050-03-13 23:00:00,4014.21,14921.86,0.0,-10907.65
2050-03-14 00:00:00,3628.34,15206.06,0.0,-11577.72
2050-03-14 01:00:00,3424.72,15225.0,0.0,-11800.28
2050-03-14 02:00:00,3147.58,15225.0,0.0,-12077.42
2050-03-14 03:00:00,3012.37,15225.0,0.0,-12212.63
2050-03-14 04:00:00,2940.12,15225.0,0.0,-12284.88
2050-03-14 05:00:00,2918.19,15225.0,0.0,-12306.81
2050-03-14 06:00:00,3034.71,15225.0,137.27,-12327.56
2050-03-14 07:00:00,3151.72,15225.0,1126.42,-13199.7
2050-03-14 08:00:00,3261.79,15225.0,2199.36,-14162.58
2050-03-14 09:00:00,3363.66,15225.0,2787.53,-14648.87
2050-03-14 10:00:00,3330.88,15225.0,3480.3,-15374.41
2050-03-14 11:00:00,3355.12,15225.0,3756.55,-15626.42
2050-03-14 12:00:00,3409.32,15225.0,3733.92,-15549.6
2050-03-14 13:00:00,3442.02,15225.0,3514.01,-15296.99
2050-03-14 14:00:00,3530.36,15225.0,2921.18,-14615.82
2050-03-14 15:00:00,3681.43,15225.0,1515.21,-13058.78
2050-03-14 16:00:00,3950.55,15225.0,755.39,-12029.84
2050-03-14 17:00:00,4219.76,15225.0,126.34,-11131.58
2050-03-14 18:00:00,4443.89,15225.0,0.0,-10781.11
2050-03-14 19:00:00,4555.78,15225.0,0.0,-10669.22
2050-03-14 20:00:00,4519.38,15225.0,0.0,-10705.62
2050-03-14 21:00:00,4377.48,15225.0,0.0,-10847.52
2050-03-14 22:00:00,4103.55,15225.0,0.0,-11121.45
2050-03-14 23:00:00,3801.67,15225.0,0.0,-11423.33
2050-03-15 00:00:00,3496.58,15225.0,0.0,-11728.42
2050-03-15 01:00:00,3396.47,15225.0,0.0,-11828.53
2050-03-15 02:00:00,3221.64,15225.0,0.0,-12003.36
2050-03-15 03:00:00,3155.51,15225.0,0.0,-12069.49
2050-03-15 04:00:00,3132.51,15225.0,0.0,-12092.49
2050-03-15 05:00:00,3166.45,15225.0,0.0,-12058.55
2050-03-15 06:00:00,3317.09,15225.0,88.02,-11995.94
2050-03-15 07:00:00,3448.75,15225.0,600.09,-12376.34
2050-03-15 08:00:00,3618.47,15225.0,704.26,-12310.79
2050-03-15 09:00:00,3772.34,15225.0,1307.09,-12759.75
2050-03-15 10:00:00,3685.19,15225.0,1624.39,-13164.19
2050-03-15 11:00:00,3702.3,15225.0,1959.48,-13482.18
2050-03-15 12:00:00,3689.78,15197.03,2796.17,-14303.41
2050-03-15 13:00:00,3718.06,15225.0,2819.98,-14326.92
2050-03-15 14:00:00,3752.18,14817.64,2137.35,-13202.81
2050-03-15 15:00:00,3811.76,15225.0,1231.19,-12644.44
2050-03-15 16:00:00,3985.72,15225.0,921.29,-12160.57
2050-03-15 17:00:00,4242.32,15225.0,82.54,-11065.22
2050-03-15 18:00:00,4596.33,15225.0,0.0,-10628.67
2050-03-15 19:00:00,4910.09,15225.0,0.0,-10314.91
2050-03-15 20:00:00,5054.85,15225.0,0.0,-10170.14
2050-03-15 21:00:00,5010.65,15225.0,0.0,-10214.36
2050-03-15 22:00:00,4764.5,15073.88,0.0,-10309.38
2050-03-15 23:00:00,4461.39,12191.72,0.0,-7730.34
2050-03-16 00:00:00,4126.35,13422.36,0.0,-9296.01
2050-03-16 01:00:00,3979.94,11389.2,0.0,-7409.26
2050-03-16 02:00:00,3756.62,10741.18,0.0,-6984.55
2050-03-16 03:00:00,3664.56,9650.4,0.0,-5985.84
2050-03-16 04:00:00,3644.91,9808.74,0.0,-6163.83
2050-03-16 05:00:00,3696.51,10184.06,0.0,-6487.55
2050-03-16 06:00:00,3851.33,10201.65,128.36,-6478.68
2050-03-16 07:00:00,4008.12,8621.19,745.63,-5358.69
2050-03-16 08:00:00,4141.39,7099.36,1743.6,-4701.57
2050-03-16 09:00:00,4178.17,6703.51,3011.29,-5536.62
2050-03-16 10:00:00,3939.15,5920.84,3759.03,-5740.71
2050-03-16 11:00:00,3760.76,5397.32,2980.57,-4617.13
2050-03-16 12:00:00,3624.76,5578.44,2930.85,-4884.53
2050-03-16 13:00:00,3512.07,5528.82,2211.16,-4227.92
2050-03-16 14:00:00,3454.51,5888.57,1312.63,-3746.69
2050-03-16 15:00:00,3504.93,6401.49,532.68,-3429.24
2050-03-16 16:00:00,3697.82,8002.49,367.77,-4672.43
2050-03-16 17:00:00,3965.15,10075.57,115.4,-6225.83
2050-03-16 18:00:00,4311.68,11441.98,0.0,-7130.3
2050-03-16 19:00:00,4519.21,12061.81,0.0,-7542.6
2050-03-16 20:00:00,4511.64,10392.25,0.0,-5880.62
2050-03-16 21:00:00,4428.66,10922.98,0.0,-6494.31
2050-03-16 22:00:00,4240.37,10433.3,0.0,-6192.93
2050-03-16 23:00:00,4028.24,10896.59,0.0,-6868.36
2050-03-17 00:00:00,3775.92,9920.15,0.0,-6144.24
2050-03-17 01:00:00,3710.82,9377.7,0.0,-5666.88
2050-03-17 02:00:00,3562.15,9280.93,0.0,-5718.78
2050-03-17 03:00:00,3519.6,8952.53,0.0,-5432.93
2050-03-17 04:00:00,3516.13,7847.07,0.0,-4330.94
2050-03-17 05:00:00,3572.49,6621.41,0.0,-3048.92
2050-03-17 06:00:00,3741.38,5379.95,212.37,-1850.94
2050-03-17 07:00:00,3894.77,5744.68,1857.35,-3707.26
2050-03-17 08:00:00,3994.72,3706.79,3091.65,-2803.72
2050-03-17 09:00:00,3904.89,4041.74,4016.71,-4153.55
2050-03-17 10:00:00,3609.22,4045.78,4590.06,-5026.62
2050-03-17 11:00:00,3438.64,5618.13,4870.07,-7049.56
2050-03-17 12:00:00,3396.28,6935.15,4876.53,-8415.4
2050-03-17 13:00:00,3422.4,7240.11,4593.7,-8411.42
2050-03-17 14:00:00,3465.11,5878.66,4027.93,-6441.47
2050-03-17 15:00:00,3697.11,8263.46,3115.22,-7681.57
2050-03-17 16:00:00,4125.48,6982.08,1870.84,-4727.44
2050-03-17 17:00:00,4432.08,9483.26,473.19,-5524.37
2050-03-17 18:00:00,4746.98,9946.55,0.0,-5199.57
2050-03-17 19:00:00,4803.73,8911.48,0.0,-4107.75
2050-03-17 20:00:00,4570.02,9644.54,0.0,-5074.52
2050-03-17 21:00:00,4386.77,8685.7,0.0,-4298.92
2050-03-17 22:00:00,4099.97,12696.98,0.0,-8597.01
2050-03-17 23:00:00,3771.69,10169.4,0.0,-6397.71
2050-03-18 00:00:00,3434.94,8471.65,0.0,-5036.71
2050-03-18 01:00:00,3328.33,6392.69,0.0,-3064.36
2050-03-18 02:00:00,3170.83,6339.92,0.0,-3169.08
2050-03-18 03:00:00,3126.96,3881.35,0.0,-754.39
2050-03-18 04:00:00,3124.85,4965.6,0.0,-1840.75
2050-03-18 05:00:00,3189.14,6460.13,0.0,-3270.99
2050-03-18 06:00:00,3375.41,6457.21,227.63,-3309.44
2050-03-18 07:00:00,3544.33,8301.57,1754.25,-6511.49
2050-03-18 08:00:00,3660.88,6844.26,2946.25,-6129.63
2050-03-18 09:00:00,3603.6,6173.9,3842.55,-6412.86
2050-03-18 10:00:00,3408.82,5146.72,4419.69,-6157.59
2050-03-18 11:00:00,3355.12,5563.55,4689.71,-6898.14
2050-03-18 12:00:00,3404.96,5732.27,4691.54,-7018.85
2050-03-18 13:00:00,3451.94,6404.43,3770.16,-6722.64
2050-03-18 14:00:00,3630.02,6149.09,3855.56,-6374.63
2050-03-18 15:00:00,3905.8,6354.58,2938.78,-5387.57
2050-03-18 16:00:00,4251.23,6292.99,1716.64,-3758.4
2050-03-18 17:00:00,4577.16,8641.71,66.07,-4130.62
2050-03-18 18:00:00,4876.82,9360.1,0.0,-4483.28
2050-03-18 19:00:00,4922.47,10969.9,0.0,-6047.43
2050-03-18 20:00:00,4661.06,11225.0,0.0,-6563.94
2050-03-18 21:00:00,4405.77,10418.63,0.0,-6012.86
2050-03-18 22:00:00,4108.46,8043.53,0.0,-3935.08
2050-03-18 23:00:00,3770.07,8278.12,0.0,-4508.05
2050-03-19 00:00:00,3404.13,7952.64,0.0,-4548.52
2050-03-19 01:00:00,3247.7,10920.04,0.0,-7672.34
2050-03-19 02:00:00,3049.73,10969.9,0.0,-7920.17
2050-03-19 03:00:00,2975.39,14415.7,0.0,-11440.31
2050-03-19 04:00:00,2955.42,14145.05,0.0,-11189.63
2050-03-19 05:00:00,3015.32,14080.08,0.0,-11064.76
2050-03-19 06:00:00,3205.32,12715.02,71.56,-9581.27
2050-03-19 07:00:00,3385.31,11553.4,71.56,-8239.66
2050-03-19 08:00:00,3509.74,11210.33,93.5,-7794.1
2050-03-19 09:00:00,3494.03,10521.27,262.26,-7289.5
2050-03-19 10:00:00,3335.07,10104.89,93.5,-6863.32
2050-03-19 11:00:00,3358.72,8125.64,412.76,-5179.68
2050-03-19 12:00:00,3431.99,6586.23,653.44,-3807.67
2050-03-19 13:00:00,3607.95,5030.11,734.25,-2156.41
2050-03-19 14:00:00,3865.94,6203.69,835.26,-3173.0
2050-03-19 15:00:00,4138.12,5883.61,170.0,-1915.49
2050-03-19 16:00:00,4482.17,5767.0,305.45,-1590.28
2050-03-19 17:00:00,4798.65,6680.06,197.2,-2078.61
2050-03-19 18:00:00,5067.94,5955.56,0.0,-887.62
2050-03-19 19:00:00,5079.39,5675.21,0.0,-595.82
2050-03-19 20:00:00,4782.52,4365.17,0.0,417.35
2050-03-19 21:00:00,4455.15,5149.2,0.0,-694.06
2050-03-19 22:00:00,4120.8,3530.18,0.0,590.62
2050-03-19 23:00:00,3775.75,2021.55,0.0,1754.2
2050-03-20 00:00:00,3400.69,2403.53,0.0,997.16
2050-03-20 01:00:00,3219.45,3195.23,0.0,24.23
2050-03-20 02:00:00,2972.0,3635.73,0.0,-663.73
2050-03-20 03:00:00,2857.11,4749.74,0.0,-1892.63
2050-03-20 04:00:00,2818.69,5717.38,0.0,-2898.69
2050-03-20 05:00:00,2868.34,5990.31,0.0,-3121.96
2050-03-20 06:00:00,3047.79,6094.51,164.55,-3211.27
2050-03-20 07:00:00,3214.26,5104.55,256.85,-2147.14
2050-03-20 08:00:00,3338.01,4724.94,529.71,-1916.64
2050-03-20 09:00:00,3366.75,2819.67,2466.17,-1919.08
2050-03-20 10:00:00,3315.83,3105.9,2367.44,-2157.5
2050-03-20 11:00:00,3382.37,3499.73,2355.74,-2473.09
2050-03-20 12:00:00,3515.66,4402.4,2851.33,-3738.07
2050-03-20 13:00:00,3730.25,5020.18,1589.02,-2878.95
2050-03-20 14:00:00,3970.32,8544.94,2645.26,-7219.87
2050-03-20 15:00:00,4232.3,9902.57,1177.94,-6848.21
2050-03-20 16:00:00,4570.73,12299.99,765.6,-8494.85
2050-03-20 17:00:00,4891.92,13998.89,541.94,-9648.91
2050-03-20 18:00:00,5163.43,14563.21,0.0,-9399.78
2050-03-20 19:00:00,5190.06,14764.87,0.0,-9574.82
2050-03-20 20:00:00,4911.7,14568.64,0.0,-9656.94
2050-03-20 21:00:00,4556.85,14117.98,0.0,-9561.12
2050-03-20 22:00:00,4165.69,14245.18,0.0,-10079.49
2050-03-20 23:00:00,3789.5,14339.93,0.0,-10550.43
2050-03-21 00:00:00,3406.63,12859.37,0.0,-9452.74
2050-03-21 01:00:00,3220.03,14541.56,0.0,-11321.53
2050-03-21 02:00:00,2959.05,14666.08,0.0,-11707.02
2050-03-21 03:00:00,2819.45,14614.64,0.0,-11795.19
2050-03-21 04:00:00,2742.48,13333.03,0.0,-10590.56
2050-03-21 05:00:00,2764.38,10239.77,0.0,-7475.39
2050-03-21 06:00:00,2933.75,9090.35,339.21,-6495.81
2050-03-21 07:00:00,3096.7,9870.31,2062.78,-8836.39
2050-03-21 08:00:00,3231.77,8354.35,3322.46,-8445.05
2050-03-21 09:00:00,3288.22,7216.65,4237.09,-8165.52
2050-03-21 10:00:00,3318.95,6627.28,4803.23,-8111.55
2050-03-21 11:00:00,3387.87,5754.59,5023.51,-7390.23
2050-03-21 12:00:00,3505.5,4858.92,5026.79,-6380.2
2050-03-21 13:00:00,3685.74,5593.33,4764.32,-6671.91
2050-03-21 14:00:00,3947.55,6718.17,4204.83,-6975.44
2050-03-21 15:00:00,4234.68,8826.43,3292.4,-7884.16
2050-03-21 16:00:00,4573.42,9882.05,1077.4,-6386.03
2050-03-21 17:00:00,4888.67,10849.67,229.78,-6190.78
2050-03-21 18:00:00,5151.62,12772.75,0.0,-7621.13
2050-03-21 19:00:00,5180.08,12050.98,0.0,-6870.91
2050-03-21 20:00:00,4926.18,13868.95,0.0,-8942.78
2050-03-21 21:00:00,4598.16,13982.64,0.0,-9384.48
2050-03-21 22:00:00,4208.06,14583.53,0.0,-10375.47
2050-03-21 23:00:00,3808.68,14667.43,0.0,-10858.75
2050-03-22 00:00:00,3416.55,14239.78,0.0,-10823.23
2050-03-22 01:00:00,3227.0,10656.14,0.0,-7429.14
2050-03-22 02:00:00,2963.43,11935.5,0.0,-8972.07
2050-03-22 03:00:00,2815.19,7078.83,0.0,-4263.64
2050-03-22 04:00:00,2717.88,11186.87,0.0,-8468.99
2050-03-22 05:00:00,2692.87,11222.06,0.0,-8529.18
2050-03-22 06:00:00,2796.0,13262.66,250.69,-10717.36
2050-03-22 07:00:00,2894.78,14521.27,1868.66,-13495.16
2050-03-22 08:00:00,3054.25,14425.19,3073.79,-14444.73
2050-03-22 09:00:00,3254.55,15128.92,718.64,-12593.01
2050-03-22 10:00:00,3318.37,14545.63,1610.33,-12837.58
2050-03-22 11:00:00,3362.96,12256.69,503.23,-9396.96
2050-03-22 12:00:00,3408.16,12635.62,2917.26,-12144.72
2050-03-22 13:00:00,3424.06,12678.92,4520.63,-13775.5
2050-03-22 14:00:00,3449.83,14809.52,577.23,-11936.92
2050-03-22 15:00:00,3504.82,14804.12,1167.19,-12466.5
2050-03-22 16:00:00,3685.94,14717.51,1859.65,-12891.21
2050-03-22 17:00:00,3924.6,14536.16,539.13,-11150.69
2050-03-22 18:00:00,4251.3,13839.19,0.0,-9587.89
2050-03-22 19:00:00,4491.12,15183.04,0.0,-10691.91
2050-03-22 20:00:00,4512.64,15152.82,0.0,-10640.18
2050-03-22 21:00:00,4380.94,15054.94,0.0,-10674.0
2050-03-22 22:00:00,4105.7,15222.29,0.0,-11116.59
2050-03-22 23:00:00,3773.49,15174.47,0.0,-11400.98
2050-03-23 00:00:00,3405.47,15089.21,0.0,-11683.74
2050-03-23 01:00:00,3226.1,15221.39,0.0,-11995.29
2050-03-23 02:00:00,2967.35,15225.0,0.0,-12257.65
2050-03-23 03:00:00,2822.0,15151.92,0.0,-12329.92
2050-03-23 04:00:00,2727.73,15032.37,0.0,-12304.64
2050-03-23 05:00:00,2703.46,14621.42,0.0,-11917.96
2050-03-23 06:00:00,2807.73,14494.2,842.0,-12528.47
2050-03-23 07:00:00,2917.93,14647.12,2096.06,-13825.25
2050-03-23 08:00:00,3080.54,13609.13,3321.17,-13849.76
2050-03-23 09:00:00,3257.22,12278.34,4221.0,-13242.12
2050-03-23 10:00:00,3326.64,10184.06,4782.97,-11640.39
2050-03-23 11:00:00,3391.87,11318.83,5043.55,-12970.5
2050-03-23 12:00:00,3506.05,11953.54,5042.94,-13490.42
2050-03-23 13:00:00,3655.3,11617.91,4768.63,-12731.24
2050-03-23 14:00:00,3838.95,11093.04,4175.68,-11429.76
2050-03-23 15:00:00,3941.19,11025.61,3275.03,-10359.45
2050-03-23 16:00:00,4114.54,10383.45,2027.51,-8296.42
2050-03-23 17:00:00,4250.35,11592.65,625.23,-7967.53
2050-03-23 18:00:00,4409.93,11737.01,0.0,-7327.08
2050-03-23 19:00:00,4533.84,13844.59,0.0,-9310.76
2050-03-23 20:00:00,4523.74,14199.17,0.0,-9675.42
2050-03-23 21:00:00,4380.78,14820.35,0.0,-10439.56
2050-03-23 22:00:00,4107.75,15213.28,0.0,-11105.53
2050-03-23 23:00:00,3799.2,14404.87,0.0,-10605.68
2050-03-24 00:00:00,3493.46,15093.73,0.0,-11600.27
2050-03-24 01:00:00,3417.83,13782.34,0.0,-10364.51
2050-03-24 02:00:00,3273.54,13403.42,0.0,-10129.88
2050-03-24 03:00:00,3290.57,12043.77,0.0,-8753.2
2050-03-24 04:00:00,3339.39,10969.9,0.0,-7630.51
2050-03-24 05:00:00,3455.61,8480.43,0.0,-5024.82
2050-03-24 06:00:00,3690.54,9383.56,746.25,-6439.27
2050-03-24 07:00:00,3901.68,7064.17,2063.15,-5225.64
2050-03-24 08:00:00,4029.15,5923.32,3321.18,-5215.35
2050-03-24 09:00:00,4061.42,4782.01,4227.77,-4948.35
2050-03-24 10:00:00,3869.5,5350.17,4782.39,-6263.05
2050-03-24 11:00:00,3755.03,3743.33,5010.01,-4998.3
2050-03-24 12:00:00,3655.89,3980.84,5011.25,-5336.19
2050-03-24 13:00:00,3562.51,4997.87,4715.42,-6150.78
2050-03-24 14:00:00,3487.97,6171.42,4156.45,-6839.9
2050-03-24 15:00:00,3495.68,6855.98,3239.8,-6600.11
2050-03-24 16:00:00,3686.54,8313.31,2011.41,-6638.17
2050-03-24 17:00:00,3930.23,6817.86,623.05,-3510.68
2050-03-24 18:00:00,4255.57,8245.86,0.0,-3990.29
2050-03-24 19:00:00,4482.14,8172.55,0.0,-3690.42
2050-03-24 20:00:00,4555.94,6290.51,0.0,-1734.57
2050-03-24 21:00:00,4549.08,7125.76,0.0,-2576.67
2050-03-24 22:00:00,4395.42,7284.1,0.0,-2888.68
2050-03-24 23:00:00,4182.27,8761.93,0.0,-4579.66
2050-03-25 00:00:00,3921.55,13036.21,0.0,-9114.66
2050-03-25 01:00:00,3837.54,10884.85,0.0,-7047.31
2050-03-25 02:00:00,3669.61,10289.62,0.0,-6620.0
2050-03-25 03:00:00,3607.96,10386.39,0.0,-6778.43
2050-03-25 04:00:00,3588.46,10409.83,0.0,-6821.38
2050-03-25 05:00:00,3629.52,9838.06,0.0,-6208.54
2050-03-25 06:00:00,3783.58,8776.59,730.23,-5723.24
2050-03-25 07:00:00,3925.66,8550.82,2023.15,-6648.31
2050-03-25 08:00:00,3979.2,8354.35,3271.12,-7646.27
2050-03-25 09:00:00,3873.46,9451.01,4169.58,-9747.12
2050-03-25 10:00:00,3572.79,11512.35,3733.87,-11673.43
2050-03-25 11:00:00,3388.05,9961.22,4980.51,-11553.68
2050-03-25 12:00:00,3396.26,9709.04,4974.77,-11287.55
2050-03-25 13:00:00,3424.1,9310.25,3771.17,-9657.33
2050-03-25 14:00:00,3459.56,10747.04,4127.11,-11414.59
2050-03-25 15:00:00,3523.28,10703.07,3227.06,-10406.86
2050-03-25 16:00:00,3743.1,11820.02,1475.26,-9552.18
2050-03-25 17:00:00,4020.36,12328.87,612.72,-8921.24
2050-03-25 18:00:00,4377.95,10169.4,0.0,-5791.45
2050-03-25 19:00:00,4577.26,9996.4,0.0,-5419.14
2050-03-25 20:00:00,4537.04,10090.23,0.0,-5553.2
2050-03-25 21:00:00,4389.4,5903.46,0.0,-1514.06
2050-03-25 22:00:00,4107.43,9163.64,0.0,-5056.21
2050-03-25 23:00:00,3773.15,8055.26,0.0,-4282.11
2050-03-26 00:00:00,3401.17,10618.02,0.0,-7216.86
2050-03-26 01:00:00,3217.53,12292.77,0.0,-9075.24
2050-03-26 02:00:00,2955.61,13674.07,0.0,-10718.46
2050-03-26 03:00:00,2811.55,12502.1,0.0,-9690.55
2050-03-26 04:00:00,2736.61,12512.93,0.0,-9776.32
2050-03-26 05:00:00,2775.14,13208.54,0.0,-10433.4
2050-03-26 06:00:00,2994.19,12783.58,44.09,-9833.48
2050-03-26 07:00:00,3301.63,13576.63,609.25,-10884.25
2050-03-26 08:00:00,3676.72,13093.96,1545.83,-10963.07
2050-03-26 09:00:00,4054.72,11565.14,224.35,-7734.77
2050-03-26 10:00:00,4227.9,13061.47,616.39,-9449.95
2050-03-26 11:00:00,4445.99,10383.45,963.02,-6900.48
2050-03-26 12:00:00,4661.7,9122.59,1369.22,-5830.11
2050-03-26 13:00:00,4801.46,8536.16,767.73,-4502.42
2050-03-26 14:00:00,4878.15,10538.85,148.19,-5808.89
2050-03-26 15:00:00,4874.86,11863.32,98.98,-7087.44
2050-03-26 16:00:00,4935.96,11509.43,142.73,-6716.2
2050-03-26 17:00:00,5104.21,11650.4,120.87,-6667.06
2050-03-26 18:00:00,5439.93,12050.98,0.0,-6611.05
2050-03-26 19:00:00,5773.15,12653.66,0.0,-6880.52
2050-03-26 20:00:00,6048.48,13265.38,0.0,-7216.9
2050-03-26 21:00:00,6089.5,14421.12,0.0,-8331.62
2050-03-26 22:00:00,5926.45,12715.02,0.0,-6788.58
2050-03-26 23:00:00,5694.36,11069.6,0.0,-5375.24
2050-03-27 00:00:00,5415.15,8588.92,0.0,-3173.78
2050-03-27 01:00:00,5315.97,8996.51,0.0,-3680.54
2050-03-27 02:00:00,5134.04,9515.52,0.0,-4381.47
2050-03-27 03:00:00,5062.52,9040.5,0.0,-3977.98
2050-03-27 04:00:00,5028.55,9465.67,0.0,-4437.12
2050-03-27 05:00:00,5045.54,7577.32,0.0,-2531.77
2050-03-27 06:00:00,5168.96,8152.03,294.67,-3277.74
2050-03-27 07:00:00,5278.72,8237.06,1853.97,-4812.31
2050-03-27 08:00:00,5280.82,6624.34,3089.21,-4432.73
2050-03-27 09:00:00,5180.24,4719.98,3433.38,-2973.11
2050-03-27 10:00:00,4878.54,4189.02,3573.17,-2883.65
2050-03-27 11:00:00,4681.7,3085.61,4843.29,-3247.2
2050-03-27 12:00:00,4515.87,3674.29,3890.5,-3048.92
2050-03-27 13:00:00,4357.91,2013.08,3755.37,-1410.54
2050-03-27 14:00:00,4169.34,2870.41,2698.41,-1399.48
2050-03-27 15:00:00,3999.1,2180.84,2158.37,-340.12
2050-03-27 16:00:00,3987.01,2308.11,800.63,878.28
2050-03-27 17:00:00,4096.68,2214.67,246.03,1635.97
2050-03-27 18:00:00,4405.07,2768.93,0.0,1636.15
2050-03-27 19:00:00,4774.92,3901.67,0.0,873.25
2050-03-27 20:00:00,5081.34,4563.66,0.0,517.67
2050-03-27 21:00:00,5162.02,7034.85,0.0,-1872.82
2050-03-27 22:00:00,5010.86,5325.37,0.0,-314.51
2050-03-27 23:00:00,4791.38,4978.01,0.0,-186.63
2050-03-28 00:00:00,4514.66,9184.18,0.0,-4669.52
2050-03-28 01:00:00,4398.49,7316.34,0.0,-2917.85
2050-03-28 02:00:00,4156.82,10175.26,0.0,-6018.44
2050-03-28 03:00:00,4006.81,11051.99,0.0,-7045.18
2050-03-28 04:00:00,3870.55,9723.71,0.0,-5853.16
2050-03-28 05:00:00,3785.34,9779.41,0.0,-5994.07
2050-03-28 06:00:00,3847.96,10705.99,264.93,-7122.97
2050-03-28 07:00:00,3921.2,11148.77,506.51,-7734.08
2050-03-28 08:00:00,4052.58,8981.85,1944.83,-6874.1
2050-03-28 09:00:00,4200.44,8688.62,2548.34,-7036.51
2050-03-28 10:00:00,4164.79,7850.01,2759.43,-6444.65
2050-03-28 11:00:00,4178.89,7128.68,4773.22,-7723.0
2050-03-28 12:00:00,4205.06,7125.76,4760.67,-7681.36
2050-03-28 13:00:00,4149.79,5521.38,4496.34,-5867.93
2050-03-28 14:00:00,3992.78,9031.7,2812.96,-7851.88
2050-03-28 15:00:00,3856.41,9492.06,1883.19,-7518.84
2050-03-28 16:00:00,3875.02,8137.37,818.34,-5080.69
2050-03-28 17:00:00,3975.94,10911.26,180.89,-7116.2
2050-03-28 18:00:00,4269.61,15105.01,0.0,-10835.4
2050-03-28 19:00:00,4522.47,12812.46,0.0,-8289.99
2050-03-28 20:00:00,4654.34,14417.05,0.0,-9762.72
2050-03-28 21:00:00,4586.3,15089.21,0.0,-10502.9
2050-03-28 22:00:00,4327.14,14942.15,0.0,-10615.01
2050-03-28 23:00:00,3991.2,14660.65,0.0,-10669.46
2050-03-29 00:00:00,3610.04,14678.26,0.0,-11068.22
2050-03-29 01:00:00,3410.48,14670.14,0.0,-11259.66
2050-03-29 02:00:00,3120.38,13430.47,0.0,-10310.09
2050-03-29 03:00:00,2952.11,13801.3,0.0,-10849.19
2050-03-29 04:00:00,2835.02,14507.74,0.0,-11672.72
2050-03-29 05:00:00,2798.27,14500.96,0.0,-11702.69
2050-03-29 06:00:00,2898.28,14366.98,16.55,-11485.25
2050-03-29 07:00:00,3032.31,12682.53,208.07,-9858.29
2050-03-29 08:00:00,3211.28,11430.26,175.44,-8394.42
2050-03-29 09:00:00,3368.73,12148.42,734.25,-9513.94
2050-03-29 10:00:00,3357.51,9952.42,749.84,-7344.74
2050-03-29 11:00:00,3389.15,9896.71,503.23,-7010.78
2050-03-29 12:00:00,3429.54,8902.68,760.22,-6233.36
2050-03-29 13:00:00,3454.87,8369.02,262.26,-5176.41
2050-03-29 14:00:00,3486.88,9448.07,858.35,-6819.54
2050-03-29 15:00:00,3558.16,7331.0,801.64,-4574.49
2050-03-29 16:00:00,3755.06,9190.04,561.41,-5996.39
2050-03-29 17:00:00,3996.81,9861.52,556.03,-6420.75
2050-03-29 18:00:00,4336.81,9785.27,0.0,-5448.46
2050-03-29 19:00:00,4575.16,10395.17,0.0,-5820.02
2050-03-29 20:00:00,4695.5,11251.38,0.0,-6555.89
2050-03-29 21:00:00,4621.86,11838.06,0.0,-7216.2
2050-03-29 22:00:00,4366.48,11321.77,0.0,-6955.29
2050-03-29 23:00:00,4056.48,12166.46,0.0,-8109.99
2050-03-30 00:00:00,3712.67,10550.59,0.0,-6837.92
2050-03-30 01:00:00,3567.14,9219.36,0.0,-5652.22
2050-03-30 02:00:00,3345.13,10656.14,0.0,-7311.01
2050-03-30 03:00:00,3273.28,10653.22,0.0,-7379.94
2050-03-30 04:00:00,3248.17,10579.91,0.0,-7331.74
2050-03-30 05:00:00,3298.36,11081.32,0.0,-7782.95
2050-03-30 06:00:00,3469.18,10075.57,759.82,-7366.21
2050-03-30 07:00:00,3640.07,8122.7,1012.1,-5494.73
2050-03-30 08:00:00,3833.45,6700.58,1963.65,-4830.79
2050-03-30 09:00:00,4018.35,5799.26,2173.92,-3954.83
2050-03-30 10:00:00,4006.69,5454.39,2602.48,-4050.17
2050-03-30 11:00:00,4029.12,4685.23,1624.51,-2280.63
2050-03-30 12:00:00,4119.71,4970.57,4811.0,-5661.85
2050-03-30 13:00:00,4189.86,5538.75,4572.44,-5921.33
2050-03-30 14:00:00,4220.54,5905.94,2464.53,-4149.94
2050-03-30 15:00:00,4253.24,5819.1,3154.64,-4720.51
2050-03-30 16:00:00,4425.38,8254.66,1956.61,-5785.88
2050-03-30 17:00:00,4700.95,11154.63,636.51,-7090.19
2050-03-30 18:00:00,5051.86,10635.62,0.0,-5583.76
2050-03-30 19:00:00,5323.83,11169.29,0.0,-5845.45
2050-03-30 20:00:00,5486.96,10729.45,0.0,-5242.5
2050-03-30 21:00:00,5417.32,11675.66,0.0,-6258.34
2050-03-30 22:00:00,5145.12,13297.85,0.0,-8152.73
2050-03-30 23:00:00,4804.52,12570.66,0.0,-7766.14
2050-03-31 00:00:00,4417.02,12567.05,0.0,-8150.03
2050-03-31 01:00:00,4211.25,13259.95,0.0,-9048.7
2050-03-31 02:00:00,3919.18,15027.87,0.0,-11108.68
2050-03-31 03:00:00,3765.65,15123.05,0.0,-11357.4
2050-03-31 04:00:00,3640.99,15180.79,0.0,-11539.8
2050-03-31 05:00:00,3583.21,15077.03,0.0,-11493.81
2050-03-31 06:00:00,3648.5,15153.73,873.73,-12378.96
2050-03-31 07:00:00,3736.03,14957.04,1999.15,-13220.16
2050-03-31 08:00:00,3833.35,15225.0,3239.02,-14630.67
2050-03-31 09:00:00,3920.11,15217.78,4128.17,-15425.84
2050-03-31 10:00:00,3774.18,14881.25,4682.25,-15789.32
2050-03-31 11:00:00,3653.38,14871.78,4938.93,-16157.33
2050-03-31 12:00:00,3609.09,13647.02,4932.37,-14970.29
2050-03-31 13:00:00,3552.07,14575.39,4668.07,-15691.4
2050-03-31 14:00:00,3563.01,15225.0,4092.09,-15754.08
2050-03-31 15:00:00,3607.11,15225.0,3204.79,-14822.69
2050-03-31 16:00:00,3793.02,15225.0,2011.29,-13443.27
2050-03-31 17:00:00,4012.11,15225.0,672.94,-11885.84
2050-03-31 18:00:00,4335.81,15225.0,0.0,-10889.19
2050-03-31 19:00:00,4612.65,15225.0,0.0,-10612.35
2050-03-31 20:00:00,4644.74,15225.0,0.0,-10580.26
2050-03-31 21:00:00,4601.62,15225.0,0.0,-10623.38
2050-03-31 22:00:00,4411.37,15225.0,0.0,-10813.63
2050-03-31 23:00:00,4165.2,15225.0,0.0,-11059.8
2050-04-01 00:00:00,3992.17,15225.0,0.0,-11232.83
2050-04-01 01:00:00,3887.71,15225.0,0.0,-11337.29
2050-04-01 02:00:00,3686.22,15225.0,0.0,-11538.78
2050-04-01 03:00:00,3602.4,15225.0,0.0,-11622.6
2050-04-01 04:00:00,3559.8,15225.0,0.0,-11665.2
2050-04-01 05:00:00,3573.04,15225.0,0.0,-11651.96
2050-04-01 06:00:00,3694.48,15225.0,88.02,-11618.54
2050-04-01 07:00:00,3817.1,15225.0,98.98,-11506.89
2050-04-01 08:00:00,3854.5,15225.0,610.47,-11980.98
2050-04-01 09:00:00,3833.67,15193.88,872.34,-12232.55
2050-04-01 10:00:00,3625.43,15161.85,476.69,-12013.11
2050-04-01 11:00:00,3490.49,15225.0,450.09,-12184.6
2050-04-01 12:00:00,3482.66,15225.0,860.38,-12602.71
2050-04-01 13:00:00,3511.46,15225.0,954.52,-12668.07
2050-04-01 14:00:00,3586.73,14961.11,640.29,-12014.67
2050-04-01 15:00:00,3810.27,14951.62,224.35,-11365.7
2050-04-01 16:00:00,4214.85,15201.54,126.34,-11113.03
2050-04-01 17:00:00,4628.58,14893.43,153.64,-10418.5
2050-04-01 18:00:00,5013.47,13893.31,0.0,-8879.85
2050-04-01 19:00:00,5062.18,14992.22,0.0,-9930.04
2050-04-01 20:00:00,4863.32,13714.68,0.0,-8851.36
2050-04-01 21:00:00,4577.99,13684.9,0.0,-9106.91
2050-04-01 22:00:00,4251.68,9087.41,0.0,-4835.73
2050-04-01 23:00:00,3901.18,11506.49,0.0,-7605.31
2050-04-02 00:00:00,3510.74,13327.63,0.0,-9816.89
2050-04-02 01:00:00,3321.11,12852.15,0.0,-9531.04
2050-04-02 02:00:00,3050.84,13021.78,0.0,-9970.93
2050-04-02 03:00:00,2917.12,14061.14,0.0,-11144.02
2050-04-02 04:00:00,2854.79,13416.94,0.0,-10562.15
2050-04-02 05:00:00,2876.36,15063.05,0.0,-12186.69
2050-04-02 06:00:00,3011.32,15003.05,88.02,-12079.75
2050-04-02 07:00:00,3155.9,14775.7,529.71,-12149.51
2050-04-02 08:00:00,3233.65,12848.54,444.77,-10059.66
2050-04-02 09:00:00,3331.46,10840.87,827.45,-8336.86
2050-04-02 10:00:00,3408.0,8961.33,1571.58,-7124.91
2050-04-02 11:00:00,3504.76,8800.05,1629.14,-6924.44
2050-04-02 12:00:00,3708.02,8248.8,1681.58,-6222.35
2050-04-02 13:00:00,3895.3,8401.26,1919.01,-6424.97
2050-04-02 14:00:00,4091.97,9685.58,1313.53,-6907.15
2050-04-02 15:00:00,4286.02,9471.53,608.8,-5794.32
2050-04-02 16:00:00,4554.22,10175.26,726.38,-6347.42
2050-04-02 17:00:00,4822.34,12065.42,283.87,-7526.95
2050-04-02 18:00:00,5102.46,11729.8,0.0,-6627.34
2050-04-02 19:00:00,5067.89,10251.49,0.0,-5183.6
2050-04-02 20:00:00,4646.8,10987.49,0.0,-6340.69
2050-04-02 21:00:00,4523.55,9234.02,0.0,-4710.47
2050-04-02 22:00:00,4350.16,10603.36,0.0,-6253.2
2050-04-02 23:00:00,4195.76,14237.06,0.0,-10041.31
2050-04-03 00:00:00,3995.8,14709.37,0.0,-10713.57
2050-04-03 01:00:00,3963.07,14772.98,0.0,-10809.92
2050-04-03 02:00:00,3824.08,14399.47,0.0,-10575.4
2050-04-03 03:00:00,3789.51,13622.66,0.0,-9833.15
2050-04-03 04:00:00,3795.4,12105.11,0.0,-8309.7
2050-04-03 05:00:00,3850.85,13825.66,0.0,-9974.8
2050-04-03 06:00:00,4010.07,14425.19,402.07,-10817.18
2050-04-03 07:00:00,4055.14,12956.81,77.05,-8978.73
2050-04-03 08:00:00,4033.57,12462.39,120.87,-8549.7
2050-04-03 09:00:00,3974.06,13942.03,868.63,-10836.61
2050-04-03 10:00:00,3824.62,12115.95,2006.57,-10297.9
2050-04-03 11:00:00,3700.45,11856.1,1177.69,-9333.35
2050-04-03 12:00:00,3617.18,13774.22,791.3,-10948.35
2050-04-03 13:00:00,3584.16,10946.44,1602.18,-8964.46
2050-04-03 14:00:00,3585.26,13241.02,786.12,-10441.88
2050-04-03 15:00:00,3626.81,12491.26,904.54,-9768.99
2050-04-03 16:00:00,3809.72,13625.35,535.0,-10350.63
2050-04-03 17:00:00,4051.56,14632.25,180.89,-10761.57
2050-04-03 18:00:00,4396.88,14774.34,0.0,-10377.46
2050-04-03 19:00:00,4629.31,13130.04,0.0,-8500.73
2050-04-03 20:00:00,4891.98,11610.69,0.0,-6718.71
2050-04-03 21:00:00,4612.17,14549.68,0.0,-9937.51
2050-04-03 22:00:00,4269.06,14997.65,0.0,-10728.58
2050-04-03 23:00:00,3912.34,13187.79,0.0,-9275.44
2050-04-04 00:00:00,3520.6,13817.54,0.0,-10296.94
2050-04-04 01:00:00,3327.67,14601.11,0.0,-11273.44
2050-04-04 02:00:00,3048.66,15102.74,0.0,-12054.08
2050-04-04 03:00:00,2892.03,15225.0,0.0,-12332.97
2050-04-04 04:00:00,2788.75,15225.0,0.0,-12436.25
2050-04-04 05:00:00,2762.13,15225.0,0.0,-12462.87
2050-04-04 06:00:00,2853.79,15225.0,131.81,-12503.01
2050-04-04 07:00:00,2972.67,15081.55,126.34,-12235.23
2050-04-04 08:00:00,3108.33,14561.86,412.76,-11866.29
2050-04-04 09:00:00,3340.43,13947.46,791.3,-11398.32
2050-04-04 10:00:00,3443.64,14683.66,4034.24,-15274.26
2050-04-04 11:00:00,3626.19,14541.56,2902.81,-13818.19
2050-04-04 12:00:00,3921.04,13130.04,3294.64,-12503.64
2050-04-04 13:00:00,4175.03,8380.74,2243.41,-6449.12
2050-04-04 14:00:00,4457.54,6363.38,1512.85,-3418.69
2050-04-04 15:00:00,4769.36,6938.09,1019.89,-3188.62
2050-04-04 16:00:00,5131.21,6378.04,294.67,-1541.49
2050-04-04 17:00:00,5486.86,7791.36,109.93,-2414.44
2050-04-04 18:00:00,5814.78,12819.68,0.0,-7004.9
2050-04-04 19:00:00,5733.87,10682.53,0.0,-4948.66
2050-04-04 20:00:00,5499.89,8539.08,0.0,-3039.19
2050-04-04 21:00:00,5161.31,11280.7,0.0,-6119.39
2050-04-04 22:00:00,4698.2,12476.83,0.0,-7778.63
2050-04-04 23:00:00,4162.08,14242.49,0.0,-10080.4
2050-04-05 00:00:00,3622.12,14304.74,0.0,-10682.62
2050-04-05 01:00:00,3358.78,10145.94,0.0,-6787.16
2050-04-05 02:00:00,3060.96,7512.81,0.0,-4451.84
2050-04-05 03:00:00,2897.77,6533.44,0.0,-3635.68
2050-04-05 04:00:00,2788.93,7621.3,0.0,-4832.37
2050-04-05 05:00:00,2753.42,9043.42,0.0,-6290.0
2050-04-05 06:00:00,2834.86,9383.56,682.4,-7231.1
2050-04-05 07:00:00,2953.16,10257.37,1990.2,-9294.42
2050-04-05 08:00:00,3111.9,9711.97,1632.07,-8232.14
2050-04-05 09:00:00,3346.64,7958.5,2434.45,-7046.32
2050-04-05 10:00:00,3511.04,7031.93,2183.12,-5704.0
2050-04-05 11:00:00,3731.42,7943.84,4864.08,-9076.51
2050-04-05 12:00:00,3995.6,8043.53,4875.5,-8923.43
2050-04-05 13:00:00,4161.15,10697.19,4587.55,-11123.59
2050-04-05 14:00:00,4356.52,13072.29,4039.56,-12755.33
2050-04-05 15:00:00,4569.94,13452.14,3175.09,-12057.29
2050-04-05 16:00:00,4878.34,12927.94,2003.08,-10052.68
2050-04-05 17:00:00,5151.38,14445.48,707.25,-10001.36
2050-04-05 18:00:00,5428.14,14479.31,0.0,-9051.17
2050-04-05 19:00:00,5372.94,14607.89,0.0,-9234.95
2050-04-05 20:00:00,5192.18,15225.0,0.0,-10032.82
2050-04-05 21:00:00,4912.82,15225.0,0.0,-10312.18
2050-04-05 22:00:00,4491.69,15225.0,0.0,-10733.31
2050-04-05 23:00:00,4037.22,11087.18,0.0,-7049.96
2050-04-06 00:00:00,3570.64,10230.97,0.0,-6660.33
2050-04-06 01:00:00,3350.07,6929.29,0.0,-3579.22
2050-04-06 02:00:00,3059.08,5709.94,0.0,-2650.86
2050-04-06 03:00:00,2896.87,7023.13,0.0,-4126.26
2050-04-06 04:00:00,2788.45,6999.66,0.0,-4211.21
2050-04-06 05:00:00,2752.81,9049.28,0.0,-6296.47
2050-04-06 06:00:00,2829.17,7243.03,1136.56,-5550.42
2050-04-06 07:00:00,2944.11,8298.65,2065.46,-7420.0
2050-04-06 08:00:00,3105.09,7310.48,3354.9,-7560.3
2050-04-06 09:00:00,3347.25,7832.41,4203.73,-8688.89
2050-04-06 10:00:00,3472.12,7773.78,4748.49,-9050.15
2050-04-06 11:00:00,3571.43,10304.28,4997.73,-11730.59
2050-04-06 12:00:00,3678.9,10990.43,4953.62,-12265.14
2050-04-06 13:00:00,3708.9,8606.53,4689.12,-9586.75
2050-04-06 14:00:00,3997.68,9914.29,4129.9,-10046.51
2050-04-06 15:00:00,4301.01,13403.42,3209.68,-12312.09
2050-04-06 16:00:00,4664.59,14897.5,2019.6,-12252.5
2050-04-06 17:00:00,5005.66,14896.14,712.58,-10603.05
2050-04-06 18:00:00,5341.9,15205.6,0.0,-9863.71
2050-04-06 19:00:00,5354.38,14724.26,0.0,-9369.89
2050-04-06 20:00:00,5232.3,15036.88,0.0,-9804.58
2050-04-06 21:00:00,5005.52,15049.97,0.0,-10044.45
2050-04-06 22:00:00,4636.56,15125.31,0.0,-10488.74
2050-04-06 23:00:00,4237.94,14948.93,0.0,-10710.99
2050-04-07 00:00:00,3798.3,13173.34,0.0,-9375.04
2050-04-07 01:00:00,3531.59,14679.61,0.0,-11148.02
2050-04-07 02:00:00,3187.12,14768.92,0.0,-11581.8
2050-04-07 03:00:00,2981.25,14350.75,0.0,-11369.5
2050-04-07 04:00:00,2836.46,13180.57,0.0,-10344.11
2050-04-07 05:00:00,2775.24,12245.86,0.0,-9470.62
2050-04-07 06:00:00,2838.22,14472.55,455.42,-12089.75
2050-04-07 07:00:00,2942.0,13195.01,482.0,-10735.01
2050-04-07 08:00:00,3133.94,11356.95,608.8,-8831.82
2050-04-07 09:00:00,3564.14,9348.38,2550.03,-8334.27
2050-04-07 10:00:00,3917.39,11307.11,4338.35,-11728.07
2050-04-07 11:00:00,4288.62,8072.86,3271.44,-7055.68
2050-04-07 12:00:00,4607.5,7254.77,4663.77,-7311.05
2050-04-07 13:00:00,4849.24,9773.55,4381.15,-9305.46
2050-04-07 14:00:00,5108.65,12729.46,3464.28,-11085.09
2050-04-07 15:00:00,5352.03,11700.91,2957.82,-9306.7
2050-04-07 16:00:00,5647.83,13638.89,1837.25,-9828.31
2050-04-07 17:00:00,5923.44,14716.15,651.92,-9444.63
2050-04-07 18:00:00,6205.19,14522.63,0.0,-8317.44
2050-04-07 19:00:00,6085.78,14931.32,0.0,-8845.55
2050-04-07 20:00:00,5847.83,14913.74,0.0,-9065.91
2050-04-07 21:00:00,5538.42,15225.0,0.0,-9686.58
2050-04-07 22:00:00,5114.74,14209.99,0.0,-9095.25
2050-04-07 23:00:00,4645.56,14889.38,0.0,-10243.83
2050-04-08 00:00:00,4136.03,15044.11,0.0,-10908.08
2050-04-08 01:00:00,3834.72,12285.55,0.0,-8450.84
2050-04-08 02:00:00,3446.96,10732.39,0.0,-7285.44
2050-04-08 03:00:00,3182.7,14463.08,0.0,-11280.38
2050-04-08 04:00:00,2975.91,13752.58,0.0,-10776.66
2050-04-08 05:00:00,2857.97,14685.01,0.0,-11827.04
2050-04-08 06:00:00,2880.84,13752.58,343.11,-11214.85
2050-04-08 07:00:00,2967.79,14215.42,1198.08,-12445.7
2050-04-08 08:00:00,3191.7,12819.68,3126.72,-12754.7
2050-04-08 09:00:00,3687.86,9940.69,3978.96,-10231.79
2050-04-08 10:00:00,4029.38,9621.07,4531.32,-10123.01
2050-04-08 11:00:00,4338.95,6644.86,4760.89,-7066.8
2050-04-08 12:00:00,4569.0,5747.15,3677.47,-4855.61
2050-04-08 13:00:00,4729.9,5806.71,1932.34,-3009.16
2050-04-08 14:00:00,4869.32,7712.19,842.91,-3685.79
2050-04-08 15:00:00,5037.57,8002.49,148.19,-3113.11
2050-04-08 16:00:00,5286.12,8659.31,109.93,-3483.12
2050-04-08 17:00:00,5523.4,10093.15,109.93,-4679.68
2050-04-08 18:00:00,5788.94,11532.88,0.0,-5743.94
2050-04-08 19:00:00,5682.8,11459.57,0.0,-5776.77
2050-04-08 20:00:00,5468.51,10697.19,0.0,-5228.68
2050-04-08 21:00:00,5161.26,9791.14,0.0,-4629.88
2050-04-08 22:00:00,4725.4,9747.15,0.0,-5021.75
2050-04-08 23:00:00,4265.24,7158.0,0.0,-2892.76
2050-04-09 00:00:00,3782.09,7363.27,0.0,-3581.17
2050-04-09 01:00:00,3513.39,7791.36,0.0,-4277.97
2050-04-09 02:00:00,3170.4,5531.3,0.0,-2360.91
2050-04-09 03:00:00,2962.3,3814.36,0.0,-852.07
2050-04-09 04:00:00,2825.86,2994.26,0.0,-168.39
2050-04-09 05:00:00,2773.72,2362.92,0.0,410.8
2050-04-09 06:00:00,2838.71,3193.18,986.22,-1340.69
2050-04-09 07:00:00,2944.42,5826.55,1372.13,-4254.26
2050-04-09 08:00:00,3114.8,5340.26,3124.29,-5349.75
2050-04-09 09:00:00,3356.16,5459.35,4005.55,-6108.74
2050-04-09 10:00:00,3414.06,5136.81,4508.55,-6231.3
2050-04-09 11:00:00,3452.31,7808.96,4748.98,-9105.64
2050-04-09 12:00:00,3493.72,5476.72,4715.68,-6698.69
2050-04-09 13:00:00,3506.48,5578.44,1867.94,-3939.9
2050-04-09 14:00:00,3529.67,9213.5,1610.91,-7294.74
2050-04-09 15:00:00,3586.83,9711.97,2574.84,-8699.98
2050-04-09 16:00:00,3778.8,7791.36,1951.21,-5963.77
2050-04-09 17:00:00,4027.92,8665.17,720.79,-5358.05
2050-04-09 18:00:00,4379.41,7779.64,0.0,-3400.23
2050-04-09 19:00:00,4629.15,6521.72,0.0,-1892.57
2050-04-09 20:00:00,4792.43,6383.9,0.0,-1591.48
2050-04-09 21:00:00,4758.87,8122.7,0.0,-3363.83
2050-04-09 22:00:00,4606.64,8275.18,0.0,-3668.55
2050-04-09 23:00:00,4416.3,7899.86,0.0,-3483.56
2050-04-10 00:00:00,4176.33,7512.81,0.0,-3336.47
2050-04-10 01:00:00,4131.96,6111.88,0.0,-1979.92
2050-04-10 02:00:00,3984.82,5608.22,0.0,-1623.41
2050-04-10 03:00:00,3944.69,5645.43,0.0,-1700.74
2050-04-10 04:00:00,3937.99,5789.34,0.0,-1851.34
2050-04-10 05:00:00,3991.29,4908.54,46.96,-964.21
2050-04-10 06:00:00,4140.26,5652.88,1203.43,-2716.04
2050-04-10 07:00:00,4274.55,5707.46,2032.75,-3465.66
2050-04-10 08:00:00,4263.22,4638.1,3242.24,-3617.13
2050-04-10 09:00:00,4188.36,6074.67,4099.26,-5985.57
2050-04-10 10:00:00,4016.44,5925.8,4608.34,-6517.7
2050-04-10 11:00:00,3857.13,6583.29,4826.21,-7552.37
2050-04-10 12:00:00,3771.62,8940.79,4787.17,-9956.34
2050-04-10 13:00:00,3678.73,8591.86,4508.0,-9421.14
2050-04-10 14:00:00,3588.55,10016.92,1535.69,-7964.07
2050-04-10 15:00:00,3587.55,11295.37,1932.12,-9639.93
2050-04-10 16:00:00,3789.8,12740.28,1890.4,-10840.88
2050-04-10 17:00:00,4043.82,14490.13,681.63,-11127.95
2050-04-10 18:00:00,4397.38,14904.25,0.0,-10506.88
2050-04-10 19:00:00,4571.35,15225.0,0.0,-10653.65
2050-04-10 20:00:00,4643.76,15225.0,0.0,-10581.24
2050-04-10 21:00:00,4567.67,15225.0,0.0,-10657.33
2050-04-10 22:00:00,4360.16,15225.0,0.0,-10864.84
2050-04-10 23:00:00,4117.7,13525.22,0.0,-9407.53
2050-04-11 00:00:00,3825.61,13032.6,0.0,-9206.99
2050-04-11 01:00:00,3712.14,13122.82,0.0,-9410.68
2050-04-11 02:00:00,3495.48,11581.82,0.0,-8086.34
2050-04-11 03:00:00,3404.42,10430.36,0.0,-7025.94
2050-04-11 04:00:00,3360.67,10884.85,0.0,-7524.18
2050-04-11 05:00:00,3383.11,10958.16,16.55,-7591.6
2050-04-11 06:00:00,3500.64,10128.34,763.97,-7391.68
2050-04-11 07:00:00,3604.47,8984.77,895.82,-6276.13
2050-04-11 08:00:00,3538.28,8653.43,923.04,-6038.19
2050-04-11 09:00:00,3473.61,8712.08,1354.16,-6592.63
2050-04-11 10:00:00,3400.79,8911.48,1058.67,-6569.36
2050-04-11 11:00:00,3444.41,7779.64,1849.63,-6184.87
2050-04-11 12:00:00,3550.88,8216.54,2263.76,-6929.41
2050-04-11 13:00:00,3754.42,8741.4,1584.78,-6571.76
2050-04-11 14:00:00,4041.85,9477.4,1005.98,-6441.53
2050-04-11 15:00:00,4211.65,13414.25,795.36,-9997.96
2050-04-11 16:00:00,4426.76,14607.89,540.29,-10721.41
2050-04-11 17:00:00,4698.02,15088.77,164.55,-10555.29
2050-04-11 18:00:00,5097.97,15210.11,0.0,-10112.14
2050-04-11 19:00:00,5095.71,15225.0,0.0,-10129.29
2050-04-11 20:00:00,4937.64,15225.0,0.0,-10287.36
2050-04-11 21:00:00,4654.3,15225.0,0.0,-10570.7
2050-04-11 22:00:00,4267.56,15225.0,0.0,-10957.44
2050-04-11 23:00:00,3905.12,15138.84,0.0,-11233.72
2050-04-12 00:00:00,3514.63,14962.46,0.0,-11447.83
2050-04-12 01:00:00,3323.01,14859.6,0.0,-11536.59
2050-04-12 02:00:00,3045.9,12971.24,0.0,-9925.34
2050-04-12 03:00:00,2897.34,14565.92,0.0,-11668.59
2050-04-12 04:00:00,2815.98,13449.43,0.0,-10633.45
2050-04-12 05:00:00,2825.91,11632.36,27.57,-8834.02
2050-04-12 06:00:00,2988.32,10269.1,569.05,-7849.83
2050-04-12 07:00:00,3165.24,10749.98,450.09,-8034.83
2050-04-12 08:00:00,3246.16,8747.26,977.01,-6478.11
2050-04-12 09:00:00,3351.74,6797.34,1603.64,-5049.23
2050-04-12 10:00:00,3398.35,5764.52,2819.71,-5185.88
2050-04-12 11:00:00,3463.69,7732.72,3045.62,-7314.65
2050-04-12 12:00:00,3541.44,9483.26,2981.58,-8923.4
2050-04-12 13:00:00,3596.8,7166.8,1460.94,-5030.94
2050-04-12 14:00:00,3771.4,7240.11,890.66,-4359.37
2050-04-12 15:00:00,4053.19,7940.9,810.73,-4698.44
2050-04-12 16:00:00,4307.48,8363.15,360.15,-4415.82
2050-04-12 17:00:00,4631.08,7870.53,98.98,-3338.44
2050-04-12 18:00:00,4951.33,10738.25,0.0,-5786.93
2050-04-12 19:00:00,4862.3,14590.28,0.0,-9727.98
2050-04-12 20:00:00,4699.26,15225.0,0.0,-10525.74
2050-04-12 21:00:00,4534.03,15225.0,0.0,-10690.97
2050-04-12 22:00:00,4237.58,15225.0,0.0,-10987.42
2050-04-12 23:00:00,3901.58,15225.0,0.0,-11323.42
2050-04-13 00:00:00,3578.89,15225.0,0.0,-11646.11
2050-04-13 01:00:00,3498.33,15225.0,0.0,-11726.67
2050-04-13 02:00:00,3325.64,15087.41,0.0,-11761.77
2050-04-13 03:00:00,3265.37,13979.93,0.0,-10714.56
2050-04-13 04:00:00,3247.55,13408.82,0.0,-10161.27
2050-04-13 05:00:00,3289.21,12119.56,11.04,-8841.38
2050-04-13 06:00:00,3422.82,12491.26,44.09,-9112.52
2050-04-13 07:00:00,3546.66,14594.35,656.29,-11703.98
2050-04-13 08:00:00,3607.36,14369.69,967.35,-11729.69
2050-04-13 09:00:00,3664.77,14781.1,1116.4,-12232.73
2050-04-13 10:00:00,3601.92,13093.96,967.31,-10459.34
2050-04-13 11:00:00,3494.26,14670.14,1215.64,-12391.52
2050-04-13 12:00:00,3486.36,11175.15,364.58,-8053.37
2050-04-13 13:00:00,3515.62,12556.22,180.89,-9221.49
2050-04-13 14:00:00,3544.21,12617.58,396.72,-9470.09
2050-04-13 15:00:00,3608.13,13322.21,353.85,-10067.93
2050-04-13 16:00:00,3817.52,14542.92,359.22,-11084.62
2050-04-13 17:00:00,4173.76,15173.57,202.64,-11202.45
2050-04-13 18:00:00,4600.73,14605.18,0.0,-10004.45
2050-04-13 19:00:00,4606.54,13481.9,0.0,-8875.37
2050-04-13 20:00:00,4655.59,15225.0,0.0,-10569.41
2050-04-13 21:00:00,4522.13,15151.02,0.0,-10628.89
2050-04-13 22:00:00,4233.94,15225.0,0.0,-10991.06
2050-04-13 23:00:00,3900.0,15225.0,0.0,-11325.0
2050-04-14 00:00:00,3607.05,15026.97,0.0,-11419.92
2050-04-14 01:00:00,3530.03,14503.67,0.0,-10973.64
2050-04-14 02:00:00,3363.26,11389.2,0.0,-8025.93
2050-04-14 03:00:00,3317.61,12881.02,0.0,-9563.41
2050-04-14 04:00:00,3320.85,12664.49,0.0,-9343.64
2050-04-14 05:00:00,3379.82,13115.61,38.58,-9774.37
2050-04-14 06:00:00,3530.16,13268.09,137.27,-9875.2
2050-04-14 07:00:00,3662.7,8659.31,550.89,-5547.5
2050-04-14 08:00:00,3616.19,6410.29,267.67,-3061.77
2050-04-14 09:00:00,3563.75,5925.8,1022.97,-3385.02
2050-04-14 10:00:00,3436.93,5548.66,666.47,-2778.2
2050-04-14 11:00:00,3441.92,4191.5,1104.01,-1853.59
2050-04-14 12:00:00,3507.98,3522.04,1340.81,-1354.88
2050-04-14 13:00:00,3539.1,5020.18,1071.73,-2552.81
2050-04-14 14:00:00,3766.51,4789.45,482.0,-1504.94
2050-04-14 15:00:00,4075.67,7392.59,571.96,-3888.88
2050-04-14 16:00:00,4377.18,6826.66,332.36,-2781.84
2050-04-14 17:00:00,4731.74,9453.93,16.55,-4738.74
2050-04-14 18:00:00,5100.6,13265.38,0.0,-8164.78
2050-04-14 19:00:00,5084.44,15054.02,0.0,-9969.58
2050-04-14 20:00:00,4904.05,13668.67,0.0,-8764.62
2050-04-14 21:00:00,4597.16,14288.5,0.0,-9691.33
2050-04-14 22:00:00,4253.16,14496.91,0.0,-10243.76
2050-04-14 23:00:00,3898.06,13944.74,0.0,-10046.69
2050-04-15 00:00:00,3509.04,15107.71,0.0,-11598.66
2050-04-15 01:00:00,3334.3,14755.4,0.0,-11421.1
2050-04-15 02:00:00,3125.28,14559.17,0.0,-11433.88
2050-04-15 03:00:00,3080.07,14521.27,0.0,-11441.2
2050-04-15 04:00:00,3082.16,14495.56,0.0,-11413.39
2050-04-15 05:00:00,3149.06,14334.5,27.57,-11213.02
2050-04-15 06:00:00,3310.83,10295.48,433.56,-7418.21
2050-04-15 07:00:00,3451.01,8014.21,55.08,-4618.29
2050-04-15 08:00:00,3433.24,5739.72,180.89,-2487.37
2050-04-15 09:00:00,3424.24,6042.41,1994.06,-4612.23
2050-04-15 10:00:00,3397.89,6422.01,2489.7,-5513.82
2050-04-15 11:00:00,3470.97,7823.63,3994.43,-8347.09
2050-04-15 12:00:00,3606.6,6468.94,4817.87,-7680.21
2050-04-15 13:00:00,3876.13,7715.13,4566.13,-8405.14
2050-04-15 14:00:00,4073.92,8140.31,4025.49,-8091.88
2050-04-15 15:00:00,4335.56,14242.49,3163.59,-13070.51
2050-04-15 16:00:00,4686.29,12790.81,2012.54,-10117.06
2050-04-15 17:00:00,5025.58,12538.18,768.33,-8280.94
2050-04-15 18:00:00,5334.93,12022.12,0.0,-6687.19
2050-04-15 19:00:00,5283.58,13376.35,0.0,-8092.77
2050-04-15 20:00:00,5092.73,13525.22,0.0,-8432.49
2050-04-15 21:00:00,4783.81,14892.07,0.0,-10108.26
2050-04-15 22:00:00,4354.86,15160.49,0.0,-10805.63
2050-04-15 23:00:00,3920.42,13933.92,0.0,-10013.49
2050-04-16 00:00:00,3518.16,12285.55,0.0,-8767.39
2050-04-16 01:00:00,3324.38,13552.27,0.0,-10227.9
2050-04-16 02:00:00,3055.34,13952.86,0.0,-10897.52
2050-04-16 03:00:00,2915.27,14886.67,0.0,-11971.4
2050-04-16 04:00:00,2832.86,15038.69,0.0,-12205.83
2050-04-16 05:00:00,2827.56,13224.77,0.0,-10397.21
2050-04-16 06:00:00,2929.91,14667.43,1424.33,-13161.85
2050-04-16 07:00:00,3081.57,15082.45,2095.44,-14096.32
2050-04-16 08:00:00,3247.4,13977.22,3309.13,-14038.96
2050-04-16 09:00:00,3430.66,13557.7,4167.42,-14294.45
2050-04-16 10:00:00,3465.18,13893.31,4685.28,-15113.42
2050-04-16 11:00:00,3495.11,13254.55,4926.67,-14686.12
2050-04-16 12:00:00,3524.4,13021.78,4886.74,-14384.11
2050-04-16 13:00:00,3528.49,13292.45,4608.18,-14372.14
2050-04-16 14:00:00,3570.12,10096.09,4028.43,-10554.41
2050-04-16 15:00:00,3690.55,11704.52,3161.79,-11175.77
2050-04-16 16:00:00,3939.45,12148.42,2002.25,-10211.21
2050-04-16 17:00:00,4239.16,13184.18,766.72,-9711.74
2050-04-16 18:00:00,4589.61,11733.41,0.0,-7143.8
2050-04-16 19:00:00,4666.4,15225.0,0.0,-10558.6
2050-04-16 20:00:00,4690.24,15225.0,0.0,-10534.76
2050-04-16 21:00:00,4550.57,15225.0,0.0,-10674.43
2050-04-16 22:00:00,4256.84,14920.5,0.0,-10663.66
2050-04-16 23:00:00,3909.08,13793.18,0.0,-9884.11
2050-04-17 00:00:00,3519.05,10456.76,0.0,-6937.71
2050-04-17 01:00:00,3327.19,10310.14,0.0,-6982.95
2050-04-17 02:00:00,3051.36,10480.22,0.0,-7428.87
2050-04-17 03:00:00,2898.44,10990.43,0.0,-8091.99
2050-04-17 04:00:00,2805.88,8014.21,0.0,-5208.33
2050-04-17 05:00:00,2796.2,6092.02,22.06,-3317.89
2050-04-17 06:00:00,2891.78,7773.78,605.91,-5487.91
2050-04-17 07:00:00,3047.1,8926.13,1886.76,-7765.8
2050-04-17 08:00:00,3213.22,5965.49,2984.33,-5736.6
2050-04-17 09:00:00,3413.05,3731.15,3825.3,-4143.39
2050-04-17 10:00:00,3481.42,4985.46,4373.97,-5878.0
2050-04-17 11:00:00,3512.92,5273.27,4634.82,-6395.18
2050-04-17 12:00:00,3547.16,4107.14,4629.72,-5189.71
2050-04-17 13:00:00,3561.13,3970.68,4344.72,-4754.28
2050-04-17 14:00:00,3605.04,5265.83,3022.1,-4682.89
2050-04-17 15:00:00,3721.36,3897.6,2105.34,-2281.58
2050-04-17 16:00:00,3947.46,4806.82,1344.33,-2203.69
2050-04-17 17:00:00,4221.38,6430.81,197.2,-2406.63
2050-04-17 18:00:00,4528.38,8289.85,0.0,-3761.47
2050-04-17 19:00:00,4601.91,10925.92,0.0,-6324.01
2050-04-17 20:00:00,4678.89,8322.09,0.0,-3643.2
2050-04-17 21:00:00,4573.38,10031.59,0.0,-5458.2
2050-04-17 22:00:00,4330.16,9190.04,0.0,-4859.87
2050-04-17 23:00:00,4071.32,9248.69,0.0,-5177.36
2050-04-18 00:00:00,3814.93,8078.72,0.0,-4263.79
2050-04-18 01:00:00,3770.12,9497.92,0.0,-5727.8
2050-04-18 02:00:00,3641.7,6433.75,0.0,-2792.05
2050-04-18 03:00:00,3626.07,6753.35,0.0,-3127.29
2050-04-18 04:00:00,3647.74,5045.0,0.0,-1397.26
2050-04-18 05:00:00,3727.91,5727.31,34.7,-2034.1
2050-04-18 06:00:00,3894.42,5233.56,1170.02,-2509.16
2050-04-18 07:00:00,4025.43,5556.1,1866.21,-3396.89
2050-04-18 08:00:00,4005.93,3783.91,2970.63,-2748.62
2050-04-18 09:00:00,3939.46,3625.57,3802.87,-3488.98
2050-04-18 10:00:00,3787.02,5888.57,4234.28,-6335.84
2050-04-18 11:00:00,3642.96,5476.72,4064.24,-5898.0
2050-04-18 12:00:00,3540.2,4102.18,3791.31,-4353.29
2050-04-18 13:00:00,3503.21,2708.03,3207.41,-2412.23
2050-04-18 14:00:00,3534.78,5640.47,3093.87,-5199.56
2050-04-18 15:00:00,3598.69,7501.07,1833.46,-5735.84
2050-04-18 16:00:00,3791.53,11733.41,1367.67,-9309.54
2050-04-18 17:00:00,4044.54,11107.7,495.97,-7559.14
2050-04-18 18:00:00,4391.12,13668.67,0.0,-9277.55
2050-04-18 19:00:00,4549.15,15084.26,0.0,-10535.11
2050-04-18 20:00:00,4643.53,15198.39,0.0,-10554.86
2050-04-18 21:00:00,4566.3,14789.23,0.0,-10222.93
2050-04-18 22:00:00,4378.32,15142.89,0.0,-10764.57
2050-04-18 23:00:00,4151.04,15166.81,0.0,-11015.77
2050-04-19 00:00:00,3879.61,15182.14,0.0,-11302.53
2050-04-19 01:00:00,3795.81,15225.0,0.0,-11429.19
2050-04-19 02:00:00,3612.76,15045.91,0.0,-11433.15
2050-04-19 03:00:00,3548.79,12599.54,0.0,-9050.75
2050-04-19 04:00:00,3530.74,10371.73,0.0,-6840.98
2050-04-19 05:00:00,3573.6,10116.62,82.54,-6625.55
2050-04-19 06:00:00,3704.53,11614.3,218.93,-8128.7
2050-04-19 07:00:00,3807.86,11599.87,1437.38,-9229.39
2050-04-19 08:00:00,3772.94,11823.63,3034.41,-11085.1
2050-04-19 09:00:00,3721.76,7723.93,3858.03,-7860.2
2050-04-19 10:00:00,3604.47,11675.66,4378.59,-12449.77
2050-04-19 11:00:00,3503.03,10286.68,4622.4,-11406.05
2050-04-19 12:00:00,3485.74,11494.77,3998.08,-12007.1
2050-04-19 13:00:00,3510.78,11321.77,3584.47,-11395.46
2050-04-19 14:00:00,3548.67,12978.46,3731.74,-13161.53
2050-04-19 15:00:00,3632.56,12563.44,2547.14,-11478.03
2050-04-19 16:00:00,3939.96,14296.61,1840.54,-12197.18
2050-04-19 17:00:00,4258.32,14557.81,490.03,-10789.52
2050-04-19 18:00:00,4630.68,15118.53,0.0,-10487.86
2050-04-19 19:00:00,4658.05,15225.0,0.0,-10566.95
2050-04-19 20:00:00,4663.68,15225.0,0.0,-10561.32
2050-04-19 21:00:00,4526.36,14739.16,0.0,-10212.79
2050-04-19 22:00:00,4235.58,14514.49,0.0,-10278.91
2050-04-19 23:00:00,3915.74,14828.48,0.0,-10912.75
2050-04-20 00:00:00,3594.32,15225.0,0.0,-11630.68
2050-04-20 01:00:00,3505.5,15225.0,0.0,-11719.5
2050-04-20 02:00:00,3334.72,15170.86,0.0,-11836.13
2050-04-20 03:00:00,3283.1,15225.0,0.0,-11941.9
2050-04-20 04:00:00,3276.7,15219.58,0.0,-11942.88
2050-04-20 05:00:00,3334.8,14802.77,0.0,-11467.96
2050-04-20 06:00:00,3480.73,15225.0,1453.51,-13197.78
2050-04-20 07:00:00,3588.76,15225.0,2057.91,-13694.16
2050-04-20 08:00:00,3536.39,15090.12,3234.68,-14788.42
2050-04-20 09:00:00,3511.36,14545.63,4087.92,-15122.19
2050-04-20 10:00:00,3414.29,14436.01,4590.61,-15612.33
2050-04-20 11:00:00,3442.14,10477.28,4833.25,-11868.39
2050-04-20 12:00:00,3504.92,13425.07,4793.42,-14713.57
2050-04-20 13:00:00,3557.56,10424.5,4511.57,-11378.51
2050-04-20 14:00:00,3747.06,12040.16,3963.23,-12256.33
2050-04-20 15:00:00,4016.87,8943.73,3105.22,-8032.08
2050-04-20 16:00:00,4365.95,7715.13,1282.48,-4631.65
2050-04-20 17:00:00,4728.42,7448.3,677.75,-3397.63
2050-04-20 18:00:00,5098.04,10143.0,27.57,-5072.54
2050-04-20 19:00:00,5082.33,10568.17,0.0,-5485.85
2050-04-20 20:00:00,4938.39,10421.57,0.0,-5483.19
2050-04-20 21:00:00,4641.21,9788.21,0.0,-5147.0
2050-04-20 22:00:00,4264.94,9374.76,0.0,-5109.83
2050-04-20 23:00:00,3907.52,10817.42,0.0,-6909.9
2050-04-21 00:00:00,3515.0,11204.47,0.0,-7689.47
2050-04-21 01:00:00,3323.32,10318.94,0.0,-6995.62
2050-04-21 02:00:00,3047.88,9055.16,0.0,-6007.28
2050-04-21 03:00:00,2904.74,10034.51,0.0,-7129.77
2050-04-21 04:00:00,2831.45,10008.12,0.0,-7176.67
2050-04-21 05:00:00,2855.21,7911.58,98.98,-5155.35
2050-04-21 06:00:00,2981.9,9638.66,115.4,-6772.16
2050-04-21 07:00:00,3103.04,8512.69,88.02,-5497.68
2050-04-21 08:00:00,3180.07,10735.31,482.0,-8037.25
2050-04-21 09:00:00,3335.5,10749.98,2913.08,-10327.55
2050-04-21 10:00:00,3409.29,11643.18,4438.51,-12672.4
2050-04-21 11:00:00,3505.02,13140.86,4654.87,-14290.72
2050-04-21 12:00:00,3734.72,13130.04,4606.22,-14001.54
2050-04-21 13:00:00,3911.74,11928.29,4311.0,-12327.55
2050-04-21 14:00:00,4085.78,12000.45,3722.23,-11636.9
2050-04-21 15:00:00,4238.16,11809.18,2171.14,-9742.16
2050-04-21 16:00:00,4484.29,9245.75,1755.94,-6517.39
2050-04-21 17:00:00,4740.69,12834.11,310.84,-8404.26
2050-04-21 18:00:00,5008.73,15079.3,11.04,-10081.61
2050-04-21 19:00:00,4946.04,15225.0,0.0,-10278.96
2050-04-21 20:00:00,4803.4,15046.81,0.0,-10243.41
2050-04-21 21:00:00,4576.22,14009.71,0.0,-9433.49
2050-04-21 22:00:00,4253.12,9653.32,0.0,-5400.19
2050-04-21 23:00:00,3902.86,8893.88,0.0,-4991.03
2050-04-22 00:00:00,3512.2,7506.95,0.0,-3994.74
2050-04-22 01:00:00,3322.44,9550.7,0.0,-6228.26
2050-04-22 02:00:00,3049.22,9418.75,0.0,-6369.52
2050-04-22 03:00:00,2909.12,8580.14,0.0,-5671.02
2050-04-22 04:00:00,2830.57,7383.79,0.0,-4553.22
2050-04-22 05:00:00,2835.14,7738.58,49.59,-4953.02
2050-04-22 06:00:00,2934.59,8586.0,739.92,-6391.33
2050-04-22 07:00:00,3077.02,7272.36,1272.31,-5467.65
2050-04-22 08:00:00,3186.74,7923.32,2023.11,-6759.69
2050-04-22 09:00:00,3343.77,8260.52,3045.6,-7962.35
2050-04-22 10:00:00,3403.0,9321.98,3563.37,-9482.34
2050-04-22 11:00:00,3477.1,9556.57,4484.39,-10563.85
2050-04-22 12:00:00,3621.66,10491.94,3853.62,-10723.91
2050-04-22 13:00:00,3852.98,11532.88,4120.7,-11800.6
2050-04-22 14:00:00,4119.96,12170.07,3122.08,-11172.2
2050-04-22 15:00:00,4280.17,11978.8,2366.29,-10064.92
2050-04-22 16:00:00,4596.76,15106.35,1576.65,-12086.23
2050-04-22 17:00:00,4875.2,14467.13,523.07,-10115.0
2050-04-22 18:00:00,5181.92,11019.75,16.55,-5854.38
2050-04-22 19:00:00,5134.85,11939.11,0.0,-6804.26
2050-04-22 20:00:00,4987.64,12415.49,0.0,-7427.85
2050-04-22 21:00:00,4676.83,12170.07,0.0,-7493.24
2050-04-22 22:00:00,4264.96,9999.32,0.0,-5734.37
2050-04-22 23:00:00,3901.82,9052.22,0.0,-5150.4
2050-04-23 00:00:00,3509.82,11527.01,0.0,-8017.19
2050-04-23 01:00:00,3326.39,12292.77,0.0,-8966.38
2050-04-23 02:00:00,3130.74,10972.82,0.0,-7842.08
2050-04-23 03:00:00,3102.35,8439.38,0.0,-5337.04
2050-04-23 04:00:00,3125.77,9448.07,0.0,-6322.3
2050-04-23 05:00:00,3220.77,7759.12,38.58,-4576.93
2050-04-23 06:00:00,3397.9,7474.68,736.16,-4812.94
2050-04-23 07:00:00,3518.64,3895.58,550.85,-927.79
2050-04-23 08:00:00,3515.89,4804.34,1561.72,-2850.17
2050-04-23 09:00:00,3534.25,3674.29,1420.53,-1560.57
2050-04-23 10:00:00,3446.68,1793.17,1337.44,316.07
2050-04-23 11:00:00,3442.73,1865.06,2183.75,-606.08
2050-04-23 12:00:00,3504.34,1408.31,1870.35,225.68
2050-04-23 13:00:00,3533.86,1265.93,2626.07,-358.14
2050-04-23 14:00:00,3639.31,1702.95,925.01,1011.35
2050-04-23 15:00:00,3851.61,2529.37,1057.13,265.1
2050-04-23 16:00:00,4264.62,4365.17,884.69,-985.24
2050-04-23 17:00:00,4548.06,3952.41,246.03,349.63
2050-04-23 18:00:00,4910.99,5888.57,27.57,-1005.16
2050-04-23 19:00:00,4877.35,7462.96,0.0,-2585.61
2050-04-23 20:00:00,4737.34,10574.05,0.0,-5836.71
2050-04-23 21:00:00,4541.49,12278.34,0.0,-7736.85
2050-04-23 22:00:00,4241.69,12899.08,0.0,-8657.39
2050-04-23 23:00:00,3894.94,13075.9,0.0,-9180.95
2050-04-24 00:00:00,3525.84,11751.45,0.0,-8225.6
2050-04-24 01:00:00,3411.87,10395.17,0.0,-6983.3
2050-04-24 02:00:00,3243.18,11921.07,0.0,-8677.88
2050-04-24 03:00:00,3196.29,10316.0,0.0,-7119.72
2050-04-24 04:00:00,3203.06,10843.81,0.0,-7640.74
2050-04-24 05:00:00,3277.48,9263.35,0.0,-5985.87
2050-04-24 06:00:00,3437.56,10028.65,1317.75,-7908.83
2050-04-24 07:00:00,3538.03,10283.76,2015.04,-8760.77
2050-04-24 08:00:00,3497.39,9357.18,3199.68,-9059.47
2050-04-24 09:00:00,3496.95,9163.64,4053.25,-9719.94
2050-04-24 10:00:00,3411.19,9524.3,4604.73,-10717.84
2050-04-24 11:00:00,3444.62,7656.49,4840.45,-9052.32
2050-04-24 12:00:00,3514.74,6668.32,4810.84,-7964.43
2050-04-24 13:00:00,3592.78,7460.02,4538.24,-8405.48
2050-04-24 14:00:00,3843.93,7178.53,3984.44,-7319.04
2050-04-24 15:00:00,4155.84,5863.77,3128.03,-4835.96
2050-04-24 16:00:00,4397.53,7360.33,2019.85,-4982.64
2050-04-24 17:00:00,4679.46,8741.4,669.4,-4731.34
2050-04-24 18:00:00,4961.17,9802.88,60.58,-4902.29
2050-04-24 19:00:00,4897.72,12635.62,0.0,-7737.91
2050-04-24 20:00:00,4769.45,11107.7,0.0,-6338.26
2050-04-24 21:00:00,4558.64,8841.1,0.0,-4282.46
2050-04-24 22:00:00,4250.38,7360.33,0.0,-3109.94
2050-04-24 23:00:00,3901.64,6524.64,0.0,-2623.0
2050-04-25 00:00:00,3512.63,8143.23,0.0,-4630.6
2050-04-25 01:00:00,3323.66,8430.58,0.0,-5106.93
2050-04-25 02:00:00,3051.48,7832.41,0.0,-4780.92
2050-04-25 03:00:00,2905.14,6882.37,0.0,-3977.23
2050-04-25 04:00:00,2811.81,7231.31,0.0,-4419.5
2050-04-25 05:00:00,2794.45,7193.19,116.73,-4515.47
2050-04-25 06:00:00,2876.99,7026.05,1025.91,-5174.98
2050-04-25 07:00:00,3030.93,9407.03,2074.81,-8450.91
2050-04-25 08:00:00,3180.5,9738.37,3223.3,-9781.17
2050-04-25 09:00:00,3366.39,8175.49,4032.22,-8841.32
2050-04-25 10:00:00,3421.9,7524.53,4534.86,-8637.49
2050-04-25 11:00:00,3470.62,5923.32,3336.46,-5789.16
2050-04-25 12:00:00,3520.82,6389.77,3317.76,-6186.7
2050-04-25 13:00:00,3549.78,5461.83,1321.56,-3233.61
2050-04-25 14:00:00,3580.5,4084.81,950.54,-1454.85
2050-04-25 15:00:00,3643.17,3686.47,1418.03,-1461.33
2050-04-25 16:00:00,3842.03,7251.83,262.26,-3672.06
2050-04-25 17:00:00,4107.86,6378.04,332.36,-2602.54
2050-04-25 18:00:00,4459.1,6248.34,27.57,-1816.82
2050-04-25 19:00:00,4686.9,5608.22,0.0,-921.32
2050-04-25 20:00:00,4855.38,5881.13,0.0,-1025.75
2050-04-25 21:00:00,4748.1,7984.89,0.0,-3236.79
2050-04-25 22:00:00,4478.54,8756.06,0.0,-4277.53
2050-04-25 23:00:00,4141.66,11870.54,0.0,-7728.88
2050-04-26 00:00:00,3765.63,13950.17,0.0,-10184.53
2050-04-26 01:00:00,3585.44,10333.6,0.0,-6748.16
2050-04-26 02:00:00,3306.24,11169.29,0.0,-7863.04
2050-04-26 03:00:00,3165.78,13007.34,0.0,-9841.56
2050-04-26 04:00:00,3071.24,11550.48,0.0,-8479.23
2050-04-26 05:00:00,3043.98,10348.27,33.08,-7337.36
2050-04-26 06:00:00,3116.15,11057.86,659.97,-8601.67
2050-04-26 07:00:00,3220.83,10647.34,300.06,-7726.58
2050-04-26 08:00:00,3305.2,10999.21,191.77,-7885.78
2050-04-26 09:00:00,3435.35,13471.08,889.17,-10924.89
2050-04-26 10:00:00,3486.23,12206.17,1434.49,-10154.43
2050-04-26 11:00:00,3512.8,13647.02,1536.81,-11671.03
2050-04-26 12:00:00,3560.82,9257.47,1108.71,-6805.37
2050-04-26 13:00:00,3559.58,6002.72,337.74,-2780.88
2050-04-26 14:00:00,3562.79,5836.47,619.31,-2892.99
2050-04-26 15:00:00,3610.38,7413.11,455.42,-4258.15
2050-04-26 16:00:00,3803.33,5258.38,418.1,-1873.14
2050-04-26 17:00:00,4060.44,9069.82,170.0,-5179.38
2050-04-26 18:00:00,4422.0,10269.1,22.06,-5869.16
2050-04-26 19:00:00,4647.0,6985.0,0.0,-2338.0
2050-04-26 20:00:00,4860.88,7495.21,0.0,-2634.33
2050-04-26 21:00:00,4794.14,5886.09,0.0,-1091.95
2050-04-26 22:00:00,4557.58,7750.32,0.0,-3192.74
2050-04-26 23:00:00,4272.2,8632.91,0.0,-4360.71
2050-04-27 00:00:00,3943.78,8196.01,0.0,-4252.23
2050-04-27 01:00:00,3805.03,8231.2,0.0,-4426.17
2050-04-27 02:00:00,3575.84,7152.14,0.0,-3576.3
2050-04-27 03:00:00,3472.87,6144.14,0.0,-2671.27
2050-04-27 04:00:00,3401.01,6847.18,0.0,-3446.17
2050-04-27 05:00:00,3399.59,6509.98,126.34,-3236.74
2050-04-27 06:00:00,3487.39,7495.21,237.69,-4245.51
2050-04-27 07:00:00,3615.41,7894.0,650.16,-4928.75
2050-04-27 08:00:00,3694.58,6250.82,3148.55,-5704.8
2050-04-27 09:00:00,3712.23,5811.67,3961.6,-6061.04
2050-04-27 10:00:00,3595.14,7855.87,4441.13,-8701.87
2050-04-27 11:00:00,3502.5,6049.85,4668.41,-7215.77
2050-04-27 12:00:00,3502.76,5005.31,587.76,-2090.32
2050-04-27 13:00:00,3527.33,5891.05,2007.99,-4371.71
2050-04-27 14:00:00,3564.36,4295.7,1331.41,-2062.75
2050-04-27 15:00:00,3680.15,3633.71,2946.03,-2899.59
2050-04-27 16:00:00,3930.94,6211.13,1504.84,-3785.02
2050-04-27 17:00:00,4250.48,5092.14,251.44,-1093.1
2050-04-27 18:00:00,4578.22,6914.63,121.42,-2457.84
2050-04-27 19:00:00,4574.16,8703.28,0.0,-4129.12
2050-04-27 20:00:00,4646.8,9952.42,0.0,-5305.62
2050-04-27 21:00:00,4523.55,8591.86,0.0,-4068.31
2050-04-27 22:00:00,4350.16,8014.21,0.0,-3664.06
2050-04-27 23:00:00,4195.76,8401.26,0.0,-4205.51
2050-04-28 00:00:00,3995.8,7111.1,0.0,-3115.29
2050-04-28 01:00:00,3963.07,5972.93,0.0,-2009.87
2050-04-28 02:00:00,3824.08,6486.52,0.0,-2662.44
2050-04-28 03:00:00,3789.51,7841.21,0.0,-4051.7
2050-04-28 04:00:00,3795.4,7430.7,0.0,-3635.29
2050-04-28 05:00:00,3849.7,5809.19,0.0,-1959.49
2050-04-28 06:00:00,3984.51,6844.26,1691.18,-4550.94
2050-04-28 07:00:00,4055.14,6101.95,1688.46,-3735.28
2050-04-28 08:00:00,4033.57,5546.18,3281.48,-4794.1
2050-04-28 09:00:00,3974.06,5121.92,4119.3,-5267.15
2050-04-28 10:00:00,3824.62,3093.72,4633.4,-3902.5
2050-04-28 11:00:00,3700.45,2021.55,4861.89,-3182.99
2050-04-28 12:00:00,3617.18,2813.58,4814.08,-4010.49
2050-04-28 13:00:00,3584.16,2835.92,4558.6,-3810.36
2050-04-28 14:00:00,3585.26,4151.8,4011.42,-4577.96
2050-04-28 15:00:00,3626.81,6841.32,3174.04,-6388.55
2050-04-28 16:00:00,3809.72,13330.34,2058.58,-11579.2
2050-04-28 17:00:00,4051.56,14789.23,1001.0,-11738.67
2050-04-28 18:00:00,4396.88,14798.7,171.15,-10572.97
2050-04-28 19:00:00,4568.82,15022.9,0.0,-10454.09
2050-04-28 20:00:00,4790.45,13376.35,0.0,-8585.9
2050-04-28 21:00:00,4762.22,10911.26,0.0,-6149.03
2050-04-28 22:00:00,4576.66,12819.68,0.0,-8243.01
2050-04-28 23:00:00,4329.77,10403.97,0.0,-6074.21
2050-04-29 00:00:00,4032.79,8023.01,0.0,-3990.22
2050-04-29 01:00:00,3936.31,8333.83,0.0,-4397.52
2050-04-29 02:00:00,3749.9,11592.65,0.0,-7842.75
2050-04-29 03:00:00,3679.3,10911.26,0.0,-7231.96
2050-04-29 04:00:00,3652.17,9914.29,0.0,-6262.12
2050-04-29 05:00:00,3689.05,8181.35,5295.72,-9788.02
2050-04-29 06:00:00,3814.65,10040.39,1662.13,-7887.87
2050-04-29 07:00:00,3867.71,6094.51,2006.39,-4233.19
2050-04-29 08:00:00,3810.15,8536.16,3134.0,-7860.01
2050-04-29 09:00:00,3724.64,10172.32,3943.9,-10391.59
2050-04-29 10:00:00,3579.93,10222.17,4412.13,-11054.38
2050-04-29 11:00:00,3466.67,7518.67,4657.71,-8709.71
2050-04-29 12:00:00,3485.18,8369.02,4636.79,-9520.63
2050-04-29 13:00:00,3523.06,8495.09,4347.85,-9319.89
2050-04-29 14:00:00,3572.21,8715.02,3791.84,-8934.65
2050-04-29 15:00:00,3806.45,11982.41,2979.47,-11155.43
2050-04-29 16:00:00,4163.58,14514.49,1929.22,-12280.14
2050-04-29 17:00:00,4496.18,14893.43,943.01,-11340.27
2050-04-29 18:00:00,4863.16,15192.07,148.77,-10477.68
2050-04-29 19:00:00,4851.76,15095.53,0.0,-10243.76
2050-04-29 20:00:00,4758.07,15225.0,0.0,-10466.93
2050-04-29 21:00:00,4551.5,13939.34,0.0,-9387.84
2050-04-29 22:00:00,4242.88,10412.77,0.0,-6169.9
2050-04-29 23:00:00,3894.84,10134.22,0.0,-6239.38
2050-04-30 00:00:00,3515.06,11568.06,0.0,-8053.0
2050-04-30 01:00:00,3367.48,11016.81,0.0,-7649.33
2050-04-30 02:00:00,3169.94,10922.98,0.0,-7753.03
2050-04-30 03:00:00,3111.63,11239.66,0.0,-8128.03
2050-04-30 04:00:00,3083.22,9832.2,0.0,-6748.97
2050-04-30 05:00:00,3136.47,9339.58,3537.92,-9741.02
2050-04-30 06:00:00,3284.82,9512.58,1666.71,-7894.47
2050-04-30 07:00:00,3361.49,12025.73,2042.35,-10706.59
2050-04-30 08:00:00,3340.46,11700.91,2511.5,-10871.96
2050-04-30 09:00:00,3374.25,10981.63,3451.21,-11058.58
2050-04-30 10:00:00,3397.27,10708.93,3603.63,-10915.29
2050-04-30 11:00:00,3469.6,11178.09,3797.54,-11506.03
2050-04-30 12:00:00,3636.84,11186.87,3746.64,-11296.68
2050-04-30 13:00:00,3880.29,10723.59,3320.58,-10163.89
2050-04-30 14:00:00,4094.17,12653.66,2946.95,-11506.45
2050-04-30 15:00:00,4397.65,13065.07,2493.03,-11160.46
2050-04-30 16:00:00,4787.28,12101.5,1480.84,-8795.06
2050-04-30 17:00:00,5159.84,15225.0,806.27,-10871.43
2050-04-30 18:00:00,5535.68,15045.45,82.54,-9592.31
2050-04-30 19:00:00,5477.58,15104.1,0.0,-9626.52
2050-04-30 20:00:00,5320.97,15074.77,0.0,-9753.8
2050-04-30 21:00:00,5028.21,15225.0,0.0,-10196.79
2050-04-30 22:00:00,4609.8,15225.0,0.0,-10615.2
2050-04-30 23:00:00,4161.73,9553.63,0.0,-5391.9
2050-05-01 00:00:00,3674.4,11222.06,0.0,-7547.65
2050-05-01 01:00:00,3414.69,9764.75,0.0,-6350.06
2050-05-01 02:00:00,3094.16,11635.97,0.0,-8541.8
2050-05-01 03:00:00,2911.51,10676.67,0.0,-7765.16
2050-05-01 04:00:00,2791.56,8888.02,0.0,-6096.47
2050-05-01 05:00:00,2749.14,6982.08,383.95,-4616.89
2050-05-01 06:00:00,2804.02,6641.94,1460.0,-5297.92
2050-05-01 07:00:00,2934.75,7201.99,2062.59,-6329.83
2050-05-01 08:00:00,3121.96,6873.59,2954.85,-6706.47
2050-05-01 09:00:00,3506.54,4791.93,3646.61,-4932.0
2050-05-01 10:00:00,3879.15,5608.22,3853.6,-5582.67
2050-05-01 11:00:00,4262.76,5181.46,3888.63,-4807.33
2050-05-01 12:00:00,4585.85,3942.25,3828.88,-3185.28
2050-05-01 13:00:00,4769.75,3507.84,3540.07,-2278.16
2050-05-01 14:00:00,4939.72,4315.56,3806.8,-3182.63
2050-05-01 15:00:00,5121.69,5734.76,2979.02,-3592.09
2050-05-01 16:00:00,5382.95,6882.37,976.02,-2475.44
2050-05-01 17:00:00,5626.58,6606.75,650.89,-1631.06
2050-05-01 18:00:00,5910.91,8987.71,77.05,-3153.86
2050-05-01 19:00:00,5830.86,9061.02,0.0,-3230.16
2050-05-01 20:00:00,5662.74,8459.91,0.0,-2797.17
2050-05-01 21:00:00,5376.37,11093.04,0.0,-5716.67
2050-05-01 22:00:00,4964.45,11016.81,0.0,-6052.36
2050-05-01 23:00:00,4516.73,10600.44,0.0,-6083.7
2050-05-02 00:00:00,4049.71,10782.24,0.0,-6732.52
2050-05-02 01:00:00,3798.64,13166.12,0.0,-9367.49
2050-05-02 02:00:00,3467.69,12765.54,0.0,-9297.84
2050-05-02 03:00:00,3255.97,11046.13,0.0,-7790.16
2050-05-02 04:00:00,3108.02,10571.11,0.0,-7463.09
2050-05-02 05:00:00,3028.67,12870.19,77.05,-9918.58
2050-05-02 06:00:00,3048.61,11776.7,589.91,-9318.0
2050-05-02 07:00:00,3271.39,10192.85,434.1,-7355.56
2050-05-02 08:00:00,3680.44,7301.68,904.54,-4525.78
2050-05-02 09:00:00,4222.56,7243.03,3198.02,-6218.5
2050-05-02 10:00:00,4523.55,6580.35,3447.21,-5504.01
2050-05-02 11:00:00,4810.61,7028.99,4675.52,-6893.9
2050-05-02 12:00:00,5037.55,5253.42,3383.87,-3599.73
2050-05-02 13:00:00,5204.45,5285.66,4439.28,-4520.49
2050-05-02 14:00:00,5360.65,5449.42,3904.96,-3993.73
2050-05-02 15:00:00,5511.79,8096.32,3092.66,-5677.19
2050-05-02 16:00:00,5707.8,8594.8,2023.79,-4910.8
2050-05-02 17:00:00,5744.13,11330.55,1071.67,-6658.09
2050-05-02 18:00:00,5970.2,11093.04,241.63,-5364.47
2050-05-02 19:00:00,5859.52,10896.59,0.0,-5037.07
2050-05-02 20:00:00,5755.45,12253.08,0.0,-6497.63
2050-05-02 21:00:00,5482.39,12278.34,0.0,-6795.94
2050-05-02 22:00:00,5072.13,11362.81,0.0,-6290.68
2050-05-02 23:00:00,4633.4,7899.86,0.0,-3266.45
2050-05-03 00:00:00,4164.89,8621.19,0.0,-4456.29
2050-05-03 01:00:00,3910.49,9521.38,0.0,-5610.89
2050-05-03 02:00:00,3586.2,7166.8,0.0,-3580.6
2050-05-03 03:00:00,3384.79,9201.76,0.0,-5816.97
2050-05-03 04:00:00,3239.3,9820.46,0.0,-6581.16
2050-05-03 05:00:00,3174.05,9424.61,294.67,-6545.22
2050-05-03 06:00:00,3198.24,10403.97,1836.76,-9042.5
2050-05-03 07:00:00,3374.57,10160.6,2177.32,-8963.35
2050-05-03 08:00:00,3659.01,6976.2,3223.35,-6540.54
2050-05-03 09:00:00,4021.29,4804.34,4050.16,-4833.21
2050-05-03 10:00:00,4121.57,6188.8,4567.1,-6634.32
2050-05-03 11:00:00,4223.18,5295.59,4802.63,-5875.04
2050-05-03 12:00:00,4451.42,6908.77,4782.08,-7239.43
2050-05-03 13:00:00,4590.75,6809.08,4515.71,-6734.03
2050-05-03 14:00:00,4719.47,9562.43,3968.03,-8810.99
2050-05-03 15:00:00,4781.44,8404.2,3118.76,-6741.53
2050-05-03 16:00:00,5159.6,7099.36,2031.73,-3971.48
2050-05-03 17:00:00,5374.93,8418.86,1087.53,-4131.46
2050-05-03 18:00:00,5699.63,8741.4,246.79,-3288.56
2050-05-03 19:00:00,5644.97,9890.83,0.0,-4245.86
2050-05-03 20:00:00,5577.69,9855.64,0.0,-4277.95
2050-05-03 21:00:00,5302.37,9081.55,0.0,-3779.17
2050-05-03 22:00:00,4877.15,8521.49,0.0,-3644.34
2050-05-03 23:00:00,4416.4,7838.29,0.0,-3421.88
2050-05-04 00:00:00,3879.57,6897.03,0.0,-3017.46
2050-05-04 01:00:00,3595.21,5767.0,0.0,-2171.79
2050-05-04 02:00:00,3229.69,6238.41,0.0,-3008.72
2050-05-04 03:00:00,2999.35,7210.79,0.0,-4211.44
2050-05-04 04:00:00,2838.6,5461.83,0.0,-2623.24
2050-05-04 05:00:00,2782.08,2196.34,2048.58,-1462.83
2050-05-04 06:00:00,2820.95,2811.56,1740.67,-1731.28
2050-05-04 07:00:00,2963.82,4288.26,2129.92,-3454.36
2050-05-04 08:00:00,3263.09,4099.7,3121.21,-3957.81
2050-05-04 09:00:00,3836.39,3538.29,3923.74,-3625.65
2050-05-04 10:00:00,4208.17,4231.19,4387.24,-4410.27
2050-05-04 11:00:00,4551.38,1474.57,4615.33,-1538.52
2050-05-04 12:00:00,4812.35,2758.77,4601.78,-2548.2
2050-05-04 13:00:00,4960.25,3379.95,4331.72,-2751.42
2050-05-04 14:00:00,5113.11,5461.83,3787.61,-4136.34
2050-05-04 15:00:00,5266.22,6542.24,2258.87,-3534.9
2050-05-04 16:00:00,5489.43,8926.13,1703.8,-5140.5
2050-05-04 17:00:00,5532.79,11406.8,764.92,-6638.93
2050-05-04 18:00:00,5783.95,11480.11,93.5,-5789.66
2050-05-04 19:00:00,5693.71,12696.98,0.0,-7003.27
2050-05-04 20:00:00,5554.37,14050.3,0.0,-8495.93
2050-05-04 21:00:00,5225.21,14495.56,0.0,-9270.34
2050-05-04 22:00:00,4748.72,14419.76,0.0,-9671.04
2050-05-04 23:00:00,4213.98,14865.02,0.0,-10651.04
2050-05-05 00:00:00,3672.48,13144.47,0.0,-9471.99
2050-05-05 01:00:00,3386.18,12613.97,0.0,-9227.8
2050-05-05 02:00:00,3065.21,11339.35,0.0,-8274.14
2050-05-05 03:00:00,2894.15,13262.66,0.0,-10368.51
2050-05-05 04:00:00,2783.94,11610.69,0.0,-8826.76
2050-05-05 05:00:00,2743.29,10579.91,109.93,-7946.55
2050-05-05 06:00:00,2816.99,10896.59,819.33,-8898.93
2050-05-05 07:00:00,2939.75,8386.6,1574.02,-7020.87
2050-05-05 08:00:00,3104.25,6902.91,2589.62,-6388.28
2050-05-05 09:00:00,3395.39,7210.79,3075.65,-6891.05
2050-05-05 10:00:00,3591.0,9169.52,4215.44,-9793.95
2050-05-05 11:00:00,3933.21,8932.01,3952.44,-8951.23
2050-05-05 12:00:00,4270.05,7416.04,4412.88,-7558.86
2050-05-05 13:00:00,4485.39,6129.25,3924.26,-5568.12
2050-05-05 14:00:00,4694.7,5129.36,801.64,-1236.3
2050-05-05 15:00:00,4875.25,4102.18,2293.61,-1520.55
2050-05-05 16:00:00,5130.77,3999.11,428.77,702.89
2050-05-05 17:00:00,5382.48,5791.82,240.61,-649.95
2050-05-05 18:00:00,5676.8,11251.38,142.73,-5717.31
2050-05-05 19:00:00,5600.92,10345.33,0.0,-4744.41
2050-05-05 20:00:00,5434.13,11087.18,0.0,-5653.05
2050-05-05 21:00:00,5125.5,12736.67,0.0,-7611.17
2050-05-05 22:00:00,4687.54,12108.73,0.0,-7421.19
2050-05-05 23:00:00,4225.19,13582.06,0.0,-9356.86
2050-05-06 00:00:00,3735.56,13289.74,0.0,-9554.17
2050-05-06 01:00:00,3461.78,12664.49,0.0,-9202.71
2050-05-06 02:00:00,3127.21,11581.82,0.0,-8454.61
2050-05-06 03:00:00,2941.64,9377.7,0.0,-6436.06
2050-05-06 04:00:00,2823.54,10559.39,0.0,-7735.86
2050-05-06 05:00:00,2772.67,9694.38,1488.15,-8409.86
2050-05-06 06:00:00,2829.69,9541.9,1643.97,-8356.19
2050-05-06 07:00:00,2999.21,9008.24,2028.3,-8037.32
2050-05-06 08:00:00,3317.73,8820.57,2922.12,-8424.96
2050-05-06 09:00:00,3777.07,9383.56,3696.96,-9303.45
2050-05-06 10:00:00,3965.95,11195.67,4112.82,-11342.54
2050-05-06 11:00:00,4152.5,10286.68,4307.61,-10441.79
2050-05-06 12:00:00,4415.99,10623.9,4247.65,-10455.55
2050-05-06 13:00:00,4646.09,9914.29,3441.32,-8709.52
2050-05-06 14:00:00,4903.68,9351.3,3426.29,-7873.91
2050-05-06 15:00:00,5120.6,9741.29,1857.45,-6478.15
2050-05-06 16:00:00,5460.98,9524.3,1215.93,-5279.26
2050-05-06 17:00:00,5785.0,7791.36,936.48,-2942.84
2050-05-06 18:00:00,6147.89,9025.84,120.87,-2998.82
2050-05-06 19:00:00,6131.22,10662.01,0.0,-4530.79
2050-05-06 20:00:00,5935.02,9354.24,0.0,-3419.22
2050-05-06 21:00:00,5544.57,7319.28,0.0,-1774.71
2050-05-06 22:00:00,4974.59,5935.73,0.0,-961.13
2050-05-06 23:00:00,4351.94,5074.78,0.0,-722.84
2050-05-07 00:00:00,3739.68,4834.1,0.0,-1094.42
2050-05-07 01:00:00,3386.28,5556.1,0.0,-2169.83
2050-05-07 02:00:00,3058.3,5655.36,0.0,-2597.05
2050-05-07 03:00:00,2890.13,5469.28,0.0,-2579.15
2050-05-07 04:00:00,2782.24,5863.77,0.0,-3081.53
2050-05-07 05:00:00,2745.45,6938.09,1436.89,-5629.53
2050-05-07 06:00:00,2863.69,7589.04,1641.14,-6366.48
2050-05-07 07:00:00,2981.96,5776.93,2073.38,-4868.35
2050-05-07 08:00:00,3111.93,5682.64,2950.3,-5521.01
2050-05-07 09:00:00,3338.38,5293.11,2911.99,-4866.72
2050-05-07 10:00:00,3440.94,4950.71,4124.67,-5634.44
2050-05-07 11:00:00,3550.34,4077.36,4347.81,-4874.83
2050-05-07 12:00:00,3753.87,3568.74,4337.65,-4152.51
2050-05-07 13:00:00,4006.54,2894.77,4114.28,-3002.51
2050-05-07 14:00:00,4204.46,3002.37,3592.87,-2390.78
2050-05-07 15:00:00,4460.46,5692.57,2817.67,-4049.78
2050-05-07 16:00:00,4780.96,7970.23,1833.58,-5022.85
2050-05-07 17:00:00,5060.55,13308.67,995.32,-9243.44
2050-05-07 18:00:00,5358.48,15072.08,207.91,-9921.51
2050-05-07 19:00:00,5251.42,14829.82,0.0,-9578.4
2050-05-07 20:00:00,5090.42,14778.41,0.0,-9687.99
2050-05-07 21:00:00,4779.1,13793.18,0.0,-9014.08
2050-05-07 22:00:00,4350.32,10022.78,0.0,-5672.46
2050-05-07 23:00:00,3937.65,11342.29,0.0,-7404.64
2050-05-08 00:00:00,3531.34,10752.92,0.0,-7221.57
2050-05-08 01:00:00,3333.29,8055.26,0.0,-4721.97
2050-05-08 02:00:00,3053.23,5312.96,0.0,-2259.73
2050-05-08 03:00:00,2898.77,4600.89,0.0,-1702.12
2050-05-08 04:00:00,2792.16,4166.69,0.0,-1374.53
2050-05-08 05:00:00,2749.57,4858.92,1536.96,-3646.31
2050-05-08 06:00:00,2814.99,4422.24,1708.03,-3315.28
2050-05-08 07:00:00,2950.19,6319.4,2115.41,-5484.62
2050-05-08 08:00:00,3135.8,5047.48,2990.45,-4902.13
2050-05-08 09:00:00,3472.68,4069.93,3758.64,-4355.89
2050-05-08 10:00:00,3694.54,4531.42,4155.09,-4991.96
2050-05-08 11:00:00,3880.23,4985.46,4373.76,-5478.98
2050-05-08 12:00:00,4046.27,4868.85,3682.48,-4505.06
2050-05-08 13:00:00,4119.0,5851.36,4039.47,-5771.83
2050-05-08 14:00:00,4259.05,7861.73,2176.96,-5779.64
2050-05-08 15:00:00,4549.6,7011.4,2740.64,-5202.45
2050-05-08 16:00:00,4920.05,7146.28,1783.19,-4009.43
2050-05-08 17:00:00,5268.25,9330.78,956.62,-5019.15
2050-05-08 18:00:00,5590.79,8709.16,142.73,-3261.1
2050-05-08 19:00:00,5551.9,6800.28,0.0,-1248.38
2050-05-08 20:00:00,5336.9,5977.9,0.0,-641.0
2050-05-08 21:00:00,4879.19,6278.12,0.0,-1398.93
2050-05-08 22:00:00,4299.8,6218.56,0.0,-1918.76
2050-05-08 23:00:00,3895.86,7776.7,0.0,-3880.84
2050-05-09 00:00:00,3502.1,9377.7,0.0,-5875.6
2050-05-09 01:00:00,3329.34,9316.12,0.0,-5986.78
2050-05-09 02:00:00,3205.97,10301.34,0.0,-7095.37
2050-05-09 03:00:00,3213.98,9738.37,0.0,-6524.39
2050-05-09 04:00:00,3268.52,10547.65,0.0,-7279.13
2050-05-09 05:00:00,3382.9,11468.37,1185.55,-9271.02
2050-05-09 06:00:00,3575.31,12411.88,1651.8,-10488.37
2050-05-09 07:00:00,3659.03,12606.76,2135.92,-11083.64
2050-05-09 08:00:00,3689.17,11899.4,3000.75,-11210.98
2050-05-09 09:00:00,3719.9,10940.58,3785.24,-11005.92
2050-05-09 10:00:00,3653.38,10436.24,4275.49,-11058.34
2050-05-09 11:00:00,3580.94,8099.24,4494.62,-9012.93
2050-05-09 12:00:00,3539.06,9893.77,4453.8,-10808.51
2050-05-09 13:00:00,3520.36,10351.19,4128.6,-10959.43
2050-05-09 14:00:00,3532.75,10846.75,3586.93,-10900.93
2050-05-09 15:00:00,3594.65,9492.06,2810.6,-8708.01
2050-05-09 16:00:00,3788.72,7445.36,1864.46,-5521.1
2050-05-09 17:00:00,4040.14,8536.16,1058.47,-5554.48
2050-05-09 18:00:00,4386.0,6955.68,256.12,-2825.8
2050-05-09 19:00:00,4498.98,7134.54,0.0,-2635.56
2050-05-09 20:00:00,4652.55,7225.45,0.0,-2572.9
2050-05-09 21:00:00,4645.01,9301.45,0.0,-4656.44
2050-05-09 22:00:00,4512.6,8773.67,0.0,-4261.06
2050-05-09 23:00:00,4307.39,7606.64,0.0,-3299.24
2050-05-10 00:00:00,4051.9,8550.82,0.0,-4498.91
2050-05-10 01:00:00,3980.59,9181.24,0.0,-5200.65
2050-05-10 02:00:00,3808.05,7166.8,0.0,-3358.75
2050-05-10 03:00:00,3742.06,5451.91,0.0,-1709.84
2050-05-10 04:00:00,3729.88,7521.61,0.0,-3791.72
2050-05-10 05:00:00,3784.4,7984.89,115.4,-4315.89
2050-05-10 06:00:00,3929.88,7002.6,82.54,-3155.26
2050-05-10 07:00:00,3954.97,5265.83,811.38,-2122.23
2050-05-10 08:00:00,3938.76,4915.99,1399.91,-2377.14
2050-05-10 09:00:00,3911.06,4216.3,1695.84,-2001.08
2050-05-10 10:00:00,3783.73,4620.73,1592.42,-2429.42
2050-05-10 11:00:00,3662.71,4640.58,1727.95,-2705.82
2050-05-10 12:00:00,3572.75,5945.65,1370.71,-3743.61
2050-05-10 13:00:00,3516.67,7377.93,848.06,-4709.32
2050-05-10 14:00:00,3535.36,8556.68,1277.76,-6299.07
2050-05-10 15:00:00,3604.99,9069.82,661.24,-6126.07
2050-05-10 16:00:00,3803.94,12162.86,692.59,-9051.51
2050-05-10 17:00:00,4092.61,14372.4,651.13,-10930.91
2050-05-10 18:00:00,4466.57,14999.0,22.06,-10554.49
2050-05-10 19:00:00,4519.11,15225.0,0.0,-10705.89
2050-05-10 20:00:00,4628.04,15150.11,0.0,-10522.06
2050-05-10 21:00:00,4508.63,15057.63,0.0,-10549.0
2050-05-10 22:00:00,4264.37,14883.96,0.0,-10619.59
2050-05-10 23:00:00,4051.32,14963.8,0.0,-10912.48
2050-05-11 00:00:00,3815.38,11491.83,0.0,-7676.45
2050-05-11 01:00:00,3778.56,11565.14,0.0,-7786.58
2050-05-11 02:00:00,3641.24,7512.81,0.0,-3871.56
2050-05-11 03:00:00,3608.46,9242.81,0.0,-5634.35
2050-05-11 04:00:00,3611.36,10638.56,0.0,-7027.2
2050-05-11 05:00:00,3662.89,10471.42,1410.78,-8219.32
2050-05-11 06:00:00,3800.84,12422.7,962.86,-9584.73
2050-05-11 07:00:00,3797.78,8685.7,2271.76,-7159.67
2050-05-11 08:00:00,3745.56,5925.8,3111.98,-5292.21
2050-05-11 09:00:00,3716.84,4660.43,3921.91,-4865.5
2050-05-11 10:00:00,3617.97,5444.46,4443.26,-6269.74
2050-05-11 11:00:00,3525.69,3911.8,4687.35,-5073.46
2050-05-11 12:00:00,3483.23,2003.21,4676.56,-3196.54
2050-05-11 13:00:00,3502.35,1733.96,4415.51,-2647.12
2050-05-11 14:00:00,3543.6,3930.07,3880.81,-4267.28
2050-05-11 15:00:00,3608.22,6489.46,3065.76,-5947.0
2050-05-11 16:00:00,3801.69,7281.16,2010.14,-5489.61
2050-05-11 17:00:00,4053.43,8987.71,1192.17,-6126.45
2050-05-11 18:00:00,4388.4,4293.22,341.04,-245.87
2050-05-11 19:00:00,4504.24,5149.2,0.0,-644.96
2050-05-11 20:00:00,4620.68,7609.56,0.0,-2988.89
2050-05-11 21:00:00,4508.15,7800.16,0.0,-3292.01
2050-05-11 22:00:00,4223.78,8808.85,0.0,-4585.07
2050-05-11 23:00:00,3900.61,8327.97,0.0,-4427.35
2050-05-12 00:00:00,3565.25,7257.7,0.0,-3692.44
2050-05-12 01:00:00,3440.68,6694.72,0.0,-3254.04
2050-05-12 02:00:00,3234.13,6911.69,0.0,-3677.56
2050-05-12 03:00:00,3159.86,7099.36,0.0,-3939.5
2050-05-12 04:00:00,3136.02,8122.7,0.0,-4986.68
2050-05-12 05:00:00,3152.35,9169.52,120.87,-6138.04
2050-05-12 06:00:00,3269.98,6054.82,55.08,-2839.92
2050-05-12 07:00:00,3409.08,8369.02,170.0,-5129.93
2050-05-12 08:00:00,3507.91,11204.47,873.7,-8570.27
2050-05-12 09:00:00,3639.62,11213.27,2984.49,-10558.15
2050-05-12 10:00:00,3673.0,12325.26,1521.97,-10174.23
2050-05-12 11:00:00,3690.49,10453.82,2153.23,-8916.56
2050-05-12 12:00:00,3685.7,9289.73,3610.19,-9214.22
2050-05-12 13:00:00,3621.79,6782.68,3507.75,-6668.63
2050-05-12 14:00:00,3591.04,5469.28,3037.01,-4915.25
2050-05-12 15:00:00,3630.4,7275.3,2404.22,-6049.12
2050-05-12 16:00:00,3849.97,9797.0,1539.35,-7486.38
2050-05-12 17:00:00,4138.13,12494.87,658.07,-9014.81
2050-05-12 18:00:00,4490.48,13158.91,44.09,-8712.51
2050-05-12 19:00:00,4546.23,12321.65,0.0,-7775.42
2050-05-12 20:00:00,4662.04,11541.68,0.0,-6879.64
2050-05-12 21:00:00,4566.05,9958.28,0.0,-5392.22
2050-05-12 22:00:00,4306.2,11116.5,0.0,-6810.3
2050-05-12 23:00:00,4011.12,12292.77,0.0,-8281.65
2050-05-13 00:00:00,3690.52,10638.56,0.0,-6948.04
2050-05-13 01:00:00,3575.42,11888.58,0.0,-8313.16
2050-05-13 02:00:00,3359.08,11266.04,0.0,-7906.96
2050-05-13 03:00:00,3252.65,10307.22,0.0,-7054.57
2050-05-13 04:00:00,3184.94,9515.52,0.0,-6330.57
2050-05-13 05:00:00,3175.64,8415.92,115.4,-5355.69
2050-05-13 06:00:00,3303.51,5779.41,1101.73,-3577.63
2050-05-13 07:00:00,3326.64,6012.64,1733.74,-4419.74
2050-05-13 08:00:00,3322.58,6228.49,2259.96,-5165.87
2050-05-13 09:00:00,3382.15,7917.46,2384.05,-6919.36
2050-05-13 10:00:00,3389.39,6715.25,2372.19,-5698.05
2050-05-13 11:00:00,3445.88,7093.49,2895.73,-6543.34
2050-05-13 12:00:00,3510.42,7251.83,2408.86,-6150.27
2050-05-13 13:00:00,3628.95,5742.2,3911.78,-6025.03
2050-05-13 14:00:00,3871.01,5474.24,2875.14,-4478.37
2050-05-13 15:00:00,4111.94,9996.4,2313.26,-8197.73
2050-05-13 16:00:00,4417.89,12534.58,1771.95,-9888.64
2050-05-13 17:00:00,4689.58,10805.68,975.42,-7091.52
2050-05-13 18:00:00,5020.4,10512.47,201.77,-5693.84
2050-05-13 19:00:00,4979.46,8398.34,0.0,-3418.87
2050-05-13 20:00:00,4853.42,9582.95,0.0,-4729.53
2050-05-13 21:00:00,4598.99,10664.95,0.0,-6065.95
2050-05-13 22:00:00,4252.55,7354.47,0.0,-3101.91
2050-05-13 23:00:00,3900.57,6507.06,0.0,-2606.48
2050-05-14 00:00:00,3508.99,6079.63,0.0,-2570.64
2050-05-14 01:00:00,3317.31,6712.31,0.0,-3395.0
2050-05-14 02:00:00,3041.44,7134.54,0.0,-4093.1
2050-05-14 03:00:00,2887.07,6069.71,0.0,-3182.63
2050-05-14 04:00:00,2784.34,5513.93,0.0,-2729.6
2050-05-14 05:00:00,2742.99,3932.12,404.72,-1593.84
2050-05-14 06:00:00,2816.42,3296.71,2013.86,-2494.15
2050-05-14 07:00:00,2952.2,1801.62,2412.67,-1262.09
2050-05-14 08:00:00,3109.4,1105.23,3213.34,-1209.17
2050-05-14 09:00:00,3333.28,940.07,4024.39,-1631.18
2050-05-14 10:00:00,3404.72,544.89,4540.23,-1680.4
2050-05-14 11:00:00,3481.72,206.83,4757.63,-1482.74
2050-05-14 12:00:00,3651.61,510.89,4722.45,-1581.72
2050-05-14 13:00:00,3890.18,1289.89,4450.81,-1850.52
2050-05-14 14:00:00,4176.74,1566.2,3894.63,-1284.08
2050-05-14 15:00:00,4472.51,1932.72,3066.99,-527.21
2050-05-14 16:00:00,4860.59,3319.05,2007.04,-465.5
2050-05-14 17:00:00,5197.48,5104.55,1240.14,-1147.2
2050-05-14 18:00:00,5422.84,7448.3,376.94,-2402.4
2050-05-14 19:00:00,5393.49,7474.68,0.0,-2081.19
2050-05-14 20:00:00,5357.02,6879.45,0.0,-1522.43
2050-05-14 21:00:00,5123.17,8108.04,0.0,-2984.87
2050-05-14 22:00:00,4699.4,8823.51,0.0,-4124.11
2050-05-14 23:00:00,4249.94,7486.42,0.0,-3236.48
2050-05-15 00:00:00,3777.76,7635.96,0.0,-3858.2
2050-05-15 01:00:00,3489.79,7882.27,0.0,-4392.48
2050-05-15 02:00:00,3156.53,8767.79,0.0,-5611.25
2050-05-15 03:00:00,2959.33,11142.89,0.0,-8183.56
2050-05-15 04:00:00,2808.14,10556.45,0.0,-7748.32
2050-05-15 05:00:00,2745.71,10445.02,1807.83,-9507.14
2050-05-15 06:00:00,2806.23,8562.54,2023.14,-7779.45
2050-05-15 07:00:00,2939.21,7439.5,2405.1,-6905.39
2050-05-15 08:00:00,3134.85,5213.71,3158.08,-5236.94
2050-05-15 09:00:00,3479.7,4437.13,3955.43,-4912.86
2050-05-15 10:00:00,3696.16,4695.16,4446.81,-5445.81
2050-05-15 11:00:00,3945.8,7331.0,4668.56,-8053.76
2050-05-15 12:00:00,4168.27,6700.58,2309.68,-4841.99
2050-05-15 13:00:00,4325.82,9726.63,1869.99,-7270.8
2050-05-15 14:00:00,4516.36,11266.04,3821.63,-10571.31
2050-05-15 15:00:00,4736.58,15037.34,3024.88,-13325.64
2050-05-15 16:00:00,5054.43,15225.0,2007.69,-12178.26
2050-05-15 17:00:00,5376.57,15225.0,1246.75,-11095.18
2050-05-15 18:00:00,5745.19,15225.0,392.3,-9872.11
2050-05-15 19:00:00,5722.3,15142.89,0.0,-9420.59
2050-05-15 20:00:00,5552.93,15225.0,0.0,-9672.07
2050-05-15 21:00:00,5205.64,15225.0,0.0,-10019.36
2050-05-15 22:00:00,4702.19,15225.0,0.0,-10522.81
2050-05-15 23:00:00,4169.48,14913.74,0.0,-10744.26
2050-05-16 00:00:00,3621.54,14228.95,0.0,-10607.41
2050-05-16 01:00:00,3352.77,14177.52,0.0,-10824.75
2050-05-16 02:00:00,3053.99,15057.63,0.0,-12003.64
2050-05-16 03:00:00,2891.59,14088.19,0.0,-11196.6
2050-05-16 04:00:00,2783.84,11239.66,0.0,-8455.82
2050-05-16 05:00:00,2734.54,11755.06,1746.34,-10766.86
2050-05-16 06:00:00,2806.32,11222.06,2043.87,-10459.61
2050-05-16 07:00:00,2933.08,8987.71,2417.64,-8472.27
2050-05-16 08:00:00,3104.82,8064.06,3163.86,-8123.1
2050-05-16 09:00:00,3384.41,7594.9,3959.95,-8170.44
2050-05-16 10:00:00,3541.07,7207.85,4450.57,-8117.35
2050-05-16 11:00:00,3805.14,8735.54,4664.92,-9595.32
2050-05-16 12:00:00,4058.48,8483.37,4645.41,-9070.3
2050-05-16 13:00:00,4216.96,9084.47,4395.08,-9262.59
2050-05-16 14:00:00,4423.33,9049.28,3384.94,-8010.89
2050-05-16 15:00:00,4650.59,10503.67,3029.87,-8882.95
2050-05-16 16:00:00,4984.49,14546.99,1983.03,-11545.52
2050-05-16 17:00:00,5321.54,14710.73,1202.01,-10591.2
2050-05-16 18:00:00,5703.98,14791.94,235.2,-9323.16
2050-05-16 19:00:00,5703.66,15131.17,0.0,-9427.5
2050-05-16 20:00:00,5549.98,9448.07,0.0,-3898.09
2050-05-16 21:00:00,5224.86,11028.53,0.0,-5803.67
2050-05-16 22:00:00,4742.77,14302.03,0.0,-9559.26
2050-05-16 23:00:00,4233.48,13389.89,0.0,-9156.4
2050-05-17 00:00:00,3674.22,11172.21,0.0,-7497.99
2050-05-17 01:00:00,3363.54,9952.42,0.0,-6588.88
2050-05-17 02:00:00,3056.23,9858.58,0.0,-6802.35
2050-05-17 03:00:00,2891.46,8629.99,0.0,-5738.53
2050-05-17 04:00:00,2783.52,10700.13,0.0,-7916.62
2050-05-17 05:00:00,2737.38,9550.7,27.57,-6840.9
2050-05-17 06:00:00,2825.17,6911.69,747.26,-4833.78
2050-05-17 07:00:00,2947.44,5843.92,1291.09,-4187.56
2050-05-17 08:00:00,3101.92,5891.05,2484.89,-5274.02
2050-05-17 09:00:00,3355.99,7199.05,2487.3,-6330.36
2050-05-17 10:00:00,3474.69,6049.85,4297.1,-6872.26
2050-05-17 11:00:00,3612.4,5685.12,4522.97,-6595.69
2050-05-17 12:00:00,3918.99,6794.42,4496.85,-7372.27
2050-05-17 13:00:00,4067.22,7052.45,4213.75,-7198.98
2050-05-17 14:00:00,4267.42,7416.04,3685.34,-6833.96
2050-05-17 15:00:00,4452.48,6507.06,2912.27,-4966.86
2050-05-17 16:00:00,4658.8,6914.63,1947.02,-4202.85
2050-05-17 17:00:00,4900.02,10066.77,1220.1,-6386.85
2050-05-17 18:00:00,5199.72,7932.12,386.47,-3118.87
2050-05-17 19:00:00,5119.18,8800.05,0.0,-3680.87
2050-05-17 20:00:00,5038.86,8782.45,0.0,-3743.58
2050-05-17 21:00:00,4789.91,10395.17,0.0,-5605.26
2050-05-17 22:00:00,4372.82,8580.14,0.0,-4207.32
2050-05-17 23:00:00,3946.49,7697.53,0.0,-3751.04
2050-05-18 00:00:00,3531.64,9662.12,0.0,-6130.48
2050-05-18 01:00:00,3332.21,7597.84,0.0,-4265.63
2050-05-18 02:00:00,3051.29,8278.12,0.0,-5226.83
2050-05-18 03:00:00,2892.74,6101.95,0.0,-3209.21
2050-05-18 04:00:00,2785.16,6270.68,0.0,-3485.51
2050-05-18 05:00:00,2735.16,6072.19,1142.35,-4479.38
2050-05-18 06:00:00,2803.03,4764.63,218.93,-2180.53
2050-05-18 07:00:00,2933.35,7999.55,1171.65,-6237.85
2050-05-18 08:00:00,3102.17,7706.33,1999.29,-6603.45
2050-05-18 09:00:00,3343.22,9750.09,1138.26,-7545.13
2050-05-18 10:00:00,3412.42,8225.34,2611.25,-7424.17
2050-05-18 11:00:00,3461.2,6923.43,2649.02,-6111.25
2050-05-18 12:00:00,3508.45,6410.29,2936.47,-5838.3
2050-05-18 13:00:00,3524.65,8263.46,3088.91,-7827.72
2050-05-18 14:00:00,3547.9,9990.54,3075.39,-9518.03
2050-05-18 15:00:00,3606.3,11456.65,2592.26,-10442.6
2050-05-18 16:00:00,3797.27,13281.62,1776.46,-11260.82
2050-05-18 17:00:00,4039.81,14611.93,213.5,-10785.62
2050-05-18 18:00:00,4379.95,14697.19,164.55,-10481.79
2050-05-18 19:00:00,4494.21,13755.29,0.0,-9261.07
2050-05-18 20:00:00,4602.56,13998.89,0.0,-9396.32
2050-05-18 21:00:00,4507.91,14805.46,0.0,-10297.55
2050-05-18 22:00:00,4225.4,13763.4,0.0,-9538.0
2050-05-18 23:00:00,3895.27,13300.56,0.0,-9405.29
2050-05-19 00:00:00,3533.89,12530.97,0.0,-8997.07
2050-05-19 01:00:00,3379.68,12343.3,0.0,-8963.63
2050-05-19 02:00:00,3141.96,11028.53,0.0,-7886.57
2050-05-19 03:00:00,3019.83,10922.98,0.0,-7903.15
2050-05-19 04:00:00,2948.28,9978.8,0.0,-7030.52
2050-05-19 05:00:00,2932.92,9102.07,126.34,-6295.49
2050-05-19 06:00:00,3029.13,12711.41,666.56,-10348.84
2050-05-19 07:00:00,3158.21,10066.77,718.58,-7627.14
2050-05-19 08:00:00,3279.83,6082.1,965.39,-3767.66
2050-05-19 09:00:00,3425.62,6156.53,1277.96,-4008.88
2050-05-19 10:00:00,3441.57,5637.98,1503.32,-3699.73
2050-05-19 11:00:00,3460.53,5553.62,1062.18,-3155.28
2050-05-19 12:00:00,3493.61,7562.65,2185.12,-6254.16
2050-05-19 13:00:00,3515.17,8559.6,1440.39,-6484.82
2050-05-19 14:00:00,3554.14,8612.39,1398.91,-6457.16
2050-05-19 15:00:00,3655.79,6993.8,713.59,-4051.6
2050-05-19 16:00:00,3919.84,6206.17,482.0,-2768.33
2050-05-19 17:00:00,4236.84,8999.44,142.73,-4905.32
2050-05-19 18:00:00,4626.42,9861.52,307.9,-5543.01
2050-05-19 19:00:00,4694.95,13287.02,0.0,-8592.07
2050-05-19 20:00:00,4688.78,15037.34,0.0,-10348.56
2050-05-19 21:00:00,4538.82,15197.03,0.0,-10658.21
2050-05-19 22:00:00,4240.52,15225.0,0.0,-10984.48
2050-05-19 23:00:00,3897.1,15066.2,0.0,-11169.1
2050-05-20 00:00:00,3520.31,14353.46,0.0,-10833.15
2050-05-20 01:00:00,3353.94,13866.26,0.0,-10512.32
2050-05-20 02:00:00,3112.07,13251.84,0.0,-10139.77
2050-05-20 03:00:00,3004.39,12411.88,0.0,-9407.49
2050-05-20 04:00:00,2955.46,11433.18,0.0,-8477.72
2050-05-20 05:00:00,2957.93,11060.8,142.73,-8245.6
2050-05-20 06:00:00,3053.4,8940.79,984.6,-6871.99
2050-05-20 07:00:00,3076.63,8462.85,775.77,-6161.98
2050-05-20 08:00:00,3110.6,10409.83,380.66,-7679.9
2050-05-20 09:00:00,3337.18,9758.89,806.81,-7228.52
2050-05-20 10:00:00,3447.39,8700.36,1113.09,-6366.06
2050-05-20 11:00:00,3700.43,8002.49,1351.73,-5653.79
2050-05-20 12:00:00,4046.28,7404.31,1425.86,-4783.89
2050-05-20 13:00:00,4306.72,8237.06,1480.46,-5410.8
2050-05-20 14:00:00,4564.62,10380.51,1466.57,-7282.46
2050-05-20 15:00:00,4797.1,11518.21,950.8,-7671.91
2050-05-20 16:00:00,5097.62,12224.21,1123.99,-8250.59
2050-05-20 17:00:00,5385.32,13333.03,610.59,-8558.3
2050-05-20 18:00:00,5719.52,13820.23,82.54,-8183.25
2050-05-20 19:00:00,5678.67,7864.67,0.0,-2186.0
2050-05-20 20:00:00,5508.53,8149.09,0.0,-2640.56
2050-05-20 21:00:00,5190.75,7313.42,0.0,-2122.67
2050-05-20 22:00:00,4725.73,4888.69,0.0,-162.95
2050-05-20 23:00:00,4222.31,6498.26,0.0,-2275.94
2050-05-21 00:00:00,3709.48,4700.12,0.0,-990.64
2050-05-21 01:00:00,3431.29,4628.17,0.0,-1196.88
2050-05-21 02:00:00,3099.98,4031.58,0.0,-931.6
2050-05-21 03:00:00,2918.02,3631.66,0.0,-713.64
2050-05-21 04:00:00,2798.44,2969.9,0.0,-171.46
2050-05-21 05:00:00,2739.68,1459.06,44.09,1236.54
2050-05-21 06:00:00,2806.73,2233.01,423.44,150.29
2050-05-21 07:00:00,2949.65,1652.2,428.77,868.68
2050-05-21 08:00:00,3221.87,2659.31,1041.71,-479.15
2050-05-21 09:00:00,3752.18,2152.65,1723.14,-123.6
2050-05-21 10:00:00,4082.2,2576.07,1608.67,-102.54
2050-05-21 11:00:00,4349.1,2027.18,1197.65,1124.27
2050-05-21 12:00:00,4555.78,1831.23,1497.41,1227.14
2050-05-21 13:00:00,4642.76,3365.75,1007.13,269.89
2050-05-21 14:00:00,4757.85,1889.03,1183.12,1685.7
2050-05-21 15:00:00,4853.11,2395.39,1097.58,1360.13
2050-05-21 16:00:00,5088.33,2947.56,703.02,1437.75
2050-05-21 17:00:00,5295.36,3723.01,142.73,1429.62
2050-05-21 18:00:00,5583.79,4402.4,323.58,857.8
2050-05-21 19:00:00,5484.73,7609.56,0.0,-2124.83
2050-05-21 20:00:00,5362.4,10532.99,0.0,-5170.59
2050-05-21 21:00:00,5078.01,10403.97,0.0,-5325.96
2050-05-21 22:00:00,4643.66,8797.11,0.0,-4153.45
2050-05-21 23:00:00,4176.4,8413.0,0.0,-4236.6
2050-05-22 00:00:00,3683.89,7413.11,0.0,-3729.22
2050-05-22 01:00:00,3418.96,8876.28,0.0,-5457.32
2050-05-22 02:00:00,3100.06,8779.53,0.0,-5679.46
2050-05-22 03:00:00,2921.62,6253.3,0.0,-3331.68
2050-05-22 04:00:00,2803.76,6298.87,0.0,-3495.12
2050-05-22 05:00:00,2744.29,8888.02,191.77,-6335.5
2050-05-22 06:00:00,2811.65,7855.87,348.48,-5392.71
2050-05-22 07:00:00,2956.71,8360.21,1717.66,-7121.17
2050-05-22 08:00:00,3172.66,6298.87,1936.52,-5062.73
2050-05-22 09:00:00,3526.82,4355.25,2751.52,-3579.95
2050-05-22 10:00:00,3678.31,3690.54,1681.65,-1693.88
2050-05-22 11:00:00,3845.15,2636.97,2412.14,-1203.95
2050-05-22 12:00:00,4011.79,3268.31,2186.29,-1442.8
2050-05-22 13:00:00,4123.15,3761.6,1746.44,-1384.88
2050-05-22 14:00:00,4238.44,4099.7,1047.89,-909.15
2050-05-22 15:00:00,4356.05,6295.93,991.55,-2931.44
2050-05-22 16:00:00,4578.02,4834.1,681.58,-937.67
2050-05-22 17:00:00,4825.34,8574.26,482.0,-4230.92
2050-05-22 18:00:00,5124.71,9257.47,180.89,-4313.65
2050-05-22 19:00:00,5084.5,7606.64,0.0,-2522.13
2050-05-22 20:00:00,5018.12,7873.47,0.0,-2855.35
2050-05-22 21:00:00,4803.92,6545.17,0.0,-1741.24
2050-05-22 22:00:00,4411.83,7764.98,0.0,-3353.14
2050-05-22 23:00:00,3988.63,7460.02,0.0,-3471.39
2050-05-23 00:00:00,3557.32,6867.71,0.0,-3310.38
2050-05-23 01:00:00,3350.61,5434.53,0.0,-2083.93
2050-05-23 02:00:00,3062.27,6136.7,0.0,-3074.42
2050-05-23 03:00:00,2903.63,6380.96,0.0,-3477.33
2050-05-23 04:00:00,2797.62,7078.83,0.0,-4281.21
2050-05-23 05:00:00,2746.46,5107.03,1108.73,-3469.3
2050-05-23 06:00:00,2816.61,5737.24,460.74,-3381.37
2050-05-23 07:00:00,2967.68,4511.56,848.06,-2391.94
2050-05-23 08:00:00,3205.66,4754.71,1067.23,-2616.28
2050-05-23 09:00:00,3580.65,4290.74,1434.26,-2144.35
2050-05-23 10:00:00,3698.78,3400.24,3061.76,-2763.23
2050-05-23 11:00:00,3883.1,2273.59,2210.86,-601.35
2050-05-23 12:00:00,4057.59,1461.89,2156.52,439.19
2050-05-23 13:00:00,4159.12,779.12,1821.84,1558.15
2050-05-23 14:00:00,4291.9,478.38,1971.37,1842.14
2050-05-23 15:00:00,4357.24,944.6,1827.86,1584.77
2050-05-23 16:00:00,4488.46,2134.32,1252.33,1101.81
2050-05-23 17:00:00,4659.31,3775.8,931.83,-48.32
2050-05-23 18:00:00,4907.81,5052.45,267.24,-411.88
2050-05-23 19:00:00,4858.66,7075.91,0.0,-2217.25
2050-05-23 20:00:00,4824.05,7811.89,0.0,-2987.83
2050-05-23 21:00:00,4669.73,6304.73,0.0,-1635.0
2050-05-23 22:00:00,4339.16,10008.12,0.0,-5668.96
2050-05-23 23:00:00,3964.8,10996.29,0.0,-7031.48
2050-05-24 00:00:00,3559.41,10260.29,0.0,-6700.88
2050-05-24 01:00:00,3358.03,8759.0,0.0,-5400.98
2050-05-24 02:00:00,3076.38,8480.43,0.0,-5404.05
2050-05-24 03:00:00,2918.23,8263.46,0.0,-5345.23
2050-05-24 04:00:00,2809.52,6949.82,0.0,-4140.3
2050-05-24 05:00:00,2754.66,6401.49,142.73,-3789.55
2050-05-24 06:00:00,2825.86,6955.68,1163.42,-5293.24
2050-05-24 07:00:00,2971.36,7175.6,1891.19,-6095.43
2050-05-24 08:00:00,3327.55,7028.99,2451.63,-6153.06
2050-05-24 09:00:00,3792.22,4739.83,1656.33,-2603.94
2050-05-24 10:00:00,4038.54,5851.36,3481.15,-5293.97
2050-05-24 11:00:00,4269.74,5667.77,4564.03,-5962.05
2050-05-24 12:00:00,4464.06,5650.39,4536.66,-5723.0
2050-05-24 13:00:00,4574.26,6603.81,4270.79,-6300.34
2050-05-24 14:00:00,4710.86,5360.1,3750.62,-4399.86
2050-05-24 15:00:00,4862.96,5496.56,2977.07,-3610.67
2050-05-24 16:00:00,5119.78,6574.49,1899.55,-3354.26
2050-05-24 17:00:00,5391.26,8653.43,1303.5,-4565.67
2050-05-24 18:00:00,5734.61,9711.97,229.78,-4207.13
2050-05-24 19:00:00,5709.3,8618.25,0.0,-2908.94
2050-05-24 20:00:00,5552.44,10450.9,0.0,-4898.46
2050-05-24 21:00:00,5240.51,12978.46,0.0,-7737.95
2050-05-24 22:00:00,4769.84,12350.52,0.0,-7580.68
2050-05-24 23:00:00,4271.81,11002.15,0.0,-6730.33
2050-05-25 00:00:00,3758.77,10113.68,0.0,-6354.9
2050-05-25 01:00:00,3477.22,9773.55,0.0,-6296.33
2050-05-25 02:00:00,3149.4,10037.45,0.0,-6888.04
2050-05-25 03:00:00,2954.25,10257.37,0.0,-7303.12
2050-05-25 04:00:00,2827.94,9316.12,0.0,-6488.18
2050-05-25 05:00:00,2761.85,9263.35,451.9,-6953.4
2050-05-25 06:00:00,2830.02,7070.03,2079.19,-6319.2
2050-05-25 07:00:00,3016.34,4576.07,2455.96,-4015.69
2050-05-25 08:00:00,3333.52,5816.62,2790.47,-5273.57
2050-05-25 09:00:00,3835.57,6468.94,3058.22,-5691.59
2050-05-25 10:00:00,4139.23,7630.1,3387.12,-6877.99
2050-05-25 11:00:00,4461.66,6577.43,3838.08,-5953.85
2050-05-25 12:00:00,4750.11,5799.26,3825.52,-4874.67
2050-05-25 13:00:00,4926.81,7691.67,3515.17,-6280.03
2050-05-25 14:00:00,5083.74,8747.26,2989.2,-6652.72
2050-05-25 15:00:00,5235.56,10591.64,2856.31,-8212.39
2050-05-25 16:00:00,5471.52,11013.87,1773.41,-7315.77
2050-05-25 17:00:00,5702.63,10835.01,1408.92,-6541.29
2050-05-25 18:00:00,5997.04,11845.28,575.52,-6423.76
2050-05-25 19:00:00,5926.95,10969.9,0.0,-5042.95
2050-05-25 20:00:00,5734.15,10119.56,0.0,-4385.41
2050-05-25 21:00:00,5403.6,10958.16,0.0,-5554.56
2050-05-25 22:00:00,4920.96,11128.24,0.0,-6207.28
2050-05-25 23:00:00,4416.1,11163.43,0.0,-6747.32
2050-05-26 00:00:00,3891.73,9923.09,0.0,-6031.36
2050-05-26 01:00:00,3584.77,12292.77,0.0,-8708.0
2050-05-26 02:00:00,3211.52,11142.89,0.0,-7931.36
2050-05-26 03:00:00,2985.93,9333.72,0.0,-6347.79
2050-05-26 04:00:00,2840.6,9280.93,0.0,-6440.34
2050-05-26 05:00:00,2768.41,8914.4,1984.43,-8130.42
2050-05-26 06:00:00,2838.07,8160.83,2241.74,-7564.5
2050-05-26 07:00:00,3064.22,5352.65,2569.03,-4857.46
2050-05-26 08:00:00,3476.17,4925.91,3124.38,-4574.12
2050-05-26 09:00:00,4056.67,4223.75,3927.31,-4094.39
2050-05-26 10:00:00,4437.45,5196.35,4420.24,-5179.15
2050-05-26 11:00:00,4815.27,6030.0,4646.67,-5861.39
2050-05-26 12:00:00,5171.19,5479.19,4623.2,-4931.2
2050-05-26 13:00:00,5428.35,6941.02,4370.84,-5883.5
2050-05-26 14:00:00,5682.88,11368.67,3846.49,-9532.29
2050-05-26 15:00:00,5894.34,11812.79,3056.18,-8974.63
2050-05-26 16:00:00,6159.14,11949.94,2036.41,-7827.21
2050-05-26 17:00:00,6399.99,10849.67,1435.55,-5885.23
2050-05-26 18:00:00,6665.54,15056.29,619.41,-9010.16
2050-05-26 19:00:00,6509.27,12830.5,0.0,-6321.23
2050-05-26 20:00:00,6302.92,11222.06,0.0,-4919.13
2050-05-26 21:00:00,5981.0,11924.68,0.0,-5943.67
2050-05-26 22:00:00,5483.53,9835.12,0.0,-4351.59
2050-05-26 23:00:00,4950.47,13822.94,0.0,-8872.47
2050-05-27 00:00:00,4409.25,11339.35,0.0,-6930.1
2050-05-27 01:00:00,4093.42,9324.92,0.0,-5231.5
2050-05-27 02:00:00,3715.11,10609.24,0.0,-6894.12
2050-05-27 03:00:00,3476.98,14082.79,0.0,-10605.81
2050-05-27 04:00:00,3297.46,10301.34,0.0,-7003.89
2050-05-27 05:00:00,3139.81,7677.01,2055.88,-6593.08
2050-05-27 06:00:00,3146.25,7767.9,2274.91,-6896.56
2050-05-27 07:00:00,3360.3,5283.18,2562.26,-4485.14
2050-05-27 08:00:00,3687.49,5109.51,2589.98,-4012.0
2050-05-27 09:00:00,4124.26,5347.69,2704.28,-3927.71
2050-05-27 10:00:00,4352.92,6131.73,2386.23,-4165.03
2050-05-27 11:00:00,4585.26,5838.95,3722.91,-4976.6
2050-05-27 12:00:00,4798.79,6178.87,3699.19,-5079.27
2050-05-27 13:00:00,4924.87,7201.99,3100.05,-5377.17
2050-05-27 14:00:00,5023.15,8011.29,2677.93,-5666.07
2050-05-27 15:00:00,5109.21,9670.92,2365.34,-6927.05
2050-05-27 16:00:00,5318.11,9972.94,1482.69,-6137.52
2050-05-27 17:00:00,5508.7,11971.58,1019.23,-7482.11
2050-05-27 18:00:00,5758.2,11254.32,367.81,-5863.93
2050-05-27 19:00:00,5607.73,14093.62,0.0,-8485.88
2050-05-27 20:00:00,5392.84,13766.11,0.0,-8373.27
2050-05-27 21:00:00,5102.71,13868.95,0.0,-8766.24
2050-05-27 22:00:00,4647.03,13389.89,0.0,-8742.85
2050-05-27 23:00:00,4170.08,11518.21,0.0,-7348.13
2050-05-28 00:00:00,3676.33,12440.74,0.0,-8764.41
2050-05-28 01:00:00,3412.72,14440.06,0.0,-11027.34
2050-05-28 02:00:00,3087.71,12541.79,0.0,-9454.08
2050-05-28 03:00:00,2911.22,9122.59,0.0,-6211.37
2050-05-28 04:00:00,2794.86,7609.56,0.0,-4814.71
2050-05-28 05:00:00,2736.54,4943.27,2049.29,-4256.03
2050-05-28 06:00:00,2807.67,4424.72,2298.39,-3915.44
2050-05-28 07:00:00,2938.5,6633.14,2612.93,-6307.57
2050-05-28 08:00:00,3120.74,5370.02,2824.19,-5073.48
2050-05-28 09:00:00,3431.18,6662.46,3919.81,-7151.09
2050-05-28 10:00:00,3657.38,6039.92,4413.94,-6796.49
2050-05-28 11:00:00,3947.42,7028.99,3789.06,-6870.63
2050-05-28 12:00:00,4196.87,8225.34,3564.06,-7592.53
2050-05-28 13:00:00,4336.18,8222.4,2832.67,-6718.88
2050-05-28 14:00:00,4456.55,8873.36,2372.15,-6788.96
2050-05-28 15:00:00,4588.93,13990.75,2247.86,-11649.69
2050-05-28 16:00:00,4833.52,14264.14,1277.03,-10707.65
2050-05-28 17:00:00,5065.07,14767.58,418.82,-10121.32
2050-05-28 18:00:00,5339.64,14932.68,202.64,-9795.68
2050-05-28 19:00:00,5271.98,15100.95,0.0,-9828.96
2050-05-28 20:00:00,5144.38,15076.13,0.0,-9931.75
2050-05-28 21:00:00,4870.06,15225.0,0.0,-10354.94
2050-05-28 22:00:00,4437.55,15225.0,0.0,-10787.45
2050-05-28 23:00:00,3996.41,15225.0,0.0,-11228.59
2050-05-29 00:00:00,3565.02,14981.4,0.0,-11416.38
2050-05-29 01:00:00,3346.31,12798.03,0.0,-9451.72
2050-05-29 02:00:00,3057.78,15048.16,0.0,-11990.38
2050-05-29 03:00:00,2895.2,11072.52,0.0,-8177.32
2050-05-29 04:00:00,2786.24,11031.47,0.0,-8245.24
2050-05-29 05:00:00,2730.44,8808.85,539.43,-6617.84
2050-05-29 06:00:00,2803.95,6823.74,532.55,-4552.34
2050-05-29 07:00:00,2936.2,9146.05,960.74,-7170.59
2050-05-29 08:00:00,3139.56,8313.31,2322.97,-7496.72
2050-05-29 09:00:00,3504.6,7879.33,3924.66,-8299.4
2050-05-29 10:00:00,3812.33,8553.74,4415.65,-9157.06
2050-05-29 11:00:00,4132.96,9685.58,3203.16,-8755.78
2050-05-29 12:00:00,4408.72,8140.31,2174.1,-5905.68
2050-05-29 13:00:00,4591.89,8040.61,1703.97,-5152.69
2050-05-29 14:00:00,4771.4,8278.12,2499.85,-6006.57
2050-05-29 15:00:00,4955.49,10274.96,2264.44,-7583.91
2050-05-29 16:00:00,5219.38,11336.43,2052.68,-8169.74
2050-05-29 17:00:00,5484.15,11892.19,1468.11,-7876.14
2050-05-29 18:00:00,5812.3,14464.42,627.82,-9279.94
2050-05-29 19:00:00,5783.71,10952.3,0.0,-5168.59
2050-05-29 20:00:00,5623.13,11160.49,0.0,-5537.36
2050-05-29 21:00:00,5343.21,10468.48,0.0,-5125.27
2050-05-29 22:00:00,4891.93,9923.09,0.0,-5031.16
2050-05-29 23:00:00,4404.04,11110.64,0.0,-6706.6
2050-05-30 00:00:00,3920.75,9533.1,0.0,-5612.35
2050-05-30 01:00:00,3636.39,9324.92,0.0,-5688.53
2050-05-30 02:00:00,3273.07,9462.73,0.0,-6189.66
2050-05-30 03:00:00,3039.82,8673.97,0.0,-5634.15
2050-05-30 04:00:00,2873.66,9415.81,0.0,-6542.14
2050-05-30 05:00:00,2782.56,10075.57,159.1,-7452.1
2050-05-30 06:00:00,2849.74,8327.97,540.29,-6018.52
2050-05-30 07:00:00,3074.27,7638.88,682.15,-5246.76
2050-05-30 08:00:00,3409.42,7248.91,1197.65,-5037.14
2050-05-30 09:00:00,3918.09,8418.86,1370.71,-5871.48
2050-05-30 10:00:00,4194.91,8632.91,2206.58,-6644.58
2050-05-30 11:00:00,4458.35,8292.77,2809.16,-6643.58
2050-05-30 12:00:00,4699.73,10049.17,2437.34,-7786.77
2050-05-30 13:00:00,4866.03,11339.35,2899.65,-9372.97
2050-05-30 14:00:00,5057.98,13148.08,3155.13,-11245.23
2050-05-30 15:00:00,5306.47,14055.72,2196.62,-10945.87
2050-05-30 16:00:00,5643.65,13384.46,2092.15,-9832.97
2050-05-30 17:00:00,5997.38,10175.26,1519.67,-5697.55
2050-05-30 18:00:00,6391.78,12155.64,704.49,-6468.35
2050-05-30 19:00:00,6305.63,12520.14,0.0,-6214.51
2050-05-30 20:00:00,6096.76,12245.86,0.0,-6149.11
2050-05-30 21:00:00,5735.74,13739.04,0.0,-8003.3
2050-05-30 22:00:00,5244.22,10169.4,0.0,-4925.18
2050-05-30 23:00:00,4751.7,10697.19,0.0,-5945.49
2050-05-31 00:00:00,4216.06,9826.32,0.0,-5610.26
2050-05-31 01:00:00,3875.2,8712.08,0.0,-4836.88
2050-05-31 02:00:00,3456.18,8952.53,0.0,-5496.34
2050-05-31 03:00:00,3178.62,9638.66,0.0,-6460.04
2050-05-31 04:00:00,2960.22,8550.82,0.0,-5590.59
2050-05-31 05:00:00,2819.63,9577.09,2030.24,-8787.7
2050-05-31 06:00:00,2864.46,8187.21,529.71,-5852.46
2050-05-31 07:00:00,3088.67,7741.52,899.42,-5552.26
2050-05-31 08:00:00,3482.86,5573.48,1217.57,-3308.19
2050-05-31 09:00:00,3985.31,5578.44,1717.8,-3310.93
2050-05-31 10:00:00,4255.26,5737.24,2335.27,-3817.24
2050-05-31 11:00:00,4489.42,5518.9,3849.03,-4878.5
2050-05-31 12:00:00,4666.37,4362.69,4595.89,-4292.21
2050-05-31 13:00:00,4742.55,3266.26,4322.34,-2846.05
2050-05-31 14:00:00,4838.94,2645.08,3787.17,-1593.32
2050-05-31 15:00:00,4944.83,4447.06,3002.71,-2504.94
2050-05-31 16:00:00,5124.09,4198.95,2026.19,-1101.05
2050-05-31 17:00:00,5302.27,6208.65,1466.56,-2372.93
2050-05-31 18:00:00,5602.99,8234.14,659.33,-3290.48
2050-05-31 19:00:00,5538.53,9782.35,0.0,-4243.82
2050-05-31 20:00:00,5359.74,9799.94,0.0,-4440.19
2050-05-31 21:00:00,5057.73,10210.45,0.0,-5152.71
2050-05-31 22:00:00,4603.7,10920.04,0.0,-6316.34
2050-05-31 23:00:00,4136.19,7665.29,0.0,-3529.09
2050-06-01 00:00:00,3757.43,8181.35,0.0,-4423.92
2050-06-01 01:00:00,3520.07,7369.13,0.0,-3849.05
2050-06-01 02:00:00,3224.39,3909.78,0.0,-685.39
2050-06-01 03:00:00,3064.41,3794.07,0.0,-729.66
2050-06-01 04:00:00,2946.16,3540.31,0.0,-594.16
2050-06-01 05:00:00,2878.67,1454.84,1983.56,-559.73
2050-06-01 06:00:00,2965.56,645.39,2238.33,81.84
2050-06-01 07:00:00,3287.64,2029.99,2561.99,-1304.34
2050-06-01 08:00:00,3689.79,1171.47,3014.55,-496.24
2050-06-01 09:00:00,4243.87,989.62,3793.51,-539.26
2050-06-01 10:00:00,4566.35,264.93,4283.91,17.51
2050-06-01 11:00:00,4839.36,464.04,4257.53,117.78
2050-06-01 12:00:00,5036.4,280.09,4071.71,684.59
2050-06-01 13:00:00,5028.81,1222.23,1812.83,1993.75
2050-06-01 14:00:00,4956.44,1222.23,2615.74,1118.47
2050-06-01 15:00:00,5100.39,2096.25,1182.65,1821.49
2050-06-01 16:00:00,5171.06,4019.4,1438.16,-286.5
2050-06-01 17:00:00,5272.2,6433.75,590.73,-1752.27
2050-06-01 18:00:00,5454.1,6258.27,208.07,-1012.24
2050-06-01 19:00:00,5387.93,6181.35,0.0,-793.42
2050-06-01 20:00:00,5335.99,6049.85,0.0,-713.86
2050-06-01 21:00:00,5179.58,4352.77,0.0,826.82
2050-06-01 22:00:00,4789.09,3505.82,0.0,1283.27
2050-06-01 23:00:00,4360.31,2705.98,0.0,1654.32
2050-06-02 00:00:00,3888.82,4335.41,0.0,-446.59
2050-06-02 01:00:00,3627.36,4519.01,0.0,-891.64
2050-06-02 02:00:00,3274.96,4528.94,0.0,-1253.97
2050-06-02 03:00:00,3059.52,4300.67,0.0,-1241.14
2050-06-02 04:00:00,2906.54,2697.87,0.0,208.67
2050-06-02 05:00:00,2821.85,2699.89,175.44,-53.49
2050-06-02 06:00:00,2891.22,2563.89,506.14,-178.81
2050-06-02 07:00:00,3137.24,2324.36,519.33,293.55
2050-06-02 08:00:00,3574.62,1153.16,1600.35,821.11
2050-06-02 09:00:00,4111.92,721.7,848.06,2542.17
2050-06-02 10:00:00,4447.95,253.57,4263.18,-68.8
2050-06-02 11:00:00,4795.67,715.65,4513.63,-433.61
2050-06-02 12:00:00,5114.16,1910.17,4518.56,-1314.58
2050-06-02 13:00:00,5283.86,2939.45,3654.07,-1309.65
2050-06-02 14:00:00,5431.83,3256.13,3056.51,-880.8
2050-06-02 15:00:00,5580.54,4402.4,2999.18,-1821.04
2050-06-02 16:00:00,5820.16,6999.66,1818.87,-2998.37
2050-06-02 17:00:00,6068.21,7339.81,561.41,-1833.0
2050-06-02 18:00:00,6393.22,6049.85,278.48,64.9
2050-06-02 19:00:00,6327.87,5717.38,0.0,610.49
2050-06-02 20:00:00,6117.59,4891.17,0.0,1226.42
2050-06-02 21:00:00,5781.0,7430.7,0.0,-1649.69
2050-06-02 22:00:00,5288.03,3818.43,0.0,1469.6
2050-06-02 23:00:00,4779.1,5064.86,0.0,-285.76
2050-06-03 00:00:00,4254.49,3913.85,0.0,340.65
2050-06-03 01:00:00,3956.1,5146.72,0.0,-1190.62
2050-06-03 02:00:00,3583.82,6949.82,0.0,-3365.99
2050-06-03 03:00:00,3354.56,4881.24,0.0,-1526.68
2050-06-03 04:00:00,3181.59,4598.41,0.0,-1416.82
2050-06-03 05:00:00,3073.88,5092.14,1954.31,-3972.57
2050-06-03 06:00:00,3138.66,6697.64,2253.92,-5812.91
2050-06-03 07:00:00,3324.96,6556.91,2594.91,-5826.85
2050-06-03 08:00:00,3582.63,7940.9,3034.81,-7393.09
2050-06-03 09:00:00,3960.79,7794.3,3829.94,-7663.45
2050-06-03 10:00:00,4144.85,6586.23,4335.26,-6776.64
2050-06-03 11:00:00,4443.06,6156.53,4551.95,-6265.43
2050-06-03 12:00:00,4705.66,7169.74,4510.03,-6974.12
2050-06-03 13:00:00,4778.81,5712.42,3700.47,-4634.08
2050-06-03 14:00:00,4792.38,6298.87,1446.85,-2953.34
2050-06-03 15:00:00,4701.21,7832.41,1734.87,-4866.07
2050-06-03 16:00:00,4781.53,8717.94,1770.74,-5707.14
2050-06-03 17:00:00,5032.18,8706.22,27.57,-3701.61
2050-06-03 18:00:00,5355.94,8844.04,256.85,-3744.94
2050-06-03 19:00:00,5352.81,8436.46,0.0,-3083.65
2050-06-03 20:00:00,5309.5,9753.03,0.0,-4443.52
2050-06-03 21:00:00,5149.32,10773.44,0.0,-5624.11
2050-06-03 22:00:00,4788.68,10447.96,0.0,-5659.28
2050-06-03 23:00:00,4370.14,7650.62,0.0,-3280.49
2050-06-04 00:00:00,3908.75,7858.81,0.0,-3950.06
2050-06-04 01:00:00,3679.54,7935.04,0.0,-4255.5
2050-06-04 02:00:00,3358.87,7152.14,0.0,-3793.27
2050-06-04 03:00:00,3173.06,6354.58,0.0,-3181.52
2050-06-04 04:00:00,3035.07,5585.89,0.0,-2550.82
2050-06-04 05:00:00,2927.96,4943.27,27.57,-2042.88
2050-06-04 06:00:00,2986.88,3816.41,1193.19,-2022.71
2050-06-04 07:00:00,3157.12,3854.97,450.09,-1147.94
2050-06-04 08:00:00,3455.35,2673.51,1557.47,-775.63
2050-06-04 09:00:00,3911.76,2194.94,950.54,766.28
2050-06-04 10:00:00,4168.21,2998.3,587.76,582.14
2050-06-04 11:00:00,4495.34,1772.02,1718.62,1004.69
2050-06-04 12:00:00,4824.25,1464.71,1708.45,1651.09
2050-06-04 13:00:00,5052.44,1192.62,3624.03,235.79
2050-06-04 14:00:00,5258.68,1925.67,2435.33,897.68
2050-06-04 15:00:00,5436.47,3416.49,2420.59,-400.6
2050-06-04 16:00:00,5695.32,4963.12,898.81,-166.61
2050-06-04 17:00:00,5953.85,7791.36,1065.24,-2902.75
2050-06-04 18:00:00,6292.32,6201.2,16.55,74.56
2050-06-04 19:00:00,6171.21,7421.9,0.0,-1250.69
2050-06-04 20:00:00,6025.08,8448.19,0.0,-2423.1
2050-06-04 21:00:00,5763.84,8764.87,0.0,-3001.03
2050-06-04 22:00:00,5307.67,6518.78,0.0,-1211.12
2050-06-04 23:00:00,4832.21,7806.02,0.0,-2973.82
2050-06-05 00:00:00,4330.82,6987.94,0.0,-2657.12
2050-06-05 01:00:00,4049.21,6273.16,0.0,-2223.94
2050-06-05 02:00:00,3687.16,7187.33,0.0,-3500.16
2050-06-05 03:00:00,3461.27,5779.41,0.0,-2318.14
2050-06-05 04:00:00,3296.42,7237.17,0.0,-3940.76
2050-06-05 05:00:00,3184.4,5427.09,916.42,-3159.11
2050-06-05 06:00:00,3254.1,7163.86,2343.19,-6252.96
2050-06-05 07:00:00,3558.02,6606.75,2146.04,-5194.77
2050-06-05 08:00:00,3930.96,5677.69,2568.11,-4314.84
2050-06-05 09:00:00,4453.03,6181.35,3838.3,-5566.61
2050-06-05 10:00:00,4720.29,6161.5,4358.34,-5799.54
2050-06-05 11:00:00,4999.64,5727.31,1684.95,-2412.63
2050-06-05 12:00:00,5189.26,5454.39,1670.72,-1935.85
2050-06-05 13:00:00,5326.12,4208.86,2507.61,-1390.35
2050-06-05 14:00:00,5381.64,4117.07,2675.8,-1411.23
2050-06-05 15:00:00,5229.09,5059.89,2232.3,-2063.1
2050-06-05 16:00:00,5317.59,5796.78,666.47,-1145.66
2050-06-05 17:00:00,5261.85,8668.09,439.44,-3845.68
2050-06-05 18:00:00,5500.18,9744.23,49.59,-4293.64
2050-06-05 19:00:00,5543.11,8594.8,0.0,-3051.69
2050-06-05 20:00:00,5481.8,8216.54,0.0,-2734.73
2050-06-05 21:00:00,5327.18,9374.76,0.0,-4047.58
2050-06-05 22:00:00,4958.8,9166.58,0.0,-4207.78
2050-06-05 23:00:00,4556.48,7234.25,0.0,-2677.77
2050-06-06 00:00:00,4095.1,6735.77,0.0,-2640.67
2050-06-06 01:00:00,3841.33,8157.89,0.0,-4316.56
2050-06-06 02:00:00,3497.2,8492.17,0.0,-4994.97
2050-06-06 03:00:00,3273.95,6176.39,0.0,-2902.43
2050-06-06 04:00:00,3108.47,4399.92,0.0,-1291.45
2050-06-06 05:00:00,2988.39,5712.42,765.81,-3489.83
2050-06-06 06:00:00,3050.84,5811.67,2302.32,-5063.16
2050-06-06 07:00:00,3249.49,5640.47,2625.61,-5016.59
2050-06-06 08:00:00,3634.42,5833.99,2459.23,-4658.8
2050-06-06 09:00:00,4203.8,2592.32,2937.36,-1325.87
2050-06-06 10:00:00,4455.86,2381.19,1966.88,107.79
2050-06-06 11:00:00,4632.56,1413.95,2216.44,1002.17
2050-06-06 12:00:00,4886.6,1130.59,1689.73,2066.28
2050-06-06 13:00:00,5023.33,1958.1,3132.83,-67.6
2050-06-06 14:00:00,5101.25,4853.96,3204.85,-2957.56
2050-06-06 15:00:00,5154.76,6732.83,3006.09,-4584.15
2050-06-06 16:00:00,5276.49,9503.78,2063.62,-6290.91
2050-06-06 17:00:00,5448.46,5871.22,1461.69,-1884.45
2050-06-06 18:00:00,5692.22,9327.86,646.74,-4282.37
2050-06-06 19:00:00,5605.3,8782.45,0.0,-3177.15
2050-06-06 20:00:00,5335.79,9143.11,0.0,-3807.32
2050-06-06 21:00:00,5040.84,9163.64,0.0,-4122.79
2050-06-06 22:00:00,4530.07,9110.87,0.0,-4580.8
2050-06-06 23:00:00,4019.68,9278.01,0.0,-5258.33
2050-06-07 00:00:00,3597.42,7896.92,0.0,-4299.5
2050-06-07 01:00:00,3395.57,7430.7,0.0,-4035.12
2050-06-07 02:00:00,3106.11,6211.13,0.0,-3105.02
2050-06-07 03:00:00,2943.87,6486.52,0.0,-3542.65
2050-06-07 04:00:00,2850.55,6119.32,0.0,-3268.78
2050-06-07 05:00:00,2848.77,5980.38,996.28,-4127.89
2050-06-07 06:00:00,2953.9,5516.41,2222.39,-4784.9
2050-06-07 07:00:00,3003.76,4456.98,2591.94,-4045.16
2050-06-07 08:00:00,3149.08,4181.58,2984.01,-4016.5
2050-06-07 09:00:00,3402.74,3574.83,3767.61,-3939.69
2050-06-07 10:00:00,3528.58,4655.47,3705.55,-4832.44
2050-06-07 11:00:00,3735.99,4578.55,4509.65,-5352.22
2050-06-07 12:00:00,3964.14,3534.22,2898.74,-2468.82
2050-06-07 13:00:00,4086.07,3079.52,1622.95,-616.39
2050-06-07 14:00:00,4233.08,4486.75,2690.29,-2943.96
2050-06-07 15:00:00,4471.77,5062.37,2952.67,-3543.27
2050-06-07 16:00:00,4816.91,5188.91,2062.75,-2434.75
2050-06-07 17:00:00,5191.04,3990.97,1485.05,-284.98
2050-06-07 18:00:00,5643.92,5131.85,692.48,-180.4
2050-06-07 19:00:00,5709.58,5084.69,0.0,624.89
2050-06-07 20:00:00,5591.2,6176.39,0.0,-585.19
2050-06-07 21:00:00,5314.08,5958.04,0.0,-643.97
2050-06-07 22:00:00,4828.57,6551.03,0.0,-1722.46
2050-06-07 23:00:00,4290.44,6841.32,0.0,-2550.89
2050-06-08 00:00:00,3723.67,6265.71,0.0,-2542.04
2050-06-08 01:00:00,3434.01,6439.61,0.0,-3005.6
2050-06-08 02:00:00,3120.42,4690.2,0.0,-1569.77
2050-06-08 03:00:00,2948.79,4156.76,0.0,-1207.97
2050-06-08 04:00:00,2833.83,4918.47,0.0,-2084.64
2050-06-08 05:00:00,2769.38,5022.67,2082.32,-4335.61
2050-06-08 06:00:00,2844.84,3572.81,2316.31,-3044.28
2050-06-08 07:00:00,2975.09,4102.18,2629.03,-3756.12
2050-06-08 08:00:00,3159.7,3124.17,2991.22,-2955.69
2050-06-08 09:00:00,3479.94,3008.46,3763.56,-3292.08
2050-06-08 10:00:00,3669.43,3189.14,4280.62,-3800.32
2050-06-08 11:00:00,3957.57,3215.52,4516.63,-3774.58
2050-06-08 12:00:00,4245.84,2584.18,4496.95,-2835.29
2050-06-08 13:00:00,4423.69,5580.92,4230.59,-5387.82
2050-06-08 14:00:00,4609.3,8225.34,3353.17,-6969.21
2050-06-08 15:00:00,4796.71,10667.87,2495.8,-8366.96
2050-06-08 16:00:00,5082.85,13914.98,1844.11,-10676.24
2050-06-08 17:00:00,5397.04,13289.74,1510.28,-9402.97
2050-06-08 18:00:00,5808.6,11603.47,537.56,-6332.44
2050-06-08 19:00:00,5823.87,13057.86,0.0,-7233.99
2050-06-08 20:00:00,5664.6,14066.54,0.0,-8401.95
2050-06-08 21:00:00,5345.62,14518.56,0.0,-9172.94
2050-06-08 22:00:00,4836.08,10175.26,0.0,-5339.19
2050-06-08 23:00:00,4286.38,10817.42,0.0,-6531.05
2050-06-09 00:00:00,3715.26,9541.9,0.0,-5826.64
2050-06-09 01:00:00,3435.47,9034.62,0.0,-5599.15
2050-06-09 02:00:00,3121.55,8899.74,0.0,-5778.19
2050-06-09 03:00:00,2949.81,7826.55,0.0,-4876.73
2050-06-09 04:00:00,2834.84,7398.45,0.0,-4563.61
2050-06-09 05:00:00,2770.16,9137.25,1461.73,-7828.82
2050-06-09 06:00:00,2842.54,11043.19,1275.64,-9476.3
2050-06-09 07:00:00,2976.99,9046.36,827.75,-6897.12
2050-06-09 08:00:00,3192.56,8846.96,418.1,-6072.5
2050-06-09 09:00:00,3538.94,7929.18,492.62,-4882.86
2050-06-09 10:00:00,3828.1,7891.06,645.53,-4708.49
2050-06-09 11:00:00,4020.68,7624.22,2156.53,-5760.08
2050-06-09 12:00:00,4190.75,6738.69,1817.53,-4365.47
2050-06-09 13:00:00,4240.74,7609.56,1761.02,-5129.84
2050-06-09 14:00:00,4246.89,8712.08,806.81,-5272.0
2050-06-09 15:00:00,4246.87,11157.55,2913.27,-9823.95
2050-06-09 16:00:00,4302.63,12372.17,1711.19,-9780.73
2050-06-09 17:00:00,4434.88,10019.86,727.64,-6312.62
2050-06-09 18:00:00,4678.72,10544.73,323.5,-6189.52
2050-06-09 19:00:00,4643.7,11359.87,0.0,-6716.17
2050-06-09 20:00:00,4684.06,10222.17,0.0,-5538.11
2050-06-09 21:00:00,4626.54,9817.54,0.0,-5191.0
2050-06-09 22:00:00,4333.62,9750.09,0.0,-5416.47
2050-06-09 23:00:00,3985.61,10260.29,0.0,-6274.69
2050-06-10 00:00:00,3593.07,10336.54,0.0,-6743.47
2050-06-10 01:00:00,3402.69,9515.52,0.0,-6112.82
2050-06-10 02:00:00,3117.38,9462.73,0.0,-6345.35
2050-06-10 03:00:00,2957.42,8861.62,0.0,-5904.2
2050-06-10 04:00:00,2842.47,7630.1,0.0,-4787.63
2050-06-10 05:00:00,2777.27,5355.13,246.03,-2823.9
2050-06-10 06:00:00,2847.3,4149.31,1248.41,-2550.43
2050-06-10 07:00:00,2984.96,5164.09,718.64,-2897.78
2050-06-10 08:00:00,3215.1,5079.73,2836.07,-4700.7
2050-06-10 09:00:00,3628.74,6250.82,3587.52,-6209.6
2050-06-10 10:00:00,3873.92,5355.13,4130.65,-5611.86
2050-06-10 11:00:00,4147.83,4992.9,3830.79,-4675.87
2050-06-10 12:00:00,4400.73,3844.81,3544.4,-2988.48
2050-06-10 13:00:00,4600.65,4541.33,3168.17,-3108.84
2050-06-10 14:00:00,4830.97,6782.68,3564.16,-5515.87
2050-06-10 15:00:00,5074.35,11013.87,2837.83,-8777.35
2050-06-10 16:00:00,5390.29,13162.51,1990.51,-9762.74
2050-06-10 17:00:00,5711.02,13725.5,1364.07,-9378.55
2050-06-10 18:00:00,6051.78,13657.85,545.6,-8151.67
2050-06-10 19:00:00,5988.26,14561.86,0.0,-8573.6
2050-06-10 20:00:00,5791.11,14231.66,0.0,-8440.55
2050-06-10 21:00:00,5454.6,13278.91,0.0,-7824.32
2050-06-10 22:00:00,4952.07,11169.29,0.0,-6217.22
2050-06-10 23:00:00,4414.6,10878.99,0.0,-6464.4
2050-06-11 00:00:00,3864.22,10729.45,0.0,-6865.23
2050-06-11 01:00:00,3543.81,12076.24,0.0,-8532.43
2050-06-11 02:00:00,3184.23,12610.37,0.0,-9426.13
2050-06-11 03:00:00,2987.93,10902.46,0.0,-7914.52
2050-06-11 04:00:00,2852.87,10445.02,11.04,-7603.19
2050-06-11 05:00:00,2780.68,11635.97,1320.62,-10175.9
2050-06-11 06:00:00,2848.8,10685.47,229.78,-8066.45
2050-06-11 07:00:00,2979.15,8882.16,1329.53,-7232.54
2050-06-11 08:00:00,3164.53,8624.11,2834.83,-8294.41
2050-06-11 09:00:00,3453.62,8638.77,1797.88,-6983.02
2050-06-11 10:00:00,3551.05,8530.28,2853.79,-7833.01
2050-06-11 11:00:00,3699.01,9779.41,4297.38,-10377.79
2050-06-11 12:00:00,3912.73,11529.95,4305.0,-11922.22
2050-06-11 13:00:00,4085.88,13130.04,4061.01,-13105.16
2050-06-11 14:00:00,4254.99,13663.25,3579.56,-12987.82
2050-06-11 15:00:00,4349.67,14931.32,2481.6,-13063.25
2050-06-11 16:00:00,4539.88,15113.13,2014.73,-12587.98
2050-06-11 17:00:00,4829.68,15225.0,999.4,-11394.72
2050-06-11 18:00:00,5239.98,15225.0,352.94,-10337.96
2050-06-11 19:00:00,5245.05,15225.0,0.0,-9979.95
2050-06-11 20:00:00,5153.39,15107.27,0.0,-9953.88
2050-06-11 21:00:00,4915.22,14421.12,0.0,-9505.91
2050-06-11 22:00:00,4498.06,14541.56,0.0,-10043.51
2050-06-11 23:00:00,4079.85,14085.5,0.0,-10005.65
2050-06-12 00:00:00,3642.86,11450.78,0.0,-7807.92
2050-06-12 01:00:00,3433.67,9404.09,0.0,-5970.41
2050-06-12 02:00:00,3139.4,8679.83,0.0,-5540.43
2050-06-12 03:00:00,2973.82,7911.58,0.0,-4937.76
2050-06-12 04:00:00,2857.75,7603.7,11.04,-4756.99
2050-06-12 05:00:00,2790.79,7225.45,348.49,-4783.15
2050-06-12 06:00:00,2863.02,6295.93,670.34,-4103.25
2050-06-12 07:00:00,3025.63,7363.27,666.8,-5004.44
2050-06-12 08:00:00,3289.67,5724.83,1859.75,-4294.91
2050-06-12 09:00:00,3709.65,3201.32,2002.21,-1493.87
2050-06-12 10:00:00,3921.34,2673.51,2513.82,-1265.98
2050-06-12 11:00:00,4157.18,3556.56,2008.37,-1407.75
2050-06-12 12:00:00,4340.01,4719.98,1586.5,-1966.47
2050-06-12 13:00:00,4485.27,4987.94,1342.07,-1844.73
2050-06-12 14:00:00,4614.22,6926.35,971.17,-3283.3
2050-06-12 15:00:00,4664.03,11298.31,1408.79,-8043.07
2050-06-12 16:00:00,4807.56,11581.82,460.14,-7234.41
2050-06-12 17:00:00,5012.0,11571.0,413.53,-6972.53
2050-06-12 18:00:00,5359.88,9436.35,218.93,-4295.39
2050-06-12 19:00:00,5329.67,12743.89,0.0,-7414.22
2050-06-12 20:00:00,5237.9,13914.98,0.0,-8677.08
2050-06-12 21:00:00,5075.32,10304.28,0.0,-5228.95
2050-06-12 22:00:00,4700.69,10263.23,0.0,-5562.55
2050-06-12 23:00:00,4285.28,9497.92,0.0,-5212.64
2050-06-13 00:00:00,3830.05,10222.17,0.0,-6392.12
2050-06-13 01:00:00,3584.11,13211.23,0.0,-9627.12
2050-06-13 02:00:00,3261.22,12209.78,0.0,-8948.56
2050-06-13 03:00:00,3059.43,11063.72,0.0,-8004.28
2050-06-13 04:00:00,2927.33,10494.88,5.52,-7573.07
2050-06-13 05:00:00,2845.06,9357.18,38.58,-6550.7
2050-06-13 06:00:00,2929.02,8442.32,1345.42,-6858.73
2050-06-13 07:00:00,3206.27,7917.46,1213.85,-5925.04
2050-06-13 08:00:00,3547.67,6042.41,2070.94,-4565.68
2050-06-13 09:00:00,3987.76,5747.15,1978.97,-3738.35
2050-06-13 10:00:00,4189.88,5005.31,1706.79,-2522.22
2050-06-13 11:00:00,4332.54,5747.15,2455.81,-3870.42
2050-06-13 12:00:00,4411.77,4394.96,1887.72,-1870.91
2050-06-13 13:00:00,4465.94,4742.3,1885.02,-2161.38
2050-06-13 14:00:00,4616.33,5533.79,1949.74,-2867.2
2050-06-13 15:00:00,4796.45,4853.96,1427.09,-1484.59
2050-06-13 16:00:00,5151.81,3453.03,1308.94,389.84
2050-06-13 17:00:00,5454.53,5099.58,653.8,-298.85
2050-06-13 18:00:00,5761.28,4196.47,208.07,1356.74
2050-06-13 19:00:00,5686.27,5456.87,0.0,229.4
2050-06-13 20:00:00,5555.06,3771.73,0.0,1783.33
2050-06-13 21:00:00,5339.68,4434.65,0.0,905.04
2050-06-13 22:00:00,4910.35,6334.06,0.0,-1423.71
2050-06-13 23:00:00,4429.5,7656.49,0.0,-3226.99
2050-06-14 00:00:00,3933.77,6861.85,0.0,-2928.07
2050-06-14 01:00:00,3659.03,5900.98,0.0,-2241.95
2050-06-14 02:00:00,3298.19,8852.84,0.0,-5554.64
2050-06-14 03:00:00,3058.2,9445.13,0.0,-6386.93
2050-06-14 04:00:00,2893.84,10629.76,11.04,-7746.96
2050-06-14 05:00:00,2798.05,13641.6,1822.61,-12666.15
2050-06-14 06:00:00,2865.02,10289.62,2205.81,-9630.41
2050-06-14 07:00:00,3005.56,8621.19,2576.76,-8192.38
2050-06-14 08:00:00,3217.31,6958.62,1820.77,-5562.08
2050-06-14 09:00:00,3562.06,4037.67,1502.25,-1977.86
2050-06-14 10:00:00,3714.62,4846.51,1641.91,-2773.8
2050-06-14 11:00:00,3945.5,2833.87,1989.57,-877.95
2050-06-14 12:00:00,4214.84,3063.27,2492.92,-1341.35
2050-06-14 13:00:00,4448.18,3850.9,2167.73,-1570.46
2050-06-14 14:00:00,4702.66,2600.43,2096.04,6.19
2050-06-14 15:00:00,4953.04,3122.15,2230.28,-399.38
2050-06-14 16:00:00,5290.36,4216.3,2121.36,-1047.31
2050-06-14 17:00:00,5625.91,7817.75,1328.52,-3520.35
2050-06-14 18:00:00,6023.36,8040.61,792.92,-2810.18
2050-06-14 19:00:00,6027.41,8588.92,0.0,-2561.51
2050-06-14 20:00:00,5870.93,8849.9,0.0,-2978.97
2050-06-14 21:00:00,5616.34,5047.48,0.0,568.85
2050-06-14 22:00:00,5151.66,9879.11,0.0,-4727.45
2050-06-14 23:00:00,4600.51,9102.07,0.0,-4501.56
2050-06-15 00:00:00,4037.61,6183.83,0.0,-2146.22
2050-06-15 01:00:00,3714.64,5985.34,0.0,-2270.7
2050-06-15 02:00:00,3298.94,8835.23,0.0,-5536.29
2050-06-15 03:00:00,3032.57,6331.12,0.0,-3298.54
2050-06-15 04:00:00,2871.82,5707.46,0.0,-2835.64
2050-06-15 05:00:00,2789.74,5164.09,2228.22,-4602.56
2050-06-15 06:00:00,2855.16,5662.8,2415.22,-5222.86
2050-06-15 07:00:00,3005.72,5288.14,2708.5,-4990.93
2050-06-15 08:00:00,3272.9,3852.95,3029.63,-3609.68
2050-06-15 09:00:00,3761.9,3243.95,3838.1,-3320.14
2050-06-15 10:00:00,4064.99,2783.13,4349.6,-3067.73
2050-06-15 11:00:00,4338.7,1742.41,4594.17,-1997.89
2050-06-15 12:00:00,4579.42,1429.46,4595.12,-1445.16
2050-06-15 13:00:00,4741.84,2789.22,4346.91,-2394.29
2050-06-15 14:00:00,4927.29,3970.68,3843.21,-2886.6
2050-06-15 15:00:00,5112.54,4667.88,3092.43,-2647.76
2050-06-15 16:00:00,5380.0,5635.5,2191.72,-2447.23
2050-06-15 17:00:00,5638.31,6183.83,1643.22,-2188.74
2050-06-15 18:00:00,5976.9,7061.25,855.09,-1939.43
2050-06-15 19:00:00,5940.07,8046.47,0.0,-2106.4
2050-06-15 20:00:00,5751.69,9360.1,0.0,-3608.41
2050-06-15 21:00:00,5422.1,9574.15,0.0,-4152.05
2050-06-15 22:00:00,4906.97,9568.29,0.0,-4661.32
2050-06-15 23:00:00,4369.04,7248.91,0.0,-2879.87
2050-06-16 00:00:00,3814.07,6101.95,0.0,-2287.88
2050-06-16 01:00:00,3509.74,4883.72,0.0,-1373.98
2050-06-16 02:00:00,3159.59,5501.52,0.0,-2341.93
2050-06-16 03:00:00,2972.26,5087.17,0.0,-2114.91
2050-06-16 04:00:00,2845.98,3889.49,0.0,-1043.51
2050-06-16 05:00:00,2775.71,4119.55,2220.78,-3564.61
2050-06-16 06:00:00,2847.2,3191.16,2413.74,-2757.7
2050-06-16 07:00:00,2988.7,3881.35,2716.12,-3608.77
2050-06-16 08:00:00,3233.82,3773.78,3026.97,-3566.92
2050-06-16 09:00:00,3645.03,2965.83,3825.44,-3146.23
2050-06-16 10:00:00,3924.83,3310.94,4337.3,-3723.4
2050-06-16 11:00:00,4135.15,2872.46,4571.71,-3309.02
2050-06-16 12:00:00,4349.49,3026.73,4558.58,-3235.82
2050-06-16 13:00:00,4479.08,3946.32,4321.53,-3788.77
2050-06-16 14:00:00,4624.79,3621.53,3815.36,-2812.09
2050-06-16 15:00:00,4762.41,2911.02,3046.34,-1194.94
2050-06-16 16:00:00,5015.17,5099.58,2159.13,-2243.54
2050-06-16 17:00:00,5290.66,6521.72,1602.09,-2833.15
2050-06-16 18:00:00,5649.66,4528.94,810.02,310.71
2050-06-16 19:00:00,5588.43,5399.81,0.0,188.63
2050-06-16 20:00:00,5476.18,5583.4,0.0,-107.22
2050-06-16 21:00:00,5286.36,6221.04,0.0,-934.69
2050-06-16 22:00:00,4896.16,7234.25,0.0,-2338.09
2050-06-16 23:00:00,4474.45,7216.65,0.0,-2742.2
2050-06-17 00:00:00,4027.87,5181.46,0.0,-1153.59
2050-06-17 01:00:00,3798.06,3461.14,0.0,336.92
2050-06-17 02:00:00,3474.53,2695.85,0.0,778.69
2050-06-17 03:00:00,3284.43,2543.6,0.0,740.84
2050-06-17 04:00:00,3153.35,2890.73,0.0,262.62
2050-06-17 05:00:00,3069.91,4702.61,180.89,-1813.59
2050-06-17 06:00:00,3140.32,4352.77,807.8,-2020.24
2050-06-17 07:00:00,3361.86,2576.07,1745.95,-960.16
2050-06-17 08:00:00,3686.54,3095.74,2329.83,-1739.04
2050-06-17 09:00:00,4063.7,2618.7,2721.76,-1276.76
2050-06-17 10:00:00,4270.96,2472.54,3471.75,-1673.33
2050-06-17 11:00:00,4431.38,3059.2,4209.86,-2837.69
2050-06-17 12:00:00,4566.28,3114.01,4549.58,-3097.32
2050-06-17 13:00:00,4631.58,2829.83,4321.66,-2519.9
2050-06-17 14:00:00,4707.54,1206.72,3832.71,-331.89
2050-06-17 15:00:00,4832.09,854.69,3084.7,892.7
2050-06-17 16:00:00,5103.47,2279.68,2198.36,625.42
2050-06-17 17:00:00,5390.1,6527.58,1655.77,-2793.25
2050-06-17 18:00:00,5762.38,6270.68,885.08,-1393.38
2050-06-17 19:00:00,5779.85,5608.22,0.0,171.63
2050-06-17 20:00:00,5639.4,6054.82,0.0,-415.42
2050-06-17 21:00:00,5367.08,5340.26,0.0,26.82
2050-06-17 22:00:00,4908.63,7143.34,0.0,-2234.72
2050-06-17 23:00:00,4414.69,5124.4,0.0,-709.71
2050-06-18 00:00:00,3892.99,4883.72,0.0,-990.73
2050-06-18 01:00:00,3591.11,4021.42,0.0,-430.31
2050-06-18 02:00:00,3208.69,3714.9,0.0,-506.21
2050-06-18 03:00:00,2995.36,4925.91,0.0,-1930.55
2050-06-18 04:00:00,2858.41,4695.16,0.0,-1836.75
2050-06-18 05:00:00,2781.9,3816.41,573.17,-1607.68
2050-06-18 06:00:00,2850.5,4747.26,2330.54,-4227.3
2050-06-18 07:00:00,3020.43,4360.21,2126.92,-3466.7
2050-06-18 08:00:00,3330.81,3503.77,2712.26,-2885.23
2050-06-18 09:00:00,3896.47,3611.37,3818.69,-3533.59
2050-06-18 10:00:00,4227.76,5826.55,3492.24,-5091.02
2050-06-18 11:00:00,4547.98,6530.5,4093.07,-6075.6
2050-06-18 12:00:00,4836.42,7571.45,4551.17,-7286.2
2050-06-18 13:00:00,5028.67,9014.1,3801.76,-7787.19
2050-06-18 14:00:00,5218.04,7260.64,3284.51,-5327.1
2050-06-18 15:00:00,5398.93,9307.33,3061.56,-6969.96
2050-06-18 16:00:00,5655.33,11315.89,2174.9,-7835.45
2050-06-18 17:00:00,5912.74,12715.02,1618.66,-8420.94
2050-06-18 18:00:00,6255.5,12819.68,508.46,-7072.65
2050-06-18 19:00:00,6226.03,13230.19,0.0,-7004.16
2050-06-18 20:00:00,6037.47,11610.69,0.0,-5573.23
2050-06-18 21:00:00,5704.64,10119.56,0.0,-4414.91
2050-06-18 22:00:00,5191.08,8723.82,0.0,-3532.74
2050-06-18 23:00:00,4653.69,8257.58,0.0,-3603.9
2050-06-19 00:00:00,4099.13,8210.68,0.0,-4111.54
2050-06-19 01:00:00,3772.86,9624.01,0.0,-5851.15
2050-06-19 02:00:00,3364.21,9518.44,0.0,-6154.23
2050-06-19 03:00:00,3102.14,7207.85,0.0,-4105.71
2050-06-19 04:00:00,2921.69,8207.74,0.0,-5286.05
2050-06-19 05:00:00,2825.67,6395.63,142.73,-3712.69
2050-06-19 06:00:00,2892.14,8583.06,326.99,-6017.9
2050-06-19 07:00:00,3094.78,8204.81,697.8,-5807.83
2050-06-19 08:00:00,3495.26,6027.52,1711.45,-4243.71
2050-06-19 09:00:00,3947.34,5948.12,1598.54,-3599.32
2050-06-19 10:00:00,4184.17,4829.14,1594.06,-2239.03
2050-06-19 11:00:00,4424.54,3568.74,2863.62,-2007.82
2050-06-19 12:00:00,4635.33,3278.44,2638.7,-1281.82
2050-06-19 13:00:00,4763.37,3891.51,4140.19,-3268.33
2050-06-19 14:00:00,4908.54,6069.71,2791.99,-3953.16
2050-06-19 15:00:00,5079.77,7169.74,2898.54,-4988.51
2050-06-19 16:00:00,5359.22,7929.18,2035.27,-4605.23
2050-06-19 17:00:00,5648.35,9494.98,724.58,-4571.2
2050-06-19 18:00:00,6018.98,8984.77,131.81,-3097.6
2050-06-19 19:00:00,6012.51,4987.94,0.0,1024.57
2050-06-19 20:00:00,5850.24,9580.03,0.0,-3729.79
2050-06-19 21:00:00,5557.82,5196.35,0.0,361.46
2050-06-19 22:00:00,5095.17,5665.28,0.0,-570.12
2050-06-19 23:00:00,4607.94,2695.85,0.0,1912.09
2050-06-20 00:00:00,4101.04,3302.8,0.0,798.24
2050-06-20 01:00:00,3831.08,6779.75,0.0,-2948.67
2050-06-20 02:00:00,3483.4,8322.09,0.0,-4838.69
2050-06-20 03:00:00,3267.1,7105.22,0.0,-3838.11
2050-06-20 04:00:00,3115.76,6109.4,0.0,-2993.64
2050-06-20 05:00:00,3018.44,5831.51,1343.93,-4157.0
2050-06-20 06:00:00,3121.14,5057.41,1984.75,-3921.01
2050-06-20 07:00:00,3415.5,4819.21,2412.73,-3816.44
2050-06-20 08:00:00,3766.01,3834.68,2801.3,-2869.96
2050-06-20 09:00:00,4308.86,3706.79,3561.61,-2959.54
2050-06-20 10:00:00,4580.73,4360.21,4071.84,-3851.32
2050-06-20 11:00:00,4855.01,3702.72,4331.77,-3179.48
2050-06-20 12:00:00,5106.85,3714.9,4350.68,-2958.73
2050-06-20 13:00:00,5282.4,3856.99,4021.62,-2596.21
2050-06-20 14:00:00,5460.98,4275.85,3558.14,-2373.01
2050-06-20 15:00:00,5662.72,6062.26,2771.91,-3171.45
2050-06-20 16:00:00,5936.79,6803.2,2010.2,-2876.61
2050-06-20 17:00:00,6218.12,7471.76,1424.97,-2678.61
2050-06-20 18:00:00,6590.06,10705.99,641.61,-4757.55
2050-06-20 19:00:00,6572.24,11148.77,0.0,-4576.52
2050-06-20 20:00:00,6394.64,10148.88,0.0,-3754.24
2050-06-20 21:00:00,6077.28,13449.43,0.0,-7372.16
2050-06-20 22:00:00,5591.6,12310.83,0.0,-6719.23
2050-06-20 23:00:00,5075.67,13151.69,0.0,-8076.02
2050-06-21 00:00:00,4502.05,13644.31,0.0,-9142.26
2050-06-21 01:00:00,4178.3,14703.97,0.0,-10525.67
2050-06-21 02:00:00,3780.38,15164.1,0.0,-11383.72
2050-06-21 03:00:00,3525.15,13295.14,0.0,-9769.99
2050-06-21 04:00:00,3320.88,10667.87,0.0,-7346.99
2050-06-21 05:00:00,3165.57,11166.35,1642.58,-9643.36
2050-06-21 06:00:00,3197.86,9028.76,2117.12,-7948.01
2050-06-21 07:00:00,3480.36,6996.74,2511.39,-6027.77
2050-06-21 08:00:00,3883.91,4935.84,2879.15,-3931.08
2050-06-21 09:00:00,4413.26,5551.14,3662.91,-4800.78
2050-06-21 10:00:00,4712.57,5208.76,4174.09,-4670.27
2050-06-21 11:00:00,4992.31,4583.52,4417.55,-4008.76
2050-06-21 12:00:00,5255.32,3881.35,4417.88,-3043.91
2050-06-21 13:00:00,5441.41,2069.47,4169.56,-797.62
2050-06-21 14:00:00,5648.21,4077.36,3686.51,-2115.66
2050-06-21 15:00:00,5872.91,5620.61,2949.71,-2697.41
2050-06-21 16:00:00,6194.37,7319.28,2059.9,-3184.81
2050-06-21 17:00:00,6517.38,7835.35,1475.63,-2793.59
2050-06-21 18:00:00,6865.74,5806.71,695.77,363.26
2050-06-21 19:00:00,6801.51,7855.87,0.0,-1054.36
2050-06-21 20:00:00,6592.44,8588.92,0.0,-1996.49
2050-06-21 21:00:00,6271.34,10946.44,0.0,-4675.11
2050-06-21 22:00:00,5753.11,11518.21,0.0,-5765.11
2050-06-21 23:00:00,5200.21,9782.35,0.0,-4582.14
2050-06-22 00:00:00,4628.49,9310.25,0.0,-4681.76
2050-06-22 01:00:00,4263.14,10242.71,0.0,-5979.57
2050-06-22 02:00:00,3821.29,8424.72,0.0,-4603.43
2050-06-22 03:00:00,3518.08,9110.87,0.0,-5592.78
2050-06-22 04:00:00,3274.7,6724.03,0.0,-3449.33
2050-06-22 05:00:00,3110.87,8383.68,1560.59,-6833.4
2050-06-22 06:00:00,3131.36,7342.73,881.2,-5092.57
2050-06-22 07:00:00,3380.03,7442.44,2441.87,-6504.27
2050-06-22 08:00:00,3782.99,5543.71,2809.12,-4569.84
2050-06-22 09:00:00,4293.54,6213.61,3560.84,-5480.91
2050-06-22 10:00:00,4572.74,6803.2,4024.42,-6254.88
2050-06-22 11:00:00,4845.75,5355.13,4239.11,-4748.49
2050-06-22 12:00:00,5087.3,6413.23,3640.42,-4966.35
2050-06-22 13:00:00,5227.86,5824.06,2090.7,-2686.9
2050-06-22 14:00:00,5368.84,6979.14,492.62,-2102.92
2050-06-22 15:00:00,5478.32,7480.54,455.42,-2457.64
2050-06-22 16:00:00,5711.43,9697.3,634.45,-4620.33
2050-06-22 17:00:00,5961.43,8832.31,588.48,-3459.36
2050-06-22 18:00:00,6230.4,10005.2,234.02,-4008.82
2050-06-22 19:00:00,6074.96,10063.83,0.0,-3988.87
2050-06-22 20:00:00,5889.69,10603.36,0.0,-4713.67
2050-06-22 21:00:00,5672.62,10878.99,0.0,-5206.38
2050-06-22 22:00:00,5248.94,11236.72,0.0,-5987.78
2050-06-22 23:00:00,4783.26,10324.8,0.0,-5541.55
2050-06-23 00:00:00,4283.98,10066.77,0.0,-5782.79
2050-06-23 01:00:00,3999.75,10606.3,0.0,-6606.54
2050-06-23 02:00:00,3637.3,12177.29,0.0,-8539.99
2050-06-23 03:00:00,3419.1,12462.39,0.0,-9043.29
2050-06-23 04:00:00,3246.99,9263.35,0.0,-6016.36
2050-06-23 05:00:00,3126.96,9234.02,1064.93,-7171.99
2050-06-23 06:00:00,3191.04,9923.09,1277.43,-8009.49
2050-06-23 07:00:00,3488.14,8436.46,2074.22,-7022.54
2050-06-23 08:00:00,3893.02,7427.78,2609.99,-6144.75
2050-06-23 09:00:00,4432.59,8304.51,3196.95,-7068.87
2050-06-23 10:00:00,4746.17,6908.77,4215.14,-6377.73
2050-06-23 11:00:00,5044.86,5575.96,4481.57,-5012.68
2050-06-23 12:00:00,5314.5,5226.12,4510.65,-4422.27
2050-06-23 13:00:00,5481.63,5141.77,4290.95,-3951.09
2050-06-23 14:00:00,5642.39,6265.71,3810.9,-4434.22
2050-06-23 15:00:00,5716.74,7322.2,3068.13,-4673.59
2050-06-23 16:00:00,5962.41,8198.95,2172.71,-4409.25
2050-06-23 17:00:00,6232.63,9474.46,1651.54,-4893.37
2050-06-23 18:00:00,6604.38,11415.6,906.65,-5717.86
2050-06-23 19:00:00,6600.24,11571.0,0.0,-4970.76
2050-06-23 20:00:00,6434.38,8917.34,0.0,-2482.97
2050-06-23 21:00:00,6120.02,6847.18,0.0,-727.17
2050-06-23 22:00:00,5619.06,6964.48,0.0,-1345.42
2050-06-23 23:00:00,5096.78,6911.69,0.0,-1814.92
2050-06-24 00:00:00,4559.93,8336.75,0.0,-3776.82
2050-06-24 01:00:00,4249.66,8325.03,0.0,-4075.37
2050-06-24 02:00:00,3860.04,7556.79,0.0,-3696.75
2050-06-24 03:00:00,3606.65,6765.09,0.0,-3158.44
2050-06-24 04:00:00,3429.47,5734.76,0.0,-2305.29
2050-06-24 05:00:00,3302.79,6295.93,2236.95,-5230.09
2050-06-24 06:00:00,3366.64,4973.05,2403.85,-4010.25
2050-06-24 07:00:00,3695.26,3990.97,2688.37,-2984.08
2050-06-24 08:00:00,4142.75,1736.78,2976.58,-570.61
2050-06-24 09:00:00,4726.09,2075.11,3779.99,-1129.0
2050-06-24 10:00:00,5071.72,1336.42,4273.71,-538.41
2050-06-24 11:00:00,5393.95,1337.82,4304.01,-247.88
2050-06-24 12:00:00,5676.06,1918.64,4496.88,-739.46
2050-06-24 13:00:00,5848.7,3294.69,4255.77,-1701.75
2050-06-24 14:00:00,6009.81,3550.47,3418.47,-959.13
2050-06-24 15:00:00,6108.21,3197.25,2750.13,160.83
2050-06-24 16:00:00,6191.68,5275.75,1933.26,-1017.33
2050-06-24 17:00:00,6099.74,5767.0,1072.88,-740.14
2050-06-24 18:00:00,6332.68,8896.82,266.45,-2830.6
2050-06-24 19:00:00,6226.13,8023.01,0.0,-1796.88
2050-06-24 20:00:00,6126.61,9972.94,0.0,-3846.33
2050-06-24 21:00:00,5868.42,9588.81,0.0,-3720.4
2050-06-24 22:00:00,5348.84,8759.0,0.0,-3410.17
2050-06-24 23:00:00,4817.12,5923.32,0.0,-1106.2
2050-06-25 00:00:00,4267.53,6392.69,0.0,-2125.16
2050-06-25 01:00:00,3937.1,6873.59,0.0,-2936.48
2050-06-25 02:00:00,3524.13,5417.16,0.0,-1893.03
2050-06-25 03:00:00,3246.57,5702.49,0.0,-2455.92
2050-06-25 04:00:00,3033.98,5330.33,0.0,-2296.36
2050-06-25 05:00:00,2897.54,3848.88,300.06,-1251.4
2050-06-25 06:00:00,2945.0,3832.63,126.34,-1013.98
2050-06-25 07:00:00,3216.44,2521.26,890.82,-195.64
2050-06-25 08:00:00,3641.37,1529.55,412.76,1699.06
2050-06-25 09:00:00,4189.59,1790.35,455.39,1943.85
2050-06-25 10:00:00,4506.06,1055.88,981.1,2469.08
2050-06-25 11:00:00,4819.31,952.16,2284.27,1582.88
2050-06-25 12:00:00,5076.86,402.84,3747.9,926.12
2050-06-25 13:00:00,5201.73,793.48,4129.34,278.91
2050-06-25 14:00:00,5322.63,1178.52,3612.21,531.9
2050-06-25 15:00:00,5457.02,2239.1,2883.46,334.46
2050-06-25 16:00:00,5678.29,2752.68,1728.76,1196.85
2050-06-25 17:00:00,5913.96,3069.36,820.52,2024.08
2050-06-25 18:00:00,6238.34,3063.27,256.85,2918.21
2050-06-25 19:00:00,6205.69,3984.88,0.0,2220.81
2050-06-25 20:00:00,6032.11,4079.84,0.0,1952.27
2050-06-25 21:00:00,5731.96,4595.93,0.0,1136.03
2050-06-25 22:00:00,5250.28,3552.49,0.0,1697.78
2050-06-25 23:00:00,4742.4,4839.07,0.0,-96.67
2050-06-26 00:00:00,4210.01,2657.26,0.0,1552.75
2050-06-26 01:00:00,3899.86,2225.96,0.0,1673.91
2050-06-26 02:00:00,3503.36,1979.25,0.0,1524.11
2050-06-26 03:00:00,3237.17,2287.82,0.0,949.36
2050-06-26 04:00:00,3040.58,2063.84,0.0,976.74
2050-06-26 05:00:00,2921.44,1741.01,2283.81,-1103.38
2050-06-26 06:00:00,2972.54,1074.22,2396.48,-498.16
2050-06-26 07:00:00,3270.68,1313.86,1940.15,16.67
2050-06-26 08:00:00,3681.53,993.86,2547.9,139.78
2050-06-26 09:00:00,4232.27,638.58,2146.96,1446.73
2050-06-26 10:00:00,4547.4,587.96,1994.49,1964.95
2050-06-26 11:00:00,4852.69,981.16,3627.16,244.36
2050-06-26 12:00:00,5144.56,1927.09,3236.35,-18.88
2050-06-26 13:00:00,5341.27,2356.83,3278.66,-294.22
2050-06-26 14:00:00,5504.24,3109.97,2521.99,-127.72
2050-06-26 15:00:00,5657.74,5198.84,3077.11,-2618.21
2050-06-26 16:00:00,5907.02,8410.06,2173.2,-4676.24
2050-06-26 17:00:00,6168.7,10509.53,1645.86,-5986.68
2050-06-26 18:00:00,6500.7,10585.78,321.6,-4406.68
2050-06-26 19:00:00,6480.44,10802.76,0.0,-4322.32
2050-06-26 20:00:00,6307.41,10169.4,0.0,-3861.99
2050-06-26 21:00:00,6011.84,10676.67,0.0,-4664.83
2050-06-26 22:00:00,5523.82,9738.37,0.0,-4214.55
2050-06-26 23:00:00,4991.36,10125.42,0.0,-5134.06
2050-06-27 00:00:00,4417.95,10151.8,0.0,-5733.85
2050-06-27 01:00:00,4073.17,10398.11,0.0,-6324.94
2050-06-27 02:00:00,3651.54,9618.13,0.0,-5966.59
2050-06-27 03:00:00,3383.84,8389.54,0.0,-5005.69
2050-06-27 04:00:00,3176.92,5097.1,0.0,-1920.18
2050-06-27 05:00:00,3025.41,9087.41,651.78,-6713.78
2050-06-27 06:00:00,3053.38,10154.74,2365.74,-9467.09
2050-06-27 07:00:00,3324.45,8826.43,2691.32,-8193.3
2050-06-27 08:00:00,3729.96,8577.2,2989.26,-7836.5
2050-06-27 09:00:00,4267.28,6471.86,3831.61,-6036.19
2050-06-27 10:00:00,4554.1,6483.6,4359.01,-6288.5
2050-06-27 11:00:00,4825.49,7410.17,3806.65,-6391.34
2050-06-27 12:00:00,5123.25,7433.64,4606.66,-6917.05
2050-06-27 13:00:00,5327.1,7486.42,4364.81,-6524.13
2050-06-27 14:00:00,5524.87,9022.9,3874.62,-7372.65
2050-06-27 15:00:00,5738.3,7806.02,3129.86,-5197.59
2050-06-27 16:00:00,6034.03,10858.47,2199.08,-7023.52
2050-06-27 17:00:00,6303.83,10456.76,1670.61,-5823.53
2050-06-27 18:00:00,6622.24,10401.05,915.16,-4693.96
2050-06-27 19:00:00,6493.27,11881.36,0.0,-5388.09
2050-06-27 20:00:00,6324.8,11935.5,0.0,-5610.71
2050-06-27 21:00:00,6050.3,11931.89,0.0,-5881.59
2050-06-27 22:00:00,5573.04,10013.98,0.0,-4440.95
2050-06-27 23:00:00,5076.8,9125.53,0.0,-4048.73
2050-06-28 00:00:00,4547.98,11145.83,0.0,-6597.84
2050-06-28 01:00:00,4258.16,10928.84,0.0,-6670.68
2050-06-28 02:00:00,3900.52,10952.3,0.0,-7051.78
2050-06-28 03:00:00,3675.86,11142.89,0.0,-7467.02
2050-06-28 04:00:00,3509.02,7199.05,0.0,-3690.03
2050-06-28 05:00:00,3402.76,5692.57,2087.15,-4376.95
2050-06-28 06:00:00,3475.04,4385.03,2296.29,-3206.28
2050-06-28 07:00:00,3779.79,2436.0,2608.39,-1264.6
2050-06-28 08:00:00,4217.45,4335.41,2909.64,-3027.6
2050-06-28 09:00:00,4766.92,2464.43,3715.97,-1413.47
2050-06-28 10:00:00,5070.18,2874.48,4237.34,-2041.64
2050-06-28 11:00:00,5235.6,1993.35,4503.76,-1261.52
2050-06-28 12:00:00,5410.38,871.31,4512.73,26.33
2050-06-28 13:00:00,5579.59,1801.62,4269.98,-492.0
2050-06-28 14:00:00,5757.65,1636.69,3786.64,334.32
2050-06-28 15:00:00,5919.13,2089.2,3039.59,790.34
2050-06-28 16:00:00,6187.19,4454.5,2104.83,-372.14
2050-06-28 17:00:00,6385.69,5223.64,1500.81,-338.76
2050-06-28 18:00:00,6550.08,7935.04,696.28,-2081.25
2050-06-28 19:00:00,6314.2,8025.95,0.0,-1711.75
2050-06-28 20:00:00,6150.08,8413.0,0.0,-2262.92
2050-06-28 21:00:00,5912.26,6007.68,0.0,-95.42
2050-06-28 22:00:00,5453.41,5553.62,0.0,-100.22
2050-06-28 23:00:00,4961.09,6949.82,0.0,-1988.73
2050-06-29 00:00:00,4446.26,9770.61,0.0,-5324.35
2050-06-29 01:00:00,4162.82,9260.41,0.0,-5097.58
2050-06-29 02:00:00,3809.01,10099.03,0.0,-6290.02
2050-06-29 03:00:00,3576.67,9324.92,0.0,-5748.24
2050-06-29 04:00:00,3405.73,7935.04,0.0,-4529.31
2050-06-29 05:00:00,3291.72,5523.86,148.19,-2380.33
2050-06-29 06:00:00,3348.34,5570.99,469.42,-2692.08
2050-06-29 07:00:00,3611.02,4203.91,1339.05,-1931.94
2050-06-29 08:00:00,4022.04,3627.62,2302.76,-1908.34
2050-06-29 09:00:00,4531.59,3227.7,3271.99,-1968.09
2050-06-29 10:00:00,4794.79,2338.56,4102.88,-1646.64
2050-06-29 11:00:00,5076.95,1721.28,4385.2,-1029.53
2050-06-29 12:00:00,5283.95,935.53,4404.88,-56.46
2050-06-29 13:00:00,5368.81,915.13,4132.19,321.49
2050-06-29 14:00:00,5484.71,2994.26,3654.55,-1164.09
2050-06-29 15:00:00,5614.54,4509.08,2936.54,-1831.08
2050-06-29 16:00:00,5841.41,6580.35,2045.54,-2784.48
2050-06-29 17:00:00,6095.48,8776.59,1465.76,-4146.87
2050-06-29 18:00:00,6471.52,11242.6,689.03,-5460.11
2050-06-29 19:00:00,6462.76,9392.36,0.0,-2929.6
2050-06-29 20:00:00,6338.69,9363.04,0.0,-3024.35
2050-06-29 21:00:00,6064.56,10749.98,0.0,-4685.41
2050-06-29 22:00:00,5557.81,12639.23,0.0,-7081.43
2050-06-29 23:00:00,5002.06,11798.35,0.0,-6796.3
2050-06-30 00:00:00,4401.14,10541.79,0.0,-6140.65
2050-06-30 01:00:00,4003.86,9409.95,0.0,-5406.08
2050-06-30 02:00:00,3546.14,8773.67,0.0,-5227.52
2050-06-30 03:00:00,3216.1,7685.81,0.0,-4469.7
2050-06-30 04:00:00,2986.12,5573.48,0.0,-2587.36
2050-06-30 05:00:00,2844.95,4241.12,695.24,-2091.42
2050-06-30 06:00:00,2881.84,5236.04,2240.43,-4594.63
2050-06-30 07:00:00,3015.66,4280.81,2601.35,-3866.5
2050-06-30 08:00:00,3210.11,4248.57,2930.71,-3969.17
2050-06-30 09:00:00,3560.32,2844.03,3733.76,-3017.47
2050-06-30 10:00:00,3825.95,1793.17,4241.22,-2208.43
2050-06-30 11:00:00,4109.22,1223.63,4472.83,-1587.25
2050-06-30 12:00:00,4384.85,2029.99,4463.29,-2108.43
2050-06-30 13:00:00,4588.81,4332.93,4212.06,-3956.17
2050-06-30 14:00:00,4812.31,4891.17,3722.23,-3801.09
2050-06-30 15:00:00,5046.16,7553.85,2445.41,-4953.11
2050-06-30 16:00:00,5370.54,9072.74,1807.17,-5509.37
2050-06-30 17:00:00,5687.05,11967.98,423.44,-6704.36
2050-06-30 18:00:00,6061.86,13148.08,262.26,-7348.49
2050-06-30 19:00:00,6058.79,13904.14,11.04,-7856.38
2050-06-30 20:00:00,5920.09,12238.65,0.0,-6318.55
2050-06-30 21:00:00,5580.78,12004.06,0.0,-6423.28
2050-06-30 22:00:00,5065.58,10764.64,0.0,-5699.06
2050-06-30 23:00:00,4523.1,9421.69,0.0,-4898.59
2050-07-01 00:00:00,3928.37,7999.55,0.0,-4071.18
2050-07-01 01:00:00,3596.11,8295.71,0.0,-4699.59
2050-07-01 02:00:00,3189.48,6206.17,0.0,-3016.69
2050-07-01 03:00:00,2964.18,7058.31,0.0,-4094.13
2050-07-01 04:00:00,2830.23,8632.91,33.08,-5835.76
2050-07-01 05:00:00,2761.05,4777.04,1504.94,-3520.93
2050-07-01 06:00:00,2829.38,4432.16,1987.58,-3590.37
2050-07-01 07:00:00,2971.8,4414.79,1991.02,-3434.01
2050-07-01 08:00:00,3217.91,3288.6,2641.32,-2712.01
2050-07-01 09:00:00,3628.92,2882.59,2704.2,-1957.87
2050-07-01 10:00:00,3937.0,3069.36,3443.44,-2575.8
2050-07-01 11:00:00,4211.7,2923.2,3767.58,-2479.08
2050-07-01 12:00:00,4447.62,3398.22,3594.51,-2545.1
2050-07-01 13:00:00,4614.42,5786.86,3563.41,-4735.84
2050-07-01 14:00:00,4828.05,5948.12,3149.5,-4269.57
2050-07-01 15:00:00,5073.07,7665.29,2721.96,-5314.18
2050-07-01 16:00:00,5406.96,9310.25,1858.67,-5761.97
2050-07-01 17:00:00,5745.76,10207.51,1470.03,-5931.78
2050-07-01 18:00:00,6149.76,12588.7,694.77,-7133.72
2050-07-01 19:00:00,6179.96,12159.25,11.04,-5990.32
2050-07-01 20:00:00,6005.04,10263.23,0.0,-4258.2
2050-07-01 21:00:00,5661.06,5662.8,0.0,-1.74
2050-07-01 22:00:00,5149.88,8272.24,0.0,-3122.36
2050-07-01 23:00:00,4598.38,6979.14,0.0,-2380.76
2050-07-02 00:00:00,4019.36,5208.76,0.0,-1189.41
2050-07-02 01:00:00,3657.69,3840.77,0.0,-183.07
2050-07-02 02:00:00,3226.67,4079.84,0.0,-853.17
2050-07-02 03:00:00,2979.88,5146.72,0.0,-2166.84
2050-07-02 04:00:00,2836.89,4600.89,33.08,-1797.08
2050-07-02 05:00:00,2764.11,3580.92,1647.97,-2464.78
2050-07-02 06:00:00,2830.29,3004.39,2068.2,-2242.31
2050-07-02 07:00:00,2979.62,3164.78,2467.39,-2652.54
2050-07-02 08:00:00,3237.13,2401.48,2823.7,-1988.05
2050-07-02 09:00:00,3740.67,1557.75,3609.18,-1426.25
2050-07-02 10:00:00,4038.95,2025.78,4124.2,-2111.03
2050-07-02 11:00:00,4303.97,1497.12,4376.06,-1569.22
2050-07-02 12:00:00,4542.54,2203.39,4390.68,-2051.53
2050-07-02 13:00:00,4719.01,3331.23,4168.18,-2780.4
2050-07-02 14:00:00,4931.66,4275.85,3694.66,-3038.85
2050-07-02 15:00:00,5150.9,2854.19,2980.84,-684.13
2050-07-02 16:00:00,5443.63,7389.65,2071.5,-4017.52
2050-07-02 17:00:00,5730.82,6401.49,1504.74,-2175.4
2050-07-02 18:00:00,6088.13,9327.86,733.13,-3972.86
2050-07-02 19:00:00,6087.99,3907.76,11.04,2169.2
2050-07-02 20:00:00,5883.41,6982.08,0.0,-1098.67
2050-07-02 21:00:00,5534.64,5429.57,0.0,105.07
2050-07-02 22:00:00,5026.88,6087.06,0.0,-1060.18
2050-07-02 23:00:00,4492.79,6121.81,0.0,-1629.02
2050-07-03 00:00:00,3934.33,5680.16,0.0,-1745.83
2050-07-03 01:00:00,3602.43,5454.39,0.0,-1851.95
2050-07-03 02:00:00,3209.2,4896.13,0.0,-1686.93
2050-07-03 03:00:00,2985.22,5151.68,0.0,-2166.46
2050-07-03 04:00:00,2846.98,5248.45,22.06,-2423.54
2050-07-03 05:00:00,2770.81,4397.44,1541.51,-3168.14
2050-07-03 06:00:00,2834.78,3771.73,1956.79,-2893.75
2050-07-03 07:00:00,2987.05,2823.74,2407.06,-2243.75
2050-07-03 08:00:00,3257.63,2108.95,2780.09,-1631.41
2050-07-03 09:00:00,3808.13,1343.47,3526.48,-1061.81
2050-07-03 10:00:00,4198.83,754.19,3678.02,-233.37
2050-07-03 11:00:00,4579.83,373.36,4132.46,74.01
2050-07-03 12:00:00,4922.9,203.68,4241.0,478.22
2050-07-03 13:00:00,5157.62,187.57,4015.76,954.29
2050-07-03 14:00:00,5389.73,338.6,3158.79,1892.33
2050-07-03 15:00:00,5624.76,1250.43,1635.31,2739.02
2050-07-03 16:00:00,5940.13,2360.9,1162.53,2416.71
2050-07-03 17:00:00,6234.01,2543.6,423.44,3266.98
2050-07-03 18:00:00,6560.63,4826.66,142.73,1591.24
2050-07-03 19:00:00,6539.36,5928.28,5.52,605.56
2050-07-03 20:00:00,6303.69,4211.34,0.0,2092.35
2050-07-03 21:00:00,5921.96,3099.81,0.0,2822.15
2050-07-03 22:00:00,5401.83,2371.03,0.0,3030.8
2050-07-03 23:00:00,4880.47,2819.67,0.0,2060.8
2050-07-04 00:00:00,4345.21,1354.74,0.0,2990.47
2050-07-04 01:00:00,4026.04,2039.86,0.0,1986.18
2050-07-04 02:00:00,3636.5,1442.14,0.0,2194.36
2050-07-04 03:00:00,3370.9,1522.5,0.0,1848.41
2050-07-04 04:00:00,3157.11,1378.72,16.55,1761.84
2050-07-04 05:00:00,3002.69,881.13,375.3,1746.25
2050-07-04 06:00:00,3017.43,1881.98,535.0,600.45
2050-07-04 07:00:00,3287.15,1631.05,1752.69,-96.59
2050-07-04 08:00:00,3715.5,876.59,2696.43,142.47
2050-07-04 09:00:00,4296.25,702.8,2553.4,1040.05
2050-07-04 10:00:00,4723.34,757.96,3016.01,949.37
2050-07-04 11:00:00,5107.64,430.79,3354.38,1322.47
2050-07-04 12:00:00,5464.84,207.15,3221.32,2036.36
2050-07-04 13:00:00,5709.53,169.58,3311.26,2228.69
2050-07-04 14:00:00,5877.9,213.15,3369.23,2295.51
2050-07-04 15:00:00,6039.11,529.77,1835.61,3673.73
2050-07-04 16:00:00,6300.18,726.99,316.22,5256.96
2050-07-04 17:00:00,6532.85,918.92,262.26,5351.67
2050-07-04 18:00:00,6864.29,1970.78,356.48,4537.02
2050-07-04 19:00:00,6855.24,1663.47,5.52,5186.25
2050-07-04 20:00:00,6628.75,2330.45,0.0,4298.3
2050-07-04 21:00:00,6314.07,1745.24,0.0,4568.83
2050-07-04 22:00:00,5865.15,1215.18,0.0,4649.97
2050-07-04 23:00:00,5366.53,878.12,0.0,4488.41
2050-07-05 00:00:00,4844.39,1074.22,0.0,3770.17
2050-07-05 01:00:00,4537.02,1585.94,0.0,2951.08
2050-07-05 02:00:00,4134.92,2148.41,0.0,1986.51
2050-07-05 03:00:00,3864.06,2006.03,0.0,1858.03
2050-07-05 04:00:00,3636.59,1735.36,27.57,1873.65
2050-07-05 05:00:00,3463.73,1218.0,1780.98,464.75
2050-07-05 06:00:00,3459.72,1578.89,2148.76,-267.94
2050-07-05 07:00:00,3726.53,954.42,2484.28,287.82
2050-07-05 08:00:00,4148.02,697.52,2738.58,711.92
2050-07-05 09:00:00,4706.16,1019.22,3624.29,62.65
2050-07-05 10:00:00,5107.59,1309.64,4148.0,-350.05
2050-07-05 11:00:00,5449.12,1382.93,4408.28,-342.09
2050-07-05 12:00:00,5761.82,2108.95,4386.08,-733.21
2050-07-05 13:00:00,5979.42,2957.72,4175.62,-1153.91
2050-07-05 14:00:00,6185.54,4047.83,3698.02,-1560.31
2050-07-05 15:00:00,6387.28,5677.69,2973.82,-2264.23
2050-07-05 16:00:00,6624.51,7542.13,2044.64,-2962.26
2050-07-05 17:00:00,6844.01,6208.65,1486.95,-851.58
2050-07-05 18:00:00,7156.34,8234.14,724.26,-1802.06
2050-07-05 19:00:00,7127.72,11845.28,11.04,-4728.59
2050-07-05 20:00:00,6867.84,10623.9,0.0,-3756.06
2050-07-05 21:00:00,6483.57,9829.26,0.0,-3345.69
2050-07-05 22:00:00,5945.81,9802.88,0.0,-3857.06
2050-07-05 23:00:00,5377.94,8823.51,0.0,-3445.57
2050-07-06 00:00:00,4797.89,7932.12,0.0,-3134.23
2050-07-06 01:00:00,4444.67,8629.99,0.0,-4185.31
2050-07-06 02:00:00,4014.27,7902.8,0.0,-3888.52
2050-07-06 03:00:00,3733.66,6410.29,0.0,-2676.62
2050-07-06 04:00:00,3522.32,6621.41,22.06,-3121.16
2050-07-06 05:00:00,3383.96,6492.4,842.2,-3950.64
2050-07-06 06:00:00,3424.9,5958.04,88.02,-2621.17
2050-07-06 07:00:00,3751.1,3036.89,300.49,413.73
2050-07-06 08:00:00,4240.2,3948.34,438.84,-146.99
2050-07-06 09:00:00,4833.53,2132.92,775.78,1924.84
2050-07-06 10:00:00,5261.2,2468.47,1238.09,1554.64
2050-07-06 11:00:00,5602.34,2134.32,1381.9,2086.13
2050-07-06 12:00:00,5897.28,3349.5,1749.95,797.84
2050-07-06 13:00:00,6099.53,4873.81,1299.17,-73.45
2050-07-06 14:00:00,6279.45,4695.16,353.85,1230.43
2050-07-06 15:00:00,6421.63,9148.99,888.98,-3616.35
2050-07-06 16:00:00,6655.96,9319.06,1488.35,-4151.44
2050-07-06 17:00:00,6891.69,12595.93,727.25,-6431.49
2050-07-06 18:00:00,7185.64,9729.57,363.18,-2907.11
2050-07-06 19:00:00,7172.43,8958.39,5.52,-1791.48
2050-07-06 20:00:00,6926.91,7410.17,0.0,-483.27
2050-07-06 21:00:00,6562.42,6039.92,0.0,522.5
2050-07-06 22:00:00,6050.36,6255.79,0.0,-205.42
2050-07-06 23:00:00,5484.31,4943.27,0.0,541.04
2050-07-07 00:00:00,4898.01,9222.28,0.0,-4324.28
2050-07-07 01:00:00,4546.67,8565.48,0.0,-4018.8
2050-07-07 02:00:00,4125.38,8222.4,0.0,-4097.02
2050-07-07 03:00:00,3839.4,7260.64,0.0,-3421.23
2050-07-07 04:00:00,3617.13,7204.93,27.57,-3615.37
2050-07-07 05:00:00,3460.5,6753.35,2344.05,-5636.91
2050-07-07 06:00:00,3467.05,7436.56,2386.87,-6356.38
2050-07-07 07:00:00,3723.0,5499.04,2666.89,-4442.93
2050-07-07 08:00:00,4105.21,5084.69,2994.52,-3974.0
2050-07-07 09:00:00,4626.45,4409.83,3833.79,-3617.16
2050-07-07 10:00:00,5021.29,4657.95,4369.3,-4005.96
2050-07-07 11:00:00,5332.31,5362.58,4633.82,-4664.09
2050-07-07 12:00:00,5570.06,6463.07,4644.28,-5537.29
2050-07-07 13:00:00,5706.99,6568.63,4412.12,-5273.76
2050-07-07 14:00:00,5837.71,6183.83,3937.03,-4283.15
2050-07-07 15:00:00,5972.65,9368.9,3196.37,-6592.62
2050-07-07 16:00:00,6188.84,5628.06,2208.54,-1647.76
2050-07-07 17:00:00,6385.15,4982.98,1657.09,-254.92
2050-07-07 18:00:00,6661.32,4509.08,900.42,1251.81
2050-07-07 19:00:00,6631.84,4097.21,11.04,2523.59
2050-07-07 20:00:00,6357.19,5151.68,0.0,1205.5
2050-07-07 21:00:00,5971.26,5749.63,0.0,221.63
2050-07-07 22:00:00,5453.27,5767.0,0.0,-313.73
2050-07-07 23:00:00,4921.91,3877.31,0.0,1044.6
2050-07-08 00:00:00,4373.69,3282.51,0.0,1091.18
2050-07-08 01:00:00,4058.92,2872.46,0.0,1186.47
2050-07-08 02:00:00,3672.94,3347.48,0.0,325.47
2050-07-08 03:00:00,3425.36,2590.27,0.0,835.08
2050-07-08 04:00:00,3247.71,2572.0,27.57,648.13
2050-07-08 05:00:00,3132.63,2065.24,2209.19,-1141.8
2050-07-08 06:00:00,3166.19,1879.16,2312.38,-1025.35
2050-07-08 07:00:00,3345.14,1756.51,2607.9,-1019.27
2050-07-08 08:00:00,3668.27,1343.47,2954.24,-629.44
2050-07-08 09:00:00,4085.61,1172.89,3787.83,-875.1
2050-07-08 10:00:00,4445.07,1763.56,4324.34,-1642.82
2050-07-08 11:00:00,4672.07,2209.04,4586.92,-2123.89
2050-07-08 12:00:00,4908.62,2213.26,4607.19,-1911.82
2050-07-08 13:00:00,5073.13,3349.5,4381.41,-2657.78
2050-07-08 14:00:00,5251.42,4635.62,3896.52,-3280.72
2050-07-08 15:00:00,5448.51,5732.27,3157.69,-3441.46
2050-07-08 16:00:00,5730.82,4789.45,2184.06,-1242.69
2050-07-08 17:00:00,6011.88,4782.01,1619.82,-389.94
2050-07-08 18:00:00,6356.94,4973.05,847.36,536.52
2050-07-08 19:00:00,6396.11,4335.41,11.04,2049.66
2050-07-08 20:00:00,6178.87,2120.22,0.0,4058.65
2050-07-08 21:00:00,5822.32,3641.82,0.0,2180.5
2050-07-08 22:00:00,5322.84,3461.14,0.0,1861.7
2050-07-08 23:00:00,4801.3,2185.08,0.0,2616.22
2050-07-09 00:00:00,4262.71,1592.99,0.0,2669.71
2050-07-09 01:00:00,3951.67,1480.2,0.0,2471.47
2050-07-09 02:00:00,3570.72,1530.97,0.0,2039.76
2050-07-09 03:00:00,3325.12,2835.92,0.0,489.21
2050-07-09 04:00:00,3140.87,5479.19,22.06,-2360.38
2050-07-09 05:00:00,3020.36,3000.35,2021.55,-2001.54
2050-07-09 06:00:00,3065.68,1966.57,2193.88,-1094.77
2050-07-09 07:00:00,3330.35,534.31,2524.18,271.87
2050-07-09 08:00:00,3631.26,1380.12,2893.12,-641.97
2050-07-09 09:00:00,4074.8,2462.38,3716.06,-2103.64
2050-07-09 10:00:00,4388.22,2072.29,4250.21,-1934.28
2050-07-09 11:00:00,4638.97,1545.05,4510.06,-1416.14
2050-07-09 12:00:00,4881.1,1879.16,4525.7,-1523.76
2050-07-09 13:00:00,5027.44,1673.33,4280.66,-926.56
2050-07-09 14:00:00,5214.3,1095.35,3356.84,762.11
2050-07-09 15:00:00,5414.61,849.4,3082.77,1482.44
2050-07-09 16:00:00,5706.63,1631.05,2133.92,1941.65
2050-07-09 17:00:00,5996.33,2199.16,1547.96,2249.21
2050-07-09 18:00:00,6349.7,4749.74,777.76,822.2
2050-07-09 19:00:00,6403.23,6345.78,11.04,46.41
2050-07-09 20:00:00,6194.17,6007.68,0.0,186.49
2050-07-09 21:00:00,5846.52,5387.4,0.0,459.13
2050-07-09 22:00:00,5353.41,4397.44,0.0,955.97
2050-07-09 23:00:00,4836.98,5794.3,0.0,-957.32
2050-07-10 00:00:00,4307.01,1695.9,0.0,2611.11
2050-07-10 01:00:00,4002.88,3319.05,0.0,683.83
2050-07-10 02:00:00,3626.48,4179.1,0.0,-552.61
2050-07-10 03:00:00,3387.32,3804.23,0.0,-416.9
2050-07-10 04:00:00,3207.61,3448.96,22.06,-263.42
2050-07-10 05:00:00,3093.69,3239.88,2006.45,-2152.63
2050-07-10 06:00:00,3134.12,3696.63,2190.17,-2752.68
2050-07-10 07:00:00,3422.12,3284.53,2526.12,-2388.54
2050-07-10 08:00:00,3786.18,3613.39,2901.37,-2728.58
2050-07-10 09:00:00,4227.15,2114.59,3724.21,-1611.65
2050-07-10 10:00:00,4542.38,1523.92,4251.91,-1233.45
2050-07-10 11:00:00,4773.62,1772.02,4508.07,-1506.47
2050-07-10 12:00:00,4934.42,2714.12,4517.96,-2297.66
2050-07-10 13:00:00,4931.06,2216.09,4294.72,-1579.75
2050-07-10 14:00:00,4875.92,2586.23,3812.09,-1522.4
2050-07-10 15:00:00,4867.59,3034.84,3071.46,-1238.72
2050-07-10 16:00:00,5030.0,4836.59,2108.62,-1915.2
2050-07-10 17:00:00,5255.16,5481.67,1508.39,-1734.9
2050-07-10 18:00:00,5595.32,6186.31,737.38,-1328.37
2050-07-10 19:00:00,5643.54,7917.46,11.04,-2284.95
2050-07-10 20:00:00,5520.96,7424.84,0.0,-1903.88
2050-07-10 21:00:00,5323.36,9351.3,0.0,-4027.94
2050-07-10 22:00:00,4944.04,8952.53,0.0,-4008.49
2050-07-10 23:00:00,4514.18,10345.33,0.0,-5831.15
2050-07-11 00:00:00,4034.29,6718.17,0.0,-2683.88
2050-07-11 01:00:00,3766.9,6492.4,0.0,-2725.49
2050-07-11 02:00:00,3418.78,5707.46,0.0,-2288.68
2050-07-11 03:00:00,3198.4,4268.42,0.0,-1070.02
2050-07-11 04:00:00,3029.8,3891.51,11.04,-872.75
2050-07-11 05:00:00,2918.23,3323.12,1586.06,-1990.94
2050-07-11 06:00:00,2960.01,4484.26,1996.42,-3520.67
2050-07-11 07:00:00,3252.01,3197.25,2395.68,-2340.92
2050-07-11 08:00:00,3614.66,2537.51,2812.7,-1735.54
2050-07-11 09:00:00,4102.06,1905.94,3613.75,-1417.63
2050-07-11 10:00:00,4462.85,1666.28,4133.93,-1337.36
2050-07-11 11:00:00,4734.13,1614.14,4386.74,-1266.75
2050-07-11 12:00:00,4993.48,2201.99,4344.63,-1553.15
2050-07-11 13:00:00,5179.0,1908.76,4120.04,-849.8
2050-07-11 14:00:00,5374.15,2574.05,3620.89,-820.79
2050-07-11 15:00:00,5577.77,4270.9,2330.31,-1023.45
2050-07-11 16:00:00,5853.8,5829.03,1579.6,-1554.82
2050-07-11 17:00:00,6105.32,9439.27,175.44,-3509.39
2050-07-11 18:00:00,6393.6,6398.57,283.87,-288.84
2050-07-11 19:00:00,6397.61,6847.18,5.52,-455.09
2050-07-11 20:00:00,6152.58,8040.61,0.0,-1888.03
2050-07-11 21:00:00,5800.82,5508.97,0.0,291.85
2050-07-11 22:00:00,5320.33,5099.58,0.0,220.75
2050-07-11 23:00:00,4813.82,6911.69,0.0,-2097.88
2050-07-12 00:00:00,4288.06,3438.83,0.0,849.23
2050-07-12 01:00:00,3978.43,5265.83,0.0,-1287.39
2050-07-12 02:00:00,3593.68,6198.72,0.0,-2605.04
2050-07-12 03:00:00,3353.8,4982.98,0.0,-1629.18
2050-07-12 04:00:00,3177.62,3999.11,5.52,-827.01
2050-07-12 05:00:00,3062.35,2492.83,229.78,339.74
2050-07-12 06:00:00,3089.7,3528.13,673.39,-1111.82
2050-07-12 07:00:00,3337.7,3231.77,1023.16,-917.23
2050-07-12 08:00:00,3700.93,2959.74,2752.61,-2011.42
2050-07-12 09:00:00,4215.96,2687.71,3675.24,-2147.0
2050-07-12 10:00:00,4619.57,3361.68,4215.36,-2957.47
2050-07-12 11:00:00,4919.86,2825.76,4475.79,-2381.69
2050-07-12 12:00:00,5179.16,3777.82,4424.43,-3023.1
2050-07-12 13:00:00,5333.24,5045.0,4235.31,-3947.08
2050-07-12 14:00:00,5466.03,5116.96,3068.93,-2719.86
2050-07-12 15:00:00,5618.04,6074.67,1664.02,-2120.65
2050-07-12 16:00:00,5861.3,8190.15,1941.8,-4270.65
2050-07-12 17:00:00,6018.15,7524.53,1483.89,-2990.27
2050-07-12 18:00:00,6254.39,10222.17,718.2,-4685.98
2050-07-12 19:00:00,6208.7,14001.58,5.52,-7798.4
2050-07-12 20:00:00,5986.13,14578.1,0.0,-8591.97
2050-07-12 21:00:00,5700.87,10380.51,0.0,-4679.64
2050-07-12 22:00:00,5257.58,10796.9,0.0,-5539.32
2050-07-12 23:00:00,4787.49,9178.3,0.0,-4390.81
2050-07-13 00:00:00,4295.16,7034.85,0.0,-2739.69
2050-07-13 01:00:00,4017.35,5551.14,0.0,-1533.79
2050-07-13 02:00:00,3657.55,5474.24,0.0,-1816.69
2050-07-13 03:00:00,3428.88,3451.01,0.0,-22.13
2050-07-13 04:00:00,3265.86,3053.11,11.04,201.71
2050-07-13 05:00:00,3159.52,2056.79,1803.05,-700.32
2050-07-13 06:00:00,3188.61,1766.39,2056.1,-633.88
2050-07-13 07:00:00,3378.91,1313.86,2429.13,-364.08
2050-07-13 08:00:00,3622.1,1717.05,2815.05,-910.0
2050-07-13 09:00:00,4066.94,1746.64,3619.18,-1298.88
2050-07-13 10:00:00,4424.88,1687.43,3669.13,-931.69
2050-07-13 11:00:00,4610.67,1662.07,4437.54,-1488.94
2050-07-13 12:00:00,4802.42,1253.25,4198.88,-649.7
2050-07-13 13:00:00,4895.73,2203.39,4073.8,-1381.46
2050-07-13 14:00:00,5036.41,2947.56,3521.26,-1432.41
2050-07-13 15:00:00,5018.39,4362.69,2995.6,-2339.91
2050-07-13 16:00:00,5155.31,3812.34,2071.52,-728.55
2050-07-13 17:00:00,5308.0,4536.38,1425.17,-653.55
2050-07-13 18:00:00,5566.13,5027.63,642.52,-104.03
2050-07-13 19:00:00,5604.26,5893.54,5.52,-294.8
2050-07-13 20:00:00,5507.54,6659.52,0.0,-1151.99
2050-07-13 21:00:00,5320.36,5665.28,0.0,-344.92
2050-07-13 22:00:00,4965.74,5501.52,0.0,-535.78
2050-07-13 23:00:00,4572.36,6290.51,0.0,-1718.16
2050-07-14 00:00:00,4139.15,7037.79,0.0,-2898.64
2050-07-14 01:00:00,3916.33,6316.46,0.0,-2400.12
2050-07-14 02:00:00,3614.41,6030.0,0.0,-2415.59
2050-07-14 03:00:00,3450.38,4102.18,0.0,-651.79
2050-07-14 04:00:00,3334.03,3373.86,5.52,-45.35
2050-07-14 05:00:00,3275.98,2006.03,1456.24,-186.29
2050-07-14 06:00:00,3329.94,2052.56,1870.36,-592.98
2050-07-14 07:00:00,3566.58,766.27,2322.24,478.07
2050-07-14 08:00:00,3891.25,1381.53,2748.35,-238.63
2050-07-14 09:00:00,4338.48,1752.29,3572.02,-985.82
2050-07-14 10:00:00,4699.27,3282.51,4035.0,-2618.24
2050-07-14 11:00:00,4980.04,2332.47,3767.54,-1119.97
2050-07-14 12:00:00,5228.98,2902.91,4373.5,-2047.43
2050-07-14 13:00:00,5413.56,1952.47,4131.18,-670.09
2050-07-14 14:00:00,5588.41,2740.5,3653.8,-805.9
2050-07-14 15:00:00,5774.46,4169.17,2938.59,-1333.3
2050-07-14 16:00:00,6019.0,4193.99,2020.39,-195.37
2050-07-14 17:00:00,6233.4,9157.78,1086.88,-4011.26
2050-07-14 18:00:00,6488.98,7583.18,316.22,-1410.42
2050-07-14 19:00:00,6490.86,9867.38,0.0,-3376.52
2050-07-14 20:00:00,6291.42,11339.35,0.0,-5047.94
2050-07-14 21:00:00,6008.23,8354.35,0.0,-2346.12
2050-07-14 22:00:00,5585.92,9691.44,0.0,-4105.52
2050-07-14 23:00:00,5121.63,7536.27,0.0,-2414.64
2050-07-15 00:00:00,4590.09,5764.52,0.0,-1174.43
2050-07-15 01:00:00,4276.59,4233.68,0.0,42.92
2050-07-15 02:00:00,3893.26,4978.01,0.0,-1084.75
2050-07-15 03:00:00,3644.76,3166.8,0.0,477.97
2050-07-15 04:00:00,3446.66,3166.8,0.0,279.86
2050-07-15 05:00:00,3300.57,2941.47,60.58,298.52
2050-07-15 06:00:00,3294.16,1535.18,300.06,1458.92
2050-07-15 07:00:00,3526.56,825.21,540.63,2160.72
2050-07-15 08:00:00,3846.44,1422.41,989.67,1434.36
2050-07-15 09:00:00,4292.99,1234.91,1163.27,1894.81
2050-07-15 10:00:00,4651.83,488.22,2357.36,1806.26
2050-07-15 11:00:00,4904.64,415.67,2287.57,2201.39
2050-07-15 12:00:00,5119.26,748.9,3118.53,1251.82
2050-07-15 13:00:00,5218.96,1046.02,2856.26,1316.68
2050-07-15 14:00:00,5323.08,618.94,2518.96,2185.17
2050-07-15 15:00:00,5467.79,687.7,2014.63,2765.46
2050-07-15 16:00:00,5713.43,1349.1,2004.89,2359.44
2050-07-15 17:00:00,5957.96,2911.02,1219.55,1827.39
2050-07-15 18:00:00,6270.94,4029.56,633.57,1607.81
2050-07-15 19:00:00,6315.86,5600.78,0.0,715.08
2050-07-15 20:00:00,6087.6,4074.88,0.0,2012.72
2050-07-15 21:00:00,5720.72,6206.17,0.0,-485.44
2050-07-15 22:00:00,5222.48,8196.01,0.0,-2973.53
2050-07-15 23:00:00,4702.23,8498.03,0.0,-3795.8
2050-07-16 00:00:00,4169.84,8040.61,0.0,-3870.78
2050-07-16 01:00:00,3868.7,7421.9,0.0,-3553.19
2050-07-16 02:00:00,3495.46,6213.61,0.0,-2718.15
2050-07-16 03:00:00,3262.14,5570.99,0.0,-2308.85
2050-07-16 04:00:00,3091.54,4298.18,5.52,-1212.17
2050-07-16 05:00:00,2998.09,4466.91,1610.15,-3078.97
2050-07-16 06:00:00,3036.36,3536.27,1911.68,-2411.59
2050-07-16 07:00:00,3192.92,2541.55,2308.36,-1656.99
2050-07-16 08:00:00,3431.26,2864.32,2765.4,-2198.46
2050-07-16 09:00:00,3847.27,1158.79,3564.16,-875.68
2050-07-16 10:00:00,4227.93,986.81,4086.93,-845.81
2050-07-16 11:00:00,4509.39,702.8,4338.43,-531.84
2050-07-16 12:00:00,4760.72,968.48,3853.19,-60.95
2050-07-16 13:00:00,4926.74,1154.56,4109.19,-337.0
2050-07-16 14:00:00,5112.11,1945.42,3635.07,-468.38
2050-07-16 15:00:00,5325.8,3392.13,2919.52,-985.85
2050-07-16 16:00:00,5632.64,4308.11,2008.22,-683.69
2050-07-16 17:00:00,5907.44,5585.89,1254.94,-933.39
2050-07-16 18:00:00,6221.59,5774.45,287.74,159.4
2050-07-16 19:00:00,6247.84,7594.9,0.0,-1347.06
2050-07-16 20:00:00,6065.22,7011.4,0.0,-946.18
2050-07-16 21:00:00,5783.13,5186.43,0.0,596.71
2050-07-16 22:00:00,5361.09,4819.21,0.0,541.88
2050-07-16 23:00:00,4906.67,4362.69,0.0,543.97
2050-07-17 00:00:00,4419.41,4476.82,0.0,-57.41
2050-07-17 01:00:00,4152.61,2965.83,0.0,1186.78
2050-07-17 02:00:00,3803.71,2750.66,0.0,1053.06
2050-07-17 03:00:00,3585.42,1960.92,0.0,1624.51
2050-07-17 04:00:00,3422.34,902.29,5.52,2514.52
2050-07-17 05:00:00,3328.84,1112.28,1199.83,1016.73
2050-07-17 06:00:00,3358.43,1289.89,1802.06,266.48
2050-07-17 07:00:00,3594.93,1237.73,2258.63,98.57
2050-07-17 08:00:00,3932.41,1698.71,2750.35,-516.65
2050-07-17 09:00:00,4408.86,1725.49,3241.68,-558.31
2050-07-17 10:00:00,4809.19,1955.29,3432.71,-578.8
2050-07-17 11:00:00,5109.99,2114.59,4167.25,-1171.85
2050-07-17 12:00:00,5382.58,2602.45,2504.63,275.5
2050-07-17 13:00:00,5584.05,3940.23,2648.7,-1004.88
2050-07-17 14:00:00,5795.64,5920.84,1880.3,-2005.5
2050-07-17 15:00:00,6000.43,8389.54,159.1,-2548.21
2050-07-17 16:00:00,6270.5,9741.29,109.93,-3580.72
2050-07-17 17:00:00,6518.6,9650.4,71.56,-3203.36
2050-07-17 18:00:00,6812.77,10623.9,98.98,-3910.11
2050-07-17 19:00:00,6824.8,12765.54,0.0,-5940.74
2050-07-17 20:00:00,6565.72,11823.63,0.0,-5257.91
2050-07-17 21:00:00,6201.64,8539.08,0.0,-2337.44
2050-07-17 22:00:00,5707.01,5139.29,0.0,567.72
2050-07-17 23:00:00,5180.17,3432.74,0.0,1747.43
2050-07-18 00:00:00,4664.35,3917.89,0.0,746.45
2050-07-18 01:00:00,4358.94,2224.54,0.0,2134.4
2050-07-18 02:00:00,3983.12,3245.97,0.0,737.15
2050-07-18 03:00:00,3743.68,3014.55,0.0,729.12
2050-07-18 04:00:00,3546.14,3522.04,0.0,24.09
2050-07-18 05:00:00,3411.38,3355.59,2021.9,-1966.11
2050-07-18 06:00:00,3413.56,3026.73,2090.72,-1703.89
2050-07-18 07:00:00,3675.41,4509.08,2424.48,-3258.15
2050-07-18 08:00:00,4054.85,3302.8,2891.66,-2139.61
2050-07-18 09:00:00,4569.89,3491.59,2189.7,-1111.4
2050-07-18 10:00:00,5003.13,4062.49,4120.44,-3179.79
2050-07-18 11:00:00,5311.79,5362.58,4537.17,-4587.96
2050-07-18 12:00:00,5572.7,5806.71,4563.81,-4797.82
2050-07-18 13:00:00,5708.44,4819.21,4342.13,-3452.9
2050-07-18 14:00:00,5793.94,5861.29,3876.24,-3943.59
2050-07-18 15:00:00,5943.92,5387.4,3134.15,-2577.63
2050-07-18 16:00:00,6223.14,7723.93,2153.07,-3653.86
2050-07-18 17:00:00,6524.06,9817.54,1485.41,-4778.89
2050-07-18 18:00:00,6909.68,10354.13,723.58,-4168.03
2050-07-18 19:00:00,7014.87,9398.23,0.0,-2383.36
2050-07-18 20:00:00,6813.78,7882.27,0.0,-1068.49
2050-07-18 21:00:00,6448.6,8456.99,0.0,-2008.38
2050-07-18 22:00:00,5955.73,8401.26,0.0,-2445.53
2050-07-18 23:00:00,5427.02,8615.33,0.0,-3188.31
2050-07-19 00:00:00,4869.48,7201.99,0.0,-2332.51
2050-07-19 01:00:00,4545.47,5432.05,0.0,-886.58
2050-07-19 02:00:00,4159.54,5221.15,0.0,-1061.61
2050-07-19 03:00:00,3897.1,5513.93,0.0,-1616.83
2050-07-19 04:00:00,3701.53,4836.59,0.0,-1135.06
2050-07-19 05:00:00,3578.51,3412.42,2378.95,-2212.87
2050-07-19 06:00:00,3594.53,3162.73,2203.77,-1771.98
2050-07-19 07:00:00,3837.99,2917.11,2490.48,-1569.6
2050-07-19 08:00:00,4219.2,1880.58,2962.91,-624.28
2050-07-19 09:00:00,4704.38,2156.88,3813.05,-1265.54
2050-07-19 10:00:00,5080.75,1302.59,4357.32,-579.16
2050-07-19 11:00:00,5296.32,1523.92,4626.01,-853.61
2050-07-19 12:00:00,5497.02,1525.32,4650.04,-678.34
2050-07-19 13:00:00,5558.01,1191.22,4428.72,-61.93
2050-07-19 14:00:00,5576.6,1268.74,3943.62,364.23
2050-07-19 15:00:00,5629.81,2870.41,3194.88,-435.48
2050-07-19 16:00:00,5813.71,4248.57,2200.67,-635.53
2050-07-19 17:00:00,5805.0,4494.19,1519.34,-208.53
2050-07-19 18:00:00,6135.51,6750.43,752.12,-1367.04
2050-07-19 19:00:00,6238.2,5342.74,0.0,895.46
2050-07-19 20:00:00,6080.27,5734.76,0.0,345.51
2050-07-19 21:00:00,5791.54,6662.46,0.0,-870.92
2050-07-19 22:00:00,5380.0,7313.42,0.0,-1933.42
2050-07-19 23:00:00,4914.3,6694.72,0.0,-1780.42
2050-07-20 00:00:00,4430.52,5446.94,0.0,-1016.43
2050-07-20 01:00:00,4139.89,6188.8,0.0,-2048.9
2050-07-20 02:00:00,3759.37,6104.43,0.0,-2345.06
2050-07-20 03:00:00,3506.88,6322.32,0.0,-2815.43
2050-07-20 04:00:00,3313.33,5020.18,0.0,-1706.86
2050-07-20 05:00:00,3192.13,3919.94,2275.64,-3003.44
2050-07-20 06:00:00,3203.68,2659.31,2135.38,-1591.01
2050-07-20 07:00:00,3460.79,3176.96,2433.4,-2149.57
2050-07-20 08:00:00,3819.77,2866.37,2928.12,-1974.71
2050-07-20 09:00:00,4316.0,1798.8,3210.35,-693.14
2050-07-20 10:00:00,4721.36,884.16,3180.41,656.8
2050-07-20 11:00:00,4997.05,516.93,3591.33,888.79
2050-07-20 12:00:00,5225.0,0.0,3983.65,1241.35
2050-07-20 13:00:00,5395.25,252.31,4398.07,744.87
2050-07-20 14:00:00,5557.9,1477.39,3848.29,232.22
2050-07-20 15:00:00,5733.3,4705.09,3147.05,-2118.84
2050-07-20 16:00:00,6013.18,3818.43,2207.14,-12.39
2050-07-20 17:00:00,6298.61,5806.71,1520.97,-1029.06
2050-07-20 18:00:00,6581.96,6325.26,705.08,-448.38
2050-07-20 19:00:00,6621.06,7773.78,0.0,-1152.72
2050-07-20 20:00:00,6398.14,8805.91,0.0,-2407.77
2050-07-20 21:00:00,6031.15,10157.66,0.0,-4126.51
2050-07-20 22:00:00,5572.68,8251.72,0.0,-2679.04
2050-07-20 23:00:00,5112.67,4355.25,0.0,757.42
2050-07-21 00:00:00,4619.32,4923.43,0.0,-304.11
2050-07-21 01:00:00,4334.67,3783.91,0.0,550.76
2050-07-21 02:00:00,3957.37,2762.84,0.0,1194.54
2050-07-21 03:00:00,3714.16,3489.57,0.0,224.6
2050-07-21 04:00:00,3529.91,3712.88,0.0,-182.97
2050-07-21 05:00:00,3414.49,3051.09,2356.47,-1993.07
2050-07-21 06:00:00,3424.02,2464.43,1877.13,-917.54
2050-07-21 07:00:00,3680.8,3796.09,2454.84,-2570.13
2050-07-21 08:00:00,4031.24,3319.05,2782.12,-2069.93
2050-07-21 09:00:00,4504.51,3085.61,3802.48,-2383.57
2050-07-21 10:00:00,4902.98,3168.82,4333.78,-2599.62
2050-07-21 11:00:00,5196.12,1843.91,4366.56,-1014.35
2050-07-21 12:00:00,5460.2,1897.49,3793.11,-230.41
2050-07-21 13:00:00,5629.92,2716.14,2957.96,-44.18
2050-07-21 14:00:00,5774.14,7111.1,2357.28,-3694.24
2050-07-21 15:00:00,5938.34,7152.14,2087.62,-3301.42
2050-07-21 16:00:00,6201.83,8539.08,1432.96,-3770.21
2050-07-21 17:00:00,6291.56,8946.67,229.78,-2884.88
2050-07-21 18:00:00,6356.53,9445.13,93.5,-3182.11
2050-07-21 19:00:00,6346.37,9477.4,0.0,-3131.03
2050-07-21 20:00:00,6147.65,12473.22,0.0,-6325.57
2050-07-21 21:00:00,5810.26,13622.66,0.0,-7812.4
2050-07-21 22:00:00,5351.38,14145.05,0.0,-8793.66
2050-07-21 23:00:00,4858.58,14870.42,0.0,-10011.85
2050-07-22 00:00:00,4350.78,15127.56,0.0,-10776.78
2050-07-22 01:00:00,4059.74,14552.39,0.0,-10492.65
2050-07-22 02:00:00,3689.5,14050.3,0.0,-10360.8
2050-07-22 03:00:00,3451.18,9905.49,0.0,-6454.32
2050-07-22 04:00:00,3264.65,8782.45,0.0,-5517.8
2050-07-22 05:00:00,3149.2,7114.02,1294.17,-5258.98
2050-07-22 06:00:00,3160.83,5811.67,1186.36,-3837.2
2050-07-22 07:00:00,3410.59,4521.49,848.4,-1959.3
2050-07-22 08:00:00,3745.74,2641.04,2798.89,-1694.18
2050-07-22 09:00:00,4199.72,3335.3,2831.73,-1967.3
2050-07-22 10:00:00,4579.35,1753.69,2356.38,469.28
2050-07-22 11:00:00,4848.45,797.26,1602.28,2448.91
2050-07-22 12:00:00,5091.98,1609.91,1765.84,1716.23
2050-07-22 13:00:00,5264.72,1760.74,2786.25,717.73
2050-07-22 14:00:00,5472.52,2943.49,2991.78,-462.76
2050-07-22 15:00:00,5707.1,3763.62,2773.37,-829.89
2050-07-22 16:00:00,6031.46,7266.5,733.06,-1968.09
2050-07-22 17:00:00,6367.78,7430.7,874.47,-1937.38
2050-07-22 18:00:00,6758.05,10131.28,519.08,-3892.31
2050-07-22 19:00:00,6840.42,14399.47,0.0,-7559.05
2050-07-22 20:00:00,6627.63,7949.7,0.0,-1322.08
2050-07-22 21:00:00,6278.4,6000.23,0.0,278.17
2050-07-22 22:00:00,5779.15,4332.93,0.0,1446.22
2050-07-22 23:00:00,5238.99,2559.82,0.0,2679.16
2050-07-23 00:00:00,4670.23,4193.99,0.0,476.24
2050-07-23 01:00:00,4338.37,10286.68,0.0,-5948.31
2050-07-23 02:00:00,3928.0,9401.15,0.0,-5473.15
2050-07-23 03:00:00,3663.76,10837.95,0.0,-7174.18
2050-07-23 04:00:00,3450.1,6967.42,0.0,-3517.32
2050-07-23 05:00:00,3314.31,6597.95,98.98,-3382.62
2050-07-23 06:00:00,3298.8,5888.57,357.48,-2947.25
2050-07-23 07:00:00,3433.52,7028.99,1394.57,-4990.04
2050-07-23 08:00:00,3591.14,7028.99,1738.35,-5176.19
2050-07-23 09:00:00,3890.72,3995.04,2313.48,-2417.79
2050-07-23 10:00:00,4082.33,3276.42,2563.69,-1757.78
2050-07-23 11:00:00,4172.42,1980.67,3630.8,-1439.05
2050-07-23 12:00:00,4231.84,626.49,4023.35,-418.0
2050-07-23 13:00:00,4250.57,541.11,3656.57,52.89
2050-07-23 14:00:00,4299.87,1381.53,2830.29,88.05
2050-07-23 15:00:00,4387.53,1952.47,2790.98,-355.92
2050-07-23 16:00:00,4596.16,3219.59,2000.98,-624.41
2050-07-23 17:00:00,4892.07,4985.46,1267.14,-1360.53
2050-07-23 18:00:00,5366.47,7635.96,479.85,-2749.34
2050-07-23 19:00:00,5616.61,9415.81,0.0,-3799.2
2050-07-23 20:00:00,5574.42,8011.29,0.0,-2436.86
2050-07-23 21:00:00,5374.12,7612.5,0.0,-2238.38
2050-07-23 22:00:00,5025.51,7234.25,0.0,-2208.74
2050-07-23 23:00:00,4627.72,7644.76,0.0,-3017.04
2050-07-24 00:00:00,4196.81,5598.29,0.0,-1401.49
2050-07-24 01:00:00,3963.22,6154.05,0.0,-2190.83
2050-07-24 02:00:00,3631.22,6310.6,0.0,-2679.37
2050-07-24 03:00:00,3431.94,3942.25,0.0,-510.31
2050-07-24 04:00:00,3285.46,3970.68,0.0,-685.22
2050-07-24 05:00:00,3199.79,3164.78,1564.8,-1529.79
2050-07-24 06:00:00,3238.15,2829.83,1820.9,-1412.58
2050-07-24 07:00:00,3524.39,2194.94,2224.87,-895.42
2050-07-24 08:00:00,3945.69,1633.87,2795.88,-484.06
2050-07-24 09:00:00,4498.8,1925.67,3627.29,-1054.16
2050-07-24 10:00:00,4956.78,1000.91,4177.48,-221.61
2050-07-24 11:00:00,5287.74,968.48,4236.44,82.82
2050-07-24 12:00:00,5597.82,1470.34,4361.55,-234.07
2050-07-24 13:00:00,5821.21,2643.06,4249.75,-1071.6
2050-07-24 14:00:00,6061.41,4082.32,3460.36,-1481.28
2050-07-24 15:00:00,6297.58,3792.05,2919.91,-414.38
2050-07-24 16:00:00,6598.38,5193.87,2073.57,-669.06
2050-07-24 17:00:00,6884.28,4742.3,1330.73,811.25
2050-07-24 18:00:00,7097.4,4786.97,444.11,1866.31
2050-07-24 19:00:00,6887.01,6042.41,0.0,844.6
2050-07-24 20:00:00,6581.68,6527.58,0.0,54.1
2050-07-24 21:00:00,6226.31,5861.29,0.0,365.02
2050-07-24 22:00:00,5765.63,6471.86,0.0,-706.23
2050-07-24 23:00:00,5269.04,4538.86,0.0,730.18
2050-07-25 00:00:00,4753.24,5218.67,0.0,-465.44
2050-07-25 01:00:00,4447.51,4764.63,0.0,-317.12
2050-07-25 02:00:00,4079.89,5543.71,0.0,-1463.82
2050-07-25 03:00:00,3853.0,5546.18,0.0,-1693.18
2050-07-25 04:00:00,3682.44,5729.79,0.0,-2047.36
2050-07-25 05:00:00,3584.26,5747.15,197.2,-2360.09
2050-07-25 06:00:00,3603.22,6270.68,406.0,-3073.45
2050-07-25 07:00:00,3858.33,5804.23,649.11,-2595.01
2050-07-25 08:00:00,4238.28,6606.75,944.51,-3312.98
2050-07-25 09:00:00,4755.14,4491.71,1157.94,-894.51
2050-07-25 10:00:00,5165.77,3729.1,2148.16,-711.49
2050-07-25 11:00:00,5455.83,3913.85,1536.74,5.24
2050-07-25 12:00:00,5711.28,3584.99,2358.95,-232.66
2050-07-25 13:00:00,5886.55,3329.21,1992.63,564.71
2050-07-25 14:00:00,6080.95,5188.91,1455.64,-563.6
2050-07-25 15:00:00,6186.24,7122.82,1120.46,-2057.04
2050-07-25 16:00:00,5960.75,6747.49,931.59,-1718.34
2050-07-25 17:00:00,5994.09,7275.3,471.82,-1753.02
2050-07-25 18:00:00,6142.02,8503.89,115.4,-2477.28
2050-07-25 19:00:00,6201.39,8961.33,0.0,-2759.94
2050-07-25 20:00:00,6069.33,4444.57,0.0,1624.76
2050-07-25 21:00:00,5793.74,6336.98,0.0,-543.24
2050-07-25 22:00:00,5380.94,5233.56,0.0,147.38
2050-07-25 23:00:00,4919.57,6735.77,0.0,-1816.2
2050-07-26 00:00:00,4389.64,6697.64,0.0,-2308.01
2050-07-26 01:00:00,4071.84,5335.3,0.0,-1263.45
2050-07-26 02:00:00,3647.28,3867.15,0.0,-219.87
2050-07-26 03:00:00,3370.98,2768.93,0.0,602.06
2050-07-26 04:00:00,3163.29,2300.0,0.0,863.29
2050-07-26 05:00:00,3026.6,3284.53,1660.74,-1918.67
2050-07-26 06:00:00,3009.5,3723.01,1143.39,-1856.91
2050-07-26 07:00:00,3242.66,2909.0,1349.48,-1015.82
2050-07-26 08:00:00,3592.58,2117.4,1905.16,-429.98
2050-07-26 09:00:00,4053.93,1077.03,1918.05,1058.85
2050-07-26 10:00:00,4438.35,445.15,2596.61,1396.59
2050-07-26 11:00:00,4705.95,845.61,2045.81,1814.52
2050-07-26 12:00:00,4936.38,733.04,2242.11,1961.23
2050-07-26 13:00:00,5094.85,761.75,3145.88,1187.22
2050-07-26 14:00:00,5288.93,946.11,3759.79,583.02
2050-07-26 15:00:00,5525.33,2199.16,3019.59,306.58
2050-07-26 16:00:00,5862.99,3871.22,2055.97,-64.2
2050-07-26 17:00:00,6206.52,6407.35,1293.31,-1494.14
2050-07-26 18:00:00,6586.13,7369.13,533.9,-1316.9
2050-07-26 19:00:00,6669.08,8242.92,0.0,-1573.84
2050-07-26 20:00:00,6450.68,6738.69,0.0,-288.01
2050-07-26 21:00:00,6071.81,6250.82,0.0,-179.01
2050-07-26 22:00:00,5567.86,5499.04,0.0,68.82
2050-07-26 23:00:00,5024.55,4427.2,0.0,597.35
2050-07-27 00:00:00,4452.55,3783.91,0.0,668.63
2050-07-27 01:00:00,4105.55,4389.99,0.0,-284.44
2050-07-27 02:00:00,3684.67,3489.57,0.0,195.1
2050-07-27 03:00:00,3400.1,2586.23,0.0,813.88
2050-07-27 04:00:00,3177.46,1998.98,0.0,1178.47
2050-07-27 05:00:00,3028.71,961.98,1835.08,231.65
2050-07-27 06:00:00,2999.91,1154.56,1797.35,48.0
2050-07-27 07:00:00,3193.54,911.35,2182.58,99.61
2050-07-27 08:00:00,3544.57,689.21,2793.89,61.48
2050-07-27 09:00:00,4046.11,812.38,3582.37,-348.64
2050-07-27 10:00:00,4479.25,1244.78,3928.12,-693.65
2050-07-27 11:00:00,4800.04,1453.42,2636.47,710.14
2050-07-27 12:00:00,5080.06,1869.3,3700.18,-489.41
2050-07-27 13:00:00,5238.63,2070.89,4150.39,-982.65
2050-07-27 14:00:00,5382.24,4427.2,3669.37,-2714.34
2050-07-27 15:00:00,5540.47,6976.2,1929.88,-3365.61
2050-07-27 16:00:00,5796.65,8515.63,1132.59,-3851.57
2050-07-27 17:00:00,6048.4,9392.36,397.07,-3741.03
2050-07-27 18:00:00,6341.67,9682.64,164.55,-3505.52
2050-07-27 19:00:00,6366.01,10456.76,0.0,-4090.75
2050-07-27 20:00:00,6119.56,10527.13,0.0,-4407.57
2050-07-27 21:00:00,5735.64,10134.22,0.0,-4398.57
2050-07-27 22:00:00,5255.76,8726.74,0.0,-3470.98
2050-07-27 23:00:00,4766.78,5886.09,0.0,-1119.31
2050-07-28 00:00:00,4233.07,3422.58,0.0,810.49
2050-07-28 01:00:00,3918.85,4690.2,0.0,-771.34
2050-07-28 02:00:00,3531.04,4290.74,0.0,-759.7
2050-07-28 03:00:00,3280.5,3225.68,0.0,54.83
2050-07-28 04:00:00,3092.51,1425.23,0.0,1667.28
2050-07-28 05:00:00,2978.95,375.63,1562.49,1040.82
2050-07-28 06:00:00,2984.0,933.28,1607.29,443.44
2050-07-28 07:00:00,3232.98,913.62,1397.67,921.69
2050-07-28 08:00:00,3605.95,695.25,2307.07,603.64
2050-07-28 09:00:00,4112.44,921.17,2435.41,755.86
2050-07-28 10:00:00,4533.59,754.19,2598.36,1181.04
2050-07-28 11:00:00,4823.37,493.5,3486.2,843.66
2050-07-28 12:00:00,5067.31,174.63,3085.74,1806.95
2050-07-28 13:00:00,5219.13,213.77,2942.7,2062.66
2050-07-28 14:00:00,5376.82,612.14,3291.22,1473.46
2050-07-28 15:00:00,5529.94,1781.89,2547.32,1200.73
2050-07-28 16:00:00,5779.0,4164.2,1719.3,-104.5
2050-07-28 17:00:00,6033.28,5786.86,1028.21,-781.79
2050-07-28 18:00:00,6335.63,6360.44,287.7,-312.52
2050-07-28 19:00:00,6372.17,5935.73,0.0,436.44
2050-07-28 20:00:00,6147.48,6756.29,0.0,-608.81
2050-07-28 21:00:00,5792.54,5630.54,0.0,162.0
2050-07-28 22:00:00,5328.08,6054.82,0.0,-726.73
2050-07-28 23:00:00,4841.56,5722.35,0.0,-880.79
2050-07-29 00:00:00,4336.24,6990.86,0.0,-2654.63
2050-07-29 01:00:00,4051.52,3885.42,0.0,166.1
2050-07-29 02:00:00,3692.56,3816.41,0.0,-123.84
2050-07-29 03:00:00,3468.94,4159.24,0.0,-690.3
2050-07-29 04:00:00,3306.83,4985.46,0.0,-1678.63
2050-07-29 05:00:00,3219.33,5278.22,1286.24,-3345.14
2050-07-29 06:00:00,3244.24,4385.03,1198.15,-2338.94
2050-07-29 07:00:00,3499.64,5002.83,1623.16,-3126.34
2050-07-29 08:00:00,3858.76,4060.01,2319.45,-2520.69
2050-07-29 09:00:00,4334.67,2919.13,3127.63,-1712.09
2050-07-29 10:00:00,4742.74,3250.04,2882.72,-1390.01
2050-07-29 11:00:00,5019.34,3759.55,2913.13,-1653.35
2050-07-29 12:00:00,5278.88,3446.94,3658.64,-1826.7
2050-07-29 13:00:00,5316.59,4298.18,3455.12,-2436.72
2050-07-29 14:00:00,5248.28,6647.8,3477.66,-4877.18
2050-07-29 15:00:00,5330.62,7413.11,3011.27,-5093.77
2050-07-29 16:00:00,5618.65,7184.39,1982.73,-3548.47
2050-07-29 17:00:00,5893.33,8832.31,1145.83,-4084.81
2050-07-29 18:00:00,6196.5,9993.46,375.67,-4172.63
2050-07-29 19:00:00,6210.82,10600.44,0.0,-4389.62
2050-07-29 20:00:00,6027.06,9022.9,0.0,-2995.84
2050-07-29 21:00:00,5699.64,10313.08,0.0,-4613.44
2050-07-29 22:00:00,5259.98,7832.41,0.0,-2572.43
2050-07-29 23:00:00,4775.91,7043.65,0.0,-2267.74
2050-07-30 00:00:00,4214.64,6823.74,0.0,-2609.1
2050-07-30 01:00:00,3879.15,6694.72,0.0,-2815.57
2050-07-30 02:00:00,3496.09,7612.5,0.0,-4116.41
2050-07-30 03:00:00,3242.12,5734.76,0.0,-2492.64
2050-07-30 04:00:00,3040.43,6017.59,0.0,-2977.16
2050-07-30 05:00:00,2905.42,5439.5,337.7,-2871.78
2050-07-30 06:00:00,2895.61,6109.4,1443.02,-4656.81
2050-07-30 07:00:00,3084.32,4409.83,2016.79,-3342.3
2050-07-30 08:00:00,3419.13,3771.73,2696.04,-3048.64
2050-07-30 09:00:00,3873.41,4340.36,1796.88,-2263.82
2050-07-30 10:00:00,4254.77,4223.75,1521.04,-1490.02
2050-07-30 11:00:00,4518.31,3266.26,1407.25,-155.2
2050-07-30 12:00:00,4755.88,2699.89,1382.91,673.07
2050-07-30 13:00:00,4924.83,3448.96,1353.35,122.52
2050-07-30 14:00:00,5126.8,3020.64,869.92,1236.24
2050-07-30 15:00:00,5354.08,3714.9,386.02,1253.16
2050-07-30 16:00:00,5669.25,5829.03,202.64,-362.42
2050-07-30 17:00:00,5970.82,7114.02,294.76,-1437.96
2050-07-30 18:00:00,6274.79,6442.55,142.73,-310.49
2050-07-30 19:00:00,6323.06,6166.46,0.0,156.6
2050-07-30 20:00:00,6101.39,5858.81,0.0,242.59
2050-07-30 21:00:00,5720.18,4548.77,0.0,1171.41
2050-07-30 22:00:00,5221.77,3509.86,0.0,1711.91
2050-07-30 23:00:00,4694.63,3538.29,0.0,1156.34
2050-07-31 00:00:00,4146.44,2584.18,0.0,1562.25
2050-07-31 01:00:00,3822.0,3164.78,0.0,657.23
2050-07-31 02:00:00,3423.63,2839.96,0.0,583.67
2050-07-31 03:00:00,3152.7,2082.16,0.0,1070.55
2050-07-31 04:00:00,2941.26,2223.14,0.0,718.12
2050-07-31 05:00:00,2832.97,1787.52,1971.15,-925.69
2050-07-31 06:00:00,2860.84,1903.12,1707.89,-750.17
2050-07-31 07:00:00,3014.79,1607.09,1963.85,-556.15
2050-07-31 08:00:00,3279.97,1113.68,2519.75,-353.45
2050-07-31 09:00:00,3742.05,1702.95,3153.67,-1114.57
2050-07-31 10:00:00,4137.67,705.07,4195.68,-763.08
2050-07-31 11:00:00,4439.51,668.06,4459.17,-687.72
2050-07-31 12:00:00,4709.02,451.94,4456.84,-199.75
2050-07-31 13:00:00,4884.33,726.23,4029.84,128.26
2050-07-31 14:00:00,5046.03,454.97,3706.53,884.53
2050-07-31 15:00:00,5214.0,887.18,3014.09,1312.73
2050-07-31 16:00:00,5482.87,2612.61,1589.33,1280.93
2050-07-31 17:00:00,5757.13,1884.79,535.07,3337.27
2050-07-31 18:00:00,6073.11,1977.83,208.07,3887.2
2050-07-31 19:00:00,6119.72,3156.64,0.0,2963.07
2050-07-31 20:00:00,5875.08,3319.05,0.0,2556.03
2050-07-31 21:00:00,5503.73,2507.06,0.0,2996.68
2050-07-31 22:00:00,5018.59,2561.87,0.0,2456.73
2050-07-31 23:00:00,4509.6,1429.46,0.0,3080.14
2050-08-01 00:00:00,4010.43,836.55,0.0,3173.88
2050-08-01 01:00:00,3722.46,1139.06,0.0,2583.4
2050-08-01 02:00:00,3364.86,1420.99,0.0,1943.86
2050-08-01 03:00:00,3138.4,2207.62,0.0,930.77
2050-08-01 04:00:00,2977.17,2218.91,0.0,758.26
2050-08-01 05:00:00,2888.3,2180.84,1271.88,-564.42
2050-08-01 06:00:00,2911.13,1725.49,950.83,234.81
2050-08-01 07:00:00,3136.67,1671.93,1989.52,-524.78
2050-08-01 08:00:00,3492.96,1567.61,2722.09,-796.74
2050-08-01 09:00:00,3953.28,1429.46,3528.89,-1005.07
2050-08-01 10:00:00,4341.6,2134.32,4095.1,-1887.81
2050-08-01 11:00:00,4606.89,1089.71,4374.18,-857.0
2050-08-01 12:00:00,4803.43,931.01,4403.6,-531.18
2050-08-01 13:00:00,4864.04,1260.3,4166.93,-563.18
2050-08-01 14:00:00,4941.34,667.3,3683.95,590.1
2050-08-01 15:00:00,5101.34,1312.46,2267.71,1521.18
2050-08-01 16:00:00,5361.85,1394.21,1988.0,1979.63
2050-08-01 17:00:00,5630.53,2705.98,1147.71,1776.83
2050-08-01 18:00:00,5945.94,3686.47,244.48,2014.98
2050-08-01 19:00:00,5982.93,4146.83,0.0,1836.1
2050-08-01 20:00:00,5760.82,3067.34,0.0,2693.49
2050-08-01 21:00:00,5394.76,2322.31,0.0,3072.45
2050-08-01 22:00:00,4918.85,2815.6,0.0,2103.25
2050-08-01 23:00:00,4414.69,3178.98,0.0,1235.71
2050-08-02 00:00:00,3895.03,2852.14,0.0,1042.89
2050-08-02 01:00:00,3598.41,3116.06,0.0,482.35
2050-08-02 02:00:00,3232.59,3099.81,0.0,132.78
2050-08-02 03:00:00,3013.02,3524.09,0.0,-511.07
2050-08-02 04:00:00,2869.07,3323.12,0.0,-454.05
2050-08-02 05:00:00,2808.01,3036.89,2518.69,-2747.56
2050-08-02 06:00:00,2850.61,3568.74,1664.38,-2382.51
2050-08-02 07:00:00,3001.1,4566.14,2067.31,-3632.36
2050-08-02 08:00:00,3268.14,2848.1,2809.18,-2389.13
2050-08-02 09:00:00,3741.09,1547.88,3630.76,-1437.55
2050-08-02 10:00:00,4182.4,2159.7,4142.83,-2120.13
2050-08-02 11:00:00,4502.74,3193.18,4393.63,-3084.08
2050-08-02 12:00:00,4772.77,3377.93,4393.16,-2998.32
2050-08-02 13:00:00,4919.81,3802.18,4129.24,-3011.61
2050-08-02 14:00:00,5057.11,3635.73,3635.84,-2214.46
2050-08-02 15:00:00,5209.5,5618.13,2892.52,-3301.15
2050-08-02 16:00:00,5456.9,7586.12,1960.28,-4089.5
2050-08-02 17:00:00,5709.19,6156.53,1119.15,-1566.5
2050-08-02 18:00:00,6005.49,5141.77,229.78,633.94
2050-08-02 19:00:00,6032.13,6765.09,0.0,-732.96
2050-08-02 20:00:00,5800.79,7172.66,0.0,-1371.87
2050-08-02 21:00:00,5429.07,6407.35,0.0,-978.28
2050-08-02 22:00:00,4953.9,5613.17,0.0,-659.26
2050-08-02 23:00:00,4453.02,3714.9,0.0,738.12
2050-08-03 00:00:00,3932.57,5546.18,0.0,-1613.61
2050-08-03 01:00:00,3635.84,4662.92,0.0,-1027.08
2050-08-03 02:00:00,3271.45,3154.62,0.0,116.83
2050-08-03 03:00:00,3053.77,4355.25,0.0,-1301.48
2050-08-03 04:00:00,2901.3,3371.84,0.0,-470.54
2050-08-03 05:00:00,2835.33,3645.89,2980.77,-3791.33
2050-08-03 06:00:00,2879.26,2695.85,1697.86,-1514.44
2050-08-03 07:00:00,3055.92,1550.7,2080.23,-575.01
2050-08-03 08:00:00,3401.53,1494.3,2851.47,-944.25
2050-08-03 09:00:00,3893.22,1251.83,3690.11,-1048.72
2050-08-03 10:00:00,4302.53,1117.91,4210.08,-1025.46
2050-08-03 11:00:00,4588.92,878.12,4466.03,-755.22
2050-08-03 12:00:00,4823.67,1560.56,4467.93,-1204.82
2050-08-03 13:00:00,4962.0,2373.08,4205.39,-1616.47
2050-08-03 14:00:00,5111.04,3505.82,3688.73,-2083.5
2050-08-03 15:00:00,5280.14,5273.27,2916.44,-2909.56
2050-08-03 16:00:00,5538.14,6395.63,1423.47,-2280.96
2050-08-03 17:00:00,5796.1,7691.67,93.5,-1989.07
2050-08-03 18:00:00,6096.38,8234.14,248.39,-2386.15
2050-08-03 19:00:00,6126.06,8146.17,0.0,-2020.1
2050-08-03 20:00:00,5911.24,8574.26,0.0,-2663.02
2050-08-03 21:00:00,5566.18,6580.35,0.0,-1014.17
2050-08-03 22:00:00,5120.86,5107.03,0.0,13.84
2050-08-03 23:00:00,4651.76,5754.59,0.0,-1102.84
2050-08-04 00:00:00,4165.54,6022.55,0.0,-1857.01
2050-08-04 01:00:00,3898.65,4682.75,0.0,-784.1
2050-08-04 02:00:00,3554.61,4382.55,0.0,-827.94
2050-08-04 03:00:00,3350.04,2909.0,0.0,441.04
2050-08-04 04:00:00,3203.22,3189.14,0.0,14.08
2050-08-04 05:00:00,3132.34,2523.28,213.5,395.55
2050-08-04 06:00:00,3172.86,3079.52,904.48,-811.13
2050-08-04 07:00:00,3403.79,3142.44,1940.67,-1679.32
2050-08-04 08:00:00,3762.08,1863.65,2496.72,-598.29
2050-08-04 09:00:00,4166.6,3187.09,3520.6,-2541.09
2050-08-04 10:00:00,4539.42,2387.28,2748.87,-596.73
2050-08-04 11:00:00,4775.93,4265.94,4370.63,-3860.64
2050-08-04 12:00:00,5009.75,9753.03,3092.05,-7835.32
2050-08-04 13:00:00,5126.19,10571.11,3119.46,-8564.39
2050-08-04 14:00:00,5286.39,11571.0,3725.81,-10010.42
2050-08-04 15:00:00,5478.94,10019.86,3007.42,-7548.33
2050-08-04 16:00:00,5772.48,10195.79,1678.56,-6101.87
2050-08-04 17:00:00,6057.7,10128.34,1038.52,-5109.16
2050-08-04 18:00:00,6371.52,9213.5,266.16,-3108.14
2050-08-04 19:00:00,6412.09,8102.18,0.0,-1690.09
2050-08-04 20:00:00,6198.53,7357.39,0.0,-1158.86
2050-08-04 21:00:00,5849.33,7697.53,0.0,-1848.2
2050-08-04 22:00:00,5401.31,4023.47,0.0,1377.85
2050-08-04 23:00:00,4930.53,5508.97,0.0,-578.44
2050-08-05 00:00:00,4439.16,3794.07,0.0,645.09
2050-08-05 01:00:00,4168.55,5290.63,0.0,-1122.08
2050-08-05 02:00:00,3823.44,4652.99,0.0,-829.55
2050-08-05 03:00:00,3611.41,3229.72,0.0,381.68
2050-08-05 04:00:00,3454.6,1972.2,0.0,1482.4
2050-08-05 05:00:00,3371.53,2689.76,5738.06,-5056.29
2050-08-05 06:00:00,3392.14,3298.76,1791.43,-1698.05
2050-08-05 07:00:00,3619.55,1721.28,2116.42,-218.15
2050-08-05 08:00:00,3990.69,1160.21,2939.75,-109.27
2050-08-05 09:00:00,4501.71,1095.35,3785.19,-378.82
2050-08-05 10:00:00,4943.08,1205.32,4337.18,-599.41
2050-08-05 11:00:00,5264.41,540.35,4601.93,122.14
2050-08-05 12:00:00,5548.73,264.93,4617.79,666.01
2050-08-05 13:00:00,5754.38,374.87,4360.91,1018.59
2050-08-05 14:00:00,5961.55,781.39,3855.1,1325.06
2050-08-05 15:00:00,6162.91,1318.09,3086.15,1758.67
2050-08-05 16:00:00,6420.55,2409.62,2084.9,1926.03
2050-08-05 17:00:00,6519.8,3812.34,1166.73,1540.73
2050-08-05 18:00:00,6830.49,5365.06,397.13,1068.29
2050-08-05 19:00:00,6783.24,5590.85,0.0,1192.4
2050-08-05 20:00:00,6584.66,4618.24,0.0,1966.42
2050-08-05 21:00:00,6242.54,5501.52,0.0,741.02
2050-08-05 22:00:00,5800.81,5357.62,0.0,443.2
2050-08-05 23:00:00,5316.84,5308.0,0.0,8.84
2050-08-06 00:00:00,4800.99,5762.04,0.0,-961.05
2050-08-06 01:00:00,4495.41,5308.0,0.0,-812.59
2050-08-06 02:00:00,4108.78,3944.3,0.0,164.48
2050-08-06 03:00:00,3851.35,3278.44,0.0,572.9
2050-08-06 04:00:00,3646.57,2049.74,0.0,1596.83
2050-08-06 05:00:00,3515.04,1750.88,6015.08,-4250.91
2050-08-06 06:00:00,3481.28,2714.12,1122.72,-355.56
2050-08-06 07:00:00,3657.07,1529.55,2048.36,79.16
2050-08-06 08:00:00,3989.72,1050.24,2878.71,60.77
2050-08-06 09:00:00,4456.86,849.4,3706.97,-99.51
2050-08-06 10:00:00,4843.72,723.2,4200.15,-79.63
2050-08-06 11:00:00,5111.31,1082.66,4468.28,-439.63
2050-08-06 12:00:00,5347.67,2233.01,4490.07,-1375.41
2050-08-06 13:00:00,5507.32,2519.24,4225.93,-1237.85
2050-08-06 14:00:00,5686.84,3662.11,3724.32,-1699.59
2050-08-06 15:00:00,5896.45,3509.86,2975.51,-588.92
2050-08-06 16:00:00,6207.44,3980.84,1462.47,764.14
2050-08-06 17:00:00,6495.18,5335.3,937.02,222.87
2050-08-06 18:00:00,6811.14,3930.07,311.75,2569.32
2050-08-06 19:00:00,6829.7,5347.69,0.0,1482.01
2050-08-06 20:00:00,6591.23,5191.39,0.0,1399.84
2050-08-06 21:00:00,6198.36,7008.46,0.0,-810.1
2050-08-06 22:00:00,5690.49,5652.88,0.0,37.62
2050-08-06 23:00:00,5123.51,6151.57,0.0,-1028.06
2050-08-07 00:00:00,4555.06,5940.69,0.0,-1385.63
2050-08-07 01:00:00,4182.93,7193.19,0.0,-3010.26
2050-08-07 02:00:00,3733.94,5833.99,0.0,-2100.05
2050-08-07 03:00:00,3422.92,5757.07,0.0,-2334.16
2050-08-07 04:00:00,3157.59,5181.46,0.0,-2023.88
2050-08-07 05:00:00,2975.32,4280.81,0.0,-1305.5
2050-08-07 06:00:00,2920.18,4898.61,779.01,-2757.44
2050-08-07 07:00:00,3065.18,5516.41,619.31,-3070.54
2050-08-07 08:00:00,3402.18,4439.61,1087.43,-2124.86
2050-08-07 09:00:00,3862.46,6119.32,2085.01,-4341.87
2050-08-07 10:00:00,4225.6,6218.56,2801.2,-4794.15
2050-08-07 11:00:00,4482.81,6627.28,4254.47,-6398.93
2050-08-07 12:00:00,4697.24,7808.96,4280.34,-7392.06
2050-08-07 13:00:00,4810.88,5987.83,3923.54,-5100.49
2050-08-07 14:00:00,4943.9,9269.21,2347.69,-6673.0
2050-08-07 15:00:00,5106.2,12069.02,375.3,-7338.13
2050-08-07 16:00:00,5374.37,12747.5,524.42,-7897.55
2050-08-07 17:00:00,5650.23,11820.02,202.64,-6372.43
2050-08-07 18:00:00,5946.52,14193.77,170.0,-8417.24
2050-08-07 19:00:00,5964.94,15027.87,0.0,-9062.92
2050-08-07 20:00:00,5742.87,13668.67,0.0,-7925.8
2050-08-07 21:00:00,5375.29,13246.42,0.0,-7871.13
2050-08-07 22:00:00,4918.16,5169.05,0.0,-250.89
2050-08-07 23:00:00,4440.45,2909.0,0.0,1531.45
2050-08-08 00:00:00,3936.69,5625.58,0.0,-1688.89
2050-08-08 01:00:00,3653.19,4039.69,0.0,-386.51
2050-08-08 02:00:00,3296.15,4687.72,0.0,-1391.57
2050-08-08 03:00:00,3098.8,3077.47,0.0,21.32
2050-08-08 04:00:00,2961.36,3152.6,0.0,-191.24
2050-08-08 05:00:00,2896.0,3162.73,0.0,-266.74
2050-08-08 06:00:00,2925.68,3197.25,1706.86,-1978.43
2050-08-08 07:00:00,3134.9,3063.27,2068.03,-1996.4
2050-08-08 08:00:00,3481.33,4811.77,2477.81,-3808.26
2050-08-08 09:00:00,3947.24,4645.54,3836.96,-4535.26
2050-08-08 10:00:00,4341.99,3199.27,4371.02,-3228.3
2050-08-08 11:00:00,4611.16,3828.59,4626.28,-3843.7
2050-08-08 12:00:00,4845.62,4844.03,4630.43,-4628.84
2050-08-08 13:00:00,4998.52,5216.19,4374.52,-4592.19
2050-08-08 14:00:00,5174.99,6015.11,1963.48,-2803.6
2050-08-08 15:00:00,5371.26,5690.08,2627.3,-2946.12
2050-08-08 16:00:00,5650.46,7943.84,2083.41,-4376.79
2050-08-08 17:00:00,5928.68,8723.82,1117.47,-3912.61
2050-08-08 18:00:00,6244.87,7237.17,353.24,-1345.55
2050-08-08 19:00:00,6261.34,6744.57,0.0,-483.22
2050-08-08 20:00:00,6033.21,8697.42,0.0,-2664.21
2050-08-08 21:00:00,5656.83,6512.92,0.0,-856.09
2050-08-08 22:00:00,5187.22,4019.4,0.0,1167.82
2050-08-08 23:00:00,4694.47,4784.49,0.0,-90.02
2050-08-09 00:00:00,4182.23,6119.32,0.0,-1937.09
2050-08-09 01:00:00,3893.84,6278.12,0.0,-2384.28
2050-08-09 02:00:00,3526.57,6328.18,0.0,-2801.61
2050-08-09 03:00:00,3288.83,5231.08,0.0,-1942.25
2050-08-09 04:00:00,3108.33,3802.18,0.0,-693.86
2050-08-09 05:00:00,3010.6,3627.62,0.0,-617.02
2050-08-09 06:00:00,3014.75,4280.81,1060.65,-2326.71
2050-08-09 07:00:00,3187.17,3905.71,1740.72,-2459.27
2050-08-09 08:00:00,3541.01,2407.57,3031.44,-1898.0
2050-08-09 09:00:00,4051.09,2227.36,3879.25,-2055.52
2050-08-09 10:00:00,4482.76,2001.8,4414.72,-1933.75
2050-08-09 11:00:00,4805.28,1649.37,4683.65,-1527.73
2050-08-09 12:00:00,5099.45,2659.31,4694.31,-2254.17
2050-08-09 13:00:00,5288.96,2066.66,4444.34,-1222.03
2050-08-09 14:00:00,5469.83,3006.44,3941.41,-1478.02
2050-08-09 15:00:00,5642.4,3990.97,3149.52,-1498.09
2050-08-09 16:00:00,5895.7,4248.57,2101.33,-454.19
2050-08-09 17:00:00,6105.5,3501.75,1103.96,1499.79
2050-08-09 18:00:00,6341.58,4315.56,317.83,1708.19
2050-08-09 19:00:00,6331.96,4439.61,0.0,1892.35
2050-08-09 20:00:00,6129.04,4846.51,0.0,1282.52
2050-08-09 21:00:00,5777.33,4459.46,0.0,1317.87
2050-08-09 22:00:00,5325.53,3733.17,0.0,1592.36
2050-08-09 23:00:00,4846.11,2172.38,0.0,2673.73
2050-08-10 00:00:00,4350.09,4293.22,0.0,56.87
2050-08-10 01:00:00,4083.33,1243.38,0.0,2839.95
2050-08-10 02:00:00,3742.54,2113.17,0.0,1629.37
2050-08-10 03:00:00,3532.41,2364.94,0.0,1167.46
2050-08-10 04:00:00,3378.04,1395.63,0.0,1982.41
2050-08-10 05:00:00,3298.45,983.99,0.0,2314.46
2050-08-10 06:00:00,3307.59,907.58,1619.18,780.83
2050-08-10 07:00:00,3466.37,741.35,1948.5,776.51
2050-08-10 08:00:00,3707.0,932.52,2541.13,233.35
2050-08-10 09:00:00,4121.9,1137.64,3706.18,-721.92
2050-08-10 10:00:00,4503.38,1628.22,4226.29,-1351.13
2050-08-10 11:00:00,4764.6,1573.24,955.64,2235.72
2050-08-10 12:00:00,5055.5,1955.29,4086.82,-986.61
2050-08-10 13:00:00,5263.88,3095.74,4076.54,-1908.41
2050-08-10 14:00:00,5440.47,4980.49,3515.73,-3055.75
2050-08-10 15:00:00,5605.5,7756.18,2445.69,-4596.36
2050-08-10 16:00:00,5821.04,8454.05,1779.3,-4412.31
2050-08-10 17:00:00,5994.06,8330.89,773.46,-3110.29
2050-08-10 18:00:00,6200.93,9697.3,93.5,-3589.88
2050-08-10 19:00:00,6232.19,8028.87,0.0,-1796.68
2050-08-10 20:00:00,6080.39,7902.8,0.0,-1822.4
2050-08-10 21:00:00,5777.92,6788.54,0.0,-1010.61
2050-08-10 22:00:00,5350.41,5903.46,0.0,-553.05
2050-08-10 23:00:00,4887.62,6380.96,0.0,-1493.35
2050-08-11 00:00:00,4399.81,4913.5,0.0,-513.69
2050-08-11 01:00:00,4130.94,4876.28,0.0,-745.34
2050-08-11 02:00:00,3763.24,3875.26,0.0,-112.03
2050-08-11 03:00:00,3529.55,3414.47,0.0,115.08
2050-08-11 04:00:00,3351.07,4154.28,0.0,-803.21
2050-08-11 05:00:00,3251.41,2736.43,175.44,339.53
2050-08-11 06:00:00,3252.98,4211.34,997.63,-1955.99
2050-08-11 07:00:00,3427.19,4136.92,1771.35,-2481.08
2050-08-11 08:00:00,3728.29,3183.05,3073.73,-2528.48
2050-08-11 09:00:00,4186.86,4700.12,3354.9,-3868.17
2050-08-11 10:00:00,4569.03,3580.92,4477.59,-3489.48
2050-08-11 11:00:00,4869.83,3503.77,4732.65,-3366.59
2050-08-11 12:00:00,5175.42,2557.8,4743.24,-2125.62
2050-08-11 13:00:00,5394.38,2831.85,4489.22,-1926.68
2050-08-11 14:00:00,5627.95,3302.8,3972.62,-1647.48
2050-08-11 15:00:00,5855.13,5625.58,3183.57,-2954.01
2050-08-11 16:00:00,6152.94,4313.08,2120.85,-280.99
2050-08-11 17:00:00,6423.85,7638.88,1087.24,-2302.28
2050-08-11 18:00:00,6707.43,7847.07,306.77,-1446.41
2050-08-11 19:00:00,6663.71,7855.87,0.0,-1192.16
2050-08-11 20:00:00,6378.62,7383.79,0.0,-1005.17
2050-08-11 21:00:00,5930.73,7506.95,0.0,-1576.21
2050-08-11 22:00:00,5384.53,5690.08,0.0,-305.55
2050-08-11 23:00:00,4827.4,4064.97,0.0,762.43
2050-08-12 00:00:00,4273.76,6867.71,0.0,-2593.95
2050-08-12 01:00:00,3956.94,7357.39,0.0,-3400.45
2050-08-12 02:00:00,3574.17,7114.02,0.0,-3539.85
2050-08-12 03:00:00,3340.16,6850.12,0.0,-3509.97
2050-08-12 04:00:00,3178.46,5548.66,0.0,-2370.2
2050-08-12 05:00:00,3101.38,5161.61,186.33,-2246.56
2050-08-12 06:00:00,3125.1,5303.03,1070.81,-3248.74
2050-08-12 07:00:00,3237.76,3751.44,2036.52,-2550.21
2050-08-12 08:00:00,3421.5,3822.5,3072.47,-3473.47
2050-08-12 09:00:00,3732.02,3045.0,3940.75,-3253.73
2050-08-12 10:00:00,3920.69,2610.59,4488.69,-3178.59
2050-08-12 11:00:00,4025.76,1791.75,4749.99,-2515.98
2050-08-12 12:00:00,4095.59,1370.25,4759.62,-2034.28
2050-08-12 13:00:00,4095.34,1308.22,4505.87,-1718.74
2050-08-12 14:00:00,4085.87,1889.03,3984.47,-1787.63
2050-08-12 15:00:00,4095.75,1976.43,3197.22,-1077.9
2050-08-12 16:00:00,4259.17,4665.4,2126.44,-2532.66
2050-08-12 17:00:00,4458.39,3895.58,928.93,-366.12
2050-08-12 18:00:00,4784.65,6030.0,137.27,-1382.62
2050-08-12 19:00:00,4877.28,8908.54,0.0,-4031.27
2050-08-12 20:00:00,4885.09,8609.45,0.0,-3724.36
2050-08-12 21:00:00,4693.65,6773.89,0.0,-2080.24
2050-08-12 22:00:00,4369.14,4600.89,0.0,-231.74
2050-08-12 23:00:00,3992.75,6436.67,0.0,-2443.93
2050-08-13 00:00:00,3588.72,8081.66,0.0,-4492.94
2050-08-13 01:00:00,3394.23,7234.25,0.0,-3840.02
2050-08-13 02:00:00,3109.09,7219.59,0.0,-4110.5
2050-08-13 03:00:00,2946.66,5610.7,0.0,-2664.04
2050-08-13 04:00:00,2833.98,5156.65,0.0,-2322.67
2050-08-13 05:00:00,2792.25,5012.74,0.0,-2220.49
2050-08-13 06:00:00,2843.71,5407.25,1023.45,-3586.99
2050-08-13 07:00:00,2974.18,5615.65,1650.27,-4291.74
2050-08-13 08:00:00,3192.68,3678.36,3058.72,-3544.4
2050-08-13 09:00:00,3588.89,2527.35,3917.78,-2856.24
2050-08-13 10:00:00,3903.88,3349.5,3750.84,-3196.46
2050-08-13 11:00:00,4160.84,2247.21,4717.89,-2804.26
2050-08-13 12:00:00,4425.68,2241.12,4712.12,-2527.56
2050-08-13 13:00:00,4610.77,1944.0,4461.17,-1794.4
2050-08-13 14:00:00,4802.57,1770.61,3950.87,-918.91
2050-08-13 15:00:00,5007.72,954.42,3149.12,904.18
2050-08-13 16:00:00,5294.13,1879.16,1882.26,1532.71
2050-08-13 17:00:00,5574.45,2269.55,867.02,2437.89
2050-08-13 18:00:00,5879.91,1261.7,131.81,4486.4
2050-08-13 19:00:00,5877.23,4911.02,0.0,966.21
2050-08-13 20:00:00,5658.58,5404.77,0.0,253.81
2050-08-13 21:00:00,5276.0,6126.77,0.0,-850.76
2050-08-13 22:00:00,4792.38,4834.1,0.0,-41.72
2050-08-13 23:00:00,4277.65,2602.45,0.0,1675.19
2050-08-14 00:00:00,3738.92,1127.78,0.0,2611.14
2050-08-14 01:00:00,3448.55,2134.32,0.0,1314.23
2050-08-14 02:00:00,3122.53,1509.82,0.0,1612.71
2050-08-14 03:00:00,2944.11,1678.98,0.0,1265.13
2050-08-14 04:00:00,2824.33,1638.1,0.0,1186.22
2050-08-14 05:00:00,2781.87,1483.02,175.44,1123.41
2050-08-14 06:00:00,2835.08,1284.26,1618.59,-67.77
2050-08-14 07:00:00,2962.77,1666.28,1901.04,-604.55
2050-08-14 08:00:00,3137.93,1274.39,2945.85,-1082.32
2050-08-14 09:00:00,3454.95,1488.67,3768.84,-1802.56
2050-08-14 10:00:00,3787.99,701.29,4224.19,-1137.49
2050-08-14 11:00:00,4152.36,1122.14,4457.03,-1426.81
2050-08-14 12:00:00,4454.7,1184.17,4433.99,-1163.46
2050-08-14 13:00:00,4644.26,1466.11,4123.04,-944.9
2050-08-14 14:00:00,4828.85,1927.09,3599.06,-697.29
2050-08-14 15:00:00,5013.59,2695.85,2826.37,-508.62
2050-08-14 16:00:00,5278.64,3972.7,1854.31,-548.37
2050-08-14 17:00:00,5540.66,3365.75,722.72,1452.19
2050-08-14 18:00:00,5827.89,3258.15,104.46,2465.28
2050-08-14 19:00:00,5781.68,3420.56,0.0,2361.13
2050-08-14 20:00:00,5562.3,3763.62,0.0,1798.68
2050-08-14 21:00:00,5181.03,3615.44,0.0,1565.6
2050-08-14 22:00:00,4697.09,4965.6,0.0,-268.51
2050-08-14 23:00:00,4186.04,3944.3,0.0,241.74
2050-08-15 00:00:00,3669.3,3917.89,0.0,-248.59
2050-08-15 01:00:00,3418.6,4082.32,0.0,-663.73
2050-08-15 02:00:00,3110.73,3984.88,0.0,-874.16
2050-08-15 03:00:00,2937.75,4452.02,0.0,-1514.27
2050-08-15 04:00:00,2822.77,3181.0,0.0,-358.24
2050-08-15 05:00:00,2782.72,3787.98,131.81,-1137.07
2050-08-15 06:00:00,2837.43,3329.21,455.42,-947.19
2050-08-15 07:00:00,2965.64,4382.55,845.18,-2262.09
2050-08-15 08:00:00,3153.65,2539.53,380.66,233.46
2050-08-15 09:00:00,3506.46,2332.47,262.26,911.73
2050-08-15 10:00:00,3869.89,1867.88,191.77,1810.25
2050-08-15 11:00:00,4194.43,1633.87,749.84,1810.72
2050-08-15 12:00:00,4457.91,1502.77,3775.01,-819.86
2050-08-15 13:00:00,4612.69,1625.41,3572.85,-585.57
2050-08-15 14:00:00,4782.68,1429.46,3000.26,352.96
2050-08-15 15:00:00,4974.12,946.87,1135.13,2892.12
2050-08-15 16:00:00,5256.29,2072.29,1800.6,1383.4
2050-08-15 17:00:00,5543.94,2073.71,781.82,2688.41
2050-08-15 18:00:00,5860.15,3641.82,109.93,2108.39
2050-08-15 19:00:00,5863.59,4246.09,0.0,1617.5
2050-08-15 20:00:00,5672.37,4690.2,0.0,982.17
2050-08-15 21:00:00,5331.79,5645.43,0.0,-313.64
2050-08-15 22:00:00,4889.97,5017.7,0.0,-127.73
2050-08-15 23:00:00,4422.45,5660.32,0.0,-1237.87
2050-08-16 00:00:00,3935.83,4149.31,0.0,-213.48
2050-08-16 01:00:00,3671.16,3176.96,0.0,494.2
2050-08-16 02:00:00,3330.29,3530.18,0.0,-199.89
2050-08-16 03:00:00,3135.35,2746.59,0.0,388.76
2050-08-16 04:00:00,3002.7,3071.38,0.0,-68.69
2050-08-16 05:00:00,2961.44,3319.05,0.0,-357.61
2050-08-16 06:00:00,3016.59,5367.54,1577.96,-3928.91
2050-08-16 07:00:00,3152.41,3919.94,1876.0,-2643.52
2050-08-16 08:00:00,3347.65,3702.72,3021.95,-3377.02
2050-08-16 09:00:00,3678.75,2894.77,3873.99,-3090.02
2050-08-16 10:00:00,3832.88,2815.6,4401.96,-3384.68
2050-08-16 11:00:00,3939.03,2314.2,4661.11,-3036.28
2050-08-16 12:00:00,4099.61,2602.45,4664.75,-3167.59
2050-08-16 13:00:00,4326.64,3199.27,4392.34,-3264.98
2050-08-16 14:00:00,4610.03,3804.23,3869.21,-3063.4
2050-08-16 15:00:00,4912.51,4682.75,3058.38,-2828.62
2050-08-16 16:00:00,5279.13,7031.93,2033.16,-3785.96
2050-08-16 17:00:00,5380.2,7474.68,946.09,-3040.57
2050-08-16 18:00:00,5609.75,9140.19,196.6,-3727.04
2050-08-16 19:00:00,5602.22,10046.25,0.0,-4444.02
2050-08-16 20:00:00,5519.47,9961.22,0.0,-4441.75
2050-08-16 21:00:00,5283.16,9785.27,0.0,-4502.11
2050-08-16 22:00:00,4936.85,9386.5,0.0,-4449.65
2050-08-16 23:00:00,4531.0,7861.73,0.0,-3330.74
2050-08-17 00:00:00,4089.43,7659.41,0.0,-3569.98
2050-08-17 01:00:00,3858.66,7454.16,0.0,-3595.5
2050-08-17 02:00:00,3539.36,6706.45,0.0,-3167.09
2050-08-17 03:00:00,3351.33,5347.69,0.0,-1996.36
2050-08-17 04:00:00,3203.28,5064.86,0.0,-1861.58
2050-08-17 05:00:00,3151.8,4290.74,0.0,-1138.94
2050-08-17 06:00:00,3202.19,3714.9,1527.68,-2040.39
2050-08-17 07:00:00,3345.23,3142.44,1839.59,-1636.8
2050-08-17 08:00:00,3571.46,2647.13,2997.17,-2072.84
2050-08-17 09:00:00,3920.73,1814.32,3710.55,-1604.14
2050-08-17 10:00:00,4175.17,1182.75,4407.06,-1414.64
2050-08-17 11:00:00,4446.29,1067.17,3976.31,-597.18
2050-08-17 12:00:00,4773.23,905.31,1574.6,2293.33
2050-08-17 13:00:00,5049.0,1047.42,3181.36,820.21
2050-08-17 14:00:00,5343.99,1980.67,1995.73,1367.6
2050-08-17 15:00:00,5589.72,3154.62,3082.13,-647.03
2050-08-17 16:00:00,5770.48,3729.1,2011.5,29.87
2050-08-17 17:00:00,6017.0,3716.92,915.78,1384.29
2050-08-17 18:00:00,6356.7,3205.36,88.02,3063.31
2050-08-17 19:00:00,6370.84,4836.59,0.0,1534.26
2050-08-17 20:00:00,6173.67,3968.66,0.0,2205.01
2050-08-17 21:00:00,5825.6,5491.6,0.0,334.01
2050-08-17 22:00:00,5370.49,3999.11,0.0,1371.39
2050-08-17 23:00:00,4882.23,3828.59,0.0,1053.64
2050-08-18 00:00:00,4365.56,3660.09,0.0,705.47
2050-08-18 01:00:00,4052.98,4251.05,0.0,-198.07
2050-08-18 02:00:00,3667.31,2927.27,0.0,740.04
2050-08-18 03:00:00,3403.05,6240.89,0.0,-2837.85
2050-08-18 04:00:00,3226.78,5474.24,0.0,-2247.46
2050-08-18 05:00:00,3130.08,3485.5,131.81,-487.23
2050-08-18 06:00:00,3111.3,2945.54,750.28,-584.51
2050-08-18 07:00:00,3222.81,3002.37,175.44,45.0
2050-08-18 08:00:00,3525.78,2186.48,1293.89,45.41
2050-08-18 09:00:00,4058.95,1836.87,3010.69,-788.61
2050-08-18 10:00:00,4477.62,3911.8,1381.02,-815.2
2050-08-18 11:00:00,4806.21,2148.41,1346.01,1311.78
2050-08-18 12:00:00,5061.21,1862.25,1686.85,1512.11
2050-08-18 13:00:00,5174.56,2077.92,4101.84,-1005.2
2050-08-18 14:00:00,5351.97,2722.23,3891.3,-1261.56
2050-08-18 15:00:00,5515.03,5933.24,3083.65,-3501.86
2050-08-18 16:00:00,5753.54,7486.42,2038.88,-3771.76
2050-08-18 17:00:00,6008.47,8864.56,912.03,-3768.12
2050-08-18 18:00:00,6247.99,10656.14,162.78,-4570.94
2050-08-18 19:00:00,6138.13,8937.87,0.0,-2799.74
2050-08-18 20:00:00,5971.27,9354.24,0.0,-3382.97
2050-08-18 21:00:00,5648.43,10113.68,0.0,-4465.24
2050-08-18 22:00:00,5201.26,7070.03,0.0,-1868.77
2050-08-18 23:00:00,4732.03,7043.65,0.0,-2311.62
2050-08-19 00:00:00,4256.55,8594.8,0.0,-4338.25
2050-08-19 01:00:00,3981.38,5965.49,0.0,-1984.11
2050-08-19 02:00:00,3612.07,5069.82,0.0,-1457.75
2050-08-19 03:00:00,3370.68,5243.49,0.0,-1872.81
2050-08-19 04:00:00,3197.16,5325.37,0.0,-2128.21
2050-08-19 05:00:00,3060.18,4997.87,0.0,-1937.68
2050-08-19 06:00:00,3015.8,3777.82,1402.01,-2164.03
2050-08-19 07:00:00,3128.63,2602.45,1817.43,-1291.26
2050-08-19 08:00:00,3450.39,2243.14,2212.7,-1005.45
2050-08-19 09:00:00,3991.18,2076.52,2891.9,-977.25
2050-08-19 10:00:00,4400.26,1660.65,3516.92,-777.31
2050-08-19 11:00:00,4765.99,1172.89,3289.21,303.9
2050-08-19 12:00:00,5121.45,1433.69,4223.87,-536.12
2050-08-19 13:00:00,5329.42,3229.72,3177.33,-1077.63
2050-08-19 14:00:00,5544.38,2758.77,2259.74,525.87
2050-08-19 15:00:00,5749.9,3199.27,1153.56,1397.07
2050-08-19 16:00:00,6002.88,2971.92,694.25,2336.71
2050-08-19 17:00:00,6211.44,4933.36,272.47,1005.61
2050-08-19 18:00:00,6416.23,4506.6,38.58,1871.04
2050-08-19 19:00:00,6283.34,4896.13,0.0,1387.21
2050-08-19 20:00:00,6046.7,5057.41,0.0,989.29
2050-08-19 21:00:00,5693.96,4982.98,0.0,710.99
2050-08-19 22:00:00,5234.07,3134.33,0.0,2099.75
2050-08-19 23:00:00,4752.33,4228.71,0.0,523.61
2050-08-20 00:00:00,4249.51,2419.75,0.0,1829.76
2050-08-20 01:00:00,3962.82,2139.97,0.0,1822.85
2050-08-20 02:00:00,3594.45,1914.41,0.0,1680.04
2050-08-20 03:00:00,3345.8,2220.31,0.0,1125.49
2050-08-20 04:00:00,3153.17,2048.33,0.0,1104.84
2050-08-20 05:00:00,3045.14,1987.72,43.24,1014.19
2050-08-20 06:00:00,3029.41,2201.99,651.52,175.9
2050-08-20 07:00:00,3145.4,2203.39,1690.94,-748.94
2050-08-20 08:00:00,3506.03,2046.91,2602.09,-1142.97
2050-08-20 09:00:00,4056.94,1446.38,3602.13,-991.56
2050-08-20 10:00:00,4448.03,1384.35,4215.37,-1151.69
2050-08-20 11:00:00,4789.01,1380.12,4483.23,-1074.33
2050-08-20 12:00:00,5079.68,1391.4,3481.25,207.03
2050-08-20 13:00:00,5270.98,1358.97,2971.86,940.15
2050-08-20 14:00:00,5463.28,1446.38,2609.08,1407.82
2050-08-20 15:00:00,5685.63,1364.62,2559.68,1761.34
2050-08-20 16:00:00,6009.71,1664.88,1690.64,2654.18
2050-08-20 17:00:00,6317.34,2671.49,762.35,2883.5
2050-08-20 18:00:00,6630.49,2947.56,76.16,3606.77
2050-08-20 19:00:00,6565.16,3055.16,0.0,3510.0
2050-08-20 20:00:00,6318.1,2630.88,0.0,3687.22
2050-08-20 21:00:00,5933.07,3314.98,0.0,2618.09
2050-08-20 22:00:00,5421.77,2726.3,0.0,2695.48
2050-08-20 23:00:00,4856.98,2169.56,0.0,2687.41
2050-08-21 00:00:00,4268.54,2297.95,0.0,1970.59
2050-08-21 01:00:00,3901.35,2616.68,0.0,1284.67
2050-08-21 02:00:00,3461.56,1990.53,0.0,1471.03
2050-08-21 03:00:00,3164.38,1944.0,0.0,1220.37
2050-08-21 04:00:00,2942.78,1071.38,0.0,1871.39
2050-08-21 05:00:00,2838.99,787.44,0.0,2051.55
2050-08-21 06:00:00,2873.48,1525.32,1458.46,-110.29
2050-08-21 07:00:00,2992.41,1241.96,1889.73,-139.29
2050-08-21 08:00:00,3215.02,1592.99,3072.41,-1450.38
2050-08-21 09:00:00,3682.56,1803.04,3940.22,-2060.69
2050-08-21 10:00:00,4041.33,1807.27,2979.83,-745.77
2050-08-21 11:00:00,4344.79,1226.47,4739.62,-1621.29
2050-08-21 12:00:00,4601.48,1296.94,4738.33,-1433.79
2050-08-21 13:00:00,4768.66,2675.53,4476.06,-2382.94
2050-08-21 14:00:00,4950.78,3834.68,3950.73,-2834.62
2050-08-21 15:00:00,5139.38,4375.1,3130.22,-2365.94
2050-08-21 16:00:00,5377.05,5216.19,2046.73,-1885.87
2050-08-21 17:00:00,5609.72,6976.2,853.95,-2220.43
2050-08-21 18:00:00,5820.64,7738.58,122.33,-2040.28
2050-08-21 19:00:00,5718.06,6553.97,0.0,-835.91
2050-08-21 20:00:00,5557.38,7621.3,0.0,-2063.92
2050-08-21 21:00:00,5250.97,9656.26,0.0,-4405.28
2050-08-21 22:00:00,4821.97,4608.32,0.0,213.66
2050-08-21 23:00:00,4370.89,7369.13,0.0,-2998.24
2050-08-22 00:00:00,3898.06,6530.5,0.0,-2632.44
2050-08-22 01:00:00,3638.59,6082.1,0.0,-2443.51
2050-08-22 02:00:00,3301.87,5139.29,0.0,-1837.42
2050-08-22 03:00:00,3103.84,9805.8,0.0,-6701.96
2050-08-22 04:00:00,2964.09,11134.1,0.0,-8170.02
2050-08-22 05:00:00,2900.13,7923.32,109.93,-5133.12
2050-08-22 06:00:00,2943.06,8553.74,324.56,-5935.24
2050-08-22 07:00:00,3065.06,7867.61,1241.86,-6044.41
2050-08-22 08:00:00,3300.33,9462.73,2457.16,-8619.56
2050-08-22 09:00:00,3660.5,8442.32,3487.14,-8268.97
2050-08-22 10:00:00,3770.42,6322.32,4481.76,-7033.65
2050-08-22 11:00:00,3884.65,5377.47,4712.38,-6205.2
2050-08-22 12:00:00,3990.87,5432.05,4601.41,-6042.59
2050-08-22 13:00:00,4080.7,5677.69,4322.02,-5919.01
2050-08-22 14:00:00,4111.13,6571.57,2236.04,-4696.48
2050-08-22 15:00:00,4201.28,8075.8,2127.83,-6002.34
2050-08-22 16:00:00,4416.81,8028.87,1692.21,-5304.27
2050-08-22 17:00:00,4658.74,9647.46,806.2,-5794.92
2050-08-22 18:00:00,4974.32,7521.61,55.08,-2602.37
2050-08-22 19:00:00,5028.2,7817.75,0.0,-2789.55
2050-08-22 20:00:00,5057.77,8152.03,0.0,-3094.26
2050-08-22 21:00:00,4908.17,6941.02,0.0,-2032.84
2050-08-22 22:00:00,4590.44,7606.64,0.0,-3016.19
2050-08-22 23:00:00,4224.28,7263.56,0.0,-3039.28
2050-08-23 00:00:00,3808.96,5196.35,0.0,-1387.39
2050-08-23 01:00:00,3597.54,4719.98,0.0,-1122.44
2050-08-23 02:00:00,3299.66,2344.65,0.0,955.01
2050-08-23 03:00:00,3123.18,3247.99,0.0,-124.82
2050-08-23 04:00:00,2967.95,2768.93,0.0,199.02
2050-08-23 05:00:00,2914.18,3623.55,0.0,-709.37
2050-08-23 06:00:00,2972.25,4449.54,1265.65,-2742.93
2050-08-23 07:00:00,3079.53,3938.21,1825.24,-2683.92
2050-08-23 08:00:00,3299.85,2935.38,2969.87,-2605.4
2050-08-23 09:00:00,3645.6,2701.94,3826.41,-2882.74
2050-08-23 10:00:00,3707.68,2553.73,4324.34,-3170.39
2050-08-23 11:00:00,3747.83,1738.19,4599.1,-2589.46
2050-08-23 12:00:00,3814.62,1163.02,4615.6,-1964.0
2050-08-23 13:00:00,3864.74,1003.72,4290.69,-1429.66
2050-08-23 14:00:00,3948.35,1543.65,3370.31,-965.61
2050-08-23 15:00:00,4016.03,1783.3,2993.44,-760.71
2050-08-23 16:00:00,4223.16,2092.02,1531.01,600.13
2050-08-23 17:00:00,4442.33,2336.54,786.83,1318.97
2050-08-23 18:00:00,4726.37,2316.22,75.85,2334.29
2050-08-23 19:00:00,4737.2,2886.66,0.0,1850.54
2050-08-23 20:00:00,4749.32,2606.52,0.0,2142.8
2050-08-23 21:00:00,4605.94,3300.78,0.0,1305.16
2050-08-23 22:00:00,4311.16,2833.87,0.0,1477.29
2050-08-23 23:00:00,3961.98,1829.82,0.0,2132.16
2050-08-24 00:00:00,3567.44,1212.37,0.0,2355.07
2050-08-24 01:00:00,3375.02,1326.55,0.0,2048.46
2050-08-24 02:00:00,3090.71,1948.24,0.0,1142.47
2050-08-24 03:00:00,2930.82,1686.03,0.0,1244.79
2050-08-24 04:00:00,2820.7,1538.01,0.0,1282.68
2050-08-24 05:00:00,2782.0,893.22,33.08,1855.7
2050-08-24 06:00:00,2843.7,772.32,137.27,1934.11
2050-08-24 07:00:00,2963.6,1050.24,316.22,1597.14
2050-08-24 08:00:00,3142.41,624.22,571.96,1946.22
2050-08-24 09:00:00,3392.49,933.28,3655.7,-1196.49
2050-08-24 10:00:00,3455.25,723.2,4241.73,-1509.68
2050-08-24 11:00:00,3503.93,253.25,3404.7,-154.02
2050-08-24 12:00:00,3553.8,128.21,2602.54,823.05
2050-08-24 13:00:00,3574.16,162.94,1739.0,1672.22
2050-08-24 14:00:00,3602.62,235.88,164.55,3202.19
2050-08-24 15:00:00,3664.96,655.95,1246.28,1762.73
2050-08-24 16:00:00,3861.54,431.54,1579.62,1850.38
2050-08-24 17:00:00,4119.81,1674.75,235.2,2209.86
2050-08-24 18:00:00,4474.13,2705.98,22.06,1746.08
2050-08-24 19:00:00,4617.27,4881.24,0.0,-263.97
2050-08-24 20:00:00,4716.42,6168.94,0.0,-1452.53
2050-08-24 21:00:00,4594.31,5040.04,0.0,-445.72
2050-08-24 22:00:00,4304.82,4372.62,0.0,-67.8
2050-08-24 23:00:00,3958.75,3404.31,0.0,554.44
2050-08-25 00:00:00,3566.36,5310.48,0.0,-1744.12
2050-08-25 01:00:00,3375.23,6624.34,0.0,-3249.11
2050-08-25 02:00:00,3091.18,6161.5,0.0,-3070.32
2050-08-25 03:00:00,2931.58,5930.76,0.0,-2999.18
2050-08-25 04:00:00,2821.9,8178.41,0.0,-5356.52
2050-08-25 05:00:00,2783.36,6360.44,55.08,-3632.16
2050-08-25 06:00:00,2845.15,5499.04,684.91,-3338.8
2050-08-25 07:00:00,2964.9,4074.88,1652.31,-2762.29
2050-08-25 08:00:00,3143.01,3260.17,656.0,-773.17
2050-08-25 09:00:00,3397.95,2090.62,582.5,724.83
2050-08-25 10:00:00,3462.0,1546.46,273.07,1642.46
2050-08-25 11:00:00,3520.15,2197.76,1130.47,191.93
2050-08-25 12:00:00,3589.84,1616.96,1773.16,199.73
2050-08-25 13:00:00,3682.78,1921.46,561.41,1199.91
2050-08-25 14:00:00,3938.35,2139.97,1784.33,14.05
2050-08-25 15:00:00,4239.6,3073.43,503.23,662.95
2050-08-25 16:00:00,4633.85,3343.41,598.29,692.15
2050-08-25 17:00:00,4973.98,4834.1,267.67,-127.79
2050-08-25 18:00:00,5334.12,7688.73,0.0,-2354.61
2050-08-25 19:00:00,5362.99,6630.2,0.0,-1267.21
2050-08-25 20:00:00,5338.01,5069.82,0.0,268.19
2050-08-25 21:00:00,5112.65,5303.03,0.0,-190.38
2050-08-25 22:00:00,4715.51,6319.4,0.0,-1603.88
2050-08-25 23:00:00,4284.28,6621.41,0.0,-2337.14
2050-08-26 00:00:00,3801.42,5801.75,0.0,-2000.33
2050-08-26 01:00:00,3534.95,6124.29,0.0,-2589.34
2050-08-26 02:00:00,3198.51,5526.34,0.0,-2327.83
2050-08-26 03:00:00,2997.4,4407.35,0.0,-1409.95
2050-08-26 04:00:00,2859.34,3424.6,0.0,-565.27
2050-08-26 05:00:00,2807.01,2029.99,22.06,754.95
2050-08-26 06:00:00,2861.95,2173.8,33.08,655.08
2050-08-26 07:00:00,2980.83,2415.71,202.64,362.48
2050-08-26 08:00:00,3255.54,1934.14,1575.74,-254.34
2050-08-26 09:00:00,3812.76,1656.42,899.42,1256.92
2050-08-26 10:00:00,4133.4,2000.4,806.81,1326.2
2050-08-26 11:00:00,4469.01,1559.15,1498.82,1411.05
2050-08-26 12:00:00,4769.96,1508.4,1933.32,1328.24
2050-08-26 13:00:00,4978.77,1215.18,2441.73,1321.85
2050-08-26 14:00:00,5179.13,1894.66,937.95,2346.52
2050-08-26 15:00:00,5381.66,2588.25,971.55,1821.86
2050-08-26 16:00:00,5654.72,4196.47,482.0,976.25
2050-08-26 17:00:00,5937.32,2421.8,136.84,3378.69
2050-08-26 18:00:00,6259.66,4799.38,0.0,1460.28
2050-08-26 19:00:00,6182.74,5441.98,0.0,740.76
2050-08-26 20:00:00,5991.02,5568.51,0.0,422.5
2050-08-26 21:00:00,5673.8,6265.71,0.0,-591.91
2050-08-26 22:00:00,5170.95,4918.47,0.0,252.49
2050-08-26 23:00:00,4628.67,4045.78,0.0,582.88
2050-08-27 00:00:00,4064.36,4444.57,0.0,-380.21
2050-08-27 01:00:00,3713.54,3601.21,0.0,112.32
2050-08-27 02:00:00,3287.23,3781.89,0.0,-494.66
2050-08-27 03:00:00,3015.17,3343.41,0.0,-328.24
2050-08-27 04:00:00,2851.54,2732.39,0.0,119.15
2050-08-27 05:00:00,2793.11,2106.12,44.09,642.91
2050-08-27 06:00:00,2848.1,2192.11,22.06,633.93
2050-08-27 07:00:00,2963.79,988.21,82.54,1893.04
2050-08-27 08:00:00,3149.58,1578.89,561.41,1009.27
2050-08-27 09:00:00,3490.29,1588.76,718.64,1182.89
2050-08-27 10:00:00,3746.11,1327.95,1002.84,1415.31
2050-08-27 11:00:00,4040.57,674.1,1449.77,1916.7
2050-08-27 12:00:00,4307.21,665.79,909.66,2731.76
2050-08-27 13:00:00,4503.15,893.98,977.51,2631.65
2050-08-27 14:00:00,4743.1,1278.61,839.17,2625.32
2050-08-27 15:00:00,5016.27,1742.41,348.48,2925.38
2050-08-27 16:00:00,5369.34,3140.42,170.0,2058.93
2050-08-27 17:00:00,5704.15,3314.98,310.84,2078.33
2050-08-27 18:00:00,6037.73,2839.96,0.0,3197.76
2050-08-27 19:00:00,5960.21,4769.6,0.0,1190.61
2050-08-27 20:00:00,5742.19,4935.84,0.0,806.35
2050-08-27 21:00:00,5394.93,2580.14,0.0,2814.8
2050-08-27 22:00:00,4905.89,1357.57,0.0,3548.33
2050-08-27 23:00:00,4388.52,1000.91,0.0,3387.61
2050-08-28 00:00:00,3849.62,2293.91,0.0,1555.71
2050-08-28 01:00:00,3536.36,3779.87,0.0,-243.51
2050-08-28 02:00:00,3166.82,3672.27,0.0,-505.45
2050-08-28 03:00:00,2967.49,4097.21,0.0,-1129.73
2050-08-28 04:00:00,2836.5,5404.77,0.0,-2568.27
2050-08-28 05:00:00,2786.6,4201.43,22.06,-1436.89
2050-08-28 06:00:00,2847.08,4819.21,436.57,-2408.7
2050-08-28 07:00:00,2963.64,5161.61,930.58,-3128.55
2050-08-28 08:00:00,3146.64,5087.17,369.95,-2310.48
2050-08-28 09:00:00,3512.97,5203.8,218.93,-1909.76
2050-08-28 10:00:00,3858.01,5747.15,487.31,-2376.45
2050-08-28 11:00:00,4219.97,4868.85,1709.65,-2358.53
2050-08-28 12:00:00,4539.73,3528.13,1293.47,-281.88
2050-08-28 13:00:00,4764.92,2624.79,770.59,1369.55
2050-08-28 14:00:00,5007.66,3406.33,1808.46,-207.13
2050-08-28 15:00:00,5271.37,3321.07,1814.86,135.44
2050-08-28 16:00:00,5621.2,5310.48,1381.09,-1070.37
2050-08-28 17:00:00,5968.35,5814.14,578.94,-424.73
2050-08-28 18:00:00,6314.74,5474.24,0.0,840.5
2050-08-28 19:00:00,6244.81,5779.41,0.0,465.4
2050-08-28 20:00:00,6019.91,6633.14,0.0,-613.23
2050-08-28 21:00:00,5660.94,5392.36,0.0,268.58
2050-08-28 22:00:00,5160.97,5697.53,0.0,-536.56
2050-08-28 23:00:00,4632.5,4856.44,0.0,-223.94
2050-08-29 00:00:00,4085.32,3440.85,0.0,644.47
2050-08-29 01:00:00,3761.05,3605.28,0.0,155.77
2050-08-29 02:00:00,3363.41,4164.2,0.0,-800.8
2050-08-29 03:00:00,3105.18,4796.9,0.0,-1691.72
2050-08-29 04:00:00,2918.63,3302.8,0.0,-384.18
2050-08-29 05:00:00,2832.51,3631.66,16.55,-815.7
2050-08-29 06:00:00,2874.53,5250.94,208.07,-2584.48
2050-08-29 07:00:00,2985.04,5335.3,455.42,-2805.68
2050-08-29 08:00:00,3234.26,4556.22,1422.88,-2744.84
2050-08-29 09:00:00,3828.32,5469.28,256.85,-1897.81
2050-08-29 10:00:00,4249.33,4033.6,246.03,-30.3
2050-08-29 11:00:00,4655.51,4769.6,792.9,-906.98
2050-08-29 12:00:00,5017.06,3741.28,337.74,938.04
2050-08-29 13:00:00,5286.62,4171.65,593.03,521.95
2050-08-29 14:00:00,5571.96,4782.01,1021.72,-231.76
2050-08-29 15:00:00,5863.18,5660.32,836.45,-633.59
2050-08-29 16:00:00,6230.97,5928.28,164.55,138.14
2050-08-29 17:00:00,6573.07,7621.3,98.98,-1147.21
2050-08-29 18:00:00,6890.94,8398.34,0.0,-1507.4
2050-08-29 19:00:00,6755.79,7685.81,0.0,-930.02
2050-08-29 20:00:00,6474.56,9389.42,0.0,-2914.87
2050-08-29 21:00:00,6075.05,8154.97,0.0,-2079.91
2050-08-29 22:00:00,5546.2,8169.63,0.0,-2623.42
2050-08-29 23:00:00,5003.83,6571.57,0.0,-1567.74
2050-08-30 00:00:00,4442.79,7028.99,0.0,-2586.2
2050-08-30 01:00:00,4103.75,7905.72,0.0,-3801.97
2050-08-30 02:00:00,3689.54,5749.63,0.0,-2060.09
2050-08-30 03:00:00,3399.3,5603.26,0.0,-2203.96
2050-08-30 04:00:00,3180.34,5677.69,0.0,-2497.35
2050-08-30 05:00:00,3046.26,4739.83,22.06,-1715.63
2050-08-30 06:00:00,3039.7,5141.77,27.57,-2129.64
2050-08-30 07:00:00,3140.31,5241.01,332.36,-2433.06
2050-08-30 08:00:00,3520.12,5042.52,439.44,-1961.84
2050-08-30 09:00:00,4152.49,5630.54,1006.5,-2484.55
2050-08-30 10:00:00,4547.94,4613.28,848.06,-913.4
2050-08-30 11:00:00,4933.18,3288.6,1635.1,9.48
2050-08-30 12:00:00,5285.01,2657.26,2936.53,-308.79
2050-08-30 13:00:00,5545.1,2492.83,3057.19,-4.92
2050-08-30 14:00:00,5812.69,3245.97,2110.1,456.62
2050-08-30 15:00:00,6072.65,4375.1,1494.46,203.09
2050-08-30 16:00:00,6409.02,4883.72,1173.06,352.24
2050-08-30 17:00:00,6726.26,6765.09,615.09,-653.92
2050-08-30 18:00:00,7021.04,8574.26,0.0,-1553.23
2050-08-30 19:00:00,6894.37,7990.75,0.0,-1096.38
2050-08-30 20:00:00,6617.45,8465.77,0.0,-1848.32
2050-08-30 21:00:00,6225.63,10770.5,0.0,-4544.87
2050-08-30 22:00:00,5711.26,7480.54,0.0,-1769.28
2050-08-30 23:00:00,5174.87,7231.31,0.0,-2056.45
2050-08-31 00:00:00,4615.55,6486.52,0.0,-1870.97
2050-08-31 01:00:00,4272.42,7410.17,0.0,-3137.76
2050-08-31 02:00:00,3851.05,8638.77,0.0,-4787.72
2050-08-31 03:00:00,3558.13,8143.23,0.0,-4585.1
2050-08-31 04:00:00,3328.42,6119.32,0.0,-2790.91
2050-08-31 05:00:00,3181.13,5181.46,49.59,-2049.92
2050-08-31 06:00:00,3147.68,5424.61,430.92,-2707.85
2050-08-31 07:00:00,3220.97,5938.21,1376.82,-4094.06
2050-08-31 08:00:00,3595.26,4362.69,2159.36,-2926.8
2050-08-31 09:00:00,4214.79,3605.28,2508.85,-1899.34
2050-08-31 10:00:00,4609.17,3406.33,3191.17,-1988.33
2050-08-31 11:00:00,4983.66,2937.4,2682.43,-636.17
2050-08-31 12:00:00,5331.73,1739.59,3402.84,189.29
2050-08-31 13:00:00,5588.8,1112.28,3525.95,950.58
2050-08-31 14:00:00,5849.43,1322.32,3299.2,1227.91
2050-08-31 15:00:00,6119.73,2616.68,2557.0,946.06
2050-08-31 16:00:00,6464.47,3274.4,987.77,2202.3
2050-08-31 17:00:00,6791.93,4057.96,294.67,2439.3
2050-08-31 18:00:00,7095.4,4528.94,0.0,2566.46
2050-08-31 19:00:00,6973.56,3970.68,0.0,3002.88
2050-08-31 20:00:00,6545.26,6238.41,0.0,306.84
2050-08-31 21:00:00,6174.85,7058.31,0.0,-883.46
2050-08-31 22:00:00,5675.76,7571.45,0.0,-1895.69
2050-08-31 23:00:00,5151.81,8339.69,0.0,-3187.89
2050-09-01 00:00:00,4631.37,6750.43,0.0,-2119.06
2050-09-01 01:00:00,4323.25,7741.52,0.0,-3418.27
2050-09-01 02:00:00,3923.66,7043.65,0.0,-3119.98
2050-09-01 03:00:00,3652.37,6012.64,0.0,-2360.27
2050-09-01 04:00:00,3435.05,5439.5,0.0,-2004.45
2050-09-01 05:00:00,3296.94,5583.4,45.22,-2331.68
2050-09-01 06:00:00,3271.8,2793.29,1122.55,-644.04
2050-09-01 07:00:00,3338.64,3836.7,1961.61,-2459.67
2050-09-01 08:00:00,3718.4,2809.51,3143.79,-2234.9
2050-09-01 09:00:00,4334.35,2852.14,3994.73,-2512.52
2050-09-01 10:00:00,4752.39,2807.49,4518.35,-2573.45
2050-09-01 11:00:00,5162.32,3471.3,4750.43,-3059.41
2050-09-01 12:00:00,5529.66,2561.87,4729.65,-1761.85
2050-09-01 13:00:00,5791.59,1237.73,4450.97,102.89
2050-09-01 14:00:00,6051.29,1064.33,3894.83,1092.13
2050-09-01 15:00:00,6307.18,1115.09,3037.58,2154.5
2050-09-01 16:00:00,6619.67,1088.3,1906.59,3624.79
2050-09-01 17:00:00,6871.14,2998.3,685.43,3187.4
2050-09-01 18:00:00,7092.63,2994.26,4.19,4094.19
2050-09-01 19:00:00,6897.5,3040.93,0.0,3856.56
2050-09-01 20:00:00,6594.94,4280.81,0.0,2314.13
2050-09-01 21:00:00,6223.8,4501.64,0.0,1722.16
2050-09-01 22:00:00,5722.35,6562.77,0.0,-840.42
2050-09-01 23:00:00,5197.5,7377.93,0.0,-2180.42
2050-09-02 00:00:00,4658.46,4087.29,0.0,571.17
2050-09-02 01:00:00,4345.33,2114.59,0.0,2230.74
2050-09-02 02:00:00,3950.84,3970.68,0.0,-19.84
2050-09-02 03:00:00,3687.68,4439.61,0.0,-751.93
2050-09-02 04:00:00,3478.76,4347.8,0.0,-869.04
2050-09-02 05:00:00,3346.18,2793.29,54.35,498.55
2050-09-02 06:00:00,3330.24,2752.68,1139.6,-562.05
2050-09-02 07:00:00,3407.26,2594.34,2001.46,-1188.54
2050-09-02 08:00:00,3788.47,2576.07,3169.75,-1957.35
2050-09-02 09:00:00,4357.52,2858.23,4008.48,-2509.19
2050-09-02 10:00:00,4697.6,2622.77,4526.9,-2452.07
2050-09-02 11:00:00,5028.08,2478.63,4761.26,-2211.81
2050-09-02 12:00:00,5321.11,1959.52,4733.28,-1371.69
2050-09-02 13:00:00,5523.25,2267.5,4446.67,-1190.92
2050-09-02 14:00:00,5731.53,3211.45,3884.09,-1364.02
2050-09-02 15:00:00,5941.74,2939.45,2930.96,71.34
2050-09-02 16:00:00,6208.05,3542.36,1875.05,790.64
2050-09-02 17:00:00,6435.63,4556.22,660.39,1219.02
2050-09-02 18:00:00,6661.64,4625.69,3.75,2032.2
2050-09-02 19:00:00,6500.68,7216.65,0.0,-715.97
2050-09-02 20:00:00,6234.15,7418.98,0.0,-1184.82
2050-09-02 21:00:00,5888.43,7700.47,0.0,-1812.04
2050-09-02 22:00:00,5412.87,8052.34,0.0,-2639.47
2050-09-02 23:00:00,4913.12,5997.75,0.0,-1084.64
2050-09-03 00:00:00,4391.12,6141.66,0.0,-1750.54
2050-09-03 01:00:00,4093.12,6568.63,0.0,-2475.51
2050-09-03 02:00:00,3716.68,5690.08,0.0,-1973.4
2050-09-03 03:00:00,3478.58,4041.74,0.0,-563.15
2050-09-03 04:00:00,3289.84,3485.5,0.0,-195.67
2050-09-03 05:00:00,3178.54,3708.81,44.09,-574.35
2050-09-03 06:00:00,3186.22,3601.21,816.71,-1231.7
2050-09-03 07:00:00,3273.28,3195.23,1785.67,-1707.61
2050-09-03 08:00:00,3586.57,2618.7,2986.87,-2019.0
2050-09-03 09:00:00,4086.79,1966.57,3907.94,-1787.72
2050-09-03 10:00:00,4370.54,2206.21,3829.79,-1665.46
2050-09-03 11:00:00,4672.04,1618.36,4659.3,-1605.62
2050-09-03 12:00:00,4889.68,1313.86,4618.4,-1042.57
2050-09-03 13:00:00,5049.09,789.71,4318.42,-59.04
2050-09-03 14:00:00,5210.24,751.17,3187.81,1271.25
2050-09-03 15:00:00,5275.66,1053.07,1887.03,2335.56
2050-09-03 16:00:00,5399.16,1873.53,819.84,2705.79
2050-09-03 17:00:00,5557.41,2163.93,540.35,2853.13
2050-09-03 18:00:00,5809.6,3219.59,0.0,2590.02
2050-09-03 19:00:00,5784.1,2324.36,0.0,3459.74
2050-09-03 20:00:00,5679.52,3532.2,0.0,2147.32
2050-09-03 21:00:00,5493.22,2935.38,0.0,2557.84
2050-09-03 22:00:00,5124.74,3211.45,0.0,1913.28
2050-09-03 23:00:00,4711.73,5141.77,0.0,-430.04
2050-09-04 00:00:00,4264.8,4682.75,0.0,-417.95
2050-09-04 01:00:00,4023.74,3270.33,0.0,753.41
2050-09-04 02:00:00,3687.34,2681.62,0.0,1005.71
2050-09-04 03:00:00,3462.63,3375.88,0.0,86.75
2050-09-04 04:00:00,3252.62,3832.63,0.0,-580.02
2050-09-04 05:00:00,3119.62,2864.32,33.08,222.21
2050-09-04 06:00:00,3072.37,2825.76,643.25,-396.65
2050-09-04 07:00:00,3117.31,2720.21,1072.56,-675.46
2050-09-04 08:00:00,3442.01,3335.3,2517.26,-2410.54
2050-09-04 09:00:00,3973.93,2515.17,3533.92,-2075.16
2050-09-04 10:00:00,4290.39,4037.67,3541.06,-3288.35
2050-09-04 11:00:00,4587.25,2689.76,3357.7,-1460.21
2050-09-04 12:00:00,4852.27,2517.19,3650.03,-1314.96
2050-09-04 13:00:00,5014.03,2203.39,3125.26,-314.62
2050-09-04 14:00:00,5210.61,2127.27,2787.24,296.1
2050-09-04 15:00:00,5442.9,4588.48,1008.05,-153.63
2050-09-04 16:00:00,5747.72,5491.6,1430.08,-1173.95
2050-09-04 17:00:00,6028.72,6609.67,465.76,-1046.72
2050-09-04 18:00:00,6310.53,7348.61,0.0,-1038.07
2050-09-04 19:00:00,6198.07,6087.06,0.0,111.01
2050-09-04 20:00:00,5929.55,4821.7,0.0,1107.86
2050-09-04 21:00:00,5550.98,6726.97,0.0,-1175.99
2050-09-04 22:00:00,5039.42,4620.73,0.0,418.69
2050-09-04 23:00:00,4479.16,5734.76,0.0,-1255.6
2050-09-05 00:00:00,3869.64,6342.84,0.0,-2473.2
2050-09-05 01:00:00,3511.81,6820.8,0.0,-3308.99
2050-09-05 02:00:00,3140.52,6149.09,0.0,-3008.57
2050-09-05 03:00:00,2953.25,6069.71,0.0,-3116.45
2050-09-05 04:00:00,2832.56,6468.94,0.0,-3636.38
2050-09-05 05:00:00,2790.54,5821.58,27.57,-3058.61
2050-09-05 06:00:00,2877.09,5967.97,175.44,-3266.32
2050-09-05 07:00:00,3016.49,6037.44,957.47,-3978.43
2050-09-05 08:00:00,3149.93,5995.27,1696.36,-4541.7
2050-09-05 09:00:00,3439.02,5774.45,2560.72,-4896.15
2050-09-05 10:00:00,3576.94,4320.52,2174.79,-2918.38
2050-09-05 11:00:00,3847.32,4169.17,2103.9,-2425.75
2050-09-05 12:00:00,4144.62,4727.42,2448.51,-3031.31
2050-09-05 13:00:00,4365.37,4134.44,3507.07,-3276.14
2050-09-05 14:00:00,4611.43,5164.09,2275.13,-2827.79
2050-09-05 15:00:00,4877.62,4680.27,1673.83,-1476.48
2050-09-05 16:00:00,5189.58,5776.93,586.35,-1173.69
2050-09-05 17:00:00,5440.73,5883.61,137.27,-580.15
2050-09-05 18:00:00,5718.37,6114.36,0.0,-395.99
2050-09-05 19:00:00,5608.49,8773.67,0.0,-3165.17
2050-09-05 20:00:00,5374.95,8204.81,0.0,-2829.86
2050-09-05 21:00:00,5063.24,6556.91,0.0,-1493.66
2050-09-05 22:00:00,4613.3,5970.45,0.0,-1357.16
2050-09-05 23:00:00,4144.7,5169.05,0.0,-1024.35
2050-09-06 00:00:00,3667.12,4442.09,0.0,-774.97
2050-09-06 01:00:00,3430.7,3779.87,0.0,-349.17
2050-09-06 02:00:00,3119.12,4206.38,0.0,-1087.26
2050-09-06 03:00:00,2945.49,4496.67,0.0,-1551.18
2050-09-06 04:00:00,2830.37,4021.42,0.0,-1191.06
2050-09-06 05:00:00,2788.62,4727.42,16.55,-1955.36
2050-09-06 06:00:00,2860.07,5719.87,93.5,-2953.3
2050-09-06 07:00:00,2981.48,6873.59,148.19,-4040.29
2050-09-06 08:00:00,3143.6,8102.18,218.93,-5177.51
2050-09-06 09:00:00,3414.21,6233.45,396.72,-3215.96
2050-09-06 10:00:00,3590.13,5116.96,684.0,-2210.82
2050-09-06 11:00:00,3940.0,6280.6,326.99,-2667.59
2050-09-06 12:00:00,4352.95,4690.2,191.77,-529.01
2050-09-06 13:00:00,4655.9,3440.85,409.35,805.7
2050-09-06 14:00:00,4934.62,6044.89,283.87,-1394.14
2050-09-06 15:00:00,5198.46,8456.99,337.74,-3596.27
2050-09-06 16:00:00,5523.97,8348.49,193.16,-3017.68
2050-09-06 17:00:00,5790.64,9896.71,120.87,-4226.94
2050-09-06 18:00:00,6048.11,10553.51,0.0,-4505.4
2050-09-06 19:00:00,5909.12,10333.6,0.0,-4424.48
2050-09-06 20:00:00,5658.14,11471.31,0.0,-5813.16
2050-09-06 21:00:00,5334.9,9735.43,0.0,-4400.53
2050-09-06 22:00:00,4880.13,8193.07,0.0,-3312.95
2050-09-06 23:00:00,4392.35,8586.0,0.0,-4193.65
2050-09-07 00:00:00,3874.83,6726.97,0.0,-2852.14
2050-09-07 01:00:00,3572.89,5896.02,0.0,-2323.13
2050-09-07 02:00:00,3204.52,5409.73,0.0,-2205.22
2050-09-07 03:00:00,2995.2,4615.76,0.0,-1620.56
2050-09-07 04:00:00,2860.71,5330.33,0.0,-2469.62
2050-09-07 05:00:00,2806.32,6295.93,11.04,-3500.64
2050-09-07 06:00:00,2868.72,6027.52,115.4,-3274.2
2050-09-07 07:00:00,2976.02,6938.09,446.64,-4408.71
2050-09-07 08:00:00,3186.89,5273.27,589.31,-2675.69
2050-09-07 09:00:00,3634.43,4280.81,1162.9,-1809.28
2050-09-07 10:00:00,4020.1,5290.63,1091.49,-2362.02
2050-09-07 11:00:00,4366.9,3986.93,1502.83,-1122.85
2050-09-07 12:00:00,4652.23,4051.87,1537.29,-936.93
2050-09-07 13:00:00,4854.98,3371.84,2518.84,-1035.69
2050-09-07 14:00:00,5086.18,4841.55,949.08,-704.45
2050-09-07 15:00:00,5316.39,5734.76,594.76,-1013.12
2050-09-07 16:00:00,5620.36,7193.19,574.79,-2147.62
2050-09-07 17:00:00,5895.66,8439.38,175.44,-2719.17
2050-09-07 18:00:00,6156.01,8357.29,0.0,-2201.28
2050-09-07 19:00:00,6032.19,7732.72,0.0,-1700.53
2050-09-07 20:00:00,5793.91,8257.58,0.0,-2463.67
2050-09-07 21:00:00,5481.81,6750.43,0.0,-1268.62
2050-09-07 22:00:00,5030.98,6665.4,0.0,-1634.42
2050-09-07 23:00:00,4557.64,5838.95,0.0,-1281.32
2050-09-08 00:00:00,4058.82,4444.57,0.0,-385.75
2050-09-08 01:00:00,3776.1,4303.15,0.0,-527.05
2050-09-08 02:00:00,3404.94,3879.33,0.0,-474.4
2050-09-08 03:00:00,3162.0,4228.71,0.0,-1066.71
2050-09-08 04:00:00,2981.21,4590.96,0.0,-1609.75
2050-09-08 05:00:00,2898.02,4863.89,16.55,-1982.42
2050-09-08 06:00:00,2937.54,5040.04,721.03,-2823.53
2050-09-08 07:00:00,3042.54,4454.5,1900.24,-3312.2
2050-09-08 08:00:00,3270.87,4873.81,3070.65,-4673.59
2050-09-08 09:00:00,3630.16,4124.51,3692.91,-4187.26
2050-09-08 10:00:00,3714.18,3660.09,4440.35,-4386.26
2050-09-08 11:00:00,3995.05,3718.97,4669.06,-4392.98
2050-09-08 12:00:00,4330.43,3838.72,4634.21,-4142.5
2050-09-08 13:00:00,4593.66,4645.54,4342.68,-4394.56
2050-09-08 14:00:00,4891.62,5466.8,3760.91,-4336.08
2050-09-08 15:00:00,5204.17,5774.45,2860.58,-3430.86
2050-09-08 16:00:00,5609.4,6389.77,1706.24,-2486.6
2050-09-08 17:00:00,5989.29,7213.71,512.48,-1736.9
2050-09-08 18:00:00,6344.12,6776.81,0.0,-432.69
2050-09-08 19:00:00,6269.27,9530.18,0.0,-3260.91
2050-09-08 20:00:00,5999.97,7615.44,0.0,-1615.46
2050-09-08 21:00:00,5602.8,6841.32,0.0,-1238.52
2050-09-08 22:00:00,5046.61,6958.62,0.0,-1912.01
2050-09-08 23:00:00,4460.06,7155.08,0.0,-2695.03
2050-09-09 00:00:00,3854.86,5335.3,0.0,-1480.43
2050-09-09 01:00:00,3487.68,6899.97,0.0,-3412.29
2050-09-09 02:00:00,3131.46,5829.03,0.0,-2697.57
2050-09-09 03:00:00,2949.62,6665.4,0.0,-3715.78
2050-09-09 04:00:00,2831.41,5037.56,0.0,-2206.15
2050-09-09 05:00:00,2789.22,4578.55,33.08,-1822.42
2050-09-09 06:00:00,2861.39,3584.99,836.1,-1559.69
2050-09-09 07:00:00,2983.19,3465.21,2010.81,-2492.83
2050-09-09 08:00:00,3143.38,3174.91,3159.2,-3190.74
2050-09-09 09:00:00,3402.11,2480.65,3954.74,-3033.29
2050-09-09 10:00:00,3537.5,1401.26,4423.43,-2287.2
2050-09-09 11:00:00,3725.85,2008.85,4625.72,-2908.72
2050-09-09 12:00:00,4001.75,2770.95,4531.91,-3301.1
2050-09-09 13:00:00,4192.08,1945.42,4166.98,-1920.31
2050-09-09 14:00:00,4376.76,1843.91,3568.47,-1035.62
2050-09-09 15:00:00,4567.86,3520.02,2681.43,-1633.59
2050-09-09 16:00:00,4882.09,3114.01,1556.35,211.73
2050-09-09 17:00:00,5190.17,3014.55,434.76,1740.86
2050-09-09 18:00:00,5517.25,2289.84,0.0,3227.41
2050-09-09 19:00:00,5464.12,2314.2,0.0,3149.92
2050-09-09 20:00:00,5251.55,3718.97,0.0,1532.59
2050-09-09 21:00:00,4952.51,3552.49,0.0,1400.02
2050-09-09 22:00:00,4501.67,3250.04,0.0,1251.63
2050-09-09 23:00:00,4040.16,2831.85,0.0,1208.31
2050-09-10 00:00:00,3603.45,2927.27,0.0,676.19
2050-09-10 01:00:00,3395.74,3453.03,0.0,-57.29
2050-09-10 02:00:00,3103.58,1818.53,0.0,1285.05
2050-09-10 03:00:00,2940.48,1900.31,0.0,1040.17
2050-09-10 04:00:00,2827.9,2326.38,0.0,501.52
2050-09-10 05:00:00,2788.46,2217.49,22.06,548.91
2050-09-10 06:00:00,2871.77,2399.46,704.71,-232.4
2050-09-10 07:00:00,2987.66,2793.29,1664.13,-1469.75
2050-09-10 08:00:00,3148.84,4136.92,2945.54,-3933.63
2050-09-10 09:00:00,3381.22,3526.11,3711.2,-3856.09
2050-09-10 10:00:00,3451.64,3032.82,4419.96,-4001.14
2050-09-10 11:00:00,3521.24,4461.95,4583.38,-5524.09
2050-09-10 12:00:00,3637.95,4464.43,4219.78,-5046.25
2050-09-10 13:00:00,3825.26,4610.8,4032.35,-4817.88
2050-09-10 14:00:00,4146.56,4308.11,2751.05,-2912.6
2050-09-10 15:00:00,4475.77,4154.28,2813.33,-2491.84
2050-09-10 16:00:00,4887.99,4645.54,1569.94,-1327.49
2050-09-10 17:00:00,5282.84,4675.31,467.83,139.7
2050-09-10 18:00:00,5659.54,5231.08,0.0,428.46
2050-09-10 19:00:00,5630.56,6674.18,0.0,-1043.63
2050-09-10 20:00:00,5427.88,6612.61,0.0,-1184.73
2050-09-10 21:00:00,5130.61,5278.22,0.0,-147.61
2050-09-10 22:00:00,4678.27,4171.65,0.0,506.62
2050-09-10 23:00:00,4183.8,4563.66,0.0,-379.86
2050-09-11 00:00:00,3665.51,5967.97,0.0,-2302.46
2050-09-11 01:00:00,3415.92,4841.55,0.0,-1425.63
2050-09-11 02:00:00,3112.3,3589.03,0.0,-476.74
2050-09-11 03:00:00,2943.87,5372.51,0.0,-2428.64
2050-09-11 04:00:00,2829.32,6357.5,0.0,-3528.18
2050-09-11 05:00:00,2788.16,5873.7,11.04,-3096.57
2050-09-11 06:00:00,2861.68,4360.21,278.7,-1777.23
2050-09-11 07:00:00,2978.11,3053.11,507.29,-582.3
2050-09-11 08:00:00,3143.51,2667.42,1130.43,-654.34
2050-09-11 09:00:00,3414.14,4154.28,1548.77,-2288.91
2050-09-11 10:00:00,3576.76,3245.97,1434.07,-1103.28
2050-09-11 11:00:00,3883.28,3120.1,954.66,-191.48
2050-09-11 12:00:00,4217.73,2919.13,1160.79,137.8
2050-09-11 13:00:00,4459.52,2155.46,1242.5,1061.56
2050-09-11 14:00:00,4727.36,1841.1,1434.27,1451.99
2050-09-11 15:00:00,4990.09,2425.84,687.94,1876.3
2050-09-11 16:00:00,5311.32,1993.35,262.26,3055.71
2050-09-11 17:00:00,5601.11,1261.7,104.46,4234.96
2050-09-11 18:00:00,5860.55,1812.9,0.0,4047.65
2050-09-11 19:00:00,5733.65,2492.83,0.0,3240.81
2050-09-11 20:00:00,5469.58,4955.68,0.0,513.91
2050-09-11 21:00:00,5134.87,4861.4,0.0,273.47
2050-09-11 22:00:00,4666.37,5570.99,0.0,-904.63
2050-09-11 23:00:00,4171.4,5102.06,0.0,-930.67
2050-09-12 00:00:00,3687.15,5074.78,0.0,-1387.63
2050-09-12 01:00:00,3441.21,3970.68,0.0,-529.47
2050-09-12 02:00:00,3130.32,3189.14,0.0,-58.81
2050-09-12 03:00:00,2952.72,3627.62,0.0,-674.89
2050-09-12 04:00:00,2833.74,3138.37,0.0,-304.64
2050-09-12 05:00:00,2791.04,2606.52,11.04,173.49
2050-09-12 06:00:00,2864.83,2596.36,412.5,-144.03
2050-09-12 07:00:00,2974.55,1746.64,567.25,660.66
2050-09-12 08:00:00,3144.41,2405.55,2540.86,-1802.0
2050-09-12 09:00:00,3393.54,2132.92,2265.08,-1004.46
2050-09-12 10:00:00,3463.89,2127.27,1291.01,45.61
2050-09-12 11:00:00,3518.67,1459.06,2658.26,-598.65
2050-09-12 12:00:00,3574.83,1757.92,3970.31,-2153.4
2050-09-12 13:00:00,3595.21,1810.09,4184.01,-2398.88
2050-09-12 14:00:00,3627.24,1870.7,3560.65,-1804.11
2050-09-12 15:00:00,3698.07,3268.31,2633.84,-2204.07
2050-09-12 16:00:00,3910.86,3150.55,1469.88,-709.58
2050-09-12 17:00:00,4177.63,3347.48,335.72,494.44
2050-09-12 18:00:00,4533.4,6037.44,0.0,-1504.04
2050-09-12 19:00:00,4714.32,7260.64,0.0,-2546.31
2050-09-12 20:00:00,4737.38,6183.83,0.0,-1446.45
2050-09-12 21:00:00,4615.55,5833.99,0.0,-1218.44
2050-09-12 22:00:00,4325.05,6116.84,0.0,-1791.79
2050-09-12 23:00:00,3977.38,6012.64,0.0,-2035.27
2050-09-13 00:00:00,3582.97,5446.94,0.0,-1863.97
2050-09-13 01:00:00,3391.04,3337.32,0.0,53.72
2050-09-13 02:00:00,3105.22,4211.34,0.0,-1106.12
2050-09-13 03:00:00,2943.95,5263.34,0.0,-2319.39
2050-09-13 04:00:00,2832.83,3739.26,0.0,-906.43
2050-09-13 05:00:00,2792.74,3599.19,11.04,-817.49
2050-09-13 06:00:00,2866.36,3875.26,612.21,-1621.11
2050-09-13 07:00:00,2971.94,4933.36,1767.82,-3729.24
2050-09-13 08:00:00,3155.25,5717.38,1250.56,-3812.69
2050-09-13 09:00:00,3443.56,4474.34,2503.8,-3534.58
2050-09-13 10:00:00,3602.0,2888.68,4215.94,-3502.63
2050-09-13 11:00:00,3816.8,1786.12,4391.33,-2360.66
2050-09-13 12:00:00,4067.37,1719.86,4350.19,-2002.68
2050-09-13 13:00:00,4272.81,2898.84,4061.56,-2687.58
2050-09-13 14:00:00,4528.08,2393.37,3476.17,-1341.47
2050-09-13 15:00:00,4811.04,2541.55,2609.1,-339.61
2050-09-13 16:00:00,5180.22,4811.77,1499.35,-1130.9
2050-09-13 17:00:00,5518.63,4039.69,389.12,1089.81
2050-09-13 18:00:00,5807.83,3986.93,0.0,1820.91
2050-09-13 19:00:00,5710.55,5315.44,0.0,395.1
2050-09-13 20:00:00,5477.14,5114.47,0.0,362.67
2050-09-13 21:00:00,5196.48,6530.5,0.0,-1334.02
2050-09-13 22:00:00,4760.93,6589.15,0.0,-1828.22
2050-09-13 23:00:00,4309.23,5995.27,0.0,-1686.04
2050-09-14 00:00:00,3725.25,4221.27,0.0,-496.02
2050-09-14 01:00:00,3451.52,5211.23,0.0,-1759.71
2050-09-14 02:00:00,3130.76,5863.77,0.0,-2733.01
2050-09-14 03:00:00,2954.91,6577.43,0.0,-3622.52
2050-09-14 04:00:00,2834.69,8366.08,0.0,-5531.39
2050-09-14 05:00:00,2791.12,7460.02,16.55,-4685.45
2050-09-14 06:00:00,2865.34,5645.43,646.45,-3426.53
2050-09-14 07:00:00,2970.36,4782.01,2044.21,-3855.85
2050-09-14 08:00:00,3146.43,5139.29,3191.16,-5184.03
2050-09-14 09:00:00,3454.85,6000.23,4012.36,-6557.75
2050-09-14 10:00:00,3665.74,5655.36,4515.21,-6504.83
2050-09-14 11:00:00,4034.83,5667.77,4719.9,-6352.84
2050-09-14 12:00:00,4357.18,5704.97,4653.48,-6001.27
2050-09-14 13:00:00,4582.24,5412.2,4306.74,-5136.69
2050-09-14 14:00:00,4828.48,4278.33,3665.57,-3115.42
2050-09-14 15:00:00,5081.77,4732.39,2722.54,-2373.15
2050-09-14 16:00:00,5435.27,4600.89,1531.56,-697.18
2050-09-14 17:00:00,5745.35,4851.48,361.11,532.76
2050-09-14 18:00:00,6025.52,7213.71,0.0,-1188.19
2050-09-14 19:00:00,5919.32,7090.57,0.0,-1171.25
2050-09-14 20:00:00,5649.8,7333.94,0.0,-1684.14
2050-09-14 21:00:00,5301.87,8404.2,0.0,-3102.33
2050-09-14 22:00:00,4805.69,9456.87,0.0,-4651.18
2050-09-14 23:00:00,4276.6,9996.4,0.0,-5719.81
2050-09-15 00:00:00,3727.0,9339.58,0.0,-5612.58
2050-09-15 01:00:00,3443.02,9961.22,0.0,-6518.2
2050-09-15 02:00:00,3122.64,8248.8,0.0,-5126.15
2050-09-15 03:00:00,2947.02,8316.23,0.0,-5369.21
2050-09-15 04:00:00,2830.92,7093.49,0.0,-4262.58
2050-09-15 05:00:00,2789.42,6463.07,16.66,-3690.3
2050-09-15 06:00:00,2865.67,6644.86,670.26,-4449.45
2050-09-15 07:00:00,2984.25,6677.12,2109.43,-5802.3
2050-09-15 08:00:00,3143.43,4213.82,3304.8,-4375.2
2050-09-15 09:00:00,3426.24,3690.54,4155.59,-4419.89
2050-09-15 10:00:00,3559.64,3233.79,4655.42,-4329.57
2050-09-15 11:00:00,3815.58,2651.17,4867.98,-3703.58
2050-09-15 12:00:00,4096.54,2042.69,4817.86,-2764.01
2050-09-15 13:00:00,4296.84,1896.08,4499.66,-2098.89
2050-09-15 14:00:00,4525.49,1865.06,3874.85,-1214.43
2050-09-15 15:00:00,4775.8,1983.48,2938.98,-146.67
2050-09-15 16:00:00,5117.04,2110.35,1703.11,1303.58
2050-09-15 17:00:00,5445.12,2740.5,415.29,2289.33
2050-09-15 18:00:00,5737.66,2876.5,0.0,2861.16
2050-09-15 19:00:00,5647.84,2978.01,0.0,2669.84
2050-09-15 20:00:00,5398.64,3865.13,0.0,1533.52
2050-09-15 21:00:00,5069.42,4136.92,0.0,932.5
2050-09-15 22:00:00,4589.96,3337.32,0.0,1252.64
2050-09-15 23:00:00,4089.62,3327.16,0.0,762.46
2050-09-16 00:00:00,3615.81,3302.8,0.0,313.01
2050-09-16 01:00:00,3397.29,2170.98,0.0,1226.31
2050-09-16 02:00:00,3102.8,1632.45,0.0,1470.34
2050-09-16 03:00:00,2939.9,1298.36,0.0,1641.54
2050-09-16 04:00:00,2829.66,1351.92,0.0,1477.74
2050-09-16 05:00:00,2812.3,1608.49,5.52,1198.29
2050-09-16 06:00:00,2946.09,1945.42,440.03,560.63
2050-09-16 07:00:00,3114.8,1367.43,1821.82,-74.45
2050-09-16 08:00:00,3197.87,1301.17,2876.42,-979.73
2050-09-16 09:00:00,3388.52,597.02,3719.09,-927.59
2050-09-16 10:00:00,3504.87,796.51,4312.4,-1604.04
2050-09-16 11:00:00,3676.24,958.2,4542.23,-1824.2
2050-09-16 12:00:00,3980.11,1213.77,4474.37,-1708.03
2050-09-16 13:00:00,4209.35,1353.34,4125.82,-1269.8
2050-09-16 14:00:00,4424.11,1780.47,3510.99,-867.36
2050-09-16 15:00:00,4588.0,1650.79,2583.74,353.47
2050-09-16 16:00:00,4885.09,1755.11,1418.53,1711.45
2050-09-16 17:00:00,5117.11,1772.02,273.52,3071.57
2050-09-16 18:00:00,5373.96,2100.49,0.0,3273.48
2050-09-16 19:00:00,5449.56,1574.66,0.0,3874.9
2050-09-16 20:00:00,5344.93,2114.59,0.0,3230.35
2050-09-16 21:00:00,5155.06,1322.32,0.0,3832.74
2050-09-16 22:00:00,4811.2,1380.12,0.0,3431.08
2050-09-16 23:00:00,4423.44,903.04,0.0,3520.39
2050-09-17 00:00:00,3996.46,1253.25,0.0,2743.22
2050-09-17 01:00:00,3778.36,1308.22,0.0,2470.13
2050-09-17 02:00:00,3458.22,1786.12,0.0,1672.09
2050-09-17 03:00:00,3261.23,1973.62,0.0,1287.61
2050-09-17 04:00:00,3126.08,1463.29,0.0,1662.79
2050-09-17 05:00:00,3035.44,1394.21,5.52,1635.7
2050-09-17 06:00:00,3057.04,1015.01,251.44,1790.59
2050-09-17 07:00:00,3111.6,1292.71,1564.96,253.93
2050-09-17 08:00:00,3424.14,1119.33,1012.33,1292.48
2050-09-17 09:00:00,3898.16,804.06,3440.5,-346.4
2050-09-17 10:00:00,4087.07,590.23,3243.16,253.68
2050-09-17 11:00:00,4308.18,530.53,4590.1,-812.46
2050-09-17 12:00:00,4480.21,598.54,4528.79,-647.12
2050-09-17 13:00:00,4522.94,281.04,4035.08,206.83
2050-09-17 14:00:00,4650.86,587.96,3526.09,536.8
2050-09-17 15:00:00,4824.38,794.99,2556.76,1472.63
2050-09-17 16:00:00,5102.99,1415.36,1361.15,2326.48
2050-09-17 17:00:00,5380.85,1760.74,263.16,3356.95
2050-09-17 18:00:00,5646.05,2906.95,0.0,2739.1
2050-09-17 19:00:00,5594.84,4385.03,0.0,1209.81
2050-09-17 20:00:00,5367.92,5657.84,0.0,-289.91
2050-09-17 21:00:00,5081.24,5394.84,0.0,-313.6
2050-09-17 22:00:00,4639.97,4367.66,0.0,272.31
2050-09-17 23:00:00,4180.8,5551.14,0.0,-1370.34
2050-09-18 00:00:00,3691.07,5198.84,0.0,-1507.76
2050-09-18 01:00:00,3442.8,5238.53,0.0,-1795.73
2050-09-18 02:00:00,3127.42,4675.31,0.0,-1547.89
2050-09-18 03:00:00,2949.08,5382.43,0.0,-2433.35
2050-09-18 04:00:00,2831.64,5320.41,0.0,-2488.77
2050-09-18 05:00:00,2789.8,7020.19,5.52,-4235.9
2050-09-18 06:00:00,2868.2,5953.08,538.73,-3623.62
2050-09-18 07:00:00,2973.24,5372.51,1656.39,-4055.66
2050-09-18 08:00:00,3144.69,9169.52,2720.76,-8745.58
2050-09-18 09:00:00,3411.59,7914.52,3588.49,-8091.42
2050-09-18 10:00:00,3510.32,7468.82,4179.12,-8137.63
2050-09-18 11:00:00,3603.45,7489.34,4402.38,-8288.28
2050-09-18 12:00:00,3747.46,8157.89,4384.02,-8794.44
2050-09-18 13:00:00,3909.21,6407.35,4048.61,-6546.75
2050-09-18 14:00:00,4097.98,6712.31,3421.62,-6035.95
2050-09-18 15:00:00,4319.01,5236.04,2495.53,-3412.57
2050-09-18 16:00:00,4654.01,5094.62,1329.44,-1770.05
2050-09-18 17:00:00,4988.43,5769.48,245.09,-1026.14
2050-09-18 18:00:00,5293.96,7597.84,0.0,-2303.88
2050-09-18 19:00:00,5247.6,9430.47,0.0,-4182.87
2050-09-18 20:00:00,5030.5,10125.42,0.0,-5094.91
2050-09-18 21:00:00,4753.61,10993.35,0.0,-6239.74
2050-09-18 22:00:00,4372.05,9632.8,0.0,-5260.75
2050-09-18 23:00:00,3995.4,8961.33,0.0,-4965.93
2050-09-19 00:00:00,3589.29,10248.57,0.0,-6659.28
2050-09-19 01:00:00,3391.41,8732.6,0.0,-5341.2
2050-09-19 02:00:00,3103.36,9445.13,0.0,-6341.78
2050-09-19 03:00:00,2941.64,9861.52,0.0,-6919.88
2050-09-19 04:00:00,2830.06,9298.53,0.0,-6468.47
2050-09-19 05:00:00,2791.64,8506.83,0.0,-5715.2
2050-09-19 06:00:00,2875.87,8278.12,131.81,-5534.06
2050-09-19 07:00:00,2985.77,8606.53,278.48,-5899.23
2050-09-19 08:00:00,3145.53,8970.11,1398.82,-7223.4
2050-09-19 09:00:00,3429.57,8635.85,3780.06,-8986.34
2050-09-19 10:00:00,3584.38,6466.0,4279.25,-7160.87
2050-09-19 11:00:00,3897.71,5801.75,4320.51,-6224.55
2050-09-19 12:00:00,4247.97,5873.7,4382.88,-6008.6
2050-09-19 13:00:00,4501.13,5352.65,3678.06,-4529.57
2050-09-19 14:00:00,4766.29,6213.61,2413.72,-3861.04
2050-09-19 15:00:00,5019.15,7231.31,2128.8,-4340.96
2050-09-19 16:00:00,5328.86,5953.08,1223.47,-1847.68
2050-09-19 17:00:00,5606.89,5504.0,71.56,31.32
2050-09-19 18:00:00,5855.92,5067.34,0.0,788.59
2050-09-19 19:00:00,5759.61,4206.38,0.0,1553.23
2050-09-19 20:00:00,5506.01,4809.29,0.0,696.73
2050-09-19 21:00:00,5208.1,6109.4,0.0,-901.3
2050-09-19 22:00:00,4781.91,4124.51,0.0,657.39
2050-09-19 23:00:00,4326.54,3404.31,0.0,922.22
2050-09-20 00:00:00,3833.95,3455.05,0.0,378.9
2050-09-20 01:00:00,3542.84,5719.87,0.0,-2177.03
2050-09-20 02:00:00,3173.5,5717.38,0.0,-2543.88
2050-09-20 03:00:00,2972.34,6156.53,0.0,-3184.19
2050-09-20 04:00:00,2842.9,6316.46,0.0,-3473.56
2050-09-20 05:00:00,2794.02,6131.73,0.0,-3337.72
2050-09-20 06:00:00,2869.86,6288.03,739.01,-4157.18
2050-09-20 07:00:00,2969.85,5441.98,2045.71,-4517.83
2050-09-20 08:00:00,3145.42,4327.97,3171.15,-4353.7
2050-09-20 09:00:00,3442.62,5948.12,3983.83,-6489.33
2050-09-20 10:00:00,3614.42,5409.73,4472.36,-6267.68
2050-09-20 11:00:00,3889.45,5526.34,4664.58,-6301.47
2050-09-20 12:00:00,4163.53,5404.77,3881.67,-5122.9
2050-09-20 13:00:00,4367.36,4915.99,3669.19,-4217.81
2050-09-20 14:00:00,4606.41,3526.11,1532.86,-452.56
2050-09-20 15:00:00,4870.04,2051.14,1573.02,1245.88
2050-09-20 16:00:00,5218.75,2801.4,1040.06,1377.29
2050-09-20 17:00:00,5534.34,3820.45,238.12,1475.77
2050-09-20 18:00:00,5783.91,4077.36,0.0,1706.55
2050-09-20 19:00:00,5670.37,4819.21,0.0,851.15
2050-09-20 20:00:00,5399.22,4586.0,0.0,813.23
2050-09-20 21:00:00,5063.5,4960.64,0.0,102.86
2050-09-20 22:00:00,4577.24,6615.55,0.0,-2038.31
2050-09-20 23:00:00,4071.3,5719.87,0.0,-1648.57
2050-09-21 00:00:00,3609.86,5670.25,0.0,-2060.38
2050-09-21 01:00:00,3395.01,4878.76,0.0,-1483.75
2050-09-21 02:00:00,3102.26,4806.82,0.0,-1704.57
2050-09-21 03:00:00,2939.5,5320.41,0.0,-2380.91
2050-09-21 04:00:00,2831.44,5575.96,0.0,-2744.52
2050-09-21 05:00:00,2827.04,4680.27,0.0,-1853.23
2050-09-21 06:00:00,2976.54,4772.08,792.77,-2588.31
2050-09-21 07:00:00,3146.84,5340.26,2083.57,-4276.99
2050-09-21 08:00:00,3237.14,4715.02,3211.52,-4689.4
2050-09-21 09:00:00,3386.99,3091.7,4029.0,-3733.71
2050-09-21 10:00:00,3495.68,3331.23,4535.13,-4370.68
2050-09-21 11:00:00,3629.97,2225.96,4723.75,-3319.74
2050-09-21 12:00:00,3993.91,2223.14,4567.46,-2796.69
2050-09-21 13:00:00,4170.29,1667.7,4299.25,-1796.66
2050-09-21 14:00:00,4416.73,2110.35,3647.85,-1341.47
2050-09-21 15:00:00,4626.52,2121.63,2543.48,-38.6
2050-09-21 16:00:00,4905.77,2472.54,1393.08,1040.15
2050-09-21 17:00:00,5169.6,3191.16,137.27,1841.17
2050-09-21 18:00:00,5417.41,3779.87,0.0,1637.55
2050-09-21 19:00:00,5325.95,6592.09,0.0,-1266.14
2050-09-21 20:00:00,5099.89,7709.27,0.0,-2609.38
2050-09-21 21:00:00,4831.55,7835.35,0.0,-3003.8
2050-09-21 22:00:00,4441.36,6697.64,0.0,-2256.29
2050-09-21 23:00:00,4035.88,5970.45,0.0,-1934.58
2050-09-22 00:00:00,3614.09,6451.33,0.0,-2837.24
2050-09-22 01:00:00,3408.6,7908.66,0.0,-4500.06
2050-09-22 02:00:00,3114.56,8322.09,0.0,-5207.53
2050-09-22 03:00:00,2948.9,7973.17,0.0,-5024.26
2050-09-22 04:00:00,2834.72,8647.57,0.0,-5812.85
2050-09-22 05:00:00,2793.18,7178.53,0.0,-4385.35
2050-09-22 06:00:00,2873.08,8410.06,173.89,-5710.88
2050-09-22 07:00:00,2972.44,9882.05,402.61,-7312.21
2050-09-22 08:00:00,3163.84,10318.94,1357.76,-8512.87
2050-09-22 09:00:00,3527.44,9665.06,703.05,-6840.67
2050-09-22 10:00:00,3825.44,9606.41,2067.62,-7848.59
2050-09-22 11:00:00,4160.79,8395.4,294.67,-4529.28
2050-09-22 12:00:00,4467.33,7240.11,316.22,-3089.0
2050-09-22 13:00:00,4689.6,7788.44,235.2,-3334.03
2050-09-22 14:00:00,4910.83,9556.57,264.96,-4910.7
2050-09-22 15:00:00,5151.8,11289.5,1374.52,-7512.22
2050-09-22 16:00:00,5458.05,10101.95,1453.72,-6097.62
2050-09-22 17:00:00,5720.36,8873.36,188.66,-3341.66
2050-09-22 18:00:00,5973.75,8846.96,0.0,-2873.21
2050-09-22 19:00:00,5919.23,11289.5,0.0,-5370.27
2050-09-22 20:00:00,5718.31,13663.25,0.0,-7944.94
2050-09-22 21:00:00,5465.33,13931.21,0.0,-8465.88
2050-09-22 22:00:00,5055.87,13370.93,0.0,-8315.06
2050-09-22 23:00:00,4611.62,12505.71,0.0,-7894.08
2050-09-23 00:00:00,4132.21,12310.83,0.0,-8178.62
2050-09-23 01:00:00,3865.08,11348.15,0.0,-7483.07
2050-09-23 02:00:00,3505.6,11568.06,0.0,-8062.46
2050-09-23 03:00:00,3272.62,12000.45,0.0,-8727.83
2050-09-23 04:00:00,3083.87,12350.52,0.0,-9266.65
2050-09-23 05:00:00,2970.94,11910.23,0.0,-8939.29
2050-09-23 06:00:00,2989.65,13211.23,963.99,-11185.57
2050-09-23 07:00:00,3042.38,13416.94,2236.12,-12610.67
2050-09-23 08:00:00,3369.13,11151.69,3372.97,-11155.53
2050-09-23 09:00:00,3869.11,10421.57,4182.72,-10735.18
2050-09-23 10:00:00,4164.42,11690.09,4671.33,-12197.01
2050-09-23 11:00:00,4438.32,11148.77,4878.35,-11588.8
2050-09-23 12:00:00,4676.44,11982.41,4818.94,-12124.91
2050-09-23 13:00:00,4840.31,10981.63,4480.23,-10621.54
2050-09-23 14:00:00,5031.03,11668.44,3842.29,-10479.7
2050-09-23 15:00:00,5214.34,10873.13,2859.21,-8518.0
2050-09-23 16:00:00,5448.51,12004.06,1556.29,-8111.84
2050-09-23 17:00:00,5651.87,11354.01,232.37,-5934.51
2050-09-23 18:00:00,5849.61,11365.75,0.0,-5516.15
2050-09-23 19:00:00,5721.44,11465.45,0.0,-5744.0
2050-09-23 20:00:00,5455.45,11430.26,0.0,-5974.81
2050-09-23 21:00:00,5146.61,9753.03,0.0,-4606.42
2050-09-23 22:00:00,4702.29,9395.29,0.0,-4693.0
2050-09-23 23:00:00,4239.35,8486.31,0.0,-4246.95
2050-09-24 00:00:00,3764.42,9017.04,0.0,-5252.61
2050-09-24 01:00:00,3513.56,8084.58,0.0,-4571.02
2050-09-24 02:00:00,3187.94,7738.58,0.0,-4550.63
2050-09-24 03:00:00,3010.93,9005.3,0.0,-5994.37
2050-09-24 04:00:00,2891.96,9107.93,0.0,-6215.97
2050-09-24 05:00:00,2849.22,7674.07,0.0,-4824.84
2050-09-24 06:00:00,2931.57,7993.69,717.09,-5779.21
2050-09-24 07:00:00,3033.42,7407.25,1149.46,-5523.29
2050-09-24 08:00:00,3313.8,6920.49,1687.57,-5294.26
2050-09-24 09:00:00,3816.72,7084.69,3259.64,-6527.62
2050-09-24 10:00:00,4118.03,5789.34,3633.17,-5304.48
2050-09-24 11:00:00,4437.88,5107.03,4742.02,-5411.17
2050-09-24 12:00:00,4726.9,4035.65,3953.81,-3262.55
2050-09-24 13:00:00,4928.59,4154.28,4366.87,-3592.56
2050-09-24 14:00:00,5157.09,3968.66,3721.33,-2532.9
2050-09-24 15:00:00,5381.88,3887.44,2737.15,-1242.72
2050-09-24 16:00:00,5622.62,3578.9,1455.88,587.85
2050-09-24 17:00:00,5838.44,4561.18,189.71,1087.55
2050-09-24 18:00:00,6078.13,4308.11,0.0,1770.02
2050-09-24 19:00:00,6018.1,5754.59,0.0,263.5
2050-09-24 20:00:00,5812.84,6559.83,0.0,-746.98
2050-09-24 21:00:00,5557.66,5079.73,0.0,477.93
2050-09-24 22:00:00,5157.3,5625.58,0.0,-468.28
2050-09-24 23:00:00,4723.38,4211.34,0.0,512.03
2050-09-25 00:00:00,4262.13,5466.8,0.0,-1204.66
2050-09-25 01:00:00,4013.38,5399.81,0.0,-1386.43
2050-09-25 02:00:00,3679.62,5853.85,0.0,-2174.23
2050-09-25 03:00:00,3473.25,4461.95,0.0,-988.69
2050-09-25 04:00:00,3317.9,4576.07,0.0,-1258.17
2050-09-25 05:00:00,3232.46,3765.64,0.0,-533.19
2050-09-25 06:00:00,3268.78,3662.11,93.5,-486.83
2050-09-25 07:00:00,3323.42,3195.23,652.35,-524.16
2050-09-25 08:00:00,3666.06,4218.79,2008.5,-2561.23
2050-09-25 09:00:00,4226.93,3235.81,1405.99,-414.87
2050-09-25 10:00:00,4537.91,4553.74,2578.87,-2594.7
2050-09-25 11:00:00,4828.5,3081.54,2663.73,-916.77
2050-09-25 12:00:00,5085.61,3678.36,1825.07,-417.82
2050-09-25 13:00:00,5277.73,4342.84,2554.92,-1620.02
2050-09-25 14:00:00,5491.84,5945.65,1788.67,-2242.48
2050-09-25 15:00:00,5697.54,6273.16,524.9,-1100.52
2050-09-25 16:00:00,5983.2,7418.98,109.93,-1545.71
2050-09-25 17:00:00,6246.15,6844.26,55.08,-653.19
2050-09-25 18:00:00,6478.52,5642.95,0.0,835.57
2050-09-25 19:00:00,6337.7,7808.96,0.0,-1471.26
2050-09-25 20:00:00,6050.58,7372.05,0.0,-1321.47
2050-09-25 21:00:00,5697.69,10981.63,0.0,-5283.93
2050-09-25 22:00:00,5194.65,9538.96,0.0,-4344.32
2050-09-25 23:00:00,4641.98,10401.05,0.0,-5759.07
2050-09-26 00:00:00,4040.09,6823.74,0.0,-2783.65
2050-09-26 01:00:00,3674.16,6973.28,0.0,-3299.12
2050-09-26 02:00:00,3248.88,7020.19,0.0,-3771.3
2050-09-26 03:00:00,3002.82,6039.92,0.0,-3037.1
2050-09-26 04:00:00,2857.17,5533.79,0.0,-2676.62
2050-09-26 05:00:00,2800.84,6577.43,0.0,-3776.58
2050-09-26 06:00:00,2878.71,7108.16,848.55,-5077.99
2050-09-26 07:00:00,2973.96,7404.31,2087.69,-6518.04
2050-09-26 08:00:00,3153.35,8228.26,3212.4,-8287.31
2050-09-26 09:00:00,3437.41,8031.81,4025.86,-8620.27
2050-09-26 10:00:00,3530.11,8720.88,4518.3,-9709.08
2050-09-26 11:00:00,3634.99,8946.67,4684.15,-9995.83
2050-09-26 12:00:00,3860.0,10099.03,4577.83,-10816.86
2050-09-26 13:00:00,4052.69,10518.33,4171.28,-10636.91
2050-09-26 14:00:00,4170.79,10318.94,2846.39,-8994.55
2050-09-26 15:00:00,4258.09,9714.91,2448.71,-7905.52
2050-09-26 16:00:00,4410.23,11139.97,1233.61,-7963.35
2050-09-26 17:00:00,4560.45,12213.39,122.92,-7775.86
2050-09-26 18:00:00,4819.45,8978.91,0.0,-4159.47
2050-09-26 19:00:00,4854.04,7738.58,0.0,-2884.53
2050-09-26 20:00:00,4767.81,8477.51,0.0,-3709.69
2050-09-26 21:00:00,4629.28,7879.33,0.0,-3250.05
2050-09-26 22:00:00,4332.31,7322.2,0.0,-2989.9
2050-09-26 23:00:00,3979.96,6817.86,0.0,-2837.9
2050-09-27 00:00:00,3582.74,7633.02,0.0,-4050.28
2050-09-27 01:00:00,3388.37,8776.59,0.0,-5388.22
2050-09-27 02:00:00,3101.2,8333.83,0.0,-5232.63
2050-09-27 03:00:00,2940.04,7926.24,0.0,-4986.2
2050-09-27 04:00:00,2829.0,7102.3,0.0,-4273.3
2050-09-27 05:00:00,2789.36,5843.92,0.0,-3054.55
2050-09-27 06:00:00,2873.9,5171.54,198.08,-2495.71
2050-09-27 07:00:00,2970.39,5335.3,914.45,-3279.36
2050-09-27 08:00:00,3145.91,5069.82,2987.97,-4911.88
2050-09-27 09:00:00,3402.34,4221.27,4090.53,-4909.46
2050-09-27 10:00:00,3464.66,3627.62,4591.18,-4754.14
2050-09-27 11:00:00,3520.73,2860.28,4787.3,-4126.85
2050-09-27 12:00:00,3589.53,2929.29,4728.16,-4067.91
2050-09-27 13:00:00,3653.28,3984.88,4377.86,-4709.47
2050-09-27 14:00:00,3845.86,3603.26,3625.49,-3382.89
2050-09-27 15:00:00,3994.54,4031.58,2674.63,-2711.67
2050-09-27 16:00:00,4317.46,5347.69,1345.76,-2375.99
2050-09-27 17:00:00,4572.89,6025.03,117.94,-1570.09
2050-09-27 18:00:00,4937.28,5891.05,0.0,-953.78
2050-09-27 19:00:00,5040.52,8052.34,0.0,-3011.82
2050-09-27 20:00:00,4959.08,7495.21,0.0,-2536.12
2050-09-27 21:00:00,4795.78,6955.68,0.0,-2159.9
2050-09-27 22:00:00,4480.64,6507.06,0.0,-2026.42
2050-09-27 23:00:00,4115.46,6858.92,0.0,-2743.46
2050-09-28 00:00:00,3713.67,7879.33,0.0,-4165.66
2050-09-28 01:00:00,3516.08,7026.05,0.0,-3509.97
2050-09-28 02:00:00,3225.06,7864.67,0.0,-4639.61
2050-09-28 03:00:00,3054.55,9140.19,0.0,-6085.64
2050-09-28 04:00:00,2938.82,9251.61,0.0,-6312.79
2050-09-28 05:00:00,2885.54,8020.07,0.0,-5134.53
2050-09-28 06:00:00,2956.93,9418.75,1288.84,-7750.66
2050-09-28 07:00:00,3042.27,10090.23,2188.71,-9236.67
2050-09-28 08:00:00,3436.26,9195.9,3297.71,-9057.36
2050-09-28 09:00:00,3993.01,6867.71,4092.74,-6967.44
2050-09-28 10:00:00,4139.23,8254.66,4564.99,-8680.42
2050-09-28 11:00:00,4265.03,8882.16,4738.08,-9355.21
2050-09-28 12:00:00,4411.4,8937.87,4654.78,-9181.24
2050-09-28 13:00:00,4439.12,7820.69,4090.93,-7472.49
2050-09-28 14:00:00,4565.02,7207.85,2825.52,-5468.35
2050-09-28 15:00:00,4599.9,6064.74,1332.75,-2797.59
2050-09-28 16:00:00,4763.91,7550.93,702.69,-3489.7
2050-09-28 17:00:00,4905.7,7380.85,60.58,-2535.73
2050-09-28 18:00:00,5200.94,7624.22,0.0,-2423.29
2050-09-28 19:00:00,5204.73,9125.53,0.0,-3920.81
2050-09-28 20:00:00,5064.18,8911.48,0.0,-3847.3
2050-09-28 21:00:00,4908.59,8034.73,0.0,-3126.14
2050-09-28 22:00:00,4572.04,9835.12,0.0,-5263.08
2050-09-28 23:00:00,4199.0,10512.47,0.0,-6313.47
2050-09-29 00:00:00,3794.89,10462.62,0.0,-6667.73
2050-09-29 01:00:00,3578.81,10398.11,0.0,-6819.3
2050-09-29 02:00:00,3269.24,9770.61,0.0,-6501.37
2050-09-29 03:00:00,3065.34,11060.8,0.0,-7995.45
2050-09-29 04:00:00,2909.26,11805.57,0.0,-8896.31
2050-09-29 05:00:00,2831.78,12303.61,0.0,-9471.84
2050-09-29 06:00:00,2895.24,11008.01,1058.04,-9170.81
2050-09-29 07:00:00,2979.76,8800.05,1707.91,-7528.2
2050-09-29 08:00:00,3177.73,10808.62,3355.33,-10986.22
2050-09-29 09:00:00,3619.67,8439.38,4124.2,-8943.91
2050-09-29 10:00:00,3913.67,7322.2,4588.23,-7996.76
2050-09-29 11:00:00,4188.45,7647.68,4544.25,-8003.49
2050-09-29 12:00:00,4471.23,7310.48,4494.28,-7333.53
2050-09-29 13:00:00,4690.98,6592.09,2422.46,-4323.56
2050-09-29 14:00:00,4943.77,4521.49,2092.28,-1670.0
2050-09-29 15:00:00,5173.79,3118.08,1563.43,492.28
2050-09-29 16:00:00,5435.47,4576.07,590.14,269.26
2050-09-29 17:00:00,5656.75,5630.54,49.59,-23.37
2050-09-29 18:00:00,5877.51,4382.55,0.0,1494.96
2050-09-29 19:00:00,5745.78,7647.68,0.0,-1901.9
2050-09-29 20:00:00,5509.87,6545.17,0.0,-1035.29
2050-09-29 21:00:00,5244.79,7146.28,0.0,-1901.49
2050-09-29 22:00:00,4831.92,8286.91,0.0,-3454.99
2050-09-29 23:00:00,4393.06,11415.6,0.0,-7022.54
2050-09-30 00:00:00,3936.84,9084.47,0.0,-5147.63
2050-09-30 01:00:00,3715.05,11625.14,0.0,-7910.09
2050-09-30 02:00:00,3406.68,13619.95,0.0,-10213.27
2050-09-30 03:00:00,3233.2,15120.8,0.0,-11887.6
2050-09-30 04:00:00,3099.72,14441.41,0.0,-11341.7
2050-09-30 05:00:00,3029.44,10289.62,0.0,-7260.18
2050-09-30 06:00:00,3085.04,13414.25,297.99,-10627.19
2050-09-30 07:00:00,3157.14,13804.01,1062.51,-11709.38
2050-09-30 08:00:00,3429.07,12509.32,1530.46,-10610.71
2050-09-30 09:00:00,3790.46,12274.73,1802.76,-10287.03
2050-09-30 10:00:00,3921.75,11465.45,2358.91,-9902.61
2050-09-30 11:00:00,4078.82,11210.33,2442.61,-9574.13
2050-09-30 12:00:00,4247.89,9119.67,2864.07,-7735.84
2050-09-30 13:00:00,4320.58,8990.65,1840.31,-6510.37
2050-09-30 14:00:00,4399.55,9069.82,1293.08,-5963.36
2050-09-30 15:00:00,4508.32,8759.0,541.58,-4792.27
2050-09-30 16:00:00,4751.42,9876.17,229.78,-5354.52
2050-09-30 17:00:00,5020.04,9477.4,27.57,-4484.93
2050-09-30 18:00:00,5368.7,8767.79,0.0,-3399.08
2050-09-30 19:00:00,5396.08,10354.13,0.0,-4958.04
2050-09-30 20:00:00,5303.88,10424.5,0.0,-5120.61
2050-09-30 21:00:00,5125.24,10019.86,0.0,-4894.62
2050-09-30 22:00:00,4791.5,10471.42,0.0,-5679.92
2050-09-30 23:00:00,4410.38,10140.08,0.0,-5729.69
2050-10-01 00:00:00,3889.3,12007.67,0.0,-8118.37
2050-10-01 01:00:00,3677.76,11019.75,0.0,-7341.98
2050-10-01 02:00:00,3382.12,9635.74,0.0,-6253.62
2050-10-01 03:00:00,3220.93,10063.83,0.0,-6842.9
2050-10-01 04:00:00,3108.44,10046.25,0.0,-6937.81
2050-10-01 05:00:00,3071.64,10128.34,0.0,-7056.7
2050-10-01 06:00:00,3158.09,9758.89,22.06,-6622.86
2050-10-01 07:00:00,3244.85,10052.11,44.09,-6851.35
2050-10-01 08:00:00,3518.09,9685.58,794.83,-6962.32
2050-10-01 09:00:00,3806.26,10019.86,1331.03,-7544.64
2050-10-01 10:00:00,3789.17,9011.18,1425.74,-6647.74
2050-10-01 11:00:00,3813.71,8049.4,1507.45,-5743.14
2050-10-01 12:00:00,3810.07,8140.31,845.96,-5176.19
2050-10-01 13:00:00,3767.46,6094.51,310.84,-2637.89
2050-10-01 14:00:00,3762.16,5920.84,762.62,-2921.29
2050-10-01 15:00:00,3735.78,6032.48,792.75,-3089.45
2050-10-01 16:00:00,3860.17,7216.65,88.02,-3444.5
2050-10-01 17:00:00,4068.35,7043.65,0.0,-2975.29
2050-10-01 18:00:00,4427.48,7219.59,0.0,-2792.11
2050-10-01 19:00:00,4610.55,8471.65,0.0,-3861.09
2050-10-01 20:00:00,4607.03,11351.09,0.0,-6744.06
2050-10-01 21:00:00,4479.98,11585.43,0.0,-7105.45
2050-10-01 22:00:00,4195.2,9984.66,0.0,-5789.47
2050-10-01 23:00:00,3856.32,9750.09,0.0,-5893.77
2050-10-02 00:00:00,3479.6,9703.18,0.0,-6223.58
2050-10-02 01:00:00,3322.62,10949.36,0.0,-7626.75
2050-10-02 02:00:00,3109.68,12105.11,0.0,-8995.43
2050-10-02 03:00:00,3023.08,11646.79,0.0,-8623.71
2050-10-02 04:00:00,2994.52,11737.01,0.0,-8742.49
2050-10-02 05:00:00,3044.72,11686.48,0.0,-8641.76
2050-10-02 06:00:00,3218.67,11527.01,153.64,-8461.98
2050-10-02 07:00:00,3389.94,12401.05,391.37,-9402.48
2050-10-02 08:00:00,3437.11,10541.79,391.37,-7496.05
2050-10-02 09:00:00,3449.85,10940.58,208.07,-7698.8
2050-10-02 10:00:00,3392.02,11427.32,1010.78,-9046.08
2050-10-02 11:00:00,3418.26,10398.11,915.83,-7895.69
2050-10-02 12:00:00,3475.29,11433.18,969.92,-8927.82
2050-10-02 13:00:00,3526.08,11098.92,1306.54,-8879.38
2050-10-02 14:00:00,3704.07,10791.02,643.59,-7730.54
2050-10-02 15:00:00,3964.22,10647.34,418.1,-7101.22
2050-10-02 16:00:00,4328.07,9914.29,577.88,-6164.1
2050-10-02 17:00:00,4677.08,8407.14,0.0,-3730.05
2050-10-02 18:00:00,4990.61,9131.39,0.0,-4140.78
2050-10-02 19:00:00,4909.05,10799.82,0.0,-5890.77
2050-10-02 20:00:00,4694.91,14660.65,0.0,-9965.74
2050-10-02 21:00:00,4500.68,10606.3,0.0,-6105.62
2050-10-02 22:00:00,4202.14,12372.17,0.0,-8170.03
2050-10-02 23:00:00,3859.36,12245.86,0.0,-8386.51
2050-10-03 00:00:00,3477.47,13137.26,0.0,-9659.78
2050-10-03 01:00:00,3313.9,9078.61,0.0,-5764.7
2050-10-03 02:00:00,3118.06,8846.96,0.0,-5728.9
2050-10-03 03:00:00,3052.5,8313.31,0.0,-5260.81
2050-10-03 04:00:00,3024.58,8137.37,0.0,-5112.79
2050-10-03 05:00:00,3064.24,8940.79,0.0,-5876.55
2050-10-03 06:00:00,3213.82,8553.74,153.64,-5493.56
2050-10-03 07:00:00,3340.63,7615.44,629.49,-4904.3
2050-10-03 08:00:00,3407.31,7207.85,1157.74,-4958.28
2050-10-03 09:00:00,3456.4,9365.96,1050.34,-6959.9
2050-10-03 10:00:00,3438.48,8873.36,1192.66,-6627.54
2050-10-03 11:00:00,3422.61,7272.36,1540.13,-5389.88
2050-10-03 12:00:00,3463.08,6809.08,2876.67,-6222.67
2050-10-03 13:00:00,3487.74,6559.83,4153.19,-7225.28
2050-10-03 14:00:00,3522.93,5561.07,2225.59,-4263.72
2050-10-03 15:00:00,3583.92,5665.28,2402.18,-4483.54
2050-10-03 16:00:00,3790.09,5846.4,427.83,-2484.14
2050-10-03 17:00:00,4064.42,5695.05,0.0,-1630.62
2050-10-03 18:00:00,4433.76,5824.06,0.0,-1390.31
2050-10-03 19:00:00,4605.89,6466.0,0.0,-1860.1
2050-10-03 20:00:00,4606.32,5384.92,0.0,-778.59
2050-10-03 21:00:00,4493.52,6424.95,0.0,-1931.43
2050-10-03 22:00:00,4248.73,6993.8,0.0,-2745.08
2050-10-03 23:00:00,3964.48,5915.87,0.0,-1951.39
2050-10-04 00:00:00,3636.84,6176.39,0.0,-2539.54
2050-10-04 01:00:00,3499.62,6688.84,0.0,-3189.22
2050-10-04 02:00:00,3269.08,8128.57,0.0,-4859.49
2050-10-04 03:00:00,3149.29,7967.3,0.0,-4818.01
2050-10-04 04:00:00,3087.42,9231.08,0.0,-6143.67
2050-10-04 05:00:00,3085.34,9512.58,0.0,-6427.24
2050-10-04 06:00:00,3207.86,9363.04,142.73,-6297.91
2050-10-04 07:00:00,3326.35,8254.66,2230.93,-7159.24
2050-10-04 08:00:00,3423.88,8407.14,407.41,-5390.67
2050-10-04 09:00:00,3530.71,8278.12,950.54,-5697.96
2050-10-04 10:00:00,3594.43,8624.11,3357.63,-8387.31
2050-10-04 11:00:00,3635.87,10342.4,2222.24,-8928.78
2050-10-04 12:00:00,3663.87,9629.87,1016.65,-6982.66
2050-10-04 13:00:00,3673.49,9788.21,1087.4,-7202.13
2050-10-04 14:00:00,3684.5,10465.56,2466.18,-9247.24
2050-10-04 15:00:00,3737.59,10468.48,2478.74,-9209.63
2050-10-04 16:00:00,3921.36,11617.91,465.29,-8161.84
2050-10-04 17:00:00,4168.99,11870.54,0.0,-7701.54
2050-10-04 18:00:00,4574.29,13850.02,0.0,-9275.73
2050-10-04 19:00:00,4871.57,12599.54,0.0,-7727.97
2050-10-04 20:00:00,4922.76,11236.72,0.0,-6313.96
2050-10-04 21:00:00,4802.49,12455.18,0.0,-7652.69
2050-10-04 22:00:00,4523.7,10738.25,0.0,-6214.55
2050-10-04 23:00:00,4191.07,9351.3,0.0,-5160.23
2050-10-05 00:00:00,3814.86,12278.34,0.0,-8463.48
2050-10-05 01:00:00,3631.18,10670.81,0.0,-7039.62
2050-10-05 02:00:00,3360.36,10389.31,0.0,-7028.96
2050-10-05 03:00:00,3207.24,11946.33,0.0,-8739.09
2050-10-05 04:00:00,3100.25,10656.14,0.0,-7555.9
2050-10-05 05:00:00,3061.47,8802.99,0.0,-5741.52
2050-10-05 06:00:00,3147.16,7759.12,0.0,-4611.96
2050-10-05 07:00:00,3230.93,8210.68,2373.27,-7353.02
2050-10-05 08:00:00,3345.47,6468.94,1021.99,-4145.45
2050-10-05 09:00:00,3481.34,5193.87,1325.16,-3037.7
2050-10-05 10:00:00,3527.11,5866.25,4646.05,-6985.19
2050-10-05 11:00:00,3553.89,5188.91,4815.59,-6450.61
2050-10-05 12:00:00,3581.24,5035.07,4709.43,-6163.27
2050-10-05 13:00:00,3583.06,3410.4,4330.94,-4158.29
2050-10-05 14:00:00,3587.13,3725.06,3635.0,-3772.92
2050-10-05 15:00:00,3620.38,3239.88,2585.5,-2205.0
2050-10-05 16:00:00,3798.7,3213.5,1197.18,-611.97
2050-10-05 17:00:00,4043.52,2407.57,0.0,1635.95
2050-10-05 18:00:00,4448.96,3402.29,0.0,1046.67
2050-10-05 19:00:00,4722.74,2752.68,0.0,1970.06
2050-10-05 20:00:00,4762.12,2626.81,0.0,2135.31
2050-10-05 21:00:00,4634.72,2951.63,0.0,1683.09
2050-10-05 22:00:00,4352.74,2612.61,0.0,1740.13
2050-10-05 23:00:00,4041.32,1973.62,0.0,2067.7
2050-10-06 00:00:00,3699.74,2630.88,0.0,1068.86
2050-10-06 01:00:00,3531.72,2235.03,0.0,1296.68
2050-10-06 02:00:00,3279.67,1846.73,0.0,1432.93
2050-10-06 03:00:00,3149.54,1815.72,0.0,1333.82
2050-10-06 04:00:00,3077.37,2249.23,0.0,828.13
2050-10-06 05:00:00,3086.86,2149.83,0.0,937.03
2050-10-06 06:00:00,3210.0,2197.76,0.0,1012.24
2050-10-06 07:00:00,3333.89,2373.08,2351.53,-1390.71
2050-10-06 08:00:00,3386.84,1619.77,3407.09,-1640.02
2050-10-06 09:00:00,3382.18,916.65,4192.57,-1727.04
2050-10-06 10:00:00,3370.59,943.1,4652.71,-2225.21
2050-10-06 11:00:00,3421.95,528.26,4823.22,-1929.54
2050-10-06 12:00:00,3483.43,520.71,4725.95,-1763.23
2050-10-06 13:00:00,3517.76,735.31,4354.2,-1571.75
2050-10-06 14:00:00,3655.31,933.28,3651.67,-929.63
2050-10-06 15:00:00,3882.12,1040.37,2594.52,247.23
2050-10-06 16:00:00,4203.25,1081.26,1195.11,1926.88
2050-10-06 17:00:00,4485.25,728.5,0.0,3756.75
2050-10-06 18:00:00,4756.52,1420.99,0.0,3335.53
2050-10-06 19:00:00,4679.64,2490.81,0.0,2188.83
2050-10-06 20:00:00,4622.18,2393.37,0.0,2228.81
2050-10-06 21:00:00,4488.98,3270.33,0.0,1218.65
2050-10-06 22:00:00,4205.28,3956.48,0.0,248.81
2050-10-06 23:00:00,3876.14,3903.69,0.0,-27.55
2050-10-07 00:00:00,3543.02,4211.34,0.0,-668.32
2050-10-07 01:00:00,3449.36,3733.17,0.0,-283.82
2050-10-07 02:00:00,3275.28,3745.35,0.0,-470.07
2050-10-07 03:00:00,3213.75,4273.37,0.0,-1059.62
2050-10-07 04:00:00,3207.72,4035.65,0.0,-827.93
2050-10-07 05:00:00,3264.78,4144.35,0.0,-879.57
2050-10-07 06:00:00,3443.15,2858.23,0.0,584.92
2050-10-07 07:00:00,3601.59,4141.87,2404.34,-2944.62
2050-10-07 08:00:00,3641.05,3739.26,3456.2,-3554.4
2050-10-07 09:00:00,3578.81,3410.4,4217.65,-4049.24
2050-10-07 10:00:00,3499.75,4466.91,4665.28,-5632.44
2050-10-07 11:00:00,3427.39,3980.84,4832.74,-5386.19
2050-10-07 12:00:00,3462.66,3038.91,4722.55,-4298.8
2050-10-07 13:00:00,3492.94,4712.53,4345.12,-5564.72
2050-10-07 14:00:00,3560.16,4449.54,3645.06,-4534.44
2050-10-07 15:00:00,3836.98,7492.28,2567.2,-6222.5
2050-10-07 16:00:00,4273.3,8245.86,1163.99,-5136.55
2050-10-07 17:00:00,4624.67,8169.63,0.0,-3544.95
2050-10-07 18:00:00,4928.39,9609.35,0.0,-4680.96
2050-10-07 19:00:00,4847.83,6283.07,0.0,-1435.23
2050-10-07 20:00:00,4677.0,10433.3,0.0,-5756.3
2050-10-07 21:00:00,4500.23,10403.97,0.0,-5903.74
2050-10-07 22:00:00,4204.46,8750.2,0.0,-4545.74
2050-10-07 23:00:00,3860.45,9019.96,0.0,-5159.51
2050-10-08 00:00:00,3477.54,8105.12,0.0,-4627.58
2050-10-08 01:00:00,3291.98,7902.8,0.0,-4610.81
2050-10-08 02:00:00,3044.32,5873.7,0.0,-2829.38
2050-10-08 03:00:00,2957.13,6682.98,0.0,-3725.85
2050-10-08 04:00:00,2937.1,9923.09,0.0,-6985.99
2050-10-08 05:00:00,2990.46,9852.72,0.0,-6862.26
2050-10-08 06:00:00,3173.68,9629.87,170.0,-6626.19
2050-10-08 07:00:00,3350.38,9236.95,863.71,-6750.28
2050-10-08 08:00:00,3420.19,7937.98,1387.7,-5905.49
2050-10-08 09:00:00,3423.98,7231.31,2065.44,-5872.78
2050-10-08 10:00:00,3375.7,7932.12,1990.16,-6546.58
2050-10-08 11:00:00,3423.1,7061.25,1179.33,-4817.48
2050-10-08 12:00:00,3510.17,6101.95,1097.42,-3689.21
2050-10-08 13:00:00,3653.79,6119.32,680.45,-3145.99
2050-10-08 14:00:00,3929.39,5737.24,921.19,-2729.04
2050-10-08 15:00:00,4237.1,5518.9,443.62,-1725.41
2050-10-08 16:00:00,4619.39,6565.69,93.5,-2039.8
2050-10-08 17:00:00,4941.85,6258.27,0.0,-1316.41
2050-10-08 18:00:00,5225.64,7028.99,0.0,-1803.34
2050-10-08 19:00:00,5118.64,9500.86,0.0,-4382.21
2050-10-08 20:00:00,4902.62,7838.29,0.0,-2935.67
2050-10-08 21:00:00,4623.05,7937.98,0.0,-3314.93
2050-10-08 22:00:00,4250.48,7052.45,0.0,-2801.96
2050-10-08 23:00:00,3877.19,6677.12,0.0,-2799.93
2050-10-09 00:00:00,3485.48,7298.76,0.0,-3813.28
2050-10-09 01:00:00,3295.02,7366.19,0.0,-4071.17
2050-10-09 02:00:00,3022.75,7794.3,0.0,-4771.56
2050-10-09 03:00:00,2874.87,8216.54,0.0,-5341.67
2050-10-09 04:00:00,2785.3,9169.52,0.0,-6384.22
2050-10-09 05:00:00,2779.51,9738.37,0.0,-6958.86
2050-10-09 06:00:00,2916.94,11286.58,60.58,-8430.22
2050-10-09 07:00:00,3056.13,11289.5,175.44,-8408.82
2050-10-09 08:00:00,3161.94,10723.59,38.58,-7600.23
2050-10-09 09:00:00,3314.13,11773.1,66.07,-8525.04
2050-10-09 10:00:00,3394.54,11903.01,375.3,-8883.77
2050-10-09 11:00:00,3492.47,14031.36,224.35,-10763.25
2050-10-09 12:00:00,3657.57,13806.7,386.02,-10535.15
2050-10-09 13:00:00,3846.26,14169.41,137.27,-10460.42
2050-10-09 14:00:00,4081.69,15172.67,60.58,-11151.56
2050-10-09 15:00:00,4309.16,15119.45,384.97,-11195.25
2050-10-09 16:00:00,4593.33,15225.0,98.98,-10730.65
2050-10-09 17:00:00,4836.67,15225.0,0.0,-10388.33
2050-10-09 18:00:00,5058.25,15225.0,0.0,-10166.75
2050-10-09 19:00:00,4887.6,15151.92,0.0,-10264.32
2050-10-09 20:00:00,4681.31,15178.09,0.0,-10496.78
2050-10-09 21:00:00,4495.49,15154.17,0.0,-10658.68
2050-10-09 22:00:00,4200.27,15212.82,0.0,-11012.54
2050-10-09 23:00:00,3870.5,14679.61,0.0,-10809.11
2050-10-10 00:00:00,3550.19,15053.58,0.0,-11503.39
2050-10-10 01:00:00,3477.78,14806.81,0.0,-11329.03
2050-10-10 02:00:00,3325.46,15063.05,0.0,-11737.6
2050-10-10 03:00:00,3291.49,14649.83,0.0,-11358.34
2050-10-10 04:00:00,3300.94,14245.18,0.0,-10944.24
2050-10-10 05:00:00,3368.21,12285.55,0.0,-8917.35
2050-10-10 06:00:00,3553.9,12794.42,202.21,-9442.73
2050-10-10 07:00:00,3723.1,10195.79,2540.59,-9013.27
2050-10-10 08:00:00,3787.91,10286.68,3558.59,-10057.36
2050-10-10 09:00:00,3706.03,8577.2,4327.64,-9198.81
2050-10-10 10:00:00,3567.45,7495.21,4745.13,-8672.88
2050-10-10 11:00:00,3430.93,6747.49,4903.68,-8220.24
2050-10-10 12:00:00,3465.84,6280.6,4799.98,-7614.75
2050-10-10 13:00:00,3502.4,7026.05,4396.75,-7920.4
2050-10-10 14:00:00,3629.13,7767.9,3680.77,-7819.54
2050-10-10 15:00:00,3923.09,8436.46,2571.52,-7084.89
2050-10-10 16:00:00,4207.38,7949.7,1121.97,-4864.29
2050-10-10 17:00:00,4510.85,6218.56,0.0,-1707.71
2050-10-10 18:00:00,4822.42,6656.6,0.0,-1834.18
2050-10-10 19:00:00,4755.11,8380.74,0.0,-3625.62
2050-10-10 20:00:00,4652.72,8767.79,0.0,-4115.07
2050-10-10 21:00:00,4499.35,10313.08,0.0,-5813.73
2050-10-10 22:00:00,4205.15,9342.52,0.0,-5137.37
2050-10-10 23:00:00,3862.34,5933.24,0.0,-2070.91
2050-10-11 00:00:00,3480.77,8761.93,0.0,-5281.15
2050-10-11 01:00:00,3297.24,8389.54,0.0,-5092.29
2050-10-11 02:00:00,3032.87,8747.26,0.0,-5714.4
2050-10-11 03:00:00,2894.52,8638.77,0.0,-5744.25
2050-10-11 04:00:00,2820.94,7067.11,0.0,-4246.17
2050-10-11 05:00:00,2832.21,6054.82,0.0,-3222.61
2050-10-11 06:00:00,2980.01,6000.23,202.64,-3222.86
2050-10-11 07:00:00,3130.42,5610.7,2490.07,-4970.35
2050-10-11 08:00:00,3234.02,5367.54,3481.77,-5615.29
2050-10-11 09:00:00,3317.3,5407.25,4225.4,-6315.35
2050-10-11 10:00:00,3378.97,7339.81,4657.46,-8618.29
2050-10-11 11:00:00,3470.67,7345.67,4816.63,-8691.63
2050-10-11 12:00:00,3675.8,4903.58,4695.68,-5923.46
2050-10-11 13:00:00,3923.35,5494.08,4307.15,-5877.88
2050-10-11 14:00:00,4194.0,6301.79,3588.02,-5695.82
2050-10-11 15:00:00,4471.72,5501.52,2491.41,-3521.21
2050-10-11 16:00:00,4798.95,6213.61,1060.85,-2475.51
2050-10-11 17:00:00,5059.38,7125.76,0.0,-2066.37
2050-10-11 18:00:00,5299.98,7345.67,0.0,-2045.69
2050-10-11 19:00:00,5156.62,4888.69,0.0,267.94
2050-10-11 20:00:00,4928.65,7128.68,0.0,-2200.03
2050-10-11 21:00:00,4654.38,7932.12,0.0,-3277.74
2050-10-11 22:00:00,4281.7,7603.7,0.0,-3322.0
2050-10-11 23:00:00,3898.87,6735.77,0.0,-2836.9
2050-10-12 00:00:00,3503.29,7398.45,0.0,-3895.16
2050-10-12 01:00:00,3310.64,5228.6,0.0,-1917.96
2050-10-12 02:00:00,3033.45,6363.38,0.0,-3329.93
2050-10-12 03:00:00,2877.98,8333.83,0.0,-5455.85
2050-10-12 04:00:00,2771.84,8568.4,0.0,-5796.56
2050-10-12 05:00:00,2739.21,10228.05,0.0,-7488.84
2050-10-12 06:00:00,2835.04,8694.5,175.44,-6034.9
2050-10-12 07:00:00,2927.25,9433.41,2397.23,-8903.39
2050-10-12 08:00:00,3089.82,7034.85,3384.24,-7329.26
2050-10-12 09:00:00,3315.83,8251.72,4120.91,-9056.81
2050-10-12 10:00:00,3383.67,6782.68,1470.23,-4869.23
2050-10-12 11:00:00,3438.42,5958.04,1676.07,-4195.7
2050-10-12 12:00:00,3515.98,5126.88,1103.73,-2714.63
2050-10-12 13:00:00,3600.87,5563.55,1902.28,-3864.97
2050-10-12 14:00:00,3760.46,5570.99,2561.73,-4372.26
2050-10-12 15:00:00,3952.1,4481.78,1866.59,-2396.27
2050-10-12 16:00:00,4154.25,4613.28,967.34,-1426.37
2050-10-12 17:00:00,4406.14,4558.7,0.0,-152.56
2050-10-12 18:00:00,4706.05,6101.95,0.0,-1395.9
2050-10-12 19:00:00,4669.09,5347.69,0.0,-678.6
2050-10-12 20:00:00,4619.04,5647.91,0.0,-1028.87
2050-10-12 21:00:00,4484.12,5729.79,0.0,-1245.67
2050-10-12 22:00:00,4196.92,6136.7,0.0,-1939.78
2050-10-12 23:00:00,3869.26,6770.95,0.0,-2901.7
2050-10-13 00:00:00,3547.07,6304.73,0.0,-2757.66
2050-10-13 01:00:00,3467.02,5821.58,0.0,-2354.56
2050-10-13 02:00:00,3308.01,7146.28,0.0,-3838.27
2050-10-13 03:00:00,3271.51,6867.71,0.0,-3596.2
2050-10-13 04:00:00,3281.09,4821.7,0.0,-1540.61
2050-10-13 05:00:00,3355.95,5218.67,0.0,-1862.73
2050-10-13 06:00:00,3546.7,5637.98,180.89,-2272.17
2050-10-13 07:00:00,3720.46,4330.45,1167.47,-1777.46
2050-10-13 08:00:00,3780.16,4169.17,3400.77,-3789.77
2050-10-13 09:00:00,3693.02,4037.67,3108.18,-3452.84
2050-10-13 10:00:00,3571.97,4025.49,3217.34,-3670.86
2050-10-13 11:00:00,3453.63,4638.1,3547.08,-4731.55
2050-10-13 12:00:00,3462.43,5283.18,3750.73,-5571.49
2050-10-13 13:00:00,3488.01,5963.01,560.02,-3035.02
2050-10-13 14:00:00,3554.18,4263.46,862.37,-1571.64
2050-10-13 15:00:00,3766.3,4747.26,180.89,-1161.85
2050-10-13 16:00:00,4126.77,3836.7,202.64,87.43
2050-10-13 17:00:00,4421.46,5082.21,0.0,-660.75
2050-10-13 18:00:00,4733.74,3942.25,0.0,791.49
2050-10-13 19:00:00,4661.86,6039.92,0.0,-1378.06
2050-10-13 20:00:00,4614.8,5538.75,0.0,-923.95
2050-10-13 21:00:00,4481.66,4323.0,0.0,158.66
2050-10-13 22:00:00,4196.66,5079.73,0.0,-883.07
2050-10-13 23:00:00,3871.46,5208.76,0.0,-1337.3
2050-10-14 00:00:00,3552.54,2525.33,0.0,1027.22
2050-10-14 01:00:00,3456.12,4337.89,0.0,-881.78
2050-10-14 02:00:00,3261.37,6025.03,0.0,-2763.67
2050-10-14 03:00:00,3178.07,7729.79,0.0,-4551.72
2050-10-14 04:00:00,3143.81,6389.77,0.0,-3245.96
2050-10-14 05:00:00,3172.32,5598.29,0.0,-2425.98
2050-10-14 06:00:00,3309.37,4017.38,180.89,-888.89
2050-10-14 07:00:00,3415.34,3548.45,2535.59,-2668.69
2050-10-14 08:00:00,3483.96,1763.56,3520.95,-1800.55
2050-10-14 09:00:00,3491.15,951.41,4264.46,-1724.72
2050-10-14 10:00:00,3432.47,939.32,4700.61,-2207.46
2050-10-14 11:00:00,3434.99,1069.98,4850.96,-2485.96
2050-10-14 12:00:00,3470.77,947.62,4720.64,-2197.49
2050-10-14 13:00:00,3497.54,662.76,4327.94,-1493.17
2050-10-14 14:00:00,3560.89,1057.28,3596.18,-1092.57
2050-10-14 15:00:00,3672.81,1201.09,2469.92,1.8
2050-10-14 16:00:00,3886.33,1680.38,986.05,1219.9
2050-10-14 17:00:00,4096.02,1452.01,0.0,2644.02
2050-10-14 18:00:00,4471.84,1201.09,0.0,3270.75
2050-10-14 19:00:00,4612.88,1924.27,0.0,2688.61
2050-10-14 20:00:00,4607.2,1164.42,0.0,3442.78
2050-10-14 21:00:00,4479.79,1841.1,0.0,2638.69
2050-10-14 22:00:00,4195.66,1935.55,0.0,2260.11
2050-10-14 23:00:00,3859.0,4021.42,0.0,-162.43
2050-10-15 00:00:00,3487.91,3189.14,0.0,298.78
2050-10-15 01:00:00,3326.04,4772.08,0.0,-1446.04
2050-10-15 02:00:00,3094.29,4943.27,0.0,-1848.98
2050-10-15 03:00:00,3003.18,4077.36,0.0,-1074.18
2050-10-15 04:00:00,2973.01,3936.16,0.0,-963.16
2050-10-15 05:00:00,3006.85,3783.91,0.0,-777.07
2050-10-15 06:00:00,3160.54,3842.79,140.48,-822.73
2050-10-15 07:00:00,3318.65,2754.7,2520.73,-1956.79
2050-10-15 08:00:00,3442.77,2134.32,3486.87,-2178.42
2050-10-15 09:00:00,3556.39,2340.58,4227.58,-3011.77
2050-10-15 10:00:00,3491.28,2257.37,4663.01,-3429.09
2050-10-15 11:00:00,3447.28,2138.55,4795.22,-3486.49
2050-10-15 12:00:00,3471.38,2543.6,4680.12,-3752.34
2050-10-15 13:00:00,3487.02,2923.2,4281.41,-3717.59
2050-10-15 14:00:00,3519.62,3964.59,3545.09,-3990.06
2050-10-15 15:00:00,3582.76,4260.98,2425.72,-3103.94
2050-10-15 16:00:00,3774.86,5236.04,939.71,-2400.89
2050-10-15 17:00:00,4009.81,7662.35,0.0,-3652.53
2050-10-15 18:00:00,4451.12,8597.72,0.0,-4146.61
2050-10-15 19:00:00,4673.74,9984.66,0.0,-5310.92
2050-10-15 20:00:00,4781.29,11219.14,0.0,-6437.84
2050-10-15 21:00:00,4756.79,11271.92,0.0,-6515.13
2050-10-15 22:00:00,4561.6,12040.16,0.0,-7478.56
2050-10-15 23:00:00,4297.65,12256.69,0.0,-7959.04
2050-10-16 00:00:00,3986.49,11747.84,0.0,-7761.35
2050-10-16 01:00:00,3861.64,11046.13,0.0,-7184.5
2050-10-16 02:00:00,3642.29,8829.37,0.0,-5187.09
2050-10-16 03:00:00,3567.6,10535.93,0.0,-6968.33
2050-10-16 04:00:00,3537.62,12707.81,0.0,-9170.19
2050-10-16 05:00:00,3568.78,11491.83,0.0,-7923.05
2050-10-16 06:00:00,3715.03,12289.16,0.0,-8574.13
2050-10-16 07:00:00,3854.45,11762.27,2394.6,-10302.42
2050-10-16 08:00:00,3903.83,9838.06,3297.03,-9231.26
2050-10-16 09:00:00,3851.65,9855.64,3973.82,-9977.82
2050-10-16 10:00:00,3770.58,9615.21,4369.18,-10213.81
2050-10-16 11:00:00,3717.58,8550.82,4496.9,-9330.14
2050-10-16 12:00:00,3685.16,8002.49,4358.61,-8675.94
2050-10-16 13:00:00,3621.48,7917.46,3881.39,-8177.37
2050-10-16 14:00:00,3555.94,7674.07,3144.18,-7262.31
2050-10-16 15:00:00,3564.89,7624.22,2058.29,-6117.62
2050-10-16 16:00:00,3750.29,7474.68,681.02,-4405.42
2050-10-16 17:00:00,3997.74,10876.07,0.0,-6878.33
2050-10-16 18:00:00,4435.95,10758.78,0.0,-6322.82
2050-10-16 19:00:00,4646.14,11524.09,0.0,-6877.95
2050-10-16 20:00:00,4755.84,14851.49,0.0,-10095.64
2050-10-16 21:00:00,4739.04,12621.19,0.0,-7882.15
2050-10-16 22:00:00,4560.94,14685.01,0.0,-10124.07
2050-10-16 23:00:00,4323.75,14291.21,0.0,-9967.46
2050-10-17 00:00:00,4038.3,13219.37,0.0,-9181.06
2050-10-17 01:00:00,3940.18,12126.77,0.0,-8186.6
2050-10-17 02:00:00,3746.89,12909.9,0.0,-9163.02
2050-10-17 03:00:00,3665.88,11477.17,0.0,-7811.29
2050-10-17 04:00:00,3630.01,9867.38,0.0,-6237.37
2050-10-17 05:00:00,3661.36,10219.25,0.0,-6557.89
2050-10-17 06:00:00,3816.96,11415.6,60.58,-7659.22
2050-10-17 07:00:00,3967.78,11207.41,596.83,-7836.45
2050-10-17 08:00:00,4014.77,10421.57,3131.76,-9538.56
2050-10-17 09:00:00,3889.6,11512.35,3892.33,-11515.09
2050-10-17 10:00:00,3686.73,13552.27,4376.19,-14241.73
2050-10-17 11:00:00,3523.32,10468.48,4523.32,-11468.49
2050-10-17 12:00:00,3459.9,9682.64,4384.82,-10607.57
2050-10-17 13:00:00,3477.68,9278.01,3975.21,-9775.54
2050-10-17 14:00:00,3524.39,10321.88,3198.84,-9996.33
2050-10-17 15:00:00,3688.54,10497.8,2062.78,-8872.05
2050-10-17 16:00:00,4004.54,10966.96,650.85,-7613.27
2050-10-17 17:00:00,4317.87,12253.08,0.0,-7935.21
2050-10-17 18:00:00,4621.84,11928.29,0.0,-7306.45
2050-10-17 19:00:00,4642.46,12798.03,0.0,-8155.56
2050-10-17 20:00:00,4612.29,12061.81,0.0,-7449.52
2050-10-17 21:00:00,4480.15,11715.35,0.0,-7235.2
2050-10-17 22:00:00,4194.7,8618.25,0.0,-4423.55
2050-10-17 23:00:00,3865.97,9231.08,0.0,-5365.12
2050-10-18 00:00:00,3522.53,10424.5,0.0,-6901.96
2050-10-18 01:00:00,3414.22,10377.59,0.0,-6963.37
2050-10-18 02:00:00,3241.54,9427.55,0.0,-6186.01
2050-10-18 03:00:00,3196.21,9802.88,0.0,-6606.67
2050-10-18 04:00:00,3201.73,9383.56,0.0,-6181.83
2050-10-18 05:00:00,3273.67,9025.84,0.0,-5752.17
2050-10-18 06:00:00,3465.02,8448.19,0.0,-4983.16
2050-10-18 07:00:00,3648.55,7691.67,2280.9,-6324.02
2050-10-18 08:00:00,3739.21,6682.98,3240.35,-6184.12
2050-10-18 09:00:00,3673.17,5625.58,3991.61,-5944.02
2050-10-18 10:00:00,3561.92,6838.4,4452.67,-7729.15
2050-10-18 11:00:00,3454.09,6166.46,4609.9,-7322.28
2050-10-18 12:00:00,3460.68,6756.29,4499.78,-7795.4
2050-10-18 13:00:00,3481.0,6706.45,4062.92,-7288.37
2050-10-18 14:00:00,3516.05,8462.85,3307.61,-8254.4
2050-10-18 15:00:00,3583.08,9034.62,2172.37,-7623.91
2050-10-18 16:00:00,3772.54,9283.87,689.84,-6201.17
2050-10-18 17:00:00,4018.04,10008.12,0.0,-5990.08
2050-10-18 18:00:00,4457.27,9676.78,0.0,-5219.51
2050-10-18 19:00:00,4600.68,8964.25,0.0,-4363.57
2050-10-18 20:00:00,4602.66,9319.06,0.0,-4716.39
2050-10-18 21:00:00,4502.21,7981.97,0.0,-3479.76
2050-10-18 22:00:00,4293.34,6191.28,0.0,-1897.93
2050-10-18 23:00:00,4047.46,4538.86,0.0,-491.4
2050-10-19 00:00:00,3752.19,4717.5,0.0,-965.3
2050-10-19 01:00:00,3629.98,5062.37,0.0,-1432.4
2050-10-19 02:00:00,3413.43,4640.58,0.0,-1227.15
2050-10-19 03:00:00,3301.27,4953.19,0.0,-1651.93
2050-10-19 04:00:00,3226.84,4573.59,0.0,-1346.75
2050-10-19 05:00:00,3210.89,4486.75,0.0,-1275.86
2050-10-19 06:00:00,3323.83,4087.29,35.26,-798.72
2050-10-19 07:00:00,3436.44,3589.03,2037.64,-2190.24
2050-10-19 08:00:00,3551.49,2870.41,1342.04,-660.96
2050-10-19 09:00:00,3699.23,3024.71,955.13,-280.61
2050-10-19 10:00:00,3759.41,2829.83,1731.13,-801.54
2050-10-19 11:00:00,3800.5,2882.59,2211.9,-1294.0
2050-10-19 12:00:00,3839.94,2614.63,4386.76,-3161.46
2050-10-19 13:00:00,3864.18,2241.12,3994.22,-2371.16
2050-10-19 14:00:00,3882.44,1807.27,3273.5,-1198.33
2050-10-19 15:00:00,3859.98,2052.56,2170.28,-362.86
2050-10-19 16:00:00,3930.43,2998.3,720.58,211.55
2050-10-19 17:00:00,4078.89,3747.37,0.0,331.52
2050-10-19 18:00:00,4563.66,5062.37,0.0,-498.71
2050-10-19 19:00:00,4871.01,4836.59,0.0,34.43
2050-10-19 20:00:00,5014.0,6404.43,0.0,-1390.43
2050-10-19 21:00:00,4984.2,7773.78,0.0,-2789.58
2050-10-19 22:00:00,4787.54,11931.89,0.0,-7144.36
2050-10-19 23:00:00,4527.26,11013.87,0.0,-6486.61
2050-10-20 00:00:00,4215.28,11002.15,0.0,-6786.87
2050-10-20 01:00:00,4086.52,10321.88,0.0,-6235.37
2050-10-20 02:00:00,3862.6,9682.64,0.0,-5820.05
2050-10-20 03:00:00,3750.49,9363.04,0.0,-5612.55
2050-10-20 04:00:00,3683.49,8102.18,0.0,-4418.69
2050-10-20 05:00:00,3679.62,8852.84,0.0,-5173.22
2050-10-20 06:00:00,3796.95,8125.64,104.46,-4433.15
2050-10-20 07:00:00,3914.4,9453.93,665.03,-6204.57
2050-10-20 08:00:00,3954.88,11899.4,3216.11,-11160.63
2050-10-20 09:00:00,3837.65,10471.42,3178.41,-9812.18
2050-10-20 10:00:00,3623.6,9078.61,3603.68,-9058.68
2050-10-20 11:00:00,3448.15,8316.23,2035.64,-6903.72
2050-10-20 12:00:00,3458.42,5620.61,1643.4,-3805.59
2050-10-20 13:00:00,3483.51,4806.82,496.99,-1820.31
2050-10-20 14:00:00,3534.64,4523.97,428.19,-1417.52
2050-10-20 15:00:00,3753.14,5923.32,321.6,-2491.78
2050-10-20 16:00:00,4000.17,5494.08,109.93,-1603.84
2050-10-20 17:00:00,4189.85,6624.34,0.0,-2434.48
2050-10-20 18:00:00,4530.76,6072.19,0.0,-1541.43
2050-10-20 19:00:00,4615.51,6982.08,0.0,-2366.56
2050-10-20 20:00:00,4606.44,7254.77,0.0,-2648.33
2050-10-20 21:00:00,4478.04,6562.77,0.0,-2084.73
2050-10-20 22:00:00,4194.36,8134.43,0.0,-3940.06
2050-10-20 23:00:00,3863.34,7715.13,0.0,-3851.79
2050-10-21 00:00:00,3524.49,7389.65,0.0,-3865.16
2050-10-21 01:00:00,3417.1,6328.18,0.0,-2911.08
2050-10-21 02:00:00,3237.18,4898.61,0.0,-1661.44
2050-10-21 03:00:00,3180.58,7058.31,0.0,-3877.73
2050-10-21 04:00:00,3173.56,5563.55,0.0,-2389.99
2050-10-21 05:00:00,3223.33,5213.71,0.0,-1990.38
2050-10-21 06:00:00,3378.1,5610.7,0.0,-2232.6
2050-10-21 07:00:00,3517.17,4084.81,180.89,-748.52
2050-10-21 08:00:00,3592.22,2844.03,959.43,-211.24
2050-10-21 09:00:00,3576.83,6721.11,1505.22,-4649.5
2050-10-21 10:00:00,3449.41,6064.74,1191.15,-3806.48
2050-10-21 11:00:00,3418.65,4868.85,865.77,-2315.97
2050-10-21 12:00:00,3470.51,3816.41,1075.69,-1421.59
2050-10-21 13:00:00,3508.52,4077.36,1899.67,-2468.52
2050-10-21 14:00:00,3618.28,3304.85,1069.33,-755.89
2050-10-21 15:00:00,3822.18,4003.15,2052.44,-2233.41
2050-10-21 16:00:00,4119.61,5293.11,603.85,-1777.34
2050-10-21 17:00:00,4221.65,5789.34,0.0,-1567.68
2050-10-21 18:00:00,4499.45,7319.28,0.0,-2819.84
2050-10-21 19:00:00,4603.1,7146.28,0.0,-2543.18
2050-10-21 20:00:00,4604.17,6530.5,0.0,-1926.33
2050-10-21 21:00:00,4548.98,7864.67,0.0,-3315.69
2050-10-21 22:00:00,4404.62,7770.84,0.0,-3366.21
2050-10-21 23:00:00,4208.59,7304.62,0.0,-3096.03
2050-10-22 00:00:00,3968.96,6958.62,0.0,-2989.65
2050-10-22 01:00:00,3914.14,8269.32,0.0,-4355.19
2050-10-22 02:00:00,3763.06,5739.72,0.0,-1976.66
2050-10-22 03:00:00,3718.51,5154.16,0.0,-1435.66
2050-10-22 04:00:00,3712.85,4402.4,0.0,-689.55
2050-10-22 05:00:00,3769.06,3540.31,0.0,228.74
2050-10-22 06:00:00,3944.81,4456.98,38.58,-550.75
2050-10-22 07:00:00,4116.04,5523.86,191.77,-1599.59
2050-10-22 08:00:00,4195.43,5360.1,71.56,-1236.23
2050-10-22 09:00:00,4103.56,4206.38,218.93,-321.75
2050-10-22 10:00:00,3940.24,4389.99,608.8,-1058.55
2050-10-22 11:00:00,3792.63,5260.86,815.34,-2283.58
2050-10-22 12:00:00,3703.95,5754.59,164.55,-2215.19
2050-10-22 13:00:00,3634.86,6022.55,476.69,-2864.39
2050-10-22 14:00:00,3567.89,6477.74,88.02,-2997.86
2050-10-22 15:00:00,3581.37,7515.73,391.91,-4326.27
2050-10-22 16:00:00,3758.74,9005.3,82.54,-5329.1
2050-10-22 17:00:00,4008.43,8794.19,0.0,-4785.75
2050-10-22 18:00:00,4524.33,8263.46,0.0,-3739.13
2050-10-22 19:00:00,4831.91,10870.19,0.0,-6038.28
2050-10-22 20:00:00,5020.1,10489.0,0.0,-5468.9
2050-10-22 21:00:00,5038.26,9536.04,0.0,-4497.78
2050-10-22 22:00:00,4884.23,9198.84,0.0,-4314.6
2050-10-22 23:00:00,4662.74,8861.62,0.0,-4198.88
2050-10-23 00:00:00,4383.77,10166.46,0.0,-5782.69
2050-10-23 01:00:00,4280.73,8550.82,0.0,-4270.09
2050-10-23 02:00:00,4083.41,7923.32,0.0,-3839.91
2050-10-23 03:00:00,3994.32,10383.45,0.0,-6389.13
2050-10-23 04:00:00,3946.86,9468.59,0.0,-5521.74
2050-10-23 05:00:00,3959.73,8844.04,0.0,-4884.31
2050-10-23 06:00:00,4094.49,8307.43,0.0,-4212.94
2050-10-23 07:00:00,4229.94,8685.7,2594.72,-7050.47
2050-10-23 08:00:00,4278.38,8890.94,3453.9,-8066.46
2050-10-23 09:00:00,4149.4,8647.57,4182.83,-8681.0
2050-10-23 10:00:00,3937.95,7914.52,4602.01,-8578.58
2050-10-23 11:00:00,3757.05,7342.73,4742.35,-8328.03
2050-10-23 12:00:00,3614.81,6829.6,4610.65,-7825.44
2050-10-23 13:00:00,3507.67,7251.83,4165.44,-7909.61
2050-10-23 14:00:00,3501.01,6911.69,3398.38,-6809.06
2050-10-23 15:00:00,3580.63,7064.17,2208.68,-5692.23
2050-10-23 16:00:00,3816.49,6882.37,645.52,-3711.4
2050-10-23 17:00:00,4115.15,6806.14,0.0,-2690.98
2050-10-23 18:00:00,4501.23,7808.96,0.0,-3307.74
2050-10-23 19:00:00,4606.71,8216.54,0.0,-3609.82
2050-10-23 20:00:00,4604.12,9025.84,0.0,-4421.72
2050-10-23 21:00:00,4491.47,8500.97,0.0,-4009.5
2050-10-23 22:00:00,4223.16,8888.02,0.0,-4664.87
2050-10-23 23:00:00,3899.22,8310.37,0.0,-4411.15
2050-10-24 00:00:00,3532.18,7515.73,0.0,-3983.55
2050-10-24 01:00:00,3362.8,6773.89,0.0,-3411.09
2050-10-24 02:00:00,3118.84,8436.46,0.0,-5317.63
2050-10-24 03:00:00,2993.84,8228.26,0.0,-5234.42
2050-10-24 04:00:00,2929.32,9342.52,0.0,-6413.2
2050-10-24 05:00:00,2941.88,7609.56,0.0,-4667.68
2050-10-24 06:00:00,3093.4,7448.3,38.58,-4393.48
2050-10-24 07:00:00,3272.72,7105.22,2409.26,-6241.75
2050-10-24 08:00:00,3387.99,6243.38,3367.77,-6223.15
2050-10-24 09:00:00,3407.35,6325.26,4130.21,-7048.12
2050-10-24 10:00:00,3381.76,5642.95,2397.78,-4658.97
2050-10-24 11:00:00,3424.02,6173.9,1989.15,-4739.04
2050-10-24 12:00:00,3490.56,5650.39,1509.36,-3669.2
2050-10-24 13:00:00,3542.46,6181.35,644.89,-3283.78
2050-10-24 14:00:00,3630.43,5905.94,3386.86,-5662.37
2050-10-24 15:00:00,3742.29,8932.01,2201.42,-7391.13
2050-10-24 16:00:00,3956.49,5801.75,623.11,-2468.36
2050-10-24 17:00:00,4241.68,7659.41,0.0,-3417.72
2050-10-24 18:00:00,4641.9,9565.37,0.0,-4923.46
2050-10-24 19:00:00,4671.97,8975.99,0.0,-4304.02
2050-10-24 20:00:00,4629.99,10562.31,0.0,-5932.32
2050-10-24 21:00:00,4492.52,9087.41,0.0,-4594.89
2050-10-24 22:00:00,4204.56,10697.19,0.0,-6492.64
2050-10-24 23:00:00,3862.35,9527.24,0.0,-5664.89
2050-10-25 00:00:00,3479.99,8970.11,0.0,-5490.12
2050-10-25 01:00:00,3292.18,7134.54,0.0,-3842.37
2050-10-25 02:00:00,3021.79,5804.23,0.0,-2782.44
2050-10-25 03:00:00,2878.55,5139.29,0.0,-2260.74
2050-10-25 04:00:00,2795.23,4466.91,0.0,-1671.68
2050-10-25 05:00:00,2788.4,5454.39,0.0,-2665.99
2050-10-25 06:00:00,2906.43,6322.32,66.07,-3481.96
2050-10-25 07:00:00,3026.48,6735.77,2602.15,-6311.44
2050-10-25 08:00:00,3137.16,5253.42,3450.36,-5566.61
2050-10-25 09:00:00,3319.16,6268.19,4162.67,-7111.71
2050-10-25 10:00:00,3401.92,5858.81,4588.0,-7044.89
2050-10-25 11:00:00,3519.57,6436.67,2824.62,-5741.73
2050-10-25 12:00:00,3743.95,4533.9,4618.52,-5408.47
2050-10-25 13:00:00,3970.77,5541.23,1893.56,-3464.02
2050-10-25 14:00:00,4217.27,5134.33,2279.82,-3196.87
2050-10-25 15:00:00,4447.73,4727.42,2178.64,-2458.34
2050-10-25 16:00:00,4727.21,3877.31,175.44,674.46
2050-10-25 17:00:00,4923.48,4035.65,0.0,887.84
2050-10-25 18:00:00,5215.72,6141.66,0.0,-925.94
2050-10-25 19:00:00,5125.23,9034.62,0.0,-3909.39
2050-10-25 20:00:00,4994.27,12072.63,0.0,-7078.36
2050-10-25 21:00:00,4788.11,11365.75,0.0,-6577.64
2050-10-25 22:00:00,4440.12,10336.54,0.0,-5896.42
2050-10-25 23:00:00,4043.41,9761.81,0.0,-5718.41
2050-10-26 00:00:00,3611.52,10626.82,0.0,-7015.3
2050-10-26 01:00:00,3377.28,8709.16,0.0,-5331.88
2050-10-26 02:00:00,3074.75,7175.6,0.0,-4100.86
2050-10-26 03:00:00,2903.88,6633.14,0.0,-3729.26
2050-10-26 04:00:00,2790.94,6559.83,0.0,-3768.89
2050-10-26 05:00:00,2754.64,7289.96,0.0,-4535.32
2050-10-26 06:00:00,2847.75,5248.45,55.08,-2455.78
2050-10-26 07:00:00,2950.18,4856.44,1110.92,-3017.19
2050-10-26 08:00:00,3111.16,4801.86,3532.61,-5223.3
2050-10-26 09:00:00,3420.6,5049.97,4228.77,-5858.14
2050-10-26 10:00:00,3498.45,2955.67,4650.73,-4107.95
2050-10-26 11:00:00,3589.1,2675.53,4812.43,-3898.87
2050-10-26 12:00:00,3679.18,3274.4,4674.74,-4269.96
2050-10-26 13:00:00,3755.06,2291.86,4242.39,-2779.19
2050-10-26 14:00:00,3894.39,1755.11,2652.4,-513.11
2050-10-26 15:00:00,4051.53,1203.9,832.06,2015.57
2050-10-26 16:00:00,4330.82,1048.84,126.34,3155.64
2050-10-26 17:00:00,4583.06,2079.34,0.0,2503.72
2050-10-26 18:00:00,4984.47,2405.55,0.0,2578.92
2050-10-26 19:00:00,4962.9,4131.96,0.0,830.95
2050-10-26 20:00:00,4866.46,5196.35,0.0,-329.89
2050-10-26 21:00:00,4697.86,6967.42,0.0,-2269.56
2050-10-26 22:00:00,4388.74,6079.63,0.0,-1690.89
2050-10-26 23:00:00,4019.35,6480.66,0.0,-2461.31
2050-10-27 00:00:00,3613.02,6243.38,0.0,-2630.35
2050-10-27 01:00:00,3407.46,7536.27,0.0,-4128.8
2050-10-27 02:00:00,3131.86,8149.09,0.0,-5017.23
2050-10-27 03:00:00,2976.12,9503.78,0.0,-6527.66
2050-10-27 04:00:00,2865.94,12502.1,0.0,-9636.16
2050-10-27 05:00:00,2837.9,11957.15,0.0,-9119.25
2050-10-27 06:00:00,2930.46,14883.96,22.06,-11975.56
2050-10-27 07:00:00,3040.43,15225.0,148.19,-12332.75
2050-10-27 08:00:00,3295.89,15058.09,393.12,-12155.32
2050-10-27 09:00:00,3669.13,15225.0,750.26,-12306.13
2050-10-27 10:00:00,3770.58,15225.0,739.09,-12193.51
2050-10-27 11:00:00,3994.04,15149.67,115.4,-11271.03
2050-10-27 12:00:00,4146.22,14427.88,60.58,-10342.24
2050-10-27 13:00:00,4228.75,13162.51,278.48,-9212.24
2050-10-27 14:00:00,4405.12,14082.79,240.61,-9918.28
2050-10-27 15:00:00,4554.39,7841.21,175.44,-3462.26
2050-10-27 16:00:00,4725.33,7163.86,60.58,-2499.11
2050-10-27 17:00:00,4890.97,9075.68,0.0,-4184.72
2050-10-27 18:00:00,5236.41,8647.57,0.0,-3411.17
2050-10-27 19:00:00,5148.7,9154.85,0.0,-4006.15
2050-10-27 20:00:00,4993.52,9626.93,0.0,-4633.41
2050-10-27 21:00:00,4792.53,10186.99,0.0,-5394.46
2050-10-27 22:00:00,4452.7,11002.15,0.0,-6549.44
2050-10-27 23:00:00,4072.88,10084.37,0.0,-6011.49
2050-10-28 00:00:00,3679.31,9820.46,0.0,-6141.15
2050-10-28 01:00:00,3499.52,9764.75,0.0,-6265.24
2050-10-28 02:00:00,3214.94,9371.84,0.0,-6156.9
2050-10-28 03:00:00,3026.36,10316.0,0.0,-7289.64
2050-10-28 04:00:00,2844.08,9357.18,0.0,-6513.1
2050-10-28 05:00:00,2767.79,9052.22,0.0,-6284.43
2050-10-28 06:00:00,2849.31,9143.11,38.58,-6332.39
2050-10-28 07:00:00,2953.98,9228.16,2341.72,-8615.9
2050-10-28 08:00:00,3112.28,8500.97,3213.26,-8601.95
2050-10-28 09:00:00,3467.81,9896.71,2871.51,-9300.41
2050-10-28 10:00:00,3636.08,11755.06,2313.0,-10431.97
2050-10-28 11:00:00,3884.21,10594.58,1187.17,-7897.54
2050-10-28 12:00:00,4105.5,11233.8,1152.16,-8280.46
2050-10-28 13:00:00,4290.28,9503.78,1772.29,-6985.79
2050-10-28 14:00:00,4511.74,10351.19,1691.14,-7530.59
2050-10-28 15:00:00,4720.56,10336.54,2087.34,-7703.32
2050-10-28 16:00:00,4985.11,10242.71,487.86,-5745.46
2050-10-28 17:00:00,5200.71,9216.42,0.0,-4015.71
2050-10-28 18:00:00,5420.95,10140.08,0.0,-4719.13
2050-10-28 19:00:00,5234.55,9884.97,0.0,-4650.41
2050-10-28 20:00:00,4965.23,10442.1,0.0,-5476.87
2050-10-28 21:00:00,4638.1,11599.87,0.0,-6961.77
2050-10-28 22:00:00,4237.16,10835.01,0.0,-6597.85
2050-10-28 23:00:00,3866.39,10084.37,0.0,-6217.98
2050-10-29 00:00:00,3478.35,8067.0,0.0,-4588.64
2050-10-29 01:00:00,3296.3,8873.36,0.0,-5577.05
2050-10-29 02:00:00,3091.24,7046.59,0.0,-3955.35
2050-10-29 03:00:00,3060.37,9002.38,0.0,-5942.01
2050-10-29 04:00:00,3076.57,9876.17,0.0,-6799.6
2050-10-29 05:00:00,3165.93,7850.01,0.0,-4684.08
2050-10-29 06:00:00,3375.77,6990.86,42.15,-3657.24
2050-10-29 07:00:00,3571.66,7779.64,556.28,-4764.27
2050-10-29 08:00:00,3684.26,10321.88,1939.81,-8577.43
2050-10-29 09:00:00,3787.06,9069.82,2483.41,-7766.17
2050-10-29 10:00:00,3782.54,10500.74,2904.44,-9622.64
2050-10-29 11:00:00,3776.77,11488.89,3516.18,-11228.31
2050-10-29 12:00:00,3773.31,14245.18,4379.05,-14850.92
2050-10-29 13:00:00,3764.28,14415.7,2708.3,-13359.72
2050-10-29 14:00:00,3733.17,15114.48,2434.84,-13816.15
2050-10-29 15:00:00,3718.97,14996.29,727.82,-12005.14
2050-10-29 16:00:00,3810.45,15044.55,82.54,-11316.64
2050-10-29 17:00:00,4054.01,15225.0,0.0,-11170.99
2050-10-29 18:00:00,4595.32,15225.0,0.0,-10629.68
2050-10-29 19:00:00,4923.5,15225.0,0.0,-10301.5
2050-10-29 20:00:00,5097.38,15225.0,0.0,-10127.62
2050-10-29 21:00:00,5102.35,15225.0,0.0,-10122.65
2050-10-29 22:00:00,4938.02,15225.0,0.0,-10286.98
2050-10-29 23:00:00,4704.2,15225.0,0.0,-10520.8
2050-10-30 00:00:00,4412.86,14878.54,0.0,-10465.68
2050-10-30 01:00:00,4308.64,14454.95,0.0,-10146.31
2050-10-30 02:00:00,4111.3,12419.09,0.0,-8307.8
2050-10-30 03:00:00,4025.78,13381.75,0.0,-9355.98
2050-10-30 04:00:00,3985.62,13316.81,0.0,-9331.19
2050-10-30 05:00:00,4011.99,11935.5,0.0,-7923.51
2050-10-30 06:00:00,4164.47,12592.31,22.06,-8449.9
2050-10-30 07:00:00,4325.24,13270.78,2051.27,-10996.8
2050-10-30 08:00:00,4417.15,12707.81,1672.63,-9963.29
2050-10-30 09:00:00,4350.69,11747.84,2427.36,-9824.51
2050-10-30 10:00:00,4163.2,11480.11,4170.78,-11487.68
2050-10-30 11:00:00,3940.58,10530.07,4303.75,-10893.23
2050-10-30 12:00:00,3766.57,8876.28,4131.2,-9240.91
2050-10-30 13:00:00,3634.67,7764.98,3532.97,-7663.28
2050-10-30 14:00:00,3528.5,10166.46,2671.6,-9309.56
2050-10-30 15:00:00,3555.05,9764.75,423.44,-6633.14
2050-10-30 16:00:00,3742.62,9629.87,49.59,-5936.84
2050-10-30 17:00:00,3999.08,7506.95,0.0,-3507.86
2050-10-30 18:00:00,4465.82,7410.17,0.0,-2944.35
2050-10-30 19:00:00,4680.91,8128.57,0.0,-3447.65
2050-10-30 20:00:00,4790.81,7882.27,0.0,-3091.46
2050-10-30 21:00:00,4728.18,7753.24,0.0,-3025.06
2050-10-30 22:00:00,4510.14,7659.41,0.0,-3149.27
2050-10-30 23:00:00,4227.27,5955.56,0.0,-1728.3
2050-10-31 00:00:00,3889.87,7090.57,0.0,-3200.7
2050-10-31 01:00:00,3742.7,5558.59,0.0,-1815.88
2050-10-31 02:00:00,3525.57,6618.47,0.0,-3092.91
2050-10-31 03:00:00,3440.07,8278.12,0.0,-4838.05
2050-10-31 04:00:00,3402.99,7401.37,0.0,-3998.39
2050-10-31 05:00:00,3434.72,6015.11,0.0,-2580.39
2050-10-31 06:00:00,3596.02,4809.29,0.0,-1213.27
2050-10-31 07:00:00,3759.21,3761.6,2721.78,-2724.16
2050-10-31 08:00:00,3863.68,5303.03,3427.18,-4866.54
2050-10-31 09:00:00,3802.21,4385.03,4138.19,-4721.01
2050-10-31 10:00:00,3645.63,3974.75,4562.9,-4892.01
2050-10-31 11:00:00,3532.33,4074.88,4699.92,-5242.47
2050-10-31 12:00:00,3481.69,5310.48,4552.32,-6381.11
2050-10-31 13:00:00,3474.82,5022.67,4114.14,-5661.99
2050-10-31 14:00:00,3508.08,4982.98,3309.29,-4784.18
2050-10-31 15:00:00,3573.69,6265.71,2067.92,-4759.94
2050-10-31 16:00:00,3768.36,6653.66,430.48,-3315.78
2050-10-31 17:00:00,4020.13,7671.15,0.0,-3651.01
2050-10-31 18:00:00,4468.5,8556.68,0.0,-4088.18
2050-10-31 19:00:00,4630.27,8691.56,0.0,-4061.28
2050-10-31 20:00:00,4727.18,9706.1,0.0,-4978.92
2050-10-31 21:00:00,4759.41,10538.85,0.0,-5779.44
2050-10-31 22:00:00,4634.77,10480.22,0.0,-5845.45
2050-10-31 23:00:00,4464.41,11072.52,0.0,-6608.11
2050-11-01 00:00:00,4230.44,11348.15,0.0,-7117.71
2050-11-01 01:00:00,4186.02,8893.88,0.0,-4707.86
2050-11-01 02:00:00,4039.42,6389.77,0.0,-2350.35
2050-11-01 03:00:00,4001.48,6553.97,0.0,-2552.49
2050-11-01 04:00:00,4003.52,7583.18,0.0,-3579.66
2050-11-01 05:00:00,4072.79,6044.89,0.0,-1972.1
2050-11-01 06:00:00,4262.7,7228.37,0.0,-2965.67
2050-11-01 07:00:00,4452.47,7841.21,2819.8,-6208.54
2050-11-01 08:00:00,4572.06,9295.59,3482.33,-8205.86
2050-11-01 09:00:00,4494.13,7847.07,4164.47,-7517.42
2050-11-01 10:00:00,4339.74,6943.96,4577.7,-7181.91
2050-11-01 11:00:00,4184.58,6363.38,4707.71,-6886.51
2050-11-01 12:00:00,4058.56,7955.56,4545.86,-8442.86
2050-11-01 13:00:00,3936.77,6735.77,4100.74,-6899.74
2050-11-01 14:00:00,3806.38,7372.05,3301.84,-6867.52
2050-11-01 15:00:00,3737.25,7858.81,2064.94,-6186.5
2050-11-01 16:00:00,3848.44,6688.84,425.15,-3265.55
2050-11-01 17:00:00,4112.2,8319.17,0.0,-4206.97
2050-11-01 18:00:00,4729.06,8800.05,0.0,-4070.99
2050-11-01 19:00:00,5102.13,9477.4,0.0,-4375.27
2050-11-01 20:00:00,5316.36,12296.38,0.0,-6980.02
2050-11-01 21:00:00,5328.49,13072.29,0.0,-7743.8
2050-11-01 22:00:00,5163.5,12877.41,0.0,-7713.91
2050-11-01 23:00:00,4929.83,12657.27,0.0,-7727.45
2050-11-02 00:00:00,4645.0,11292.44,0.0,-6647.44
2050-11-02 01:00:00,4543.57,9896.71,0.0,-5353.14
2050-11-02 02:00:00,4344.71,9838.06,0.0,-5493.35
2050-11-02 03:00:00,4262.25,9245.75,0.0,-4983.5
2050-11-02 04:00:00,4220.95,9486.2,0.0,-5265.25
2050-11-02 05:00:00,4242.69,8832.31,0.0,-4589.62
2050-11-02 06:00:00,4388.76,8820.57,0.0,-4431.81
2050-11-02 07:00:00,4544.47,7621.3,2828.27,-5905.1
2050-11-02 08:00:00,4634.84,8694.5,3489.66,-7549.31
2050-11-02 09:00:00,4534.44,8210.68,4169.39,-7845.63
2050-11-02 10:00:00,4349.06,7756.18,2795.62,-6202.73
2050-11-02 11:00:00,4152.65,7061.25,2414.64,-5323.23
2050-11-02 12:00:00,3993.91,6436.67,4562.63,-7005.39
2050-11-02 13:00:00,3845.4,5139.29,4120.93,-5414.82
2050-11-02 14:00:00,3703.12,5250.94,3306.19,-4854.0
2050-11-02 15:00:00,3636.86,5717.38,2062.32,-4142.85
2050-11-02 16:00:00,3769.29,4712.53,396.63,-1339.87
2050-11-02 17:00:00,4030.98,4211.34,0.0,-180.37
2050-11-02 18:00:00,4581.39,4246.09,0.0,335.31
2050-11-02 19:00:00,4936.73,4248.57,0.0,688.16
2050-11-02 20:00:00,5161.69,4031.58,0.0,1130.11
2050-11-02 21:00:00,5202.39,5298.07,0.0,-95.68
2050-11-02 22:00:00,5059.05,8064.06,0.0,-3005.01
2050-11-02 23:00:00,4842.67,8811.77,0.0,-3969.11
2050-11-03 00:00:00,4562.54,9269.21,0.0,-4706.67
2050-11-03 01:00:00,4461.71,9248.69,0.0,-4786.97
2050-11-03 02:00:00,4265.1,9002.38,0.0,-4737.28
2050-11-03 03:00:00,4181.67,7377.93,0.0,-3196.26
2050-11-03 04:00:00,4136.18,5159.13,0.0,-1022.95
2050-11-03 05:00:00,4154.7,4801.86,0.0,-647.16
2050-11-03 06:00:00,4273.55,4484.26,0.0,-210.71
2050-11-03 07:00:00,4420.83,5709.94,2730.57,-4019.68
2050-11-03 08:00:00,4531.9,7275.3,3416.27,-6159.67
2050-11-03 09:00:00,4401.88,7064.17,4090.24,-6752.54
2050-11-03 10:00:00,4172.18,8231.2,4514.89,-8573.91
2050-11-03 11:00:00,3924.08,8116.84,4639.21,-8831.97
2050-11-03 12:00:00,3744.72,8885.08,4499.09,-9639.45
2050-11-03 13:00:00,3639.09,8527.36,4040.13,-8928.4
2050-11-03 14:00:00,3591.11,8154.97,3202.56,-7766.42
2050-11-03 15:00:00,3597.74,8286.91,1946.84,-6636.01
2050-11-03 16:00:00,3795.51,8184.29,326.85,-4715.62
2050-11-03 17:00:00,4163.08,9333.72,0.0,-5170.63
2050-11-03 18:00:00,4591.93,9289.73,0.0,-4697.8
2050-11-03 19:00:00,4897.09,9978.8,0.0,-5081.71
2050-11-03 20:00:00,5052.3,10239.77,0.0,-5187.47
2050-11-03 21:00:00,5034.57,8888.02,0.0,-3853.45
2050-11-03 22:00:00,4847.09,6908.77,0.0,-2061.68
2050-11-03 23:00:00,4568.12,5156.65,0.0,-588.53
2050-11-04 00:00:00,4224.61,4925.91,0.0,-701.3
2050-11-04 01:00:00,4075.45,4610.8,0.0,-535.35
2050-11-04 02:00:00,3801.47,4841.55,0.0,-1040.08
2050-11-04 03:00:00,3644.95,4139.39,0.0,-494.44
2050-11-04 04:00:00,3535.86,4387.51,0.0,-851.65
2050-11-04 05:00:00,3494.52,4809.29,0.0,-1314.77
2050-11-04 06:00:00,3557.64,2959.74,0.0,597.9
2050-11-04 07:00:00,3642.08,2399.46,38.58,1204.03
2050-11-04 08:00:00,3732.32,2103.3,186.33,1442.69
2050-11-04 09:00:00,3810.45,1803.04,294.67,1712.75
2050-11-04 10:00:00,3823.52,1506.99,582.65,1733.88
2050-11-04 11:00:00,3824.92,2507.06,348.48,969.38
2050-11-04 12:00:00,3829.64,2056.79,131.81,1641.05
2050-11-04 13:00:00,3809.31,1777.66,428.77,1602.88
2050-11-04 14:00:00,3778.7,1151.74,450.09,2176.86
2050-11-04 15:00:00,3761.86,947.62,262.26,2551.97
2050-11-04 16:00:00,3890.89,1148.92,16.55,2725.41
2050-11-04 17:00:00,4205.73,2196.34,0.0,2009.39
2050-11-04 18:00:00,4557.5,2472.54,0.0,2084.96
2050-11-04 19:00:00,4767.99,3550.47,0.0,1217.52
2050-11-04 20:00:00,4843.2,5017.7,0.0,-174.5
2050-11-04 21:00:00,4764.29,6109.4,0.0,-1345.11
2050-11-04 22:00:00,4523.31,4985.46,0.0,-462.15
2050-11-04 23:00:00,4211.7,5824.06,0.0,-1612.37
2050-11-05 00:00:00,3854.76,5900.98,0.0,-2046.22
2050-11-05 01:00:00,3697.63,4466.91,0.0,-769.28
2050-11-05 02:00:00,3457.02,4221.27,0.0,-764.25
2050-11-05 03:00:00,3336.56,3956.48,0.0,-619.92
2050-11-05 04:00:00,3262.75,4767.11,0.0,-1504.36
2050-11-05 05:00:00,3259.97,3995.04,0.0,-735.07
2050-11-05 06:00:00,3372.4,4198.95,0.0,-826.55
2050-11-05 07:00:00,3513.31,3832.63,218.93,-538.26
2050-11-05 08:00:00,3655.36,4251.05,98.98,-694.66
2050-11-05 09:00:00,3748.0,5007.79,599.3,-1859.09
2050-11-05 10:00:00,3713.06,4486.75,587.76,-1361.45
2050-11-05 11:00:00,3609.03,5379.95,1486.95,-3257.87
2050-11-05 12:00:00,3537.46,6498.26,853.21,-3814.0
2050-11-05 13:00:00,3496.08,6404.43,749.84,-3658.19
2050-11-05 14:00:00,3511.56,5977.9,697.8,-3164.14
2050-11-05 15:00:00,3568.01,5164.09,407.41,-2003.5
2050-11-05 16:00:00,3781.33,5737.24,236.15,-2192.06
2050-11-05 17:00:00,4130.75,4051.87,0.0,78.88
2050-11-05 18:00:00,4474.39,6131.73,0.0,-1657.34
2050-11-05 19:00:00,4656.49,7885.19,0.0,-3228.71
2050-11-05 20:00:00,4806.99,8635.85,0.0,-3828.86
2050-11-05 21:00:00,4821.91,8929.07,0.0,-4107.16
2050-11-05 22:00:00,4676.57,8363.15,0.0,-3686.59
2050-11-05 23:00:00,4475.44,7782.56,0.0,-3307.13
2050-11-06 00:00:00,4218.87,7929.18,0.0,-3710.31
2050-11-06 01:00:00,4183.61,7718.05,0.0,-3534.44
2050-11-06 02:00:00,4032.94,6712.31,0.0,-2679.37
2050-11-06 03:00:00,3943.25,5717.38,0.0,-1774.14
2050-11-06 04:00:00,3893.83,4955.68,0.0,-1061.85
2050-11-06 05:00:00,3907.54,4256.01,0.0,-348.47
2050-11-06 06:00:00,4027.44,5397.32,0.0,-1369.88
2050-11-06 07:00:00,4087.29,5593.33,657.87,-2163.91
2050-11-06 08:00:00,3949.54,5370.02,1995.92,-3416.4
2050-11-06 09:00:00,3940.3,5868.74,4057.19,-5985.63
2050-11-06 10:00:00,3782.02,6744.57,4481.78,-7444.33
2050-11-06 11:00:00,3657.41,8028.87,2991.61,-7363.07
2050-11-06 12:00:00,3582.1,7688.73,2979.47,-7086.1
2050-11-06 13:00:00,3494.31,9483.26,2467.03,-8455.98
2050-11-06 14:00:00,3504.95,10022.78,1114.79,-7632.63
2050-11-06 15:00:00,3566.8,7600.78,423.35,-4457.34
2050-11-06 16:00:00,3778.78,6146.62,44.09,-2411.93
2050-11-06 17:00:00,4126.15,6641.94,0.0,-2515.78
2050-11-06 18:00:00,4556.81,7336.87,0.0,-2780.06
2050-11-06 19:00:00,4865.72,9031.7,0.0,-4165.98
2050-11-06 20:00:00,5011.32,10456.76,0.0,-5445.44
2050-11-06 21:00:00,5009.29,10295.48,0.0,-5286.19
2050-11-06 22:00:00,4832.84,10110.76,0.0,-5277.92
2050-11-06 23:00:00,4584.78,11230.86,0.0,-6646.08
2050-11-07 00:00:00,4300.98,9342.52,0.0,-5041.54
2050-11-07 01:00:00,4208.56,8184.29,0.0,-3975.73
2050-11-07 02:00:00,4023.38,8398.34,0.0,-4374.96
2050-11-07 03:00:00,3956.72,9691.44,0.0,-5734.73
2050-11-07 04:00:00,3931.16,10735.31,0.0,-6804.15
2050-11-07 05:00:00,3986.61,10949.36,0.0,-6962.75
2050-11-07 06:00:00,4141.15,9263.35,0.0,-5122.2
2050-11-07 07:00:00,4237.89,8518.55,369.95,-4650.61
2050-11-07 08:00:00,4137.1,7181.47,3327.15,-6371.51
2050-11-07 09:00:00,4157.76,7331.0,4036.8,-7210.04
2050-11-07 10:00:00,4012.65,6439.61,4464.28,-6891.24
2050-11-07 11:00:00,3879.36,5089.66,4600.06,-5810.35
2050-11-07 12:00:00,3782.54,4948.23,4450.98,-5616.67
2050-11-07 13:00:00,3654.9,4648.03,3999.25,-4992.37
2050-11-07 14:00:00,3567.15,5228.6,3164.49,-4825.95
2050-11-07 15:00:00,3581.85,5499.04,1876.79,-3793.99
2050-11-07 16:00:00,3817.32,5315.44,228.75,-1726.87
2050-11-07 17:00:00,4311.28,5915.87,0.0,-1604.59
2050-11-07 18:00:00,4884.3,7342.73,0.0,-2458.43
2050-11-07 19:00:00,5217.33,9562.43,0.0,-4345.1
2050-11-07 20:00:00,5364.2,11321.77,0.0,-5957.56
2050-11-07 21:00:00,5369.23,12260.3,0.0,-6891.07
2050-11-07 22:00:00,5210.1,11780.31,0.0,-6570.22
2050-11-07 23:00:00,4992.71,13728.22,0.0,-8735.51
2050-11-08 00:00:00,4730.81,14207.3,0.0,-9476.49
2050-11-08 01:00:00,4652.68,14586.22,0.0,-9933.54
2050-11-08 02:00:00,4482.79,13906.85,0.0,-9424.06
2050-11-08 03:00:00,4418.05,14226.24,0.0,-9808.19
2050-11-08 04:00:00,4382.38,14342.62,0.0,-9960.24
2050-11-08 05:00:00,4394.85,13373.64,0.0,-8978.79
2050-11-08 06:00:00,4511.06,12458.78,0.0,-7947.72
2050-11-08 07:00:00,4567.06,9348.38,93.5,-4874.82
2050-11-08 08:00:00,4485.16,10711.85,685.23,-6911.93
2050-11-08 09:00:00,4532.21,9081.55,246.03,-4795.37
2050-11-08 10:00:00,4528.31,7703.39,661.69,-3836.78
2050-11-08 11:00:00,4587.33,6451.33,1864.72,-3728.73
2050-11-08 12:00:00,4635.36,5543.71,1469.8,-2378.15
2050-11-08 13:00:00,4657.3,4640.58,1170.34,-1153.62
2050-11-08 14:00:00,4642.88,2472.54,777.83,1392.51
2050-11-08 15:00:00,4663.08,1526.73,305.45,2830.89
2050-11-08 16:00:00,4905.35,1316.67,38.58,3550.09
2050-11-08 17:00:00,5282.82,1442.14,0.0,3840.68
2050-11-08 18:00:00,5751.09,1367.43,0.0,4383.66
2050-11-08 19:00:00,5958.44,1714.23,0.0,4244.21
2050-11-08 20:00:00,5979.97,2663.35,0.0,3316.62
2050-11-08 21:00:00,5863.94,3718.97,0.0,2144.97
2050-11-08 22:00:00,5594.79,3343.41,0.0,2251.38
2050-11-08 23:00:00,5268.08,3185.07,0.0,2083.01
2050-11-09 00:00:00,4891.16,3032.82,0.0,1858.34
2050-11-09 01:00:00,4706.02,2661.33,0.0,2044.69
2050-11-09 02:00:00,4422.56,2669.44,0.0,1753.11
2050-11-09 03:00:00,4256.03,2565.91,0.0,1690.11
2050-11-09 04:00:00,4155.15,2574.05,0.0,1581.1
2050-11-09 05:00:00,4108.87,2338.56,0.0,1770.31
2050-11-09 06:00:00,4187.44,1788.94,0.0,2398.5
2050-11-09 07:00:00,4223.17,1522.5,2937.61,-236.94
2050-11-09 08:00:00,4163.72,1061.52,3286.72,-184.52
2050-11-09 09:00:00,4181.82,1151.74,3990.26,-960.18
2050-11-09 10:00:00,4020.44,1146.11,4405.66,-1531.33
2050-11-09 11:00:00,3874.15,583.42,3023.28,267.45
2050-11-09 12:00:00,3747.76,315.93,4382.95,-951.12
2050-11-09 13:00:00,3604.39,549.42,3911.59,-856.62
2050-11-09 14:00:00,3541.07,309.13,3067.09,164.85
2050-11-09 15:00:00,3581.43,407.36,1768.02,1406.05
2050-11-09 16:00:00,3837.4,761.75,33.08,3042.57
2050-11-09 17:00:00,4294.99,878.86,0.0,3416.13
2050-11-09 18:00:00,4827.3,1635.27,0.0,3192.03
2050-11-09 19:00:00,5105.41,2919.13,0.0,2186.27
2050-11-09 20:00:00,5189.0,2748.61,0.0,2440.39
2050-11-09 21:00:00,5128.65,3310.94,0.0,1817.71
2050-11-09 22:00:00,4903.21,4866.37,0.0,36.84
2050-11-09 23:00:00,4626.88,4638.1,0.0,-11.22
2050-11-10 00:00:00,4297.04,3765.64,0.0,531.39
2050-11-10 01:00:00,4174.85,4598.41,0.0,-423.56
2050-11-10 02:00:00,3965.02,5268.31,0.0,-1303.29
2050-11-10 03:00:00,3867.64,4427.2,0.0,-559.56
2050-11-10 04:00:00,3803.89,6270.68,0.0,-2466.79
2050-11-10 05:00:00,3823.46,7844.15,0.0,-4020.69
2050-11-10 06:00:00,3926.96,8292.77,0.0,-4365.81
2050-11-10 07:00:00,3990.3,10389.31,142.73,-6541.74
2050-11-10 08:00:00,3966.02,11113.58,170.0,-7317.56
2050-11-10 09:00:00,4074.47,10978.69,229.78,-7133.99
2050-11-10 10:00:00,4046.3,10659.08,1839.59,-8452.37
2050-11-10 11:00:00,3960.28,10849.67,899.42,-7788.81
2050-11-10 12:00:00,3849.74,13166.12,3168.85,-12485.23
2050-11-10 13:00:00,3694.82,14191.06,3781.62,-14277.86
2050-11-10 14:00:00,3609.59,11664.83,2990.58,-11045.82
2050-11-10 15:00:00,3613.55,13195.01,510.9,-10092.36
2050-11-10 16:00:00,3840.03,14320.97,159.01,-10639.95
2050-11-10 17:00:00,4272.8,13370.93,0.0,-9098.13
2050-11-10 18:00:00,4828.7,12473.22,0.0,-7644.52
2050-11-10 19:00:00,5155.28,13974.53,0.0,-8819.25
2050-11-10 20:00:00,5295.91,13663.25,0.0,-8367.34
2050-11-10 21:00:00,5281.73,13373.64,0.0,-8091.91
2050-11-10 22:00:00,5095.9,14418.41,0.0,-9322.51
2050-11-10 23:00:00,4844.51,14312.86,0.0,-9468.35
2050-11-11 00:00:00,4541.59,11838.06,0.0,-7296.47
2050-11-11 01:00:00,4428.91,11852.5,0.0,-7423.58
2050-11-11 02:00:00,4223.67,9967.08,0.0,-5743.41
2050-11-11 03:00:00,4130.76,10324.8,0.0,-6194.05
2050-11-11 04:00:00,4083.45,9917.23,0.0,-5833.78
2050-11-11 05:00:00,4101.63,9096.21,0.0,-4994.57
2050-11-11 06:00:00,4226.6,8676.89,0.0,-4450.29
2050-11-11 07:00:00,4295.01,9008.24,3253.82,-7967.05
2050-11-11 08:00:00,4253.16,9544.84,3415.95,-8707.64
2050-11-11 09:00:00,4365.89,8313.31,4119.91,-8067.33
2050-11-11 10:00:00,4268.18,7979.03,4532.34,-8243.18
2050-11-11 11:00:00,4117.81,8738.48,4653.24,-9273.9
2050-11-11 12:00:00,3979.48,8571.34,4529.12,-9120.97
2050-11-11 13:00:00,3785.23,7498.15,4070.19,-7783.11
2050-11-11 14:00:00,3646.0,7706.33,3225.46,-7285.79
2050-11-11 15:00:00,3618.72,8594.8,1910.36,-6886.45
2050-11-11 16:00:00,3847.85,9937.75,161.95,-6251.85
2050-11-11 17:00:00,4315.37,9603.47,0.0,-5288.1
2050-11-11 18:00:00,4874.5,10911.26,0.0,-6036.75
2050-11-11 19:00:00,5199.21,12570.66,0.0,-7371.45
2050-11-11 20:00:00,5331.91,14526.67,0.0,-9194.76
2050-11-11 21:00:00,5311.46,14071.97,0.0,-8760.51
2050-11-11 22:00:00,5118.25,14582.17,0.0,-9463.92
2050-11-11 23:00:00,4858.61,14595.71,0.0,-9737.1
2050-11-12 00:00:00,4544.6,12927.94,0.0,-8383.34
2050-11-12 01:00:00,4418.68,10788.1,0.0,-6369.42
2050-11-12 02:00:00,4203.01,12920.73,0.0,-8717.72
2050-11-12 03:00:00,4101.59,10776.36,0.0,-6674.77
2050-11-12 04:00:00,4044.07,9811.66,0.0,-5767.59
2050-11-12 05:00:00,4055.05,8717.94,0.0,-4662.89
2050-11-12 06:00:00,4178.1,8418.86,0.0,-4240.76
2050-11-12 07:00:00,4244.48,8020.07,3423.72,-7199.31
2050-11-12 08:00:00,4090.86,8981.85,3442.93,-8333.92
2050-11-12 09:00:00,4034.43,10808.62,4089.89,-10864.08
2050-11-12 10:00:00,3827.81,9269.21,4494.91,-9936.31
2050-11-12 11:00:00,3655.13,9236.95,4604.18,-10185.99
2050-11-12 12:00:00,3550.02,9884.97,4445.52,-10780.46
2050-11-12 13:00:00,3481.03,6759.23,3962.12,-7240.32
2050-11-12 14:00:00,3504.64,7372.05,3119.02,-6986.44
2050-11-12 15:00:00,3574.9,5526.34,1790.95,-3742.4
2050-11-12 16:00:00,3798.65,5382.43,0.0,-1583.78
2050-11-12 17:00:00,4127.05,5045.0,0.0,-917.95
2050-11-12 18:00:00,4485.27,5829.03,0.0,-1343.76
2050-11-12 19:00:00,4726.75,6424.95,0.0,-1698.2
2050-11-12 20:00:00,4857.3,6407.35,0.0,-1550.05
2050-11-12 21:00:00,4855.5,5074.78,0.0,-219.28
2050-11-12 22:00:00,4684.55,4528.94,0.0,155.61
2050-11-12 23:00:00,4444.99,4117.07,0.0,327.92
2050-11-13 00:00:00,4147.06,3926.03,0.0,221.03
2050-11-13 01:00:00,4030.15,4295.7,0.0,-265.55
2050-11-13 02:00:00,3817.53,7178.53,0.0,-3361.0
2050-11-13 03:00:00,3718.67,10447.96,0.0,-6729.29
2050-11-13 04:00:00,3664.3,8588.92,0.0,-4924.62
2050-11-13 05:00:00,3673.71,8198.95,0.0,-4525.24
2050-11-13 06:00:00,3795.85,9911.37,0.0,-6115.52
2050-11-13 07:00:00,3868.99,8641.71,3472.64,-8245.36
2050-11-13 08:00:00,3730.24,9031.7,3404.9,-8706.35
2050-11-13 09:00:00,3667.33,9600.55,4069.23,-10002.45
2050-11-13 10:00:00,3513.86,8064.06,4472.4,-9022.6
2050-11-13 11:00:00,3424.39,10222.17,4597.48,-11395.26
2050-11-13 12:00:00,3462.55,9805.8,4443.88,-10787.13
2050-11-13 13:00:00,3489.01,8245.86,3962.41,-8719.26
2050-11-13 14:00:00,3557.42,9582.95,3117.13,-9142.67
2050-11-13 15:00:00,3719.97,13176.95,1805.8,-11262.79
2050-11-13 16:00:00,3916.87,15080.2,0.0,-11163.32
2050-11-13 17:00:00,4161.23,14120.69,0.0,-9959.45
2050-11-13 18:00:00,4470.74,13592.88,0.0,-9122.14
2050-11-13 19:00:00,4601.1,14231.66,0.0,-9630.56
2050-11-13 20:00:00,4615.63,13606.42,0.0,-8990.78
2050-11-13 21:00:00,4541.8,14414.36,0.0,-9872.56
2050-11-13 22:00:00,4351.39,14649.83,0.0,-10298.44
2050-11-13 23:00:00,4108.88,14188.34,0.0,-10079.47
2050-11-14 00:00:00,3822.7,14690.44,0.0,-10867.74
2050-11-14 01:00:00,3731.55,14034.07,0.0,-10302.52
2050-11-14 02:00:00,3545.99,14465.77,0.0,-10919.79
2050-11-14 03:00:00,3471.05,13314.1,0.0,-9843.05
2050-11-14 04:00:00,3436.16,12992.91,0.0,-9556.75
2050-11-14 05:00:00,3465.17,11635.97,0.0,-8170.79
2050-11-14 06:00:00,3600.84,10266.16,0.0,-6665.32
2050-11-14 07:00:00,3685.0,11084.26,3364.95,-10764.21
2050-11-14 08:00:00,3576.82,10852.61,3308.06,-10583.85
2050-11-14 09:00:00,3562.12,9409.95,3136.75,-8984.58
2050-11-14 10:00:00,3438.21,8445.25,2396.55,-7403.58
2050-11-14 11:00:00,3419.23,7562.65,3462.1,-7605.53
2050-11-14 12:00:00,3466.69,7879.33,3336.56,-7749.2
2050-11-14 13:00:00,3494.51,7718.05,2784.79,-7008.34
2050-11-14 14:00:00,3531.83,7571.45,2427.29,-6466.91
2050-11-14 15:00:00,3603.28,6134.21,1746.32,-4277.26
2050-11-14 16:00:00,3829.61,6079.63,0.0,-2250.02
2050-11-14 17:00:00,4144.45,5846.4,0.0,-1701.95
2050-11-14 18:00:00,4468.58,5804.23,0.0,-1335.65
2050-11-14 19:00:00,4603.73,6820.8,0.0,-2217.07
2050-11-14 20:00:00,4636.05,7269.44,0.0,-2633.38
2050-11-14 21:00:00,4560.65,6301.79,0.0,-1741.15
2050-11-14 22:00:00,4343.56,5786.86,0.0,-1443.3
2050-11-14 23:00:00,4071.25,4439.61,0.0,-368.36
2050-11-15 00:00:00,3747.81,4313.08,0.0,-565.27
2050-11-15 01:00:00,3612.22,3211.45,0.0,400.77
2050-11-15 02:00:00,3384.6,3203.34,0.0,181.26
2050-11-15 03:00:00,3276.99,2819.67,0.0,457.32
2050-11-15 04:00:00,3207.77,3485.5,0.0,-277.73
2050-11-15 05:00:00,3195.19,2982.08,0.0,213.12
2050-11-15 06:00:00,3292.3,2657.26,0.0,635.04
2050-11-15 07:00:00,3343.06,4724.94,235.88,-1617.77
2050-11-15 08:00:00,3341.28,3978.79,1134.64,-1772.15
2050-11-15 09:00:00,3488.65,3907.76,1335.97,-1755.08
2050-11-15 10:00:00,3492.48,6191.28,775.77,-3474.56
2050-11-15 11:00:00,3472.15,7976.09,1296.21,-5800.15
2050-11-15 12:00:00,3488.42,7635.96,775.77,-4923.31
2050-11-15 13:00:00,3488.65,9339.58,656.0,-6506.93
2050-11-15 14:00:00,3516.81,9588.81,1144.73,-7216.74
2050-11-15 15:00:00,3580.41,9656.26,459.46,-6535.31
2050-11-15 16:00:00,3815.14,10365.85,0.0,-6550.7
2050-11-15 17:00:00,4138.18,13241.02,0.0,-9102.83
2050-11-15 18:00:00,4466.4,15118.99,0.0,-10652.59
2050-11-15 19:00:00,4614.12,15225.0,0.0,-10610.88
2050-11-15 20:00:00,4652.79,15225.0,0.0,-10572.21
2050-11-15 21:00:00,4569.63,15225.0,0.0,-10655.37
2050-11-15 22:00:00,4333.68,15225.0,0.0,-10891.32
2050-11-15 23:00:00,4042.23,15225.0,0.0,-11182.77
2050-11-16 00:00:00,3724.2,15225.0,0.0,-11500.8
2050-11-16 01:00:00,3601.52,15225.0,0.0,-11623.48
2050-11-16 02:00:00,3393.32,15225.0,0.0,-11831.68
2050-11-16 03:00:00,3294.53,15225.0,0.0,-11930.47
2050-11-16 04:00:00,3224.14,15225.0,0.0,-12000.86
2050-11-16 05:00:00,3213.34,15125.31,0.0,-11911.96
2050-11-16 06:00:00,3311.59,15119.89,0.0,-11808.29
2050-11-16 07:00:00,3362.88,13571.23,82.54,-10290.88
2050-11-16 08:00:00,3422.38,15082.45,180.89,-11840.95
2050-11-16 09:00:00,3559.14,14066.54,430.99,-10938.4
2050-11-16 10:00:00,3464.75,12650.06,1344.4,-10529.7
2050-11-16 11:00:00,3432.12,12617.58,1205.05,-10390.52
2050-11-16 12:00:00,3465.67,11791.14,1046.53,-9371.99
2050-11-16 13:00:00,3487.64,11535.82,624.56,-8672.73
2050-11-16 14:00:00,3519.32,9896.71,865.28,-7242.67
2050-11-16 15:00:00,3578.97,9354.24,251.44,-6026.72
2050-11-16 16:00:00,3810.86,11870.54,0.0,-8059.68
2050-11-16 17:00:00,4135.72,11906.62,0.0,-7770.9
2050-11-16 18:00:00,4465.61,12996.52,0.0,-8530.91
2050-11-16 19:00:00,4606.79,12534.58,0.0,-7927.79
2050-11-16 20:00:00,4627.72,12253.08,0.0,-7625.36
2050-11-16 21:00:00,4517.76,13638.89,0.0,-9121.13
2050-11-16 22:00:00,4238.61,12790.81,0.0,-8552.2
2050-11-16 23:00:00,3897.69,13254.55,0.0,-9356.86
2050-11-17 00:00:00,3509.24,13119.22,0.0,-9609.98
2050-11-17 01:00:00,3314.8,13825.66,0.0,-10510.85
2050-11-17 02:00:00,3036.16,13831.06,0.0,-10794.9
2050-11-17 03:00:00,2878.97,13427.78,0.0,-10548.81
2050-11-17 04:00:00,2771.54,13879.78,0.0,-11108.24
2050-11-17 05:00:00,2738.04,12722.24,0.0,-9984.2
2050-11-17 06:00:00,2826.21,12206.17,0.0,-9379.96
2050-11-17 07:00:00,2930.44,13709.26,3410.31,-14189.13
2050-11-17 08:00:00,3115.02,12733.06,3080.2,-12698.25
2050-11-17 09:00:00,3350.76,11345.21,3810.85,-11805.3
2050-11-17 10:00:00,3474.41,11163.43,1264.15,-8953.16
2050-11-17 11:00:00,3564.3,10307.22,1622.2,-8365.11
2050-11-17 12:00:00,3544.84,10186.99,4220.98,-10863.12
2050-11-17 13:00:00,3566.99,11257.26,729.05,-8419.32
2050-11-17 14:00:00,3615.23,11664.83,2876.36,-10925.96
2050-11-17 15:00:00,3659.1,12462.39,1574.46,-10377.76
2050-11-17 16:00:00,3834.37,12776.36,0.0,-8941.99
2050-11-17 17:00:00,4136.32,13335.74,0.0,-9199.42
2050-11-17 18:00:00,4471.13,13760.69,0.0,-9289.56
2050-11-17 19:00:00,4676.36,13652.42,0.0,-8976.07
2050-11-17 20:00:00,4802.41,13465.66,0.0,-8663.25
2050-11-17 21:00:00,4805.87,13617.24,0.0,-8811.37
2050-11-17 22:00:00,4645.43,13227.48,0.0,-8582.05
2050-11-17 23:00:00,4416.82,12917.12,0.0,-8500.3
2050-11-18 00:00:00,4131.96,11939.11,0.0,-7807.15
2050-11-18 01:00:00,4029.26,13108.39,0.0,-9079.13
2050-11-18 02:00:00,3830.65,11013.87,0.0,-7183.22
2050-11-18 03:00:00,3742.12,11201.53,0.0,-7459.42
2050-11-18 04:00:00,3699.61,9908.43,0.0,-6208.82
2050-11-18 05:00:00,3726.0,8295.71,0.0,-4569.7
2050-11-18 06:00:00,3872.18,7586.12,0.0,-3713.93
2050-11-18 07:00:00,3970.57,8929.07,4071.84,-9030.34
2050-11-18 08:00:00,3889.34,9163.64,1839.85,-7114.14
2050-11-18 09:00:00,3890.21,9843.92,2476.57,-8430.29
2050-11-18 10:00:00,3747.05,10116.62,2664.31,-9033.88
2050-11-18 11:00:00,3637.92,9785.27,3410.35,-9557.71
2050-11-18 12:00:00,3569.85,8363.15,2866.16,-7659.46
2050-11-18 13:00:00,3503.73,8553.74,2902.45,-7952.46
2050-11-18 14:00:00,3506.73,8817.65,1734.01,-7044.93
2050-11-18 15:00:00,3563.39,10330.66,77.05,-6844.33
2050-11-18 16:00:00,3803.58,10846.75,0.0,-7043.17
2050-11-18 17:00:00,4169.05,11189.81,0.0,-7020.76
2050-11-18 18:00:00,4613.38,10166.46,0.0,-5553.08
2050-11-18 19:00:00,4879.56,10802.76,0.0,-5923.2
2050-11-18 20:00:00,4991.35,11192.75,0.0,-6201.4
2050-11-18 21:00:00,4970.63,10726.51,0.0,-5755.89
2050-11-18 22:00:00,4798.43,10943.5,0.0,-6145.07
2050-11-18 23:00:00,4549.75,9456.87,0.0,-4907.12
2050-11-19 00:00:00,4280.67,10125.42,0.0,-5844.75
2050-11-19 01:00:00,4198.0,10354.13,0.0,-6156.13
2050-11-19 02:00:00,4032.36,7870.53,0.0,-3838.17
2050-11-19 03:00:00,3977.5,7404.31,0.0,-3426.82
2050-11-19 04:00:00,3954.36,8020.07,0.0,-4065.71
2050-11-19 05:00:00,3989.0,7486.42,0.0,-3497.42
2050-11-19 06:00:00,4147.75,6278.12,0.0,-2130.37
2050-11-19 07:00:00,4258.5,6151.57,4388.1,-6281.18
2050-11-19 08:00:00,4195.88,9178.3,3293.03,-8275.45
2050-11-19 09:00:00,4252.87,10104.89,2265.8,-8117.83
2050-11-19 10:00:00,4156.62,10568.17,2386.56,-8798.11
2050-11-19 11:00:00,4080.47,10145.94,1807.98,-7873.45
2050-11-19 12:00:00,4028.03,10313.08,1872.63,-8157.68
2050-11-19 13:00:00,3909.28,9855.64,1155.98,-7102.35
2050-11-19 14:00:00,3821.54,10090.23,926.52,-7195.21
2050-11-19 15:00:00,3819.91,10688.41,1653.13,-8521.63
2050-11-19 16:00:00,4129.29,11327.63,0.0,-7198.34
2050-11-19 17:00:00,4660.75,10228.05,0.0,-5567.3
2050-11-19 18:00:00,5262.67,10099.03,0.0,-4836.36
2050-11-19 19:00:00,5592.3,11427.32,0.0,-5835.02
2050-11-19 20:00:00,5716.04,11500.63,0.0,-5784.59
2050-11-19 21:00:00,5689.47,12964.03,0.0,-7274.56
2050-11-19 22:00:00,5493.63,15225.0,0.0,-9731.37
2050-11-19 23:00:00,5223.4,13703.86,0.0,-8480.46
2050-11-20 00:00:00,4897.85,15139.28,0.0,-10241.43
2050-11-20 01:00:00,4756.41,15083.35,0.0,-10326.94
2050-11-20 02:00:00,4525.81,14377.82,0.0,-9852.01
2050-11-20 03:00:00,4400.9,13525.22,0.0,-9124.32
2050-11-20 04:00:00,4310.72,13647.02,0.0,-9336.3
2050-11-20 05:00:00,4269.45,14442.77,0.0,-10173.32
2050-11-20 06:00:00,4331.81,14831.17,0.0,-10499.36
2050-11-20 07:00:00,4320.94,15225.0,331.38,-11235.45
2050-11-20 08:00:00,4240.04,15179.89,831.64,-11771.49
2050-11-20 09:00:00,4302.37,14916.43,1962.65,-12576.72
2050-11-20 10:00:00,4189.08,14888.03,2223.92,-12922.86
2050-11-20 11:00:00,4069.95,13205.83,2554.84,-11690.72
2050-11-20 12:00:00,3982.46,12202.55,3083.25,-11303.33
2050-11-20 13:00:00,3866.77,13093.96,2205.05,-11432.24
2050-11-20 14:00:00,3781.41,13097.57,1299.44,-10615.6
2050-11-20 15:00:00,3793.25,14131.51,673.79,-11012.06
2050-11-20 16:00:00,4067.94,13365.53,0.0,-9297.58
2050-11-20 17:00:00,4485.77,13259.95,0.0,-8774.18
2050-11-20 18:00:00,4995.37,14441.41,0.0,-9446.04
2050-11-20 19:00:00,5269.55,14613.29,0.0,-9343.74
2050-11-20 20:00:00,5376.99,14950.28,0.0,-9573.29
2050-11-20 21:00:00,5364.66,15114.48,0.0,-9749.82
2050-11-20 22:00:00,5186.59,14901.56,0.0,-9714.97
2050-11-20 23:00:00,4942.13,14153.16,0.0,-9211.03
2050-11-21 00:00:00,4632.67,13468.37,0.0,-8835.7
2050-11-21 01:00:00,4515.11,12899.08,0.0,-8383.97
2050-11-21 02:00:00,4341.42,12920.73,0.0,-8579.31
2050-11-21 03:00:00,4274.54,12686.14,0.0,-8411.6
2050-11-21 04:00:00,4257.65,10500.74,0.0,-6243.09
2050-11-21 05:00:00,4314.51,9357.18,0.0,-5042.67
2050-11-21 06:00:00,4482.04,8357.29,0.0,-3875.25
2050-11-21 07:00:00,4588.5,9190.04,5139.83,-9741.36
2050-11-21 08:00:00,4517.77,9829.26,728.63,-6040.12
2050-11-21 09:00:00,4543.76,9908.43,3910.96,-9275.64
2050-11-21 10:00:00,4415.86,10043.31,4319.83,-9947.27
2050-11-21 11:00:00,4279.7,9468.59,4446.21,-9635.1
2050-11-21 12:00:00,4174.36,10069.71,4272.47,-10167.82
2050-11-21 13:00:00,4001.03,9324.92,3795.92,-9119.81
2050-11-21 14:00:00,3854.4,9275.07,2926.89,-8347.56
2050-11-21 15:00:00,3813.64,9920.15,1571.39,-7677.9
2050-11-21 16:00:00,4100.72,10043.31,0.0,-5942.59
2050-11-21 17:00:00,4597.06,13435.9,0.0,-8838.83
2050-11-21 18:00:00,5191.01,14846.06,0.0,-9655.05
2050-11-21 19:00:00,5515.86,15225.0,0.0,-9709.14
2050-11-21 20:00:00,5618.0,15225.0,0.0,-9607.0
2050-11-21 21:00:00,5535.33,15225.0,0.0,-9689.67
2050-11-21 22:00:00,5269.41,15225.0,0.0,-9955.59
2050-11-21 23:00:00,4908.98,15225.0,0.0,-10316.02
2050-11-22 00:00:00,4489.89,15225.0,0.0,-10735.11
2050-11-22 01:00:00,4257.88,15225.0,0.0,-10967.12
2050-11-22 02:00:00,3934.49,15225.0,0.0,-11290.51
2050-11-22 03:00:00,3735.12,15225.0,0.0,-11489.88
2050-11-22 04:00:00,3581.78,15225.0,0.0,-11643.22
2050-11-22 05:00:00,3509.48,15225.0,0.0,-11715.52
2050-11-22 06:00:00,3566.18,15225.0,0.0,-11658.82
2050-11-22 07:00:00,3584.86,14331.79,60.58,-10807.52
2050-11-22 08:00:00,3575.9,12852.15,175.44,-9451.69
2050-11-22 09:00:00,3586.67,9577.09,635.05,-6625.47
2050-11-22 10:00:00,3457.78,10093.15,1276.39,-7911.76
2050-11-22 11:00:00,3427.9,8078.72,1967.64,-6618.46
2050-11-22 12:00:00,3463.38,7955.56,1918.68,-6410.86
2050-11-22 13:00:00,3490.93,8395.4,3493.55,-8398.03
2050-11-22 14:00:00,3559.44,10383.45,2644.93,-9468.94
2050-11-22 15:00:00,3688.88,12235.04,1344.2,-9890.36
2050-11-22 16:00:00,3921.74,13195.01,0.0,-9273.26
2050-11-22 17:00:00,4173.78,13931.21,0.0,-9757.43
2050-11-22 18:00:00,4473.66,14948.93,0.0,-10475.26
2050-11-22 19:00:00,4602.2,15181.24,0.0,-10579.05
2050-11-22 20:00:00,4609.5,14836.6,0.0,-10227.09
2050-11-22 21:00:00,4488.38,14602.46,0.0,-10114.09
2050-11-22 22:00:00,4214.22,14441.41,0.0,-10227.2
2050-11-22 23:00:00,3890.55,14965.15,0.0,-11074.61
2050-11-23 00:00:00,3535.11,14973.29,0.0,-11438.18
2050-11-23 01:00:00,3386.12,14913.74,0.0,-11527.62
2050-11-23 02:00:00,3163.19,15053.12,0.0,-11889.94
2050-11-23 03:00:00,3067.97,13839.19,0.0,-10771.22
2050-11-23 04:00:00,3027.48,12816.07,0.0,-9788.59
2050-11-23 05:00:00,3058.58,11169.29,0.0,-8110.71
2050-11-23 06:00:00,3214.02,10442.1,0.0,-7228.08
2050-11-23 07:00:00,3322.95,9002.38,5829.88,-11509.3
2050-11-23 08:00:00,3311.46,9301.45,3003.4,-8993.4
2050-11-23 09:00:00,3377.73,9365.96,2858.02,-8846.26
2050-11-23 10:00:00,3377.13,9448.07,3040.77,-9111.71
2050-11-23 11:00:00,3425.31,8237.06,2328.84,-7140.59
2050-11-23 12:00:00,3479.51,7879.33,878.6,-5278.42
2050-11-23 13:00:00,3508.59,6976.2,765.47,-4233.08
2050-11-23 14:00:00,3545.17,7201.99,888.45,-4545.27
2050-11-23 15:00:00,3607.21,7873.47,289.27,-4555.54
2050-11-23 16:00:00,3842.73,6248.34,0.0,-2405.61
2050-11-23 17:00:00,4148.46,5734.76,0.0,-1586.29
2050-11-23 18:00:00,4471.77,5992.79,0.0,-1521.02
2050-11-23 19:00:00,4602.52,5754.59,0.0,-1152.08
2050-11-23 20:00:00,4612.33,6888.25,0.0,-2275.91
2050-11-23 21:00:00,4505.02,5593.33,0.0,-1088.31
2050-11-23 22:00:00,4270.12,4930.88,0.0,-660.76
2050-11-23 23:00:00,4062.82,5888.57,0.0,-1825.76
2050-11-24 00:00:00,3853.09,5623.09,0.0,-1770.01
2050-11-24 01:00:00,3844.98,4960.64,0.0,-1115.66
2050-11-24 02:00:00,3758.45,5089.66,0.0,-1331.21
2050-11-24 03:00:00,3764.45,5322.89,0.0,-1558.44
2050-11-24 04:00:00,3805.65,6539.3,0.0,-2733.65
2050-11-24 05:00:00,3904.58,5781.89,0.0,-1877.31
2050-11-24 06:00:00,4101.86,4164.2,0.0,-62.34
2050-11-24 07:00:00,4233.48,3944.3,267.67,21.51
2050-11-24 08:00:00,4203.38,2139.97,983.87,1079.55
2050-11-24 09:00:00,4246.45,1963.74,3943.69,-1660.98
2050-11-24 10:00:00,4166.51,3414.47,4391.49,-3639.44
2050-11-24 11:00:00,4110.35,3787.98,4537.41,-4215.04
2050-11-24 12:00:00,4082.97,3625.57,4414.48,-3957.08
2050-11-24 13:00:00,3977.62,3371.84,3944.47,-3338.69
2050-11-24 14:00:00,3892.08,2971.92,3067.9,-2147.75
2050-11-24 15:00:00,3896.43,3932.12,455.45,-491.14
2050-11-24 16:00:00,4237.64,4970.57,0.0,-732.92
2050-11-24 17:00:00,4770.72,6659.52,0.0,-1888.8
2050-11-24 18:00:00,5367.46,6268.19,0.0,-900.73
2050-11-24 19:00:00,5687.66,7319.28,0.0,-1631.62
2050-11-24 20:00:00,5815.84,7078.83,0.0,-1262.99
2050-11-24 21:00:00,5789.71,8791.25,0.0,-3001.54
2050-11-24 22:00:00,5591.69,7659.41,0.0,-2067.72
2050-11-24 23:00:00,5319.09,8371.94,0.0,-3052.85
2050-11-25 00:00:00,4998.47,7360.33,0.0,-2361.86
2050-11-25 01:00:00,4878.67,9893.77,0.0,-5015.1
2050-11-25 02:00:00,4682.37,9099.13,0.0,-4416.76
2050-11-25 03:00:00,4587.02,9829.26,0.0,-5242.24
2050-11-25 04:00:00,4534.51,8685.7,0.0,-4151.19
2050-11-25 05:00:00,4540.78,7753.24,0.0,-3212.46
2050-11-25 06:00:00,4662.09,5729.79,0.0,-1067.7
2050-11-25 07:00:00,4720.43,5062.37,208.07,-550.01
2050-11-25 08:00:00,4700.54,5675.21,498.09,-1472.76
2050-11-25 09:00:00,4780.21,4248.57,817.17,-285.53
2050-11-25 10:00:00,4689.17,3901.67,1016.52,-229.01
2050-11-25 11:00:00,4584.95,3455.05,1788.39,-658.5
2050-11-25 12:00:00,4490.7,2576.07,873.77,1040.86
2050-11-25 13:00:00,4343.0,2466.45,852.81,1023.74
2050-11-25 14:00:00,4237.09,2563.89,393.88,1279.32
2050-11-25 15:00:00,4225.95,2902.91,397.0,926.04
2050-11-25 16:00:00,4490.26,2006.03,0.0,2484.23
2050-11-25 17:00:00,4863.47,2018.73,0.0,2844.74
2050-11-25 18:00:00,5365.47,1980.67,0.0,3384.81
2050-11-25 19:00:00,5599.67,2691.78,0.0,2907.89
2050-11-25 20:00:00,5657.84,2953.65,0.0,2704.19
2050-11-25 21:00:00,5565.88,2223.14,0.0,3342.74
2050-11-25 22:00:00,5312.07,2669.44,0.0,2642.62
2050-11-25 23:00:00,4978.96,3625.57,0.0,1353.38
2050-11-26 00:00:00,4568.93,4464.43,0.0,104.5
2050-11-26 01:00:00,4332.0,5662.8,0.0,-1330.8
2050-11-26 02:00:00,4012.95,5650.39,0.0,-1637.44
2050-11-26 03:00:00,3791.15,4610.8,0.0,-819.65
2050-11-26 04:00:00,3610.28,4298.18,0.0,-687.9
2050-11-26 05:00:00,3508.5,5950.6,0.0,-2442.1
2050-11-26 06:00:00,3565.52,6735.77,0.0,-3170.25
2050-11-26 07:00:00,3566.29,7213.71,22.06,-3669.48
2050-11-26 08:00:00,3511.92,8882.16,33.08,-5403.31
2050-11-26 09:00:00,3666.09,9582.95,763.99,-6680.86
2050-11-26 10:00:00,3697.02,11245.52,524.42,-8072.92
2050-11-26 11:00:00,3703.73,9527.24,540.29,-6363.8
2050-11-26 12:00:00,3656.56,10055.05,359.22,-6757.7
2050-11-26 13:00:00,3566.54,10532.99,294.67,-7261.12
2050-11-26 14:00:00,3558.25,11409.72,782.9,-8634.37
2050-11-26 15:00:00,3649.48,13890.62,370.21,-10611.36
2050-11-26 16:00:00,4020.74,14453.59,0.0,-10432.85
2050-11-26 17:00:00,4543.23,15104.56,0.0,-10561.32
2050-11-26 18:00:00,5161.4,14394.05,0.0,-9232.65
2050-11-26 19:00:00,5540.18,13850.02,0.0,-8309.84
2050-11-26 20:00:00,5706.07,15056.29,0.0,-9350.22
2050-11-26 21:00:00,5721.75,15181.7,0.0,-9459.95
2050-11-26 22:00:00,5559.82,15225.0,0.0,-9665.18
2050-11-26 23:00:00,5335.33,15225.0,0.0,-9889.67
2050-11-27 00:00:00,5060.95,14031.36,0.0,-8970.41
2050-11-27 01:00:00,4975.21,14047.61,0.0,-9072.39
2050-11-27 02:00:00,4796.29,14518.56,0.0,-9722.27
2050-11-27 03:00:00,4733.53,13790.47,0.0,-9056.94
2050-11-27 04:00:00,4714.78,13259.95,0.0,-8545.17
2050-11-27 05:00:00,4758.82,12390.21,0.0,-7631.39
2050-11-27 06:00:00,4920.74,10462.62,0.0,-5541.88
2050-11-27 07:00:00,5017.9,10814.48,0.0,-5796.58
2050-11-27 08:00:00,4972.84,11216.2,3235.24,-9478.6
2050-11-27 09:00:00,4979.45,13416.94,3857.19,-12294.68
2050-11-27 10:00:00,4834.86,10615.1,4280.13,-10060.37
2050-11-27 11:00:00,4696.41,12047.38,4423.94,-11774.9
2050-11-27 12:00:00,4577.77,13568.52,1831.02,-10821.76
2050-11-27 13:00:00,4405.9,13435.9,902.44,-9932.44
2050-11-27 14:00:00,4253.27,12545.4,2902.09,-11194.22
2050-11-27 15:00:00,4209.3,11386.28,548.22,-7725.2
2050-11-27 16:00:00,4539.06,13725.5,0.0,-9186.44
2050-11-27 17:00:00,5039.97,14974.64,0.0,-9934.67
2050-11-27 18:00:00,5613.78,15065.3,0.0,-9451.52
2050-11-27 19:00:00,5916.9,15123.05,0.0,-9206.16
2050-11-27 20:00:00,6025.23,14994.94,0.0,-8969.7
2050-11-27 21:00:00,5986.05,15225.0,0.0,-9238.95
2050-11-27 22:00:00,5775.63,15111.31,0.0,-9335.69
2050-11-27 23:00:00,5497.21,15037.34,0.0,-9540.13
2050-11-28 00:00:00,5160.29,14986.82,0.0,-9826.53
2050-11-28 01:00:00,4998.44,14518.56,0.0,-9520.12
2050-11-28 02:00:00,4738.39,14980.04,0.0,-10241.66
2050-11-28 03:00:00,4604.16,13641.6,0.0,-9037.44
2050-11-28 04:00:00,4520.61,12195.33,0.0,-7674.72
2050-11-28 05:00:00,4499.34,10917.12,0.0,-6417.77
2050-11-28 06:00:00,4615.8,11403.86,0.0,-6788.06
2050-11-28 07:00:00,4679.18,10852.61,0.0,-6173.43
2050-11-28 08:00:00,4612.54,10228.05,3342.18,-8957.69
2050-11-28 09:00:00,4578.52,10752.92,3943.92,-10118.32
2050-11-28 10:00:00,4408.97,10002.26,4357.49,-9950.78
2050-11-28 11:00:00,4250.82,10107.82,4460.14,-10317.13
2050-11-28 12:00:00,4130.26,10280.82,4311.76,-10462.31
2050-11-28 13:00:00,3954.54,10128.34,3834.71,-10008.51
2050-11-28 14:00:00,3813.05,10289.62,2935.72,-9412.29
2050-11-28 15:00:00,3777.53,11639.57,1560.56,-9422.6
2050-11-28 16:00:00,4071.36,14196.46,0.0,-10125.1
2050-11-28 17:00:00,4543.58,14228.95,0.0,-9685.37
2050-11-28 18:00:00,5117.82,15031.02,0.0,-9913.2
2050-11-28 19:00:00,5430.26,14736.44,0.0,-9306.19
2050-11-28 20:00:00,5551.36,14261.42,0.0,-8710.06
2050-11-28 21:00:00,5520.09,14748.62,0.0,-9228.54
2050-11-28 22:00:00,5323.32,14414.36,0.0,-9091.04
2050-11-28 23:00:00,5065.77,13850.02,0.0,-8784.25
2050-11-29 00:00:00,4763.68,13766.11,0.0,-9002.43
2050-11-29 01:00:00,4633.85,12455.18,0.0,-7821.33
2050-11-29 02:00:00,4408.32,12191.72,0.0,-7783.4
2050-11-29 03:00:00,4292.41,11459.57,0.0,-7167.16
2050-11-29 04:00:00,4223.31,9858.58,0.0,-5635.27
2050-11-29 05:00:00,4218.85,10465.56,0.0,-6246.71
2050-11-29 06:00:00,4337.95,10172.32,0.0,-5834.37
2050-11-29 07:00:00,4397.82,10143.0,213.5,-5958.68
2050-11-29 08:00:00,4330.14,9782.35,3161.8,-8614.02
2050-11-29 09:00:00,4269.35,9987.6,3796.86,-9515.11
2050-11-29 10:00:00,4058.57,9131.39,4236.13,-9308.95
2050-11-29 11:00:00,3881.38,7336.87,4376.28,-7831.77
2050-11-29 12:00:00,3759.88,7213.71,4217.07,-7670.89
2050-11-29 13:00:00,3656.24,8322.09,3741.5,-8407.35
2050-11-29 14:00:00,3639.78,7427.78,2867.68,-6655.68
2050-11-29 15:00:00,3705.7,8720.88,1483.07,-6498.25
2050-11-29 16:00:00,3996.12,9365.96,0.0,-5369.84
2050-11-29 17:00:00,4397.35,9626.93,0.0,-5229.58
2050-11-29 18:00:00,4918.79,9283.87,0.0,-4365.08
2050-11-29 19:00:00,5179.93,9820.46,0.0,-4640.53
2050-11-29 20:00:00,5237.38,9424.61,0.0,-4187.23
2050-11-29 21:00:00,5148.08,11025.61,0.0,-5877.53
2050-11-29 22:00:00,4902.77,10656.14,0.0,-5753.38
2050-11-29 23:00:00,4609.37,9902.57,0.0,-5293.2
2050-11-30 00:00:00,4284.16,8149.09,0.0,-3864.93
2050-11-30 01:00:00,4117.83,6703.51,0.0,-2585.68
2050-11-30 02:00:00,3900.19,5806.71,0.0,-1906.52
2050-11-30 03:00:00,3787.63,5625.58,0.0,-1837.95
2050-11-30 04:00:00,3706.64,4794.41,0.0,-1087.77
2050-11-30 05:00:00,3665.4,4521.49,0.0,-856.09
2050-11-30 06:00:00,3753.03,4404.88,0.0,-651.85
2050-11-30 07:00:00,3769.81,4752.22,164.55,-1146.97
2050-11-30 08:00:00,3775.72,5709.94,438.34,-2372.55
2050-11-30 09:00:00,3906.89,6079.63,1162.66,-3335.41
2050-11-30 10:00:00,3805.78,6233.45,966.28,-3393.94
2050-11-30 11:00:00,3701.16,7266.5,1040.47,-4605.81
2050-11-30 12:00:00,3616.52,9999.32,1098.93,-7481.73
2050-11-30 13:00:00,3540.02,9368.9,403.79,-6232.68
2050-11-30 14:00:00,3519.65,10280.82,388.85,-7150.03
2050-11-30 15:00:00,3571.82,11474.23,191.77,-8094.18
2050-11-30 16:00:00,3825.92,10656.14,0.0,-6830.23
2050-11-30 17:00:00,4145.09,11101.84,0.0,-6956.75
2050-11-30 18:00:00,4525.01,10920.04,0.0,-6395.03
2050-11-30 19:00:00,4629.68,12881.02,0.0,-8251.34
2050-11-30 20:00:00,4647.55,14911.03,0.0,-10263.48
2050-11-30 21:00:00,4528.73,14399.47,0.0,-9870.74
2050-11-30 22:00:00,4249.06,13695.74,0.0,-9446.68
2050-11-30 23:00:00,3911.78,12657.27,0.0,-8745.5
2050-12-01 00:00:00,3484.02,14448.19,0.0,-10964.17
2050-12-01 01:00:00,3298.16,11485.97,0.0,-8187.8
2050-12-01 02:00:00,3028.86,13606.42,0.0,-10577.55
2050-12-01 03:00:00,2873.67,11345.21,0.0,-8471.54
2050-12-01 04:00:00,2771.26,13419.65,0.0,-10648.39
2050-12-01 05:00:00,2737.68,14561.86,0.0,-11824.18
2050-12-01 06:00:00,2833.42,13166.12,0.0,-10332.7
2050-12-01 07:00:00,2912.92,11737.01,0.0,-8824.09
2050-12-01 08:00:00,3066.87,13054.25,3192.69,-13180.08
2050-12-01 09:00:00,3285.09,10477.28,3846.09,-11038.28
2050-12-01 10:00:00,3347.9,10576.97,4293.16,-11522.23
2050-12-01 11:00:00,3393.82,10612.16,4428.03,-11646.37
2050-12-01 12:00:00,3439.85,8679.83,4278.34,-9518.32
2050-12-01 13:00:00,3458.1,9876.17,1036.85,-7454.91
2050-12-01 14:00:00,3485.56,10535.93,737.94,-7788.3
2050-12-01 15:00:00,3543.43,9580.03,86.78,-6123.38
2050-12-01 16:00:00,3794.76,11895.79,0.0,-8101.04
2050-12-01 17:00:00,4099.89,13000.13,0.0,-8900.23
2050-12-01 18:00:00,4411.52,13093.96,0.0,-8682.43
2050-12-01 19:00:00,4578.84,14743.22,0.0,-10164.38
2050-12-01 20:00:00,4764.83,13536.05,0.0,-8771.22
2050-12-01 21:00:00,4850.68,12801.64,0.0,-7950.95
2050-12-01 22:00:00,4780.73,11392.14,0.0,-6611.41
2050-12-01 23:00:00,4644.71,10835.01,0.0,-6190.3
2050-12-02 00:00:00,4450.36,10688.41,0.0,-6238.04
2050-12-02 01:00:00,4441.67,9928.95,0.0,-5487.28
2050-12-02 02:00:00,4325.77,10184.06,0.0,-5858.3
2050-12-02 03:00:00,4308.6,11066.66,0.0,-6758.06
2050-12-02 04:00:00,4321.74,12249.47,0.0,-7927.73
2050-12-02 05:00:00,4385.73,11550.48,0.0,-7164.75
2050-12-02 06:00:00,4561.94,9685.58,0.0,-5123.64
2050-12-02 07:00:00,4673.63,9500.86,184.43,-5011.66
2050-12-02 08:00:00,4660.61,8075.8,3114.15,-6529.34
2050-12-02 09:00:00,4675.63,9955.34,3779.7,-9059.41
2050-12-02 10:00:00,4531.87,10802.76,4247.87,-10518.76
2050-12-02 11:00:00,4393.46,10013.98,4403.68,-10024.2
2050-12-02 12:00:00,4282.82,8849.9,4252.08,-8819.15
2050-12-02 13:00:00,4111.66,7310.48,783.38,-3982.2
2050-12-02 14:00:00,3972.52,9172.44,620.02,-5819.93
2050-12-02 15:00:00,3930.84,10738.25,451.35,-7258.76
2050-12-02 16:00:00,4255.74,12332.48,0.0,-8076.74
2050-12-02 17:00:00,4753.98,12303.61,0.0,-7549.63
2050-12-02 18:00:00,5340.52,14090.9,0.0,-8750.38
2050-12-02 19:00:00,5663.44,14598.4,0.0,-8934.95
2050-12-02 20:00:00,5780.21,14935.39,0.0,-9155.18
2050-12-02 21:00:00,5740.25,15146.5,0.0,-9406.25
2050-12-02 22:00:00,5533.64,14438.72,0.0,-8905.08
2050-12-02 23:00:00,5259.17,12512.93,0.0,-7253.75
2050-12-03 00:00:00,4933.35,10793.96,0.0,-5860.61
2050-12-03 01:00:00,4794.74,12700.59,0.0,-7905.84
2050-12-03 02:00:00,4562.08,12945.98,0.0,-8383.9
2050-12-03 03:00:00,4443.04,12610.37,0.0,-8167.33
2050-12-03 04:00:00,4360.4,14131.51,0.0,-9771.11
2050-12-03 05:00:00,4348.2,15119.89,0.0,-10771.69
2050-12-03 06:00:00,4463.2,14785.16,0.0,-10321.97
2050-12-03 07:00:00,4526.17,15215.97,0.0,-10689.8
2050-12-03 08:00:00,4520.32,15202.45,3248.19,-13930.33
2050-12-03 09:00:00,4590.25,15225.0,3873.44,-14508.19
2050-12-03 10:00:00,4482.06,15225.0,4314.23,-15057.17
2050-12-03 11:00:00,4366.97,15225.0,4442.92,-15300.94
2050-12-03 12:00:00,4270.15,15225.0,4290.71,-15245.56
2050-12-03 13:00:00,4117.76,15225.0,1504.43,-12611.66
2050-12-03 14:00:00,3994.8,15225.0,1783.72,-13013.91
2050-12-03 15:00:00,3965.85,15225.0,1529.46,-12788.61
2050-12-03 16:00:00,4286.75,15174.92,0.0,-10888.17
2050-12-03 17:00:00,4768.54,15225.0,0.0,-10456.46
2050-12-03 18:00:00,5339.29,15009.83,0.0,-9670.53
2050-12-03 19:00:00,5652.32,14829.82,0.0,-9177.5
2050-12-03 20:00:00,5771.52,14258.71,0.0,-8487.2
2050-12-03 21:00:00,5737.27,14269.54,0.0,-8532.27
2050-12-03 22:00:00,5541.21,12859.37,0.0,-7318.16
2050-12-03 23:00:00,5286.93,13406.11,0.0,-8119.18
2050-12-04 00:00:00,4983.17,11506.49,0.0,-6523.32
2050-12-04 01:00:00,4862.19,8934.93,0.0,-4072.73
2050-12-04 02:00:00,4660.64,8201.87,0.0,-3541.24
2050-12-04 03:00:00,4573.34,10011.06,0.0,-5437.72
2050-12-04 04:00:00,4527.3,9451.01,0.0,-4923.71
2050-12-04 05:00:00,4547.46,8767.79,0.0,-4220.33
2050-12-04 06:00:00,4691.48,7465.88,0.0,-2774.4
2050-12-04 07:00:00,4776.07,7495.21,178.71,-2897.84
2050-12-04 08:00:00,4735.89,5523.86,3328.01,-4115.98
2050-12-04 09:00:00,4726.56,4856.44,3942.79,-4072.67
2050-12-04 10:00:00,4572.74,5074.78,3498.18,-4000.22
2050-12-04 11:00:00,4435.46,4127.0,4529.92,-4221.45
2050-12-04 12:00:00,4341.69,3651.98,4378.65,-3688.93
2050-12-04 13:00:00,4191.56,3682.43,3906.4,-3397.27
2050-12-04 14:00:00,4067.7,2316.22,2432.7,-681.23
2050-12-04 15:00:00,4045.09,2695.85,566.5,782.75
2050-12-04 16:00:00,4398.99,3223.63,0.0,1175.36
2050-12-04 17:00:00,4900.33,3252.06,0.0,1648.27
2050-12-04 18:00:00,5484.99,3609.35,0.0,1875.65
2050-12-04 19:00:00,5805.28,3550.47,0.0,2254.8
2050-12-04 20:00:00,5934.17,5928.28,0.0,5.89
2050-12-04 21:00:00,5914.17,5092.14,0.0,822.03
2050-12-04 22:00:00,5727.38,4499.15,0.0,1228.23
2050-12-04 23:00:00,5471.69,3312.96,0.0,2158.73
2050-12-05 00:00:00,5164.43,4645.54,0.0,518.89
2050-12-05 01:00:00,5032.14,5335.3,0.0,-303.15
2050-12-05 02:00:00,4808.06,4809.29,0.0,-1.22
2050-12-05 03:00:00,4701.35,7284.1,0.0,-2582.75
2050-12-05 04:00:00,4632.04,7380.85,0.0,-2748.81
2050-12-05 05:00:00,4632.69,8190.15,0.0,-3557.47
2050-12-05 06:00:00,4759.96,9448.07,0.0,-4688.11
2050-12-05 07:00:00,4832.97,8697.42,104.07,-3968.52
2050-12-05 08:00:00,4809.11,8108.04,411.24,-3710.18
2050-12-05 09:00:00,4843.24,9424.61,349.28,-4930.65
2050-12-05 10:00:00,4747.71,9110.87,821.96,-5185.11
2050-12-05 11:00:00,4660.31,8395.4,1761.47,-5496.56
2050-12-05 12:00:00,4591.45,7841.21,4133.9,-7383.66
2050-12-05 13:00:00,4505.43,8770.73,3708.61,-7973.91
2050-12-05 14:00:00,4462.84,8172.55,2848.31,-6558.02
2050-12-05 15:00:00,4484.24,8785.39,1448.46,-5749.6
2050-12-05 16:00:00,4797.96,8304.51,0.0,-3506.54
2050-12-05 17:00:00,5262.71,7858.81,0.0,-2596.1
2050-12-05 18:00:00,5820.28,8635.85,0.0,-2815.57
2050-12-05 19:00:00,6137.34,9368.9,0.0,-3231.56
2050-12-05 20:00:00,6256.98,7331.0,0.0,-1074.03
2050-12-05 21:00:00,6230.82,7615.44,0.0,-1384.62
2050-12-05 22:00:00,6041.36,8081.66,0.0,-2040.3
2050-12-05 23:00:00,5787.22,8553.74,0.0,-2766.52
2050-12-06 00:00:00,5476.86,9014.1,0.0,-3537.23
2050-12-06 01:00:00,5343.39,8301.57,0.0,-2958.17
2050-12-06 02:00:00,5114.66,9503.78,0.0,-4389.12
2050-12-06 03:00:00,4999.27,7659.41,0.0,-2660.14
2050-12-06 04:00:00,4923.38,7416.04,0.0,-2492.66
2050-12-06 05:00:00,4912.01,8562.54,0.0,-3650.53
2050-12-06 06:00:00,5028.84,7140.42,0.0,-2111.58
2050-12-06 07:00:00,5090.89,10166.46,144.32,-5219.88
2050-12-06 08:00:00,5047.6,9709.04,860.37,-5521.82
2050-12-06 09:00:00,5050.4,9706.1,1724.54,-6380.25
2050-12-06 10:00:00,4904.09,9427.55,1916.02,-6439.48
2050-12-06 11:00:00,4779.61,9069.82,1596.36,-5886.56
2050-12-06 12:00:00,4700.97,10934.7,2061.74,-8295.47
2050-12-06 13:00:00,4577.95,12549.01,1256.8,-9227.85
2050-12-06 14:00:00,4496.31,12899.08,292.69,-8695.45
2050-12-06 15:00:00,4518.82,14153.16,98.31,-9732.65
2050-12-06 16:00:00,4884.92,14633.6,0.0,-9748.68
2050-12-06 17:00:00,5371.21,14616.0,0.0,-9244.79
2050-12-06 18:00:00,5947.31,15091.48,0.0,-9144.16
2050-12-06 19:00:00,6258.56,15188.0,0.0,-8929.45
2050-12-06 20:00:00,6380.12,15132.07,0.0,-8751.95
2050-12-06 21:00:00,6353.84,14713.44,0.0,-8359.6
2050-12-06 22:00:00,6154.06,14307.43,0.0,-8153.37
2050-12-06 23:00:00,5888.33,15184.85,0.0,-9296.52
2050-12-07 00:00:00,5574.8,15204.71,0.0,-9629.9
2050-12-07 01:00:00,5443.33,14630.89,0.0,-9187.56
2050-12-07 02:00:00,5226.16,14824.42,0.0,-9598.26
2050-12-07 03:00:00,5119.09,13162.51,0.0,-8043.43
2050-12-07 04:00:00,5055.03,12083.46,0.0,-7028.43
2050-12-07 05:00:00,5045.32,12112.34,0.0,-7067.02
2050-12-07 06:00:00,5158.54,11016.81,0.0,-5858.27
2050-12-07 07:00:00,5210.25,10324.8,63.7,-5178.26
2050-12-07 08:00:00,5181.95,7178.53,161.52,-2158.11
2050-12-07 09:00:00,5199.49,7351.53,411.24,-2563.28
2050-12-07 10:00:00,5033.05,5561.07,337.98,-866.0
2050-12-07 11:00:00,4875.48,4191.5,734.21,-50.23
2050-12-07 12:00:00,4756.24,5109.51,450.51,-803.78
2050-12-07 13:00:00,4578.92,4260.98,444.91,-126.96
2050-12-07 14:00:00,4440.01,5198.84,190.15,-948.98
2050-12-07 15:00:00,4410.42,4360.21,138.57,-88.36
2050-12-07 16:00:00,4761.28,5079.73,0.0,-318.45
2050-12-07 17:00:00,5249.83,4099.7,0.0,1150.14
2050-12-07 18:00:00,5827.03,3806.25,0.0,2020.78
2050-12-07 19:00:00,6143.96,5228.6,0.0,915.36
2050-12-07 20:00:00,6264.14,3993.02,0.0,2271.12
2050-12-07 21:00:00,6239.45,4069.93,0.0,2169.52
2050-12-07 22:00:00,6051.28,4216.3,0.0,1834.98
2050-12-07 23:00:00,5798.18,5084.69,0.0,713.49
2050-12-08 00:00:00,5492.19,6268.19,0.0,-776.0
2050-12-08 01:00:00,5365.37,5789.34,0.0,-423.96
2050-12-08 02:00:00,5149.27,5523.86,0.0,-374.58
2050-12-08 03:00:00,5040.56,5270.79,0.0,-230.23
2050-12-08 04:00:00,4977.28,3767.69,0.0,1209.59
2050-12-08 05:00:00,4983.1,2862.3,0.0,2120.8
2050-12-08 06:00:00,5108.16,2166.75,0.0,2941.41
2050-12-08 07:00:00,5176.08,2065.24,109.83,3001.01
2050-12-08 08:00:00,5142.29,1967.97,581.17,2593.15
2050-12-08 09:00:00,5143.39,2482.7,1065.2,1595.5
2050-12-08 10:00:00,5004.12,2620.72,1496.85,886.54
2050-12-08 11:00:00,4865.04,1687.43,1353.34,1824.27
2050-12-08 12:00:00,4765.95,2783.13,1339.15,643.67
2050-12-08 13:00:00,4625.02,2065.24,844.74,1715.05
2050-12-08 14:00:00,4530.0,2482.7,634.46,1412.85
2050-12-08 15:00:00,4531.46,2293.91,407.18,1830.38
2050-12-08 16:00:00,4878.13,3493.64,0.0,1384.49
2050-12-08 17:00:00,5358.81,3871.22,0.0,1487.6
2050-12-08 18:00:00,5925.5,5536.27,0.0,389.24
2050-12-08 19:00:00,6238.5,6015.11,0.0,223.39
2050-12-08 20:00:00,6367.76,4710.05,0.0,1657.71
2050-12-08 21:00:00,6351.13,5789.34,0.0,561.8
2050-12-08 22:00:00,6170.4,7413.11,0.0,-1242.71
2050-12-08 23:00:00,5926.21,7929.18,0.0,-2002.97
2050-12-09 00:00:00,5628.2,9166.58,0.0,-3538.37
2050-12-09 01:00:00,5507.7,7838.29,0.0,-2330.58
2050-12-09 02:00:00,5298.96,6820.8,0.0,-1521.85
2050-12-09 03:00:00,5200.55,6389.77,0.0,-1189.22
2050-12-09 04:00:00,5144.49,5352.65,0.0,-208.16
2050-12-09 05:00:00,5155.83,5340.26,0.0,-184.43
2050-12-09 06:00:00,5289.95,4997.87,0.0,292.08
2050-12-09 07:00:00,5366.51,8744.34,138.57,-3516.4
2050-12-09 08:00:00,5346.56,8562.54,1445.56,-4661.54
2050-12-09 09:00:00,5349.16,8430.58,3796.83,-6878.26
2050-12-09 10:00:00,5180.89,8102.18,1359.59,-4280.88
2050-12-09 11:00:00,5029.91,7943.84,2711.97,-5625.89
2050-12-09 12:00:00,4930.04,7231.31,1553.29,-3854.56
2050-12-09 13:00:00,4799.01,6466.0,2038.19,-3705.18
2050-12-09 14:00:00,4702.58,6351.64,1378.84,-3027.9
2050-12-09 15:00:00,4705.78,6260.75,383.93,-1938.9
2050-12-09 16:00:00,5071.41,5851.36,0.0,-779.96
2050-12-09 17:00:00,5565.0,7515.73,0.0,-1950.73
2050-12-09 18:00:00,6141.85,9368.9,0.0,-3227.05
2050-12-09 19:00:00,6447.14,10398.11,0.0,-3950.98
2050-12-09 20:00:00,6567.31,10878.99,0.0,-4311.69
2050-12-09 21:00:00,6531.19,12862.98,0.0,-6331.79
2050-12-09 22:00:00,6330.39,11166.35,0.0,-4835.96
2050-12-09 23:00:00,6062.34,11529.95,0.0,-5467.61
2050-12-10 00:00:00,5738.38,11491.83,0.0,-5753.45
2050-12-10 01:00:00,5583.65,12079.85,0.0,-6496.2
2050-12-10 02:00:00,5347.68,12541.79,0.0,-7194.11
2050-12-10 03:00:00,5222.48,12812.46,0.0,-7589.98
2050-12-10 04:00:00,5137.24,14166.7,0.0,-9029.46
2050-12-10 05:00:00,5130.74,14541.56,0.0,-9410.83
2050-12-10 06:00:00,5251.7,13909.56,0.0,-8657.86
2050-12-10 07:00:00,5317.28,14358.86,109.83,-9151.41
2050-12-10 08:00:00,5300.84,14791.94,1329.31,-10820.41
2050-12-10 09:00:00,5330.75,14745.91,2386.34,-11801.5
2050-12-10 10:00:00,5253.3,12422.7,3188.43,-10357.82
2050-12-10 11:00:00,5162.69,10744.12,4386.2,-9967.62
2050-12-10 12:00:00,5090.8,9043.42,2055.72,-6008.34
2050-12-10 13:00:00,4968.51,7043.65,1782.03,-3857.17
2050-12-10 14:00:00,4893.42,6864.79,805.1,-2776.46
2050-12-10 15:00:00,4891.76,7114.02,235.83,-2458.08
2050-12-10 16:00:00,5146.1,6548.11,0.0,-1402.0
2050-12-10 17:00:00,5490.03,7583.18,0.0,-2093.14
2050-12-10 18:00:00,5972.46,6275.64,0.0,-303.18
2050-12-10 19:00:00,6194.0,7348.61,0.0,-1154.61
2050-12-10 20:00:00,6216.53,7228.37,0.0,-1011.85
2050-12-10 21:00:00,6111.12,7718.05,0.0,-1606.93
2050-12-10 22:00:00,5812.49,8137.37,0.0,-2324.88
2050-12-10 23:00:00,5473.13,6641.94,0.0,-1168.8
2050-12-11 00:00:00,5114.34,5876.18,0.0,-761.84
2050-12-11 01:00:00,4974.89,5523.86,0.0,-548.96
2050-12-11 02:00:00,4746.0,4963.12,0.0,-217.12
2050-12-11 03:00:00,4625.05,7222.51,0.0,-2597.46
2050-12-11 04:00:00,4558.11,7404.31,0.0,-2846.2
2050-12-11 05:00:00,4549.7,5367.54,0.0,-817.85
2050-12-11 06:00:00,4664.51,4456.98,0.0,207.53
2050-12-11 07:00:00,4732.52,6313.52,115.58,-1696.58
2050-12-11 08:00:00,4707.67,8108.04,539.45,-3939.82
2050-12-11 09:00:00,4686.88,7908.66,3679.14,-6900.91
2050-12-11 10:00:00,4494.31,7155.08,1410.27,-4071.03
2050-12-11 11:00:00,4314.4,7594.9,2346.62,-5627.11
2050-12-11 12:00:00,4175.35,9146.05,2454.9,-7425.6
2050-12-11 13:00:00,3974.03,8808.85,1094.68,-5929.5
2050-12-11 14:00:00,3811.56,8527.36,346.67,-5062.46
2050-12-11 15:00:00,3780.59,10365.85,167.26,-6752.51
2050-12-11 16:00:00,4083.64,11063.72,0.0,-6980.08
2050-12-11 17:00:00,4508.06,11093.04,0.0,-6584.98
2050-12-11 18:00:00,5039.06,12364.95,0.0,-7325.89
2050-12-11 19:00:00,5312.56,12541.79,0.0,-7229.24
2050-12-11 20:00:00,5393.47,13195.01,0.0,-7801.54
2050-12-11 21:00:00,5325.89,14655.25,0.0,-9329.36
2050-12-11 22:00:00,5102.18,14936.75,0.0,-9834.56
2050-12-11 23:00:00,4818.09,14714.8,0.0,-9896.7
2050-12-12 00:00:00,4485.9,14630.89,0.0,-10144.99
2050-12-12 01:00:00,4306.14,14104.44,0.0,-9798.3
2050-12-12 02:00:00,4036.18,14582.17,0.0,-10546.0
2050-12-12 03:00:00,3876.25,13115.61,0.0,-9239.36
2050-12-12 04:00:00,3743.83,11628.75,0.0,-7884.92
2050-12-12 05:00:00,3624.03,10908.32,0.0,-7284.29
2050-12-12 06:00:00,3626.92,10884.85,0.0,-7257.94
2050-12-12 07:00:00,3590.14,13600.99,34.78,-10045.64
2050-12-12 08:00:00,3537.95,13882.49,172.98,-10517.53
2050-12-12 09:00:00,3641.21,11318.83,349.28,-8026.9
2050-12-12 10:00:00,3626.43,9430.47,360.57,-6164.61
2050-12-12 11:00:00,3580.29,8688.62,607.91,-5716.24
2050-12-12 12:00:00,3526.76,8196.01,769.84,-5439.09
2050-12-12 13:00:00,3493.2,6571.57,591.54,-3669.9
2050-12-12 14:00:00,3481.36,5598.29,425.51,-2542.44
2050-12-12 15:00:00,3522.91,6213.61,430.7,-3121.4
2050-12-12 16:00:00,3769.92,6785.62,0.0,-3015.7
2050-12-12 17:00:00,4075.97,7237.17,0.0,-3161.2
2050-12-12 18:00:00,4430.87,8914.4,0.0,-4483.53
2050-12-12 19:00:00,4608.27,8597.72,0.0,-3989.45
2050-12-12 20:00:00,4661.42,10450.9,0.0,-5789.48
2050-12-12 21:00:00,4607.09,11863.32,0.0,-7256.23
2050-12-12 22:00:00,4413.87,12310.83,0.0,-7896.96
2050-12-12 23:00:00,4154.23,11773.1,0.0,-7618.86
2050-12-13 00:00:00,3840.49,10324.8,0.0,-6484.31
2050-12-13 01:00:00,3721.15,11359.87,0.0,-7638.72
2050-12-13 02:00:00,3538.56,11547.54,0.0,-8008.98
2050-12-13 03:00:00,3465.3,11574.61,0.0,-8109.31
2050-12-13 04:00:00,3431.49,10741.18,0.0,-7309.69
2050-12-13 05:00:00,3456.13,10037.45,0.0,-6581.32
2050-12-13 06:00:00,3605.64,9738.37,0.0,-6132.73
2050-12-13 07:00:00,3722.65,9917.23,121.33,-6315.91
2050-12-13 08:00:00,3793.96,10445.02,748.64,-7399.71
2050-12-13 09:00:00,3997.82,9324.92,3807.08,-9134.18
2050-12-13 10:00:00,4043.17,11354.01,2395.81,-9706.65
2050-12-13 11:00:00,4068.44,5928.28,2371.7,-4231.53
2050-12-13 12:00:00,4114.11,6191.28,3114.38,-5191.55
2050-12-13 13:00:00,4123.37,5893.54,3697.74,-5467.9
2050-12-13 14:00:00,4133.37,6468.94,2839.52,-5175.08
2050-12-13 15:00:00,4203.45,9409.95,366.21,-5572.71
2050-12-13 16:00:00,4534.95,9401.15,0.0,-4866.2
2050-12-13 17:00:00,4994.62,8961.33,0.0,-3966.7
2050-12-13 18:00:00,5548.48,9691.44,0.0,-4142.96
2050-12-13 19:00:00,5841.88,11430.26,0.0,-5588.38
2050-12-13 20:00:00,5962.44,12635.62,0.0,-6673.19
2050-12-13 21:00:00,5955.9,11744.23,0.0,-5788.33
2050-12-13 22:00:00,5792.97,10920.04,0.0,-5127.07
2050-12-13 23:00:00,5556.57,11072.52,0.0,-5515.95
2050-12-14 00:00:00,5267.75,11207.41,0.0,-5939.66
2050-12-14 01:00:00,5135.95,10626.82,0.0,-5490.87
2050-12-14 02:00:00,4913.2,9899.63,0.0,-4986.42
2050-12-14 03:00:00,4796.12,10389.31,0.0,-5593.19
2050-12-14 04:00:00,4736.73,10447.96,0.0,-5711.23
2050-12-14 05:00:00,4753.58,10785.16,0.0,-6031.59
2050-12-14 06:00:00,4894.33,11242.6,0.0,-6348.27
2050-12-14 07:00:00,4985.52,8289.85,92.55,-3396.88
2050-12-14 08:00:00,5010.83,8301.57,1183.73,-4474.47
2050-12-14 09:00:00,5079.9,7894.0,3707.47,-6521.57
2050-12-14 10:00:00,4988.28,6677.12,4210.76,-5899.6
2050-12-14 11:00:00,4894.39,7468.82,4387.11,-6961.54
2050-12-14 12:00:00,4830.91,7917.46,4293.05,-7379.59
2050-12-14 13:00:00,4713.73,8099.24,3832.01,-7217.52
2050-12-14 14:00:00,4627.69,9181.24,2010.67,-6564.22
2050-12-14 15:00:00,4650.61,11227.94,521.85,-7099.18
2050-12-14 16:00:00,5032.81,11518.21,0.0,-6485.41
2050-12-14 17:00:00,5527.94,11614.3,0.0,-6086.36
2050-12-14 18:00:00,6113.79,12390.21,0.0,-6276.42
2050-12-14 19:00:00,6440.68,12025.73,0.0,-5585.04
2050-12-14 20:00:00,6567.68,13452.14,0.0,-6884.46
2050-12-14 21:00:00,6546.01,14653.9,0.0,-8107.88
2050-12-14 22:00:00,6364.6,14606.53,0.0,-8241.93
2050-12-14 23:00:00,6119.78,14630.89,0.0,-8511.11
2050-12-15 00:00:00,5834.22,14482.02,0.0,-8647.8
2050-12-15 01:00:00,5735.66,13492.73,0.0,-7757.07
2050-12-15 02:00:00,5552.32,14491.49,0.0,-8939.17
2050-12-15 03:00:00,5477.58,14546.99,0.0,-9069.41
2050-12-15 04:00:00,5452.32,11791.14,0.0,-6338.82
2050-12-15 05:00:00,5494.32,11456.65,0.0,-5962.33
2050-12-15 06:00:00,5649.51,12743.89,0.0,-7094.38
2050-12-15 07:00:00,5736.06,13324.92,92.55,-7681.4
2050-12-15 08:00:00,5725.98,12494.87,1067.96,-7836.86
2050-12-15 09:00:00,5739.2,12899.08,241.52,-7401.4
2050-12-15 10:00:00,5581.01,12242.26,1741.93,-8403.18
2050-12-15 11:00:00,5446.84,11075.46,2364.91,-7993.52
2050-12-15 12:00:00,5343.69,13912.27,2511.25,-11079.83
2050-12-15 13:00:00,5182.84,15188.46,2106.55,-12112.17
2050-12-15 14:00:00,5086.17,14080.08,731.25,-9725.15
2050-12-15 15:00:00,5096.14,14472.55,451.37,-9827.78
2050-12-15 16:00:00,5421.47,14722.91,0.0,-9301.44
2050-12-15 17:00:00,5866.73,14718.86,0.0,-8852.13
2050-12-15 18:00:00,6410.32,15225.0,0.0,-8814.68
2050-12-15 19:00:00,6696.7,15225.0,0.0,-8528.3
2050-12-15 20:00:00,6792.57,15225.0,0.0,-8432.43
2050-12-15 21:00:00,6748.84,15225.0,0.0,-8476.16
2050-12-15 22:00:00,6536.65,15225.0,0.0,-8688.35
2050-12-15 23:00:00,6253.22,15225.0,0.0,-8971.78
2050-12-16 00:00:00,5917.5,15225.0,0.0,-9307.5
2050-12-16 01:00:00,5771.72,15225.0,0.0,-9453.28
2050-12-16 02:00:00,5541.54,15225.0,0.0,-9683.46
2050-12-16 03:00:00,5421.13,15225.0,0.0,-9803.87
2050-12-16 04:00:00,5346.13,15225.0,0.0,-9878.87
2050-12-16 05:00:00,5336.26,15225.0,0.0,-9888.74
2050-12-16 06:00:00,5446.18,15223.64,0.0,-9777.47
2050-12-16 07:00:00,5507.26,15044.55,86.78,-9624.08
2050-12-16 08:00:00,5479.1,14821.7,1248.41,-10591.02
2050-12-16 09:00:00,5459.34,13492.73,1825.6,-9858.99
2050-12-16 10:00:00,5276.2,11599.87,2273.38,-8597.04
2050-12-16 11:00:00,5095.63,11254.32,2183.48,-8342.16
2050-12-16 12:00:00,4950.71,11459.57,4328.67,-10837.52
2050-12-16 13:00:00,4760.84,11462.51,3861.21,-10562.88
2050-12-16 14:00:00,4661.4,9028.76,2116.26,-6483.62
2050-12-16 15:00:00,4645.36,11280.7,544.81,-7180.15
2050-12-16 16:00:00,4966.97,14074.66,0.0,-9107.69
2050-12-16 17:00:00,5441.89,14414.36,0.0,-8972.47
2050-12-16 18:00:00,6016.5,14594.35,0.0,-8577.85
2050-12-16 19:00:00,6306.08,13684.9,0.0,-7378.81
2050-12-16 20:00:00,6365.81,14821.7,0.0,-8455.9
2050-12-16 21:00:00,6289.23,14626.82,0.0,-8337.59
2050-12-16 22:00:00,6057.57,14694.5,0.0,-8636.93
2050-12-16 23:00:00,5767.91,14515.85,0.0,-8747.94
2050-12-17 00:00:00,5449.15,14453.59,0.0,-9004.44
2050-12-17 01:00:00,5317.4,14161.27,0.0,-8843.87
2050-12-17 02:00:00,5100.69,15225.0,0.0,-10124.31
2050-12-17 03:00:00,5001.25,15225.0,0.0,-10223.75
2050-12-17 04:00:00,4950.17,15125.75,0.0,-10175.58
2050-12-17 05:00:00,4953.7,13720.1,0.0,-8766.4
2050-12-17 06:00:00,5085.17,15225.0,0.0,-10139.83
2050-12-17 07:00:00,5170.47,15217.78,46.36,-10093.67
2050-12-17 08:00:00,5149.9,15153.73,150.05,-10153.89
2050-12-17 09:00:00,5127.77,14513.14,304.03,-9689.4
2050-12-17 10:00:00,4960.25,13444.01,109.83,-8593.58
2050-12-17 11:00:00,4801.09,11013.87,377.49,-6590.26
2050-12-17 12:00:00,4685.77,11547.54,964.55,-7826.32
2050-12-17 13:00:00,4520.23,10908.32,506.38,-6894.46
2050-12-17 14:00:00,4386.27,13582.06,343.64,-9539.42
2050-12-17 15:00:00,4351.26,13511.69,127.08,-9287.5
2050-12-17 16:00:00,4660.33,11230.86,0.0,-6570.53
2050-12-17 17:00:00,5136.16,9873.25,0.0,-4737.08
2050-12-17 18:00:00,5693.73,11603.47,0.0,-5909.74
2050-12-17 19:00:00,5987.8,12650.06,0.0,-6662.25
2050-12-17 20:00:00,6100.09,12678.92,0.0,-6578.84
2050-12-17 21:00:00,6074.67,10990.43,0.0,-4915.75
2050-12-17 22:00:00,5881.86,12606.76,0.0,-6724.9
2050-12-17 23:00:00,5622.04,13603.7,0.0,-7981.66
2050-12-18 00:00:00,5311.1,12830.5,0.0,-7519.4
2050-12-18 01:00:00,5182.42,14584.88,0.0,-9402.46
2050-12-18 02:00:00,4967.73,15024.7,0.0,-10056.96
2050-12-18 03:00:00,4861.18,15213.72,0.0,-10352.54
2050-12-18 04:00:00,4798.85,15225.0,0.0,-10426.15
2050-12-18 05:00:00,4799.97,15225.0,0.0,-10425.03
2050-12-18 06:00:00,4927.88,15194.32,0.0,-10266.44
2050-12-18 07:00:00,5007.08,15225.0,34.78,-10252.71
2050-12-18 08:00:00,4999.11,15225.0,81.02,-10306.91
2050-12-18 09:00:00,4982.88,15225.0,98.31,-10340.43
2050-12-18 10:00:00,4806.11,14751.34,1982.76,-11927.99
2050-12-18 11:00:00,4638.56,12844.94,524.81,-8731.18
2050-12-18 12:00:00,4536.25,10732.39,737.28,-6933.42
2050-12-18 13:00:00,4403.32,14047.61,161.52,-9805.81
2050-12-18 14:00:00,4308.5,13901.45,358.0,-9950.94
2050-12-18 15:00:00,4286.13,13674.07,86.78,-9474.72
2050-12-18 16:00:00,4597.75,14413.01,0.0,-9815.26
2050-12-18 17:00:00,5085.53,14911.03,0.0,-9825.5
2050-12-18 18:00:00,5666.15,15117.19,0.0,-9451.04
2050-12-18 19:00:00,5982.38,15165.0,0.0,-9182.62
2050-12-18 20:00:00,6092.13,14718.86,0.0,-8626.73
2050-12-18 21:00:00,6037.63,15225.0,0.0,-9187.37
2050-12-18 22:00:00,5825.74,15171.32,0.0,-9345.58
2050-12-18 23:00:00,5541.19,14729.69,0.0,-9188.49
2050-12-19 00:00:00,5206.08,14686.37,0.0,-9480.29
2050-12-19 01:00:00,5066.53,12516.53,0.0,-7450.0
2050-12-19 02:00:00,4850.84,14426.54,0.0,-9575.71
2050-12-19 03:00:00,4738.49,14201.88,0.0,-9463.39
2050-12-19 04:00:00,4672.37,12816.07,0.0,-8143.7
2050-12-19 05:00:00,4662.75,12740.28,0.0,-8077.53
2050-12-19 06:00:00,4769.42,13219.37,0.0,-8449.95
2050-12-19 07:00:00,4834.3,12801.64,57.92,-8025.26
2050-12-19 08:00:00,4815.59,11812.79,562.26,-7559.47
2050-12-19 09:00:00,4819.03,10861.41,1860.09,-7902.47
2050-12-19 10:00:00,4707.43,10436.24,4335.52,-10064.32
2050-12-19 11:00:00,4589.39,10752.92,4518.31,-10681.83
2050-12-19 12:00:00,4488.08,9729.57,4408.04,-9649.53
2050-12-19 13:00:00,4365.08,10691.33,2183.35,-8509.59
2050-12-19 14:00:00,4309.37,10055.05,2000.86,-7746.53
2050-12-19 15:00:00,4318.58,11380.4,429.59,-7491.41
2050-12-19 16:00:00,4620.11,11066.66,0.0,-6446.54
2050-12-19 17:00:00,5074.23,11895.79,0.0,-6821.56
2050-12-19 18:00:00,5609.51,12696.98,0.0,-7087.47
2050-12-19 19:00:00,5887.08,11427.32,0.0,-5540.25
2050-12-19 20:00:00,5957.35,11010.95,0.0,-5053.6
2050-12-19 21:00:00,5874.51,13278.91,0.0,-7404.4
2050-12-19 22:00:00,5631.52,12191.72,0.0,-6560.2
2050-12-19 23:00:00,5342.47,11403.86,0.0,-6061.39
2050-12-20 00:00:00,5011.01,11506.49,0.0,-6495.48
2050-12-20 01:00:00,4867.59,10486.08,0.0,-5618.49
2050-12-20 02:00:00,4643.34,9336.64,0.0,-4693.29
2050-12-20 03:00:00,4530.12,8269.32,0.0,-3739.2
2050-12-20 04:00:00,4462.3,6870.65,0.0,-2408.35
2050-12-20 05:00:00,4461.42,6139.18,0.0,-1677.76
2050-12-20 06:00:00,4580.52,5449.42,0.0,-868.9
2050-12-20 07:00:00,4654.38,5427.09,81.02,-853.72
2050-12-20 08:00:00,4693.03,5491.6,1297.09,-2095.66
2050-12-20 09:00:00,4868.54,5035.07,3819.68,-3986.21
2050-12-20 10:00:00,4875.33,3485.5,4293.18,-2903.35
2050-12-20 11:00:00,4832.88,2362.92,4444.58,-1974.62
2050-12-20 12:00:00,4790.76,1748.06,4328.12,-1285.42
2050-12-20 13:00:00,4684.63,2125.87,3930.85,-1372.08
2050-12-20 14:00:00,4533.96,2314.2,3083.66,-863.9
2050-12-20 15:00:00,4506.78,2152.65,1712.4,641.74
2050-12-20 16:00:00,4852.27,2712.07,0.0,2140.2
2050-12-20 17:00:00,5377.98,2852.14,0.0,2525.84
2050-12-20 18:00:00,5982.71,3968.66,0.0,2014.06
2050-12-20 19:00:00,6314.36,4955.68,0.0,1358.69
2050-12-20 20:00:00,6456.03,5533.79,0.0,922.24
2050-12-20 21:00:00,6431.25,7046.59,0.0,-615.33
2050-12-20 22:00:00,6239.38,7424.84,0.0,-1185.46
2050-12-20 23:00:00,5989.98,9102.07,0.0,-3112.09
2050-12-21 00:00:00,5683.23,8550.82,0.0,-2867.58
2050-12-21 01:00:00,5563.79,10368.79,0.0,-4804.99
2050-12-21 02:00:00,5349.0,9840.98,0.0,-4491.98
2050-12-21 03:00:00,5241.92,9160.72,0.0,-3918.8
2050-12-21 04:00:00,5177.93,10708.93,0.0,-5531.0
2050-12-21 05:00:00,5164.87,11848.89,0.0,-6684.02
2050-12-21 06:00:00,5273.69,9533.1,0.0,-4259.41
2050-12-21 07:00:00,5329.98,9711.97,86.78,-4468.77
2050-12-21 08:00:00,5310.45,7251.83,987.16,-2928.54
2050-12-21 09:00:00,5313.65,6671.26,1676.22,-3033.83
2050-12-21 10:00:00,5147.1,4385.03,2428.78,-1666.71
2050-12-21 11:00:00,4984.85,4365.17,2554.36,-1934.68
2050-12-21 12:00:00,4858.96,2179.43,1316.99,1362.55
2050-12-21 13:00:00,4685.1,1443.56,809.1,2432.44
2050-12-21 14:00:00,4539.69,2210.44,414.26,1914.99
2050-12-21 15:00:00,4498.86,3280.49,230.8,987.58
2050-12-21 16:00:00,4821.17,3018.62,0.0,1802.55
2050-12-21 17:00:00,5317.93,3534.22,0.0,1783.71
2050-12-21 18:00:00,5895.97,4283.29,0.0,1612.68
2050-12-21 19:00:00,6205.94,4471.87,0.0,1734.07
2050-12-21 20:00:00,6313.16,4881.24,0.0,1431.92
2050-12-21 21:00:00,6266.85,5687.6,0.0,579.25
2050-12-21 22:00:00,6049.75,3410.4,0.0,2639.35
2050-12-21 23:00:00,5765.68,3294.69,0.0,2470.99
2050-12-22 00:00:00,5432.7,2608.54,0.0,2824.16
2050-12-22 01:00:00,5282.83,2373.08,0.0,2909.76
2050-12-22 02:00:00,5040.65,3051.09,0.0,1989.56
2050-12-22 03:00:00,4910.34,3611.37,0.0,1298.97
2050-12-22 04:00:00,4820.29,3250.04,0.0,1570.25
2050-12-22 05:00:00,4795.98,4011.29,0.0,784.69
2050-12-22 06:00:00,4900.45,5280.7,0.0,-380.25
2050-12-22 07:00:00,4959.84,9043.42,34.78,-4118.37
2050-12-22 08:00:00,4947.9,10999.21,121.33,-6172.65
2050-12-22 09:00:00,4964.9,11783.92,410.65,-7229.68
2050-12-22 10:00:00,4805.07,12866.59,1975.64,-10037.15
2050-12-22 11:00:00,4642.86,13479.19,2302.88,-11139.21
2050-12-22 12:00:00,4525.81,13232.9,2587.92,-11295.01
2050-12-22 13:00:00,4361.58,12848.54,3763.86,-12250.82
2050-12-22 14:00:00,4227.65,14055.72,2934.8,-12762.87
2050-12-22 15:00:00,4195.56,14541.56,1562.17,-11908.17
2050-12-22 16:00:00,4523.92,14912.39,0.0,-10388.46
2050-12-22 17:00:00,5039.79,15088.77,0.0,-10048.97
2050-12-22 18:00:00,5631.69,14793.28,0.0,-9161.59
2050-12-22 19:00:00,5961.62,14595.71,0.0,-8634.09
2050-12-22 20:00:00,6098.08,13787.76,0.0,-7689.68
2050-12-22 21:00:00,6085.68,13657.85,0.0,-7572.16
2050-12-22 22:00:00,5901.9,12274.73,0.0,-6372.83
2050-12-22 23:00:00,5646.93,11816.41,0.0,-6169.48
2050-12-23 00:00:00,5341.56,14077.37,0.0,-8735.81
2050-12-23 01:00:00,5218.6,13814.83,0.0,-8596.23
2050-12-23 02:00:00,5008.8,13238.3,0.0,-8229.5
2050-12-23 03:00:00,4913.1,11497.69,0.0,-6584.59
2050-12-23 04:00:00,4862.18,12660.88,0.0,-7798.7
2050-12-23 05:00:00,4867.23,12206.17,0.0,-7338.95
2050-12-23 06:00:00,4990.58,9031.7,0.0,-4041.12
2050-12-23 07:00:00,5057.82,7237.17,0.0,-2179.36
2050-12-23 08:00:00,5058.43,6920.49,920.11,-2782.18
2050-12-23 09:00:00,5127.47,7762.04,3678.82,-6313.4
2050-12-23 10:00:00,5021.37,6348.72,4168.29,-5495.64
2050-12-23 11:00:00,4910.43,4648.03,4372.49,-4110.08
2050-12-23 12:00:00,4847.18,6964.48,3293.41,-5410.71
2050-12-23 13:00:00,4731.5,8401.26,2715.11,-6384.87
2050-12-23 14:00:00,4650.11,7946.78,2963.63,-6260.29
2050-12-23 15:00:00,4702.23,10711.85,565.72,-6575.34
2050-12-23 16:00:00,5035.48,9553.63,0.0,-4518.15
2050-12-23 17:00:00,5474.63,10145.94,0.0,-4671.31
2050-12-23 18:00:00,6016.76,9066.88,0.0,-3050.12
2050-12-23 19:00:00,6293.0,11383.34,0.0,-5090.33
2050-12-23 20:00:00,6374.19,10761.7,0.0,-4387.51
2050-12-23 21:00:00,6312.98,9723.71,0.0,-3410.72
2050-12-23 22:00:00,6092.23,10175.26,0.0,-4083.03
2050-12-23 23:00:00,5813.84,10618.02,0.0,-4804.18
2050-12-24 00:00:00,5485.24,10644.42,0.0,-5159.18
2050-12-24 01:00:00,5343.54,11040.27,0.0,-5696.73
2050-12-24 02:00:00,5113.62,11137.03,0.0,-6023.41
2050-12-24 03:00:00,4991.8,10040.39,0.0,-5048.59
2050-12-24 04:00:00,4916.78,10799.82,0.0,-5883.04
2050-12-24 05:00:00,4913.75,10230.97,0.0,-5317.23
2050-12-24 06:00:00,5034.69,11433.18,0.0,-6398.49
2050-12-24 07:00:00,5101.44,13086.74,23.2,-8008.5
2050-12-24 08:00:00,5103.75,13909.56,92.55,-8898.36
2050-12-24 09:00:00,5170.62,10899.52,178.71,-5907.61
2050-12-24 10:00:00,5012.13,13804.01,86.78,-8878.66
2050-12-24 11:00:00,4850.67,14766.23,736.13,-10651.68
2050-12-24 12:00:00,4735.83,13701.14,190.15,-9155.47
2050-12-24 13:00:00,4571.5,13208.54,676.07,-9313.11
2050-12-24 14:00:00,4428.64,12512.93,408.57,-8492.85
2050-12-24 15:00:00,4381.12,11403.86,1405.13,-8427.87
2050-12-24 16:00:00,4696.2,10022.78,0.0,-5326.59
2050-12-24 17:00:00,5213.18,10263.23,0.0,-5050.05
2050-12-24 18:00:00,5799.84,10899.52,0.0,-5099.67
2050-12-24 19:00:00,6125.44,10011.06,0.0,-3885.62
2050-12-24 20:00:00,6254.83,11433.18,0.0,-5178.36
2050-12-24 21:00:00,6228.3,12545.4,0.0,-6317.1
2050-12-24 22:00:00,6032.56,13557.7,0.0,-7525.13
2050-12-24 23:00:00,5771.85,11186.87,0.0,-5415.02
2050-12-25 00:00:00,5463.4,11562.2,0.0,-6098.8
2050-12-25 01:00:00,5327.58,11830.85,0.0,-6503.26
2050-12-25 02:00:00,5098.58,12733.06,0.0,-7634.49
2050-12-25 03:00:00,4974.29,13057.86,0.0,-8083.57
2050-12-25 04:00:00,4885.82,14578.1,0.0,-9692.29
2050-12-25 05:00:00,4867.19,10749.98,0.0,-5882.79
2050-12-25 06:00:00,4974.75,8999.44,0.0,-4024.69
2050-12-25 07:00:00,5029.0,7685.81,63.7,-2720.51
2050-12-25 08:00:00,5024.34,11348.15,3079.84,-9403.66
2050-12-25 09:00:00,5128.87,11368.67,3685.49,-9925.3
2050-12-25 10:00:00,5018.02,10876.07,4206.21,-10064.26
2050-12-25 11:00:00,4897.43,8970.11,4411.67,-8484.35
2050-12-25 12:00:00,4788.19,8231.2,4314.61,-7757.62
2050-12-25 13:00:00,4663.81,8096.32,3928.47,-7360.98
2050-12-25 14:00:00,4566.4,7011.4,3104.22,-5549.22
2050-12-25 15:00:00,4553.49,5759.56,1768.42,-2974.48
2050-12-25 16:00:00,4832.9,5384.92,0.0,-552.01
2050-12-25 17:00:00,5271.37,5228.6,0.0,42.77
2050-12-25 18:00:00,5801.76,5047.48,0.0,754.28
2050-12-25 19:00:00,6069.92,6580.35,0.0,-510.44
2050-12-25 20:00:00,6138.51,7301.68,0.0,-1163.17
2050-12-25 21:00:00,6070.53,8410.06,0.0,-2339.53
2050-12-25 22:00:00,5831.26,7770.84,0.0,-1939.58
2050-12-25 23:00:00,5529.54,8134.43,0.0,-2604.89
2050-12-26 00:00:00,5180.72,7808.96,0.0,-2628.24
2050-12-26 01:00:00,5021.14,9031.7,0.0,-4010.55
2050-12-26 02:00:00,4774.1,10283.76,0.0,-5509.66
2050-12-26 03:00:00,4648.33,10500.74,0.0,-5852.41
2050-12-26 04:00:00,4568.6,9958.28,0.0,-5389.68
2050-12-26 05:00:00,4545.97,10189.93,0.0,-5643.96
2050-12-26 06:00:00,4639.04,11169.29,0.0,-6530.25
2050-12-26 07:00:00,4681.16,10049.17,0.0,-5368.01
2050-12-26 08:00:00,4701.63,8779.53,866.47,-4944.37
2050-12-26 09:00:00,4876.67,7776.7,3547.83,-6447.86
2050-12-26 10:00:00,4911.76,7489.34,1695.96,-4273.54
2050-12-26 11:00:00,4936.69,6721.11,1638.09,-3422.51
2050-12-26 12:00:00,4959.1,5757.07,688.92,-1486.9
2050-12-26 13:00:00,4945.69,5749.63,343.64,-1147.57
2050-12-26 14:00:00,4949.94,6413.23,161.52,-1624.81
2050-12-26 15:00:00,4987.34,6015.11,1395.44,-2423.21
2050-12-26 16:00:00,5228.72,6363.38,0.0,-1134.66
2050-12-26 17:00:00,5596.04,6791.48,0.0,-1195.43
2050-12-26 18:00:00,6061.68,8348.49,0.0,-2286.81
2050-12-26 19:00:00,6282.1,8729.68,0.0,-2447.58
2050-12-26 20:00:00,6329.93,9122.59,0.0,-2792.66
2050-12-26 21:00:00,6266.99,9659.2,0.0,-3392.2
2050-12-26 22:00:00,6043.12,9536.04,0.0,-3492.92
2050-12-26 23:00:00,5765.16,9321.98,0.0,-3556.82
2050-12-27 00:00:00,5461.85,8817.65,0.0,-3355.8
2050-12-27 01:00:00,5361.9,7131.62,0.0,-1769.71
2050-12-27 02:00:00,5147.44,7723.93,0.0,-2576.49
2050-12-27 03:00:00,5059.43,7929.18,0.0,-2869.75
2050-12-27 04:00:00,5006.93,8201.87,0.0,-3194.95
2050-12-27 05:00:00,5023.1,8621.19,0.0,-3598.09
2050-12-27 06:00:00,5155.97,7791.36,0.0,-2635.39
2050-12-27 07:00:00,5246.14,9351.3,23.2,-4128.36
2050-12-27 08:00:00,5303.0,8600.66,132.83,-3430.5
2050-12-27 09:00:00,5474.94,6139.18,917.19,-1581.43
2050-12-27 10:00:00,5458.14,5575.96,826.98,-944.79
2050-12-27 11:00:00,5426.89,4767.11,950.05,-290.27
2050-12-27 12:00:00,5430.21,4295.7,4196.49,-3061.98
2050-12-27 13:00:00,5376.18,4389.99,2934.87,-1948.68
2050-12-27 14:00:00,5294.42,4352.77,3041.68,-2100.03
2050-12-27 15:00:00,5301.71,4151.8,1739.46,-589.54
2050-12-27 16:00:00,5634.18,5049.97,0.0,584.22
2050-12-27 17:00:00,6154.03,5814.14,0.0,339.9
2050-12-27 18:00:00,6750.98,4995.38,0.0,1755.6
2050-12-27 19:00:00,7079.26,8005.41,0.0,-926.15
2050-12-27 20:00:00,7210.01,9231.08,0.0,-2021.08
2050-12-27 21:00:00,7182.54,10145.94,0.0,-2963.4
2050-12-27 22:00:00,6974.19,10113.68,0.0,-3139.49
2050-12-27 23:00:00,6681.5,11315.89,0.0,-4634.39
2050-12-28 00:00:00,6334.79,9418.75,0.0,-3083.95
2050-12-28 01:00:00,6167.72,8917.34,0.0,-2749.62
2050-12-28 02:00:00,5913.84,10758.78,0.0,-4844.93
2050-12-28 03:00:00,5767.68,9861.52,0.0,-4093.84
2050-12-28 04:00:00,5668.2,11581.82,0.0,-5913.63
2050-12-28 05:00:00,5631.59,12419.09,0.0,-6787.51
2050-12-28 06:00:00,5711.89,14058.43,0.0,-8346.54
2050-12-28 07:00:00,5742.7,13644.31,34.78,-7936.39
2050-12-28 08:00:00,5681.68,13079.51,269.97,-7667.81
2050-12-28 09:00:00,5610.72,13389.89,677.38,-8456.55
2050-12-28 10:00:00,5401.42,14201.88,1139.51,-9939.97
2050-12-28 11:00:00,5214.93,9946.55,1147.16,-5878.78
2050-12-28 12:00:00,5141.25,13917.67,573.09,-9349.51
2050-12-28 13:00:00,5055.28,12444.35,2294.55,-9683.61
2050-12-28 14:00:00,4986.37,10213.39,2001.65,-7228.67
2050-12-28 15:00:00,4953.91,10568.17,1696.59,-7310.86
2050-12-28 16:00:00,5183.71,8676.89,0.0,-3493.18
2050-12-28 17:00:00,5568.35,10107.82,0.0,-4539.46
2050-12-28 18:00:00,6067.14,10732.39,0.0,-4665.25
2050-12-28 19:00:00,6328.64,9175.38,0.0,-2846.73
2050-12-28 20:00:00,6404.77,6536.38,0.0,-131.61
2050-12-28 21:00:00,6341.16,5811.67,0.0,529.49
2050-12-28 22:00:00,6115.79,5097.1,0.0,1018.69
2050-12-28 23:00:00,5829.58,5985.34,0.0,-155.76
2050-12-29 00:00:00,5501.26,6007.68,0.0,-506.41
2050-12-29 01:00:00,5363.76,4546.29,0.0,817.47
2050-12-29 02:00:00,5135.48,5652.88,0.0,-517.4
2050-12-29 03:00:00,5014.14,6949.82,0.0,-1935.68
2050-12-29 04:00:00,4930.4,7633.02,0.0,-2702.62
2050-12-29 05:00:00,4906.62,6020.07,0.0,-1113.46
2050-12-29 06:00:00,5002.48,6168.94,0.0,-1166.46
2050-12-29 07:00:00,5046.15,8413.0,34.78,-3401.63
2050-12-29 08:00:00,5016.75,7395.51,127.08,-2505.85
2050-12-29 09:00:00,5059.45,9371.84,343.64,-4656.03
2050-12-29 10:00:00,4971.38,7336.87,167.26,-2532.74
2050-12-29 11:00:00,4894.72,8759.0,40.57,-3904.85
2050-12-29 12:00:00,4847.14,8140.31,75.25,-3368.41
2050-12-29 13:00:00,4756.36,6829.6,81.02,-2154.25
2050-12-29 14:00:00,4655.47,7137.48,172.98,-2654.99
2050-12-29 15:00:00,4601.57,7832.41,281.33,-3512.17
2050-12-29 16:00:00,4842.12,9577.09,0.0,-4734.97
2050-12-29 17:00:00,5277.21,8565.48,0.0,-3288.26
2050-12-29 18:00:00,5803.12,8999.44,0.0,-3196.31
2050-12-29 19:00:00,6065.36,8295.71,0.0,-2230.34
2050-12-29 20:00:00,6134.57,8650.51,0.0,-2515.94
2050-12-29 21:00:00,6069.81,10143.0,0.0,-4073.19
2050-12-29 22:00:00,5843.64,8307.43,0.0,-2463.79
2050-12-29 23:00:00,5555.61,7682.87,0.0,-2127.26
2050-12-30 00:00:00,5212.88,5846.4,0.0,-633.52
2050-12-30 01:00:00,5047.17,4504.12,0.0,543.06
2050-12-30 02:00:00,4794.27,4288.26,0.0,506.01
2050-12-30 03:00:00,4653.84,3631.66,0.0,1022.17
2050-12-30 04:00:00,4553.0,3515.95,0.0,1037.04
2050-12-30 05:00:00,4532.5,3808.27,0.0,724.22
2050-12-30 06:00:00,4626.82,3507.84,0.0,1118.98
2050-12-30 07:00:00,4670.18,4588.48,52.14,29.56
2050-12-30 08:00:00,4657.82,5610.7,968.09,-1920.97
2050-12-30 09:00:00,4678.86,6168.94,3628.44,-5118.52
2050-12-30 10:00:00,4499.2,7160.94,4177.39,-6839.13
2050-12-30 11:00:00,4310.42,7413.11,292.69,-3395.37
2050-12-30 12:00:00,4161.44,7372.05,993.74,-4204.35
2050-12-30 13:00:00,3977.22,7618.36,2133.51,-5774.64
2050-12-30 14:00:00,3836.16,8222.4,3058.49,-7444.72
2050-12-30 15:00:00,3810.12,8844.04,366.21,-5400.12
2050-12-30 16:00:00,4111.62,8430.58,0.0,-4318.97
2050-12-30 17:00:00,4637.77,10046.25,0.0,-5408.47
2050-12-30 18:00:00,5245.15,9427.55,0.0,-4182.4
2050-12-30 19:00:00,5597.82,10846.75,0.0,-5248.93
2050-12-30 20:00:00,5755.81,13860.84,0.0,-8105.03
2050-12-30 21:00:00,5749.28,12372.17,0.0,-6622.89
2050-12-30 22:00:00,5570.63,12848.54,0.0,-7277.91
2050-12-30 23:00:00,5320.72,14047.61,0.0,-8726.88
2050-12-31 00:00:00,5015.09,13893.31,0.0,-8878.22
2050-12-31 01:00:00,4885.63,11025.61,0.0,-6139.98
2050-12-31 02:00:00,4660.42,9987.6,0.0,-5327.18
2050-12-31 03:00:00,4544.12,10175.26,0.0,-5631.14
2050-12-31 04:00:00,4471.21,9040.5,0.0,-4569.29
2050-12-31 05:00:00,4462.19,9805.8,0.0,-5343.61
2050-12-31 06:00:00,4575.07,7826.55,0.0,-3251.48
2050-12-31 07:00:00,4640.24,8330.89,40.57,-3731.22
2050-12-31 08:00:00,4623.53,6114.36,862.41,-2353.25
2050-12-31 09:00:00,4641.24,4734.87,1217.01,-1310.64
2050-12-31 10:00:00,4510.73,4779.52,1776.24,-2045.03
2050-12-31 11:00:00,4343.27,3562.65,2659.86,-1879.24
2050-12-31 12:00:00,4225.84,4719.98,2025.71,-2519.84
2050-12-31 13:00:00,4103.11,6000.23,2372.99,-4270.11
2050-12-31 14:00:00,4027.98,5546.18,1547.27,-3065.46
2050-12-31 15:00:00,4017.51,7891.06,610.65,-4484.19
2050-12-31 16:00:00,4269.65,11339.35,0.0,-7069.7
2050-12-31 17:00:00,4714.29,9146.05,0.0,-4431.76
2050-12-31 18:00:00,5240.95,10210.45,0.0,-4969.5
2050-12-31 19:00:00,5597.82,12188.11,0.0,-6590.3
2050-12-31 20:00:00,5755.81,11181.01,0.0,-5425.2
2050-12-31 21:00:00,5749.28,13180.57,0.0,-7431.29
2050-12-31 22:00:00,5570.63,15038.23,0.0,-9467.6
2050-12-31 23:00:00,5320.72,14361.58,0.0,-9040.85
