Source,Location ID,City,State,Country,Latitude,Longitude,Time Zone,Elevation,Local Time Zone,Clearsky DHI Units,Clearsky DNI Units,Clearsky GHI Units,Dew Point Units,DHI Units,DNI Units,GHI Units,Solar Zenith Angle Units,Temperature Units,Pressure Units,Relative Humidity Units,Precipitable Water Units,Wind Direction Units,Wind Speed Units,Cloud Type -15,Cloud Type 0,Cloud Type 1,Cloud Type 2,Cloud Type 3,Cloud Type 4,Cloud Type 5,Cloud Type 6,Cloud Type 7,Cloud Type 8,Cloud Type 9,Cloud Type 10,Cloud Type 11,Cloud Type 12,Fill Flag 0,Fill Flag 1,Fill Flag 2,Fill Flag 3,Fill Flag 4,Fill Flag 5,Surface Albedo Units,Version
NSRDB,1268133,-,-,-,40.81,-73.26,-5,40,-5,w/m2,w/m2,w/m2,c,w/m2,w/m2,w/m2,Degree,c,mbar,%,cm,Degrees,m/s,N/A,Clear,Probably Clear,Fog,Water,Super-Cooled Water,Mixed,Opaque Ice,Cirrus,Overlapping,Overshooting,Unknown,Dust,Smoke,N/A,Missing Image,Low Irradiance,Exceeds Clearsky,Missing CLoud Properties,Rayleigh Violation,N/A,4.1.2.dev4+g3b38bc8.d20250228
Year,Month,Day,Hour,Minute,DHI,GHI
2019,1,1,0,30,0,0
2019,1,1,1,30,0,0
2019,1,1,2,30,0,0
2019,1,1,3,30,0,0
2019,1,1,4,30,0,0
2019,1,1,5,30,0,0
2019,1,1,6,30,0,0
2019,1,1,7,30,6,6
2019,1,1,8,30,62,63
2019,1,1,9,30,88,90
2019,1,1,10,30,81,83
2019,1,1,11,30,130,133
2019,1,1,12,30,129,391
2019,1,1,13,30,59,389
2019,1,1,14,30,73,267
2019,1,1,15,30,87,94
2019,1,1,16,30,6,6
2019,1,1,17,30,0,0
2019,1,1,18,30,0,0
2019,1,1,19,30,0,0
2019,1,1,20,30,0,0
2019,1,1,21,30,0,0
2019,1,1,22,30,0,0
2019,1,1,23,30,0,0
2019,1,2,0,30,0,0
2019,1,2,1,30,0,0
2019,1,2,2,30,0,0
2019,1,2,3,30,0,0
2019,1,2,4,30,0,0
2019,1,2,5,30,0,0
2019,1,2,6,30,0,0
2019,1,2,7,30,9,9
2019,1,2,8,30,90,96
2019,1,2,9,30,155,182
2019,1,2,10,30,173,306
2019,1,2,11,30,126,396
2019,1,2,12,30,97,422
2019,1,2,13,30,175,288
2019,1,2,14,30,125,134
2019,1,2,15,30,64,65
2019,1,2,16,30,6,6
2019,1,2,17,30,0,0
2019,1,2,18,30,0,0
2019,1,2,19,30,0,0
2019,1,2,20,30,0,0
2019,1,2,21,30,0,0
2019,1,2,22,30,0,0
2019,1,2,23,30,0,0
2019,1,3,0,30,0,0
2019,1,3,1,30,0,0
2019,1,3,2,30,0,0
2019,1,3,3,30,0,0
2019,1,3,4,30,0,0
2019,1,3,5,30,0,0
2019,1,3,6,30,0,0
2019,1,3,7,30,6,6
2019,1,3,8,30,66,67
2019,1,3,9,30,105,109
2019,1,3,10,30,129,135
2019,1,3,11,30,179,194
2019,1,3,12,30,121,417
2019,1,3,13,30,62,401
2019,1,3,14,30,54,290
2019,1,3,15,30,43,143
2019,1,3,16,30,10,12
2019,1,3,17,30,0,0
2019,1,3,18,30,0,0
2019,1,3,19,30,0,0
2019,1,3,20,30,0,0
2019,1,3,21,30,0,0
2019,1,3,22,30,0,0
2019,1,3,23,30,0,0
2019,1,4,0,30,0,0
2019,1,4,1,30,0,0
2019,1,4,2,30,0,0
2019,1,4,3,30,0,0
2019,1,4,4,30,0,0
2019,1,4,5,30,0,0
2019,1,4,6,30,0,0
2019,1,4,7,30,9,9
2019,1,4,8,30,92,102
2019,1,4,9,30,158,222
2019,1,4,10,30,170,303
2019,1,4,11,30,204,319
2019,1,4,12,30,211,296
2019,1,4,13,30,189,220
2019,1,4,14,30,94,96
2019,1,4,15,30,45,46
2019,1,4,16,30,5,5
2019,1,4,17,30,0,0
2019,1,4,18,30,0,0
2019,1,4,19,30,0,0
2019,1,4,20,30,0,0
2019,1,4,21,30,0,0
2019,1,4,22,30,0,0
2019,1,4,23,30,0,0
2019,1,5,0,30,0,0
2019,1,5,1,30,0,0
2019,1,5,2,30,0,0
2019,1,5,3,30,0,0
2019,1,5,4,30,0,0
2019,1,5,5,30,0,0
2019,1,5,6,30,0,0
2019,1,5,7,30,2,2
2019,1,5,8,30,9,17
2019,1,5,9,30,29,29
2019,1,5,10,30,31,31
2019,1,5,11,30,42,42
2019,1,5,12,30,53,53
2019,1,5,13,30,22,22
2019,1,5,14,30,5,5
2019,1,5,15,30,14,14
2019,1,5,16,30,3,3
2019,1,5,17,30,0,0
2019,1,5,18,30,0,0
2019,1,5,19,30,0,0
2019,1,5,20,30,0,0
2019,1,5,21,30,0,0
2019,1,5,22,30,0,0
2019,1,5,23,30,0,0
2019,1,6,0,30,0,0
2019,1,6,1,30,0,0
2019,1,6,2,30,0,0
2019,1,6,3,30,0,0
2019,1,6,4,30,0,0
2019,1,6,5,30,0,0
2019,1,6,6,30,0,0
2019,1,6,7,30,3,3
2019,1,6,8,30,25,25
2019,1,6,9,30,45,45
2019,1,6,10,30,69,69
2019,1,6,11,30,132,411
2019,1,6,12,30,71,458
2019,1,6,13,30,89,307
2019,1,6,14,30,134,160
2019,1,6,15,30,74,76
2019,1,6,16,30,9,9
2019,1,6,17,30,0,0
2019,1,6,18,30,0,0
2019,1,6,19,30,0,0
2019,1,6,20,30,0,0
2019,1,6,21,30,0,0
2019,1,6,22,30,0,0
2019,1,6,23,30,0,0
2019,1,7,0,30,0,0
2019,1,7,1,30,0,0
2019,1,7,2,30,0,0
2019,1,7,3,30,0,0
2019,1,7,4,30,0,0
2019,1,7,5,30,0,0
2019,1,7,6,30,0,0
2019,1,7,7,30,10,10
2019,1,7,8,30,87,133
2019,1,7,9,30,166,203
2019,1,7,10,30,208,291
2019,1,7,11,30,149,406
2019,1,7,12,30,58,473
2019,1,7,13,30,56,412
2019,1,7,14,30,153,208
2019,1,7,15,30,87,95
2019,1,7,16,30,7,7
2019,1,7,17,30,0,0
2019,1,7,18,30,0,0
2019,1,7,19,30,0,0
2019,1,7,20,30,0,0
2019,1,7,21,30,0,0
2019,1,7,22,30,0,0
2019,1,7,23,30,0,0
2019,1,8,0,30,0,0
2019,1,8,1,30,0,0
2019,1,8,2,30,0,0
2019,1,8,3,30,0,0
2019,1,8,4,30,0,0
2019,1,8,5,30,0,0
2019,1,8,6,30,0,0
2019,1,8,7,30,14,16
2019,1,8,8,30,61,141
2019,1,8,9,30,63,63
2019,1,8,10,30,139,143
2019,1,8,11,30,75,75
2019,1,8,12,30,72,72
2019,1,8,13,30,63,63
2019,1,8,14,30,76,76
2019,1,8,15,30,38,38
2019,1,8,16,30,6,6
2019,1,8,17,30,0,0
2019,1,8,18,30,0,0
2019,1,8,19,30,0,0
2019,1,8,20,30,0,0
2019,1,8,21,30,0,0
2019,1,8,22,30,0,0
2019,1,8,23,30,0,0
2019,1,9,0,30,0,0
2019,1,9,1,30,0,0
2019,1,9,2,30,0,0
2019,1,9,3,30,0,0
2019,1,9,4,30,0,0
2019,1,9,5,30,0,0
2019,1,9,6,30,0,0
2019,1,9,7,30,14,19
2019,1,9,8,30,42,160
2019,1,9,9,30,55,305
2019,1,9,10,30,65,414
2019,1,9,11,30,67,468
2019,1,9,12,30,69,468
2019,1,9,13,30,85,398
2019,1,9,14,30,130,233
2019,1,9,15,30,55,55
2019,1,9,16,30,11,11
2019,1,9,17,30,0,0
2019,1,9,18,30,0,0
2019,1,9,19,30,0,0
2019,1,9,20,30,0,0
2019,1,9,21,30,0,0
2019,1,9,22,30,0,0
2019,1,9,23,30,0,0
2019,1,10,0,30,0,0
2019,1,10,1,30,0,0
2019,1,10,2,30,0,0
2019,1,10,3,30,0,0
2019,1,10,4,30,0,0
2019,1,10,5,30,0,0
2019,1,10,6,30,0,0
2019,1,10,7,30,10,10
2019,1,10,8,30,55,55
2019,1,10,9,30,144,148
2019,1,10,10,30,206,236
2019,1,10,11,30,175,184
2019,1,10,12,30,226,318
2019,1,10,13,30,199,246
2019,1,10,14,30,158,227
2019,1,10,15,30,96,109
2019,1,10,16,30,14,14
2019,1,10,17,30,0,0
2019,1,10,18,30,0,0
2019,1,10,19,30,0,0
2019,1,10,20,30,0,0
2019,1,10,21,30,0,0
2019,1,10,22,30,0,0
2019,1,10,23,30,0,0
2019,1,11,0,30,0,0
2019,1,11,1,30,0,0
2019,1,11,2,30,0,0
2019,1,11,3,30,0,0
2019,1,11,4,30,0,0
2019,1,11,5,30,0,0
2019,1,11,6,30,0,0
2019,1,11,7,30,12,12
2019,1,11,8,30,58,160
2019,1,11,9,30,49,318
2019,1,11,10,30,54,428
2019,1,11,11,30,55,487
2019,1,11,12,30,55,488
2019,1,11,13,30,52,431
2019,1,11,14,30,44,320
2019,1,11,15,30,70,154
2019,1,11,16,30,15,15
2019,1,11,17,30,0,0
2019,1,11,18,30,0,0
2019,1,11,19,30,0,0
2019,1,11,20,30,0,0
2019,1,11,21,30,0,0
2019,1,11,22,30,0,0
2019,1,11,23,30,0,0
2019,1,12,0,30,0,0
2019,1,12,1,30,0,0
2019,1,12,2,30,0,0
2019,1,12,3,30,0,0
2019,1,12,4,30,0,0
2019,1,12,5,30,0,0
2019,1,12,6,30,0,0
2019,1,12,7,30,9,9
2019,1,12,8,30,84,85
2019,1,12,9,30,121,123
2019,1,12,10,30,66,419
2019,1,12,11,30,77,473
2019,1,12,12,30,77,474
2019,1,12,13,30,209,300
2019,1,12,14,30,157,205
2019,1,12,15,30,99,122
2019,1,12,16,30,15,15
2019,1,12,17,30,0,0
2019,1,12,18,30,0,0
2019,1,12,19,30,0,0
2019,1,12,20,30,0,0
2019,1,12,21,30,0,0
2019,1,12,22,30,0,0
2019,1,12,23,30,0,0
2019,1,13,0,30,0,0
2019,1,13,1,30,0,0
2019,1,13,2,30,0,0
2019,1,13,3,30,0,0
2019,1,13,4,30,0,0
2019,1,13,5,30,0,0
2019,1,13,6,30,0,0
2019,1,13,7,30,5,5
2019,1,13,8,30,44,44
2019,1,13,9,30,163,176
2019,1,13,10,30,201,320
2019,1,13,11,30,244,352
2019,1,13,12,30,64,478
2019,1,13,13,30,76,410
2019,1,13,14,30,144,159
2019,1,13,15,30,76,148
2019,1,13,16,30,17,26
2019,1,13,17,30,0,0
2019,1,13,18,30,0,0
2019,1,13,19,30,0,0
2019,1,13,20,30,0,0
2019,1,13,21,30,0,0
2019,1,13,22,30,0,0
2019,1,13,23,30,0,0
2019,1,14,0,30,0,0
2019,1,14,1,30,0,0
2019,1,14,2,30,0,0
2019,1,14,3,30,0,0
2019,1,14,4,30,0,0
2019,1,14,5,30,0,0
2019,1,14,6,30,0,0
2019,1,14,7,30,13,13
2019,1,14,8,30,98,106
2019,1,14,9,30,173,211
2019,1,14,10,30,228,261
2019,1,14,11,30,220,228
2019,1,14,12,30,280,325
2019,1,14,13,30,57,443
2019,1,14,14,30,50,333
2019,1,14,15,30,39,184
2019,1,14,16,30,19,30
2019,1,14,17,30,0,0
2019,1,14,18,30,0,0
2019,1,14,19,30,0,0
2019,1,14,20,30,0,0
2019,1,14,21,30,0,0
2019,1,14,22,30,0,0
2019,1,14,23,30,0,0
2019,1,15,0,30,0,0
2019,1,15,1,30,0,0
2019,1,15,2,30,0,0
2019,1,15,3,30,0,0
2019,1,15,4,30,0,0
2019,1,15,5,30,0,0
2019,1,15,6,30,0,0
2019,1,15,7,30,14,17
2019,1,15,8,30,41,170
2019,1,15,9,30,54,319
2019,1,15,10,30,158,372
2019,1,15,11,30,86,474
2019,1,15,12,30,205,365
2019,1,15,13,30,171,347
2019,1,15,14,30,139,263
2019,1,15,15,30,108,120
2019,1,15,16,30,18,18
2019,1,15,17,30,0,0
2019,1,15,18,30,0,0
2019,1,15,19,30,0,0
2019,1,15,20,30,0,0
2019,1,15,21,30,0,0
2019,1,15,22,30,0,0
2019,1,15,23,30,0,0
2019,1,16,0,30,0,0
2019,1,16,1,30,0,0
2019,1,16,2,30,0,0
2019,1,16,3,30,0,0
2019,1,16,4,30,0,0
2019,1,16,5,30,0,0
2019,1,16,6,30,0,0
2019,1,16,7,30,17,24
2019,1,16,8,30,50,93
2019,1,16,9,30,61,61
2019,1,16,10,30,91,91
2019,1,16,11,30,143,346
2019,1,16,12,30,177,181
2019,1,16,13,30,86,427
2019,1,16,14,30,85,85
2019,1,16,15,30,105,130
2019,1,16,16,30,20,22
2019,1,16,17,30,0,0
2019,1,16,18,30,0,0
2019,1,16,19,30,0,0
2019,1,16,20,30,0,0
2019,1,16,21,30,0,0
2019,1,16,22,30,0,0
2019,1,16,23,30,0,0
2019,1,17,0,30,0,0
2019,1,17,1,30,0,0
2019,1,17,2,30,0,0
2019,1,17,3,30,0,0
2019,1,17,4,30,0,0
2019,1,17,5,30,0,0
2019,1,17,6,30,0,0
2019,1,17,7,30,12,12
2019,1,17,8,30,66,67
2019,1,17,9,30,167,232
2019,1,17,10,30,185,331
2019,1,17,11,30,64,503
2019,1,17,12,30,191,407
2019,1,17,13,30,218,308
2019,1,17,14,30,169,207
2019,1,17,15,30,54,55
2019,1,17,16,30,17,17
2019,1,17,17,30,0,0
2019,1,17,18,30,0,0
2019,1,17,19,30,0,0
2019,1,17,20,30,0,0
2019,1,17,21,30,0,0
2019,1,17,22,30,0,0
2019,1,17,23,30,0,0
2019,1,18,0,30,0,0
2019,1,18,1,30,0,0
2019,1,18,2,30,0,0
2019,1,18,3,30,0,0
2019,1,18,4,30,0,0
2019,1,18,5,30,0,0
2019,1,18,6,30,0,0
2019,1,18,7,30,6,6
2019,1,18,8,30,71,72
2019,1,18,9,30,144,151
2019,1,18,10,30,162,164
2019,1,18,11,30,235,248
2019,1,18,12,30,274,310
2019,1,18,13,30,125,310
2019,1,18,14,30,70,70
2019,1,18,15,30,54,171
2019,1,18,16,30,24,36
2019,1,18,17,30,0,0
2019,1,18,18,30,0,0
2019,1,18,19,30,0,0
2019,1,18,20,30,0,0
2019,1,18,21,30,0,0
2019,1,18,22,30,0,0
2019,1,18,23,30,0,0
2019,1,19,0,30,0,0
2019,1,19,1,30,0,0
2019,1,19,2,30,0,0
2019,1,19,3,30,0,0
2019,1,19,4,30,0,0
2019,1,19,5,30,0,0
2019,1,19,6,30,0,0
2019,1,19,7,30,12,12
2019,1,19,8,30,73,73
2019,1,19,9,30,117,118
2019,1,19,10,30,126,126
2019,1,19,11,30,142,143
2019,1,19,12,30,74,74
2019,1,19,13,30,58,58
2019,1,19,14,30,7,7
2019,1,19,15,30,12,12
2019,1,19,16,30,9,9
2019,1,19,17,30,0,0
2019,1,19,18,30,0,0
2019,1,19,19,30,0,0
2019,1,19,20,30,0,0
2019,1,19,21,30,0,0
2019,1,19,22,30,0,0
2019,1,19,23,30,0,0
2019,1,20,0,30,0,0
2019,1,20,1,30,0,0
2019,1,20,2,30,0,0
2019,1,20,3,30,0,0
2019,1,20,4,30,0,0
2019,1,20,5,30,0,0
2019,1,20,6,30,0,0
2019,1,20,7,30,8,8
2019,1,20,8,30,36,36
2019,1,20,9,30,8,8
2019,1,20,10,30,12,12
2019,1,20,11,30,15,15
2019,1,20,12,30,15,15
2019,1,20,13,30,107,107
2019,1,20,14,30,50,50
2019,1,20,15,30,60,197
2019,1,20,16,30,27,43
2019,1,20,17,30,0,0
2019,1,20,18,30,0,0
2019,1,20,19,30,0,0
2019,1,20,20,30,0,0
2019,1,20,21,30,0,0
2019,1,20,22,30,0,0
2019,1,20,23,30,0,0
2019,1,21,0,30,0,0
2019,1,21,1,30,0,0
2019,1,21,2,30,0,0
2019,1,21,3,30,0,0
2019,1,21,4,30,0,0
2019,1,21,5,30,0,0
2019,1,21,6,30,0,0
2019,1,21,7,30,15,15
2019,1,21,8,30,116,125
2019,1,21,9,30,210,253
2019,1,21,10,30,275,318
2019,1,21,11,30,210,222
2019,1,21,12,30,266,297
2019,1,21,13,30,163,178
2019,1,21,14,30,183,202
2019,1,21,15,30,121,166
2019,1,21,16,30,27,27
2019,1,21,17,30,0,0
2019,1,21,18,30,0,0
2019,1,21,19,30,0,0
2019,1,21,20,30,0,0
2019,1,21,21,30,0,0
2019,1,21,22,30,0,0
2019,1,21,23,30,0,0
2019,1,22,0,30,0,0
2019,1,22,1,30,0,0
2019,1,22,2,30,0,0
2019,1,22,3,30,0,0
2019,1,22,4,30,0,0
2019,1,22,5,30,0,0
2019,1,22,6,30,0,0
2019,1,22,7,30,20,20
2019,1,22,8,30,53,186
2019,1,22,9,30,47,353
2019,1,22,10,30,56,473
2019,1,22,11,30,82,524
2019,1,22,12,30,60,536
2019,1,22,13,30,60,481
2019,1,22,14,30,55,366
2019,1,22,15,30,56,207
2019,1,22,16,30,32,32
2019,1,22,17,30,0,0
2019,1,22,18,30,0,0
2019,1,22,19,30,0,0
2019,1,22,20,30,0,0
2019,1,22,21,30,0,0
2019,1,22,22,30,0,0
2019,1,22,23,30,0,0
2019,1,23,0,30,0,0
2019,1,23,1,30,0,0
2019,1,23,2,30,0,0
2019,1,23,3,30,0,0
2019,1,23,4,30,0,0
2019,1,23,5,30,0,0
2019,1,23,6,30,0,0
2019,1,23,7,30,19,24
2019,1,23,8,30,52,160
2019,1,23,9,30,58,58
2019,1,23,10,30,52,52
2019,1,23,11,30,44,44
2019,1,23,12,30,74,74
2019,1,23,13,30,163,166
2019,1,23,14,30,153,157
2019,1,23,15,30,83,96
2019,1,23,16,30,19,19
2019,1,23,17,30,0,0
2019,1,23,18,30,0,0
2019,1,23,19,30,0,0
2019,1,23,20,30,0,0
2019,1,23,21,30,0,0
2019,1,23,22,30,0,0
2019,1,23,23,30,0,0
2019,1,24,0,30,0,0
2019,1,24,1,30,0,0
2019,1,24,2,30,0,0
2019,1,24,3,30,0,0
2019,1,24,4,30,0,0
2019,1,24,5,30,0,0
2019,1,24,6,30,0,0
2019,1,24,7,30,3,3
2019,1,24,8,30,9,9
2019,1,24,9,30,29,29
2019,1,24,10,30,22,22
2019,1,24,11,30,20,20
2019,1,24,12,30,17,17
2019,1,24,13,30,16,16
2019,1,24,14,30,7,7
2019,1,24,15,30,17,17
2019,1,24,16,30,10,10
2019,1,24,17,30,0,0
2019,1,24,18,30,0,0
2019,1,24,19,30,0,0
2019,1,24,20,30,0,0
2019,1,24,21,30,0,0
2019,1,24,22,30,0,0
2019,1,24,23,30,0,0
2019,1,25,0,30,0,0
2019,1,25,1,30,0,0
2019,1,25,2,30,0,0
2019,1,25,3,30,0,0
2019,1,25,4,30,0,0
2019,1,25,5,30,0,0
2019,1,25,6,30,0,0
2019,1,25,7,30,22,34
2019,1,25,8,30,58,185
2019,1,25,9,30,130,294
2019,1,25,10,30,93,453
2019,1,25,11,30,79,530
2019,1,25,12,30,79,536
2019,1,25,13,30,75,482
2019,1,25,14,30,107,344
2019,1,25,15,30,69,216
2019,1,25,16,30,28,63
2019,1,25,17,30,0,0
2019,1,25,18,30,0,0
2019,1,25,19,30,0,0
2019,1,25,20,30,0,0
2019,1,25,21,30,0,0
2019,1,25,22,30,0,0
2019,1,25,23,30,0,0
2019,1,26,0,30,0,0
2019,1,26,1,30,0,0
2019,1,26,2,30,0,0
2019,1,26,3,30,0,0
2019,1,26,4,30,0,0
2019,1,26,5,30,0,0
2019,1,26,6,30,0,0
2019,1,26,7,30,23,23
2019,1,26,8,30,46,203
2019,1,26,9,30,105,332
2019,1,26,10,30,69,475
2019,1,26,11,30,76,539
2019,1,26,12,30,76,541
2019,1,26,13,30,70,488
2019,1,26,14,30,68,376
2019,1,26,15,30,138,162
2019,1,26,16,30,35,35
2019,1,26,17,30,0,0
2019,1,26,18,30,0,0
2019,1,26,19,30,0,0
2019,1,26,20,30,0,0
2019,1,26,21,30,0,0
2019,1,26,22,30,0,0
2019,1,26,23,30,0,0
2019,1,27,0,30,0,0
2019,1,27,1,30,0,0
2019,1,27,2,30,0,0
2019,1,27,3,30,0,0
2019,1,27,4,30,0,0
2019,1,27,5,30,0,0
2019,1,27,6,30,0,0
2019,1,27,7,30,22,37
2019,1,27,8,30,48,194
2019,1,27,9,30,61,349
2019,1,27,10,30,68,466
2019,1,27,11,30,90,514
2019,1,27,12,30,261,395
2019,1,27,13,30,146,415
2019,1,27,14,30,187,250
2019,1,27,15,30,118,128
2019,1,27,16,30,31,31
2019,1,27,17,30,0,0
2019,1,27,18,30,0,0
2019,1,27,19,30,0,0
2019,1,27,20,30,0,0
2019,1,27,21,30,0,0
2019,1,27,22,30,0,0
2019,1,27,23,30,0,0
2019,1,28,0,30,0,0
2019,1,28,1,30,0,0
2019,1,28,2,30,0,0
2019,1,28,3,30,0,0
2019,1,28,4,30,0,0
2019,1,28,5,30,0,0
2019,1,28,6,30,0,0
2019,1,28,7,30,25,25
2019,1,28,8,30,103,123
2019,1,28,9,30,190,255
2019,1,28,10,30,200,372
2019,1,28,11,30,254,378
2019,1,28,12,30,270,354
2019,1,28,13,30,243,312
2019,1,28,14,30,199,231
2019,1,28,15,30,111,118
2019,1,28,16,30,49,52
2019,1,28,17,30,0,0
2019,1,28,18,30,0,0
2019,1,28,19,30,0,0
2019,1,28,20,30,0,0
2019,1,28,21,30,0,0
2019,1,28,22,30,0,0
2019,1,28,23,30,0,0
2019,1,29,0,30,0,0
2019,1,29,1,30,0,0
2019,1,29,2,30,0,0
2019,1,29,3,30,0,0
2019,1,29,4,30,0,0
2019,1,29,5,30,0,0
2019,1,29,6,30,0,0
2019,1,29,7,30,11,11
2019,1,29,8,30,27,27
2019,1,29,9,30,28,28
2019,1,29,10,30,32,32
2019,1,29,11,30,65,65
2019,1,29,12,30,55,55
2019,1,29,13,30,27,27
2019,1,29,14,30,43,43
2019,1,29,15,30,31,31
2019,1,29,16,30,16,16
2019,1,29,17,30,0,0
2019,1,29,18,30,0,0
2019,1,29,19,30,0,0
2019,1,29,20,30,0,0
2019,1,29,21,30,0,0
2019,1,29,22,30,0,0
2019,1,29,23,30,0,0
2019,1,30,0,30,0,0
2019,1,30,1,30,0,0
2019,1,30,2,30,0,0
2019,1,30,3,30,0,0
2019,1,30,4,30,0,0
2019,1,30,5,30,0,0
2019,1,30,6,30,0,0
2019,1,30,7,30,31,31
2019,1,30,8,30,46,225
2019,1,30,9,30,61,387
2019,1,30,10,30,72,512
2019,1,30,11,30,81,581
2019,1,30,12,30,89,584
2019,1,30,13,30,93,524
2019,1,30,14,30,175,340
2019,1,30,15,30,78,78
2019,1,30,16,30,29,29
2019,1,30,17,30,0,0
2019,1,30,18,30,0,0
2019,1,30,19,30,0,0
2019,1,30,20,30,0,0
2019,1,30,21,30,0,0
2019,1,30,22,30,0,0
2019,1,30,23,30,0,0
2019,1,31,0,30,0,0
2019,1,31,1,30,0,0
2019,1,31,2,30,0,0
2019,1,31,3,30,0,0
2019,1,31,4,30,0,0
2019,1,31,5,30,0,0
2019,1,31,6,30,0,0
2019,1,31,7,30,33,33
2019,1,31,8,30,146,175
2019,1,31,9,30,233,329
2019,1,31,10,30,300,430
2019,1,31,11,30,341,483
2019,1,31,12,30,361,478
2019,1,31,13,30,234,474
2019,1,31,14,30,80,419
2019,1,31,15,30,77,252
2019,1,31,16,30,57,59
2019,1,31,17,30,0,0
2019,1,31,18,30,0,0
2019,1,31,19,30,0,0
2019,1,31,20,30,0,0
2019,1,31,21,30,0,0
2019,1,31,22,30,0,0
2019,1,31,23,30,0,0
1999,2,1,0,30,0,0
1999,2,1,1,30,0,0
1999,2,1,2,30,0,0
1999,2,1,3,30,0,0
1999,2,1,4,30,0,0
1999,2,1,5,30,0,0
1999,2,1,6,30,0,0
1999,2,1,7,30,26,26
1999,2,1,8,30,121,124
1999,2,1,9,30,209,296
1999,2,1,10,30,139,430
1999,2,1,11,30,185,492
1999,2,1,12,30,304,449
1999,2,1,13,30,182,415
1999,2,1,14,30,145,345
1999,2,1,15,30,49,258
1999,2,1,16,30,30,85
1999,2,1,17,30,0,0
1999,2,1,18,30,0,0
1999,2,1,19,30,0,0
1999,2,1,20,30,0,0
1999,2,1,21,30,0,0
1999,2,1,22,30,0,0
1999,2,1,23,30,0,0
1999,2,2,0,30,0,0
1999,2,2,1,30,0,0
1999,2,2,2,30,0,0
1999,2,2,3,30,0,0
1999,2,2,4,30,0,0
1999,2,2,5,30,0,0
1999,2,2,6,30,0,0
1999,2,2,7,30,9,9
1999,2,2,8,30,82,84
1999,2,2,9,30,20,20
1999,2,2,10,30,84,85
1999,2,2,11,30,178,185
1999,2,2,12,30,151,154
1999,2,2,13,30,197,211
1999,2,2,14,30,18,18
1999,2,2,15,30,73,74
1999,2,2,16,30,14,14
1999,2,2,17,30,0,0
1999,2,2,18,30,0,0
1999,2,2,19,30,0,0
1999,2,2,20,30,0,0
1999,2,2,21,30,0,0
1999,2,2,22,30,0,0
1999,2,2,23,30,0,0
1999,2,3,0,30,0,0
1999,2,3,1,30,0,0
1999,2,3,2,30,0,0
1999,2,3,3,30,0,0
1999,2,3,4,30,0,0
1999,2,3,5,30,0,0
1999,2,3,6,30,0,0
1999,2,3,7,30,28,49
1999,2,3,8,30,62,208
1999,2,3,9,30,76,368
1999,2,3,10,30,78,493
1999,2,3,11,30,306,432
1999,2,3,12,30,73,577
1999,2,3,13,30,69,524
1999,2,3,14,30,62,418
1999,2,3,15,30,51,264
1999,2,3,16,30,31,92
1999,2,3,17,30,0,0
1999,2,3,18,30,0,0
1999,2,3,19,30,0,0
1999,2,3,20,30,0,0
1999,2,3,21,30,0,0
1999,2,3,22,30,0,0
1999,2,3,23,30,0,0
1999,2,4,0,30,0,0
1999,2,4,1,30,0,0
1999,2,4,2,30,0,0
1999,2,4,3,30,0,0
1999,2,4,4,30,0,0
1999,2,4,5,30,0,0
1999,2,4,6,30,0,0
1999,2,4,7,30,19,19
1999,2,4,8,30,120,182
1999,2,4,9,30,184,218
1999,2,4,10,30,228,238
1999,2,4,11,30,75,75
1999,2,4,12,30,144,146
1999,2,4,13,30,38,38
1999,2,4,14,30,91,92
1999,2,4,15,30,52,52
1999,2,4,16,30,3,3
1999,2,4,17,30,0,0
1999,2,4,18,30,0,0
1999,2,4,19,30,0,0
1999,2,4,20,30,0,0
1999,2,4,21,30,0,0
1999,2,4,22,30,0,0
1999,2,4,23,30,0,0
1999,2,5,0,30,0,0
1999,2,5,1,30,0,0
1999,2,5,2,30,0,0
1999,2,5,3,30,0,0
1999,2,5,4,30,0,0
1999,2,5,5,30,0,0
1999,2,5,6,30,0,0
1999,2,5,7,30,26,62
1999,2,5,8,30,50,237
1999,2,5,9,30,60,402
1999,2,5,10,30,64,526
1999,2,5,11,30,66,595
1999,2,5,12,30,65,602
1999,2,5,13,30,62,548
1999,2,5,14,30,55,432
1999,2,5,15,30,46,278
1999,2,5,16,30,30,101
1999,2,5,17,30,0,0
1999,2,5,18,30,0,0
1999,2,5,19,30,0,0
1999,2,5,20,30,0,0
1999,2,5,21,30,0,0
1999,2,5,22,30,0,0
1999,2,5,23,30,0,0
1999,2,6,0,30,0,0
1999,2,6,1,30,0,0
1999,2,6,2,30,0,0
1999,2,6,3,30,0,0
1999,2,6,4,30,0,0
1999,2,6,5,30,0,0
1999,2,6,6,30,0,0
1999,2,6,7,30,19,19
1999,2,6,8,30,141,160
1999,2,6,9,30,169,303
1999,2,6,10,30,177,183
1999,2,6,11,30,126,127
1999,2,6,12,30,138,140
1999,2,6,13,30,103,103
1999,2,6,14,30,181,184
1999,2,6,15,30,78,78
1999,2,6,16,30,5,5
1999,2,6,17,30,0,0
1999,2,6,18,30,0,0
1999,2,6,19,30,0,0
1999,2,6,20,30,0,0
1999,2,6,21,30,0,0
1999,2,6,22,30,0,0
1999,2,6,23,30,0,0
1999,2,7,0,30,0,0
1999,2,7,1,30,0,0
1999,2,7,2,30,0,0
1999,2,7,3,30,0,0
1999,2,7,4,30,0,0
1999,2,7,5,30,0,0
1999,2,7,6,30,0,0
1999,2,7,7,30,29,30
1999,2,7,8,30,127,135
1999,2,7,9,30,238,278
1999,2,7,10,30,267,333
1999,2,7,11,30,272,313
1999,2,7,12,30,177,181
1999,2,7,13,30,168,172
1999,2,7,14,30,194,213
1999,2,7,15,30,32,32
1999,2,7,16,30,3,3
1999,2,7,17,30,0,0
1999,2,7,18,30,0,0
1999,2,7,19,30,0,0
1999,2,7,20,30,0,0
1999,2,7,21,30,0,0
1999,2,7,22,30,0,0
1999,2,7,23,30,0,0
1999,2,8,0,30,0,0
1999,2,8,1,30,0,0
1999,2,8,2,30,0,0
1999,2,8,3,30,0,0
1999,2,8,4,30,0,0
1999,2,8,5,30,0,0
1999,2,8,6,30,0,0
1999,2,8,7,30,16,16
1999,2,8,8,30,70,223
1999,2,8,9,30,101,101
1999,2,8,10,30,134,135
1999,2,8,11,30,163,168
1999,2,8,12,30,224,245
1999,2,8,13,30,212,213
1999,2,8,14,30,63,440
1999,2,8,15,30,52,288
1999,2,8,16,30,46,46
1999,2,8,17,30,0,0
1999,2,8,18,30,0,0
1999,2,8,19,30,0,0
1999,2,8,20,30,0,0
1999,2,8,21,30,0,0
1999,2,8,22,30,0,0
1999,2,8,23,30,0,0
1999,2,9,0,30,0,0
1999,2,9,1,30,0,0
1999,2,9,2,30,0,0
1999,2,9,3,30,0,0
1999,2,9,4,30,0,0
1999,2,9,5,30,0,0
1999,2,9,6,30,0,0
1999,2,9,7,30,37,37
1999,2,9,8,30,146,153
1999,2,9,9,30,204,237
1999,2,9,10,30,252,288
1999,2,9,11,30,211,221
1999,2,9,12,30,225,240
1999,2,9,13,30,249,278
1999,2,9,14,30,123,125
1999,2,9,15,30,147,161
1999,2,9,16,30,75,86
1999,2,9,17,30,0,0
1999,2,9,18,30,0,0
1999,2,9,19,30,0,0
1999,2,9,20,30,0,0
1999,2,9,21,30,0,0
1999,2,9,22,30,0,0
1999,2,9,23,30,0,0
1999,2,10,0,30,0,0
1999,2,10,1,30,0,0
1999,2,10,2,30,0,0
1999,2,10,3,30,0,0
1999,2,10,4,30,0,0
1999,2,10,5,30,0,0
1999,2,10,6,30,0,0
1999,2,10,7,30,27,77
1999,2,10,8,30,48,254
1999,2,10,9,30,59,418
1999,2,10,10,30,66,541
1999,2,10,11,30,70,611
1999,2,10,12,30,71,618
1999,2,10,13,30,68,564
1999,2,10,14,30,61,453
1999,2,10,15,30,51,297
1999,2,10,16,30,33,119
1999,2,10,17,30,0,0
1999,2,10,18,30,0,0
1999,2,10,19,30,0,0
1999,2,10,20,30,0,0
1999,2,10,21,30,0,0
1999,2,10,22,30,0,0
1999,2,10,23,30,0,0
1999,2,11,0,30,0,0
1999,2,11,1,30,0,0
1999,2,11,2,30,0,0
1999,2,11,3,30,0,0
1999,2,11,4,30,0,0
1999,2,11,5,30,0,0
1999,2,11,6,30,0,0
1999,2,11,7,30,28,79
1999,2,11,8,30,50,253
1999,2,11,9,30,62,415
1999,2,11,10,30,69,537
1999,2,11,11,30,70,605
1999,2,11,12,30,70,613
1999,2,11,13,30,69,559
1999,2,11,14,30,65,449
1999,2,11,15,30,56,293
1999,2,11,16,30,38,118
1999,2,11,17,30,0,0
1999,2,11,18,30,0,0
1999,2,11,19,30,0,0
1999,2,11,20,30,0,0
1999,2,11,21,30,0,0
1999,2,11,22,30,0,0
1999,2,11,23,30,0,0
1999,2,12,0,30,0,0
1999,2,12,1,30,0,0
1999,2,12,2,30,0,0
1999,2,12,3,30,0,0
1999,2,12,4,30,0,0
1999,2,12,5,30,0,0
1999,2,12,6,30,0,0
1999,2,12,7,30,36,71
1999,2,12,8,30,64,64
1999,2,12,9,30,160,161
1999,2,12,10,30,158,158
1999,2,12,11,30,182,182
1999,2,12,12,30,271,325
1999,2,12,13,30,192,203
1999,2,12,14,30,160,161
1999,2,12,15,30,76,76
1999,2,12,16,30,41,113
1999,2,12,17,30,0,0
1999,2,12,18,30,0,0
1999,2,12,19,30,0,0
1999,2,12,20,30,0,0
1999,2,12,21,30,0,0
1999,2,12,22,30,0,0
1999,2,12,23,30,0,0
1999,2,13,0,30,0,0
1999,2,13,1,30,0,0
1999,2,13,2,30,0,0
1999,2,13,3,30,0,0
1999,2,13,4,30,0,0
1999,2,13,5,30,0,0
1999,2,13,6,30,0,0
1999,2,13,7,30,50,51
1999,2,13,8,30,54,274
1999,2,13,9,30,70,436
1999,2,13,10,30,81,560
1999,2,13,11,30,215,482
1999,2,13,12,30,88,631
1999,2,13,13,30,326,395
1999,2,13,14,30,127,127
1999,2,13,15,30,184,200
1999,2,13,16,30,43,127
1999,2,13,17,30,0,0
1999,2,13,18,30,0,0
1999,2,13,19,30,0,0
1999,2,13,20,30,0,0
1999,2,13,21,30,0,0
1999,2,13,22,30,0,0
1999,2,13,23,30,0,0
1999,2,14,0,30,0,0
1999,2,14,1,30,0,0
1999,2,14,2,30,0,0
1999,2,14,3,30,0,0
1999,2,14,4,30,0,0
1999,2,14,5,30,0,0
1999,2,14,6,30,0,0
1999,2,14,7,30,57,57
1999,2,14,8,30,163,172
1999,2,14,9,30,83,433
1999,2,14,10,30,90,559
1999,2,14,11,30,89,631
1999,2,14,12,30,84,647
1999,2,14,13,30,78,593
1999,2,14,14,30,69,481
1999,2,14,15,30,58,325
1999,2,14,16,30,39,140
1999,2,14,17,30,0,0
1999,2,14,18,30,0,0
1999,2,14,19,30,0,0
1999,2,14,20,30,0,0
1999,2,14,21,30,0,0
1999,2,14,22,30,0,0
1999,2,14,23,30,0,0
1999,2,15,0,30,0,0
1999,2,15,1,30,0,0
1999,2,15,2,30,0,0
1999,2,15,3,30,0,0
1999,2,15,4,30,0,0
1999,2,15,5,30,0,0
1999,2,15,6,30,0,0
1999,2,15,7,30,31,96
1999,2,15,8,30,49,278
1999,2,15,9,30,59,445
1999,2,15,10,30,64,569
1999,2,15,11,30,65,639
1999,2,15,12,30,65,646
1999,2,15,13,30,64,592
1999,2,15,14,30,61,477
1999,2,15,15,30,54,320
1999,2,15,16,30,38,138
1999,2,15,17,30,0,0
1999,2,15,18,30,0,0
1999,2,15,19,30,0,0
1999,2,15,20,30,0,0
1999,2,15,21,30,0,0
1999,2,15,22,30,0,0
1999,2,15,23,30,0,0
1999,2,16,0,30,0,0
1999,2,16,1,30,0,0
1999,2,16,2,30,0,0
1999,2,16,3,30,0,0
1999,2,16,4,30,0,0
1999,2,16,5,30,0,0
1999,2,16,6,30,0,0
1999,2,16,7,30,35,94
1999,2,16,8,30,58,275
1999,2,16,9,30,71,441
1999,2,16,10,30,78,565
1999,2,16,11,30,82,634
1999,2,16,12,30,84,642
1999,2,16,13,30,81,584
1999,2,16,14,30,76,472
1999,2,16,15,30,65,315
1999,2,16,16,30,44,137
1999,2,16,17,30,0,0
1999,2,16,18,30,0,0
1999,2,16,19,30,0,0
1999,2,16,20,30,0,0
1999,2,16,21,30,0,0
1999,2,16,22,30,0,0
1999,2,16,23,30,0,0
1999,2,17,0,30,0,0
1999,2,17,1,30,0,0
1999,2,17,2,30,0,0
1999,2,17,3,30,0,0
1999,2,17,4,30,0,0
1999,2,17,5,30,0,0
1999,2,17,6,30,0,0
1999,2,17,7,30,52,53
1999,2,17,8,30,58,58
1999,2,17,9,30,217,312
1999,2,17,10,30,235,426
1999,2,17,11,30,220,230
1999,2,17,12,30,291,379
1999,2,17,13,30,191,203
1999,2,17,14,30,169,177
1999,2,17,15,30,156,177
1999,2,17,16,30,22,22
1999,2,17,17,30,0,0
1999,2,17,18,30,0,0
1999,2,17,19,30,0,0
1999,2,17,20,30,0,0
1999,2,17,21,30,0,0
1999,2,17,22,30,0,0
1999,2,17,23,30,0,0
1999,2,18,0,30,0,0
1999,2,18,1,30,0,0
1999,2,18,2,30,0,0
1999,2,18,3,30,0,0
1999,2,18,4,30,0,0
1999,2,18,5,30,0,0
1999,2,18,6,30,0,0
1999,2,18,7,30,5,5
1999,2,18,8,30,9,9
1999,2,18,9,30,52,53
1999,2,18,10,30,100,100
1999,2,18,11,30,151,152
1999,2,18,12,30,92,92
1999,2,18,13,30,97,98
1999,2,18,14,30,134,136
1999,2,18,15,30,127,131
1999,2,18,16,30,60,61
1999,2,18,17,30,0,0
1999,2,18,18,30,0,0
1999,2,18,19,30,0,0
1999,2,18,20,30,0,0
1999,2,18,21,30,0,0
1999,2,18,22,30,0,0
1999,2,18,23,30,0,0
1999,2,19,0,30,0,0
1999,2,19,1,30,0,0
1999,2,19,2,30,0,0
1999,2,19,3,30,0,0
1999,2,19,4,30,0,0
1999,2,19,5,30,0,0
1999,2,19,6,30,0,0
1999,2,19,7,30,64,66
1999,2,19,8,30,162,190
1999,2,19,9,30,167,384
1999,2,19,10,30,179,516
1999,2,19,11,30,99,650
1999,2,19,12,30,361,498
1999,2,19,13,30,340,429
1999,2,19,14,30,284,334
1999,2,19,15,30,155,158
1999,2,19,16,30,81,84
1999,2,19,17,30,0,0
1999,2,19,18,30,0,0
1999,2,19,19,30,0,0
1999,2,19,20,30,0,0
1999,2,19,21,30,0,0
1999,2,19,22,30,0,0
1999,2,19,23,30,0,0
1999,2,20,0,30,0,0
1999,2,20,1,30,0,0
1999,2,20,2,30,0,0
1999,2,20,3,30,0,0
1999,2,20,4,30,0,0
1999,2,20,5,30,0,0
1999,2,20,6,30,0,0
1999,2,20,7,30,49,49
1999,2,20,8,30,166,223
1999,2,20,9,30,217,341
1999,2,20,10,30,304,470
1999,2,20,11,30,306,572
1999,2,20,12,30,108,659
1999,2,20,13,30,295,320
1999,2,20,14,30,271,293
1999,2,20,15,30,76,337
1999,2,20,16,30,52,154
1999,2,20,17,30,0,0
1999,2,20,18,30,0,0
1999,2,20,19,30,0,0
1999,2,20,20,30,0,0
1999,2,20,21,30,0,0
1999,2,20,22,30,0,0
1999,2,20,23,30,0,0
1999,2,21,0,30,0,0
1999,2,21,1,30,0,0
1999,2,21,2,30,0,0
1999,2,21,3,30,0,0
1999,2,21,4,30,0,0
1999,2,21,5,30,0,0
1999,2,21,6,30,0,0
1999,2,21,7,30,39,39
1999,2,21,8,30,76,76
1999,2,21,9,30,242,255
1999,2,21,10,30,194,195
1999,2,21,11,30,209,209
1999,2,21,12,30,211,211
1999,2,21,13,30,323,356
1999,2,21,14,30,216,387
1999,2,21,15,30,161,173
1999,2,21,16,30,74,74
1999,2,21,17,30,0,0
1999,2,21,18,30,0,0
1999,2,21,19,30,0,0
1999,2,21,20,30,0,0
1999,2,21,21,30,0,0
1999,2,21,22,30,0,0
1999,2,21,23,30,0,0
1999,2,22,0,30,0,0
1999,2,22,1,30,0,0
1999,2,22,2,30,0,0
1999,2,22,3,30,0,0
1999,2,22,4,30,0,0
1999,2,22,5,30,0,0
1999,2,22,6,30,0,0
1999,2,22,7,30,42,126
1999,2,22,8,30,193,225
1999,2,22,9,30,70,496
1999,2,22,10,30,72,634
1999,2,22,11,30,69,705
1999,2,22,12,30,64,712
1999,2,22,13,30,60,653
1999,2,22,14,30,55,536
1999,2,22,15,30,48,371
1999,2,22,16,30,38,178
1999,2,22,17,30,0,0
1999,2,22,18,30,0,0
1999,2,22,19,30,0,0
1999,2,22,20,30,0,0
1999,2,22,21,30,0,0
1999,2,22,22,30,0,0
1999,2,22,23,30,0,0
1999,2,23,0,30,0,0
1999,2,23,1,30,0,0
1999,2,23,2,30,0,0
1999,2,23,3,30,0,0
1999,2,23,4,30,0,0
1999,2,23,5,30,0,0
1999,2,23,6,30,0,0
1999,2,23,7,30,88,99
1999,2,23,8,30,54,337
1999,2,23,9,30,65,512
1999,2,23,10,30,292,522
1999,2,23,11,30,337,569
1999,2,23,12,30,188,620
1999,2,23,13,30,252,502
1999,2,23,14,30,231,421
1999,2,23,15,30,142,308
1999,2,23,16,30,109,113
1999,2,23,17,30,0,0
1999,2,23,18,30,0,0
1999,2,23,19,30,0,0
1999,2,23,20,30,0,0
1999,2,23,21,30,0,0
1999,2,23,22,30,0,0
1999,2,23,23,30,0,0
1999,2,24,0,30,0,0
1999,2,24,1,30,0,0
1999,2,24,2,30,0,0
1999,2,24,3,30,0,0
1999,2,24,4,30,0,0
1999,2,24,5,30,0,0
1999,2,24,6,30,0,0
1999,2,24,7,30,74,74
1999,2,24,8,30,195,234
1999,2,24,9,30,162,423
1999,2,24,10,30,152,520
1999,2,24,11,30,177,580
1999,2,24,12,30,343,559
1999,2,24,13,30,89,636
1999,2,24,14,30,165,448
1999,2,24,15,30,124,316
1999,2,24,16,30,109,115
1999,2,24,17,30,5,5
1999,2,24,18,30,0,0
1999,2,24,19,30,0,0
1999,2,24,20,30,0,0
1999,2,24,21,30,0,0
1999,2,24,22,30,0,0
1999,2,24,23,30,0,0
1999,2,25,0,30,0,0
1999,2,25,1,30,0,0
1999,2,25,2,30,0,0
1999,2,25,3,30,0,0
1999,2,25,4,30,0,0
1999,2,25,5,30,0,0
1999,2,25,6,30,0,0
1999,2,25,7,30,36,37
1999,2,25,8,30,149,152
1999,2,25,9,30,214,220
1999,2,25,10,30,312,347
1999,2,25,11,30,283,288
1999,2,25,12,30,374,493
1999,2,25,13,30,313,348
1999,2,25,14,30,142,142
1999,2,25,15,30,97,99
1999,2,25,16,30,85,89
1999,2,25,17,30,3,3
1999,2,25,18,30,0,0
1999,2,25,19,30,0,0
1999,2,25,20,30,0,0
1999,2,25,21,30,0,0
1999,2,25,22,30,0,0
1999,2,25,23,30,0,0
1999,2,26,0,30,0,0
1999,2,26,1,30,0,0
1999,2,26,2,30,0,0
1999,2,26,3,30,0,0
1999,2,26,4,30,0,0
1999,2,26,5,30,0,0
1999,2,26,6,30,0,0
1999,2,26,7,30,42,144
1999,2,26,8,30,204,246
1999,2,26,9,30,77,512
1999,2,26,10,30,339,425
1999,2,26,11,30,81,713
1999,2,26,12,30,80,723
1999,2,26,13,30,77,665
1999,2,26,14,30,70,548
1999,2,26,15,30,60,383
1999,2,26,16,30,46,188
1999,2,26,17,30,13,18
1999,2,26,18,30,0,0
1999,2,26,19,30,0,0
1999,2,26,20,30,0,0
1999,2,26,21,30,0,0
1999,2,26,22,30,0,0
1999,2,26,23,30,0,0
1999,2,27,0,30,0,0
1999,2,27,1,30,0,0
1999,2,27,2,30,0,0
1999,2,27,3,30,0,0
1999,2,27,4,30,0,0
1999,2,27,5,30,0,0
1999,2,27,6,30,0,0
1999,2,27,7,30,45,154
1999,2,27,8,30,70,349
1999,2,27,9,30,88,523
1999,2,27,10,30,100,653
1999,2,27,11,30,108,724
1999,2,27,12,30,108,726
1999,2,27,13,30,102,668
1999,2,27,14,30,93,549
1999,2,27,15,30,169,328
1999,2,27,16,30,127,138
1999,2,27,17,30,12,12
1999,2,27,18,30,0,0
1999,2,27,19,30,0,0
1999,2,27,20,30,0,0
1999,2,27,21,30,0,0
1999,2,27,22,30,0,0
1999,2,27,23,30,0,0
1999,2,28,0,30,0,0
1999,2,28,1,30,0,0
1999,2,28,2,30,0,0
1999,2,28,3,30,0,0
1999,2,28,4,30,0,0
1999,2,28,5,30,0,0
1999,2,28,6,30,0,0
1999,2,28,7,30,45,45
1999,2,28,8,30,85,85
1999,2,28,9,30,194,197
1999,2,28,10,30,223,225
1999,2,28,11,30,210,211
1999,2,28,12,30,162,162
1999,2,28,13,30,136,136
1999,2,28,14,30,67,67
1999,2,28,15,30,81,81
1999,2,28,16,30,63,63
1999,2,28,17,30,7,7
1999,2,28,18,30,0,0
1999,2,28,19,30,0,0
1999,2,28,20,30,0,0
1999,2,28,21,30,0,0
1999,2,28,22,30,0,0
1999,2,28,23,30,0,0
2009,3,1,0,30,0,0
2009,3,1,1,30,0,0
2009,3,1,2,30,0,0
2009,3,1,3,30,0,0
2009,3,1,4,30,0,0
2009,3,1,5,30,0,0
2009,3,1,6,30,0,0
2009,3,1,7,30,69,70
2009,3,1,8,30,79,79
2009,3,1,9,30,190,195
2009,3,1,10,30,181,183
2009,3,1,11,30,357,385
2009,3,1,12,30,303,316
2009,3,1,13,30,230,230
2009,3,1,14,30,231,239
2009,3,1,15,30,28,28
2009,3,1,16,30,53,53
2009,3,1,17,30,12,12
2009,3,1,18,30,0,0
2009,3,1,19,30,0,0
2009,3,1,20,30,0,0
2009,3,1,21,30,0,0
2009,3,1,22,30,0,0
2009,3,1,23,30,0,0
2009,3,2,0,30,0,0
2009,3,2,1,30,0,0
2009,3,2,2,30,0,0
2009,3,2,3,30,0,0
2009,3,2,4,30,0,0
2009,3,2,5,30,0,0
2009,3,2,6,30,0,0
2009,3,2,7,30,50,164
2009,3,2,8,30,75,360
2009,3,2,9,30,81,81
2009,3,2,10,30,123,123
2009,3,2,11,30,197,197
2009,3,2,12,30,92,92
2009,3,2,13,30,102,102
2009,3,2,14,30,163,163
2009,3,2,15,30,65,65
2009,3,2,16,30,18,18
2009,3,2,17,30,9,9
2009,3,2,18,30,0,0
2009,3,2,19,30,0,0
2009,3,2,20,30,0,0
2009,3,2,21,30,0,0
2009,3,2,22,30,0,0
2009,3,2,23,30,0,0
2009,3,3,0,30,0,0
2009,3,3,1,30,0,0
2009,3,3,2,30,0,0
2009,3,3,3,30,0,0
2009,3,3,4,30,0,0
2009,3,3,5,30,0,0
2009,3,3,6,30,0,0
2009,3,3,7,30,52,182
2009,3,3,8,30,77,388
2009,3,3,9,30,95,569
2009,3,3,10,30,112,700
2009,3,3,11,30,120,773
2009,3,3,12,30,120,779
2009,3,3,13,30,109,718
2009,3,3,14,30,99,594
2009,3,3,15,30,81,421
2009,3,3,16,30,57,217
2009,3,3,17,30,18,31
2009,3,3,18,30,0,0
2009,3,3,19,30,0,0
2009,3,3,20,30,0,0
2009,3,3,21,30,0,0
2009,3,3,22,30,0,0
2009,3,3,23,30,0,0
2009,3,4,0,30,0,0
2009,3,4,1,30,0,0
2009,3,4,2,30,0,0
2009,3,4,3,30,0,0
2009,3,4,4,30,0,0
2009,3,4,5,30,0,0
2009,3,4,6,30,6,6
2009,3,4,7,30,50,189
2009,3,4,8,30,72,396
2009,3,4,9,30,88,575
2009,3,4,10,30,97,701
2009,3,4,11,30,104,773
2009,3,4,12,30,108,778
2009,3,4,13,30,105,717
2009,3,4,14,30,100,588
2009,3,4,15,30,85,416
2009,3,4,16,30,58,216
2009,3,4,17,30,20,33
2009,3,4,18,30,0,0
2009,3,4,19,30,0,0
2009,3,4,20,30,0,0
2009,3,4,21,30,0,0
2009,3,4,22,30,0,0
2009,3,4,23,30,0,0
2009,3,5,0,30,0,0
2009,3,5,1,30,0,0
2009,3,5,2,30,0,0
2009,3,5,3,30,0,0
2009,3,5,4,30,0,0
2009,3,5,5,30,0,0
2009,3,5,6,30,5,5
2009,3,5,7,30,55,55
2009,3,5,8,30,76,395
2009,3,5,9,30,92,574
2009,3,5,10,30,102,705
2009,3,5,11,30,108,770
2009,3,5,12,30,113,770
2009,3,5,13,30,110,709
2009,3,5,14,30,390,441
2009,3,5,15,30,230,318
2009,3,5,16,30,66,210
2009,3,5,17,30,21,32
2009,3,5,18,30,0,0
2009,3,5,19,30,0,0
2009,3,5,20,30,0,0
2009,3,5,21,30,0,0
2009,3,5,22,30,0,0
2009,3,5,23,30,0,0
2009,3,6,0,30,0,0
2009,3,6,1,30,0,0
2009,3,6,2,30,0,0
2009,3,6,3,30,0,0
2009,3,6,4,30,0,0
2009,3,6,5,30,0,0
2009,3,6,6,30,14,16
2009,3,6,7,30,61,173
2009,3,6,8,30,88,358
2009,3,6,9,30,291,320
2009,3,6,10,30,113,113
2009,3,6,11,30,303,342
2009,3,6,12,30,229,236
2009,3,6,13,30,205,205
2009,3,6,14,30,232,253
2009,3,6,15,30,207,256
2009,3,6,16,30,122,132
2009,3,6,17,30,18,18
2009,3,6,18,30,0,0
2009,3,6,19,30,0,0
2009,3,6,20,30,0,0
2009,3,6,21,30,0,0
2009,3,6,22,30,0,0
2009,3,6,23,30,0,0
2009,3,7,0,30,0,0
2009,3,7,1,30,0,0
2009,3,7,2,30,0,0
2009,3,7,3,30,0,0
2009,3,7,4,30,0,0
2009,3,7,5,30,0,0
2009,3,7,6,30,15,17
2009,3,7,7,30,65,179
2009,3,7,8,30,81,377
2009,3,7,9,30,88,549
2009,3,7,10,30,98,672
2009,3,7,11,30,103,736
2009,3,7,12,30,107,734
2009,3,7,13,30,235,576
2009,3,7,14,30,221,222
2009,3,7,15,30,68,68
2009,3,7,16,30,124,134
2009,3,7,17,30,19,19
2009,3,7,18,30,0,0
2009,3,7,19,30,0,0
2009,3,7,20,30,0,0
2009,3,7,21,30,0,0
2009,3,7,22,30,0,0
2009,3,7,23,30,0,0
2009,3,8,0,30,0,0
2009,3,8,1,30,0,0
2009,3,8,2,30,0,0
2009,3,8,3,30,0,0
2009,3,8,4,30,0,0
2009,3,8,5,30,0,0
2009,3,8,6,30,6,6
2009,3,8,7,30,39,39
2009,3,8,8,30,101,102
2009,3,8,9,30,266,365
2009,3,8,10,30,292,469
2009,3,8,11,30,335,436
2009,3,8,12,30,318,505
2009,3,8,13,30,278,491
2009,3,8,14,30,100,101
2009,3,8,15,30,95,96
2009,3,8,16,30,30,30
2009,3,8,17,30,6,6
2009,3,8,18,30,0,0
2009,3,8,19,30,0,0
2009,3,8,20,30,0,0
2009,3,8,21,30,0,0
2009,3,8,22,30,0,0
2009,3,8,23,30,0,0
2009,3,9,0,30,0,0
2009,3,9,1,30,0,0
2009,3,9,2,30,0,0
2009,3,9,3,30,0,0
2009,3,9,4,30,0,0
2009,3,9,5,30,0,0
2009,3,9,6,30,4,4
2009,3,9,7,30,71,181
2009,3,9,8,30,103,366
2009,3,9,9,30,166,166
2009,3,9,10,30,42,42
2009,3,9,11,30,33,33
2009,3,9,12,30,33,33
2009,3,9,13,30,183,183
2009,3,9,14,30,173,173
2009,3,9,15,30,115,115
2009,3,9,16,30,75,209
2009,3,9,17,30,26,39
2009,3,9,18,30,0,0
2009,3,9,19,30,0,0
2009,3,9,20,30,0,0
2009,3,9,21,30,0,0
2009,3,9,22,30,0,0
2009,3,9,23,30,0,0
2009,3,10,0,30,0,0
2009,3,10,1,30,0,0
2009,3,10,2,30,0,0
2009,3,10,3,30,0,0
2009,3,10,4,30,0,0
2009,3,10,5,30,0,0
2009,3,10,6,30,18,29
2009,3,10,7,30,52,206
2009,3,10,8,30,69,399
2009,3,10,9,30,81,568
2009,3,10,10,30,111,677
2009,3,10,11,30,117,744
2009,3,10,12,30,111,750
2009,3,10,13,30,346,476
2009,3,10,14,30,267,314
2009,3,10,15,30,100,101
2009,3,10,16,30,89,92
2009,3,10,17,30,9,9
2009,3,10,18,30,0,0
2009,3,10,19,30,0,0
2009,3,10,20,30,0,0
2009,3,10,21,30,0,0
2009,3,10,22,30,0,0
2009,3,10,23,30,0,0
2009,3,11,0,30,0,0
2009,3,11,1,30,0,0
2009,3,11,2,30,0,0
2009,3,11,3,30,0,0
2009,3,11,4,30,0,0
2009,3,11,5,30,0,0
2009,3,11,6,30,8,8
2009,3,11,7,30,7,7
2009,3,11,8,30,6,6
2009,3,11,9,30,37,37
2009,3,11,10,30,52,52
2009,3,11,11,30,87,87
2009,3,11,12,30,107,107
2009,3,11,13,30,162,162
2009,3,11,14,30,136,136
2009,3,11,15,30,121,124
2009,3,11,16,30,136,158
2009,3,11,17,30,29,41
2009,3,11,18,30,0,0
2009,3,11,19,30,0,0
2009,3,11,20,30,0,0
2009,3,11,21,30,0,0
2009,3,11,22,30,0,0
2009,3,11,23,30,0,0
2009,3,12,0,30,0,0
2009,3,12,1,30,0,0
2009,3,12,2,30,0,0
2009,3,12,3,30,0,0
2009,3,12,4,30,0,0
2009,3,12,5,30,0,0
2009,3,12,6,30,23,39
2009,3,12,7,30,57,227
2009,3,12,8,30,74,430
2009,3,12,9,30,85,599
2009,3,12,10,30,91,725
2009,3,12,11,30,96,791
2009,3,12,12,30,99,788
2009,3,12,13,30,95,728
2009,3,12,14,30,92,606
2009,3,12,15,30,83,437
2009,3,12,16,30,64,239
2009,3,12,17,30,32,32
2009,3,12,18,30,0,0
2009,3,12,19,30,0,0
2009,3,12,20,30,0,0
2009,3,12,21,30,0,0
2009,3,12,22,30,0,0
2009,3,12,23,30,0,0
2009,3,13,0,30,0,0
2009,3,13,1,30,0,0
2009,3,13,2,30,0,0
2009,3,13,3,30,0,0
2009,3,13,4,30,0,0
2009,3,13,5,30,0,0
2009,3,13,6,30,25,25
2009,3,13,7,30,91,91
2009,3,13,8,30,78,428
2009,3,13,9,30,87,602
2009,3,13,10,30,90,729
2009,3,13,11,30,94,796
2009,3,13,12,30,95,798
2009,3,13,13,30,92,731
2009,3,13,14,30,86,611
2009,3,13,15,30,76,443
2009,3,13,16,30,60,242
2009,3,13,17,30,32,32
2009,3,13,18,30,0,0
2009,3,13,19,30,0,0
2009,3,13,20,30,0,0
2009,3,13,21,30,0,0
2009,3,13,22,30,0,0
2009,3,13,23,30,0,0
2009,3,14,0,30,0,0
2009,3,14,1,30,0,0
2009,3,14,2,30,0,0
2009,3,14,3,30,0,0
2009,3,14,4,30,0,0
2009,3,14,5,30,0,0
2009,3,14,6,30,25,25
2009,3,14,7,30,133,177
2009,3,14,8,30,185,340
2009,3,14,9,30,246,453
2009,3,14,10,30,265,574
2009,3,14,11,30,273,627
2009,3,14,12,30,288,629
2009,3,14,13,30,260,580
2009,3,14,14,30,236,473
2009,3,14,15,30,226,268
2009,3,14,16,30,128,136
2009,3,14,17,30,23,23
2009,3,14,18,30,0,0
2009,3,14,19,30,0,0
2009,3,14,20,30,0,0
2009,3,14,21,30,0,0
2009,3,14,22,30,0,0
2009,3,14,23,30,0,0
2009,3,15,0,30,0,0
2009,3,15,1,30,0,0
2009,3,15,2,30,0,0
2009,3,15,3,30,0,0
2009,3,15,4,30,0,0
2009,3,15,5,30,0,0
2009,3,15,6,30,16,16
2009,3,15,7,30,106,109
2009,3,15,8,30,128,130
2009,3,15,9,30,228,242
2009,3,15,10,30,278,302
2009,3,15,11,30,317,362
2009,3,15,12,30,353,498
2009,3,15,13,30,298,482
2009,3,15,14,30,284,375
2009,3,15,15,30,219,229
2009,3,15,16,30,141,161
2009,3,15,17,30,15,15
2009,3,15,18,30,0,0
2009,3,15,19,30,0,0
2009,3,15,20,30,0,0
2009,3,15,21,30,0,0
2009,3,15,22,30,0,0
2009,3,15,23,30,0,0
2009,3,16,0,30,0,0
2009,3,16,1,30,0,0
2009,3,16,2,30,0,0
2009,3,16,3,30,0,0
2009,3,16,4,30,0,0
2009,3,16,5,30,0,0
2009,3,16,6,30,23,24
2009,3,16,7,30,134,137
2009,3,16,8,30,227,298
2009,3,16,9,30,222,483
2009,3,16,10,30,238,618
2009,3,16,11,30,365,532
2009,3,16,12,30,367,525
2009,3,16,13,30,342,407
2009,3,16,14,30,228,243
2009,3,16,15,30,97,98
2009,3,16,16,30,66,67
2009,3,16,17,30,21,21
2009,3,16,18,30,0,0
2009,3,16,19,30,0,0
2009,3,16,20,30,0,0
2009,3,16,21,30,0,0
2009,3,16,22,30,0,0
2009,3,16,23,30,0,0
2009,3,17,0,30,0,0
2009,3,17,1,30,0,0
2009,3,17,2,30,0,0
2009,3,17,3,30,0,0
2009,3,17,4,30,0,0
2009,3,17,5,30,0,0
2009,3,17,6,30,30,53
2009,3,17,7,30,62,242
2009,3,17,8,30,77,440
2009,3,17,9,30,85,611
2009,3,17,10,30,91,734
2009,3,17,11,30,91,800
2009,3,17,12,30,90,802
2009,3,17,13,30,93,738
2009,3,17,14,30,86,618
2009,3,17,15,30,77,451
2009,3,17,16,30,59,255
2009,3,17,17,30,29,64
2009,3,17,18,30,0,0
2009,3,17,19,30,0,0
2009,3,17,20,30,0,0
2009,3,17,21,30,0,0
2009,3,17,22,30,0,0
2009,3,17,23,30,0,0
2009,3,18,0,30,0,0
2009,3,18,1,30,0,0
2009,3,18,2,30,0,0
2009,3,18,3,30,0,0
2009,3,18,4,30,0,0
2009,3,18,5,30,0,0
2009,3,18,6,30,32,56
2009,3,18,7,30,71,237
2009,3,18,8,30,95,428
2009,3,18,9,30,111,592
2009,3,18,10,30,120,712
2009,3,18,11,30,127,775
2009,3,18,12,30,127,776
2009,3,18,13,30,239,627
2009,3,18,14,30,112,598
2009,3,18,15,30,98,433
2009,3,18,16,30,75,242
2009,3,18,17,30,12,12
2009,3,18,18,30,0,0
2009,3,18,19,30,0,0
2009,3,18,20,30,0,0
2009,3,18,21,30,0,0
2009,3,18,22,30,0,0
2009,3,18,23,30,0,0
2009,3,19,0,30,0,0
2009,3,19,1,30,0,0
2009,3,19,2,30,0,0
2009,3,19,3,30,0,0
2009,3,19,4,30,0,0
2009,3,19,5,30,0,0
2009,3,19,6,30,13,13
2009,3,19,7,30,13,13
2009,3,19,8,30,17,17
2009,3,19,9,30,48,48
2009,3,19,10,30,17,17
2009,3,19,11,30,76,76
2009,3,19,12,30,120,121
2009,3,19,13,30,137,137
2009,3,19,14,30,155,156
2009,3,19,15,30,31,31
2009,3,19,16,30,56,56
2009,3,19,17,30,36,36
2009,3,19,18,30,0,0
2009,3,19,19,30,0,0
2009,3,19,20,30,0,0
2009,3,19,21,30,0,0
2009,3,19,22,30,0,0
2009,3,19,23,30,0,0
2009,3,20,0,30,0,0
2009,3,20,1,30,0,0
2009,3,20,2,30,0,0
2009,3,20,3,30,0,0
2009,3,20,4,30,0,0
2009,3,20,5,30,0,0
2009,3,20,6,30,30,30
2009,3,20,7,30,47,47
2009,3,20,8,30,98,98
2009,3,20,9,30,358,452
2009,3,20,10,30,384,446
2009,3,20,11,30,401,450
2009,3,20,12,30,436,539
2009,3,20,13,30,305,307
2009,3,20,14,30,355,479
2009,3,20,15,30,215,221
2009,3,20,16,30,140,142
2009,3,20,17,30,32,76
2009,3,20,18,30,0,0
2009,3,20,19,30,0,0
2009,3,20,20,30,0,0
2009,3,20,21,30,0,0
2009,3,20,22,30,0,0
2009,3,20,23,30,0,0
2009,3,21,0,30,0,0
2009,3,21,1,30,0,0
2009,3,21,2,30,0,0
2009,3,21,3,30,0,0
2009,3,21,4,30,0,0
2009,3,21,5,30,0,0
2009,3,21,6,30,32,82
2009,3,21,7,30,57,289
2009,3,21,8,30,72,496
2009,3,21,9,30,80,672
2009,3,21,10,30,84,799
2009,3,21,11,30,85,854
2009,3,21,12,30,85,855
2009,3,21,13,30,83,790
2009,3,21,14,30,79,666
2009,3,21,15,30,71,492
2009,3,21,16,30,174,194
2009,3,21,17,30,42,42
2009,3,21,18,30,0,0
2009,3,21,19,30,0,0
2009,3,21,20,30,0,0
2009,3,21,21,30,0,0
2009,3,21,22,30,0,0
2009,3,21,23,30,0,0
2009,3,22,0,30,0,0
2009,3,22,1,30,0,0
2009,3,22,2,30,0,0
2009,3,22,3,30,0,0
2009,3,22,4,30,0,0
2009,3,22,5,30,0,0
2009,3,22,6,30,35,77
2009,3,22,7,30,69,270
2009,3,22,8,30,89,464
2009,3,22,9,30,134,134
2009,3,22,10,30,308,311
2009,3,22,11,30,93,93
2009,3,22,12,30,439,552
2009,3,22,13,30,121,751
2009,3,22,14,30,107,107
2009,3,22,15,30,213,219
2009,3,22,16,30,73,270
2009,3,22,17,30,36,79
2009,3,22,18,30,0,0
2009,3,22,19,30,0,0
2009,3,22,20,30,0,0
2009,3,22,21,30,0,0
2009,3,22,22,30,0,0
2009,3,22,23,30,0,0
2009,3,23,0,30,0,0
2009,3,23,1,30,0,0
2009,3,23,2,30,0,0
2009,3,23,3,30,0,0
2009,3,23,4,30,0,0
2009,3,23,5,30,0,0
2009,3,23,6,30,31,94
2009,3,23,7,30,54,304
2009,3,23,8,30,66,504
2009,3,23,9,30,75,677
2009,3,23,10,30,78,802
2009,3,23,11,30,80,867
2009,3,23,12,30,81,867
2009,3,23,13,30,84,800
2009,3,23,14,30,79,668
2009,3,23,15,30,71,496
2009,3,23,16,30,57,292
2009,3,23,17,30,32,90
2009,3,23,18,30,0,0
2009,3,23,19,30,0,0
2009,3,23,20,30,0,0
2009,3,23,21,30,0,0
2009,3,23,22,30,0,0
2009,3,23,23,30,0,0
2009,3,24,0,30,0,0
2009,3,24,1,30,0,0
2009,3,24,2,30,0,0
2009,3,24,3,30,0,0
2009,3,24,4,30,0,0
2009,3,24,5,30,0,0
2009,3,24,6,30,33,97
2009,3,24,7,30,56,305
2009,3,24,8,30,69,510
2009,3,24,9,30,77,684
2009,3,24,10,30,82,808
2009,3,24,11,30,83,864
2009,3,24,12,30,83,864
2009,3,24,13,30,85,792
2009,3,24,14,30,79,668
2009,3,24,15,30,70,493
2009,3,24,16,30,56,292
2009,3,24,17,30,32,91
2009,3,24,18,30,0,0
2009,3,24,19,30,0,0
2009,3,24,20,30,0,0
2009,3,24,21,30,0,0
2009,3,24,22,30,0,0
2009,3,24,23,30,0,0
2009,3,25,0,30,0,0
2009,3,25,1,30,0,0
2009,3,25,2,30,0,0
2009,3,25,3,30,0,0
2009,3,25,4,30,0,0
2009,3,25,5,30,0,0
2009,3,25,6,30,34,99
2009,3,25,7,30,56,304
2009,3,25,8,30,69,506
2009,3,25,9,30,78,677
2009,3,25,10,30,355,674
2009,3,25,11,30,86,862
2009,3,25,12,30,89,861
2009,3,25,13,30,245,646
2009,3,25,14,30,89,669
2009,3,25,15,30,79,497
2009,3,25,16,30,134,239
2009,3,25,17,30,36,92
2009,3,25,18,30,0,0
2009,3,25,19,30,0,0
2009,3,25,20,30,0,0
2009,3,25,21,30,0,0
2009,3,25,22,30,0,0
2009,3,25,23,30,0,0
2009,3,26,0,30,0,0
2009,3,26,1,30,0,0
2009,3,26,2,30,0,0
2009,3,26,3,30,0,0
2009,3,26,4,30,0,0
2009,3,26,5,30,0,0
2009,3,26,6,30,8,8
2009,3,26,7,30,109,112
2009,3,26,8,30,231,279
2009,3,26,9,30,41,41
2009,3,26,10,30,113,114
2009,3,26,11,30,180,181
2009,3,26,12,30,254,260
2009,3,26,13,30,142,143
2009,3,26,14,30,27,27
2009,3,26,15,30,18,18
2009,3,26,16,30,26,26
2009,3,26,17,30,22,22
2009,3,26,18,30,0,0
2009,3,26,19,30,0,0
2009,3,26,20,30,0,0
2009,3,26,21,30,0,0
2009,3,26,22,30,0,0
2009,3,26,23,30,0,0
2009,3,27,0,30,0,0
2009,3,27,1,30,0,0
2009,3,27,2,30,0,0
2009,3,27,3,30,0,0
2009,3,27,4,30,0,0
2009,3,27,5,30,0,0
2009,3,27,6,30,54,54
2009,3,27,7,30,77,292
2009,3,27,8,30,94,490
2009,3,27,9,30,199,577
2009,3,27,10,30,373,653
2009,3,27,11,30,108,843
2009,3,27,12,30,298,690
2009,3,27,13,30,259,652
2009,3,27,14,30,280,471
2009,3,27,15,30,221,368
2009,3,27,16,30,140,147
2009,3,27,17,30,45,45
2009,3,27,18,30,0,0
2009,3,27,19,30,0,0
2009,3,27,20,30,0,0
2009,3,27,21,30,0,0
2009,3,27,22,30,0,0
2009,3,27,23,30,0,0
2009,3,28,0,30,0,0
2009,3,28,1,30,0,0
2009,3,28,2,30,0,0
2009,3,28,3,30,0,0
2009,3,28,4,30,0,0
2009,3,28,5,30,0,0
2009,3,28,6,30,47,48
2009,3,28,7,30,91,93
2009,3,28,8,30,274,353
2009,3,28,9,30,287,451
2009,3,28,10,30,406,520
2009,3,28,11,30,95,826
2009,3,28,12,30,98,823
2009,3,28,13,30,93,760
2009,3,28,14,30,245,481
2009,3,28,15,30,229,329
2009,3,28,16,30,138,149
2009,3,28,17,30,33,33
2009,3,28,18,30,0,0
2009,3,28,19,30,0,0
2009,3,28,20,30,0,0
2009,3,28,21,30,0,0
2009,3,28,22,30,0,0
2009,3,28,23,30,0,0
2009,3,29,0,30,0,0
2009,3,29,1,30,0,0
2009,3,29,2,30,0,0
2009,3,29,3,30,0,0
2009,3,29,4,30,0,0
2009,3,29,5,30,0,0
2009,3,29,6,30,3,3
2009,3,29,7,30,38,38
2009,3,29,8,30,32,32
2009,3,29,9,30,137,137
2009,3,29,10,30,140,140
2009,3,29,11,30,93,93
2009,3,29,12,30,142,142
2009,3,29,13,30,48,48
2009,3,29,14,30,161,161
2009,3,29,15,30,150,150
2009,3,29,16,30,104,104
2009,3,29,17,30,43,90
2009,3,29,18,30,0,0
2009,3,29,19,30,0,0
2009,3,29,20,30,0,0
2009,3,29,21,30,0,0
2009,3,29,22,30,0,0
2009,3,29,23,30,0,0
2009,3,30,0,30,0,0
2009,3,30,1,30,0,0
2009,3,30,2,30,0,0
2009,3,30,3,30,0,0
2009,3,30,4,30,0,0
2009,3,30,5,30,0,0
2009,3,30,6,30,46,111
2009,3,30,7,30,181,189
2009,3,30,8,30,298,364
2009,3,30,9,30,360,413
2009,3,30,10,30,416,498
2009,3,30,11,30,314,315
2009,3,30,12,30,116,849
2009,3,30,13,30,98,787
2009,3,30,14,30,370,462
2009,3,30,15,30,76,500
2009,3,30,16,30,61,301
2009,3,30,17,30,37,102
2009,3,30,18,30,0,0
2009,3,30,19,30,0,0
2009,3,30,20,30,0,0
2009,3,30,21,30,0,0
2009,3,30,22,30,0,0
2009,3,30,23,30,0,0
2009,3,31,0,30,0,0
2009,3,31,1,30,0,0
2009,3,31,2,30,0,0
2009,3,31,3,30,0,0
2009,3,31,4,30,0,0
2009,3,31,5,30,0,0
2009,3,31,6,30,42,125
2009,3,31,7,30,64,331
2009,3,31,8,30,78,531
2009,3,31,9,30,87,699
2009,3,31,10,30,90,819
2009,3,31,11,30,91,880
2009,3,31,12,30,91,877
2009,3,31,13,30,88,811
2009,3,31,14,30,83,683
2009,3,31,15,30,74,512
2009,3,31,16,30,59,312
2009,3,31,17,30,37,109
2009,3,31,18,30,0,0
2009,3,31,19,30,0,0
2009,3,31,20,30,0,0
2009,3,31,21,30,0,0
2009,3,31,22,30,0,0
2009,3,31,23,30,0,0
2004,4,1,0,30,0,0
2004,4,1,1,30,0,0
2004,4,1,2,30,0,0
2004,4,1,3,30,0,0
2004,4,1,4,30,0,0
2004,4,1,5,30,0,0
2004,4,1,6,30,16,16
2004,4,1,7,30,18,18
2004,4,1,8,30,112,113
2004,4,1,9,30,161,163
2004,4,1,10,30,88,88
2004,4,1,11,30,83,83
2004,4,1,12,30,160,161
2004,4,1,13,30,177,179
2004,4,1,14,30,119,119
2004,4,1,15,30,41,41
2004,4,1,16,30,23,23
2004,4,1,17,30,28,28
2004,4,1,18,30,0,0
2004,4,1,19,30,0,0
2004,4,1,20,30,0,0
2004,4,1,21,30,0,0
2004,4,1,22,30,0,0
2004,4,1,23,30,0,0
2004,4,2,0,30,0,0
2004,4,2,1,30,0,0
2004,4,2,2,30,0,0
2004,4,2,3,30,0,0
2004,4,2,4,30,0,0
2004,4,2,5,30,0,0
2004,4,2,6,30,16,16
2004,4,2,7,30,98,98
2004,4,2,8,30,82,82
2004,4,2,9,30,155,155
2004,4,2,10,30,303,304
2004,4,2,11,30,315,316
2004,4,2,12,30,326,327
2004,4,2,13,30,360,373
2004,4,2,14,30,250,251
2004,4,2,15,30,113,113
2004,4,2,16,30,129,134
2004,4,2,17,30,52,52
2004,4,2,18,30,0,0
2004,4,2,19,30,0,0
2004,4,2,20,30,0,0
2004,4,2,21,30,0,0
2004,4,2,22,30,0,0
2004,4,2,23,30,0,0
2004,4,3,0,30,0,0
2004,4,3,1,30,0,0
2004,4,3,2,30,0,0
2004,4,3,3,30,0,0
2004,4,3,4,30,0,0
2004,4,3,5,30,0,0
2004,4,3,6,30,74,74
2004,4,3,7,30,14,14
2004,4,3,8,30,22,22
2004,4,3,9,30,163,163
2004,4,3,10,30,341,382
2004,4,3,11,30,224,224
2004,4,3,12,30,148,148
2004,4,3,13,30,286,304
2004,4,3,14,30,147,147
2004,4,3,15,30,170,170
2004,4,3,16,30,99,99
2004,4,3,17,30,33,33
2004,4,3,18,30,0,0
2004,4,3,19,30,0,0
2004,4,3,20,30,0,0
2004,4,3,21,30,0,0
2004,4,3,22,30,0,0
2004,4,3,23,30,0,0
2004,4,4,0,30,0,0
2004,4,4,1,30,0,0
2004,4,4,2,30,0,0
2004,4,4,3,30,0,0
2004,4,4,4,30,0,0
2004,4,4,5,30,0,0
2004,4,4,6,30,24,24
2004,4,4,7,30,23,23
2004,4,4,8,30,76,76
2004,4,4,9,30,148,148
2004,4,4,10,30,294,744
2004,4,4,11,30,443,560
2004,4,4,12,30,416,624
2004,4,4,13,30,385,432
2004,4,4,14,30,280,289
2004,4,4,15,30,186,191
2004,4,4,16,30,54,54
2004,4,4,17,30,20,20
2004,4,4,18,30,0,0
2004,4,4,19,30,0,0
2004,4,4,20,30,0,0
2004,4,4,21,30,0,0
2004,4,4,22,30,0,0
2004,4,4,23,30,0,0
2004,4,5,0,30,0,0
2004,4,5,1,30,0,0
2004,4,5,2,30,0,0
2004,4,5,3,30,0,0
2004,4,5,4,30,0,0
2004,4,5,5,30,0,0
2004,4,5,6,30,98,118
2004,4,5,7,30,67,356
2004,4,5,8,30,284,310
2004,4,5,9,30,388,467
2004,4,5,10,30,394,425
2004,4,5,11,30,108,891
2004,4,5,12,30,100,890
2004,4,5,13,30,104,820
2004,4,5,14,30,93,697
2004,4,5,15,30,79,528
2004,4,5,16,30,63,328
2004,4,5,17,30,39,124
2004,4,5,18,30,0,0
2004,4,5,19,30,0,0
2004,4,5,20,30,0,0
2004,4,5,21,30,0,0
2004,4,5,22,30,0,0
2004,4,5,23,30,0,0
2004,4,6,0,30,0,0
2004,4,6,1,30,0,0
2004,4,6,2,30,0,0
2004,4,6,3,30,0,0
2004,4,6,4,30,0,0
2004,4,6,5,30,0,0
2004,4,6,6,30,46,163
2004,4,6,7,30,68,375
2004,4,6,8,30,83,587
2004,4,6,9,30,92,749
2004,4,6,10,30,96,869
2004,4,6,11,30,98,929
2004,4,6,12,30,99,915
2004,4,6,13,30,95,847
2004,4,6,14,30,90,720
2004,4,6,15,30,83,539
2004,4,6,16,30,70,335
2004,4,6,17,30,46,127
2004,4,6,18,30,0,0
2004,4,6,19,30,0,0
2004,4,6,20,30,0,0
2004,4,6,21,30,0,0
2004,4,6,22,30,0,0
2004,4,6,23,30,0,0
2004,4,7,0,30,0,0
2004,4,7,1,30,0,0
2004,4,7,2,30,0,0
2004,4,7,3,30,0,0
2004,4,7,4,30,0,0
2004,4,7,5,30,0,0
2004,4,7,6,30,84,84
2004,4,7,7,30,89,89
2004,4,7,8,30,113,113
2004,4,7,9,30,420,496
2004,4,7,10,30,189,795
2004,4,7,11,30,496,644
2004,4,7,12,30,161,859
2004,4,7,13,30,159,792
2004,4,7,14,30,328,642
2004,4,7,15,30,127,504
2004,4,7,16,30,98,311
2004,4,7,17,30,57,118
2004,4,7,18,30,0,0
2004,4,7,19,30,0,0
2004,4,7,20,30,0,0
2004,4,7,21,30,0,0
2004,4,7,22,30,0,0
2004,4,7,23,30,0,0
2004,4,8,0,30,0,0
2004,4,8,1,30,0,0
2004,4,8,2,30,0,0
2004,4,8,3,30,0,0
2004,4,8,4,30,0,0
2004,4,8,5,30,0,0
2004,4,8,6,30,63,63
2004,4,8,7,30,214,227
2004,4,8,8,30,116,555
2004,4,8,9,30,130,715
2004,4,8,10,30,135,832
2004,4,8,11,30,139,884
2004,4,8,12,30,325,681
2004,4,8,13,30,326,367
2004,4,8,14,30,158,158
2004,4,8,15,30,27,27
2004,4,8,16,30,20,20
2004,4,8,17,30,20,20
2004,4,8,18,30,0,0
2004,4,8,19,30,0,0
2004,4,8,20,30,0,0
2004,4,8,21,30,0,0
2004,4,8,22,30,0,0
2004,4,8,23,30,0,0
2004,4,9,0,30,0,0
2004,4,9,1,30,0,0
2004,4,9,2,30,0,0
2004,4,9,3,30,0,0
2004,4,9,4,30,0,0
2004,4,9,5,30,0,0
2004,4,9,6,30,73,151
2004,4,9,7,30,228,261
2004,4,9,8,30,109,557
2004,4,9,9,30,117,722
2004,4,9,10,30,138,831
2004,4,9,11,30,148,887
2004,4,9,12,30,151,877
2004,4,9,13,30,359,365
2004,4,9,14,30,306,311
2004,4,9,15,30,269,469
2004,4,9,16,30,77,332
2004,4,9,17,30,45,133
2004,4,9,18,30,0,0
2004,4,9,19,30,0,0
2004,4,9,20,30,0,0
2004,4,9,21,30,0,0
2004,4,9,22,30,0,0
2004,4,9,23,30,0,0
2004,4,10,0,30,0,0
2004,4,10,1,30,0,0
2004,4,10,2,30,0,0
2004,4,10,3,30,0,0
2004,4,10,4,30,0,0
2004,4,10,5,30,11,13
2004,4,10,6,30,51,174
2004,4,10,7,30,68,385
2004,4,10,8,30,84,581
2004,4,10,9,30,96,743
2004,4,10,10,30,108,853
2004,4,10,11,30,118,904
2004,4,10,12,30,129,894
2004,4,10,13,30,122,824
2004,4,10,14,30,293,296
2004,4,10,15,30,316,367
2004,4,10,16,30,92,326
2004,4,10,17,30,59,127
2004,4,10,18,30,0,0
2004,4,10,19,30,0,0
2004,4,10,20,30,0,0
2004,4,10,21,30,0,0
2004,4,10,22,30,0,0
2004,4,10,23,30,0,0
2004,4,11,0,30,0,0
2004,4,11,1,30,0,0
2004,4,11,2,30,0,0
2004,4,11,3,30,0,0
2004,4,11,4,30,0,0
2004,4,11,5,30,3,3
2004,4,11,6,30,121,136
2004,4,11,7,30,161,168
2004,4,11,8,30,170,173
2004,4,11,9,30,252,258
2004,4,11,10,30,199,200
2004,4,11,11,30,338,357
2004,4,11,12,30,389,438
2004,4,11,13,30,290,303
2004,4,11,14,30,186,189
2004,4,11,15,30,145,148
2004,4,11,16,30,100,100
2004,4,11,17,30,30,30
2004,4,11,18,30,0,0
2004,4,11,19,30,0,0
2004,4,11,20,30,0,0
2004,4,11,21,30,0,0
2004,4,11,22,30,0,0
2004,4,11,23,30,0,0
2004,4,12,0,30,0,0
2004,4,12,1,30,0,0
2004,4,12,2,30,0,0
2004,4,12,3,30,0,0
2004,4,12,4,30,0,0
2004,4,12,5,30,5,5
2004,4,12,6,30,104,105
2004,4,12,7,30,83,83
2004,4,12,8,30,183,184
2004,4,12,9,30,306,310
2004,4,12,10,30,382,537
2004,4,12,11,30,360,572
2004,4,12,12,30,392,567
2004,4,12,13,30,271,279
2004,4,12,14,30,166,167
2004,4,12,15,30,148,151
2004,4,12,16,30,65,66
2004,4,12,17,30,18,18
2004,4,12,18,30,0,0
2004,4,12,19,30,0,0
2004,4,12,20,30,0,0
2004,4,12,21,30,0,0
2004,4,12,22,30,0,0
2004,4,12,23,30,0,0
2004,4,13,0,30,0,0
2004,4,13,1,30,0,0
2004,4,13,2,30,0,0
2004,4,13,3,30,0,0
2004,4,13,4,30,0,0
2004,4,13,5,30,2,2
2004,4,13,6,30,8,8
2004,4,13,7,30,119,122
2004,4,13,8,30,174,181
2004,4,13,9,30,208,211
2004,4,13,10,30,181,182
2004,4,13,11,30,229,231
2004,4,13,12,30,67,67
2004,4,13,13,30,33,33
2004,4,13,14,30,73,73
2004,4,13,15,30,65,65
2004,4,13,16,30,66,66
2004,4,13,17,30,37,37
2004,4,13,18,30,0,0
2004,4,13,19,30,0,0
2004,4,13,20,30,0,0
2004,4,13,21,30,0,0
2004,4,13,22,30,0,0
2004,4,13,23,30,0,0
2004,4,14,0,30,0,0
2004,4,14,1,30,0,0
2004,4,14,2,30,0,0
2004,4,14,3,30,0,0
2004,4,14,4,30,0,0
2004,4,14,5,30,7,7
2004,4,14,6,30,25,25
2004,4,14,7,30,101,102
2004,4,14,8,30,49,49
2004,4,14,9,30,192,193
2004,4,14,10,30,124,124
2004,4,14,11,30,208,209
2004,4,14,12,30,253,256
2004,4,14,13,30,199,202
2004,4,14,14,30,89,89
2004,4,14,15,30,106,106
2004,4,14,16,30,61,61
2004,4,14,17,30,3,3
2004,4,14,18,30,0,0
2004,4,14,19,30,0,0
2004,4,14,20,30,0,0
2004,4,14,21,30,0,0
2004,4,14,22,30,0,0
2004,4,14,23,30,0,0
2004,4,15,0,30,0,0
2004,4,15,1,30,0,0
2004,4,15,2,30,0,0
2004,4,15,3,30,0,0
2004,4,15,4,30,0,0
2004,4,15,5,30,5,5
2004,4,15,6,30,77,79
2004,4,15,7,30,10,10
2004,4,15,8,30,33,33
2004,4,15,9,30,331,382
2004,4,15,10,30,384,479
2004,4,15,11,30,311,761
2004,4,15,12,30,110,917
2004,4,15,13,30,104,853
2004,4,15,14,30,97,731
2004,4,15,15,30,86,560
2004,4,15,16,30,71,358
2004,4,15,17,30,48,152
2004,4,15,18,30,0,0
2004,4,15,19,30,0,0
2004,4,15,20,30,0,0
2004,4,15,21,30,0,0
2004,4,15,22,30,0,0
2004,4,15,23,30,0,0
2004,4,16,0,30,0,0
2004,4,16,1,30,0,0
2004,4,16,2,30,0,0
2004,4,16,3,30,0,0
2004,4,16,4,30,0,0
2004,4,16,5,30,20,29
2004,4,16,6,30,58,207
2004,4,16,7,30,76,422
2004,4,16,8,30,90,621
2004,4,16,9,30,100,785
2004,4,16,10,30,99,896
2004,4,16,11,30,100,952
2004,4,16,12,30,101,938
2004,4,16,13,30,101,867
2004,4,16,14,30,96,735
2004,4,16,15,30,87,563
2004,4,16,16,30,74,359
2004,4,16,17,30,51,153
2004,4,16,18,30,0,0
2004,4,16,19,30,0,0
2004,4,16,20,30,0,0
2004,4,16,21,30,0,0
2004,4,16,22,30,0,0
2004,4,16,23,30,0,0
2004,4,17,0,30,0,0
2004,4,17,1,30,0,0
2004,4,17,2,30,0,0
2004,4,17,3,30,0,0
2004,4,17,4,30,0,0
2004,4,17,5,30,4,4
2004,4,17,6,30,111,112
2004,4,17,7,30,117,378
2004,4,17,8,30,146,561
2004,4,17,9,30,157,718
2004,4,17,10,30,157,831
2004,4,17,11,30,156,888
2004,4,17,12,30,151,883
2004,4,17,13,30,148,814
2004,4,17,14,30,277,560
2004,4,17,15,30,266,392
2004,4,17,16,30,205,252
2004,4,17,17,30,36,36
2004,4,17,18,30,0,0
2004,4,17,19,30,0,0
2004,4,17,20,30,0,0
2004,4,17,21,30,0,0
2004,4,17,22,30,0,0
2004,4,17,23,30,0,0
2004,4,18,0,30,0,0
2004,4,18,1,30,0,0
2004,4,18,2,30,0,0
2004,4,18,3,30,0,0
2004,4,18,4,30,0,0
2004,4,18,5,30,21,25
2004,4,18,6,30,89,181
2004,4,18,7,30,122,376
2004,4,18,8,30,145,561
2004,4,18,9,30,162,717
2004,4,18,10,30,212,811
2004,4,18,11,30,429,809
2004,4,18,12,30,364,732
2004,4,18,13,30,389,617
2004,4,18,14,30,343,589
2004,4,18,15,30,285,347
2004,4,18,16,30,208,257
2004,4,18,17,30,89,92
2004,4,18,18,30,0,0
2004,4,18,19,30,0,0
2004,4,18,20,30,0,0
2004,4,18,21,30,0,0
2004,4,18,22,30,0,0
2004,4,18,23,30,0,0
2004,4,19,0,30,0,0
2004,4,19,1,30,0,0
2004,4,19,2,30,0,0
2004,4,19,3,30,0,0
2004,4,19,4,30,0,0
2004,4,19,5,30,15,15
2004,4,19,6,30,40,40
2004,4,19,7,30,249,278
2004,4,19,8,30,137,577
2004,4,19,9,30,150,731
2004,4,19,10,30,157,839
2004,4,19,11,30,158,892
2004,4,19,12,30,312,769
2004,4,19,13,30,302,678
2004,4,19,14,30,156,689
2004,4,19,15,30,234,472
2004,4,19,16,30,107,338
2004,4,19,17,30,87,91
2004,4,19,18,30,0,0
2004,4,19,19,30,0,0
2004,4,19,20,30,0,0
2004,4,19,21,30,0,0
2004,4,19,22,30,0,0
2004,4,19,23,30,0,0
2004,4,20,0,30,0,0
2004,4,20,1,30,0,0
2004,4,20,2,30,0,0
2004,4,20,3,30,0,0
2004,4,20,4,30,0,0
2004,4,20,5,30,25,37
2004,4,20,6,30,65,213
2004,4,20,7,30,77,428
2004,4,20,8,30,92,620
2004,4,20,9,30,104,782
2004,4,20,10,30,117,890
2004,4,20,11,30,118,945
2004,4,20,12,30,119,931
2004,4,20,13,30,118,860
2004,4,20,14,30,109,736
2004,4,20,15,30,96,565
2004,4,20,16,30,220,243
2004,4,20,17,30,103,129
2004,4,20,18,30,5,5
2004,4,20,19,30,0,0
2004,4,20,20,30,0,0
2004,4,20,21,30,0,0
2004,4,20,22,30,0,0
2004,4,20,23,30,0,0
2004,4,21,0,30,0,0
2004,4,21,1,30,0,0
2004,4,21,2,30,0,0
2004,4,21,3,30,0,0
2004,4,21,4,30,0,0
2004,4,21,5,30,18,18
2004,4,21,6,30,21,21
2004,4,21,7,30,16,16
2004,4,21,8,30,89,89
2004,4,21,9,30,414,574
2004,4,21,10,30,130,856
2004,4,21,11,30,141,904
2004,4,21,12,30,150,890
2004,4,21,13,30,146,818
2004,4,21,14,30,148,691
2004,4,21,15,30,262,407
2004,4,21,16,30,129,327
2004,4,21,17,30,57,57
2004,4,21,18,30,2,2
2004,4,21,19,30,0,0
2004,4,21,20,30,0,0
2004,4,21,21,30,0,0
2004,4,21,22,30,0,0
2004,4,21,23,30,0,0
2004,4,22,0,30,0,0
2004,4,22,1,30,0,0
2004,4,22,2,30,0,0
2004,4,22,3,30,0,0
2004,4,22,4,30,0,0
2004,4,22,5,30,9,9
2004,4,22,6,30,125,134
2004,4,22,7,30,231,244
2004,4,22,8,30,344,395
2004,4,22,9,30,406,601
2004,4,22,10,30,453,712
2004,4,22,11,30,200,874
2004,4,22,12,30,341,748
2004,4,22,13,30,214,788
2004,4,22,14,30,310,594
2004,4,22,15,30,267,446
2004,4,22,16,30,210,299
2004,4,22,17,30,94,97
2004,4,22,18,30,3,3
2004,4,22,19,30,0,0
2004,4,22,20,30,0,0
2004,4,22,21,30,0,0
2004,4,22,22,30,0,0
2004,4,22,23,30,0,0
2004,4,23,0,30,0,0
2004,4,23,1,30,0,0
2004,4,23,2,30,0,0
2004,4,23,3,30,0,0
2004,4,23,4,30,0,0
2004,4,23,5,30,7,7
2004,4,23,6,30,133,136
2004,4,23,7,30,102,102
2004,4,23,8,30,288,301
2004,4,23,9,30,272,273
2004,4,23,10,30,255,256
2004,4,23,11,30,421,433
2004,4,23,12,30,365,367
2004,4,23,13,30,450,520
2004,4,23,14,30,174,174
2004,4,23,15,30,200,200
2004,4,23,16,30,164,166
2004,4,23,17,30,45,45
2004,4,23,18,30,5,5
2004,4,23,19,30,0,0
2004,4,23,20,30,0,0
2004,4,23,21,30,0,0
2004,4,23,22,30,0,0
2004,4,23,23,30,0,0
2004,4,24,0,30,0,0
2004,4,24,1,30,0,0
2004,4,24,2,30,0,0
2004,4,24,3,30,0,0
2004,4,24,4,30,0,0
2004,4,24,5,30,32,37
2004,4,24,6,30,108,207
2004,4,24,7,30,101,429
2004,4,24,8,30,109,628
2004,4,24,9,30,115,790
2004,4,24,10,30,107,907
2004,4,24,11,30,108,960
2004,4,24,12,30,107,948
2004,4,24,13,30,103,878
2004,4,24,14,30,97,752
2004,4,24,15,30,91,581
2004,4,24,16,30,75,383
2004,4,24,17,30,118,125
2004,4,24,18,30,11,11
2004,4,24,19,30,0,0
2004,4,24,20,30,0,0
2004,4,24,21,30,0,0
2004,4,24,22,30,0,0
2004,4,24,23,30,0,0
2004,4,25,0,30,0,0
2004,4,25,1,30,0,0
2004,4,25,2,30,0,0
2004,4,25,3,30,0,0
2004,4,25,4,30,0,0
2004,4,25,5,30,39,40
2004,4,25,6,30,153,181
2004,4,25,7,30,79,449
2004,4,25,8,30,97,636
2004,4,25,9,30,113,788
2004,4,25,10,30,115,893
2004,4,25,11,30,402,653
2004,4,25,12,30,386,645
2004,4,25,13,30,253,253
2004,4,25,14,30,179,179
2004,4,25,15,30,260,271
2004,4,25,16,30,48,48
2004,4,25,17,30,61,61
2004,4,25,18,30,5,5
2004,4,25,19,30,0,0
2004,4,25,20,30,0,0
2004,4,25,21,30,0,0
2004,4,25,22,30,0,0
2004,4,25,23,30,0,0
2004,4,26,0,30,0,0
2004,4,26,1,30,0,0
2004,4,26,2,30,0,0
2004,4,26,3,30,0,0
2004,4,26,4,30,0,0
2004,4,26,5,30,6,6
2004,4,26,6,30,114,120
2004,4,26,7,30,55,55
2004,4,26,8,30,35,35
2004,4,26,9,30,167,167
2004,4,26,10,30,270,275
2004,4,26,11,30,291,296
2004,4,26,12,30,209,210
2004,4,26,13,30,62,62
2004,4,26,14,30,115,115
2004,4,26,15,30,84,84
2004,4,26,16,30,77,77
2004,4,26,17,30,31,31
2004,4,26,18,30,4,4
2004,4,26,19,30,0,0
2004,4,26,20,30,0,0
2004,4,26,21,30,0,0
2004,4,26,22,30,0,0
2004,4,26,23,30,0,0
2004,4,27,0,30,0,0
2004,4,27,1,30,0,0
2004,4,27,2,30,0,0
2004,4,27,3,30,0,0
2004,4,27,4,30,0,0
2004,4,27,5,30,23,23
2004,4,27,6,30,42,43
2004,4,27,7,30,120,121
2004,4,27,8,30,122,627
2004,4,27,9,30,133,780
2004,4,27,10,30,158,882
2004,4,27,11,30,158,931
2004,4,27,12,30,109,109
2004,4,27,13,30,357,390
2004,4,27,14,30,255,255
2004,4,27,15,30,140,556
2004,4,27,16,30,238,289
2004,4,27,17,30,46,46
2004,4,27,18,30,16,19
2004,4,27,19,30,0,0
2004,4,27,20,30,0,0
2004,4,27,21,30,0,0
2004,4,27,22,30,0,0
2004,4,27,23,30,0,0
2004,4,28,0,30,0,0
2004,4,28,1,30,0,0
2004,4,28,2,30,0,0
2004,4,28,3,30,0,0
2004,4,28,4,30,0,0
2004,4,28,5,30,37,61
2004,4,28,6,30,72,248
2004,4,28,7,30,271,337
2004,4,28,8,30,91,660
2004,4,28,9,30,99,819
2004,4,28,10,30,103,929
2004,4,28,11,30,109,981
2004,4,28,12,30,112,964
2004,4,28,13,30,102,897
2004,4,28,14,30,94,771
2004,4,28,15,30,84,602
2004,4,28,16,30,72,401
2004,4,28,17,30,53,192
2004,4,28,18,30,17,24
2004,4,28,19,30,0,0
2004,4,28,20,30,0,0
2004,4,28,21,30,0,0
2004,4,28,22,30,0,0
2004,4,28,23,30,0,0
2004,4,29,0,30,0,0
2004,4,29,1,30,0,0
2004,4,29,2,30,0,0
2004,4,29,3,30,0,0
2004,4,29,4,30,0,0
2004,4,29,5,30,34,63
2004,4,29,6,30,70,243
2004,4,29,7,30,94,441
2004,4,29,8,30,107,629
2004,4,29,9,30,117,780
2004,4,29,10,30,142,878
2004,4,29,11,30,139,931
2004,4,29,12,30,134,921
2004,4,29,13,30,136,850
2004,4,29,14,30,127,726
2004,4,29,15,30,113,565
2004,4,29,16,30,91,376
2004,4,29,17,30,65,179
2004,4,29,18,30,19,23
2004,4,29,19,30,0,0
2004,4,29,20,30,0,0
2004,4,29,21,30,0,0
2004,4,29,22,30,0,0
2004,4,29,23,30,0,0
2004,4,30,0,30,0,0
2004,4,30,1,30,0,0
2004,4,30,2,30,0,0
2004,4,30,3,30,0,0
2004,4,30,4,30,0,0
2004,4,30,5,30,38,66
2004,4,30,6,30,78,246
2004,4,30,7,30,102,446
2004,4,30,8,30,348,502
2004,4,30,9,30,276,684
2004,4,30,10,30,316,709
2004,4,30,11,30,344,751
2004,4,30,12,30,352,739
2004,4,30,13,30,379,652
2004,4,30,14,30,328,571
2004,4,30,15,30,244,478
2004,4,30,16,30,205,285
2004,4,30,17,30,125,151
2004,4,30,18,30,15,15
2004,4,30,19,30,0,0
2004,4,30,20,30,0,0
2004,4,30,21,30,0,0
2004,4,30,22,30,0,0
2004,4,30,23,30,0,0
2000,5,1,0,30,0,0
2000,5,1,1,30,0,0
2000,5,1,2,30,0,0
2000,5,1,3,30,0,0
2000,5,1,4,30,0,0
2000,5,1,5,30,52,53
2000,5,1,6,30,136,235
2000,5,1,7,30,175,439
2000,5,1,8,30,222,598
2000,5,1,9,30,233,727
2000,5,1,10,30,256,760
2000,5,1,11,30,338,773
2000,5,1,12,30,366,762
2000,5,1,13,30,329,693
2000,5,1,14,30,147,738
2000,5,1,15,30,134,572
2000,5,1,16,30,173,184
2000,5,1,17,30,116,121
2000,5,1,18,30,14,14
2000,5,1,19,30,0,0
2000,5,1,20,30,0,0
2000,5,1,21,30,0,0
2000,5,1,22,30,0,0
2000,5,1,23,30,0,0
2000,5,2,0,30,0,0
2000,5,2,1,30,0,0
2000,5,2,2,30,0,0
2000,5,2,3,30,0,0
2000,5,2,4,30,0,0
2000,5,2,5,30,14,14
2000,5,2,6,30,105,108
2000,5,2,7,30,80,80
2000,5,2,8,30,170,170
2000,5,2,9,30,440,649
2000,5,2,10,30,496,704
2000,5,2,11,30,154,948
2000,5,2,12,30,511,688
2000,5,2,13,30,123,881
2000,5,2,14,30,108,759
2000,5,2,15,30,95,596
2000,5,2,16,30,74,403
2000,5,2,17,30,54,201
2000,5,2,18,30,20,32
2000,5,2,19,30,0,0
2000,5,2,20,30,0,0
2000,5,2,21,30,0,0
2000,5,2,22,30,0,0
2000,5,2,23,30,0,0
2000,5,3,0,30,0,0
2000,5,3,1,30,0,0
2000,5,3,2,30,0,0
2000,5,3,3,30,0,0
2000,5,3,4,30,0,0
2000,5,3,5,30,54,54
2000,5,3,6,30,69,267
2000,5,3,7,30,86,473
2000,5,3,8,30,97,663
2000,5,3,9,30,105,819
2000,5,3,10,30,105,928
2000,5,3,11,30,105,980
2000,5,3,12,30,104,970
2000,5,3,13,30,99,901
2000,5,3,14,30,97,776
2000,5,3,15,30,89,604
2000,5,3,16,30,76,407
2000,5,3,17,30,57,203
2000,5,3,18,30,21,33
2000,5,3,19,30,0,0
2000,5,3,20,30,0,0
2000,5,3,21,30,0,0
2000,5,3,22,30,0,0
2000,5,3,23,30,0,0
2000,5,4,0,30,0,0
2000,5,4,1,30,0,0
2000,5,4,2,30,0,0
2000,5,4,3,30,0,0
2000,5,4,4,30,0,0
2000,5,4,5,30,43,77
2000,5,4,6,30,85,258
2000,5,4,7,30,112,456
2000,5,4,8,30,129,642
2000,5,4,9,30,138,793
2000,5,4,10,30,165,890
2000,5,4,11,30,167,939
2000,5,4,12,30,162,931
2000,5,4,13,30,154,863
2000,5,4,14,30,146,741
2000,5,4,15,30,342,443
2000,5,4,16,30,191,335
2000,5,4,17,30,110,142
2000,5,4,18,30,17,17
2000,5,4,19,30,0,0
2000,5,4,20,30,0,0
2000,5,4,21,30,0,0
2000,5,4,22,30,0,0
2000,5,4,23,30,0,0
2000,5,5,0,30,0,0
2000,5,5,1,30,0,0
2000,5,5,2,30,0,0
2000,5,5,3,30,0,0
2000,5,5,4,30,0,0
2000,5,5,5,30,20,20
2000,5,5,6,30,149,152
2000,5,5,7,30,272,308
2000,5,5,8,30,252,522
2000,5,5,9,30,322,612
2000,5,5,10,30,187,850
2000,5,5,11,30,312,791
2000,5,5,12,30,187,886
2000,5,5,13,30,270,780
2000,5,5,14,30,150,150
2000,5,5,15,30,322,449
2000,5,5,16,30,79,79
2000,5,5,17,30,44,44
2000,5,5,18,30,26,26
2000,5,5,19,30,0,0
2000,5,5,20,30,0,0
2000,5,5,21,30,0,0
2000,5,5,22,30,0,0
2000,5,5,23,30,0,0
2000,5,6,0,30,0,0
2000,5,6,1,30,0,0
2000,5,6,2,30,0,0
2000,5,6,3,30,0,0
2000,5,6,4,30,0,0
2000,5,6,5,30,46,74
2000,5,6,6,30,92,246
2000,5,6,7,30,147,424
2000,5,6,8,30,171,600
2000,5,6,9,30,184,746
2000,5,6,10,30,239,833
2000,5,6,11,30,261,875
2000,5,6,12,30,276,859
2000,5,6,13,30,490,702
2000,5,6,14,30,253,674
2000,5,6,15,30,330,362
2000,5,6,16,30,222,232
2000,5,6,17,30,97,173
2000,5,6,18,30,22,22
2000,5,6,19,30,0,0
2000,5,6,20,30,0,0
2000,5,6,21,30,0,0
2000,5,6,22,30,0,0
2000,5,6,23,30,0,0
2000,5,7,0,30,0,0
2000,5,7,1,30,0,0
2000,5,7,2,30,0,0
2000,5,7,3,30,0,0
2000,5,7,4,30,0,0
2000,5,7,5,30,47,76
2000,5,7,6,30,97,247
2000,5,7,7,30,133,434
2000,5,7,8,30,162,609
2000,5,7,9,30,446,590
2000,5,7,10,30,229,837
2000,5,7,11,30,242,885
2000,5,7,12,30,233,878
2000,5,7,13,30,200,821
2000,5,7,14,30,183,706
2000,5,7,15,30,159,551
2000,5,7,16,30,129,369
2000,5,7,17,30,86,183
2000,5,7,18,30,26,32
2000,5,7,19,30,0,0
2000,5,7,20,30,0,0
2000,5,7,21,30,0,0
2000,5,7,22,30,0,0
2000,5,7,23,30,0,0
2000,5,8,0,30,0,0
2000,5,8,1,30,0,0
2000,5,8,2,30,0,0
2000,5,8,3,30,0,0
2000,5,8,4,30,0,0
2000,5,8,5,30,47,81
2000,5,8,6,30,90,254
2000,5,8,7,30,120,443
2000,5,8,8,30,141,621
2000,5,8,9,30,158,764
2000,5,8,10,30,212,845
2000,5,8,11,30,227,892
2000,5,8,12,30,506,759
2000,5,8,13,30,233,809
2000,5,8,14,30,381,428
2000,5,8,15,30,192,538
2000,5,8,16,30,155,358
2000,5,8,17,30,101,176
2000,5,8,18,30,26,26
2000,5,8,19,30,0,0
2000,5,8,20,30,0,0
2000,5,8,21,30,0,0
2000,5,8,22,30,0,0
2000,5,8,23,30,0,0
2000,5,9,0,30,0,0
2000,5,9,1,30,0,0
2000,5,9,2,30,0,0
2000,5,9,3,30,0,0
2000,5,9,4,30,0,0
2000,5,9,5,30,53,78
2000,5,9,6,30,106,251
2000,5,9,7,30,118,446
2000,5,9,8,30,131,626
2000,5,9,9,30,143,772
2000,5,9,10,30,154,872
2000,5,9,11,30,162,918
2000,5,9,12,30,167,904
2000,5,9,13,30,185,827
2000,5,9,14,30,177,708
2000,5,9,15,30,158,553
2000,5,9,16,30,108,380
2000,5,9,17,30,76,193
2000,5,9,18,30,27,37
2000,5,9,19,30,0,0
2000,5,9,20,30,0,0
2000,5,9,21,30,0,0
2000,5,9,22,30,0,0
2000,5,9,23,30,0,0
2000,5,10,0,30,0,0
2000,5,10,1,30,0,0
2000,5,10,2,30,0,0
2000,5,10,3,30,0,0
2000,5,10,4,30,0,0
2000,5,10,5,30,21,21
2000,5,10,6,30,15,15
2000,5,10,7,30,150,152
2000,5,10,8,30,256,269
2000,5,10,9,30,314,329
2000,5,10,10,30,303,308
2000,5,10,11,30,336,337
2000,5,10,12,30,263,263
2000,5,10,13,30,159,159
2000,5,10,14,30,243,244
2000,5,10,15,30,123,123
2000,5,10,16,30,129,129
2000,5,10,17,30,120,121
2000,5,10,18,30,4,4
2000,5,10,19,30,0,0
2000,5,10,20,30,0,0
2000,5,10,21,30,0,0
2000,5,10,22,30,0,0
2000,5,10,23,30,0,0
2000,5,11,0,30,0,0
2000,5,11,1,30,0,0
2000,5,11,2,30,0,0
2000,5,11,3,30,0,0
2000,5,11,4,30,0,0
2000,5,11,5,30,54,89
2000,5,11,6,30,171,178
2000,5,11,7,30,102,475
2000,5,11,8,30,118,659
2000,5,11,9,30,133,812
2000,5,11,10,30,132,921
2000,5,11,11,30,130,974
2000,5,11,12,30,124,966
2000,5,11,13,30,117,899
2000,5,11,14,30,108,777
2000,5,11,15,30,99,612
2000,5,11,16,30,88,418
2000,5,11,17,30,68,216
2000,5,11,18,30,29,46
2000,5,11,19,30,0,0
2000,5,11,20,30,0,0
2000,5,11,21,30,0,0
2000,5,11,22,30,0,0
2000,5,11,23,30,0,0
2000,5,12,0,30,0,0
2000,5,12,1,30,0,0
2000,5,12,2,30,0,0
2000,5,12,3,30,0,0
2000,5,12,4,30,0,0
2000,5,12,5,30,22,22
2000,5,12,6,30,10,10
2000,5,12,7,30,31,31
2000,5,12,8,30,163,164
2000,5,12,9,30,441,609
2000,5,12,10,30,285,293
2000,5,12,11,30,406,426
2000,5,12,12,30,376,727
2000,5,12,13,30,469,719
2000,5,12,14,30,337,604
2000,5,12,15,30,268,474
2000,5,12,16,30,223,303
2000,5,12,17,30,117,122
2000,5,12,18,30,8,8
2000,5,12,19,30,0,0
2000,5,12,20,30,0,0
2000,5,12,21,30,0,0
2000,5,12,22,30,0,0
2000,5,12,23,30,0,0
2000,5,13,0,30,0,0
2000,5,13,1,30,0,0
2000,5,13,2,30,0,0
2000,5,13,3,30,0,0
2000,5,13,4,30,0,0
2000,5,13,5,30,21,21
2000,5,13,6,30,176,198
2000,5,13,7,30,255,342
2000,5,13,8,30,338,455
2000,5,13,9,30,386,474
2000,5,13,10,30,441,474
2000,5,13,11,30,502,588
2000,5,13,12,30,453,482
2000,5,13,13,30,314,797
2000,5,13,14,30,468,583
2000,5,13,15,30,324,458
2000,5,13,16,30,197,358
2000,5,13,17,30,121,179
2000,5,13,18,30,27,32
2000,5,13,19,30,0,0
2000,5,13,20,30,0,0
2000,5,13,21,30,0,0
2000,5,13,22,30,0,0
2000,5,13,23,30,0,0
2000,5,14,0,30,0,0
2000,5,14,1,30,0,0
2000,5,14,2,30,0,0
2000,5,14,3,30,0,0
2000,5,14,4,30,0,0
2000,5,14,5,30,69,70
2000,5,14,6,30,86,295
2000,5,14,7,30,105,502
2000,5,14,8,30,119,693
2000,5,14,9,30,124,847
2000,5,14,10,30,122,956
2000,5,14,11,30,121,1002
2000,5,14,12,30,120,987
2000,5,14,13,30,113,916
2000,5,14,14,30,111,788
2000,5,14,15,30,105,619
2000,5,14,16,30,95,422
2000,5,14,17,30,71,223
2000,5,14,18,30,32,51
2000,5,14,19,30,0,0
2000,5,14,20,30,0,0
2000,5,14,21,30,0,0
2000,5,14,22,30,0,0
2000,5,14,23,30,0,0
2000,5,15,0,30,0,0
2000,5,15,1,30,0,0
2000,5,15,2,30,0,0
2000,5,15,3,30,0,0
2000,5,15,4,30,0,0
2000,5,15,5,30,51,108
2000,5,15,6,30,89,297
2000,5,15,7,30,111,498
2000,5,15,8,30,128,681
2000,5,15,9,30,140,832
2000,5,15,10,30,153,935
2000,5,15,11,30,153,982
2000,5,15,12,30,448,462
2000,5,15,13,30,364,367
2000,5,15,14,30,146,775
2000,5,15,15,30,129,612
2000,5,15,16,30,104,423
2000,5,15,17,30,76,224
2000,5,15,18,30,33,53
2000,5,15,19,30,0,0
2000,5,15,20,30,0,0
2000,5,15,21,30,0,0
2000,5,15,22,30,0,0
2000,5,15,23,30,0,0
2000,5,16,0,30,0,0
2000,5,16,1,30,0,0
2000,5,16,2,30,0,0
2000,5,16,3,30,0,0
2000,5,16,4,30,0,0
2000,5,16,5,30,52,108
2000,5,16,6,30,87,299
2000,5,16,7,30,112,499
2000,5,16,8,30,128,685
2000,5,16,9,30,144,836
2000,5,16,10,30,157,939
2000,5,16,11,30,158,984
2000,5,16,12,30,157,974
2000,5,16,13,30,136,908
2000,5,16,14,30,254,680
2000,5,16,15,30,128,615
2000,5,16,16,30,122,417
2000,5,16,17,30,96,217
2000,5,16,18,30,43,43
2000,5,16,19,30,0,0
2000,5,16,20,30,0,0
2000,5,16,21,30,0,0
2000,5,16,22,30,0,0
2000,5,16,23,30,0,0
2000,5,17,0,30,0,0
2000,5,17,1,30,0,0
2000,5,17,2,30,0,0
2000,5,17,3,30,0,0
2000,5,17,4,30,0,0
2000,5,17,5,30,5,5
2000,5,17,6,30,138,139
2000,5,17,7,30,239,247
2000,5,17,8,30,397,508
2000,5,17,9,30,427,500
2000,5,17,10,30,187,901
2000,5,17,11,30,192,949
2000,5,17,12,30,194,938
2000,5,17,13,30,191,867
2000,5,17,14,30,183,748
2000,5,17,15,30,160,590
2000,5,17,16,30,120,410
2000,5,17,17,30,87,219
2000,5,17,18,30,36,54
2000,5,17,19,30,0,0
2000,5,17,20,30,0,0
2000,5,17,21,30,0,0
2000,5,17,22,30,0,0
2000,5,17,23,30,0,0
2000,5,18,0,30,0,0
2000,5,18,1,30,0,0
2000,5,18,2,30,0,0
2000,5,18,3,30,0,0
2000,5,18,4,30,0,0
2000,5,18,5,30,65,96
2000,5,18,6,30,40,40
2000,5,18,7,30,211,223
2000,5,18,8,30,331,398
2000,5,18,9,30,214,216
2000,5,18,10,30,450,525
2000,5,18,11,30,482,535
2000,5,18,12,30,482,595
2000,5,18,13,30,443,625
2000,5,18,14,30,325,617
2000,5,18,15,30,303,522
2000,5,18,16,30,226,360
2000,5,18,17,30,39,39
2000,5,18,18,30,30,30
2000,5,18,19,30,0,0
2000,5,18,20,30,0,0
2000,5,18,21,30,0,0
2000,5,18,22,30,0,0
2000,5,18,23,30,0,0
2000,5,19,0,30,0,0
2000,5,19,1,30,0,0
2000,5,19,2,30,0,0
2000,5,19,3,30,0,0
2000,5,19,4,30,0,0
2000,5,19,5,30,23,23
2000,5,19,6,30,121,123
2000,5,19,7,30,133,134
2000,5,19,8,30,180,182
2000,5,19,9,30,241,244
2000,5,19,10,30,288,290
2000,5,19,11,30,201,201
2000,5,19,12,30,418,434
2000,5,19,13,30,275,277
2000,5,19,14,30,260,268
2000,5,19,15,30,132,133
2000,5,19,16,30,89,89
2000,5,19,17,30,26,26
2000,5,19,18,30,39,48
2000,5,19,19,30,0,0
2000,5,19,20,30,0,0
2000,5,19,21,30,0,0
2000,5,19,22,30,0,0
2000,5,19,23,30,0,0
2000,5,20,0,30,0,0
2000,5,20,1,30,0,0
2000,5,20,2,30,0,0
2000,5,20,3,30,0,0
2000,5,20,4,30,0,0
2000,5,20,5,30,26,26
2000,5,20,6,30,160,177
2000,5,20,7,30,145,145
2000,5,20,8,30,70,70
2000,5,20,9,30,151,151
2000,5,20,10,30,210,211
2000,5,20,11,30,258,259
2000,5,20,12,30,272,274
2000,5,20,13,30,281,285
2000,5,20,14,30,275,282
2000,5,20,15,30,177,179
2000,5,20,16,30,198,215
2000,5,20,17,30,110,113
2000,5,20,18,30,15,15
2000,5,20,19,30,0,0
2000,5,20,20,30,0,0
2000,5,20,21,30,0,0
2000,5,20,22,30,0,0
2000,5,20,23,30,0,0
2000,5,21,0,30,0,0
2000,5,21,1,30,0,0
2000,5,21,2,30,0,0
2000,5,21,3,30,0,0
2000,5,21,4,30,0,0
2000,5,21,5,30,8,8
2000,5,21,6,30,78,78
2000,5,21,7,30,79,79
2000,5,21,8,30,196,197
2000,5,21,9,30,333,336
2000,5,21,10,30,311,312
2000,5,21,11,30,228,228
2000,5,21,12,30,289,289
2000,5,21,13,30,189,190
2000,5,21,14,30,224,225
2000,5,21,15,30,207,208
2000,5,21,16,30,131,131
2000,5,21,17,30,26,26
2000,5,21,18,30,42,51
2000,5,21,19,30,0,0
2000,5,21,20,30,0,0
2000,5,21,21,30,0,0
2000,5,21,22,30,0,0
2000,5,21,23,30,0,0
2000,5,22,0,30,0,0
2000,5,22,1,30,0,0
2000,5,22,2,30,0,0
2000,5,22,3,30,0,0
2000,5,22,4,30,0,0
2000,5,22,5,30,35,35
2000,5,22,6,30,64,64
2000,5,22,7,30,289,335
2000,5,22,8,30,343,384
2000,5,22,9,30,395,559
2000,5,22,10,30,323,327
2000,5,22,11,30,457,484
2000,5,22,12,30,415,434
2000,5,22,13,30,331,340
2000,5,22,14,30,196,198
2000,5,22,15,30,184,187
2000,5,22,16,30,126,127
2000,5,22,17,30,89,89
2000,5,22,18,30,33,33
2000,5,22,19,30,0,0
2000,5,22,20,30,0,0
2000,5,22,21,30,0,0
2000,5,22,22,30,0,0
2000,5,22,23,30,0,0
2000,5,23,0,30,0,0
2000,5,23,1,30,0,0
2000,5,23,2,30,0,0
2000,5,23,3,30,0,0
2000,5,23,4,30,0,0
2000,5,23,5,30,72,103
2000,5,23,6,30,85,85
2000,5,23,7,30,159,159
2000,5,23,8,30,202,202
2000,5,23,9,30,276,276
2000,5,23,10,30,527,632
2000,5,23,11,30,433,441
2000,5,23,12,30,422,429
2000,5,23,13,30,356,357
2000,5,23,14,30,346,386
2000,5,23,15,30,332,358
2000,5,23,16,30,231,240
2000,5,23,17,30,154,173
2000,5,23,18,30,47,48
2000,5,23,19,30,0,0
2000,5,23,20,30,0,0
2000,5,23,21,30,0,0
2000,5,23,22,30,0,0
2000,5,23,23,30,0,0
2000,5,24,0,30,0,0
2000,5,24,1,30,0,0
2000,5,24,2,30,0,0
2000,5,24,3,30,0,0
2000,5,24,4,30,0,0
2000,5,24,5,30,26,26
2000,5,24,6,30,177,206
2000,5,24,7,30,246,371
2000,5,24,8,30,382,504
2000,5,24,9,30,320,322
2000,5,24,10,30,483,727
2000,5,24,11,30,137,969
2000,5,24,12,30,142,957
2000,5,24,13,30,141,890
2000,5,24,14,30,129,772
2000,5,24,15,30,115,615
2000,5,24,16,30,187,398
2000,5,24,17,30,85,231
2000,5,24,18,30,42,42
2000,5,24,19,30,0,0
2000,5,24,20,30,0,0
2000,5,24,21,30,0,0
2000,5,24,22,30,0,0
2000,5,24,23,30,0,0
2000,5,25,0,30,0,0
2000,5,25,1,30,0,0
2000,5,25,2,30,0,0
2000,5,25,3,30,0,0
2000,5,25,4,30,0,0
2000,5,25,5,30,79,80
2000,5,25,6,30,88,301
2000,5,25,7,30,112,493
2000,5,25,8,30,231,600
2000,5,25,9,30,325,630
2000,5,25,10,30,413,699
2000,5,25,11,30,405,801
2000,5,25,12,30,345,789
2000,5,25,13,30,341,717
2000,5,25,14,30,342,604
2000,5,25,15,30,197,588
2000,5,25,16,30,173,370
2000,5,25,17,30,70,248
2000,5,25,18,30,36,73
2000,5,25,19,30,0,0
2000,5,25,20,30,0,0
2000,5,25,21,30,0,0
2000,5,25,22,30,0,0
2000,5,25,23,30,0,0
2000,5,26,0,30,0,0
2000,5,26,1,30,0,0
2000,5,26,2,30,0,0
2000,5,26,3,30,0,0
2000,5,26,4,30,0,0
2000,5,26,5,30,49,129
2000,5,26,6,30,73,319
2000,5,26,7,30,89,517
2000,5,26,8,30,99,699
2000,5,26,9,30,107,848
2000,5,26,10,30,109,948
2000,5,26,11,30,112,995
2000,5,26,12,30,112,983
2000,5,26,13,30,105,918
2000,5,26,14,30,98,798
2000,5,26,15,30,91,637
2000,5,26,16,30,86,447
2000,5,26,17,30,66,252
2000,5,26,18,30,35,77
2000,5,26,19,30,0,0
2000,5,26,20,30,0,0
2000,5,26,21,30,0,0
2000,5,26,22,30,0,0
2000,5,26,23,30,0,0
2000,5,27,0,30,0,0
2000,5,27,1,30,0,0
2000,5,27,2,30,0,0
2000,5,27,3,30,0,0
2000,5,27,4,30,0,0
2000,5,27,5,30,47,132
2000,5,27,6,30,69,322
2000,5,27,7,30,93,514
2000,5,27,8,30,250,550
2000,5,27,9,30,379,550
2000,5,27,10,30,400,475
2000,5,27,11,30,329,766
2000,5,27,12,30,416,767
2000,5,27,13,30,427,630
2000,5,27,14,30,369,537
2000,5,27,15,30,307,476
2000,5,27,16,30,243,292
2000,5,27,17,30,154,188
2000,5,27,18,30,60,64
2000,5,27,19,30,0,0
2000,5,27,20,30,0,0
2000,5,27,21,30,0,0
2000,5,27,22,30,0,0
2000,5,27,23,30,0,0
2000,5,28,0,30,0,0
2000,5,28,1,30,0,0
2000,5,28,2,30,0,0
2000,5,28,3,30,0,0
2000,5,28,4,30,0,0
2000,5,28,5,30,49,134
2000,5,28,6,30,72,326
2000,5,28,7,30,88,524
2000,5,28,8,30,201,615
2000,5,28,9,30,112,850
2000,5,28,10,30,122,951
2000,5,28,11,30,344,785
2000,5,28,12,30,466,740
2000,5,28,13,30,438,572
2000,5,28,14,30,382,472
2000,5,28,15,30,323,450
2000,5,28,16,30,223,247
2000,5,28,17,30,76,77
2000,5,28,18,30,37,37
2000,5,28,19,30,0,0
2000,5,28,20,30,0,0
2000,5,28,21,30,0,0
2000,5,28,22,30,0,0
2000,5,28,23,30,0,0
2000,5,29,0,30,0,0
2000,5,29,1,30,0,0
2000,5,29,2,30,0,0
2000,5,29,3,30,0,0
2000,5,29,4,30,0,0
2000,5,29,5,30,79,84
2000,5,29,6,30,97,98
2000,5,29,7,30,181,181
2000,5,29,8,30,386,474
2000,5,29,9,30,103,853
2000,5,29,10,30,118,953
2000,5,29,11,30,507,661
2000,5,29,12,30,426,433
2000,5,29,13,30,331,332
2000,5,29,14,30,420,502
2000,5,29,15,30,369,454
2000,5,29,16,30,101,452
2000,5,29,17,30,75,258
2000,5,29,18,30,41,81
2000,5,29,19,30,0,0
2000,5,29,20,30,0,0
2000,5,29,21,30,0,0
2000,5,29,22,30,0,0
2000,5,29,23,30,0,0
2000,5,30,0,30,0,0
2000,5,30,1,30,0,0
2000,5,30,2,30,0,0
2000,5,30,3,30,0,0
2000,5,30,4,30,0,0
2000,5,30,5,30,29,29
2000,5,30,6,30,100,100
2000,5,30,7,30,127,127
2000,5,30,8,30,228,228
2000,5,30,9,30,263,263
2000,5,30,10,30,427,440
2000,5,30,11,30,483,571
2000,5,30,12,30,462,490
2000,5,30,13,30,468,590
2000,5,30,14,30,412,650
2000,5,30,15,30,364,439
2000,5,30,16,30,86,464
2000,5,30,17,30,66,266
2000,5,30,18,30,37,87
2000,5,30,19,30,0,0
2000,5,30,20,30,0,0
2000,5,30,21,30,0,0
2000,5,30,22,30,0,0
2000,5,30,23,30,0,0
2000,5,31,0,30,0,0
2000,5,31,1,30,0,0
2000,5,31,2,30,0,0
2000,5,31,3,30,0,0
2000,5,31,4,30,0,0
2000,5,31,5,30,53,138
2000,5,31,6,30,98,98
2000,5,31,7,30,169,169
2000,5,31,8,30,232,232
2000,5,31,9,30,334,335
2000,5,31,10,30,443,468
2000,5,31,11,30,493,817
2000,5,31,12,30,121,984
2000,5,31,13,30,116,913
2000,5,31,14,30,106,790
2000,5,31,15,30,95,630
2000,5,31,16,30,83,447
2000,5,31,17,30,65,256
2000,5,31,18,30,38,83
2000,5,31,19,30,0,0
2000,5,31,20,30,0,0
2000,5,31,21,30,0,0
2000,5,31,22,30,0,0
2000,5,31,23,30,0,0
2012,6,1,0,30,0,0
2012,6,1,1,30,0,0
2012,6,1,2,30,0,0
2012,6,1,3,30,0,0
2012,6,1,4,30,0,0
2012,6,1,5,30,49,133
2012,6,1,6,30,74,316
2012,6,1,7,30,89,507
2012,6,1,8,30,105,680
2012,6,1,9,30,118,822
2012,6,1,10,30,126,920
2012,6,1,11,30,322,911
2012,6,1,12,30,273,852
2012,6,1,13,30,353,355
2012,6,1,14,30,354,524
2012,6,1,15,30,224,225
2012,6,1,16,30,240,282
2012,6,1,17,30,105,109
2012,6,1,18,30,38,38
2012,6,1,19,30,0,0
2012,6,1,20,30,0,0
2012,6,1,21,30,0,0
2012,6,1,22,30,0,0
2012,6,1,23,30,0,0
2012,6,2,0,30,0,0
2012,6,2,1,30,0,0
2012,6,2,2,30,0,0
2012,6,2,3,30,0,0
2012,6,2,4,30,0,0
2012,6,2,5,30,32,32
2012,6,2,6,30,92,93
2012,6,2,7,30,95,96
2012,6,2,8,30,273,314
2012,6,2,9,30,159,159
2012,6,2,10,30,119,915
2012,6,2,11,30,117,967
2012,6,2,12,30,114,963
2012,6,2,13,30,421,764
2012,6,2,14,30,413,628
2012,6,2,15,30,113,631
2012,6,2,16,30,252,371
2012,6,2,17,30,104,104
2012,6,2,18,30,51,51
2012,6,2,19,30,0,0
2012,6,2,20,30,0,0
2012,6,2,21,30,0,0
2012,6,2,22,30,0,0
2012,6,2,23,30,0,0
2012,6,3,0,30,0,0
2012,6,3,1,30,0,0
2012,6,3,2,30,0,0
2012,6,3,3,30,0,0
2012,6,3,4,30,0,0
2012,6,3,5,30,50,133
2012,6,3,6,30,76,318
2012,6,3,7,30,90,512
2012,6,3,8,30,102,689
2012,6,3,9,30,111,835
2012,6,3,10,30,114,937
2012,6,3,11,30,119,980
2012,6,3,12,30,127,963
2012,6,3,13,30,279,764
2012,6,3,14,30,268,278
2012,6,3,15,30,302,339
2012,6,3,16,30,231,362
2012,6,3,17,30,5,5
2012,6,3,18,30,47,47
2012,6,3,19,30,0,0
2012,6,3,20,30,0,0
2012,6,3,21,30,0,0
2012,6,3,22,30,0,0
2012,6,3,23,30,0,0
2012,6,4,0,30,0,0
2012,6,4,1,30,0,0
2012,6,4,2,30,0,0
2012,6,4,3,30,0,0
2012,6,4,4,30,0,0
2012,6,4,5,30,5,5
2012,6,4,6,30,196,216
2012,6,4,7,30,83,83
2012,6,4,8,30,296,302
2012,6,4,9,30,179,179
2012,6,4,10,30,109,109
2012,6,4,11,30,333,335
2012,6,4,12,30,322,332
2012,6,4,13,30,427,758
2012,6,4,14,30,405,488
2012,6,4,15,30,348,491
2012,6,4,16,30,168,169
2012,6,4,17,30,157,196
2012,6,4,18,30,3,3
2012,6,4,19,30,0,0
2012,6,4,20,30,0,0
2012,6,4,21,30,0,0
2012,6,4,22,30,0,0
2012,6,4,23,30,0,0
2012,6,5,0,30,0,0
2012,6,5,1,30,0,0
2012,6,5,2,30,0,0
2012,6,5,3,30,0,0
2012,6,5,4,30,0,0
2012,6,5,5,30,92,112
2012,6,5,6,30,65,326
2012,6,5,7,30,260,420
2012,6,5,8,30,357,541
2012,6,5,9,30,98,840
2012,6,5,10,30,91,945
2012,6,5,11,30,327,328
2012,6,5,12,30,324,325
2012,6,5,13,30,433,503
2012,6,5,14,30,422,542
2012,6,5,15,30,354,448
2012,6,5,16,30,124,124
2012,6,5,17,30,81,81
2012,6,5,18,30,9,9
2012,6,5,19,30,0,0
2012,6,5,20,30,0,0
2012,6,5,21,30,0,0
2012,6,5,22,30,0,0
2012,6,5,23,30,0,0
2012,6,6,0,30,0,0
2012,6,6,1,30,0,0
2012,6,6,2,30,0,0
2012,6,6,3,30,0,0
2012,6,6,4,30,0,0
2012,6,6,5,30,95,107
2012,6,6,6,30,69,321
2012,6,6,7,30,79,515
2012,6,6,8,30,371,512
2012,6,6,9,30,441,610
2012,6,6,10,30,383,388
2012,6,6,11,30,429,442
2012,6,6,12,30,328,329
2012,6,6,13,30,477,645
2012,6,6,14,30,381,663
2012,6,6,15,30,108,636
2012,6,6,16,30,101,450
2012,6,6,17,30,87,257
2012,6,6,18,30,48,87
2012,6,6,19,30,0,0
2012,6,6,20,30,0,0
2012,6,6,21,30,0,0
2012,6,6,22,30,0,0
2012,6,6,23,30,0,0
2012,6,7,0,30,0,0
2012,6,7,1,30,0,0
2012,6,7,2,30,0,0
2012,6,7,3,30,0,0
2012,6,7,4,30,0,0
2012,6,7,5,30,92,116
2012,6,7,6,30,80,313
2012,6,7,7,30,90,507
2012,6,7,8,30,109,680
2012,6,7,9,30,119,823
2012,6,7,10,30,420,787
2012,6,7,11,30,119,972
2012,6,7,12,30,459,589
2012,6,7,13,30,314,315
2012,6,7,14,30,431,546
2012,6,7,15,30,127,623
2012,6,7,16,30,96,450
2012,6,7,17,30,78,260
2012,6,7,18,30,44,90
2012,6,7,19,30,0,0
2012,6,7,20,30,0,0
2012,6,7,21,30,0,0
2012,6,7,22,30,0,0
2012,6,7,23,30,0,0
2012,6,8,0,30,0,0
2012,6,8,1,30,0,0
2012,6,8,2,30,0,0
2012,6,8,3,30,0,0
2012,6,8,4,30,0,0
2012,6,8,5,30,46,138
2012,6,8,6,30,69,322
2012,6,8,7,30,85,514
2012,6,8,8,30,102,684
2012,6,8,9,30,119,823
2012,6,8,10,30,112,927
2012,6,8,11,30,118,975
2012,6,8,12,30,123,964
2012,6,8,13,30,133,897
2012,6,8,14,30,240,693
2012,6,8,15,30,249,511
2012,6,8,16,30,198,383
2012,6,8,17,30,74,264
2012,6,8,18,30,70,86
2012,6,8,19,30,0,0
2012,6,8,20,30,0,0
2012,6,8,21,30,0,0
2012,6,8,22,30,0,0
2012,6,8,23,30,0,0
2012,6,9,0,30,0,0
2012,6,9,1,30,0,0
2012,6,9,2,30,0,0
2012,6,9,3,30,0,0
2012,6,9,4,30,0,0
2012,6,9,5,30,82,132
2012,6,9,6,30,195,226
2012,6,9,7,30,154,155
2012,6,9,8,30,77,77
2012,6,9,9,30,91,91
2012,6,9,10,30,120,120
2012,6,9,11,30,419,429
2012,6,9,12,30,354,356
2012,6,9,13,30,342,344
2012,6,9,14,30,151,151
2012,6,9,15,30,141,614
2012,6,9,16,30,229,347
2012,6,9,17,30,130,135
2012,6,9,18,30,52,56
2012,6,9,19,30,0,0
2012,6,9,20,30,0,0
2012,6,9,21,30,0,0
2012,6,9,22,30,0,0
2012,6,9,23,30,0,0
2012,6,10,0,30,0,0
2012,6,10,1,30,0,0
2012,6,10,2,30,0,0
2012,6,10,3,30,0,0
2012,6,10,4,30,0,0
2012,6,10,5,30,45,45
2012,6,10,6,30,202,225
2012,6,10,7,30,134,134
2012,6,10,8,30,187,634
2012,6,10,9,30,195,777
2012,6,10,10,30,167,889
2012,6,10,11,30,460,814
2012,6,10,12,30,508,744
2012,6,10,13,30,491,655
2012,6,10,14,30,196,745
2012,6,10,15,30,182,595
2012,6,10,16,30,145,425
2012,6,10,17,30,115,243
2012,6,10,18,30,57,81
2012,6,10,19,30,0,0
2012,6,10,20,30,0,0
2012,6,10,21,30,0,0
2012,6,10,22,30,0,0
2012,6,10,23,30,0,0
2012,6,11,0,30,0,0
2012,6,11,1,30,0,0
2012,6,11,2,30,0,0
2012,6,11,3,30,0,0
2012,6,11,4,30,2,2
2012,6,11,5,30,73,118
2012,6,11,6,30,42,42
2012,6,11,7,30,244,254
2012,6,11,8,30,216,631
2012,6,11,9,30,348,352
2012,6,11,10,30,482,585
2012,6,11,11,30,237,923
2012,6,11,12,30,231,920
2012,6,11,13,30,224,859
2012,6,11,14,30,209,750
2012,6,11,15,30,369,506
2012,6,11,16,30,151,430
2012,6,11,17,30,176,187
2012,6,11,18,30,63,64
2012,6,11,19,30,0,0
2012,6,11,20,30,0,0
2012,6,11,21,30,0,0
2012,6,11,22,30,0,0
2012,6,11,23,30,0,0
2012,6,12,0,30,0,0
2012,6,12,1,30,0,0
2012,6,12,2,30,0,0
2012,6,12,3,30,0,0
2012,6,12,4,30,2,2
2012,6,12,5,30,60,61
2012,6,12,6,30,120,123
2012,6,12,7,30,123,124
2012,6,12,8,30,326,370
2012,6,12,9,30,358,396
2012,6,12,10,30,407,505
2012,6,12,11,30,393,397
2012,6,12,12,30,302,307
2012,6,12,13,30,255,257
2012,6,12,14,30,182,183
2012,6,12,15,30,260,271
2012,6,12,16,30,84,85
2012,6,12,17,30,75,76
2012,6,12,18,30,40,40
2012,6,12,19,30,0,0
2012,6,12,20,30,0,0
2012,6,12,21,30,0,0
2012,6,12,22,30,0,0
2012,6,12,23,30,0,0
2012,6,13,0,30,0,0
2012,6,13,1,30,0,0
2012,6,13,2,30,0,0
2012,6,13,3,30,0,0
2012,6,13,4,30,1,1
2012,6,13,5,30,7,7
2012,6,13,6,30,185,231
2012,6,13,7,30,211,230
2012,6,13,8,30,306,424
2012,6,13,9,30,336,391
2012,6,13,10,30,320,332
2012,6,13,11,30,430,492
2012,6,13,12,30,357,370
2012,6,13,13,30,349,369
2012,6,13,14,30,349,383
2012,6,13,15,30,252,275
2012,6,13,16,30,222,254
2012,6,13,17,30,117,121
2012,6,13,18,30,38,38
2012,6,13,19,30,0,0
2012,6,13,20,30,0,0
2012,6,13,21,30,0,0
2012,6,13,22,30,0,0
2012,6,13,23,30,0,0
2012,6,14,0,30,0,0
2012,6,14,1,30,0,0
2012,6,14,2,30,0,0
2012,6,14,3,30,0,0
2012,6,14,4,30,2,2
2012,6,14,5,30,56,131
2012,6,14,6,30,87,310
2012,6,14,7,30,109,499
2012,6,14,8,30,332,360
2012,6,14,9,30,290,290
2012,6,14,10,30,318,319
2012,6,14,11,30,390,393
2012,6,14,12,30,460,502
2012,6,14,13,30,414,431
2012,6,14,14,30,382,415
2012,6,14,15,30,368,448
2012,6,14,16,30,95,463
2012,6,14,17,30,156,242
2012,6,14,18,30,43,101
2012,6,14,19,30,0,0
2012,6,14,20,30,0,0
2012,6,14,21,30,0,0
2012,6,14,22,30,0,0
2012,6,14,23,30,0,0
2012,6,15,0,30,0,0
2012,6,15,1,30,0,0
2012,6,15,2,30,0,0
2012,6,15,3,30,0,0
2012,6,15,4,30,9,11
2012,6,15,5,30,43,143
2012,6,15,6,30,62,330
2012,6,15,7,30,73,525
2012,6,15,8,30,83,704
2012,6,15,9,30,91,850
2012,6,15,10,30,96,952
2012,6,15,11,30,98,1002
2012,6,15,12,30,99,996
2012,6,15,13,30,104,932
2012,6,15,14,30,100,816
2012,6,15,15,30,92,662
2012,6,15,16,30,75,483
2012,6,15,17,30,62,287
2012,6,15,18,30,39,106
2012,6,15,19,30,0,0
2012,6,15,20,30,0,0
2012,6,15,21,30,0,0
2012,6,15,22,30,0,0
2012,6,15,23,30,0,0
2012,6,16,0,30,0,0
2012,6,16,1,30,0,0
2012,6,16,2,30,0,0
2012,6,16,3,30,0,0
2012,6,16,4,30,9,11
2012,6,16,5,30,44,143
2012,6,16,6,30,64,330
2012,6,16,7,30,73,526
2012,6,16,8,30,83,704
2012,6,16,9,30,92,847
2012,6,16,10,30,99,949
2012,6,16,11,30,104,996
2012,6,16,12,30,108,986
2012,6,16,13,30,105,925
2012,6,16,14,30,107,809
2012,6,16,15,30,109,650
2012,6,16,16,30,90,473
2012,6,16,17,30,73,281
2012,6,16,18,30,45,104
2012,6,16,19,30,0,0
2012,6,16,20,30,0,0
2012,6,16,21,30,0,0
2012,6,16,22,30,0,0
2012,6,16,23,30,0,0
2012,6,17,0,30,0,0
2012,6,17,1,30,0,0
2012,6,17,2,30,0,0
2012,6,17,3,30,0,0
2012,6,17,4,30,0,0
2012,6,17,5,30,33,33
2012,6,17,6,30,148,150
2012,6,17,7,30,297,338
2012,6,17,8,30,389,479
2012,6,17,9,30,449,560
2012,6,17,10,30,489,734
2012,6,17,11,30,369,911
2012,6,17,12,30,125,985
2012,6,17,13,30,115,926
2012,6,17,14,30,111,814
2012,6,17,15,30,101,660
2012,6,17,16,30,81,484
2012,6,17,17,30,65,290
2012,6,17,18,30,40,110
2012,6,17,19,30,0,0
2012,6,17,20,30,0,0
2012,6,17,21,30,0,0
2012,6,17,22,30,0,0
2012,6,17,23,30,0,0
2012,6,18,0,30,0,0
2012,6,18,1,30,0,0
2012,6,18,2,30,0,0
2012,6,18,3,30,0,0
2012,6,18,4,30,0,0
2012,6,18,5,30,94,97
2012,6,18,6,30,77,322
2012,6,18,7,30,273,413
2012,6,18,8,30,329,587
2012,6,18,9,30,100,846
2012,6,18,10,30,484,739
2012,6,18,11,30,232,868
2012,6,18,12,30,117,985
2012,6,18,13,30,280,796
2012,6,18,14,30,275,680
2012,6,18,15,30,105,654
2012,6,18,16,30,83,478
2012,6,18,17,30,70,284
2012,6,18,18,30,76,86
2012,6,18,19,30,0,0
2012,6,18,20,30,0,0
2012,6,18,21,30,0,0
2012,6,18,22,30,0,0
2012,6,18,23,30,0,0
2012,6,19,0,30,0,0
2012,6,19,1,30,0,0
2012,6,19,2,30,0,0
2012,6,19,3,30,0,0
2012,6,19,4,30,0,0
2012,6,19,5,30,26,26
2012,6,19,6,30,60,60
2012,6,19,7,30,130,130
2012,6,19,8,30,316,336
2012,6,19,9,30,308,310
2012,6,19,10,30,308,309
2012,6,19,11,30,394,578
2012,6,19,12,30,423,530
2012,6,19,13,30,159,878
2012,6,19,14,30,433,570
2012,6,19,15,30,147,612
2012,6,19,16,30,127,438
2012,6,19,17,30,134,135
2012,6,19,18,30,24,24
2012,6,19,19,30,0,0
2012,6,19,20,30,0,0
2012,6,19,21,30,0,0
2012,6,19,22,30,0,0
2012,6,19,23,30,0,0
2012,6,20,0,30,0,0
2012,6,20,1,30,0,0
2012,6,20,2,30,0,0
2012,6,20,3,30,0,0
2012,6,20,4,30,0,0
2012,6,20,5,30,68,114
2012,6,20,6,30,108,285
2012,6,20,7,30,142,463
2012,6,20,8,30,158,634
2012,6,20,9,30,167,775
2012,6,20,10,30,168,877
2012,6,20,11,30,162,930
2012,6,20,12,30,153,929
2012,6,20,13,30,207,849
2012,6,20,14,30,188,745
2012,6,20,15,30,317,577
2012,6,20,16,30,135,431
2012,6,20,17,30,101,253
2012,6,20,18,30,53,90
2012,6,20,19,30,0,0
2012,6,20,20,30,0,0
2012,6,20,21,30,0,0
2012,6,20,22,30,0,0
2012,6,20,23,30,0,0
2012,6,21,0,30,0,0
2012,6,21,1,30,0,0
2012,6,21,2,30,0,0
2012,6,21,3,30,0,0
2012,6,21,4,30,0,0
2012,6,21,5,30,58,121
2012,6,21,6,30,93,297
2012,6,21,7,30,118,482
2012,6,21,8,30,132,659
2012,6,21,9,30,141,803
2012,6,21,10,30,146,905
2012,6,21,11,30,148,954
2012,6,21,12,30,147,948
2012,6,21,13,30,144,885
2012,6,21,14,30,136,776
2012,6,21,15,30,123,625
2012,6,21,16,30,115,446
2012,6,21,17,30,90,261
2012,6,21,18,30,51,95
2012,6,21,19,30,0,0
2012,6,21,20,30,0,0
2012,6,21,21,30,0,0
2012,6,21,22,30,0,0
2012,6,21,23,30,0,0
2012,6,22,0,30,0,0
2012,6,22,1,30,0,0
2012,6,22,2,30,0,0
2012,6,22,3,30,0,0
2012,6,22,4,30,0,0
2012,6,22,5,30,60,118
2012,6,22,6,30,159,163
2012,6,22,7,30,134,468
2012,6,22,8,30,155,637
2012,6,22,9,30,173,775
2012,6,22,10,30,210,866
2012,6,22,11,30,233,909
2012,6,22,12,30,404,760
2012,6,22,13,30,397,414
2012,6,22,14,30,91,91
2012,6,22,15,30,84,84
2012,6,22,16,30,117,118
2012,6,22,17,30,108,109
2012,6,22,18,30,41,42
2012,6,22,19,30,0,0
2012,6,22,20,30,0,0
2012,6,22,21,30,0,0
2012,6,22,22,30,0,0
2012,6,22,23,30,0,0
2012,6,23,0,30,0,0
2012,6,23,1,30,0,0
2012,6,23,2,30,0,0
2012,6,23,3,30,0,0
2012,6,23,4,30,0,0
2012,6,23,5,30,67,99
2012,6,23,6,30,194,225
2012,6,23,7,30,211,397
2012,6,23,8,30,212,576
2012,6,23,9,30,385,678
2012,6,23,10,30,111,915
2012,6,23,11,30,111,970
2012,6,23,12,30,109,972
2012,6,23,13,30,103,916
2012,6,23,14,30,99,807
2012,6,23,15,30,91,655
2012,6,23,16,30,74,480
2012,6,23,17,30,59,290
2012,6,23,18,30,37,112
2012,6,23,19,30,0,0
2012,6,23,20,30,0,0
2012,6,23,21,30,0,0
2012,6,23,22,30,0,0
2012,6,23,23,30,0,0
2012,6,24,0,30,0,0
2012,6,24,1,30,0,0
2012,6,24,2,30,0,0
2012,6,24,3,30,0,0
2012,6,24,4,30,0,0
2012,6,24,5,30,41,137
2012,6,24,6,30,60,323
2012,6,24,7,30,71,516
2012,6,24,8,30,83,693
2012,6,24,9,30,93,836
2012,6,24,10,30,112,932
2012,6,24,11,30,268,930
2012,6,24,12,30,125,969
2012,6,24,13,30,121,907
2012,6,24,14,30,237,711
2012,6,24,15,30,223,573
2012,6,24,16,30,167,409
2012,6,24,17,30,168,199
2012,6,24,18,30,47,48
2012,6,24,19,30,0,0
2012,6,24,20,30,0,0
2012,6,24,21,30,0,0
2012,6,24,22,30,0,0
2012,6,24,23,30,0,0
2012,6,25,0,30,0,0
2012,6,25,1,30,0,0
2012,6,25,2,30,0,0
2012,6,25,3,30,0,0
2012,6,25,4,30,0,0
2012,6,25,5,30,55,55
2012,6,25,6,30,23,23
2012,6,25,7,30,163,167
2012,6,25,8,30,76,76
2012,6,25,9,30,83,84
2012,6,25,10,30,185,185
2012,6,25,11,30,402,454
2012,6,25,12,30,348,782
2012,6,25,13,30,172,875
2012,6,25,14,30,190,758
2012,6,25,15,30,192,606
2012,6,25,16,30,302,342
2012,6,25,17,30,148,153
2012,6,25,18,30,47,47
2012,6,25,19,30,0,0
2012,6,25,20,30,0,0
2012,6,25,21,30,0,0
2012,6,25,22,30,0,0
2012,6,25,23,30,0,0
2012,6,26,0,30,0,0
2012,6,26,1,30,0,0
2012,6,26,2,30,0,0
2012,6,26,3,30,0,0
2012,6,26,4,30,0,0
2012,6,26,5,30,40,137
2012,6,26,6,30,60,321
2012,6,26,7,30,282,375
2012,6,26,8,30,344,542
2012,6,26,9,30,390,428
2012,6,26,10,30,388,394
2012,6,26,11,30,493,766
2012,6,26,12,30,497,670
2012,6,26,13,30,473,680
2012,6,26,14,30,412,508
2012,6,26,15,30,89,656
2012,6,26,16,30,71,482
2012,6,26,17,30,59,290
2012,6,26,18,30,59,59
2012,6,26,19,30,0,0
2012,6,26,20,30,0,0
2012,6,26,21,30,0,0
2012,6,26,22,30,0,0
2012,6,26,23,30,0,0
2012,6,27,0,30,0,0
2012,6,27,1,30,0,0
2012,6,27,2,30,0,0
2012,6,27,3,30,0,0
2012,6,27,4,30,0,0
2012,6,27,5,30,82,91
2012,6,27,6,30,62,317
2012,6,27,7,30,70,516
2012,6,27,8,30,78,697
2012,6,27,9,30,84,850
2012,6,27,10,30,86,955
2012,6,27,11,30,271,794
2012,6,27,12,30,90,998
2012,6,27,13,30,93,935
2012,6,27,14,30,89,822
2012,6,27,15,30,82,669
2012,6,27,16,30,72,489
2012,6,27,17,30,59,295
2012,6,27,18,30,38,114
2012,6,27,19,30,0,0
2012,6,27,20,30,0,0
2012,6,27,21,30,0,0
2012,6,27,22,30,0,0
2012,6,27,23,30,0,0
2012,6,28,0,30,0,0
2012,6,28,1,30,0,0
2012,6,28,2,30,0,0
2012,6,28,3,30,0,0
2012,6,28,4,30,0,0
2012,6,28,5,30,45,129
2012,6,28,6,30,70,310
2012,6,28,7,30,85,499
2012,6,28,8,30,98,672
2012,6,28,9,30,108,817
2012,6,28,10,30,111,920
2012,6,28,11,30,112,975
2012,6,28,12,30,113,971
2012,6,28,13,30,118,909
2012,6,28,14,30,116,799
2012,6,28,15,30,110,645
2012,6,28,16,30,108,461
2012,6,28,17,30,95,268
2012,6,28,18,30,54,97
2012,6,28,19,30,0,0
2012,6,28,20,30,0,0
2012,6,28,21,30,0,0
2012,6,28,22,30,0,0
2012,6,28,23,30,0,0
2012,6,29,0,30,0,0
2012,6,29,1,30,0,0
2012,6,29,2,30,0,0
2012,6,29,3,30,0,0
2012,6,29,4,30,0,0
2012,6,29,5,30,27,27
2012,6,29,6,30,85,86
2012,6,29,7,30,236,255
2012,6,29,8,30,346,478
2012,6,29,9,30,295,697
2012,6,29,10,30,167,884
2012,6,29,11,30,158,943
2012,6,29,12,30,152,942
2012,6,29,13,30,173,874
2012,6,29,14,30,166,766
2012,6,29,15,30,151,618
2012,6,29,16,30,128,444
2012,6,29,17,30,96,262
2012,6,29,18,30,51,95
2012,6,29,19,30,0,0
2012,6,29,20,30,0,0
2012,6,29,21,30,0,0
2012,6,29,22,30,0,0
2012,6,29,23,30,0,0
2012,6,30,0,30,0,0
2012,6,30,1,30,0,0
2012,6,30,2,30,0,0
2012,6,30,3,30,0,0
2012,6,30,4,30,0,0
2012,6,30,5,30,89,98
2012,6,30,6,30,79,305
2012,6,30,7,30,92,498
2012,6,30,8,30,99,677
2012,6,30,9,30,103,821
2012,6,30,10,30,111,920
2012,6,30,11,30,118,965
2012,6,30,12,30,124,956
2012,6,30,13,30,127,892
2012,6,30,14,30,124,781
2012,6,30,15,30,346,497
2012,6,30,16,30,212,374
2012,6,30,17,30,78,78
2012,6,30,18,30,48,48
2012,6,30,19,30,2,2
2012,6,30,20,30,0,0
2012,6,30,21,30,0,0
2012,6,30,22,30,0,0
2012,6,30,23,30,0,0
2018,7,1,0,30,0,0
2018,7,1,1,30,0,0
2018,7,1,2,30,0,0
2018,7,1,3,30,0,0
2018,7,1,4,30,6,6
2018,7,1,5,30,61,112
2018,7,1,6,30,105,281
2018,7,1,7,30,227,381
2018,7,1,8,30,240,580
2018,7,1,9,30,359,556
2018,7,1,10,30,354,719
2018,7,1,11,30,334,788
2018,7,1,12,30,334,741
2018,7,1,13,30,329,737
2018,7,1,14,30,299,646
2018,7,1,15,30,225,564
2018,7,1,16,30,216,386
2018,7,1,17,30,95,263
2018,7,1,18,30,54,97
2018,7,1,19,30,2,2
2018,7,1,20,30,0,0
2018,7,1,21,30,0,0
2018,7,1,22,30,0,0
2018,7,1,23,30,0,0
2018,7,2,0,30,0,0
2018,7,2,1,30,0,0
2018,7,2,2,30,0,0
2018,7,2,3,30,0,0
2018,7,2,4,30,6,6
2018,7,2,5,30,56,114
2018,7,2,6,30,91,286
2018,7,2,7,30,114,471
2018,7,2,8,30,131,643
2018,7,2,9,30,143,786
2018,7,2,10,30,151,888
2018,7,2,11,30,157,939
2018,7,2,12,30,157,937
2018,7,2,13,30,152,881
2018,7,2,14,30,143,774
2018,7,2,15,30,129,628
2018,7,2,16,30,112,454
2018,7,2,17,30,88,269
2018,7,2,18,30,51,100
2018,7,2,19,30,2,2
2018,7,2,20,30,0,0
2018,7,2,21,30,0,0
2018,7,2,22,30,0,0
2018,7,2,23,30,0,0
2018,7,3,0,30,0,0
2018,7,3,1,30,0,0
2018,7,3,2,30,0,0
2018,7,3,3,30,0,0
2018,7,3,4,30,4,4
2018,7,3,5,30,58,110
2018,7,3,6,30,99,274
2018,7,3,7,30,123,459
2018,7,3,8,30,144,629
2018,7,3,9,30,174,763
2018,7,3,10,30,354,778
2018,7,3,11,30,261,878
2018,7,3,12,30,216,899
2018,7,3,13,30,207,843
2018,7,3,14,30,291,647
2018,7,3,15,30,286,318
2018,7,3,16,30,207,223
2018,7,3,17,30,78,78
2018,7,3,18,30,26,26
2018,7,3,19,30,1,1
2018,7,3,20,30,0,0
2018,7,3,21,30,0,0
2018,7,3,22,30,0,0
2018,7,3,23,30,0,0
2018,7,4,0,30,0,0
2018,7,4,1,30,0,0
2018,7,4,2,30,0,0
2018,7,4,3,30,0,0
2018,7,4,4,30,3,3
2018,7,4,5,30,69,69
2018,7,4,6,30,99,99
2018,7,4,7,30,270,337
2018,7,4,8,30,222,596
2018,7,4,9,30,427,520
2018,7,4,10,30,476,622
2018,7,4,11,30,505,699
2018,7,4,12,30,491,665
2018,7,4,13,30,431,683
2018,7,4,14,30,278,697
2018,7,4,15,30,251,361
2018,7,4,16,30,58,58
2018,7,4,17,30,48,48
2018,7,4,18,30,62,64
2018,7,4,19,30,1,1
2018,7,4,20,30,0,0
2018,7,4,21,30,0,0
2018,7,4,22,30,0,0
2018,7,4,23,30,0,0
2018,7,5,0,30,0,0
2018,7,5,1,30,0,0
2018,7,5,2,30,0,0
2018,7,5,3,30,0,0
2018,7,5,4,30,5,5
2018,7,5,5,30,49,112
2018,7,5,6,30,71,288
2018,7,5,7,30,86,473
2018,7,5,8,30,110,621
2018,7,5,9,30,104,788
2018,7,5,10,30,109,890
2018,7,5,11,30,110,942
2018,7,5,12,30,133,931
2018,7,5,13,30,121,878
2018,7,5,14,30,117,771
2018,7,5,15,30,110,624
2018,7,5,16,30,98,450
2018,7,5,17,30,79,266
2018,7,5,18,30,48,98
2018,7,5,19,30,2,2
2018,7,5,20,30,0,0
2018,7,5,21,30,0,0
2018,7,5,22,30,0,0
2018,7,5,23,30,0,0
2018,7,6,0,30,0,0
2018,7,6,1,30,0,0
2018,7,6,2,30,0,0
2018,7,6,3,30,0,0
2018,7,6,4,30,4,4
2018,7,6,5,30,42,66
2018,7,6,6,30,16,16
2018,7,6,7,30,54,55
2018,7,6,8,30,80,81
2018,7,6,9,30,144,145
2018,7,6,10,30,234,236
2018,7,6,11,30,262,265
2018,7,6,12,30,333,341
2018,7,6,13,30,243,248
2018,7,6,14,30,65,65
2018,7,6,15,30,160,167
2018,7,6,16,30,239,294
2018,7,6,17,30,129,135
2018,7,6,18,30,65,66
2018,7,6,19,30,1,1
2018,7,6,20,30,0,0
2018,7,6,21,30,0,0
2018,7,6,22,30,0,0
2018,7,6,23,30,0,0
2018,7,7,0,30,0,0
2018,7,7,1,30,0,0
2018,7,7,2,30,0,0
2018,7,7,3,30,0,0
2018,7,7,4,30,5,5
2018,7,7,5,30,40,128
2018,7,7,6,30,59,315
2018,7,7,7,30,71,512
2018,7,7,8,30,79,693
2018,7,7,9,30,85,844
2018,7,7,10,30,90,951
2018,7,7,11,30,92,1006
2018,7,7,12,30,94,1002
2018,7,7,13,30,95,941
2018,7,7,14,30,90,831
2018,7,7,15,30,83,678
2018,7,7,16,30,73,493
2018,7,7,17,30,59,297
2018,7,7,18,30,39,114
2018,7,7,19,30,2,2
2018,7,7,20,30,0,0
2018,7,7,21,30,0,0
2018,7,7,22,30,0,0
2018,7,7,23,30,0,0
2018,7,8,0,30,0,0
2018,7,8,1,30,0,0
2018,7,8,2,30,0,0
2018,7,8,3,30,0,0
2018,7,8,4,30,5,5
2018,7,8,5,30,42,122
2018,7,8,6,30,63,306
2018,7,8,7,30,77,500
2018,7,8,8,30,86,680
2018,7,8,9,30,93,830
2018,7,8,10,30,98,937
2018,7,8,11,30,99,991
2018,7,8,12,30,100,990
2018,7,8,13,30,97,931
2018,7,8,14,30,93,819
2018,7,8,15,30,87,667
2018,7,8,16,30,78,485
2018,7,8,17,30,64,291
2018,7,8,18,30,41,109
2018,7,8,19,30,2,2
2018,7,8,20,30,0,0
2018,7,8,21,30,0,0
2018,7,8,22,30,0,0
2018,7,8,23,30,0,0
2018,7,9,0,30,0,0
2018,7,9,1,30,0,0
2018,7,9,2,30,0,0
2018,7,9,3,30,0,0
2018,7,9,4,30,4,4
2018,7,9,5,30,44,114
2018,7,9,6,30,69,292
2018,7,9,7,30,86,483
2018,7,9,8,30,96,661
2018,7,9,9,30,104,809
2018,7,9,10,30,111,915
2018,7,9,11,30,115,968
2018,7,9,12,30,118,966
2018,7,9,13,30,132,904
2018,7,9,14,30,250,689
2018,7,9,15,30,107,647
2018,7,9,16,30,95,469
2018,7,9,17,30,75,279
2018,7,9,18,30,45,103
2018,7,9,19,30,2,2
2018,7,9,20,30,0,0
2018,7,9,21,30,0,0
2018,7,9,22,30,0,0
2018,7,9,23,30,0,0
2018,7,10,0,30,0,0
2018,7,10,1,30,0,0
2018,7,10,2,30,0,0
2018,7,10,3,30,0,0
2018,7,10,4,30,4,4
2018,7,10,5,30,44,112
2018,7,10,6,30,71,292
2018,7,10,7,30,87,484
2018,7,10,8,30,97,662
2018,7,10,9,30,104,810
2018,7,10,10,30,108,914
2018,7,10,11,30,114,966
2018,7,10,12,30,114,962
2018,7,10,13,30,113,905
2018,7,10,14,30,110,795
2018,7,10,15,30,104,643
2018,7,10,16,30,92,462
2018,7,10,17,30,74,272
2018,7,10,18,30,46,99
2018,7,10,19,30,2,2
2018,7,10,20,30,0,0
2018,7,10,21,30,0,0
2018,7,10,22,30,0,0
2018,7,10,23,30,0,0
2018,7,11,0,30,0,0
2018,7,11,1,30,0,0
2018,7,11,2,30,0,0
2018,7,11,3,30,0,0
2018,7,11,4,30,2,2
2018,7,11,5,30,53,101
2018,7,11,6,30,86,272
2018,7,11,7,30,107,458
2018,7,11,8,30,122,634
2018,7,11,9,30,136,779
2018,7,11,10,30,151,882
2018,7,11,11,30,156,933
2018,7,11,12,30,189,918
2018,7,11,13,30,187,862
2018,7,11,14,30,201,750
2018,7,11,15,30,315,468
2018,7,11,16,30,204,319
2018,7,11,17,30,32,32
2018,7,11,18,30,52,52
2018,7,11,19,30,1,1
2018,7,11,20,30,0,0
2018,7,11,21,30,0,0
2018,7,11,22,30,0,0
2018,7,11,23,30,0,0
2018,7,12,0,30,0,0
2018,7,12,1,30,0,0
2018,7,12,2,30,0,0
2018,7,12,3,30,0,0
2018,7,12,4,30,1,1
2018,7,12,5,30,42,42
2018,7,12,6,30,122,124
2018,7,12,7,30,189,193
2018,7,12,8,30,156,613
2018,7,12,9,30,110,794
2018,7,12,10,30,112,901
2018,7,12,11,30,118,954
2018,7,12,12,30,174,938
2018,7,12,13,30,139,888
2018,7,12,14,30,326,623
2018,7,12,15,30,233,323
2018,7,12,16,30,123,415
2018,7,12,17,30,80,269
2018,7,12,18,30,46,97
2018,7,12,19,30,1,1
2018,7,12,20,30,0,0
2018,7,12,21,30,0,0
2018,7,12,22,30,0,0
2018,7,12,23,30,0,0
2018,7,13,0,30,0,0
2018,7,13,1,30,0,0
2018,7,13,2,30,0,0
2018,7,13,3,30,0,0
2018,7,13,4,30,2,2
2018,7,13,5,30,48,103
2018,7,13,6,30,80,277
2018,7,13,7,30,102,466
2018,7,13,8,30,133,631
2018,7,13,9,30,148,778
2018,7,13,10,30,289,765
2018,7,13,11,30,146,944
2018,7,13,12,30,257,882
2018,7,13,13,30,197,848
2018,7,13,14,30,220,724
2018,7,13,15,30,148,621
2018,7,13,16,30,129,445
2018,7,13,17,30,99,260
2018,7,13,18,30,54,92
2018,7,13,19,30,1,1
2018,7,13,20,30,0,0
2018,7,13,21,30,0,0
2018,7,13,22,30,0,0
2018,7,13,23,30,0,0
2018,7,14,0,30,0,0
2018,7,14,1,30,0,0
2018,7,14,2,30,0,0
2018,7,14,3,30,0,0
2018,7,14,4,30,1,1
2018,7,14,5,30,53,93
2018,7,14,6,30,96,259
2018,7,14,7,30,119,445
2018,7,14,8,30,152,610
2018,7,14,9,30,146,764
2018,7,14,10,30,171,852
2018,7,14,11,30,365,783
2018,7,14,12,30,158,919
2018,7,14,13,30,164,859
2018,7,14,14,30,159,752
2018,7,14,15,30,151,606
2018,7,14,16,30,133,431
2018,7,14,17,30,143,201
2018,7,14,18,30,58,58
2018,7,14,19,30,0,0
2018,7,14,20,30,0,0
2018,7,14,21,30,0,0
2018,7,14,22,30,0,0
2018,7,14,23,30,0,0
2018,7,15,0,30,0,0
2018,7,15,1,30,0,0
2018,7,15,2,30,0,0
2018,7,15,3,30,0,0
2018,7,15,4,30,0,0
2018,7,15,5,30,11,11
2018,7,15,6,30,55,55
2018,7,15,7,30,99,100
2018,7,15,8,30,174,188
2018,7,15,9,30,215,221
2018,7,15,10,30,408,470
2018,7,15,11,30,407,454
2018,7,15,12,30,427,632
2018,7,15,13,30,401,573
2018,7,15,14,30,332,499
2018,7,15,15,30,286,397
2018,7,15,16,30,135,426
2018,7,15,17,30,107,223
2018,7,15,18,30,49,89
2018,7,15,19,30,0,0
2018,7,15,20,30,0,0
2018,7,15,21,30,0,0
2018,7,15,22,30,0,0
2018,7,15,23,30,0,0
2018,7,16,0,30,0,0
2018,7,16,1,30,0,0
2018,7,16,2,30,0,0
2018,7,16,3,30,0,0
2018,7,16,4,30,1,1
2018,7,16,5,30,48,92
2018,7,16,6,30,86,260
2018,7,16,7,30,111,443
2018,7,16,8,30,131,614
2018,7,16,9,30,147,759
2018,7,16,10,30,154,862
2018,7,16,11,30,166,913
2018,7,16,12,30,296,792
2018,7,16,13,30,172,851
2018,7,16,14,30,165,745
2018,7,16,15,30,152,599
2018,7,16,16,30,133,426
2018,7,16,17,30,121,231
2018,7,16,18,30,51,52
2018,7,16,19,30,0,0
2018,7,16,20,30,0,0
2018,7,16,21,30,0,0
2018,7,16,22,30,0,0
2018,7,16,23,30,0,0
2018,7,17,0,30,0,0
2018,7,17,1,30,0,0
2018,7,17,2,30,0,0
2018,7,17,3,30,0,0
2018,7,17,4,30,1,1
2018,7,17,5,30,55,83
2018,7,17,6,30,99,251
2018,7,17,7,30,124,434
2018,7,17,8,30,137,608
2018,7,17,9,30,198,676
2018,7,17,10,30,285,702
2018,7,17,11,30,204,868
2018,7,17,12,30,430,500
2018,7,17,13,30,442,532
2018,7,17,14,30,309,365
2018,7,17,15,30,29,29
2018,7,17,16,30,20,20
2018,7,17,17,30,13,13
2018,7,17,18,30,18,18
2018,7,17,19,30,0,0
2018,7,17,20,30,0,0
2018,7,17,21,30,0,0
2018,7,17,22,30,0,0
2018,7,17,23,30,0,0
2018,7,18,0,30,0,0
2018,7,18,1,30,0,0
2018,7,18,2,30,0,0
2018,7,18,3,30,0,0
2018,7,18,4,30,0,0
2018,7,18,5,30,42,98
2018,7,18,6,30,66,275
2018,7,18,7,30,81,468
2018,7,18,8,30,91,648
2018,7,18,9,30,351,435
2018,7,18,10,30,180,870
2018,7,18,11,30,109,961
2018,7,18,12,30,109,962
2018,7,18,13,30,106,905
2018,7,18,14,30,100,799
2018,7,18,15,30,93,647
2018,7,18,16,30,82,464
2018,7,18,17,30,65,272
2018,7,18,18,30,39,95
2018,7,18,19,30,0,0
2018,7,18,20,30,0,0
2018,7,18,21,30,0,0
2018,7,18,22,30,0,0
2018,7,18,23,30,0,0
2018,7,19,0,30,0,0
2018,7,19,1,30,0,0
2018,7,19,2,30,0,0
2018,7,19,3,30,0,0
2018,7,19,4,30,0,0
2018,7,19,5,30,36,103
2018,7,19,6,30,59,287
2018,7,19,7,30,72,483
2018,7,19,8,30,81,666
2018,7,19,9,30,89,819
2018,7,19,10,30,94,928
2018,7,19,11,30,95,984
2018,7,19,12,30,94,984
2018,7,19,13,30,90,926
2018,7,19,14,30,88,814
2018,7,19,15,30,82,660
2018,7,19,16,30,73,475
2018,7,19,17,30,60,279
2018,7,19,18,30,36,97
2018,7,19,19,30,0,0
2018,7,19,20,30,0,0
2018,7,19,21,30,0,0
2018,7,19,22,30,0,0
2018,7,19,23,30,0,0
2018,7,20,0,30,0,0
2018,7,20,1,30,0,0
2018,7,20,2,30,0,0
2018,7,20,3,30,0,0
2018,7,20,4,30,0,0
2018,7,20,5,30,37,98
2018,7,20,6,30,62,279
2018,7,20,7,30,77,472
2018,7,20,8,30,89,654
2018,7,20,9,30,252,666
2018,7,20,10,30,294,640
2018,7,20,11,30,398,738
2018,7,20,12,30,367,829
2018,7,20,13,30,97,916
2018,7,20,14,30,123,790
2018,7,20,15,30,100,647
2018,7,20,16,30,73,475
2018,7,20,17,30,58,280
2018,7,20,18,30,39,93
2018,7,20,19,30,0,0
2018,7,20,20,30,0,0
2018,7,20,21,30,0,0
2018,7,20,22,30,0,0
2018,7,20,23,30,0,0
2018,7,21,0,30,0,0
2018,7,21,1,30,0,0
2018,7,21,2,30,0,0
2018,7,21,3,30,0,0
2018,7,21,4,30,0,0
2018,7,21,5,30,38,99
2018,7,21,6,30,101,261
2018,7,21,7,30,78,478
2018,7,21,8,30,183,606
2018,7,21,9,30,94,812
2018,7,21,10,30,95,917
2018,7,21,11,30,163,912
2018,7,21,12,30,309,773
2018,7,21,13,30,404,593
2018,7,21,14,30,348,464
2018,7,21,15,30,301,411
2018,7,21,16,30,227,280
2018,7,21,17,30,42,42
2018,7,21,18,30,17,17
2018,7,21,19,30,0,0
2018,7,21,20,30,0,0
2018,7,21,21,30,0,0
2018,7,21,22,30,0,0
2018,7,21,23,30,0,0
2018,7,22,0,30,0,0
2018,7,22,1,30,0,0
2018,7,22,2,30,0,0
2018,7,22,3,30,0,0
2018,7,22,4,30,0,0
2018,7,22,5,30,53,79
2018,7,22,6,30,85,169
2018,7,22,7,30,134,158
2018,7,22,8,30,128,613
2018,7,22,9,30,246,573
2018,7,22,10,30,344,463
2018,7,22,11,30,304,310
2018,7,22,12,30,327,343
2018,7,22,13,30,443,560
2018,7,22,14,30,378,603
2018,7,22,15,30,184,558
2018,7,22,16,30,134,137
2018,7,22,17,30,84,160
2018,7,22,18,30,43,74
2018,7,22,19,30,0,0
2018,7,22,20,30,0,0
2018,7,22,21,30,0,0
2018,7,22,22,30,0,0
2018,7,22,23,30,0,0
2018,7,23,0,30,0,0
2018,7,23,1,30,0,0
2018,7,23,2,30,0,0
2018,7,23,3,30,0,0
2018,7,23,4,30,0,0
2018,7,23,5,30,18,18
2018,7,23,6,30,64,65
2018,7,23,7,30,220,266
2018,7,23,8,30,290,343
2018,7,23,9,30,367,461
2018,7,23,10,30,410,512
2018,7,23,11,30,373,742
2018,7,23,12,30,247,821
2018,7,23,13,30,283,738
2018,7,23,14,30,306,560
2018,7,23,15,30,189,561
2018,7,23,16,30,125,417
2018,7,23,17,30,96,235
2018,7,23,18,30,51,73
2018,7,23,19,30,0,0
2018,7,23,20,30,0,0
2018,7,23,21,30,0,0
2018,7,23,22,30,0,0
2018,7,23,23,30,0,0
2018,7,24,0,30,0,0
2018,7,24,1,30,0,0
2018,7,24,2,30,0,0
2018,7,24,3,30,0,0
2018,7,24,4,30,0,0
2018,7,24,5,30,47,78
2018,7,24,6,30,82,246
2018,7,24,7,30,103,433
2018,7,24,8,30,118,609
2018,7,24,9,30,123,760
2018,7,24,10,30,122,869
2018,7,24,11,30,202,875
2018,7,24,12,30,155,898
2018,7,24,13,30,118,869
2018,7,24,14,30,217,695
2018,7,24,15,30,151,588
2018,7,24,16,30,95,435
2018,7,24,17,30,76,247
2018,7,24,18,30,46,67
2018,7,24,19,30,0,0
2018,7,24,20,30,0,0
2018,7,24,21,30,0,0
2018,7,24,22,30,0,0
2018,7,24,23,30,0,0
2018,7,25,0,30,0,0
2018,7,25,1,30,0,0
2018,7,25,2,30,0,0
2018,7,25,3,30,0,0
2018,7,25,4,30,0,0
2018,7,25,5,30,36,36
2018,7,25,6,30,63,70
2018,7,25,7,30,99,120
2018,7,25,8,30,175,178
2018,7,25,9,30,219,220
2018,7,25,10,30,366,422
2018,7,25,11,30,296,297
2018,7,25,12,30,418,468
2018,7,25,13,30,353,389
2018,7,25,14,30,266,279
2018,7,25,15,30,200,212
2018,7,25,16,30,165,176
2018,7,25,17,30,85,87
2018,7,25,18,30,21,21
2018,7,25,19,30,0,0
2018,7,25,20,30,0,0
2018,7,25,21,30,0,0
2018,7,25,22,30,0,0
2018,7,25,23,30,0,0
2018,7,26,0,30,0,0
2018,7,26,1,30,0,0
2018,7,26,2,30,0,0
2018,7,26,3,30,0,0
2018,7,26,4,30,0,0
2018,7,26,5,30,44,74
2018,7,26,6,30,135,184
2018,7,26,7,30,234,258
2018,7,26,8,30,308,379
2018,7,26,9,30,343,376
2018,7,26,10,30,430,520
2018,7,26,11,30,385,403
2018,7,26,12,30,403,443
2018,7,26,13,30,319,621
2018,7,26,14,30,113,755
2018,7,26,15,30,106,606
2018,7,26,16,30,93,428
2018,7,26,17,30,72,241
2018,7,26,18,30,39,74
2018,7,26,19,30,0,0
2018,7,26,20,30,0,0
2018,7,26,21,30,0,0
2018,7,26,22,30,0,0
2018,7,26,23,30,0,0
2018,7,27,0,30,0,0
2018,7,27,1,30,0,0
2018,7,27,2,30,0,0
2018,7,27,3,30,0,0
2018,7,27,4,30,0,0
2018,7,27,5,30,41,73
2018,7,27,6,30,77,241
2018,7,27,7,30,101,428
2018,7,27,8,30,118,602
2018,7,27,9,30,147,743
2018,7,27,10,30,228,807
2018,7,27,11,30,433,526
2018,7,27,12,30,406,756
2018,7,27,13,30,165,842
2018,7,27,14,30,157,735
2018,7,27,15,30,298,376
2018,7,27,16,30,198,216
2018,7,27,17,30,71,73
2018,7,27,18,30,30,30
2018,7,27,19,30,0,0
2018,7,27,20,30,0,0
2018,7,27,21,30,0,0
2018,7,27,22,30,0,0
2018,7,27,23,30,0,0
2018,7,28,0,30,0,0
2018,7,28,1,30,0,0
2018,7,28,2,30,0,0
2018,7,28,3,30,0,0
2018,7,28,4,30,0,0
2018,7,28,5,30,44,68
2018,7,28,6,30,99,226
2018,7,28,7,30,241,268
2018,7,28,8,30,315,471
2018,7,28,9,30,359,485
2018,7,28,10,30,432,520
2018,7,28,11,30,460,714
2018,7,28,12,30,491,627
2018,7,28,13,30,419,588
2018,7,28,14,30,298,658
2018,7,28,15,30,241,503
2018,7,28,16,30,213,342
2018,7,28,17,30,147,193
2018,7,28,18,30,51,52
2018,7,28,19,30,0,0
2018,7,28,20,30,0,0
2018,7,28,21,30,0,0
2018,7,28,22,30,0,0
2018,7,28,23,30,0,0
2018,7,29,0,30,0,0
2018,7,29,1,30,0,0
2018,7,29,2,30,0,0
2018,7,29,3,30,0,0
2018,7,29,4,30,0,0
2018,7,29,5,30,46,63
2018,7,29,6,30,141,193
2018,7,29,7,30,231,314
2018,7,29,8,30,274,475
2018,7,29,9,30,257,634
2018,7,29,10,30,404,577
2018,7,29,11,30,418,581
2018,7,29,12,30,340,735
2018,7,29,13,30,390,697
2018,7,29,14,30,249,695
2018,7,29,15,30,132,600
2018,7,29,16,30,124,405
2018,7,29,17,30,101,215
2018,7,29,18,30,40,57
2018,7,29,19,30,0,0
2018,7,29,20,30,0,0
2018,7,29,21,30,0,0
2018,7,29,22,30,0,0
2018,7,29,23,30,0,0
2018,7,30,0,30,0,0
2018,7,30,1,30,0,0
2018,7,30,2,30,0,0
2018,7,30,3,30,0,0
2018,7,30,4,30,0,0
2018,7,30,5,30,49,50
2018,7,30,6,30,97,205
2018,7,30,7,30,134,397
2018,7,30,8,30,161,569
2018,7,30,9,30,309,349
2018,7,30,10,30,286,293
2018,7,30,11,30,267,270
2018,7,30,12,30,262,265
2018,7,30,13,30,256,259
2018,7,30,14,30,161,163
2018,7,30,15,30,71,71
2018,7,30,16,30,37,37
2018,7,30,17,30,53,54
2018,7,30,18,30,26,26
2018,7,30,19,30,0,0
2018,7,30,20,30,0,0
2018,7,30,21,30,0,0
2018,7,30,22,30,0,0
2018,7,30,23,30,0,0
2018,7,31,0,30,0,0
2018,7,31,1,30,0,0
2018,7,31,2,30,0,0
2018,7,31,3,30,0,0
2018,7,31,4,30,0,0
2018,7,31,5,30,39,63
2018,7,31,6,30,82,232
2018,7,31,7,30,145,387
2018,7,31,8,30,196,523
2018,7,31,9,30,227,635
2018,7,31,10,30,122,857
2018,7,31,11,30,125,911
2018,7,31,12,30,134,906
2018,7,31,13,30,175,804
2018,7,31,14,30,128,733
2018,7,31,15,30,103,595
2018,7,31,16,30,233,311
2018,7,31,17,30,98,99
2018,7,31,18,30,38,38
2018,7,31,19,30,0,0
2018,7,31,20,30,0,0
2018,7,31,21,30,0,0
2018,7,31,22,30,0,0
2018,7,31,23,30,0,0
2006,8,1,0,30,0,0
2006,8,1,1,30,0,0
2006,8,1,2,30,0,0
2006,8,1,3,30,0,0
2006,8,1,4,30,0,0
2006,8,1,5,30,42,54
2006,8,1,6,30,159,171
2006,8,1,7,30,143,394
2006,8,1,8,30,164,571
2006,8,1,9,30,176,720
2006,8,1,10,30,167,833
2006,8,1,11,30,168,891
2006,8,1,12,30,162,893
2006,8,1,13,30,167,836
2006,8,1,14,30,159,729
2006,8,1,15,30,346,447
2006,8,1,16,30,124,402
2006,8,1,17,30,91,217
2006,8,1,18,30,43,44
2006,8,1,19,30,0,0
2006,8,1,20,30,0,0
2006,8,1,21,30,0,0
2006,8,1,22,30,0,0
2006,8,1,23,30,0,0
2006,8,2,0,30,0,0
2006,8,2,1,30,0,0
2006,8,2,2,30,0,0
2006,8,2,3,30,0,0
2006,8,2,4,30,0,0
2006,8,2,5,30,37,61
2006,8,2,6,30,80,226
2006,8,2,7,30,107,413
2006,8,2,8,30,124,591
2006,8,2,9,30,136,740
2006,8,2,10,30,158,842
2006,8,2,11,30,169,894
2006,8,2,12,30,177,890
2006,8,2,13,30,188,827
2006,8,2,14,30,181,718
2006,8,2,15,30,165,568
2006,8,2,16,30,137,394
2006,8,2,17,30,97,212
2006,8,2,18,30,42,42
2006,8,2,19,30,0,0
2006,8,2,20,30,0,0
2006,8,2,21,30,0,0
2006,8,2,22,30,0,0
2006,8,2,23,30,0,0
2006,8,3,0,30,0,0
2006,8,3,1,30,0,0
2006,8,3,2,30,0,0
2006,8,3,3,30,0,0
2006,8,3,4,30,0,0
2006,8,3,5,30,36,60
2006,8,3,6,30,74,228
2006,8,3,7,30,96,418
2006,8,3,8,30,110,599
2006,8,3,9,30,120,751
2006,8,3,10,30,132,854
2006,8,3,11,30,139,907
2006,8,3,12,30,144,903
2006,8,3,13,30,150,839
2006,8,3,14,30,151,725
2006,8,3,15,30,144,570
2006,8,3,16,30,221,275
2006,8,3,17,30,17,17
2006,8,3,18,30,42,44
2006,8,3,19,30,0,0
2006,8,3,20,30,0,0
2006,8,3,21,30,0,0
2006,8,3,22,30,0,0
2006,8,3,23,30,0,0
2006,8,4,0,30,0,0
2006,8,4,1,30,0,0
2006,8,4,2,30,0,0
2006,8,4,3,30,0,0
2006,8,4,4,30,0,0
2006,8,4,5,30,39,39
2006,8,4,6,30,155,164
2006,8,4,7,30,143,388
2006,8,4,8,30,320,509
2006,8,4,9,30,178,711
2006,8,4,10,30,387,543
2006,8,4,11,30,164,882
2006,8,4,12,30,476,623
2006,8,4,13,30,375,615
2006,8,4,14,30,137,730
2006,8,4,15,30,112,586
2006,8,4,16,30,198,329
2006,8,4,17,30,114,197
2006,8,4,18,30,47,48
2006,8,4,19,30,0,0
2006,8,4,20,30,0,0
2006,8,4,21,30,0,0
2006,8,4,22,30,0,0
2006,8,4,23,30,0,0
2006,8,5,0,30,0,0
2006,8,5,1,30,0,0
2006,8,5,2,30,0,0
2006,8,5,3,30,0,0
2006,8,5,4,30,0,0
2006,8,5,5,30,31,62
2006,8,5,6,30,63,236
2006,8,5,7,30,83,431
2006,8,5,8,30,96,615
2006,8,5,9,30,105,768
2006,8,5,10,30,105,879
2006,8,5,11,30,109,935
2006,8,5,12,30,109,934
2006,8,5,13,30,116,870
2006,8,5,14,30,112,756
2006,8,5,15,30,103,601
2006,8,5,16,30,86,418
2006,8,5,17,30,66,224
2006,8,5,18,30,30,55
2006,8,5,19,30,0,0
2006,8,5,20,30,0,0
2006,8,5,21,30,0,0
2006,8,5,22,30,0,0
2006,8,5,23,30,0,0
2006,8,6,0,30,0,0
2006,8,6,1,30,0,0
2006,8,6,2,30,0,0
2006,8,6,3,30,0,0
2006,8,6,4,30,0,0
2006,8,6,5,30,30,58
2006,8,6,6,30,140,184
2006,8,6,7,30,84,418
2006,8,6,8,30,100,597
2006,8,6,9,30,114,746
2006,8,6,10,30,140,844
2006,8,6,11,30,143,900
2006,8,6,12,30,143,901
2006,8,6,13,30,150,837
2006,8,6,14,30,144,726
2006,8,6,15,30,127,576
2006,8,6,16,30,249,282
2006,8,6,17,30,144,177
2006,8,6,18,30,33,47
2006,8,6,19,30,0,0
2006,8,6,20,30,0,0
2006,8,6,21,30,0,0
2006,8,6,22,30,0,0
2006,8,6,23,30,0,0
2006,8,7,0,30,0,0
2006,8,7,1,30,0,0
2006,8,7,2,30,0,0
2006,8,7,3,30,0,0
2006,8,7,4,30,0,0
2006,8,7,5,30,36,46
2006,8,7,6,30,139,143
2006,8,7,7,30,115,115
2006,8,7,8,30,205,206
2006,8,7,9,30,372,410
2006,8,7,10,30,474,564
2006,8,7,11,30,249,857
2006,8,7,12,30,238,858
2006,8,7,13,30,291,781
2006,8,7,14,30,380,460
2006,8,7,15,30,69,69
2006,8,7,16,30,97,97
2006,8,7,17,30,37,37
2006,8,7,18,30,31,31
2006,8,7,19,30,0,0
2006,8,7,20,30,0,0
2006,8,7,21,30,0,0
2006,8,7,22,30,0,0
2006,8,7,23,30,0,0
2006,8,8,0,30,0,0
2006,8,8,1,30,0,0
2006,8,8,2,30,0,0
2006,8,8,3,30,0,0
2006,8,8,4,30,0,0
2006,8,8,5,30,30,53
2006,8,8,6,30,65,227
2006,8,8,7,30,80,428
2006,8,8,8,30,310,500
2006,8,8,9,30,99,771
2006,8,8,10,30,107,879
2006,8,8,11,30,111,933
2006,8,8,12,30,111,929
2006,8,8,13,30,114,865
2006,8,8,14,30,355,383
2006,8,8,15,30,283,512
2006,8,8,16,30,79,412
2006,8,8,17,30,59,217
2006,8,8,18,30,25,48
2006,8,8,19,30,0,0
2006,8,8,20,30,0,0
2006,8,8,21,30,0,0
2006,8,8,22,30,0,0
2006,8,8,23,30,0,0
2006,8,9,0,30,0,0
2006,8,9,1,30,0,0
2006,8,9,2,30,0,0
2006,8,9,3,30,0,0
2006,8,9,4,30,0,0
2006,8,9,5,30,26,58
2006,8,9,6,30,143,178
2006,8,9,7,30,225,347
2006,8,9,8,30,79,624
2006,8,9,9,30,86,777
2006,8,9,10,30,96,886
2006,8,9,11,30,98,944
2006,8,9,12,30,99,942
2006,8,9,13,30,103,879
2006,8,9,14,30,99,765
2006,8,9,15,30,92,605
2006,8,9,16,30,85,414
2006,8,9,17,30,65,215
2006,8,9,18,30,27,45
2006,8,9,19,30,0,0
2006,8,9,20,30,0,0
2006,8,9,21,30,0,0
2006,8,9,22,30,0,0
2006,8,9,23,30,0,0
2006,8,10,0,30,0,0
2006,8,10,1,30,0,0
2006,8,10,2,30,0,0
2006,8,10,3,30,0,0
2006,8,10,4,30,0,0
2006,8,10,5,30,30,50
2006,8,10,6,30,71,219
2006,8,10,7,30,109,404
2006,8,10,8,30,240,510
2006,8,10,9,30,137,736
2006,8,10,10,30,153,841
2006,8,10,11,30,180,180
2006,8,10,12,30,386,828
2006,8,10,13,30,233,803
2006,8,10,14,30,244,683
2006,8,10,15,30,318,476
2006,8,10,16,30,228,346
2006,8,10,17,30,135,145
2006,8,10,18,30,17,17
2006,8,10,19,30,0,0
2006,8,10,20,30,0,0
2006,8,10,21,30,0,0
2006,8,10,22,30,0,0
2006,8,10,23,30,0,0
2006,8,11,0,30,0,0
2006,8,11,1,30,0,0
2006,8,11,2,30,0,0
2006,8,11,3,30,0,0
2006,8,11,4,30,0,0
2006,8,11,5,30,32,32
2006,8,11,6,30,144,171
2006,8,11,7,30,166,361
2006,8,11,8,30,80,627
2006,8,11,9,30,235,661
2006,8,11,10,30,94,896
2006,8,11,11,30,96,951
2006,8,11,12,30,96,949
2006,8,11,13,30,97,884
2006,8,11,14,30,92,766
2006,8,11,15,30,86,607
2006,8,11,16,30,75,414
2006,8,11,17,30,57,214
2006,8,11,18,30,23,42
2006,8,11,19,30,0,0
2006,8,11,20,30,0,0
2006,8,11,21,30,0,0
2006,8,11,22,30,0,0
2006,8,11,23,30,0,0
2006,8,12,0,30,0,0
2006,8,12,1,30,0,0
2006,8,12,2,30,0,0
2006,8,12,3,30,0,0
2006,8,12,4,30,0,0
2006,8,12,5,30,34,34
2006,8,12,6,30,139,178
2006,8,12,7,30,70,434
2006,8,12,8,30,81,623
2006,8,12,9,30,87,782
2006,8,12,10,30,91,895
2006,8,12,11,30,93,952
2006,8,12,12,30,94,950
2006,8,12,13,30,95,885
2006,8,12,14,30,92,766
2006,8,12,15,30,82,607
2006,8,12,16,30,72,413
2006,8,12,17,30,106,179
2006,8,12,18,30,25,25
2006,8,12,19,30,0,0
2006,8,12,20,30,0,0
2006,8,12,21,30,0,0
2006,8,12,22,30,0,0
2006,8,12,23,30,0,0
2006,8,13,0,30,0,0
2006,8,13,1,30,0,0
2006,8,13,2,30,0,0
2006,8,13,3,30,0,0
2006,8,13,4,30,0,0
2006,8,13,5,30,24,49
2006,8,13,6,30,138,172
2006,8,13,7,30,231,330
2006,8,13,8,30,82,616
2006,8,13,9,30,91,773
2006,8,13,10,30,386,753
2006,8,13,11,30,97,940
2006,8,13,12,30,99,934
2006,8,13,13,30,96,870
2006,8,13,14,30,93,755
2006,8,13,15,30,85,594
2006,8,13,16,30,142,362
2006,8,13,17,30,115,166
2006,8,13,18,30,24,24
2006,8,13,19,30,0,0
2006,8,13,20,30,0,0
2006,8,13,21,30,0,0
2006,8,13,22,30,0,0
2006,8,13,23,30,0,0
2006,8,14,0,30,0,0
2006,8,14,1,30,0,0
2006,8,14,2,30,0,0
2006,8,14,3,30,0,0
2006,8,14,4,30,0,0
2006,8,14,5,30,32,32
2006,8,14,6,30,58,216
2006,8,14,7,30,85,407
2006,8,14,8,30,105,587
2006,8,14,9,30,125,737
2006,8,14,10,30,170,831
2006,8,14,11,30,185,881
2006,8,14,12,30,195,873
2006,8,14,13,30,215,802
2006,8,14,14,30,206,688
2006,8,14,15,30,182,534
2006,8,14,16,30,146,355
2006,8,14,17,30,132,135
2006,8,14,18,30,19,19
2006,8,14,19,30,0,0
2006,8,14,20,30,0,0
2006,8,14,21,30,0,0
2006,8,14,22,30,0,0
2006,8,14,23,30,0,0
2006,8,15,0,30,0,0
2006,8,15,1,30,0,0
2006,8,15,2,30,0,0
2006,8,15,3,30,0,0
2006,8,15,4,30,0,0
2006,8,15,5,30,24,24
2006,8,15,6,30,84,84
2006,8,15,7,30,154,159
2006,8,15,8,30,70,70
2006,8,15,9,30,48,48
2006,8,15,10,30,35,35
2006,8,15,11,30,140,140
2006,8,15,12,30,347,739
2006,8,15,13,30,346,696
2006,8,15,14,30,339,579
2006,8,15,15,30,204,214
2006,8,15,16,30,194,345
2006,8,15,17,30,125,148
2006,8,15,18,30,20,20
2006,8,15,19,30,0,0
2006,8,15,20,30,0,0
2006,8,15,21,30,0,0
2006,8,15,22,30,0,0
2006,8,15,23,30,0,0
2006,8,16,0,30,0,0
2006,8,16,1,30,0,0
2006,8,16,2,30,0,0
2006,8,16,3,30,0,0
2006,8,16,4,30,0,0
2006,8,16,5,30,23,41
2006,8,16,6,30,55,211
2006,8,16,7,30,71,410
2006,8,16,8,30,82,596
2006,8,16,9,30,91,751
2006,8,16,10,30,102,859
2006,8,16,11,30,105,915
2006,8,16,12,30,106,912
2006,8,16,13,30,110,845
2006,8,16,14,30,107,729
2006,8,16,15,30,97,568
2006,8,16,16,30,75,385
2006,8,16,17,30,54,190
2006,8,16,18,30,18,28
2006,8,16,19,30,0,0
2006,8,16,20,30,0,0
2006,8,16,21,30,0,0
2006,8,16,22,30,0,0
2006,8,16,23,30,0,0
2006,8,17,0,30,0,0
2006,8,17,1,30,0,0
2006,8,17,2,30,0,0
2006,8,17,3,30,0,0
2006,8,17,4,30,0,0
2006,8,17,5,30,22,38
2006,8,17,6,30,57,206
2006,8,17,7,30,76,402
2006,8,17,8,30,89,587
2006,8,17,9,30,257,732
2006,8,17,10,30,98,856
2006,8,17,11,30,383,791
2006,8,17,12,30,305,305
2006,8,17,13,30,445,629
2006,8,17,14,30,351,387
2006,8,17,15,30,93,570
2006,8,17,16,30,84,379
2006,8,17,17,30,60,184
2006,8,17,18,30,16,16
2006,8,17,19,30,0,0
2006,8,17,20,30,0,0
2006,8,17,21,30,0,0
2006,8,17,22,30,0,0
2006,8,17,23,30,0,0
2006,8,18,0,30,0,0
2006,8,18,1,30,0,0
2006,8,18,2,30,0,0
2006,8,18,3,30,0,0
2006,8,18,4,30,0,0
2006,8,18,5,30,24,24
2006,8,18,6,30,121,133
2006,8,18,7,30,32,32
2006,8,18,8,30,230,246
2006,8,18,9,30,278,577
2006,8,18,10,30,259,264
2006,8,18,11,30,253,257
2006,8,18,12,30,326,328
2006,8,18,13,30,303,804
2006,8,18,14,30,105,728
2006,8,18,15,30,95,568
2006,8,18,16,30,76,382
2006,8,18,17,30,54,185
2006,8,18,18,30,17,24
2006,8,18,19,30,0,0
2006,8,18,20,30,0,0
2006,8,18,21,30,0,0
2006,8,18,22,30,0,0
2006,8,18,23,30,0,0
2006,8,19,0,30,0,0
2006,8,19,1,30,0,0
2006,8,19,2,30,0,0
2006,8,19,3,30,0,0
2006,8,19,4,30,0,0
2006,8,19,5,30,23,33
2006,8,19,6,30,67,195
2006,8,19,7,30,92,387
2006,8,19,8,30,323,432
2006,8,19,9,30,384,567
2006,8,19,10,30,399,693
2006,8,19,11,30,469,654
2006,8,19,12,30,317,831
2006,8,19,13,30,432,624
2006,8,19,14,30,371,438
2006,8,19,15,30,218,219
2006,8,19,16,30,125,129
2006,8,19,17,30,49,50
2006,8,19,18,30,7,7
2006,8,19,19,30,0,0
2006,8,19,20,30,0,0
2006,8,19,21,30,0,0
2006,8,19,22,30,0,0
2006,8,19,23,30,0,0
2006,8,20,0,30,0,0
2006,8,20,1,30,0,0
2006,8,20,2,30,0,0
2006,8,20,3,30,0,0
2006,8,20,4,30,0,0
2006,8,20,5,30,21,24
2006,8,20,6,30,118,120
2006,8,20,7,30,148,348
2006,8,20,8,30,305,510
2006,8,20,9,30,177,686
2006,8,20,10,30,160,808
2006,8,20,11,30,162,865
2006,8,20,12,30,463,691
2006,8,20,13,30,456,587
2006,8,20,14,30,329,495
2006,8,20,15,30,291,486
2006,8,20,16,30,226,321
2006,8,20,17,30,87,150
2006,8,20,18,30,12,13
2006,8,20,19,30,0,0
2006,8,20,20,30,0,0
2006,8,20,21,30,0,0
2006,8,20,22,30,0,0
2006,8,20,23,30,0,0
2006,8,21,0,30,0,0
2006,8,21,1,30,0,0
2006,8,21,2,30,0,0
2006,8,21,3,30,0,0
2006,8,21,4,30,0,0
2006,8,21,5,30,19,32
2006,8,21,6,30,50,198
2006,8,21,7,30,64,399
2006,8,21,8,30,74,587
2006,8,21,9,30,80,746
2006,8,21,10,30,446,588
2006,8,21,11,30,88,915
2006,8,21,12,30,88,911
2006,8,21,13,30,89,846
2006,8,21,14,30,85,729
2006,8,21,15,30,77,567
2006,8,21,16,30,64,376
2006,8,21,17,30,46,177
2006,8,21,18,30,13,18
2006,8,21,19,30,0,0
2006,8,21,20,30,0,0
2006,8,21,21,30,0,0
2006,8,21,22,30,0,0
2006,8,21,23,30,0,0
2006,8,22,0,30,0,0
2006,8,22,1,30,0,0
2006,8,22,2,30,0,0
2006,8,22,3,30,0,0
2006,8,22,4,30,0,0
2006,8,22,5,30,20,20
2006,8,22,6,30,58,59
2006,8,22,7,30,222,238
2006,8,22,8,30,224,468
2006,8,22,9,30,217,661
2006,8,22,10,30,95,856
2006,8,22,11,30,99,906
2006,8,22,12,30,95,872
2006,8,22,13,30,153,817
2006,8,22,14,30,326,424
2006,8,22,15,30,255,396
2006,8,22,16,30,163,314
2006,8,22,17,30,91,159
2006,8,22,18,30,10,10
2006,8,22,19,30,0,0
2006,8,22,20,30,0,0
2006,8,22,21,30,0,0
2006,8,22,22,30,0,0
2006,8,22,23,30,0,0
2006,8,23,0,30,0,0
2006,8,23,1,30,0,0
2006,8,23,2,30,0,0
2006,8,23,3,30,0,0
2006,8,23,4,30,0,0
2006,8,23,5,30,19,25
2006,8,23,6,30,68,181
2006,8,23,7,30,92,374
2006,8,23,8,30,106,560
2006,8,23,9,30,114,717
2006,8,23,10,30,140,821
2006,8,23,11,30,137,880
2006,8,23,12,30,131,880
2006,8,23,13,30,152,806
2006,8,23,14,30,328,643
2006,8,23,15,30,113,539
2006,8,23,16,30,207,287
2006,8,23,17,30,59,158
2006,8,23,18,30,10,12
2006,8,23,19,30,0,0
2006,8,23,20,30,0,0
2006,8,23,21,30,0,0
2006,8,23,22,30,0,0
2006,8,23,23,30,0,0
2006,8,24,0,30,0,0
2006,8,24,1,30,0,0
2006,8,24,2,30,0,0
2006,8,24,3,30,0,0
2006,8,24,4,30,0,0
2006,8,24,5,30,6,6
2006,8,24,6,30,25,25
2006,8,24,7,30,58,58
2006,8,24,8,30,106,106
2006,8,24,9,30,179,686
2006,8,24,10,30,164,802
2006,8,24,11,30,477,675
2006,8,24,12,30,425,508
2006,8,24,13,30,314,334
2006,8,24,14,30,30,30
2006,8,24,15,30,216,234
2006,8,24,16,30,194,294
2006,8,24,17,30,43,43
2006,8,24,18,30,4,4
2006,8,24,19,30,0,0
2006,8,24,20,30,0,0
2006,8,24,21,30,0,0
2006,8,24,22,30,0,0
2006,8,24,23,30,0,0
2006,8,25,0,30,0,0
2006,8,25,1,30,0,0
2006,8,25,2,30,0,0
2006,8,25,3,30,0,0
2006,8,25,4,30,0,0
2006,8,25,5,30,10,10
2006,8,25,6,30,123,126
2006,8,25,7,30,175,326
2006,8,25,8,30,122,122
2006,8,25,9,30,108,108
2006,8,25,10,30,50,50
2006,8,25,11,30,212,214
2006,8,25,12,30,330,343
2006,8,25,13,30,104,104
2006,8,25,14,30,334,346
2006,8,25,15,30,93,93
2006,8,25,16,30,111,111
2006,8,25,17,30,49,49
2006,8,25,18,30,0,0
2006,8,25,19,30,0,0
2006,8,25,20,30,0,0
2006,8,25,21,30,0,0
2006,8,25,22,30,0,0
2006,8,25,23,30,0,0
2006,8,26,0,30,0,0
2006,8,26,1,30,0,0
2006,8,26,2,30,0,0
2006,8,26,3,30,0,0
2006,8,26,4,30,0,0
2006,8,26,5,30,4,4
2006,8,26,6,30,6,6
2006,8,26,7,30,37,37
2006,8,26,8,30,289,303
2006,8,26,9,30,169,169
2006,8,26,10,30,151,151
2006,8,26,11,30,288,289
2006,8,26,12,30,350,374
2006,8,26,13,30,359,464
2006,8,26,14,30,174,176
2006,8,26,15,30,177,182
2006,8,26,16,30,89,89
2006,8,26,17,30,24,25
2006,8,26,18,30,0,0
2006,8,26,19,30,0,0
2006,8,26,20,30,0,0
2006,8,26,21,30,0,0
2006,8,26,22,30,0,0
2006,8,26,23,30,0,0
2006,8,27,0,30,0,0
2006,8,27,1,30,0,0
2006,8,27,2,30,0,0
2006,8,27,3,30,0,0
2006,8,27,4,30,0,0
2006,8,27,5,30,8,8
2006,8,27,6,30,4,4
2006,8,27,7,30,15,15
2006,8,27,8,30,104,104
2006,8,27,9,30,134,134
2006,8,27,10,30,188,189
2006,8,27,11,30,274,278
2006,8,27,12,30,171,171
2006,8,27,13,30,183,184
2006,8,27,14,30,156,157
2006,8,27,15,30,64,64
2006,8,27,16,30,31,31
2006,8,27,17,30,57,57
2006,8,27,18,30,0,0
2006,8,27,19,30,0,0
2006,8,27,20,30,0,0
2006,8,27,21,30,0,0
2006,8,27,22,30,0,0
2006,8,27,23,30,0,0
2006,8,28,0,30,0,0
2006,8,28,1,30,0,0
2006,8,28,2,30,0,0
2006,8,28,3,30,0,0
2006,8,28,4,30,0,0
2006,8,28,5,30,4,4
2006,8,28,6,30,79,80
2006,8,28,7,30,166,175
2006,8,28,8,30,68,68
2006,8,28,9,30,40,40
2006,8,28,10,30,90,90
2006,8,28,11,30,332,333
2006,8,28,12,30,246,247
2006,8,28,13,30,144,144
2006,8,28,14,30,312,345
2006,8,28,15,30,275,340
2006,8,28,16,30,198,256
2006,8,28,17,30,79,109
2006,8,28,18,30,0,0
2006,8,28,19,30,0,0
2006,8,28,20,30,0,0
2006,8,28,21,30,0,0
2006,8,28,22,30,0,0
2006,8,28,23,30,0,0
2006,8,29,0,30,0,0
2006,8,29,1,30,0,0
2006,8,29,2,30,0,0
2006,8,29,3,30,0,0
2006,8,29,4,30,0,0
2006,8,29,5,30,3,3
2006,8,29,6,30,38,38
2006,8,29,7,30,84,84
2006,8,29,8,30,232,267
2006,8,29,9,30,47,47
2006,8,29,10,30,45,45
2006,8,29,11,30,147,148
2006,8,29,12,30,62,62
2006,8,29,13,30,110,110
2006,8,29,14,30,193,193
2006,8,29,15,30,153,156
2006,8,29,16,30,30,30
2006,8,29,17,30,18,18
2006,8,29,18,30,0,0
2006,8,29,19,30,0,0
2006,8,29,20,30,0,0
2006,8,29,21,30,0,0
2006,8,29,22,30,0,0
2006,8,29,23,30,0,0
2006,8,30,0,30,0,0
2006,8,30,1,30,0,0
2006,8,30,2,30,0,0
2006,8,30,3,30,0,0
2006,8,30,4,30,0,0
2006,8,30,5,30,4,4
2006,8,30,6,30,5,5
2006,8,30,7,30,61,61
2006,8,30,8,30,81,81
2006,8,30,9,30,190,190
2006,8,30,10,30,159,159
2006,8,30,11,30,315,317
2006,8,30,12,30,449,572
2006,8,30,13,30,318,564
2006,8,30,14,30,307,394
2006,8,30,15,30,262,283
2006,8,30,16,30,196,219
2006,8,30,17,30,58,116
2006,8,30,18,30,0,0
2006,8,30,19,30,0,0
2006,8,30,20,30,0,0
2006,8,30,21,30,0,0
2006,8,30,22,30,0,0
2006,8,30,23,30,0,0
2006,8,31,0,30,0,0
2006,8,31,1,30,0,0
2006,8,31,2,30,0,0
2006,8,31,3,30,0,0
2006,8,31,4,30,0,0
2006,8,31,5,30,9,9
2006,8,31,6,30,78,79
2006,8,31,7,30,202,261
2006,8,31,8,30,233,396
2006,8,31,9,30,345,474
2006,8,31,10,30,357,600
2006,8,31,11,30,414,517
2006,8,31,12,30,370,641
2006,8,31,13,30,267,642
2006,8,31,14,30,192,584
2006,8,31,15,30,159,445
2006,8,31,16,30,178,185
2006,8,31,17,30,54,54
2006,8,31,18,30,0,0
2006,8,31,19,30,0,0
2006,8,31,20,30,0,0
2006,8,31,21,30,0,0
2006,8,31,22,30,0,0
2006,8,31,23,30,0,0
2022,9,1,0,30,0,0
2022,9,1,1,30,0,0
2022,9,1,2,30,0,0
2022,9,1,3,30,0,0
2022,9,1,4,30,0,0
2022,9,1,5,30,12,15
2022,9,1,6,30,50,168
2022,9,1,7,30,67,366
2022,9,1,8,30,77,556
2022,9,1,9,30,86,714
2022,9,1,10,30,92,824
2022,9,1,11,30,95,876
2022,9,1,12,30,93,868
2022,9,1,13,30,88,800
2022,9,1,14,30,81,679
2022,9,1,15,30,72,515
2022,9,1,16,30,59,323
2022,9,1,17,30,39,128
2022,9,1,18,30,3,2
2022,9,1,19,30,0,0
2022,9,1,20,30,0,0
2022,9,1,21,30,0,0
2022,9,1,22,30,0,0
2022,9,1,23,30,0,0
2022,9,2,0,30,0,0
2022,9,2,1,30,0,0
2022,9,2,2,30,0,0
2022,9,2,3,30,0,0
2022,9,2,4,30,0,0
2022,9,2,5,30,11,12
2022,9,2,6,30,44,171
2022,9,2,7,30,61,369
2022,9,2,8,30,72,556
2022,9,2,9,30,78,711
2022,9,2,10,30,80,819
2022,9,2,11,30,84,872
2022,9,2,12,30,85,863
2022,9,2,13,30,83,794
2022,9,2,14,30,80,673
2022,9,2,15,30,97,497
2022,9,2,16,30,59,315
2022,9,2,17,30,40,122
2022,9,2,18,30,3,2
2022,9,2,19,30,0,0
2022,9,2,20,30,0,0
2022,9,2,21,30,0,0
2022,9,2,22,30,0,0
2022,9,2,23,30,0,0
2022,9,3,0,30,0,0
2022,9,3,1,30,0,0
2022,9,3,2,30,0,0
2022,9,3,3,30,0,0
2022,9,3,4,30,0,0
2022,9,3,5,30,8,8
2022,9,3,6,30,81,135
2022,9,3,7,30,122,328
2022,9,3,8,30,103,521
2022,9,3,9,30,94,688
2022,9,3,10,30,203,686
2022,9,3,11,30,101,846
2022,9,3,12,30,105,835
2022,9,3,13,30,107,766
2022,9,3,14,30,197,557
2022,9,3,15,30,220,337
2022,9,3,16,30,134,150
2022,9,3,17,30,59,99
2022,9,3,18,30,0,0
2022,9,3,19,30,0,0
2022,9,3,20,30,0,0
2022,9,3,21,30,0,0
2022,9,3,22,30,0,0
2022,9,3,23,30,0,0
2022,9,4,0,30,0,0
2022,9,4,1,30,0,0
2022,9,4,2,30,0,0
2022,9,4,3,30,0,0
2022,9,4,4,30,0,0
2022,9,4,5,30,6,6
2022,9,4,6,30,100,115
2022,9,4,7,30,147,197
2022,9,4,8,30,196,447
2022,9,4,9,30,183,626
2022,9,4,10,30,287,645
2022,9,4,11,30,330,617
2022,9,4,12,30,261,656
2022,9,4,13,30,313,569
2022,9,4,14,30,266,498
2022,9,4,15,30,176,187
2022,9,4,16,30,115,245
2022,9,4,17,30,62,85
2022,9,4,18,30,0,0
2022,9,4,19,30,0,0
2022,9,4,20,30,0,0
2022,9,4,21,30,0,0
2022,9,4,22,30,0,0
2022,9,4,23,30,0,0
2022,9,5,0,30,0,0
2022,9,5,1,30,0,0
2022,9,5,2,30,0,0
2022,9,5,3,30,0,0
2022,9,5,4,30,0,0
2022,9,5,5,30,5,5
2022,9,5,6,30,32,32
2022,9,5,7,30,161,178
2022,9,5,8,30,248,313
2022,9,5,9,30,305,469
2022,9,5,10,30,333,408
2022,9,5,11,30,273,380
2022,9,5,12,30,342,455
2022,9,5,13,30,307,639
2022,9,5,14,30,325,423
2022,9,5,15,30,238,305
2022,9,5,16,30,105,108
2022,9,5,17,30,25,25
2022,9,5,18,30,0,0
2022,9,5,19,30,0,0
2022,9,5,20,30,0,0
2022,9,5,21,30,0,0
2022,9,5,22,30,0,0
2022,9,5,23,30,0,0
2022,9,6,0,30,0,0
2022,9,6,1,30,0,0
2022,9,6,2,30,0,0
2022,9,6,3,30,0,0
2022,9,6,4,30,0,0
2022,9,6,5,30,3,3
2022,9,6,6,30,17,17
2022,9,6,7,30,27,27
2022,9,6,8,30,40,40
2022,9,6,9,30,73,73
2022,9,6,10,30,126,127
2022,9,6,11,30,60,60
2022,9,6,12,30,35,35
2022,9,6,13,30,74,75
2022,9,6,14,30,52,52
2022,9,6,15,30,62,62
2022,9,6,16,30,34,35
2022,9,6,17,30,22,22
2022,9,6,18,30,0,0
2022,9,6,19,30,0,0
2022,9,6,20,30,0,0
2022,9,6,21,30,0,0
2022,9,6,22,30,0,0
2022,9,6,23,30,0,0
2022,9,7,0,30,0,0
2022,9,7,1,30,0,0
2022,9,7,2,30,0,0
2022,9,7,3,30,0,0
2022,9,7,4,30,0,0
2022,9,7,5,30,2,2
2022,9,7,6,30,21,21
2022,9,7,7,30,80,82
2022,9,7,8,30,108,109
2022,9,7,9,30,213,219
2022,9,7,10,30,200,205
2022,9,7,11,30,286,289
2022,9,7,12,30,289,295
2022,9,7,13,30,279,449
2022,9,7,14,30,176,178
2022,9,7,15,30,109,110
2022,9,7,16,30,104,106
2022,9,7,17,30,32,32
2022,9,7,18,30,0,0
2022,9,7,19,30,0,0
2022,9,7,20,30,0,0
2022,9,7,21,30,0,0
2022,9,7,22,30,0,0
2022,9,7,23,30,0,0
2022,9,8,0,30,0,0
2022,9,8,1,30,0,0
2022,9,8,2,30,0,0
2022,9,8,3,30,0,0
2022,9,8,4,30,0,0
2022,9,8,5,30,3,3
2022,9,8,6,30,70,125
2022,9,8,7,30,86,327
2022,9,8,8,30,88,514
2022,9,8,9,30,146,636
2022,9,8,10,30,96,777
2022,9,8,11,30,99,828
2022,9,8,12,30,98,818
2022,9,8,13,30,93,750
2022,9,8,14,30,89,629
2022,9,8,15,30,80,463
2022,9,8,16,30,66,274
2022,9,8,17,30,38,89
2022,9,8,18,30,0,0
2022,9,8,19,30,0,0
2022,9,8,20,30,0,0
2022,9,8,21,30,0,0
2022,9,8,22,30,0,0
2022,9,8,23,30,0,0
2022,9,9,0,30,0,0
2022,9,9,1,30,0,0
2022,9,9,2,30,0,0
2022,9,9,3,30,0,0
2022,9,9,4,30,0,0
2022,9,9,5,30,6,6
2022,9,9,6,30,48,144
2022,9,9,7,30,70,340
2022,9,9,8,30,85,526
2022,9,9,9,30,105,676
2022,9,9,10,30,129,778
2022,9,9,11,30,137,824
2022,9,9,12,30,153,805
2022,9,9,13,30,164,727
2022,9,9,14,30,147,603
2022,9,9,15,30,125,440
2022,9,9,16,30,94,254
2022,9,9,17,30,45,76
2022,9,9,18,30,0,0
2022,9,9,19,30,0,0
2022,9,9,20,30,0,0
2022,9,9,21,30,0,0
2022,9,9,22,30,0,0
2022,9,9,23,30,0,0
2022,9,10,0,30,0,0
2022,9,10,1,30,0,0
2022,9,10,2,30,0,0
2022,9,10,3,30,0,0
2022,9,10,4,30,0,0
2022,9,10,5,30,4,4
2022,9,10,6,30,66,126
2022,9,10,7,30,141,289
2022,9,10,8,30,134,494
2022,9,10,9,30,166,638
2022,9,10,10,30,121,771
2022,9,10,11,30,137,810
2022,9,10,12,30,200,744
2022,9,10,13,30,171,697
2022,9,10,14,30,243,477
2022,9,10,15,30,92,452
2022,9,10,16,30,92,254
2022,9,10,17,30,39,80
2022,9,10,18,30,0,0
2022,9,10,19,30,0,0
2022,9,10,20,30,0,0
2022,9,10,21,30,0,0
2022,9,10,22,30,0,0
2022,9,10,23,30,0,0
2022,9,11,0,30,0,0
2022,9,11,1,30,0,0
2022,9,11,2,30,0,0
2022,9,11,3,30,0,0
2022,9,11,4,30,0,0
2022,9,11,5,30,2,2
2022,9,11,6,30,50,51
2022,9,11,7,30,90,93
2022,9,11,8,30,189,208
2022,9,11,9,30,261,289
2022,9,11,10,30,262,272
2022,9,11,11,30,177,179
2022,9,11,12,30,215,219
2022,9,11,13,30,223,233
2022,9,11,14,30,244,267
2022,9,11,15,30,124,127
2022,9,11,16,30,48,48
2022,9,11,17,30,19,19
2022,9,11,18,30,0,0
2022,9,11,19,30,0,0
2022,9,11,20,30,0,0
2022,9,11,21,30,0,0
2022,9,11,22,30,0,0
2022,9,11,23,30,0,0
2022,9,12,0,30,0,0
2022,9,12,1,30,0,0
2022,9,12,2,30,0,0
2022,9,12,3,30,0,0
2022,9,12,4,30,0,0
2022,9,12,5,30,2,2
2022,9,12,6,30,71,76
2022,9,12,7,30,100,104
2022,9,12,8,30,104,408
2022,9,12,9,30,165,373
2022,9,12,10,30,244,246
2022,9,12,11,30,234,454
2022,9,12,12,30,154,672
2022,9,12,13,30,112,706
2022,9,12,14,30,109,582
2022,9,12,15,30,101,418
2022,9,12,16,30,84,233
2022,9,12,17,30,40,58
2022,9,12,18,30,0,0
2022,9,12,19,30,0,0
2022,9,12,20,30,0,0
2022,9,12,21,30,0,0
2022,9,12,22,30,0,0
2022,9,12,23,30,0,0
2022,9,13,0,30,0,0
2022,9,13,1,30,0,0
2022,9,13,2,30,0,0
2022,9,13,3,30,0,0
2022,9,13,4,30,0,0
2022,9,13,5,30,2,2
2022,9,13,6,30,66,117
2022,9,13,7,30,95,288
2022,9,13,8,30,111,204
2022,9,13,9,30,255,436
2022,9,13,10,30,142,720
2022,9,13,11,30,162,762
2022,9,13,12,30,161,752
2022,9,13,13,30,147,687
2022,9,13,14,30,130,569
2022,9,13,15,30,107,413
2022,9,13,16,30,77,234
2022,9,13,17,30,36,65
2022,9,13,18,30,0,0
2022,9,13,19,30,0,0
2022,9,13,20,30,0,0
2022,9,13,21,30,0,0
2022,9,13,22,30,0,0
2022,9,13,23,30,0,0
2022,9,14,0,30,0,0
2022,9,14,1,30,0,0
2022,9,14,2,30,0,0
2022,9,14,3,30,0,0
2022,9,14,4,30,0,0
2022,9,14,5,30,3,3
2022,9,14,6,30,46,131
2022,9,14,7,30,67,323
2022,9,14,8,30,80,509
2022,9,14,9,30,84,661
2022,9,14,10,30,85,766
2022,9,14,11,30,89,813
2022,9,14,12,30,94,798
2022,9,14,13,30,100,722
2022,9,14,14,30,99,593
2022,9,14,15,30,91,425
2022,9,14,16,30,73,236
2022,9,14,17,30,35,60
2022,9,14,18,30,0,0
2022,9,14,19,30,0,0
2022,9,14,20,30,0,0
2022,9,14,21,30,0,0
2022,9,14,22,30,0,0
2022,9,14,23,30,0,0
2022,9,15,0,30,0,0
2022,9,15,1,30,0,0
2022,9,15,2,30,0,0
2022,9,15,3,30,0,0
2022,9,15,4,30,0,0
2022,9,15,5,30,3,2
2022,9,15,6,30,46,130
2022,9,15,7,30,66,329
2022,9,15,8,30,75,524
2022,9,15,9,30,82,686
2022,9,15,10,30,87,795
2022,9,15,11,30,88,845
2022,9,15,12,30,88,832
2022,9,15,13,30,86,757
2022,9,15,14,30,80,625
2022,9,15,15,30,70,453
2022,9,15,16,30,55,255
2022,9,15,17,30,29,66
2022,9,15,18,30,0,0
2022,9,15,19,30,0,0
2022,9,15,20,30,0,0
2022,9,15,21,30,0,0
2022,9,15,22,30,0,0
2022,9,15,23,30,0,0
2022,9,16,0,30,0,0
2022,9,16,1,30,0,0
2022,9,16,2,30,0,0
2022,9,16,3,30,0,0
2022,9,16,4,30,0,0
2022,9,16,5,30,1,1
2022,9,16,6,30,72,81
2022,9,16,7,30,115,292
2022,9,16,8,30,158,468
2022,9,16,9,30,170,620
2022,9,16,10,30,159,735
2022,9,16,11,30,157,784
2022,9,16,12,30,156,768
2022,9,16,13,30,151,692
2022,9,16,14,30,134,568
2022,9,16,15,30,109,402
2022,9,16,16,30,78,217
2022,9,16,17,30,33,46
2022,9,16,18,30,0,0
2022,9,16,19,30,0,0
2022,9,16,20,30,0,0
2022,9,16,21,30,0,0
2022,9,16,22,30,0,0
2022,9,16,23,30,0,0
2022,9,17,0,30,0,0
2022,9,17,1,30,0,0
2022,9,17,2,30,0,0
2022,9,17,3,30,0,0
2022,9,17,4,30,0,0
2022,9,17,5,30,1,1
2022,9,17,6,30,46,46
2022,9,17,7,30,122,252
2022,9,17,8,30,184,189
2022,9,17,9,30,185,569
2022,9,17,10,30,298,567
2022,9,17,11,30,124,781
2022,9,17,12,30,128,768
2022,9,17,13,30,160,673
2022,9,17,14,30,128,566
2022,9,17,15,30,115,397
2022,9,17,16,30,88,210
2022,9,17,17,30,32,44
2022,9,17,18,30,0,0
2022,9,17,19,30,0,0
2022,9,17,20,30,0,0
2022,9,17,21,30,0,0
2022,9,17,22,30,0,0
2022,9,17,23,30,0,0
2022,9,18,0,30,0,0
2022,9,18,1,30,0,0
2022,9,18,2,30,0,0
2022,9,18,3,30,0,0
2022,9,18,4,30,0,0
2022,9,18,5,30,1,1
2022,9,18,6,30,64,94
2022,9,18,7,30,135,267
2022,9,18,8,30,175,441
2022,9,18,9,30,181,592
2022,9,18,10,30,170,703
2022,9,18,11,30,174,751
2022,9,18,12,30,165,744
2022,9,18,13,30,158,672
2022,9,18,14,30,144,549
2022,9,18,15,30,122,387
2022,9,18,16,30,88,204
2022,9,18,17,30,31,41
2022,9,18,18,30,0,0
2022,9,18,19,30,0,0
2022,9,18,20,30,0,0
2022,9,18,21,30,0,0
2022,9,18,22,30,0,0
2022,9,18,23,30,0,0
2022,9,19,0,30,0,0
2022,9,19,1,30,0,0
2022,9,19,2,30,0,0
2022,9,19,3,30,0,0
2022,9,19,4,30,0,0
2022,9,19,5,30,0,0
2022,9,19,6,30,24,24
2022,9,19,7,30,51,51
2022,9,19,8,30,241,260
2022,9,19,9,30,125,607
2022,9,19,10,30,131,708
2022,9,19,11,30,174,730
2022,9,19,12,30,145,734
2022,9,19,13,30,214,615
2022,9,19,14,30,250,412
2022,9,19,15,30,172,344
2022,9,19,16,30,95,190
2022,9,19,17,30,13,13
2022,9,19,18,30,0,0
2022,9,19,19,30,0,0
2022,9,19,20,30,0,0
2022,9,19,21,30,0,0
2022,9,19,22,30,0,0
2022,9,19,23,30,0,0
2022,9,20,0,30,0,0
2022,9,20,1,30,0,0
2022,9,20,2,30,0,0
2022,9,20,3,30,0,0
2022,9,20,4,30,0,0
2022,9,20,5,30,0,0
2022,9,20,6,30,43,110
2022,9,20,7,30,66,297
2022,9,20,8,30,81,480
2022,9,20,9,30,89,631
2022,9,20,10,30,95,734
2022,9,20,11,30,98,778
2022,9,20,12,30,183,641
2022,9,20,13,30,168,596
2022,9,20,14,30,184,260
2022,9,20,15,30,157,257
2022,9,20,16,30,92,163
2022,9,20,17,30,26,38
2022,9,20,18,30,0,0
2022,9,20,19,30,0,0
2022,9,20,20,30,0,0
2022,9,20,21,30,0,0
2022,9,20,22,30,0,0
2022,9,20,23,30,0,0
2022,9,21,0,30,0,0
2022,9,21,1,30,0,0
2022,9,21,2,30,0,0
2022,9,21,3,30,0,0
2022,9,21,4,30,0,0
2022,9,21,5,30,0,0
2022,9,21,6,30,41,110
2022,9,21,7,30,65,298
2022,9,21,8,30,79,482
2022,9,21,9,30,84,634
2022,9,21,10,30,84,740
2022,9,21,11,30,87,784
2022,9,21,12,30,98,752
2022,9,21,13,30,89,691
2022,9,21,14,30,85,562
2022,9,21,15,30,99,380
2022,9,21,16,30,63,200
2022,9,21,17,30,25,25
2022,9,21,18,30,0,0
2022,9,21,19,30,0,0
2022,9,21,20,30,0,0
2022,9,21,21,30,0,0
2022,9,21,22,30,0,0
2022,9,21,23,30,0,0
2022,9,22,0,30,0,0
2022,9,22,1,30,0,0
2022,9,22,2,30,0,0
2022,9,22,3,30,0,0
2022,9,22,4,30,0,0
2022,9,22,5,30,0,0
2022,9,22,6,30,30,31
2022,9,22,7,30,68,72
2022,9,22,8,30,185,235
2022,9,22,9,30,119,127
2022,9,22,10,30,265,362
2022,9,22,11,30,54,54
2022,9,22,12,30,58,58
2022,9,22,13,30,43,43
2022,9,22,14,30,47,48
2022,9,22,15,30,142,223
2022,9,22,16,30,56,204
2022,9,22,17,30,22,30
2022,9,22,18,30,0,0
2022,9,22,19,30,0,0
2022,9,22,20,30,0,0
2022,9,22,21,30,0,0
2022,9,22,22,30,0,0
2022,9,22,23,30,0,0
2022,9,23,0,30,0,0
2022,9,23,1,30,0,0
2022,9,23,2,30,0,0
2022,9,23,3,30,0,0
2022,9,23,4,30,0,0
2022,9,23,5,30,0,0
2022,9,23,6,30,37,113
2022,9,23,7,30,56,308
2022,9,23,8,30,68,497
2022,9,23,9,30,76,653
2022,9,23,10,30,82,761
2022,9,23,11,30,84,811
2022,9,23,12,30,84,797
2022,9,23,13,30,81,719
2022,9,23,14,30,73,587
2022,9,23,15,30,63,412
2022,9,23,16,30,48,213
2022,9,23,17,30,20,34
2022,9,23,18,30,0,0
2022,9,23,19,30,0,0
2022,9,23,20,30,0,0
2022,9,23,21,30,0,0
2022,9,23,22,30,0,0
2022,9,23,23,30,0,0
2022,9,24,0,30,0,0
2022,9,24,1,30,0,0
2022,9,24,2,30,0,0
2022,9,24,3,30,0,0
2022,9,24,4,30,0,0
2022,9,24,5,30,0,0
2022,9,24,6,30,55,92
2022,9,24,7,30,155,195
2022,9,24,8,30,227,293
2022,9,24,9,30,218,529
2022,9,24,10,30,243,604
2022,9,24,11,30,94,778
2022,9,24,12,30,195,648
2022,9,24,13,30,81,691
2022,9,24,14,30,73,561
2022,9,24,15,30,64,390
2022,9,24,16,30,47,197
2022,9,24,17,30,18,28
2022,9,24,18,30,0,0
2022,9,24,19,30,0,0
2022,9,24,20,30,0,0
2022,9,24,21,30,0,0
2022,9,24,22,30,0,0
2022,9,24,23,30,0,0
2022,9,25,0,30,0,0
2022,9,25,1,30,0,0
2022,9,25,2,30,0,0
2022,9,25,3,30,0,0
2022,9,25,4,30,0,0
2022,9,25,5,30,0,0
2022,9,25,6,30,17,17
2022,9,25,7,30,110,117
2022,9,25,8,30,223,335
2022,9,25,9,30,241,260
2022,9,25,10,30,315,453
2022,9,25,11,30,308,464
2022,9,25,12,30,306,340
2022,9,25,13,30,296,443
2022,9,25,14,30,229,308
2022,9,25,15,30,94,96
2022,9,25,16,30,20,20
2022,9,25,17,30,10,10
2022,9,25,18,30,0,0
2022,9,25,19,30,0,0
2022,9,25,20,30,0,0
2022,9,25,21,30,0,0
2022,9,25,22,30,0,0
2022,9,25,23,30,0,0
2022,9,26,0,30,0,0
2022,9,26,1,30,0,0
2022,9,26,2,30,0,0
2022,9,26,3,30,0,0
2022,9,26,4,30,0,0
2022,9,26,5,30,0,0
2022,9,26,6,30,47,88
2022,9,26,7,30,69,279
2022,9,26,8,30,82,462
2022,9,26,9,30,87,613
2022,9,26,10,30,90,717
2022,9,26,11,30,98,758
2022,9,26,12,30,104,737
2022,9,26,13,30,113,655
2022,9,26,14,30,168,441
2022,9,26,15,30,101,354
2022,9,26,16,30,67,172
2022,9,26,17,30,17,20
2022,9,26,18,30,0,0
2022,9,26,19,30,0,0
2022,9,26,20,30,0,0
2022,9,26,21,30,0,0
2022,9,26,22,30,0,0
2022,9,26,23,30,0,0
2022,9,27,0,30,0,0
2022,9,27,1,30,0,0
2022,9,27,2,30,0,0
2022,9,27,3,30,0,0
2022,9,27,4,30,0,0
2022,9,27,5,30,0,0
2022,9,27,6,30,33,34
2022,9,27,7,30,135,157
2022,9,27,8,30,121,437
2022,9,27,9,30,87,621
2022,9,27,10,30,89,728
2022,9,27,11,30,89,774
2022,9,27,12,30,89,761
2022,9,27,13,30,85,683
2022,9,27,14,30,86,538
2022,9,27,15,30,71,374
2022,9,27,16,30,53,179
2022,9,27,17,30,14,18
2022,9,27,18,30,0,0
2022,9,27,19,30,0,0
2022,9,27,20,30,0,0
2022,9,27,21,30,0,0
2022,9,27,22,30,0,0
2022,9,27,23,30,0,0
2022,9,28,0,30,0,0
2022,9,28,1,30,0,0
2022,9,28,2,30,0,0
2022,9,28,3,30,0,0
2022,9,28,4,30,0,0
2022,9,28,5,30,0,0
2022,9,28,6,30,38,94
2022,9,28,7,30,62,281
2022,9,28,8,30,76,465
2022,9,28,9,30,84,616
2022,9,28,10,30,86,717
2022,9,28,11,30,90,759
2022,9,28,12,30,90,741
2022,9,28,13,30,106,630
2022,9,28,14,30,166,433
2022,9,28,15,30,163,221
2022,9,28,16,30,88,114
2022,9,28,17,30,11,11
2022,9,28,18,30,0,0
2022,9,28,19,30,0,0
2022,9,28,20,30,0,0
2022,9,28,21,30,0,0
2022,9,28,22,30,0,0
2022,9,28,23,30,0,0
2022,9,29,0,30,0,0
2022,9,29,1,30,0,0
2022,9,29,2,30,0,0
2022,9,29,3,30,0,0
2022,9,29,4,30,0,0
2022,9,29,5,30,0,0
2022,9,29,6,30,43,78
2022,9,29,7,30,125,244
2022,9,29,8,30,66,466
2022,9,29,9,30,77,615
2022,9,29,10,30,87,718
2022,9,29,11,30,110,720
2022,9,29,12,30,124,715
2022,9,29,13,30,294,419
2022,9,29,14,30,231,348
2022,9,29,15,30,187,259
2022,9,29,16,30,91,102
2022,9,29,17,30,9,9
2022,9,29,18,30,0,0
2022,9,29,19,30,0,0
2022,9,29,20,30,0,0
2022,9,29,21,30,0,0
2022,9,29,22,30,0,0
2022,9,29,23,30,0,0
2022,9,30,0,30,0,0
2022,9,30,1,30,0,0
2022,9,30,2,30,0,0
2022,9,30,3,30,0,0
2022,9,30,4,30,0,0
2022,9,30,5,30,0,0
2022,9,30,6,30,49,50
2022,9,30,7,30,144,176
2022,9,30,8,30,230,270
2022,9,30,9,30,273,323
2022,9,30,10,30,333,423
2022,9,30,11,30,345,440
2022,9,30,12,30,314,492
2022,9,30,13,30,298,338
2022,9,30,14,30,217,236
2022,9,30,15,30,97,99
2022,9,30,16,30,42,42
2022,9,30,17,30,5,5
2022,9,30,18,30,0,0
2022,9,30,19,30,0,0
2022,9,30,20,30,0,0
2022,9,30,21,30,0,0
2022,9,30,22,30,0,0
2022,9,30,23,30,0,0
2016,10,1,0,30,0,0
2016,10,1,1,30,0,0
2016,10,1,2,30,0,0
2016,10,1,3,30,0,0
2016,10,1,4,30,0,0
2016,10,1,5,30,0,0
2016,10,1,6,30,4,4
2016,10,1,7,30,8,8
2016,10,1,8,30,147,148
2016,10,1,9,30,224,243
2016,10,1,10,30,247,264
2016,10,1,11,30,264,281
2016,10,1,12,30,157,158
2016,10,1,13,30,57,57
2016,10,1,14,30,136,140
2016,10,1,15,30,140,145
2016,10,1,16,30,16,16
2016,10,1,17,30,0,0
2016,10,1,18,30,0,0
2016,10,1,19,30,0,0
2016,10,1,20,30,0,0
2016,10,1,21,30,0,0
2016,10,1,22,30,0,0
2016,10,1,23,30,0,0
2016,10,2,0,30,0,0
2016,10,2,1,30,0,0
2016,10,2,2,30,0,0
2016,10,2,3,30,0,0
2016,10,2,4,30,0,0
2016,10,2,5,30,0,0
2016,10,2,6,30,28,28
2016,10,2,7,30,72,72
2016,10,2,8,30,72,72
2016,10,2,9,30,38,38
2016,10,2,10,30,186,189
2016,10,2,11,30,169,171
2016,10,2,12,30,178,181
2016,10,2,13,30,221,239
2016,10,2,14,30,118,119
2016,10,2,15,30,77,77
2016,10,2,16,30,91,100
2016,10,2,17,30,0,0
2016,10,2,18,30,0,0
2016,10,2,19,30,0,0
2016,10,2,20,30,0,0
2016,10,2,21,30,0,0
2016,10,2,22,30,0,0
2016,10,2,23,30,0,0
2016,10,3,0,30,0,0
2016,10,3,1,30,0,0
2016,10,3,2,30,0,0
2016,10,3,3,30,0,0
2016,10,3,4,30,0,0
2016,10,3,5,30,0,0
2016,10,3,6,30,28,28
2016,10,3,7,30,115,116
2016,10,3,8,30,189,207
2016,10,3,9,30,197,198
2016,10,3,10,30,227,227
2016,10,3,11,30,293,296
2016,10,3,12,30,376,513
2016,10,3,13,30,93,616
2016,10,3,14,30,268,376
2016,10,3,15,30,76,318
2016,10,3,16,30,77,78
2016,10,3,17,30,0,0
2016,10,3,18,30,0,0
2016,10,3,19,30,0,0
2016,10,3,20,30,0,0
2016,10,3,21,30,0,0
2016,10,3,22,30,0,0
2016,10,3,23,30,0,0
2016,10,4,0,30,0,0
2016,10,4,1,30,0,0
2016,10,4,2,30,0,0
2016,10,4,3,30,0,0
2016,10,4,4,30,0,0
2016,10,4,5,30,0,0
2016,10,4,6,30,26,26
2016,10,4,7,30,56,253
2016,10,4,8,30,75,75
2016,10,4,9,30,179,179
2016,10,4,10,30,310,559
2016,10,4,11,30,352,409
2016,10,4,12,30,192,192
2016,10,4,13,30,206,206
2016,10,4,14,30,245,399
2016,10,4,15,30,67,322
2016,10,4,16,30,84,85
2016,10,4,17,30,0,0
2016,10,4,18,30,0,0
2016,10,4,19,30,0,0
2016,10,4,20,30,0,0
2016,10,4,21,30,0,0
2016,10,4,22,30,0,0
2016,10,4,23,30,0,0
2016,10,5,0,30,0,0
2016,10,5,1,30,0,0
2016,10,5,2,30,0,0
2016,10,5,3,30,0,0
2016,10,5,4,30,0,0
2016,10,5,5,30,0,0
2016,10,5,6,30,27,76
2016,10,5,7,30,49,261
2016,10,5,8,30,186,190
2016,10,5,9,30,247,251
2016,10,5,10,30,72,694
2016,10,5,11,30,73,736
2016,10,5,12,30,73,714
2016,10,5,13,30,72,634
2016,10,5,14,30,66,501
2016,10,5,15,30,56,329
2016,10,5,16,30,39,139
2016,10,5,17,30,0,0
2016,10,5,18,30,0,0
2016,10,5,19,30,0,0
2016,10,5,20,30,0,0
2016,10,5,21,30,0,0
2016,10,5,22,30,0,0
2016,10,5,23,30,0,0
2016,10,6,0,30,0,0
2016,10,6,1,30,0,0
2016,10,6,2,30,0,0
2016,10,6,3,30,0,0
2016,10,6,4,30,0,0
2016,10,6,5,30,0,0
2016,10,6,6,30,28,71
2016,10,6,7,30,53,256
2016,10,6,8,30,65,438
2016,10,6,9,30,71,590
2016,10,6,10,30,72,691
2016,10,6,11,30,72,733
2016,10,6,12,30,72,713
2016,10,6,13,30,68,633
2016,10,6,14,30,63,499
2016,10,6,15,30,53,326
2016,10,6,16,30,37,136
2016,10,6,17,30,0,0
2016,10,6,18,30,0,0
2016,10,6,19,30,0,0
2016,10,6,20,30,0,0
2016,10,6,21,30,0,0
2016,10,6,22,30,0,0
2016,10,6,23,30,0,0
2016,10,7,0,30,0,0
2016,10,7,1,30,0,0
2016,10,7,2,30,0,0
2016,10,7,3,30,0,0
2016,10,7,4,30,0,0
2016,10,7,5,30,0,0
2016,10,7,6,30,26,70
2016,10,7,7,30,49,255
2016,10,7,8,30,61,439
2016,10,7,9,30,66,588
2016,10,7,10,30,69,688
2016,10,7,11,30,70,730
2016,10,7,12,30,69,707
2016,10,7,13,30,67,627
2016,10,7,14,30,62,494
2016,10,7,15,30,52,319
2016,10,7,16,30,35,130
2016,10,7,17,30,0,0
2016,10,7,18,30,0,0
2016,10,7,19,30,0,0
2016,10,7,20,30,0,0
2016,10,7,21,30,0,0
2016,10,7,22,30,0,0
2016,10,7,23,30,0,0
2016,10,8,0,30,0,0
2016,10,8,1,30,0,0
2016,10,8,2,30,0,0
2016,10,8,3,30,0,0
2016,10,8,4,30,0,0
2016,10,8,5,30,0,0
2016,10,8,6,30,31,31
2016,10,8,7,30,123,141
2016,10,8,8,30,208,240
2016,10,8,9,30,251,343
2016,10,8,10,30,289,351
2016,10,8,11,30,216,221
2016,10,8,12,30,203,206
2016,10,8,13,30,125,126
2016,10,8,14,30,163,169
2016,10,8,15,30,80,81
2016,10,8,16,30,17,17
2016,10,8,17,30,0,0
2016,10,8,18,30,0,0
2016,10,8,19,30,0,0
2016,10,8,20,30,0,0
2016,10,8,21,30,0,0
2016,10,8,22,30,0,0
2016,10,8,23,30,0,0
2016,10,9,0,30,0,0
2016,10,9,1,30,0,0
2016,10,9,2,30,0,0
2016,10,9,3,30,0,0
2016,10,9,4,30,0,0
2016,10,9,5,30,0,0
2016,10,9,6,30,11,11
2016,10,9,7,30,32,32
2016,10,9,8,30,7,7
2016,10,9,9,30,12,12
2016,10,9,10,30,69,69
2016,10,9,11,30,41,41
2016,10,9,12,30,71,71
2016,10,9,13,30,25,25
2016,10,9,14,30,11,11
2016,10,9,15,30,69,70
2016,10,9,16,30,18,18
2016,10,9,17,30,0,0
2016,10,9,18,30,0,0
2016,10,9,19,30,0,0
2016,10,9,20,30,0,0
2016,10,9,21,30,0,0
2016,10,9,22,30,0,0
2016,10,9,23,30,0,0
2016,10,10,0,30,0,0
2016,10,10,1,30,0,0
2016,10,10,2,30,0,0
2016,10,10,3,30,0,0
2016,10,10,4,30,0,0
2016,10,10,5,30,0,0
2016,10,10,6,30,41,42
2016,10,10,7,30,44,252
2016,10,10,8,30,54,437
2016,10,10,9,30,61,592
2016,10,10,10,30,64,689
2016,10,10,11,30,64,730
2016,10,10,12,30,62,708
2016,10,10,13,30,62,623
2016,10,10,14,30,57,487
2016,10,10,15,30,48,309
2016,10,10,16,30,32,119
2016,10,10,17,30,0,0
2016,10,10,18,30,0,0
2016,10,10,19,30,0,0
2016,10,10,20,30,0,0
2016,10,10,21,30,0,0
2016,10,10,22,30,0,0
2016,10,10,23,30,0,0
2016,10,11,0,30,0,0
2016,10,11,1,30,0,0
2016,10,11,2,30,0,0
2016,10,11,3,30,0,0
2016,10,11,4,30,0,0
2016,10,11,5,30,0,0
2016,10,11,6,30,37,37
2016,10,11,7,30,44,242
2016,10,11,8,30,55,422
2016,10,11,9,30,62,570
2016,10,11,10,30,64,667
2016,10,11,11,30,66,708
2016,10,11,12,30,66,684
2016,10,11,13,30,63,603
2016,10,11,14,30,57,469
2016,10,11,15,30,48,296
2016,10,11,16,30,31,111
2016,10,11,17,30,0,0
2016,10,11,18,30,0,0
2016,10,11,19,30,0,0
2016,10,11,20,30,0,0
2016,10,11,21,30,0,0
2016,10,11,22,30,0,0
2016,10,11,23,30,0,0
2016,10,12,0,30,0,0
2016,10,12,1,30,0,0
2016,10,12,2,30,0,0
2016,10,12,3,30,0,0
2016,10,12,4,30,0,0
2016,10,12,5,30,0,0
2016,10,12,6,30,32,32
2016,10,12,7,30,47,230
2016,10,12,8,30,61,407
2016,10,12,9,30,69,551
2016,10,12,10,30,273,279
2016,10,12,11,30,304,317
2016,10,12,12,30,199,205
2016,10,12,13,30,252,323
2016,10,12,14,30,211,387
2016,10,12,15,30,111,248
2016,10,12,16,30,35,103
2016,10,12,17,30,0,0
2016,10,12,18,30,0,0
2016,10,12,19,30,0,0
2016,10,12,20,30,0,0
2016,10,12,21,30,0,0
2016,10,12,22,30,0,0
2016,10,12,23,30,0,0
2016,10,13,0,30,0,0
2016,10,13,1,30,0,0
2016,10,13,2,30,0,0
2016,10,13,3,30,0,0
2016,10,13,4,30,0,0
2016,10,13,5,30,0,0
2016,10,13,6,30,33,33
2016,10,13,7,30,124,164
2016,10,13,8,30,61,405
2016,10,13,9,30,187,446
2016,10,13,10,30,233,490
2016,10,13,11,30,229,542
2016,10,13,12,30,179,554
2016,10,13,13,30,102,103
2016,10,13,14,30,160,161
2016,10,13,15,30,33,33
2016,10,13,16,30,37,37
2016,10,13,17,30,0,0
2016,10,13,18,30,0,0
2016,10,13,19,30,0,0
2016,10,13,20,30,0,0
2016,10,13,21,30,0,0
2016,10,13,22,30,0,0
2016,10,13,23,30,0,0
2016,10,14,0,30,0,0
2016,10,14,1,30,0,0
2016,10,14,2,30,0,0
2016,10,14,3,30,0,0
2016,10,14,4,30,0,0
2016,10,14,5,30,0,0
2016,10,14,6,30,33,33
2016,10,14,7,30,46,233
2016,10,14,8,30,57,415
2016,10,14,9,30,63,564
2016,10,14,10,30,65,663
2016,10,14,11,30,67,703
2016,10,14,12,30,66,677
2016,10,14,13,30,62,595
2016,10,14,14,30,57,460
2016,10,14,15,30,48,285
2016,10,14,16,30,30,99
2016,10,14,17,30,0,0
2016,10,14,18,30,0,0
2016,10,14,19,30,0,0
2016,10,14,20,30,0,0
2016,10,14,21,30,0,0
2016,10,14,22,30,0,0
2016,10,14,23,30,0,0
2016,10,15,0,30,0,0
2016,10,15,1,30,0,0
2016,10,15,2,30,0,0
2016,10,15,3,30,0,0
2016,10,15,4,30,0,0
2016,10,15,5,30,0,0
2016,10,15,6,30,28,29
2016,10,15,7,30,43,225
2016,10,15,8,30,55,405
2016,10,15,9,30,62,553
2016,10,15,10,30,64,651
2016,10,15,11,30,66,687
2016,10,15,12,30,66,665
2016,10,15,13,30,62,583
2016,10,15,14,30,57,449
2016,10,15,15,30,48,277
2016,10,15,16,30,29,93
2016,10,15,17,30,0,0
2016,10,15,18,30,0,0
2016,10,15,19,30,0,0
2016,10,15,20,30,0,0
2016,10,15,21,30,0,0
2016,10,15,22,30,0,0
2016,10,15,23,30,0,0
2016,10,16,0,30,0,0
2016,10,16,1,30,0,0
2016,10,16,2,30,0,0
2016,10,16,3,30,0,0
2016,10,16,4,30,0,0
2016,10,16,5,30,0,0
2016,10,16,6,30,21,44
2016,10,16,7,30,49,213
2016,10,16,8,30,67,382
2016,10,16,9,30,82,517
2016,10,16,10,30,92,605
2016,10,16,11,30,98,639
2016,10,16,12,30,99,615
2016,10,16,13,30,105,531
2016,10,16,14,30,91,404
2016,10,16,15,30,70,243
2016,10,16,16,30,37,75
2016,10,16,17,30,0,0
2016,10,16,18,30,0,0
2016,10,16,19,30,0,0
2016,10,16,20,30,0,0
2016,10,16,21,30,0,0
2016,10,16,22,30,0,0
2016,10,16,23,30,0,0
2016,10,17,0,30,0,0
2016,10,17,1,30,0,0
2016,10,17,2,30,0,0
2016,10,17,3,30,0,0
2016,10,17,4,30,0,0
2016,10,17,5,30,0,0
2016,10,17,6,30,11,11
2016,10,17,7,30,108,109
2016,10,17,8,30,76,362
2016,10,17,9,30,85,502
2016,10,17,10,30,84,599
2016,10,17,11,30,88,636
2016,10,17,12,30,89,612
2016,10,17,13,30,82,533
2016,10,17,14,30,76,402
2016,10,17,15,30,63,238
2016,10,17,16,30,34,70
2016,10,17,17,30,0,0
2016,10,17,18,30,0,0
2016,10,17,19,30,0,0
2016,10,17,20,30,0,0
2016,10,17,21,30,0,0
2016,10,17,22,30,0,0
2016,10,17,23,30,0,0
2016,10,18,0,30,0,0
2016,10,18,1,30,0,0
2016,10,18,2,30,0,0
2016,10,18,3,30,0,0
2016,10,18,4,30,0,0
2016,10,18,5,30,0,0
2016,10,18,6,30,19,35
2016,10,18,7,30,49,195
2016,10,18,8,30,63,365
2016,10,18,9,30,71,507
2016,10,18,10,30,71,603
2016,10,18,11,30,73,642
2016,10,18,12,30,72,622
2016,10,18,13,30,75,541
2016,10,18,14,30,69,411
2016,10,18,15,30,57,245
2016,10,18,16,30,32,71
2016,10,18,17,30,0,0
2016,10,18,18,30,0,0
2016,10,18,19,30,0,0
2016,10,18,20,30,0,0
2016,10,18,21,30,0,0
2016,10,18,22,30,0,0
2016,10,18,23,30,0,0
2016,10,19,0,30,0,0
2016,10,19,1,30,0,0
2016,10,19,2,30,0,0
2016,10,19,3,30,0,0
2016,10,19,4,30,0,0
2016,10,19,5,30,0,0
2016,10,19,6,30,21,29
2016,10,19,7,30,61,180
2016,10,19,8,30,209,232
2016,10,19,9,30,178,179
2016,10,19,10,30,285,314
2016,10,19,11,30,333,394
2016,10,19,12,30,81,602
2016,10,19,13,30,76,527
2016,10,19,14,30,66,402
2016,10,19,15,30,52,240
2016,10,19,16,30,28,70
2016,10,19,17,30,0,0
2016,10,19,18,30,0,0
2016,10,19,19,30,0,0
2016,10,19,20,30,0,0
2016,10,19,21,30,0,0
2016,10,19,22,30,0,0
2016,10,19,23,30,0,0
2016,10,20,0,30,0,0
2016,10,20,1,30,0,0
2016,10,20,2,30,0,0
2016,10,20,3,30,0,0
2016,10,20,4,30,0,0
2016,10,20,5,30,0,0
2016,10,20,6,30,19,19
2016,10,20,7,30,100,108
2016,10,20,8,30,66,356
2016,10,20,9,30,154,424
2016,10,20,10,30,159,499
2016,10,20,11,30,324,368
2016,10,20,12,30,251,289
2016,10,20,13,30,90,91
2016,10,20,14,30,77,78
2016,10,20,15,30,59,59
2016,10,20,16,30,20,20
2016,10,20,17,30,0,0
2016,10,20,18,30,0,0
2016,10,20,19,30,0,0
2016,10,20,20,30,0,0
2016,10,20,21,30,0,0
2016,10,20,22,30,0,0
2016,10,20,23,30,0,0
2016,10,21,0,30,0,0
2016,10,21,1,30,0,0
2016,10,21,2,30,0,0
2016,10,21,3,30,0,0
2016,10,21,4,30,0,0
2016,10,21,5,30,0,0
2016,10,21,6,30,17,29
2016,10,21,7,30,33,33
2016,10,21,8,30,170,175
2016,10,21,9,30,250,271
2016,10,21,10,30,223,225
2016,10,21,11,30,157,160
2016,10,21,12,30,191,198
2016,10,21,13,30,225,306
2016,10,21,14,30,170,187
2016,10,21,15,30,52,223
2016,10,21,16,30,27,59
2016,10,21,17,30,0,0
2016,10,21,18,30,0,0
2016,10,21,19,30,0,0
2016,10,21,20,30,0,0
2016,10,21,21,30,0,0
2016,10,21,22,30,0,0
2016,10,21,23,30,0,0
2016,10,22,0,30,0,0
2016,10,22,1,30,0,0
2016,10,22,2,30,0,0
2016,10,22,3,30,0,0
2016,10,22,4,30,0,0
2016,10,22,5,30,0,0
2016,10,22,6,30,7,7
2016,10,22,7,30,35,35
2016,10,22,8,30,13,13
2016,10,22,9,30,40,40
2016,10,22,10,30,113,113
2016,10,22,11,30,149,151
2016,10,22,12,30,30,30
2016,10,22,13,30,88,88
2016,10,22,14,30,16,16
2016,10,22,15,30,70,71
2016,10,22,16,30,15,15
2016,10,22,17,30,0,0
2016,10,22,18,30,0,0
2016,10,22,19,30,0,0
2016,10,22,20,30,0,0
2016,10,22,21,30,0,0
2016,10,22,22,30,0,0
2016,10,22,23,30,0,0
2016,10,23,0,30,0,0
2016,10,23,1,30,0,0
2016,10,23,2,30,0,0
2016,10,23,3,30,0,0
2016,10,23,4,30,0,0
2016,10,23,5,30,0,0
2016,10,23,6,30,16,29
2016,10,23,7,30,45,194
2016,10,23,8,30,59,369
2016,10,23,9,30,65,514
2016,10,23,10,30,64,607
2016,10,23,11,30,66,645
2016,10,23,12,30,67,622
2016,10,23,13,30,66,537
2016,10,23,14,30,59,404
2016,10,23,15,30,48,233
2016,10,23,16,30,25,59
2016,10,23,17,30,0,0
2016,10,23,18,30,0,0
2016,10,23,19,30,0,0
2016,10,23,20,30,0,0
2016,10,23,21,30,0,0
2016,10,23,22,30,0,0
2016,10,23,23,30,0,0
2016,10,24,0,30,0,0
2016,10,24,1,30,0,0
2016,10,24,2,30,0,0
2016,10,24,3,30,0,0
2016,10,24,4,30,0,0
2016,10,24,5,30,0,0
2016,10,24,6,30,7,7
2016,10,24,7,30,50,180
2016,10,24,8,30,63,357
2016,10,24,9,30,69,504
2016,10,24,10,30,333,413
2016,10,24,11,30,321,360
2016,10,24,12,30,273,283
2016,10,24,13,30,118,119
2016,10,24,14,30,60,400
2016,10,24,15,30,48,230
2016,10,24,16,30,24,56
2016,10,24,17,30,0,0
2016,10,24,18,30,0,0
2016,10,24,19,30,0,0
2016,10,24,20,30,0,0
2016,10,24,21,30,0,0
2016,10,24,22,30,0,0
2016,10,24,23,30,0,0
2016,10,25,0,30,0,0
2016,10,25,1,30,0,0
2016,10,25,2,30,0,0
2016,10,25,3,30,0,0
2016,10,25,4,30,0,0
2016,10,25,5,30,0,0
2016,10,25,6,30,12,12
2016,10,25,7,30,45,185
2016,10,25,8,30,60,361
2016,10,25,9,30,69,505
2016,10,25,10,30,73,601
2016,10,25,11,30,342,472
2016,10,25,12,30,73,619
2016,10,25,13,30,295,336
2016,10,25,14,30,193,327
2016,10,25,15,30,49,226
2016,10,25,16,30,32,32
2016,10,25,17,30,0,0
2016,10,25,18,30,0,0
2016,10,25,19,30,0,0
2016,10,25,20,30,0,0
2016,10,25,21,30,0,0
2016,10,25,22,30,0,0
2016,10,25,23,30,0,0
2016,10,26,0,30,0,0
2016,10,26,1,30,0,0
2016,10,26,2,30,0,0
2016,10,26,3,30,0,0
2016,10,26,4,30,0,0
2016,10,26,5,30,0,0
2016,10,26,6,30,10,10
2016,10,26,7,30,110,138
2016,10,26,8,30,52,362
2016,10,26,9,30,59,506
2016,10,26,10,30,60,602
2016,10,26,11,30,62,645
2016,10,26,12,30,63,621
2016,10,26,13,30,63,538
2016,10,26,14,30,159,352
2016,10,26,15,30,125,139
2016,10,26,16,30,23,23
2016,10,26,17,30,0,0
2016,10,26,18,30,0,0
2016,10,26,19,30,0,0
2016,10,26,20,30,0,0
2016,10,26,21,30,0,0
2016,10,26,22,30,0,0
2016,10,26,23,30,0,0
2016,10,27,0,30,0,0
2016,10,27,1,30,0,0
2016,10,27,2,30,0,0
2016,10,27,3,30,0,0
2016,10,27,4,30,0,0
2016,10,27,5,30,0,0
2016,10,27,6,30,4,4
2016,10,27,7,30,27,27
2016,10,27,8,30,70,71
2016,10,27,9,30,136,138
2016,10,27,10,30,136,137
2016,10,27,11,30,21,21
2016,10,27,12,30,11,11
2016,10,27,13,30,51,51
2016,10,27,14,30,44,44
2016,10,27,15,30,32,32
2016,10,27,16,30,11,11
2016,10,27,17,30,0,0
2016,10,27,18,30,0,0
2016,10,27,19,30,0,0
2016,10,27,20,30,0,0
2016,10,27,21,30,0,0
2016,10,27,22,30,0,0
2016,10,27,23,30,0,0
2016,10,28,0,30,0,0
2016,10,28,1,30,0,0
2016,10,28,2,30,0,0
2016,10,28,3,30,0,0
2016,10,28,4,30,0,0
2016,10,28,5,30,0,0
2016,10,28,6,30,7,7
2016,10,28,7,30,54,162
2016,10,28,8,30,74,331
2016,10,28,9,30,229,407
2016,10,28,10,30,321,395
2016,10,28,11,30,224,225
2016,10,28,12,30,217,218
2016,10,28,13,30,279,314
2016,10,28,14,30,214,271
2016,10,28,15,30,46,209
2016,10,28,16,30,20,42
2016,10,28,17,30,0,0
2016,10,28,18,30,0,0
2016,10,28,19,30,0,0
2016,10,28,20,30,0,0
2016,10,28,21,30,0,0
2016,10,28,22,30,0,0
2016,10,28,23,30,0,0
2016,10,29,0,30,0,0
2016,10,29,1,30,0,0
2016,10,29,2,30,0,0
2016,10,29,3,30,0,0
2016,10,29,4,30,0,0
2016,10,29,5,30,0,0
2016,10,29,6,30,11,14
2016,10,29,7,30,95,97
2016,10,29,8,30,160,253
2016,10,29,9,30,215,354
2016,10,29,10,30,247,429
2016,10,29,11,30,161,474
2016,10,29,12,30,75,565
2016,10,29,13,30,187,377
2016,10,29,14,30,121,303
2016,10,29,15,30,106,119
2016,10,29,16,30,15,15
2016,10,29,17,30,0,0
2016,10,29,18,30,0,0
2016,10,29,19,30,0,0
2016,10,29,20,30,0,0
2016,10,29,21,30,0,0
2016,10,29,22,30,0,0
2016,10,29,23,30,0,0
2016,10,30,0,30,0,0
2016,10,30,1,30,0,0
2016,10,30,2,30,0,0
2016,10,30,3,30,0,0
2016,10,30,4,30,0,0
2016,10,30,5,30,0,0
2016,10,30,6,30,4,4
2016,10,30,7,30,56,140
2016,10,30,8,30,163,230
2016,10,30,9,30,210,344
2016,10,30,10,30,95,526
2016,10,30,11,30,99,560
2016,10,30,12,30,102,535
2016,10,30,13,30,116,447
2016,10,30,14,30,107,321
2016,10,30,15,30,78,78
2016,10,30,16,30,9,9
2016,10,30,17,30,0,0
2016,10,30,18,30,0,0
2016,10,30,19,30,0,0
2016,10,30,20,30,0,0
2016,10,30,21,30,0,0
2016,10,30,22,30,0,0
2016,10,30,23,30,0,0
2016,10,31,0,30,0,0
2016,10,31,1,30,0,0
2016,10,31,2,30,0,0
2016,10,31,3,30,0,0
2016,10,31,4,30,0,0
2016,10,31,5,30,0,0
2016,10,31,6,30,0,0
2016,10,31,7,30,42,161
2016,10,31,8,30,57,333
2016,10,31,9,30,64,476
2016,10,31,10,30,64,570
2016,10,31,11,30,66,608
2016,10,31,12,30,65,583
2016,10,31,13,30,59,500
2016,10,31,14,30,53,367
2016,10,31,15,30,42,199
2016,10,31,16,30,17,35
2016,10,31,17,30,0,0
2016,10,31,18,30,0,0
2016,10,31,19,30,0,0
2016,10,31,20,30,0,0
2016,10,31,21,30,0,0
2016,10,31,22,30,0,0
2016,10,31,23,30,0,0
2010,11,1,0,30,0,0
2010,11,1,1,30,0,0
2010,11,1,2,30,0,0
2010,11,1,3,30,0,0
2010,11,1,4,30,0,0
2010,11,1,5,30,0,0
2010,11,1,6,30,0,0
2010,11,1,7,30,35,161
2010,11,1,8,30,47,333
2010,11,1,9,30,55,475
2010,11,1,10,30,57,569
2010,11,1,11,30,59,606
2010,11,1,12,30,59,579
2010,11,1,13,30,55,496
2010,11,1,14,30,49,364
2010,11,1,15,30,39,197
2010,11,1,16,30,16,34
2010,11,1,17,30,0,0
2010,11,1,18,30,0,0
2010,11,1,19,30,0,0
2010,11,1,20,30,0,0
2010,11,1,21,30,0,0
2010,11,1,22,30,0,0
2010,11,1,23,30,0,0
2010,11,2,0,30,0,0
2010,11,2,1,30,0,0
2010,11,2,2,30,0,0
2010,11,2,3,30,0,0
2010,11,2,4,30,0,0
2010,11,2,5,30,0,0
2010,11,2,6,30,0,0
2010,11,2,7,30,36,157
2010,11,2,8,30,49,331
2010,11,2,9,30,57,473
2010,11,2,10,30,291,434
2010,11,2,11,30,334,413
2010,11,2,12,30,64,581
2010,11,2,13,30,59,498
2010,11,2,14,30,53,364
2010,11,2,15,30,41,196
2010,11,2,16,30,16,32
2010,11,2,17,30,0,0
2010,11,2,18,30,0,0
2010,11,2,19,30,0,0
2010,11,2,20,30,0,0
2010,11,2,21,30,0,0
2010,11,2,22,30,0,0
2010,11,2,23,30,0,0
2010,11,3,0,30,0,0
2010,11,3,1,30,0,0
2010,11,3,2,30,0,0
2010,11,3,3,30,0,0
2010,11,3,4,30,0,0
2010,11,3,5,30,0,0
2010,11,3,6,30,0,0
2010,11,3,7,30,40,150
2010,11,3,8,30,55,323
2010,11,3,9,30,64,462
2010,11,3,10,30,68,557
2010,11,3,11,30,71,593
2010,11,3,12,30,70,570
2010,11,3,13,30,67,487
2010,11,3,14,30,59,352
2010,11,3,15,30,45,186
2010,11,3,16,30,16,28
2010,11,3,17,30,0,0
2010,11,3,18,30,0,0
2010,11,3,19,30,0,0
2010,11,3,20,30,0,0
2010,11,3,21,30,0,0
2010,11,3,22,30,0,0
2010,11,3,23,30,0,0
2010,11,4,0,30,0,0
2010,11,4,1,30,0,0
2010,11,4,2,30,0,0
2010,11,4,3,30,0,0
2010,11,4,4,30,0,0
2010,11,4,5,30,0,0
2010,11,4,6,30,0,0
2010,11,4,7,30,7,7
2010,11,4,8,30,34,34
2010,11,4,9,30,54,54
2010,11,4,10,30,106,107
2010,11,4,11,30,64,64
2010,11,4,12,30,24,24
2010,11,4,13,30,79,79
2010,11,4,14,30,83,83
2010,11,4,15,30,48,48
2010,11,4,16,30,3,3
2010,11,4,17,30,0,0
2010,11,4,18,30,0,0
2010,11,4,19,30,0,0
2010,11,4,20,30,0,0
2010,11,4,21,30,0,0
2010,11,4,22,30,0,0
2010,11,4,23,30,0,0
2010,11,5,0,30,0,0
2010,11,5,1,30,0,0
2010,11,5,2,30,0,0
2010,11,5,3,30,0,0
2010,11,5,4,30,0,0
2010,11,5,5,30,0,0
2010,11,5,6,30,0,0
2010,11,5,7,30,40,40
2010,11,5,8,30,18,18
2010,11,5,9,30,109,110
2010,11,5,10,30,109,109
2010,11,5,11,30,263,275
2010,11,5,12,30,160,160
2010,11,5,13,30,140,140
2010,11,5,14,30,130,130
2010,11,5,15,30,75,75
2010,11,5,16,30,16,23
2010,11,5,17,30,0,0
2010,11,5,18,30,0,0
2010,11,5,19,30,0,0
2010,11,5,20,30,0,0
2010,11,5,21,30,0,0
2010,11,5,22,30,0,0
2010,11,5,23,30,0,0
2010,11,6,0,30,0,0
2010,11,6,1,30,0,0
2010,11,6,2,30,0,0
2010,11,6,3,30,0,0
2010,11,6,4,30,0,0
2010,11,6,5,30,0,0
2010,11,6,6,30,0,0
2010,11,6,7,30,84,91
2010,11,6,8,30,157,247
2010,11,6,9,30,64,447
2010,11,6,10,30,67,541
2010,11,6,11,30,283,454
2010,11,6,12,30,265,444
2010,11,6,13,30,239,367
2010,11,6,14,30,166,187
2010,11,6,15,30,73,75
2010,11,6,16,30,8,8
2010,11,6,17,30,0,0
2010,11,6,18,30,0,0
2010,11,6,19,30,0,0
2010,11,6,20,30,0,0
2010,11,6,21,30,0,0
2010,11,6,22,30,0,0
2010,11,6,23,30,0,0
2010,11,7,0,30,0,0
2010,11,7,1,30,0,0
2010,11,7,2,30,0,0
2010,11,7,3,30,0,0
2010,11,7,4,30,0,0
2010,11,7,5,30,0,0
2010,11,7,6,30,0,0
2010,11,7,7,30,68,68
2010,11,7,8,30,56,300
2010,11,7,9,30,66,442
2010,11,7,10,30,69,536
2010,11,7,11,30,70,573
2010,11,7,12,30,68,549
2010,11,7,13,30,63,468
2010,11,7,14,30,55,336
2010,11,7,15,30,41,171
2010,11,7,16,30,13,20
2010,11,7,17,30,0,0
2010,11,7,18,30,0,0
2010,11,7,19,30,0,0
2010,11,7,20,30,0,0
2010,11,7,21,30,0,0
2010,11,7,22,30,0,0
2010,11,7,23,30,0,0
2010,11,8,0,30,0,0
2010,11,8,1,30,0,0
2010,11,8,2,30,0,0
2010,11,8,3,30,0,0
2010,11,8,4,30,0,0
2010,11,8,5,30,0,0
2010,11,8,6,30,0,0
2010,11,8,7,30,17,17
2010,11,8,8,30,114,119
2010,11,8,9,30,45,45
2010,11,8,10,30,121,122
2010,11,8,11,30,257,311
2010,11,8,12,30,249,266
2010,11,8,13,30,206,214
2010,11,8,14,30,141,143
2010,11,8,15,30,56,56
2010,11,8,16,30,7,7
2010,11,8,17,30,0,0
2010,11,8,18,30,0,0
2010,11,8,19,30,0,0
2010,11,8,20,30,0,0
2010,11,8,21,30,0,0
2010,11,8,22,30,0,0
2010,11,8,23,30,0,0
2010,11,9,0,30,0,0
2010,11,9,1,30,0,0
2010,11,9,2,30,0,0
2010,11,9,3,30,0,0
2010,11,9,4,30,0,0
2010,11,9,5,30,0,0
2010,11,9,6,30,0,0
2010,11,9,7,30,35,124
2010,11,9,8,30,51,286
2010,11,9,9,30,60,426
2010,11,9,10,30,64,518
2010,11,9,11,30,203,414
2010,11,9,12,30,65,531
2010,11,9,13,30,60,449
2010,11,9,14,30,54,320
2010,11,9,15,30,41,159
2010,11,9,16,30,6,6
2010,11,9,17,30,0,0
2010,11,9,18,30,0,0
2010,11,9,19,30,0,0
2010,11,9,20,30,0,0
2010,11,9,21,30,0,0
2010,11,9,22,30,0,0
2010,11,9,23,30,0,0
2010,11,10,0,30,0,0
2010,11,10,1,30,0,0
2010,11,10,2,30,0,0
2010,11,10,3,30,0,0
2010,11,10,4,30,0,0
2010,11,10,5,30,0,0
2010,11,10,6,30,0,0
2010,11,10,7,30,26,26
2010,11,10,8,30,31,31
2010,11,10,9,30,42,42
2010,11,10,10,30,217,285
2010,11,10,11,30,169,169
2010,11,10,12,30,179,419
2010,11,10,13,30,64,431
2010,11,10,14,30,55,310
2010,11,10,15,30,84,88
2010,11,10,16,30,11,15
2010,11,10,17,30,0,0
2010,11,10,18,30,0,0
2010,11,10,19,30,0,0
2010,11,10,20,30,0,0
2010,11,10,21,30,0,0
2010,11,10,22,30,0,0
2010,11,10,23,30,0,0
2010,11,11,0,30,0,0
2010,11,11,1,30,0,0
2010,11,11,2,30,0,0
2010,11,11,3,30,0,0
2010,11,11,4,30,0,0
2010,11,11,5,30,0,0
2010,11,11,6,30,0,0
2010,11,11,7,30,35,124
2010,11,11,8,30,51,291
2010,11,11,9,30,58,435
2010,11,11,10,30,60,529
2010,11,11,11,30,61,565
2010,11,11,12,30,62,547
2010,11,11,13,30,58,465
2010,11,11,14,30,51,332
2010,11,11,15,30,38,166
2010,11,11,16,30,11,15
2010,11,11,17,30,0,0
2010,11,11,18,30,0,0
2010,11,11,19,30,0,0
2010,11,11,20,30,0,0
2010,11,11,21,30,0,0
2010,11,11,22,30,0,0
2010,11,11,23,30,0,0
2010,11,12,0,30,0,0
2010,11,12,1,30,0,0
2010,11,12,2,30,0,0
2010,11,12,3,30,0,0
2010,11,12,4,30,0,0
2010,11,12,5,30,0,0
2010,11,12,6,30,0,0
2010,11,12,7,30,31,120
2010,11,12,8,30,45,286
2010,11,12,9,30,53,425
2010,11,12,10,30,56,518
2010,11,12,11,30,59,553
2010,11,12,12,30,60,530
2010,11,12,13,30,57,447
2010,11,12,14,30,51,318
2010,11,12,15,30,38,155
2010,11,12,16,30,0,0
2010,11,12,17,30,0,0
2010,11,12,18,30,0,0
2010,11,12,19,30,0,0
2010,11,12,20,30,0,0
2010,11,12,21,30,0,0
2010,11,12,22,30,0,0
2010,11,12,23,30,0,0
2010,11,13,0,30,0,0
2010,11,13,1,30,0,0
2010,11,13,2,30,0,0
2010,11,13,3,30,0,0
2010,11,13,4,30,0,0
2010,11,13,5,30,0,0
2010,11,13,6,30,0,0
2010,11,13,7,30,31,115
2010,11,13,8,30,45,279
2010,11,13,9,30,51,418
2010,11,13,10,30,55,511
2010,11,13,11,30,57,548
2010,11,13,12,30,56,525
2010,11,13,13,30,52,442
2010,11,13,14,30,46,313
2010,11,13,15,30,35,153
2010,11,13,16,30,0,0
2010,11,13,17,30,0,0
2010,11,13,18,30,0,0
2010,11,13,19,30,0,0
2010,11,13,20,30,0,0
2010,11,13,21,30,0,0
2010,11,13,22,30,0,0
2010,11,13,23,30,0,0
2010,11,14,0,30,0,0
2010,11,14,1,30,0,0
2010,11,14,2,30,0,0
2010,11,14,3,30,0,0
2010,11,14,4,30,0,0
2010,11,14,5,30,0,0
2010,11,14,6,30,0,0
2010,11,14,7,30,34,108
2010,11,14,8,30,51,271
2010,11,14,9,30,141,360
2010,11,14,10,30,273,370
2010,11,14,11,30,185,452
2010,11,14,12,30,173,431
2010,11,14,13,30,167,357
2010,11,14,14,30,118,280
2010,11,14,15,30,38,149
2010,11,14,16,30,0,0
2010,11,14,17,30,0,0
2010,11,14,18,30,0,0
2010,11,14,19,30,0,0
2010,11,14,20,30,0,0
2010,11,14,21,30,0,0
2010,11,14,22,30,0,0
2010,11,14,23,30,0,0
2010,11,15,0,30,0,0
2010,11,15,1,30,0,0
2010,11,15,2,30,0,0
2010,11,15,3,30,0,0
2010,11,15,4,30,0,0
2010,11,15,5,30,0,0
2010,11,15,6,30,0,0
2010,11,15,7,30,33,34
2010,11,15,8,30,143,167
2010,11,15,9,30,220,235
2010,11,15,10,30,145,145
2010,11,15,11,30,212,229
2010,11,15,12,30,145,145
2010,11,15,13,30,122,122
2010,11,15,14,30,178,195
2010,11,15,15,30,82,83
2010,11,15,16,30,0,0
2010,11,15,17,30,0,0
2010,11,15,18,30,0,0
2010,11,15,19,30,0,0
2010,11,15,20,30,0,0
2010,11,15,21,30,0,0
2010,11,15,22,30,0,0
2010,11,15,23,30,0,0
2010,11,16,0,30,0,0
2010,11,16,1,30,0,0
2010,11,16,2,30,0,0
2010,11,16,3,30,0,0
2010,11,16,4,30,0,0
2010,11,16,5,30,0,0
2010,11,16,6,30,0,0
2010,11,16,7,30,15,15
2010,11,16,8,30,33,33
2010,11,16,9,30,77,78
2010,11,16,10,30,218,236
2010,11,16,11,30,221,225
2010,11,16,12,30,181,189
2010,11,16,13,30,116,116
2010,11,16,14,30,139,149
2010,11,16,15,30,46,46
2010,11,16,16,30,0,0
2010,11,16,17,30,0,0
2010,11,16,18,30,0,0
2010,11,16,19,30,0,0
2010,11,16,20,30,0,0
2010,11,16,21,30,0,0
2010,11,16,22,30,0,0
2010,11,16,23,30,0,0
2010,11,17,0,30,0,0
2010,11,17,1,30,0,0
2010,11,17,2,30,0,0
2010,11,17,3,30,0,0
2010,11,17,4,30,0,0
2010,11,17,5,30,0,0
2010,11,17,6,30,0,0
2010,11,17,7,30,35,91
2010,11,17,8,30,56,246
2010,11,17,9,30,63,382
2010,11,17,10,30,217,228
2010,11,17,11,30,268,290
2010,11,17,12,30,77,493
2010,11,17,13,30,136,136
2010,11,17,14,30,63,290
2010,11,17,15,30,43,136
2010,11,17,16,30,0,0
2010,11,17,17,30,0,0
2010,11,17,18,30,0,0
2010,11,17,19,30,0,0
2010,11,17,20,30,0,0
2010,11,17,21,30,0,0
2010,11,17,22,30,0,0
2010,11,17,23,30,0,0
2010,11,18,0,30,0,0
2010,11,18,1,30,0,0
2010,11,18,2,30,0,0
2010,11,18,3,30,0,0
2010,11,18,4,30,0,0
2010,11,18,5,30,0,0
2010,11,18,6,30,0,0
2010,11,18,7,30,32,95
2010,11,18,8,30,121,197
2010,11,18,9,30,168,304
2010,11,18,10,30,198,354
2010,11,18,11,30,163,428
2010,11,18,12,30,212,391
2010,11,18,13,30,142,352
2010,11,18,14,30,142,225
2010,11,18,15,30,14,14
2010,11,18,16,30,0,0
2010,11,18,17,30,0,0
2010,11,18,18,30,0,0
2010,11,18,19,30,0,0
2010,11,18,20,30,0,0
2010,11,18,21,30,0,0
2010,11,18,22,30,0,0
2010,11,18,23,30,0,0
2010,11,19,0,30,0,0
2010,11,19,1,30,0,0
2010,11,19,2,30,0,0
2010,11,19,3,30,0,0
2010,11,19,4,30,0,0
2010,11,19,5,30,0,0
2010,11,19,6,30,0,0
2010,11,19,7,30,32,93
2010,11,19,8,30,50,253
2010,11,19,9,30,204,305
2010,11,19,10,30,219,336
2010,11,19,11,30,283,316
2010,11,19,12,30,280,321
2010,11,19,13,30,202,210
2010,11,19,14,30,160,166
2010,11,19,15,30,37,136
2010,11,19,16,30,0,0
2010,11,19,17,30,0,0
2010,11,19,18,30,0,0
2010,11,19,19,30,0,0
2010,11,19,20,30,0,0
2010,11,19,21,30,0,0
2010,11,19,22,30,0,0
2010,11,19,23,30,0,0
2010,11,20,0,30,0,0
2010,11,20,1,30,0,0
2010,11,20,2,30,0,0
2010,11,20,3,30,0,0
2010,11,20,4,30,0,0
2010,11,20,5,30,0,0
2010,11,20,6,30,0,0
2010,11,20,7,30,42,43
2010,11,20,8,30,120,131
2010,11,20,9,30,215,284
2010,11,20,10,30,262,343
2010,11,20,11,30,232,365
2010,11,20,12,30,186,400
2010,11,20,13,30,221,320
2010,11,20,14,30,155,194
2010,11,20,15,30,79,95
2010,11,20,16,30,0,0
2010,11,20,17,30,0,0
2010,11,20,18,30,0,0
2010,11,20,19,30,0,0
2010,11,20,20,30,0,0
2010,11,20,21,30,0,0
2010,11,20,22,30,0,0
2010,11,20,23,30,0,0
2010,11,21,0,30,0,0
2010,11,21,1,30,0,0
2010,11,21,2,30,0,0
2010,11,21,3,30,0,0
2010,11,21,4,30,0,0
2010,11,21,5,30,0,0
2010,11,21,6,30,0,0
2010,11,21,7,30,31,86
2010,11,21,8,30,126,129
2010,11,21,9,30,60,381
2010,11,21,10,30,62,471
2010,11,21,11,30,66,509
2010,11,21,12,30,66,486
2010,11,21,13,30,62,409
2010,11,21,14,30,54,284
2010,11,21,15,30,38,129
2010,11,21,16,30,0,0
2010,11,21,17,30,0,0
2010,11,21,18,30,0,0
2010,11,21,19,30,0,0
2010,11,21,20,30,0,0
2010,11,21,21,30,0,0
2010,11,21,22,30,0,0
2010,11,21,23,30,0,0
2010,11,22,0,30,0,0
2010,11,22,1,30,0,0
2010,11,22,2,30,0,0
2010,11,22,3,30,0,0
2010,11,22,4,30,0,0
2010,11,22,5,30,0,0
2010,11,22,6,30,0,0
2010,11,22,7,30,11,11
2010,11,22,8,30,32,32
2010,11,22,9,30,118,118
2010,11,22,10,30,221,231
2010,11,22,11,30,279,329
2010,11,22,12,30,269,319
2010,11,22,13,30,83,382
2010,11,22,14,30,68,263
2010,11,22,15,30,45,117
2010,11,22,16,30,0,0
2010,11,22,17,30,0,0
2010,11,22,18,30,0,0
2010,11,22,19,30,0,0
2010,11,22,20,30,0,0
2010,11,22,21,30,0,0
2010,11,22,22,30,0,0
2010,11,22,23,30,0,0
2010,11,23,0,30,0,0
2010,11,23,1,30,0,0
2010,11,23,2,30,0,0
2010,11,23,3,30,0,0
2010,11,23,4,30,0,0
2010,11,23,5,30,0,0
2010,11,23,6,30,0,0
2010,11,23,7,30,32,73
2010,11,23,8,30,55,223
2010,11,23,9,30,139,316
2010,11,23,10,30,175,376
2010,11,23,11,30,233,340
2010,11,23,12,30,154,159
2010,11,23,13,30,134,138
2010,11,23,14,30,140,151
2010,11,23,15,30,53,53
2010,11,23,16,30,0,0
2010,11,23,17,30,0,0
2010,11,23,18,30,0,0
2010,11,23,19,30,0,0
2010,11,23,20,30,0,0
2010,11,23,21,30,0,0
2010,11,23,22,30,0,0
2010,11,23,23,30,0,0
2010,11,24,0,30,0,0
2010,11,24,1,30,0,0
2010,11,24,2,30,0,0
2010,11,24,3,30,0,0
2010,11,24,4,30,0,0
2010,11,24,5,30,0,0
2010,11,24,6,30,0,0
2010,11,24,7,30,49,49
2010,11,24,8,30,144,156
2010,11,24,9,30,60,377
2010,11,24,10,30,59,472
2010,11,24,11,30,57,511
2010,11,24,12,30,56,495
2010,11,24,13,30,52,417
2010,11,24,14,30,47,290
2010,11,24,15,30,78,80
2010,11,24,16,30,0,0
2010,11,24,17,30,0,0
2010,11,24,18,30,0,0
2010,11,24,19,30,0,0
2010,11,24,20,30,0,0
2010,11,24,21,30,0,0
2010,11,24,22,30,0,0
2010,11,24,23,30,0,0
2010,11,25,0,30,0,0
2010,11,25,1,30,0,0
2010,11,25,2,30,0,0
2010,11,25,3,30,0,0
2010,11,25,4,30,0,0
2010,11,25,5,30,0,0
2010,11,25,6,30,0,0
2010,11,25,7,30,38,38
2010,11,25,8,30,85,87
2010,11,25,9,30,140,145
2010,11,25,10,30,185,188
2010,11,25,11,30,270,306
2010,11,25,12,30,164,164
2010,11,25,13,30,144,151
2010,11,25,14,30,70,71
2010,11,25,15,30,67,69
2010,11,25,16,30,0,0
2010,11,25,17,30,0,0
2010,11,25,18,30,0,0
2010,11,25,19,30,0,0
2010,11,25,20,30,0,0
2010,11,25,21,30,0,0
2010,11,25,22,30,0,0
2010,11,25,23,30,0,0
2010,11,26,0,30,0,0
2010,11,26,1,30,0,0
2010,11,26,2,30,0,0
2010,11,26,3,30,0,0
2010,11,26,4,30,0,0
2010,11,26,5,30,0,0
2010,11,26,6,30,0,0
2010,11,26,7,30,4,4
2010,11,26,8,30,6,6
2010,11,26,9,30,127,133
2010,11,26,10,30,97,97
2010,11,26,11,30,100,100
2010,11,26,12,30,66,66
2010,11,26,13,30,54,54
2010,11,26,14,30,129,136
2010,11,26,15,30,65,66
2010,11,26,16,30,0,0
2010,11,26,17,30,0,0
2010,11,26,18,30,0,0
2010,11,26,19,30,0,0
2010,11,26,20,30,0,0
2010,11,26,21,30,0,0
2010,11,26,22,30,0,0
2010,11,26,23,30,0,0
2010,11,27,0,30,0,0
2010,11,27,1,30,0,0
2010,11,27,2,30,0,0
2010,11,27,3,30,0,0
2010,11,27,4,30,0,0
2010,11,27,5,30,0,0
2010,11,27,6,30,0,0
2010,11,27,7,30,26,69
2010,11,27,8,30,48,224
2010,11,27,9,30,61,361
2010,11,27,10,30,67,455
2010,11,27,11,30,69,495
2010,11,27,12,30,270,310
2010,11,27,13,30,165,167
2010,11,27,14,30,54,274
2010,11,27,15,30,80,87
2010,11,27,16,30,0,0
2010,11,27,17,30,0,0
2010,11,27,18,30,0,0
2010,11,27,19,30,0,0
2010,11,27,20,30,0,0
2010,11,27,21,30,0,0
2010,11,27,22,30,0,0
2010,11,27,23,30,0,0
2010,11,28,0,30,0,0
2010,11,28,1,30,0,0
2010,11,28,2,30,0,0
2010,11,28,3,30,0,0
2010,11,28,4,30,0,0
2010,11,28,5,30,0,0
2010,11,28,6,30,0,0
2010,11,28,7,30,23,68
2010,11,28,8,30,40,223
2010,11,28,9,30,48,360
2010,11,28,10,30,51,454
2010,11,28,11,30,54,490
2010,11,28,12,30,54,472
2010,11,28,13,30,52,397
2010,11,28,14,30,47,272
2010,11,28,15,30,33,120
2010,11,28,16,30,0,0
2010,11,28,17,30,0,0
2010,11,28,18,30,0,0
2010,11,28,19,30,0,0
2010,11,28,20,30,0,0
2010,11,28,21,30,0,0
2010,11,28,22,30,0,0
2010,11,28,23,30,0,0
2010,11,29,0,30,0,0
2010,11,29,1,30,0,0
2010,11,29,2,30,0,0
2010,11,29,3,30,0,0
2010,11,29,4,30,0,0
2010,11,29,5,30,0,0
2010,11,29,6,30,0,0
2010,11,29,7,30,39,39
2010,11,29,8,30,47,213
2010,11,29,9,30,59,349
2010,11,29,10,30,63,443
2010,11,29,11,30,66,483
2010,11,29,12,30,66,464
2010,11,29,13,30,62,390
2010,11,29,14,30,53,268
2010,11,29,15,30,37,117
2010,11,29,16,30,0,0
2010,11,29,17,30,0,0
2010,11,29,18,30,0,0
2010,11,29,19,30,0,0
2010,11,29,20,30,0,0
2010,11,29,21,30,0,0
2010,11,29,22,30,0,0
2010,11,29,23,30,0,0
2010,11,30,0,30,0,0
2010,11,30,1,30,0,0
2010,11,30,2,30,0,0
2010,11,30,3,30,0,0
2010,11,30,4,30,0,0
2010,11,30,5,30,0,0
2010,11,30,6,30,0,0
2010,11,30,7,30,30,30
2010,11,30,8,30,77,78
2010,11,30,9,30,167,187
2010,11,30,10,30,163,171
2010,11,30,11,30,174,184
2010,11,30,12,30,179,192
2010,11,30,13,30,72,73
2010,11,30,14,30,69,70
2010,11,30,15,30,35,35
2010,11,30,16,30,0,0
2010,11,30,17,30,0,0
2010,11,30,18,30,0,0
2010,11,30,19,30,0,0
2010,11,30,20,30,0,0
2010,11,30,21,30,0,0
2010,11,30,22,30,0,0
2010,11,30,23,30,0,0
2016,12,1,0,30,0,0
2016,12,1,1,30,0,0
2016,12,1,2,30,0,0
2016,12,1,3,30,0,0
2016,12,1,4,30,0,0
2016,12,1,5,30,0,0
2016,12,1,6,30,0,0
2016,12,1,7,30,24,56
2016,12,1,8,30,47,205
2016,12,1,9,30,58,341
2016,12,1,10,30,62,435
2016,12,1,11,30,63,473
2016,12,1,12,30,63,456
2016,12,1,13,30,175,180
2016,12,1,14,30,126,128
2016,12,1,15,30,15,15
2016,12,1,16,30,0,0
2016,12,1,17,30,0,0
2016,12,1,18,30,0,0
2016,12,1,19,30,0,0
2016,12,1,20,30,0,0
2016,12,1,21,30,0,0
2016,12,1,22,30,0,0
2016,12,1,23,30,0,0
2016,12,2,0,30,0,0
2016,12,2,1,30,0,0
2016,12,2,2,30,0,0
2016,12,2,3,30,0,0
2016,12,2,4,30,0,0
2016,12,2,5,30,0,0
2016,12,2,6,30,0,0
2016,12,2,7,30,32,32
2016,12,2,8,30,50,200
2016,12,2,9,30,62,335
2016,12,2,10,30,66,430
2016,12,2,11,30,68,471
2016,12,2,12,30,68,454
2016,12,2,13,30,137,138
2016,12,2,14,30,107,108
2016,12,2,15,30,73,75
2016,12,2,16,30,0,0
2016,12,2,17,30,0,0
2016,12,2,18,30,0,0
2016,12,2,19,30,0,0
2016,12,2,20,30,0,0
2016,12,2,21,30,0,0
2016,12,2,22,30,0,0
2016,12,2,23,30,0,0
2016,12,3,0,30,0,0
2016,12,3,1,30,0,0
2016,12,3,2,30,0,0
2016,12,3,3,30,0,0
2016,12,3,4,30,0,0
2016,12,3,5,30,0,0
2016,12,3,6,30,0,0
2016,12,3,7,30,22,52
2016,12,3,8,30,43,201
2016,12,3,9,30,53,337
2016,12,3,10,30,56,431
2016,12,3,11,30,59,470
2016,12,3,12,30,59,453
2016,12,3,13,30,219,244
2016,12,3,14,30,135,214
2016,12,3,15,30,34,114
2016,12,3,16,30,0,0
2016,12,3,17,30,0,0
2016,12,3,18,30,0,0
2016,12,3,19,30,0,0
2016,12,3,20,30,0,0
2016,12,3,21,30,0,0
2016,12,3,22,30,0,0
2016,12,3,23,30,0,0
2016,12,4,0,30,0,0
2016,12,4,1,30,0,0
2016,12,4,2,30,0,0
2016,12,4,3,30,0,0
2016,12,4,4,30,0,0
2016,12,4,5,30,0,0
2016,12,4,6,30,0,0
2016,12,4,7,30,31,31
2016,12,4,8,30,42,203
2016,12,4,9,30,51,341
2016,12,4,10,30,149,389
2016,12,4,11,30,56,479
2016,12,4,12,30,56,462
2016,12,4,13,30,54,390
2016,12,4,14,30,93,243
2016,12,4,15,30,75,83
2016,12,4,16,30,0,0
2016,12,4,17,30,0,0
2016,12,4,18,30,0,0
2016,12,4,19,30,0,0
2016,12,4,20,30,0,0
2016,12,4,21,30,0,0
2016,12,4,22,30,0,0
2016,12,4,23,30,0,0
2016,12,5,0,30,0,0
2016,12,5,1,30,0,0
2016,12,5,2,30,0,0
2016,12,5,3,30,0,0
2016,12,5,4,30,0,0
2016,12,5,5,30,0,0
2016,12,5,6,30,0,0
2016,12,5,7,30,18,18
2016,12,5,8,30,72,72
2016,12,5,9,30,61,61
2016,12,5,10,30,144,145
2016,12,5,11,30,262,291
2016,12,5,12,30,80,442
2016,12,5,13,30,68,374
2016,12,5,14,30,57,258
2016,12,5,15,30,38,111
2016,12,5,16,30,0,0
2016,12,5,17,30,0,0
2016,12,5,18,30,0,0
2016,12,5,19,30,0,0
2016,12,5,20,30,0,0
2016,12,5,21,30,0,0
2016,12,5,22,30,0,0
2016,12,5,23,30,0,0
2016,12,6,0,30,0,0
2016,12,6,1,30,0,0
2016,12,6,2,30,0,0
2016,12,6,3,30,0,0
2016,12,6,4,30,0,0
2016,12,6,5,30,0,0
2016,12,6,6,30,0,0
2016,12,6,7,30,25,25
2016,12,6,8,30,109,120
2016,12,6,9,30,175,228
2016,12,6,10,30,249,295
2016,12,6,11,30,222,254
2016,12,6,12,30,230,301
2016,12,6,13,30,182,202
2016,12,6,14,30,51,51
2016,12,6,15,30,17,17
2016,12,6,16,30,0,0
2016,12,6,17,30,0,0
2016,12,6,18,30,0,0
2016,12,6,19,30,0,0
2016,12,6,20,30,0,0
2016,12,6,21,30,0,0
2016,12,6,22,30,0,0
2016,12,6,23,30,0,0
2016,12,7,0,30,0,0
2016,12,7,1,30,0,0
2016,12,7,2,30,0,0
2016,12,7,3,30,0,0
2016,12,7,4,30,0,0
2016,12,7,5,30,0,0
2016,12,7,6,30,0,0
2016,12,7,7,30,11,11
2016,12,7,8,30,28,28
2016,12,7,9,30,72,72
2016,12,7,10,30,59,59
2016,12,7,11,30,128,129
2016,12,7,12,30,79,79
2016,12,7,13,30,78,78
2016,12,7,14,30,33,33
2016,12,7,15,30,24,24
2016,12,7,16,30,0,0
2016,12,7,17,30,0,0
2016,12,7,18,30,0,0
2016,12,7,19,30,0,0
2016,12,7,20,30,0,0
2016,12,7,21,30,0,0
2016,12,7,22,30,0,0
2016,12,7,23,30,0,0
2016,12,8,0,30,0,0
2016,12,8,1,30,0,0
2016,12,8,2,30,0,0
2016,12,8,3,30,0,0
2016,12,8,4,30,0,0
2016,12,8,5,30,0,0
2016,12,8,6,30,0,0
2016,12,8,7,30,19,19
2016,12,8,8,30,90,93
2016,12,8,9,30,153,167
2016,12,8,10,30,205,234
2016,12,8,11,30,199,220
2016,12,8,12,30,199,219
2016,12,8,13,30,139,144
2016,12,8,14,30,102,106
2016,12,8,15,30,65,67
2016,12,8,16,30,0,0
2016,12,8,17,30,0,0
2016,12,8,18,30,0,0
2016,12,8,19,30,0,0
2016,12,8,20,30,0,0
2016,12,8,21,30,0,0
2016,12,8,22,30,0,0
2016,12,8,23,30,0,0
2016,12,9,0,30,0,0
2016,12,9,1,30,0,0
2016,12,9,2,30,0,0
2016,12,9,3,30,0,0
2016,12,9,4,30,0,0
2016,12,9,5,30,0,0
2016,12,9,6,30,0,0
2016,12,9,7,30,24,24
2016,12,9,8,30,109,146
2016,12,9,9,30,59,324
2016,12,9,10,30,219,231
2016,12,9,11,30,236,365
2016,12,9,12,30,243,262
2016,12,9,13,30,210,285
2016,12,9,14,30,153,192
2016,12,9,15,30,64,65
2016,12,9,16,30,0,0
2016,12,9,17,30,0,0
2016,12,9,18,30,0,0
2016,12,9,19,30,0,0
2016,12,9,20,30,0,0
2016,12,9,21,30,0,0
2016,12,9,22,30,0,0
2016,12,9,23,30,0,0
2016,12,10,0,30,0,0
2016,12,10,1,30,0,0
2016,12,10,2,30,0,0
2016,12,10,3,30,0,0
2016,12,10,4,30,0,0
2016,12,10,5,30,0,0
2016,12,10,6,30,0,0
2016,12,10,7,30,19,19
2016,12,10,8,30,110,141
2016,12,10,9,30,148,259
2016,12,10,10,30,167,363
2016,12,10,11,30,72,462
2016,12,10,12,30,259,316
2016,12,10,13,30,206,260
2016,12,10,14,30,123,131
2016,12,10,15,30,41,41
2016,12,10,16,30,0,0
2016,12,10,17,30,0,0
2016,12,10,18,30,0,0
2016,12,10,19,30,0,0
2016,12,10,20,30,0,0
2016,12,10,21,30,0,0
2016,12,10,22,30,0,0
2016,12,10,23,30,0,0
2016,12,11,0,30,0,0
2016,12,11,1,30,0,0
2016,12,11,2,30,0,0
2016,12,11,3,30,0,0
2016,12,11,4,30,0,0
2016,12,11,5,30,0,0
2016,12,11,6,30,0,0
2016,12,11,7,30,20,20
2016,12,11,8,30,82,85
2016,12,11,9,30,63,313
2016,12,11,10,30,202,225
2016,12,11,11,30,248,336
2016,12,11,12,30,215,329
2016,12,11,13,30,167,180
2016,12,11,14,30,58,59
2016,12,11,15,30,29,29
2016,12,11,16,30,0,0
2016,12,11,17,30,0,0
2016,12,11,18,30,0,0
2016,12,11,19,30,0,0
2016,12,11,20,30,0,0
2016,12,11,21,30,0,0
2016,12,11,22,30,0,0
2016,12,11,23,30,0,0
2016,12,12,0,30,0,0
2016,12,12,1,30,0,0
2016,12,12,2,30,0,0
2016,12,12,3,30,0,0
2016,12,12,4,30,0,0
2016,12,12,5,30,0,0
2016,12,12,6,30,0,0
2016,12,12,7,30,6,6
2016,12,12,8,30,30,30
2016,12,12,9,30,61,61
2016,12,12,10,30,63,63
2016,12,12,11,30,105,106
2016,12,12,12,30,130,133
2016,12,12,13,30,102,103
2016,12,12,14,30,72,73
2016,12,12,15,30,66,69
2016,12,12,16,30,0,0
2016,12,12,17,30,0,0
2016,12,12,18,30,0,0
2016,12,12,19,30,0,0
2016,12,12,20,30,0,0
2016,12,12,21,30,0,0
2016,12,12,22,30,0,0
2016,12,12,23,30,0,0
2016,12,13,0,30,0,0
2016,12,13,1,30,0,0
2016,12,13,2,30,0,0
2016,12,13,3,30,0,0
2016,12,13,4,30,0,0
2016,12,13,5,30,0,0
2016,12,13,6,30,0,0
2016,12,13,7,30,21,21
2016,12,13,8,30,102,109
2016,12,13,9,30,57,319
2016,12,13,10,30,226,322
2016,12,13,11,30,255,342
2016,12,13,12,30,181,376
2016,12,13,13,30,69,369
2016,12,13,14,30,58,255
2016,12,13,15,30,64,64
2016,12,13,16,30,0,0
2016,12,13,17,30,0,0
2016,12,13,18,30,0,0
2016,12,13,19,30,0,0
2016,12,13,20,30,0,0
2016,12,13,21,30,0,0
2016,12,13,22,30,0,0
2016,12,13,23,30,0,0
2016,12,14,0,30,0,0
2016,12,14,1,30,0,0
2016,12,14,2,30,0,0
2016,12,14,3,30,0,0
2016,12,14,4,30,0,0
2016,12,14,5,30,0,0
2016,12,14,6,30,0,0
2016,12,14,7,30,16,16
2016,12,14,8,30,107,131
2016,12,14,9,30,59,310
2016,12,14,10,30,63,410
2016,12,14,11,30,66,456
2016,12,14,12,30,65,448
2016,12,14,13,30,62,380
2016,12,14,14,30,129,227
2016,12,14,15,30,76,81
2016,12,14,16,30,0,0
2016,12,14,17,30,0,0
2016,12,14,18,30,0,0
2016,12,14,19,30,0,0
2016,12,14,20,30,0,0
2016,12,14,21,30,0,0
2016,12,14,22,30,0,0
2016,12,14,23,30,0,0
2016,12,15,0,30,0,0
2016,12,15,1,30,0,0
2016,12,15,2,30,0,0
2016,12,15,3,30,0,0
2016,12,15,4,30,0,0
2016,12,15,5,30,0,0
2016,12,15,6,30,0,0
2016,12,15,7,30,16,16
2016,12,15,8,30,111,129
2016,12,15,9,30,42,42
2016,12,15,10,30,228,267
2016,12,15,11,30,276,353
2016,12,15,12,30,217,335
2016,12,15,13,30,209,290
2016,12,15,14,30,117,122
2016,12,15,15,30,76,77
2016,12,15,16,30,0,0
2016,12,15,17,30,0,0
2016,12,15,18,30,0,0
2016,12,15,19,30,0,0
2016,12,15,20,30,0,0
2016,12,15,21,30,0,0
2016,12,15,22,30,0,0
2016,12,15,23,30,0,0
2016,12,16,0,30,0,0
2016,12,16,1,30,0,0
2016,12,16,2,30,0,0
2016,12,16,3,30,0,0
2016,12,16,4,30,0,0
2016,12,16,5,30,0,0
2016,12,16,6,30,0,0
2016,12,16,7,30,15,15
2016,12,16,8,30,108,134
2016,12,16,9,30,166,227
2016,12,16,10,30,213,303
2016,12,16,11,30,267,331
2016,12,16,12,30,65,452
2016,12,16,13,30,62,383
2016,12,16,14,30,128,235
2016,12,16,15,30,77,83
2016,12,16,16,30,0,0
2016,12,16,17,30,0,0
2016,12,16,18,30,0,0
2016,12,16,19,30,0,0
2016,12,16,20,30,0,0
2016,12,16,21,30,0,0
2016,12,16,22,30,0,0
2016,12,16,23,30,0,0
2016,12,17,0,30,0,0
2016,12,17,1,30,0,0
2016,12,17,2,30,0,0
2016,12,17,3,30,0,0
2016,12,17,4,30,0,0
2016,12,17,5,30,0,0
2016,12,17,6,30,0,0
2016,12,17,7,30,8,8
2016,12,17,8,30,26,26
2016,12,17,9,30,53,53
2016,12,17,10,30,19,19
2016,12,17,11,30,66,66
2016,12,17,12,30,166,169
2016,12,17,13,30,89,89
2016,12,17,14,30,60,60
2016,12,17,15,30,22,22
2016,12,17,16,30,0,0
2016,12,17,17,30,0,0
2016,12,17,18,30,0,0
2016,12,17,19,30,0,0
2016,12,17,20,30,0,0
2016,12,17,21,30,0,0
2016,12,17,22,30,0,0
2016,12,17,23,30,0,0
2016,12,18,0,30,0,0
2016,12,18,1,30,0,0
2016,12,18,2,30,0,0
2016,12,18,3,30,0,0
2016,12,18,4,30,0,0
2016,12,18,5,30,0,0
2016,12,18,6,30,0,0
2016,12,18,7,30,6,6
2016,12,18,8,30,14,14
2016,12,18,9,30,17,17
2016,12,18,10,30,171,253
2016,12,18,11,30,90,91
2016,12,18,12,30,124,127
2016,12,18,13,30,28,28
2016,12,18,14,30,60,61
2016,12,18,15,30,15,15
2016,12,18,16,30,0,0
2016,12,18,17,30,0,0
2016,12,18,18,30,0,0
2016,12,18,19,30,0,0
2016,12,18,20,30,0,0
2016,12,18,21,30,0,0
2016,12,18,22,30,0,0
2016,12,18,23,30,0,0
2016,12,19,0,30,0,0
2016,12,19,1,30,0,0
2016,12,19,2,30,0,0
2016,12,19,3,30,0,0
2016,12,19,4,30,0,0
2016,12,19,5,30,0,0
2016,12,19,6,30,0,0
2016,12,19,7,30,10,10
2016,12,19,8,30,85,88
2016,12,19,9,30,163,227
2016,12,19,10,30,54,417
2016,12,19,11,30,56,466
2016,12,19,12,30,56,457
2016,12,19,13,30,211,298
2016,12,19,14,30,117,219
2016,12,19,15,30,69,71
2016,12,19,16,30,0,0
2016,12,19,17,30,0,0
2016,12,19,18,30,0,0
2016,12,19,19,30,0,0
2016,12,19,20,30,0,0
2016,12,19,21,30,0,0
2016,12,19,22,30,0,0
2016,12,19,23,30,0,0
2016,12,20,0,30,0,0
2016,12,20,1,30,0,0
2016,12,20,2,30,0,0
2016,12,20,3,30,0,0
2016,12,20,4,30,0,0
2016,12,20,5,30,0,0
2016,12,20,6,30,0,0
2016,12,20,7,30,14,14
2016,12,20,8,30,99,128
2016,12,20,9,30,48,309
2016,12,20,10,30,53,411
2016,12,20,11,30,56,456
2016,12,20,12,30,57,447
2016,12,20,13,30,53,386
2016,12,20,14,30,47,271
2016,12,20,15,30,33,124
2016,12,20,16,30,0,0
2016,12,20,17,30,0,0
2016,12,20,18,30,0,0
2016,12,20,19,30,0,0
2016,12,20,20,30,0,0
2016,12,20,21,30,0,0
2016,12,20,22,30,0,0
2016,12,20,23,30,0,0
2016,12,21,0,30,0,0
2016,12,21,1,30,0,0
2016,12,21,2,30,0,0
2016,12,21,3,30,0,0
2016,12,21,4,30,0,0
2016,12,21,5,30,0,0
2016,12,21,6,30,0,0
2016,12,21,7,30,15,15
2016,12,21,8,30,101,117
2016,12,21,9,30,157,210
2016,12,21,10,30,201,309
2016,12,21,11,30,222,340
2016,12,21,12,30,201,218
2016,12,21,13,30,137,140
2016,12,21,14,30,70,71
2016,12,21,15,30,37,38
2016,12,21,16,30,0,0
2016,12,21,17,30,0,0
2016,12,21,18,30,0,0
2016,12,21,19,30,0,0
2016,12,21,20,30,0,0
2016,12,21,21,30,0,0
2016,12,21,22,30,0,0
2016,12,21,23,30,0,0
2016,12,22,0,30,0,0
2016,12,22,1,30,0,0
2016,12,22,2,30,0,0
2016,12,22,3,30,0,0
2016,12,22,4,30,0,0
2016,12,22,5,30,0,0
2016,12,22,6,30,0,0
2016,12,22,7,30,6,6
2016,12,22,8,30,21,21
2016,12,22,9,30,69,70
2016,12,22,10,30,201,270
2016,12,22,11,30,195,301
2016,12,22,12,30,204,335
2016,12,22,13,30,65,374
2016,12,22,14,30,54,262
2016,12,22,15,30,39,119
2016,12,22,16,30,0,0
2016,12,22,17,30,0,0
2016,12,22,18,30,0,0
2016,12,22,19,30,0,0
2016,12,22,20,30,0,0
2016,12,22,21,30,0,0
2016,12,22,22,30,0,0
2016,12,22,23,30,0,0
2016,12,23,0,30,0,0
2016,12,23,1,30,0,0
2016,12,23,2,30,0,0
2016,12,23,3,30,0,0
2016,12,23,4,30,0,0
2016,12,23,5,30,0,0
2016,12,23,6,30,0,0
2016,12,23,7,30,15,23
2016,12,23,8,30,102,115
2016,12,23,9,30,54,299
2016,12,23,10,30,60,400
2016,12,23,11,30,62,450
2016,12,23,12,30,148,376
2016,12,23,13,30,162,320
2016,12,23,14,30,54,265
2016,12,23,15,30,78,85
2016,12,23,16,30,0,0
2016,12,23,17,30,0,0
2016,12,23,18,30,0,0
2016,12,23,19,30,0,0
2016,12,23,20,30,0,0
2016,12,23,21,30,0,0
2016,12,23,22,30,0,0
2016,12,23,23,30,0,0
2016,12,24,0,30,0,0
2016,12,24,1,30,0,0
2016,12,24,2,30,0,0
2016,12,24,3,30,0,0
2016,12,24,4,30,0,0
2016,12,24,5,30,0,0
2016,12,24,6,30,0,0
2016,12,24,7,30,4,4
2016,12,24,8,30,16,16
2016,12,24,9,30,31,31
2016,12,24,10,30,15,15
2016,12,24,11,30,126,128
2016,12,24,12,30,33,33
2016,12,24,13,30,115,117
2016,12,24,14,30,69,70
2016,12,24,15,30,44,113
2016,12,24,16,30,0,0
2016,12,24,17,30,0,0
2016,12,24,18,30,0,0
2016,12,24,19,30,0,0
2016,12,24,20,30,0,0
2016,12,24,21,30,0,0
2016,12,24,22,30,0,0
2016,12,24,23,30,0,0
2016,12,25,0,30,0,0
2016,12,25,1,30,0,0
2016,12,25,2,30,0,0
2016,12,25,3,30,0,0
2016,12,25,4,30,0,0
2016,12,25,5,30,0,0
2016,12,25,6,30,0,0
2016,12,25,7,30,11,11
2016,12,25,8,30,42,160
2016,12,25,9,30,55,300
2016,12,25,10,30,59,404
2016,12,25,11,30,61,455
2016,12,25,12,30,60,448
2016,12,25,13,30,56,389
2016,12,25,14,30,49,276
2016,12,25,15,30,34,130
2016,12,25,16,30,0,0
2016,12,25,17,30,0,0
2016,12,25,18,30,0,0
2016,12,25,19,30,0,0
2016,12,25,20,30,0,0
2016,12,25,21,30,0,0
2016,12,25,22,30,0,0
2016,12,25,23,30,0,0
2016,12,26,0,30,0,0
2016,12,26,1,30,0,0
2016,12,26,2,30,0,0
2016,12,26,3,30,0,0
2016,12,26,4,30,0,0
2016,12,26,5,30,0,0
2016,12,26,6,30,0,0
2016,12,26,7,30,15,22
2016,12,26,8,30,101,112
2016,12,26,9,30,60,291
2016,12,26,10,30,228,263
2016,12,26,11,30,245,270
2016,12,26,12,30,122,122
2016,12,26,13,30,60,60
2016,12,26,14,30,28,28
2016,12,26,15,30,44,113
2016,12,26,16,30,0,0
2016,12,26,17,30,0,0
2016,12,26,18,30,0,0
2016,12,26,19,30,0,0
2016,12,26,20,30,0,0
2016,12,26,21,30,0,0
2016,12,26,22,30,0,0
2016,12,26,23,30,0,0
2016,12,27,0,30,0,0
2016,12,27,1,30,0,0
2016,12,27,2,30,0,0
2016,12,27,3,30,0,0
2016,12,27,4,30,0,0
2016,12,27,5,30,0,0
2016,12,27,6,30,0,0
2016,12,27,7,30,4,4
2016,12,27,8,30,23,23
2016,12,27,9,30,135,145
2016,12,27,10,30,135,140
2016,12,27,11,30,154,161
2016,12,27,12,30,66,437
2016,12,27,13,30,124,321
2016,12,27,14,30,47,270
2016,12,27,15,30,34,129
2016,12,27,16,30,0,0
2016,12,27,17,30,0,0
2016,12,27,18,30,0,0
2016,12,27,19,30,0,0
2016,12,27,20,30,0,0
2016,12,27,21,30,0,0
2016,12,27,22,30,0,0
2016,12,27,23,30,0,0
2016,12,28,0,30,0,0
2016,12,28,1,30,0,0
2016,12,28,2,30,0,0
2016,12,28,3,30,0,0
2016,12,28,4,30,0,0
2016,12,28,5,30,0,0
2016,12,28,6,30,0,0
2016,12,28,7,30,6,6
2016,12,28,8,30,47,47
2016,12,28,9,30,117,118
2016,12,28,10,30,191,197
2016,12,28,11,30,198,202
2016,12,28,12,30,101,101
2016,12,28,13,30,202,304
2016,12,28,14,30,139,234
2016,12,28,15,30,39,130
2016,12,28,16,30,0,0
2016,12,28,17,30,0,0
2016,12,28,18,30,0,0
2016,12,28,19,30,0,0
2016,12,28,20,30,0,0
2016,12,28,21,30,0,0
2016,12,28,22,30,0,0
2016,12,28,23,30,0,0
2016,12,29,0,30,0,0
2016,12,29,1,30,0,0
2016,12,29,2,30,0,0
2016,12,29,3,30,0,0
2016,12,29,4,30,0,0
2016,12,29,5,30,0,0
2016,12,29,6,30,0,0
2016,12,29,7,30,6,6
2016,12,29,8,30,22,22
2016,12,29,9,30,60,60
2016,12,29,10,30,29,29
2016,12,29,11,30,7,7
2016,12,29,12,30,13,13
2016,12,29,13,30,14,14
2016,12,29,14,30,30,30
2016,12,29,15,30,49,49
2016,12,29,16,30,0,0
2016,12,29,17,30,0,0
2016,12,29,18,30,0,0
2016,12,29,19,30,0,0
2016,12,29,20,30,0,0
2016,12,29,21,30,0,0
2016,12,29,22,30,0,0
2016,12,29,23,30,0,0
2016,12,30,0,30,0,0
2016,12,30,1,30,0,0
2016,12,30,2,30,0,0
2016,12,30,3,30,0,0
2016,12,30,4,30,0,0
2016,12,30,5,30,0,0
2016,12,30,6,30,0,0
2016,12,30,7,30,9,9
2016,12,30,8,30,100,115
2016,12,30,9,30,57,297
2016,12,30,10,30,60,403
2016,12,30,11,30,51,51
2016,12,30,12,30,158,167
2016,12,30,13,30,185,280
2016,12,30,14,30,56,279
2016,12,30,15,30,64,64
2016,12,30,16,30,0,0
2016,12,30,17,30,0,0
2016,12,30,18,30,0,0
2016,12,30,19,30,0,0
2016,12,30,20,30,0,0
2016,12,30,21,30,0,0
2016,12,30,22,30,0,0
2016,12,30,23,30,0,0
2016,12,31,0,30,0,0
2016,12,31,1,30,0,0
2016,12,31,2,30,0,0
2016,12,31,3,30,0,0
2016,12,31,4,30,0,0
2016,12,31,5,30,0,0
2016,12,31,6,30,0,0
2016,12,31,7,30,7,7
2016,12,31,8,30,100,111
2016,12,31,9,30,157,179
2016,12,31,10,30,208,258
2016,12,31,11,30,216,348
2016,12,31,12,30,233,299
2016,12,31,13,30,186,303
2016,12,31,14,30,146,202
2016,12,31,15,30,84,92
2016,12,31,16,30,0,0
2016,12,31,17,30,0,0
2016,12,31,18,30,0,0
2016,12,31,19,30,0,0
2016,12,31,20,30,0,0
2016,12,31,21,30,0,0
2016,12,31,22,30,0,0
2016,12,31,23,30,0,0
